created_at,views,likes,category_clean,title_clean,content_clean
2026-08-14,0,0,아이템,헥환 8만 목표 과금 어느정도 해야할까요?,"계곡 시즌 끝나가면 헥환 8만 목표로 과금해보려고 하는데, 과금은 여기서 한 2500-3000억정도 더 하려고 합니다.(그 이후로 보스 천천히 즐기면서 헥환 올려보고 싶습니다) 1. 전반적인 방어구랑 장신구 어떻게 바꿔야할지 칠흑 18성 레에, 여명 22성 레에로 하면 될지 등.. 장갑은 에테 크주주 정도면 될까요? 전반적인 템셋팅 여쭤봅니다. 1-1. 거공이랑 루컨마 유에 윗잠 24퍼인게 좀 찝찝해서, 이거 윗잠 30퍼로 갈아끼워야할꺼요? 27퍼는 별로인가요 2. 제네 무기 에디 21퍼를 못띄워서 대적자 큐브로 띄누려 하는데, 무기랑 보조가 둘다 보보보 35.30.30이라 윗잠 돌려야할까요..? 그리고 엠블은 미트라 윗잠 공 24퍼에 크리 9퍼인데 공 30으로 바꿔야할까요(궁수라 크리도 유효한걸로 보이긴 합니다) 3. 저 과금 안에 조각도 사야할 것 같은데, 몇억정도 조각에 투자해야할지. 지금 자석펫은 주황버섯 1개인데, 사냥 자주 안하면 5석펫이나 야누스 만렙 안해도 되겠죠? 챌섭에서 야누스 20렙 수입해올 예정입니다. 4. 유챔이나 부캐 285작 안해도 되나요? 281 닼나랑 렌 있는데 해방만 해놨고 헥환 4만정도입니다."
2026-08-14,0,0,직업,유뇬작이랑 링크작하려는데,목표는 유뇬 8000++인데 테라/메가 버닝 부스터에 챌섭 2자리 정도 남아서 사냥 힘든애들 거기서 키우려는데 님들은 200작하면서 사냥하는거 누가 제일 힘들었었음??
2026-08-14,0,0,아이템,출석 보돌만 하다가 제대로 복귀해보려하는데 템셋 질문좀여,이거 뭐부터 손봐야할지 모르겠네여
2026-08-14,0,0,직업,부케소마 214 200 짜리두마리인데,부케 소마가 두마리인데 214 200 짜리 히어로키우고싶어서 근대 케릭터창 자리가없는데 1나지워도 지장없죠 ??
2026-08-14,0,0,아이템,템 가격좀 책정해주실분 계신가요ㅠㅠ,안녕하세요 메린이 질문드립니다..! 혹시 이 템은 팔려고하면 얼마정도가 적정가일까요?
2026-08-14,0,0,기타,컴터 자꾸 팅겨여,8기가램이라 그런가 이거 최적화 방법있나여
2026-08-14,0,0,아이템,제네무기 에디 고민 유니크 15 vs 레전 등업,게임 오래할거고 본케입니다. 템환 6만이구요.. 대적자 에디큡 돌리다가 레전 가버렸는데 레전 공 1줄 떠도 12%니까 무조건 등업이겠죠
2026-08-14,0,0,아이템,어떤게 더 좋은가요 직업운 렌입니다,원래눈 왼쪽옵션인데 오른쪽이 떴습니다 어떤게 더 좋을까요
2026-08-14,0,0,아이템,유챔 하드 세렌급 보조 스펙 질문 있습니다!,"복귀 유저라 유챔을 안해봐서 어느 급을 써야 될지 고민인데 혹시 이 셋 중에서 골라도 될까요? 방어구는 에테12 유에 둘둘에, 장신구 17 유에 둘둘 생각하고 있습니다! 무기랑 엠블렘, 헥사 강화는 2년전에 키웠던거랑 현재 이 정도 입니다. 레에 공21 뎀9 / 공9 - 13억 (관세 o) 레에 공21 보공30 / 공6 - 48억 (관세 o) 레유 공21 보공30 / 공15 - 71억 (관세 o) [이미지] [이미지] [이미지]"
2026-08-14,0,0,기타,동전꼽기가 운영정책 위반인지 여부,"메이플 인게임 자체 필터키 기능을 활성화한 상태에서 shift키에 5~10초 쿨타임을 가진 스킬을 등록한 다음, 동꼽으로 키보드 오른쪽 shift키의 눌림 상태를 유지하도록 하고, 그 상태에서 왼쪽 shift키를 2~3번 연타하면 제자리 1분 방지 룰을 무시하고 동꼽이 8분 이상 유지됩니다. 원래 캐릭터가 제자리에서 1분 이상 동일한 스킬을 반복하는 경우 스킬 사용이 중단되지만, 위 방법으로는 스킬의 시전횟수가 100회에 도달할 때까지 유지되는 것으로 보입니다. * *가령 쿨타임이 5초인 경우에는 5×100=500초(8분 20초)간 지속, 7초인 경우에는 7×100=700초(11분 40초)간 지속 위와 같은 플레이가 문제될 수 있을까요? 아니면, 이미 유저들이 널리 사용하고 있는 방법일까요? 첨언해서 위 게임 플레이 방식이 “권장되지 않는 플레이 방식”인지를 고객센터에 문의했을 때 “운영정책과 관련된 내용에 대해서는 명확하게 안내하기 어렵다”는 취지의 답변을 받았습니다. 따라서 일단 대다수 유저가 위 방식을 사용하고 있다면 큰 문제는 없을 것으로 생각되므로 질문 글을 남깁니다. [2026.8.14.18:15 추가] 질문 내용은, 단순히 동꼽이 운영정책 위반인지 가 아니라, 위와 같이 인게임 필터키(스킬반복입력향상)+shift키+짧쿨 스킬을 조합해서 사용했을 때 동꼽이 8분 이상 유지되는 것이 문제될 수 있는가 하는 것입니다. 일반적으로 단순 동꼽은 1분 이상 유지되지 않습니다."
2026-08-14,0,0,아이템,템 가성비 셋팅 질문,"천천히 템 한 부위씩 바꾸면서 환산 약 7만정도 노릴예정이고, 생각한 후보지는 1) 8에테 - 17성 유에 둘둘 2) 4에테 5앜 - 18성 에테 레전 2줄 + 18성 아케인 레전 3줄 이렇게 생각해뒀는데 가성비는 뭐가 더 좋고, 성장 가능성도 뭐가 더 좋음? 직업이 살짝 노잼시기라 다음 챌섭오픈하면 그냥 보스돌이로 전락할 가능성이 있을 것 같아서 고민 중"
2026-08-14,0,0,아이템,쿨뚝 샀는데 괜찮게 산걸까요?,관세 별도 75억주고 일단 샀는데 괜찮게 산건지 모르겠습니다 ㅜ
2026-08-14,0,0,아이템,하메 도전 메린이 인데 템셋 질문있슴다,여명 보장 유니크 18성 유니크 15퍼 에디 2줄 맞추고 무보엠은 미트라사먹는거말곤 거의 효율이 안나올 상태입니다 배율이 107퍼인데 여기서 120퍼까지 올릴려면 무슨템을 사는게 좋나요 직업 불독입니다
2026-08-14,0,0,몬스터,"하드메이린 환산 오르는거 평딜,준극이랑 오리진이랑 비슷하면",최소컷 깨려고할때 둘중 어떤거 올리는게 이득인가요?
2026-08-14,0,0,아이템,이번 마라벨 풀셋 가격?,피스 부위별 선택가능하고 마라벨 확률 올라간다했는데 그럼 풀셋 가격 어느정도 일까요? 저번마라벨은 풀셋얼마였나요?
2026-08-14,0,0,아이템,제네무기 추옵이랑 에디 건드려야할까요 ?,제네가 지금 에디 18퍼에 2추 +17퍼라서요... 여기서 업그레이드가 레전가서 에디 21퍼나 1추 + @를 해야 업그레이드가 되더라구요. 목표는 익스우 환산 60~70퍼정도로 계획중인데 무기는 그냥 스탑하고 다른부위들을 건드리는게 나을까요 ?
2026-08-14,0,0,아이템,플라즈마 하트 스페어 질문,"이번 챌섭부터 챌린저스 티어 보상으로 플라즈마 하트를 주는데, 그럼 이지 카링 잡았을때 주는 플라즈마 하트 강화권이 남는단 말이죠? 그럼 이걸 이벤트 출석보상으로 주는 페어리하트에 발라서 스페어로 사용가능할까요? 이번에 전례없던 일이라 가능한지 모르겠네요 혹시 해보신분들있나요?"
2026-08-14,0,0,아이템,메린이 하드메이린 목표 템셋 봐주시면 감사하겠습니다!,하드메이린 잡고 챌린저 달고 싶은데 템셋팅 뭐부터 올려야할지 감이 안옵니다ㅠ 도와주시면 감사하겠습니다. 현재 하메 배율은 94% 정도 나오는 것 같아요. ps.) 아케인심볼은 만렙 / 컨티 3렙 입니다. [이미지] [이미지]
2026-08-14,0,0,아이템,뉴비 아버 템 대체질문,직업은 렌이고 아버 끝나고나면 4에 5앜으로 가려고 합니다. 모상하 = 18 에테 / 레에 장신망숄 = 22 앜 / 레유 이정도가 비슷한 스펙이라고 들었는데 출석 보상으로 받을 18성 스타포스 강화권을 어떻게 써야할지 모르겠어서 질문드립니다. 닉네임 : 동전주중독 최종 목표는 다음 챌섭 전까지 환산 7만정도 찍을 예정입니다.
2026-08-14,0,0,아이템,18에테 22아케인 질문있습니다,현재 환산 7만정도 되고 모상하 22 카루타 레에 장신견망 18 아케인 유에 사용중입니다. 카루타는 가횟이 낮아서 바꾸기 좀 힘든 상황입니다. 슬슬 장신견망 스펙이 딸리는 것 같아 바꾸려는데 장신견망 18 에테가 나을까요 22아케인으로 가는게 맞을까요 둘다 레에로 살 생각인데 훈수 부탁드립니다.
2026-08-14,0,0,아이템,해방 질문있습니다,같은 헥환이라도 해방하고 안하고 딜 차이가 있나요?
2026-08-14,0,0,아이템,선생님들 헥사환산 몇을 목표로 잡아야할까요?,"현재 챌섭 아델 285 / 하메까지 클리어 본섭 유니온 8천, 예전에 하다가 최근 복귀했습니다 장비를 자주 갈아엎는걸 싫어해서 중간템 여러 번 거치기보단 오래 쓸 수 있는 세팅으로 가고 싶지만, 22에테 같은 최종급은 제외입니다. 보스도 좀 널널하게 치는걸 선호합니다.. 배율 130-160퍼대로 잡는? * 월 과금 약 100만(초반 템맞출때만) * 평일 3시간, 주말 끌리는대로 플레이 * 장기적으로 플레이 예정 이 조건이면 현실적으로 템 맞출때 목표 환산을 몇 정도로 잡는 게 좋을까요? 또 템 자주 안 바꾸는 방향이면 부위별로 어느 정도 급(17성/21성/22성, 에테/아케인/칠흑/여명 , 윗잠아래잠)까지 맞추는 게 좋은지, 템세팅 순서랑 우선순위 조언 부탁드립니다. 적정 목표 보스도 같이 말씀주시면 감사하겠습니다."
2026-08-14,0,0,아이템,메고수 형님들 해방무기 질문입니다!!,있는 재화 다 써서 제네무기 만들었습니다! 제네패스 마지막 벨로나 잡고 주는 코인을 어디에 써야 스펙업 확률이 젤 높을까요? 참고로 추옵은 2추 19퍼급이라 1추 7퍼 정도라네요! 조언 부탁드립니다!
2026-08-14,0,0,아이템,에테 장갑은 크주 vs 쌍크 어느게 가성비 좋나요,샤타길래 둘중에 하나 노작으로 사서18성 찍어주고 싶은데 어느걸 사는게 더 좋을까요? 쌍크가 좋은건 아는데 가격차이가 좀 있더라고요
2026-08-14,0,0,아이템,코디정보좀...,옷이 뭔가요 이거
2026-08-14,0,0,직업,템환 6.4 헥환 5.3 캐릭 버리려고하는데요,이거 다 벗겨가지고 다른캐릭템이나 맞추고 직변하려고하는데요 이거 유챔은해주고 버리는게낫지싶은데 유챔칼로스 88.24% 유챔세렌 154%나오는데 좀 더 투자해서 칼로스까지깨고 버리는게 효율이 좋은가요 아니면 그냥 세렌에서 멈추는게 효율가성비가 좋은가요?
2026-08-14,0,0,아이템,제네 추옵 윗잠 밑잠 중 우선 순위 부탁드립니다.,밑잠은 메소 써서라도 돌려야 할거 같고 윗잠이랑 잠재는 이벤트로 주는걸로 천천히 해도 될까요?
2026-08-14,0,0,기타,메린이 유니온 질문있습니다,"요번 챌섭으로 시작한 메린이 입니다! 슬슬 유니온작을 해야한다던데.. 제가 주캐릭은 렌이고 테라버닝으로 메르세데스, 은월, 레테를 200레벨 까지 찍어놓은 상황입니다 근데 여러 글들을 찾아보니 메르세데스에 250비약을 먹이라고 하더라구요... 이미 테라버닝으로 200레벨을 찍어놨는데 그냥 250비약 먹여도 될까요..?"
2026-08-14,0,0,아이템,헥환 5만목표 방향성 궁금해요,[이미지] [이미지] [이미지] 현재 템 세팅이구요 환산사이트에서는 장신구19성찍으라거 나와있는데 주에 약40억나옵니다. 5만목표로 템세팅하면 어느거부터 해야할까요?? 부탁드립미다 ㅜㅜ
2026-08-14,0,0,아이템,템환 10만으로 가고싶습니다..,환산사이트에서는 순서를 잘 모르겠어서. 메벤형님들꼐 질문드립니다.. 이벤트때마다 22 눌러보는게 나을까요? 아니면 새로 장비를 맞추면서 업그레이드 식으로 사야될지 해서요 첨에 목표는 8만이였어서 이렇게 셋팅하긴했는데 하면할수록 목표가 생겨서 꼬인듯합니다 ㅜ
2026-08-14,0,0,기타,챌썹뉴비 지금 시기에 패스 다 지를까요?,형님들 챌썹에 지금 이 시기에 캐릭생성 할라는데 제네 패스든 뭐든 다 질러도 괜찮겠습니까?
2026-08-14,0,0,기타,모멘텀 패스 플러스 누구 줄까요?,"본캐 284 아델, 부캐(챌섭) 280 레테입니다! 이번에 새로 나올 모멘텀플러스를 누구 주는 게 좋을까요? 제네패스+플러스를 본캐에 줘서 챌섭은 노해방입니다ㅠㅠ 혹시 챌섭을 주게 된다면, 지금 다이아까지 찍었는데 렙업하고 마스터 노려볼만할까요?"
2026-08-14,0,0,기타,유니온 크뎀40개찍으려면 유니온 몇렙되야하나요???,복귀유저라 ㅠㅠ 5800인데 크뎀 30개까지밖에 못찍어서 궁금해요 ㅠㅠ
2026-08-14,0,0,아이템,유입된 메린인 인데 이 이상 어떻게 스팩업을 해야할지 알려주세요!,[이미지] 제가 이번에 유입된 메린이인데 어떻게 알아보고 템셋팅해서 챌린저까지는 깼습니다! 근데 이 다음 템셋팀을 어떻게 해야할지를 잘 모르겠어서 메짱분들에게 문의좀 남기고싶습니다! 메달 2~30씩 쓸거같고요 지금의 최종목표는 림보에요 길게 할거같습니다!
2026-08-14,0,0,아이템,챌린저 찍어보고 싶은데 여기서 뭘 더 해야 할까요?,[이미지] 더 뭘 해야 할지 몰라서 질문 드립니다. 285 찍으면 엄청 좋다고 하는데 그건 불가능 할 것 같습니다.
2026-08-14,0,0,아이템,핵환 4.4 도미먹었는디,카에에잠 카유잠 붙이고 샤타때 17성찍기 vs 팔고 관세포함 46억에 레전 21퍼 프악공작 17성 도미 사먹기 머가 좋을까요 Q 제목: 뭐가 좋을까용 최대 1개 선택 가능 참가자: 70 명 26.08.15 02:55:59 마감 그냥 에잠 유잠 붙여서 써라 그냥 레전 작된거 사먹어라
2026-08-14,0,0,아이템,화에큐 사용처 질문,해방을 했는데 카에유잠을 바르고 돌리다가 레전띄우고 공24퍼를 띄워서 더 돌릴필요는 없을것같은데 그럼 이제 화에큐를 어디에 써야할지모르겠습니다. 다른템들 에디는 다 에픽이라 화에큐를 쓰는게 아까워서요
2026-08-14,0,0,기타,환산 질문,환산주스텟에 보스 배율에 관해서 궁금한게 있는데요 혹시 보스배율 풀도핑 기준인가요?
2026-08-14,0,0,아이템,챌섭 메린이 질문이용,오늘 보스 돌다가 거공 먹어서 총 48억 정도 있는데 어떻게 쓰는게 제일 나을까요? 이제 검마랑 세렌 정도 잡았어요
2026-08-14,0,0,아이템,요놈 에테장비에 바를수있나요?,에테르넬 모자장비에 이 에디에픽 주문서 바를수 있나요? 200제까지만 되는거죠?
2026-08-14,0,0,기타,mvp작,"형님들 이번에 유입된 메린인데 바로 레드 달아보려는데, 부티크 50셋 사서 팔고 물통 치는게 효율 좋나요??"
2026-08-14,0,0,기타,제네패스 지금 사도 되나요?,제가 메이플을 지금 시작한지 얼마 안됏는데 아이템버닝 방금 다 깨고 이제 제네무기 해방하고싶은데 아이템버닝도 다 연모로 공짜버프 다 받고 깬거라 또 애매하고 지금 제네패스 사도 될까요? 설명보니깐 막 혼자해야하는걸 6명이서 할수있다는데 지금 제네패스 안사도 지금 캐릭터에다가 나중에 또 재네패스 나오면 살수있는건가요? 지금 안사고 따로 본섭가서 하려그려면 많이 빡센가요?
2026-08-13,0,0,아이템,메린이 해방무기 질문,7월달에 늦게 챌섭합류해서 패스류는 다샀는데 대적자코인 어디에 써야할까요?
2026-08-13,0,0,아이템,이게 주흔15퍼작보다 좋은건가요?,이거 주흔15퍼작을 새로 해야될까요?? 아니면 그대로 쓰는게 나을까요??
2026-08-13,0,0,아이템,에테모자 에디에픽->레전 기대값 얼마인지 아시는분??,에디에픽->레전 띄우고 쿨감1줄 띄우려고 하는데 기대값이 얼마나 되나요??? 귀찮으시면 사이트라도 알려주세요 아무리 찾아도 모르겠어요 ㅜㅜ
2026-08-13,0,0,아이템,해방무기 제네플러스 코인 어떤거 할까요??,"해방무기 상태가 지금 이런데 블큐,화에큐,추옵 중에 어떤 걸 하는 게 좋을까요?"
2026-08-13,0,0,아이템,에테 18성 직작 vs 완작사기,이번 챌섭으로 유입된 뉴비입니다. 도전자 템 대체를 위해 상하의 에테 레전 21퍼 18성을 준비하려고 하는데 잠재만 되있는 걸 사는게 나을까요? 아니면 스타포스까지 완작되있는 걸 사는게 나을까요?
2026-08-13,0,0,직업,본캐 추천 부탁드리겠습니다....,"안녕하세여 챌섭 시즌2 유입으로 소소하게 메이플하고 있는 유저입니다... 아직 이적자는 못깼구여 ㅎㅎ 다름이 아니라 원래 렌 본캐로 즐기다가 이번에 레테를 본캐랑 비슷한 스펙으로까지 맞추면서 본캐를 뭐로 해야할지 고민이 좀 되네요. 둘다 애정이 가서 선택을 못하겠습니다. 주관적인 생각 말씀해주셔도 좋고 직업 티어로 말씀해주셔도 좋으니 많은 의견 부탁드리겠습니다!! Q 제목: 직업 추천! (종료) 최대 1개 선택 가능 참가자: 23 명 26.08.14 20:05:59 마감 득표순 답변순 레테 (82.6%, 19표) [이미지] 렌 (17.4%, 4표) [이미지] 투표가 종료되었습니다."
2026-08-13,0,0,아이템,경험치 도핑 질문드립니다,"추경(50%or70%), 3배or4배쿠폰, 익스골드, vip(경험치), 고농축or소경축비 이거 외에 또 먹어야되는 경험치 도핑있나요?"
2026-08-13,0,0,기타,형들 지금 링크캐 키울방법 없음?,저번에 렌 챌섭때 궁성비 안쓰고 접어서 렌만있고 텅텅비어있는데 링크캐 키우려니까 메가버닝이나 테라버닝도 안보이고 30부터 키울만한 이벤 없음?
2026-08-13,0,0,아이템,대적자의 큐브질문,무기에디유니크인데요 대적자의 큐브사용한면 스택해당됏요
2026-08-13,0,0,기타,메카베리 본캐vs부캐,본캐 297 (300목표) vs 부캐 286 (290목표) Q 제목: 메카베리 누구 줄까요 (D-1) 최대 1개 선택 가능 참가자: 16 명 26.08.16 19:00:00 마감 300을 위한 297 본캐 290을 위한 286 부캐
2026-08-13,0,0,기타,어빌리티 질문,직업은 아델입니다 승상님들 이거 그냥 킵하고 계속 써야하나여 아니면 서큘 20개 남겼는데 더 돌려야할까여
2026-08-13,0,0,몬스터,제네플러스 보스 연모6인으로 패도되나여?,연모 6인으로 패도 코인 받나요?
2026-08-13,0,0,아이템,메린이 해방무기 윗잠 질문,윗잠 돌리는게 나을까요? 제네 패스 플러스 사야하나 말아야하나 고민인데...
2026-08-13,0,0,아이템,보통 22성 도전자셋은 환산 몇만까지 끼나요?,다음 챌섭이 괜찮게 나온다면 1000억 정도 투자해서 진심 본캐 하나 해보려고 하는데 무기는 당연히 제네 무기로 갈거고... 도전자셋끼고 1000억 투자니까 환산 7만정돈 가능할까요? 보통 도전자셋은 환산 몇까지 끼는지 궁금합니다.
2026-08-13,0,0,기타,메린이 익스우 템세팅 질문,"작년 렌 유입으로 현재까지 키워온 메린이입니다. 익스우 솔플을 목표로 진행하고 있는데, 여기서 어떻게 더 가야할지 고수분들 조언 듣고자 질문글 올립니다. 현재 노말 칼로스까지 잡고있고 노적자는 120퍼 정도 나오네요 여명 유닠 15퍼 템들인데 27퍼 18성으로 쫙 바꿔주려하고있고, 아케인도 27퍼 18성으로 신견망 해주려고합니다 이외에 스펙을 더 올릴 길이 있을까요? 많은 조언 부탁드려요 ㅠㅠ"
2026-08-13,0,0,기타,대적자 3페 연습모드 여는 방법,대적자 2페 클리어 했는데 3페 연습모드가 안열려요... 3페를 깨야 열리는거였나요? 그럼 굳이 연습모드의 의미가 있나 싶기도하고... 2페는 어느정도되서 3페 연습만하고 싶은데 2페부터 깨야하네요...
2026-08-13,0,0,기타,깡통 200레벨에서 (노하버) 부스터,100개주는거 다쓰면 레벨 몇정도 될수있나요? 본캐바꾸고싶은데 하버를 써버려서요
2026-08-13,0,0,아이템,제네무기 윗잠 아랫잠 뭐돌릴까요...,대적자코인으로 돌릴건데 블큐살까요 에디큐브살까요 고수형님들 ㅠㅠ [이미지]
2026-08-13,0,0,기타,"헥사스킬올리기, 야누스30조각 모으기",헥환 41000정도 되는 레테입니다. 조각은 700개정도 있습니다 사냥은 퇴근하고 많으면 2시간 주말엔 4 시간정도 합니다 까불지 말고 헥사스킬이나 올릴까요??
2026-08-13,0,0,아이템,100억 정도 있는디,하메 106% 정도 나옵니다 [이미지] 어떻게 스펙업 하는게 제일 효율이 좋을까요... 리4컨3 일단 쓰는중입니다
2026-08-13,0,0,기타,레테 보조 질문드립니다..,현재 제네무기 윗잠 보보마 40/35/9 입니다. 레테는 무보 합해서 보공 두개있는게 괜찮다고 하여 보조 마4줄 사려고 하는데 가격이 어느정도인지 궁금하네요... 현재 경매장 계속 매물은 보고있는데 가격도 비싸고.. 마4줄 사도 괜찮은지 생각도들고.. 성수기라서 마4줄이 이가격인가요? 비수기 진입하면 보조가격 많이 떨어지나요..?
2026-08-13,0,0,아이템,섀도어 뚝,에테 뚝 35억에 쿨감 1초에 주스텟 2줄 / 아님 에테 뚝 45억 3초 가 좋을까요?
2026-08-13,0,0,기타,하드메이린 목표 템셋 좀 봐주세요 ㅠㅠ,[이미지] [이미지] [이미지] 10성이나 17성 장비들 다 18성 올리고 프악공작 완료해줄 예정입미다 조각도 300개 더 쓸 예정인데 배율 105이상은 맞추고싶은데 뮤ㅓㄹ해여할가요?? ㅠ 제네플러스 다태유ㅗㅆ는데 제네무기 3줄 안떴어요 ㅠㅠ
2026-08-13,0,0,아이템,에디 레전 천장 사용처가 고민입니다....,"[이미지] 짤과 같은 상태입니다. 현재 목표는 7만대 익스우, 흉성 솔플 도는걸로 잡았습니다. 그래서 무기 에디는 저 상태로 만족하고 쌓인 천장 스택을 모자나 장갑을 직작하는 방향을 생각했습니다. 옵션이 없는 모자장갑 레레가 120~130에 팔리고 있기에 등업만 쫙 뽑아가 이득을 볼까 합니다. 제가 지금 옳바른 선택을 하려는 건지, 더 나은 길이 있는지 조언 부탁드립니다."
2026-08-13,0,0,기타,펫 아무거나 사도 되나요?,펫 관련 영상도 보고 있는데 일반 펫이랑 자석펫이랑 많이 다른가요?? 일반 펫은 먹는 범위가 작아서 자석펫이라 불리지 않는건가요?? 디진라벨? 그것만 사도 메생에는 문제 없는지...
2026-08-13,0,0,몬스터,뉴비 하드메이린 찐모,"[이미지] 안녕하세요 하드메이린 저번주에 연모로 1분남기고 깨구 이번에 찐모 도전을해봣는데 메이린피가 5퍼정도 남더라구요 제가 딜을 못넣어서 이정도가 남는거겟죠?.. 직업은 제논입니당 도핑은 반빨별,전설영웅비약,VIP버프,슈퍼파워버프,세이람 이렇게 먹구 갔습니다"
2026-08-13,0,0,기타,챌섭리프,챌섭에서 키우고 있는 복귀메린이인데..이번에 리프하면 서버 어디로 갈지 고민입니다. 전에 키웠던 곳은 베라이고 자석펫 한마리랑 유니온 8천정도는 되는데..관세를 생각하면 스카니아로 가야될거 같이서요.. 메짱님들은 어케하시나여?? 베라섭으로 갈지 아님 스카니아로 갈지
2026-08-13,0,0,몬스터,보마 카링1페 질문 있습니다,"안녕하세요 보마 카링 초행입니다. 환산은 150% 정도 나옵니다. 현재 1페 연습하고 있는데, 질문이 있습니다. 1. 흉수 1극딜이 안나오는 경우 순서는 어떻게 잡는게 좋나요? 2. 흉수 본체 패턴의 경우, 선딜이 짧아 더블점프로는 피하기 힘들던데, 돌진기를 써야되나요? 보스랑 딱 붙어 있으면 패턴을 안맞을 수는 있는데, 거리가 벌어지거나 하는 경우에는 어떻게 피하는지 궁금합니다. 3. 혼돈의 경우 보마는 패턴 거리 밖에서 치는게 나은가요 아니면 딱 붙어서 치는게 나은가요?"
2026-08-13,0,0,아이템,궁금해서 그런데 왕예인 따려면 얼마써야됨??,진짜 순수 궁금 그래도 여기 상위 50%안에는 들거같은데 ㅋㅋㅋ
2026-08-13,0,0,아이템,크주잡 에테 스타포스 어디까지 올려야할까요?,이번주 샤타 라는 이야기가 많아서 크주잡 에테 샀는데 그냥 17성까지 올려서 쓸까요? 아님 대장장이? 맡겨서 18성 올릴까요?
2026-08-13,0,0,직업,직업 고민,부캐로 캡틴이랑 와헌 카이저 중에 키우고 싶은데 목표는 딱히 없고 그냥 꾸준히 키우고 싶은데 안질리는거로 하면 어떤게 나을까요..?
2026-08-13,0,0,아이템,100억으로 템세팅 질문,"진짜 아이템버닝도 없이 하이퍼버닝 보상만 있는 투혁 200만따리 렌 키우고있는데, 100억으로 템세팅 해보려고함. 어떤것부터 맞춰야할까? 선택과 집중해야하나? 아니면 공고루 올려야함?"
2026-08-13,0,0,기타,메 m 이거 차이가 뭔가요,하나는 펫 효과 적용되고 하나는 안되네요
2026-08-13,0,0,아이템,칠흑 보통 얼마정도 하나요?,"여명 4셋+ 미트라 쓰고 있는데 이지카링, 노말 칼로스, 대적자, 하드 메이린 이정도는 잡고 싶어서 칠흑으로 넘어가는 고민중인데 직작은 힘들거 같아서 완작이나 그정도 탬 사서 사용하고 싶은데 부위당 보통 얼마정도 잡고 세팅해야 될지 대략적인 가격이나 순서가 궁금합니다 지금 핵환4.3에 하드세렌까지 잡았습니다 [이미지]"
2026-08-13,0,0,아이템,무보 잇는상태에서 유챔 템셋팅질문점여,"리레4렙, 마도서, 하트 있는상태인데 여기서 하드세렌유챔 배율 한 130퍼이상으로 잡을려고하면 템 어느정도 급으로 맞춰야하나여??? 아니면 얼마정두 써야하나여... 엔버 유챔만 하고 버릴생각으로 교가템으로만 사려고하는데"
2026-08-13,0,0,아이템,보마 노말 칼로스 템셋 질문,닉네임은 리자몽사랑단 입니다. 노말 칼로스 까지 잡아보고 싶은데 템셋 조언 부탁드립니다. 배율은 최소 125 정도 나왔으면 좋겠습니다.
2026-08-13,0,0,아이템,제네무기 어디를 건드려야 될까요?,제네무기 아랫잠을 돌렸는데 주스탯공공 이렇게 떠버렸는데 다음 대적자 큐브를 화에큐를 받아서 돌려야되나요? 아님 추옵을 돌려야되나요? 추옵은 1추 12퍼고 아랫잠은 환산주스탯에서는 공21.8퍼급이라고 나옵니다..
2026-08-13,0,0,아이템,제네시스 코인 투자처 질문,안녕하세요 현재 챌섭 아란을 진심본캐 / 본섭 렌을 부캐로 상정하고 키우고 있습니다 [이미지] 아란은 현재 노칼/이카 라인이고 렌은 배율상 현재 이칼이지만 천천히 하세까지는 올려줄 계획입니다 현재 고민중인건 이번 제네시스 패스 코인 - 아란무기 추옵 or 렌 밑잠 입니다 심환불의 메리트와 가성비가 많이 좋나요?? 그렇다면 아란 추옵 보는게 맞는 거 같은데 정확히 모르겠어서 여쭤봅니다
2026-08-13,0,0,기타,챌섭 리프 질문,제가 오로라가 고향이고 유니온이 8500정도 되는데 이번 챌섭에서 키운 캐릭을 어디로 보낼지 고민입니다. 오로라를 유기하고 도시섭으로 보내서 새로 키우는게 나을까요 아니면 그냥 계속 오로라로 키우는게 나을까요? 챌등급은 현재 다이아고 곧 마스터 찍을것 같습니다.
2026-08-13,0,0,아이템,제네무기 추옵 질문,해방해서 추옵 돌리고 있는데 오른쪽 고르는게 맞나요? 전투력은 더 오르는데 왼쪽은 2추라
2026-08-13,0,0,아이템,초저자본 메린이 첫 제네시스 잠재 질문,메선배님들 안녕하세요! 오늘 메생 처음으로 제네시스 해방을 했습니다 ㅜㅜㅜㅜㅜㅜㅜ 어떻게든 열심히 메소 모아서 제네시스 레전드 띄우기는 했는데 현질해서 50억 메소 정도 쓰면 아래 이미지의 윗잠재보다 좋은 거 뜰 가능성이 낮나요? 35%랑 힘퍼 들어가니까 안 예뻐보이고 몬가몬가 싶어서 더 돌려보고 싶은데 50억은 너무 적은 거라 의미없는 지출이다 라고 하시면 그냥 포기하고 쓰려구요 [이미지]
2026-08-13,0,0,아이템,보마 300억이면 보조 엠블 몇줄가능?,ㅇㅇ?
2026-08-12,0,0,아이템,템환 9.2인데 데티해방까지 템셋 좀 봐주실 형님,있으실까요
2026-08-12,0,0,아이템,에테 스타포스 할만한지 아니면 사먹는게 나은지 궁금합니다.,"선생님들 안녕하세요 에테 스타포스에 대해 궁금한 점이 있습니다. 지금 장비가 22성카룻 앱솔인데, 메소 모은 다음에 풀에테18성 쌍레(쌍레면 별이 낮아도 살듯 싶네요) 맞추고 상하모견 ->장신망 순으로 21성이나 22성 올려줄려고 하는데 요즘에는 18성에서 22로 강화 잘 안하고 22성을 그냥 사먹나요 아니면 18성에서 22로 강화해도 괜찮을까요??? 아니면 에테 스타포스 말고 잠재 직작이 손해인지 궁금합니다."
2026-08-12,0,0,기타,제네 검마,제네 검마만 잡으면 바로 다음날 해방이 가능한데 어디서 다른 한분을 찾아야할까요.. 서버가 챌섭이 아니고 엘리 라서 더더욱 못찾는거 같아서요..
2026-08-12,0,0,기타,아 하드 메이린.. 개어렵다,배율 100펀데 안 잡힌다 미치겠다 원래 레테 입장극딜 약하게 들어가는건가? 나 4.2퍼 들어감 이거 맞음?
2026-08-12,0,0,기타,챌섭 챌린저 질문,"잡은 보스는 사진에 나오는 저 상태고, 현재 281렙 4.55만점, 전투력 딱 5000만입니다! 챌섭 끝나기 전에 챌린저 가능할까요?"
2026-08-12,0,0,아이템,윗잠 아랫잠중 어느거 돌려야하나요,윗잠 정옵뽑기 vs 아랫잠 3줄노리기 대적자 코인 다 박을생각인데 어디먼저 해야할지 고민입니다
2026-08-12,0,0,기타,어제 시작한 뉴비 제네패스,지금 262랩에 경험치패스는 구매했는데 제네패스사면 해방 가능할까요? 아이템버닝도 도전문장 부족할거같아서 패스사용 조금 해야할것같아요 계산기 보는데 성장속도에 따른 보스깨지는 시기를 몰라서 해방될지 안될지를 모르겠어요
2026-08-12,0,0,아이템,챌섭 챌린저 목표 템셋팅 관련 질문입니다.,"안녕하세요, 게임 소소하고 열심하게 있는 메린이 1입니다. 캐릭터 이름은 '검나옴' 이고, 현재 전투력 4500만 정도에 위치해 있습니다. 심볼 업그레이드도 다 끝나서 이제 슬슬 장비를 바꾸어보려고 하는데요. 현재 레잠 2개랑 유에잠 하나는 제네시스 무기랑 보조무기를 위해서 남겨놓은 상태고 (레잠을 어디에 쓸것인가도 사실 애매하긴 합니다) 이벤트로 받은 유잠 2개, 17성 강화권 2개가 남아있는 상황입니다. 프악공 바를 코인도 충분히 있고요 (프펫공에 넣을지도 고민이긴 합니다....) 아쿠아틱 -> 블빈마 or 파풀마 응축석 -> 트왈마 데아 시두스 -> 에스텔라 이벤트골클벨 -> 찐골클벨로 바꿔야할 것 같은데 ( 플라즈마 하트도 아직 8성이라 17성은 찍어야해요) 현재 메소는 일주에 15~20억? 이정도 벌고, 지금 가지고 있는 메소는 15억정도 있습니다. 챌린저스 서버 끝날때까지 재획, 연습 열심히 해서 하드 메이린 110~120퍼 정도로 깨는게 목표인데, 지금 스펙업 방향성을 어떻게 잡아야할지 고민입니다. 장신구부터 바꿔야하는데 이벤트 재화를 어디에다가 쓰는게 맞는건지, 어느부위부터 바꿔야할지 검색해보고 매물 검색을 해봐도 뭐가 이득인지 전혀 감이 안와서... 조언 부탁드립니다. 감사합니다! 3줄 요약 1. 현재 장신구 눈장 얼장 이어링 벨트 4개 교체 남았다. 플라즈마 하트도 아직 8성이고 보조 엠블렘 쓰레기다.. 2. 목표는 하드메이린 목표고 현재 유잠 2개, 17성 강화권 2개, 일주일에 20억메소정도 번다 3. 어떤 아이템을 뭐부터 바꾸는 것이 좋을까요? 감사합니다. 다들 좋은 하루 보내세요"
2026-08-12,0,0,아이템,대장장이 고견 나눠주실 메짱엉아들?,"저번 질문글 답변들 보고 별공포증이 살짝 도져서 경매장을 더 뒤져봤는데... 예상은 했지만 하루동안 매물 상태가 크게 달라지진 않네요 기댓값 좀 보수적으로 계산해도 별 올려쓰는게 여전히 싸게먹혀서 일단 별 달아줄생각으로 실성능 괜찮은 못난이애들 구해놨습니다. 근데 모 bj분 사이트 말고도 댓글로 알려주시는 사이트가 더 있는데 거기도 크게 더 비싸고 그렇진 않더라구요? 그래서 여쭤보고싶은건 제 스펙 기준으로 저템들이 45.5~46%정도 뽑아주는 잠재들인데 이런 친구들도 요새는 23성 달아줄만할까요? 22성따리 템들이면 그냥 이벤트 맛보는셈 치고 직접 눌러볼 생각이고, 23 달아줄만하다 하면 솔직히 편차가 좀 무서워서 대장장이 맡기려고 합니다. 많은의견 부탁드림다. [이미지] [이미지] [이미지] Q 제목: 22/23 최대 1개 선택 가능 참가자: 4 명 22 직접누르기 23 대장장이맡기기"
2026-08-12,0,0,퀘스트,10000마리 사냥 보약 마릿수가 다음 주로 이월 되나요?,이번 주 여행 가서 10000마리 사냥을 못할 것 같은데 이거 다음 주로 이월 되나요? 그니까 다음 주에 20000마리 잡으면 마약 50포인트를 받을 수 있는 건가요?
2026-08-12,0,0,아이템,뉴비 루컨마 시세 문의 드립니다..!!!,약 2일전 프라임을 단 뉴비 입니다 애디 멸망전 인트 33% 짜리 돌리다가 럭 866 나와서 팔고 다시 만들려고 하는데 시세를 잘 모르겠어서 이렇게 질문 남겨드려요 이정도면 혹시 얼마에 팔아야 팔릴까요 ㅠㅠㅠ [이미지]
2026-08-12,0,0,아이템,환산 7~8만 목푠데 다음 메소를 어디다 써야 해야할까요?,샤타 때 17성인건 다 18성으로 올릴 예정입니다. 무기 방무없는 3줄 vs 에디 21퍼 어디다 대적자코인을 써야할 지 모르겠네요. 보조를 건드리고 싶은데 3줄 뽑기 vs 에디 12%+@ 뭐가 더 쉬울까요? 엠블은 일단 너무 비싸서 미트라를 갈 생각이 없긴 합니다.
2026-08-12,0,0,아이템,무기 윗잠 돌릴까요,무기 보조 둘 다 35/30/9 인 상황인데 에디는 둘 다 21 완성은 했습니다 무기 윗잠 더 돌리는게 낫나요?
2026-08-12,0,0,기타,커믹 질문입니다!,커믹을 적용할때.. 커믹 적용된 헤어를 낀 다음에 > 바꿀 헤어의 헤어쿠폰을 적용하면 커믹 적용되는걸로 알고 있는데 헤어쿠폰 상태가 아니라 이미 헤어로 껴버린거라면.. 보유중인 다른 커믹을 바를 순 없는게 맞나요? 커믹하나값이 너무 비싸서.. [이미지]
2026-08-12,0,0,기타,풀드메 마췃는데 궁금한게있어요,풀드메 장만했는데 5줄 10줄인데 메획이 124 드랍이 224 24퍼식 왜 더오르는거죠?
2026-08-12,0,0,아이템,코인샵 코인 어디에 쓸까요?,"블랙보조 레전, 이벤트 유니크 엠블렘에 큐브 쓸까요? 아니면 새로 살까요?"
2026-08-12,0,0,기타,메이플 늦은 유입 뉴비 현시점 제네패스 질러도 될까요?,7월말쯤 늦게 유입되어서 현재 276렙이고 전투력 3100만입니다 (심볼 만렙은 아닙니다) 제네패스 지르는 게 맞는 선택일까요? 챌린저스 보상으로 받는 레잠을 교불 보조무기나 미트라 아닌 엠블렘에 지르는 걸 다들 꺼리는 분위기인 것 같아서요... 만약 지르는 게 맞는다면 제네패스 플러스까지 질러야 할까요? 고견 부탁드립니다 🥹
2026-08-12,0,0,아이템,하드 메이린 잡았는데,이번에 메이플을 제대로 시작해보려고 하는데 이 다음 스펙업은 어떻게 하는게 좋을까여? 일주일에 메제 대 채워서 일주일에 100억정도 벌구 다음 목표를 뭐로 해야할지 모르겠어서 다음 목표도 한번 잡아주실수있나여? 감가는 신경 쓰기는 해도 효율을 더 중요하게 생각해서 어떤거든 상관없어여 [이미지]
2026-08-12,0,0,아이템,제네무기 vs 미트라 에디,제네무기는 에디 유니크 15%구요 미트라는 에디 유니크 9%인데 챌섭 끝나기 전까지 에디 천장 치거든요 제네무기랑 미트라랑 뭐부터 등업시키는 게 낫나요?
2026-08-12,0,0,아이템,하드 메이린 깨고나서 스펙업 질문,현 상태인데 뭐부터 해야할지 모르겠네요 일단 샤타포스 오면 끼고있던것들 19성(하트제외) 달아줄거같긴한데 바꾸면 뭐부터 바꿔야할까요?
2026-08-12,0,0,직업,2분 설치기 직업,접기전에 5석펫 있었는데 루시드스킬이 나왔다고해서 기웃거리는 중입니다 기존에 사냥할때는 제자리에서 스킬 하나만 누르면 어느순간에 스킬이 안나갔었는데 혹시 지금은 평타스킬 안쓰고 2분짜리 설치기만 깔면 자동사냥 되는 직업이 있나요? 인벤에서 찾아보니까 패치해서 막혔다는 내용도 있어보입니다 ㅜㅠ
2026-08-12,0,0,아이템,데티목표입니다 조각 템펙업 고민입니다,지금 이상태인데 리.컨.5 몽벨. 커포.고근 22 아스트라22 언컨18 대충 이정도면 데티도전할만할거같은데 기운이 계속 넘쳐서 조각사서 헥사를 올리는게 나을지 템펙업이나을지 고민이되네요 ㅜ 조각이 지금 비싸기도해서 어떻게할지 고민이됩니다 조언 좀 부탁드립니다 형님들! [이미지] [이미지]
2026-08-12,0,0,직업,메린이 본캐 고민,이번에 처음 시작한 메린이인데 챌섭에서 처음 키운 캐릭이 별로 맘에 안들어서 교체하고 싶은데 겨울까지 기다려야할까요 아니면 본섭에서 250비약 먹이고 이리저리 후딱 키워야할까요? 어느정도 투자는 생각하고 있습니다 챌린저는 달성한 상태입니다
2026-08-12,0,0,아이템,선생님들 이거 어떤 거 선택하면 좋을까요?,뉴비인데.. 물어볼 데가 없어서 하염없이 창만 띄워 놓고 여기까지 왔어요..
2026-08-12,0,0,아이템,뉴비 쌍레보조 150억,마력 12 보공30 방무30 / 에디 보공18 보공12 마력9 150억 싼가요 레테인데 ㅜㅜㅜㅜ
2026-08-12,0,0,기타,챌섭뉴비 이제 당분간 템 건들지말고 헥사찍으면됨?,보조랑 무기추옵이 좀 아쉽긴한데
2026-08-12,0,0,아이템,챌린저 하고 싶은데 여기서 무보엠 바꿔주면 되나요?,"아직 검밑솔만 가능하고, 검마는 연습중입니다. 다른 보스도 아직 안가봤어요. 주말에만 사냥하고, 이틀 메제 채우고 있습니다! 블랙 보조 계속 쓸지 고민했는데 첫캐릭이라 이볼빙으로 바꾸고 새로 레전드 달아줄 여유가 없어서 계속 쓸 것 같습니다. 엠블렘도 레잠을 바를까 고민했는데, 미트라 가격이 떨어지는 것 같아서 15억까지 내려오면 살 것 같아요! (그냥 지금 살까요...) 1. 잠재를 어떻게 맞춰줘야 할지 모르겠어서 무보엠 마력/보공/방무 몇줄 챙겨야 하는지 궁금합니다 ㅜㅜ 2. 코인도 다 조각에 털어서 프펫마/프악마/하트매지컬작 못해주고 있습니다. 우선순위가 있을까요? 3. 악세 잠재 더 돌려야할까요? 4. 보스 하드 세렌/칼로스/대적자 등등 챌린저스 점수주는 보스 하드까지 다 잡아야돼요 ㅠㅠ?! [이미지]"
2026-08-12,0,0,아이템,챌섭에서 리프할때 템,챌섭 코인샵에 있는 검환불 사서 인벤에 있는 상태로 월드리프하면 캐릭터 공유 가능한가요? 검환불에는 월드리프 안된다는 문구가 없어서 질문 드립니다
2026-08-12,0,0,아이템,뉴비 50억으로 뭐해야 할 까요 ?,"현재 챌섭2에 10년만에 복귀했는데 메소로 뭘 사야할지 잘 모르겠씀다 현재 280 , 전투력 5500만 , 환산 41500 , 헥환 33900 여명 4셋 17성 해놓고 샤타 기다리는중이고 제네해방은 다음주에 합니담 사실 자석펫 때문에 메소 모으고 있던 거긴한데 지금 절대 사지 말라고 하더라구여 50억 메소로 가장 현명한 스펙업 알려주세열"
2026-08-12,0,0,아이템,메린이 하드메이린 잡으려면 어떻게 세팅해야 할까요…,[이미지] [이미지] [이미지] 6월에 처음 시작해서 지금까지 매일 몬스터파크 기타 등등 하면서 총 150을 썼는데… 아직 하드 메이린 잡기가 어렵습니다…(약 75퍼) 총 이제 50정도만 더 써서 하고 싶은데… 발컨이라 120퍼 정도로 맞출 수 있을까요…?
2026-08-12,0,0,아이템,메린이 한 100억정도 생기면,템환 55089 핵환45266인 메린메린입니다 갑자기 한 100억메소 정도 생길수도 있을 거 같은데 미트라 레 유 옵션있는거정도 사오기 어떨까요? 핵사가 좀 부실하다 들었는데 핵사먼저 하고 돈을 더 모을까요? 아님 다른 좋은거 있음 추천해주세요!! 레알밤제논 하메까진 잡았어요
2026-08-12,0,0,아이템,아이탬 이름이 궁금합니다,마을에서 저런 말풍선 띄우신분들이 좀 잇던데 지금 구할 수있는걸까요?? 아이템 이름이 궁금합니다
2026-08-12,0,0,기타,MVP작 할 때 질문,"부티크 티켓 33,000원 10개 묶음을 9개 구매 → 297,000원 17억메소에 9개 판매 → 153억 메소 내 메소 47억메소 보태서 라운지 메소 구매 업자에게 억당 1500원에 200억 판매 → 300,000원 회수 이렇게 해도 되나요?"
2026-08-12,0,0,아이템,메린이 엠블럼,이정도면 오래 써도 될까요?
2026-08-12,0,0,기타,어빌 카오스 서큘레이터 질문이요,1퍼가 부족한데 카오스 서큘레이터 40개 쓸까요??
2026-08-12,0,0,아이템,칠흑 아랫급에 별누르는건 요새 별로임?,우연찮게 자본이 생겨서 가엔링/데브/마이링 끼던거 44~6% 되는애들로 갈아끼려는데 덱스템으로 찾으니까 완성템은 매물이 걍 터진수준이라 ;; 계산기 대충 때려봐도 상위 70% 운만 되면 18~21 잠재 끝난거 사와서 샤타때 22다는게 싸게먹히는데 대장장이 있는 시점에서 그래도 직접 누르는건 비추하는편임? 복귀 얼마안돼서 옛날습관처럼 맨날 완성템만 사오려고 매물찾다보니까 대장장이 생각을 못해서 별을 단다치면 이번에는 직접 눌러야될거같긴함
2026-08-12,0,0,기타,메이플 그래픽설정 의견주시면 감사하겠습니다.,"지싱크 모니터 쓰시는분이나 안쓰시는분 전부 의견주시면 감사하겠습니다. 삼성 오디세이모니터 fhd 240hz (지싱크지원) 쓰고있고 컴터사양은 i7 12700k / 3060 ti / 램32기가 입니다. 다른게임은 지싱크쓰고있지만 메이플은 지싱크안쓰는게 낫다?라는것같아서 엔비디아제어판에서 메이플만 지싱크끄기, 수직동기화 응용프로그램제어, 저지연모드 끄기 이렇게 해놓고 인겜설정은 수직동기화,스마트ai보정 끄기로 해놨는데 혹시 지싱크모니터 쓰시는분들은 메이플에 지싱크 적용하시는지. 하신다면 엔비디아 제어판이랑 인게임설정 어떻게하셨는지. 지싱크모니터 안쓰시는분들은 또 어떻게 설정하셨는지 궁금합니다. 잔렉?이라해야하나 메이플이 부드럽지않은것같아서 최적의 설정값을 찾는중이라 고견 여쭙니다."
2026-08-12,0,0,아이템,120억에 샀는데 ㄱㅊ은가요??,주문서 작까지 되어 있어서 샀습니다 아직뉴비라 시세만보고샀는데 괜찮은가요??
2026-08-12,0,0,몬스터,안녕하세요 챌섭유입 뉴비입니다.,"열심히 돈 써가면서 현재 익스 스우(2인) + 노말 칼로스(솔플) 겨우겨우 다니고 있는 뉴비입니다. 직업은 배틀메이지이고, 헥사환산 55,383입니다. 노말 대적자까지는 솔플로 잡아보고 싶어서 열심히 스펙업 중이지만.... 이제 챌섭이 끝나가니 스킬링+방어구를 슬슬 사야할것 같애서 모은 메소를 어디에 상용할지 고민입니다 ㅠㅠ <고민사항> 1. 노말 대적자까지 잡았을 시 이득이 클까요? 2. 헥환 55,383 배틀메이지인데 템 한부위정도만 더 맞추면 헥환 5만7천점 정도로 바뀐다고 메이플환산 사이트에서 말하고 있네요.... 노말 대적자 배율도 117퍼센트 나오고... 잡을 수 있을까요? 딜을 잘 모르겠습니다 ㅠㅠ 3. 메이플이 너무 재미있습니다^^ 열심히 하겠습니다!"
2026-08-12,0,0,아이템,메린이 에디 레전 천장 어떻게 하는게 좋을까요,"에디 레전 천장까지 큐브 26개 메소 93번 남았습니다.... 이번주 목요일에 제네시스 패스 플러스 보상과 현상금 주화 상점 큐브 구매하면 화에큐 45?46?개가 생기는데 제네무기 등업시키는게 맞을까요? 21퍼 기댓값이 200회가 넘는걸로 알고 있는데 천장 쳤을 때 17개로 15퍼 이상을 띄울 수 있을까 싶습니다. 그래서 제가 생각하고 있는 상황 중 큐브를 어디다 쓰는게 가장 좋을지 조언 해주시면 감사할 것 같습니다. 현재 환산 55,935 헥환 46,768입니다 1. 이번주에 제네무기 등업 시키고 옵션을 못 뽑더라 생기는 화에큐 계속 박아서 언제가 띄운다. 2. 다음주 벨로나 보상까지 받아서 한 번에 돌린다. 3. 윗잠이 지금 공12보공40올스탯6인데 화에큐를 사지말고 블랙 큐브를 사서 3줄을 뽑는다. 4. 유니크 미트라를 사서 등업 시킨 뒤 판다. 5. 유니크 미트라를 사서 등업 시킨 뒤 직접 쓴다. (현재는 골드 메이플리프 엠블렘 방무35공18, 공9덱6) 6. 현재 쓰고 있는 엠블렘을 등업시킨다. 마지막으로 챌섭에서 리프하면 천장 채운게 사라진다고 들었는데 메소 등업 천장을 눈물을 머금고 버리는게 나을까요 아니면 메소로도 등업을 시키는게 좋을까요. 글이 너무 기네요,,, 고수님들 제발 도와주십쇼!"
2026-08-12,0,0,아이템,요즘 도미 작 어떻게 하나요?,방금 직접 캐온 도미 하드메이린 잡으려고 제가 끼려고하는데 요즘은 파편작 말고 프악공작 하나요?
2026-08-12,0,0,아이템,제네 추옵 질문입니다.,입력하는 방법을 몰라서 ㅜㅜ 질문드립니다 뭐가 더 좋을까요?
2026-08-11,0,0,아이템,컨티4렙이 점점 비싸지던데 챌 끝나면 싸지나요?,지금 하나 장만할까햇는데 36억에서 41억까지 올라버렷네요 지인분이 챌끝나면 싸질거라 참으라곤하는데 맞나해서 여쭤봅니다
2026-08-11,0,0,기타,유니온 제대로 적용되고 있는건가요,[이미지] [이미지] 48캐릭 200성비로 올려놨는데 왜 37밖에 적용 안되었다고 나오죠? 유니온은 42캐릭 높은캐릭순 아닌가요?
2026-08-11,0,0,퀘스트,선생님들 카웅 선행퀘 질문있습니다!,이번 챌섭에서 일주일 정도 된 메린이 입니다. 일일보스에 카웅이 있어서 잡기 위해 선행퀘(지구방위본부) 7개 진행했는데 보스 트라이가 잠겨있습니다. 왜 이런지 아시는 분 계신가요?? [이미지]
2026-08-11,0,0,직업,루미너스 윈브 중에 본캐 추천 부탁드립니다!,둘 중이 본캐 마지막으로 각잡고 키우려는데 어떤 걸 더 추천하시나요?? 체급은 어느정도인지 궁금하고 일단 목표는 익스우입니다만 후에 더 올라갈수도 있어요! 추천부탁드립니다! Q 제목: 본캐 최대 1개 선택 가능 참가자: 9 명 루미 윈브
2026-08-11,0,0,아이템,에디 레전 천장 질문입니다,화에큐로 214회를 채웠는데 여기서 화에큐를 한번 더 써야 등업이 되는거죠....?
2026-08-11,0,0,기타,보스방 드랍율이랑 일반 맵 드랍율이 다른가요?,이벤링 메획 40% 마이링 메획 20% 눈장식 쌍메 해서 40% 로 풀메소 채워놓은 상태에서 드랍율 올리려고 길마님한테 안경이랑 귀걸이 각각 메획 20씩 달려 있는거 받아서 갈아끼고 이벤링에 있던 메획40을 아드 40으로 바꿨는데 분명히 보스방에서 사냥세팅으로 바꾸고 유행 빨았을때는 173이었는데 (재획비x) 지금 유행 빠니까 193퍼가 나오네요. 버근가요?
2026-08-11,0,0,아이템,남은 대적자 코인 어디에 터는게 정배일까요,칼로스 보상까지만 받았는데 남은 코인으로 어디돌리는게 나아보이나요
2026-08-11,0,0,아이템,미트라 갈아타기 질문점요,현재 공 12 방 40 방 30 에디 공 21 매물1 공30 에디 공18(유니크) = 390억 매물2 공30 에디 공21 [525억 + 관세 52억 가량] = 577억 어떤걸 사는게 맞을까요? 아니면 그냥 지금껄로 조금 더 버틸까요? 환산은 6만 정도입니다
2026-08-11,0,0,아이템,아스트라 보조무기 질문있습니다.,현재 가지고 있는 보조무기인데 대적자 화이트 큐브를 쓰고싶어서 아스트라 1차 해방을 하고자 합니다 환산이 5.7이라 아스트라로 올려도 괜찮을까요??
2026-08-11,0,0,아이템,카에유잠 사기 vs 에디 메소 등업,미트라 에디 올릴 건데 가횟 깎이는 거 감안하고 카에유잠 살만할까요? 아님 걍 메소로 올리는게 낫나요 챌섭에서 지금 카에유잠 파는지도 모르겠긴 해요… Q 제목: 미트라 최대 1개 선택 가능 참가자: 9 명 카에유잠 메소 등업
2026-08-11,0,0,기타,"안녕하세요 메쌤, 메형님들 뉴비 질문 몇 가지만 해도 될까요?","안녕하세요. 메쌤, 메형님들 무더운 날씨에 평안하십니까. 7월 30일부터 챌섭에서 보마 키우고 있는 뉴비인데 몇 가지 자문을 부탁드리러 왔습니다. ※현재 상황※ - 레벨: 280(68%), 제네시스 무기퀘(스우, 흔적255), 메소: 3억 보유, 현질 20~30만원 가능 - 패스 및 패키지 구매 이력: 챌린저스 패스(exp, 프리미엄), 제네시스 패스(PULS는 해방 못해서 X), 웰컴 패키지 1. 챌섭 이벤트가 9월 16일까지로 알고 있는데 제 진도상 챌린저 티어는 갈 수 있을까요? 레벨은 280이고 보스는 노말 세렌까지 잡았습니다. 검마X 사진 첨부 드리겠습니다. [이미지] 2. 아이템 버닝에 메포 지르는 거 오바인가요? [이미지] 3. 울티마 작전 일지에 코인으로 유잠, 에디에잠 사려고 메포로 좀 뚫었는데 그만해야되나요 좀 더 뚫어야되나요? [이미지] 4. 지금 제 스펙 현 상황인데 템 맞추기, 6차 스킬 올리기, 잠재 손보기중에 어느 순서대로 해야 하는지 궁금합니다. [이미지] [이미지] 5. 마지막으로 제가 챌린저 티어를 가기위해 너무 많은 돈을 써야하고 비효율적이라면 다음 챌섭시즌을 노리는게 나을까요? 시간은 많고 월드리프를 해도 메이플을 계속 할 계획입니다. 관심 가져주셔서 감사드리며 메쌤, 메형님들께 인사 올리면서 글 마무리 하겠습니다. 좋은 저녁 시간 되시길 바랍니다. 감사합니다."
2026-08-11,0,0,아이템,챌섭 아케인셰이드 장갑 극추옵 질문드립니다,검환불 돌리다가 떴는데 극추라고 하는데 구글링해도 같은 옵션이 없어서 메쌤들께 여쭤봅니다 인트 149+6퍼 는 경매장 시세탭에도 없고 에테르넬이 있긴 하지만 구매하신다면 얼마정도에 팔릴까요? [이미지]
2026-08-11,0,0,몬스터,렌 하세 환산 118.7% 로 1초 남기고 잡게될 것 같은데...,렌 하세 환산 118.7% 로 1초 남기고 잡게될 것 같은데... 이러면 하드 메이린도 118.7% 정도로 해야만 잡을 수 있을 까요? 몬스터의 패턴과 맵 패턴이 하세보단... 암흑없는 메이린이 더 낮아도 될거 같은데....
2026-08-11,0,0,기타,하이퍼버닝 캐릭 삭제 고민,"메이플 챌린저스 서버에 하이퍼버닝 캐릭 만들었는데 직업이 마음에 안들어서 삭제하고 다시 만들까 고민 중이에요 레벨은 260이고 레벨업 보상은 250까지 받았어요 아이템버닝, 비욘드, 패스 결제는 안했어요 이 정도면 삭제하고 다시 만들어도 될까요? 메린이라 어느정도 손해인지 감이 안잡히네요"
2026-08-11,0,0,아이템,와헌 템셋팅 질문 드립니다.,"현재 템셋입니다. 특수반지는 잘못받아서 리레3에 컨티4에요.. 여명은 샤타때 18성 누를 생각입니다. 벨트랑 도미를 바꿔줘야 할 것 같은데, 도미를 먼저할지 벨트를 먼저할지 고민입니다. 칠흑까지 투자는 아직 모르겠어서 보장으로 가려구요 근데 18성 18퍼 정도로 해야하는지 22성으로 가야하는지 모르겠습니다. 몇성으로 갈지 정해도 템 보는 눈이 없어서 어느정도가 적정가인지도 잘 모르겠습니다. 의견 주시면 감사하겠습니다."
2026-08-11,0,0,기타,울티마 궁수 템 잠재,둘 중에 뭐가 더 좋은고야?ㅠㅠㅠㅠㅠㅠㅠㅠㅠㅠㅠㅠ
2026-08-11,0,0,기타,챌섭 실수로 나워 리프시켰는데 버닝없이 정축 여축30 가능할까요?,재목 그대로 입니다.. 나워 200렙짜리를 리프시켜버려서 공마30빠졌는데..버닝도 없습니다 제로 120짜리 걍 만들어서 사용하는거 밖에 방법없을까요?
2026-08-11,0,0,아이템,미트라 고민,챌섭에서 레테 미트라 사주려고하는데 마력 21퍼 방무 40퍼 130억 마력 24퍼 인트 9퍼 110억 마력 24퍼 방무 30퍼 170억 중에 고민하고있는데 어떤게 그나마 나을까요? 환산사이트에서 세부스펙효율 최종뎀퍼 더해봤을땐 12.41 12.61 13.32 정도로 나오는데 챌섭이라 나중에 본섭가면 방무 효율이 달라질꺼같긴해서요 가격차이가 좀 부담스럽긴해서 고민이네요 본섭 유챔은 ss하나뿐이고 아티팩트는 곧45랩이네요 유니온 9110이고요
2026-08-11,0,0,기타,도시섭이랑 시골섭 차이 심함?,맨 처음에 루나에 키웠는데 친구들이 스카니아에서 같이 하자고해서 스카니아에서 게임했는데 이새기들이 다 접었고 루나에 있는 코디템도 아깝고해서.. 시골로 리프고민중인데 차이가 심한가요??
2026-08-11,0,0,기타,첼섭 본섭 차이,첼섭 버프 차이가 심할까요? 유뇬9600인가 그렇습니다
2026-08-11,0,0,아이템,챌린저 찍고싶은 메린인데 향후 템셋팅 어떻게 해야하나요?,"안녕하세요, 이번에 소마로 메이플 시작한 메린입니다. 시작을 조금 늦게해서 이번주 목요일에 아버 최대로 뚫는 상황이고, 제네패스 구매해놔서 기간내 해방은 가능합니다. 현재 진힐라 하드까지 다 잡아두었고, 지금부턴 검마, 세렌, 칼로스, 이적자(?) 이렇게 잡아야 하는데 템을 어떻게 가야할지 모르겠어요ㅠㅠ 여기저기 검색해봐도 다 말이 달라서 헷갈리네요 현재 템셋은 스샷과 같습니다! 투력은 5500만에 목요일에 6천만 예정입니다. 300-350억까진 투자가능한 상황이라 진로좀 알려주시면 너무 좋을 거 같아요!"
2026-08-11,0,0,아이템,리레4렙,44억이던데 지금이 저점일까요? 사려고 돈 모으고 있는데 최대한 빨리사는 게 이득인가요?
2026-08-11,0,0,기타,메이플 쌩뉴비 질문드려요...,3일전에 시작했는데요! 어찌저찌 받을거 다 받고 ㄹ 필수라는 패스들은 산 상태에요 레벨은 267입니다 보스는 노말 카이 전까지 다 잡앗어요 1. 레벨은 사냥으로 280까지 계속 올리면 되는건가요? 몬스터 파크랑 일일퀘스트도 매일 하고 있습니다! 2. 챌린저스 월드 보상 받으려고 보스 잡다가 5번 정도를 연습모드 안하고 벨룸까지 보상을 받아버렷는데 이렇게 하면 안된다고 하더라구요..?ㅠ 제네시스 패스를 삿는데 보스를 그럼 뭐 잡아야하는지 궁금합니다... 유튜브 영상을 봐도 뭐가 뭔지 잘 이해가 안되가지고 답답하실 수 있지만 답변해주시면 감사하겠습니다ㅠㅠ
2026-08-11,0,0,아이템,레테 하드메이린 잡고싶은데 템좀 봐주세요 ㅠㅠ,[이미지] 본섭에서 주보돌이해서 대략 주에 25억씩 챌썹에 투자하고 챌썹주보돌이 이적자까지 13억정도 수입중인데요 다음템을 뭘로 맞추는게 헥환이 많이 올라갈까요? 직작은 별로안하고싶고 그냥 일시불로 구매할려고합니다. 지금 하메이린 배율 87퍼 나오고있습니다!
2026-08-11,0,0,아이템,제네 무기 추옵 질문드립니다,전투력 차이가 나도 1추가 맞나요? [이미지]
2026-08-11,0,0,기타,메린이 부캐 주보돌이 수입 질문입니다.,부캐 주보돌이 4100만 투력 보마있는데 검밑솔보스들 하드로 다 잡을때랑 그냥 노말로 잡을때랑 전체적인 결정석값이 2억정도밖에 차이가안나던데 정신건강을 위해서 노말로 그냥 계속 잡는게 좋을까요? 물론 칠흑 득템하면 개이득이긴한데 4100만따리라 한마리한마리가 너무 오래걸려서 손가락이 너무 아프네요 ㅠㅠ
2026-08-11,0,0,아이템,에테 레전23% vs 유닠24%,유닠24%가 레전23%보다 10억이 더 싼데 그래도 레전을 가는게 맞나요?
2026-08-11,0,0,아이템,챌섭 스펙업 어떻게 할까요? 미트라? 보장?,"직업은 렌이고 렙 282, 이칼까지 잡아서 마스터 달성했습니다. 챌섭 마지막까지 천천히 해서 챌린저 보고 싶은데, 템세팅을 어떻게 해야할까요? 이벤트 큐브가 많이 남았고, 70억 정도 있습니다. 잡레전 미트라가 관세포함 50억이던데 이거 사서 에디에잠 바르고 블큐, 화에큐 던져서 옵션 뽑는 게 맞는지(한달 더 기다리면 조금 더 떨어질거 같아서..) 보조 레유 2줄짜리 사는게 맞는지 장신구 18성 파풀마, 18성 골클벨 사고 다른 장신구 18성 달아 주는게 맞는지.. 현질을 안하고 플탐도 짧아서 차곡차곡 메소 모으는 중이라 과감하게 못쓰겠네요. 이런 상황에서 가장 효율적인 스펙업이 뭘까요?"
2026-08-11,0,0,아이템,스펙업 하고싶은데 당장 바꿧으면 부위좀 진단부탁드립니다,[이미지] [이미지] [이미지] [이미지] 챌섭이고 본캐입니다. 단계적으로 스펙업 하고싶은데 어느 부위부터 바꿀까요 저는 일단 22마깃쌍레 보조랑 엠블 마51로 바꾸고싶긴한데 추천 부탁드립니다. 본섭에 유니온 8500조금 넘고 유챔은 하나도 없습니다.
2026-08-11,0,0,아이템,챌섭 유입 메린이 템 진로 고민입니다 !!,안녕하세여 챌섭 유입 메린이인데여 환산 5만에 284렙 듀블이에요 담주에 285 찍을거같은데 그 후로 템을 뭐부터 맞춰야 할지 고민이에요 ㅜㅜ 닉네임은 콩윤영 이에요 목표는 계속 꾸준히 하면서 일단 7~8만 찍어보고 싶어요 [이미지] [이미지] [이미지] 대충 템은 이정도고 한 200억선으로 바꿀거같은데 1. 에테 크장갑 사기 2. 여명 장신구 레전이나 스타포스 높은거로 바꿔주기 3. 칠흑 2~3개 사기 이중에 고민중이거든요 다른 선택지도 고려중이고.. 조언 부탁드립니다 !!
2026-08-11,0,0,아이템,"익스우, 노흉 목표 템 진로 질문좀요","현재 목표는 익스우 노흉 솔플입니다. 방어구는 챌섭 초반에 방어구가 많이 저렴해서 윗잠 21~24%로 구해왔습니다. 드메 + 보스 수익으로 지금 장신구들 천천히 맞춰나가는 방향으로 플레이 중입니다. 마이링은 샤타때 22성 달아줄 생각입니다. 지금 생각하는 순서는 주스텟 합40% 22 여명, 보장 저렴한 거 가져오면서 구매할 생각이고 그 후에도 만약 스펙이 부족하다면 방어구들을 윗잠 27~30%로 갈아타거나 에테들로 교체해줄 생각인데 괜찮은 방향일까요? 추가로 메멘토 골드큐브는 어디다 사용하는게 좋을까요?"
2026-08-11,0,0,기타,하드 메이린 잡고 챌달고싶은데 뭘 건드려야할지 막막합니다.. ㅠㅠ,"현재 89.4퍼 나오고.. 아직 통찰력 100을 못찍어서 통찰력 100을 찍는다면 94퍼쯤 오를듯합니다. 장갑 주흔작, 17or18성 갈 예정입니다.. 그래도 배율이 많이 딸리네요.. ㅠㅠ 렙은 283입니다. 결계는 레전결계고 헥사떡작 3렙까지 되어있습니다."
2026-08-11,0,0,기타,챌섭 떠날까요?,"요번에 템 다 처분하고 남은게 4석펫 검밑솔 투력인데 본섭까면 그래도 5석펫, 20 야누스인데 그냥 가성비 드메세팅하고 조각만 캐는게 효율적이지 않나 고민드네요"
2026-08-11,0,0,직업,살짝 과부화 오는데 방향성 한번만 잡아주실분..?,진짜 열심히 달렸는데 이제 딱 과부화가 와서.. 뭘 건들여야 할지 진로가 안잡히네요.. 일단 데브는 30%에 18사서 직작으로 21까지 올릴생각이고 에스텔라는 커포링 으로 바꿀생각인데 벨트도 .. 어떻게 해야할지 모르겠고.. 아이템 버닝도 끝나는거 대비를 언제부터 해야할지 고민입니다... 진로나 방향성 좀 얘기해주실분 있나요.. ㅠ 일단 목표는 노흉
2026-08-11,0,0,아이템,메린이 해방무기 에디 돌리는게 좋을까여,요거 돌리다가 유니크 이렇게 떳는데 돌리고 레전 보는게 맞을까여 행님들 도와 주십쇼 [이미지]
2026-08-11,0,0,몬스터,앞으로 뭘 건드리는게 좋을까요 ?,하드세렌까진 잡았구 285전에 하메까지 잡고싶은데.. 뭘 더 올리는게 가장 나을까요 ? 모멘텀패스까진 사놔서 그냥 285 기다려야할까요 ㅠ [이미지] [이미지]
2026-08-11,0,0,아이템,챌섭에서 챌린저 찍은 뉴비인데,챌린저 찍으려고 에테르넬 장갑 인13 크뎀8짜리 구매해서 사용중인데요 현재 방어구들 천천히 맞추려고하는데 3에테 4케인으로 넘어가려면 유튜브들 둘러보다 에테르넬 기존 장갑을 팔고 아케인껄로 바꾸는걸 추천한다해서요 가위로 잘라서 내놓고 아케인 장갑으로 다시 구매해야할까요
2026-08-11,0,0,시세,뉴비 진짜 이해안가는데 챌섭매물이요,어비스헤어는 작년? 마라벨로 알고 있는데 챌섭은 이번에 열린거자나요 챌섭 캐릭으로 검색한건데 시세탭에 같은 월드매물이 어떻게 있는건가요?? 지금 챌섭에도 교환가능 어비스 쿠폰 가지고 있는 분이 있을까요 ?? 계속 시세탭보면 같은월드 매물로 몇개씩 풀리던데 이해가 안가요 ㅠ
2026-08-11,0,0,아이템,렌 보보보 괜찮아요??,보조까지하면 5줄이 돼버렷는데ㅠㅜ 공공공 또는 공공보 노려볼가요?
2026-08-11,0,0,아이템,레테 하드 메이린 까지 가야되는데 템상담 좀 해주세요,[이미지] 281렙 레테 입니다. 빨리 억 찍고 하드 메이린 잡아야 되는데 뭘 바꿔야할지 모르겠습니다
2026-08-11,0,0,기타,복귀 뉴비 진짜 망했어요,오랫만에 메이플 하고 싶어서 원래 키운던섭에서 키웠는데 아이템버닝이라는걸 이제 알아서 260까지 키우고 몹들이 원킬이 안나요 회생방안좀 알려주세요 간절함...
2026-08-11,0,0,아이템,챌섭 뉴비 하드메이린 잡고싶은데 스펙업 질문,[이미지] [이미지] 직업 레테 레벨 283 무보엠은 위에 사진대로고 방어구는 도전자 풀강 장신구는 여명4셋+도미+파풀마+분자벨 전부 18성 + 윗잠 15퍼 + 아랫잠 마10or인트4퍼 하트 플라즈마 18성 윗잠 15퍼 + 아랫잠 마21 펫장비 3개 다 프펫마 풀강화 결계 레전8강 헥사 조각1955개씀 이 스펙인데 전투력 1억400만정도고 헥환 43000에 하드메이린 87.3퍼 뜨네요.. 레벨 284찍고 하드메이린만 잡으면 챌린저인데 여기서 가성비 스펙업 뭐 해야할까요?
2026-08-11,0,0,아이템,레테 제네시스무기,안녕하세요. 이번 시즌에 처음 메이플 시작했는데 제네시스 무기 옵션이 이정도면 괞찮은지 아니면 큐브 생길 때 마다 자꾸 더 돌려야 하는지 궁금해서 올려봅니다.
2026-08-11,0,0,아이템,챌섭 아케인 쌍크 장갑 팔아야되나요 ? 메린이 템세팅 방향성 한번 잡아주시면 감사하겠습니다.,"챌린저스3 진끼이 아케인 법사장갑 돌리다가 크크인8% 3줄 장갑이 나왔는데 계속 업글하면서 가야될지 팔고 보조 엠블이 하나두 안되어있어서 팔고 보,엠 바꿀지 장갑은 그대로 냅두고 달마다 과금할때 엠블 보조 한부위씩 맞춰야될지 잘 모르겠어요 목표는 쭉 지금 대적자 105%라 트라이하고 있고 상위 보스들도 스펙 도달하면 트라이하면서 한달에 20정두 과금하면서 할 생각이에요 환산 목표이런건 잘 모르겠어요"
2026-08-10,0,0,기타,메이플 지금 복귀 괜찮음?,버닝 9월16일까지인것같긴한데 괜찮나요? 뭐 챌린저스월드니 뭐니 많이 생겼던데 혹시 스펙이나 챌린저스월드 티어 어디를 목표로 보고 해야 현실적일까요? 현질은 일단 좀 키워보고 해볼 생각입니다
2026-08-10,0,0,아이템,에테르넬 장비 추옵 질문,도전자 대신 18 에테르넬 직작해서 쓰려고하는데 이벤트환불로는 몇급정도 뽑아쓰면 될까요? 그리고 팔수있는건 어느정도 몇급부터 팔리나요?
2026-08-10,0,0,기타,3일차 뭐해야할지 모르겠어요 메쌤들 좀 도와주세요,3일전에 시작한 완전 쌩 뉴비입니다 버닝받고 버닝비욘드까지 해서 262렙까지 올렸습니다 다른데 찾아보니 아이템버닝 보스들을 깨면서 아이템버닝 템들만 껴도 자연스럽게 스펙업 된다는데 노말스우는 깼는데 루시드에서 딜이 딸려서 아이템버닝 진행이 안됩니다 이거 깰려면 분명 스펙업을 해야할텐데 뭘 어떻게 스펙업을 해야할까요? 도와주세요 마쌤들ㅠㅠ [이미지] [이미지] [이미지] [이미지]
2026-08-10,0,0,직업,메쌤들 제네무기 잠재 선택 도와주세요,"챌썹 레테 뉴비인데, 제네무기 윗잠재 보보방 = 35/30/30 마마크 = 12/12/9 뭐가 더 나을까요! [이미지]"
2026-08-10,0,0,기타,자석펫 스카니아에 있으면 스카니아로 리프해야겠져?,원래 스카니아에 키웠고 이번에 복귀하면서 챌2에 키우고있습니다.. 근데 친구랑 같이 시작하면서 친구가 다른 서버에서 키우고 있어요 친구가 베라오면 템도 좀 싸게 준다고 하긴 했고 스카니아는 조각값도 싸다고 하더라구요 재획도 하루에 2시간 이상씩은 하는 편이라서요.. 스카니아는 유니온 6600입니다... 친구가 가고싶은 곳으로 가라는대 어떻게 해야할까요 선생님들은 어떻게 하실것 같나요??
2026-08-10,0,0,기타,님들 링크 3렙 찬란한영웅의 증거 질문 있습니다,제가 본섭 본캐 카인 284렙이 있고 챌섭 이번에 챌린저 최소컷하려다보니 부캐 아델을 먼저 285렙 찍었는데 질문1. 챌섭에서 아델 찬란한영웅의증거 얻으면 공짤로 얻는거 본섭에서 본캐 285 찍으면 못얻음? 아니면 본섭 공짜 1개 / 챌섭 공짜 1개가 되는거임0 질문2. 이거 285를 카인으로 찍었으면 찬란한영웅의 증거를 200렙짜리 엔버한테 줘서 먹이면 200렙 엔버도 링크가 3렙 되는건가요? 질문3. 285 캐릭 하나씩 더 키우면 찬란한 영웅의 증거 1개씩 계속 받을 수 있는거임?
2026-08-10,0,0,아이템,카레잠 카에유잠 제네무기에 쓰는거 괜찮죠?,다음주면 해방인데 제네무기가 1순위인가요?
2026-08-10,0,0,기타,메쌤 도와줘요,챌3서버에서 2계정 키우고 있고 본캐 히어로 다 아버 세트에 284에다 하메 104쯤 나옴 부캐 비숍은 사파이어 이제 찍었는데 챌섭보상 카레잠x2 카에유잠 이거 어따쓰는게 가장 효율 좋을까요? 2개 생각한게 판매 아니면 카레잠 다 장신구들 20퍼만들기인데 어떰? 판매시세는 얼마일까요?
2026-08-10,0,0,직업,헥사 스탯 질문입니다,메이플 환산 사이트에서 헥사순서에 떡작 하라는데 3줄 뭐 해야 하는지는 어떻게 보나요?? 직업은 제논입니다
2026-08-10,0,0,시세,데브펜24성 시세,데브펜24성 시세 어케되나요?
2026-08-10,0,0,직업,에픽던전 본캐랑 285작 누구 위주로 해야할까요?,"현재 본캐 290 부캐 285 1개뿐인데 현재 285작 하고잇는게 282 ,275인데 에픽던전을 282에 악몽선경 275에 앵컴 본캐 하이마운틴이 나을까요? 본케부터 악몽선경을 주는게 좋을까요?"
2026-08-10,0,0,직업,"헥사코어 강화할때 ""최종뎀 효율"" << 이게 뭔가요?",[이미지] 대충 그만큼 쎄지는걸로 알고있었는데 헥사스텟3 떡작이 기운이랑 조각 훨씬더 많이먹는데 왜 스킬코어 하나 강화하는거보다 낮나요?
2026-08-10,0,0,아이템,미트라의 분노 잠재 스크롤 안됌,미트라의 분노를 사서 카르마 에디셔널 에픽 잠재능력 스크롤을 바를려고하는데 이렇게 뜨고 안발라져요 이거 어떡해요
2026-08-10,0,0,아이템,챌섭 챌린저 찍었는데 미래 고민되네여,"지금당장의 템환은 5.66인데, 본캐로 키울거고 8만목표로 삼고있어요. 챌린저도 찍었고 장신구들 전부 팔고 22성여명or18칠흑 한두개 사거나 미트라 살지 지금 템 끼고 메소 파밍하면서 미트라 쌍레전 사올지 고민되네여"
2026-08-10,0,0,아이템,챌섭 스펙업 뭐부터해야할까요?,"현재 헥환산4.14입니다 늦게 시작해서 도전자셋은 아직 21성이구요 제네플 이적자까지 잡고 큐브돌렸는데 아직 저상태입니다 현재 현질해서 100억있고, 추가로 50억정도 더 할 생각 있습니다 우선적으로 바꿔야될부위or무기잠재 말씀해주시면 감사하겠습니다 에디 레어인 부위는 에픽에잠써서 1,5~2줄 띄어줄 생각입니다"
2026-08-10,0,0,몬스터,카링 168배율인데 할만한가요,이게 뉴비 절단기라고 들었는데 영상보니까 뭔가 머리가 아파질라는데 할만한가요 이거? 직업은 캡틴입니다
2026-08-10,0,0,기타,캐릭 살려서 주보돌이로 쓰려는데,님들 같으면 어디까지올림? 직업은 12움임
2026-08-10,0,0,몬스터,검마 배율 181%인데 이거 잡히는거 맞나요..?,방학이벤트마다 철새마냥 복귀하는 뉴비아닌 뉴비입니다.... 이번챌섭에서 레테 키우는 뉴비인데 해방 1주일 앞당기려고 이번주부터 하루 1~2시간씩(주말은 3시간) 투자해가며 검마랑 싸움중인데 3페에서 계속 좌절하네요.... 130퍼 150퍼에 유튜브 & 공략봐가면서 깨셨다는 뉴비분들도 상당히 많던데 제 손이 문제인가봐요 ㅠㅠ 유튜브에서 레테 에겐빌드도 따라해봤는데 저는 왜 뺨따구 맞고 데카 갈리는게 반복되는지 모르겠습니다.... 혹시 대표적인 팁외에 나만의 비밀 팁같은게 있으시면 제발 부탁좀 드려요 ㅠㅠ
2026-08-10,0,0,아이템,챌섭 블큐 화에큐 사용처 및 챌 달성 질문,"[이미지] [이미지] 안녕하세요. 4년만에 복귀해서 오랜만에 재미있게 하고 있는 복귀 유저입니다. 제네 플러스 패키지를 제외한 모든 패스류 구매를 했고 현재 레벨은 285, 환산주스탯 사이트 기준 9700만 레테입니다. 템은 아래와 같고 오늘 노말 세렌을 잡아서 7만점 달성해서 블큐 50개 화에큐 30개를 쓸 수 있는데 어디에 활용해야 제일 좋을지 고민이 되어 이렇게 조언을 구하게 되었습니다. 모은 메소로 제네무기 3줄을 노려봤는데 정말 안 떠서 계속 여기에 던지는게 좋은지 의문입니다. 엠블은 방무밖에 안뜬다고 들어서 현재 마력 두줄로 두는게 맞는 것 같기도 하고.. 두번째 질문은 앞으로 챌섭 남은기간 이벤트 재화 및 보스 드랍 큐브로 장신구 윗잠 15퍼 아랫잠 2줄 프악공작 17성 천천히 완성하고 하트도 플라즈마로 올려서 매지컬작 17성 달아줄 생각입니다. 이렇게 완성하면 하드메이린 최소컷은 달성할 수 있을까요??"
2026-08-10,0,0,아이템,제네시스 무기 추옵 궁금해요,"공마 1추는 네이버에 많이떠서 알겠는데 궁금한거 질문드립니다. 1.보공,데미지,스텟,올스텟 1추 2추 수치가 궁금해요 2.보뎀올 많이들어봐서 이게 종결옵션인건알겠는데 보+뎀+주스텟도 보뎀올로 치는건가요?? 그리고 보+뎀+올+주스텟 이렇게도뜰수있나요 3. 데스티니 무기로 각성하면 각 몇씩 오르는지 궁금합니다."
2026-08-10,0,0,퀘스트,메잘알 선배님들 질문,"안녕하세요 이번에 제네 패스 구매한 뉴비 친구 해방퀘 흔적 쌓는거 도와주려 하는데 궁금한게 있어서 질문 드립니다. 1. 기사(제네 해방 이미 완료)랑 흔적퀘 진행 중인 뉴비랑 같이 보스 클리어할 경우, 뉴비한테 정상적으로 (흔적 x 3) / 2 만큼 들어올까요? 아니면 기사도 해방퀘 및 제네패스 구매해야 인정될까요? 2. 만약 아니라면, 흔적이 아예 안들어오는건가요? 날씨도 더운데 다들 시원한 물욕템 많이 뜨시길 바랍니다!"
2026-08-10,0,0,기타,챌섭 쌩뉴비 여러 가지 질문 드립니다 !,"안녕하세요. 최근에 챌섭으로 메이플 시작한 완전 뉴비입니다. 최대한 유튜브에 검색해서 공부하면서 하고 있는데 궁금한 점이 몇가지 있어서요. 1. 5차 스킬을 찍고 있는데 일단 직업 코어 4종은 다 찍었고, 강화 코어를 찍는 중인데 V 포인트가 너무 모자라요. 코어 젬스톤을 직접 파밍하려고 사냥을 뛰어도 젬스톤이 엄청 안 모이는데 옥션에서 구매하는게 답인가요 ? 2. 챌섭은 캐시샵에서 아무 것도 구매할 수 없나요 ? 캐시샵에서 뭘 사려니 챌섭 운영 기간 종료 시 월드에 남아 있는 캐시템들이 전부 삭제된대서 겁나서 아무 것도 못 사는 중입니다 .. 3. 메소 수급은 보통 어떻게 하나요 ? ㅁㄴㅇ 에서 사면 되나요 ? 아니면 로아처럼 캐시를 게임 재화로 환전할 수 있는 기능이 있나요 ? 4. 어빌리티 맞추는 거는 일요일 (썬데이 메이플) 에만 시도해야 하나요 ?"
2026-08-10,0,0,아이템,마도서 먹었는데 어쩌죠?,"이번 이벤트 유입 메린이 윌 잡고 마도서 상자 먹었어요 [이미지] 보니까 50억~ 이정도 하는거같은데 길~~~게 보고 그냥 낄까요 아니면 팔까요?? 제 상태는 레전 : 해방무기, 똥엠블렘, 블랙보조 유닠 : 4여명? 그냥 이번 유입 기본 템세팅 중 과금 예정 없어요 메짱이분들 훈수 부탁드립니다"
2026-08-10,0,0,아이템,여명셋 질문 있습니다!,투력은 1억 1500정도되고요! 스펙업 하려는데 열심히 찾아보니깐 가장 좋은 스펙업이 여명 21성 27퍼 이상이라고 하더라고요 제가 여명셋이 15~21퍼에 프악공작 다되어 있고 메멘토로 한달 묶여있는데도 새로운 매물 사서 샤타때 21성 찍는게 괜찮은거 맞나용? 알려주시면 진짜 감사할꺼같습니다!!
2026-08-10,0,0,아이템,템 세팅 방향성 질문드립니다,현재 탬 상태입니다. 과금을 어느정도해서 더이상 지를생각없이 천천히 즐기려고 생각중입니다. 방어구vs여명 22성vs 칠흑 18성 중 고민중입니다 혼자 고민해보다가 길이 안잡혀서 질문 드립니다 도와주세요 ㅠㅠ
2026-08-10,0,0,아이템,오늘 3-10을 깼는데요,이 두 훈장의 착용샷이 보고싶습니다...!!
2026-08-10,0,0,아이템,메이플 챌섭 뉴비 아이템 추가 스펙업 질문합니다!,"안녕하세요, 이번 챌섭 유입 뉴비 렌입니다. 현재 여의보주까지 교체완료한 상태이고 노말 대적자 배율이 105.4%인 상태인데 좀 더 널널하게 잡아보려고 추가 스펙업을 고려하고 있습니다(컨트롤 부족). 일단 샤타포스까지 80억~100억 메소 정도 모아서 에테르넬 크+주 17성 장갑을 사려고 하는데 이 방법 이외에 다른 효율적인 스펙업 방법이 있을지 여쭤보려고 메이플 고수님들께 질문글 남깁니다. 답글 남겨주시면 감사하겠습니다 :) [이미지] [이미지]"
2026-08-10,0,0,아이템,별 누르기vs언컨 구매,[이미지] 사진속 스펙일때 환산주스탯 순서대로 데브 가엔링 에테장갑 별누르는게 나을까요? 아님 돈 모아서 18언컨 레에 사는게 나을까요? Q 제목: 별vs언컨 최대 1개 선택 가능 참가자: 8 명 (무기명) 별누르기 언컨사기 몰루
2026-08-10,0,0,아이템,5테르넬..? 6테르넬..? 본캐세팅 추천 부탁드림다,[이미지] [이미지] 어제 하드메이린 잡고 처음으로 챌린저달성했습니다 ! 이 레테를 본캐로 쭉 키워가보려하는데 장갑이 어쩌다 크크하나 떠서 에테르넬과 아케인을 섞어가려고합니다 메멘토18성을 써먹어야할것같은데.. 어떻게 섞어주는게 좋을까요..?
2026-08-10,0,0,아이템,도미 너무 비싼데 대체할만한거있나요?,에스텔라는 끼고있고 도미는 이벤트로 준 15성 15퍼도미 끼고있는데 18성 21퍼에디2줄 사려니깐 그냥 도미자체가 가격이 많이 비싸더라구요 그냥 이벤트도미 계속 껴야하나요? 아니면 대체할만한템이 있을까요
2026-08-10,0,0,기타,메m 넥슨플러그로 하시는 분??,pc로 편하게 하려고 깔았는데 넥슨이랑 연동 안되있는 계정으로만 접속이 되네요.. 설정에 계정 바꾸는 것도 없고 혹시 다른 계정 로그인하는 법 아시는 분 계실까요?
2026-08-10,0,0,기타,하드 메이린 배율좀 봐주세요,285찍고 배율 100이라도 나오면 도전해볼려고하는데요 지금 2레벨 부족해서 배율이 안뜨는걸까요? 투력은 1억인데 285만 찍으면 배율이 나올려나요?
2026-08-10,0,0,기타,드랍셋,안녕하세요 이번 챌섭 유입으로 들어온 뉴비입니다. 지금 간략하게 드랍셋 맞춰서 하고 있는데 풀 드랍은 아획 몇줄에 메획 몇줄이어야 풀 드메셋이라고 할 수 있나요? 이런 정보는 어디서 찾아봐야하는지 몰라서 질문 게시판에 올립니다 ㅠㅠ
2026-08-10,0,0,아이템,제논 5에테,지금 제가 크뎀 장갑을 끼고 7도전자 2에테를 끼고있는데요 18성 강화권 3개 있으니까 무기 상하의 모자 장갑해서 5에테 하고 나머지 3앜을 가려하는데요 5에테 방무때문에 별로일까요? 다르게 간다면 어떤게 있을까요 18성 받았으니 아케인으로 가고싶어서요
2026-08-10,0,0,기타,챌썹 무과금은 여명이 가성비인가요?,제캐릭은 5칠흑에 투력 7600인데 친구캐릭은 0칠흑에 여명 20성짜리들로 맞추니 투력이 1.2억이네요 ㄷㄷ 물론 잠재 차이도 있겟지만 스타포스차이도 심하나요? ㄷㄷ
2026-08-10,0,0,아이템,문신템,메짱이형들 안녕하세요 보통 문신템 시세의 몇퍼정도 싸게올라오면 살만한가요 ?
2026-08-10,0,0,시세,데브펜 24성 시세 어떻게 될까요?,어느 정도에 팔아야 될지 감이 안 잡혀서 질문글 올립니다
2026-08-10,0,0,아이템,뉴비) 첫 해방 무기 세팅 방법 좀 알 수 잇을까요?!,처음에 받은 상태예요 !! [이미지] 현재 큐브나 주문서 모아둔 것입니다 유니크 에디 잠재 주문서를 다른 곳에 써버려서 카르마 레전 잠재 주문서밖에 없어요 ㅜㅜ 그래도 큐브는 나름 많이 모은 것 같아요 코인샵에서 블큐나 화에큐 조금씩은 더 살 수 잇을 것 같구요 제네시스 패스도 전부 삿구 이지 칼리스까진 잡을 수 잇어서 대적자 코인도 나름 잇어요 !! 인터넷 찾아보긴 햇는데 의견이 좀 갈리는 것 같고.. 불안해서 여쭤봅니다 !!
2026-08-10,0,0,아이템,아케인 쌍크 장갑을 만들었는데,블큐로 쌍크 주스탯 장갑이 큐브에서 떠서 18성 강화권 쓰려고 하는데 작 먼저 하고 바르면되나요? 놀긍 첫작인가 계속 하고 나머지 주흔작 해야되는걸까요? 아니면 바로 주흔작해야되나요?
2026-08-10,0,0,기타,메이플 방송,언제인가요?
2026-08-10,0,0,아이템,복귀 중고뉴비 대적자 코인 뭐에 써야할까요?,"비틱일 수 있는데,운좋게 나름 정옵윗잠, 21퍼아랫잠, 1추까지는 잘 맞췄습니다. 앞으로 남은 대적자 코인을 어디에쓸지.. 1추+@뽑기 윗잠 이탈 뽑기 아랫잠 30% 노리기 고점을 보면 당연히 아랫잠이겠지만 현실적으로 어떤게 합리적인 선택일지 궁금합니다. 조언해주시면 감사드리겠습니다"
2026-08-10,0,0,아이템,제네패스 plus 코인들 어따 쓸가요,본캐무기 보조입니다. 직업 팬텀이구 1. 무기 아랫잠 2줄 + @ 저격 2. 추옵 1추 + 10% 이상을 저격(현재 2추임) 3. 보조 아랫잠 공 2줄+@ 저격 4. 유챔라인 무기 윗잠 3줄 저격 5. 유챔라인 무기 아랫잠 2줄 저격 뭐가 좋을까요?
2026-08-10,0,0,기타,메쌤들 현실적으로 챌 달성 가능한지 상태좀 봐줄수있나요,"[이미지] [이미지] [이미지] [이미지] 패스는 제네패스랑 플러스만 샀고 나머지 3개는 안샀고 지금 레벨은 281에 80퍼고 지금 좀 바빠서 하루 3,4소재정도만하고 보스는 이적자 연습하면 거기까진 매주 돌 수 있을거같네요 글고 스펙은 아직 통찰력 최종뎀 1퍼 덜받고있고 헥사스탯 3차는 아직 안뚫었고 5차 코강도 올스텟이나 공마올려주는 공용코어 레벨도 한 절반정도 덜 올렸고 자석펫빼고 프펫공작 아직 덜됐고 벨트도 아직 챌섭에서 준 골클벨 쓰고있고 곧 분자벨 넘어갈예정입니다 메소는 20억정도있는데 현실적으로 챌 가능할지 궁금합니다 닉넴은 일단렌부터에요"
2026-08-10,0,0,직업,어려운 직업 위주로 하시는 분 있나요,카데나 카인 아크 칼리 보다 불독 블래 스커 섀도어 가 손목 아픈가요? 지금은 쉬운직업하는데 나중에 어려운 직업 도전해볼거라 손목 통증은 난이도와는 또 다른 진입장벽일 것 같아서요
2026-08-10,0,0,아이템,"미라클때 만든 레전잡, 유니크3줄 칠흑 언제팔아야 할까요",대장장이 겸 손맛도 볼겸 30개정도 만들었는데 언제가 그나마 비쌀까요? 샤타발표되면 보통 오르나요 돈 모으느라 떨어지나요 챌섭이 얼마 안남고 챌린저도 다들 달았으니 얼른 팔아야할까요? 메선배님들의 고견을 기다립니다..
2026-08-10,0,0,기타,메이플 처음하는데 도와주실분..,유튜브 찾아보면서 하이퍼 버닝 육성중인데 아케인 심볼 강화를 해야 사냥을 하는데 메소가 없어서 진행이 안 되네요 뉴비 메소 수급하려면 현질해야하나요?
2026-08-10,0,0,기타,실수로 어빌리티 잘못돌려버렸어요..,준종결이였는데 못잠구고 돌려버렸네요 처음부터 다시 복구하려고하는데 급하게 명성치 구매하고있습니다.. 혹시 다른 노가다 방법이나 빠른방법있을까요? 캐쉬샵에서 구매가능한가요?
2026-08-10,0,0,아이템,제네플 큐브 및 카르마 큐브 사용처 질문드립니다!,주차 안하고 주보랑 재획으로 메소 모이는대로 환산은 계속 높일 생각이고 가능하면 해방도 도전할 예정입니다 제네플 큐브는 윗잠 이탈을 노릴지 아랫잠 에공삼 노릴지 고민중이고 카블큐는 미트라 잡쌍레를 사서 돌릴지 아니면 에테 모자나 견장 or 장신망에 돌릴지 고민입니다 - 이때는 화에큐 사용처가 좀 더 애매해 지는 것 같습니다.
2026-08-09,0,0,직업,아란 / 보공공 보보보 뭘 선택해야 할까요?,질문 드립니다 ...
2026-08-09,0,0,아이템,아버 에테로 바꾸려는데,현재 모자 상하의 바꿨고 장갑 크주 18성으로 바꾸려고하는데 아버랑 비교했을때 전투력이 떨어지는데 아버 세트효과 보공10퍼때문에 그런거죠? 그러면 그냥 바로 에테 2부위 한번에 바꾸는게 좋은가요?
2026-08-09,0,0,기타,오늘 썬데이 메이플 솔에르다 주는거 278레벨 25개 받는거 맞지?,이거 3시간 보너스로 받는거 25개 주는거 맞지? 나 왜 한개받음???? 레벨 278이고 3시간 다 채워서 받았고 이거 받기전에 3개 있었는데 받고나니 4개더라 25개짜리 교환권 하나 주는건줄 알았는데 까보니까 1개주길래 혹시 1개 교환권을 25개주나 해서 이것저것 눌러보는데 주는거 없고 더 받는 방법도 안나와 1개 교환권 1개 받았는데 내가 잘못 아는거야 아니면 이상한게 맞는거야 문의해야하나?
2026-08-09,0,0,기타,메이플 키패드 + 키보드 정지임?,키패드는 단순 방향키 용으로 사용할건데 그냐 키보드로 사냥 30분만해도 어깨가 말려서 너무아픔;;
2026-08-09,0,0,아이템,렌] 아스트라 보조무기 전승해도 될까요?,현재 헥환 7만 턱걸이입니다. 보조가 박탈 정옵이긴 한데 아스트라로 전승해도 괜찮을까요? 보스나 환산 목표는 없습니다.
2026-08-09,0,0,아이템,급함 제네무기 윗잠 방무 버려도됨??,보조는 윗잠 보보보 아랫잠 공15퍼 엠블렘은 윗잠 공공뎀 아랫잠 공 15퍼 이거 제네 뭐 눌러야함..?
2026-08-09,0,0,아이템,이벤링 큐브 질문,이벤링 받은거 전부 레전드리라서 2줄 남는거 드메 하고있는데요 코인샵 큐브 및 얻은거 다 사용해서 21퍼는 하나도없고 18퍼2개 드메 1줄있습니다. 이제 이벤링전용큐브수급처가없어보이는데 블큐로 이제 작업해야하나요???
2026-08-09,0,0,아이템,대적자코인 사용처 질문,제네무기 현재 윗잠 보보방 404030 아랫잠 유닠공15% 입니다. 에디는 현재 화에큐 천장 만들어둔 상태고(미라클때 돌렸는데 천장까지 갔네요 ㅠㅠ) 대적자코인은 1500개(이번주 대적자미션까지 클리어완료) 갖고있는데 대적자코인으로 윗잠 세줄을 먼저 노리는게 좋을지 아랫잠을 등업시켜서 21%를 먼저 노리는게 좋을지 모르겠습니다 의견 부탁드립니다..
2026-08-09,0,0,아이템,제네무기 고민중인데여..,지금 윗잠 마력 24% 올스텟 6% 인데 마력 30%떠도 최종뎀 1.7% 오르고 방무 있는 3줄은 오리혀 떨어져서 남은 재네패스 plus에 있는 코인 전부다 아랫잠에 하는거 많이 별로 일까요? 아랫잠은 유니크 15%에요 아 닉네임은 babababsasb입니다
2026-08-09,0,0,직업,렌 검마 배율대로 안쳐지는데 문제있는건가요?,렌 투력6900따린데 검마 배율이 200퍼가 나오는데 20분 꽉채워서 잡았습니다. 딜은 안끊기고 계속 쳤는데 문제가 뭘까요;;
2026-08-09,0,0,아이템,메린이 하드 메이린 배율 105인데 못잡겠습니다..,여러번 트라이해도 쉽지가 않아서 포기해야하나 싶습니다 ㅜㅜ 메소는 수중에 10억 정도밖에 없는 상황인데 좀 영끌해서 조금이라도 더 쉽게 잡을 방법이 있을까 싶어서 질문 남깁니다 아래 템셋 보고 진단해주시면 더 감사하겠습니다!!! [이미지]
2026-08-09,0,0,기타,챌린저스 포인트 잃어버린 5000점 질문.,284렙에 8.2만점인데 [이미지] 메애기의 이 9.3만점은 어떻게 달성 가능한거죠? 1업해서 2000점 + 하드 메이린 잡아서 4000점 해도 88000점 밖에 안되는데 93000점까지 부족한 5000점은 어디서...?
2026-08-09,0,0,아이템,헥환 4.5 이후 템셋팅 질문.,"안녕하세요. 닉네임 : 영쁘기 챌섭2 지난 챌섭까지 9보장에 노말 루시드가 최고기록이었는데 이번 기회에 처음으로 하드세렌까지 격파한 기부니가 좋은 뉴비입니다. 다름이 아니라 아란 헥환 4.5까지 왔는데 이후 템셋팅을 잘 모르겠습니다. 챌섭에서 영쁘기 라는 닉네임으로 활동중입니다. 현재 계획은 파풀마 유닠 2줄, 사타때 목걸이, 눈장, 하트 18성 정도로 계획하고 있습니다. 이후 템셋팅을 어떻게 해야할지 잘 모르겠습니다. 혹시라도 시간의 여유가 있으시다면 환산사이트에서 저희 닉네임을 검색 후 템셋 이후 과정에 대한 순서를 알려주시면 감사하겠습니다. Ex) 칠흑 ㄱ, 미트라 ㄱ, 와 같은 답변도 감사합니다만 제가 이후 템트리 경험이 없다보니 간략하게만 말씀해주시면 몇성의 어떤 잠재 수준을 구매해야하는지 모릅니다. 번거롭지만 ""유에 미트라 ㄱ"" 정도 까지의 아량을 배풀어주시면 감사하겠습니다. 요약 닉네임 ""영쁘기"" 앞으로 템셋팅 어떻게 해요?"
2026-08-09,0,0,기타,284 사냥터 질문,챌섭에서 아르테리아 최하층 통로 5 에서 사냥하고 있었던 메린인데요 284를 찍어서 사냥터를 바꿀까 싶은데 다른 사냥터 효율 더 좋은곳이 있나요?
2026-08-09,0,0,기타,챌섭 리프할때 보상 어떻게 하나요?,안녕하세요~ 멍청한 질문인데 좀 확실하게 하고 싶어서 선배님들한테 문의드립니다. 챌 섭에서 본케 키우고 있는데 챌린저 보상 야누스 20레벨 리프 할 때 챌 섭에서 받고 리프 하나요? 아니면 리프하고 보상을 받아야 되나요? 리프는 마지막 날 하려고 합니다. 아니면 본섭에 있는 캐릭터로 미리 받아놓고 창고에 두면 될까요?
2026-08-09,0,0,기타,안녕하세요 메린이인데 질문있습니다.,이번에 챌섭에서 인생 첫 메이플을 하고 있는 메린이입니다. 다름이 아니라 이제 일주일차인데 메소버는 방법이 궁금해서 글 남깁니다 ㅠ 찾아보니 채집으로 돈을 벌 수 있다고 해서 진행하고 있습니다! 그런데 드메셋을 먼저 맞추고 본셋을 맞춰야 될 것 같은 기분이 드는데 가격이 비싸서... 혹시 다른 방법 더 없을까요..? 사냥은 하루에 1억씩 모으고 있습니다. 그런데 세금낼꺼 내고 하다보니 돈이 모이지가 않네요 ㅠㅠ
2026-08-09,0,0,아이템,솔 에르다 3개의 가치가 어느정도인가요?,버닝이나 아무것도 없이 맨땅으로 썬콜 육성중인데 솔 에르다 3개가 13일날 없어질 예정이거든요 근데 지금 레벨이 249라서 그때까지 6차를 못할거같아서 그대로 없어질거같은데... 이게 얼마나 손해를 보는건지 궁굼해서 질문합니다.. 저때까지 6차 못해서 에르다 3개 없어지면 치명적인가요? 16일날 2개 더 없어질 예정인데 그럼 총 5개를 써보지도 못하고 날리는데.. 미련없이 날려버리면 큰일나는지 궁굼해요...
2026-08-09,0,0,기타,듀블 하메 잡으신분?,116퍼로 쳤을때 15퍼 남는데 뭐가 문제일까요? 기믹 두번 실수했습니다.
2026-08-09,0,0,아이템,메린이 렌 키우는데 보조무기 궁금한게 있습니다,블랙 보조무기 이벤트로 받은거 계속 쓰고있거든요 여기에 교불 카르마 잠재 발라도 되나요? 아니면 돈모아서 무조건 옥션에서 사는게 좋나요
2026-08-09,0,0,아이템,첼린저섭 첼린저 찍고싶습니다 스팩업 질문드립니다,"이제 막 메이플 시작한 메린인데 첼린저스 섭 첼린저 찍고 야누스 받고싶습니다,, 스펙업을 어떻게 해야 하드메이린 잡고 첼린저 찍을 수있을까요 ? 훈수 환영입니다!"
2026-08-09,0,0,아이템,"이터널 플레임 링, 테네브리스 원정대 반지, 어웨이크 링 3개 있는데","나머지 하나는 이번에 보장세트에서 준 실블링 끼고있거든요? 이벤트링 교환권 있는데 이걸로 다른 1티어 링 뽑아서 실블링 교체해도 되나요? 큐브는 좀 남아있기는 한데, 고수분들 답변부탁드립니다"
2026-08-09,0,0,기타,월드 리프 관련 질문 드립니다,챌섭 본캐 제외한 부캐들은 지금 리프해도 상관없나요 ?
2026-08-09,0,0,직업,챌섭>본섭 리프 (유챔x) 헥환 상승 큰가요?,본섭 내실상태 유챔 sss 5마리 이미 풀 유니온 10130 링크3렙 7마리(챌섭리프가 7번째 캐릭) 아티팩트 56렙 유챔 더이상 넣을칸이없는데도 스펙업 클까요? 챌섭에서 넘어갈땐 6.5정도될꺼같고 렙은 290일거같습니다 (루미너스)
2026-08-09,0,0,기타,284->285되면 하메 배율 얼마정도 오르나요,284->285되면 하메 배율 얼마정도 오르는지 궁금합니다!!
2026-08-09,0,0,아이템,지금의 조건으로 어느정도 맞춰야할까요 진로상담 부탁드립니다,"[본섭내실] 하진 유챔하나 285링크 리프후 2개 유니온 9300 아티팩트 38렙 현재 챌섭에서 286이고 헥환은 5만정도 여명과 레유 미트라, 18레유 루컨마 끼고있습니다 익스우, 노흉 2인 본섭가서 희망하고 방어구쪽은 아직맞추지않았습니다. 하루에 평균 7소재비 풀드메로 사냥중이고, 공휴일이나 주말은 풀메제 하루도 빠짐없이 채우고있습니다. 챌섭에서 현재 메소 200억정도 모아뒀습니다 템을 챌섭에서부터 구매를 하나씩 할지 메소를 끝까지모아서 리프후 천천히 구할지 고민입니다"
2026-08-09,0,0,기타,늅이인데요 지금 챌린저스 시작해도 해방할수있나요..?,한달남은거같은데... 그냥 찍먹만할까요??
2026-08-09,0,0,아이템,메고수 형님들 템 진로좀 봐주십쇼,"현재 6.2/5.3 나오는 썬콜입니다. 현재 쓰고 있는 여명은 샤타포스때 21성 달아줄 생각이고 18성 27퍼 레에 고근, 거공 마도서 사와서 4칠흑 할 생각인데 더 나은 방안 있으면 조언 부탁드립니다!"
2026-08-09,0,0,기타,메이플 미리보기 나만 이상함??,아니 미리보기 들어가서 사일런트 나이트 같은 경우에 공중에 떠있는건 보이는데 걷기 모션해도 왜 뒤에 발자국이랑 검은깃털은 안보임?? 옛날 미리보기는 방향키로 움직여서 다볼수있었는데 왜이럼? 카오스 크레센트 이런거 효과 아예 안나옴
2026-08-09,0,0,아이템,제네시스 패스 플러스 살까요?,지금 해방무기 상태 이런데 플러스를 살지 말지 고민즁
2026-08-09,0,0,아이템,헥환 7만 중반 ~ 8만 목표 레테 템세팅 조언 부탁드립니다.,"안녕하세요. 이번 챌린저스 서버에서 레테로 본캐를 변경하려고 준비 중입니다. [목표 스펙] - 단기/중기: 헥환 7.5만 ~ 8만 (익스트림 스우 편한 솔플 스펙) - 초장기: 데티해방 (주차보다 계단식 스펙업에 유리한 방향 고려) [현재 상황 및 조건] - 본섭 내실: 유니온 10000 / 유챔 SSS 2개, SS 2개 - 기존 본캐는 헥환 7만 중반이며 4카 5앱 + 여명·보장 세팅입니다. - 이번 레테는 에테/아케인 + 칠흑 조합으로 세팅을 구성해보고자 합니다. - 주간 수입: 약 140억 메소 - '메멘토 방어구 18성 주문서' 사용가능 (레테 미사용시 다른 부캐에 지급 가능) [단기적으로 생각 중인 순서] 1. 17성 몽벨 구매 2. 샤타포스 때 루컨마, 몽벨 18성 달성 3. 쌍크 장갑 구매 아래는 현재 환산 및 템셋입니다. [이미지] [이미지] [질문 사항] Q1. 전체적인 템세팅 방향성은 어떤가요? Q2. 단기적으로 생각 중인 스펙업 순서가 괜찮은지 궁금합니다. (몽벨 17성 -> 샤타 때 몽벨/루컨마 18성 -> 쌍크 장갑) Q3. 장갑을 아케인과 에테르넬 중 어느 쪽으로 가는 것이 합리적일지, 스타포스는 어느 정도까지 가야 할까요? Q4. 만약 아케인으로 가게 된다면, 메멘토 18성 주문서를 레테 아케인에 직접 사용하는 게 좋을까요? Q5. 쌍크 장갑을 맞춘 이후에는 장신구와 방어구 중 어떤 쪽을 우선으로 맞춰야 할까요? 차근차근 계단식으로 스펙업해 나가고 싶은데 어떤 방향이 가장 효율적일지 고수님들의 의견과 조언 부탁드립니다. 감사합니다."
2026-08-09,0,0,아이템,[뉴비] 이 스펙으로 크크올 장갑 사서 껴도 괜찮을까요?,"환산 50,160 나옵니다 요 스펙에 크크올6퍼 장갑 150억에 올라와있는거 사서 작해서 써도 괜찮을까요? 다른곳에 스펙업 투자 하는게 더 나으려나요? 지금은 크주12퍼 끼고 있습 [이미지] 다"
2026-08-09,0,0,아이템,[뉴비] 메짱이형님들 템진로 조언 부탁드립니다,"안녕하세요 학창시절 메이플 즐기다가 이번 챌섭으로 15년만에 복귀해서 칼리 키우고있는 메린이입니다 현재 이적자까지 잡고 매일 메제 채우고있는데 템 진로를 어떻게 설정해야할지 막막해서 도움좀 주시면 감사하겠습니다 [이미지] 현재 템셋팅이고 4렙 컨티링까지 끼워져있고 마이링, 분자벨, 가엔링은 구매해서 별만 띄워놨습니다 계단식 스펙업을 해야할지 아이템 버닝 끝나기 전까지 메소를 계속 모아 올 에테셋을 가야할지 고민이 됩니다 본캐라서 칠흑도 끼워주고싶긴한데 어떤 순서로 템을 바꿔줘야할지 모르겠네요 ㅠ 매일 메제, 현재 메획 150%, 드랍 180%로 재획중 얻은 조각은 대부분 판매하고있습니다 이런 상황에서 어떤 순서대로 스펙업을 해야할까요?"
2026-08-09,0,0,아이템,뉴비 콜 280억으로 세팅좀 해주실분 ㅠㅠ 메이린 잡고싶어요,[이미지] [이미지] [이미지] 결계는 레전8레벨이고 280억 있습니다! 처음에는 보조를 바꾸려고 했는데 아버끝날때를 대비해 18에테를 맞추고 싶엇는데 가격이 너무 비싸더라고요 ㅠ 18크주주 장갑이 140~170억 정도해 서 도저히 엄두가 안난다는.. 고수분들은 어떻게 배율올려서 메이린 잡으실까요 ???
2026-08-09,0,0,아이템,500억 템세팅 알려주세용,[이미지] [이미지] 마깃안+몽벨+크크잡 앜셰장갑 살까 생각중입니다 어떨가여 마깃안150억 몽벨150억 크크장갑200억정도되는걸로 댜충알아보면 어느정도급사면될까요? 챌3서버이고 다른추천부위 있으면 답변 부탁드림니다
2026-08-09,0,0,기타,메이플 대장장이 컨텐츠질문!,안녕하십니까 선생님들 날이많이덥습니다 몸건강히들 잘챙기시고! 넥스트업데이트후 아이가태어난이슈로 메접을하고 이번챌섭에복귀한 메린이입니다 그간현생살면서 주식으로 소소하게 수익본걸 차곡차곡모아 이번챌섭에 힘을좀주고 복귀를했는데요 챌린저등급은 달성하고 지금전투력 2억2천만을 달성했습니다 메접전엔 혼자 카오스더스크잡아본게 다인지라 복귀후 하드세렌 칼로스 메이린 대적자등을잡으면서 본격적으로 재미를붙이기시작했는데요 그러면서 스펙업에 더욱더 욕심이생기기시작한마당에 유튜브영상(페이지)님껄보다보니 18성칠흑을가는이유는 22성을 달아주기위함 대장장이를통해서 라는영상을보았고 대장장이라는것을 계속찾아본결과 업계최저비율등이렇게광고를하고 강은호님도 붐백이라는 대장장이를하시는걸알게되었습니다 그래서 대장장이라는게정확하게 뭔지 어떤시스템으로 이용하는건지 정확하게 알고자질문글을 남겨봅니다 예시 18성마깃안을 22성 대장장이를한다는가정하에 제마깃안을가위로자르고 대장장이분께 드려야하나요? 만약이경우면 대장장이할때마다 가위횟수가 줄어드는데 그걸감수하고하는걸까요? 아니면 제계정을들어와서 직접강화를하는걸까요? 강화할메소는 제가준비하는건가요? 성공시에 대장장이분말씀대로 배율에따라 돈을드려야하나요? 강화비용+의뢰비용 아니면 기대값으로 가격고지를하고나서 대장장이분이 얼마를쓰실지는모르겠지만 대장장이분이 제계정에 강화비용을 알아서넣으시고 진행후 가격고지한금액을 제가넣어드리는건가요?
2026-08-09,0,0,아이템,에테 모상하 잠재 질문!,여기서 18에테 상하모 정도만 맞춰서 익스우 130~140 주차 할 생각인데 에테 윗잠은 어느정도로 챙기는게 좋을까요?? 모자는 2초뚝 쓸거에요!
2026-08-09,0,0,기타,울티마스쿼드 궁수 잠재질문좀..,추옵낮은데 쿨2줄 vs 추옵높고 쿨공체 극옵 어떤게 더좋을까요...
2026-08-09,0,0,기타,에테리온 효과 다 받는 기준이면 몬파 매일 3천포인트 씀??,"지금 챌섭 본캐(진) 레테 현재 286 / 290까지 볼 예정 9년전에 키우던 하세유챔하고싶은 본섭 신궁(노해방, 노말세렌까지 스펙) 현재 275 / 285까지만 할 예정 언젠간 키우겠지 라라 230(챌섭) 이케 있는데 레드라 레테는 당연히 매일 몬파 7판(2판+레드 5판) 돌리고 악몽선경은 매주 1단계. 라라에 나머지 레드 공짜2판 먹이는중 본섭 신궁은 에던 퀵패스로 앵컴 먹이고 0단계에 250퍼 일요일만 7판 메포로 먹이는중. 근데 신궁 285보는거면 에테리온 기간동안에는 그냥 매일 7판 도는게 맞아요?"
2026-08-09,0,0,아이템,메고수님들 템세팅 조언좀 부탁드립니다,현재 100억정도 있는데 어떻게 템세팅을 해야할까요.. 조언좀 부탁드립니다
2026-08-09,0,0,기타,카르시온 유적지 질문있습니다,유적지2가 40마리라서 289기준 가장 경험치를 많이 얻는데 유적지1이 36지만 버닝10단계라면 유적지1이 경험치 더먹지 않나요?
2026-08-09,0,0,직업,뉴비 제논 진로 방향 알려주실분,아직까지 보스 정확히 목표는 .. 없구요 그냥 되는대로 투자하면서 키우려고하는데 우선 템은 이정도로 맞추었구 컨이.. 너무 안좋지만 엄청 트라이해서 이지대적자 까지는 잡았습니다. 메소벌어서 이제 어떤방향으로 가면 될지 모 르겠네요 고수님들 방향좀 알려주시면 감사합니다. 혹시나 템 뭐 바꿔야할거 있으면 그것도 말씀 감사합니다!
2026-08-09,0,0,기타,안녕하세요 이번에 처음 시작한 뉴비인데 리프할 서버 추천해주시면 감사합니다!,안녕하세요 이번에 처음 시작한 뉴비인데 리프할 서버 추천해주시면 감사합니다! 사냥은 하루에 30분~1시간 할 예정입니다! 서버 어디가 좋을까요??
2026-08-08,0,0,시세,엠작 질문,"여기 사이트에서 진행중인데요 메이플스토리 MVP작 계산기 | MVP 등급 비용·캐시템 회수율 계산 | 계산기 & 툴 M30%가 마일리지 30% 말하는거 같은데, 이게 무슨 의미인지좀 설명부탁드립니다. 예를 들어 플가 파는데 마일리지 30% 로 부담이 가능한건가요?? 무슨 말인지 ㅠㅠ 그리고 보통 레드작 하면 30만원 정도 깨지는게 정배인가요?"
2026-08-08,0,0,아이템,성형헤어장비 정보 찾고싶은데 아는분 있을까요,샤레니안 기사에 나오는 NPC들인데 착장을 찾고싶어서... 아니면 찾을수있는 사이트 알려주시면 감사하겠습니다!
2026-08-08,0,0,아이템,님들 이거 팔아야되나요?,윗잠만 있는 거 사서 아랫잠 한줄 뽑으려다 유니크 갔는데 돌려서 마력9퍼 뽑을까요 팔까요 챌섭이고 헥환 44900임
2026-08-08,0,0,기타,타명의 계정 재화 옮기면 정지 당하나요,어릴때 사용하던 부모님 계정인데 200억 메소가량 지금 쓰는 제 명의 계정에 옮길려고 하는데 레드 어카운트인가 그거 당하고 정지 당할려나요
2026-08-08,0,0,아이템,리턴스크롤 질문,방송에 6 6 작 하는더 보면 리턴스크롤 계속 쓰던데 옵션 떠서 선택할때만 리턴쓰는건가요? 아니면 옵션 뜨든 안뜨든 놀긍 지를때마다 리턴 쓰는건가요? 그리고 놀긍은 60퍼 해도 대나여?
2026-08-08,0,0,기타,형들 지금 282에 81퍼인데 노사냥으로 285가능한가요?,아티팩트는 싹다 5렙인데 경험치계산기만질줄을모르겟어서 ㅠ 노사냥으로 285가능한가요? 아니면 모멘텀사야되나요?
2026-08-08,0,0,아이템,챌섭에 있다가 본섭가면 도전자 사라지나요?,ㅈㄱㄴ... 친구랑 보스 잡고 싶어요
2026-08-08,0,0,시세,요즘 화에큐 레전 에디 천장 얼마임?,첨이라 찾아보는데 본섭에서 쌓아가지고 파는사람이 안보여서 얼마인지 가늠이 안됌 알려줄?
2026-08-08,0,0,시세,선생님들 제논 추옵 어떤가요,시세탭이 따로 있는 줄 몰랐네요 추옵 돌리다가 떴는데 팔릴까요? 팔린다면 어느정도에 팔리는지 궁금합니다
2026-08-08,0,0,직업,찐뉴비 아란 60억 모았음.. 템셋 추천좀 해주십쇼,목표는 우선 하드메이린이고 어떤거부터 바꿔야할지 엄두조차 안나네요 ㅠㅠ 뭐부터 살지 상세히 알려주시면 넘나 감사하겠습니다 ㅠㅜ...
2026-08-08,0,0,아이템,제네무기 옵션 방향성좀 알려주세요...,안녕하세요. 이번에 레테로 유입된 메린이 입니다. 제네 플러스로 이지 칼로스까지 잡고 대적자 코인 + 각종 큐브 보상까지 전부 사용해서 윗잠 돌렸는데 현재 윗잠이 첨부한 이미지처럼 보공 40% 2줄에 크확 9%가 되었습니다. 추후에 생기는 코인으로 윗잠을 마저 돌려서 3줄을 뽑는게 좋을까요? 아니면 아랫잠이랑 추옵을 먼저 맞추는게 좋을까요? [이미지]
2026-08-08,0,0,몬스터,형들 익스우 135퍼,익스우 135퍼 나오는 나로인데 3페 진입 10분에 딱 했거든?? 이러면 1페 2페 좀 널널하게 쳐도되나..? 진짜 개빡딜 넣엇거든?
2026-08-08,0,0,아이템,여명으로 카링 될까요?,저번에도 비슷한 질문 했었는데 이지 카링을 목표로 하고 있고 스팩업 방법을 원한다는 질문에 다들 칠흑을 가라고 하셔서 찾아봤는데 처음 해보는거라 쉽지 않아보여서 혹시 지금 상태에서 이지 카링 잡을 정도로 스팩업 할 방법이 있을까요? 목표는 첼섭 끝나기 전에 잡는게 목표입니다 [이미지] [이미지] [이미지]
2026-08-08,0,0,기타,VIP 부스터 효율 어떤게 좋을까요 ?,소멸의 여로에서 VIP 부스터를 사용하려고 합니다. 숨겨진 여로 버닝 0%에서 VIP 부스터 쓰는게 좋을까요? 아니면 버닝 10단계 +-1 레벨 일반 맵에서 VIP 부스터를 쓰는게 효율이 좋을까요?
2026-08-08,0,0,기타,메이플 초고사양겜이네,AMD Ryzen 5 5600 RTX 4070 RAM 32G 윈도우 11 아니 사냥하다 엘보뜨면 렉걸리는게 말이됨???? 어캐해야 렉안걸리죠??
2026-08-08,0,0,기타,배율20퍼차이나는데 딜이 똑같은데 뭐가문제일까요,직업은 나로고 하드메이린 최소컷(103퍼)영상에서는 첫 극딜에 6퍼정도 깎였습니다 저는 배율이 123퍼가 나오는데 첫극딜이 거의 똑같이 6퍼정도 들어가네요 일필도 영상이랑 똑같이 맞추고 딸깍직업이라 극딜때 누를것도 별로없어서 뭐가 문제인지를 모르겠네유.. 딱 하나 다른게 장비명장 버프인데 이게 배율 20퍼 메꿀만큼 큰가요?
2026-08-08,0,0,아이템,대적자 큐브 질문,여기서 어디에 더 투자해주는게 좋을까요? 에디 천장 등업 노리는게 맞을까요? 하필 에디 공15%가 나와서 에매하네요.
2026-08-08,0,0,기타,노적자 노칼 목표 스펙업 방향부탁드립니당..,[이미지] 현재 마약칭호끼고 이정도인뎅 노적자 95% 노칼 115% 나오네요.. 딱코 말고 적당히 덜 힘들게 매주 컷하고싶은데 (2~3분은 남게끔?) 스펙업 진로를 어떻게 잡아야할까요.. 도움부탁드립니다!!
2026-08-08,0,0,기타,보스 코인 질문이요,노카랑 익스우 솔플하면 50 + 30 개 해서 보스코인 80개 주나요 아니면 노카 1개만 적용해서 50개 주나요??
2026-08-08,0,0,아이템,도전자 vs 17에테 7셋,"장갑은 크주라는 가정하에, 17에테 7셋으로 바꿨을때 전투력이 차이가 많이 날까요?"
2026-08-08,0,0,아이템,복귀메린이 유챔 세렌정도 잡을템셋 조언 부탁드립니다!,[이미지] [이미지] 에테는 그냥 잘라서 이번 챌섭캐릭 주려합니다. 사실상 방어구는 전부위가 비었다고 생각하시면 됩니다. 카룻이랑 앱솔도 가횟 생각안하고 쓸수있습니다. . 조언 부탁드리겠습니다!
2026-08-08,0,0,기타,세렌 여명 팁 좀 주세요 . . .,여명이 너무 개같은데 혹시 팁 좀 얻을수 있을까요 . . . .
2026-08-08,0,0,아이템,대적자큐브 사용처 질문,챌섭시즌1 유입이었다가 1년정도하고 접고 이번챌섭 복귀해서 챌찍고 즐기고있는메린이입니다 본섭캐릭 제로 해방무기 401212 966 챌섭캐릭 렌 해방무기 12930 1299 어쩌다보니 엄청난 운으로 두캐릭다 해방무기가 종결인상황이라 남은 대적자큐브를 어디에털어야할지 고민됩니다ㅠ 제로를 에디등업하는건 제스펙에서는 할짓이아닌것같아서 렌 해방무기 윗잠이탈노리기vs리프시즌에 리프해서 렌 아스트라해방 후 큐브털기 어떤게 맞는선택지일까요? 이번에 메이플에 완전 빠져버려서 두캐릭다 길게보더라도 9만까진 키우려는 생각입니다!
2026-08-08,0,0,기타,메린이 보스 보상 질문있습니다,주간이나 월간보스를 2인이서 가게 되면 파티 설정을 분배로 해놨을 때 고가 보상들은 어떻게 되는건가요?
2026-08-08,0,0,아이템,스펙업 순서,[이미지] [이미지] 17성 장신구 18성 올리고 결계 레전뽑아야하고 285찍어서 보상받고해서 어센틱도 조금더 올리고하면 얼마정도 더써야 1억 2천 넘길수있을까요? 해방 예상날짜는 9월3일 이에요 현재 8300만이에요 첫 메이플 솔야누스 받고싶어용..
2026-08-08,0,0,아이템,갓 2억단 뉴비 다음 스펙업 추천 부탁드립니다.,"여기서 현재 150억 있고 다음 샤타때 올 18달 예정입니다. 주간 수입 40억 정도됩니다. 이후 스펙업 방향이 궁금합니다. 1차목표는 위 스펙업하고 흉성 익세 2인이며, 이후 목표는 흉성 익세 1인이 목표입니다."
2026-08-08,0,0,아이템,익스우 솔플가려면 얼마나 더 써야될까요?,이번에 재밌어서 좀더 올려보고싶은데 단기적으로 익스우 솔플? 22아케인 천천히 올릴까요? 조각은 몇개나 박을까요
2026-08-08,0,0,아이템,전투력 1억5천 메린이 다음 스펙업을 도통 못잡겠어요 ㅠㅠ,이벤트 재화를 좀 활용하면서 가고 싶은데 레잠 한장 유잠 2장 17성 강화권 2장 있습니다. 일단 유잠은 에테르넬에 발라서 사용할꺼 같습니다! 어느 정도 직작의 재미도 느끼면서 하는 중인데 지금 당장 더 상위보스 깨려면 뭐부터 바꿔야할까요? 일단 트왈마가 제일 약해서 루컨마로 바꾸긴 했습니다! [이미지]
2026-08-08,0,0,아이템,이런거 둘둘하면 10만찍나요?,[이미지] 접었다가 아란재밌어서 푹먹할려고요 문신템으로 샀어용
2026-08-08,0,0,직업,하버 본캐 썬콜VS키네VS제논 (투표),"늦었지만 하버 본캐로 썬콜VS키네VS제논 셋중 고를려고합니다 똥손,소자본,유니온 3500, 마지막잡은보스:하드스우 일단 셋다 유니온으로 200까지키워봐서 제취향에맞아 골라봤습니다 셋직업 정보찾아보면서 썬콜,키네는 상관없지만 제논은 템셋,딜레이 힘들다고하지만 그래도 꾸준히키울것같습니다 높은표받은 직업을 본캐를고르고 제가많이는 현질을못해 처음에는 300만원만원 현질하고 한부위씩 천천히 맞출것같습니다 Q 제목: 하버 본캐로 썬콜VS키네VS제논 최대 2개 선택 가능 참가자: 15 명 키네 썬콜 제논"
2026-08-08,0,0,아이템,이번 레테복귀유저 본섭캐릭 버릴까용?,"지금 챌린저스에서 레테 키우고있어유 본섭에 예전에 284 키워놓는 라라가 있는데 템은 하나도 없어요! 주보수익을 늘리고싶어서 얘를 방어구,장신구, 무기(아케인), 보조,엠블 다 맞춰주는건 손해일까요? 돈이 꽤 많이 들거같아서..ㅠ"
2026-08-08,0,0,아이템,추옵날라갔는데 복구해주나요?,어제 심환불 돌리다 제네무기 추옵 날라갔는데 년2회복구 그걸로 복구 해주나요? 일단 어제 1대1문의는 넣어놨어요
2026-08-08,0,0,기타,복귀뉴비,"직장 회식에 지쳐 게임 좀 즐겨보려고 하는데 챌섭 초기에 260만들어놓고 제네패스, 챌린져스 패스 사놓았는데 아직늦지 않았을까요? 추천해주시는 방향 있으면 하루 2시간 내로 투자하며 열심히 해보고 싶어요! 목표는 검멘 이상 카링이나 대적자 까지 트라이해보고 싶습니다. 편하게 의견 주시면 감사하겠습니다. 챌섭에서 친추하며 성장같이 하실분도 환영입니다!!"
2026-08-08,0,0,기타,모멘텀 패스 가치 있나요?,현재 286 40%고 챌섭 끝날때까지 최대한 하면 88후반 89쯤 찍을 거 같은데 모멘텀 패스 사면 290찍으려나요? 5만원 정도 하던 걸로 기억하는데 그만한 가치가 있는지 궁금합니다
2026-08-08,0,0,기타,꼭 챌린저스나 하이퍼버닝으로 키워야 하나요 ?,"안녕하세요. 메이플 진득하게 한 번 해보고 싶은 뉴비입니다. 제목 그대로 챌린저스 서버는 뭔지도 잘 모르겠고, 하이퍼 버닝은 늦은 감이 없지 않나 싶어서요. 예전에 만들어놓은 25레벨 렌 있는데 그냥 이걸로 시작해도 될까요 ? 닉네임도 마음에 들어서 .. 그리고 시작하면 필수로 현질 해야하는 캐시템이나 패스 같은거 있을까요 ?"
2026-08-08,0,0,아이템,엠블럼 어떤 잠재가 더 좋나요?,둘중 어떤 잠재가 더좋나요? 방무 효율을 잘 모르겠어서...
2026-08-08,0,0,아이템,형님들 지금,패스 살만해요 ? 제네시스 패스권 사서 할만한가요 ??
2026-08-08,0,0,기타,카오스 3-5를 못 깨고있는데요,어떻게 해야하나요? 템셋팅은 7 혹은 8단계 템입니다 이 방법은 너무너무 복잡해서 저한텐 아무짝에도 소용없네요
2026-08-08,0,0,아이템,템세팅 조언 부탁드립니다,"닉네임: 성이언04 목표는 헥환 7~8만입니다. 현재 무기는 보방방에 에디21퍼, 보조무기는 보공X에 에디9퍼, 엠블렘은 똥블렘 공21퍼에 공15퍼입니다. 방어구는 카룻, 앱솔 17~18성 15퍼 에디 에픽2줄 장신구는 여명 및 보장 17~18성, 윗잠 15~18퍼, 에디 에픽2줄 가장 큰 고민은 방어구를 어떻게 넘어가야할지 입니다. 조언부탁드리겠습니다."
2026-08-08,0,0,기타,찐뉴비좀 도와줘!!(렙이 안올라!!),방금 캐릭터 생성한 뉴비인데 겔만 모자안에서 하이퍼 블링크 쭉 진행하다가 사냥2에서 100렙을 찍으라는데 소환된 몬스터 죽어라 잡아도 80에서 렙이 안올라가 ㅠㅠ
2026-08-08,0,0,기타,메이플 보호모드 본인인증,메이플 보호모드 하필이면 토요일에 걸려버렸는데 이거 주민등록초본 보내면 다음주 평일에 풀리나요??
2026-08-08,0,0,아이템,형들 지금해도,지금해도 늦지 않앗을까? 퇴사 엊그제 하고 뭐할까 하다가 일하면서 못한 메이플 해볼까 하는데 제네시스 패스랑 지금사도 문제 없을까 ?
2026-08-08,0,0,기타,285 찍으면 어떤 링크부터 3레벨 찍어줘야 하나요??,이번 챌섭 유입입니다 메생첫 285 찍었는데 링크 뭐부터 3레벨 찍나요??
2026-08-08,0,0,기타,마스터라벨 세트 질문입니다,마스터 별의전령세트 5세트 구입후 장착을했는데 외형 세트효과가 나타지않습니다 왜이러는거죠?
2026-08-08,0,0,아이템,4여명 5칠흑으로 7~8만 될까요?,"지금 18레에 4여명 + 5보장 + 1미트라 입니다 제 최종 아이템 세팅은 21성 27% or 22성 30% 4여명 + 마이링 18성 18% 이상 5칠흑 (미트라/몽벨/고근/거공/마도서) - 이벤트로 천천히 직작 할 예정 반지 4부위 - 시드링/가엔링/마이링/거공 나머지는 블빈마 30% 있어서 이거 끼고 뱃지는 몬파뱃지?? 하트는 플라즈마 하트 18 끼려고 합니다 방어구는 모자 상의 하의는 에테르넬 나머지는 아케인으로 18성 껴주려고 하는데요! 이렇게 해도 충분히 나올까요..?? 당장 한번에 맞출 자본이 안되서 이벤트 하면서 천천히 하려고 합니다! 템 순서는 싼 것 부터 보면서 부족한 부분부터 채우려구요 챌섭 유입으로 시작했는데 혹시나 다른 의견 있으시면 부탁드립니다ㅠㅠ 칠흑 22성이나 언컨 가기에는 갈 자본도 안되고 너무나도 먼 얘기라서,, 제외했어요"
2026-08-08,0,0,아이템,형들,보공 500퍼 잡히는데 이럼 무기나 보조 둘중에 하나 보공에서 마력으로 바꿔야하는거 맞지? 지금 제네무기 보공 윗잠2줄방무1한줄이고 보조는 보공 윗잠3줄이야 직업은 레테야
2026-08-08,0,0,아이템,선생님들 레테 하드메이린 템세팅부탁드립니다,현재스펙이고 칠흑은 지금맞추기에는 너무애매한거같습니다 레테라서 95퍼급만되도 어케트라이라도해볼텐데 현재 85%에서 어케올릴방도가 떠오르지않네요 헥사스텟은 3렙까지 다밀었습니다. 샤타하면 장신구들 18성찍을생각중인데 그거가지고는 한참모자라보이네요. 아 결계는 레전 10렙입니다.
2026-08-08,0,0,아이템,지난주에 챌섭 시작한 뉴비인데 제네시스 패스 사도 되나요?,"제가 7년정도 메이플을 안하다가 지난주에 다시 시작했는데요 이것저것 찾아보면서 해나가고 있긴 한데 이건 잘 모르겠어서요 제네시스 패스 지금 사도 기한 내에 다 완료할 수 있나요? 유튜브 보니까 제네패스가 좋다고 하시는 분들이 많은데 그게 다 6월기준이라.. 그리고 챌린저스 패스 보상은 이미 샀고, 훈련일지랑 보급일지요 메포 사서 못한만큼 따라붙어도 되나요? 아니면 그냥 아끼는게 낫나요 마지막으로 지난주에 시작했어도 챌린저까지 달성할 수 있는지 궁금합니다"
2026-08-08,0,0,아이템,뉴비 템셋팅좀 도와주소.... 220억 있는데,220억 있는데 이걸로 뭐해야 할가요 심볼부터 다 올릴가요?
2026-08-08,0,0,몬스터,님들 저 메린인데 윌 1페 이거 버근가요?,아니 윌 피통 밑에 시간이 다 되면 경고 뜨면서 눈을 찾아가야하잖아요 그래서 유튜브 공략보고 스페이스 ㅈㄴ 눌러서 눈 찾아서 있었더니만 실패했다면서 윌 피가 다시차요 눈을 때려야해요? 아님 그냥 가만히 있어요? 무슨 노란색 구슬을 본적이 없음 전 진짜 너무 화가 나요 빨리 알려주세요 고수님들 진짜
2026-08-08,0,0,아이템,챌섭 4여명5보장 18성 유에 장신구들 하나씩 19성 올리는거 비추인가요??,"19성이 싸져서 20억정도밖에 안하던데 제가 끼고있던걸 팔고 다시 사기는 좀 그래서.. 직접 하는건 별로인가요? 가엔링,분자벨,파풀마,도미 이렇게 18성입니다 나머지는19올렸는데 파풀마랑 도미는 노작값이 워낙비싸서 할지말지 고민이에요. 그리고 18에서19가는 기댓값이 보통10억이던데 이걸 고민하는거면 하트 매지컬작도 그냥 하는게 낫겠죠? 챌섭은 끝까지 있을 예정입니다."
2026-08-08,0,0,아이템,해방 무기 제네패스 코인 질문,이지칼로스까지 잡았구 담주부터 이적자 트라이 가보려구합니다!! 혹시 대적자코인샵에서 블큐랑 화에큐 중에 어떤 거 구매하는 게 좋을까요?? 심환불은... 우선 1추인지라ㅠㅠ 놔두려구요
2026-08-07,0,0,아이템,진짜 찐 뉴비 템세팅,초딩때 메이플 좀 하다가 이번에 다시 해볼려고 복귀했는데 해방까지는 맨땅 헤딩으로 했는데 그 이후부터는 뭘 해야할지 모르겠습니다... 스펙업을 하고 싶은데 뭐부터 손을 대야할지도 모르겠고 메잘알 형님들 조언 해주시면 감사하겠습니다 ㅠㅠ 제네 무기 잠재도 카블큐로 돌려봤는데 시원찮고 이벤트 골큐도 아무것도 모른 상태로 그냥 블랙 보조에 다 발라서 골큐도 없습니다..
2026-08-07,0,0,아이템,아버 이후 템세팅 질문...,"메쌤들 지금 친구랑 아버 이후에 아이템 어캐 맞출지 머리 싸매고 고민하고 있는데 아무리 생각해도 바로 에테로 넘어가는 건 진짜 너무 부담스러운데 3카 5아케인으로 살다가 에테로 조금씩 바꾸는 편이 나을까요...? 도미도 맞춰야 하고 컨티, 리레도 사야 하고...방어구에만 집중하면 어캐든 할 수 있는데 다른 장비도 아직 투자가 좀 필요해서 방어구에만 집중하기가 너무 힘듭니다 ㅠㅠㅠ"
2026-08-07,0,0,아이템,제내무기 에디셔널,제내무기 윈브인데 오른쪽 or 왼쪽 뭐가 맞을까요?!
2026-08-07,0,0,아이템,메린이 본캐 템 질문드립니다!!,지금 루컨마를 사려는데 어느정도 루컨마를 살지 고민됩니다! 9 6 6 23억 9 9 6 30억 잡레 40억 27% 47억 잡레사서 블큐 던질것같은데 뭘살지 모르겠어서 남겨봅니다! 지금 끼는템은 이렇게입니다 템환 5.8 헥환 4.7이에용 [이미지] [이미지] [이미지]
2026-08-07,0,0,기타,이메일 변환 명의이전 질문 잘아시는분만,"이메일 아이디 변환시 메이플 ID 3개 집어 갈 수 있는거 이용한 명의이전 질문입니다. 넥슨 아이디 : xxxxxxx 메이플 ID 1번 : xxxxxx@xxx.xxx 메이플 ID 2번 : xxxxxxxx 메이플 ID 3번 : xxxxxx 메이플 ID 4번 : xxxxxxx 이렇게 있을때 2,3,4번 집고 1번만 주인없게 만들어서 명의이전 가능한가요? 1번 메이플ID가 이메일 형식인거는 상관없는 건가요?"
2026-08-07,0,0,기타,챌섭 리프질문,"285 환산 6.2 헥환 5.4 레테 옮길까합니다 본섭 유니온 8900, 아티는 32렙, 유챔은 이적자까지 가능한 렌 1개 있습니다. 본섭에 석펫 1개 있고 챌섭에 3개있어서 옮기면 석펫 1개 더 사서 5석으로 다닐 예정입니다. 챌섭패스는 살수있는거 다 샀고 보상도 필요한건 거의 다 산 느낌인데 옮겨도 괜찮을까요?"
2026-08-07,0,0,기타,솔 에르다기운 관해서 궁금한게 있습니다.,요번 주말 에르다데이일때 25개를 꽉채운상태에서 개속 재획을해서 기운을먹으면 기운이 인벤에 들어오는건가요 아니면 사라지는건가요? 꽉채운상태에서 어떻게 되는지 궁금해서 질문드립니다
2026-08-07,0,0,기타,세트효과 어떻게 가져가는게 좋을까요,4카 4앜 2에테 vs 4카 5앜 고민중입니다 가격은 에테 크주 깡통 = 18앜 크주 견망신은 이미 아케인 18성 15퍼에 아래 2줄 직작해서 크장에서 갈릴거 같은데 뭐가 더 좋을까요
2026-08-07,0,0,아이템,제네무기 질문입니다 메짱선생님들,썬콜인데 추옵/윗잠/아랫잠 중 뭐부터 해야할까요 지금 대적자 코인은 3500개 있습니다 ㅠㅜ
2026-08-07,0,0,아이템,선배님들 대적자큐브 어디다 쓸까요,1.윗잠 이탈 3줄 뜨기 기도하기 2.에공삼 기도하기 3.추옵이나 더 돌려보기
2026-08-07,0,0,아이템,스타포스,파괴 확률 2퍼센트라고 적혀있는데 했다 하면 터지는데 원래 이런건가요 ㅠㅠ
2026-08-07,0,0,아이템,지금 에테 쿨뚝 사둘만함니까?,에테 상하의 잠재만 돼 있는거 사서 샤타때 올려서 입으려고 준비했는데 2초쿨뚝도 미리 사둘만한가요? 지금 35억 정도 돼 있던데 백숙값인건지 잘 모르겠네요
2026-08-07,0,0,아이템,미트라 교체 타이밍 궁금합니다,옛 중고뉴비라 이번에 챌섭에 많이 투자해주면서 챌린저 단 이후로는 다시 기존 본캐에 눈이 가더라구요. 헥환 4.7짜리인데 엠블이 방40공9뎀9 / 공21퍼 짜리 기존똥블이있는데 길게보고 스펙업해줄때 미트라 교체 타이밍은 언제쯤이 좋을지 궁금합니다. 인플레가 심해져서 사실상 챌섭 캐릭터가 본캐보다 쎄진 정도이긴 하지만 결국 기존 캐릭터에 애정이 많이 가기도 하고 본캐를 바꿀 정도는 아닌거같아서 이젠 여기에 돈 쓰려고하는데 조언 부탁드립니다!!
2026-08-07,0,0,아이템,여명보장은 추옵 얼만큼 써야되는건가요?,찾아보면 24년도 글에 140제는 120급 160은 130급부터 쓸만하다는데 높다생각이드네요 그냥 100급이면 쓰는게 정배겟죠?
2026-08-07,0,0,아이템,놀긍 파풀마 너무 잘붙었는데요,"첫작이 인트6, 마력6 너무 잘떳는데 이거 뭘로 작업해줘야하나요? 나머지 5개 남았는데 님들이라면 뭘로 작 하시겠어요? 파풀마라 비싼건 아니고 가성비로 뭐가 좋을지 궁금합니다! [이미지]"
2026-08-07,0,0,아이템,제네 무기 대적자 코인 질문,"대적자 코인 4000개 정도 남았는데 잠재, 에디 중 어디에 써야 괜찮을까요?"
2026-08-07,0,0,아이템,챌섭 파풀마 사려는데 고민이에요!,지금까지 핑크빈 잡아대며 블랙빈마크 나오길 바랬지만 안떠서 이번에 4억엔가 파풀마 샀는데요 생각해보니 유니크잠재능력주문서가 없는거에요.. 음.. 그래서 노작 다시 팔고 유니크 보니까 9억이던데 9억에 파풀마 유니크잠재를 살지 4억에 파풀마 노작 사서 그냥 에픽 9퍼나 띄워서 써야할지.. 유니크 띄우려면 5억은 더 쓰잖아요?? 이럴줄 알았으면 저번주에 큐브이벤때 사서 띄워놓을걸 ㅠㅠ
2026-08-07,0,0,시세,커포링 극추옵….?,커포링 인트 186급인데 추옵값 받을 수 있는건가요…?
2026-08-07,0,0,기타,스팩업 질문드립니다.,안녕하세요 현재 메이린 환산 105퍼 정도 나옵니다 지난 스타포스때 정지상태였어서 스타포스 기다리고 있는데 이번에도 아니어서 고민이 됩니다. 돈은 메제+다조판매+채집해서 수급하는데 스타포스 지금 17성 올리는게 나을까요? 다음주도 샤타포스 아닐 거 같은데 존버 하는게 나을까요? 탬 첨부드립니다. [이미지]
2026-08-07,0,0,아이템,스펙업 질문,"현재 스펙에서 목표는 익검 파티격(60~80%)입니다. 헥사 강화와 어빌리티는 천천히 할 생각입니다. 기존 테네링, 어웨이크링, 플라즈마 하트 세팅에서 22성 마이링, 18성 거공, 18성 언컨, 창벳으로 넘어가려고 하는데요. 이 계획대로 진행해도 괜찮을까요? 그다음으로 시간 텀을 두고 '22성 칠흑 후 21성 에테르넬' 순서가 맞을지, 아니면 '21성 에테르넬'을 먼저 올리는 게 좋을지 조언 부탁드립니다. 혹시 이 외에도 추가로 보완하거나 건드려야 할 부분이 있다면 조언 부탁드립니다."
2026-08-07,0,0,기타,사냥용 어빌리티 질문드립니다!,화질 안좋은점 죄송 ㅠㅠ 아이템 드롭 19퍼 메소 획득량 14퍼 이렇게 떴는데 2개 잠그고 돌리나요??
2026-08-07,0,0,아이템,레테 하드 메이린 스펙 업 질문 있습니다!,"안녕하세요 어제 285 찍고 하메 트라이 해봤는데 2.3퍼 정도 남길래 70억 모은거로 템 하나 사볼까 하는데 환산에서 컨티4 바꾸는거랑 마도서 바꾸는게 완전 똑같은데 20억 가량 컨티4가 싸더라고요.. 그럼 컨티4로 바꾸는게 나은거겠죠? 아니면 1,2주 밀리더라도 아싸리 돈 더 모아서 17 레에 거공이나 22마이링을 사는건 비추일까요? [이미지]"
2026-08-07,0,0,아이템,플하 터짐 ㅠㅠ,파방 하지않고 터져버렸네요.. 15억 메소로 복구하는게 나을까요? 아님 페하에 유잠 발라서 쓰다 나중에 메소 더 생기면 복구하면 될까요? 원래 쓰던 플하는 레전 두줄입니다
2026-08-07,0,0,아이템,스펙업 질문있어요,에테 상의 주스탯 26% 하의 주스탯 23%인거 카르마 블큐로 세줄띄우기 vs 가엔링이나 커포 사서 윗잠 27% 이상 띄워보기 (가엔링/에스텔라 둘 다 18성 유에급 프악마작입니당)
2026-08-07,0,0,아이템,뉴비 칠흑 질문있어요,지금 미트라 하나 있는데요 제 스펙이 이런데 칠흑 순서를 어떻게 봐야할까요?? 또 이벤트 유잠이랑 17성 발라서 18성 노리는건 괜찮나요? 칠흑30퍼나 좀 되어있는건 비싸더라구요ㅜ 최종목표는 익스우2인 이긴 한데 좀 길게 보고있어요 지금 챌섭 이지카링 도전하는데 배율은150펀가 나오는데 너무 어려워서 스펙업을 좀 해보려구요..
2026-08-07,0,0,기타,진짜 초보 메린이 질문있습니다,"일단 메이플 자체를 처음 해보고, 직업 렌 선택하고 그 하이퍼 뭐시기 모자들어갔다가 나오는걸로 200레벨은 되었습니다. 근데 그 이후로 뭘 해야할지 뭐부터 건드려야할지 너무 막막하네요..."
2026-08-07,0,0,시세,실례합니다.. 커스텀 스킨은 어디서 구하나용.. ?,실례합니다.. 커스텀 스킨은 어떻게 어디서 구하나용.. ? 그리고 혹시 제로인데 남캐여캐 쿠폰 하나만사도 각각 쓸수잇나욥 ?
2026-08-07,0,0,퀘스트,뉴비가 모험미션 질문드리겠습니다!,[이미지] [이미지] [이미지] 모험미션 중 보스전리품 2세트 효과 활성하기를 받았습니다 그런데 세트 아이템을 착용했는데도 퀘스트가 완료가 안되네요 ㅜ 어떻게 해야 될까요 (팁과노하우 게시판에 해당 글을 올린 걸 댓글로 알게 되어 즉시 삭제했습니다 죄송합니다ㅜ)
2026-08-07,0,0,아이템,메린이 많이 성장했지만 다시 막막해짐..,"[이미지] [이미지] (펫은 석펫 1개, 원더블랙? 2개 펫장비까지 주문서작해서 모두 맞춘 상태입니다) 챌린져스 등급 72000점에 마스터 찍었고, 이지 칼로스까지 잡은 상태입니다. 이제 장신구를 교체해야 할 시기 같은데 어떻게 해야 할지 감이 안 잡혀서요 1. 노작 상태인 여명 장신구에 17성 바르고 샤타포스?? 하는 날에 18성 찍으면 되는 건가요?? 아니면 샤타포스 하는 날에 1성부터 18성까지 찍어보고 터지면 걍 17성 강화권 써서 17성 쓰는건가요?? 2. 18성 방어구 강화권은 검색해보니 아버 사라지는 거 대비해서 아케인에 쓰라는데 혹시 부위는 어디로 하는 게 좋을까요?? (직업은 렌입니다) 3. 33억.. 그지지만 어디에 써야할지 조언 부탁드립니다. 일단 지금 이벤트로 받고 구매할 수 있는 큐브는 전부 다 쓴 상태입니다 ㅠㅠ 하드 메이린 잡으려면 1억 투력은 넘겨야 한다는데 막막하네요. 그래도 이왕 시작한거 챌린져 도전해보고 싶은데 조언 부탁드리겠습니다"
2026-08-07,0,0,아이템,스펙 얼마대부터 다조 그만팔고 사먹어야하나요?,지금 환산 57500 헥환 48000에 조각 3000개정도 썻다 나와잇는데 뚱에르다 남아돌아서 그냥 부스터로 바꿔먹는중인데 손해같아서.. 어느스팩대부터 다조 안팔고 사먹어야할까요?
2026-08-07,0,0,아이템,본캐를 올릴가요 버린 부캐를 살릴까요,현재 챌섭으로 복귀해서 재밌게 아란 키우고 있는 중고 쉰입 입니다. 지금 본캐 285찍고 헥환 5.71인데 슬슬 이전에 버리고 떠났던 본섭 캐릭터들이 보이더군요 마침 키우는 아란도 익스우 솔격 까지는 많이 남은거 같구요 이전 본캐였던 레레 엠블렘만 남아있는 바이퍼를 천천히 살려볼까요 아니면 조금 더 열심히 투자해서 아란을 계속 키워 익스우 솔격을 노려볼까요 만약 익스우 솔격 추천해주시면 번거롭겠지만 템세팅 방향성도 같이 추천해주시면 감사하겠습니자 [이미지] [이미지] [이미지]
2026-08-07,0,0,아이템,칠흑 33퍼사서 미라클때 에디레전 보내는거 어떤가요?,칠흑 33퍼사서 아래 에픽2줄 걍 쓰다가 미라클 때 에디레전 보내고 2줄쓰는거 어떻게 생각하시나요 스펙업은 제한 안두고 꾸준히 스펙업 하고 싶은사람입니다
2026-08-07,0,0,몬스터,카링 3페 질문점요!,햄들 석상 피 >>>> 카링 피 1칸 맞죠? 석상마다 거의 2극 써야 석상 하나 죽이던데 석상 하나 죽이고 다른석상가서 또 극딜쓰고(카링은 극딜쓸때 쳐맞아서 자동으로 피까임) 아니면 석상 피를 다 균등하게 깎아야 좀 더 편한가요? 석상 잡는 순서같은거라도 있는지 조언좀 부탁드림다
2026-08-07,0,0,아이템,안녕하세요 선생님들 템 진로 고견좀 여쭙습니다,"안녕하세요 5년만에 이번 챌섭 복귀 하고 재밌게 즐기고 있는 메린이입니다 이번에 샤타포스 일줄알고 약 350억 정도 준비해놨는데 샤타포스가 아니어서 조금 늦춰진김에 좀더 효율적으로 스펙업 하고 싶어 선생님들의 고견 좀 얻어볼까 하고 가입하게됐습니다. 제가 생각한 방법은 1. 샤타때 커포 30퍼 깡통 구매 후 18성 + 데브펜 30퍼 깡통 구매 후 22성 + 에테 장갑, 뚜껑, 견장 18성 도전 ( 에테 모자랑 견장은 저번 미라클때 잠재만 만들어 뒀습니다) 2. 현재 착용중인 미트라 판매 후 공공방 42퍼 미트라 구매 + 커포 3. 현재 착용중인 미트라 판매 후 공 51 미트라 구매 이렇게 세가지 중에 고민중 입니다 셋중에 그나마 효율이 좀 더 좋은게 있다면 추천 부탁드리고 더 좋은 방향이 있다면 알려주시면 정말 감사드립니다 주저리주저리 쓴 글 읽어주셔서 감사드리고 점심식사 맛있게 드세요!"
2026-08-07,0,0,아이템,월드 간 캐시 이동이 있었나요?,혹시 지난 주년 이벤트 때 월드 간 캐시이동권이 있었나요?
2026-08-07,0,0,아이템,하드 메이린 잡고 싶은데 스펙업 방향을 알려주세요!,[이미지] 챌섭 보마이고 메이린 92% 나오네요 보조는 보35 공9 뎀9 / 에픽 9% 입니다 가성비 있게 스펙업 하기 위한 수단이 궁금합니다 여유돈은 50억정도 있습니다. 주보는 꾸준히 잡고 있어요 헥사는 기운이 부족해서 되는대로 찍고는 있습니다
2026-08-07,0,0,아이템,뉴비 보조무기 질문,저번 주 미라클에 교가 보조무기 유니크에서 레전으로 등급업을 돌렸습니다. 분명 기댓값이 35회였는데 천장 직전에 레전을가서 개손해를 봤는데 이거 지금이라도 처분하고 블랙보조 직작하는게 나을까요??
2026-08-07,0,0,직업,조각 사용처 질문합니다 ! (스펙업 관련),현재 템환 헥환 이러한데 노적자돌이까지 올린 후 10-11월 쯤 템 구매하여 6-7만까지 보려고 합니다 지금 여름 이벤트기간동안 다조가 비싼만큼 솔에르다 수급량이 많아서 고민인데 조각을 다 써가면서 헥환 꾸준히 투자가 나을까요 ? 아님 다조는 비싼만큼 다 팔고 비수기때 템세팅위해 돈을 모으는게 맞을까요 ? 댓글로 의견도 같이 주시면 복받으실겁니다 ! Q 제목: 다조 사용처 최대 2개 선택 가능 참가자: 12 명 (무기명) 팔고 템 살 돈 모은다 헥환 올린다
2026-08-07,0,0,아이템,뉴비 칠흑셋 순서 질문있습니다!,미트라 가격 떨어져서 칠흑셋 현질좀 해서 맞춰보려고 하는데 어떤 순서가 좋을까요? 고근은 그냥 싼매물 올라왔겠다 레유 있겠다 짭도미 보기 싫어서 사서 맞춰버렸습니다. 그리고 미트라 가격은 계속 떨어진다고 보시나요 고수님덜
2026-08-07,0,0,퀘스트,6차전직 아케인스톤 채울때,4배쿠폰이랑 부스터 쓰고채우는게 좋나요?
2026-08-07,0,0,아이템,무자본 하드메이린 방향 추천 부탁드립니다.,"282레테 (더리퉤) 입니다. 매번 챌섭 찍먹 하는 사람인데 이번 목표는 하드메이린으로 잡고 있고 모멘텀 말고 패스류는 전부 구매한 상태입니다. (아직 제네플러스 이적자 안 잡음) 본섭 캐릭터 한마리 포함 해서 주보 20억 정도 나오는데 어떻게 하는게 이상적인 스펙업일까요? 레벨은 284~285 정도 보고 있으며 현재 진행 할 예정은 챌섭 시그너스 150렙 찍기 - 이적자 잡고 제네무기 윗잠 돌리기 - 에스텔라 17성 만들기, 펫 2마리 구매해서 펫장비 착용하기 - 에디 아랫잠 레어 에픽으로 변경하기 - 보스큐브로 파풀마 윗잠 15퍼 - 장신구 18성하기 정도 입니다. 메생 처음으로 칼로스도 잡고 검마도 솔플하고 메짱되가고 있는 거 같습니다."
2026-08-07,0,0,기타,궁금해서 그러는데 유챔나온게 왜 다들 별로라는거야?,본섭에 본캐만 사냥하는것도 재미 없고 유챔 없으면 챌섭 285 링크만 보고 키우기엔 좀 별로인거 같고 그나마 유챔 있어서 챌섭 키우는 맛도 있는거같은데 템값도 어느 정도 유지되는거 같고 챌섭 뉴비만 하는게 아니라 유챔 이라도 있어서 다들 하는거 같은데 순수 궁금해서
2026-08-07,0,0,기타,에디 레전 천장 관련 질문,선생님들 제가 제네무기 에디셔널에 대적자 큐브+일반 카르마 화에큐 섞어서 천장까지 190개정도 쌓았습니다. 혹시 이 제네무기에 있는 천장이 다른 아이템 유니크 에디에도 적용이 될까요? EX) 미트라
2026-08-07,0,0,아이템,메린이)첫 285완료 mvp작 및 템 방향성 질문드려요,이제 285찍고 이지카링까지 잡아보았습니다.. 한달에 100억정도 투자할려고하는데 이제는 어떤방향으로 해야할지 모르겠네요... 현재 120억정도 있습니다 1) MVP 현재 다이아 레드작까지 50만 남아있는데 이번달은 레드작하는게 맞을까요? 2) 어떤템을 우선적으로 맞춰야하는지 궁금합니다.. [이미지] [이미지]
2026-08-07,0,0,아이템,진로 고민 도와주세요,"챌까진 달았는데 이제 뭘 해야할지 모르겠어요 일단 생각중인게 1. 돈모아서 17~18에테 둘둘하기 2. 아직 아버 기간 많이 남았으니 방어구 제외 다른 부위 템 스팩업하기 뭐해야할까요 만약 2번을 한다면 18여명, 20블빈마, 21 콜클벨 중에 어디부터 건들여야할까요?"
2026-08-07,0,0,기타,펜던트 토드 질문있습니다..,18고근 하나만드려는데 140제 데브펜이 160제 고근 토드가되나요? 복귀유저라 10단위씩으로기억하는데 혹시나해서요
2026-08-07,0,0,직업,렌 스펙업 고민,284 렌 키우고 있습니다. 스펙업 해서 메이린 잡고싶은데 뭐가 제일 가성비 스펙업일까요? 1. 38억주고 컨티4렙산다 (현 3렙끼고있음) 2. 38억치만큼 밀린 심볼세금 낸다.. ( 지금 차례대로 6 6 6 5 5 렙임) 둘중 뭐가 더 스펙업 클까요?
2026-08-07,0,0,아이템,칠흑 상자에서 마깃안 먹었는데 팔까요 쓸까요,노말 메이린 잡다가 상자 떠서 깠는데 마깃안 떴어요
2026-08-07,0,0,아이템,스펙업 질문!,[이미지] [이미지] [이미지] 이번 챌섭으로 복귀했는데 스펙업 질문 드립니다 200억이 있는데 아래 사진 스펙(환산 7.3 헥환 6.3)에서 무엇을 하는게 더 좋을지 선생님들 의견좀 여쭙고자합니다 1번(샤타할때) 고근. 마깃안. 거공. 플하 18성 4부위 파방 데브펜. 가엔링 21성 돈 남으면 21퍼들 큐브 or 헥환 강화 2번 돈 더 모아서 언컨 레에 18성 사기 환산주스탯상으론 1번이 조금 더 오르는거 같긴한데 해당 템들 별을 직작하는게 맞늨지 잘 모르겠어서요 의견 한번만 남겨주십시오
2026-08-07,0,0,시세,오토스틸 12퍼 팔리나요?,메멘토 돌리다 오토스틸 12퍼떴는데... 궁수직업인데 팔리려나요 [이미지]
2026-08-07,0,0,아이템,제네무기 뭐돌리는게 정배인가요?,남은 대적자 큐브 윗잠 아랫잠 어떤거 돌리는게 맞나요 메짱이형들
2026-08-07,0,0,아이템,10억있는데 카유잠 어디에 쓸지 추천부탁드립니다,1. 12성 레유트왈마에 바르기(+100만) 2. 골클벨 노작17성 사서 바르기(+150만) 3. 분쿰벨 노작17성 사서 바르기(+180만) 이번주 샤타일거같은데 트왈마 바르고 10억이라도 아꼈다가 다른 장신구 18성 트라이가 맞을까요?
2026-08-06,0,0,기타,보스 질문있습니다!,보스 파티로 가는 이유가 따로 있을까요??
2026-08-06,0,0,아이템,대적자코인 사용처 궁금해요,직업은 제로고 깡1추 윗잠 공21 보30 아랫잠 공21 뎀9퍼 입니다 여기서 이제 대적자블큡으로 이탈을 노릴지 아랫잠 공30을 노려야하는지 모르겠어서 질문 드립니다..!!
2026-08-06,0,0,아이템,제네패스 코인 사용 질문,직업은 아델입니다. 현재 이적자 까지 잡고 제네패스 코인 1500개 남아있습니다. 제네무기는 윗잠은 방40 보공 60 아랫잠은 유닠 공15이고 추옵은 2추 보힘 입니다. 지금까지 코인 전부 윗잠에 박았는데 안떴습니다. 그리고 현재 에디레전 천장까지 2번 남아있습니다. 그냥 그대로 윗잠에다가 박을까요 아니면 에디 천장으로 등업하고 에디를 돌릴까요?
2026-08-06,0,0,시세,샤타 시세질문,제가 처음으로 마깃안을 메이린에서 먹었는데 내일 만약 샤타소식이 올라오면 노작 마깃안 한 40억쯤에 팔수있을까요?
2026-08-06,0,0,몬스터,익스우 처음 도전할때 몇퍼로 도전하는게 정배인가요?,70퍼 부터 2인 트라이파면 사람 있을려나요
2026-08-06,0,0,기타,필터키 수치 질문 있습니다.,보니까 필터키 말씀하실 때 0 / 180 / 1 이런 식으로 말씀하시던데 각각 뜻하는게 DelayBeforeAcceptance / AutoRepeatDelay / AutoRepeatRate 맞을까요?
2026-08-06,0,0,아이템,챌썹 코인 사용처?,"다조, 골드큐브는 다 털었는데 남은 코인은 프펫, 프악에 다 털면 되나요? 아니면 다른 우선순위가 있나요?"
2026-08-06,0,0,아이템,연합토큰 어디에 쓸까요,유잠1개 에에잠3개 남았는데 트와일에 바르면 될까요
2026-08-06,0,0,아이템,보공 과다 질문,[이미지] 대적자 큐브가 남아서 보공을 마력으로 바꿀 수 있으면 바꾸려고 아님말고식으로 던져보다가 보보보 올이탈이 떴습니다 물론 굉장히 감사한 일이고 기쁘기도 한데... 보공만 너무 많으면 효율이 급감한다고 들어서요 [이미지] 심지어 사용하고 있는 보조도 보보보여서 보공 다이어트가 필요한 상황인지 궁금합니다 헥사 환산 4.8 정도의 저스펙이라서 아직은 큰 상관 없을까요?
2026-08-06,0,0,아이템,마깃안 170급,이런거 전승용으로 팔리나요..? 돌리다가 떴는데
2026-08-06,0,0,아이템,프악공 프펫공 질문드립니다,프펫공 2마리 완작했는데 루컨마에 프악공 6장 바르는거보다 놀긍떡작 먼저하고 펫 3마리 먼저 완작하고 나중에 프악공작 해주는게 나을까요?
2026-08-06,0,0,아이템,제논 마도서,제논 마도서 추옵 어떻게 계산하나오?
2026-08-06,0,0,아이템,복귀유저 템세팅 질문드립니다.,"[이미지] [이미지] 안녕하세요. 이번에 챌섭으로 복귀해서 보마 열심히 키우고 메소도 많이 모아둿는데 어떻게 스팩업하는게 효율이 좋은지 몰라서 질문드립니다~! 노말 세렌 170%에서 겨우잡아서 하세유챔 170%까지는 올려보려고 합니다. 현재 190억 모았고 스팩업 예정해둔게 프펫공작, 프악공작 마무리하고 샤타포스날 에테장갑 17성 이렇게 생각하고 있는데 그거 다하고 더 스펙업 할려면 어떤거 하는게 좋을까요?"
2026-08-06,0,0,아이템,18성 주문서 어디에 쓰나요?,챌섭에서 활동 중이고 이번에 아케인 잠재만 된거 찾아서 바를려고 했는데 문제가 지금 싹 다 아케인 18성인게 전부라서 제가 찾는 매물이 없어요.. 잠재만 된걸 사서 바를 목적이었는데 이미 다 18성에 잠재도 된거라 18성 주문서를 어디에 쓸지 고민입니다. 아니면 팔라는 말도 있었는데 18성 주문서 얼마 정도 하나요?
2026-08-06,0,0,기타,오리진가속,오리진 가속이 뭔가요? 복귀유저인데 정확히 설명되있는 글이 없어서 여쭤봐요
2026-08-06,0,0,기타,메소 버는법...?,안녕하세요 예전 우루스처럼 돈 버는법없나요? 이제 보스사냥 하는법밖에없나요? 스펙낮은 260~70대 기준으로 보스 추천 및 메소버는법점요 ㅠㅠ 시간상 오래사냥을 못해요;;
2026-08-06,0,0,아이템,제네시스 무기 1추랑 2추보공중에서 어떤거 골라야하나요?,투력은 오른쪽이 더높게나오는데 골라도될지 모르겟습니다
2026-08-06,0,0,아이템,챌섭 호영 템셋 질문,"이번 챌섭 호영으로 시작했고, 메소 벌어다줄 부캐는 따로 없는 상황입니다. 따로 현질은 계획에 없고, 패스같은 것만 가성비 좋게 나오면 살 생각입니다. 정보를 어느정도 찾아보니 크뎀 장갑, 리레 4렙 등을 챌섭이 끝나면 사야하는 것 같은데, 우선순위를 잘 모르겠어서, 러프하게 방향성이라도 잡아주시면 감사할 것 같습니다!"
2026-08-06,0,0,아이템,"보조무기 보공40,35 차이가 큰가요??",보조무기 5줄짜리 구하는중인데 첫줄에 보공35짜리랑 40짜리랑 차이가 클까요??? 가격은 차이가 좀 많이나서 큰차이 없으면 35짜리를 살까하는데 직업이 와헌이라 물량도 많이 없어서 고민입니다.
2026-08-06,0,0,아이템,제네플 잠재 더이상 건들지말고 환불 돌릴까요 ?,윗잠 아랫잠 전부 띄워놓긴했는데 이대로 놔두면 될까요 ?? 에디에 렙당 1은 효율이 얼마나 좋은지 잘 모르겠습니다.. 일단 1추만 목표로 환불돌린다면 남은 제네플 코인은 어디에 쓰는게 좋을까요 ?
2026-08-06,0,0,기타,메이플 디스코드 라운지에 대해,"경매장으로 수수료작해주는게 당연한 일반적인건지 아니면 ㅁㄴㅇ처럼 경매장은 잘안해주고 마빌거래하는지 궁금합니다. 그리고 레벨290이상,유니온9000이상이면되려나요"
2026-08-06,0,0,시세,챌섭인데 이거 얼마인가요??,보스잡다가나왔는데 이거 얼마인가요?? 경매장에도 없어서
2026-08-06,0,0,기타,보스깨고 튕기면 제네플러스 퀘스트 안깨지나요?,.
2026-08-06,0,0,기타,저도 유튜브보면서 재획하고싶은데,퇴근하고 한 두시간씩 그러고싶은데 완전 쌩 뉴비 입니다 좀 알려주실수있나요
2026-08-06,0,0,기타,안녕하세요 이번챌린져로 유입된 유저입니다,다른게아니라 혹시 데미지스킨 xx억 이렇게 글씨가 억 으로 나오는거 어떤 스킨 인가요?? 설정 창에 는없던대 따로 데미지 스킨을 구해야하는건가요??
2026-08-06,0,0,아이템,심볼 5렙되는거 머에여?,강화 안했는데 왜 5렙이 되는거에요?
2026-08-06,0,0,아이템,이지 대적자가 안잡혀서 다음 템세팅 조언좀요..,지금 전투력 1억근처인데 이지 대적자 뉴비 이슈로 못잡구 있어서 스펙업을 좀 더 해서 200퍼 맞추고 도전하려고 하거든요 ㅠ 지금 고민 중인게 제 엠블렘이 윗잠 마력 18퍼 아래 6퍼인데 이걸 천천히 돌린다 생각하고 미트라 레전을 사고 마도서를 사서 칠흑 2셋을 하는게 나을까요 아니면 돈 더 모아서 마이링 22성을 사는게 나을까여 엄청난 고민에 빠져있슴다...
2026-08-06,0,0,아이템,아케인 파이렛햇 봐주세요!!!,메린이 입니다.... 아케인 파이렛햇 레/에 인데 레전드에 str 12 12 붙었는데 팔릴까요? 아님 쓰레기 옵인가요 팔리면 얼마쯤이 적당한가요...ㅠ 답변해주시면 감사하겠습니다!!
2026-08-06,0,0,아이템,제네패스 지금써도 괜찮은가요??,제네패스 안쓰고 있는데 지금해도 괜찮나여??
2026-08-06,0,0,아이템,제네 플러스 코인 뭐돌릴까요?,안녕하세요 챌섭에서 유입된 캡린이입니다. 지금 제네 무기 정옵을 좀 빨리 뽑아서 윗잠 보공 70 공 9퍼 / 밑잠 공 21퍼 / 추옵 2추 17퍼 입니다. 제네플러스 코인이 좀 남아서 어디에 돌릴지 고민입니다. 보공 3줄이 최적이라는데 보조가 보보공인지라 윗잠을 돌려서 공2줄 이상을 노릴지 밑잠 21퍼 +@를 노릴지 추옵을 돌릴지 고민인데 어떤거를 추천하시나요?
2026-08-06,0,0,기타,계정판매를 했었는데,5월에 계정판매를 했었는데 사간 사람이 제 계정으로 사기를 치고 다녀서 지금까지 경찰서에서 연락이 4번정도 왔었는데 오늘 또 연락 받고나서 경찰분이 비밀번호를 바꾸던가 조치를 해야한다던데 제가 비밀번호 바꿔도 되는건가요 이거? 그 전에 경찰분들은 별말씀 없이 넘어가셨는데
2026-08-06,0,0,아이템,드메 100/100기준이 템잠재기준인가요?,보통 템잠재 10줄챙기는거 말하는건지 아니면 소재비+심볼 다합친 표기상 확률을 말씀하는건지 궁금합니다
2026-08-06,0,0,기타,수로랑 플래그 돌아도 오프접하면 안되는 이유가 궁금해서 질문을 합니다아,길드 컨탠츠인 수로 랑 플래그 를 다 참여 했는데도 며칠동안 계속오프라인 접속으로 들어가면 추방사유 라는데 왜 그런건지 설명해줄수 있나요? 제가 쫒겨난거 아니고 몇몇길드에서 그런공지나 설명이 적혀있어서 궁금해서 물어봅니다!! 저처럼 궁금한 사람 있을수 있으니 글삭제 안해요!!
2026-08-06,0,0,아이템,잠재 좀더 돌려야될까요?,"메린이인데 이번에 챌린저 달아보고싶어서 하드 메이린 목표로 하는중, 지금 투력 1억정도 됩니다. 현재 무보엠 스펙이 제네무기 : 윗잠 레전 (보공 70%) / 에디 레전 (마력 12%) > 에디는 좀 더 돌릴 예정 보조무기 : 윗잠 유니크 (마력 15%, 보공 20%) / 에디 유니크 (보공 12%, 마력 6%) 엠블렘 : 윗잠 레전 (주스탯 12%, 마력 18%) / 에디 유니크 (마력 15%) 이 상황인데 큐브는 조금씩 쌓여가는데 어디에 확 투자해야될지 잘 모르겠습니다..ㅠ 옆그레이드가 되더라도 보조, 엠블렘 레전 등업을 위해 화에큐 투자가 맞는지, 아니면 일단 무기 에디 2줄을 어캐든 빨리 띄우는게 맞는지 (이미 레전오고 화에큐 40개 넘게 던지긴 했는데 2줄 이상이 안떠서...) 요약 : 무보엠 중에 윗잠, 아랫잠에 블큐, 화에큐를 어느 우선순위로 투자하는게 좋을지 알려주시면 감사하겠습니다"
2026-08-06,0,0,아이템,대적자큐브 위아래?,감사하게도 깔끔하게 이미 주시긴했는데 남는거 어디다 던질까요
2026-08-06,0,0,시세,데이브 유니크19성요즘시세얼마하나요?,데이브 19성 윗유니크 듀블잠재 15퍼 아래잠 공10 얼마에 경매장에 올려야되나요? 22억에 안팔리길래..
2026-08-06,0,0,몬스터,보마 하드메이린 연모배율 103.6퍼에 어센트 2번봤는데 3.8퍼 남으면 최종뎀 얼마나 올려야할까요???,제목과 같습니다. 연모로 쳤는데 어센트 2번 오리진1번 행불1번 5차초기화 1번봤네요;; 중간에 해달패턴 실수해서 밀린것도 있긴한데 직장인이라 될때까지 트라이는 좀 피곤해서 최종뎀 얼마나 올리면 깰 수있을까요???
2026-08-06,0,0,퀘스트,하드메이린.... 왜 안될까요,배율도 어느정도 되는거 같은데 메린이라 손 문제일까요 에반이나 호영 카드가 잘 안뜨기도 하는데 미치겠네요. 도움 부탁드립니다 [이미지] [이미지] [이미지] [이미지] [이미지]
2026-08-06,0,0,아이템,선생님들 세트효과 질문입니다,도전자셋에 아케인장갑을 하나끼면 아케인 2셋효과가 받아지는게 아닌가요? 그럼 굳이 아케인 템을 하나 껴서 스펙업하는 이유가 뭘까여 ..
2026-08-06,0,0,아이템,복귀뉴비라서 아이템 가격 질문 드립니다,루컨마 가격이 어느정도면 적당할까요? 일단 챌섭에 있긴한데 스카니아로 리프할 예정입니다 챌섭엔 아이템이 적게 올라와 있어서 이 추옵의 가치가 어느정도 되는지 잘 모르겠습니다 루컨마 깡통은 최저가가 11억정 [이미지] 도에 올라와 있습니다
2026-08-06,0,0,아이템,"메린이 오늘 첫 해방했는데, 잠재 돌리고 남은 블랙큐브는 어디에 쓰는게 좋나요?","오늘 메린이 인생 첫 해방하고, 에디는 운이 좋게 이벤트 화에큐로 레전 찍고, 잠재는 블큐 1개 돌리자마자 끝났습니다. 현재 엠블렘이랑 보조는 유에 1.5줄씩 쓰고 있습니다. 미트라가 너무 비싸다해서 안사고 미카엘라에 레전 잠재 발라서 메획템으로 쓰고 있습니다. 카르마 블큐 45개 남았는데 이거 어떻게 써야 효율이 좋을까요? 메소 열심히 모아서 미트라 잡 레전드리 사서 돌려야하는지.. 장갑 레전드리 사서 크뎀주텟 노려야하는지.. 아니면 파풀마같은거 잡레전 사서 돌리는게 나을까요? [이미지] 목표는 챌린저 달성해보는게 목표입니다!"
2026-08-06,0,0,아이템,대적자 코인 남는거 어디다 쓸까요..?,"밑잠 환산주스탯 아이템박스로 마21했을시 환산은 2올라가더라구요.. 챌섭복귀뉴비인데 잘 모르겠어서 질문드립니다 Q 제목: 대적자 코인으로 무엇을 살까요 (종료) 최대 1개 선택 가능 참가자: 8 명 (무기명) 26.08.08 12:00:00 마감 득표순 답변순 화에큐 (75%, 6표) 심환불 (12.5%, 1표) 블랙큐브 (12.5%, 1표) 투표가 종료되었습니다."
2026-08-06,0,0,아이템,복귀 유저인게 템관련 문의여,이번에 복귀해서 보스 돌다가 컨티4렙을 먹었는데 이걸 팔지 써야될지가 고민됩니다. 현재 레테 키우는중인데 아직 본캐를 안정해서 고민중입니다.
2026-08-06,0,0,아이템,택배 배송중,다조 택배 받으려고 하는데 배송중이라 못받는다고 뜨는데 이거 왜이런지 아시는 메잘알분 !!
2026-08-06,0,0,아이템,성님들 하드 메이린 목표하는 메린이 봐주십시오.,[이미지] [이미지] [이미지] 최대한 할 수 있는 스펙업은 해봤습니다. 지금 남은건 레벨 285이랑 이벤트링 잠재 바꾸는건데 이번에 이벤트링 큐브 너무 적게 줘서 거의다 썼습니다. 연합 토큰으로 살 수 있는 이벤트링 전용큐브도 10개 밖에 안남았어요. 어떤 곳에 스펙업이 필요한지 효율 좋은 순서로 추천 부탁드립니다.
2026-08-06,0,0,기타,성장 방향 조언 부탁드려요,"첼섭 복귀/ 첫해방 285 환산 6만 본캐 성장 방향 조언 부탁드립니다 현재 이지 카링까지 잡았고 노력하면 유챔 노말 칼로스(110%) 도 가능할 것 같습니다 다음 목표를 익스우로 하고 세팅을 더 할지, 멈춰야 할지가 고민입니다 1. 제네 무기 딱 정옵 (보공 35/35/30, 에디 유니크 9/6/6) 2. 본섭에 유챔 베이스가 아예 없음 (해방조차 못해봄) 3. 현질을 많이해서 더이상 현질을 멈추고싶음 (레드 유지 정도만) 더이상 세팅한다 해도 도전자 대체장비 세팅이 끝일거같슴다 (18성 24~30% 에테) 익스우까지 바라본다면 투자를 더 해야겠지만요.. 생각으로는 본섭기간은 메소를 모아서 챌섭 열릴때마다 유챔을 늘리고 유챔 육성하다가 해방무기 운좋게 잘뜨는게 본케 이게 더 맞는거같은데 어떻게 생각하시나요?"
2026-08-06,0,0,아이템,해방 코인 사용처 질문 드려요,추옵 1추 9퍼 입니다 이러면 심환불을 사는게 맞을까요 대적자의 블랙큐브 사는게 맞을까요?
2026-08-06,0,0,아이템,스펙업 순서,스펙업 순서에 카르시온 심볼 업글이 1번인데 굳이 왜 저게 먼저 뜨는건가요? 아직 284라 1업 더 해야하긴 하는데 다른 심볼도 있는데 굳이 저걸 먼저 스펙업 하라는 이유가 뭐죠? 어센틱 심볼 업글은 하나도 안했습니다
2026-08-06,0,0,아이템,남은 대적자 큐브 사용처,". Q 제목: 어디가 조흘꽈요 (종료) 최대 1개 선택 가능 참가자: 7 명 26.08.12 10:10:59 마감 득표순 답변순 윗잠이탈 (71.4%, 5표) 1츄 @ (14.3%, 1표) 에공삼 (14.3%, 1표) 투표가 종료되었습니다."
2026-08-06,0,0,기타,본섭 깡통캐릭 유챔하는거 별로일까요?,현재 본섭에 6만 본캐로 익스우 흉성 2인다니고 챌섭 캐릭은 285에 헥환 5만 찍고 유기했습니다. 현재 유챔이 2개라 적기도 하고 본캐 스펙업이 익스우 솔플 전까지는 가는 보스가 같아서 이참에 본섭에 260은월이 레유 엠블에 이벤링이 있어 이거를 한땀한땀 키워서 유챔을 해볼까 고민중인데요... 어림잡아 계산해보면 600~700억 정도 들 것 같긴 합니다. 깡통 은월 bm좀 몰아줘서 천천히 하세유챔 만드는거 어떻게 생각하시나요 아니면 본캐나 계속 할까요 ?
2026-08-06,0,0,아이템,남은 대적자 큐브 사용처,이제 남은 대적자 큐브 어디다 던질까요 잘 붙은 것 같은데 남은 걸 어떻게 할 지 모르겠네요
2026-08-06,0,0,아이템,메린이 질문(주문서작),페어리하트 주문서작 하기 전에 유니크 잠재부여 스크롤하고 에디잠재 부여 스크롤 썼는데 망한건가요..?
2026-08-06,0,0,아이템,하드 메이린 목표 템셋팅 조언좀 부탁드립니다,파풀마는 스타포스 강화권 쓸생각입니다 [이미지] [이미지] [이미지] [이미지]
2026-08-06,0,0,아이템,하트 업그레이드 모듈 질문있습니다,하트 업그레이드 모듈 : 플라즈마 챌섭 주화 상점에서 사서 리프시키면 본캐에도 줄 수 있을까요..? 본캐는 카링을 잡지를 못해서 페어리 하트로 살고 있는 상황인데 챌섭에서는 하드메이린을 클리어해 상급 코인이 생긴 상황입니다.
2026-08-06,0,0,아이템,대적자 큐브 어디에 던질까요??,에디 21.1퍼 급인데 그래도 공21퍼 뽑는게 나을까요 아니면 윗잠 이탈 포함 3줄 노려볼까요?
2026-08-06,0,0,기타,환산주스탯 헥사스탯 어캐하나요?,"왼쪽이 현재 오른쪽이 최적화 결과인데 지금 3 뚫으려고 하는데 새로 뚫는 3은 오른쪽 3(주스탯 공 크뎀)이랑 똑같이 만들고 1,2를 오른쪽 걸로 바꾸면 되는거임?"
2026-08-05,0,0,아이템,대적자 큐브 에디에 써야할까요,에디 마 21% 이상 뽑으려고 계속 돌리는게 맞나요?
2026-08-05,0,0,아이템,메린이 렌 방무 질문드립니다.,본섭가면 방무 필요하다는데 미트라에 방무달린거 사는게 좋을까요? 무기 보조 둘다 보공공입니다. 몇년전에 깔짝 했었어서 이번에 주는 비약쓰면 유뇬 8000은 넘을거 같습니다.
2026-08-05,0,0,아이템,에디천장 질문있습니다.,해방큐브를 하다가 에디셔널 레전드리 천장까지 화에큐 스택 30개 남은 상태로 유니크 966이 떠버려서 얼마 안남은 에디셔널 천장스택 활용해서 레유 미트라에 쓸 생각입니다 여기서 궁금한게 남은 대적자 화에큐 16개 쓸곳이 없어서 화에큐 스택 쌓는용으로 에디966 무기에 박을 생각인데 재수없게 등업을 할 경우 Before를 골라도 레전스택이 다 사라지나요 ?
2026-08-05,0,0,아이템,메린이 마도서 질문있습니다!,마도서 색이 여러개 있던데 혹시 색마다 차이가 있나요 ..?
2026-08-05,0,0,기타,레테 스공이 내려갔습니다,오늘 갑자기 스공이 내려갔습니다 원래 어제까지는 연모 풀버프 키면 스공이 8천만 언저리였는데 오늘은 5000만 정도 나와요 원래 1극딜로 오리진 안쓰고 검마 1페가 넘어갔는데 오늘부터 갑자기 안넘어갑니다... 전투력은 그대로에요 혹시 짐작가시는거 있는분 있을까요??
2026-08-05,0,0,기타,울티마 40렙부터 경험치 올리기 빡센게 맞는거죠?,"40/40/37레벨인데, 오프라인으로 15시간 돌리고 나니 전사랑 궁수는 경험치가 10%밖에 안올랐네요. 마법사는 100%넘게 오른거보면 사이클은 잘 돈거 같은데, 40레벨과 편차가 어마무지한게 제대로 키우고 있는게 맞겠죠? 3-1에 주차해놓고 있습니다. 클리어하는데 1:50정도 걸려요."
2026-08-05,0,0,직업,뉴비 검마까지 방향성 조언좀....,"메이플 연어마냥 여름/겨울때 마다 돌아와서 찍먹하고 떠나는데 늘 목표가 노말루시드 잡고 접고 휴메였거든요? 컨트롤을 잘못해서;; 이번에도 그렇게하다가 욕심이 생겨서 어쩌다보니 게임사에서 제공하는 커리큘럼? 아이템버닝플러스 보스 순서대로 격파해나가고 있는데 하다보니 잘 돼서 챌린저스 에메랄드 까지 찍었습니다 그래서 목표가 검마까지 한번 잡아보고 휴메 할려고 하는데 현재 전투력이 3600만이고 직업은 팬텀입니다, 현질한거는 챌린저스패스만 샀고 제네시스패스는 제가 진힐라까지 잡게될줄은 몰라서 안샀거든요 공략안보고 다 헤딩해가면서 깨고있는데 제일 힘들었던보스가 윌, 데미안이었네요 트라이 횟수가 역대급 찍은게 윌이고 데미안은 그렇게 어렵지는않은데 쉬도때도없이 공중에 올라가서 흐름끊겨서 너무 노잼이라 어렵게 느껴진거같아요 오히려 진힐라, 듄켈, 더스크 이런애들 생김새에 비해 생각보다 쉬웠어가지고 재밌었네요 물론 노말이니까 ? 너프됐으니까? 그렇게 느낀건지 하드,카오스 맛을 아직 못느껴봐서 그런걸수도 있어요 잘 진행하다가 이제 벽에 막혀가지고 카오스 킹슬라임인가 얘는 아무리 때려도 피 40%에서 시간초과되고 노말 메이린도 한번 도전해봤는데 얘도 45%에서 시간초과되서 결국 못깻네요 검마까지만 잡고 휴메 할거같은데 회수를 위한 게임을 하진 않거든요? 그냥 잘 즐기고 떠났다가 다시 또 큰 이벤트하면 돌아오고 그럴거라 현질해서 메소좀 살려고하는데 아이템버닝해서 공짜로 주는 장비제외한다면 보조무기, 엠블렘을 경매장에 사먹어야하나요? 마우스 갖다대면 전투력 제일 높게 올라가는걸 사면 되는건지 궁금해요 아 그리고 유튜브에 챌린저서버 효율적으로 뭐 캐릭터 키우기? 이런 영상1도안보고 꼴리는대로 막 큐브 쓰고 찍은 전투력이 3600만이라 검마까지 잡을려면 전투력이 5천은 돼야하나요? 아니면 1억..?"
2026-08-05,0,0,아이템,라벨용 컬프는 무한염색 안되는거임??,패치노트엔 컬프프만 된다고 써있긴 한데 혹시 궁금해서
2026-08-05,0,0,아이템,에디 레전천장 사용처 추천부탁드려요 + 도전자 대체셋 질문,"안녕하세요 이번 챌섭으로 유입해서 즐기고 있습니다. 현재 캐릭터 스펙은 다음과 같고 목표는 헥환5만 초반 주차입니다! 지난 미라클때 에디 레전 천장을 채워서...어디에 쓰면 좋을지 추천 가능하실까요? (현재 메소큐브 과금계획은 많이 없습니다) 1. 대적자 화에큐를 쓸수있는 제네무기 2. 회수가 가능한 블레이드(이지만 회수 생각은 딱히 없습니다) 3. 무보엠중 가장 약한 똥블렘 4. 레유 미트라 사와서 쌍레만들고 애완으로 쓰기 기존 생각은 목표 스펙정도면 미트라가 굳이라고 생각하긴 해서 똥블에 바를 생각이긴 했습니다만, 어떤 선택이 가장 좋을지 잘 모르겠어서 질문드립니다 ㅜㅜ 추가로 도전자 대체로 22레에카룻 사먹기+18유에아케인 직작 정도로 생각하고 있는데 어떨까요? 모상하를 에테를 가기에는 직작부위가 많아져서 좀 부담스럽기도 하고 쿨뚝이 카룻쪽이 좀더 저렴한 것 같아서요!"
2026-08-05,0,0,아이템,18아케인에서 스팩업 질문 있습니다,지금 본케 렌이고 3에테 4앜으로 살고있는데 익스우/노흉 이렇게 돌고있거든요 (파티격2인) 익스우는 128퍼 나오고 노흉은 109퍼 나오고 있습니다. 환산 7.9 핵환 7.2 인데... 아케인을 에테로 바꾸게되면 18에테로 바꾸는게 좋을까요? 21~22 에테로 바꾸는게 좋을까요..? 아니면 언컨이나 창벳을 사는게 좋을까요..? 장신구는 레에 18성 칠흑에다가 22성 가엔/데브 레에 끼고 있습니다. 팟격은 제가 퇴근 시간이나 주말 출근도 좀 있어서 어려울꺼같아서요...ㅠ 이번 여름 휴가때 높은 보스를 트라이 해보고싶은데.. 어떤 부분을 스팩업을 하면 좋을까요?
2026-08-05,0,0,기타,물거래할때 성명이랑 캐릭명을 같이 기재해달라는 이유가 뭘까요?,입금시에 메모로 성명이랑 캐릭명을 둘다 기재해달라고 하는데 이거 3자사기 방지용인건지 3자 사기를 유도하는 것인지 의도를 모르겠음여
2026-08-05,0,0,직업,챌섭 3만점 찍는데 얼마나걸려요??,완전 뉴비입니다 ㅠ 본섭에 렌 키워놨는데 보니까 유니온 키우고 하려면 챌섭에서 키우고 200렙 물약을 얻는게 이득일거같더라구요 지금 시작해서 무 소과금으로 3만점찍고 200렙 물약 얻는거 가능한가요?? 기간이 50일도 채 안남았는데 챌섭을 키워야하나 말아야하나 고민이라서요 ㅠ
2026-08-05,0,0,아이템,코디템 질문있습니다,[이미지] 현재 저 상태로 코디템 착장한 상태인데 인게임모습에는 머리띠같은 장식?이 있네요 어디서 딸려온건지 아시는분 있나요?
2026-08-05,0,0,기타,피시방에서 접속만 시켜놓고 집에서 보상수령가능한가요?,출근하면서 피시방에 5시간 켜놓고 자동종료하게 두고 집와서 피시방 접속보상 수령가능한가요? 접속보상도 피시방에서 수령해야하는지요?
2026-08-05,0,0,아이템,헥환8만목표(노흉~노카 보스 솔격 )입니다.,"[이미지] [이미지] [이미지] [이미지] 이번에 레테 본캐로 키우고 잇어요. 조각은 6481개 먹였고, 솔격위주로 하고싶어서 목표는 일단 헥환8만이고 앞으로 계속 스펙업 예정입니다. 본섭에는 유니온 8800정도되고 유챔은 이번 레테가 첫 유챔등록이에요. 컨트롤이 좋지않아 조금 넉넉하게 클리어하는게 목표입니다. 많은 조언 부탁드립니다!"
2026-08-05,0,0,아이템,똥블렘 언제까지 써야하나요? 투자를 좀 해서...,그냥 똥블렘인데요 이번 미라클때 하메 좀 땡길라고 똥블렘 윗잠 레전 띄우고 아랫잠 거진 레전 천장 직전인 상태에요. 일단 큐브랑 머 돈도 다 날려서 하메는 좀 멀어졌구요 챌섭 목표는 노적자까지는 잡고 싶은데.... 요점은 얘를 그냥 천장찍어서 레레 띄우고 큐브 수급할때마다 돌려서 5줄 띄운다. 그냥 돈 모으고 이상태로 유기했다가 돈벌어서 미트라 레유사와서 레전찍고 내가 돌린다. 이 정도 선택지가 있을듯 한데 의견 부탁드립니다.
2026-08-05,0,0,아이템,에테 이 정도 되는 옵션 작된 장비 18성 달면 얼마 정도 할까요?,"에테 18성 달았을 때 윗잠 크크잡, 아랫잠 올스탯 9, 마력 12 붙은 거 얼마 정도에 팔릴까요? 옥션에 크크덱, 아랫잠 동일 매물은 269억 정도에 팔리고 있긴 한데 이 가격이면 평균가일까요? [이미지] [이미지]"
2026-08-05,0,0,퀘스트,뉴비 여기서 과금 더 안하고 첼은 많이 힘들까용,지금 레잠하나가 남은 상태라 원래 돈모으고 노작 미트라 사서 마지막 직작해보려고 했는데 그거 해도 안되면 적당히 마무리 하고 본섭 넘어가서 천천히 맞추려구요 메소는 지금 10억뿐이 없고 핵사 떡작 다 하느라 조각도 바닥났어요ㅋㅋㅋㅎㅋㅎ + 직업은 보마고 지금 레벨 283에 하메 연모 83.61%떠요
2026-08-05,0,0,아이템,레테 무기 잠재 질문좀 드립니다!,다른템에 방무 한줄도없는데 무기 잠재로는 어느게 더 좋을까요? 마12 뎀9 보40 vs 방35 마9 마9 어느게 더 좋을까요..? 환산주스탯에 잠재 비교해보는거 찾아봤는데 안보여서 여쭤봐요.. 아니면 잠재 비교해보는 사이트가 있을까요?
2026-08-05,0,0,아이템,환호지선 여우 이펙트 펫 투명도로 조절이 안됩니다..,다른 글들 찾아보니까 펫 투명도로 조절한다는데 저는 투명도로 조절이 안됩니다. 치장 이펙트세팅에서 특수이펙트를 끄면 아예 없어지긴 하는데 펫 투명도로 조절하는건 없어진건가요??
2026-08-05,0,0,아이템,챌섭 유입 스펙업 질문있습니다.,"그냥 꾸준히 게임하고싶은 이번 유입입니다. 챌섭 끝나기전에 방어구를 사려고하는데 18성 에테로 맞추려고합니다 2줄 에테를 사서 18성을 달지 3줄 에테를 사서 18성을 달지 고민됩니다.. 18성은 직작하려고합니다. 깡통 가격차이는 3~4배정도 나더라구요..? 2줄과 3줄중에 어떤걸로 구매하는게 좋을까요 18성다음에는 21,22는 대장장이를 맡기지 않을까싶어요"
2026-08-05,0,0,아이템,카레잠 카에유잠 팔고싶어요,시세가 어떻게 되나요 챌섭이에요
2026-08-05,0,0,기타,9만~데티 해방 사이 괜찮은 라인,지금 딱 9만인데 데티 해방까지 거쳐가는 환산 중에 개꿀 라인이 어디인가요? 9.3인 것 같은데 다른 거 있으면 추천 부탁 드려요 거기까지 빠르게 올리고 그 이후에 천천히 하려구요
2026-08-05,0,0,직업,2인팟 짤때 선호하는 직업있음?,다음엔 그런캐릭을 하나 키워볼까해서
2026-08-05,0,0,아이템,챌3 카레잠 카에유잠 구매하고싶은데,어디서 찾아봐야 거래할수 있나요?
2026-08-05,0,0,아이템,하드메이린 최소컷 세팅,[이미지] [이미지] [이미지] 현재상태이고 250-300억 정도 더 투자 가능합니다 보조무기는 보망마 5줄 구했습니다
2026-08-05,0,0,시세,언컨 27퍼 가격 질문,인트 27퍼 에디 14퍼 언컨 노작가 290이면 어떤가요? 38퍼 18성이 340억이던데 이번 주 샤타면 42퍼 사는게 좋지 않나요 비싼지 궁금합니다
2026-08-05,0,0,기타,4아케인3에테 질문!!,4아케인 할때 모자 망토 장갑 신발 이렇게 해도될까요 18성 주문서를 모자 망토 장갑에 써버렸어요... 나머지는 3에테로 할려구요!
2026-08-05,0,0,아이템,챌섭 메린이 제네 무기 윗잠 아랫잠 뭐 돌려야 하는지 알려주세요..!,매주 대적자 큐브로 돌리려고 하는데 어떤거 돌리는게 나을지 어렵습니다
2026-08-05,0,0,아이템,"레테 추옵, 잠재 이상태면 대적자코인 어디에 쓰는게 좋을까요?",윗잠 3줄 유효 먼저 뽑고 남으면 1추+@ 노리는게 좋을까요? 메쌤들의 조언 구합니다.
2026-08-05,0,0,퀘스트,하드 메이린 배율 좀 올려서 도전하고 싶은데,뭘 해야할까요? 도전자 최종셋 맞추면 좀 올라갈까요?? 아니면 보조나 엠블 좀 손봐야할까요 헥사를 좀 더 찍을까요? 조언 부탁드립니다. [이미지] [이미지] [이미지] [이미지] [이미지]
2026-08-05,0,0,아이템,울티마 보급일지 메포로 뚫는거 어떻게생각하는지요,"늦게 복귀해서 마지막줄 사우나권1개, exp교환권2000개, 검환불100개, 화에큐20개, 성장의비약 이렇게 못받는데 이거 15000메포로 뚫어줄만한 값어치 있는 아이템일까요?"
2026-08-05,0,0,아이템,아케인 장갑 팔고 그냥 18에테풀셋 맞출까요,[이미지] 그냥 적당한 에테장갑써서 에테풀셋맞출까 고민중
2026-08-05,0,0,기타,[질문] 복귀 유저 아버 이후 에테르넬 17성 풀셋 질문,"챌2때 렌하고 접었다가 복귀해서 레테로 재밌게 즐기고 있습니다. 이제 슬슬 방어구 준비해야할거 같은데 [낭만 + 천천히] 스펙업 때문에 에테 풀세트를하고 싶습니다. 찾아보니 18성 쌍레~레전3줄 완제품이 8~9만 단위인 것 같더라고요. 다만 자본상 한번에 가긴 힘들어서, 17성 세팅으로 가성비 있게 맞춘 후 한 부위씩 22성으로 교체 해나가는 방향을 생각 중입니다. ■ 현재 생각 중인 에테르넬 세팅 계획 모자: 윗잠 쿨감 2초 주, 밑잠 쿨감 1초 깡통 장갑: 쌍크잡 깡통 상/하의: 윗잠 30% 깡통 신발/망토/견갑: 노작 구매 후 유잠 붙여서 2줄 세팅 (너무 비쌈) 이후에 한 부위씩 22성으로 갈아끼는건 어떨까 싶습니다. 11월까지 존버한다면 예상 예산은 700~1000억 정도 될거 같아, 또 달라질거 같긴한데 장신구랑 특수링, 앰블 교체도 사야해서 모두 방어구 투자는 힘들거 같거든요. 메고수님들 답변 부탁드립니다!"
2026-08-05,0,0,기타,18살 본섭에서 길드가입이 현실적으로 가능할지가 궁금합니다.,"이번 첼섭 복귀하고 , 열심히 키웠습니다. (방학을 맞이하여) 성인길드만 보여서 미성년자는 본섭길드 아무곳이나 들어가기 힘들까요? 대부분 조건이 성인인지라.. 성인조건이 없는곳도 당연하다고 여겨 표기하지 않는 부분도 있어보여서요. 혹시 민짜인데 길드 들어가신분들은 조언 부탁드리겠습니다.. 잘못한것도 없는데 챌섭 닫히면 노블 압수당해서 접힐거 같아요 ㅜㅜ 도와주세요 . 과거의 민짜 형님들. 답변 부탁드리겠습니다."
2026-08-05,0,0,기타,250 달성의 비약 질문드려요,"미리 유니온 작 해야한대서 별 생각없이 메르까지 200 달성의 비약 먹여뒀는데 찾아보니 메르는 250 먹여야 한다고 하더라구요... 이미 우선 순위인 메르, 은월, 데벤 다 200 먹여놨는데 이러면 후순위인 와헌이나 블래 250 먹이는 게 나을까요?? 아니면 하나 손해봤다 생각하고 메르한테 250 먹이는 게 나을까요? 제발 조언 부탁드려요 ㅜㅜ"
2026-08-05,0,0,기타,겨울에도 재네패스 하나요?,이번 챌섭 하버 보상 다 받아놓고 직업 맘에 안들어서 삭제하고 다시 만들어서 아케인포스 딸리고 아무것도못함 청년 되버림. 이번 여름 버리고 겨울에 시작하려는데 저번 겨울챌섭에 은월 재네패스 없이 해방한거 생각하니까 어지러운데 재네패스 나옴?
2026-08-05,0,0,시세,챌섭 보조사려고하는데 가격한번봐주세요,35억입니다
2026-08-05,0,0,기타,위컴알로 혹시 이런거 어디서 볼 수 있나요??,엠블렘 좀 보고 싶은데용
2026-08-05,0,0,아이템,아흐... 펫장비 이전 줌서에 대한 글은 많은데...,"펫장비 이전 주문서 설명에 팩트 정보와 힌트가 어느정도 쓰여있는데, 진짜 예상대로인 힌트 대로 진행이되면 문제가 되는 부분에 대해서 묻는 사람이 없네요... [이미지] D라벨 펫장비는 기본 자체 +5 공/마 옵션이 있디요? 그 +5 옵션이 서비스가 아니라 업글수 1을 차감하고, 프펫공 4 ~ 5 증가인걸 확정 5증가한걸로 하는... 그래놓고 장비 값은 3배 비싸게 해서 마치 대단한거 해주는 척 생색내는 짓을 해놧는데 이걸 +9 완작을 해서 펫장비 이전 주문서로 다른 D라벨 펫장비가 아닌 일반 펫장비에 이전을 하면 원래 +10 까지 가능한 일반 펫장비가 생색 서비스는 애초에 없으니, 전수된 작 최대 +9 꼬라지만 되는건가요? 설마... 그렇다면 문제의 여지가 있는 부분이라 생각되는데... 만약, 문제의 여지가 없도록 해놨다면, 펫 능력 이전 주문서 설명대로 [잔여 횟수를 포함한 모든 능력] 이 이전 된다는 의미가 D라벨 펫장비에서 일반 펫장비로 전수 시 D라벨 펫장비에 기본제공 되어 있는 생색낸 옵션 +5 를 애초에 생색낼 옵션이 없었던 일반 펫장비에 그 생색을 추가되는 형태로 전수를 해야 할 것 같은데;; 맞나요?? 그럼... 정상적 이었던 D라벨 펫장비, 일반 펫장비가 각각 서로 상대되는 펫장비에서 전수를 받았다 가정했을 때 그 전수 받은 각 펫장비에 펫장비 이노센트를 사용하면... 업그레이드 횟수 만 초기화 되어야 할 것 같은데 맞나요? 어찌보면... 기형 느낌의 펫장비가 탄생하겠군요.... 켁.... ========================================================================== ------------------------------------------------ 직접 실험으로 알아 냈습니다 ------------------------------------------------ [이미지] 결론 : 결과는 유저가 원하는 대로 됩니다. 다만, 시간이 흘러 기억에서 지워지면 표기 차이로 인한 착각과 오해의 발생 여지가 있을 수 있겠습니다;; 착각 : 최종 결과물에 보이듯, 펫장비 자체에 있던 옵션 수치만큼 전수할 장비에서 차감(마치 본래 장비에 원래 있었던 옵션인 것 처럼 표기) 오해 : 최종 결과물에서 마력이 -5 가 된 것은 펫장비 능력 이전 주문서로 인해 차감된 것인데, 마치 혼돈계열의 주문서를 사용한 것 처럼 / 총 9회의 업그레이드 수 중 3회 사용으로 프펫공 작이 아닌 펫공작이 포함된 것 처럼 잘 모르는 사람은 오해해서 불만이 생길 수 있는 확률이 존재 하겠습니다... =========================================================================="
2026-08-05,0,0,아이템,루컨마 가격 질문있습니다 선배님들,22성 인트 33/855 가횟 4 루컨마 추옵 / 작 x 인데 얼마정도에 구매해야 괜찮을까요? 비슷한 매물이 시세탭에 안떠서 여쭤봅니다 선배님들
2026-08-05,0,0,아이템,첼섭뉴비 2칠흑 맞추고싶은데 고근갈까요?,피도미를 버리는게 맞는건가요?아니면 다른부위를 가야하나요
2026-08-05,0,0,아이템,챌섭 메린이 템세팅 질문있습니다,현재 템 상태는 이렇고 일단 계획은 블빈마 18or20성 마이스터링21성 구매 정도 생각하고 있는데 맞는 선택일까요? 원래라면 보조무기를 구매하려고 했는데 찾아보니깐 아란 보조무기가 역대급 뻥튀기 가격이라고 들어서 사기가 좀 애마하네요 뭐 부터하는게 좋을까요? 현재 80억정도 있습니다 알려주세요 선생님들 ㅠㅠ 목표는 마스터 검마솔플입니다
2026-08-04,0,0,아이템,부캐 방어구 질문,22카룻 22앱솔 레유5줄 18에테 윗잠27퍼(유닠3줄) 에디에픽2줄 풀셋 템환8만쯤에 주차할 목표로 세팅할건데 뭐가 좋을까요. 둘다 장갑은 쌍크잡 살겁니다 추천부탁드립니다.
2026-08-04,0,0,직업,제논 리레 3렙 4렙 차이 큰가요??,잘못해서 3렙 받아서 그런가 스펙에 비해 너무 약한 것 같아서요 ㅠㅠ 제논 리레링 3렙 4렙 차이 많이 큰가요??
2026-08-04,0,0,몬스터,메이플 보스 파티 궁금한점,이번에 유입된 뉴비인데 검마 파티플로 하다 데카아웃한 상태에서 팀원이 잡아버렸는데 잡은거로 횟수 치는건가요?
2026-08-04,0,0,아이템,쌤들!! 이거 윗잠 vs 추옵 중에서 뭐 돌릴까요?,추옵이랑 윗잠 중에 뭐 돌릴까요?! 아랫잠은 172/214 라서 에디큡 사면 확정 레전은 가능합니다..!
2026-08-04,0,0,아이템,메린이 무기 잠재 뭐가 더 좋은거에요 ?,알려주시면 감사합니다 직업은 렌입니다 [이미지]
2026-08-04,0,0,아이템,챌섭 메린이 스펙업 순서 질문 있어요!!,"열심히 해서 전투력 8000만 정도 까지 달성 했는데, 이제 스펙업을 해야될거 같아서요! 유튜브도 보고 찾아보니까 미트라를 가야할거 같은데 메짱분들이 보시기에는 미트라 다음 스펙업 목표로 하는게 맞을까요?! [이미지]"
2026-08-04,0,0,아이템,이런거 21성 샤타때 올리면 처분할때 잘 팔려요??,경매장 봐도 21성 거래량이 많진 않은거같은데 처분 고려하면 걍 18성으로 두는게 나을까요??
2026-08-04,0,0,기타,본캐 데티해방까지 본캐만 쭉 투자해도되나요?,캡틴 본캐 : 헥환 8.9 보마 부캐1 : 하세유챔 헥환 5만 이칼적 솔 플위 부캐2 : 챌섭 헥환 4만 노세이칼 솔 엔버 부캐3 : 스펙없음 육성 예정 지금 이렇겐데 효율로만 보자면 투자대비 메소수익이 본캐하나만 쭉 밀어서 더 상위보스가는게 좋은건지 유챔캐들 골고루 분포시켜서 올리는게 더 좋은건지 잘 모르겠어요 일단 마음은 그래도 데티해방까지는 조각 주보수익 다 본캐에 먹여주고싶어요 어떤게 좋나요??
2026-08-04,0,0,시세,챌섭 시작전에 자석펫 얼마였어요??,챌섭시작전에 자석펫이랑 메포 얼마였나요?? 하나 사야되는데 챌섭 끝나고 사야되나 고민이네요ㅠㅠ
2026-08-04,0,0,아이템,해방무기 잠재 에디 뭐돌리나요,에디 천장쳤는데.. 제네플러스 큐브로 뭐 먼저 돌리나요?
2026-08-04,0,0,아이템,해방무기 윗잠 멈추나요?,데미지 21퍼 보공40퍼 인데 멈춰도 되나요?
2026-08-04,0,0,아이템,이거 코디템 뭔지 아시는분,한벌옷 뭔지 궁금햐요
2026-08-04,0,0,직업,지금 시작해도 괜찮을까요? + 직업 고민,"이번 챌섭 지금 시작하면 늦은걸까요?? 그리고 직업도 고민중인데 저번 패치 이후로 하면 안되는 직업이나 그런거 궁금해요 기본적으로 텔슝좍이라 비숍 , 불독 이런 류로 하고 싶은데 둘중에는 뭐가 더 낫나요?"
2026-08-04,0,0,몬스터,무보 이런데 해방하고 정옵띄우면 하드메이린 가능한가요??,아이템은 지금 4여명 17성 15퍼 에픽2줄 나머지 템들도 이벤링 에픽2줄 블빈마 18성 분자벨 18성 둘다 18퍼 2줄인데 샤타때 저것들 다 18올리고 해방 정옵?에디 15퍼 정도면 해방가능할지 돈나오면 다 조각사먹는 기준에요 ㅎㅎ
2026-08-04,0,0,아이템,제네플 코인 질문 드려요,현제 해방 무기 윗줄 정옵 3줄 아랫잠 레전 마 21퍼 추옵 2추 18퍼라 (환산 1추 3퍼) 입니다 이러면 남은 해방 코인들은 심환불 사는건가요 아님 윗줄 이탈 3줄 노려보는게 좋을까요?
2026-08-04,0,0,기타,이번 챌섭이 본캐인데 진로상담 요청합니다!,안녕하세요 이번 챌섭에서 284 레테 육성중인 메붕입니다. 여태 찍어먹다 폐사만 했는데 목표가 뚜렷하니까 처음으로 해방도 해보고 챌린저도 달아 봤습니다. 리프 후에는 환산배율로 노적자는 빡빡하고 노칼돌이정도 될거같은데 다음 구간부터는 꽤 많은 시간과 돈이 들겠더라구요. 그래서 다음 챌섭까지 기간이 좀 있다보니 본캐 스펙업을 꾸준히 할지 그돈으로 유챔을 하나정도 키워볼지 고민됩니다. 그리고 다음 템교체 부터 큰비용이 드는데 기운은 남아돌아서 조각사서 헥사강화를 먼저할지 돈을 모아서 하나씩 템을 바꿀지도 고민이 됩니다.
2026-08-04,0,0,아이템,18칠흑 22여명보장 뭐가야할까요?,제논이고 올스탯 966급으로 구매하려구요! 지금 여명보장이좀 비싼거같아서 고민이에요.. 칠흑을가게되면 미트라는 가격이 안정되면 사줄 예정입니다 18칠흑 (거공 루컨 마깃 커포) 이렇게 가보려하는데 괜찮을까요?
2026-08-04,0,0,아이템,주간결정,왜 안팔릴까용 캐릭터마다 갯수제한있나용??
2026-08-04,0,0,아이템,"연마석 10개쓰고 리컨4렙인데, 다음 도전 몇개할지 냉철한 판단 좀여","1개 > 5개 > 2개 > 2개 실패 처박았는데 어질어질한데 다음 몇개 처박을까요 뭔가 한게 아깝기도한데, 쨌든 독립시행이니까 10개박는게 맞는거같기도하고 우선 AI는 10개 처박으라는데 ㅅㅂ 추천좀요"
2026-08-04,0,0,아이템,복귀유저 아델 보조 가격 질문,220억 정도에 팔던데 가격 괜찮은건가요? 거의 2년만에 복귀해서 시세를 모르겠음.. 지금 아델 보조 가격 ㄱㅊ은편인가요? 급한건 아니라서 굳이 지금 안사도되긴해여 섭은 엘슘입니다
2026-08-04,0,0,기타,메이플 및 배경화면 글자 깨짐,일단 제가 한것은 렉이 걸려서 이것따라 했고요 전체화면 최적화 사용 중지도 켜져있어요 다른것은 손을 댄게 없는데 갑자기 저렇게 글자가 번지네요 모니터 2개다 그러면 모르겠는데 하나만그러니깐 무슨 해결 방법이 있나 질문드려요 메인모니터는 배경화면에 있는 글자까지 저러고 서브모니터는 또 깔끔하게 잘나와요
2026-08-04,0,0,기타,메린이 플라즈마 하트 갖고싶어요,직업은 썬콜이에요 노말 칼로스는 몇번 도전해봤는데 극딜 밀리고 간섭 연습이 덜 돼서 그런지 10% 정도 남기고 타임아웃했고 이적자 20번 트라이해서 겨우 딜찍으로 잡기 시작한지 2주째에요 이지카링은 더 어렵다고 들었는데 이지 카링보단 노칼 연습하는게 현실적일까요 ㅠ?
2026-08-04,0,0,기타,모멘텀 패스 경혐치량 질문,요번에 모멘텀 2번 나온다는데 이거 다 사면 283에서 285는 가겠죠?
2026-08-04,0,0,아이템,부캐 레테 노멀 진힐라돌이까지만 키워려하는데요 시드링 질문점,부캐에 투자할여력이 없어서 걍 노말진힐라돌이정도만 키우려하는데. 시드링 걍 리레3짜리 착용해도 되나요? 아니면 3짜리 찰꺼면 컨티착용하는게 좋은가요? 무기만 해방해둔 상태입니다.
2026-08-04,0,0,직업,제로<>렌 직변 해보신분 궁금합니다.,시즌4챌섭열리기전 자석펫주는이벤트할때부터 시작한 유저입니다. 제로>렌 OR 렌>제로 직변해보신분 계신가요 본캐가 4년전에 비숍이랑DPM똑같던 서포터 제로였는데요 쌍레22성 무보엠 노해방제로 였는데 템다팔고 접었었습니다. 다시복귀해서 제가 뭐 여러캐릭 돌릴군번도아니고. 딱하나 낳아서 잘키우자는마인드로 해야해서. 본캐정하면 엄청나게 신중합니다 챌섭처음맛봣는데 챌섭에 만드는 캐릭을 본캐로 가자는마인드로 가지고있는 제로를 다시만들기도 애매하고 그래서 이왕 새로운마음으로 본캐를 렌으로 정했습니다. 근데 진짜 분명히 엄청편한데. 너무재미없네요... 이미 3000억템셋팅했는데 ㅠㅠ 사람들이 재미없는캐릭이라니까 덩다라 재미없다 느껴지는거같기도하고 컨트롤하는맛이없네요.. 컨은 좋은편은아닙니다 지극히 평범해요. 아니면 제가 배부른생각을하는걸까요? 편한거에 만족못하고 괜히 빡센캐릭 갔다가 후회하면 큰일인데말이죠.. 메짱님들 조언부탁드립니다. 회사 다니면서 메이플이 삶의낙이라 중요합니다
2026-08-04,0,0,아이템,챌섭 뉴비 앞으로 진로 설정 부탁드립니다,"안녕하세요 이번시즌 챌섭 유입 뉴비입니다 메이플이 재밌어서 꾸준히 해보려고 하는데 스펙업을 어떤걸 먼저 해야할지 고민이라 질문 드립니다 전투력은 챌섭기준 1.4억입니다 장신구,방어구를 먼저 바꿔야할까요 아니면 헥사스킬 강화를 먼저 해야할까요? 알려주시면 열심히 하겠습니다!"
2026-08-04,0,0,기타,유료 경험치 주는것들 효율 궁금해요,몬파 돈주고 가기 에픽던전 메카베리 모멘텀패스 이렇게 돈 들어가면서 렙업할 수 있는게 여러가지 있는데 솔직히 285만 딱 찍으면 되거든요? 37퍼인데 저거 다 안하고 하루 30분정도씩 사냥하고 에픽던전 보너스 안받고 몬파 일요일에 이벤할때만 7번가도 충분히 렙업은 될거같은데 뭔가 사람이라는게 또 렙업할 수 있는 방법이 있으니까 궁금해지네요 가격대비 제일 효율 좋은게 뭘까요? 다른거 다 하지말고 모멘텀 하나 사야될지 에픽던전을 일주일마다 메포주고 갈지 고민이네요 아니면 에픽던전 메포주고 갈바엔 메카베리 메포샵에서 사는게 나은건지
2026-08-04,0,0,아이템,대적자 큐브,현재 윗잠 공12공9보30 아랫잠 공21 추옵 2추 보10 올5 뽑은 상태인데 노말세렌 잡은코인부터 얻을수 있는데 앞으로 코인샵에서 어떤걸 사야할까요? 윗잠 아랫잠 추옵 3중에 고민입니다.
2026-08-04,0,0,기타,챌섭 종료후 리프 고민,"이번 여름 유입 중고신입 유저입니다 n년전 메이플 했을땐 오로라서버였고 그때만해도 인구가 나쁘지 않았던걸로 기억하는데 지금 돌아와보니 시골이됫더라구요 내실은 유니온 8000+ , 270, 260 불독과 아델 대충 세팅하면 주보돌이 될 정도 자석펫 1개 D라벨 2개 각 프펫작 완료 이정도가 있는데, 새로시작하는것 처럼 도시서버에(엘리시움) 갈지, 기존 오로라로 갈지 고민입니다 엘리시움 가면 어느정도는 친구 도움을 받을수는 있습니다"
2026-08-04,0,0,아이템,메린이 질문!!,[이미지] [이미지] 현재 에디 레전 천장 5개 정도 남아있는데 무기랑 보조중에 어떤걸 올릴지 고민입니다!! 제네패스는 최초의 쌀숭이까지 전부 탕진했고 이벤큐브도 다 탕진했습니다 ㅠ 1. 무기 에디 레전 찍기 2. 보조 에디 레전 찍기 + 추가로 메이린 배율이 잘 안나오는거 같은데 285 찍고 레전 결계로 올리고 무기나 보조 에디 레전 2줄정도 띄우면 110% 정도 될까요?
2026-08-04,0,0,아이템,메린이 내 캐릭이 왜 약한지 모르겠어요,"챌섭 도전자셋에 제네시스 해방 무기 보조무기 엠블럼 직작해서 대충 쓰는 중이고, 보스 장신구 17강 유니크 에픽 2줄씩 띄워서 쓰는 중입니다. 챌린저 목표로 하고 있습니다. 아직 스펙업 할건 많긴 한데 8000만에서 갇힌 느낌이 들더라고요, 이미 챌린저인 분 템을 갖다가 이것저것 갖다 바꿔봐도 전투력이 크게 상승하지는 않았습니다. 대체 뭐가 문제인지 알려주실 분 있나요? 챌섭 4 호영 '아월동' 입니다"
2026-08-04,0,0,퀘스트,285찍고 링크스킬 추출해서 키네캐릭으로 배우려고하는데요.,부캐 285를 찍고 키네시스 캐릭으로 링크3랩 배우려고하는데요. 키네캐릭이 걍 유니온 비약으로 200찍어서 바로 배울수가 없더라구요. 5차 무슨 퀘스트 깨라고 하는데. 어떻게 진행해야하나요 ㅠㅠ
2026-08-04,0,0,아이템,선생님들이라면 이 예전 미해방 본캐 어케 처리하실건가요?,"예~전에 하다가 접은 아케인포스 만렙에 어센틱포스 도원경까지7,7,7,6렙/똥블렘 레유 윗잠 방공 아랫잠 공15퍼 있고/헥1떡작, 마코9렙까지만 뚤려있는 276 신궁 있는데(유니온 8500,아티팩트 36렙입니다.) 얘 하세유챔 노리려면 살리는게 쌀까요? 아니면 그냥 겨울까지 기다렸다가 챌섭열리면 보마하나 키울까요? 지금 챌섭에서는 노적자까지 가는 렌하나 키우고있는데 키워보니까 예전대비 챌섭이 확실히 싼거같아서 님들같으면 얘 어케처리할거신가요? 정 안되면 보돌용으로라도 쓰고싶긴한데 혹시 가성비 셋도 추천해주시면 감사하겠습니다."
2026-08-04,0,0,기타,챌섭 285,사냥아예안하고 현재 282 40퍼인데 끝날때까지 285찍을수잇을까요? 에던4배 몬파일퀘하면서 + 패스도 살 예정입니다
2026-08-04,0,0,아이템,미트라 51퍼 팔고 방어구부터 살까요?,[이미지] 미트라 레유 남는게 있어서 고민되네요
2026-08-04,0,0,아이템,환산 7~8만대 미트라 옵션 추천 좀 해주십쇼,"직업 레테 유니온 9500대 아펙 56렙 현 유챔 ss2개 기준입니다 법사 미트라 기준으로 12 9 30과 12 12 잡이 비슷한 가격대를 형성하고 있는데 어떤걸 가는게 더 효율적일지 궁금합니다 템방무가 제대로 챙겨지진 않아서 방무 1줄을 챙기는게 좋을 지, 링크 하이퍼스탯 등으로 방무를 올리고 마3퍼를 더 챙겨가는게 좋을 지 잘 모르겠어서 여쭤봅니다 보약이 빠진 기준으로 방무가 모자랄 거 같은데 한 줄 정도는 챙기는게 나을까요?"
2026-08-04,0,0,기타,본섭 유니온 질문있습니다,3년전쯤 하다가 이번 챌섭 복귀유저인데요 옛날에 키우던거랑 이번 비약으로 유니온 8500은 찍어놨습니다 아티팩트랑 유챔같은게 생긴 것 같은데 본섭 리프하기 전까지 그냥 코인만 계속 받고있으면 되나요? 옛날에 키우던거는 마30엠블렘이랑 장신구 몇개밖에 없어서 보스는 못돌거같습니다
2026-08-04,0,0,아이템,선생님들 메린이 질문 하나 잇습니다,미트라 잠재 블큐 생겨서 돌렸는데 첫 번째 사진이 기존이고 두 번째 사진이 돌리다가 나온 거예요 어떤 게 더 좋은 건가요..? 투력은 두 번째가 더 오르는데 직업 레테입니다 [이미지] [이미지]
2026-08-04,0,0,기타,"메이플 캐릭변경, 캐시샵 튕김현상 제발 도와주세요","약 1년전쯤에는 문제 없었는데, 언제부턴가 캐릭터를 변경하거나 캐시샵에 들어갔다 나오면 아래 셋 중 한가지 현상이 발생합니다. 1. 월드선택창으로 튕김+검은 화면+조작불가(작업관리자로 꺼야함) 2. '현재 접속중인 아이디입니다' 문구와 함께 게임 종료버튼만 남음 3. '게임 서버와 연결이 끊어졌습니다' 문구와 함께 월드선택창으로 튕김 인터넷 문제라기엔 인터넷을 바꾸지도 않았는데도 갑자기 발생했습니다... 혹시 저와 같은 현상이 발생한 후 문제 해결하신 분이 계시다면 조언 부탁드려요... ---------------------------------------------------------------------------------------------- 추가: 게임런처로 실행해도 캐릭변경, 캐시샵 사용 시 로그인 화면으로 튕깁니다... 추가2: 컴퓨터 사양 확인요청주셔서 추가합니다. [이미지] [이미지] [이미지] [이미지]"
2026-08-04,0,0,아이템,메짱이 선생님들 아버 이후에 질문있습니다. 17에테 VS 18아케인(+27여명),"1. 7에테: 모자(레에 쿨주), 상하의(유에 17성) / 장갑(크주), 신망견(유에 17성) => 유니크 사서 17성 천천히 달기 2. 3에테(모상하), 4아케인(장신망견): 모자(쿨주), 상하의(유에 17성) / 장갑(크주), 신망견(유에 18성) => 챌보상 18성 + 메멘토 큐브 이번에 새로 유입된 뉴비입니다. 지속적인 스펙업을 추구합니다. 이렇게 비교했을때 당연히 1번이 세다는건 알고 있는데요, 가성비로 따지면 무조건 2번 아닌가요? 3에테 4앜에서 7에테 넘어갈때 드는 비용을 생각하면 또이또이인가요? 개인적인 생각으로는 2번의 신망견은 거의 무료(18성 주문서 + 메멘토)라는 생각이고, 1번 돈모을 시간에 27퍼 여명맞추면서 스펙업하는게 이득 아닌가요? 아니면 에테로 넘어갈때 큰돈을 모아야 하기에 무조건 1번을 목표로 하는게 낫나요? 사냥은 하루에 1~2시간 정도하는 유저입니다!"
2026-08-04,0,0,아이템,대적자 코인 사용처 질문,추옵은 1추 뎀올이고 윗잠도 3줄 아랫줄 2줄인데 코인을 어디에 써야할지 잘 모르겠습니다. 에공삼 노리는게 맞나요? 아니면 윗잠을 더 돌려야할까요??
2026-08-03,0,0,기타,유니온 250작 템셋팅 어떻게 해야할까요?,42캐릭 200작을 끝내서 이제 250작을 바라보고 있는데 MVP레드는 여력이 안되서 일퀘+몬파+손사냥으로 250작 하나씩 해주려고 합니다 투자는 최대한 적게 하면서 원킬나게 하려면 템을 어느정도로 맞춰줘야 할까요? 고인물 형님들의 조언이 간절하게 필요합니다..
2026-08-03,0,0,직업,아란 헥사코어 필요조건이 뭔가요??,이거 강화하려는데 필요조건이 뭔가요?? [이미지]
2026-08-03,0,0,기타,카르시온 넘어왔는데 왜 사냥 메소가 줄었을까요?,"메획 100퍼, 원젠컷 남, 1석펫, 소재획 한 타임. 아르테시아에선 딱 저 기준으로 오차범위 감안해서 5890~5900 정도 나옴. 근데 카르시온에서는 똑같이 40마리 젠되는 곳 원젠컷을 내는데 오히려 아르테시아보다 메소가 적음. 거의 100만 메소정도 적게 나옴. 엄청 큰 돈은 아니니까 신경 안 쓰고 넘어가면 되는 거 아니냐 할 수 있긴 한데, 그래도 신경 쓰임. 회수도 야누스 재설치 할 때마다 해서 중간에 드랍된 메소가 사라지는 것도 아닐텐데 뭐가 문제일까.. :<"
2026-08-03,0,0,기타,본섭에 유니온 만들려는데 고민상담좀 해주십쇼..,"본섭에 유니온 만들려는데 고민상담좀 해주십쇼.. 현상황 정리 - 본인 챌섭 유입뉴비 - 250물약 1개, 200물약 20개 본섭에 보유중 - 캐릭터상황 - 챌섭 썬콜본캐284, 나워200, 레테200(본섭에먼저리프했음) - 본섭 229섀도어, 200아델 정배는 250 메르 만들고 나머지 200 유니온용으로 쭉 만드는건데, 제가 챌섭썬콜 하나 말고 어느정도 힘주는 부캐가 없는 상황입니다 본캐 매제하고나서 적당히 보스도 잡고 갖고놀 부캐가 있으면 좋겠는데.. 딸깍챔 좋아해서 렌 하고싶었거든요 250물약이랑 아케인방어구18성 강화권 등등 렌한테 써서 만들어주는게 괜찮을까요? 너무 비효율이다 낭비다 하시면 그냥 정배대로 메르에 250 주고 18성강화권은 처분할만한곳을 또 찾아보려고 합니다 (챌섭에있는 썬콜은 에테맞출거라 18성강화권이 남아요)"
2026-08-03,0,0,아이템,친구가 자꾸 보스에서 이상한 물약이뜬다고하는데 뭔지좀 알려주실분 도저히 모르겟음,1. 비약모양이다. 2. 비약에 날개같이 뭔가가 달려있다. 3. 하늘색 파란색 느낌이다. 4.재획비는 왼쪽위를 보고있지만 이것은 오른쪽위를 보고있다. 직업이 캡틴인데 섀도어처럼 뭔가 떨어뜨리는게 있나요? + 추가 재획비에 비해 얇상하대요0 대체 뭔가요???
2026-08-03,0,0,기타,검마 둘이서 파티로 가려면,지금 레테로 5000만 찍었는데 이 전투력이면 파티클하는 팀원한테 민폐 끼치지 않을까요? 해방을 빨리 끝내고 싶어서 검마 파티 도전해보려는데
2026-08-03,0,0,아이템,아스트라 전승 하는법?,1차 해방하고 잡옵 보조받았는데 원래 있던 보조를 전승하는 법이 따로있나요?
2026-08-03,0,0,아이템,8-9만 세팅 가능할까요?,[이미지] 현재 7만렌에서 본캐 변경 썬콜로 마음 먹어서 주보 수익으로 템을 맞춰가는 중이고 썬콜 목표스펙은 8.5만 9만 입니다 ! (사진은 현재 맞춘 템상태) 신견망 - 아케인 18성 27% 에픽 엠블렘 - 마마뎀 + 에디 21% 보조무기 - 방마마 + 21% 눈 얼 귀 벨 펜 - 칠흑 18성 27% 에픽 마이링 가엔링 데브펜 22성 30% 에픽 이렇게 세팅 이후 메소 수익으로 1순위 카룻 22성 달성 이후 방어구 아케인 22성으로 교체 하려 하고 있습니다 이후에 컴플 창뱃이 나을지 아니면 칠흑을 22성 한부위씩 변경이 괜찮을까요?
2026-08-03,0,0,아이템,대학생 유저 메이플 질문,"제 진로가 하필이면 교수에요 더욱이 아직 스펙도 좋은 것도 아니고 토익도 없고.. 새내기이기도 하고.. 학점은 3.93이고 4학점을 꾸준히 얻는게 목표에요 문제는 개강이 9월 1일인데 그 때 전에 아버대체하고 여러 이벤트를 참여하며 노세이칼이나 하세이칼까지 할 스펙의 장비를 사거나 얻을려고 하는데 또 문제는 무자본으로 할 예정이라 사냥을 많이 해야 해요.. 직업은 렌이고 284렙이고 검밑솔, 노세는 거든히 잡아용 전투력은 7600만이고 환산 4.6만에 헥환 3.9만이에용 챌린저가 목표지만 개강까지 안 되면 일단 최대한 아버대체 템을 맞출려고 해요 렌은 본캐로 갈거 같아요 다음 종강 때는 쉬엄쉬엄하고 싶어요 더욱이 매일 메이플을 해야하는 그런거 보다는 하고 싶을 때 하는 마인드로 하고 싶어서 더더욱 아버 기간에 집착하는 기분이에요.. 조언 부탁해요"
2026-08-03,0,0,아이템,2추13퍼 보공공/공공X,대적자 코인 남은거 뭐 돌려야 할까요?
2026-08-03,0,0,시세,아델 보조 윗잠 이렇게 떴는데 얼마정도 할까요,챌섭이고 에디는 에픽이라 없다시피합니다. 이번 버닝때 복귀한 사람이라 시세에 대해서 잘 모릅니다. 메잘알분들 한번만 도와주십쇼...
2026-08-03,0,0,아이템,이 펫의 사망날을 11월 27일로 밎추고 싶습니다.,이번 달에 프리미엄 생명의 물을 쓸건데 27날 써야하나요 28일날 써야하나요?
2026-08-03,0,0,아이템,얼굴장식 토드,267 렙 캐논슈터 유저고 사냥 안합니다. 현재 얼장 응힘결 추옵 92 에픽 힘힘올 15퍼 에디 레어 공10 힘 2퍼 쓰고있습니다 트왈마 92에 7퍼 있습니다 이벤트 출첵으로 주는 160제 17성 강화권 + 토드 괜찮을까요 ? 왜냐면 이벤트 있는 유잠 발라도 유니크면 15퍼 노리지 않나 싶어서요
2026-08-03,0,0,아이템,질문드립니다.,"현재 장비를 무보엠 맞췄고 18성 둘둘 상태인데 핵사 코어를 올려야할지 22성 갈아끼는 작업을 먼저 해야할지 모르겠습니다 템환은 6.1만, 핵환 5.1만입니다 핵사 스텟은 2까지 떡작 했어요"
2026-08-03,0,0,아이템,형들 이거 얼마에 팔릴까요? 법사에테뚝,이번 미라클때 만든뚝인데 옵션이 이렇게 나왔습니다 ... 까비ㄱ까비 가격이 2초 1줄<1초 2줄 < 2초 잡 이렇게될까요?? [이미지]
2026-08-03,0,0,시세,루나 크리스탈 키 평소 시세가 10억 쯤 될까요?,"본섭에 플로라 3석펫 쓰던게 공격력 작 되어 있는데 이번에 복귀하면서 레테를 키워서 새로 만드려고 하는데요, 몇 일 전까지 10억대에 팔리다가 오늘 보니까 18,19억 하네요.. 기존 펫 장비 밀고 코인샵 프펫마 최대한 이용해서 다시 하는게 나을까요, 어떻게 될지 모르니까 새로 공/마 따로 만들어 두는게 나을까요?"
2026-08-03,0,0,기타,지금 시작하면 챌 가능할까요,하루 2시간씩 사냥하고 패스다 사줄 예정입니다 추가로 100억 정도는 지를거같고 울티마 코인? 3000메포로 패스 밀어서 얻는것도 괜찮을까요 고민되네요
2026-08-03,0,0,아이템,형님들 드메템 vs 보스용장비 뭐 먼저맞추는게좋을까요?,"이번에 복귀하면서 기존에 교불장비랑 약간 과금해서 이지칼로스, 노말세렌까진 잡게 세팅해놨는데 목표는 노말칼로스까지로 잡고있고요 지금 이벤링으로 템메획40, 템아획60은 있는상황인데 하루에 1~2소재비는 사냥할거같은데 드메템 먼저 맞추는게 날까요?"
2026-08-03,0,0,직업,법사 본캐 추천점요,안녕하세요. 사냥 보스 7:3 라라 vs 배메 라라는 설치기랑 사냥이 수월하고 배메는 텔포랑 스타일리쉬해서 좋은 것 같음 라라는 텔포가 없고 배메는 리치가 짧음 딜은 중간정도면 만족하고 파사 좋아하는 편이고 투자가치 있는 편을 선호함 법돌이라 다른 법캐나 다 해봤는데 구조나 좀 그렇더라구요 ㅠ 몰고 투표잘못해서 ㅠㅠ 한번만 투표점요 Q 제목: 본캐추천 최대 1개 선택 가능 참가자: 7 명 라라 배메
2026-08-03,0,0,기타,챌섭에서 테라버닝 주는게 최대 4개맞죠?,이번 챌섭유입입니다. 테라버닝이 기본 3개에 웰컴메이플패키지에서 1개해서 총 4개 하버부 캐릭 1개랑 테라버닝 4개랑 하면 총 5캐릭이라 월드리프 5캐릭에 딱맞긴한데 지난 챌섭때는 하버를 2개 줬다고 하길래 .. 이번에도 줄지 안줄지 몰라서 테라버닝을 4개 다 키울지 고민이네요
2026-08-03,0,0,직업,익스우 솔플 스펙업 질문,[이미지] [이미지] [이미지] [이미지] 돈을 좀 투자해서 익스우 솔플까지 스펙업 좀 하려고 합니다 스펙업 방향 어떻게 하면 될까요 ?
2026-08-03,0,0,기타,메린이 방향성이 잘못된걸까요? 현실조언 부탁드립니다,"안녕하세요. 이번에 유입되어서 할 수 있는 범위에서 최대한 열심히 하고 있는 메린이 입니다. 현재 최우선 목표는 챌린저등급, 이후 리프후 본캐 익스우 / 노말 카링 파티격 목표하고있습니다. 챌패스,제네패스,플러스,모멘텀 패스까지 구매했고 추가로 300~350억 정도로 현재 스펙까지 맞춘상태입니다. 그런데 다른 분들의 글을 보니 비슷한 투자로 저보다 스펙이 훨씬 높으신 분들이 많더라구요 다른분들과 비교하기보다는 그냥 만족하면서 즐기면 된다고 생각했는데 글들을 계속 보니 제가 방향성을 잘못 잡았거나 투자를 비효율적으로 한건가? 하는 생각이 들어서 글을 작성하게 되었습니다. 다른 분들은 비슷한 투자금액으로 어떤식으로 투자하셨을까요.. 다음주에 추가로 스펙업할 예정인데 에테3셋과 미트라중 어떤 것을 먼저 가져가는게 좋을지 고민됩니다. 원래는 질문글 없이 그냥 마음 가는방향으로 투자하려고 했는데 다른 분들의 글을 보며 제가 투자를 잘못하고 있는건가 라는 생각이 들어서 글을 작성하게 됐습니다. 그냥 조급하게 생각하는걸까요? 현실적인 조언 부탁드려봅니다.. [이미지] [이미지]"
2026-08-03,0,0,아이템,22성 에테 뚝배기 공6리턴 완작 질문드립니다,"이번 챌섭 유입 메린이 입니다. 현재 환산 8.1정도 되고 목표는 딱 12만이며 챌섭에서 관세없이 구해오느라 에테가 18성,22성 섞여있습니다. ( 18성 추후 부캐에 넘겨주고 22성 다시 구매예정) 현 상황에서 22성 에테 뚝배기 공6리턴 완작 ( 스텟이 올스텟이라 좀 안 이쁨 ) vs 23성 공6 첫작 + 15주흔 ( 잠재 주스텟 7퍼 정도 더 좋음, 잠재 이쁨 ) 어떤 걸 선택하는 게 좋을까요? 투력은 전자가 아주 미세하게 더 오르고 가격은 후자가 살짝 더 비쌉니다."
2026-08-03,0,0,기타,챌섭 지금부터 시작하면,레테로 챌까지 가능할까요 100억메소 + 패스 전부 구매 가정하고 가능할까요? 남은 이벤트 기간 매일 1-2시간 가능하고 20일정도는 5-6시간 가능합니다
2026-08-03,0,0,아이템,자석펫 사려는데,30만원이라 들었는데 어둠의 경로로 메소 사서 살때 30이란거임? 그냥 캐시 질러서 해보려니까 40넘는데
2026-08-03,0,0,기타,솔 에르다 기운 어떻게 처리해야할까요,"하루에 4~6소재 정도 하고, 다조 드랍되는거 안팔고 다 헥사강화에 쓰고있는데 항상 기운이 남아요. 계속 풀로 차서 부스터로 바꾸고 있는데 옥션에서 다조 사서 헥사 강화하는게 맞을까요? 아니면 굳이 그럴필요까진 없을까요?"
2026-08-03,0,0,기타,하드메이린 진로,안녕하세요 현재 템상황은 사진에 첨부된 그대로인데 엠블 윗잠 1-2줄 뽑고 블빈마 또는 파풀마 유에 18성 및 장신구 18성 둘둘 해주고 금주 아버 22성 달면 하드메이린 찐모로 잡을만 할까요??
2026-08-03,0,0,아이템,챌린저스섭 진로가 궁그미합니다!,챌섭에서 키우고있는데 부캐이기 때문에 딱 하드메이린정도 잡고 나중에 보스돌이로 써먹고싶은데 그렇게 큰 욕심은 없습니다.. 근데 이제 뭐 어떻게 해나가야할지 모르겠어서 이렇게 올려봐요 악세 일단 18성부터 가고 어센틱심볼은 죄다 5짜리인데 좀 업글해줘야 할까요?? 이번주 목욜에 아이템버닝 마무리하고 레벨285까지 올릴 계획입니다 [이미지] [이미지] [이미지] [이미지]
2026-08-03,0,0,기타,길드 분위기 알아보는 법...,"본론부터 말하면 타길드 분위기를 알고 싶습니다 길드닉 때문에 되게 맘에 드는 길드가 하나 있는데, 어디서 주워들은 얘기론 갤길이다 뭐다 하면서 안에선 되게 좀 거친 표현이 난무한다거나 하는 얘길 들었어요. 막상 그 얘길 해준 사람은 지금 연락이 안 닿아서 재확인할 방법도 없고⋯. 자주 길드 옮겨다녀서 좋을 것도 없는 느낌이라 한 번 들 때에 제대로 알고 들어가고 싶은데 그 길드가 어떤 느낌인지 모르니까 뭔가 들기 무섭네여 보통 이럴 때 여러분들은 어케하시나여"
2026-08-03,0,0,아이템,이번 챌섭 유입 메린이 제네시스 무기 잠재능력 질문 있습니다,"이번 챌섭 유입 메린이라 옵션에 대해 잘 몰라 질문드립니다 우선 캐릭터는 레테이고 이벤트 재화, 패스 재화, 모아둔 메소는 7억정도 남기고 모두 사용했습니다 목표는 노말 칼로스 정도인데 잠재, 에디 모두 이대로 사용해도 괜찮을까요? 추가로 겨울 챌섭에 썬콜을 본캐로 키워보고 싶은데 노말 발드릭스 파티로 잡을 스펙까지 키우려면 얼마정도 드는지 대략적으로만 알려주시면 정말 감사하겠습니다! 기간은 2년~3년정도 잡고 천천히 즐길 생각입니다."
2026-08-03,0,0,기타,챌린저스 패스 vs 제네패스 플러스,"웰컴패키지, 제네패스 두 개 구매했고, 현재 280렙 60퍼센트입니다. 캐시 만원이 생겨서 조금 더 충전해서 패스 하나 더 구매할 생각인데 챌린저스 패스 1단계가 280레벨 찍고 나서 구매해도 효율이 좋은가요? 많이 별로라면 1만원 더해서 제네패스 플러스 사는게 나을것같아서 고민입니다. 답변 부탁드립니다!"
2026-08-03,0,0,기타,챌섭 템세팅 진로 질문드려요,"[이미지] [이미지] [이미지] 안녕하세요 메짱이 메고수 분들 챌섭 메린이 템세팅 진로 질문 드립니다 이번에 배율 280%일 때 세렌 잡고 미라클 때 제네무기 잠재 돌리다가 실패했어요 단기적으로는 챌린저까지 가고 싶고, 장기적으로는 본섭 하나 정착해서 템셋팅까지 하고 싶어요. 조금 찾아보니까 3카5앜 / 3에5앜 정도로 하시는 것 같은데, 조언 부탁드려요 가성비로 맞추고 싶습니다.. 보스도 조언 부탁드립니다!"
2026-08-03,0,0,아이템,레잠 1장 사용처,보조 미트라 모두 레전이라 레잠 1장을 어디다 써야할지 모르겠습니다 8800만정도되고 루컨마를사서 바를지 아니면 레잠을 팔고 에테 장갑 레전을 사서 크뎀 1줄을 챙길지 어떤게 더 효율적이라고 생각하시나요?
2026-08-03,0,0,아이템,솔 에르다 1개완성될때 이펙트 못끄나요,잘모이는와중에 완성될때마다 조금씩 렉걸리며 끊기는게 살짝 불편하달까요 좀 그러네요
2026-08-03,0,0,기타,2석펫 vs 스펙업,환산 7.1 헥환 5.9인 상태인데 2석펫을 맞출까요 아님 조각 사서 헥사강화랑 심볼세금 내서 스펙업 하는게 나은가요?
2026-08-03,0,0,기타,챌섭 환산 차이,본섭이 유뇬 8500에 링크3렙 하나도 없는데 본섭캐릭이 헥환 템환 둘 다 환산이 5천가량 더 높네요 챌섭을 본섭 링크유니온 가져와서 내실메이커로 해봤을땐 환산이 700정도 오르던데 투력도 챌섭이 더 높은데 왜 이렇게 차이가 심할까요 조각차이도 거의 안 납니다
2026-08-03,0,0,기타,전투력 및 스펙업 고민,닉네임 조렸던보이 (레테) << 입니다. 유튜브 따라보면서 맞춰야하는 템세팅따라가고있는데 이 시기쯤 다들 전투력 1억이넘는데 전 아직도 도달하지 못해서 혹시 놓치고있는건 무었인지 스펙업요소가 어떤건지 알려주실수있을까요...? ㅜㅜ
2026-08-03,0,0,직업,렌 본캐 변경 어떤가요??,챌 시즌2 나올때는 모두가 하는 렌 홍대병 걸려서 안했었는데 이번에 챌섭에서 키워보니까 쾌적함이 진짜 남다르네요.. 본캐를 그렇게 열심히 안한것도 있다지만.. 이번에 챌섭 좀 열심히 키운것도 있고 본캐 스펙에 비비고 있네요ㅜ 본캐 칼리 288 하드세렌까지만 하고 있는데 이번에 렌 283으로는 대적자도 깨고 카링 트라이 해보고 있네요..ㅎ 이정도면 본캐 변경해도 될 각이겠죠..? [이미지] [이미지] Q 제목: 본캐 변경 최대 1개 선택 가능 참가자: 95 명 변경하자 렌 노잼이다 칼리 더 깎자
2026-08-03,0,0,아이템,다음 스펙업을 뭐 하는게 나으려나요??,마이링 22성이랑 에테 18성은 샤타때 대장장이 맡길 생각이라 그렇다고 치면 다음은 미트라를 가야 할지 아님 어케 해야 할지 고민이고 제가 아버 끝나면 아마 18성 풀에테 가려고 생각중인데 그럼 200제 18성 아케인 이거 그냥 한달 정도 묵혔다가 파는게 나으려나요??
2026-08-03,0,0,기타,선생님들 장비 프리셋 어떻게 해두셨나요?,"지금 1번프리셋ㅡ보스 보상 드랍세팅 2번 프리셋ㅡ보스세팅 3번 프리셋ㅡ사냥세팅 아획, 메획+정펜 이렇게 되어있는데 선배님들께서는 어떻게 해두셨나요?"
2026-08-03,0,0,기타,본의명의 한계정 업데이트는 언제부터 들어온건가요?,제 명의로 투클라 키우고 있는 유저입니다. 저번 출첵 이벤트때는 계정 두개 다 받았던거같은데 이번 출첵이벤트는 한 계정만 받아진다고 뜨네요 이번에 새로 들어온건가요?
2026-08-03,0,0,기타,울티마 궁수 법사 쿨4초면 전사도 4초해?,궁수 법사 재사용대기시간감소 2초짜리 2개 끼면 전사로 4초로 맞춰줘야해? 아니면 그냥 방방방으로 가는거야?
2026-08-03,0,0,아이템,mvp블랙 경뿌,복귀 한달지났고 어쩌다보니 mvp블랙인데 경뿌가 교불에다가 mvp추겸 쿠폰이랑 중복사용도 안되는데 원래 이랬나요...? 접기전(한 3~4년전?)에는 경뿌 팔고 그랬던거 같은데
2026-08-03,0,0,아이템,"월비, 목비, 금비 표창들 드랍몹",월비 표창 목비 표창 금비 표창 드랍몹이 어떻게 되나요? 검색하면 옛날자료만 나와서 현재랑 몹 레벨정보와 드랍템 정보가 안맞아요
2026-08-03,0,0,아이템,방어구/장신구 템셋 훈수부탁드립니다.,[이미지] 현재 템환 9.17에 헥환 8.6 나옵니다. 익스세렌 솔플이 목표인데 템을 어떻게 교체하는게 좋을까요? 템들이 다 칠흑27퍼 에테30퍼여서 별달지 말라는 얘기를 들어서 다 갈아엎어야하나 싶네요...ㅠ
2026-08-03,0,0,아이템,메린이 챌린저 달았는데 이제 세팅 뭐부터할까요?,아버 종료 대비 방어구가 최우선일거같긴한데 드메템은 아직 드랍 두줄뿐이고 자석펫은 한마리 있습니다 아케인보단 에테로 가고싶은데 지금부터 메소 생기는거 다 모아서 18에테 한부위씩 사는거 괜찮나요? 다른 장신구는 지금 4여명 나머지 보장 18성 유니크에픽이고 프악공 작 진행중입니다 아버 종료까지 3개월 좀 넘게 남은걸로 알고있는데 지금 장신구를 칠흑으로 변경하기보단 그냥 계속 메소 모아서 아버 종료대비 방어구 부위를 먼저 준비하는게 좋겠죠…? 헥환 4.6에 보스는 이지카링까지 잡고 있어요
2026-08-03,0,0,기타,본섭에서 키웠던뉴비인데,본캐가 너무 재미없고 애정이 너무안가서 삭제하고싶은생각밖에안들어요.. 다른직업이 너무 키우고싶어서 버닝비욘드까지 끝났고 해방까지한 캐릭터 삭제하고 200억정도 들고 챌섭 시작하려고하는데 괜찮을까요? 심볼은 메소로 최대한뚫어줄생각인데..
2026-08-03,0,0,아이템,이거 윗잠 돌리는게 낫나요 ?,형아들 도와줘요
2026-08-03,0,0,기타,형님들 리프 언제 해야하나요?,챌섭 1석펫 본섭 4석펫 챌섭 레테 본캐라 재획은 챌섭에서만 하는데 지금 챌도 달았고 본섭에서 편하게 재획하고 싶은데 메이린 포기하고 넘어갈만 할까요? 형님들은 어떻게 하실거 같나요? 본섭 유니온 8900입니다 그리고 혹시 챌섭에서 패스류 다 구매했는데 본섭으로 리프하면 없어지나요?
2026-08-03,0,0,아이템,루컨마 추옵 가격 좀 알려주세요,혹시 이거 추옵 가격 알 수 있을까요?? 114 + 6%는 시세 보면 대충 나와 있던데 119 + 6%는 조금 더 받을 수 있나 싶어서요 대부분 혼자 하고 라이트하게 해서 잘 몰라서 질문 올려요! [이미지]
2026-08-03,0,0,아이템,챌린저스 스트라이커 템셋팅,[이미지] [이미지] [이미지] 이것들 미라클로 등업했는데 옵션은 뭐로 뽑나요? 챌섭 초반에 뭣모르고 코인샵 골큐 다써서 메소로 뽑아야하나.. 글고 블빈마는 그냥 팔고 유니크 15퍼로 사는게 좋을까요? 아 직업은 스트라이커입니다
2026-08-03,0,0,기타,챌섭말고 레벨업 빠르게 할만한 방법 있음?,"새로 키우고싶진 않고 기존에 있던 캐릭터 마저 키우고싶은데 방법을 모르겠우.... 사우나, 상급경쿠 말곤 닥사가 답이려나"
2026-08-03,0,0,아이템,이제 뭘 더 올리지... 레벨은 너무 오래 걸리는데ㅇㅅㅇ,"다음주 되고 아버 뚫리면 메이린이 90.75퍼 만약 담주에 주보잡고 나온돈으로 가엔링, 에스텔라, 플라즈마 하트 18성 달고 에스텔라에 프악공작 하면 92.57퍼까지 나오던데 뭘 더 올려야할까요 직업은 제논 닉은 레알밤제논 환산사이트나 헨즈에서 열려요! 에디레어 - 에픽으로 올리기?"
2026-08-02,0,0,아이템,미트라 vs 에테 장갑 고민 추천 부탁드립니다.,"제가 엠블이 카레잠 바른 똥블렘으로 레에 공 21% 에디 공9% 인데요. (재화는 많이 안썼습니다.) 본캐로 정한거라 결국 미트라를 가야할 것 같긴한데 예산이 100억 정도 있는데 미트라는 투자대비 쌔지진 않지만 꼭 가야하는거고, 에테는 당장 쌔질 수 있긴 한데 제가 현질은 따로 안해서 아버 끝나고 올에테할 능력이 안될 것 같아서 아케인을 가야하지 않나해서 에테 장갑은 망설이는 중입니다. 미라클이라 레전이 좀 가격이 내려온 것 같아서 돈 쓰고 싶어서 고민 중입니다."
2026-08-02,0,0,아이템,형님들 엠블렘 방무vs데미지 뭐가 더 좋나요?,플위고 그냥 보통의 경우에 마마방 vs 마마뎀 뭐가 더 좋을까요?? 가격이 비슷하더라구요 기왕이면 거래 더 잘 될 것 같은 마마방이 나으려나요?
2026-08-02,0,0,아이템,1억 플마단 되려면 뭐부터 해야 하나요?,메짱 고인물 형님들 지금 7200만인데 1억 플마단이 되려면 어떻게 해야 하나요? 예를 들면 어떤 템을 올려야 한다. 아니면 뭘 더 해야 한다 같은 걸 알려주실 수 있나요? [이미지] [이미지]
2026-08-02,0,0,아이템,아케인뚝 그정도로 별로에요?,템셋 보는데 에테장갑을 이미 맞췄으면 상 하의 장갑 에테로 가고 나머지 앱솔이나 아케인으로 가는 거 같은데 아케인 직작을 하고싶거든요 재화도 많으니까 근데 아케인 뚝이 파멸적이라고 하던데 개꼬랐나요
2026-08-02,0,0,아이템,"메린이 레잠 2개, 에유잠 1개 사용처 질문",[이미지] [이미지] 안녕하세요 이번에 챌섭 복귀해서 즐기고있는 메린이입니다. 제가 레잠2개와 에유잠 1개가 있는데 어디에 사용하면 좋을까요? 원래는 미트라 사려고 했는데 너무 비싼거 같아서 더 좋은게 있나 해서 질문 드립니다! 아래는 제 현재 장비입니다
2026-08-02,0,0,아이템,마깃안 % 선택,지금 블빈 18성 15 / 1.5줄 정도 되는데 미래보고 마깃 18성 사려고 하는데 주텟 30퍼 사서 샤타때 갈기는게 낫죠..? 아니면 27퍼나 21퍼는 고려사항에 없을까요
2026-08-02,0,0,기타,리프 질문있습니다,"복귀유저 입니다 본섭에 유챔X , 링크3레벨 1개 유니온 9000 , 자석펫 6개 뿐입니다 현재 챌섭에서 챌린저 달고 풀드메로 카르시온 사냥하고 있습니다 보스는 이지카링까지 잡고 있습니다 질문 )) 8월17일부터 자석펫이 끝이납니다 PC방 이벤트를 해서 1달짜리 자석펫을 받은후 1달간 챌섭에 더 있을까요? 아니면 본섭으로 리프 한 후에 사냥하면서 스펙업 하는게 나을까요?"
2026-08-02,0,0,기타,울티마스쿼드 43렙 어디서 자동사냥해요?,"세 직업 다 43렙 + 6렙,7렙 장비둘둘 했는데 어디서 뺑뺑이 돌리는게 경험치 효율 제일 좋나요?"
2026-08-02,0,0,기타,유니온 질문있ㅅ브니다,위에 레벨은 상위 42개캐릭 밑에 왼쪽 캐릭터 효과는 그 42개안에 안들어도 전부 적용 맞을까요?
2026-08-02,0,0,아이템,5초 뚝질문,아이템 버닝 끝나면 현질좀 해서 5초뚝을 살려고하는데 에테 가는건 너무 비싼거같아서 루타모자가 2~3배는 싼거같은데 3카 4에테 가는거 어떤가요? 방어구 어떤식으로 맞춰야되는지 추천좀요 5초는 사고싶어요
2026-08-02,0,0,기타,메이플 좀 켜두면 생기는 잔렉? 프레임드랍? 해결방법 있을까요..,전부터 계속 이러길래 이것저것 설정 건드리고 찾아보다가 해결이 안되서 인벤 예전 글 보고 윈도우 클린설치까지 했는데도 여전히 해결이 안되네요.. 클린설치 이후에는 캐시사이즈 제외 다른 설정은 안건드렸습니당.. 지싱크도 사용 안하고 있구요.. 주보 돌다가 이러니까 미치겟어요ㅠㅠㅜ 프로세서 AMD Ryzen 5 7500F 6-Core Processor 3.70 GHz 설치된 RAM 32.0GB(31.6GB 사용 가능) 저장소 932 GB SSD CT1000T500SSD8 그래픽 카드 NVIDIA GeForce RTX 4060 (8 GB)
2026-08-02,0,0,기타,레테유입 이제뭐함?,레테유입 메린이 너무 급하게 성장해서 할게없음 접속 일과 1. 일퀘+몬파+일보 2. 메제 (약 4~5시간) 3. 채집 (약 1시간 30분) 4. 목요일한정 주보 하스우~이카링 솔플 메제에 채집다하고 할게없는데 뭐해요 ? 지금 고민인게 메제무시하고 그냥 사냥할지 시련의동굴가서 최상결팔지 고민임 자석펫살려고 돈모으고있는데 조언좀
2026-08-02,0,0,기타,뉴빈데 지금 시작해도 괜찮나요?,요즘 자주 보이길래 하고싶다 생각이 들긴하는데 이벤트 기간이 좀 많이 지나서 고민이네요 지금 해도 괜찮을까요
2026-08-02,0,0,아이템,첼린저스 서버 제네무기 잠재 질문,안녕하세요 첼섭 썬콜 키우고있는 뉴비입니다 이벤트로 주는 큐브 돌리면서 보보보가 떳는데 이거 쓰면서 보조를 마력 많은걸로 쓰면 될까요? 보보보가 너무 많아도 안좋다고 하던거같습니다 아니면 보보마로 돌려야하나요?
2026-08-02,0,0,퀘스트,제네시스 해방퀘스트 질문,순서대로 하다가 방금 진힐라 제네시스 모드로 잡았습니다. 무기 받고 더 이상 퀘스트가 없네요 ? 끝인건가요 ? 원래 검은마법사 까지 잡는거 아닌지 ..
2026-08-02,0,0,아이템,메획 1줄 마이스터링,스타포스 없는거 사도 괜찮을까요?? 순수 광부용이긴한데...
2026-08-02,0,0,아이템,화에큐 어디에 쓰면 좋을지 도와주세요 ㅠ,오늘 미라클이라 가지고 있던 메소 다 사용해서 등업 몇 개 했습니다. 메소는 없고 화에큐가 37개 정도 있는데 어디에 사용하면 좋을까요? 유니크이상 쓰는게 좋다는데 그냥 나중에 써야 할지... 나중에는 어디에 써야할지도 모르겠어요 유니크 이상이 없어서.. 엠블렘은 에디 등업하는게 의미없는거죠? [이미지]
2026-08-02,0,0,기타,울티마 카오스 코인 캐기 좋은 라운드는?,3-10까지 다 밀었어요 이제 카오스 코인 캘거에요 어디로 가면 되나요?
2026-08-02,0,0,아이템,18성 에테구간에서 21% vs 24% 10억차이 체감큼?,"잠재만 유닠3줄사서 샤타 직작으로 18성 칠흑 유닠3줄, 18성 에테 유닠3줄만들어버리고 돈모아서 나중에 22성하나씩 맞출생각인데 이구간에서 칠흑도 21%랑 24% 10억정도 차이나고 에테도 10억정도 차이나던데 차이큰가?"
2026-08-02,0,0,아이템,제네 플러스 어떻게 하는게 좋을까요,현재 무기 상태입니다 플러스 코인샵은 검마까지만 썼습니다 화에큐는 65개 정도 남았고 목표는 하드 메이린입니다 이번주 미트라 살 생각이 있었는데 갑자기 미라클로 개 떡상을 해버려서 고민중입니다 코인샵에서 환불이나 사서 추옵을 돌리는게 맞을까요? [이미지]
2026-08-02,0,0,아이템,미트라 에디 직작 질문,지금 미트라 상태가 이런데 미라클때 에디레전 도전해보는게 좋을까요? 아니면 지금 메멘토걸려있긴한데 저 미트라 값이 잡레레 미트라 가격보다 비싸던데 기다려서 팔고 레레가져와서 공짜 큐브로 돌려볼까요.. 하메는 여유컷이고 더 스펙업 필욘없을것같은데 본캐될거 같아서 고민되네요 조언부탁드립니다 선생님들
2026-08-02,0,0,기타,핵사 스텟 망하면 환산주스텟에 개수가 적게 들어가여?,쓴거보다 적게 표시되는 느낌인데
2026-08-02,0,0,아이템,뉴비 템 순서 질문드립니다,뉴비 지금 템이 엉망인데요.. 작된거 사서 샤타포스 해야되는걸 모르고...샤타포스 갈겨버림... 지금 30억 있는데 뭐부터 우선순위를 해야될까요..? 기존 18성 장신구 버리고 작된거 사서 17성 줌서 바르는게 좋을까요? 아니면 썬데이라 무기 에디 레전을 보낼까요? ㅠㅠ [이미지]
2026-08-02,0,0,아이템,드메부터 맞출지 스펙을 올릴지 추천좀 해주세요,챌섭 캐릭에 제네패스 사주고 하다 안맞아서 부캐로 남기고 본섭에 캐릭하나 키우는 중입니다. 해방을 아직 못했는데 검밑솔까지는 무난하게 가능한 상황이에요. 5석펫이라 하루 최소 4~5소재비 하는편인데 아무래도 미라클이라 27퍼급 칠흑템이 좀 싸진편인거 같아서 고민됩니다. 미리 칠흑을 좀 구매를 해놓을지 드메를 더 맞출지 어떤것을 추천하시나요?
2026-08-02,0,0,아이템,이벤링 주스텟 21% vs 아획 또는 메획 1줄,"안녕하세요. 이벤링 큐브 돌리다가 아래 같이 옵션 나왔을 때는 뭐가 더 좋을까요? 이벤링 주스텟 21% vs 아획 또는 메획 1줄 참고로 사냥은 평일 1시간, 주말 3시간 정도 합니다."
2026-08-02,0,0,아이템,레테 어빌 수칙 20 7 10 인데 카오스 서큘 계속 돌려야하나요..?,재사용 20% 상추뎀 7% 보공 10%인데 여기서 상추뎀 1%를 위해서 더 돌리는게 맞을까요? 서큘은 울티마로 사서 쓰는데 30개 더 살수 있는 상황입니다
2026-08-02,0,0,기타,보조격 분배 질문,다음주 데티 해방 10.8예정인데 익세 ~ 하림 5개 묶어서 2인 구하려니까 이 구간이 림흉만 2인가고 세적카 솔플하거나 보조격 붙여서 2인하는거 같아서 보조격도 같이 구하는중인데 8~9만 생각중이고 환산에 따라 배분을 어떻게하면 될까요. 결정석 일부분 뱉는거는 뭔가 번거롭고 기분 상하는? 껄끄러운거 같아서 물욕만 3분의1? 정도 주면 될까요.
2026-08-02,0,0,기타,울티마 카오스 지역 사냥 질문,현재 전부 41렙이고 카오스 2-10까지 밀어놨는데 3지역은 안 밀려서 어디서 뻉뺑이 돌리는 것이 좋을까요? 2-3에 무기만 넣고 돌려도 꾸역꾸역 보스전을 가서 뭔가 시간 낭비가 되는 것 같은데... 사냥용 스킬셋이랑 어느 지역 뺑뺑이 돌리는 것이 좋을지 궁금하네요.(템파밍도 하고 싶습니다) 그리고 컴 꺼두고 오프라인으로 사냥할 때는 1-1 풀템으로 하는게 제일 좋을까요?
2026-08-02,0,0,아이템,스펙업 질문 하드 메이린 깨고싶습니다,95억정도 있습니다 하드 메이린 깨려고 시도 중인데 스펙업 더 해서 편하게 깨고싶어서 질문드립니다..! 어디를 스펙업 하는게 제일 좋을까요? [이미지]
2026-08-02,0,0,아이템,법사 4초뚝 수요가 있나요?,에디가 이게 1초잡이랑 비교했을 때 수요가 있을까요... 돌려야할지 말아야할지 고민되네요
2026-08-02,0,0,아이템,렌 제네무기 공공공 vs 보공공,이번에 처음 해방한 뉴비입니다. 환산 4.2인데 제네무기 보공공 40/9/9 vs 공공공 12/9/9 중에 뭐가 더 나을까요. 환산사이트에서는 보공공이 0.48%정도 낫다고 하는데.. 보조는 아직 보/공 35/9 엠블은 아직 유니크 공2줄만 쓰고 있어요. 챌섭에서는 환산 정확하지 않을 수도 있다고 해서 여쭤봅니다..
2026-08-02,0,0,아이템,레테 제네무기,마12보공35 vs 보35보30뎀9 뭐가 더 나음 전투력은 전자가 더 높긴함
2026-08-02,0,0,아이템,스탯뚝에서 3초뚝으로 넘어가려는데 고민입니다..,현재 팔라딘 9만이고 데티해방까지 갈건데.. 18성 쿨주주 쿨+@는 환산 기준 스펙 소폭 다운이던데 그냥 넘어가도 큰 차이 없을까요? 아니면 존버해서 22성으로 바로 넘어갈까요..? 사진은 현재 스탯뚝입니다.
2026-08-02,0,0,아이템,에테상의 주문서첫작,코인샵 활용해서 첫작마6 해보려하다가 2작까지 이렇게 나왔는데 그냥 주흔15 이어할만한 수준인지 여쭤봅니다
2026-08-02,0,0,아이템,메선생님들 미트라질문드립니다.,지금 똥블렘 유에사용중인 챌섭 카데나 유저입니다. 현재 하드메이린 챌린저 다는게 목표인데 윗잠공9퍼 뎀9퍼 방무30퍼 아랫잠 공6퍼 이렇게 사용중인데 미트라 4줄을 지금 가격으로 사도 될지 질문드립니다.
2026-08-02,0,0,아이템,18아케인에서 스팩업 질문,18아케인에서 탬을 업그레이드 하고싶은데 18아케인->18에테->21~22에테 이게 맞을까요..? 아니면 시간이 좀 많이 걸리더라도 21~22에테를 1부위씩 사는게 맞을까요..? 보스는 지금 노흉까지 하고있습니다 1차목표는 노말림보 그 이후에 발드릭스 까지 가보고 싶습니다. 그리고 노말림보부터는 거의 파티플레이가 강제되나요..?
2026-08-02,0,0,아이템,내부 드랍 24라는 게 이거 맞나요?,메소 확정 드랍 67을 맞출 때 내부 드랍 24 쓸심 24 템이든 소재비든 어빌이든 20 이러면 바로 확정드랍 된다는 뜻인가요?
2026-08-02,0,0,아이템,아스트라 보조 질문입니다,현재 헥환 7.2 입니다 헥환 7.5~8.3 스펙업 계획중인데 아스트라 2차 해방한 보조 윗잠 보35 공9 공9 에디 공 21 정도인데 이번 샤타때 기대값을 돌려보니 19까진 괜찮은데 20성은 바로 60억 정도 차이가 나더라고요 18성으로 쓰다가 3차해방때 쌘보조로 갈아타야되는지 아니면 지금 보조로도 20성 갈만한 템이고 목표환산에 가성비라인인지 궁금합니다.
2026-08-02,0,0,아이템,선생님들 이런 추옵도 팔릴까요?,앱솔 170급인데 혹시 값어치가 있는지 여쭙고 싶습니다 다른건 볼품없고 앱솔이라 가치가 많이 떨어지는건 아는데 이 아이템에 붙기에는 너무 과분한 느낌이라서요 판매 기록도 없고 고확 답변도 없어서 여기에 질문 남겨봅니다 감사합니다!
2026-08-02,0,0,아이템,이거 무자본 캐릭인데요,지금 상태이면 잠재를 돌리나요 에디를 돌리나요 아니면 추옵을 우선적으로 돌려야 하나 [이미지] 요?
2026-08-02,0,0,아이템,템세팅 질문입니다,남은 블큐 화에큐로 어디 손보는게 좋을가여?
2026-08-02,0,0,아이템,메멘토 골드큐브 사용하면 등급업도 가능한가요?,아시는분 답변 부탁드립니다
2026-08-02,0,0,아이템,챌섭 데브펜 에디 썬데이 하다가 질문,데브펜 돌리다가 유니크가 되버렸는데 어떡해요? 걍 돌려서 쓰면되나요? ㅠㅠ 이게 돌리는비용이 너무비싼데 갠찬나요? 목표를 인트 몇으로 돌리면되나요?
2026-08-02,0,0,몬스터,챌섭 진로 질문드려요,"미라클덕에 이것저것 챙기긴 했는데 현재 상황에서 17성 장신구등 18성가기, 이벤트반지 1개 인%로 돌리기 에디 1~1.5줄 장신구들 2줄 만들기 외에 더 할것들이 있을까요? 하메 100~110% 가 목표이고 285레벨은 맞출 예정입니다.. 템펙업 다 되면 나머지는 돈버는대로 조각사서 헥강하면 되는지요 ? 닉은 은유여 입니다...! 지금 마스터이고 이칼까지 잡았습니다"
2026-08-02,0,0,아이템,울티마 카오스코인 질문,카오스 코인만 캐는 건 어디 스테이지에서 뺑뺑이 도는 게 가장 빠르게 벌릴까영?? 장비템이랑 경험치 효율은 전혀 상관 없습니다
2026-08-02,0,0,아이템,보마 보조 윗잠 돌리기 vs 그냥쓰다 팔기,"쌍레 윗잠이 보공뎀, 아랫잠이 공21퍼인데 윗잠 돌려서 3줄 노리기 vs 그냥 쓰다가 나중에 팔고 5줄 사먹기 형님들는 뭘 추천하시나요?"
2026-08-02,0,0,아이템,현재 템셋 스펙업 조언좀 부탁드림다,"당장 생각나는건 헥사강화 가엔링 22성 고근 ( 잠재사서 17주 ), 루컨마, 마도서, 거공 으로 4칠흑 탈벨 12성 또는 몽벨 18성 파풀마 22성 정도인 거 같은데 추천할만한 거 있을까요 여명은 결국 나중에 칠흑으로 바꿀 거 같아서 데브펜(이미올림), 가엔링 정도만 올릴까 함"
2026-08-02,0,0,아이템,혹시 에스텔라 이어링 18성 hp 33퍼도 팔리나요?,얼마정도 할까요??
2026-08-02,0,0,아이템,레테 제네무기 피드백 해주실분,우선 무자본이고 추옵은 2추 에디 2줄인데 대적자 코인샵으로 화에큐랑 심환불중에 뭘 사는게 좋을까요? [이미지]
2026-08-02,0,0,기타,메획 100 맞추는 거 필수인가요?,지금 이벤링 4개로 드랍3줄 메획1줄로만 살고 있는데 겜 계속할거면 메포로 메소를 사든 뭐든해서 메메템 사가지고 100 맞추는 게 좋나요? 하루에 재획은 보통 4소재 정도밖에 안하긴 해요
2026-08-02,0,0,아이템,제네무기 정옵 기댓값이 얼만가요...?,이정도 쓰고 아직 정옵이 안나왔는데 혹시 얼마가 기대값인가요...?
2026-08-02,0,0,아이템,메짱님들 골클벨 잠재 33%인데 팔리나요? 조언 구합니다,보다시피 덱 33이 떴습니다. 근데 작을 마력을 해버렸는데 요즘은 아크 이노덕분에 이런것도 별이랑 잠재 괜찮으면 팔리나요?? 에디가 레어이긴한데 팔릴거같으면 그냥 팔아버리고 새로 사서 카유잠 바르고 다시 만들까하는데 메린이다보니까 판단이 안서서 조언을 구하고싶어요 ;ㅇ; 만약 팔릴만하다면 판매하는게 좋을까요?
2026-08-02,0,0,아이템,"방어구, 장신구 템셋 훈수 부탁드립니다 (글삭X)","현재 챌섭에서 렌 육성중이고 8에테 생각중이라서 뚝 : 2초 + 힘 / 장갑 : 크+주 / 나머지 부위 = 17퍼 / 전부위 에디에픽 통일해서 이렇게 하나씩 사모으고있습니다 샤타때 에테 17성만 달아줄 생각입니다. 이제 여기서 17~18성 흙칠흑을 맞출 생각인데, 부위와 잠재를 어느정도로 잡아서 사모아야 할지 방향을 잡아주시면 감사하겠습니다. 그외로 지금 글에 적은 템셋 방향에서 비효율적인 부분이 있거나 추가하면 좋을 부분도 덧붙여주시면 감사드립니다!"
2026-08-02,0,0,아이템,무보엠 어떻게 해야할지 진로 좀 부탁드립니다..,미라클로 위에 사진에서 밑으로 바뀌긴했는데 메소가 많지는 않은데 미라클은 이제 이쯤으로 올릴거 다 올린거고 이제 보스 잡아서 나오는 메소로 짤짤이로 에디나 돌려봐야할까요?... 생각같아선 에디 2줄씩 뽑고싶은데 너무 안나오네요ㅠㅠ 있는 큐브 죄다 끌어오고 100억정도는 쏟아부은건데 님들이라면 어떻게 하실거같으신가요? [이미지] [이미지]
2026-08-02,0,0,몬스터,챌섭 사냥터 질문,1. 다른사람이랑 겹사해도 상관없나요? 2. vip 부스터 몹 저만 잡을수 있는건가요? 감사합니다
2026-08-02,0,0,시세,계륵같은 에디인데 어케해야할까요,에디 유니크 Hp올이탈 3줄인데 데벤져라 거래내역도 거의없습니다. 아마 에디값만 받고 팔아야할거 같은데 어렵네요...
2026-08-02,0,0,아이템,제네 방향성 도움 바랍니다,"추옵, 윗잠, 아랫잠 다 애매해 보여서요;;; 일단 아랫잠을 마12퍼 한줄 띄우는걸 최우선 목표로 하고 있는데, 그 다음엔 추옵과 윗잠 중 어디부터 건드려야 할까요?"
2026-08-02,0,0,아이템,흙칠흑 18성인데 잠재질문드려요,유니크 15퍼에서 레전보내고 2줄만뽑아보려고 돌리는데 유니크에서 966뜨면 멈추는게 좋죠??
2026-08-02,0,0,아이템,제네 밑잠 15% 챌린저만할거면 둬도되나요?,궁금해요..
2026-08-02,0,0,아이템,선생님들 메린이 진로 추천 부탁드리겠습니다,280에 멈춰있는 메린이인데 도저히 285 안찍고 리프하면 손해 보는 거 같아서 이제라도 뺨때리고 사냥중인데 도저히 현질하면 끝도 없을 거 같아서 생각한 게 1.채집으로 벌고 있는 돈을 드메템을 먼저 맞춰서 사냥 하면서 벌리는 돈으로 스펙업용 템을 산다 2.채집으로 벌고 있는 돈을 스펙업용 템을 먼저 산 후 클리어 가능한 보스및 이벤트 클리어를 한다 이 두개 중 어떤 게 더 좋은 선택지일까요 ?
2026-08-02,0,0,시세,시세 측정 가능할까요?,"추옵을 돌리다 고추옵이 떴는데 경매장 검색해보니 시세가 너무 뒤죽박죽이라 어느 정도가 맞는 시세인지 파악을 잘 못하겠습니다. 노칼 유챔부캐로 키우는 캐릭인데 이걸 그냥 쓰는게 맞을지, 팔고 새로 만드는게 맞을지, 팔면 얼마정도인지 알려주실 수 있을까요?"
2026-08-02,0,0,아이템,30억 있는데 템 어떻게 보강해야할까요??,[이미지] [이미지] [이미지] 보조무기는 블랙 보조구요 빠진 부위는 도전자 세트 메이린 전까지 깼습니다! 여명 4셋 트왈마빼고 다 17성에 유니크 두줄까지 했는데 이볼빙 레전 보조 사는게 나을까요?? 레잠 두개도 챌섭보상으로 받은거 아직 안썼습니다!
2026-08-02,0,0,아이템,큐브 어디다 써야할 지 추천 부탁드려요,상급 챌코 30개 정도 있는데 이걸 어디에 써야할 지 모르겠습니다. 그리고 앞으로 대적자 코인 얻으면 화에큐만 사면 될까요?
2026-08-02,0,0,아이템,제네 윗잠 둘중에 뭐가 더 좋나요?,투력 증가량은 오른쪽이 더 높은데 오른쪽이 정배인가요?
2026-08-02,0,0,아이템,챌섭 유입 284 아란 100억 템셋팅 질문,하드메이린 1퍼 남고 못깨는거 때문에 짜증나 템을 바꾸려 합니다. 100억정도 준비하고 바꿀건데 어느 부위 어느정도 수준으로 바꾸면 될까요??
2026-08-02,0,0,시세,카레잠+카에유잠 카블큐 카화에큐 시세가 어떻게되나요?,묶어서 팔려하는데 가격을 모르겠어요 ㅠㅠ
2026-08-02,0,0,아이템,"스펙 업 질문, 훈수 환영",[이미지] [이미지] 현재 하메 103퍼 나와서 3시간 박아보고 템 사서 다시 하려고함. 템환 5.4 헥환 4.6인데.어떤 부위 바꿀지 아니면 그냥 메소로 장신구 돌려서 주스텟으로 바꾸는게 나을지 추천 부탁합니다.
2026-08-02,0,0,아이템,카르마 에디 유니크 천장 어디에 쓸까요,엠블은 공9뎀3이라 그냥 두고싶고 보조는 블랙인데 쓰는게 맞나싶고 에테상의에 쓰는게 나을까 싶고 메소가 없어서 뭘 사서 올리긴 어렵고 참 애매~~~~~~~~~~~~하네유
2026-08-02,0,0,아이템,부티크 전투복 질문!,"부티크 보면 전투복 옵션 달린것들이 있던데 1. 옵션의 기간은 얼마나 인가요? 2. 매 부티크마다 전투복을 얻을 수 있는건지 3. 옵션은 어떻게 되있는지 (올스탯, HP 둘다 있나요?)"
2026-08-02,0,0,시세,윗잠 27퍼는 21성이 마지노선인가요??,요런거에다 22성 달긴 좀 아까운거죠?? 제기준 43.94%나오는데 달았다가 나중에 후회하지 않을까 해서..
2026-08-02,0,0,아이템,메이린 배율관련 질문드립니다 저 진짜 정리 잘해놨어요 함만 봐주세요 ㅠㅠ,"안녕하세요 친구가 챌 찍기위한 하드 메이린 보스컷 스펙알려달라 하길레 환산으로 템 만들면서 짱구 굴려봤지만 분명히 최소 배율 110~120까진 나올거같은 스펙이라고 생각했는데 배율이 94로 처박혀서 질문글 남깁니다..... 한시간 반동안 고민해봤는데 이것땜에 잠을 못자겠어요 아래로 내리시면 정리해둔 스샷들 있습니다 제일 아래엔 보스컷 스샷 있어요! 전체적인 세팅 가이드라인은 유튭 영상에 수록된 [이미지] 이 세팅표 사용했습니다 1.무보엠 [이미지] 윗잠 똥꾸릉내나긴 하는데 세줄로 바꾸면 배율 98%로 상승 2. 방어구 [이미지] 현재 21성이라 22성으로 템 만들었습니다 4.장신구 [이미지] 전체적으로 18성에 프악공작, 추옵 최소 120급,유닉 두줄에 에디 두줄로만 맞춰놨습니다 5.보스컷 [이미지] 그리고 여기에 현재 렙이 283이니 렙뻥을 받기위해 추가레벨 +3을 하였으며 어센틱 심볼 레벨업을 고려해 주스탯 +1600을 했습니다 결계는 현재 레전이며 헥사는 3떡작입니다 물론 코강도 완료된 상태고요 제 대가리론 아무리 굴려봐도 보조까지 샀는데 배율이 저리 처박힐 이유가 없는데 혹시 제가 놓친게 있는지 알려주시면 감사하겠습니다....."
2026-08-02,0,0,아이템,제네무기 유니크 에디 공이탈 +@질문,무기에디 돌리다가 좀만 맛보다가 이렇게 떴는데 이건 그냥 건들지말고 쓰는게 맞겠죠???? 그리고 쓴다면 몇만대까지 쓰는게 좋을까요 [이미지]
2026-08-02,0,0,기타,메린이 하드 메이린까지 진로 상담 부탁드립니다.,"이번 챌섭에서 처음으로 해방이라는 것도 해보고.. 패스란 패스는 죄다 구매해서 즐기고 있습니다. 근데, 현재 검마, 노말 세렌, 이지 칼로스, 이지 대적자 까지는 클리어 했는데 하드 메이린까지 69프로 나와서 추가적으로 템세팅이 필요할 것이라 생각합니다. [이미지] 전투력은 현재 8000만까지 나오고 있고, 하드 메이린 이후 이지 카링, 하드 세렌, 이지 벨로나 까지 목표 잡고 있습니다. [이미지] 유튜브 보면서 템 세팅을 공부하긴 했는데, 여기서 도미 17성 교체하고, 엠블럼을 미트라로 교환하는 것을 우선적으로 진행하면 될까요?"
2026-08-02,0,0,아이템,제논 이럼 족된건가요,에테 파이렛글러브 직작으로 만들었는데 세트효과가 안받아지네요 제네무기가 덱 럭만 붙어있는데 방법 없는거에요? 장갑 팔아야하나...
2026-08-02,0,0,아이템,메린이 추옵고르는것좀 도와주세여,"깡 1추가 좋다고 들었던거 같은데, 전투력 떨어져도 더 좋은건가요? 폰카 ㅈㅅ요ㅜ"
2026-08-02,0,0,기타,챌린저스 서버 저번주에 알아서 이제 시작하는데 제네시스 무기 해방 될까요??ㅜㅜ,"[이미지] 메이플 저번주에 처음시작한 메린이에요,, 제네시스 무기 해방 하고싶은데 할 수 있을까요?? 할 수만 있으면 패스 살수있어요 환산 주스탯 돌려보니까 캡처한거 같이 하면 6주에 된다는데 파티하면 같이 잡아주시는 분들이 있나요?? 파티해주시는 분들은 어디서 구할 수 있나요?? 질문이 많아서 죄송합니다 ㅠㅠ"
2026-08-02,0,0,아이템,큐브 사용처 질문,"본캐 히어로 해방무기: 윗잠2줄, 에디21퍼 일반 보조무기: 윗잠2줄, 에디9퍼 일반 엠블렘: 윗잠2줄, 에디15퍼 부캐 보마 해방무기: 윗잠3줄, 에디15퍼 일반 보조무기: 윗잠2,5줄, 에디15퍼 일반 엠블렘: 윗잠2줄, 에디9퍼 위와 같은 상황인데 보마 엠블렘 에디가 조금 약하긴 한데 부캐에다가 일반 엠블렘이기도 하고 스펙도 더 높일 생각이 없어서 화에큐를 어떻게 써야할지 고민입니다. 그냥 보마 엠블렘에 던지는 게 맞을까요? 아니면 더 나은 선택지가 있을까요?"
2026-08-02,0,0,기타,아델 어빌,보공 20 재사용 7 상추뎀 7 인데 더 돌려야할까요? 최대가 8퍼? 인 걸로 알고있는데 돌릴 가치있나요?
2026-08-02,0,0,아이템,메짱이분들 도와주세요,제네무기 잠재 돌리다 이렇게 나왔는데 어디 돌려야 할까요? 큐브가 많이 남아요. 그리고 제네시스 패스 PLUS로 큐브 더 얻는데 남는거는 어디에 넣어야 할까요? 패스 말고는 현질 안합니다. 좀 알려주시면 감사하겠습니다
2026-08-01,0,0,기타,블랙보조12/60 아랫잠 고민,"챌린저 목표 보우마스터입니다. 현재 템 기준으로 벨트, 트왈마, 하트를 18성 및 옵션까지 맞추고 285레벨을 달성하면 메이린 배율이 약 94% 정도 나옵니다. 무보엠만 조금 더 보강하면 메이린 클리어는 가능할 것 같은데, 어떤 방향으로 투자하는 게 효율적일지 고민입니다. 현재는 블랙 보조를 사용 중인데, 이걸 레전더리까지 등업시키고 에디셔널 잠재를 맞추는 게 나을까요? 아니면 현재 일반 엠블렘(유니크 2줄)을 사용 중이라 엠블렘을 먼저 바꾸는 게 나을지도 고민입니다. 미트라도 생각해봤지만, 현재 시세가 너무 비싸 보여서 선뜻 손이 가지 않습니다. 미트라는 150억 정도 생각했었습니다 [이미지] [이미지] 여러분이라면 어떤 방향으로 투자하실지 의견 부탁드립니다."
2026-08-01,0,0,기타,환산 특정 시점으로 돌아가서 보기,제 캐릭터인데 혹시 예를 들어 7월 21일날 보스컷을 다시 보고 싶다 해서 돌아가거나 기준이 되는 헥사환산별 보스컷을 볼수있나요?
2026-08-01,0,0,기타,하드메이린 오리진 초기화 질문점..,오리진 -> 초기화 -> 오리진 vs 오리진 -> 2분뒤 극딜 -> 초기화 - > 오리진 뭐가 낫나요? 오리진 초기화 오리진 하면 리레에 안들어가긴합니다
2026-08-01,0,0,아이템,햄들 스펙업 조언좀 부탁드림다...,"스우, 데미안만 잡고 접었다가 이번에 복귀해서 첫 해방도하고 재밌게 즐기고 있습니다. 장비 세팅좀 여쭤보려 합니다 샤타포스 하면 마깃안, 몽벨,데브펜,가엔링은 18성 달아주려고 합니다 1. 제네패스 코인으로 윗잠 돌리기 vs 아랫잠 레전 올리고 생각하기 vs 추옵돌리기 2. 카르마 큐브는 블큐 - 미분 /// 화에큐 - 고근 돌리고있습니다 화에큐 고근에 쓰기 아까울까요..? 아깝다면 어디를 돌려야할지 모르겠어요 3. 장갑 - 에테 크크주 장갑(300억) 사고 샤타때 18 달기 vs 크크잡 사기 vs 22아케인 크크장갑 사기 4. 30퍼 깡통 커포링/루컨마 사고 샤타 기다렸다 18성 달아주기 + 마도서 사기 1,2 번은 공짜로 얻는 재화로 돌리는거고 3,4 번은 순서를 어떻게 정해야할지를 모르겠어요 미라클타임 온김에 노작에테장갑을 사서 돌려볼까 싶기도 한데 찾아보니 작된걸 사먹는게 정배더라구요 조언 부탁드립니다"
2026-08-01,0,0,아이템,메린이 챌섭 미라클 타임 문의,"안녕하세요 이번 챌섭에서 렌 키우고 있는 메린이입니다. 이번에 미라클타임에 어떻게 메소를 써야 합리적인지 좀 궁금한게 있어서 질문드려요 지금 메소는 약 80억 메소 정도 들고있고 해방무기는 운이좋게 윗/아래 둘 다 레전이여서 보조무기를 어떻게 해야 생각중에 있는데요 1. 현 블랙 보조무기(윗 유니크 / 아래 에픽) 를 미라클타임에 직접 등업을 한다.(윗잠먼저, 메소남으면 아랫잠 도전) 2. 경매장에서 윗잠 잡레전을 사서 큐브를 천천히 돌려본다. 이렇게 두가지 생각중인데요 좀 찾아보니까 유니크 -> 레전 등업 기대값이 한 12.2억 정도 하는 것 같고 잡 레전은 경매장 보면 최소 20억 중반대부터 시작하는거 같아서요 미라클 시작하면 가격이 낮아진다고는 하는데 얼마나 낮아질지 몰라서요 선생님들은 1, 2번중에 어떤걸 더 추천하시나요? 소중한 의견 부탁드려요 감사합니다."
2026-08-01,0,0,아이템,궁수 미트라 옵션,메소로 돌리다가 옵션이 저 두개가 나왔습니다 헥환은 거의비슷해서.. 뭘 고르는게 더 좋을까요 공24%덱9 에디공21% 공21%방30 에디공21%입니다 무보 0줄이긴합니다
2026-08-01,0,0,아이템,챌섭 복귀 유전데 질문좀 받아주세요,[이미지] 12시에 윗잠 달릴건데 뭐 먼저 만드는게 맞을까요? 무기는 이상태입니다 [이미지]
2026-08-01,0,0,아이템,챌섭 유입 질문 한개 해도 되겠습니까,지금 딱 이상태인데 컨티4렙은 샀습니다. 제 생각은 파풀마를 18성 27퍼 마깃으로 바꿔서 칠흑5셋까지 맞춘뒤에 7셋효과 받을만큼 자본이 모였을때 바꾸기 위해 나두고 아버를 끝날때를 대비해서 지금 부터 돈을 좀 모아서 18성 에테 상하모 아케인 장신견망 18성 을 구비할까요 아님 다른 방향성을 잡아볼까요..? 자석펫은 1개 쓰고 있습니다. 사냥은 평일 6소재 정도 주말 메제 이렇게 진행하고 있습니다.
2026-08-01,0,0,기타,이번 미라클 지나고 9월 16일 전에 미라클 한 번 더 할려나요?,일단 해방 하긴 했는데 아직 해방 못한 사람들을 위해서 챌섭 닫히기 며칠 전에 9월달 미라클 한 번 더 할 것 같나요?
2026-08-01,0,0,아이템,시세의 달인 계시나요?,현 경매장 기준 얼마로 책정될까요?? 내일 미라클이라 그 안에 팔고싶어서 내일안에 팔릴 정도의 가격도 알려주심 감사하겠습니다 선생님들
2026-08-01,0,0,아이템,챌섭 보마 무보엠 적당한지,[이미지] [이미지] 유챔 주보용으로 쓸 친구이고 투력은 1억 나옵니다 ! 챌섭에서 하드메이린까지 잡을겁니다 지금 배율 97퍼 이번 미라클때 보조나 엠블램 에디 올려줄까요
2026-08-01,0,0,아이템,"에디 레전 천장 60개 남았는데, 진로 조언 부탁드립니다!","안녕하세요! 대적자 코인으로 열심히 돌리다가 고민이 생겨 질문글 올립니다. ​📌 현재 상황 ​화이트 에디셔널 큐브(화에큐) 레전더리 등업 천장이 약 60개 남은 상태입니다. ​❓ 고민되는 지점 ​메소 등업: 메소를 써서 미라클로 레전더리를 올리는 게 맞을까요? ​미트라 화에큐 활용: 아니면 미트라 화에큐를 활용해서 미트라에 레전을 노려보는 것이 좋을까요? ​메소 사용처: 레전 등업에 메소를 직접 투자하는 게 맞는지, 다른 효율적인 방법이 있을지 선생님들의 의견이 궁금합니다! ​선생님들의 소중한 조언 기다리겠습니다. 감사합나다! ​3줄 요약 ​에디 화에큐 레전 천장이 약 60개 남은 상황입니다. ​메소로 미라크를 노려 레전더리를 올리는 게 맞는지 고민입니다. ​아니면 미트라에 화에큐를 활용해 미트라를 레전으로 올리는 게 좋을지 조언 부탁드립니다!"
2026-08-01,0,0,기타,5석펫 효과도 사용횟수 제한이있나요??,4석펫 모으는 것만 사용횟수 제한이 있는거 아닌가요? 5석펫 야누스 무한 유지가 잘되다가 안되네요 ㅠㅠ
2026-08-01,0,0,아이템,미라클 대비 미트라 질문,안녕하세요 챌섭에서 재미있게 즐기고있는 유저입니다. 정말 운좋게 대적자 큐브 쓰기도 전에 제네무기 잠재 완을 쳤습니다. 하지만 아직 챌섭 보상으로 주는 화에큐 + 보스코인샵 화에큐 등등 공짜큐브들 던질곳이없어서 미트라 하나를 장만하고싶은데요. 현재 있는거 없는거 영끌하면 약 200억정도 나올것 같습니다. 1. 미트라 처음부터 직작 2. 윗잠 방마마 아랫잠 레전잡옵 사서 아랫잠만 큐브던지기 3.윗잠 방마마 만 사서 아랫잠 레전등업 3개 중에 뭐가더 나을까요?? 다른 경로도 있으면 추천 부탁드립니다. 다른템 등업하는게 더 좋아보인다 싶은게 있으면 추천 부탁드리며 사진 첨부합니다. [이미지] [이미지] [이미지] [이미지]
2026-08-01,0,0,몬스터,진힐라 노말이랑 하드 차이 큰가요?,노말 해보고 우선 피하면서 극딜때만 넣어서 클리어 했는데 하드는 어느정도인지
2026-08-01,0,0,기타,챌린저스 달성 기준,보스 잡고 챌린저스 달성 기준이 보스 처치 즉시인가요 보상방 상자깔때인가요?
2026-08-01,0,0,아이템,카레잠 사용처 추천좀요,"1. 깡미트라 사서 바르고 미라클 때 플하 등업노리고 메소로 보조 사기 2. 플하에 카레잠 바르고 블큐 67개 있는데 그걸로 잡레 미트라(65억)사서 돌리거나 잡유 미트라(47억) 사서 등업 노리기 3. 에테르넬 장갑사서 카레잠 바르고 크뎀 찾고 큐브로 플하 등업 노리고 남은 메소로 보조 찾기 더 괜찮은 선택지가 있다면 추천 부탁드려요 Q 제목: 뭐가 더 좋을까요 (종료) 최대 1개 선택 가능 참가자: 2 명 26.08.02 19:35:59 마감 득표순 답변순 1 (100%, 2표) 2 3 투표가 종료되었습니다."
2026-08-01,0,0,아이템,제네 무기 대적자코인 어디다가 지르는게 나을가요??,"오늘 제네 플러스 사서 코인 얻을건데 블큐, 에디, 불꽃 중 어떤게 나을가요?? 제가 생각하는건 메소가 별로없긴한데 일단 메소로 에디 유니크 만들고 에디 큐브 돌려서 레전만들기이긴한데 불꽃도 괜찮을가요?"
2026-08-01,0,0,아이템,스펙업 방향 추,"현재 스펙 입니다 에테 장갑까지는 다음 샤탸때 17~18성 누르려고 돈 모으고 있는중이고, 이제 그 이후로의 스펙업을 뭘로 가져가야될지 모르겠습니다 아직 방어구 기간이 많이 남았으니 악세를 봐야ㅕ될지, 방어구를 미리 봐야될지 스펙업 방향좀 알려주세요! 목표는 8~10만 가고싶습니다 [이미지]"
2026-08-01,0,0,아이템,팔라딘 무보엠 순서 질문드립니다,[이미지] [이미지] 내일 썬데이라 모아둔 큐브로 최대한 만드려고 하는데 혹시 어떤 템부터 잠재 에디 해야할까요?
2026-08-01,0,0,아이템,미라클때 에테장갑 만들어볼까요?,제논이고 크 올만 붙어있는 장갑이 60~70억 하더라구요? 메소는 40억 언저리 있는데 이걸로 1. 깡통 사서(12.5억) 레전등업 + 블큐로 옵션 뽑아 12성 달기 2. 유닠 사서(20억) 레전등업 + 블큐로 옵션뽑아 12성 달기 3. 하지마 제네무기 윗잠 보 70 공9고 보조는 보30 공12 방 35에요 어떡할까요 캐릭 닉 : 레알밤제논
2026-08-01,0,0,아이템,템사기 vs 6차업글 도 환산 사이트보고 하면 되나요?,[이미지] [이미지] 매일 메제까지만 사냥해요 풀드메에요 심볼업글하고 기운 넘치는 것만 조각 사서 업글 하는중인데 메소가 모이질 않아요... 장비랑 이것 저것 사고싶어요.. 환산사이트에 스펙업이랑 헥사 코어업그레이드 불 꺼져있으면 조각 사서 업글하는거 멈추고 장비 맞춰도 되나요? 업그레이드 멈춘다면 넘치는 기운은 부스터로 바꿔먹으면 되나요?...
2026-08-01,0,0,아이템,카룻을 갈까요 에테를 갈까요?,가격은 동일하다는 가정하에 직업은 카데나 22 vs 18 기준은 카룻 잠재합 48% 추옵130급로 기준으로 구매할 생각입니다 에테사면 이거랑 같은 정도의 매물로 구매할 생각이에요 여기서 매물을 좀 보니까 생각보다 상의 하의는 가격은 별차이 없거나 에테가 저렴하더라구요 문제는 에테는 뚝이 매물이 없고 카룻은 뚝 매물이 있고 저렴한데 뚝은 4초이상으로 갈생각이라 무조건 에테가 맞을까요? 참 애매하네요... 스펙업은 상관없이 에테 맞춰도 18로 종결할거고 카룻맞춰도 22로 종결 때릴거 같아요 의견 좀 주실 수 있을까요? 생각 정리가 안된지라... 어렵네요 ㅠㅠ
2026-08-01,0,0,기타,울티마 카오스 진입 이후에도 아래단계에서 오토돌리는게 겸치 더 잘 오르나요?,카오스는 게임꺼두면 코인도 안줘서 결국 경험치 더 먹는게 중요한데 게임 꺼두면 어디서 돌리는게 더 좋은지 아시는 분
2026-08-01,0,0,직업,팔라딘 파티배율 시너지 잘 아시는분,위 사진이 팔라딘이 받는 시너지인데 팔라딘은 본인도 팔라딘 시너지를 받는 건가요? 저렇게 시너지 받으면 팔라딘 솔플 배율이 86%였다가 시너지 받은 기준 솔플 배율이 100%가 찍히는데 팔라딘은 솔플로는 시너지를 못받고 2인부터 시너지를 받는건가요? 아니면 저 시너지는 허상인가요? 왜 솔플로는 85%인 배율이 파티로가면 본인 시너지를 받고 배율이 오르는건가요?
2026-08-01,0,0,아이템,대적자 큐브 사용처 질문있습니다 !,"[이미지] [이미지] 이미지 차례대로 본캐(렌)/레테(부캐)/키네(부캐)입니다! 레테가 챌섭 챌린저 졸업하게 되면서 레테 스펙업을 당장 급하개 할 필요가 없을 거 같아, 현재 대적자 큐브가 남습니다 어디에 사용하는 게 가장 좋을까요?"
2026-08-01,0,0,기타,mvp 유지,지금 mvp 다이아 인데 9월 10일에 실버로 내려옵니다 10만원만 더 지르면 레드 다는데 9월 9일에 10만원 지르면 레드로 3개월 유지가 가능 한건가요??
2026-08-01,0,0,직업,레테 헥사 스텟 두 번째꺼 열었는데요 초기화 해야할까요??,메인 스탯이 올라야 좋은 것 같던데 초기화 해야하나요 ㅠㅠ?
2026-08-01,0,0,직업,유챔캐릭 미트라 꼭 껴야하나요?,280렌을 천천히 유챔sss까지 키우려하는데 지금 엠블렘이 에픽/레어 똥블렘입니다. 지금 미트라가 거품이 많이 껴있는거같아서 이번 미라클때 똥블렘을 레전/에픽으로 올리고 윗잠을 천천히 뽑으려는데 ㄱㅊ을까여?
2026-08-01,0,0,아이템,제네무기vs미트라 미라클때 등업 머할까요,원래 템 구매해서 샤타 할 예정이였는데 미라클이 됐길래 제네무기 유니크->레전 미트라 에픽->레전 두개 보고있습니다 130억정도 있는데 뭐 먼저 등업할까요 카화에큐 주마다 꼬박꼬박사서 40개정도 모았고 대적자화에큐는 90개 가량 있습니다 근데 대적자큐브는 기간이 없는데 카화에큐는 유통기한이 얼마 안남아서 애매하네요
2026-08-01,0,0,아이템,미트라를 믿기 vs 똥블렘을 믿기,"안녕하세요. 내일 다가올 미라클 데이에 대해 고민이 생겼습니다. 비싼 아가 애완 미트라를 분양 받아 열심히 키울 것인지 지금까지 수많은 시련을 함께 이겨낸 우리 똥블이를 믿을 것인지 너무 고민됩니다... 일단 우리 똥블이의 스펙은 이렇습니다. [이미지] 사실 저도 압니다. 우리 똥블이 그 정도 아닙니다. 잔인한 말이지만 미트라와 비교했을 때 종자부터 부족한 친구인 거 저도 알고 있습니다. 그래도 제가 힘들 때 말썽 안 피우고 등급업도 잘 해주고 옵션도 잘 떠준 친구입니다. 이런 똥블이 함께해도 괜찮을까요? 질문 요약 1. 똥블렘 밑잠 2줄 볼겸 돌릴까, 애완 미트라 사서 맛만 볼까 2. 미트라 살 돈으로 도미 바꿀까 3. 하드 메이린 배율 몇부터 칠만함? [이미지]"
2026-08-01,0,0,아이템,4만 메린이 템세팅 질문 드립니다,"안녕하세요. 작년 챌썹때 유입했다 이번에 복귀한 메린이입니다. 283 제로 헥환 41,335 제네무기는 보공방, 공2줄, 엠블렘은 유/에 입니다. 현재 화에큐가 35개가 쌓여있는데, 제가 제네 패스 플러스를 사지 않아 이걸 무기에 써서 3줄을 찾아야 하는지 엠블렘 미라클 등업 후 옵션을 찾아야 하는지를 알고싶습니다. 리프를 제때 안 해서 본캐는 따로 없고 현재 20억 정도 있습니다. 글 읽어주셔서 감사합니다. [이미지]"
2026-08-01,0,0,아이템,메린이 100억 모았습니다..드메템 질문있어요!,지금 템드메 0/100인데 쌍메 2개 드랍한줄 1개 사면 딱 100억이더라구요 이걸로 이벤링 드랍으로 다 바꾸고 100/100 갈까요? 자석펫도 없는데 돈 더모아서 자섯펫 먼저 살까요 사냥으로 버는 메소는 똑같다보니 조각 더 캐는거 뿐인데 메리트가 있는지 궁금합니다.! 사냥은 하루에 1~2재획 합니다
2026-08-01,0,0,기타,메린이 레벨업질문드립니다,"안녕하세요 메이플시작하게되었는데요 챌섭을 7월26일에시작했는데 285를찍어야 하드메이린을잡기수월하다고해서요 한번도전해볼려고 하는데 레벨업계산이 잘안돼서질문드립니다. 패스는 다질렀어요 지금렙이 276렙 82%입니다 조건은 풀매제까지만사냥하구 , 일퀘,몬파매일2번 돌고하는데 아직주간에픽던전은안돌았습니당 메포안쓰고 챌섭종료전까지 285찍을수있을까요? 혹시 못찍는다면 어느정도로 메포를써야 가성비있게 285를찍을수있을까요?"
2026-08-01,0,0,아이템,환산 7.8 헥환 7만 진로질문드립니다!,"환산 7.8 / 헥환 7만 290렙 렌이구요, 앞으로 한부위씩 변경해서 데티해방까지 노려보고자 하는데, 조언 부탁드립니다. 먼저 지금 세팅은, 22보장+여명, 17성 아케인 5셋, 22성 카룻3셋입니다. 모자,상하의 경우는 22카룻이 직작한거라 상태가 안좋아서 18에테 윗잠30퍼 아래 두줄정도로 교체할 예정이구요 장신망견은 고민중입니다. 18에테랑 22아케인이 가격차이가 크지 않아서 고민이 되는데는데 어떤게 효율적일까요? 그리고 창뱃시세가 많이 내려온거 같아서 지금 마도서, 미트라 착용중이니 창뱃도 구매할까 고민중입니다. 또 미트라는 애완 미트라로 공24퍼 아래 공18퍼 쓰고 있었는데, 300억대로 공30퍼 매물들이 보이길래 교체 고려중입니다. 정리하자면, 1. 장신망견 18에테 vs 22아케인 2. 창뱃 구매 타이밍 3. 공30 미트라, 아케인 교체, 창뱃 구매 순서 설정 이렇게 조언 부탁드리겠습니다!"
2026-08-01,0,0,아이템,메린이 미트라 옵션 질문있어요!!!!!!!!!!!!,미트라 공21퍼 덱스9퍼 / 에디 공 21퍼 이정도면 언제까지 쓰나요???? 5줄 정옵이 너무 비싸서 눈을 낮춰보려구요...........
2026-08-01,0,0,아이템,데브펜 18성 쌍레,2년만에 복귀한 유전데 템 다 안팔고 접어서 저런게 남아있더라구요 본캐에 쓰던 템이긴한데 유닠 둘둘할거라 쌍레는 과한거 같아서 팔고 저렴한템 맞출 생각이에요 저거 얼마정도에 팔릴려나요? 엘슘섭입니다 +올탯 달려있어도 윗잠 힘12퍼땜에 제논템으로는 취급 안하죠?
2026-08-01,0,0,아이템,스펙업 순서 방향 훈수좀 부탁해,"제로인데 솔직히 컨트롤이랑 연계가 익숙하지 않아서 하드 메이린을 못깨겠습니다. 그래서 소과금으로 해결할려고하는데 도움좀 개인적을로 고근이나 에테르넬 장갑을 고민중 (카레잠 1, 유레잠2 있음)"
2026-08-01,0,0,아이템,보40 마9 9 로 봐도 될까요 잠재가 애매해요...,뜨자마자 소리 질렀는데 잠재가 너무 애매해서 문의드려요 보40 마 9 9 로 봐도 될까요 아님 몇%급인지 궁금해요...
2026-08-01,0,0,아이템,메린이 템셋 조언 부탁드립니다.,"안녕하세요. 작년 챌썹때 유입해서 메이플 쭉 이어 하고 있습니다. 지금 셋팅은 이렇습니다 283 키네시스 헥환 51,597 보마를 하다가 5.1에 주차 하고 키네시스란 직업이 너무 재밌어서 본케로 꾸준히 할 생각입니다. 제네무기는 대적자랑 게속 큐브 던지고 있고. 보조는 챌섭 초기에 70억주고 사왔고 미트라, 마이링은 운이 좋게도? 적은 금액으로 옵션을 만들어 놓은 상태입니다. 기운 192개 조각 3500개정도 헥사강화는 해 놓은 상태구요! 방어구는 에테모자는 2초뚝 구매할 예정이고, 상 하의는 직작으로 추옵,잠재만 유니크2줄 에픽1줄 맞춰놓은 상태이고 아케인 견 966 신96 망96 18성 만들어 놓은 상태입니다. 이번에 샤타포스를 했으면 장신구들 20성 만들어 놓고 에테 18성 만들어서 낄 생각 이였는데 미라클 타임이라... 혹시나 바꿔야 할 옵션이나 좀더 투자 할 장신구들이 있는지 궁금합니다. 메소는 지금 모아 놓아서 200억정도 있는 상태입니다! [이미지]"
2026-08-01,0,0,아이템,소과금 익스우 솔플 목표로 템세팅 질문이여,288 카이저인데 익스우 솔플 목표로 하고있습니다 여태 직작으로만 템을 만들었는데 이젠 템을 좀 사면서 직작은 필요한 경우에만 하려고합니다 소과금으로 천천히 주보돌면서 하나씩 템을 바꾸려고 하는데 현재 템에서 바꿔야 하는 순서? 중요도를 잘 모르겠어서요 미트라는 애완용으로 나오는 큐브 그냥 다 박고있습니다 [이미지]
2026-08-01,0,0,아이템,내일 제네무기랑 메소를 어떻게 써야할까요??,일단 제네무기에 카레잠 카에유잠 발랐고 추옵은 2추보공10 입니다. 83억메소 정도 있습니다. 먼저 블큐로 윗잠 돌리고 대적자코인 2500개로 화에큐사고 내일 메소로 에디레전 올린 후 화에큐로 옵션뽑는건가요? 그리고 제가 깡보조인데 내일 미라클이니까 그때 보조 건지는게 좋겠죠?? 아님 깡미트라를 사서 카레잠 바르고 에디 유니크 승급을 메소로 노려볼까요?
2026-08-01,0,0,시세,이정도면 살만 한가요?,챌섭이고 기본으로 주는 아쿠아틱이랑 골클벨 끼고 있습니다. [이미지] [이미지] 두개 각각 골클벨은 53억이고 파풀라투스 마크 는 50억인데 이정도 가격이면 살만 한가요? 교불 조각만 쓰고 주운 조각 다팔아서 딱 103억 있는데 살만한가요?
2026-08-01,0,0,아이템,제네무기 보40 35 공9퍼 기댓값 큐브몇개정도인가요?,아니면 보40 공12 보30
2026-08-01,0,0,아이템,미라클때 블랙보조 에디 올리는게 좋을까요??,현재 레테 레유 블랙보조 보마마 윗잠 에디 유니크 잡업입니다 이번 미라클때 에디 레전드 도전해봐도 괜찮을까요?? 아스트라까지 갖고갈 생각입니당
2026-08-01,0,0,아이템,메린이 템 방향 조언 부탁드립니다 젭알,형님들... 현재상태는 아래와 같고 예산은 약 500억정도 있습니다. 보조는 완제를 사고 엠블램을 반직작할지.. 미라클때 레전 등업보내고 장신구를 준종결급으로 전부 맞출지 리레 4렙 하나 우선 살지 고민이네요.. 다른 방향이 있을까요 조언 부탁드립니다. 목표는 챌린저입니다.. 유튭보고 하려니 너무 방대한 자료들이라 제가 선택해야하는데 어느것부터 준비 하는게 좋은지 알고 싶습니다..
2026-08-01,0,0,아이템,레테 무보엠 어떻게 하면 좋을까요??,무보엠 이거 일단 스공 7800인데 무보엠에서 어떻게 해줘야할까요?? 일단 일요일날 무기 에디 레전 메소로 도전해볼거긴한데 어떤 순서로 옵션 띄워줘야 효율이 좋을까요??
2026-08-01,0,0,아이템,내일 미라클 어디할까요? 메린,위 템이나 다른 템세팅 알려주시면 감사하겠습니다
2026-08-01,0,0,기타,넥슨온으로 원격하는데,피씨 모니터 끄면 원격도 아무것도 안보이나요??...
2026-08-01,0,0,기타,잠재 질문,안녕하세요. 제가 지금 3줄 스탯뚝을 사용하고 있는데 2초쿨 주스텟 잡옵이 좋을까요 아니면 그대로 스탯뚝을 사용하는게 좋을까요 그 외 스타포스나 추옵은 똑같다는 가정입니다. 직업은 에반입니다. 그리고 궁금한게 쿨뚝이 스탯은 떨어지더라도 사용하는 이유가 아무래도 궁극기를 한 번이라도 더 사용할 수 있다는 매리트가 커서 사용하는거죠?
2026-08-01,0,0,아이템,제네무기 추옵 어느정도 사용하나요?,지금 1추 보공 10퍼 데미지 5퍼인데 다른건 안붙었어요 더 돌릴까요?
2026-08-01,0,0,기타,챌린저스 패스 지금 사도 되나요??,지금 막 시작해서 챌린저스 패스 5레벨인데 지금 사도 괜찮나요?? 프리미엄까지 사는거 추천하시나요?
2026-08-01,0,0,아이템,챌린저 목표 템셋 질문 드립니다,해방까지는 끝난 상태인데 여기서 뭘 더 업글하면 챌린저 가능할까요
2026-08-01,0,0,기타,넥슨 캐시 사용처 질문,넥슨 캐시 카드? 이게 10만원있는데 이걸로 뭐 해보는게 제일 좋나요? 넥슨에만 사용할수 있어서 캐시충전만 가능해요
2026-08-01,0,0,기타,챌섭 이동 질문,레테유입인데 스카니아 가려고하는데 친구가 레잠 싸게해달라고해서 하나챙겨서 엘리시움에 캐릭하나보냈는데 서버이동 다른데는 안된다고하더라구요 캐릭터삭제하면 다시 바꿀수있나요 ?ㅜㅜ
2026-08-01,0,0,아이템,"뉴비 챌섭이후 본섭 준비 질문,평가해주세요","일단 직업은 레테이고, 본캐가 없습니다. 챌린저를 완료해서 이제 설렁설렁 보스 메제 채우면서 본섭대비 방어구를 맞추려고하는데요 우선 인벤 좀 검색해서 나온정보가 도전자풀강 대체가 17에17% 18앜15%라고 하더라고요? 방어구 직작을 잘몰라서, 주문서는 뭐 어떻게 하는건가요?? 악세는 간단하게 프악공 작둘둘 했었는데 방어구는 제가보는 유튜브 3개에서 아직 다루지 않아서, 이전 챌섭 영상을 찾아봐야할까요? 일단 목표는 구매 에테모자 17성 쿨감2초이상 + @인트 구매 에테상의 17성 17%이상 구매 에테하의 17성 17%이상 아케인장갑 18성주문서 카레잠 크1줄 +@인트(뜨면좋고) 아케인신발 18성주문서 유잠 인트15%이상 아케인망토 18성주문서 유잠 인트15%이상 아케인견장 18성구매 유잠 인트15%이상 (컨티4/리레4/자석펫은 후순위로 구매할예정) 이렇게하고 아케인은 다 직작이라 에잠 박고 설렁설렁 브론즈 큐브 돌려서 에픽 띄울려고합니다 근데 아케인전부 어떻게 주문서를 작하는지 몰라서 질문드려요, 그리고 제가 짠 빌드 어떤지 좀 평가 해주세요... *장비목표는 딱 지금 챌섭만큼만 하고싶어요 벨로나가 어떻게 나올지는 모르겠지만 이지벨 로나~이지카링까지 잡으면 좋을것같습니다 현재 도전자 21성기준 연모 하드메이린 112%나옵니다"
2026-08-01,0,0,기타,혹시 제네패스 플러스 검마 파티로 가서 데카아웃하고 죽어도 미션 깨지나요??,제목처럼 2인으로 가서 저는 데카아웃하고 파티원이 깨면 미션 깨지나요??
2026-08-01,0,0,기타,울티마 전사 궁수 39렙인데 에스페시아 어떻게 할까요,전사는 경치 70퍼대 궁수는 60퍼대여서 빠르게 에스페시아 써서 카오스 진입이 이득인가요? 아니면 그냥 생 렙업 후 에스페시아를 카오스에서 쓰는게 이득인가요?
2026-08-01,0,0,아이템,뉴비 이번 미라클때 조언좀가능할까요?,보조 아니면 엠블렘 레전등업? 아니면 제네시스 먼저 에디등업? 보통 미라클때 등업 성공시키면 더 잠재 안쓰고 다른거 등업 먼저 해주는게 좋지? [이미지]
2026-08-01,0,0,아이템,메린이 70억 메소 어캐쓸까요?,70억 메소 있는데 어캐 할까요 목표 : 챌섭 챌린저 미라클 때 제네 에디 레전등업 VS 다른곳에 쓰기 [이미지]
2026-08-01,0,0,기타,경매장 낱개로 구매가 안돼요...,부티크 하나만 사서 돌려보고 싶은데 낱개로 구매가 안떠요 ㅠㅠ 자꾸 16억 다 쓰래요 ㅠㅠ 이거 낱개로 못 사나요? 제가 거지라 ㅠㅠㅠㅠㅠㅠㅠ
2026-08-01,0,0,기타,울티마 3-10 깨려면 법사도 40 찍어야대요?,"전사 40, 궁수 40 찍고 스킬배워서 밀 수 있을 줄 알았는데 택도 없네요. 40/40/36인데 법사 40찍어야 밀리려나요"
2026-08-01,0,0,시세,캐시는 뭐 팔아야 됨?,챌섭 충분히했고 겜도 재밋어서 100장정도 더 투자하려는디 어둠의 경로는 안해봐서 좀 꺼려지고.. 메포로 사서 바꾸려다가 캐시 사다 파는게 더 낫다고 들어서 주로 하는 품목이 있는거임?
2026-08-01,0,0,아이템,챌섭 진로 질문이요,"이제 막 해방했고 있는 큐브 다 쓰고나니 이번주 미라클이더라구요.... 블큐 에큐 7 / 7 있고 세렌, 칼로스 아직안잡았긴한데... 세렌은 잡을 수 있고 칼로스는 아직안해봐서... 일단 큐브 수급 조금 더 되긴하는데 가지고있는건 40억정도구요 보조도 엠블도 유에인 상태이고 장신구도 파풀마빼고 다 17성이라 샤타기다리고있었는데 이번 미라클때는 있는거만 쓰고 돈은 남기면 될까요..?"
2026-07-31,0,0,기타,님들 제네 패스 플러스 산 사람이랑 안 산사람 같이 파티해서,세렌 검마 칼로스 깨 면 패스 산 사람은 코인이랑 큐브 보상 들어와요? 쩔개념으로
2026-07-31,0,0,아이템,이번 이벤으로 시작한 늅늅이 장비좀 봐주실수 있을까요?,안녕하세용 이번 이벤트로 유입되서 나름? 열심히 하고 있는 늅늅이 입니다. 다름이 아니라 현재 따로 공략같은건 보지 않고 헤딩으로 올라가는 중인데요. 보스 컨텐츠 관련해서는 노말 진힐라에서 막혀있는 상황입니다. 하드 루시드도 마지막 발악(?) 3분인가 안에 죽여야 하는 패턴 에서 막혀있구요. 간간히 하드 듄켈은 잡는 상황인데요.(간신히 한두번 잡음.) 플레이 중 느낀게 스펙이 딸리는거 같은데 한번 세팅 보고 뭐부터 올려야 하는지 알려주실수 있을까요? 템세팅 관련은 얼마전 공략을 보고 대략적으로는 맞춘거 같은데 아직 좀 많이 약한거 같아서요. (PS. 커뮤에 따로 글을 올려 본적이 몇번 없어서 조금 이미지가 이상하게 올라갔어도 양해 부탁드립니다.) 닉넴은 '흰뚝중독' 이구요. 챌섭2에서 키우고 있습니다. [이미지] [이미지] [이미지] [이미지]
2026-07-31,0,0,아이템,메린이 오늘 해방했어요!,"지금 제 무기 상태인데 윗잠,아랫잠,추옵중에 뭐부터 건드리면 좋을까요? 이번 썬데이가 미라클데이라고해서 화에큐 + 대적자 화에큐로 에디 등업 먼저 노려볼까 하는데 어떻게 생각하시나요..? 챌섭 보상 블큐 화에큐랑 제네 플러스 아직 안썼습니당"
2026-07-31,0,0,기타,하드메이린 285찍으면 배율도 오르죠?,283에 95% 찍히는데 템 사긴 싫고 레벨로 떼울라는데 배율 오르죠?
2026-07-31,0,0,아이템,주흔 15% 작하려는데,금토일 피버타임때 확률 오르는거랑 별개로 pc방에서 하면 확률 더 오르는건가요?
2026-07-31,0,0,퀘스트,님들 282렙 86000점인데 챌 하려면,282렙 86000점 하드세렌까지 잡았고 칼로스 대적자는 이지만잡았는데 이상태에서 하드메이린 잡으면 챌린저 되는거임? 아니면 렙업이나 이지카링 잡아서 9만점 채우고 하드메이린을 잡아야 챌린저 되는거임? 환산4만 해방은했음 일욜날 여명 18성하고 하트18성하면 하드메이린 최소컷은 될거같아서
2026-07-31,0,0,퀘스트,이지 벨로나 아스트라흔적 몇 개 일까요?,이카가 20 노칼이 30 이니까 25일까요?
2026-07-31,0,0,아이템,에디 에픽 -> 유닠 등업 메소 vs 화에큐,확률은 화에큐가 두배 높던데 화에큐가 이벤트로만 구할 수 있으니... 어떤게 더 효율적일까요?
2026-07-31,0,0,아이템,레테 보조 뭐가더 나은지 봐주세용,제네무기 보보인 >보보마(보마마) 바꿀예정 1.보조 윗잠 보보마 에디 마력21퍼 데미지9퍼 2.보조 윗잠 보마마 에디 마력21퍼 인트9퍼 가격차이 1억정도인데 뭐가더 좋을까요?
2026-07-31,0,0,시세,죽맹 24성은 가격이 어떻게될까요??,전에 25성은 판매된적이 있다고 들었는데 죽맹 24성 별값만 받는다하면 얼마정도 될까요??
2026-07-31,0,0,기타,챌섭에서 본캐를 바꾸고 싶어요 ㅠㅠ,4주차 중반쯤에 복귀해서 지금 레테로 아버랑 다 해서 280 찍었는데 뭔가 텔포가 너무 답답해요... 보마 살짝 해봤는데 너무 재밌어서 바꾸고 싶은데 챌섭 종료 할때까지 레테를 계속 하고 본섭가서 보마를 해야할지 아니면 지금이라도 레테는 보스만 돌리고 보마를 키워야할지... 뭐가 좋을지 알려주세요 평일 하루 1시간~1시간반 게임 가능하고 일요일에 3~4시간 가능해요
2026-07-31,0,0,기타,진힐라 질문드립니다.,"안녕하세요. 해방까지 했는데 계속 그림처럼 재단 풀 때 스페이스바 누르라고 뜨네요 ㅠㅠ 캐릭터는 히어로 입니다 ㅠㅠ 어떻게 해결하는지 알려주시면 감사하겠습니다. 답변해주신 분 선착순으로 5,000이니 드리겠습니다! [이미지]"
2026-07-31,0,0,직업,제로 온갖거 질문,"오늘 해방을 위해 검마를 잡아야만 하는 메린이입니다. 직업 공부를 할수록 헷갈려서 질문드립니다. 1.첫극딜이 아닌 나머지 극딜때 제로는 딱히 사이클 없이 알파 - 윈윈윈윈 + @ 베타 -휠브휠브 + @ , 휠브휠브브 반복하면서 조택 쉐플 쉐레 스인미 등등 극딜 스킬 털어주기만 하면 되는건지 잘 모르겟어요. 2.알파 롤롤 다음에 플썰터 쓸때 체감상 거의 1초동안 선딜이 생기는거 같은데 원래 그런건가요. 3.알파 플썰터보다 버텝 쓰는게 더 효율적인지 모르겟읍니다. 여러분의 답변에 제 해방이 걸려있습니다. 잘부탁드립니다."
2026-07-31,0,0,아이템,해방무기 추옵 VS 에디,추옵은 2추 + 8% 에디레전 마력 12퍼 남은 대적자 코인이 끝까지 해금하면 6500개인데 (= 심환불 260개 = 에디큐브 130개) 추옵 올인할지 에디 올인할지 알려주십쇼
2026-07-31,0,0,아이템,챌섭>본섭 리프시 챌섭에서 쌓은 큐브천장 사라지죠?,사라졌던 걸로 기억하는데 가물가물해서 여쭤봅니다 ㅠㅠ
2026-07-31,0,0,기타,5차 스킬코어 슬롯 강화 기능 없어졌나요?,굉장히 올만에 복귀한 유저인데 코잼좀 아껴볼려고 슬롯 강화로 5렙이라도 더 올리고싶었는데 아무리 찾아봐도 슬롯 강화가 안보이네요 제가 못 찾는건지 없어진건지 명확히 알고싶어요
2026-07-31,0,0,기타,검마 흔적만 먹으러가는 6인팟도 나오나요?,그리고 6인팟으로 간다고하면 헤딩으로 괜찮을까요? 연습을 해보고싶은데 1페 바인드컷이 안되서(30퍼나 남아버림) 연습을 못했는데요..
2026-07-31,0,0,퀘스트,안녕하세요. 뉴비입니다. 검마 해방에 관해서 질문 드립니다.,검마 하드를 4인팟으로 깼는데 어둠의 흔적 숫자가 안 올라갔습니다. 혹시 이유가 무엇인지 알려주실 분 계실까요?
2026-07-31,0,0,아이템,윗잠 유니크에서 레전 VS 에디 레어에서 에픽,어떤게 더 효율이 좋을까요???
2026-07-31,0,0,기타,시퀸스질문,패파를 하고있는데요 시퀸스를 검색했는데 v매트릭스에서 왼쪽 아래에있는 쓸만한 어드밴스드 블레스 쓸만한 컴뱃 오더스 는 왜 시퀸스에 안 넣나요? 내용으로보면 공격력도 늘려주고 좋아보이는데
2026-07-31,0,0,아이템,하이퍼버닝 비약 사용 질문,260 하이퍼버닝 적용해서 260 찍고 나면 성장 비약 사용할 수 있나요? 버닝효과 받고 있으면 사용 안된다던데 버닝 마약 버프나 아이템 버닝은 버닝효과로 안 치는건가요
2026-07-31,0,0,퀘스트,제네시스 패스 도전보스 질문,내일(8월1일) 검마 잡고 해방인데 도전 보스 잡는거 연습모드로 클리어 처리 돼나요? 세렌을 이미 잡아 버렸는디...
2026-07-31,0,0,기타,메이플m 인벤토리 질문이요!,인벤토리 확장할려면 파란다이아 사는수밖에 없나요? 이벤트나 다른 재화로는 불가능한가요?
2026-07-31,0,0,기타,프리스타일쿠폰 질문이요!!,이번에 나온 상반기 best 헤어쿠폰에 남자머리 페르가 있는데 제가 여캐거든요 헤어쿠폰에 프리스타일쓰면 남자머리 할 수 있나요?
2026-07-31,0,0,기타,울티마 카오스 2-3 뻉뻉이 해도됨?,가끔7단계떨어지는거 얻고싶은데 지금 정지당하는분들 막뜨길래 혹시나 손으로 카오스2-3 60%쯤 재입장 할려는데 이런건 문제없겠죠?
2026-07-31,0,0,아이템,레테 카루타 템셋팅 질문드립니다 도와주세요,이번에 레테로 복귀하게됬는데 검마도 처음 잡아보고하니까 게임이 너무재미있어서 조금씩 아이템 맞추고있는데 장신구쪽은 17-18성 칠흑 레전3줄 에디는 유닉2줄~에픽2줄정도로 맞춰놨는데 슬슬 방어구도 생각해야될거같아서 고민중인게 아케인은 고정으로 5셋 쓰고 5초쿨뚝 효율이 좋다그래서 22성 카루타 5초뚝해서 카루타 셋팅할지 그냥 2초에 스탯퍼해서 18에테 3셋할지 너무 고민되는데 의견좀 부탁드립니다! 핸드폰으로 작성해서 가독성 나쁜점 죄송해요
2026-07-31,0,0,아이템,고민있습니다!,안녕하세요! 챌섭에서 렌 키우고 있는 메린이입니다. 운 좋게 리레4렙을 획득한 후 고민이 생겨서 글 올려요!! 리레4렙을 제가 쓸지 or 판 후에 도미나 에테장갑(크뎀+STR%)을 살지 고민입니다!! 답변 주시면 감사하겠습니다!!
2026-07-31,0,0,아이템,이정도면 방어구 에테르넬셋맞추면되나여?,[이미지] [이미지] 작년챌섭리프만하고 접은캐릭인데 보스돌이용으로 예토전생하려면 에테셋맞추면되나요? 아니면 아케인하고 나머지스펙더올리는게낫나요?
2026-07-31,0,0,아이템,미라클 타임.. 엠블 vs 하트,"(제가 착용중인 엠블과 하트입니다.) (닉네임: 검술왕김옥분) * 아까 모르고 게시판 길을 잃어 팁게에 작성했었습니다. 죄송함다 ㅠㅠ. 챌섭 복귀유저입니다. 다다음주 해방이고, 해방무기에 바를거 빼면 레잠 주문서가 1개 남습니다. 일요일까지 렙업하면서 겸사겸사 재획하면 30~35억정도 모일 것 같습니다. 블랙큐브는 챌섭하면서 따로 쓴적은 없습니다. 근데, 받아놓지도, 상점에서 구매하지도 않아서 몇개가 될진 모르겠네요;; 원래는 미트라 깡통 하나 사서 애완 미트라로 계속 큐브를 먹이려고 했는데, 미라클타임 소식이 들리네요. 고민이 되는 선택지는, 1) 레잠을 미트라에 바르고 끝낸다. 2) 레잠을 미트라에 바르고, 블큐로 하트 레전옵을 뽑는다. 3) 레잠을 미트라에 바르고, 블큐와 메소로 하트 레전옵을 뽑는다. 입니다. 3번째는 미라클타임때 메소로 잠재를 돌리는게 가치가 있는지 물어보는 질문이기도 합니다. 미라클 타임때 메소로 잠재를 돌리는게 좋다면 에테장갑도 깡통으로 하나 사서 레전까지 띄울까 싶어서요."
2026-07-31,0,0,아이템,챌섭 뉴비 방향성 조언 부탁드려요 메짱형님들,챌섭 뉴비이고 지금 마스터 등급 입니다 어쩌다가 운좋게 트왈마 윗잠 레전 / 제네무기 미트라 쌍레 가 떠서 2칠흑을 갈지말지 고민도 됩니다 현재 목표는 하드 메이린 클리어 입니다만 앞으로 메이플 계속 할거 같아서 지향적인 템셋팅을 하고 싶어요... 이번주 썬데이가 미라클 이던데 현재 자금은 약 40억 정도 있고 이 돈으로 레테 윗잠 레전 보조를 살지 아니면 아꼈다가 샤타때 18성으로 다 올릴지 고민 됩니다 일단 보조를 바꾸긴 해야 할거 같은데 메짱 형님들의 조언 부탁드립니다 긴글 읽어주셔서 감사합니다!!
2026-07-31,0,0,직업,저 혹시 추천직업이나 서버있나요?,6차나왔을때도 시스탬이해못해서 걍 접속하고 바로접었습니다 신창섭떄는거의 안했던것같아요 유니온 8500인가 찍어보고 칼리랑 그다음나온직업 그리고 이번에나온직업은 안키워본것같아요 저는 걍 뇌뺴고 사냥하는거 좋아해서 썬콜키웠는데 swings돈까 이게 닉내임인데 복귀하면어디서부터 뭘할지 모르겠습니다 추천해주시는 직업이있나요? 예전이랑 많이 다른가요? 무자본으로 어디까지 할만할까요? 스카니아입니다 본섭은
2026-07-31,0,0,아이템,챌섭 뉴비 한번만 도와주십쇼 선생님들ㅠ,"이번 챌섭에 신규 유입해서 이제 막 한달 조금 넘었습니다 이래저래 유튭이랑 찾아보고 하면서 템셋팅을 하긴했는데 이 다음으론 뭘 어떻게 해야될지.. 감도안오네요 챌섭보상으로 주는 레전,유니크 잠재를 제가 날려버려서 제네무기 윗잠은 메소등업하고 패스큐브로 운좋게 띄웠는데 이제 아랫잠 돈되는대로 유니크 등업이라도 하려고 합니다. 처음엔 이렇게까지 흥미가 들게될줄 몰라서 템셋팅도 그렇고 이벤트 보상도 여기저기 맘대로 쳐바른게 너무 후회가 되네요 ㅠㅠ 1. 제네무기 유니크 등업 후 레전등업 vs 장신구 교체 (등업하면 최소 마력9퍼정도는 띄우려고합니다) 2. 레전등업중에 유니크에서 15퍼나오면 일단 멈추고 다른걸 손대라고 하시던데 맞나요? 3. 장신구 교체하려면 어디에 손을 대야할지 (대략적인 옵션이나 금액도 알려주시면 감사하겠습니다!) 하드세렌까지는 어찌어찌 여려번 트라이해서 잡긴했는데 카링은 도전할 엄두도 안나고.. 하드 메이린도 잡아보고싶네요.. 뉴비좀 도와주십쇼 형님 누님들..ㅠㅠ 링크가 안올라가서 댓글에 첨부했습니다!!"
2026-07-31,0,0,아이템,형들 마깃안 에디 3줄 어떻게 처리할까요,화에큐 돌리다가 떴는데 저한텐 좀 과분한 옵션이라 이거 그대로 팔지 아니면 윗잠 33퍼 + 22별 눌러서 팔아야 할지 형들이라면 어떻게 하실지 추천해주세요. Q 제목: 마깃안 최대 1개 선택 가능 참가자: 9 명 그대로 판다 윗잠전승 22로 판다
2026-07-31,0,0,아이템,고수 형님들 미라클 질문 있습니다.,안녕하세요 이번 챌섭 유입 뉴비입니다. 이번주 썬데이가 미라클이더라구요. 혹시 지금 템셋팅에서 제일 먼저 손 대야 할 것들 추천 좀 부탁드립니다.
2026-07-31,0,0,기타,버섯자섹펫에 뜨는 s.d펫도 합성가능한가요?,ㅈㄱㄴ
2026-07-31,0,0,기타,챌섭 뉴비 질문입니다.,"이번에 유입된 챌섭 뉴비 인데용.. 챌린저 찍었고, 285까지는 어찌저찌 다 왔습니다. 뭐 나중을 생각하면 286까지 있으면 좋은 부캐가 된다고? (카데나 링크) 해서 286까지는 MVP RED랑.. 모멘텀 패스랑 조금씩 사냥해서 밀어줄 생각인데요. 이 캐릭터를 290까지 가는 것이 맞는지.. 아니면 버닝 없이 그냥 285 캐릭터를 처음부터 새로 키우는게 맞는건지 ㅠㅠ 고민입니다. 지금 285 캐릭터는 보마라서.. 와헌으로 새로 키워볼까 생각하고 있습니당."
2026-07-31,0,0,기타,뉴비 부캐 유니온 질문,현재 챌섭에서 본캐 키우고있는데 나중에 주는 그냥 하이퍼버닝은 유니온캐릭용 ( 예시: 은월 크뎀 ) 이런거 키우고 부캐는 다음 챌섭에서 키우는게 효율적으로 맞는거겠죠? 빨리 부캐를 키우고싶은데... 챌린저스에서 혜택? 다받으면서 하는게 좋아보이더라구여.. 주기가 반년이나 되지만
2026-07-31,0,0,기타,챌섭 뉴비입니다! 이번에 미라클 타임 때 뭐 할까요??,이번 주 일요일에 제네시스 무기 해방 할거구요. 유니크 에디셔널 잠재능력 주문서 발라서 레전드로 등급 업 할 생각 하고 있습니다. 혹시 그 외에 할만한게 뭐가 있을까요? 플라즈마 하트?? 그리구 등급 업 할 때 무조건 큐브로 해야하나요? 메소로 하면 손해일까요?
2026-07-31,0,0,아이템,미라클 어디에 질러야 할까요?,"안녕하세요. 챌섭에서 아란 키우고 있는 늅늅입니다. (닉넴은 '라위로란' 입니다) 미라클이 나왔다고 해서 가지고 있는 카르마 블큐 (73개), 카르마 에큐(76개) 를 어디에 질러야 할 지 모르겠어서요.. 지금 무기는 제네무기 레유 (보보공 35, 30, 9), (공공힘 9, 6, 6) 이고요. 미라클 안 나올 줄 알고, 대적자 큐브 다 질렀는데, 에디가 레전을 안 가네요.. 이거는 제네 패스 플러스로 그냥 레전 갈 거 같아요. 보조무기는 지금 블랙 보조무기 유에 (공힘뎀 9, 6, 6), (공 6) 인데 이거는 천룡추 레유? 정도 120억 정도 모아서 살려고요. 엠블렘은 골드 히어로즈 엠블렘인데 메멘토 골드 지르다가 레전을 가버려서 공뎀방 (12, 9, 30), 에디 에픽 (공6) 쓰고 있어요.. 하트는 플라즈마 하트 레에 (힘 18퍼), (공 10) 쓰고 있구요. 미라클 때 어디를 돌려야지 가장 좋을까요.. 악세는 4여명 잠재 유니크 + 에디 에픽 or 레어 쓰고 있고요. 혹시 어디에 큐브를 지르는게 가장 좋을 지 방향성 잡아주실 수 있으신가요? 환산에 ""라위로란"" 검색하셔서 봐주시면 더 감사하겠습니다 ㅠㅠ"
2026-07-31,0,0,아이템,혹시 미라클때 올릴만한게 있을까여,"[이미지] 샤타 나오면 18둘둘 해주려했는데 안나오더라구여.. 제네무기 에디는 천장이 7개 남아서 무조건 레전 올리고, 나머지 메소를 투자할곳을 찾고있어요. 챌린저를 바라보려는데, 엠블을 돌리는게 맞을까요? 에디 에잠은 하나 남았습니다. 아니면 에 에잠 못발라주는곳에 에디에픽을 노려보는게 좋을까요? 스펙업 추천에서 잠재만 보이게 했을 때는 이렇게 나옵니다. [이미지]"
2026-07-31,0,0,기타,메m 어제부터 갑자기 약해졌어요,[이미지] [이미지] [이미지] 메m 마일리지캐는데 어제부터 갑자기 약해졌어요. 템이랑 스킬 다 빠져있길래 들고있는거 중에 젤 쎈 템끼고 스킬은 추천스킬 눌렀어요. 그래도 자꾸 미니던전 자동사냥 돌리면 스치면 죽어버리는데 이유 아시는분?? 캐릭은 저번에 칼리출시 이벤트할때 250찍어놓은 캐릭입니다.
2026-07-31,0,0,기타,투력 6600만 메린이 검마 잡고 싶습니다.,우선 메린이고 검마 이번에 처음 도전해봅니다. 3페가 너무 어려워 아직 못 깨고 있어서 그냥 스펙업을 조금 더 해서 딜찍누로 깨려고 하는데 어떤 스펙업이 가장 효율적일까요? 검마 배율은 192%고 닉네임은 총옘 입니다.
2026-07-31,0,0,아이템,형들 마깃안 에디 3줄 어떻게 처리할까요,화에큐 돌리다가 떴는데 저한텐 좀 과분한 옵션이라 이거 그대로 팔지 아니면 윗잠 33퍼 + 22별 눌러서 팔아야 할지 형들이라면 어떻게 하실지 추천해주세요. Q 제목: 마깃안 최대 1개 선택 가능 참가자: 12 명 그대로 판다 윗잠전승 22로 판다
2026-07-31,0,0,아이템,안녕하세여 최근에 해방했는데요,추옵은 1추나올때까지 돌려야하나요?? 윗잠은 지금상태그대로 써도될지 아니면 공공공으로 바꿔야하나요? 아랫잠재는 레전보낼예정입니다
2026-07-31,0,0,기타,펫물약설정질문,안녕하세요 본캐 아델 이번챌섭에 렌 키우고 있는데 펫물약을 둘다 50%해놓고있습니다 질문은 아델같은경우 50%밑으로 체력이내려가면 빠딱빠닥 물약이 빨아지는게보이는데 렌은 50%밑이어도 빠딱빠딱먹어지지않습니다 먹긴 먹는거같은데 느낌상 피흡중엔 안먹어지는느낌?제가 잘못알고있는지 알려주시면 감사하겠습니다
2026-07-31,0,0,아이템,미라클때 메소로는 등업이 2배가 아닌가요?,큐브로만 등급업이 2배이고 메소로는 등급업이 2배가 아닌가요?? 유니크에서 레전드 올리고싶어서 질문드립니다!! 답변해주시면 감사하겠습니다!!
2026-07-31,0,0,아이템,4초 덱9퍼 카루타 쿨뚝 18성 얼마에 팔수있을까요??,질문 1.요즘 4초 쿨뚝 얼마인가요? 2.뚝배기 팔고 에테 뚝 상하의 18성 맞추는게 좋을까요? 아니면 챌섭투자하는게 좋은가요?
2026-07-31,0,0,아이템,미라클 에디 고민,지금 해방무기 에디 유니크 공 21인 상태인데 미라클 때 등업을 시키는 게 좋을까요? 에디큡 100개 있는데 공21 다음 스펙업이면 공30인데 등업 했다가 괜히 스펙 다운될까봐 걱정이네요
2026-07-31,0,0,아이템,플라즈마하트 잠재질문좀,챌섭에서 노칼유챔목표로 키우고있는데 지금 잠재는유닉15퍼입니다 목표는21퍼로 생각하고있는데 실버큐브로 계속돌릴까요 아님 이번샤타에 레전올릴까요? 130제 감정비용땜 고민되서요
2026-07-31,0,0,아이템,이번 유입 메린이 제네무기 에디 미라클때 돌려야할까요,[이미지] [이미지] [이미지] 하드메이린까지가 우선목표인데 에디를 등업시키는게 나을지 에디는 놔두고 다른 스펙업을 하는게 나을지가 궁금합니다. 지금 딱 배율 100퍼고 오래오래할 계획이긴합니다. (스펙업하려고 3~400억 메소 정도 투자 계획은 있습니다) 밖이라 모바일 캡쳐 죄송합니다ㅠ
2026-07-31,0,0,직업,챌섭 사냥 질문,챌섭 캐릭 285는 찍었고 이제 템셋만 해주면 챌린저 찍을 수 있는데 챌섭에서 285 이후에도 사냥을 해서 6차 찍어주는게 더 좋을까요? 아니면 그냥 본섭에서 더 사냥해서 메소 모아서 템 해줄까요? [이미지]
2026-07-31,0,0,아이템,이 골때리는 코디를 저도 하고싶습니다,이 복면과 죄수복.. 가지고싶은데 템이름이 뭔지아시는분..
2026-07-31,0,0,아이템,"미트라 에디, 제네 에디 등업 질문","노칼유챔급으로 6만 주차하려고하는 4.8보마 부캐입니다 현재 화에큐 100개, 대적자화에큐는 이칼잡아서 30개있고남은 보스대적자는 화에큐 몰빵 예정입니다. 1. 이번에 제네 에디 화에큐 던지면서 레전 노리면 되나요 ? 아님 15퍼 주차 ..? 2. 미트라 유니크까지정도만 올려줘도 ㄱㅊ을까요 ?"
2026-07-31,0,0,아이템,똥블렘 vs 미트라 고민좀용 ㅠㅠㅠㅠㅠ,"지금 챌섭 똥블렘 유니크 윗잠12퍼, 아랫잠 9퍼 쓰고있는데, 블큐가 120개 정도 화에큐가80개 정도 있는데 미트라를 사서 큐브를 돌릴까요 아니면 똥블렘을 레전을 보낼까요??? 미트라 살 수 있긴한데 너무 비싸서 ㅠ 환산 4만 와헌입니다 답변해주시면 감사하겠습니다!"
2026-07-31,0,0,아이템,핑크빈 후디는 못얻나요?,이번에 유입인데 쓰고싶은데 이벤트때 얻을수있는것처럼 보이는데 이벤트가 기간이 정해져있나요?
2026-07-31,0,0,아이템,지금 법사 에테 쿨뚝 45억이면 괜찮게 맞춘건가요,"추옵은 150급, 15퍼완작, 윗잠 2초 인트10퍼, 아랫잠 에픽2줄, 17성 에테법사 45억에 코인샵써서 끝냈는데 나중엔 더 비싸질테니 빠르게 잘 맞춘거겠죠??"
2026-07-31,0,0,아이템,쿨뚝 띄우려는데 질문좀요!!,아케인 모자로 쿨뚝 만드려고하는데 에디 str 12 12 나왔는데 (아크) 이거 버리고 쿨뚝 돌리는게 맞나요?? 아니면 에디로 쿨뚝 뚫는게 나은건가요??
2026-07-31,0,0,아이템,메짱 친구들아 뉴비 템 견적 어디까지 됨..?,"카루타 돌이 시절에 진득하게 하다가 접고서 요번 챌섭하면서 챌달고 재미좀 붙여서 본섭에 1부터 키우는 본캐 될 캐릭터 깡으로 육성중인데 (이제 250 ㅠㅠ) 대충 예산만 짜 봤는데 부위당 150~200억쯤으로 잡았거든 무보엠5줄은 맞출거고, 방어구는 보니까 22아케인 30퍼 에디에픽 2줄이 200억대더라고 여기에 18성 레에 에테르넬도150억쯤 하더라 칠흑은 루컨마밖에 안 봐서 잘 모르겠는데,, 22성 레에도 그쯤 하는 것 같더라 9칠흑가면 될까? 여명은 패스하고? 헥사강화 따라서 다르겠지만 저 템셋 조합으로 정말 대충 헥환 몇만쯤 나오고 보스 어디까지 솔플 되는지 알려줄수 있남? 뉴비라 아예 감도 안오네,,"
2026-07-31,0,0,아이템,레테 보조무기 옵션 질문합니다..,이번 첼섭 유입 뉴빕니다. 돈도 조금씩 지르면서 차근히 스펙업 중인데. 보조무기 관련 질문있습니다. 혹시 모조무기에서 꼭 띠워야하는 옵이 있을까요? 제 눈에는 엄청 좋아보이는데ㅠㅠ 지금 윗잠 보공80% + 잡옵 에디 마12% 인18% 쓰고있는데요.... 그냥 이대로 써도 돼는 건가요? 무기는 아직 도전자쓰고있고 열심히 해방중에 있습니다...
2026-07-31,0,0,아이템,대적자 코인 어디에 쓸지 질문합니다..,"지금 이 상태인데, 밑잠 두줄을 노리려 화에큐를 사서 돌리는게 나을까요 아니면 그냥 블큐 사서 3줄정옵 노리는게 나을까요.. 공보뎀이면 2.5줄 정도인거 맞죠..?"
2026-07-31,0,0,몬스터,흉성 보스 웰케 공략이 이해가 안가네요ㅠㅠ,첨에 환영방이고 보라색 수치 다 차면 정수눌러서 마법수치 감소 0으로 만듬 0으로 만들고 현실방 가야 최종뎀 100프로 현실방에서는 보라색 수치가 다 차면 석상 2개 생김 어두운 석상은 최종뎀 감소지만 환영수치도 감소 오른쪽은 반대고 근데 왜 마법수치 0으로 만들고 현실방 넘어가는건가요?? 어치피 제한시간있어서 알아서 넘어가지지 않나? 일단 1분남았을때 포식수치 증가는 뭐 딱히 신경안써도 될거같고 흉성이 안아줘요 하면 포식 수치가 증가해서 그런건가요?현실방 가서 최종뎀 받고 극딜받을려고 그러나?
2026-07-31,0,0,아이템,챌섭 유입 뉴비 질문 하나만 드립니다.,챌섭유입 뉴비인데 아이템버닝있으니까 현질한다고 하면 자석펫 3마리 먼저 맞추면 되는건가요? 사냥은 평일 2시간정도 주말은 6시간 이상하는거같습니다
2026-07-31,0,0,기타,유니온 캐릭 키우려는데,챌섭 본캐 키우고 리프시킬 부캐 키우려는데 연합코인 상점에서 딸농사서 150때 먹이는거 괜찮나요?
2026-07-31,0,0,아이템,이거 돌리다가 떳는데 어케해야하나요?,환산에 돌려보라는데 환산을 어케 돌리는지 모르겠는데
2026-07-31,0,0,퀘스트,(제네 해방) 하드 검마 파티격 흔적 획득량,"이번 챌섭 유입된 메린이입니다. 하드 검은마법사 클리어 시, 어둠의 흔적이 600개, 제네패스 시에 1800개 나온다고 알고 있는데 제네시스 패스 다인 파티시에도 어둠의 흔적이 1인당 1800개 나오는지 궁금합니다."
2026-07-31,0,0,아이템,복귀 유저 방어구 세팅 질문있습니다,"안녕하세요 옛날에 국민세팅 카루타 앱솔일때 하다 접고 이번에 챌섭 복귀해서 하나씩 만들어두려고 하는데요, 마스터 보상 18성 주문서 이용해서 맞추려고 하는데 쿨뚝, 상하의 에테 17성 21퍼 구매, 아케인 장갑 18성 크주or크주주 구매, 아케인 망토 신발 견장 18성 주문서 + 유잠으로 15퍼 에디 두 줄 이 정도로 맞추면 될까요??"
2026-07-31,0,0,퀘스트,메M 마일리지 받는 퀘스트 탭 어딨나요..?,메M 업데이트 있길래 업데이트 하고 들어오니까 본메 마일리지 700인가? 주는 탭이 어디로 갔는데 도저히 못찾겠네요.. 메고수형님들 제발 알려주세요 ㅜㅜㅜ
2026-07-31,0,0,시세,메린이) 시그너스 광휘 쌍레 4줄 시세 챌섭전에 얼마정도였나요?,윗잠 공2줄 아랫잠 공 2줄 보고있는데 차라리 윗잠 3줄에 아랫잠 1줄이 더 괜찮나요? 어떤거 사는게 좋을지도 모르겠고 지금 시세가 너무 비싼거면 나중에 본섭가서 사려는데 알려주실분
2026-07-31,0,0,기타,안녕하세요 뉴비 검마 질문드려요,검마를 한달에 한번 잡을수 있다고 해서 8월 되기전에 꼭 잡고싶은데 제가 늦게시작하는 바람에 현재 심볼이 올 19렙 아케인포스가 1390인데요 땡길수있는거 다 땡기고 했는데도 포스가 모자라서 검마배율이 142% 나오는데 하이퍼스탯을 아케인포스 찍고 가도 되나요?
2026-07-31,0,0,아이템,에테 27 vs 30,에테 상하의는 오를일만 남았고 곧 샤타 할수도 있어서 미리 사두고 있는데 깡통 27퍼 살지 깡통 30퍼이상을 살지 고민이 되네요 3퍼차이로 20억 이상이 차이가 나서… 목표는 직작 섞어서 장기적으로 9~10만 언저리로 보고있고 깡통에테 18성 샤타로 찍어서 쓰다가 다른부위 끝나면 대장장이 맡겨서 계단식 스펙업 생각중입니다. + 템 살때 올스텟999보다 1296이 더 예뻐서 1296으로 사고 있는데 999랑 1296이랑 차이가 큰가요? 가격은 비슷비슷 했던거 같길래..
2026-07-31,0,0,기타,님들 리프 질문 285렙 링크 관련,285찍고 링크 3렙 올리고 285찍은 캐릭 리프 시켜도 3렙 링크 그대로 남아있음ㅇ? ex) 스카니아에서 285찍고 3렙링크 부여 후 > 크로아로 리프 (크로아에선 링크 3렙 못함) 이거맞나?
2026-07-31,0,0,시세,마라벨 신발은 단종되면,가격이 오르나요 내려가나요? 남자 거 사려고 하는데
2026-07-31,0,0,직업,렌 돌진기 질문,얘는 원래 한번 앞으로 가면 무조건 뒤로 한번 해야 앞으로 가나요? 매번 할때마다 햇갈려 죽겠네 내가 모르는 뭔가가 있는건가 ㅠㅠ
2026-07-31,0,0,아이템,형님들 제네 플러스 윗잠 아랫잠 뭐 돌릴까요?,보조는 보공공 40 12 9 입니다.
2026-07-31,0,0,기타,검마 결정석이 없어요,"메짱형님들 안녕하세요 이번에 챌섭 유입하고 즐메하고 있는 메린이인데요, 다름이 아니라 제가 이번에 검마를 잡는데 성공했는데 분명 펫으로 와바박 보상을 다 먹었는데 결정석을 팔려고 보니까 없더라구요? 프펫공이나 큐브는 잘 들어와 있는데.. 이거 문의하면 결정석 받을 수 있을까여?"
2026-07-31,0,0,몬스터,노칼 최소컷 배율 질문,본섭에서 렌으로 노칼 108퍼 나와서 쳐봤는데 1페 14분 30초에 3극 + 준극으로 안 넘어가지고 17% 정도 남습니다 근데 유튜브에서 102% 나오는 사람은 14분 30초에 딱 넘어가지더라고요 아직 제 렌은 헥사스탯3 안 뚫었고 유튜브 올린 분이 헥환이 1000 정도 더 높았습니다 무슨 차이로 이렇게 크게 차이나는 걸까요 일필에 망혼강림을 안 맞추긴 하는데 이것때문일까요?
2026-07-31,0,0,아이템,안주무시는분들 제네 해방햇눈데 하나만 선택해주세여 잠재ㅜ,머해야할지 모르겟어욤
2026-07-30,0,0,아이템,대적자큐브어디다던질까요? ?,제네무기랑 아스트라 보조가 둘다 에디공 21인데 대적자 화에큐 어디다 던질까요?
2026-07-30,0,0,직업,모험가 자전,이번에 5번째 유챔으로 닼나 하려고 레벨링도 어느정도 하고 코디를 맞춰놔서 버리기 아까운데 헥사 올 1렙 기준이면 스크롤 받을때 스텟찍고 자전할만함? 챌섭은 아니고 본섭에서 깨작깨작맞추면서 해방퀘 노말돌이 하는중이었음 히붕이로 넘어가고 싶은데 280렙 + 심볼가격 + 코디가격생각하면 이게 더좋아보이기도해서 Ps: 5차 포인트는 유지됨?
2026-07-30,0,0,몬스터,검마 극딜 질문,검마 연모로 클리어 1번 해보고 질문드림 1페 극딜로 넘어가고 2페도 사선땅개 녹스 피하면서 어찌넘어가고 3페에서는 파괴인가 창조 저주 신경 못쓰고 그냥 밀격 맵패턴 다피하면서 넘어가는데요 4페는 파운틴으로 버티면서 깡딜해서 겨우 클리어했어요 극딜할때 무적쓰고 하시나요? 의지쓰고 하시나요? 의지를 일단 올려두긴 했는데 3페에서는 저주 신경쓸 틈이 없음.. 직업은 렌입니다.
2026-07-30,0,0,아이템,마깃안 vs 미트라,원래는 마깃안 살려다가 보스 도니까 파풀마가 나왔습니다. 현재 마도서를 쓰고 있고 마깃안을 쓰면 보스템 3 효과가 사라져요. 파풀마를 일단 쓰고 미트라에 레전 발라서 쓸까요? 아니면 안대를 쓰고 미트라는 나중에 돈 모아서 살까요?
2026-07-30,0,0,아이템,저도 대적자 코인 소모처좀 부탁드립니다 :),윗잠이 나을지 아랫잠 공21퍼+@를 노려보는게 나을지 너무 어려워요 ㅠㅠ 아니면 추옵을 조금 더 완벽하게 해야 할까요?
2026-07-30,0,0,직업,체급 좋고 극딜쎈 직업 뭐 있음?,매번 평딜캐만 하고 이번 챌섭도 평딜하다보니 극딜 쎈거 한번 키우고 싶은데 아란은 이미 있고 추천 뭐 있음?
2026-07-30,0,0,시세,데브펜 깡통 추옵 156이면 값 받을 수 있을까요,어쩌다보니까 럭 156만들었는데 힘 주스탯이라서 이거 팔면 값 받을 수 있을까요... 얼마정도 받을 수 있을까요 주문서는 놀긍떡작 1작 평균 공 2.5로 맞췄어요
2026-07-30,0,0,아이템,메짱분들 질문..,[이미지] 현재 스펙이 이러한데 출석체크 블큐로 돌리다가 이렇게 옵션이 떳는데 둘중 어느걸로 골라야 하나요ㅠㅠ...
2026-07-30,0,0,기타,레테 해방무기 추옵 질문이요,마력 192 보뎀 10% 뎀 5% 올 4% 일단 스탑해도되나요.. ?
2026-07-30,0,0,시세,마라벨 신발은 단종되면,가격 올라가나요 떨어지나요? 남자 신발인데 하나 사줘야 하는데
2026-07-30,0,0,아이템,챌린저스 서버 캐릭터 육성 질문,안녕하세요~ 메이플 챌린저스 시작한지 4주 정도된 메린이입니다. 스펙은 지금 아래와 같은 상태입니다. 챌린저스를 늦게 시작한 만큼 울티마 보급품 패스랑 방어 임무 패스가 15개씩 밀려있습니다.. 지금 메이플 포인트를 20만원 정도 충전해뒀는데 이걸로 패스를 사는게 나을지 아니면 메소를 구매해서 다른 아이템을 살지 여쭙고 싶습니다! 그리고 지금 메소도 50억 메소정도 있는데 어떻게 사용하면 좋을지랑 향후 챌린저 달성에 조언해주시면 너무 감사하겠습니다!
2026-07-30,0,0,몬스터,검마 아케인포스 질문,현재 아케인 포스 1230입니다 검마 모집 파티 있길래 들어갔는데 1350이었나? 포스가 딸린다고 안받아 주시더라구요 아케인포스 부족하면 데미지가 거의 안들어가나요? 하루 남았는데 100 넘게 채울방법이 있을까요..
2026-07-30,0,0,아이템,대적자 코인 윗잠 vs 추옵,[이미지] [이미지] 뭐 돌릴까요?
2026-07-30,0,0,직업,유니온 계정 버리고 새로 키우는게 맞을까요 조언 부탁드립니다!,이번에 복귀한 유저인데요 예전에 유니온만 열심히 해서 9000정도 찍어놓고 직업 밸런스 모르는 상태에서 히어로가 끌려서 히어로로 복귀했습니다. 근데 생각보다 조작감도 너무 불편하고 지금 챌섭이 두달정도 남은 걸로 알고 있는데 이 계정을 버리고 다른 계정에서 새로 시작해도 안 늦었을까요?? 유니온 9000이 예전에는 찍기 되게 힘들었는데 직업 때문에 이걸 버리는게 맞나 싶기도 하고 이번 여름에 꼭 메이플 제대로 해보고 싶기도 해서 너무 고민됩니다 ㅠㅠ 조언 부탁드려요
2026-07-30,0,0,기타,첼섭 테라버닝 딸기농장,연합토큰 딸농 쿠폰 테라버닝 캐릭 몇랩 때 들어가야 끝났을때 200되나욤..?
2026-07-30,0,0,시세,메소값이 떨어진 이유가 무엇인가요?,메소값이 떨어진 이유가 무엇인가요?
2026-07-30,0,0,아이템,제네무기 에디 스톱하나요?,아랫잠 레전더리 아닌데 옵션이 이래서 이거 스톱하나여??
2026-07-30,0,0,기타,뉴비 챌린저스 서버 부캐(?) 질문,이번에 완전히 새로 시작했고 하이퍼버닝 받아서 키우고 있어요 테라버닝을 3갠가 더 주던데 이걸로 유니온 캐릭터 챌린저스 서버에 키워놓고 같이 월드리프 하면 되나요? 재미있어 보이는 직업으로 병행해서 같이 키울까 하다가 하이퍼버닝 이벤트 시즌에 또 하면 기다렸다가 그걸 이용해서 부캐를 키우는게 좋을 것 같아서요 보통 어떻게들 하시나요?
2026-07-30,0,0,아이템,"매쌤들께 스타포스 여쭤봐요(마이링,데브펜)",[이미지] 먼저 핵환 5만입니다 (닉네임 : 지구가왜둥글) 마이링은 이번에 18성 달아볼 생각인데 19성 또는 20성을 가는 게 이득일지 궁금합니다 (혹시 18성도 별루?) 당연히 달면 좋긴 하겠지만 그 정도 투자값을 뽐내는지 궁금해요 데브펜은 현 18성인데 마이링과 같이 19성 이상을 가는 게 좋을지 여쭤봅니다. 도와줘요 메쌤~
2026-07-30,0,0,아이템,아랫잠 더돌려도 될까요??,궁수 3초쓰는직업 없겠죠?? [이미지]
2026-07-30,0,0,아이템,4여명 깨고 4흙칠흑 vs 4여명 유지 2흙칠흑,"안녕하세요 챌섭 키우는 복귀 메린이입니다. 직업은 캡틴 이고 목표는 하세유챔 입니다. 고민은 1. 마깃안을 살지, 2. 여명 깨고 4칠흑 갈지 입니다. 현재 무기 윗잠 보40공12보30 아랫잠은 유니크 공1줄 미트라 레전 윗잠 공12 레어이며, 무기류는 미라클 때 쌍레 목표 하고 있습니다. 또한 장신구는 4여명 스펙은 모두 18성 유니크 21퍼 입니다. 마깃안 흙칠흑 (윗잠 27, 에디 에픽 1.5줄 이상 구매 후 카르마 17성 사용 예정) 을 갈지 아니면 돈을 모아서 '루컨마 마도서 마깃안' 을 갈지 고민입니다. 챌섭 끝나고 나서 본섭 오면 간단하게 환산 5만 중반 정도 스펙만 유지 할 예정입니다. 좋은 템세팅 방향이 있다면 의견 부탁드립니다!!!!!!!"
2026-07-30,0,0,몬스터,뉴비 익스우 트라이 파티는 어떻게 구해야하나요?,보스구인 찾아봐도 다들 빡숙분들밖에 없으신거같아서 뉴비는 어떻게 구해야할지 모르겠습니다.. 그리고 파티로 보스를 잡아본적이 없는데 유튜브 방송인분들보니 서로 극딜타임 잡고 하시던데 팁도 좀 알려주시면 감사하겠습니다 배율은 73.99입니다
2026-07-30,0,0,아이템,8만대 목표 템세팅 질문,"안녕하세요, 현재 284 템환 5.5이고 템환 8만대가 목표입니다. 과금 포함해서 주 70억 메소정도 들어오는데, 6~7만급 템들을 거쳐야 할지 아니면 바로 8만템 하나씩 구매할지 고민입니다. 미리 답변 감사드립니다. 댓글 번거로우시면 투표라도 부탁드립니다. 감사합니다! Q 제목: 투표 (종료) 최대 1개 선택 가능 참가자: 9 명 (무기명) 26.07.31 19:35:59 마감 득표순 답변순 8만 바로 (66.7%, 6표) 6~7만급 거쳐서 (33.3%, 3표) 투표가 종료되었습니다."
2026-07-30,0,0,기타,지금 복귀타이밍 너무 늦지 않았나..,"현재 대학생이고 6년 만에 복귀입니다. 이번 방학, 자격증 따고 남는 시간 동안 메이플 하려고 하는데 너무 늦었나요? 다음 방학에 시작하는게 좋을까요. 그리고 요번에 시작한다면 시간이 애매한데 제네패스 사고 시작하는게 맞을까요. 8월 초중반 부터 시작할 수 있을거 같은데"
2026-07-30,0,0,아이템,울티마스쿼드 옵션이 너무 헷갈려요.. 한번만 봐주세요,지금 현재 모니터인데 공퍼센트랑 마퍼센트는 1퍼당 공격력이 몇인가요..?? 지금 이렇게 떴는데 비포를 고를지 에프터를 고를지 모르겠네요 .. [이미지]
2026-07-30,0,0,직업,진짜 진지해요 바이퍼 질문하나만 할게요 ㅜㅜ,"환산기준 하드스우 잡는데 244펀데 무슨 20분 다쳐도 못잡는데 말이되나요? 패시브 자동으로해뒀고 딜로스 많이 안났습니다,, 메이플 잘하지는 않은데 이지대적자 솔플로 깨는 정돈데 바이퍼 환산 이거 믿어도되는건가요?"
2026-07-30,0,0,아이템,7만 목표 템진로 질문,"지금 환산 4.6만 보우마스터입니다 당장엔 분자벨 샤타포스때 14>18 만들고, 고근 깡통 27~30퍼 하나 사서 17성줌서 발라줄까 생각중입니다 (미트라 고근 마도서 +a로 4칠흑 목표, 나머지 하나는 뭐 할지 고민중..) 매주 40억씩 들어오는데 향후 템들 어떻게 바꿔주면 좋을까요?"
2026-07-30,0,0,아이템,템진로좀 봐줄사람,2주에 한번 100억메소씩 총 2번생길예정인데 템 뭐떤걸 바꿔야할까.. 그리고 이런 템세팅?물어볼기 좋은곳이 여기밖에없을까?? [이미지]
2026-07-30,0,0,아이템,대적자 큐브 사용처,윗잠 아래잠 뭘 돌리는 게 좋을까요?
2026-07-30,0,0,아이템,메붕이 도와주실 분,선생님들 제네 플러스 해서 옵션 만지고 있는데 생각보다 빨리 떠버려서 남은 재화 어디에 소모하면 좋을까요 ?? 심환불 VS 블큐 VS 에큐
2026-07-30,0,0,기타,검정색 피부 만들고싶은데 새까만색!!,"스킨프리즘 하나만사서 채도명도 다 내리면 되는건가요 !? 아니면 다른 방법이 있나요?? 친구가 두개사야한다고해서 돈이 더 들어갈까 해서요 ,,,!!!"
2026-07-30,0,0,기타,키바인드 변경 해도 되나,우측 컨트롤 시프트 따로 쓰고싶어서 깃에서 키바인드 프로그램으로 딴키 인풋으로 바꿔서 되는 거 확인했는데 혹시 이렇게 쓰면 문제되나?
2026-07-30,0,0,아이템,형님들 이번 챌섭유입 메린이 제네 윗잠 질문드립니다!,현재 보공공30 12 9 끼고 있고 보조는 공보보 123030 아랫잠 공 2줄 입니다. 4번째 뜬 옵션이 이탈이던데 하필 35퍼라..하.. 혹시 보보공으로 교체하는게 맞을까요? 보조는 보공공으로 교체가능합니다.
2026-07-30,0,0,기타,지금 노버닝 276인데,사냥 5분만하면 잠이오는데 279까지 올리는 좋은방법 없나요? 챌린저스 패스는 구매했습니다
2026-07-30,0,0,기타,에디큐브vs추옵,"2추보뎀 vs 에디레전2줄 남는 대적자큐브 어디에 투자하시나요? Q 제목: 에디VS추옵 (종료) 최대 1개 선택 가능 참가자: 13 명 (무기명) 26.07.31 16:55:59 마감 득표순 답변순 에디 (53.8%, 7표) 추옵 (46.2%, 6표) 투표가 종료되었습니다."
2026-07-30,0,0,아이템,대적자 코인 어디다 써야할까요?,지금 1추 주스탯 30에 잠재 에디셔널 잠재도 대충은 맞춰졌는데 이러면 남은 대적자 코인은 어디다 써야할까요? 아무래도 다른 방법으론 수급이 어려운 에디셔널인가요?
2026-07-30,0,0,아이템,대적자큐브 질문합니다!,그냥 고민할 거리도 없이 환불 돌리는게 맞는걸까요?
2026-07-30,0,0,직업,자전 질문,본섭에서 키우는 불독이 뭔가 할수록 하기가 싫어지는 느낌 옛날부터 깨작깨작 키우던건데 렙은 277이고 조각은 천개정도 썻고 무기는 제네 해방도 했음 근데 도저히 불독을 못해먹겠음.. 뭔가 신경쓸게 많은거같고.. 내 불독은 뭐가 약한거 같고 이런데.. 이게 맞나.. 그냥 조각 버리는 식으로 포기하고 썬콜로 갈까.. 썬콜이 쉽고 다들 추천 티어에 있다는데.. 여러분이라면 어캄?? 이번 챌섭은 플위 키우고 있는데 이건좀 손에 맞음..
2026-07-30,0,0,아이템,레태 해방무기 대적자 큐브 질문,대적자 코인 5천개랑 대에큐 20개정도 더 받을 수 있는데 윗잠 아랫잠 추옵중에 뭐 돌릴지 모르겠습니다... 개인적으로는 아랫잠 몰빵해서 에마삼 아니더라도 옆그레이드라도 하고싶은 마음인데 아니면 윗잠 이탈을 노리는게 더 확률이 높을까요?
2026-07-30,0,0,아이템,제네 윗잠 봐주삼요,어느게 더 좋은가요 헥환 4만대입니다
2026-07-30,0,0,아이템,흙에테 12성 → 17성 직작 or 경매장 구매,"안녕하세요 현재 4에테 착용중입니다. 에테 12성 15%작 유니크 2줄 에픽 1.5줄 흙에테 쓰고 있는데, 17성까지는 직작으로 눌러줘도 괜찮나요? 아니면 여기서 건들지말고 에테 방어구도 사는게 낫나요?"
2026-07-30,0,0,기타,세렌 정오작 질문,1년전에 올라온 하드세렌 팁에 정오에서 석양 넘어갈때 일부러 죽으면 여명 시간이 준다는데 그거 아직도 유효함?
2026-07-30,0,0,기타,다음 스펙업은 어떤쪽으로,견실하게 조각이 젤 나을까요?? 18몽벨 18마깃 생각중이긴 합니다
2026-07-30,0,0,아이템,챌섭 기간중에 한부위 추천 부탁드립니다,1. 쌍레 4줄 미트라 2. 18에테 크크잡 3. 22아케인 크주주 미트라 거품이 너무 심하다고 하니까 고민이네요 하나 추천 부탁드립니다
2026-07-30,0,0,아이템,대적자 코인 사용에 대해 질문합니다,"본캐인 5.5 아크 무보엠이 이렇고, [이미지] 부캐인 4.9 렌이 이 상태인데, 어디에 대적자 코인을 쓰는게 좋을까요? 본캐에는 꾸준히 투자할 예정입니다"
2026-07-30,0,0,아이템,챌섭유입 메린이 해방무기 및 보조 알려주실분!!,"[이미지] 현재 상태가 이런데 앞으로 남은 대적자 코인으로 무기 에디 레전 등업이 먼저인지, 보조 윗잠이 먼저인지 우선순위를 모르겠어서 질문드립니다!"
2026-07-30,0,0,아이템,챌섭 에테 장갑 어떻게 해야할지 모르겠어요....,현재 끼고있는 장갑인데 환산은 6만이구요 이걸 팔고 ? 판다면 얼마에 팔아야할지.... 크크잡매물사서 샤타때 18성으로 올려야할지 아니면 그대로 쓸지 고민입니다. 친구들은 파는게 맞다고하는데 팔기싫은마음도있어가지고.. 너무고민이 되네요 [이미지]
2026-07-30,0,0,아이템,뉴비 해방무기 및 보조 질문드립니다!!!!!,챌섭 시작한 뉴비인데 아크는 보공이 2줄만 유효라고 들었어서 질문 들립니다! 무기 윗잠 vs 보조 윗잠 [이미지]
2026-07-30,0,0,아이템,미트라vs컨티4렙 뭐 먼저 살까요?,하드메이린 99퍼나오는데 뭐가 더 나을까요? 카레잠있고 블큐 화에큐 60개씩 있어요
2026-07-30,0,0,아이템,질문) 제네패스 플러스,"제네패스 플러스를 구매해서 할 수 있는 만큼 돌렸는데, 다음 주부터 해금되는 보스를 가고 나서 화에큐랑 블큐 중 뭘 사서 돌리는게 나을까요? [이미지]"
2026-07-30,0,0,기타,메고수 형님들의 도움이 필요합니다,챌섭 레테육성중인데 지금 이 스펙으로 하드메이린98퍼 정도 나오는 상태입니다 저는 똥손이라 110퍼정도 맞춰야 잡을거같은데 어떤 스펙업을 해야할지 이제 모르겠습니다 큐브같은건 다 썼고 200억메소 정도 있습니다 어떤식으로 스펙업을 할 수 있을까요 고수분들의 도움 절실합니다
2026-07-30,0,0,아이템,보조무기 추천,"안녕하세요 이번 챌섭복귀 유저입니다 본섭 에 챌섭 시즌2 보상으로 받은 유니온 4000 조금 넘게 있고 이번에 받으면 8 000정도 될거 같습니다 지금 챌섭에서 키우고 있는 나이트워커 보조무기를 바꿔줄려고 합니다 쌍레5줄정옵으로 바꿔줘야할까요 아니면 윗잠에 방무를 한줄 껴도 될까요 정옵은 200억초반, 방무한줄은 160억 정도 하는거 같습니다 혹시 보조가 아니라 다른게 급해보인다면 알려주시면 감사하겠습니다"
2026-07-30,0,0,기타,유에 여명 보장도 21성 달만함??,이번주 샤타포스가 유력하대서 한 100억정도로 여명 보장들 별좀 다려 합니다 기존 여명 보장들은 18성 유에 15~21 에디 두줄인데요 19성이나20성 까지만 할지 아니면 유에 두줄도 21성정도는 해야할지 고민이에요 21성도 달려면 27퍼정도는 해야한다고 말하길래 여쭤봐요 상관없으면 일단 21성까지 올리려고 합니다
2026-07-30,0,0,아이템,렌 무보엠 옵션 고민이있습니다!,안녕하세요! 다들 많이 도와주셔서 이적자까지 잡았는데 이제 하메클과 챌린저를 달고싶어서 보조를 변경해주려고합니다. 제네패스플러스 재화 사용처와 보조구매시 잠재를 어떻게가야할지 궁금합니다! 보조는 150~200억 정도로 구매 생각하고있는데 보조를 2줄가져가야할지 공2줄을 가져가야할지 현실적 조언부탁드립니다!! [이미지]
2026-07-30,0,0,기타,지금 284인데 챌섭기간 동안 290가능함?,284 50%고 몬파는 매일 2판 일요일만 7판 재획은 매일 2소재 / 경타포스때는 메제 악몽선경은 기본할건데 만약에 1단계 다 돌리면 290찍어지면 1단계는 할 생각있음 모멘텀은 안샀음 지금 최하층4에서 포탈사냥중인데 카르시온 자리 맘에 안들어서 어서 탈라하트 가고싶음
2026-07-30,0,0,아이템,울티마 앱솔랩스 아처후드,이거 궁수 6단계 모자 잠재 2줄 뜨긴 하나요? 큐브 1000개 썼는데 안뜨는데 뽑으신분 계신가요 공2나 크리나 버그있나해서
2026-07-30,0,0,아이템,대적자 코인 사용처 추천부탁드립니다,에디에다가 하는게 제일 낫나요??? [이미지]
2026-07-30,0,0,아이템,메린이 해방 윗잠 선택 부탁드립니다,왼쪽 오른쪽중 뭐가 더 좋나요? 이번에 시작해서 잘 모르는데 조언 부탁드립니다
2026-07-30,0,0,기타,뉴비) 레벨별로 사냥터는 어디 가야 하나요?,카르시온 첫시작인데 자기렙보다 플마1잡으면 추가경험치 들어간대서요. 285가 바로 289짜리 잡으면 손해고 286짜리 잡아야 하는건지.. 이런거 나와있는 사이트라도 감사합니다
2026-07-30,0,0,아이템,제네 무기 관련 질문!,"해방 하고 큐브를 돌리다 보니 이 상태가 되었는데, 앞으로 추옵, 잠재, 에잠 중에 어디에 제네플러스 코인을 써야 효율적으로 쓸 수 있을 까요?"
2026-07-30,0,0,기타,뉴비입니다 메이플을 시작하고 해방퀘를 진행하는도중인데,제네패스를 살까 말까 고민다가 메이플을 오래할거같에서 제네 패스를 구매하려고하는데요 해방퀘 진행중이긴한데 오늘 구매해도 상관 없을까요??
2026-07-30,0,0,아이템,메짱 성님들 챌섭 제네 진로점영,현재 이상태인데 아랫잠 돌릴때 메소 없어서 화에큐로 돌렸어용 그래서 지금 천장 140 쌓아 놓은 상태인데 이거 레전 털고 리프하는게 맞겠죠? 제네플러스는 사놓은상태고 현재 2주차 코인까진 다썼어요 1. 레전 천장 쌓아서 제네무기에 털고 2줄 노린다 2. 레전 천장 쌓아서 보조나 엠블에 턴다(둘다 지금 유니크 한줄임) 3. 레전 천장을 포기하고 본섭에 다른 부캐 제네 아랫잠을 돌린다(이건 아직 에픽임)
2026-07-30,0,0,기타,챌린저스서버 질문드립니다.,챌린저 달성이 목표인 복귀유저입니다. 2019년에 했던지라 게임이 많이 바뀌어 유튜브 찾아보면서 하는 중인데 하드메이린 잡기 위해 어떤부분을 바꾸거나 추가하면 될까요?? 현재 제가 생각하는 업그레이드 할 부분 1. 장비 명장 획득 2. 엠블->옵션띄우기 -> 어제 레전 찍어서 아직 옵션 못 뽑음 3. 엠블 -> 에디 에픽으로 등업 후 2줄 만들기 4. 제네무기 에디 레전 or 마력 15퍼 5. 보조는 돈 열심히 모아서 레에or레유 구매 6. 그 리레링 옆에 보조 반지 4랩 구매 ※어빌은 망했습니다... 질문 사항 - 메획 100퍼 맞추고 사냥 많이하는데 조각을 파는게 나을까요?
2026-07-30,0,0,기타,헥사떡작 이거 밀어도 될까요 ㅠㅠ,여기서 3번째가 공주크 488떳는데 밀면 조각 너무 손해인가여 ㅠㅠ 속상하네요 [이미지] [이미지]
2026-07-30,0,0,아이템,제네 잠재 질문있습니디,"지금 위아래 잠재가 이 상황인데 그래도 윗잠 3줄 뽑고, 아랫잠 2줄 노려보는 순서가 정배인가요? 지금 무기 기준으로 아이템메이커 환산 뚜드려보고 있는데 하메 배율이 아슬아슬해서 걱정이네요.. (제네플 퀘스트는 칼로스까지 했습니다!)"
2026-07-30,0,0,아이템,여기서 스팩업을 어떤 방향으로 잡아야 할까요?,목표가 첼섭 끝나기 전에 첼린저스 월드 첼린저 달고 싶은데 이 뒤로 스팩업들이 너무 돈이 많이 들거나 아예 바꿔야 하는거 같은데 이정도로 스팩 만들어본게 처음이라 이후로 뭘 할지 모르겠어요 조금이라도 알려주시면 감사하겠습니다 [이미지] 그리고 손이 안좋아서 카링 넉넉컷까지는 올려야 될거 같아요....
2026-07-30,0,0,아이템,메린이 제네시스 무기 질문해봅니다,"2일 전 시작한 메린이입니다 메이플 유튜브 영상 많이 찾아보면서 재미가 들려 챌린저스 서버에서 키네시스 키우고 있습니다 영상 보던 중 제네시스 무기해방? 이라는걸 알게 되었고 그 패스권이 캐쉬템으로 나온 걸 보았습니다 현실적으로,, 현질을 많이 하진 않는 선이긴한데 무기 해방 지금 이벤트 기간까지 불가능한거죠..? 여쭤봅니다"
2026-07-30,0,0,아이템,메생 첫 해방했는데 이거 어디부터 건들까요?,제네플 살 생각인데 뭐부터 건들까요? 에디 두줄부터 띄우나요?
2026-07-30,0,0,아이템,카데나 해방무기 질문,사진이 현재 상태인데 밑잠을 먼저 돌릴까요 윗잠을 먼저 돌릴까요..? 아니면 추옵을 더 먼저 손봐야 할까요..? 현재 보조는보보공 40 30 12 엠블렘은 공27퍼입니다
2026-07-30,0,0,아이템,제네무기 추옵 질문 있습니다,두 추옵중 어떤 추옵이 더 좋나요? 전투력 증가량은 오른쪽이 더 좋다고 나와있긴 한데 그래도 왼쪽이 1추다 보니 질문드립니다
2026-07-30,0,0,아이템,제네무기 질문있어요,공짜 큐브로 대충 띄웠는데 제네패스 플러스 구매 후 업그레이드 방향성이 궁금합니다
2026-07-30,0,0,아이템,트왈마 24퍼,렌으로 복귀한 뉴비인데 힘 15퍼 뽑을려다가 인 24떠서 걍 한달 기다렸다가 팔까요? 무자본입니다
2026-07-30,0,0,아이템,제네 무기 잠재 이걸로 종결하면 되나요?,제네 무기 잠재 블큐 100개정도 썼는데 이정도면 종결인가요? 메린이 첫 해방이라 질문합니다
2026-07-30,0,0,아이템,제네무기 윗잠 선택 질문이요ㅠㅠ,메린이 드디어 첫 해방하고 블큐 돌리고있는데 떴습니다ㅠㅠ 공 2줄+주탯9퍼 vs 보공75% 잡옵9퍼 둘 중 어떤거 골라야할까요?? 무조건 공2줄+주탯9퍼가 좋겠죠..?!
2026-07-30,0,0,아이템,해방 잠재 둘중 뭐가 좋아요?,메린이인데 둘중 뭐가더 좋은가요??
2026-07-30,0,0,아이템,20성 블빈마 이 가격이면 괜찮게 산건가요?,27억에다가 관세인 물건입니다 가격 적당해보여서 일단 집었는데 이정도면 쓰다가 나중에 바꾸는 용도로 괜찮을까요? 가횟이 절반이라 좀 맘에 걸려서 질문드려요
2026-07-30,0,0,직업,"울티마 스쿼트, 직업별로 가장 좋은 능력치는?",아시는분 있나요? 큐브 많이 모아서 돌리려고요
2026-07-30,0,0,아이템,메린이 무기 윗잠 먼저 아랫잠 먼저,해방무기 윗잠 계속 돌려봐야할까요 아랫잠 두 줄 먼저 띄울까요 블큐 500개정도 썼는데 계속 안떠서 우울하네요
2026-07-30,0,0,아이템,해방무기 잠재 질문,윗잠 아랫잠 어디 먼저 돌리는게 맞나요?
2026-07-30,0,0,기타,메m 250작 질문!,메m 이번에 렌으로 250작하려는데 깜빢하고 사전예약 못햇는데 그럼 250찍기 어려울까요 ?
2026-07-30,0,0,기타,챌섭 링크3렙 관련,"지금 챌섭 레테가 곧 285를 찍게되는데 이거 그냥 챌섭에서 링크 3렙 박으면 나중에 본섭리프할때 레테링크 3렙인채로 넘어오나여? 렌본캐인데 본섭에 링크3렙이 엔버, 카데나, 제논, 키네 이렇게 4개 있어서 다음 링크3렙은 데슬해주려했는데 어떻게 되는건지 잘 모르겠어요 8ㅅ8"
2026-07-29,0,0,기타,카이저 바이퍼 둘중,있던 부캐 이적자까지 돌수있게 스펙업할건데 어떤 캐릭터가 이적자 잡기 더 편하고 체급도 좋을까요?? 아시는분 알려주시면 감사하겠습니다
2026-07-29,0,0,아이템,레테인데 해방 무기 윗잠 돌릴까요 말까요?,해방무기 마력 방무 보공 12 40 40올이탈 나왔는데 돌리는게 맞을까요 이정도면 올이탈이니 쓰는게 맞을까요...? 방무 한줄이 걸려서.... 혹시 다른 장비들 상태 보고 고민해 봐야 하는거면 캐릭터 닉은 '지안하'입니다.
2026-07-29,0,0,아이템,마도서,인트 65 올탯 5퍼 마력 5 시세 점여
2026-07-29,0,0,기타,9만 본캐 스펙업 vs 부캐 스펙업 선택 도와주십셔,현재 템환/헥환 9.6 / 9.3 이 본캐입니다. 이번 챌섭 칼리 키우는데 너무 재미있어서 익스우/노흉 솔격까지 올려볼까라는 생각이 있습니다. 근데 본캐도 언젠간 데티해방도 시켜주고싶긴 해서... 언젠간 둘다 올리겠지만 순서가 좀 모호해서 질문드립니다. 결론적으로 고민되는것은 닼나 스펙업 더 해서 하드림보/흉성 나중에 벨로나 까지 돌수있을 정도의 스펙업 vs 부캐 익스우 라인까지 만들기 중 어느것을 먼저하는게 좀더 효율적일지 질문드립니다! 감사합니다
2026-07-29,0,0,기타,솔야누스,챌린저서버 졸업하면 사라지나용 아직 3만점이라 끝날때까진 할생각이긴한데용
2026-07-29,0,0,기타,메린이 질문이 있습니다,"챌섭 이지카링만 잡으면 9만점으로 곧 졸업을 앞두고 있습니다 하지만 아직 아이템버닝 마지막 단계 못함 + 리레 살 돈 없음 .. 하지만 본섭 넘어가면 5석펫이 있습니다 이걸 바로 넘어가야할까요 아니면 챌섭에서 버텨야할까요 ?.. 본섭 유니온 9000넘습니다 ,,"
2026-07-29,0,0,아이템,직작 처음인데 ㄱㅊ나요?,님들 노작에태상의하의모자3부의 레전23퍼 사서 샤타때 노릴려고하는데 ㄱㅊ나요? 18성 가격이 70억이 넘어서 그냥 샤타하는게 나은것같아서
2026-07-29,0,0,직업,챌섭에서 레테 200 테라버닝했는데,챌섭은 뚱성비? 그걸 못쓰잖아요 근데 지금 레테캐릭에 이벤트로 주는 데미지스킨이랑을 적용시켜놔서 이걸 사전리프하고 본섭에서 뚱성비 먹여서 이벤트 진행해도 상관없나요?
2026-07-29,0,0,아이템,나로 제네패스플러스로 받는 코인으로 보조 윗잠 돌릴까요?,무기 보공공 40 9 9 에디 공 21 미트라 공공뎀 12 9 9 에디 공 21 보조 보보공 35 30 9 인데 에디 공 21 윗잠 돌려볼까요? 아니면 그냥 에디 돌릴까요
2026-07-29,0,0,시세,에테 전사 바지 극추 나왔는데 얼마정도하나요?,부스탯은 없는 226급?인데 얼마정도할까요
2026-07-29,0,0,기타,"대화창에 명성치, 아직 쓸 수 없습니다 지우는법",어케 해야 하나요 ㅠㅠ
2026-07-29,0,0,아이템,핵환 5만 마깃안 질문,윗잠 27% VS 30% (65억 VS 85억) 윗잠만 달린 깡통 살 생각인데 어떤 게 더 좋을까요? 챌섭 핵환 5만입니다 닉: 지구가왜둥글
2026-07-29,0,0,기타,챌섭뉴비 챌린저달고싶은데 뭐해야할까요,우선 지금 계획중인건 1. 미트라 노작구매 후 카레잠써서 마력두줄정도 2. 하트 30퍼작 3. 샤타때 18성 에다가 꾸준히 헥사찍기 정도 계획 있는데 이정도만으론 챌린저 못찍을거 같아서 질문드립니다 매소 구매 없이 챌린저 가능할까요..? 그리고 보조 마력12 보공40 한줄씩 있고 에디는 안뚤려있는거 친구가 하나준다해서 그거 추가할 예정입니다 아직 대적자코인은 안써서 대적자코인으로 무기 에디 돌릴거고 (+화큐 남은것) 남은 블큐로 미트라에 쓸예정인데 괜찮나요?
2026-07-29,0,0,아이템,오늘 대적자샵 심환불 VS 화큡,1추 보공 노리기 or 에디 메쌤들의 선택은 어떠신가요
2026-07-29,0,0,직업,유챔 세렌 질문,"본캐 제외 5개를 각 직업군 별로 키우려고 합니다 전사, 궁수, 법사는 각각 렌, 보마, 썬콜로 결정했는데 나머지 도적이랑 해적이 고민됩니다. 도적이랑 해적에서 쓸만한 유챔 캐릭터가 궁금하고 도적이나 해적이 아니더라도 유챔 세렌에서 사기인 직업이 있다면 알고싶습니다."
2026-07-29,0,0,기타,보스돌이 재화투자 질문,"카이저 바이퍼 전투력 둘다 7천만 정도되는 주보돌이가 있는데, 조각사용을 거의 안했습니다, 조각보단 템사는게 나을거같아서 안샀는데, 얘네들도 좀 더 키워서 이적자나 칼로스돌이로 만들고싶습니다 여기서 질문인데 주보돌이에 조각을 사서 먹이는게 아깝다고 느껴지는데 이적자나 이칼까지 하려면 어쩔 수 없이 조각을 사서 먹이는게 좋을까요?? 사실 체급좋은 직업이였으면 망설임없이 투자했을거같기도 한데,, 위에 두직업은 좀 투자하기 거시기하네요,, 이벤트로 주는 조각들은 이번챌섭 진심부캐에 다 투자중이라 무료재화 조각은 여유가 없습니다ㅠ 이적자돌이 많으신 분들의 고견이 듣고싶습니다"
2026-07-29,0,0,아이템,제네 잠재 옵이 이러면 에디셔널 돌리는게 날까요..??,환산주스텟 확인해봐도 데미지 9%가 마력 몇퍼급인지 안나오던데.. 보스데미지 40% 마력 12% 데미지 9% 이렇게 떴을시 보보마나 보마마 이런걸 노리는게 나을까요? 아니면 에디셔널 21%를 만드는게 나을까요?? 데미지 9%급이 마력 몇퍼정도인가요?? 인게임에서 물어봤는데 1%라는사람도있고 3%라고하는사람도있고..
2026-07-29,0,0,아이템,렌인데 보조랑 엠블렘 중 뭘 먼저 바꿔야할까요?,[이미지] 각각 엠블렘과 보조입니다 바꾼다치면 직작보다는 사먹으려고 하는데 보조는 다음달 되면 금방 살 수 있는데 엠블렘은 공51퍼 사려면 돈을 좀 모아야되서요! 무기가 지금 보공없이 공3줄이라 보조는 보보보 사야되요
2026-07-29,0,0,아이템,하프이어링 가위가 안써지는데 왜이럼?,[이미지] 경매장에서 저렇게 판매되는거 구매한 뒤에 하나도 안건드렸는데 실버가위 왜 안써짐?
2026-07-29,0,0,아이템,제네시스무기 잠재 질문드립니다(찐늅입니다ㅠㅠ),"메이플 시작한지 한달차 찐 뉴비입니다.. 다음주에 제네시스 무기 2차해방 가능할것같은데 기본적으로 위아래 유니크,에픽으로 나온다고는 알고있는데 레전더리,유니크로 등업하는 방법이 뭐가 있을까요? 애석하게도... 제네시스무기 존재 자체도 모를때 레전,유니크 잠재를 다 사용했습니다ㅠㅠ 유튭 대충 찾아봐도 이해안되는 부분들도 있어서.. 혹시 돈이나 큐브로 방법이 있는지.. 비용은 얼마나 들어가는지 질문드립니다. 시간을 되돌리고 싶네요ㅠㅠ 직업은 레테인데 보공? 마력? 뭐가 더 우선인지도 궁금합니다"
2026-07-29,0,0,기타,울티마 후발대 질문있습니다.,전사 궁수 마법사 각각 35 35 27 인데 2-6이 클경 효율 제일 좋다고 계산기에 떠있으면 걍 여기 무한 잠수 태우나요? 레벨은 몇까지 잠수 태우다가 다음 맵 각을 봐야 할까요? 템은 현재 5545 5445 5454입니다. 3-4에서 막혀서 못깨고 있네요.
2026-07-29,0,0,기타,이칼적 1인 vs 노칼적 2인 차이가 뭔가요,메소는 줄고 에테 조각이 나오는데 에테가격이 너무 싸서 솔격이 이득인걸까요?
2026-07-29,0,0,기타,챌섭 월드리프 질문이요,스카니아서버로 캐릭터 1개 옮겨뒀는데 그럼 나머지 4캐릭 모두 스카니아로만 갈 수 있나요 ? 아니면 다른서버로 보낼 수 있나요 ?
2026-07-29,0,0,아이템,에테 크뎀장감 추옵 197 템 판매 질문,안녕하세요 :) 템을 팔려고 경매장 시세를 봤는데도 모르겠어서 이렇게 글을 올립니다.... 얼마에 팔아야 할까요 선생님들 [이미지]
2026-07-29,0,0,직업,챌섭 헥환템환 8000 떨어졌어요,챌섭이고 23일에 템환 51000 헥환 43000이었는데 오늘 보니까 헥환 46000 헥환 39000이 되었네요ㅜ 어떤 영향일까요
2026-07-29,0,0,아이템,뉴비 내일 이면 제네무기 얻는데 에디셔널 문의,카에잠 60+첼린저 마스터 시 30개 추가 현제 6.5 다이아 재획한 돈 + 내일 보스 잡으면 30~40억 정도 생길꺼 같은데 메획+인 트 트왈마 를 구매할지 아니면 40억으로 에디를 돌려 레전을 가서 카에잠을 돌릴지 고민입니다. 40억으로 간다는 보장은 없지만 만에 하나 ..를 위해 카에잠을 아낄지 ... 여러분이면 어떻게 하시겠습니까
2026-07-29,0,0,기타,사우나 어디에 쓰는게낫나요?,몇년만에 복귀해서 모르는게 많아 질문드립니다 현재 챌섭 280까지 키워놨는데 사우나 10시간정도 모여있더라구요 이거 280캐릭에 박는게 날까요? 아니면 본섭에 유니온 올리는게날까요? 현재 유니온은 9500정도긴한데 200캐릭에 박아서 1~2업씩 더하는게날까요? 280캐릭에 박으면 7퍼정도 먹네요
2026-07-29,0,0,퀘스트,재네패스샀는데 검마 필수인가요?,검마 배율 146퍼 나오는데 도저히 못깨겠어요ㅜㅜ머리 박치기하기엔 시간도 부족하고 검밑솔까지는 다 되는데 검마 안잡아도 패스기간까지 해방가능한가요?? 지금 윌 해방퀘 진행중이예요!
2026-07-29,0,0,아이템,제논 해방 후에 4해적에테+5도적에테 이런식으로 가능함?,에테 세트옵 직업별로 따로 적용되나요?
2026-07-29,0,0,기타,울티마 잠재능력,"전사 법사는 hp 궁수는 공격력,공퍼or쿨감 이게맞나요"
2026-07-29,0,0,직업,히어로vs 아델vs 제논 본캐고민입니다,목표는 이지대적자 정도로 생각 중인데 선택에 고민이 되네요
2026-07-29,0,0,퀘스트,보스 윌을 클리어하지를 못하겠습니다..,공략영상도 보고 거의 한 40트는 한거 같은데 1페이즈에서 잘가다가 2페이즈에서 엎어지고 2페이즈에서 또 간신히 클리어하면 3페이즈에서 끔살당하고 미치겠습니다.. 어찌하면 좀 쉽게 클리어가 가능할까요? 1페이즈도 죽으니 미칠 노릇입니다. 직업은 아란입니다..
2026-07-29,0,0,기타,썜들 메린이 챌린저 찍을 수 있게 진로부탁드립니다..,"메이플 거의 처음 시작한 급인데 지금 마스터찍구 엊그제 해방하구 열심히 285 찍으려고 노력중인데 진로를 어떻게 해야 챌린저를 찍을 수 있을까해서 상담부탁드려봅니당.. 지금 생각하고 있는 스펙업은 1. 스타포스 타임?때 장신구들 18성찍어주기 2. 챌린저스코인 15000개 정도 남은걸로 프펫공? 사주기? 3. 울티마보상으로 플라즈마하트 17성 달아주기 4. 285찍기 5. 명장? 그거 끝내기 6. 에르다 조각 모일때마다 헥사 강화해주기 정도 생각하고 있는데 궁금한게 1. 빠뜨린 것이라던가 급한 순서가 있는지? 2. 미트라 분노 꼭 사야하는것인지? 3. 대적자코인으로 에디를 등업해서 옵션을 노릴지, 추옵을 더 건드릴지..? 고민이 되어서 상담 좀 부탁드리고 싶습니당.. [이미지] [이미지]"
2026-07-29,0,0,아이템,프악공마 뜻,스펙업 순서 보는데 프악공마 뜻이 뭔가요
2026-07-29,0,0,아이템,보조 옵션 질문,유입이어서 잘 몰라서 질문드려봅니다 전 옵션은 보공 1줄 잡옵 2줄이여서 대략 39억 가량 써서 윗잠 옵션을 이렇게 띄운 상태인데 잘 띄운건가요? ( 등급은 원래 레전이었습니다. ) [이미지]
2026-07-29,0,0,아이템,안녕하세요 템셋 질문있습니다,안녕하세요 이번에 들어온 메린이인데 템셋팅 도중 이미 미트라를 사버려서 칠흑 2셋을 맞추고 싶은데 스타포스 17성 160제 강화권이 있어서 사용하려고 보니 루컨마나 마깃안을 끼면 보장5셋 여명4셋둘중하나가 사라지더라구요 어떻게 하는게 좋을까요?? 닉네임은 고레테트리스입니다
2026-07-29,0,0,아이템,600억으로 올 에테 18성 가능한가요?,될까요?
2026-07-29,0,0,아이템,메린이 도움 부탁드립니다 보마 300억 템세팅,"[이미지] 챌섭 끝나고도 본캐로 계속 갈 예정이고 최종목표는 환산 7만 생각하고 있습니다. 챌섭 기간 끝까지 남아 있을거라서 방어구는 최대한 마지막에 건드리려고 합니다. 지금 급한게 보조, 엠블렘, 벨트 인 거 같은데 엠블렘은 나중에 5줄 완작 미트라 사먹을 거 같습니다. 2가지 안이 있는데 1안 보조를 280억 정도 주고 쌍레 윗:보35%,공18%, 밑:공21% 를 크게 사먹고 20억+a로 벨트 유닠 18성을 가기 2안 보조를 낮추고, 벨트, 크뎀장갑(크크잡)까지 가성비 있게 맞추고 나중에 본섭 가서 천천히 맞추기 어느 방향으로 템셋해야 할 지 고민입니다..."
2026-07-29,0,0,아이템,27퍼 골클벨 분자벨 뭐살까요,"레전 27퍼 골클벨 24억 분자벨 28억이면 뭐가 더 낫나요 별은 21성까지 달아주려고요 Q 제목: 레전 27퍼 깡통 (종료) 최대 1개 선택 가능 참가자: 15 명 26.07.30 02:20:59 마감 득표순 답변순 24억 골클벨 (66.7%, 10표) 28억 분자벨 (33.3%, 5표) 투표가 종료되었습니다."
2026-07-29,0,0,아이템,챌섭 하메 템진로 조언 받고싶습니다,지금 기준 하메가 97퍼가 나오는데 한 3퍼만 더 올려서 무한트라이 박으려 합니다 일단 다음주에 스펙업 되는게 좀 있을거같아서 다음주는 확정클 될거같긴한데 지금 템 상황에서 어느걸 올려야 스펙업이 될까요 100억정도 보유중이긴한데 최대한 클컷만 맞추는 선에서 스펙업 하고싶습니다
2026-07-29,0,0,아이템,칠요의 뱃지,맞춰주는게 좋나요?
2026-07-29,0,0,아이템,챌섭 하메 템진로 질문 있습니다!,안녕하세요 현재 템 세팅은 이렇게 되있고 하메 배율은 86.4퍼 나옵니다! 장신구 프악마 작 계속 할거고 샤타 때 하트 블빈마 18성 달 예정입니다. 그 다음에 2칠흑 받으려 하는데 이벤링 > 거공 18성 레에 21퍼 급으로 사는게 나을지 마도서 추옵 140급 + 컨티4렙 어떤게 나올까요? 이렇게가 가격이랑 환산 오르는게 비슷한 것 같아 질문드립니다! [이미지]
2026-07-28,0,0,아이템,헥환은 오르고 전투력은 떨어지는데 괜찮나요,도전자에서 에테르넬 한부위씩 바꾸고있는데 이제4부위째라 전투력떨어지는데 헥환오르는거면 그냥 구매하고 바로 착용해도 상관없나요?
2026-07-28,0,0,아이템,에디셔널에 뜨는 공격력수치 패치됫나요??,그 보스에서주는 에디큐브로 블랙보조돌리다가 첫줄잡 둘째셋째줄에 레어 공12 12 이렇게 떠서요 패치된건가요?? 최대가 11아니었나..
2026-07-28,0,0,기타,메이플 폴더속 잡파일? 지워도 되는걸까요,확장자가 무슨 $$$인데 처음보는 파일이네요. 지워도 될까요? [이미지]
2026-07-28,0,0,기타,야누스 교환권 질문 있어요,야누스 22렙때 교환권 먹이면 30렙 된다고 들었는데 본캐 야누스 레벨이 20인 상황이에요 20렙인 상태에서 교환권 먹여도 손해나 그런건 없나요??
2026-07-28,0,0,아이템,울티마 공2줄 4렙 장비 vs 공1줄 5렙 장비,4렙 때 큐브를 열심히 돌려서 세 직업 거의 공 두줄 4렙 달아줬는데 5렙 넘어갈 때 공 한 줄도 넘어가나요?
2026-07-28,0,0,기타,메이플 결혼 하는 방법 있나요?,메결 가능한 방법이 있는지 궁금합니다 능력치 이런거 상관없고 단순 결혼만여!
2026-07-28,0,0,아이템,님들 울티마 아이템 분해 질문좀...,일단 저는 울티마 후후후발대여서 초반 맵 1지역 밀고 있습니다. 근데 울티마 스쿼드 팁중에 '아이템 분해하지 말고 무조건 합성해라 소량의 골드는 큰 의미 없다. '고 하던데 저는 아이템 합성했더니 지금 다섯번째 2단계 법사템 나옵니다...😑 법사캐릭 해제하려면 2-6이나 클리어 해야 되던데 혹시 지금 마법사 2단계 템 싹 분해하면 손해인가요?? 알려주시면 감사하겠습니다.
2026-07-28,0,0,기타,울티마 장비,언제까지 계속 합성해야하나요? 잠재설정도 안하고 계속하면되나요... 다들 6레벨까지 하는거같던데 맞나요?
2026-07-28,0,0,기타,이번주 썬데이는?,"뭘까용 Q 제목: 두구두구두구 (종료) 최대 1개 선택 가능 참가자: 34 명 (무기명) 26.07.30 23:30:59 마감 득표순 답변순 샤타 (85.3%, 29표) 미라클 (14.7%, 5표) 투표가 종료되었습니다."
2026-07-28,0,0,기타,링크 어떻게들 쓰시나요 선생님들 ?,리프할 서버에 챌섭 20캐릭 200물약으로 만들어 놓고 있는데 보스용 사냥용 이렇게 나뉘어서 하시더라구요 보스용 먼저 만드는게 정배 같긴 한데 12자리 어떻게 채워서 쓰세요 보스용 ?
2026-07-28,0,0,아이템,챌섭 렌 하드메이린 100퍼인데 가성비스팩섭 있을까요..,천천히 하려했는데 어쩌다보니 100퍼찍혀서 본섭 100억정도 땡겨올수있는데 당장생각나는게 하트에 매지컬작이랑..본섭있어두 펫공 도미 적당한거 이정도 생각나는데 혹시 기가막히게 가성비 좋은 스팩업있을까요!
2026-07-28,0,0,기타,친구계정 레잠 쓰는것도 정지되나요?,친구가 중간까지 하다가 안한다그래서 친구계정으로 첼린저스 퀘 깨서 레잠 얻고 제 템에 사용하려 하는데 이것도 위험한가요...? 깨는 과정에서 보조무기도 빌리려고 하는데 이것도 정지 위험이 있나요?
2026-07-28,0,0,기타,블링크헤어 ai 일러스트 대체 헤어 알려주실분,이게 콜라보헤어라 그런지 ai 일러스트가 적용이 안되서 일러용으로 느낌만 낼 헤어 좀 알고싶습니다
2026-07-28,0,0,기타,울티마 파밍,"2-2 보스까지 1분 26초, 2-7 보만튀 1분 50촌데 어디서 파밍하는게 더 나을까요?"
2026-07-28,0,0,기타,메린이 제네 패스 질문,"안녕하세요 형님들! 이번에 스펙업 알아보니 제네패스가 굉장히 좋고, 해방이 종결무기라는 이야기를 보고 일단 패스를 구매는 했는데... 현재 스펙으로 보스를 노멀 진힐라 (스킬하고 버프 다시 공부해서 오늘 아침에 깼습니다)까지 현재 가능한 상황입니다. 어둠의 흔적을 일단 300까지 모으고 반레온 하는 상황인데, 이거 패스 끝나기 전까지 혼자서 해방 충분히 가능한 상황인가요?? 아니면 고수분들께 부탁드려서 검마라도 파티 좀 껴달라고 해서 들어가야 하는 상황인지.. 여쭤봅니다. 현재 280렙에 헥사 20,297 정도 나옵옵니다. 하드윌까지 일단 솔 가능하다 해서 도핑 최대로 하고 들어가고 있습니다."
2026-07-28,0,0,직업,렌이냐 제논이냐 그것이 문제로다..,"형님들.. 제가 본섭1.3억 렌잇고 챌섭 1억 제논 키우고잇는데 사냥이랑 컨셉은 제논이 좋은데 보스 쾌적함 차이가 너무심하네요.. 제논은 보스할때마다 약간 스트레스 받는느낌.. 렌으로는 이지카링 노말칼로스까지 도는데 보스돌면서 크게 스트레스안받는 반면 제논은 1레투2포톤, 설치기유도, 주력기후딜 게다가 신규스킬까지 눌러야할게 하나 더생겨가지고 보스돌때좀 벅찬 느낌이에요.. 제논 챌린저스팩 주차하고 그래도 꽤 이쁘고 너무편한 렌 계속 본캐할지 컨셉맘에드는 체급의 제논 본캐할지 너무고민인데 조언좀 부탁드립니다.. 자본은 혜자 패스류만 구매하는 무소과금 입니다 Q 제목: 렌 제논 최대 1개 선택 가능 참가자: 69 명 그래도 체급의 재논해라 그정도면 실전딜 잘나오고 편한 렌해라"
2026-07-28,0,0,시세,메소마켓 생성 3일제한 관련,챌섭에 생성한지 한달된 캐릭을 스카니아로 리프보내면 스카니아에서 메소마켓 이용 바로 가능할까요?
2026-07-28,0,0,기타,챌섭 챌린저 가능할까요?,"안녕하세요 메이플을 20년만에 다시 해보는데요 하루에 1~2시간 정도 하고, 패스 3종은 구매했구요 이대로 이번 시즌 챌린저 가능할까요? 플레이시간을 늘리거나 과금을 해야 할까요? 혹은 과금을 했을때 그만큼 챌린저 보상이 좋은가요? 너무 오랜만인지 정말 하나도 모르겟어요 ㅎ 아 직업은 히어로 입니다!"
2026-07-28,0,0,아이템,하트 유니크 21퍼면 당분간 안건드려도 되겠죠?,?
2026-07-28,0,0,직업,복귀를 해볼까 하는데요! 조언 좀 부탁드리겠습니다ㅎㅎ,"작년엔가 렌 나와서 챌섭에서 하다가 280?인가 찍고 본섭으로 옮겨두고 복귀를 하려고하는데요! 렌 컨셉이나 컨트롤이 그나마 쉬워서.. 렌을 계속 해보고싶은데 렌은 이제 아이템버닝 아이템이나 그런게 다 사라졌을거란 말이죠? 이런 경우에 복귀를 하려면 챌섭에서 뭘 키우면 좋을까요? 그냥 신캐릭 찍먹하면서 돈 벌면서 넘어와서 렌한테 돈 몰아주고 템 맞춰주고 키우는게 나을까요?? 아마 하루에 한 두어시간 정도 게임 할 수있을거 같고, 현질은 달에 정말 소소하게? 5~10? 정도 할거같아요"
2026-07-28,0,0,몬스터,하발 배율 질문드립니다,하발가보려하는데 하발110~115정도면 많이 빡빡할까요??
2026-07-28,0,0,아이템,챌섭 챌린저 목표 질문드립니다,"현재 챌섭에서 챌린저 목표로 하고 있습니다. - 조각 1600개 사용, 헥사 3단계 해방 - 심볼 55555 지금 하메 배율로는 82.74% 나오는데, 110%목표로 스펙업을 하려고 합니다. 지금 최우선 스펙업 요소가 무엇일 지 알려주시면 감사하겠습니다."
2026-07-28,0,0,아이템,"챌린저스 리레링, 컨티링 리프하면 없어지나요?",앞에 챌린저스가 붙어있어서 리프하면 없어지나 싶어서 물어바요 ~
2026-07-28,0,0,아이템,메린이 템세팅 관련해서 질문 있습니다..!,보조무기를 사려고 하는데 예산이 별로 없어서 두개중 어떤 템을 사야할지 고민중입니다 ㅠㅠ 첫번째 아이템인 공공방을 착용했을때 [이미지] 이정도 오르고 가격은 180억입니다! 그리고 두번째 템인 보공공을 착용했을때 [이미지] 이정도 오르고 가격은 250억입니다! 예산이 빠듯해서 마음같아서는 180억짜리 템을 사고싶지만 70억을 더 투자해서 250억 템으로 갈만한지 여쭤보고싶습니다..!
2026-07-28,0,0,직업,보마 메이린 배율 질문있습니다 !,"안녕하세요 헥사환산 4.4 보우마스터 유저입니다 메이린 배율 91.84퍼 나오고 20분 꽉 채워서 해 본 결과 <어센트 초기화 1회 바인드 1회 5차 이하 스킬 초기화 1회 > 20퍼 남기고 못깼습니다 배율 몇 퍼쯤 나와야 클각이 보일까요 ,, ?!?"
2026-07-28,0,0,아이템,이번챌섭 유입 렌 하메 120퍼 만들고싶어요,안녕하세요 이번챌섭유입 렌입니다 제가 챌린저가 목표인데 현재 284레벨이고 하메 쳐보니까 한 15퍼정도 남더라고요 아래는 제 템하고 보스 배율입니다 [이미지] 도핑은 실전에서 제가 쓰는것만 체크하고 올렸습니다 유니온의힘 끼면 하메 1퍼정도 늘어나네요 [이미지] 보조는 돈 조금 써서 구매했습니다 관세빼고 135억 줬네용 현재 템환 5.2 헥환 4.5라고 생각하시면 될것같습니다 제가 궁금한건 다음과 같습니다. 1.하드메이린 120-130퍼 가려면 메소가 대략 얼마정도 필요할까요? 2.만약 한 400억메소정도 더 쓴다 치면 노칼 150퍼정도 가능할까요? 3.400억메소를 쓴다치면 아버랑 시드링 대체템을 먼저 사는게 맞을까요 아니면 장신구를 먼저 살까요? 메쌤들의 의견 구합니다. 감사합니다
2026-07-28,0,0,기타,누비 챌린저 달수 있을까요?,a잉잉 이번주 제네 해방하고 모든재화 털어서 레유 윗1줄 아래2줄 맞췄는데 하메 70%정도밖에 안나오더라구요.. 매일 일퀘 + 몬파2판 정도만 하는데 챌린저 가능할까요? 제네 패스 플러스는 지를까하고있어요..
2026-07-28,0,0,아이템,템환 8만목표인데 교체부위 추천좀 부탁드립니다,[이미지] [이미지] [이미지] [이미지] 익스우 솔격 목표이고 본캐로 키우려합니다. 헥사강화 신망견 부위교체예정이에요. 메고수님들 많은 의견 기다립니다~~~
2026-07-28,0,0,아이템,템환 8만에서 이후 스펙업 질문,데티 해방까지 천천히 가는게 목표입니다. 아케인22성장갑을삿는데 이걸팔고 에테로가는게좋을까요? 아니면 아케인 22성을사는게좋을까요? 바꿔야하는 부위 우선순위좀 알려주시면 감사하겠습니다 [이미지] [이미지] [이미지]
2026-07-28,0,0,기타,울티마 스쿼드 질문,수동컨 없이 천천히 진행하고 있는데 잠재능력은 모두 공/마로 맞춰주면 되는 건가요?
2026-07-28,0,0,기타,화면깨짐 현상 이거 어케 고치나요,"사우나 넣어두고 잠깐 나갔다 왔는데 개박살났는데 어카나요 OTP인증 화면부터 서버선택, 캐선창도 이상황인데 방법좀여 재설치한 상황이예요 [이미지]"
2026-07-28,0,0,아이템,복귀 뉴비 질문...,이번에 레테로 다시 복귀해서 저과금으로 실버등급 뉴비입니다... 한 30~40 만원 더 현질 생각이 있는데 스공이 6500만 가량이고 검마 잡다가 현타 씨게와서 멍때리는중인데 자석펫 을 사야하나요? 아니면 스펙업 아이템을 사야하나요? 자석펫이 없어서 디진라벨? 펫 3개 샀는데 사냥할때 너무 정신이 없어서 고민중입니다. 사냥도 해야하고 보스도 해야하는데 둘중 어느거를 고를까요..?
2026-07-28,0,0,퀘스트,울티마 3-1 뺑뺑이가 나을까요,어제 2-10 이어서 3-1 뚫었고 3-2 못 뚫은 상태고 32 31 20 정도 됐습니다 5렙 장비가 궁수 모자밖에 없고 전사 법사는 아직도 무기가 3레벨인데 장비 파밍을 위해서도 경치 좀 손해보더라도 3-1 뺑뺑이가 나을까요?
2026-07-28,0,0,기타,메이플 창모드 검은화면 어떻게 없애나요,아래에 갑자기 검은화면이 보입니다
2026-07-28,0,0,아이템,챌섭 복귀유저 렌 스펙업 훈수 부탁드립니다.,"[이미지] 281 레벨 렌 입니다. 목표는 챌린저이고, 챌섭 꽉꽉 채워나갈거라 엄청 급하게 키우는고 그런건 아닙니다. 해방 2주 남았는데, 검마 3페에서 진도가 나가질 않네요. 망할. 복귀하면서 현질은 재획장신구로 맞춘 100%/80% 이 다입니다. 소재획당 순 메소 5500정도 벌립니다. 다조는 4~8개.. 원래는 재획하면서 다조 팔고 메소 벌어서 50억씩 모일때마다 20~21성 레전으로 큼직큼직하게 스펙업을 할까 하다가 옛날 시세랑 차이가 너무 크다고 해서 18성 21% 수준으로 둘둘해놓고 있습니다. 맨 위 장비 사진에 표시해 놓은 부분은 개인적으로 스펙업이 필요하다 생각하는 아이템들입니다. 17성 아이템은 27~30% 사서 17성 주문서 직작한 것들입니다. 질문1) 레유잠이 2개 있는데, 하나는 해방무기에 작할거고, 하나를 어이다가쓸지 고민입니다. 엠블은 유닉으로 그나마 옵션이 갖춰져 있는 상태입니다. 하트는 일단 유닉까지는 올려놓은 상태인데, 옵션이 갖춰져 있지 않아 큐브작을 더 해야합니다. 이상황에서 하트에 레유잠을 바르는게 최선일까요? 질문2) 표시해놓은 아이템들 17성들 18성으로 갈 때, 파방 안하는게 낫겠죠? 하트는 스페어 없으니까 파방해야하구요? 질문3) 피도미를 쓰고 있긴한데.. 얘는 나중에 스펙업할때 옵션 좋은 도미로 교체해야 하나요? 질문4) 이외에 다른 훈수도 감사히 받겠습니다. 캐릭명 '검술왕김옥분' 이니, 조회하셔서 훈수해주셔도 무방합니다."
2026-07-28,0,0,기타,메이플 파티플 질문,"안녕하세요 요번 챌섭 유입입니다. 해방하려고 검마 잡으려는데 시간상 솔플은 엄두가 안나서 2~3인플 해보려는데 메이플은 공방 파티 문화가 어떤식으로 형성되있는지 알고 싶습니다. 보상분배 과정이나 파티모집, 공팟 용어 기타 등등이요. 본진이 로아라 로유법 가능하시면 더 이해가 수월 할 것 같습니다. 알려주시는 분들께 사례는 따로 못 하지만 미리 깊은 감사의 말씀을 전합니다. 글 읽어주셔서 감사합니다."
2026-07-28,0,0,아이템,카루타 11성 9퍼 공10 둘둘,카루타 11성 9퍼 공10 둘둘 인상태입니다 캐논슈터 266렙이고 보스 투력 2000만쯤 됩니다 꾸준히 하진않고 그냥 이벤트할때 올때도 있고 안올때도 있어요 사냥도 안하고 그냥 일퀘랑 몬파만하는데 에테르넬 모자 상하의는 노작 3000만원 쯤이던데 노작사고 보스코인샵에서 카르마 타오르는 환불 쓰고 일반 코인샵에서 카르마 실버랑 에디큐브 돌려서 9퍼 공 10 맞추는거 어캐 생각하시나요 ?
2026-07-28,0,0,기타,울티마 스테이지 밀고싶은데 스킬 어케 가져가야되나요?,35 35 27 렙이고 스테이지 밀고싶은데 조합 어케 가져가야될지 모르겟어용 (질문글 삭제 안해여)
2026-07-28,0,0,기타,보통 하세이칼돌이 ~ 노적자돌이 캐릭터들은 조각 몇개정도 투자하시나요 ?,지금 챌섭에 키우고 있는 캐릭터가 딱 하드 메이린 110%대 배율이 나오는데 조각이 2300개정도 들어가서 교불 조각을 더 투자해줘야 할 지 본캐에 조각을 줄 지 고민되네요 ㅠㅡㅠ
2026-07-28,0,0,기타,엠작 목요일에 해야되나요?,근데 목요일에 하려다가 지금 같은 시세 회수율 안나올까봐 걱정인데 걍 지금할까요
2026-07-28,0,0,아이템,챌섭 레테 레유잠 받았는데 이거 어디다 발라야할까요...?,물금읍홍말심 | 캐릭터정보 - 환산주스탯 캐릭터 정보는 이렇습니다 보조무기 엠블렘 둘 다 윗잠은 레전이고 뭐 어떻게 써야할지 모르겠어요... 아 그리고 이벤트링이 세개나 있는데 결국 이거중에 하나는 빼야할거 같은데 하나를 빼고 가디언링 하나 넣을까요? 가디언링에 레유잠 17성카르마 발라주면 되려나요 질문이 많아 죄송합니다
2026-07-28,0,0,기타,본섭 깡통케릭들 유챔용으로 살릴만한가요?,"레벨 278, 장비 x (다 팔고 이번 첼섭케 투자), 해방x 이런 케릭들이 몇개 있는데 이번 첼섭은 목표를 달성했고, 앞으로 본케로 쭉 키워 나가려고 합니다 비수기 들어갔을때 얘들 레벨링 조금 더 해주고 템세팅 해줘서 유챔용으로 키워도 괜찮을까요? 아니면 다음 챌섭때 케릭을 새로 만드는게 좋을까요?"
2026-07-28,0,0,기타,본캐 / 챌섭 부캐 투자우선권 질문입니다.,"현재 본캐 렌 환산 44,267 / 챌섭 부캐 레테 환산 42,309 입니다. 두 캐릭의 환산 차이는 있지만 숙련도 및 피로도 부분으로 비교했을때 클리어 시간 및 난이도는 비슷합니다. 본캐 렌 현재 리레3렙 , 어센트(4렙) , 추가코어(화중군자) 오픈x 상태 -> 리레4렙 어센트10렙 추가코어오픈 부캐 레테 현재 우측상단 헥사코어 각각 19렙(환산헥사코어순서기준) 을 찍으라고 되어있음 (리4,어센트10렙임) 주보돌이를 하여 두 캐릭중에 하나를 먼저 나와있는 목표에 도달하고싶은데 우선순위를 모르겠습니다. 고민을 하다하다 정리가 안되어 여쭈어봅니다. 효율적으로 보았을때 우선순위를 어느캐릭에 두어야할까요??"
2026-07-28,0,0,아이템,하드메이린 스펙 질문,"안녕하세요 챌섭에서 렌 키우고있는데 하드 메이린 잡을정도면 뭐를 스펙업 해야할까 궁금합니다 ! 유챔용인데 애초에 본캐 스펙도 1.6억이라서 과금해서 쎄게는 못할것 같아요 ㅠ (본캐도 무과금입니다 !) 일단 지금 예정으로는 1. 대적자 에디 큐브 돌리기 2. 장신구,하트 샤타때 18성 3. 블빈마 또는 파풀마 구매 일단 이정도 생각중인데 추가로 뭐를 하면 좋을지 알려주시면 감사하겠습니다 !"
2026-07-28,0,0,아이템,렌 스텟뚝vs2초뚝,큐브 돌리다 떴는데 어떤거 골라야하나요? [이미지]
2026-07-28,0,0,몬스터,뉴비 환산주스탯 보스 배율,안녕하세요 이번에 새로 메이플을 시작한 뉴비입니다. 환산주스탯 기준으로 보스 배율이 100%를 충족하는데도 고인물분들은 쉽게 깨는 보스를 저는 패턴도 익숙해지고 딜 사이클을 똑같이 굴려도 딜이 모자란 경우가 종종 있습니다. 이런 차이가 나는 이유가 무엇인지 궁금합니다.
2026-07-28,0,0,아이템,제네패스 플러스 재화 사용처 추천 부탁드립니다.,1. 본섭 노적자돌이 6.6/5.8 렌 (아스트라 1차 해방은 했음.) [이미지] 2. 본섭 이지카링or노칼돌이 6.0/5.1 일리움 (8월 25일에 아스트라 1차 해방은 가능) [이미지] 3. 챌섭 5.0/4.3 레테 (챌린저 목표) 원래는 레테 무기에 쓸려고 했는데 기존에 준 공짜큐브들로 옵션을 띄워서 애매해졌어요. 지금 생각은 일부는 레테에 심환불로 쓸 생각입니다. 참고로 레테 지금 목표는 1번 렌 위까지는 키워볼생각입니다. 혹시 아스트라에 잡옵 전승해서 계속 큐브 던지는건 별로일까요 수정 | 삭제 |
2026-07-28,0,0,아이템,제네시스 무기 뭐에 돈을 더써야할까요?..,잠재 에디 추옵 어떤거에 돈 더써야하나요 ? [이미지]
2026-07-28,0,0,아이템,카레잠 질문있어요,본계정이 전사캐릭인데 부계정에 카레잠이랑 에유잠 받아서 미트라에 발라 넘겨주고싶은데 부계정은 레테 그러면 부계정에 200레벨 딸농으로 전사캐릭 아무거나 찎어서 미트라에 발라서 보내줄 수 있나요?
2026-07-28,0,0,아이템,제네패스 잠재 위 아래 추천좀 부탁드립니다..,첫 해방한 메린이인데 제네패스 세렌격파 미션까지 받은 코인은 전부 쓴 상태이구요.. 이적자는 연습하면 어째저째 깬다고쳐도 그다음 미션 카링이랑 벨로나는 어찌될지 모르겠어서.. 윗잠 아랫잠 중에 뭘 우선적으로 돌려야할지 조언 부탁드립니다
2026-07-28,0,0,몬스터,보스 외곽선 설정 프리셋 있음?,보스 돌때만 외곽선 설정 되게하고 사냥할때는 외곽선 설정 없이 하고싶은데요 프리셋에 설정도 넣을수 있음? 지금은 방법을 몰라서 보스돌때만 설정만지고 보스 돌고나면 설정 끄는식으로 하고있는데 프리셋 설정하는 방법좀 알려주세요
2026-07-28,0,0,아이템,환호지선 사신 분들 질문,지금 제가 무기 코디템 무기를 작은초식동물(근육토끼) 끼고 있는데 프리셋을 작은초식동물끼고 원본무기를 환영지선을 끼면 여우 이펙트는 그대로 출력이 될까요? 혹시 전신바뀌는 무기 있는 분들 환영지선 여우 이펙트 출력 되는지 알려주실 수 있으실까요?
2026-07-28,0,0,아이템,"메린이 남은 대적자 큐브, 코인 어떻게 쓰는게 좋을까요?","메선생님들 3월 복귀 뉴비입니다 본섭 멍청하게 비숍으로 직변해서 헥사 다 날리고 꼬접 했다가 이번에 레테로 복귀했습니다. 운좋게 레테 무기 유효5줄을 뽑게 됐는데 남은 대적자 큐브, 코인을 레테 에마삼을 노려야할지 본섭에 남겨진 비숍 해방무기 옵션을 뽑을지 고민됩니다. 조언 부탁드립니다. 비숍은 챌섭 리프하면 다 벗겨먹고 검밑솔이나 이적자 까지만 할거 같아요"
2026-07-28,0,0,몬스터,뭔가 잘못됏음은 알겟는데,극딜기 순서를 어떻게 잘못쓰고있는지 도저히 모르겟습니다.. 레테 보스 치는 영상도 보고 극딜기 순서라고 올라온 영상들도 보고 계속 쳐보고있는데 연습모드 풀도핑으로도 166퍼 나오는 카엔슬 201나오는 카더스크 114퍼나오는 하루시드 그 무엇도 깨지지가않습니다.. 제네무기 갖고싶엇는데 포기해야할까요
2026-07-28,0,0,기타,5석펫가는게 맞을까요 풀드메 가는게 맞을까요....ㅠ,하루에 6소재정도 하구있는데 5석펫 너무 마려워서 메제 채운다 생각하면 5석펫갈까요 아니면 일단 풀드메 할까요 ㅠㅠ 지금 드메는 100 100이에용
2026-07-28,0,0,기타,안녕하세요...메이플 시작 3주차인데..,"일단 대학교 동기에게 꼬드겨져서 이번에 메이플 시작하게 되었는데... 생각보다 보스 잡는 게 너무 재밌어서 요즘 시간 가는줄 모르고 하고 있습니다... 근데 현재 하드 뎀까지 똥꼬쇼로 깨고 노말 진힐라 들어갔다가 현타와서 열심히 스펙업 하고 있는 상황입니다. 일단 친구가 말한 어센틱포스 열심히 올리고 있고, 좀 가능하면 장비도 옥션으로 구할 수 있을까 하여 열심히 공부하고 사냥해보고 있는데, 메소가 너무 안벌려서 원래 이런건지 선생님들에게 여쭙고자 합니다. 일단 현재는 280렙 찍고 매일 피로도 500찍으며 열심히 쥬니퍼 채집 노가다 하고 일일보스들 다 돌면서 모아서 하루 대충 2억 정도 벌고 있는 상황입니다. 근데 옥션의 템들은 이미 가격들이 몇십억이라 제가 저걸 사려면 챌섭이 끝날때쯤에 살 수 있을거 같고... 스펙업을 해야 좀 보스를 잡으면서 메소를 더 벌거 같은데 현재 할 수 있는게 생각보다 없는거 같아서 살짝 막막하네요. 일단 퀘스트와 몬파, 에던 등등 친구가 말한 숙제들을 열심히 하고 있는데, 제가 여기서 더 스펙업이나 메소를 벌려면 그냥 사냥 하는거 말고 더 할 수 있는게 없는걸까요? 아님 역시 자본주의가 답인걸까요...? 보스 연습하고 잡으면서 스펙업하다가 한순간 할수 있는게 적어지고 막히다 보니까 답답해서 고수분들께 질문 남깁니다... 좋은 조언 부탁드립니다..."
2026-07-28,0,0,아이템,1억 2천만 아란 엠블렘 조언 구합니다,저는 장기적으로 천천히 하는 유저라서 미트라를 직접 사서 직작을 한 경우입니다 그런데 몇 달 전에 메멘토 큐브로 돌렸더니 윗잠 공 3줄이 떠버렸습니다 아랫잠 두 줄은 이전에 맞춰놓은 거였구요 아무튼.. 이벤트 큐브나 보스 큐브를 꾸준히 박아서 51% 엠블렘을 완성시켰습니다 그러나 챌섭이 매번 열리고 챌섭캐릭에 메소를 쓰느라 본캐가 성장을 못하고 있습니다 음.. 아무튼 결론적인 질문은 51%를 팔아서 2줄로 다운 그레이드 하고 남는 돈으로 18성 장비들을 높게 바꾸면 투력이 더 오를까요? 아니면 얻기 힘든 거니 그냥 종결로 두고 평생 쓸까요
2026-07-28,0,0,아이템,해방무기 질문,"아직 1차 해방밖에 못했는데 잠재랑 에디 카레잠,카에유잠 먼저 발라서 작 해놔도 되나요?"
2026-07-28,0,0,기타,친구가 챌섭을 이제 시작하는데 챌린저 서버 닫힐때까지 달성 가능할까요 ..?,패스만 살 예정이고 다음달 검마같은건 제가 버스태울 예정인데 가능할까요 ..?
2026-07-28,0,0,시세,언컨 아랫잠돌리다가 떳는데,이상태로도 팔릴까요?
2026-07-28,0,0,기타,패치포인트비니얻을려면,땡땡이 디스트로이트 세트(남) 밖에없나요? 여캐여도 이거사야하나;;
2026-07-27,0,0,직업,오리진 패치이후 무조건 선오리진이 좋나요?,직업 무관하게 오리진을 쓰는게 오히려 쿨밀림이 없는거면 그냥 시퀀스 박고 바로 오리진쓴다음 각 직업싸이클 굴리는게 더 좋은건가요? 후오리진 쓰는 직업도 있는거 같은데 이게 쓰던게 익숙해서 후오리진을 하시는건지 진짜로 좋은건지 잘모르겠네요. (진짜모름)
2026-07-27,0,0,직업,보마 검마 3페 사선 피하는 법 질문입니다.,"안녕하세요 연습모드 박으면서, 2페 4페는 잘 넘어가는거 같은데, 3페에서 사선땅개가 나올 때 계속 데카가 갈립니다. 지금 검마를 오른쪽에 주차하고 첫번째 방법으로 오른쪽 벽에서 블링크를 써서 버티는 방법은 블링크 중에 밀격을 맞고 데카가 갈리고, 두번째 방법으로 왼쪽으로 점프 + 리트리트 샷으로 땅개를 피하려고 하면, 점프를 할 때 밀격을 맞아서 왼쪽 벽 끝으로 날라갑니다. 이 사선땅개만 피하는 방법만 알면 나머지는 피할 수 있을 것 같은데, 어떤 방법으로 피해야 되나요? 유튜브 클리어 영상들은 더블점프, 텔포로 피하시던데 이거 이해가 안갑니다. 질문 글을 찾아보면 리트리트 샷으로 피해야된다고 하던데, 어떻게 피해야 되나요?"
2026-07-27,0,0,아이템,렌 스펙업 도움 부탁드려도 될까요?,"[이미지] [이미지] [이미지] [이미지] 현재 템 상태입니다 조각이랑 기운도 모이는데로 스킬업 꾸준히 해주고 있습니다 목표는 하드 메이린 잡고도 나중에 익스우 솔플까지 가고싶은데, 현재 장신구도 부족한 거 알고 있습니다 18여명 보장이 제일 많은 방법인 거 같은데 현재 18여명 보장 올려도 크게 갈 보스가 달라질 거 같지는 않더라고요 그래서 지금 고민 중인게 지금부터 안 맞춰둔 여명 보장을 21퍼 21성 이상급을 메소 모아서 천천히 구매하는 것이 나을 지 또는 18여명 보장급을 한 번에 맞추고 나중에 하나씩 바꾸기를 고민중입니다. 그리고 현재 제네플 코인은 다 써서 얼추 잠재 추옵은 맞춘 거 같은데 남은 코인은 어떻게 하는 게 좋을까요?"
2026-07-27,0,0,아이템,화에큐 어디에 던질까요,챌섭에서 키우는 중인데 무기는 레전 두줄이고 미트라는 유니크 두줄이라 먼가먼가 둘다 건드리기 애매함 원래 미트라에 던질까 했는데 등업하고 옵션 띄우는게 더 빡셀거같아서....
2026-07-27,0,0,기타,5석펫 사냥 팁이 있나요,주력기 꾹 누르고 1분 안에 자리를 이동해야 사냥이 되잖아요 3석펫 땐 야누스 남은 쿨 보고 이동할 시간을 쟀었는데 5석펫 하니까 노쿨이라 그게 안되네요.. 체감상 3석펫때보다 화면을 더 많이 보는 것 같아서 오히려 더 피로합니다 1분 재는 팁이 있을까요..
2026-07-27,0,0,기타,하루 평균 6소재 하는데,30분&20분 유뷰&유행 다 쓰면서 사냥중인데 유니온 전투력 작 해주는거 체감 많이 될까요?
2026-07-27,0,0,아이템,메고수 형님들 뉴비 스펙업 도움,[이미지] 지금 메소가 180억 정도 있고 매주 20억 정도 들어옴 블빈마 쿰벨은 별만 달고 아직 미완성 상태고 트왈마는 힘 9%라 옵 뽑아야함 챌섭 목표는 하메까지고 지금 하드 세렌 104% 나옴 여기서 스펙업 방향성이 너무 고민임 지금 계획은 미라클 타임 숨 참고 기다린 후에 해방 무기 + 블랙보조 에디 레전 올리는데 무기는 코인 활용해서 화에큐로 보조는 메소로 등업 생각중 아니면 지금 당장 해방무기 에디 메소로 등업 하고 완성을 해줄지 크크 앜셰 장갑을 맞출지 계곡백숙 하나 시킬지 여러 가지 고민이 많은데 당장 이거다 싶은게 없어서 답답합니다.. 메고수 형님들 의견과 혜안 부탁합니다
2026-07-27,0,0,아이템,드랍템 먼저 맞출까요 스펙업을 먼저 할까요,"잠재나 보스(하세이칼까지)돌면서 물욕템도 못보고 잠재도 계속 망하는 유저인데요 하도 안풀려서 그냥 돈 좀 투자하다가 템 좀 사려고 합니다(여태 모아뒀던것들 본캐 부캐 엠블렘 및 제네 잠재 돌린다고 다 썼는데 얼마나 쓴건지 감도 안오네요ㅋㅋ) 여튼 지금 본캐 기준으로 하세이칼은 가능하고 드랍은 유니온 행운 포함해서 225퍼인데 드랍vs스펙업 매달 30만원씩 투자해서 시간이 좀 걸리더라도 하나하나 맞출 생각이고요 뭐를 먼저 하는게 좋을까요 재획 안하다가 두달 전부터 주마다 유행 30분짜리 20개 다 쓰면서 돈 모으고 있습니다. Q 제목: 우선 순위 추천 바랍니다 (종료) 최대 1개 선택 가능 참가자: 13 명 (무기명) 26.07.30 22:40:59 마감 득표순 답변순 드랍템 (61.5%, 8표) 스펙업 (38.5%, 5표) 투표가 종료되었습니다."
2026-07-27,0,0,아이템,해방무기 추옵 질문있습니다,방금 검마 처음 잡고 해방한 챌섭뉴비입니다. 칼리 종결이라고 할만한 추옵은 어떤건가요? 이 중엔 뭐 골라야 할까요? 깡 1추가 좋나요? 해방하고 개신나서 처음으로 글 써봅니다.
2026-07-27,0,0,기타,챌섭 검마 기운먹자 시세가 어떻게되나요?,시세가 궁금합니다 또 검마먹자 기사는 디코에서 구하면되나요?
2026-07-27,0,0,몬스터,검마 가고 싶은데 될까요?,투력 3400 레테인데 아케인 포스 1190이에요 파티 같은곳 들어가서 할려했는데 1320 이상은 되야 된다네요 아케인 포스 이번달 내로 올릴수있을까요? 일퀘당 얼마나 오르는지 몰라서 4일밖에 안남았는데 될지 몰겟네여 고수님들 알려주시면 감사하겠습니다
2026-07-27,0,0,아이템,프펫공작할건데,d라벨펫에 할건데 나중에 자석펫장비에 옮겨지나요?
2026-07-27,0,0,아이템,템 방향성 고민이 너무 됩니다,[이미지] [이미지] [이미지] 친구가 챌섭을 하다가 접어서 17강화권이랑 레유 잠재를 넘겨서 스펙업을 해볼 예정인데 어디다 쓰는게 제일 효과적일까요? 4여명 5보장에 미트라 엠블입니다. 무보엠 하트 제외하고 쓰려고 하니 너무 고민이네요. 미트리가 있으니 거공 깡통을 사서 발라야 할지.. 피도미를 빼고 고근을 넣을까도 생각하고 에테 장갑도 생각중입니다 우선순위나 혹시 추천해줄만한게 있을까요??? 그리고 이번주에 해방해서 일단 5줄 생각하고 있는데 그 이후 템 진로가 너무 고민됩니다 이게 본캐이고 지속적으로 스펙업할거라 한번에는 아니더라도 지속적으로 투자할 예정입니다 간단한 조언 부탁드립니다
2026-07-27,0,0,아이템,무기 추옵 질문,"이번에 처음 메이플 시작한 뉴비 제논 유저입니다..! 아는 분이 무기 추옵이 깡 1추 나올 때 까지 돌리라고 해서 돌리다가 2추 + 보공12 에 정착하고 있었습니다. 방금 검환불 50개 돌리다가 1추 + 올탯 4% 가 나왔는데, 전투력이 떨어지네요.... 후자를 선택하는게 맞을까요?"
2026-07-27,0,0,아이템,메멘토 18성 200제로 아케인 방어구 만들어서 쓰면 되나요?,"이게 지금 본캐 템셋입니다 챌섭보상 본캐로 떼와서 아케인 신발, 망토, 어깨 만들고 장갑만 크뎀 사오면 될까요? 아니면 18성 챌섭 부캐주고 본캐는 에테로 맞추면 되나요?"
2026-07-27,0,0,아이템,5석펫인데 스펙업 순서 추천 좀…,헥환 5.5만이고 챌 찍어서 야누스 20렙 만들었는데 5석펫으로 하니까 삐끗나면 쿨 안 맞아서 야누스가 먼저 사라지고 잘 맞춰도 10분 정도면 꺼지니까 좀 불편한데 사냥은 하루 2시간 이상 할 거 같은데 못해도 1시간 그러면 야누스 30렙을 만드는 게 맞을까? 아니면 풀드메를 먼저 맞추는게 맞을까? 아니면 템세팅을 해서 스펙업을 하는게 맞을까? 우선 순위를 누가 알려줬으몀 좋겠어 ㅠㅠ
2026-07-27,0,0,아이템,챌섭 유입 메린이 다음주 하드메이린 잡게 해주세요,챌섭 초반에 어떤 유튜버가 카레잠 이벤링에 바르라고 해서 바른거 개같이 후회중인 메린이 입니다... (궁금해 하셔서 다시 찾아보려고 해봤는데 첨에 정신없는 상태에서 이것저것 보다보니 누군지 정확하게 모르겠습니다ㅜ 그냥 제가 헷갈려서 실수한걸로 할게요..) 이번주 하드세렌 다음주 하드메이린 잡을 수 있을 거 같은데 메제 열심히 채워서 겨우겨우 110억 모아놨습니다. 아무리 짱구 굴려봐도 이 돈으로 뭘 해야 될지 모르겠습니다. 도와주십시오 메짱이 선배님들 어떻게 저떻게 하면 10억정도 추가 가능할 거 같습니다.
2026-07-27,0,0,아이템,에테 윗잠 33% 숄더 리턴작 할까요?,먼 미래에 22성에 쌍레까지 직접 띄워서 쓸 예정인데 첫작 공6힘3은 했거든요? 거의 평생 쓸 템이라고 생각하는데 15%작을 할지 리턴으로 공6을 띄워야할지 고민입니다.
2026-07-27,0,0,아이템,미트라 판매 vs 들고가기 (메고수님들 도와주세요ㅠㅠ),궁수 미트라 21퍼에 에픽 공6퍼 사니까 107퍼 나와서 하메 도전했는데 운이 좋아서 잡게되었습니다. 스펙업을 더 해야 매주 하메 잡을거같은데 미트라 판매하고 떨어졌을 때 다시 사는게 나을까요 ? 계속 끼면서 하메 치는게 나을까요 ? 메고수님들 의견 부탁드립니다 !!! Q 제목: 미트라 파라탕 마라탕 최대 2개 선택 가능 참가자: 28 명 (무기명) 판다 스펙업 더 해서 하메 매주 잡는다
2026-07-27,0,0,기타,메제 채우고 계속 사냥하실때 재획비 드시나요?,메제 채우고 계속 사냥하실때 재획비 드시나요? 어차피 다조 하나만 먹으면 멘징이긴한데 먹는게 맞나? 라는 생각이 드네요 현재 사냥드랍 소재비 안먹고 142%입니다
2026-07-27,0,0,시세,보조무기 매물을 더 찾고 싶습니다,안녕하세요 챌섭 유입 뉴비 입니다. 보조무기를 바꾸고 싶은데 비주류 직업이라 경매장 매물 이외에 라운지에서 구해보려고 해도 챌섭 라운지만 확인해야하니 좀 아쉬워서 다른 방법으로 구할수있는지 여쭤봅니다.. 인벤엔 거래게시판 같은게 없는것 같아서요
2026-07-27,0,0,아이템,유챔 sss 노칼 깨려면 템셋 어느정도?,유니온 9000초반대 / 유챔 sss 캐릭 1개뿐 윗잠 21~24% 급 레+에 18아케인 장신망견 + 18~22성 카룻 or 앱솔 상하모 조합 18성 여명/보장셋 헥사 마코 올 최소 9 이상 정도면 혹시 노칼까지 클리어 가능하려나요?
2026-07-27,0,0,기타,메포 1만원 때문에 현질했습니다..,악몽선경 1단계 받고 싶어서 1만 캐쉬 했는데 이걸 캐쉬샵에서 메포로 바꾸고 1단계 적용하면 되는건가요? 원래 이렇게 하는건지 궁금합니다. 더 좋은 방법이 있다면 말씀 부탁드립니다!
2026-07-27,0,0,아이템,드메 vs 스펙업,지금 하드메이린이 98%좀 안 되게 나오는데 템을 사서 메이린을 잡을까 드메를 사서 천천히 할까 고민중인데 어떻게하는게 나을까 평일엔 평균적으로 3소재는 허는듯 주말엔 메제 거의 채우고 조언 plz
2026-07-27,0,0,기타,안녕하세요 컴퓨터 질문있어요,CPU : I7-7700Q 그래픽 : GTX1050 메모리 : 8GB SSD : 256GB HDD : 500GB 노트북 이정도 사면 메이플 돌아갈까요?
2026-07-27,0,0,아이템,형님들 템 뭐 부터 교체해야 하는지 추천 부탁드립니다.,"현재 281 레테 입니다. 해방을 이번에 처음 해봤고, 검은 마법사 세렌 칼로스 격파 상태 입니다. 레벨 올리고 대적자랑 하이 메이린만 격파하면 챌린저 확정인 상황인데 템을 뭐 건들여야 할지 모르겠습니다. 소지중인 메소는 40억 가량 있고, 추가 현질 의사 있습니다. 20~30 정도.. 어떤 템을 우선적으로 건들여야 할지 조언좀 주시면 감사하겠습니다! [이미지] +) 이미지 누락되어 추가했습니다!"
2026-07-27,0,0,아이템,저 거공 먹었는데 사용해도 되나요?,지금 아직 해방 전이라 칠흑 2셋 여명3셋 보장 5셋 효과를 받고 있는데요 이번에 카오스 더스크를 잡다가 거공을 먹었어요 이걸로 해방 이후 칠흑 4셋을 가도 되는건가요? 아니면 그냥 팔아서 스펙업하는데 보태는게 나을까요?
2026-07-27,0,0,기타,200억 챌린저 가능한가요 고수분들의견이 궁금합니다,안녕하세요 이번 챌섭으로 복귀한 유저입니다 현재 상태가 레벨만 조금만 올리면 마스터이고 본섭 본캐에 제네시스 패스를 써서 챌섭캐릭은 해방은 어려울것 같은데 200억 정도 투자하면 챌린저 가능한가요?
2026-07-27,0,0,기타,챌린저 달성 목표 모멘텀패스vs다조 헥사,현재 레벨은 281 70퍼고요 챌린저 달성이 목표입니다 템환산은 53200정도인데 헥사환산이 43000정도더라구요 그래서 모멘텀으로 285를 찍고 하메포뻥을 받고할지 아니면 패스값만큼 다조를 사서 헥사를 올릴지 고민입니다
2026-07-27,0,0,기타,울티마 스쿼드 코인샵 본섭 실수,"울티마 스쿼드 2-10을 어렵게 깨고 어제 흥분해서 본섭에서 조각교환권을 수령했습니다... 챌섭에서 받아야하는데... 이거 챌섭으로 못돌리죠...? 코인 복구해도 구매횟수 복구 안되는 거 같은데 어차피 400개 모두 구입가능이라 의미 없고.. 이런건 문의해도 본섭에서 챌섭으로 안 옮겨주죠...? 이번에 복귀해서 패스도 사고 첼린저 찍어보려고 열심히 하는데, 뭔가 상심이 크네요.. 조각 100개 가량 손해봐서 메린이라 뭔가 게임하기가 싫어지네요.. 푸념이 길었네요. 여튼 저런건 안옮겨주시죠..? 비슷한 실수 하신 분 있으시면 조언부탁드립니다.."
2026-07-27,0,0,기타,하드메이린 목표 - 템셋 어캐해야할까요 ...?,"하드메이린 목표로 챌섭달리고 있는데요. 이번주에 해방이 되고나면, 전투력이 좀 오를거같긴한데 현재 갖고 있는 메소는 91억메소정도고, 템셋을 어캐해야 할까요? 현재 하드메이린 61퍼입니다 ㅠㅠ [이미지]"
2026-07-27,0,0,기타,챌섭 리프 시기 질문,본섭엔 유니온 9천 + 5석펫있고 챌섭엔 자석펫 피시방꺼만있는데 챌린저땃으면 넘어가도되나? 자석펫1마리 감질맛남 하드메이린때문에 그냥있는게 이득인가...?
2026-07-27,0,0,아이템,고수님들 스펙업 순서 훈수 좀 부탁드리겠습니다,9개 스펙업 순서 좀 정해주세요 제네 에디 레전/2줄 보조 에디 에/유/레전/2줄 미트라 42or51 블빈마 18성/유닉2줄/에디2줄 에스텔라 유닉2줄/에디2줄/프악공완작 골클벨 유닉2줄/에디2줄/프악공완작 데브팬 에디2줄 가엔링 에디2줄 마이링 22/27~30퍼/에디2줄 헥사스탯3 개방 및 떡작
2026-07-27,0,0,기타,챌섭 뉴비 2가지 질문 (대적자+헥사순서),4.1 레테고 노말세렌 이지칼로스까지 격파했습니다. 이지대적자 박는 중인데 도저히 1페 대쉬몸박스턴?? 이거땜에 정신 나갈거 같더군요. 그거 회피하면서 쉬운패턴만 패링해도 게이지 2칸~1칸 ㅇㅈㄹ 나서 1페 피 다 깎을때쯤 사출되는데 끈질기게 도망다니면 1페는 넘길거 같은데 이게 도저히 대시 4타? 가 너무 힘이드네요. 1타 거리로 피하고 2타 패링할라다가 실패하거나 1타 쳐맞고 기절걸려서 2타도 연속으로 맞는게 대부분... 그냥 이건 배율올리거나 박치기 말고는 없는건가요..? 150% 나옵니다... 두번째 질문.. 환산주스탯 보면 레테 헥사가 어느순간 갑자기 인보크2개랑 펠스톰이 9렙찍으라는 순서에서 14렙인가로 뻥튀기되는 구간이 있는데 이거 순서고 나발이고 인보크부터 14렙을 찍으라는건가요? 오류아닌가요?
2026-07-27,0,0,시세,유니크 3줄보조,유니크 윗잠 30 30 9 보조가 있던데 이거 사서 쓰다가 나중에도 가격 맞으면 팔릴만 한가요??
2026-07-27,0,0,아이템,대적자 코인 쓸 곳 질문드립니다.,"안녕하십니까 메짱 형님들, 스펙은 본캐 렌 292 환산 62000 부캐 레테 285 환산 47000 입니다. 해방무기, 보조는 본캐 렌 40 9 9 에디 18퍼, 12 30 9에 에디 18퍼(교가) 부캐 레테 40 35 30 에디 15퍼, 12 12 30에 15퍼(교가) 제네시스 플러스 패스를 샀는데 검마까지 보상만 쓰고 레테 해방무기의 옵션이 얼추 끝났습니다. 고점을 더 보냐마냐인데 렌이 아스트라 보조무기(잡 유에)가 있습니다. 앞으로 얻을 대적자블큐와 대적자화에큐 갯수 블큐 20개 + 340개 가능 (블큐로 모두 전환 시) 화에큐 20 + 160개 가능 (화에큐로 모두 전환 시) 질문은 1. 아스트라 보조무기를 레유로 최대한 만든다 - 교가 보조 팔고 스펙업 2. 레테 에디 레전 18퍼이상 본다(천장스택 110개) 에서 뭘 선택하는 게 좋을 지 입니다. 1번 2번 결론만이라도 알려주시면 참고하겠습니다. 읽어주셔서 감사합니다."
2026-07-27,0,0,아이템,혹시 3초뚝은 어떻게 맞추면 됨?,쌍레 윗잠2초 밑잠 1초 vs 윗잠에 3초 그냥 매물보면서 가격비교해야하는거?
2026-07-27,0,0,아이템,렌으로 버닝템 받았다가 레테로 갈아타면서 삭제했는데...,이거 복구는 못하죠? 만약에 버닝기간 끝난셈치고 비슷한 템을 산다면 얼마나 드나요?
2026-07-27,0,0,기타,그 메린이인데 챌섭유저 월드리프 언제하나요 ??,지금 보니까 월드리프가 8월19일까지라고 본거같은... 이거 혹시 선발대가있고 후발대가있고 그런건가요 ?? 리프를 1차 2차 나눠서하는건가요 ?? 아니면 8월19일전에 꼭 리프해야하는거에요 ??
2026-07-27,0,0,기타,울티마 스쿼드 장비 착용한거 원래 안보이는 거임?,ㅇ
2026-07-27,0,0,기타,피씨방 누적시간 초기화 당일 목요일은 누적시간 적용 안됨?,저번주 목요일 패치끝나고 피씨방에서 켜놨었는데 누적시간에 집계가 안되있네
2026-07-27,0,0,아이템,미트라 잡레전 사야할까요,지금 블큐가 출석 포함하면 70개정도 남는데 쓸곳이없어서 미트라 잡레전 사야하나 고민중이에요 근데 공21 에픽 공 6퍼로 가정하면 최종뎀 7퍼좀 안되게 오르는데 ㄱㅊ나요
2026-07-27,0,0,아이템,에테장갑 17>18 파방하시나여?,샤타떄 할건데 노작 현재 10억 언저리 하더라구요 원래 17>18 악세같은거는 절대파방안하는데.. 저번에 아케인으로 한번 데인경험이 이써서 고민이됩니다.. 다들 에테 장신망견 파방하시나여?
2026-07-27,0,0,아이템,복귀 메린이 입니다 놀장? 도미도 쓰이나요?,새로운 아이템으로 변경하나요? 아니면 팔수도 있나요?
2026-07-27,0,0,직업,291 메르 vs 281 레테 조언 부탁드립니당ㅠ,"본섭에서 291 환산 6.만 메르 키우고 있습니당 메르 처음 나왔을 때부터 하다가 5차 나왔을 때 접고, 챌1 때 다시 시작한.. 메르조아하는 사람이에여 제가 글 쓴 이유는 이번 챌섭에서 레테를 하는데 보스에서 너무 좋아서 본캐를 바꿔야하나 고민입니다..ㅠ 메르할 땐 패턴 피하면서 연계 넣기 힘들고, 제가 손컨도 안좋아서 딜찍만 하는 편이에여 근데 레테는 평딜이 자동이고 텔포도 있어서 배율 120-130% 몇번 트라이 하면 깨더라구요 ㅇㅅㅇ 그래서 레테로 본캐를 해야하나 싶은데 고민인게 있습니당.. 레테) 도전자셋 기준 투력 3800만.. 메르) 제네 윗잠 보40공12공9 / 에디 공21 어비스, 아린헤어ㅠ 백안조눈,헤헤ㅠ 커믹염믹렌ㅠ 심볼670(세금아까워용..) 레벨 291... 메르 위에 4가지가 너무 아까워서 고민이에여... 그래도 길게 보면 보스 잘패는 레테로 넘어가는게 맞을까요..?ㅠㅠ 의견 부탁드립니다 [이미지] Q 제목: ㅇㅇ (종료) 최대 1개 선택 가능 참가자: 14 명 26.07.30 10:35:59 마감 득표순 답변순 레테 (78.6%, 11표) 메르 (21.4%, 3표) 투표가 종료되었습니다."
2026-07-27,0,0,기타,챌섭 메소 어디다 써야하나요?,4.3이고 18유에 여명 다 했는데 이제 스펙업 어떻게 해야할지 모르겠습니다 생각중인게 1. 조각사서 헥사올리기 2. 어센틱 심볼업 3. 미트라 사기 4. 프펫 프악사기 5. 컨티사기 우선순위좀 알려주세요!
2026-07-27,0,0,기타,이후 스펙업 질문,"안녕하세여 매 챌섭마다 유입하는 복귀유저인데요, 현재 환산 50869이고, 하드메이린 + 하드세렌까지 잡고 있습니다. 듣기로는 이적자까지가 가성비 스펙업이랬는데, 가성비 따질거면 다른 캐릭터 스펙업하는 게 맞나요? 만약에 이 캐릭터로 쭉 스펙업한다고 하면 이제는 목표 환산을 잡고 스펙업을 하는게 맞겠죠? 칠흑 에테or아케인을 이제 구매해야하는 시기가 온 것 같은데, 어떻게 해야할 지 고민이네여.."
2026-07-27,0,0,기타,뉴비 질문있습니다,예전 소마하다가 이번에 렌으로해봤는데 .재밌어서 조금더 해볼려고합니다 현재 스우1인 지원 상자까지 받고 250인데 지금이라도 그 제네시스? 패스 사면 패스 기간안에 가능할까요?그리고 260까지 아무것도 강화 안하고 렙업만하면될까요?
2026-07-27,0,0,기타,올티마 전사 28때 망치와 디바이드 쓰고 자동돌리면 됨?,제목 그대로 전사 28됬을때 망치하고 디바이드 끼고 돌리면 됨?? 그리고 28 27 15면 2-4 자동이 맞죠??
2026-07-27,0,0,아이템,대적자코인 어디 쓰는게 나을까요,윗잠에 마력이 없어서 마력한줄이라도 띄워야할지 아니면 에디레전 혹은 유닠마력두줄 찾는게 나을지 고민입니다 보조에도 보공 한줄 있어서 마력이 필요할거같아서요 고수님들의 의견 듣고싶습니다
2026-07-27,0,0,기타,쌤들 환산 읽는법좀 알려주세요!,이러면 보통 말할때 환산 5.6이라고 하나요??
2026-07-27,0,0,아이템,안녕하세요 챌섭유입 메린이 해방무기 추옵질문입니다!,둘중에 뭐가 좋은건지 잘 모르겠어서 질문드려요 도와줘요 메쌤!!!
2026-07-27,0,0,기타,메린이 서버 고민입니다,"작년 여름 렌 챌섭에 유입을 해서 열심히 하다가 현생이 바빠 접었고 이번 챌섭에 다시 복귀했습니다 그때 했던 캐릭이 베라섭에 레벨은 284, 자석펫 1마리, 해방무기 이탈+에디21퍼 (이거 외엔 깡통입니다 마도서 정도?) 이렇게 있고 유니온은 없습니다 궁성비 쓰는 걸 까먹어서… 제가 하고 있는 고민은 284레벨에 해방무기+자석펫이 있는 베라서버에 갈지 아니면 스카니아로 가야 하는지입니다.. 플레이 스타일은 과금도 하는 스타일이고 사냥도 많이 하는 스타일입니다 지금 매일 메제 채우고 있구요! 여기저기 찾아보니 스카니아 루나가 최고라는데 석펫도 그렇고 레벨이나 해방무기도 너무 아깝더라구요 어떻게 하면 좋을까요?"
2026-07-27,0,0,아이템,챌섭 하드메이린 최소컷만큼 템셋 질문이요,제네무기는 윗잠 레전3줄 아랫잠 유니크2줄까지는 뽑아둔 상태고 보조랑 엠블은 원래는 사서 쓰려고 했는데 보마는 보조 매물이 너무 부족하고 비싸더라구요 방무 낀 보조가 좀 싸다길래 찾는데 매물이 없고 그냥 보조 레유 보공/공 3줄/2줄이 200억이 넘던데 이러면 그냥 블랙 보조나 교가 보조 직작하는게 나을까요? 메이린 82%인데 여기서 보조 엠블 바꾸면 최소컷 가능한 만큼 배율이 나오려나요 리4컨4는 있고 장신구는 4여명3보장 유니크 레어 미라클 나오면 에디 에픽으로 올릴 예정이고 주문서는 프악공 현재진행형입니다 두부위인가 세부위 남았어요 레벨은 283이고 모멘텀 패스샀고 하루 30분~1시간 사냥 썬데이 사냥 뜨면 메제채울만큼 사냥중이라 285는 근시일내에 찍힐거같습니다 이 페이스면 남은 기간동안 챌은 달 수 있겠죠?
2026-07-27,0,0,아이템,작을 새로 해주는게 나을까요?,[이미지] [이미지] [이미지] 이 템들 주흔 15퍼 작으로 바꿔주는게 나을까요..? 템환 6.5 헥환 5.4인데 제가 헥사가 많이 부족해서 이건 두고 헥사에 중점적으로 투자할까 했는데 환산에서 이걸 먼저 하라고 하더라고요 30퍼작을 밀고 15퍼작을 하는게 차이가 많이 큰가요??
2026-07-27,0,0,기타,복귀유저 질문드립니다!,이전에 엘리시움서버에서 250레벨까지 했던 사람인데 다시 시작하려는데 뭐부터 해야하나요...? 챌섭은 또 몬가요ㅠ
2026-07-27,0,0,기타,챌섭에서 엔버링크 사용 ㄱㄴ?,챌섭시작한 보마 인데 다른 챌섭영상보니까 엔버링크쓰는걸 봤는데 챌섭에선 링크스킬 사용못하는거 아님? 사용할수있는 방법이 따로 있는거임?
2026-07-27,0,0,아이템,메짱이 선생님들 대적자코인 어디에 써야할지 모르겠습니다,"이번에 해방 처음해본 뉴비입니다. 운이 좋아 현재 이런 상태인데, 대적자 코인을 이제 어떻게 써야하는지 감이 안잡힙니다.. 도와주세요"
2026-07-27,0,0,아이템,2석펫 vs 쌍레 보조 맞추기 고민됩니다,현재 보조는 윗잠 레전 보공40 공12 두줄에 에디 에픽 공1줄 쓰고있는데 먼저 보조를 180억정도 투자해서 맞춰줄지 자석펫 하나 있는데 회수가 불편해서 2석펫 맞춰주고 싶은데 보조를 맞추고 상위보스를 가는게 효율적인지 고민이되서 글 적어봐요 하루에 사냥은 3~4시간 가량 합니다
2026-07-27,0,0,아이템,9000만 캡틴 스펙업 어떻게 해야할까요,닉 : 캡틴황인준 우선 챌린저 목표로 하고있고 이지카링과 이후에 나올 이지 벨로나까지 목표로 하고 있습니다. [이미지] 위는 현재 아이템 상황입니다. 스펙업 우선 순위와 미트라를 가야하는지가 궁금합니다. 꾸준히 메이플 하며 쌀 안팔고 스펙업 할거같습니다. + 사냥하면서 나온 조각은 팔아서 템을 사야할까요 강화를 해야할까요? [이미지] 헥사는 3까지 떡작 해놨습니다.
2026-07-27,0,0,기타,[사전월드리프] 여러 서버로 이동 불가 관련 문구 문제,"안녕하세요. 현재 챌린저스2 서버에서 레테 캐릭터를 육성 중이며, 같은 서버에서 업적 달성을 목적으로 소울마스터 부캐릭터들도 함께 육성하고 있었습니다. 제 계획은 레테 캐릭터는 기존에 플레이하던 루나 서버로 이전 하고, 업적용 부캐릭터들은 루나가 아닌 아케인 서버로 이전 하는 것이었습니다. 캐릭터 창 정리도 함께 할 겸 금일(27일) 00시경 업적용 부캐릭터들을 먼저 아케인 서버로 이전했습니다. 월드리프 진행 중 ""선택한 캐릭터를 한 번 옮기면 다른 서버로는 옮길 수 없다.""​ 라는 안내 문구를 확인했습니다. 저는 해당 문구를 '이전한 해당 캐릭터는 이후 다른 서버로 다시 이전할 수 없다'​ 는 의미로 이해했습니다. 그러나 첫 번째 부캐릭터를 아케인 서버로 이전한 뒤 두 번째 부캐릭터를 이전하려고 보니, 다른 월드는 선택할 수 없고 이미 선택했던 아케인 서버만 선택 가능한 상태였습니다. 그제야 캐릭터별로 이전 서버를 선택하는 방식이 아니라, 챌린저스 월드에서 이전하는 모든 캐릭터가 동일한 월드로만 이전 가능하다​ 는 의미였음을 알게 되었습니다. ※ 즉, 저는 해당 문구를 통해 특정 케릭터(A)를 '가' 서버로 옮긴 뒤 잘못 옮겼다고 '나'로 다시 옮길 수는 없다고 이해한겁니다.. 제 문의의 핵심은 레테 캐릭터를 루나 서버로 이전할 수 있도록 예외적인 조치가 가능할까? 입니다. 이미 아케인 서버로 이전한 부캐릭터 3개는 동일 직업 200 레벨 10회 찍기 업적 때문에 키운 것이기 때문에 삭제해도 되는데요.. 방법이 없을까요? 또한 이번 시즌부터 여러 캐릭터를 각각 다른 서버로 이전할 수 없도록 변경되었다는 사실은, 이후 메이플 인벤 등 커뮤니티를 통해 확인하게 되었습니다. 저는 이번 시즌 복귀한 유저로, 이전 시즌과 달라진 정책을 사전에 인지하지 못했고 관련 공지 또한 별도로 확인하지 못했습니다. 물론 공지사항을 확인하지 못한 점은 제 책임이지만, 현재 게임 내 안내 문구만으로는 저처럼 복귀 유저나 신규 유저가 '캐릭터별 재이전 제한'으로 충분히 오해할 여지가 있다고 생각합니다. 실제로 저는 해당 문구를 그렇게 이해하여 의도와 다른 결과가 발생했습니다. 게임 내 안내 문구의 해석상 혼동이 발생할 수 있는 상황이었다는 점 을 말씀드리고, 이와 같은 사례를 고려하여 예외적인 요구가 가능할지.. 여쭙습니다. 더불어 저와 같은 피해자가 추가로 발생하지 않았으면 하는 마음으로 글 남깁니다.."
2026-07-27,0,0,아이템,레테 보조 190억~220억 대 사이선에서 뭐가 더 좋은 매물일지 질문드립니다,아직 해방 못했고 검마 잡으면 바로 해방이라 비싼 보조 사서 검마 잡고 해방하려는 마인드로 보조 구매 기다리고 있습니다 [이미지] 이건 195억짜리고 [이미지] 이건 199억 [이미지] 얜 205억 [이미지] 얜 210억 [이미지] 얜 215억입니다 어떤 보조 구매하는게 좋을까요..?
2026-07-27,0,0,아이템,윗잠재 어떤 걸 선택해야 할까요?,"렌 281 유저인데 제네무기 윗잠 돌리다가 아래처럼 나왔는데 어떤 것을 골라야 할지를 모르겠어요.. 둘다 유효3줄은 아니지만,, 환산주스텟에서 어떻게 비교를 하는 지를 모르겠습니닷..ㅜ 어떤 것을 골라야 할까요?"
2026-07-26,0,0,기타,복귀뉴비 두가지 질문드려요,"이번에 복귀해가지고 챌린저스서버에 캐릭 5개 만들었습니다. 하이퍼버닝해서 지금 260까지 했고, 나머지 4개 캐릭은 200을 만들었는데 여기 질문게시판을 보니 몇몇분들이 200레벨로 바로 업할 수 있는 아이템을 받았다는데 그건 어떻게 받는건지 두번째는, 하이퍼버닝으로 260까지는 쉬웠는데 200까지 만들었던 캐릭들은 이후에 레벨업을 어떻게 해야되나요? 200찍고 소멸의 여로에서 사냥하는데 경험치도 되게 안오르는데 그냥 노가다처럼 사냥하는것 말고는 없나요?"
2026-07-26,0,0,기타,울티마 전사 24렙엔 어디가요?,2-1은 89초 나오는데 계속 도는게 맞나요?
2026-07-26,0,0,기타,울티마 전사 사냥스킬 알려주실분,"전사 디바배우면 오라 , 해머 , 디바 중에 사냥스킬 2개 멀로 사냥하시나요?"
2026-07-26,0,0,몬스터,하드메이린 최소컷,최소컷까진 아닌데 자꾸 3~4퍼차이로 안깨지네요… 혹시 5차초기화 뜨면 언제 써야할까요??
2026-07-26,0,0,아이템,전승주문서 관련해서 질문있습니다!,안녕하세요! 보조무기 전승 관련해서 질문있습니다! 캐시샵에 있는 에디셔널 전승주문서를 이용해서 보조무기 전승을 하려고 하는데요! 현재 제가 사용하고 있는 보조무기는 트레저 카르트를 사용하고 있습니다. 혹시 일반 교환가능 데르니에 카르트에서 트레저 카르트로 에디셔널 전승주문서로 전승이 가능할까요?? 답변 주시면 감사하겠습니다!!
2026-07-26,0,0,아이템,딸농 추경,딸농도 메카나 블루베리농장처럼 추경없어도 된다고 나와있는데 그럼 정펜이나 혈반이런것도 적용안되는거?
2026-07-26,0,0,아이템,"""자석펫 장착 vs 팔고 템셋팅""","메짱 여러분 인사 올립니다.. 이제 막 검마를 잡고 해방을 완료한 렌 입니다. 검마를 잡고 기쁜 마음으로 원더베리깡을 했는데 운이 좋게도 자석펫을 뽑는데 성공하였습니다. 메짱분들께 여쭤보고자 하는 것은 앞서 제목과 같이, 자석펫을 장착할 것인가 vs 자석펫을 팔고 템을 맞출 것인가 입니다. 사냥은 하루에 1~2소재 정도만 진행하고, PC방을 꾸준히 다니고 있기에 2달치 자석펫은 가지고 있는 상태입니다. 자석펫을 판매하면 수중에 약 270억 정도 를 가지고 있게 됩니다. 현재 장신구는 벨트와 도미, 반지를 제외하고는 모두 17~18성 유에 상태이고, 보조는 레에 2줄 1줄을 사용하고 있습니다. 엠블렘은 기본 엠블렘에 유니크 레어 1.5줄 1줄 상태입니다. 드메템을 맞출까도 고민을 하고 있기는 한데, 하루 사냥을 많이 하는편이 아니라 고민중이긴 합니다. 메짱 여러분들의 현명하신 고견 부탁드립니다."
2026-07-26,0,0,아이템,챌섭 뉴비 보조무기 질문 드려요,이번에 챌섭에서 시작한 렌 뉴비인데 보조무기 돌리다가 방무포함 3줄 떴는데 보공효율이 좋다고 들어서요... 그래도 3줄이니 쓰는게 맞을까요? 아니면 보공 2줄이니 보공 써야할까요??
2026-07-26,0,0,기타,환산주스텟,"[이미지] [이미지] [이미지] 환산주스텟을 보고있는데 몇가지 질문이 있습니다 1. 아이템 옆에 숫자는 뭐고 왜 보조무기 숫자가 마이너스인지 2. 나머지 환산 그래프, 스펙효율 수치가 어떤걸 의미하는지 모르겠습니다"
2026-07-26,0,0,기타,챌섭 관련 질문,제가 본섭에서 준비해놓은 아이템이 있는데 이런 경우에는 보통 챌섭에서 280까지만 달리고 조기 리프하는 편인가요? 아니면 그냥 본섭에서 키우는게 효율적인가요?
2026-07-26,0,0,기타,버닝 비욘드 캐릭을 리프시키면 다른 캐릭터에게 가능할까요?,"기존에 270까지 키운 캐릭을 다른 서버로 리프 시키고, 테라 버닝 200만든 후에 260까지 올린 캐릭터에게 버닝 비욘드 효과를 주고싶은데 가능할까요? 아이템 버닝 플러스는 포기하구 버닝 비욘드라도.."
2026-07-26,0,0,아이템,도미펜 직작하는거 어떻게 생각하시나요?,현재 제 탬세팅입니다. 노작 도미펜이 15억이고 18성 주스탯 15%가 43억정도 합니다 노작으로 만들려는 이유는 경매장에 올라와있는 18성들은 가위 상태가 좋지 않아서 차라리 만들어보려고 합니다 혹시 도미펜말고 맞춰야 하는 템이 있을까요? 장신구 18성샤타포스때 맞추려고합니다 [이미지]
2026-07-26,0,0,퀘스트,울티마 2-6깨고 전사 스킬 뭐끼나요?,디바이드 새로 배웠는데 어떻게 껴야함? 파밍용
2026-07-26,0,0,시세,미트라 엠블 잡레 관세 합해서 70억 사도될까요?,제목 그대로에여 ㅠㅠ 어제만해도 관세없이 57억정도하는게 오늘 이렇게 뛰어서 사는게 맞을지 좀더 기다릴지 고민이에여...
2026-07-26,0,0,직업,뉴비입니다!! 질문있습니다,예전 소마하다가 이번에 렌으로해봤는데 .재밌어서 조금더 해볼려고합니다 현재 스우1인 지원 상자까지 받고 250인데 지금이라도 그 제네시스? 패스 사면 패스 기간안에 가능할까요?그리고 260까지 아무것도 강화 안하고 렙업만하면될까요?
2026-07-26,0,0,아이템,제네무기 공1추 vs 공2추 보공 12퍼,나중에 리레 효율 생각하면 전자가 맞나요 ? 공1추 + 주스탯 60 붙어있긴 합니다 뭐가 더 좋을지 모르겠네요 ㅠㅠ 직업은 카인입니다
2026-07-26,0,0,직업,"나로, 나워 본캐 튜표해주세요","기기 Q 제목: 본캐 추천 (종료) 최대 1개 선택 가능 참가자: 9 명 26.07.27 19:05:59 마감 득표순 답변순 나워(점캔 잘못함) (55.6%, 5표) 나로 (44.4%, 4표) 투표가 종료되었습니다."
2026-07-26,0,0,기타,샤타만 한달에 한번인가?,"미라클타임은 안하나요 왜 지난번에 미라클먼저햇는데 사람들 분위기가 무조건 샤타라고 생각하는거같지 레잠두장 다써버려서 해방무기 미라클타임기달리고잇는데,,"
2026-07-26,0,0,아이템,에디 3줄만 보고 팔만 한가요?,에디 똑같이 필터 걸어서 보면 완작?들만 있는데 에디만 보고 팔면 얼마 정도에 팔릴까요? 당연히 싸면 팔리겠지만 그 최소치 정도가 얼마일까요?
2026-07-26,0,0,기타,250물약 사용처 질문,"챌섭 끝나면 스카니아로 갈 예정이라 스카니아에 200물약 먹이면서 링크+유니온 키우고 있는데용 250물약은 어디다 쓰면 좋을까요? 검색해본 결과와 제 생각으론 1. 은월,메르에 먹이기 2. 유챔용 부캐릭 만들어서 일퀘,몬파 경험치 먹이며 키우기 (보마나 렌 할 예정)"
2026-07-26,0,0,직업,썬콜 몇만까지 괜찮나요?,썬콜 환산 몇만부터 몇만까지 괜찮나요? 7-8만 생각중인데 키울만할까요
2026-07-26,0,0,아이템,메쌤들 반지 질문있습니다!,지금 반지 한부위가 이거라서 마이링을 하나 맞출까 고민중인데요 24퍼는 11억 27퍼는 27억 30퍼는 36억 하더라구요 현재 메소는 30억정도 있는데 어떻게 하는게 좋을까요?? 아 직업은 렌이예요!
2026-07-26,0,0,기타,현재 챌린저스 서버 282렙인데..,일퀘만하고 보스만 잡고 재획은 안하는 기준에서 모멘텀 패스사고 꾸준히 하면 285 찍히나요?
2026-07-26,0,0,기타,경매장 관련 질문,"이번에 챌섭,본섭 경매장이 통합되었다고 들었는데 그러면 본섭에서 미리 구매하고 보관중인 아이템을 챌섭에서 받는 게 가능한가요?"
2026-07-26,0,0,직업,스킬 이펙트 문의,제가 점부한 사진에 캐릭터 주변의 이펙트 어떤 직업 어떤 스킬인지 아시는 분 계실까요? 저는 라라인데 무슨 스킬을 서봐도 저 이펙트가 안나와요.. 근데 진짜 진짜 가~~~끔 한 1~2주에 한 번씩 사냥 때 저 이펙트 잠깐 떴다가 몇초 뒤에 사라지거든요ㅠㅠ 아시는 분 꼭 댓글 부탁드리겠씁니다 [이미지]
2026-07-26,0,0,아이템,메선생님들 질문 있습니다.,트왈마 22성 윗잠 24퍼짜리로 샀는데 쭉 써도 무난한가요?
2026-07-26,0,0,아이템,챌섭 프악공작 기준,보통 하메 템세팅 말할때 장신규들 프악공작으로 하는게 보통이잖아요 근데 놀긍 떡작으로 오른 마력이 프악공작 한거랑 2~4정도 밖에 차이 안나도 그냥 프악공작 할까요?
2026-07-26,0,0,아이템,제네패스 플러스 사는거 굳이일까요??,해방무기 윗잠 보보공 아랫잠 21퍼인데 제네패스플러스 굳이 살필요 없을까요?? 아님 사서 에디라도 돌려보는게 나을까요???
2026-07-26,0,0,아이템,내 뒤에 나 + [마라벨]환호지선 질문,환호지선에 그 여우도 크게 나타나나요?
2026-07-26,0,0,기타,챌섭 코인샵 물품 리프,유잠이나 17성 강화권 이런거 다 리프되나요??
2026-07-26,0,0,기타,..이벤트핑크빈이거잡으라고만든거맞음?,계속 피충해서 못잡는데[ 적정레벨이 몇인가요?
2026-07-26,0,0,기타,챌섭 오늘기준 어디까지 가능해요?,이제 만점 조금 넘었구요 오늘 챌패스사서 280렙 찍었어요 제네패스등등안샀는데 어디까지 될지 간보고 살려고하는데 얼마나 갈수잇을까요 야누스20달달해보이는데 챌은 어렵겟죠?
2026-07-26,0,0,아이템,대적자 코인 사용 질문,이번주 대적자코인 어디에 써야할까요? 추옵은 2추 + 16퍼입니다
2026-07-26,0,0,아이템,챌섭 부캐 에디 레전 천장 사용처 질문,챌섭 부캐 지금 제네 무기 에디 유닠 마력 15%이고 화에큐 레전 천장까지 10번 남았는데 에디 레전천장을 끼고있는 애완미트라에 줄까요? 윗잠은 정옵이라 남는 대적자 큐브는 본섭 본캐 or 본섭 부캐 제네무기 정옵도전 하려고합니다
2026-07-26,0,0,기타,검마 솔격 문의용,헥환 3.4~5 사이정도나오고 30일까지 조금더 오르긴 할 것 같은데... 지금기준 환산에서 174% 정도 배율 나오거든요 포뻥 렙뻥 다 받는상태이고 챌섭 레테인데 검마 솔격가능할까요..? 60분 시절에 예~~~~~엣날에 섀도어로 팟격 1번밖에안해봐서.... 살아남긴 했었는데 두번할짓은 아니다 하고 안해봤었거든요 그러고 접었다가 복귀한건데..
2026-07-26,0,0,기타,현재 적용중인 프리셋과 동일합니다 어케 나오게 해요?,이 프리셋 변경버튼을 단축키에 올려놓고 틱마냥 여러번 눌러서 확인하는 습관이 있는데 현재 적용중인 프리셋과 동일합니다 문구가 채팅창에 뜨잖아요? 근데 챌섭캐릭터에는 뜨는데 어느순간부터 본섭캐릭에는 안떠요...제가 뭘 건든걸까요...?
2026-07-26,0,0,아이템,템 가격이 이상해요,[이미지] 둘다 38%이고 첫번째는 230억 아래껀 83억에 팔려있는데 원래 이렇게 차이가 심한가요?
2026-07-26,0,0,기타,울티마 2-6 깨고 어디서,사냥하나요? 다시 2-1인가요??
2026-07-26,0,0,아이템,뉴비 질문드립니다,이번 아버하버 캐릭잘못골라 새로키우고있습니다 본섭에서 새로키우는데 템셋을 어떻게해야할지 모르겠네요 일단 이렇게맞추엇고 장신구는 17성 15퍼공10 여명 하나씩살려고합니다 무기는 임시템이고 레유 21퍼에디15퍼정도로 살까합니다 돈은 40억정도있네요 [이미지] 일단 이렇게맞추엇고 장신구는 17성 15퍼공10 여명 하나씩살려고합니다 무기는 임시템이고 레유 21퍼에디15퍼정도로 살까합니다 돈은 40억정도있네요
2026-07-26,0,0,아이템,고수님들 잠재 이거 뭐가더 효율이 좋을까요?,셋다 효율받는 옵션이 더 좋을라나요?
2026-07-26,0,0,아이템,다음아이템 뭐바꿀지 추천해주는사이트 이런건없어??,"여기서 보조무기 50억에 전투력 1300올리던데 여태모은돈으로 사고, 이제 알고있는 지식 끝나서 담탐매물 슬슬찾아야하는데 그다음 뭐바꿀지 하나하나 템마다 전투력높은순해서 돈계산해야하던데 막 추천해주는 사이트같은거없나 환산은 스타포스만 올리라 되어있어서,. 술먹고 칠흙3개사서 메멘토까지돌려서 템이런건 눈감아줘,. [이미지]"
2026-07-26,0,0,기타,키보드 꾹이 안먹히는데 필터키 문제인가요,"원래 외부 필터키만 쓸데도 잘 됐고 인겜 필터키 나왔을때 인겜, 외부 같이 써도 잘 됐는데 오늘 어느순간부터 외부꺼가 켜져있으면 간헐적?으로 꾹이 아예 안먹히고 한번만 입력되는데 왜 이런지 아시는분있나요"
2026-07-26,0,0,아이템,플라즈마 하트 변환 질문이요!,"지금 페어리하트에 30%작 해두었는데 2회 복구 못한 상태입니다. 이대로 변환하고 순백2장 성공 시키고 다시 바르면 되는건가요? 아니면 현재 옵션 그대로 전승되고, 거기에 추가로 하트10작을 할 수 있게 되는 건지 궁금합니다!"
2026-07-26,0,0,아이템,전투력 1억 아델 하드메이린 목표,보조무기가 유니크 윗잠 공9퍼 보공 30퍼 아랫잠 공6퍼 보조무기 교체 필요할까요?
2026-07-26,0,0,아이템,자석펫 vs 스펙업,복귀 뉴비 운좋게 검마 처음 잡고 창뱃을 먹음 이거 팔면 총 190~200억 있는건데 1. 자석펫 분양하기 2. 레유 해방 무기 / 레에 보조 에디 메소로 등업 원래 메소 없어서 해방무기에 그냥 화에큐 등업으로 꼬라박 할 예정이었는데 선택지가 생김 보조는 블랙보조인디 무기 메소로 등업 시켜보고 상황따라 질러볼 예정 메짱행님들 뭐가 더 좋아보임
2026-07-25,0,0,아이템,완전 첫 캐릭으로 키우는 메린이인데…첫 해방후 어떻게해야할지에 대해서,"[이미지] 안녕하세요 완전 메린이인데 검마솔격을 해내서 결국 이번주 해방을 하고 제네패스 플러스까지 사서 모든 큐브랑 검환불이랑 다 써봤는데 앞으로의 방향성을 어떻게 잡아야할지 모르겠어서 질문드립니다! 1. 윗잠, 추옵, 아랫잠 중 가장 우선이 무엇인지 알수있을까요? 2. 대적자 큐브를 이번주 세렌미션까지 깬거는 다 썼는데 다음주부터 앞으로 쭉 받게될 대적자 큐브는 블큐가 나을까요? 화에큐가 나을까요? 3. 메소도 써야하나요?? 4. 제네무기, 보조무기 중에 뭐가 우선일까요 메소를 쓴다고 하면? 메린이라 궁금해서 질문이 너무 많아 죄송하지만 답변해 주시면 정말 너무 감사드리겠습니다. 확성기 살 메소도 없어서 물어볼곳이 없네요ㅠㅠㅠ"
2026-07-25,0,0,기타,어제 막 챌찍은 메린이 진로질문있습니다,루시드버닝때 유입되서 내실은 유니온8000대에 4석펫보유중인상태고 이번챌섭때 아델 제논중고민하다 아델로 어제딱 하메잡고 챌찍은상태입니다! 앞으로 계획이 노칼에서 주차하고 그후엔 5석펫맞추고 쭉 메소모아서 그메소로 담챌섭 제논키워서 둘중에 더재밋는걸 본캐로 나머진 부캐로 하려는데 이 루트 괜찮아보이나요?? 혹시 더 효율적으로 괜찮은 방법있으면 추천해주시면 감사하겠습니다!
2026-07-25,0,0,직업,카데나에 대한 질문입니다,제 친구가 카데나를 키우고 있는데 극딜을 사용하면서 판테온을 사용한다고 해서 제가 해도를 왜 사용하냐고 물어봤는데 카데나 극딜을 보면 무조건 판테온을 사용해야한다고 하더라고요.. 근데 제 생각엔 이미 딜이 충분한 상태에서 보스를 못깨는 것이라면 굳이 판테온을 극딜을 사용할 때 사용하는게 좋은지 의문이 드네요.. 이것에 대해서 답변을 달아주시면 감사하겠습니다.
2026-07-25,0,0,아이템,제네시스 무기 잠재 질문입니다.,제 제네무기가 사진과 같이 정옵 3줄에 깡 1추 에디 유니크 15퍼를 뛰운 상태입니다. 윗잠재는 그대로 사용할 생각이고 추옵과 에디를 고민하고 있는데 카링까지 잡고 얻는 제네플 코인 4500개를 추옵과 에디 어디에 사용하는게 좋을까요? 주위 사람들한테 물어봐도 둘다 애매하다고 해서 질문드립니다. [이미지]
2026-07-25,0,0,아이템,첫해방 뉴비 렌 템진단 부탁드려요 하드메이린 잡고싶어요,[이미지] [이미지] [이미지] [이미지] 에테모자랑 상의 끼고 3에테셋 + 나머지 도전자 or 18성 유니크 아케인 vs 21성 찐도미 뭐가 가장 나을까요? 그냥 조각사서 헥사스킬이나 올려야 할까요?? 하드메이린이 안잡혀요 ㅠㅠ
2026-07-25,0,0,기타,만약 하버 하나를 더 주면,지금까지 하버 준거로 참고해보면 지금 챌린저스패스를 새 하버 케릭한테 먹여줄수있나요?
2026-07-25,0,0,직업,렌인데 하드 메이린 최소컷 질문,환산주스탯 기준 영끌해서 100.8% 최소컷 뜨는데 직업은 렌이고 어제 93%대에서 시도했다가 피 맛 봤는데 (기믹 다 성공하고 실수 없었는데 23퍼 타임아웃) 100.8은 클리어 될까요..?
2026-07-25,0,0,아이템,헤어 정보 찾고싶습니다,해당 사진의 헤어 정보좀 알수있을까요...? ㅠㅠㅠㅠ 부탁드립니다
2026-07-25,0,0,아이템,챌섭 레테 제네무기 큐브 한번봐주세요 ㅠㅠ,좌우 어느걸 해야할지 ㅠㅠ
2026-07-25,0,0,기타,1분 동꼽은 제재 위험 없나요?,동꼽이란거 처음으로 알아서 렌으로 속사기 동꼽 해보고 있는데 에르다 땜시 1분마다 움직여야 하는데 이런건 안 위험하죠? 막 3분 넘어가거나 그러면 위험함?
2026-07-25,0,0,아이템,메린이 제네무기 상담,메짱 형님들 진로좀 봐주십쇼 윗잠은 정옵뽑았고 아랫잠은 유니쿠 15퍼 뽑았는데 제가 이전에 해방한 캐릭 경험상 레전올려도 공두줄 뽑는데 천억을써서 그냥 올리지말까 싶은데 패스플러스 공짜큐브 앞으로 한참 남은거같은데 어떻게 처리할까요 혹은 그냥 등업 시키는게 맞을지요
2026-07-25,0,0,기타,헥사스탯 그냥 바로바로 강화해도 되나요?,"일요일에 가끔씩 메인스탯 확률증가였나? 이벤트했던 기억이 있는데 떡작만 할거면 굳이 안기다리고 환산주스탯 순서에서 1,2,3 올때마다 바로바로 해도 상관없을까요?"
2026-07-25,0,0,직업,부캐 육성,챌섭 레테로 챌 찍고 나니 성장도 더디고 보스 치는 맛이 없어서 썬콜 키우려고 하는데 검마정도까지 잡으려면 템세팅 어느정도 해야되나요? 레벨은 250비약 먹인후 사냥 틈틈히 해줘서 올려도되고 장비는 18강화권 쓸곳없어서 아케인 발라서 주려고 합니다 무기를 구해야되서 아케인이나 앱솔 18성 레전5줄 15억이길래 그거로 될까요?
2026-07-25,0,0,아이템,제네무기 윗옵 이거 어떻게해요..?,[이미지] 이렇게 떴는데 뭐 나올 따까지 돌려야해요? 이탈은 이탈인 거 같은데… 메린이라 잘 모르겠네요ㅠㅠ 스탑하고 에디 돌릴까요? 에디는 묘하게 불편해서… 참고로 챌섭 제네패스입니다
2026-07-25,0,0,아이템,보조 무기 질문...,보조 매물이 없어서 제네무기 윗잠 보보공인데 일단 보조도 윗잠 보보공 이렇게 가봐도 되나...? 200억원대임 현재 헥환은 4만대입니다.
2026-07-25,0,0,기타,닉옮기기문의드려요,챌 3시즌에는 닉익스프레스도 있었다던데 이게 그.. 같은 넥슨 계정 메이플 id 여러개 중에 다른 아이디거도 옮길수있나요?
2026-07-25,0,0,아이템,아란 제네무기 추옵인데 둘중 뭐가 더 좋나요?,알려주세요..
2026-07-25,0,0,아이템,메린이 렌 보조 윗잠 두줄 매물 사도 되나요?,"이번 챌섭 유입 메린이라 보조를 어느정도로 사야될지 모르겠는데 그 유튜브로는 레전 두줄짜리로 된다고 해서 이런걸 찾아봤어요 40억입니다 다조 있는거 팔면 딱 돈이 되가지고 이거 사고, 장신구는 966 둘둘하고 샤타때 18성찍고 나중에 미트라 깡통 사서 레잠 바르고 애완 미트라를 키울까 하는데 그래도 괜찮을까요?"
2026-07-25,0,0,몬스터,이적자 이지카링 초행,배율은 충분할거같은데 개똥손이라 .. 대가리박으면 얼마나걸릴까 ? 아델임
2026-07-25,0,0,기타,아버 하버 다 놓친 후발대인데..,"현재 281렙 71%까진 따라잡아 두었는데, 하드 메이린 잡고 챌 달성이 가능할지 질문드립니다 다음주 해방 예정이고 현재 템 상태는 사진에 첨부해두었는데, 저 상태에서 장신구들 전부 18성 달 예정이고, 매커는 도미 유에 18성으로 교체 예정입니다. 아직 카레유잠을 각 1장씩을 안 쓰고 남겨둔 상태인데, 깡통 미트라에 쓸지 제네무기에 쓸지 고민중입니다. 제네플까지 전부 구매 예정이라 해방큐브는 꽤나 넉넉한 상태긴 한데, 어떻게 하면 챌린저 달성할 수 있을지 많은 조언 부탁드리겠습니다. 직업은 일리움입니다. 감사합니다"
2026-07-25,0,0,기타,리프 관련,"아예 새아이디로 시작했는데요, 챌섭본캐는 챌섭에 놔두고 나중에 부캐하려고 하는걸 미리 리프해서 몬파나 이런거 매일 먹이려고 하는데 하나라도 옮기면 본캐의 기존 챌섭 패스나 결계등이 사라지나요?"
2026-07-25,0,0,아이템,그레이 트레이닝 팬츠,이거 무슨 코디템인가요 검색해도 정보가 1도 안뜨는데
2026-07-25,0,0,기타,넥슨온 조이스틱이랑 단축키 버튼이 없어요,어디서 설정하나요
2026-07-25,0,0,기타,메짱형님들 환산주스탯 헥사코어순서 어떻게보는건가요?,제가 망혼이 9렙인가밖에안되는데 헥사코어 뚫고나면 선참 8찍을때까지 계속 선참만 찍고 그 후엔 망혼 14레벨 찍을때까지 계속찍으란 얘긴가요?..
2026-07-25,0,0,기타,플하 업글 모듈 사서 리프 되나요?,챌섭 상급 코인샵에서 플하 업글 모듈 사서 본섭으로 가져갈수있나요
2026-07-25,0,0,아이템,복귀 뉴비인데 챌린저스에서 장신구 직작 해도 되나요?,6년 전엔가 하고 오랜만에 복귀했습니다. 장신구부터 맞추려고 하는데 그냥 쌩 물건 사서 착용하고 추옵 돌리고 코인샵 유잠이랑 에픽 에디셔널 발라서 코인샵 큐브로 등업 및 옵션 노려도 될까요? 그냥 작업된거 사는게 이득인가요?
2026-07-25,0,0,기타,제네패스 질문있습니다,이제 갓 시작한 뉴비인데 제네패스 이거 하나만 사서 찍먹해봐도 될까요? 그리고 지금 사도 다깰수있을까요
2026-07-25,0,0,기타,챌섭자석펫 본섭리프시키는방법 가능한지?,이번에 챌섭에 3석펫맞췃는데 285찍고 본섭넘기고싶어서그런데 제로생성해서 3석펫 인벤토리 넣어두고 리프하는방법으로 챌섭>본섭 3석펫 넘겨도 되는거죠? 안되면 다른방법 잇을까요?
2026-07-25,0,0,기타,울티마 스킬컨 하는법 뭔가요?,전사 스킬 바꿨다 꼈다 하면 마나때문에 더 못밀던데 방법이 뭐에요?
2026-07-25,0,0,기타,딱 5만원만 지른다면 뭐 살까요?,"와이프 한테 현질 5만원 허락 받았는데 챌린저스 패스랑 제네 패스는 이미 샀고 챌린저스플러스, 제네플러스 or 모멘텀 패스 둘중 하나 고민중입니다; 해방은 30일 예정입니다 렙은 281 일단은 본캐인데 유챔만 하고 다음 챌섭나오면 본캐를 바꿀수도있습니다"
2026-07-25,0,0,시세,공 51 22 앜블 시세 질문드립니다!,공 51 22 앜블 얼마정도면 살만할까요 경매장에 500억 짜리 있긴한데 노관세입니다. [이미지]
2026-07-25,0,0,아이템,이지카링돌이 세팅하려면...,직게 분위기가 좋지 않지만 컨셉 하나보고 메르를 시작했습니다! 다만 챌섭이 아닌 본섭에서 키우려고하는데 혹시 템세팅을 어떻게 하는게 좋을까요? 쿨뚝 같은 경우에는 그냥 2초 끼고 있다가 9월 밸패를 보고 추가적으로 넘어가는 것이 좋을까요? 보조무기는 그냥 정옵 5줄 중에서 가장 싼것을 구매하면 되는 것 일까요..? 직접 템을 맞춰본 적이 없고 유튜브 영상을 봐도 이해가 잘 안돼서 유저분들께 조심스럽게 여쭤봅니다! 제네패스가 없어 해방이 늦겠지만 이지카링 솔플까지 목표로 잡고 있습니다! 감사합니다.
2026-07-25,0,0,아이템,아버 22성,21에서 22성으로 올리면 공격력 총 몇 오르는 지 알 수 있나요?
2026-07-25,0,0,기타,피시방 혜택에 자석펫이 있나요???,"피시방가서 자석펫 쓰라던데 안간지 꽤 오래되서 무슨혜택이 있는지 기억이 안나서 피시방가면 파엘,pc방 훈장주는거처럼 자석펫도 쓸수있나요?"
2026-07-25,0,0,아이템,제네무기 잠재 관련 질문,안녕하세요. 1. 현재 윗잠 보공 35 보공 30 보공 30 2. 현재 에디 잠재 : 공 21% 제네플러스 큐브는 블큐사서 윗잠 돌리는게 맞겠죠?
2026-07-25,0,0,기타,챌삽에서 리프하면 환산이 오르나요?,이번에 챌섭첨해보는데요.. 본섭리프하면 환산이오르나요? 유뇬 9500 유뇬아티팩트 풀강 뭐이정도면요. 오른다면 대략적으로 얼마정도오르나요?
2026-07-25,0,0,아이템,뉴비 에디 질문점,제네무기 에디가 이제 천장인데 그냥 레전 가는게 나을까요 플라즈마 하트로 천장쓰고 대적자큐브로 다시 레전 가보는게 나을까요?
2026-07-25,0,0,아이템,메린이 스펙업 뭐해야할까요..,[이미지] [이미지] [이미지] [이미지] 오늘해방하고 제네무기에 30억에 대적자코인 2500개 다쓴겁니다 앞으로 어캐 해냐하나요..
2026-07-25,0,0,아이템,에디에픽2줄 이거 가능한걸까요.. ?!?,"안녕하세요 뉴비인데요 에디에픽2줄 궁금해서 여쭈어봅니다 운으로 먹는거 제외 하고 운이 평균인 사람기준으로 장신구 에디에픽 2줄 주스텟4% 공10 <<< 저걸 2줄의 기준으로 잡고 주4% 공10 = 주4%주4% > 주4%주2% = 공11공10 > 공10공10 > 공11 주2% > 공10주2% 위 보기중 어디까지가 2줄인가요 ,., ? [ 에디에픽2줄 구글링하다가 어디선가 봤던 보기의 예 였는데 검색해보니까 못찾겠더라구요,, ] 유튜브에서는 챌린저기준 1.5줄도아니고 2줄이라고 명시해뒀길레 [템 스펙의 예시도 주4%공/마10 기준이더라구요] 에디에픽 2줄 검색하면 주4% 공,마10 / 주4%주4%만 2줄 취급하는거같아서요 .. 여튼! 평균 260회 메소 75억 큐브 280개 정도 160제 2부위 메소75억 큡280개 145제 1부위 메소70억 큡280개 140제 4부위 메소70억 큡280개 120제 2부위 메소70억 큡280개 총합 메소 640억 or 큡 2520개 기댓값이 음..... 진짜 개빡세네요 챌린저는"
2026-07-25,0,0,퀘스트,올티마 스쿼드 효율,"1-7이 1분 29초이고, 2-1이 2분 40초이면 1-7 뺑뻉이가 좋은가요?"
2026-07-25,0,0,아이템,아버 대체 준비 질문,아이템 버닝이 11월에 끝나고 아직 3달 넘게 기간이 남았는데 지금이 장비 맞추기 저렴한 시기겠죠? 하드 메이린은 8주차 정도부터는 배율이 맞춰져서 더 이상 다른 스펙업 투자는 안 해도 괜찮은데 지금부터 천천히 아버 대체 장비 준비해가는 방향 괜찮을까요?
2026-07-25,0,0,기타,패치오류 도와주세요.,패치할때마다 이게 뜨고 패치하고나면 항상 파일손실됫다고 재설치하게만들어요 도와주세요 ㅠ 다시시도 누르면 되긴하는데 이거때문에 손실됫다고 그러는거같아서 ..
2026-07-25,0,0,기타,모멘텀 패스 첨사보는데 포인트가 왜 꽉 안차죠?,주간미션 다해서 2000/2000인데 포인트는 560/720 이고 2렙까지만 열려있음 원래 이런거임?
2026-07-25,0,0,기타,ssd 추가설치 질문,기존께 요량이 딸려서 추가로 하나박으려고 키오시아 사타 하나삿습니다 이거그냥 저장용도로 추가하고 여기다 게임설치하면 되는부분이죠? 엔비디아같은 성능상향프로그램도 같이 설치해줘야하는건지 궁금합니다
2026-07-25,0,0,기타,첼섭 부캐만 옮기려는데,옮길때 본캐한테 불이익이 생기는경우가 잇나요? 가서 유니온랩 미리올려서 코인 조금이라도 더받으려고하거든요
2026-07-25,0,0,기타,넥슨온 접속오류 질문,넥슨온으로 장비합성만할려고하는데 현재 네트워크가 불안정하여 리모트 플레이 연결이 원활하지않습니다. 네트워크 연결을 확인하고 다시 시도해주세요. 라고 뜨면서 폰으로 접속이안되는데 5G 데이터무제한 사용하고잇는데 해결방법 아시는분 계실까요?
2026-07-25,0,0,몬스터,자석펫x 사냥터 추천좀,아르테리아에 일리움임..
2026-07-25,0,0,아이템,잠재옵션 어떤걸 뽑아야하나요? 뉴비 도와주세요..ㅠ,이번 챌섭 유입으로 키우는중인데 현재 무기 보조 엠블렘 상황이구 [이미지] 잠재를 돌리다 보니 공 2줄이 떴어요 근데 전투력이 낮다고 하는데 진짜 어떻게 해야할지를 몰라서 질문게시판에 올려둡니다 ㅠㅠ
2026-07-25,0,0,아이템,대적자 코인 어디에 쓸까요?,안녕하세요 이번에 챌섭 하다가 해방큐브 적당히 돼서 본섭 본캐에 대적자 코인 써주려고 하는데요 어디에 써야 좋을 지 몰라서 여쭤봅니다 ㅜㅜ 1. 심환불 사서 1추+a 도전 2. 윗잠 이탈 노리기 3. 에디 21+a 도전 셋 중에 뭘 하는 게 좋을까요??? [이미지]
2026-07-25,0,0,아이템,첫해방 메린이 제네시스무기 도와주세요ㅜㅜ,안녕하세요 이번에 친구권유로 첼섭에서 처음시작한 메린이인데요. 패스는 친구가 제네패스는 꼭 사라고해서 제네패스랑 제네플러스?그 코인주는거 사서 돌려봤어요.. 지금 노말세렌까지 겨우깨서 블랙큐브로 돌렸는데 잠재능력이 저렇게 나왔는데 유튜브보니까 다들 보스공격력이랑 공격력으로만 3줄 만들어서 쓰라고하는데 위에 잠재능력에 블랙큐브를 더 쓰는게 좋을까요? 아니면 에디셔널에 투자하는게 좋을까요? 지금 화에큐 첼섭처음부터 모아서 레전천장까지 104개정도 남았어요!! [이미지]
2026-07-25,0,0,아이템,다음에 뭐사는게 좋을까요,[이미지] [이미지] [이미지] 도미는 그냥 받은거 쓰고있어요
2026-07-25,0,0,시세,아케인 신발 추옵 전승용으로 팔리나요?,전사 신발 200급인데 시세탭에도 없어서 질문해봅니다.
2026-07-25,0,0,직업,캡틴 하드메이린 환산 118퍼인데 안잡혀요,캡틴 하드메이린 환산 118퍼인데 계속 박아보니까 오리진 하나 터지면 체력 10퍼 정도 남고 시간아웃당하는데 뭐가 문제일까요ㅜㅠ 환산주스텟 검색용 닉은 우그오 << 입니다.
2026-07-25,0,0,아이템,챌섭 아란인데 분자벨돌리다 인트33퍼 나왔는데,분자벨 좀돌리다 나온건데 트레이드나 파는게 맞겠죠...?
2026-07-25,0,0,기타,이번에 바인드 패치로 배율 올라갔나요?,스펙업 한게 없는데 배율이 한 1~2퍼 정도 올라갔어요
2026-07-25,0,0,기타,미트라 무조건 가야할까요?,챌섭 하메잡고 챌린저까지만 달성하려고 똥블렘 2줄 노리다가 3줄이 떠버렸습니다 이런경우 굳이 미트라 안가도 될까요
2026-07-25,0,0,아이템,부티크 관련 질문입니다,제가 챌섭에 부티크 티켓 80개 있어서 본섭 캐릭에게 헤카테 스킨 교환권 만들어서 넘겨줄려고 하는데 챌섭에는 마지막 주차까지 있을 계획인데 티켓 만료일자는 8월 30일? 정도 되있더라구요 티켓 만료 전에 헤카테 스킨 만들어주면 헤카테 스킨 교환권 기간 리프전까지 살아있을까요?
2026-07-25,0,0,기타,이거 버근가요?,깼는디.. 왜 안될까요..
2026-07-25,0,0,직업,링크3렙 질문있습니다,이번에 285를 찍었는데 링크 3렙을 만약에 200렙 키네시스에 했다가 추후에 다른 레벨의 키네시스를 키우고 그 키네시스를 삭제하면 링크 3레벨은 날아가는 건가요?
2026-07-25,0,0,기타,메청소년 진로 도움!!!!,[이미지] 복귀 뉴비 챌린저 목표로 챌섭 즐기는중입니다. 샤타때 17성 친구들 눌러준다 치고 질문있습니다. 1. 조각 팔아서 메소 모아서 템바꾸기(어디부터 사는게 좋은지?) 2. 모이는 조각 다 쓰기(극효율 메인 스킬 19레벨까지)
2026-07-24,0,0,기타,메이플 렉 걸리지 않는 사양,안녕하세요. 노트북으로 플레이하다 렉이 너무 걸려서 데스크탑 하나 맞추려고 하는데 어느 정도 스펙의 컴퓨터 사용하시나요?
2026-07-24,0,0,기타,특수물자 이러면 날린거임???,"실수로 안끄고 일퀘하다가 지역옮기는 찰나에 떠서, 바로 다시 가보니까 상자없고 다시뜨지도 않는데 인벤에 솔에르다기운도 없어요ㅠㅜ"
2026-07-24,0,0,기타,"큐브 관련 궁금한게있습니다,",안녕하세요. 큐브관련해서 궁금한게있어서요. 메소큐브와 블큐 또는 화에큐가 있을경우 등급업할때는 블큐나 화에큐를 사용하는거고 옵션뽑을때는 메소큐브를 사용하는걸까요? 예를들어 레전깡통에서 옵션을 뽑으려면 블큐랑 메소큐브중에 어떤걸 사용하는걸까요
2026-07-24,0,0,아이템,선생님들 제네시스 상황 이런데 대적자 코인 윗잠 아랫잠 추천 부탁드립니다,윗잠이 맞나요... 아랫잠 마마마는 개에바라 들어서
2026-07-24,0,0,기타,챌섭에서 전투력 1억이면 리프해서 본섭가면 전투력 얼마쯤 오르나요?,보통 오른다고 들은거같은데 천만쯤 오르나요?
2026-07-24,0,0,아이템,쀼부캐 골클벨 17성 깡통을 사야하나요 15or18퍼 사야하나요?,"예전에 사놓고 방치해둔 캐릭터 해방해주려고 보니까 환산에서는 17성 골클벨을 가라고 하는데... 지금은 아버 하다가 때려친 12% 15성 골클벨을 끼고 있습니다 17성 18% 에디에픽을 사려고 보니 쀼부캐 사주기엔 너무 비싸서 ㅠㅠ 저렴하게 해놓고 이벤상점이나 샤타나 그럴 때 조금씩 해줄까 하는데요 17성 사놓고 유잠 나중에 어케 발라서 쓰기 vs 18% 사서 언젠가 17성 주문서 발라주기 뭐가 나을까요? 가격은 보니까 17성이 9억정도, 18%가 7억정도 하는거 같습니다"
2026-07-24,0,0,아이템,하드메이린 세팅좀 도와주세요...,18성 둘둘을 해도 턱없이 모자른데 여기서 어케해야 최소컷까지 갈 수 있을까요...
2026-07-24,0,0,아이템,투력 1억2천만 입니다. 700~800억정도 투자 예정인데 도와주세요!,[이미지] [이미지] 무슨템을 바꾸는게 가장 효율이 좋을까요? 일단 생각중인건 보조무기 보보공 / 에공21 구매 생각중입니다. 앞으로도 계속 한달마다 700~800정도 투자 예정입니다.
2026-07-24,0,0,아이템,전투력 2억 뉴비 엔버 도와주세요,이번에 챌린저스로 들어온 유입인데 285 찍었더니 찬란한 영웅의 증거? 주던데 이거 챌섭에서 써도 본섭리프하면 남아있는건가요
2026-07-24,0,0,직업,데티 해방컷 평균값,데티 해방컷 사이트에 평균값을 줄세운것이 쉽고 어렵고를 떠나서 직업 절대적인 성능순위라고 이해하면 되나요?
2026-07-24,0,0,아이템,전투력 2천만 뉴비입니다. 템세팅 질문있습니다.ㅠㅠ,"레테 270레벨입니다. 아이템버닝으로 진힐라를 잡아야하는데 진힐라를 잡으려고 하면 전투력이 3천정도는 되어야 좋다고 하더라구요... 어떻게 템세팅을 하는게 좋을까 궁금해서 질문남깁니다. 엠블럼 -윗잠: 마력 9% / 에디: 마력+12 보조 -윗잠: 보공30% / 에디: 방무 3%, 마력 3% 하트 -마력 30퍼 떡작 (망했는데 주흔이 없어서... 걍 쓰고 있습니다. 스타포스x 잠재x입니다.) 이벤링 -둘 다 윗잠: 인트 18% / 에디: 마력+12 입니다. 보스장신구 -아이템버닝 나머지 장비 -아이템버닝 조언 부탁드립니다 ㅠ"
2026-07-24,0,0,아이템,메린이 첫 해방했는데 무지 에디 어떻게 할까요,"메린이이고... 이번 레테 본케로 키우고 있습니다. 일단 패스는 전부 다 구매했구, 저번주 목요일에 첫 해방했습니다. 고민이 있습니다. 대적자 코인샵에서 코인1000개정도 썻는데 잠재랑 추옵이 끝나버렸어요... 지금 에디를 나중에 미라클때 돌려야할까요? 그리고 나머지 코인을 어디에 써야할까요? 거의 무~소과금 유저이고, 이지대적자까지는 솔플했습니다. [이미지]"
2026-07-24,0,0,기타,선생님들 헥사코어순서요,음.. 지금까지 정xx 블로그 보고 올리고있었는데 환산주스탯 싸이트에서 헥사코어순서랑 많이 차이나는데;; 그냥 닥 환산주스탯싸이트 따라가면되나요;?
2026-07-24,0,0,아이템,보조무기 보공 5퍼,렌보조 공공보 두개 고민중인데 보공이 35인게 1430억 보공 30퍼인게 1300억인데 5퍼에 130억 태울만한가요? 에디는 에공삼입니다!
2026-07-24,0,0,기타,전투력 질문좀요,주환산스탯 사이트에서 보면 6500만으로 나오는데 인게임에서 보스셋팅 풀로 다해도 6000천만 나오는데... 이유 아시는분?ㅠ
2026-07-24,0,0,아이템,제네 잠재 둘 중에 어떤게 나을까요,형님들 이거 그래도 오른쪽이 나을까요? [이미지]
2026-07-24,0,0,아이템,복귀뉴비 아크 템세팅 질문입니다...,"이번에 복귀한 뉴비인데 지금까지 템 이렇게 맞췄고 이제 한 250~300억정도 더 쓸 생각인데 뭘 바꾸고 뭘 맞추는 게 좋을까요...? 일단 목표는 하드 메이린이고, 방어구류는 웬만하면 본섭 갈 때 즈음에 바꾸고 싶습니다. 헥사 스탯은 지금 두번째까지 열었고, 메이린이 헥사 스탯 효율이 좋다해서 이번에 이벤트로 받는 거 다 해서 3까지 다 열 생각입니다!!"
2026-07-24,0,0,기타,몬파 메이플포인트로 할때 질문,메포로 몬파 들어왔는데 중간에 나가거나 죽으면 포인트 그냥 없어지는건가요??
2026-07-24,0,0,아이템,하드 메이린 목표입니다.,지금 93퍼에서 10퍼 정도 남는데 어케 강해질 수 있을까요? 제네 잠재 망하고 조각 사먹느라 예산이 40억 정도밖에 없습니다.. 도와주세요 형님들..!
2026-07-24,0,0,아이템,작년 챌섭 렌 키우던 메린이입니다 ! 템 세팅 질문이 있습니다!,"[이미지] [이미지] 닉네임은 heezook 입니다 285 렌이며 작년에 키우고 아이템 대충 맞춰주고 주보만 돌리려 했는데 이지카링, 하드세렌을 여유있게 솔플 돌리고 싶습니다 ㅠ 현재 헥환이 모자라는거로 보아서 이벤트 다조들은 먹이려고 생각중인데, 제가 메소가 150억 정도 있는데 템 이렇게 떠오는게 제일 좋은 방향일까요 ? 훈수 부탁드립니다 !"
2026-07-24,0,0,아이템,형님들 제네 무기 제발 선택 도와주세요,20개 큐브 남았긴 한데 뭐로 고를까요?
2026-07-24,0,0,아이템,챌뉴비 칠흑방향성 질문드려요,[이미지] [이미지] 지금 3칠흑인데 4칠흑으로 미트라vs마도서 생각중입니다 미트라를 산다면 레에사서 애완미트라키울생각인데 엠블이 가성비 유에로 잘붙어서 마도서쪽으로 기운상태인데 어떻게 생각하시나요? 목표환산은 없고 되는대로 올리고있어요 흑칠흑들은 이벤재화랑 보스클재화로 야금야금 올리고있습니다
2026-07-24,0,0,아이템,모험가 22성 나오면 18둘둘로 하드 메이린 가능할까요?,"챌섭에서 라이트하게 복귀해서 즐기다가 챌린저까지는 찍어보자해서 뒤늦게 패스 끊고 게임하는 유저입니다. 다다음주 해방과 모험가 22성 세트가 나옵니다. 20~21성 혹은 윗잠 주스텟30% 아이템들이 지금 계곡 백숙이라고 해서 18성/21% 정도 수준으로 구매하고 있습니다. (일부 아이템은 30%를 사서 17성 주문서를 발랐습니다.) 매커랑 데아시두스는 여명장신구 18성/21%로 바꾸고, 골클벨도 적은 수치나마 18성/21%로 업글하고자 합니다. 아이템 업글, 해방, 모험가 22성 3가지 조건이 만족되면 하드 메이린 트라이 가능할까요? 목표수치는 넉넉하게 120% 정도입니다. 메이린은 맵 패턴이 크게 없어서 그런가 공략 영상 딱 한번보고 1트만에 깬지라 패턴이 막 부담스럽거나 그러진 않습니다."
2026-07-24,0,0,기타,뉴비 질문있습니다,렌으로 시작한 뉴비입니다 보니까 패스도 있던 필수로 사야한다면 뭘 사면될까요?
2026-07-24,0,0,기타,하메 질문,제가 지금 284인데 하메 배율이 100퍼 나오거든요? 285 찍으면 몇퍼 오르나요? 그리고 썬콜인데 100퍼 트라이 박으면 깰 수 있는 배율인가요?
2026-07-24,0,0,기타,검마 질문있습니다!!!,어제 해방하고 검마 잡으려는데 하이퍼스탯에서 아케인포스 찍어야 하나요?? 아케인 포스 전부 만렙이긴 합니다 그리고 배율 215 나오는데 혼자 잡을 수 있을까요..??
2026-07-24,0,0,아이템,칠흑 에테 아케인 노작사서 직작하려는데 효율 쓰레기인가요,4에테5앜 칠흑 노작사서 이벤트 활용하면서 만들려는데 너무 별로 일까요? 급하게 스펙업 하고싶다 이런건 아니라 레잠만 좀 발려있는거 사고 에디 두줄이야 만들수 있을것같고.. 익스우정도까지 가보려합니다 이템은 직작할거면 말리진않겠다 하는 부위 이 부위만큼은 사먹어라 하는 부위 있을까요
2026-07-24,0,0,기타,질문 있습니다.,1. 뚱성비는 200랩 이후에도 사용가능한가요? 2. 200랩에서 뚱성비로 250찍으려면 몇개 먹어야하나요? 3. 캡틴 유니온이 소환수 지속시간 증가인데 야누스도 소환수 판정인가요?
2026-07-24,0,0,직업,보스 피통 조금남았을때 어떻게하는게 좋나요?,레테 카링120퍼 배율로 1페 극딜돌리고 다음 극딜 올때즘이면 흉수체력이 궁도혼 전부 10퍼남는데 이게 극딜쓰기도 애매하고 평딜넣자니 극딜이 늘어지고 어떻게하는게 좋나요? 피통이 애매하게 남아서 시간이 부족하네요.
2026-07-24,0,0,시세,챌섭 리프 한캐릭만 가능??,챌섭 리프 한캐릭만 가능한가요? 캐릭슬롯20개 넘겨주고싶은데 한캐릭만 미리 옮길수있나요?
2026-07-24,0,0,아이템,해방무기 훈수 부탁드립니다,운이 좋게도 뾰공이긴 하지만 보공공 윗잠을 괜찮은 횟수에 띄웠습니다 에디레전천장은 144/214입니다 추옵도 1추는 아니지만 2추+@중에 괜찮은거로 띄웠네요 질문1. 앞으로 대적자코인 생길때마다 에디에 다 박으면 되나요? 질문2. 만약에 에디 레전 21퍼 가고나면 남는 재화는 추옵에 사용해야하나요? 아니면 윗잠 박탈아닌 정옵을 찾아야하나요?
2026-07-24,0,0,아이템,보조무기 카르마 블랙큐브,보조무기는 교환가능이라서 카르마 블랙큐브로 안되죠???
2026-07-24,0,0,아이템,뉴비 첫 해방 무기,이정도면 돈 좀 모을 동안만이라도.. 써도 되겠죠?
2026-07-24,0,0,아이템,뉴비 레테 미트라 구매 질문,미트라 구매하려고 합니다 윗잠 레전 2줄 + 에디X(90억) vs 윗잠 레전 잡옵 + 에디 레전 잡옵(160억) 전자 선택하고 에디 천천히 레전 만들까요 아니면 후자 선택하고 큐브들 던져줄까요??
2026-07-24,0,0,아이템,데벤져 컨티 3렙,데벤져 277렙 키우고 있는 유저입니다 현재 전투력 6000만에 헥환 32800 나옵니다 반지를 지금 이벤링 두개( 둘 다 체력 30퍼) 마이링(17성 21퍼) 가엔링(17성 21퍼) 장착하고 있는데 마이링을 컨티 3렙으로 바꾸면 현 스펙 대비 스펙업일까요? 4여명 3카4앱입니다
2026-07-24,0,0,기타,대적자코인 조언부탁드려용,공짜 큐브는 다 쓰고 대적자코인만 남은상태인데 어디다가 쓰는게 좋을지 조언부탁드려요 메소로 아랫잠 레전보낼상황은 안되어서 혹시모를 미라클까지 존버하다가 아랫잠에 다 투자할지 비교적 수월한 윗잠을 건드려야할지 고민이됩니다
2026-07-24,0,0,아이템,4에테 2아케인 2앱솔,쿨뚝이 너무 비싸서 앱솔뚝을 쓰고싶은데 값이 좀 싼 22성 앱솔뚝에 22 쌍크장갑 들고오고 2 아케인 이번에 준 18성으로 대충 맞춰주고 상 하의 견장 제네무기로 에테 4셋 가져가려는데 별로일까요?
2026-07-24,0,0,직업,메 뉴비 마법사(레테) 엠블럼 질문 있습니다!,"[이미지] 현재 무기와 보조무기인데 보조는 에디셔널 마력 2줄로 맞추려고 하고, 엠블럼을 여기서 어떻게 맞출지를 모르겠어요 엠블럼에 방무 30 % 를 넣어서 마력% 로 맞춰야 하나요?"
2026-07-24,0,0,아이템,아이템 뭐부터 맞출까요?,"100억 정도 있어요. 헥사환산 4.6 정도에 메이린 연모 깻고 찐모는 못깨봤어요. 하루 사냥 2시간정도해서 템메획 100%에 아획0줄이에요 1.컨티4랩+마도서 해서 메이린 찐모 도전 2.아획 100% 맞추기 3 루컨마 or 거공 or 에테장갑 샤타포스때 해보기 현재 칠흑은 미트라 1개, 18성 4여명 블빈마 자쿰벨 피도미 1이벤링 끼고있습니다"
2026-07-24,0,0,기타,울티마 스쿼드 궁수 15렙 질문,1-9 운빨로 깨긴 했는데 반복 돌리면 못 깰때가 훨씬 많음 그럼 1-9 반복 보다 1-8 반복이 더 좋나?
2026-07-24,0,0,아이템,마라벨 헤어쿠폰,마라벨 헤어쿠폰 경매장에서 사면 혹시 창고나 캐시샵 보관함에 넣어둘 수 있나요?? 나중에 남캐 키울 때 은율 해주고 싶어서요
2026-07-24,0,0,아이템,선생님들 도미 안사고 바로 고근 가도 되나요?,"안녕하세요 지금 헥환 58825인데요 아직 피도미라 바꾸려고 하는데 18성 21퍼 고근 써도 되나요?? 칠흑이 미트라 조차 없어서 미트라, 고근, 마깃안, 몽벨 정도 생각하고 있는데 22성 여명을 먼저할지 칠흑 조금씩 맞출지 조언 부탁드립니다!! 용가리마렌입니다!"
2026-07-24,0,0,기타,메이플은 쩔? 버스? 같은거 없나요??,"뉴비인데 하드 데미안, 하드 스우까진 어떻게 몸 비틀어서 깼는데 하드 루시드, 하드 윌 이상은 도저히 할 엄두가 안 나서 버스? 쩔?을 메소 주고 받고 싶은데 그런 시스템이 혹시 없나요...?? 있다면 어떻게 구하면 되는지 알려주시면 감사하겠습니다 ㅠㅠ"
2026-07-24,0,0,시세,메이플 뉴비 추옵도 가격을 받을수있나여?,추옵 인트135급인데 이런템도 가격받을수있나여 첼섭입니다
2026-07-24,0,0,몬스터,검마 쩔받을때 받는 사람 배율은 왜 필요하나요?,왜죵?? 배율은 113퍼 나오고 패턴은 모릅니다 보통 가격이랑 상자 같이 먹어도 되나요?
2026-07-24,0,0,아이템,드메템 맞추는중입니다.,지금 메획 102 / 아드 144 이렇게하고 장신구 자리가 반지 두개 얼장 하나 비었는데 드랍 2줄 + 드랍 1줄 이렇게 사면 풀드메 되는건가요? 유튜버들 보니까 드랍 344퍼 이렇다고 하던데 344퍼 하면 나머지는 적용 안되는거 안되던거 아닌가요??
2026-07-24,0,0,아이템,크뎀 장갑 고민입니다 ㅠㅠ,현재 하드 메이린 도전하려고 하는데 크뎀 장갑땜에 고민이 많습니다 ㅠ 도전자 장비 끝나는거 대비 5아케인 4에테 생각중인데 지금 챌린저 도전용 크뎀 장갑을 아케인으로 사야할지 에테를 사야할지 고민입니다 ... 에테 장갑을 사고 쓰다가 템셋할 때 팔고 아케인 장갑을 구매해도 될까요?
2026-07-24,0,0,아이템,"보조, 엠블 에디 공6퍼+뎀 에픽등업 / 해방무기 에디 공한줄 돌려서 두줄노리기",님들이면 어떤거함? 미라클 먼것같아서 하드메이린 각 봐보려고 큐브털려고하는데
2026-07-24,0,0,몬스터,하드 카링 2인 파티배율 145% 빌드 궁금합니다,아는분과 함께 하드 카링 2인을 가보려 하는데 각자 노말 카링 솔플만 계속 했어서 파티격은 처음입니다 그래서 아래 내용이 궁금한데 답변 주시면 감사하겠습니다 터빌은 하지 않을 생각입니다! 1. 오리진은 함께 or 따로 2. 1페 순서 3. 3페 위치 및 잡는 순서 ex) 한명 궁기 나머지 한명은 혼돈 도올 왔다갔다 극딜땐 도올 먼저 잡기 등등..
2026-07-24,0,0,아이템,메쌤들) 에디교불천장 어디에 쓰는게 노칼유챔 절약할수있을까요?,[이미지] [이미지] 하드메이린에 본섭가서 노칼유챔하고 익스우2인까지만 하려고합니다 ! 원래 제네 에디레전 띄우려고 했는데 15퍼가 떠버려서 엠블에 먹여야할지 보조에 먹여야할지 어려워서 여쭤봅니다 (미트라는 갈 생각 없습니다)
2026-07-24,0,0,기타,초보인데 메이플 좋은직업이있을까요,안녕하세여 예전에 소마? 고거 재밌어서 해보다가 접은 초보인데 요즘은 어떤 직업이 그나마 조금쉽고 괜찮은가요? 그리고 지금 시작해도 괜찮을까요?
2026-07-24,0,0,아이템,익스우 템세팅 질문이요!,유챔x 유니온 9000 18에테 상하의 23% 에픽 두줄 18아케인 레전30% 에픽 두줄 칠흑18성 여명 22성 30% 에픽 두줄 하면 140% 나올까요? 아니면 에테는 18성 잠재 위 아래 42~45% 맞춰야 가능할까요?
2026-07-24,0,0,아이템,대적자코인 어디에쓸까요?,추천해주세요
2026-07-24,0,0,기타,"모멘텀패스 1차, 2차 각각 다른 캐릭터에 지정 가능한가요?","보니까 1차, 2차 나눠져있던데 각 회차별 명의 내 1개 캐릭터로만 참여가능하다는데 제가 이해하는거에 확신이 안서가지고... 1차에 챌섭, 2차에 본섭 주는거 가능할까요?"
2026-07-24,0,0,아이템,이벤링 잠재 질문,"드메 세팅은 따로 없고 이벤트링 4개 받은것중 2개는 올탯+힘, 나머지 2개는 메획인데 보스때 이벤링2 + 여명 가엔링 + 리레4를 끼고 있음 잠재가 둘다 21퍼가아니라 올퍼껴서 18퍼라 21노리려고 돌리다보니 아이템드롭 1줄떴는데 스탯 포기하고 아획 가져가는게 좋음? 그럼 보스때 힘18 반지 + 아획20반지 + 여명가엔 + 리레4 이런식으로 끼게될꺼같은데 지금 아획은 어빌 18퍼만 있는상태"
2026-07-24,0,0,아이템,익스우 솔플 템셋하려면 다 갈아엎어야하져?,그나마 남길만한것도 없져? 에테 모상하 18 아케인 장신망견18 칠흑 여명 둘둘 하려는데 진짜 얘네 만큼은 사먹어라 그나마 얘네만큼은 이벤트활용해서 직작해도 괜찮다 이런 부위 있을까요!?ㅜ
2026-07-24,0,0,기타,모멘텀 패스 질문,본섭 본케가 284 47퍼입니다. 챌섭은 지금 281 60퍼입니다. 본케에 쓰는게 나을지 챌섭에 쓰는게 나을지 고민입니다. 285가 지금부터 해도 할만하면 본케가 맞는거 같기도 하고.. 조언 부탁드립니다
2026-07-24,0,0,아이템,대적자 코인 사용처 관련 질문드립니다,추옵은 잘 뜬거 같고 윗잠 공보보 정옵에 에디 공 21%급정돈 되는거 같은데 남은 대적자코인 6500개 어디에 먼저 사용하는게 좋을까요? 고수분들 알려주세요ㅜ [이미지]
2026-07-24,0,0,직업,링크3렙 방법 알려주세용,"1. 캐릭1개285를 찍으면 ""찬란한 영웅의 증거""를 얻어서 2. 5차전직한 200렙이상 원하는 링크가진 놈에게 찬란한주고 20억내면 링크3렙인가요? 3. 3렙 뚫을놈도 200보다 높게 찍어야 하나요? 4. 285찍은 마리수 1마리마다 링크3렙을 1개씩 뚫을수 있는건가요? 아니면 본캐 285찍고 부캐 200에 5차만 햇으면 전부다 링크3렙 뜛을수 있나요?"
2026-07-24,0,0,아이템,대적자코인 사용처 질문드립니다,윗잠 아랫잠 추옵 모두 좀 아쉽게 뜬거같은데 대적자코인 앞으로 들어오는건 어디다가 쓰는게 맞을까요? 조언 부탁드립니다
2026-07-24,0,0,기타,윈10 프리징? 해결방법 아시는분..ㅠㅜ,"윈도우11 쓰다가 메이플 렉이 많이 심해서 클린설치로 다시 10으로 돌아와 게임중입니당.. 전보다는 평소에 좀 오래켜두면 생기는 잔렉이나 프레임드랍은 없어졌는데 극딜때 등 종종 프리징? 같은 현상이 나타나요ㅠㅠ 메이플 말고도 로아같은데서도 이 현상이 나타나여.. 윈도우 설치하고 윈도우 절전이랑 그래픽 GPU로 쓰게 설정, 엔비디아 캐시사이즈 무제한, 지싱크 끄기 말고는 딱히 건드린 설정은 없는거 같아요! 혹시 해결방법 있을까요..? 프로세서 AMD Ryzen 5 7500F 6-Core Processor 3.70 GHz 설치된 RAM 32.0GB(31.6GB 사용 가능) 저장소 932 GB SSD CT1000T500SSD8 그래픽 카드 NVIDIA GeForce RTX 4060 (8 GB)"
2026-07-24,0,0,아이템,블랙큐브 사용처 쫌 여쭤봐도 될까용,현재 무기 상태입니다 [이미지] 공짜 블랙큐브랑 골드큐브 어디 사용해야할지 모르겠어서 질문드려요 3장비 모두 레전이고 3줄 2줄 2줄 띄워서 이제 어디 써야할지 모르겠어요 환산 5만이고 챌린저 향해 달려가고 있는 복귀뉴비입니다 하트는 유니크입니다 혹시 필요하실까봐 환산주스텟 링크용
2026-07-24,0,0,아이템,레테 제네무기 질문입니다.,지금 츄가옵션 2추옵인데 검환불만 빡세게 돌릴까요? (잠재능력도 지적 부탁드려요)
2026-07-24,0,0,기타,MVP 레드 달아주는게 좋을까요?,"어제 부티크 좀 까다보니까 20만원 정도면 레드가 되더라구요 캐시충전 - 메포 구매 - 몬파(7회, 평일포함), 에픽던전 1단계 에 메포 사용하고 메소마켓으로 메소바꿔서 템사고 했었는데 레드 달면 몬파는 공짜잖아요 이거말고는 딱히 장점이 없어보이긴 한데 20만원정도만 그냥 달아주는게 좋을까요?"
2026-07-24,0,0,아이템,드메 vs 스펙업,100억 가량 있어서 드메템 살지 팬던트 사올지 고민중임 사냥은 일 안가는날이면 거의 메제 채우는편임 전투력은 1억3천대인데 고근 사면 최종뎀 6퍼정도 오름 근데 투력 좀 더 오른다고 못잡던 보스 잡는것도 아닌데 일단 드메템 사서 장기적으로 이득 보는게 맞겠지?
2026-07-24,0,0,직업,메잘알 형들 나로 질문이요ㅜㅜ,"이번 챌섭에 새로 유입된 메린이인데 검마에서 전투력 6300만으로 3페가 딜이 너무 딸려서 극딜, 준극딜 시퀀스랑 나로 쿨뚝 스탯뚝 뭐가 좋은지 가르쳐줄 스승님 계실까요ㅜ"
2026-07-24,0,0,직업,저 지금 방금 막 헥사 떡작했는데..,주스텟 마력 보뎀 이렇게 맞추고 돌렸는데 5510이 붙었는데.. 이거 혹시 초기화하고 다시 돌려야하나요?
2026-07-24,0,0,직업,신규 6차 스킬 질문잇는데여,사람들이 막 스레기다 머다 하길래 안열어도되나햇는데 환산에서 바로뚫으라고 하는데 믿고열어도될까요??
2026-07-24,0,0,시세,보공 20퍼 달려있는 보조 사도 괜찮을까요?,아델 메린이인데 보보방보다 보보공이나 보공공 하라던데 120억 보40 보20 공9 / 에디 공9 공6짜리가 120억 올라왔더라구요 이거보다 퍼센트 높게 사려면 50억 이상 더 써야하는데 그냥 저거 사도 될까요?
2026-07-24,0,0,아이템,첼섭 구 마라벨 헤어 질문,저기 사진이 첼섭인데 마라벨 헤어 선택권은 1회 교환 가능하고 그 다음부터는 소비에서 다시 교환 가능한거 아닌가요? 첼섭에서 어비스 헤어 선택권을 얻는 방법은 경매장만 가능할텐데 그러면 1회 교환 가능이 사라져서 못 팔지 않나요? 어비스 헤어 쿠폰을 어캐 다시 파는지 따로 방법이 있나여?
2026-07-24,0,0,아이템,남는 카유잠 카에에잠,사용처 추천해주실 수 있나요ㅠㅠ
2026-07-24,0,0,아이템,뉴비 반지 질문,이번 챌섭으로 완전 처음 와서 장비를 잘 모르는데요 [이미지] 제가 가지고 있는 이벤링중에서 레전 붙어있는건 이거 하나뿐인데 혹시 다른 방법으로 레전 잠재 받을 수있는게 있었나요? 유튜브 공략 보고 맞춰보려고 하는데 헷갈려서 질문 드립니다. 닉네임은 재루루웅 입니다
2026-07-24,0,0,아이템,뉴비 미트라 질문,미트라 깡통에 연합토큰샵 카유잠 에디에잠 발라서 직작해서 쓰는거 괜찮나요? 아니면 팔고 다른 부위 업글해주는게 나을까요?? 일단 목표는 하드 메이린입니다 [이미지]
2026-07-24,0,0,아이템,"뉴비 블큐, 화에큐 사용처 질문점여",[이미지] [이미지] 어디에 사용하는게 좋을까요..? 보스는 하드세렌까지 클리어 했고 이번주에 이지 카링 트라이 해보려고 합니다!
2026-07-24,0,0,아이템,이번주에 하드 세렌을 하고 싶은데,지금 10억 있고 오늘부터 매제+채집 하면 마지막날에 미트라 구매 가능한데 지금 미트라가 너무 비싼가요? 닉네임은 babababsasb이고 지금 레테 헥환이 안보이지만 한 39000~40000정도 에요. 아니면 이번주는 그냥 노말 잡고 메획템 사는게 좋을까요? 스텟창에는 재획먹으면 100에 140나와요
2026-07-24,0,0,기타,282캡띤 템 진로를 모르겠습니다,[이미지] [이미지] 안녕하세요 챌섭에서 하드메이린을 목표로 꾸준히 키우고있는데 현 상태에서 어느 부위를 바꿔주는게 맞는지를 잘 모르겠어서 질문 글 올립니다! 현재 32억 보유중이고 보스 잡으면서 천천히 메소 몹고있는데 스타포스 17>18성 가는 템들 제외하고 어떻게 해야 스펙업 효율이 좋을까요?
2026-07-24,0,0,기타,챌섭 레테 이지칼로스 104퍼,2트만에 클리어했는데 컨트롤 중간은가는건가요? 이번유입입니다
2026-07-23,0,0,아이템,레테 제네무기 1추 보공 8% vs 2추 보공 12% 뎀 6% 인트 55 닥전인가요?,1추 보뎀 8% 떴길래 그냥 쓰려다 남은거 돌리다가 추옵이 이렇게 떴는데 전투력 올라가는거 선택하면 되나요? 도움 부탁드립니다.
2026-07-23,0,0,아이템,뉴비 렌 해방 잠재 질문합니다!,안녕하세요. 뉴비 렌 해방 잠재띄우는데 머가 더좋은지 봐주실수 있나요? 도움 부탁드립니다.
2026-07-23,0,0,아이템,추옵 질문,2추 보공12퍼 인트55 vs 1추 뎀6퍼 럭55 뭐가 더 좋나요?? 전투력은 오히려 떨어지는데
2026-07-23,0,0,기타,mvp 레드만 유지하고 블랙으로 가긴 싫은데 질문있습니다,5월 중순쯤 시작한 메린이입니다. 6월초 쯤에 mvp레드 달았는데 레드는 유지해보겠지만 블랙은 빡샐거같아서 레드만 유지하려합니다. mvp창 확인해보니 9월 1일 전 까진 등급 레드 유지비용 0원 이렇게 써져있고 9월 1일 이후로는 등급 골드 유지비용 60 후반대로 적혀있습니다. 근데 제가 캐쉬샵으로 보면 제가 블랙 등급까지 59만원 남았다고 나오는데 여기서 궁금한점이 9월 1일 이후에 골드로 강등 된후에 60만원 정도를 사용해야 레드로 다시 등업이 된다는건가요? 아니면 9월 1일 전까지 유지비용 60만원을 사용해야 조금씩 유지 기간이 길어지는 시스템인건가요? 이번 부티크 티켓나온거로 질렀다가 지금 블랙까지 59만원 남았는데 유지비용 60만원을 써버리면 레드 유지가 아니라 블랙으로 올라가지는건 아닌가 헷갈리네요...
2026-07-23,0,0,기타,님들 피시방 이벤트 12시땡하면 바로 시작인가여?,23일까지 하는거 끝나고 담 이벤트 시작인강
2026-07-23,0,0,기타,"맵 제일위에 이거어떻게 없애나요,.?",
2026-07-23,0,0,기타,형님들 가엔슬 딜이 정말 안들어가는데 이유가 뭘까요?,듀블인데 극딜 파컷쓰고 오리진 박고 블토 카퓨 계속 때려도 딜이 정말 안들어가서 카오스 가엔슬 깨지지가 않는데 뭐가 문제일까요? ㅠㅠ
2026-07-23,0,0,기타,형님들 해방후 투력이 떨어졌어요 문제가 뭘까요,어제 친한 동생이 제네해방 후 윗잠 공공뎀 에디 공12퍼를 띄운상태에서 착용을했는데 전투력이 4300만으로 오히려 떨어졌다고하는데 제가 확인해보니 환산주스탯에선 투력 6150만으로 나오더라구요 프리셋 하이퍼 보약 결계버그 다 체크해봤는데 이상이없는데 뭐가문제일까요
2026-07-23,0,0,아이템,메린이 추옵 질문,이거 무조건 1추임??
2026-07-23,0,0,아이템,제네시스 패스 플러스 뭐 사야되나요?,"현재 추옵, 윗잠, 아랫잠입니다 제네시스 패스 플러스 코인으로 뭐 사는게 나을지 추천 부탁드립니다"
2026-07-23,0,0,아이템,제가 실수로 도전자 무기에 공3퍼 소울을 발라버렸습니다..,그래서 경매장에서 사서라도 바를려고 하는데 위대한 소울이 검색해도 경매장에 하나도 안나오는데 매물이 없는건가여?
2026-07-23,0,0,아이템,이번 유입 앞으로 템세팅 관해서 여쭤봅니다,오늘 새벽에 해방하고 나서 제가 젤 걱정했던 잠재는 운좋게 잘 나와줬는데 앞으로 무기는 제네 패스로 큐브 살때 아랫잠 위주로 하면 되려나요? 그리고 추옵은 1추 나올때까지 심환불 사면 되는건지요? 그리고 현재 아까 4시까지 자기 전까지 보니까 하드 메이린 101.2 나오던데 좀더 안정적이게 잡고 싶은데 템 뭐 사면 되려나요...? 현재 마이링 생각중인데 인30퍼 깡통사고 샤타때 맡겨볼까 합니다 요새 너무 비싸고 뭘 사야 할지 모르겠네요 ㅠㅠ
2026-07-23,0,0,기타,오프라인 상태 길드가입신청,오프라인인줄 모르고 길드 가입신청 넣었는데 이러면 가입 신청 안 가나요? 답변 미리 감사드립니다. 좋은 밤 보내세요
2026-07-23,0,0,기타,보스 잡고 상자 부실때 드랍퍼 어떻게 맞추나요?,지금 메획 아획 템으로 100퍼 맞췄는데 아획만 다 맞추면 되나요?
2026-07-23,0,0,아이템,뉴비 미트라 잠재 뭐 선택해야할까요,마력 32 뎀 12퍼 마 9퍼 방무 40퍼 방무 40퍼 크확 9퍼 인데 뭘 써야할까요
2026-07-23,0,0,아이템,제네무기 추옵 뭐 고를지 추천 부탁드립니더,2추 + 보뎀8 뎀 5가 깡1추보다 더 스코어상으론 낫게 뜨는거같은데 반대로 메인 창에선 지금 쓰는 2추+@가 1추-2%라고 1추가 더 낫다는 듯이 나오는데 뭐 선택해야하나요?? [이미지] [이미지]
2026-07-23,0,0,기타,경험치 bm 문의드려요,"매주 일욜 몬파 7회, 악몽선경 에픽던전 1단계 하고있었고 챌패 등등 다 챙겼었거든요 지금 이제 281레벨이고 4레벨 남았는데 .. 이번에 복귀한거고 딱히 본캐가 없어서 이거로 하고있긴한데 285레벨만 찍고싶고 나머진 천천히 하고싶은데 하루 1시간 4배사냥 기준 경험치만 바라보고 일욜몬파, 모멘텀패스만 사고 에픽던전 1단계라거나 나머지는 안해도되나요?"
2026-07-23,0,0,기타,발드 3페만가면 팅기는데 해결방안 잇을까요?,"컴퓨터가 오래되긴햇지만, 오늘패치하구 갑자기 그동안 한번도 안팅기던 발드가 3페만가면 팅기더라구요 해결방안이 있읆까요?"
2026-07-23,0,0,아이템,"주니어발록,유니콘티엘 이런 썩다리펫 수요가 있나여?","주니어발록,유니콘티엘 이런 썩다리펫 수요가 있나여? 궁금합니다.."
2026-07-23,0,0,시세,드드 드메 템 맞출라고 하는데,"무교 위주로 맞추려고 합니다 혹시 아이템 시세가 전체적으로 올랐다고 들었는데, 자석펫 드랍셋팅은 가격 변동이 크지 않다고 들었습니다. 혹시 챌섭 전과 비교하면 몇퍼센트 정도 올랐을까요? 미분 노작은 거의 6배 오른것 같던데, 드랍셋은 50퍼 상승 이하면 바로 맞출려고 합니다"
2026-07-23,0,0,아이템,뉴비 보조 vs 미트라 둘중 뭘 사는게 좋을까요,이번 챌썹 유입 뉴비인데요 아직 레전 잠재 두개 안썼는데 하나는 해방무기 고정이라 하셔서 하나 남고 메소 80억 정도 모아놨는데 레전 보조 구매 vs 미트라 노작 구매 후 레전 잠재 바르기 둘 중 뭘 하는게 스펙업에 도움이 될까요?? 지금은 블랙 보조 유닠 유닠 마력 9퍼 엠블 끼고 있는 상태입니다 고수님들 도와주세요!!!
2026-07-23,0,0,아이템,제네시스 해방무기 옵션 질문 드립니다.,뉴비에 패스만 지른 유저 입니다. 그 레잠 에유잠 발라서 윗잠 보보공 40 30 9 아랫잠 보공공 12 6 6 나왔어요 (수정 ;;) 추옵은 2추 보공10프로 나왔는데 이걸로 하드메이린 까지는 문제 없을까요? 에디셔널 레전 등업이 안되더라구요.. 감사합니다
2026-07-23,0,0,아이템,보공 비율이 너무 높은거 같아 고민입니다..,이번 챌섭에 유입된 유입니다. 지금 무기하고 보조에 보공 비율이 너무 높은거 같아 고민입니다. 그래서 엠블렘을 미트라로 잠재 21퍼 에디 15퍼 미트라를 살 생각인데 엠블렘만 바꾸면 충분할까요? 아니면 보조까지 바꿔야할까요? 아직 뉴비라 조언해주시면 감사하겠습니다 ㅠㅠ [이미지] [이미지] [이미지]
2026-07-23,0,0,아이템,제네무기 질문입니다,이경우에는 2추가 낫죠??
2026-07-23,0,0,아이템,해방무기 윗옵,"안녕하세요. 늅 아란입니다 해방무기 큐브 돌리다가 보보공 35 30 9 나왔는데요. 블랙큐브를 더 질러야 하나요? 아니면 다른 곳 어디에 쓰는게 낫나요? 현재 여명 4셋이고 칠흙은 아무 것도 없어요. 보조는 사는게 낫다고 해서 블랙 보조 유니크 쓰는 중이고, 엠블럼은 기본으로 주는 거에 메멘토 돌리다가 레전더리 떠서 공 12, 방무 30 쓰는 중입니다."
2026-07-23,0,0,직업,선생님들 챌섭 일리움 검마 잡는데 3페이지 꿀팁 있나요?,전투력 6455만에 헥환 8563만 나오는데 3페가 너무 어려워서 연습모드로도 깨질 못하고 있어요.. 글로리 윙 랜딩모드로 하는게 훨씬 편한가요? 유튜브 영상같은거 보면 전부 랜딩모드는 안하고 있어서 저도 그냥 하는중인데 쓸 때 마다 데카가 갈리더라고요 그리고 극딜 하는 타이밍에 프로텍션 써서 극딜하는게 나을까요? 극딜 시간에도 데카가 갈려서;;
2026-07-23,0,0,아이템,아스트라 사는곳 어딘가용?,돈모아서 이제 전승하려는데.. 어디서 사는지 모루겟숩니다.. 메린..
2026-07-23,0,0,아이템,글로리 이펙트 vs 별무리 이펙트 추천좀,둘중 뭐가 더 이쁨요?
2026-07-23,0,0,아이템,미트라 고민,레잠이 하나 남아서 미트라 구매하고 레잠을 바르려고 하는데 에디는 에픽잠재만 발라도 괜찮을까요? 아니면 에디 유니크 되어 있는 미트라를 구매하는 게 좋을까요? 목표는 하드 메이린 잡으려고 합니다
2026-07-23,0,0,직업,무보엠 옵션 질문,무기 오늘 해방 보조무기 보보방403030 / 공공 96(유닠두줄) 엠블렘 방방공40309 / 공12(레전한줄) 이상태인데 어떻게 세팅해야할까요 방무가 너무 많아서ㅠ 직업은 아델입니당
2026-07-23,0,0,직업,핵사환산과 환산,이번에 메이플 입문해서 지금 키우는 캐릭이 본캐가 될거 같은 메린이 입니다 지금 환산이 50608 핵사 환산이 42922입니다 핵환과 일반 환산 차이 어느정도가 적당한가요? 그냥 핵환이 환산 따라올때까지 계속 강화하는게 맞나요? 어느정도 차이나도 괜찮은거면 다조를 팔고 탬을 맞추려고 합니다. 만약 차이나도 괜찮다면 비율? 혹은 단순 수치 차이가 어느정도 차이나는건 괜찮은 건가요?
2026-07-23,0,0,기타,선생님들 사전 리프 질문있습니다,사전 리프 시 주의사항에 챌린저스 스킬은 삭제된다고 하는 게 옮기는 캐릭터만 챌섭을 벗어나니 버프 사라진다는 말이 맞는 거죠? 유니온 코인 때문에 1캐릭만 먼저 옮겨두려고 하는데요 1캐릭 옮겼다가 챌섭에 있는 애들까지 버프가 빠지거나 하는 건 아닌 거죠?
2026-07-23,0,0,기타,블레이헤어 염색질문입니다,이거 캐시샵에있는건데 혹시 헤어 비율 어떤건지 아시는분계실까여 ㅠㅠ
2026-07-23,0,0,아이템,레테 잠재 질문이요..!,챌섭에서 레테 키우고있습니다..! 보조 잠재가 이렇게 떻는데 눈으로만 보면 후자가 좋아보이는데 방무때문에 전투력이 떨어져서 골라도되는지 30분째 고민중입니다... 챌섭 방무가 너무 넘쳐난다길래요..
2026-07-23,0,0,아이템,카인 해방큐브 윗잠 질문이요,카인 해방큐브 질문이요 해방무기 챌섭 골큐 35개만에 보보보(353030) 떴는데 좀 더 돌려볼까요? 블큐랑 골큐 남았는데.. [이미지]
2026-07-23,0,0,기타,제네무기 밑잠 유닉->레전 보낼때 메소? 큐브?,대적자 코인으로 화에큐 사서 레전 등업시켜? 아니면 메소로 등업시키고 옵션을 큐브로 봐? 메소로 올리려면 150억은 봐야될거 같은데...
2026-07-23,0,0,아이템,"해방 후에 남는 블큐, 에디큡은 어따 쓰나요",하트가 정배인가요? 아니면 미라클때까지 킵해서 등업 노리는게 정배인가요ㅠ [이미지] [이미지] 현재 스펙입니다...ㅠㅠ
2026-07-23,0,0,아이템,드메템 맞추는게 이득일까요?,8월 1일까지만 매일 메제 채우면서 사냥 하려고 하는데 드메템 하나 사서 쓰는게 효율 나올까요? 하프이어링 살때 수수료가 5000메포정도 나오길래 사냥 열심히 하고 나중에 다시 팔아도 효율이 나올지 안나올지 모르겠어서요 현재 드롭률은 재획비 마시면 83퍼에 메획 0퍼입니다 메소 20억정도 있어요
2026-07-23,0,0,아이템,질문이요!!,레테 제네시스무기 윗잠인데 보뎀 35 인트 9 마력9 VS 보뎀40 보뎀 30 힘9 어떤게 나을까요!! 환산도 안되네요
2026-07-23,0,0,기타,환산주스탯에서 추옵 기준에대해 질문이있습니다ㅠ,"제가 지금 주스탯 사이트 기준으로 무기 추옵이 2추+6% 나오고 1추 기준으로 눌러서 보면 1추+10%가 나오는데 1,2추 기준은 알겠는데 뒤에 6%나 10%의 기준은 뭘 두고하는 말인가요?? 주스텟이나 보공 방무가 어느정도 수치로 떠야지 저 %에 해당하는지를 모르겠습니다ㅠㅠㅠ"
2026-07-23,0,0,기타,안녕하세요! 갑자기 환산이 5000정도 떨어졌는데 무슨 문제인가요?,챌섭은 환산이 맞는 것 같은데 본캐는 갑자기 헥환이 5000 떨어졌더라고요... 버프도 다 확인해보고 했는데 빠진 건 없구 전투력은 그대로입니다 환산만 이상한 건가 싶어서 보스 배율도 봤는데 많이 내려갔습니다ㅠㅠ 캐릭터는 비숍입니다!
2026-07-23,0,0,직업,렌 오늘 들어오고 5초던데 쿨뚝 효율 좋은거 있나요?,지금 그냥 깡 스텟인데 5초에서 쿨감 효과받나요?
2026-07-23,0,0,기타,세렌잡고 검마잡으면 제네페스플러스 안열리나요?,검마가1번 세렌이2번인데 세렌부터잡으면 세렌보상못받아요....?
2026-07-23,0,0,아이템,거공 아랫잠 돌리다 떴는데 아랫잠 기준으로 판매하는게 나을까요?,두줄만 띄워야지 하고 돌리다 떴는데 그냥 인트 두줄이다 생각하고 쓸까요? 아님 아랫잠 세 줄이니깐 판매할까요? 에디셔널은 가격 알아보기가 힘드네요 ㅠ
2026-07-23,0,0,몬스터,검마 입장제한 있나요?,찐모 몇번 하다보니까 아예 연습모드도 안들어가지네요
2026-07-23,0,0,직업,복귀메린이 직업추천,"유니온 9000 복귀메린이입니다. 자본은 평범하게 있구요 조건은 일정시간마다 스택쌓는거는 절대 싫음! ,이동기,회피기 좋아야함 ,불쾌하고 불편한시스템없어야함. 그렇지만 손이 심심하면안됨. 투표 부탁합니다!!! Q 제목: 직업추천 (종료) 최대 1개 선택 가능 참가자: 10 명 26.07.24 14:35:59 마감 득표순 답변순 렌 (70%, 7표) 아델 (20%, 2표) 제로 (10%, 1표) 투표가 종료되었습니다."
2026-07-23,0,0,아이템,대적자 코인 1추+@ vs 에마삼 뭐가 좋을까요,"블큐사서 마력포함 3줄 노리는건 좀 미련한 것 같고 심환불 1추+@가 나을까요 에마삼 노리는게 나을까요? Q 제목: 적자 코인 투자 (종료) 최대 1개 선택 가능 참가자: 15 명 26.07.24 14:40:59 마감 득표순 답변순 화에큐 에마삼 노리기 (53.3%, 8표) 심환불 1추 @ 노리기 (46.7%, 7표) 투표가 종료되었습니다."
2026-07-23,0,0,아이템,아델 제네 무기 뭐 건드릴지 알려줘,"윗잠 보보공 정옵 (35 30 9), 에디 뎀공공 (공 21.5퍼), 추옵 2추 18퍼 (보뎀 12, 올탯 6) 이상태인데 대적자로 뭐 돌릴지 추천좀"
2026-07-23,0,0,아이템,울티마 3렙 장비 레벨 아시는분?,ㅈㄱㄴ
2026-07-23,0,0,기타,이거 그린아이디 옐로아이디,이거 그린아이디 한번 지정하면 옐로아이디 싹다 없어지는거임? 아니면 일정 기간마다 그린아이디 다시 재설정할수 있나?
2026-07-23,0,0,기타,환산주스탯 스펙업순서 질문드려용!!,스펙업순서 사진으로뜨는데 세금내는거빼고 18성부터해야할까요? 6차스킬은 뭐 부터올려야하는지 봐도 안나오네요 ㅠㅠ [이미지] [이미지]
2026-07-23,0,0,아이템,헤어나 성형도 프리스타일 되나요??,이번 챌섭 루미 키우는데 여캐는 어센트 일러가 별로라 남캐로 만들었는데 캐릭터 코디는 여캐처럼 하고싶은데
2026-07-23,0,0,기타,메키 챌섭에서 하고 보상은 본섭에서 수령되나요,메키 키우는건 챌섭에서 키우고 보상들은 본섭에서 수령 될까요
2026-07-23,0,0,기타,미니게임 자동사냥스테이지,전사 레벨 6찍어서 1-5까지 밀었는데 그래도 반복사냥은 1-2에서 해야하나요? 아니면 최대민곳에서 반복사냥하나요?
2026-07-23,0,0,퀘스트,검마 도전하려고하는데요,보마인데 오리진 말고 어센트 등 추가 스킬 찍고 가는게 낫나요?
2026-07-23,0,0,기타,핸즈 옥션 그린아이디등록? 어케하나요..,회사 점심시간인데 옥션보려니까 그린id등록하라는데 이거 모바일에서는 안되는건가요???
2026-07-23,0,0,기타,넥슨링크 pc조작 오류 왜이럴까요,"원격플레이좀 하려고 하니 연결후 1분정도면 pc에서 조작이 발생하여 종료한다고 알림이 뜨네요 저는 회사에 있고 집에는 아무도 없는데 말이죠 pc절전모드,화면보호기,모니터끄기 이런건 전부 안해놨습니다 왜 이럴까요..."
2026-07-23,0,0,아이템,챌섭뉴비 템 가이드 부탁드립니다ㅠ,현스펙 1억이구 해방했어요. 방어구는 전부 도전자 장비만 끼고있음. 목표는 하드메이린 클리어 까지입니다. *****200 카르마 레전잠재 주문서 하나 남은거 있습니다. 질문 루컨마 풀 프악공 발린걸 충동구매해서 여명 4셋이 깨짐. 2칠흑 3여명 5보장 세트인데(미트라 보유중. 윗잠아랫잠 포함 공 36) 데브펜과 블빈마는..잠재가 안뜹니다ㅠ 메커는 럭21퍼 메획20퍼라 걍 끼고있는거에요. 1. 장신구 그대로 유지하고 여명세트 3부위와 골클벨 블빈마 스타포스 18 달기 2. 칠흑 4셋을 먼저가고 이후 칠흑 17성 여명 보장 스타포스 18성 달기. 이 경우엔 어느부위를 칠흑으로 바꾸면 되는지요? 3. 레전잠재 주문서 저거 어디다쓸까요? 미트라 윗잠 레전이라 칠흑 악세 한부위에 바를까요? 아케인에는 딱히 별론거같고 칠흑악세면 어느부위에 바를까요? 목표가 하드메이린이라 무리한 과금은 딱히 없을꺼같습니다.
2026-07-23,0,0,시세,렌 보조무기 시세 적정한가요?,윗잠 보공 40 30 30 밑잠 레전드리 공12 잡옵두 140억이던데 적당한 편인가요?
2026-07-23,0,0,직업,복귀유저 직업추천좀 해주세용,"리마스터 되기전 21년도쯤에 5만대 히어로 였다가 접고 다시 복귀각 잡고 있는데 지금 메이플이 제가 알던 메이플이 아니라 완전 바뀌어가지구 못고르고있습니다.. 다시 진득하게 시작하고싶은데 히어로를 다시 할까 아니면 아델,아크,아란,카데나? 중에서 고민중인데 투표좀..도와주십쇼 카데나는 많이 못할정도로 어려울까요? 그 이외에 직업도 추천해주시면 참고하겠습니다 ! 새로 키우고 싶은데 추천좀 부탁드립니다 ! Q 제목: 복귀 직업추천 (종료) 최대 1개 선택 가능 참가자: 15 명 26.08.07 10:45:59 마감 득표순 답변순 아란 (33.3%, 5표) 다시 히어로 (20%, 3표) 카데나 (20%, 3표) 아델 (13.3%, 2표) 아크 (13.3%, 2표) 투표가 종료되었습니다."
2026-07-23,0,0,아이템,아란 제네무기,현재 무기 상태인데 윗잠은 한동안은 쓸 예정이고 에디만 공두줄 노리고 추옵은 1추+@ 노리는게 맞을까요? 우선순위는 무조건 에디인거같은데 조언 부탁드립니다 메짱분들
2026-07-23,0,0,몬스터,메이린 스페(혼돈)스킬 2개 까는거 가능한가요?,게이지 다 차서 기존에 들고있던 스포트라이트 쓰고 신규 혼돈 스킬 얻으면 사용한 스포트라이트 바로 사라지나요?
2026-07-23,0,0,아이템,제네패스 플러스 재화를 어디에 투자해야할까요?,[이미지] 본캐 렌 부캐 레테 육성하고 있습니다 이번 제네패스 플러스로 받을 재화를 어디에 투자하는게 좋을지 고민돼서 알려주실 분 있으신가요? 1. 렌 윗잠 이탈 3줄을 노린다 2. 레테 아랫잠 레전 두줄을 노린다 3. 렌 추옵 1추 + @ 를 노린다 이렇게 세가지 중에 고민중이거든요? 어떤게 좋을지 의견 주시면 감사드리겠습니다
2026-07-23,0,0,아이템,렌 해방무기좀 봐주셈 큐브,제네시스 플러스 1주차 재화로 띄운건데 2주차부터는 대적자 코인 심환불 사용해서 1추 노릴 예정. 심환불로 1추 뜬다면 나머지 대적자 코인을 윗잠 or 아랫잠 중에 어디다 박는 게 좋을까요 지금 보조가 블랙 보조 보공2줄로 대충 쓰는중인데 보공이 과 한거 같아서 나중 에 보조 구매해줄 때 공3줄로 구매한다면 제네 무기 윗잠은 건드릴 필요가 없는지 아니면 윗잠 보공도 줄여야 하는지 궁금합니다. 에디는 22.1% 로 나오긴 합니다 (환산주스텟에서) [이미지]
2026-07-23,0,0,기타,스인미 크오솔 쓰는 이유?,저 잘 몰라서 그런데 다들 스인미 크오솔 쓰시는이유가 뭐에요 딜도 약하고 효과읽어보니 뭐 증가 시켜주는것도 없는거같던데….저는 안쓰고 있거든요 혹시 쓰시는 이유가 뭘까요?
2026-07-23,0,0,아이템,"복귀 템셋팅 질문 익스우, 노적자 널널컷정도",이번에 복귀해서 제논 하고 있습니다 익스우 딱 적당히 잡을만큼 가보고 싶은데 방어구 장신구 템셋이 어느정도로 맞춰야할까요?? 여기 가려면 챌섭 아케인18강은 버려야하나요..?
2026-07-23,0,0,직업,메고수님께 자석펫 위치 질문,챌섭 자석펫 1개인데 보통 몇번칸에 배치 하시나요?
2026-07-23,0,0,아이템,제논 보조 질문드려요,"제논 레전보조를 맞추고싶은데 많이 비싸더라구요, 일단은 블랙보조 유니크를 쓰는게 맞을까요 ?"
2026-07-23,0,0,아이템,신규유입 챌섭 모멘텀패스,"현재 282렌을 키우고있는 신규 유입 유저입니다 다른 캐릭터가 없어서 본계가 될 캐릭을 키우고 있는건데, 모민텀 패스를 안사도 285를 넘겨 본캐가 될거라 그냥 구매를 하려고 합니다. 혹시 이번 패스도 재화별로 써야하는 타이밍이 있을까요?"
2026-07-23,0,0,아이템,복귀늅 템 질문,"일단 해방 및 노세이칼까지는 잡아뒀는데, 템 방향성을 잘 모르겠읍니다,, 직업은 은월이고 해방무기는 일단 이렇게 맞춰두었읍니다 똥블렘 유니크 공두줄 달고있고, 보조도 레에 보보뎀 들고있는데 뭐부터 바꿔야될까요,, 미트라는 너무 비싼거같긴하던디 지금.. [이미지]"
2026-07-23,0,0,아이템,제네무기 질문드립니다,[이미지] 윗잠 계속 2줄로 살다가 3줄 쓰고싶어서 돈으로 밀었습니다 메이플 첫 해방이라 본캐로 키울 케릭인데 제네패스나 이런저런 큐브들로 아랫잠 천장 찍을수 있을거같은데 아랫잠을 레전으로 올리는게 좋을까요? 아니면 추옵을 먼저 손대는게 좋을까요? 추옵은 가격이 싸서 메소로 돌리는게 좋을거같아 질문드립니다 )))윗잠도 솔직히 마음에 안드는데 이탈 한줄정도 노려보고 더 돌려야할까요?
2026-07-23,0,0,아이템,복귀쌩뉴비 템 진로상담(사실상 황무지에서 재건) 질문,[이미지] [이미지] 전투력 1300만에 헥환 12000 그냥 아무것도 없는 수준입니다.. 현질도 못해서 그냥 쥬니퍼베리 씨앗 캐서 팔아가면서 심볼업에 엠블렘이라도 간신히 하나 사긴했는데 어디부터 뭘 맞춰가는게 좋을까요? 그나마 보조는 쌀먹큐브로 쌍레전 띄우긴 했습니다..
2026-07-23,0,0,아이템,모멘텀 패스 구매고민,안녕하세요 오늘 나오는 모멘텀 패스를 누구 줄지 고민이라서 질문드립니다. 템상황 챌섭 282 보우마스터(활잡이육개장) = 18성/18퍼 둘둘 본섭 281 렌 (묘소협) = 누더기 일단 본섭 렌입니다. 1년 전 챌섭일때 키우다가 281 찍고 접은 상태 (전투력 6500) 아버끝나고 빈부위 누더기 이것저것 기워입었어요. 아래사진은 무보엠입니다. [이미지] 다음은 챌섭 보마인데요 [이미지] 헥사스탯이 다소 좋게 나왔습니다. 렌은 해방무기 낫배드+직업 자체가 본캐로 적합 보마는 헥사스탯+ 나머지 장신구 품질이 좋음 어디에 모멘텀을 주고 장기적으로 본캐로 잡는게 좋을까요?
2026-07-23,0,0,기타,카르시온에는 최상층 4처럼 포탈로 야누스 설치하는 맵은 없나요?,아까 해방하고 285 지역가봤는디 최상층4처럼 편한자리는 못찾았어요.. 혹시 있나요?
2026-07-23,0,0,기타,환산주스텟 추가스펙 시뮬 질문있습니다,[이미지] 어제 해방안한 템세팅에서 오늘 해방한 제네무기 추가해서 시뮬돌려봤는데 3300만 뜨더라고요 근데 실제론 2300만밖에안올라서 혹시 시뮬 정확도가 좀 떨어지나요?
2026-07-23,0,0,아이템,렌 템셋고민,"아직까지 먼 일이긴한데 아이템버닝 장비 기간 끝나면 끼워줄 대체장비를 슬슬 준비해야될것같아서 템셋방향 질문드립니다. 지금 시점.. 3카루타가는건 좀 아닌것같은데 맞나요? 18 레전2줄 에디에픽2줄 3에테르넬 (모자 상의 하의) 아케인 견장, 신발, 망토 << 요거 3개 마스터찍으면 주는 18성 줌서+ 유잠+에디에잠으로 15퍼 + 에디공2줄 정도 장갑만 아케인 쌍크뎀으로 구매하는거 어떤가요? 요렇게맞추면 어느정도 도전자셋 대체 가능할까요? 비효율적인가요?? 더 효율적인 방법이 있다면 알려주세요"
2026-07-23,0,0,아이템,제네패스 플러스 코인 어디다 써야할까요?,안녕하세요! 돈 조금 쓰면서 메이플 열심히 달리고 있는 메린이입니다. 해방을 하고 운 좋게도 해방 무기를 괜찮은 세팅으로 맞췄는데 아직 제네시스 플러스 패스 미션도 많이 남아있고 해서 대적자코인으로 어떤걸 교환해서 해방무기에 더 써야할지 고민입니다. 어떻게 하는게 좋을지 알려주시면 참고하고 메이플 열심히 해보겠습니다!! 현재 해방 무기이고 렌입니다! [이미지]
2026-07-23,0,0,아이템,제네패스 윗잠 아랫잠 우선순위 질문,"현재 상태고, 아직 세렌 큐브 안썼습니다 공짜 큐브로 에디 천장 3분의 1정도 쌓아놨습니다 윗줄 방무 뺀 세줄 완성하고 나머지 전부 에디에 박는게 정석인가요?"
2026-07-23,0,0,아이템,메린 제네 직작 질문이요!! 드디어 제네 해방이네요...ㅠ,현재 대적자코인 안써서 4000개 있습니다 보보공아니고.. 에디셔널은 레전이 아니긴하니 에디셔널 먼저 레전보내고 1추옵 띄우고 잠재 보는게 맞겠죠..?
2026-07-23,0,0,아이템,화에큐랑 제네패스화에큐 공유가능?,화에큐 천장 목푠데..부족할거같은데 제네패스에서 화에큐 발라서 천장띄우나요??
2026-07-23,0,0,아이템,와헌 제네 무기 잠재,원래 쓰던게 보보공인데 공공공이 떠서 뭘 집어야 하나 고민입니다.. 둘다 정옵인데 보조를 아직 안맞춰서 공공공 고르는게 나을까요? [이미지]
2026-07-23,0,0,아이템,앞으로의 제네무기 이벤트 재화를 어디에 사용해야할까요,이벤트 재화를 에디큐브만 받아서 레전 보내는게 나을지 윗잠 보공 35퍼인데 다른 3줄 노리는게 나을지 고민되서 적어봅니다! 목표 환산은 9만입니다 (최종은 11만)
2026-07-23,0,0,아이템,뉴비 잠재 어떻게 해야될까요,[이미지] [이미지] 1. 무기 윗잠 2. 보조 건들기 3. 엠블 건들기 데슬인데 고민입니다ㅠ 전 보조 건드는게 제일 급하다고 생각하긴 해요
2026-07-23,0,0,아이템,월드자석펫 스킬 월드리프 문의,"챌섭에 자석펫 4~6개 있어서 자석펫 스킬을 배운 상태에서 실제 착용하지 않는 자석펫을 캐시보관함에 넣어도 스킬은 그대로 유지가 되는데, 그러면 만약 착용하지 않는 자석펫을 월드리프시킨다면 스킬이 유지 되는지 궁금하네요."
2026-07-23,0,0,아이템,추옵 시세좀 알려주세요,
2026-07-23,0,0,아이템,제네무기 큐브순서한번만 봐주실분,이거 윗잠먼저 맞나여?
2026-07-23,0,0,기타,자석펫 없이 할만한 사냥터 없을까요ㅠ,현재 281레벨 90펀데 자석펫 없어진 후로 메소 회수만 몇십초씩 걸리니 너무 힘듭니다.. 회수다니느라 몹도 새고 메소는 드럽게 안먹어지니 짜증만 나네요.. 조금 괜찮은 사냥터 있을까요
2026-07-23,0,0,아이템,메린이 제네무기 관련 질문입니다!!,이번 세렌 제네패스 도중 윗잠 35 30 9 에디 9 6이 떴는데 앞으로 코인을 어디에 써야할까요? 아랫잠이 맞는것 같은데 잘못하다간 스펙다운될것같아서 고민입니다! 조언 부탁드려요!
2026-07-22,0,0,아이템,제네무기 질문,이정도만 해두고 다른곳에 더 투자 해야하나요? 무기 더 투자해야한다면 윗잠 아랫잠중 어디먼저 돌려야하나요
2026-07-22,0,0,퀘스트,"검마2인 스펙, 챌2 구하는 법 알려주실분","제 환산 올려놨습니다 본캐도 검마 못했는데 챌썹은 하고 싶네요 본캐도 3페에서 데카아웃해서 안하고 노세, 이칼 돌아요 챌2 280레테에요 검마 120정도 나오는데 2인 하면 검마환산 올라가나요? 또 검마2인 깐부는 어떻게 구해요?"
2026-07-22,0,0,기타,12시 넘으면 점검 전이라도 숙제들 초기화 되나요?,"점검이 4시부터 10시까지라던데, 내일 메이플 못할거같아서 12시지나서 일퀘나 일간보스 숙제들만 해두려고 하는데 뭐 새로운 이벤트 시작하는데 첫날부터 못하는건 아쉽지만 그래도 일퀘들은 할 수 잇죵? 몬파들이랑?"
2026-07-22,0,0,아이템,제네 무기 잠재,윗잠은 공뎀보이고 아랫잠은 공 한줄인데 뭐부터 돌리는게 좋을까요? 둘다 레전입니다!
2026-07-22,0,0,아이템,대적자큐브 어디쓸지 추천좀 해주세요..,부탁드립니다 ㅠ 챌섭에 지금 본캐이고 렌입니다..
2026-07-22,0,0,아이템,템 진로상담 해주실분,"이번 챌섭 복귀유저입니다 본캐예정 듀블 육성중이구요 내실 채우려고 조각은 모으는 중인데, 막상 챌린저 달고 나니 앞으로 템은 뭐부터 바꿔가야할지 모르겠네요ㅠ 중장기적으로 플랜 봐주실 형님 있으신가요? 지금 템값이 비싼거같아서 템 사고팔 타이밍같은것도 조언 있으시면 부탁드립니다 + 챌섭+이벤보상으로 받은 레잠 큐브는 깡거공 하나 사서 작할까 생각중입니다 (우선 거공+마도서로 4칠흑 생각중) + 7칠흑이 먼저일지 장신망견 에테가 먼저일지 모르겠네요.. 감사합니다"
2026-07-22,0,0,아이템,은월인데 뚝배기 잠재 뭐 골라?,대충 유챔용임. 환산주스탯 돌렸을땐 오른쪽이 환산 더 높게나오던데 그냥 힘3줄 고르는게 맞나?...
2026-07-22,0,0,아이템,제네무기 외형 바꿀 수 있음?,모루질 하고싶은데 메멘토+제네라 뭔가 안될느낌인데 되나요 이거?
2026-07-22,0,0,직업,형님 누님들 알려주세요 ㅠㅠ,헥사코어 스킬을 올릴려고 보니깐 활성화가 하나도 없는데 이거 어떻게 보면되요? 처음에는 활성화가 되어있는 스킬이 있어서 강화를 하고 올렸는데 다 활성화된 스킬 다~올리고 새로고침을 해도 ..... 사이트에 스킬 들이 비활성화가 되어 있는데 이거 무시하고 그냥 비활성화 된 스킬 강화 하면 되나요?? 사이트에 보이는 거 순서대로? 알려주세요 어떻게 하면 활성화가 되는지... 헥사 코어 강화를 어떻게 하면 되는지 ㅠㅠ
2026-07-22,0,0,아이템,제네무기 바꾸고 싶은데 어떻게함?,"히어로 검, 도끼 모션 다를줄 알고 실수로 제내검 받았는데, 25년도 글들 보니까 버리면 다시 처음부터 해방해야한다는데 진짜임? 일단 아직 해방퀘 진행중이고 버려지지도 않음"
2026-07-22,0,0,기타,컴퓨터 질문,다음달에 월급 받으면 컴퓨터 적당하게 구입하려고 하는데 조립pc는 아는게 없어서 다 되어있는걸로 살려고 합니다. 게임은 메이플이랑 롤정도만 할건데 이정도면 괜찮을까요? 원래는 노트북으로 하고있었습니다. 어떤게 가장 괜찮을까요? [이미지] [이미지] [이미지]
2026-07-22,0,0,기타,템환감소 헥환증가 질문,보공-10퍼 공7.5퍼 방무-30퍼를 넣엇을때 사진과 같이 나오는데 헥환이 많이 올라서 매우 좋은건 알겟는데 템환은 조금 내려가고 헥환은 많이 올라가는게 어떤 이유인지 궁금해서 질문드려요 포인트는 템환 내려가고 헥환 올라가는거보단 저 차이가 큰 이유가 궁금해요
2026-07-22,0,0,아이템,레전 잠재를 어디 주는게 좋을까요?,챌섭 30000점 보상으로 레전 잠재가 나왔습니다 이걸 어디다 쓰는게 좋을까요? 해방 후 제네무기에 쓰기엔 좀 느릴 것 같고 보조랑 엠블을 사먹는다 치면 하트가 좋을것도 같은데 그냥 보조랑 엠블 직작을 하는게 나을까요?
2026-07-22,0,0,직업,렌 보공,11.5이상급으로 렌 하려고하는데 무보엠 보공 몇줄 챙겨가는게 좋을까요?
2026-07-22,0,0,아이템,해방무기 작 하는 거 질문,[이미지] 챌섭에서 제로 키우고 있는 유입입니당 이따 12시 이후에 해방 완료 예정인데 제가 이번달에 검마는 잡았고 세렌도 충분히 잡을 수 있어서 대적자 코인은 총 4000개 확보 가능합니다 현재 무기 상태는 저런데 대적자 코인을 어떻게 사용해야 할지 모르겠어요... 일단 생각해둔 후보는 총 3개인데 1. 1추를 먼저 뽑는다 2. 윗잠 3줄을 노린다 3. 에디 레전을 보낸다 여기에서 우선해야 할 게 뭔지 모르겠습니다...ㅠㅠ [이미지]
2026-07-22,0,0,아이템,제네무기 질문,"메짱이형님들 제네무기에 모아놓은 화에큐, 블큐랑 심환불 받은걸로 이렇게 띄웠는데 제네시스 패스 플러스 굳이 안사도 되겠죠? 대적자코인으로 얻을수 있는 큐브로 더 좋은 옵 띄울 확률이 높으려나 궁금합니다"
2026-07-22,0,0,기타,챌섭에서 링크 3렙 박고 리프하면 증표 날아감?,본섭 가도 링크 3렙 유지 되겠지?
2026-07-22,0,0,아이템,렌 템셋 부탁드립니다 고수님들.,"최근 메랜하다가 본메 해보고 싶어 친형 279 렌 계정 해보려고 합니다. 우선 무기,방어구, 장신구 전부 바꾸려고 합니다. 현재 템 시세는 비싼편인가요? 450억 정도면 교복셋 가능한지요.. 잠재 포함 템 셋팅 도와주실 고수님들이나, 참고 링크 있으시면 부탁드립니다!"
2026-07-22,0,0,기타,메린이 템 셋팅 질문!!,안녕하세요 메이플 시작한지 일주일 된 메린이입니다. 해방하려 제네시스 패스까지 샀는데 하드 스우랑 하드 데미안 못깬 상태입니다.. 스우 300프로 나오는데 못잡음;;ㅠㅠ 무튼 오늘까지 깨고 싶어서 10만원 정도 현질하려는데 50억 정도면 4여명?? int 18프로 5억 정도던데 이거 산다음에 스타포스17성 강화권으로 강화해주고 에디 레어 마력 10정도만 달려는데 이거 하는게 제일 베스트인가요???? 참고로 엠블렘은 마력15퍼 쓰고있고 보조무기는 보공 30에 마력6 프로입니다.
2026-07-22,0,0,기타,챌린저스 260버닝 하나 더 주나요??,만약 준다면 주기전에 200짜리 하나 키워놓고 추후에 버닝 받아도 아이템 소급적용되나요?
2026-07-22,0,0,기타,메린이 진로 상담(1억 목표),[이미지] [이미지] 현재 전투력 6290만입니다! 해방하면 투력이 꽤 오른다고는 들었는데 그전까지 스펙업 욕심이 나서요! ㅎㅎ 우선은 1억이 목표인데 템셋팅 관련해서 상담 좀 해주시면..감사하겠습니다😭 참고로 본섭입니다!! 챌섭엔 275짜리 레테 부캐로 키우고 있어용
2026-07-22,0,0,기타,메린이 챌린저 이후 진로봐주실분..,"안녕하세요. 저번 주에 하메잡고 챌린저를 찍었습니다. 목표 달성하고 나니 좀 허무해서 새 목표를 잡아보았습니다. 다조 판매 기준 하루 메소 약 10억 정도 법니다 풀드메맞추기 하루 메제 거의 다 채우고, 현재 장비 드120 / 메100 입니다 (쌍드펜던트, 드,메 반지 각2개씩 , 쌍메 눈장 , 드메 하프 ,드랍 얼장) 자석펫 한마리 더 구매하기 버섯+아이스크림 쓰다가 아이스크림 죽으니 역체감이 꽤 심해서 회수에는 큰 문제 없지만 버섯 한 마리 더 구매 하기 스펙업하기 에테 상하모 (아케인은 18성주문서,에잠에에잠로 직작예정 ) 닉네임 : 뭉요란 이번 챌린저 유입이라 본캐입니다. 우선 최종 목표는 익스 스우까지 생각중이에요 물론 다 해야하는건 알고있습니다만 현재 목표 우선순위 어떻게 가져가는 게 좋을지 조언 부탁드립니다. 적다보니 글이 길어져서 죄송해요"
2026-07-22,0,0,아이템,이거 좋은건가요?,뉴비인데 해방무기 윗잠 이거 그대로 쓰면 되나요
2026-07-22,0,0,아이템,이카돌이 제네무기 우선순위,"제네패스 + 중,상급 보스코인샵 + 이벤트재화등 이카돌이라 에디는 스킵 윗잠만 돌린다 생각하면? 일리움>보마>와헌>아델 이 순서가 정배인가요?"
2026-07-22,0,0,기타,안녕하세요 질문하나드려요,이 아저씨 왜생긴거고 어떻게 없애나요??
2026-07-22,0,0,아이템,데티무기 아직도 전투복끼면 코디로 못쓰죠?,데티무기가 제일 이뻐서 전투복끼고 무기만 데티무기로 외형 빼고 싶은데 옛날부터 이건 안되는거 같던데 지금은 혹시 가능한 방법이 있나 여쭤봅니다. 마라벨 무기를 프리셋으로 빼서 마라벨 무기 있는 프리셋 없는 프리셋으로 나눠서 써보려고했는데 프리셋으로 무기를 빼면 마라벨 세트효과랑 공/마가 적용이 안되는거 같네요 ㅠ
2026-07-22,0,0,아이템,법사 아스트라 보조 질문,법사 아스트라보조무기는 방패류 스타포스해서 전승하면 그대로 전승된다라고 공지된내용을 봣는데 1단계 보니까 아스트라가 최대15성인데 20성 방패를 전승하면 20성으로 오나요??
2026-07-22,0,0,기타,뉴비 템세팅 고견 주실 수 있을까요?,"[이미지] [이미지] 하드메이린 잡고 싶고, 투자는 500억 정도 더 할 예정입니다! 여명 18성은 샤타포스때 하려고하고,, 무보엠은 어느정도 수준인지 모르겠어서 어딜 손봐야할지 모르겠습니다 ㅠ 도미빼고는 직작으로 뽑았는데 바꿔야할 부분 있으면 고견 부탁드립니다!"
2026-07-22,0,0,아이템,메린이 템세팅 질문이용,[이미지] [이미지] 챌섭 챌린저 목표로 키우고있는데 템셋을 어케 가야할지 조언좀 부탁드립니당 현재 투력 9200만 정도에요.
2026-07-22,0,0,몬스터,일보 챙겨잡는게 좋나요?,"소재획먹으면 메획이 185%입니다. 30분 사냥에 아이템 창 기준으로 2천만, 전분기준으로5천만이 나옵니다. (그러고보니 185%인데 5천만이 맞나요? 다시 해볼게요 이건..) 쨋든 궁금한건 일일보스 최대로 잡고 결정석을 모을 필요가 있는지 궁금합니다. 마일리지 때문이라도 잡는게 맞는건지.. 실제로 단위 시간에 버는 돈이 더 많긴한건지 궁금합니다. 먼저해보신분 안계시면 내일저녁에 테스트해보고 댓글로 후기 남기겠습니다."
2026-07-22,0,0,아이템,메린이 챌섭 무보엠 세팅 질문있습니다,[이미지] [이미지] 제네무기는 해방했고 윗잠 레전 보공80+뎀9가 나왔습니다 1.제네 패스플러스에 코인을 윗잠에 쓸지 아랫잠에 쓸지 고민입니다 아랫잠은 유니크에요 2. 보조는 블랙보조쓰고있는데 유에 공18+6퍼 쓰고있습니다 챌린저를 목표로 하고있긴한데 현금은 적어서... 보조를 사먹을지 다른곳에(장신구) 투자를 할지 고민입니다 사먹는다면 공공방+6퍼정도 살거같아요 3.앰블은 애완미트라 예정 4.제네무기 추옵도 괜찮은지 함 봐주십숑ㅜ
2026-07-22,0,0,기타,커뽀라 vs 커좀피,뭘 더 잘 쓸까요? ㅠ_ㅠ
2026-07-22,0,0,아이템,2소재도 드메세팅하나요?,ㅈㄱㄴ
2026-07-22,0,0,아이템,이제 하드진힐라 잡고 다이아 찍은 뉴비 진로 좀 부탁드려요,현재 상황은 딱 제목대로 입니다! 오늘 하듄 하트진힐라까지 잡고 챌린저스 다이아몬드 찍었습니다! 일단 머리속으로는 담주에 벨트 맞추고 천천히 프악공작 및 하트작하는건데 그 이후로는 해방 존버인가요? 닉네임 유l생 입니다!
2026-07-22,0,0,아이템,드메 질문좀용,장비기준 메80/드53인데 메획한줄짜리만 살까요 아니면 드메를 한번에 지를까요..? 평소에 현생땜시 평균3소재에서 4소재정도만 합니다.
2026-07-22,0,0,시세,챌섭 미트라 사면 너무 바가지 인가요?,지금 미트라 쌍레나 레유 보고 있는데 쌍레 200억 레유 100억인데 너무 비싼감이 없지않나 싶어 구매하기 망설여지는데 가격이 내려가면 살까요? 아니면 괜찮다고 보나요?
2026-07-22,0,0,몬스터,좀비머쉬맘이 없어요,채널 거의 다 돌았는데 한마리도 없음 챌섭에다 평일 낮이라 누가 잡았을리는 없는데
2026-07-22,0,0,아이템,이벤 블큐 남는거 보통 어디에 쓰시나요?,"해방무기 윗잠3줄, 미트라,보조 다쓰고 이제 쓸때가없는데 짬통으로 에테 모자나 장갑 잡레전사서 럭키옵 노리는게 베스트인가요? 다른안 있으시면 추천부탁드립니당!"
2026-07-22,0,0,아이템,에테 210급 상의,에테 210급떠서 파려고하는데 별값 잠재값 버리고 팔아야하는거지 형들..?
2026-07-22,0,0,아이템,제네패스 플러스 코인 사용처,"아란 무기 어따쓸까여 추옵은 저거 1추임다 밑잠 메소 등업은 100번정도 남았고, 화에큐는 10?20?개밖에 안돌려서 좀 남았어요 Q 제목: 무기 어따? (종료) 최대 2개 선택 가능 참가자: 33 명 26.07.23 12:10:59 마감 득표순 답변순 윗잠 (보공뎀) (66.7%, 22표) 밑잠 (유니크 15퍼) (30.3%, 10표) 추옵 (1추 힘 보뎀) (3%, 1표) 투표가 종료되었습니다."
2026-07-22,0,0,기타,캐릭터 삭제,하이퍼 버닝이 명의당 1개 만들수있는걸로 아는데 만약에 지금 키우던거 삭제 하면 다른계정에 만들면 버닝 아이템같은거 전부 다시 받을수 있나여
2026-07-22,0,0,아이템,부캐 제네 플러스 어디다가,이건 진짜 어디 먼저 해야할지 모르겠네요... 에디 공 10퍼급 나오네요
2026-07-22,0,0,아이템,이거 추옵 얼마정도하나여,
2026-07-22,0,0,기타,형님들 몬스터파크 핸즈 템셋팅 질문,재획셋팅해도 드메 적용안된다느소리 들었는데 사냥셋팅으로 돌리는게 좋나요?
2026-07-22,0,0,기타,이번달에 바로 150만원 질러서 MPV 레드 달성했는데요,mvp레드 등급을 유지하려면 3달지나고 또 한번에 150 질러야 하나요?? 레드달고 3개월안에 메포 현질하는거는 카운팅 안되는걸까요?? 메이플 핸즈시간 그거 메포였던거 같은데 상품나오면 매주 5만원씩은 꾸준히 지를예정이긴 합니다
2026-07-22,0,0,기타,몬파 핸즈 몬스터 원킬컷 안나는데 상관있나요?,ㅈㄱㄴ 획득 메소랑 경험치랑 아이템 차이 많이 나는지 궁금해요 아는 사람 있나요?
2026-07-22,0,0,직업,무보엠 보고 본캐점 골라주세요,"[이미지] [이미지] 셋 다 스펙 같아서 이적자까지 가능합니다. 다조는 렌 3800, 레테 2000, 캡틴 1500 썼습니다 레벨은 렌 286, 레테284, 캡틴 280입니다 엠블렘 보면 캡틴 가는게 맞을것같은데 누를게 많아서 재미가 없어요.. 뭘로 가야할지 고민이라 추천 부탁드립니다 Q 제목: 본캐 최대 1개 선택 가능 참가자: 16 명 캡틴 렌 레테"
2026-07-22,0,0,아이템,무보엠 에디천장 어디쓰는게 제일 낫나요??,"다 마력 15퍼라 어디에 써야할지 모르겠어요 ㅜ.. 마력 15퍼 돌리는거 아니라는데.. 무기 블랙보조 미트라 어디에 쓰는게 제일 나을까요,, 무기는 제네패스플러스에서 큐브사서 21퍼뽑으려고햇는데 먼가먼가.. 돌렷다 좃댈거같아서.. 고민되네요 ㅜ.. 보조랑 무기는 윗잠도 세줄인데 미트라는 2줄이라 미트라에 쓰는게 맞을까요?"
2026-07-22,0,0,기타,지금부터 시작하는 3만점 하려면,275렙까지 사냥할 시간이 있다고 한다면 3만점 찍는데 메소 최소로 얼마나 들까요?
2026-07-22,0,0,기타,뉴비는 챌섭에서 방어구나 장신구 어떻게 맞춰야 하나요?,유튜브나 인벤 글에 있는 템세팅들 보면 22성템들을 사더라구요 이런 템들은 옥션에서 몇백억씩 하던데 다들 재획해서 메소 모아서 사시는건가요? 아님 직작으로 맞추시는 건가요?
2026-07-22,0,0,퀘스트,제네시스패스 너무 어려워요,"이번에 챌섭으로 유입된 뉴비인데 게임이 너무 어렵습니다. 스우를 잡으라는데 잡기도 전에 2페이즈에서 죽어버리고, 공략영상을 봐도 영상에는 억단위로 데미지 뜨는데 저는 해봤자 딜 조금밖에 안나오고 반레온도 간신히 잡았더니 도저히 여기서 막혀서 게임이 재미없어졌습니다. 아란으로 262 왔는데 패스 사야지 더 재밌게 할 수 있다고 해서 없는돈에 구입했더니 아예 보스 잡지도 못하니 현타만 죽죽오는데 어찌하면 좋을까요? 한시간내내 머리 박았더니 제머리만 아프고 계속 죽기만해서 답답하기만 합니다..ㅠ"
2026-07-22,0,0,기타,메이플 목요일 보스,다른 게임들은 패치당일에 새벽에 게임 안하고 대기탔다가 패치후에 컨텐츠를 하면 이점이 있는 경우가 있는데 메이플도 혹시 그런게 있을까요 보스 바로 돌아도 되나요 ?
2026-07-22,0,0,아이템,챌섭 유입 블래스터 챌린저 템세팅 질문드려요,지금 템은 이 상태인데 챌린저를 찍으려면 하드 메이린을 잡아야된다고 들었습니다 현재 레벨은 283이라 285는 찍을것같은데 템을 어떻게 업그레이드할지 갈피를 못 잡겠어요 조언 부탁드려요.. 혹시 몰라 제 환산주스탯 링크입니다
2026-07-22,0,0,기타,PC방 자석펫 질문,안녕하세요 이번 챌섭 유입입니다. 24일부터 새로운 피시방 이벤트가 열리는데 15시간 자석펫 이벤트는 미정인거죠? 항상 15시간 접속시 자석펫인줄알고 24일 이벤트부터 가려했는데....
2026-07-22,0,0,시세,챌섭 1 정령의 펜던트 90일 교환권 얼마정도에 올려야 하나요..?,이번에 챌섭에서 제대로 해볼라구 시작한 메린이 입니다 몬파 상자 까다가 정령의펜던트 90일 교환권이 나왔는데 올라와있는건 200억 정도 되는데 시세는 또 20억 정도고 얼마에 올려야되나요..?
2026-07-22,0,0,아이템,챌 유입 제논 템셋팅 및 템업글 직작 조언 부탁드림다!,"안녕하세요! 최근에 메이플 복귀해서 재밌게 즐기고 있습니다.(제논) 템을 하나씩 성장시키는 재미를 느끼면서 천천히 스펙업하고 싶은데, 완제품을 사는 게 효율이 가장 좋다는 건 알고 있습니다. 직작하다가 메소만 날릴 수도 있다는 것도 충분히 알고 있고요. 다만 이번에 아케인 18성 강화권도 있고, 이벤트 코인샵이나 보스를 돌면서 큐브도 조금씩 수급할 수 있다 보니, 모든 걸 완제품으로 맞추기보다는 적당히 직작도 하면서 즐기고 싶습니다. 저는 계속 뭔가 직접 성장시키고 할 일이 있어야 게임에 더 정이 붙는 스타일이라서요. 그래서 선배님들께 조언을 구하고 싶습니다. 어떤 부위는 에테르넬을 가는 게 좋고, 어떤 부위는 아케인을 유지하는 게 좋은지 어떤 장비는 완제품을 사는 걸 추천하고, 어떤 장비는 직작해도 괜찮은지 아케인 18성 강화권을 활용한다면 어떤 순서로 맞추는 게 효율적인지 효율만 따지기보다는 적당한 효율을 챙기면서도 직작하는 재미를 느끼고 싶은 방향 입니다. 복귀 유저 기준으로 조언 부탁드립니다. 감사합니다! 여러가지 유튜브를 보고 있긴 하나 제논이라는 직업 특성상 기존 직업들과는 잠재 확률도 좀 다른 것으로 알고 있고 유니크 잠재는 또 효율이 별로다 라는 이야기를 또 어디서 주워듣곤 했습니다. 그래서 에테 17~18레전을 사와서 돌리면서 놀아야하나 싶은것도 있고 다른 직업들은 메멘토실버큐브 같은걸로 유닠 띄워서 하고 한다던데 크뎀 장갑은 일단 경매장 이용 하려고합니다! 그리고 또 글 보다보니 템셋팅 묻는 글보면 목표가 어디인지 알아야한다 이렇더라고요.. 저는 아직 잘 모르겠고 에테 아케인 칠흑 17~18 레에 정도 맞춰서 노는게 목표입니다"
2026-07-21,0,0,기타,옛날에는 메포로 헤어나 성형 살 수 있었는데,이제는 못사나요 ..? 캐시잔액이 부족하다고 나오네요 메포 충분히 있는데 ..
2026-07-21,0,0,아이템,지금 경매장 시세 왜이래여?,아케인이랑 에테 템보는데 왜 시세탭에 비해 팔고있는게 20억가량이나 비싸게 올라오고있죠?? 뭐때매 그런거에요..? 처음이 구매 탭이고 두번째가 시세 탭인데 둘다 동일한 필터에요 [이미지] [이미지]
2026-07-21,0,0,아이템,메린이 드메탬사야할까요?,재획비 빨고 첼섭에서 장비아이템60나오고요 드랍률도 장비로20나옵니다 사냥중에는 메소 138 드랍98나오는데 메소100퍼부터 맞출까요? 하루에 메소 제한 1억에서 1억5천사이 볼거많으면 매제체웁니다!
2026-07-21,0,0,기타,285렙 주차 질문,"햄님들 지금 챌섭 282렙 60% 레테인데 평일에 보통 2소재, 주말엔 5~6소재 하고 있슴다. 모멘토 패스 없이 지금처럼 하면 285렙 주차 가능할까요? 아직 본캐가 없긴 한데 레테가 키우다 보니 안땡겨서 285렙 주차 후 유챔까지만 템 맞추고 겨울 챌섭 때 본캐 다시 정해보려구요. 챌패스가 다음주가 끝이여서 사냥 + 주간 할 일 정도로 주차가 가능할까요?"
2026-07-21,0,0,아이템,무기 이펙트 프리즘 이제 안파나요???,어떤 분이 테섭에서 환호지선 여우 색 바꾼거 보고 이번에 냅다 질렀는데 그냥 프리즘으로는 안바뀌고 이펙트 프리즘이 따로 있더라고요 근데 캐시샵 검색해도 뒤져도 안나옴;; 경매장에 있는거 보면 파는건 맞는데 어디서 살 수 있나요???
2026-07-21,0,0,아이템,뉴비 제네시스 무기 작 질문드립니다.,이벤트로준 블큐 화에큐 검환불 등을 사용해 이정도 만들었습니다. 아직 제네시스 플러스에서 준 코인은 건드리지 않은 상태인데 플러스 패스로 받는 코인을 어디에 투자해야 좋을까요?
2026-07-21,0,0,아이템,첼섭유입 뉴비 템세팅 고민이 큽니다,현재 템 상태는 요정돈데 150억 - 200억정도 투자 예정입니다. 미트라 + 보조를 가야할지...어떻게해야할지 고민이 너무 큽니다 ㅠㅠ
2026-07-21,0,0,아이템,제논 공공올 vs 보보힘 뭐가 좋나요?,무기 보보공 입니다. 그래도 이탈인 보보가 나으려나요?
2026-07-21,0,0,몬스터,카링 초행길 배율 몇퍼때 도전하나요?,유튭 공략보는데 엄두가 안남
2026-07-21,0,0,시세,현재 마피로 나오는 블랙라벨 코디템 사고싶은데,목요일에 얄스 나오면 더 저렴해질까요??
2026-07-21,0,0,몬스터,281 보마 노말 세렌 배율 158%,281 보마 노말 세렌 배율 158%인데 시간 다 쓰고 피가 15~20% 정도 남는데 뭐가 문제일까요 1페는 2극으로 잡아서 16분에 2페로 넘어갑니다
2026-07-21,0,0,아이템,도미 쓸까요 팔까요,"헥환 4만 챌섭유저입니다 몇주전에 도미 먹고 방치중인데 팔고 샤타포스 메소로 쓸까요 아님 직작해서 사용할까요? 파편작만 해놓은 상태입니다 솔루션 부탁해요 Q 제목: 도미 어떻게 할까 (종료) 최대 1개 선택 가능 참가자: 10 명 26.07.22 20:25:59 마감 득표순 답변순 판다 (70%, 7표) 직작해서 쓴다 (30%, 3표) 투표가 종료되었습니다."
2026-07-21,0,0,아이템,벨룸과 칠요,카벨룸 칭호랑 칠요 칭호랑 뭐가더좋아요?
2026-07-21,0,0,아이템,부티크 티켓은 어느 타이밍에 사는게 좋을까요?,"이번 부티크 기프트 시즌이 시작하면 루나 쁘띠 말풍선/명찰 세트를 사볼까 싶은데, 부티크 티켓을 옥션에서 그나마 싸게 살 수 있으려면 목요일 패치 직후에 사는게 좋을까요, 아니면 어느 정도 시세를 보면서 사 모으는게 좋을까요? 넥슨 캐시로 부티크 기프트를 직접 사서 모으기엔 너무 비쌀 것도 같아 고민인데... 맨날 보기만 했지 구입은 처음이라 티켓 모으기 관련 조언 좀 부탁드립니다!"
2026-07-21,0,0,아이템,제네패스 플러스 블큐 vs 화에큐,"지금 무기 상태입니다. 아직 대적자 코인은 1개도 사용하지 않은 상태인데, 이거 블큐 사서 윗잠 방무없는거 노려볼까요 아니면 아랫잠 2줄 노려볼까요? 뭐가 더 좋을까요?"
2026-07-21,0,0,몬스터,검마 데카,안녕하세요 형님들 검마 처음해보는 메린인데 2페에 한번죽었는데 데카 3까이는데 이거 가능한건가요? 계속 데카 3개씩 까이는데 맞는건지.. 계속 리트하고있어서 왜 그런지 알려주시면 감사하겠습니다 ㅜㅜ
2026-07-21,0,0,기타,pc방 접속보상 이벤트 23일까지도 포함인가요??,"자석펫 얻으려고 pc방 접속 보상 받으려고 하는데 오늘(21일) 제외하고 이때까지 4시간 채웠는데 오늘(21일) 5시간 ,내일(22일) 5시간, 23일에 업데이트 전에 1시간 이렇게 해서 채울 수 있나요 아님 그냥 23일 12시땡치면 이벤트 종료인가요??"
2026-07-21,0,0,기타,스펙터블래스트 챌섭끝날때까지있으려나요?,스펙터블래스트 챌섭끝날때까지있으려나요? 이게 다음주에끝나는데 상급exp3000개가 상시 일주일에1번급인데 챌섭3번째인데도 기억이않나네요 ㄷㄷ 똑같은 다른 3000개짜리 이벤트가 이전챌섭내내있었는지 궁굼하네요
2026-07-21,0,0,직업,렌 코어 강화 관련 질문,이번에 첼린저스 서버로 처음 시작한 메이플 뉴비입니다. 정심심님 렌 코어 강화 순서 보고 강화하는 중입니다. 그런데 강화 코어 2개가 비추천 이던데 나머지 강화 다 하면 강화 하면 되나요? 안되면 이유 좀 알려 주실 수 있나요?
2026-07-21,0,0,직업,블래스터 매그팡도 안됨,제가 리듬게임을 좋아하고 컨이 어려운 걸 좋아해서 이번에 메이플 처음 시작하면서 블래스터 직업을 골랐는데요 매그팡 캔슬은 커녕 매그팡 자체도 안되는데 뭐가 문제일까요? 레지스트리랑 필터키는 관련 영상 한 5개는 봤고 메모장에서 동일하게 동작하는것까지 확인했습니다 다른 사람들 평딜 넣는 영상보면 매그넘펀치 (1) + 더블팡 (2) 말 그대로 따닥 뭐 간격 별로 신경 안쓰고 눌러도 나가는 것 같은데 전 매그넘 펀치만 나가거나 사이 간격이 0.3에서 0.5초는 되는 것 같네요 매그넘펀치 + 더블팡을 매크로로 넣고하면 잘만되는데.. 분리하면 3배는 느려지는 것 같아요 키보드는 블래하려고 archon m1 pro 2 tkl 까지 샀는데;; 디맥 sc 8-9 레벨도는데 아무런 문제 없고요 아무리 생각해도 이 수준의 캔슬 콤보를 못하는건 말이안되는 것 같아요 메이플 시작하면서 현질도 꽤 해서 이지 칼로스 잡을 정도까지는 왔는데 콤보가 제대로 안나가니까 점점 화가나네요..
2026-07-21,0,0,기타,솔 헤카테 스킬 질문입니다 !,헤카테 스킬에 바인드 외에 극딜기? 등 스킬이 있는거 같은데 적정 레벨까지 올려야 해금이 되는 시스템일까요? 그리고 이게 딜 점유율이 그렇게 높나요?! 아직 3렙이고 바인드만 쓰니까 잘 모르겠어서 질문 드려봅니다!
2026-07-21,0,0,아이템,이벤링 잠재가 아쉬울때,"메소로 돌리나요? 주 27이나 드주주 메주주 정도 원하는데, 이번 챌썹은 너무 큐브가 적어서..."
2026-07-21,0,0,아이템,레테 윗잠 올이탈 보조(보방마) 쭉가져갈만 한가요?,챌섭 레테고 보35 방 40 마 12 / 에디 21퍼 블랙보조입니다... 본섭에 7만 렌이 있는데 이번에 레테 챌섭끝나면 본캐 바꾸려고합니다. 9만정도까지 꾸준하게 할거같은데 블랙보조 쭉 쓰는건 어떨까요? 어떤사람은 방무 잡옵이라하고 어떤사람은 1줄은 낫배드라하는데 뭐가 정답일까요? 챌섭이라 환산에 넣어봐도 명확하지가 않아서 질문남깁니다
2026-07-21,0,0,기타,테라버닝 캐릭터 250 찍으려면 얼마나 걸릴까요?,210 레테인데 비약 먹일걸 하고 후회중입니다...
2026-07-21,0,0,기타,메린이 비욘드버닝 도와주세요ㅠㅠ,그저께 복귀한 메린이 입니다ㅠㅠ 복귀해서 비욘드버닝 이라고 있길래 원래 키우던 263짜리 캐릭에 버닝을 주고 렙업 해서 265가 됐슴니다. 근데ㅜ어제자로 첼린저스 서버를 시작하게 되서 첼린저스 섭 캐릭을 260을 찍었어요 혹시 지금 265짜리 캐릭 삭제하면 첼섭 캐릭에 비욘드 버닝 줄수있나요..?ㅠㅠ 아님 이미 렙업을 해서 안되나요..?
2026-07-21,0,0,아이템,드메템 효율,"안녕하세요 2019년 이후 오랜만에 첼섭 복귀해서 메이플 즐기는 유저입니다 현재 282 이벤링 2개에 아이템드롭 20퍼 1줄씩 있고 어빌 매획 18퍼 있습니다. 사냥은 월~목은 4~6소재 정도 금,토,일은 메소제한까지 사냥하는데 하프이어링 매획 20억 언저리던데 사는게 나을까요?"
2026-07-21,0,0,아이템,챌섭뉴비 레테 템 진로 잘 짠걸까요??,"방어구는 17에테 모자상하의는 가격보면서 살거고 18앜 부위같은 경우는 18성 크주장갑은 이벤트로 공짜 직작했고 나머지 부위도 18메멘토로 직작하려고 합니다. 리프주기 다가오면 비싸질테니 우선적으로 방어구 + 리레컨티 맞출 예정입니다. 템 스펙업 대충 짜 본 순서가 이렇습니다. 1. 17에테 18앜 2. 리레컨티 3. 무기는 대적자 큐브만 심환불+에디큐브 노려보기, 보조는 화에큐로 에디 등업 후 21퍼 뽑기 (어차피 아스트라 때까지 쓸겁니다.), 엠블렘은 보조에디가 끝나면 빠르게 팔고 5줄 살겁니다. 4. 보스코인샵으로 장신구 프악마작 + 프펫마작 5. 샤타 때 모든 장신구 18성까지만. 여명과 칠흑은 계단식으로 천천히 사서 바꿀 예정입니다. 6. 리프 전 자석펫 1개만 장만하기 이 정도면 괜찮은 진로일까요??"
2026-07-21,0,0,기타,노칼 딜배율 200% 목표 / 18에테 교체 순서 및 칠흑·엠블 문의,"* 이전 질의 응답 게시판이 있는 줄 모르고 자유게시판에 올리게 되어 다시 한 번 올리는 점 양해 부탁드립니다. 안녕하세요, 이번에 노멀 칼로스 딜타임 확보 및 수월한 클리어를 위해 스펙업을 고민 중인 유저입니다. (현재는 하드 세렌, 이지 칼로스를 잡고 있으며 노멀칼로수 배율이 100% 나옵니다.) 현재 배율상 클리어가 불가능은 아니지만, 최소컷에 가까워 딜 배율 200% 이상 을 목표로 잡고 있습니다. 현재 60억 메소 정도 보유 중이며, 주간 보스를 돌면서 차근차근 한 부위씩 교체해 나갈 생각입니다. [질문] 1) 18에테르넬 교체 순서 및 방식 18카루타에서 18에테르넬로 넘어갈 때, 어떤 부위부터 맞추는 것이 가장 효율적일까요? 1부위씩 바로 스위칭하는 것보다 상/하의(또는 모자까지) 한 번에 모아서 셋옵 받으며 스위칭하는 게 맞는지도 궁금합니다. [이미지] 2) 칠흑 진입 시점 및 기존 엠블렘 처리 현재 예산(60억 + 주보 수입)으로 칠흑 장비 진입을 고려해 봐도 될까요? 기존 기본 엠블렘이 쌍레 상태인데, 나중에 미트라의 분노로 넘어가는 게 맞을지, 아니면 현재 엠블렘을 종결로 안고 가면서 장신구/방어구에 투자하는 게 맞을지 조언 부탁드립니다 만약 다른 부위 교체 추천 하실 것이 있으면 추천 부탁드립니다. 3) 혹시 이것도 아니라면 아래와 같이 헥사 추천구간이 많이 남았는데 이걸 먼저 해야하는 건지도 궁금합니다. [이미지] 자세한 확인이 필요하실까 하여 링크를 첨부합니다. 환산 링크 : 캐릭터명 : 노인정이장 감사합니다!"
2026-07-21,0,0,기타,대적자큐브 계획 질문,"현재 무기 엠블 상태가 이런데 대적자큐브, 블/화에큐 짤짤이 계획을 어떻게 세우는게 좋을까요? 보조는 쌍레 보보마/마마 정옵으로 살 계획입니다. 에디레전 천장 50개 정도는 채워놨는데 무기 에디 몰빵해서 천장 쌓다가 올라가면 마저 옵 뽑고 천장치면 엠블 등업시키는게 베스트일까요? 아니면 무기 윗잠 먼저 3줄 뽑느게 우선일까요? [이미지] [이미지]"
2026-07-21,0,0,아이템,템진로 고민과 조언이 필요합니다 .,"직작 도파민에 절여져서 여러 부위에서 이미 큰 손해를 보고 아이템을 맞춘 상태입니다. 더 이상의 직작 손해를 방지하기 위해, 앞으로는 무조건 완제품(사 먹는 템) 위주로 세팅 할 예정입니다. 과금하더라도 어떤 부위부터 순서대로 구매해야 가장 스펙업 효율이 좋은지 구체적인 템셋팅 방향성이 궁금합니다. 최종 목표는 데티1차해방은 해보고싶습니다. 달에 50콩 정도 과금 가능합니다. 따뜻한 관심 감사하겠습니다(_ _)"
2026-07-21,0,0,기타,1000만원,핵환6.7에서 1000만원정도쓰면 얼마나 올라갈까요?
2026-07-21,0,0,기타,뉴비 260찍고 받는 에르다솔 교환권 쓰면,조각으로 다 받으면 당장에 뭐 만들수있는 코어 없는거죠? 제가 처음이라 모르겠음요
2026-07-21,0,0,아이템,챌섭 유입 템세팅 조언 질문드려요!,[이미지] 예전 챌섭 초창기때 유입되고 본섭갔더니 약해진 제 자신을 받아들이지 못해 접었다 이번 시즌에 다시 복귀한 뉴비입니당! 질문드릴건 담달에 총알장전해서 1000억정두 충전할까하는데 제가 세팅에 대해 잘 모르다보니 투력오르는 기준으로 보장 샀다 팔고... 여명샀다 팔고...를 반복해 커뮤를 찾아보게되었습니당ㅜㅜ 지금 템세팅에서 어느부위를 교체해야 나중에도 좋을지 조언 부탁드려여 우선 제네무기는 큐브도전했다 꺾여서 요건 나중에 제네쁠패스로 천천히 돌려볼거구요. 남은부위를 칠흑으로 교체할까 했는데 이미 구매한 22성 악세들이 걸려서...ㅜㅜ 가위도 모른채 구매한것도 있고.. 간단하게 방향성만이라도 조언 부탁드립니다ㅜㅜ 목표는 핵환 8만정도 입니당!
2026-07-21,0,0,아이템,반지 뭐 사야할까요?,"[이미지] [이미지] 이벤링이 다 드랍,메획이 껴있어서 다른 반지를 구매할 예정인데 뭐 사야할까요? 1. 거공 구매후 칠흑 2셋 2. 마이링 거공 구매시 레전 노작 구매예정 마이링 구매시 레전 18성 구매예정 반지제외 다른 의견있으시면 말씀해주세요"
2026-07-21,0,0,아이템,여명 놀긍작 질문있습니다.,"검색하다가 놀긍떡작? 그게 좋다고 해서 놀긍주문서 사서 가엔링, 데브펜, 트와일라이 마크 이렇게 3곳에 시도했는데 3개 다 1번씩만 붙고 (캐릭은 레테입니다) 마력은 2씩 달렸습니다. 이러면 이노? 그걸 해서 다시 처음부터 해야할지 아니면 다 순백으로 하나씩 해야할지 궁금합니다."
2026-07-21,0,0,기타,하세노칼 유챔컷 질문,둘다 몇퍼는 나와야 1~2극남는 컷인가요? 직업은 대충 중위권이상
2026-07-21,0,0,아이템,챌섭 유입 메린이 템세팅 질문 있습니다 !!,템이 이런 상황인데 50억으로 뭐부터 건드려야할까요 ㅜ ㅜ 도와주시면 감사하겠습니다 메고수형님들
2026-07-21,0,0,아이템,이벤링 레잠 관련,이터널 플레임링 유니크 21퍼인데 코인존버 해서 이벤링 하나 더 받아서 이벤링레잠 바를 까요 이터널 플레임링에 레잠 바를까요? 코인 때문에 고민되요
2026-07-21,0,0,기타,챌섭 리프 관련 질문글,챌섭 1차 리프가 23일 이라고 들었습니다. 1차 2차 3차 언제가도 원하는 서버에 갈 수 있나요? 선착순 그런게 있을까요 챌섭을 처음 해봐서 질문 글 남겨봅니다. 글삭 안합니다.
2026-07-21,0,0,아이템,이번유입 템셋팅질문..!,"안녕하세요. 레테유입입니다. 지금 278레벨 템산거하나도없는상태이고 보조랑 엠블은 현질해서 제대로된거 한방에맞출예정임 장신구좀맞추려는데(여명4,나머지 보장) 한부위당 대충 50억선으로 하면 1.유에 18성 966 에디 4% 10 10 프악마 완작 VS 2.윗잠 레전 30퍼 깔끔한거 30억후반대로사와서 작대충하고 17성바르기 뭐가 나을까요 인트템이 비싸더라구요 1번으로 사려다가 나중에 전체 스펙업할때 2번선택이 별만더올리면되서 더 괜찮은걸까요 챌섭기간동안 천천히 한부위씩 엑조디아하려합니다. 칠흑은 너무비쌉니다"
2026-07-21,0,0,직업,챌린저까지 진짜 코앞인데 가고싶어요,현재 하드메이린만 잡으면 챌인데 스펙업을 어떻게 해야 할지 잘 모르겠습니다 ㅠㅠ 배율은 91퍼나 오고 10퍼? 정도만 더 올리면 될거같은데 어느 부위를 해야 할지... 조각은 600개에 기운 21개 정도 모았습니다 ( 챌상점까지 다 털었어요 ) 조언 부탁드립니다ㅠㅠ
2026-07-21,0,0,아이템,레테 쿨뚝 질문,1. 꾸준히 해서 환산 9만대 이상 보고싶은데 쿨뚝 몇초정도 사야되나요? 2. 3초뚝 3~40억대인데 4초뚝 가는순간 200억으로 금액이 확 올라가는데 그만큼 효율이 나오나요? 3. 얘도 크크장갑처럼 거품이 낀거면 3초뚝 사서 쓰다가 나중에 4초 이상으로 바꿔줄생각도 하고 있는데 원래 이 가격대인가요? 지금 투력은 1억3천만이고 장신구는 7칠흑 27퍼 17~18성 둘둘입니다.
2026-07-21,0,0,기타,뉴비 챌린저하고 싶은데 바닥부터 진로상담 부탁드립니다,"- 제네패스, 챌섭패스 중앙에 있는 거 열었고 - 2주차에 시작해서 지금 아이템버닝 카엔슬까지 해 둔 281 뉴비입니다. - 현질 가능액이 10-20만원 정도가 될 것 같습니다. - 사냥은 1주일에 6시간이상 하는 것 같아요(메획40%). 현재 7억 가지고 있습니다. - 목표가 챌린저고, 현재 캐릭 본캐로 쓰고 싶어요. - 유튜브 따라하자니 구매해야하는 아이템이 nn억 이래서 아래부터 올라가려고 합니다... 1. 블빈마 먹었는데 샤타때 17성 달아서 쓸 예정입니다. 잠재는 어떻게 해야하나요? 2. 여명 3세트에 17성+유잠 발라줄건데(데브펜은 17성 달아놨어요), 가엔링을 여명으로 바꿔야하나요 아니면 그냥 보장으로 써야 하나요? 3. 벨트 분자벨 17로 바꿔야 할까요? 4. 장비 최종적으로 다 22성으로 맞춰야 하는거죠? 5. 조각 1천개 정도 더 쓰는게 목푠데, 헥사 스탯말고 스킬레벨 올리는게 맞나요? (스탯 지금 1칸 떡작?그거했어요) [이미지]"
2026-07-21,0,0,기타,형님들 메이플 id관련좀 알려주십숑,지금 넥슨 Id한개당 메이플 id3개 만들어 지는걸로 알아요 제가 지금 제 명의 넥슨 Id2개로 메이플id 2개(넥슨id당 메이플 id 1개만 하는중) 키우고 있는데 동생이 키우다가 버린 넥슨ID 2개를(똑같이 넥슨 id당 메이플 id한개) 지금 제가 살고 있는 집에서 같이 접속하면 향후 정책에 걸려서 ㅈ될가능성이 있나유? 아님 제 명의id만 vpn이나 피시방에서 굴리면 위험 막을 수 있나욥? 그리고 그린메이플id? 라는 것도 지정가능하다는데 이게 정확히 뭐구 어케해요? 이제 재미붙인 뉴비라 잘 좀 알려주심 감사하겠슴다.
2026-07-21,0,0,직업,안녕하세요 메린이 입니다,안녕하세요 이번에 저번주 일요일날 챌린저스 서버로 직업 렌 선택해서 240까지 찍고 보상까지 받았는데 직업이 마음에 안들어서 삭제하고 다시 생성하면 하이퍼버닝 이나 다른 보상 및 장비 는 다시 못받는거죠?
2026-07-21,0,0,기타,창팝ai노래어캐만듬? 어플뭐씀,창팝 만드는건 아니고 친구 엽사 쓰고 친구꺼 만들게
2026-07-21,0,0,아이템,오랜만에 해볼까하는데 아이템버닝망했어요 샤갈!,쌩계정에 잘못받았는데 본계버릴생각하는게 맞을까요 유뇬9천 노아버vs쌩계정 아버 많이투자안하고 적당히할거면 걍후자하는게 낫겠죠?
2026-07-21,0,0,아이템,스펙업 순서 질문좀여,1. 샤타포스 몽벨 18성 보내기 2. 샤타 고근 22성 눌러보기 3. 방어구 메멘토 18성 이용해서 아케인 4 레 에 만들기 4. 모상하 18성 레에 에테 3셋 구매하기 혹시 돈 모이는대로 순서를 어떻게 정하면 될까요?
2026-07-21,0,0,기타,모멘텀 패스,현재 챌섭 281 285 챌린저 목표로 하고 있습니다! 모멘텀패스 살까말까해서... 질문드려요! 모멘텀패스 + 악몽선경 0단계 vs 악몽선경 1단계
2026-07-21,0,0,아이템,메린이 토드(장비전승) 간단 질문이용,"데브펜 18성 (윗잠 에픽, 아랫잠 레어) 에다가 매커네이터 10성(윗잠 아랫잠 에픽) 를 전승하려는데, 메멘토 때문에 7월31일날 가능해요 근데 제가 찾아보니 전승하면 전승하는 아이템의 스타포스-1 인 상태로 스타포스도 전승된다그러는데 그럼 18성에서 9성이 되는건가요? 그럴거같으면 그냥 아랫잠 돈주고 에픽등업 노리는게 낫지 않나 싶어서..."
2026-07-21,0,0,아이템,힘 여명 30퍼 깡통 35억 즈음이면 비쌀까요?,최근 유입이라 이게 얼마나 비싸진건지 감이 안잡히네요… 힘이 원래 좀 비쌌다하는데 인트 30후반하는거보면 괜찮은 것 같기도하고… 35억 즈음이면 사도 괜찮을까요? 21성만 달고쓰다 스펙업 더 원하면 22 가려구요!!
2026-07-21,0,0,기타,메린이 100억으로 뭘해야될까요?,렙 283에 하드메이린은 딱 80퍼라 당장 템을 맞춰도 못깨는상황이고.. 사냥은 2~3시간 또는 일주일에 3번은 메제를 채우고있습니다 석펫은 없지만 pc방 펫 끼고있고 업글해도 큰변화도 없어서.. 드메는 100/100인데 이럴 때는 어떻게하는게 좋을까요?
2026-07-21,0,0,몬스터,선생님들 혹시 노말흉성 많이 어렵나요?,배율 60퍼라 처음이기도 해서 3인팟 한번 구해보려고하는데 많이 어려울까요...? 제가 손이 좋지 않아서 이지칼로스 배율 130퍼 할때도 렌으로 거의 10시간 도전해서 깼었던터라 흉성 어려우면 시간 많이 걸릴거같아서 그냥 안하려 하는데 난이도가 어떤지 궁금합니다... 이지카링은 지금 190퍼인데 아직도 14분 걸리는 똥손입니다
2026-07-21,0,0,아이템,챌섭 266레벨 40퍼인데 EXP 패스 블농이랑 EXP쿠폰 언제 사용하나요?,"안녕하세요! 이번에 챌섭에서 열심히 캐릭터 키우고 있는 유저입니다. 다름이 아니라 이번에 챌섭에서 EXP 패스랑 프리미엄 패스까지 구매했는데, 제가 조금 늦게 합류를 했다보니 지금 레벨 7까지 개방한 상황입니다. 그래서 다음주가 되고 메포로 싹 밀면 EXP 패스 30레벨이 되는데, 재화들을 다 쓰면 280을 빨리 찍을 수 있다고 하더라고요. 그런데 제가 궁금한건 지금 재획을 더 한 다음에 276레벨 정도 찍고 EXP 패스들 재화들 쓰면 바로 281레벨이 되게 만들지, 아니면 재화들 다 지금 빨리 써서 280을 빨리 찍고 에픽던전 + 몬파를 더 받아서 281을 찍는게 효율적인지 계산이 잘 안되더라고요.. 최종 목표가 마스터~챌린저 사이인데, 지금 재화들을 다 써서 280을 빨리 찍고 챌섭 재화들 다 받고 상위 에던이랑 몬파 도는게 맞나요? 아니면 재획으로 야금야금 올린다음에 281을 한번에 찍어버리는게 효율적인가요? 답변드리면 정말 감사드리겠습니다.. ㅠㅠ (+ 레잠 2개 주는 것 중 하나를 교가보조, 미트라, 하트 중 어디에다가 바를지도 추천해주신다면... 당신은 정말 천사!)"
2026-07-21,0,0,기타,서버이동 질문입니다 선배님들 도와주세요,"루나서버에서 285 2개 있는 메청년?입니다 제가 친구들 따라서 스카니아 서버를 키울거 같은데 둘다 유니온은 8000이상입니다 근데 같은명의에 계정이 두개라 루나서버에서 일궈 놓은것들로 주보를 잡고 새로 키우는 스카니아에 지원해주려합니다 이럴때 문제가 없을까요? 요약 1. 본인명의 게정 2개임 (루나,스카) 2. 루나에서 번 메소를 스카 본인명의 계정으로 옮기면 레드어카운트인가 그거에 안걸릴까요? 조금 위험 있을까요? 3. 이 정도 내실이면 옮기면 많이 손해일까요 ? 선배님들 의견 여쭙고 싶습니다 친절하게 알려주신 형님들께 소소한 사례 하고싶습니다 도움주세요 글삭 안하겠습니다"
2026-07-21,0,0,시세,시세 알아보는 법 있나요?,보스 잡고 나온 장비들 옥션에 팔때 일일이 검색해서 시세 알아보면서 올리는 중인데 혹시 시세 바로 알아볼 수 있는 다른 방법 있나요?
2026-07-21,0,0,몬스터,이지카링 많이 어렵나요?,하드세렌 잡고 이제 이지카링 차례인데 많이 어렵나요? 배율은 138퍼 나오고 하드세렌은 158때 클리어했는데
2026-07-21,0,0,몬스터,검마 보스 도중에 변환하는 아이콘 한가운데 있는거,이거 어떻게 못하나요 시야 ㅈㄴ같이 거슬리는데
2026-07-20,0,0,아이템,둘중 뭐해야될까,"지금 [이미지] 챌섭 레테인데 엠블렘에 블큐돌려봤는데 둘 중 뭐가나을까 환산 31098임 무기 도전자무기, 보조 마뎀뎀임"
2026-07-20,0,0,아이템,이번 챌섭 유입 템세팅 질문드려봅니다,아마 23일 자정에 해방할듯 한데 큐브운이 따라줘야 할거 같고... 그나저나 현재 170억 있는데 22성 인30퍼 마이링을 살지 아님 에테 장갑을 살지 고민이고 그리고 이밖에도 데브팬도 바꿔야 할듯 한데 조언해주실수 있으신가요? 현재 목표는 노말 대적자 목표입니다.... 아마 11월에 아버 끝나면 그때 700억 질러서 방어구 세팅 할거 같고 그전에 악세들 사서 내실점 맞추려 합니다....
2026-07-20,0,0,퀘스트,해방퀘 보스보상에 기운 드랍되나요?,해방 진힐라 보스 잡으면 기운 드랍되나요? 다담주로 밀릴까봐 혹시 몰라 질문함
2026-07-20,0,0,아이템,챌섭 템셋 질문입니다 !,지금 템셋팅이 이런데.. 여기서 출첵으로 받은 카르마17성 160제 이하도 있는데 뭐 부터 업그레이드 해줘야할지 모르겠습니다 !!
2026-07-20,0,0,기타,렌으로 이적자 배율 150프로인데 못잡으면 손이 문제겠죠?,슬프네요
2026-07-20,0,0,아이템,"250,200레벨 달성비약 어디다가 써야하나요??",이번 챌섭유입 메린이 보우마스터입니다. 서버는 크로아 갈거고 본섭에 아예 캐릭이 없습니다.. 250 비약은 친구들이 은월or엔버에다가 쓰라고합니다. 혹시 200레벨 달성비약 20개 너무 많아서 걱정이 됍니다. 본캐는 보우마스터로 할려고합니다!
2026-07-20,0,0,기타,아직도 본캐를 못정한 유저 조언부탁드립니다,"선생님들 안녕하십니까 제가 어셈블때부터 챌섭은 다 참여중이고 여러 직업들을 써보면서 게임을 즐기고 있는 유저입니다 지금까지 나워279, 썬콜287(불독으로 자전), 보마270, 히어로261을(를) 키워봤고 현재는 챌섭에서 렌282을(를) 키우고있습니다 게임 자체는 제 스타일이고 재밌어서 저번시즌에 자석펫도 한마리 샀고 주보 에픽던전도 안빠지고 하는중입니다 그런데 게임을 했는 시간에 비해서 캐릭터의 스펙이 많이 낮다고 느꼈고 돌이켜보니 그때그때 챌섭이나 버닝을 받은 직업들을 키우기만 하고 챌섭이 새로 열리면 다시 챌섭에만 몰두해서 한 캐릭터에 정착하지 못했습니다 그러다보니 캐릭터들이 이도저도 아닌 키우다 말아버린 상태라 하나를 정해놓고 집중적으로 투자해서 더 올리고싶다는 생각이 들었습니다 서론이 너무 길었는데 혹시 선생님들은 어떤기준으로 지금 키우시는 본캐를 선택하게 되셨는지, 본캐를 강제로라도 정해야한다면 어떤점을 보고 골라야할지 궁금합니다 (더블점프, 3단점프, 텔레포트 다 이질감 없습니다) 글삭은 절대 하지않겠습니다 조언 부탁드립니다"
2026-07-20,0,0,아이템,챌섭 뉴비 카레잠이랑 블큐 어디다 쓰는게 좋을까요?,현재 템셋인데 미트라랑 보조는 경매장에서 사먹을려고요 근데 카레잠이랑 블큐가 남아서 장기적으로 계속 블큐 짬통용으로 할만 한게 있을까요? 정 없으면 블랙 보조에 할려고 생각 중입니다.
2026-07-20,0,0,퀘스트,울티마 스쿼드인가 스펙터 대체이벤트 겸치주나요?,스펙터가 ㅈ같은 이벤트였지만 경험치는 괜찮았는데 울티마 스쿼드인가 대체이벤은 다조 보상은 알겠는데 주간 경험치는 없나요?
2026-07-20,0,0,아이템,뉴비 주보캐 템 질문좀 받아주실분,예전 챌섭때 키우던 캐릭이고 도전자 장비가 없어져서 깡통 에테르넬 상하의 착용하고 있습니다 유잠 에에잠 발라둬서 상하의는 이 상태고 나머지 방어구는 앱솔 18강 유니크 15퍼 둘둘입니다 혹시 이 에테르넬 어떻게 작해서 써야할까요? 메멘토큐브도 안되더라구요.. 가위로 팔고 작이 된걸 사야할까요? 아니면 효율적인 직작 방법이 있을까요?
2026-07-20,0,0,아이템,스타포스 17성 강화권 질문,17성 강화권 남는데 어떻게 해야되나요?
2026-07-20,0,0,아이템,메제일때 소재비 먹나요?,메제 다 채우긴했지만 경험치 떄문에 사냥 좀 하려고 하는데 소재비 먹어서 조각이라도 더 챙기는게 좋을까요?
2026-07-20,0,0,아이템,이 의자 이름 아시는분?,제곧내입니다
2026-07-20,0,0,직업,레테 계속 밀까요? 나워 부캐 시작할까요?,"레테로 본캐 재밌게 키우고 있습니다! 근데 사냥할때 메제하고도 더 할때가 있어서 사냥할 때마다 뭔가 손해 보는 기분이 드네요. 요즘 나워도 재밌어 보여서 고민이 생겼습니다 mvp레드여서 지금 챌섭에서 나워를 진심 부캐로 키워서 메제 끝나면 나워로 사냥하는 게 나을까요? 아니면 그냥 메제후에도 레테 레벨링에 집중하고, 다음 챌섭 때 나워를 시작하는 게 더 괜찮을까요? 참고로 본섭에는 육성해둔 캐릭은 없고, 궁성비 받을 캐릭터 20개만 만들어둔 상태입니다 비슷하게 고민해보신 분들이나 나워 키워보신 분들 의견 부탁드립니다! 감사합니다😊"
2026-07-20,0,0,기타,블서큘 원래 같은 수치가 나오는건가요??,[이미지] 원래 이런건가여?
2026-07-20,0,0,아이템,22가엔링(데브팬)vs어센틱심볼올만렙,"지금 스펙은 7만이구여 18성 27퍼 칠흑 둘둘 + 966 여명 2부위 입니다. 아케인22성은 너무 비싸서 22성 가엔링30퍼 (약 140~160억 사이)랑 심볼 올만렙(155억쯤)중에 고민중입니다. 환산은 심볼 올만렙이 조금더 오릅니다. 제 환산주스탯입니다. 어느쪽이 나을까요? Q 제목: 22가엔링 vs 어센틱 올만렙 (종료) 최대 1개 선택 가능 참가자: 6 명 26.07.21 19:15:59 마감 득표순 답변순 어센틱 올만렙 (66.7%, 4표) 22가엔링 (33.3%, 2표) 투표가 종료되었습니다."
2026-07-20,0,0,기타,환산주스탯 인게임 전투력이랑 전투력이 다른데.. 어디가 잘못된건가요?,적용중인 프리셋 .....................LIVE.......BOSS 장비 2 2 하이퍼 2 2 어빌 1 1 유니온 0 0 링크 0 0 인게임 전투력 8701만 전투력 9059만 이렇게나오는데 뭐가 잘못된건가요? 챌섭입니다.
2026-07-20,0,0,몬스터,님들 배율 65퍼면 익스 스우 2인 할만한가요?,예전에 익스스우 최소컷으론 힘들거라고들었는데 65퍼로 한 명 구해서 2인가면 할만한가용?
2026-07-20,0,0,아이템,뉴비면 이노센트50퍼랑 순백10퍼 팔아도 되나요,페어리하트에 30퍼작 해놨는데 플하로 바꾸면 이벤샵에서 확률 100퍼짜리 사서 써야할테니까 상관없나요
2026-07-20,0,0,아이템,제네시스 패스 구매 후 미활성화로 인한 흔적 복구 해보신 분 있으실까요?,"챌린저스 월드 오픈 날 복귀하면서 제네시스 패스를 비롯하여 모든 패스를 구매하였습니다. 제가 확인을 잘 하지 않은 결과이지만, 기억상 모든 패스 활성화 시켰는데 제네시스 패스가 활성화 안되어 있는 것을 금일 알았는데, 문의하면 어둠의 흔적 소급 받을 수 있을까요? 혹시 같은 경험 해보신 분 중에 문의해보신 분 계시다면 댓글 부탁드립니다."
2026-07-20,0,0,기타,메린이인데 70억으로 뭐해야 하나요??,닉네임:고레테트리스입니다. 70억있고레벨은 280렙입니다 지금 70억으로 뭘 해야할지 모르겠습니다 챌린저스티어는 사파이어여서 카레잠은 하나 있어요!
2026-07-20,0,0,직업,유챔 및 주보캐 레벨링 질문입니다!,"다들 챌섭이랑 본섭 열심히들 키우실텐데요! 보마, 렌, 아란, 와헌 요거 고정으로 유챔 및 주보돌이하려고 하는데요! 재획은 거의 대부분 본캐로 많이하실텐데, 유챔이나, 주보캐는 어떤식으로 레벨링 하시는지 궁금합니다!"
2026-07-20,0,0,직업,본캐 키우는건 챌섭시즌이 무조건인가요,"렌 출시 때 시작해서 지금 렌 일리움 레테 3개 키웠는데요, 뭔가 렌 말고는 애정이 안가서 본캐를 다른 직업으로 언젠가 바꿀 생각입니당. (렌을 본캐로 생각 안하는건 제가 법사캐릭터를 좋아해서) 이번 챌 보상으로 야누스20렙을 본캐에 주고싶은데 그냥 일단 새롭게 260까지찍고 야누스20을 박고 천천히 키울까요 아님 겨울챌섭을 기다릴까요 참고로 직업은 지금 렌은 노칼or노적자 까지 일리움은 하세 까지 레테는 아직 하세지만 챌린저 목표 입니다"
2026-07-20,0,0,직업,히어로 플위,뭐 할까 진짜 하고싶은 두 직업임
2026-07-20,0,0,기타,복귀한지 하루차인데 패스 구매해도 상관없을까요?,"전에할때 현질은 잘 안해도 서버비정도는 찔끔찔끔 질렀는데 지금 챌섭 시작하고 한달좀 넘은거같은데 제네패스, 챌패스 사도 괜춘할까용ㅠ 그리고 챌린저스 프리미엄 패스는 구매불가가 뜨는데 EXP패스 사야 뚫리는 구조인가요 아니면 이젠 못사는건가요?"
2026-07-20,0,0,기타,메이린만 잡으면 챌인데 템 방향을 못잡겠어요,알려줘잉
2026-07-20,0,0,기타,경매장 물품수령 질문드려요,지금 챌섭에서 리프하기전에 템 매물 구매할만한거 구매좀 하고싶은데 스카니아서버에 경매장에서 템 사고 수령안하구 냅뒀다가 챌섭캐릭 리프하고 챌섭캐릭으로 물건 수령 할수있나요??
2026-07-20,0,0,아이템,뉴비 아이템 셋팅 질문 두개만 부탁드립니다.,"요번 챌섭에 복귀해서 하루에 2~8번 소재획하면서 일주일에 한번씩 스펙업하는 재미로 게임하는 유저입니다. 지금 7보장에 2여명인 상태에서 보스장신구를 여명장신구로 천천히 바꾸고 있습니다. 일단 메소는 60억정도 모아놓은 상태구요. 제 목표는 챌섭 끝나기전에 해방끝내고, 장신구들 최대한 20성 둘둘로 맞춘담에 하드 메이린 뚜까패고 챌린저를 찍는 것 입니다. 질문은 두개입니다. 질문1) 눈장으로 20성 블빈마(파풀마는 매물이 많이 없더라구요)를 구하려는데, 무리해서 잠재도 레전으로 맞추는게 좋을까요? 시세는 힘퍼 기준으로 유닉15%(25억), 유닉 21%(35억), 레전30%(60억) 정도 합니다. 제 개인적인 생각으로는 장신구 여명으로 다 보내고, 모험가 장비도 아케인 장비로 다 바꾸고 나서 칠흑으로 바꾸게 될 것 같아 블빈마를 좀 오래쓸것같다는 생각이 들어서 좀 무리해서라도 레전30%를 살까 하는데, 경험자의 조언을 듣고 싶습니다. 질문2) 반지 4개에서 이벤링 2개를 빼야합니다. 이터널 플레임링은 유니크지만 주스탯이 제대로 달려있고, 글로리온은 메획에 주스탯이 한줄 붙은 옵션이라 글로리온링부터 교체를 하려하는데요, 마이스터링으로 교체를 할까 합니다. 20성으로 검색을 해봤는데, 다른 장신구와 달리 20성 매물이 엄청 없더라구요. 17성도 주스탯 잠재붙은 매물은 잘 없고, 잠재없이 깡으로 달린것만 좀 있네요.. 마이스터링을 이제 안쓰는건가요? 거공은 칠흑이라 아직 한참 남은 것 같고. 다른 대세로 쓰이는 링이 있으면 말씀 부탁 드립니다."
2026-07-20,0,0,기타,프리미엄 PC방 누적 접속시간 23일에도 채워지는거임?,보상만 23일까지고 누적은 22일까지란건가
2026-07-20,0,0,아이템,환산 스펙업 순서 질문입니다,"스타포스는 샤타이벤트 때 하려고 아껴뒀고, 하트 21% 찍으라는거는 그냥 돈 박아서 등급업 하라는건가요? 제가 계획 잘못 세워서 유잠을 다 다른데 박아버렸습니다. 그래서 에픽쓰고있어요."
2026-07-20,0,0,아이템,스펙업 추천해주세요,제네윗잠은 대적자코인으로 천천히 돌릴건데 컨티4렙이 최우선일까요 ? 다른거 추천도 해주시면 ㄳ
2026-07-20,0,0,아이템,이번 코인샵에서 안드로이드 안 팜?,부부부부부부부부부부부캐 리튬하트 주려고했는데. 페어리하트는 부부부부부부부캐 줄예정
2026-07-20,0,0,아이템,하세유챔 방어구 질문,유챔 하세에서 장기적으로 노칼까지 바라볼 예정인데 상하모 22카루타vs18에테 장신망견 22앱솔vs18아케인 어떤 세팅이 더 좋을까요?
2026-07-20,0,0,기타,이번에 나올 부티크 커뽀라,코디하려는데 이번주에 나오면 커스텀 스킨쿠폰 130개+스킨프리즘 90개 해야 커뽀라가 되는거맞음?? 그럼 220개에 예전꺼찾아보니까 장당 4500만이라는데 그럼 대충 100억 현금 22만원 일케계산한게맞는거임??..
2026-07-20,0,0,기타,"초대형 검, 몽둥이, 도끼 지금 살수있나여?",너무 취저인데 이번 챌섭열리며 복귀한유저라 진 이벤트를 몬했어여.. 지금 구할수있나여?
2026-07-20,0,0,아이템,뉴비 스펙업 진로 고민있어요,지금 이렇게 되어있는데 메소는 35억정도 들고있어요.. 메소를 어디다 써야할지 모르겠어서 계속 들고만 있는데 찾아보니까 카레잠 하나남는걸 미트라를 사서 발라라 뭐 이런말이있던데 메소를 더 모아서 거기다 쓰면되나요?? 무슨 이적자돌이?? 가 주차하기 좋다고 거기까지는 해보려합니다. 도와주세요 ㅜ 아참 검밑솔까지는 해서 다야는 찍었는데 검마 배율이 120퍼면 할만한가요..? [이미지] [이미지] [이미지] [이미지]
2026-07-20,0,0,아이템,"에테 17을 직작하는거보다 사와서 샤타포스때 18,19++ 로 점진적 성장하는건 별론가요?","경매장 17성 깡통가격이 17성기댓값과 같은데 (메수라 17억정도, 경매장 17억) 그거 감안해도 17성 정도면 샤탸포스 이용하는게 낫나요? 많이들 18= 사서 주차 17=샤타포스 이용해 만들어라 또 확정 레전천장을 하나이상 볼 수 있을 것 같은데 장갑발라서 애완하는게 나을까요? 확정레전 천장하나를 어디다 쓸지 모르겠습니다 미트라는 레잠하나 아껴둔걸로 가격 좀만 더(8월 중순+) 기다리다가 안내려오면 그냥 사서 바를예정입니다 미트라까지 애완 생각하면 바지가 기댓값 낮다고 하셔서 바지에 2줄 정도 띄울생각으로 있는게 나은지 그거 고려해도 확정 레전천장 장갑에 발라서 미트라를 적당히 하고 장갑을 애완하는게 나은지 판단이 안섭니다 환산에서 템 바꿔보면서 다음방향 잡고있는데 에테 17or18성 상하의 두부위 하는게 도전자 22성대비 좋더라구요 (장갑은 크주 하나 살돈으로 상/하의 맞출 수 있을거같아 그냥 상/하의 하고 향후상황 보려했습니다) 혹여나 참고될까싶어 환산도 남깁니다 고견 부탁드립니다"
2026-07-20,0,0,기타,챌섭에서 유니온캐릭 뭐뭐 키워야하나요?,이번에 시작한 썡뉴비라 테라버닝있는김에 본섭 유니온용 키워볼라고 하는데 뭐뭐 키워서 가는게 좋나요? 지금 본캐 듀블 부캐 레테 나워 이렇게 3개있고 테라버닝 2개더 할수있어요
2026-07-20,0,0,아이템,메린이 하메잡는데 뭘 더 해야 빠르게 쌔질까요,현재 284 썬콜 메린이입니다. 담주에는 무조건 잡을꺼같고 이번주에 가능할꺼 같아서 지금 하메 102퍼여서 도전 중인데 물론 몇시간 넘게 박을생각이여서 계속 줄이고 있긴한데 여기서 좀 더 쌔지면 더 쉽고 편하게 잡을꺼 같아서.. 뭘 더해야 강해질까요? 일단 제 환산이고 이번주에 70억 언더로 메소 보유 할 꺼 같습니다. 또 지금 헥사떡작 보마주 크마주 주크보 에서 마주크 크마주 주크마로 스텟 바꾸면 최종뎀 0.29%오르고 2억정도 드는데 지금 하는게 가성비일까요??
2026-07-20,0,0,아이템,블큐가많이남아서 에테 한부위 직작하려는데 부위추천가능할까여,ㅈㄱㄴ 블큐 가 수중에 80개 정도 남았는데요. 다른데 +@ 노리고 쓰자니 기댓값대비 좀 아까워서. 어차피 난중에 맞출 에테 한부위 정도는 레전 깡통 사서 직작해볼까하는데 어느부위가 적당할지 추천가능할까욤.. ? 모자제외(4초뚝있음) 에테풀셋 예정입니당
2026-07-20,0,0,기타,이번 유입 월드리프 질문합니다!,챌린저스 월드리프 진행 중에 혹시 기존 월드 캐릭터들도 리프하는 이벤트 진행해왔는지 궁금합니다! 예를들어서 스카니아 > 엘리시움 이렇게도 리프 이벤트 진행했는지 궁금합니다. 만약 안한다면 이런 월드 이벤트는 언제정도에 진행하나요??
2026-07-20,0,0,아이템,해방 / 보스도전 질문이요,280 레테 키우고 있습니다 첼섭이구요 전투력 4500이고 이번주에 처음으로 하드진힐라 컷했습니다 ㅠㅠ 노말메이린은 잡아야 다이아등급되고 검마는 이번달안에 잡아야 이번달안에 해방이 가능하더라구요 1. 노말메이린은 전투력 몇정도부터 도전할 수 있을까요..? 2. 검마는 전투력 몇정도부터 도전할 수 있을까요? 3. 해방퀘는 보스들 1인으로 잡아야하던데 스데까진 ..? 윌도 뭐.. 할거같은데 루시드 3페를 할 수가 있을지... 진힐라는 지금도 허덕였는데 패널티가지고 잡을수있을지 걱정되는데 이런건 어떻게할수있을까요? 제네패스 사긴했어요.. 4. 혹은 아이템 조언도 주시면 감사합니다.. 아이디 은유여 입니다 지금12억정도 모았어요..
2026-07-20,0,0,직업,레테 9만원 정도 현질해서 장신구 산다 치면,뭘 사는 게 좋을까요? 레테 제 취향 아니라서 나중에 본섭 옮기면 그냥 주보돌이로 돌리려고 하는데.. 160제 아무거나 사서 17성 바르려고 해요 1. 여명 2피스 2. 칠흑 1피스 (칠흑으로 정하면 다음달에 9만원 더해서 1피스 더 살 예정) 뭐가 더 가성비적으로 좋을지..
2026-07-20,0,0,아이템,챌유입뉴비 다음 스펙업 뭐할까요?,"요게 현 스펙이고 200억정도 스펙업 할 예정인데 뭐하는게 좋을까요 ? 리레는 3렙입니다 1. 4렙리레 , 인퍼마이링 , 크뎀1줄 에테르넬장갑 2.4렙리레, 인퍼마이링 , 17성칠흙들 전부 18성가기"
2026-07-20,0,0,직업,유챔등록하고 보스잡고 템팔면 되나요?,"겨울 챌썹 패파로 들어와서, 가위로 하나씩 짜르고 팔고있는데 유챔이라는게 되나 봤더니, 잡을 보스가 있어서. 잡을만큼 잡고 유기해도 괜찮죠? 패파하다 아델하니 너무 좋은데"
2026-07-20,0,0,직업,찐뉴비 지금이라도 시작해볼까하는데 추천좀요!,지금 이벤트 많이 하는거 같아서 한번 해보려고 합니다!! 예전에 15년전..? 아란 해봤고 메이플랜드도 전사만 해봤어요 혹시 직업 추천 가능할까요?? 법사쪽만 아니면 괜찮을거 같아요
2026-07-20,0,0,아이템,아버 대체 아케인 직작 or 완제구매,"안녕하세요. 팁게에 있는 글들을 보니 아버 대체 템셋 기준으로는 최소 에테 17성 유니크 4셋 + 아케인 18성 유니크 5셋 정도는 맞춰야 현재 아버와 비슷한 스펙이 나온다고 하더라고요. 제 목표도 딱 현재 아버 기준과 비슷한 스펙으로 맞춘 뒤 본섭으로 넘어가서 여유롭게 즐기는 것입니다. 그래서 찾아보니 아케인 망토, 신발, 견장은 레전드리나 유니크 깡통을 구매한 뒤 18성 주문서를 사용하고, 놀긍떡작으로 직접 제작하는 걸 많이 추천하시던데 괜찮은 방법일까요? 아이면 그냥 닥치고 완제품을 구매하는게 좋을까요? 아무래도 18성 주문서를 활용할 만한 부위가 이쪽 말고는 딱히 없는 것 같아서 고민됩니다. 의견 부탁드립니다!"
2026-07-20,0,0,직업,아란 키우시는 형님들 보스 패턴 피할때 거리 조절 어떻게 하시나요?,"윗점은 파이널 토스가 맞는거 같고 앞 이동기는 컴뱃스텟, 파이널 차지, 저지먼트 중 뭐 쓰시나요? 옛날 스우 리메이크 전 1페 때 저지먼트가 텔포 판정 이였다고 기억 하고 있었는데 아직도 텔포 판정 맞나요?"
2026-07-20,0,0,직업,렌 신규 6차 개방하는게 좋나요?,안해도 될까요?
2026-07-20,0,0,기타,헥사스탯 3 열려고 하는데 질문이 있습니다,"메인 코어, 에디셔널 코어 옵션 안 바꾸고 싶은데요. 그러면 스샷대로 헥사 3에서 주스탯, 공마, 크뎀을 못 열더라구요. 헥사 1, 2 코어 옵션 안 바꾸고 최적의 옵션으로 열 수 있는 방법이 있을까요?"
2026-07-20,0,0,직업,패파 신규 6차 점샷 되나요?,궁금
2026-07-20,0,0,시세,이거 얼마 정도에 팔릴까요..?,"방학때만 가끔 하다가 챌섭 시즌1때 제논으로 제대로 시작한 메린이입니다!! 어쩌다보니 9석펫(본섭 6마리, 챌섭 3마리)까지 맞추면서 열심히 하고 있는데 이번에 모상하를 에테르넬로 바꾸면서 기존에 쓰던거 팔려고 하는데 혹시 얼마 정도에 올려야 팔릴까요..? [이미지] [이미지]"
2026-07-20,0,0,아이템,레테 보조 잘샀나 한번 봐줘 ㅠㅠ,보공 70 방무 40 에데 없는거 45억에 가져왔는데 이정도면 괜찮아? 아니면 손해야?
2026-07-20,0,0,아이템,4칠흑 4여명 할 생각인데 조언좀 부탁해!!,"지금 깡통 27퍼 거공, 미트라 이렇게 2칠흑이고 18성 15-18퍼 여명 둘둘인데 앞으로 내 계획이야! 1. 칠흑 2개 있으니 마도서, 몽벨 사와서 칠흑 4셋 키기 2. 여명 21성 27-30퍼 4셋 사오기(잠재사와서 별달기) 3. 블빈마 20성 30-33퍼 사오기(파풀 싸지면 파풀로) 일단 이렇게 계획중인데 혹시 조언 좀 해줄 수 있을까?!"
2026-07-20,0,0,기타,챌섭 진투복 구입할가요?,선배님들 진투복 구입할가요? 혹시 진투복 처럼 나오는 전투복 조만간 나오나요?
2026-07-20,0,0,아이템,하드 메이린 89% 스펙업 도와주세요ㅜㅜ,"[이미지] [이미지] 보조랑 크뎀 장갑 바꾸고 썬데이에 열심히 사냥해서 헥사 강화도 했는데 아직도 갈길이 머네요 블빈마랑 데브펜 18성 다는거, 285 찍는거 이외에 스펙업을 어디서부터 하는게 좋을까요?"
2026-07-20,0,0,기타,울티마 성장의비약(200~269) 챌섭안되겠죠?,울티마 성장의비약(200~269) 챌섭안되겠죠? 패스에있는 279비약은 된다고 공홈이벤트페이지에써있던데 울티마 성장의비약은 챌섭안되겠죠?..
2026-07-20,0,0,기타,지금 챌섭시작하기엔 늦음?,제네패스도 사긴 늦음? 시작 패키지 그런거는 챌섭 오픈런했을 때랑 차이 있음? 뭐 기간 끝나서 못 받는다던지 그리고 복귀하려는디 히어로랑 플위 중에 추천좀
2026-07-20,0,0,아이템,이번 메이플 챌린저스 유입 뉴비입니다. 도와주세요,"안녕하세요. 유튜브 공략도 찾아보면서 나름 열심히 사냥하고, 메소도 꾸준히 모으고, 조각 강화도 열심히 진행하고 있습니다. 현재 1차 목표는 챌린저 달성이고 이지 대적자 트라이 50번만에 연모 깨서 점수는 현재 89000점입니다. 이후에는 익스트림 스우도 파티격으로 가보고 싶습니다. PC방 15시간도 채워서 자석펫 리필까지 받아놨고 중간에 접지 않고 꾸준히 육성해보려고 합니다. 현재 메소는 280억 정도 모아둔 상태인데, 여기서 어떤 순서로 투자하는 게 가장 효율적인지 고민입니다. 미트라를 먼저 구매하는 게 좋을지 장비를 먼저 업그레이드하는 게 좋을지 아니면 자석펫을 먼저 구매하는 게 좋을지 템은 언제 맞춰야 좀 싸게 맞출 수 있는지 우선순위를 잘 모르겠습니다. 닉네임은 신림생존자 입니다. 스펙을 보시고 앞으로 어떤 순서로 성장하면 좋을지 메소를 어디에 먼저 투자하는 것이 가장 효율적인지 조언 부탁드립니다. 추후에는 현질도 추가로 할 생각이 있으니 장기적인 관점에서의 템세팅까지 함께 알려주시면 정말 감사하겠습니다! [이미지]"
2026-07-20,0,0,아이템,렌 다음 스펙업할 거 추천점,한 100억정도로 스펙업할 거 없을까? 아님 더 모을까?
2026-07-20,0,0,기타,22성 쌍레 쓰기전 템셋 어디가 좋아요?,칠흑 22성 44퍼 가기전에 18성 30퍼 에디에픽이 맞겠죠? 22성30퍼 에디에픽은 투머치인가요?
2026-07-20,0,0,직업,썬콜 보스잡을때 머리위에 뜨는거 뭐에용?,빙결(맨우측)은 알겠는데 눈꽃모양(가운데)이랑 책모양(맨좌측)은 뭔지를 모르겠네요...
2026-07-20,0,0,기타,복귀유저 챌섭 질문드려요,이번에 복귀하려고 정보좀 알아보는중인데 지금 챌섭시작해서 과금을 어떻게할지가 고민인데 템값으로 대략 천장정도 사용할건데 챌섭에서 꼭 끝내고 가야할게 있을까요? 이번주말에 시작해서 266에 챌점수8000점 정도입니다. 제네패스 구매했구요. 리프시기를 어떻게 잡고 가는게 좋을지 도움 부탁드려요
2026-07-20,0,0,아이템,챌섭 솔 에르다 조각 파는게 맞나요?,어떤 유튜브 보면 팔지 말고 헥사 올리라고 하고 어디서는 팔아버리라고 하는데 어떻게 하는게 맞을까요?
2026-07-20,0,0,아이템,프펫공작,악세는 놀긍떡작을 하고 프펫공작을 하는게 낫다는데 프펫공작은 어떻게 하면되나요? 무슨 세트 효과?있는 D라벨펫에 하라는데 레테랑 슈피겔만 모자 펫 버리고 D라벨 펫을 2마리 사고 펫장비를 2개 사서 프펫마작을 하면 되나요!?
2026-07-20,0,0,아이템,[뉴비] 장갑 VS 엠블렘,직업은 레테이고요 (닉넴 큐키키캬) 템셋은 제네 무기 + 보조 + 여명 4셋은 대충 끝내놓은 상황입니다 다음 스펙업으로 아래 둘 중에 추천 부탁드립니다. (더 좋은 방안이 있다면 말씀해주세요) 레전 에테르넬 장갑(약 35억) vs 레전 미트라(약 65억) * 레전 잠재 사서 블큐 돌릴 예정
2026-07-20,0,0,아이템,보통 시세 거품 몇월쯤 빠지나요?,스펙업이 하고싶은데 도저히 이가격엔 못사겠네
2026-07-20,0,0,아이템,복귀 메린이인데 블랙보조 질문드립니다,블랙보조 유니크에서 15퍼 띄우다 등업을했는데 여기에 이벤트로 주는 블큐/화에큐 던져봐도 되나여? 제네무기는 쌍레5줄 이고 엠블은 쌍레5줄 구매예정입니다 추후 아스트라를 위해 큐브 던져보는거보다 다른곳에 큐브던지는게 낫나요? [이미지]
2026-07-20,0,0,아이템,챌섭 보조무기 질문입니다,"본섭 챌섭 둘다 렌 키우고있습니다 본섭 보조무기는 완성 해놓고 사용하고있고 원래 챌섭도 하드메이린 졸업안하고 마스터만 찍고 리프해서 하세이칼 돌이나 만드려 했는데 막상 하다보니 하드메이린 현재 84퍼나와서 존버하고 졸업할까하는데 보조무기만 본섭에서 끼고있는거 껴줘도 104퍼가량 나와서 충분히 가능합니다. 그러다 옮기는거 계산을 해봤는데 수수료랑 관세만 총 80억 정도 드네요(안뺏기고 안전하게 옮기는 금액이 400억정도) 그래서 고민되는데.. 여러분들이라면 어떻게 하십니까?? 1. 수수료랑 관세내고 옮겨서 챌찍고 리프한다. 장점 : 매물 안구해도되고 다시 안팔아도 되며 편리 단점 : 꽁 80억이 수수료랑 관세로 날라감 2. 미라클때 직작해서 쌍레 5줄을 띄운다 장점 : 잘뜨면 경매장 매물대비 저렴하게 된다 단점 : 안뜨면 메접 3. 그냥 사먹고 다시 판다 장점 : 1번보단 적은 수수료, 팔리기전까지 본섭, 챌섭 팔리기전까지 보스돌이 편리 단점 : 메소 묶이는 느낌, 안팔리면 계속 감가 빠르면 빠를수록 리프하려는 이유가 현재 챌섭은 드랍100이고 끽해봐야 본섭보다 메이린 주 3억보상이 다이며 본섭은 본캐 드랍템 가위없이 옮기면 부캐들도 드랍 풀입니다. 어짜피 주보스 90개인가? 다 못채우기도하고 본캐랑 다른부캐들은 경치 덜먹어도되서 경치먹는거 챌섭부캐줘도 무관해서 빨리 옮기려고 합니다. 메이린 주3억보다 그냥 본섭 하세이칼 돌이하는게 물욕뜰 기회가 많을거같아서요."
2026-07-19,0,0,기타,이번에 복귀 유전데 캐샵 통합,"제가 소마에 내바스 이펙트가 있는데, 이번 부티크에도 내바스가 있더라구요. 근데 이번에 복귀를 한 유전데, 캐샵 전직업 통합됐다고 들었습니다. 그러면 나중에 챌섭에서 레테 원래 월드에다가 리프하면 내바스 이펙트 옮길 수 있는거죠? 전직업 통합됐으니까. 새로 사면 호구맞죠?"
2026-07-19,0,0,기타,290 찍을꺼면 챌섭에 남는게 맞나요??,원래 285에 챌린저 찍고 본섭으로 넘어와서 본캐급으로 꾸준히 키울 생각이었는데 챌섭이 경험치 더 줘서 챌섭에 남는게 더 좋다는 얘기를 들어서 질문드립니다. 본섭에 풀드메 4석펫 갖고 있는데 만약 챌섭이 경험치 더 주는게 차이가 크면 풀드메를 챌섭으로 옮길 예정입니다.
2026-07-19,0,0,기타,레테 정펜 없이 황금딸기농장 보내도 되죠?,285찍어야되는 본캐한테 정펜 주는 게 맞겠죠?
2026-07-19,0,0,아이템,프펫공작 하드메이린 기준 필수인가여?,"본섭에 저번 챌섭때 쓰던 동 은 금 메소 펫장비는 다 되어있고 , 지금은 챌섭에서 키우는 캐릭에 줄까 말까 고민중인데요 이미 본섭에 펫장비 있다고 하면 비추하시는? 분들이 가끔 계셨던거같은데 어떻게 해야할지 조언 부탁드립니다 그리고 본섭 넘어가선 자석펫/2 D라벨 펫 맞춰주고 펫장비 해줄까 하는데 펫장비 능력치 이전 주문서 써서 넘겨주면 될까요?"
2026-07-19,0,0,기타,솔헤카테 10렙 질문입니다.,환산주스탯 에서 다른 스펙업보면 다른 스킬 올리라고 되있는데 제가 지금 솔헤카테9렙인데 10렙되면 방무20퍼 보공20퍼 증가인데 그러면 무조건 솔헤카테 10렙 올려야되는거 아닌가요?
2026-07-19,0,0,기타,신규유저 지금 시작해도 되나요?,여름방학이나 겨울방학에 큰 이벤트 할때 시작하거나 복귀하면 좋다그래서 하려고 하는데요 옛날에 하던 계정이 있긴한데 너무 오래되어서 그냥 깔끔하게 새로 계정만들어서 하려고 합니다 그런데 보니까 이미 이벤트가 시작한지 한달은 더 된것 같더라구요 시작하기 너무 늦었으면 다음 기회를 노리고 아직 괜찮다면 지금이라도 하려고 하는데 어떤가요? 아직 늦지 않았나요?
2026-07-19,0,0,아이템,눈장 질문,이번에 미분 사게되면 눈장을 트왈마에서 루컨마로 바꾸려는데 괜찮은 선택일까여? (트왈마 현재 노작이고 루컨마는 이벤트 재화 사용예정)
2026-07-19,0,0,기타,렌에서 레테로 본캐를 바꾸려는데,본섭 렌을 재획용을 쓰고 있습니다. 오늘 290을 찍어서 탈라하트를 갔는데 스펙업을 멈춰서 포스가 150이 부족한데 그냥 카르시온에서 사냥할까요 아니면 투자해서라도 탈라하트 사냥터를 가는게 맞을까요?
2026-07-19,0,0,기타,챌린저스서버 테라버닝 부캐 200이후에 딸기농장 구매해서 레벨업 해도 되나요?,본캐 280 찍었고 부캐 보마 키우고 싶어서 테라버닝으로 200까지 레벨업 했는데 200이후에도 딸기농장 티켓 구매해서 레벨업 해줘도 괜찮을까요?? 티켓 하나당 연합토큰인가 200개 들던데 그냥 구매해서 사용해도 될지 궁금하네요...
2026-07-19,0,0,아이템,보마 재획준비물좀 알려주실분,안녕하세요 챌섭 복귀유저인데 본섭가면 보마본캐로 키울생각으로 재획할려고 합니다. 준비물좀 알려주실수있나요? 야누스 몇렙?원킬컷 사출기로 사냥 아르테리아 서쪽외곽에서 재획할겁니다. 자석펫 5마리 어쩌다 보니 얻었고요.(3석펫.황혼1개.이벤트자석펫 무한) 본섭가면 5마리 포스도 딸리고 일단 머부터 해야할지 몰르겠네요 해방하고 갈껍니다. 일단 제생각은 포스.야누스.보마설치기 렙 올려야하고 여기서 부족한거좀 알려주시겠나요? 있는 준비물 풀드메.자석5.이정도 있습니다. 본섭
2026-07-19,0,0,기타,메이플용 PC 견적 뽑아봤는데용,"5600 + RTX3050 조합입니다 용도는 메이플, 서든, 넷플릭스 등 고화질 영상 시청용이라 고성능 게임이나 작업은 절대 할 일도 없고 예산은 OS 제외 100 정도로 보고 있어서 향후 확장성은 고려하지 않았고 7~8년 쓰다가 중고로 던질 예정입니당 딱 100 정도 나왔는데 어떤가요? (한 가지 고민은 여기서 신품으로 램 16기가 박고 중고로 램 16기가 추가로 박을까 고민 중입니다) [이미지] 지금 쓰고 있는 PC는 한 8년 정도 쓴 거 같은데 보스나 사냥에는 큰 문제가 없었지만 사람들이 좀 몰리면 렉 좀 걸리고 오래 쓰기도 해서 이번에 보내줄 예정입니다 ㅠ [이미지]"
2026-07-19,0,0,아이템,해방무기 질문,에디 이 상태인데 더 돌려야 할까요??
2026-07-19,0,0,기타,오는 목요일부터 바뀌는 보급상자지원에서,기존에 쌓아두던 보급상자들은 사라지고 10개부터 시작하나요? 아니면 쌓아둔 개수만큼 남아있나요?
2026-07-19,0,0,아이템,챌섭 메린이 하메를 위한 템셋팅 조언 부탁드립니다!,"안녕하세요. 챌섭에서 챌린저 목표로 달리고 있는 메린이입니다. 닉네임은 '상혁렌'이고 현재 이적자까지 잡았습니다. 유튜브와 인벤돌아다니면서 템을 맞췄는데, 이제 여기서 어느것을 더 맞춰야할지 모르겠어서 조언 부탁드립니다. 해방무길 추옵을 더 돌려야할까요? 1추는 아예 구경도 못해서봐서.. 그리고 잠재 정옵과 에디 21퍼 나올때까지 계속 돌려야하나요? 템은 샤타포스때 블빈마 17->18 갈생각이고, 이벤링 2개 주스탯21퍼 노리는데, 큐브 100개넘게 박는데도 전혀 안나오네요 ㅠ 도미도 바꿔야할까요? 18성에 주스탯 15, 에디 2줄 보면 35억정도 하는 것 같더라고요. 편하게 조언 부탁드리겠습니다! [이미지] [이미지]"
2026-07-19,0,0,아이템,보조가격 봐주실수있나영,이정도 500억이면 적당한가요???보조하나 업어오고싶은데 가격대를 모르겠네영
2026-07-19,0,0,기타,메제 다 채워도 재획비 쓰나용?,다조 때문이라도 먹어야되는게 맞죠?
2026-07-19,0,0,아이템,뉴비 대적자 코인 사용처 질문,"1추 보공10급 윗잠 공30 에디 공21 운좋게 모아놓았던 큐브, 환불, 검마잡고 받은 대적자코인으로 띄었는데요.. 앞으로 나오는 대적자코인을 어디에 써야할까요? 이번 유입이라 다른캐릭 제네무기는 없습니다.."
2026-07-19,0,0,기타,챌섭 뉴비 진로 부탁드립니다 ㅠ,지금 막 에메랄드 찍어서 카레잠 받을 수 있어요 전투력 3300 정도 되는데 제 스펙에 카레잠 팔고 여명 2부위라도 맞추는게 나을까요? 진로 조언좀 부탁드립니다 ㅠ
2026-07-19,0,0,시세,혹시 이거 시세가 어떻게 될까요?,지인이 만들었는데 판매하고 싶다네요 시세가 어떻게 될까요?
2026-07-19,0,0,아이템,챌섭 대적자 코인 본섭 캐릭도 사용 가능한가요?,가능하다면 본섭 아스트라 보조에 가지무침 해보려고 하는데요 M T G
2026-07-19,0,0,기타,집에 PC 켜놓고 PC방 왔는데 도움 부탁드립니다.. ㅠㅠ 형님들,집에 PC 켜놓고 타지역 PC방 왔는데 강제 종료 하는 방법 있을까요.. 메린이 도움 부탁드립니다..!
2026-07-19,0,0,아이템,이전 첼섭에서 본서버 넘어온 불독...,검밑솔이라도 하고싶은데 템다사라진상태라 다시 맞춰야 하는데 메소 얼마정도 들까요!
2026-07-19,0,0,기타,담주에리프해도됨?,바로리프하고싶은데 도전자업글못하는거 진짜임? 혹시제네패스 + 도 안되는건 아니겠지?
2026-07-19,0,0,직업,복귀유저 직업 네개중에 뭐가 괜춘할까요?,"저번?저저번? 시즌 렌으로 검마까지 잡고 접었다가 다시 복귀해보려는 유저입니다. 1. 일단 목표는 렌정도(이적자~하드세렌2인격)까지 찍먹해볼 예정입니다. 2. 그때까지 했던 지식으로 보마, 썬콜, 일리움, 레테(신캐라 일단 리스트에넣어봄) 중에 해보려고 합니다. 3. 난이도는 카데나, 블래스터가 엄청 어려운걸로 알고있는데 그정도만 아니면 괜춘할거같습니다. 4. 되도록 프리드? 였나 그스킬 안쓰는 직업군이면 좋을거같습니다. 한번해봤는데 5~6스택 쌓고들어가는것도 귀찮고 중간에 자꾸 까먹어서ㅠ 한동안 안해서 밸런스관련 지식이 없는상태라 직업 추천좀 부탁드립니다ㅠ"
2026-07-19,0,0,기타,컴고수 선생님들 게임이 계속 멈춥니다,"컴고수님들 메린이 게임 멈춤 질문드립니다 ​ 우선 컴퓨터 사양은 램32gb 4070ti super 9800x3d 입니다 게임 처음 시작할때부터 사냥,보스 첫 진입할때 항상 게임이 짧게는 1초 길게는 5~10초 멈춤이 있습니다 설정은 게임내 설정 메모리 맵 입출력 체크 해제,해상도 여러번 바꿔봐도 증상 똑같네요 뭐땜에 그런지 도통 알수가 없네요 잘 아시는분 계실까요 ㅜㅜ"
2026-07-19,0,0,기타,17성 유에 풀 칠흑 에테 환산,올 17성 칠흑 에테 유에 환산 몇 나올가요!? 무보엠 5줄 기준
2026-07-19,0,0,아이템,재네 무기 대적자 코인 어따 쓸까요,현명하게 메이플 할라고 했는데 급발진해서 위아래 걍 메수 때려버림 ; : 에디큡 240개 정도 총 모일거같고 심환불이면 한 320개 정도 될거같은데 남은 대적자 큐브 어디다 쓰는게 그나마 현명할까요
2026-07-19,0,0,아이템,제네시스 해방은 했는데..,윗잠 21% 인트 9%인데 큐브를 계속 쓰는게 맞을까요? 엠뷸렘이 마력 6%방무30%유니크 엠뷸렘인데 미트라 레전사서 거기다가 쓰는게 맞을까요? 챌섭 코인샵에 있는 골든큐브가 남는데
2026-07-19,0,0,기타,다른계정이 같은명의여도 하버주나요???,ㅈㄱㄴ
2026-07-19,0,0,기타,피방이랑 집이랑 추가 경험치가 차이가 안나는데 왜 그런지를 모르겠음,집에서도 추경 600퍼 대 나왔고 피방도 지금 640퍼인데 그럴수가 있나 도핑이 바뀐것도 아니고 똑같이 시퀀스에 있는거 쓰는데 [이미지] [이미지]
2026-07-19,0,0,아이템,해방무기 질문입니다,해방하고 재화 다 털어서 이정도 완성됐는데 더이상 큐브나 추옵 투자 안하고 다른부위 강화해주는게 좋을까요?? 직업은 렌입니다
2026-07-19,0,0,아이템,헥환 7~9만 템셋 비용 얼마나 될까요? (궁수),"챌섭 유입이고 (제네, 챌린저스 패스 사용) 본섭에 유니온 8천 외에 내실 거의 없는 상태입니다. 지금 말고 1.2달 뒤에 메포 가격 좀 떨어지면 템 사려고 하는데, 헥환 7만 8만 9만 보려면 조각 비용 합쳐서 몇억메소 준비해야할까요? 각 헥환별 장신구랑 방어구 대강 몇성에 잠재 어떻게 맞출지도 알려주시면 감사하겠습니다. 예산 500근처로 해보려고 하는데, 아마 9월 되면 메포 2천 초반대로 떨어지지 않을까 싶습니다. 직장인이라 매제는 못하고 매일 30분 사냥정도만 고려중입니다."
2026-07-19,0,0,아이템,메린이 해방무기 재화 사용 질문,챌섭유입 메린이 검마열심히 잡고 쌓은 재화 다써서 돌렸는데 여기서 남은 제네플러스 재화를 1추+@ 노리는데 사용해야 하나요 블큐로 받아서 잠재 윗줄을 돌려야 하나요?
2026-07-19,0,0,아이템,자석펫 밎추기 vs 드메풀 맞추기,"제목이 곧 내용인데요 렌때부터 열심히 하고있는 렌 메청년입니닷. 이제 슬슬 주보캐도 늘고 이번에 20누스도 주니까 재획 관련 아이템에 눈이가더라구요.. 저번이벤트로 영구 1석펫이 있고 드메템은 1줄씩은 맞춰둔 상태입니다!! 그래서 어떤걸 우선해야 할 지 고민이되어 질문드립니다ㅠㅠ Q 제목: 당신의 선택은? (종료) 최대 1개 선택 가능 참가자: 71 명 26.07.20 12:45:59 마감 득표순 답변순 드메 두줄 짜리 사면서 풀드랍을 먼저 맞추는게 좋을까? (84.5%, 60표) 3 or 4 or 5 자석펫을 먼저 맞추는게 좋을까? (15.5%, 11표) 투표가 종료되었습니다."
2026-07-19,0,0,아이템,프악공 대신에 놀긍혼 1장 바르는게 낫지 않나,놀긍혼이랑 아크이노가 20개 20개씩 40개니까 10번해서 공격력 4이상 한번만 붙으면 프악공보다 싸게 할수 있을거 같은디
2026-07-19,0,0,아이템,"""자석펫""이라는 존재가 메이플에서 아주 처음 나왔을때가 언제인가요?",제곧내입니다. 자게에서 자석펫을 주제로 한 글들이 워낙에 많아져서 갑자기 궁금해지네요 중간에 게임을 합쳐서 6년이나 접었던 탓인지 아직도 모르는것 투성인...
2026-07-19,0,0,시세,mvp작하려는데 챌섭이좋아요본섭이좋아요 ?,지금 뭐사야지 mvp작 괜찮은건가요 ?
2026-07-19,0,0,아이템,챌섭 방무 질문,챌섭 방무 70퍼 추가인데 이거 본썹오면 유니온으로 40퍼 채워서 -30퍼밖에안돼는거죠? 방무
2026-07-19,0,0,아이템,3석펫이 맞추고 싶습니다...,주에 50억 정도 벌리는 메린이 입니다.... 본캐 2억단에 지금 챌섭에서 키우는 부캐 1억5천만 정도 인데 3석펫에 돈을 투자하는게 맞을까요...? 현재 석펫은 버섯펫 하나에 원래 본캐가 쓰던 자석펫 하나가 있어서 버섯 두마리만 사면 되는 상황입니다. 메짱 메벤 형님들이라면 어떻게 하셨을까요? 어차피 게임이니까 제 마음이 시키는대로 가야 할까요 ㅠㅠ
2026-07-19,0,0,직업,유챔 미리 등록해두면 좋은가요??,지금 본캐는 챌섭에서 키우고 있어요. 본섭엔 작년 챌섭에서 키우고 유기당한 282렙 일리움이 있어요 전투력 4천만 헥환3.1만짜리인데 이거 유챔 등록해두면 좋은 점이나 나쁜 점이 있을까요? 지금 용도는 노밑솔 정도 돌고 에픽던전 메포 벌고 있어요 다른 캐릭은 챌섭 비약 먹인 깡통 캐릭밖에 없어요 해제할 때 10억메소 든다고 해서 망설여지는데 그렇다고 따로 등록할 캐릭도 없긴 해서 그냥 등록해서 휘장보너스? 받으면 좋은가 싶어서요
2026-07-19,0,0,기타,자석펫 얼마나 걸릴까요?,"이번에 챌섭 시작한 메린이입니다. 이번달에 60질러서 드메 좀 맞추고 오늘 피시방 자석펫 얻었습니다. 메획 186%, 아획 130%, 하루 4시간 사냥하고 있습니다 피시방 자석펫 한달동안 자석펫 살 수 있을까요? 메소는 자석펫 살 때까지 모을려고 합니다."
2026-07-19,0,0,아이템,늅이 고민있어요,피방 자석펫으로 버티면서 드메템부터 맞추고 자석펫을 사는게맞겠죠?
2026-07-19,0,0,기타,지금 시작해도 안늦었을까요 챌섭?,지금 해도 해방 가능한가여....?
2026-07-19,0,0,아이템,에테 장갑을 만들었었는데 방어구 템셋을,보통 보니까 3에 4앜 이렇게 하는 것 같더라구요? 이번에 18성 스타포스 주는것도 있고 해서 아케인을 가는게 좋으려나 싶은데 그럼 모자를 아케인으로 해야 하나 찾아보니까 매물도 없고 에테보다 더 비싸더라구요 이 뉴비를 어찌해야할지..
2026-07-19,0,0,기타,이거 챌섭 오버방무 아님?,380보스 기준으로 환산 최적화 돌리면 하이퍼 1개 더 찍어야 한다고 나오는데 이미 스탯창 방무가 97.57임 1개 더 찍는게 진짜 나은거 맞음??
2026-07-19,0,0,기타,뉴비 템셋 순서고민입니다,[이미지] 제 생각은 거공 18성27퍼레에>>미트라 레유>>보조무기? 이렇게 생각하고있는데 조언해주시면감사하겠습니다. 미트라먼저 안하는이유는 거품가격때문에그렇습니다.
2026-07-19,0,0,시세,뉴비 쌍레 데브펜 시세 질문,렌인데 돌리다보니 럭6줄이 떴습니다... 시세 들어가니 전부 22성 기준이라 잠재 시세를 잘 모르겠어요..ㅠㅠ 이 템을 파려면 22성은 꼭 달아야할까요...?
2026-07-19,0,0,아이템,한달전 악세 시세 얼마였는지 아시는분?,주스텟 21퍼 레전 / 에디 두줄 에픽이하 / 18성 / 프악공작 이정도 목걸이가 지금은 대충 24억 언저리쯤 되는데 계곡 장사하기전 시세가 얼미였는지 기억 나시는분 있을까?
2026-07-19,0,0,아이템,챌섭 스펙업 방향성 알려주세요..!,환산주스탯 제 캐릭 입니다! 제가 아는선에서 남은 스펙업 적어보겠습니다. 1. 제네무기 대적자큐브로 방무없는 3줄 저격 2. 미트라 방무 포함 3줄 에디 공21퍼 (나중에 싸지면 살려고 고민중) 3. 보조무기 방무 없는 5줄 or 방무포함 5줄 (마찬가지 싸지면 살까 고민중) 4. 프펫공작 (이벤트코인으로 천천히 하는중) 5. 레벨업 + 헥사강화 또 궁금한게 지금 100억 정도 있는데 마스터 보상 18성 주문서 아케인에 지금 써야 하나요? 보니까 잠재만 있는거나 완작템이나 가격이 비슷하던데.. 들고있다가 나중에 부캐템 만들어주는데다가 쓰고 캡틴은 천천히 에테 가는게 좋을까요? (아케인보다 도전자가 좋은거 같아서..)
2026-07-19,0,0,아이템,형님들 이거 미트라 잠재 뭐써야하나요,요번에 챌섭 시작한 진짜 뉴비인데 방무 두줄을에 아래 이탈을 가져가는게 맞을까요 아니면 원래옵션을 써버릴까요 이벤트 블큐로 뜬건데 뭐 해야할지 모르겠어요 ㅠ 무기는 공공보 보조는 보방공입니다
2026-07-19,0,0,아이템,뉴비 자석펫 질문,"저 뉴빈데 자석펫 사야할까요? 이번 챌섭때 끝까지 열심히 해서 한번 챌린저까지 달아보려고 하는데 자석펫 하나 사는게 좋을까요? 아니면 피씨방 기간제로 계속 써야 할까요? 대학생이라서 알바해서 달에 5-60정도 버는중인데 사는게 좋을지, 피방으로 계속 쓰는게 좋을지 고민입니다! 챌섭 끝나고도 본캐정도는 계속 키워줄것 같은데 하나 사두는게 좋을지 어떨지 고민돼요.."
2026-07-19,0,0,아이템,아이템 드롭율,원래 104퍼라고 표기가됐는데 이제 기본 드랍율 24퍼는 추가적으로 표기를 안해주는 건가요? 평소대로 풀도핑+드메템+홀심 했을 때 전부 다해서 104퍼였는데ㅜ 갑자기 80으로만 뜨더라구요 확인해보니 이렇게 적혀있긴한데 24퍼는 이제 표기에서만 제외된거고 전 드롭월 104퍼가 맞는 걸까요?
2026-07-19,0,0,아이템,경험치 BM 280작 250작 무난할까요?,"챌섭 282 > 285 악선, 몬파2판, 익몬, 일퀘, 사냥 본섭 283 > 285 모멘텀 패스 예정 278 > 280 앵컴, 몬파2판, 일퀘, 익몬 276 > 280 하마, 익몬 (280작 > 279비약 + 블루베리 + 상급exp 리프) 241 > 250 모라, 에페 몬파5판 232 > 250 레헬, 알카 몬파2판 206 > 250 여로, 츄츄 사우나, 딸농 이렇게 진행 중인데 더 괜찮은 팁 댓글 달아주세요! 이거만 하고 행메 해야겠다"
2026-07-19,0,0,기타,서버 질문입니다.,현재 오로라에 유니온 4200이 있습니다. 이번에 챌섭하고 다이아까지 찍었는데 그냥 오로라 4200 포기하고 스카니아로 가는게 맞을까요? 아님 오로라에 정착하는게 나을까요? 본캐는 현재 챌섭에서 키우고 있는 스커 생각중입니다.
2026-07-19,0,0,몬스터,이적자 극딜 타이밍 질문,최종뎀 20퍼 안채웠으면 무조건 채우고 하는게 이득인가요? 아니면 쿨 안밀리게 바로바로 쓰는게 이득인가요?
2026-07-19,0,0,퀘스트,일퀘 질문드려요,"요새 문브릿지, 미궁, 리멘은 일퀘 안해도되나요??"
2026-07-18,0,0,아이템,챌섭 레잠 하나 남는데 어디에 쓰면좋을까요?,"본섭 렌키우다 이번 챌섭에 아델 본캐하려고 아델 키우는데 아델 지금 미트레 레유, 보조 레유 상태이고 나중에 해방할때 레유 주문서 남겨놓고 레잠 하나 남고 블랙하트는 유니크 상태입니다 어떤거에 주면 좋을까요? 나~~~ 중에 본섭갈때 버닝 끝나면 아케인 흙테르넬 예정입니다."
2026-07-18,0,0,기타,mvp 질문해요!,"이미지 첨부했습니다 mvp 레드를 유지하고싶은데 이미지 내용대로하면 이번주, 다음주, 다다음주 안에 616,570 캐시를 사용하면 계속 유지하는거라고 해석하면 될지 여쭤봅니다. 그리고 mvp 사용하시는 다른분들은 어떤아이템을 보통 판매해서 메소로 환산 하시는지 궁금해요 부탁드립니다 ㅠㅠ"
2026-07-18,0,0,기타,내일 이벤트 의문인 부분 있음,챌 찍을정도로 헥사는 다 했고 다조 쌀팔이 중이라 기운 항상 25 찍을라해서 부스터로 변환하는데 저같은 분들 내일 기운 3배이벤트 잘 활용하는 방법 있나요?
2026-07-18,0,0,기타,메이플 팅김현상 - NGS hacking Detedcted,사진처럼 NGS hacking Detedcted 라고 뜨며 자주 팅기는데 어떻게 해결해야하나요?
2026-07-18,0,0,아이템,컬프프 외곽선도 같이 염색되는게,컬프프에만 생긴 기능임? 컬프에도 추가됨?
2026-07-18,0,0,아이템,스펙업 조언 부탁드립니다.,"메린이 본캐로 렌 키우고 있으며, 현재 장비 상태입니다. 헥사강화는 솔 에르다 모이면 계속 할 예정이며 아이템은 어떻게 스펙업을 해야 할지 여쭤보려고 합니다. 목표는 계속 할 예정이라서 정해진 목표는 따로 없습니다 조금씩 올려갈 생각입니다. 제가 생각한건 1. 레전 21% ~ 227% 마이링 구매 후 17성 주문서 2. 보조무기 쌍레 윗잠 공21%, 에디 공21% 3. 4칠흑 중 구매 정도 생각 하고 있는데 맞을지 모르겠습니다. - 도미는 칠흑 때문에 구매가 꺼려지긴 합니다. 메소는 계속 모으는 중이며 현재 100억 메소 보유중입니다. 많은 답변 부탁 드립니다. 감사합니다."
2026-07-18,0,0,아이템,레전 잠재 2장 질문있습니다,"행님들 조언 부탁드립니다 어차피 도전자는 본섭 가면 에테로 바꿀 것 같은데, 장갑은 곧 에테 크뎀으로 하나 살 예정이라 에테 확정이고 모상하는 노작도 저렴하니 에테 확정인데 나머지 부위(망신견)만 앜셰 남기기에는 뭐해서 에테로 하려고 합니다. 그래서 고민이 1. 레전 잠재 2장이 남는데, 길게 보기 위해 얼장, 눈장 혹은 펜던트에 드메를 맞추는 것도 괜찮을까요? 2. 쓰면서 든 생각인데, 18성 3장도 남는데 어디에 쓰는게 좋을까요? 이건 방어구라 장신구에 바르지도 못해서 애매하네요"
2026-07-18,0,0,기타,헥사떡작 도와주세요,1 보주공 2 크공주 환산주스탯보고 열었었는데 세번째는 뭘로 열어야하는지 이해가 잘 안되네요 주크보로 열면되나요?
2026-07-18,0,0,몬스터,"노말 세렌 여명 잘 넘기는 법 있나요,...?",여명때 노루가 먼저 안 오고 세렌이 먼저 와서 ㅠㅠ...세렌 스킬 피하느라 바빠서 노루 주차도 잘 못하겠습니다..ㅠ 구슬을 없애기도 전에 세렌이 먼저 돌진해오는데..이 패턴때문에 극딜 넣기도 빡셉니다.. 어떻게든 겨우겨우 딜 넣어서 보호막 한 조금 정도 남기고 넘기긴 하는데.. 배율 180퍼인데도 세바퀴 정오까지 갑니다.. 보니까 이때 피가 아직도 30-40퍼 남아 타임아웃 때문에 못깨네요. 세바퀴 정오때는 거의 시간이 1분밖에 안남아서 ㅠ..깨지를 못하고 있습니다..두번째 여명에서 보호막을 거의 다 깐다치더라도 25퍼에서 30퍼는 되는 거 같은데.. 시간이 안돼 깨기가 너무 힘듭니다ㅠ...이건 제가 너무 패턴 피하느라 극딜을 못넣어서 그런걸까요? 보스 도핑도 다하고 그랬는데 배율 180퍼인데도 오히려 여명은 둘째치ㅏ고 타임아웃때문에 깨기가 힘드네요... 2페때부터 너무 보스 피가 안달아요..
2026-07-18,0,0,아이템,요즘 교가 보조무기 에픽은 어떻게 올리나요?,"복귀 유저인데, 수에큐가 없어진 지금, 교환가능 보조무기 에픽까지 올려서 공6% 쓰고 싶은데, 카르마 주문서 및 큐브 밖에 없는 것 같은데, 요즘은 교환가능 보조무기 에픽까지 어떻게 올려서 쓰나요??"
2026-07-18,0,0,아이템,4만 복귀 카이저 메린이,본섭에서 꾸준히 놀다가 이벤트 재화로 1앜 2카 4앱 맞추고 유잠 발라서 미라클 때 옵션만 맞추려다 레전 몇개 가고 15 주흔 작 같은 뻘짓도 좀 많이 했습니다. 아이템 스펙업 정체기가 와서 헥사강화 같은 내실에 좀 투자하다 다음 주에 해방하게 되어서 모자도 바꿀겸 템을 싹다 갈아 엎어야 할 때가 온 것 같아 질문 드립니다! 천천히 계단식 스펙업으로 5만 6만 이런 느낌으로 올라가고 싶은데 진로 방향을 어떻게 잡는게 좋을까요? 카이저라 드엠 51퍼 짜리 150억대 정도 하는데 카룻모자 대충 만들고 메소 좀 모아서 무보엠부터 잡고 가야할지 방어장신구를 먼저 엎어야 할지도 궁금합니다! 엎는게 먼저라면 추천해주시는 템셋 알려쥬시면 감사드리겠습니다 [이미지] [이미지]
2026-07-18,0,0,시세,법사 에테모자 에디3줄 시세 질문드립니다,윗잠은 큰 값어치 없어보이는데 에디 3줄은 가격 좀 받을 수 있어보여 질문드립니다. 어느정도 받으면 좋을지 고견을 여쭙습니다. 답변 주시면 글삭하지 않고 참고하겠습니다.
2026-07-18,0,0,기타,에디셔널 큐브가 종류가 또있나요.?,맨 아래 큐브는 뭔데 200개나썻을까요.. 현존하는거면 10개만 더쓰면 레전가는거아닌가요..? 교가보조라 화에큐는 아닌거같은디 뭐지..
2026-07-18,0,0,기타,해방 못하면 레잠이랑 에디셔널 유니크 주문서 어디에 쓰나요??,무과금이라 제네패스 안사서 9월 안에 해방이 안될 것 같아요. 그럼 레잠이랑 에디셔널 유니크 주문서 어디에 쓰는게 좋나요??
2026-07-18,0,0,아이템,이거 무슨 아이템인가요?,루시드 돌다가 먹었는데 인벤에도 없고 루시드 드랍리스트에 이런건 없는데 뭔가여??
2026-07-18,0,0,아이템,메린이 보조 바꿀려고 45억 모았는데 어떻게 할까요 ㅜㅜ,"캐릭은 281 렌, 위엔 제 환산이고 45억 정도 모았는데 경매장 보조 레에 매물이 지금 보조 유에랑 공 3% 밖에 차이 안 나서 차라리 이 돈으로 프악공 사서 악세 다 프악공작 하고 남은 돈으로 장신구 에디 에픽 가는 거 고민하고 있습니다 ㅜㅠ 혹시 조언해주실 착한 메형님들 계신가요"
2026-07-18,0,0,기타,기반없는사람이 챌섭 2케릭은 힘들겠죠?,본케로 할 챌섭케 챌린저 달고나니 더 달릴 의욕이 없어가지고 부캐로 이쁘고 귀여운 레테를 하나 키워볼까 싶은데 한정 보상도 따고싶구요 현실적으로 장비 새로 다 맞춰야하고 해방도 엄청 오래걸리고 다음 챌섭까진 한케릭 쭉 하는게 낫겠죠?
2026-07-18,0,0,기타,보스 잡고 드랍템 드메템으로 하나요?,지금 메소100 드랍 80인데 보스전용 드랍도 세팅 해야 하나요? 보통 어떻게 하나요??
2026-07-18,0,0,몬스터,하드림보 클각 몇분안에 쳐야하나요?,하드림보 1페 몇분안에 넘어가면 가능하죠? 20분으로 바뀌고나서 각을 모르겠네요
2026-07-18,0,0,기타,보스 꿀팁 있을까요,"하드 루시드, 윌까지는 어떻게 깼는데 그 이후 보스를 못 깨고 있어서요,,,,,,,,,,, 솔직히 루시드랑 윌도 어떻게 깼는지 모르겠어요 메이플에 재능이 없는 걸까요ㅕㅠㅠ"
2026-07-18,0,0,아이템,법사 에테 상의 깡통 쌍레 팔릴까요?,유니크 / 에픽 정도로 대충 쓸라 했는데 어어어 하다보니 쌍레 왔는데 이거 70억대에 팔릴까요? 30퍼작 12성인데...
2026-07-18,0,0,기타,솔에르다 드랍률 상향이면 조각도 포함인가요?,이번에 일요일에 하는이벤트와 더불어 피시방에서도 조각까지 포함해서 드랍률이 오르는건가요?
2026-07-18,0,0,기타,달콤한 정령 오늘까진데,석펫 없이 살아야하는 건가요? 사거나 뽑거나 둘 중 하나인가요?
2026-07-18,0,0,기타,해외에서 메이플 하시는 분들 pc방,해외에서 메이플 하시는 분들 혹시 챌섭 자석펫 어떻게 유지하시고 계신가요? 달콤한정령 때문에 pc방 대리라도 맡겨야하나 고민중인데 해외에 계시는 메고수님들 계시면 댓글 부탁드리겠습니다
2026-07-18,0,0,아이템,12.0 목표 제네무기 잠재옵 질문,12.0 목표로 템맞추고 있고 직업은 불독임 여기서 윗잠 1이탈 노리는게 맞나요 아랫잠 마21% + @ 보는게 맞나요
2026-07-18,0,0,기타,PC방 최대시간도 12시 기준으로 초기화되나요?,하루에5시간이니깐 대충 피시방 10시간 켜두고온다고하면 오후7시부터 오전5시까지 켜두면되나요?
2026-07-18,0,0,아이템,"에디에픽, 브론즈 큐브",미라클 때 한번에 올리려고 에디 레어에서 안올리고있는데 적어도 브론즈 큐브 버릴 템 하나씩은 에디에픽 올리는게 나을까요? 결국 다 올릴거긴 하니까
2026-07-18,0,0,아이템,미트라 질문,지금 똥블 합쳐서 마력15퍼 끼고있습니다 미트라 유에 마력 합 24퍼 40~50억에 사도 괜찮을까요??
2026-07-18,0,0,아이템,2추 보공12퍼 vs 1추 뭐가 좋나요?,해방무기 추옵 돌리는데 투력은 2추에 보공이 오르긴 하던데 1추가 더 나은가요?? 뭐가 더 나은 선택지일까요??
2026-07-18,0,0,아이템,메린이 템 이것도 2줄인가요?,형님들 메린이 챌 도전 최소 보조 윗잠 2줄 필요하다는데 이것도 2줄인가요? 마력 보공 수치가 딸리는데 블큐써서 더 돌려야하나요?
2026-07-18,0,0,아이템,레테 블큡 60개 어디써야 좋을까요? 무보엠,"직업: 레테 무기: - 해방완료 / 패스 구매완료 + 방무 35 / 방무30 / int9% + (에디 유니크 0줄유효) 블랙보조: + 마력 12 / 데미지 9 / 보공 30 골드엠블렘: + 방무40 / 마력 9 / 마력 9 무기를 대적자 코인으로 돌리자 하니 에디가 0줄이라 전부 에디에 줘야하지않나 싶습니다. 어디가 정배입니까? Q 제목: 블큡어디쓸까~? (종료) 최대 1개 선택 가능 참가자: 5 명 (무기명) 26.07.19 14:05:59 마감 득표순 답변순 무기 (80%, 4표) 블랙보조 (20%, 1표) 엠블렘 투표가 종료되었습니다."
2026-07-18,0,0,아이템,"뉴비 챌린저 도전, 템셋팅 어떻게 하는게 효율적일까요","재획 풀메, 채집으로 돈을 벌고 있습니다. 현재 80억 메소 모았고 아란입니다. 스펙업을 효율적으로 하려면 어떻게 진행하는게 좋을까요? 아란 보조무기 매물이 없어서 엄청 비싼데 150억까지 모아서 무리해서라도 구매를 할까요? [이미지] [이미지]"
2026-07-18,0,0,기타,혹시 나중에 이벤트로 버닝캐 한마리 더 줄수도있나요?,"260까지 찍는 버닝캐 한마리 이미 했는데 부캐를 또 키우고싶어서 키우려니깐 친구가 원랜 버닝캐 두마리씩 해줬다면서 기다려보라는데, 진짜로 더 줄수도있나요? 아니라면 빨리 키우고싶어서 고민중입니다"
2026-07-18,0,0,아이템,이벤링 아드템으로 끼고싶은데 도와주세요 ㅠ,"매일 메소제한 다 채움. 목걸이,귀걸이,눈장식까지 템 맞췄음. 이벤링 4개중에 2개는 메획. 나머지 2개가 주스탯27퍼임. 지금 22억쯤있고 일주일 사냥하고 다조 조금 팔면 50억쯤 버는듯 여기서 주스탯27퍼짜리 이벤링을 아드로 바꿔야하는지 아니면 마이스터링 아드20 주스탯21퍼(약30억)을 사야하는지 또는 다른 선택지가 있는지 궁금함 이제 한달한 뉴비라; 아 그거랑 레드 직업심볼 얼굴장식에 아드있는거랑 트와일라이트마크랑 가격 똑같던데 그래도 레드 얼굴장식이 맞음?"
2026-07-18,0,0,기타,메소제한 다채우면 솔에르다기운 드롭 안되나요?,ㅈㄱㄴ
2026-07-18,0,0,아이템,추옵질문,추옵 얘기할때 환산주스탯 사이트에 뜨는걸로 얘기하나요? 아니면 템보고 직관적으로 계산한거 기준으로 얘기하나요? 추가로 에테르넬 추옵 몇정도로 써야할까요?
2026-07-18,0,0,아이템,22도미 > 고근 질문,"현재환산 6.9에 당장은 8만 목표이고 현재 쓰고 있는 도미에요 지금 도미 잘팔리고 있는거같고, 앞으로 칠흑 하나씩 윗잠30퍼로 맞춰갈거같은데 나중 생각해서 도미 >고근 윗잠30퍼로 교체하는거 괜찮을까요? 아니면 그럴필요 없을까요?"
2026-07-18,0,0,아이템,형들 메린이 이거 미트라가야해?,어제 돌리다 떳는데 키네시스 에디 레전달아야해 아니면 두고 나중에 미트라로 가야해..? 그리고 전투력 6000인데 검마 어떻게잡아ㅜ
2026-07-18,0,0,기타,이 머리 이름 머에요?,지금할수잇슴??
2026-07-18,0,0,아이템,무보엠 큐브 우선순위 질문드려요,"무보엠 큐브돌리다가 이렇게 떴는데 블랙큐브, 화에큐를 사용 방향성을 어떻게 잡아야 할지 모르겠어요 1.무기 - 에디멈춘다 vs 더돌려서 레전2줄 뽑는다 2.보조 - 여기서 멈추고 돈주고 새로산다 vs 에디에 큐브 던진다 3.엠블 - 큐브그만하고 미트라로 갈아탈생각한다 vs 블큐,화에큐 던져서 윗잠3줄 에디2줄은 뽑아본다 아직 헥환 4.2 하드메이린 81% 보마입니당 우선순위 추천부탁드립니다!!"
2026-07-18,0,0,아이템,카르마 블랙큐브 화이트큐브 사용처,"챌섭 이벤트로 플레임위자드 육성 시작한 뉴비입니다. 제네시스 무기 해방 끝내고 플러스 패스, 이벤트 카르마 블랙큐브 화이트큐브 사용해서 천천히 무기 옵션 맞춰보려했는데 생각보다 빠르게 쓸만한 정도로 무기가 옵션이 붙었더라구요. [이미지] 에디셔널 우선으로 대적자 큐브 들어오는거만 던져보려 하니 이벤트나 마일리지로 얻는 블랙큐브 화이트큐브 사용처가 애매하더라구요 게임 하면서 천천히 성장하고 싶어 패스류, 자석펫 정도 말고는 과금은 안할것 같은데 이런 경우에는 블랙큐브나 화이트큐브, 혹은 이벤트 재화로 얻는 유니크 잠재 같은건 어떻게 사용해야할까요? (보조무기랑 엠블렘은 블랙보조, 골든시그너스 엠블렘 유잠 발라서 한줄정도 띄워서 쓰고 있습니다 지금. 여기 큐브를 던져야 하나 했는데 몇몇 글들 읽어보니 얘네는 구매하는게 좋다고 하더라구요) 감사합니다."
2026-07-18,0,0,아이템,레테 보조무기 질문드립니다,제네무기 윗잠이 보보보 35 30 50 에디가 마12 방무 4 올6 이고 보조무기 윗잠 돌리다가 보보보 35 35 30 에디 마마 9 9 쌍레 입니다 미트라는 마마인트 12 9 9 에디 인트 데미지 마력 9 6 6 입니다 보조를 팔고 메소 모아서 보조 마마마/마마 사려했는데 환산 아이템메이커에서 교체해보니까 1%정도 밖에 안 오르더라고요 아직 미트라 에디가 유니크 마력 1줄인데 마력%로 보조를 바꿔야하는지 미트라 에디 레전에서 2줄 노리고 제네무기 에디에서 2줄 노리는게 좋은지 보조를 바꾸는게 좋은지 궁금합니다 [이미지]
2026-07-18,0,0,기타,4주차 뉴비 앞으로 진로방향좀 가르쳐주세요!,"[이미지] [이미지] [이미지] 현재 282 레테 키우고 잇는 4주차 메린이 입니다! 하루 2-4시간씩 주말 5-6시간씩 그래도 열심히 하고 있는 유저입니다 달 20정도 메포에 투자할 생각은 있는데, 앞으로의 진로방향이 궁금합니다. 돈을 모아서 엠블이나 부조무기를 교체해야하는지, 찐도미 사고 악세류를 구매해야하는지 ㅠㅠ 지금부터는 템 하나하나 사는데 가격대가 엄청나길래, 여쭤봅니다!! 목표는 챌린저 달아보는거구요! 현재 검마 노말 세렌 이지칼투스 까지 솔격 합니당! 아에 이번이 메이플 처음이라 ㅠ 유니온 등 내실이 잘 되어잇는지 모르겟네요. [유튜브에 기본적인 내실은 함 시그너스 케릭 200등 ] 답변좀 부탁드립니다!"
2026-07-18,0,0,퀘스트,해방퀘 질문좀요,검마 월간으로아는데 지금 하드스우해방퀘중인데 지금 검마잡으면 마지막 검마 해방퀘 깨려면 다음달되야되나요?
2026-07-18,0,0,기타,형들 챌섭 챌린저 기준,280찍고 하메 이칼 이적 노칼 이카 하면 찍혀?? 안해도 되는거 잇낭?
2026-07-18,0,0,기타,이번주 썬데이 메이플 질문,3시간까지만 보상 주는건가요? 아니면 24시간 돌릴수있는건가요?
2026-07-18,0,0,기타,환산 이랑 인겜 투력 차이,챌섭인데 환산이 인겜보다 한 300만 정도 투력 더 나오는데 뭘까요..? 프리셋 자체는 동일함 ㅠ
2026-07-18,0,0,아이템,이벤링 주스텟 21% vs 아획 또는 메획 1줄,"안녕하세요. 이벤링 큐브 돌리다가 아래 같이 옵션 나왔을 때는 뭐가 더 좋을까요? 이벤링 주스텟 21% vs 아획 또는 메획 1줄 참고로 사냥은 평일 1시간, 주말 3시간 정도 합니다."
2026-07-18,0,0,아이템,메이린 스펙업 질문입니다,[이미지] [이미지] 285 찍으면 90% 정도 나오는데 다음은 어디 스펙업을 해야 좋을까요? 모자는 임시로 낀거라 도전자 세트라고 봐도 무방합니다
2026-07-18,0,0,아이템,1추 vs 2추 보공12% 뭐가 좋나요?,이미 2추보공을 집어버렷지만 궁금합니다
2026-07-18,0,0,기타,트레져헌터도 on/off 가능한가요?,매일 챌섭 심볼퀘 하는데 세르니움에서 트레져헌터가 나왔네요 [이미지]
2026-07-18,0,0,기타,캐릭터 발쪽에 양쪽으로 불꽃튀는 이펙트 어떻게끄나요?,영상이 없긴한데 발쪾에 캐릭터양쪽으로 주기적으로 불꽃튀는 이펙트 끄고싶은데 도저히 못찾겟습니다... 도와주세요 행님들
2026-07-18,0,0,아이템,카링 안잡아도 플라즈마하트 업글이 될까요?,카링 못잡는데 하트 업그레이드 모듈 플라즈마 사용할수 있나요?
2026-07-18,0,0,기타,9계정인가 10계정입니다,안녕하세요 그린메이플?그거보고 어케해야되나해서요 어렸을때만들어논계정이많은데 캐릭은 아이디하나에만있어요 나머지는 빈아이디인데 이거 문제생겨요??
2026-07-18,0,0,기타,혹시 이 코디 정보 알 수 있을까요?,"혹시 이 코디 정보 알 수 있을까요? 머리, 의상이 궁금합니다!"
2026-07-18,0,0,아이템,아델 아이템 버닝 주스텟 이랑 쿨 중에 뭐 골라야하나요?,아델 아이템 버닝 주스텟 이랑 쿨 중에 뭐 골라야하나요?
2026-07-18,0,0,아이템,뉴비 스펙업 아이템 질문,안녕하세요 뉴비입니다 현재 제네 해방 + 여명 4셋 맞춘 상황에서 스펙업을 위한 아이템을 사기 위해서 돈을 모으고 있는데 아이템 가격들이 너무 높아 찾아보니 다 거품이라고 하네요 챌섭이니 거품은 충분히 낄 수 있다고 생각하는데 그렇다면 어떤 템부터 맞춰야 적절한 스펙업이 될 수 있는지 고민입니다...
2026-07-18,0,0,아이템,어샌틱 심볼 선택권 뭐 받음?,기간이 ... 있는지 모르고 처음에 받아둔 860개 ... 내일 사라지는데 뭐 받는게 나을까요
2026-07-18,0,0,몬스터,렌 카칼 질문드립니다.,안녕하세요 헥환 9.67 2초뚝 렌입니다. 현재 카칼 배율이 108퍼가 나오는데요. 1페 2극 2-1 2극 2-2 3극 2-3 2극 2-4 2극 2-4 까지 어센트 2개를 가져가서 마지막에 다 터는데도 카칼 체력이 3퍼가 남네요 2-4 기믹끝나고 바로 극딜하고 이후에 낙인 2스택일때 극딜하고 있는데도 딜이 부족합니다. 제가 마스터리 코어가 전부 29렙 강화코어 10렙 어세트 9렙 오리진 13렙 헤카테 17렙 화중군자 15렙으로 헥사강화가 좀 부족하긴한데 혹시 렌 카칼 최소컷 기준이 어떻게 될까요? 배율이 낮아도 헥환이 잘되어있으면 딜이 더 쌘건가요?
2026-07-18,0,0,아이템,이거 이가격에 사도 되나요?,첼섭에 처음 시작한 메린입니다 이거 사서 카르마 17박으면되는건가요?
2026-07-18,0,0,아이템,펫장비 뭐 사야되는건가요?..,메린이 D라벨 펫 3개 샀는데 펫장비 껴주려고 그러는데 펫마다 정해진 펫장비가있는건가요..??
2026-07-17,0,0,아이템,"에디10,10 or 에디 주스탯4+공10 어떤게 나은가요?","에디 에픽 공10,10이 나왔는데 유튜브 보니까 에디 에픽 1.5줄로 주스탯4퍼+공10 쓰라고 나오네요? 에디 에픽 공10,10을 버리고 주스탯4퍼+공10이 나올때까지 돌려야 할까요?"
2026-07-17,0,0,시세,카레잠 카에유잠을 살려합니다,인벤이 처음이라 혹시 이러한 구매를 원한다는 글을 작성해도 되는 게시판이 따로 있나요?
2026-07-17,0,0,몬스터,진짜 급해서 그러는데 흉성 2정수빌드 설명 좀,항상 환상>현실로 넘어가는 첫 극딜 때 최종데미지가 130이 아니라 120일 때 극딜이 도는데 원래 그런건가요? 공략 영상을 봐도 다 정상적으로 넘어가면 130극딜이라는데 왜 120에 극딜이 도는지 모르겠어요 걍 기다렸다가 한 번 더 풀고 130극딜을 하는건가
2026-07-17,0,0,아이템,첫 챌린지 도전중입니다..여기서 피도미를 바꾸면될까요..?,[이미지] [이미지] 진짜 템 너무 비싸서 ㅠㅜ 챌린저가려면 칠흑을 꼭 맞춰야하겠죠..?
2026-07-17,0,0,기타,렌 어빌 질문입니다.,보15 공21 상7퍼 vs 보18 공18 상8퍼 어떤게 나아요?
2026-07-17,0,0,아이템,형들 템세팅 이렇게 하러는데 어때?,관세포함 에테 18성 장갑 레유 270-300억 4초뚝 쌍레 220-240억 쌍레 장화 240억 망토 220억 견장 170억 상의 160억 하의 210억 총 1540억 장신구 22성 여명 가엔링 210억 데브펜 200억 루컨마 280억 마깃안 410억 거공 550억 컴언컨 315억 창뱃 170억 마도서 60억 커포 460억 몽벨 440억 고근 510억 미트라 550억 총 4155억 바로 다 살건아니고 3100억치정도는 바로 사고 천천히 맞추려는데 다른 부위들 뭐 후순위로 해야하는지 알려줘
2026-07-17,0,0,아이템,헥사 코어 순서 변경,3개까지 열고 다 바꿀려하니까 3억인데 0.98퍼 정도면 해야하는거임?
2026-07-17,0,0,아이템,남는 블큐 사용처가 어떻게 될까요,"지금 블랙보조랑 일반 앰블 장착 중이고 둘 다 윗잠 유니크 1줄인 상황입니다. 깡 레전 미트라를 사서 돌려볼지, 깡 레전 장갑을 사서 돌려볼지, 아니면 블랙보조랑 기본 앰블에 사용할지 어떤 게 가장 효율적이라고 보시나요"
2026-07-17,0,0,아이템,복귀뉴비 템진단좀 부탁드립니다,지금 하드 메이린만 잡으면 챌린저 졸업인데 배율이 90퍼도 안되서 스펙업을 하려합니다 미트라는 주마다 나오는 블큐화에큐 던지고 있고 무기는 제네패스 플러스에서 나오는 큐브 던질 생각인데요 메소 모아서 보조무기를 5줄짜리로 살지 마깃안 사서 눈장식 바꿔놓을지 고민중입니다 어떤게 더 나을까요ㅠ 템맞추는거 너무 어렵네요 아니면 다른 성장 방향도 추천해주시면 감사하겠습니다 [이미지]
2026-07-17,0,0,아이템,메린이 스펙업 질문,기존에 파풀마 12퍼 18성을 쓰다 템을 바꿀 시점이 와서 질문합니다!! 파풀마 33퍼 깡통 (56억) vs 마깃안 27퍼 깡통 (80억) 어느 선택지든 18성을 달 예정입니다(17성 주문서 + 샤타 파방 강화) 목표는 익스우 2인까지인데 어느 선택지를 가는게 가성비가 좋을까요? 세트는 4여명(27퍼 18성) 상태인데 만약 마깃안을 가면 마도서까지 갈 생각입니다
2026-07-17,0,0,기타,챌섭 스페셜 코인샵 머사야됨?,지금 블큐랑 화에큐랑 조각은 다 샀고 심환불이랑 솔 에르다 중에서 골라야하는데 어떤게 좋을까요? 해방무기 현재 추옵은 2추 20% 입니다. 코인 55개 있어요
2026-07-17,0,0,아이템,스펙업 질문 !,현재 3카5앜 18둘둘 사용중인데 아케인 22성 들렀다가 에테르넬로 가야할까요??..
2026-07-17,0,0,아이템,챌섭 복귀 메린이 보조무기 질문,"안녕하세요 이번에 레테로 복귀하게된 유저입니다 제네패스 구매 후 운이 좋게 무기 잠재 에디 5줄로 완성해서 챌린저스를 달았습니다 남은 대적자 코인을 어디에 쓸지 친구한테 물어보니 아스트라 보조무기를 하라고 하더라구요 현재 쓰는 보조무기는 이볼빙 레에 보공 80, 에디 마 6 입니다 1. 대적자 코인을 제일 효율적으로 쓸 수 있는게 보조무기에 쓰는건가요?? 2. 하게된다면 잠재 전승이라는 시스템이 있던데 이걸 활용해서 해야하나요???"
2026-07-17,0,0,아이템,메린이 제네무기 및 템진단좀 부탁드립니다.,[이미지] 로아 하다가 온 챌린저스 유입뉴비입니다. 매일 메재 채우면서 즐기고있는중인데 하드메이린 94퍼 나오고 챌린저 목표로 두고있습니다 드메 40퍼 메획100퍼 채워놨습니다. 고인물들님 도와주세요!!
2026-07-17,0,0,아이템,피방 석펫 기간,피방 석펫 시간채우고 받자마자 쿨도나요 아니면 까고나서 쿨도나요?
2026-07-17,0,0,기타,6월말 유입 뉴비 현실적인 조언 부탁드립니다,안녕하세요 6월말쯤 유입한 뉴비인데요 제 기억에 전에는 챌섭경매장이 본섭이랑 통합이아니였어서 템값이 너무비쌋었던 기억이있어서 이번 버닝을 본섭에 하이퍼버닝받고 비욘드버닝받고 키웠는데 챌섭이 경매장통합이더라구요.. 정말 땅을치고 후회했는데 그래도 안접고 오늘까지 버티면서 매일매일하고있습니다 제 질문은 챌섭3만점보상인 유니인온비약20개가 저처럼 유니온1500따리에게는 절실하거든요 그래서 제가 챌섭에 레테를 1렙부터 손수키워서 지금238레벨인데 챌섭끝나기전까지 3만점이 현실적으로 가능할까요?... 혼자 계산해본결과 메이플보스자체도 저번주 본캐로 진힐라노말 첫클할정도로 메이플의 짬밥이없습니다. 과금도 소소해서 3만점목표로 레테에게 해준다면 250~300억정도 해줄거에요 그냥 챌섭 끝나기전까지 몬파+일퀘정도랑 이벤트좀 소소하게 챙기면서 즐기다가 리프할까요? 아니면 정말 3만점 가능할까요? 거짓없이 메근육없는 제 상태로 가능한지 조언부탁드립니다..
2026-07-17,0,0,기타,유챔 질문,첼섭 레테 282렙 리프하면 본섭 유니온 9000됩니다 계속 고민했는데 플위를 본캐로 하려고 맘먹었는데 하드세렌 까지 레테 스팩업하고 주보돌면서 메소모으다가 다음 이벤떄 플위 키우면 되는거 맞나요? 하세까지 잡아야 ss급인거도 맞는지 궁금합니다 유챔 생기고나서 메이플 접었어서 잘 모르겠어요 ㅠ
2026-07-17,0,0,아이템,하드 세렌 노란색 빔 상자는 무슨 템이에요? 하드세렌 첨잡아봄,ㅈㄱㄴ ㅈㄱㄴ 노란색 빔 상자 먹었는데 아무것도 없길래 울면서 질문중
2026-07-17,0,0,아이템,캐쉬템 질문,엘리시움에 있는 캐시탬 스카니아로 옮길수있나요??
2026-07-17,0,0,시세,메린이 템 판매 시세 질문,[이미지] [이미지] 템 이렇게 3개 처분하려 하는데 얼마에 올려야 하는질 몰라서 질문 남김미다 메짱님들 도와주세요 서버는 스카니아입니다
2026-07-17,0,0,아이템,메린이 템세팅 질문,30억정도 가지고있는데 저기서 마이링 빼고 뭘 업글해야할까요..? 미트라도 34억이라 좀 그래서..
2026-07-17,0,0,아이템,메린이 드메템 질문있어요,하루 4소재~ 메제 정도 사냥하는데 드메템을 사는게 맞을까요?? 아니면 스펙업을 하는게 맞을까요?? 현재 메획 5줄 드랍 1줄 사용중이고 보스는 이지 대적자까지 잡았어요
2026-07-17,0,0,아이템,이번 모멘텀 패스 및 경험치 BM류 관련 질문입니다,"렌이 신캐로 출시했을 때 시작했다가 해방하고 281 찍은 뒤 접었다가 이번에 보마로 챌섭에서 육성 중 입니다. 렌 접을때 방어구를 맞추고 접은게 아니라 도전자셋이 사라져 맨몸인거 겨우 옷 주워 입어서 노말세렌 180프로 만들어서 지난주에 처음 트라이가서 클리어했습니다. (진짜 0분까지 쳐서 잡음) 쨋든 제가 선생님들께 여쭙고자 하는 내용은 지금 챌섭 보마를 키우느라 사냥을 보마만 하고 있습니다 그러다보니 지금 보마가 281로 렌이랑 같아졌는데, 이 두녀석을 다 유챔 칼로스를 목표로 잡고 모멘텀 패스를 렌에게 줄지, 아니면 보마에 집중해서 290 상위 보스를 노릴지 고민입니다. 제 목표가 본섭 유챔 6개를 다 칼로스로 만들자 였는데, 다른 글들을 읽다보니 본캐하나가 우직하게 있어야 주간결정값 오르는게 체감이 들고 보스 트라이 맛도 있다 하던데 제가 그런 경험을 해본적이 없어 선생님들의 경험을 듣고싶습니다. 아 그리고 250작은 요즘 안하나요?? 검색해도 그냥 챌섭나올때만 하나씩 늘리고 가끔 비약 뿌릴때만 하는거 같아서... 만약 아직 유니온이 낮으니 하는게 좋다하면 mvp레드찍을 생각 있습니다. 본섭은 유니온 8500입니다. 3줄요약 챌섭에서 보마 키우는데 이놈을 패스주고 290까지 찍어서 상위보스를 노릴까 본섭에 있는 281 렌 줘서 내 목표인 유칼 6개를 건실하게 만들까 요즘 250작 레드 달면서까지 할만함?"
2026-07-17,0,0,기타,보스 파티플 질문,"처음으로 보스 파티플을 가게 됐는데 알아야 할 매너나 미리 정해둬야 할 규칙이 있을까요? 일단 생각나는 건 리트여부, 분배방식이 있는데 리트는 하기로 했고 분배방식은 어떤 식으로 정하는지 궁금합니다. 매너나 규칙 이외에도 파티격시 알아두면 좋은 팁 알려주시면 감사하겠습니다."
2026-07-17,0,0,아이템,카레잠을 팔아서 보조를 사야할까요??,"[이미지] [이미지] 지금 깡 블랙 보조 쓰는데 보조 윗레 보방공 에공6퍼 기준 전투력이 630~700만정도 오르고, 지금 20억정도 있고 보조가 35~45억정도 하는데 드메 1줄 미카엘라가 25~26억정도 하더라고요. 사이트에서 잡아주는건 이지카링 2인팟까지인데 그건 안될거같아서 노말세렌까지만 두고(이미지는 노말 메이린까지 잡으면 주당 11억 정도 나오는데 지금 드메1줄 만들어서 팔고 사서 스펙을 먼저 올리는게 좋을까요? 아니면 그냥 2주 뒤에 돈모아서 보조를 사고 아주 나중에 깡미트라 사서 거기에 카레잠을 바르는게 맞을까요?"
2026-07-17,0,0,기타,매제 다 채우면 뭐해야하나요??,주간 메할일도 다 끝내고 하루 매제도 다 채우면 보통 뭐하시나요??
2026-07-17,0,0,아이템,240억 정도 써서 보조를 살지 아님 칠흑 4셋을 할지 고민입니다,"챌섭레테인데 현재 보조는 레유 보마인+마9퍼 따리 쓰고있습니다. 팔면 한 60억? 좀 넘게 나오더라구요 하드메이린을 노리고 있어서 가지고 있는 보조를 팔고, 메소 4주 동안 모으고, 부족한건 구매해서 240억 정도에 보조를 살까하는데 신직업이라 보조매물이 부족해서 240억짜리가 2.5줄/2줄 급밖에 없더라구요? 투력은 400만~800만정도 오르는거 같구요 근데 찾아보니 루컨마, 마깃안, 마도서 18성 150급 윗잠 유닠 21~24퍼 밑잠 에픽두줄 급이 각각 80억쯤 해서 총 240억에 살수 있어요. 미트라는 원래착용중이라 다 사면 4셋이 되더라구요? 가횟은 2~3개 남아서 좀 그렇긴한데 일단 투력은 800~1000만정도 오르는것 같아요. 세트옵션까지 반영되면 더 오를지도 거기에 지금 끼고있는 트왈마 블빈마 팔면 50억쯤 나와요. 보조랑 크게 차이가 안날거같아요 거품낀거같은 보조를 살지, 감가있는 칠흑을 살지 지금 고민 중인데 어떤게 나아 보이세요?"
2026-07-17,0,0,기타,리프 질문드려요 결정석,"챌섭에서 키운게 281에 이지카링돌이로 하고있습니다 원래목적이 이캐릭키우고 넘어오면 6번째 유챔을 노리는김에 결정석자리를 채울라했는데 본섭부캐들도 겸사겸사키우다보니 결정석90개가꽉찼습니다 본섭- 유니온 9500주차 이카돌이5개 , 이칼돌이3개 해서 깔끔하게 수익이떨어지는데 챌섭캐릭넘어와봤자 주에6억씩만 이득보는구조입니다 6번째유챔도안열렸고 본섭보스돌이들이 캐릭터가겹쳐서 유챔6번째가 열리게되어도 들어갈수가없긴한데 결정석이90개 한도라면평생5개유챔입니다 지금처럼 이카돌이주차에 이칼돌이주차할거면 챌섭캐릭이 문제가되는데 챌섭캐릭은 다른서버로 리프해서 결정석캐는게 낫나요? 월드당 결정석인거죠? 그렇게되면 천천히 챌섭열릴때마다 유니온물약으로 키우고 그쪽으로 보내면서 늘리는게낫겠죠? 메이플아뒤하나더해서 하려고했는데 그쪽은 MVP가 별도더라구요 그래서 월드를 2개돌리려하는데 스카니아 / 크로아 이렇게 별도로 결정석인거겠죠?"
2026-07-17,0,0,기타,넥슨플러그 갑자기 로그인됐는데,무조건 해킹인거죠? 원격로그인해제하긴 했는데 로그인ip위치 확인할수있나요 이거 새벽에 로그인해서 빼가면 막지도못할텐데.. ㅜ 플러그 13:57분 로그인이 제가 안한 로그인인데 플러그로그인 갑자기 되신적있으신가요
2026-07-17,0,0,아이템,챌린저스 뉴비 1200억 세팅 질문 드립니다.,이번 챌린저스 유입인 뉴비입니다. 메이플을 천천히 즐기려고 하는데 1200억으로 어떤 세팅을 하는 것이 좋을지 궁금합니다. 기존에 받았던 의견은 1. 스펙업 템세팅 2. 5석펫 + 드메탬 세팅 정도가 있는데 어떤 세팅을 해야할지 감이 잡히지 않아서 질문드립니다.
2026-07-17,0,0,직업,복귀 렌 유저 전투력 천만이 안되는데...,제가 하이퍼버닝 복귀했습니다. 적당히 템 점점 맞추는 중 입니다. 근데 전투력이 400만...이던데 뭐가 제일 시급할까요...? 무지해서 죄송.... 목표는 노말 윌 입니다 [이미지] [이미지] [이미지] [이미지]
2026-07-17,0,0,기타,챌섭 자석펫,본섭에 자석펫 다 있으신 분들은 챌섭때마다 자석팻 하나씩 더 사시나요?
2026-07-17,0,0,아이템,달콤한 정령 30일 상자까고 캐시보관함 이동 가능한가요,ㅈㄱㄴ
2026-07-17,0,0,아이템,아델 보조 시세 질문,"홀린듯 105억에 매물 구매했는데, 좀 많이 잘 못 구매한 거 같습니다;; 하드메이린까지 달려보려고 하는데, 그냥 다시 되팔고 더 좋은 보조 사는게 맞을까요? 되팔면 얼마 정도에 올려두는게 좋을까요?"
2026-07-17,0,0,기타,지피방? 원격피시방? 질문있습니다,"안녕하세요. 챌섭 유입뉴비입니다 이번달은 간신히 피시방 15시간 채워서 자석펫 받을 수 있는데 직장다니면서 피시방 60시간 채우는건 솔직히 힘들거같아서 이것저것 찾다보니 지피방, 원격피시방을 알게 되었네요 근데 이거 사용하면 정지사유라는 이야기를 봤습니다. 아직까지 운영되는거 보면 사용하는 사람도 많을거 같은데 출근하기전에 켜놓고 퇴근하고 와서 제가 게임하고 하는 방법도 정지되나요? 지피방이랑 원격피시방이랑 차이가 원격피시방이 더 안전하다! 정도로만 알고있습니다. 어떤 방식이 나은지 알려주시면 감사하겠습니다."
2026-07-17,0,0,아이템,캐릭터 부캐릭을 본캐로 할 생각인뎁쇼,음....방어구 무보엠은 맞춰 줬는데 이제 악세가 문제거든요? 본캐 재획템 건네 주고 지금 부터 사냥을 할지 아니면 이벤트로 솔 천천히 받으면서 야누스 최소 10렙 찍고 시작할지 고민이 크네용 또 검밑솔 쉽게 잡을려면 악세좀 사야 하는데 한 부위당 얼마쯤 잡고 템 살까요?!
2026-07-17,0,0,기타,윙즈같은 스킬 질문좀,캡틴이 윗점이 없고 윙즈라는 스킬로 대신하던데 이런 류의 직업 뭐뭐있을까? 아란도 윗점이 스킬이고.. 윗점이 없고 스킬로 대체되는 직업이 뭐뭐있나 궁금함 제미나이에 물어보니 안맞더라구
2026-07-17,0,0,아이템,추후 어떻게 스펙업할지 궁금해요,작년 12월에 챌린저스 시즌 3 할때 유입된 유저입니당 나름대로 열심히 키웠는데 당장 챌섭에 유챔 부캐 키우고 있어서 나중에 돈 생기면 썬콜 스펙업 해주려고 해요 ! 친절히 답변해주시면 감사하겠습니다 ! 1. 이벤트로 생기는 카르마 블큐 화에큐랑 환불은 어디다 투자하는게 괜찮을까요? 2. 화에큐 모아둔걸로 돈생기면 미트라 윗잠 30%만 사서 에디 마 21% 직접 띄우는건 어떨까요? 3. 메소 생기면 어느 부위에 어느정도 아이템을 사는게 괜찮을까요? 4. 제 스펙에 보조무기 팔고 마력 12 9 9 이상 에디 12 9 이상 급 보조무기 사오는건 괜찮나용?
2026-07-17,0,0,아이템,챌섭 컨티4렙vs 도미 18성 21퍼 뭐 먼저살까요?,챌섭에서 헥환 4.8~5.0 노리는 사람입니다. 다른 스팩업은 할만한건 다 하고 사실상 컨티4렙이랑 도미만 사면 되는데 어떤걸 먼저 사는게 나을까요? 둘다 뭔가 거품이 있는거 같아서 고민되네요
2026-07-17,0,0,기타,제로 무기 잠재 어디에서 스탑해야 되나요,지금 보공공 뽑아놨는데 블큐 계속 던져서 이탈 보는게 맞나요? 아니면 코인 아껴서 화에큐 돌릴까요
2026-07-17,0,0,기타,진짜 메이플 고수만 오셈,챌섭 리프 8000 유니온 크로아 vs 스카니아 에서 새인생 살기 고민중임.. 복귀하고 크로아에서 경뿌 고확을 한번도 못 봤고 템도 사려고 보니까 해외 매물만 잔득있어서 이거 진짜 ㅈ 됐다 싶었음 이때 이미 20비약 크로아로 받아버린 뒤라.. 길게 보고 큰 결심 해서 스카니아로 가야하나 진짜 고민 많이 됨.. Q 제목: 5인의 용사들과 스카니아 개척하기 vs 8000 유니온 크로아 최대 1개 선택 가능 참가자: 48 명 크로아 스카니아
2026-07-17,0,0,시세,극추 루컨마 시세질문,루컨마 인트 극추떴는데.. 잠재 레전하고 추옵값만 받으면 얼마정도 될까요?ㅠ [이미지]
2026-07-17,0,0,퀘스트,에픽던전 앵글러랑 악몽선경 어떻게 여나요,오디움 퀘스트도 다 깨고 하이마운틴도 열렸는데 앵글러컴퍼니 퀘스트가 안뜹니다 혹시 하이마운틴 에픽던전을 한 번 깨야 다음이 열리는건가요? 지금 280랩인데 그럼 경험치 손해보나요
2026-07-17,0,0,기타,시퀀스 화면 표시,영상보다가 발견했는데 시퀀스를 누르면 화면에 이렇게 따다다닥하고 눌리는것같은 표시 되는건 어떻게할수잇나요
2026-07-17,0,0,아이템,[챌섭]다조 660때 사면 흑우에요?,일욜날 강화하는 사람 많아져서 더 비싸지려나요?
2026-07-17,0,0,기타,부티끄 티켓 가격 보통 얼마나 하나요?,헤카테 스킨이 갖고싶은데 저번 부티끄땐 티켓 한장당 얼마정도였나요?
2026-07-17,0,0,기타,헥사스텟 질문,17살메린이 입니다. 헥사 떡작을 했는데 866이 나왔는데 이거를 계속 써야하는지 아니면 초기화 하고 다시해야하는지 궁금합니다
2026-07-17,0,0,기타,몬스터파크 핸즈로 솔 애르다 타임 참여 가능한가요?,"재곧내입니다. 보상으로 중첩되는 다조를 3시간에 한 번은 받아야 하는 걸로 아는데, 몬파 핸즈로 받아지나요??"
2026-07-17,0,0,기타,블랙서큘레이터 돌렸는데 수치가 똑같을수있나요??,원래 이렇게도 뜨는건가요???
2026-07-17,0,0,아이템,무기 2추옵+18%인데 더돌려야하나요?,1추옵 뽑으려고 계속 돌려도 절대안나오는데… 직업은 은월이고 무보엠에 보공 하나도 없어요 그리고 타오르는 환불은 무기에 하는거 아니죠?
2026-07-17,0,0,아이템,선생님들 리레 4랑 3이랑 차이 큰가요?,안녕하세요 연어로 이번에 복귀했는데요 렌 키우고 있는데 그 전에 리레 3랩만 쓰고 있었는데 요번에 리레 끼면 컨티도 쓸 수 있다고해서 리레 4랩 살까 하는데 이게 차이가 얼마나 나나요? 환산에서 아이템 메이커에 리레링이랑 컨티가 없어서 확인을 못해서 어느정도인질 모르겠습니다 닉네임은 용가리레테 이고 노말 칼로스까지 잡는데 현재 노말 대적자 96퍼 배율인데 리레링 4랩에 컨티 3 끼면 100퍼 넘길 정도일까요?
2026-07-17,0,0,아이템,챌섭뉴비 마도서 팔아도 되나여,"제네 윌 잡다가 운이 좋게도 마도서를 먹게 되었는데, 칠흑 맞출 생각 없다면 그냥 팔고 아획/드메템 맞추거나 보조 사는데 보태는 등의 방식으로 써도 되려나요? 아님 일단 쥐고 있나요? 전투력 5000만입니다"
2026-07-17,0,0,아이템,목표환산 9만 이상 22앜 27퍼 레에 vs 33퍼 18성에테 직작 뭐가 더 좋아보이시나요?,"목표 환산은 9만 이상으로 10만은 보고싶습니다 부위당 200억생각하고 22악 27퍼 4/10이랑 33퍼 18성 에디 두줄 장갑은 쌍레로 22앜은 크크잡 크주를 살생각이고 에테는 크크올7 사와서 쌍레 직접 달 생각인데 에테는 22칠흑 맞추기 전까지는 손 댈 생각 없으면 22앜이 맞을까요? 그리고 200억으로 레에 vs 300억으로 쌍레 뭐 추천하시나요? Q 제목: 어떤걸 추천 하시나요? (종료) 최대 1개 선택 가능 참가자: 10 명 (무기명) 26.07.18 02:20:59 마감 득표순 답변순 22앜 레에 200억 둘둘 (40%, 4표) 18에테 직작 (40%, 4표) 22앜 쌍레 300억 둘둘 (20%, 2표) 투표가 종료되었습니다."
2026-07-17,0,0,아이템,제네무기 잠재 골라주세요 ㅠ,직업은 윈브입니다... 엠블렘 윗잠이 공12/방30이라 오른쪽 선택하면 엠블렘 돌릴 예정입니다
2026-07-17,0,0,아이템,제네무기 잠재VS에디,제네플러스로 잠재보보공뽑기 or 미라클때 에디레전올리고 공공뽑기 찾아보니 보보뎀이 구리다는 글이 많아서 고민되는데 닥윗잠인가요?
2026-07-17,0,0,아이템,챌린저 목표인데 똥블렘,윗 18 아래 6퍼인데 이거 21퍼 6퍼로 바꾸는건 돈낭비죠? 그리고 이 엠블로 챌 갈수잇나요
2026-07-17,0,0,아이템,스펙업 스타포스 vs 잠재 우선순위,"40억정도로 블빈마를 하나 구입하고 싶은데요. 둘중에 어떤걸 사는게 좋은가요? 1. 20성 유니크 주스탯 15% 2. 17성 레전 주스탯 30% 직작은 안하고, 메소 될때마다 부위 조금씩 업글할 생각입니다. 1번이든 2번이든 블빈바는 저렇게 사고 결국 20성 레전 30%로 갈 생각입니다."
2026-07-17,0,0,아이템,"형들 제네무기랑, 제 매생 진로좀 봐주세요","저 이번에 메생 첫 해방인데, 이거 정말 운좋게 쌀큐브로 뜬 옵션들인데 어케해야 할까요 더 좋아질려면 블큐랑 화에큐 계속 던져야 할려나요 생길때마다?, 추옵도 생길때 마다 계속 던질가요? 아니면 다른템에 지를가요? [이미지] [이미지]"
2026-07-16,0,0,기타,아니 보스배율 웰케 떨어짐?,"투력은 그대론데 헥환 떨어진듯,,,저 노칼 230퍼였는데 오늘보니 180퍼인데 뭔 패치가 있엇나요? ㅠㅠ"
2026-07-16,0,0,시세,메린이 도와주세ㅐ요,210억에 올라와 있는 매물인데 현재 가격 오른 거 생각해도 이 정도면 괜찮은 가격인가요 ?
2026-07-16,0,0,아이템,메린이 스펙업 방향성 조언 부탁드립니다 ㅠㅠ,안녕하세요 친구도없고 같이 메이플하는 사람도 없어서 조언좀 구하려고하는데 챌린저스로 입문한 뉴비입니다. 현재 5만점 다이아몬드는 찍었고 현질해서 60억메소정도 모아놨습니다. 뭐부터 업글해야지 검은마법사를 잡을까요 조언 부탁드립니다. [이미지]
2026-07-16,0,0,기타,복귀뉴비 챌섭 키우는데 리프할 서버 추천부탁드려요,에오스서버 유니온 8500에 이래저래 키우다 접고 본섭도 루나서버 유니온 8400정도에 이래저래 키우다 접고 이번에 복귀해서 챌린저도 해보려고 하는중인데 서버는 루나서버로 돌아가서 하는게 나을까요? 예전에는 뭐 3대장서버 있고 비매너도 많고 이래저래 루나나 크로아 가려했던거같은데 경매장도 서버별 달랐고하던시절 지금은 검색해보니 다들 스카니아 말밖에 없어서 질문드려요
2026-07-16,0,0,기타,헥사 떡작 질문드려요,"헥사 떡작할때 그냥 주스탯, 보공, 공마 3개 돌려가면서 메인스탯하고 나머지 2개 채우는식으로 하면 되나요? 지금 2까지 열었는데 어디서 그냥 3개 돌려가면서 떡작하면 된다고 들어서요 제가 제네 윗잠이 보보공인데 3은 크주공으로 해도 상관없을까요? 1은 보주공 2는 주공보입니다"
2026-07-16,0,0,아이템,뉴비 레테 레전 똥블렘 그냥 쓰면될까요?,"엠블렘부터 얼추 맞춰야한다고 들어서 약간 자원투자해서 만들었는데 큐브가 부적해서 이정도에서 멈추고 제네시스 담주에 해방되면 제네무기 잠재, 유니크 상태인 보조무기 맞추고 천천히 투자하면 될까요?"
2026-07-16,0,0,아이템,마일리지 가위 구매,마일리지로 플래티넘 카르마 가위 사려는데 캐쉬가 없다면서 구매가 안 되네요 가위는 전액 마일리지로 구매하지 못하나요?
2026-07-16,0,0,기타,본캐렌인데 레테로 바꾸는거 어때연,이제 익스우 조금씩 노크하고 있는수준인데 레테 재사용뽕맛이 넘 재밌음
2026-07-16,0,0,아이템,챌섭 카블큐 사용처 질문,지금 카블큐 레전천장까지 60개 남았고 인밴에도 카블큐 60개 잇습니다 레전 하나 만드는게 좋을까요? 지금 해방무기는 레전2중이고 대적자 큐브 기다리는중입니다.
2026-07-16,0,0,직업,꼬님키,"안녕하세요. 5월 중순에 복귀해서 현재 280 렌, ​챌린저스 서버 섀도어를 본캐로 육성 중인 뉴비입니다. 이번 섀도어 패치를 보고 많이 실망해서, 매몰비용도 아직 크지 않으니 섀도어는 유챔 세렌급 정도까지만 스펙업하고 이후에는 제논을 본캐로 전향할 생각입니다. 현재 아버, 제네시스 패스 등 주요 이벤트 혜택은 대부분 섀도어에 사용한 상태고, 다음 챌린저스 서버를 기다리기는 어려울 것 같습니다. 그래서 제논은 사실상 맨땅 육성을 해야 할 것 같은데, 고민 본섭 유니온 8500 현재 상황 챌섭 섀도어: 헥환 4.3 직전 챌섭 등급: 마스터 본섭: 유니온 8500 280 렌 유챔 A등급 완료 이 경우 제논을 키운다면 1.본섭에서 유니온 8500 효과를 받으며 기존 200 제논을 키우는 게 나을지 2.챌섭에서 챌섭 버프 + 테라버닝을 활용해 새로 키우는 게 나을지 3.다음챌섭or하이퍼버닝이라도 기다리기 조언 부탁드립니다. 현재 생각은 섀도어를 먼저 유챔 세렌급까지 맞춘 뒤, 이후에는 제논 일퀘만 하면서 천천히 육성하다가 섀도어 투자가 끝나면 본격적으로 제논에 투자하는 방향입니다."
2026-07-16,0,0,아이템,해방무기질문,안녕하세요 이번에 복귀한 메린이 해방무기 큐브를 어제 돌렸는데 제네패스플러스 재화를 어디에 돌리는게 나을까요..? 윗잠 더 돌려볼까요?
2026-07-16,0,0,시세,복귀 템 시세좀..,팔고 챌섭에서 쓰려는데 ㅠ [이미지] [이미지]
2026-07-16,0,0,아이템,쌩뉴비 해방이후 템세팅 진로(자본 80억),"안녕하세요, 오늘 인생 처음으로 해방했습니다!!!!!!!! 지금 자본은 80~90억 정도 있고, 보조랑 엠블렘을 좀 건드려야 하지 않나 싶긴 합니다. 카르마 레전 잠재 하나 남아있어서, 어디다 써야 할지도 좀 고민스러운 상황입니다. 전체적으로 재화를 어떻게 투자하면 될지 조언해주실 수 있을까요? (or 혹은 아껴두고 나중에 샤타포스나 미라클 타임에 사용해야 하는지)"
2026-07-16,0,0,시세,루컨마 힘180급 가격 어느정도 될까요?,올텟 6퍼에 힘 119입니다 18성 윗잠 인트27퍼에 아랫잠 에픽 마력2줄인데 팔고 다시 사면 차익이 남을까요?
2026-07-16,0,0,기타,제네 패스 지금사도 될까요?,저번주에 메이플 시작해서 이번주에 제네패스 살까하는데 충분할까요? 노말 진힐라 까지 연모로 잡아봤어요
2026-07-16,0,0,몬스터,메이린 tab스킬 계속 들고 있을 수 있나요 ??,오리진초기화 나오면 오리진 극딜 한번 쓰고 다음 극딜에 쓰고 싶은데 그게 가능한지요 ?? 그리고 5차 초기화는 가장 쓰기 좋은 타이밍이 언제일까요 고수님들 도움 부탁드립니다 ㅜㅜ
2026-07-16,0,0,아이템,안녕하세요 쌩뉴비입니다 오늘 제네시스 해방했는데 한번만 봐주세요 ㅠㅠㅠㅠ,일리움 키우고 있는 시즌4 쌩뉴비인데.. 대충 1추라는개념 2추라는개념 보고 공부좀 하고 검환불 있는거 300개 다 돌렸는데 저 옵션 나왔는데 1추는 아닌데..음 어찌저찌 쓸만한건가요? 일단은 킵하고 써도 되나요..?? 안되면 메소로 조금 더 돌려야하나해서요 마력1추로 뽑는게 제일 좋은건 알고있는데 진짜 안나오네요 [이미지]
2026-07-16,0,0,아이템,렌 제네무기 추옵 어떤걸골라야할까요,현재 이렇게 선택전인데 2번이 무조건 맞을까요? 환산주스텟 보니 2번이 좀더높은거같은데 혹시몰라서요
2026-07-16,0,0,아이템,제네무기 잠재 업글 질문합니다,이번에 유입된 뉴비입니다 제네무기 보보보 뽑았는데 이 다음으로 업글하려면 어떤 옵션을 뽑아야 하나요? 상위 단계 옵션 있을까요?
2026-07-16,0,0,아이템,잠재 2개중에 뭐골라요????,좌 우..? or 어차피 스레기니 둘다 다시 돌려..?
2026-07-16,0,0,아이템,메이린 잡다 마도서 썻는데,"미트라 살 예정이었는데 2칠흑으로 쓸까 아님 걍 팔까 챌린저 목표임 Q 제목: 마도서 (종료) 최대 1개 선택 가능 참가자: 11 명 26.07.17 22:25:59 마감 득표순 답변순 쓴다 (54.5%, 6표) 판다 (45.5%, 5표) 투표가 종료되었습니다."
2026-07-16,0,0,아이템,이거 아랫잠 노려도 되나요?,챌섭유입 뉴비 오늘 해방하고 제네+패스 블큐랑 가지고 있던 메소 털어서 아랫잠 한줄만 띄우고 윗잠 몰빵햇는데 저게 최대인데 메소모아서 미라클때 아랫잠 레전올리고 카르마 화에큐로 공21퍼노리는게 맞나요 아니면 데미지가 하자옵션이라 정옵3줄 하는게 좋을까요?
2026-07-16,0,0,기타,피시방 넥슨플러그 질문,피시방에 메이플 켜두고 집와서 컴퓨터 켰더니 넥슨플러그도 같이 켜졌는데 이거 혹시 피시방에 켜둔 메이플 튕기나요? 갔다와야하나
2026-07-16,0,0,아이템,칠흑 드드 거공 사도 되나요..? (메린이),칠흑 잡레전이랑 드드랑 가격 차이 크지않길래 살까 하는데 사도될까유......?
2026-07-16,0,0,아이템,해방무기 잠재 어떻게 돌려야하나요,레테 키우고 있는데 윗잠 아랫잠중에 어떤거부터 돌리는게 좋을까요??
2026-07-16,0,0,몬스터,노말 진힐라 258퍼 인데 너무 힘들어요...,하드 데미만은 362퍼길래 도전해봤는데 어찌저찌 찐모로 깨긴했는데 진힐라는 입장후 극딜에 6차스킬 어센틱? 그 5분 쿨 스킬 까지 써도 체력 11% 닪아요...원래 이정도 맞나요? 직업은 레테입니다
2026-07-16,0,0,시세,자석펫 질문!,지금 기간제 자석펫 끝날때 돼서 비싸진걸로아는데 기다렸다 사는게 맞을까요? 시세 다시 싸지는데 오래걸리면 지금이라도 사려고하는데.. 가격 금방 돌아오는지 궁금해요
2026-07-16,0,0,기타,헥환 7만 후반대인 분들은 거의 다 상위보스 3인격 가시나요?,"헥환이 7만 8천이상 되면 하적자 하드카링 노말발드 노말림보 익세 익검이 전부 배율 40% 나오는데 이 스펙대분들은 어느정도 팟격을 가시는지, 아니면 아래단계 1인격을 가시는지 궁금해요 Q 제목: 상위보스 배율 40퍼? 최대 1개 선택 가능 참가자: 55 명 (무기명) 상위보스 3인격 웬만하면 간다 귀찮아서 아랫단계 솔격한다"
2026-07-16,0,0,아이템,남캐 헤어 종류 잘 아시는 분 계실까요..,빨간색으로 표시한 캐릭터 헤어가 너무 이쁜데 이름을 모르겠네요 코디 고수님들 부탁합니다..
2026-07-16,0,0,기타,유니온9천인데 채집이낫나요 검밑솔 보스돌이가낫나요,템은 거의 챌섭기준템들이고 채집은 하루에 6캐릭도하긴해요 보스돌이까지 하는 투자가치가 있을까요?
2026-07-16,0,0,아이템,뉴비 템 조언좀,진짜 뉴비인데 이거 이렇게 그냥 가져가도대나요? 오늘 에메랄드 달성해서 레잠 줘서 그거바르고 준 큐브 3개인가 돌렸는데
2026-07-16,0,0,직업,메린이 렌 신규스킬 질문좀용,신규스킬 말이 많던데 1렙도 안올리는게 낫나요? 망혼 모아쓰기같은건 잘 못하고 그냥 쿨마다 예인이랑 같이 씁니다
2026-07-16,0,0,기타,제네패스 오늘 기준 7/16 사도 안늦나요?,이제 플레이 한지 2주째고 재밌어서 쭉하려고 하는데 오늘 제네패스 사도 문제 없나여??
2026-07-16,0,0,아이템,마이링 옥션에 얼마에 올려야하나요?,얼마에 올려야 적당한지 모르겠어요 [이미지]
2026-07-16,0,0,기타,285찍으면 사냥 안해도 될까요?,본섭에 본캐 있고 이번에 챌섭에서 챌린저 찍었습니다. 챌섭 버프와 메이린 보상 등이 맛있어서 부캐는 챌섭 마지막주 까지 하드메이린 이지카링 까진 잡을 생각이에요. 문제는 챌섭에서 구매한 3석펫인데 본캐에는 2석펫이라 밤길3에서 회수가 너무 쉽지않더라구요. 챌섭부캐를 285달성한 뒤 챌섭에 아무 캐릭터 하나 만들어서 거기 3석펫을 넣고 본섭으로 먼저 리프시켜서 본섭 5석펫으로 재획할까 생각중입니다. 3석펫을 다 옮기게 된다면 챌섭캐릭은 더이상 사냥은 못한다고 봐야할듯 해서 285이후로 레벨업이 필요할까? 라는 생각이 들어서 질문글 쓰게 되었습니다.
2026-07-16,0,0,기타,보스코인샵 프악마 프펫마 둘중에 뭐부터 사야돼요?,뭐부터사지 암거나 사도되나
2026-07-16,0,0,기타,유챔 관련 질문이 있습니다,"챌섭 뉴비인데요 본섭에 270캐릭이 하나 있고, 유챔 스우까지는 깰 수 있을 것 같은 스펙이에요 리프 이후에도 이 캐릭터에는 더 투자할 생각이 없는데요(이미 리프할 서버 몬파를 다른 캐릭 주고 있어요) 유챔 해제에 제한이 없으면 그냥 등록해두고 컨텐츠를 구경해보겠는데, 슬롯은 적고 해제 메소가 10억이더라고요... 슬롯을 늘리는것도 유챔 2개 등록해서 하드진힐라 이상 잡아야되는것같은데 이 캐릭으로는 잡을 생각이 없어서 어차피 해제를 해야하거든요 근데 찾아보니 유챔 뭐 레이드같은걸 하면 코인을 주고 버프를 쓸 수 있다는데 10억 손해를 감당하더라도 꾸준히 이 코인 본섭에서 모아두면 리프 후에 10억 이상의 가치가 있을까요??"
2026-07-16,0,0,아이템,챌린저 목표인데 미트라 안 사도 될까요?,[이미지] [이미지] 무보엠입니다 엠블 밑잠은 쓸 곳 없는 브에큐 나오면 9퍼 띄우고 무기는 계속 대적자 큐브 던질 예정인데 굳이 미트라 안 사도 괜찮을까요? 지금 너무 비싸서 본섭가서 사는 대신 그 돈으로 장신구 맞출까해서여..
2026-07-16,0,0,기타,메린이 질문좀;;,"찐 메린이라 진짜 몰라서 물어보는건데, 보스딜은 전부 체력 퍼센트로 들어오고, 나중에 높은 단계 보스는 데카마저 게이지 형식이라고 하는데, 그러면 방어력하고, 체력, 내성? 이건 어디에 관여하는거임? 옵션으로 막 방어력 6% 막 이런거나 어빌에 방어력의 ~만큼 ~~증가 이런 옵션은 왜있는거임?"
2026-07-16,0,0,기타,메카베리가 블루베리보다 좋은건가요?,메카베리 1만메포 블루베리 7500메포네요 악몽선경 4배랑 비교해서 효율 어떤가요?
2026-07-16,0,0,아이템,뉴비 해방이후 스펙업 방향성 검토 부탁드리겠습니다,"안녕하세요 읽어주셔서 감사합니다 현재 제 환산 주스탯 이구요! 이번주 에 해방해서 메소제외 모아둔 모든 재화를 때려박았습니다. 제네무기는 제네플러스 받으면서 작 꾸준히 이어갈 예정인데 여기서 향후 스펙업에 있어서 메소를 어떻게 쓰는게 효율적일까 싶어 여쭤봅니다. 일단 30억 모았습니다. 도파민 억제하고 사냥 및 주간보스로 메소 모아서 현재단계에서 확실한 스펙업 이루고자 여쭤봅니다. [이미지] 참고가 될까 싶은 재화적 변수는 2가지가 있습니다. 1. 블큐 유닉 -> 레전 천장 60개 남음 (미라클 타임때 옵션뽑을겸 모아놓은것들 돌리다가 쌓였습니다) [마스터는 찍은상태라 마스터 보상 30개,챌린저스 패스 20개 남아있습니다 , 어차피 천장 털어야해서 어딘가 털려고 했는데 에테 상,하에 유닉 발라서 레전보내고 주 스탯 애완하는게 제일 큐브성비 좋을까요? 제네에 미트라까지 껴야하니까 모자,장갑 쿨초,크뎀 저격은 빡셀 것 같다고 생각이 듭니다] 2.레전 잠재 하나 남음 ( 미트라에 쓰고싶고 쓸 예정입니다, 가격이 안내려간다면 그냥 살 예정이긴한데 일단 대기중입니다) 방어구는 도전자셋까지 쭉 봐야해서 판단이 잘 안섭니다만 아케인 3부위 18+유닉 바르면 활용도가 있을까 비교를 좀 해봐야할 것 같아서 아이템버닝 업글,유닉잠재 3개(만약에 쓴다면) 얻을 3주의 시간동안 메소를 모으기전에 방향성 검토를 좀 해야할 것 같습니다. 1.에테 18 크 장갑을 산다 (크주 약 100억 , 환산에서 템 교체하니 4퍼 오르는 것 확인) 2.에테 18 주스탯 23퍼급 상or하의를 산다 ( 주스탯 2줄 약 60억 , 환산에서 템 교체하니 3퍼정도 오르는 것 확인) 2-1. 에테 18 주스탯 23퍼급 상/하의를 사고 미트라 깡통을 사 레전잠재를 바른다.(100억 ,대충 방무낀 2줄 ,에디에픽1줄 급 다포함 9퍼 오르는 것 확인) 2-2. 에테 18 주스탯 23퍼급 하의르 사고 시드 4렙을 산다(100억, 환산에서 시드링 교체는 방법을 모르겠어서 확인 불가) 정도 인데요, 현재 30억 있어서 도전자셋 풀강 되는 3주시간정도 동안 주간보스,사냥으로 메소 모으면 60억 + 정도는 모이지 않을까 생각이 듭니다. 가용금액 쫌 더 폭넓게 잡아서 100억까지 본다치면 저 정도 인데 상승량은 당연히 미트라가 더 높긴합니다만 제네무기가 3줄이긴해도 보마뎀이라 보통 말씀들 하시는 깔끔하게 완료가 안됐는데 대적자 코인샵 하나 믿고 미트라까지 풀을 늘려도 되는 것 인지, 판단이 잘 서지않아 긴글 남깁니다. 또한 앞서 말씀드린대로 블큐로 레전천장하나는 무조건 볼 수 있고 보고 나갈생각인데 어느부위에 해줘서 굴리는게 나을까요??? 읽어주셔서 감사합니다"
2026-07-16,0,0,아이템,메쌤들 질문점,챌섭 육성중이고 현재 무보엠 이런데 대적자 큐브 같은경우는 에디 21퍼 띄운다음에 윗잠 이탈 노리는게 나은가요? 그리고 챌섭에서 출석이나 티어 달성 으로 남은 블큐나 화에큐 같은건 제네무기에 박는게 나을까요? 아니면 블랙 보조 윗잠 3줄 노리는게 나을까요? [이미지] [이미지] [이미지]
2026-07-16,0,0,아이템,시세 한번만 봐주세요 선생님들..,시질알 선생님들 얼마까지 봐야할까요
2026-07-16,0,0,아이템,여명 맞추고 보조까지 했는데 뭐하는게 좋을까요 메린입니다,[이미지] [이미지] 사서 먹은 편이라 17성 강화권은 하나도 안썼어요 ㅠㅜ
2026-07-16,0,0,시세,선배님들 헤어 추천 부탁드립니다..,안녕하세요 선배님들.. 챌섭에서 새로 제로 키우고 있는 뉴비입니다 남캐는 코디를 끝냈는데 여캐 헤어를 도저히 못고르겠어서.. 인기투표를 받아보고싶사옵니다... 모가 젤 이쁜가요 ? 1. 어비스 (60억정도) 2. 아린 (25억정도) 3. 스텔라 (35억정도) Q 제목: 오떤 머리하죵.. 최대 2개 선택 가능 참가자: 6 명 60억 주고 어비스 25억 주고 아린 35억 주고 스텔라
2026-07-16,0,0,아이템,렌 제네해방 윗잠 아랫잠 이대로 가면 되나요?,"친구들이 같이 봐주면서 돌렸습니다. 방무가 아쉽지만 그냥 이대로 쓰라해서 멈췄구요 블큐 40개, 골큐 50개 화에큐 40개 정도 남은 상태인데 남은 큐브들은 이후에 구매할 레전보조무기에 투자하면 된다고 냅두라 하네요 이대로 가면 될까요?"
2026-07-16,0,0,아이템,챌섭 200제 강화권 사용처 질문드립니다,아케인 부위에 사용하는 건 아는데 아이템버닝 끝나는 기간에 사면 템값이 너무 비싸질 거 같아서 미리 준비해보려 합니다 보통 장갑은 크뎀장갑 사먹으니까 어깨 망토 신발 3부위 사용할 것 같은데 이 경우면 추옵/작/잠재까지 다 되어있는 유니크/에픽 아니면 레전/유니크 사서 별만 달아주나요 아니면 아예 코인샵 유잠까지 발라서 직작하나요
2026-07-16,0,0,아이템,메쌤들 잠재 질문...,현재 챌섭에서 보약 버프들 까지 포함해서 보공 300 정도 유지하고 있습니다. 이번 여름 유입이라 투력 조금 떨구더라도 보공 선택하는 게 맞을지 아니면 공공뎀 계속 유지하는 게 맞는지 잘 모르겠습니다..ㅠㅠ
2026-07-16,0,0,아이템,해방무기,이번에 메이플 시작한 유저입니다 해방무기 맞췄는데 대적자 코인으로 뭐하는게 좋을까요? 1.블큐사서 돌리기 2.화에큐 밑잠 30%노리기 3.심환불 사서 추옵 올리기 4. 아스트라 보조무기 될때까지 기다렸다가 아스트라 돌리기
2026-07-16,0,0,아이템,도대체 뭘 가져가야하겠습니까,이거 둘중에 뭘 가져가야됩니까...
2026-07-16,0,0,기타,몬파 핸즈도 사냥으로 취급하나요?,이번 주 썬데이에 몬파 핸즈 보상으로 솔 에르다 수령하거나 몬파 핸즈 돌리는 건 아무 영향없겠죠? [이미지]
2026-07-16,0,0,아이템,300억 템셋팅 도와주세요,안녕하세요 환산 6.5 헥환 5.6 아델입니다 [이미지] 지금 템은 이렇게 되어있는데 제가 300억을 모아서 템을 맞추려고 합니다 18에테를 맞추는게 좋을까요? 아니면 장신구를 조금 보강하는게 좋을까요? 메고수님들 조언부탁드립니다
2026-07-16,0,0,기타,몬파 핸즈도 사냥으로 취급하나요?,이번 주 썬데이에 몬파 핸즈 보상으로 솔 에르다 수령하거나 몬파 핸즈 돌리는 건 아무 영향없겠죠? [이미지]
2026-07-16,0,0,기타,하드 메이린 잡을라면 스펙 어떤걸 올려야 할까요?,안녕하세요! 하드 메이린 잡고싶은데 레벨은 283입니다 재획은 하루에 2시간 이상씩 꾸준히 하는중입니다. 285를 찍고 보조를 사서 잡는게 제일 좋은 방법일까요? 아니면 헥사 스킬 강화 많이 해서 도전해볼까요? [이미지] [이미지]
2026-07-16,0,0,아이템,"메린이 질문드립니다 자석펫,드메,스펙업",[이미지] [이미지] 이번시즌에 유입된 메린이입니다 현재 전투력은 5500정도에 노말세렌? 까지 잡고 60억정도있는데 자석펫은 이제 곧 다음주에 사라지고 드메는 이벤링중 드랍만 한줄떠서 드랍98 메획 67? 정도입니다 디 챌린저를 찍고싶은데 뭐부터 해야할지 고민이라 질문드립니다.
2026-07-16,0,0,아이템,아케인 해적 장갑 크크올 올이탈 시세좀 알려주실분...,제 스펙에는 오버인거같아서 팔고싶은데 아케인 장갑이라 시세를 잘 모르겠습니다. 알려주시면 감사할것같습니다 ㅠㅜ
2026-07-16,0,0,아이템,트왈마 돌리는중에 럭 966뜸 팔아야함?,제목 그대로에요 17성 유잠 발라서 제가 쓰는 트왈마인데 힘 15퍼 띄우려다 럭 21퍼 떴어요 이거 팔고 그냥 다른거 써요 ?
2026-07-16,0,0,시세,카레잠 + 카유에잠 사면 얼마정도 되나요?,미트라 사서 발라줄라 하는데 얼마 정도가 적당할까요? 그리고 가윗값도 제가 준비해야 하는 건가요?
2026-07-16,0,0,기타,헥사스탯3 떡작,지금 헥사스탯2까진 떡작완료했고 현재 스킬 헥사강화 진행률은 아래와 같습니다. 지금 시점에선 스킬을 먼저 올려야할까요? 아니면 헥사스택3떡작을 바로 할까요? 솔 에르다와 다조는 딱 헥사스탯3 떡작할 수 있을정도만 있습니다
2026-07-16,0,0,아이템,해방 추옵 질문,왼쪽이 정배인가요? [이미지]
2026-07-16,0,0,아이템,안녕하세요 오늘 검마잡고 제네작하는중인데 작관련 질문 좀 드릴께요!,뉴비라 지금 제네 무기를 처음 해방해봤는데 추옵하고 잠재를 어떻게 해야할지 몰라서 질문드려요 아직 제네 플러스 안사고 이벤트로 받은 큐브하고 검환불로 작한 상태인데 제네 플러스 사고 뭐부터 작할지 문의드려요!
2026-07-16,0,0,퀘스트,해방퀘 질문좀요,검마 월간으로아는데 지금 하드스우해방퀘중인데 지금 검마잡으면 마지막 검마 해방퀘 깨려면 다음달되야되나요?
2026-07-16,0,0,아이템,미트라 이런거 사올까요?,갑자기 메소가 생겨서 미트라를 노려보려 하는데 윗잠 공21퍼 60~70억정도 하더라구요 30억정도 더 모으면 살 수 있는데 그거 사올까요? 환산은 핵환 3.6 템환 4.5정도 나와요
2026-07-16,0,0,기타,혹시 메랜 이랑 메이플 동시에켜도 약관위배 안될가요,사정이있어서 좀 같이키고할라는데 정지당하려나요
2026-07-16,0,0,시세,엄거래 메포로 월드이동해도 되려나요?,스카니아랑 챌섭에 각각 캐릭터있는데 스카니아가 엄거래기준 챌섭보다 저렴하더라구요 스카니아에서 메소사서 메포로 바꾼다음에 챌섭에서 메포를 메소로 바꾸면 큰 차이없을까요?
2026-07-16,0,0,아이템,해방무기 남은 큐브 질문,블큐 50개랑 화에큐 40개 검환불 320개 정도 남았고 50억 메소 정도 여유 있으면 칠흑을 천천히 준비해야 할까요? 아님 보조에 투자를 해야할까요?
2026-07-16,0,0,직업,제로랑 2인 파티하기 좋은 직업,보스잡을때 시너지 좋은 누가있을까요?
2026-07-16,0,0,기타,메m 꼭 해야돼요?,퍼즐놀이 없어져서 이제 안해도되지않나
2026-07-16,0,0,직업,레테 헥사코어,안녕하세요 형님들 다름이 아니라 환산주스텟에서 실제 헥사 강화랑 헥사코어 순서 강화가 다른데 왜그런거죠..ㅠ 펠스톰이 9개 찍었는데 강화순서 보면 18라고 나오네요.. 다른스킬도 마찬가지로 더 높은데 왜 그럴까요 혼돈이 와서 찍질 못하고 있어요 ㅠ
2026-07-16,0,0,아이템,레테 보조 가격 질문,[이미지] 왼쪽이 관세 포함 260억정도이고 오른쪽이 노관세 189억인데 둘 중 뭐가 살만할까요..?
2026-07-16,0,0,아이템,해방무기 옵션 질문입니다.,"1. 해방무기 1추, 윗잠 보보보, 밑잠 유닠 마력 15퍼 가져갔는데 킵하고 대적자 큐브로 아랫잠 레전 보는게 맞나요? 2. 해방무기하고 남은 40억+화에큐60개를 레잠 발라서 물린 블랙보조무기에 다 박아서 유닠 띄웠는데 계속 박는게 맞나요? 3.해방무기 잠재도 보보보인데 보조도 보보올입니다 보공도 많으면 별로라고 들었는데 보조 윗잠을 돌리는게 맞나요? 애완미트라랑 보조무기중 고민하다가 보조무기에 다 박았는데 뭔가 후회가 되네요 그래도 일단 쓴 재화가 있으니 계속가는게 맞을지 안그럼 지금이라도 애완미트라에다가 박을지 고민입니다"
2026-07-16,0,0,아이템,화에큡,형들 일반 화에큡이랑 대적자 화에큡이랑 천장 스택 공유하나ᩚ??
2026-07-16,0,0,아이템,일주일에 10시간 정도 사냥하면 드메템 굳이인가요,"평일에는 할 때도 있고 안 할 때도 있는데 주말에는 좀 많이 하는 편임 약속 없으면 토일 중 하루는 메제 채우는 편이고 한 200억 정도 준비해서 메생 내내 쓸 무교템으로 드메, 드메, 드메 or 메메 이렇게 3부위 정도 살까 싶은데 본섭에도 드메템이 업서요"
2026-07-16,0,0,아이템,복귀유저인데 템바꿀 순서 추천좀요,복귀해서 어거지로 대충 맞추고 잇는데 이제 메소모아서 하나씩 바꿔갈려하는데 우선순위 추천좀해주세요 달에3~4백억 모일거같아요
2026-07-16,0,0,아이템,마이링 질문 드립니다,덱 30퍼 깡통 마이링 18성 정도로 쓰다가 샤타 때 22성 다는 거 괜찮을까요?
2026-07-16,0,0,아이템,다음주 제네플 세렌 열리면,윗잠 3줄 저격 or 아랫잠 1줄 이상 띄우기 뎀9퍼 방무30이랑 같긴하던데 아쉽.. [이미지]
2026-07-16,0,0,기타,뉴비 유니온에 대해 궁금해요!,"이제 282 레테 전투력 6700만에 이번주 해방할 뉴비입니다!! 슬슬 유니온이라는 거를 해보려하는데, 현재 같은 챌린저스 서버에 196짜리 시그너스 케릭1개 잇고 아무것도 없습니당. 챌런저스 보상에 200레벨 20개 물약을 주던데 챌린저스 서버 끝날때 본서버로 넘어가서 20개 케릭 주려고 생각중인데요~[서버에서 캐릭터 생성중] 근데, 챌린저스 서버에서 본캐 제외하고 3케릭을 또 1+1인가 2+1 이벤트 중인거로 알고 잇는데, 이것도 다 200찍어서 나중에 같이 본서버로 넘기는게 좋을까요?? 또한, 150에서 딸기농장 주문서 1개 쓰니 196이 되던데 , 200까지는 어떻게 찍는게 빠를까요?"
2026-07-16,0,0,몬스터,환산4만4천 하드세렌 23%남기고 타임아웃... 여유컷은???,"레테 전투력 1억700 환산4만4천 하드세렌 배율 140% 이고 23%남기고 타임아웃 노말세렌은 할줄아는데 .. 하드세렌은 처음해봄 쉬지않고 패턴피하면서 계속 쳐야되는게 빡시네여.. 여유있게 잡을려면 어느정도 더올려야되는거죠..? 하드세렌 , 이지대적자 , 이지칼로스 , 하드메이린 깜깜하네요.. ㅠ"
2026-07-16,0,0,기타,해방무기 파괴버프 안 써도 돼?,그냥 이펙트라는 말이 있는데 사실임?
2026-07-16,0,0,기타,햄들 요새 비피작 뭘로해야됨?,꿀팁 전수점 ㄳㄳ
2026-07-16,0,0,기타,선생님들 유니온 챔피언 케릭터요,보통 챌섭 한번 할때 하나씩 만드시는 편인가요?
2026-07-16,0,0,아이템,메린이 질문)세트효과 차이,보통 4에테에 5아케인을 추천하던데 여기서 5에테에 4아케인으로 가면 차이가 심한가요? 세트효과 차이는 보공 10 vs 방무 20 인데 에테 자체스펙이 좀더 높은것도 있어서 커버가 되지 않을까 싶어서 질문드립니다 사고싶은 매물들이 있는데 사면 5에테 4아케인이 되는데 절대 하면 안되는 행동인지 궁금합니다
2026-07-16,0,0,퀘스트,아티펙트 강화 왜 안되나요?,[이미지] 활성화 된거같은데 왜 강화가 안되나요?
2026-07-16,0,0,몬스터,검마 제네패스로 120배율인데,갓제네무기 마9 보공30 정도 추옵 2~3 추 옵션이라 가정한다면 제네패스 유지하고 잡는거vs해방 머가 더 쉬울까요???
2026-07-16,0,0,몬스터,노말 진힐라 258퍼 인데 너무 힘들어요...,하드 데미만은 362퍼길래 도전해봤는데 어찌저찌 찐모로 깨긴했는데 진힐라는 입장후 극딜에 6차스킬 어센틱? 그 5분 쿨 스킬 까지 써도 체력 11% 닪아요...원래 이정도 맞나요? 직업은 레테입니다
2026-07-16,0,0,몬스터,노말 진힐라 258퍼 인데 너무 힘들어요...,하드 데미만은 362퍼길래 도전해봤는데 어찌저찌 찐모로 깨긴했는데 진힐라는 입장후 극딜에 6차스킬 어센틱? 그 5분 쿨 스킬 까지 써도 체력 11% 닪아요...원래 이정도 맞나요? 직업은 레테입니다
2026-07-16,0,0,몬스터,노말 진힐라 258퍼 인데 너무 힘들어요...,하드 데미만은 362퍼길래 도전해봤는데 어찌저찌 찐모로 깨긴했는데 진힐라는 입장후 극딜에 6차스킬 어센틱? 그 5분 쿨 스킬 까지 써도 체력 11% 닪아요...원래 이정도 맞나요? 직업은 레테입니다
2026-07-16,0,0,아이템,궁금한 게 많은 메린이 질문드립니다 !..,이벤링 하나에 레잠을 발라야 하는데 유잠을 바른 상태입니다. 이부분에서 유니크를 레전으로 띄우는 게 좋을까요 아니면 이걸 버리고 선택권 하나 쓴 후에 이벤링 레전 주문서 사서 띄우는 게 좋을까요 ?
2026-07-16,0,0,아이템,제네 무기 윗잠 질문,윗잠 이정도 떴으면 이제 그냥 대적자 코인으로 에디만 돌리면 되나요? (윗잠 심환불 패스하고)
2026-07-16,0,0,아이템,보 70 vs 보 65 방무 30 뭐가 좋나요?,"뉴비라 잘 모르겠어서 질문드려요 환산사이트 기준 방무 111,475 종합 62089 입니다 직업은 렌입니다"
2026-07-16,0,0,아이템,메린이 템 이거 어떡하나요??,흙에테로 유니크 두줄 뽑으려고 했는데 레전가더니 3줄떳어요 전투력 2500만인데 저한테 너무 과한템이죠?? 경매장에 70억정도 하는데 팔고 다른 템 사는게 맞나요? [이미지]
2026-07-16,0,0,아이템,제네 무기 질문좀여!,추옵 윗잠 아랫잠 중에 뭐부터 건드는게 좋을까요..? 플위 메린이 입니당
2026-07-16,0,0,아이템,제네무기 추옵 혹시 뭐골라야하는지 알수있을까요,깡1추가 좋은지 2추 보뎀이 좋은지 잘모르겠어서요
2026-07-16,0,0,아이템,제네시스 무기 잘못 받았는데 어떻게 변경하나요 ㅠㅠ,스태프 받아야하는데 완드를 받아서....
2026-07-16,0,0,아이템,챌섭 칠흑(커포링)떳는데 파는게 좋을까 쓰는게 좋을까,전투력은 4000만 살짝 넘고 티어는 다이아몬드(62000점)인데 커포링 떳는데 팔까 쓸까...? 경매장 가격 12억임
2026-07-16,0,0,아이템,이 수치상으로 무기랑 보조 사면될까요??,무기는 보보보랑 보조는 방무달린것으로 사면되는건가요??
2026-07-15,0,0,몬스터,이거 하드메이린 클각 나올까요?,지금 배율95퍼에 입장극딜 하면 오리진바인드 끝날때까지 4.5퍼정도 까는데 이거 클리어각이 보이긴 할까요?
2026-07-15,0,0,기타,1석펫 > 2석펫 / (현재 1버섯) 버섯 or 빨강이 뭐할까,"3~5석펫 가는 건 너무 부담이 크고 현재 본섭 버섯 1개, 챌섭 피방펫 1개 쓰는데 1석펫 > 2석펫 체감 크다고 나쁘지않대서 한마리 더 입양하려는데 본캐도 해봤자 9~10만 목표고 사냥도 하루에 1~2시간 할까말까여서 3~5석펫 갈 일 없을 거 같은데요 노관세 기준 동일기수 버섯이 174억, 빨강이가 168억임 님들이라면 뭐 삼? 펫 생긴 거는 이쁘든 말든 상관없음"
2026-07-15,0,0,직업,레테 유입 질문하나만 받아주십쇼~,레테 280까지 키우고 하루 2재 + 채집500피로도 해서 열심히 메소모으고있는데 250만들어주는 성비 대비 채집 1캐릭늘릴겸 캐릭하나더키울려고하는데 유튜브 다보고 추천영상도 다봤는데 추천점 해주세여 결국 3개다 키울꺼같긴한뎀 1. 미하일 ( 추천 영상도없는거같아요 ) 2. 제로 3. 은월
2026-07-15,0,0,몬스터,하드메이린 렙업당 배율 몇정도 오르나요?,지금 281에 배율 94.43퍼인데 랩업당 배율 몇정도 오르나요? 90후반쯤 트라이 해보려하는데
2026-07-15,0,0,기타,피씨방 누적 접속시간,제가 지금 20시간인데 내일부터 5시간씩 계속 가면 60시간 되여? 이벤트에는 23일이라고 적혀있는데 23일이 목요일이라 목요일도 시간누적이 되나여?
2026-07-15,0,0,기타,헥사 코어 3 때문에 벽에 막힌거 같습니다,이번 유입 메린이 보마로 281렙 찍고 검밑솔 보스들 다 돌면서 행메중이었는데 헥사 코어 2 까지 뚫는데 좀 부담이 되었었습니다 근데 이번에 3까지 뚫으려는데 생각보다 어마무시하게 솔 에르다와 조각이 필요하더라고요... 이건 자연 사냥으로 얻긴 좀 힘든 양 같은데 여기서 현질을 하라고 만든 시스템인가요 아니면 사냥 꾸준히 하면 충분히 가능한 양일까요...? 뉴비라서 진짜 몰라서 여쭤봅니다
2026-07-15,0,0,아이템,챌섭 챌린저 목표 겸,"본캐로 키울 생각인데 23주년 이벤트 막차에 유입해서 본섭 기반이 없는 상태라 유챔 sss 찍고 노칼급 주보돌이로 쓸 예정이에요 주보 메소 모아서 하나씩 템 사서 자급자족하는게 목표입니다 현재 고민인게 500억 정도를 최대한 효율적으로 사용하고 싶은데요 제가 생각한 방법으로는 1. 꽁석펫 초록 있으니까 + 주황, 파랑 사서 3석 만들고 드메템 구매하기 메이플을 꾸준히 할 예정이라 챌섭 기간만 한정 판매하는 버섯펫 미리 사서 3석 챙기고 현재 템 메획 100 드랍 20이라 드메템 보강하기 산다면 무교 쌍드템 위주로 먼저 살듯한데 챌섭기간이 짧은 만큼 더 이상 과금없이 한다고 했을 때 재획+주보메소로 챌린저 달성이 가능할 지 스펙적인 부분이 걱정입니다 2.쌍레 미트라 거품이 낀 옵션이 마마방, 마마뎀으로 알고 있어서 비교적 거품이 적게 끼고 가격 방어되는 51급 몰빵하기 이 부분은 저는 잘 모르는데 메짱형님들이 마마방 마마뎀 정도 하드메이린 최소컷 정도에 필요한 템은 수요가 많아서 가격이 거품이 꼈으니 그냥 더 보태서 감가 적게먹는 51급으로 한번에 가라고 했어요 3.쌍레 미트라 말고 레유 4~5줄 가격 괜찮게 가져와서 끼고 + 남는 메소 주벗 파벗 사서 3석 채우기 이 정도 생각하고 있는데 메짱형님들의 의견을 듣고 싶습니다 결국 챌린저 목표이고 더 이상의 과금없이 재획+주보메소로 남은 챌섭 기간동안 자급자족 했을 때 챌섭 보스 미션 노칼 노적 이카 하메까지 올클리어 하려면 어느 방법이 제일 효율이 좋은지 알고 싶어요"
2026-07-15,0,0,기타,신규6차 스킬코어 솔에르다 몇개들어가는지아시는분,총 솔에르다 몇개들어가는지 아시는분 있나요
2026-07-15,0,0,기타,챌패스 늦게사면 뭐가손해인가오,제네패스는 해방늦는건알겠는데 챌패스가 출첵류가있나요? 늦게 사서 한방에 블루배리먹어됴되는거아닌가요??
2026-07-15,0,0,아이템,첼섭 버닝 삭제,삭제하면 어떻게 되나요? 일리움 했더니 너무 안맞네요... 허허...망한건가 260딸각만 해놓고 방치중입니다.
2026-07-15,0,0,직업,뉴비인데 고민이 있어요 ㅠㅠㅠ,"레테 키워서 육성보상을 받고 싶은데 키우는데 220레벨 정도 되니 키우는데 시간이 좀 많이 걸릴 거 같더라구요 키워도 아직 뉴비라 자본이 부족해서 ㅠㅠㅠ 그냥 250비약 먹이고 다음 챌섭때 레테를 새로 키울까 생각했어요! (아버 받으며 키우는 게 확실히 셀 거 같아서요) 지금 유니온도 2~3000정도라서 은월250찍은 것도 없는데 이번에 은월한테 250비약 주려다가 레테한테 주고 보상 받고 다음 챌섭때 레테 아버하버 받고 새로 키우고, 250비약 다음에 주는 거 있다면 메세나 은월 같은 칭구들 줄까하는데 괜찮을까요?? 더 좋은 방법이 있을까요 ㅠ 요약 1. 레테 육성 보상 받고 싶음 + 레테도 진지하게 키우고 싶음 2. 레테 테버로 220까지 키움 3. 유니온이 아직 부족해서 은월한테 250비약 주려고 했음 4. 근데 레테한테 250비약 주고 10레벨만 더 올려서 육성 보상 다 받고 다음 챌섭때 레테를 하버아버 주고 키우고 은월이나 다른 250찍어야 하는 유니온한테 다음에 비약 주는 거 있으면 먹일까 생각중"
2026-07-15,0,0,기타,(뉴비살려주세요 ㅜㅡㅠ) 웹 인증정보가 일치하지 않습니다. 떠서 보스 보상 못받은....,한번 읽어보고 ㅠㅠㅠㅠ도움 주실 수 있는 분들은 댓글 한번씩 남겨주세요ㅜ [이미지]
2026-07-15,0,0,아이템,거래소에 언리미티드 훈장 파는거 가위계속되나요?,부캐에 훈장외형 주고싶은데 구매이후 교불되고 가위로 다시옮길수있는건가요?
2026-07-15,0,0,기타,챌섭 메린이 보스 현상금 코인 이벤트질문 있어요,지금 최대로 깰수 있는 보스가 노말 메이린인데 노말 메이린보다 낮은 진 힐라나 더스크 같은 보스 잡고 노말 메이린을 마지막으로 잡으면 한주에 현상금 코인 최대 개수(중급 2000/ 하급 3000)로 얻을수 있는건가요?
2026-07-15,0,0,아이템,메뉴비 30만원으로 드메 세팅 맞추는 법,"안녕하세요 요즘 메이플이 재밌어서 30만원만 질러서 드메템을 사고싶은데요! 재획은 평일엔 거의안하고 주말엔 2시간정도 합니다. 그래서 보스 드랍이 좀 욕심나서 메획보단 드랍 위주로 챙기고 싶은데 괜찮을까요? 만약 30만원으로 제 기준 드메 세팅하면 드랍1줄로 8부위 전부 세팅할지 (이벤링 두개가 21,27퍼라 하나만 드랍20입니다) 적당히 드메 드드 섞는게 좋을지 궁금합니다! 효율을 어떻게 보는게 좋을지 아예 감이 안와서 도와주시면 감사하겠습니다!!"
2026-07-15,0,0,기타,게토 아닌 피시방에서 하면 찍계되나요?,어제 오늘 피카 피시방에서 1.5시간보상만 받고 와서 오늘 30분 사냥하는데 10분마다 3번 거탐이왔습니다ㅠㅠ 클릭 거탐 2번 비올 1번 부스터쓰느라 룬도 바로쓰는데 이거 찍계된건가요? 찍계 되서 계속 오면 메접하고 복귀하는게 차라리 나을까요?
2026-07-15,0,0,몬스터,1주차 메이린 고민이 있어여,지금 도핑하고 20분 실수 안하고 치면 9~11% 남는데 레잠 그냥 블랙 보조에 박을까? 아니면 17성 에스텔라 반지 귀골이 에픽6% / 공10 2개라도 맞출까? 아니면 그냥 포기하고 담주에 할까.. 원래는 21% 윗잠 사서 17성 줌서 바를랬는디.. 레잠도 돈 모아서 미트라에 바르고 싶었고... 메이린 1주 늦어져도 상관없나요?
2026-07-15,0,0,기타,메린이 버닝 캐릭터 생성 질문 드립니다 !,280까지 해주는 버닝 말고 200까지 해주는 버닝캐릭터는 삭제 후 재생성 가능할까요 ?
2026-07-15,0,0,아이템,디라벨 펫장비 마일리지,디라벨 루나드림 펫장비는 전액마일리지로 구매가 안되나요..?
2026-07-15,0,0,기타,대적자코인,이번달 검마는 잡은상태이고 내일 해방합니다 혹시 대적자코인 받을수있는건가요???????
2026-07-15,0,0,아이템,레테 보조 질문,레테 보조가 너무 비싸서 그런데 블랙 보조 이 정도면 사기 전까지 그냥 써도 될까요? 아니면 블큐를 더 돌려야 될까요? 다른 부위들도 잠재작이 더 필요한 상황입니다
2026-07-15,0,0,아이템,레전 천장 어디다 써야할까요,"저번 미라클 때 쌓아놓은 스택이 어느덧 천장이 됐는데 똥블에 써야할까요 플하에 써야할까요? 똥블은 유니크 공 2줄, 플하는 주스텟 2줄인 상황입니다 원래는 미트라를 사서 천장을 쓸까도 고민했는데 지금 미트라 노작 가격도 워낙 너무 비싸기도 하고 유챔용으로만 키울건데 미트라까지 해야하나 싶어서 당장 미트라를 살 생각은 없습니다"
2026-07-15,0,0,기타,환산 링크에서 번호 매겨서 있는순이 중요도인가요,칼로스 너무 빡세서 생존링크 2개 넣으려고하는데 뭘뺴야할지 모르겠어서 환산주스탯 링크최적화에서 링크마다 각각 번호가 적혀있는데 11번 12번이 가장 중요도 떨어지는건가요?
2026-07-15,0,0,시세,추옵 잘알 형님들 몽벨좀 봐줘요,이거 추옵값못받죠?
2026-07-15,0,0,기타,이지카링이 짜증나는 이유가 뭔가요??,이번에 트라이하고있는데 글들 보면 카링은 진짜 극혐이다 최소컷진짜힘들다 이런말 많이 봤는데요 어떤점 때문에 그런지 궁금합니다 일단 페이즈별로 다 깨보면서 제가 느꼈던점은 1. 게이지 관리는 텔직업이라 그런지 안어려웠다 2. 1페를 3마리로 나눠서 잡아야 하니 극딜낭비가 생겨 최소컷이 힘들다? 저는 다음 극딜 돌아올때 되면 피가 준극으로는 안죽고 극딜로는 남아버리는 피인 상황이 와서 애매하더라고요 3. 2페가 가시+도올장판 깔리면 서있을 곳이 너무 좁다 4. 단추구멍이랑 강제텔장판이 잘 안보인다 5. 나쁜도올 만나면 짜증난다 이정도인데 메고수분들이 외치는 짜증나는점은 뭔가요??
2026-07-15,0,0,기타,드메템에서 수치 말씀하실 때,장비 수치만 말씀하시는건가요? 스테이터스에 보이는 총합 수치가 아니라
2026-07-15,0,0,아이템,자석펫 질문이요~,본섭에 아델레랑 카이 2개 맞췄는데 쁘띠 스노우가 196억대가 넘어가더라구요 단종된 자석펫들은 가격이 점점 비싸지나요??? 돈 더 쓰면서 쁘띠 스노우 맞출 가치가 있을 까요~~?
2026-07-15,0,0,직업,메이플 한번도 안해본 뉴비 오늘부터 시작해도되나요?,유튜브 알고리즘에 자주 떠서 해보려고하는데 지금 무슨 이벤트 중이더라구요 이벤트가 시작한지 좀 되서 오늘부터 하루 2~3시간씩 하면 다 못누리고 망하려나요? 다음 겨울 이벤트를 기다려야할까요?
2026-07-15,0,0,기타,내일 해방인데 질문 있습니다,지금 메소로 160억정도 있고 23일에 제네 패스도 구매할겁니다 본섭에서는 매주 30억정도 벌고 있는데 챌섭 이벤트랑 대적자 화에큐로 레전 등업 천천히노리기 vs 저 갖고 있는 메소로 레전 등업하기 뭐가 나을까요
2026-07-15,0,0,아이템,루나 익스텐션 궁금합니다.,"몇년만에 복귀해서 새로운게 많이 생겼더라구요 루나익스텐션 써보고 싶어서 질문남깁니다. 현재 제가 갖고있는 자석펫은 황혼, 신야 2마리가 있습니다 루나익스텐션을 쓰려면 보유중인 자석펫 2마리 제외하고 동일기수 자석펫3마리 더 사면되는건가요? 맞게 이해한건지 알고싶네요"
2026-07-15,0,0,퀘스트,해방날짜 이거 맞나요??,"오늘 상태로 보스들 다 돌고 (이번주는 끝, 내일 목욜 초기화부터 다시) [윌 격파 미션중, 흔적 265/1000 개] 검마빼고 하드로 다 가능 저 위에 표들이 제 상태로 체크한게 맞나요?? 예상해방7.23일 목욜 그니까 내일 목욜 1주랑, 그다음주(7.23) 초기화 1주 총 2번 보스들 돌려야 해방되는거죠?"
2026-07-15,0,0,기타,밑에 메린이 컴퓨터 질문한 사람입니다!,"제가 너무 당황해서 게시글에 영상 첨부를 하지 않고 올렸네요.. 죄송합니다.. 이전 글 링크 : 메이플스토리 인벤 : 메린이 컴퓨터 질문 드려도 되나요..? - 메이플스토리 인벤 질문과 답변 게시판 ​ ​ ​ ​ ​ 우선 1번 영상부터 간단하게 설명드리면, 3번째 슬라임 수정 배치에서​ 모션이 전부 보이는데 수정만 설치가 되지 않았습니다. 그리고 몇 초 후 이펙트와 함께 수정이 나타나는 상황입니다. 2번 영상은 데벤 실드체이싱 사용하는데, 처음 실드체이싱 사용할 때 실드체이싱 이펙트가 반박자 느리게 나갑니다. 보통 이러한 상황에서 컴퓨터 문제라면, 캐릭터의 모션이나 보스의 모션, 게임 전체적으로 같이 멈추는 걸로 알고 있는데 제가 지금 겪는 상황에서는 제 캐릭터는 정상적으로 움직이며 시간 또한 정상적으로 카운트 되고 있음을 알 수 있습니다. + 사냥할 때도 마찬가지로 탈라하트 원킬 or 투킬 나는 스펙인데 이미 피가 전부 깎인 몹들이 시간이 더 지나서 죽습니다. 피가 깎이고, 몹들이 죽는 애니메이션이 나오는 사이에 제 캐릭터는 정상적으로 움직임이 가능하구요! 이러한 경우에는 컴퓨터에 문제가 생겼다기 보다는 저희집 네트워크에 문제가 생긴게 맞을까요??"
2026-07-15,0,0,기타,리프 관련해서 질문 드립니다. ㅠㅠ,첼섭에 지금 200레벨 캐릭터 3개랑 본캐로 키우고 있는 282짜리 캐릭터가 있는데 얘네들 전부 리프? 때 옮길 수 있는 건가요? 또 옛날에 오로라에서 조금 키웠던 렌 캐릭터가 있는데 얘도 리프해서 베라 서버로 이전 가능한가요? 베라 서버로 아예 이주하고 싶은데 뚱성비를 오로라섭에 있는 렌한테 있어서 옮길 수가 없어요. ㅠㅠ 1. 첼섭 2에 있는 캐릭터들 전부 리프가 가능한지 2. 오로라섭에 있는 캐릭터를 리프 때 같이 다른 섭으로 이전 가능한지 이 두 가지가 궁금합니다. ㅠㅠ
2026-07-15,0,0,몬스터,뉴비 보스컷,"직업 보마입니다 노말 메린이까진 다 잡았고 노말 세렌, 하드 검마 여기 위로 쭉 한번도 안해봤는데 현실적으로 어디까지 될까요? 그리고 저 S랑 F가 포스 부족이라 나오던데 어센틱심볼도 지금 강화해야할까요? (보스목적) 전부 5렙상태"
2026-07-15,0,0,기타,복귀 뉴비 템셋 질문,"챌섭 전에 보스만 슬렁슬렁 잡다가 이번에 레테로 복귀한 복귀 뉴비인데, 레테가 너무 손에 잘 맞아서 본캐로 삼으려고 합니다. 그래서, 본섭에 있는 캐릭터들 아이템 좀 처분하면 대충 250억정도 나올 것 같은데 여기서 템을 뭘 추가하는게 나을까요? 대충 미트라 있으니까 거공 18성 레에 + 마도서 사기 vs 에테 18성 크뎀 장갑 사기 이렇게 고민중인데 뭐가 나을까요...? 더 나은 템셋이 있으면 추천해주시면 감사하겠습니다!"
2026-07-15,0,0,직업,헥사스탯 3 찍는법 질문,이러면 어떻게 찍어야 하나요? 2 무시하고 3번째 추천해준걸로 찍으면 될까요??
2026-07-15,0,0,아이템,형님들 뉴비 드메템 사려는데 같이봐줄수있을까,"어제 시작했구 사냥많이할거라 100억만딱사서 드메템사려는데 가격이 엄청비싸더라구 이벤링 하나 드랍되있어서 메소확정드랍만해놓고 메획두줄짜리 두개 사서 80퍼채우려는데 하프이어링,미카엘라의 새안경 두개를 메획두줄짜리 두개사면될까여?? 각 50억정도하더라구요 아니면 다른 좋은 아이템이나 방법이있는지알려주세요 줄임말 쓰면 잘모릅니다 ㅠㅠ"
2026-07-15,0,0,아이템,지금 22데브나 가엔링 구매하는거 비추하나요?,천천히 템 한부위씩 맞추려는데 칠흑은 가격거품이 너무심해서 데브나 가엔링 부터 맞출까 하거든요. 전체적으로 가격이 올라간 현상황에서 22데브나 가엔링 구매하는거 많이 비추하시나요? 제네패스를 챌섭에 사용한 상황이라 본섭에 있는 캐릭 해방퀘때문에 조금씩이라도 맞춰주고는 싶은데 .. 좀더 기다렸다가 8월즈음부터 세팅하는게 나을까요?
2026-07-15,0,0,아이템,드메 지금 비싸도 사는게 맞나요?,하루 4소재는 꾸준히 해주는 것 같은데 쌍메 하나 사서 메획이라도 올리는게 나을까요? 이벤링은 두 개은 메획으로 사용 중
2026-07-15,0,0,아이템,챌섭 뉴비 세트템 셋팅 질문 드립니다.ㅜㅜ,"제가 가엔링/트왈마/에스텔라/데브팬 여명4셋이랑 마깃안/마도서 칠흑2셋 끼고잇는데 내일 해방되는데 해방제네시스무기 착용하고 트왈마를 루컨마로 바꾸면 럭키아이템 효과로 칠흑4셋, 여명4셋으로 되나요??"
2026-07-15,0,0,아이템,플라즈마 하트 본캐 vs 부캐 고민,"안녕하세요 이번 챌섭에서 플라즈마 하트를 받을 수 있을 것 같은데, 본캐를 줘야되나요 하니면 챌섭캐가 그대로 들어야 되나요? 본캐는 환산 5만 정도에요!"
2026-07-15,0,0,아이템,블큐천장 어디에 쓸까요,챌섭 아란 키우는데 해방무기 미트라 하트는 이미 레전이라서 블큐로 애완블랙보조 금방 레전갈줄알고 큐브 다넣었는데 결국 천장을찍게돼서 그냥 블랙보조를 레전만들지 아니면 에테장비나 칠흑을 사서 레전을 올릴지 고민입니다 아니면 다른 사용처라도 알려주시면 감사하겠습니다
2026-07-15,0,0,아이템,"다음 스펙업 질문,,",먼저 현재 제 스펙입니다. [이미지] [이미지] [이미지] [이미지] [이미지] [이미지] 1칠흑 4여명 5보장을 사용하고있습니다. 아버장비 제외 전부위 18성 유에를 사용중입니다. 펫프마작은 지금 하고있고 프악마작은 더 좋은장비에 하려고 아끼고있습니다(현재는 긍혼작) 지금 여기서 추가 스펙업을 어떻게 해야할지 잘 모르겠습니다. 제 생각에는 18성 거공을 사서 2칠흑 4여명 5보장 세트를 가져가는게 제일 좋은방법인거같은데 전 부위를 18성 21퍼이상의 칠흑으로 바꾸는게 맞는건지.. 매일매일 너무 어렵네요 고수님들의 조언이 필요합니다..
2026-07-15,0,0,아이템,챌섭 보상 250 레테 딸깍 했는데 템 세팅 추천 좀 부탁합니다,복귀유저인데 챌섭 보마 하고 있고 레테 6차 전직 보상 이루시 보상 같은거 얻고 싶어거 레테 250딸깍했는데요 기본 튜토템도 없으니 막막하네요. 부캐 생각 없고 딱 이루시 먹튀정도만 하고 싶은데 요즘도 3카 5앱?이면 되나요? 무기랑 방어구 세트 추천좀 부탁드립니다.
2026-07-15,0,0,기타,하루시3페 7퍼정도 남는데,헥사스텟2렙 떡작해주면 깰수있을까요??
2026-07-15,0,0,아이템,안녕하세요 뉴비입니다. 렌 보조무기,"레벨 281에 제네 해방 완료했구요, 제네무기는 윗잠레전 아랫잠레전 보냈구요,,! 엠블은 나중에 미트라 살까 싶어서 냅뒀는데 보조는 찾아보니까 사서 쓰면 더 좋다구 하던데 지금보다 옵션 더 좋은 블랙 여의보주를 사야하는건지 아니면 이볼빙자색?? 여의보주를 사야하는건지 궁금합니다 [이미지] [이미지] [이미지]"
2026-07-15,0,0,기타,100억으로 할것,100억 정도 지를건데 미트라랑 레테보조가 너무 비싸서 100억어치 조각사서 강화할 생각중인데 어떻게 생각하시나요 고수분들
2026-07-15,0,0,기타,헥사 떡작 질문,수치가 잘 뜬건가요? 환산 주스탯에서 저렇게 하라는데 최종뎀 0.86차이라 하는게 맞나 모르겠네요
2026-07-15,0,0,기타,본메 쌩뉴비 지금시작해도 안늦나요?,기존유저 발톱이라도 따라갈수있나요??
2026-07-15,0,0,기타,필터키 질문드립니다.,​ 메모장 이정도 나오는데 필터키 따로 써야할까요? 직업은 팬텀(​본) 칼리 데슬(6번째 열리면) 데벤 제논 렌 유챔입니다.
2026-07-15,0,0,기타,메린이 컴퓨터 질문 드려도 되나요..?,"오늘 메이플 들어가는데 갑자기 버벅거려서 질문드립니다.. 컴퓨터 문제인지 인터넷 문제인지 잘 모르겠어서요.. 우선 컴퓨터 프레임 드랍은 없는 편입니다. 약간 모 유튜버에 나온 더스크 6차 전직? 그런 느낌으로 조용해졌다가 -> 한순간에 확 바뀌는 느낌으로 반복이 되는데 인터넷 문제일까요? 컴퓨터 문제가 아니라고 생각하는 이유는 화면이 아예 멈추는게 아니여섭니다! 캐릭터들(저를 포함 파티원 전부)의 숨쉬는 애니메이션, 스킬 모션은 그대로 진행이 되는데, 데미지가 안들어가고 멈췄다가, 다시 움직이는 순간 한꺼번에 진행되는 느낌입니다! 열심히 찾아봤는데 관련 내용은 안보여서 질문드립니다 ㅠㅜㅠ"
2026-07-15,0,0,아이템,의상살때 라벨은 어떤건가용 ?,안녕하세요 선배님들 제로를 키우고있는데 남캐용 여캐용으로 눈꽃다람꼬리랑 크림다람꼬리를 사려구하는데 레드라벨 블랙라벨 스페셜라벨 여러가지가 있던데.. 어떤걸 구매해야하나용 ㅠ?
2026-07-15,0,0,아이템,아카이럼 도미 아획적용 되나요???,안 되는걸로 알고 있는데 된다는 사람들도 많아서 궁금해요
2026-07-14,0,0,아이템,공짜 큐브 사용처 및 템 순서 질문!,"해방무기 아랫잠 마12, 보공18퍼 보조무기 마15뎀9 보유중인 재화 카블큐 41개, 카화에큐 9개 , 카레잠 1개, 메멘토골큐 12 (+챌섭코인샵 50개 가능), 영끌 메소 36억정도 목표 챌린저 1. 미트라 노작을 살까요? 현재 보유중인 카레잠, 카블큐, 메멘토골큐 등을 가장 잘 쓸 수 있는 게 미트라 같은데 지금 가격이 너무 비싼 거 같아서... 2. 미트라 안 산다면 큐브들 어디다 쓸까요? 3. 벨트도 맞춰야 할 꺼 같은데 어느 정도로 맞춰야 할까요? 21퍼 18성 에디 1.5줄 생각 중이엇는데 이거 31억정도... 4. 15퍼 여명들 다 갈아낄 예정입니다. 그거 포함해서 대략적인 템 순서 좀 알려주세요"
2026-07-14,0,0,아이템,잡쌍레 보조 vs 제네무기,"헥환 7만 초반유저인데, 대적자 큐브를 어디다가 던질지 고민입니다. 제네무기 윗잠 정옵 + 에공삼 / 교가보조 5줄쓰고있는 상황 제네패스 플러스에서 대적자코인 8천개가 남는데, 윗잠 이탈한줄을 나머지 코인으로 노릴지 아니면 잡 쌍레 보조를사서 애완 아스트라를 만들지 고민인데 어떤게 나을까용?"
2026-07-14,0,0,아이템,이 상태면 미트라 사는게 맞죠?,미트라 사는게 맞을거같은데 해방 윗잠끝나서 1. 깡통미트라 산 후 유잠발라서 에픽 2. 윗잠잡레미트라 사는 정도인거같은데?
2026-07-14,0,0,아이템,하드 스우에서 루컨마 떳는데,"파는게 나을까요? 아니면 지금 트와일라이트 마크 17성 강화권 바르고 에픽 잠재, 에디 레어 잠재로 쓰고 있는거 있는데 이거 대신 바꿔낄까요? 이번에 챌섭시작한 뉴비입니다."
2026-07-14,0,0,퀘스트,몬파랑 일퀘 추가경험치 질문,몬파나 일퀘도 정펜같은 추가경험치효과 받나요???
2026-07-14,0,0,기타,검마 팁좀,이번 챌섭이 검마 첫 트라이인데 노해방 썬콜에 헥환 3.2이고 배율은 130%나옴 1페 오리진 극딜 박고 아슬아슬하게 넘기고 3페 들어가면 데카 5~6개만 남아 있는데 뭔가 꿀팁 없음?
2026-07-14,0,0,기타,282레테 키우고있는데 부캐 키워도됨?,레테가 이뻐서 하긴 했는데 이런 딸각직업보다 꾸준히 스킬 누르면서 바쁜캐릭 좋아해가지고 유챔 키울겸 부캐 하나 키우려는데 280까지는 너무 먼거같고 260이라도 찍어줘가지고 에픽던전 좀 먹이려는데 얼마나 걸릴까요 mvp레드라 레테꺼 몬파 줄 수 있습니다
2026-07-14,0,0,기타,점프 한번만 눌렀는데 두번 눌리는 버그,15번 점프에 한번씩 나오는 버그인데 맨땅 에서 점프하거나 밑점할때 가끔씩 나옵니다 한번만 눌렀는데 0.1초만에 한번더 눌려서 플점이 나가거나 밑점할때는 꾹누르는데 한번더 인식이 되서 또 플점이 나갑니다... 혹시 키보드 문제인가 싶어서 새로 주문해서 해봤지만 똑같네요; (원래 키보드는 앱코해커640 새로산 키보드는 한성 매그니톡스 입니다) 아무래도 키보드 때문은 아닌거같고 필터키도 안쓰니까 그것도 아닌것 같고.. 메이플이나 컴퓨터 문제 같긴한데 감도 안잡히네요 혹시 저랑 같은 문제가 있으시거나 해결법 알고계신분이 있다면 알려주시면 감사하겠습니다. 블래스터 하는데 자꾸 지멋대로 점프가 나가서 미치겠습니다 점프는 알트입니다
2026-07-14,0,0,아이템,하드메이린 템셋 질문좀요!,[이미지] [이미지] [이미지] [이미지] 사진을 다 찍었는데 5개밖에 안올라오네요;; 하드메이린 잡고싶은데 무보엠은 저 정도면 될까요? 보조는 화이큐 생길때마다 돌려서 15퍼 뽑으려하고 엠블은 메멘토 에디로 9퍼 뽑으려고하구요 장신구는 파풀마랑 도미 좀 싸지면 사고 나머지 18성만 보내면 충분할까요?? 방어구도 하나 해야하는지 궁금합니다. 닉은 용가리레테 입니다!
2026-07-14,0,0,기타,챌섭 질문있습니다!,"혹시 에메랄드랑, 챌린저스 각각 찍는데 소요되는 시간이 얼마나 될까요? 군인이라 8월에 휴가 14일 쓰는데 그안에 최소 에메랄드는 찍고 싶어서요! 에메 찍기 쉬운거 같으면 챌린저스 까지 노려보려고합니다! 레테 하버 키웁니다 과금은 20정도 하고 하루에 메이플 4시간 이상은 할 것 같습니다"
2026-07-14,0,0,몬스터,이지카링 처음 도전인데 알려주세요,281 칼리 환산기준 165퍼 나오는데욥 계속 3페가서 때리다 패턴 못 피해서 죽고 게이지 관리 하다 죽고 하는데 유튜브에서 다른사람들 잡는거 봣는데 3페에서 혹은 2페에서 도올 게이지 1000 터트리고 하던데 이유가 뭔가요? 3페 팁이 있다면 좀알려주세요 유튜브 영상봐도 잘안되네요 ㅠㅠ
2026-07-14,0,0,기타,방무는 어떤 위치의 옵션임?,공 마 보 를 제외한 옵션은 취급도 안하던데 챌섭 한정 방무를 쳐주는거임?
2026-07-14,0,0,시세,법사 에테장갑 24성 시세가 얼마할까요?,"법사 에테 장갑을 24성 보냈는데, 시세가 얼마일까요..? 거래내역이 아예 없다보니 얼마에 팔아야할지 모르겠어요 ㅠ 서버는 챌1섭입니다!"
2026-07-14,0,0,아이템,환산 5.6 나워 스펙업 순서 질문,안녕하세요! 환산 5.6 나워인데 일단 먼저 목표를 환산 8로 잡고 스펙업을 진행하고 있는데 어떤 순서로 템을 변경해야할지 고민이라 문의드립니다. 일단 칠흙 18성짜리로 다 사보려고 하는데 어떤식으로 스펙업하는게 좋은걸까요? 에테는 샤타떄 세부위 전부 18성 도전해보려고 합니다! 현질은 안하고 보돌+ 사냥으로 주간 대충 20억씩 모으고 있습니다 현재는 50억정도 있는상태이구요!
2026-07-14,0,0,기타,본캐 육성 관련 질문,안녕하세요 이번에 챌섭에서 레테로 게임 하고있는 유저입니다 제가 지금 군인이라 일주일에 한번 정도만 게임이 가능한데 다음 챌섭때부터는 전역이라 제대로 할려고 합니다 본캐로 제논을 키우려는데 지금부터라도 생성해서 조금식 키워두는게 이득일지 아니면 그냥 지금은 레테나 다른 유니온 육성하면서 다음 챌섭때 생성해서 키우는게 나은지 궁금합니다
2026-07-14,0,0,아이템,챌섭 누비 검환불 질문좀용,트왈마 : int 48 all 6 - 108급 아쿠아(교체예정): int 45 all 6 - 105급 에스텔: int 20 마 5 all 6 - 95~100급 도미펜(교체예정): int 60 all 6 - 120급 데브펜: int 48 all 5 - 98급 분자벨: int 32 마 4 all 6 - 104~106급 핑성배: int 68 all4 - 108급 제네무기: int 30 마 2추 보뎀10퍼 현재 추옵 상황인데 검환불 220개 사용처 질문드립니다 1. 제네무기에 돌던지기 2. 나중에 바꿀 부위 대비 보관 3. 장신구 추옵 업글 뭐가 좋을까용
2026-07-14,0,0,아이템,썬콜 대적자 코인 어디에 쓸까요?,챌섭 썬콜 뉴비 제네무기 윗잠 마 21퍼 방무 30퍼 밑잠 마 15퍼 뎀 6퍼 추옵 2추 보공 10퍼 이렇게 쓰고 있는데 썬콜 방무 쓴다고는 해도 마마마 미트라는 너무 비싸서 방마마 미트라로 바꿀 수 있게 윗잠에 방무 지우고 마 30이나 보공 노리기 밑잠 레전 등업 시키고 옵션뽑기 1추 노리기 어떻게 쓰는 게 제일 나을까요?
2026-07-14,0,0,아이템,챌섭뉴비 블큐 화에큐 어디다 써야할까요,보조는 시세 좀더 보다가 사먹을예정입니다 제네무기는 제네패스플러스 풀리면 아랫잠 등업목적을로 좀 돌려보는게 맞는거같고 플하도 지금 스펙에선 그냥 두는게 맞는거같은데 애완용미트라를 더 돌리는게 맞겠죠? 아니면 장갑 레전 사서 돌릴까요 장신구는 여명 보장 18성 유에 둘둘에 헥환 4만초반대입니다 [이미지] [이미지] [이미지] [이미지]
2026-07-14,0,0,아이템,아무것도 모르는 메린이에요 템셋팅 질문하려고 합니다,아직 레벨도 멀었지만 메이린 도전해보려하는데 250억 정도 템셋팅으로 가능할까요? 보조엠블 각각 공 15퍼 맞춘거 말고는 아무것도 없습니다 성배까지 구매했어요! 닉 유l생입니다
2026-07-14,0,0,직업,와이프가 시작한다해서 보마로 하버 만들어줬는데 텔포직업을 원합니다 ㅠ,하버랑 비욘드는 캐삭하고 재지정 하면 그만이긴 하지만 아버를 못받으니 이거 뭐..... 어떻게해야할지 모르겠네요 ㅠ 1:1문의글도 남기긴 했지만 ㅠ 아버 종결 아이템으로 가장 싸게 맞춘다면 장비만 100억 밑으로 맞출 수 있을까요? 레테로 진행하려 합니다 ㅠ
2026-07-14,0,0,아이템,크뎀 한줄vs 주스탯 15%or21%,크뎀 장갑 하나 살까 생각 중인데 크뎀1줄에 나머지 잡옵 vs 주스탯 15퍼or21퍼 차이가 얼마나 날까요?? 직업은 캡틴 입니다
2026-07-14,0,0,아이템,챌섭 유입 질문드립니다.,[이미지] [이미지] [이미지] 안녕하세요 이번에 챌섭 열리면서 첫 캐릭으로 렌 으로 시작했습니다. 탬셋팅에 대한걸로 좀 고민이 많아졌는데요 지금 상태로 하드 메이린 배율 100.4퍼 나오더라구요 근데 이제 숙련도 문제 일까 아니면 무슨 문제일까. 어센트 증가없이 나름 딜 빠듯하게 넣었다 생각했는데도 10퍼 정도 남더군요 일단 그래서 당장 큰 목표는 챌린저 달기이고. 이제 그 이후에는 이것저것 열심히 해보려고 하는데요 챌섭 오픈전에 메포로 밀어서 자석펫 하나는 있는 상태입니다. 이제 여기서 당장 350억 정도를 자석펫을 마저 끝내고. 드메를 못해도 64/100 혹은 100/100 정도 해놓고. 사냥 하고 조각모아서 헥사 올리고 탬쪽을 조금 천천히 올리는게 나을지. 아니면 조금 더 투자를 해서 18성 27퍼 레에 정도 급으로 칠흑을 몇부위 사와서 칠흑 4셋 혹은 22성 가엔링이랑 데브팬에 21성 골클벨이나 분자벨을 임시로 낄지 고민입니다. 하드 메이린 이후 크게 목표를 아직 잡지는 못했지만 첫캐릭이고 본캐니까 저도 7~8만은 해보면 좋겠다고 생각하고는 있는데 어디를 먼저 손대야 할지 어렵내요.. 당장은 어떻게 방향을 잡는게 좋을까요?
2026-07-14,0,0,아이템,보조무기 질문 드려요 !,"챌린저 목표로 하고 있습니다. 기간은 넉넉하게 잡아도 상관없는데, 보조무기 레레로 보보뎀, 마력 9% 이렇게 써도 괜찮을까요??"
2026-07-14,0,0,아이템,피방 vip부스터 vs 사우나,뭐가 효율 더 좋나요?
2026-07-14,0,0,아이템,마스터 블큐만 남은 메린이한테 훈수 부탁드립니다,[이미지] [이미지] [이미지] [이미지] 패스권 올 구매 했고 다음주 해방입니다. 이번에 각 잡고 혈을 뚫어서 정착하려고 합니다
2026-07-14,0,0,몬스터,초보 보스 공략하려면 환산주스탯 몇퍼정도부터 트라이하면 좋을까요?,"안녕하세요. 복귀뉴비인데 보스 처음 연습할 때, 환산주스탯으로 몇퍼정도에서 패턴 연습 시작하면 좋을까요? 남은 보스들은 하드 듄캘, 카오스 더스크, 하드 진힐라, 검마 ... 입니다. 카엔슬 150%에서도 타임아웃나고, 하드루시드 120%에서도 3페에서 0.5줄 남기고 무한 트라이 하고.. 직업(렌)은 좋다고 하니 손이 찐빠인건지..ㅠㅠ 대충 제 수준이 어느정도냐 하면.. 1. 카이 잡는데 3시간(1페 2.5시간, 2페 0.5시간) 걸림. 2. 지금도 노말 힐라 400%에서 한 두번씩 실카아웃 함. 3. 더스크 파란 구슬 맞기 전에 의지 써본 경험 없음 ㅠㅠ. 명령이 눈->뇌->손까지 가는데 지연시간 좀 걸림. 입니다. 진힐라는 200%인데, 아직도 손이 안가고.. 참 그렇습니다. 기존에 게임하신 분들 보면 120~130%정도에서 넉넉하게 하시는거같은데, 찐빠 좀 있다고 가정하고 200%면 타임아웃 스트레스 크게 없이 도전할만 할까요?"
2026-07-14,0,0,기타,제가 메이플을 22년하면서 단 한번도 정지를 당해본일이 없어서 몰라갖고 물어보는건데요,"[이미지] [이미지] 게임이 정지되든 채금이든, 며칠이든 몇달이든 1~3년이든 한번 당하게되면 그 내역이 총 며칠간, 혹은 총 몇달동안 있는건지 궁금합니다"
2026-07-14,0,0,아이템,울티마 보상 카르마 17성 어디 쓰는게 좋나요?,장비는 지금 도전자셋 + 4여명 + 5보장인데 4여명은 전부 17성 맞춰뒀습니다 17성 주문서 나중에 어디 쓰는게 가장 좋을까요?
2026-07-14,0,0,아이템,자석펫 안쓸거면,출석 버섯자석펫이랑 옛날에 산 핑크빈세트 있는데.. 이거 꺼도 되나요? 아니면 d라벨 이걸로 하나요? 코인샵 펫 줌서로 장비는 누구꺼 강화하면 되나용
2026-07-14,0,0,아이템,챌섭 마스터 보상 250레벨 달성의 비약 질문,본섭에 주려고 하는데 누구 주는게 가장 좋음? 일단 메르는 이미 250이고 그럼 은월이 가장 1순위인가?
2026-07-14,0,0,아이템,뉴비 보조무기 질문,두줄에 에디에픽 6퍼 보조 사려고 합니다 유니크랑 레전이랑 스펙은 비슷한데 10억메소 차이나면 잘 안 팔릴거 감안하고 그냥 유니크 가는게 맞을까요? 지금 딱 검밑솔 스펙입니다
2026-07-14,0,0,아이템,챌뉴비 똥블렘 뽀록등업으로 인한 고민 도와주세요,"메짱형님들 안녕하십니까 날이 더워지는데 다들 고생 많으십니다. 다름이 아니고 제 캐릭 보레밍마 의 무보엠 강화 순위에 대해 좀 조언을 여쭤보려고 글을 씁니다. 목표가 챌린저라서 미트라 사려고 열심히 메소를 모으고있는데 저번 미라클때 똥블렘이 레전을 가버렸습니다. 1. 직작이 효율이 안나오는건 알지만 남는 카레잠을 팔아서 똥블렘 공두줄뽑을지, 2, 미트라 노작을 사서 레전유효옵을 천천히 뽑을지 3. 돈을 더더모아서 한참후에 미트라를 살지 고민입니다. 보조 엠블 하트는 레전인 상태고 큐브는 많이 없고, 카레잠은 하나 남아있고 메소는 10억 있습니다. 1번 2번 3번중 어떤게 좋아보이는지 의견 남겨주시면 감사하겠습니다. 의견 남겨주시는분 읽어주시는분 모두 좋은일이 생기기를 기원드리겠습니다. 감사합니다"
2026-07-14,0,0,아이템,100억으로 할거 추천부탁드려요!,컨4 구매 + 남은돈 제네 윗잠 돌려보기 고근 30퍼 깡통 구매 + 17성 달고 쓰기
2026-07-14,0,0,기타,헥사스탯 질문,지금 헥사스탯3 19/20 인데 이게 지금 제 스탯에 적용이 되고 있는건가요 20/20 이 되어야 적용이 되는건가요?
2026-07-14,0,0,아이템,장비에 유효옵은 옵션 등급과 상관없이 부르나요?,"예를들어 보조무기 쌍레 유효옵 5줄을 구매한다고 하면 공/마 퍼, 보공 얘네들이 유효옵이고 장비 옵션 등급이 레전 또는 유니크를 유효옵이라고 칭하는걸까요? 추가 질문으로 데미지, 방무는 유효옵이라고 하지는 않죠?"
2026-07-14,0,0,아이템,성향 올 100 뭐로 찍더라???,친구랑 챌섭 하는데 왜 넌 성향이 전부 100이냐고 물어보는데 ㅅㅂ 뭔가를 했나 먹었나?? 기억이 안나네;; 아는 사람 답변 좀
2026-07-14,0,0,시세,ㄹㅇㄸ 에서 메소사면 정지 먹나요..?,ㄹㅇㄸ 에서 메소사면 정지 먹나요..? 메이플에 오랜만에 접속해서 메소를 좀 사고 싶은데 메소마켓이랑 물통거래 시세가 상당히 차이나네요. 몇 주 전에 메이플 인벤에서 물통샀다가 정지먹었다는 글을 몇 개 봐서 질문드립니다.
2026-07-14,0,0,기타,헤카테:스틱스 바인드 질문,"보마 키우는 중입니다. 오리진,에르다노바, 스틱스 이렇게 3개가 다 바인드잖아요? 전엔 막 눌렀는데 무슨 저항이 있어서 뭐라뭐라 하는데 잘 이해가 안되서.. 노바는 풀강화했습니다. 보스 잡을때 저 3개 스킬 쓰는 타이밍, 순서좀 알려주세요 메이플 어렵네요 ㅠㅠ"
2026-07-14,0,0,아이템,챌섭 거공 vs 드메템 고민 중입니다,챌섭 나오고 겜 시작해서 즐겁게 하고 있습니다 메일 메소제한까지 사냥은 하고 있습니다 3주 정도 있으면 100억정도 될거 같은데 이벤트링을 드메템으로 쓰고 싶어서 거공을 살까 고민 중입니다 챌섭 나오고 시작한거라 이벤링 드메템을 맞춰두고 싶더라구요 90억 정도면 17 거공을 구 할수 있는거 같던데 이걸로 얻는 이점이 이벤트링 하나를 드메로 바꾸는거 뿐이라 반지를 제외하고 다른부위 드메템을 사는게 드메 오르는 수치는 더 효과적인거 같더라구요 메획1줄 4개를 사면 거공하고 가격이 비슷하지 않나 싶어서 고민 중입니다 현제 드메는 이벤링 드랍 2개 메획 1개 소재비 먹고 메획 90 / 드랍 112 나옵니다
2026-07-14,0,0,시세,썬콜 보조 2줄 20억후반인데 어떰?,시세 보니까 20억 초중반이던데 거품인거임? 사도됨? 알려줘잉
2026-07-14,0,0,아이템,메이린 배율 96퍼에서 5퍼 끌어올리고 싶은데,[이미지] [이미지] [이미지] [이미지] 현재 이런 상태이고 배율 96.00퍼센트입니다 101퍼 + 렙업 2퍼로 103퍼 트라이하고싶은데 여기서 5퍼는 어떻게 올리는게 좋을까요? 도움 부탁드려요 닉네임 MyReina 입니다
2026-07-14,0,0,기타,라운지 챌섭으로 가입하고 스카 섭 거래 할수도 있나요?,메이풀 완전 처음이라 챌섭 가입해 키우고 이번에 거래해보려고 첼섭캐릭으로 라운지 가입했는데 스카 캐릭 만들고 스카섭캐릭우로 거래 가능해요? 스카섭에서 사서 첼섭으로 옮기려는데 라운지 닉(첼섭캐)이랑 다른 캐인데 되는지 안되는지요ㅜ
2026-07-14,0,0,기타,환산 사이트 보스 효율컷 관련 질문,직업은 레테 입니다!! 일퀘 끝나고 접속했을때는 하드 메이린이 96퍼 였는데 방금 전에 확인하니 90퍼로 되어있네요!! 오늘만 그런게 아니라 평소에도 종종이러는데 뭐땜에 그런걸까요??
2026-07-14,0,0,아이템,챌섭 챌린저 목표인데...,"100억정도 모아서 애완 미트라, 적당한 보조 사보려하는데 괜찮으려나요? M T G 언어를 감지 간다 갈리시아어 과라니 광둥어(번체) 구자라트어 그루지야어 그리스어 냥자 네덜란드어 네팔어 노르웨이어 다리어 덴마크어 도그리어 독일어 디베히어 라오어 라트비아어 라틴어 러시아어 로어 소르브어 루마니아어 룩셈부르크어 룬디 리투아니아어 링갈라어 마라티어 마리 마오리어 마이틸리 마케도니아어 말라가시어 말라얄람어 말레이어 메이테일론(마니푸리) 몰타어 몽골어 몽골어 (번체) 몽족 미얀마어 (버마어) 미조 바스크어 바시키르어 밤바라 베트남어 벨로루시어 벵골의 보스니아어 보즈푸리 불가리아어 사모아어 산스크리트어 세르비아어 세르비아어(라틴 문자) 세르비아어(키릴 자모) 세부아노 세소토어 세츠와나 세페디 소말리아어 송가 쇼나어 순다어 스와힐리어 스웨덴어 스코틀랜드 게일어 스페인어 슬로바키아어 슬로베니아어 신디어 신할라어 아랍어 아르메니아어 아삼어 아이마라어 아이슬란드어 아이티 프랑스 말 아일랜드어 아제르바이잔어 아프리칸스어 알바니아어 암양 암하라어 야쿠트어 어퍼 소르브어 에스토니아어 에스페란토 말 영어 영어 영국 오디아어(오리야어) 오로모어 요루바어 우드무르트어 우르두어 우즈베크어 우즈베크어(키릴 자모) 우크라이나어 웨일즈어 위구르어 유카텍 마야 이그보어 이누이나크툰 이누이트어 이누이트어(라틴 문자) 이디시어 이모티콘 이탈리아어 인도네시아어 일로카노 일본어 자바어 줄루어 중국어(간체) 중국어(문학) 중국어(번체) 체와어 체코어 추바시 카자흐어 카자흐어(라틴 문자) 카탈로니아어 칸나다어 케르타로 오토미 케추아어 코르시카어 코사어 콘칸어 쿠르드어(쿠르만지) 쿠르드어(소라니어) 크로아티아어 크리오 크메르어 클링온어(라틴 문자) 키냐르완다어 키르기스어 타갈로그어 타갈로그어 타밀어 타직어 타타르어 타히티어 태국어 터키어 텔루구어 통가어 투르크멘어 트위(Twi) 티그리냐어 티베트어 파슈토어 파피아멘토 펀자브어 페로어 페르시아어 포르투갈어(브라질) 포르투갈어(포르투갈) 폴란드어 프랑스어 프랑스어(캐나다) 프리지아어 피지어 핀란드어 하와이 사람 하우사어 한국어 헝가리어 히브리어 힌디어 힐 마리 한국어 -------- [ 모든 ] -------- 간다 갈리시아어 과라니 광둥어(번체) 구자라트어 그루지야어 그리스어 냥자 네덜란드어 네팔어 노르웨이어 다리어 덴마크어 도그리어 독일어 디베히어 라오어 라트비아어 라틴어 러시아어 로어 소르브어 루마니아어 룩셈부르크어 룬디 리투아니아어 링갈라어 마라티어 마리 마오리어 마이틸리 마케도니아어 말라가시어 말라얄람어 말레이어 메이테일론(마니푸리) 몰타어 몽골어 몽골어 (번체) 몽족 미얀마어 (버마어) 미조 바스크어 바시키르어 밤바라 베트남어 벨로루시어 벵골의 보스니아어 보즈푸리 불가리아어 사모아어 산스크리트어 세르비아어 세르비아어(라틴 문자) 세르비아어(키릴 자모) 세부아노 세소토어 세츠와나 세페디 소말리아어 송가 쇼나어 순다어 스와힐리어 스웨덴어 스코틀랜드 게일어 스페인어 슬로바키아어 슬로베니아어 신디어 신할라어 아랍어 아르메니아어 아삼어 아이마라어 아이슬란드어 아이티 프랑스 말 아일랜드어 아제르바이잔어 아프리칸스어 알바니아어 암양 암하라어 야쿠트어 어퍼 소르브어 에스토니아어 에스페란토 말 영어 영어 영국 오디아어(오리야어) 오로모어 요루바어 우드무르트어 우르두어 우즈베크어 우즈베크어(키릴 자모) 우크라이나어 웨일즈어 위구르어 유카텍 마야 이그보어 이누이나크툰 이누이트어 이누이트어(라틴 문자) 이디시어 이모티콘 이탈리아어 인도네시아어 일로카노 일본어 자바어 줄루어 중국어(간체) 중국어(문학) 중국어(번체) 체와어 체코어 추바시 카자흐어 카자흐어(라틴 문자) 카탈로니아어 칸나다어 케르타로 오토미 케추아어 코르시카어 코사어 콘칸어 쿠르드어(쿠르만지) 쿠르드어(소라니어) 크로아티아어 크리오 크메르어 클링온어(라틴 문자) 키냐르완다어 키르기스어 타갈로그어 타갈로그어 타밀어 타직어 타타르어 타히티어 태국어 터키어 텔루구어 통가어 투르크멘어 트위(Twi) 티그리냐어 티베트어 파슈토어 파피아멘토 펀자브어 페로어 페르시아어 포르투갈어(브라질) 포르투갈어(포르투갈) 폴란드어 프랑스어 프랑스어(캐나다) 프리지아어 피지어 핀란드어 하와이 사람 하우사어 한국어 헝가리어 히브리어 힌디어 힐 마리 음성 기능은 200자로 제한됨 옵션 : 역사 : 도와주세요 : Donate 닫기"
2026-07-14,0,0,아이템,챌섭 뉴비 스펙업 뭐해야 하나요?,"챌섭 뉴비입니다. 다음주에는 꼭 하드메이린까지 잡고싶은데 현재 도미, 마이링, 이벤링 에디 레어1줄, 다음주 에픽1.5줄 이상 할 예정입니다. 담주에 랩업해서 284에 보약으로 보공10%, 방무5% 확정 스펙업 가능하고 위에 말한 3부위 에디 2줄로 계산 했을 때 하드메이린 배율 105퍼 나옵니다. 110퍼는 되어야 잡을 수 있을 것 같은데 스펙업 더 할 수 있는 방법이 있을까요? (템을 아예 교체하는 건 여건상 불가능 할 듯 합니다.) [이미지]"
2026-07-13,0,0,아이템,"레테 기본 헤어,성형 캐시샵에 안파나요??",하 ㅅ ㅂ...뷰티룸 저장 실수로 날려버렸는데 캐시샵에 안파나요? 이제 못하나요? ㅠㅠㅠㅠ
2026-07-13,0,0,몬스터,검마 3페 질문,썬콜 처음 검마 하는 뉴비인데요 3페 극딜할때 버프쓰고 극딜 키다운 하면 끝에 뺨맞는데 1.보통 버프쓰고 뺨 한번보고 극딜하나요? 쿨타임이 밀려요? 2. 버프쓰고 무적기 쓰고 극딜하나요? 3. 극딜 키다운도중 의지가 써지나요? 4. 검마가 자리에서 움직이면 쿨타임 박자 상관없이 뺨을 치나요? 극딜 버프랑 스킬 쿨이 뒤죽박죽되서 겨우겨우 4페에 1~3목숨 가져가도 죽거나 시간이 초과되요 팁있으시면 알려주세요
2026-07-13,0,0,기타,레떼 헥사 질문,이대로 써도대나여 ? [이미지] [이미지]
2026-07-13,0,0,기타,뉴비 이 캐릭터 버려야하는지 고민입니다..,"273렙이고 저번챌섭때 키운거라 기본보장세트있습니다. 무기,방어구 아무것도 없고 엠블렘하나있어유 이거 보스돌이로 키워서 메소를 모아놓을지 아니면 그냥 유기하고 챌섭캐로 재획해서 이번겨울 챌섭을 노리는게 맞는지 고민입니다."
2026-07-13,0,0,아이템,프펫공 vs 그냥 주문서,프펫공이랑 그냥 펫장비 주문서랑 차이가 클까요? 코인샵 가격차이가 좀 나서 여쭤봐요!
2026-07-13,0,0,기타,컴알못 질문드려도 될까요... (부품 교체),"CPU : 라이젠5 2600 M/B : A320M RAM : 8GB x 2 GPU : 1660 6GB 복귀 유저인데 하루에 2소재 정도 하는데 주말에 사냥터 10명 풀로 차거나 보스할 때 버벅거림이 심하네요.. 예전에 메이플 할 때는 괜찮았는데 ㅠㅠ CPU 2600에서 5600으로 변경하면 의미있는 투자가 될까요.. 타게임은 안 하고 가끔 늦게 업무 처리할 거 있음 여러 창 띄우고 작업하는 정도? 업체에 문의하니 교체, bios업뎃까지 21만원이고, 오래된 부품 교체 시 CPU 고정핀 파손 시 책임없는걸로 답변왔네요"
2026-07-13,0,0,직업,재획 보다 주보돌이 선호하시는 메린이분 계신가요?,사냥 하는것보다 주보돌이 선호하시는 메린이 분들 계신가요?? 혹시 그렇다면 몇캐릭을 어디보스까지 돌리시는지 궁금합니다!
2026-07-13,0,0,몬스터,270 드메 62/63 사냥,30분에 대충 3000만원? 정도 벌리는거 같은데 이게 정상인가요? 먼가 놓치고 있는것만같은 느낌이들어서잉
2026-07-13,0,0,아이템,메린이 템진단 한번부탁드립니다.,"안녕하세요. 선배님들, 메린이 템 진단한번만 부탁드리겠습니다. 너무 재밌어서 검마 잡고나서 다음주 해방예정인데 150억정도 있는데 우선맞춰야할 템이 감이안잡혀서요. 유튜브나 공략게시판보고 맞춰나가고있긴한데 어떤글은 미트라를 맞추는게좋다 다른 공략글은 미트라비싸다라는 의견이 너무 많이 갈려서요.. 가장 우선시 맞춰야할 템이어떤걸까요. 메린이 템이 허졉하지만 조언부탁드립니다.."
2026-07-13,0,0,아이템,무기 방마보 미트라 방마마,블큐남는거 어디에던질까요 무기는 40 9 35 미트라는 40 9 9입니다
2026-07-13,0,0,아이템,챌뉴비 방어구 질문드려요!,"아버 끝날때를 대비하는것과 챌 달성을 목표로 템 계획을 짜고 있습니다 인벤글도 많이 보고 유튜브도 보면서 공부해보니 4에테 5아케인 이렇게 가라고 하는 말이 많더라고요 여기서 궁금한게 부위에 따라 추천되는 장비가 대충 정해져있는것 같던데 맞나요? 예를 들어 (모상하 에테), (장신견망 아케인) 이렇게요 이것처럼 안해도 세트효과 개수만 맞으면 상관 없는건가요? 아니면 정해져 있는 이유가 있는건가요? 또 쿨뚝과 크장갑은 에테로가든 아케인으로 가든 상관없는건가요?? 7부위 선택을 해서 하나씩 구매하려고 하니 잘 모르겠어서 질문드립니다!"
2026-07-13,0,0,아이템,복귀뉴비 5석펫 개오바겠죠?,이번 챌섭으로 복귀했어요 20만원 정도 현질해서 드/메 80/100 정도 맞추고 메제까지 사냥한지 한 2주 정도 된거같은데 일단은 챌섭 공짜석펫 + 피방석펫으로 2석펫 끼고 사냥중입니다 근데 여기서 3석펫 더맞추려면 100만원이라.. 뉘집 개이름도 아니고.. 진지하게 사고싶어진거면 대가리 깨진거겠죠? 스펙업에는 현금쓰진 않고 재획하면서 번거 투자한거라 그렇게 많이는 안썼고 하드세렌정도 잡는 배율까지 왔네요
2026-07-13,0,0,몬스터,천천히 챌 가려하는 뉴비 검마 질문,검마 배율 150이라 머리박다가 도저히 내 능력으로 못하겠는데 3가지 중에 뭘 선택해야 할까요 1. 2주 뒤에 검밑솔로 해방하고 검마 솔플하기 2. 2인격 구해서 같이 깨고 다음주에 해방하기 3. 그냥 계속 머리박아서 깰때까지 트라이하기
2026-07-13,0,0,아이템,칼리 챌 목표인데 보조 이거 93.5억 어떤가요,관세포함 93.5억인데 [이미지] 현재 템셋 이런데 여기서 보조 바꾸고 뭐 바꿔야 챌 가능 할까욘 지금 282렙기준 83퍼 나오는데
2026-07-13,0,0,아이템,메린이 하드 메이린 템셋 질문있습니다,"저번주 수요일 메이플 시작해서 첼섭에서 레테키우고있는데 목표는 하드메이린 소울얻는건데 지금 스펙업 뭐부터해야하나요? 1. 지금 하루에 30분 재획 8번씩 하고있습니다 30분마다 5천만메소는 버는것같아요 메소, 젬, 조각, 심볼은 창고에 모아두고있어요 2. 패스란 패스는 전부 구매했습니다 (제네시스 플러스 패스? 제외) 3. 현질은 더이상 안할것같아요 (자석펫에 크게 화상입음 ㅜㅜ) 해야한다면 추천하는 이유 있으면 고민해보겠습니다. [이미지] [이미지] [이미지]"
2026-07-13,0,0,아이템,메린이 노적자 템셋 가이드 해주실 (글삭안함!),"[이미지] [이미지] 챌린저 이제 막 찍었고 hexa 4.54 칼리입니다 이 캐릭터가 본캐고 당장 목표는 노칼 노적자라인입니다 이후 목표는 익스우 노흉이고 꾸준히 스펙업할 예정이에요 사냥쪽은 1석펫, 드메 100/100 이고 하루 1재 이상합니다 주보 수익은 이 캐릭 포함해서 40억 정도 됩니다 어떤 템을 맞춰야 할까요? 문신도 상관 없습니다"
2026-07-13,0,0,아이템,코디충의 희대의 자석펫 고민입니다.,"현재 쁘띠 네즈코, 칸타빌레, 마주르카, 초록버섯 소유 중이라 5석이나 6석을 가려고 하는데요. 5기는 제가 가장 기다렸던 기수이기도 하고 외형도 그만큼 맘에 들어서 애정하고 있습니다. 하지만 4석 이상이 가능해진 지금 고민에 빠졌습니다. 귀칼 나머지 2마리를 사서 6석을 갈지 아니면 최애를 따라 쁘띠 타임만 마저 사서 5석으로 지낼지 현재 템환 7.6만에 헥환 6.6만 (사냥을 그닥 많이 안하긴 했었습니다.)인데 미래를 보고 6석을 가는게 맞을지.. 한정인건 덤이고요. 혹은 펫도 코디인 나에게 최애펫을 세워둬야 할지.. 가격은 두 경우가 차이가 별로 안 나다보니 이런 고민이 생기네요 Q 제목: 자석펫 (종료) 최대 1개 선택 가능 참가자: 5 명 (무기명) 26.08.01 19:15:59 마감 득표순 답변순 최애 낀 5석 (80%, 4표) 한정이지만 취향 아닌 6석 (20%, 1표) 투표가 종료되었습니다."
2026-07-13,0,0,아이템,챌섭 뉴비 프펫공 프악공 질문,프악공이랑 프펫공 사려는데 보스코인샵에서 사는게 정배인가요..?
2026-07-13,0,0,직업,챌린저 못달거같은데 본섭생성하는게나아요?,챌섭에서 블래만들고 아버비욘드 다해버려서 레테하고싶으면 본섭에서만들고 제네패스만하는게낫나여? 그래도 시간없어서 해방못하려나요?
2026-07-13,0,0,아이템,메린이 도움!!,"방금 메이린 뚜까 패서 레잠 받았습니다. 4만점 보상 레잠은 제네무기에 바르면 되는데 하나를 어디에 써야할지가 애매해서 질문드립니당 1. 돈 열심히 모아서 미트라에 바르기 -> 지금 엠블이 나쁘지 않아서 고민중 2. 하트에 바르기 -> 하트도 유잠을 발라서 손해보는 기분,, 3. 블랙보조에 바르기 -> 지금 보조도 쓰레기고 잡레전광휘가 18억 이상이라서 고민중 목표: 하드 메이린 잡기!! [이미지] [이미지] [이미지] Q 제목: 어디바를까용 (종료) 최대 2개 선택 가능 참가자: 14 명 (무기명) 26.07.14 17:05:59 마감 득표순 답변순 블랙보조 ㄱㄱ (43.8%, 7표) 하트 ㄱㄱ (31.3%, 5표) 미트라 ㄱㄱ (18.8%, 3표) 노답이네 (6.3%, 1표) 투표가 종료되었습니다."
2026-07-13,0,0,아이템,메린이 챌섭 아델 보조무기 질문,다음 주 되면은 30억 메소쯤 모일 것 같아서 윗잠 레전 보조무기 사려는데 환산이 3.7로 낮을때는 공공 or 보공 or 보보 둘 중 뭘 사든 똑같나요??
2026-07-13,0,0,아이템,잠재 더 돌리는게 나을까요?,"챌섭에서 캡틴 키우고 있고, 제네 무기 윗잠 돌렸는데 정말 감사하게도 이탈옵이 나왔습니다 다만 이거 이외에도 보조무기, 엠블렘 다 공격력 옵션이라.. 보조무기는 블랙 끼고 있어서 나중에 바꿀 생각이긴한데 지금꺼 더 돌릴지 아니면 나중에 보공 2개, 혹은 3개 붙어있는 보조 사는게 나을지 메고수분들 조언 듣고자합니다.. [이미지]"
2026-07-13,0,0,기타,형들 제네스킬 이거 언제 쓰는거여?,창조는 언제 쓰는거? 10초 안에 스킬끄면 뭐 1500퍼 데미지 준다고는 적혀있는데 언제 써야하나 해서ㅠㅠ 그냥 무적기 처럼 활용하는건지 딜 사이클안에 넣어야하는건지 모르겠어 파괴도 온오프던데 보스 들어가기전에 키고 들어가는건가...?
2026-07-13,0,0,아이템,뉴비 챌섭 자석펫 팔기 vs 쓰기,"이번에 복귀한 뉴비 질문있어요 본섭에 자석펫 카이 한개 있고 재획은 하루 2~4소재정도 하고있어요 무료 자석펫이 끝나니 이번기수 한마리를 구할지, 아니면 리프할때를 대비해 카이랑 같은 기수를 구매할지 그것도 아니라면 그냥 일반펫으로 버티고 스펙업을 할지 고민입니다. 누비에게 슨배님들의 따땃한 조언 부탁드려오"
2026-07-13,0,0,몬스터,8일만 더 일퀘하면 심볼 만렙인데,심볼뻥 받으면 이번달 안에 검마 혼자 잡을만할까요? 심볼 만렙 얼마 안 남아서 5렙 심볼 안 주는 285지역 어센틱에 쓰려고 선택 심볼은 아껴놓는 중이에요. 해방은 검마를 3인 이상으로 잡으면 23일 해방 안잡아도 30일 해방이긴 한데 해방하고 잠재돌려서 하루만에 검마 잡는건 현실성이 없겠죠?
2026-07-13,0,0,시세,메이플 옥션 메포머임?,오랜만에 들어왔는데 다른 서버 아이템 구매하려면 10메포씩 드나봐요?? 펫이 다른 서버꺼가 싸서 그런데 메포도 이럴때 쓰려고 충전해야함? 스카니아 기준 1400만원인데 다른 서버꺼 메포 10원 주고 사면 10만원임
2026-07-13,0,0,기타,메이플 보호모드 해제 시간 및 보상수령 가능한지 궁금합니다.,"제목과 동일합니다. 1. 오늘 새벽 2시까지 본섭 재획하고 11시에 로그인하니까 갑자기 뜬금없이 보호 모드 상태였음. 2. 홈페이지 방문, [ 카드 인증 ] OR [ 주민 등록 초본 인증] 선택지 2개. 3. 카드 인증 확인 -> 하나, 국민 막힘. 4. 주민 등록 초본 팩스 보내고 1:1문의 등록. ( 12시 17분 ) 5. 문의 내용에 로그인ID 이메일 도메인 안 적어서 문의 [접수] 상태여서 문의 취소 후, 로그인 ID 수정해서 다시 문의. ( 14시 07분 ) 6. 글 작성 기준 16시 03분 현재까지 문의 처리 상태 [ 접수 ]임. 7. 메이플 보호모드 주민등록 초본 인증시, 해제까지 보통 얼마나 걸리는지 궁금합니다. 만약, 월, 화, 수요일에 안 풀리고 목요일에 풀리면 못 돌은 에픽 던전 관련해서 보상 받을 수 있는지도 궁금합니다. 수정) 16시 15분에 [ 처리중 ] 으로 바뀜. 16시 21분에 접속 시도해보니 보호모드 해제완료. (16:22)"
2026-07-13,0,0,아이템,메린이 아이템 구매 질문입니다,기본벨트에서 바꿀려고하는데 자쿰 17강 유니크21퍼센틉주스텟붙은 벨트 15억에 사도되나요?
2026-07-13,0,0,아이템,챌섭 템세팅과 챌린저스펙업 고민입니다,[이미지] [이미지] [이미지] [이미지] 행님들 메린이 챌섭 챌린저를 달고싶은데 이지카링에서 막혀부렸슴다 다음 스펙업과 템세팅좀 알려주세요 ㅠㅠ 사진은 현상태입니다 헥사는 3렙까지 다 뚫어놨습니다 메소는 50억뿐이어서 보조나 미트라 살 순 있을까요..?
2026-07-13,0,0,아이템,메린이 케릭터생성제한,궁성비 받아서 유니온케 만들려고 보니 케릭생성칸이없더라구요 웰컴 패키지 에있길래 챌섭 챌린지 도전하는김에 샀더니 본섭에서 케릭을 하루에 3케릭만 만들수있다는걸 몰랐습니다 이경우 챌린저 도전하는케릭 외 다른케 에다가 케릭터슬롯 확장권 주고 먼저 리프시켜놓고 사용하면될까요?? 궁성비 아직안받앗는데 혹시 유효기간? 얼마나될까요??
2026-07-13,0,0,아이템,9만초반 데티까지 템진로 상담,"시드링 5렙 2개 심볼 만렙 두개 레벨은 288 지금 9만 2천쯤 나오는데 18성 쌍레5줄10칠흑 카룻앱솔22+23 5줄 세팅입니다 칠흑 22성 카룻 -> 에테22 , 앱솔 -> 22아케 쌍레면 데티해방가능할까요 ?"
2026-07-13,0,0,아이템,템셋 계획 알려줄 분!!! 2만 이니 드려요!!!!,꾸준히 달에 30 정도는 현질 계획 있습니다!!!
2026-07-13,0,0,아이템,챌섭에서 석펫 사서 재획 vs 본섭에서 풀드메템으로 재획,챌린저 노리려는데 곧 무료 자석펫 기간도 다 되서 석펫을 사야하는 상황에서 챌섭에서 석펫 사가지고 재획 vs 석펫이랑 드메템 있는 본섭에서 재획해가지고 번 메소 챌섭에 몰아주기 뭘 고를것같나요 요즘 석펫이 값 비싸서 손이 떨리는데 조언 좀
2026-07-13,0,0,아이템,캐시아이템 질문드립니다.,"캐샵에 있는 무기중에 마이크를 쓰고싶은데 보니까 두손검, 등등 해서 뭐 이런무기에만 되더라고요. 저는 일리움인데 그럼 마이크를 쓸수 있는 방법이 있을까요?"
2026-07-13,0,0,기타,원래 명의이전을 해도 하버맥스 갱신이 안되나요?,"동생이랑 급식때 만든 어머니 명의로 된 계정을 2개 만들어서 각각 하나씩 쓰고 있었습니다 처음에 동생이 하버맥스를 만들고 명의이전을 진행했습니다 다음에 제가 하버맥스를 만드려고 하니 이미 동생이 생성했던 탓인지 하버맥스 생성이 안되더라구요 그래서 문의를 남겼는데 일주일 기다려서 명의당 하나라는 매크로답변만 받았습니다 제가 궁금한게 동생이 어머니 명의로 하버맥스를 생성한 것은 맞는데 그 이후로 본인 명의로 이전을 진행했는데도 생성이 안 되는 것이 맞는 건가요? 현재를 기준으로 했을때 결국 어머니 명의에 하버맥스 캐릭이 0개 아닌가요? 만약에 생성이 안 된다고 한다면, 제가 제 명의로 다시 명의이전을 진행한다면 하버맥스 생성이 가능할까요? 동일 문제를 겪으신 분들의 조언 부탁드리겠습니다 ㅜㅜ"
2026-07-13,0,0,아이템,템셋계획좀 봐주실수 있을까요??,지금 환산이 34200이에요 목표는 하드메이린 격파랑 벨로나는 잡으면 좋고 안잡으면 조금 많이 아쉽고 마는거고 레벨은 285까지는 무조건 생각하고 있어요 담주에 해방인데 제네무기옵션은 카레잠 에디유잠이랑 지금까지 모은큐브+제네플러스코인샵써서 윗잠 두줄이상 뽑고 아랫잠은 에픽쓰다가 미라클하면 메소로 레전 등업해서 큐브로 옵션 뽑을거에요 만약에 안하면 그냥 유닠 두줄로 만족할거구요 ​보조는 가격 좀 내려가면 사고 여명이랑 보장은 전부 보스드랍큐브써서 이벤트 끝나기전까지 ​​윗잠15에 에디1.5줄 이상 뽑아보고 못뽑으면 챌섭 코인샵거 써서 뽑을거에요 별은 전부 17아니면 15인데 이건 샤타때 돌릴려구요 신망장견은 앜셰갈건데 ​크주장갑은 그냥 사고 신망견은 제네무기 옵션띄우고 코인 많이 남으면 카레잠사서 옵션띄우고 코인 많이 없으면 카유잠사서 실버큐브로 옵션띄우려고 합니다 그리고 운좋게 레전간 하트랑 이벤링하나가 윗잠이 12 6인데 이건 위에있는거 다 하고 남는 큐브로 돌리는게 나을까요? 링전용큐브는 다썻어요.... 유튜브랑 환산 보면서 하고 있긴한데 일부는 확신이 안서서요... 지금 계획한거대로 하면 돈아끼고 코인도 아끼긴 할거같은데 대신에 스펙업 속도가 느려질거같네요.. 그래서 적당히 스펙업 속도도 챙길지 극한의 이득을 추구하는게 맞을지도 잘 모르겠어요 대충 계산해보니까 9월에 이벤트 끝나기 전까지 대충 350억정도 모이는데 이걸로 보조도 사고 장갑도사고 별도달고 미라클때 지르기도 하고 해야되니까 더 머리가 아파요 ㅠ 제가 너무 쓸데없는 생각이 많은걸까요...?
2026-07-13,0,0,아이템,템셋이나 스펙업가이드 알려주세요..,안녕하세요! 이번에 챌2에서 윈브를 키우고 있는데 지금 여기서 스펙업을 어떻게하면 좋을지 잘 모르고 고민중이어서 한번 다른분들에게 여쭤보고 싶어서 글 올립니다. 샤타포스떄 파풀마18성3연속 터진뒤로 고민했었는데 이제 정해야할것 같아서요. 미트라를 사서 작을할지 아님 다른장비 스타포스나 에디작을할지 고민중입니다.. 일단 지금 50억정도는 들고 있습니다. 혹시 그외 방향이 있을까요?? [이미지] [이미지]
2026-07-13,0,0,아이템,템셋 질문이에요!,지금 벨트 보장셋 주던거 골클벨쓰고있어요 제논인데 잠재가 럭 12퍼라서 담주쯤에 분자벨같은거로 바꿀까요? 17성주문서랑 코인샾 카유잠쓰고 업할까 고민이에요 그리고 에디에잠 플라즈마 하트에 써도 괜찮을까요 장신구는 17여명 유 레 입니다 제논이라 보조 교불 블랙 유 레에요
2026-07-13,0,0,아이템,제가 23일에 해방을 하게 되는데,현재 윗잠 큐브는 챌섭 코인 큐브 포함 141개 있고 아랫잠 큐브는 87개 있는데 현재 제가 아랫잠 등업이 74/214 인데 일단 아랫잠 레전 등업 먼저 하고 큐브 쓰는게 맞으려나요? 제네 플러스 주화는 뭐로 사야 할지 알려주시면 감사하겠습니다 ㅠㅠ
2026-07-13,0,0,아이템,하드 메이린 잡고싶은 뉴비 템셋 조언 부탁드립니다.,안녕하세요. 하드 메이린 잡고 싶은 메린이 입니다. 앞으로 템은 어떻게 셋팅해가면 될까요? 투자 메소는 대략 100~150억 내외로 생각하고 있습니다. 헥사는 2렙까지 열었습니다. [이미지] [이미지]
2026-07-13,0,0,기타,메고수님들 진짜 조언 한 번만요 ㅠㅠ,18성 여명 레전 둘둘인데 드메 껴있는 잡옵이에요. 여기에 이벤트 블랙큐브 사용하고 해방무기는 대적자큐브로만 사용해도 괜찮을까요?
2026-07-13,0,0,아이템,이런건 요즘 얼마 하나요?,데브 27퍼에 추옵이 인트 148급 나오는데 추옵 가격 받을 수 있는건가요?
2026-07-13,0,0,시세,크뎀장갑 질문,아케인 크뎀1줄에 /주스탯 한줄장갑 얼마정도에 사와야하나여 노작기준인데 가격이 많이 오른거 같아서..
2026-07-13,0,0,기타,이번주 목요일,이번 라방할 때 다음 이벤트도 알려주나요?? 250비약으로 본섭에서 캐릭 키우려고 하는데 혹시나 부스터 주면 부스터로 키우는게 더 나을 거 같아서요 목요일까지 기다려보고 하는게 좋을까요??
2026-07-13,0,0,기타,드메 셋 질문좀,지금 드메셋을 100/160 맞춘 상태임 285찍고 정팬버리고 쌍드 사서 풀드메 할려하는디 그리드? 그거는 따로 +20퍼라는대 다들 많이씀??? 필수면 쌍드를 한부위 더 구해야하나요???
2026-07-13,0,0,아이템,메린이입니다. 훈수를 부탁합니다.,"챌섭으로 복귀해서 소소하게 플레이하고 있는 유저입니다. 스펙업을 하려고 하는데, 어떤 순서로 가는게 좀 더 효율적일지 궁금합니다. 7보장 2여명이구요. 생각하고 있는 템 스펙업 순서는 각각 17성에 27~30%(20~30억 사이)로 맞추고 이후에 18성 혹은 그 이상으로 스타포스를 올릴 생각입니다. (되도록 직작 안할거고 상점에서 사서 쓸 생각입니다.) 1. 눈장 이거 블빈마나 파풀마 17성에 27~30% 정도 되는걸로 교체할 생각 2. 엠블은 미트라가 너무 비싼거같아서 당장 다른거 스펙업부터 할까합니다. 아니면 이벤 큐브로 천천히 올릴까도 생각중인데, 훈수바랍니다. 3. 리레3/컨센4로 반지 잘못받아서요.. 30억주고 리레4를 빨리 맞춰야할지 다른거 스펙업부터 하고 천천히 해야할지? 4. 이벤링은 드획20%힘9%입니다. 이거는 마이스터링 17성에 힘 27~30%정도로 바꿀 생각 5. 기타 등등 스펙업 순서 훈수를 주시면 최대한 따라해볼 생각입니다. 6. 드메템은 있어서 따로 구매 할 필요는 없을거같아요."
2026-07-13,0,0,아이템,안녕하세요 시즌4 복귀 유저 본섭 카데나 세팅 조언 주실 분,챌2 때 리프까지 마치고 접었다가 시즌4 다시 복귀한 유저인데요 이미 챌4는 마스터에 하메 가려고 챌 메소는 따로 벌고있는 상황이구요 본섭 내실 유기되어있던 카데나도 부캐 주보돌이로 만들려고 합니다. 유튜브 많이 찾아보니까 이적자돌이 정도로 만들고 싶은데 템셋을 어캐해야할지 잘 모르겠네요 챌섭케릭은 17-18 에테 둘둘로 이미 템셋 진로를 잡고있는지라 마스터 보상에 있는 모멘텀 18성 강화권 3장을 카데나에게 쓰려하는데 제가 생각둔 카데나 세팅은 상 하 모 에테 12성 + 아케인 장 견 망 신 18성인데 여기서 직작을 해야할까? 아케인 잠재는 모자 쿨뚝 장갑 크뎀 줘야할까? 그리고 에테 12면 직작을 해야하나? 아케인 어느 부위에 18성 주문서를 줘야하나? 가 너무 고민이에요 악세도 그냥 여명둘둘로 써도되나 이것저것 고민이 너무 많습니다.. 뉴비 도움 좀 주세요
2026-07-13,0,0,아이템,"18성 에테뚝상하, 22아케인장신망견 vs 18성 에테 풀셋",제곧내
2026-07-13,0,0,기타,하드 메이린 잡고 싶은데 어딜 스펙업 해야할까요?,안녕하세요. 슬슬 하드 메이린 트라이 각이 보이는데 어디를 올려야 가성비 있게 스펙업 할 수 있을지 질문 드려요. 현재 배율은 레벨업이 가까워 94.08% 나오고 목표는 100퍼정도로 만들고 싶습니다. 챌린저가 너무 달고 싶은데 어제 헥사3에 조각이 많이 들어가 메소가 없어(다시 건실하게 모으는 중) 메잘알 형님들의 가르침 부탁드립니다. 아래에 환산사이트 남겨보아요. [이미지]
2026-07-13,0,0,아이템,"뉴비 악세 뭐 사야되는지 알려줄 선생님,,","이번 챌섭 유입 응애에요 지금 끼고있는거구요 데브랑 가엔링 샀음! 17성 주문서는 앞으로 3개 남아있어요 이벤링 레잠은 1개 남았음 이번주부터 검밑솔 다 해서 7/30 제네무기나와요! 그럼 악세 하나씩 바꿔야될거같은데 현실적으로 뭐 바꾸는게 좋은지 알려주시면 감사하겠습니다. 뭐 18성이 좋은건 알고있습니다.. 이벤링 가지고있는거는 어웨이크 레전(메획) 테네 레전(드랍) 글로리온 레전(힘퍼) 이터널 유닉(힘퍼) 이상입니당,,"
2026-07-13,0,0,아이템,제네 패스 플러스 코인 어디에 쓰는 게 좋을까요?,추옵 2추 보공 12% 윗잠 보공 65% 공 9% 에디 21% 이런 상태인데 일단 심환불부터 사는 게 맞을까요?
2026-07-13,0,0,아이템,본섭 7만 중후반 주차 후 챌섭 갈아타는 게 맞을까요?,"현재 본섭 본캐는 7만 초반인데, 장신구 3부위가 아직 18성 유에입니다. 이걸 22성 레에로 맞추면 7만 중후반 정도는 될 것 같습니다. 그렇게 되면 지금 하고 있는 익스우 솔플, 노흉 2인뿐만 아니라 노카 약 110%, 노흉 약 120% 정도의 화력이 나와 최소컷 솔플도 가능할 것 같고, 추가로 림보나 익세 파티격까지도 바라볼 수 있을 것 같습니다. 다만 요즘 챌섭 캐릭이 더 재미있기도 하고, 제네무기 에공삼까지 가져와서 본캐를 아예 바꿀까 고민 중입니다. 이 상황이라면 일단 본섭 본캐 장신구 3부위를 마저 맞춰서 7만 중후반 정도에서 주차시키는 것이 맞을까요? 챌섭 캐릭은 현재 하드 메이린은 매주 솔플 가능한 스펙까지 올려둔 상태입니다. 그런데 요즘 전체적으로 템 시세가 많이 오른 것 같아서, 여기서는 장비를 더 구매하지 말고 헥사 강화만 꾸준히 진행하면서 기다리는 것이 나을지도 고민됩니다. 챌섭캐가 너무 약한 장신구 부위가 몇군데 있어서 잠재만 된 깡통 칠흑 부위 사서 맞추고 싶은 마음이 있어서 고민중입니다. 본섭 챌섭 합해서 매주 주간보스 수익인 90억 정도 나오는 것 같아요. 여러분이라면 어떤 선택을 하실 것 같나요?"
2026-07-13,0,0,직업,재업 / 듀블 279 이배율로 검마 원래 어려운게 맞음 ?,"비슷한 배율 나오는 렌으로는 클했고 챌섭 레테로도 클해봐서 패턴은 알고있음 근데 듀블 자체가 윗점 거지같고 텔슝좍이 아니라서 그런가 2,3페 데카 갈리는데 그냥 머리박치기가 답임 ?"
2026-07-13,0,0,아이템,메린이 챌린저 목표로 방향성 질문 드립니다.,"[이미지] [이미지] [이미지] [이미지] 현재 셋팅 상태이고 전투력 7천만 템환 4.5 헥환 3.7 정도 나옵니다. 장신구랑 이벤링은 지금 드메 한줄씩 껴있는 것들이 있습니다. 여기서 다담주면 해방을하게 되는데 대적자 코인으로 해방무기를 만지고 마스터로 달성한 블랙큐브를 장신구에 좀 써서 주스텟을 올릴까 하는데, 이렇게 해도 괜찮을까요? 평일에 2소재, 채집하고 금요일이나 주말은 1-3소재 정도 합니다. 인벤트 골큐브랑 에메 블랙큐는 사용 했습니다..."
2026-07-13,0,0,직업,안녕하세요 뉴비입니다 하버 렌 280까지 키웠는데 레테,"레테도 키우고 싶은데,, 아버 하버 없으니까 레테 한 아르카니 까진 보냈는데 렙업이랑 템이 어려운 거 같아요 ㅠㅠ 레벨업도 문제고 더 높은 곳 가도 딜이 안 나올 거 같아서 템도 맞춰야 할 거 같은데 ㅠㅠ 레테 육성 보상 받았던 것도 아까워서 계속 키우고 싶은데 어떻게 하는 게 가장 좋을지 모르겠어요"
2026-07-13,0,0,아이템,솔 에르다 어따 써?,조각은 부족하고 에르다는 넘치는데 걍 부스터로 사용하면 됨? 그 외 사용처는 스킬강화말곤 없지??
2026-07-13,0,0,아이템,스펙업 진로 봐주실분!!,스펙업 진로 봐주실 메짱형님 계십니까? 9~10만 목표입니다!! [이미지] [이미지] [이미지] [이미지]
2026-07-13,0,0,아이템,메린이 스펙업 방향성 질문드립니다,[이미지] [이미지] [이미지] 현재 템환 5.3 헥환 4.3 입니다 우선 챌썹 목표는 하드메이린이고 좀 더 가면 노칼 정도까지 생각중입니다 본캐+챌썹 합치면 주에 52억 정도씩 벌리는데 템셋팅 방향성 좀 문의드립니다 우선 생각중인건 1. 18도미 21~24퍼 약 50~60억 2. 컨티 4렙 관세포함 40억 인데 도미 가격이 너무 비싸서 꼭 가야되는지 고민이고 저 두개 이후에는 뭐부터 사야할지 잘 모르겠습니다ㅠㅠ
2026-07-13,0,0,아이템,[메린이]100억 스펙업 궁금합니다.,"[이미지] [이미지] [이미지] 현재 100억정도 모았는데 여기서 어떤걸 우선적으로 스펙업해줘야할까요? 레벨 282, 헥사환산 41,800 입니다!!"
2026-07-13,0,0,아이템,템세팅 질문(무자본),"듀블로 하버하다가 너무 재미없어서 배메로 돌렸더니 아버가 없어져서 그냥 바닥부터 다시 맞춰야되는 사람임 현질은 10만원정도 해서 무기랑 엠블렘만 살 생각임 나머지는 천천히 맞춰갈 생각인데 일단 테라버닝 카루타장비 쓰고있고 장신구는 이벤트 이용해서 여명 17성에 15퍼정도만 달건데 방어구를 5앱쓸지 5앜쓸지가 고민됨..어느쪽으로 가든 돈이 아예 없어서 전부 70퍼떡작에 6퍼 10성 맞춰놓고 메소모을때마다 하나씩 업그레이드할건데 5앱이랑 5카중에 뭐가 더 가성비일까?? Q 제목: 골라줭 (종료) 최대 1개 선택 가능 참가자: 11 명 26.07.14 01:40:59 마감 득표순 답변순 5앜 (36.4%, 4표) 메접 (36.4%, 4표) 5앱 (27.3%, 3표) 투표가 종료되었습니다."
2026-07-13,0,0,직업,메린이 스펙업 질문,"[이미지] 매몰 신경쓰지 않고 헥사 강화하고 있는 레테 메린이입니다. 하드메이린을 목표로 하고 있는데 헥사 강화를 어디까지 해야할지, 헥사 강화를 멈추고 아이템을 사야할지 앞으로 스펙업 방향에 대한 고수님들의 의견을 듣고 싶습니다!! 무기는 보공 35퍼 두줄, 보조도 35퍼 두줄, 엠블은 마력 24퍼 주스탯 6퍼입니다! 헥환은 4.0정도 됩니다"
2026-07-13,0,0,아이템,스펙업 방향성 여쭤보고 싶습니다,"[이미지] [이미지] 현재 하드메이린 목표이고, 길게는 익스우 2인격~솔플까지 보고 있습니드 지금 악세가 3여명 4칠흑이고 목걸이 귀걸이가 빈 상태라 5칠흑 올릴 때 고근 vs 커포 직작을 고민하고 있습니다... 커포를 다들 후순위로 미루는 경향이 있던데 지금 같이 템이 빈 상태에서는 나쁘지 않은 선택이 되련지 궁금합니다.. 그리고 두 부위 제외하고는 어느정도 템이 완성되었다 생각하는데 아직 조각 사용량이 1000개 밖에 되지 않아 메이린 컷이 80퍼 대에 머무르고 있네요... 헥사 3까지 떡작을 해둔 상태로 템환 5.5에 헥환 4.4정도입니다 아니면 무보엠이 너무 약한걸까요? 전반적인 조언 부탁드리겠습니다 감사합니다"
2026-07-13,0,0,몬스터,원래 세렌 정신병자가만든 보스맞나요?,제가 트라이하다가 정신병걸릴거같은데 하드듄캘이랑 두마리 개초딩패턴으로 돈뽑아처먹을려고만든 보스같은데 제가 똥손인거임? 내가 똥손이라서 그러면 과감하게 남은거 팔아재끼고 접을꼐요 배율 170퍼입니다
2026-07-12,0,0,아이템,템셋 방향좀 잡아주실분 계신가요??,"[이미지] [이미지] 현재 챌린저 목표로 달리고 있습니다 지금 스펙업 하고 있는건 프악공작 코인 생길때마다 던지기 이정돈데 템을 뭐 맞추는게 좋을까요? 생각중인건 미트라,도미,마이링 이정도로 보고있어요"
2026-07-12,0,0,아이템,아버 끝나고 방어구,뉴비이고 본캐인데 이번에 18성 강화권 3장 주는거 아케인에 원래 견신망 쓰고 크뎀장갑을 사고 모자 상의 하의 에테 사서 천천히 올려보려고 했거든요?? 잠재는 유/에정도로... 근데 본캐이고 꾸준히 할 거면 전부다 에테 사는게 낫다는거 같은데 맞나요?? 전부 에테 사서 천천히 올리기 vs 아케인 쓰다가 팔고 돈 모이면 완제품 사기 뭐가 낫나요?? 에테 사면 노작사서 유니크/에픽 12성? 정도에서 샤타포스나 일요일 잠재등업 때 돈 모이는 만큼 눌러볼 것 같아요
2026-07-12,0,0,기타,오늘 헥사 스탯 먼저 올려도 되나요??,환산주스탯에 헥사코어 순서보면 아직 헥사스텟2는 좀 뒷 순위인데 오늘 떡작하기 좋은날이래서 미리 열어서 떡작해도 괜찮을까요? 재료는 다 있습니다.
2026-07-12,0,0,아이템,챌섭 템진로 선택 질문드립니다!,"70억으로 뭐가 나을까요? 현재 미트라엠블 1칠흑 , 4여명 18성 둘둘인뎁 18성 21퍼 도미/ 컨티4렙 둘다 구매 vs 고근 24퍼 깡통사서 17성 발라서 2칠흑 세트효과"
2026-07-12,0,0,기타,자석펫 4~5석펫 질문,다음주면 이벤트 자석펫이 끝나서 하나만 사려고 하는데 합니다 근데 4석펫은 3개 작용한 세트 예시:) 블러드3셋 + 블러드 2셋 이렇게 착용 가능한가요?
2026-07-12,0,0,아이템,어빌 23유효에 1줄 뽑기는 별론가요?,지금 보스코인 이번주 서큘에 이미썻고 23줄에 상추7 재사용8 있고 첫줄 보공뽑으려는데 서큘로 최대옵뽑고 다음 어빌반값에 첫줄 하는게 효율적인가요? 쓰고있는건 보공20 상추7 잡옵씁니다
2026-07-12,0,0,아이템,뉴비 챌린저까지 템세팅 질문!,"지금템은 이벤트 받은거에서 여명4개, 블빈마,마이링 등을 사거나 직작해서 18성 15퍼급 에디 1~1.5줄까지 맞췄구요 도미랑 벨트는 아직 준거 그대로 끼고있습니다 그래서 지금 당장은 골클벨이나 분자벨 사서 17성 바르고 유잠 유에잠 바르고 샤타때 18성만 달아줄 생각입니다 (이것도 둘 중 뭘 사야할지 고민이에요) 이후 챌린저스 월드 끝나기 전까지 400억정도 모을것 같은데 어디다 써야 좋을지 어려워서 여쭤봐요 모이는 메소로 제 생각에 첫번째로 18도미 잠재21~24퍼급 60~65억 , 두번째로 컨티링4렙 관세포함해서 40억 남은 300억 메소로 어디다 써야 효율이 좋을까요 제 생각엔 보조,미트라,장갑인거 같긴한데요 보조는 잠재 레레 마력2줄,에디 마력2줄 100~150억, 미트라는 유에 잠재 마력2줄, 에디마력1줄해서 130억 장갑은 아케인 크주 40억, 크주주 70~80억 정도 인거같습니다 경매장시세 이렇게 맞추는게 맞는지도 궁금하고 더 좋은 방법도 알고 싶어요!"
2026-07-12,0,0,시세,님들 지금 크크장갑 사면 바보임?,에테 크크장갑 어차피 가야되서 오늘 주흔 15퍼작 하기 딱 좋은날이라 사서 할라했는데 4일전이랑 거의 2~30억정도 비싸졌던데 정가가 얼마임? 뭔가 손해같아서 그냥 아케인 크크장갑이나 에테 크주 장갑도 생각중인데 그냥 기다리는게 맞나 모르겠네
2026-07-12,0,0,기타,몬파핸즈 챌섭 본섭 누구줄까요,본섭 297풀드랍 야누스30 챌섭 283 풀드랍 야누스30인데 누구해주는게 좋을까요 그리고 본섭이나 챌섭에서 따로했을때 수령은 다른서버에서 가능한가요?
2026-07-12,0,0,아이템,몬컬 보상 렙제...언제 생긴건가요?,제곧내입니다. 항상 제 시간에 받다가 시간을 놓쳤는데 사정이 있어서 렙낮은 캐릭터로 접속하고 나서야 알았네요...혹시 이것도 4월 16일날 패치된건가요? 몬컬 보상 수령 횟수에 대해 물었더니 어떤 분이 4월 16일날 패치됐었다고 하셨거든요
2026-07-12,0,0,기타,어빌리티 질문드립니다.,"패보상을 뽑아야 합니다 ! 현재 패시브랑 상추 8퍼센트인데, 유니크 보공이 제일 확률이 낮다는 글을 보아서, 유니크 보공 10퍼를 새로 뽑고 돌리는게 이득일까요? 아니면, 그냥 깡으로 여기서 두 줄 잠그고 돌리는게 이득일까요?"
2026-07-12,0,0,아이템,템셋 가이드좀,[이미지] [이미지] [이미지] [이미지] [이미지] [이미지] 이후에 어떻게 할 지 고민되는데 레에 보조를 살지 조각을 사서 2차 떡작을 해줄지 조언 부탁드립니더.
2026-07-12,0,0,기타,메애기 환산 검색관련질문(추적),제가찾고싶은사람이잇는데 메이플공홈 랭킹검색에선 검색이된달말이죠? 근데 메애기나 환산으로검색하면 안뜨는데 왜이런거죠? 정지일까싶어서 메이플 공지 1년까지 정지캐릭터명뒤져봤는데 안나오는데
2026-07-12,0,0,기타,부캐 생성 질문,하버 본섭에 써서 없으면 챌섭에 만들이유 없는거죠? 내실 없어서 힘들거 같은데
2026-07-12,0,0,아이템,챌린저 목표) 진로 설정 질문입니다.,"현재 환산 4.2 챌 3섭 레벨 283 썬콜 육성중입니다. 챌보스는 이지칼로스까지 잡아두었구 이적자 배율 150퍼 정도 나와서 다음주까지 잡을 목표입니다. 컨트롤이 딸려서 보스배율은 대부분 150%대로 클리어 했습니다 현재 진행예정인 스펙업은 보고계시는 장신구 전부 18성 및 에디 에픽 1.5줄 프악공 작까지 할 예정. 헥사는 공짜로주는 조각 및 피시방 조각까지 사용예정 (현재 헥사스텟 3까지는 모두 오픈 ,강화 완료했습니다.) 제네무기는 아랫잠은 더 욕심없이가고 윗잠 정옵 목표로 대적자 큐브 전부 던질 예정입니다. 지금 보조 엠블램이 미천하여 구매 예정인데 여기서 질문이 있습니다. 보조는 사먹는게 좋을것 같은데 지금은 시세가 너무 비싸다고하는데 정확하게는 잘 모르겠습니다. 최대한 다음미라클까지 돈 모으면서 기다리면서 윗잠 보방마 아랫잠 21퍼 급으로 사먹으려고 준비중이고 (현재 시세 정옵기준 보방마(약160) 보보마or보마마(약270억) 미트라는 다음미라클때 직작으로 쌍레만 띄워놓고 큐브 짬통으로 써야할지 아니면 미트라도 사먹을지 고민중입니다. 또한 미트라를 구매하면 2칠흑 받기위해 루컨마를 가라고하는데 4여명 빠지는게 좀 아쉬워서 차라리 고근이나 거공 노작구매후 유잠 에잠 발라서 사용하는건 어떨까요?? 형님들의 의견 경청 하겠습니다. 더 좋은 방향이나 효율적인 방향이 있다면 지도편달 부탁드립니다. [이미지] [이미지]"
2026-07-12,0,0,아이템,지금 미트라 거품이 얼마나 심한건가요???,공2줄짜리 80억정도 하던데 이걸 감안해서라도 사는게 나을까요?? 급하게 할 생각은 없는데 챌린저는 찍을꺼라 템은 맞춰주고 있습니다. 아니면 우선 돈 모이는데로 다른부위부터 맞추고 미트라는 나중에 사는게 나을까요???
2026-07-12,0,0,아이템,도박성공한 뉴비 질문있습니다,"비틱이라면 비틱이지만 자석펫 도박에성공했습니다 팔아서 150억 정도 벌었는데 여기서 질문이있습니다 150억중에 50억은 쌍메 구매해야된다고해서 구매했습니다 -하프이어링 메소 40% 여기서 질문 1. 100억으로 쌍메탬 1개, 드메템 1개 교가 사고 남은돈 스펙업 2. 100억전부 스펙업 가르쳐주세요"
2026-07-12,0,0,아이템,제네시스 패스 질문좀요,사려고 하는데요 뉴비입니다 4주정도 걸린다는데 보스 뭐뭐 잡아야 할까요 일주일에 일요일만 쉬어서 하는데요 사도 무기 받을수 있을까요??
2026-07-12,0,0,아이템,템세팅 진로 질문드립니다,"일단 현재는 4여명 놀긍떡작 15퍼 에디 2줄 사용중입니다. 아직 눈장식이랑 벨트랑 도미는 이벤트로 받은 걸 사용중입니다. 무기는 윗잠은 끝냈고 에디는 한줄이라 추후 미라클 노릴 계획입니다. 현 상황에서 시드링 컨티 4렙 업글할지, 나머지 부위 장신구 18퍼 2줄 정도로 경매장에서 살지, 아니라면 다른 것 중 뭘 먼저 하는 게 좋을지 질문드립니다."
2026-07-12,0,0,기타,뉴비 몇가지 질문좀 드려여,1. 7월16일 해방인에 해방전 검마 잡았는데 이러면 제네시스 패스 플러스 다음달부터 적용되나요? 2.아케인 심볼 다 만렙 찍었는데 아케인 일퀘 해야하나요? 3. 사냥 평일에는 30분~1시간 주말에는 2시간~4시간 정도 하는데 8월 끝나기 전에 285 찍을 수 있을까요? (지금 281렙)
2026-07-12,0,0,아이템,4칠흑 부위추천 부탁드립니다,현재 미트라 마도서로 2칠흑하고있는데요 4칠흑하려고 알아보고있습니다 18성 27퍼 정도 생각중이구요 지금 블빈마(18성 15퍼)에 피도미 끼고있는데 이 부위를 마깃 고근으로 갈아타는게 나을까요? 아니면 다른부위가 나을까요? 추천 부탁드립니다!
2026-07-12,0,0,기타,첼린저찍고 싶은데 메소앞으로 얼마나 더들어갈까요?,패스류는 다샀고 막바지에찍기만하면됩니다
2026-07-12,0,0,기타,챌섭 리프할때 한캐릭만 먼저 보낼수 있나요?,챌섭에 자석펫을 받았는데 본섭으로 먼저 옮겨주고 싶어요
2026-07-12,0,0,아이템,보마 스팩업 질문 (하드 메이린),현재 하드메이린 98%가량 나오는데 스팩업 아래중에 머하는게 좋을까요? 1. 플라즈마 하트 주흔 30%작 => 매지컬 완작 2. 컨티3랩 => 컨티4랩 3. 에테 장갑 스타포스 15성 => 17성 [이미지] [이미지]
2026-07-12,0,0,기타,자석펫 밥 자동으로 먹나요?,패치된 건지 몰라서요 ㅠ
2026-07-12,0,0,퀘스트,매그너스 파풀 길뚫 스킵방법 없나요 ㅠ,길뚫 한 적 없고 뭐 1시간이 걸린다해서 이거 꼭 다 완료해야 잡을 수 있나요
2026-07-12,0,0,기타,메린이 헥사 2 떡작 8 10 2 떴는데 잘뜬거맞죠?,메인스탯이 높을수록 좋다고 들었는데 잘뜬거 맞죠?
2026-07-12,0,0,아이템,환산 보조에 있는 크확 못읽나요?,인겜에선 보조에디크확땜 100퍼뜨는데 환산에선 보스세팅 최적화가도 크확을 더찍으라고하고 프리셋세팅하라고 환산도 안뜨네요
2026-07-12,0,0,아이템,제네무기 윗잠먼저 해야 할까요 아랫잠먼저 해야할까요,키네시스입니다 윗잠: 보공35 마력9 인9 아랫잠 인12 인9 마력9 감사합니다
2026-07-12,0,0,기타,스카니아? 엘리시움?,1. 스카니아 -맨땅 아무것도없즘!! 2. 엘리시움 작년에 유기한 렌 275 - 탬아무것도없음 렙만 275임!! 제로 260 은월 260 유니온 4000정도 (렌이벤트때한 200비약 20개썻음) 이번에 레테 해방하면서 본캐 레테로 인구많은데 가려고하는데 엘리시움 유기하고 스카니아 가도될까요 ?
2026-07-12,0,0,아이템,이벤트 블큐 제네무기vs방패,제네패스 플러스는 구매한 상황입니다. 이 경우 대적자 블큐말고 일반 이벤트 블큐는 제네무기와 방패 중 어느것에 던지는게 나을까요? 둘다 윗잠 레전 2줄입니다
2026-07-12,0,0,아이템,미트라 2칠흑 부위 질문,이미 미트라가 있어서 2칠흑만 맞춰볼까 하는데 마깃안은 별로인가요? 제가 아직 안 건드린 부위 딱 하나가 눈장식이라서... 이벤트로 준 도미나 코인샵 직작해서 쓰고있는 트왈마 자르고 루컨마나 고근으로 가는게 맞을까요?
2026-07-12,0,0,아이템,드랍템 사도 될까요?,"안녕하세요, 한 달에 10만원정도 과금하고 하루에 4시간정도 사냥하는 유저입니다. 현재 메획5줄 드랍1줄 쓰고 있는데 남는 장신구 부위에 드랍 1줄씩 맞출지 고민입니다. 챌섭 시세가 비싸다고 해서 드랍템을 살지 스펙업을 할지 조언 부탁드립니다."
2026-07-12,0,0,아이템,모자 윗잠 레전에서 쿨1초 나오기도 하나요?,윗잠 레전이면 무조건 2초 아니예요...? [이미지]
2026-07-12,0,0,아이템,자석펫 질문,1. 다들 5석펫 5석펫 하시는데 말그대로 자석펫이 5마리라는 건가여?? 2. 5석펫하면 뭐가 좋은건가여?? 3. 본섭에 완전 예전에 얻은 자석펫 한마리 있는데 사냥 안할거라면 한 마리만 있어도 상관없나여??
2026-07-12,0,0,직업,레테 메이플 뉴비 어빌리티 재설정 질문,"어빌 돌리다가 재사용 20퍼 보공 9퍼 띄웠는데 이거 두개 잠그고 유니크 상추뎀을 뽑아야 하나요 아님 다른 프리셋에서 유니크 보공, 상추뎀 띄우기를 해야되나요? 어빌포는 100만정도 남아있습니다!"
2026-07-12,0,0,아이템,미트라 낀 상태에서 2칠흑 고민,챌섭 스타트 때 미트라를 사둬서 2칠흑 갈까 고민중인데 아무래도 루컨마가 많이 저렴해서 할까 합니다. 다만 질문이 있는데 1. 27퍼 잠재 깡통 사서 17성 강화권 사용 후 샤타 때 18성으로 올리기 2. 가성비로 유닠 잠재 바르고 메멘토로 15퍼만 띄운 상태에서 17성으로만 쓰기 어떤게 괜찮을까요 아니면 루컨마 대신 마도서나 거공이라는 선택지도 괜찮을까요?
2026-07-12,0,0,기타,레테 2차 헥사스탯 질문,두번째 헥사스탯은 어떻게 설정해야하나요? 지금 첫번째 헥사스탯은 메인 보공 서브 주스탯 마력 이렇게 입니다
2026-07-12,0,0,아이템,카르마 블큐 사용처 질문,현재 장비 상황입니다 제네무기 35 30 9 블랙보조 35 30 9 똥블렘 9 9 플라즈마하트 유니크 9 6 뭔가 옵션들이 다 애매해서 이 상황에서 카르마 블큐 어디에 쓸지 고민인데 어디에 쓰는게 제일 현명할까요?
2026-07-12,0,0,아이템,크크올 크덱올 장갑,힘장갑 노리다가 떳는데 팔아야 할까요…? 매물 팔리는데 시간 걸린다는데 대체로 낄만한 템과 돈이 없어서 경매장 활용안하고 팔 방법이 고획홍보말고 있을까요??
2026-07-12,0,0,기타,뉴비 헥사스텟 질문있습니다,"스페셜선데이로 헥사스텟 찍었는데 자꾸 메인스텟이 아닌 부스텟?이 10레벨이 찍혔는데 초기화를 해야할까요..? [이미지] [이미지] 헥사 1,2 인데.. 메인이 10이 아니면 안되는거죠?? 직업은 캡틴이고 헥사스텟찍은건 환산주스텟 랭커들보고찍으라해서 찎었어요ㅜㅜ"
2026-07-12,0,0,아이템,복귀 유저 해방전 아케인 무기좀,"직업은 아크고 공공공 효율이 젤 좋다고 나오고 현재 환산2.5만 정도입니다 1.18성 20억 보공 30%공18퍼 아래18퍼 1추+보공15퍼 가위3회 2.17성 25억 공30퍼 아랫잠 공15퍼 힘6퍼 1추+뎀4퍼 가위5회 어느게 더 낫나요 선생님들 해방좀 깨고싶어요 제미나이는 위가 더 낫다고하는데 17성인게 걸리네요 필터에서 걸러질거라고... Q 제목: 무기 (종료) 최대 1개 선택 가능 참가자: 1 명 26.07.13 17:40:59 마감 득표순 답변순 20억 (100%, 1표) 25억 투표가 종료되었습니다."
2026-07-12,0,0,기타,뉴비 어빌리티 질문이있어요,둘째줄 셋째줄 먼저 뽑고 첫째줄을 뽑으라고 유튜브에 나와서요 직업 렌이고 종결이 보공20 상추뎀8 공21 이라해서 도전해보고싶은데 지금 이상태이면 첫번째줄을 잠구고 돌려도 되는게 맞나요..?
2026-07-12,0,0,아이템,안녕하세요 뉴빕니다,안녕하세요~ 이번에 친구들하고 처음 시작한 뉴빕니다. 메이플 보스뚫하다가 재미있어서 챌린저까지 달려보려고 하는데요. 최소 템세팅은 말고 넉넉 템세팅으로 맞춘다면 대략 몇억 정도 필요할까요? 직업은 아란입니다.
2026-07-12,0,0,기타,사고싶은 닉이있는데ㅜㅜ 본캐가 안뜨시는 분일때 어떻게 연락을 취할수있는 방법 없나요?ㅜㅜ,엘리시움에 원하는 닉이있는데 그닉은 접속 안하신지 1년정도 됐던데ㅜㅜ
2026-07-12,0,0,기타,레테 질문있습니다,레테 스킬이 초기화되던데 이거 연타해도 댐지들어가나요? 지금 초기화되면 공격모션끝나고 다시쓰고하는중인뎀
2026-07-12,0,0,기타,이거 어캐한거에요? 일루전링?,거대한 몸 거대한 머리 2개 동시 장착한 것마냥 몸도 크고 머리도 큰데 아래 닉네임 표시 없는거 보면 안드로이드 같고 근데 일루전링 2개 장착해도 효과는 1개만 적용이라 저렇게 어떻게 키운건지 아시는 분
2026-07-12,0,0,기타,추가옵션 기록 보는법,큐브나 스타포스 기록 보듯이 추가옵션 기록보는 사이트는 따로 없을까요? 오른쪽 물음표가 떠서 확인래보려고했는데 자동으로 왼쪽이 클릭되어 물음표도 확인못해봤네요… 물음표에 뭐가 나왔었는지 너무 궁금한데 기록 보는 사이트가 있을까요?
2026-07-12,0,0,아이템,챌린저 목표 스펙업 뭐해야될까요?,"장신구 여명 15% 에픽 2줄 맞추고, 무기,엠블은 5줄 목표로 계속 돌릴 생각이에요 보조무기를 어느정도 수준에 맞춰야할까요 과금은 최소한으로 하고 싶어요"
2026-07-12,0,0,기타,헥사2 옵션선택 질문,헥사 1에서 고른 조합 순서만 바꿔서 선택하는게 맞나요? 아니면 1은 보주마 2는 크주마 이런식으러 골라도 되나요?
2026-07-12,0,0,시세,미트라,지금 미트라 5줄 공공방 공공 200억정도 하는데 많이 비싼편인거요 ?? 계곡 백숙 먹는다생각하고 살만한가용 ?
2026-07-12,0,0,기타,헥사 떡작 환산에 이렇게 나오는데,헥사2스탯 떡작 하려는데 환산보니까 이렇게 나오는데 1스탯 이대로 능력치 바꾸고 돌리는게 맞음 ?
2026-07-12,0,0,아이템,"복귀유저 템세팅 방향성 질문합니다,..",전투력 끌어올릴려면 전부 22성이 우선일까요? 아니면 템세팅이나 스펙업에 대해 방향성이 궁금합니다 요즘은 템세팅을 어떻게하는지 모르겠네요 [이미지]
2026-07-12,0,0,기타,사냥 관련 질문,안녕하세요 사냥하는도중에 주력기 꾹 누르면서 방향키 이동하면 주력키가 풀리는데 주력키 누른 상태에서 방향키 눌러도 주력기 계속 써지게 어떻게 하나요?? 속사기 아니고 쿨타임 있는 직업 입니다
2026-07-12,0,0,아이템,챌린저목표 8600만 윈브 뭘 더 해야할까요?,"제목 그대로 챌린저목표로 달리고 있습니다. 닉네임은 윈브프라임 입니다. 무기 해방까지했고 미트라도 사고 보조도 윗3줄을 삿는데 셋 다 미라클날 에디 레전도 못가고 폭망하고 제네무기는 윗잠 더 돌릴예정입니다. 지금 8600만인데 하드 메이린까지 꺨려면 템을 뭐 더 건드려야 할까요? 지금 템셋팅이 도전자셋에 여명4셋, 파풀마, 분자벨 플하 에픽~유니크 대충하고 18성까지 했습니다. 대충 생각중인건 메소 모아서 무보엠 레전2줄이랑 장신구들 유니크등업하고 2줄, 에디 에픽등업하고 2줄밖에 생각이 안납니다. 이벤트링 하나랑 피도미를 뭘로 바꿔야할까요? 헥사스킬은 스텟3까지 떡작하고, 사냥으로 조각 모을때마다 계속 강화중입니다. 일단 무보엠 에디가 젤 급하겠죠...? [이미지]"
2026-07-12,0,0,퀘스트,버닝 비욘드 270 본캐 선택 하고 렙업 했는데 이전 보상 못받나요?,[이미지]
2026-07-12,0,0,기타,혹시 어빌 안잠구고 돌렸을 때 복구 문의 해보신 분 계실까요??,유니크 두 줄 만들고 코인샵에서 명예훈장 추가로 구매 후 다시 돌리다가 실수로 못 잠구고 돌려버렸는데 영상 녹화 된건 있어서 문의해보려 하는데 경험해보신 분 있으신지 궁금하네요 ㅠㅠㅠㅠ
2026-07-12,0,0,아이템,뉴비 골클벨좀 봐주..,레테 장비로 쓸건데 괜찮게 발린건가요? 뉴비라 이걸 안고 가야할지 아니면 이노센트 다시 발라야할지 가늠이 안가요 [이미지]
2026-07-12,0,0,아이템,챌섭 메이린 제가 템셋 뭐 잘못한건가요? 아님 좀 빡센건가요?,"현재 무보엠 상태는 무: 공24 / 공21 보12 보; 방공공 / 공15 엠; 공공뎀 / 공6 이고 환산에서 내실/템 메이커로 헥사3떡작 / 마코 약 300개 / 프펫공 / 하트매지컬 / 컨티4 악세5부위(반지, 눈, 얼, 팬, 벨트) 18성 27% / 에디2줄 했는데 101% 겨우나왔습니다 영상들 보면 18성 15%둘둘로 110%대 나온다던데 전 27%둘둘로 해야 100%가 겨우되네요 이게 다 무보엠차이겠죠?? 무기윗잠은 제네플러스로 정옵 뽑는다 치고, 보조는 너무올라 업글하기 힘들고 그렇다면 메소를 2 7% 말고 21~24%둘둘로 낮추고 미트라 아랫잠이나 윗잠을 좀 건드려야할까요? 아니면 장신구를 21성 21~24%?"
2026-07-12,0,0,아이템,패스 선물 질문,"이번에 나온 챌섭 패스나 제네시스 패스 보면 넥슨캐시로만 구매 가능하고 넥슨캐시로 구매시에도 타인과 교환불가인데, 그럼 이 패스를 선물하는것도 불가능한건가요?"
2026-07-12,0,0,아이템,"[챌섭] 사냥용 어빌 첫째 아획,메획중에 뭐가 정배인가요?",지금 뽑을건데 알려주세요 메선생님들
2026-07-12,0,0,아이템,무과금인데 매일 몬파7판?,이번에 메이플 시작해서 재밌게 즐기고 있는 메린이입니당 레벨은 282고 정말정말 조금씩만 과금하면서 거의 무과금처럼 게임하고싶은데 몬파 매일 7판씩 돌아주는거 효율이나 의견이 어떤가 궁금해요! 매일 3-4소재씩 하고 모인 돈으로 메포 바꾸고 그걸로 매일 7판씩 몬파하고있는데 이젠 교불 조각 다 썼고 솔 에르다만 점점 꽉 차고있어서 무과금주제에 몬파 7판은 과분하고 그 돈으로 조각 사서 솔 에르다 소모해줘야 되나 생각듭니다ㅠ 몬파를 안하면 레벨업이 너무 더딜까 고민되긴하는데 어떤지 의견한번씩 부탁드립니다!
2026-07-11,0,0,아이템,헥환5만 다음 아이템 변경 어떻게 가면 좋을까요?,"투력1.3억이고 현재 연습해서 검마, 이칼, 노세렌까지 잡고있습니다 제가 플탐이 길지 않아서 결정석 말고는 메소수급이 거의 없습니다 일주일에 10억 정도씩 버는데 현재 50억 모았는데 다음 아이템을 아떤걸 목표로 하면 좋을지 고수님들 의견 여쭤봅니다! 감사 합니다 [이미지] [이미지] [이미지]"
2026-07-11,0,0,아이템,잠재전승 질문드립니다.,예를 들어 해적에서 인트 33퍼가 있어 이걸 사서 잠재전승으로 제 법사 윗잠 33퍼로 바꾸는게 가능한가요?
2026-07-11,0,0,아이템,엔버 제네 윗잠 골라주세요,[이미지] 챌섭인데도 이정도면 전투력 떨어지더라도 후자 선택하는게 맞겠죠?
2026-07-11,0,0,기타,에픽 던전 질문드립니다!,"현재 에픽던전이 계정당 하이마운틴 / 앵컴 / 악몽선경 각각 1번씩 무료로 되고, 보너스,퀵패스 만 메포인거죠?"
2026-07-11,0,0,아이템,제네패스 플러스,"제네패스 플러스 첼섭에서 열고 월드리프해서도 유지 가능한가요? ( 세렌, 칼로스 등등 잡고 큐프 구매 )"
2026-07-11,0,0,아이템,8만 방어구 에테가 좋을까요?,"주차할거 아니고 10만 목표로 계속 스펙업 할 생각인데 방어구(상하모,장신망견) 전부 다 에테르넬로 교체해야 계단식 스펙업에 더 유리할까요? 8만 템세팅으로 추천이 다양해서 무엇을 갈지 방향을 못 잡고 있습니다.. 지금은 템환산6.6 3카루타4아케인 입니다."
2026-07-11,0,0,아이템,블큐 사용처,현재 장비들 잠재 맞춰주고 있습니다. 블랙 보조와 플라즈마 잠재가 아쉬운 거 같아 바꿔주고 싶은데 이벤트 재화로 산 블큐 다 여기다 박는게 좋을까요?
2026-07-11,0,0,아이템,주흔작? 이번 유입입니다,이제 플라즈마하트 곧 받아서 스타포스 주문서도 바르고 주문서작을 좀 해보려고 합니다. 그 카르마하트주문서는 코인수급이 빡세서 30%작을 하다가 매지컬작? 으로 하면 된다는데 질문이 지금 사냥하면서 5만개 정도 주흔 모아놨는데 그냥 플라즈마하트에 30%바르면서 안되면 순백바르고 그렇게 10강 박는거 맞나요? 5만개면 기대값 안일까요!?
2026-07-11,0,0,아이템,메린이 잠재부여스크롤이 안발려요,가엔링 사서 잠재부여할려고 하는데 카유잠? 그걸 쓰라고하더라구요 근데 그냥 잠재부여스크롤이 템창에 있길래 써보려고했는데 왜안써지는거에요? 설명에는 일반등급 장비템에 사용하면 잠재능력을 부여한다고 되어있는데 ... 한번꼈다빼서 교환불가 만들어 논상태라서 안써지는건가요? 그렇다면 에디셔널 잠재 부여 스크롤은 써지던데 (카르마 아닌 그냥 에디잠재부여) 뭔지 너무헷갈립니다 ㅠㅠ
2026-07-11,0,0,기타,제네플러스 질문,이거 시간이 지날수록 한마리씩 오픈되는데 지금 잡아도 오픈 안된건 보상 못받는거?
2026-07-11,0,0,아이템,메소제한 관련 질문이 있습니다,오늘 분명 오전에 2소잰가 3소재한거같은데 2소재 했다치고 오후에 소재 한판하고 나서 메제 수치를 보니 4천만 정도였던거같습니다 그래서 한번 더 소재하면서 전분으로 30분 획득메소 확인해봣는데 이미지와같이 4549만 메소 얻었고 메제수치는 8500만이었습니다 [이미지] 그럼 금일 필드 획득메소가 최소 1.6 은 찍혀있어야 되는거아닌가요? 제가 모르는 다른 시스템이 적용되있는건지;;
2026-07-11,0,0,아이템,캐시템 중에 전투복이라고 있잖아요,메소샵 숲속의 마법사 세트<- 이것도 전투복인가요??
2026-07-11,0,0,아이템,이벤링 드메 질문,"이벤트링4개로만 1줄 드메 맞춘다치면 어떤게 가장 좋을까요? 조건 : 챌섭에메랄드(드메버프없음), 쓸만한 홀리 심볼 30레벨, 재획비 사용 어빌리티 드20 메14 얼장눈장귀고리펜던트는 계산에서 배제. Q 제목: 이벤링드메1줄 4개 최대 1개 선택 가능 참가자: 3 명 메80 메60 드20 메40 드40 메20 드60 드80"
2026-07-11,0,0,기타,18앜->18에테 옆그레이드임?,이제 18앜에서 업그레이드 해야 할것 같은데 18에테 가는건 가성비 안나오나?
2026-07-11,0,0,아이템,자섯펫 무한 교환 임?,"어디선가 타인과 1회 교환 , 구매 후 수령시 교불 이런 단어 본거같은데 자섯펫 장착만 안하면 무한 교환 임?"
2026-07-11,0,0,기타,pc방에서도하시는분들 부드럽게느껴지나요?,집160헤르츠인가지원이고 pc방보다사양더좋은데 pc방은 보통144헤르츠인데도 점프이동기만써도 더부드럽게느껴지던데 이건 pc방ip 집ip차이라서 어떻게못하는거겠죠? 예를들어 넥슨게임이pc방에 계약을하는거니까 더 빠른회선?이라던가 아니면 pc방자체 회선이라던가 저처럼 느끼시는분계신지도 궁굼하네요 다른사람들은 안느껴진다해서요
2026-07-11,0,0,기타,시그너스 기사단 코디 무슨 방법으로도 못구하나요??,윈브 키우고있는 메린이중 메린이 인데 지금 캐시샵에서 파는 기사단장 이리나 세트 남자 윈브한테 안어울려서 4년전에 시그너스 리마스터때 준 윈브 코디 구하고싶은데 아예 못구하는 한정판 상품인가요??
2026-07-11,0,0,아이템,뉴비템세팅 상담신청! (feat. 이게 좋데! 하고 사려고 하면 비쌈주의ㅠ),미트라가 좋다해서 사려니까 비싸.. 보조깃펜 레전사라니까 지금 비싸.. 에테크뎀장갑 사라니까 지금 비싸.. 일단 돈을 착실하게 모으면서 샤타포스미라클로 최대한 여명과 하트를 완성해놨는데 다음 돈 모아서 뭐부터 사면 좋을까요?? 다음주에 해방하는 뉴비입니다 형님들!
2026-07-11,0,0,아이템,챌섭 3일차 뉴비입니다. 200억으로 드메탬 부터 살까요?,하루에 3~5시간 정도 꾸준히 사냥할거 같은데 200억으로 뭐부터 살까요? 만약 산다하면 그냥 드메 2줄짜리를 바로 살까요? 현재 이벤링 매획20퍼 2개 있습니다.
2026-07-11,0,0,기타,카엔슬 죽는거 보자마자 팅겼는데,잡은걸로 치나요 안잡은걸로 치나오? 카엔슬 죽는 순간 아들이 전원을 눌러버림.. 밖이라 확인 못하는데 너무 궁금하네요 ㅋㅋ
2026-07-11,0,0,아이템,스펙터블래스트 보상질문이요,제가 이번에 복귀해서 이번주 스펙터 처음해봤는데 담주하면 이벤트 끝이더라구요..? 그럼 케이라로이드? 는 못받는거죠? 클리어횟수 아니고 경치수령횟수기준인거죠..?
2026-07-11,0,0,기타,280레벨 달성했는데 블루베리는 그냥 다 쓰면 되나요??,지난주에 280레벨을 달성했습니다 이번주에 새로 블루베리 쿠폰을 받았는데 앞으로 받는 족족 다 쓰는게 나을까요?? 270렙때 효율이 가장 좋다고 들었는데 이미 지나간지라 그냥 쓰면 괜찮은것인지 궁금합니다
2026-07-11,0,0,아이템,마깃안 27/30 차이 있을까요?,12/9/6 60억초중반 12/9/9 70억 초중반 이정도 하는거 같은데 나중에 팔때생각하면 30퍼 사야할까요? 27퍼는 뭔가 잘 안팔릴꺼같은데
2026-07-11,0,0,기타,헥사스탯 최적화 어떻게 해야할지 모르겠습니다,지금 헥사스탯 2까지 떡작 했습니다. 원래 2에서 크공주로 하라고 했는데 바뀌더라고요 그래서 안 바꾸면 3에서 부스탯이 겹쳐서 주스탯을 넣지 못하는데 어떻게 해야하나요?
2026-07-11,0,0,몬스터,메린이 보스 질문,형들 겁나 메린이라 아는거 하나 없어서 물어보는데 검밑솔이라고 하면 보통 스데미 루시드 카엔슬 더스크 등 하드보스 다 잡고 남은 아래보스는 뭘잡나요..? 그냥 결정석 가격보고 잡나요??
2026-07-11,0,0,아이템,에테뚝 작을 어떻게 해야 할까요?,아마 나중에 21성까지도 올려서 오래 사용할 것 같은데 이미 별이 붙어 있는 것을 사버려서요. 1. 첫작 놀긍 공6 + 주흔 15퍼 2. 주흔 15퍼 3. 놀긍 4작까지 발라서 15퍼 작 이기는 작 완성 후 주흔 15퍼 방법이 정도 있는 것으로 파악했는데 어떤 것이 좋을까요? 혹시나 다른 방법 있다면 조언 부탁드립니다.
2026-07-11,0,0,아이템,템잘알 메고수분들 도와주세요,지금 무보엠이 무기 보보보/공21 보조 공공보/공21 미트라 공12공12럭9/럭12공9공9 입니다 장신구는 4여명 2칠흑 3보장이고 추후 흙칠흑으로 한부위씩 바꿀려고 합니다 유니온도 9479이고 방무를 가져올 내실?은 다 땡긴 상태로 스챗 창에 91.66이 찍힙니다. 투력은 1억 3000만 입니다. 이 상황에서 기존 미트라를 팔고 방무40공9공9/공21 이런 방무 달린 미트라로 사와야 할까요? 방무 달린 옵션으로 바꾸면 투력이 500만 정도 떨어지는데 떨어지더라도 방무를 챙기는게 좋은건가요? 스탯창 방무에 95~97은 찍혀야 한다는데 중첩 보약 없이 97을 찍으려면 방무 2줄을 챙겨야 하는 상황이고 방무 40달린 미트라로 바꾸면 딱 95가 찍힙니다. 메쌤분들의 조언이 간절합니다
2026-07-11,0,0,아이템,흙테르넬 질문,모상하 만들어주려고 하고 별은 12성으로 할건데 윗잠을 유니크 17퍼로 하는게 좋나요? 잠재 직접 뽑는거보다 사먹는게 더 좋아보이는데 (17퍼 깡통 5억) 적당한 가격인지 궁금합니다..!
2026-07-11,0,0,몬스터,하드세렌 배율 110퍼 질문,1페 좀 열심히 치면2극에 평딜1분하고 2페로 넘어가는데 이렇게 하니까 자정에서 극딜을 못하고 여명부터 계속 입장극딜하면서 극딜이 밀리는거같은데 어쩔수없는건가요?
2026-07-11,0,0,아이템,해방했는데 다들 큐브 쓰셨나요,방금 해방했는데 제네플러스 기다렸다가 한번에 할지 지금부터 돌릴지 고민되네요
2026-07-11,0,0,아이템,아케인22성 장갑 시세좀 알려주실분,22아케인 기록이 없어서 적정가를 모르겠는데여 이거 305억이면 비싼편인가요? 가횟도 2긴한데 [이미지]
2026-07-11,0,0,기타,이번주 수요일에 끝난 게 있나요?,본캐 수로 치는데 저번주보다 수로 점수가 거의 4천점 가량 줄었길래 뭐 종료된 마약 같은 게 있나 해서 여쭤봅니다
2026-07-11,0,0,기타,내일 헥사스탯 메인스탯 확률 업 이벤트,5레벨 부터 확률 업인거면 오늘 5레벨 까지는 미리 올려놔도 되는건가요?
2026-07-11,0,0,기타,일리움이 초반에 키네보다 체급이 구린가요?,"일리움이 초반 고트라고들었었는데 키네시스로 190%에서 데미안을 무난하게 클리어했는데, 일리움은 퍼뎀 213%인데도 훨씬 힘겹게 깨더라구여 일리움도 딜사이클이랑 극딜 타이밍은 최대한 제대로 굴렸다고 생각하는데 체감 차이가 너무 크네요. 아니면 직업 체급 차이가 있는 건가요?"
2026-07-11,0,0,아이템,플래닛 여기에 질문해도될까요? 뉴비 썬콜 템세팅 질문좀요 ㅠ,"고생하십니다. 형님들 완전 뉴비인데 질문좀 드리겠습니다. 1. 갑바 9%+쓸뻥, 신발 9%+쓸헤, 나머지 18% 2. 쓸뻥,쓸헤 빼버리고 전체 18% 1,2번 가격은 비슷해보이는데 어떤거로 가는게 나을까요? 쓸헤,쓸뻥이 쓰이는 곳이 언제고 있는거 없는거 차이가 큰가요? 그리고 1번이든 2번이든 빨코에서 2방 나올까요? 마지막으로 되팔거 생각해서 노작으로 된게 나을까요?ㅠㅠ 완전 뉴비라 정성스런 답변좀 부탁드리겠습니다 ㅠㅠ"
2026-07-11,0,0,아이템,뉴비 아이템 질문,이상태에서 뭐 해야되나용 270 윈브입니다잉~ 돈 그냥 아케인에 다 박나요잉~
2026-07-11,0,0,기타,근데 제네시스 패스 PLUS 보상 다 받으려면,어차피 자동으로 챌린저 등급 되는 거죠? 이쪽 보스가 더 높던데
2026-07-11,0,0,아이템,챌섭 에메랄드 카레잠 어디다 쓰는게 좋은가요?,현재 챌섭에서 막 에메랄드를 찍었는데요 카레잠 주는걸 어디다 쓰면 좋을지 모르겠어서 질문드립니다 그리고 장신구를 어떤식으로 바꿔가야 할 지 모르겠어서 조언좀 부탁드려요
2026-07-11,0,0,아이템,풀드메 세팅 질문점요,"보통 풀드메 템세팅 할 때 반지4 , 얼장 , 눈장, 팬던트, 귀고리 + 정팬 이런식으로 정팬 끼고 풀드메 세팅 하나요? 아니면 정팬 빼고 풀드메 세팅 하나요? 후자로 세팅 할 경우 반지, 얼장, 눈장, 귀고리 1부위씩 팬던트 2부위 + 이벤링1줄 3부위 하면 풀드메 최저가로 360~370억 정도 나오는데 전자인 정팬끼고 세팅하게 되면 반지3부위, 얼장, 눈장, 귀고리, 팬던트 1부위씩 + 이벤링 1줄 해서 460~470억 나옵니다. 다들 어떻게 하셨나요,,?"
2026-07-11,0,0,직업,챌린저 목표 질문 좀 드립니다 !,아버 22성 이후로 285찍고 챌 도전하려고하는데 미트라랑 보조는 언제 쯤 구매하면 될까요 ? 지금 이칼까지 보스도는중입니다 루컨머 17성 21퍼 보유중이고 미트라랑 보조도 어느정도면 추천해쥬시면 더 감사드립니다
2026-07-11,0,0,기타,컴고수님들 메린이 게임 멈춤 질문드립니다,"​ 우선 컴퓨터 사양은 램32gb 4070ti super 9800x3d 입니다 게임 처음 시작할때부터 사냥,보스 첫 진입할때 항상 게임이 짧게는 1초 길게는 5~10초 멈춤이 있습니다 설정은 게임내 설정 메모리 맵 입출력 체크 해제,해상도 여러번 바꿔봐도 증상 똑같네요 뭐땜에 그런지 도통 알수가 없네요 잘 아시는분 계실까요 ㅜㅜ ​"
2026-07-11,0,0,아이템,챌린저 목표로 도전 중인데 템세팅 하나 여쭙니다 ..!,안녕하세요 ! 80억~100억 정도 사서 마깃 아니면 몽벨 하나 살까하는데 뭘 사야 나을지 메짱분들에게 여쭙니다 .. ! 아니면 더 나은게 있을까 해서요 !
2026-07-11,0,0,아이템,에테 아케인 거품,에테 아케인 장비 지금이 저점일까요? 전사 에테 머리 추옵 150급 잠재 재사용2초 외에 깡통이 적정가가 얼마인가요? 지금 23억정도 이더라고요 에테 나이트 아머 유니크 깡통 4.5억 에테 전사 바지 유니크 깡통 4억 적정가인지 알려주세요 고수님들
2026-07-11,0,0,기타,복귀뉴비 200레벨비약 질문이 있습니다,"렌 출시 때 잠깐 복귀했다가 손에 잘 안잡혀서 접었었는데 이번엔 좀 오래 하게될것같아서 유니온 관련 질문 좀 하고 싶습니다. 현재 챌섭+본섭 통틀어서 250레벨 이상이 렌, 메르, 레테 3캐릭터 있고 200레벨이 은월, 데벤, 나워, 윈브 총 4캐릭터 있는 상태입니다. 1. 250 비약: 은월 2. 200 비약: 팬텀, 엔버, 데슬, 카데나, 키네, 아크, 루미, 카인, 와헌, 제논, 블래, 제로, 메카닉, 신궁, 모법3, 모도3 3. 남은 챌섭 버닝: 라라 호영 4. 웰컴패키지 버닝: 에반(경험치 링크) or 배메(유니온 주스탯) 이렇게 먹일까 생각중인데 이대로 가도 될까요? 저번에 렌 나왔을때랑 다르게 이번엔 별도의 하이퍼버닝 부스터는 없는 게 맞죠?"
2026-07-11,0,0,아이템,투력 5000만 다음 업그레이드,"1. 골클벨 분자벨로 업그레이드 2. 골클벨 다른 골클벨로 업그레이드 3. 아쿠아틱 블빈마로 업그레이드 4. 아쿠아틱 파풀마로 업그레이드(개인적으로.. 넘 비싸서 ㅠㅠ) 현재 가지고 있는 주문서는 17성강화,카르마 유잠 있습니다. 이 두개는 위에 4개 중 하나 고르면 바를 생각입니다. 처음에는 블빈마를 사려고 했는데.. 분자벨이 더 싸기도 하고 150제라 17성 기댓값도 높고 해서.. 고민됩니다. 요약 업그레이드 뭘로 하고, 뭐에 17성강화랑 유잠을 발라야 하는가."
2026-07-11,0,0,직업,유챔 국룰 직업 중에서요,"렌/보마는 키우는중인데, 썬콜 이랑 일리움중에 뭐가더 괜찮은가요?"
2026-07-11,0,0,아이템,메린이 진로 도와주시면 감사하겄슴다,안녕하세요 형님들 메린이 템진로 팁 한번 주시면 감사하겠습니다!! 현재 마스터까지 달았고 챌린저까지 가고 싶은데 순차적으로 어떻게 하면 좋을지 헷갈려요 미트라 구매할 의향은 있는데 완작이 나을지 직작이 나을지도 고민이고 보조는 레잠만 바르고 에디는 돌리다가 레전을 가버려서 계속 블랙보조에 넣어야 되나 고민이기도 하고요 예산은 한 2~300억정도 더 할까 생각중이고 천천히 즐길 계획입니다. 감사합니다~~ [이미지]
2026-07-11,0,0,아이템,복귀 메린이 본섭에 있는친구가 많이아파요..,챌섭하는동안 주보돌이로 쓸려고 하는데 효율적으로 손 봐줄게 있을까요..
2026-07-11,0,0,아이템,크크잡 18성 에테 vs 크크잡 12성 에테 왜 12성이 더 쌤?,환산 주스탯에 얼마나 차이나나 하고 넣어봤는데 추옵도 18성이 더 높고 똑같이 15퍼작해서 18성이 스텟으로만 보면 훨씬 강한데 왜 전투력은 12성이 더 강함? 18성보다 110만 정도 더 오르던데
2026-07-11,0,0,아이템,이렇게 템셋해도 괜찮을까요?,현재상황입니다 컨티 4렙 > 여명 22성 27~30퍼 에디 에픽2줄 먼저 해주는거 나쁘지 않을까요? 칠흑도 생각이 있긴한데 18성 유니크 에디에픽으로해도 보장 대비해서 괜찮을까요? 목표는 일단 노적자까지 생각하고있습니다 도전자 장비 대체로는 상하모 >> 에테 17~18성 유에 // 나머지 5부위는 아케인 18성 유에로 할 생각입니다. 혹여나 이게 부족하다면 어느 부위를 레전으로 올려야할지 고민입니다
2026-07-11,0,0,기타,메린이 헥사스텟 질문드립니다,"제가 지금 헥사 1만 주/보/마 이렇게 열려있는데 2를 열려고하니 1에있는 보공을 크뎀으로 바꾸라고 되어있는 거 같은데 그럼 애초에 초기화하고 다시 돌리라는 말인가요,,? 아니면 저 4/10/6 상태에서 제가 원하는 걸로 순서만 바꿀 수 있는건가요?"
2026-07-11,0,0,아이템,보조무기 어떤게 좋을까요?,"헥환 7만정도 되는데요 보조무기 구매하려는데 이탈, 에디데미지 때문에 보보보가 공공공보다 더 좋네요 보통 공퍼가 나중에 더 좋다고 해서 고민입니다. 길게보면 공퍼가 좋아지나요? 둘다 같은 가격인데 뭘 구매할까요? 보보보 [이미지] [이미지] 공공공 [이미지] [이미지] Q 제목: 보조무기 최대 1개 선택 가능 참가자: 3 명 보보보 공공뎀 공5줄"
2026-07-11,0,0,기타,챌패스 본섭리프,챌패스 솔에조 교환권을 6차 안한캐릭터가 수령 후 본섭 리프 가능한가요? 조각 600개 본섭 본캐 주려고 생각중입니다
2026-07-11,0,0,아이템,지금 아케인 22성은 좀 뒤쳐졌을까,최근 익스우 솔플까지 올라와서 스펙업에 재미 들렸는데 현재 모자 상의 하의는 에테 18 / 장신망견 은 앜 18임 앜 22냐 에 18이냐로 고민중인데 당장은 앜 22가 세지긴해도 본캐니까 길게보고 에테로 맞춰나가는게 맞을까요?
2026-07-11,0,0,아이템,환산 8~9만대 목표로 하고 있습니다.,"대충 장신구쪽은 구상이 잡힌거 같은데 방어구쪽에 대한 이해도가 아직 없어서 질문 남깁니다. 현재 제 캐릭 스펙은 본문에 링크 달면 클릭이 안되길래 댓글에 남겨놓겠습니다. 장신구 별 안달린거는 내일 이벤트로 일단 12성까지만 달아놓을 예정입니다. 앱솔 카루타는 나중에 더 위를 보게 되어서 팔때 감가가 심하다길래 아케인, 에테 얘네 가격이 부담 될 정도로 비싼거 아닌 이상 좀 꺼려지는 선택지라 후순위입니다. + 자석펫 한마리를 보유중인데 곧 무료 자석펫도 끝난다길래 그때 비싸질 수 도 있을거 같으니 기다렸다가 팔아서 방어구 사는데 보탤지 제가 사용 해야할지 고민입니다. 드메템은 비싸길래 이벤링으로 쌀먹해서 드랍 3줄만 사용하고 있고 쉬는날에는 최소2~3시간 이상 사냥합니다."
2026-07-11,0,0,아이템,메짱만,둘중에 뭘 파는게 더 수요가 많을까요? 또 각 시세는 어느정도 될까요?
2026-07-11,0,0,아이템,루컨마 직작질문좀!!,루컨마 짬통으로 쓰다가 어찌저지 레전 24퍼가 됬는데.. 1. 앞으로 메멘토 골큐를 루컨마한테 던질지 마마방 미트라에 던질지? 2. 루컨마 24퍼는 너무 애매한거같아서 블큐다 던지고 27퍼까지 직작까지할지? (재네무기는 뾰마마긴함) 지금 스펙은 18칠흑 21퍼 or 27-30으로 맞추고있슴다 그래서 24퍼 루컨마가 자꾸 눈엣가시.. 메멘토걸려서 팔지도못함 (직작하다가 다른직업 30퍼에 물릴까봐)
2026-07-11,0,0,아이템,메멘토 실버.에디 큐브 어디에 사용하고 계실까요?,안녕하세요! 메멘토 큐브 본장비에는 골드큐브말곤 사용처가 없는데 실버랑 에디큐브가 기간에 삭제될 때면 아깝기도하면서 여명 장신구에 돌릴까하다 잠재비용 생각하면 그냥 버릴까 하고 있습니다.. 다른분들은 어떻게 사용하고 계실까요? 모두 즐거운 주말보내세요~
2026-07-11,0,0,아이템,불독 템 셋팅 나름대로 생각해봤는데 어떤가요?,"머리 신발 장갑 망토를 22 앱솔로 가고 상하견을 17~18 에테로 가는 거 어떤가요? 아님 머리, 상하견 다 에테로 간 다음에 머리를 4초 깡통 같은 걸 사서 천천히 에디 1초를 띄우고 나머지는 아케인은 싼거 사서 18 메멘토 바르고 임시로 쓰다가 전부 나중에 에테로 바꾸기..? 본캐로 할 생각인데 본캐를 진득하게 키워본 적이 없어서 어떤 식으로 세팅해야 할 지 감이 잘 안잡히네요.. 5초뚝에 너무 매몰되어 있는 것 같아요 메짱 형님들 도와주세요 ㅠㅠㅠ [이미지]"
2026-07-11,0,0,아이템,메린이 진로 추천좀요,검마 노말세렌까지 잡았고 이지칼로스부턴 손이 구려서 못잡는중입니다 메획은 지금 이벤링 3개로 60%있구요 자석펫은 한마리 구매할 예정입니다 과금은 많이 못할거같은데 스펙업에 더 투자할까요 메아획을 더 맞출까요
2026-07-11,0,0,시세,메린이 카르마 200제 20성 스타포스 강화권 얼마에 팔아야할까요,얼마에 팔아야하나요.. 챌섭3이에요
2026-07-11,0,0,기타,캐시샵 들어가는게 엄청 오래걸리는데 해결법 아시는분 계신가요,일단 ssd에 깔려있고 인텔 13세대 3070 컴퓨터라 사양 딸리는것도 없습니다 다른건 다 괜찮은데 캐시샵만 들어가려고 누르면 검은화면으로 엄청 오래 대기하다가 캐시샵이 켜지더라구요 이거 해결 방법 아시는 분 계신가요..? 이거 때문에 너무 답답하네요 ㅜㅜ 캐시템 많이 가지고 있는거도 아니고 그냥 보관함은 아예 비어있구요..ㅜㅜ 옥션 개편 전에도 옥션 들어갈 때는 바로 들어가졌는데 캐시샵만 계속 이럽니다 ㅜ
2026-07-11,0,0,직업,어빌이 조금 꼬였는데 조언 부탁드립니다,(상추뎀 7%) 정옵이 재감-상추-보공입니다 위에 2개를 고정하고 보공을 뽑아야 할까요? 아님 2번 3번 슬롯에서 원래 공략처럼 상추 보공을 먼저 뽑는식으로 처음부터 진행할까요? 2번 3번은 이렇습니다 [이미지] [이미지] 명예는 보스샵에서 영끌하면 60만 추가할 수 있슴니다
2026-07-11,0,0,아이템,스타포스 파괴방지 질문이요,스타포스 강화할때 원래 18성에서 19성갈때 파괴방지 못하는건가요? 파괴방지 버튼 클릭이 안돼서요..
2026-07-11,0,0,기타,메이플이 재밌는데 할게없어요,"매주 목요일만 되면 주간콘텐츠랑 주보돌이를 다 돌아버려서 바로 금요일만 되도 할게없어요 그래서 케릭터를 하나 더 키우고싶은데 방법이 없겠죠? 하버 하나 더 주는거 기다리는수밖에 없을까요.. 다른건 돈,시간이 너무 드니.."
2026-07-11,0,0,아이템,제네무기 윗잠 아랫잠 뭐 먼저 돌려야할까요?,ㅈㄱㄴ
2026-07-11,0,0,몬스터,메쌤들 혹시 대적자 3페 분신 잘 보이게 하는 설정 있나요 ?,1페는 분신은 어찌어찌 보겠는데 3페 분신이 본체 망토뒤에 가려져서 분신 망토정도만 보이는데 그냥 연습 열심히 해야하나요..
2026-07-11,0,0,기타,이거 위치어디임?..,설명이 없냐..
2026-07-11,0,0,아이템,솔에르다 기운 다차면 헥사부스터로 빼면 되죠?,지금 메획템 산다고 조각 다 팔면서 돈 모으고 있는데 기운 25개 다 차기전에 2~3개 헥사 부스터로 바꾸면 되죠??
2026-07-11,0,0,기타,뉴비 잘 하고 있나 함 봐주세요,닉 빠방러버 유투브 보면서 하고 있는데 손 봐야될 곳들 우선순위 좀 알려주여
2026-07-11,0,0,아이템,메린이 여기서 막힘..도와주세여,챌패스 제네패스만 구입한 메린이인데 280렙 전투력3700만정도이고 유튜브랑 인터넷 검색해보면서 따라가다 막혔음... 고민되는게 카레잠 에메랄드 보상은 미카엘라에 발라서 팔아버렸고 메소가 50억정도 있는데 계획은 블빈마 18성 윗잠 깡유니크 18억 정도랑 보조무기 레전2줄에픽1줄 28~30억 쯤사고 나중에 골클벨 18성 유니크 경매장에서 사고 코인샵 카유잠 마지막 남은1개 페어리하트에 바를려는데 계획대로 해도 괜찮나요? 아니면 현재 스펙으로 사냥보스해서 메소 더 모아서 다른 좋은 방안이 있을까요?
2026-07-11,0,0,아이템,선생님들 드메 100/100이 가성비라고 배웠는데 풀도핑 기준이 맞나요?,"현생이 바빠서 하루에 1~3소재 하려고 합니다. 정말 없는 메소 벅벅 긁어모아서 가성비 드메 맞추려고 단일드메템 알아보고 있는데 어빌,쓸홀심,챌섭버프까지 해서 100/100이 찍혀야 하는건가요 아니면 소재비까지 쓰고 스탯창에 100/100이 찍히면 되는걸까요? 무지한 뉴비에게 지식을 알려주세요"
2026-07-11,0,0,몬스터,이지 카링 최소컷 질문!,이지 카링 129퍼 찍혀서 솔플 해보려하는데 페이지당 몇분 정도로 넘겨야 깰만한가요? 직업은 엔버입니다!
2026-07-11,0,0,기타,메린이 겨울챌섭 전 유니온 8000 질문있습니다!,"안녕하세요 이번에 챌섭으로 시작한 뉴비입니다! 나중에 본섭으로 리프하면 챌섭버프가 빠져서 많이 약해질 거 같아 준비중인데요! 현재 기준 뚱성비 20캐릭 4000 + 챌섭 5캐릭 1000 = 리프 시, 유니온 5000으로 계산됩니다! 허나 겨울 챌섭 이전에 8000 달성을 목표로 두고 있고, 42캐릭을 완성하고 싶어서 하루 챌섭 할 일을 마친 뒤, 리프 예정 본섭에서 이벤트를 활용해서 유니온을 키우고 있는데요! 겨울 챌섭 이전에 달성하려면 이렇게 하는 게 맞는 거겠죠?"
2026-07-10,0,0,아이템,메린이 악세사리 주문작 질문 좀 드립니다.,"주변 지인을 통해서 버닝 1달 전에 시작한 뉴비인데, 여명셋에 놀긍 떡작하라고 하는 글이 있길래, 놀긍떡작을 했는데, 주변 지인이 와서 개처망했다고 도대체 놀긍 떡작을 왜하냐고 하면서 훈지주고 15,30작이나, 이벤트 악세주문작을 하라고 하더라고요. 그래서 이벤트 악세주문작을 했는데, 이번에 시작한 방송인들 방송을 보면 또 놀긍떡작을 하고 있길래, 뭐가 맞는 지를 잘 모르겠어요 ㅇㅇ;; 놀긍 떡작하고 15, 30작, 이벤트 악세주문작 이거 3개가 어떤 차이가 있는건가요?"
2026-07-10,0,0,직업,메린이인데 도와주세요,카인 키우고 있는데 지금 메린이라서 어떤걸 해야할지 모르겠어요 지금 255렙인데 전투력이 328만입니다... 알려주시면 정말 감사하겠습니다 IronAchery ------> 닉입니다
2026-07-10,0,0,기타,뉴비 챌섭..보스,현재 보스가 좀 어려운거같은데...연모 좀 하다가 어느정도 익숙해졌을때 찐모로 돌리나요 님들?
2026-07-10,0,0,아이템,에디에픽 토드 비용 1억 메소 사용할만 한가?,Q1. 에디 공 10 VS 에디 에픽 1.5줄 차이가 얼만큼 나나요? Q2. 분자벨(150벨트)에 에디 에픽 토드하려면 1억 메소 정도 인데 투자 할만한가요? [이미지]
2026-07-10,0,0,기타,스펙한번만 봐주세요 ㅠㅠ,"전투력 3300만이고, 노말진힐라까지는 잡았습니다. 하드루시드 3페에서 계속 딜이 부족한데 .... 배율128%인데 왜 안잡힐까요 ㅠㅠ 제가 놓치고있는게 있나싶어서 질문드립니다. 도핑은 길드, 세이렌(빨간색), VIP, 275렙, 반빨별, 몬파빨간색, 우뿌, 붕뿌 이렇게합니다. 혹시 부족한 스펙부분이 있다면 조언해주시면 감사할 것 같습니다. 닉네임은 평온한고라니 입니다."
2026-07-10,0,0,아이템,헥환 5만에서 7~8만 목표로 하고 있는데 뭐부터 하면 좋을까요?,작년 여름 챌섭으로 렌을 육성했다가 이번에 친구들이랑 챌섭하면서 다시 복귀한 유저입니다 앞으로의 스펙업 방향성에 대해서 고민하면서 여러가지 찾아봤는데 뭐를 우선적으로 해야하는지 모르겠더라구요 효율적인 스펙업을 하려면 뭐부터 해야 좋을까요? 달마다 조금씩 현질할 계획도 있고 직작보단 완작템 구매를 선호합니다 캐릭 정보는 댓글에 링크 남기겠습니다
2026-07-10,0,0,아이템,렌 템셋팅 도와주실 고수형님들 모십니다,지나가던 렌 키우는 메린이 입니다 한 500억정도로 템셋팅 하고싶은데 진짜 감도안와서 모르겠습니다 한번만 도와주십쇼! 제네해방이 목표입니다!!!!!
2026-07-10,0,0,아이템,요즘도 22앱솔 쓰나요?,17~18성 카루타 앱솔 여명 윗잠15퍼 / 에디 두줄 이상태인데 18성 아케인가면 옆글인가요? 아니면 앱솔 22성가나요 길게보고 하는타입 입니다
2026-07-10,0,0,기타,뉴비) 헥사 떡작 질문,"이번에 헥사코어 3번째를 뚫고 떡작을 하려 하는데, 뭘로 뚫어야 할지 모르겠어서 환산에서 보면 자꾸 이렇게 기존 스텟을 바꿔버립니다... 3번째만 뭘로 열어야 할지 보고 싶은데, 방법이 없을까요? [이미지]"
2026-07-10,0,0,기타,레잠 어따 쓰는 게 좋을까요?,"지금 레테 해방했는데 제네무기 쌍레, 블랙보조 쌍레, 똥엠블렘 - 유닉에픽, 플라즈마하트 유닉15퍼에디에픽입니다.. 좀 천천히 285찍고 챌린저 찍을 계획인데 자본은 적어요 지금도 20억 정도 모아서 어센틱심볼업도 할 것도 있고 벨트, 가엔링 안맞췄는데 미트라는 너무 비싸니 어떻게 레잠을 잘 써야 좋을 지 똥블렘 그냥 바르는 게 좋을지 고민이네요ㅠ 진로좀 알려주세여"
2026-07-10,0,0,기타,최근 메이플에서만 렉이 유ㅜ독 심합니다 살려주십셔,"1. 유니온상점, 창고, 울티마이벤트, 보스코인샵 등 좌측 탭에 있는 메뉴를 열면 누르고 한박자 쉬고열림 2. 대적자를 잡는데 패링 이펙트가 한박자 늦게나옴, 패링은 정상적인 타이밍에 동작함 -2페이즈에서 한쪽방향으로 가는 기둥에 타이밍 맞춰서 패링 누르면 패링은 되는데 패링 이펙트랑 효과가 지나가고나서 나옴 3. 카인보스도는데 포제션을 눌럿는데 발현스킬로 변환이 한박자 늦어서 포제션이 안켜진채로 스킬씀 4. 처형스택이 1 2 3 4 이렇게 올라가는게아니고 1. 234.. 56.. 이래오름 5. 채팅은 또 별문제없는거같음 6. 야누스도 반박자 늦게설치됨 - 야누스설치시 캐릭터 뒤에서 야누스 이펙트가 반짝하고 그 반짝이면서 확하고 설치되야되는데 반짝하고 사라졋다가 야누스가 나타남 웃긴게 이 모든게 매우 잦은빈도로 간헐적으로 나타남 어쩔땐 정상인데 대체적으로 반박자~한박자 늦게 반응함 -야누스 3개설치기준 1번은 반박자느리고 2번은 한박자느리고 3번은 정상일떄도있음"
2026-07-10,0,0,아이템,뉴비 100억 메소 살 예정인데,[이미지] 투력 3300만 정도 되는데 메소 효율적으로 쓰기 위해 뭘부터 해야할 지 뉴비는 감도 안 옴 훈수 부탁드립니다...
2026-07-10,0,0,아이템,환산 10~11만대에서 200억으로 환산 350,가성비 좋은 편인거죠?
2026-07-10,0,0,아이템,선배님들 드메템관련해서 답변좀 부탁드려요 미리 감사드려요,이번 챌섭 유입 메린이입니다. 이제 차근차근 챌린저스월드를 따라가다보니 어느새 이지칼로스까지왔는데 이후 보스들은 템세팅에 과금이 필요해 보이더라구요 지금 상태는 버닝셋에 17성 여명셋 무기는 해방퀘중이고 기본으로주는 보조에 엠블렘입니다. 사냥하는 걸 좋아하는데 드메템을 이벤트링으로 맞추라고 유튜브에 보이더라구요 그러면 지금 덱21퍼 이벤링 2개 시드링 여명반지 인데 이벤트링을 드메로 돌리면 스펙이 많이 낮아질 것 같은데 선배님들의 메짱력으로 답변 부탁드립니다 ㅠ
2026-07-10,0,0,아이템,미트라 가격좀 봐조새요,제가 뉴비라 가격이 적당한건지 잘 모르겠는데 이거 가횟5에 135억인데 괜찬은건가여?? 이런거 챌린저 도전용으로 일단 좀 쓰다가 나중에 애완미트라로 키우던가 팔아서 더 좋은거 사던가 할려구요
2026-07-10,0,0,아이템,챌섭 챌린저목표 아이템 조언주시면감사하겠습니다,"챌린저 목표로하고있고 현재 전투력 9423만 9395 헥사환산 41,519 입니다 허리 , 도미자리 바꿔야 되겠구나 생각은하고있는데 구체적으로 무슨템으로 몇성짜리 갈아줘야할지 모르겠습니다. 현재 300억정도 있습니다 조언부탁드립니다"
2026-07-10,0,0,기타,유니온 패시브 우선수위 질문좀,200렙 메르세데스 있음 은월 아예 없음 250비약 은월주는게 나은지 아니면 또 다른 좋은 방안이 있는지 궁금함 유니온 8천도 아니고 4~5천따리임 알려주면 고맙겟음
2026-07-10,0,0,아이템,챌섭 뉴비 270억으로 어느부위부터 바꿔야할까요?...,직업은 아란입니다.. 보조가 먼저일까요 아니면 미트라를 구매를해야할까요 목표는 하드메이린입니다! [이미지]
2026-07-10,0,0,기타,라이젠2600 ---->>> 라이젠5600 효과 많으려나??,가게에서 낮에 서브컴두고 메이플 하는데 라이젠2600 램16gb 지포스1060임 ssd250gb 설정같은건 다 했고 램정리 프로그램도 쓰면서 램 사용률은 50% 유지중인데 사냥터나 보스에서 잔렉이 심할때가 많아서 cpu 라이젠5600 16만원정도에 업글하면 유의미하겠지???
2026-07-10,0,0,아이템,메린이 여명 살려고하는데 완작사나요?,완작사는게 낫나요? 아니면 노작사서 코인샵이용해서 직작하는게 낫나요?
2026-07-10,0,0,시세,메린이 시그너스 보조 시세 질문드려요,제가 진짜진짜 메린이라 시세를 모르는데 이정도에 23억이면 살만한건가요...?
2026-07-10,0,0,아이템,템 업그레이드 질문!!!,"이번주에 하드 메이린까지 잡고 싶은데 제일 가성비 있게 템을 업그레이드 하려고 합니다.... 일요일에 17성 강화권으로 가엔링 17성 까지 해주고 그 다음부터 뭐부터 해야할지 모르겠습니다. 생각하는건 크뎀,올스텟 아케인장갑인데 전문가분들의 조언 부탁 드립니다."
2026-07-10,0,0,직업,챌다신 아란 탬세팅이 궁금합니다,메이플 이번 처음 해보고 현재 세렌 노말까지 잡았습니다 챌을 달아보고 싶은데 하드 메이린까지 잡는데 보조 엠블을 얼마 짜리를 구매 해야 할지 고민입니다 3개월동안 꾸준히 해서 막차 탈 생각이고 285까지 사냥할 생각입니다 아이템 버닝 풀로 받고 해방 하고 4여명 5보장으로 보조 엠블 레전2줄 에픽1줄로 클리어가 가능할까요? 아니면 돈을 더 모아야 할까요
2026-07-10,0,0,아이템,메린이 지금 약간 막막한데..,"[이미지] [이미지] (이터널플레임 링 첫째줄에 메획 20%입니다) 이렇게 열심히 키우는 거 처음입니다 직업은 렌, 278렙(경험치 51%), 전투력은 2600만 나옵니다 챌린저스 티어 점수는 29000점입니다 직전 챌섭 세기말부터 열심히 출석체크 하고 사냥해서 무료 석펫 1마리 있습니다(제일 뿌듯) 제네시스 패스 plus만 빼고 챌섭 2주차 때부터 패스류는 다 샀어요 사냥은 주에 4만마리만 잡아와서 거의 안한 편이라 어제부터는 좀 달리는 중입니다 다들 벌써 해방하고 챌린저 찍는데 저는 이정도 밖에 안되니 숨이 턱 막히네요 해방 미션은 이제 스우? 쪽 진행중입니다 마음 같아선 챌린저 등급 찍어보고 싶어요.. 앞으로 뭘 더 해야할지 대충이라도 조언 부탁드립니다.."
2026-07-10,0,0,시세,뉴네임옥션 B급 감성 닉네임 좀 봐주세요,후아잉 << 올릴만한 값어치 할 것 같나요?? 아잉눈 좋아하는분들이면 사갈거 같긴 한데..
2026-07-10,0,0,아이템,[레테] 오늘 인생 첫 해방한 뉴비인데 추옵좀 봐주세여,이거인데 후자가 투력이 올라가지고
2026-07-10,0,0,아이템,챌섭에서 유니온의 힘은 찐모에선 못써요?,이건 그냥 연모용 버프인셈인가유
2026-07-10,0,0,아이템,"[챌섭]님들 마슈르, 달붕어빵 이거 보스할때 필수인가용?",개당 1400만원인데 넘아까버라 ㅋ큐ㅠ
2026-07-10,0,0,아이템,뉴비 카레잠 소모처 질문,엠블은 운좋게 레전 21퍼를 뽑아서 미트라에 쓰긴 애매한거같고 아델인데 보조엔 유니크 96X 뽑아두긴했어요. 레잠을 칠흑을 사서 바르는게 나을까요? 아니면 하트? 메이플 처음해봐서 컨이 딸리다보니 해방은 아직 생각못하고있어요 차라리 좀 세져서 1극딜이라도 줄이고싶은데 뭐가 스펙업이 야무질까요 현재 여명 4셋 칠흑 2셋(마깃안마도서) 입니당..
2026-07-10,0,0,기타,메린이 급해요,"본캐 보마 7/16 해방 챌섭 렌 7/16 해방 레잠2개 후보군 3 1) 보마 제네무기(5000+-단) 2) 렌 제네무기 3) 렌 하트 썬데이가 주흔이 떠서 페어리하트에 레잠바르고 플하 업글시켜서 썬데이 주흔작할지, 하트 포기하고 두캐릭 제네무기 나눠쓸지 고민입니당 쓰다보니 렌에 올인하고 챌린저 노리는데 보태는 데에 추가 기우는데 렌보다 보마에 더 애정이 가긴 합니다 렌 미트라 레전, 블랙보조 유니크 인데 보조는 사먹는게 좋겠죠? 레잠 사용처 선택을 도와주세요~"
2026-07-10,0,0,기타,환산 8만,8만 메소 비용 어느정도 될까요? 템은 어느정도로 맞춰야 되는지 대충이라도 알려주시면 감사하겠습니다!! 메린메린..끄응
2026-07-10,0,0,기타,캐릭터 피격판정 기준 질문,피격판정 기준이 캐릭터 머리라고 들었는데요 스킬을 쓰면서 머리가 움직이면 그대로 캐릭터 머리가 기준인가요? 아니면 기준이 바뀌나요? 렌의 경우 평딜이 스킬을 쓰면서 머리가 회전(빙글빙글?)하는 구조라 세렌 1페 기둥과 기둥사이에서 평딜하면 머리가 움직이면서 기둥에 맞는것같은데 그냥 무조건 머리가 기준인게 맞죠?
2026-07-10,0,0,기타,아스트라 보조무기 얻는데 얼마나 걸려요?,챌섭 끝나기전까지 얻을수있남
2026-07-10,0,0,아이템,챌섭 메린이 스펙업 질문 있습니다!,"현재 챌섭에서 제네,exp 패스는 구입하고 페어리하트 레전에 장신구는 기본으로 주는거 끼고 있고 여명 장신구는 17성 완료했는데 코인이 부족해서 아직 유잠은 못 발랐는데요!! 10만원 정도 현질하려고 하는데 어디에 쓰는게 좋을까요?.. 유튜브를 봐도 미트라를 사라는 내용도 많은데 제가 레잠을 페어리하트에 써서요!..."
2026-07-10,0,0,시세,여명 18 21퍼 가격차이가 보통 얼마나 나나요?,여명2셋을 하려고 하는데 가엔링은 이미 샀고 두번째로 에스텔라나 데브펜을 하려고 해요 그런데 에스텔라는 18-21 차이가 5억 중반대인거 같고 데브펜은 18-21 차이가 3억 초반대인데 데브펜이 원래 싼건가요 아니면 에스텔라가 그냥 잠재값 시세가 좀 더 비싼건가요? 뭘 먼저 살지 모르겠어요...
2026-07-10,0,0,기타,어빌은 무조건 첫줄 열고 돌림?,지금 재사용 20 상추 7 쓰고있어서 보공 띄워야되는데 재사용 20이 너무 아깝다.. 재사용 15~16 이런거 쓰니다 20 되니까 채감 심하던데 재사용 상추 잠그고 돌리는건 좀 에바 겠지?
2026-07-10,0,0,기타,챌섭뉴비 과금 질문,"메이플 현질해서 못참고 거의 원더베리에 박았는데 30만원 무과금, 2만원 자석펫 등 이득과 손해를 둘다 경험해보니까 너무 고민이 됩니다. 2640원주고 메소 사먹자니 자석펫으로 메소샵보다 이득 본거 생각이 나고 그렇다고 원더베리 한번 더 해보자니 원더베리 30만원 무과금이 생각이 나서 저점이 높은 메소 사먹기가 맞는거 같은데 메소값이 너무 비싸서 어떻게 해야될지 고민입니다 mvp레드를 달려고 60만원 지른거라 일단 이번주 손해 안보려면 메포로 바꿔놓든 원더베리를 해서 템을 맞추던지 해야될 것 같은데 안그럼 덜 손해보면서 메소 사먹을 수 있는 방법이 있는지 궁금합니다"
2026-07-10,0,0,기타,메이플 접속이안됨 아시는분ㅠㅠ,문의 넣었는데 답변도안오고 전날 잘되다가 갑자기 이럼 이 컴퓨터로 다른 계정들어간적도 없음 비번 틀리거나 한적도 없고 피방이나 다른 컴퓨터론 다 들어가짐 인터넷 문제도 아닌게 다른 넥슨 게임 잘됨..
2026-07-10,0,0,아이템,나중에 아버 사라질때,18성 강화권 3개 있으니까 도전자 22성이랑 비슷하게 3에테 5앜으로 쓰다가 나중에 성능 더 좋은 8에테 템 사서 업하는게 가성비가 좋을꺼 같음 아님 시작부터 적당한 17성 윗잠 20퍼이상 밑잠 에픽2줄 8에테박고 18성 강화권 갖다버리고 하는게 더 좋을꺼 같음??
2026-07-10,0,0,아이템,해방이랑 미트라 잠재 뭐부터 돌려야 할까요?,직업은 카데나구요 해방무기는 윗잠 공공뎀 12 12 9 밑잠 유니크 공6 미트라는 윗잠 공공올스탯 12 9 6 밑잠 공12 9레벨당luk+1 이렇게 있는데 해방무기는 제네플러스 코인을 다음 미라클때 밑잠 등업 시키고 밑잠 2줄 노리는게 맞을까요? 아니면 그냥 윗잠 3줄부터 먼저 노리는게 맞을까요? 그리고 미트라는 상급 챌코인으로 윗잠3줄을 노리는게 맞을까요 아니면 밑잠 2줄을 노리는게 맞을까요 너무 고민입니다 도와주세요
2026-07-10,0,0,기타,플위 어빌 질문,명성치는 300만정도 있습니다. 지금 이상태인데 일요일에 보공만 잠구고 돌릴까요? 아니면 프리셋3남았는데 거기에 도전해볼까요?
2026-07-10,0,0,기타,메린이 선데이 질문드립니다~~,이번 선데이때 헥사스탯을 가면될까요? 아니면 환산주스탯 보고 순차적으로 가면될까요? 환산에서는 스킬강화 더 하고 스탯인데 조각이 부족해서요!
2026-07-10,0,0,기타,테섭은 원래 레드pc인가용?,otp 되어있는데도 레드로 떠서용
2026-07-10,0,0,아이템,카레잠은,하트가 가성비는 젤 낫나요? 정보 과잉으로 헷갈리네요.. 미트라는 지금안사고 나중에 완작 사려합니다. 제네무기 제외하구요
2026-07-10,0,0,아이템,어제 해방한 와헌 메린이입니다 해방큐브했는데,이렇게 나왔습니다 이벤트 화에큐는 다 사용했고 블랙 큐브는 남았는데 아끼고 제네플 큐브로 먼저 옵션 건드려보는게 나은가요?
2026-07-10,0,0,아이템,마라벨 여우 무기? 이펙트 어캐끄나요,사냥터에서 제가 아니라 다른유저 여우가 제 캐릭터보다도 앞에 서있어서 가리는데 너무 거슬립니다 이거 어떻게 지우나요??
2026-07-10,0,0,기타,챌린저스 서버 다음주에 시작 챌린저 가능?,챌린저스 서버 다음주에 시작해도 챌린저 달성 가능한가요??? 많이 늦게 시작하는 느낌이라서 여쭤봅니다!
2026-07-10,0,0,기타,아스트라 보조무기 얻는데 얼마나 걸려요?,챌섭 끝나기전까지 얻을수있남
2026-07-10,0,0,기타,[챌린저스]이번주 썬데이 뭐해야돼요?,주흔작 할거있나요?
2026-07-10,0,0,직업,헥사스탯 썬데이때 갈아 엎어야 할까요?,썬데이 20퍼가 어느정도인지 몰라서 질문드립니다. 1핵사 메인 5렙 2핵사 메인 7렙 3핵사 이번에 찍을 생각인데 2핵사는 그냥 둔다 치고 1핵사는 초기화 할법한가요?
2026-07-10,0,0,직업,챌섭에서 285렙 2개 키우려고 하는 메린이 입니다! 질문 있습니다,"안녕하세요! 이번 챌린저스 서버에서 처음 시작했고, 현재 레벨은 283 앞두고 있으며 헥환 49,000 정도입니다. 그런데 처음 시작할 때 직업을 너무 성급하게 선택한 것 같아 다른 직업도 한번 해보고 싶은 상황입니다. 지금 캐릭터에 계속 집중한 뒤 다음 챌린저스 서버에서 새로 키울지, 아니면 현재 캐릭터는 285까지만 찍고 이번 서버에서 다른 캐릭터를 키울지 고민 중입니다. 사실 지금 캐릭터에 크게 정이 가지 않고, 앞으로 본캐로 계속 키울지도 확신이 서지 않습니다. 유챔용으로 다른 캐릭터를 미리 육성해 두는 것도 나쁘지 않다고 생각하고 있습니다. 제네패스,아버 없이 키워야 되는점 인지하고 있으며 해방까지 3달 소요된다고 잡고, 새 캐릭터를 키우게 된다면 약 50만원 정도 과금할 예정인데, 이 정도 투자로 검밑솔까지 가능한 스펙을 맞출 수 있을까요? 직업이 너무 많다보니 뭔가 내 직업이다 싶은게 나올때까지는 다른 직업도 맛보고 싶네요ㅠㅠ 메짱형님들의 고견 듣고 싶습니다."
2026-07-10,0,0,아이템,도전자풀셋 vs 에테르넬12성,도전자 미션 풀강상태라고 했을때 잠재 유니크 15퍼 에디 레어 마10 같은기준 에테르넬 12성 4셋 (제네무기 5셋) 으로하는게 더 셀가요??
2026-07-10,0,0,몬스터,메린이 하메 잡기까지 메소 얼마나 써야할까요?,썬콜하는 메린이인데 목표는 2~4주 뒤에 배율 105퍼이상을 찍는게 목표입니다. 일단 하루에 4시간 반 사냥으로 9억 메소쯤 벌고 있긴 한데 몇 억 메소를 더 써야 최소 105퍼~안전하게 120퍼 정도가 찍힐까요? 대충이라도 말씀해주시면 정말 감사하겠습니다. [이미지] [이미지] [이미지] [이미지] [이미지]
2026-07-10,0,0,아이템,해방 무기 큐브 더 써야할까요?,해방해서 3줄은 나온 거 같은데 대적자용 큐브가 너무 많이 남아서요 아스트라는 해본적 없어서 될지 안 될지 모르겠는데 저 큐브 더 써서 더 좋은 옵션 노려봐야할까요?
2026-07-10,0,0,직업,극딜버프 시퀀스 지속시간 짧은거를 앞으로넣는건가요 아니면 긴거를 앞으로하나요,제발알려주세연
2026-07-10,0,0,아이템,챌섭레테 여명4셋 이후 뭐맞추는게 좋나요,여명4셋은 작된거로 맞췄고 보조랑 엠블은 유니크까지만 해둔 상태입니다 (엠블은 본섭캐릭꺼 미트라 줄까해서 보류중) 다음으로 뭐맞추는게 좋을까요
2026-07-10,0,0,몬스터,팔라딘 외 다른 직업분들,안녕하세요. 팔라딘 본캐로 키우고있는 팔붕이입니다.. 현재 헥환 7.6만 익스우 139퍼 배율로 30초 남기고 클리어 하고있는데 혹시 다른 쓰앵님들은 몇배율에 몇 분만에 클리어하고 계실까요..? 대부분 도핑은 다 하고있어서 마일빼고 유챔 4444로 맞춰서 입장하고있고 그대로 환산에 검색해보니 135퍼인데.. 30초 남기고 깨는데 정상인가요..? 혹시 참고할만한 익스우 강의 영상같은거 아시는분 있으십니까? 1페 3어센트로 쉴드찰때마다 까고있고 3.5극으로 1페가 넘어갑니다... 초뚝 사용중입니다.
2026-07-10,0,0,기타,다음 목표 추천 부탁드립니다.,지금 헥환 5만직전이고 다음 목표를 잡아야 쭉달릴것 같아 다음 목표로 적당한게 있으면 추천 부탁드립니다. 렌때 찍먹하고 이번에 처음으로 이적자랑 검마 잡아봤습니다.
2026-07-10,0,0,기타,하림1페 몇분이 마지노선인가요?,1페 몇분안에넘겨야지 클각보이나요?
2026-07-10,0,0,기타,챌린저서버 질문있습니다,친구랑 이번 챌린저 서버를 둘이 즐기고 있습니다 챌린저 200렙 찍어주는 포션 20개 를 주는데 이미 유니온 9800이면 어디다 써야 하나요? 메이플을 이미 많이 즐긴 친구가 해방 했으면 도전자 셋트 5셋만 받고 에테 장갑 크뎀1줄 주스텟1줄 18성 을 찍고 도전자는 5셋만 받고쓰라는데 도전자 풀셋보다 쎈가요?
2026-07-10,0,0,기타,지금 엠작 뭘 사는게 나을까요?,깡메포는 물통대비 너무 비싼데 마땅한 녀석 없을까요?
2026-07-10,0,0,기타,신규6차 담주에 들어오는건가영,ㅇㅅㅇ
2026-07-10,0,0,기타,메이플 글씨체 관련 질문입니다..일정부분만 글씨가 깨져요 ㅠㅠ,이미지 처럼 메이플에 있는 전체 글씨가 다 깨지는건 아니고 대표적으로 제 닉네임 부분이랑 저런 텍스트로 되어 있는 부분들이 글씨가 깨져서 게임하는데 상당히 불편하네요 ㅠㅠ 채팅창도 글씨가 저렇게 깨졌는데 저건 글씨 크기를 확대하니까 해결이 됐는데 다른 부분들은 어떻게해야 폰트를 정상적으로 되돌릴 수 있을까요? 검색해보니 윈도우 폰트 자체를 바꿔보라그래서 바꿔봤는데 저 부분은 변하지가 않네요...혹시 아시는 분들은 부탁드립니다..ㅠㅠ [이미지]
2026-07-10,0,0,아이템,아버에서 에테르넬로 바로 가면 200제 17성은 어디에 쓰나요?,말 그대로 임당
2026-07-10,0,0,아이템,혹시 뉴비스펙업좀 도와주실수있을까요 80억보유중입니,상급챌코샵 50개 블큐 화에큐한개도안샀고 챌월드 마스터보상 블큐 화에큐30 30도안썻습니다 제네플러스코인도한개도안쓴상태 이벤링은 전부 메획+아드한줄씩인상태 80억있어요지금
2026-07-10,0,0,기타,챌섭 메린이 에메랄드까지 목표잡았는데...,"... 보스를 하드 보스 잡은 건 데미안까지 (데미안-스우-파풀 요정도) 가엔슬은 카오스까지 잡아본 적이 있어서 가능할 것 같은데... 더스크나 듄겔은 노말 솔격했고, 노말 루시드 / 노말 윌까지 솔격을 해봤는데 나머지 보스들은 엄두가 안나요 ㅠㅠ 가능하긴 할까요!? ㅠㅠ"
2026-07-10,0,0,아이템,메린이 아이템 시세 문의,원래는 유잠이랑 에픽에디 주는걸로 내가 쓸 아이템 직작하려고 대충 코인샵에 있는거 사서 돌리다가 덱 21퍼 나왔길래 내친김에 코인샵 환불 사서 돌리고 에디는 메소로 돌리자마자 유니크 올라갔음 놀긍 대충 발라주고 스타포스 달다가 메소없어서 멈췄는데 지난주에 시작해서 진짜 시세 이런거 잘 모르는데 요런건 얼마정도에 팔림?? [이미지]
2026-07-10,0,0,아이템,챌섭 템맞추려는데 궁금한게 생겼습니다,현재 본섭 최고점이 진힐라 노말입니다. 해방x 4여명 5보장 사용중이라 챌섭도 똑같이 맞추려고 하는데 파풀마가 4억인데 여명템들은 300에서 3천만원정도밖에 안하더라구요. 예전에 템 맞췄을때는 여명템이 더 비쌌던거 같은데.. 잘못기억하는건지... (노작기준) 원래 파풀마가 더 비싼건가요? 그리고 앞으로 템은 어떤식으로 가야할까요? 해방이 목표입니다.
2026-07-10,0,0,아이템,컨티4레벨 질문,"이제 17성, 유니크 둘둘 다마친 챌섭 팬텀입니다. 전투력 5200만정도고, 검마 아래는 다 잡아요 컨티 4레벨 나와서, 팔까 말까 고민중인데요, 기간제 3레벨 => 4레벨 효율이 30억 그 이상의 값어치를 하는지 궁금합니다. 지금 보조는 공 18/6, 똥블렘 9/6 입니다. 무보엠쪽을 보강해야하나 싶기도한데, 엠블은 미트라 노작사고 끝이니.. 고민이네요. 환산주스탯 주소 첨부합니다..!"
2026-07-10,0,0,기타,이거둘중 뭐골라야할까요??,오른쪽 고르는게맞을까요?
2026-07-10,0,0,직업,뉴비 유챔용 직업 키워보려는데 라라 vs 일리움 vs 배메 세개중 추천좀여,"이번 레테출시로 복귀한 뉴비고, 보스는 노세이칼까지만 해봤는데 부캐 키우고싶어서 천천히 키워보려 합니다. 라라, 일리움, 배메중에 고르려는데, 성능은 크게 신경 안쓰고 셋중에 보스돌이 편한캐릭 추천 부탁드립니다. Q 제목: 유챔용 부캐 추천 (종료) 최대 1개 선택 가능 참가자: 14 명 26.07.12 00:45:59 마감 득표순 답변순 일리움 (85.7%, 12표) 라라 (7.1%, 1표) 배메 (7.1%, 1표) 투표가 종료되었습니다."
2026-07-10,0,0,직업,캡틴,주보용으로 키우고싶은데 찾아보면 너무 약하다고 해서 고민이 되는데 키우면 후회할 정도인가요?
2026-07-10,0,0,아이템,아케인 장갑 괜찮나요,관세 x 27억인데 살만한가요
2026-07-10,0,0,아이템,뉴비 스펙업 뭐 해야 하나요..?,???멍캡틴(갈멍캡틴인데 자꾸 깨지네요 ㅠㅠ 죄송함니다아!!) 진짜 쌩뉴비인데 막막해요..
2026-07-10,0,0,기타,메이플 뉴비 ai한태 챌썹 물어봤는데 맞나요?,"메이플 스토리를 태어나서 한번도 안해본 1인 입니다. 여러가지 추천 영상을 본 후 고민끝에 렌과 아란이 1,2순위로 자리 잡았습니다. 그에 따라서 정리 ai 한태 정리 해달라고 했는데 맞나요? 렌이 왜 남케인지는 모르겠네요; [이미지]"
2026-07-10,0,0,아이템,보조무기 잠재 질문,챌섭 에메랄드 보상으로 받은 레잠 스크롤 블랙 보조에 쓰고 재화 털어서 블큐 돌렸는데 이정도로 만족 할만한가요? 아니면 더 써서 레잠 2줄 노려보는게 좋을까요
2026-07-10,0,0,아이템,카레잠 사용처 미트라vs아케인장갑,지금 똥블렘 유니크2줄 에디에픽 1줄 쓰고있는데 미트라 노작값좀 떨어지면 미트라에 발라서 직작으로 대충 2줄 뽑아쓰고 장갑은 깡통크뎀 사서 18성 바르기 vs 아케인장갑에 마스터보상 18성+레잠 발라서 크뎀장갑 만들어쓰고 미트라 사먹기 뭐가 더 나을까요?
2026-07-09,0,0,직업,제논 어센트 질문,1렙 어센트는 그냥 단순 무적으로 사용하면 되는건가요?
2026-07-09,0,0,아이템,주흔작 하는 방법 질문,플라즈마 하트에 주흔 30작 하려고 하는데 몇 번 붙으면 순백 쓰나요?
2026-07-09,0,0,기타,해방퀘로 보스 잡은것도 어둠의 흔적 들어오나요?,예를들면 지금 스우 잡는 단계인데 스우 해방퀘인걸로 잡아도 어둠의흔적 들어오는건가요?
2026-07-09,0,0,아이템,큐브 사용처,대적자 큐브 위아래 뭐 부터 손 볼까요 캡틴입니다
2026-07-09,0,0,아이템,이거 엠블렘 윗잠 옵션 돌려야하죠?,직업은 레테인데 사파이어 달성보상 블큡 30개 다 돌려도 저 옵션보다 나은게 안 뜨네요 블큡 더 써야겠죠? 임시로도 못쓰죠?
2026-07-09,0,0,아이템,해방했으면 15퍼 여명장신구 프악작 해주면 되나요?,예전에 카유잠 발라서 15퍼 공10 놀긍떡작 해 둔 여명셋들 이제 보스코인샵이랑 챌섭코인샵 프악작 완작해줘도 되나요?
2026-07-09,0,0,아이템,뉴비 제네무기 뭐먼저 돌릴까요?,화에큐로 돌리다가 에디가 레전등업을 해버려가지구요 대적자 화에큡사서 에디돌리는게 맞나요? 추옵은에디맞추고 돌리면될까요? 추옵 저정도면 쓸만한지 궁금해요
2026-07-09,0,0,아이템,에디 둘 중 뭐 써야되나요??,오른쪽이 유효옵 두줄인거 같은데 왜 투력은 더 낮아질까요 투력 낮아지더라도 오른쪽 옵션 선택해야되나요?? 정보 알려주시면 감사하겠습니당
2026-07-09,0,0,아이템,챌패스 본섭으로 수출,"챌패스 보상 받은거 본섭으로 가져갈 수 있나요? 레테 목표가 크지 않은데 보상이 너무많아서.. 레테 전부 투자하기엔 아까워서요 챌코인샵 품목들 보면 들고리프가 안된다는 문구가 써있던데, 안써있으면 다 들고갈 수 있으려나요? 기간도 길어서 조기리프하면 가능한지 안한지 궁금합니다."
2026-07-09,0,0,기타,고스트파크 잡몹겁나아프내...,귀신은 피하기 쉬운데 잡몹이나 불 이런거에 계속 죽네[요ㅕ.. 10분채워보고싶은데 고인물분들 아알려주세[요ㅕ
2026-07-09,0,0,아이템,챌섭 메린이 해방했는데 잠재 어떻게 할까요?,"챌섭에서 듀블 해방했습니다! 현재 챌린저스코인 큐브랑, 플러스패스, 마스터티어 큐브까지 다 돌렸는데 윗잠2줄,아랫잠1줄 떴습니다! 둘 다 아쉬워서 패스 열리면 돌릴 거 같은데, 뭐부터 돌리는 게 맞을까요? 아마 패스는 다 사서 현금투자는 잘 안할 것 같습니다"
2026-07-09,0,0,아이템,안녕하세요 유입메린이입니다. 아케인셰이드 디키오샀는데,안녕하세요 유입메린이입니다. 아케인셰이드 디키오샀는데 엄청 싸게 올라와있더라고요 100만메소에 샀는데 이거 사용해도 될까요 ?? 강화시켜서 쓸까하는데 [이미지]
2026-07-09,0,0,아이템,타오르는 환생을 불꽃 구매해도 ㄱㅊ 나요?,새로 산 보스 장신구 추옵이 마음에 안들어서 보스 코인샵에서 카르마 타오르는 환생의 불꽃 구매하려고 하는데 구매해도 상관 없나요? 메린이여서 모르고 카르마 검환불 막 쓰다가 점점 부족해서 그런데 여기 코인샵은 코인개수 널널 하니까 이거 구매해도 상관없을까요??
2026-07-09,0,0,시세,블랙빈 마크,블랙빈 마크 인트 15 노리다가 힘 966 떴는데 별 안달고 얼마정도에 팔리나요?
2026-07-09,0,0,아이템,템 진로 찐 최종 확인 제발 부탁드립니다,"우선 똑같은 주제로 너무 많이 물어본 것 같아서 좀 그렇지만 최대한 손해 안보고 싶어서 계속 물어보게 되네요.. 진짜 마지막일 것 같으니 부디 한번만 봐주세요.. [이미지] [이미지] [이미지] [이미지] 아래는 계획한 템 진로이고 더 좋은 방법이 있다면 알려주시면 정말 감사하겠습니다. 레잠으로 드메템 만들어서 팔기 -> 약 18~19억 레잠 1개 / 유잠 4개 / 에에잠 2개 / 17성 5개 1. 보조: 깡 쓰다가 윗 보방공+에공6퍼 구매 / 약 25~28억 1. 트와일: 깡 사서 17성(이건 블빈마에 쓸수도)+카유잠 15~21퍼+에공10+놀긍떡작+추옵작 / 이미 10성 깡 있 1. 데브펜: 깡 사서 17성+카유잠 15~21퍼+에공10+놀긍떡작+추옵작 / 이미 깡 있 2. 여명가엔링: 깡 사서 17성+카유잠 15~21퍼+에에잠 공6~9퍼+놀긍떡작+추옵작 2. 에스텔라: 깡 사서 17성+카유잠 15~21퍼+에에잠 공6~9퍼+놀긍떡작+추옵작 3. 골클벨(or 분쿰벨): 노 스타포스 잡유 사서 17성+힘 15~21퍼+에공10+놀긍떡작+추옵작 / 약 4억 4. 엠블(챌섭 끝나고 해도 충분할지도?): 미트라 윗15~21퍼+에디6퍼 / 약 48~50억 앞에 숫자는 우선순위이고 숫자가 같은 건 같이 바꾸려고 합니다. 보조 살 메소 모으면서 바꾸려고 하고, 어제 노말 진힐라랑 카오스 가엔슬을 가봤는데 둘 다 입극딜에 오리진까지 박았음에도 3~4퍼정도밖에 안 닳길래 어디가 가장 문제인지 알고 싶습니다. Q1. 깡10성 트와일이랑, 12성 힘15에공10 블빈마가 있는데 17성 하나 남는 걸 어디에 발라야 할까요? Q2. 연합토큰이 이번주꺼 포함하면 4100개 있는데 유잠을 사서 데브펜에 바를지, 이벤링큐브 사서 드메1줄 띄울지 고민됩니다. Q3. 아케인심볼이 낮은데 0순위로 노말 진힐라(1230) 정도는 우선적으로 올려야 할까요? Q4. 엠블은 미트라로 안바꿔도 챌린저 가능할까요? Q5. 패스만 사는 뉴비 기준으로 레잠으로 드메템 만들어서 팔고 그걸로 스펙업 하는 게 좋을까요??"
2026-07-09,0,0,아이템,대적자 코인 어디에 써야 하나요?,무료로 주는 큐브들 다 썼고 제네플러스 사서 대적자코인 2500개 남았습니다
2026-07-09,0,0,기타,유챔세렌 117퍼 못깨먼..,제 컨이 문제인거겠죠 15퍼정도가 계속 남네요 팁같은게 있으면 조언좀 부탁드려요
2026-07-09,0,0,아이템,966고근 살만 한가요?,17성 주문서 발라서 쓰다 나중에 넘어가는 용도로 괜찮을까요? 지금 피도미쓰고있고 3칠흑이에요 최저65억인데 ㄱㅊ?
2026-07-09,0,0,아이템,뉴비 카레잠 질문 있어요,"1. 마트라 사고 블랙 보조에 레잠 바르기 2. 미트라 노작값 보조 사고 똥블렘에 바르기 3. 두줄 에디에픽 보조 사고 미트라 존버(좀 오래 걸릴듯) 다른 더 좋은 방법 있으면 고견 부탁드립니다. 하트는 이미 레전이에요… Q 제목: 레잠 (종료) 최대 1개 선택 가능 참가자: 1 명 26.07.10 17:40:59 마감 득표순 답변순 3 (100%, 1표) 1 2 투표가 종료되었습니다."
2026-07-09,0,0,아이템,미트라 직작 손해일까요?,[이미지] 카레잠이랑 에디 유니크 잠재 바르고 시작 노작30억 + 큐브비용해서 야금야금 지르다보니 120억이나 들었네요.. 3줄.. 어렵네요 ㅠ 손해일까요? 평타는 쳤나요? 다음부턴 사먹어야겠다는 생각이 ㅠ..
2026-07-09,0,0,몬스터,대적자 패턴 질문점요,돌진 패턴 때 바로 기절 걸려버리는데 이거 어케 피해요? 다른 패턴들과 다르게 바로 기절 걸려서 피할 수가 없는디..
2026-07-09,0,0,퀘스트,챌섭 메린이 주간퀘 질문 있어요,"이번에 새로 시작한 메린이 인데요 지금 헤이븐, 타락한 세계수, 크리티아스 주간퀘 다 해야하는건지 궁금합니다!!"
2026-07-09,0,0,아이템,챌섭 뉴비.. 가고 있는 방향이 제대로 된 건지 모르겠어요,"제가 시작한 지 4~5일 정도 되서 일단 돈이 모이는 대로 보급품 패스 / 방어 임무 패스 / 도전의 문장 패스에 사용하고 있어서요. 방어 임무 패스 / 도전의 문장 패스는 10회 다 완료했고 보급품 패스는 하고 있는데 6개 남았거든요. 근데 이게 이미 페어리 하트도 다른 곳에서 받아서 더 투자를 해도 이득 볼 게 없는 것 같아 다른 곳에 메소를 쓰고 싶은데 어디에 써야할 지 모르겠어요. 일단 도전자 세트 / 블랙 보조 보뎀뎀 마6% + 마12 / 골드 엠블렘 유에 마마뎀 마6% 쓰고 있구, 가디언 엔젤링이랑 데브펜 장착해서 2여명 7보장 세트 쓰고 있는데.. 챌섭 끝나면 30 야누스도 사라지고 석펫도 사라지는데 석펫이 사라지면 드메(현재 재획비 쓰면 메소 20%/ 아드 84% 어빌리티에 레전 아드랑 이벤링에서 좀 챙겼어요)를 더 올려도 소용 없을 것 같아서요. 일단 템세팅을 더 강하게 맞추느냐, 드메템을 맞추느냐, 30야누스 재료를 모으느냐, 자석펫 하나를 사느냐, 이 정도인 것 같은데 뭘 해야할 지 모르겠으니까 답답하네요 ㅠㅠ [이미지] 잘 보이실 지 모르겠지만 일단 첨부해볼게요 글 쓰는 게 처음이라 좀 서투른 점 이해해주세요.."
2026-07-09,0,0,아이템,펫 장비 능력치 이전,프펫공 주문서 다른 펫에 잘못 썼는데 혹시 장비 능력치 이전 같은 거 없나요?
2026-07-09,0,0,아이템,챌섭 다이아 달성 보상으로 받은 하트 업그레이드 모듈:플라즈마 본섭으로 옮길수 있나요?,본섭 본캐주려고하는데 본섭이전할때 가져갈수 있는지요? 가져갈수 있다면 본캐에 조건없이 먹일수 있나요?
2026-07-09,0,0,퀘스트,유니온이랑 아티팩트 미션 미리 준비하려는데,아티팩트는 본섭 넘어갈때 최소 몇렙은 되어야 하려나요?? 그리고 200 빠르게 찍는 팁점 알려주시면 ㅠㅠ 스페셜 퀘도 왠만하면 다 깨놓으려하고 있고 본섭 올때쯤 레테 285는 찍을 생각입니다 해방은 다담주 예정입니다...
2026-07-09,0,0,직업,복귀 유저 질문있습니다!,저번 하이퍼때 렌 키우다가 275쯤 찍고 유기했고 지금은 복귀해서 캡틴 키우고있습니다(278에 제네패스 구매) 근데 렌하다가 해서 그런지 조금 제취향이 아니더라구요 ㅠ 일단 이번 이벤에 키우고 다 키우면 렌으로 돌아갈까 하는데 괜찮을까요? 사실 이번에도 렌 새로 키울까 하다가 예전에 키운게 아까워서 캡틴한거거든요 원래 있던 렌 도전자 날아갔으니까 새로 템세팅해서 키울까하는데 할만할까요? 보조랑 엠블은 대충 맞춰져 있어용
2026-07-09,0,0,기타,환산주스탯에서 헥사 볼 때 기운? 조각?,제목 그대로 입니다 환산주스탯 보고 헥사 따라 찍을 때 조각 기준으로 보나요?? 기운 기준으로 보나요?? 그리고 기운은 좀 어디서 확확 얻을 수 없을까요...
2026-07-09,0,0,기타,저혹시 길스 대해 여쭤볼게있어서 ㅠㅠ,습관화가 안되었나봐요 ㅠㅠ 까먹어서 .. 제가 저번주 수로를 안쳐서 .. (메이플 조금하다접다가 이번에 제대로 하는중) 길스를 이번주 못쓴다고하셧는데 이번주 수로쳐도 안된다하셔서 이번주 해방이라 필요해서그런데 혹시 다른방법이있을까요 ㅠㅠ? 그럼 이번주내내 길스를못사용하나요? 질문: 길드 나가도 다른길드들어가면 이번주내내 길스못쓰나요? ㅠㅠ
2026-07-09,0,0,아이템,유니크 잠재 질문있습니다,18성 마이링이랑 파풀마 사려고 하는데 유니크 살 거면 966 고집하지 말고 그냥 96만 쓰는게 나을까요? 21퍼 사려고 하면 966보다 레전 12 9가 더 이득인지도 여쭤보고 싶습니다
2026-07-09,0,0,몬스터,메이린 계속 5퍼정도 남는데 어캐 하면 잡을까요,Youtube Loading 4.6보마 96퍼센트 나옵니다. 애초에 개똥손이라 이런 짓 할 생각 없었는데 보우마스터라는 직업이 저에게 뭔지 모를 용기를 줘서 시도했다가 지금 계속 묶여있습니다 ㅠㅠ 괜히 건드렸나봐!!! 이거 제가 뭔가 치명적인 실수를 하고 있는건가요..? 누구 알려주실 분 없나요 ㅠㅠ
2026-07-09,0,0,기타,메수라이브 잠재능력 설정 질문,[이미지] 메멘토 골드랑 블큐 기댓값 보고싶은데 방무 미포함 보공35이상 기댓값 이대로 계산해서 나온 결과값이 제가 맞게 설정한건가요??? 보조무기 기준입니다!
2026-07-09,0,0,기타,뉴비 메획템 어떻게 구해야할까요?,메획템 지금 기본 20억이 넘네요 이벤링은 올인인 27퍼 2개 뜨고 하나는 아획이 떠서 챌섭에 메획템이 하나도 없는데 아르테리아 메제 유저 기준으로 하프이어링 메획 1줄을 21억 가량 주고 살만 할까요?
2026-07-09,0,0,아이템,이번에 첫챌섭 시작한 뉴비 해방이후에 템세팅이 궁금해요 ㅇㅅㅠ,"안녕하세용 첫 챌섭 해방 이후에!! 챌린저 티어도 욕심이 나가지구요! (천천히 빠르게 상관없이 하고있음!) 질문드리기전에 유튜브 엄청 많이 찾아봤는데 저마다 미트라를 먼저 간다던지 아니면 애완용미트라를 하라거나 보조무기를 사라거나 에테 크뎀장갑을 사라거나 엄청 다양해서.. 갈피가 잘 안잡히더라구요! 4~500억 정도 천천히 준비해볼까 하고있는데 제가 생각해봤던건 컨티4렙링 , 도미네이터 유잠17성으로 바꾸기 보조 , 엠블렘 바꾸기 에테크뎀장갑 사서 에테 2셋하기 정도 생각해봤는데 제 생각이 맞을지 싶어서요!! 템세팅 방향성 추천하시는 방법!! 4~500억을 나눠서 투자한다면 제가 그리구 해방무기가 보보보가 떴는데 엠블렘이나 보조를 공퍼로만 사야하는지! 에디셔널은 큐브 지금 120개정도 질렀는데 계속 돌려서 레전 띄우는게 나을지! 읽어주셔서 감사합니다 [이미지] [이미지] [이미지]"
2026-07-09,0,0,아이템,무기 질문 드립니다,생에 첫 해방 제네무기 돌리는 중 입니다... 1. 추옵 2추 보공 12떴다가 법사는 1추가 무조건 좋다해서 1추 데미지 4퍼인데 2추보공보다 좋나요?? 추옵 성능은 어느정도인가요?? 2. 잠재에 마력 12 보공30 보공 30 떴는데 대적자 큐브 같은거 전부 에디큐브 사도 될 정도일까요? 아니면 조금은 사서 돌려야할까요?? 추옵과 잠재 어느정도 급인지 궁금합니다!! [이미지]
2026-07-09,0,0,아이템,템세팅 진로좀 부탁드립니다,[이미지] [이미지] [이미지] [이미지] 280은월입니다 이적자정도까지 돌면서 모은메소로 매시즌 챌섭 즐기려고하는데용 미분 잠재+에디해서 공30짜리 먼저사기 4여명세트 먼저맞추기.. 또는 4여명에 엠블렘 옵션 조금만 건드리고 이적자 포기하고 검마까지만 돌면서 메소모아가지고 다음 챌섭캐릭 준비를 해야할지 칠흑도 몇부위 좀 맞춰서 메소를 확실히 벌어놓을지도 고민되네요.. 뭐 먼저해야할까요.. 무기랑 방어구라인은 괜찮은거같은데 당장 하드검마 배율도 높진 않아서요 현재 스펙 및 보스컷입니다 환산주스탯 상동여심도둑 <-- 검색하시면 나와요! 보시기 편한걸로 보시면 될고같슴다
2026-07-09,0,0,아이템,이후 템셋진로고민입니다,현재 템셋입니다 계획중인건 17~18거공 유에 + 마도서 or 17~18몽벨로 4칠흑 맞출예정이고 귀걸이는 오글링or 마이링 22성 생각중입니다. 이렇게가도되는지 여쭤봅니다 ㅠ
2026-07-09,0,0,시세,메린이 몽벨 시세질문,2주차 메린이입니다. 몽환의 벨트 떳는데 시세 질문합니다. 도와주세요 ㅠㅠ
2026-07-09,0,0,퀘스트,이번 챌린저스 뉴비 입니다. 훼방퀘 흔적 질문 드립니다.,제가 해방 스우퀘 829흔적(제네시스 패스 샀음) 이었는데 스우퀘는 연모로 완료하고 찐모로 하드스우를 잡았는데 흔적이 879가 되었습니다. 재네시스 패스면 흔적×3 이라서 50이 아니라 150을 줘야 하는거 아닌가요? 궁금해서 올려봅니다.
2026-07-09,0,0,몬스터,레테 이지칼로스 패턴 질문,1. 텔-텔-찍 무조건 반복인가여? 아닌 경우도 있나요? 2. 텔-텔-찍 반복이 맞으면 칼로스를 어떻게 유도하는게 좋나요? 레테입니다. 찍기때문에 계속 죽음
2026-07-09,0,0,아이템,제네 해방하고 옵션 떴는데..한번만 봐주세요 ㅠ,잠재 블큐 120개쓰고 에디는 화에큐 40개써서 레전 등업해서 옵 요렇게 나왔는데 메소 좀 박으면서 잠재 다시 뽑는게 좋을까요 아니면 천천히 하면서 큐브만 박아넣는게 좋을까요..
2026-07-09,0,0,아이템,장신구 에디 에픽 2줄은 어떻게 만드는게 제일 좋나요?,"챌썹 이벤트 에잠 다 써도 몇부위는 레어 상태인데, 이런 부위는 그냥 레어 쓰나요? 아니면 메소나 큐브로 등업 노리는게 좋나요? 큐브 쓴다면 브에큐 박아도 괜찮은건지..."
2026-07-09,0,0,아이템,잠재전승권 질문이요,아케인셰이드 클론에 공30이 떴는데 이거 제네무기로는 못 옮기죠?? 똑같은 클론에 옮겨야하나요?
2026-07-09,0,0,아이템,제네 오늘 해방하고 검환불 큐브 결과가 이런데,심환불이랑 블큐 중 우선 순위가 어느쪽인가요? 제네플러스는 아직 구매하지 않았습니다
2026-07-09,0,0,직업,200렙 만드는 물약 어디에 쓰는게 효율적인가요?,윈브 루미 키네 좋아해서 셋 다 280까진 본섭에 키워둔 상태입니다 챌섭 레테 280까지 키우면서 200렙 물약 20개 얻었는데 어떤 직업에 써야할지 모르겠어서요... 200렙 넘게 키운 직업은 엔버 메카닉 호영 렌 데벤져 제논 라라 아델 신궁 제로 시그너스5캐 영웅5캐 입니다 안 키워본 직업으로 해야할까요? 아니면 몇몇 캐릭터에 집중투자를 해야할까요?
2026-07-09,0,0,아이템,제네무기 옵 질문 !,대적자큐브랑 골큐 다 소모해서 저렇게 띄운 상황입니다 ! 현재 블큐 67개 화에큐 50개 남아있습니다. 1. 계속 제네에 던지는게 맞는가요 ? 2.대적자큐브 생길때마다 대적자만 해방무기에 던지고 잡레 미트라 사서 블큐 화에큐 던지는게 낫나요 ? 목표는 챌린저 런 후 하드세렌 유챔 후 주보돌이입니다 !
2026-07-09,0,0,아이템,4여명 5칠흑 2보장 계획완료인데 마지막 템세팅 질문있습니다.,"생일선물로 친구한테 마도서랑 17성 고근 선물로 받아서 마지막 템세팅 질문 드리려고 합니다. <제가 세운 계획> 1.에스텔라, 트왈마 21성 인트27% 아랫잠 2줄 구매 -> 4여명 끝 2. 마깃안은 자본이 모자른 관계로 깡통사고 코인샵 활용해가지고 17성 유니크 2~3줄 에디에픽 2줄 직작 거공은 윗잠 27%이상 깡통 사와서 샤타 때 18성, 에에잠 쓰고 2줄 직작 -> 5칠흑 끝 3. 골클벨 21성 27%이상 골클벨 or 분자벨 구매 -> 2보장 끝 아니면 27% 몽벨사와서 샤타 때 18성 + 에에잠 2줄 직작 -> 6칠흑 끝 마도서 고근을 선물받은 현재로써는 이게 제일 좋은 계획인거 같은데 몽벨 vs 보장벨트냐 랑 에스텔라 트왈마를 21성 27%정도로 사도 괜찮나 싶네요"
2026-07-09,0,0,아이템,5줄 보조 아스트라 전승 시켜도 되나요?,현재 템은 이런데 보조를 5줄 아스트라로 바꿔도 괜찮을까요? 아니면 다른부위를 올리는게 더 나을까요??
2026-07-09,0,0,아이템,메소 다 파먹고도 재획 빨아도 이득인가영?,"처음 메이플 챌섭에서 시작한 뉴비입니다 다이아 티어에 아드, 메드는 어빌밖에 없는데 메소 다 먹고도 재획 빠는게 이득인가요?"
2026-07-09,0,0,아이템,대적자의 큐브 어디부터 사용하는게 나을까요 ㅠ,노칼까지 목표로 하고있구 아란입니다!
2026-07-09,0,0,아이템,하드 메이린까지 스펙업 질문,"현재 방향성이 맞는지 질문 드립니다. 하메 컷이 대략 장신구는 18성 윗잠 유닠 2줄 / 에디 에픽 2줄 방어구는 도전자 풀강 해방 무기 윗잠 3줄 아랫잠 유닠 2줄 보조 방무포함 윗잠 3줄 아랫잠 유닠 2줄 엠블렘 윗잠 2줄 / 아랫잠 1~2줄 정도로 알고 있습니다. 여기서 시급한게 보조, 눈장식, 벨트, 팬던트로 보이는데 보조는 대략 윗잠 3줄 아랫잠 유닠 2줄 정도로 구매하려고 합니다 장신구가 궁금한데 분자벨, 도미, 파풀마 맞춰주면 될까요? 또 미트라가 있다보니 칠흑 2셋 보공 효과를 받고 싶어서 눈장식은 깡통 15~18%급 루컨마 구매해서 17성 주문서 에디에잠 바르고 사용하는 것도 괜찮을까요?"
2026-07-09,0,0,아이템,챌린저 찍고싶은데 스펙업방향 조언부탁드려요,어제 해방하고 스펙이 이렇게 되는데 앞으로 하드메이린까지 하려면 어떻게 스펙업을 하는게 좋을까요? ㅠ0ㅠ
2026-07-09,0,0,아이템,오늘가입한 뉴비입니다..100억있는데.. 어떤거부터 스펙업할까요..?,[이미지] [이미지] [이미지] 씨앗몇달간캐서100억모으고나서 엠블이 너무 약해서 유튜브쌤들에게 돈좀더 모아서 레전 두줄씩유효인거 사도되는지 물어봤는데 다 비추천하시더라고요.. 여명4개는 최소18성으로 맞춰놓았고 엠블은 유닉에픽이고 나머지는 다 주는거 받아놓은상태입니다.. 어떤거부터 스펙업해야할지모르겠어요
2026-07-09,0,0,아이템,유챔 직업군별로 만들어야하나요??,유챔을 잘 몰라서 그런데 전사 도적 해적 궁수 마법사로 구성을 해야하는건가용?
2026-07-09,0,0,기타,형님들 제네해방 흔적 질문좀...ㅠ,"궁금한게, 제네시스 모드로 즉 해방퀘로 클리어 시에도 어둠의 흔적 주는거야? 연모로 해방퀘 클리어 가능하니까 혹시몰라서 돌다리 두들길겸 연모로 클리어하고, 흔적은 찐모로 클리어 할까 했는데 안전하게 그렇게 하는게 나을까?"
2026-07-09,0,0,아이템,법사 선배님들 템진로 도와주시면 감사하겠습니다,안녕하세요 선배님들 이번에 챌린저 달성을 목표로 하고 꾸준히 키울 생각하고있는 뉴비입니다. 제가 썬콜 듣기로는 보공은 적고 마력은 최대한 높을수록 좋다해서 이번에 에디 마21퍼 보조를 사려고 하는데요. 현재 제 무엠만 보여드리면 사진과 같습니다. [이미지] 여기서 이제 드리고 싶은 질문은 1.제네 PLUS 상점 큐브를 사서 사용하면 윗잠 큐브를 사야하나요? 아랫잠 큐브를 사야하나요? 에디에 쓰자니 레전 마력 21퍼 기댓값이 200억이 넘는다해서 못 뽑을 것 같아 고민이 됩니다. 2.보조를 사면 에디는 무조건 마21퍼로 사려고하는데 윗잠은 보공달린거 사도되나요? 아니면 기다렸다가 큐브로 제네무기 윗잠 3줄 유효 뽑을때까지 써보고 그 후에 잠재보고 보조사는게 맞나요? 아예 뉴비라 혼자서 계속 해보는데 이 부분은 도저히 감이 안잡혀 도움을 청하고자 질문 올립니다 ㅠㅠ 알려주시면 정말 감사하겠습니다!
2026-07-09,0,0,아이템,이거 가격 괜찮은지 좀 봐주세요,선생님들 이거 155억 괜찮아보이나요?
2026-07-09,0,0,아이템,스펙업 방향 질문입니다!,"현재 제 템셋팅인데, 어떤 부분을 바꿔야 할지 고민입니다! 현재 40억메소정도 들고있는데, 1번안이 일단 컨4 사기! 헥환 407정도 오르더라구요. 2번안은 피도미 찐도미로 바꾸기인데, 제가 미트라를 착용하고 있어서, 찐도미 40억정도에 살바에 고근을 살까..도 고민 중입니다. 3번안은 제네무기 윗잠 돌려보기 입니다. 제네플러스로 돌려봤는데 제일 잘뜬게 이정도 옵션이라 좀 더 돌려보는게 맞나 고민입니다. 그 외의 추천 해 주실 무언가가 있다거나, 말씀 해주시는데에 필요한 정보가 있으시면 댓글 달아주시면 감사하겠습니다!"
2026-07-09,0,0,아이템,행님들 챌섭 일리움쿨뚝 써야하나요?,쿨뚝이랑 인트랑 어떤걸골라야하나요? 도전자
2026-07-09,0,0,아이템,님들아 진짜 급함 블큐 뭐골라야 하나요 ㅠ 에테뚝,비숍이고 값좀 비싸면 팔고 아니면 그냥 제가 쓸거임 뭐골ㄹ라야 정배인가요 ㅜㅜ
2026-07-09,0,0,아이템,대적자큐브 어디부터 사용할까요,윗잠이 낫겟죠?
2026-07-09,0,0,시세,안녕하세요 아케인단검 시세 질문드립니다,방금 막 첫 해방한 메린이입니다 끼고있던 무기를 판매하려고 하는데 얼마가 적정가격일까요?
2026-07-09,0,0,아이템,보스 물약 종류,"전투력2800만정도 되는데요.. 카오스 가엔슬 잡고싶어서 도전해봤는데 극딜 한번정도 부족하네요ㅜㅜ.. 혹시 세이람의영약, 챌린저스 코인샵에 있는 VIP버프, 길드버프, 몬스터파크 물약버프, 반빨별 물약 말고 또 버프받을 수 있는 것 있나요?? (VIP는 제가 이번주는 안되더라고요..)"
2026-07-09,0,0,아이템,뉴비 해방무기 옵션 질문입니다,오늘 해방하고 대적자코인 2500개로 블큐 돌린상태입니다. 나머지 대적자큐브와 에메 다이아 마스터에 있는 블큐 화에큐는 무기에 그냥 발라야될지 아님 존버하고 대적자부터 써야될지 모르겠습니다. 또한 앞으로 받을 대적자 코인은 블큐와 화에큐중 어떤걸 사야될지도 모르겠습니다!
2026-07-09,0,0,기타,렉 끊김현상 도와주실분..,챌섭하고 있는 복귀 유저입니다 사냥할 때 리젠시 스킬 쓰면 가끔 끊김 같은게 생기고 엘몹이나 검마 2페 들어가도 같은 현상이 생기는데 설정을 잘못한 걸까요? 해상도는 2560 1440쓰는 중입니다혹시 해결방법이 있으면 알려주시면 감사하겠습니다. 메모리 32기가 3060ti에 인텔11세대 i5-11600입니다 메이플하는데 렉 땜에 스트레스 받을 줄 몰랐습니다..도와주십셔 ㅠㅠ
2026-07-09,0,0,기타,거탐횟수랑 룬 화살표 회전 여부,작년 여름유입 렌입니다 일주일에 평균 22시간 정도 사냥중이고요 추천글에서 회전 화살표 나온게 찍계라던데 원래 나오는게 아닌가요? 하루평균 거탐 2~3번 나오고 룬은 절반정도는 회전화살표로 나옵니다
2026-07-09,0,0,아이템,목 긴 공룡 모자 이름 아시는분...,아니 무슨 공룡?? 모자인데 목이 엄청 긴 공룡 모자였어요... 더블클릭 하려는데 사라져서 여기 올립니다 ㅠ [이미지]
2026-07-08,0,0,아이템,뉴비 보조는 그냥 사는 게 낫나요??,렌이라 보조가 25억 정도 하는데 그래도 블랙에 유잠에에잠 발라서 직작하는 것 보다 사는게 더 좋을까요? 그렇다면 지금 보조가 아예 아무작도 안되어있는데 그럼 여명 제쳐두고 보조부터 먼저 사야할까요?
2026-07-08,0,0,직업,복귀유저인데 버닝비욘드 어디다가 줘야할까요?,지금 첼섭에 레테 260찍고 버닝 비욘드를 레테에게 해야 할지 본캐 (전투력 683만) 렙261 캐마에 할지 고민중인데 어디다가 효율이 좋을까요? 맘은 정을 많이 준 본캐인 캐마에게 주고 싶은데 왠지 효율이 안나올까봐 걱정인데 어떻게 해야할까요;;
2026-07-08,0,0,기타,뉴비 질문있습니다.,"이번에 챌섭으로 복귀한 뉴비입니다. 본캐 280 찍고 부캐 하나 만들려고 합니다. 근데 제가 예전에 유니온 때문에 메르를 키워봤는데, 스킬 구조 때문에 직접 사냥하는 걸 정말 싫어했거든요. 이번 마스터 보상 250 물약을 부캐한테 주는 게 좋을까요? 아니면 메르한테 줘버리는 게 좋을까요?"
2026-07-08,0,0,아이템,챌섭 다이아 찍었는데요 하트질문,쓰던 8성 유니크잠재 하트를 이노로 밀고 매지컬작인가는 본섭가서하고 30퍼작하고 17성 주문서바르고 유니크잠재도 버리고 레전잠재 발라주고 하라고 했던거 같은데 기억이 맞나요? 패스만 지른 뉴비라 다른 재화가 없어서 뭔가 조심스럽네요.
2026-07-08,0,0,기타,키보드 mds(일명 꾹보드) 기능 사용하면 정지인가요??,이번에 키보드 사는데 mds 기능 있어서 써보려 하는데 정지 당하는지 궁금합니다!
2026-07-08,0,0,기타,챌섭 뉴비인데 보스 연모로 좀 하다가 가는게 나을까요?,챌섭에서 플위 키우고 있는 뉴비인데 무조건...보스들은 연모로 좀 하고선 가는게 나을까요? 내일 초기화인데...제네패스도 사놓긴했는데 ㅠ
2026-07-08,0,0,몬스터,이적자 2인 괜찮음?,아침에 8시간 트라이 박다가 자꾸 1퍼 언더로 피까고 시간오버 돼서 못깼는데 조금더박으면 솔플 가능할꺼 같긴한데 너무 피곤해서 이번주는 더이상안할꺼 같은디 2인으로 하는거 괜찮음? 그냥 적당한 배율 구해서 갈 생각인데
2026-07-08,0,0,기타,"제 귀에 이상한게있어요 ,,","이거 어떻게 없어지나요 코디 템 다빼도 있는데,,, [이미지]"
2026-07-08,0,0,아이템,챌섭 드메템 질문,67/100은 맞추고 진행하라는 말을 들어서 하루 사냥 2~3시간정도 하는데 이벤트링 메획한줄 띄우고 메메템 두개 사서 끼고 다녀도괜찮나요? 드랍 67은 맞췄습니다! 메고수님들 조언해주시면 감사하겠습니다!!
2026-07-08,0,0,아이템,챌썹 D라벨에 프펫작 해도 되나요?,본썹에 펫장비 작된게 없긴한데... 그냥 멀티펫은 펫장비 마일리지로 살 수 있어서 사실상 공짜더라고요. 그래도 나중에 본썹에서 후회 안하려면 좀 더 투자해서 d라벨이 합리적인 선택인걸까요?
2026-07-08,0,0,아이템,보마 보조 질문,"챌섭 챌린저 달고 나중에 하세 유챔까지 하려는데 보보방에 에디 공15퍼, 덱6퍼 보조는 어떨까요? 가격은 109억입니다. Q 제목: 보조 살까말까 최대 1개 선택 가능 참가자: 8 명 (무기명) 옵션이 부족하다 옵션도 좋고 가격도 괜찮다 옵션은 충분하지만 비싸다"
2026-07-08,0,0,시세,헥사스탯 조각 이벤트때,조각 가격 많이오르나요ㅠㅠ? 미리사두고 진행해야하는지 용돈미리받고 사둬야 할정도인가여?
2026-07-08,0,0,기타,챌섭 챌린저 메소 얼마나 들었어??,"다른건 딱히 안 땡기는데 야누스20 부캐주고싶어서 고민중.. 조각 약 3천개 정도 하던데 대강 200억이라 치고 그것보다 싸게 들 것 같으면 챌섭 챌린저 할까싶어서 근데 중요한게 제네패스를 본섭에 써버려서 도전자 무기 끼고 챌섭 해야할듯,, 직업은 레테 일단 일퀘만 하고있고 270인데 레테때문에 인트템 많이 올랐대서 얼마나 들지 모르겠네"
2026-07-08,0,0,아이템,메청년 되고싶은데 도와주세요,서버 이노시스고 지금은 템값 너무 비싸서 11월달? 정도 비수기에 3000억정도 써주려고 하는데 18에테가는게 맞을까요 22아케인 가는게 맞을까요? 무보엠은 다 완성 되어있고 3000억 예산 내에서 칠흑 18성이랑 여명 22정도는 맞추려고 합니다! 도움 부탁드려요
2026-07-08,0,0,기타,챌 유입 뉴비 템은 이렇게 맞췄는데 다조?는 언제부터 써야하나요..,템은 그리고 언제 더 맞춰야 하는걸까요.. 아이템환산 7만대 입니다.
2026-07-08,0,0,기타,너무 궁금해서 질문,이번 챌섭 유입이 패스류만 구입하고 이외의 현질이나 본섭에서 가져오는거 일절 없이 현시점 6.9만을 찍을 수 있나요??? 유튜브 댓글에서 본건데 된다면 제가 뭘 놓치고 있는건가 싶어서요 본인 말로는 직장인이라 플탐 많은거 아니고 손이 좋아서 그렇다는데 최소컷으로 다 깨면 가능한가
2026-07-08,0,0,기타,어센트 스킬 질문있습니다,어센트 레벨7 ~ 9까지가 효율이 좋다고 들었는데 보스 20분 패치 이후로 너프 당한 지금도 7~9렙이 효율이 좋나요? 아니면 좀 달라진 부분이 있을까요?
2026-07-08,0,0,기타,뉴비 재획 경쿠 질문,매제까지 요즘 열심히하는 뉴비인데 경쿠가 이제 슬슬 부족해지려고하고있어요 매제까지 하시는분들은 경쿠없으면 그냥 추경이랑 재획비만 빨고 하는건가요?
2026-07-08,0,0,퀘스트,울티마 보급일지 메포써야하나요?,"주에 5개씩만 출첵이 가능한건가요?? 좌 상단에 보급품패스 3개라고 되어있는데, '지난주 기준으로 참여하지 못한 횟수만큼 사용 가능합니다' 라는데, 지난주도 지난주 매일 접속했거든용.."
2026-07-08,0,0,기타,챌섭 패스 질문,챌섭 패스에서 주는 보상들을 추후에 리프해서 본섭 캐릭한테 줄 수 있나요? 아니면 챌섭에서만 사용가능 한지 궁금합니다. '월드 내 나의 캐릭터 간 이동만 가능' 이라고 적혀 있긴 한데 이게 리프해서도 사용가능 한지 해서..
2026-07-08,0,0,기타,환산 스탯 기준 100% 넘으면 잡을만 한건가요?,"[이미지] 메린이 질문좀 드립니다. 저번주에 160%쯤 노말 진힐라 잡는데에도 진땀을 뺐습니다.. 100%라는게 포뻥, 렙뻥, 헥사 다 포함해서 빡숙기준 20분 팼을때 아슬아슬하게 잡는다는건지 궁금합니다. 하드윌, 하드 듄켈, 노말 메이린까지 트라이 해봄직 한지 여쭤봅니다."
2026-07-08,0,0,기타,닉네임 항우 << 이거 팔릴까요?,ㅇㅇ
2026-07-08,0,0,기타,환산사이트 관리자님이 올린부분에서 질문,이 직업조건 어디서 보나요??
2026-07-08,0,0,기타,메린이 본캐 정하는루트 이중에 뭐가좋을까요?,지금 챌섭아델 키우고있고 루미or제논중에 하나를 키우고 둘중 재밌는걸 본캐로 키우고싶은상황인데 다음하버부 2번캐릭에줘서 깡으로키워 적당히 해방스펙으로맞춰보고 더 맘에드는캐릭응 본캐로 달리기 or 길게보고 담챌섭때 2번캐릭을 키우고 그후에 본캐정하기 쓸때는 적당히는 현질하는편이지만 과하게 투자는못해서 부캐는 해방후1.5억정도맞춰주고 나머진 본캐에투자해줄거같습니다!
2026-07-08,0,0,기타,메린이 주간보스 12마리 질문,같은서버 본캐 12마리 잡고 부캔 12마리 잡고 24개 결정석 팔수있나요??? 누구는 잡을수있는데 결정석은 주에 12개밖에 못판다고해서요 쉽게 설명해주실분..
2026-07-08,0,0,퀘스트,"챌썹 몬파, 에픽던전 메포 어디까지 쓰나요?","285를 반드시 찍으려는건 아니지만 하메 잡으려면 285찍어야 할 것 같아서 고민중 입니다 패스권은 다 샀지만 그 외 추가 현질은 고려하고 있진 않아서 스펙업 할때 돈 분배를 효율적으로 해야할 것 같습니다 선생님들이라면 이런 상황에서 몬파, 에픽던전 추가 경험치에 메포 어느수준으로 쓰실 것 같나요? 지금 전투력은 5천이고 레벨은 278입니다(내일 280 예정). 사냥은 일퀘만 하거나 1일 1소재비 정도로 하는 상황이지만 부족하다면 좀 더 할 생각은 있습니다."
2026-07-08,0,0,아이템,검마솔격가능스펙 캐릭당 얼마정도면 될까요?,이번에 20분화 되면서 검밑솔 접근이 되게 쉬워졌는데 예전에 키우다가 해방도 못한 캐릭들 이번기회에 해방시켜줄겸 세팅좀 시키고싶습니다! 항상 새 캐릭 키울때마다 벗길수있는거 다벗기고 시작해서 가진게 얼마없는데 캐릭당 몇메소정도로 세팅하면 될까요? 러프하게 알려주시면 감사하겠습니다! 검마 배율 120급은 나왔으면 좋겠어요
2026-07-08,0,0,아이템,데브펜 가엔링 966 깡통 사려는데 괜찮을까요?,렌으로 첨 시작해서 지급되는 템+매커네이터로 280까지 해보니까 재밌어서 템을 조금씩 맞춰볼려고 해요. 데브펜이랑 가엔링 유니크 힘966 깡통을 사서 17성 주문서랑 놀긍떡작 박고 카환불 돌려서 쓰려고 하는데 데브펜 11억 가엔링 10억 정도에 최저가가 있더라고요 구매해도 괜찮을까요? 아니면 뭔가 다른걸 사는게 나을까요 파풀마는 깡통 14억에 맞춰도 보스9셋이 안되니까 여명 2셋 맞추는게 좋아보여서 이렇게 생각했어요
2026-07-08,0,0,기타,형님들 선생님들 주보돌이 vs재획 질문드려요,주 4일 플레이하는데요 하루 본캐이칼돌이+2일 2소재사냥 +1일 1재획 vs 하루 본캐이칼돌이 +부캐2마리 2일동안 하스데돌이 +하루 1재획 총 4일 어느게 더 메소 더 많이 벌릴까요 ? 직장인이고 플레이시간이 적어서 고민입니다 ㅠ
2026-07-08,0,0,기타,어제 시작했는데 메포로 스킵권? 같은거 해야하나요 ?,패스류는 제네 + 뺴고 다 산 상태구요 이벤트들 지난 주차 클리어 해주는 것들 메포로 해야하는게 있을까요 ? 챌린저스패스나.. 울티마 같은 것들 보약이나 코인 관련되서요 .. !
2026-07-08,0,0,아이템,자석펫 4마리면 루팅범위 늘어나나요?,직전 버섯자석펫 한마리(영구) 여름시즌 자석펫 한마리(기간제) 피방 자석펫 한마리(기간제) 이렇게 세마리 갖고있는데 지금 280찍고 아르테리아?? 여기서 재획하는데 2층에서 1층탬이 애매한게 안주워지더라구요 혹시 자석펫 4마리로 만들면(세트는없어서 게더링은 없어요) 루팅범위 늘어나서 1층까지 주울수있나요?
2026-07-08,0,0,기타,메이린 보너스 스킬주는거 어케써야함?,극딜주기 맞추자고 아끼면 한번 날리게 되고 안아끼면 극딜주기에 안맞음 그냥 받을때마다 바로바로 써주는게 나은가? 아니면 애초에 고정딜인건가 님들은 어케함?
2026-07-08,0,0,아이템,챌섭) 남는 이벤링 유니크인데 이벤 레전주문서 바르나요?,반지 맞추고 하나 유니크잠재 이벤링 남는데 연합코인에 파는 레전주문서 사서 드랍이나 메획 한줄 띄우는게 낫나요?
2026-07-08,0,0,아이템,얼마 정도에 올리면 팔릴까요?,[이미지] 매짱형님들 한번 봐주세요 ㅜ
2026-07-08,0,0,기타,메소마켓 쓰는게 더 이득일까요?,"첫 본캐 챌섭에서 만들었습니다. mvp는 곧 실버이고 보조랑 미트라 합쳐서 400억정도에 맞출 생각인데, 쌀사먹는거랑 차이가 많이나더라고요. mvp효과가 좋은건 알지만 실제로 애정있게 게임하시는 분들이 봤을땐 메소마켓을 쓰는게 좋은지 의견 궁금합니다! Q 제목: 메소마캣 (종료) 최대 1개 선택 가능 참가자: 84 명 (무기명) 26.07.09 12:20:59 마감 득표순 답변순 매소마켓 ㄱㄱ (50%, 42표) ㄹㅇㅈ (50%, 42표) 투표가 종료되었습니다."
2026-07-08,0,0,기타,뉴비 서버 어디로가나요?,챌린저 몇으로 가는게 좋을가여?
2026-07-08,0,0,아이템,아버 단계 업글,다음주에 아버 한단계 성장하면 배율 얼마나 오를지 보고싶은데.. 추가 스펙에 주스텟 마력 얼마 넣어서 올려야 하는지는 정보가 따로 없죠 ?? 단계별 능력치를 찾기가 어려워서 질문해봅니다 !
2026-07-08,0,0,기타,다음 스펙업 뭐가좋을까요?,[이미지] 내일 해방입니다 방무가 과한거같은데 원래는 보조 임시로 저거쓰다 바꿔야지하다가 걍 백숙 샀습니다(미트라) 악세는 여명 18 15 / 2줄 둘둘예정으오 에스텔라는 실큐로 15% 뽑아야하고 데브는 내일 유잠 발라서 15% 뽑을 예정입니다 1. 지금 한 90억있는데 도미를 찐도미로 살까요? 무교 20성 펜던트는 별론가요? 2. 좀 더 모아서 방무없는 보조 레전3줄 or 200억 더모아서 5줄 보조 3. 이벤링 15퍼 1.5줄 -> 마이링 18성 잠재비슷은 옆그레이드죠?
2026-07-08,0,0,기타,환산주스탯 환산 뭘 봐야하는 건가요?,"전투력 부분에서 환산, 헥환, 무릉 각각은 템환, 템환에서 6차 스킬 강화를 보정한 값, 방무 스텟을 낮게 보정한 무릉에서의 전투력으로 들었는데요 그 밑에 보스 300, 보스 380은 검마를 기준으로 방어력이 나뉜다고 들었습니다 그럼 여러 커뮤니티에서 ""나 몇만인데 무슨 보스 잡았다."" 라고 하면 저기서 어떤 숫자를 말한건가요??"
2026-07-08,0,0,아이템,제네무기 에디 레전,그냥 에디 유닉2줄정도로 쓰면서 무료 화에큡 던져주고 돈모았다가 미라클때 쌍레가는게 정배인가요?
2026-07-08,0,0,시세,안녕하세요 이번에 시작한 메린이 입니다,이번에 메이플 시작해서 채집이 뉴비가 하기 좋다해서 시작했는데 2일전만해도 영롱한 보라 물약?이 1700~2000하던데 하루만에 1000까지 떨어지고 하더라고요;; 혹시 급격하게 내려가는 이유가 있을까요? 채집이 풀 드메 급이라고 들었는데 드 80 메 20 인데 비슷한거 같더라고요 날렵한 갈퀴사서 보라색 약초만 캐는데 제가 잘못 하고 있는걸까요? ※생각해보니까 사냥은 뉴비 자석펫 있는걸 생각 못 했었네여ㅠㅠ
2026-07-08,0,0,기타,신규 유저 입니다만.,궁금한점 몇가지 질문좀 할게요. 1.뉴비 지금 시작 해도 괜찮을가요? 3.과금부담이 큰가요? 쌀먹X 소과금 유저 3.서버가 챌린저 서버 하고 본서버가 분리되어있나요? 챌린저서버는 뉴비를 위한 서버인가요? 4.솔플러 인데 겜하는데 지장 있을가요? 5.아이온2유저인데 비슷한 파티인던개념(기믹) 인가요? 6.신캐로 뉴비 시작하면 좋을가요? 7.본캐릭 하나만 키워도되는지? 부캐릭 필수인지요?
2026-07-08,0,0,아이템,도전자에 에테장갑,이번에 유입한 메린이입니다 에테장갑 크인올 에디1줄 주흔작 추옵적당히 했을때 도전자보다 세지려면 별 몇성까지 달아야하나요??
2026-07-08,0,0,직업,레테 극딜 순서 질문,"공략글 보면 바인드 > 시퀀스 > 이딕트 > 오버로드 > 이딕트 > 오리진 > 이딕트 순서로 쓰라고 나와있는거같은데요 오리진 쓸때 바인드가 날라가는게 너무 아쉬워서 스킬을 천천히 다 읽어봤는데 시퀀스 > 이딕트 > 오리진 > 이딕트 > 오버로드 > 이딕트 하고 바인드 걸고 평딜하면 바인드 손해가 없는거 같은데 왜 선 오리진이 아니라 선 바인드인지 스킬을 아무리 읽어도 이유를 모르겠습니다.. 질문1. 혹시 다른 이유가 있을까요? 질문2. 레테는 바인드 > 시퀀스 순서로 써야하나요? 아니면 시퀀스 > 바인드가 맞는 순서인가요? 시퀀스 > 바인드를 쓰면 루시드가 도망갈꺼같고, 바인드 > 시퀀스를 쓰면 바인드가 너무 아까운데 뭐가 정답이나요? 질문3. 시퀀스에서 다른 분들이 펠템페스트 먼저 넣고 체인커맨드를 뒤에 넣던데 펠 템페스트가 20초니깐 더 뒤에 넣는게 맞는거 아닌가요? 아무리 찾아봐도 위 내용에 대한 답을 못찾겠습니다.. 혹시 알려주실 수 있나요?"
2026-07-08,0,0,아이템,상급 EXP 교환권 효율,몇렙에 써야 효율이 제일 좋은가요?? 그리고 VIP 부스터는 그냥 막 써도 되나요???
2026-07-08,0,0,퀘스트,검밑솔...,이번에 유입된 메린이라 처음부터 너무 쫄아서 보스를 천천히 했거든요 현재는 노말 진힐라까지 깼습니다. 생존에 우선 집중하다보니 겨우 깼는데 배율로보면 검밑솔은 다 갈 수 있는 수준이 맞나요? 메린이 기준으로는 200퍼면 충분하다고 볼 수 있을까요.
2026-07-08,0,0,기타,챌섭 자석펫,무료 끝나면 피방 밖에 얻을방법 없나요
2026-07-08,0,0,기타,냐옹눈은 가장 최근에 언제 나왔었나요??,우연히 마을에서 봤는데 너무 맘에들어서 하고싶어요
2026-07-08,0,0,직업,이번에 챌섭 시작해보려는 뉴비입니다.,지금 제로랑 블래스터가 끌리는데 난이도는 뭐 미래에 내가 어떻게든 해결할거고 제로랑 블래가 컨셉이 맘에 드는데 어떤게 더 좋을까요
2026-07-08,0,0,기타,메린입니다. 질문있어요 도와주세요!,사냥하다가 캐릭 머리위에 방향키 <- -> 게이지 나오는게 뭔가요?? 그거나올때마다 자꾸 죽어요 ㅠㅠ
2026-07-07,0,0,아이템,칠흑에 메획붙은거 사도 괜찮나요?,깡통 윗잠 레전 21%+메획인 마깃안이 70억인데 본캐급 세팅(18성 윗잠 21퍼 아랫잠 에픽 2줄)할 때 살만 할까요? 드메템 따로 없고 이벤링써서 메획60 드랍63입니다
2026-07-07,0,0,기타,솔 에르다 질문,사냥을 많이 안 해서 솔 에르다가 많이 부족한데 에픽던전 12500메포가 제일 효율이 좋은건가요?
2026-07-07,0,0,아이템,잡 쌍레 미트라 가격 어느정도가 적정가인가여?,법사 입니다
2026-07-07,0,0,아이템,해방 후 큐브 사용 순서 질문,해방하고 제네플러스 구매 후 레잠 에유잠 바른 후에 무슨 큐브부터 써야하나요 ?? 3만 5만 마스터 보상 큐브 하나도 안 쓴 상태입니다 !
2026-07-07,0,0,아이템,이번 첼섭 유입 렌입니다! 경매장 질문입니다,"안녕하세요 이번 첼섭 렌 시작했는데, 이거 살만한가요? 목표는 노칼 노적작 ~ 익스우 솔플 사이 생각중입니다!"
2026-07-07,0,0,아이템,다음주 하드메이린을 위한 칠흑 고민,"다음주 하드메이린 목표로 하는김에 멀리 보려고 칠흑 생각하고 있습니다. 200+@정도로 도미 -> 고근, 이벤링 -> 거공 생각중인데, 27퍼 30퍼가 고민이 되네요.. 가격은 10억정도 차이 나고 당장은 18성+2줄 생각중인데, 이정도 급에서는 27퍼가 딱이다 VS 그래도 나중에 팔거 생각하면 30퍼를 사야한다 어떻게 생각하시나요?? 아니면 바꿀만한 다른 부위 추천해주시면 감사드리겠습니다..! [이미지]"
2026-07-07,0,0,기타,스카니아 VS 크로아,"예전에 진짜 맛만보고 이번에 복귀한 중고 메린이인데요 이번에 메포로 관세 내는게 10손해 라는 것을 느끼고 본섭 크로아(유니온1000따리) 버리고 스카니아 갈까 고민중 200렙 비약 20개 주니깐 걍 스카니아에서 다시 시작하는거 ㅇㄸ? [이미지] [이미지] Q 제목: 어디섭으로 갈까? (종료) 최대 1개 선택 가능 참가자: 9 명 (무기명) 26.07.07 23:55:59 마감 득표순 답변순 유니온 얼마 없네 걍 스카니아 가셈 (55.6%, 5표) 어짜피 니는 큰 관세 낼 메소도 없음 걍 크로아 짜지셈 (44.4%, 4표) 투표가 종료되었습니다."
2026-07-07,0,0,기타,형님들 질문좀요.,루나에 유니온9000 템없음 자석펫 4마리 정도 있는데 몇년만에 복귀하는데 챌섭 하는게 좋나여? 아님 루나에 키우는게 좋나여? 빡세게 안하고 천천히 하려구요
2026-07-07,0,0,아이템,뉴비템세팅 상담신청! (feat. 이게 좋데! 하고 사려고 하면 비쌈주의ㅠ),미트라가 좋다해서 사려니까 비싸.. 보조깃펜 레전사라니까 지금 비싸.. 에테크뎀장갑 사라니까 지금 비싸.. 일단 돈을 착실하게 모으면서 샤타포스미라클로 최대한 여명과 하트를 완성해놨는데 다음 돈 모아서 뭐부터 사면 좋을까요?? 다음주에 해방하는 뉴비입니다 형님들!
2026-07-07,0,0,아이템,챌섭 사파이어 보상 카레잠 유에잠 깡통 미트라에 쓰는거 어때요??,"원래 제네무기에 쓰려고 했는데요, 제네패스 플러스 사면 대적자 큐브가 많이 생기니까 그걸로 등업 노리고 윗2.5줄 아래2줄 정도면 만족인데 넘 오만한 생각일까요??"
2026-07-07,0,0,아이템,복귀유저 탬 조언 부탁드립니다.,안녕하세요. 이번에 복귀한 복귀유저입니다. 본캐 재대로 한번 키워볼 마음으로 챌섭 복귀해서 보조도 비싼돈 주고 하나 장만했는데 생각보다 쉽지가 않네요 탬 어떻게 봐꾸는게 좋을지 조언 부탁드립니다. 미트라는 큐브 생길때마다 조금씩 던져서 옵션 봐꿔봐야할거같아요. 목표는 하드메이린 입니다. 현재 보스 컷 입니다. [이미지] 현재 탬 상태입니다. 1. 눈장 얼장 칠흙으로 봐꾸기 2. 에테22성 올리기 3. 마도서 사기 4. 도미 봐꾸기 이정도 생각나는데 뭐가 좋을지 모르겠습니다. 조언부탁드립니다. [이미지]
2026-07-07,0,0,아이템,템먼저 사는게 나음 드메먼저 사는게 나음,지금 20/100이라 챌섭효과랑 재획비빨고 어빌하면 99 / 194대요
2026-07-07,0,0,아이템,코인 4500개 남았는데 이벤링레전주문서 사야되나요,"저번 선데이 때 어빌 띄우느라 서큘레이터 몇 개랑 여명 직작 때문에 카유잠 몇 개 사서 지금은 이벤트 코인 4500개 남아있습니다. 지금 1티어 이벤링 3개 중 레전은 하나고 이건 21퍼 떠서 스탯용으로 사용중입니다. 나머지는 유니크인데, 드메링이 없어서 보통 이벤링으로 맞춰야 한다고 하더라고요. 일단 이번주에 레잠 사서 바르고 다음 주 코인 모으는 걸로 이벤링 큐브 사서 뽑는 게 맞을까요?"
2026-07-07,0,0,아이템,이번 제네시스 패스 플러스로 고민이 있습니다.,"아마 이지 대적자까지 가능할거 같은데 코인으로 해방무기 레전노리는게 좋을까요? 월드보상 레유잠으로 가는게 좋을까요? 옵션 뽑는것도 코인으로 가능할지 궁금합니다. 챌린저스 월드 보상으로 받을 수 있는 블랙 큐브, 에디큐를 챌섭 캐릭터에 쓰는게 좋을까요? 저번 챌섭하다가 접은 캐릭터에다가 쓰는게 좋을까요? 챌섭 캐릭터 [이미지] 본섭 캐릭터 [이미지]"
2026-07-07,0,0,시세,메린이 트왈마용돈벌이 로 얼마에 팔아야하나요 ?,잔잔바리 용돈 으로 쓰고싶은데 얼마가 적정할까요 ?
2026-07-07,0,0,기타,챌린저 노릴 수 있을까요,"현재 챌섭에서 제로 키우는 뉴비입니당.. 레벨 현재 278이구 다음주에 280 확정입니다 [이미지] 환산 이렇구 [이미지] 보스 이렇게 나옵니당 현재 챌섭 패스 2만원 + 2만원 질렀고 제네 패스도 지른 상태이고 해방 예정 날짜는 7월 23일입니다 해방 하면 제네 플러스까지 지를 생각이고 그 이후로는 현질 계획 아예 없구요 하루에 사냥 짧으면 한시간, 길면 두시간 정도 합니다 현재 템포로 봤을 때 챌린저 가능 할까요 ㅠㅠ"
2026-07-07,0,0,기타,블루베리 농장 효율,278이랑 280 차이 많이나ㅏ나요? 이 악물고 280가서 쓰는게 이득???
2026-07-07,0,0,아이템,이카돌이 방어구 세팅 괜춚?,보마 230억 [이미지] 아델 220억 [이미지] 렌 215억 [이미지] 1 사용한 메소 낫베두? 2 아델 3초 렌 2초 쿨뚝 맞추는게 훨씬 좋아질라나요? 3 에테 추옵 160급 메소로 돌리면서 맞추나요? 음청 안뜨던데? 에테 24퍼 맞출걸 후회중 다들 글 읽어주시고 조언 미리 감사 (_ _)
2026-07-07,0,0,기타,제네시스 패스 질문,8월 초부터 10월 말까지 개인 사정 때문에 주말밖에 메이플 못할거 같은데 제네시스 패스 사면 뽕 뽑을수 있나요
2026-07-07,0,0,아이템,지금 장신구(여명) 가격이 많이 오른건가요..?,이번 챌섭에 복귀 유저인데요.. 사람들 말씀하시는거 보니까 장신구가 기존보다 많이 뻥튀기 되었다고 하던데.. 대략 어느정도 오른걸까요..? 투력 3500만인데 과금을 해서 현질을 할까하다가도 왠지 얼마 안있다가 가격이 폭락할거 같기도하고.. 대략 어느정도 올랐는지 알면 손해를 봐서라도 지금 사느냐 아니면 존버해서 떨어질때 사느냐를 결정할거 같아서요~ 답변해주시면 감사하겠습니다.
2026-07-07,0,0,아이템,뉴비 챌섭 레잠 사용처 및 미래 템세팅 조언 부탁드립니다,"이게 지금 상황인데 유튜브 찾아보니까 누구는 보조(or하트)에 쓰라하고 누구는 드메템 만들어서 팔라고 하는데 어떤게 더 좋을까요?? 원래 계획은 보조는 3만점까지 깡으로 쓰다가 레잠에에잠, 페어리 하트에 유잠에에잠, 여명4개에 놀긍떡작+추옵작+4개 중 유잠에에잠1개+유잠에레어3개하고 트와일빼고 코인샵 17성바르고, 이후 잡유 골클벨 사서 미라클때 레전승급 노리면서 옵션 맞추다가 잡레에에 미트라 사서 돌리기 였는데 드메템 만들어서 판다는 선택지를 보니까 레잠으로 드메템 만들어서 18억 정도 받아서 유잠 5장/에에잠 3장 에서 각각 하나씩 보조, 하트에 바르고, 유잠에에잠은 여명가엔링쓰고 잡에에 에스텔라랑 데브펜 사서 여명3개에 위에처럼 작하고, 트와일이랑 골클벨은 18성에 잠재되어있는거 사서 쓰는게 떠올랐는데 어떤 게 더 괜찮을까요?? 지금 샤타포스때 깡 트와일 10성 만든거랑, 어제 깡으로 산 데브펜 둘다 장착안했는데 이걸 다시 팔아야할지 아님 원래 계획대로 쓸지 너무 고민되서 질문드립니다... 제발 조언 부탁드립니다"
2026-07-07,0,0,아이템,메멘토 수에큐 에픽 1.5줄짜리인거 2줄 뽑는데 쓰는건 비추인가요?,공마 10~11 + 주스탯 2% 인 부캐 아이템들 주스탯 4% + 공마 10 이렇게 바꾸는데 수에큐 쓰는거 괜찮나요? 고작 0.5줄 늘어나는거라 잠재재설정비용대비 효율이 어떤가 궁금합니다
2026-07-07,0,0,아이템,엠블렘 질문,미라클 타임때 레전드리 뽑았는데 옵션이 6억째 안뜨는데 더돌릴까요? 공9퍼 뎀9 쓰고있습니다
2026-07-07,0,0,아이템,마도서vs노작잡레전고근,[이미지] 하드 메이린을 목표로 4칠흑을 맞추려고하는데 현 시세에서 둘중에 뭐가 나은 선택일까요? 고근 약 70억 마도서 약 60억 현재 미트라 마깃안은 끼고 있고 고근 + 거공 또는 마도서 + 거공 구매하려고합니다.
2026-07-07,0,0,아이템,재획할시간이 없으면 드메템 팔아요?,"지난 챌섭이후에 풀드메 맞춰놓고 접었는데 다시복귀해서 사냥한다고해도 일주일에… 1-2소재 할까말까싶은데 거의 일퀘나 보스, 주간컨텐츠만 빠듯하게하고 끌거같아요 근데 아내가 어디 가면 하루종일 할수도..?(그럴일이 아직까진 거의없음) 파는게낫나요?"
2026-07-07,0,0,몬스터,뉴비 하드세렌 질문드립니다,"방학마다 간간히 찍어먹다가 이번에 푹 찍어먹는중인 뉴비입니다. 메생 최초로 하드세렌 머리박는중인데, 2페 극딜 밀리는게 정상인가싶어서요.. 지금은 3번째 극딜 돌기 직전에 1페 끝나서 사실상 2페이즈 시작하자마자 극딜 넣고있습니다. 근데 이러니 권능 몇초남기고 다시 극딜이 돌아서 꽤 한참동안 딜넣기가 애매해지더라구요.. 직업은 팬텀에 현재 배율은 117퍼 나오고있습니다. 그냥 포기하고 스펙업을 하는게 맞는지, 아니면 잘 깎는다면 클각이 보이는지, 그 과정에서 팁들도 여쭤봅니다!"
2026-07-07,0,0,기타,형님들 질문 있습니다.,"지금 챌섭아닌 (제네패스 없음) 캐릭터가 투력 2700만 정도인데, 템이 아케인 13성 유/레 들고 있거든요 일단 해방 하루시드까지 잡아놨고 흔적 모으고 진힐라만 잡으면 끝나는 상황인데 진힐라는 몸 비비면 어떻게 깨질거 같은데 무기를 구매할 필요가 있을까요?"
2026-07-07,0,0,아이템,챌섭 뉴비 3석 vs 장비 뭐 먼저?,챌섭에서 메이플 처음하는 뉴비입니다. 3500만 라라인데 500억 정도 있다면 3석이 먼저인가요? 장비가 먼저인가요? 사냥은 하루에 2~3시간 정도 하고 있습니다. 드메템은 따로없고 주는 이벤링으로 드메 2줄 정도 띄운게 전부입니다.
2026-07-07,0,0,기타,이거 왜 안나가져요?,몬스터 파크 클리어 떴는데 포탈로 안나가져요 npc 눌러서 나가기하면 보상 안받아지나요? [이미지]
2026-07-07,0,0,아이템,메이플 페어리하트 주문서 질문,저는 레테 키우고 있는데 주문서가 공격력으로 떠서요... 그냥 공격력으로 밀어야하는 건가요?? 왜 공격력 주문서만 나오는지 궁금합니다
2026-07-07,0,0,아이템,제네패스 플러스 대적자 코인은 어떻게 쓰나요?,제네무기에 카레잠 카에유잠 다 바른다 치고 여기저기 찾아보니 천장 리프가 안 된대서 1. 아예 214회? 에디 천장 각오하고 화에큐 몰빵쳐서 레전 보내버리고 남은 큐브랑 코인샵으로 위아래 기도하기 2. 윗잠 3줄 방무없이 뽑은 다음 남은 건 추옵에 다 박아버리고 에디는 리프 후 미라클 기다려서 레전 보내기 3. 윗잠 3줄 방무없이 뽑은 다음 남은 걸로 에디 기도하기 레전 못 가면 어쩔 수 없지... 이렇게 3가지 있는 거 같은데 뭐가 낫나요? ps. 좀 더 읽기 쉽게 다듬음
2026-07-07,0,0,직업,본계해라 부계해라,"본캐변경하려고하는데 챌섭아버 다 잘못받았습니다.. 새로키워야하는상황인데요, 레테가 하고싶어서요 본계 유뇬 9800 자석펫2마리 풀드메 부계 깡통계정 부계는 가족계정인데 캐시충전이나 이런게 많이 불편한가요? 본계는 제 명의입니다. 챌섭하버아버 패스권사서 키워주기 뚱성비로 유뇬vs 본계그냥 하던거하다가 다음이벤기다리면서 키우기 본계 본캐도 1억플마단이라 쎄진않아요.. 보스도 잘 못해서 하진힐까지밖에 안해봄.."
2026-07-07,0,0,몬스터,챌섭 뉴비 세렌 질문 드려요,1. 공략 영상 봤을때는 자정 빼고는 그냥 모든 패턴 싹다 피해야해 라고 이해했는데 맞나요? 2. 세렌 등뒤나 엎드리면 본체패턴은 어지간하면 안맞는거 같은데 맞나요? 3. 첫트라이에 빡센 보스고 그뒤부턴 쉽다고 들었는데 어떤 포인트인지 꿀팁좀 주세요 ex) 진힐라는 실이 생각 보다 안중요(?)하고 본체 위주로 회피해라 같은? 저는 투력 5처만 레테 입니다
2026-07-07,0,0,기타,"다음 미라클 언제인가요 ㅠㅠ,..",챌섭 레잠이랑 에유잠을 모르고 다른데 써버렸는데.. 9일에 초기화되면 바로 해방인데 해방무기에 쓸 레잠이 없는데 혹시 다음 미라클 언제일까요 ㅠㅠ 이번 챌섭 하드 메이린이랑 챌린저는 꼭 찍고싶은데 그냥 지금이라도 메소모아서 등업해야되나요?.. 아니면 미라클 존버하는게 맞을까요 ㅠㅠ
2026-07-07,0,0,아이템,재획 질문이요..,[이미지] 해당아이템들을 사용하고 재획하니까 아래 문구가 뜨는데..제가 뭐 잘못하고있나요? 연금술은 배웠습니당
2026-07-07,0,0,기타,챌섭 사냥,접었다 복귀해서 본섭에 3석펫은 있는데 템이 없습니다 근데 곧 챌섭 자석펫이 끝나는데 챌섭에 자석펫을 또 사서라도 사냥을 해야하는지 본섭을 해야하는지 고민입니다 앞으로 어떻게 해야할지 메짱이 님들의 의견이 궁금합니다
2026-07-07,0,0,아이템,챌섭 레잠으로 스펙업 하고싶은데 도와주세요!,[이미지] 레잠 한장 주는걸로 본캐 스펙업 해주고싶은데 바꿔줄만한거 있나 봐주세용..
2026-07-07,0,0,아이템,미트라 도적 시세 질문입니다,"원래 챌섭 마스터까지만 찍고 본섭 넘어가려 했는데 이왕 하는 김에 챌린저까지 찍어보고 싶습니다,, 직업은 듀블입니다 지금 똥블에 레유 윗잠 두 줄 공21 아랫잠 한 줄 공9 인데 보다 나은 잠재 미분 도적 검색해보면 관세도 관세인데 얼추 120억 이상은 써야 되는거 같더라고요 ㅠㅠ 원래 시세가 이 정도였나요.. 아니면 어짜피 해방 23일이니까 그 때까지 버티면서 싸지는거 보고 사야될까요... 조언 부탁드립니다!"
2026-07-07,0,0,아이템,자석펫 팔기 vs 쓰기,저번 챌섭시즌3 렌 키우다 접고 이번에 복귀한 뉴비입니다 어제 갑자기 유튭보고 자석펫 해보고 싶어서 30쓰고 파란버섯 겨우 하나 건졌습니다 고민은 기존 자석펫도 끝나가는데 이번에 뽑은 석펫을 그냥 제가 쓸지 아니면 팔고 스펙업을 할지 모르겠습니다.. 목표는 챌린저 달성이라 팔고 스펙업 하는게 맞는거 같기도 한데 사냥도 재밌어서 매일 적어도 1소재 이상은 하는거 같슴다 앞으로 구매예정이긴 하지만 현재는 이벤링 빼고는 그렇다할 드메템도 없어서 고민입니다.. (현재 드/메 120/20) 드메템을 사서 사냥을 할지..템을 맞춰서 보스를 갈지.. 선생님들의 의견 부탁드립니다!! [이미지] [이미지] [이미지] [이미지] [이미지]
2026-07-07,0,0,기타,내 상황에서 레드 유지를 할까 말까 고민중인데,"지금 293인데 295까지 레벨업이 목표 레드작 안할때도 본캐에 에픽던전 1단계 + 몬파 7회 + 혈반 + 경축비 + 치5는 유지중이었어요. 챌섭 기간에 너무 바빠서 레드를 했는데 좋다고 느끼는 점은 1. 4경쿠, 3경쿠, 치7 같은 경험치 쿠폰들 2. 템 없는 부캐 285작하면서 몬파7회 밀어주기 + 일퀘 밀어주기 3. 혈반, 부스트링 지급 이거 정도인 것 같습니다. 어차피 몬파는 7회를 메포로 계속 쓰고있어서 템 없는 부캐에 주는거 외에는 딱히 의미 없지 싶습니다. 레드 유지하시는 분들은 '이거 때문에 유지한다' 라고 하는게 있나요?"
2026-07-07,0,0,아이템,스펙업 방향성 질문드립니다.,"안녕하세요 이번에 여름 유입되어서 제로를 키우고 있습니다. 친구들과 함께 메이플을 하느라 매우 재미있게 메이플을 즐기고 있지만, 현재 스팩업적으로 나아가야할 방향성을 잡지 못하고 있는 것 같아서 글을 남깁니다. 현재 목표는 노말 카링 2~3인 , 노말 흉성 3인, 익스우 2인격을 목표로 하고 있고 가능하다면? 노말 림보 3인까지 목표로 두고 있습니다. 현재 제가 생각한 1목표는 아쿠아틱 레터 눈장식을 20성 블빈마로 변경하고자 합니다. 패스는 모두 구매해둔 상태이며 한달에 약 10만원 정도 과금할 여유는 있습니다. 잘 부탁 드립니다. ㅠㅠ [이미지]"
2026-07-07,0,0,직업,루미너스 직업의 '강화된 스킬을 사용해 주세요' 라는 이펙트 아직도 나오나요?,사냥은 쉬워서 하버는 안주고 공격대 sss 만들려고 키우려했는데 화면에 뜨는게 신경쓰여서 다른 법사직업 우선순위로 250작했거든요. 아직도 그러나해서요.
2026-07-07,0,0,기타,챌섭 무자본 현실적 목표,챌섭 오늘부터하면 티어 어디로 목표 잡아야할까요? 챌린저패스만 샀고 현질은 더 안할듯 싶음
2026-07-07,0,0,기타,해외 사는분들 저같은 경우 있을까요? ㅠ,혹시 최근들에 해외 사시는분들 핑 심하게 올라가나요? 전엔 잘 안그러다가 대략 2주 전 부터 핑이 너무 올라가고 너무 자주 팅기네요 ㅜ 혹시 해외 사시는 분들 중에서 저같은 경우 있을까요
2026-07-07,0,0,직업,시그너스 150찍어서 버프받는거,"챌썹 보상으로 200렙 찍는 물약, 테라버닝x로 만들어서 먹여도 가능한가요?"
2026-07-07,0,0,기타,메린이 아이템 진로 및 재획관련궁금합니당~!,[이미지] [이미지] 메이플이 처음인유저입니다~! 현재 환산주스탯 전투력 6200만 입니다!(보스세팅) 템은 사진과같고 앞으로 조금씩 모아가며 진행예정이구요~ 달 20-30정도 메포투자 생각은있습니당! 목표는 하드메이린(챌린저등급)입니다~ 앞으로 어떻게 템을 바꿔가면좋을까요 질문 1. 앞으로 템 바꿔갈 방향성 2.현재 아획96 메획113인데 하루 2-3시간 사냥하고요~ 현재는 한시간에 8000만정도?순수메소 정도 벌리는거같은데 정상인건지? 드메템을 더구해야되는지? 아획이먼저인지 메획이먼저인지ㅠ 답변 감사합니다!!
2026-07-07,0,0,몬스터,보스 파티로 하기 시작 해야하는 시점이언젠가요,친구 4명서 하고있는데 현재 하세라인정도? 솔플하고있습니다 2인 3인 4인으로라도 파티컷되면 무조건 가기시작해야하는 보스 있을까요?
2026-07-07,0,0,아이템,아스트라 보조 전승 질문이 있습니다.,제네무기를 날먹을 해버려서 지금 윗잠 정옵에 에공삼인 상태고 템환 7.3 /헥환 6.4 여기서 챌섭 부캐도 윗잠 정옵에 공21 완성해서 제네플러스에서 코인 8천개가 남는상황입니다. 다음주에 아스트라 해방하게 되는데 여기서 질문이 1. 현재 사용중인 보방보 / 올공공 이 보조에 전승때려서 대적자 큐브를 박는다. 2. 지금 직업보조 쌍레 잡 매물이 최저가가 77억인데 이걸 구매해서 전승시킨다음 대적자 큐브를 박고 애완으로 키운다. 3. 5줄 정옵 보조를 사서 에공삼 저격에 대적자 큐브를 박는다. 이 중에서 어떤게 현명할 지 몰라 메고수분들의 조언을 구합니다..
2026-07-07,0,0,아이템,진투복vs드메템,현재 드메템 아획40 메획 0입니다. 현재 레벨은 281이고 285가 목표인데 진투복을 먼저살까요 아님 드메템을 먼저 살까요?
2026-07-07,0,0,아이템,챌섭 프펫 가격,핸즈옥션이 안돼서 지금 챌섭 프펫가격이 얼마임 ? 알려줄 용사님
2026-07-07,0,0,아이템,전사 에테뚝 올이탈 쿨쿨힘 깡통 시세가 어떻게 되나요?,"오랜 시간 짬통으로 던져오던 뚝배기 옵션이 정말 운 좋게 떴어요 팔려고 전직업 매물을 뒤져봤는데 깡통은 없고 최소 23성급 매물들밖에 없어서 깡통 가격이 어느정도인지 모르겠어요 쿨쿨올7은 500억, 쿨쿨힘10은 600~650억 정도인거 같은데 쿨쿨13은 국룰 가격이 있나요?"
2026-07-07,0,0,아이템,챌섭 프펫 가격,핸즈옥션이 안돼서 지금 챌섭 프펫가격이 얼마임 ? 알려줄 용사님
2026-07-07,0,0,아이템,선생님들 보조무기 일반/이볼빙 차이가 궁금합니다.,일반 이랑 이볼빙 차이가 주스텟 8정도 차이난다는건 찾아서 알겠는데 궁금한건 혹시나 아스트라 보조로 해방까지 간다고 하면 일반이나 이볼빙이나 차이가 없이 보조가 교불이되는건지 기존에 차이가 있던거 반영해서 교불이 되는건지 궁금합니다
2026-07-07,0,0,아이템,2년만에 복귀했는데 템세팅 조언 부탁드립니다.,2년만에 왔는데 게임이 너무 급변해버렸네요... 이젠 260도 두시간만에 찍히고 해방도 뉴비판독기가 되어버리고.. 2년전엔 하스데미 스펙이었는데 시간지나니까 검밑솔이 되어버렸네요... 일단 이번 챌섭 이용해서 유니온 마저 채우고 모아둔 메소로 매커 > 18성 레전 데브펜으로 교체할 계획입니다. 모두 직작으로 맞춘 템이라 빵꾸가 많아요 장신구는 하나하나 천천히 바꿀 생각입니다만 제일 큰 고민은 방어구에요. 무과금이고 드메템도 한줄 두개뿐이라서 메소 벌기가 시원찮습니다. 22성 레전 카루타로 한부위씩 교체해야할까요? 아니면 인내를 가지고 한부위씩 17성 유니크 에테르넬 만들어서 한번에 교체해야할까요 부캐 보스돌이는 현재 챌섭에서 키우는 스트라이커랑 기존에 키워둔 칼리 두캐릭밖에 가동하지 못할거같네요
2026-07-07,0,0,아이템,마깃안 전승용으로 팔수있을까요,카르마 검환 돌리다 떴는데 시세탭이 날라가서 확인을 할수가없네요 아직 마깃안 추옵값 받을수 있을까요?
2026-07-07,0,0,직업,쿨 120촌데 시퀀스 쓰면 왜 140초대?,이거 뭐에요?
2026-07-07,0,0,기타,성형 이름을 찾습니다,차차 얼굴인거 같으면서도 아닌거같은데 혹시 이 성형 이름을 아시는분 계실까요? 계속 찾아봐도 도저히 모르겠습니다..
2026-07-07,0,0,아이템,본섭 아케인 크크잡 장갑 팔기 vs 쓰기,챌섭에서 키우는 아델을 본캐로 계속 쓰려고 하는데 원래 키웠던 카이저에 17성 크크잡 장갑이 있습니다. 얘를 본섭으로 리프할때까지 기다렸다 써야할지 지금 당장 팔아서 스펙업을 해야할지 고민입니다. 추옵은 170급이고 에디는 없는 수준입니다.
2026-07-07,0,0,기타,아이템 벗었다 꼇는데 전투력 100만이 날라갔어요,제네시스 퀘스트 때문에 장비뺏다가 다시꼇는데 전투력 100만이 내려갔어요 환산에서도 보스 퍼센트도 내려갔는데 뭐때문일까요?
2026-07-07,0,0,아이템,이벤트링 뭐 받을까요,1티어 링은 다 있는데 뭐가 더 좋은건지 모르겠음;;
2026-07-06,0,0,기타,폴로프리토는 추가경험치 효과 영향 안받나요?,고정경험친가여
2026-07-06,0,0,몬스터,메린이 드메템 사야되나요?,"하루 3~4시간 사냥하려는데 제미나이 피셜 드메템 복구하려면 40~50일이 걸린다고 합니다 근데 제가 챌섭에있는동안 하드메이린+a에다가 자석펫까지 구매하는게 목표입니다(현재 이적자까지 잡음, 노해방) 그러면 드메템을 사서 사냥을 하는게 나을까요 아니면 챌섭에서는 사지 않고 본섭에 가서 사는게 나을까요?"
2026-07-06,0,0,직업,어센트 언제쯤 여는게 좋을까요,이상태에요
2026-07-06,0,0,아이템,템세팅 조언 부탁드립니다..,모바일이라 착용아이템을 한번에 캡쳐 할수없어서 링크로 대신 올린 점 죄송합니다. 현재 세팅 + 18성 쌍크에테장갑 및 18성 풀에테 합 40%급 방어구는 가지고 있는 상태입니다. 보조 엠블 및 장신구를 어느정도로 맞추는게 좋을까요? 매달 200억 가량 추가 가능하고 현재 예산은 1500억 정도입니다. 보스 최종 목표는 익스우 솔플배율 150% 정도입니다. 도움 주시면 너무 감사합니다!!
2026-07-06,0,0,아이템,챌섭 인트 118급 데아이어링 얼마정도 할까요?,주웠는데 비싼건가용 [이미지]
2026-07-06,0,0,시세,지금 매지컬주문서 사도 되나요?,페어리 30작해서 공50짜리 쓰다가 플하로 업글했는데 매지컬 주문서 지금 사도 되나요?
2026-07-06,0,0,기타,메이플 새 계정 판 메린이인데여 유니온 질문입니당,"1. 챌섭에만 캐릭터가 있는데여 유니온 8천은 찍어야된대서 루나로 리프할 예정인데 루나에 미리 유니온 작 해놓아도 되는건가요?? 2. 사냥이랑 잘 안맞아서 딸농으로 날먹하려는데 챌섭 버닝먹인 다른 200렙 캐릭터에 딸농,경쿠 교환한거 싹 옮긴다음에 그 캐릭터만 챌섭 끝나기전 미리 리프해서 루나 창고에 딸농, 경쿠 넣어놓고 루나에서 딸농먹이면서 유니온작하기 가능한가여?? 3. 200렙, 250렙 한번에 찍게해주는건 들고 리프할수 있는거져?? 좀 찾아보고있는데, 창고는 월드끼리만 적용인거 보고 루나로 딸농쿠폰 못들고 갈거같길래 잘 모르겠어서 질문드려요ㅜ"
2026-07-06,0,0,기타,드메셋 질문,현재 이벤링 1개만 드랍율 20퍼 끼고 있습니다 나머지 부위들은 어떻게 맞춰야 하나요?
2026-07-06,0,0,기타,레테 헥사떡작,환산 최적화 보주마 나왔는데 그대로 가도되나요?보조에 보공이0줄이라그런거같은데
2026-07-06,0,0,아이템,미분 윗잠 마30 쌍레질문,혹시 마마방 에디 21퍼 +a로 바꾸려는데 윗잠 마30 쌍레 메멘토가 27일에 풀려서 혹시 지금 시세로 450~470억정도면 팔리려나요 ? 챌2섭입니당
2026-07-06,0,0,기타,유챔들 경험치 어떻게 주시나요?,282하세유챔인애 있고 265 주보돌이있는데 265짜리가 템을 어느정도 맞춰놔서 얘한테 몬파랑 일퀘 줘서 280유챔캐로 만들지 아니면 링크3렙 할지 고민인데 어떻게해야될까요
2026-07-06,0,0,기타,250물약 어디에 쓰는게 좋을지 질문,"엔버 스킬은 250찍어도 달라지는게 없다고 하길래 패스했고 그 구글링하면 나오는 사냥이랑 보스용 나눠져 있는 링크 표? 그림? 있자나 거기서 이거 4개가 겹치는데 아크, 데몬어벤저, 키네, 제논 4개중에 좋아보이는거 3개 주면되나? 고수형들 알려줘"
2026-07-06,0,0,직업,본캐 바꿀만한가요?,[이미지] [이미지] [이미지] 본캐 5.3 보마구 템은 사진과 같아요. 보이듯이 무보엠 바꿀게 많기도 한데 보마가 지금 템값이 디지게 비싸서 이럴바엔 그냥 보마 놔두고 노칼돌이로 쓰고 렌에 투자해서 하드메이린 잡고 빨리 챌 다는게 맞지 않나 싶습니다. 렌이 재밌기도 하구여.
2026-07-06,0,0,아이템,4여명 가는게 맞을까요?,"얕향 | 캐릭터정보 - 환산주스탯 투력 2800만정도 2여명(가엔링, 트왈마) 7보장(눈장, 귀걸이, 피도미, 매커, 골클벨, 성배, 뱃지)에 2이벤링(레전1, 유니크1), 시드링 끼고있는데 보스돌아서 메소로 4여명을 가는게 좋은 선택일까요? 아니면 더 가성비좋은 스펙업이 있을까요"
2026-07-06,0,0,아이템,알쏭달쏭 표정 얼굴장식 이제 안나오나요?,구매하고싶은 표정얼굴장식이있는데 다시 나오는거면 기다리려구요
2026-07-06,0,0,아이템,메멘토 각인된 아이템에 17성 스타포스권 발리나요?,ㅈㄱㄴ 메멘토 된건 전승 안된다는건 몸소 깨달아서 이딴 질문해봄..
2026-07-06,0,0,직업,이거 뭔스킬이에요???,2번째줄 맨 오른쪽이요 ㅜㅜ
2026-07-06,0,0,기타,형님들 조언좀 부탁드립니다,현재 유뇬 6000에 하버를 본캐에다가 키우고있는데 이미 하버보상 다먹었고 제네시스 패스까지 지르고 이제와서 챌섭가자니 머리아픈상황입니다 새로운 명의로 챌섭처음부터 키우는게 나으려나요?
2026-07-06,0,0,기타,챌섭 5만점부터는 돈 써야하나요?,검밑솔 280 까지 5만점 채웠는데 이제부터 검윗 상위보스 가려니 템도 몇십억 몇백억 되는거 사야할 것 같고 막막하네요.. 아직 해방 전입니다 야누스 교환권 얻으려면 현금 무조건 써야겠죠?
2026-07-06,0,0,기타,질문받아요,본캐도 할거없고 부캐도 3주차에챌찍고 메자타임와서 심심한김에 질문받아봐요 메린이들환영 겜관련 아무거나
2026-07-06,0,0,아이템,보조 살만한가요,관세 X 121억인데 살만한가요 챌4섭이라서 그런지.. 매물이 저거밖에없네용..
2026-07-06,0,0,아이템,레전드리잠재 한장 남는거 어따써야할까요,두장주는거 하나는 3주쯤후에 제네시스무기 해방하면 거기다쓸거고 하나 남는걸 어따쓸지 고민입니다 보통 하트에 쓰라던데 운좋게 페어리하트때 보스큐브 돌리다가 유니크가서 이미 힘15%를 띄워놔가지고 레전드리 두줄이랑 비교하니까 좀 애매한가싶고 블랙 보조무기는 유니크 보스대미지30 공6퍼라 얘도 레전드리 두줄띄운다고 쳤을때 큰차이있나싶네요 엠블렘은 유니크 공9퍼 한줄이긴데 패스만 대충 질러서 하느라 미트라의분노는 부담스럽고 그냥 기본엠블렘에다 발라버릴까요?
2026-07-06,0,0,몬스터,메린이 이적자 120퍼 가능한가요,이칼 170퍼인데 1~2분 남기고 깨는 수준인데 이번주 초기화전까지 120퍼면 가능할까요?? 가능하면 한 몇시간정도 트라이 박으면 가능할까요
2026-07-06,0,0,아이템,무기를 사는게 맞을까요?,챌섭 뉴비인데 나름 현질을 해서 직업은 아크이고 투력 8900만 / 검마 243퍼 인데 연모로 무한트라이 해서 검마를 깻는데 찐모는 많이 힘드네요 10억정도 보보잡 아케인 무기를 사는게 도움이 될까요? 검마잡고 다음주 검밑솔 돌리면 해방입니다. [이미지]
2026-07-06,0,0,아이템,뉴비 보조무기 질문 하나만 받아주십셔,챌섭 아란 키우고 있습니다 보조무기 윗잠 보공뎀 올이탈 vs 보방공 정옵 어떤 게 나을까요? 그리고 차이는 얼마나 날까요?
2026-07-06,0,0,아이템,챌섭에서 200레테로 카벨룸 어떻게 잡아야 할까요,[이미지] 지금 이게 현재 상태인데 얼티링 끼면 깨지는걸 아는데 얼티가 최소 1억이라 살 돈이 없습니다... 그래서 찾아보다가 아케인 4셋 맞추면 뭐 할만하다해서 4셋 맞췄는데 안깨져서 벳지랑 성배도 사서 40만 만들었는데 끝까지 때려도 10~15퍼정도 남더라구요. 여기서 최대한 싸게 잡을 정도로 세팅을 할 수 있을까요??
2026-07-06,0,0,아이템,자석펫 언제가 젤싼가요...,4석펫 맞추고싶은데 넘넘비싸요.... 지금 거의 26~28만원이던데 젤 쌀때가언제인가요 존버하고싶은데ㅜㅜ
2026-07-06,0,0,아이템,챌린저스월드 뉴비 탬세팅 질문,현재 복귀 후 챌린저스 월드에서 즐기고 있는 복?귀 뉴비입니다. 탬세팅 뭐 하나라도 해보자 하는 마음으로 20억 메소정도 들고 있는데요.. 현재 탬상황은 아이템버닝 이후로 아무것도 없는 바닐라 상태 입니다. 20억 가지고 뭐먼저 해주는게 좋을까요?? 직업은 렌 입니다.
2026-07-06,0,0,시세,템값,이거 225억인데 살만한가요
2026-07-06,0,0,아이템,익스우 배율 150퍼가 최종목표인데,물론 지금 이제 환산5만대입니다만 ㅎ;; (갈길이 머네요) 방어구는 상하의는 에테 18성 30퍼 에픽2줄 끼고 있습니다. 장신망견은 에테18성 23퍼(레전2줄) 에픽2줄로도 익스우 배율 150퍼 충분할까요? 아니면 장신망견도 30퍼를 맞춰주는게 좋을까요?
2026-07-06,0,0,아이템,칠흑 2셋 사용중인데 다음 3셋으로 거공 좋을까요?,"지금 마도서 + 미트라 사용중입니다. 다른부위 4여명+보장 채워져있습니다 반지가 리,컨 , 가엔슬 , 이벤링2개(드랍+9퍼) 끼고있는데 거대한 공포 노작 사서 이벤트상점 유잠 발라쓰는게 좋을까요?"
2026-07-06,0,0,아이템,보조한번만 부탁드립니다,위와 같은 상태이고 챌섭 2달전쯤 들어와서 사냥하고 보조를 샀는데 너무 애매한거 같아서요 레 에로 바꾸고 드메템 하나 더사고 나중에 레레 5줄을 갈지 아니면 일단 두고 그냥 써야될지 모르겠습니다. 본캐로 하려고 키우고 있고 메소현질은 아마 안하고 천천히 할듯해요. [이미지]
2026-07-06,0,0,직업,유챔 국룰직업,유챔 국룰직업이 뭐가있나요?? 보마 렌 일리움 까진 알겠는데...
2026-07-06,0,0,기타,챌린저티어 전투력,챌린저티어 까지 올릴려면 전투력 어느정도여야 하나요???
2026-07-06,0,0,기타,대적자 랙,"다른보스, 어떤상황에서도 아무것도 랙 안걸리는대 대적자 칼꼽힐때 가끔 0.5초? 0.3초씩 끈키는대 컴퓨터 바꾸는거 말고 해결방법있을까요?"
2026-07-06,0,0,기타,작년 챌섭에서 버닝 1번 더 줬나요?,제목 그대로 작년에 챌섭에서 버닝 1번 더 줬나요?? 조건 없이?
2026-07-06,0,0,아이템,메린이 해방하면 챌린저 달수 있나염?,[이미지] 메린이 이번에는 현질 좀 해서 맞췄는디 제네시스 해방이 8월 초에 될거 같아염 챌린저 찍어서 야누스 받고 싶은데 제네시스 해방 하면 메이린 하드가 가능할까염? 작년 여름에 일리움 키웠고 그떄는 공부 안하고 200%대에 도전하면 파훼하는데 한 이틀 3일이면 됬는디 날라 다니는게 없어서 그런지 이번에는 300%는 되야 좀 할만 하더군영 작년에 했던 보스인데도... 카더스크 까지는 잡았는데 제네시스 해방 하면 메이린 하드가 몇퍼가 나오는지 궁금합니다 야누스 30렙에 절여져서 야누스 없으면 본섭가서 바로 접을꺼 같아요... 50만원이나 썼는디... 사냥은 하루 2~3시간 정도하고 있습니다 주말에는 메제까지 채우려고 하고 있구염 돈을 50만원 정도만 더써볼까 하는디 본섭 넘어가면 자석펫도 있어야 할텐디...
2026-07-06,0,0,아이템,돈좀쓴것 같은데 안쎼져서 고민입니다 ㅠ,본캐급으로 천천히 키우려고 준비중인데 그래서 템하나 하나 신경써서 맞추다보니... 쓴 돈 대비 전투력이 안나오는 거가타 고민입니당 ㅠ 해방은 칭구랑 같이한다고 밀려서 7.16 예정이고.. 아이템메이커로 해방무기 정옵 넣어서 돌려봐도 하메가 95퍼 뿐이 안나오네요ㅠ 이제 돈모아서 버섯펫 사려고 했는데 꼼짞없이 또 템에 돈을 써야할꺼같아요.. 한 200억~300억 정도 (자석펫 살돈인데 ㅠ) 더 템에 투자한다하면 어떤거 우선으로 하는게 좋을까요..?? [이미지]
2026-07-06,0,0,아이템,메린이 레테 템셋팅 훈수 부탁드립니다..,에테 상의or하의 한부위 맟추거나 마이링 18성 15퍼를 할지 ... 컨티 4렙을 살지 너무 막막합니다 뭐가 정답인지 모르겠음 ㅜㅜ 메이린 배율이 97정도라 조금 더 쌔지고 깨고싶어요 훈수 부탁드립니다 ㅜ
2026-07-06,0,0,아이템,형님들 주에 30억버는 메린인데요,템부터 사는게 좋을까요 아니면 조각이 우선일까요 하드메이린까진 가고싶습니다 조각은 1500개정도 썼어요
2026-07-06,0,0,기타,님들 물자 지원은 축룬때만 킴?,물자 지원 이거 축룬 뜰때만 키고 아닐땐 닫음? 아니면 걍 룬 뜨면 킴? 그것도 아니면 걍 풀로 돌림?
2026-07-06,0,0,몬스터,하드 세렌2인 or 노세 1인,챌섭인대 뭘가는게 이득일까여? 미트라가 잘 나오는 편인가
2026-07-06,0,0,기타,남은 대적자 코인 어따 쓸지 고민임..,[이미지] 너클이 이번 챌섭에서 레잠 에유잠 바른 무기고 스태프가 본섭 부캐 무기인데 너클 쌍레 달겠다고 대적자 코인 쓰는 거보다 그냥 대적자코인 원기옥해서 스태프 윗잠 뽑아주는게 나을 거 같은데... 이미 챌섭에서 에디 천장 절반 채워서 결정장애 씨게 왔음... 둘 다 투력 2억 정도 바라보고 있고 (현재 1억) 애정도도 비슷한 상황임... 1. 대적자 코인 모아서 스태프 방무없는 정옵 2. 천장 절반이나 채운 김에 너클 쌍레
2026-07-06,0,0,기타,챌섭 리프 질문있습니다,복귀유저인데 접기 전 베라 유니온 9천 있었고 자석펫 있는 상태 어차피 캐릭은 다 깡통인데 이번 챌섭 리프 스루엘 갈까요 베라 갈까요 고민중..
2026-07-06,0,0,기타,하드루시드 생각보다 쉽네,배율 100퍼만 넘겨도 깬다길래 해봤더니 진짜네 ㄷㄷ
2026-07-06,0,0,몬스터,세렌 딜 충분할까요?,1페를 1오리진 극딜 준극딜 극딜 준극딜로 넘기고 2페를 15분정도 팼는데 피가 한 40퍼대에요 패턴 피하면서 도망다니느라 딜을 좀 못하긴 했는데 클각이 나오긴 할까요? 제논이에요 배율은 딱 130퍼 나오네요
2026-07-06,0,0,직업,지난주에 시작한 뉴비 질문 드려봅니디,현재 템은 이정도고 일단 현재로는 이지 카링이 목표인데 혹시 더 스펙업 할게 있나요? 현재 90억 있고 해방은 23일 예정입니다 그냥 스펙업 중단하고 모든 메소를 제네무기에 집중할까요? 마지막으로 해방하면 플러스 주던데 이거로 무슨큐브 사야 되나요?? 미리 유니온 200작 중인데 챌섭에 278 레테 200 아델 썬콜 플위 나로 일케 있고 메m 120 찍었고.. 본섭에 미리 비약으로 카데나 메카닉 아크에 200 성비 맥이고 앞으로 17개 남았는데 보통 레테는 유니온 링크 뭐로 하는편인가요?
2026-07-06,0,0,기타,메린이 하이퍼버닝 질문있습니다!,"완전 쌩초보 메이플 처음 해보는 메린입니다. 이번에 보마로 하이퍼버닝 260까지 찍고 키웠는데 너무 제스타일이 아니고 재미없어서 다른걸로 하려니 명의당 1개라해서 꾸역꾸역 키우고있는중입니다 ㅠㅠ 하이버퍼닝 이벤트가 여름, 겨울에 있다고 하던데 겨울에 새시즌 하면 다른캐릭으로 본캐로 다시 키울수 있나요??? 여름에 이미 하이퍼버닝으로 한번 키웠으면 다시는 못키우는건 아니죠?"
2026-07-06,0,0,아이템,템 셋팅 질문드립니다!!,지금 4부위 22에테. 3부위 22아케인 인데 아케인에서 에테로 넘어가는게 생각보다 크지 않은것 같은데 22에테로 맞추기 vs 칠흑 익셉+미트라 공51+@ 이정도 남긴햇는데 어떤게 나을까요~? 잠재는 쌍레 5줄+@ 보고 2500억 이내에서 3부위 맞추거나 엠블이랑 익셉 6석펫 등 생각중입니다 목표는 데티 전 11만이구 현재 10.7정도 나옵니다.
2026-07-06,0,0,직업,형님들. 렌이 체급이 좋나요? 레테가 체급이 좋나요?,둘다 해봤는데 둘다 너무 마음에 듭니다. 뭘 본캐로 정해야할지 모르겠어서 그냥 체급 더 좋은걸로 하려고하는데 형님들 생각에는 둘중에 어느게 체급이 더 좋다고 생각하시나요?
2026-07-06,0,0,기타,님들 조각 파는게 좋음?,지금 헥사 떡작 2까지 했고 이제 환산주스탯기준 헥사코어 순서로 따라가면 스킬 하나씩 올릴때마다 최종뎀 10퍼 미만으로 오르는 편인데 지금 진라벨 3부위+마라벨무기(마라벨2부위있음) 살려고 생각중인데 지금부터 팔고 이거 사도 됨?? 아니면 이거 헥사코어 최종뎀 효율 몇퍼미만으로 떨어졌을때부터 조각 파는게 좋음?
2026-07-06,0,0,아이템,뉴비 18에테 질문있습니다,차차 메소를 좀 모아서 18에테 윗잠 30을 살지 33살지 고민중입니다. 18성을 사서 메소 모이면 별 하나씩 달으라는 찾아보다 보게되었는데 파방누르고 하나씩 누르면서 별을 다는걸로 이해했는데 이게 맞는걸까요? 이렇게 별을 올린다고 생각하면 윗잠 33에 에디도 에픽2줄말고 좀 더 높을걸 사야될지 고민되서 질문드립니다. 파방으로 별누르머 22성을 가는게 아니라면 18에테 윗잠 30에 에디 에픽2줄쓰다가 22성 쌍레로 넘어가는건지도 궁금합니다.
2026-07-06,0,0,기타,마네킹 오류,마네킹 오류로 갤럭시헤어 날라가고 모자에서 받았던 헤어가 연속 두개가 저장되어있어서 6월 25일에 문의 남겼더니 확인절차가 길어진다며 아직도 처리중이고 답변 못받았는데 이거 언제쯤 답변 주나요?? 헤어쿠폰 구매 기간도 슬슬 얼마 안남았는데...
2026-07-06,0,0,아이템,도적 에테 18성 5초잡 모자 얼마예요?,핸즈가 안드가짐ㅠㅠ 핑프 ㅈㅅ
2026-07-06,0,0,기타,외부채팅창하면 깜빡깜빡,외부채팅창 키면 메이플 창이 깜빡깜빡 거리면서 멈추고 외부채팅창을 다시 안쪽으로 넣으면 팅겨요 1대1문의 넣어도 매크로만 오던데 혹시 이거 해결하신 분 있으신가요?
2026-07-06,0,0,아이템,엠블렘 방마마 vs 마마인,방40 마18 vs 마21인9 뭐가 더 나음?
2026-07-06,0,0,아이템,챌섭 육성중에 레전 큐브 질문 드려요!,"안녕하세요 챌섭 썬콜 육성중인데 궁금한게 생겨서 질문드려요. 보조 블랙 마보뎀 12 30 9 / 마 9 마6, 엠블렘 일반 엠블에 레전 마마인 12 9 9 / 에픽6 보유중인데 보스 잡아서 뜨는 골드큐브 어디다 던지는게 좋을까요 1. 마 마 뎀을 보마방중 3옵으로 저격 2. 마 마 인을 마방 2옵 저격 3. 메소 모아서 애완 미트라를 만든다 ( 메소를 모아야 해서 적어도 3주 이상 걸릴듯) 레전인 부위는 이것들 + 하트가 레전 21퍼네요 나머진 유니크 OR 에픽 추천하시는 방향이 있을까요? 감사합니다."
2026-07-06,0,0,아이템,템세팅 조언 좀 부탁 드립니다..,[이미지] [이미지] [이미지] 현재 하드 세렌 까지 박살낸 캡틴 유저 입니다 280이고 헥사2 떡작 까지 완료 한 상태인데 여기서 하드메이린 잡으려면 보조랑 엠블을 사야할까요? 레유 정도는 구매 가능 합니다 제네 무기는 제네플러스 큐브 계속 던질 예정이에요
2026-07-06,0,0,기타,"비숍,캡틴 키우고잇는데 스인미크오솔 언제 써야하나요??",보스때 리레극딜에 쓰기에는 평딜이 더쌘것같은데 그냥 어느특정시간에 쓴다기보다는 남을때 쓰는건가요??
2026-07-06,0,0,아이템,챌섭 프펫 가격,핸즈옥션이 안돼서 지금 챌섭 프펫공가격이 얼마임 ? 알려줄 용사님
2026-07-06,0,0,아이템,무보엠 큐브,제네무기가 레유에 방마마 / 유닠 2줄 이래가지고 뭔가 건들기 애매한 상태인데 일단 제네+ 대적자 코인을 추옵 먼저 박는게 맞겠죠? 그리고 매주 공짜 블큐랑 에디큡은 어따 써야할까요? 뭔가 전부 애매해서 다 건들기가 무서움..ㅋㅋㅋ
2026-07-06,0,0,아이템,보조 살지말지 고민,지금 블랙보조에 유닠 공18퍼 에잠 공6퍼 달아놨습니다 소과금 유저지만 목표는 챌린저입니다.. 1. 그냥 사용하기 2. 레전21퍼 에디1.5줄 사먹기 인데 직업이 카인이라 보조가 좀비싸더라고요... 아닐수도 어쨌든 제 기준에는 공3퍼올리는데 과투자라고 생각이 들어서 그돈으로 미트라나 장신구에 투자를 할지 어쩌면 좋을지 의견 부탁드립니다 예산이 많지 않아서
2026-07-06,0,0,기타,메이플렌무교얼마에 올려야되나요?,렌 무교무기 130제 쟈히힌 힘 99엿나 아직 2작남은거있는데 스타포스 20성이고 잠재는 공 1줄 에디는...힘.. 그냥 유니크 만들고 팔까요? 에픽에판매하려면 얼마쯤하나요?
2026-07-06,0,0,시세,루타비스 뚝 이거 얼마정도 할까요?,이거 스카니아 돌다가 발견했는데 가위하면 얼마정도 나올까요?
2026-07-06,0,0,기타,요즘은 경뿌 고확으로 안하고 다르게 하나요?,챌섭1 하고있는 몇년만의 복귀유저인데요 옛날엔 사냥할때 할상 마빌경뿌 고확으로 보고 가서 했는데 사냥하려니까 경뿌 뿌린다는 사람이 잘 안보이네요 뭐가 바뀐건가요?
2026-07-06,0,0,기타,챌섭에서 하버맥스 하나 더 주기도 하나요?,"렌 키우다가 다른캐릭도 해보고 싶어서 썬콜 200까지 테라버닝으로 해보니, 이걸 260까지 깡으로 하는건 너무 피곤할거 같아서 좀 아닌거같아가지고요... 그냥 다음 챌섭을 기다려야 할까요"
2026-07-06,0,0,직업,형님들 주보돌이? 그거 같은캐릭으로 만들어도 할수있나요?,ㅈㄱㄴ
2026-07-06,0,0,아이템,메선생님들 보조캐 하진힐 스펙업 훈수좀 부탁드립니다,"[이미지] 지난 겨울 챌섭때 렌 해방 시키고나서 현생이 바쁜나머지 유기시켰다가 챌섭에서 미아 되뿌고.... 5월쯤 이번 챌섭 시작하기 전에 본섭에서 렌을 다시 만들어서 274까지 키웠습니다. 현재 챌섭에서 레테 280까지 올리고 재밌게 하고 있는데 검마가 월보인줄 모르고 7월1일 수요일에 4인팟 갔다가 데카아웃당하고 7/9 예정이던 해방이 7/23까지로 밀리는 대참사가 났습니다ㅜ.ㅜ 어쩔수없이 느긋하게 해방 해야될 운명이라서 부캐가 된 렌을 유챔으로 한번 만들어 볼까 하는데 하진힐 까지는 깨야 3번째 유챔이 열린다고 하더라구요 챌섭에서 두번째 하버를 준다면. 보마를 키워서 렌,레테,보마 세개 유챔등록 하고 싶은데 귀찮으시겠지만 아래 장비들 보고 최소한의 메소로 하진힐 스펙업 검사좀 해주실 수 있을까요? 심볼은 최소 19까지는 올려줄 계획이고 도전자 없어서 급하게 아케인이랑 카룻 3셋 맞추고 아케인 무기까지 장만해놨어요.."
2026-07-06,0,0,아이템,본캐 옮길려고 하는데 템을 팔아야할지 고민됩니다.,[이미지] 스카니아에 블빈마 17성 덱 996 분자벨 17성 덱966을 가지고 있습니다. 이번 챌섭에서 키우는 친구를 본캐로 바꿀려고 합니다. 스카니아에 있는 템을 팔 아서 메포를 좀 마련할려고 하는데 그냥 주보 돌이용으로 놔둬야 할까요? 얼마에 팔아야 하는지도 잘 모르고.. 조언을 구하고싶습니다!
2026-07-06,0,0,기타,5석펫,지금 12누스에 5석펫인데 20찍으면 몇분에 한번씩 설치하러가야되나요? 첨에 야누스 설치하자마자 루나익스머시기 그거써야댐? 어떻게 돌려야되나요?..
2026-07-06,0,0,아이템,350억 싼건가요,레전레전 마보마12409 마마129입니다
2026-07-06,0,0,아이템,제네무기 추옵 뭐가 더 좋을까요?,직업은 아란입니당..
2026-07-06,0,0,아이템,메린이 하드메이린킬 위한 스펙업 조언부탁드려요,아이디 : 뿌웅레테 투력 8000만정도고 이벤링2 가엔/데브/에스텔/트왈/골클 18성 유15퍼 기본도미 마깃안 17성 18퍼 보조 24/21 미트라 18/12 플하 18성 21퍼 핑크빈 이렇게 있는데 90억정도 여유가 있는데 어떤거 바꾸는게 좋을까요? 목걸이를 도미를 21성 이런 도미? 아니면 17고근? 아니면 21성 마이링? 아니면 18마이 18도미? 미래를 위해서 어떤 방향이 좋을지 조언 부탁드립니다. 4컨티도 없긴해요 280렙에 메이린 70퍼 나오고있습니다.
2026-07-05,0,0,아이템,화에큐 스택 사용처 질문,"화에큐 레전 스택 있는걸 어디다 써야할지 고민입니다 챌섭 유챔캐릭인데 제네무기는 유닠공15퍼 미트라는 유닠공18퍼 18성33퍼 거공 에디는 에픽, 21성33퍼데브 에디는 유닠 유챔이라 제네 미트라 에디는 레전 2줄뽑기 힘들거 같아서 고민인데 어떻게 하면 좋을까요?"
2026-07-05,0,0,아이템,장문)챌섭에서 본캐 레테하고 있는 유저인데 템셋팅 고민입니다.,"미래가 어떨지 모르겠지만 우선 챌섭 끝내고도 본섭가서 본캐로 게임을 계속 할 생각입니다. 원래는 2여명 7칠흑 고민중이였는데 이전에 쓴 글에서 어떤 분이 7칠흑 세팅하면서 칠흑 윗잠 유니크로 할거면 쓰지 말라고 댓글이 달렸어서 좀 더 찾아보고 글 남겼습니다. <현재 맞춘 템> 미트라 -윗잠 마21%, 아랫잠 에픽 9% 가엔링 - 18성 윗잠 18%, 아랫잠 에픽 2줄, 프악마작 데브펜 - 18성 윗잠 15%, 아랫잠 에픽 2.5줄, 프악마작 <남은 코인샵+출석 보상> 160제 17성 카르마 4장 카르마 유니크 주문서 4장 카르마 에디 에픽 주문서 5장 현재 이런 상황이라면 그냥 4여명 5칠흑으로 트는게 좋을까요? 우선 4여명 5칠흑으로 바꾼다면 4여명 세팅은 이런 식으로 할려고합니다. 현재 갖고 있는 가엔링 데브펜 판매 -> 21성 4여명을 사와서 윗잠 유니크, 아랫잠 에픽 박고 메멘토로 윗잠 2줄 아랫잠 2줄 노리기 OR 윗잠 24~27%를 사와서 17성을 달고 샤타 때 18성 단 후 아랫잠 에픽 박고 메멘토로 2줄 노리기 (모든 것은 경매장 시세 + 기댓값 고려하면서 결정) 그 후 5칠흑은 1. 미트라 2. 마깃안 3. 거공 4. 몽벨 5. 마도 칠흑은 27%사서 17성을 쓰다가 샤타 때 18성을 띄우든 아니면 완작을 살 것 같습니다. 그 후 나머지 부위는 일단 반지 하나는 이벤링 올텟 21%사용하다가 나중에 마이링으로 변경 펜던트 하나는 도미 사서 사용 도전자 장비는 챌섭에서 풀강까지 사용하고 본섭 넘어가기 전에 3에테 5앜 예정입니다. 펫은 d라벨 2개 있고 펫장비도 사놔서 프펫작만 하면 됩니다. 플라즈마 하트는 18성 윗잠 30% 에픽 2줄로 완 했습니다. 현재 계획을 이렇게 짜봤는데 4여명은 셋옵을 보고 하는게 아니라 가성비에 따르는 성능으로 사용하는거라고 봤는데 4여명 5칠흑말고 2여명 7칠흑으로 루컨마 고근(똑같이 18성 27% 에디에픽2줄 생각중)은 어떠신지도 궁금합니다. <3줄 요약> 1. 4여명 5칠흑 vs 2여명 7칠흑 (여명은 21성 윗잠 15% or 18성 윗잠 24% / 칠흑은 18성 27%) 가격대비스펙 고려하면 뭐가 괜찮나요?? 2. 제가 적어놓은 것 중에 틀리거나 수정할 부분이 있을까요??"
2026-07-05,0,0,아이템,펫장비 공격력 주문서랑 프리미엄 펫장비 공격력 주문서,옥션 검색해보니깐 그냥 펫장비 공격력 주문서랑 프리미엄 펫장비 공격력 주문서가 있던데 3석펫에 주문서 발라줄라고 하는데 뭐로 발라줘야 하나요? 그리고 코인샵에서 파는 펫장비는 프리미엄이 아니라 그냥 펫 장비 주문서겠죠?
2026-07-05,0,0,아이템,플라즈마 하트 작 질문입니다.,저는 페어리에서 먼저 강화하면 스텟이 그대로 올라가는 줄 알고 주흔 30% 5작해놓고.. 플라즈마에서 백줌으로 나머지 5작 해서 지금 공격력+60 인 상황인데.. 이거 아크이노하고 70으로 다시 행8하나요..?
2026-07-05,0,0,아이템,이거 제 히어로 보조인데,팔고 잠재괜찮은 새 보조를 사줄까요 아니면 밑잠 돌려서 공 2줄을 뽑는게 나을까요??
2026-07-05,0,0,아이템,큐브가 부족해요,보장들 유니크 15퍼만 뽑으려고 하는데(가엔링/블빈마/에스텔라) 큐브가 부족해요 어떻게 해야할까요?(이제는 잠재작 되어있는 걸로 사려고 합니다ㅜ) 시작하고 뭣도 모르고 걍 아무 장비에다가 써버려서 그런 거 같아요… 수중에 큐브 0개고 챌린저스 샵 샵 메멘토 골드 큐브도 다 써버렸어요
2026-07-05,0,0,아이템,템진로상담! 노말 흉성 솔플하고싶어요,안녕하세요 헥환 7.4 에반입니다. 노말흉성 목표로 헥환 8.2~8.5까지 올리고싶은데 템을 어떻게 갈아엎어야할지 모르겠습니다.. 현재 익스우 10~30초남기고 클리어하고있어요. 조각은 천천히 2만개까지 채울예정입니다. [이미지] [이미지] [이미지]
2026-07-05,0,0,기타,메린이 템세팅 진로 질문드립니다 도와주세요,"[이미지] 안녕하세요 챌린저스 서버 플레이 하는중인 메린이입니다. 메이플하면서 하드 스데미까지 처음 잡아봤어요. 노말 진힐라는 처음이라 아직 시도하지 않았어요. 목표가 제네무기 해방하고 나중에 검마 솔플로 때려잡는게 목표에요. 메소가 130억 정도가 있는데 어떻게 사용하는게 좋을까요? 어느정도 세팅해야 할지, 어떻게 해방을 준비해야 할지 감이 안 잡혀 질문드립니다. 제네패스는 구매했습니다. 글 읽어주셔서 감사합니다~"
2026-07-05,0,0,아이템,챌 뉴비 템세팅 질문!,안녕하세요 이번에 챌섭 재밋게 즐기고 있는 뉴비입니다. 이번 챌린저스 서버 하드 메이린을 목표로 달리고 있고 레테를 본캐로 생각하고 계속 키울 생각입니다. 현재 검밑솔 솔플이랑 노말 세렌까지는 솔플로 잡았고 검은마법사는 3페가 좀 숙련이 안되서 2인으로 갔습니다. 현재 스팩에서 하드메이린 까지 어떤 부위를 바꿔야하고 어느정도로 세팅해야하는지 감이 안잡혀서 질문글 올립니다!! 현질은 가능하면 안할려고 하긴 하는데 해야한다면 달에 20정도 가능할거같습니다. 인게임 닉네임 담쪽레테 입니다!
2026-07-05,0,0,아이템,자석펫 확률,원래 이렇게 잘뜨나요? 확률이 어느정도인지 궁금합니다..
2026-07-05,0,0,아이템,3주늦은뉴비 템진로 훈수 제발 부탁드립니다,"내일부터 제대로 하려는데 오픈부터 했으면 유튜브 가이드 같은걸 그대로 따라갔을텐데 3주를 늦어서 어떻게 해야할지 모르겠습니다. 일단 내일부터 길드 가입하고, 연합토큰은 메포써서 보충하고, 늦은만큼 매일 1~2재획씩은 하려합니다. 제가 생각한 템세팅 계획은 먼저 내일 나오는 페어리하트에 유잠+그냥에디 바른다음 금토일에 주문서 30퍼작을 하고, 재획으로 돈 모아서 트와일라이트 마크(얜 오늘 10성 찍음)에 데이브레이크 펜던트+그냥 가엔링에 17성강화권 2장, 유잠+에디에잠, 환불작 까지 해서 7보스+2여명 맞추고, 아이템버닝 쭉 밀어서 중급보스코인 모은다음 여명 가엔링+에스텔라 이어링(다른 여명이랑 똑같이) 까지 맞추고 여명4개+직접 얻은 블빈마에 놀긍떡작을 하려합니다. 그리고 보조는 깡통으로 쓰다가 챌섭3만점 보상인 카레잠을 발라서 작하려고 합니다. 돈모아서 어센트 강화도 같이 할겁니다. 재획은 가엔링이랑 특수스킬반지 쓰면 플레임링이 빠지고, 지금 이벤링 선택권으로 받은 카오스링이 있는데 이 둘에다가 이벤링레잠을 발라서 드메를 띄워서 쓰려고 합니다. 일단 이렇게 계획을 세워봤는데 부족하거나 보완할점이 있다면 부디 훈수 부탁드립니다. 그리고 벨트랑 도미펜은 어떻게 건드려야할지 몰라서 안썼습니다."
2026-07-05,0,0,기타,하누와 닉네임 팔리까요...?,한번도 닉네임 이벤트에 경매된적이 없어서요.. 한번이라도 팔렸으면 좋겠어요! 혹시 관심 있는사람은 잘 부탁드립니다...! ㅎㅎ
2026-07-05,0,0,기타,챌섭 재획 vs 본섭 재획,"* 본섭 상황 291 썬콜 6석펫 30야누스 풀드메 + 유부 mvp 레드 * 챌섭 상황 281 불독 이벤트석펫 30야누스 드83 메160 mvp 레드 챌린저 달성 목표이고, 본캐 바꾸게 될 확률이 높습니다. 챌섭 재획은 조각 메소 덜나오는건 둘째치고 기운도 너무 안나오네요 어디에서 재획하는게 좋을까요? 고견 부탁드립니다"
2026-07-05,0,0,기타,[챌섭]헥사스탯 3코어 떡작 관련 질문입니다,메린이 크뎀으로 해야되는줄 모르고 첫줄에 보공 박아버렸는데 환산주스탯에서 3코어 뚫으려고 최적화 보니까 전에 해둔거 싹 바꿔야 되더라고요 지금이라도 바꾸는게 맞을까요? [이미지]
2026-07-05,0,0,몬스터,메린이 횐산주스텟 보스 커트라인 질문,루시드랑 윌이랑 원래 이리 차이가 많이 나나요?
2026-07-05,0,0,아이템,귀고리 구매하려 하는데 질문 있습니다,"현재 미트라 포함하여 7칠흑이고, 귀고리만 남은 상태입니다. 귀고리를 마이어링, 오글링, 커포 셋 중 하나로 가는 것으로 알고 있는데 어떤걸로 가면 좋을까요? 가격을 봤을 때는 마이어링이 젤 싼 것 같긴 한데 나중에 판매할 때나 스펙업 등을 고려했을 때 어떤 걸 사야할지 모르겠습니다 답변 주시면 감사하겠습니다"
2026-07-05,0,0,기타,뉴비 질문 솔 야누스 스킬 3번 쓸수있다매,저번에 사냥할때는 3회 잘 설치하면서 사냥했는데 키세팅 한번 바꾼게 잘못된건지 먼지 계속 한개씩만 깔리고 쿨 60초 도는데 왜이런가여
2026-07-05,0,0,기타,환산주스탯 질문,[이미지] 환산주스탯에서 헥사코어 순서 보면 본인 스펙 추천구간 보기가 있는데 저걸 클릭했을 때 저렇게 비활성화 된 것처럼 보이는 건 현재 헥사코어 올리는 것 보다 다른 스펙업에 더 투자하는 게 좋다는 뜻인가요?
2026-07-05,0,0,아이템,챌섭 사파이어보상 유니크에잠 잘못 썼는데 혹시 복구해줄까요...?,뉴비라서 ㅠㅠ 에잠인지 모르고 윗잠인줄 알고 그냥 냅다 데브펜에 박아버렸어요... 재설정 한번도 안해서 일단 문의글 써놓은 상태인데 복구 절대 안되겠져?? 망한건가요.......
2026-07-05,0,0,아이템,무자본 메제유저 스펙업 훈수좀 부탁드립니다. (스펙상세첨부,"[이미지] [이미지] [이미지] 281 레테 보스세팅 전투력 6238만 결계 레전 +7 과금은 패스관련 전부, 제네시스 plus 까지 결제했습니다 경매장 통합으로 가격 거품 심하다고 들어서 경매장구매는 고려하지않고 전부직작했고, 벨트, 하트, 도미 18성은 예산부족으로 오늘 못했습니다. 하트 작은 가성비로 페어리때 70% 작했었고, 추후 미라클작으로 변경하려고 합니다. 엠블렘은 미트라를 획득하거나 가격이 좀 내려간다면 직작하고 싶은 마음이긴 합니다. 렌때도 그랬지만 신규직업 아이템은 가격상 구매하기가 좀 힘든거 같더라구요. 드메는 182/55%로 조각 전부 판매시 매일 수익 8억정도는 나오는 상황입니다. 주간보스 포함 일요일몬파7회, 에픽던전 경험치 4배 메포, 심볼세 사용하고나면 주에 40억 정도씩 생긴다고 할 수 있겠네요. 제가 경매장 이용을 잘 못해서 아이템 구매해서 스펙업 하는걸 잘 못하겠더라구요. 이번엔 하드 메이린을 필수로 잡아야해서 전투력이 1.1억은 나와야 하는거같던데, 스펙업 훈수좀 해주시면 감사하겠습니다."
2026-07-05,0,0,아이템,뉴비 챌섭 장신구 스펙업 질문있습니다,유툽이나 자게보다면 18칠흑 쓰다가 19성 20성 이렇게 하나씩 올리라는 내용을 봤는데요! 스타포스 올리다 깨질수도있는데 이렇게 스펙업하는게 맞는지 궁금합니다!
2026-07-05,0,0,기타,하드세렌 배율 300퍼,보스 20분으로바뀌고 몇바퀴컷 나올까요? 빡숙은 아니에요
2026-07-05,0,0,몬스터,재획 vs 사우나,재획이랑 사우나 둘중 경험치 뭐가 더 잘오르나요?
2026-07-05,0,0,아이템,이정도 템셋이면 하드메이린 가능한가요?,보스수익 은 다 조각에 박고 무기는 패스 플러스로 도전할듯
2026-07-05,0,0,아이템,챌섭 하메 포기해야 될까요?,"우선 자본이 없습니다 닉옥션으로 수령한 180만 메포 다시 닉네임에 꼴아박은 청년..(하지만 후회는 안함) 달에 많아야 30 정도 투자할수 있을거같은데 이번 샤타에서 장신구 18성 정도로는 다 올렸구요, 잠재도 작도 에디도 제대로 안 되어있는게 태반입니다 레벨링+무보엠에 힘을 주면 장신구 18성 정도여도 클각이 나온다는데 보조 엠블은 좋은걸로 사먹고 해방무기 옵션 잘 뽑으면 하메 잡을 수 있을까요? 생각해보면 챌보상도 20야누스 정도인데 이게 그렇게 큰가 싶기도 하고.. 본캐 사냥을 잘 안해서 ㅠㅠ 이번이 챌섭 제대로 해보는게 처음이라 끝까지 가보고 싶은 마음은 있는데 고민되네요 조언 부탁드립니다 (직업은 레테이고 현재 노해방 5천정도 나옵니다)"
2026-07-05,0,0,아이템,챌섭 메멘토 골드큐브 가지고 리프가능한가요??,레테 해방안하고 마스터만 딱찍고 큐브들 본캐에 줄려는데 저거 가지고 리프해서 본섭에 쓸수있어요??
2026-07-05,0,0,아이템,복귀 유저 본캐 템 질문 입니다(장비템먼저 vs 리레링 4렙 먼저),안녕하세요 1년전 렌으로 검밑솔 다이아 찍고 접었습니다. 이번 시즌 보마로 다시 시작했구요 보마도 곧 해방 예정이긴 하지만 그래도 시간을 많이 쓴 렌에 좀더 애정이 가서 렌을 키우고 싶습니다. 렌 도전자 장비와 리레링이 없어서 전투력에 맞는 보스들 잡아가면 메소 모아서 템을 하나씩 맞추려고 합니다. 여기서 질문 드리는데 장비템 부터 맞추는게 좋을까요? 리레4렙부터 맞추는게 좋을까요? 목표는 전투력 1억 정도로 3에테 4앜 으로 맞추려고 합니다. 현재 35억 정도있고 리레링이 31~2억정도 하네요
2026-07-05,0,0,아이템,시드링 질문좀요~~,리웨 스왑 이제 안하나요?? 리레랑 컨티 박아놓고 끝??
2026-07-05,0,0,시세,레테 보조 어떤게 낫나요? 알려주세요..!,[이미지] 가격 둘다 300억인데 뭘 사야 할까요..?
2026-07-05,0,0,몬스터,재획당 경험치,262인데 버닝 비욘드인데요 4배랑 몬스터파크 골드만 쓰고 재획하면 어느정도 오를까요?
2026-07-05,0,0,아이템,이번 챌섭복귀유저입니다. 드메템 관련 질문드립니다.,"이번 챌섭복귀 드메템 질문드립니다ㅠㅠ 현재 이벤링 최대한 활용해서 드랍 80 / 메획 100 맞춰놓은 상태인데요 야누스30렙 지원덕에 사냥피로도가 엄청 적어 사냥을 많이하게되어 풀드메 세팅 고려중입니다. 맞춰야하는 부위는 귀고리 눈장식 반지 3부위이고, 3부위 모두 쌍드랍 아이템으로 맞추려고합니다. 현재 오늘 경매장기준으로 무교쌍드랍3부위 관세포함 약 264억이고, 가엔링 파풀마 에스텔라 등 가횟달린 가장 저렴한 친구들로만 구매하면 넉넉잡아 190억정도 들어가는데.. 선생님들이라면 무교드랍템을 추천하시나요 아니면 저렴한 가횟달린 드랍템을 추천하시나요? 현재 계정 상황으로는 이번에 복귀한 유저여서 키우는 캐릭터는 챌섭에 있는 본캐 하나뿐입니다. 어떤선택이 효율적일지 몰라 고견 여쭙습니다. 답변해주시면 정말 감사드리겠습니다."
2026-07-05,0,0,아이템,챌섭 챌린저 진로 상담부탁드립니다!,"무기능 2~3주 뒤에 해방하면 제네무기로 변경할 거 같습니다! 챌린저 달기 위해 어떤 걸 바꾸는 게 좋을까요? 유잠 2개 남아서 데브, 트왈마 주고 에디에잠은 트왈마, 에스텔라, 데브 주려고 합니다! 닉네임은 테레햐 <- 입니다..! [이미지] [이미지] [이미지] [이미지] [이미지]"
2026-07-05,0,0,아이템,메멘토 브로즌 에디셔널 큐브는 어디에 사용할까요?,에디에픽 2줄은 다 맞췄습니다. 이제 큐브가 남는데 어디에 사용하면 좋을까요? 큐브 돌릴때 소모되는 비용도 무시 못하겠네요... [이미지]
2026-07-05,0,0,기타,부캐 검밑 시간대비 어떤가요,"부캐 두마리 있는데 검밑 라인 이 정도 배율이면 형님들은 매주 잡으시나요? 30분일때는 버프30분안에 하드스,뎀 노멀 돌이였는데 20분으로 바뀌고나서 잡을만한가해서 여쭈어봅니다 [이미지] [이미지]"
2026-07-05,0,0,퀘스트,제네패스 해방 날짜 메린이 질문드립니다!,"이번에 새로 시작한 메린이입니다! 보우마스터로 시작했고 제네패스까지 구매한 상태입니다 현재 잡을수 있는 보스는 하드 스우, 데미안 노말 루시드 하드 윌 카오스 더스크 노말 진힐라 노말 듄켈 이정도 입니다!!! 혹시 해방 예상 날짜가 8월 13일 정도인데 많이 늦은 편인가요...?"
2026-07-05,0,0,아이템,아이템 질문 하나만 드려도 될까요?,18칠흑 22여명마이링 강화하다가 억까가 심해서 멘탈 터져가지고 챌섭에서 천천히 미라클때 에디 등업하고 이벤트로 크크잡 /크잡 띄우려고 했던 에테를 23성을 올려버렸습니다 날먹은 아니다보니 빵꾸난 악세도 꽤 있어서 팔고 제 수준에 맞는 템으로 가고싶은데 저 상태로도 팔릴까요?? 열심히 알아봤는데 저정도 템은 놀긍 6리턴도 되어있어야하고 에디는 크주잡 정도 띄워야 윗잠 조합해서 사고싶은 사람이 생길거 같더라고여 제가 에디를 이벤트랑 큐브 무료로 얻는거로 돌리려면 시간이 꽤 길게 걸릴거 같은데.... 가위로 괜히 짤랐다가 카르마 큐브도 못쓸거 같아서 인벤에 글 남겨봅니다 ㅠ
2026-07-05,0,0,아이템,메린이 질문있습니다,패스류 전부 구매한 상황이고 제네패스플러스 당연히 구매예정입니다. 챌섭에서 단기적인 목표를 챌린저 달성으로 잡아둔 상태이고 본섭리프 후 본캐로 육성 할 예정인데 달에 20정도는 현질 가능할 것 같습니다. 현재 템 상태가 이런 상태인데 메고수님들 지도편달 부탁드립니당
2026-07-05,0,0,몬스터,카가엔슬,헥환 3만 1천에 전투력 5천만인데도 20분안에 안 깨집니다ㅠ.. 이거 무조건 웨이브 기믹 다 성공해야하나요? 웨이브 기믹 2번 실패하긴 했는데... 성공해도 딜이 그렇게 많이 까이진 않더라고요. 웨이브 기믹을 다 성공해야지 시간안에 깰 수 있을까요?
2026-07-05,0,0,직업,제논 방무 원래 이렇게 높아요??,첼섭에서키우고있고 방무는 도전자무기에 1줄 있어요 97.19퍼 나오네요... 예전에 할떈 막 93~95퍼 이렇게 맞췄던 거 같은데 하이퍼에서 좀 뺴야할까요? 환산사이트에서 알려주는대로 했는데 보공은 도핑기준 371이네요
2026-07-05,0,0,직업,선생님들 질문 하나만 해도 될까요.,[이미지] [이미지] [이미지] 분명 렌이 더 쌘데 왜 썬콜이 더 높은 보스 클리어가 가능한 건가요? 단순 직업차이 인가요??
2026-07-05,0,0,아이템,단계적 스펙업은 어떻게 하는 건가요??,"일단 방어구부터 바꿀려고 합니다. 모아둔 돈으로 아케인 장갑, 신발을 산 상태입니다. 장갑이랑 비슷하게 나머지 방어구 22성 쌍레5줄을 맞추자니 한 부위를 맞추는데 너무 많은 시간이 걸립니다. 단계적 스펙업을 할려면 제가 여기서 어떻게 템을 맞춰야 할까요?? + 오늘 샤타인데 신발 22성을 보내도 되는지 여쭤보고 싶습니다. [이미지]"
2026-07-05,0,0,아이템,여기서 스펙업 더뭐해야되나요,해방 2주남앗는데 뭐 더 해야되죠 돈이나 모을까요
2026-07-05,0,0,아이템,전사 뚝 2초주 / 에디 레전 메린이 도와주세요 ㅠㅠ,얼마 정도 할까요? 에디가 1초 없이 그냥 레전이기만 해서 가치 측정을 어떻게 해야될지 모르겠네요...시세에 비슷한 매물도 안보이구 메린이 도와주실 분 구합니다 ㅠ [이미지] ㅠ
2026-07-05,0,0,아이템,형들 미트라 사려고하는데..뭐사야할까 ㅠㅠ뉴비야,[이미지] 크리가 450억 데미지가 422억인데...뭐가좋을까??
2026-07-05,0,0,기타,피방시간 채우기,형들 피방 시간 채우려 하는데 여기 화면 잠금 없어서 걍 안전모드 키고 가려 하거든 겜방 시간 끝나면 걍 꺼지니까 가도 되겠지? 내가 걱정하는건 컴 안전모드상태에서 겜이 꺼져도 되는것인가에 대한 문제임 이번에 메이플 시작한 뉴비라 잘 모름
2026-07-05,0,0,시세,이런거 얼마할까요?,뉴빈데 갑자기 이런게 떠서 궁금해요.. 팔린 시세가 없어서 경매장은 둘러보고 질문 드리는거에요!
2026-07-05,0,0,아이템,"섀도어 템환 7만 후반, 헥환 7만 초반 템세팅 질문","템환이랑 헥환 차이가 거진 7000은 되서 환산 사이트의 [스펙업 순서] 가보니 예상 외로 헥사 강화가 아니라 18->19 아케인 장신견망을 하라고 하더라고요. 근데 19성 아케인? 잘 안 쓰잖아요. 보통은 바로 21~22아케인으로 넘어가는 걸로 아는데, 에테르넬이 아른거리더라고요. 현재 모자+상하의가 22카루타라서 장신견망부터 바꾸는 게 좋아 보이는데, 19아케인, 21~22아케인, 그리고 17~18에테 중 뭐가 좋을지 고민입니다. 앱솔은 가횟이랑 미래를 생각했을 때 ㅂㄹ같아서 선택지에서 제외했습니다."
2026-07-05,0,0,아이템,환산 6만 이후 템셋팅 도와주세요,[이미지] [이미지] 환산 6.5에 버프포함 전투력 1억4천 입니다 과금유저는 아니라 천천히 직작하면서 3에테 4아케인 4여명 5보장 17~18성 유닠2줄 에픽2줄까지는 해줬는데 이후로 칠흙이나 22여명부터는 템값이 확 올라 맞추기 어렵네요. 보조는 레전4줄정도 직작해보려하고있고 엠블은 미트라구매해서 레전공4줄 직작하려합니다. 엠블보조 5줄 추천 많이 해주시지만 완제가 넘 비싸더군요. 7~8만 보려면 어떻게 바꿔가야 할까요?
2026-07-05,0,0,아이템,템셋팅 질문드려요,[이미지] [이미지] [이미지] 뭐 바꿀만한거 있을까요? 투력 올리기 힘들더라구요 ㅜ
2026-07-05,0,0,직업,레테랑 키네 본캐 고민중입니다!,"저자본입니다… 키네시스 잘맞고 유틸도 좋고 예뻐서 저번 하버때 키네시스 본캐로 정해서 했습니다… 그런데 아버 뽕 빠지니까 전투력 훅 떨어지고 현타와서 장비만 아케인 셰이드 4개 맞추고, 에테르넬 3개, 여명 4셋 맞추고 지금 방치중이에요. 강화같은 건 안해서 폐급입니다 ㅠㅠ. 레테도 잘 맞는데 얘도 아버뽕 빠지면 현타올 것 같아서 고민입니다. 이번에는 패스로 해방까지 하려고 합니다. 둘 중에 한명한테만 몰아서 투자해주고 싶은데… 누가 좋을까요? 저번에 하버 대충 키운 키네시스가 너무 후회되네요 조금만 더 열심히 할 걸 ㅠㅠ 손에 잘 맞기는 둘다 똑같이 좋습니다! Q 제목: 본캐 투자 (종료) 최대 1개 선택 가능 참가자: 4 명 26.07.06 15:35:59 마감 득표순 답변순 키네시스 (50%, 2표) 레테 (50%, 2표) 투표가 종료되었습니다."
2026-07-05,0,0,아이템,플라즈마 하트 잘못받았을때,본캐에 받으려다가 옆에있는 훈장누르다가 잘못눌러서 부캐로 모듈을 받았는데 복구가 될까요 ㅠㅠ
2026-07-05,0,0,아이템,컬프 사용할만한 코디템 있을까요?,새로 시작한 뉴비입니다 재밌어서 웰컴 패키지 구매했는데 컬프를 받았는데 쓸만한 템 추천 할만한게 있을까요? 메소는 준비할 수있습니다
2026-07-05,0,0,아이템,"메린이 하드듄켈,진힐라에 막혔습니다 장비 고민..","280렙 레테 4천만 챌섭 메린이 입니다 이번에 시작해서 보스들 막 20~30번씩 트라이 해보면서 겨우겨우 잡아가고 있는데 하드 듄켈, 하드 진힐라는 도저히 답이 안보입니다.. 아이템이라도 더 좋은거 끼고 도전해야 하나 싶은데 어떤 아이템을 먼저 사야 할지도 모르겠고.. 지금 상황에서 어느걸 먼저 바꿔야 할까요? 현재 44억 있고 부족하다면 50억정도 땡길수 있습니다."
2026-07-05,0,0,아이템,소과금 메린이 스펙업 방향 조언 부탁드림다ㅜㅜ,"[이미지] 목표는 챌섭 챌린저인데 스펙업 방향 조언 부탁합니다 일단 장신구는 루컨마(미트라까지해서 2칠흙), 파풀마 가엔링, 에스텔라, 데브펜해서 3여명 맞출생각이고 지금 에스텔라는 해놨어요. 보조는 그냥 쓰고 미트라깡통사서 유잠 에에잠 바르고 메소로 레전등업+블큐로 두줄 파풀마,가엔링 18성+2~2.5줄사기 루컨마, 데브펜 중에 하나는 반직작(18성+유잠+프악공), 하나는 오래 쓸만한 거로 사기(레전3줄) 으로 스펙업하면 갠찮을까요 예상 소모메소가 미트라깡통+레전보내기: 35억 파풀마,가엔링:합쳐서 50억 루컨마깡통: 20억(직작) 데브펜: 60억 정도 생각하고있는데 9월17일까지 천천히 메소모으면서 모자란부분만 현질할 생각이에요 방향성 수정이나 조언 부탁드립니다"
2026-07-05,0,0,아이템,늅이 꾸준히 모은 메소로 여명 샤타했는데... 다터져서 돈쓰고 싶어요,20만메포 쓴다고 치면 여명 2개에 보조 1개 사능게 좋나용 아님 여명 4개가 낫나요?
2026-07-05,0,0,아이템,뉴비 본캐 레테 보조와 템셋팅..,안녕하세요 챌섭에서 레테 (똥환술사) 열심히 키우고 있는데 템좀 맞춰볼까 해서 질문드립니다 ! 현재 잡쌍레 미트라 130억에사서 골드큐브랑 마일리지 카르마 화에큐로 돌리구 있구 보조가 고민인데 정옵을 살지 좀 더 투자할지 500-600억 정도까진 쓸 의향은 있습니다 그리고 쿨뚝 2초2초잡 사고 천천히 하려고하는데 보조를 어느정도로 사는게 효율적일지 알려주시면 감사하겠습니다 목표는 일단 익스우 솔플이구 계속 천천히 올릴거 같습니당
2026-07-05,0,0,아이템,18에테랑 22아케인 레에 작은 보통 뭘로하나요?,그냥 주흔15퍼작? 공6 첫작 후 주흔15퍼작? 둘다 정옵 3줄 + 에픽2줄 입니다
2026-07-05,0,0,아이템,템세팅,챌섭에서 윈브키우고잇는데 10만원 질러서 템맞추면 전투력어느정도까지 나올까 아버랑 이벤트 보스템들 끼거잇는데 264야 레벨은
2026-07-05,0,0,아이템,스펙업 이제 뭐할까?,지금 당장 생각중인건 지금 이지칼로스 개패고 마스터단 다음 주는 큐브로 보조 에디랑 앰블잠재 돌려볼 예정이고. 다음주에 분자벨 유니크잠재 발라서 15뽑는거는 생각중임 메소 26억있는데 뭘 써야할지 모르겠음. 그나마 좀 찾아본거로는 유튜브에서 도미 18성사는걸 추천하길래 18성에 유닉잠재 달린거 관세달고 23억이길래 살까도 생각이고 아니면 드메템 맞추거나 더 돈모아서 마이링살까도 생각중... 아니면 걍 돈쓰지말고 모을까? 메짱들아 도와줘!!
2026-07-05,0,0,아이템,이제 비포/애프터 큐브밖에 없나요?,명큐나 레드큐브 같이 비포/애프터 결정못하는 큐브는 다 없어졌나요?
2026-07-05,0,0,기타,여기서 더 먹는 도핑있나요?,있다 검마솔격갈라는데 세이람/알레리아?/콜렉터/vip레드/mvp레드/붉은별 이정도 먹을라는데 더 도핑할게 있나요?
2026-07-05,0,0,아이템,하드메이린+본캐급 스펙업 어느정도로 해야할까요ㅠ?(사진있음),챌섭에서 하드메이린까진 여유롭게 잡고싶구 추후 본섭가서도 본캐로 쓰려면 여기서 스펙업 순서를 어떻게 해야할까요? 어느정도로 뭘 맞춰야될지 도저히 감이 안와요.. 미트라는 쌍레 공 5줄 살 예정이에요 1. 여명 21성 둘둘 2. 칠흑 깡통 레전 사서 천천히 직작하기 3. 그 외 다른거...? [이미지] [이미지] [이미지] [이미지] [이미지]
2026-07-05,0,0,아이템,미트라 잠재 고민중입니다.,안녕하세요! 챌섭 레테 헥환 3.2 챌린저는 달아보자합니다 미트라를 쌍레5줄가기전에 중간단계쯤 거쳐가는걸 구입하고 싶은데 어느 수준으로 고르면될지.. 1~2번은 예산을 아껴서 마도서도 바로 같이 살 수 있을거같고 3~4번은 마도서는 한주 늦어져도 에디가 완성이라 골드큐브만 짬짬이 던져줘도 될 거 같고해서 고민입니다.. Q 제목: 미트라 잠재 최대 2개 선택 가능 참가자: 4 명 (무기명) 레유 마24/마15 골드큐브 던지기 레유 마21방30/마15 유지 레레 마21/마18 골드큐브 던지기 레레 마21/마21 골드큐브 던지기
2026-07-05,0,0,기타,하버 계정삭제해도 다른계정으로 못만들죠?!?,기존 아이디가 제가 만든적이없는데 하버가 및 계정이 도용되어서 계정도용삭제를 했는데 그러고 일주일 지나 다시 계정을 만들어서 메이플하려고하니 이전에 하버가 만들어져있어서 못만든다고 하더라구요 그러면 이번 이벤트는 못즐기는거죠?
2026-07-05,0,0,아이템,챌섭 열리기 전,챌섭 열리기전에 여명장신구 유니크 21퍼가 얼마정도였고 칠흑이랑 미트라 노작이 얼마였는지 아시는분있나요
2026-07-05,0,0,아이템,선생님들 복귀 뉴비 템진로 조언 부탁드립니다.,"안녕하세요. 챌린저스 월드에서 레테 본캐로 키우고 있는 복귀 뉴비입니다. 현재 아래의 템을 끼고 있고 헥사환산 딱 3만 나오는데, 템을 뭐부터 바꿔야 하는지 모르겠어서 선배님들께서 조언 부탁드립니다. 레잠 2개 에디유잠 1개 있습니다. 현재 보유메소는 50억에 20만 메포 있습니다. [이미지] [이미지] [이미지]"
2026-07-05,0,0,아이템,카인 1티어랑 딥다크 중에,1티어 이벤링 18퍼 공10짜리랑 딥다크 링이랑 뭐가 더 좋을까요?
2026-07-05,0,0,아이템,메쌤들 채집 만들어서 파는거랑 씨앗만 파는거,계산이랑 판단 어떻게 해야하나요? 씨앗 거래가 기준으로 어떤 기준잡고 해야하나요 ?
2026-07-05,0,0,기타,겨울에 제네패스 나오나요?,하버때마다 내기에는 문제가있다라고 겨울 쇼케때 언급했던것 같은데 저번 챌섭 유기(미해방)된걸 복구해서 키울지 겨울까지 기다릴지 고민입니다.
2026-07-05,0,0,기타,챌썹에서 (하이퍼버닝 선택x) 아케인지역 경험치 5000배? 적용 되나요?,밖이라.. 들어가서 확인할 수 없어서 글 적어봅니다...
2026-07-05,0,0,아이템,이번유입 스펙업 순서좀 알려주실수있을까요,[이미지] 현재 이상태고 큐브로는 무기 윗잠 보조 아랫잠 돌리고 있습니다 본캐라서 어센틱심볼도 계속 누를예정인데 이 상태에서 미트라 레/유를 모아서 사는게 맞을까요 조각에 올인해서 헥사스펙업을 미는게 맞을까요? 현 40억정도 있고 패스만 전부 샀고 다른 현거래는 할예정x입니다 매일 메제 1억5천정도는 채우고있습니다
2026-07-05,0,0,기타,인게임 전투력이랑 환산주스탯 전투력이랑 왜 차이가 나는건가요,87만 정도 차이나네요
2026-07-05,0,0,직업,하이버버닝 삭제하고 다시만들라하는데 뉴비 질문드립니다,제가 아버나 이런건안받구 하이퍼버닝에 200렙 보상과 스타트보상을받았는데 혹시 삭제하고 다시만들면 이템들이 영향이 좀클까해서 글올려봅니다 괜찮을까요..? 사진첨부합니다
2026-07-05,0,0,아이템,복귀유저 질문있습니다,"더키 펫, 쁘띠 레온, 아기 호랑이 토끼 찹살떡 임팩티브 데미지 혹시 이것들 모루하면 팔리나요?"
2026-07-05,0,0,기타,mapleaudit 써보신분 있나요,api 키복사하는거 보안에는 문제없나요
2026-07-05,0,0,아이템,샤타포스 관련 질문드려요,지금 4여명과 보스장신구 도미를 제외하고는 전부 18성 15퍼 달아주고 메소가 조금 남았는데 1. 도미 구매 또는 제작 후 18성 도전 2. 나중을 위해서 메소 모으기 3. 어센틱 심볼 레벨업 어떤 것이 더 좋을까요? 현재 심볼은 7/5/5/5 상태입니다
2026-07-05,0,0,아이템,챌섭 유입 메린이 템 진단좀 부탁드려요,"앞으로의 계획입니다 윗 3줄, 30% 22성 카루타 2초 쿨뚝, 상의, 하의 18성 아케인 신견망 아케인 쌍크뎀 or 크인인 가격 보고 결정 보조 쌍레 에디 21퍼 + 윗 3줄 엠블렘 쌍레 21퍼 + 21퍼 이상 칠흑 (미트라, 마도서, 거공, 마깃안, 고근or몽벨) 생각 중 방어구는 9월쯤부터 차근차근 준비해나가려고 하며 루컨마를 필두로 칠흑을 먼저 구매하려 하는데 아이템의 순서나 제가 계획한게 조금 잘못된게 있을 시 알려주시면 감사드리겠습니다 [이미지]"
2026-07-05,0,0,아이템,유튜브 보고 맞췄는데 챌린저가는거 도와주세요..,레벨은 278이고 아직 해방전입니다. 유튜브보고 이번 샤타때 별까지 달았는데 이제 아이템별로 에디2줄씩만 띄우면 하드메이린 잡을 수 있을까요 손이 좋은편은 아니라 최소컷은 조금 힘들듯한데 챌섭에 주는 아이템버닝끝가지 다받으면 잡을 수 있는 스펙인지 궁금합니다. [이미지]
2026-07-05,0,0,시세,뉴비입니다 질문있습니다 (모르고 자게에 써서 다시 작성했습니다),"안녕하세요 이번에 챌섭 시작으로 유입된 뉴비입니다. 현재 투력 5750에 환산 약 4.3 헥환 3.3 정도 되는데요 스펙업 하고싶어서 이번에 샤타포스통해서 스펙업을 좀 해보려고 합니다 블빈마 17성 힘 100급 윗잠 힘 21퍼 아랫잠 힘4퍼 공+10 주문서는 공+4 (30%?????)완작 가횟 8 24.5억정도 하는것같습니다 (관세 있습니다) 노작 최저가가 지금 2.66 정도 하는거같은데 작에 따라서 시세를 어떻게 가늠하거나 이해하면 될까요?? 여러개 비교해보면서 확인중이긴한데 템 종류도 너무 많고 템마다 너무달라서 이해가 잘 안됩니다.. 선생님들 알려주시면 감사하겠습니다. 그리고 위에 예시로 가져온 템정도면 지금 비싼건지 아닌건지도 부탁드립니다 되팔때 5-7 억정도는 감가 있을거 생각하고 있고, 평균 시세보다 2-3억 정도 비싼건 감안할 예정입니다. 쓰고 나니 최대 10억까지 손해일수있는데 저거 끼고 열심히 사냥하고 보스잡으면 그리 손해는 아닌것같기도 하고.. 잘 모르겠습니다.. 고수 메짱형님들의 도움이 절실합니다.. 현재 메소 100억 있습니다 닉넴을 밝혀도 되는지 모르겠는데 밝혀도 되고 궁금하시면 댓글로 써드릴게요"
2026-07-05,0,0,직업,일리움 vs 키네 뉴비본캐 추천부탁드립니다,"추천부탁드립니다 형님들 ㅠㅠ 이유도 말씀해주시면감사합니다 Q 제목: 본캐 (종료) 최대 1개 선택 가능 참가자: 7 명 26.07.06 02:20:59 마감 득표순 답변순 키네 (57.1%, 4표) 일리움 (42.9%, 3표) 투표가 종료되었습니다."
2026-07-05,0,0,아이템,플라즈마 하트가 터져버렸어요..,"안녕하세요.. 챌3에서 280아란 키우고 있는 뉴비입니다.. 다름이 아니라 오늘 스타포스 하다가 가엔링, 데브펜, 에스텔라는 17 > 18을 했는데.... 플라즈마하트를 17성? 18성? 가다가 터져버렸어요.. 확률도 얼마 안됐던 거 같은데.. 아무튼 지금 너무 멘붕이 옵니다.. 메소코인샾에서15억메소로 다시 구매하는 게 맞겠죠..? 사실 지금 메소가 없어서 로아땡이나 이런 곳에서 구매하려고 하는데 좀 못미덥기도 해서 어떻게 해야 할지 모르겠네요.. 주보 돌면서 임시로 쌩노작 리튬 하트라도 끼고 있을까요?? 어떻게 해야 할까요 ㅠㅠ 플하 터지고 투력은 4500만입니다."
2026-07-05,0,0,아이템,장신구 부분직작 된걸로 사도 되나요,추옵/잠재유니크/에디에픽/17성 이거 다 만족하는게 별로 없거나 생각보다 비싼데 저중에 2~3개 만족하는거 찾아다가 나머지 부분은 직접 돌려도 효율 갠찮은가요?
2026-07-05,0,0,시세,레테 쌍레 보조 가격 측정 도와주세요,
2026-07-05,0,0,기타,소과금 메린이 템셋팅 순서 좀 알려주시면 감사합니다.,"이번 달에 운 좋게 33퍼 띄워서 이거 팔고 자석펫 한 마리 사고 나면 한 600억이 남습니다. 이걸로 스펙업하고 싶은데 구매할 템순서 알려주시면 감사합니다. 오늘 샤타포스 때 마이링은 22 성 띄울 예정입니다. 50억정도 있습니다. 가엔링은 저대로 그냥 팔고 600억 메소 들어오면 새로 살 예정입니다. 반지는 현재 4레벨 반지 하나 샀고, 아마 리레링4렙도 하나 미리 쌀 때 하나 살 예정입니다. 메고수님의 지도 부탁드립니다. 무기는 천장처서 현재 코인 다 쓴상태이구요. 메소로 아마 에디 레전 달아야할 듯 싶습니다 . 제네시스 패스 당연히 구매 했습니다. 레전더리 의문의결계 8강입니다. 진 패스 구매한 상태입니다."
2026-07-05,0,0,기타,자석펫 다른종류 3개 효율 어떤가요?,피시방까지하면 기간제 자석펫 여러개이고 영구자석펫도 하나받았고 자석펫 하나만 살예정인데 순수 자석펫 개수 늘어나면 효율이 어느정도 수준인가요? 아시는 메잘알 형님 알려주시면 감사합니다. [이미지]
2026-07-05,0,0,아이템,메짱형님들 샤타포스 결과 괜찮습니까,"트왈마 17 > 21 파풀마 0 > 21 분자벨 0 > 21 도미 0 >18 가엔링,에스텔라,데브펜,플하 17>18 하는데 150억 정도 썻습니다. 스타포스 계산기로 기댓값 돌려보니 조금 손해 본거 같긴한데 괜찮습니까??"
2026-07-05,0,0,시세,추옵 154급 골클벨 시세 질문,덱스 154급인데 혹시 추옵 값만 보면 어느정도 하는지 알 수 있을까요 ?
2026-07-05,0,0,기타,하이퍼버닝 계정 탈퇴 후 재가입 해도 불가 재참여 방법 질문,하이퍼버닝 아무생각 없이 만들었다가 직업 맘에 안들어서 다시 만들려고 삭제했다가 아버도 날리고 하이퍼버닝도 안 되고 해서 알아보니 명의당 1번 참여라고해서 넥슨 계정 3개있던거 다 명도탈퇴로 7일 뒤에 다시 가입하고 새로 생성하는데도 이게 어떻게된 일인지 하이퍼버닝은 안만들어짐.. 테라버닝만 3개 만들어지고 ㅠ ㅠ 쩝.. 하이퍼버닝 재참여 방법 없음..? 하.. 테라버닝으로 200만 찍고 하려니 막막한데 ; 대체 이렇게까지 하버 아버 빡세게 통제하는 이유가 뭐지..?
2026-07-05,0,0,기타,복귀유저 챌섭 질문드립니다,몇년안하다가 요즘에 할게없어서 챌섭한번 해볼려고하는데요 직업은 아직고민중이구요 평일에 2시간정도 주말에는 5시간쯤 한다고하면 지금시작해도 챌섭 점수 다 채울수있나요? 본섭 넘기기전까지 과금은 딱히 필요없겠죠? 챌섭 한번도 안해봤습니다 본섭에 270까지 하던거있는데 템도없고 어디서부터 해야될지 기억도안나서 처음부터 한다는마인드로 해보려고 하거든요
2026-07-04,0,0,아이템,잠재 21퍼 27퍼 관련 문의,"잠재와 에디의 합계로 얘기한다고 유튭에서 본거 같은데 공/마 10, 11, 14는 주스탯 몇으로 환산되나요? 환산주스탯 기준으로 윗잠 주스탯 18 에디 공/마 22인데 24.6 퍼 주스탯이라고 나와서요.. 이거 계산하는 방법 알려주실 메청년 분들 계신가요"
2026-07-04,0,0,아이템,똥블렘 에디 질문,하드 메이린을 목표로 템세팅하고 있는데 미트라가 너무 비싸서 일반 엠블렘으로 쭉 가려고 합니다. 지금 에디가 에픽 9퍼인데 미라클 나오면 등업시켜서 유니크15퍼나 그 이상을 보는게 맞을까요? 아니면 그 돈을 다른 부위에 투자하는게 나을까요? Q 제목: 엠블렘 에디 질문 최대 1개 선택 가능 참가자: 3 명 (무기명) 에픽 9퍼로 쭉 쓰다가 나중에 하드 메이린 이상을 바라볼 때 미트라로 바꾼다. 하드 메이린 잡기에 에픽 9퍼는 낮으니 유니크로 등업을 시킨다.
2026-07-04,0,0,기타,유효 2줄로 인정인가요?,"챌섭 복귀 유저입니다 돈은 없고 무과금으로 하드 메이린까지 도전해보려고 하는데요 패스는 다 산 상태입니다 하드 메이린 최소컷 스펙을 알아보니까 보조무기 , 엠블렘 레에로 레전 유효2줄은 꼭 써야하는 것 같던데요 [이미지] 얘 윗잠을 유효 2줄로 봐도 될까요?? 챌섭에 방무가 의미 없다는분도 계셔서 정말 고민입니다 그나마 인트도 떠줘서 방무를 좀 매꿔줄 수 있지 않나 싶은데 이거 2줄 유효로 봐도 괜찮을까요?"
2026-07-04,0,0,아이템,이거 111억 관세o 괜찮게산건가요?,추옵은 조금씩 돌릴생각이긴한데 같은가격대에 레전 세줄이 이거뿐이길래 평생쓸생각으로 샀습니다. 챌린저까지 목표입니다.
2026-07-04,0,0,아이템,제네패스 소울,제네패스 위소울 캐릭 내 이동 가능일까요?
2026-07-04,0,0,시세,전사 장비 시세 질문드립니다.,[이미지] 이번에 장비를 교체하려하는데 시세잘아시는분 가격좀 알려주시면 감사하겠습니다. 직작했던템들이라 시세탭에도 비슷한 아이템이 없더라구요.
2026-07-04,0,0,직업,본캐바꾸고싶은데 어떻게할까요,이번 챌섭 보마로시작해서 본캐로 키우고있었는데 레테 잠깐해보니 재밌고 좋더라구요 그래서 본캐 레테로바꾸고싶은데 보마한테 받을거 다받아가지고 다음 챌섭까지 기다리는게좋을까요? 아니면 250달성비약 먹이고 키우는게 좋을까요?
2026-07-04,0,0,아이템,pc방 경험치 버프랑 추가경험치 쿠폰이랑 중첩 되나요?,제목 그대로 pc방 경험치 버프 받고있는 상태에서 추가경험치 쿠폰 쓰면 같이 중첩 적용 되나요?
2026-07-04,0,0,직업,지금 첼섭 시작해도 첼린저도 할수있나요?,옛날옛날에 해서 진힐라까지만 해봤는데요 지금 시작해서 첼섭 끝나기전에 첼린저가능한가요?
2026-07-04,0,0,아이템,메린이 템질문좀용..(살짝비틱주의),드랍 44퍼로 운좋게 마도서가떳는데; 지금 핵환 3.1이고 메소는 61억 잇습니다 앞으로 현질계획은...매일매일 고민중인데 일단 61억잇는것도 현질한거긴합니다만 추가적으로는 고민중에있습니다 이걸끼는게 좋을까요 파는게좋을까요??;;
2026-07-04,0,0,아이템,샤타 때 이렇게 템 맞추면 될까?,"18성 스타포스만 된 장신구(여명, 블빈마) 사서 유잠 에에잠 코인샵에서 사든가 구매하고 직작하면 될까?"
2026-07-04,0,0,기타,수줍은 마음 지금 시세로 사도 되나요?,경매장에서 8억 정도 하던데 지금 마스터피스에서 나오는 레드블랙라벨 중에 얘만 비싼거 같아서... 그냥 사도 괜찮을까요
2026-07-04,0,0,기타,보스팟 용병 관련,담주에 내내 메이플 못켜서 보스파티 못갈거 같은데 용병 내가 구해야하나요 아니면 말씀만 드리고 알아서 구하시게 놔두면 될까요?
2026-07-04,0,0,아이템,형님들 렌 전투력1억 찍고싶은데 템셋팅 가성비훈수좀 부탁드립니다,[이미지] [이미지] [이미지] 현질없이 사냥하면서 돈모아서 찍을생각인데 가성비로 뭐부터 맞추고 이후에 어떤템 가면 될까요?
2026-07-04,0,0,기타,뉴비) 아이디 생성관련,"넥슨아이디로 직업추천보고 보마,렌 중에 추천해줘서 챌섭에서 보마했는데요 260까지 하이퍼버닝다받고 이제 비욘드까지설정했습니다. 근데 플레이해보니 너무 지루해서 본캐를 아델로해서 키우려고하는데 캐삭하고 다시 아델 키우면 하이퍼버닝,싹다안된다고하더라고요 그럼 제명의로 새로 아이디파서 새로키우면 하이퍼버닝 싹다 받으수있나요?ㅠ 그리고 본캐로 오랫동안할건데 직업추천부탁드립니다."
2026-07-04,0,0,직업,형님들 챌섭캐릭 삭제하고싶습니다,인생 최초 해방 해볼려고 패스다사고 호영 278 레벨까지 찍었는데요 분명 시작할때는 누구보다 멋져보이고 가슴이 시킨다고 생각했는데 보스패다보니까 정내미가 뚝 떨어져서 삭제하고싶습니다 아 계정을 하나 더 만들어서 다른직업이랑 두개를 키워봐야겠다 했는데 이세1끼 삭제하면 패스랑 아버 이런거 다 명의당 1회로 바뀌었다고해서 질문남기는데요 그러면 하이퍼버닝 보상도 이미 호영련이 다처먹고 비욘드 보상도 처먹고 삭제해봤자 다시 돌아오는건 하이퍼버닝 260레벨 밖에 없는게 아니겠습니까? 그냥 이악물고 키우고 다음챌섭 기다리는 방법밖에없나요? 제 좌우명이 후회하지말자인데 캐릭 선택창 볼때마다 후회가 존1나게 되서 형님들께 이럴땐 어떻게 지혜롭게 헤쳐나가야하는지 여쭙니다
2026-07-04,0,0,아이템,카블큐를 이 중 꼭 던져야한다면?,[이미지] 고민이네요..
2026-07-04,0,0,기타,해방이후 방어구 국민셋이 뭔가요?,검색 해보고 좀 찾아보니 3에테르넬 5 아케인이 정배인가요? 아니면 장갑까지 에테르넬 써서 44로 가는게 맞나요? 자본은 200억쯤 있습니다
2026-07-04,0,0,아이템,본섭에 탬을 챌섭으론 못 옮기죠?,본섭에 경매장에 등록하고 챌섭에서 관세 내고 재구매가 안되겠죠? 그냥 본섭에서 탬 판매하고 메포 바꿔서 챌섭 가서 메포로 메소 바꾸고 그 메소로 탬을 구매하는게 맞죠?
2026-07-04,0,0,기타,어센트 스킬 질문드려욤,작년에 챌썹에서 렌 키울때는 어센트 스킬9렙?이 효율적이라고 해서 그렇게 찍었었는데 요즘도 똑같은가요? 어센트 레벨 올리는게 효율 좋은지.. 아니면 1렙만 찍고 헥사코어 추천순서대로 찍는게 좋은가요?
2026-07-04,0,0,기타,"이번주 해방하신 분들 해방 전에 듄켈, 더스크 잡음?",해방하면 제네시스 버프 없어진다고 들었는데 그래도 해방하고 잡는게 나아요?
2026-07-04,0,0,기타,유니온캐들 몇렙에 황딸농쓰는게 젤 좋음?,여축할려고 미하일키우다가 사람들이 102렙에 황딸농 2개쓰면 된다는데 1개쓰니까 192렙되서 황딸농 1개 더쓰기는 아까운거 같아서 그냥 사냥으로 때우려고 하는디 혹시 황딸농 몇렙에 써야 딱 200렙 되는지 암?
2026-07-04,0,0,기타,형들 바보짓 했는데 질문 좀요,챌린저스서버에 테라버닝으로 200까지 키운 캐릭에 하이퍼맥스 지정하니까 하이퍼블링크가 안나오네요.. 아이템버닝 1단계도 이미 받았는데 이거 그냥 키워야겠죠 아이템 버닝은 삭제하면 또 못 받는거로 알고 있어서요.. 아오 멍청이짓했네요
2026-07-04,0,0,아이템,보조무기 시세 질문,이번에 챌섭 유입한 메린이 입니다! 혹시 사진 속 보조무기 가격이 얼마정도 하는 지 측정 부탁드립니다...🙏🙏 직업은 불독입니다!
2026-07-04,0,0,아이템,블큐 화에큐 사용처 질문,[이미지] 레벨업 하면 마스터를 찍어서 블큐 화에큐 30개 얻습니다. 이 둘에 사용하면 될거 같은데 어떻게 사용하면 좋을까요? 추천 부탁 드립니다. 패스는 전부 산 상태 입니다.
2026-07-04,0,0,기타,데미지 스킨 얻는법,챌섭 복귀한 불독 유저인데요 기본 뎀스로 계속 하려니 좀 아쉬워서요.. 익스플로전 데미지 스킨이나 폭염 유닛 데미지 스킨을 너무 얻고싶은데 데미지 스킨들을 보통 코인샵같은 이벤트에서 팔았던 것 같은데 그런 이벤트들을 종종 하는편인가요? 몇개월 정도만 기다리면 얻을 수 있을까요? 아님 기약이 없는지 궁금합니다
2026-07-04,0,0,아이템,아이템 순서 맞추는 법좀 알려주세요..,챌섭에서 메이플 중인데요. 뉴비라서 무자본인데 여기서 혹시 기존 챌섭에서 준 템 말고 천천히 하나씩 맞추고 싶은데 장신구 먼저 순서대로 맞춰주고 그 다음에 챌섭 끝나면 본섭 가서 나머지 방어구 맞춰주면 되는 건가요? 장신구는 여명 위주로 맞춰주면 되나요??
2026-07-04,0,0,아이템,뉴비 듀블 레잠 질문입니다!,"안녕하세요! 듀블로 복귀해서 열심히 달리고 있는 중에, 레잠 사용처가 궁금해 글 씁니다! 1. 블랙 보조 2. 페어리 하트 3. 미트라 이렇게 세가지 중에 고민 중인데 미트라는 현재 시세로 29억 정도 하는 것 같고, 돈은 딱 맞게 있습니다! 이중에서 추천 부탁드립니다!! 참고로 소과금이라 현질은 많이 안해요!"
2026-07-04,0,0,기타,메소로 잠재 돌리다가 옵션 잘못눌렀는데,목요일날 새벽에 제네무기 패스큐브 돌리고 보공공 정옵띄웠는데 맘에 안들어서 남은 메소로 좀만 더 돌려보다가 메소 다 써서 비포 에프터 선택창에서 실수로 에프터 눌러버려가지고 그 순간부터 손도 안대고 제네무기 끼지도 않고 고객센터에 일단 문의했는데 전에 옵션으로 복구해주나요... 6
2026-07-04,0,0,아이템,제발 도와주세요..,일반 엠블램 방공공 35 12 9 에디 12 9 쌍레 만들어뒀는데 칠흑(창뱃 언컨 제외) 에테 풀셋 맞추려고 하는데 엠블램 미트라로 꼭 가야할까요..? ㅠㅠ
2026-07-04,0,0,아이템,분자벨 가격 질문이요!,쌍유니크랑 17성 추옵값 이거 얼마인가요? 잠재 힘퍼 두줄 뽑고 파는거랑 가격차이 많이 날까요..? [이미지]
2026-07-04,0,0,아이템,아이템 실수로 버렸을시 복구,"아이템을 실수로 버린거 같은데 혹시 다른 사람이 안먹었다면 복구 가능한가요... 마을에서 버린거같아서 아마 누가 먹었을꺼 같긴한데, 이럴 경우는 복구가 안되죠? ㅠㅠ"
2026-07-04,0,0,아이템,이럴 때 보조랑 엠블 뭐 먼저인지 알려주세요,보조 유니크 공2줄에 에디에픽1줄 엠블 유니크 공1줄에 에디에픽1줄 인데 30억 모았을 때 어떤식으로 뭘 먼저 올리는게 좋을까요 레잠은 다 써서 미트라 노작에 유잠 에디에잠 바르면 별로일까요 ?
2026-07-04,0,0,퀘스트,제네시스 패스 플러스 질문입니다,챌섭 열리자마자 제네패스사서 6월달에 5인 클리어 .7월1일에 5인갔다가 데카아웃 당하고 나머지인원은 깨서 저는 7월달 검마 끝인데 ㅠ 해방이 23일인데 패스 플러스 첫보스가 검마더라고요 7월 검마 더이상 못잡는데 이러면 8월까지 기다려야되나요?
2026-07-04,0,0,아이템,누비 템 관련 질문,"내일 여명 3부위 17->18 가는게 맞을까요 아니면 17로 쓰고 그 돈으로 블빈마,벨트 18성 완제 또는 17성 15-18퍼를 사는게 맞을까요? 돈이 한정되어있어 우선순위를 나눠야할 것 같아서 여쭤봅니더"
2026-07-04,0,0,아이템,전투력 오류?,추옵이나 잠재능력 돌리다가 전투력 오른다고 떠서 바꿨는데 전투력 떨어지는 경우가 있는건가요?
2026-07-04,0,0,아이템,챌섭 소과금유저 칠흑 세팅 질문,칠흑을 17성 주문서 + 유니크 주문서 로 빠르게 가성비로 맞추는게 좋을지 레전 30퍼작 되있는거 사와서 17성 주문서 발라주면서 매달 1~2파츠씩 천천히 늘려줘야할지 고민입니다 그리고 챌섭 기간동안 17성 주문서때문에 마깃안+고근+미트라+@(마도서or18성 레유 200제) 로 4세트 정도만 맞춰보려고 하는데 괜찮은 방법인지 궁금합니다!
2026-07-04,0,0,기타,어제부터 전투력이 200만 정도 널뛰기하는데 원인을 모르겠습니다..,목요일에 섬머 보약이 빠진것은 알고있고 섬머 보약 빠진이후 전투력이 4410만인 상태로 종료 목요일 저녁 접속하니 4170만쯤인것을 확인 금요일로 날짜 넘어가고 조금 있으니 다시 4410만 금요일 저녁에 종료할때 4460만이었는데 지금 또 확인하니까 또 줄어있어요 이거 원인이 뭔지 알수있을까요..
2026-07-04,0,0,시세,마법사 미분 가격 질문,윗잠 마30이랑 마33퍼 가격 어느정도가 적당한가요??
2026-07-04,0,0,퀘스트,애픽던전 260 던전깨야 270꺼 생기나요?,저번주에 복귀해서.. 지금 276인데 에픽던전이 뒤늦게 생각이 나서 ㅋㅋ 260 꺼 깨야 270꺼 열리는거죠? ㅠㅠㅠㅠㅠ 아님 내가 퀘스트를 못찾는건가...
2026-07-04,0,0,아이템,5초 카룻뚝 +에테상하의,제네무기 해방 했을 때 5초 카룻뚝 + 에테상 하의 끼는게 좋을까요?? 카룻이니깐 카룻 상 하의 끼는게 좋을까요??
2026-07-04,0,0,아이템,아케인 직작해도 될까요,도전자셋 끝나면 에3앜4 끼려하는데 장갑은 그냥 레전크뎀으로 살거고 나머지 견 망 신 3개는 코인샵 유니크잠재랑 에픽에디 챌섭달성보상18성3개 바를건데 메멘토실버큐브로 주스탯15퍼 뽑기 쉬울까요?
2026-07-04,0,0,아이템,선생님들 뉴비 보조무기 잠재 한번만 봐주세요,인트가 들어가서 너무 아쉬운데 이정도면 4.5줄로 쳐주나요?? 아니면 그냥 4줄인가요?ㅠ
2026-07-04,0,0,아이템,하루 1~2소재 하는데 드메템 의미 있을까요?,일단 지금 메40 드 84로 하는중인데 메획만 3줄 사서 100퍼 찍고 하면 좀 차이가 있을까요? 챌섭에서만 할꺼긴한데
2026-07-04,0,0,아이템,티르노그 이벤트 템 이제 못구하나요?,아예 재탕이나 이런 것도 안하는지 너무 갖고픈데 재탕한 적 없었나요..ㅠㅠ
2026-07-04,0,0,직업,어빌 맞추는데 질문요 ㅠㅠ,레테 어빌 하나씩 맞추다가 재사용이랑 상태이상 맞췄는데 영상보니 유니크 부터 맞추라고하더라구요 2번칸에 레전어빌띄우자마자 보공떳는데 첫번째꺼에서 보공 마저 찾는게 나을까요 아니면 보공뽑은쪽에 나머지 찾는게 더 나을까요 ㅠ 알려주세요 ㅠㅠ
2026-07-04,0,0,기타,오늘 뭐 보약같은거 빠진거있나요,투력이 내려갔는데 뭐지 건든건 없는데 ..
2026-07-04,0,0,아이템,뉴비 서큘 질문,유튭에서 260부터하는거 영상보니깐 어빌재설정 돌려서 레전띄우고 해서 유효 1줄뜨면 미라큘 서쿨레이터로 돌려보라는데 첫째줄 떳는데 미라큘 돌리면되요? 미라큘이 설명보니깐 걍 어빌리티 재설 정하는거라는데 [이미지]
2026-07-04,0,0,기타,무과금 챌뉴비 65억 정도 생겼는데 어디에 써야해?,패스만 지르고 하고있는 뉴비인데 카레잠 한 장 팔고 메이린 잡았더니 상자에서 거공 나와서 팔았더니 65억정도 생김 근데 어디에 써야할지 잘 모르겠는데 봐줄 메잘알 있음? 일단 내일 샤타포스니까 트왈마랑 데브펜은 17성 만드려고
2026-07-04,0,0,아이템,환산주스탯 스펙업 질문,"제 캐릭터의 스펙업 순서 카테고리에 들어가면 가장 첫번째 순서로 골클벨 17성이 있습니다.(어센틱, 아케인 제외) 근데 15성에서 17성으로 별 두개만 올려도 최종뎀 66.026%효율이라는데, 이게 기존에는 데미지가 100억뜬다고 가정하면 17성으로 업글 후 데미지가 166억으로 늘어난다는게 올바르게 이해한걸까요? 제 머리로는 별 두 개 차이가 그 정도의 스펙업이라고 생각되지가 않아서요... 그게 아니라면 66.026%의 효율은 어떻게 계산이 되는건지 궁금합니다!"
2026-07-04,0,0,아이템,샤타 및 스펙업 조언좀,"샤타 가엔링 > 18성 후 여명달기 플하 > 18성 파방 도미 > 19성 666 토드 블빈마 > 20성 샤타는 이정도만 즐겨도 괜찮을까요잇 조언좀 ㅇㅇ 추후 무보엠 > 무, 보 정옵 3줄 에디 1.5줄 > 4/10 or 11/10"
2026-07-04,0,0,아이템,챌섭 뉴비 템세팅 순서 이영상 어떤가요?,Youtube Loading 위 영상대로 길게보면서 하는거 괜찮을까요?
2026-07-04,0,0,기타,세렌 보호막 왜 안까지죠...,극딜 1번에 10퍼정도 까는데 왜 보호막은 거의 안까이죠...? 제가 뭔가 잘못했나요
2026-07-04,0,0,기타,복귀유저 챌섭 궁성비? 200찍어주는거 질문좀요,본섭에 유니온이 8천은넘어서 챌섭에 저거 궁성비써도 상관은없죠? 그리고 리프를 안해바서 그런데 지금 챌섭에 키운 본캐급 1개만따로 넘어갈수도있는건가요?
2026-07-04,0,0,기타,여명셋 17~18 파방,"여명셋 17~18 가는데 샤타포스때 파방 해야할까요? 데브, 가엔링,트왈마는 17~18이고 에스텔라는 12~18이에요 아 블빈마도 12~18가려고 합니다"
2026-07-04,0,0,기타,뉴비 지금부터 챌섭하면 늦는거는 없을까요..,친구랑 2인해방하면서 챌린저까지 보려는데 지금 시작하면 많이 늦었을까요 아직 3주차 이긴한데 걱정이네요...
2026-07-04,0,0,아이템,출석 이벤트 카유잠은 하트에 바르는게 나을까요?,페어리하트에 바르고 옵션 뽑는게 좋은 선택일지 궁금합니다
2026-07-04,0,0,아이템,여러분이라면 뭐부터 돌림?,에디 천장은 큐브로 80개정도 쌓아놨는데 대적자코인 2500개 들고잇는데 윗잠 아랫잠중 뭐부터 돌릴까요? [이미지]
2026-07-04,0,0,기타,5석펫 이런 조합도 가능한가요?,주벗+초벗+파벗+파벗+파벗 이렇게도 되나요?
2026-07-04,0,0,기타,보스 잡으러 가는 길 질문입니다,보스 잡으러 가는 길에 트로피 위에 서 있는 사람들이 많은데 뭔가요? 그리고 경뿌 뿌린다고 해서 갔는데 아무 일도 안일어났어요 경뿌를 누군가 뿌리면 제가 그걸 주워서 쓰는건가요? 감사합니다
2026-07-03,0,0,시세,형들뉴비인데 이거시세 얼마정도 할가요,시세좀 알려주시면 감사하겠습니다 (챌섭)
2026-07-03,0,0,직업,복귀는 무조건 챌섭이야?,한 4년전에 하이퍼버닝으로 키우던 255짜리있는데 이거 버리고 챌섭에서 본캐로 키우는게 맞음?? 원래 키우던거 자석펫도있고 헤어코디랑 닉이 맘에 드는데
2026-07-03,0,0,아이템,챌섭 엠블렘 질문..,"이번 챌섭에서 레테키우는중인데 엠블이 방방뎀 입니다. 챌섭은 방무가 넘친다길래 이걸 골드큐브로 돌려서 마력 2줄띄우는게 좋을지, 아니면 그냥 쓸지 고민되어 질문글 올려봅니다. 닉네임 Inficio 입니다."
2026-07-03,0,0,기타,환산주스탯 질문,"하드 메이린 잡을 스펙 만들려고 환산주스탯 내실메이커, 아이템메이커 이거저거 만져보고 있습니다. 여러 유튜버 영상을 참고해서 만들어봤는데 하드메이린 배율이 80퍼센트가 나오고 있습니다. 뭘 잘못해서 이렇게 낮게 나온걸까요?"
2026-07-03,0,0,기타,검마 결정석이 없습니다.,6월달에 챌섭에서 검마를 잡았습니다. 나간 후 결정석을 팔려고 하는데 없더라구요. 그래서 블빵에서 져서 그냥 안먹고 나갔나보다 했는데 게임을 끌려고 하니 검마 결정석이 하루 남았다고 뜨네요. 아무리 찾아봐도 없는데 이거 버그인가요??
2026-07-03,0,0,몬스터,팔라딘 225 이후 사냥터 어디가 좋을까요??,테라버닝으로 키우고 레벨업 하고 있는데 어디서 사냥해야 할까요? 그리고 약하더라도 원킬컷 나는곳으로 가는게 좋나요?? 레벨업 좀 빨리 할수있는 방법 있을까요?? 260찍고싶은데 오래 걸리네요..
2026-07-03,0,0,몬스터,검마 3페는 극딜을 언제 넣나요?,렌이라 맞으면 끊키는데 타이밍을 모루개소요
2026-07-03,0,0,기타,밖이라 못보는데 챌섭 보상표 스샷 좀 찍어줄사람??,검색해도 못찾아서 올려유 플라즈마 하트 받으려면 보스 어디까지 잡아야 되는지 좀 볼려구 해여
2026-07-03,0,0,기타,검마 2인 vs 세렌 솔플,검마는 76퍼정도고 세렌은 1126퍼정도인데 둘다 처음이면 뭐가 더 할만할까요
2026-07-03,0,0,기타,검마 2인 이정도면 갈만할까요?,전 지금 76퍼정도 나와요 포뻥을 못받긴 하는데... 저랑 비슷한 사람 1분 델꼬가면 가능할까요? 아 그리고 지금 유저들 첼섭에서 아케인 심볼 만렙인지 아직 찍고있는지 궁금해요! 만약 만렙이면 어떻게 찍은건가요
2026-07-03,0,0,퀘스트,미궁 리멘 문브릿지 일퀘 해야하는지 질문입니다.,280아크 입니다 혹시 저기 3개지역 일퀘 하는게 좋은가요?
2026-07-03,0,0,기타,메린이 템셋팅 업그레이드 질문(170억메소),"현재 위와같이 템 끼고 있습니다 썬데이 메이플때 여명,하트 18성 달아줄건데 뭐 바꿔주는게 좋을까요?? 메소는 170억 들고 있습니다"
2026-07-03,0,0,아이템,뉴비 챌섭 일반펫 스킬 자동사용 되는걸로 제일 싼거 하나만 사면 될까요?,시작하면 주는 그냥 달팽이는 스킬 등록이 안되길래 제일 싼 랑랑? 이거 사면 될까요? 아니면 렌인데 챌섭에 레테 새로 만들어서 레테 생성 시 주는 펫상자를 렌한테 줄까요?
2026-07-03,0,0,아이템,소멸의 여로 세트 효과 누리면서 코디는 기본 아이템 보이게 하는 법,"소멸의 여로 세트 효과 누리면서 코디는 기본 아이템 보이게 하는 법 어케하나요?? 소멸의 여로 세트 치장템을 껴서 3세트 효과는 누리면서 보이는 외형은 에테르넬, 제네시스 무기가 보여야 합니다."
2026-07-03,0,0,아이템,에테르넬 이런 템은 얼마정도에 팔아야할까요?,원래 적당히 쓰려햇는데 에디가 갑자기 레전을 가버려서 파는게 좋을거같은데 얼마에 팔아야할지 모르겟네요
2026-07-03,0,0,기타,챌섭 직업 바꾸고 싶은데 하버 1개더 줄 가능성 있을까요?,"챌섭에 하이퍼버닝,솔야누스30,아이템버닝 등 보상 다 받고 268까지 키운 케릭이 있는데 직업을 바꾸고 싶은 상황입니다. 기존 케릭 삭제하면 하이퍼버닝 1+4 , 1+1 레벨업 혜택 제외하곤 대부분의 혜택이 다 사라진다고 해서 삭제하기가 애매하네요. ~260 , ~280 하이퍼버닝 하나 더 줄 가능성 있을까요? 예전에 2개 줬다고 본거 같아서요"
2026-07-03,0,0,기타,레테닉 질문,"레테에 닉변할려고 혼혈공주랑 명계여왕샀는데 어떤걸 해야할지 모르겠어요 다른 하나고르면 나머지는 어떻게 해야 할까요? Q 제목: 레테닉 (종료) 최대 1개 선택 가능 참가자: 10 명 26.07.04 19:55:59 마감 득표순 답변순 혼혈공주 (50%, 5표) 명계여왕 (50%, 5표) 투표가 종료되었습니다."
2026-07-03,0,0,기타,뉴비 질문있슴다,안녕하세요 이번 챌섭유입으로 메이플을 처음 시작하게 되었는데요 유튜브를 보면서 재미있게 즐기고 있습니다!! 1. 보통 레전드리 잠재?랑 에디 유니크는 어디다 쓰나요 - 유튜브에선 하트라고 하는데 어쩌다보니 유니크 966이 나와서 굳이 인것 같아서요 - 그래도 그냥 하트가 제일 무난할까요? 2. 게임을 처음 접하다 보니 시세에 대해 전혀 모르겠어서요 - 키네시스를 키우고 있는데 보조무기(레전드리/에픽) 가격이 어느정도인가요? -시세 확인은 비슷한 옵션의 팔린 매물을 확인하면 되는건가요? 챌섭 끝날때까지 리프 없이 있을 예정이고 챌린저 달성이 목표이긴 합니다!! 패스정도만 산 상태고 추가적인 과금은 없을 것 같습니다 메쨩이가 되고싶 은 뉴비 도와주시는 분들 미리 감사드립니다 ㅎㅅㅎ [이미지] [이미지]
2026-07-03,0,0,퀘스트,킹오루 얻을라고 카오스루타비스 각 1번씩 돌았는데 굳이 얻을 필요 없나요?,카오스벨룸킬러 얻으면 좋대서 얻을라다가 더 좋은 킹오루 라는 것도 있대서 일단 무지성으로 돌았었는데 생각해보니 굳이 얻어야하는건가 싶어서 질문합니다. 이러면 보스코인샵 다 못사나요? 262랩인데 제대로된 게임은 월요일부터 가능합니다.
2026-07-03,0,0,아이템,해방무기 잠재 어디 먼저 돌리는게 나을까요?,대적자 해방큐브로 돌리려구하는데 잠재 에디중에 어디 먼저 돌리는게 더 나을까요?
2026-07-03,0,0,아이템,템세팅 업글 순서 및 코인샵,개깡통에 아이템버닝 듄켈잡는 순서입니다. 전투력이 2000만정도인데 루시드랑 윌 하드가 110%정도로 애매한거같아서 템 업글 하고싶은데 트월마 데브펜 블랙빈 여명 가엔 에스텔라 이5개 템들을 각각 17성에 유니크 잠재에 에픽에디 다는걸목표로 달리면 될까요? 코인샵으로 몇개는 쉽게 가능할거같은데 나머지는 큐브박으면서 천천히 등업? 제네패스랑 챌패 기본만 사놓은상태입니다
2026-07-03,0,0,기타,노트북 15-fc1061AU 이거 장만해서 메이플해보려 하는데,괜찮은 선택지인가요? 어떤가욥??
2026-07-03,0,0,아이템,본섭에 교불에디 레전천장 있는데요....,첼섭에서 에유잠으로 유니크 2줄만 뽑아 쓰다가 본섭가서 레전천장으로 등업하고 대적자큐브로 옵션 뽑는게 좋을거같은데 첼섭에서 제네 플러스 열었다가 본섭으로 넘어가도 효과 적용되나요?
2026-07-03,0,0,아이템,챌섭 뉴비 템세팅 봐줄수 있나요,닉 : 그람레테 달에 20정도 쓸거같고 현재 25억 정도있는데 어느정도로 템세팅 해야하는지 모르겠어서 올려봅니다 목표는 챌린저입니다
2026-07-03,0,0,아이템,21퍼 장신구 드랍1줄 계륵 조언좀,﻿ 목표 : 이카돌이 > 4여명 18~21성 21퍼 둘둘 ﻿ 유니크 21퍼 평균 10억 레전 드+21퍼 평균 21억 미라클 전에 깡통들 사려하는데 어떤게 나아보이나요? 285찍고 보스돌이 할거니 드랍1줄씩 챙기는게 맞는거같기도하곰...? ﻿
2026-07-03,0,0,아이템,메이플 뉴비 몽벨 먹었는데 질문있어요!,"지금 몽벨 노작 값이 46억쯤 하고 미트라 노작이 30억쯤, 마깃안 노작이 40억쯤 하는데 아직 레잠을 안써서 고민돼요. 1. 지금 몽벨 끼고 레잠발라서 쓴다 (아니면 아까우니까 유잠만?) 2. 몽벨 팔아서 미트라나 마깃안에 레잠바르고 쓴다 큐브는 조금 있어요! [이미지] 제 템은 지금 이렇습니다! (4여명 5보장)"
2026-07-03,0,0,기타,레테 만들면 주는 펫 기간이 어떻게 되나요?,"챌섭에 테라버닝이 3케릭인데 4케릭으로 착각해서 레테를 테라버닝으로 적용시키지 못했네요. 원래 쁘띠 펠 자석펫 받아서 레테 200찍는동안만 쓰려했는데 똥이되버렸습니다. 이거 펫 상자 언제까든 9/16일까지인가요? 지금 버섯 자석펫 하나 있는데, 언제까든 살아있는 기간 변함없으면 그냥 쓰려구요."
2026-07-03,0,0,기타,mvp작 하려는.뉴비인대요,잘팔리는 캐시템이 어떤건지를 몰라서요... 알려주시면 감사하겠습니자
2026-07-03,0,0,기타,일요일에 메소가 빨려나가는 거면,뉴비 그간 번 메소 좀 메포로 바꿔도 되겠죠? 에픽던전 경험치 4배할 메포 미리 쟁여두게요
2026-07-03,0,0,아이템,진짜 메린이입니다 60억보유중인데 어떤아이템을 업글할까요? 챌린저스서버,알려주세요 선배님들 [이미지]
2026-07-03,0,0,퀘스트,메린이 챌섭 질문 드립니다 !,이번에 메이플 시작한 뉴비인데요 혹시 챌섭이벤트가 9월까지던데 그때까지 레벨업 하면서 천천히 즐겨도 챌섭 이벤트랑 아버 깰 거 다 깨나요 ?? 다른분들은 되게 빨리빨리 하시려고 하셔서 여쭤봅니다 !
2026-07-03,0,0,시세,자석펫 사려고 하는데 질문이 있습니다 ㅠ,1) 현재 스카니아가 154억 정도 / 챌섭이 134억 정도 20억차이가 나는데 메포로 바꿔서 챌섭에서 사는 게 나을가요? 2) 자석펫 가격이 지금 가격에서 현상유지될 지 떨어질 지 전문가님들의 조언을 구합니다. 지금 자석펫 가격이 상당히 비싼 거 같아서요 ㅠ
2026-07-03,0,0,기타,헥사3 떡작 질문,안녕하세요 환산에서 헥사찍는걸 보며 올릴때 저번시즌에는 기운을 기준으로 해서 헥사3까지 찍었는데 이번에도 똑같이 기운기준으로 하는게 맞을까요? 헥사2까지는 찍은 상태인데 기운기준이면 바로 헥사3이고 조각 기준이면 다른것부터 찍는데 뭐가 맞는지 궁금해서 질문드립니다 !
2026-07-03,0,0,기타,이 헤어 이름 아시는 코잘알님 계시는가요..뉴비임다,도저히 모루겟어요
2026-07-03,0,0,아이템,메이플 옥션 시스템 하나 궁금한게 있는데,메이플 옥션 궁금한게 있는데 본섭에 있는 캐릭터 아이템 올려서 챌섭에 있는 캐릭터로 구매가 가능한가요?
2026-07-03,0,0,기타,스타포스 10성이하 1+1강화,스타포스 10성이하에서 강화시 1+1하는거 없어졌나요? 나무위키에도 안나오네요
2026-07-03,0,0,아이템,뉴비 샤타포스 질문 있습니다 도와주세요,이번 샤타포스를 처음 맞이하며 템을 업글하려고 하는데 여명가엔링이랑 에스텔라는 노작 사서 17성 강화권/ 카유잠으로 직작 했고 나머지 장신구 트왈마 데브펜 블빈마 파풀파를 맞춰야하는 상황입니다. 심볼 업글한다고 수중에 5억 메소 있습니다… 그냥 4개 다 노작 사서 샤타포스 때 별 달고 나중에 잠재 직작하기 Vs 장신구 하나 유니크 15퍼 사서 하나라도 제대로 맞추기 뭐가 나을까요??
2026-07-03,0,0,아이템,하이퍼블링크가 안보여요 ㅠㅠ 왜이럴까요 ㅠ,저는 200이라 모자퀘하고 모자가 끝났는데 친구는 이스킬을받았다고 하더라구여 왜이럴까요 ㅠㅠ
2026-07-03,0,0,아이템,하이퍼블링크가 안보여요 ㅠㅠ 뉴비도와주세요,하이퍼버닝으로 만들었는데 궁수 저는 안보여요 ㅠㅠ 왜이런가요
2026-07-03,0,0,퀘스트,검마 해방퀘 주간보스 잡고 제네시스 연습모드 해도 인정되나요??,주간보스로 실수로 다 잡아버린경우 해방퀘때 스우나 데미안잡을때 제네시스 연습모드로 클리어해도 인정 될까여?!
2026-07-03,0,0,기타,안녕하세요 여러분들 메린이 궁굼해서 질문드려요,요번 2026년 하퍼버닝 삭제해도 다시 재생선 가능한가요 ?
2026-07-03,0,0,아이템,메린이 헥환6만까지 스펙업 계획 좀 봐주세요,"현재 이 상태인데 지금 계획한 것들 좀 적어보겠습니다. [이미지] 현재 월간 수익 : 220억 정도 직작 : 아케인 망토,견장,신발 레전 2줄(21퍼) - 메멘토 골드,실버 사용 / 블큐 사용처 없으면 사용 제네 무기 에디 21퍼 - 화에큐/대적자큐브 사용 구매 리레4렙(최우선 순위) 조각 1000개~1500개 정도 구매(챌섭 기간 동안) 보조무기 - 쌍레 5줄(가성비 괜찮으면 방무 포함 가능) - 현재 230억 / 비수기에 맞출 예정 엠블렘 - 레유 5줄 이상(방무가능) / 미트라는 윗잠3줄 +레전1줄 or 윗잠2줄 + 레전2줄(방무가능) - 현재 230억 / 비수기에 맞출 예정 분자벨 윗잠 레전 3줄 - 27퍼 110급 이상 추옵 프악공 완작 22성 데브펜 윗잠 레전 3줄 - 27퍼 에디 두줄 110급 이상 추옵 프악공 완작 22성 트왈마 윗잠 레전3줄 - 27퍼 에디 2줄 110급 이상 추옵 프악공 완작 22성 에스텔라 이어링 윗잠 레전 3줄 - 27퍼 에디 2줄 110급 이상 추옵 프악공 완작 22성 이렇게 맞춰볼까 하는데 혹시 다른 방향성이나 추천하는 방향 조언 부탁드립니다. 진투복이나 마라벨, 프펫공작 등의 내실 등은 아직 부족합니다."
2026-07-03,0,0,몬스터,이지윌 전투력 1166만이면잡나요?,너무어려워서.. 아이템버닝받아야되는데 이지윌잡을수있나요? 잡아주실분 ㅠㅠ 이지윌 다음은 못잡겠죠?
2026-07-03,0,0,아이템,다음 효율적인 스펙업은 무엇인가요..ㅠ,[이미지] [이미지] 이번 샤타에 전부 18성 달아줄 예정입니다 그리고 30퍼 에픽 2줄 고근 17성 교환권 사용해서 도미 빼주려는데 괜찮을까요? 칠흑은 홀수가 좋다고 들어서요
2026-07-03,0,0,기타,챌섭 리프관련 질문,"챌섭캐릭은 투력 5900만 렌, 챌섭티어 디아몬드, 마스터까지는 할 생각입니다 오로라에 260메세 277보마 200제로,데벤, 팬텀 233소마 210~220 듀블 패파 섀도어 있는데 (얘네 어차피 템도 다 벗고있음 랩업몹 사냥도 안됨) 얘네 버리고 스카 갈까요 아니면 오로라 갈까요?"
2026-07-03,0,0,시세,레테 보조 가격,챌 3섭인데 이거 살 사람 있나 가격 측정을 못하겠어요
2026-07-03,0,0,아이템,추옵 높은거 돈 더내고 사는거 ㄱㅊ?,"블빈마, 분자벨, 도미 등등 이런것들 추옵 120 되있는것들 노작보다 5~7억 더 비싼데 그냥 노작사는게 더 나음?"
2026-07-03,0,0,기타,스펙 질문,"유챔 세렌, 하드 메이린, 이지 벨로나 세마리 모두 비슷한 스펙이라고 봐도 괜찮을까요?"
2026-07-03,0,0,기타,헥사 스탯 초기화 해야 하나요?,"첨부 이미지처럼 핵사 환산 메인 스탯이 보공 -> 공/마 로 변경 됐습니다. 2차 최적 헥사 메인 스탯 이 기존 1차 메인 스탯 과 겹치는 일이 발생 했는데, 이럴 때는 2차 메인 스탯을 다른 스탯으로 변경해서 찍어주면 되나요? 아니면 초기화해야 하나요?"
2026-07-03,0,0,아이템,아스트라 보조무기,아스트라 보조먹고 기존 보조무기 전승하고나면 큐브돌려지나요? 그렇다면 작 대충된 보조무기도 전승시켜 애완 아스트라하면 안되남? 굳이 정옵 6줄 뛰워서 전승해야하나요?
2026-07-03,0,0,기타,챌시즌2 하다가 이번에 복귀 질문,현재 챌 시즌2에 했던 본캐로 주보로 메소땡겨오고 해서 나름 빠르게 달성해보자는 목표로 다이야찍고 어둠의흔적 3000정도 남아있는상태 (이번주 보스 다 돎) 빨리해방하고싶은 마음이 가득합니다. 다른분들 이번주에 해방하는 소리많이 들리니 깜짝놀라면서도 따라가고 싶어 급해지는데 검밑솔로 3000이면 3주가걸리고 검마를 잡으면 1800 +1410 해서 다음주 해방 할 수 있는건가요?? 두서가 길어서 죄송합니다.
2026-07-03,0,0,아이템,5초뚝 레테? 불독?,미라클때 5초뚝 하나 샀는데 레테를 줄까요 불독을 줄까요? 하나는 3초 정도로 줄려고 합니다. 추천부탁드립니다 !!
2026-07-03,0,0,직업,본캐 고민중에있는데 도와주실 메쌤들..!! 계실까요,렌유입인데 본캐가 고민되네요.. 게임시간이 많지않아서 보돌용캐릭은 두개(밑에직업군중 하나+보마) 보마는 하세이카돌이(전시즌챌섭육성완료) 본캐해서 세캐릭정도 돌릴수있을거같구... 경험치관련BM은 290까진 몰빵생각중입니다. 회사다니고유부남이다보니 파티플레이는 깐부랑 시간을 항상 맞춰야해서 안하는스타일입니다. 보스밀려서 공팟잇을경우 난이도높여서 가는정도.. 레테계속키우는중282 제네무기3줄(에디레전두줄노리는중) 추옵2추보(1추보뎀노리는중) 엠블 미트라 5줄사먹일예정 보조 레유5줄 아스트라올릴예정 자석펫3석(프악마큰 본섭에서예정) 렌290(현재본캐10만대) 제네무기3줄(에디18퍼라 21퍼돌리는중) 추옵1추보올뎀(사실상종결같음 ㅠ) 엠블 미트라아닌 교불엠블(5줄 렌챌때띄운거..) 보조 레유5줄 조금만더하면 아스트라올라감 자석펫3석(프펫공완료) + 심볼290지역제외 풀만렙 헥사 거의풀강 유챔은완료 장비는 뭐.. 보스돌이용으로 두면된다지만 진심부캐로키울거냐본캐냐인데.. 고민중인건 렌이 그렇게 체급이높지않다는점과 레테가너뮤 편하네요 . 텔슝좍이 이리좋은줄은.. 여기서 걸리는건 헥사(다조) + 심볼 차이 해봐야 레테는 이제2천개좀더먹었는데.. 그리고 렌의 추옵이너무나도잘뜬점...인데.. 뭔가 끌리는건 레테네요.. 여러분들이라면 어찌하시겠나요? ㅠ
2026-07-03,0,0,기타,이지카링 솔플하면 플라즈마로 업글 가능한가요?,이지카링 클리어만해도 플라즈마 업글하는 15억짜리 살수있게되나요? 예전에는 상급코인으로 삿던거같은데 지금은 이카잡기만해도 살수있나요?
2026-07-03,0,0,아이템,제 보조무기 윗잠이,보보보 인데 이러면 제네시스 무기 해방 후 윗잠은 공공공으로 띄우는 게 좋을까요? 방무는 지금 97퍼 나오긴 합니다! 엠블렘은 아직 제대로는 안 맞춰서 유닉 공 9퍼 에디는 공 6퍼정도에요ㅠ!
2026-07-03,0,0,기타,메린이 스타포스 질문,[이미지] 이번 샤타포스때 여명4셋 마이링 하트 파풀마 벨트 하트 21성 가야할까요?? 아님 메소 모아서 템 바꾸는게 맞나요? 30억쯤 들고있습니다
2026-07-03,0,0,아이템,엠블렘 / 블랙보조무기 직작 해버렸는데 이럼안돼요?,"챌섭 입니다. 레잠 / 레유잠 주는거 200 아케인장갑에 발라야한다! 라고해서 그런갑다 하고 키우고 있었는데.. 도전자 장갑이 성능 더 좋으니 200장갑 만들지마쇼 라는 이야기를 봐버려서요 그래서 차라리 미트라에다가 레잠발라라~ 하던데.. 이미 엠블렘 직작해서 쌍레, 보조도 레유 (둘 다 옵션은 0줄) 해뒀거든요?? (며칠전 이벤트때 하면 가성비 좋대서 해봤어요) 이 상황이면 템을 어떻게 해야할까요? 다른템은 아무것도 안건드렸습니다. 기본으로 주는거 사용중.. 2칠흑 3여명 나머진 보스장신구 하라고 하던데 그냥 적당히 맘에 드는거 사다가 하면되나요? 처음하는거지만 챌린저 달고싶습니다. (직업이 재미없어서 챌린저 까지만 달고 다른거 키울예정..)"
2026-07-03,0,0,기타,메이플 뉴비 궁성비 질문,유니온을 건드려보려고 하는데 그냥 유튜브에서 추천하는 직업마다 궁성비 하나씩 다 주기만 하면 되는건가요??
2026-07-03,0,0,직업,(수정) 조건에 맞는 본캐 추천좀해주세요!,"조건중 잘못 설명한부분이있어서 수정하였습니다. 본캐 하나 정해 놓고 진득하게 키우고 싶은데 어떤 캐릭이 좋을지 고민중입니다. 딜 제외한 조건입니다. 1. 칼직업(중갑옷제외) , 마법사 2. 딜넣을때 평딜 꾹누르는직업 제외. (Ex. 썬콜 체라꾹+오브 같은유형도 제외) 3. 후딜없는 직업"
2026-07-03,0,0,아이템,미트라 윗잠 996,이런거 얼마에 팔아야할까여?? 매번 이런거만 떠....
2026-07-03,0,0,아이템,에스텔라 이어링 이거 살만한가요?,145억이던데 살만한가요?
2026-07-03,0,0,직업,조건에 맞는 본캐 추천좀해주세요!,"본캐 하나 정해 놓고 진득하게 키우고 싶은데 어떤 캐릭이 좋을지 고민중입니다. 딜 제외한 조건입니다. 1. 칼직업(중갑옷제외) , 마법사 2. 딜넣을때 평딜 꾹누르는직업. (Ex. 썬콜 체라꾹+오브 같은유형도 포함) 3. 후딜없는 직업"
2026-07-03,0,0,아이템,이정도 윗잠이면 가격 얼마정도 하려나요?,"그리고 2줄급 4줄급 이런말이 있는데, 개념을 잘모르겠습니다 ㅠ"
2026-07-03,0,0,아이템,다음 스펙업 진로(?) 추천부탁드립니당,다음 스펙업 추천 부탁드립니다..! 현재 이지 세렌까지는 겨우겨우 잡았는데 칼로스는 어려워서 손 못대구 있어요 135%나와용 일단 1차목표는 해방하는거거든욤 해방하고나서 어떻게 스펙업을 하는게 좋을까요? 챌썹 끝나기전엔 최대한 챌린저 하는쪽으로 가보고싶어용
2026-07-03,0,0,기타,5년로아 접은 쌩뉴비 메이플 시작 질문,"살짝 유튜브나 글 몇개 검색해서 본 지식을 기본으로 질문좀ㅠ 1)메이플은 엔컨가기 힘들죠? (로아는 귀속템 즉 시간으로 꾸준히 몇달키우면 엔컨 가기 엄청쉬움. 한달에 30~40 현질에 보석이라는 100%회수가능한거 현질하면 반년안엔 무조건감) 2)메이플 무슨 재미로해요? (까는 말 절대아님 로아접었고 메이플 해볼려고 하는데, 꾸준히 일퀘,보스잡고,사냥하면서 스펙업하면서 그 위에 보스 갈려고 하는건가요?) 3)쌀먹할 건 아닌데 메소가 좀 벌리나요? 왜냐면 스펙업을해야되는데 메소가 안벌리면 결국 현금박치기 아니면 답이없으니깐요. 메획?+아이템드랍률% 풀셋은 맞추고 할 생각 4)레테 괜찮나요? (금손호소인은 아니고 로아에 2년에 한번하는 더퍼스트라는 레이드축제가있는데 거기서 직업30위권안에 드는 정도. 로아 좀 하드하게 했었음.) 5)현질은 많이못해요. 로아 정리하고 몇백이 끝임. 메획템 자석펫정도 현질하면 즐기면서 성장하는 맛좀 볼 수 있나요? (메이플 명성 익히들어서 엔컨은 포기했습니다. 제 자금으론..) 6)마지막으로 메이플은 회수는 어느정도 가능한가요? 로아는 보석빼고는 전부 귀속이라 (ex- 몇백만원 박은 팔찌 , 메이플로 치면 코강같은거에 몇백쓰고 등등 로아는 다 귀속) 지인도없고 그냥 유튜브 요즘 잘 되있어서 보고 할려고하는데, 제대로 된 답변이 있을 지는 모르겠지만 조금만 시간내주시면 참고해서 열심히 해볼게요."
2026-07-03,0,0,아이템,메짱형님들 메린이 템진로 조언 해주시면 감사하겠습니다.,"메린이 한 6~8주차쯤에 챌린저 달 생각(메이린 배율 120~130퍼)으로 달리고 있습니다 무기는 담주 해방이고 해방무기는 대충 윗잠 마력21퍼에 밑줄 마력 1줄로 가다가 제네패스 플러스 보상으로 천천히 윗잠 3줄 밑잠 1줄 or 윗잠 2줄 밑잠 2줄로 갈 생각인데 괜찮을까요 그리고 이번주 썬데이 예상하는 분들이 샤타포스라는데 이번 주에 한 30억 +a 정도로 메소가 모일꺼 같은데 장신구 18성 달아주고 아직 바꾸지 못한 장신구들은 나중에 부위당 30억 정도로 생각해서 18성 유닠 2줄 에픽 1줄 장신구로 바꾸려는데 맞는 선택일까요 또 보조나 엠블렘, 다른 템 옵션등등 조언해주시면 정말 감사하곘습니다 [이미지]"
2026-07-03,0,0,아이템,제네무기 잠재 질문입니다,블큐 170개 + 골드큐브 50개 + 200억 윗잠재에만 썼는데 정옵 뽑기가 힘들더라구요 이제 그냥 공짜 블큐 생기는거만 던져야할까요? 아랫잠은 미라클때 시도해보려고 합니다
2026-07-03,0,0,기타,지금 상태로 듄슬윌 중 뭐가 제일 쉬움?,"똥손이라서 다 힘들거 같긴한데 그나마 뭐가 제일 쉬움? 일단 얘네 중 하나 잡으면 에메랄드 되니까 스펙업 하고 나머지도 잡을 예정이긴한데 직업은 렌임 Q 제목: 뭐부터 잡음? (종료) 최대 1개 선택 가능 참가자: 21 명 26.07.04 08:40:59 마감 득표순 답변순 하윌 (81%, 17표) 카슬 (14.3%, 3표) 하듄 (4.8%, 1표) 투표가 종료되었습니다."
2026-07-03,0,0,아이템,여명셋 하나만 사야한다면 뭐를 살까요?,20~30억 사이에 하나 구매하고 나머지 3부위는 카유잠 + 17성 스타포스 강화권으로 직작하려고 합니다. 4부위 중 한 부위만 사야한다면 어디를 사야할까요?
2026-07-03,0,0,시세,챌섭밖에 캐릭 없을 때 무통거래방법,아예 새로운 계정이라 챌섭밖에 없을 때 무통 거래 어찌해야함?
2026-07-03,0,0,아이템,미트라 5줄이라고하면,뭐가 제일 좋을까요?
2026-07-03,0,0,아이템,메린이인데 이벤링 잠재 두개중 골라주세요 ㅜㅜ,"챌섭 듀블이고 드메템은 하나도 없어여 럭12 올6에서 돌렸는데 메획에 럭9올6 나왔어요 후자가 맞다 생각해서 후자를 선택했는데 다시 돌리니까 저게 나왔네요.. 전자가 맞을까요? 지금은 사냥 거의 안하는데, 메이플 계속 할 생각이고 사냥도 이제부턴 어느정도 할 예정이에요 드메템도 사려고 계획중인데 아무래도 전자가 맞을까요? 또 스펙업 욕심도 있어서 고민중이네요"
2026-07-03,0,0,아이템,잠재에 맞는 별 갯수 좀 정해주십사 (얘는 몇 성급인가),"누구든 22성 쌍레 5~6줄 템들로 하나씩 맞춰나가면 더할 나위 없겠지만 한 단계씩 성장해나가는 수많은 사람들 중 한 명으로서 궁금합니다 원래 템에 별 한두개 달아볼지, 아예 사먹고 끼던 거 팔아야 할 지 고민이 아주 크기 때문에 '이런 잠재에 22성은 아까운데?, 이런 잠재면 21성은 보내줄 만하다.' 와 같이 아래 예시처럼 대강 딱 정해주시면 앞으로의 템 스펙업 방향성에 많은 도움이 될 것 같습니다. 대충 요런 느낌으로 알고 있는데 맞을 지는 모르겠네요.. ex) 21퍼 에픽두줄 = 18성 27~30퍼 에픽두줄 = 21성 쌍레 5줄 = 22성 난잡한 글 읽어주셔서 감사하고, 많은 정보 미리 감사드립니다 (꾸벅)"
2026-07-03,0,0,아이템,파풀마 비싸면 블빈마 써도 되나요?,파풀마가 노작이 4-5억인데 저한텐 좀 비싸서 핑크빈 돌면서 잡은 블빈마 써도 챌섭 챌린져 문제 없나요?
2026-07-03,0,0,아이템,마깃안 55억에 샀어요,적당한가격에 산것 같음?
2026-07-03,0,0,기타,메초보)) 아케인심볼관련 질문입니다.,"안녕하세요 행님덜 유튜브 에디션으로 훈련일지-특수훈련에서 아케인 일일퀘 보상 3렙까지 찍었습니다. 현재 심볼이 레헬른, 에스페라, 모라스 (19렙)외 모두 만렙입니다. 모든 심볼이 만렙이 되면 특수훈련 저거 쓸모가 없어지는 것 같은데, 경험치 얻기용으로 그냥 냅두나요? 아니면 심볼 만렙이니까 초기화 하고 다시찍나요? 어떻게 하면 좋을까요"
2026-07-03,0,0,아이템,미트라 가격좀 봐주세요,블랙큐브 돌리다가 떳는데 시세가 얼마정도하나요??
2026-07-03,0,0,몬스터,방금 노말 메이린 깼는데,이거 하드 메이린 보상이 에테르넬 방어구랑 칠흑 장신구인가요? 노말은 앱솔 방어구만 주나요?
2026-07-03,0,0,아이템,챌섭입문 뉴비 오늘 주흔작 하트말고 더 할거있나요,하트 30퍼작 끝냈는데 주문의흔적이 조금 많이남아서 질문드립니다!! [이미지]
2026-07-03,0,0,시세,데브 인트 추옵 시세 질문드립니다.,1. 돌리다가 떴는데 극추인가요? 2. 17성+ 유니크+ 추옵만 받고 팔아아겠죠? 3. 그렇다면 얼마에 팔아야할까요...? 글 처음 올려보는데 잘 부탁드립니다...
2026-07-03,0,0,아이템,vip버프 어느 코인샵에서 사시나요?,저는 하급 보스 코인샵에서 사고있는데 챌린저스 코인샵에서 사는게 효율 더 좋을까요??
2026-07-03,0,0,아이템,미트라 카레잠 카유에잠,챌섭 부캐로 빠르면 담주에 해방해서 카레잠 카유에잠 바를준비중.. 근데 본캐에서 미트라를 먹어버림 참고로 저는 제네패스만 삿던 무자본임 챌섭도 챌린저는못찍을거같고 찍더라도 오래걸릴거같은데 본캐라고 해도 아직 환산5만에 여명둘둘중임... 첫 칠흑이고 미트라가 떠서 이걸 껴야할거같은데... 엠블렘은 똥블렘쓰는중이었음.. 제네무기에 바를거를 본캐 미트라에 다 바르고 본캐스펙업을 해야할지 그냥 제네무기에 발라서 써야할지 심지어 이제서야 두번째 유챔될 녀석임..... 어떡하죠 미트라팔기에는 어차피 써야할거같긴한데
2026-07-03,0,0,시세,챌섭 여명가격 내려갈까요?,윗잠 유니크 3줄 띄운걸로 사고 나머지 코인샵으로 직작하려 했는데 윗잠 세줄이 10~20억 사이인데 이게 적정가가 맞는지 모르겠네요
2026-07-03,0,0,기타,아케인 만렙 찍으면 일퀘 빼나요??,어떻게들 하세요?
2026-07-03,0,0,아이템,제네 무기 2추 보뎀 vs 깡 1추,2추 보뎀 vs 깡 1추 선택을 못하겠어서 질문합니다 전투력은 2추 보뎀이 더 높긴한데.. 어디선가 무조건 깡1추가 더 좋다라고 들은 기억이 있어서 제대로 골라주실분
2026-07-03,0,0,아이템,도미에 크확빠지면 하이퍼스탯으로 올리나요?,챌섭 도미보면 크확6퍼 달려있는데 도미말고 다른거 채용하면 빠지는 크확6은 하이퍼로 채우는건가요?? 지금 딱 크확100인데
2026-07-03,0,0,직업,뉴비 키네 vs 제논 머가나을까요 형님들 본캐,머가나을까여 행님들 추천부탁드립니다
2026-07-03,0,0,기타,부캐 닉 옮기기 아직도 가능한가요?,뉴네임 옥션에 비싼가격에 올려놓고 유찰되면 본캐로 들고오는거 아직도 가능한가요?
2026-07-02,0,0,기타,20누스 5석펫 질문,10누스 5석펫인데 야누스 지속70 게더링 쿨타임 90초라 4~5분마다 한번씩 다시 설치하러가야하는 번거로움이 있는데 20누스 80초 지속에 게더링 90초면 거의 무한 제자리 가능할까유?
2026-07-02,0,0,기타,뉴비 질문요,메소샵에서 코디템 사면 교불로 수령되나요?
2026-07-02,0,0,아이템,펫장비 펫 드림펫?에다가 하면 되나요,펫장비 펫 쿨쿨다람쥐 쿨쿨너구리? 이 루나 드림펫에다가 프펫장비 주문서 발라주면 될까용?
2026-07-02,0,0,아이템,미트라 유니크 공21퍼 사도 되나요?,챌섭 키우고 있는데 2칠흑으로 미트라 마깃안 사려고합니다 미트라 레전 유니크 공21퍼 사고 잠재는 에픽 공6퍼 만들려고하는데 어떤가요?
2026-07-02,0,0,기타,아 보스잡다가 이렇게 오류 뜨면서 팅겼는데 해결방법 아는분 ㅠ,이 오류 해결방법 아시는분 ㅠ
2026-07-02,0,0,아이템,에스텔라 마이링 오글링 메짱의 선택은 뭘까요?,"18성 12퍼 데아시두스를 교체하려고 하는 중입니다. 현재 구매하고자 하는 귀걸이 후보는 다음과 같습니다. A. 마이링 30% / 8% - 90억 , 전투력 증가량 +712만 B. 에스텔라 30% / 10% - 170억, 전투력 증가량 +1000만 C. 오글링 30% / 15% - 120억, 전투력 증가량 + 920만 현재 2여명, 7보장 사용하고 있습니다 에스텔라 구매하게 되면 현재 보장으로 사용하던 가엔링 여명으로 바꾸면서 4여명이 완성됩니다. 그런데 에스텔라가 확실히 많이 비싸긴 해서 고민이 되네요 마을 방무가 현재 94%밖에 나오지 않아서 데아시두스나 가엔링이 보장에서 빠지면서 7세트 효과 방무10% 옵션이 사라져 4여명으로 방무 챙기는 것도 고려해서 에스텔라를 가야하는지도 고민이 됩니다. +현재환산은 5.5이구 목표환산은 7~8만까지 천천히 주보수익으로 올라가보려고 합니다 메짱들의 다양한 조언과 의견 부탁드립니다!"
2026-07-02,0,0,기타,1년전 렌 처음 나올때 했었는데 뒤에 짐짝 없애는 방법 좀 알려주세요 ㅠ,"형님들 안녕하세요 1년전 렌 첨 나왔을때 시작했었는데 쉬다가 이번에 복귀 하니 캐릭뒤에 짐짝이 너무 거슬리네요.. 치장, 설치 어디에도 안보이는데 이거 없애는거 아시는분 있나요?"
2026-07-02,0,0,아이템,템 진로 질문..,"앞으로의 템 진로 질문입니다. 현재 제네무기해방 완료했고 환산 주스탯 사이트 이용해서 18 아케인 크주 18 아케인 쌍크잡 22 아케인 쌍크잡 18 에테 쌍크잡 22 에테 쌍크잡 아이템 만들어서 스펙업 순서 가이드 이용해서 효율계산을 해봤는데 현재 상황에서 다른건 100억당 효율이 3~5퍼 나오는데 18 아케인 크주 장갑이 100억당 효율이 20퍼 가까이 나오더라구요 가격은 최대한 보수적으로, 관세 포함해서 계산 한건데 근데 실제로 보스 컷 페이지에서 아이템 착용시켜서 적용해보면 오히려 환산주스탯이 떨어지더라구요. 어떻게 해야 할지 모르겠습니다.. 매일 메제+조각 등 1주일에 약 60~100억 모이는거 같은데 제네 무기 셋효과 생각하면 에테장갑이 가성비 같기도 하고.. 1주일~1달에 한부위씩 바꾸더라도 8에테를 가야하는건지, 장갑 상의 하의 에테 / 나머지 아케인 맞추는게 나을지.. 마스터 메멘토 18성권은 본섭 부캐 렌에게 줘서 없습니다. 요놈은 한부위씩 다 맞춰줄 생각이여서요.. 그리고 스타포스나 큐브 등은 직접 할 생각이 절대 없습니다. 제네무기나 하트, 정말 어쩔수없는 부분에만 조금 해줄생각입니다. 아마 메멘토 큐브도 에디에픽정도까지만 건드려보거나 부캐한테 전부 줄거같아요"
2026-07-02,0,0,아이템,챌섭 챌린저 무보엠 질문,285렙 찍고 하드 메이린 잡아서 챌린저 달성하려는데 무보엠을 어느정도로 맞춰야할까요? 방어구는 아버22성에 장신구는 프악공작 18성 15퍼 에디에픽 2줄 정도로 쓸 거 같습니다. 조각은 2000개 정도까지 쓸 생각 있습니다. 나름 여러 유튜버 영상 정리해보니까 무기: 레전3줄에 에디 유닠1줄 보조무기: 레전2.5줄에 유닠1줄 엠블렘: 레전2줄에 유닠1줄 정도로 괜찮다고 하던데 저정도면 될까요? 아니면 더 낮거나 높아야할까요?
2026-07-02,0,0,기타,그래픽카드 변경 후 보스전 렉 심합니다,안녕하세요 원래 그래픽카드 RXT 1050 Ti 사용하다가 스팀게임때문에 그래픽카드를 RXT 5060 으로 변경을 했는데 그래픽카드를 바꾸고 나서 메이플 보스전 렉이 너무 심할때가 많습니다. 특히 파티격할때 엄청 심합니다. 심할때는 칼로스에서 간섭을 못맞추겠다는 생각이 들정도입니다. 제미나이가 하라는데로 NVIDIA 제어판에서 설정도 바꿔보기도 하고 했는데 별로 바뀌는게 없네요.. 설명이 힘들긴 한데 무슨느낌이냐면 집에서 하실때는 렉이 없는데 피시방에서 메이플하면 특유의 끊기는 느낌 아실까요? 그런 느낌에 렉까지 동반된 느낌입니다. AMD 라이젠 5600 사용 중이고 RAM 은 8기가 2개 박았습니다. 혹시 그래픽카드를 바꿧다는 이유로 메이플 렉이 걸릴수 있을까요? 너무 스트레스가 심해서 답변 부탁드리겠습니다 ㅠ
2026-07-02,0,0,기타,카벨룸 칭호,카벨룸 칭호때문에 가엔슬 한번 안잡을만 할까요? 메이린 105 이지카링 135라 좀만 끌어오면 둘 다 할만할거 같은데.. 현재 진힐라 칭호 끼고있습니다
2026-07-02,0,0,아이템,아케인심볼19렙이면 교환권은 어센틱 받아야겟죠?,지금 아케인은 6개 전부 19렙에 55~60퍼 사이인데 이정도면 그냥 일퀘 주퀘로 20찍고 심볼교환권은 어센틱 레벨 올리는게 좋겟죠?
2026-07-02,0,0,기타,마법사 아닌데 텔 쓰는 직업 누구 있나요??,"본캐 제로, 챌섭 부캐 은월 이렇게 키우고 있는데 이 두녀석에 적응이 되서 그런지 더블점프 캐 하면 텔없어서 힘들고 마법사 텔직업 하면 점프가 답답해서 힘들어요... 제로,은월 처럼 더블점프에 텔 있는 직업 또 있나요?? 다음 부캐로 키우고 싶어요"
2026-07-02,0,0,직업,하드 듄켈 팁 없을까요...,딜은 오래치면 될 스펙인데 12분을 못넘겨요ㅜ 제논인데 팁같은거 있을까요
2026-07-02,0,0,기타,명의분리 관련 아시는 분 계신가요..?,오래된 계정이라 가족끼리 동일 명의 내 다른 메이플 계정을 사용하고 있습니다. 메이플에 문의를 하니 멤버스 전환이 가능한 계정이라고 답변을 받았는데 이 경우 이벤트 도중에 제 명의의 넥슨 아이디로 연동을 하면 출석 보상 같은걸 받을 수 있나요?? 현재 동일 명의로 인해 이벤트 보상이 가족이 사용하는 계정에서만 수령이 되는 상황입니다.(가족이 사용하는 계정에서 출석보상 중 경쿠만 수령 제가 사용하는 계정은 수령 불가)
2026-07-02,0,0,아이템,뉴비 스펙업 순서,인녕하세요. 메이플 정말 오랜만에 복귀하는 뉴비입니다.. 듀블을 육성중인데 이번에 패스를 구매해서 해방도 진행해보려고 합니다. 그래서 스펙업을 좀 하려고 하는데 자본이 넉넉치않아 천천히 하려 하는데 순서를 어떻게 해야할지 모르겠습니다.. 1. 17성 유니크 에픽 3에테 5아케인 2. 아케인 블레이드 3. 4렙 리레 어떤 순서로 진행 하는게 좋을까요..? 무기는 피시방 아케인 단검 + 피시방 앱솔 블레이드 사용중입니다!
2026-07-02,0,0,아이템,보조 잠재,둘중 뭐써요?
2026-07-02,0,0,기타,V메트릭스 코강 버그 관련,안녕하세요. 메이플 엄청 오랜만에 복귀해서 배메 접속하니까 기본스킬들 강화한게 패파 스킬로 바껴있어요. 혹시 해결방법 아시는분 계실까요 [이미지] 또 시퀀스 등등 뭔가 많이 바꼈던데 메이플 A to Z 잘 알려주는 유튜브나 인벤 공략글 있으면 가르쳐 주시면 감사하겠습니다.
2026-07-02,0,0,직업,렌 코강 궁금한게 있어요,"5차 코강에 매화검 본초 : 천, 자 강화하는 분들 계시던데 이건 왜 하는건가요..? 주력기가 아닌데 왜하는거지? 싶어서.."
2026-07-02,0,0,아이템,방향성 고민중인데 조언 부탁드립니다.,[이미지] [이미지] 목표는 하드 메이린 2~3분 남는 스펙 입니다. 현재 탬들은 다직작했습니다. 수급메소는 본섭 이칼돌이까지해서 약25억 +@입니다. 1. 5줄 레유 보조 2. 크주(크주주)에테 장갑(17성) 3. 27퍼 18성 커포링 4. 어빌 3줄 5. 제네 에마15+@ 순서는 상황따라 바뀔것 같지만 여기서 비추천하는 항목이 있을까요?
2026-07-02,0,0,아이템,챌섭뉴비 칠흑이 사고싶어요,"미트라를 노작 사고 시작해서 칠흑세트를 맞춰보고 싶은데 커포링(30%,73억매물)을 사서 4주차에주는 17성으로 붙이려고 합니다 다른템 사는게 좋을까요? 추천이나 훈수부탁드려요 템도 찍어서 올렸습니당"
2026-07-02,0,0,아이템,메린이 템세팅 질문드립니다,[이미지] [이미지] [이미지] [이미지] 온 좋게 메이린에서 고근을 먹었습니다 일단 신창섭님께 감사를 드리며 모은 돈+팔아서 생기는 돈 약 65~70억인데 고견 부탁드립니다
2026-07-02,0,0,아이템,제네무기 추옵 잠재 뭐부터하나요,모아둔 큐브랑 환불돌려서 이렇게떳구요 에디는 12주까지 존버하다가 미라클때 해볼생각이고 제네플러스로 잠재 보보공같은걸 뽑는게 나은지 추옵1추를 뽑는게 나은지 그냥 추옵은 검환불 받을때마다 돌리고 제네플러스코인으로 큐브사서 돌리는게 낫나요?
2026-07-02,0,0,퀘스트,챌섭 유니온 아티팩트 스페셜 미션 질문,스페셜 미션 챌섭에서 미리 하나씩 깨고 있는데 나중에 본섭으로 리프해도 다 완료처리 되나요?
2026-07-02,0,0,기타,환산 주스텟 사이트 질문,보마 키우고 있어서 지금도 전투 크확 110인데 보약 최적화 돌리면 자꾸 크확에 포인트 주라는데 주는게 맞나요?? 설정에 크확 110으로 똑바로 들어가 있는데?
2026-07-02,0,0,기타,넥슨캐시 결제취소 질문드립니다.,"제가 넥슨캐시를 A 결제수단으로 충전해야한다는걸 실수로 B 결제수단으로 충전하였습니다. 바로 취소문의는 접수해놓은 상태인데요, 취소가 완료되지 않은 상태에서 동일금액을 A결제수단으로 다시 충전후에 사용하였는데, 이러한 경우에도 먼저 결제후 취소요청한 금액이 결제취소 되는거겠죠? 먼저 잘못 결제한 금액은 사용하지않고 그대로 남아있습니다. 먼저 충전한 캐시가 우선차감되어 결제취소가 안될까봐 질문드립니다.."
2026-07-02,0,0,몬스터,사냥터별 경험치효율 질문,"현재 280렙인데, 284렙 40마리 맵이 282렙 40마리 맵보다 경치효율이 더 좋다고하는데 왜 그런건가요?? 렙차 많이날수록 별로인걸로 알고있었는데"
2026-07-02,0,0,아이템,d라벨vs멀티펫,1석펫+멀티펫(프펫작) 할 예정인데 혹시 둘 차이가 어떻게 되나요?
2026-07-02,0,0,기타,에픽잠재 상태에서 유잠 바르면 어떻게 되나요??,윗잠 에픽 힘666이면 유잠 바르면 옵션 그대로 가나요? 아니면 옵션 초기화?
2026-07-02,0,0,아이템,메린이 다음 스펙업 조언 구합니다,이번에 메이플 시작한 메린이 입니다. 챌까지 달아보고 싶은데 이제 뭘 바꿔야할까요? [이미지]
2026-07-02,0,0,아이템,안녕하세요 선생님들 메린이 스펙업 방향이 궁금합니다,[이미지] [이미지] 챌섭만 간간히 하던 메린이인데 이번챌섭이 역대급으로 재밌어서 챌 달아 보고 싶어져서 질문드립니다 하메까지 잡아보고 싶고 다음주에 제네 해방합니더! 메소는 200억정도는 더쓸수 있어서 스펙업 순서좀 알려주세용
2026-07-02,0,0,아이템,레전기준 보스드랍 큐브랑 메소로 돌리는거랑 기대값 같나요?,이번에.복귀해서 질문드립니다
2026-07-02,0,0,아이템,헤어랑 코디템 뭔지 알려주세요,머리에 리본은 반짝이는 마음인 것 까지는 알아냈는데 그 외에 헤어랑 옷은 못찾겠어요.. 아시는 분 계실까요 [이미지]
2026-07-02,0,0,기타,이후 방향성 및 조언 부탁드립니다,"[이미지] [이미지] [이미지] [이미지] 6캐릭 유챔 정해놓고 천천히 스펙업하는데 방향성 조언해주실분 참고 하겠습니다. 칼리 본캐 -. 검밑솔 주차해놓다가 최근에 하드검마, 노말세렌, 이지칼로스 까지 배율 넉넉해서 트라이하고 클리어 했습니다 -. 이지 대적자, 하드 세렌, 이지카링 트라이 할 예정입니다. -. 사냥은 열심히 안하는편이고 완템구매보단 직작으로 키웠습니다. 챌섭 보마 -. 현재 노말 메이린 + 검밑솔 솔격 완입니다. -. 3인 검마, 2인 노말세렌, 2인 이지 칼로스 까지 완했습니다. -. 본캐로 깬 경험덕에 트라이해서 깼습니다. 추가 숙련도 올라가면 더 윗보스+솔플로 진행예정입니다. -. 챌섭기간네에 챌린저 찍어볼 정도로 천천히 스펙업도 보고있습니다. 유챔1 나워 -. 지난 챌섭으로 데려왔으며 천천히 키우는중입니다. -. 제네 해방을 아주 천천히 하고있어서 현재는 하드 스우, 하드 데미안만 잡고 나머지 보스는 좀 노말로 해서 쉽게 보상결정만 먹고있습니다. 유챔2 은월 -. 지지난 챌섭으로 나워랑 동일합니다. 유챔3 렌 -. 징비세팅 한창 나중 유챔4 나로 -. 장비세팅 한창 나중 현재상황입니다. 막 돈 찍어서 스펙업보다는 시간 적당히 안소모하면서 천천히 즐기는 방향입니다."
2026-07-02,0,0,아이템,카레잠 카에유잠 미트라 vs 팔기 뭐가 낳나요,"챌섭에서 얻은거 본캐에 주려고 하는데 둘중 뭐가 애를 낳나요? 미트라는 노작이 너무 비싸서 마지막까지 버티다 좀 싸지면 지를꺼 같고, 이게 아니면 그냥 세트로 해서 팔까해서요... 본캐 제네무기는 레레라 해당사항 없고 똥블렘에 이미 레레 공4줄을 띄워놓은 상태라 당장 스펙업도 애매.. *하트는 윗잠 카레잠 하나 발라줌 아래는 에픽인데 카에유잠 좀 아까워 보여서.. 살려줘요 Q 제목: 뭐가 애를 낳을까요? (종료) 최대 1개 선택 가능 참가자: 6 명 (무기명) 26.07.03 17:30:59 마감 득표순 답변순 미트라 조금 싸지면 바르고 애완 ㄱㄱ (50%, 3표) 그냥 팔기 (50%, 3표) 투표가 종료되었습니다."
2026-07-02,0,0,아이템,템세팅 질문,이번에 챌섭 시작한 반 뉴비인데 현재 상태에서 템세팅을 어떻게해야 하드 메이린까지 깰수있을까요..? 자본은 200억 정도 쓰려고합니다! 감사합니다.. [이미지]
2026-07-02,0,0,직업,제논인데 하루시가 안잡혀요,"3페 딜 체크하려고 허수아비 쳤는데 40초 오리진극딜이 9조밖에 안박히네요... 포톤레이 충전 - 포톤 풀차징 - 시퀀스(제네레이터, 오파츠, 그래피티, 오버드라이브, 레투다c, 오버로드 모드, 메여축, 리레) - 오리진 - 인팬트리 - ㅆㅇㅇ - 포톤 발사 하고 평타 계속 치다 포톤 1번 돌리는데 순서가 잘못된걸까요 아님 짐작가는거 아무거나 말해주시면 다 찾아볼게요ㅠㅠ 배율은123퍼 나와요"
2026-07-02,0,0,아이템,메짱형님들 템세팅 봐주세요~!,미트라를 살지 장신구를 맞춰야할지 감이 안잡히네요 ㅠㅠ 일단 메소는 70억 정도 가지고있습니다! [이미지]
2026-07-02,0,0,아이템,뉴비 장신구 질문드려요!(여명or파풀마),"보장7(에픽교불)여명2(가엔링, 데이브레이크) 쓰는 중입니다 나머지 여명 2개(이어링, 얼장)를 빠르게 만드는게 나을까요 아니면 파풀마17유니크로 바꾸는게 나을까요?"
2026-07-02,0,0,아이템,보보인 vs 이탈 마방마 뭐써야되나요,전투력은 떨어지길래 잘 모르겠어서..ㅠㅠ
2026-07-02,0,0,아이템,예전에 하던캐릭인데,이정도 캐릭 노해방인데 하세유챔하려면 대략 메소얼마정도 들어가나쇼?????캐슈입니다
2026-07-02,0,0,아이템,이번 유입 뉴비 레잠 질문,하트에 유니크 발라놨는데 레잠 이볼빙보조 사서 발라도됨? 아님 걍 하트에 엎어 추천좀 해주세요 쌤들 직업은렌임
2026-07-02,0,0,기타,탈라하트랑 카르시온 차이 많이 나나요?,290레벨찍고 탈라하트 가야되는데 심볼업을 별로 못해서 아직 못가고 카르시온 사냥 중입니다. 돈 들어가는 곳이 많아서 탈라하트랑 카르시온 비슷하면 세금을 좀 천천히 내야되나 싶어서 올려봅니다. 사냥은 주4일이상 메제채우고 야누스는 아직 14랩이라 2개 깔 수 있습니다.
2026-07-02,0,0,아이템,템 처음부터 맞추려고하는데 어떻게해야되나요?,템 아무것도 없이 주는것만 쓰고있는데 여명 4셋 깡통으로사서 맞추려고하는데 아직 여명 4개전부 유닉15/에픽1.5줄 17성 주문서 중급코인샵에서 카르마놀긍 100퍼떡작 추옵적당히 이렇게까지만 하면되나요? 칠흑을 꼭 사야되나요?
2026-07-02,0,0,아이템,형님들 템셋 조언좀 해주십쇼,22 3카 4앱 18 3에테 4앜 12 에테 둘둘 셋중에 뭐가 나을까요 보조랑 엠블은 레에정도로 적당히 맞추고 무기는 보스 컨이 젬병이라 딜찍누로 시간들여서 제네해방만 하려고 합니다 만랩까지 사냥만 열심히 하려고 하는데 원킬내기에 12에테 둘둘도 가능할지 몰라서 여쭤봅니다 내실이나 심볼같은건 때에 맞게 올려줄 예정입니다
2026-07-02,0,0,아이템,미트라 직작 질문,카레잠 발라서 카르마 큐브 돌릴 예정인데 챌린저스 상점 골드 큐브만 발라서 남는 블큐 제네무기나 에테장갑 주나요 아니면 블큐까지 다 옵션 띄우는데 쓰나요?
2026-07-02,0,0,아이템,18성 앱솔(크뎀 장갑) vs 흙케인,"이번에 복귀하면서 예전 본캐 방어구 세팅을 다시 해주고 있습니다. 예전 본캐가 검밑솔 돌던 정도라 방어구가 앱솔 12/18성이 섞여있고 장갑이 크뎀 장갑입니다. 일반 18성이었으면 흙케인으로 다 바꾸고 이벤트 유잠/샤타포스로 17성을 찍으려고 했는데 장갑이 크뎀 장갑이라 어떻게 바꾸는게 좋을지, 어떻게 확장해나갈지 도와주시면 감사합니다"
2026-07-02,0,0,기타,[챌섭] 에픽던전 보너스 에르다 1단계 받을만한가요?,메린이 솔에르다 8개 + 1.6억메소 12500원주고 살만한가요?
2026-07-02,0,0,아이템,하드메이린 템셋팅 질문이요!,투력 9300만이고 현재 칠흑은 필수로 4셋이라도 가야하나 고민중입니다... 사냥은 거의 못하고 있어서 에르다는 에픽던전으로 2배 먹여주고 있습니다
2026-07-02,0,0,아이템,해방무기 이대로 괜찮을까요??,"현재 280렙 렌 입니다 285까지 찍을려고 하고있고 하드 메이린 잡고 챌린지 달려고 목표중인데 이번에 해방하면서 무기 조정중인데 고민이 있어 질문해요! 1. 잠재는 이대로 괜찮은지 -> 챌섭 방무는 넘친다던데 하드메이린까지는 그냥 써도 될까요? 2. 무기 2추옵에+@ 인데 1추옵 무조건 띄우는게 좋은지 -> 검환불을 지금 200개는 넘게 썼는데 안나와서,..여기서 멈춰도 되는지 궁금합니다 [이미지] +++++++++++++추가로 지금 장비도 올립니다"
2026-07-02,0,0,기타,"레테 어빌리티 1,2 풀인데 3뽑을때 어케해요??","면성치생기면 1,2 잠구고 돌려요 아니묜 2만잠구고 보공노려요??"
2026-07-02,0,0,아이템,메린이 템셋팅질문,"원래는 패스만 지를려다가 4여명이라도 맞춰야겠다 생각해서 과금좀 할려는데 4여명(데브펜, 가엔링, 트왈마, 에스텔라이어링) 깡통 잠재유닠 15퍼 사고 챌섭코인으로 17성 달아주고 추옵은 코인으로 검환불사서 적당히 쓸수있을 정도로만 해주면 될까요?? 유튭으로 본건데 대충 맞는건지 모르겠네용.."
2026-07-02,0,0,퀘스트,검마 솔플 환산 2.8 포뻥,[이미지] [이미지] 이거 포뻥하면 배율 100% 언저리되서 솔플 가능함????
2026-07-02,0,0,직업,패파 현역으로 하고있는사람 존재합니까?///,패파를 7년?인가 전에 했다가 4년전에 잠깐했다가 바뀌었길래 다시 이번에 하려는데 또 바뀌었더라... 진짜 유튜브 영상도 1년전꺼랑 좀 다르고.. 혹시 패파 지금도 하는 메이플유저있나요?ㅠㅠㅠㅠㅠㅠㅠㅠㅠㅠㅠㅠ진짜 혹시 대화가능한 패파 현역있나요...
2026-07-02,0,0,아이템,스펙업 진로상담 부탁드립니다.,"안녕하세요 복귀한지 3달도 안된 메린이 입니다. 챌섭에서 따로 유챔용 육성중이고 옛날에 키웠던 본캐 계속 육성중인데 스펙업 방향을 못잡겠습니다 .. ㅠㅠ 현재 아이템셋은 [이미지] 요롷게 되는데, 지금 고민이 어떤걸 먼저 하냐인데, 1. 미트라 5줄로 넘어간다 (근데 현재 교불엠블렘이 나쁘진 않아서 동일메소대비 효율이 안나올거 같아서 고민입니다) 2. 여명 22성 30%/에픽2줄 하나씩 구매 (추후, 칠흑 22 3줄로 스펙업?) 3. 아케인셰이드 22성 30%/에픽2줄 하나씩 구매 (쌍크뎀 우선) 어떤게 맞는 선택일까요..? 너무 고민되네요 ㅠㅠ"
2026-07-02,0,0,기타,잠재로 드메 몇%씩 맞추면 되나요?,"비약,쓸심,어빌 이런러 제외하고 장비로는 몇까지 맞출 수 있고 몇까지 맞추는게 좋아요? 그리고 지금은 드메템 좀 비싼거죠?"
2026-07-02,0,0,몬스터,세렌 배율 몇퍼정도 떠야 클각 나올까요,노말세렌 지금기준 배율 110퍼정도 나와요 제논이구요 컨은... 어느정도 되는 느낌이에요
2026-07-02,0,0,아이템,핵환 3.7인데 보조 잠재 뭐가 좋나요? 렌 입니다,답변 부탁드립니다 ㅠ 환산에는 보공40당 공12 그래프 중간에 찍혀있더라구요
2026-07-02,0,0,아이템,여명 이후에 뭐해요??,"[이미지] 위에가 이번 챌섭캐릭이고 밑에가 본캐,,, 본캐는 미트라 루컨마 마도서? 칠흑넘어가야하죠? 아직 메소가 없긴해 챌섭캐릭도 17성에 잠재도 다 못하긴 했는데 그냥 궁금해서,,,"
2026-07-02,0,0,아이템,현 챌섭 헥5.3인데 익스우2인 맞추기vs본섭까지존버,템은사주고싶고 관세는내기싫고 담주전에 흉성익스우까지만 쪼금올려줄까싶은데 고수님들 의견은 어찌되시는지
2026-07-02,0,0,몬스터,챌섭 검마 안잡았는데 클리어 판정,본섭에서 잡고 챌섭은 하지도 않았는데 왜이러죠.. 6월달은 안이랬는데
2026-07-02,0,0,기타,지금 280이면 아래 조건으로 285 확정으로 가능한가요?,팁게인가 어디서 본거같은데 언제 기준으로 280이면 무조건 285 된다는 글을 봤었는데요 지금 280인데 앵컴 4배 / 몬파2회 / 스펙터블라스트 몰빵 이정도면 285 가능할까요?
2026-07-02,0,0,아이템,제네패스 플러스,"이번에 7월 1일에 검마 잡았고, 7월 9일에 해방인데 7월 9일 해방하고 제네패스 플러스 사면 검마 클리어한걸로 나오나요?"
2026-07-02,0,0,아이템,메린이 드메 100/100 맞췄는데요,드메템 100/100 맞췄는데요! 지금 챌썹에서는 쓸심+재획비+어빌리티 여기에서만 드메 추가로 얻을 수 있는거 맞을까용?
2026-07-02,0,0,아이템,제네 해방 에디 관련 질문,오늘 퇴근하면 해방 될 것 같은데 에디에 챌섭 유니크 에디 주문서 바르려고 합니다 그런데 여기서 대적자코인으로 화에큐로 레전런 할 필요 없이 유니크 1줄정도만 쓰다가 다음 미라클때 기다리고 그때 레전 올려도 되는거죠? 10추글에는 에디레전 다신게 많은데 바로 안해도 되는건지 궁금합니다. 그리고 소울은 아무거나 받으면 되나용
2026-07-02,0,0,아이템,이벤링 드메,지금 홀심+ 레전어빌 + 이벤링4개레전/ 이렇게 해서 메소 40% 템 드롭 83% 이 상태인데 레전 하나 드랍에서 메소로 바꿀까요?? 그냥 둘까요?
2026-07-02,0,0,기타,이벤트 출첵창이 안열려요 ㅜㅠ,노트북으로 하는데 작전일지 출첵 이벤트 창을 눌러도 아무것도 안떠요 ㅜ 찾아보니까 증상 있는 분들은 간간히 있는데 해결방법이 없어서 혹시 이런 분들 계실까요?
2026-07-02,0,0,아이템,응얘 메린이..현질 30만원에 조언 부탁드립니다..,"1. 메고수님들, 현질 30만원 하면 메포로 바꾸는게 가장 좋나요? (찾아보니까 다른 거래 사이트들은 위험하다는거 같은데..) 2. 현재 아이템 착용 상태인데.. 어떻게 메소를 쓰는게 현명할까요?? 하루에 사냥은 2시간 정도 할 수 있고 좋아합니다!! 레테 키우는중입니다! [이미지] [이미지] 고수님들 조언 부탁드립니다 ㅠㅠㅠㅠ"
2026-07-02,0,0,아이템,템 작 질문입니다,장신구를 바꿀려고 하는데 가디언링이나 이런것들을 경매장에서 싼거 사서 직작을 하게되면 그냥 17성 주문서나 17성만 붙이면 되나요? 30% 70% 작도 해야되나요? 하게 되면 어떤걸로 해야하나요? 30% 실패확률도 커서 잘 안 붙는데 70% 다 붙이는게 좋나요? 아니면 30% 해서 몇개 실패해도 30%가 나은가요?? 메린이라 너무 어렵네요
2026-07-02,0,0,기타,보스 들어가기 전에 허수치는거 일필?,허수 쳐서 일필 발동시키고 7초??뒤에 들어가는거 같던데 왜 그렇게 하는건가요?? 들어가자마자 오리진 극딜 박고 시작하지 않나... 그럼 일필을 못받고 갈기는건데 이유를 알 수 있을까요?
2026-07-02,0,0,기타,"제네 해방 7/7, 7/8 다음주 쯤 해도 안되나용??",최소컷이 오늘 가능하다는거지 결국 해방하고 제일 쌔지는 마지막 날 하고 나머지 보스 트라이 해도 되는거 맞지요 형님들?;
2026-07-02,0,0,기타,카에유잠 제네무기에 바르는게 정배에요?,제네무기에 안바르면 어디 바르나요
2026-07-02,0,0,기타,하이퍼 버닝 없이 챌린저스,챌섭에서 하이퍼버닝으로 260까지 키우고 뭔가 직업이 맘에 안 들어서 삭제 했는데 찾아보니까 버닝 아이템은 다시 못 받는다고 하던데 하이퍼버닝 없이 챌섭에서 그냥 버닝으로 육성해도 될까요? 아니면 6개월 기다리는게 나을까요?
2026-07-02,0,0,아이템,큐브 복구 가능할까요?,제네무기 해방큐브 하다가 윗잠 3줄을 넘겨버렸습니다 3회씩 돌리는중이였는데 윗잠 3줄뜨고 한번더 돌렸습니다 이런 상황 복구가 가능할까요?
2026-07-02,0,0,아이템,에메랄드 카레잠을 하트에 발랐는데 에디는 뭘 발라야 하나요,챌 코인샵에서 레어 받아서 공 10 띄우면 되는지.. 아니면 에잠 사야되는지..
2026-07-02,0,0,몬스터,돈 투자해서 하드 메이린 잡을만 한가요?,"본섭 매주 주간보스로 70억정도 벌리는데 챌섭캐 진심으로 키울 생각입니다. 본섭 주보돌아서 챌섭에 투자해서 하드 메이린을 잡을만큼 스펙업 한다고 가정한다면, 하드메이린 잡는 만큼 효율의 보상이 나올까요? 아니면 그냥 챌섭은 천천히 즐기고 본섭가서 제대로 투자해주는게 맞을까요? 지금 280렙 마스터까지는 찍었고, 드메 100/160 까지느 맞춰서 재획 꾸준히 하고 있어요"
2026-07-02,0,0,몬스터,이지카링은 잡았는데 유챔세렌을 못잡아요,듀블 렙285 헥사5.2입니다. 이지카링을 30초남기고 간신히깼는데 유챔세렌은 계속 트라이하고 시간다써도 2페 1/3 피가 남아요. 오리진걸고 극딜꽂아도 피가 안깎이는 느낌인데 찾아보면 다들 유챔세렌이 더 수월하다 는 의견인듯한데 전 왜 유챔세렌이 더 빡셀까요? 배율은 이지카링159 유챔세렌143 이네요
2026-07-02,0,0,기타,카유잠 잘못샀는데 방법 없나요,딱히 쓸 템도 없는데 문의하면 1번만 복구해준다거나...
2026-07-02,0,0,아이템,보마 보조 시세 질문,윗잠 레전 보보공 아랫잠 유니크 공공덱 이러면 챌섭 시즌 시세 말고 평균 시세로 얼마하나요?
2026-07-02,0,0,아이템,원본 초롱나비 로이드 얼마인가요?,10년만에 복귀해서 챌섭에서 노는중인데 메소 모으려고 옛날캐릭 다 뒤지다가 발견함 경매장에 있는건 다 생긴게 달라서요 안드로이드 가격 판별 기준을 몰라서 믈어봄..ㅠ
2026-07-02,0,0,기타,어빌리티 설정,재보상은 뽑았는데 수치들은 블서큘로 계속 돌리면서 3줄 최대옵 노리는 거 밖에 없나요? 하락할 수도 있다해서 엄청 많이 들어갈 거 같은데 이게 맞는지 궁금합니다
2026-07-02,0,0,기타,울티마 방어임무 패스쓰면 코인도주나요?,울티마 방어임무 패스쓰면 코인도주나요?
2026-07-02,0,0,아이템,하드세렌 목표인데 이정도 보조는 더돌려야하나요?,40억으로 뽑았는데 2줄도 쉽지않네요..
2026-07-02,0,0,시세,닉넴 냉면 살 수 있을까여.. ?,ㅠ______ ㅠ.. 이뿐 닉네임하나 사서 오래 하려고했는데 메포 충전하다보면 마감되있고.. 또 잔뜩 충전해놓자니 맘에드는거 안나오면 돈날리는것 같고.. 냉면 올라왔던데 100만 안으로 될까여 허허..
2026-07-02,0,0,아이템,전투력 1100만 렌 이지윌잡을수있나요?,너무어려워서.. 아이템버닝받아야되는데 이지윌잡을수있나요? 잡아주실분 ㅠㅠ 이지윌 다음은 못잡겠죠?
2026-07-01,0,0,기타,형들 레벨링 어떻게 나눠야할까,"챌섭 기간 목표인데 머리아파 극한의효율 조언좀 챌섭 280 > 285 목표 악선, 몬파7판, 일퀘 본섭 283 > 285 목표 일단 유기 276 > 280 목표 앵컴, 몬파2판, 일퀘 275 > 280 목표 하마, 몬파2판 (280작 > 279비약 + 블루베리) 235 > 250 일퀘 203 > 250 일퀘, 딸농 이게맞나? 아니면 250작에 몬파2판씩 줄까? 리조트랑 사우나는 누구 줄까?"
2026-07-01,0,0,아이템,제논 보조에 카블큐 써도 될까요,내일 카레잠 들어와서 제논 보조에 바르려합니다 근데 카블큐를 써도 될까요 해방보려고 남겨둬야 하는건가요?
2026-07-01,0,0,아이템,하이퍼버닝 동일넥슨 다른메이플아이디,260찍으면 삭제해도 보상만못받는ㄱ 아니라 하버도 못하나요 아 오랜만에 들어와서 옛날 리부트용 메이플아이디에 하버 260찍었네여 하…
2026-07-01,0,0,아이템,챌섭 보상인 리스트레인트링을 실수로 버려버렸습니다,안녕하세요 이번에 시작한 메린이인데요 보스전을 준비하다가 리스트레인트링을 끼지 않은것을 확인하고 끼니까 준비시간같은게 있더라고요 그래서 나갔다가 다시들어오려고 포탈 클릭을 연타하다가 4레벨 리레링을 땅바닥에 버려버렸습니다.. 이리저리 찾아보다가 일단 문의를 넣어놓기는 했습니다만.. 기간제아이템은 복구가 어려울거라는 이야기를 봤습니다. 혹시 복구가 어려울까요? 그렇다면 그냥 하나를 새로 사야하는걸까요?
2026-07-01,0,0,아이템,형들경매에 얼마에 올려야될까요ㅠㅠ,시세 봐도 메린이라 모르겠습니다ㅜㅜ
2026-07-01,0,0,기타,메린이 검마 솔로 첫격파입니다,찐모드구요! 데카가 갈려나갓어요 다음부터가문젠데 이젠 딜찍누로 깨는건가… 근데 보상이 진짜 하나도없네요..? 팔수있는 템이하나도 안떳어요. 아 3페 꿀팁있으면 알려주세요 진짜 너무어려웠어요
2026-07-01,0,0,기타,보마 검마 깨주실분 구함,130퍼 보마 검마 깨주세요
2026-07-01,0,0,아이템,템세팅 질문,"[이미지] [이미지] 템은 현재 이런 상황입니다. 악세 18성 15%/10작 끝내고나면 5줄 보조, 컨티 4렙, 루컨마 레에, 에테 크인인, 도미 18성 15/10 대충 이정도가 챌섭 끝날때까지 가능한 스펙업같은데 뭐 부터 먼저하는게 괜찮을까요? 목표는 일단 이지카링으로 잡고 있습니다."
2026-07-01,0,0,아이템,렌 1년 정말 열심히 키웠는데 템 방향성 도와주세요 ㅠㅠ,[이미지] 현재 저의 템상태인데 160억정도를 모았는데 어떻게해야 좀 더 강해지는데 돈을 쓸 수 있을까용?
2026-07-01,0,0,기타,혹시 코잘알분들 있을까요?,전직업 성형쿠폰을 보는데 누구는 직업얼굴 이라 명명하고 누구는 걍 써놓고 너무 잘모르겠어서 제논얼굴->스우 얼굴 이 맞을까요?
2026-07-01,0,0,기타,챌섭에서 퍼레이드 영구 자석펫 어떻게 수령하나요?,기존 마스코트 퍼레이드 출석 완료해서 본섭에서는 현재 수령가능한 상태이고 제네시스 패스 탭에 마스코트 출석 보상이 떠있습니다. 근데 챌섭 캐릭 (60레벨) 로 접속하면 제네시스 패스 탭에 보상이 없네요.. 뭐 우측 상단 얘기하던데 대체 어떻게 수령하나요 ㅠ ㅠ
2026-07-01,0,0,기타,쁘띠 마스코트 대행진!에서 어떻게 하면 의자를 받을 수 있나요??,쁘띠 마스코트 대행진!에서 어떻게 하면 의자를 받을 수 있나요?? 그리고 어떻게 하면 펫의 친밀도를 높일수 있나요??
2026-07-01,0,0,아이템,메린이 제네패스 어둠의 흔적 관련해서 질문,"주간 보스 12개 다 돌고 오늘 제네패스 샀는데 어둠의 흔적이 100개 밖에 안들어왔네요 노말 스우,데미안 이지 루시드,윌 이렇게잡았는데 계산하면 150개가 들어와야 하는거 아닌가요? 왜 100개만 들어온거죵"
2026-07-01,0,0,몬스터,검마 연습중인데 2페 권능 때 암흑 걸리면 무적 필수임?,"녹화본 장면 따온건데 이런 경우에 어떻게 피함? 일단 해당 플레이 경우엔 어찌저찌 피하긴 했는데 [이미지] 영상에서는 왼쪽인게 약 1초 정도 보이긴 했는데 그 중 0.6초 정도는 사우론 눈에 가려져서 제대로 인지하기 어려웠던 상황 그나마 보인게 0.4초 였는데 플레이 당시엔 못 봤었음 [이미지] 결국 권능 패턴이 진행 될 때 감각적으로 왼쪽으로 빠르게 텔포해서 우여곡절 끝에 피하긴 했었음 [이미지] 질문하고 싶은 것은 이거임 이런 억까가 걸렸을 때, 죽는 경우인데 좀 억울하게 죽을 수 있는 느낌이 드는데 무적이 필수인 상황인거죠?"
2026-07-01,0,0,시세,가엔링 인트 36% 떴는데 이거 시세가 어떻게 되나요?,형들 나 이번에 메이플 유입되서 첼섭1에서 하고있는 유전데... 가엔링 맞쳐보려고 돌리다가 인트 36퍼가 떳어요 이거 팔고 내 템 맞춰주고 싶은데 얼마에 팔아야 할까요..? 시세에도 없어서 도저히 모르겠어요 의견좀만 달아주세요..
2026-07-01,0,0,기타,레테 헥사스텟3 질문 있어요,"헥사1 : 보마주 3 9 8 헥사2 : 크마주 7 7 6 이렇게 해버렸는데 환산 주스텟에서는 크마주,마주크,주크마 이런식으로 세 스텟을 순서 바꿔가며 찍는걸 추천해주는데 메인 스텟에는 마력,주스텟이 들어가는데 2~3번째 칸에는 두개가 안들어가요.. 어떻게 찍는게 좋을까여 형님들 ㅜㅜ"
2026-07-01,0,0,아이템,챌섭 메린이 메소로 어떤스펙업 먼저하나요??,"가능하면 챌린지를 달고싶은 이번 챌섭 복귀 메린이입니다 여명17성 잠재유니크 4셋 이구여 별은 샤타때 18-21 달아야한다고 배웠습니다 펫장비는 한부위는 무조건 자석펫을 껴야하는건지 디라벨 펫 2마리까지만 펫장비작을 하라고 하시더라구여? 이게 맞는건가여? 보스때 디라벨 세마리를 끼면안되는건가요? 하트는 플라즈마하트? 업글 교환권 대기중이고 아케인심볼세는 꼬박꼬박 내고있습니다 해방은 검마솔플이아닌이상 3주남았습니다.. 메소 자체로 스펙업할 부위가 벨트, 보장, 엠블 정도가 보이는것 같은데 60억정도 있다면 어떤걸 먼저 하는게 맞을지 메짱형님들께 조언을 구하고싶습니다.."
2026-07-01,0,0,기타,복귀유전데 뭐부터해야해용?,챌섭일단 키우면되나요?
2026-07-01,0,0,아이템,소울인챈터 사라지나요?,아버로 무기 업글되면 발랐던 인챈터 사라지나요?
2026-07-01,0,0,아이템,사냥할 때 컨티뉴어스 링 계속 끼면 돼요?,아님 이벤트링 잠재 15퍼가 더 좋아요? 3이벤트링+실블링 3이벤트링+컨티뉴어스 링 어떤게 사냥할 때 더 도움되나요?
2026-07-01,0,0,아이템,챌썹 랩 276 썬콜 메이플 처음하는 메린이 메이린 최소컷 질문 ㅠ,썬콜 메린이 전투력 2400인데 메이린 노말 못잡나요...? 연습모드로 기믹 연습해서 20%까진 깎는데 그 이상으로 안되네요ㅠ 여기서 스펙업 할려면 어떻게 하죠? 현질해야하나요...
2026-07-01,0,0,직업,본섭 유기캐 본캐로 키우기.,챌섭에서 제로를 키울생각이였는데 레테가 나와서 키우는중입니다. 레테는 본캐로 키우기엔 뭔가 쉽고 밸패의 버프당위성이 없는것 같아 다시 제로를 키울까하는데 챨섭 레테는 그냥 키우고 저번챌섭때 키우다만 본썹 275 제로를 육성할까 생각중인데 다음 챌까지 기달려야할까요? 본캐를 빨리 정하고 키워야 이벤트 재화나 레벨등을 집중할수있을것 같아서 고민입니다.
2026-07-01,0,0,기타,"저장하지 않은 기본 성형,헤어 복구받을 수 있을까요?","처음에 가지고 있는 기본 성형, 헤어 뷰티룸에 저장하지않고 실수로 다른 헤어랑 성형으로 변경후 기본 성형+헤어가 사라져 버렸는데요 혹시 이거 문의넣으면 복구 될까요? 당황스럽네요 ㅠㅜ"
2026-07-01,0,0,아이템,제네시스 무기 해방 관련 질문입니다!,지금 도전자세트 착용하고 있는데 제네시스 해방은 내일 될것같습니다 제네 무기를 본적이 없어서 그런데 착용하면 지금 도전자 무기보다 투력이 조금은 오를까요? 세트효과는 받을수있다고 검색을 통해 알았습니다!!!
2026-07-01,0,0,아이템,[챌섭]혹시 무교 드메템 맞추면 원킬이 안뜨나요?,"미카엘라의 새안경, 하프이어링, 베어스 그린 팬던트, 레드 마이스터 심볼 같은 아이템을 맞추면 원킬이 안뜨나요?"
2026-07-01,0,0,기타,메이플 브금 관련 질문,영상 만들거나 커스텀 게임 제작할때 브금 몇개 깔려고 하는데 사용해도 괜찮겠죠? 출처는 표기할겁니다.
2026-07-01,0,0,기타,헥사 초기화권 질문,헥사 초기화 하는게 좋은지 아닌지는 환산에서 헥사코어 초기화 후 랑 비교해보는거 말고는 없나요? 초기화 햇을때 더 쎈지 약한지 알수 있는지 궁금합니다
2026-07-01,0,0,기타,뉴비 현실적 목표 질문,2주후에 한국 가는데 그때 챌섭 시작해도 안늦나요? 현질은 안하고 시작했다가 맘에 들면 현질하려고요 목표는 챌린저입니다. 혹시 챌린저가 불가능하다면 현실적으로 가능한 목표가 어딘가요? 감사합니다.
2026-07-01,0,0,기타,환산 직업마다 배율 다름?,동일템 다른직업이면 당연히 환산이 다른거고 동일 환산 다른직업일때는 배율이 같음?
2026-07-01,0,0,아이템,미트라 이정도면 비싼건가요?,지금 36억?정도 하던데 비싼편인가요 카레잠 어디 바를지 고민이네요 스펙은 하드윌 솔플정도고 첼섭 제논이에요
2026-07-01,0,0,아이템,카레잠 어디에 바르는게 좋을까요?,하트랑 블랙보조무기 고민중인데 둘다 유니크로 쓰고있습니다.
2026-07-01,0,0,아이템,캐시 잘 못 수령했는데 ㅜㅜ,캐시샵 솔에르다 3세트 (3만원어치)를 챌섭에서 구매했어야했는데 모르고 본섭 캐릭터로 구매 후 수령해버렸습니다 ㅜㅜ 사용하지않은 상태인데 고객센터에 문의하면 회수 후 챌섭에서 재구매가 가능할까요??
2026-07-01,0,0,기타,뉴비 오늘 퇴근하고 챌섭해보려는데,직업은 썬콜할거고 메이플 어느정도는 앎 옛날에 좀해봐서 기본 인권 현질비용이 얼마임?? 3석펫에 뭔 챌섭프리패스인지 다하면 얼마정도 현질해야행
2026-07-01,0,0,기타,아니 자꾸 접속중인 아이디라고 팅기는데 왜이러지,자주 그러는건 아닌데 뭐 한 몇십분마다 한번씩 현재 접속중인 아이디라고 튕기는데 왜이러지 또 바로 로그인하면 바로 로그인 되던데 껏다 키니까 미치겠네 보스전하다 몇번 튕기는거야
2026-07-01,0,0,아이템,미트라 엠블 질문,"지금 헥환 4.9만에 엠블이 교불 윗잠 21퍼, 아랫잠 15퍼인 상태입니다 헥환 7만이 목표인데 미트라 엠블로 바꾸는 게 좋을까요? Q 제목: 똥블렘 vs 미트라 최대 1개 선택 가능 참가자: 14 명 (무기명) 똥블렘 유지 동급 미트라로 변경 상급 미트라로 변경"
2026-07-01,0,0,아이템,메린이 메획 + 주스텟 18 or 21퍼 어떰??,"챌섭에서 메획도 맞출생각있고 보스용 여명도 맞춰야 하는 메린이인데요 깡 메획템 , 주스텟퍼 템 따로 사는것보다 두개 합쳐서 메획 + 주스텟퍼 같이 붙은 템이 가격대가 싸더라고요 몇억정도 하나에만 달아주면 되니 스타포스 값이랑 주문서작 값도 겸사겸사 아낄수있고.. 그래서 여명에 메획 주스텟 다 달린 매물로 보스 사냥 겸용 템 구할까 하는데 어떻게 생각하시나요?"
2026-07-01,0,0,퀘스트,오늘 검마 솔격으로 잡아야 되는건가요?,마약 버프가 오늘 까지라 오늘 검마 꼭 잡아야 된다고 하던데 제네 해방하는 달에는 검마 솔격으로 돌아야 되는건가요? 혹시 파티플로 먼저 깨고 나중에 연모로 솔격 해도 퀘스트 완료 되는걸까요?
2026-07-01,0,0,아이템,메린이 레전 잠재 질문,안녕하세요 형님들. 호영하고 있는데 챌섭 3만점으로 받음 레전잠재 주문서를 페어리하트에 써야할 지 보조에 써야할 지 고민입니다. 어떻게 하는게 나을까요?
2026-07-01,0,0,기타,메수라이브 잠재능력 설정 도와주세요,장신구 유니크 21퍼 기대값만 보고싶은데 자꾸 21퍼이상까지 보여줘서 기대값이 100억이 넘어가는데 한줄에 21로도 해봣고 3줄 966으로도 설정해봤는데 and기능도 안보이고 순수 21퍼만 보이게하는 기능이 없나요??
2026-07-01,0,0,기타,오래된 캐릭터 정리된적 있나요?,초등학생때 메이플 가이드북에 나오는 메테옹 보고 던파에 있던 레테의 강물 섞어서 카스티아 서버에 레테옹<으로 아이디 썼었는데 이번에 신캐가 레테로 나왔길래 검색해보니까 닉넴 먹혔더라구여 서버통합되서 카스티아 사라진건 알았었는데 카스티아에 키웠던 캐릭터들이 다 사라진거 같아서 오래되고 접속안한 캐릭터들 삭제된적 있을까요?
2026-07-01,0,0,기타,무소과금 서버는 어디가 괜찮나요?,달에 5~10정도 과금 할거 같은데 기존에 엘슘(깡통 유니온4400)으로 갈지 아니면 스카나 다른서버로 갈지 고민되는데 스카는 조각 빼고 템값이 비싸다는 글을 몇개봐서 고민되네요
2026-07-01,0,0,아이템,썬콜 보조 윗잠 질문드립니다,보공 40 보공 30 방무 30 이 옵션도 사용하는 옵션인가요? 보공이 별로 효율이 안좋다고 하는 거 같아서 질문드립니다
2026-07-01,0,0,아이템,이카돌이 도시는분들 스펙 조언,"렙 280, 포스 300, 헥사스탯 2, 조각 2500, 헥환 4.7~8 이렇게 목표로 하나씩 만들려고 합니다 다들 비슷한지 궁금하네요! 무보엠 아델은 무난해보이는데 보마는 손좀 봐줘야할까요? [이미지] [이미지]"
2026-07-01,0,0,아이템,낼 해방인데 대적자코인 맞는 사용법은 뭘까요,"레전잠 에디유잠 쓴후에 어떻게쓰는게 맞을까요 Q 제목: 대적자코인 맞는사용처는 (종료) 최대 1개 선택 가능 참가자: 121 명 26.07.02 10:55:59 마감 득표순 답변순 에디 메소로 등업후 옵띄우는데사용 (54.5%, 66표) 에디유니크부터 바로사용 (36.4%, 44표) 그외 (9.1%, 11표) 투표가 종료되었습니다."
2026-07-01,0,0,기타,챌린저스 패스 물품들 본섭리프할때 가져갈수있나요?,챌린저스 패스 중에서도 2만원 과금하면 열수있는 EXP패스 있자나요 블루베리 농장 같은거요 제가 어디서 돌아다니다가 본섭에 리프할때 가져갈수있다는 댓글같은거 본적이 있는데 그게 진짜 맞나요? 오피셜인지 그냥 떠도는 소문같은건지 잘 몰라서요 소문같은거 믿고 블루베리 안쓰고 아껴놨다가 막상 리프할때 되서 못갖고 간다고 뜨면 그동안 블루베리 안쓰고 레벨업했던 시간이 아까울까봐요... 정확히 아시는분 계시면 알려주시면 감사하겠습니다
2026-07-01,0,0,아이템,메린이 템셋 질문,[이미지] 안녕하십니까 형님들 이번에 메이플 시작한 무자본 뉴비인데 유튜브로 보면 무슨 가디언? 여명? 트왈마 맞추라는데 어떤 부위부터 템을 바꾸는게 좋고 어떤식으로 템 스펙업을 하는게 좋을까요??
2026-07-01,0,0,기타,메이플 일반 택배가 12시간이 지났는데도 도착 안할 수 있나요?,상대방이 어제 오후 9시에서10시사이에 일반택배를 보냈다고 하고 기다리고 있었는데 아직까지 택배가 오지 않았는데 혹시 12시간보다 더 지나서 올 수도 있나요?
2026-07-01,0,0,직업,환산주스텟 헥사스킬 순서,[이미지] 현 강화랑 초기화 후랑 차이점이 뭔가요? 현재 헥사 초기화 해놓은 상태에서 마코1이랑 어센트 하나만 찍은 상황인데 마코 순서가 저렇게 다른 이유 궁금합니다! 초기화하면 현강화랑 초기화랑 완전 동일할줄 알았는데...
2026-07-01,0,0,아이템,안녕하세요. 챌섭 뉴비 질문드립니다. 과금관련,안녕하세요 챌섭부터 시작한 쌩 뉴비입니다. 챌섭에서 패스권은 다 사서 진행중인데요. 혹시 검마를 잡기 위해서는 챌섭에 현질을 어느정도 해야할지 가늠이 안가서 질문드립니다. 본섭가서는 3000억 정도 박아볼생각인데 챌섭에서는 미리 사면 호구라길래 관세때문에.. 근데 검마는 깨야겠고.. 해서 어느정도가 적정선인지.. 궁금하여 질문드립니다. 또한 템을 어느정도 템을 사야할지 ... 본섭가면 어차피 다 갈아끼워야할거같아서 지금 266인데 노말스우도 못깨고있어서요ㅠㅠㅠ
2026-07-02,685,0,아이템,큐브 복구 가능할까요?,제네무기 해방큐브 하다가 윗잠 3줄을 넘겨버렸습니다 3회씩 돌리는중이였는데 윗잠 3줄뜨고 한번더 돌렸습니다 이런 상황 복구가 가능할까요?
2026-07-02,820,0,아이템,에메랄드 카레잠을 하트에 발랐는데 에디는 뭘 발라야 하나요,챌 코인샵에서 레어 받아서 공 10 띄우면 되는지.. 아니면 에잠 사야되는지..
2026-07-02,1953,0,몬스터,돈 투자해서 하드 메이린 잡을만 한가요?,"본섭 매주 주간보스로 70억정도 벌리는데 챌섭캐 진심으로 키울 생각입니다. 본섭 주보돌아서 챌섭에 투자해서 하드 메이린을 잡을만큼 스펙업 한다고 가정한다면, 하드메이린 잡는 만큼 효율의 보상이 나올까요? 아니면 그냥 챌섭은 천천히 즐기고 본섭가서 제대로 투자해주는게 맞을까요? 지금 280렙 마스터까지는 찍었고, 드메 100/160 까지느 맞춰서 재획 꾸준히 하고 있어요"
2026-07-02,1017,0,몬스터,이지카링은 잡았는데 유챔세렌을 못잡아요,듀블 렙285 헥사5.2입니다. 이지카링을 30초남기고 간신히깼는데 유챔세렌은 계속 트라이하고 시간다써도 2페 1/3 피가 남아요. 오리진걸고 극딜꽂아도 피가 안깎이는 느낌인데 찾아보면 다들 유챔세렌이 더 수월하다 는 의견인듯한데 전 왜 유챔세렌이 더 빡셀까요? 배율은 이지카링159 유챔세렌143 이네요
2026-07-02,609,0,기타,카유잠 잘못샀는데 방법 없나요,딱히 쓸 템도 없는데 문의하면 1번만 복구해준다거나...
2026-07-02,590,0,아이템,보마 보조 시세 질문,윗잠 레전 보보공 아랫잠 유니크 공공덱 이러면 챌섭 시즌 시세 말고 평균 시세로 얼마하나요?
2026-07-02,579,0,아이템,원본 초롱나비 로이드 얼마인가요?,10년만에 복귀해서 챌섭에서 노는중인데 메소 모으려고 옛날캐릭 다 뒤지다가 발견함 경매장에 있는건 다 생긴게 달라서요 안드로이드 가격 판별 기준을 몰라서 믈어봄..ㅠ
2026-07-02,550,0,기타,어빌리티 설정,재보상은 뽑았는데 수치들은 블서큘로 계속 돌리면서 3줄 최대옵 노리는 거 밖에 없나요? 하락할 수도 있다해서 엄청 많이 들어갈 거 같은데 이게 맞는지 궁금합니다
2026-07-02,821,0,기타,울티마 방어임무 패스쓰면 코인도주나요?,울티마 방어임무 패스쓰면 코인도주나요?
2026-07-02,637,0,아이템,하드세렌 목표인데 이정도 보조는 더돌려야하나요?,40억으로 뽑았는데 2줄도 쉽지않네요..
2026-07-02,1406,0,시세,닉넴 냉면 살 수 있을까여.. ?,ㅠ______ ㅠ.. 이뿐 닉네임하나 사서 오래 하려고했는데 메포 충전하다보면 마감되있고.. 또 잔뜩 충전해놓자니 맘에드는거 안나오면 돈날리는것 같고.. 냉면 올라왔던데 100만 안으로 될까여 허허..
2026-07-02,639,0,아이템,전투력 1100만 렌 이지윌잡을수있나요?,너무어려워서.. 아이템버닝받아야되는데 이지윌잡을수있나요? 잡아주실분 ㅠㅠ 이지윌 다음은 못잡겠죠?
2026-07-01,681,0,기타,형들 레벨링 어떻게 나눠야할까,"챌섭 기간 목표인데 머리아파 극한의효율 조언좀 챌섭 280 > 285 목표 악선, 몬파7판, 일퀘 본섭 283 > 285 목표 일단 유기 276 > 280 목표 앵컴, 몬파2판, 일퀘 275 > 280 목표 하마, 몬파2판 (280작 > 279비약 + 블루베리) 235 > 250 일퀘 203 > 250 일퀘, 딸농 이게맞나? 아니면 250작에 몬파2판씩 줄까? 리조트랑 사우나는 누구 줄까?"
2026-07-01,652,0,아이템,제논 보조에 카블큐 써도 될까요,내일 카레잠 들어와서 제논 보조에 바르려합니다 근데 카블큐를 써도 될까요 해방보려고 남겨둬야 하는건가요?
2026-07-01,692,0,아이템,하이퍼버닝 동일넥슨 다른메이플아이디,260찍으면 삭제해도 보상만못받는ㄱ 아니라 하버도 못하나요 아 오랜만에 들어와서 옛날 리부트용 메이플아이디에 하버 260찍었네여 하…
2026-07-01,839,0,아이템,챌섭 보상인 리스트레인트링을 실수로 버려버렸습니다,안녕하세요 이번에 시작한 메린이인데요 보스전을 준비하다가 리스트레인트링을 끼지 않은것을 확인하고 끼니까 준비시간같은게 있더라고요 그래서 나갔다가 다시들어오려고 포탈 클릭을 연타하다가 4레벨 리레링을 땅바닥에 버려버렸습니다.. 이리저리 찾아보다가 일단 문의를 넣어놓기는 했습니다만.. 기간제아이템은 복구가 어려울거라는 이야기를 봤습니다. 혹시 복구가 어려울까요? 그렇다면 그냥 하나를 새로 사야하는걸까요?
2026-07-01,689,0,아이템,형들경매에 얼마에 올려야될까요ㅠㅠ,시세 봐도 메린이라 모르겠습니다ㅜㅜ
2026-07-01,660,0,기타,메린이 검마 솔로 첫격파입니다,찐모드구요! 데카가 갈려나갓어요 다음부터가문젠데 이젠 딜찍누로 깨는건가… 근데 보상이 진짜 하나도없네요..? 팔수있는 템이하나도 안떳어요. 아 3페 꿀팁있으면 알려주세요 진짜 너무어려웠어요
2026-07-01,733,0,기타,보마 검마 깨주실분 구함,130퍼 보마 검마 깨주세요
2026-07-01,676,0,아이템,템세팅 질문,"템은 현재 이런 상황입니다. 악세 18성 15%/10작 끝내고나면 5줄 보조, 컨티 4렙, 루컨마 레에, 에테 크인인, 도미 18성 15/10 대충 이정도가 챌섭 끝날때까지 가능한 스펙업같은데 뭐 부터 먼저하는게 괜찮을까요? 목표는 일단 이지카링으로 잡고 있습니다."
2026-07-01,832,0,아이템,렌 1년 정말 열심히 키웠는데 템 방향성 도와주세요 ㅠㅠ,현재 저의 템상태인데 160억정도를 모았는데 어떻게해야 좀 더 강해지는데 돈을 쓸 수 있을까용?
2026-07-01,583,0,기타,혹시 코잘알분들 있을까요?,전직업 성형쿠폰을 보는데 누구는 직업얼굴 이라 명명하고 누구는 걍 써놓고 너무 잘모르겠어서 제논얼굴->스우 얼굴 이 맞을까요?
2026-07-01,765,0,기타,챌섭에서 퍼레이드 영구 자석펫 어떻게 수령하나요?,기존 마스코트 퍼레이드 출석 완료해서 본섭에서는 현재 수령가능한 상태이고 제네시스 패스 탭에 마스코트 출석 보상이 떠있습니다. 근데 챌섭 캐릭 (60레벨) 로 접속하면 제네시스 패스 탭에 보상이 없네요.. 뭐 우측 상단 얘기하던데 대체 어떻게 수령하나요 ㅠ ㅠ
2026-07-01,671,0,기타,쁘띠 마스코트 대행진!에서 어떻게 하면 의자를 받을 수 있나요??,쁘띠 마스코트 대행진!에서 어떻게 하면 의자를 받을 수 있나요?? 그리고 어떻게 하면 펫의 친밀도를 높일수 있나요??
2026-07-01,831,0,아이템,메린이 제네패스 어둠의 흔적 관련해서 질문,"주간 보스 12개 다 돌고 오늘 제네패스 샀는데 어둠의 흔적이 100개 밖에 안들어왔네요 노말 스우,데미안 이지 루시드,윌 이렇게잡았는데 계산하면 150개가 들어와야 하는거 아닌가요? 왜 100개만 들어온거죵"
2026-07-01,738,0,몬스터,검마 연습중인데 2페 권능 때 암흑 걸리면 무적 필수임?,"녹화본 장면 따온건데 이런 경우에 어떻게 피함? 일단 해당 플레이 경우엔 어찌저찌 피하긴 했는데 영상에서는 왼쪽인게 약 1초 정도 보이긴 했는데 그 중 0.6초 정도는 사우론 눈에 가려져서 제대로 인지하기 어려웠던 상황 그나마 보인게 0.4초 였는데 플레이 당시엔 못 봤었음 결국 권능 패턴이 진행 될 때 감각적으로 왼쪽으로 빠르게 텔포해서 우여곡절 끝에 피하긴 했었음 질문하고 싶은 것은 이거임 이런 억까가 걸렸을 때, 죽는 경우인데 좀 억울하게 죽을 수 있는 느낌이 드는데 무적이 필수인 상황인거죠?"
2026-07-01,890,0,시세,가엔링 인트 36% 떴는데 이거 시세가 어떻게 되나요?,형들 나 이번에 메이플 유입되서 첼섭1에서 하고있는 유전데... 가엔링 맞쳐보려고 돌리다가 인트 36퍼가 떳어요 이거 팔고 내 템 맞춰주고 싶은데 얼마에 팔아야 할까요..? 시세에도 없어서 도저히 모르겠어요 의견좀만 달아주세요..
2026-07-01,4970,0,기타,레테 헥사스텟3 질문 있어요,"헥사1 : 보마주 3 9 8 헥사2 : 크마주 7 7 6 이렇게 해버렸는데 환산 주스텟에서는 크마주,마주크,주크마 이런식으로 세 스텟을 순서 바꿔가며 찍는걸 추천해주는데 메인 스텟에는 마력,주스텟이 들어가는데 2~3번째 칸에는 두개가 안들어가요.. 어떻게 찍는게 좋을까여 형님들 ㅜㅜ"
2026-07-01,834,0,아이템,챌섭 메린이 메소로 어떤스펙업 먼저하나요??,"가능하면 챌린지를 달고싶은 이번 챌섭 복귀 메린이입니다 여명17성 잠재유니크 4셋 이구여 별은 샤타때 18-21 달아야한다고 배웠습니다 펫장비는 한부위는 무조건 자석펫을 껴야하는건지 디라벨 펫 2마리까지만 펫장비작을 하라고 하시더라구여? 이게 맞는건가여? 보스때 디라벨 세마리를 끼면안되는건가요? 하트는 플라즈마하트? 업글 교환권 대기중이고 아케인심볼세는 꼬박꼬박 내고있습니다 해방은 검마솔플이아닌이상 3주남았습니다.. 메소 자체로 스펙업할 부위가 벨트, 보장, 엠블 정도가 보이는것 같은데 60억정도 있다면 어떤걸 먼저 하는게 맞을지 메짱형님들께 조언을 구하고싶습니다.."
2026-07-01,486,0,기타,복귀유전데 뭐부터해야해용?,챌섭일단 키우면되나요?
2026-07-01,553,0,아이템,소울인챈터 사라지나요?,아버로 무기 업글되면 발랐던 인챈터 사라지나요?
2026-07-01,814,0,아이템,사냥할 때 컨티뉴어스 링 계속 끼면 돼요?,아님 이벤트링 잠재 15퍼가 더 좋아요? 3이벤트링+실블링 3이벤트링+컨티뉴어스 링 어떤게 사냥할 때 더 도움되나요?
2026-07-01,709,0,아이템,챌썹 랩 276 썬콜 메이플 처음하는 메린이 메이린 최소컷 질문 ㅠ,썬콜 메린이 전투력 2400인데 메이린 노말 못잡나요...? 연습모드로 기믹 연습해서 20%까진 깎는데 그 이상으로 안되네요ㅠ 여기서 스펙업 할려면 어떻게 하죠? 현질해야하나요...
2026-07-01,729,0,직업,본섭 유기캐 본캐로 키우기.,챌섭에서 제로를 키울생각이였는데 레테가 나와서 키우는중입니다. 레테는 본캐로 키우기엔 뭔가 쉽고 밸패의 버프당위성이 없는것 같아 다시 제로를 키울까하는데 챨섭 레테는 그냥 키우고 저번챌섭때 키우다만 본썹 275 제로를 육성할까 생각중인데 다음 챌까지 기달려야할까요? 본캐를 빨리 정하고 키워야 이벤트 재화나 레벨등을 집중할수있을것 같아서 고민입니다.
2026-07-01,726,0,기타,"저장하지 않은 기본 성형,헤어 복구받을 수 있을까요?","처음에 가지고 있는 기본 성형, 헤어 뷰티룸에 저장하지않고 실수로 다른 헤어랑 성형으로 변경후 기본 성형+헤어가 사라져 버렸는데요 혹시 이거 문의넣으면 복구 될까요? 당황스럽네요 ㅠㅜ"
2026-07-01,1448,0,아이템,제네시스 무기 해방 관련 질문입니다!,지금 도전자세트 착용하고 있는데 제네시스 해방은 내일 될것같습니다 제네 무기를 본적이 없어서 그런데 착용하면 지금 도전자 무기보다 투력이 조금은 오를까요? 세트효과는 받을수있다고 검색을 통해 알았습니다!!!
2026-07-01,801,0,아이템,혹시 무교 드메템 맞추면 원킬이 안뜨나요?,"미카엘라의 새안경, 하프이어링, 베어스 그린 팬던트, 레드 마이스터 심볼 같은 아이템을 맞추면 원킬이 안뜨나요?"
2026-07-01,486,0,기타,메이플 브금 관련 질문,영상 만들거나 커스텀 게임 제작할때 브금 몇개 깔려고 하는데 사용해도 괜찮겠죠? 출처는 표기할겁니다.
2026-07-01,703,0,기타,헥사 초기화권 질문,헥사 초기화 하는게 좋은지 아닌지는 환산에서 헥사코어 초기화 후 랑 비교해보는거 말고는 없나요? 초기화 햇을때 더 쎈지 약한지 알수 있는지 궁금합니다
2026-07-01,751,0,기타,뉴비 현실적 목표 질문,2주후에 한국 가는데 그때 챌섭 시작해도 안늦나요? 현질은 안하고 시작했다가 맘에 들면 현질하려고요 목표는 챌린저입니다. 혹시 챌린저가 불가능하다면 현실적으로 가능한 목표가 어딘가요? 감사합니다.
2026-07-01,812,0,기타,환산 직업마다 배율 다름?,동일템 다른직업이면 당연히 환산이 다른거고 동일 환산 다른직업일때는 배율이 같음?
2026-07-01,1967,0,아이템,미트라 이정도면 비싼건가요?,지금 36억?정도 하던데 비싼편인가요 카레잠 어디 바를지 고민이네요 스펙은 하드윌 솔플정도고 첼섭 제논이에요
2026-07-01,911,0,아이템,카레잠 어디에 바르는게 좋을까요?,하트랑 블랙보조무기 고민중인데 둘다 유니크로 쓰고있습니다.
2026-07-01,780,0,아이템,캐시 잘 못 수령했는데 ㅜㅜ,캐시샵 솔에르다 3세트 (3만원어치)를 챌섭에서 구매했어야했는데 모르고 본섭 캐릭터로 구매 후 수령해버렸습니다 ㅜㅜ 사용하지않은 상태인데 고객센터에 문의하면 회수 후 챌섭에서 재구매가 가능할까요??
2026-07-01,794,0,기타,뉴비 오늘 퇴근하고 챌섭해보려는데,직업은 썬콜할거고 메이플 어느정도는 앎 옛날에 좀해봐서 기본 인권 현질비용이 얼마임?? 3석펫에 뭔 챌섭프리패스인지 다하면 얼마정도 현질해야행
2026-07-01,1230,0,기타,아니 자꾸 접속중인 아이디라고 팅기는데 왜이러지,자주 그러는건 아닌데 뭐 한 몇십분마다 한번씩 현재 접속중인 아이디라고 튕기는데 왜이러지 또 바로 로그인하면 바로 로그인 되던데 껏다 키니까 미치겠네 보스전하다 몇번 튕기는거야
2026-07-01,726,0,아이템,미트라 엠블 질문,"지금 헥환 4.9만에 엠블이 교불 윗잠 21퍼, 아랫잠 15퍼인 상태입니다 헥환 7만이 목표인데 미트라 엠블로 바꾸는 게 좋을까요?"
2026-07-01,838,0,아이템,메린이 메획 + 주스텟 18 or 21퍼 어떰??,"챌섭에서 메획도 맞출생각있고 보스용 여명도 맞춰야 하는 메린이인데요 깡 메획템 , 주스텟퍼 템 따로 사는것보다 두개 합쳐서 메획 + 주스텟퍼 같이 붙은 템이 가격대가 싸더라고요 몇억정도 하나에만 달아주면 되니 스타포스 값이랑 주문서작 값도 겸사겸사 아낄수있고.. 그래서 여명에 메획 주스텟 다 달린 매물로 보스 사냥 겸용 템 구할까 하는데 어떻게 생각하시나요?"
2026-07-01,1032,0,퀘스트,오늘 검마 솔격으로 잡아야 되는건가요?,마약 버프가 오늘 까지라 오늘 검마 꼭 잡아야 된다고 하던데 제네 해방하는 달에는 검마 솔격으로 돌아야 되는건가요? 혹시 파티플로 먼저 깨고 나중에 연모로 솔격 해도 퀘스트 완료 되는걸까요?
2026-07-01,787,0,아이템,메린이 레전 잠재 질문,안녕하세요 형님들. 호영하고 있는데 챌섭 3만점으로 받음 레전잠재 주문서를 페어리하트에 써야할 지 보조에 써야할 지 고민입니다. 어떻게 하는게 나을까요?
2026-07-01,866,0,기타,메수라이브 잠재능력 설정 도와주세요,장신구 유니크 21퍼 기대값만 보고싶은데 자꾸 21퍼이상까지 보여줘서 기대값이 100억이 넘어가는데 한줄에 21로도 해봣고 3줄 966으로도 설정해봤는데 and기능도 안보이고 순수 21퍼만 보이게하는 기능이 없나요??
2026-07-01,879,0,기타,오래된 캐릭터 정리된적 있나요?,초등학생때 메이플 가이드북에 나오는 메테옹 보고 던파에 있던 레테의 강물 섞어서 카스티아 서버에 레테옹<으로 아이디 썼었는데 이번에 신캐가 레테로 나왔길래 검색해보니까 닉넴 먹혔더라구여 서버통합되서 카스티아 사라진건 알았었는데 카스티아에 키웠던 캐릭터들이 다 사라진거 같아서 오래되고 접속안한 캐릭터들 삭제된적 있을까요?
2026-07-01,857,0,기타,무소과금 서버는 어디가 괜찮나요?,달에 5~10정도 과금 할거 같은데 기존에 엘슘(깡통 유니온4400)으로 갈지 아니면 스카나 다른서버로 갈지 고민되는데 스카는 조각 빼고 템값이 비싸다는 글을 몇개봐서 고민되네요
2026-07-01,736,0,아이템,썬콜 보조 윗잠 질문드립니다,보공 40 보공 30 방무 30 이 옵션도 사용하는 옵션인가요? 보공이 별로 효율이 안좋다고 하는 거 같아서 질문드립니다
2026-07-01,2844,0,아이템,이카돌이 도시는분들 스펙 조언,"렙 280, 포스 300, 헥사스탯 2, 조각 2500, 헥환 4.7~8 이렇게 목표로 하나씩 만들려고 합니다 다들 비슷한지 궁금하네요! 무보엠 아델은 무난해보이는데 보마는 손좀 봐줘야할까요?"
2026-07-01,2475,0,아이템,낼 해방인데 대적자코인 맞는 사용법은 뭘까요,레전잠 에디유잠 쓴후에 어떻게쓰는게 맞을까요
2026-07-01,1691,0,기타,챌린저스 패스 물품들 본섭리프할때 가져갈수있나요?,챌린저스 패스 중에서도 2만원 과금하면 열수있는 EXP패스 있자나요 블루베리 농장 같은거요 제가 어디서 돌아다니다가 본섭에 리프할때 가져갈수있다는 댓글같은거 본적이 있는데 그게 진짜 맞나요? 오피셜인지 그냥 떠도는 소문같은건지 잘 몰라서요 소문같은거 믿고 블루베리 안쓰고 아껴놨다가 막상 리프할때 되서 못갖고 간다고 뜨면 그동안 블루베리 안쓰고 레벨업했던 시간이 아까울까봐요... 정확히 아시는분 계시면 알려주시면 감사하겠습니다
2026-07-01,656,0,아이템,메린이 템셋 질문,안녕하십니까 형님들 이번에 메이플 시작한 무자본 뉴비인데 유튜브로 보면 무슨 가디언? 여명? 트왈마 맞추라는데 어떤 부위부터 템을 바꾸는게 좋고 어떤식으로 템 스펙업을 하는게 좋을까요??
2026-07-01,774,0,기타,메이플 일반 택배가 12시간이 지났는데도 도착 안할 수 있나요?,상대방이 어제 오후 9시에서10시사이에 일반택배를 보냈다고 하고 기다리고 있었는데 아직까지 택배가 오지 않았는데 혹시 12시간보다 더 지나서 올 수도 있나요?
2026-07-01,1057,0,직업,환산주스텟 헥사스킬 순서,현 강화랑 초기화 후랑 차이점이 뭔가요? 현재 헥사 초기화 해놓은 상태에서 마코1이랑 어센트 하나만 찍은 상황인데 마코 순서가 저렇게 다른 이유 궁금합니다! 초기화하면 현강화랑 초기화랑 완전 동일할줄 알았는데...
2026-07-01,797,0,아이템,안녕하세요. 챌섭 뉴비 질문드립니다. 과금관련,안녕하세요 챌섭부터 시작한 쌩 뉴비입니다. 챌섭에서 패스권은 다 사서 진행중인데요. 혹시 검마를 잡기 위해서는 챌섭에 현질을 어느정도 해야할지 가늠이 안가서 질문드립니다. 본섭가서는 3000억 정도 박아볼생각인데 챌섭에서는 미리 사면 호구라길래 관세때문에.. 근데 검마는 깨야겠고.. 해서 어느정도가 적정선인지.. 궁금하여 질문드립니다. 또한 템을 어느정도 템을 사야할지 ... 본섭가면 어차피 다 갈아끼워야할거같아서 지금 266인데 노말스우도 못깨고있어서요ㅠㅠㅠ
2026-07-01,628,0,기타,보스 프리셋 설정,입장시 자동으로 프리셋 변경기능은 없나요??
2026-07-01,790,0,아이템,보마 보조 좀 골라주세여ㅠㅠ,"챌 목표로하고있습니다 차례대로 1번 33.5억, 40.5억, 48억입니다 소중한 의견 감사합니다 !"
2026-07-01,849,0,아이템,뉴비 레잠 질문드려요!,"이번에 챌섭에 썬콜로 처음 키우는 뉴비입니다. 에메랄드 티어를 달성해서 레잠을 받았는데 어디에 써야할지 고민입니다 ㅜ 현재 페어리 하트(유잠인트두줄), 블랙 보조(유잠뎀마마) 엠블렘(유니크마마+에디에픽마6) 페어리하트랑 블랙 보조엔 이미 유잠을 써서 레잠을 덮어씌우기가 좀 애매한 거 같아서 생각한 것이 1. 데이모스 세이지실드 구입 후 레잠 바르고 큐브로 옵션띄워보기(옵션 안붙으면 블랙 보조 그대로 사용) 2. 아케인 장갑 노잠재 17성 구입 후 레잠 3. 트왈마에 레잠 정도가 있는데 뭐가 좋을까요 ㅠㅠ"
2026-07-01,783,0,아이템,형님들 가방/지갑 선택권 뭐뭐 사야하나요?,가방/지갑 선택권에서 뭐뭐 사야 하나요? 전부 다 사면 될까요??
2026-07-01,1057,0,아이템,루컨마 깡통을 살지 고민입니다.,지금 탬상황을 이렇고 7월 9일에 해방을 하는 상황입니다 근데 이 탬을 팔고 루컨마 깡통을 사서 17성 주문서 바르고 유니크 달고 해방때 칠흑 2셋이라도 받는게 좋을까요 아님 걍 이거 쓰다가 리프하고 바꾸는게 맞을까요? 아님 다른 스팩업 수단 추천좀 부탁드립니다
2026-07-01,1386,0,아이템,이번 아이템 버닝은 어느정도로 바꿔야 나중에 동급됨?,18에테는 가야하나?
2026-07-01,990,0,퀘스트,일퀘 깨고나서 도원경심볼만 안합쳐짐,현 280렙인데 퀵패스X 도원경심볼 제외하고는 전부 자동으로 합쳐지는데 도원경심볼만 안합쳐지고 소비창에 덩그러니 있어서 맨날 18개씩 따로잇어서 직접합쳐줘야하는데 이거 버그인가요 저만이런가요
2026-07-01,696,0,기타,혹세 이 코디아이템 목록을 알수있을까요?,이거 코디 아이템 어떤건지 알수있을까요?
2026-07-01,1096,0,아이템,가엔링 잠재 유니크 마력 21% / 에디 유니크 잡옵 17성 얼마에팔리나요..,챌 4섭인데 시세텝 들어가니 매물 1개 120억이길레 이 가격은 아닌거같아 글올려봐여..
2026-07-01,7062,0,기타,왜 오늘 검마를잡으라는거에여??,월간한번아니에요? 천천히잡으려햇는데 트라이도안해봣고 파티격이라도 해야되는이유가먼가여??
2026-07-01,1004,0,기타,안녕하세요 멍청한 메린이입니다..,지인분들이랑 요번에 새로 메이플 시작했는데 리부트가 먼지 모르는 상태에서 지인들이랑 같이 하고싶어서 챌4섭으로 오게됬는데..지인분들 현생 바쁘다보니 거의 혼자하고있습니다..ㅠ 이번 챌섭 열심히해서 해방이랑 상위보스도 좀 가고싶은데... 같이 할사람도 안구해지고 원하는 매물도 없어서 어떻게해야될지 막막해서 글올려봅니다...ㅠㅠ 지금 메소 40억에 미트라 레잠 여명 유잠 4셋에 투력 4000까지 올렸는데 지금이라도 다 팔고 부모님 명의계정으로라도 새로 시작하는게 좋을까요?... 만약에 지금 새로 시작한다하면 챌섭 끝나기전까지 열힘히하면 슈챌 찍을수있을까요 지금템 다 팔면 10~15만 메포랑 추가로 현질 더 할 생각있습니다..ㅠㅠ 조언부탁드려요..
2026-07-01,856,0,아이템,챌섭 템 셋만 더 세팅하려 하는데 어떤 부위를 직작해야 할까요?,"챌섭에서 챌린저 목표로 팔라딘 키우고 있습니다! 벨트, 눈장, 귀걸이만 세팅각을 잡으면 되는데, (골클벨/분자벨, 블빈마/파풀마, 에스텔라) 셋 중 하나는 코인샵 써서 카유, 카에에, 17성, 프악공 발라주고 직작하고, 나머지 둘은 그냥 사서 쓰려고 합니다 어떤 부위를 직작하는 게 좋을까요? 아무래도 여명인 에스텔라일까요?"
2026-07-01,1476,0,기타,헥사초기화 후 자전이렇게 해도 될까?,솔에르다 받는걸로 최대 소지한도 다 채우고 안쓴 조각이랑 에르다 버리고 자전하는건 가능할까? 일부는 추출하고
2026-07-01,4275,0,아이템,뉴비대박났는데 시세좀 알려주실 선생님ㅠ,챌섭3이예요 미트라 화에큐돌리다 떴는데 가횟4인데 얼마에 팔릴까요? 적당한 시세 알려주시면 감사하겠습니다
2026-07-01,877,0,아이템,유입 메린이 레전잠재 질문있습니다,유입 메린이 인데요 레전잠재 2개 꽁으로 먹을수있잖아요 하나는 제네시스 무기에 사용하라고 하고 나머지 하나는 알아서 쓰라는데 제가 윈브인데 노작 이볼빙무기 사서 레전잠재 바르고 코인샵 큐브로 작해도 괜찮나요?? 현재 블랙보조무기 유니크 // 페어리하트 유니크 /// 공짜 유니크 엠블렘 사용하고있습니다. 템 만들고 사는거 잘 몰라서 질문합니다 형님들!!! 챌섭입니다.
2026-07-01,744,0,아이템,팻장비를 어쩌지,본캐는 호영이라 공격력인데 챌섭에서3누스 있는김에 3석팻 기수 맞출려고 하는데 레테라서 마력이면 본섭가면 팻장비 손해보는거 아님? 우짜면좋을까
2026-07-01,976,0,기타,테라버닝 이후 260까지 빠르게 찍는 방법 없을까요??,"하이퍼는 다른캐릭 키우고 있고 테라버닝으로 하나 더 키우려고 하는데 구간별 효율좋은 사냥터나, 딸농같은 뭔가 방법이 있을까요??"
2026-07-01,906,0,아이템,보스 배율 200퍼면,대충 10분정도 치면 잡는다고 생각하면대나요?
2026-07-01,1074,0,아이템,챌린저스 패스 경험치 획득 순서,"지금 272렙 50퍼에 exp 교환권 2000개, 블루베리 농장 6개, 사우나 2시간 있으면 어떤 순서로 하는게 가장 이득인가요?"
2026-07-01,794,0,아이템,리레4렙 팔까요 갖고 있을까요 ?,"본캐 보스돌이하다 반상에서 리레4렙 먹었는데.. 고민중입니다 챌섭 레테 건너오면 줄지,, 아니면 팔고 그 메소로 다른 템 수급하는 게 좋을 지 어떤 게 더 나을까요? 레테 투력은 4100입니다"
2026-07-01,793,0,퀘스트,흔적 3000개 넘겨서 300개넘게 날아갔는데 복구해줄까요?,이거때문에 한주 밀려서 일단 문의는 넣었는데 복구해줬던 사례라도 있나요..?
2026-07-01,600,0,몬스터,이지칼로스 2-1 패턴 질문이있습니다 ㅜㅠ,분명히 영상에서는 수호지대 들어갔다가 이펙트 보면 패턴 파훼된거라는데 저는 이후에 찍기하면서 피가 다시 차거든요? 아무리 영상을 다시봐도 수호지대 들어갔다가 칼로스 이펙트 보이면 4초후에 그로기가 걸린다는데 저는 아무리해도 수호지대있다가 화면공격기 보이고나서 애가 찍기하면서 죽는데 이거 제가 뭐 잘못하는게 있나요? 영상으로 봤을때는 전혀 잘못하고있는게 없는데 말이에요
2026-07-01,611,0,직업,(뉴비) 비숍 진힐라 잡을때 오버러드 마나 켜요?,오버러드 마나 엔젤레이 쓰니까 마나가 쭉쭉빠지는데 오리진 갈길때만 켜놓는건가용?
2026-06-30,655,0,시세,카에유잠만 파려는데,얼마정도가 적당할까요
2026-06-30,1023,0,기타,거탐 및 돌아가는 화살표 룬 찍계 문의,요즘 챌섭에서 채집이랑 사냥하고 본섭와서 본캐로 사냥하는데 며칠전에 채집하는데 갑자기 화살표가 돌아가길래 패치 매크로 방지 패치했나 싶었는데 본섭와서 사냥하는데 룬해방 하려는데 뜰 때부터 뭐가 불쾌하길래 찾아봤는데 찍계라고 매크로 의심 받는다는데 한적이 없는데 어떻게 해결 방법이 있을까요 ㅠㅠ
2026-06-30,578,0,아이템,챌섭 복귀 유저 질문,옜날에 일리움 키웠고 지금 챌섭에서 보마 키우고 있습니다 일리움한테 인트템이 좀 군대 군대 있는데(레에~레유) 요즘 인트 템이 비싸다는데 이거 팔고 보마 템 맞출 수 있을까요?
2026-06-30,732,0,아이템,대적자코인 질문해요,본섭에서 제네플러스 사서 코인받은다음에 그 코인을 챌섭에서 사용할수있나요??
2026-06-30,574,0,아이템,챌섭 템셋팅 질문입니다!,환산 2.6 챌섭 복귀 유저 입니다 토큰 우선순위를 잘 모르겠어서 질문드립니다! 1. 레전 잠재 사서 이벤링 드메 맞춰주기 2. 유니크 잠재 사서 여명 2개 유니크 맞춰주기
2026-06-30,849,0,아이템,미트라 vs 크뎀장갑,오래한다는 기준으로 60미트라 vs 에테 22성 크크주
2026-06-30,596,0,아이템,재업) 루컨마 럭170급인데 사는 사람이 있을까요?,이거 잠재때매 애매해서요
2026-06-30,631,0,기타,고민!,5년전쯤인가 268카이저를 키우다 접었습니다. 그런데 지금 복귀하고 싶은데 보니까 해방도 떠먹여주고 많이 좋아졌는데 지금...제가 현재 카이저를 버리고 새카이저를 챌섭에서 키워야될지 아니면 본섭 카이저에게 280버닝을 부여하고 제네시스 패스를 사서 해방하는게 좋을지 고민이에요... 어떻게 하면 좋을까요...? 정든 캐릭터긴하지만... 성장이 더 좋은? 효율적인? 쪽으로 조언부탁드려요... 268카이저 스펙은 대충 2000만인것 같습니다....
2026-06-30,564,0,시세,쌍드템 가격이 얼마가 정가일까요,마이스터 이어링 샀는데 제가 끼다가 나중에 돈모이면 팔고 업글하려고합니다 가횟 8남았고 22성이고 법사매물이에오.
2026-06-30,2391,0,기타,그런데요 크오솔 스인미 이런거 언제 강화해요 ?,"코강전부다 하고 올리라는 글들이많은데 코강 전부 다 했다는게 어떤상태를말씀들 하시는건지 종잡을수가없어요 직업 / 강화 / 공용 / 쓸심 까지는 이해했는데요 공용부분에서 쓸만한 스킬들 전부다 마스터를해야 코강전부다했다고 표현하는건가요 ? 아니면 공용코어 [극딜시퀀스 올릴꺼랑 외로 노바,의지,샤워,로프,파운틴 정도] 만 올려둔걸 코강 전부다 했다고 표현하는건가요 ?"
2026-06-30,774,0,기타,데카아웃 클리어 질문,보스 데카아웃 되고 클리어 인정이 안되면 버스기사 무한증식한다는 건 알겠는데 그럼 데카아웃 된 사람도 보상을 같이 먹으면 문제 없는 거 아닌가요 이것도 어려우면 데카아웃 됐을 때 보상 하나도 못 먹고 도전 기회도 날아간다고 경고 문구라도 보여줘야지 어제부터 검마 10시간 정도 트라이해서 오늘 3인팟으로 깼는데 이런 줄 알았으면 그냥 6인 딜찍이라도 했지 흔적만 들어와도 만족할텐데 아무것도 안 주고 기회만 사라지니까 진짜 거지같네요
2026-06-30,1236,0,아이템,미트라 있는데 흙칠흑 하나 박아서 2칠흑 박는거 효율,챌섭 미트라 쓰고있는데 2셋옵이 보공이길래 칠흑중에 싼편인 루컨마 17성 카유잠 발라서 셋옵 받을겸 직작하는거 효율 괜찮나요? 이번챌섭 헥환 4.8정도까지 올리려고 합니다
2026-06-30,646,0,기타,한 계정으로 2개서버 키울떄 장단점알려주세요,장단점 많이 알려주시면 감사합니다.
2026-06-30,681,0,기타,mvp실버인데 오늘 안쓰면 초기화되나요?,mvp골드까지 이정도 남았는데 이거 오늘 안올리면 내일 다시 실버 처음부터 다시올려야됨?
2026-06-30,512,0,기타,안녕하세요 복귀유저 챌섭 챌린지 질문드립니다,우선 261 레테 키우고있고 285 찍고 챌린지찍으려고하는데 찍으려면 패스가 필수라는데 문제는 제가 본캐가 270이라 본캐에 버닝비욘드를 했는데 이러면 패스 사도 챌린지 찍기힘든가요? 챌린지찍어야 야누스솔20렙 쿠폰이 생긴다고해서요 ㅠㅠ
2026-06-30,646,0,시세,메포는 보통 어디에 쓰나용 ?,와이프 이름이 올라와서 살려고 50만 캐시충전해서 메포로 바꿧는데.. 55만까지 올라가꼬 ㅠ_ ㅠ 후다닥 더 충전하러갔더니 끝낫네여 메포만 50만 덩그러니 남았는데 보통 뭘하면 좋을까여 ㅋㅋ ㅠ
2026-06-30,670,0,아이템,챌섭 템 업글 부위 추천받아요!,"목표는 챌린저이구요 얘가 본캐여서 챌섭 끝나고도 6만까지는 키울 생각입니다. 지금 상황에서 100억이 있다면 17성 21퍼 찐도미 / 트왈마 -> 17성 21% 루컨마 교체 정도만 해도 괜찮으려나요? 찾아보니까 크주주 에테장갑, 컨티3 -> 4렙, 21성 21% 마이링 같은 선택지도 있더라구요. 어떤게 최선일지ㅜㅜ"
2026-06-30,524,0,아이템,전시즌 유입 뉴비 질문드립니다,제가 앞으로도 쭉 메이플을 길게 할 생각으로 자석펫도 5마리 구비해놨습니다. 돈을 좀 쓰려고 하는데 미트레 에공삼 vs 에테 22성 크크주 장갑 사려고 합니다 크크주말고 크크잡 22성 사고 나중에 크크주 깡통 사서 잠재전승 할 생각도 있어요 엄청 길게 볼거라서 준 종결템 하나는 가져가고싶습니다 도움주세요
2026-06-30,693,0,아이템,챌섭 유입 메린이 메소사용후보 골라주십셔,"챌린저 목표입니당 현재 150억 메소있고 직업 윈드브레이커에 여명4셋 챌섭재화로 직작했습니다 아획 1줄 이벤링 3개에 드메올 하프,미카엘라있습니다 매일 5소재정도 사냥하는거같고 1.월초에 자석펫 싸질수도있다해서 자석펫 구매 2.에테 장갑 크주주? 나중에 비싸진다해서 지금사기 3.윈브 쿨뚝 사기..? 어떤게 괜찮을까영"
2026-06-30,632,0,직업,투력과 스공 중에 뭘 중점적으로 봐야 하나요?,저랑은 다른 직업인데 투력이 저보다 몇백만 낮은데 스공은 오히려 몇백만 높은 사람들이 꽤 보이던데 제가 육성에 무언가 문제가 있는 거 아닌가 해서요 그리고 스공이랑 투력 중에 뭘 중점적으로 보아야 하나요?
2026-06-30,849,0,아이템,챌까지 생각중인데 블빈마 파풀마 어느게 나음?,20 블빈마로 챌가능함? 아님 21이상 가야하나?
2026-06-30,2390,0,기타,하루 사냥 최대 4~5시간이 끝임?,뭐 일일 메소 제한이 있다는데 그럼 4~5시간 사냥하면 그뒤로는 사냥하면 안되는거임?
2026-06-30,624,0,기타,상위? 중상위? 보스 팟격 어떻게 구하시나요들,곧 8만 찍히는데 림보 익검 익세 3~4인 구해야되는데 어지럽네요 파티 구하는 채널이 따로 있나요? 라운지 같은
2026-06-30,670,0,기타,안녕하세요 이번에 시즌4 유입뉴비입니다! 질문 있어요!,큰맘먹고 3석펫 이번시즌기수 질렀어요 근데 외형이 별로 맘에 안들어서 그러는데 다른 예쁜펫 외형을 덧입힐 수 있나요!?
2026-06-30,776,0,몬스터,메린이 노말세렌 이지칼로스 가능할꺼같음??,"메린이 노말 세렌 배율 165퍼, 이지 칼로스 121퍼인데 가능할꺼같음?? 검마 솔격 난이도 보다 어려움?? 검마 138퍼로 11시간 트라이 박다가 3페 개딸피 남기고 계속 리트 박아서 못깼는디"
2026-06-30,958,0,아이템,200 카르마 레전잠재 거공에 발라두되여?,"카르마 레전잠재 에메랄드 달성해서 받았는데 그다음 보상은 제네무기에 지르는거 까진 오케이인데 미트라 레전이구 보조도 레전이라 이러면 페어리에 질러야하나용? 혹 아니면 레전 거공을 깡통 or 18성 사먹는게 훨 났나요..? 2칠흑입니당 지금,,,"
2026-06-30,1087,0,기타,챌섭 다이아 250물약,챌섭 다이아 250물약 1렙에 먹여도 250 되는건가요??
2026-06-30,780,0,기타,"전엔 경험치 bm효율표 감사하게 누가 공유해주셨었는데,","280렙 앵컴이 악몽보다 효율 좋던데, 5단계로 줄면서 메포가 줄었는데 지금도 앵컴이 효율 좋을까요? 혹시 아시는 고수분?! 감사합니다."
2026-06-30,1187,0,아이템,챌섭 메린이 여명4셋이후 스펙업은 어떤거해야하나요?..,미트라는 없습니다 스펙업이라는 개념을 안가지고살았는데.. 온몸비틀기 메생최초 하드진힐라에서 고근이 드는바람에 60억정도있으면 다음 스펙업은 뭘해야하나요?..
2026-06-30,651,0,아이템,형들 작년렌유입 복귀하려는데 템세팅조언좀,"이번에 복귀해서 레드달아놓고 챌섭에 보마 키우고있는데 (현재 이적자까지 깸) 작년여름 챌섭에 렌 키우다가 본섭 리프해놓고 접었는데 현재 템 상황임 하드세렌까지만 돌리려는데 템세팅 조언좀...컨이 좋진않아서 완전 딱컷은 힘들듯한데 지금생각중인게 18아케인 장갑, 견장, 신발, 망토/ 18에테 모자,상,하의? (12로 해도 되는지) 18여명 4셋 나머지 대충둘둘 할까생각중인데 괜찮으려나? 세팅을했을때 어떤보스까지 견적이 되는지 모르겠어서 물어봄 알려줘 메짱형들"
2026-06-30,630,0,아이템,메린이 엠블 잠재 옵션 질문 드려요!,이번 챌섭 유입한 메린이 인데 이번에 엠블램을 좀 맞춰보려고 하는데 ​ 윗잠 방무40 공9공9 랑 공12공12 중에 고민중에 있습니다 ​ 챗지피티는 방무40이 더 좋다고 하는데 공24 짜리가 전투력은 더 높게 나오는데 혹시 어떤게 더 좋을까요? 마을 방부는 97.7 나오고 가격은 둘 다 비슷 합니다
2026-06-30,807,0,아이템,드메링(재획용)과 스탯링(보스용)을 어떻게 세팅 해야하는지 궁금합니다.,"옛날 검마가 짱먹던시절 접었다 요번에 챌섭으로 돌아온 복귀유저입니다. 지금 링이 이렇게 있습니다. 총 5개 이벤3링(레전, 드or메 + 스탯9%) + 이터널플레임링(유닉, 스탯15%) + 실버블라썸(에픽, 스택12%) 소재획 먹으면 메161%/드120%(?) 정도 되는것 같습니다. 보스잡을때, 리레/컨티 + 이터널 + 실버블라썸 + 이벤링1개 끼고 잡고있는데요. (보장 9셋) 이벤링은 잠재가 싹 레전이기도 하고 이벤링 전용 큐브가 좀 넉넉하게 남아있어 아깝다 생각이 드는 상태입니다. 궁금한점은, 1. 이벤링 큐브로 이벤링을 스탯21%만들고, 일반링(Non-이벤링)에 드or메 옵션 달린걸 사느냐? 2. 이벤링 큐브를 그냥 쓰지말고(유통기한 지나 날리고), 스탯 잘뽑힌 일반링을 사느냐? 입니다."
2026-06-30,1302,0,기타,환산주스탯 사이트 스펙업순서 보는법,저거 색깔이랑 숫자 무슨뜻이고. 무슨색이 제일 좋다는건지 설명좀 해주실분... 그리고 불꺼진건 뭐고 왜 저기까지만 불이켜져있는건지. 설명좀해주시면 감사합니다 ㅠ
2026-06-30,908,0,아이템,찐 메린이 입니다... 살려주세요,"메린이 진로 상담좀 부탁드립니다. 렌 재밌어서 하다보니 3석펫도 지르고 코디도 지르고 페어리 쌍레도 찍고 템도 사다보니 블랙까지 찍어버렸는데 이래저래 현명하지 못한 현질을 한거 같아서 이후 방향이라도 잘 잡아보려고 합니다. 일단 템 세팅은 밑에처럼 가져가긴 했는데 이후에 어떻게 가야 할까요. 유튜버 분들 하라는데로 하다보니 욕심생겨 현질을 해버리는 바람에...ㄷㄷ 미트라 질러버릴까 하다가 가격 보고 본썹 넘어가서 가격 떨어지면 사야지로 태세전환 하긴 했는데 여기서 드메 100/100을 먼저 만들고 사냥 돌리는게 나을까요? 벨트 자쿰이랑 찐 도미 까지만 사는 정도로 해서... 아직 보스 공부가 안되서 최소컷으로 깨기는 어렵더라구요.. 노말 루시드, 윌, 하드 스우까지 잡았고, 챌썹 목표는 사파~다이아 입니다. 콘텐츠도 질문 있는데요... 주간 보스 다 돌았는데 할게 사냥 말고 없더라구요? 일퀘 몬파 등등 하고 사냥만 1-2재획 정도로 하고 있는데 이게 맞나요..? 뭐 놓치고 있는거 같아서요..."
2026-06-30,627,0,퀘스트,마빌 채광을 들어갈 수가 없음ㅠㅠ,튜토퀘? 같은거 다 깼는데 채집은 들어가지고 채광은 입장 목록에 뜨질 않음
2026-06-30,726,0,아이템,5석펫 질문 있습니다..,"이번에 이벤트로 받은 자석펫을 포함해서 스카니아에 5석펫을 보유 중인데요. 3석 + 2석으로 5석 효과를 받을 때, 2석펫을 재료로 사용하면 증발하나요? 그리고 나중에 월드 리프가 생기면 그때 다른 월드로 들고 갈 수 있을까요? 찾아봐도 정보가 안 보여서 질문글 올려봅니다. ㅠㅠ"
2026-06-30,798,0,아이템,뉴비 자석펫 질문이있습니다,2년전에 자석펫 한마리 입양하고 오랫만에 복귀했습니다. 자석펫 세트효과 받으려면 마우스 올려서 보이는 애들 3마리 모여야지만 세트효과 받나요? 최신 자석펫 같이껴도 세트효과 받을수있나요?
2026-06-30,1120,0,아이템,검마 템세팅좀 봐주실수있을까요,닉: 무적이없을까 직업:보마 검마 145퍼인데 템세팅 더올릴만한게있을까요? 아직 빡세서;; 심볼은 아케인18렙 어센틱 5렙
2026-06-30,712,0,시세,뉴네임옥션 폰으로도 할 수있나용 .. ?,와이프 이름이 나와서 구매하려는데.. 이거 구매하려고 회사에 노트북도 챙겨왔는데 ;; 마감임박되니까 입찰자가 엄청 붙네요 다들 일할시간일텐데.. 혹시 폰같은걸루 간편하게 하는 방법도 잇눈곤가요 ?
2026-06-30,783,0,아이템,잠재 주문서 어따써야할지 모르겠음..,"지금 제 템이 이런 상황인데 카르마 유니크 잠재, 카르마 레전 잠재, 카르마 에디 유니크 잠재 이렇게 3개 남아 있는거 어디에 써야할 지 감이 안와요 카혼목 -> 데브팬 생각하고 있는데 이게 맞는지 확신도 없어서 조언 좀 부탁드립니당"
2026-06-30,712,0,기타,파티로 연습모드 클리어해도 페이즈별 연모 열리나요?,림보 연습하려는데 혼자서 밀기엔 택도 없어서..
2026-06-30,636,0,아이템,메린이 드메템 질문이요!,드메템을 하나씩 맞추려고 하는데 마이스터링을 찾아보니 '장착 시 교환 불가'가 있고 '1회 교환 가능 (거래 후 교환 불가)' 이렇게 두개가 있더라구요. 혹시 차이점이 있나요? 필터에 가위 사용 가능 횟수 미부여를 설정해놓고 검색해도 두 종류 모두 떠서 질문드립니다!
2026-06-30,661,0,아이템,응애 뉴비 이벤트링 질문있어요,"이번 챌섭에서 시작한 뉴비입니다 테네, 어웨이크, 슈프림(레전,레어에디), 이터널플레임(유닉, 레어에디) 이렇게 있는데 테네, 어웨이크 연합코인샵에서 이벤레전줌서 바르면될까요,, 지금 끼고다니는건 4렙리레(3렙컨), 실버블라썸(에픽 준거), 슈프림, 이터널 끼고다니는중이에여 영상 찾아봐도 반지 확실한 설명을 못찾았어요 도와줘"
2026-06-30,708,0,아이템,조각 안파는 챌썹 메린이 템 진로좀!!,"이번에 아이가 생겨서 현질은 안될것같고. 지금 검마 126%에서 3페를 못가서 6월꺼는 못돌거 같고. 조각을 안팔았더니, 간신이 아케인 심볼만 강화하며 살고있습니다. 일단은 검마를 패고싶고, 챌썹끝나기전엔 챌린져를 달고싶은데, 템적으로 스펙업을 어떻게 해야할지 고민입니다. 일단 샤타때 악세 17성+ 이벤트재화 모이면 놀긍떡작 했던 4여명 프악공 예정이긴합니다! 조언좀!!!! 미리 감사합니다."
2026-06-30,702,0,아이템,5석펫 질문,"현재 쁘띠신야, 쁘띠파란버섯 보유중인데 버섯펫 2마리 + 아무 자석펫 1마리 이렇게 구매할까요? 아니면 기수펫 3마리 구매할까요? 한번에 안사고 한마리씩 순차적으로 구매할 예정입니다!"
2026-06-30,765,0,기타,"펫 HP, MP 물약충전 스킬 질문이여 급함 !!","주는 펫 쓰다가 자석펫 3개 사서 끼워놨는데 물약을 자동으로 안먹어서 캐시샵에서 HP 물약충전, MP 물약충전 샀거든요?? 3마리 다 사나요??"
2026-06-30,678,0,아이템,뉴비 제네시스 패스 질문입니다.,"금일 기준 268렙 투력 700만 레테 뉴비입니다. 본섭에 듀블 276키울때 최대 전투력 4000만에 진힐라 깨본적이 없는데, 3주차때 제네 패스 구입해도 장점이 있을까요? 검밑솔을 다 해본적이 없어 괜히 결제했다가 효과도 못볼까봐 문의드립니다!"
2026-06-30,1020,0,기타,찍계 걸린것 같습니다.,방학때마다 복귀하여 챌린저스 서버에서 하고있는데 챌패스 제네패스만 사서 메제만채우고 남으면 한두캐릭 채집 또는 재획비만 만들고있는데 어제 갑자기 보호모드가 되어서 초본으로 풀고 오늘 사냥을 시작했는데 거의 30분~50분 마다 신박한 거탐만 걸리고있습니다 이건 어떻게 풀어야하나요?
2026-06-30,1188,0,기타,혹시 저자본으로 챌린저 가능한가여,방학시즌때 마다 조금씩 찍먹해온 메린이에요 챌섭기간 끝까지 달리려고 합니다 패스전부구매 + 웰컴패키지 + 몬파5판 + 에픽던전1단계 이정도 현질 할 생각입니다 현재 메이플 유튜버 지ㅁ 챌섭 가이드를 보면서 하는중인데여 생각보다 쉽고 재밌네요 아래는 제 템셋팅입니다. 조언좀 부탁드려요
2026-06-30,636,0,아이템,지금 쌍레5줄 가격이 어떤 편인가요?,시세탭 검색해보면 최근것밖에 안나와서 잘 모르겠는데 지금 템가격 무난무난한 편인가요? 아니면 챌섭거품 덜 빠졌을까요?
2026-06-30,556,0,기타,카엔슬 가능할까요,노말 풀도핑 기준 입장 오리진극딜 리레 끝나기전에 잡혀요 배율은 126퍼? 정도 나오네요
2026-06-30,760,0,퀘스트,제네 해방 조각 이거 오바될까요?,조각이 2399개 있는데 7월1일날 검마솔플하면 정확히 2999개 될텐데 여기서부터 하드스우 진행하면 하드스우 흔적은 못받는지 궁금합니다
2026-06-30,679,0,기타,메린이 헥사 스텟 질문 떡작했는데 궁금해요,"메인 스탯이 높으면 좋은 걸로 알고 있었는데 검색해보니 어떤 스탯이든 나중에는 뭐가 결국엔 좋다느니 뭐가 하나라도 10이되면 좋은 거라고 하더라고요? 메인스텟5만찍어보자하고 했는데 결국 다 강화할 때까지 이렇게 나와서 메인 스텟이 아니더라도 10에 가까운 9라도 나왔으니 좋은 건지, 아니면 초기화하고 메인 스텟 높아질 때까지 다시 찍어야 할지 궁금합니다."
2026-06-30,2163,0,퀘스트,6월에 검마 잡았는데 7월1일 검마흔적,"6월 25일에 검마 잡아서 제네패스 흔적 받았습니다 내일 7월1일 되자마자 검마 잡으면 흔적이랑 보상, 받을수 있나요??"
2026-06-30,533,0,기타,메청년 메쌤 형님들 템셋팅 방향 조언 부탁드립니다.,"안녕하세요 컨트롤이 안되어서 최대한 보스 딜찍누를 하고싶은 메린이입니다. 약 400억 정도 있습니다. 현재 템 상태는 이렇고... 보조, 엠블, 하트 순으로 바꿔야 된다고 보았습니다. 당장의 목표는 검밑솔 수월하게 도는거고 그 다음 목표는 환산 6-7만 정도인데 조언 부탁드립니다."
2026-06-30,757,0,기타,닉네임옥션에 이런닉도 팔릴까요 ?,"여잗, 정잗, 보잗, 묘잗, 흉잗"
2026-06-30,678,0,기타,챌섭 이칼 80퍼 나오는데 2인가능한가여?,가능하나여?
2026-06-30,526,0,아이템,메뉴비 질문입니다,1. 전투력? 5천+-가 이것저것 무난하게 할수 있는 전투력인가요?? (메벤자게 돌아다니다 보니 5천정도를 기준으로 잡으시는 것 같아서요) 2. 장비템이 기간제인데 아이템 버닝 최종템 수준은 무자본으로 맞추기에 어렵지 않은 수준인가요?? 이벤트로 뿌리는 것들이랑 메소 모아서 해보려고용.(제네패스랑 챌린저스패스 구매했습니다)
2026-06-30,3777,2,아이템,템세팅 vs 다조구매,다음달에 대략200억 정도를 투자를 한다면 템세팅이 나을까요? 지금 템 비싼건 3배씩 비싸던데(장신구) 이게 맞나 싶기도;; 차라리 싼 다조를 구매하는게 좋을까요.... 메짱이분들 답변 좀 ... 본캐로 키울 아이 입니다!
2026-06-30,667,0,아이템,메린이 템셋 질문,지금 챌섭에서 제논 육성 중인 메린이 입니다 보유 메소 83억 정도 있습니다 벨트 도미는 챌섭 보상으로 준거 쓰고 있고 미트라는 챌섭 보상 레잠 발라줄 예정입니다 지금 보장이 4셋이라 하나를 내려야 하는데 어떻게 템 세팅을 해야할까요...
2026-06-30,624,0,시세,경매장 시세탭,원래 경매장 시세 추이가 당일이랑 전일꺼 밖에 안나오나요?? 챌섭전에 얼만지 보고싶은데;;
2026-06-30,833,0,몬스터,익검 첫트인데 조언듣고싶슴다,님들이 익검 처음 갔을 때 느낀 익검의 어려운점이랑 하드검마랑 다른 팁같은게 있을까요 특히 4페 색깔이 주기적으로 바뀐다는데 그럴땐 내 캐릭 뚫어져라 보고 있다가 바뀌자마자 다시 채집키로 원상복구 시킬 수 있나요? 아니면 강제로 바뀐다음 잠시동안은 채집키 막힘?
2026-06-30,690,0,아이템,메쌤 형님들 템셋팅 조언 부탁드리옵니다,메쌤님들 70억 정도 있는데 어떻게 업글 하는게 효율이 좋을까요??
2026-06-30,665,0,시세,메이플 슈퍼뉴비 어떻게 강화하는지 궁금합니다.,안녕하세요 선배님들 인생처음 메이플을 하는 뉴비입니다... 자석펫을 직접 뽑는바람에 150을 써서 MVP가 되버려서(?) 본격 푹먹중입니다. 게임이 생각보다 좀어려운데.. 스펙업을 하는 방법이 궁금합니다. 제가 일단 하면서 느낀바로는... 1. 스타포스 강화 2. 잠재력 강화 3. 에디셔널 강화 이렇게 3개가 큰줄기인것 같기는한데 ;; 이걸 어떤템에 해야하고 어떤템엔 하면 안되고 이런게 넘 어렵습니다 흑흑
2026-06-30,1267,0,퀘스트,280에 검마 노세 이칼까지 솔플한 챌섭분들 질문,69000점인데 1000점 다들 뭘로 채울 계획이신가요..?
2026-06-30,911,0,기타,5석펫 루나스킬 2캐릭터 사용가능한가요??,1캐릭에서 루나스킬로 5시간 날먹후 2캐릭에서 월드공유로 5시간 똑같이 날먹가능한가요 90회인가 제한있던데
2026-06-30,740,0,기타,200비약 질문 드려요,이번에 주는 200비약 스카로 가서 쓸 생각인데 이러면 스카에 캐릭 하루에 2개씩 만들어 놔야 하나요?? 비약을 챌섭에 받아버려서요 ㅠ
2026-06-30,568,0,기타,메이플 참고 사이트 질문이 있는데요!,"캐릭터 2~3개 한번에 검색해서 (ex : 레테, 렌, 보마) 이벤링 레전 잠재 주문서나 큐브 누르면 끼고 있는 템중에 어디에 쓰는게 효율이 좋은지 한번에 볼 수 있는 사이트가 있었던 것 같은데 무슨 사이트인지 기억이 안나서요 ㅠㅠ 혹시 아시는 분 있나요..?"
2026-06-30,579,0,기타,챌섭 질문있어요,"작년에 렌으로 챌썹 1~2달 하다가 접고 1년만에 복귀해서 보마로 챌썹 진행중인데 55000점까지 했거든요 제네패스, 챌린저스패스 + PLUS 구입 해방이 7월 9일쯤인가 예정이긴 한데,, 해방하면 보스가 얼마나 더 가능할지 가늠이 잘 안가서요.. 챌린저인가 하려면 무조건 현질 해야하나요??"
2026-06-30,1137,0,아이템,찐뉴비 앞으로 스펙업 계획..챌가능할까요,"안녕하세요 이번에 메이플 처음 시작한 뉴비입니다 공략들 찾아보고 질문하면서 여기까지 왔습니다...(검마 파티해서 들어갔다가 도전기회 날려먹기도 햇네요) 280만 찍으면 다이아 되는 상황입니다 1. 레잠 유에잠 하나씩은 무기에 바를 예정인데, 남은 레잠 하나는 어디에다 사용해야 할까요? 2. 보조무기랑 엠블럼은 어떻게 해결해야 할지..... 3. 다른 부위는 어떤 걸 우선순위로 무얼 바꿔나가야 할지 ++과금은 월 10만원정도는 계획 있습니다 이렇게 여쭙습니다!! 답변해주시면 너무 감사드리겠습니다"
2026-06-30,592,0,아이템,메린이 쿨뚝 질문좀요,지금 저거끼고있고 환산 10.3입니다 불멸의유산? 살까하다가 쿨뚝을 저상태에서 윗잠 쿨2쿨2힘10을 사서 전승시킬지 둘중에 고민입니당 어떤게 좋을까요? 글고 전승만약한다면 템암꺼나 추옵 가횟 상관없이 잠재만보고 사오면되는건가요?
2026-06-30,691,0,기타,이틀차 복귀유저인데 못채운출석 메포로 미는게 좋나요?,혜자면 밀까하는데 메포쓸만한가요?
2026-06-30,1943,0,몬스터,검마 솔격 4페 몇분쯤에 진입해야 깰만함?,배율 120퍼 정도에 지금 연모로 3페만 겁나게 하고 있는데 생존에만 집중해서 한 10분 언더 되는데 4페는 몇분쯤 진입해야 할만함??
2026-06-30,1295,0,직업,렌 어빌 벞지,어빌 마지막줄 벞지or공인데 벞지는 왜써요?
2026-06-30,1011,1,기타,보스 파티플레이 중 죽으면 아무 보상 못받나요?,챌린저스 서버로 메이플 유입한 뉴비입니다 오늘 밤늦게까지 검은마법사 트라이를 했는데 결국 마지막페이지 피통5퍼에서 아쉽게 죽어버렸습니다 그런데 팀원 한명은 격파 성공했다고 저도 격파처리 되더니 아무 보상도 없이 끝나버렸습니다 이런 경우에는 어떻게 해야 되나요? 어둠의 흔적을 위해 하루종일 공략보고 도전했는데...
2026-06-30,1144,0,기타,헥사 2 보통 언제여시나요?,마코 전부다 7렙 찍었는데 헥사코어 2여는건 별로일까요? 환산 주스탯 보니깐 좀 뒤에있는데 7렙부턴 뚱에르다 너무 많이잡아먹고 강화코어도 뚫으라하는거 같은데 헥사 2언제 열지 고민입니다 전투력은 4000만정도 나와요
2026-06-30,987,0,아이템,루컨마 170급 띄었는데 추옵값 받을 수 있나요?,검환불 남은거 돌리다가 떳는데 이런거도 추옵값 받을 수 있나요? 받으면 얼마에 팔아야되요?
2026-06-30,857,0,퀘스트,미션 울티마 스토리 퀘,레테 키우는데 도둑과 상인 퀘스트 하다가 평타로 못잡고 소환수가 다 잡아버려서 퀘스트 실패했는데 재시도 어케하나요ㅜ
2026-06-29,739,0,기타,헥사 2 옵션 질문,헥사2 옵션 순서 헥사1이랑 똑같이 해야하나요? 환산 주스텟?사이트에서는 첫번째줄 옵션이 보공에서 크뎀으로 바껴서..그냥 보공이 더 낫겠죠?..
2026-06-29,688,0,기타,챌썹 본케 쌩뉴비 입니다! 선생님들 조언 구합니다!,"안녕하세요 보마 뉴비입니다 너무 즐겁게 게임하구 있습니다!! 환산 3만까지 찍었고 노말 세렌 솔플가능 까지는 재밌게 트라이 클리어 하고 즐기는 중이네요 ㅎㅎ 너무 재밌어서 돈을 쓸 생각을 하고 있기는 한데 제가 지금 템을 산게 하나도 없습니다! 다들 여명셋을 맞추던데 오래 쓸 생각하고 데브펜던트, 여명의가엔링 이 두개를 레레 12 9 9 를 사서 17성을 바르는게 좋을까요? 아니면 미트라나 보무를 먼저하는게 맞을까요? 아직 주간보스 2마리 남아서 스펙 좀더 올려서 검마 칼로스 도전해보고싶은데 미트라 보무는 지금 가격이 너무 높다고들 해서 여쭤봅니다.."
2026-06-29,1904,0,직업,렌 데미지가 제대로 안나오는데 왜그럴까?,환산 8.4 카링 147퍼 도전 자꾸 딜 조금부족해서 못깨.. 이 분거보는데 좀 이상해서 이분은 3페에 어센트 전부쓸때 전체 15퍼정도 댐지들어가는데 나는 12.5퍼밖에 안까여 극딜 대미지도 별차이안나고 승화분리같은거없이 망혼만 털고 극딜들어가는데 내가 뭐 놓치는거 있을까? 연습모드라 버프도 다 들어간거고 헤카테도 켰고 저분 마약버프 적용된때라고 해도 환산차이가 큰데 렌 온오프도 없잖아?
2026-06-29,926,0,기타,챌린저스 패스 지원 물품 받았는데,명성치 이거 일요일에 어빌 50% 줄여줄때 돌릴까요? 200만 있는데 그냥 지금 돌릴까요?
2026-06-29,1962,0,퀘스트,이번에 검마를 잡았는데 지금이라도 제네 패스 늦지 않았나요?,원래는 해방 생각이 없었는데 이번에 5인파티로 검마를 잡아버려서 해방을 해야할지 말지 고민 됩니다 지금 제네 패스 사도 늦지 않았나요?
2026-06-29,7640,0,퀘스트,제네패스 플러스,1. 연모로 잡은것도 소급적용 되나요?? 2. 리워드는 순서대로 잡아야 처지인정 되나요?? 이번달 검마 2인팟해서 해방 밀린김에 친구 3인팟으로 버스?? 태워주기로 했는데 어케되나요
2026-06-29,881,0,아이템,카르마 유니크 에디셔널 잠재를 에스텔라귀걸이에 박았어요...,그냥 유니크잠재인줄 알고... ㅠ 쭈욱 쓰면 댈까요...?
2026-06-29,625,0,직업,복귀한 뉴비인데 V매트릭스가 예전이랑 뭔가 바뀐 느낌이에요!,호영키우는데 직업코어랑 강화코어중에서 뭐부터 강화해야하는건가요?
2026-06-29,959,0,아이템,18성 칠흑 27퍼 쌍레 에디 2줄 22성 가도될까요?,이거랑 비슷한 아이템으로 고근 커포 마깃 있는데 22성 가도될까요? 27퍼라 고민이네요
2026-06-29,748,0,기타,피방보상 리프가능?,15시간코디템 챌섭에받고 나중에갖고 리프할수있나요?
2026-06-29,2351,0,몬스터,포뻥 vs 그냥 검마 잡기,"메린이 검마 솔격 트라이 박으려는데 그냥 하면 124퍼 정도임 근데 하이퍼스탯,보약+피방칭호 합쳐서 보뎀 18퍼, 뎀3퍼, 방무 11퍼, 크뎀 1퍼 줄이는 대신에 다 포스에 투자하면 포뻥 딱 되는데 피방에서 몇시간 동안 검마 트라이해야되나 생각이들어서 포뻥해서 검마 도전하기 vs 지금 124퍼로 트라이 박아보기 뭐가 더 ㄱㅊ을꺼같음??"
2026-06-29,700,0,직업,플래닛에서 처음 본메 넘어가는 뉴비 직업질문좀 드립니다!,"안녕하세요 플래닛 건실하게 하다가 고렙이후 할게없어져서 먼저 간 선발대 친구 들 따라 본메 처음 해보려고 하는데 유튜브에서 직업별 스킬은 다봤는데 제가 감이안와서,, 플래닛에서 썬콜을 처음 키웠는데 딸깍 사냥이 너무 지루하고 재미가없어서 결국 전사를 본캐로해서 170렙정도까지 쭉 재미있게 잘키웠습니다 제가 딸깍 캐릭터보다는 어느정도 타격감이 있는걸 원하는데 친구들은 그냥 무조건 보마/와헌/썬콜/렌 을 하라고 하더라구요 ㅜㅜ 누가봐도 좋아보이는 직업인데 제 가슴이 움직이질않아서,,,,,,,,,,,, 혹시 저에게 맞는 추천할만한 직업군이 있을까요 ?!"
2026-06-29,533,0,아이템,챌섭 메린이 악세 질문!!,메쌤들 질문 하나 드려요 챌섭에서 썡으로 시작해서 이벤링 받아 쓰고있는데 보스 잡으려고 레잠옵을 스탯으로 쓰고있거든요 근데 유튜브 드메셋팅에 다 이벤링에 드메옵 달라해서 지금 스탯옵인 이벤링을 드메로 바꾸고 다른 악세를 보스용으로 사는건가요? 보스용 악세 사기 전까지 스펙 다운되는건 감수하고라도 드메셋팅부터 해야하는건가요?
2026-06-29,985,0,기타,챌섭 에메랄드,본섭에서 하이퍼 버닝이랑 비욘드 다 썼는데 챌섭에서 에메랄드 찍는 거 불가능 할까요?
2026-06-29,610,0,직업,데티해방 목표 칼리 vs 카데나,세렌까지 패턴 완벽숙지는 하고있는데 데티목표로 본캐로 꾸준히 할거면 둘중에 뭐가 더 나을까요 제로 카인 아크 이런거 해보긴했는데 저런애들하곤 격이 틀린애들같아서 고민이네요
2026-06-29,660,0,아이템,형들 레잠 어케써야 좋을까?,"여명4셋은 유닉 15~18% 했구. 무보엠은 다 레전이라서 4만점 레잠을 어케써야할지. 이제 돈이 떨어졌는데, 파는게 제일 좋겠지? 챌은 가고는 싶은데...ㅠㅠ 가난이 죄다"
2026-06-29,1075,0,몬스터,메린이 검마 솔격 가능함??,하드 진 힐라 배율 210퍼 연모 3트 찐모 2트해서 15분쯤에 잡았는데 검마 배율 124퍼 인데 솔격 가능함? 내일 하루종일 트라이 할 생각은 가지고 있음.. 원래 2인 트라이 모아볼려 했는데 글 찾아보니까 120퍼 메린이도 가능하다 이런 글을 봐가지고..
2026-06-29,732,0,아이템,뉴비 자석펫 질문,예전에 자석펫 뽑기한적이 있어서 본섭에 칸타빌레 딱 한마리 있는데 지금 와서 세트 맞춰주려니까 다른 애들이 250억씩 하더라고요.. 그럼 두마리 사면 500억인데.. 근데 최신 기수 애들이 한마리에 150억씩 하던데 그냥 3석펫 할꺼면 최신 기수로 맞추는게 나은거죠..
2026-06-29,680,0,아이템,환산별 평균 잠재 합산,250부위 제외하고 27에 유닠2줄 -> 37퍼 27에 1.5 줄 -> 39~40퍼 30에 1.5줄 -> 42-43퍼 30에 8 6 -> 44퍼 30에 2.5줄 -> 46-49퍼 30에 8 6 5 / 8 6 6 -> 50퍼 33에 8 6 -> 47퍼 33에 2.5줄 -> 49-52퍼 33에 8 6 5 / 8 6 6 -> 53퍼 36에 8 6 6 -> 56퍼 로 봤을때 별은 각 잠재에 맞는 밸런스라고 가정하고 유챔SSS -> 유에 7-8만급 -> 37퍼 8.5-9만급 39-40퍼 9.5-10만급 43퍼 10.5-11만급 45퍼 11.5만급 48퍼 12만급 50퍼 12.5만급 53퍼 13만급 54-55퍼 14만급 56퍼 이상 으로 보면 될까요?
2026-06-29,625,0,아이템,잠재 5줄로 전부위 하면 환산 몇까지 갈까요?,"환산 10~11만 목표로 하고있느느데 6줄은 가성비가 미친 것 같고 5줄로 전부위 할까 싶은데 환산 몇까지 노릴 수 있을까요? 직업은 렌입니다 그리고 보조, 엠블렘은 해방무기 큐브 돌려보고 결정해야겠죠...?"
2026-06-29,576,0,직업,뉴비 복귀 본캐 질문드립니다!,지금는 챌섭하고있는데 오래전에 접고 복귀를 했어서 옛날에 열심히 키우던 캐릭을 어찌 해야할지 몰라서 질문드려요 ㅠㅠ 스펙은 사진과 같고 나로 레벨은 263입니다! 템은 이대로 쭉 들고가서 레벨링만 해도 문제 없는 정도인가요!? 무자본으로 즐겼어서 좋은템이 아닌건 알고있지만 다시 무자본으로 즐길때 어디서부터 손봐야하는지 게임이 너무 바뀌어서 어렵네요 ㅠㅠ
2026-06-29,848,0,아이템,여장해봤다,루컨마 27퍼 38억이면 괜찮은건가요? 살까말까 고민중인데
2026-06-29,719,0,기타,200만메포 세팅으로 어디까지 갈 수 있나요?,400만 메포로 에마3 윗마3 올이탈 띄우겠다고 3000억 큐브질해서 ㅈ망했는데... 결국 못띄웠지만 ㅠㅠㅠㅠㅠㅠㅠㅠㅠㅠㅠㅠㅠ 200만 메포면 어디까지 가능할까요?
2026-06-29,712,0,아이템,뉴비 다음 반지 잠재 어떻게 계획해가면 돼요?,카오스링 어쩌다가 3줄 갑자기 떠서 그런데 남은 이벤트링 전용 큐브는 어디다가 써서 어떤 옵션 띄우면 될까요? 지금은 테네브리스+이터널링+실블링+시드링 끼고 있어요.
2026-06-29,1701,0,아이템,챌섭 4여명 이후 템셋팅 방향성 질문드립니다.,이번 메이플 챌섭 제대로 키워볼려고합니다. 보조무기는 쌍레 보보마 마 4줄쓰고있고 150억으로 할수잇는 스펙업이뭐가있을까요.
2026-06-29,787,0,아이템,환산 2.5인데,환산2.5카이저인데 4만갈라면 뭐뭐 바꿔야할까요ㅠ
2026-06-29,791,0,아이템,똥블럼 방무 vs 공격력,엠블럼 레전이고 공 12 방무 35 35 떠있습니다 챌섭에서 이거 끼고 방무 99% 뜨는데 공 21% 랑 비교하면 뭐가 더 좋을까요? 임블럼 공12 방무 35 35 Vs 공 21 + 잡 직업 보마
2026-06-29,828,0,퀘스트,뉴비 해방패스,"강원기 디렉터 막바지에 접고 이번 첼섭으로 복귀한 뉴비인데... 어제 시작함 레벨 264이고 해방패스랑 첼섭패스 좋다해서 샀는데 해방에 대해서 1도 몰라서 공부를 하는데 맞는지 확인좀 부탁해유... 해방퀘는 지금 하드반레온 잡고 기운 500개 모으라고해서 이지루시드, 노말스데미, 노말가엔슬을 잡았고 주간보스 1마리 남아서 이지윌 도전중에 있는데 2트에서 자꾸 죽어서 계속 도전중입니다. 투력은 1200만 / 환산은 950만으로 나오네용 레벨업을 치면서 다음주부터 제 스펙으로 무슨 보스부터 돌면되는지와 이대로 레벨업만해도 첼섭끝날때까지 해방 문제없이 할 수 있는건가요...? 제가 접을때만해도 윌 하드스데미 이런애들 최소컷 스펙은 넘사여서 감이 안잡히네요..."
2026-06-29,702,0,기타,메린이 아르테리아 3누스 사냥터 알려주세요,인기 많은곳도 괜찮아요
2026-06-29,531,0,직업,나워 캔슬 팁이나 알려주실 분 계신가요?,영상보고 따라하는데 이게 맞는건지도 잘 모르겠고 타이밍이나 팁 좀 알고싶어서 글 작성합니다. 자그마한 팁이라도 남겨주시면 감사하겠습니다.
2026-06-29,1122,0,아이템,복귀뉴비입니다. 4칠흑셋 부위 추천 해주세요,"복귀뉴비입니다. 4칠흑셋 부위 추천 해주세요 저의 먼 미래의 종결목표는 10칠흑 2여명 8에테 입니다. 지금의 목표는 4칠흑 4여명 3보장 3에테 4아케인 입니다. 지금 1부위 남았는데요. 마지막 1칠흑부위 추천좀해주세요. 참고로 챌린져3섭이고 마도서,몽벨 중에서 고민중인데 만약 몽벨살거면 18성 윗잠30퍼 살예정입니다. 둘중고민중인데. 혹시 다른부위있으면 추천해주세요 혹시 모르니 닉네임도 적어둘게요 던타<<<이거입니다."
2026-06-29,930,0,아이템,챌섭 레테 시드링 질문입니다.,"어디선가 3레벨은 뭐 받고 4레벨은 뭐 받고 영상이나 글을 본 것 같은데 ㅠ 아무리 찾아봐도 안보이네요... 레테는 3렙을 뭐로, 4렙을 뭐로 받아야 하나요 ..?ㅠ"
2026-06-29,3451,0,기타,검마 2인격 뉴비기준,검마 2인격 배율 163.61% 나오는데 가능할까요 둘다 뉴비입니다..
2026-06-29,875,0,아이템,검마 최소컷 템맞추기,닉 : 월급루팡두호 직업 보마 오늘 검마 트라이해보고싶은데 배율이 105퍼에요 빡숙이 아니라서 배율을 좀더 높이고싶은데 템 어떻게 맞추는게 좋을까요? 메소는 100억있습니다
2026-06-29,698,0,아이템,뉴비 챌린저 찍고싶은데 조언부탁드려요,"현재 환산 34600 정도 나오고 노말 세렌, 이지칼로스 연모로 깨놨습니다 챌린저달려면 하드 메이린 잡아야되는걸로아는데 어떤템을 바궈야될까요? 찐모는 바라지도않습니다"
2026-06-29,720,0,기타,뉴비인데 지금 시작하면 이벤트 많이 늦었나요??,ㅠㅠㅠㅠㅠ
2026-06-29,862,0,아이템,챌섭 뉴비인데 가엔링 23성 이거 사는건 아닌가요?,"경매장 둘러보다가, 23성치고 가엔링 싼 것 같은데 이런건 23성 이라도 잠재가 별로라 사면 안되나요?"
2026-06-29,721,0,직업,카데나 vs 제로,본섭 제로 289 챌섭 카데나 280 입니다 제로를 7만까지 키우다가 제로 특유의 버텝과 플썰터의 길이 ( 조절이안되는) 그게 빡세더라구요.. 선딜레이떄메 보고피하는게 빡세니 예측플레이해야하는거랑 해서 5월에템팔고 챌섭때 복귀해야하지다가 이번에 카데나했습니다 제로로는 유챔 노칼 95퍼 / 익스우 99퍼 클리어 카데나는 검마 144퍼 노세 128퍼 이칼 117퍼 클리어 했습니다 아마 제로 지금하면 저떄보다 못할건데.. 제로의 특유의 선딜레이랑 길이조절이안되는걸 감안해서 카데나를키웟는데 재미는있는데 잘할수있을까 고민이 되더라구요.. 연습하면 95~100프로 안쪽으로 한캐릭만 꾸준히 파볼려고하는데 추천가능할까요 형님들 헥환 10만까지 목표로 해볼려고합니다 투표랑 사유도 부탁드립니다 내실같은거 적으면 뭔가 한쪽캐릭에 유리할거같아서 안적을게용
2026-06-29,878,0,직업,노말 세렌 원래 빡센가요?,첫 트에 일광건조 존나 당해서 짤패부터 찬찬히 깎아서 세렌 1싸이클 동안 건조 안 당할 정도로 깎았긴했는데 타임오버로 계속 실패함 피 37% 밑으로 도저히 안 내려가요... 진짜 꾸역꾸역 엔젤레이 쑤셔넣고 디바인도 최대한 집어넣으면서 프레이도 에르다 노바랑 쓰까서 총력을 다해서 줘팼는데... 둘째 날 여명인가 가면 노루 2마리가 너무 빡세요... 1페이즈를 15분쯤에 넘어가는데 이게 문제인걸까요 좀 목숨걸고 맞딜을 좀 쳐야할까요... 환산주스탯 기준으로 143%인가 148%길래 지금까지 120~130% 넘으면 다 줘패서 140%이상이면 밥이지 하고 갔는데 한 20번 일광건조 당하고 삐져서 재획5시간 때림... 비숍이라 그런 걸까요... 아니면 이젠 너무 늙어서 그런 걸까요?
2026-06-29,988,0,기타,헥사 스탯2 썬데이 아닐때 돌려두 될까여? [챌섭메린이],이제 곧 환산주스탯에서 헥사코어2 뚫으라고 나오네요 썬데이 아닐때 하면 망하나요?
2026-06-29,751,0,직업,제논 아버 뚝,제논 아이템버닝 뚝은 무조건 쿨이 맞나요??
2026-06-29,671,0,시세,닉네임 문의,닉네임 받침 깔끔한 두글자닉을 올렸는데요... 그게 새벽3시에 올렸어요. 8시간 체크하고 올릴생각이엿는데 24시간해버렷어요....이러면 새벽3시에 경쟁을하는건데 엄청 싸게팔리겠죠?ㅠㅠㅠㅠㅠㅠㅠㅠ
2026-06-29,918,0,기타,로그인(웹인증) 관련 문제 도움,1. 처음 접속할때 넥슨플러그? 인가로 접속하면 접속오류가 거의 무조건 뜨면서 홈페이지로 안내함 2. 홈페이지 로그인 하고 접속하면 한 세네번에 한번 꼴로 웹 인증오류라고 뜨면서 팅김 3.한참 게임하다가 계정내 다른 캐릭터로 교체하면 접속이 안되고 로그인창으로 팅기거나 웹인증 오류가 뜨면서 게임이 꺼짐 이런 오류가 가끔도 아니고 계속 생기니까 미칠거같은데 뭐가 문제일까요.. 재설치는 두번 해봤습니다
2026-06-29,597,0,직업,제논 고수분들 도와주십셔ㅜ,1. 시퀀스가 이게 맞나요? 극딜하고 준극딜 하면 결국 쿨이 밀려서 6차랑 한 몇십초씩 차이납니다ㅜ 2. 포톤레이 충전됐을때 뒤에 나오는 빤짝이 옅게 하는법 없나요 너무 진해서 보스패턴이 안보입니다...
2026-06-29,871,0,아이템,찐뉴비 2주차인데 궁금합니당!,이제 검밑솔까지 마친상태입니다~! 목표는 챌린저 한번달아보고싶은데 어느정도 장비를올려야할지 궁금합니다~! 뭘하다보니 벌써 mvp가 골드등급인데ㅠ 앞으론 최대한 덜쓰며 진행하고싶네요! 가능할까요?
2026-06-29,713,1,직업,성장 방향 좀 알려주세요,열심히 해서 렙 280까지 찍고 스샷정도 세팅했는데 앞으로 어느 쪽으로 성장 방향을 잡으면 좋나요? 검마는 파티로는 깼고 솔로는 도전 못 해봤고 세렌 노말 가봤는데 딜 부족하더라구요.... 직업은 비숍이고 검마 밑으로는 솔로로 일단 다 깼습니다.
2026-06-29,3632,0,아이템,검마 보상 미지급됐는데 ㅠ,검마 잡고 보상맵으로 이동했는데 보상도 안주고 어둠의 흔적도 안줘서 문의 넣었습니다. 문의 답변 며칠정도 걸리나요? 그리고 당연히 보상 다시 주겠죠?
2026-06-29,892,0,아이템,챌섭 유입 뉴비인데요..ㅠ,챌린저스 서버에 자석펫 준다고 다른 분 글에서 봤는데 30일 달팽이 준 거 그게 자석펫인건가요?? 지난번 봄에 버섯? 자석펫 줬었다고 하는데 생긴 게 달라서 이것도 자석펫인지 궁금해요!
2026-06-29,784,0,직업,닉네임 <랜충> 올리면 팔릴까요?,ㅈㄱㄴ
2026-06-29,1157,0,기타,닉네임 판매,함선노틸러스 올리면 팔릴까요?
2026-06-29,909,0,아이템,뉴비 현질 고민,안녕하세요 메이플 찔끔 맛보고 접었다가 챌섭 진행하고있는데요 계속 해볼마음은 있어서 제네패스 챌섭패스까진 구매했습니다 제가 자석펫은 기간제 밖에 없는 상태입니다 자석펫에 아버 끝날때 쯤 장비값 맞추는거로 현질 하기엔 너무 부담이 되는데 자석펫만 현질하면 아버 대체템은 3달안에 맞출만 할까요
2026-06-29,1671,0,아이템,뉴비 4여명이후 템 질문ㅜ,이번에 메이플 첨하는 메린이입니다 ㅜㅜ 이제 템을 어떻게 맞쳐야할까요? 현재 투력 6200 환산 44400 핵환 36200입니다 검밑까지깨서 검마 한시간 트라이하다말았는데 템 부족한거좀 더 사려고합니다 메소는 300억정도 남았아요 직업은 보마고 검마179% 나와요!
2026-06-29,720,0,아이템,혹시 졸눈성형 지금은 얻을수 없는건가요??,지금은 얻을수가 없나요??
2026-06-29,8676,0,아이템,미트라가 압도적으로 지지받는 이유가 뭔지 알 수 있을까요?,옵션만 놓고보면 공마3에 주스텟30정도던데 가격 차이는 너무 압도적으로 많이 나서 이 정도인가 싶은데 일반 엠블렘은 결국 나중엔 갈아야하는 부위니까 그런걸까요?
2026-06-29,938,0,퀘스트,아이템버닝 보스 난이도 높은거 잡아도 깨지나요?,지금 노말 듄켈 차례인데 하드 듄켈 잡아도 깨지는건가요 ? 퀘스트 내용은 듄켈(노말) 1인 격파 라고 명시 돼있는거 보면 노말을 꼭 깨야할거 같긴한데 하드 잡아도 깨지나요?
2026-06-29,1028,0,아이템,레전 잠재 하트 말고 어디에 쓸까요?,직업 레테입니다 원래 하트에 박고 나중에 둘 다 사먹을 생각이었는데요 4여명을 다 윗잠 유니크인걸로 사서 그냥 출석 유잠을 하트에 바르고 돌렷는데 966이 떳습니다 그래서 레전잠재가 하나 남는데 똥블렘에 바를까요 블랙보조에 바를까요 똥블렘 - 마력 9퍼 / 에디 마력 6퍼 블랙보조 - 보공30퍼 뎀6퍼 / 에디 마력 6퍼 아니면 그냥 냅둘까요? 나중에 미트라나 에테 장갑에?
2026-06-29,804,0,아이템,이제 템 뭐바꿔야될까요,직업은 키네고 일단 목표는 챌섭 챌찍는거입니다 이지칼로스 검마까지 솔플로 잡았고 풀드메맞췄습니다 자석펫은 아직 기간제쓰고있어요
2026-06-29,869,0,아이템,원더블랙인지 저렴한 펫 이거 어떻게 버리나요?,"캐시보관함에서 삭제 안 되고, 의류수거함도 안 가져가는데 어떻게 제거 하나요?"
2026-06-29,838,0,기타,헥사 떡작,4 6 10 4 7 9인데 얼마나 망한걸까요? 스텟1은 에디10이라 나중에 바꿔도될거같긴한데 스텟2는 최대한 빨리 돌려야겠죠? 아니면 둘다 바꿀까요?
2026-06-29,774,0,직업,뉴비 복귀유저 자유전직 문의 드립니다,모험가 나로를 섀도어로 자유전직을 하게 되면 6차스킬 핵사스킬에 투자한 에르다 조각 기운들도 그대로 보존해서 전직을 바꿀 수 있나요? 혹은 이번에 초기화 주문서를 준거 같던데 이걸로 도움을 받을 수 있나요?
2026-06-29,1671,0,몬스터,검마 잡을 수 있는 날짜가 따로 있음?,그냥 1일~31일 중 아무 때나 가도 되는 거 아니였음? 예를 들면 6월 30일 > 내일 7월 1일 이렇게 못 도는거임? 한자님 메이플 AI에 보니까 돌 수 있는 주차가 따로 나눠져있던데
2026-06-29,604,0,기타,뉴비 수로 질문드립니다.,길드가 필수라고 해서 가입하고 싶은데 수로 필수라는 길드는 수로 점수가 몇점이든 치기만 하면 되나요?
2026-06-29,2267,0,기타,검마 6인 가도 되나요?,검마 완전 처음인데 6인가면 딜찍 될까요?
2026-06-29,949,0,기타,요즘 이지카링 이하,이지카링 20분 풀로 팰수 있다는 가정하에 템셋팅 어느정도 수준으로해야 하고 가격은 얼마나 하려나
2026-06-29,1063,0,기타,궁성비 19개 캐릭 추천 부탁드립니다,이번에 챌섭 유입입니다 챌섭 캐릭터 키우면서 본섭에서 유니온작 조금씩 하고 있는데 메르 은월 루미 엔버 키네 200있습니다 궁성비 1개는 레테줬고 캐릭은 캡틴인데 아마 캡틴만 키울거 같은데 궁성비 19개 캐릭 어디다 쓰는게 좋을까요 캡틴 본캐이신분들 좀 알려주세요
2026-06-28,645,0,기타,스트라이커 메이린 질문,하드 메이린 깨려면 280렙기준 환산어느정도에 전투력 어느정도 나와야할까요..?
2026-06-28,829,0,직업,본섭 레테 하버줬는데,삭제하면 챌섭에서 다시 하버 가능한가요?
2026-06-28,665,0,시세,메소팔거면 챌섭이 좋나요 본섭이 좋나요?,뉴비입니다 . 딱히 공지봐도 이런글 쓰면 안된다는게 안보여서 질문해요 mvp작을 처음으로 해볼건데 할거면 챌섭에서 하는게 좋을까요 아님 본섭에서 하는게 좋을까요? 챌섭은 챌2에요. 100억정도만 팔 예정이에요
2026-06-28,1218,0,기타,카이 공략 질문,뉴비입니다. 이지 윌 까지 진짜 어렵게 잡았는데 카이 공략 영상을 10번이상 돌려보고 연습중인데 커다란 벽을 느낍니다. 클리어할 수 있다는 희망이 산산히 부서지는 중입니다. 전투력 2200만대 레테입니다. 팁좀 주세요. 영상보면 1000만으로도 잡던데 이건 패턴 진행도가 너무 빠른데다 정신이 없습니다.
2026-06-28,816,0,기타,챌린버스 월드 우선순위??,"목표는 챌린저입니다(슈퍼x) 제네시스패스, 챌린저스 패스는 사용한상태. 지금 진힐라 도전할려고 하는데 슬슬 템들이 아이템 버닝만으론 보스 배율이 오르지않아 여쭤봅니다. -얼른 검밑솔 보스들을 잡기위해 체급을 높이려 템을 사야하는지(17성 에픽둘둘정도) 아니면 -재획템부터 맞추고 돈수급해서 템을산다음 천천히 보스를 잡아 챌린저스 등급을 올려야하는지 뭐가 우선일까요? 챌린저스는 9월에 보스를 다 잡더라도 어쨋든 마스터 갈수있으면 늦게 천천히 올라가도 상관없지않나요?"
2026-06-28,666,0,아이템,장신구 셋옵 질문!!,"장신구 세트효과 질문입니다. 2칠흑 + 2여명 + 5보장 << 얘네 셋은 20성↑ 이미 미트라는 초반에 꼈고 칠흑은 4칠흑부터 가성비가 나온다는데 18거공, 마도서 까지 껴주기엔 과투자 하는거 같아서요, 저 조합은 가성비가 아예 안나올까요?"
2026-06-28,668,0,아이템,카유잠,세부위중 어디에 바르는 게 좋을까요? 눈장식이랑 벨트는 한다면 다른 아이템 사서 바를 것 같아요
2026-06-28,691,0,아이템,가엔링이랑 데브팬 작 질문있어요,가엔링이랑 데브팬 윗잠 15퍼 아랫잠 한줄 정도로 임시로 쓸 템 반직작하려는데 작은 둘 다 챌섭코인으로 놀긍떡작하나요?
2026-06-28,787,0,몬스터,메린이 검마 해방 2인 트라이할려면 배율 몇퍼까지 가능해요??,직업 썬콜이고 도핑 할수있는거 했을때 검마 97퍼 나오는데 메린이 2인 갈려면 배율 몇퍼정도가 적당한가요??
2026-06-28,830,0,기타,검마 2인으로 가도 되나요 ?,해방 빨리하고 싶은데 2인으로 가도 기운 주나요 ?
2026-06-28,2043,0,기타,누가 메이플 접는건 능지순이라 했는데...,"정말이다... 내가 처음 메이플 접한게...2004년 중2 봄에 친구들과 500원 pc방에 갔을때인가 그럴거고... 일 때문에 출장에 가느라 접속을 안한것이...2026년 3월.... 2026년 6월 24일 레테 만들고 게임을 즐기다가 토요일 동전꼽아 정지를 당하고 나니까... 처음에는 열받다가... 진짜 오래간만에 집 대청소를 하고 시계를 보니까...그래도 12시 더라고 그러다가 왜 정지를 먹었을까...진짜 동전인가... 하고 고객센터 문의하고 글 찾아보고 하니까...비정상적인 기록 탐지더라고 그게 반복적인 키 입력, 매크로 탐지 등등 근데 나는 매크로를 쓸줄 모르니까 패스 아 동꼽하네.ㅋㅋㅋ ㄴ 반복적인 키 입력이긴 하는구나? ㄴ 재밌는건 겨우 2분 썻는데 정지임ㅋㅋㅋㅋㅋ 나랑 같은 사람이 많더라고 ㅋㅋ 아무튼 점심 먹고 분리수거 해도 책읽고 영화보고 집오니까 18시 30분 넘어서 인벤에 물어봐야겠네...하고 올리고 나서 저녁 먹고, 씻고 하니까 자고 일어났는데... 몸이 개운하더라고....평상시처럼 숙제 하려고 4시에 안일어나도 되고 아주 푹 잤어 그렇게 6시에 일어나서 샤워하고 아침 식사준비도 해보고 침대도 정리하고 했는데 8싴ㅋㅋ와 적응 안되더라고;;; 온종일 메이플에만 신경쓰고 밥하는거 커피타는거 등등 자잘한걸...안하고 메이플에만 쏟아부었거든 내인생을?? 28케릭, 2계정 숙제하고 보스돌고한 내 인생이...먼가 좀..한심스럽더라... 아 주말이 이렇게 길었나...아니 내 주말은 이렇게 소중했나... 지금 내 메창인생 22년??중간에 접고 했어도 22년은 메이플을 한거 같은데 2주간 정지라...한번도 이벤트 출석 놓친적 없는데... 강제 놓침이라...먼거 현타가 씨게와요 갓창섭 갓창섭이지만...이런 매크로??탐지는...역시 진짜 신급은 안되나봐요 메이플 인생 탈출 합니다... 인제 2D 말고 3D를 살아가보려 합니다 메창님들 화이팅 하십쇼!!"
2026-06-28,873,0,퀘스트,지금 제네패스 검마솔플까지 했으면 어둠의흔적 어디까지인가요?,첫주에 안하고 둘째주에사서 소급적용 받긴 했는데 윌격파 / 흔적 80/1000 이상태가 맞는건가요?
2026-06-28,986,0,아이템,챌섭 메린이 데브펜 트왈마 등등 템세팅 및 등급업질문,현재 에스텔라 / 여명가디언 17성에 카르마혼돈작 잠재 유니크/에픽작 챌샵 코인 1만개보유중 연합토큰5천개 챌샵 스타포스17성강화권 수량1개남았구요 연합토큰샵 카유잠 3개 카에잠4개 남았습니다 검밑솔밑으로 목표를 잡고있으며 완전메린이인데 트왈마랑 데브펜 노작을사서 등급업하고 17성 저거 바르는게나을까여 어떤식으로 스펙업을 해야할까요 ? 보유메소 100억입니다
2026-06-28,639,0,아이템,메린이 캡틴 레잠 추천좀...ㅜㅠ,제네무기에 레잠 하나 쓸거고 하나 남는걸 페어리하트vs블랙보조vs미트라 쓰라던데 일단 하트랑 보조 똥블렘 세개 장착중이고 셋다 유니크인데 블랙 보조에 레잠발라서 나중에 아스트라 전승 해도 된다고 그러고 .. 현질 하드하게는 아니지만 꾸준히 매달 조금씩 할거고 목표랄건 없고 걍 힘 닿는대로 쭉 하고싶은데 레잠 하나 어디다 바르는게 좋을까요ㅜ ㅠ 메고수님들 제발 도와주세요......
2026-06-28,630,0,시세,몽벨 인트추옵 시세..?,도적몽벨 추옵 뽑다가 인트추옵 나와서 일단 눌렀는데 담달에 팔고 지금 새로구하는게 나을까여?.. 주변에서 윗잠보다 가격 더 받는다해서여
2026-06-28,695,0,시세,지금 드메 현질해서 살만한 가치 있나요??,뉴빈데 하루 1시간은 사냥합니다.
2026-06-28,873,0,아이템,챌섭 블랙보조 에디 유니크다는게 나을까요??,챌섭 블랙보조 윗잠 이벤트 큐브로만 굴렷다가 윗잠 마력 30 떳습니다 그래서 메소까지 써서 에디도 유니크만 띄울까 생각하는데 어떨까요?? 이걸 고민하는이유는 챌섭에서는 큐브쓴거 등업천장이 서버옮길때 사라진다고해서요 보조 아랫잠 유니크를 띄운다고쳐도 또 2줄이나1줄 붙이려면 그 스택이 낭비될것같아서 리프시킨후에 하는게 나을까요??
2026-06-28,921,0,시세,드메템 지금 사도 되나요??,첼섭시작해서 지금 3000만정도 됩니다 투력 레테 이번에 본캐로 키우는거라 드메템을 지금 맞추는게 맞는지 모르겠습니다.. 지금 반지랑 팬던트 드메 2줄 정도는 작년 말하고 시세 비슷한 것 같은데 사는게 맞을까요?? 지금이 저점일지 고점일지 모르겠어요...
2026-06-28,682,0,기타,버닝비욘드 새로 만들기 가능한가요,직업 잘못고른거같아서 그냥 버리고 새로 하고싶은데 이전보상 못받는건 그러려니하겠는데 아이템버닝 안되나요?
2026-06-28,896,0,아이템,뉴비 챌섭 아이템 세팅 도와주세요,"안녕하세요 챌섭 하고 있는 뉴비입니다 아이템버닝 적용 시켜서 하는 중이고 각종 패스는 하나도 구매하지 않았습니다 목표는 챌린저입니다 저번에 마깃안 드랍해서 여기에 물어봤더니 팔고 여명장신구? 그거 맞추라고 하시더라구요 그래서 노작 트와일라이트 마크 사서 스타포스15성까지 직접 올리고 이벤트로 받은 유니크 잠재랑 에픽 에디셔널 잠재 부여해서 윗잠은 주스탯 15%, 아랫잠은 주스탯 6%로 맞췄습니다 직작 해보니 사서 끼는게 더 나을거 같아서 나머지 장비는 사서 맞추려고 하는데 어떤 장비를 어느 정도 가격에 사는것이 좋은지 하나도 모르겠어서요,, 현재 메소는 54억 남았습니다 효율적인 현명한 소비 하고 싶습니다 도와주세요 ㅠㅠ 아 그리고 트와일라이트마크는 메멘토각인해제되면 그냥 다시 팔고 17성으로 새로 맞추는게 나을까요? 혹시라도 참고하시면 도움 되실까봐 장비창이랑 캐릭터정보창 올려둡니다"
2026-06-28,655,0,아이템,잠재능력 어떤게 좋은건지 알려주십쇼,챌섭 아크고 방무 현재 97%입니다 방무가 너무 높은거 같은데 넘어가도 괜찬을까요?
2026-06-28,694,0,기타,블루베리 농장 마리수 얼마나됨?,옛날에 메카베리는 원격으로 하니까 1만 마리 넘어서 개 손해봤는데 블루베리도 마리수 1만 넘음?
2026-06-28,650,0,직업,뉴비 직업 데슬 이랑 캡틴,안녕하세요! 이번에 맨땅으로 챌섭 복귀하려는 늅늅입니다! 데슬하고 캡틴 두가지가 엄청 끌리는데 고르질 못하겠어요ㅠㅠ 메고수님들은 둘중에 하나를 추천하자면 어떤걸 추천하시나요?! (둘다 살짝 나사빠진?거라는건 유튜브에서 보긴했는데 그래도 끌리네요!)
2026-06-28,697,0,아이템,잠재 등업 큐브있자나요,메멘토 골큡 으로 등업잘되나요??ㅜㅜ 메소는6억있긴한데.. 보조랑 엠블 등업시키려합니다 그리고 이벤링은 이벤링 전용골큡으로 등업 올리나요??
2026-06-28,763,0,아이템,혹시 챌섭 진라벨 경험치 코디템 4부위 다 사는거 어떻게 생각하시나요?,안녕하세요 메이플 시작한지 이제 12일된 뉴비입니다 3개월동안 추가 경험치 100퍼가 좋아보여서 구매하려고 하는데 첨에 패키지로 나왔을때보다 가격이 너무 비싸서요 목표는 챌섭 끝날때까지 쭉 달려서 285찍는겁니당
2026-06-28,562,0,시세,도미 질문드립니다,"이 도미 얼마에 팔아야 팔릴까요? 별값, 잠재값, 가횟만 보면요! 힘퍼떴으면 썼을텐데... 왜 하필 럭퍼 ㅠ 그냥 돌리는 건 오바죠..?"
2026-06-28,588,0,직업,직업 선택 도와주세요,이번에 처음 시작해보려하는 뉴비이고 블래스터와 아크가 가장 멋있고 끌려서 둘중에 고민입니다. 다른건 딱히 끌리지 않습니다.
2026-06-28,846,0,기타,이게 무슨 소리인가요??,어떤 분 챌섭 6주 계획? 이런거 보고 있는데 2주차에 하드 검밑솔 + 노멀 메이린 + 하드 검마 2인 3주차에 하드 검마(솔로) 라는데 검마는 월간 보스 아닌가요??
2026-06-28,767,0,아이템,야누스 강화 질문,솔 야누스 20렙 강화권에 대해서 질문이 있습니다 챌린저 달성후 받을 수 있는 20렙 강화권에 사용기한이 있나요? 3석펫과 30누스 달성이 목표입니다 우선 자석펫을 사려고 돈을 모으고있는데 강화권에 사용기한이 있다면 지금부터 천천히 22레벨을 찍은 다음 강화권을 쓰고 기한이 없다면 우선 3석펫을 살때까지 돈을 모은다음 강화를 진행하고싶습니다
2026-06-28,667,0,아이템,메린이 드메템 질문,드메템이 지금 이벤링 한개밖에없는데 목걸이나 눈장식 깡통사서 유잠발라서 레전등업 노려서 드메템 만들어도 괜찮나요 20억정도있어요
2026-06-28,637,0,아이템,메린이 템 시세,둘다 17성이에요 팔려고 하는데
2026-06-28,871,0,몬스터,레테로 노멀 메이린 잡으려면 투력 얼마나 필요한가요?,지금 보니까 포뻥 없는거 고려한 체력이 160조 정도 되는거 같던데 다들 투력 몇 정도에 잡으셨나요?
2026-06-28,1899,0,기타,스펙터블래스트 경험치 보상 관련,"레벨이 높을수록 보상 효율이 좋아지는 건가요? 즉, 레벨 비례 보상일까요? 경험치 통에 비례한 보상이면 주마다 가장 늦게 수요일마다 하는 것이 이득일까요?"
2026-06-28,622,0,아이템,얼마정도할까요??,금액좀알수있을까요?
2026-06-28,763,0,기타,혹시 썬데이메이플 다음주에도 또하나요??,어빌리티 돌리다가 포인트 다썼는데 원하는게 안떠서 망했거든요... 담주 챌린저스 패스 보상으로 명성치 주던데 그거 아껴놨다가 이이벤트 또하면 할까 하는데 다음주 일요일에도 또하나용'??
2026-06-28,868,0,기타,헥사 떡작 574면 마저 할까요 아님 선데이 기다릴까요,"환산 사이트 보면서 헥사코어업 중인데 곧 헥사 2 떡작차례인데 아직 헥사1이 574라 선데이를 기다리고 한방에 1,2 끝낼지 아님 1은 지금 20렙 달리되, 헥사2를 메인 5렙 찍힐때까지만 작을 할까요"
2026-06-28,532,0,시세,언더컨하트 살려는데 골라주실분 계실까요?,지금 보고있는하트가 이정도인데 노관세매물중 유저분들이라면 어떤걸 사실꺼같나요? 1. 480억 2. 530억 3. 500억 4. 550억
2026-06-28,612,0,기타,메이플 친구찾기같은 글 올릴수있는곳 따로 없나요??,요번에 챌섭열려서 다시 메이플 시작해서 지인들이랑 챌4섭에서 하다가 지인분들 접거나 바빠서 계속혼자하다보니 너무 심심해서 같이할분 찾아볼려고 인벤왔는데 길드/친구찾기 글올릴려면 인벤 10레벨이여야되서 꾸준히 출석이랑 마블하는데도 오래걸려서 혹시 따로 메이플 같이 할사람 찾을수있는 사이트가있을까요?.. 계속 혼자하니 너무 심심하기도하고 모르는게 많은데 물어볼 지인도없고.. 메린이 도와주세요..ㅠㅠ
2026-06-28,623,0,아이템,뉴비 챌섭 템 구매,안녕하세요 뉴비 썬콜입니다 60억 정도 있는데 엠블 보조 유니크 유효 1줄인데 이걸로 보조 하나 사는게 좋을까요?
2026-06-28,2334,0,기타,15일 정지인데 이러면 챌린저 힘든가,"한줄로 정리하자면 다른게임 하는게 있어서 창 넘어갔다가 바꿨다가 하다가 까먹고 실수로 오토핫키 켜진채로 사냥 몇분 했는데 비정상적인 기록 감지로 15일 정지먹었음 계산해보니까 일수로는 15일이고 이번주 주간은 다행히 다 끝내놔서 주간퀘 1주정도 통으로 날리는것같은데 일단 코인샵부터 보면 울티마 4000코인 날라가고 카에에잠이랑 카유잠은 다 사지는데 15일 출석을 못해버리니까 큰건 17성 스크롤 하나랑 상급경험치 6000개, ~279 비약 하나 날라감 (확인해보고 굳이 복구해야되면 복구할듯) 솔에르다랑 조각 좀 날라가고 아버랑 제네시스 해방 1주치정도 밀릴거고 심볼 15일치 밀릴거고 애픽던전이랑 스펙터, 몬파 1주치 날아가고 패스 일주일정도 밀려서 찍히고 요정도고 276에서 정지당했는데 타격 많이 크려나 챌린저는 가능하겠지?"
2026-06-28,523,0,퀘스트,해방 질문 ㅠ,이번주에 검마솔플 및 검밑솔 솔플하고 퀘스트진행도가 데미안퀘에 975/1000인데 다음주 7.2에 해방가능한건가요?..... 총3025개가 필요한거같은데 잘 몰라서 물어봐요 !!!
2026-06-28,589,0,기타,보스전에 아바타 나오는거 끄는방법 있나요?,이 알림 못끄나요? 이게 패턴 가려서 너무 거슬려요
2026-06-28,533,0,기타,태블릿으로 넥슨링크 사용하는분들 궁금해요~,"온누리 환급해주는김에 갤탭하나살려고하는데 s10fe+ s11 이렇게 둘 고민중입니다. s10fe+가 화면이 커서 땡기는데, 성능은 좀 딸리는거같아서 고민이네요! 사용하시는 모델 사양따라서 버벅임이는거 있을까요? 휴대폰으로했을땐 그냥저냥 할만했어요."
2026-06-28,1416,0,아이템,뉴비 사고쳤는데 이럴때 어떻게해요 ? (보스 보상),"안녕하세요... 너무 오랜만에 공팟짜서 가가지고 어떻게 보상나누는지 기억이 안나서 이런 일이 생겼습니다.. 챌2섭 검마 하드 4인 공팟으로 갔고, 제가 파장이었습니다. 어찌저찌 클리어하고 보상방에서 제가 상자를 깠는데, 창뱃은 안나왔구요, 일반보상들만 드랍됐습니다. 파티원 분들은 왼쪽으로 벽에 붙어서 블링크 준비하신거같았는데, 여러가지 기억들이 섞여가지고 생각을 잘못해서 일반보상들을 다 주워먹어버렸어요... 그리고나서 파티원분들이 블링크안하시냐 물어보시고, 자기들은 괜찮다고 말하고 떠나셨는데 마음이 불편하네요. 금전적인 가치로는 어느정도 나오나요? 퀵으로라도 보내드리려구요 ... XX키링 님 XX고 님 XXTi 님 죄송합니다 ㅠㅠㅠㅠ"
2026-06-28,739,0,아이템,8만 초중반 목표 스펙업 가이드 질문드립니다,"안녕하세요 8만 초중반 목표로 스펙업중입니다 21여명 3부위(데브,가엔,에스텔라)를 22성으로 교체하려 했는데 신직업이랑 챌섭영향으로 너무비싸졌더라구요 일단은 헥사강화를 조금씩하는중인데 스펙업 우선순위(가성비)를 어떻게 가져가면 좋을까요?? 직작 해볼만한 것도 있으면 추천부탁드립니다"
2026-06-28,708,0,기타,닉네임 살까?,치킨 두번 안먹고 닉 살까 고민중
2026-06-28,772,0,아이템,(템세팅 조언) 템을 너무 중구난방으로 맞춰서 어디서부터 손봐야 할지 모르겠습니다. 도와주세요,"안녕하세요 현재 챌린저스 서버에서 280레벨 제로 육성하고 있습니다. 템을 아무생각 없이 블빈마, 골클벨 제외하고 직작을 하고 갑자기 크주 장갑이 좋다하여 에테가 좋다고 하여 에테 만들고 칠흑 만들고 싶어져서 칠흑을 만드니 템을 전체로 봤을때 현재 환산이랑도 뭔가 안맞는거 같고 어디서 부터 고쳐야 될지도 잘 모르겠습니다. 도와주세요.... 단기로 300억 정도 생각 중입니다. 그 이후는 천천히 할거 같아요 (엠블렘은 200억 무과금 해서 나오는 화에큐 박으면서 그대로 쓸거 같습니다!) 참고로 7월 2일 해방입니다 칠흑이나 에테를 팔고 다른부위를 업그레이드 해야할 지 아니면 기존 템들을 업그레이드 할지 에테를 더 살지 정말 고민됩니다..."
2026-06-28,712,0,아이템,챌 3만점 보상,블큐 받은거 어디 쓰는게 좋을까여 전 엠블에 바를려고 하는데 다른 좋은거 있으면 알려주세요
2026-06-28,677,0,아이템,보조 구매 질문있습니다,현재 저의 아이템 상황입니다 보조를 구매하려고 했는데 깡레전 16억 제가 쓰고있는 옵션보다 좋은 것들은 30억이 넘습니다 그래도 구매 가치가 있을까요? ) +페어리 하트에 카유잠 or 카레잠을 발라줄까요 아님 이번 미라클때 그냥 돈써서 유니크만 찍어놓을까요?
2026-06-28,624,0,기타,메린이 템세팅 간단 질문점,150억메소로 시작하고 추가 과금은 없음 어느정도 수준의 스펙으로 맞춰야함??.. 1. 3흙테르 5케인으로 가는게 맞음? 2. 부위별 금액대는 5억 언더수준으로 잡는게 맞음? 욕심은 없습니다 150억 수준에 맞게 템세팅해서 즐길거임 직업은 썬콜이고 내실없는 깡계정 유니온1000따리
2026-06-28,2383,0,기타,검마 배율 400퍼 나오는데,극싸튀로 깰수있음?? 윈브임 포뻥은 못받고 최소 포스는 맞춤
2026-06-28,965,0,아이템,검밑솔 돌이 정도로만 할려는데 스펙을 어느정도 잡아야하나요,작년 렌 출시때 챌섭하다 리프한 캐릭인데 검밑솔 정도로만 스펙맞추고 나중에 점차 업글해나가는 식으로 하고싶어서 세팅을 어느정도로 하는게 좋을까요 검밑솔 다도는데 1시간이여도 상관없고 돈은 적게 쓰더라도 쾌적하게까진 아니여도 적당히 깰 수 있는 스펙까진 맞추고 싶습니다
2026-06-28,614,0,아이템,작 관련해서 질문해 봅니다,현재 이걸 끼고있는데 작이 무슨작이 된지 모르겠더군요 그냥 밀고 놀긍 떡작하는게 좋을까요?
2026-06-28,619,0,기타,보스파티구하는곳 어디서 보면 되나요?,검마 파티 구해서 트라이좀 해볼까 하는데 검색해보니 '츄츄지지'란곳도 있고 하던데 혹시 제일 활성화 되어있는 곳이 어디인가요?
2026-06-28,769,0,아이템,미트라 에디 여기서 멈추는게 나을까여??,안녕하세여 화에큐 한 40개정도 써서 등업못하고 두 줄만 띄어논 상태입니다. 여기서 화에큐 더 수급해서 돌리는건 별롤까여?? 첼섭코인이랑 마스터보상으로 땡길 순 있습니다.
2026-06-28,8841,0,아이템,에디는 등업 확률이 더 낮나요??,"에디 레어에서 에픽 가는데 브론즈큐브 한 300~400개 넣었는데 하나도 등업이 안됐어요;, 이게 맞는건가요..;; 잠재랑 확률이 다른가요??"
2026-06-28,641,0,아이템,토드 관련해서 질문드립니다,매커를 데브펜에 토드를 할려하는데 장비전승을 누르니 매커네이터가 뜨질않더군요. 현재 매커네이터는 스타포스1성에 윗잠아랫잠 에픽이고 데브펜은 윗잠만 레어로 발려있는상태입니다. 무슨이유 때문인지 알수있나요?
2026-06-28,619,0,기타,뉴비기준으로 해방하면,제네패스 산 기준으로 몇주정도 걸릴까요? 지금 보스 전투력은 2060만입니다 노말 듄켈까지 잡았어요
2026-06-28,645,0,아이템,보마 블랙보조 등업 고민,카레잠 한장은 페하에 쓰려고 합니다 챌린저목표인데 지금 템 가격이 미친거같아 천천히 하려고하는데 블랙보조 레전 등업 후 블큐로 두줄 뽑아서 레2줄 에픽1줄 쓰다가 난제 사먹는거 어떤가요 ? 아님 검밑솔은 그냥 넉넉한데 더 존버할까요 ??
2026-06-28,619,0,아이템,템 스펙업을 어케 해야하지 모르겠어요,레테로 복귀해서 열심히 달리고 있는데 지급된 보스장신구를 어떤식으로 바꿔가야할지 모르겠어요 조언 부탁드립니다 ㅠㅠ 항상 여기가 막막해요
2026-06-28,621,0,아이템,형들 이거 살만할까?,지금 스카니아에서 제로 키우고있습니다 에테 쿨뚝 관세 6000원 33억 내고 살만 할까요?
2026-06-28,502,0,시세,시세 전문가님들 도와주세요,제가 쓰기에 오버스펙이라 파려하는데 얼마에 팔지 감도 안옵니다 ㅜㅜ 에디는 전승템으로 값어치가 있을까요? 시세 박사님들 도와주세요
2026-06-28,586,0,아이템,챌섭 복귀 메린이 질문 부탁드립니다..,"윗잠 천장찍을거 같아서 마깃안 깡통사서 유잠바르고 돌리다 저렇게 나와서 멈췄고, 메소 천장으로 팬던트 레전 찍고 스펙 다운한 다음 머리 뜨거워서 화에큐 박았더니 저렇게 됐습니다.. 다이아 보상 화에큐는 다썼고, 상급 챌린저스 코인 화에큐 20개는 아직 남았고, 메소는 거의 없는 상태입니다 일단 다음 주에 해방은 확정이긴 한데 냅뒀다가 한 달 뒤에 손절해야 하는지, 아니면 최소 2줄은 띄워야 하는지 미칠거 같아서 글 올려봅니다.. ㅜㅜ"
2026-06-28,770,0,아이템,미라클 챌섭 레전만 만들고 파는게 이득이겠죠?,두개 쌍레 보내놧는데
2026-06-28,668,0,기타,뉴비 이거 오리진 버그인가요???,오리진만 사용하면 보스때 소리가 너무 줄어드는데... 몰입이 너무 깨지네요 ㅠㅠ 보스 치는 거는 재밌는데 이거 왜이럴까요?? 저만 이러는 건가요 아니면 원래 이런가요??
2026-06-28,1737,0,기타,환산주스텟 솔플여유컷 질문,환산주스텟에서 솔플여유컷 220퍼 정도인데 첫 극딜(오리진 포함) 9퍼정도 깎는게 맞나요? 여유컷인데 20분 풀로 쳐야 잡을거 같던데 버프가 부족한건가요? 반빨별 이런건 무조건 들어가서 여유컷으로 뜨는건가...
2026-06-28,636,0,아이템,챌섭 뉴비 스펙업 고민좀 도와주세요!,지금 현재템인데 30억들고 있어요 피도미 버리고 직작을 할까요 아님 돈 더 모아서 미트라를 살까요?
2026-06-28,560,0,아이템,메린이 질문 있습니다!,지금 챌섭에서 한 200억정도 현질해서 템세팅 하려고 하는데 칠흑 여명이 많이 비싸졌다는 얘기가 많아서 어차피 해야하는 에테르넬 먼저 맞추는거는 별로인가요?? 에테도 지금 비싼 편인가요?
2026-06-28,633,0,기타,메린이 어빌 질문 있워요!!!,"안녕하세요 선생님들 챌섭 메린이입니다. 직 업은 아크이고 재보상 쓰는 걸로 알고 있습니다. 보스 : 재사용/보공/상추뎀, 사냥 : 메획/아드/일몹뎀 타겟한다고 했을 때 현재 어빌 프리셋 1 : 레전 재사용 20% / 에픽 공 12 / 에픽 상추뎀 5% 프리셋 2 : 레전 메획 19% / 잡옵 / 잡옵 프리셋 3 : 레전 아드 20% / 유닉 일몹뎀 8% / 잡옵 남은 명성치 43만 이미 아드가 이벤링에 하나 있고 소재비, 쓸심, 민생드랍까지 하면 메소주머니 확정드랍율은 넘치는 상태라서 메획을 가져가고 싶은데 저 상황에서 보스/사냥 뭘 우선 맞춰줘야 할지, 어느 프리셋을 갈아야 할지 모르겠어서... 프리셋1번을 보스로, 2번을 사냥으로 우선적으로 쓰고 3번을 갈아서 메획/아드을 노려야 할까요? 만약 그렇다고 하면 유닉 일몹뎀을 잠그고 계속 돌리면 될까요? 아니면 그냥 다 돌려서 유닉 아드 후 첫줄 메획을 임시로 찾고 쓰다가 나중에 천천히 맞출까요? 프리셋3 일몹뎀 고정하고 돌리다가 아드 나왔는데 명성치 빨리는 게 너무 보여서 무작정 하다가는 이도저도 안 되겠다 싶어서 질문 드립니다. 감사합니다!!"
2026-06-28,661,0,아이템,스펙업 순서 질문,안녕하세요 챌섭 복귀 유저인데요. 스펙업 순서를 알려주시면 감사하겠습니다 직업은 은월입니다. 사실 보조 먼저 살려고 돈 모으고 있었는데 생각을 해보니 마약 하나 끝나기 전에 검마를 한 번 클리어 하는게 해방 일정을 당기는 데 있어 좋은 것 같기도 해서요. 원래대로 보조를 산다 혹은 눈장 벨트를 바꾼다 혹은 여명 별을 누른다 정도를 고를 수 있다고 생각을 하고 있습니다. 무슨 순서로 하는게 맞을까요 아님 그 외 선택지가 있을까요 현재 20억 정도 있습니다
2026-06-28,2899,0,아이템,17성 주문서 사용처가 궁금해요,"40억 메소가량 들고있는데요 !! 3장의 17성을 가엔링[여명X] 여기엔 무조건 바를거구 트왈마,데브,스텔라,파풀마or블빈마 분자벨 ? 이중에 무엇을바를까요 ? 유튜브보면서 하고있는데도 어렵네요 미라클로 풀리는 템들중에 21% 유니크 3부위 구하 혼자 에디에픽까지 올릴꺼같아요 어느 장신구에 하는게 가장 좋을까 고민입니다.. !"
2026-06-28,573,0,기타,파티는 어디서 구하나요?ㅠ스카 검마 2인 팟 구해요..ㅠ,파티 모집하거나 확성기 밖에 없는거죠???
2026-06-28,807,0,아이템,미트라 에디,아침에 에디 유닠이여서 레전보내볼까 하고 바로 등업되길래 옵션 뽑는다고 한 30만원 가량쓰고 마9 마9 뽑았는데 다음 주 해방인데 제네무기에 쓰는게 낫겟져..? 어차피 더 쓰면 개 손해 일거같아서 ㅠㅠ
2026-06-28,652,0,아이템,보공이 없는데,보조 이거쓰다가 돈모이는대로 바로 레전보조로 사는게 현명할까요? 보스퍼센트는 높은데 미숙한것도있어서 타임아웃되는경우가있어서요
2026-06-28,846,0,아이템,메멘토 브론즈 에디셔널 큐브 질문,이거 왜 사용이 안되는지 아시는분 계실까요?
2026-06-28,1509,0,아이템,지금 미트라 노작 얼마인가요??,근무중이라 ㅠㅠㅠ 퇴근하고 미라클이라 궁수 엠블돌려보려는데 너무 비씨더라구요 지금은 좀 싸졌을까요?
2026-06-28,708,0,퀘스트,레테 퀘스트 문의,다른 캐릭 키우느라 일단 본섭에 레테 250작 했는데 이지 루시드까지ㅜ클리어하려면 템을 사서 맞춰여하나요…? 조언 해주실분 ㅠㅠㅠ
2026-06-28,689,0,시세,에테 상의 쌍레 18성 올올올,제가 화에큐 쓸 때 없어서 쓰고 있던 18성 에테에 계속 쓰다가 올올올이 떴는데 이런건 오버스펙이라 파려하는데 시세 가 어떻게 될까요
2026-06-28,758,0,아이템,레전잠 한장 어따써야될까요?,무기는 고정이고 하나를 어따 써야될 지 모르겟습니다 보조나 엠블렘은 유니크 공2줄씩 띄웠고 하트는 유니크24퍼가 떠버려서 쓸 곳이 마땅히 없는데 그냥 파는게 나을까요 아님 미분 거품 빠질때까지 기다렸다가 짬통으로 쓰는게 좋을까요
2026-06-28,1045,0,아이템,메메 데브펜 25억에 주웠는데 나름 잘 산거 맞죠?,ㅈㄱㄴ
2026-06-28,622,0,아이템,템 둘 중에 뭐가 좋을까요,"각각 21, 20억 인데 살만할까요 챌섭입니다"
2026-06-28,1723,0,아이템,메린이 미라클에 메소 다 박았는데 조언좀..,"블큐 40개, 화에큐 7개, 170억 메소 써서 30억메소 >> 명훈 사서 어빌작 보뎀20 상추7 마21 나머지 다 템에 던져서 가엔링 에픽레어 잡옵 > 에픽 인트15퍼 에픽 마력 21 트왈마 에픽레어 잡옵 > 레전 올15퍼 에픽 마력21 인트10 에스텔라 에픽레어 잡옵 > 유닠 인트15퍼 레전 올10퍼 데브펜 에픽레어 잡옵 > 유닠 인트12퍼 럭9퍼 유닠 인트6퍼 마력11 블랙 보조 레전 마력12퍼 에픽 잡옵 > 레전 보뎀 65퍼 유닠 마력9퍼 똥블렘 유닠레어 잡옵 > 레전 마력 21퍼 유닠 마력9퍼 인트 6퍼 페어리하트 유닠에픽 잡옵 > 유닠 인트12퍼 유닠 인트 13퍼 썬콜인데 뉴비 가지고 있던 전재산 다 박아서 했는데 잘쓴거임...? 뭔가 삘타가지고 계속 눌렀는데 전재산 다 탕진하니까 이게 맞나 싶어서 그럼.. 이것들 가지고 챌까지 가는데 괜찮을꺼 같음?? 아님 새로 사는게 나을만한게 있음??"
2026-06-28,2600,0,기타,심볼 현상금 주화 상점으로 땡기는건 별론가요?,현상금 주화 상점에서 심볼 선택권 29개 살수있는데 경치 4배 쿠폰 다 샀고 이외에 혹시 사야하는 중요한 템 있을까요?? 남은 걸로 다 사면 심볼 6종 17>18 가능한데 좀 그렇겠죠...? ? 검마 트라이 가고 싶은데 심볼 업글 해야하는 거 같아서 고민됩니다
2026-06-28,717,0,기타,본메 챌섭 하는데 궁금헌것좀..,매린이 난생 처음 본메 첼섭 하는데 중간에 겹사 박는 사람이 많더러구요. 본메는 겹사 박아도 괜찮나요??
2026-06-28,510,0,기타,메린이 질문이여,이번주 모은 메소 미라클 이벤트에 주스텟 6% 올리려고 돈쓰는것보다 어센틱 심볼 사서 주스텟 올리는게 더 싸게 먹히는데 이벤트에 흔들리지말고 심볼사는게 맞겠죠..?
2026-06-28,681,0,시세,노작 아케인 해적 쌍크뎀 장갑 시세 얼마정도 할까요,팔려고 봐도 매물도 없고 시세탭에도 마땅하게 맞는게 없네요 얼마 정도면 적당할까요 진짜 그냥 추옵 140급 정도에 쌍크뎀만 달려있습니다
2026-06-28,971,0,기타,몬파 핸즈가 안 되는데,챌섭 캐릭 몬파핸즈 돌리려는데 캐릭터정보를 어쩌구 이게 접속종료한지 한시간이 넘었는데도 계속 뜨고있는데 이거 해결법 있나요 ㅜㅜ
2026-06-28,1007,0,아이템,지금 미라클이던데 보조 레전노려봐도 괜찮나요,엠블은 이미 미트라 레전해놔서 19억정도 있는걸로 보조 유닠 > 레전 돌려볼려는데 괜찮나요 나머지 여명이나 에디 에픽작은 다 했어요
2026-06-28,1088,0,아이템,해방하면 무기 렙제 몇인가요??,이제 퀘스트 받고 하고있는데 나중에 해방하면 17성 주문서 발라지나요?? 쓸 곳들을 정해야 해서..
2026-06-28,860,0,아이템,뉴비 미라클 하다가 운좋게 과분한 옵션이 떳는데요,한 30억 한 40억정도 사용 해서 만든거같은데 팔고 제 수준에 맞는 보조를 살까여 아니면 꾸준히 화에큐 돌리면서 제가 쓸까요...? 지금 약간 깃펜 거품잇는거같아서 마15 블랙보조로 살면서 이거 팔고 메소 버는것도 나아보이는뎅
2026-06-28,2433,0,기타,어빌리티 재설정 질문 드립니다,"안녕하세요 제 검색 능력 부족으로 어빌리티 세팅 관련 원하는 답변을 찾을 수 없어 선생님들께 문의드립니다 어빌리티 설정 중 첫째 줄을 레전으로 올린 후 둘째 줄 유효가 떠서 잠갔고 셋째 줄을 유니크 유효로 뽑는 중 이였는데요 첫째 줄에서 레전 유효가 떠버렸습니다 이럴 경우 둘째줄을 잠그고 첫째줄이 유효지만 첫째, 셋째 같이 새로 돌려서 세번째를 유니크 유효로 뽑고 난뒤에 첫째줄 유효를 뽑아야 하는지 첫째, 둘째줄 잠근후 셋째줄 유니크 유효를 찾아야 할지 확실하게 몰라서 문의 드립니다. 아래는 참조한 표입니다. 구분 에픽 등급 유니크 등급 레전드리 등급 첫 번째 옵션 에픽 100.00% 유니크 100.00% 레전드리 100.00% 두 번째 옵션 및 세 번째 옵션 레어 100.00% 에픽 30.00% 유니크 15.00% 레어 70.00% 에픽 85.00%"
2026-06-28,1638,0,아이템,블랙보조에 골드 큐브 20개 정도 써도 될까요?,이번 미라클 타임으로 운좋게 레전을 가서 유효 두 줄만 띄워서 쓸려고 하는데 골드 큐브 20개 정도 투자해도 될까요? 그리고 남은 30개랑 앞으로 얻을 수 있는 큐브들은 나중에 해방무기에 쓸려고 합니다
2026-06-28,635,0,아이템,루포실 잠재 전승,교불 루포실 윗잠 공33퍼가 떴는데 교가에 잠재 전승해서 판매할 수 있나요?
2026-06-28,649,0,아이템,미라클 엠블 관련 질문,현재 엠블 이 상태인데 미트라사서 미라클로 레전 올려두고 메멘토 먹이는게 괜찮은 선택일까요?? 아니면 계속 써먹다가 추후에 사먹는게 좋을까요
2026-06-28,567,0,아이템,메린이 제논 트왈마 질문,이거 멈추고 계속 쓰면 되겠죠?
2026-06-27,777,0,아이템,"챌섭에서 유잠 바른 아이템들, 옵션은 어떻게 맞추나요?","블랙보조랑 엠블렘에 유잠 발라뒀는데, 옵션을 뭐로 뽑아야할지는 머르겠어서요. 깡메소 말고, 챌섭 커인 써서 큐브로 돌리는게 좋나요?"
2026-06-27,609,0,직업,안녕하세요 어웨이크 이후 거의 6년만에 복귀하는 메린이입니다,"이번에 복귀해서 챌섭에서 버닝 지정하고 276까지 듀블 열심히 키우고 있었는데, 갑자기 직업 현타가 너무 씨게 와서... 어차피 캐릭 삭제해봤자 보상을 하나도 못받으니 의미는 없고, 카인 키우고 싶은데 테라 버닝 지정해서 듀블로 모으는 재화 카인에 투자하면서 본캐로 키워도 상관 없을까요... 메잘알 형님들 부탁좀 드리겠습니다"
2026-06-27,2005,0,기타,플라즈마 하트 진지하게 고민중입니다 ㅠㅠ,"본섭 본캐 / 렌(287) / 전투력 1억 / 환산 5만 / 헥사 44000 챌섭 부캐 / 레테(280) / 전투력 4600만 / 환산 38000 / 헥사 29000 챌섭에 다이아까지 찍었는데 고민인게 플라즈마하트를 누구한테 써야할지 고민중입니다..ㅠ 본캐는 지금 노말세렌,검마까지 잡았구요. 똥손이라 이칼은 20분 패치전에 하다가 포기했었는데.. 이번에 패치되고 나서 검마도 처음꺠보고 쉬워졌길래 이칼이랑,대적자 천천히 해볼생각입니다 본캐가 페어리하트여서 얘한테 주고 보스들은 더 쉽게 잡을지.. 아니면 레테도 본캐급으로 육성 생각중이여서 레테한테 줘서 챌섭 보스들을 더 쉽게 잡을지 생각중입니다.. 챌섭 목표는 야누스 20레벨 강화권 때메 9만점 하고싶은데.. 무리일거 같구요. 마스터까지 찍고 생각좀 해봐야할거 같습니다 본캐 렌 vs 챌섭 레테 누구한테 줄지 의견좀 부탁드립니다..! 그리고 플라즈마 하트 업글시키면 혹시 환산 차이 많이 날까요!?"
2026-06-27,801,0,아이템,150급 파풀마,복귀뉴비라 모르는디 혹시 가격대 아시는분?
2026-06-27,739,0,아이템,미라클때 칠흑있는거 유니크보내는거 괜찮나요,복귀뉴비인데 챌섭시작할때 노작 쌩칠흑 거공루컨마마깃안커포링고근몽벨미트라를 구매했는데요 미트라는 레레 완성해놓앗고 220억정도 남앗는데 일단 미트라 제외 6부위 에잠발라놧거든요 미라클때 유니크보내고 실버큐브 돌려서 쓰는거 어떻게보십니까? 에디에잠도 발라놓긴햇는데 에디에픽 보내서 에디큐브 쓰는거 괜찮다 보십니까? 급발진이 고질병이라 일단 블랙보조 레레보내고 옵션뽑지도못하고 돈좀 많이 날리긴햇는데 칠흑 유니크보내는거 손해인지 어떨지 의견구합니다
2026-06-27,823,0,기타,자석펫 4마리 이상쓰면 화면에 다 보이나요?,자석펫 6마리 쓰면 화면에 6마리 다 보이는건가요?
2026-06-27,557,0,기타,안녕하세용,"6년만에? 다시 할려고하는데, 챌린저스 서버에서 하루 1~2시간정도씩 플레이한다고하고 무자본이면 본섭왔을때 보스 어디까지 가능할까요?"
2026-06-27,2832,0,시세,뉴비 템 호구당한건가요ㅠㅠ퓨,챌섭에서 이거 관세포함 88억주고 샀는데 친구가 호구라더라구요ㅠㅠ 진짜 덤탱이 씌인건가요...하...ㅠ 메수라이브도 안들어가서 기댓값도 모르고 샀는데 ㅠ
2026-06-27,701,0,기타,명장 달고 일정시간이상 제작 안하면 떨어진다던데 맞나요?,뉴비라서 잘 몰라서요
2026-06-27,538,0,기타,혹시 인벤에 템 판매글 작성해도 되나요?,제목 그대로 아이템 경매장 판매글 작성해도 되나요? 공지를 어디서 보는지 몰라서 질문 게시판에 먼저 물어봅니다.
2026-06-27,885,0,기타,검마 인원수에따라 어둠의 흔적량 차이나나요?,솔플딜은 충분한데 초보에 직업이 카데나라 못하겠음솔플... 걍 2~3인가서 찢어버리고 해방하고 솔플하고싶은데 인원수에 따라 흔적량차이남?
2026-06-27,641,0,기타,뎀스 슬롯 어디서안파나요,저의 쑥쑥 새싹 뎀스가 소비창에서 뒤질라카는데 데일리기프트말고 진짜없나
2026-06-27,1045,0,직업,메이플 뉴비 챌린저스 서버 레테 꼭 해야할까용?! ㅠㅠ,아주 옛날에 했던 사람입니당 ㅠㅠ 요즘에 메이플 영상이많이떠서 다시 챌린저스로 시작해서 복귀하고 싶은데 레테 캐릭터가 요즘에 새로 나와서 레테를 꼭해야하는지?...(예를 들어 이벤템이나 이벤트로 인해서..) 아니면 제가 하고 싶은 직업으로 해서 챌린저스를 하다가 다른서버로 가도 충분한지 여쭤보고싶어서요!
2026-06-27,832,0,아이템,블랙보조 템 세팅 질문드립니다,블랙보조 사용중인데요 환산 목표 10만으로 데티 해방이 목표인데 요거 아스트라로 바꾸는거 괜찮은가요?? 아님 해방하려면 좀더 좋은걸로 보조 바꿔서 아스트라로 올려야할까요? 템셋 고수님들 답변 부탁드립니다ㅠㅠ
2026-06-27,623,0,기타,닉네임 옥션 질문입니다!,스카니아에서 닉을 올리고 동일 계정의 챌섭 캐릭으로 접속해서 챌섭에서 구매 후 다시 스카니아 서버에 캐릭 중 하나 선택해서 구매한 닉네임으로 교환 가능한가요?
2026-06-27,1048,0,아이템,뉴비 100억 어디에 쓰는게 현명할까요?,"직업은 레테입니다. 4여명 (18성 딸깍, 유에 두줄) 17성 골클벨 블랙보조 (어쩌다 뜬 보방마, 에디 에픽한줄) 똥블렘 (유에 한줄 + 잡옵) -> 바꾸고 싶음 하트 (노작인데 레잠 바르고 골큡으로 대충 띄울 예정) 헥환 2.7에 투력 3400만정도 되는데 컨이 고자라 검밑솔 수월할 때 까지는 스펙업 하고 싶습니다. 100억정도 있어서 애완미트라 걍 노작 사서 돌릴지 모르겠네요.. 20성 블빈마(아님 마깃안 흙칠흙 직작)를 사고 조각 사먹는게 정배같긴 한데 똥블렘이 참 불쾌해서 그런가 자꾸 미트라에 눈길이 가네요 무슨 스펙업을 해야 좋을까요??"
2026-06-27,7955,0,아이템,카레잠 사용처좀 추천해주세요.,안녕하세요 선배님들. 이전에 질문글 남기고 현재 챌린저스4에서 렌을 키우고있습니다. 현재 이상태인데 카레잠하나 어디다 사용하는게 좋을까요? 제네패스는 구매해서 제네무기 생기면 다른 카레잠하나는 제네무기에 줄생각입니다. 꼭 답변부탁드립니다!!
2026-06-27,619,0,아이템,누비 두개만질문좀,1. 전투복이랑 스라벨이랑 능력치 뭐가더좋음? 2. 프리셋하면 스라벨 능력치용 / 능력치받으면서 따로 코디가능함??
2026-06-27,767,0,아이템,이번 챌섭은 레잠 딱 2개 주는건가여?,하나는 무조건 해방무기에 바르고 나머지 하나는 블랙보조나 엠블렘에 바르면 되나여? 또 다른 이벤트로 레잠 뿌리는지도 궁금해요
2026-06-27,1719,0,기타,15일 이용 제한을 받았는데 사유가....,"오랜만에 복귀 유저입니다.. 메이플 접속하고 레테 만들고 스토리 보면서 하다가 오늘 6시 접속해서 2시간 사냥해서 레벨업 하고 잠시 crtl에 동전 꼽고 커피타고 (1분 걸렸나?) 오니까 이용제한걸려있는데.... 1대1 문의하니까 비정상적인 기록 탐지, 자세히 물어보니까 반복적인 키 입력이라는데... Ctrl에 동전꼽는거 인제 안되는건가요??"
2026-06-27,957,0,몬스터,대적자 최소컷 질문,105%래서 해보고 있는데요.. 게이지는 거진 풀인 상태였는데 딜이 너무 남는 느낌이라 질문 드립니다 첫 극딜 할 때 첫 검의 소나기 패링하고 10%받고 극딜하고 1페 -> 2페 넘어갈때 피 애매하게 남아서 준극으로 넘어간다음 2페에서 극딜 돌자마자 풀게이지 상태에서 오리진극으로 하는데요 바꿔야 할 부분 같은게 있을까요
2026-06-27,719,0,퀘스트,다들 챌린저스 패스 미션 완료된 걸로 떠요?,이번주에 아직 에픽던전도 안 돌았고 주간보스도 하나도 안 돌았는데 전부 다 완료라고 떠있네;; 목요일 초기화니 오늘 3일째인데 일일접속 5회도 완료라고 떠 있음. 다들 이럽니까?
2026-06-27,633,0,아이템,메린이 템 어떻게 바꿔야될까요,연습모드로 머리박으면서 세렌 밑으로는 잡아놨는데 제가 못하는건지 세렌이 너무 쌔서 안잡혀요 어떤 장비를를 바꿔줘야될까요? 어느장비부터 바꿔야되는 순위도 알려주시면 감사하겠습니다!
2026-06-27,930,0,직업,헥사 선데이 기다리는게 맞겠죠?,"헥사1단계 이렇게 나왔는데 썬데이 존버인가요? 환산따라가려면 2단계 떡작까지 해야되는데 ,...."
2026-06-27,881,0,퀘스트,해방 어둠의 흔적 질문,"이번주에 노말 더스크 잡고 나중에 연모로 카오스 더스크 잡으면, 나중에 잡은 카오스 더스크 어둠의 흔적은 안들어옴?"
2026-06-27,596,0,기타,도원경 사냥터 질문,참혹한 흔적의 겨울2가 더 효율이 좋나요 아니면 빛이 약한 여름4가 더 좋나요??
2026-06-27,924,0,아이템,흙테르넬 vs 아버 장비,흙테르넬 12성 정도만 띄워서 8셋 착용해보려고 하는데요 포도둘둘로 아버셋보다 세질 수 있을까요?
2026-06-27,845,0,아이템,챌섭 챌린저 찍고싶어우..,챌린저 찍고 유챔세렌까지 달리고 싶은데 자세하게 좀 트라이할만한 스펙을 모르겠어용 ㅜㅜ 제네는 깔끔한 5줄 띄운다 치고 보조는 미라클 이후에 사먹을건데 혹시 조언해주실 분 있나요..?
2026-06-27,711,0,직업,와헌 준극딜?,극딜만쓰고 준극딜처럼 인팬트리쿨 안돌리면 딜로스 많이나나요?
2026-06-27,785,0,아이템,챌섭 미라클타임 등업 질문,"지금 블랙보조랑 엠블에 하기엔 조금 아깝고 에스텔라 이어링이랑 파풀마 깡통을 사서 유니크, 에디에픽으로 등업 해볼려고 하는데 괜찮나요? 올릴 메소는 충분해요"
2026-06-27,700,0,기타,MVP 유지 기간이 궁금합니다 !,제가 오눌 60만원을 캐시사용해서 골드가 되었는데 이 등급을 유지하려면 다음주부터 매주 60만원÷13주 금액을 사용해야하는건지 아니면 13주동안은 골드가 유지되는건지 궁금합니다 ^^
2026-06-27,683,0,몬스터,진힐라를 못잡겟어여,챌섭 투력 2200만 찍은 팬텀인데 노말진힐라 패턴은 다 피할수있는데 딜이 안나옴이거 20분치면 중간에 세이람 끝나서 딜 애매하게 안됨 너무 힘든데 방법 잇을까요 가엔이라도 만들어야하나
2026-06-27,761,0,아이템,메린이라서 이거 얼마에 팔아야하는지 모르겠어요 도와주세요 ㅠㅠ,이거 예전에 사논건데 얼마인지 모르겠어요 ㅠㅠ 도와주세요
2026-06-27,793,0,몬스터,원래 보스 배율보다 훨씬 느리게 잡아지는게 정상임??,"메린이 인데 보스 배율에 비해서 잡는시간이 너무 차이남;; 카더랑 하윌 잡았는데 카더는 배율이 한 200퍼 됐는데 4~5분 남기고 잡았고 하윌은 209퍼 정도였는데 이것도 4~5분 남기고 잡았음 근디 패턴 숙지 잘 안됐고 딜 넣는거 잘 모른다도 있다고 생각하는디 하윌은 차피 체력컷 있어서 오래 걸려도 이해하는데 카더는 분명히 눈열리기 전에도 평딜 계속 때리고 눈 열릴때마다 극딜, 준극딜 계속 박았는데도 이렇게 까지 차이나는거면 내가 이상하게 하고 있는거임?? 이번주 목표가 검밑솔에 노멀 메이린, 빡세게 해서 가능하면 검마 1~2인이 목표인데 다른 사람들보면 한 100~120퍼 정도면 20분 다 채워서 깰만 하다는데 나는 그럴 엄두가 안남;;;"
2026-06-27,1969,0,아이템,블빈마 어케 하나요?,1. 17성 스타포스 바른 이후에 잠재는 어떻게 해여하나요?? (미라클 썬데이라서 등급 올라가는거 2배던데 이거 노리나요?) 2. 추옵의 경우 검환불 써야하나요?? 제네무기에 써야해서 원기옥 모아야하는거 아닌가? 싶어서 여쭤봅니다 3. 얘도 주문서 작을 해야하나요?? 만약 해야한다면 30퍼로 지르고 평균 몇 이상이면 쓰면 되나요? 4. 에디잠재가 아랫잠인거 같은데 요거는 어케해야하나유
2026-06-27,850,0,시세,25성 가엔링 얼마에 팔아야 하나요?,"작년 렌으로 유입해서 눈 돌아서 스타포스로 난리치다가 망해서 리프하고 접었다가, 2개월 전에 복귀하고 또 눈 돌아서 다시 스타포스 계속 누른 결과 25성 가엔링 성공했습니다. 챌섭 레테 엠블, 보조 만들어주고 싶어서 반지 팔려고 하는데, 일단 경매장에 인트이탈 1235억짜리 있어서 거기서 윗잠 경매장 걸려있는 인트이탈가격 60억 + 전승가격 40억, 1235억-100억 메소= 1135억메소에 올려놨는데, 이렇게 측청하면 되는거 맞을까요?;"
2026-06-27,889,0,아이템,200억으로 스펙업 vs 드메 맞추기 뭐가 좋을까요?,현재 보스컷은 이렇게 나옵니다..... 한부위 정도 맞춰서 세렌 검마를 200%정도로 끌어올리고 나머지 드메 맞출까요.....??
2026-06-27,681,0,시세,"""마븝사"" 닉 얼마 정도 할까 ?",판매중인데 얼마나 하려나
2026-06-27,941,0,기타,챌섭 챌린저 달려면 헥사강화 어느정도 되야함?,템은 아버에 여명갈거 같은데 대충 어느정도 헥사강화 해야하지
2026-06-27,2907,0,아이템,챌섭 미트라 안사고 엠블럼 직작하는 뉴비,마일리지 큐브랑 코인샵 큐브 써서 이상태가 되었는데 이러면 미트라 안사고 2차해방까지 엠블럼 이거로 가는게 맞겠죠?? 그럼 2차해방하고서 칠흑세트 볼 때는 결국 갈아타는건가여... 이거 언제까지 가나요 또 옵션 언제 어떻게 바꿔줘야 되나요... 윗잠은 건드릴 필요 없는건가요? 에디만 돌려주면 되나요... 요약 1. 미트라 안사고 교불엠블 쓰는게 맞나 2. 언젠간 미트라로 갈아타야 되나? 언제인가? 3. 옵션 뭐뭐 바꿔줘야되나
2026-06-27,800,0,기타,Mvp레드,현재 엠비피 골드 등급유지 13만원인데 레드까지 갈라면 얼마를 질러야 되나용?
2026-06-27,604,0,아이템,아이템버닝 질문이요..,템창 정리하다가 실수로 아이템버닝 무기를 버린 것 같은데 복구할 수 있는 방법이 있을까요…??
2026-06-27,2116,0,기타,mvp 등급별 무슨 혜택이 있는거에요?,MVP 브론즈 MVP 실버 MVP 골드 MVP 레드 MVP 블랙? 5등급이에요? 무슨 혜택 있는지..어디서 봄..
2026-06-27,1007,0,아이템,엠블럼 옵션 순위,안녕하세요 메린이 엠블렘 좋은걸로 맞춰주고싶은데 예산은 150~200사이정도입니다. 매물을 찾고잇는데 어느게 좋은옵션인지가 궁금합니다. 직업은 렌이고 일단 젤좋은건 공공공인데 이건 엄청 비싼걸알고잇어 패스 그다음이 문제인데 공공뎀 공공방 공공스텟 이렇게 3개가 있더라고요 근데 투력증가는 공공 스텟이 좀 많이 오르는거같은데 공공방이 2순위 옵션이라고 하더라구요 근데 제 예산상에서 방어력이 이탈 공격력은 9퍼인매물이 주로 있고 공공힘이나 공공뎀같은 매물에는 공격력 이탈이 2개는 있는 매물들이 있어보이더라구요 공격력 3퍼만해도 엄청 차이나는거같던데 제예산상에서는 멀 맞춰주는게 좋을까요
2026-06-27,1145,0,기타,하버 없이 250비약으로 부캐키우는거 어떤가요?,하버가 하나뿐이라.. 이미 키네 280까지 챌섭에서 키워놨습니다만 이것저것 키워보고싶은게 많아서요. 이번 챌섭 보상중에 250비약있길래 본섭에 먹이고 일퀘 몬파 딸깍으로 260만들생각인데 비욘드 없이 키울만 할까요? 좀 힘들것 같긴한데.. 추가적으로 하버부를 주진 않겠죠?
2026-06-27,1514,0,아이템,뉴비 마깃안 먹었는데 팔면 되나요?,"방금 하드 데미안 깼더니 마깃안 떳어요 이거 직작해서 끼는게 낫나요 아니면 옥션에 파는게 낫나요?? 현재 아이템버닝 적용 시킨 무과금 유저고 11억 메소 들고 있습니다(챌린저스패스x,제네시스패스x)"
2026-06-27,1200,0,몬스터,혹시 검마 20분 되면서 바뀐거 있나요?!,검마 처음으로 도전하려고 유튜브 보고 공부하려하는데 20분화 되면서 패턴 바뀐게 있나요?? 아니면 옛날 공략 영상 그대로일까요?
2026-06-27,1353,0,기타,블랙보조 쭉 써도될까요?,메이린 잡고 카레잠으로 하트 보조 고민중에 하트는 해봤자 큰 스펙업이 별로 없을것같아 보조2줄이라도 띄우고 보스 잡으려했는데 저렇게 3줄이떴습니다 저기에 에디 유니크나 레전까지 올리고 쭉 써도될까요?
2026-06-27,714,0,아이템,보통 해방후에 세팅어떻게되나요??,"진힐라하드솔플까지는 되고있고, 해방하면 8000만정도 전투력이 될거같은데 이후에는 어떻게 템세팅 어떻게할까요 챌섭기준에 해방이후는 템세팅가이드가없어서 궁금합니다 본섭은 3에스텔라에 5아케인으로 가시던데,."
2026-06-27,792,0,퀘스트,제네시스 해방 퀘스트 관련 질문입니다 [메린이],"혹시 이번주 주간처치 보스를 12마리 제한을 채워서 매그너스를 제네시스 모드로 못잡으면 망한건가요? 제가 실수를 했습니다 이미 카오스 자쿰과, 파풀라투스, 벨룸을 잡아버려서 매그너스를 잡으려면 카엔슬이나 노말메이린을 포기해야 할것 같습니다"
2026-06-27,795,0,아이템,이벤트링 선택권 하나 더 있는데 뭐 받아야하나요??,"첼섭 직업은 렌이고 지금 어웨이크, 이터널링, 테네링 있는데 이벤링 쿠폰을 하나 더 줘서요 뭘 받아야하나요?? 딥다크 받으면 되나요?"
2026-06-27,5845,0,기타,제네 해방 어둠의 흔적 연습모드,패치해서 연습모드로 어둠의 흔적 얻을 수 있다는데 맞나요?
2026-06-27,782,0,아이템,자석펫(6석) 질문,"본캐가 렌이고 자석펫은 버섯 3석 (펫장비 공격력) 으로 맞췄는데, 예를들어 8기 세트 세 마리를 4,5,6석 으로 추가로 맞춘다 라고 가정했을 때 이때 8기 세 마리의 펫장비를 '마력' 으로 맞춰도 될까요? 혹시 나중에 법사 캐릭 키울때를 대비해서 4,5,6석에 들어가는 펫장비는 마력으로 맞춰놓을까 해서요. 4,5,6석의 펫장비 효과는 적용X 단, 루나 쁘띠 스킬(공/마 +15,+15,+30)은 적용O 이게 맞는지 궁금합니다!"
2026-06-27,806,0,기타,ㅈ됐슴다,하버 아버 명의당 1개인줄 모르고 안쓰던 계정에 줬는데 이 계정 탈퇴하면 다시 하버 아버 주나요?
2026-06-27,1077,0,기타,제네시스 패스 어둠의 흔적 질문,안녕하세요 챌섭 에서 제네시스 패스 매그너스 까지 잡았는데 어둠의 흔적이 부족해서 다음단계로 못 넘어가고 있습니다 주보 잡을수있는거 다 잡았는데 이러면 검마 버스 받아야 할까요?? 검마 버스는 어디서 구하나요?
2026-06-27,608,0,기타,닉네임 판단커피 이런건 안팔리겠지??,예전에 닉네임 뭐하지 하다가 먹던 커피 이름이라 했는데 ㅋㅋㅋ
2026-06-27,722,0,기타,테라 200찍는데 얼마나 걸려요? 첼섭기준,테라 200찍는데 얼마나 걸려요? 첼섭기준으로 궁금합니다 테라버닝은 예전처럼 사냥해서 올리나요?
2026-06-27,648,0,몬스터,테토 빌드 흉성 맵옮기는 타이밍을 모르게쏘요,"1. 흉성들어가자마자 극딜하고 첫구슬터트리고 바로 맵 넘어가야하나요, 아니면 노랑게이지 다떨어트린다음 폐허로 넘어갈까요 2.폐허에서 최종댐 받으려고 노랑게이지 끝까지 채우고 다음구슬턴에 환영으로 도망가야하나요?, 아니면 75퍼정도 차면 왼쪽제단풀고 환영으로 도망가야하나요? 3.폐허에서 최종댐 받고 극딜하려면 넘어가는 타이밍을 언제 잡아야할가요"
2026-06-27,1114,0,아이템,"보마 블랙보조 블큐, 메멘토 골큐",제네패스 플러스 구매할 예정인데요 대적자 큐브로 제네무기 3줄 만들고 이번 미라클때 블랙보조 레전 등업해서 블큐랑 메멘토 골큐 던지는 거 괜찮을까요? 보마입니다
2026-06-27,855,0,기타,메이린 망토 프리즘,메이린 망토에 컬러링프리즘 하고싶은데 라벨아이템이 아니라면서 안되는데 어떻게 하는걸까요?
2026-06-27,629,0,직업,사냥링크 아란말고 다른거 뭐 없을까?,구슬 먹지도 않는거... 구글링하면 전부다 아란이 들어가있는데 내가 찾은게 과거버전인지.. 요즘 트렌드에 맞게 정리된 글이 없는건지 아란이 맞는건지 뭐 없을까?
2026-06-27,1111,0,아이템,놀긍 60퍼 작 해도 되나요?,전투력 4000만 되는 마법사 뉴비입니다. 경매장 보면 놀긍 100퍼는 1억 넘는데 60퍼는 5만 메소 정도밖에 안 하더라고요. 이유가 있나요? 주흔 15퍼 작 하려다가 놀긍 1작에 나머지 주흔 15퍼작 해보려고 합니다. 놀긍 100퍼 작 할 돈은 없어서 60퍼로 이노 바르면서 해보려고 하는데 가능한지 여쭤봅니다.
2026-06-27,973,0,아이템,메린이 레전 잠재 ㅊㅊ좀,페어리 하트에 유잠 발랐고 3만점 채워서 레전 잠재 받았는데 어따 쓰는게 좋음 지금 블랙보조 노잠재 카벨룸때 준 엠블렘 사용중이고 보조나 미트라 살 생각은 있긴한데 지금 당장 어따 쓰는게 좋을꺼 같음??
2026-06-27,1426,0,기타,챌섭 코인샵 솔 에르다,이번에 강화를 너무 하고 싶은 나머지 챌섭 코인샵에 있는 솔 에르다 5개를 모두 구매를 했는데 손해야? 아니면 어차피 나중에 사야 할 것 중에 하나야? 안 그래도 이번 챌섭 때 호영을 키운 것도 좀 서러운데 이것 마저 잘못된 거면 메이플 접고 다음 챌섭을 기다릴 것 같음...
2026-06-27,723,0,시세,메소 에디 레전 시세는 얼마쯤 할까요?,메소 에디 레전 시세는 얼마쯤 할까요?
2026-06-27,846,1,기타,바인드 씹힘 질문,챌섭에서 제논 육성중인데 보스 할때마다 에르다 노바가 씹힘니다 ㅠ 일반 극딜 때 패턴이랑 안겹치는거 같은데도 쓰면 계속 헤카테 바인드만 써지고 노바는 써지는데 적용이 안 되네요 혹시 왜 그런지 아시는 분 있나요
2026-06-27,860,0,시세,마라벨 가격 어디까지 떨어질꺼같음?,"전에 신발 망토에 헤어까지 뽑아서 나머지 무기, 옷, 모자만 사면 되는데 가격 자꾸 떨어져서 그러는데 보통 어디까지 떨어짐? 지금 각각 11억,13억,13억임"
2026-06-27,666,0,기타,검은화면 증상 해결법 아시는분 계신가요,해상도 변경시 검은 화면은 아니고요 그냥 가만히 있는데 시도때도 없이 검은화면이 뜹니다 아예 화면 전체가 검은화면으로 바껴서 조작도 안되구요 결국 본체 강종하고 다시 켜야합니다 소리는 들리고 모니터도 켜져는 있는데 화면이 검은색으로 바뀌네요 그래픽카드 드라이버도 지웠다가 최신 버전으로도 다운로드해보고 지웠다가 안정적이라는 구버전으로도 해보고 다시 지웠다가 최신버전 그래픽 드라이버로 바꿨는데도 그대로네요 메이플만 이러는데 미치겠네요
2026-06-27,751,0,기타,저 뉴빈데 환산주스탯 이랑 하이퍼스탯 양이 달라요,환산주스탯에서 찍으라는거 찍는데 포인트가 부족해서 왜 부족한지 알고싶습니다.
2026-06-27,898,0,기타,헥사 떡작 질문이요!,님들 이거 헥사 메인코어 20퍼증가 이벤트 할때까지 기다리는게 좋나요?
2026-06-27,2839,0,시세,리사 <<닉네임을 이번에 올려볼까하는데,얼마정도가 적당할까요?
2026-06-27,992,0,아이템,제가 어비스를 사려고 돈모으는 중인데요,"얼마 전 풀었던 무료 영구자석펫을 이번에 아예 판매하길래 마음이 흔들리네요... 참고로 어비스는 절대 포기할 생각 없습니다. 수중에 가진 돈은 55억뿐이며 현질할 형편이 단 1도 안되고 게임아이템 현거래 능력도 전혀 없어요. 무슨 말을 하는지 모르는 분들을 위해 적자면, 계속 모아서 펫 먼저 사고 어비스 구매를 두번째로 미룰지 펫은 그냥 포기하고 어비스만 사고 끝낼지 고민인것... 참고로 메생 처음으로 영구자석펫을 써봤던 경험담입니다 어차피 형편이 안되어 기존펫으로 돌아갔었네요"
2026-06-27,1155,1,기타,메린이 600억 메소 정도 스타드 할려는데 질문있어요!,"카데나 진행중인데 보스시간이 너무 오래걸리고 리트가 많아서 뼈대정도만 맞춰주고 싶어서요!! 600억정도 생각하고 있고 자본은 제네시스, 챌린저스 패스는 다해놓은 상태입니다! 자석펫 없고 따로 구매한건 1개도 없어요 ㅠ 제 생각은 보조무기 보보공/공잡옵잡옵 / 미트라 공공럭 / 공공럭 / 심장 럭x3 /럭올스텟 기타 이정도 경매장에 알아보니까 600억정도 되더라구요 다사면 그게 좋을지 아니면 반지나 귀걸이 등 악세를 맞추는게 더 효율이 좋을지 궁금합니다!"
2026-06-27,697,0,시세,추옵이 나왔는데 잠재값 이상 받을 수 있는 추옵인가요?,아니면 돌리려고 선생님들께 질문 드립니다
2026-06-27,927,0,아이템,뉴비 페어리하트작 질문있습니다,레테키우면 마력 30퍼로 10번 붙이면 되나요?
2026-06-27,1536,0,아이템,이번 미라클때 미트라 등업 어캐생각하시나요,레에 미트라 윗잠 21퍼 아랫잠 15퍼인데 아랫잠 레전간다고 쳐도 21퍼를 뽑을수있을지없을지 모르겠는데 공짜 화에큐를 미트라에 박을지 그냥 하트나 등업시켜줄지 고민이네요.. 하트는 유니크 레어입니다 따로 메소를 크게 투자할생각은 없어요
2026-06-27,666,0,기타,환산 사이트 궁금한점 있습니다,정말 오랫동안 안하다 메이플 와서 환산 사이트에서 이렇게 투명한게 뭔지를 모르겠네요 추가로 헥사3 안뚫었는데 헥사3 언제 뚫으라는 표시가 없어서 헷갈리네요 도움 부탁 드립니다
2026-06-27,1021,0,아이템,메이플 부캐는 275 의자 못얻나요?,옛날에 하다 이번에 복귀한 사람인데 본캐에 275 의자를 얻었는데 부캐는 못얻나요? 전구퀘스트에 의자 얻는 퀘스트가 없네요 ㅠㅠ
2026-06-27,911,0,기타,뉴비 익스트림 성장의 비약 질문,"안녕하세요, 챌섭에서 처음 메이플 시작하는 뉴비입니다. 어디에서 받았는지는 기억이 나지 않지만, 인벤에 익스트림 성장의 비약 3개가 있고,, 해당 비약이 6월 27일, 금일 23시까지 사용이 가능하다고 합니다. 그냥 버리기에는 좋은 아이템 같은데, 어떻게 사용해야 할까요?"
2026-06-26,1702,0,아이템,보조 레에로 챌린저 도전 가능할까요?,에디셔널을 유니크로 올려야할지 교불이라 돈더쓰긴 아깝고 의견을 들어보고 싶어요
2026-06-26,1830,0,아이템,챌섭 자석펫 더 안뿌리겠죠?,지금 자석펫 유효기간이 7월이던데.. 더 안뿌리겠죠?? 사먹어야겠죠? ㅠ
2026-06-26,629,0,아이템,잠재능력이나 스타포스 같은 이름 다른 아이템으로 못옮기나요..?,"제가 스타포스 17성 강화권이랑 유니크 잠재능력 부여 주문서를 같은 이름의 다른 아이템에 각각 사용했는데, 이거 합치는 방법 없나요..? 그냥 코인 3000개 날린건가요..ㅠㅠ"
2026-06-26,903,0,기타,민생 드랍률 제가 아는게 맞나요?,24퍼 드랍률을 기본으로 줘서 민생 24 + 쓸심24 + 어빌20 이렇게 하면 67%이상 되는거 맞죠?
2026-06-26,963,0,아이템,페어리 하트 관련 질문입니다.,늅늅 질문 좀 하겠습니다. 이번에 페어리하트 2개 주는데 플라즈마 받기 전까지 하나 순백하면서 30퍼 완작하고 쓰면 되나요?
2026-06-26,833,0,기타,사냥 중 튕김 현상,"대략 한달 정도 전부터 사냥터에서 몹이 멈추고, 튕기는 현상이 계속 발생을 하네요.. 혹시 관련해서 아시는 분 있으실까해서 글 올려봅니다.. 사냥할때만 발생하며, 보스, 마을 등에서는 렉도 거의 없다시피해요.. 노트북 스펙은 대략 이렇게 되구요, 인터넷 문제는 아닌것 같은게, 전에 쓰던 노트북으로 켜서 사냥해보면 비슷한 문제가 전혀 안생기거든요 게임 재설치, 포맷, 메이플 호환성 변경, 우선순위 등등 여러가지 방법을 시도해봤지만 별 수가 없었습니다.... 이것 때문에 메이플용 컴퓨터를 사야할까도 고민중입니다. 관련해서 아시는 분 있으시면 제발 도움부탁드립니다.. 영상도 있긴한데 닉네임이 같이 있어서 올리진 않았습니다."
2026-06-26,745,0,아이템,이거 뭐 골라! 빨리!,뭐 골라??
2026-06-26,640,0,아이템,지금 보조 엠블에 대해 고민인데 이거 투표 좀 해주실 수 있으신가여...,"돈이 많지 않아서 200억 보조 사는데도 땀 쩔쩔매며 사야 되는데... 현재 블랙보조 레전2줄 에픽1줄, 엠블렘은 똥블렘 유닠1줄 에픽1줄 쓰고 있습니다. 이번 미라클을 통해 무보엠을 좀 스펙업하려 합니다. 미트라랑 보조를 직접 돌려본 적이 많지 않아서 5줄을 만드는데 얼마나 걸리는지 모르겠습니다. 보조 매물 같 은 경우는 인기 있는 직업이라 걱정이 없는 편입니다 ."
2026-06-26,560,0,기타,나린 지역 가는법 알려주세요,"업적 퀘스트 중인데 나린 지역을 가야해서요 인터넷 검색해보니 새비지터미널에서 npc드바한테 돈주고 가면 된다는데 패치된건지,, 새비지터미널에 드바가 아예 안보여요.. 나린 지역 어떻게 가야하나요 ㅠㅠ"
2026-06-26,2040,0,아이템,메린이 보스도핑질문,"보스 도핑좀 종류별로 알려주세요 (줄임말 X 못알아들음 ㅠㅠ 풀네임으로 알려주세요ㅠㅠ) 1. 유니온의 힘 (유니온 코인상점구매) 2. 영웅의 메아리 (버프스킬) 3. 길드의축복 뿌리기 (길드가입시 주1회 줌) 4. 익스트림 레드 (몬스터파크에서 구매 5. MVP 슈퍼파워 버프: 경매장 구매 6. 275레벨 인기도 버프? 7. 캐시샵구매: 붕어빵, 미슈라? 8. 길드스킬 (이건근데 하루한번밖에 못쓰나요?) 9. 헤네 자유시장구매: 세이람의영약, 무슨영약이더라? 10. 빨간별 물약, 파란별 물약, ? -이거랑 다른 물약버프(풀네임), 구매처좀 알려주세요 ㅠ 11. 빠진게 더 있나요?"
2026-06-26,629,0,직업,뉴비) 제로 공마 받는거요,120짜리 생성해놨는데 안오르는데 200 찍어야돼는건가요 ?? 맨몸으로 딸농 돌수있나요 ?;ㅁ; 육성 팁좀 가르쳐주세요 !
2026-06-26,802,0,아이템,메린이 레테 챌섭 이번 미라클 스펙업 방향 일려주세요!,메린이 레테 이번 미라클때 뭘 해야 효율적으로 스펙업 할수있을까요?? ㅠㅠ 메소는 30억정도 있고 블큐도 50개 정도 있습니다 !! 레잠은 아직 한장도 안쓴 상태인데 보조에 바를지 하트에 바를지 미트라를 사서 바를지 메소로 등업을 노릴지.. 아니면 드메템을 살지 갈피를 못잡겠습니다 ㅠㅠ 챌린저까지 찍어보고 싶은데 방향좀 알려주새요 ㅠ
2026-06-26,570,0,직업,와헌 뉴비 스킬코어 질문,환산 주스텟대로 찍고 있는데 파이널어택 강화 하라는건 안보이는데 안해도 되는건가요?? 1렙 열어놓기만 했어요
2026-06-26,555,0,기타,와헌 키우는 뉴비임니다,헥사 강화를 비슷하게 한 친구보다 2000정도 헥환이 떨어지는데 이유가 뭔지 알 수 있을까요...
2026-06-26,2588,0,기타,챌섭 플라즈마하트 모듈 질문 !!,이번 챌섭에서 5만점 찍으면 주는 하트 업그레이드 모듈 이거 받고 본섭 리프할때 가지고 본캐에 줄수있나요??!
2026-06-26,829,0,기타,뉴비 메린이 인데요..! 보스 배율 질문 있습니다!,혹시 배율이 500% 정도인데 2~3분 남기고 깬거면 문제있는걸까요?ㅠㅠ 직업은 카데나 입니다
2026-06-26,991,0,아이템,블루베리 농장 질문입니다!,블루베리농장 그냥 270부터 받는족족 쓰면 될까요?
2026-06-26,766,0,아이템,챌섭 메린이 듀블 템셋팅 질문있습니다,"이번 챌섭에서 처음 듀블 키우는데 하다보니 캐릭이 너무 재밌어서 최종목표를 챌린저 달성으로 잡고 있는데 현재 120억메소 보유중입니다. 원래는 보조를 맞추고 싶었는데 가격 거품이 너무 많이 껴있기도 해서 이후에 템셋팅 방향성을 어떻게 정하면 좋을지 조언 구하고 싶습니다. 현재 계획 : 120억메소중 일부 써서 여명4셋 맞추고 미트라 거품빠지면 노작 구매후 3만점 카레잠 바르고 직작, 나머지는 보조 구매를 위해 아껴놓기, 일요일 미라클때 하트에 카유잠 바르고 등업+2줄노리기 여기서 추가로 하면 좋은 스펙업이나 더 좋은 방안이 있다고 생각되시면 알려주시면 감사하겠습니다. 아래는 현재 제 스펙입니다."
2026-06-26,769,0,아이템,스펙업 방향성 알려주실분,현재 데브펜 이쁜매물올라와서 하나 구매한거말고는 너무 비싸거나 상태가 하자가있어서 장신구쪽은 구매안했습니다 130억정도 모아놨는데 미라클때 무기 에디유닉>레전 을가야할지 아니면 본섭에 화에큐 유닉>레전 천장 한 170개정도 채워놨는데 본섭리프해서 천장보고 옵저격하는게 나은지 그리고 미라클때 할만한 스펙업이나 직작할거있을까요? 아님 미트라 미라클때 싸게올라온거있으면 주워올까요 에디레전이나 쌍레 레에 이런거 없으면 그냥 데브펜정도 수준의 작 잠재 에디로괜찮은거 사서 샤타때 18달고 끝낼까요 4여명으로 4만이상으로 키워본적이없어서 어떻게 템세팅해야할지 모르겠습니다...
2026-06-26,793,0,기타,메소마켓 질문,"뉴비인데 메소마켓 질문이 있습니다 ! 제가 만약에 20억이라는 메소를 판매하려고 메소마켓에 등록하게 되면 20억을 구매하는 사람만 제거를 살 수 잇는건가요? 그럼 10억 , 10억 나눠서 판매하는게 더 판매되기 쉬운 그런거일까요..?"
2026-06-26,889,0,아이템,뉴비 스펙업 뭐해야할지 모르겠어요,"레벨 276 / 아케인 심볼 lv 17 / 전투력 3317만 / 헥사환산 25,265 1. 에메랄드 찍고, 받은 레잠을 페하에 써버렸는데 괜찮을까요? 보조에 쓸걸 그랬나 싶긴해요. 2. 60억메소정도 있는데, 미라클 때 여명 3부위(유닉or레전) 사기 vs 교가 보조무기 (레전 보보 두줄) 사기 정도로 고민 중이에요 3. 현재 카오스 더스크까지 잡았고, 이번 주 안에 하드 진 힐라/듄켈이고 많이 세지면 노말 메이린까지 잡고 싶은데 더 스펙업할만한게 있을까요"
2026-06-26,1070,0,아이템,뉴비 챌린저 찍고 싶은데 엠블렘 안 맞추고도 될까요?,핵환 2.5 와헌이고 지금 검밑솔은 했는데 뉴비가 엠블렘 9/6으로도 될지..? 8주 내로는 찍고 싶은 욕심이 있습니다 어렵다 싶으면 지금 미트라가 비싸도 어쩔 수 없이 사려고 생각중
2026-06-26,596,0,기타,경매장 검색 질문있어요,형님들 경매장에 코디용 한벌옷 검색할라는데 필터하는거에 남 녀 밖에 필터가안되는데 이거 공용 한벌옷 검색하는 방법이있나요????
2026-06-26,765,0,시세,챌섭 전사 에테신발 힘39% 가격문의 드려요!,챌섭 신발 2줄직작하다가 나왔는데 이런거 전승으로 팔리나요? 경매장에 1000억에 올리려고 하는데 혹시 문제가되면 글 지울게요!
2026-06-26,735,0,아이템,방어구 잠재,직업은 제로고 지금 방어구 깡통을 끼고있는데 1차적인 목표는 4에테 4아케인 18성 레에 두줄 정도에요 저번 이벤트때 에테는 전부 유에로 만들어뒀어요 템 시세를 잘 몰라서 지금 거품이 껴있는거같긴 한데 미라클때 에테 잠재를 사먹을지 돌릴지 잘 모르겠어요. 직작은 해로우니 걍 사먹는게 나을까요? 아니면 유니크 두줄 띄운단 생각으로 돌리다 등업하면 개이득 마인드로 가는게 좋을까요
2026-06-26,1518,0,기타,챌섭 메린이 검마는 언제잡아야 되나요,6월 30일까지 못잡으면 7월1일 ~ 7월31일 까지만 잡으면 되나여? 월간보스 초기화 기준을 모르겠어요
2026-06-26,948,0,퀘스트,이벤트링 잠재 옵 등급 유지한채로 옵션 돌리는 법 있을까요?,"어제 출젝으로 받은 블랙 큐브를 돌리다가 레전잠재 2둘을 만들었는데 이거 레전드 등급은 유지한 채로 드랍 두 줄이나, 메획, 드랍 같은 걸로 바꾸는 방법이 있을까요?"
2026-06-26,780,0,아이템,템 가격이 궁금합니다!!,아래 템은 팔면 얼마정도가 적당한가요?? 그리고 작이 좀 아쉽다고 하던데 혹시 상의에 어떤 작을 하면 좋은지도 조심히 여쭤봅니다..
2026-06-26,1057,0,아이템,메린이 챌섭 템세팅 질문,"메린이 챌섭에서 챌린저 도전 중입니다. 현재 캡틴을 육성 중이고, 최종적으로는 4여명 → 이후 칠흑으로 하나씩 교체 하는 방향을 생각하고 있습니다. 현재 계획 보조 현재 : 깡통 예정 : 보보공 3줄 구매 엠블렘 현재 : 유니크 공9% 예정 : 미트라 엠블렘 장신구 18성 / 9·6·6 / 에픽 2줄 / 프악공작 4여명 (데브팬, 에스텔라, 가엔링, 트왈마) 정도로 맞출 계획입니다. 궁금한 점이 있습니다. 미트라 가격이 내려오면 레전드리 잠재 주문서를 사용해서 직작하는 게 괜찮을까요? 현재는 똥블렘 유니크 공9% 정도에서 일단 멈춰도 될까요? (에디셔널은 생각 없습니다.) 칠흑 세트를 생각 중인데, 거공 27% 깡통을 사서 17성 주문서 + 챌섭 재화로 육성하는 건 비효율일까요? 9/6/6 여명 매물을 구매해서 17성 주문서를 사용하는 방식이 가성비가 괜찮은 편인가요? 혹시 제가 생각하는 방향에서 비효율적인 부분이나 더 좋은 투자 순서가 있다면 조언 부탁드립니다."
2026-06-26,2005,0,아이템,이번 미라클에 미트라 직작 하는거 괜찮나요?,이번에 미라클 때 에디셔널만 레전드로 등업 시키려고 합니다. 옵션 뽑을 정도의 메소는 없고 그냥 레전만 올려둘까 해서요 메잘알 분들 의견을 듣고 싶습니다.
2026-06-26,853,0,기타,챌섭에서 생성한 닉은 못파나요?,뉴네임옥션 공지보니까 캐릭터 생성으로부터 3개월이 지나야 팔 수 있다는 것 같은데..
2026-06-26,1097,0,기타,챌섭 뉴비 이번 선데이 질문 몇개만 답장 해주실분!,"현재 제 상태입니다. 트왈마 , 데브펜 , 가엔링에 17성 주문서 사용했고 연합코인 모아서 천천히 유에로 맞춰서 2줄 1.5줄 맞춰줄 생각입니다. 1. 선데이가 미라클 이던데 제가 직접 올릴만한게 있을까요? ( 이터널 플레임링 유니크->레전 ? ) ㄴ 이벤트링 4개중에 3개는 지금 드랍 한줄씩 뽑아 놨습니다! 2. 에스텔라나 분자벨 유니크2줄 같은거 싸게 사와서 에디 레어 달고 마10 달아준다음에 샤타때 18성 달아주고 쓰는건 어떤가요?? 3. 여명장신구 놀긍혼 떡작을 한건데 카르마프악마로 다시 작하는게 나을까요? 4. 아니면 다 제쳐두고 메획템 한줄짜리라도 좀 싸게 가져올까요? ㄴ 2교대라 쉬는날에 사냥 3-4시간정도 합니다! ㄴ 현재 장신구는 드랍3줄입니다! 고민거리는 이정도 인데 답변 해주시면 감사합니다!"
2026-06-26,1346,0,시세,드메는 언제 제일 싼가요??,썬데이떄 제일 싸다는 말도있고 며칠 지나야된다는 말도 있는데 뭐가 정배인가요....?ㅠㅠ
2026-06-26,1105,0,아이템,레유 미트라 마마인 뎀마마인데,레유 미트라 마마인 뎀마마인데 에디가 969면 얼마정도 하려나요. 110억정도 쓴거같은데.. 그냥 적당한 가격 맞겠죠? 1. 팔고 쌍레 사서 애완한다. 2. 그냥 쓴다. 목표는 7만정도
2026-06-26,651,0,아이템,메린이 미트라 세트악세 추천좀해주세요,4여명 17성 유닉직작했습니다 지금 기본템쓰는게 벨트랑 이벤링 눈장식인데 어떤거사는게 좋을까요? 산다면17성 15퍼? 아니면 직작? 갖가좋을까요
2026-06-26,815,0,아이템,갑자기 메소가 생겼는데 챌섭 뉴비 템세팅 질문입니다,"예전 닉네임 옮기려고 옥션이용하다가 얘가 팔리는 변수가 생겨가지고...ㅋㅋ (제 기준 비싸게 올렸는데 팔렸어요..) 여튼 메소마켓으로 보니까 150억정도 나오는데 어떻게 쓰는게 좋을지 전혀 모르겠어서 질문올립니다 이벤트 이용해서 지금까지 해놨던것들입니다 (도전자랑 기본 보스장신구 제외하고) 얘네 둘은 코인 더 먹으면 유닠잠재, 에디에픽 주문서 달아주려고하구요, 스타포스는 챌코인샵에서 샀습니다 3만점 레잠은 하트에 썼어요. 150억으로 뭐뭐 해야할까요?? 과금 계획이나 이런건 없습니다! 직업은 에반이고 현재 투력 3300만 정도 나와요!"
2026-06-26,639,0,아이템,복귀 메린이 미라클 질문,미트라 8월 넘어서 좀 싸지면 구매해서 레잠 하나는 거기에 바르고 이번 미라클에 블랙보조 유니크-> 레전 보내는건 어떤가요?? 아마 메소 주고 돌려야될거같은데.. 목표는 챌린저입니당
2026-06-26,788,0,아이템,아버 녹은 렌 템세팅 도와주실분 계신지..,저저번 챌섭에서 키우던 렌인데 아버 녹은 자리 템 어떻게 할지 고민중이라.. 혹시 자세한 정보 더 필요하시면 닉네임은 시럽시 입니다 컨 딸려서 하드 진힐라나 검마는 못깨겠고 하드듄켈까지 한 200%? 정도로 적당히 편하게 깰만한 템셋 추천 부탁드립니다
2026-06-26,961,0,아이템,미라클데이 때 에디 유니크만 노려도 괜찮을까요?,보조무기= 레전 / 에픽 미트라 = 레전 / 에픽 두개 다 에디셔널 유니크까지는 노려볼만 한가요? 그럼 메소를 써야할지 화에큐를 써야할지 고민입니다
2026-06-26,3669,0,몬스터,하드 메이린이랑 노말 메이린 차이가 큰가요?,노말 메이린 114퍼로 깨서 이왕 할거 챌린저 달아보려고 하는데요!! 템펙업을 많이는 못할거 같아서요 노말 메이린처럼 하드메이린도 배율 114퍼 정도면 깰만할까요???!!
2026-06-26,648,0,기타,메포는 어디에 쓰는건가요?,보통 막 현질하면 메포로 바꿔서 쓰던데 첼섭에서 본캐 키우려 하거든요 메포는 어디에다 쓰면 좋을까요? 그리고 현 첼섭에선 메소가 아직 필요없나요? 지금 캐릭생성한지 2일차에요
2026-06-26,1012,0,기타,뉴비 챌섭 미라클타임에 뭐해야 되나요?,가지고 있는 큐브는 별로 없어요 미라클타임떄 뭐해야 되는지 알려주세요
2026-06-26,694,0,아이템,메린이 미라클 엠블렘 질문 있습니다,현재 레테 엠블렘 방방마 쓰고 있는데 이번주 미라클 때 블큐 던져볼만 한가요? 방무가 좀 오버 되는 것 같아서 혹여나 럭키 레전을 노리거나 마력을 조금이라도 노려봐야 하나 싶어서요 그래도 어차피 세 줄인데 해방까지 아끼는게 좋을까요? 블큐는 40개정도 있습니다
2026-06-26,776,0,아이템,3배경쿠 4배경쿠,출첵하면 주는 경쿠 15개로 4배 교환하는게 이득인가요 아님 3배로 쓰는게 나을까요?
2026-06-26,578,0,기타,6차순서 질문,환산에는 4차 개방-헤카테-4차강화라고 나오는데 5차 1씩찍고 따라가는게 좋을지 아님 아묻따 환산따라가는게 맞나용
2026-06-26,741,0,직업,레테 칼로스 밑텔 거리 되나요?,"모험가 마법사들은 텔포 거리 늘려주는 온오프 스킬이 있어 칼로스 1,2,3층 텔이 되는거 같던데 레테 텔 생각보다 짧던데 층별로 텔거리 되나요?"
2026-06-26,1653,0,아이템,챌섭 에메랄드 보상 카레잠,이거 달성하면 본섭에서 바로 수령가능한가요???
2026-06-26,667,0,아이템,챌섭 초반 아이템 질문있습니다,"공략들 보면서 260렙 찍고 아이템 버닝 따라서 이지윌까지 잡았습니다. 기본으로 주는 장신구 추옵, 엠블렘 보조무기 유니크/에픽 외에는 건드린거 없는 상태로 전투력은 1100만 나옵니다. 다음 보스가 카이인데 얘 잡으려면 다음 템을 뭘로 바꿔야 하나요? 그리고 지금 시작해도 제네패스 사는게 나을까요?"
2026-06-26,1413,0,퀘스트,레테 칭호 얻으려는데 도와주세요,"챌섭은 호영 키우고 레테 칭호 얻으려고 본섭에 만들어서 200비약 먹였어요 근데 샤갈 3, 4차 전직퀘는 없고 스킬은 막혀있고 5차 전직 퀘 누르면 시간의 신전 관리인한테 말 걸래서 말 걸면 전직은 개뿔 신전 길뚫시켜요 뭐죠 이거 길라잡이나 신전 문으로 여로 가려하면 퀘 먼저 하라고 막혀서 칭호는 개뿔 200렙 거지 하나 생겼어요 구글링 해봐도 안 나와서 신전 관리인이랑 눈싸움 중이에요 나 칭호 따야 된다고 뭔 길뚫이야 니가 뚫어 신전관리인 이 노망난 할아방탱이야"
2026-06-26,761,0,아이템,이카돌이 방어구 질문,에테 > 17성 유에 2줄 아케인 > 18성 레에 2줄 1 방어구 이정도면 무난한가요? 2 조각은 현재 1800개 정도 썼는데 개수 어느 정도 맞춰야 할까요? 3 무보엠 약한편인가요?
2026-06-26,765,0,아이템,미라클 관련 질문 !,"안녕하세여 챌섭에서 보마 키우고 있는 유저입니다 자금이 150억정도 있는데 미라클때 블랙보조 레전 등업하고 큐브로 두쥴만 노려서 쓰다가 나중에 보조 사먹을까요 아님 미라클때 보조 매물 좀 싸게 풀리면 바로 사먹는게 나을까요 ..? 챌섭 끝자락즈음 챌이 목표이구요 현재 중고뉴비라 검밑솔은 완료했습니다. 질문 요약 (150억 보유중) 1. 미라클때 블랙보조 등업후 대충 레전 두줄 사용하기 2. 미라클때 보조 풀리면 사먹기, 사먹는다면 몇줄정도 ..?"
2026-06-26,714,0,아이템,대장장이,환산사이트 가보면 대장장이가있던데 이건 해당 아이템의 기댓값만큼 받고 대리강화 해주는거죠? 업체?측에서 기댓값보다 적게 먹으면 버는거고 기댓값보다 많이나오면 업체측에서 지불하는거 맞나요? 전 기댓값[의뢰비?]만 지불하면 되는건가요
2026-06-26,958,0,기타,헥사 떡작 스킵해도 되나요?,떡작 한번은 했는데 환산주스텟 처럼 말고 스킬 먼저 강화해도 되나요?
2026-06-26,1303,0,시세,지금 자석펫 시세 비싼편인가요?,아니면 살만할까요? 주황버섯 한마리 있는데 3석펫 맞춰야할까 싶어서요
2026-06-26,872,0,기타,메m 하버? 버닝?,"메m 250작 해서 마일리지 하려하는데, 저번에 뭐 이벤트로 30분만에 됐다는데, 이번엔 뭐 하버같은거 안하는건가요?"
2026-06-26,656,0,직업,렌 6차 질뭉,혹시 어떤게맞는 순서인가요..? 하나는 환산주스텟 사이트고 하나는 블로그에올라온거애요
2026-06-26,936,0,아이템,메린이 블빈마 질문!,어쩌다 보니 블빈마를 핑크빈에서 먹었습니다..! 1. 이번주에 카유잠 한장을 주는데 이거를 블빈마에 발라서 2줄정도만 뽑아서 쓸까요?아니면 작되어있는 3줄짜리르 살까요? 2. 파풀마가 랩제?가 더 높아서 쎄다고 들었는데 작되어있는 파풀마를 살까요? 블빈마 파풀마 둘다 17~18성 정도만 쓸거같아요 이게 좋다 저게 좋다 말이 너무 많아서 너무 어렵습니다 ㅜㅜ 메고수님들 도와주세요
2026-06-26,578,0,아이템,뉴비 세팅 질문 ..!,2주차 뉴비 입니다 . .! 효율충인데 일단 200억~300억 정도는 지를 생각 있어서 보조무기는 완재 사려고 합니다 ! 글이나 유튜브 보면 레잠을 하트에 바르라는 분 미트라 사서 바르라는 분 다르던데 뭐가 더 나은건지 모르겠습니다 ㅠ 그리고 여명 3부위 트왈마 / 데브펜 / 에스텔라 사서 17성 발라주고 18성 3개 다 띄워놨고 나머지 보장셋을 하려는데 22성을 꼭 사야하는건지 ..! 목표는 주제 넘지만 챌린저..찍고 싶슴다
2026-06-26,1381,0,아이템,교불 보조 무기 얻는 법 있을까요?,"이번에 자전으로 보마로 넘어 왔는데요, 현재 보마 보조무기가 너무 비싸서, 교불 보조 무기를 얻고 싶은데, 블랙 보조무기를 얻을 수 있는 방법이 있을까요? 스카니어 서버입니다. 타 캐릭터로 하이퍼 버닝 선택해서, 하이버 버닝으로 받은 블랙셋을 옮겨주는게 가능한가요? 혹시 다른 방법이 있는지 아시는 분 공유 부탁드립니다."
2026-06-26,1099,0,기타,요번 썬데이 챌썹따로 뭐 없나요 ㅠ,미라클이라니..... 본섭에서 미라클때 유닠에 31억써서 거진천장찍고 레전갓는데 개운빨 미라클을 챌썹에서 우째합니까요 ㅠㅠ 어빌리티야 벌써 다 맞춰놔서 챌썹에서 썬데이로 할게없네요
2026-06-26,592,0,퀘스트,메린이 해방 질문드립니다!!,"해방퀘스트로 하드 매그너스를 잡으라고하는데, 보스 주간12개만 잡을수있잖아요 근데, 제가 12개 안에 하드 매그너스가 없는데, 강제로 12개에 안에 매그너스를 넣어서 잡아야되는건가요?"
2026-06-26,790,0,시세,보통 보조 시세,미라클 당일이 싸나요? 아니면 미라클 지나고 계속 떨어지나요?
2026-06-26,857,0,아이템,자석펫이랑 캐시템 서버옮기는거가능함?,스카니아에서 > 챌 챌에서 > 스카니아 지금 확인을못하네 ㅠㅠ
2026-06-26,877,0,시세,위대한 돼지바소울 시세좀 알려주십쇼,ㅈㄱㄴ
2026-06-26,6059,0,몬스터,메이린 확률,세삼스레 궁금한건데 노말 메이린 칠흑상자 드랍률이랑 조각상자 확률 몇이지?? 하급 조각상자에서 40개 나온거면 많이 나온건가??
2026-06-26,1119,0,몬스터,예쁘게 생긴 소울 몬스터 누구 있나요,무르무르 소울 등록했더니 사냥 중간에 무르무르 얼굴 뜨는거 불쾌한데 다른 소울 몬스터 추천 가능한가요
2026-06-26,1640,0,직업,썬콜은 점프하면서 스킬이 안나가나요?,렌 말고는 키워본적이 없는데 렌은 평타 스킬 누르고 있으면서 점프 가능해서 온 사방 다 뛰어다녔는데 썬콜은 원래 점프하면서 스킬 안써져요? 그리고 평타 치다가 다른 스킬 쓸 때 딜레이 같은거 때문에 여러번 눌러야 나가는데 원래 그런건가요?
2026-06-26,1050,0,기타,하이퍼 스탯 꿀팁 부탁드립니다,제가 메이플을 계속 하는 유저는 아니지만 신직업이나 버닝 나왔을 떄만 하는 유저인데 하이퍼 스탯을 레벨 업 할 때마다 재설정을 해야하는 지 아니면 재설정 없이 찍는 꿀팁이 있는지 궁금합니다
2026-06-26,1926,0,아이템,블빈마 먹었는데 17성 바르면 되나요,굳이 파풀마 갈 이유 없는 거죠?
2026-06-26,1422,0,아이템,자석펫을 옮기고 싶습니다.,"지금 가지고 있는 자석펫이 있는데 이걸 다른 아이디로 옮기고 싶은데 뭐 방법이 있을까요? 지금 아이디 본섭에 가진거라고는 자석펫이 다라서 자석펫만 옮겨진다면 다른 아이디에 다시 키우고 싶은데.. 서버는 같다는 전제하에,,"
2026-06-26,3467,0,아이템,챌섭 블빈마 먹었는데 17성 바르면 되나요,굳이 파풀마 갈 이유 없는 거죠?
2026-06-26,727,0,시세,메린이 시세 질문,이거 얼마가 적당해보이나요??
2026-06-26,875,0,아이템,"유입뉴비 반지질문있읍니다 선생님덜,,",컨티3렙 글로리온:슈프림 : 레전잠재씀 실버블라썸 - 준거 이터널플레임 - 준거 [있는거] 어웨이크링 어비스헌터링 이벤트링 선택권 1개 아직 챌린저 실버안됨 지금 264렙..이고 브론즈임.. 1. 이벤트링 선택권 뭐받아요 2. 어웨이크링도 레전박습니까? 3. 리레4렙받으면 리레4 / 컨티3 글로리온 실버블라썸(가엔으로 바꾼다던데) 한개는 이벤링 레전작 쓰면되나용
2026-06-25,1682,0,아이템,mvp 레드 혈반 부스트링 본섭 챌섭 질문,혹시 본섭 재획도하고 챌섭재획도 하는데 본섭에서 혈반이랑 부스트링 한번 받으면 끝인가요??
2026-06-25,1213,0,아이템,유입 메린이 채집 질문,캐릭터 하나로 채집과 제작전부 하기보다는 캐릭터 A로 채집 피로도 500까지하고 캐릭터 B로 제작해서 판매하는게 더 많이 만들고 돈도 이득이죠??
2026-06-25,960,0,기타,뉴네임 수수료같은게 이해가안되는데 질문좀요,"만약 a닉넴을 내부캐릭닉으로바꾸려고하면 뉴네임에 10만메포에올린다치면 보증금5%(5000메포) + 15,000메포(닉변비용) = 이렇게 20,000메포만있으면되는건가요? 올리고 유찰되면 바꿀캐릭접속해서 닉변비용없이 a닉네임을 부캐릭에적용할수있는건가요? 보증금5%(5,000메포)는 못돌려받는걸로압니다. 그리고 닉네임을 3만메포에올려서팔게되면 보증금5%(1,500메포)+닉변15,000메포 = 16500메포가있어야올릴수있구 10만원에 낙찰이된다면 수수료30퍼센트인 3만메포빼고 7만메포받는건가요 아니면 7만메포+보증금5%(1,500메포) = 71,500메포받는건가요?"
2026-06-25,1859,0,아이템,챌섭 유입 메린이 과금 및 템셋팅 및 기타 질문드립니다,1. 과금으로 50(약200억메소) 할 생각입니다 템 셋팅 우선순위를 뭘로 잡아야 할까요?(드메템 없습니다) 2. 자석펫은 아이스크림 자석펫? 하나 밖에 없습니다 자석펫이 우선잏까요? 3. 본섭도 깡 유니온만 있는 엘슘(유니온4400)이 있는데 이거 버리고 아이템 물량이 많은 스카로 가는게 좋을까요? 4. 챌섭 보상중 200비약 20개 챌섭에서 쓰고 본섭으로 캐릭 다 옮기는게 맞나요? 아님 리프하고 쓰는게 맞나요?? 현재 패스는 제네시스 플러스 빼고 다 샀습니다. 아무것도 모르는 메린리라 두서없이 질문드려 죄송합니다 ㅜ
2026-06-25,3890,0,기타,전투력 400만 정도가 사라졌어요,어제까진 5900만이엇는데 오늘 접속해보니 5500만이 되어있습니다... 전투복x 칭호x 아티팩트x 펫 x 이벤트 뭐 끝난것도 없는거 같은데 도저히 이유를 도저히 모르겠습니다 뭐 때문일까요.../ㅠㅠ
2026-06-25,791,0,아이템,투력 올리기 위한 질문,챌3섭 투력 2400만 아버는 현재 무기 18성 장비 19성 (도전자 문장만 있으면 20성가능) 본섭에 메소 들고 올려고 하는데 현재 34억 정도 여명4셋 유에 15퍼 정도 노릴려고 하는데 괜찮을까요. 그리고 옥션에 여명 유에 15퍼가 아에 없더라구여 직업은 레테입니다. 이름은 키라스텔라
2026-06-25,958,0,직업,메린이 첼섭 내실vs신직업,"스카니아에 본캐는 있고 유니온 필수라는 직업들은 대부분 200을 찍어둔 상태입니다. 현재 메르세데스, 은월, 메카닉 등 260필수 직업들은 아직 육성하지 않은 상태인데 추가적인 보상 같은것들 때문에 이번 첼섭에서 하버로 레테를 키워야 할지, 아니면 260필수 직업들을 키워야 할지 잘 모르겠어서 글 올립니다."
2026-06-25,939,0,기타,뉴네임 유찰대면 메포하나도 못돌려 받나여?,이름변경비 1만5천메포랑 + 보증긍 메포 <--- 싹다 넥슨이 가져가나여?
2026-06-25,732,0,아이템,스펙업 어떻게 해야하는지 질문드려요!,안녕하세요 이번에 챌섭으로 복귀해서 열심히 하고있는 메린이에요 사진은 제 템셋인데 환산은 3.5 헥환은 2.3정도 나옵니다 여기서 이제 스펙업을 어떻게 해야할지 막막해서 질문 드립니다
2026-06-25,862,0,퀘스트,첫해방인데 질문있음,제네패스사서 메생 처음으로 해방 도전중인데 이제 반레온 잡았거든 어둠의 흔적 << 이게 좀 이해가 안돼서 질문드림 스펙이 충분하다는 조건하에 검마부터잡아서 어둠의흔적 잔뜩 채워놓고 나머지 쭉 미는게 가능함? 보니까 주보는 스우 > 데미안 > 윌 이순서로 쭉쭉 가던데 그럼 걔네 일부러 안잡고 기다렸다가 한번에 쭉 미는게 가능함?
2026-06-25,1349,0,아이템,17성 140제에 바르기엔 좀 아깝지않나요?,4여명 기준 160인 가엔링이랑 에스텔라는 써줄만 한거같은데 140제 트왈마랑 데브펜엔 좀 써주기 아깝지않은가 싶어서.. 그래도 써주는게 이득이려나요
2026-06-25,979,0,기타,혹시 지금 시세에 에테리온 파는게 맞을까요?,아니면 강화하는게 나을까요?
2026-06-25,725,0,기타,팬텀 헥사 프리드 언제찍나요?,"팬텀 헥사 프리드 언제찍나요? 메이플 환산보니까 프리드 1,2,3,4 는 없어지고 왜 5부터 있을까여.. (초기화로 봤어요) 그리고 그냥 어센트1 찍어도 될까요?"
2026-06-25,986,0,기타,메린이 헥사 스탯 떡작 망한건가요ㅠㅠ,생각없이 돌렸는데요 결과보고 멘붕왔어여..
2026-06-25,793,0,아이템,템셋 자신있는 메창 형님들 질문좀,이번에 챌섭에서 전투력 1억을 목표로 하고 있어서 4여명 7보장을 노리는데요 18성 유니크 2줄 악세사리랑 17성 레전 2줄 악세사리랑 어떤게 더 전투력이 잘오르나요? 찾아봐도 확실한 정보가 없어서 질문드립니다!
2026-06-25,903,0,기타,하드나 카오스 잡으면 노말 자동클리어되나요?,복귀 뉴비입니다. 하드나 카오스 찐모나 연모류 잡으면 아버에서 안잡았던 노말이나 이지 전부다 클리어되는걸로 카운트되나요...?
2026-06-25,1155,0,아이템,블랙 서큘레이터,현재 사냥용 어빌이 레전 메획 18퍼 에픽 드랍 9퍼 에픽 일몹뎀 4퍼 입니다 블랙서큘쓰면 높아지거나 낮아지는걸로 알고있는데 레전인 메획은 그렇다 쳐도 에픽 드랍 9퍼가 유니크가 되기도 하나요 ? 아니면 에픽의 범주 안에서 수치만 바뀌나요 ?
2026-06-25,842,0,기타,제네시스 패스 질문드립니당!,안녕하세요! 제가 루나서버 불독이랑 챌린저스 서버 신궁이 있는데요! 제네시스 패스는 챌린저스 서버에 사용하는것이 좋을까용?? 루나서버 불독에 사주고싶은데 챌린저스 서버에 살껄 후회할까바 사기 전에 질문드려요!!
2026-06-25,706,0,아이템,템 관련 질문있습니다! +와헌,1. 현재 노작 미트라가 관세포함 40억이 넘어가는데 레전잠재를 쓸곳이 없어서 그냥 살까요? 2. 와헌 드로우백 사용이 최소컷에서는 유의미하게 작용할까요?
2026-06-25,664,0,아이템,안녕하십니까 메린이 질문 드립니다,챌섭에서 히어로 육성중인데 보조무기 때문에 고민입니다 현제 200억 가량있는데 친구가 보조 그냥 대충하나쓰고 무기 해방후 큐브 돌려서 나오는 옵션보고 보조 사라는데 이렇게 하는게 맞는건가요?
2026-06-25,1448,0,아이템,헥환6만까지 스펙업 순서 추천 해주세요,챌섭3시즌 유입 된 보마입니다. 방학때 열심히 하고 이지 대적자 주차한 뒤 열심히 메소 모으다가 슬슬 모아둔 메소로 스펙업 하려고 하는데 어느 순서로 해야할 지 잘 모르겠네요. 뭔가 바꾸자니 되게 다 애매하다고 해야하나? 미트라로 바꾸자기엔 똥블렘 옵션도 나쁘진 않은 거 같고 지금 가격도 너무 비싼 거 같구여 보조를 팔고 3줄 짜리로 사는게 그나마? 나은 거 같아요. 그 뒤 노말칼로스 잡고 플하로 바꾸고 칠흑을 한 부위씩 맞춰볼까요?
2026-06-25,809,0,아이템,2주차 메뉴비 질문드려요,현재 검밑솔 클 들어갔는데 이벤링에 메획 붙혀서 사용하는게 좋을까요? 재획 하루에 1재정도 하는거같습니다 1재+채집으로 드메템 선데이까지 돈모으면서 존버하는게 베스트일까영?
2026-06-25,1867,0,아이템,2주차 연합코인 어떻게 써야할까요?,이벤링 받은고 2개 레전이긴한데 드메가 하나도 없어요… 다들 2주차에도 이벤링레잠사라는데 대신 이벤링큐브사서 드메라도 띄워야할까요…? 하루에 2재획정도하고 많으면 3~4재획합니다.
2026-06-25,989,0,기타,헥사2 뭐 찍어야하나요??,헥사스텟1만 나오는데 뭐 찍어야하나요..?
2026-06-25,1927,0,아이템,카레잠 블랙 보조에 발라도 되나요?,현재 블랙 보조에 유잠 발라서 유니크 한 줄 쓰고 있습니다 나중에 받는 한 장은 해방 무기에 바르려고 하구요 하트에 바르는게 낫다는 사람도 많아서 하트와 보조중에 고민중이빈다
2026-06-25,4045,0,아이템,카레잠 하트에 바르고 옵션은 뭘로 띄워요??,챌섭에서 두장주는 카레잠 제네무기랑 페어리하트가 정배라길래 에메찍고 하트에 먼저 바르려고하는데 메멘토 실버 큐브 이거는 유니크까지만 사용가능하다고해서 챌섭 코인샵 메멘토 골드 큐브로 옵션 띄우는건가요??
2026-06-25,1557,0,퀘스트,에픽 던전 레벨마다 효율 다름?,블루베리 274에 쓰라는 거 처럼 에픽던전도 몇레벨에 돌면 효율좋다 그런거잇나
2026-06-25,3217,0,기타,챌섭 투력 2600만. 보스,이론상 어디까지 되나요? 어센트등 6차 다 오픈함 하드 윌 치는데 어렵네요... 진힐라도....
2026-06-25,819,0,기타,특수경험치 레벨업시 처리방식,"상급EXP같은 경우는 레벨업에 필요한 양만큼만 소비되고 레벨업후 따로 소비하니깐 손해보는게 없는데 에픽던전류나, 던블같은건 어떻게 처리 되나? 첫 째로 예로들어 에픽던전으로 1000억 경험치를 받고 레벨업을 했다고 치면. 클리어 레벨 당시 고정경험치(레벨업 후, 잔여경험치 합치면 그 대로 1000억) or 레벨업을 하면 보정경험치.(1000억보다 미세하게 더받음) 어느쪽이 맞나? 두번째는, 첫번째 질문에서 전자의 경우라고 치면, 에픽던전 4배로 업할것 같으면, 기본 경험치 먼저 받고 레벨업 후 4배를 따로 수령하면, 바로 4배추가 신청하는 것보다 많이 받음?"
2026-06-25,750,0,기타,헥사환산 코어 질문있습니다,이미 몇개 찍은스킬 효율이 18%고 어센트를 1렙 찍는거 효율이 6%일때 그냥 환산 순서대로 찍는게 낫나요 아니면 어센트 효율이 구려도 1렙은 무조건 찍어주는게 낫나요?
2026-06-25,1069,0,아이템,챌섭도 채집해야되나요?,949만인데 이지윌에서 막혀가지고 돈벌어서 스펙업좀해야될거같은데 채집해야되나요?? 그리고 반지나이런거 다 스펙업으로 주문서발랏는데 드메템으로 전투력 몇때넘어가야되나요???
2026-06-25,1665,0,아이템,18에테 vs 22아케인,"현재 키우는 챌섭캐릭을 본캐로 키우고 있는데요 추후에 아버 끝날걸 대비해서 미리 계획 세워두려고합니다. 일단 장갑은 먼저 살거같은데 4에테 5아케인 생각해서 아케인장갑을 사야할지 8에테? 생각해서 전부 에테로 맞춰줄지 모르겠습니다. 목표는 데스티니 해방이긴 한데, 별을 제가 직접 눌러주진 않을 예정이라 18에테 사더라도 추후에 스펙업은 22에테를 구매하는 것입니다. 운이 상당히 안좋아서.. 목표가 데스티니 해방이지만 그 이후에도 꾸준히 스펙업 할 예정이에요"
2026-06-25,1205,0,아이템,이벤링 골큐 어디서사요?,연합토큰샵에서 4000원 주고 레전잠 사면 옵션 못돌리는 거 아닌가요?
2026-06-25,1039,0,시세,위대한 돼지바소울,스카니아에 있는데 시세 얼마할까 이거 간만에 들어왔는데 가지고있길래
2026-06-25,723,0,직업,소마 해방 할만한가요?,"전투력 2천만 노말 듄더까지 돌고있는데 보조랑 무기 (17성 앜) 있는데 장비,장신구만 맞춰서 해방 후 검밑 돌만 한가요? 아니면 그냥 홀딩하는게 나을지 고민이네요"
2026-06-25,1677,0,아이템,이벤링 여명템 잠재 우선순위 질문,저번주에 4천점으로 이벤링에 레잠 발랐는데 알아보니 이벤링은 드메용이고 일반템으로 스탯맞춘다던데 유니크잠재를 일반에 바르는게 나은지 아니면 이벤링에 레잠을 바르는게 나은지 궁금함
2026-06-25,736,0,기타,뉴네임 질문있습니다,닉 옮기고싶은데 같은계정이면 a서버 닉네임>b서버캐릭터로 옮길수있나요?
2026-06-25,1302,0,아이템,160억 드메템 구매! 질문있습니다!,챌섭에서 하려는데 드드 한개랑 드메 한개 혹은 드메 세개 가능한데 무엇이 더 중요할까요? 이벤링은 두개있습니다 드 하나 메 하나!! 하루에 2시간 사냥은 기본으로 하고있어요
2026-06-25,745,0,기타,메린이 경험치 및 사냥질문입니다,15퍼 브아피 3배경쿠빨고 시간당6프로 나오는데 정상적인 사냥속도인가요 아니면 느린건가요? 레벨272입니다 너무 안올라서 제가 잘못한거같아서 질문드립니다 방송인들은 훨씬잘오르는거같은데 제가 무자본이라서 버프를덜빨아서그런가요 사냥이 한방컷이안나서그런가요?
2026-06-25,2266,0,아이템,블랙 보조에 레잠 바르면,어떤 큐브로 돌려야되여? 보스잡아서 나오는 실버큐브는 레전드리라 못돌리고.. 코인샵에서 파는건 나중에 해방무기에 돌려야 된다고 들었는데 보조는 뭘로 돌려야되나요?
2026-06-25,3140,0,기타,헥사스텟 썬데이존버,할필요 없나요? 헥사2만 존버하고 1은 그냥 지금 떡작할까요
2026-06-25,744,0,기타,챌삽 주보 질문,챌섭 1주차 때 연습모드로만 돌고 정작 찐모는 안 했는데 해방 가능할까요? 그리고 2주차때 최소 뭐부터 잡아야 해방 가능한가요?..
2026-06-25,978,0,아이템,메린이 보조장비 이거 더돌리는거에요?,이거 보스공격력 나올때까지 더돌려야하는거에요?
2026-06-25,729,0,기타,환산주스탯 헥사 강화 궁금한점있어요,형님들 기운기준으로 헥사 스탯이 젤먼저앞에와있긴한데 불이 안들어오는건 제 스펙에서는 추천 하지않는다 라고 이해하면 될까요 바로 다음 스킬부터 찍으면 된다는 말인가요???
2026-06-25,1148,0,아이템,지금 메획 한줄짜리는 살만한 가격인가요,그냥 100/67만 맞춰주려는데 한줄짜리는 사도 될까요 .. 복귀라 시세를 몰라서 그리고 메획은 템만 쳐서 100%죠? 어빌이랑 쓸홀심 재획비 다 빼고
2026-06-25,890,0,기타,뉴비 제네패스 질문,이번에 챌섭에 시작한 뉴비입니다 1주차 노말 듄켈까지는 잡았는데요 제네 패스를 할지 말지 고민입니다 진힐라 악명이 높아서 폐사할까봐 걱정이네요 1주일 밀린다 생각하고 이번주에 패스할지 말지 고민이 되네요 목표는 챌린저인데 과금은 패스말고는 안해볼 생각입니다
2026-06-25,1153,0,아이템,챌섭 플하,이번에 다이아 찍어서 플하 받게됐는데 기존에 페어리 하트 작한거 싹 다 초기화 시키고 받아서 씌우면 되나요? 그리고 혹시 몇 성까지 올리면 쓰기 충분하려나요..?
2026-06-25,911,0,아이템,렌 보조무기,렌 보조 쌍레 보보보 40 35 30 공보 12 12 145억 관세 3.6 살만한가요?? 비싸긴한데 성수기때 메이플 하고 비수기때는 안할꺼같아서 보조 하나 장만하려 합니다.
2026-06-25,888,0,기타,환산사이트 보스배율 질문입니다.,환산보면 30분보정자료라고 적혀있는데 20분으로 환산시 배율이 낮아지는건가요 높아지는건가요?
2026-06-25,1014,0,아이템,메린이 커플 템진로좀 잡아주세요 ㅜㅜ,"현재 둘다 패스먄사놓고 더이상 현질 안할예정 1 첫 레잠을 어디에 쓰는게 가장 좋을까요..? - 하트 or 보조중 고민중인데 둘다 하트는 잠재가 없고 보조는 블랙보조 유니크 1줄입니다 당장 검밑솔이 좀 빡세서 보조박고 두줄 노리는게 나을지 하트에박고 힘두줄 노리는게 나을지 고민됩니다 ㅜㅜ 2. 챌린저스 코인샵 어떻게 써야할까요 - 둘다 16000점 넘게있는데 어떻게 쓰는게 가장 좋을지 모르겠어요 ㅜㅜ 메소는 둘다 심볼에세금내면 남는게 엾어서 미트라 같은건 구경못할거같아요 닉네임도 적어둘게요 ㅜㅜ 제가 알아본 정보외에도 더 좋은 방법을 알고계신 메짱분들의 의견 감사히 받겠습니다 닉네임:헤롱헤롱민톨 , 헤롱헤롱현듀"
2026-06-25,1530,0,기타,"아 레테 좀 거슬리네,,,다들 괜찮으신가?","바이퍼 본케유저인데 바이퍼할때는 깔끔했는데 레테 소환수쓰면 뭔가 잔렉 발생하는느낌,프레임 떨어지는 느낌나는데(매끄럽지기않음)그래픽 낮춰도,화면 헤르츠 낮춰도,이펙트 낮춰도 그대로인데 해결방법없나요?ㅠㅠ"
2026-06-25,776,0,기타,메린이 고민좀,"아까전에 늅친구따라서 스카니아 헤딩할지 아님 유뇬 7000엔 그전까지 조금 키웠던 렌,윈브 투력 1700만따리 스카니아에 머물지 고민했었는디 여기에 더 추가된게 지금 이노시스에 자석펫 무료로 뿌린거 있고 자석펫 없음 사냥 절대 안할꺼 같아서 챌섭에서 방금 자석펫 한마리 뽑았음.. 돈 나가는 속도가 장난이 아니여서 현질 더 이상 안할꺼같은데 지금 자석펫 팔면 200억 정도 생김 그냥 200억 메소로 챌섭에 본캐 키워서 그냥 이노시스로 가는게 좋을까 아님 자석펫 데리고 스카니아 맨땅 헤딩을 박을까.. 친구는 돈안쓰고 완전 메린이 수준(노스데미 7트박음)임.."
2026-06-25,855,0,기타,찐 메린이 한번도와주실분,"이번 하버,아버 지우고다시할려했는데 명의당 1회로바뀌어서 못만드는데 이건뭐 내가확인안한거라 후회는없음 메이플이 갑자기 너무하고싶어서 챌섭 유니온4000주는거 + 본섭(아무것도없음) 유니온 8000~9000정도 겨울버닝하기전까지 만들고 그때 본캐지정하고 시작할려는데 본섭은 아무것도 없어도 141작은 템없이도 가능한가? 핑크빈모자,피노키오 등등 전투복있는걸로아는데"
2026-06-25,799,0,기타,챌1섭 대기열 아직도 걸리나요?,종강하고 이제 시작하려는데 아직 챌1섭 대기열 걸리나용? 어디 챌섭 서버 추천하시는지!
2026-06-25,856,0,아이템,메린이 인생최대고민,투력 2500만 레테입니다 미트라관련 질문드림니다 현재 똥블렘 마9퍼 착용중인데 미트라를 사야할지 산다면 노작을 사야할지 아님 공15퍼 유닉 살지 아님 레전 유효 5줄 이런거로 살지 아님은 안사고 똥블렘으로 대충 뻐기다가 미트라 싸지면 살지 고민입니다 어떻게하는게 좋을까요 ㅠ ㅠ (해방 and 검밑솔목표)
2026-06-25,1759,0,아이템,레잠 하나 어디쓰져?,하나는 해방 무기에 쓰고 하나는 페하? 보조는 살거같은데
2026-06-25,1073,0,기타,드랍 67퍼 질문,메소 확정으로 떨어지는 게 드랍 67퍼인데 기본 24퍼+쓸심 24퍼+이벤링 20퍼=68퍼 이렇게 되서 이벤링 1줄만 맞추면 스텟창엔 44퍼라고 뜨는데 68퍼로 적용된다 결론은 이벤링 잠재 1줄만 맞추면 메소 확정 드랍 이거 맞나요?
2026-06-25,1804,0,아이템,드메템 원래 가격이 얼마정도 인가요?,이번 챌섭에서 하프 메획 한줄은 샀는데 다른템도 살까 고민중입니다. 지금 메획 한줄 하프가 15억정도 하던데 원래는 다른템들도 얼마정도 했나요?
2026-06-25,1105,0,기타,메린이 서버 옮기는거 추천함??,"이번에 썬콜 키우는데 아마도 챌린저 목표로 하고 있음 근데 예전에 친구 따라서 이노시스에서 유뇬 7000에 렌 투력 1700만, 윈브 1700만 나머지 유뇬용 잡캐 등이 있음 지금 그 친구는 접었음 ㅇㅇ 근데 또 다른 친구가 메이플 입문을 했는데 말을 들어보니 꽤나 열심히 한다고 해서... 서버가 스카니아라고 하는데 그 친구가 게임 열심히 할꺼 같으면 스카니아에 리프하고 유뇬 다시 키우는게 낫다고 봄?"
2026-06-25,1530,0,기타,챌섭 레테입니다 보약버프 크확 1레벨 올리는게 맞을까요?,지금 하이퍼스탯 크확 7레벨 (9퍼) 쓰고 있습니다 어떤 유튜버는 보약버프에 크확 1레벨을 찍으라고 하더라고요 챌섭 레테 키우시는 메선생님들은 어떻게 하시고 계신가요?
2026-06-25,746,0,아이템,안녕하세요 어제 처음한 뉴비입니다,안녕하세요 어제 처음한 뉴비입니다 레벨은 130을 찍었는대 아이템진로를 어떻게해야될지 모르겠습니다.. 거래소는 터무니없이 비싼대 상점껄로 사서 해야하나요 ? 레벨업도 빠른 컨텐츠를 다하고나니 레벨업 할곳이없는대 어디서 해야할까요ㅠ 근래 공략법들이 다들 이벤트때 200달성해주는거말곤 없는대 지금시점 공략법같은게 있을까요?.. 진로좀 정해주세요 !
2026-06-25,970,0,기타,썸머보약은 7월1일까지인가요?,썸머보약은 7월1일까지인가요? 정보가안나와있어서..
2026-06-25,1075,0,아이템,챌린저스 패스 캐시샵 구매 불가 뜨는데..,안녕하세요 유입 뉴비인데 챌린저스 패스 구매하려는데 규매가 불가능하다고 떠서요.. 구매에 조건이 있나용..??
2026-06-25,2910,0,직업,도와주세요 전투력 2100만까지 올렸는데도,아델 직업인데 전투력 2187되나? 그정도 되는데도 하드스우도 못깨고 하드데미안도 못깨고 노말듄켈까지 힘든데 너무 똥손이어서 패턴 피하기가 너무 어렵습니다.....계속 연습만이 답일까요? 아님 전 스펙 더 올려야할까요? 극딜 사이클대로 쿨 돌때마다 하는데...피도 안깎입니다..하드 데미안은 원래 일케 안 깎이나요? 제네시스 패스까지 샀는데 이렇게 보스도 못도는데 괜히 샀나 싶어 후회되네요ㅠ
2026-06-24,844,0,아이템,데브 놀긍 63작,대충 쓸려는 깡통 데브 놀긍 첫작에 마 6 인 3 이렇게 떳는데 적정 판매가가 어떻게 될까요?
2026-06-24,3250,0,아이템,스타포스 17성 강화권은 사면 안되는건가요??,유튜브에서 템세팅 관련해서 검색해봤는데 장신구를 17-18성 유니크/에픽으로 만들라고 하더라구요 샤이닝 스타포스를 이용하라고 들었는데 이게 주문서 17성을 쓰고 18성으로 올리는건지 주문서 없이 17성까지 가라는건지 잘 모르겠어요 주문서를 사면 혹시나 코인이 모자른건가 하늩 생각도 들고요 어떻게 하는게 맞는건가요?
2026-06-24,683,0,기타,"메린이, 메복이 궁금증들 해소해주라",1. 지금 270 메카닉 본캐임 유니온 다 200작은 해놨음 근데 메카닉 본캔데 아무것도 안되어있음 다되어있는건 아케인 만렙? 어센틱 5씩인가 찍었고 이럴거면 챌린져스에서 하이퍼버닝으로 메카닉 다시 찍는게 이득임? 전투력 900만 따리 개 약골 메카닉 몇년만에 복귀라 뭐가 뭔지도 모르겠음 2. 지금 레테랑 렌 200만 찍고 챌린져스는 안할까하는데 챌린져스 꼭해야댐? 하이퍼버닝 본캐에 안할거면 은월 같은거에 하버 써서 250작하는게 이득임? 3. 그리고 메이플 여전히 드메템 유효함? 무자본 노가다로 돈벌려면 어케해야댐??/
2026-06-24,742,0,몬스터,검마 3페 질문입니다,"이럴때는 어떻게 해야하나요…? 블링크로 피하려고 해도 선이든, 검마 빛 내뿜기? 맞고 데카 엄청 사라지던데ㅠㅠ 어떻게 해야 좋을지 모르겠어요ㅠㅠㅠㅠ"
2026-06-24,845,0,아이템,드메템 지금은 비싼건가요??,한 6년 7년만에 복귀하니까 정신이 없네요 지금 드메템이 비싸다고들 하는데 원래 가격을 모르겠어서 얼마나 오른건지 파악이 안되네요 지금은 비싼건가요??
2026-06-24,832,0,아이템,안녕하세요 시즌4 유입 메린이입니다. 템세팅때문에 고민이 있어요 ㅠㅠ 도와주세요..!!!,"이번에 시즌4 일리움으로 입문하게된 뉴비메린이입니다..!! 지인이 꼬셔서(해방하고 넘어오면 익스우 돌 정도 템 맞춰준다고함) 하게됬는데 재미도 있고 제대로 해보고싶어서 영상 보고 풀드메 및 3석펫정도는 제가 구매해서 지금 챌섭에서 재밌게 하고 있어요 근데 여기서 좀 고민이 드는게 지인은 mvp레드여서 이것저것 혜택을 받는데 굉장히 부럽더라고요 그래서 저도 mvp작이라는걸 해볼까 했는데 지인이 mvp작 할 돈으로 챌썹에서 템을 사라고 하는데 이것저것 영상을 보니 급하게 챌린저 찍을거 아니면 그냥 천천히 이벤트재화로도 충분히 가능하다고 하더라고요, 지인은 빨리 템사서 보스잡고 물욕템 먹어야 좋은거라고하고 있는 상황인데.. 여기서 mvp작(약 120만원가량)할 돈으로 mvp작을 그냥 하는게 나을까요 아니면 메소를 사서 챌섭 템세팅을 하는게 나을까요..? 고인물분들의 조언이 필요합니다.>!!! 요약:풀드멫템 및 3석펫은 마련한상태, 해방하고 넘어가면 익스우템세팅 맞춰준다고함. 여기서 mvp레드작하는게 나을지 그돈으로 챌섭에서 템세팅을 해서 해방빨리하고 물욕템 먹을지 참고로 제 성향은 급하게 할 필요는 없다고 생각하는 주의이긴합니다."
2026-06-24,1990,0,아이템,급해여ㅠ 가엔링 프악공 vs 놀긍떡작,가엔링 프악공이 낫나요 놀긍떡작이 낫나요 이번에 코인 생각보다 괜찮은거 같아서 프악공 3장 바르는것도 괜찮아보이는데 선배님들 알랴쥬세요ㅠㅠ
2026-06-24,1169,0,기타,드메 100/100 기준 챌섭에서 1소재 얼마 버나요?,챌섭이니까 유부 유행 없어서 좀 적을까요?
2026-06-24,666,0,아이템,렌질문,챌섭에서 렌키우는데 앞텔뒷텔 이거 뒷텔만쓰려면 무조건 전제조건이 앞텔을한번 타야 뒷텔이타지는건가요?
2026-06-24,680,0,퀘스트,메이플 뉴비 도와주세요,에픽던전 하이마운틴 선행퀘스트는 깬거같은데 하이마운틴에 어떻게 들어갈까요? 세라자르를 눌러도 안녕하세요? 뭐시기뭐시기 음유시인 세라자르입니다. 이말만 하고 방법을 모르겠어요
2026-06-24,839,0,기타,챌섭은 친구랑 즐길만한 것이 없을까?,친구랑 같이 시작했는데 뭐 다 1인 격파라서 온라인 게임인지 싱글게임인지 모르겠네
2026-06-24,2049,0,아이템,카레잠 보조 or 하트 뭐가 낫죠?,메린이인데 카레잠 어디에 써야할지 모르겠어요 하나는 해방무기에 쓰고 하나 남는거 보조에 쓰라는 분들도 계시고 하트가 근본 선택지라고 하시는 분들도 계셔서 일단 보조는 유니크 두줄이고 하트는 그냥 페어리에 에픽만 달아뒀어요
2026-06-24,783,0,기타,메린이 순수 궁금증(new age),아주 먼 옛날 옛적 6차 오픈하던 new age시절에 유출이 있었음?? 이번에 6차 나옴 각자 직업별 스킬있음 뭐 이런형태로 걍 궁금해서 글 써봄
2026-06-24,1004,0,아이템,여명 잠재 유닠2줄 만들기 vs 레전3줄 사먹기 뭐기 더좋을까요??,유잠에 메멘토로 천천히 유닠 15퍼로 만들지 레전 3줄 27퍼정도 살지 뭐가 더 좋을까요 하드세렌정도는 잡을예정입니다! 둘다 별은 직접 달 예정입니다
2026-06-24,1082,0,아이템,선생님들 시드링5렙 적정 환산 몇인가요 ?,제곧내입니다 적정환산 몇정도 되면 시드링5렙 효율이 나오나요 ??
2026-06-24,831,0,아이템,궁수 장갑 30억 어떤거 같나요,예쁘긴한데 크주 에디2줄급이랑 동급같아서 고민중...
2026-06-24,704,0,기타,게더링할때 렉 줄이는 방법 있을까요?,좋다고 4석 구매했는데 90초마다 렉이 2-3초 정도 생김 형들 도와줘 그래픽 설정은 최하로 바꿔도 안되
2026-06-24,645,0,아이템,뉴비 보조 해방 질문,보조무기 해방도 다하면 데스티니 무기 처럼 기존잠재랑 수치 다르게 뜨나요 ?
2026-06-24,699,0,기타,닉변하고 새로 만들면 생성기한 걸릴까요?,A 닉넴 닉변으루 B로 바꾸고 캐릭생성으로 A닉넴 바로 만들수 잇나요? 아니면 삭제처럼 락걸리나욤(
2026-06-24,919,0,직업,챌섭 패스만 다 사고 무과금으로,"챌린저 찍을 수 있을까요,,,? 현재 270, 노말 진힐라까지 잡아놓은 상태입니다"
2026-06-24,750,0,기타,검밑솔은 어느정도 악세 맞춰야하나용?,"보마가 쉽다고 해서 이번에 보마로 유입했고 현재 전투력 2천에 하스데까지 클리어했습니다. 환산주스텟?보니까 카오스 듄켈 더스크가 길드없이 74?80?퍼 정도씩나오더라고요.. 진힐라는 어려운거 같아서 노말딜찍한다 치고 일단은 카듄더 솔격되는선까지는 세팅하려고하는데 악세 어느정도 선으로 맞춰야하나요..? 보장 유에 공9 에디 공6 /엠블 유니크 공9방무15, 에디없어요 보장이 윗옵 메멘토 120개먹고 공9보다 높은게 안떠요.."
2026-06-24,725,0,기타,260 이후로 레벨업은 어케하나요,사우나랑 선데이메이플 몬파로 어찌저찌 264까지는 찍었는데 그냥 뇌빼고 사냥해야 하나요?
2026-06-24,573,0,기타,뉴비 질문 있습니다!! 링크 관련,챌섭에서 카데나 본캐로 키우고 있는 메린이인데요! 링크스킬 중 소울 컨트랙트 스킬이 필요하다는걸 알게되어서 엔젤렉버스터를 200레벨 까지 키웠는데 스킬 레벨이 2이던데 마스터가 3이고 올리는 방법은 없는걸까요?? 2로 그냥 사용하면 되나요?? 그리고 스퀸스에 등록이 안되는데 왜그러는 걸까요?ㅠㅠ
2026-06-24,1967,0,아이템,재획하시는분들 경쿠수급 어떻게하시나요?,레드 달아도 많이부족한데..
2026-06-24,686,0,몬스터,님들 저 뉴빈데요 매그너스 어케잡음?,선행퀘스트 완료해야 한다는데 얘는 스킵 안해줌?
2026-06-24,1309,0,기타,전투력 2300만 보마인데 메이린 노멀 가능할까요??,이번에 새로 시작한 뉴비 보마입니다! 레벨은 276레벨이고 전투력은 2321만입니다 현재 도원경 입성했는데 다른 분들은 메이린 격파보상인 코디템 착용중이라 잠깐 공략보고 도전했는데 체력이 너무 높아서 힘들더라고요.. 그저 제가 패턴에 미숙한건지 아니면 이 전투력으로는 클리어하기 힘든건지 궁금합니다!
2026-06-24,995,0,아이템,지금 교불 드메템 거품 심한 상태인가요?,50~60억 사이에 있는데 챌섭거품 많이 낀건가요? 예전에는 얼마였는지 궁금합니다 무교도 아니라 다시 팔때 가격 많이 떨어질까봐 걱정돼서요..
2026-06-24,839,0,아이템,챌섭 템셋팅 질문,챌섭에서 비숍키우고 있는 뉴비입니다. 현재 지금 템셋팅에서 300억 메소 정도 더 있는데 템을 뭘 사는게 좋을까요..?
2026-06-24,701,0,기타,챌섭 코인샵블큐 리프되나요?,군돌이라 이번챌섭 외출나가서 최대한하면서 5만점 쌀먹할려는데 챌섭코인샵 블큐 화에큐 들고 리프되나요?
2026-06-24,3837,0,기타,무한야누스 하려면 야누스 몇렙돼야 하나요?,무한 야누스 제자리사냥 하려고 자석펫 한세트도 샀는데 지금 야누스 20레벨에 5석펫 효과 받고 하니까 대략 7~8분정도 사냥하면 야누스가 꺼지네요. 최대 300초까지 증가라길래 야누스 20렙이면 200초까지 증가될 줄 알았는데 그건 아닌가봐요. 솔야누스 몇레벨 돼야 무한지속 되는지 아시는 분 계신가요?
2026-06-24,8793,0,기타,200렙 달성비약 어디다쓰나요,본섭에 유니온 9000인데 이거 챌섭에서는 사용못하는건가요??? 무조건 본섭에서만 사용하는건가요??
2026-06-24,605,0,아이템,200때 받는 보스장신구 상자 못받는데 어떻게 해야될까요??,모르고 레테 201짜리 하이퍼버닝 지정해서 200떄 받는 보스장신구 상자 못받는데 어떻게 해야될까요?? 같은거 사서 끼면 되는건가요??
2026-06-24,810,0,기타,블루베리 농장은 스펙이 어느정도 되면 간단히 할 수 있나요??,블루베리 농장은 스펙이 어느정도 되면 간단히 할 수 있나요??
2026-06-24,863,0,기타,닉넴이거 팔릴까요?,"힙합냥 이거 팔릴라나용,,"
2026-06-24,715,0,아이템,찐뉴비 앞으로 방향성 궁금합니당ㅠ,"재 274 레테 하고있습니다. 에잠, 유잠, 레잠, 등등 이제 막 깨닫고 게임을 하고 잇습니다. 안타깝게도 공략을 늦게 보는 바람에 제 멋대로 바르고 했었는데, 혹시 이후 셋팅 방법좀 알려주실수 잇을까요ㅡ 챌린저스는 3만점으로 플레티넘?까지 햇어요! 앞으로 열심히 해볼생각이구요! 100-150억 정도 자본금 구해서 해볼생각이기도 합니다. 1. 현재 장비에서 어떤거부터 어떻게 셋팅을 바꿔야할지? 2.드메템 드메템 그러는데 보스장비1개 , 드메템1개 이런식으로 나눠지는건지 공용으로 사용하는건지?? 궁금합니다!! 다들 즐거운 메이플되세요!!"
2026-06-24,816,0,아이템,챌섭 메소사용처 질문좀요ㅜㅜ,270랩 렌입니다 흔하게 유튭보면서 진행하고 있으며 데브펜 17성 유닉 블랙보조 유닉 에픽 이거 말고는 아직 안건드렸습니다 30억 메소정도 있는데 뭐 하는게 젤 좋을까요
2026-06-24,3449,0,기타,챌린저스 섭 연금술 명장 찍기 팁좀 주심안될까여,"지금 겨우겨우 채집10렙 연금술 10렙 만들었습니다... 메소 여유가 없어서 그냥 도구없이 채집캐고 그걸로 연금술 10렙 만들고 한거에요. 메소는 있을때마다 심볼 업그레이드에 투자하다보니...여전히 부족한. 지금 보라색 꽃만 캐고 있는데, 경매장에 싼건 쥬니퍼베리 꽃 오일이 상대적으로 저렴하긴한데 이걸로 뭐를 만들어야 효율이 좋은가요? 카모마일/페츌리 개당 가격 어마어마합니다. 이건 패스해야함... 쥬니퍼베리 씨앗 오일을 팔고~ 효율 좋은걸로 사서 명장찍어보면 어떨까해서요. 그게 낫겠다 싶었어요."
2026-06-24,731,0,직업,직업 뭘로 할까요,제가 7월 4일에 복귀하는데 직업은 뭘로 할까요 이번에 제대로 본캐로 할거 같아요 제가 찍먹만 조금 하다가 이번에 제대로 하는 겁니다
2026-06-24,815,0,기타,Mvp 질문좀,레드 달라고 하는대 질문좀 150 한번에 지를꺼면 담달 초에 할까요? 지금 달말인대 해버릴까요? 지금 한 20정도 과금한 상태인대 어떤방법이 좋나요?? 레드 달아보는게 첨이라 ㅠ
2026-06-24,771,0,아이템,메린이 템 값 진단 도와주세요,지금 시세로 얼마정도 할까요??
2026-06-24,2377,0,아이템,챌섭 9보장 vs 7보장 2여명,요즘은 뭐가 더 나은가요? 2여명은 데브팬 + 에스텔라(트왈마) 중에 뭐가 더 나은지도 알려주십셔
2026-06-24,771,0,기타,주간던전 경치랑 솔 에르다 보너스 단계 따로 설정하는 건가여?,블루베리는 270때 쓸려고 해서 오늘까지 270은 못 만들 것 같아서 내일 초기화 되기전에 그냥 하이마운틴 돌려고 하는데 1.보너스 단계 설정 하는거 경험치랑 솔 에르다 각각 따로 설정이 가능 한 건가여? 2.만약 따로 라면 둘 다 1단계 해주는게 메포 효율을 생각했을 때 젤 낫져?
2026-06-24,698,0,기타,챌린저스 샾질문,매주 경쿠 7개씩 있던데 매주마다 사도 코인안모자르나여
2026-06-24,761,0,직업,디2만 해보고 메이플 처음인데 캐릭? 직업?좀,"디2에서 아마존, 바바, 성기사 같은 밀리계열을 주로 했습니다. 타격감좋고 스피드한 직업 있을까요?"
2026-06-24,833,0,아이템,방무 질문이 있어요,보스 돌기 위한 적정 방무가 어떻게 되나요? 잠재 몇줄인지나 스탯창 퍼센트라든지..
2026-06-24,736,0,아이템,챌섭 메린이 이벤링 질문,기본으로준 이벤링큐브 다썻는데 레전 2개 드랍 + 올텟6% 이터널플레임링 주스텟 9퍼 밖에 안떳는데 코인으로 큐브사서 21퍼 뽑아야되나요?
2026-06-24,830,0,아이템,챌섭 뉴비 아이템 구매 추천,"안녕하세요 이번 챌섭으로 4년만에 복귀했습니다. 현재 템 상태이며 110억메소를 가지고 있는데, 1. 보조를 구매하는게 좋을까요? 2. 아니면 타 아이템을 구매하는게 좋을까요 현 하진힐까지 잡았습니다 본캐로 키울 예정이며 나중에 본섭 넘어가서도 쭉 업그레이드 예정입니다"
2026-06-24,721,0,직업,안녕하세요! 복귀 뉴비 직업 고민 선택 부탁드립니다.,안녕하세요! 예전에 리부트 조용하던 시절에 카이저 천천히 키우면서 즐기다가 접고 이번에 버닝으로 복귀하려고 하는데요! 직업 고민 때문에 글을 쓰게 됐습니다! 아란 듀얼블레이드 키네시스 이중에서 고민이 돼서요! 솔플 위주로 하기 때문에 천천히 해방을 목표로 갈 거 같습니다! 현질은 아마 안할 거 같고 한다면 달에 5만원 정도입니다! 이 외에도 직업 추천 해주셔도 좋으니 고수님들 많은 조언 부탁드립니다!!!!
2026-06-24,938,0,기타,지금 환산에 나오는 보스 배율이,20분 기준으로 나오는 배율이 맞을까요??
2026-06-24,30437,0,기타,레테 어빌리티 질문요,레테 어빌리티 돌리다가 2번째줄에 상추뎀8%가 떳는데 자물쇠 잠궈도 되나요? 그리고 서큘레이터? 이건 어떻게 사용하나요?
2026-06-24,717,0,아이템,저 완전 메린이 인데 강해지고 싶어요..! 도와주세요…,현재 270레벨이고 전투력은 1500정도 입니다.. 유튜브를 봐도 이해가 안되고 제 레벨이 1500이면 낮은건가여..? 보스도 잡고 그러고 싶은데.. 템 한번 봐주실 수 있으면 봐주시고 피드백좀 해주세요.. 사진을 5개 밖에 못 올려서.. 혹시나 메린이를 가르쳐 주실 분은.. 옵챗으로 연락주세여 ㅜㅜ 카카오톡 오픈채팅을 시작해 보세요. 링크를 선택하면 카카오톡이 실행됩니다.
2026-06-24,676,0,아이템,엔버는 엠블렘을 구매하는 것 밖에 방법이 없나요?,유니크 잠재는 교불에만 바를 수 있는데 블랙 엠블렘 같은게 안 보이더라구요 엔버는 교불 엠블렘이 미트라 밖에 없나요?
2026-06-24,1379,0,몬스터,썬콜인데 검마 113퍼 잡아질까요?,공략따라하면서 열심히 치면 이론상 잡아지는거 맞죠?
2026-06-24,718,0,기타,제네 플러스 보상 질문입니도,7월초 해방기준 검마는 소급적용이고 나머진 23부터 하나씩 해금되는 보스를 처치해야 코인 받는거죠?
2026-06-24,684,0,아이템,메린이질문있습니다,플라즈마하트에 17성 스타포스 발리나요? 그리고 친구가 챌다른서버인데 보스같이갈 수 있나요?보상 이런것도 다 똑같은지?
2026-06-24,757,0,직업,말뚝딜하는 직업 뭐가 있나요?,신궁이 전에는 말뚝딜하기 좋았는데 지금도 그런지 모르겠어서요 1순위 : 보스잡을 때 컨트롤 필요없는 말뚝딜 2순위 : 시너지 스킬 존재 유무 3순위 : 사냥 난이도 이렇게 보는데 신궁이 그래도 제일 좋을까요?
2026-06-24,561,0,직업,제논 질문 있습니다,제껀 아니고 친구껀데 카이 배율 도핑 안 하고 돌려서 184퍼 나옵니다 근데 오리진 극딜 박아도 3퍼 까인다고 합니다 혹시 6차를 잘못 찍어서 그런걸까요? 184퍼면 극딜만 박아도 깨는 배율로 알고 있어서 여쭤봅니다
2026-06-24,654,0,직업,제논 시드링 질문입니다,"챌섭에서 제논 키우고 있는데 리레 4, 컨티 3을 사용하고 있습니다 근데 제논을 찾아보니까 서브 시드링을 웨펀 쓰는 것 같은데 컨티 3 vs 웨폰 4 하면 무조건 웨폰 4가 맞나요??"
2026-06-24,10858,0,기타,연합 토큰 어떻게 얻나요?,미션 울티마인지 뭔 씨잘떼기 없는 스토리텔링 영상 따위에 무슨 시간 할애를 1시간이나 강제하고 지랄인지 참. 다 읽지도 않음. 걍 개 빡쳐서 중도 관둠. 앞으로 몇 수시간을 갈아넣어야하는지 미확인 상태. 이딴거 빼라니까는 고정도 아니고 단기 이벤트에 뭔 힘을 이래 주는지. ㅋㅋㅋㅋ 개선 제보를 이딴거넣으라고 힘주는 유저들이 많은가보다. 진짜 개변태 인간들 많나봐요. 온라인 도박장에 이딴 궁금하지도 않는 스토리 읽고싶나봐. 그래서 연합 토큰 어딧나요 ㅠㅠ
2026-06-24,638,0,기타,시퀀스에 등록한 버프스킬들 퀵슬롯에서 빼두 되나요??,메이플 처음 합니다 레테를 하는데 퀵슬롯창이 모자른거 같아서 퀵슬롯에서 시퀀스에 등록한 버프 빼고 다른 액티브스킬 넣고 싶은데 그래두 되나요???
2026-06-24,746,0,직업,5.5 배메 본캐 바꾸려고 합니다.,배메가 투자효율이 떨어진다 그래서 부캐로 냅두고 본캐를 바꾸려고 합니다. 와헌하려고 챌패스+제네패스까지 다 몰아줬는데 텔포 없는게 별로라서 갈아타려합니다. 재획+보스로 매달 300억이상 벌고있고 손은 똥손입니다. 목표는 우선8만인데 꾸준히 키울생각입니다. 후보1. 276랩 썬콜 6차는 1랩씩 뚫었고 5차랑 아케인심볼등 간단한 내실만 되있는상태 후보2. 챌섭 마스터 찍고 250비약 레테 먹이고 맨땅에서 시작 후보3. 그냥 배메 쭉 키우기 후보 셋다 플레이 스타일이나 디자인같은건 마음에 듭니다.
2026-06-24,845,0,아이템,진라벨이라는게 사면좋다는데 캐시템인가요??,아이템인지 캐시템인지 경매장에 검색해도 안나오더라구요 어떤아이템인가요??
2026-06-24,1452,0,아이템,챌섭 노말 진힐라 잡기 위해 쌍레구매?,"아델이구 투력 2077만, 배율 아래 사진 정도로 나오는데, 지금 엠블렘 유닠 공9퍼만 달아서 쓰고 있고 블랙 보조는 유니크 보공30%+공6% 쓰고 있습니다 어제 진힐라 연모로 3트 정도 했는데 10분 남기고 47%까지밖에 못깎았어요 처음해봐서 익숙해지는데 시간이 필요할 것 같은데 오늘이 마지막 트라이날이라ㅠ 쌍레 보조랑 미트라 원래 미라클 이후에 사려고 했는데.. 이러면 그냥 보스 편하게 잡기 위해 사는게 나을까요? 아니면 그냥 이대로 더 트라이 해볼까요? 노말 진힐라 첫주에 못잡은게 나중에 거슬릴까요..? 고민돼서 조언 부탁드립니다!!!"
2026-06-24,622,0,퀘스트,해방퀘,이번주 하스데 노말 검밑솔 잡으면 해방이 많이 밀리나요..??
2026-06-24,936,0,아이템,보장9세트 vs 보장7세트 2여명,뭐가좋을까요?? 도와주세요
2026-06-24,969,0,아이템,보마 이벤링 추천좀 해주세용,이터널 / 글로리온 / 테네브리스 / 어비스 이렇게 있는데 2티어 반지 카오스랑 크리티컬 중에 뭐 받아야 하나용? 직업은 보마입니다
2026-06-24,1477,0,아이템,데아시두스 vs 에스텔라,"유튭보니까 가엔링 에스텔라로 2여명 띄우라는 정보가 엄청 많던데 굳이 에스텔라로 맞추는 이유가 뭔가요? 여명은 보통 최소 17성은 쓰니까 실블링, 응축, 메커 처럼 렙제가 낮아서 17성을 못띄우는 템을 우선적으로 바꾸는게 좋을거 같은데.... 거기다 18성 에스텔라가 19성 데아시두스랑 체급이 비슷한데 가격은 19성 데아시두스가 훨씬 싸더라구요 이러면 셋옵도 별로 차이 안나는데 굳이 4여명 가겠다고 돈 더주고 에스텔라를 맞추는 이유를 모르겠습니다. 차라리 가엔링 보장으로 쓰고 트왈마 데브펜으로 2여명 쓰는게 낫지 않나요?"
2026-06-24,847,0,몬스터,님들 메이린 최소컷 질문인데요,하진힐 112퍼로 2분 정도 남기고 잡았는데 메이린도 충분한가요...? 메이린이 쉽다고 듣긴했는데 할만한지 감이 안잡혀요 ㅠㅠ
2026-06-24,587,0,아이템,앞으로의 방향,3카룻 5앜셰 4여명 나머지 보장으로 전부위 유닉에픽 18성 둘둘로 해방완료했습니다. 전투력 1억턱걸이 입니다. 소과금(거의 무과금)유저인데 앞으로 에테유니크정도로 직작하는 방향으로가나요? 아니면 아케인을 22레전 방향으로 가야하나요? 아니면 또다른 방향이 있을까요?
2026-06-24,661,0,기타,검밑솔 닼나 버리고 렌 키우려는데 템 이동 질문,"안녕하세요 메쌤님들 챌린저스 시즌1 때 만든 닼나를 현재 유챔A에 검밑솔 주보돌이로 사용 중입니다. 이번 챌섭에서 렌을 새로 키워서 본섭으로 가져오려고 하는데, 현재 닼나에 있는 템을 렌으로 넘길 계획입니다. 템 수준은 * 3카 4앜 * 보장 + 여명 세트 * 전부 17성 15% 둘둘 정도입니다. 3카는 처분하고 흙에테로 넘어갈 생각이고요. 고민인 게, 1. 일단 지금 닼나 템을 정리해두고 렌은 챌섭에서 하나씩 맞추면서 키운다. 2. 본섭 이전 직전까지 닼나 템 그대로 쓰고, 렌은 최소한으로만 육성한 뒤 이전 후에 템을 몰아준다. 둘 중 어떤 선택이 더 효율적일까요? 무과금이고 챌섭은 끝까지남아서 챌린저는 찍어보는게 목표입니다 ! 글작성능력이 부족해서 지피티로 정리햇습니당 답변주시면 감사하겠습니다!"
2026-06-24,634,0,기타,복귀유저인데 방학시즌에는 본캐 부캐 사냥비중어떻게둬야해요?,부캐템맞추는건 좀 미뤄도 렙업때문에라도 사냥할때 함선나와서 경험치많이주는거 생각해서 그거다 쓸때까진 본캐부캐 사냥30분씩은 다 해줘야하나요?
2026-06-24,780,0,퀘스트,레테 영메스킬은 어떻게 배우나요?,아무리 찾아도 안보이는데. 혹시 배우신분 공유점 부탁드려요
2026-06-24,1190,0,기타,에픽던전 1단계 하는게 메포효율 생각했을때 젤 좋져?,지금 266렙 이기도 하고 낼이면 초기화 되니깐 그냥 하이마운틴 돌려는데 메포 효율 생각하면 1단계로 받아야 겠져?
2026-06-24,835,0,시세,닉네임 판매할까 옮길까...,"진지,피습 작년 12월쯤에 샀는데 진지 이건 100만원해서 옮길까요? 아니면 두 닉네임 얼마정도에 팔릴까요?"
2026-06-24,868,0,기타,혹시 요즘도 무릉에서 경쿠수급 되나용??,여전히 가능한지 궁금합니다!! 옛날엔 되었던걸로 알아서요!
2026-06-24,879,0,아이템,이거 에디 선택하고 팔아야되나요?,선택좀 부탁드립니다.
2026-06-24,908,0,기타,메이플만 쾌적하게 할 수 있는 컴퓨터를 사고 싶습니다,"컴퓨터로 오직 메이플만 합니다. 8년 쓴 데스크탑은 사냥조차 렉걸려서 못하고 회사에서 지원해준 lg 그램으로 메이플 하는데 이 마저도 렉이 심하네요 메이플만 쾌적하게 할 수 있는 데스크탑 하나 맞추고 싶은데 컴알못이라 어디서부터 어떻게 맞춰야 할지 모르겠습니다. 라이젠5, ssd 500기가, 램8기가 두개(가격 여유만 되면 16 두개) 제가 알고있는 지식은 이게 다입니다. 이런 정보 공부할 수 있는 곳이나 이정도 스펙으로 맞추면 된다 정도 알려주실 수 있을까요?"
2026-06-24,756,0,기타,제네패스 챌섭패스중 하나만 살수있는데,뭐가 더 좋나요? 방금 260찍었어요
2026-06-24,1102,0,아이템,뉴비 카레잠 어디에 발라야하나요,"가이드대로 해서 에메찍고 카라잠 받을수있는데 누군 보조에 바르라하고 하트, 엠블럼 다 다르길래 여쭈어봅니다"
2026-06-24,826,0,기타,울티마 작전일지 메이플id 변경,안쓰는 메이플id에 울티마 작전일지 받았는데 이벤트참여하기로한 메이플id 삭제하고 다른 메이플id로 변경가능한가요...?
2026-06-24,1034,0,아이템,엠블렘 공뎀뎀,공6 뎀15가 그냥 공9보다 높은 거 맞죠?
2026-06-24,869,0,기타,메린이 주말반입니다 도와주세요,첫날부터 시작을 했는데 플레이는 주말 2일만 가능합니다 3-4시간 정도 플레이가 가능한데 레벨업이 늦어지면 문제가 많이 될까요? 1. 주말만 3-4 시간 가능한데 보스 트라이 하기도 바쁜 시간이라 렙업이 잘 안되고 있습니다.. 사우나 현질하고 리조트 사용해서라도 렙업은 중요한거죠? 2. 메린이라 보스들 여유컷 높을 때 도전하려는데 아케인 메소로 최대한 강화하는것도 도움이 될까요? 일퀘를 못하니 심볼 업도 안될 것 같아서요 3.패스는 전부 다 샀는데 주말만 플레이 해도 혜택 다 받아 볼 수 있을까요..
2026-06-24,829,0,아이템,메린이 엠블렘 질문,저번 챌섭에서 렌을 키워 본섭 리프를 해놨는데 이번 챌섭 끝나도 계속 메이플 할 예정이라 렌으로 본캐를 바꾸고 싶은데 이 엠블럼도 미트라를 사야하나요? 아니면 들고가도되나요?
2026-06-24,773,0,기타,에픽던전 관련 질문입니다,챌섭 메린이입니다 260레벨때 에픽던전 하이마운틴을 해버려서 지금 274레벨을 찍었는데 이번주 앵컴을 못하게 되었습니다 내일 초기화 되기전에 하이마운틴 보너스 리워드라도 받는게 나을까요? (1단계 경험치 + 솔 에르다) 경험치는 28퍼 오르고 솔 에르다는 4개 주네요
2026-06-24,8552,2,아이템,챌섭 메린이 파풀마 대신 블빈마를 사버렸습니다..망한건가요?,"어떤 유튜버(지@)를 보고 파풀마가 있는줄 모르고 블빈마를 사버렸습니다.. 근데 다른 유튜버 들은 파풀마를 사라고 하더라고요 (물@@아,메@놈) 블빈마는 2억 메소 주고 샀는데 파풀마는 2억 초반대~3억에 거래 되었더라고요 가격차가 별차이가 안나는데 블빈마를 사버려서 너무 후회됩니다.. 메린이 망한건가요?ㅠㅠ 파풀마로 다시 살까요?"
2026-06-24,865,0,기타,옥토퍼스 지우개,이런 희귀템 요즘 팔려 형들?
2026-06-24,4374,0,기타,메린이 이러면 5주 제네 해방 가능함??,이번주 시간 없어서 그런데 1주차 노말 검밑솔(진힐라x) 2주차 검밑솔 + 노말 진힐라 3주차 검밑솔 +검마 2인 4주차 검밑솔+ 검마 솔격 하면 5주차때 해방 가능함???
2026-06-24,4571,0,아이템,여명셋 지금 많이 올랐나요? 템셋팅 알려주십쇼 ㅠㅠㅠ,"지금 여명 17성들이 가격이 많이 오른건가요? 뉴비라 아무것도 모르네요 최대한 효율적으로 돈을 쓰고 싶은데, 어떻게 하면 좋죠? 75억 정도 들고있습니다. 일주차에 검밑솔하는게 목표입니다. 평가 시원하게 부탁드립니다. 아래 템을 사려고 했습니다. 가격이 괜찮을까요? ------- 에스텔라 이어링 int 9 6 : 5억 if +17성 : 12억 (5억에 사서 17성 주문서 사용) 가디언 엔젤 링 int 9 6 : 5억 if +17성 : 11억 (6억에 사서 17성 주문서 사용) 데이브레이크 펜던트 int 9 6 : 5억 if +17성: 10억 (17성 구매) 트와일라이트 마크 int 9 6 : 5억 if +17성: 10억 (17성 구매) 분노한 자쿰의 벨트 int 9 6 : 5억 if +17성 : 13억 (샤타포스때 17성 붙이기 or 그냥 구매?) 파풀라투스 마크 int 9 6 : 8억 if +17성 : 15억 (샤타포스때 17성 붙이기 or 그냥 구매?) 총합=5+5+10+10+5+8= 43억 ------ 하프 이어링 메획 : 16억 (16억 구매) 43 + 16 = 59억"
2026-06-24,823,0,기타,익몬 퀵패스 질문,매일 몬파 퀵패스로 7번 다했는데도 익몬 경험치가 안들어온거 같아서 익몬 경험치 들어왔는지 확인 방법 있을까요?
2026-06-24,784,0,아이템,뉴비 렌 이벤트링이랑 기타 등등 질문 있습니다,1. 이벤트링 받는 순서가 원정대 -> 어웨이크 인가요? 그리고 잠재는 이벤트 큐브로 어느정도 맞춰야 하나요? 그리고 이벤링 목록 엄청 많은 선택권을 렌한테 써도 되나요? 2. 260까지 랩업 한번 당 VIP부스터 1개씩 쓰는건가요? 아님 그냥 일반몹만 잡나요? 3. 본캐가 4년전에 만든 210짜리 아델인데 렌으로 본캐 갈아타고 패스 다 사서 해방까지 해줘도 될까요? 체급 안좋아서 본캐로는 하지 말라는 말이 많아서 고민됩니다. 그리고 혹시 렌 전용 챌섭 가이드가 있을까요?? 찾아봐도 렌 전용은 안보이네요..
2026-06-24,1634,0,기타,선생님들 노말 윌도 못깨면 접는게 맞을까요?,"3일째 도전 중인데 너무 못하네요 윌도 어려워서 못하는데, 다른 보스들도 힘들겠죠?"
2026-06-24,962,0,시세,요즘 오토 3줄 팔리나요?,챌2섭인데 레잠 바르고 떳길래.. 팔리나해서요
2026-06-24,997,0,기타,메이플 엠작,엠작 하려구 하는데 처음하는거라서 캐시로 뭐사는게 가장 효율 좋을까요 현시점으로 ? 알려주시면 감사하겠습니다 ㅠㅠㅠ
2026-06-23,3258,0,직업,레테 헥사 스텟,제가 헥사 스텟에 대해 잘 몰라서 그런데 헥사 스텟 능력치 뭐하면 되나요?
2026-06-23,1331,0,아이템,메이린 헤어/성형 쿠폰,메이린 노말 클리어 보상으로 받는 헤어/성형 쿠폰 제로 알파/베타 모두 적용 가능한가요?
2026-06-23,715,0,시세,템셋팅 시기 질문입니다!,"템셋팅 시기 질문입니다! 지금 보조는 샀고, 엠블은 애완미트라로 계속 돌릴 예정에 있고 장신구를 좀 맞추려고 하는데 일요일에 샤타를 할것같다는 얘기가 많아서 21성정도짜리 살거라 좀 기다리면 확실히 많이 싸질까요? 이번주에 보스를 좀 쌔게, 쉽게 가고싶어서 지금 사야될지.. 고민이네요"
2026-06-23,836,0,기타,친구랑 대화하다가 이유없이 채금걸려서 채금 조건 알려달라고 했는데 이거 맞냐??,친구랑 대화하다가 갑자기 채금당해서 채금 기준을 상세하게 알려달라고 했더니 못 알려주겠다는데 이거 맞음...??
2026-06-23,3299,0,몬스터,검마 아케인포스 충족한데 반감이에요,현재 아케인포스 1420인데 반감 받고 있어요 아케인포스 어디까지 올려야할까요?
2026-06-23,9161,0,기타,뉴비 솔 에르다 / 솔 에르다 조각 선택권 받을라 하는데 [답답함주의],"사진에서 보는바와 같이 7월2일 까지 써라고 해서 사라질게 두려워서 미리 받아둘려고 하는데 지인한테 솔에르다 랑 솔 에르다 조각 선택권 뭐 받아야 하냐? 물어보니 내 캐릭 스팩에 따라 결정 해라고 해서 주환산 사이트 가서 핵사 강화 순서 올리는거 보고 해라 하는데 쓰벌 내가 아는게 1도 없는데 알아서 해라는데 당장 이거만 봐도 코어 활성화가 안되는데 뭐 어쩌란건지 모르겠어 그래서 내가 코어 활성화 조차 안된다 하니까 다른 지인이 V메트릭스 코어 렙업 다 했냐? 물어보길레 내가 여기 있는거 ""전부"" 강화를 다 했냐 라고 물어보는건지 직업 코어에 있는걸 다 올렸냐? 는건지 강화코어를 다 올렸냐? 는 건지도 모르겠고 진짜 답답해 미치겠다"
2026-06-23,3571,0,기타,챌섭 보통 리프 언제하나요?,1차 리프기간이 7월 23부터던데 자석펫이 걸리더군요 본케에 자석있어서 굳이 자석 또사고싶진않은데 자석펫이 한달짜리주는지 몰랐어요 ㅠ 이참에 3석펫가야하는것인지 아님 7월에 리프열리자마자 옴겨야되는것인지... 고민입니다 해방할대까진 여기있는게맞겠죠...?
2026-06-23,941,0,아이템,레테보조2줄,마력21%랑 보공40%마9%나왔는데 뭘 골라야하나요?
2026-06-23,1255,0,기타,6 자석펫 질문,6마리 할때 3마리 세트 후 아무거나 3마리 넣는걸로 아는데 이때 펫 장비 장착이 되나요? 공마가 있으면 공마까지 적용이 되나요? 적용 된다면 간단하게 펫 장비당 각 공마 45오른다고 치면 45x3=135 에서 추가로 또 4석 5석 6석 이 세트효과로 공마 15 15 30 증가 하니까 60 60 + 135 = 195 공마가 증가하는게 맞나요? ....
2026-06-23,723,0,몬스터,익스우 2인팟 가려면 배율 몇정도 돼야하나요?,너무 극최소컷 말고 어느정도 생존 신경쓰면서 했을때 두명 합쳐서 몇퍼정도 나와야할까요?
2026-06-23,1150,0,아이템,뉴비챌섭 천천히할건데 지금템값 거품이죠?,챌목표로 적당히 하려고 하는데 지금 템값거품이죠? 레전보조같은거 살까말까 고민중이라서요
2026-06-23,878,0,아이템,챌섭 장갑 살만한가요???,아케인 18성 크주주 60억 에테 노작 크주주 50억 어떤서 사는게 좋을까요? 아니면 존버하고있다가 샤타포스 이런거 하는날에 사는게 좋을까요?ㅠㅠ
2026-06-23,740,0,기타,챌섭 패스 질문드려요,"평소 재획 거의 안하는 성격인데, 챌섭 270찍고 나니까 너무 귀찮고 현타오는데 그냥 챌섭패스 사서 블농만 해도 거의 280찍히겠죠? 2만원으로 시간 산다 생각하면 개이득인거 같은데..."
2026-06-23,653,0,아이템,드메,대충 드랍 200정도 맞출려면 몇억 필요할까요
2026-06-23,829,0,기타,"환산주스텟에 보스표는 풀도핑, 노블기준인가요?",하스데까지는 vip쿠폰만쓰고 잡긴했는데 진힐라 연모로 버프 다넣고 연습좀해봤는데 영 모자라 보이더라구요. 저기 표시되는 퍼센트는 어떤기준이지 궁금합니다
2026-06-23,876,1,아이템,메이플 입문 뉴비 유튜브 보고 따라오긴 했는데 템세팅 앞으로,"안녕하세요 앞으로 뭐 해야하는지 감이 안 잡힙니다 위와 같은 템세팅으로 유튜브 보고 따라왔고 전투력 2200만 정도 나옵니다. 노말 진힐라까지는 한 3시간 패서 잡아서 지금 플래티넘에 와있는 상태인데요 앞으로 장신구를 바꾸라는 걸 들었는데, 한주한주마다 유니크 잠재 발라가면서 바꾸면 되는건지 뭐부터 우선순위를 둬야 하는지.. 사파이어 가려면 뭔가 스펙업을 해야할 것 같은데 좀 친절히 알려주실 분 계신가요??"
2026-06-23,730,0,기타,님들 진짜 너무 급해요 유입 뉴비 메린인데 질문좀 봐주세요 ㅜ,챌1섭에 첫날부터 호영 키워왔는데 도저히 생각했던거랑 안맞고 재미가 없어서 255찍고 삭제했거든요.. 어차피 금방 올릴 수 있다고 생각해서 그래서 다른캐릭터를 키우려니까 아이템버닝이 안된다는데 이런상황이면 전 어떻게 해야할까요 존버하고 겨울에 시작해야할까요 맨땅에 투자할수잇는 돈도 적어서 너무 고민입니다 멘탈이 나가버렸습니다 ㅜ
2026-06-23,711,0,아이템,챌린저 목표인데 보조를 방공공 사면 별로일까요?,직업은 팬텀입니다. 지금 보조가 비싸긴 해도 하나 사려는데 방무 껴져있을바엔 싸게 2줄 사는게 나을까요?
