videoId,text,likeCount,published,text_raw,text_clean,tokens,is_question,question_category,question_confidence,llm_error,classification_source
FMUmSNtWlEU,지금 막 시작했는대 메인 퀘 다스킵하기가 안대던대 왜그런건가요,1,2026-08-12 22:58:31+00:00,지금 막 시작했는대 메인 퀘 다스킵하기가 안대던대 왜그런건가요,지금 막 시작했는대 메인 퀘 다스킵하기가 안대던대 왜그런건가요,"['시작', '메인', '퀘', '다스', '킵', '대', '거']",True,시스템,1.0,,
mQo4xmzyIgY,근대 지금 메이플 키워도 좋을까요?,0,2026-08-12 20:50:49+00:00,근대 지금 메이플 키워도 좋을까요?,근대 지금 메이플 키워도 좋을까요?,"['근대', '메이플', '키우', '좋']",True,육성_레벨링,1.0,,
f92dfu0biJI,아 지금은 자석펫을 못받는구나 끝낫구나,0,2026-08-12 20:35:33+00:00,아 지금은 자석펫을 못받는구나 끝낫구나,아 지금은 자석펫을 못받는구나 끝낫구나,"['지금', '자석펫', '받', '끝나']",False,해당없음,1.0,,
9saj1Kg7S1I,챌섭 테라버닝은 260힘들던데요 다음챌섭 기다려야될듯합니다  본섭에 기반이 있어서 메리트가 없네요 이제ㆍ,1,2026-08-12 08:44:58+00:00,챌섭 테라버닝은 260힘들던데요 다음챌섭 기다려야될듯합니다  본섭에 기반이 있어서 메리트가 없네요 이제ㆍ,챌섭 테라버닝은 260힘들던데요 다음챌섭 기다려야될듯합니다 본섭에 기반이 있어서 메리트가 없네요 이제,"['챌섭', '테라버닝', '힘들', '다음챌섭', '기다리', '되', '듯', '본섭', '기반', '있', '메리트', '없']",False,해당없음,1.0,,
FMUmSNtWlEU,영상 참고해서 오늘 260됐네요 ㅋㅋ,1,2026-08-11 23:38:51+00:00,영상 참고해서 오늘 260됐네요 ㅋㅋ,영상 참고해서 오늘 260됐네요 ㅋㅋ,"['영상', '참고', '오늘', '되']",False,해당없음,1.0,,
mQo4xmzyIgY,저어 .. 응애인데요ㅠㅠ 하이퍼가 조금조금 성장하고보면 계속 스탯이 바뀌는데 그때마다 초기화 해야할까요 ㅠㅠ? 막 공마8까지 올리라고해서 올렸다가 나중에 다시보면 6으로 바뀌고 다른게 올라가져 있어서요 ㅠㅠ,2,2026-08-11 18:55:20+00:00,저어 .. 응애인데요ㅠㅠ 하이퍼가 조금조금 성장하고보면 계속 스탯이 바뀌는데 그때마다 초기화 해야할까요 ㅠㅠ? 막 공마8까지 올리라고해서 올렸다가 나중에 다시보면 6으로 바뀌고 다른게 올라가져 있어서요 ㅠㅠ,저어 응애인데요ㅠㅠ 하이퍼가 조금조금 성장하고보면 계속 스탯이 바뀌는데 그때마다 초기화 해야할까요 ㅠㅠ? 막 공마8까지 올리라고해서 올렸다가 나중에 다시보면 6으로 바뀌고 다른게 올라가져 있어서요 ㅠㅠ,"['젓', '애', '하이퍼', '성장', '스탯', '바뀌', '그때', '초기', '공마', '올리', '하', '올리', '나중', '보', '바뀌', '것', '올라가']",True,육성_레벨링,1.0,,
mQo4xmzyIgY,레테스킬에는 방무가 있던데 그래도 따로 방무가필요할까요?,1,2026-08-11 18:37:26+00:00,레테스킬에는 방무가 있던데 그래도 따로 방무가필요할까요?,레테스킬에는 방무가 있던데 그래도 따로 방무가필요할까요?,"['레테', '스킬', '방무', '있', '방', '무', '필요']",True,스펙업,1.0,,
9saj1Kg7S1I,일단 280까지 찍고 영상처럼 옵션작하면 되는 건가요??,1,2026-08-11 16:23:24+00:00,일단 280까지 찍고 영상처럼 옵션작하면 되는 건가요??,일단 280까지 찍고 영상처럼 옵션작하면 되는 건가요??,"['찍', '영상', '옵션', '작', '되', '거']",True,육성_레벨링,1.0,,
mQo4xmzyIgY,"드메템 없으면 그냥 채집 
겁나게 하면 됨. 
저는 그냥 패스권 다 사고 
시간 나는대로 채집만 
겁나 했음. 제네 무기 
쌍레 5줄 빨리 나오면 
진짜 쾌적함. 
저는 엠블은 겁나게 
비싸서 그냥 보조 
쌍레 5줄 먼저 샀는데 
확실히 세짐",1,2026-08-11 15:10:45+00:00,"드메템 없으면 그냥 채집 
겁나게 하면 됨. 
저는 그냥 패스권 다 사고 
시간 나는대로 채집만 
겁나 했음. 제네 무기 
쌍레 5줄 빨리 나오면 
진짜 쾌적함. 
저는 엠블은 겁나게 
비싸서 그냥 보조 
쌍레 5줄 먼저 샀는데 
확실히 세짐",드메템 없으면 그냥 채집 겁나게 하면 됨 저는 그냥 패스권 다 사고 시간 나는대로 채집만 겁나 했음 제네 무기 쌍레 5줄 빨리 나오면 진짜 쾌적함 저는 엠블은 겁나게 비싸서 그냥 보조 쌍레 5줄 먼저 샀는데 확실히 세짐,"['드메템', '없', '채집', '겁나', '되', '패스', '사', '시간', '나', '대로', '채집', '겁나', '무기', '쌍', '레', '줄', '나오', '엠블', '겁나', '비싸', '보조', '쌍', '레', '줄', '사', '세']",False,해당없음,1.0,,
mQo4xmzyIgY,내실 필요해주시면 감사하겠습니다,1,2026-08-11 15:06:40+00:00,내실 필요해주시면 감사하겠습니다,내실 필요해주시면 감사하겠습니다,"['내', '필요', '감사']",False,해당없음,0.95,,
oHLCAyjxywA,@01:34 맑음님 이름은 지훈,1,2026-08-11 14:50:51+00:00,@01:34 맑음님 이름은 지훈,맑음님 이름은 지훈,"['맑음', '이름', '지훈']",False,해당없음,1.0,,
mQo4xmzyIgY,"템화6.7이면 전투력이 2억이나 나와요?

패파라서그런가 템환6.7로 1.4억이던데",1,2026-08-11 13:57:16+00:00,"템화6.7이면 전투력이 2억이나 나와요?

패파라서그런가 템환6.7로 1.4억이던데",템화6 7이면 전투력이 2억이나 나와요? 패파라서그런가 템환6 7로 1 4억이던데,"['템', '전투력', '나오', '패파', '그렇', '템환']",True,스펙업,0.95,,
mQo4xmzyIgY,내실필요해요!,1,2026-08-11 13:14:20+00:00,내실필요해요!,내실필요해요,"['내실', '필요']",False,해당없음,0.95,,
mQo4xmzyIgY,내실도 해줘,1,2026-08-11 12:31:00+00:00,내실도 해줘,내실도 해줘,"['내실', '하']",True,육성_레벨링,0.9,,
oHLCAyjxywA,또 나만 안뜨지 에픽빔…,0,2026-08-11 12:22:17+00:00,또 나만 안뜨지 에픽빔…,또 나만 안뜨지 에픽빔,"['뜨', '에픽빔']",False,해당없음,1.0,,
mQo4xmzyIgY,"선생님의 영상에 도움을 받아
메린이가 마침내 챌린저 달성했어요
그런데 이제부터 뭘 하면 좋을지 모르겠어요",2,2026-08-11 12:20:51+00:00,"선생님의 영상에 도움을 받아
메린이가 마침내 챌린저 달성했어요
그런데 이제부터 뭘 하면 좋을지 모르겠어요",선생님의 영상에 도움을 받아 메린이가 마침내 챌린저 달성했어요 그런데 이제부터 뭘 하면 좋을지 모르겠어요,"['선생', '영상', '도움', '받', '메리', '이', '챌린저', '달성', '이제', '하', '좋', '모르']",True,육성_레벨링,1.0,,
mQo4xmzyIgY,약 20년만에 복귀한 초뉴비인데 좋은 영상 감사합니다,1,2026-08-11 12:15:26+00:00,약 20년만에 복귀한 초뉴비인데 좋은 영상 감사합니다,약 20년만에 복귀한 초뉴비인데 좋은 영상 감사합니다,"['년', '만', '복귀', '초뉴비', '좋', '영상', '감사']",False,해당없음,1.0,,
mQo4xmzyIgY,내실도 해줫,1,2026-08-11 11:56:43+00:00,내실도 해줫,내실도 해줫,"['내실', '하']",False,해당없음,1.0,,
oHLCAyjxywA,맑음님은 몇채널인지 공개하라 공개하라 !!!,2,2026-08-11 11:49:27+00:00,맑음님은 몇채널인지 공개하라 공개하라 !!!,맑음님은 몇채널인지 공개하라 공개하라,"['맑음', '채널', '공개', '공개']",True,기타,0.8,,
mQo4xmzyIgY,결론은 메린이는 몆십이상써야 1억투력간다는거네요.....,1,2026-08-11 11:22:17+00:00,결론은 메린이는 몆십이상써야 1억투력간다는거네요.....,결론은 메린이는 몆십이상써야 1억투력간다는거네요,"['결론', '메린', '몆십', '이상', '쓰', '투', '가', '거']",False,해당없음,0.95,,
oHLCAyjxywA,브금이 너무 큰거같은데 나만 그런가..,0,2026-08-11 11:21:59+00:00,브금이 너무 큰거같은데 나만 그런가..,브금이 너무 큰거같은데 나만 그런가,"['브금', '크', '거', '같', '그렇']",True,시스템,0.95,,
mQo4xmzyIgY,4:53 해주세요,6,2026-08-11 11:14:42+00:00,4:53 해주세요,4 53 해주세요,[],True,보스,0.9,,
HVSa7aqX5Tk,ㅇㅇ,0,2026-08-11 11:06:06+00:00,ㅇㅇ,ㅇㅇ,[],False,해당없음,1.0,,
6nCTgra84_8,벨로나 소울 기대된다,0,2026-08-11 10:40:31+00:00,벨로나 소울 기대된다,벨로나 소울 기대된다,"['벨로', '소울', '기대']",False,해당없음,1.0,,
mQo4xmzyIgY,"누구든지 열심히만하면 2~3억 그 이상도 할수있어유..😅 
시간이 걸려서 그렇지..",3,2026-08-11 10:17:27+00:00,"누구든지 열심히만하면 2~3억 그 이상도 할수있어유..😅 
시간이 걸려서 그렇지..",누구든지 열심히만하면 2 3억 그 이상도 할수있어유 시간이 걸려서 그렇지,"['하', '이상', '하', '수', '있', '시간', '걸리', '그렇']",False,해당없음,1.0,,
mQo4xmzyIgY,1주차라는게 영상업로드 기준인가요 아니면 이번 목요일부터 시작되는건가요!!? 유입 4일차라 여쭙습니다,1,2026-08-11 10:06:43+00:00,1주차라는게 영상업로드 기준인가요 아니면 이번 목요일부터 시작되는건가요!!? 유입 4일차라 여쭙습니다,1주차라는게 영상업로드 기준인가요 아니면 이번 목요일부터 시작되는건가요 ? 유입 4일차라 여쭙습니다,"['주', '차', '것', '영상', '업로드', '기준', '이번', '목요일', '시작', '거', '유입', '일', '차', '여쭙']",True,이벤트,1.0,,
6nCTgra84_8,라방일정은 어떻게 아나요?,0,2026-08-11 10:04:09+00:00,라방일정은 어떻게 아나요?,라방일정은 어떻게 아나요?,"['라', '방', '일정', '어떻', '알']",True,기타,1.0,,
mQo4xmzyIgY,리프하면 방어구 없어지는거 아닌가여?,1,2026-08-11 10:01:02+00:00,리프하면 방어구 없어지는거 아닌가여?,리프하면 방어구 없어지는거 아닌가여?,"['리프', '방어', '구', '없', '거']",True,장비_아이템,0.95,,
mQo4xmzyIgY,1억에서 2억으로 갈 때 칠흑은 어느부위 부터 가는게 정배일까요,1,2026-08-11 09:56:46+00:00,1억에서 2억으로 갈 때 칠흑은 어느부위 부터 가는게 정배일까요,1억에서 2억으로 갈 때 칠흑은 어느부위 부터 가는게 정배일까요,"['가', '때', '칠흑', '부위', '가', '것', '배']",True,장비_아이템,1.0,,
mQo4xmzyIgY,"항상 감사합니다
좋아요 댓글은 채널유지에 큰힘이 됩니다!

0:21 전투력 1억 필수인 해방 무기 패스 사야할까?
01:42 검밑솔에서 데미지가 안나오는 이유
03:35 전투력 1억은 어떻게 가는가?
05:48 전투력 2~3억은 괴수인가!


영상과 상관없는 내용이나 과도한 직업비하는
삭제가 되니까 이부분 양해부탁드립니다

채널에 가입하여 혜택을 누려보세요.
https://www.youtube.com/channel/UClLl6MY6ad9f_bZDHxdzqww/join

잼이카페
cafe.naver.com/zamegame

잼이 치지직
https://chzzk.naver.com/fc472e07e10f4e2fb7ee9db67d29120d

목 건강이 나빠서 이중 더빙을 하고 있습니다

ai 성우 사용중입니다

[메이플 장편] 월수금 1편씩 오후 6시 업로드",1,2026-08-11 09:52:10+00:00,"항상 감사합니다
좋아요 댓글은 채널유지에 큰힘이 됩니다!

0:21 전투력 1억 필수인 해방 무기 패스 사야할까?
01:42 검밑솔에서 데미지가 안나오는 이유
03:35 전투력 1억은 어떻게 가는가?
05:48 전투력 2~3억은 괴수인가!


영상과 상관없는 내용이나 과도한 직업비하는
삭제가 되니까 이부분 양해부탁드립니다

채널에 가입하여 혜택을 누려보세요.
https://www.youtube.com/channel/UClLl6MY6ad9f_bZDHxdzqww/join

잼이카페
cafe.naver.com/zamegame

잼이 치지직
https://chzzk.naver.com/fc472e07e10f4e2fb7ee9db67d29120d

목 건강이 나빠서 이중 더빙을 하고 있습니다

ai 성우 사용중입니다

[메이플 장편] 월수금 1편씩 오후 6시 업로드",항상 감사합니다 좋아요 댓글은 채널유지에 큰힘이 됩니다 0 21 전투력 1억 필수인 해방 무기 패스 사야할까? 01 42 검밑솔에서 데미지가 안나오는 이유 03 35 전투력 1억은 어떻게 가는가? 05 48 전투력 2 3억은 괴수인가 영상과 상관없는 내용이나 과도한 직업비하는 삭제가 되니까 이부분 양해부탁드립니다 채널에 가입하여 혜택을 누려보세요 잼이카페 cafe naver com zamegame 잼이 치지직 목 건강이 나빠서 이중 더빙을 하고 있습니다 ai 성우 사용중입니다 메이플 장편 월수금 1편씩 오후 6시 업로드,"['감사', '좋', '댓글', '채널', '유지', '크', '힘', '되', '전투력', '필수', '해방', '무기', '패스', '사', '검', '밑', '솔', '데미지', '나오', '이유', '전투력', '어떻', '가', '전투력', '괴수', '영상', '상관없', '내용', '과도', '직업', '비하', '삭제', '되', '부분', '양해', '부탁', '드리', '채널', '가입', '혜택', '누리', '잼이카페', '잼', '목', '건강', '나쁘', '이중', '더빙', '하', '성우', '사용', '중', '메이플', '장편', '월', '수금', '편', '오후', '시', '업로드']",True,스펙업,0.95,,
oHLCAyjxywA,림보 발드가 칠흑 꿀통이네,0,2026-08-11 08:47:12+00:00,림보 발드가 칠흑 꿀통이네,림보 발드가 칠흑 꿀통이네,"['림보', '발드', '칠흑', '꿀', '통']",False,해당없음,0.95,,
oHLCAyjxywA,부거줄,0,2026-08-11 08:11:33+00:00,부거줄,부거줄,['부거줄'],False,해당없음,1.0,,
oHLCAyjxywA,내가잡는 림흉발은 노멀인가? 진짜 에픽빔 절대없던데 여긴 무슨 매주뜨네,0,2026-08-11 07:56:06+00:00,내가잡는 림흉발은 노멀인가? 진짜 에픽빔 절대없던데 여긴 무슨 매주뜨네,내가잡는 림흉발은 노멀인가? 진짜 에픽빔 절대없던데 여긴 무슨 매주뜨네,"['잡', '림흉발', '노멀', '에픽빔', '없', '뜨']",True,보스,0.95,,
oHLCAyjxywA,맑음님 정도 스팩 이면 상위 10위권 되나? 퍼클 에도 여러번 이름 올리니까,0,2026-08-11 07:45:21+00:00,맑음님 정도 스팩 이면 상위 10위권 되나? 퍼클 에도 여러번 이름 올리니까,맑음님 정도 스팩 이면 상위 10위권 되나? 퍼클 에도 여러번 이름 올리니까,"['맑음', '정도', '스팩', '상위', '위', '되', '퍼클', '번', '이름', '올리']",True,스펙업,0.9,,
oHLCAyjxywA,다음 신규 보스 추가되면 수익 어떨지 궁금하네요!,0,2026-08-11 07:09:52+00:00,다음 신규 보스 추가되면 수익 어떨지 궁금하네요!,다음 신규 보스 추가되면 수익 어떨지 궁금하네요,"['다음', '신규', '보스', '추가', '수익', '어떻', '궁금하']",True,보스,0.95,,
oHLCAyjxywA,다음주 벨로나인데 상위권 유저분들은 보스 잡을때 듄더진 라인에서 하나 버려야 할거같긴 한데 말이죠 참,3,2026-08-11 07:09:15+00:00,다음주 벨로나인데 상위권 유저분들은 보스 잡을때 듄더진 라인에서 하나 버려야 할거같긴 한데 말이죠 참,다음주 벨로나인데 상위권 유저분들은 보스 잡을때 듄더진 라인에서 하나 버려야 할거같긴 한데 말이죠 참,"['다음', '주', '벨로나', '상위', '유저', '분', '보스', '잡', '때', '듄더진', '라인', '버리', '거', '같', '말']",False,해당없음,0.95,,
oHLCAyjxywA,달에 약 240만원정도 벌기 위해 총 큰 거 몇장정도 썼을려나 궁금하다,1,2026-08-11 06:47:48+00:00,달에 약 240만원정도 벌기 위해 총 큰 거 몇장정도 썼을려나 궁금하다,달에 약 240만원정도 벌기 위해 총 큰 거 몇장정도 썼을려나 궁금하다,"['달', '원', '정도', '벌', '위하', '크', '거', '장', '정도', '쓰']",True,재화_경제,0.9,,
oHLCAyjxywA,와 나 노말메이린에서 칠흑상자떳는데 확률 극악이엇구나ㅋㅋㅋ,0,2026-08-11 06:11:53+00:00,와 나 노말메이린에서 칠흑상자떳는데 확률 극악이엇구나ㅋㅋㅋ,와 나 노말메이린에서 칠흑상자떳는데 확률 극악이엇구나ㅋㅋ,"['노말메이린', '칠흑', '상자', '뜨', '확률', '극악']",False,해당없음,1.0,,
oHLCAyjxywA,근데 1주차 결정이 196억인데 칠흑이랑 이거저거 합쳐서 204억인건가여..?,0,2026-08-11 05:18:43+00:00,근데 1주차 결정이 196억인데 칠흑이랑 이거저거 합쳐서 204억인건가여..?,근데 1주차 결정이 196억인데 칠흑이랑 이거저거 합쳐서 204억인건가여 ?,"['주', '차', '결정', '칠흑', '합치', '거']",True,보스,0.95,,
oHLCAyjxywA,에픽빔 ㅈㄴ 잘뜨네,0,2026-08-11 05:18:34+00:00,에픽빔 ㅈㄴ 잘뜨네,에픽빔 ㅈㄴ 잘뜨네,"['에픽빔', '뜨']",False,해당없음,1.0,,
oHLCAyjxywA,보스로만 번거지요? ㄷㄷ,0,2026-08-11 05:14:23+00:00,보스로만 번거지요? ㄷㄷ,보스로만 번거지요? ㄷㄷ,"['보스', '벌', '거']",True,보스,0.9,,
oHLCAyjxywA,1133억을 현실돈으로 치면 230만원이 넘네요 최저시급보다 더 높네요,1,2026-08-11 05:09:42+00:00,1133억을 현실돈으로 치면 230만원이 넘네요 최저시급보다 더 높네요,1133억을 현실돈으로 치면 230만원이 넘네요 최저시급보다 더 높네요,"['현실', '돈', '치', '원', '넘', '최저', '시급', '높']",False,해당없음,1.0,,
oHLCAyjxywA,굳굳 1빠 잘보고있습니당,0,2026-08-11 05:06:59+00:00,굳굳 1빠 잘보고있습니당,굳굳 1빠 잘보고있습니당,"['굳', '빠', '보']",False,해당없음,1.0,,
j__MUJTquJw,1:59,0,2026-08-11 02:59:41+00:00,1:59,1 59,[],False,해당없음,1.0,,
f3DLA1EU8vw,10:24,0,2026-08-11 02:24:38+00:00,10:24,10 24,[],False,해당없음,1.0,,
6nCTgra84_8,노래부르는건 굳이 안넣어도되는데... 다른 정보유튜버로 갈아타야겠다,0,2026-08-11 02:05:15+00:00,노래부르는건 굳이 안넣어도되는데... 다른 정보유튜버로 갈아타야겠다,노래부르는건 굳이 안넣어도되는데 다른 정보유튜버로 갈아타야겠다,"['노래', '부르', '거', '넣', '되', '정보', '유튜버', '갈아타']",False,해당없음,1.0,,
Q-b20FJZ0jQ,250렙 비약 얘기해줬어야지..,0,2026-08-10 16:40:15+00:00,250렙 비약 얘기해줬어야지..,250렙 비약 얘기해줬어야지,"['렙', '비약', '얘기']",False,해당없음,0.95,,
9mbc6ESMMvo,카오스 1-1을 진입하니 방향이 잡혀서 울티마스쿼드를 더 즐길수가 있게 되었네요. 영상이 도움이 됩니다.,0,2026-08-10 10:53:14+00:00,카오스 1-1을 진입하니 방향이 잡혀서 울티마스쿼드를 더 즐길수가 있게 되었네요. 영상이 도움이 됩니다.,카오스 1 1을 진입하니 방향이 잡혀서 울티마스쿼드를 더 즐길수가 있게 되었네요 영상이 도움이 됩니다,"['카오스', '진입', '방향', '잡히', '울티마스쿼드', '즐기', '수', '있', '되', '영상', '도움', '되']",False,해당없음,1.0,,
6nCTgra84_8,벨로나 장패드 굿즈 쿠션 존버중.,0,2026-08-10 10:34:51+00:00,벨로나 장패드 굿즈 쿠션 존버중.,벨로나 장패드 굿즈 쿠션 존버중,"['벨로나', '장', '패드', '굿즈', '쿠션', '존버', '중']",False,해당없음,1.0,,
9mbc6ESMMvo,스쿼드 계산기 사이트 이제 카오스 1-2 이후로 입력이 안되던데 저만 그런가요,0,2026-08-10 10:28:29+00:00,스쿼드 계산기 사이트 이제 카오스 1-2 이후로 입력이 안되던데 저만 그런가요,스쿼드 계산기 사이트 이제 카오스 1 2 이후로 입력이 안되던데 저만 그런가요,"['스쿼드', '계산기', '사이트', '카오스', '이후', '입력', '되', '그렇']",True,시스템,0.95,,gemini
xLPWWv_-gwI,미쵸땅 이거 보고 바로 깸,0,2026-08-10 08:11:59+00:00,미쵸땅 이거 보고 바로 깸,미쵸땅 이거 보고 바로 깸,"['미쵸땅', '보', '깨']",False,해당없음,1.0,,gemini
6nCTgra84_8,이번 달 라방도 반응 궁금한 메숭이들은 개추~,2,2026-08-10 06:20:39+00:00,이번 달 라방도 반응 궁금한 메숭이들은 개추~,이번 달 라방도 반응 궁금한 메숭이들은 개추,"['이번', '달', '라', '방', '반응', '궁금하', '메숭이', '개추']",False,해당없음,1.0,,
6nCTgra84_8,오홍 여름아부탁해가아니라 잔테제군요,0,2026-08-10 06:02:01+00:00,오홍 여름아부탁해가아니라 잔테제군요,오홍 여름아부탁해가아니라 잔테제군요,"['오', '홍', '여름아 부탁해', '잔', '테제']",False,해당없음,1.0,,
GeniNYE0V5M,오 개꿀,1,2026-08-09 23:44:00+00:00,오 개꿀,오 개꿀,['개꿀'],False,해당없음,1.0,,
6nCTgra84_8,초창기 카링급이라는... 네....,0,2026-08-09 23:32:38+00:00,초창기 카링급이라는... 네....,초창기 카링급이라는 네,"['초창기', '카링급']",False,해당없음,0.95,,
6nCTgra84_8,이번 업데이트때 결정석 너프도 같이 올것같은데,0,2026-08-09 23:27:12+00:00,이번 업데이트때 결정석 너프도 같이 올것같은데,이번 업데이트때 결정석 너프도 같이 올것같은데,"['이번', '업데이트', '때', '결정', '석', '너프', '오', '것', '같']",True,이벤트,0.8,,
6nCTgra84_8,오늘은 앞쪽이 피아노 브금 머야!!,0,2026-08-09 22:57:10+00:00,오늘은 앞쪽이 피아노 브금 머야!!,오늘은 앞쪽이 피아노 브금 머야,"['오늘', '앞쪽', '피아노', '브금']",True,기타,0.95,,
6nCTgra84_8,"뭣 이지카링도 못깼는데 그이상이라고?
허",1,2026-08-09 22:52:10+00:00,"뭣 이지카링도 못깼는데 그이상이라고?
허",뭣 이지카링도 못깼는데 그이상이라고? 허,"['이지카링', '깨', '이상']",False,해당없음,0.95,,
6nCTgra84_8,생각해보니 거공노작값 유지잘될듯 벨로나 가면 더스크빼야하는데 예전 하데미안 빠지고 마깃안 가격 급등한것마냥 거공은 원래비싸니 오르진않겠지만 지금보다 떨어지긴힘든구조가 되겠네,0,2026-08-09 21:07:39+00:00,생각해보니 거공노작값 유지잘될듯 벨로나 가면 더스크빼야하는데 예전 하데미안 빠지고 마깃안 가격 급등한것마냥 거공은 원래비싸니 오르진않겠지만 지금보다 떨어지긴힘든구조가 되겠네,생각해보니 거공노작값 유지잘될듯 벨로나 가면 더스크빼야하는데 예전 하데미안 빠지고 마깃안 가격 급등한것마냥 거공은 원래비싸니 오르진않겠지만 지금보다 떨어지긴힘든구조가 되겠네,"['생각', '거공노작', '값', '유지', '되', '듯', '벨', '가', '더스크', '빼', '예전', '하데미안', '빠지', '깃', '안', '가격', '급등', '것', '공', '비싸', '오르', '지금', '떨어지', '힘들', '구조', '되']",False,해당없음,1.0,,
6nCTgra84_8,모멘텀 패스 2차 있지않나,0,2026-08-09 17:44:19+00:00,모멘텀 패스 2차 있지않나,모멘텀 패스 2차 있지않나,"['모멘텀', '패스', '차', '있']",True,이벤트,0.95,,
6nCTgra84_8,이제 카엔슬을 놓아줘야겠다 잘가라,0,2026-08-09 17:20:24+00:00,이제 카엔슬을 놓아줘야겠다 잘가라,이제 카엔슬을 놓아줘야겠다 잘가라,"['카엔슬', '놓', '가']",False,해당없음,1.0,,
6nCTgra84_8,"확실한건 메이플에 꼴잘알 디자이너가 있다는점임
신규로 나오는거 다 꼴잘알임",2,2026-08-09 12:23:38+00:00,"확실한건 메이플에 꼴잘알 디자이너가 있다는점임
신규로 나오는거 다 꼴잘알임",확실한건 메이플에 꼴잘알 디자이너가 있다는점임 신규로 나오는거 다 꼴잘알임,"['거', '메이플', '꼴', '알', '디자이너', '있', '점', '신규', '나오', '거', '꼴', '알']",False,해당없음,1.0,,
6nCTgra84_8,브금 아시는 분? 설명란에 써주면 참 좋을텐데 매번 물어보게 만드네..,0,2026-08-09 10:19:59+00:00,브금 아시는 분? 설명란에 써주면 참 좋을텐데 매번 물어보게 만드네..,브금 아시는 분? 설명란에 써주면 참 좋을텐데 매번 물어보게 만드네,"['브금', '분', '설명', '란', '쓰', '좋', '터', '묻', '만들']",True,기타,0.95,,
6nCTgra84_8,광기의 레프사도 벨로나ㄷㄷㄷ,0,2026-08-09 10:14:05+00:00,광기의 레프사도 벨로나ㄷㄷㄷ,광기의 레프사도 벨로나ㄷㄷ,"['광기', '레프사', '벨로나']",False,해당없음,1.0,,
6nCTgra84_8,"글러트니라고 대충 애니나 게임 좋아하는 사람은 느낌올거임

양날도끼에 입모양, 피 장신구를 봤을때
롤 브라이어가 떠오름
피흡이나 체력 억제 등 본인 회복과 유저의 HP에 관여가 있을거라 생각함 (가엔슬이 있어서 후자가 좀더 신박함)

그리고 머리카락은 흑백이라 모드가 있을거같지만 그냥 컨셉인거같고 도끼가 불타는게 있는데 이게 옛날 딜중지(공격반사)타이밍이 생긴거라고 봄
보통 공격반사는 발록이나 핑크빈,아카이럼, 힐라가 나름 이름 날리던 보스일 시절 머리위에 공격반사 표시 뜨는건데 개인적으로 이런게 부족해졌나? 싶음
본인이 메린이라 그란디스상위보스 잘 몰라서 그러는데 공격하면 안된다라는 매커니즘은 루타비스 삐에로가 마지막인것같음

그래서 결론 : HP본인 혹은 유저관여랑 공격중지 정도 예상",0,2026-08-09 08:19:22+00:00,"글러트니라고 대충 애니나 게임 좋아하는 사람은 느낌올거임

양날도끼에 입모양, 피 장신구를 봤을때
롤 브라이어가 떠오름
피흡이나 체력 억제 등 본인 회복과 유저의 HP에 관여가 있을거라 생각함 (가엔슬이 있어서 후자가 좀더 신박함)

그리고 머리카락은 흑백이라 모드가 있을거같지만 그냥 컨셉인거같고 도끼가 불타는게 있는데 이게 옛날 딜중지(공격반사)타이밍이 생긴거라고 봄
보통 공격반사는 발록이나 핑크빈,아카이럼, 힐라가 나름 이름 날리던 보스일 시절 머리위에 공격반사 표시 뜨는건데 개인적으로 이런게 부족해졌나? 싶음
본인이 메린이라 그란디스상위보스 잘 몰라서 그러는데 공격하면 안된다라는 매커니즘은 루타비스 삐에로가 마지막인것같음

그래서 결론 : HP본인 혹은 유저관여랑 공격중지 정도 예상",글러트니라고 대충 애니나 게임 좋아하는 사람은 느낌올거임 양날도끼에 입모양 피 장신구를 봤을때 롤 브라이어가 떠오름 피흡이나 체력 억제 등 본인 회복과 유저의 HP에 관여가 있을거라 생각함 가엔슬이 있어서 후자가 좀더 신박함 그리고 머리카락은 흑백이라 모드가 있을거같지만 그냥 컨셉인거같고 도끼가 불타는게 있는데 이게 옛날 딜중지 공격반사 타이밍이 생긴거라고 봄 보통 공격반사는 발록이나 핑크빈 아카이럼 힐라가 나름 이름 날리던 보스일 시절 머리위에 공격반사 표시 뜨는건데 개인적으로 이런게 부족해졌나? 싶음 본인이 메린이라 그란디스상위보스 잘 몰라서 그러는데 공격하면 안된다라는 매커니즘은 루타비스 삐에로가 마지막인것같음 그래서 결론 HP본인 혹은 유저관여랑 공격중지 정도 예상,"['글러트니', '애니', '게임', '좋아하', '사람', '느낌', '오', '거', '양날', '도끼', '입', '모양', '피', '장신구', '보', '때', '롤', '브라이어', '떠오르', '피흡', '체력', '억제', '등', '본인', '회복', '유저', '관여', '있', '거', '생각', '가엔슬', '있', '후자', '신', '박', '머리카락', '흑백', '모드', '있', '거', '같', '컨셉', '거', '같', '도끼', '불타', '것', '있', '옛날', '딜', '중지', '공격', '반사', '타이밍', '생기', '거', '보', '공격', '반사', '발', '록', '핑크빈', '아카이럼', '힐라', '나름', '이름', '날리', '보스', '시절', '머리', '위', '공격', '반사', '표시', '뜨', '거', '개인', '것', '부족', '본인', '메린', '그란디스상위보스', '모르', '그러', '공격', '되', '매커니즘', '루', '타', '비스', '삐에로', '마지막', '것', '같', '결론', '본인', '유저관여랑', '공격', '중지', '정도', '예상']",False,해당없음,1.0,,
6nCTgra84_8,벨로나 지리네 ㄷㄷ,1,2026-08-09 07:52:00+00:00,벨로나 지리네 ㄷㄷ,벨로나 지리네 ㄷㄷ,"['벨로나', '지리네']",False,해당없음,1.0,,
6nCTgra84_8,이지는 조각 안주고 노말부터 장신망 조각줄듯,2,2026-08-09 07:45:12+00:00,이지는 조각 안주고 노말부터 장신망 조각줄듯,이지는 조각 안주고 노말부터 장신망 조각줄듯,"['조각', '주', '노', '말', '장신망', '조각', '주', '듯']",False,해당없음,0.95,,
9saj1Kg7S1I,투력 4200 챨섭 미하일입니다. 하드 루시드 타임아웃으로 끝나서 맨탈 나갔슴다.. ㅜㅜ,1,2026-08-09 07:03:02+00:00,투력 4200 챨섭 미하일입니다. 하드 루시드 타임아웃으로 끝나서 맨탈 나갔슴다.. ㅜㅜ,투력 4200 챨섭 미하일입니다 하드 루시드 타임아웃으로 끝나서 맨탈 나갔슴다 ㅜㅜ,"['투력', '챨섭', '미하일', '하드', '루시', '드', '타임', '아웃', '끝나', '탈', '나가']",False,해당없음,1.0,,
6nCTgra84_8,벨로나 기대된다,0,2026-08-09 06:46:11+00:00,벨로나 기대된다,벨로나 기대된다,"['벨로', '기대']",False,해당없음,1.0,,gemini
6nCTgra84_8,"나한테는 이세계 이야기..
벨로나 생긴게 
어떤 애니에서 등장하는
누군가와 꼭 닮았는데 그게 누군지...;;
어두컴컴한 벽장에 틀어박혀서
외부와 단절한체 조용히 콩나물이나
재배하고 있을듯하게 생겼는데...
아!! 누구더라!!!!!",1,2026-08-09 06:38:39+00:00,"나한테는 이세계 이야기..
벨로나 생긴게 
어떤 애니에서 등장하는
누군가와 꼭 닮았는데 그게 누군지...;;
어두컴컴한 벽장에 틀어박혀서
외부와 단절한체 조용히 콩나물이나
재배하고 있을듯하게 생겼는데...
아!! 누구더라!!!!!",나한테는 이세계 이야기 벨로나 생긴게 어떤 애니에서 등장하는 누군가와 꼭 닮았는데 그게 누군지 어두컴컴한 벽장에 틀어박혀서 외부와 단절한체 조용히 콩나물이나 재배하고 있을듯하게 생겼는데 아 누구더라,"['세계', '이야기', '벨', '생기', '것', '애니', '등장', '닮', '벽장', '틀어박히', '외부', '단절', '체', '콩나물', '재배', '듯', '생기']",True,기타,0.9,,gemini
6nCTgra84_8,마깃안 대체품도 풀리는데 확률좀 높여다오,4,2026-08-09 06:23:44+00:00,마깃안 대체품도 풀리는데 확률좀 높여다오,마깃안 대체품도 풀리는데 확률좀 높여다오,"['마', '깃', '안', '대체', '품', '풀리', '데', '확률', '높이']",False,해당없음,1.0,,
6nCTgra84_8,"장신망견 주는거면 좋겠다 
장신망견 안 샀는데",0,2026-08-09 05:34:40+00:00,"장신망견 주는거면 좋겠다 
장신망견 안 샀는데",장신망견 주는거면 좋겠다 장신망견 안 샀는데,"['장신망견', '주', '거', '좋', '장신망견', '사']",False,해당없음,1.0,,
6nCTgra84_8,마깃안 대체해봤자 지금 마깃안처럼 공급이 어느정도 풀리지않은 이상 마깃안이 가격 떨어질일은 없지,0,2026-08-09 05:31:31+00:00,마깃안 대체해봤자 지금 마깃안처럼 공급이 어느정도 풀리지않은 이상 마깃안이 가격 떨어질일은 없지,마깃안 대체해봤자 지금 마깃안처럼 공급이 어느정도 풀리지않은 이상 마깃안이 가격 떨어질일은 없지,"['마', '깃', '안', '대체', '마', '깃', '안', '공급', '정도', '풀리', '이상', '마', '깃', '안', '가격', '떨어지', '일', '없']",False,해당없음,0.95,,
1ArZ9wfeyqA,200렙 마지막 단계에서 문이 10분째 안열리는데 버그인가요 재접도 해봤는데..,1,2026-08-09 04:43:20+00:00,200렙 마지막 단계에서 문이 10분째 안열리는데 버그인가요 재접도 해봤는데..,200렙 마지막 단계에서 문이 10분째 안열리는데 버그인가요 재접도 해봤는데,"['200렙', '마지막', '단계', '문', '분', '열리', '버그인가요', '재접', '하']",True,시스템,1.0,,
6nCTgra84_8,차라 차 차라 차차 🤮,0,2026-08-09 04:32:25+00:00,차라 차 차라 차차 🤮,차라 차 차라 차차,"['차', '차', '차']",False,해당없음,1.0,,
6nCTgra84_8,벨로나 존ㄴ 매력있다,6,2026-08-09 04:29:27+00:00,벨로나 존ㄴ 매력있다,벨로나 존ㄴ 매력있다,"['벨로', '존', '매력', '있']",False,해당없음,1.0,,
9saj1Kg7S1I,"레테하면서 하드 데미안까지 해치우고 276에 전투력 3300만까지 만들긴했는데 힐라에서 막혔어요 ㅠㅠ 패턴도 나름 다 익혔는데도 똥손이라..
무조건 제네시스 해방을 해야 한다고 하셨지만 한국 휴대폰도 카드도 없어서 지인찬스로 겨우 만든 계정에, 캐시 충전도 어려워서 패스도 못샀고요. 진짜 어떻게 해야하나요?",1,2026-08-09 04:07:52+00:00,"레테하면서 하드 데미안까지 해치우고 276에 전투력 3300만까지 만들긴했는데 힐라에서 막혔어요 ㅠㅠ 패턴도 나름 다 익혔는데도 똥손이라..
무조건 제네시스 해방을 해야 한다고 하셨지만 한국 휴대폰도 카드도 없어서 지인찬스로 겨우 만든 계정에, 캐시 충전도 어려워서 패스도 못샀고요. 진짜 어떻게 해야하나요?",레테하면서 하드 데미안까지 해치우고 276에 전투력 3300만까지 만들긴했는데 힐라에서 막혔어요 ㅠㅠ 패턴도 나름 다 익혔는데도 똥손이라 무조건 제네시스 해방을 해야 한다고 하셨지만 한국 휴대폰도 카드도 없어서 지인찬스로 겨우 만든 계정에 캐시 충전도 어려워서 패스도 못샀고요 진짜 어떻게 해야하나요?,"['레테', '하드', '데미안', '해치우', '전투력', '만들', '힐라', '막히', '패턴', '나름', '익히', '똥', '손', '제네시스', '해방', '하', '하', '한국', '휴대폰', '카드', '없', '지인', '찬스', '만들', '계정', '캐시', '충전', '어렵', '패스', '사', '어떻', '하']",True,육성_레벨링,0.95,,
6nCTgra84_8,노래 뭔가요?,0,2026-08-09 03:52:24+00:00,노래 뭔가요?,노래 뭔가요?,['노래'],True,기타,1.0,,
6nCTgra84_8,흉성도 이지모드 좀,0,2026-08-09 03:48:52+00:00,흉성도 이지모드 좀,흉성도 이지모드 좀,"['흉성', '이지', '모드']",True,보스,0.9,,
6nCTgra84_8,어흐..,0,2026-08-09 03:46:24+00:00,어흐..,어흐,[],False,해당없음,1.0,,
6nCTgra84_8,홀로 싸우고 있는 이데아는 어떻게 되었을까요.?,1,2026-08-09 03:42:03+00:00,홀로 싸우고 있는 이데아는 어떻게 되었을까요.?,홀로 싸우고 있는 이데아는 어떻게 되었을까요 ?,"['싸우', '이데아', '어떻', '되']",True,기타,0.95,,
6nCTgra84_8,존나 가지무침,4,2026-08-09 03:41:17+00:00,존나 가지무침,존나 가지무침,"['가지', '무침']",False,해당없음,1.0,,
6nCTgra84_8,8.9면 노벨 솔플 널널컷 가능?,0,2026-08-09 03:30:57+00:00,8.9면 노벨 솔플 널널컷 가능?,8 9면 노벨 솔플 널널컷 가능?,"['노벨', '솔플', '컷', '가능']",True,보스,1.0,,
6nCTgra84_8,이쁜 명찰반지 이벤이나 해라 벨로나,0,2026-08-09 03:27:06+00:00,이쁜 명찰반지 이벤이나 해라 벨로나,이쁜 명찰반지 이벤이나 해라 벨로나,"['이쁘', '명찰', '반지', '이벤', '하', '벨로']",False,해당없음,1.0,,
6nCTgra84_8,벨로나 너무 무서워서 못들어갈듯,15,2026-08-09 03:20:11+00:00,벨로나 너무 무서워서 못들어갈듯,벨로나 너무 무서워서 못들어갈듯,"['벨로나', '무섭', '들어가', '듯']",False,해당없음,1.0,,
6nCTgra84_8,마깃안 루컨마가 1자릿수 억대로 떨어질까?,0,2026-08-09 03:16:00+00:00,마깃안 루컨마가 1자릿수 억대로 떨어질까?,마깃안 루컨마가 1자릿수 억대로 떨어질까?,"['마', '깃', '안', '루컨마', '자릿수', '떨어지']",True,장비_아이템,0.95,,
6nCTgra84_8,벨로나 무서웡 ㅠ,0,2026-08-09 03:14:14+00:00,벨로나 무서웡 ㅠ,벨로나 무서웡 ㅠ,"['벨로나', '무섭']",False,해당없음,1.0,,
6nCTgra84_8,신규보스도 나왔는데 신창섭은 하버를 풀어랏!!!,5,2026-08-09 03:14:06+00:00,신규보스도 나왔는데 신창섭은 하버를 풀어랏!!!,신규보스도 나왔는데 신창섭은 하버를 풀어랏,"['신규보스', '나오', '신창섭', '하버', '풀']",False,해당없음,1.0,,
6nCTgra84_8,라방 어찌될지 벌써부터 예상되넼ㅋㅋㅋㅋㅋㅋㅋㅋㅋㅋㅋㅋㅋㅋㅋㅋㅋ 채팅창부터 김창섭 표정까지 볼만할듯,23,2026-08-09 03:09:54+00:00,라방 어찌될지 벌써부터 예상되넼ㅋㅋㅋㅋㅋㅋㅋㅋㅋㅋㅋㅋㅋㅋㅋㅋㅋ 채팅창부터 김창섭 표정까지 볼만할듯,라방 어찌될지 벌써부터 예상되넼ㅋㅋ 채팅창부터 김창섭 표정까지 볼만할듯,"['라', '방', '되', '예상', '채팅', '창', '김', '창섭', '표정', '보', '만', '듯']",False,해당없음,1.0,,gemini
6nCTgra84_8,영상 짧아서 공연영상 넣은 맑음은 개추,111,2026-08-09 03:09:34+00:00,영상 짧아서 공연영상 넣은 맑음은 개추,영상 짧아서 공연영상 넣은 맑음은 개추,"['영상', '짧', '공연', '영상', '넣', '맑', '개추']",False,해당없음,1.0,,
6nCTgra84_8,"드디어 마깃대가 대체되는구나
굶핏혼 딱대",1,2026-08-09 03:07:41+00:00,"드디어 마깃대가 대체되는구나
굶핏혼 딱대",드디어 마깃대가 대체되는구나 굶핏혼 딱대,"['마깃대', '대체', '굶핏혼', '대']",False,해당없음,1.0,,
6nCTgra84_8,음... 미하일 상향버프에 관한 소식은 없나요??,6,2026-08-09 03:07:06+00:00,음... 미하일 상향버프에 관한 소식은 없나요??,음 미하일 상향버프에 관한 소식은 없나요??,"['미하일', '상향버프', '관하', '소식', '없']",True,기타,0.95,,
6nCTgra84_8,우효,0,2026-08-09 03:05:48+00:00,우효,우효,['우효'],False,해당없음,1.0,,
6nCTgra84_8,굿굿,3,2026-08-09 03:05:44+00:00,굿굿,굿굿,"['굿', '굿']",False,해당없음,1.0,,
6nCTgra84_8,재빠른 정보 ㄷㄷ,1,2026-08-09 03:05:38+00:00,재빠른 정보 ㄷㄷ,재빠른 정보 ㄷㄷ,"['재빠르', '정보']",False,해당없음,1.0,,
9saj1Kg7S1I,카이에 꺾인 메린이.... 정작 카이 뒤에 보스들은 메이린 빼고 다 잡음 ㅋㅋㅋ,1,2026-08-08 22:50:01+00:00,카이에 꺾인 메린이.... 정작 카이 뒤에 보스들은 메이린 빼고 다 잡음 ㅋㅋㅋ,카이에 꺾인 메린이 정작 카이 뒤에 보스들은 메이린 빼고 다 잡음 ㅋㅋ,"['카이', '꺾이', '메린', '정작', '카이', '뒤', '보스', '메이', '린', '빼', '잡']",False,해당없음,1.0,,
9saj1Kg7S1I,1억 투력 가는데 메소는 평균적으로 대략 얼마쯤 드나요,1,2026-08-08 19:47:56+00:00,1억 투력 가는데 메소는 평균적으로 대략 얼마쯤 드나요,1억 투력 가는데 메소는 평균적으로 대략 얼마쯤 드나요,"['투력', '가', '메소', '평균', '얼마', '들']",True,스펙업,1.0,,
9saj1Kg7S1I,헐... 목소리가 바꼈다...,1,2026-08-08 19:41:50+00:00,헐... 목소리가 바꼈다...,헐 목소리가 바꼈다,"['목소리', '바끼']",False,해당없음,1.0,,
9saj1Kg7S1I,내일부터 메이플복귀할려하는데 괜찮을까요?? 아니면 이번이벤트끝나고 복귀할까요..?,1,2026-08-08 18:14:22+00:00,내일부터 메이플복귀할려하는데 괜찮을까요?? 아니면 이번이벤트끝나고 복귀할까요..?,내일부터 메이플복귀할려하는데 괜찮을까요?? 아니면 이번이벤트끝나고 복귀할까요 ?,"['내일', '메이플', '복귀', '괜찮', '이번', '이벤트', '끝나', '복귀']",True,이벤트,1.0,,
9saj1Kg7S1I,"아델장아찌 <- 솔직히 챌린저는 어려울 것 같고 플라즈마 하트 교환권이 있는 다이아가 목표인 메린이입니다. 어떻게어떻게 해서 4천만까지 왔는데 하드 진힐라, 하드 듄켈, 노말 메이린 해야 딱 5만점 할 것 같더라고요. 아직까지 희망이 있을까요..? 너무 똥손이라 걱정입니다 ㅠㅠㅠ (심지어 제내 패스도 안함..)",1,2026-08-08 17:44:33+00:00,"아델장아찌 <- 솔직히 챌린저는 어려울 것 같고 플라즈마 하트 교환권이 있는 다이아가 목표인 메린이입니다. 어떻게어떻게 해서 4천만까지 왔는데 하드 진힐라, 하드 듄켈, 노말 메이린 해야 딱 5만점 할 것 같더라고요. 아직까지 희망이 있을까요..? 너무 똥손이라 걱정입니다 ㅠㅠㅠ (심지어 제내 패스도 안함..)",아델장아찌 솔직히 챌린저는 어려울 것 같고 플라즈마 하트 교환권이 있는 다이아가 목표인 메린이입니다 어떻게어떻게 해서 4천만까지 왔는데 하드 진힐라 하드 듄켈 노말 메이린 해야 딱 5만점 할 것 같더라고요 아직까지 희망이 있을까요 ? 너무 똥손이라 걱정입니다 ㅠㅠ 심지어 제내 패스도 안함,"['아델장아찌', '챌린저', '어렵', '것', '같', '플라즈마', '하트', '교환', '있', '다이아', '목표', '메린이', '어떻', '어떻', '하', '오', '하드', '진힐라', '하드', '듄켈', '노말', '메이', '린', '점', '하', '것', '같', '희망', '있', '똥', '손', '걱정', '패스', '하']",True,육성_레벨링,0.95,,
9saj1Kg7S1I,챌섭 코인샵 활용법 링크가 없는건가요 ?? 제목이 틀린가요 ? 그리구 지금 제네시스 3단계고 355 흔적입니다 이번주 보스를 다 잡은 상태에서 제네시스 패스를 구매했는데 다 얻을수있을까요?,1,2026-08-08 17:37:06+00:00,챌섭 코인샵 활용법 링크가 없는건가요 ?? 제목이 틀린가요 ? 그리구 지금 제네시스 3단계고 355 흔적입니다 이번주 보스를 다 잡은 상태에서 제네시스 패스를 구매했는데 다 얻을수있을까요?,챌섭 코인샵 활용법 링크가 없는건가요 ?? 제목이 틀린가요 ? 그리구 지금 제네시스 3단계고 355 흔적입니다 이번주 보스를 다 잡은 상태에서 제네시스 패스를 구매했는데 다 얻을수있을까요?,"['챌섭', '코인', '샵', '활용법', '링크', '없', '거', '제목', '틀리', '제네시스', '단계', '고', '흔적', '이번', '주', '보스', '잡', '상태', '제네시스', '패스', '구매', '얻', '수', '있']",True,이벤트,0.95,,
9mbc6ESMMvo,형님 메m 렌 이벤트 공략좀 올려주세요,0,2026-08-08 17:35:31+00:00,형님 메m 렌 이벤트 공략좀 올려주세요,형님 메m 렌 이벤트 공략좀 올려주세요,"['형', '메', '렌', '이벤트', '공략', '올리']",True,이벤트,0.95,,
9saj1Kg7S1I,제가 진짜 메이플 아예 처음인데 환산주스텟 이게 뭔지 자세히 설명이랑 어떻게 해야 하는지 영상이나 댓글 남겨 주실수 있나요,1,2026-08-08 17:17:24+00:00,제가 진짜 메이플 아예 처음인데 환산주스텟 이게 뭔지 자세히 설명이랑 어떻게 해야 하는지 영상이나 댓글 남겨 주실수 있나요,제가 진짜 메이플 아예 처음인데 환산주스텟 이게 뭔지 자세히 설명이랑 어떻게 해야 하는지 영상이나 댓글 남겨 주실수 있나요,"['메이플', '처음', '환산주스텟', '설명', '어떻', '하', '영상', '댓글', '남기', '수', '있']",True,스펙업,1.0,,
9saj1Kg7S1I,"뿨킹 듀블은 투력 1.2를 찍어도 배율이 90프로...헥환도 4.35 정돈데 대체 어느정도까지 해줘야 하는지ㅠㅠ 아버 끝까지 올렸고 장신구들도 윗잠 평균 18퍼, 에디 평균 1.7줄에 추옵은 평균 120급에 3부위빼고 18 둘둘인데",1,2026-08-08 15:33:08+00:00,"뿨킹 듀블은 투력 1.2를 찍어도 배율이 90프로...헥환도 4.35 정돈데 대체 어느정도까지 해줘야 하는지ㅠㅠ 아버 끝까지 올렸고 장신구들도 윗잠 평균 18퍼, 에디 평균 1.7줄에 추옵은 평균 120급에 3부위빼고 18 둘둘인데",뿨킹 듀블은 투력 1 2를 찍어도 배율이 90프로 헥환도 4 35 정돈데 대체 어느정도까지 해줘야 하는지ㅠㅠ 아버 끝까지 올렸고 장신구들도 윗잠 평균 18퍼 에디 평균 1 7줄에 추옵은 평균 120급에 3부위빼고 18 둘둘인데,"['뿨킹', '듀블', '투력', '찍', '배율', '프로', '도', '정도', '정도', '하', '아버', '끝', '올리', '장신구', '잠', '평균', '퍼', '에디', '평균', '줄', '추', '평균', '급', '부위', '빼']",True,스펙업,0.95,,
9saj1Kg7S1I,"레벨 278에 전투력 1천4백정도인데.. 
어떻게 전투력을 올리는지 몰라서 답답했는데 이런 영상 감사합니다ㅠㅠ 가이드 없으면 진짜 게임이 복잡하네요ㅜㅠ",1,2026-08-08 15:20:18+00:00,"레벨 278에 전투력 1천4백정도인데.. 
어떻게 전투력을 올리는지 몰라서 답답했는데 이런 영상 감사합니다ㅠㅠ 가이드 없으면 진짜 게임이 복잡하네요ㅜㅠ",레벨 278에 전투력 1천4백정도인데 어떻게 전투력을 올리는지 몰라서 답답했는데 이런 영상 감사합니다ㅠㅠ 가이드 없으면 진짜 게임이 복잡하네요ㅜㅠ,"['레벨', '전투력', '정도', '어떻', '전투력', '올리', '모르', '답답하', '영상', '감사', '가이드', '없', '게임']",True,스펙업,0.9,,
FMUmSNtWlEU,모르고 저 슈피겔만 아저씨 놓쳤는데 어디서 다시하나요?,1,2026-08-08 14:47:35+00:00,모르고 저 슈피겔만 아저씨 놓쳤는데 어디서 다시하나요?,모르고 저 슈피겔만 아저씨 놓쳤는데 어디서 다시하나요?,"['모르', '슈피겔만', '아저씨', '놓치', '하']",True,시스템,0.95,,gemini
f3DLA1EU8vw,8:27 1-1 반복세팅,0,2026-08-08 13:06:33+00:00,8:27 1-1 반복세팅,8 27 1 1 반복세팅,"['반복', '세팅']",True,사냥,0.95,,gemini
vtXkiF-GE9I,"8:47 신규 기능이 아니라 변경 아닌가?
심상세계에서 추가 공격 원래 100% 발동하던게 50% 확률로 너프된게 아니였나?
내가 틀린건가보네",0,2026-08-08 12:00:29+00:00,"8:47 신규 기능이 아니라 변경 아닌가?
심상세계에서 추가 공격 원래 100% 발동하던게 50% 확률로 너프된게 아니였나?
내가 틀린건가보네",8 47 신규 기능이 아니라 변경 아닌가? 심상세계에서 추가 공격 원래 100 발동하던게 50 확률로 너프된게 아니였나? 내가 틀린건가보네,"['신규', '기능', '변경', '심상', '세계', '추가', '공격', '원래', '발동', '것', '확률', '너프', '것', '틀리', '거']",True,시스템,0.95,,
FMUmSNtWlEU,지금 시작해도 260 갈만한가요?,3,2026-08-08 10:59:12+00:00,지금 시작해도 260 갈만한가요?,지금 시작해도 260 갈만한가요?,"['시작', '가', '만']",True,육성_레벨링,1.0,,
j__MUJTquJw,카오스 단계는 방치형이 아니잖아 ㅋㅋㅇㅋ,0,2026-08-08 10:49:07+00:00,카오스 단계는 방치형이 아니잖아 ㅋㅋㅇㅋ,카오스 단계는 방치형이 아니잖아 ㅋㅋㅇㅋ,"['카오스', '단계', '방치']",False,해당없음,1.0,,
9saj1Kg7S1I,메이플 지금 시작하는건 늦었나요,1,2026-08-08 07:39:34+00:00,메이플 지금 시작하는건 늦었나요,메이플 지금 시작하는건 늦었나요,"['메이플', '시작', '거', '늦']",True,육성_레벨링,1.0,,
9saj1Kg7S1I,담 하버맥스 언제쯤 할까요 도전자 장비 끝날때쯤??,1,2026-08-08 01:53:38+00:00,담 하버맥스 언제쯤 할까요 도전자 장비 끝날때쯤??,담 하버맥스 언제쯤 할까요 도전자 장비 끝날때쯤??,"['담', '하버맥스', '하', '도전자', '장비', '끝나', '때']",True,이벤트,0.95,,
9saj1Kg7S1I,"안녕하세요 뉴비인데 제가 지금 트왈이라이트,에스텔라,데이브레이크? 이렇게 있는데 놀긍떡작을 하라고 해서 모두다 놀긍떡장을 했는데 프리미엄 악세 마력 주문서 이거 코인같은걸로 사서 작해도 될가요? 아니면 그냥 놀긍작 떡으로 놔둘까여? 지금은 챌섭 60500점이고 9만점 찍어서 야누스 20 받고 싶어서요",1,2026-08-08 01:27:43+00:00,"안녕하세요 뉴비인데 제가 지금 트왈이라이트,에스텔라,데이브레이크? 이렇게 있는데 놀긍떡작을 하라고 해서 모두다 놀긍떡장을 했는데 프리미엄 악세 마력 주문서 이거 코인같은걸로 사서 작해도 될가요? 아니면 그냥 놀긍작 떡으로 놔둘까여? 지금은 챌섭 60500점이고 9만점 찍어서 야누스 20 받고 싶어서요",안녕하세요 뉴비인데 제가 지금 트왈이라이트 에스텔라 데이브레이크? 이렇게 있는데 놀긍떡작을 하라고 해서 모두다 놀긍떡장을 했는데 프리미엄 악세 마력 주문서 이거 코인같은걸로 사서 작해도 될가요? 아니면 그냥 놀긍작 떡으로 놔둘까여? 지금은 챌섭 60500점이고 9만점 찍어서 야누스 20 받고 싶어서요,"['안녕', '뉴비', '트왈이라이트', '에스텔라', '데이브레이크', '있', '데', '놀긍떡작', '하', '하', '놀긍떡장', '하', '프리미엄', '악', '마력', '주문서', '코인', '같', '걸', '사', '작', '되', '가', '놀긍작', '떡', '놔두', '지금', '챌섭', '점', '점', '찍', '야누스', '받']",True,장비_아이템,0.95,,
9saj1Kg7S1I,현재 투력 5000이고 다음주 해방인데 챌린저 가능할까요..?,1,2026-08-08 01:11:43+00:00,현재 투력 5000이고 다음주 해방인데 챌린저 가능할까요..?,현재 투력 500이고 다음주 해방인데 챌린저 가능할까요 ?,"['투력', '다음', '주', '해방', '챌린저', '가능']",True,보스,0.95,,
9saj1Kg7S1I,챌린져노리는 메린이입니다 현재 대적자 트라이중인데 제네 무기 잠재 공공올인데 블큐를 다른데 쓸까여?,1,2026-08-08 00:50:00+00:00,챌린져노리는 메린이입니다 현재 대적자 트라이중인데 제네 무기 잠재 공공올인데 블큐를 다른데 쓸까여?,챌린져노리는 메린이입니다 현재 대적자 트라이중인데 제네 무기 잠재 공공올인데 블큐를 다른데 쓸까여?,"['챌린져노리', '메린이', '적자', '트라이', '중', '무기', '잠재', '공공올', '큐', '데', '쓰']",True,장비_아이템,0.95,,
9saj1Kg7S1I,3카5앱시절 메플하다가 거진 7년만에 복귀한 메린입니당.. 그래도 이래저래 공략보고 이지칼로스까지 우여곡절끝에 잡앗는데 대적자부터 벽느껴요 챌린저 가능할까요..  현금을투자해서 장비업그레이드가 답인가요?,1,2026-08-07 23:55:33+00:00,3카5앱시절 메플하다가 거진 7년만에 복귀한 메린입니당.. 그래도 이래저래 공략보고 이지칼로스까지 우여곡절끝에 잡앗는데 대적자부터 벽느껴요 챌린저 가능할까요..  현금을투자해서 장비업그레이드가 답인가요?,3카5앱시절 메플하다가 거진 7년만에 복귀한 메린입니당 그래도 이래저래 공략보고 이지칼로스까지 우여곡절끝에 잡앗는데 대적자부터 벽느껴요 챌린저 가능할까요 현금을투자해서 장비업그레이드가 답인가요?,"['카', '앱', '시절', '메플', '하', '년', '만', '복귀', '메린', '공략', '보', '이지칼로스', '우여곡절', '끝', '잡', '앗', '대적', '벽', '느끼', '챌린저', '가능', '현금', '투자', '장비', '업그레이드', '답']",True,스펙업,0.95,,
9mbc6ESMMvo,코인값 너무떨어져서 15분 사냥한 메소로 이벤템 다 살 수 있네요 따흐흐흐흫흐흑~~!!,0,2026-08-07 23:12:24+00:00,코인값 너무떨어져서 15분 사냥한 메소로 이벤템 다 살 수 있네요 따흐흐흐흫흐흑~~!!,코인값 너무떨어져서 15분 사냥한 메소로 이벤템 다 살 수 있네요 따흐흐흫흐흑,"['코인', '값', '떨어지', '분', '사냥', '메소', '이벤템', '살', '수', '있', '따흐흐흫흐흑']",False,해당없음,1.0,,
9saj1Kg7S1I,"최근 시작한 메린인데 아이템 버닝 업그레이드 할 때 도전의 문장은 메이플 포인트로 구매하는게 좋은가요?

늦게시작해서 그런지 일주일에 500개씩 주는 도전의 문장으로는 너무 업그레이드가 느리고 잘하면 챌섭기간까지 도전의 문장때문에 못 맞출수도 있을거같던데 

이 경우에는 메소와 메이플포인트를 써서 도전의문장 구매를 해줘야되는건가요?",1,2026-08-07 17:50:22+00:00,"최근 시작한 메린인데 아이템 버닝 업그레이드 할 때 도전의 문장은 메이플 포인트로 구매하는게 좋은가요?

늦게시작해서 그런지 일주일에 500개씩 주는 도전의 문장으로는 너무 업그레이드가 느리고 잘하면 챌섭기간까지 도전의 문장때문에 못 맞출수도 있을거같던데 

이 경우에는 메소와 메이플포인트를 써서 도전의문장 구매를 해줘야되는건가요?",최근 시작한 메린인데 아이템 버닝 업그레이드 할 때 도전의 문장은 메이플 포인트로 구매하는게 좋은가요? 늦게시작해서 그런지 일주일에 500개씩 주는 도전의 문장으로는 너무 업그레이드가 느리고 잘하면 챌섭기간까지 도전의 문장때문에 못 맞출수도 있을거같던데 이 경우에는 메소와 메이플포인트를 써서 도전의문장 구매를 해줘야되는건가요?,"['최근', '시작', '메린', '아이템', '버닝', '업그레이드', '하', '때', '도전', '문장', '메이플', '포인트', '구매', '것', '좋', '늦', '시작', '그렇', '일주일', '개', '주', '도전', '문장', '업그레이드', '느리', '하', '챌섭', '기간', '도전', '문장', '때문', '맞추', '수', '있', '거', '같', '경우', '메소', '메이플', '포인트', '쓰', '도전', '문장', '구매', '하', '되', '거']",True,이벤트,0.95,,
9saj1Kg7S1I,하버 또 주나요??,1,2026-08-07 16:52:49+00:00,하버 또 주나요??,하버 또 주나요??,"['하버', '주']",True,이벤트,1.0,,
9saj1Kg7S1I,전투력 4900만인데 이지 윌을 못잡아서 아이템버닝 담단계로 넘어갈수가없어요ㅠ,1,2026-08-07 15:52:19+00:00,전투력 4900만인데 이지 윌을 못잡아서 아이템버닝 담단계로 넘어갈수가없어요ㅠ,전투력 4900만인데 이지 윌을 못잡아서 아이템버닝 담단계로 넘어갈수가없어요ㅠ,"['전투력', '이지', '윌', '잡', '아이템버닝', '담', '단계', '넘어가', '수', '없']",True,보스,0.95,,
9saj1Kg7S1I,1:14 ??? 카인으로 투력 4000초중반에 겨우잡았는데...? 저게된다고요?,2,2026-08-07 15:21:56+00:00,1:14 ??? 카인으로 투력 4000초중반에 겨우잡았는데...? 저게된다고요?,1 14 ?? 카인으로 투력 400초중반에 겨우잡았는데 ? 저게된다고요?,"['카인', '투력', '초', '중반', '잡', '되']",False,해당없음,0.95,,
9saj1Kg7S1I,트레이드 마크인 소리 오데갓노 ㅠㅠ,1,2026-08-07 15:17:18+00:00,트레이드 마크인 소리 오데갓노 ㅠㅠ,트레이드 마크인 소리 오데갓노 ㅠㅠ,"['트레이드', '마크', '소리', '오데갓노']",False,해당없음,1.0,,
f3DLA1EU8vw,"8:28
9:54",0,2026-08-07 15:01:10+00:00,"8:28
9:54",8 28 9 54,[],False,해당없음,1.0,,
j__MUJTquJw,저 궁금한게 11:39초에 보면 저건 스태프 착용 시 합쳐진 % 아닌가요? 그러면 기본을 보고 계산하는게 맞지 않나요?,0,2026-08-07 14:25:32+00:00,저 궁금한게 11:39초에 보면 저건 스태프 착용 시 합쳐진 % 아닌가요? 그러면 기본을 보고 계산하는게 맞지 않나요?,저 궁금한게 11 39초에 보면 저건 스태프 착용 시 합쳐진 아닌가요? 그러면 기본을 보고 계산하는게 맞지 않나요?,"['궁금하', '것', '초', '보', '스태프', '착용', '시', '합치', '기본', '보', '계산', '것', '맞']",True,시스템,0.95,,
9saj1Kg7S1I,먼말인지 하나도 못알아듣겠네요 나만 그런가,1,2026-08-07 14:19:00+00:00,먼말인지 하나도 못알아듣겠네요 나만 그런가,먼말인지 하나도 못알아듣겠네요 나만 그런가,"['멀', '말', '알아듣', '그렇']",False,해당없음,0.95,,
9saj1Kg7S1I,"챌섭 투력이 1023만인데 데브랑, 가엔링이랑 블빈마를 40일안에 사서 투력 3500만까지 될수있나요?",3,2026-08-07 13:50:12+00:00,"챌섭 투력이 1023만인데 데브랑, 가엔링이랑 블빈마를 40일안에 사서 투력 3500만까지 될수있나요?",챌섭 투력이 1023만인데 데브랑 가엔링이랑 블빈마를 40일안에 사서 투력 3500만까지 될수있나요?,"['챌섭', '투력', '데브', '가엔링', '비', '마', '일', '안', '사서', '투력', '되', '수', '있']",True,스펙업,0.95,,gemini
9saj1Kg7S1I,"하드 메이린 최소컷 생각보다 높았었음
한 1억2~3천 정도",3,2026-08-07 13:46:11+00:00,"하드 메이린 최소컷 생각보다 높았었음
한 1억2~3천 정도",하드 메이린 최소컷 생각보다 높았었음 한 1억2 3천 정도,"['하드', '메이', '린', '최소', '컷', '생각', '높', '정도']",False,해당없음,1.0,,
9saj1Kg7S1I,요번 아버 그래도 난이도 충분히 할만한듯요😊,1,2026-08-07 13:23:32+00:00,요번 아버 그래도 난이도 충분히 할만한듯요😊,요번 아버 그래도 난이도 충분히 할만한듯요,"['요번', '아버', '난이도', '하', '만', '듯']",False,해당없음,1.0,,
9saj1Kg7S1I,오늘 시작한 메린이인데 제네시스패스?? 그거 가능할까요??  잼이님 유튜브 보면서 꾸역꾸역 정보들 습득 중입니다 ㅠㅠ,2,2026-08-07 13:20:32+00:00,오늘 시작한 메린이인데 제네시스패스?? 그거 가능할까요??  잼이님 유튜브 보면서 꾸역꾸역 정보들 습득 중입니다 ㅠㅠ,오늘 시작한 메린이인데 제네시스패스?? 그거 가능할까요?? 잼이님 유튜브 보면서 꾸역꾸역 정보들 습득 중입니다 ㅠㅠ,"['시작', '메린', '제네시스패스', '가능', '잼', '님', '유튜브', '보', '정보', '습득', '중']",True,이벤트,0.95,,
9saj1Kg7S1I,"안녕하세요 지난 7월 부터 다시 시작
한 메린이 입니다 현재 어떻게 해야
할지 몰라서요 물어 봅니다",1,2026-08-07 12:48:06+00:00,"안녕하세요 지난 7월 부터 다시 시작
한 메린이 입니다 현재 어떻게 해야
할지 몰라서요 물어 봅니다",안녕하세요 지난 7월 부터 다시 시작 한 메린이 입니다 현재 어떻게 해야 할지 몰라서요 물어 봅니다,"['안녕', '지나', '월', '시작', '메린', '어떻', '하', '모르', '묻']",True,육성_레벨링,1.0,,
9saj1Kg7S1I,"궁금한거있는데 9월달 벨페보고 신6차 뚫을꺼라서 아직 안뚫엇는데  환산주스텟에서 6차강화가 하필 신6차라서  
그리고 6차강화는 항상 환산주스텟 추천대로 강화를 해야하나여? 아니면 추천대로 안해도 상관없지 않나여? 어차피 6차코어는 다 강화해야하는데 추천대로  효율있게 강화 하라고 나와있어서 그런지....",1,2026-08-07 12:34:06+00:00,"궁금한거있는데 9월달 벨페보고 신6차 뚫을꺼라서 아직 안뚫엇는데  환산주스텟에서 6차강화가 하필 신6차라서  
그리고 6차강화는 항상 환산주스텟 추천대로 강화를 해야하나여? 아니면 추천대로 안해도 상관없지 않나여? 어차피 6차코어는 다 강화해야하는데 추천대로  효율있게 강화 하라고 나와있어서 그런지....",궁금한거있는데 9월달 벨페보고 신6차 뚫을꺼라서 아직 안뚫엇는데 환산주스텟에서 6차강화가 하필 신6차라서 그리고 6차강화는 항상 환산주스텟 추천대로 강화를 해야하나여? 아니면 추천대로 안해도 상관없지 않나여? 어차피 6차코어는 다 강화해야하는데 추천대로 효율있게 강화 하라고 나와있어서 그런지,"['거', '있', '월', '달', '벨페', '보', '차', '뚫', '꺼', '뚫', '환산주스텟', '차', '강화', '차', '차', '강화', '환산주스텟', '추천', '강화', '하', '추천', '하', '상관없', '차', '코어', '강화', '추천', '효율', '있', '강화', '하', '나오', '그렇']",True,스킬_6차,1.0,,
9saj1Kg7S1I,하드메이린 최소컷까지 템셋팅 방법 알려주실 수 있으실까요 😢,2,2026-08-07 12:33:56+00:00,하드메이린 최소컷까지 템셋팅 방법 알려주실 수 있으실까요 😢,하드메이린 최소컷까지 템셋팅 방법 알려주실 수 있으실까요,"['하드메이린', '최소', '컷', '템', '셋팅', '방법', '알리', '수', '있']",True,보스,0.95,,
9saj1Kg7S1I,메린이 1차 해방까지 끝났는데 뭘 해야할지 모르겠어요… 메이린 노말까지 다 잡았는데…..,2,2026-08-07 12:05:45+00:00,메린이 1차 해방까지 끝났는데 뭘 해야할지 모르겠어요… 메이린 노말까지 다 잡았는데…..,메린이 1차 해방까지 끝났는데 뭘 해야할지 모르겠어요 메이린 노말까지 다 잡았는데,"['메린', '차', '해방', '끝나', '하', '모르', '메이', '린', '노', '말', '잡']",True,육성_레벨링,1.0,,
9saj1Kg7S1I,일단 메린이친구한테 바로 링크 공유했습니다!!! 1억은 넘겼는데 그이후도 부탁드려도될까요,2,2026-08-07 12:01:42+00:00,일단 메린이친구한테 바로 링크 공유했습니다!!! 1억은 넘겼는데 그이후도 부탁드려도될까요,일단 메린이친구한테 바로 링크 공유했습니다 1억은 넘겼는데 그이후도 부탁드려도될까요,"['메리', '친구', '링크', '공유', '넘기', '이후', '부탁', '드리', '되']",True,육성_레벨링,1.0,,
9saj1Kg7S1I,바로 보기!!,1,2026-08-07 11:58:18+00:00,바로 보기!!,바로 보기,['보'],False,해당없음,1.0,,
9saj1Kg7S1I,"항상 감사합니다
구독과 좋아요는 채널유지에 큰힘이 됩니다!

노말 메이린 공략 https://youtu.be/ZTUaiFCG4h8

0:18 현실적인 목표가 중요한 이유
01:36 280레벨이 중요한 이유
02:39 아이템 버닝 최종미션 해결 템셋팅
07:44 마지막 1억 전투력까지


영상과 상관없는 내용이나 과도한 직업비하는
삭제가 되니까 이부분 양해부탁드립니다

채널에 가입하여 혜택을 누려보세요.
https://www.youtube.com/channel/UClLl6MY6ad9f_bZDHxdzqww/join

잼이카페
cafe.naver.com/zamegame

잼이 치지직
https://chzzk.naver.com/fc472e07e10f4e2fb7ee9db67d29120d

목 건강이 나빠서 이중 더빙을 하고 있습니다

ai 성우 사용중입니다

[메이플 장편] 월수금 1편씩 오후 6시 업로드",1,2026-08-07 11:55:47+00:00,"항상 감사합니다
구독과 좋아요는 채널유지에 큰힘이 됩니다!

노말 메이린 공략 https://youtu.be/ZTUaiFCG4h8

0:18 현실적인 목표가 중요한 이유
01:36 280레벨이 중요한 이유
02:39 아이템 버닝 최종미션 해결 템셋팅
07:44 마지막 1억 전투력까지


영상과 상관없는 내용이나 과도한 직업비하는
삭제가 되니까 이부분 양해부탁드립니다

채널에 가입하여 혜택을 누려보세요.
https://www.youtube.com/channel/UClLl6MY6ad9f_bZDHxdzqww/join

잼이카페
cafe.naver.com/zamegame

잼이 치지직
https://chzzk.naver.com/fc472e07e10f4e2fb7ee9db67d29120d

목 건강이 나빠서 이중 더빙을 하고 있습니다

ai 성우 사용중입니다

[메이플 장편] 월수금 1편씩 오후 6시 업로드",항상 감사합니다 구독과 좋아요는 채널유지에 큰힘이 됩니다 노말 메이린 공략 0 18 현실적인 목표가 중요한 이유 01 36 280레벨이 중요한 이유 02 39 아이템 버닝 최종미션 해결 템셋팅 07 44 마지막 1억 전투력까지 영상과 상관없는 내용이나 과도한 직업비하는 삭제가 되니까 이부분 양해부탁드립니다 채널에 가입하여 혜택을 누려보세요 잼이카페 cafe naver com zamegame 잼이 치지직 목 건강이 나빠서 이중 더빙을 하고 있습니다 ai 성우 사용중입니다 메이플 장편 월수금 1편씩 오후 6시 업로드,"['감사', '구독', '좋아요', '채널', '유지', '크', '힘', '되', '노', '말', '메이', '린', '공략', '현실', '목표', '중요', '이유', '레벨', '중요', '이유', '아이템', '버닝', '최종', '미션', '해결', '템셋팅', '마지막', '전투력', '영상', '상관없', '내용', '과도', '직업', '비하', '삭제', '되', '부분', '양해', '부탁', '드리', '채널', '가입', '혜택', '누리', '잼이카페', '잼', '목', '건강', '나쁘', '이중', '더빙', '하', '성우', '사용', '중', '메이플', '장편', '월', '수금', '편', '오후', '시', '업로드']",False,해당없음,1.0,,
GeniNYE0V5M,혹시 윈브인데 연합의 의지퀘는 깬것같은데 스킬이없으면 어캐해야되나요??,1,2026-08-07 08:38:21+00:00,혹시 윈브인데 연합의 의지퀘는 깬것같은데 스킬이없으면 어캐해야되나요??,혹시 윈브인데 연합의 의지퀘는 깬것같은데 스킬이없으면 어캐해야되나요??,"['윈', '브이', '연합', '의지', '퀘', '깨', '것', '같', '스킬', '없', '어캐', '되']",True,시스템,0.95,,
9mbc6ESMMvo,장비 3개 공마2줄 뽑는데 2600개 들었다,1,2026-08-07 07:49:01+00:00,장비 3개 공마2줄 뽑는데 2600개 들었다,장비 3개 공마2줄 뽑는데 2600개 들었다,"['장비', '개', '공', '마', '줄', '뽑', '데', '개', '듣']",False,해당없음,1.0,,
9mbc6ESMMvo,"창섭이형 의도, 기획 다 좋은데 이런 건 잠재 좀 잘 뜨게해주면 안 되나?",0,2026-08-07 05:39:53+00:00,"창섭이형 의도, 기획 다 좋은데 이런 건 잠재 좀 잘 뜨게해주면 안 되나?",창섭이형 의도 기획 다 좋은데 이런 건 잠재 좀 잘 뜨게해주면 안 되나?,"['창섭', '형', '의도', '기획', '좋', '거', '잠재', '뜨', '되']",True,장비_아이템,0.8,,
6bLaTCHm-8A,2:29 여기에 나오는 오른쪽  머리랑 상의는 코디가 뭔가용? 되게 이쁘네요,0,2026-08-07 03:40:52+00:00,2:29 여기에 나오는 오른쪽  머리랑 상의는 코디가 뭔가용? 되게 이쁘네요,2 29 여기에 나오는 오른쪽 머리랑 상의는 코디가 뭔가용? 되게 이쁘네요,"['나오', '오른쪽', '머리', '상의', '코디', '이쁘']",True,기타,0.95,,
9mbc6ESMMvo,이번엔 렌 메m공략 없나요 ㅠ,0,2026-08-07 01:08:46+00:00,이번엔 렌 메m공략 없나요 ㅠ,이번엔 렌 메m공략 없나요 ㅠ,"['이번', '렌', '메', '공략', '없']",True,기타,0.95,,
Jg9xSIh9-ls,"메린인데 알랴쥬새여….
여명셋 악세부위는 어떤 주문서 발라야하나요…??ㅠㅠㅠㅠ",0,2026-08-07 00:47:41+00:00,"메린인데 알랴쥬새여….
여명셋 악세부위는 어떤 주문서 발라야하나요…??ㅠㅠㅠㅠ",메린인데 알랴쥬새여 여명셋 악세부위는 어떤 주문서 발라야하나요 ??ㅠㅠ,"['메린', '알랴쥬새여', '여명셋', '악세', '부위', '주문서', '바르']",True,장비_아이템,1.0,,
j__MUJTquJw,공략대로 48~49일때 3-9 못깨면 그냥 55렙 가야하네... 51~54는 애매해서 안깨짐 ㅋㅋ,0,2026-08-06 22:32:00+00:00,공략대로 48~49일때 3-9 못깨면 그냥 55렙 가야하네... 51~54는 애매해서 안깨짐 ㅋㅋ,공략대로 48 49일때 3 9 못깨면 그냥 55렙 가야하네 51 54는 애매해서 안깨짐 ㅋㅋ,"['공략', '때', '깨', '55렙', '가', '깨지']",False,해당없음,1.0,,gemini
spAIOQ2nBZs,와 정리를 엄청 잘 해주셨네요~~ 이해가 쏙쏙 됩니다~~~,0,2026-08-06 16:17:12+00:00,와 정리를 엄청 잘 해주셨네요~~ 이해가 쏙쏙 됩니다~~~,와 정리를 엄청 잘 해주셨네요 이해가 쏙쏙 됩니다,"['정리', '하', '이해', '되']",False,해당없음,1.0,,
9mbc6ESMMvo,이제 너무 쎄져서 전사 4초 무기끼고 3-1 뺑이쳐도 보스에서 시간이 남아버림 2분01초 이제 2분 00초나오네,0,2026-08-06 15:43:27+00:00,이제 너무 쎄져서 전사 4초 무기끼고 3-1 뺑이쳐도 보스에서 시간이 남아버림 2분01초 이제 2분 00초나오네,이제 너무 쎄져서 전사 4초 무기끼고 3 1 뺑이쳐도 보스에서 시간이 남아버림 2분01초 이제 2분 00초나오네,"['쎄', '지', '전사', '초', '무기', '끼', '뺑이', '치', '보스', '시간', '남', '분', '초', '분', '초', '나오']",False,해당없음,1.0,,
j__MUJTquJw,3-5에서 궁수가 드래곤 버스트를 너무 뒤에서 써서 몹이 한 마리가 남게 되는데 어쩌죠? 자꾸 조디악 레이를 1웨이브에 써버리네요,1,2026-08-06 13:29:32+00:00,3-5에서 궁수가 드래곤 버스트를 너무 뒤에서 써서 몹이 한 마리가 남게 되는데 어쩌죠? 자꾸 조디악 레이를 1웨이브에 써버리네요,3 5에서 궁수가 드래곤 버스트를 너무 뒤에서 써서 몹이 한 마리가 남게 되는데 어쩌죠? 자꾸 조디악 레이를 1웨이브에 써버리네요,"['궁수', '드래곤', '버스트', '뒤', '쓰', '몹', '마리', '남', '되', '어쩌', '조디악', '레이', '웨이브', '쓰']",True,사냥,0.95,,
j__MUJTquJw,17:43 3-5도 그렇고 한 마리 땜에 자꾸 조디악 선발동 되면 걍 전사 디바이드를 데몬베인으로 끼고 갔다가 첫 턴에 전사 궁수 극딜로 밀고 2턴에 조디악 정상발동 되게 턴 안 꼬임 (디바이드 다시 바꿔주기 추가),1,2026-08-06 13:01:39+00:00,17:43 3-5도 그렇고 한 마리 땜에 자꾸 조디악 선발동 되면 걍 전사 디바이드를 데몬베인으로 끼고 갔다가 첫 턴에 전사 궁수 극딜로 밀고 2턴에 조디악 정상발동 되게 턴 안 꼬임 (디바이드 다시 바꿔주기 추가),17 43 3 5도 그렇고 한 마리 땜에 자꾸 조디악 선발동 되면 걍 전사 디바이드를 데몬베인으로 끼고 갔다가 첫 턴에 전사 궁수 극딜로 밀고 2턴에 조디악 정상발동 되게 턴 안 꼬임 디바이드 다시 바꿔주기 추가,"['그렇', '마리', '땜', '조디악', '선발동', '되', '전사', '디바이드', '데몬베인', '끼', '가', '턴', '전사', '궁수', '극딜', '밀', '턴', '조디악', '정상', '발동', '턴', '꼬이', '디바이드', '바꾸', '추가']",False,해당없음,1.0,,
9mbc6ESMMvo,3-1 이후 스테이지에서 전사 두번째극딜이랑 보스랑 타이밍이 맞으면 뒷스테이지 가도 되나요?,0,2026-08-06 11:45:39+00:00,3-1 이후 스테이지에서 전사 두번째극딜이랑 보스랑 타이밍이 맞으면 뒷스테이지 가도 되나요?,3 1 이후 스테이지에서 전사 두번째극딜이랑 보스랑 타이밍이 맞으면 뒷스테이지 가도 되나요?,"['이후', '스테이지', '전사', '두번째극딜', '보스', '타이밍', '맞', '뒷', '스테이지', '가', '되']",True,보스,0.95,,
j__MUJTquJw,10:25 반복사냥세팅,0,2026-08-06 11:13:26+00:00,10:25 반복사냥세팅,10 25 반복사냥세팅,"['반복', '사냥', '세팅']",True,사냥,0.95,,
GeniNYE0V5M,이제 33캐릭 더키울께요! 겨울에는 슈프림유니온 1 등급렙 되겠네요 저!,1,2026-08-06 10:48:55+00:00,이제 33캐릭 더키울께요! 겨울에는 슈프림유니온 1 등급렙 되겠네요 저!,이제 33캐릭 더키울께요 겨울에는 슈프림유니온 1 등급렙 되겠네요 저,"['캐릭', '키우', '겨울', '슈프림유니온', '등급렙', '되']",False,해당없음,1.0,,
f3DLA1EU8vw,카오스 2-3 방여구 다빼고 하는 재시작 오프라인일때도 해도 되나요 오프라인이면 템 다끼고 카오스 1-1 해놔야되나요 걍 카오스 2-3 방여구 다빼고 하는 재시작 오프라인도 그렇게 해도 되나요?,0,2026-08-06 10:48:38+00:00,카오스 2-3 방여구 다빼고 하는 재시작 오프라인일때도 해도 되나요 오프라인이면 템 다끼고 카오스 1-1 해놔야되나요 걍 카오스 2-3 방여구 다빼고 하는 재시작 오프라인도 그렇게 해도 되나요?,카오스 2 3 방여구 다빼고 하는 재시작 오프라인일때도 해도 되나요 오프라인이면 템 다끼고 카오스 1 1 해놔야되나요 걍 카오스 2 3 방여구 다빼고 하는 재시작 오프라인도 그렇게 해도 되나요?,"['카오스', '방', '여', '구', '빼', '하', '시작', '오프라인', '때', '하', '되', '오프라인', '템', '끼', '카오스', '되', '카오스', '방', '여', '구', '빼', '하', '시작', '오프라인', '그렇', '하', '되']",True,시스템,0.95,,
GeniNYE0V5M,저 마스터유니온lll(등급렙) 되가요 잼이된덕분에 일반캐릭 7개 해서 29개 캐릭이네요 이제저는..,1,2026-08-06 10:48:09+00:00,저 마스터유니온lll(등급렙) 되가요 잼이된덕분에 일반캐릭 7개 해서 29개 캐릭이네요 이제저는..,저 마스터유니온ll 등급렙 되가요 잼이된덕분에 일반캐릭 7개 해서 29개 캐릭이네요 이제저는,"['마스터', '유니온', '등급렙', '되', '잼', '되', '덕분', '일반캐릭', '개', '개', '캐릭']",False,해당없음,1.0,,
9mbc6ESMMvo,지금 레벨 49 49 49 인데 오프라인 기준 경험치는 카 1-1 두면 되나요?,0,2026-08-06 10:45:55+00:00,지금 레벨 49 49 49 인데 오프라인 기준 경험치는 카 1-1 두면 되나요?,지금 레벨 49 49 49 인데 오프라인 기준 경험치는 카 1 1 두면 되나요?,"['레벨', '오프라인', '기준', '경험치', '카', '되']",True,육성_레벨링,0.95,,
j__MUJTquJw,이지랄안해도 방치하면 어차피 다깨지않나요,0,2026-08-06 09:54:02+00:00,이지랄안해도 방치하면 어차피 다깨지않나요,이지랄안해도 방치하면 어차피 다깨지않나요,"['지랄', '하', '방치', '깨']",True,보스,0.95,,
GeniNYE0V5M,선생님 환산보면 헥환옆에 주의(방패모양 느낌표)에 정령의 축복 30렙 아니라고 나오는데 20렙이 끝 아닌가요? 어떻게 더 올리나요?,1,2026-08-06 05:55:55+00:00,선생님 환산보면 헥환옆에 주의(방패모양 느낌표)에 정령의 축복 30렙 아니라고 나오는데 20렙이 끝 아닌가요? 어떻게 더 올리나요?,선생님 환산보면 헥환옆에 주의 방패모양 느낌표 에 정령의 축복 30렙 아니라고 나오는데 20렙이 끝 아닌가요? 어떻게 더 올리나요?,"['선생', '환산', '보', '헥환', '옆', '주', '방패', '모양', '느낌표', '정령', '축복', '30렙', '나오', '20렙', '끝', '어떻', '올리']",True,시스템,1.0,,
5C5DU2FiHZk,아 나는 왜 팔라딘을 했을까,0,2026-08-06 03:02:31+00:00,아 나는 왜 팔라딘을 했을까,아 나는 왜 팔라딘을 했을까,"['라딘', '하']",False,해당없음,0.95,,
f92dfu0biJI,레테 전용인가요?,0,2026-08-06 02:30:50+00:00,레테 전용인가요?,레테 전용인가요?,"['레테', '전']",True,장비_아이템,1.0,,
9mbc6ESMMvo,겨우 2000개 모았는데 차이 엄청나네,0,2026-08-06 02:30:06+00:00,겨우 2000개 모았는데 차이 엄청나네,겨우 200개 모았는데 차이 엄청나네,"['개', '모으', '차이', '엄청나']",False,해당없음,1.0,,
9mbc6ESMMvo,귀찮아서 3-9 멈춰놨더니 어제 한번 보니까 이젠 3-9도 빌드없이 패고있던데 이제야 좀 방치형이 된거 같다고 느낌 ㅋㅋ,0,2026-08-06 01:07:47+00:00,귀찮아서 3-9 멈춰놨더니 어제 한번 보니까 이젠 3-9도 빌드없이 패고있던데 이제야 좀 방치형이 된거 같다고 느낌 ㅋㅋ,귀찮아서 3 9 멈춰놨더니 어제 한번 보니까 이젠 3 9도 빌드없이 패고있던데 이제야 좀 방치형이 된거 같다고 느낌 ㅋㅋ,"['귀찮', '멈추', '보', '이제', '도', '빌', '드', '패', '방치', '되', '거', '같', '느끼']",False,해당없음,1.0,,
GeniNYE0V5M,0:34 와 저건 나도 몰랐는데,2,2026-08-05 23:13:36+00:00,0:34 와 저건 나도 몰랐는데,0 34 와 저건 나도 몰랐는데,['모르'],False,해당없음,1.0,,
GeniNYE0V5M,잼이님 이번주 해방인 283렙 5천플마단 제논유저입니다! 보스를 돌다가 럭키 마깃안이 떴는데 팔고 템을 맞추는 게 좋을까요?? 현재 엠블은 에픽 똥블렘입니다!,1,2026-08-05 20:17:13+00:00,잼이님 이번주 해방인 283렙 5천플마단 제논유저입니다! 보스를 돌다가 럭키 마깃안이 떴는데 팔고 템을 맞추는 게 좋을까요?? 현재 엠블은 에픽 똥블렘입니다!,잼이님 이번주 해방인 283렙 5천플마단 제논유저입니다 보스를 돌다가 럭키 마깃안이 떴는데 팔고 템을 맞추는 게 좋을까요?? 현재 엠블은 에픽 똥블렘입니다,"['잼', '이번', '주', '해방', '283렙', '5천플마단', '제논', '유저', '보스', '돌', '럭키', '마', '깃', '안', '뜨', '팔', '템', '맞추', '것', '좋', '엠블', '에픽', '똥블렘']",True,장비_아이템,0.95,,gemini
GeniNYE0V5M,루타 칭호 연모로 잡아도 주나여?,1,2026-08-05 19:52:34+00:00,루타 칭호 연모로 잡아도 주나여?,루타 칭호 연모로 잡아도 주나여?,"['루', '타', '칭호', '연모', '잡']",True,보스,1.0,,
j__MUJTquJw,3-4까지 라고 적혀있는 빌드 3-3 절대안됌 3-3 처음 출발할 때 뒤에 무조건 한마리가 드래곤 버스트 안맞게 되어있음 한마리 야발..;;,0,2026-08-05 19:44:23+00:00,3-4까지 라고 적혀있는 빌드 3-3 절대안됌 3-3 처음 출발할 때 뒤에 무조건 한마리가 드래곤 버스트 안맞게 되어있음 한마리 야발..;;,3 4까지 라고 적혀있는 빌드 3 3 절대안됌 3 3 처음 출발할 때 뒤에 무조건 한마리가 드래곤 버스트 안맞게 되어있음 한마리 야발,"['적히', '빌', '드', '되', '처음', '출발', '때', '뒤', '마리', '드래곤', '버스트', '맞', '되', '마리', '야발']",False,해당없음,0.95,,
9mbc6ESMMvo,근데 카오스 살거 크게 없던데,0,2026-08-05 19:05:37+00:00,근데 카오스 살거 크게 없던데,근데 카오스 살거 크게 없던데,"['카오스', '사', '거', '크', '없']",False,해당없음,1.0,,
GeniNYE0V5M,챌섭으로 복귀한 유저인데 아무리 찾아봐도 일격필살이라는 이름이 없는데 어떤거죠 ㅠ,2,2026-08-05 17:51:17+00:00,챌섭으로 복귀한 유저인데 아무리 찾아봐도 일격필살이라는 이름이 없는데 어떤거죠 ㅠ,챌섭으로 복귀한 유저인데 아무리 찾아봐도 일격필살이라는 이름이 없는데 어떤거죠 ㅠ,"['챌섭', '복귀', '유저', '찾아보', '일격', '필살', '이름', '없', '데', '어떻', '거']",True,시스템,0.95,,
GeniNYE0V5M,혹시나 하고 들어왔지만..,1,2026-08-05 17:30:21+00:00,혹시나 하고 들어왔지만..,혹시나 하고 들어왔지만,"['하', '들어오']",False,해당없음,1.0,,
9mbc6ESMMvo,지팡이 추옵40에 마력 5 6 6퍼를 쓰는 사람 그것이 바로 나다... 근데 이게 무슨 의미가 있나 ㅠ 진짜 해방무기에나 떠주지,0,2026-08-05 16:14:17+00:00,지팡이 추옵40에 마력 5 6 6퍼를 쓰는 사람 그것이 바로 나다... 근데 이게 무슨 의미가 있나 ㅠ 진짜 해방무기에나 떠주지,지팡이 추옵40에 마력 5 6 6퍼를 쓰는 사람 그것이 바로 나다 근데 이게 무슨 의미가 있나 ㅠ 진짜 해방무기에나 떠주지,"['지팡이', '추', '마력', '퍼', '쓰', '사람', '의미', '있', '진짜', '해방', '무기', '뜨']",False,해당없음,1.0,,
f3DLA1EU8vw,진작볼걸 ㅠㅠ,0,2026-08-05 15:49:12+00:00,진작볼걸 ㅠㅠ,진작볼걸 ㅠㅠ,['보'],False,해당없음,1.0,,
9mbc6ESMMvo,3-10을 밀고나서야 비로소 방치형게임..,3,2026-08-05 15:43:28+00:00,3-10을 밀고나서야 비로소 방치형게임..,3 10을 밀고나서야 비로소 방치형게임,"['밀', '방치', '게임']",False,해당없음,1.0,,
GeniNYE0V5M,3년 반차 아직도 모르는게 많음,1,2026-08-05 15:16:41+00:00,3년 반차 아직도 모르는게 많음,3년 반차 아직도 모르는게 많음,"['년', '반', '차', '모르', '것', '많']",False,해당없음,0.95,,
GeniNYE0V5M,헉… 몬스터파크 경험치 물약이있다니ㅠㅠ이런,4,2026-08-05 14:58:51+00:00,헉… 몬스터파크 경험치 물약이있다니ㅠㅠ이런,헉 몬스터파크 경험치 물약이있다니ㅠㅠ이런,"['몬스터파크', '경험치', '물약', '있']",False,해당없음,1.0,,
GeniNYE0V5M,잼이님 보스 장비 프리셋에 장비를 등록해놓으면 사냥 장비프리셋 등록할때 장비가 없어서 동일한 장비를 쓸수가없어요.. 방법이없나요?,2,2026-08-05 13:44:03+00:00,잼이님 보스 장비 프리셋에 장비를 등록해놓으면 사냥 장비프리셋 등록할때 장비가 없어서 동일한 장비를 쓸수가없어요.. 방법이없나요?,잼이님 보스 장비 프리셋에 장비를 등록해놓으면 사냥 장비프리셋 등록할때 장비가 없어서 동일한 장비를 쓸수가없어요 방법이없나요?,"['잼', '님', '보스', '장비', '프리셋', '장비', '등록', '사냥', '장비', '프리', '셋', '등록', '때', '장비', '없', '동일', '장비', '쓰', '수', '없', '방법', '없']",True,시스템,1.0,,
GeniNYE0V5M,메린이에게 도움이 되었어요 감사합니다😂,2,2026-08-05 13:33:18+00:00,메린이에게 도움이 되었어요 감사합니다😂,메린이에게 도움이 되었어요 감사합니다,"['메린', '도움', '되', '감사']",False,해당없음,1.0,,
9mbc6ESMMvo,14초부터 나오는 음악 제목 아시는뷴...ㅠㅠ,0,2026-08-05 13:03:52+00:00,14초부터 나오는 음악 제목 아시는뷴...ㅠㅠ,14초부터 나오는 음악 제목 아시는뷴 ㅠㅠ,"['초', '나오', '음악', '제목', '알', '뷰']",True,기타,1.0,,
GeniNYE0V5M,일주일 전에 시작했는데 보스 장신구 세트는 언제까지 끼는게 좋을까요? 바꿔야 한다면 얼마 정도로 어떤 세트로 바꾸는게 나을까요,1,2026-08-05 12:41:26+00:00,일주일 전에 시작했는데 보스 장신구 세트는 언제까지 끼는게 좋을까요? 바꿔야 한다면 얼마 정도로 어떤 세트로 바꾸는게 나을까요,일주일 전에 시작했는데 보스 장신구 세트는 언제까지 끼는게 좋을까요? 바꿔야 한다면 얼마 정도로 어떤 세트로 바꾸는게 나을까요,"['일주일', '전', '시작', '보스', '장신구', '세트', '끼', '것', '좋', '바꾸', '얼마', '정도', '세트', '바꾸', '것', '낫']",True,장비_아이템,0.95,,
9mbc6ESMMvo,"벌써 마무리 단계입니다 코인이고 훈장이고 무기나 장비는 다들좋아서 분해 하는수준이고 초반에 재미잇어는데
코인은 점점 시세는 떨어질테고 오늘이 루나섭 4만 조만간 13일이후 는 개당 만원도 안할겁니다 이젠 코인 신경쓰지말고 다시 원래 대로 메이플  복귀 합니다 ^^",0,2026-08-05 12:32:57+00:00,"벌써 마무리 단계입니다 코인이고 훈장이고 무기나 장비는 다들좋아서 분해 하는수준이고 초반에 재미잇어는데
코인은 점점 시세는 떨어질테고 오늘이 루나섭 4만 조만간 13일이후 는 개당 만원도 안할겁니다 이젠 코인 신경쓰지말고 다시 원래 대로 메이플  복귀 합니다 ^^",벌써 마무리 단계입니다 코인이고 훈장이고 무기나 장비는 다들좋아서 분해 하는수준이고 초반에 재미잇어는데 코인은 점점 시세는 떨어질테고 오늘이 루나섭 4만 조만간 13일이후 는 개당 만원도 안할겁니다 이젠 코인 신경쓰지말고 다시 원래 대로 메이플 복귀 합니다,"['마무리', '단계', '코인', '훈장', '무기', '장비', '좋', '분하', '수준', '초반', '재미', '잇', '코인', '시세', '떨어지', '터', '오늘', '루나섭', '일', '이후', '늘', '개', '원', '하', '거', '이제', '코인', '신경', '쓰', '원래', '메이플', '복귀']",False,해당없음,1.0,,
GeniNYE0V5M,"영상도 좋지만 
건강도 같이 챙기세여 아프신 건 다 나으셨는지? ^^",1,2026-08-05 12:30:50+00:00,"영상도 좋지만 
건강도 같이 챙기세여 아프신 건 다 나으셨는지? ^^",영상도 좋지만 건강도 같이 챙기세여 아프신 건 다 나으셨는지?,"['영상', '좋', '건강', '챙기', '아프', '거', '낫']",True,기타,0.95,,
GeniNYE0V5M,잼이님 오프닝때 나오는 비구름 라이딩 정보좀요~,1,2026-08-05 12:29:18+00:00,잼이님 오프닝때 나오는 비구름 라이딩 정보좀요~,잼이님 오프닝때 나오는 비구름 라이딩 정보좀요,"['잼', '님', '오프닝', '때', '나오', '비구름', '라이딩', '정보']",True,기타,0.9,,gemini
9mbc6ESMMvo,"이번 주말에 해야할듯 45/45/45 인ㄷ데 템8다맞추고 다끝내야할듯
3-7 까지 밖에 못깨네... 벌써 다 깨신분도 많으시네요 
전컴퓨터 안켜서",0,2026-08-05 12:27:41+00:00,"이번 주말에 해야할듯 45/45/45 인ㄷ데 템8다맞추고 다끝내야할듯
3-7 까지 밖에 못깨네... 벌써 다 깨신분도 많으시네요 
전컴퓨터 안켜서",이번 주말에 해야할듯 45 45 45 인ㄷ데 템8다맞추고 다끝내야할듯 3 7 까지 밖에 못깨네 벌써 다 깨신분도 많으시네요 전컴퓨터 안켜서,"['이번', '주말', '하', '듯', '인', '데', '템', '맞추', '끝내', '듯', '깨', '깨', '분', '많', '컴퓨터', '켜']",False,해당없음,1.0,,
9mbc6ESMMvo,후....효과 안읽어보고 만든 내 쿨감4초 활 스테프야....미안하다..... 다시 공마 12퍼로 돌아갈때다,0,2026-08-05 12:21:02+00:00,후....효과 안읽어보고 만든 내 쿨감4초 활 스테프야....미안하다..... 다시 공마 12퍼로 돌아갈때다,후 효과 안읽어보고 만든 내 쿨감4초 활 스테프야 미안하다 다시 공마 12퍼로 돌아갈때다,"['후', '효과', '읽', '만들', '쿨', '초', '활', '스테프', '미안', '공', '마', '퍼', '돌아가', '때']",False,해당없음,1.0,,
GeniNYE0V5M,"항상 감사합니다!
구독과 좋아요는 채널유지에 큰힘이 됩니다!

0:18 1
0:56 2
02:27 3
04:47 4
05:54 5
06:56 6


영상과 상관없는 내용이나 과도한 직업비하는
삭제가 되니까 이부분 양해부탁드립니다

채널에 가입하여 혜택을 누려보세요.
https://www.youtube.com/channel/UClLl6MY6ad9f_bZDHxdzqww/join

잼이카페
cafe.naver.com/zamegame

잼이 치지직
https://chzzk.naver.com/fc472e07e10f4e2fb7ee9db67d29120d

목 건강이 나빠서 이중 더빙을 하고 있습니다

ai 성우 사용중입니다

[메이플 장편] 월수금 1편씩 오후 6시 업로드",2,2026-08-05 12:16:23+00:00,"항상 감사합니다!
구독과 좋아요는 채널유지에 큰힘이 됩니다!

0:18 1
0:56 2
02:27 3
04:47 4
05:54 5
06:56 6


영상과 상관없는 내용이나 과도한 직업비하는
삭제가 되니까 이부분 양해부탁드립니다

채널에 가입하여 혜택을 누려보세요.
https://www.youtube.com/channel/UClLl6MY6ad9f_bZDHxdzqww/join

잼이카페
cafe.naver.com/zamegame

잼이 치지직
https://chzzk.naver.com/fc472e07e10f4e2fb7ee9db67d29120d

목 건강이 나빠서 이중 더빙을 하고 있습니다

ai 성우 사용중입니다

[메이플 장편] 월수금 1편씩 오후 6시 업로드",항상 감사합니다 구독과 좋아요는 채널유지에 큰힘이 됩니다 0 18 1 0 56 2 02 27 3 04 47 4 05 54 5 06 56 6 영상과 상관없는 내용이나 과도한 직업비하는 삭제가 되니까 이부분 양해부탁드립니다 채널에 가입하여 혜택을 누려보세요 잼이카페 cafe naver com zamegame 잼이 치지직 목 건강이 나빠서 이중 더빙을 하고 있습니다 ai 성우 사용중입니다 메이플 장편 월수금 1편씩 오후 6시 업로드,"['감사', '구독', '좋아요', '채널', '유지', '크', '힘', '되', '영상', '상관없', '내용', '과도', '직업', '비하', '삭제', '되', '부분', '양해', '부탁', '드리', '채널', '가입', '혜택', '누리', '잼이카페', '잼', '목', '건강', '나쁘', '이중', '더빙', '하', '성우', '사용', '중', '메이플', '장편', '월', '수금', '편', '오후', '시', '업로드']",False,해당없음,1.0,,
9mbc6ESMMvo,어차피 스쿼드 코인 똥값이라 이젠 대충해도 뭐...,0,2026-08-05 12:15:36+00:00,어차피 스쿼드 코인 똥값이라 이젠 대충해도 뭐...,어차피 스쿼드 코인 똥값이라 이젠 대충해도 뭐,"['스쿼드', '코인', '똥값', '이제', '하']",False,해당없음,0.95,,
9mbc6ESMMvo,헐 아직 41렙에 7단계 아케인 3개정도 만들었는데 ㅜㅜ,1,2026-08-05 12:09:44+00:00,헐 아직 41렙에 7단계 아케인 3개정도 만들었는데 ㅜㅜ,헐 아직 41렙에 7단계 아케인 3개정도 만들었는데 ㅜㅜ,"['41렙', '단계', '아케인', '개', '정도', '만들']",False,해당없음,0.95,,
9mbc6ESMMvo,다음엔 제발 자동 재설정,1,2026-08-05 11:57:08+00:00,다음엔 제발 자동 재설정,다음엔 제발 자동 재설정,"['다음', '자동', '설정']",False,해당없음,1.0,,
9mbc6ESMMvo,8단계합성 8번했는데 7번이 스태프가 맞냐.... 확률조작아니누,0,2026-08-05 11:55:35+00:00,8단계합성 8번했는데 7번이 스태프가 맞냐.... 확률조작아니누,8단계합성 8번했는데 7번이 스태프가 맞냐 확률조작아니누,"['단계', '합성', '번', '번', '스태프', '맞', '확률', '조작']",True,시스템,0.9,,
j__MUJTquJw,"이해가 너무 안가는 부분이 있어서 댓글 남깁니다.
3-4 템 파밍할 때 왜 무기만 장착하는 건가요?",0,2026-08-05 11:20:44+00:00,"이해가 너무 안가는 부분이 있어서 댓글 남깁니다.
3-4 템 파밍할 때 왜 무기만 장착하는 건가요?",이해가 너무 안가는 부분이 있어서 댓글 남깁니다 3 4 템 파밍할 때 왜 무기만 장착하는 건가요?,"['이해', '가', '부분', '있', '댓글', '남기', '템', '파밍', '때', '무기', '장착', '거']",True,장비_아이템,1.0,,
9mbc6ESMMvo,"이미 카오스 3-10까지 다 밀어놓고 진짜 ""방치""중인 메붕이들은 개추 ㅋㅋㅋㅋ",20,2026-08-05 10:50:54+00:00,"이미 카오스 3-10까지 다 밀어놓고 진짜 ""방치""중인 메붕이들은 개추 ㅋㅋㅋㅋ",이미 카오스 3 10까지 다 밀어놓고 진짜 방치 중인 메붕이들은 개추 ㅋㅋ,"['카오스', '밀', '진짜', '방치', '중', '메붕이', '개', '추']",False,해당없음,1.0,,
9mbc6ESMMvo,카오스 3-3에 뺑뺑이 도는데 아직도 코인 못먹으면 버그 맞죠,0,2026-08-05 10:44:44+00:00,카오스 3-3에 뺑뺑이 도는데 아직도 코인 못먹으면 버그 맞죠,카오스 3 3에 뺑뺑이 도는데 아직도 코인 못먹으면 버그 맞죠,"['카오스', '뺑뺑이', '도', '코인', '먹', '버그', '맞']",True,시스템,0.95,,
9mbc6ESMMvo,궁금한게 울티마 겜끄면 코인안쌓이나요 ?,0,2026-08-05 10:28:03+00:00,궁금한게 울티마 겜끄면 코인안쌓이나요 ?,궁금한게 울티마 겜끄면 코인안쌓이나요 ?,"['궁금하', '것', '울티마', '것', '끄', '코인', '쌓이']",True,시스템,1.0,,
9mbc6ESMMvo,빵빵아 옥지얌 빵빵아 옥지얌,0,2026-08-05 10:19:02+00:00,빵빵아 옥지얌 빵빵아 옥지얌,빵빵아 옥지얌 빵빵아 옥지얌,"['아', '옥지얌', '아', '옥', '지']",False,해당없음,1.0,,
9mbc6ESMMvo,운빨존망방치형,0,2026-08-05 09:47:47+00:00,운빨존망방치형,운빨존망방치형,"['운빨', '존망', '방치']",False,해당없음,1.0,,
9mbc6ESMMvo,이거보고 캐서 팔아줘라 싸게 살줄게,0,2026-08-05 09:32:10+00:00,이거보고 캐서 팔아줘라 싸게 살줄게,이거보고 캐서 팔아줘라 싸게 살줄게,"['보', '캐', '팔', '싸', '사', '주']",False,해당없음,0.95,,
9mbc6ESMMvo,53~54 찍기 전까지는 3-4에서 뺑이쳐서 8티어 파밍하다가 찍으면 3-1로 이사하면 되겠네요,1,2026-08-05 08:59:32+00:00,53~54 찍기 전까지는 3-4에서 뺑이쳐서 8티어 파밍하다가 찍으면 3-1로 이사하면 되겠네요,53 54 찍기 전까지는 3 4에서 뺑이쳐서 8티어 파밍하다가 찍으면 3 1로 이사하면 되겠네요,"['찍', '전', '뺑이', '치', '티', '어', '파밍', '하', '찍', '이사', '되']",False,해당없음,1.0,,
9mbc6ESMMvo,아니 도대체 어떻게 벌써 카오스 가는겨,0,2026-08-05 08:54:17+00:00,아니 도대체 어떻게 벌써 카오스 가는겨,아니 도대체 어떻게 벌써 카오스 가는겨,"['어떻', '카오스', '가']",True,육성_레벨링,0.95,,
FMUmSNtWlEU,메이플은 이제 사냥이란게 없어졌나요?,2,2026-08-05 08:09:48+00:00,메이플은 이제 사냥이란게 없어졌나요?,메이플은 이제 사냥이란게 없어졌나요?,"['메이플', '사냥', '것', '없']",True,사냥,1.0,,
9mbc6ESMMvo,3:40 스킬,8,2026-08-05 08:06:53+00:00,3:40 스킬,3 40 스킬,['스킬'],True,스킬_6차,0.8,,
9mbc6ESMMvo,제네시스는 안 나오고 에테르넬만 계속 중복인데 확률이라 어쩔 수 없는 거겠죠..?,0,2026-08-05 07:56:57+00:00,제네시스는 안 나오고 에테르넬만 계속 중복인데 확률이라 어쩔 수 없는 거겠죠..?,제네시스는 안 나오고 에테르넬만 계속 중복인데 확률이라 어쩔 수 없는 거겠죠 ?,"['제네시스', '나오', '에테르넬', '중복', '확률', '어쩌', '수', '없', '거']",True,장비_아이템,0.95,,
9mbc6ESMMvo,"맑음님 안녕하세요 지금 45레벨에 3-4까지 깬 상태인데 50레벨찍고 편하게 나머지 밀려고합니다 레벨링 어느지역에서 어떻게 하는게 좋을까요??
찾아보니 3-4에서 무기만끼고 극딜끼고 자살런 하라던데 이건 템파밍빌드같아서요..
저는 어차피 렙올리고갈거니까 템파밍은 필요없고 경험치 고효율뺑뺑이로 가고싶은데 어느맵에서 어떤스킬끼고 돌리는게 좋을까요??",0,2026-08-05 07:53:14+00:00,"맑음님 안녕하세요 지금 45레벨에 3-4까지 깬 상태인데 50레벨찍고 편하게 나머지 밀려고합니다 레벨링 어느지역에서 어떻게 하는게 좋을까요??
찾아보니 3-4에서 무기만끼고 극딜끼고 자살런 하라던데 이건 템파밍빌드같아서요..
저는 어차피 렙올리고갈거니까 템파밍은 필요없고 경험치 고효율뺑뺑이로 가고싶은데 어느맵에서 어떤스킬끼고 돌리는게 좋을까요??",맑음님 안녕하세요 지금 45레벨에 3 4까지 깬 상태인데 50레벨찍고 편하게 나머지 밀려고합니다 레벨링 어느지역에서 어떻게 하는게 좋을까요?? 찾아보니 3 4에서 무기만끼고 극딜끼고 자살런 하라던데 이건 템파밍빌드같아서요 저는 어차피 렙올리고갈거니까 템파밍은 필요없고 경험치 고효율뺑뺑이로 가고싶은데 어느맵에서 어떤스킬끼고 돌리는게 좋을까요??,"['맑음', '안녕', '레벨', '깨', '상태', '레벨', '찍', '편하', '나머지', '밀', '레벨링', '지역', '어떻', '하', '것', '좋', '찾아보', '무기', '끼', '극딜', '끼', '자살런', '하', '하', '템파밍빌드', '같', '렙', '올리', '가', '거', '템파밍', '필요', '없', '경험', '효율', '뺑뺑이', '가', '맵', '스킬', '끼', '돌리', '것', '좋']",True,육성_레벨링,1.0,,
9mbc6ESMMvo,2:09 풀템 빵빵이요? ㅋㅋㅋㅋㅋ,15,2026-08-05 07:35:04+00:00,2:09 풀템 빵빵이요? ㅋㅋㅋㅋㅋ,2 09 풀템 빵빵이요? ㅋㅋ,['풀템'],True,장비_아이템,0.8,,gemini
9mbc6ESMMvo,완찍고 그냥 대충 방치중 ㅋㅋ,0,2026-08-05 07:30:38+00:00,완찍고 그냥 대충 방치중 ㅋㅋ,완찍고 그냥 대충 방치중 ㅋㅋ,"['완', '찍', '방치', '중']",False,해당없음,1.0,,gemini
9mbc6ESMMvo,다조 다 사먹어서 이제 끝,0,2026-08-05 07:18:29+00:00,다조 다 사먹어서 이제 끝,다조 다 사먹어서 이제 끝,"['조', '사', '먹', '끝']",False,해당없음,1.0,,
9mbc6ESMMvo,첫날부터 달려서 이미 현타온 메붕이는 개추,0,2026-08-05 07:10:12+00:00,첫날부터 달려서 이미 현타온 메붕이는 개추,첫날부터 달려서 이미 현타온 메붕이는 개추,"['첫날', '달리', '현', '타', '메붕이', '개추']",False,해당없음,1.0,,
9mbc6ESMMvo,덕분에 올 45렙으로 1-1 걍 가만히 있다가 3-1까지 갈 수 있었습니다. 코인 맛있게 파밍 ㄱㅇㄷ,1,2026-08-05 06:58:05+00:00,덕분에 올 45렙으로 1-1 걍 가만히 있다가 3-1까지 갈 수 있었습니다. 코인 맛있게 파밍 ㄱㅇㄷ,덕분에 올 45렙으로 1 1 걍 가만히 있다가 3 1까지 갈 수 있었습니다 코인 맛있게 파밍 ㄱㅇㄷ,"['덕분', '45렙', '있', '가', '수', '있', '코인', '맛있', '파밍']",False,해당없음,1.0,,
9mbc6ESMMvo,스펙 좀 남는분들은 데몬 베인 맨앞에 두면 3초정도 더 빨라져요,0,2026-08-05 06:53:58+00:00,스펙 좀 남는분들은 데몬 베인 맨앞에 두면 3초정도 더 빨라져요,스펙 좀 남는분들은 데몬 베인 맨앞에 두면 3초정도 더 빨라져요,"['스펙', '남', '분', '데몬', '베인', '앞', '두', '초', '정도', '빠르']",False,해당없음,1.0,,
9mbc6ESMMvo,"더 효율 좋게 알려드리자면
궁수랑 법사는 쿨+공마6퍼, 전사는 공격력 위주로 템 뽑으면 뭔가 더 잘 도는 기분입니다",0,2026-08-05 06:36:17+00:00,"더 효율 좋게 알려드리자면
궁수랑 법사는 쿨+공마6퍼, 전사는 공격력 위주로 템 뽑으면 뭔가 더 잘 도는 기분입니다",더 효율 좋게 알려드리자면 궁수랑 법사는 쿨 공마6퍼 전사는 공격력 위주로 템 뽑으면 뭔가 더 잘 도는 기분입니다,"['효율', '좋', '알리', '궁수', '법사', '쿨', '공마6퍼', '전사', '공격력', '위주', '템', '뽑', '도', '기분']",False,해당없음,1.0,,
9mbc6ESMMvo,전 그냥 다 뚫고나니 현타씨게와서 9에다 두고 방치중,0,2026-08-05 06:30:23+00:00,전 그냥 다 뚫고나니 현타씨게와서 9에다 두고 방치중,전 그냥 다 뚫고나니 현타씨게와서 9에다 두고 방치중,"['뚫', '나', '타', '씨', '것', '오', '두', '방치', '중']",False,해당없음,1.0,,
9mbc6ESMMvo,카오스에서 경험치는 어디서 먹여야할까요?,0,2026-08-05 06:29:40+00:00,카오스에서 경험치는 어디서 먹여야할까요?,카오스에서 경험치는 어디서 먹여야할까요?,"['카오스', '경험치', '먹이']",True,육성_레벨링,0.95,,
9mbc6ESMMvo,허어 내가 51인데 하필 51 빌드가 없노,0,2026-08-05 06:09:57+00:00,허어 내가 51인데 하필 51 빌드가 없노,허어 내가 51인데 하필 51 빌드가 없노,"['빌', '드', '없']",True,사냥,0.8,,
9mbc6ESMMvo,"걍 전사는 무기공퍼 2줄, 궁수 쿨감4초, 법사 쿨감2초마력퍼1줄 띄우고 방어구에 공마 1줄씩 띄워두니까 3-1 렙 51인데도 보스에 딱 맞춰서 데몬베인 써지네요",0,2026-08-05 06:07:02+00:00,"걍 전사는 무기공퍼 2줄, 궁수 쿨감4초, 법사 쿨감2초마력퍼1줄 띄우고 방어구에 공마 1줄씩 띄워두니까 3-1 렙 51인데도 보스에 딱 맞춰서 데몬베인 써지네요",걍 전사는 무기공퍼 2줄 궁수 쿨감4초 법사 쿨감2초마력퍼1줄 띄우고 방어구에 공마 1줄씩 띄워두니까 3 1 렙 51인데도 보스에 딱 맞춰서 데몬베인 써지네요,"['전사', '무기', '공', '퍼', '줄', '궁수', '쿨감4초', '법사', '쿨감2초마력퍼1', '줄', '띄우', '방', '어구', '공', '마', '줄', '띄우', '렙', '데', '보스', '맞추', '데몬베인', '쓰']",False,해당없음,1.0,,
9mbc6ESMMvo,울티마 스쿼드 잼있긴함. ㅋㅋ,1,2026-08-05 06:06:33+00:00,울티마 스쿼드 잼있긴함. ㅋㅋ,울티마 스쿼드 잼있긴함 ㅋㅋ,"['울티마', '스쿼드', '잼', '있']",False,해당없음,1.0,,
9mbc6ESMMvo,넥슨온까지 깔아가면서 원격으로 장비수급했던 울티마..다음 패치에도 색다르게 내주길,19,2026-08-05 05:58:40+00:00,넥슨온까지 깔아가면서 원격으로 장비수급했던 울티마..다음 패치에도 색다르게 내주길,넥슨온까지 깔아가면서 원격으로 장비수급했던 울티마 다음 패치에도 색다르게 내주길,"['넥슨', '오', '깔', '원격', '장비', '수급', '울티마', '다음', '패치', '색다르', '내']",False,해당없음,1.0,,
9mbc6ESMMvo,오,0,2026-08-05 05:57:07+00:00,오,오,[],False,해당없음,1.0,,
9mbc6ESMMvo,메m공략 가지고와줘 제바루,0,2026-08-05 05:50:39+00:00,메m공략 가지고와줘 제바루,메m공략 가지고와줘 제바루,"['메', '공략', '가지', '오', '제바루']",True,기타,0.95,,
9mbc6ESMMvo,카오스 들어가니까 이제 할필요가 없어짐,0,2026-08-05 05:47:14+00:00,카오스 들어가니까 이제 할필요가 없어짐,카오스 들어가니까 이제 할필요가 없어짐,"['카오스', '들어가', '하', '필요', '없']",False,해당없음,1.0,,
9mbc6ESMMvo,스테이지 클탐 싸움 할 때는 쿨감 공속  필요없나보네,0,2026-08-05 05:42:21+00:00,스테이지 클탐 싸움 할 때는 쿨감 공속  필요없나보네,스테이지 클탐 싸움 할 때는 쿨감 공속 필요없나보네,"['스테이지', '크', '탐', '싸움', '하', '때', '쿨', '감', '공', '속', '필요', '없']",True,스펙업,0.9,,
9mbc6ESMMvo,그냥 카오스코인 사서 경험치 바꾸고 방치시켜놨음 나중에 코인샵 개편해주려나,0,2026-08-05 05:33:26+00:00,그냥 카오스코인 사서 경험치 바꾸고 방치시켜놨음 나중에 코인샵 개편해주려나,그냥 카오스코인 사서 경험치 바꾸고 방치시켜놨음 나중에 코인샵 개편해주려나,"['카오스코인', '사', '경험치', '바꾸', '방치', '나중', '코인', '샵', '개편']",True,이벤트,0.9,,
9mbc6ESMMvo,효율 보고 싶은 사람은 맑음 공략 참고해서 본인 레벨대 맞게 조금씩 조정하면 도움 많이 됨. 본인은 49렙에 스킬 세팅 똑같이하고 3-1 돌면 90퍼대에 전사가 베인 싸버리길래 전사만 방어구 빼둬서 80~90 구간에서 죽이고 보스 만나면 살아나서 베인 갈기도록 해두니까 2분 초반대 클리어 가능. 이런 식으로 자기 레벨 맞춰서 아침에 세팅 조금만 손보고 출근하면 됨.,2,2026-08-05 05:33:16+00:00,효율 보고 싶은 사람은 맑음 공략 참고해서 본인 레벨대 맞게 조금씩 조정하면 도움 많이 됨. 본인은 49렙에 스킬 세팅 똑같이하고 3-1 돌면 90퍼대에 전사가 베인 싸버리길래 전사만 방어구 빼둬서 80~90 구간에서 죽이고 보스 만나면 살아나서 베인 갈기도록 해두니까 2분 초반대 클리어 가능. 이런 식으로 자기 레벨 맞춰서 아침에 세팅 조금만 손보고 출근하면 됨.,효율 보고 싶은 사람은 맑음 공략 참고해서 본인 레벨대 맞게 조금씩 조정하면 도움 많이 됨 본인은 49렙에 스킬 세팅 똑같이하고 3 1 돌면 90퍼대에 전사가 베인 싸버리길래 전사만 방어구 빼둬서 80 90 구간에서 죽이고 보스 만나면 살아나서 베인 갈기도록 해두니까 2분 초반대 클리어 가능 이런 식으로 자기 레벨 맞춰서 아침에 세팅 조금만 손보고 출근하면 됨,"['효율', '보', '사람', '맑', '공략', '참고', '본인', '레벨', '맞', '조금', '조정', '도움', '되', '본인', '렙', '스킬', '세팅', '하', '돌', '퍼', '대', '전사', '베이', '싸', '전사', '방어', '구', '빼', '구간', '죽이', '보스', '만나', '살아나', '베이', '갈기', '분', '초반', '클리어', '가능', '식', '레벨', '맞추', '아침', '세팅', '조금', '손보', '출근', '되']",False,해당없음,1.0,,
9mbc6ESMMvo,맑음님 최고용 영상마다 퀄리티가 너무 좋음 영상미가 에이스,1,2026-08-05 05:28:53+00:00,맑음님 최고용 영상마다 퀄리티가 너무 좋음 영상미가 에이스,맑음님 최고용 영상마다 퀄리티가 너무 좋음 영상미가 에이스,"['맑음', '최고', '영상', '퀄리티', '좋', '영상미', '에이스']",False,해당없음,1.0,,gemini
9mbc6ESMMvo,"오늘 처음으로 컴퓨터 끔..
여태까지 가격이 쏠쏠해서 캐는대로 팔기만 했는데 이제 카오스코인 가격도 거품 다 빠져서 적당히 내꺼 캐면서 진짜 방치형 게임하면 될 듯.",12,2026-08-05 05:26:57+00:00,"오늘 처음으로 컴퓨터 끔..
여태까지 가격이 쏠쏠해서 캐는대로 팔기만 했는데 이제 카오스코인 가격도 거품 다 빠져서 적당히 내꺼 캐면서 진짜 방치형 게임하면 될 듯.",오늘 처음으로 컴퓨터 끔 여태까지 가격이 쏠쏠해서 캐는대로 팔기만 했는데 이제 카오스코인 가격도 거품 다 빠져서 적당히 내꺼 캐면서 진짜 방치형 게임하면 될 듯,"['오늘', '처음', '컴퓨터', '끄', '가격', '캐', '대로', '팔', '카오스', '코인', '가격', '거품', '빠지', '내', '끄', '캐', '방치', '게임', '되', '듯']",False,해당없음,1.0,,
9mbc6ESMMvo,3-10 까지 다깼는데 8등급 무기 뒤123져도 안뜨는 사람 개추ㅋㅋㅋㅋ,0,2026-08-05 05:23:06+00:00,3-10 까지 다깼는데 8등급 무기 뒤123져도 안뜨는 사람 개추ㅋㅋㅋㅋ,3 10 까지 다깼는데 8등급 무기 뒤123져도 안뜨는 사람 개추ㅋㅋ,"['깨', '등급', '무기', '뒤', '뜨', '사람', '개', '추']",False,해당없음,1.0,,
9mbc6ESMMvo,3-1데몬베인 쿨을 맞추려면 무기에서 2줄공 뽑는거 보단 법사 궁수 2초감소+@가 편하긴 하죠,0,2026-08-05 05:22:19+00:00,3-1데몬베인 쿨을 맞추려면 무기에서 2줄공 뽑는거 보단 법사 궁수 2초감소+@가 편하긴 하죠,3 1데몬베인 쿨을 맞추려면 무기에서 2줄공 뽑는거 보단 법사 궁수 2초감소 편하긴 하죠,"['데몬베', '쿨', '맞추', '무기', '줄', '공', '뽑', '거', '법사', '궁', '수', '초', '감소', '편하']",False,해당없음,1.0,,
9mbc6ESMMvo,레벨 개높네 ㄷㄷ .. 43 44렙은 어디가야하지,0,2026-08-05 05:20:47+00:00,레벨 개높네 ㄷㄷ .. 43 44렙은 어디가야하지,레벨 개높네 ㄷㄷ 43 44렙은 어디가야하지,"['레벨', '개', '높', '렙', '가']",True,육성_레벨링,1.0,,
9mbc6ESMMvo,"지금 3지역에서 마지막단계 앞두고 있습니다.
전사 39 궁수39 법사 36인가? 하는데  장비는  전사 5상 4상정도 있고 궁수도  법사도 거의 비슷한데
3지역 마지막 단계  보스머리위에 무슨 타이머같은게  있더라구여  좀 힘들긴한데  차라리 40찍고 가면되나여 ?",1,2026-08-05 05:19:18+00:00,"지금 3지역에서 마지막단계 앞두고 있습니다.
전사 39 궁수39 법사 36인가? 하는데  장비는  전사 5상 4상정도 있고 궁수도  법사도 거의 비슷한데
3지역 마지막 단계  보스머리위에 무슨 타이머같은게  있더라구여  좀 힘들긴한데  차라리 40찍고 가면되나여 ?",지금 3지역에서 마지막단계 앞두고 있습니다 전사 39 궁수39 법사 36인가? 하는데 장비는 전사 5상 4상정도 있고 궁수도 법사도 거의 비슷한데 3지역 마지막 단계 보스머리위에 무슨 타이머같은게 있더라구여 좀 힘들긴한데 차라리 40찍고 가면되나여 ?,"['지역', '마지막', '단계', '앞두', '전사', '궁수', '법사', '하', '장비', '전사', '5상', '상정', '있', '궁', '수도', '법사', '지역', '마지막', '단계', '보스', '머리', '위', '타이머', '같', '것', '있', '힘들', '찍', '가', '되']",True,육성_레벨링,0.95,,
9mbc6ESMMvo,동보상이라하면 스블이 나은듯,4,2026-08-05 05:18:23+00:00,동보상이라하면 스블이 나은듯,동보상이라하면 스블이 나은듯,"['보상', '하', '스블', '낫', '듯']",False,해당없음,0.95,,
9mbc6ESMMvo,사실상 코인 가격 보다 전기세가 더 나갈듯 슬슬 개당 5만원 아래로 떨어지는데 ㅋㅋ,12,2026-08-05 05:16:36+00:00,사실상 코인 가격 보다 전기세가 더 나갈듯 슬슬 개당 5만원 아래로 떨어지는데 ㅋㅋ,사실상 코인 가격 보다 전기세가 더 나갈듯 슬슬 개당 5만원 아래로 떨어지는데 ㅋㅋ,"['사실', '코인', '가격', '전기세', '나가', '듯', '개', '원', '아래', '떨어지']",False,해당없음,1.0,,
9mbc6ESMMvo,"궁붕이 법붕이 제네시스 무기에 쿨감 넣냐마냐가 체감이 엄청 커집니다. (물론 공마퍼도 있으면 최고)
112초째에서 다섯번째 엘고프레이를 마지막 잡몹에서 쓰면 쾌적하게 조져버릴 수 있습니다.
엘고프레이가 보스방에서 나간다고요? 축하합니다! 당신은 그 지역에서 오버스펙이니 다음 지역으로 갑시다.",25,2026-08-05 05:13:54+00:00,"궁붕이 법붕이 제네시스 무기에 쿨감 넣냐마냐가 체감이 엄청 커집니다. (물론 공마퍼도 있으면 최고)
112초째에서 다섯번째 엘고프레이를 마지막 잡몹에서 쓰면 쾌적하게 조져버릴 수 있습니다.
엘고프레이가 보스방에서 나간다고요? 축하합니다! 당신은 그 지역에서 오버스펙이니 다음 지역으로 갑시다.",궁붕이 법붕이 제네시스 무기에 쿨감 넣냐마냐가 체감이 엄청 커집니다 물론 공마퍼도 있으면 최고 112초째에서 다섯번째 엘고프레이를 마지막 잡몹에서 쓰면 쾌적하게 조져버릴 수 있습니다 엘고프레이가 보스방에서 나간다고요? 축하합니다 당신은 그 지역에서 오버스펙이니 다음 지역으로 갑시다,"['궁붕', '법붕', '제네시스', '무기', '쿨', '감', '넣', '말', '체감', '커지', '공마퍼', '있', '최고', '초', '번', '엘고프레이', '마지막', '잡몹', '쓰', '쾌적하', '조지', '수', '있', '엘고프레이', '보스', '방', '나가', '축하', '지역', '오버', '스펙', '다음', '지역', '가']",False,해당없음,0.95,,
9mbc6ESMMvo,재미는 있는데 방치형으로 만든거 아니냐? 방어구랑 무기때문에 방치를 못하겠더라 ㅋㅋ 이제 다 끝나고나니깐 편하게 메이플하는중,2,2026-08-05 05:12:19+00:00,재미는 있는데 방치형으로 만든거 아니냐? 방어구랑 무기때문에 방치를 못하겠더라 ㅋㅋ 이제 다 끝나고나니깐 편하게 메이플하는중,재미는 있는데 방치형으로 만든거 아니냐? 방어구랑 무기때문에 방치를 못하겠더라 ㅋㅋ 이제 다 끝나고나니깐 편하게 메이플하는중,"['재미', '있', '방치', '만들', '거', '방', '어구', '무', '때문', '방치', '하', '끝나', '편하', '메이플', '중']",False,해당없음,1.0,,
9mbc6ESMMvo,코인 복사 가즈아~,0,2026-08-05 05:12:16+00:00,코인 복사 가즈아~,코인 복사 가즈아,"['코인', '복사', '가즈아']",False,해당없음,1.0,,
9mbc6ESMMvo,귀찮아서 그냥 1 - 1에서 머물러 있는 사람 개추 ㅋㅋ,329,2026-08-05 05:05:55+00:00,귀찮아서 그냥 1 - 1에서 머물러 있는 사람 개추 ㅋㅋ,귀찮아서 그냥 1 1에서 머물러 있는 사람 개추 ㅋㅋ,"['귀찮', '머무르', '사람', '개', '추']",False,해당없음,1.0,,
9mbc6ESMMvo,조아쓰,0,2026-08-05 05:05:54+00:00,조아쓰,조아쓰,['조아쓰'],False,해당없음,1.0,,
9mbc6ESMMvo,늘 감사합니다!,1,2026-08-05 05:05:45+00:00,늘 감사합니다!,늘 감사합니다,['감사'],False,해당없음,1.0,,
f92dfu0biJI,264렙인데 해변 암석 3에서 쭉~ 사냥하나요? 아르크스 265 찍어야 넘어갈수있다는데...?,0,2026-08-05 04:25:29+00:00,264렙인데 해변 암석 3에서 쭉~ 사냥하나요? 아르크스 265 찍어야 넘어갈수있다는데...?,264렙인데 해변 암석 3에서 쭉 사냥하나요? 아르크스 265 찍어야 넘어갈수있다는데 ?,"['렙', '해변', '암석', '사냥', '아르크스', '찍', '넘어가', '수', '있']",True,사냥,0.95,,
bvjkNF-9wGA,이제 레테까지 5황 아닌가여 ㄷㄷ,0,2026-08-05 01:20:54+00:00,이제 레테까지 5황 아닌가여 ㄷㄷ,이제 레테까지 5황 아닌가여 ㄷㄷ,"['레테', '황']",True,직업_캐릭터,0.95,,
j__MUJTquJw,대맑음 메앰도 올려주시면 감사하겠습니다..!,0,2026-08-05 01:15:03+00:00,대맑음 메앰도 올려주시면 감사하겠습니다..!,대맑음 메앰도 올려주시면 감사하겠습니다,"['맑음', '메앰', '올리', '감사']",False,해당없음,0.95,,
j__MUJTquJw,3-9때 전사가 영상처럼안죽는데 어떻게하나요?,0,2026-08-04 22:32:10+00:00,3-9때 전사가 영상처럼안죽는데 어떻게하나요?,3 9때 전사가 영상처럼안죽는데 어떻게하나요?,"['때', '전사', '영상', '죽', '어떻', '하']",True,보스,0.95,,
f3DLA1EU8vw,"카오스 1-1이 2분4초 나오고 1-2가 3분35초나와서 멘탈큐어로 효율계산해보니까 1-2가 더 경험치 효율이 좋다고 나오는
빠르게 클리어하는 쪽이 괜찮을까요 효율쪽이 괜찮을까요?",0,2026-08-04 17:26:07+00:00,"카오스 1-1이 2분4초 나오고 1-2가 3분35초나와서 멘탈큐어로 효율계산해보니까 1-2가 더 경험치 효율이 좋다고 나오는
빠르게 클리어하는 쪽이 괜찮을까요 효율쪽이 괜찮을까요?",카오스 1 1이 2분4초 나오고 1 2가 3분35초나와서 멘탈큐어로 효율계산해보니까 1 2가 더 경험치 효율이 좋다고 나오는 빠르게 클리어하는 쪽이 괜찮을까요 효율쪽이 괜찮을까요?,"['카오스', '분', '초', '나오', '가', '분', '초', '나오', '멘탈', '큐', '어', '효율', '계산', '경험', '효율', '좋', '나오', '빠르', '클리어', '쪽', '괜찮', '효율', '쪽', '괜찮']",True,사냥,0.95,,
rEMZwLbgmcw,제로는어떻게되나요...?ㅠㅠ,1,2026-08-04 16:05:08+00:00,제로는어떻게되나요...?ㅠㅠ,제로는어떻게되나요 ?ㅠㅠ,"['어떻', '되']",True,직업_캐릭터,1.0,,
j__MUJTquJw,3-9 마지막에 다 죽어서 아 안 되는구나... 하고 있었는데 기적 같이 전사가 부활해서 마지막 보스 잡고 3-10까지 클리어했습니다. 진짜 방치형이지만 참여형인 레전드 게임 근데 재밌었다.,0,2026-08-04 15:59:42+00:00,3-9 마지막에 다 죽어서 아 안 되는구나... 하고 있었는데 기적 같이 전사가 부활해서 마지막 보스 잡고 3-10까지 클리어했습니다. 진짜 방치형이지만 참여형인 레전드 게임 근데 재밌었다.,3 9 마지막에 다 죽어서 아 안 되는구나 하고 있었는데 기적 같이 전사가 부활해서 마지막 보스 잡고 3 10까지 클리어했습니다 진짜 방치형이지만 참여형인 레전드 게임 근데 재밌었다,"['마지막', '죽', '되', '하', '기적', '전사', '부활', '마지막', '보스', '잡', '고', '클리어', '방치', '참여', '레전드', '게임', '재밌']",False,해당없음,1.0,,gemini
FMUmSNtWlEU,방금 시작했는데 슈피겔만이 없어졌는데 이런 경우에는 어떡해야하나요?,3,2026-08-04 15:48:09+00:00,방금 시작했는데 슈피겔만이 없어졌는데 이런 경우에는 어떡해야하나요?,방금 시작했는데 슈피겔만이 없어졌는데 이런 경우에는 어떡해야하나요?,"['시작', '슈피겔만', '없', '경우', '어떡하']",True,육성_레벨링,1.0,,
j__MUJTquJw,3-9 공략 딴사람꺼 보고 바로 깼다,0,2026-08-04 15:32:03+00:00,3-9 공략 딴사람꺼 보고 바로 깼다,3 9 공략 딴사람꺼 보고 바로 깼다,"['공략', '사람', '끄', '깨']",False,해당없음,1.0,,
f3DLA1EU8vw,아직 40도 못찍었는데 ㅋㅋ,0,2026-08-04 13:41:56+00:00,아직 40도 못찍었는데 ㅋㅋ,아직 40도 못찍었는데 ㅋㅋ,['찍'],False,해당없음,1.0,,
j__MUJTquJw,"6:01 길뚫 세팅 
10:20 반복 사냥 세티ㅇ",0,2026-08-04 10:55:45+00:00,"6:01 길뚫 세팅 
10:20 반복 사냥 세티ㅇ",6 01 길뚫 세팅 10 20 반복 사냥 세티ㅇ,"['길', '뚫', '세팅', '반복', '사냥', '세', '티']",True,사냥,0.9,,
j__MUJTquJw,맑음형님 메m공략만들어주세여ㅠ,0,2026-08-04 08:45:45+00:00,맑음형님 메m공략만들어주세여ㅠ,맑음형님 메m공략만들어주세여ㅠ,"['맑음', '형', '메', '공략', '들']",True,기타,0.95,,
Q-b20FJZ0jQ,던파유저인데 지근 찍먹할려하는데 지금시작해도 괜찮나용 못하는건지 궁금하네용,0,2026-08-04 08:35:12+00:00,던파유저인데 지근 찍먹할려하는데 지금시작해도 괜찮나용 못하는건지 궁금하네용,던파유저인데 지근 찍먹할려하는데 지금시작해도 괜찮나용 못하는건지 궁금하네용,"['던', '파', '유저', '근', '먹', '시작', '괜찮', '용', '하', '거', '궁금하']",True,육성_레벨링,1.0,,
j__MUJTquJw,이미 3-10까지 꺠놓고 그냥 보러왔으면 개추,0,2026-08-04 08:01:15+00:00,이미 3-10까지 꺠놓고 그냥 보러왔으면 개추,이미 3 10까지 꺠놓고 그냥 보러왔으면 개추,"['꺠', '놓', '보', '오', '개추']",False,해당없음,1.0,,
j__MUJTquJw,다들 엄청 진심이시구나.. 극단적 방치플로 이제 카오스 2-1인데...,0,2026-08-04 06:44:44+00:00,다들 엄청 진심이시구나.. 극단적 방치플로 이제 카오스 2-1인데...,다들 엄청 진심이시구나 극단적 방치플로 이제 카오스 2 1인데,"['진심', '극단', '방치', '플로', '카오스']",False,해당없음,1.0,,
f3DLA1EU8vw,스위칭 귀찮아 뒤지것네,0,2026-08-04 06:37:58+00:00,스위칭 귀찮아 뒤지것네,스위칭 귀찮아 뒤지것네,"['스위칭', '귀찮', '뒤지']",False,해당없음,1.0,,
j__MUJTquJw,"3-9는 빌드 따라하면 절대 안되네요 궁수 60퍼에서 안누워지고 전사 43퍼쯤에서 누우면 같이 누워버리고 템차이인지 75퍼에서 자연부활하는동안 뒷라인이 안버텨집니다
30분넘게 해보고있는데 3-9공략 7번~12번 저부분이 저대로 절대 안됩니다 빌드가 맑음님 템 상태로만 되는건지 해머 회복 운빨에 따라 다른건지 30퍼에서 한번 누우면 절대로 60퍼까지 안가고 3번째 부활이 50퍼대에서 나옵니다",0,2026-08-04 05:26:47+00:00,"3-9는 빌드 따라하면 절대 안되네요 궁수 60퍼에서 안누워지고 전사 43퍼쯤에서 누우면 같이 누워버리고 템차이인지 75퍼에서 자연부활하는동안 뒷라인이 안버텨집니다
30분넘게 해보고있는데 3-9공략 7번~12번 저부분이 저대로 절대 안됩니다 빌드가 맑음님 템 상태로만 되는건지 해머 회복 운빨에 따라 다른건지 30퍼에서 한번 누우면 절대로 60퍼까지 안가고 3번째 부활이 50퍼대에서 나옵니다",3 9는 빌드 따라하면 절대 안되네요 궁수 60퍼에서 안누워지고 전사 43퍼쯤에서 누우면 같이 누워버리고 템차이인지 75퍼에서 자연부활하는동안 뒷라인이 안버텨집니다 30분넘게 해보고있는데 3 9공략 7번 12번 저부분이 저대로 절대 안됩니다 빌드가 맑음님 템 상태로만 되는건지 해머 회복 운빨에 따라 다른건지 30퍼에서 한번 누우면 절대로 60퍼까지 안가고 3번째 부활이 50퍼대에서 나옵니다,"['빌', '드', '따르', '하', '되', '궁수', '퍼', '눕', '전사', '퍼', '눕', '눕', '템차이', '퍼', '자연', '부활', '동안', '뒷', '라인', '버티', '분', '넘', '해보', '공략', '번', '번', '부분', '되', '빌', '드', '맑음', '템', '상태', '되', '거', '해머', '회복', '운빨', '따르', '다르', '거', '퍼', '번', '눕', '퍼', '가', '번', '부활', '퍼', '대', '나오']",True,보스,0.95,,
j__MUJTquJw,메이플 렌m 공략 언제나오죠,0,2026-08-04 04:33:19+00:00,메이플 렌m 공략 언제나오죠,메이플 렌m 공략 언제나오죠,"['메이플', '렌', '공략', '나오']",True,기타,1.0,,
f3DLA1EU8vw,항상 잘 보고 있습니다!! 4:35 요기 bgm 무엇인지 알수있나요??,0,2026-08-04 04:12:53+00:00,항상 잘 보고 있습니다!! 4:35 요기 bgm 무엇인지 알수있나요??,항상 잘 보고 있습니다 4 35 요기 bgm 무엇인지 알수있나요??,"['보', '알', '수', '있']",True,기타,1.0,,
f3DLA1EU8vw,9:57,0,2026-08-04 02:25:12+00:00,9:57,9 57,[],False,해당없음,1.0,,
j__MUJTquJw,"환산울티마 들어가서 보면 궁수,법사 잠재 쿨감2초가 효율1등이라고 나와있는데 공격력%가 더 좋은 옵션인가요?",0,2026-08-04 02:19:37+00:00,"환산울티마 들어가서 보면 궁수,법사 잠재 쿨감2초가 효율1등이라고 나와있는데 공격력%가 더 좋은 옵션인가요?",환산울티마 들어가서 보면 궁수 법사 잠재 쿨감2초가 효율1등이라고 나와있는데 공격력 가 더 좋은 옵션인가요?,"['환산울티마', '들어가', '보', '궁수', '법사', '잠재', '쿨', '초', '효율', '등', '나오', '공격력', '가', '좋', '옵션']",True,스펙업,1.0,,
j__MUJTquJw,맑음님 진짜 체계적으로 공략 잘 올리시네요,0,2026-08-04 01:31:17+00:00,맑음님 진짜 체계적으로 공략 잘 올리시네요,맑음님 진짜 체계적으로 공략 잘 올리시네요,"['맑음', '체계', '공략', '올리']",False,해당없음,1.0,,
5C5DU2FiHZk,썬콜이 완전 극딜캐릭은 아니긴한데 그래도 극딜비중이 높으니깐。。썬브랑 프로즌 오브 이번 신규스킬이랑 평딜도 은근 잘넣어야지 어느정도 쎔 ㅋㅋ,0,2026-08-04 01:23:54+00:00,썬콜이 완전 극딜캐릭은 아니긴한데 그래도 극딜비중이 높으니깐。。썬브랑 프로즌 오브 이번 신규스킬이랑 평딜도 은근 잘넣어야지 어느정도 쎔 ㅋㅋ,썬콜이 완전 극딜캐릭은 아니긴한데 그래도 극딜비중이 높으니깐 썬브랑 프로즌 오브 이번 신규스킬이랑 평딜도 은근 잘넣어야지 어느정도 쎔 ㅋㅋ,"['썬', '콜', '완전', '극딜캐릭', '극딜', '비중', '높', '썬브랑', '프로즌', '오브', '이번', '신규', '스킬', '평', '딜', '은근', '넣', '정도', '쎄']",False,해당없음,1.0,,
rEMZwLbgmcw,템셋팅할려면 메소가 많이 들거같은데 최소 얼마나 드는지 알려줄수있나요?,1,2026-08-04 00:01:12+00:00,템셋팅할려면 메소가 많이 들거같은데 최소 얼마나 드는지 알려줄수있나요?,템셋팅할려면 메소가 많이 들거같은데 최소 얼마나 드는지 알려줄수있나요?,"['템', '셋팅', '메소', '들', '거', '같', '최소', '알리', '수', '있']",True,장비_아이템,0.95,,gemini
j__MUJTquJw,20:30 10:24,0,2026-08-03 23:25:13+00:00,20:30 10:24,20 30 10 24,[],False,해당없음,1.0,,
rEMZwLbgmcw,저는 일반캐릭으로 유니온작 하는중입니다 마스터 유니온되가요!,1,2026-08-03 22:23:42+00:00,저는 일반캐릭으로 유니온작 하는중입니다 마스터 유니온되가요!,저는 일반캐릭으로 유니온작 하는중입니다 마스터 유니온되가요,"['일반캐릭', '유니온작', '하', '중', '마스터', '유니온되']",False,해당없음,1.0,,
j__MUJTquJw,카오스코인 모으는용도 이제 방치형됨 ㅋㅋ,0,2026-08-03 20:37:11+00:00,카오스코인 모으는용도 이제 방치형됨 ㅋㅋ,카오스코인 모으는용도 이제 방치형됨 ㅋㅋ,"['카오스', '코인', '모으', '용도', '방치']",False,해당없음,1.0,,
j__MUJTquJw,"3-10까지 뚫었는데 어디다가 방치하는게 코인 제일 잘캘라나.. 아직도 고민되긴함... 풀템 방치냐 무기 방치냐... 근데 무기만 장착하고 3-4 ,3-7에서 하는게 뭔가 더 잘 먹는 느낌이 들기도 하고... 잘 모르겠네...",0,2026-08-03 17:06:11+00:00,"3-10까지 뚫었는데 어디다가 방치하는게 코인 제일 잘캘라나.. 아직도 고민되긴함... 풀템 방치냐 무기 방치냐... 근데 무기만 장착하고 3-4 ,3-7에서 하는게 뭔가 더 잘 먹는 느낌이 들기도 하고... 잘 모르겠네...",3 10까지 뚫었는데 어디다가 방치하는게 코인 제일 잘캘라나 아직도 고민되긴함 풀템 방치냐 무기 방치냐 근데 무기만 장착하고 3 4 3 7에서 하는게 뭔가 더 잘 먹는 느낌이 들기도 하고 잘 모르겠네,"['뚫', '방치', '것', '코인', '캐', '고민', '풀템', '방치', '무기', '방치', '무기', '장착', '하', '것', '먹', '느낌', '들', '모르']",True,사냥,0.95,,
j__MUJTquJw,"조디악이 2웨이브에 안써지는데 어쩌나요;;
드래곤 버스트를 근접몹한테 써버리니까 뒷몹이 안잡혀서 조디악이 1웨이브에 나가네요",0,2026-08-03 17:02:32+00:00,"조디악이 2웨이브에 안써지는데 어쩌나요;;
드래곤 버스트를 근접몹한테 써버리니까 뒷몹이 안잡혀서 조디악이 1웨이브에 나가네요",조디악이 2웨이브에 안써지는데 어쩌나요 드래곤 버스트를 근접몹한테 써버리니까 뒷몹이 안잡혀서 조디악이 1웨이브에 나가네요,"['조디악', '웨이브', '쓰', '어쩌', '드래곤', '버스트', '근접', '몹', '쓰', '뒷', '몹', '잡히', '조디악', '웨이브', '나가']",True,시스템,0.95,,
5C5DU2FiHZk,닼나추천에서 웃고가면 되나요,0,2026-08-03 15:32:12+00:00,닼나추천에서 웃고가면 되나요,닼나추천에서 웃고가면 되나요,"['닼나', '추천', '웃', '가', '되']",True,직업_캐릭터,0.9,,
j__MUJTquJw,"맑음님 그..3-3하는데 시작 순서 
전사 디바 오라 베인
 궁수 드버 볼텍 차지 
법사 프레이 체인 힐 

맞나요? 1웨이브에 자꾸 궁수,전사 극딜기가 동시에 나가는데😢",1,2026-08-03 15:28:17+00:00,"맑음님 그..3-3하는데 시작 순서 
전사 디바 오라 베인
 궁수 드버 볼텍 차지 
법사 프레이 체인 힐 

맞나요? 1웨이브에 자꾸 궁수,전사 극딜기가 동시에 나가는데😢",맑음님 그 3 3하는데 시작 순서 전사 디바 오라 베인 궁수 드버 볼텍 차지 법사 프레이 체인 힐 맞나요? 1웨이브에 자꾸 궁수 전사 극딜기가 동시에 나가는데,"['맑음', '데', '시작', '순서', '전사', '디바', '오라', '베이', '궁수', '드버', '볼텍', '차지', '법사', '프레이', '체인', '힐', '맞', '웨이브', '궁수', '전사', '극딜기', '동시', '나가']",True,스킬_6차,0.95,,
j__MUJTquJw,방금 올티마 전스테이지 클했습니다. 에테풀이라 진짜 손놓게 되었어요. 해방,0,2026-08-03 15:26:48+00:00,방금 올티마 전스테이지 클했습니다. 에테풀이라 진짜 손놓게 되었어요. 해방,방금 올티마 전스테이지 클했습니다 에테풀이라 진짜 손놓게 되었어요 해방,"['올티마', '전스테이지', '클', '하', '에테풀', '손', '놓', '되', '해방']",False,해당없음,1.0,,
j__MUJTquJw,3-5 왜 1웨이브 쫄하나가 안죽죠,0,2026-08-03 14:03:08+00:00,3-5 왜 1웨이브 쫄하나가 안죽죠,3 5 왜 1웨이브 쫄하나가 안죽죠,"['웨이브', '쫄하나', '죽']",True,보스,0.95,,
f3DLA1EU8vw,7렙은 왜 합성으로 만들면 안됨?,2,2026-08-03 13:52:37+00:00,7렙은 왜 합성으로 만들면 안됨?,7렙은 왜 합성으로 만들면 안됨?,"['7렙', '합성', '만들', '되']",True,장비_아이템,0.95,,
f3DLA1EU8vw,이거 1카오스코인은 카오스스테이지 몇부터드랍되나요?? 출근할때 켜놓고 1-3 퇴근하고와서 보니 코인하나도없어요ㅠ,0,2026-08-03 13:07:10+00:00,이거 1카오스코인은 카오스스테이지 몇부터드랍되나요?? 출근할때 켜놓고 1-3 퇴근하고와서 보니 코인하나도없어요ㅠ,이거 1카오스코인은 카오스스테이지 몇부터드랍되나요?? 출근할때 켜놓고 1 3 퇴근하고와서 보니 코인하나도없어요ㅠ,"['카오스', '코인', '카오스', '스테이지', '몇부터드랍', '되', '출근', '때', '켜', '퇴근', '오', '보', '코인', '없']",True,이벤트,1.0,,
rEMZwLbgmcw,기존누나 그립읍니다,1,2026-08-03 13:04:04+00:00,기존누나 그립읍니다,기존누나 그립읍니다,"['기존', '누나', '그립']",False,해당없음,1.0,,
j__MUJTquJw,9렙 장비있나요?,0,2026-08-03 12:50:02+00:00,9렙 장비있나요?,9렙 장비있나요?,"['9렙', '장비', '있']",True,장비_아이템,1.0,,
j__MUJTquJw,3-8까진 공략대로 하고 3-9는 방어력이랑 쿨감 섞어서 하니까 깨지네요 47 47 46이라 48까지 기다리기 싫어서 바꿔서 하니까 깨지네요,0,2026-08-03 11:42:21+00:00,3-8까진 공략대로 하고 3-9는 방어력이랑 쿨감 섞어서 하니까 깨지네요 47 47 46이라 48까지 기다리기 싫어서 바꿔서 하니까 깨지네요,3 8까진 공략대로 하고 3 9는 방어력이랑 쿨감 섞어서 하니까 깨지네요 47 47 46이라 48까지 기다리기 싫어서 바꿔서 하니까 깨지네요,"['공략', '대로', '하', '방어', '쿨', '섞', '하', '깨', '기다리', '싫', '바꾸', '하', '깨']",False,해당없음,1.0,,
j__MUJTquJw,울티마 논문 지리네 ㄷㄷ,1,2026-08-03 11:04:47+00:00,울티마 논문 지리네 ㄷㄷ,울티마 논문 지리네 ㄷㄷ,"['울티마', '논문', '지리네']",False,해당없음,1.0,,
j__MUJTquJw,"48/48/48 8티 1~2추 
3-9에서 극딜 꼬여서 보스랑 싸울때 폭시로만 싸웠는데 어떻게 깨지네여 감사",0,2026-08-03 11:01:46+00:00,"48/48/48 8티 1~2추 
3-9에서 극딜 꼬여서 보스랑 싸울때 폭시로만 싸웠는데 어떻게 깨지네여 감사",48 48 48 8티 1 2추 3 9에서 극딜 꼬여서 보스랑 싸울때 폭시로만 싸웠는데 어떻게 깨지네여 감사,"['티', '추', '극딜', '꼬이', '보스', '싸우', '때', '폭시', '싸우', '어떻', '깨', '감사']",False,해당없음,1.0,,
j__MUJTquJw,코인 캐는 팁좀 주실분 ..😊,0,2026-08-03 10:27:14+00:00,코인 캐는 팁좀 주실분 ..😊,코인 캐는 팁좀 주실분,"['코인', '캐', '팁', '주', '분']",True,이벤트,1.0,,
WD11kJwi7qk,혹시 실수로 하이퍼 보상 받은 계정 챌섭에서 안해서 삭제 하고 챌섭에서 시작하는데 아케인 심볼이나 문제가 많은데 어케 해야하나요 ㅜㅜ 제 명의ㅜ다른 아이디 가도 하이퍼 보상 안주지 않나요?? 어짜피 260은 이미 넘긴상태라 어센틱에서 사냥 한다고 해도 보스 잡을려면 아케인포스가 필요해서 ㅜㅜ 메린이인데 어케해야할까요..?,1,2026-08-03 09:54:59+00:00,혹시 실수로 하이퍼 보상 받은 계정 챌섭에서 안해서 삭제 하고 챌섭에서 시작하는데 아케인 심볼이나 문제가 많은데 어케 해야하나요 ㅜㅜ 제 명의ㅜ다른 아이디 가도 하이퍼 보상 안주지 않나요?? 어짜피 260은 이미 넘긴상태라 어센틱에서 사냥 한다고 해도 보스 잡을려면 아케인포스가 필요해서 ㅜㅜ 메린이인데 어케해야할까요..?,혹시 실수로 하이퍼 보상 받은 계정 챌섭에서 안해서 삭제 하고 챌섭에서 시작하는데 아케인 심볼이나 문제가 많은데 어케 해야하나요 ㅜㅜ 제 명의ㅜ다른 아이디 가도 하이퍼 보상 안주지 않나요?? 어짜피 260은 이미 넘긴상태라 어센틱에서 사냥 한다고 해도 보스 잡을려면 아케인포스가 필요해서 ㅜㅜ 메린이인데 어케해야할까요 ?,"['실수', '하이퍼', '보상', '받', '계정', '챌섭', '하', '삭제', '하', '챌섭', '시작', '아케인', '심볼', '문제', '많', '하', '명의', '아이디', '하이퍼', '보상', '주', '넘기', '상태', '어센틱', '사냥', '하', '하', '보스', '잡', '아케인포스', '필요', '메리', '하']",True,육성_레벨링,1.0,,gemini
j__MUJTquJw,멋지구만 ^^  그리고  진행이 복잡한데 다필요없고 렙업이 답이군요,1,2026-08-03 09:50:29+00:00,멋지구만 ^^  그리고  진행이 복잡한데 다필요없고 렙업이 답이군요,멋지구만 그리고 진행이 복잡한데 다필요없고 렙업이 답이군요,"['멋지', '진행', '필요', '없', '렙업', '답']",False,해당없음,0.95,,gemini
rEMZwLbgmcw,지금이라도 제네시스 패스 사면 해방 할만한가요?,1,2026-08-03 08:31:37+00:00,지금이라도 제네시스 패스 사면 해방 할만한가요?,지금이라도 제네시스 패스 사면 해방 할만한가요?,"['지금', '제네시스', '패스', '사', '해방', '만']",True,보스,0.95,,
j__MUJTquJw,3-4는 그럼 보스 안잡고 계속 죽는 빌드인건가요 ?,0,2026-08-03 08:15:44+00:00,3-4는 그럼 보스 안잡고 계속 죽는 빌드인건가요 ?,3 4는 그럼 보스 안잡고 계속 죽는 빌드인건가요 ?,"['보스', '잡', '죽', '빌드', '거']",True,보스,0.95,,
j__MUJTquJw,"우선 지금까지 테스트한 내용입니다 (최종 확정)
 
-------------------------------------------
3-1 풀템 뺑뺑이 : 평균 코인 105개 (레벨 53)
 
3-4 무기만 장착 : 평균 코인 78개 (레벨 50)
3-4 무기만 장착 : 평균 코인 72개 (레벨 52)
 
3-9 풀템 뺑뺑이 : 평균 코인 65개 (레벨 50)
3-9 무기만 장착 : 평균 코인 64개 (레벨 52)
3-8 무기만 장착 : 평균 코인 64개 (레벨 52)
 
1-1 풀템 뺑뺑이 : 평균 코인 33개 (클탐 1:19)
------------------------------------------
 
요약 :
8단계 자연 파밍이 아직 필요함 = 템 빼고 3-4
템 파밍 끝나서 필요 없음 = 템 전부 장착하고 3-1
+ 가능하면 공,마 2줄 세팅하기 (귀찮으면 렙업으로 공마 자연 획득하기)
 
3-1을 할 경우 스킬 세팅은
궁수만 드래곤 버스트 -> 엘리멘탈 고스트로 변경하시면 됩니다
 
이따 영상 올라갈건데
어떤 원리로 코인이 증가되는지 한번 봐두시면 좋을 듯싶습니다",25,2026-08-03 08:13:06+00:00,"우선 지금까지 테스트한 내용입니다 (최종 확정)
 
-------------------------------------------
3-1 풀템 뺑뺑이 : 평균 코인 105개 (레벨 53)
 
3-4 무기만 장착 : 평균 코인 78개 (레벨 50)
3-4 무기만 장착 : 평균 코인 72개 (레벨 52)
 
3-9 풀템 뺑뺑이 : 평균 코인 65개 (레벨 50)
3-9 무기만 장착 : 평균 코인 64개 (레벨 52)
3-8 무기만 장착 : 평균 코인 64개 (레벨 52)
 
1-1 풀템 뺑뺑이 : 평균 코인 33개 (클탐 1:19)
------------------------------------------
 
요약 :
8단계 자연 파밍이 아직 필요함 = 템 빼고 3-4
템 파밍 끝나서 필요 없음 = 템 전부 장착하고 3-1
+ 가능하면 공,마 2줄 세팅하기 (귀찮으면 렙업으로 공마 자연 획득하기)
 
3-1을 할 경우 스킬 세팅은
궁수만 드래곤 버스트 -> 엘리멘탈 고스트로 변경하시면 됩니다
 
이따 영상 올라갈건데
어떤 원리로 코인이 증가되는지 한번 봐두시면 좋을 듯싶습니다",우선 지금까지 테스트한 내용입니다 최종 확정 3 1 풀템 뺑뺑이 평균 코인 105개 레벨 53 3 4 무기만 장착 평균 코인 78개 레벨 50 3 4 무기만 장착 평균 코인 72개 레벨 52 3 9 풀템 뺑뺑이 평균 코인 65개 레벨 50 3 9 무기만 장착 평균 코인 64개 레벨 52 3 8 무기만 장착 평균 코인 64개 레벨 52 1 1 풀템 뺑뺑이 평균 코인 33개 클탐 1 19 요약 8단계 자연 파밍이 아직 필요함 템 빼고 3 4 템 파밍 끝나서 필요 없음 템 전부 장착하고 3 1 가능하면 공 마 2줄 세팅하기 귀찮으면 렙업으로 공마 자연 획득하기 3 1을 할 경우 스킬 세팅은 궁수만 드래곤 버스트 엘리멘탈 고스트로 변경하시면 됩니다 이따 영상 올라갈건데 어떤 원리로 코인이 증가되는지 한번 봐두시면 좋을 듯싶습니다,"['지금', '테스트', '내용', '최종', '확정', '풀템', '뺑뺑이', '평균', '코인', '개', '레벨', '무기', '장착', '평균', '코인', '개', '레벨', '무기', '장착', '평균', '코인', '개', '레벨', '풀템', '뺑뺑이', '평균', '코인', '개', '레벨', '무기', '장착', '평균', '코인', '개', '레벨', '무기', '장착', '평균', '코인', '개', '레벨', '풀템', '뺑뺑이', '평균', '코인', '개', '클탐', '요약', '단계', '자연', '파밍', '필요', '템', '빼', '템', '파밍', '끝', '나', '필요', '없', '템', '장착', '가능', '공', '마', '줄', '세팅', '귀찮', '렙업', '공', '마', '자연', '획득', '을', '하', '경우', '스킬', '세팅', '궁수', '드래곤', '버스트', '엘리멘탈', '고스트', '변경', '되', '영상', '올라가', '거', '원리', '코인', '증가', '번', '보', '좋', '듯']",False,해당없음,1.0,,
f3DLA1EU8vw,14:50 브금 아시는분?,0,2026-08-03 07:51:46+00:00,14:50 브금 아시는분?,14 50 브금 아시는분?,"['브금', '분']",True,기타,1.0,,
j__MUJTquJw,데몬->디바 스왑이랑 바디->인빈 스왑 힐->헤도 스왑 이거만해도 3-9까지는 왔음,0,2026-08-03 07:13:15+00:00,데몬->디바 스왑이랑 바디->인빈 스왑 힐->헤도 스왑 이거만해도 3-9까지는 왔음,데몬 디바 스왑이랑 바디 인빈 스왑 힐 헤도 스왑 이거만해도 3 9까지는 왔음,"['데몬', '디바', '스왑', '바디', '인비', '스왑', '힐', '헤', '스왑', '하', '오']",False,해당없음,0.95,,
j__MUJTquJw,카오스 코인 캐는거 방치는 어디서 하고계신가요 다들???,0,2026-08-03 06:40:01+00:00,카오스 코인 캐는거 방치는 어디서 하고계신가요 다들???,카오스 코인 캐는거 방치는 어디서 하고계신가요 다들??,"['카오스', '코인', '캐', '거', '방치', '하']",True,사냥,0.95,,
j__MUJTquJw,사냥시 무기 제외 방어구를 전부 빼주는 이유가 있나요?,0,2026-08-03 06:17:07+00:00,사냥시 무기 제외 방어구를 전부 빼주는 이유가 있나요?,사냥시 무기 제외 방어구를 전부 빼주는 이유가 있나요?,"['사냥', '시', '무기', '제외', '방어', '구', '빼', '이유', '있']",True,사냥,1.0,,
j__MUJTquJw,뭔가 깨질 듯 안깨져서 스트레스 받고 있었는데 스트레스 받지말고 편하게 하라는 거 보고 바로 구독 눌렀습니다!! 감사합니다 덕분에 끝까지 깰 것 같아요,1,2026-08-03 05:26:26+00:00,뭔가 깨질 듯 안깨져서 스트레스 받고 있었는데 스트레스 받지말고 편하게 하라는 거 보고 바로 구독 눌렀습니다!! 감사합니다 덕분에 끝까지 깰 것 같아요,뭔가 깨질 듯 안깨져서 스트레스 받고 있었는데 스트레스 받지말고 편하게 하라는 거 보고 바로 구독 눌렀습니다 감사합니다 덕분에 끝까지 깰 것 같아요,"['깨지', '듯', '깨지', '스트레스', '받', '스트레스', '받', '편하', '거', '보', '구독', '누르', '감사', '덕분', '끝', '깨', '것', '같']",False,해당없음,1.0,,
j__MUJTquJw,2:57,0,2026-08-03 04:59:53+00:00,2:57,2 57,[],False,해당없음,1.0,,
j__MUJTquJw,카오스코인은 어디가 제일 효율 좋아요?,0,2026-08-03 04:13:49+00:00,카오스코인은 어디가 제일 효율 좋아요?,카오스코인은 어디가 제일 효율 좋아요?,"['카오스', '코인', '효율', '좋']",True,기타,0.95,,
f3DLA1EU8vw,"스킬 장착 순서를 강조하시는데 
이유가 있나요? 순전한 궁금함잊니다",0,2026-08-03 04:08:24+00:00,"스킬 장착 순서를 강조하시는데 
이유가 있나요? 순전한 궁금함잊니다",스킬 장착 순서를 강조하시는데 이유가 있나요? 순전한 궁금함잊니다,"['스킬', '장착', '순서', '강조', '이유', '있', '잊']",True,스킬_6차,1.0,,
j__MUJTquJw,경험치작은 어디가 젤빨라요? 장비말고,0,2026-08-03 03:04:08+00:00,경험치작은 어디가 젤빨라요? 장비말고,경험치작은 어디가 젤빨라요? 장비말고,"['경험치', '작', '빠르', '장비', '말']",True,사냥,1.0,,
j__MUJTquJw,"안녕하세요 저는 전사 궁수 법사 셋다 46이고 셋다 무기는 공퍼 방어구는 그냥 체력 섞어서 방어력 극추 3줄뜨는거 낀상태로 카오스3-10 까지 깻는데 보스는 맑음님 세팅대로하면 11초면 걍 깨지고 3-8까진 법사헤도,전사인빌 스위칭만 해줘도 쉽게 가고 3-9는 잡몹 잡을때 죽는타이밍 잘맞아 떨어지니까 겨우깨더라구요 한10트정도? 팁은 세마리다 죽고 전사가 맨앞, 뒤에 궁수 법사가 반피이상(부활하고 한대도 안맞은 상태) 에선 따로
스위칭 할 필요가 없고 궁수나 법사중에 하나라도 피가 반피보다 이하일때 헤도스위칭 할수있게 스킬을 미리 하나빼주고 전사죽고 바로 헤도를 넣는게 아닌 법사가 죽기 직전에 헤도로 전사를 부활시키면 궁수,법사 반피
전사 풀피로 진행이되서 보스까지 가기가 엄청쉽더라구요 글로 설명하려니 어렵지만 참고하실 분들은 시도해보셔요!",0,2026-08-03 02:55:47+00:00,"안녕하세요 저는 전사 궁수 법사 셋다 46이고 셋다 무기는 공퍼 방어구는 그냥 체력 섞어서 방어력 극추 3줄뜨는거 낀상태로 카오스3-10 까지 깻는데 보스는 맑음님 세팅대로하면 11초면 걍 깨지고 3-8까진 법사헤도,전사인빌 스위칭만 해줘도 쉽게 가고 3-9는 잡몹 잡을때 죽는타이밍 잘맞아 떨어지니까 겨우깨더라구요 한10트정도? 팁은 세마리다 죽고 전사가 맨앞, 뒤에 궁수 법사가 반피이상(부활하고 한대도 안맞은 상태) 에선 따로
스위칭 할 필요가 없고 궁수나 법사중에 하나라도 피가 반피보다 이하일때 헤도스위칭 할수있게 스킬을 미리 하나빼주고 전사죽고 바로 헤도를 넣는게 아닌 법사가 죽기 직전에 헤도로 전사를 부활시키면 궁수,법사 반피
전사 풀피로 진행이되서 보스까지 가기가 엄청쉽더라구요 글로 설명하려니 어렵지만 참고하실 분들은 시도해보셔요!",안녕하세요 저는 전사 궁수 법사 셋다 46이고 셋다 무기는 공퍼 방어구는 그냥 체력 섞어서 방어력 극추 3줄뜨는거 낀상태로 카오스3 10 까지 깻는데 보스는 맑음님 세팅대로하면 11초면 걍 깨지고 3 8까진 법사헤도 전사인빌 스위칭만 해줘도 쉽게 가고 3 9는 잡몹 잡을때 죽는타이밍 잘맞아 떨어지니까 겨우깨더라구요 한10트정도? 팁은 세마리다 죽고 전사가 맨앞 뒤에 궁수 법사가 반피이상 부활하고 한대도 안맞은 상태 에선 따로 스위칭 할 필요가 없고 궁수나 법사중에 하나라도 피가 반피보다 이하일때 헤도스위칭 할수있게 스킬을 미리 하나빼주고 전사죽고 바로 헤도를 넣는게 아닌 법사가 죽기 직전에 헤도로 전사를 부활시키면 궁수 법사 반피 전사 풀피로 진행이되서 보스까지 가기가 엄청쉽더라구요 글로 설명하려니 어렵지만 참고하실 분들은 시도해보셔요,"['안녕', '전사', '궁수', '법사', '무기', '공', '푸', '방', '어구', '체력', '섞', '방어력', '극', '추', '줄', '뜨', '거', '끼', '상태', '카오스', '깨', '보스', '맑음', '세팅', '하', '초', '깨지', '법사', '헤', '전사인빌', '스위칭', '하', '쉽', '가', '잡', '몹', '잡', '때', '죽', '타이밍', '맞', '떨어지', '깨', '한10트정도', '팁', '마리', '죽', '전사', '앞', '뒤', '궁수', '법사', '반피', '이상', '부활', '대', '맞', '상태', '스위칭', '필요', '없', '궁수', '법사', '중', '피', '반', '피', '이하', '때', '헤도스위칭', '하', '수', '있', '스킬', '빼', '전사', '죽', '헤도', '넣', '것', '법사', '죽', '직전', '헤도로', '전사', '부활', '궁수', '법사', '반피', '전사', '풀피', '진행', '되', '보스', '가', '쉽', '글', '설명', '어렵', '참고', '분', '시도']",False,해당없음,1.0,,
j__MUJTquJw,코인파밍 어디에 주차시키면 되는지 알려줘요 ㅠ.ㅠ,0,2026-08-03 02:16:43+00:00,코인파밍 어디에 주차시키면 되는지 알려줘요 ㅠ.ㅠ,코인파밍 어디에 주차시키면 되는지 알려줘요 ㅠ ㅠ,"['코인파밍', '주차', '시키', '되', '알리']",True,이벤트,0.95,,
rEMZwLbgmcw,솔 야누스 20렙이어도 3개까지 설치가능합니다. 21렙부터는 지속시간 증가만 있는걸로 알고있어요!,1,2026-08-03 01:22:07+00:00,솔 야누스 20렙이어도 3개까지 설치가능합니다. 21렙부터는 지속시간 증가만 있는걸로 알고있어요!,솔 야누스 20렙이어도 3개까지 설치가능합니다 21렙부터는 지속시간 증가만 있는걸로 알고있어요,"['솔', '야누스', '20렙', '개', '설치', '가능', '21렙', '지속', '시간', '증가', '있', '거', '알']",False,해당없음,1.0,,
j__MUJTquJw,이거 언제까지임? 나 아직도 3-5인가 그런대,0,2026-08-03 01:22:01+00:00,이거 언제까지임? 나 아직도 3-5인가 그런대,이거 언제까지임? 나 아직도 3 5인가 그런대,['그러'],True,이벤트,0.95,,
j__MUJTquJw,3ㅡ9 46 46 46 이면 90라 웨이브에 데몬베인 맞추는게 핵심.,0,2026-08-02 23:40:45+00:00,3ㅡ9 46 46 46 이면 90라 웨이브에 데몬베인 맞추는게 핵심.,3ㅡ9 46 46 46 이면 90라 웨이브에 데몬베인 맞추는게 핵심,"['웨이브', '데몬베인', '맞추', '것', '핵심']",False,해당없음,0.9,,
j__MUJTquJw,음.. 그냥 방치해도 다먹던데,0,2026-08-02 23:18:34+00:00,음.. 그냥 방치해도 다먹던데,음 그냥 방치해도 다먹던데,"['방치', '먹']",False,해당없음,1.0,,gemini
j__MUJTquJw,3-9는 컨으로 38 38 34 깼는데 3-10은 아예 체력이 안 다네. 다시보니 레벨40때 강한 공격력 스킬이 새로 생기긴하네,0,2026-08-02 23:17:45+00:00,3-9는 컨으로 38 38 34 깼는데 3-10은 아예 체력이 안 다네. 다시보니 레벨40때 강한 공격력 스킬이 새로 생기긴하네,3 9는 컨으로 38 38 34 깼는데 3 10은 아예 체력이 안 다네 다시보니 레벨40때 강한 공격력 스킬이 새로 생기긴하네,"['컨', '깨', '체력', '달', '보', '레벨', '때', '강하', '공격력', '스킬', '생기']",True,보스,0.95,,
j__MUJTquJw,"42렙 제네무기0개 에테방어구6개로 3-7까지 밀었습니다(리트 5회이하) 43렙 제네무기 들면 다깰거같긴하네여
자기 체력상황에 맞게 빌드짜서 도전해보세요 ~",0,2026-08-02 23:06:00+00:00,"42렙 제네무기0개 에테방어구6개로 3-7까지 밀었습니다(리트 5회이하) 43렙 제네무기 들면 다깰거같긴하네여
자기 체력상황에 맞게 빌드짜서 도전해보세요 ~",42렙 제네무기0개 에테방어구6개로 3 7까지 밀었습니다 리트 5회이하 43렙 제네무기 들면 다깰거같긴하네여 자기 체력상황에 맞게 빌드짜서 도전해보세요,"['42렙', '제네무기', '개', '에테방어구', '개', '밀', '리트', '회', '이하', '렙', '제네무기', '들', '깨', '거', '같', '체력', '상황', '맞', '빌', '드', '짜', '도전']",False,해당없음,1.0,,
f3DLA1EU8vw,선생님 덕에 편하게 합니다 감사합니다 좋은 하루되세요 ㅎㅎ,0,2026-08-02 22:57:06+00:00,선생님 덕에 편하게 합니다 감사합니다 좋은 하루되세요 ㅎㅎ,선생님 덕에 편하게 합니다 감사합니다 좋은 하루되세요 ㅎㅎ,"['선생', '덕', '편하', '감사', '좋', '하루', '되']",False,해당없음,1.0,,
j__MUJTquJw,이게 본체다,1,2026-08-02 22:33:45+00:00,이게 본체다,이게 본체다,['본체'],False,해당없음,1.0,,
j__MUJTquJw,여러분들 혹시 이제 메이플 할려는 뉴비는 아니고 280까지 키워본 사람인데 적당히 다이아 까지 받고 할려고 하는데 지금 시작해도 해방가능할까요? 최대 보스 잡아본게 하드루시드 입니다 노말진힐라도 가능해요 해방패스랑 챌섭패스 지를거에요 280레벨까지 레벨업도 할겁니다 ㅠㅠ,0,2026-08-02 22:16:56+00:00,여러분들 혹시 이제 메이플 할려는 뉴비는 아니고 280까지 키워본 사람인데 적당히 다이아 까지 받고 할려고 하는데 지금 시작해도 해방가능할까요? 최대 보스 잡아본게 하드루시드 입니다 노말진힐라도 가능해요 해방패스랑 챌섭패스 지를거에요 280레벨까지 레벨업도 할겁니다 ㅠㅠ,여러분들 혹시 이제 메이플 할려는 뉴비는 아니고 280까지 키워본 사람인데 적당히 다이아 까지 받고 할려고 하는데 지금 시작해도 해방가능할까요? 최대 보스 잡아본게 하드루시드 입니다 노말진힐라도 가능해요 해방패스랑 챌섭패스 지를거에요 280레벨까지 레벨업도 할겁니다 ㅠㅠ,"['메이플', '하', '뉴비', '키우', '사람', '다이아', '받', '하', '시작', '해방', '가능', '최대', '보스', '잡', '것', '하드루시드', '노말진힐라', '가능', '해방', '패스', '챌섭패스', '지르', '거', '레벨', '레벨', '업', '하', '거']",True,육성_레벨링,0.95,,
j__MUJTquJw,2-3이 카오스 2-3이겠죠 사냥?,0,2026-08-02 20:15:05+00:00,2-3이 카오스 2-3이겠죠 사냥?,2 3이 카오스 2 3이겠죠 사냥?,"['카오스', '사냥']",True,보스,0.95,,
j__MUJTquJw,"카오스 3-9에서 계속 실패해서 때려박으면서 겨우 성공했는데 3-10은 극딜 2초컷 ㅋㅋㅋㅋ;;;
당황스럽네 ㅋㅋㅋ;;;
카오스 3-9는 방어구 다 입어도 거진 30%대에서 다 죽는듯해요",1,2026-08-02 19:47:08+00:00,"카오스 3-9에서 계속 실패해서 때려박으면서 겨우 성공했는데 3-10은 극딜 2초컷 ㅋㅋㅋㅋ;;;
당황스럽네 ㅋㅋㅋ;;;
카오스 3-9는 방어구 다 입어도 거진 30%대에서 다 죽는듯해요",카오스 3 9에서 계속 실패해서 때려박으면서 겨우 성공했는데 3 10은 극딜 2초컷 ㅋㅋ 당황스럽네 ㅋㅋ 카오스 3 9는 방어구 다 입어도 거진 30 대에서 다 죽는듯해요,"['카오스', '실패', '때리', '박', '성공', '극딜', '초', '컷', '당황', '카오스', '방어', '구', '입', '대', '죽', '듯']",False,해당없음,1.0,,
j__MUJTquJw,44 44 43이 최소컷이라 들었는데 시도하다가 안돼서 46 46 45로 편하게 깨고 왔는데 52~55라니 ㄷ,0,2026-08-02 18:45:23+00:00,44 44 43이 최소컷이라 들었는데 시도하다가 안돼서 46 46 45로 편하게 깨고 왔는데 52~55라니 ㄷ,44 44 43이 최소컷이라 들었는데 시도하다가 안돼서 46 46 45로 편하게 깨고 왔는데 52 55라니 ㄷ,"['최소', '컷', '듣', '시도', '되', '편하', '깨', '오']",False,해당없음,1.0,,
j__MUJTquJw,첫번쨰 웨이브에 전사가 데몬베인 써버리는데 어케해야하나요?,0,2026-08-02 18:37:08+00:00,첫번쨰 웨이브에 전사가 데몬베인 써버리는데 어케해야하나요?,첫번쨰 웨이브에 전사가 데몬베인 써버리는데 어케해야하나요?,"['첫번쨰', '웨이브', '전사', '데몬베인', '쓰', '하']",True,보스,0.95,,
j__MUJTquJw,"< 추가 정보 + 3-4 이상 깬 사람들 앞으로 이벤트 끝날 때 까지 어딜 돌면 좋을지 > (pc로 작성. 모바일은 가독성 떨어질 수 있음)
1. 체력 최상옵 735보다 방어력 최하옵 20이 더 좋음  ->  앵간하면 체력 말고 방어력 둘둘
   전사는 무기 포함 방어력 둘둘, 꼭 방방방 싹 다 할 필요는 없음. 알아서 큐브 있는대로
   궁수는 무기 공% 2줄 이상 + @ (공속 + 공%는 확률이 너무 낮음 알아서 타협), 방어구는 무조건 공1줄 이상 + @ ( 방어력, 체력)
   법사는 무기 쿨 2초 이상 + @ (마력%, 방어력, 체력 등등 2초+@), 방어구는 방어력 둘둘
           +전사랑 법사 장갑에 피격2%확률 1초 무적 옵션 괜찮다곤 하는데 무적 + 방방 뽑아본 적이 없음. 알아서 재량껏 세팅


2. 3-4 ~ 3-9 기준, 현재 어딜 돌면 좋을지
  - 첫 번째 : 8단계 장비가 별로 없다. 이제 막 3-4 ~ 3-6 뚫고 살자 시작했다 >  20% 살자
          방법) 궁수 무기를 제외한 모든 장비 해제
                    전사 : 데몬베인 - 디바이드 - x
                    궁수 : x - x - 드버 (아마 어디에 넣든 상관 없을듯)
                    법사 : 프레이 - 플레임 - 조디악
    > 2웨이브 까지 궁으로 밀고 진행도 15%인 3웨이브에서 꾸역꾸역 잡으면서 전사 딸피로 20%진입
       20%에서 아무도 부활 안 하고 전멸하면 성공
       만약에 자꾸 부활한다 or 25%이상 밀린다 하면 윗 단계로.
       다음 날 레벨업해서 단단해지면 템 다 끼고 다음 라운드 민 다음에 다음 단계 살자 세팅 복귀

   - 두 번째 : 8단계 장비 직업별 3부위 이상 먹었고 잠재 세팅도 얼추 했다 > 80~90%에서 죽을 수 있는 라운드 뺑이
            방법) 모든 장비 착용
                      전사 : 데몬베인 - 디바이드 - 아이언바디
                      궁수 : 드버 - 엘고 - 볼텍스
                      법사 : 프레이 - 플레임 - 조디악
      > 마찬가지로 2웨이브 까지 궁으로 밈
        이후 35%쯤 전사가 죽고 법사 죽기 전까지 전사 부활 << 위 방법의 전제 조건
        35% ~ 40%쯤 전사가 죽을 정도의 난이도에서 진행하고 전사가 부활할 때까지 법사가 버텨줘야 함. 앵간하면 버틸 거임
        만약에 전사가 부활할 때 까지 법사가 못 버틴다 하면 방어력 투자를 더 해야 함
        이후에 50%쯤 전사가 한 번 더 죽고 전사가 죽어 있는 동안 드버 + 조디악으로 2웨이브 공짜
        그리고 전사 부활하고 데몬 베인으로 다음 웨이브 공짜 < 잘 됐으면 여기까지가 진행도 80%
        이후 80~90%에서 부활 없이 깔끔하게 전멸 당하면 빌드 성공

        본인 최대 기록 -1 라운드에서 진행
        만약 너무 빨리 죽어서 안 된다 하면 - 2라운드에서 진행 (위 방법대로 진행하고 8~90%에 죽을 수 있게 방어구 일부 해제하면 될 듯. -2에선 안 해봐서 미지수)
        앵간하면 -1라운드가 정배. 근데 정말 가끔 보스방까지 감
        레벨업을 해서 스펙이 올랐다 or 보스방 가는 비율이 현저히 높다면 오버스펙인거니 다음 라운드에서 진행 or 방어구 일부 해제

Q. 맘 편하게 장비 다 빼고 20%런 하면 되지 않나요
A. 20%런 클탐 + 경험치, 코인 수급량보다 8~90%런 클탐 + 경험치 + 코인 수급량이 종합적으로 봤을 때 훨씬 많이 이득입니다
앞서 말했듯 이제 막 8단계 파밍하기 시작했으면 20%런, 하루, 이틀동안 열심히 모아서 8단계 세팅 되면 8~90%런
근데 이미 여기까지 왔으면 장비 파밍 안 하고 렙업만 쳐도 3-10 클리어 + 카오스 코인 최대치 수급은 충분히 되기 때문에 이제는 쉬엄쉬엄 해도 됩니다
드디어 방치겜이 됐노라...

이렇게 제가 카오스 입성 하고서부터 도움이 된 여러 정보들을 모아서 써 봤습니다
이대로 진행하면서 지금까지 큰 오차가 생긴 건 없기 때문에 아마 될 거고
만약 안 되거나, 틀린 정보가 있다거나, 추가 정보가 있다 하면 댓글 ㄱㄱ
근데 확인은 안 할거임


세줄 요약 없음 보셈 걍",63,2026-08-02 18:13:38+00:00,"< 추가 정보 + 3-4 이상 깬 사람들 앞으로 이벤트 끝날 때 까지 어딜 돌면 좋을지 > (pc로 작성. 모바일은 가독성 떨어질 수 있음)
1. 체력 최상옵 735보다 방어력 최하옵 20이 더 좋음  ->  앵간하면 체력 말고 방어력 둘둘
   전사는 무기 포함 방어력 둘둘, 꼭 방방방 싹 다 할 필요는 없음. 알아서 큐브 있는대로
   궁수는 무기 공% 2줄 이상 + @ (공속 + 공%는 확률이 너무 낮음 알아서 타협), 방어구는 무조건 공1줄 이상 + @ ( 방어력, 체력)
   법사는 무기 쿨 2초 이상 + @ (마력%, 방어력, 체력 등등 2초+@), 방어구는 방어력 둘둘
           +전사랑 법사 장갑에 피격2%확률 1초 무적 옵션 괜찮다곤 하는데 무적 + 방방 뽑아본 적이 없음. 알아서 재량껏 세팅


2. 3-4 ~ 3-9 기준, 현재 어딜 돌면 좋을지
  - 첫 번째 : 8단계 장비가 별로 없다. 이제 막 3-4 ~ 3-6 뚫고 살자 시작했다 >  20% 살자
          방법) 궁수 무기를 제외한 모든 장비 해제
                    전사 : 데몬베인 - 디바이드 - x
                    궁수 : x - x - 드버 (아마 어디에 넣든 상관 없을듯)
                    법사 : 프레이 - 플레임 - 조디악
    > 2웨이브 까지 궁으로 밀고 진행도 15%인 3웨이브에서 꾸역꾸역 잡으면서 전사 딸피로 20%진입
       20%에서 아무도 부활 안 하고 전멸하면 성공
       만약에 자꾸 부활한다 or 25%이상 밀린다 하면 윗 단계로.
       다음 날 레벨업해서 단단해지면 템 다 끼고 다음 라운드 민 다음에 다음 단계 살자 세팅 복귀

   - 두 번째 : 8단계 장비 직업별 3부위 이상 먹었고 잠재 세팅도 얼추 했다 > 80~90%에서 죽을 수 있는 라운드 뺑이
            방법) 모든 장비 착용
                      전사 : 데몬베인 - 디바이드 - 아이언바디
                      궁수 : 드버 - 엘고 - 볼텍스
                      법사 : 프레이 - 플레임 - 조디악
      > 마찬가지로 2웨이브 까지 궁으로 밈
        이후 35%쯤 전사가 죽고 법사 죽기 전까지 전사 부활 << 위 방법의 전제 조건
        35% ~ 40%쯤 전사가 죽을 정도의 난이도에서 진행하고 전사가 부활할 때까지 법사가 버텨줘야 함. 앵간하면 버틸 거임
        만약에 전사가 부활할 때 까지 법사가 못 버틴다 하면 방어력 투자를 더 해야 함
        이후에 50%쯤 전사가 한 번 더 죽고 전사가 죽어 있는 동안 드버 + 조디악으로 2웨이브 공짜
        그리고 전사 부활하고 데몬 베인으로 다음 웨이브 공짜 < 잘 됐으면 여기까지가 진행도 80%
        이후 80~90%에서 부활 없이 깔끔하게 전멸 당하면 빌드 성공

        본인 최대 기록 -1 라운드에서 진행
        만약 너무 빨리 죽어서 안 된다 하면 - 2라운드에서 진행 (위 방법대로 진행하고 8~90%에 죽을 수 있게 방어구 일부 해제하면 될 듯. -2에선 안 해봐서 미지수)
        앵간하면 -1라운드가 정배. 근데 정말 가끔 보스방까지 감
        레벨업을 해서 스펙이 올랐다 or 보스방 가는 비율이 현저히 높다면 오버스펙인거니 다음 라운드에서 진행 or 방어구 일부 해제

Q. 맘 편하게 장비 다 빼고 20%런 하면 되지 않나요
A. 20%런 클탐 + 경험치, 코인 수급량보다 8~90%런 클탐 + 경험치 + 코인 수급량이 종합적으로 봤을 때 훨씬 많이 이득입니다
앞서 말했듯 이제 막 8단계 파밍하기 시작했으면 20%런, 하루, 이틀동안 열심히 모아서 8단계 세팅 되면 8~90%런
근데 이미 여기까지 왔으면 장비 파밍 안 하고 렙업만 쳐도 3-10 클리어 + 카오스 코인 최대치 수급은 충분히 되기 때문에 이제는 쉬엄쉬엄 해도 됩니다
드디어 방치겜이 됐노라...

이렇게 제가 카오스 입성 하고서부터 도움이 된 여러 정보들을 모아서 써 봤습니다
이대로 진행하면서 지금까지 큰 오차가 생긴 건 없기 때문에 아마 될 거고
만약 안 되거나, 틀린 정보가 있다거나, 추가 정보가 있다 하면 댓글 ㄱㄱ
근데 확인은 안 할거임


세줄 요약 없음 보셈 걍",추가 정보 3 4 이상 깬 사람들 앞으로 이벤트 끝날 때 까지 어딜 돌면 좋을지 pc로 작성 모바일은 가독성 떨어질 수 있음 1 체력 최상옵 735보다 방어력 최하옵 20이 더 좋음 앵간하면 체력 말고 방어력 둘둘 전사는 무기 포함 방어력 둘둘 꼭 방방 싹 다 할 필요는 없음 알아서 큐브 있는대로 궁수는 무기 공 2줄 이상 공속 공 는 확률이 너무 낮음 알아서 타협 방어구는 무조건 공1줄 이상 방어력 체력 법사는 무기 쿨 2초 이상 마력 방어력 체력 등등 2초 방어구는 방어력 둘둘 전사랑 법사 장갑에 피격2 확률 1초 무적 옵션 괜찮다곤 하는데 무적 방방 뽑아본 적이 없음 알아서 재량껏 세팅 2 3 4 3 9 기준 현재 어딜 돌면 좋을지 첫 번째 8단계 장비가 별로 없다 이제 막 3 4 3 6 뚫고 살자 시작했다 20 살자 방법 궁수 무기를 제외한 모든 장비 해제 전사 데몬베인 디바이드 x 궁수 x x 드버 아마 어디에 넣든 상관 없을듯 법사 프레이 플레임 조디악 2웨이브 까지 궁으로 밀고 진행도 15 인 3웨이브에서 꾸역꾸역 잡으면서 전사 딸피로 20 진입 20 에서 아무도 부활 안 하고 전멸하면 성공 만약에 자꾸 부활한다 or 25 이상 밀린다 하면 윗 단계로 다음 날 레벨업해서 단단해지면 템 다 끼고 다음 라운드 민 다음에 다음 단계 살자 세팅 복귀 두 번째 8단계 장비 직업별 3부위 이상 먹었고 잠재 세팅도 얼추 했다 80 90 에서 죽을 수 있는 라운드 뺑이 방법 모든 장비 착용 전사 데몬베인 디바이드 아이언바디 궁수 드버 엘고 볼텍스 법사 프레이 플레임 조디악 마찬가지로 2웨이브 까지 궁으로 밈 이후 35 쯤 전사가 죽고 법사 죽기 전까지 전사 부활 위 방법의 전제 조건 35 40 쯤 전사가 죽을 정도의 난이도에서 진행하고 전사가 부활할 때까지 법사가 버텨줘야 함 앵간하면 버틸 거임 만약에 전사가 부활할 때 까지 법사가 못 버틴다 하면 방어력 투자를 더 해야 함 이후에 50 쯤 전사가 한 번 더 죽고 전사가 죽어 있는 동안 드버 조디악으로 2웨이브 공짜 그리고 전사 부활하고 데몬 베인으로 다음 웨이브 공짜 잘 됐으면 여기까지가 진행도 80 이후 80 90 에서 부활 없이 깔끔하게 전멸 당하면 빌드 성공 본인 최대 기록 1 라운드에서 진행 만약 너무 빨리 죽어서 안 된다 하면 2라운드에서 진행 위 방법대로 진행하고 8 90 에 죽을 수 있게 방어구 일부 해제하면 될 듯 2에선 안 해봐서 미지수 앵간하면 1라운드가 정배 근데 정말 가끔 보스방까지 감 레벨업을 해서 스펙이 올랐다 or 보스방 가는 비율이 현저히 높다면 오버스펙인거니 다음 라운드에서 진행 or 방어구 일부 해제 Q 맘 편하게 장비 다 빼고 20 런 하면 되지 않나요 A 20 런 클탐 경험치 코인 수급량보다 8 90 런 클탐 경험치 코인 수급량이 종합적으로 봤을 때 훨씬 많이 이득입니다 앞서 말했듯 이제 막 8단계 파밍하기 시작했으면 20 런 하루 이틀동안 열심히 모아서 8단계 세팅 되면 8 90 런 근데 이미 여기까지 왔으면 장비 파밍 안 하고 렙업만 쳐도 3 10 클리어 카오스 코인 최대치 수급은 충분히 되기 때문에 이제는 쉬엄쉬엄 해도 됩니다 드디어 방치겜이 됐노라 이렇게 제가 카오스 입성 하고서부터 도움이 된 여러 정보들을 모아서 써 봤습니다 이대로 진행하면서 지금까지 큰 오차가 생긴 건 없기 때문에 아마 될 거고 만약 안 되거나 틀린 정보가 있다거나 추가 정보가 있다 하면 댓글 ㄱㄱ 근데 확인은 안 할거임 세줄 요약 없음 보셈 걍,"['추가', '정보', '이상', '깨', '사람', '앞', '이벤트', '끝나', '때', '돌', '좋', '작성', '모바일', '가독성', '떨어지', '수', '있', '체력', '최상옵', '방어력', '최하', '좋', '앵간', '하', '체력', '말', '방어력', '전사', '무기', '포함', '방어력', '하', '필요', '없', '알', '큐브', '있', '대로', '궁수', '무기', '공', '줄', '이상', '공', '속', '공', '늘', '확률', '낮', '알', '타협', '방어', '구', '조건', '공', '줄', '이상', '방어력', '체력', '법사', '무기', '쿨', '초', '이상', '마력', '방어력', '체력', '등등', '초', '방어', '구', '방어력', '전', '사랑', '법사', '장갑', '피격', '확률', '초', '무적', '옵션', '괜찮', '하', '무적', '뽑', '적', '없', '알', '재량', '세팅', '기준', '돌', '좋', '번', '단계', '장비', '없', '뚫', '살', '시작', '살', '자', '방법', '궁수', '무기', '제외', '장비', '해제', '전사', '데몬베', '디바이드', '궁수', '드버', '넣', '상관', '없', '듯', '법사', '프레이', '플레임', '조디악', '웨이브', '궁', '밀', '진행', '인', '웨이브', '잡', '전사', '딸피로', '진입', '부활', '하', '전멸', '성공', '만약', '부활', '이상', '밀리', '하', '단계', '다음', '날', '레벨', '업', '하', '템', '끼', '다음', '라운드', '밀', '다음', '다음', '단계', '살', '세팅', '복귀', '번', '단계', '장비', '직업', '부위', '이상', '먹', '잠재', '세팅', '하', '죽', '수', '있', '라운드', '뺑이', '방법', '장비', '착용', '전사', '데몬베인', '디바이드', '아이언바디', '궁수', '드버', '엘고', '볼텍스', '법사', '프레이', '플레임', '조디악', '마찬가지', '웨이브', '궁', '밈', '이후', '쯤', '전사', '죽', '법사', '죽', '전', '전사', '부활', '위', '방법', '전제', '조건', '쯤', '전사', '죽', '정도', '난이도', '진행', '전사', '부활', '때', '법사', '버티', '간', '버티', '거', '만약', '전사', '부활', '때', '법사', '버티', '하', '방어력', '투자', '하', '이후', '쯤', '전사', '번', '죽', '전사', '죽', '동안', '드버', '조디악', '웨이브', '공짜', '전사', '부활', '데몬', '베인', '다음', '웨이브', '공짜', '되', '진행', '이후', '부활', '깔끔', '전멸', '당하', '빌', '드', '성공', '본인', '최대', '기록', '라운드', '진행', '만약', '죽', '되', '하', '라운드', '진행', '위', '방법', '진행', '죽', '수', '있', '방어', '구', '일부', '해제', '되', '듯', '하', '미지수', '앵간', '하', '라운드', '정배', '보스', '방', '가', '레벨', '업', '하', '스펙', '오르', '보스', '방', '가', '비율', '높', '오버', '스펙', '거', '다음', '라운드', '진행', '방어', '구', '일부', '해제', '맘', '편하', '장비', '빼', '런', '하', '되', '런', '크', '탐', '경험치', '코인', '수급', '량', '런', '크', '탐', '경험치', '코인', '수급', '량', '종합', '보', '때', '이득', '말', '단계', '파밍', '시작', '런', '하루', '이틀', '동안', '모으', '단계', '세팅', '되', '런', '오', '장비', '파밍', '하', '렙', '업', '치', '클리어', '카오스', '코인', '최대', '수급', '되', '때문', '이제', '하', '되', '방치', '것', '되', '이렇', '카오스', '입성', '하', '도움', '되', '정보', '모으', '쓰', '진행', '지금', '크', '오차', '생기', '거', '없', '때문', '되', '거', '만약', '되', '틀리', '정보', '있', '추가', '정보', '있', '하', '댓글', '확인', '하', '거', '줄', '요약', '없', '보세']",False,해당없음,1.0,,
j__MUJTquJw,카오스 모드 1-1에서 탬 나오는거보고 현타와서 이제 대충함ㅋㅌㅌㅌㅋㅋ,1,2026-08-02 17:56:33+00:00,카오스 모드 1-1에서 탬 나오는거보고 현타와서 이제 대충함ㅋㅌㅌㅌㅋㅋ,카오스 모드 1 1에서 탬 나오는거보고 현타와서 이제 대충함ㅋㅌㅌㅋㅋ,"['카오스', '모드', '탬', '나오', '거', '보', '현', '타', '오', '하']",False,해당없음,1.0,,
j__MUJTquJw,3-4에서 8티어 템파밍당하면 48렙전까지 1-1도는게 좋나요? 경험치만보고,0,2026-08-02 17:35:07+00:00,3-4에서 8티어 템파밍당하면 48렙전까지 1-1도는게 좋나요? 경험치만보고,3 4에서 8티어 템파밍당하면 48렙전까지 1 1도는게 좋나요? 경험치만보고,"['티', '어', '템파밍당', '하', '렙', '전', '도', '것', '좋', '경험치', '보']",True,육성_레벨링,1.0,,
j__MUJTquJw,"아 47 47 46렙으로 카오스 3-10까지 개껌으로 클 달다~
이제 드디어 방치형이다",0,2026-08-02 17:28:57+00:00,"아 47 47 46렙으로 카오스 3-10까지 개껌으로 클 달다~
이제 드디어 방치형이다",아 47 47 46렙으로 카오스 3 10까지 개껌으로 클 달다 이제 드디어 방치형이다,"['렙', '카오스', '개', '껌', '크', '달', '방치']",False,해당없음,1.0,,
j__MUJTquJw,나쁘진 않은데 물다쌤 공략이랑 맑음님 두 빌드 다 사용해본 결과 물다쌤 빌드가 압도적으로 좋습니다,1,2026-08-02 17:16:12+00:00,나쁘진 않은데 물다쌤 공략이랑 맑음님 두 빌드 다 사용해본 결과 물다쌤 빌드가 압도적으로 좋습니다,나쁘진 않은데 물다쌤 공략이랑 맑음님 두 빌드 다 사용해본 결과 물다쌤 빌드가 압도적으로 좋습니다,"['나쁘', '물다', '쌤', '공략', '맑음', '빌드', '사용', '결과', '물', '쌤', '빌드', '압도', '좋']",False,해당없음,1.0,,
j__MUJTquJw,"아직 소개된 적 없는 것 같아서 저만의 꿀팁 공유 드리고 갑니다.


궁수
1스킬 엘리멘탈 고스트
2스킬 드래곤 버스트(궁극기)
3스킬 볼텍스 스피어

마법사
1스킬 프레이
2스킬 힐
3스킬 조디악 레이(궁극기)


이렇게 세팅하고 스테이지 들어가면

궁수의 드래곤 버스트는 즉발이고
마법사는 버프 스킬 캐스팅 딜레이 때문에 조디악 레이 발동이 약간 늦춰집니다.

이렇게 되면 첫 웨이브는 궁수 드래곤 버스트 즉발로 인해 바로 밀리고
두 번째 웨이브는 마법사의 캐스팅 딜레이로 세이브(킵)한 조디악 레이로 바로 밀고 들어갈 수 있어요.

웨이브 두 개 먹고 들어가는 셈",5,2026-08-02 16:54:40+00:00,"아직 소개된 적 없는 것 같아서 저만의 꿀팁 공유 드리고 갑니다.


궁수
1스킬 엘리멘탈 고스트
2스킬 드래곤 버스트(궁극기)
3스킬 볼텍스 스피어

마법사
1스킬 프레이
2스킬 힐
3스킬 조디악 레이(궁극기)


이렇게 세팅하고 스테이지 들어가면

궁수의 드래곤 버스트는 즉발이고
마법사는 버프 스킬 캐스팅 딜레이 때문에 조디악 레이 발동이 약간 늦춰집니다.

이렇게 되면 첫 웨이브는 궁수 드래곤 버스트 즉발로 인해 바로 밀리고
두 번째 웨이브는 마법사의 캐스팅 딜레이로 세이브(킵)한 조디악 레이로 바로 밀고 들어갈 수 있어요.

웨이브 두 개 먹고 들어가는 셈",아직 소개된 적 없는 것 같아서 저만의 꿀팁 공유 드리고 갑니다 궁수 1스킬 엘리멘탈 고스트 2스킬 드래곤 버스트 궁극기 3스킬 볼텍스 스피어 마법사 1스킬 프레이 2스킬 힐 3스킬 조디악 레이 궁극기 이렇게 세팅하고 스테이지 들어가면 궁수의 드래곤 버스트는 즉발이고 마법사는 버프 스킬 캐스팅 딜레이 때문에 조디악 레이 발동이 약간 늦춰집니다 이렇게 되면 첫 웨이브는 궁수 드래곤 버스트 즉발로 인해 바로 밀리고 두 번째 웨이브는 마법사의 캐스팅 딜레이로 세이브 킵 한 조디악 레이로 바로 밀고 들어갈 수 있어요 웨이브 두 개 먹고 들어가는 셈,"['소개', '적', '없', '것', '같', '꿀', '팁', '공유', '드리', '가', '궁수', '스킬', '엘리멘탈', '고스트', '스킬', '드래곤', '버스트', '궁극기', '스킬', '볼', '텍스', '스피어', '마법사', '스킬', '프레이', '스킬', '힐', '스킬', '조디악', '레이', '궁극기', '이렇', '세팅', '스테이지', '들어가', '궁수', '드래곤', '버스트', '발', '마법사', '버프', '스킬', '캐스팅', '딜레이', '때문', '조디악', '레이', '발', '동', '늦춰지', '이렇', '되', '웨이브', '궁수', '드래곤', '버스트', '인하', '밀리', '번', '웨이브', '마법사', '캐스팅', '딜레이', '세이브', '킵', '조디악', '레이', '밀', '들어가', '수', '있', '웨이브', '개', '먹', '들어가', '셈']",False,해당없음,1.0,,
j__MUJTquJw,"모든 아이템의 합성 최초는 마법사 템이 나옴...
그 다음은 뭐가 됐든 중복으로 나옴..
이 두개가 장비 등업 할때마다 계속 되니까 현타가 옴...
그냥 될대로 되라 식으로 방치함.. 알아서 렙 오르니까 술술 밀림..
막히면 또 방치 함.. 하루 이틀뒤에 또 밀면 쭉쭉 밀림..",1,2026-08-02 16:49:20+00:00,"모든 아이템의 합성 최초는 마법사 템이 나옴...
그 다음은 뭐가 됐든 중복으로 나옴..
이 두개가 장비 등업 할때마다 계속 되니까 현타가 옴...
그냥 될대로 되라 식으로 방치함.. 알아서 렙 오르니까 술술 밀림..
막히면 또 방치 함.. 하루 이틀뒤에 또 밀면 쭉쭉 밀림..",모든 아이템의 합성 최초는 마법사 템이 나옴 그 다음은 뭐가 됐든 중복으로 나옴 이 두개가 장비 등업 할때마다 계속 되니까 현타가 옴 그냥 될대로 되라 식으로 방치함 알아서 렙 오르니까 술술 밀림 막히면 또 방치 함 하루 이틀뒤에 또 밀면 쭉쭉 밀림,"['아이템', '합성', '최초', '마법사', '템', '나오', '다음', '되', '중복', '나오', '개', '장비', '등', '업', '하', '때', '되', '현타', '오', '되', '대로', '되', '식', '방치', '알', '렙', '오르', '밀리', '막히', '방치', '함', '하루', '이틀', '뒤', '밀', '밀리']",False,해당없음,1.0,,
j__MUJTquJw,43렙인데 3-3에서 드래곤버스트랑 데몬베인이 1웨이브에서 같이 나가는데 뭐가 문제인거죠? 스킬세팅똑같이했는데요ㅠㅠ,0,2026-08-02 16:34:06+00:00,43렙인데 3-3에서 드래곤버스트랑 데몬베인이 1웨이브에서 같이 나가는데 뭐가 문제인거죠? 스킬세팅똑같이했는데요ㅠㅠ,43렙인데 3 3에서 드래곤버스트랑 데몬베인이 1웨이브에서 같이 나가는데 뭐가 문제인거죠? 스킬세팅똑같이했는데요ㅠㅠ,"['렙', '드래곤버스트랑', '데몬베인', '웨이브', '나가', '문제', '거', '스킬', '세팅', '하']",True,시스템,1.0,,
j__MUJTquJw,2-3 이후엔 풀방치였다가 공략 올라왔으니 이제 밀어야지 ㅋㅋ 드디어 방치형 게임처럼 됐네,0,2026-08-02 16:33:46+00:00,2-3 이후엔 풀방치였다가 공략 올라왔으니 이제 밀어야지 ㅋㅋ 드디어 방치형 게임처럼 됐네,2 3 이후엔 풀방치였다가 공략 올라왔으니 이제 밀어야지 ㅋㅋ 드디어 방치형 게임처럼 됐네,"['이후', '풀', '방치', '공략', '올라오', '밀', '방치', '게임', '되']",False,해당없음,1.0,,
j__MUJTquJw,머리뜨거워지는 공략법이군요,0,2026-08-02 16:24:54+00:00,머리뜨거워지는 공략법이군요,머리뜨거워지는 공략법이군요,"['머리', '뜨거워지', '공략법']",False,해당없음,1.0,,
j__MUJTquJw,혹시 메이플스토리m 이번 렌 공략 영상은 따로 없을까요...? 처음하는데 진짜 컴메이플이랑 너무 달라서 괴리감 오고 뭐가뭔지 모르겠어요 ㅜㅜ..,0,2026-08-02 16:23:05+00:00,혹시 메이플스토리m 이번 렌 공략 영상은 따로 없을까요...? 처음하는데 진짜 컴메이플이랑 너무 달라서 괴리감 오고 뭐가뭔지 모르겠어요 ㅜㅜ..,혹시 메이플스토리m 이번 렌 공략 영상은 따로 없을까요 ? 처음하는데 진짜 컴메이플이랑 너무 달라서 괴리감 오고 뭐가뭔지 모르겠어요 ㅜㅜ,"['메이플스토리', '이번', '렌', '공략', '영상', '없', '처음', '하', '컴메이플', '다르', '괴리감', '오', '모르']",True,기타,0.95,,gemini
j__MUJTquJw,23분30초부터 나오는 브금 정보를 알수있을까요?,1,2026-08-02 15:32:25+00:00,23분30초부터 나오는 브금 정보를 알수있을까요?,23분30초부터 나오는 브금 정보를 알수있을까요?,"['분', '초', '나오', '브금', '정보', '알', '수', '있']",True,기타,1.0,,
j__MUJTquJw,[ 10:31 ] '잠궈줍니다' > '잠가줍니다' 맞춤법 잘못 되셨어용,0,2026-08-02 15:27:36+00:00,[ 10:31 ] '잠궈줍니다' > '잠가줍니다' 맞춤법 잘못 되셨어용,10 31 잠궈줍니다 잠가줍니다 맞춤법 잘못 되셨어용,"['잠구', '잠그', '맞춤법', '되']",False,해당없음,1.0,,
j__MUJTquJw,선생님들 아직 전사렙 42인데 카오스는 2-3까지 깼습니다 카오스 1-1에서 계속 뺑뺑이하면 되나요?ㅠ,0,2026-08-02 15:24:58+00:00,선생님들 아직 전사렙 42인데 카오스는 2-3까지 깼습니다 카오스 1-1에서 계속 뺑뺑이하면 되나요?ㅠ,선생님들 아직 전사렙 42인데 카오스는 2 3까지 깼습니다 카오스 1 1에서 계속 뺑뺑이하면 되나요?ㅠ,"['선생', '전사렙', '카오스', '깨', '카오스', '뺑뺑이', '하', '되']",True,육성_레벨링,1.0,,
j__MUJTquJw,ㅋㅋ근데 44로 3-9까지 미는 빌드보다 레벨높여서 하는 빌드가 더 복잡하네 ;,0,2026-08-02 15:22:08+00:00,ㅋㅋ근데 44로 3-9까지 미는 빌드보다 레벨높여서 하는 빌드가 더 복잡하네 ;,ㅋㅋ근데 44로 3 9까지 미는 빌드보다 레벨높여서 하는 빌드가 더 복잡하네,"['미', '빌드', '레벨', '높이', '하', '빌드', '복잡하']",False,해당없음,0.95,,
j__MUJTquJw,아 울티마 온라인 망겜이네 콘텐츠가 없어 콘텐츠가,0,2026-08-02 15:19:48+00:00,아 울티마 온라인 망겜이네 콘텐츠가 없어 콘텐츠가,아 울티마 온라인 망겜이네 콘텐츠가 없어 콘텐츠가,"['울티마 온라인', '망겜', '콘텐츠', '없', '콘텐츠']",False,해당없음,1.0,,
j__MUJTquJw,나 이제 노말 3-1 들어갔는데ㅋㅋ머리는 아직도 2레벨ㅋㅋ,0,2026-08-02 14:59:27+00:00,나 이제 노말 3-1 들어갔는데ㅋㅋ머리는 아직도 2레벨ㅋㅋ,나 이제 노말 3 1 들어갔는데ㅋㅋ머리는 아직도 2레벨ㅋㅋ,"['노', '말', '들어가', '머리', '레벨']",False,해당없음,1.0,,
j__MUJTquJw,카오스 코인은 어디서 파밍하는게 효율 좋나요?,0,2026-08-02 14:57:35+00:00,카오스 코인은 어디서 파밍하는게 효율 좋나요?,카오스 코인은 어디서 파밍하는게 효율 좋나요?,"['카오스', '코인', '파밍', '것', '효율', '좋']",True,보스,1.0,,
j__MUJTquJw,"궁수 무기 없는거 카와이 하시네 ㅋㅋ
공략 항상 감사합니다",1,2026-08-02 14:56:28+00:00,"궁수 무기 없는거 카와이 하시네 ㅋㅋ
공략 항상 감사합니다",궁수 무기 없는거 카와이 하시네 ㅋㅋ 공략 항상 감사합니다,"['궁수', '무기', '없', '거', '카와이', '하시네', '공략', '감사']",False,해당없음,1.0,,
j__MUJTquJw,ㅋㅋㅋㅋㅋ 방치하라고 줬드만 개빡공략을 올렸네 ㅋㅋㅋ,0,2026-08-02 14:54:39+00:00,ㅋㅋㅋㅋㅋ 방치하라고 줬드만 개빡공략을 올렸네 ㅋㅋㅋ,ㅋㅋ 방치하라고 줬드만 개빡공략을 올렸네 ㅋㅋ,"['방치', '주', '개빡공략', '올리']",False,해당없음,1.0,,
xLPWWv_-gwI,와 맑음님 덕분에 저 드디어 2-6 깼습니다 그것도 맑음님이랑 완전 똑같이 궁수 피 1 남기고요 ㅋㅋㅋㅋ 감사합니다 ㅋㅋ 드디어 마법사 얻었네용,0,2026-08-02 14:46:03+00:00,와 맑음님 덕분에 저 드디어 2-6 깼습니다 그것도 맑음님이랑 완전 똑같이 궁수 피 1 남기고요 ㅋㅋㅋㅋ 감사합니다 ㅋㅋ 드디어 마법사 얻었네용,와 맑음님 덕분에 저 드디어 2 6 깼습니다 그것도 맑음님이랑 완전 똑같이 궁수 피 1 남기고요 ㅋㅋ 감사합니다 ㅋㅋ 드디어 마법사 얻었네용,"['맑음', '덕분', '깨', '맑음', '궁수', '피', '남기', '감사', '마법사', '얻']",False,해당없음,1.0,,
j__MUJTquJw,6:58 카오스 3-3에서 하니까 1웨이브에 드버랑 데몬베인 무조건 같이쓰는데 뭐죠 이건,1,2026-08-02 14:39:19+00:00,6:58 카오스 3-3에서 하니까 1웨이브에 드버랑 데몬베인 무조건 같이쓰는데 뭐죠 이건,6 58 카오스 3 3에서 하니까 1웨이브에 드버랑 데몬베인 무조건 같이쓰는데 뭐죠 이건,"['카오스', '하', '웨이브', '드버', '데몬베', '쓰', '데']",True,보스,0.95,,
j__MUJTquJw,울티마도 끝났겠다 경쿠로 매제 경제 보복 드가자~,0,2026-08-02 14:37:23+00:00,울티마도 끝났겠다 경쿠로 매제 경제 보복 드가자~,울티마도 끝났겠다 경쿠로 매제 경제 보복 드가자,"['울티마', '끝나', '경쿠로', '매제', '경제', '보복', '드', '가']",False,해당없음,1.0,,
j__MUJTquJw,"40 이 안됐는데., 40  안된 캐릭 있으면 개추",0,2026-08-02 14:14:56+00:00,"40 이 안됐는데., 40  안된 캐릭 있으면 개추",40 이 안됐는데 40 안된 캐릭 있으면 개추,"['되', '되', '캐릭', '있', '개추']",False,해당없음,1.0,,
j__MUJTquJw,컴을 계속켜놔서 코인이 2000개가넘는건가요?,0,2026-08-02 14:01:31+00:00,컴을 계속켜놔서 코인이 2000개가넘는건가요?,컴을 계속켜놔서 코인이 200개가넘는건가요?,"['컴', '켜', '코인', '개', '넘', '거']",True,시스템,0.95,,
j__MUJTquJw,누구는 방어력 누구는 체력 뭐가 맞노 도대체,1,2026-08-02 13:57:23+00:00,누구는 방어력 누구는 체력 뭐가 맞노 도대체,누구는 방어력 누구는 체력 뭐가 맞노 도대체,"['방어력', '체력', '맞']",True,스펙업,0.95,,
j__MUJTquJw,버그로 팍 식음😢,0,2026-08-02 13:51:00+00:00,버그로 팍 식음😢,버그로 팍 식음,"['버그', '식']",False,해당없음,1.0,,
j__MUJTquJw,이제 노말 3-10 깼으면 개추,4,2026-08-02 13:39:40+00:00,이제 노말 3-10 깼으면 개추,이제 노말 3 10 깼으면 개추,"['노', '말', '깨', '개추']",False,해당없음,1.0,,
j__MUJTquJw,이게 방치형이 맞는거임 ? 이정도면 본메보다 더 알피인데 ?,0,2026-08-02 13:35:03+00:00,이게 방치형이 맞는거임 ? 이정도면 본메보다 더 알피인데 ?,이게 방치형이 맞는거임 ? 이정도면 본메보다 더 알피인데 ?,"['방치', '맞', '거', '정도', '본메', '알피']",True,기타,0.95,,
j__MUJTquJw,걍 방치하고 주는 것만 먹어야겠네 ㅋㅋㅋㅋ,0,2026-08-02 13:29:28+00:00,걍 방치하고 주는 것만 먹어야겠네 ㅋㅋㅋㅋ,걍 방치하고 주는 것만 먹어야겠네 ㅋㅋ,"['방치', '것', '먹']",False,해당없음,1.0,,gemini
j__MUJTquJw,14:07 여기 그떄로 똑같이 할려고 하는데 3-5에서 맨 초반에1웨이브 드버 2웨이브 조디악 레이를 사용해야하는데 1웨이브때 드버를 몹 한마리가 안맞아서 법사가 앞으로 가다가 조디악을 쓰네요 이거 다른 방법이 있을까요?,1,2026-08-02 13:21:53+00:00,14:07 여기 그떄로 똑같이 할려고 하는데 3-5에서 맨 초반에1웨이브 드버 2웨이브 조디악 레이를 사용해야하는데 1웨이브때 드버를 몹 한마리가 안맞아서 법사가 앞으로 가다가 조디악을 쓰네요 이거 다른 방법이 있을까요?,14 07 여기 그떄로 똑같이 할려고 하는데 3 5에서 맨 초반에1웨이브 드버 2웨이브 조디악 레이를 사용해야하는데 1웨이브때 드버를 몹 한마리가 안맞아서 법사가 앞으로 가다가 조디악을 쓰네요 이거 다른 방법이 있을까요?,"['떄', '하', '초반', '웨이브', '드버', '웨이브', '조디악', '레이', '사용', '웨이브', '때', '드버', '몹', '마리', '맞', '법사', '앞', '가', '조디악', '쓰', '방법', '있']",True,사냥,0.95,,
j__MUJTquJw,맑음님 무기에 재사용 2줄 총 4초 감소는 어떤가요?,0,2026-08-02 13:03:22+00:00,맑음님 무기에 재사용 2줄 총 4초 감소는 어떤가요?,맑음님 무기에 재사용 2줄 총 4초 감소는 어떤가요?,"['맑음', '님', '무기', '사용', '줄', '초', '감소', '어떻']",True,장비_아이템,1.0,,
j__MUJTquJw,아니 왜 48렙임? 나 꾸준히 한거 같은데 난 41렙인데;;;;;,0,2026-08-02 13:02:03+00:00,아니 왜 48렙임? 나 꾸준히 한거 같은데 난 41렙인데;;;;;,아니 왜 48렙임? 나 꾸준히 한거 같은데 난 41렙인데,"['48렙임', '하', '거', '같', '41렙']",True,육성_레벨링,0.9,,
j__MUJTquJw,02:51 02:57,0,2026-08-02 12:50:16+00:00,02:51 02:57,02 51 02 57,[],False,해당없음,1.0,,
j__MUJTquJw,경험치 제일 많이 주는 사냥터는 여전히 1-1인가요? 아니면 3-4 에서 방어구뺴고 뺑뺑이인가요?(에테 공 한줄 기준입니다!),0,2026-08-02 12:44:55+00:00,경험치 제일 많이 주는 사냥터는 여전히 1-1인가요? 아니면 3-4 에서 방어구뺴고 뺑뺑이인가요?(에테 공 한줄 기준입니다!),경험치 제일 많이 주는 사냥터는 여전히 1 1인가요? 아니면 3 4 에서 방어구뺴고 뺑뺑이인가요? 에테 공 한줄 기준입니다,"['경험치', '주', '사냥터', '방어구뺴', '뺑뺑이', '에테', '공', '줄', '기준']",True,사냥,1.0,,
Kf3X8XakvHk,법사 3단계무기 계속떠요 ㅠ,0,2026-08-02 12:39:15+00:00,법사 3단계무기 계속떠요 ㅠ,법사 3단계무기 계속떠요 ㅠ,"['법사', '단계', '무기', '뜨']",True,장비_아이템,0.8,,
j__MUJTquJw,나만 진짜 제작자의 의도대로 방치하나,5,2026-08-02 12:30:53+00:00,나만 진짜 제작자의 의도대로 방치하나,나만 진짜 제작자의 의도대로 방치하나,"['제작자', '의도', '방치']",False,해당없음,1.0,,
j__MUJTquJw,"3-4 클리어하고 무기만 끼고 스킬 낀다음 48 ~50 까지 3-4에서 죽으면서 파밍으로 렙업 하는거임? 
1-1보다 그게 더 효울 좋나",0,2026-08-02 12:29:47+00:00,"3-4 클리어하고 무기만 끼고 스킬 낀다음 48 ~50 까지 3-4에서 죽으면서 파밍으로 렙업 하는거임? 
1-1보다 그게 더 효울 좋나",3 4 클리어하고 무기만 끼고 스킬 낀다음 48 50 까지 3 4에서 죽으면서 파밍으로 렙업 하는거임? 1 1보다 그게 더 효울 좋나,"['클리어', '무기', '끼', '스킬', '끼', '다음', '죽', '파밍', '렙', '업', '하', '거', '효', '울', '좋']",True,육성_레벨링,1.0,,
j__MUJTquJw,3-9  떡벽이면 개추 ㅋㅋ,9,2026-08-02 12:29:33+00:00,3-9  떡벽이면 개추 ㅋㅋ,3 9 떡벽이면 개추 ㅋㅋ,"['떡벽', '개추']",False,해당없음,1.0,,
j__MUJTquJw,일반맵은 다조를 주니까 급하게 깼는데 카오스는 급하게 깰필요가 없어 보여서 그냥 냅뒀다가 랩빨로 찍어누르는게 맘편할듯,5,2026-08-02 12:28:12+00:00,일반맵은 다조를 주니까 급하게 깼는데 카오스는 급하게 깰필요가 없어 보여서 그냥 냅뒀다가 랩빨로 찍어누르는게 맘편할듯,일반맵은 다조를 주니까 급하게 깼는데 카오스는 급하게 깰필요가 없어 보여서 그냥 냅뒀다가 랩빨로 찍어누르는게 맘편할듯,"['일반', '맵', '조', '주', '급하', '깨', '카오스', '급하', '깨', '필요', '없', '보이', '냅두', '랩', '빨', '찍', '누르', '것', '맘', '편하', '듯']",False,해당없음,1.0,,
j__MUJTquJw,이거 3-3 첫 입장 극딜에서 1마리 안맞아서 1웨이브에 무조건 극딜 2개 한번에 털리는디?,0,2026-08-02 12:27:38+00:00,이거 3-3 첫 입장 극딜에서 1마리 안맞아서 1웨이브에 무조건 극딜 2개 한번에 털리는디?,이거 3 3 첫 입장 극딜에서 1마리 안맞아서 1웨이브에 무조건 극딜 2개 한번에 털리는디?,"['입장', '극', '딜', '마리', '맞', '웨이브', '조건', '극딜', '개', '번', '털리']",True,보스,0.95,,
j__MUJTquJw,코인 획득량 스테이지 마다 차이 있나요?,0,2026-08-02 12:19:45+00:00,코인 획득량 스테이지 마다 차이 있나요?,코인 획득량 스테이지 마다 차이 있나요?,"['코인', '획득', '량', '스테이지', '차이', '있']",True,이벤트,0.95,,
j__MUJTquJw,"저는 비슷한 시기에 상자깡용 3-9를 뚫어만 놓은 유저입니다.
전사 : 대충 운용법이 똑같음
궁수 : 엘고와 평딜기 2개를 밀고 나감. 드래곤 버스트는 없는 기술입니다.
법사 : 힐할 시간에 플레임 스윕 두방 박는게 전붕이가 덜 맞습니다. 조디악 레이는 없는 기술입니다.
요점은 데몬베인을 시작과 보스에서 적절히 나가도록 조정하는 것으로 35퍼쯤에서 데몬베인을 끼면 대강 보스한테 극딜이 나갑니다. 판마다 대충 3분 30초 정도 걸립니다.
영상에서 3극딜 다 세팅하는 빌드는 데몬베인을 마지막 잡몹에서 낭비하면 어떡하지 하는 두려움에서 생긴 빌드인 것 같은데, 덕분에 궁붕이의 평딜이 살아나지 못하고 클탐이 늘어지고 지루하고 현학적입니다. 막혔다면 2분 5초 컷나는 카오스 사냥터에서 렙업하고 재도전하는게 맘편합니다.",6,2026-08-02 12:17:11+00:00,"저는 비슷한 시기에 상자깡용 3-9를 뚫어만 놓은 유저입니다.
전사 : 대충 운용법이 똑같음
궁수 : 엘고와 평딜기 2개를 밀고 나감. 드래곤 버스트는 없는 기술입니다.
법사 : 힐할 시간에 플레임 스윕 두방 박는게 전붕이가 덜 맞습니다. 조디악 레이는 없는 기술입니다.
요점은 데몬베인을 시작과 보스에서 적절히 나가도록 조정하는 것으로 35퍼쯤에서 데몬베인을 끼면 대강 보스한테 극딜이 나갑니다. 판마다 대충 3분 30초 정도 걸립니다.
영상에서 3극딜 다 세팅하는 빌드는 데몬베인을 마지막 잡몹에서 낭비하면 어떡하지 하는 두려움에서 생긴 빌드인 것 같은데, 덕분에 궁붕이의 평딜이 살아나지 못하고 클탐이 늘어지고 지루하고 현학적입니다. 막혔다면 2분 5초 컷나는 카오스 사냥터에서 렙업하고 재도전하는게 맘편합니다.",저는 비슷한 시기에 상자깡용 3 9를 뚫어만 놓은 유저입니다 전사 대충 운용법이 똑같음 궁수 엘고와 평딜기 2개를 밀고 나감 드래곤 버스트는 없는 기술입니다 법사 힐할 시간에 플레임 스윕 두방 박는게 전붕이가 덜 맞습니다 조디악 레이는 없는 기술입니다 요점은 데몬베인을 시작과 보스에서 적절히 나가도록 조정하는 것으로 35퍼쯤에서 데몬베인을 끼면 대강 보스한테 극딜이 나갑니다 판마다 대충 3분 30초 정도 걸립니다 영상에서 3극딜 다 세팅하는 빌드는 데몬베인을 마지막 잡몹에서 낭비하면 어떡하지 하는 두려움에서 생긴 빌드인 것 같은데 덕분에 궁붕이의 평딜이 살아나지 못하고 클탐이 늘어지고 지루하고 현학적입니다 막혔다면 2분 5초 컷나는 카오스 사냥터에서 렙업하고 재도전하는게 맘편합니다,"['시기', '상자깡용', '르', '뚫', '유저', '운용', '법', '똑같', '궁수', '엘고', '평딜기', '개', '밀', '드래곤', '버스트', '없', '기술', '법사', '힐', '시간', '플레이', '스윕', '방', '박', '것', '전붕이', '맞', '조디악', '레이', '없', '기술', '점', '데몬베인', '시작', '보스', '조정', '것', '퍼', '데몬베인', '끼', '보스', '극딜', '나가', '판', '분', '초', '정도', '걸리', '영상', '극', '딜', '세팅', '빌', '드', '데몬베인', '마지막', '잡몹', '낭비', '어떡하', '하', '두려움', '생기', '빌드', '것', '같', '덕분', '궁붕이', '평', '딜', '살아나', '크', '탐', '늘어지', '현학', '막히', '분', '초', '컷', '나', '카오스', '사냥터', '렙', '업', '도전', '것', '맘', '편하']",False,해당없음,1.0,,
j__MUJTquJw,"음 잠재는 무조건 무기 [크뎀, 공/마%, 쿨감] 방어구는 [크확 세 줄]이 고점이 훨씬 높아 보입니다. 최종 옵션은 직업 상관없이 [크뎀 36%, 크확 27%]가 종결 옵션 같습니다. 무기를 먼저 유효옵 세 줄을 띄우고 크뎀이 높다면 방어구는 크확, 공/마%나 쿨감이 높다면 방어구는 공/마로 세팅하는게 좋아 보입니다.",0,2026-08-02 12:16:14+00:00,"음 잠재는 무조건 무기 [크뎀, 공/마%, 쿨감] 방어구는 [크확 세 줄]이 고점이 훨씬 높아 보입니다. 최종 옵션은 직업 상관없이 [크뎀 36%, 크확 27%]가 종결 옵션 같습니다. 무기를 먼저 유효옵 세 줄을 띄우고 크뎀이 높다면 방어구는 크확, 공/마%나 쿨감이 높다면 방어구는 공/마로 세팅하는게 좋아 보입니다.",음 잠재는 무조건 무기 크뎀 공 마 쿨감 방어구는 크확 세 줄 이 고점이 훨씬 높아 보입니다 최종 옵션은 직업 상관없이 크뎀 36 크확 27 가 종결 옵션 같습니다 무기를 먼저 유효옵 세 줄을 띄우고 크뎀이 높다면 방어구는 크확 공 마 나 쿨감이 높다면 방어구는 공 마로 세팅하는게 좋아 보입니다,"['잠재', '무기', '크뎀', '공', '마', '쿨', '방어', '구', '크', '줄', '고점', '높', '보이', '최종', '옵션', '직업', '크뎀', '크확', '가', '종결', '옵션', '같', '무기', '유효', '줄', '띄우', '크뎀', '높', '방어', '구', '크', '확', '공', '마', '쿨', '높', '방어', '구', '공', '마', '세팅', '것', '좋', '보이']",False,해당없음,1.0,,
j__MUJTquJw,"제발,,제발,,,제발!!!! 장비 등급이든 옵션이든 아무 의미없다
선발대든 후발대든 템 파밍좀 그만해 !!!!
레벨 is 깡패
닥치고 경험치 올려!!!!!
난 카3-10깸",0,2026-08-02 12:10:06+00:00,"제발,,제발,,,제발!!!! 장비 등급이든 옵션이든 아무 의미없다
선발대든 후발대든 템 파밍좀 그만해 !!!!
레벨 is 깡패
닥치고 경험치 올려!!!!!
난 카3-10깸",제발 제발 제발 장비 등급이든 옵션이든 아무 의미없다 선발대든 후발대든 템 파밍좀 그만해 레벨 is 깡패 닥치고 경험치 올려 난 카3 10깸,"['장비', '등급', '옵션', '의미', '없', '하', '선발대', '후발', '대들', '터', '파밍', '레벨', '깡패', '닥치', '경험치', '올리', '카', '깨']",False,해당없음,1.0,,
j__MUJTquJw,전사가 눕고 1초후에 헤도 하면 잡몹들 어버버하는 시간 1초 벌수있는데 그 1초가 의외로 전붕이 피 많이 아껴줌,16,2026-08-02 12:09:31+00:00,전사가 눕고 1초후에 헤도 하면 잡몹들 어버버하는 시간 1초 벌수있는데 그 1초가 의외로 전붕이 피 많이 아껴줌,전사가 눕고 1초후에 헤도 하면 잡몹들 어버버하는 시간 1초 벌수있는데 그 1초가 의외로 전붕이 피 많이 아껴줌,"['전사', '눕', '초', '후', '헤', '하', '잡몹', '어버버', '시간', '초', '벌', '수', '있', '초', '붕', '피', '아끼']",False,해당없음,1.0,,gemini
j__MUJTquJw,9:40 3-4 클 한사람들은 3-4 반복하면 되나요?,1,2026-08-02 12:09:09+00:00,9:40 3-4 클 한사람들은 3-4 반복하면 되나요?,9 40 3 4 클 한사람들은 3 4 반복하면 되나요?,"['크', '하', '사람', '반복', '되']",True,보스,0.95,,
j__MUJTquJw,"게임 재밌는건 좋은데 방치형답게 좀 해줬으면 좋겠음 
장비밸류가 너무 중요한데 장비를 먹을려면 방치를 할수가없는구조임 ㅋㅋ",1,2026-08-02 12:06:06+00:00,"게임 재밌는건 좋은데 방치형답게 좀 해줬으면 좋겠음 
장비밸류가 너무 중요한데 장비를 먹을려면 방치를 할수가없는구조임 ㅋㅋ",게임 재밌는건 좋은데 방치형답게 좀 해줬으면 좋겠음 장비밸류가 너무 중요한데 장비를 먹을려면 방치를 할수가없는구조임 ㅋㅋ,"['게임', '재밌', '거', '좋', '방치', '하', '좋', '장비밸류', '중요', '장비', '먹', '방치', '하', '수', '없', '구조']",False,해당없음,1.0,,
j__MUJTquJw,이거 방치형 맞나요...?,0,2026-08-02 12:05:54+00:00,이거 방치형 맞나요...?,이거 방치형 맞나요 ?,"['방치', '맞']",True,기타,1.0,,
j__MUJTquJw,3-3 드래곤이랑 데몬 1웨이브떄 같이쓰는데 왜이러죠? 보면 예시 3-4 보여주실때 제가 스펙이 더높은데 같은 43렙에 ..,2,2026-08-02 12:00:54+00:00,3-3 드래곤이랑 데몬 1웨이브떄 같이쓰는데 왜이러죠? 보면 예시 3-4 보여주실때 제가 스펙이 더높은데 같은 43렙에 ..,3 3 드래곤이랑 데몬 1웨이브떄 같이쓰는데 왜이러죠? 보면 예시 3 4 보여주실때 제가 스펙이 더높은데 같은 43렙에,"['드래곤', '데몬', '웨이브', '떄', '쓰', '이러', '보', '예시', '보이', '때', '스펙', '높', '데', '같', '43렙']",True,시스템,0.95,,
j__MUJTquJw,맑음님 덕에 메이플이 제미있고 이벤트도 빠짐없이 챙기고 너무좋음,6,2026-08-02 12:00:38+00:00,맑음님 덕에 메이플이 제미있고 이벤트도 빠짐없이 챙기고 너무좋음,맑음님 덕에 메이플이 제미있고 이벤트도 빠짐없이 챙기고 너무좋음,"['맑음', '덕', '메이플', '제미', '있', '이벤트', '챙기', '좋']",False,해당없음,1.0,,
j__MUJTquJw,울티마 스쿼드 서비스 종료. 유니온 스쿼드 서비스 시작,0,2026-08-02 11:59:11+00:00,울티마 스쿼드 서비스 종료. 유니온 스쿼드 서비스 시작,울티마 스쿼드 서비스 종료 유니온 스쿼드 서비스 시작,"['울티마', '스쿼드', '서비스', '종료', '유니온', '스쿼드', '서비스', '시작']",False,해당없음,1.0,,
j__MUJTquJw,"뭔가 카오스 전까지는 진짜 개열심히했는데 카오스 들어가고나서 장비가 너무 허벌이라 갑자기 할맛이 뚝떨어짐,,",38,2026-08-02 11:58:41+00:00,"뭔가 카오스 전까지는 진짜 개열심히했는데 카오스 들어가고나서 장비가 너무 허벌이라 갑자기 할맛이 뚝떨어짐,,",뭔가 카오스 전까지는 진짜 개열심히했는데 카오스 들어가고나서 장비가 너무 허벌이라 갑자기 할맛이 뚝떨어짐,"['카오스', '전', '개', '하', '카오스', '들어가', '장비', '허벌', '하', '맛', '떨어지']",False,해당없음,1.0,,
j__MUJTquJw,다깨니까 이제 방치형ㅋㅋㅋㅋㅋ,70,2026-08-02 11:53:49+00:00,다깨니까 이제 방치형ㅋㅋㅋㅋㅋ,다깨니까 이제 방치형ㅋㅋ,"['깨', '방치']",False,해당없음,1.0,,
j__MUJTquJw,올 48렙에 8단계 둘둘 하니까 카오스 3-9 컨 해서 깸. 빡세게 안하려면 영상대로 그냥 렙업 해서 오는게 맞는듯. 3-10은 극딜기 다 박고. 폭시로만 스위칭 해도 개껌으로 깨고,0,2026-08-02 11:52:43+00:00,올 48렙에 8단계 둘둘 하니까 카오스 3-9 컨 해서 깸. 빡세게 안하려면 영상대로 그냥 렙업 해서 오는게 맞는듯. 3-10은 극딜기 다 박고. 폭시로만 스위칭 해도 개껌으로 깨고,올 48렙에 8단계 둘둘 하니까 카오스 3 9 컨 해서 깸 빡세게 안하려면 영상대로 그냥 렙업 해서 오는게 맞는듯 3 10은 극딜기 다 박고 폭시로만 스위칭 해도 개껌으로 깨고,"['올', '렙', '단계', '하', '카오스', '크', '깨', '빡세', '하', '영상', '렙', '업', '오', '것', '맞', '듯', '극딜기', '박', '폭시', '스위칭', '개', '껌', '깨']",False,해당없음,1.0,,
j__MUJTquJw,방어력 잠재 필요없는거 아닌가요?,0,2026-08-02 11:52:29+00:00,방어력 잠재 필요없는거 아닌가요?,방어력 잠재 필요없는거 아닌가요?,"['방어력', '잠재', '필요', '없', '거']",True,장비_아이템,1.0,,
j__MUJTquJw,혹시 카오스 3-10 까지깬형님들 코인작은 어디서 하는지 알수있을까요 다 똑같나?,0,2026-08-02 11:47:05+00:00,혹시 카오스 3-10 까지깬형님들 코인작은 어디서 하는지 알수있을까요 다 똑같나?,혹시 카오스 3 10 까지깬형님들 코인작은 어디서 하는지 알수있을까요 다 똑같나?,"['카오스', '깨', '형', '코', '작', '하', '알', '수', '있', '똑같']",True,이벤트,0.95,,
j__MUJTquJw,그럼 레벨업은 어느 스테이지에서 뺑뺑이 도는 게 제일 좋나요?,0,2026-08-02 11:44:26+00:00,그럼 레벨업은 어느 스테이지에서 뺑뺑이 도는 게 제일 좋나요?,그럼 레벨업은 어느 스테이지에서 뺑뺑이 도는 게 제일 좋나요?,"['레벨', '업', '스테이지', '뺑뺑이', '도', '것', '좋']",True,육성_레벨링,1.0,,
j__MUJTquJw,솔직히 재밌고 재미없고를 떠나서 방치형인지는 모르겠는.. 신경써줘야될게 너무 많다 다음에 나오면 좀 더 개선해서 나외줬으면,0,2026-08-02 11:43:59+00:00,솔직히 재밌고 재미없고를 떠나서 방치형인지는 모르겠는.. 신경써줘야될게 너무 많다 다음에 나오면 좀 더 개선해서 나외줬으면,솔직히 재밌고 재미없고를 떠나서 방치형인지는 모르겠는 신경써줘야될게 너무 많다 다음에 나오면 좀 더 개선해서 나외줬으면,"['재밌', '재미없', '떠나', '방치', '모르', '신경', '쓰', '되', '것', '많', '다음', '나오', '개선', '나', '외']",False,해당없음,1.0,,
j__MUJTquJw,아니 이거말고 코인수급량 알려달라고,1,2026-08-02 11:37:15+00:00,아니 이거말고 코인수급량 알려달라고,아니 이거말고 코인수급량 알려달라고,"['말', '코인', '수급', '량', '알리']",True,이벤트,0.95,,
j__MUJTquJw,ㅋㅋㅋ 지금 카오스 1-4 할거 너무많다  챌썹에 주보돌이에 사냥에 ㅋㅋ,0,2026-08-02 11:29:08+00:00,ㅋㅋㅋ 지금 카오스 1-4 할거 너무많다  챌썹에 주보돌이에 사냥에 ㅋㅋ,ㅋㅋ 지금 카오스 1 4 할거 너무많다 챌썹에 주보돌이에 사냥에 ㅋㅋ,"['카오스', '하', '거', '많', '챌썹', '주보돌이', '사냥']",False,해당없음,1.0,,
j__MUJTquJw,걍 레벨 더 높이고 템 8강끼면 공략필요없이 천천히 꺨수있찌않음?,2,2026-08-02 11:27:38+00:00,걍 레벨 더 높이고 템 8강끼면 공략필요없이 천천히 꺨수있찌않음?,걍 레벨 더 높이고 템 8강끼면 공략필요없이 천천히 꺨수있찌않음?,"['레벨', '높이', '터', '강', '끼', '공략', '필요', '꺨수있찌']",True,보스,0.95,,
j__MUJTquJw,보상도 생각안하고 걍 하고있었음,0,2026-08-02 11:25:52+00:00,보상도 생각안하고 걍 하고있었음,보상도 생각안하고 걍 하고있었음,"['보상', '생각', '하', '하']",False,해당없음,1.0,,
j__MUJTquJw,카오스는 HP보다 방어력이 효율 더 좋지 않나요?,0,2026-08-02 11:24:54+00:00,카오스는 HP보다 방어력이 효율 더 좋지 않나요?,카오스는 HP보다 방어력이 효율 더 좋지 않나요?,"['카오스', '방어력', '효율', '좋']",True,스펙업,0.95,,
j__MUJTquJw,메M은 이전 영상 봐야할까요?,0,2026-08-02 11:24:48+00:00,메M은 이전 영상 봐야할까요?,메M은 이전 영상 봐야할까요?,"['메', '이전', '영상', '보']",True,육성_레벨링,0.95,,gemini
j__MUJTquJw,그럼 혹시 카오스 2-3정도에서 막힌 경우에는 어디 스테이지에서 방치해두는게 좋나요?,0,2026-08-02 11:23:24+00:00,그럼 혹시 카오스 2-3정도에서 막힌 경우에는 어디 스테이지에서 방치해두는게 좋나요?,그럼 혹시 카오스 2 3정도에서 막힌 경우에는 어디 스테이지에서 방치해두는게 좋나요?,"['카오스', '정도', '막히', '경우', '스테이지', '방치', '것', '좋']",True,육성_레벨링,0.95,,
j__MUJTquJw,카오스 들어갔고 3배 어차피 안살거니까 평화롭게 방치하고 합성만 해야겠다,0,2026-08-02 11:22:57+00:00,카오스 들어갔고 3배 어차피 안살거니까 평화롭게 방치하고 합성만 해야겠다,카오스 들어갔고 3배 어차피 안살거니까 평화롭게 방치하고 합성만 해야겠다,"['카오스', '들어가', '배', '사', '거', '평화', '방치', '합성', '하']",False,해당없음,1.0,,gemini
j__MUJTquJw,0:42 ㄹㅇㅋㅋ 진짜 울티마에서는 레벨만큼 중요한게 없음ㅋㅋㅋㅋ 암만 장비셋 잘해놔봐야 ㅋㅋㅋㅋ 레벨 1개 오르면 별로 안오르는거 같은데 엄청 세짐ㅋㅋㅋㅋㅋㅋㅋ 1렙업 하니까 불과 몇시간전에 못깨던거 깨지곸ㅋㅋㅋㅋㅋㅋㅋ 레벨링을 최대한 빨리 하는게 중요한거같음 인게임도 레벨이 엄청 중요하게 작용하기도 하고,6,2026-08-02 11:22:20+00:00,0:42 ㄹㅇㅋㅋ 진짜 울티마에서는 레벨만큼 중요한게 없음ㅋㅋㅋㅋ 암만 장비셋 잘해놔봐야 ㅋㅋㅋㅋ 레벨 1개 오르면 별로 안오르는거 같은데 엄청 세짐ㅋㅋㅋㅋㅋㅋㅋ 1렙업 하니까 불과 몇시간전에 못깨던거 깨지곸ㅋㅋㅋㅋㅋㅋㅋ 레벨링을 최대한 빨리 하는게 중요한거같음 인게임도 레벨이 엄청 중요하게 작용하기도 하고,0 42 ㄹㅇㅋㅋ 진짜 울티마에서는 레벨만큼 중요한게 없음ㅋㅋ 암만 장비셋 잘해놔봐야 ㅋㅋ 레벨 1개 오르면 별로 안오르는거 같은데 엄청 세짐ㅋㅋ 1렙업 하니까 불과 몇시간전에 못깨던거 깨지곸ㅋㅋ 레벨링을 최대한 빨리 하는게 중요한거같음 인게임도 레벨이 엄청 중요하게 작용하기도 하고,"['울티마', '레벨', '중요', '것', '없', '장비', '하', '레벨', '개', '오르', '오르', '거', '같', '세', '1렙', '업', '하', '시간', '전', '깨', '거', '깨', '레벨', '링', '하', '것', '중요', '거', '같', '인', '게임', '레벨', '중요', '작용']",False,해당없음,1.0,,
j__MUJTquJw,올8단 맞추고나니 이제 진짜 방치형되었음 ㅋㅋㅋㅋㅋ,43,2026-08-02 11:20:43+00:00,올8단 맞추고나니 이제 진짜 방치형되었음 ㅋㅋㅋㅋㅋ,올8단 맞추고나니 이제 진짜 방치형되었음 ㅋㅋ,"['올', '단', '맞추', '방치']",False,해당없음,1.0,,
j__MUJTquJw,혹시 코인 만 받을꺼면  일반  3지역 10단계만 해도 상관없는거죠? 카오스지역은 코인 안주던데 칭호딸꺼면 카오스도 가고 그게 아니면 안가도 되죠?,1,2026-08-02 11:20:40+00:00,혹시 코인 만 받을꺼면  일반  3지역 10단계만 해도 상관없는거죠? 카오스지역은 코인 안주던데 칭호딸꺼면 카오스도 가고 그게 아니면 안가도 되죠?,혹시 코인 만 받을꺼면 일반 3지역 10단계만 해도 상관없는거죠? 카오스지역은 코인 안주던데 칭호딸꺼면 카오스도 가고 그게 아니면 안가도 되죠?,"['코인', '받', '꺼', '일반', '지역', '단계', '상관없', '거', '카오스', '지역', '코인', '주', '칭호', '따', '꺼', '카오스', '가', '가', '되']",True,이벤트,0.95,,
j__MUJTquJw,올티마 스쿼드    에서 템이   에테르넬 이랑   제네시스 무기가 있네  ㅋㅋㅋ,0,2026-08-02 11:15:43+00:00,올티마 스쿼드    에서 템이   에테르넬 이랑   제네시스 무기가 있네  ㅋㅋㅋ,올티마 스쿼드 에서 템이 에테르넬 이랑 제네시스 무기가 있네 ㅋㅋ,"['티', '마', '스쿼드', '템', '에테르넬', '제네시스', '무기', '있']",False,해당없음,1.0,,
j__MUJTquJw,경험치작은 어디서 돌리는게 효율이 좋은가요 렙 40중반대면,0,2026-08-02 11:14:17+00:00,경험치작은 어디서 돌리는게 효율이 좋은가요 렙 40중반대면,경험치작은 어디서 돌리는게 효율이 좋은가요 렙 40중반대면,"['경험치', '작', '돌리', '것', '효율', '좋', '렙', '중반']",True,사냥,1.0,,
j__MUJTquJw,울티마 스쿼드 1달 기간연장이라는 기분 좋은 꿈을 꾸곤 했습니다.,66,2026-08-02 11:09:25+00:00,울티마 스쿼드 1달 기간연장이라는 기분 좋은 꿈을 꾸곤 했습니다.,울티마 스쿼드 1달 기간연장이라는 기분 좋은 꿈을 꾸곤 했습니다,"['울티마', '스쿼드', '달', '기간', '연장', '기분', '좋', '꿈', '꾸']",False,해당없음,1.0,,
j__MUJTquJw,대 맑 음,1,2026-08-02 11:06:59+00:00,대 맑 음,대 맑 음,['맑'],False,해당없음,1.0,,
j__MUJTquJw,정말 이번 컨텐츠 찬양 받아야할까,2,2026-08-02 11:06:13+00:00,정말 이번 컨텐츠 찬양 받아야할까,정말 이번 컨텐츠 찬양 받아야할까,"['이번', '컨텐츠', '찬양', '받']",False,해당없음,0.9,,
j__MUJTquJw,꿀팁 굿,0,2026-08-02 11:06:09+00:00,꿀팁 굿,꿀팁 굿,"['꿀', '팁', '굿']",False,해당없음,1.0,,
j__MUJTquJw,222,0,2026-08-02 11:06:09+00:00,222,22,[],False,해당없음,1.0,,
j__MUJTquJw,오호..,0,2026-08-02 11:05:59+00:00,오호..,오호,[],False,해당없음,1.0,,
j__MUJTquJw,15초전 ㄷㄷㄷㄷㄷㄷㄷㄷㄷㄷㄷ,0,2026-08-02 11:05:46+00:00,15초전 ㄷㄷㄷㄷㄷㄷㄷㄷㄷㄷㄷ,15초전 ㄷㄷ,"['초', '전']",False,해당없음,1.0,,
f3DLA1EU8vw,전사 무기 깡공 두줄이 좋나요? 아니면 공퍼 하나가 좋을까요?,0,2026-08-02 10:50:46+00:00,전사 무기 깡공 두줄이 좋나요? 아니면 공퍼 하나가 좋을까요?,전사 무기 깡공 두줄이 좋나요? 아니면 공퍼 하나가 좋을까요?,"['전사', '무기', '깡', '공', '줄', '좋', '공퍼', '좋']",True,장비_아이템,1.0,,
rEMZwLbgmcw,구독햇어요,1,2026-08-02 08:51:24+00:00,구독햇어요,구독햇어요,['구독'],False,해당없음,1.0,,
f3DLA1EU8vw,캬 공략 보자마자 바로 카오스 들어왔다,0,2026-08-02 08:19:52+00:00,캬 공략 보자마자 바로 카오스 들어왔다,캬 공략 보자마자 바로 카오스 들어왔다,"['공략', '보', '카오스', '들']",False,해당없음,1.0,,
ep6YvyuVbV0,다음 챌섭에 카이저 하려구요!,1,2026-08-02 06:55:28+00:00,다음 챌섭에 카이저 하려구요!,다음 챌섭에 카이저 하려구요,"['다음', '챌섭', '카이저', '하']",False,해당없음,0.95,,
xLPWWv_-gwI,영상 눌렀다가 2-10공략이라서 뒤로가기.... 아직 1-7도 못깼는걸요ㅠㅠㅋㅋ,0,2026-08-02 05:46:59+00:00,영상 눌렀다가 2-10공략이라서 뒤로가기.... 아직 1-7도 못깼는걸요ㅠㅠㅋㅋ,영상 눌렀다가 2 10공략이라서 뒤로가기 아직 1 7도 못깼는걸요ㅠㅠㅋㅋ,"['영상', '누르', '공략', '뒤', '가', '깨']",False,해당없음,1.0,,
f3DLA1EU8vw,공략좀 볼걸 그랬네... 40 3개랑 7단계 장비로도 3-10 못깨고있었는데 시간날리고 있었구만,0,2026-08-02 05:03:00+00:00,공략좀 볼걸 그랬네... 40 3개랑 7단계 장비로도 3-10 못깨고있었는데 시간날리고 있었구만,공략좀 볼걸 그랬네 40 3개랑 7단계 장비로도 3 10 못깨고있었는데 시간날리고 있었구만,"['공략', '보', '거', '그렇', '개', '단계', '장비', '깨', '시간', '날리']",False,해당없음,1.0,,gemini
f3DLA1EU8vw,10:21,0,2026-08-02 04:42:35+00:00,10:21,10 21,[],False,해당없음,1.0,,gemini
f3DLA1EU8vw,08:32 10:17,0,2026-08-02 04:36:44+00:00,08:32 10:17,08 32 10 17,[],False,해당없음,1.0,,
rEMZwLbgmcw,"해방하면 1억까지 쉽다는데 왜 난 아직도 7500만이야~ ㅋㅋㅋㅋㅋ
영상 잘 보고 갑니다 챌린저 노리고 있는 이번 시즌 유입이에요
남은 기간동안 100억 모아서 쌍레 달린 보조무기 먹고 하드메이린 격파 노려봐야겠어요 감사합니다!",1,2026-08-02 04:08:10+00:00,"해방하면 1억까지 쉽다는데 왜 난 아직도 7500만이야~ ㅋㅋㅋㅋㅋ
영상 잘 보고 갑니다 챌린저 노리고 있는 이번 시즌 유입이에요
남은 기간동안 100억 모아서 쌍레 달린 보조무기 먹고 하드메이린 격파 노려봐야겠어요 감사합니다!",해방하면 1억까지 쉽다는데 왜 난 아직도 7500만이야 ㅋㅋ 영상 잘 보고 갑니다 챌린저 노리고 있는 이번 시즌 유입이에요 남은 기간동안 100억 모아서 쌍레 달린 보조무기 먹고 하드메이린 격파 노려봐야겠어요 감사합니다,"['해방', '쉽', '하', '영상', '보', '가', '챌린저', '노리', '이번', '시즌', '유입', '남', '기간', '동안', '모으', '쌍', '레', '달리', '보조', '무기', '먹', '하드메이린', '격파', '노리', '감사']",False,해당없음,1.0,,
rEMZwLbgmcw,야누스 20레벨은 설치기가 3개입니다 선생님...,1,2026-08-02 03:06:13+00:00,야누스 20레벨은 설치기가 3개입니다 선생님...,야누스 20레벨은 설치기가 3개입니다 선생님,"['야누스', '레벨', '설치', '개', '선생']",False,해당없음,1.0,,
rEMZwLbgmcw,지금 윌 해방퀘 어둠의흔적 720/1000인데 이번주 보스는 다 잡았고 제네패스 안에 해방을 완료 할 수 있을까요? 보스는 하스데+노말검밑 돌고있는 챌섭 4500만 레테입니다,1,2026-08-02 01:34:31+00:00,지금 윌 해방퀘 어둠의흔적 720/1000인데 이번주 보스는 다 잡았고 제네패스 안에 해방을 완료 할 수 있을까요? 보스는 하스데+노말검밑 돌고있는 챌섭 4500만 레테입니다,지금 윌 해방퀘 어둠의흔적 720 100인데 이번주 보스는 다 잡았고 제네패스 안에 해방을 완료 할 수 있을까요? 보스는 하스데 노말검밑 돌고있는 챌섭 4500만 레테입니다,"['윌', '해방퀘', '어둠', '흔적', '이번', '주', '보스', '잡', '제네패스', '안', '해방', '완료', '수', '있', '보스', '하스', '데', '노', '말', '검', '밑', '돌', '챌섭', '레테']",True,보스,0.95,,
f3DLA1EU8vw,2-3 3분 걸리더라도 방치로 뺑이 돌리고 싶은데 그럴빠에 1분 30초 걸리는 1-1이 맞나? 스킬 스위칭 맵 수동으로 들어가기 진짜 개 지랄맞아서 절대 못함,0,2026-08-02 00:46:55+00:00,2-3 3분 걸리더라도 방치로 뺑이 돌리고 싶은데 그럴빠에 1분 30초 걸리는 1-1이 맞나? 스킬 스위칭 맵 수동으로 들어가기 진짜 개 지랄맞아서 절대 못함,2 3 3분 걸리더라도 방치로 뺑이 돌리고 싶은데 그럴빠에 1분 30초 걸리는 1 1이 맞나? 스킬 스위칭 맵 수동으로 들어가기 진짜 개 지랄맞아서 절대 못함,"['분', '걸리', '방치', '뺑이', '돌리', '그러', '빠', '분', '초', '걸리', '맞', '스킬', '스위칭', '맵', '수동', '들어가', '진짜', '개', '지랄', '맞', '하']",True,사냥,0.95,,
jfmHPZofrFI,메소 배율이 뭔 뜻이고 뭘 기입해야되는건가요? ㅠㅠ,0,2026-08-01 22:41:43+00:00,메소 배율이 뭔 뜻이고 뭘 기입해야되는건가요? ㅠㅠ,메소 배율이 뭔 뜻이고 뭘 기입해야되는건가요? ㅠㅠ,"['메소', '배율', '뜻', '기입', '되', '거']",True,시스템,0.95,,
f3DLA1EU8vw,나왜 쉬었음 청년됨...,0,2026-08-01 14:47:08+00:00,나왜 쉬었음 청년됨...,나왜 쉬었음 청년됨,"['쉬', '청년']",False,해당없음,1.0,,
f3DLA1EU8vw,좋은 공략 감사합니다 😀,0,2026-08-01 14:15:21+00:00,좋은 공략 감사합니다 😀,좋은 공략 감사합니다,"['좋', '공략', '감사']",False,해당없음,1.0,,
f3DLA1EU8vw,이제 슬슬 7렙 장비들끼는데 잠재 뭘로해야될지를모르겟어요ㅠ,0,2026-08-01 11:36:49+00:00,이제 슬슬 7렙 장비들끼는데 잠재 뭘로해야될지를모르겟어요ㅠ,이제 슬슬 7렙 장비들끼는데 잠재 뭘로해야될지를모르겟어요ㅠ,"['7렙', '장비', '끼', '데', '잠재', '하', '되', '모르']",True,장비_아이템,1.0,,
f3DLA1EU8vw,15:10 아이템 빼서 일찍 죽는 빌드가 있는 갓겜ㅋㅋㅋㅋㅋ,0,2026-08-01 09:21:53+00:00,15:10 아이템 빼서 일찍 죽는 빌드가 있는 갓겜ㅋㅋㅋㅋㅋ,15 10 아이템 빼서 일찍 죽는 빌드가 있는 갓겜ㅋㅋ,"['아이템', '빼', '죽', '빌드', '있', '갓', '것']",False,해당없음,1.0,,
f3DLA1EU8vw,카오스 2-3까지라고 하셨는데 저는 맑음님꺼 언제까지 되는지 계속 해보다가 2-5부터 간당간당하게 2-7까지 깨졌어요! 역시 믿고있었다구 갓 맑음!!  2-8은 안댐 ㅎ,1,2026-08-01 09:02:07+00:00,카오스 2-3까지라고 하셨는데 저는 맑음님꺼 언제까지 되는지 계속 해보다가 2-5부터 간당간당하게 2-7까지 깨졌어요! 역시 믿고있었다구 갓 맑음!!  2-8은 안댐 ㅎ,카오스 2 3까지라고 하셨는데 저는 맑음님꺼 언제까지 되는지 계속 해보다가 2 5부터 간당간당하게 2 7까지 깨졌어요 역시 믿고있었다구 갓 맑음 2 8은 안댐 ㅎ,"['카오스', '하', '맑음', '끄', '되', '계속', '깨지', '믿', '맑', '대']",False,해당없음,0.95,,
f3DLA1EU8vw,2-4부터는 어떻게 하나요,0,2026-08-01 07:48:52+00:00,2-4부터는 어떻게 하나요,2 4부터는 어떻게 하나요,"['어떻', '하']",True,육성_레벨링,1.0,,
f3DLA1EU8vw,죄송합니다 1-10 그냥극딜에 녹네요..,0,2026-08-01 07:04:29+00:00,죄송합니다 1-10 그냥극딜에 녹네요..,죄송합니다 1 10 그냥극딜에 녹네요,"['죄송하', '극', '딜', '녹']",False,해당없음,1.0,,
f3DLA1EU8vw,"방치형을 진심펀치 때리면 우째요   
잘보고 갑니다 추천꾸욱!!",0,2026-08-01 06:27:04+00:00,"방치형을 진심펀치 때리면 우째요   
잘보고 갑니다 추천꾸욱!!",방치형을 진심펀치 때리면 우째요 잘보고 갑니다 추천꾸욱,"['방치', '진심', '펀치', '때리', '보', '가', '추천']",False,해당없음,1.0,,
f3DLA1EU8vw,"카오스 모드에서는 전사 방어력 효율이 좋다는 얘기가 있는데, 깡체력 올리는 게 더 좋나요??",0,2026-08-01 05:40:09+00:00,"카오스 모드에서는 전사 방어력 효율이 좋다는 얘기가 있는데, 깡체력 올리는 게 더 좋나요??",카오스 모드에서는 전사 방어력 효율이 좋다는 얘기가 있는데 깡체력 올리는 게 더 좋나요??,"['카오스', '모드', '전사', '방어력', '효율', '좋', '얘기', '있', '깡', '체력', '올리', '것', '좋']",True,스펙업,0.95,,
rEMZwLbgmcw,"현재 레벨 282(경험치 8%)
2추 보12  올5
레전 보40 마9 인트9%, 에디 마6% 인트3

미트라 레전 마마 인트줄 유닉 마 2줄

블랙보조 레 마2줄 유닉 마6 1줄

장신구(여명4개+블랙빈 18성+유닉2줄,에디 레어2줄) (피도미, 이벤 벨트) 
도전자 21성(다음주 22성 달성)
코어는 9 9 9 7 나머지 1(헥사 2개 개방)
투력 8500, 헥환 3.9
이벤링 2개 레전 2줄 에디 레어 마 1줄
성배 106급

보스배율 : 이지카링 94%, 메이린 69%
(심볼 : 아케인 20, 어센틱 5 5 5 5 5)
(하이퍼스텟 280기준으로 맞춰짐)
어디부터 손을 봐야하나요ㅠㅠ
(현재 20억 메소 보유, 챌섭, 본섭 검마 솔플 가능, 매 주 30~40억 메소 범)
(하루 사냥시간 대부분 30분~1시간)
(현재 하드메이린, 하드 세렌잡으면 챌린저 달성 예정)
(노말메이린 배율 95%에 잡았음)",2,2026-08-01 05:36:36+00:00,"현재 레벨 282(경험치 8%)
2추 보12  올5
레전 보40 마9 인트9%, 에디 마6% 인트3

미트라 레전 마마 인트줄 유닉 마 2줄

블랙보조 레 마2줄 유닉 마6 1줄

장신구(여명4개+블랙빈 18성+유닉2줄,에디 레어2줄) (피도미, 이벤 벨트) 
도전자 21성(다음주 22성 달성)
코어는 9 9 9 7 나머지 1(헥사 2개 개방)
투력 8500, 헥환 3.9
이벤링 2개 레전 2줄 에디 레어 마 1줄
성배 106급

보스배율 : 이지카링 94%, 메이린 69%
(심볼 : 아케인 20, 어센틱 5 5 5 5 5)
(하이퍼스텟 280기준으로 맞춰짐)
어디부터 손을 봐야하나요ㅠㅠ
(현재 20억 메소 보유, 챌섭, 본섭 검마 솔플 가능, 매 주 30~40억 메소 범)
(하루 사냥시간 대부분 30분~1시간)
(현재 하드메이린, 하드 세렌잡으면 챌린저 달성 예정)
(노말메이린 배율 95%에 잡았음)",현재 레벨 282 경험치 8 2추 보12 올5 레전 보40 마9 인트9 에디 마6 인트3 미트라 레전 마마 인트줄 유닉 마 2줄 블랙보조 레 마2줄 유닉 마6 1줄 장신구 여명4개 블랙빈 18성 유닉2줄 에디 레어2줄 피도미 이벤 벨트 도전자 21성 다음주 22성 달성 코어는 9 9 9 7 나머지 1 헥사 2개 개방 투력 8500 헥환 3 9 이벤링 2개 레전 2줄 에디 레어 마 1줄 성배 106급 보스배율 이지카링 94 메이린 69 심볼 아케인 20 어센틱 5 5 5 5 5 하이퍼스텟 280기준으로 맞춰짐 어디부터 손을 봐야하나요ㅠㅠ 현재 20억 메소 보유 챌섭 본섭 검마 솔플 가능 매 주 30 40억 메소 범 하루 사냥시간 대부분 30분 1시간 현재 하드메이린 하드 세렌잡으면 챌린저 달성 예정 노말메이린 배율 95 에 잡았음,"['레벨', '경험치', '추', '보', '올', '레저', '보', '마', '인트9', '에디', '마', '인', '트', '미트라', '레', '전', '마마', '인트줄', '유닉', '마', '줄', '블랙보조', '레', '마', '줄', '유닉', '마', '줄', '장신구', '여명', '개', '블랙빈', '성', '유닉', '줄', '에디', '레어', '줄', '피도미', '이벤', '벨트', '도전자', '성', '다음', '주', '성', '달성', '코어', '나머지', '헥사', '개', '개방', '투력', '헥환', '이벤링', '개', '레저', '줄', '에디', '레어', '마', '줄', '성배', '급', '보스', '배율', '이지카링', '메이', '린', '심볼', '아케인', '어센틱', '하이퍼스텟', '기준', '맞추', '손', '보', '메소', '보유', '챌섭', '본섭', '검마', '솔플', '가능', '주', '메', '소', '범', '하루', '사냥', '시간', '대부분', '분', '시간', '하드메이린', '하드', '세렌', '잡', '챌린저', '달성', '예정', '노말메이린', '배율', '잡']",True,스펙업,0.95,,
f3DLA1EU8vw,"이거 아예 안되네,, 하고 담날 퇴근후 접속해보면 깨짐",0,2026-08-01 04:38:02+00:00,"이거 아예 안되네,, 하고 담날 퇴근후 접속해보면 깨짐",이거 아예 안되네 하고 담날 퇴근후 접속해보면 깨짐,"['되', '하', '담', '날', '퇴근', '후', '접속', '깨지']",False,해당없음,0.95,,
f3DLA1EU8vw,"방치 후 메소 모으는 건 어디서 하면 되려나요
그냥 2단계부터 쭉 돌려서 다시 갱신하고 확인이 제일 낫나",0,2026-08-01 04:31:28+00:00,"방치 후 메소 모으는 건 어디서 하면 되려나요
그냥 2단계부터 쭉 돌려서 다시 갱신하고 확인이 제일 낫나",방치 후 메소 모으는 건 어디서 하면 되려나요 그냥 2단계부터 쭉 돌려서 다시 갱신하고 확인이 제일 낫나,"['방치', '후', '메소', '모으', '거', '하', '되', '단계', '돌리', '갱신', '확인', '낫']",True,사냥,0.95,,
f3DLA1EU8vw,여행 다녀와서 늦게 시작했는데 원래는 이정도 진도까지 빼야하나...,0,2026-08-01 03:59:30+00:00,여행 다녀와서 늦게 시작했는데 원래는 이정도 진도까지 빼야하나...,여행 다녀와서 늦게 시작했는데 원래는 이정도 진도까지 빼야하나,"['여행', '다녀오', '늦', '시작', '원래', '정도', '진도', '빼']",True,육성_레벨링,0.95,,gemini
f3DLA1EU8vw,2-3에서 7단계 장비 나오는게 맞나? 켜놓고 잤는데 하나도 안나오네,0,2026-08-01 03:44:09+00:00,2-3에서 7단계 장비 나오는게 맞나? 켜놓고 잤는데 하나도 안나오네,2 3에서 7단계 장비 나오는게 맞나? 켜놓고 잤는데 하나도 안나오네,"['단계', '장비', '나오', '것', '맞', '켜', '자', '나오']",True,이벤트,0.95,,
f3DLA1EU8vw,방치형인데 오프라인 시간도 정해져 있으면서 경험치 빼고 획득을 못하네,1,2026-08-01 03:36:37+00:00,방치형인데 오프라인 시간도 정해져 있으면서 경험치 빼고 획득을 못하네,방치형인데 오프라인 시간도 정해져 있으면서 경험치 빼고 획득을 못하네,"['방치', '오프라인', '시간', '정하', '경험치', '빼', '획득', '하']",False,해당없음,0.95,,
rEMZwLbgmcw,1억은..5천만이면 떡을침,2,2026-08-01 02:00:07+00:00,1억은..5천만이면 떡을침,1억은 5천만이면 떡을침,"['떡', '치']",False,해당없음,1.0,,
rEMZwLbgmcw,오늘부터 시작해도 해방이랑 챌린저까지 가능한가요?!ㅜㅜ,1,2026-08-01 01:44:00+00:00,오늘부터 시작해도 해방이랑 챌린저까지 가능한가요?!ㅜㅜ,오늘부터 시작해도 해방이랑 챌린저까지 가능한가요? ㅜㅜ,"['오늘', '시작', '해방', '챌린저', '가능']",True,육성_레벨링,1.0,,
f3DLA1EU8vw,2-7보다 2-9가 더 좋던데,0,2026-08-01 01:33:58+00:00,2-7보다 2-9가 더 좋던데,2 7보다 2 9가 더 좋던데,['좋'],False,해당없음,0.95,,
f3DLA1EU8vw,37렙 4퍼에서 영상처럼 1-3에서 에스페시아 깠는데 40으로 바로 안가네용..,0,2026-08-01 01:20:45+00:00,37렙 4퍼에서 영상처럼 1-3에서 에스페시아 깠는데 40으로 바로 안가네용..,37렙 4퍼에서 영상처럼 1 3에서 에스페시아 깠는데 40으로 바로 안가네용,"['37렙', '4퍼', '영상', '에스페시아', '까', '가']",True,육성_레벨링,0.95,,
f3DLA1EU8vw,레전 잠재 공략도 해줘잉,0,2026-07-31 22:31:32+00:00,레전 잠재 공략도 해줘잉,레전 잠재 공략도 해줘잉,"['레', '잠재', '공략', '하']",True,장비_아이템,0.95,,
f3DLA1EU8vw,10:23 8:36,0,2026-07-31 21:55:05+00:00,10:23 8:36,10 23 8 36,[],False,해당없음,1.0,,
f3DLA1EU8vw,하 왜 구라치노 1-3에서 까도 35에서 40도안되구만 법사,1,2026-07-31 18:09:54+00:00,하 왜 구라치노 1-3에서 까도 35에서 40도안되구만 법사,하 왜 구라치노 1 3에서 까도 35에서 40도안되구만 법사,"['구라치노', '까', '되', '법사']",False,해당없음,0.95,,
f3DLA1EU8vw,항상 많이배워갑니다,0,2026-07-31 17:41:36+00:00,항상 많이배워갑니다,항상 많이배워갑니다,['배우'],False,해당없음,1.0,,
f3DLA1EU8vw,2-7 너무 돌렸더니 메소 7700만에 큐브 1100개 있네,0,2026-07-31 17:11:13+00:00,2-7 너무 돌렸더니 메소 7700만에 큐브 1100개 있네,2 7 너무 돌렸더니 메소 7700만에 큐브 1100개 있네,"['돌리', '메소', '만', '큐브', '개', '있']",False,해당없음,1.0,,
rEMZwLbgmcw,레유 5줄도 200억이 넘던데 정옵.. 그냥 레유급으러 샀습니다ㅜ,2,2026-07-31 17:08:48+00:00,레유 5줄도 200억이 넘던데 정옵.. 그냥 레유급으러 샀습니다ㅜ,레유 5줄도 200억이 넘던데 정옵 그냥 레유급으러 샀습니다ㅜ,"['레', '유', '줄', '넘', '정옵', '레', '유급', '사']",False,해당없음,0.95,,
f3DLA1EU8vw,다 깨면 어디서 어떤 잠재로 코인 파밍하면 좋을지 알려주세요~,0,2026-07-31 17:03:31+00:00,다 깨면 어디서 어떤 잠재로 코인 파밍하면 좋을지 알려주세요~,다 깨면 어디서 어떤 잠재로 코인 파밍하면 좋을지 알려주세요,"['깨', '잠재', '코', '파밍', '좋', '알리']",True,이벤트,0.95,,
f3DLA1EU8vw,뭔가 마지막 3-10은 만렙을 찍어야 깰수있는 메커니즘일것 같다...,0,2026-07-31 16:20:29+00:00,뭔가 마지막 3-10은 만렙을 찍어야 깰수있는 메커니즘일것 같다...,뭔가 마지막 3 10은 만렙을 찍어야 깰수있는 메커니즘일것 같다,"['마지막', '만렙', '찍', '깨', '수', '있', '메커니즘', '것', '같']",False,해당없음,0.95,,
f3DLA1EU8vw,2-3까지 계속 저 노가다 해야댐??ㄷㄷ,0,2026-07-31 15:45:18+00:00,2-3까지 계속 저 노가다 해야댐??ㄷㄷ,2 3까지 계속 저 노가다 해야댐??ㄷㄷ,"['노가다', '하']",True,육성_레벨링,0.95,,
f3DLA1EU8vw,이전영사에서 알려준 사이트에선 2-9가 경험치 제일 좋다고 나오는데 2-7이 맞는건가요,0,2026-07-31 15:27:34+00:00,이전영사에서 알려준 사이트에선 2-9가 경험치 제일 좋다고 나오는데 2-7이 맞는건가요,이전영사에서 알려준 사이트에선 2 9가 경험치 제일 좋다고 나오는데 2 7이 맞는건가요,"['이', '영사', '알리', '사이트', '경험치', '좋', '나오', '맞', '거']",True,사냥,1.0,,
f3DLA1EU8vw,써주신 43퍼 50퍼때 전사가 죽어서 부활스위칭 하느라 극딜기 스위칭이 안되는데 어떻게함?,0,2026-07-31 15:27:06+00:00,써주신 43퍼 50퍼때 전사가 죽어서 부활스위칭 하느라 극딜기 스위칭이 안되는데 어떻게함?,써주신 43퍼 50퍼때 전사가 죽어서 부활스위칭 하느라 극딜기 스위칭이 안되는데 어떻게함?,"['쓰', '퍼', '50퍼', '때', '전사', '죽', '부활스위칭', '하', '극딜기', '스위칭', '되', '어떻', '하']",True,보스,0.95,,
f3DLA1EU8vw,카오스 뚫으면 어디서 뺑뺑이 돌려야해요?  똑같이 일반 2-7인가요,0,2026-07-31 15:11:45+00:00,카오스 뚫으면 어디서 뺑뺑이 돌려야해요?  똑같이 일반 2-7인가요,카오스 뚫으면 어디서 뺑뺑이 돌려야해요? 똑같이 일반 2 7인가요,"['카오스', '뚫', '뺑뺑이', '돌리', '일반']",True,사냥,0.95,,gemini
f3DLA1EU8vw,마법사 40렙전에도 2-3까지는 가끔 리트나지만 잘 밀리네요,0,2026-07-31 15:00:34+00:00,마법사 40렙전에도 2-3까지는 가끔 리트나지만 잘 밀리네요,마법사 40렙전에도 2 3까지는 가끔 리트나지만 잘 밀리네요,"['마법사', '40렙', '전', '리트', '나', '밀리']",False,해당없음,1.0,,
rEMZwLbgmcw,현재 280제논입니다 레전잠재 두개 주는것중에 하나를 하트에 박아버려서 보조무기 레전 띄우는게 너무 힘들거 같은데 이러면 챌린저는 포기해야할까요?,1,2026-07-31 14:46:43+00:00,현재 280제논입니다 레전잠재 두개 주는것중에 하나를 하트에 박아버려서 보조무기 레전 띄우는게 너무 힘들거 같은데 이러면 챌린저는 포기해야할까요?,현재 280제논입니다 레전잠재 두개 주는것중에 하나를 하트에 박아버려서 보조무기 레전 띄우는게 너무 힘들거 같은데 이러면 챌린저는 포기해야할까요?,"['논', '레전잠재', '개', '주', '것', '중', '하트', '박', '보조', '무기', '레', '전', '띄우', '것', '힘들', '거', '같', '이러', '챌린저', '포기']",True,스펙업,0.95,,
f3DLA1EU8vw,"10:23 길뚫
8:36 반복사냥",0,2026-07-31 14:30:10+00:00,"10:23 길뚫
8:36 반복사냥",10 23 길뚫 8 36 반복사냥,"['길', '뚫', '반복', '사냥']",False,해당없음,1.0,,
f3DLA1EU8vw,메이플m 렌 260가이드 영상도 올려주시나요?,5,2026-07-31 13:48:39+00:00,메이플m 렌 260가이드 영상도 올려주시나요?,메이플m 렌 260가이드 영상도 올려주시나요?,"['메이플', '렌', '가이드', '영상', '올리']",True,육성_레벨링,0.95,,
f3DLA1EU8vw,어차피 코인 가격 엄청 싸서 그냥 천천히 달려도 됨 코인샵 기한이 짧아서 경쿠 다는 못 쓰겠지만 최대한 사서 써야지,0,2026-07-31 13:43:39+00:00,어차피 코인 가격 엄청 싸서 그냥 천천히 달려도 됨 코인샵 기한이 짧아서 경쿠 다는 못 쓰겠지만 최대한 사서 써야지,어차피 코인 가격 엄청 싸서 그냥 천천히 달려도 됨 코인샵 기한이 짧아서 경쿠 다는 못 쓰겠지만 최대한 사서 써야지,"['코인', '가격', '싸', '달리', '되', '코인', '샵', '기한', '짧', '경쿠', '쓰', '사', '쓰']",False,해당없음,1.0,,
f3DLA1EU8vw,울티마 나오면서 맑음이 ㅋㅋㅋ 이렇게많이쓰는거 첨봄ㅋㅋㅋ,0,2026-07-31 13:22:33+00:00,울티마 나오면서 맑음이 ㅋㅋㅋ 이렇게많이쓰는거 첨봄ㅋㅋㅋ,울티마 나오면서 맑음이 ㅋㅋ 이렇게많이쓰는거 첨봄ㅋㅋ,"['울티마', '나오', '맑', '이렇', '쓰', '거', '보']",False,해당없음,1.0,,
f3DLA1EU8vw,아니 스킬 제작의도 부터가 스위칭을 강제하는데 스위칭 하는데 딜레이가 3초씩걸리니깐 뭐하자는건지 싶음 이게 미니게임이 아니었다면 게임사 주가가 휴지조각이 될만한 이슈인데,0,2026-07-31 12:28:06+00:00,아니 스킬 제작의도 부터가 스위칭을 강제하는데 스위칭 하는데 딜레이가 3초씩걸리니깐 뭐하자는건지 싶음 이게 미니게임이 아니었다면 게임사 주가가 휴지조각이 될만한 이슈인데,아니 스킬 제작의도 부터가 스위칭을 강제하는데 스위칭 하는데 딜레이가 3초씩걸리니깐 뭐하자는건지 싶음 이게 미니게임이 아니었다면 게임사 주가가 휴지조각이 될만한 이슈인데,"['스킬', '제작', '의도', '스위칭', '강제', '데', '스위칭', '데', '딜레이', '초', '걸리', '하', '거', '미니', '게임', '게임', '사', '주가', '휴지', '조각', '되', '만', '이슈']",False,해당없음,1.0,,
f3DLA1EU8vw,방치형인데 공략 계속 올라오는게 개웃기네 ㅋㅋㅋㅋ 근데 재밌긴해,0,2026-07-31 11:32:04+00:00,방치형인데 공략 계속 올라오는게 개웃기네 ㅋㅋㅋㅋ 근데 재밌긴해,방치형인데 공략 계속 올라오는게 개웃기네 ㅋㅋ 근데 재밌긴해,"['방치', '공략', '올라오', '것', '개', '웃기', '재밌']",False,해당없음,1.0,,
f3DLA1EU8vw,2-3 뺑뺑이 스킬은 어떡게하나요?,1,2026-07-31 10:13:38+00:00,2-3 뺑뺑이 스킬은 어떡게하나요?,2 3 뺑뺑이 스킬은 어떡게하나요?,"['뺑뺑이', '스킬']",True,스킬_6차,1.0,,
f3DLA1EU8vw,와 3-10 영상 올라온 줄도 모르고 혼자 10트도 넘게하다가 시간 날렸는데 한 번에 완전 널널하게 깨지네요 감사합니다! 맑음님 최고!,1,2026-07-31 09:26:47+00:00,와 3-10 영상 올라온 줄도 모르고 혼자 10트도 넘게하다가 시간 날렸는데 한 번에 완전 널널하게 깨지네요 감사합니다! 맑음님 최고!,와 3 10 영상 올라온 줄도 모르고 혼자 10트도 넘게하다가 시간 날렸는데 한 번에 완전 널널하게 깨지네요 감사합니다 맑음님 최고,"['영상', '올라오', '줄', '모르', '10트', '넘', '하', '시간', '날리', '번', '깨지', '감사', '맑음', '최고']",False,해당없음,1.0,,
f3DLA1EU8vw,스킬 순서가 중요한 거였굼요… 저 계속 반피 남고 못 깨다가 맑음님 영상 보고 스킬순서 맞추니까 몇초컷 나버리네요.. 감사합니다 3-10클리어!,0,2026-07-31 08:37:05+00:00,스킬 순서가 중요한 거였굼요… 저 계속 반피 남고 못 깨다가 맑음님 영상 보고 스킬순서 맞추니까 몇초컷 나버리네요.. 감사합니다 3-10클리어!,스킬 순서가 중요한 거였굼요 저 계속 반피 남고 못 깨다가 맑음님 영상 보고 스킬순서 맞추니까 몇초컷 나버리네요 감사합니다 3 10클리어,"['스킬', '순서', '중요', '거', '반', '피', '남', '깨', '맑음', '영상', '보고', '스킬', '순서', '맞추', '초', '컷', '나', '감사', '클리어']",False,해당없음,1.0,,
rEMZwLbgmcw,"이번에 시작한 메이플 뉴비인데 여기저기서 공략 찾아보고 마스터는 찍어뒀습니다
이제까지는 할만했는데 마스터 부터는 좀 빡세네요..",2,2026-07-31 08:16:24+00:00,"이번에 시작한 메이플 뉴비인데 여기저기서 공략 찾아보고 마스터는 찍어뒀습니다
이제까지는 할만했는데 마스터 부터는 좀 빡세네요..",이번에 시작한 메이플 뉴비인데 여기저기서 공략 찾아보고 마스터는 찍어뒀습니다 이제까지는 할만했는데 마스터 부터는 좀 빡세네요,"['이번', '시작', '메이플', '뉴비', '여기저기', '공략', '찾아보', '마스터', '찍', '이제', '하', '만', '마스터', '빡세']",True,육성_레벨링,0.95,,
f3DLA1EU8vw,메m 렌공략좀 올려줘여,1,2026-07-31 08:05:22+00:00,메m 렌공략좀 올려줘여,메m 렌공략좀 올려줘여,"['메', '렌', '공략', '올리']",True,보스,0.95,,
f3DLA1EU8vw,여태 에스페시아 레어밖에 못봤으면 개추,11,2026-07-31 07:33:00+00:00,여태 에스페시아 레어밖에 못봤으면 개추,여태 에스페시아 레어밖에 못봤으면 개추,"['여태', '에스페시아', '레어', '보', '개추']",False,해당없음,1.0,,
f3DLA1EU8vw,"아직 확정된건 아니지만
현재까지의 체감을 말씀드려보자면
지금은 2-3 재시작이 나은 거 같습니다
 
* 무기만 장착하고 방어구 전부 빼기 / 보스전에 전멸
종종 보스전 가질때도 있는데 어쩔 수 없음 신경 크게 안 쓰셔도 됩니다
 
스킬 세팅은
디바이드 - 오라 - 데몬 베인
드래곤 버스트 - 볼텍스 스피어 - 차지드 애로우
프레이 - 체인 라이트닝 - 플레임 스윕
 
순으로 배치 순서 지켜서 장착해 주시면 됩니다
 
카오스 난이도부터는
경험치 몇 % 손해 이런거 크게 신경 안 쓰셔도 되니
편하게 템 파밍하면서 레벨링 해주세요!
 
* 8단계가 최고 단계인데
템이 진짜 잘나와서 생각보다 파밍이 쉽습니다
 
현재 제 템세팅 레벨입니다
전사 : 8787
궁수 : 7877
법사 : 8888",49,2026-07-31 07:18:53+00:00,"아직 확정된건 아니지만
현재까지의 체감을 말씀드려보자면
지금은 2-3 재시작이 나은 거 같습니다
 
* 무기만 장착하고 방어구 전부 빼기 / 보스전에 전멸
종종 보스전 가질때도 있는데 어쩔 수 없음 신경 크게 안 쓰셔도 됩니다
 
스킬 세팅은
디바이드 - 오라 - 데몬 베인
드래곤 버스트 - 볼텍스 스피어 - 차지드 애로우
프레이 - 체인 라이트닝 - 플레임 스윕
 
순으로 배치 순서 지켜서 장착해 주시면 됩니다
 
카오스 난이도부터는
경험치 몇 % 손해 이런거 크게 신경 안 쓰셔도 되니
편하게 템 파밍하면서 레벨링 해주세요!
 
* 8단계가 최고 단계인데
템이 진짜 잘나와서 생각보다 파밍이 쉽습니다
 
현재 제 템세팅 레벨입니다
전사 : 8787
궁수 : 7877
법사 : 8888",아직 확정된건 아니지만 현재까지의 체감을 말씀드려보자면 지금은 2 3 재시작이 나은 거 같습니다 무기만 장착하고 방어구 전부 빼기 보스전에 전멸 종종 보스전 가질때도 있는데 어쩔 수 없음 신경 크게 안 쓰셔도 됩니다 스킬 세팅은 디바이드 오라 데몬 베인 드래곤 버스트 볼텍스 스피어 차지드 애로우 프레이 체인 라이트닝 플레임 스윕 순으로 배치 순서 지켜서 장착해 주시면 됩니다 카오스 난이도부터는 경험치 몇 손해 이런거 크게 신경 안 쓰셔도 되니 편하게 템 파밍하면서 레벨링 해주세요 8단계가 최고 단계인데 템이 진짜 잘나와서 생각보다 파밍이 쉽습니다 현재 제 템세팅 레벨입니다 전사 8787 궁수 7877 법사 88,"['확정', '거', '현재', '체감', '말씀', '드리', '지금', '시작', '낫', '거', '같', '무기', '장착', '방어', '구', '빼', '보스', '전', '전멸', '보스', '전', '가지', '때', '있', '어쩌', '수', '없', '신경', '크', '쓰', '되', '스킬', '세팅', '디바이드', '오라', '데몬', '베인', '드래곤', '버스트', '볼텍스', '스피어', '차지', '드', '애로우', '프레이', '체인', '라이트닝', '플레이', '스윕', '순', '배치', '순서', '지키', '장착', '되', '카오스', '난이도', '경험치', '손해', '거', '크', '신경', '쓰', '되', '편하', '터', '파밍', '하', '레벨링', '단계', '최고', '단계', '템', '나오', '생각', '파밍', '쉽', '템', '세팅', '레벨', '전사', '궁수', '법사']",False,해당없음,1.0,,
f3DLA1EU8vw,왜카오스 2-3까지밖에 안밀어염?,0,2026-07-31 07:08:42+00:00,왜카오스 2-3까지밖에 안밀어염?,왜카오스 2 3까지밖에 안밀어염?,"['카오스', '밀']",True,보스,0.95,,
f3DLA1EU8vw,이 영상 보자마자 3-10 깻네 진작에볼걸...,0,2026-07-31 07:01:25+00:00,이 영상 보자마자 3-10 깻네 진작에볼걸...,이 영상 보자마자 3 10 깻네 진작에볼걸,"['영상', '보', '깨', '보']",False,해당없음,1.0,,
f3DLA1EU8vw,레벨>>>>>>>>>>>>템 ㅋㅋ템스탯 관여가 진짜 개낮음,0,2026-07-31 06:20:08+00:00,레벨>>>>>>>>>>>>템 ㅋㅋ템스탯 관여가 진짜 개낮음,레벨 템 ㅋㅋ템스탯 관여가 진짜 개낮음,"['레벨', '템', '템스탯', '관여', '개', '낮']",False,해당없음,1.0,,gemini
f3DLA1EU8vw,카오스 3-10 공략이 아니였네,0,2026-07-31 05:46:51+00:00,카오스 3-10 공략이 아니였네,카오스 3 10 공략이 아니였네,"['카오스', '공략']",False,해당없음,1.0,,gemini
f3DLA1EU8vw,6렙장비 다 맞추고 장비창에 개 많이 쌓여있는게 7렙장비는 언제 만드나요,0,2026-07-31 05:27:17+00:00,6렙장비 다 맞추고 장비창에 개 많이 쌓여있는게 7렙장비는 언제 만드나요,6렙장비 다 맞추고 장비창에 개 많이 쌓여있는게 7렙장비는 언제 만드나요,"['6렙', '장비', '맞추', '장비', '창', '개', '쌓이', '것', '7렙', '장비', '만들']",True,육성_레벨링,1.0,,
f3DLA1EU8vw,일단 무기는 %쓰는게 효율이 더 좋더라구요. 깡수치는 기껏해야 25 이정도 오르는데 %로 장착하니 700씩 오릅니다. 이미 클리어한 맵은 사망시 바로 다시 돌 수 있다는건 처음 알았네요 ㄷㄷ 저도 7단계 파밍하러 가야겠습니다. 감사합니다,0,2026-07-31 05:09:58+00:00,일단 무기는 %쓰는게 효율이 더 좋더라구요. 깡수치는 기껏해야 25 이정도 오르는데 %로 장착하니 700씩 오릅니다. 이미 클리어한 맵은 사망시 바로 다시 돌 수 있다는건 처음 알았네요 ㄷㄷ 저도 7단계 파밍하러 가야겠습니다. 감사합니다,일단 무기는 쓰는게 효율이 더 좋더라구요 깡수치는 기껏해야 25 이정도 오르는데 로 장착하니 700씩 오릅니다 이미 클리어한 맵은 사망시 바로 다시 돌 수 있다는건 처음 알았네요 ㄷㄷ 저도 7단계 파밍하러 가야겠습니다 감사합니다,"['무기', '쓰', '것', '효율', '좋', '깡', '수치', '정도', '오르', '데', '장착', '오르', '클리어', '맵', '사망', '시', '돌', '수', '있', '거', '처음', '알', '단계', '파밍', '하', '가', '감사']",False,해당없음,1.0,,
f3DLA1EU8vw,메이플m공략은 안올리시나요,0,2026-07-31 04:48:45+00:00,메이플m공략은 안올리시나요,메이플m공략은 안올리시나요,"['메이플', '공략', '올리']",True,기타,0.95,,
f3DLA1EU8vw,이걸 보고 에스페시아 깟어야됏는데..,0,2026-07-31 04:05:41+00:00,이걸 보고 에스페시아 깟어야됏는데..,이걸 보고 에스페시아 깟어야됏는데,"['보', '에스페시아', '까', '되']",False,해당없음,0.95,,
f3DLA1EU8vw,카오스 고단계 가면 방어력이 좋음.. 참고하셈..,0,2026-07-31 03:48:08+00:00,카오스 고단계 가면 방어력이 좋음.. 참고하셈..,카오스 고단계 가면 방어력이 좋음 참고하셈,"['카오스', '단계', '가', '방어력', '좋', '참고']",False,해당없음,1.0,,
f3DLA1EU8vw,뭔 진도가 이렇게빨라 하루종일 게임만함..?,0,2026-07-31 03:03:05+00:00,뭔 진도가 이렇게빨라 하루종일 게임만함..?,뭔 진도가 이렇게빨라 하루종일 게임만함 ?,"['진도', '이렇', '빠르', '하루', '종일', '게임', '하']",True,기타,0.9,,
f3DLA1EU8vw,메m렌250작좀요,0,2026-07-31 02:54:58+00:00,메m렌250작좀요,메m렌250작좀요,"['메m렌', '작']",True,육성_레벨링,0.95,,
rEMZwLbgmcw,하드메이린 안잡고 9만점찍으면 첼린저안대나여 ?,1,2026-07-31 01:47:59+00:00,하드메이린 안잡고 9만점찍으면 첼린저안대나여 ?,하드메이린 안잡고 9만점찍으면 첼린저안대나여 ?,"['하드메이린', '잡', '점', '찍', '첼린저', '대']",True,보스,0.95,,
f3DLA1EU8vw,7단계부터 잠재 공략이 어케 되나요?,0,2026-07-31 01:28:04+00:00,7단계부터 잠재 공략이 어케 되나요?,7단계부터 잠재 공략이 어케 되나요?,"['단계', '잠재', '공략', '하', '되']",True,장비_아이템,1.0,,
f3DLA1EU8vw,지금 3-2인데.......,0,2026-07-31 01:26:57+00:00,지금 3-2인데.......,지금 3 2인데,[],True,육성_레벨링,0.9,,
f3DLA1EU8vw,2-7이 경험치가 제일 많이 줘요? 더 올라갈 수록 더주는거 아닌가?,0,2026-07-31 00:30:17+00:00,2-7이 경험치가 제일 많이 줘요? 더 올라갈 수록 더주는거 아닌가?,2 7이 경험치가 제일 많이 줘요? 더 올라갈 수록 더주는거 아닌가?,"['경험치', '주', '올라가', '수록', '주', '거']",True,사냥,0.95,,
f3DLA1EU8vw,7단계 안만드는 이유가 뭐죠? 그냥 단계높은게 짱아닌가요?,0,2026-07-31 00:11:23+00:00,7단계 안만드는 이유가 뭐죠? 그냥 단계높은게 짱아닌가요?,7단계 안만드는 이유가 뭐죠? 그냥 단계높은게 짱아닌가요?,"['단계', '이유', '단계', '높', '것', '짱']",True,장비_아이템,0.95,,
f3DLA1EU8vw,전사 해머 말고 블레이드 끼는 이유가 뭐임? 블레이드 딜 700 이고 해머 1200인데,0,2026-07-31 00:05:48+00:00,전사 해머 말고 블레이드 끼는 이유가 뭐임? 블레이드 딜 700 이고 해머 1200인데,전사 해머 말고 블레이드 끼는 이유가 뭐임? 블레이드 딜 700 이고 해머 1200인데,"['전사', '해머', '말', '블레이드', '끼', '이유', '블레이드', '딜', '해머']",True,직업_캐릭터,1.0,,
f3DLA1EU8vw,극단적 고관여 게임,1,2026-07-30 23:42:06+00:00,극단적 고관여 게임,극단적 고관여 게임,"['극단', '관여', '게임']",False,해당없음,1.0,,
f3DLA1EU8vw,2ㅡ6에서 3일째임 ㅋㅋ,0,2026-07-30 23:35:19+00:00,2ㅡ6에서 3일째임 ㅋㅋ,2ㅡ6에서 3일째임 ㅋㅋ,['일'],False,해당없음,0.95,,
f3DLA1EU8vw,경치효율 2-6이 잘나올텐데,0,2026-07-30 23:26:08+00:00,경치효율 2-6이 잘나올텐데,경치효율 2 6이 잘나올텐데,"['경치', '효율', '나오', '터']",False,해당없음,0.95,,
f3DLA1EU8vw,이미 카오스 3-2까지 와버렸다... 그래도 뺑이는 1-1 ㅋㅋㅋㅋ,0,2026-07-30 23:13:18+00:00,이미 카오스 3-2까지 와버렸다... 그래도 뺑이는 1-1 ㅋㅋㅋㅋ,이미 카오스 3 2까지 와버렸다 그래도 뺑이는 1 1 ㅋㅋ,"['카오스', '오', '뺑이']",False,해당없음,1.0,,
f3DLA1EU8vw,방치하라니까 왜이렇게 집착하는거야 ㅋㅋㅋㅋ,0,2026-07-30 23:09:45+00:00,방치하라니까 왜이렇게 집착하는거야 ㅋㅋㅋㅋ,방치하라니까 왜이렇게 집착하는거야 ㅋㅋ,"['방치', '이렇', '집착', '거']",False,해당없음,1.0,,gemini
f3DLA1EU8vw,효율의민족ㅋㅋㅋㅋㅋㅋㅋㅋㅋㅋ,1,2026-07-30 22:50:50+00:00,효율의민족ㅋㅋㅋㅋㅋㅋㅋㅋㅋㅋ,효율의민족ㅋㅋ,"['효율', '민족']",False,해당없음,1.0,,
f3DLA1EU8vw,아직도 1렙 장비끼면 개추 ㅋㅋ,0,2026-07-30 22:44:51+00:00,아직도 1렙 장비끼면 개추 ㅋㅋ,아직도 1렙 장비끼면 개추 ㅋㅋ,"['1렙', '장비', '끼', '개', '추']",False,해당없음,1.0,,
rEMZwLbgmcw,"아르테리아특
최상1층에서 황혼으로딸깍하면됨
마리수적은게문제지 텔타면서수급도쉬움",5,2026-07-30 22:43:13+00:00,"아르테리아특
최상1층에서 황혼으로딸깍하면됨
마리수적은게문제지 텔타면서수급도쉬움",아르테리아특 최상1층에서 황혼으로딸깍하면됨 마리수적은게문제지 텔타면서수급도쉬움,"['아르테리아', '특', '최상', '층', '황혼', '딸', '하', '되', '마리', '수', '적', '것', '문제', '텔', '타', '수급', '쉽']",False,해당없음,1.0,,
f3DLA1EU8vw,맑음님 전사는 체력보다 방어력이 더 좋습니다,0,2026-07-30 22:12:31+00:00,맑음님 전사는 체력보다 방어력이 더 좋습니다,맑음님 전사는 체력보다 방어력이 더 좋습니다,"['맑음', '님', '전사', '체력', '방어력', '좋']",False,해당없음,1.0,,
f3DLA1EU8vw,3-10 한 틱 부족한데 다죽는경우 즉사패턴 직전에 일부러 전사를 죽이고 헤도로 부활시켜서 무적시간으로 평딜 한 턴 벌 수 있습니다 궁수6렙활 뒤지게 안나와서 이걸로깸,0,2026-07-30 21:43:32+00:00,3-10 한 틱 부족한데 다죽는경우 즉사패턴 직전에 일부러 전사를 죽이고 헤도로 부활시켜서 무적시간으로 평딜 한 턴 벌 수 있습니다 궁수6렙활 뒤지게 안나와서 이걸로깸,3 10 한 틱 부족한데 다죽는경우 즉사패턴 직전에 일부러 전사를 죽이고 헤도로 부활시켜서 무적시간으로 평딜 한 턴 벌 수 있습니다 궁수6렙활 뒤지게 안나와서 이걸로깸,"['틱', '부족', '죽', '경우', '즉사', '패턴', '직전', '전사', '죽이', '헤도', '부활', '무적시간', '평', '딜', '턴', '벌', '수', '있', '궁수6렙', '활', '뒤지', '나오', '걸', '깨']",False,해당없음,1.0,,
f3DLA1EU8vw,방치형이라면서요 😂,0,2026-07-30 20:26:09+00:00,방치형이라면서요 😂,방치형이라면서요,['방치'],True,기타,0.8,,
f3DLA1EU8vw,ㅅㅂ;; 나 한순간도 안쉬었는데 36렙인데 뭐지...,0,2026-07-30 20:19:37+00:00,ㅅㅂ;; 나 한순간도 안쉬었는데 36렙인데 뭐지...,ㅅㅂ 나 한순간도 안쉬었는데 36렙인데 뭐지,"['순간', '쉬', '렙']",True,육성_레벨링,0.95,,
f3DLA1EU8vw,ㅅㅂ 재밌질 말던가 ㅋㅋㅋㅋㅋ 이게 어케 극단적 저관여냐고,0,2026-07-30 19:58:53+00:00,ㅅㅂ 재밌질 말던가 ㅋㅋㅋㅋㅋ 이게 어케 극단적 저관여냐고,ㅅㅂ 재밌질 말던가 ㅋㅋ 이게 어케 극단적 저관여냐고,"['재밌', '하', '극단', '관여']",False,해당없음,1.0,,
Y55mNGMowDw,흠.. 또 사과받을거없나,0,2026-07-30 17:36:14+00:00,흠.. 또 사과받을거없나,흠 또 사과받을거없나,"['사과', '받', '거', '없']",False,해당없음,1.0,,
f3DLA1EU8vw,"10:20 와 이런 빌드는 누가 만드는 거임?
1-3에 막혀서 1-1만 뺑뺑이 돌리고 있었는데 이거 보고 바로 2-3까지 한 번에 다 뚫음ㅋㅋㅋㅋ",1,2026-07-30 17:23:32+00:00,"10:20 와 이런 빌드는 누가 만드는 거임?
1-3에 막혀서 1-1만 뺑뺑이 돌리고 있었는데 이거 보고 바로 2-3까지 한 번에 다 뚫음ㅋㅋㅋㅋ",10 20 와 이런 빌드는 누가 만드는 거임? 1 3에 막혀서 1 1만 뺑뺑이 돌리고 있었는데 이거 보고 바로 2 3까지 한 번에 다 뚫음ㅋㅋ,"['빌', '드', '거', '막히', '뺑뺑이', '돌리', '보', '번', '뚫']",True,기타,0.95,,
f3DLA1EU8vw,이번 3-10은 40 안찍곤 깨지 말라수준이더라 어휴,0,2026-07-30 17:07:18+00:00,이번 3-10은 40 안찍곤 깨지 말라수준이더라 어휴,이번 3 10은 40 안찍곤 깨지 말라수준이더라 어휴,"['이번', '찍', '깨', '수준']",False,해당없음,1.0,,
f3DLA1EU8vw,혹시 15분대 스킬세팅은 어떻게되나여?,0,2026-07-30 16:59:22+00:00,혹시 15분대 스킬세팅은 어떻게되나여?,혹시 15분대 스킬세팅은 어떻게되나여?,"['분', '스킬', '세팅', '어떻', '되']",True,스킬_6차,1.0,,
f3DLA1EU8vw,"공략이건 머건 그냥 40빨리찍는게 장땡이였던게임
버그로꿀빨아서 40찍고 카오스간 애들은  5단계장비 파밍하며 
버그 못써서 장비 합성 존나하는 애들보고 비웃고 있던 게임",0,2026-07-30 16:57:13+00:00,"공략이건 머건 그냥 40빨리찍는게 장땡이였던게임
버그로꿀빨아서 40찍고 카오스간 애들은  5단계장비 파밍하며 
버그 못써서 장비 합성 존나하는 애들보고 비웃고 있던 게임",공략이건 머건 그냥 40빨리찍는게 장땡이였던게임 버그로꿀빨아서 40찍고 카오스간 애들은 5단계장비 파밍하며 버그 못써서 장비 합성 존나하는 애들보고 비웃고 있던 게임,"['공략', '찍', '것', '장땡', '게임', '버그', '꿀', '빨', '찍', '카오스', '가', '애', '단계', '장비', '파밍하', '버그', '쓰', '장비', '합성', '하', '애', '보', '비웃', '게임']",False,해당없음,1.0,,
f3DLA1EU8vw,보험의 보험의 보험의 보험의 보험의 보험~,0,2026-07-30 16:52:29+00:00,보험의 보험의 보험의 보험의 보험의 보험~,보험의 보험의 보험의 보험의 보험의 보험,"['보험', '보험', '보험', '보험', '보험', '보험']",False,해당없음,1.0,,
f3DLA1EU8vw,2-3살자 빌드 이거 히트네 ㄷㄷ,0,2026-07-30 16:43:02+00:00,2-3살자 빌드 이거 히트네 ㄷㄷ,2 3살자 빌드 이거 히트네 ㄷㄷ,"['살', '빌', '드', '히트네']",False,해당없음,1.0,,
f3DLA1EU8vw,스펙터 공략은 귀찮아서 안보고 하지도않더니 이건 방치형이랬는데 왜 공략을 만들어서 찾고 스킬 스위칭하고 미친...,0,2026-07-30 16:31:08+00:00,스펙터 공략은 귀찮아서 안보고 하지도않더니 이건 방치형이랬는데 왜 공략을 만들어서 찾고 스킬 스위칭하고 미친...,스펙터 공략은 귀찮아서 안보고 하지도않더니 이건 방치형이랬는데 왜 공략을 만들어서 찾고 스킬 스위칭하고 미친,"['스펙터', '공략', '귀찮', '보', '하', '방치', '하', '공략', '만들', '찾', '스킬', '스위칭', '미치']",False,해당없음,1.0,,
f3DLA1EU8vw,38 38 33 인데 2-7보다 3-3이 효율 더 좋던데..,0,2026-07-30 16:06:31+00:00,38 38 33 인데 2-7보다 3-3이 효율 더 좋던데..,38 38 33 인데 2 7보다 3 3이 효율 더 좋던데,"['효율', '좋']",True,스펙업,0.9,,
f3DLA1EU8vw,메 M 공략 올려주시나요??,0,2026-07-30 15:55:53+00:00,메 M 공략 올려주시나요??,메 M 공략 올려주시나요??,"['메', '공략', '올리']",True,기타,0.95,,gemini
f3DLA1EU8vw,방치형이라매 아직 마법사도 못열엇다고..,0,2026-07-30 15:49:48+00:00,방치형이라매 아직 마법사도 못열엇다고..,방치형이라매 아직 마법사도 못열엇다고,"['방치', '하', '마법사', '열']",False,해당없음,0.9,,gemini
f3DLA1EU8vw,"에페타령하는것들은 그냥 천천히해라
나도 에페 올레어에 퇴근하고 몇시간 하는정도인데 카오스왔다",0,2026-07-30 15:44:57+00:00,"에페타령하는것들은 그냥 천천히해라
나도 에페 올레어에 퇴근하고 몇시간 하는정도인데 카오스왔다",에페타령하는것들은 그냥 천천히해라 나도 에페 올레어에 퇴근하고 몇시간 하는정도인데 카오스왔다,"['에페', '타령', '하', '것', '하', '에페', '올레어', '퇴근', '시간', '하', '정도', '카오스']",False,해당없음,1.0,,gemini
f3DLA1EU8vw,"2-6이 경치효율이 더 좋은데 왜 2-7 추천인거지,,,??",0,2026-07-30 15:21:29+00:00,"2-6이 경치효율이 더 좋은데 왜 2-7 추천인거지,,,??",2 6이 경치효율이 더 좋은데 왜 2 7 추천인거지 ??,"['경치', '효율', '좋', '추천', '거']",True,사냥,0.95,,
xLPWWv_-gwI,3-1 5단계장비 은근 잘나옴 ;; 잡몹 파밍 시간날 때 하는거 강추합니다,0,2026-07-30 15:10:48+00:00,3-1 5단계장비 은근 잘나옴 ;; 잡몹 파밍 시간날 때 하는거 강추합니다,3 1 5단계장비 은근 잘나옴 잡몹 파밍 시간날 때 하는거 강추합니다,"['단계', '장비', '은근', '나오', '잡몹', '파밍', '시간', '나', '때', '하', '거', '하']",False,해당없음,1.0,,
f3DLA1EU8vw,카오스 2-3에서 방치파밍할때 스킬순서 어떻게하나요?,0,2026-07-30 15:10:45+00:00,카오스 2-3에서 방치파밍할때 스킬순서 어떻게하나요?,카오스 2 3에서 방치파밍할때 스킬순서 어떻게하나요?,"['카오스', '방치파밍', '때', '스킬', '순서', '어떻', '하']",True,사냥,0.95,,
f3DLA1EU8vw,8일중 7일을 울티마 에페 레어만 떴다 이게 실화냐 ㅡㅡ,0,2026-07-30 15:02:47+00:00,8일중 7일을 울티마 에페 레어만 떴다 이게 실화냐 ㅡㅡ,8일중 7일을 울티마 에페 레어만 떴다 이게 실화냐 ㅡㅡ,"['일', '중', '일', '울티마', '에페', '레어', '뜨', '실화']",False,해당없음,1.0,,
f3DLA1EU8vw,5:58 골드는 딱히 별 필요가 없는 게 어차피 카오스 들어갈 때쯤 되면 이미 유틸리티 다 뚫어놔서 골드 쓸 일도 없음,5,2026-07-30 14:45:05+00:00,5:58 골드는 딱히 별 필요가 없는 게 어차피 카오스 들어갈 때쯤 되면 이미 유틸리티 다 뚫어놔서 골드 쓸 일도 없음,5 58 골드는 딱히 별 필요가 없는 게 어차피 카오스 들어갈 때쯤 되면 이미 유틸리티 다 뚫어놔서 골드 쓸 일도 없음,"['골드', '필요', '없', '것', '카오스', '들어가', '때', '되', '유틸리티', '뚫', '골드', '쓰', '일', '없']",False,해당없음,1.0,,
f3DLA1EU8vw,스킬 스위칭 개불편하게 해놨네 그 자랑하던 프리셋 어디갔어,0,2026-07-30 14:29:39+00:00,스킬 스위칭 개불편하게 해놨네 그 자랑하던 프리셋 어디갔어,스킬 스위칭 개불편하게 해놨네 그 자랑하던 프리셋 어디갔어,"['스킬', '스위칭', '개', '불편', '자랑', '프리', '셋', '가']",False,해당없음,1.0,,
f3DLA1EU8vw,뭐지.. 엄청 느긋하게 했다고 생각했는데 3-10 못 간 사람이 생각 이상으로 많나보네..,0,2026-07-30 14:28:57+00:00,뭐지.. 엄청 느긋하게 했다고 생각했는데 3-10 못 간 사람이 생각 이상으로 많나보네..,뭐지 엄청 느긋하게 했다고 생각했는데 3 10 못 간 사람이 생각 이상으로 많나보네,"['느긋하', '생각', '가', '사람', '생각', '이상', '많']",False,해당없음,1.0,,
f3DLA1EU8vw,울티마 에스페시아 상자 지금까지 에픽 2번에 올 레어인데 원래 잘 안 뜨는 건가요?,0,2026-07-30 14:25:34+00:00,울티마 에스페시아 상자 지금까지 에픽 2번에 올 레어인데 원래 잘 안 뜨는 건가요?,울티마 에스페시아 상자 지금까지 에픽 2번에 올 레어인데 원래 잘 안 뜨는 건가요?,"['울티마', '에스페시아', '상자', '지금', '에픽', '번', '올', '레어', '뜨', '거']",True,이벤트,0.95,,
f3DLA1EU8vw,와 3-10 3트째 발리다가 맑음넴 덕분에 한번에 깼네요 ;ㅁ; 언제나 감사합니다 대 맑 음,2,2026-07-30 14:09:25+00:00,와 3-10 3트째 발리다가 맑음넴 덕분에 한번에 깼네요 ;ㅁ; 언제나 감사합니다 대 맑 음,와 3 10 3트째 발리다가 맑음넴 덕분에 한번에 깼네요 ㅁ 언제나 감사합니다 대 맑 음,"['트', '발리', '맑음', '덕분', '번', '깨', '감사', '맑']",False,해당없음,1.0,,
f3DLA1EU8vw,방치만 했는데 2-3까진 깨지네,0,2026-07-30 14:03:45+00:00,방치만 했는데 2-3까진 깨지네,방치만 했는데 2 3까진 깨지네,"['방치', '하', '깨지']",False,해당없음,1.0,,
f3DLA1EU8vw,7:10 출근할때 키고 나가야돼?😢,0,2026-07-30 14:00:55+00:00,7:10 출근할때 키고 나가야돼?😢,7 10 출근할때 키고 나가야돼?,"['출근', '때', '키', '나가', '되']",True,시스템,0.95,,
f3DLA1EU8vw,어쩐지 올 6티어 장비가지고 가도 못깨더라니 렙40까지 키워야하네...,0,2026-07-30 13:59:23+00:00,어쩐지 올 6티어 장비가지고 가도 못깨더라니 렙40까지 키워야하네...,어쩐지 올 6티어 장비가지고 가도 못깨더라니 렙40까지 키워야하네,"['6티어', '장비', '가지', '가', '깨', '렙', '키우']",False,해당없음,1.0,,
f3DLA1EU8vw,이거 신경쓰다 부캐 보돌 덜했다😢,0,2026-07-30 13:59:02+00:00,이거 신경쓰다 부캐 보돌 덜했다😢,이거 신경쓰다 부캐 보돌 덜했다,"['신경', '쓰', '캐', '돌']",False,해당없음,1.0,,
f3DLA1EU8vw,2-6아니였어??? 다들 2-6이라던데??,0,2026-07-30 13:41:09+00:00,2-6아니였어??? 다들 2-6이라던데??,2 6아니였어?? 다들 2 6이라던데??,['하'],True,스킬_6차,0.95,,
f3DLA1EU8vw,"3-10 턱 밑까지 왔는데 3-9에서 에페 터뜨려야 할 것을 2-9에서 터뜨린...
자발적으로 후발대로 내려옵니다 흑",0,2026-07-30 13:29:48+00:00,"3-10 턱 밑까지 왔는데 3-9에서 에페 터뜨려야 할 것을 2-9에서 터뜨린...
자발적으로 후발대로 내려옵니다 흑",3 10 턱 밑까지 왔는데 3 9에서 에페 터뜨려야 할 것을 2 9에서 터뜨린 자발적으로 후발대로 내려옵니다 흑,"['턱', '밑', '오', '에페', '터뜨리', '것', '터뜨리', '자발', '후발', '대', '내려오', '흑']",False,해당없음,1.0,,
f3DLA1EU8vw,아직도 1단계 무기 쓰는 나는,0,2026-07-30 13:26:01+00:00,아직도 1단계 무기 쓰는 나는,아직도 1단계 무기 쓰는 나는,"['단계', '무기', '쓰']",False,해당없음,1.0,,gemini
f3DLA1EU8vw,2-7보다 2-6이 더 효율 좋지않나?,0,2026-07-30 13:01:04+00:00,2-7보다 2-6이 더 효율 좋지않나?,2 7보다 2 6이 더 효율 좋지않나?,"['효율', '좋']",True,육성_레벨링,0.9,,
f3DLA1EU8vw,벌써 카오스 코인 쌀먹 꿀통 끝남 ㅠ,2,2026-07-30 12:59:39+00:00,벌써 카오스 코인 쌀먹 꿀통 끝남 ㅠ,벌써 카오스 코인 쌀먹 꿀통 끝남 ㅠ,"['카오스', '코인', '쌀', '먹', '꿀통', '끝', '나']",False,해당없음,1.0,,
f3DLA1EU8vw,이제 1-2인데 ㄷㄷ,2,2026-07-30 12:59:34+00:00,이제 1-2인데 ㄷㄷ,이제 1 2인데 ㄷㄷ,[],False,해당없음,0.95,,
f3DLA1EU8vw,"본인도 컴퓨터 계속 켜놓고 할거하면서 아이템 합성만 조지고 전사 궁수 40렙, 카오스 진입 앞두고 있어서 큰 할 말은 없다만

카오스 코인 채굴 빨리하고 상점에서 물건 구입 후에 본캐 성장에 도움주려는건 알겠는데

선착순으로 뭐 주는것도 아니고 가만히 있어도 갈만큼 가고 본캐 성장도 알아서 할 수 있을거 이렇게까지 하는 이유가 뭐임? 순수하게 그냥 궁금증임ㅋㅋㅋ",1,2026-07-30 12:49:32+00:00,"본인도 컴퓨터 계속 켜놓고 할거하면서 아이템 합성만 조지고 전사 궁수 40렙, 카오스 진입 앞두고 있어서 큰 할 말은 없다만

카오스 코인 채굴 빨리하고 상점에서 물건 구입 후에 본캐 성장에 도움주려는건 알겠는데

선착순으로 뭐 주는것도 아니고 가만히 있어도 갈만큼 가고 본캐 성장도 알아서 할 수 있을거 이렇게까지 하는 이유가 뭐임? 순수하게 그냥 궁금증임ㅋㅋㅋ",본인도 컴퓨터 계속 켜놓고 할거하면서 아이템 합성만 조지고 전사 궁수 40렙 카오스 진입 앞두고 있어서 큰 할 말은 없다만 카오스 코인 채굴 빨리하고 상점에서 물건 구입 후에 본캐 성장에 도움주려는건 알겠는데 선착순으로 뭐 주는것도 아니고 가만히 있어도 갈만큼 가고 본캐 성장도 알아서 할 수 있을거 이렇게까지 하는 이유가 뭐임? 순수하게 그냥 궁금증임ㅋㅋ,"['본인', '컴퓨터', '켜', '하', '거', '하', '아이템', '합성', '조지', '전사', '궁수', '40렙', '카오스', '진입', '앞두', '크', '하', '말', '없', '카오스', '코인', '채굴', '하', '상점', '물건', '구입', '후', '보', '캐', '성장', '도움', '주', '거', '알', '선착순', '주', '것', '있', '가', '만큼', '가', '보', '캐', '성장', '알', '하', '수', '있', '거', '이렇', '하', '이유', '순수', '궁금증']",True,기타,0.95,,
f3DLA1EU8vw,스킬 스위칭할때 굳이 모션끝날때까지 기다리지 말고 스킬 나가는거 보이면 바로 스위칭 하셔도 딜이며 버프효과며 다 들어갑니다,1,2026-07-30 12:48:32+00:00,스킬 스위칭할때 굳이 모션끝날때까지 기다리지 말고 스킬 나가는거 보이면 바로 스위칭 하셔도 딜이며 버프효과며 다 들어갑니다,스킬 스위칭할때 굳이 모션끝날때까지 기다리지 말고 스킬 나가는거 보이면 바로 스위칭 하셔도 딜이며 버프효과며 다 들어갑니다,"['스킬', '스위칭', '때', '모션', '끝나', '때', '기다리', '스킬', '나가', '거', '보이', '스위칭', '하', '딜', '버프효과', '들어가']",False,해당없음,1.0,,
f3DLA1EU8vw,극딜 이펙트 중에 스킬 슬롯에서 그냥 빼도 됩니다.,0,2026-07-30 12:47:14+00:00,극딜 이펙트 중에 스킬 슬롯에서 그냥 빼도 됩니다.,극딜 이펙트 중에 스킬 슬롯에서 그냥 빼도 됩니다,"['극', '딜', '이펙트', '중', '스킬', '슬롯', '빼', '되']",False,해당없음,1.0,,
f3DLA1EU8vw,에스페시아 미친거 등업 한번을 안함,0,2026-07-30 12:42:51+00:00,에스페시아 미친거 등업 한번을 안함,에스페시아 미친거 등업 한번을 안함,"['에스페시아', '미치', '거', '등', '업', '번', '하']",False,해당없음,0.95,,
f3DLA1EU8vw,여행때문에 접속 못해서 일요일 밤에 집 오자마자 지금까지 컴터 계속 켜 놓놨음 전사 37 궁수 36 법사 30 ㅋㅋ,0,2026-07-30 12:18:27+00:00,여행때문에 접속 못해서 일요일 밤에 집 오자마자 지금까지 컴터 계속 켜 놓놨음 전사 37 궁수 36 법사 30 ㅋㅋ,여행때문에 접속 못해서 일요일 밤에 집 오자마자 지금까지 컴터 계속 켜 놓놨음 전사 37 궁수 36 법사 30 ㅋㅋ,"['여행', '때문', '접속', '하', '일요일', '밤', '집', '오', '지금', '컴', '터', '켜', '전사', '궁수', '법사']",False,해당없음,1.0,,
rEMZwLbgmcw,잼이님 이미 똥블렘에 공21퍼를띄워놨다면 미트라를 킵하는게 나을까요?,1,2026-07-30 12:13:57+00:00,잼이님 이미 똥블렘에 공21퍼를띄워놨다면 미트라를 킵하는게 나을까요?,잼이님 이미 똥블렘에 공21퍼를띄워놨다면 미트라를 킵하는게 나을까요?,"['잼', '똥블렘', '퍼', '띄우', '미트라', '킵', '것', '낫']",True,장비_아이템,1.0,,
rEMZwLbgmcw,저 솔야누스 20레벨이 샤낭하는유저들에게는 매우 좋은보상이지만 그게아니라면 급하게하실 필요없음,1,2026-07-30 12:11:27+00:00,저 솔야누스 20레벨이 샤낭하는유저들에게는 매우 좋은보상이지만 그게아니라면 급하게하실 필요없음,저 솔야누스 20레벨이 샤낭하는유저들에게는 매우 좋은보상이지만 그게아니라면 급하게하실 필요없음,"['솔야누스', '레벨', '샤낭', '유저', '좋', '보상', '급하', '하', '필요', '없']",False,해당없음,1.0,,
f3DLA1EU8vw,근데 왜 6단계 풀셋전에 7단계올리먄 안되는거에요?,0,2026-07-30 11:41:15+00:00,근데 왜 6단계 풀셋전에 7단계올리먄 안되는거에요?,근데 왜 6단계 풀셋전에 7단계올리먄 안되는거에요?,"['단계', '풀', '전', '7단계올리먄', '되', '거']",True,장비_아이템,0.95,,
f3DLA1EU8vw,혹시 영상 ost 뭔지알수있을까욤?,0,2026-07-30 11:39:59+00:00,혹시 영상 ost 뭔지알수있을까욤?,혹시 영상 ost 뭔지알수있을까욤?,"['영상', '알', '수', '있']",True,기타,1.0,,
f3DLA1EU8vw,카오스 2-3 템빼고 죽는거 스킬은 어떻게하나여?,0,2026-07-30 11:31:45+00:00,카오스 2-3 템빼고 죽는거 스킬은 어떻게하나여?,카오스 2 3 템빼고 죽는거 스킬은 어떻게하나여?,"['카오스', '템', '빼', '죽', '거', '스킬', '어떻', '하']",True,보스,0.95,,gemini
f3DLA1EU8vw,나도 ㅈ빠지게 매일 켜두고 했는데 레전을 못먹었는데 ㅜㅜ 부럽네요,0,2026-07-30 11:27:49+00:00,나도 ㅈ빠지게 매일 켜두고 했는데 레전을 못먹었는데 ㅜㅜ 부럽네요,나도 ㅈ빠지게 매일 켜두고 했는데 레전을 못먹었는데 ㅜㅜ 부럽네요,"['빠지', '켜', '하', '레', '전', '먹', '부럽']",False,해당없음,1.0,,gemini
f3DLA1EU8vw,2-6 이랑 2-7이랑 효율 뭐가 더 좋나요,0,2026-07-30 11:18:19+00:00,2-6 이랑 2-7이랑 효율 뭐가 더 좋나요,2 6 이랑 2 7이랑 효율 뭐가 더 좋나요,"['이랑', '효율', '좋']",True,스킬_6차,0.95,,
f3DLA1EU8vw,"방치형이라매... 이런 공략 안봐도 매일 접속만 하면 다 타먹을 수 잇는 거 아니엇어,,,?",9,2026-07-30 11:11:43+00:00,"방치형이라매... 이런 공략 안봐도 매일 접속만 하면 다 타먹을 수 잇는 거 아니엇어,,,?",방치형이라매 이런 공략 안봐도 매일 접속만 하면 다 타먹을 수 잇는 거 아니엇어 ?,"['방치', '하', '공략', '보', '접속', '하', '타', '먹', '수', '잇', '거']",True,기타,0.9,,gemini
f3DLA1EU8vw,끝까지가고싶지만 너무 공부해야하고 아~~복잡네,0,2026-07-30 11:10:50+00:00,끝까지가고싶지만 너무 공부해야하고 아~~복잡네,끝까지가고싶지만 너무 공부해야하고 아 복잡네,"['끝', '가', '공부']",False,해당없음,1.0,,
f3DLA1EU8vw,"지금 37, 37, 31인데
에스페시아 자꾸 까먹고
6번이나 못한게 너무 크다 ㅠㅠ",0,2026-07-30 11:10:36+00:00,"지금 37, 37, 31인데
에스페시아 자꾸 까먹고
6번이나 못한게 너무 크다 ㅠㅠ",지금 37 37 31인데 에스페시아 자꾸 까먹고 6번이나 못한게 너무 크다 ㅠㅠ,"['에스페시아', '까먹', '번', '하', '것', '크']",False,해당없음,1.0,,
f3DLA1EU8vw,열받는게 스킬 스위칭 할때마다 문구뜨는거 개빡침 ㅋㅋㅋㅋ,90,2026-07-30 11:08:01+00:00,열받는게 스킬 스위칭 할때마다 문구뜨는거 개빡침 ㅋㅋㅋㅋ,열받는게 스킬 스위칭 할때마다 문구뜨는거 개빡침 ㅋㅋ,"['열', '받', '것', '스킬', '스위칭', '하', '때', '문구', '뜨', '거', '개', '치']",False,해당없음,1.0,,
f3DLA1EU8vw,방치라고 방치,0,2026-07-30 11:03:16+00:00,방치라고 방치,방치라고 방치,"['방치', '방치']",False,해당없음,1.0,,
f3DLA1EU8vw,메m 250공략 올려주시나용,0,2026-07-30 11:02:06+00:00,메m 250공략 올려주시나용,메m 250공략 올려주시나용,"['메', '공략', '올리']",True,육성_레벨링,1.0,,
f3DLA1EU8vw,ㅋㅋㅋ 이게 방치....? 3-1꾸역 올라왔는디 벽느껴지네,0,2026-07-30 11:02:06+00:00,ㅋㅋㅋ 이게 방치....? 3-1꾸역 올라왔는디 벽느껴지네,ㅋㅋ 이게 방치 ? 3 1꾸역 올라왔는디 벽느껴지네,"['방치', '꾸역', '올라오', '디', '벽', '느끼']",False,해당없음,0.95,,gemini
f3DLA1EU8vw,카오스고 나발이고 2-7 뺑뺑이만 돌고있는데 ㅋㅋㅋ,0,2026-07-30 10:59:16+00:00,카오스고 나발이고 2-7 뺑뺑이만 돌고있는데 ㅋㅋㅋ,카오스고 나발이고 2 7 뺑뺑이만 돌고있는데 ㅋㅋ,"['카오스', '나발', '뺑뺑이', '돌']",False,해당없음,1.0,,
f3DLA1EU8vw,"신창섭은 썬데이로 울티마
 2배경험치를 뿌려라🎉🎉🎉🎉🎉🎉🎉",32,2026-07-30 10:55:39+00:00,"신창섭은 썬데이로 울티마
 2배경험치를 뿌려라🎉🎉🎉🎉🎉🎉🎉",신창섭은 썬데이로 울티마 2배경험치를 뿌려라,"['신창섭', '썬데이', '울티마', '배', '경험', '뿌리']",False,해당없음,1.0,,gemini
f3DLA1EU8vw,"큐브 자동재설정을 넣어달라!!!!
무기바꿀때마다 힘들다",19,2026-07-30 10:55:39+00:00,"큐브 자동재설정을 넣어달라!!!!
무기바꿀때마다 힘들다",큐브 자동재설정을 넣어달라 무기바꿀때마다 힘들다,"['큐브', '자동', '설정', '넣', '무기', '바꾸', '때', '힘들']",False,해당없음,1.0,,gemini
f3DLA1EU8vw,아직 2-10도 못깬 후발대는 개추,129,2026-07-30 10:55:31+00:00,아직 2-10도 못깬 후발대는 개추,아직 2 10도 못깬 후발대는 개추,"['깨', '후', '발', '대', '개추']",False,해당없음,1.0,,gemini
f3DLA1EU8vw,왤케 다들 달리나 했더니 카오스코인 채굴할려는거였구나,0,2026-07-30 10:54:10+00:00,왤케 다들 달리나 했더니 카오스코인 채굴할려는거였구나,왤케 다들 달리나 했더니 카오스코인 채굴할려는거였구나,"['하', '다', '달리', '하', '카오스', '코인', '채굴', '거']",False,해당없음,1.0,,gemini
f3DLA1EU8vw,전사 28% 궁수 43% 마법사 50% 이거 수치는 어디서 확인하나요?,0,2026-07-30 10:48:32+00:00,전사 28% 궁수 43% 마법사 50% 이거 수치는 어디서 확인하나요?,전사 28 궁수 43 마법사 50 이거 수치는 어디서 확인하나요?,"['전사', '궁수', '마법사', '수치', '확인']",True,시스템,1.0,,gemini
f3DLA1EU8vw,아니 이제3-2인데 ㅋㅋㅋㅋ ㅋㅋ,0,2026-07-30 10:46:55+00:00,아니 이제3-2인데 ㅋㅋㅋㅋ ㅋㅋ,아니 이제3 2인데 ㅋㅋ ㅋㅋ,[],False,해당없음,1.0,,gemini
f3DLA1EU8vw,2-10 안꺠집니다 ㅠ,0,2026-07-30 10:43:45+00:00,2-10 안꺠집니다 ㅠ,2 10 안꺠집니다 ㅠ,"['안꺠', '지']",False,해당없음,1.0,,gemini
f3DLA1EU8vw,2-6이 2-7보다 효율이 더 좋은거 아니었나요..?,0,2026-07-30 10:43:19+00:00,2-6이 2-7보다 효율이 더 좋은거 아니었나요..?,2 6이 2 7보다 효율이 더 좋은거 아니었나요 ?,"['효율', '좋', '거']",True,사냥,0.95,,gemini
f3DLA1EU8vw,363630 인데 어디 뺑뺑이 돌아야 할까요,0,2026-07-30 10:41:59+00:00,363630 인데 어디 뺑뺑이 돌아야 할까요,363630 인데 어디 뺑뺑이 돌아야 할까요,"['이', '뺑뺑이', '돌']",True,육성_레벨링,1.0,,gemini
f3DLA1EU8vw,공격속도 증가 옵션 돌려서 달았는데 공마퍼가 더 좋은건가요?,0,2026-07-30 10:39:37+00:00,공격속도 증가 옵션 돌려서 달았는데 공마퍼가 더 좋은건가요?,공격속도 증가 옵션 돌려서 달았는데 공마퍼가 더 좋은건가요?,"['공격', '속도', '증가', '옵션', '돌리', '달', '공마퍼', '좋', '거']",True,스펙업,0.95,,gemini
f3DLA1EU8vw,1:22  여기 브금 뭐에요 ?!,2,2026-07-30 10:33:52+00:00,1:22  여기 브금 뭐에요 ?!,1 22 여기 브금 뭐에요 ?,['브금'],True,기타,1.0,,gemini
f3DLA1EU8vw,에스페시아 지금까지 올 레어라 강제 후발대 안착한 사람은 개추 ㅋㅋ,46,2026-07-30 10:32:12+00:00,에스페시아 지금까지 올 레어라 강제 후발대 안착한 사람은 개추 ㅋㅋ,에스페시아 지금까지 올 레어라 강제 후발대 안착한 사람은 개추 ㅋㅋ,"['에스페시아', '지금', '올', '레어', '강제', '후발', '안착', '사람', '개추']",False,해당없음,1.0,,gemini
f3DLA1EU8vw,궁금한 게 있는데 2-7이 레벨링에 있어서 3지역보다 효율이 더 좋아서 2-7 가는건가요?,0,2026-07-30 10:31:48+00:00,궁금한 게 있는데 2-7이 레벨링에 있어서 3지역보다 효율이 더 좋아서 2-7 가는건가요?,궁금한 게 있는데 2 7이 레벨링에 있어서 3지역보다 효율이 더 좋아서 2 7 가는건가요?,"['궁금하', '것', '있', '레벨', '링', '있', '지역', '효율', '좋', '가', '거']",True,사냥,0.95,,gemini
f3DLA1EU8vw,카오스 2-3에서 7단계 복사 야르~,1,2026-07-30 10:26:31+00:00,카오스 2-3에서 7단계 복사 야르~,카오스 2 3에서 7단계 복사 야르,"['카오스', '단계', '복사', '야르']",False,해당없음,1.0,,gemini
f3DLA1EU8vw,ㅇㄷ,0,2026-07-30 10:26:27+00:00,ㅇㄷ,ㅇㄷ,[],False,해당없음,1.0,,gemini
f3DLA1EU8vw,2-6 안가고 2-7 가시네,0,2026-07-30 10:25:23+00:00,2-6 안가고 2-7 가시네,2 6 안가고 2 7 가시네,"['가', '가']",False,해당없음,0.95,,gemini
f3DLA1EU8vw,3-10은 40렙 찍고 갈 수 있나보네요.. 37렙이라 안깨져서 보러왔는데 ㅜㅜ,3,2026-07-30 10:23:01+00:00,3-10은 40렙 찍고 갈 수 있나보네요.. 37렙이라 안깨져서 보러왔는데 ㅜㅜ,3 10은 40렙 찍고 갈 수 있나보네요 37렙이라 안깨져서 보러왔는데 ㅜㅜ,"['렙', '찍', '가', '수', '있', '37렙', '깨지', '보', '오']",True,보스,0.95,,gemini
f3DLA1EU8vw,나만 방치했나 사람들 왜이렇게 빨라,255,2026-07-30 10:20:43+00:00,나만 방치했나 사람들 왜이렇게 빨라,나만 방치했나 사람들 왜이렇게 빨라,"['방치', '사람', '이렇', '빠르']",False,해당없음,0.95,,gemini
f3DLA1EU8vw,방치형 맞냐고!!,32,2026-07-30 10:18:23+00:00,방치형 맞냐고!!,방치형 맞냐고,"['방치', '맞']",True,기타,0.95,,gemini
f3DLA1EU8vw,2-10도 못갔는데 ㅋㅋㅋ,0,2026-07-30 10:15:41+00:00,2-10도 못갔는데 ㅋㅋㅋ,2 10도 못갔는데 ㅋㅋ,['가'],False,해당없음,1.0,,gemini
f3DLA1EU8vw,1.단 좋아요를 눌러,0,2026-07-30 10:14:20+00:00,1.단 좋아요를 눌러,1 단 좋아요를 눌러,"['단', '좋', '누르']",False,해당없음,1.0,,gemini
f3DLA1EU8vw,와 벌써3-10 공략을 ㄷㄷ,3,2026-07-30 10:12:23+00:00,와 벌써3-10 공략을 ㄷㄷ,와 벌써3 10 공략을 ㄷㄷ,['공략'],False,해당없음,1.0,,gemini
f3DLA1EU8vw,1,0,2026-07-30 10:11:01+00:00,1,1,[],False,해당없음,1.0,,gemini
f3DLA1EU8vw,"나의 빛 맑음쨩
혹시 메M렌260공략 찍어주시나요?",97,2026-07-30 10:10:47+00:00,"나의 빛 맑음쨩
혹시 메M렌260공략 찍어주시나요?",나의 빛 맑음쨩 혹시 메M렌260공략 찍어주시나요?,"['빛', '맑음쨩', '메M렌', '공략', '찍']",True,육성_레벨링,0.95,,gemini
f3DLA1EU8vw,"그래서 카오스 던전 오류난 거 압수했냐고요?

ㄱ-",2,2026-07-30 10:10:44+00:00,"그래서 카오스 던전 오류난 거 압수했냐고요?

ㄱ-",그래서 카오스 던전 오류난 거 압수했냐고요? ㄱ,"['카오스', '던전', '오류', '나', '거', '압수']",True,보스,0.95,,gemini
Q-b20FJZ0jQ,지금 하기엔 늦을까요? 매일 해야하지요?,0,2026-07-30 09:08:01+00:00,지금 하기엔 늦을까요? 매일 해야하지요?,지금 하기엔 늦을까요? 매일 해야하지요?,"['하', '늦', '하']",True,육성_레벨링,0.95,,gemini
Y55mNGMowDw,맑음로이드!! 얼른 메M 공략 영상 만들어줘!!,0,2026-07-30 06:43:30+00:00,맑음로이드!! 얼른 메M 공략 영상 만들어줘!!,맑음로이드 얼른 메M 공략 영상 만들어줘,"['맑음로이드', '메', '공략', '영상', '만들']",True,기타,0.9,,gemini
rEMZwLbgmcw,이겜은 피해자 양성소도 아니고 20년이 넘었는데 계속 뉴비를 구하는거임 ㅋ,1,2026-07-30 03:55:32+00:00,이겜은 피해자 양성소도 아니고 20년이 넘었는데 계속 뉴비를 구하는거임 ㅋ,이겜은 피해자 양성소도 아니고 20년이 넘었는데 계속 뉴비를 구하는거임 ㅋ,"['이겜', '피해자', '양성소', '년', '넘', '뉴비', '구하', '거']",False,해당없음,1.0,,gemini
rEMZwLbgmcw,? 전투력1억 빡센데?,1,2026-07-30 03:50:25+00:00,? 전투력1억 빡센데?,? 전투력1억 빡센데?,"['전투력', '빡세']",True,보스,0.8,,gemini
xLPWWv_-gwI,"뭐가 이렇게 복잡해요..
클리어가 잘 안되니 울지말라고
울티마라고 이름 지었나...",0,2026-07-30 03:49:19+00:00,"뭐가 이렇게 복잡해요..
클리어가 잘 안되니 울지말라고
울티마라고 이름 지었나...",뭐가 이렇게 복잡해요 클리어가 잘 안되니 울지말라고 울티마라고 이름 지었나,"['클리어', '되', '울', '울티마', '이름', '짓']",False,해당없음,0.9,,gemini
Y55mNGMowDw,장패드 산지 한참 지났는데 언제쯤 올련지 ㅠㅠ 어서와라,0,2026-07-30 03:33:11+00:00,장패드 산지 한참 지났는데 언제쯤 올련지 ㅠㅠ 어서와라,장패드 산지 한참 지났는데 언제쯤 올련지 ㅠㅠ 어서와라,"['장패드', '살', '지', '한참', '지나', '오', '오']",False,해당없음,1.0,,gemini
4aujILjlhkE,"메이플스토리 처음하는데 심볼 착용 순서가 있나요?

예를들면 에스페라 길뚫을 하면 에스페라 길뚫 후 주는 에스페라 심볼 레벨 1 을 주고

하이퍼버닝맥스를 하면 에스페라 심볼 레벨 10을 주는데 

원래 전형적이고 교과서 적인 방식은 하이퍼버닝맥스에서 주는 이벤트 에스페라 심볼 레벨 10을 착용 후 길뚫 후 받는 에스페라 심볼 레벨 1 을 착용후 그 다음에 에스페라 일일퀘스트를 완류를 주는 에스페라 20개 심볼 쿠폰을 착용 하는게 정석인거죠?.. 

저는 실수로 순서를 약간 꼬이게했는데.. 예를들면 하이퍼버닝 맥스로 주는 심볼 10을 착용후 까먹고 에스페라 길뚫 후 주는 심볼 1레벨을 착용안하고 일퀘로 얻은 에스페라 심볼을 먼저 착용을 하고 1레벨 을 착용 맨 마지막에 했는데 불이득이라던지 순서에대해서 꼬인건맞죠?..",0,2026-07-30 03:12:49+00:00,"메이플스토리 처음하는데 심볼 착용 순서가 있나요?

예를들면 에스페라 길뚫을 하면 에스페라 길뚫 후 주는 에스페라 심볼 레벨 1 을 주고

하이퍼버닝맥스를 하면 에스페라 심볼 레벨 10을 주는데 

원래 전형적이고 교과서 적인 방식은 하이퍼버닝맥스에서 주는 이벤트 에스페라 심볼 레벨 10을 착용 후 길뚫 후 받는 에스페라 심볼 레벨 1 을 착용후 그 다음에 에스페라 일일퀘스트를 완류를 주는 에스페라 20개 심볼 쿠폰을 착용 하는게 정석인거죠?.. 

저는 실수로 순서를 약간 꼬이게했는데.. 예를들면 하이퍼버닝 맥스로 주는 심볼 10을 착용후 까먹고 에스페라 길뚫 후 주는 심볼 1레벨을 착용안하고 일퀘로 얻은 에스페라 심볼을 먼저 착용을 하고 1레벨 을 착용 맨 마지막에 했는데 불이득이라던지 순서에대해서 꼬인건맞죠?..",메이플스토리 처음하는데 심볼 착용 순서가 있나요? 예를들면 에스페라 길뚫을 하면 에스페라 길뚫 후 주는 에스페라 심볼 레벨 1 을 주고 하이퍼버닝맥스를 하면 에스페라 심볼 레벨 10을 주는데 원래 전형적이고 교과서 적인 방식은 하이퍼버닝맥스에서 주는 이벤트 에스페라 심볼 레벨 10을 착용 후 길뚫 후 받는 에스페라 심볼 레벨 1 을 착용후 그 다음에 에스페라 일일퀘스트를 완류를 주는 에스페라 20개 심볼 쿠폰을 착용 하는게 정석인거죠? 저는 실수로 순서를 약간 꼬이게했는데 예를들면 하이퍼버닝 맥스로 주는 심볼 10을 착용후 까먹고 에스페라 길뚫 후 주는 심볼 1레벨을 착용안하고 일퀘로 얻은 에스페라 심볼을 먼저 착용을 하고 1레벨 을 착용 맨 마지막에 했는데 불이득이라던지 순서에대해서 꼬인건맞죠?,"['메이플스토리', '처음', '하', '데', '심볼', '착용', '순서', '있', '예', '들', '에스페라', '길', '뚫', '하', '에스페라', '길', '뚫', '후', '주', '에스페라', '심볼', '레벨', '주', '하이퍼버닝맥스', '하', '에스페라', '심볼', '레벨', '주', '원래', '전형', '교과서', '방식', '하이퍼버닝맥스', '주', '이벤트', '에스페라', '심볼', '레벨', '착용', '후', '길', '뚫', '후', '받', '에스페라', '심볼', '레벨', '을', '착용', '후', '다음', '에스페라', '일일퀘스트', '완류', '주', '에스페라', '개', '심볼', '쿠폰', '착용', '것', '정석', '거', '실수', '순서', '꼬이', '예', '들', '하이퍼', '버닝', '맥스', '주', '심볼', '을', '착용', '후', '까먹', '에스페라', '길', '뚫', '후', '주', '심볼', '1레벨', '착용', '하', '일퀘', '얻', '에스페라', '심볼', '착용', '하', '1레벨', '착용', '마지막', '하', '이득', '순서', '대하', '꼬이', '거', '맞']",True,육성_레벨링,1.0,,gemini
rEMZwLbgmcw,"메이플스토리 처음하는데 심볼 착용 순서가 있나요?

예를들면 에스페라 길뚫을 하면 에스페라 길뚫 후 주는 에스페라 심볼 레벨 1 을 주고

하이퍼버닝맥스를 하면 에스페라 심볼 레벨 10을 주는데 

원래 전형적이고 교과서 적인 방식은 하이퍼버닝맥스에서 주는 이벤트 에스페라 심볼 레벨 10을 착용 후 길뚫 후 받는 에스페라 심볼 레벨 1 을 착용후 그 다음에 에스페라 일일퀘스트를 완류를 주는 에스페라 20개 심볼 쿠폰을 착용 하는게 정석인거죠?.. 

저는 실수로 순서를 약간 꼬이게했는데.. 예를들면 하이퍼버닝 맥스로 주는 심볼 10을 착용후 까먹고 에스페라 길뚫 후 주는 심볼 1레벨을 착용안하고 일퀘로 얻은 에스페라 심볼을 먼저 착용을 하고 1레벨 을 착용 맨 마지막에 했는데 불이득이라던지 순서에대해서 꼬인건맞죠?..",1,2026-07-30 03:12:22+00:00,"메이플스토리 처음하는데 심볼 착용 순서가 있나요?

예를들면 에스페라 길뚫을 하면 에스페라 길뚫 후 주는 에스페라 심볼 레벨 1 을 주고

하이퍼버닝맥스를 하면 에스페라 심볼 레벨 10을 주는데 

원래 전형적이고 교과서 적인 방식은 하이퍼버닝맥스에서 주는 이벤트 에스페라 심볼 레벨 10을 착용 후 길뚫 후 받는 에스페라 심볼 레벨 1 을 착용후 그 다음에 에스페라 일일퀘스트를 완류를 주는 에스페라 20개 심볼 쿠폰을 착용 하는게 정석인거죠?.. 

저는 실수로 순서를 약간 꼬이게했는데.. 예를들면 하이퍼버닝 맥스로 주는 심볼 10을 착용후 까먹고 에스페라 길뚫 후 주는 심볼 1레벨을 착용안하고 일퀘로 얻은 에스페라 심볼을 먼저 착용을 하고 1레벨 을 착용 맨 마지막에 했는데 불이득이라던지 순서에대해서 꼬인건맞죠?..",메이플스토리 처음하는데 심볼 착용 순서가 있나요? 예를들면 에스페라 길뚫을 하면 에스페라 길뚫 후 주는 에스페라 심볼 레벨 1 을 주고 하이퍼버닝맥스를 하면 에스페라 심볼 레벨 10을 주는데 원래 전형적이고 교과서 적인 방식은 하이퍼버닝맥스에서 주는 이벤트 에스페라 심볼 레벨 10을 착용 후 길뚫 후 받는 에스페라 심볼 레벨 1 을 착용후 그 다음에 에스페라 일일퀘스트를 완류를 주는 에스페라 20개 심볼 쿠폰을 착용 하는게 정석인거죠? 저는 실수로 순서를 약간 꼬이게했는데 예를들면 하이퍼버닝 맥스로 주는 심볼 10을 착용후 까먹고 에스페라 길뚫 후 주는 심볼 1레벨을 착용안하고 일퀘로 얻은 에스페라 심볼을 먼저 착용을 하고 1레벨 을 착용 맨 마지막에 했는데 불이득이라던지 순서에대해서 꼬인건맞죠?,"['메이플스토리', '처음', '하', '데', '심볼', '착용', '순서', '있', '예', '들', '에스페라', '길', '뚫', '하', '에스페라', '길', '뚫', '후', '주', '에스페라', '심볼', '레벨', '주', '하이퍼버닝맥스', '하', '에스페라', '심볼', '레벨', '주', '원래', '전형', '교과서', '방식', '하이퍼버닝맥스', '주', '이벤트', '에스페라', '심볼', '레벨', '착용', '후', '길', '뚫', '후', '받', '에스페라', '심볼', '레벨', '을', '착용', '후', '다음', '에스페라', '일일퀘스트', '완류', '주', '에스페라', '개', '심볼', '쿠폰', '착용', '것', '정석', '거', '실수', '순서', '꼬이', '예', '들', '하이퍼', '버닝', '맥스', '주', '심볼', '을', '착용', '후', '까먹', '에스페라', '길', '뚫', '후', '주', '심볼', '1레벨', '착용', '하', '일퀘', '얻', '에스페라', '심볼', '착용', '하', '1레벨', '착용', '마지막', '하', '이득', '순서', '대하', '꼬이', '거', '맞']",True,육성_레벨링,1.0,,gemini
Y55mNGMowDw,메m공략 영상 없나요 급함,0,2026-07-30 03:01:11+00:00,메m공략 영상 없나요 급함,메m공략 영상 없나요 급함,"['메', '공략', '영상', '없', '급하']",True,기타,0.95,,gemini
rEMZwLbgmcw,본캐 사냥도 안하고 부캐에 보조 엠블까지 투자하기에 애매해서 검 세만 잡고 7만점까지만... 이미 패스권이 10만원이나 해서 더 이상 투자는 너무 빡세요ㅠ,2,2026-07-30 01:58:14+00:00,본캐 사냥도 안하고 부캐에 보조 엠블까지 투자하기에 애매해서 검 세만 잡고 7만점까지만... 이미 패스권이 10만원이나 해서 더 이상 투자는 너무 빡세요ㅠ,본캐 사냥도 안하고 부캐에 보조 엠블까지 투자하기에 애매해서 검 세만 잡고 7만점까지만 이미 패스권이 10만원이나 해서 더 이상 투자는 너무 빡세요ㅠ,"['캐', '사냥', '하', '부캐', '보조', '엠', '투자', '애매', '검', '세', '잡', '점', '패스', '원', '하', '이상', '투자', '빡세']",False,해당없음,1.0,,gemini
rEMZwLbgmcw,안녕하세요 지각생 메린이 입니다 연합 방어임무하고 출석 각각 19일 21일 늦었는데 메포로 뚫어야할까요?,1,2026-07-30 01:39:10+00:00,안녕하세요 지각생 메린이 입니다 연합 방어임무하고 출석 각각 19일 21일 늦었는데 메포로 뚫어야할까요?,안녕하세요 지각생 메린이 입니다 연합 방어임무하고 출석 각각 19일 21일 늦었는데 메포로 뚫어야할까요?,"['안녕', '지각', '메린', '입', '연합', '방어', '임무', '출석', '일', '일', '늦', '메', '포', '뚫']",True,이벤트,0.95,,gemini
rEMZwLbgmcw,챌섭이 50일밖에안남음? ㄷㄷ,1,2026-07-30 00:57:06+00:00,챌섭이 50일밖에안남음? ㄷㄷ,챌섭이 50일밖에안남음? ㄷㄷ,"['챌섭', '일', '남']",True,이벤트,0.95,,gemini
rEMZwLbgmcw,285렙은 어떻게든 만들겠는데 투력 1억은 어케 해야 하는지 전혀 모르겠네요ㅠㅠ 여명셋은 무조건 해줘야 하는건 알겠는데 항상 메소가 후달림... 한달 남았는데 투력 3천만 근처에다 아이템버닝도 못 뚫고 제네패스 사놓고 해방 못 할 것 같네요,1,2026-07-30 00:45:47+00:00,285렙은 어떻게든 만들겠는데 투력 1억은 어케 해야 하는지 전혀 모르겠네요ㅠㅠ 여명셋은 무조건 해줘야 하는건 알겠는데 항상 메소가 후달림... 한달 남았는데 투력 3천만 근처에다 아이템버닝도 못 뚫고 제네패스 사놓고 해방 못 할 것 같네요,285렙은 어떻게든 만들겠는데 투력 1억은 어케 해야 하는지 전혀 모르겠네요ㅠㅠ 여명셋은 무조건 해줘야 하는건 알겠는데 항상 메소가 후달림 한달 남았는데 투력 3천만 근처에다 아이템버닝도 못 뚫고 제네패스 사놓고 해방 못 할 것 같네요,"['렙', '어떻', '만들', '투력', '하', '모르', '여명', '하', '거', '알', '메소', '후달림', '달', '남', '투', '근처', '아이템버닝', '뚫', '제네패스', '사', '해방', '하', '것', '같']",True,스펙업,0.95,,gemini
xLPWWv_-gwI,"사이트 막힌거같은데 맞나요,.,",0,2026-07-29 23:10:18+00:00,"사이트 막힌거같은데 맞나요,.,",사이트 막힌거같은데 맞나요,"['사이트', '막히', '거', '같', '맞']",True,시스템,0.95,,gemini
xLPWWv_-gwI,전사 궁수 30렙에 위 스펙보다 훨씬 높은데 일단 2-8도 못깸 이거 샹 문제있는데?,1,2026-07-29 22:44:39+00:00,전사 궁수 30렙에 위 스펙보다 훨씬 높은데 일단 2-8도 못깸 이거 샹 문제있는데?,전사 궁수 30렙에 위 스펙보다 훨씬 높은데 일단 2 8도 못깸 이거 샹 문제있는데?,"['전사', '궁수', '30렙', '위', '스펙', '높', '깨', '샹', '문제', '있', '데']",True,보스,0.95,,gemini
xLPWWv_-gwI,맑음이 귀엽노 ㅋㅋㅋㅋㅋ,0,2026-07-29 22:42:42+00:00,맑음이 귀엽노 ㅋㅋㅋㅋㅋ,맑음이 귀엽노 ㅋㅋ,"['맑', '귀엽']",False,해당없음,1.0,,gemini
rEMZwLbgmcw,항상 좋은 영상감사합니다 저도 담석증 고2때 걸려서 수술했는데 생각보다 후유증이 심한편은 아니더라구요 걱정말고 푹쉬세요!,1,2026-07-29 20:02:07+00:00,항상 좋은 영상감사합니다 저도 담석증 고2때 걸려서 수술했는데 생각보다 후유증이 심한편은 아니더라구요 걱정말고 푹쉬세요!,항상 좋은 영상감사합니다 저도 담석증 고2때 걸려서 수술했는데 생각보다 후유증이 심한편은 아니더라구요 걱정말고 푹쉬세요,"['좋', '영상', '감사', '담석증', '고', '때', '걸리', '수술', '생각', '후유증', '심하', '편', '걱정', '말', '쉬']",False,해당없음,1.0,,gemini
rEMZwLbgmcw,아프지마세요. 어서 나아요. 아프면 하고 싶은것 그 무엇도 할 수 없어요. 그 무엇보다도 건강이 제일 중요한것이기 때문입니다.,1,2026-07-29 18:33:52+00:00,아프지마세요. 어서 나아요. 아프면 하고 싶은것 그 무엇도 할 수 없어요. 그 무엇보다도 건강이 제일 중요한것이기 때문입니다.,아프지마세요 어서 나아요 아프면 하고 싶은것 그 무엇도 할 수 없어요 그 무엇보다도 건강이 제일 중요한것이기 때문입니다,"['아프', '낫', '아프', '하', '것', '하', '수', '없', '건강', '중요', '것', '때문']",False,해당없음,1.0,,gemini
rEMZwLbgmcw,하드메이린 이번주에 최소컷 만들고 챌 찍겠습니당 공략 지금까지 잘 봤어요~~!!,1,2026-07-29 17:02:02+00:00,하드메이린 이번주에 최소컷 만들고 챌 찍겠습니당 공략 지금까지 잘 봤어요~~!!,하드메이린 이번주에 최소컷 만들고 챌 찍겠습니당 공략 지금까지 잘 봤어요,"['하드메이린', '이번', '주', '최소', '컷', '만들', '채', '찍', '공략', '지금', '보']",False,해당없음,1.0,,gemini
rEMZwLbgmcw,"뉴비 검마 진짜 못잡겠어요 어케 잡는거누,, 진힐라 잡고 좋아했는데 검마 만나니깐 대가리 박아도 이거 되나?라는 생각 듬 다른 보스들은 대가리 박다보면 아~ 깨닫는게 있는데 얜 그딴 거 없음",1,2026-07-29 16:00:58+00:00,"뉴비 검마 진짜 못잡겠어요 어케 잡는거누,, 진힐라 잡고 좋아했는데 검마 만나니깐 대가리 박아도 이거 되나?라는 생각 듬 다른 보스들은 대가리 박다보면 아~ 깨닫는게 있는데 얜 그딴 거 없음",뉴비 검마 진짜 못잡겠어요 어케 잡는거누 진힐라 잡고 좋아했는데 검마 만나니깐 대가리 박아도 이거 되나?라는 생각 듬 다른 보스들은 대가리 박다보면 아 깨닫는게 있는데 얜 그딴 거 없음,"['뉴비', '검마', '잡', '하', '잡', '거', '진힐라', '잡', '좋아하', '검마', '만나', '대가리', '박', '되', '생각', '듬', '보스', '대가리', '박', '깨닫', '것', '있', '거', '없']",True,보스,0.95,,gemini
rEMZwLbgmcw,잼이님 아프지마세요 영상 잘보고가요~,1,2026-07-29 14:43:49+00:00,잼이님 아프지마세요 영상 잘보고가요~,잼이님 아프지마세요 영상 잘보고가요,"['잼', '아프', '영상', '보', '가']",False,해당없음,1.0,,gemini
rEMZwLbgmcw,본섭 돈 안끌어오고 챌린저 도전중인데 생각보다 더 빡시네요ㅋㅋㅋ 운만 좀 따라주면 할거같은데 그게 아니면 돈좀 끌어와야겠어요...,1,2026-07-29 14:10:10+00:00,본섭 돈 안끌어오고 챌린저 도전중인데 생각보다 더 빡시네요ㅋㅋㅋ 운만 좀 따라주면 할거같은데 그게 아니면 돈좀 끌어와야겠어요...,본섭 돈 안끌어오고 챌린저 도전중인데 생각보다 더 빡시네요ㅋㅋ 운만 좀 따라주면 할거같은데 그게 아니면 돈좀 끌어와야겠어요,"['본섭', '돈', '끌어오', '챌린저', '도전', '중', '생각', '시', '운', '따르', '하', '거', '같', '돈', '끌']",False,해당없음,1.0,,gemini
rEMZwLbgmcw,목소리가 바꼈어요?,3,2026-07-29 13:32:52+00:00,목소리가 바꼈어요?,목소리가 바꼈어요?,"['목소리', '바끼']",True,시스템,0.9,,gemini
rEMZwLbgmcw,에이아이 목소리가 차분한목소리에서 활기찬목소리로 바뀌었네요.😊,1,2026-07-29 13:26:37+00:00,에이아이 목소리가 차분한목소리에서 활기찬목소리로 바뀌었네요.😊,에이아이 목소리가 차분한목소리에서 활기찬목소리로 바뀌었네요,"['에이아이', '목소리', '목소리', '활기차', '목소리', '바뀌']",False,해당없음,1.0,,gemini
rEMZwLbgmcw,전투력 천만도 안되는 쪼렙이라서 포기ㅠㅠ,2,2026-07-29 13:26:25+00:00,전투력 천만도 안되는 쪼렙이라서 포기ㅠㅠ,전투력 천만도 안되는 쪼렙이라서 포기ㅠㅠ,"['전투력', '되', '쪼렙', '포기']",False,해당없음,1.0,,gemini
rEMZwLbgmcw,자정 해방인대 검마3페가 아직도 벽이라 두렵네요... 노말세렌은 영상안보고 박치기해도 금방꺳는대 검마도잡고 렙업도해야 7만점인대 막막하군요... 개똥손이라 눞고 피한다고해도 잘안풀리네요... ㅠ검마랑 친해져야한다는대 친해질수있을까요 솔직히 매생첫 해방이라 상위보스 하드잡아본것도 달달떨립니다.. ㅎ,1,2026-07-29 13:13:47+00:00,자정 해방인대 검마3페가 아직도 벽이라 두렵네요... 노말세렌은 영상안보고 박치기해도 금방꺳는대 검마도잡고 렙업도해야 7만점인대 막막하군요... 개똥손이라 눞고 피한다고해도 잘안풀리네요... ㅠ검마랑 친해져야한다는대 친해질수있을까요 솔직히 매생첫 해방이라 상위보스 하드잡아본것도 달달떨립니다.. ㅎ,자정 해방인대 검마3페가 아직도 벽이라 두렵네요 노말세렌은 영상안보고 박치기해도 금방꺳는대 검마도잡고 렙업도해야 7만점인대 막막하군요 개똥손이라 눞고 피한다고해도 잘안풀리네요 ㅠ검마랑 친해져야한다는대 친해질수있을까요 솔직히 매생첫 해방이라 상위보스 하드잡아본것도 달달떨립니다 ㅎ,"['자정', '해방인대', '검마3페', '벽', '두렵', '노말세렌', '영상', '보', '박치기', '꺳', '검', '마', '잡', '렙', '업', '하', '점', '개똥', '손', '눞고', '피하', '하', '풀리', '검', '마', '친하', '대', '친하', '수', '있', '생', '해방', '상위', '보스', '하드', '잡', '것', '떨리']",True,보스,0.95,,gemini
rEMZwLbgmcw,"메린이인데요
자정 지나면 해방이에요
매우 기대되는 것이에요",5,2026-07-29 12:53:12+00:00,"메린이인데요
자정 지나면 해방이에요
매우 기대되는 것이에요",메린이인데요 자정 지나면 해방이에요 매우 기대되는 것이에요,"['메린', '자정', '지나', '해방', '기대', '것']",False,해당없음,1.0,,gemini
rEMZwLbgmcw,지금 메이플 복귀해도 괜찮은 타이밍인가요?(챌섭 260찍고 6차하고 잠수탐),1,2026-07-29 12:24:30+00:00,지금 메이플 복귀해도 괜찮은 타이밍인가요?(챌섭 260찍고 6차하고 잠수탐),지금 메이플 복귀해도 괜찮은 타이밍인가요? 챌섭 260찍고 6차하고 잠수탐,"['메이플', '복귀', '괜찮', '타이밍', '챌섭', '찍', '차', '잠수', '타']",True,이벤트,0.95,,gemini
rEMZwLbgmcw,노해방 검마가 진짜 극혐이었는데..언제 다잡지,1,2026-07-29 12:13:36+00:00,노해방 검마가 진짜 극혐이었는데..언제 다잡지,노해방 검마가 진짜 극혐이었는데 언제 다잡지,"['노', '해방', '검마', '극혐', '잡']",True,보스,0.8,,gemini
rEMZwLbgmcw,잼이님은 요번 챌섭목표 어떻게되세유?,1,2026-07-29 11:40:17+00:00,잼이님은 요번 챌섭목표 어떻게되세유?,잼이님은 요번 챌섭목표 어떻게되세유?,"['잼', '요번', '챌섭', '목표', '되']",True,이벤트,0.9,,gemini
rEMZwLbgmcw,뉴비인데요ㅠㅠ 보스2인격으로 갈려고하는데 2인이면 어둠의 흔적도 반토막 나나요?,1,2026-07-29 11:37:12+00:00,뉴비인데요ㅠㅠ 보스2인격으로 갈려고하는데 2인이면 어둠의 흔적도 반토막 나나요?,뉴비인데요ㅠㅠ 보스2인격으로 갈려고하는데 2인이면 어둠의 흔적도 반토막 나나요?,"['뉴비', '보스', '인격', '가', '인', '어둠', '흔적', '반토막', '나']",True,보스,1.0,,gemini
xLPWWv_-gwI,내가 보기엔 신창섭이 한전이랑 계약 맺었다. 전기세 폭등이다.,0,2026-07-29 11:11:48+00:00,내가 보기엔 신창섭이 한전이랑 계약 맺었다. 전기세 폭등이다.,내가 보기엔 신창섭이 한전이랑 계약 맺었다 전기세 폭등이다,"['보', '신창섭', '전', '계약', '맺', '전기세', '폭등']",False,해당없음,1.0,,gemini
rEMZwLbgmcw,"안녕하세요 요번챌섭 유입입니다. 지금 무보엠 스펙이 제네무기:공뎀보(레전)/공공(15%유니크)   ,    블랙보조:보보공(레전)/공뎀힘(에픽)초반에 6딸깍으로 띄워서 쓰고있습니다   ,  엠블(미트라x):공방방(레전)/공공힘(에픽) 이렇게 되는데 18유에 여명장신구 다 맞추고 1억정도 찍었습니다. 근데 아직 하드메이린 배율이 90퍼대가 나와서 스펙업을 해야하는데 엠블 윗잠을 건드려보는게 나을까요.. ㅠㅠ 지금 스펙업 방향을 아예 모르겠습니다.. ㅠ 엠블 방무를 빼고 하드메이린용으로 공 두줄쓰는게 나을까요?",2,2026-07-29 11:11:13+00:00,"안녕하세요 요번챌섭 유입입니다. 지금 무보엠 스펙이 제네무기:공뎀보(레전)/공공(15%유니크)   ,    블랙보조:보보공(레전)/공뎀힘(에픽)초반에 6딸깍으로 띄워서 쓰고있습니다   ,  엠블(미트라x):공방방(레전)/공공힘(에픽) 이렇게 되는데 18유에 여명장신구 다 맞추고 1억정도 찍었습니다. 근데 아직 하드메이린 배율이 90퍼대가 나와서 스펙업을 해야하는데 엠블 윗잠을 건드려보는게 나을까요.. ㅠㅠ 지금 스펙업 방향을 아예 모르겠습니다.. ㅠ 엠블 방무를 빼고 하드메이린용으로 공 두줄쓰는게 나을까요?",안녕하세요 요번챌섭 유입입니다 지금 무보엠 스펙이 제네무기 공뎀보 레전 공공 15 유니크 블랙보조 보보공 레전 공뎀힘 에픽 초반에 6딸깍으로 띄워서 쓰고있습니다 엠블 미트라x 공방방 레전 공공힘 에픽 이렇게 되는데 18유에 여명장신구 다 맞추고 1억정도 찍었습니다 근데 아직 하드메이린 배율이 90퍼대가 나와서 스펙업을 해야하는데 엠블 윗잠을 건드려보는게 나을까요 ㅠㅠ 지금 스펙업 방향을 아예 모르겠습니다 ㅠ 엠블 방무를 빼고 하드메이린용으로 공 두줄쓰는게 나을까요?,"['안녕', '요번챌섭', '유입', '무보엠', '스펙', '무기', '공뎀보', '레', '공공', '유니크', '블랙', '보조', '보', '보', '공', '레', '공뎀힘', '에픽', '초반', '딸', '띄우', '쓰', '엠블', '미트라x', '공방방', '레전', '공공힘', '이렇', '되', '유', '여명장신구', '맞추', '정도', '찍', '하드메이린', '배율', '퍼', '대', '나오', '스펙', '업', '하', '엠', '잠', '건드리', '것', '낫', '스펙', '업', '방향', '모르', '엠', '방', '무', '빼', '하드메이린', '공', '줄', '쓰', '것', '낫']",True,스펙업,1.0,,gemini
rEMZwLbgmcw,"솔 야누스 30렙 관련 수정이 있습니다 

20레벨때 설치기가 3개가 되고

30레벨은 지속시간과 경험치 패시브 차이가 있습니다

지속시간이 늘어나서 30렙 해야한다고 해야했지만..실수가 있었습니다  이해에 어려움을 드려서 죄송합니다",3,2026-07-29 10:59:55+00:00,"솔 야누스 30렙 관련 수정이 있습니다 

20레벨때 설치기가 3개가 되고

30레벨은 지속시간과 경험치 패시브 차이가 있습니다

지속시간이 늘어나서 30렙 해야한다고 해야했지만..실수가 있었습니다  이해에 어려움을 드려서 죄송합니다",솔 야누스 30렙 관련 수정이 있습니다 20레벨때 설치기가 3개가 되고 30레벨은 지속시간과 경험치 패시브 차이가 있습니다 지속시간이 늘어나서 30렙 해야한다고 해야했지만 실수가 있었습니다 이해에 어려움을 드려서 죄송합니다,"['솔', '야누스', '30렙', '관련', '수정', '있', '레벨', '때', '설치', '개', '되', '레벨', '지속', '시간', '경험치', '패시브', '차이', '있', '지속', '시간', '늘어나', '30렙', '실수', '있', '이해', '어려움', '드리', '죄송하']",False,해당없음,1.0,,gemini
rEMZwLbgmcw,솔야누스20랩이면 설치기 3개되는거 아닌가용?,3,2026-07-29 10:48:25+00:00,솔야누스20랩이면 설치기 3개되는거 아닌가용?,솔야누스20랩이면 설치기 3개되는거 아닌가용?,"['솔야누스', '랩', '설치', '개', '거']",True,스킬_6차,1.0,,gemini
rEMZwLbgmcw,"어후야 잼이님 건강조심하세여ㅜ 걱정스럽네 ㅠㅠ
 그리고 저의 챌섭은 5만점 다이아에서 멈췄습니다. 진작에 아란은 포기했구여 투력 4천만으로 잡을수 있을것같아서 하진 몃번을 트라이 했는지모르겠습니다ㅜㅜ 보스는 매일 잡으니 패턴은 다 알지만  새로운 케릭으로 잡아서 그런지 직업 이해도가 낮아서 보스를 못잡는것같습니다 역시 케릭은 본인손에 맞는 쉬운케릭 하는게 맞다고 보네여 ㅎㅎ",4,2026-07-29 10:26:28+00:00,"어후야 잼이님 건강조심하세여ㅜ 걱정스럽네 ㅠㅠ
 그리고 저의 챌섭은 5만점 다이아에서 멈췄습니다. 진작에 아란은 포기했구여 투력 4천만으로 잡을수 있을것같아서 하진 몃번을 트라이 했는지모르겠습니다ㅜㅜ 보스는 매일 잡으니 패턴은 다 알지만  새로운 케릭으로 잡아서 그런지 직업 이해도가 낮아서 보스를 못잡는것같습니다 역시 케릭은 본인손에 맞는 쉬운케릭 하는게 맞다고 보네여 ㅎㅎ",어후야 잼이님 건강조심하세여ㅜ 걱정스럽네 ㅠㅠ 그리고 저의 챌섭은 5만점 다이아에서 멈췄습니다 진작에 아란은 포기했구여 투력 4천만으로 잡을수 있을것같아서 하진 몃번을 트라이 했는지모르겠습니다ㅜㅜ 보스는 매일 잡으니 패턴은 다 알지만 새로운 케릭으로 잡아서 그런지 직업 이해도가 낮아서 보스를 못잡는것같습니다 역시 케릭은 본인손에 맞는 쉬운케릭 하는게 맞다고 보네여 ㅎㅎ,"['잼', '건강', '조심', '걱정', '챌섭', '점', '다이아', '멈추', '아란', '포기', '투력', '잡', '수', '있', '것', '같', '하진', '몃번', '트라이', '모르', '보스', '잡', '패턴', '알', '새롭', '케릭', '잡', '그렇', '직업', '이해도', '낮', '보스', '잡', '것', '같', '케릭', '본인', '손', '맞', '쉽', '케릭', '하', '것', '맞', '보']",False,해당없음,0.95,,gemini
rEMZwLbgmcw,ㅋㄹ,1,2026-07-29 10:24:53+00:00,ㅋㄹ,ㅋㄹ,[],False,해당없음,1.0,,gemini
rEMZwLbgmcw,꿀팁 정리 감사합니다!❤,1,2026-07-29 10:23:30+00:00,꿀팁 정리 감사합니다!❤,꿀팁 정리 감사합니다,"['꿀', '팁', '정리', '감사']",False,해당없음,1.0,,gemini
rEMZwLbgmcw,"항상 감사합니다!
구독과 좋아요는 채널유지에 큰힘이 됩니다!

1.
윗잠 3줄직작은 필수가 아니라
진짜 너무 비싸면 하시면 좋고 지금은 가격이 저렴해져서
완작 보조무기 사시면 좋습니다!

수정할 것이 있습니다
솔야누스 10렙 20렙가면서
설치기가 하나씩 추가돼서

20레벨때 설치기가 3개가 됩니다
이해에 어려움을 드려서 죄송합니다


0:25 챌린저스 챌린저 하려면 어떻게 해야함?
02:11 챌린저스 템셋팅 무보엠
05:17 장신구는 적당하게 세팅해도 됨
06:32 285레벨과 프리미엄 패스



영상과 상관없는 내용이나 과도한 직업비하는
삭제가 되니까 이부분 양해부탁드립니다

채널에 가입하여 혜택을 누려보세요.
https://www.youtube.com/channel/UClLl6MY6ad9f_bZDHxdzqww/join

잼이카페
cafe.naver.com/zamegame

잼이 치지직
https://chzzk.naver.com/fc472e07e10f4e2fb7ee9db67d29120d

목 건강이 나빠서 이중 더빙을 하고 있습니다

ai 성우 사용중입니다

[메이플 장편] 월수금 1편씩 오후 6시 업로드",4,2026-07-29 10:19:27+00:00,"항상 감사합니다!
구독과 좋아요는 채널유지에 큰힘이 됩니다!

1.
윗잠 3줄직작은 필수가 아니라
진짜 너무 비싸면 하시면 좋고 지금은 가격이 저렴해져서
완작 보조무기 사시면 좋습니다!

수정할 것이 있습니다
솔야누스 10렙 20렙가면서
설치기가 하나씩 추가돼서

20레벨때 설치기가 3개가 됩니다
이해에 어려움을 드려서 죄송합니다


0:25 챌린저스 챌린저 하려면 어떻게 해야함?
02:11 챌린저스 템셋팅 무보엠
05:17 장신구는 적당하게 세팅해도 됨
06:32 285레벨과 프리미엄 패스



영상과 상관없는 내용이나 과도한 직업비하는
삭제가 되니까 이부분 양해부탁드립니다

채널에 가입하여 혜택을 누려보세요.
https://www.youtube.com/channel/UClLl6MY6ad9f_bZDHxdzqww/join

잼이카페
cafe.naver.com/zamegame

잼이 치지직
https://chzzk.naver.com/fc472e07e10f4e2fb7ee9db67d29120d

목 건강이 나빠서 이중 더빙을 하고 있습니다

ai 성우 사용중입니다

[메이플 장편] 월수금 1편씩 오후 6시 업로드",항상 감사합니다 구독과 좋아요는 채널유지에 큰힘이 됩니다 1 윗잠 3줄직작은 필수가 아니라 진짜 너무 비싸면 하시면 좋고 지금은 가격이 저렴해져서 완작 보조무기 사시면 좋습니다 수정할 것이 있습니다 솔야누스 10렙 20렙가면서 설치기가 하나씩 추가돼서 20레벨때 설치기가 3개가 됩니다 이해에 어려움을 드려서 죄송합니다 0 25 챌린저스 챌린저 하려면 어떻게 해야함? 02 11 챌린저스 템셋팅 무보엠 05 17 장신구는 적당하게 세팅해도 됨 06 32 285레벨과 프리미엄 패스 영상과 상관없는 내용이나 과도한 직업비하는 삭제가 되니까 이부분 양해부탁드립니다 채널에 가입하여 혜택을 누려보세요 잼이카페 cafe naver com zamegame 잼이 치지직 목 건강이 나빠서 이중 더빙을 하고 있습니다 ai 성우 사용중입니다 메이플 장편 월수금 1편씩 오후 6시 업로드,"['감사', '구독', '좋아요', '채널', '유지', '크', '힘', '되', '윗잠', '줄직작', '필수', '비싸', '하', '좋', '지금', '가격', '완', '작', '보조', '무기', '사', '좋', '수정', '것', '있', '솔야누스', '10렙', '20렙', '가', '설치', '추가', '레벨', '때', '설치', '개', '되', '이해', '어려움', '드리', '챌린저스', '챌린저', '하', '어떻', '하', '챌린저스', '템셋팅', '무보엠', '장신구', '세팅', '되', '레벨', '프리미엄', '패스', '영상', '상관없', '내용', '과도', '직업', '비하', '삭제', '되', '부분', '양해', '부탁', '드리', '채널', '가입', '혜택', '누리', '잼이카페', '잼', '목', '건강', '나쁘', '이중', '더빙', '하', '성우', '사용', '중', '메이플', '장편', '월', '수금', '편', '오후', '시', '업로드']",True,육성_레벨링,0.95,,gemini
Kf3X8XakvHk,3단계공략점,0,2026-07-29 07:30:21+00:00,3단계공략점,3단계공략점,"['단계', '공략', '점']",True,보스,0.95,,gemini
xLPWWv_-gwI,ㄹㅇ 이거땜에 메플 일퀘몬파 다하고 마을에 냅두고 울티마보는중임ㅋㅋㅋㅋㅋㅋㅋㅋㅋㅋ,1,2026-07-29 04:54:22+00:00,ㄹㅇ 이거땜에 메플 일퀘몬파 다하고 마을에 냅두고 울티마보는중임ㅋㅋㅋㅋㅋㅋㅋㅋㅋㅋ,ㄹㅇ 이거땜에 메플 일퀘몬파 다하고 마을에 냅두고 울티마보는중임ㅋㅋ,"['땜', '메플', '일퀘몬파', '하', '마을', '냅두', '울티마', '보', '중']",False,해당없음,1.0,,gemini
xLPWWv_-gwI,울티나땜에 6일때 컴터안끄는중,0,2026-07-29 03:09:14+00:00,울티나땜에 6일때 컴터안끄는중,울티나땜에 6일때 컴터안끄는중,"['울티나', '땜', '일', '때', '컴터', '끄', '중']",False,해당없음,1.0,,gemini
xLPWWv_-gwI,이렇게까지 하고 싶지 않으니 걍 냅두고 천천히 해아지,1,2026-07-28 22:33:34+00:00,이렇게까지 하고 싶지 않으니 걍 냅두고 천천히 해아지,이렇게까지 하고 싶지 않으니 걍 냅두고 천천히 해아지,"['이렇', '하', '냅두', '해아']",False,해당없음,1.0,,gemini
xLPWWv_-gwI,6단께활이나왓는데 큐브뭘로맞춰야할까요? 일단 공속1단계랑 공격력 끼고잇는데.. 공퍼가 더좋을까요? 공퍼 10퍼까진나오던뎅,0,2026-07-28 22:13:03+00:00,6단께활이나왓는데 큐브뭘로맞춰야할까요? 일단 공속1단계랑 공격력 끼고잇는데.. 공퍼가 더좋을까요? 공퍼 10퍼까진나오던뎅,6단께활이나왓는데 큐브뭘로맞춰야할까요? 일단 공속1단계랑 공격력 끼고잇는데 공퍼가 더좋을까요? 공퍼 10퍼까진나오던뎅,"['단', '활', '나오', '큐브뭘', '맞추', '공', '속', '단계', '공격력', '끼', '잇', '데', '공', '퍼', '좋', '퍼', '10퍼', '나오']",True,장비_아이템,1.0,,gemini
Y55mNGMowDw,"와 이영상 보고 알았네요.. 낼모레 마일리지 44000가 사라진다는것을..
항상 잘 보고있습니다 감사합니다!",0,2026-07-28 21:37:15+00:00,"와 이영상 보고 알았네요.. 낼모레 마일리지 44000가 사라진다는것을..
항상 잘 보고있습니다 감사합니다!",와 이영상 보고 알았네요 낼모레 마일리지 4400가 사라진다는것을 항상 잘 보고있습니다 감사합니다,"['영상', '보', '알', '낼', '모레', '마일리지', '사라지', '것', '보', '감사']",False,해당없음,1.0,,gemini
Y55mNGMowDw,레테 키우는중인데 키캡각인가ㅋㅋㅋ,0,2026-07-28 17:59:16+00:00,레테 키우는중인데 키캡각인가ㅋㅋㅋ,레테 키우는중인데 키캡각인가ㅋㅋ,"['레테', '키우', '중', '키캡각']",True,직업_캐릭터,0.9,,gemini
WD11kJwi7qk,지금 시작한다면...괜찮을까요? 아님 다음 버닝을 기다려야할지요 ㅠ,1,2026-07-28 16:14:51+00:00,지금 시작한다면...괜찮을까요? 아님 다음 버닝을 기다려야할지요 ㅠ,지금 시작한다면 괜찮을까요? 아님 다음 버닝을 기다려야할지요 ㅠ,"['시작', '괜찮', '다음', '버닝', '기다리']",True,육성_레벨링,1.0,,gemini
xLPWWv_-gwI,안깨지는데 뭐져,0,2026-07-28 15:00:17+00:00,안깨지는데 뭐져,안깨지는데 뭐져,['깨지'],True,시스템,0.95,,gemini
xLPWWv_-gwI,그냥 렙찍누 해야겠다 너무 어렵다...,0,2026-07-28 13:39:57+00:00,그냥 렙찍누 해야겠다 너무 어렵다...,그냥 렙찍누 해야겠다 너무 어렵다,"['렙찍누', '어렵']",False,해당없음,1.0,,gemini
xLPWWv_-gwI,선생님 3-10 이거 막힌건가요 못깨게,0,2026-07-28 12:46:29+00:00,선생님 3-10 이거 막힌건가요 못깨게,선생님 3 10 이거 막힌건가요 못깨게,"['선생', '막히', '거', '깨']",True,보스,0.9,,gemini
xLPWWv_-gwI,맑음님 덕분에 2-10 깼습니다!! 항상 좋은영상 감사드립니다,0,2026-07-28 12:40:36+00:00,맑음님 덕분에 2-10 깼습니다!! 항상 좋은영상 감사드립니다,맑음님 덕분에 2 10 깼습니다 항상 좋은영상 감사드립니다,"['맑음', '덕분', '깨', '좋', '영상', '감사', '드리']",False,해당없음,1.0,,gemini
xLPWWv_-gwI,방치좀 해라 뛰발...,0,2026-07-28 12:15:06+00:00,방치좀 해라 뛰발...,방치좀 해라 뛰발,"['방치', '하', '뛰', '발']",False,해당없음,1.0,,gemini
Y55mNGMowDw,종종 비틱마냥 짤올리는데 아무도 안긁히네 ㅋㅋ,0,2026-07-28 11:19:54+00:00,종종 비틱마냥 짤올리는데 아무도 안긁히네 ㅋㅋ,종종 비틱마냥 짤올리는데 아무도 안긁히네 ㅋㅋ,"['틱', '짤', '올리', '긁히']",False,해당없음,1.0,,gemini
xLPWWv_-gwI,이거 천천히 하면 다 못얻음? 왤케 다들 최소컷 빠르게 하는법이 올라오는거임? 다들 너무 열심히하는 것같아서 좀 걱정이네,1,2026-07-28 10:45:30+00:00,이거 천천히 하면 다 못얻음? 왤케 다들 최소컷 빠르게 하는법이 올라오는거임? 다들 너무 열심히하는 것같아서 좀 걱정이네,이거 천천히 하면 다 못얻음? 왤케 다들 최소컷 빠르게 하는법이 올라오는거임? 다들 너무 열심히하는 것같아서 좀 걱정이네,"['하', '얻', '하', '최소', '컷', '빠르', '하', '법', '올라오', '거', '다', '하', '것', '같', '걱정']",True,기타,0.8,,gemini
xLPWWv_-gwI,33 32 21인데도 안깨지네,0,2026-07-28 10:36:07+00:00,33 32 21인데도 안깨지네,33 32 21인데도 안깨지네,['깨지'],True,보스,0.9,,gemini
xLPWWv_-gwI,잠재는 각각 뭐가야되나요?,0,2026-07-28 09:56:59+00:00,잠재는 각각 뭐가야되나요?,잠재는 각각 뭐가야되나요?,"['잠재', '가', '되']",True,장비_아이템,1.0,,gemini
Y55mNGMowDw,에테리온 6렙은 천장 만들어줬는데 6렙은 커녕 5렙도 뚫기 힘듬...,0,2026-07-28 08:24:30+00:00,에테리온 6렙은 천장 만들어줬는데 6렙은 커녕 5렙도 뚫기 힘듬...,에테리온 6렙은 천장 만들어줬는데 6렙은 커녕 5렙도 뚫기 힘듬,"['에테리온', '6렙', '천장', '만들', '6렙', '5렙', '뚫', '힘듬']",False,해당없음,1.0,,gemini
Y55mNGMowDw,"아참 그리고 메이플 포인트샵도
필요한만큼 구매했는지 확인하세요!! (필요하신 분들만)
 
- 메카베리 농장 주 2개
- 블루베리 농장 주 2개
 
* 큰 틀에서 효율을 요약하자면
몬파 유료 횟수를 추가로 도는 정도라 보시면 됩니다",5,2026-07-28 06:35:50+00:00,"아참 그리고 메이플 포인트샵도
필요한만큼 구매했는지 확인하세요!! (필요하신 분들만)
 
- 메카베리 농장 주 2개
- 블루베리 농장 주 2개
 
* 큰 틀에서 효율을 요약하자면
몬파 유료 횟수를 추가로 도는 정도라 보시면 됩니다",아참 그리고 메이플 포인트샵도 필요한만큼 구매했는지 확인하세요 필요하신 분들만 메카베리 농장 주 2개 블루베리 농장 주 2개 큰 틀에서 효율을 요약하자면 몬파 유료 횟수를 추가로 도는 정도라 보시면 됩니다,"['메이플', '포인트', '샵', '필요', '만큼', '구매', '확인', '필요', '분', '메카베리', '농장', '주', '개', '블루베리', '농장', '주', '개', '크', '틀', '효율', '요약', '파', '유료', '횟수', '추가', '도', '정도', '보', '되']",False,해당없음,1.0,,gemini
xLPWWv_-gwI,29 28 19 성불합니다... 진짜 감도 안오다가 공략보고 깨달아버렸다...,0,2026-07-28 06:25:50+00:00,29 28 19 성불합니다... 진짜 감도 안오다가 공략보고 깨달아버렸다...,29 28 19 성불합니다 진짜 감도 안오다가 공략보고 깨달아버렸다,"['성불', '감', '오', '공략', '보', '깨닫']",False,해당없음,1.0,,gemini
Y55mNGMowDw,메이린 레테말고 BGM키링은 까먹었나....,0,2026-07-28 06:04:34+00:00,메이린 레테말고 BGM키링은 까먹었나....,메이린 레테말고 BGM키링은 까먹었나,"['메이', '린', '레', '테', '말', '키', '링', '까먹']",True,기타,0.9,,gemini
Y55mNGMowDw,키캡 너무 비싸네;;,0,2026-07-28 05:47:22+00:00,키캡 너무 비싸네;;,키캡 너무 비싸네,"['키', '캡', '비싸']",False,해당없음,1.0,,gemini
Y55mNGMowDw,이런건 모르겠고 울티마 3-1 5단계 복사 맛있으면 개추,1,2026-07-28 05:46:58+00:00,이런건 모르겠고 울티마 3-1 5단계 복사 맛있으면 개추,이런건 모르겠고 울티마 3 1 5단계 복사 맛있으면 개추,"['거', '모르', '울티마', '단계', '복사', '맛있', '개추']",False,해당없음,1.0,,gemini
Y55mNGMowDw,챵섭아 왜 전사무기 30렙이되도록 2렙만 끼고있게만든거냐 사과보상 줘라 빡치니까,0,2026-07-28 04:57:13+00:00,챵섭아 왜 전사무기 30렙이되도록 2렙만 끼고있게만든거냐 사과보상 줘라 빡치니까,챵섭아 왜 전사무기 30렙이되도록 2렙만 끼고있게만든거냐 사과보상 줘라 빡치니까,"['챵섭', '전사무기', '30렙', '되', '2렙', '끼', '만들', '거', '사과', '보상', '주', '치']",True,기타,0.8,,gemini
Y55mNGMowDw,마일리지샵에서 산 리턴스크롤 팔수있나요?,0,2026-07-28 04:56:51+00:00,마일리지샵에서 산 리턴스크롤 팔수있나요?,마일리지샵에서 산 리턴스크롤 팔수있나요?,"['마일리지', '샵', '사', '리턴', '스크롤', '팔', '수', '있']",True,기타,0.95,,gemini
Y55mNGMowDw,배리나 나올때 되지 않았나 언제 나오지,0,2026-07-28 04:56:31+00:00,배리나 나올때 되지 않았나 언제 나오지,배리나 나올때 되지 않았나 언제 나오지,"['배', '리', '나오', '때', '되', '나오']",True,이벤트,0.95,,gemini
Y55mNGMowDw,줏댔다 모아놓은 200억 코디에 탕진했는데 절반도 못 사서 200억 벌어서 또 써야된다..스펙업 멈췄다 노적자 솔격 코앞인데 굿즈까지 나왔다고? 굿즈랑 스펙업에 현질까지 하라는 거네,0,2026-07-28 04:37:40+00:00,줏댔다 모아놓은 200억 코디에 탕진했는데 절반도 못 사서 200억 벌어서 또 써야된다..스펙업 멈췄다 노적자 솔격 코앞인데 굿즈까지 나왔다고? 굿즈랑 스펙업에 현질까지 하라는 거네,줏댔다 모아놓은 200억 코디에 탕진했는데 절반도 못 사서 200억 벌어서 또 써야된다 스펙업 멈췄다 노적자 솔격 코앞인데 굿즈까지 나왔다고? 굿즈랑 스펙업에 현질까지 하라는 거네,"['줏', '하', '모으', '코디', '탕진', '절반', '사', '벌', '쓰', '되', '스펙', '업', '멈추', '노적자', '솔격', '코앞', '굿즈', '나오', '굿즈', '스펙', '업', '현', '하', '거']",False,해당없음,1.0,,gemini
Y55mNGMowDw,스킬 키캡세트는 ㅈㄴ탐나는데ㅋㅋ,0,2026-07-28 04:32:21+00:00,스킬 키캡세트는 ㅈㄴ탐나는데ㅋㅋ,스킬 키캡세트는 ㅈㄴ탐나는데ㅋㅋ,"['스킬', '키', '캡', '세트', '탐나']",False,해당없음,1.0,,gemini
Y55mNGMowDw,월말 특 주간 숙제 하느라 검마 놓침,1,2026-07-28 04:04:42+00:00,월말 특 주간 숙제 하느라 검마 놓침,월말 특 주간 숙제 하느라 검마 놓침,"['월말', '특', '주간', '숙제', '하', '검', '마', '놓치']",False,해당없음,1.0,,gemini
Y55mNGMowDw,갑자기 4배쿠폰 10개 조각 200개 브앞부스터 20개 메카베리 2장 만큼 화나네요,0,2026-07-28 03:56:33+00:00,갑자기 4배쿠폰 10개 조각 200개 브앞부스터 20개 메카베리 2장 만큼 화나네요,갑자기 4배쿠폰 10개 조각 200개 브앞부스터 20개 메카베리 2장 만큼 화나네요,"['배', '쿠폰', '개', '조', '개', '브앞부스터', '개', '메카베리', '장', '만큼', '화', '나']",False,해당없음,1.0,,gemini
Y55mNGMowDw,4:08 신창섭은 직업별로 키캡 만들어라 사줄테니까,22,2026-07-28 03:54:19+00:00,4:08 신창섭은 직업별로 키캡 만들어라 사줄테니까,4 08 신창섭은 직업별로 키캡 만들어라 사줄테니까,"['신창섭', '직업', '키', '캡', '만들', '사', '터']",False,해당없음,1.0,,gemini
Y55mNGMowDw,솔에르다기운25개만큼 화가난다,0,2026-07-28 03:52:47+00:00,솔에르다기운25개만큼 화가난다,솔에르다기운25개만큼 화가난다,"['솔에르다', '기운', '개', '화', '나']",False,해당없음,1.0,,gemini
Y55mNGMowDw,운영자 보상도 접속종료전에 떴으면 좋겠다 ㅅㅂ,0,2026-07-28 03:51:35+00:00,운영자 보상도 접속종료전에 떴으면 좋겠다 ㅅㅂ,운영자 보상도 접속종료전에 떴으면 좋겠다 ㅅㅂ,"['운영자', '보상', '접속', '종료', '전', '뜨', '좋']",False,해당없음,1.0,,gemini
Y55mNGMowDw,센스가 뒤지게 모자란게 스토어 전용 일러레들 고용해서 옷도 다른거 입히고 포즈도 다양하게 구상해서 팔아야하는데 공식일러 그대로 붙여서 파는건 좀 진짜 팔아달라니깐 팝니다 이런 감다뒤가 쌔게온단말이지,32,2026-07-28 03:50:33+00:00,센스가 뒤지게 모자란게 스토어 전용 일러레들 고용해서 옷도 다른거 입히고 포즈도 다양하게 구상해서 팔아야하는데 공식일러 그대로 붙여서 파는건 좀 진짜 팔아달라니깐 팝니다 이런 감다뒤가 쌔게온단말이지,센스가 뒤지게 모자란게 스토어 전용 일러레들 고용해서 옷도 다른거 입히고 포즈도 다양하게 구상해서 팔아야하는데 공식일러 그대로 붙여서 파는건 좀 진짜 팔아달라니깐 팝니다 이런 감다뒤가 쌔게온단말이지,"['센스', '뒤지', '모자라', '것', '스토어', '전용', '일러레', '고용', '옷', '거', '입히', '포즈', '다양', '구상', '팔', '공식', '이르', '붙이', '파', '거', '팔', '하', '팔', '감', '뒤', '쌔', '오', '말']",False,해당없음,1.0,,gemini
Y55mNGMowDw,저거 굿즈들 한정인가...?,1,2026-07-28 03:43:43+00:00,저거 굿즈들 한정인가...?,저거 굿즈들 한정인가 ?,"['굿즈', '한정']",True,기타,0.95,,gemini
Y55mNGMowDw,헐 키캡세트 무언데이이~~,0,2026-07-28 03:39:51+00:00,헐 키캡세트 무언데이이~~,헐 키캡세트 무언데이이,['키캡세트'],False,해당없음,1.0,,gemini
Y55mNGMowDw,내나이 37살... 저 키캡은 사야겠소,0,2026-07-28 03:37:44+00:00,내나이 37살... 저 키캡은 사야겠소,내나이 37살 저 키캡은 사야겠소,"['나이', '살', '키', '캡', '사']",False,해당없음,1.0,,gemini
Y55mNGMowDw,빨리 메카베리 좀 소매넣기해줘봐,0,2026-07-28 03:29:28+00:00,빨리 메카베리 좀 소매넣기해줘봐,빨리 메카베리 좀 소매넣기해줘봐,"['메카베리', '소매', '넣']",False,해당없음,1.0,,gemini
Y55mNGMowDw,"요새 이벤트가 짜단 말이지
사건사고 없어도 뿌리길",1,2026-07-28 03:28:43+00:00,"요새 이벤트가 짜단 말이지
사건사고 없어도 뿌리길",요새 이벤트가 짜단 말이지 사건사고 없어도 뿌리길,"['이벤트', '짜', '말', '사건', '사고', '없', '뿌리']",False,해당없음,1.0,,gemini
Y55mNGMowDw,와 정말 감사합니다 보상 못받고 넘어갈뻔했네요ㄷㄷ;;,1,2026-07-28 03:24:59+00:00,와 정말 감사합니다 보상 못받고 넘어갈뻔했네요ㄷㄷ;;,와 정말 감사합니다 보상 못받고 넘어갈뻔했네요ㄷㄷ,"['감사', '보상', '받', '넘어가', '뻔']",False,해당없음,1.0,,gemini
Kf3X8XakvHk,모바일게임도 안하는 내가 방치겜에 빠지될줄이야..,0,2026-07-28 03:15:15+00:00,모바일게임도 안하는 내가 방치겜에 빠지될줄이야..,모바일게임도 안하는 내가 방치겜에 빠지될줄이야,"['모바일', '게임', '하', '방치', '빠지', '되', '줄']",False,해당없음,1.0,,gemini
Y55mNGMowDw,김창섭 잘못한거 없어도 주기적으로 사과하란 말이야,206,2026-07-28 03:14:52+00:00,김창섭 잘못한거 없어도 주기적으로 사과하란 말이야,김창섭 잘못한거 없어도 주기적으로 사과하란 말이야,"['김', '창섭', '거', '없', '주기', '사과', '말']",False,해당없음,1.0,,gemini
Y55mNGMowDw,보스코인얻는 현상금미션은 연습모드도 인정되나요? 아님 찐모만 인정되는건가요?,1,2026-07-28 03:11:16+00:00,보스코인얻는 현상금미션은 연습모드도 인정되나요? 아님 찐모만 인정되는건가요?,보스코인얻는 현상금미션은 연습모드도 인정되나요? 아님 찐모만 인정되는건가요?,"['보스', '코인', '얻', '현상금', '미션', '연습', '모드', '인정', '찐모', '인정', '거']",True,보스,1.0,,gemini
Y55mNGMowDw,5분전 핡,0,2026-07-28 03:11:14+00:00,5분전 핡,5분전 핡,"['분', '전', '핡']",False,해당없음,1.0,,gemini
Y55mNGMowDw,점심 꺼어억,1,2026-07-28 03:10:11+00:00,점심 꺼어억,점심 꺼어억,"['점심', '꺼']",False,해당없음,1.0,,gemini
Y55mNGMowDw,굿,0,2026-07-28 03:10:08+00:00,굿,굿,['굿'],False,해당없음,1.0,,rule
Y55mNGMowDw,메카베리 10장만큼 아쉽네,3,2026-07-28 03:09:51+00:00,메카베리 10장만큼 아쉽네,메카베리 10장만큼 아쉽네,"['메카베리', '장', '아쉽']",False,해당없음,1.0,,gemini
Y55mNGMowDw,과자 먹으면서 봐주마,1,2026-07-28 03:09:33+00:00,과자 먹으면서 봐주마,과자 먹으면서 봐주마,"['과자', '먹', '보']",False,해당없음,1.0,,gemini
Y55mNGMowDw,4,0,2026-07-28 03:09:26+00:00,4,4,[],False,해당없음,1.0,,gemini
Y55mNGMowDw,운영자는 사료를 더 챙겨달라,1,2026-07-28 03:08:55+00:00,운영자는 사료를 더 챙겨달라,운영자는 사료를 더 챙겨달라,"['운영자', '사료', '챙기']",False,해당없음,1.0,,gemini
Y55mNGMowDw,점심밥 먹으면서 봐주마,5,2026-07-28 03:08:27+00:00,점심밥 먹으면서 봐주마,점심밥 먹으면서 봐주마,"['점심밥', '먹', '보']",False,해당없음,1.0,,gemini
Y55mNGMowDw,점심시간 최고의 선택,2,2026-07-28 03:05:37+00:00,점심시간 최고의 선택,점심시간 최고의 선택,"['점심시간', '최고', '선택']",False,해당없음,1.0,,gemini
xLPWWv_-gwI,"전

전 : 디바이드

궁 : 폭시

법 : 없음



1. 2-9 가서 법사 스킬 장착 준비 후 포탈 눌러 2-10 가자마자 힐 장착



2. 계속 하다가 전사 뻗으면 블헤 장착



3. 다 죽고 전사 간발의 차로 깨어나면 궁수-법사 순서대로 깨어남



4. 계속하다가 헤도 장착 준비하면서 전멸하기 직전에 헤도 장착. 아니면 킵.



5. 전사 깨어나면 계속 딜 후에 전사 죽으면 디바 빼고 아이언 바디로 스위칭



6. 궁수-법사 순으로 깨어나서 태그매치.



7. 4번이랑 한무반복

일케 깸여",0,2026-07-28 02:31:09+00:00,"전

전 : 디바이드

궁 : 폭시

법 : 없음



1. 2-9 가서 법사 스킬 장착 준비 후 포탈 눌러 2-10 가자마자 힐 장착



2. 계속 하다가 전사 뻗으면 블헤 장착



3. 다 죽고 전사 간발의 차로 깨어나면 궁수-법사 순서대로 깨어남



4. 계속하다가 헤도 장착 준비하면서 전멸하기 직전에 헤도 장착. 아니면 킵.



5. 전사 깨어나면 계속 딜 후에 전사 죽으면 디바 빼고 아이언 바디로 스위칭



6. 궁수-법사 순으로 깨어나서 태그매치.



7. 4번이랑 한무반복

일케 깸여",전 전 디바이드 궁 폭시 법 없음 1 2 9 가서 법사 스킬 장착 준비 후 포탈 눌러 2 10 가자마자 힐 장착 2 계속 하다가 전사 뻗으면 블헤 장착 3 다 죽고 전사 간발의 차로 깨어나면 궁수 법사 순서대로 깨어남 4 계속하다가 헤도 장착 준비하면서 전멸하기 직전에 헤도 장착 아니면 킵 5 전사 깨어나면 계속 딜 후에 전사 죽으면 디바 빼고 아이언 바디로 스위칭 6 궁수 법사 순으로 깨어나서 태그매치 7 4번이랑 한무반복 일케 깸여,"['전', '디바이드', '궁', '폭', '시', '법', '없', '가', '법사', '스킬', '장착', '준비', '후', '포탈', '누르', '가', '힐', '장착', '하', '전사', '뻗', '헤', '장착', '죽', '전사', '간발', '차', '깨어나', '궁수', '법사', '순서', '깨어나', '계속', '장착', '준비', '전멸', '직전', '장착', '킵', '전사', '깨어나', '딜', '후', '전사', '죽', '디바', '빼', '아이언', '바디', '스위칭', '궁수', '법사', '순', '깨어나', '태그', '매치', '번', '한무', '반복', '일', '깨']",False,해당없음,1.0,,gemini
xLPWWv_-gwI,"이거 알았을때 이미 전사 30렙이었는데 이러면 전사가 늦게죽어서 1틱차이로 부활이 안되더라...
결국 궁수 31렙찍고 잡음",0,2026-07-28 01:54:45+00:00,"이거 알았을때 이미 전사 30렙이었는데 이러면 전사가 늦게죽어서 1틱차이로 부활이 안되더라...
결국 궁수 31렙찍고 잡음",이거 알았을때 이미 전사 30렙이었는데 이러면 전사가 늦게죽어서 1틱차이로 부활이 안되더라 결국 궁수 31렙찍고 잡음,"['알', '때', '전사', '30렙', '이러', '전사', '늦', '죽', '틱', '차이', '부활', '되', '궁수', '31렙', '찍', '잡']",False,해당없음,1.0,,gemini
xLPWWv_-gwI,한국인 특,0,2026-07-28 01:39:41+00:00,한국인 특,한국인 특,"['한국인', '특']",False,해당없음,1.0,,gemini
xLPWWv_-gwI,귀찮네 그냥 언젠간 깨겠지...,0,2026-07-28 01:21:37+00:00,귀찮네 그냥 언젠간 깨겠지...,귀찮네 그냥 언젠간 깨겠지,"['귀찮', '깨']",False,해당없음,1.0,,gemini
xLPWWv_-gwI,확률주작임 이거,0,2026-07-27 23:44:46+00:00,확률주작임 이거,확률주작임 이거,"['확률', '주', '작']",False,해당없음,1.0,,gemini
xLPWWv_-gwI,그냥 궁수 엔버링크 받고가셈 그냥깨짐,0,2026-07-27 23:38:44+00:00,그냥 궁수 엔버링크 받고가셈 그냥깨짐,그냥 궁수 엔버링크 받고가셈 그냥깨짐,"['궁수', '엔버', '링크', '받', '가', '깨지']",False,해당없음,1.0,,gemini
xLPWWv_-gwI,극적인 영상 넣어둔거 왜케 귀엽지 수염 덥수룩한 사람일수도 있긴한데,0,2026-07-27 19:21:25+00:00,극적인 영상 넣어둔거 왜케 귀엽지 수염 덥수룩한 사람일수도 있긴한데,극적인 영상 넣어둔거 왜케 귀엽지 수염 덥수룩한 사람일수도 있긴한데,"['극', '영상', '넣', '거', '귀엽', '수염', '덥수룩', '사람', '수', '있']",False,해당없음,1.0,,gemini
HVSa7aqX5Tk,데슬 << 천상천하 이펙트 GOAT 직업,0,2026-07-27 19:12:55+00:00,데슬 << 천상천하 이펙트 GOAT 직업,데슬 천상천하 이펙트 GOAT 직업,"['데스', '천상천하', '이펙트', '직업']",False,해당없음,1.0,,gemini
xLPWWv_-gwI,감사합니다! 한 시간 걸렸어요!,0,2026-07-27 16:26:36+00:00,감사합니다! 한 시간 걸렸어요!,감사합니다 한 시간 걸렸어요,"['감사', '시간', '걸리']",False,해당없음,1.0,,gemini
Kf3X8XakvHk,에스페시아 2일 까먹어서 많이 뒤쳐짐...,0,2026-07-27 16:22:02+00:00,에스페시아 2일 까먹어서 많이 뒤쳐짐...,에스페시아 2일 까먹어서 많이 뒤쳐짐,"['에스페시아', '일', '까먹', '뒤쳐지']",False,해당없음,1.0,,gemini
xLPWWv_-gwI,대적자 브금 너무큼,0,2026-07-27 16:12:17+00:00,대적자 브금 너무큼,대적자 브금 너무큼,"['대적자', '브금', '크']",False,해당없음,1.0,,gemini
xLPWWv_-gwI,어차피 카오스 초반에서 경쿠만 털어먹고 끝낼건데 하루종일 메키만 보고있음ㅅㅂ,0,2026-07-27 16:08:30+00:00,어차피 카오스 초반에서 경쿠만 털어먹고 끝낼건데 하루종일 메키만 보고있음ㅅㅂ,어차피 카오스 초반에서 경쿠만 털어먹고 끝낼건데 하루종일 메키만 보고있음ㅅㅂ,"['카오스', '초반', '경쿠', '털', '먹', '끝내', '거', '하루', '종일', '메키', '보']",False,해당없음,1.0,,gemini
xLPWWv_-gwI,오늘 2-6깼는데 다들 어제 깬거보고 식겁함 방치만한것도 아니고 개열심히 했는데 ㅋㅋㅋ,2,2026-07-27 15:58:19+00:00,오늘 2-6깼는데 다들 어제 깬거보고 식겁함 방치만한것도 아니고 개열심히 했는데 ㅋㅋㅋ,오늘 2 6깼는데 다들 어제 깬거보고 식겁함 방치만한것도 아니고 개열심히 했는데 ㅋㅋ,"['오늘', '깨', '깨', '거', '보', '식겁', '함', '방치', '하', '것', '개', '하']",False,해당없음,1.0,,gemini
xLPWWv_-gwI,이렇게까지...?,0,2026-07-27 15:42:13+00:00,이렇게까지...?,이렇게까지 ?,['이렇'],True,기타,0.8,,gemini
xLPWWv_-gwI,걍 방치할게여,0,2026-07-27 15:30:49+00:00,걍 방치할게여,걍 방치할게여,['방치'],False,해당없음,1.0,,gemini
xLPWWv_-gwI,법사템이 4단계 먼저 되는건 무슨 코드인가? 죄다 법사템부터 4단계찍고 시작하네~ 궁수 레벨이 33인데 아직도 3단계인데...ㅜㅜ,2,2026-07-27 15:23:05+00:00,법사템이 4단계 먼저 되는건 무슨 코드인가? 죄다 법사템부터 4단계찍고 시작하네~ 궁수 레벨이 33인데 아직도 3단계인데...ㅜㅜ,법사템이 4단계 먼저 되는건 무슨 코드인가? 죄다 법사템부터 4단계찍고 시작하네 궁수 레벨이 33인데 아직도 3단계인데 ㅜㅜ,"['법사템', '단계', '되', '거', '코드', '법사템', '단계', '찍', '시작', '궁수', '레벨', '단계']",True,장비_아이템,0.95,,gemini
xLPWWv_-gwI,"이게 뭔 소리야 하고 여러번 하니까 깨졌다..
메붕이들 최고야...짜릿해..",0,2026-07-27 15:15:48+00:00,"이게 뭔 소리야 하고 여러번 하니까 깨졌다..
메붕이들 최고야...짜릿해..",이게 뭔 소리야 하고 여러번 하니까 깨졌다 메붕이들 최고야 짜릿해,"['소리', '하', '번', '하', '깨지', '메붕이', '최고']",False,해당없음,1.0,,gemini
xLPWWv_-gwI,이렇게 까지 하는 이유가 대체 뭔가요 방치만 해도 보상 다 받는 거 아녔어?,0,2026-07-27 14:50:58+00:00,이렇게 까지 하는 이유가 대체 뭔가요 방치만 해도 보상 다 받는 거 아녔어?,이렇게 까지 하는 이유가 대체 뭔가요 방치만 해도 보상 다 받는 거 아녔어?,"['이렇', '하', '이유', '방치', '하', '보상', '받', '거']",True,기타,0.95,,gemini
xLPWWv_-gwI,전사 디바이드 개짧던데 오라 -> 디바이드로 오라 딜레이동안 한마리라도 더 땡겨서 때리는게 이득아님?? 난 이렇게 했는데 디바이드 앞이 우선이라고????,0,2026-07-27 14:29:33+00:00,전사 디바이드 개짧던데 오라 -> 디바이드로 오라 딜레이동안 한마리라도 더 땡겨서 때리는게 이득아님?? 난 이렇게 했는데 디바이드 앞이 우선이라고????,전사 디바이드 개짧던데 오라 디바이드로 오라 딜레이동안 한마리라도 더 땡겨서 때리는게 이득아님?? 난 이렇게 했는데 디바이드 앞이 우선이라고??,"['전사', '디바이드', '개', '짧', '데', '오', '디바이드', '오', '하', '딜레이', '동안', '마리', '땡기', '때리', '것', '이득', '이렇', '하', '디바이드', '앞', '우선']",True,사냥,0.95,,gemini
xLPWWv_-gwI,다른 공략 다 모르겠고 30 29 18렙 이거보고 깼습니다 감사합니다,0,2026-07-27 14:25:15+00:00,다른 공략 다 모르겠고 30 29 18렙 이거보고 깼습니다 감사합니다,다른 공략 다 모르겠고 30 29 18렙 이거보고 깼습니다 감사합니다,"['공략', '모르', '렙', '보', '깨', '감사']",False,해당없음,1.0,,gemini
xLPWWv_-gwI,1-10 여러번 트라이 만에 전사 두번 부활하고 힐 쓰자마자 뺏다 꼇다가 두번째 힐 터져서 깸,0,2026-07-27 14:05:09+00:00,1-10 여러번 트라이 만에 전사 두번 부활하고 힐 쓰자마자 뺏다 꼇다가 두번째 힐 터져서 깸,1 10 여러번 트라이 만에 전사 두번 부활하고 힐 쓰자마자 뺏다 꼇다가 두번째 힐 터져서 깸,"['번', '트라이', '만', '전사', '번', '부활', '힐', '쓰', '뺏', '끼', '번', '힐', '터지', '깨']",False,해당없음,1.0,,gemini
xLPWWv_-gwI,방치형이라고 이 양반들아...😂😂,3,2026-07-27 13:51:41+00:00,방치형이라고 이 양반들아...😂😂,방치형이라고 이 양반들아,"['방치', '양반']",False,해당없음,1.0,,gemini
xLPWWv_-gwI,귀찮은분은 걍 궁수31렙까지 방치하세요 그러면 2-10 걍 딜찍됨 지금 올라오는건 최소컷 깎는것들이라 그럼,1,2026-07-27 13:40:11+00:00,귀찮은분은 걍 궁수31렙까지 방치하세요 그러면 2-10 걍 딜찍됨 지금 올라오는건 최소컷 깎는것들이라 그럼,귀찮은분은 걍 궁수31렙까지 방치하세요 그러면 2 10 걍 딜찍됨 지금 올라오는건 최소컷 깎는것들이라 그럼,"['귀찮', '분', '궁수', '렙', '방치', '딜', '되', '올라오', '거', '최소', '컷', '깎', '것', '그러']",False,해당없음,1.0,,gemini
xLPWWv_-gwI,"공략은모르겠고 계속부활하다가 어떻게깻는데 3-1부터 드랍 지린다 
5티어장비 막뜬느거보고 장비합성 존나할동안 걍놔두고 올라가서 장비파밍해도 상관업을듯 켜놓고 큐브만 미리모아놓으면 될거같음",0,2026-07-27 13:36:59+00:00,"공략은모르겠고 계속부활하다가 어떻게깻는데 3-1부터 드랍 지린다 
5티어장비 막뜬느거보고 장비합성 존나할동안 걍놔두고 올라가서 장비파밍해도 상관업을듯 켜놓고 큐브만 미리모아놓으면 될거같음",공략은모르겠고 계속부활하다가 어떻게깻는데 3 1부터 드랍 지린다 5티어장비 막뜬느거보고 장비합성 존나할동안 걍놔두고 올라가서 장비파밍해도 상관업을듯 켜놓고 큐브만 미리모아놓으면 될거같음,"['공략', '모르', '부활', '어떻', '깨', '드랍', '지린다', '5티어장비', '막뜬느', '거', '보', '장비', '합성', '하', '동안', '놔두', '올라가', '장비파밍', '하', '상관', '업', '듯', '켜', '큐브', '모으', '되', '거', '같']",False,해당없음,1.0,,gemini
xLPWWv_-gwI,"이미 할게 존나 많았는데, 어떤 새끼가 할 거 없다고 반복 요구했는지 ㅆㅂ.....
할게 더 많아졌어.........하..............................................................................

할게 많은 전사 D지기 직전!!! 8:04",0,2026-07-27 13:20:01+00:00,"이미 할게 존나 많았는데, 어떤 새끼가 할 거 없다고 반복 요구했는지 ㅆㅂ.....
할게 더 많아졌어.........하..............................................................................

할게 많은 전사 D지기 직전!!! 8:04",이미 할게 존나 많았는데 어떤 새끼가 할 거 없다고 반복 요구했는지 ㅆㅂ 할게 더 많아졌어 하 할게 많은 전사 D지기 직전 8 04,"['하', '것', '많', '새끼', '하', '거', '없', '반복', '요구', '하', '것', '많', '하', '것', '많', '전사', '지', '직전']",False,해당없음,1.0,,gemini
xLPWWv_-gwI,3-4인데 여기부터가 진짜 벽임,1,2026-07-27 13:08:10+00:00,3-4인데 여기부터가 진짜 벽임,3 4인데 여기부터가 진짜 벽임,"['진짜', '벽']",False,해당없음,0.95,,gemini
xLPWWv_-gwI,"넥슨의 의도: 방치만 하면 자연스럽게 스테이지 클리어
현실: 모든 메붕이들이 최소컷 빌드 깎는 노인",0,2026-07-27 12:57:55+00:00,"넥슨의 의도: 방치만 하면 자연스럽게 스테이지 클리어
현실: 모든 메붕이들이 최소컷 빌드 깎는 노인",넥슨의 의도 방치만 하면 자연스럽게 스테이지 클리어 현실 모든 메붕이들이 최소컷 빌드 깎는 노인,"['넥슨', '의도', '방치', '하', '자연', '스테이지', '클리어', '현실', '메붕이', '최소', '컷', '빌', '드', '깎', '노인']",False,해당없음,1.0,,gemini
xLPWWv_-gwI,난 적당히 하고있었는데 어젠가 2-10 최소컷글 올라오고 3-1 보만튀로 5단계 장비들 먹는거보고 따라하고 있어서 너무 스트레스임.. 적당히 손 안타는 컨텐츠를 내야지 남들과 비교되서 안할수도 없고,0,2026-07-27 12:47:35+00:00,난 적당히 하고있었는데 어젠가 2-10 최소컷글 올라오고 3-1 보만튀로 5단계 장비들 먹는거보고 따라하고 있어서 너무 스트레스임.. 적당히 손 안타는 컨텐츠를 내야지 남들과 비교되서 안할수도 없고,난 적당히 하고있었는데 어젠가 2 10 최소컷글 올라오고 3 1 보만튀로 5단계 장비들 먹는거보고 따라하고 있어서 너무 스트레스임 적당히 손 안타는 컨텐츠를 내야지 남들과 비교되서 안할수도 없고,"['하', '어제', '최소', '컷', '글', '올라오', '보만튀로', '단계', '장비', '먹', '거', '보', '따르', '하', '스트레스', '손', '타', '컨텐츠', '내', '남', '비교', '하', '수', '없']",False,해당없음,1.0,,gemini
xLPWWv_-gwI,와 씁빡!!!! 전사 30렙인데 28레벨 공략하고 29레벨공략보고 3시간트라이했는데 안되길레 포기하고 침대 누웠는데 이게 떠서 보고 마지막이다 생각하고 따라했는데 성불했습니다... 하... 감삼다...,0,2026-07-27 12:44:44+00:00,와 씁빡!!!! 전사 30렙인데 28레벨 공략하고 29레벨공략보고 3시간트라이했는데 안되길레 포기하고 침대 누웠는데 이게 떠서 보고 마지막이다 생각하고 따라했는데 성불했습니다... 하... 감삼다...,와 씁빡 전사 30렙인데 28레벨 공략하고 29레벨공략보고 3시간트라이했는데 안되길레 포기하고 침대 누웠는데 이게 떠서 보고 마지막이다 생각하고 따라했는데 성불했습니다 하 감삼다,"['전사', '30렙', '레벨', '공략', '레벨', '공략', '보고', '시간트라이', '하', '되', '레', '포기', '침대', '눕', '뜨', '보', '마지막', '생각', '따르', '하', '성불', '감사']",False,해당없음,1.0,,gemini
xLPWWv_-gwI,이렇게까지 해야되는거야…?,0,2026-07-27 12:37:06+00:00,이렇게까지 해야되는거야…?,이렇게까지 해야되는거야 ?,"['이렇', '하', '되', '거']",True,기타,0.8,,gemini
xLPWWv_-gwI,이렇게까지 해야하낰ㅋㅋㅋ 분명 방치형인데 공략이 계속올라와 심지어 템세팅돜ㅋ,0,2026-07-27 12:32:25+00:00,이렇게까지 해야하낰ㅋㅋㅋ 분명 방치형인데 공략이 계속올라와 심지어 템세팅돜ㅋ,이렇게까지 해야하낰ㅋㅋ 분명 방치형인데 공략이 계속올라와 심지어 템세팅돜ㅋ,"['이렇', '하', '방치', '공략', '올라오', '템', '세팅']",False,해당없음,0.95,,gemini
xLPWWv_-gwI,"궁금한게  전사 스킬 순서에서
디바이드 먼저 하니까   오라가 쿨 밀림있는데 괜찮나요?
그리고 전사 디바이드가   법사 플레임처럼 범위가좁네요",0,2026-07-27 12:28:37+00:00,"궁금한게  전사 스킬 순서에서
디바이드 먼저 하니까   오라가 쿨 밀림있는데 괜찮나요?
그리고 전사 디바이드가   법사 플레임처럼 범위가좁네요",궁금한게 전사 스킬 순서에서 디바이드 먼저 하니까 오라가 쿨 밀림있는데 괜찮나요? 그리고 전사 디바이드가 법사 플레임처럼 범위가좁네요,"['궁금하', '것', '전사', '스킬', '순서', '디바이드', '하', '오라', '쿨', '밀림', '있', '괜찮', '전사', '디바이드', '법사', '플레임', '범위', '좁']",True,스킬_6차,0.95,,gemini
xLPWWv_-gwI,29/28/19 이거 보고 15트 정도 하고 깼습니다..!!!!,0,2026-07-27 12:11:54+00:00,29/28/19 이거 보고 15트 정도 하고 깼습니다..!!!!,29 28 19 이거 보고 15트 정도 하고 깼습니다,"['보', '트', '정도', '하', '깨']",False,해당없음,1.0,,gemini
xLPWWv_-gwI,와 한 1시간 했나? 드디어 깼네 ㅋㅋ,0,2026-07-27 11:59:14+00:00,와 한 1시간 했나? 드디어 깼네 ㅋㅋ,와 한 1시간 했나? 드디어 깼네 ㅋㅋ,"['시간', '깨']",False,해당없음,1.0,,gemini
xLPWWv_-gwI,하는데 계속 법사가 궁수 앞으로감...,0,2026-07-27 11:57:47+00:00,하는데 계속 법사가 궁수 앞으로감...,하는데 계속 법사가 궁수 앞으로감,"['하', '법사', '궁수', '앞', '가']",True,시스템,0.8,,gemini
xLPWWv_-gwI,클리어 영상 공유한거 귀여우시네요,0,2026-07-27 11:51:55+00:00,클리어 영상 공유한거 귀여우시네요,클리어 영상 공유한거 귀여우시네요,"['클리어', '영상', '공유', '거', '귀엽']",False,해당없음,1.0,,gemini
xLPWWv_-gwI,왜...방치형인데 이렇게까지 하는 건데...,0,2026-07-27 11:42:21+00:00,왜...방치형인데 이렇게까지 하는 건데...,왜 방치형인데 이렇게까지 하는 건데,"['방치', '이렇', '하', '거']",True,기타,0.9,,gemini
xLPWWv_-gwI,"메키 그 n차 통수를 당하고도 왜 하나 했더니 이래서였구나ㅋㅋㅋ
메키 하지는 않을 거지만 이번 이벤은 재밌다ㅋㅋ",0,2026-07-27 11:39:00+00:00,"메키 그 n차 통수를 당하고도 왜 하나 했더니 이래서였구나ㅋㅋㅋ
메키 하지는 않을 거지만 이번 이벤은 재밌다ㅋㅋ",메키 그 n차 통수를 당하고도 왜 하나 했더니 이래서였구나ㅋㅋ 메키 하지는 않을 거지만 이번 이벤은 재밌다ㅋㅋ,"['메키', '차', '통수', '당하', '하', '하', '이렇', '메', '키', '하', '거', '이번', '이벤', '재밌']",False,해당없음,1.0,,gemini
xLPWWv_-gwI,아무도 방치 안하고 최선을 다해 즐기는중인 울티마 스쿼드,1,2026-07-27 11:31:09+00:00,아무도 방치 안하고 최선을 다해 즐기는중인 울티마 스쿼드,아무도 방치 안하고 최선을 다해 즐기는중인 울티마 스쿼드,"['방치', '하', '최선', '즐기', '중', '울티마', '스쿼드']",False,해당없음,1.0,,gemini
xLPWWv_-gwI,아니 미니게임에 빌드를 짠다고? 다들 쌀조각에 이토록 진심이였구나 ㅋㅋㅋㅋㅋㅋㅋㅋㅋ,1,2026-07-27 11:18:10+00:00,아니 미니게임에 빌드를 짠다고? 다들 쌀조각에 이토록 진심이였구나 ㅋㅋㅋㅋㅋㅋㅋㅋㅋ,아니 미니게임에 빌드를 짠다고? 다들 쌀조각에 이토록 진심이였구나 ㅋㅋ,"['미니', '게임', '빌', '드', '짜', '다', '쌀', '조각', '진심']",False,해당없음,1.0,,gemini
xLPWWv_-gwI,이거 보고 2-6 깻네여 ㅋㅋ 근데 마지막 전사는 아이언 바디로 다시 스위칭해서 퓨탱으로 굴리는게 보스에서 좋더라구여,0,2026-07-27 11:12:08+00:00,이거 보고 2-6 깻네여 ㅋㅋ 근데 마지막 전사는 아이언 바디로 다시 스위칭해서 퓨탱으로 굴리는게 보스에서 좋더라구여,이거 보고 2 6 깻네여 ㅋㅋ 근데 마지막 전사는 아이언 바디로 다시 스위칭해서 퓨탱으로 굴리는게 보스에서 좋더라구여,"['보', '깨', '마지막', '전사', '아이언', '바디', '스위칭', '퓨탱', '굴리', '것', '보스', '좋']",False,해당없음,1.0,,gemini
xLPWWv_-gwI,제일놀라운건 아직 법사템도 없는데 4단계 장비 법사만떠서 법사는 4단계 풀셋인게 석 ㅈㄴ나감,50,2026-07-27 11:05:59+00:00,제일놀라운건 아직 법사템도 없는데 4단계 장비 법사만떠서 법사는 4단계 풀셋인게 석 ㅈㄴ나감,제일놀라운건 아직 법사템도 없는데 4단계 장비 법사만떠서 법사는 4단계 풀셋인게 석 ㅈㄴ나감,"['놀랍', '거', '법사템', '없', '데', '단계', '장비', '법사', '뜨', '법사', '단계', '풀', '것', '석', '나가']",False,해당없음,1.0,,gemini
xLPWWv_-gwI,이거보고 2-10깼음!,0,2026-07-27 11:02:26+00:00,이거보고 2-10깼음!,이거보고 2 10깼음,"['보', '깨']",False,해당없음,1.0,,gemini
xLPWWv_-gwI,방치형 게임 (현생 방치),2,2026-07-27 10:58:07+00:00,방치형 게임 (현생 방치),방치형 게임 현생 방치,"['방치', '게임', '현생', '방치']",False,해당없음,1.0,,gemini
xLPWWv_-gwI,그냥 방치해서 렙올린다음깰란다,0,2026-07-27 10:55:57+00:00,그냥 방치해서 렙올린다음깰란다,그냥 방치해서 렙올린다음깰란다,"['방치', '렙', '올리', '다음', '깨']",False,해당없음,1.0,,gemini
xLPWWv_-gwI,난 왜 궁수 장비 만 4렙 3개지?,0,2026-07-27 10:53:39+00:00,난 왜 궁수 장비 만 4렙 3개지?,난 왜 궁수 장비 만 4렙 3개지?,"['궁수', '장비', '렙', '개']",True,장비_아이템,0.9,,gemini
xLPWWv_-gwI,이거 전사 체력이 너무 높아지면 택틱이 좀 달라지나봄 비틀다 보니 깨졌다,1,2026-07-27 10:52:31+00:00,이거 전사 체력이 너무 높아지면 택틱이 좀 달라지나봄 비틀다 보니 깨졌다,이거 전사 체력이 너무 높아지면 택틱이 좀 달라지나봄 비틀다 보니 깨졌다,"['전사', '체력', '높', '택틱', '달라지', '비틀', '깨지']",False,해당없음,0.95,,gemini
xLPWWv_-gwI,와.... 이렇게까지 해야돼? ㄷㄷㄷㄷ 걍 냅둘래,1,2026-07-27 10:52:08+00:00,와.... 이렇게까지 해야돼? ㄷㄷㄷㄷ 걍 냅둘래,와 이렇게까지 해야돼? ㄷㄷ 걍 냅둘래,"['이렇', '하', '되', '냅두']",False,해당없음,1.0,,gemini
xLPWWv_-gwI,"그냥 방치형이면 냅두겠는데 창섭이형이 보상 싹다 받으려면 좀 해야한다고 하지 않았음? 그것때문에 다들 최대한 빨리 보상 다 챙기고 신경쓸거 줄이려고 난리인거 같은데
합성 법사템만 주구장창 나와서 전/궁 2928 인데 4티어 장비 1개씩 끼고있고 법사는 13인데 4티어 장비 2개 들고있음 확률 이거 맞음? ㅅㅂ",0,2026-07-27 10:51:19+00:00,"그냥 방치형이면 냅두겠는데 창섭이형이 보상 싹다 받으려면 좀 해야한다고 하지 않았음? 그것때문에 다들 최대한 빨리 보상 다 챙기고 신경쓸거 줄이려고 난리인거 같은데
합성 법사템만 주구장창 나와서 전/궁 2928 인데 4티어 장비 1개씩 끼고있고 법사는 13인데 4티어 장비 2개 들고있음 확률 이거 맞음? ㅅㅂ",그냥 방치형이면 냅두겠는데 창섭이형이 보상 싹다 받으려면 좀 해야한다고 하지 않았음? 그것때문에 다들 최대한 빨리 보상 다 챙기고 신경쓸거 줄이려고 난리인거 같은데 합성 법사템만 주구장창 나와서 전 궁 2928 인데 4티어 장비 1개씩 끼고있고 법사는 13인데 4티어 장비 2개 들고있음 확률 이거 맞음? ㅅㅂ,"['방치', '냅두', '창섭', '형', '보상', '받', '하', '하', '때문', '보상', '챙기', '신경', '쓰', '거', '줄이', '난리', '거', '같', '합성', '법사템', '구장', '창', '나오', '전', '궁', '티', '어', '장비', '개', '끼', '법사', '티', '어', '장비', '개', '들', '확률', '맞']",True,기타,0.9,,gemini
xLPWWv_-gwI,어차피 현생이슈로 방치 레벨업만 하면 개추... ㅠㅠ 아이템 얻고싶당,0,2026-07-27 10:51:16+00:00,어차피 현생이슈로 방치 레벨업만 하면 개추... ㅠㅠ 아이템 얻고싶당,어차피 현생이슈로 방치 레벨업만 하면 개추 ㅠㅠ 아이템 얻고싶당,"['현생', '이슈', '방치', '레벨', '업', '하', '개', '추', '아이템', '얻']",False,해당없음,1.0,,gemini
xLPWWv_-gwI,경험치 생각하면 2-7이긴한데 3-1에서 5렙 한번씩 주워먹으면 내려가기 쉽지않음ㅋㅋㅋ,2,2026-07-27 10:48:21+00:00,경험치 생각하면 2-7이긴한데 3-1에서 5렙 한번씩 주워먹으면 내려가기 쉽지않음ㅋㅋㅋ,경험치 생각하면 2 7이긴한데 3 1에서 5렙 한번씩 주워먹으면 내려가기 쉽지않음ㅋㅋ,"['경험치', '생각', '5렙', '번', '줍', '먹', '내려가', '쉽']",False,해당없음,1.0,,gemini
xLPWWv_-gwI,3:00 왜이렇게 빨리죽나요!!!!,0,2026-07-27 10:42:49+00:00,3:00 왜이렇게 빨리죽나요!!!!,3 00 왜이렇게 빨리죽나요,"['이렇', '죽']",True,보스,0.95,,gemini
xLPWWv_-gwI,딱 29 28 18에서 2-10 막혀서 스킬 교체 트라이 연구중이었는데 공략이 올라왔네.,0,2026-07-27 10:37:49+00:00,딱 29 28 18에서 2-10 막혀서 스킬 교체 트라이 연구중이었는데 공략이 올라왔네.,딱 29 28 18에서 2 10 막혀서 스킬 교체 트라이 연구중이었는데 공략이 올라왔네,"['막히', '스킬', '교체', '트라이', '연구', '중', '공략', '올라오']",False,해당없음,1.0,,gemini
xLPWWv_-gwI,이게 되네.. 덕분에 깼습니다,0,2026-07-27 10:35:01+00:00,이게 되네.. 덕분에 깼습니다,이게 되네 덕분에 깼습니다,"['되', '덕분', '깨']",False,해당없음,1.0,,gemini
xLPWWv_-gwI,극단적 고관여 미니게임ㄷㄷ,2,2026-07-27 10:25:24+00:00,극단적 고관여 미니게임ㄷㄷ,극단적 고관여 미니게임ㄷㄷ,"['극단', '관여', '미니', '게임']",False,해당없음,1.0,,gemini
WD11kJwi7qk,"넥슨 아이디 해킹 당했는데 문의 하니까 하이퍼 버닝x 다시 못하게 해준다 
문의 답변 10일 걸림 걍 넥슨 손절 침 ㅋㅋㅋㅋㅋㅋㅋㅋㅋ",1,2026-07-27 10:25:01+00:00,"넥슨 아이디 해킹 당했는데 문의 하니까 하이퍼 버닝x 다시 못하게 해준다 
문의 답변 10일 걸림 걍 넥슨 손절 침 ㅋㅋㅋㅋㅋㅋㅋㅋㅋ",넥슨 아이디 해킹 당했는데 문의 하니까 하이퍼 버닝x 다시 못하게 해준다 문의 답변 10일 걸림 걍 넥슨 손절 침 ㅋㅋ,"['넥슨', '아이디', '해킹', '당하', '문의', '하', '하이퍼', '버닝', '하', '문의', '답변', '일', '걸리', '넥슨', '손', '절', '치']",False,해당없음,1.0,,gemini
xLPWWv_-gwI,덕분에 30/30/21로 뚫었습니다!,0,2026-07-27 10:23:15+00:00,덕분에 30/30/21로 뚫었습니다!,덕분에 30 30 21로 뚫었습니다,"['덕분', '뚫']",False,해당없음,1.0,,gemini
xLPWWv_-gwI,2-6 전사 25렙 궁수 24렙으로 깨본 결과 전사를 몬스터 거의 다 잡고 죽일 때보다 몬스터 웨이브 초반에 죽였을 때 궁수 피조절이 원활하게 됐습니다. 체감상으로 30~40퍼 정도 까였던거 같습니다. 다들 최소컷 화이팅 하시길~,0,2026-07-27 10:16:00+00:00,2-6 전사 25렙 궁수 24렙으로 깨본 결과 전사를 몬스터 거의 다 잡고 죽일 때보다 몬스터 웨이브 초반에 죽였을 때 궁수 피조절이 원활하게 됐습니다. 체감상으로 30~40퍼 정도 까였던거 같습니다. 다들 최소컷 화이팅 하시길~,2 6 전사 25렙 궁수 24렙으로 깨본 결과 전사를 몬스터 거의 다 잡고 죽일 때보다 몬스터 웨이브 초반에 죽였을 때 궁수 피조절이 원활하게 됐습니다 체감상으로 30 40퍼 정도 까였던거 같습니다 다들 최소컷 화이팅 하시길,"['전사', '25렙', '궁', '수', '렙', '깨', '결과', '전사', '몬스터', '잡', '죽이', '때', '몬스터', '웨이브', '초반', '죽이', '때', '궁수', '피', '조절', '원활', '되', '체감', '퍼', '정도', '까', '이', '거', '같', '최소', '컷', '하']",False,해당없음,1.0,,gemini
xLPWWv_-gwI,"방치형은 무슨 하루종일 템깎고 빌드 바꿔보고 딴거 할 시간이 없다
방치 = 이거 정조대임",3,2026-07-27 10:14:00+00:00,"방치형은 무슨 하루종일 템깎고 빌드 바꿔보고 딴거 할 시간이 없다
방치 = 이거 정조대임",방치형은 무슨 하루종일 템깎고 빌드 바꿔보고 딴거 할 시간이 없다 방치 이거 정조대임,"['방치', '하루', '종일', '템', '깎', '빌드', '바꾸', '거', '하', '시간', '없', '방치', '정조대']",False,해당없음,1.0,,gemini
xLPWWv_-gwI,안깨져서 냅두고 있었는데 빌드 따라 하니까 바로 원트 클 했네;;;;,0,2026-07-27 10:10:56+00:00,안깨져서 냅두고 있었는데 빌드 따라 하니까 바로 원트 클 했네;;;;,안깨져서 냅두고 있었는데 빌드 따라 하니까 바로 원트 클 했네,"['깨지', '냅두', '빌', '드', '따르', '하', '원트', '클', '하']",False,해당없음,1.0,,gemini
xLPWWv_-gwI,빌드 보는데 어이가 없네 ㅋㅋㅋㅋㅋㅋ;,0,2026-07-27 10:06:56+00:00,빌드 보는데 어이가 없네 ㅋㅋㅋㅋㅋㅋ;,빌드 보는데 어이가 없네 ㅋㅋ,"['빌', '드', '보', '어이', '없']",False,해당없음,1.0,,gemini
xLPWWv_-gwI,장비  3티어가 계속 똑같은것만 나오는데 버그 아니냐고~~~~,2,2026-07-27 09:58:51+00:00,장비  3티어가 계속 똑같은것만 나오는데 버그 아니냐고~~~~,장비 3티어가 계속 똑같은것만 나오는데 버그 아니냐고,"['장비', '티', '어', '똑같', '것', '나오', '버그']",True,시스템,0.95,,gemini
xLPWWv_-gwI,자신들이 사랑하는 게임에 한 없이 끝을 봐야 하는 인간의 자연스러운 모습,0,2026-07-27 09:45:52+00:00,자신들이 사랑하는 게임에 한 없이 끝을 봐야 하는 인간의 자연스러운 모습,자신들이 사랑하는 게임에 한 없이 끝을 봐야 하는 인간의 자연스러운 모습,"['자신', '사랑', '게임', '한', '끝', '보', '인간', '자연', '모습']",False,해당없음,1.0,,gemini
xLPWWv_-gwI,난 템 1단계만 나와서 이제 4템 3개정도 합성해서 끼는데 4템 풀셋둘둘하는애들 뭐임,0,2026-07-27 09:44:15+00:00,난 템 1단계만 나와서 이제 4템 3개정도 합성해서 끼는데 4템 풀셋둘둘하는애들 뭐임,난 템 1단계만 나와서 이제 4템 3개정도 합성해서 끼는데 4템 풀셋둘둘하는애들 뭐임,"['터', '단계', '나오', '터', '개', '정도', '합성', '끼', '데', '터', '풀셋', '하', '애']",True,장비_아이템,0.95,,gemini
xLPWWv_-gwI,"보스는 돌기 싫고 사냥은 귀찮고 울티마는 너무 재밋음
세르니움 입성 헤헤",7,2026-07-27 09:38:12+00:00,"보스는 돌기 싫고 사냥은 귀찮고 울티마는 너무 재밋음
세르니움 입성 헤헤",보스는 돌기 싫고 사냥은 귀찮고 울티마는 너무 재밋음 세르니움 입성 헤헤,"['보스', '돌', '싫', '사냥', '귀찮', '울티마', '재밋음', '세르니움', '입성']",False,해당없음,1.0,,gemini
xLPWWv_-gwI,"공식 메이플 클라 속 방치형 메키, 공식 리부트 밑에 클래식 이렇게 넣어두면 메이플 그냥 개 미친게임될거같은데",0,2026-07-27 09:33:06+00:00,"공식 메이플 클라 속 방치형 메키, 공식 리부트 밑에 클래식 이렇게 넣어두면 메이플 그냥 개 미친게임될거같은데",공식 메이플 클라 속 방치형 메키 공식 리부트 밑에 클래식 이렇게 넣어두면 메이플 그냥 개 미친게임될거같은데,"['공식', '메이플', '크', '속', '방치', '메', '키', '공식', '리부트', '밑', '클래식', '이렇', '넣', '메이플', '개', '미치', '게임', '되', '거', '같']",False,해당없음,1.0,,gemini
xLPWWv_-gwI,노트북 켜두면 터질라그래요...,0,2026-07-27 09:28:30+00:00,노트북 켜두면 터질라그래요...,노트북 켜두면 터질라그래요,"['노트북', '켜', '터지', '그렇']",False,해당없음,1.0,,gemini
xLPWWv_-gwI,6:59때 궁수 앞으로 전사 새치기해서 들어와서 속 다뒤집어놓은경험있으면 개추 ㅋㅋ,4,2026-07-27 09:28:29+00:00,6:59때 궁수 앞으로 전사 새치기해서 들어와서 속 다뒤집어놓은경험있으면 개추 ㅋㅋ,6 59때 궁수 앞으로 전사 새치기해서 들어와서 속 다뒤집어놓은경험있으면 개추 ㅋㅋ,"['때', '궁수', '앞', '전사', '새치기', '들어오', '속', '뒤집', '경험', '있', '개', '추']",False,해당없음,1.0,,gemini
xLPWWv_-gwI,이거보고 2-10클리어했습니다.. 개추,1,2026-07-27 09:21:29+00:00,이거보고 2-10클리어했습니다.. 개추,이거보고 2 10클리어했습니다 개추,"['보', '클리어', '개추']",False,해당없음,1.0,,gemini
xLPWWv_-gwI,2-10이미 깨고 보는사람은 개추~,0,2026-07-27 09:20:27+00:00,2-10이미 깨고 보는사람은 개추~,2 10이미 깨고 보는사람은 개추,"['깨', '보', '사람', '개추']",False,해당없음,1.0,,gemini
xLPWWv_-gwI,"영상의 2-10 궁수가 받고있는
독 데미지: 1557",0,2026-07-27 09:18:39+00:00,"영상의 2-10 궁수가 받고있는
독 데미지: 1557",영상의 2 10 궁수가 받고있는 독 데미지 1557,"['영상', '궁수', '받', '독', '데미지']",False,해당없음,1.0,,gemini
xLPWWv_-gwI,헤도로 독만 잘 씹으면 바로 깨지네요 굿굿,0,2026-07-27 09:15:03+00:00,헤도로 독만 잘 씹으면 바로 깨지네요 굿굿,헤도로 독만 잘 씹으면 바로 깨지네요 굿굿,"['헤도로', '독', '씹', '깨지', '굿', '굿']",False,해당없음,1.0,,gemini
xLPWWv_-gwI,이게 이런 게임이었어..?,0,2026-07-27 09:14:11+00:00,이게 이런 게임이었어..?,이게 이런 게임이었어 ?,['게임'],True,기타,0.9,,gemini
xLPWWv_-gwI,이미 2-10 깨고 3챕터 하고있으면서 맑음이라 보는 사람이면 개추 ㅋㅋ,1,2026-07-27 09:12:26+00:00,이미 2-10 깨고 3챕터 하고있으면서 맑음이라 보는 사람이면 개추 ㅋㅋ,이미 2 10 깨고 3챕터 하고있으면서 맑음이라 보는 사람이면 개추 ㅋㅋ,"['깨', '3챕터', '하', '맑', '보', '사람', '개', '추']",False,해당없음,1.0,,gemini
xLPWWv_-gwI,2-10 영상 감사합니다 바로 깻네요~,0,2026-07-27 09:10:02+00:00,2-10 영상 감사합니다 바로 깻네요~,2 10 영상 감사합니다 바로 깻네요,"['영상', '감사', '깨']",False,해당없음,1.0,,gemini
xLPWWv_-gwI,어떻게든 법사 빨리 열려고 2-6에서 궁수 폭시 스위칭하고 전사 아이언 바디 스위칭하면서 아득바득 깼는데ㅋㅋㅋ,0,2026-07-27 09:06:57+00:00,어떻게든 법사 빨리 열려고 2-6에서 궁수 폭시 스위칭하고 전사 아이언 바디 스위칭하면서 아득바득 깼는데ㅋㅋㅋ,어떻게든 법사 빨리 열려고 2 6에서 궁수 폭시 스위칭하고 전사 아이언 바디 스위칭하면서 아득바득 깼는데ㅋㅋ,"['어떻', '법사', '열', '궁수', '폭시', '스위칭', '전사', '아이언', '바디', '스위칭', '깨']",False,해당없음,1.0,,gemini
xLPWWv_-gwI,"약간 데미지 뜨는거 보는 재미도 있고, 무슨 태그 플레이마냥 전사죽고 궁수죽고 실패직전에 살아나는거 도파민도 재밌고 ㅋㅋㅋㅋㅋ 왜 방치형 게임 하는지 알거같음.. 생각보다 보는 맛이 있었음..",3,2026-07-27 09:03:50+00:00,"약간 데미지 뜨는거 보는 재미도 있고, 무슨 태그 플레이마냥 전사죽고 궁수죽고 실패직전에 살아나는거 도파민도 재밌고 ㅋㅋㅋㅋㅋ 왜 방치형 게임 하는지 알거같음.. 생각보다 보는 맛이 있었음..",약간 데미지 뜨는거 보는 재미도 있고 무슨 태그 플레이마냥 전사죽고 궁수죽고 실패직전에 살아나는거 도파민도 재밌고 ㅋㅋ 왜 방치형 게임 하는지 알거같음 생각보다 보는 맛이 있었음,"['데미지', '뜨', '거', '보', '재미', '있', '태그', '플레이', '전사', '죽', '궁수', '죽', '실패', '직전', '살아나', '거', '도파민', '재밌', '방치', '게임', '하', '알', '거', '같', '생각', '보', '맛', '있']",False,해당없음,1.0,,gemini
xLPWWv_-gwI,사람들이 너무 열심히 해서 덩달아 나도 열심히 하게 되는 갓겜...,2,2026-07-27 09:02:03+00:00,사람들이 너무 열심히 해서 덩달아 나도 열심히 하게 되는 갓겜...,사람들이 너무 열심히 해서 덩달아 나도 열심히 하게 되는 갓겜,"['사람', '하', '덩달', '하', '되', '것']",False,해당없음,1.0,,gemini
xLPWWv_-gwI,굳이 ㅇㅈㄹ하면서 이벤해야되냐 걍 천천히 할란다,1,2026-07-27 08:58:19+00:00,굳이 ㅇㅈㄹ하면서 이벤해야되냐 걍 천천히 할란다,굳이 ㅇㅈㄹ하면서 이벤해야되냐 걍 천천히 할란다,"['하', '이벤', '되', '하']",False,해당없음,1.0,,gemini
xLPWWv_-gwI,아침에 3-1 깨고 방치하는데 5티 은근 드랍 잘되서 개꿀잼,0,2026-07-27 08:57:42+00:00,아침에 3-1 깨고 방치하는데 5티 은근 드랍 잘되서 개꿀잼,아침에 3 1 깨고 방치하는데 5티 은근 드랍 잘되서 개꿀잼,"['아침', '깨', '방치', '티', '은근', '드랍', '되', '개꿀잼']",False,해당없음,1.0,,gemini
xLPWWv_-gwI,ㄹㅇ 스팩타클때보다 58000배는 재밌음,1,2026-07-27 08:53:05+00:00,ㄹㅇ 스팩타클때보다 58000배는 재밌음,ㄹㅇ 스팩타클때보다 5800배는 재밌음,"['스팩타클', '때', '배', '재밌']",False,해당없음,1.0,,gemini
xLPWWv_-gwI,이렇게까지 해야돼? 어?,0,2026-07-27 08:52:10+00:00,이렇게까지 해야돼? 어?,이렇게까지 해야돼? 어?,"['이렇', '하', '되']",False,해당없음,0.9,,gemini
xLPWWv_-gwI,1-7 1분30초 방치 장비 합성만 하면 한달뒤에 마스터 가능?,0,2026-07-27 08:43:18+00:00,1-7 1분30초 방치 장비 합성만 하면 한달뒤에 마스터 가능?,1 7 1분30초 방치 장비 합성만 하면 한달뒤에 마스터 가능?,"['분', '초', '방치', '장비', '합성', '하', '달', '뒤', '마스터', '가능']",True,육성_레벨링,0.95,,gemini
xLPWWv_-gwI,31 32렙되니까 오히려 2-10 독이 너무빨리나와서 안깨지는데요...,0,2026-07-27 08:41:46+00:00,31 32렙되니까 오히려 2-10 독이 너무빨리나와서 안깨지는데요...,31 32렙되니까 오히려 2 10 독이 너무빨리나와서 안깨지는데요,"['렙', '독', '나오', '깨지']",True,시스템,0.95,,gemini
xLPWWv_-gwI,"방치하라고 만들었는데 최적의 효율을 찾아서 방치가 안되게끔 하는 단합력, 어찌보면 도른자들 같고 다른 한편으로는 대단하다라고 생각도 들음",2,2026-07-27 08:41:02+00:00,"방치하라고 만들었는데 최적의 효율을 찾아서 방치가 안되게끔 하는 단합력, 어찌보면 도른자들 같고 다른 한편으로는 대단하다라고 생각도 들음",방치하라고 만들었는데 최적의 효율을 찾아서 방치가 안되게끔 하는 단합력 어찌보면 도른자들 같고 다른 한편으로는 대단하다라고 생각도 들음,"['방치', '만들', '최적', '효율', '찾', '방치', '되', '단합', '보', '도른', '같', '한편', '생각', '들']",False,해당없음,1.0,,gemini
xLPWWv_-gwI,울티마온라인재밌으면 개추 ㅋㅋ,1,2026-07-27 08:39:56+00:00,울티마온라인재밌으면 개추 ㅋㅋ,울티마온라인재밌으면 개추 ㅋㅋ,"['울티마 온라인', '재밌', '개', '추']",False,해당없음,1.0,,gemini
xLPWWv_-gwI,방치형이라며 방치형이라며,0,2026-07-27 08:39:50+00:00,방치형이라며 방치형이라며,방치형이라며 방치형이라며,"['방치', '방치']",False,해당없음,1.0,,gemini
xLPWWv_-gwI,"와 개하기싫네
그냥 렙빨로 2-10은 안밀리려나",0,2026-07-27 08:38:44+00:00,"와 개하기싫네
그냥 렙빨로 2-10은 안밀리려나",와 개하기싫네 그냥 렙빨로 2 10은 안밀리려나,"['개', '하', '싫', '렙빨', '밀리']",True,보스,0.8,,gemini
xLPWWv_-gwI,ㅁㅊ놈들아 ㅋㅋㅋㅋㅋㅋ최소컷깍으로고만든컨텐츠가아니란말이다 ㅋㅋㅋㅋㅋㅋㅋㅋㅋㅋㅋㅋㅋ,0,2026-07-27 08:37:11+00:00,ㅁㅊ놈들아 ㅋㅋㅋㅋㅋㅋ최소컷깍으로고만든컨텐츠가아니란말이다 ㅋㅋㅋㅋㅋㅋㅋㅋㅋㅋㅋㅋㅋ,ㅁㅊ놈들아 ㅋㅋ최소컷깍으로고만든컨텐츠가아니란말이다 ㅋㅋ,"['놈', '최소', '컷', '만들', '컨텐츠', '말']",False,해당없음,1.0,,gemini
xLPWWv_-gwI,한국인들이 대단한게 방치형 미니게임을 만들었는데 그걸 여러가지 조합을 짜가며 던전을 깨고 선발대로 가며 최소컷을 해버림 그냥 게임에 진심인 나라 1등,3,2026-07-27 08:36:26+00:00,한국인들이 대단한게 방치형 미니게임을 만들었는데 그걸 여러가지 조합을 짜가며 던전을 깨고 선발대로 가며 최소컷을 해버림 그냥 게임에 진심인 나라 1등,한국인들이 대단한게 방치형 미니게임을 만들었는데 그걸 여러가지 조합을 짜가며 던전을 깨고 선발대로 가며 최소컷을 해버림 그냥 게임에 진심인 나라 1등,"['한국인', '것', '방치', '미니', '게임', '만들', '가지', '조합', '짜', '던전', '깨', '선발대', '가', '최소', '컷', '하', '게임', '진심', '나라', '등']",False,해당없음,1.0,,gemini
xLPWWv_-gwI,3-4 클리어후 귀찮아서 3-1 자동 주차중인데 5단계 2개 먹었네요. 전 레벨보단 템드랍으로 가고있습니다,0,2026-07-27 08:36:20+00:00,3-4 클리어후 귀찮아서 3-1 자동 주차중인데 5단계 2개 먹었네요. 전 레벨보단 템드랍으로 가고있습니다,3 4 클리어후 귀찮아서 3 1 자동 주차중인데 5단계 2개 먹었네요 전 레벨보단 템드랍으로 가고있습니다,"['클리어', '후', '귀찮', '자동', '주차', '중', '단계', '개', '먹', '레벨', '템드랍', '가']",False,해당없음,1.0,,gemini
xLPWWv_-gwI,"어이 주인장,
3-6 공략이나 올려달라구",0,2026-07-27 08:32:03+00:00,"어이 주인장,
3-6 공략이나 올려달라구",어이 주인장 3 6 공략이나 올려달라구,"['주인장', '공략', '올리']",True,보스,0.95,,gemini
xLPWWv_-gwI,레벨 비슷해서 2-10 도전해봤는데 5트 해서 깼어요 굿,0,2026-07-27 08:28:28+00:00,레벨 비슷해서 2-10 도전해봤는데 5트 해서 깼어요 굿,레벨 비슷해서 2 10 도전해봤는데 5트 해서 깼어요 굿,"['레벨', '도전', '트', '깨', '굿']",False,해당없음,1.0,,gemini
xLPWWv_-gwI,힐스왑은 굳이 할 필요 없음. 스킬 바꾸는 시간 2초가 그냥 기다리는 시간보다 긺; 제대로 연구하고 만드셈,1,2026-07-27 08:25:53+00:00,힐스왑은 굳이 할 필요 없음. 스킬 바꾸는 시간 2초가 그냥 기다리는 시간보다 긺; 제대로 연구하고 만드셈,힐스왑은 굳이 할 필요 없음 스킬 바꾸는 시간 2초가 그냥 기다리는 시간보다 긺 제대로 연구하고 만드셈,"['힐', '스왑', '하', '필요', '없', '스킬', '바꾸', '시간', '초', '기다리', '시간', '길', '연구', '말', '드세']",False,해당없음,1.0,,gemini
xLPWWv_-gwI,이미 3지역 들어가서 그냥 남들 어떻게 하나 구경하러온 메붕이면 개추ㅋㅋ,1,2026-07-27 08:21:05+00:00,이미 3지역 들어가서 그냥 남들 어떻게 하나 구경하러온 메붕이면 개추ㅋㅋ,이미 3지역 들어가서 그냥 남들 어떻게 하나 구경하러온 메붕이면 개추ㅋㅋ,"['지역', '들어가', '남', '어떻', '하', '구경', '오', '메붕', '개추']",False,해당없음,1.0,,gemini
xLPWWv_-gwI,난 진짜 이것마저 최소컷 하려는 사람들이 정말 무섭다....,2,2026-07-27 08:21:03+00:00,난 진짜 이것마저 최소컷 하려는 사람들이 정말 무섭다....,난 진짜 이것마저 최소컷 하려는 사람들이 정말 무섭다,"['최소', '컷', '하', '사람', '무섭']",False,해당없음,1.0,,gemini
xLPWWv_-gwI,방치형이라면서 본메보다 더 빡겜하는게 방치인가 창섭이형!!,2,2026-07-27 08:17:31+00:00,방치형이라면서 본메보다 더 빡겜하는게 방치인가 창섭이형!!,방치형이라면서 본메보다 더 빡겜하는게 방치인가 창섭이형,"['방치', '하', '보', '메', '빡겜', '하', '것', '방치', '창섭', '형']",False,해당없음,0.9,,gemini
xLPWWv_-gwI,"2-10 야무지게 깼다
30 30 20 이여서 영상과 힐 쓰는 타이밍이 조금은 달라서 당황했지만 꿀팁 감사여",0,2026-07-27 08:17:11+00:00,"2-10 야무지게 깼다
30 30 20 이여서 영상과 힐 쓰는 타이밍이 조금은 달라서 당황했지만 꿀팁 감사여",2 10 야무지게 깼다 30 30 20 이여서 영상과 힐 쓰는 타이밍이 조금은 달라서 당황했지만 꿀팁 감사여,"['야무지', '깨', '영상', '힐', '쓰', '타이밍', '조금', '다르', '당황', '꿀', '팁', '감사']",False,해당없음,1.0,,gemini
xLPWWv_-gwI,"이제 메이플은 울티마 스쿼드 접속기가 되어버렸...
재획도 안하고 이것만 보게 됨 ㅋㅋㅋㅋ",3,2026-07-27 08:15:24+00:00,"이제 메이플은 울티마 스쿼드 접속기가 되어버렸...
재획도 안하고 이것만 보게 됨 ㅋㅋㅋㅋ",이제 메이플은 울티마 스쿼드 접속기가 되어버렸 재획도 안하고 이것만 보게 됨 ㅋㅋ,"['메이플', '울티마', '스쿼드', '접속기', '되', '재', '획', '하', '보', '되']",False,해당없음,1.0,,gemini
xLPWWv_-gwI,5판 실패하고 짜증나-서 안할까 하다가 6번째 깼네요 ㅋㅋㅋㅋ 이런 보스도 귀찮아서 잘 안 깎는데 딜찎누 아니면  안잡고   방치형을 깍고있네요 ㅋㅋㅋㅋㅋ,0,2026-07-27 08:14:38+00:00,5판 실패하고 짜증나-서 안할까 하다가 6번째 깼네요 ㅋㅋㅋㅋ 이런 보스도 귀찮아서 잘 안 깎는데 딜찎누 아니면  안잡고   방치형을 깍고있네요 ㅋㅋㅋㅋㅋ,5판 실패하고 짜증나 서 안할까 하다가 6번째 깼네요 ㅋㅋ 이런 보스도 귀찮아서 잘 안 깎는데 딜찎누 아니면 안잡고 방치형을 깍고있네요 ㅋㅋ,"['판', '실패', '짜증', '나', '하', '하', '번', '깨', '보스', '귀찮', '깎', '딜찎누', '잡', '방치', '깍']",False,해당없음,1.0,,gemini
xLPWWv_-gwI,미친사람들같아,2,2026-07-27 08:09:40+00:00,미친사람들같아,미친사람들같아,"['미치', '사람', '같']",False,해당없음,1.0,,gemini
xLPWWv_-gwI,모동숲도 경제개발 5개년 급으로 해재끼는게 한국인인데 이런거 쯤이야......,0,2026-07-27 08:08:27+00:00,모동숲도 경제개발 5개년 급으로 해재끼는게 한국인인데 이런거 쯤이야......,모동숲도 경제개발 5개년 급으로 해재끼는게 한국인인데 이런거 쯤이야,"['동', '숲', '경제', '개발', '개년', '급', '하', '재', '끼', '것', '한국인', '거', '쯤']",False,해당없음,1.0,,gemini
xLPWWv_-gwI,샤갈 방치라면서 뭐 이벤트 끝나기 일주일전까지 템 파밍 합성하다 깨라는거야 뭐야 ㅋㅌㅋㅋㅋㅋㅋㅋㅋ,1,2026-07-27 08:07:06+00:00,샤갈 방치라면서 뭐 이벤트 끝나기 일주일전까지 템 파밍 합성하다 깨라는거야 뭐야 ㅋㅌㅋㅋㅋㅋㅋㅋㅋ,샤갈 방치라면서 뭐 이벤트 끝나기 일주일전까지 템 파밍 합성하다 깨라는거야 뭐야 ㅋㅌㅋㅋ,"['샤갈', '방치', '이벤트', '끝나', '일주일', '전', '템', '파밍', '합성', '깨', '거']",True,이벤트,0.8,,gemini
xLPWWv_-gwI,공두줄vs공퍼한줄 뭐가더 좋나요?,0,2026-07-27 08:04:42+00:00,공두줄vs공퍼한줄 뭐가더 좋나요?,공두줄vs공퍼한줄 뭐가더 좋나요?,"['줄', '공', '푸', '줄', '좋']",True,장비_아이템,1.0,,gemini
xLPWWv_-gwI,"아니 이거 방치겜 아닌가..? 왤케 어렵냐 ㅋㅋㅋㅋㅋㅋㅋ 
글고 맑음찌 이겜 재밌나봐 ㅋㅋㅋㅋ 개인플레이 애정해서 올려둔거봐 ㅋㅋㅋㅋㅋㅋㅋㅋ 귀엽다",3,2026-07-27 08:03:55+00:00,"아니 이거 방치겜 아닌가..? 왤케 어렵냐 ㅋㅋㅋㅋㅋㅋㅋ 
글고 맑음찌 이겜 재밌나봐 ㅋㅋㅋㅋ 개인플레이 애정해서 올려둔거봐 ㅋㅋㅋㅋㅋㅋㅋㅋ 귀엽다",아니 이거 방치겜 아닌가 ? 왤케 어렵냐 ㅋㅋ 글고 맑음찌 이겜 재밌나봐 ㅋㅋ 개인플레이 애정해서 올려둔거봐 ㅋㅋ 귀엽다,"['방치', '것', '하', '어렵', '글고', '맑음찌', '이겜', '재밌', '개인', '플레이', '애정', '올리', '거', '보', '귀엽']",False,해당없음,1.0,,gemini
xLPWWv_-gwI,"ㅆㅂ 2-10 한틱 차이로 겨우 깸. 전사 부활 겁나 남았는데 
궁수 캐리 오졌다",2,2026-07-27 08:03:35+00:00,"ㅆㅂ 2-10 한틱 차이로 겨우 깸. 전사 부활 겁나 남았는데 
궁수 캐리 오졌다",ㅆㅂ 2 10 한틱 차이로 겨우 깸 전사 부활 겁나 남았는데 궁수 캐리 오졌다,"['틱', '차이', '깨', '전사', '부활', '남', '궁수', '캐리', '오지']",False,해당없음,1.0,,gemini
xLPWWv_-gwI,나는 하루 늦게 시작했는데 이렇게 많이 차이나나,1,2026-07-27 08:00:25+00:00,나는 하루 늦게 시작했는데 이렇게 많이 차이나나,나는 하루 늦게 시작했는데 이렇게 많이 차이나나,"['하루', '늦', '시작', '이렇', '차이', '나']",False,해당없음,0.95,,gemini
xLPWWv_-gwI,나만 이러던게 아니었구나 ㅋㅋㅋㅋㅋ 권장레벨 무시하고 어떻게든 틈 비집고 최소컷 깎고있었는데 비슷비슷하네 ㅋㅋㅋㅋㅋㅋ,2,2026-07-27 07:59:33+00:00,나만 이러던게 아니었구나 ㅋㅋㅋㅋㅋ 권장레벨 무시하고 어떻게든 틈 비집고 최소컷 깎고있었는데 비슷비슷하네 ㅋㅋㅋㅋㅋㅋ,나만 이러던게 아니었구나 ㅋㅋ 권장레벨 무시하고 어떻게든 틈 비집고 최소컷 깎고있었는데 비슷비슷하네 ㅋㅋ,"['이러', '것', '권장', '레벨', '무시', '어떻', '틈', '비집', '최소', '컷', '깎']",False,해당없음,1.0,,gemini
xLPWWv_-gwI,방치할꺼야..방치하게 해줘!! 솔야누스 시간 다되서 사라지는데도 이거누르고있는 내가싫다 ㅠㅠ,3,2026-07-27 07:58:20+00:00,방치할꺼야..방치하게 해줘!! 솔야누스 시간 다되서 사라지는데도 이거누르고있는 내가싫다 ㅠㅠ,방치할꺼야 방치하게 해줘 솔야누스 시간 다되서 사라지는데도 이거누르고있는 내가싫다 ㅠㅠ,"['방치', '꺼', '방치', '솔야누스', '시간', '되', '사라지', '누르', '싫']",False,해당없음,1.0,,gemini
1-bqJRQ3XTs,"님들 레테 키보드 매클 이나 마우스 매클 있으면    여전히 임펠 자동됌 저는 8초마다 공속벞 리필 
매클 설정해서 8초마다 임펠 나가서 총 5분 넘긴거 같응",0,2026-07-27 07:56:45+00:00,"님들 레테 키보드 매클 이나 마우스 매클 있으면    여전히 임펠 자동됌 저는 8초마다 공속벞 리필 
매클 설정해서 8초마다 임펠 나가서 총 5분 넘긴거 같응",님들 레테 키보드 매클 이나 마우스 매클 있으면 여전히 임펠 자동됌 저는 8초마다 공속벞 리필 매클 설정해서 8초마다 임펠 나가서 총 5분 넘긴거 같응,"['님', '들', '레', '테', '키보드', '매클', '마우스', '매클', '임펠', '자동', '돼', '초', '공속벞', '리필', '매클', '설정', '초', '임펠', '나가', '분', '넘기', '거', '같']",False,해당없음,0.95,,gemini
xLPWWv_-gwI,"전사 32 궁수 31 법사 22 에 2-10 그냥 깻습니다 ㅠㅠ
공략법을 알고 햇으면 더빨리 깻을려나 싶네요 ㅠㅠ",0,2026-07-27 07:54:50+00:00,"전사 32 궁수 31 법사 22 에 2-10 그냥 깻습니다 ㅠㅠ
공략법을 알고 햇으면 더빨리 깻을려나 싶네요 ㅠㅠ",전사 32 궁수 31 법사 22 에 2 10 그냥 깻습니다 ㅠㅠ 공략법을 알고 햇으면 더빨리 깻을려나 싶네요 ㅠㅠ,"['전사', '궁수', '법사', '깨', '공략법', '알', '하', '깨']",False,해당없음,1.0,,gemini
1-bqJRQ3XTs,님들 키보드나 마우스 매크로 있으면 5분이상 자동 됩니다,0,2026-07-27 07:54:33+00:00,님들 키보드나 마우스 매크로 있으면 5분이상 자동 됩니다,님들 키보드나 마우스 매크로 있으면 5분이상 자동 됩니다,"['님', '키보드', '마우스', '매크로', '있', '분', '이상', '자', '되']",False,해당없음,0.9,,gemini
xLPWWv_-gwI,방치형 이라매!!!!!!!!!!!!!!!,1,2026-07-27 07:52:49+00:00,방치형 이라매!!!!!!!!!!!!!!!,방치형 이라매,"['방치', '하']",True,기타,0.8,,gemini
xLPWWv_-gwI,방치라며 왜 이러는건데 ㅋㅋㅋㅋㅋㅋㅋㅋㅋ,2,2026-07-27 07:51:02+00:00,방치라며 왜 이러는건데 ㅋㅋㅋㅋㅋㅋㅋㅋㅋ,방치라며 왜 이러는건데 ㅋㅋ,"['방치', '이러', '거']",True,시스템,0.8,,gemini
1-bqJRQ3XTs,근데 딴겜도 그래 꿀빠는건 바로 막고 ㅈ같은건 오래방치 하는건,0,2026-07-27 07:49:29+00:00,근데 딴겜도 그래 꿀빠는건 바로 막고 ㅈ같은건 오래방치 하는건,근데 딴겜도 그래 꿀빠는건 바로 막고 ㅈ같은건 오래방치 하는건,"['것', '꿀', '빨', '거', '막', '같', '거', '방치', '거']",False,해당없음,0.95,,gemini
xLPWWv_-gwI,1-10 못깨는데 어떻게 깨야되요?,0,2026-07-27 07:39:39+00:00,1-10 못깨는데 어떻게 깨야되요?,1 10 못깨는데 어떻게 깨야되요?,"['깨', '어떻', '깨', '되']",True,보스,1.0,,gemini
xLPWWv_-gwI,방치겜을 왜이렇게 까지 하시는거죠?,1,2026-07-27 07:38:14+00:00,방치겜을 왜이렇게 까지 하시는거죠?,방치겜을 왜이렇게 까지 하시는거죠?,"['방치', '것', '이렇', '하', '거']",True,기타,0.9,,gemini
xLPWWv_-gwI,저도  5단계 신발 만들었음 ㅋㅋ,0,2026-07-27 07:36:04+00:00,저도  5단계 신발 만들었음 ㅋㅋ,저도 5단계 신발 만들었음 ㅋㅋ,"['단계', '신발', '만들']",False,해당없음,1.0,,gemini
xLPWWv_-gwI,흠 보스전 좀 귀찮네? 그냥 냅두면 깨질 때까지 방치해야지 ㅋㅋ,0,2026-07-27 07:35:52+00:00,흠 보스전 좀 귀찮네? 그냥 냅두면 깨질 때까지 방치해야지 ㅋㅋ,흠 보스전 좀 귀찮네? 그냥 냅두면 깨질 때까지 방치해야지 ㅋㅋ,"['보스', '전', '귀찮', '냅두', '깨지', '때', '방치']",False,해당없음,1.0,,gemini
xLPWWv_-gwI,울티마스쿼드맑음으로 채널 하나 여셔야겠는데요ㅋㅋㅋ,1,2026-07-27 07:34:52+00:00,울티마스쿼드맑음으로 채널 하나 여셔야겠는데요ㅋㅋㅋ,울티마스쿼드맑음으로 채널 하나 여셔야겠는데요ㅋㅋ,"['울티마스쿼드맑음', '채널']",False,해당없음,1.0,,gemini
xLPWWv_-gwI,지금 메이플 게임보다 이게 더 작전을 짜야하고 연구해야하고 죽겠네요 신창섭은 그냥 방치 하면 솔에르다 준다고 하더만 왜 이렇게 까지 열심히 하고싶은건지 ㅠㅠ,1,2026-07-27 07:34:46+00:00,지금 메이플 게임보다 이게 더 작전을 짜야하고 연구해야하고 죽겠네요 신창섭은 그냥 방치 하면 솔에르다 준다고 하더만 왜 이렇게 까지 열심히 하고싶은건지 ㅠㅠ,지금 메이플 게임보다 이게 더 작전을 짜야하고 연구해야하고 죽겠네요 신창섭은 그냥 방치 하면 솔에르다 준다고 하더만 왜 이렇게 까지 열심히 하고싶은건지 ㅠㅠ,"['메이플', '게임', '작전', '짜', '연구', '죽', '신창섭', '방치', '솔에르다', '주', '하', '이렇', '하', '거']",False,해당없음,0.95,,gemini
xLPWWv_-gwI,ㅋㅋㅋㅋㅋㅋㅌㅋㅋㅋ  이거 맞아요? ㅋㅋㅋ,0,2026-07-27 07:34:30+00:00,ㅋㅋㅋㅋㅋㅋㅌㅋㅋㅋ  이거 맞아요? ㅋㅋㅋ,ㅋㅋㅌㅋㅋ 이거 맞아요? ㅋㅋ,['맞'],True,기타,0.8,,gemini
xLPWWv_-gwI,"아니 왜 이렇게 열심히 하냐고 하는데...
사냥보다 재밌는걸 어떡함... 진짜 쥰내 재밌어서 메이플 켜서 사냥은 안 하고 이것만 하고있음",23,2026-07-27 07:30:56+00:00,"아니 왜 이렇게 열심히 하냐고 하는데...
사냥보다 재밌는걸 어떡함... 진짜 쥰내 재밌어서 메이플 켜서 사냥은 안 하고 이것만 하고있음",아니 왜 이렇게 열심히 하냐고 하는데 사냥보다 재밌는걸 어떡함 진짜 쥰내 재밌어서 메이플 켜서 사냥은 안 하고 이것만 하고있음,"['이렇', '하', '하', '사냥', '재밌', '거', '어떡하', '진짜', '재밌', '메이플', '켜', '사냥', '하', '하']",False,해당없음,1.0,,gemini
xLPWWv_-gwI,진짜 30분정도했는데 겨우 한번 스턴억까없이 넘어갓어요 ㄳㄳ...........,0,2026-07-27 07:28:58+00:00,진짜 30분정도했는데 겨우 한번 스턴억까없이 넘어갓어요 ㄳㄳ...........,진짜 30분정도했는데 겨우 한번 스턴억까없이 넘어갓어요 ㄳㄳ,"['분', '정도', '하', '번', '스턴억까', '넘어가']",False,해당없음,1.0,,gemini
xLPWWv_-gwI,나 그렇게 빡세게 안한줄알았는데 2-10 깨고 기분 좋았는데 알고보니 선발대더라.. 지금 3-2 깨고 3-1에서 장비 파밍중임ㅋㅋ 5랩 존나 달어 ㅋㅋ,0,2026-07-27 07:23:26+00:00,나 그렇게 빡세게 안한줄알았는데 2-10 깨고 기분 좋았는데 알고보니 선발대더라.. 지금 3-2 깨고 3-1에서 장비 파밍중임ㅋㅋ 5랩 존나 달어 ㅋㅋ,나 그렇게 빡세게 안한줄알았는데 2 10 깨고 기분 좋았는데 알고보니 선발대더라 지금 3 2 깨고 3 1에서 장비 파밍중임ㅋㅋ 5랩 존나 달어 ㅋㅋ,"['그렇', '빡세', '하', '줄', '알', '깨', '기분', '좋', '알', '선발대', '깨', '장비', '파밍중임', '랩', '달']",False,해당없음,1.0,,gemini
xLPWWv_-gwI,난 울티마 모바일로해서 메이플 이벤트도 같이 할수있게 내줬으면 좋겠음,0,2026-07-27 07:21:46+00:00,난 울티마 모바일로해서 메이플 이벤트도 같이 할수있게 내줬으면 좋겠음,난 울티마 모바일로해서 메이플 이벤트도 같이 할수있게 내줬으면 좋겠음,"['울티마', '모바일', '하', '메이플', '이벤트', '하', '수', '있', '내', '좋']",False,해당없음,1.0,,gemini
xLPWWv_-gwI,10공략 개빡세노;;;,0,2026-07-27 07:21:13+00:00,10공략 개빡세노;;;,10공략 개빡세노,"['공략', '개', '빡세']",False,해당없음,1.0,,gemini
Q-b20FJZ0jQ,18:40 여기 브금 이름 뭔가요 ㅠㅠ 너무좋아요,0,2026-07-27 07:19:44+00:00,18:40 여기 브금 이름 뭔가요 ㅠㅠ 너무좋아요,18 40 여기 브금 이름 뭔가요 ㅠㅠ 너무좋아요,"['브금', '이름', '좋']",True,기타,0.95,,gemini
xLPWWv_-gwI,대충하라고 만든 이벤트를 이렇게까지 해야하나..,1,2026-07-27 07:19:41+00:00,대충하라고 만든 이벤트를 이렇게까지 해야하나..,대충하라고 만든 이벤트를 이렇게까지 해야하나,"['하', '만들', '이벤트', '이렇', '하']",False,해당없음,0.95,,gemini
xLPWWv_-gwI,극단적 관여겜 ㄷㄷ,1,2026-07-27 07:18:56+00:00,극단적 관여겜 ㄷㄷ,극단적 관여겜 ㄷㄷ,"['극단', '관여', '것']",False,해당없음,1.0,,gemini
xLPWWv_-gwI,4레벨 장비만들어도 계속 활만 뜨는데 이거도 확률조작있냐,1,2026-07-27 07:18:04+00:00,4레벨 장비만들어도 계속 활만 뜨는데 이거도 확률조작있냐,4레벨 장비만들어도 계속 활만 뜨는데 이거도 확률조작있냐,"['레벨', '장비', '들', '활', '뜨', '확률', '조작', '있']",True,장비_아이템,0.95,,gemini
xLPWWv_-gwI,덕분에 2-10깨고 3-1보만튀중입니다 감사합니다,0,2026-07-27 07:16:19+00:00,덕분에 2-10깨고 3-1보만튀중입니다 감사합니다,덕분에 2 10깨고 3 1보만튀중입니다 감사합니다,"['덕분', '깨', '보', '튀', '중', '감사']",False,해당없음,1.0,,gemini
xLPWWv_-gwI,이딴게 극단적 저관여.........??????,1,2026-07-27 07:15:18+00:00,이딴게 극단적 저관여.........??????,이딴게 극단적 저관여 ??,"['것', '극단', '관여']",False,해당없음,0.95,,gemini
xLPWWv_-gwI,방치형이라고!!!!,1,2026-07-27 07:14:46+00:00,방치형이라고!!!!,방치형이라고,['방치'],False,해당없음,1.0,,gemini
xLPWWv_-gwI,다들...ㅋㅋㅋㅋ 최소컷도전을 하고있어;;,1,2026-07-27 07:11:55+00:00,다들...ㅋㅋㅋㅋ 최소컷도전을 하고있어;;,다들 ㅋㅋ 최소컷도전을 하고있어,"['최소', '컷', '도전', '하']",False,해당없음,1.0,,gemini
xLPWWv_-gwI,이거 이벤트 한달도 안하는건데 다들 끝나면 어떡할라고 이렇게 난리냐 ㅋㅋㅌㅋ,2,2026-07-27 07:05:54+00:00,이거 이벤트 한달도 안하는건데 다들 끝나면 어떡할라고 이렇게 난리냐 ㅋㅋㅌㅋ,이거 이벤트 한달도 안하는건데 다들 끝나면 어떡할라고 이렇게 난리냐 ㅋㅋㅌㅋ,"['이벤트', '달', '하', '거', '끝', '나', '어떡하', '이렇', '난리']",False,해당없음,0.95,,gemini
xLPWWv_-gwI,꿀팁 굿,0,2026-07-27 07:05:47+00:00,꿀팁 굿,꿀팁 굿,"['꿀', '팁', '굿']",False,해당없음,1.0,,gemini
xLPWWv_-gwI,"폭시 단독 딜인데 평딜은 범위딜이고
차라리 버프가 낫지않나?",0,2026-07-27 07:05:39+00:00,"폭시 단독 딜인데 평딜은 범위딜이고
차라리 버프가 낫지않나?",폭시 단독 딜인데 평딜은 범위딜이고 차라리 버프가 낫지않나?,"['폭시', '단독', '딜', '평', '딜', '범위', '딜', '버프', '낫']",True,직업_캐릭터,0.9,,gemini
xLPWWv_-gwI,아니 이거 그냥 솔에르다랑 조각 먹는거 아님?? 이렇게 까지 깎아야해...?,2,2026-07-27 07:05:18+00:00,아니 이거 그냥 솔에르다랑 조각 먹는거 아님?? 이렇게 까지 깎아야해...?,아니 이거 그냥 솔에르다랑 조각 먹는거 아님?? 이렇게 까지 깎아야해 ?,"['솔에르다랑', '조각', '먹', '거', '이렇', '깎']",True,스킬_6차,0.8,,gemini
xLPWWv_-gwI,장비도 뭣같이 나오고 해서 그냥 31 31 21 찍고 폭시에 엔버링크로 2-10 깼습니다,0,2026-07-27 07:03:28+00:00,장비도 뭣같이 나오고 해서 그냥 31 31 21 찍고 폭시에 엔버링크로 2-10 깼습니다,장비도 뭣같이 나오고 해서 그냥 31 31 21 찍고 폭시에 엔버링크로 2 10 깼습니다,"['장비', '나오', '찍', '폭시', '엔버링크', '깨']",False,해당없음,1.0,,gemini
xLPWWv_-gwI,2-10 핵심은 첫 독은 들어가자장착한 힐로 버티고 2번째 독 때는 몸빵으로 버티면서 전사 죽이고 3번째 독 모션 보이자마자 전사를 살리는게 핵심,0,2026-07-27 07:02:11+00:00,2-10 핵심은 첫 독은 들어가자장착한 힐로 버티고 2번째 독 때는 몸빵으로 버티면서 전사 죽이고 3번째 독 모션 보이자마자 전사를 살리는게 핵심,2 10 핵심은 첫 독은 들어가자장착한 힐로 버티고 2번째 독 때는 몸빵으로 버티면서 전사 죽이고 3번째 독 모션 보이자마자 전사를 살리는게 핵심,"['핵심', '독', '들어가', '장착', '힐', '버티', '번', '독', '때', '몸', '빵', '버티', '전사', '죽이', '번', '독', '모션', '보이', '전사', '살리', '것', '핵심']",False,해당없음,1.0,,gemini
xLPWWv_-gwI,그냥 방치해두고 이벤트 끝나기 전에 깰게요...,0,2026-07-27 07:01:43+00:00,그냥 방치해두고 이벤트 끝나기 전에 깰게요...,그냥 방치해두고 이벤트 끝나기 전에 깰게요,"['방치', '이벤트', '끝나', '전', '깨']",False,해당없음,1.0,,gemini
xLPWWv_-gwI,극단적 저관여(스펙터할때보다 갑절로 열심히함),3,2026-07-27 07:01:05+00:00,극단적 저관여(스펙터할때보다 갑절로 열심히함),극단적 저관여 스펙터할때보다 갑절로 열심히함,"['극단', '관여', '스펙터', '때', '갑절', '하']",False,해당없음,1.0,,gemini
xLPWWv_-gwI,"최소컷 깍는거 존나 재미있으면 개추ㅋㅋㅋㅋ
아니 창섭이형은 이걸 방치하라고 한거임?
진짜 겜알못인 듯ㅋㅋㅋㅋ",1,2026-07-27 07:00:50+00:00,"최소컷 깍는거 존나 재미있으면 개추ㅋㅋㅋㅋ
아니 창섭이형은 이걸 방치하라고 한거임?
진짜 겜알못인 듯ㅋㅋㅋㅋ",최소컷 깍는거 존나 재미있으면 개추ㅋㅋ 아니 창섭이형은 이걸 방치하라고 한거임? 진짜 겜알못인 듯ㅋㅋ,"['최소', '컷', '깍', '거', '재미있', '개', '추', '창섭', '형', '방치', '하', '거', '겜알못', '듯']",False,해당없음,0.95,,gemini
xLPWWv_-gwI,방치할려고 했는데  생각보다 ㄱ재밌어서 당황쓰....ㅋㅋㅋㅋㅋㅋㅋ,2,2026-07-27 07:00:26+00:00,방치할려고 했는데  생각보다 ㄱ재밌어서 당황쓰....ㅋㅋㅋㅋㅋㅋㅋ,방치할려고 했는데 생각보다 ㄱ재밌어서 당황쓰 ㅋㅋ,"['방치', '생각', '재밌', '당황', '쓰']",False,해당없음,1.0,,gemini
xLPWWv_-gwI,이렇게 까지 해야하나....? ㅋㅋㅋㅋ,1,2026-07-27 06:57:31+00:00,이렇게 까지 해야하나....? ㅋㅋㅋㅋ,이렇게 까지 해야하나 ? ㅋㅋ,"['이렇', '하']",False,해당없음,1.0,,gemini
xLPWWv_-gwI,이딴게... 극단적 저관여?,1,2026-07-27 06:57:22+00:00,이딴게... 극단적 저관여?,이딴게 극단적 저관여?,"['것', '극단', '관여']",False,해당없음,0.95,,gemini
xLPWWv_-gwI,아니 대충해;; 정신나가겟네,2,2026-07-27 06:51:40+00:00,아니 대충해;; 정신나가겟네,아니 대충해 정신나가겟네,"['하', '정신', '나가']",False,해당없음,1.0,,gemini
xLPWWv_-gwI,이게어딜봐서 방치형이냐!!,1,2026-07-27 06:51:04+00:00,이게어딜봐서 방치형이냐!!,이게어딜봐서 방치형이냐,"['보', '방치']",False,해당없음,0.95,,gemini
xLPWWv_-gwI,난..방치할련다.....,3,2026-07-27 06:49:48+00:00,난..방치할련다.....,난 방치할련다,['방치'],False,해당없음,1.0,,gemini
xLPWWv_-gwI,선착순 이벤트도 없는데 그냥 방치 해놓으면 이벤트 끝나기 전에는 모든 컨텐츠 다 깨지않을까..,2,2026-07-27 06:47:56+00:00,선착순 이벤트도 없는데 그냥 방치 해놓으면 이벤트 끝나기 전에는 모든 컨텐츠 다 깨지않을까..,선착순 이벤트도 없는데 그냥 방치 해놓으면 이벤트 끝나기 전에는 모든 컨텐츠 다 깨지않을까,"['선착순', '이벤트', '없', '데', '방치', '이벤트', '끝나', '전', '컨텐츠', '깨']",False,해당없음,0.95,,gemini
xLPWWv_-gwI,와 20트해도 안됐는데 이렇게 하니깐 3트만에 깼네요,0,2026-07-27 06:47:52+00:00,와 20트해도 안됐는데 이렇게 하니깐 3트만에 깼네요,와 20트해도 안됐는데 이렇게 하니깐 3트만에 깼네요,"['트', '되', '이렇', '하', '3트', '만', '깨']",False,해당없음,1.0,,gemini
xLPWWv_-gwI,맑음님 감사합니다! 영상보고 2-10 깼어요!!,0,2026-07-27 06:47:37+00:00,맑음님 감사합니다! 영상보고 2-10 깼어요!!,맑음님 감사합니다 영상보고 2 10 깼어요,"['맑음', '감사', '영상', '보고', '깨']",False,해당없음,1.0,,gemini
xLPWWv_-gwI,"8월 17일까지하는 널널한 이벤트라 지금 못 깨도 하루이틀 뒤면 쉽게 깨집니다. 지금 안 깨진다고 좌절하지 마시고 그냥 마음 편하게 방치해 두세요
물론 저는 20분에 한 번씩 들여다보면서 템 합성하긴 합니다..ㅋㅋㅋㅋㅋㅋㅋㅋㅋㅋㅋㅋㅋㅋㅋ",1,2026-07-27 06:45:09+00:00,"8월 17일까지하는 널널한 이벤트라 지금 못 깨도 하루이틀 뒤면 쉽게 깨집니다. 지금 안 깨진다고 좌절하지 마시고 그냥 마음 편하게 방치해 두세요
물론 저는 20분에 한 번씩 들여다보면서 템 합성하긴 합니다..ㅋㅋㅋㅋㅋㅋㅋㅋㅋㅋㅋㅋㅋㅋㅋ",8월 17일까지하는 널널한 이벤트라 지금 못 깨도 하루이틀 뒤면 쉽게 깨집니다 지금 안 깨진다고 좌절하지 마시고 그냥 마음 편하게 방치해 두세요 물론 저는 20분에 한 번씩 들여다보면서 템 합성하긴 합니다 ㅋㅋ,"['월', '일', '하', '이벤트', '깨', '하루', '이틀', '뒤', '쉽', '깨지', '깨지', '좌절', '마음', '편하', '방치', '분', '번', '들여다보', '템', '합성']",False,해당없음,1.0,,gemini
xLPWWv_-gwI,기본은 방치가 맞지만 핵심구간에선 ㅈㄴ컨트롤해야함 ㅋㅋㅋㅋㅋ 그리고 2-7 4렙장비 도파민이 개쩔어서 경치는 2-4가낫지만 2-7을 하게됨. 3-1은 너무 느려서안함. 참고로 1렙장비 729개합성해야 4렙장비임. 그래서 접속해서 장비나올땐 2-7이고 컴터끄는시간에 2-4돌리는게 효율적임. 3-1에선 5렙 3시간동안 못먹고 개빡쳐서 2-7감 1시간에 4렙장비 2~3개 개꿀임,0,2026-07-27 06:42:26+00:00,기본은 방치가 맞지만 핵심구간에선 ㅈㄴ컨트롤해야함 ㅋㅋㅋㅋㅋ 그리고 2-7 4렙장비 도파민이 개쩔어서 경치는 2-4가낫지만 2-7을 하게됨. 3-1은 너무 느려서안함. 참고로 1렙장비 729개합성해야 4렙장비임. 그래서 접속해서 장비나올땐 2-7이고 컴터끄는시간에 2-4돌리는게 효율적임. 3-1에선 5렙 3시간동안 못먹고 개빡쳐서 2-7감 1시간에 4렙장비 2~3개 개꿀임,기본은 방치가 맞지만 핵심구간에선 ㅈㄴ컨트롤해야함 ㅋㅋ 그리고 2 7 4렙장비 도파민이 개쩔어서 경치는 2 4가낫지만 2 7을 하게됨 3 1은 너무 느려서안함 참고로 1렙장비 729개합성해야 4렙장비임 그래서 접속해서 장비나올땐 2 7이고 컴터끄는시간에 2 4돌리는게 효율적임 3 1에선 5렙 3시간동안 못먹고 개빡쳐서 2 7감 1시간에 4렙장비 2 3개 개꿀임,"['기본', '방치', '맞', '핵심', '구간', '컨트롤', '4렙장비', '도파민', '개', '쩔', '경치', '낫', '을', '하', '되', '느리', '하', '참고', '1렙', '장비', '개', '합성', '4렙', '장비', '접속', '장비', '나오', '때', '컴', '터', '끄', '시간', '돌리', '것', '효율', '5렙', '시간', '동안', '먹', '개', '치', '감', '시간', '렙', '장비', '개', '개', '꿀']",False,해당없음,1.0,,gemini
xLPWWv_-gwI,메이플은 이게 맞아,0,2026-07-27 06:42:18+00:00,메이플은 이게 맞아,메이플은 이게 맞아,"['메이플', '맞']",False,해당없음,0.95,,gemini
xLPWWv_-gwI,레벨은 같은데 스탯차이가 엄청나네요..😮 저렇게 맞출 정도로 템이 안나오던데..,0,2026-07-27 06:41:51+00:00,레벨은 같은데 스탯차이가 엄청나네요..😮 저렇게 맞출 정도로 템이 안나오던데..,레벨은 같은데 스탯차이가 엄청나네요 저렇게 맞출 정도로 템이 안나오던데,"['레벨', '같', '스탯', '차이', '엄청나', '맞추', '정도', '템', '나오']",False,해당없음,0.9,,gemini
xLPWWv_-gwI,3일연속 에페 레어에 4등급 궁수모자만 6개째인 도태남들 개추ㅋㅋ ㅇㄷㄴㅂㅌ,4,2026-07-27 06:41:32+00:00,3일연속 에페 레어에 4등급 궁수모자만 6개째인 도태남들 개추ㅋㅋ ㅇㄷㄴㅂㅌ,3일연속 에페 레어에 4등급 궁수모자만 6개째인 도태남들 개추ㅋㅋ ㅇㄷㄴㅂㅌ,"['일', '연속', '에페', '레어', '등급', '궁수', '모자', '개', '도태', '남', '개', '추']",False,해당없음,1.0,,gemini
xLPWWv_-gwI,방치형을 최소컷 깎는 사람들ㅋㅋ,16,2026-07-27 06:41:17+00:00,방치형을 최소컷 깎는 사람들ㅋㅋ,방치형을 최소컷 깎는 사람들ㅋㅋ,"['방치', '최소', '컷', '깎', '사람']",False,해당없음,1.0,,gemini
xLPWWv_-gwI,진짜 몰라서 그러는데 이거 방치해놓으면 안되는건가요???,2,2026-07-27 06:35:31+00:00,진짜 몰라서 그러는데 이거 방치해놓으면 안되는건가요???,진짜 몰라서 그러는데 이거 방치해놓으면 안되는건가요??,"['모르', '그러', '방치', '되', '거']",True,기타,0.9,,gemini
xLPWWv_-gwI,방치하라니까 공략 / 최소컷 영상이 난무하노ㅋㅋㅋㅋ,1,2026-07-27 06:34:58+00:00,방치하라니까 공략 / 최소컷 영상이 난무하노ㅋㅋㅋㅋ,방치하라니까 공략 최소컷 영상이 난무하노ㅋㅋ,"['방치', '공략', '최소', '컷', '영상', '난무']",False,해당없음,1.0,,gemini
xLPWWv_-gwI,뭔 미니게임이 공략이 개많아,2,2026-07-27 06:33:42+00:00,뭔 미니게임이 공략이 개많아,뭔 미니게임이 공략이 개많아,"['미니', '게임', '공략', '개', '많']",False,해당없음,0.9,,gemini
xLPWWv_-gwI,방치하라고...,2,2026-07-27 06:33:33+00:00,방치하라고...,방치하라고,['방치'],False,해당없음,1.0,,gemini
xLPWWv_-gwI,ㅠㅠㅠㅠ 덕분에 2-10 클리어했어여 감사해요!!!,0,2026-07-27 06:32:57+00:00,ㅠㅠㅠㅠ 덕분에 2-10 클리어했어여 감사해요!!!,ㅠㅠ 덕분에 2 10 클리어했어여 감사해요,"['덕분', '클리어', '감사']",False,해당없음,1.0,,gemini
xLPWWv_-gwI,아니이걸 왜 공략하냐고 ㅋㅋㅋㅋㅋㅋㅋ,1,2026-07-27 06:32:51+00:00,아니이걸 왜 공략하냐고 ㅋㅋㅋㅋㅋㅋㅋ,아니이걸 왜 공략하냐고 ㅋㅋ,['공략'],False,해당없음,1.0,,gemini
xLPWWv_-gwI,다들 울티마에 진심인 사람들ㅋㅋㅋ,1,2026-07-27 06:31:13+00:00,다들 울티마에 진심인 사람들ㅋㅋㅋ,다들 울티마에 진심인 사람들ㅋㅋ,"['울티마에', '진심', '사람']",False,해당없음,1.0,,gemini
xLPWWv_-gwI,"템은 낭만인거같고 진짜 극강의 효율충들은 2-3 이든 2-4든
맑음님 알려준 사이트에서 본인 경험치 효율 제일좋은곳에서 폭렙업 하세요
레벨이 진리고 깡패고 정답임
템 장비 아무리 좋고 공공 4% 뜨고 이난리 쳐도
레벨 1업 더 높은거 앞에서 쪽도 못씀",1,2026-07-27 06:30:49+00:00,"템은 낭만인거같고 진짜 극강의 효율충들은 2-3 이든 2-4든
맑음님 알려준 사이트에서 본인 경험치 효율 제일좋은곳에서 폭렙업 하세요
레벨이 진리고 깡패고 정답임
템 장비 아무리 좋고 공공 4% 뜨고 이난리 쳐도
레벨 1업 더 높은거 앞에서 쪽도 못씀",템은 낭만인거같고 진짜 극강의 효율충들은 2 3 이든 2 4든 맑음님 알려준 사이트에서 본인 경험치 효율 제일좋은곳에서 폭렙업 하세요 레벨이 진리고 깡패고 정답임 템 장비 아무리 좋고 공공 4 뜨고 이난리 쳐도 레벨 1업 더 높은거 앞에서 쪽도 못씀,"['템', '낭만', '거', '같', '극', '강의', '효율', '충', '맑음', '알리', '사이트', '본인', '경험', '효율', '제일', '좋', '곳', '폭렙', '업', '하', '레벨', '진리', '깡패', '정답', '템', '장비', '좋', '공공', '뜨', '난리', '치', '레벨', '업', '높', '거', '앞', '쪽', '쓰']",False,해당없음,1.0,,gemini
xLPWWv_-gwI,와 이게 진짜 되네 감사합니다,0,2026-07-27 06:30:47+00:00,와 이게 진짜 되네 감사합니다,와 이게 진짜 되네 감사합니다,"['되', '감사']",False,해당없음,1.0,,gemini
xLPWWv_-gwI,아니 무슨 미니게임을 이렇게까지해야대,1,2026-07-27 06:28:54+00:00,아니 무슨 미니게임을 이렇게까지해야대,아니 무슨 미니게임을 이렇게까지해야대,"['미니', '게임', '이렇', '하']",False,해당없음,0.95,,gemini
xLPWWv_-gwI,후반부는 전사템 공격력말고 체력이 좋나요?,0,2026-07-27 06:28:34+00:00,후반부는 전사템 공격력말고 체력이 좋나요?,후반부는 전사템 공격력말고 체력이 좋나요?,"['후반부', '전사템', '공격력', '말', '체력', '좋']",True,장비_아이템,0.95,,gemini
xLPWWv_-gwI,그냥 숨쉬어서 레벨로 깨야긋다,0,2026-07-27 06:27:56+00:00,그냥 숨쉬어서 레벨로 깨야긋다,그냥 숨쉬어서 레벨로 깨야긋다,"['숨', '쉬', '레벨', '깨', '긋']",False,해당없음,1.0,,gemini
xLPWWv_-gwI,스펙터할때는 공략봐야 깨는 미니게임이라며 욕하더니 울티마는 알아서 공략부터 찾는 메붕이들,53,2026-07-27 06:27:38+00:00,스펙터할때는 공략봐야 깨는 미니게임이라며 욕하더니 울티마는 알아서 공략부터 찾는 메붕이들,스펙터할때는 공략봐야 깨는 미니게임이라며 욕하더니 울티마는 알아서 공략부터 찾는 메붕이들,"['스펙터', '때', '공략', '보', '깨', '미니', '게임', '욕하', '울티마', '알', '공략', '찾', '메붕이']",False,해당없음,1.0,,gemini
xLPWWv_-gwI,방치겜인데 이렇게까지해서 하고싶진않다 걍 놔두면 언젠간 깨지겠지뭐,2,2026-07-27 06:27:04+00:00,방치겜인데 이렇게까지해서 하고싶진않다 걍 놔두면 언젠간 깨지겠지뭐,방치겜인데 이렇게까지해서 하고싶진않다 걍 놔두면 언젠간 깨지겠지뭐,"['방치', '것', '이렇', '하', '하', '놔두', '깨지']",False,해당없음,1.0,,gemini
xLPWWv_-gwI,아직 1-7돌고잇는데 뭔데 레벨30은 ㅁㅊ,0,2026-07-27 06:26:56+00:00,아직 1-7돌고잇는데 뭔데 레벨30은 ㅁㅊ,아직 1 7돌고잇는데 뭔데 레벨30은 ㅁㅊ,"['돌', '레벨']",False,해당없음,0.95,,gemini
xLPWWv_-gwI,확실한 건 진짜 잘만든 미니게임이긴 한듯 가끔씩 복각해도 좋을정도로,2,2026-07-27 06:26:28+00:00,확실한 건 진짜 잘만든 미니게임이긴 한듯 가끔씩 복각해도 좋을정도로,확실한 건 진짜 잘만든 미니게임이긴 한듯 가끔씩 복각해도 좋을정도로,"['거', '만들', '미니', '게임', '듯', '복각', '하', '좋', '정도']",False,해당없음,1.0,,gemini
xLPWWv_-gwI,칼바람이랑 스쿼드가 극강의 도파민 조합임 ㅋㅋ 질릴수가없음,9,2026-07-27 06:26:13+00:00,칼바람이랑 스쿼드가 극강의 도파민 조합임 ㅋㅋ 질릴수가없음,칼바람이랑 스쿼드가 극강의 도파민 조합임 ㅋㅋ 질릴수가없음,"['칼바람', '스쿼드', '극', '강', '도파민', '조합', '질리', '수', '없']",False,해당없음,1.0,,gemini
xLPWWv_-gwI,오우 앀ㅋㅋㅋㅋㅋㅋㅋ마지막에 궁수 죽을까봐 내가 다 조마조마했넼ㅋㅋㅋㅋㅋㅋㅋ,0,2026-07-27 06:26:00+00:00,오우 앀ㅋㅋㅋㅋㅋㅋㅋ마지막에 궁수 죽을까봐 내가 다 조마조마했넼ㅋㅋㅋㅋㅋㅋㅋ,오우 앀ㅋㅋ마지막에 궁수 죽을까봐 내가 다 조마조마했넼ㅋㅋ,"['앀', '마지막', '궁수', '죽']",False,해당없음,1.0,,gemini
xLPWWv_-gwI,3-1 2~3시간 맛만보다가 그냥 3-7 빨리가서 6티어 파밍하는게 더 중요하다 생각해서 걍 레벨링중,0,2026-07-27 06:25:32+00:00,3-1 2~3시간 맛만보다가 그냥 3-7 빨리가서 6티어 파밍하는게 더 중요하다 생각해서 걍 레벨링중,3 1 2 3시간 맛만보다가 그냥 3 7 빨리가서 6티어 파밍하는게 더 중요하다 생각해서 걍 레벨링중,"['시간', '맛', '보', '가', '6티어', '파밍', '것', '중요', '생각', '레벨', '링', '중']",False,해당없음,1.0,,gemini
xLPWWv_-gwI,29 29 17로 거의 3단계 장비로도 되요 참고😅,0,2026-07-27 06:24:58+00:00,29 29 17로 거의 3단계 장비로도 되요 참고😅,29 29 17로 거의 3단계 장비로도 되요 참고,"['단계', '장비', '되', '참고']",False,해당없음,1.0,,gemini
xLPWWv_-gwI,어차피 미장착으로두나 힐을 껴두나 무슨 차이가 있길래 빼놓는게 더 빠르다는거에요?,0,2026-07-27 06:24:52+00:00,어차피 미장착으로두나 힐을 껴두나 무슨 차이가 있길래 빼놓는게 더 빠르다는거에요?,어차피 미장착으로두나 힐을 껴두나 무슨 차이가 있길래 빼놓는게 더 빠르다는거에요?,"['장착', '두', '힐', '끼', '차이', '있', '빼', '것', '빠르', '거']",True,시스템,0.95,,gemini
xLPWWv_-gwI,31/30/21 인데 못 깨고 있다가 이거 보고 깼습니다ㅠ성불ㅠ,16,2026-07-27 06:23:38+00:00,31/30/21 인데 못 깨고 있다가 이거 보고 깼습니다ㅠ성불ㅠ,31 30 21 인데 못 깨고 있다가 이거 보고 깼습니다ㅠ성불ㅠ,"['깨', '보', '깨', '성불']",False,해당없음,1.0,,gemini
xLPWWv_-gwI,굳이 저렇게 해야되나,0,2026-07-27 06:22:25+00:00,굳이 저렇게 해야되나,굳이 저렇게 해야되나,"['저렇', '하', '되']",False,해당없음,0.95,,gemini
xLPWWv_-gwI,2-6은 모르겠고 법사 26렙 찍은 인생 후발대면 개추,0,2026-07-27 06:20:22+00:00,2-6은 모르겠고 법사 26렙 찍은 인생 후발대면 개추,2 6은 모르겠고 법사 26렙 찍은 인생 후발대면 개추,"['모르', '법사', '26렙', '찍', '인생', '후', '발', '대', '개추']",False,해당없음,1.0,,gemini
xLPWWv_-gwI,에스페시아 3연속 3레어라 한참걸리겟네,1,2026-07-27 06:20:06+00:00,에스페시아 3연속 3레어라 한참걸리겟네,에스페시아 3연속 3레어라 한참걸리겟네,"['에스페시아', '연속', '레', '한참', '걸리']",False,해당없음,1.0,,gemini
xLPWWv_-gwI,방치형이라고 그냥 기다리면 깰 수 있다고 ㅋㅋㅋㅋ,87,2026-07-27 06:18:38+00:00,방치형이라고 그냥 기다리면 깰 수 있다고 ㅋㅋㅋㅋ,방치형이라고 그냥 기다리면 깰 수 있다고 ㅋㅋ,"['방치', '기다리', '깨', '수', '있']",False,해당없음,1.0,,gemini
xLPWWv_-gwI,"이게 무슨 방치형임 ㅋㅋㅋㅋㅋ
애초에 스킬 스위칭도 겁나 불편하게 만들어놨는데 왜 다들 쇼컷을 깎고 있냐고 ㅋㅋㅋㅋㅋ
저도 어떻게 비벼서 3-1 자동 돌리고 있긴 한데 ㅋㅋ",1,2026-07-27 06:18:27+00:00,"이게 무슨 방치형임 ㅋㅋㅋㅋㅋ
애초에 스킬 스위칭도 겁나 불편하게 만들어놨는데 왜 다들 쇼컷을 깎고 있냐고 ㅋㅋㅋㅋㅋ
저도 어떻게 비벼서 3-1 자동 돌리고 있긴 한데 ㅋㅋ",이게 무슨 방치형임 ㅋㅋ 애초에 스킬 스위칭도 겁나 불편하게 만들어놨는데 왜 다들 쇼컷을 깎고 있냐고 ㅋㅋ 저도 어떻게 비벼서 3 1 자동 돌리고 있긴 한데 ㅋㅋ,"['방치', '애초', '스킬', '스위칭', '불편', '만들', '쇼', '컷', '깎', '어떻', '비비', '자동', '돌리']",False,해당없음,0.95,,gemini
xLPWWv_-gwI,ㅋㅋㅋㅋ하다보면 방치게임이 아니게 되버려… 귀찮아서 시드링 스위칭도 안하며 살았는데 이리 스킬 스위칭을 하게 될줄이야,9,2026-07-27 06:17:45+00:00,ㅋㅋㅋㅋ하다보면 방치게임이 아니게 되버려… 귀찮아서 시드링 스위칭도 안하며 살았는데 이리 스킬 스위칭을 하게 될줄이야,ㅋㅋ하다보면 방치게임이 아니게 되버려 귀찮아서 시드링 스위칭도 안하며 살았는데 이리 스킬 스위칭을 하게 될줄이야,"['하', '방치', '게임', '되', '귀찮', '시드', '링', '스위칭', '하', '살', '스킬', '스위칭', '하', '되', '줄']",False,해당없음,1.0,,gemini
xLPWWv_-gwI,"""극 저관여 방치게임""",5,2026-07-27 06:17:33+00:00,"""극 저관여 방치게임""",극 저관여 방치게임,"['극', '관여', '방치', '게임']",False,해당없음,1.0,,gemini
xLPWWv_-gwI,방치를 하라고 최소컷 깎지 말고ㅋㅋㅋ,479,2026-07-27 06:17:03+00:00,방치를 하라고 최소컷 깎지 말고ㅋㅋㅋ,방치를 하라고 최소컷 깎지 말고ㅋㅋ,"['방치', '하', '최소', '컷', '깎']",False,해당없음,1.0,,gemini
xLPWWv_-gwI,방치형 아니였냐고오오오오오,14,2026-07-27 06:16:27+00:00,방치형 아니였냐고오오오오오,방치형 아니였냐고오오,['방치'],False,해당없음,0.95,,gemini
xLPWWv_-gwI,3-1 보스를 자동으로 돌릴 수 있다면 무조건 여기 추천함. 장비 드랍은 좀 더디지만 간간이 드랍되는 5티어 장비가 그 단점을 깨는 것 같음. 장비 채우는데 시간이 좀 걸리니 이제야 방치형 게임하는 느낌임,8,2026-07-27 06:14:52+00:00,3-1 보스를 자동으로 돌릴 수 있다면 무조건 여기 추천함. 장비 드랍은 좀 더디지만 간간이 드랍되는 5티어 장비가 그 단점을 깨는 것 같음. 장비 채우는데 시간이 좀 걸리니 이제야 방치형 게임하는 느낌임,3 1 보스를 자동으로 돌릴 수 있다면 무조건 여기 추천함 장비 드랍은 좀 더디지만 간간이 드랍되는 5티어 장비가 그 단점을 깨는 것 같음 장비 채우는데 시간이 좀 걸리니 이제야 방치형 게임하는 느낌임,"['보스', '자동', '돌리', '수', '있', '추천', '장비', '드랍', '더디', '드랍', '되', '5티어', '장비', '단점', '깨', '것', '같', '장비', '채우', '데', '시간', '걸리', '방치', '게임', '느낌']",False,해당없음,1.0,,gemini
xLPWWv_-gwI,7:42 와 궁수 안죽은거 레전드,31,2026-07-27 06:14:38+00:00,7:42 와 궁수 안죽은거 레전드,7 42 와 궁수 안죽은거 레전드,"['와', '궁수', '죽', '거', '레전드']",False,해당없음,1.0,,gemini
xLPWWv_-gwI,방치형으로 만들었는데 왜 이렇게까지 하는거야.........,44,2026-07-27 06:13:09+00:00,방치형으로 만들었는데 왜 이렇게까지 하는거야.........,방치형으로 만들었는데 왜 이렇게까지 하는거야,"['방치', '만들', '이렇', '하', '거']",True,기타,0.9,,gemini
xLPWWv_-gwI,누구나 조각400개 솔에르다 10개 다 먹을 수 있게 한다며..  누구나 주진 않을 거 같은데..,0,2026-07-27 06:12:44+00:00,누구나 조각400개 솔에르다 10개 다 먹을 수 있게 한다며..  누구나 주진 않을 거 같은데..,누구나 조각400개 솔에르다 10개 다 먹을 수 있게 한다며 누구나 주진 않을 거 같은데,"['조각', '개', '솔에르다', '개', '먹', '수', '있', '주', '거', '같']",False,해당없음,0.95,,gemini
xLPWWv_-gwI,방치형 게임 아니었냐고 ㅋㅋㅋㅋ,14,2026-07-27 06:12:11+00:00,방치형 게임 아니었냐고 ㅋㅋㅋㅋ,방치형 게임 아니었냐고 ㅋㅋ,"['방치', '게임']",False,해당없음,1.0,,gemini
xLPWWv_-gwI,3-1 보스보고 맵다시 들어가기 한시간 정도해서 5단계 4개 먹음 할만할지도,1,2026-07-27 06:11:48+00:00,3-1 보스보고 맵다시 들어가기 한시간 정도해서 5단계 4개 먹음 할만할지도,3 1 보스보고 맵다시 들어가기 한시간 정도해서 5단계 4개 먹음 할만할지도,"['보스', '맵', '들어가', '시간', '정도', '하', '단계', '개', '먹', '하', '만']",False,해당없음,1.0,,gemini
xLPWWv_-gwI,초반 손해보기 싫어서 이악물고 빡겜하는게 ㅋㅋ,1,2026-07-27 06:11:36+00:00,초반 손해보기 싫어서 이악물고 빡겜하는게 ㅋㅋ,초반 손해보기 싫어서 이악물고 빡겜하는게 ㅋㅋ,"['초반', '손해', '보', '싫', '악물', '빡겜', '것']",False,해당없음,1.0,,gemini
xLPWWv_-gwI,스킬순서도 이유가 있었구나..ㄷㄷㄷ,0,2026-07-27 06:11:19+00:00,스킬순서도 이유가 있었구나..ㄷㄷㄷ,스킬순서도 이유가 있었구나 ㄷㄷ,"['스킬', '순서', '이유', '있']",False,해당없음,1.0,,gemini
xLPWWv_-gwI,이딴게 방치형?,2,2026-07-27 06:09:03+00:00,이딴게 방치형?,이딴게 방치형?,"['것', '방치']",False,해당없음,1.0,,gemini
xLPWWv_-gwI,걍 안할게요,0,2026-07-27 06:06:47+00:00,걍 안할게요,걍 안할게요,['하'],False,해당없음,1.0,,gemini
xLPWWv_-gwI,딴건 모르겠고 자신이 2-6 못깨서 법사 해금도 못한 타의적 후발대면 개추 ㅋㅋ,335,2026-07-27 06:06:39+00:00,딴건 모르겠고 자신이 2-6 못깨서 법사 해금도 못한 타의적 후발대면 개추 ㅋㅋ,딴건 모르겠고 자신이 2 6 못깨서 법사 해금도 못한 타의적 후발대면 개추 ㅋㅋ,"['거', '모르', '자신', '깨', '법사', '해금', '타의', '후발', '개', '추']",False,해당없음,1.0,,gemini
xLPWWv_-gwI,❤,0,2026-07-27 06:05:39+00:00,❤,,[],False,해당없음,1.0,,rule
xLPWWv_-gwI,1,0,2026-07-27 06:05:39+00:00,1,1,[],False,해당없음,1.0,,gemini
xLPWWv_-gwI,1,0,2026-07-27 06:05:37+00:00,1,1,[],False,해당없음,1.0,,gemini
xLPWWv_-gwI,1등,0,2026-07-27 06:05:36+00:00,1등,1등,['등'],False,해당없음,1.0,,gemini
xLPWWv_-gwI,"울티마 스쿼드 2-10 공략 원본입니다
https://www.inven.co.kr/board/maple/5974/6946634
 
* 2-10 공략은 여러가지를 전부 참고해 봤는데
전체적인 풀은 영상으로 만든 공략이 더 넓은 거 같아서 선택했습니다

---------------------------
 
사냥터 효율 보는 사이트
https://hsptests.com/maplesquad/
 
사용법은 던전 한바퀴 돌고
최신 기록을 넣어주시면 TO3까지 자동으로 계산됩니다

* 계산기를 어떻게 사용할지 잘 모르겠는 분들은
울티마 스쿼드 최고 효율 계산기 영상을 참고해주시면 감사하겠습니다
https://youtu.be/jfmHPZofrFI",21,2026-07-27 06:05:20+00:00,"울티마 스쿼드 2-10 공략 원본입니다
https://www.inven.co.kr/board/maple/5974/6946634
 
* 2-10 공략은 여러가지를 전부 참고해 봤는데
전체적인 풀은 영상으로 만든 공략이 더 넓은 거 같아서 선택했습니다

---------------------------
 
사냥터 효율 보는 사이트
https://hsptests.com/maplesquad/
 
사용법은 던전 한바퀴 돌고
최신 기록을 넣어주시면 TO3까지 자동으로 계산됩니다

* 계산기를 어떻게 사용할지 잘 모르겠는 분들은
울티마 스쿼드 최고 효율 계산기 영상을 참고해주시면 감사하겠습니다
https://youtu.be/jfmHPZofrFI",울티마 스쿼드 2 10 공략 원본입니다 2 10 공략은 여러가지를 전부 참고해 봤는데 전체적인 풀은 영상으로 만든 공략이 더 넓은 거 같아서 선택했습니다 사냥터 효율 보는 사이트 사용법은 던전 한바퀴 돌고 최신 기록을 넣어주시면 TO3까지 자동으로 계산됩니다 계산기를 어떻게 사용할지 잘 모르겠는 분들은 울티마 스쿼드 최고 효율 계산기 영상을 참고해주시면 감사하겠습니다,"['울티마', '스쿼드', '공략', '원본', '공략', '가지', '참고', '전체', '풀', '영상', '만들', '공략', '넓', '거', '같', '선택', '사냥터', '효율', '보', '사이트', '사용법', '던전', '바퀴', '돌', '최신', '기록', '넣', '자동', '계산', '계산기', '어떻', '사용', '모르', '분', '울티마', '스쿼드', '효율', '계산기', '영상', '참고', '감사']",False,해당없음,1.0,,gemini
WD11kJwi7qk,보마는 별로 인가요??ㅜ,1,2026-07-27 02:57:47+00:00,보마는 별로 인가요??ㅜ,보마는 별로 인가요??ㅜ,['보마'],True,직업_캐릭터,1.0,,gemini
jfmHPZofrFI,맑음님 감사합니다,0,2026-07-27 00:08:05+00:00,맑음님 감사합니다,맑음님 감사합니다,"['맑음', '감사']",False,해당없음,1.0,,gemini
Kf3X8XakvHk,방어구 5단계 넘어오면서 방어력 확 올랐는데 잠재 방어력 괜찮지 않을까여,0,2026-07-26 19:53:07+00:00,방어구 5단계 넘어오면서 방어력 확 올랐는데 잠재 방어력 괜찮지 않을까여,방어구 5단계 넘어오면서 방어력 확 올랐는데 잠재 방어력 괜찮지 않을까여,"['방어', '구', '단계', '넘어오', '방어력', '오르', '잠재', '방어력', '괜찮']",True,장비_아이템,0.95,,gemini
LwHvINCLuvI,하이퍼버닝 삭제하면 새로 보상받을수있는줄 알고 다 받고 삭제해버렸는데 이퍼버닝 1개 더 안주겟죠?,1,2026-07-26 16:44:21+00:00,하이퍼버닝 삭제하면 새로 보상받을수있는줄 알고 다 받고 삭제해버렸는데 이퍼버닝 1개 더 안주겟죠?,하이퍼버닝 삭제하면 새로 보상받을수있는줄 알고 다 받고 삭제해버렸는데 이퍼버닝 1개 더 안주겟죠?,"['하이퍼버닝', '삭제', '보상', '받', '수', '있', '줄', '알', '받', '삭제', '이퍼버닝', '개', '주']",True,이벤트,0.95,,gemini
Kf3X8XakvHk,"참고하시면 좋은 울티마 스쿼드 사냥터 효율 계산기 입니다
https://youtu.be/jfmHPZofrFI
 
* 사용법은 영상 한번 보시면서
고정 댓글 참고해주세요!",0,2026-07-26 15:30:46+00:00,"참고하시면 좋은 울티마 스쿼드 사냥터 효율 계산기 입니다
https://youtu.be/jfmHPZofrFI
 
* 사용법은 영상 한번 보시면서
고정 댓글 참고해주세요!",참고하시면 좋은 울티마 스쿼드 사냥터 효율 계산기 입니다 사용법은 영상 한번 보시면서 고정 댓글 참고해주세요,"['참고', '좋', '울티마', '스쿼드', '사냥터', '효율', '계산기', '사용법', '영상', '보', '고정', '댓글', '참고']",False,해당없음,1.0,,gemini
f92dfu0biJI,현질 안하고 해보려고 하는데요~,0,2026-07-26 15:30:23+00:00,현질 안하고 해보려고 하는데요~,현질 안하고 해보려고 하는데요,"['현지', '하', '하']",True,육성_레벨링,0.9,,gemini
jfmHPZofrFI,월요일부터 시작해도 안늦나요…?,0,2026-07-26 15:12:25+00:00,월요일부터 시작해도 안늦나요…?,월요일부터 시작해도 안늦나요 ?,"['월요일', '시작', '늦']",True,이벤트,0.95,,gemini
WD11kJwi7qk,잼이님 트와일라이트 마크를 사긴했는데 유니크로는 어떻게 만드나요? 제가 뉴비라 잘 모르는데 챌린저스 샵에서 메멘토 골드 큐브로 그냥 등업시도하면 되나요?,1,2026-07-26 14:54:27+00:00,잼이님 트와일라이트 마크를 사긴했는데 유니크로는 어떻게 만드나요? 제가 뉴비라 잘 모르는데 챌린저스 샵에서 메멘토 골드 큐브로 그냥 등업시도하면 되나요?,잼이님 트와일라이트 마크를 사긴했는데 유니크로는 어떻게 만드나요? 제가 뉴비라 잘 모르는데 챌린저스 샵에서 메멘토 골드 큐브로 그냥 등업시도하면 되나요?,"['잼', '트와일', '라이트', '마크', '사', '유니크', '어떻', '만들', '뉴비', '모르', '챌린저스', '샵', '메멘토', '골드', '큐브', '등', '업', '시도', '되']",True,장비_아이템,1.0,,gemini
1cljEsT6jck,공짜 자석펫도 옵티마 보상에 넣어주지,0,2026-07-26 12:03:39+00:00,공짜 자석펫도 옵티마 보상에 넣어주지,공짜 자석펫도 옵티마 보상에 넣어주지,"['공짜', '자석', '펫', '옵티마', '보상', '넣']",False,해당없음,0.95,,gemini
jfmHPZofrFI,이걸 다들 재밌다고 느끼다니... 나는 진짜 유행 못따라서 뒤쳐지겠다ㅠㅠ,0,2026-07-26 10:16:12+00:00,이걸 다들 재밌다고 느끼다니... 나는 진짜 유행 못따라서 뒤쳐지겠다ㅠㅠ,이걸 다들 재밌다고 느끼다니 나는 진짜 유행 못따라서 뒤쳐지겠다ㅠㅠ,"['재밌', '느끼', '유행', '따르', '뒤쳐지']",False,해당없음,1.0,,gemini
Kf3X8XakvHk,초반에 공격력 진짜 안 나옴 ㅜㅜ,0,2026-07-26 09:34:34+00:00,초반에 공격력 진짜 안 나옴 ㅜㅜ,초반에 공격력 진짜 안 나옴 ㅜㅜ,"['초반', '공격', '나오']",False,해당없음,0.95,,gemini
S_GT7ITncjw,영상안보고 운으로2분컷하고 영상보니 엄청복잡해보이네요 ㅋㅋㅋ,0,2026-07-26 09:32:59+00:00,영상안보고 운으로2분컷하고 영상보니 엄청복잡해보이네요 ㅋㅋㅋ,영상안보고 운으로2분컷하고 영상보니 엄청복잡해보이네요 ㅋㅋ,"['영상', '보', '운', '분', '컷', '하', '영상', '보', '보이']",False,해당없음,1.0,,gemini
Kf3X8XakvHk,와 폭시 모르고 그냥 계속 치고 있었네 왜 안깨지나 했네요 핑크빈 피가 안 달고 있어서 머지 했네요 ㅎㅎ 덕분에 깼어요 ㅎㅎ,0,2026-07-26 09:28:08+00:00,와 폭시 모르고 그냥 계속 치고 있었네 왜 안깨지나 했네요 핑크빈 피가 안 달고 있어서 머지 했네요 ㅎㅎ 덕분에 깼어요 ㅎㅎ,와 폭시 모르고 그냥 계속 치고 있었네 왜 안깨지나 했네요 핑크빈 피가 안 달고 있어서 머지 했네요 ㅎㅎ 덕분에 깼어요 ㅎㅎ,"['폭시', '모르', '치', '깨지', '하', '핑크', '비', '피', '달', '머지', '덕분', '깨']",False,해당없음,1.0,,gemini
6bLaTCHm-8A,"핸즈는 부자만 하세요 여러분
투자대비 안좋은거 같습니다.",0,2026-07-26 07:20:14+00:00,"핸즈는 부자만 하세요 여러분
투자대비 안좋은거 같습니다.",핸즈는 부자만 하세요 여러분 투자대비 안좋은거 같습니다,"['핸즈', '부자', '하', '투자', '대비', '좋', '거', '같']",False,해당없음,1.0,,gemini
jfmHPZofrFI,추가 메소 배율은 뭔가요 ??,1,2026-07-26 07:01:35+00:00,추가 메소 배율은 뭔가요 ??,추가 메소 배율은 뭔가요 ??,"['추가', '메소', '배율']",True,시스템,0.95,,gemini
Kf3X8XakvHk,뭐야 ㅅㅂㅋㅋㅋㅋㅋㅋㅋㅋ 합성하면 법사템만 ㅈㄴ 나오는게 나만 그런게 아니라고??,0,2026-07-26 06:51:41+00:00,뭐야 ㅅㅂㅋㅋㅋㅋㅋㅋㅋㅋ 합성하면 법사템만 ㅈㄴ 나오는게 나만 그런게 아니라고??,뭐야 ㅅㅂㅋㅋ 합성하면 법사템만 ㅈㄴ 나오는게 나만 그런게 아니라고??,"['합성', '법사템', '나오', '것', '것']",False,해당없음,0.95,,gemini
Kf3X8XakvHk,01:38 초반이신 분들을 위해,0,2026-07-26 06:01:27+00:00,01:38 초반이신 분들을 위해,01 38 초반이신 분들을 위해,"['초', '반', '분', '위하']",False,해당없음,1.0,,gemini
1cljEsT6jck,01:26 핵심,1,2026-07-26 05:29:52+00:00,01:26 핵심,01 26 핵심,['핵심'],False,해당없음,0.95,,gemini
J5bP0Xd7Wyg,18:46,0,2026-07-26 05:21:02+00:00,18:46,18 46,[],False,해당없음,1.0,,gemini
jfmHPZofrFI,메이플에서 이렇게 많은 유저들이 극찬하고 재밌어 하는 미니게임은 처음봄 ㅋㅋ,6,2026-07-26 04:25:30+00:00,메이플에서 이렇게 많은 유저들이 극찬하고 재밌어 하는 미니게임은 처음봄 ㅋㅋ,메이플에서 이렇게 많은 유저들이 극찬하고 재밌어 하는 미니게임은 처음봄 ㅋㅋ,"['메이플', '이렇', '많', '유저', '극찬', '재밌', '미니', '게임', '처음', '보']",False,해당없음,1.0,,gemini
Kf3X8XakvHk,그럼 궁수 장갑은 공격력 뽑아야 하나요,0,2026-07-26 04:22:09+00:00,그럼 궁수 장갑은 공격력 뽑아야 하나요,그럼 궁수 장갑은 공격력 뽑아야 하나요,"['궁수', '장갑', '공격력', '뽑']",True,장비_아이템,1.0,,gemini
Kf3X8XakvHk,메키가 왜 잘됐는지 이해한사람이면 개추,1,2026-07-26 04:03:23+00:00,메키가 왜 잘됐는지 이해한사람이면 개추,메키가 왜 잘됐는지 이해한사람이면 개추,"['메키', '되', '이해', '사람', '개추']",False,해당없음,0.9,,gemini
OgDvqNAM4ts,2026겨울하이퍼버닝 직업추천 top5영상도 부탁드려요.,1,2026-07-26 04:02:08+00:00,2026겨울하이퍼버닝 직업추천 top5영상도 부탁드려요.,2026겨울하이퍼버닝 직업추천 top5영상도 부탁드려요,"['겨울', '하이퍼', '버닝', '직업', '추천', '영상', '부탁드리']",True,직업_캐릭터,0.95,,gemini
jfmHPZofrFI,제발 잠재능력 뭐 써야되는지 스킬 뭐 써야되는지 알려주세요 이런건 이제 중요하지않아,0,2026-07-26 03:13:49+00:00,제발 잠재능력 뭐 써야되는지 스킬 뭐 써야되는지 알려주세요 이런건 이제 중요하지않아,제발 잠재능력 뭐 써야되는지 스킬 뭐 써야되는지 알려주세요 이런건 이제 중요하지않아,"['잠재', '능력', '쓰', '되', '스킬', '쓰', '되', '알리', '거', '중요']",False,해당없음,0.95,,gemini
jfmHPZofrFI,"저 궁금한게 있는데 스킬2칸이 뚫렸을때 궁수는 볼텍스랑 차지드를 쓰는게 좋나요
아님 볼텍스랑 폭시를 쓰는게 좋나요?",0,2026-07-26 03:07:43+00:00,"저 궁금한게 있는데 스킬2칸이 뚫렸을때 궁수는 볼텍스랑 차지드를 쓰는게 좋나요
아님 볼텍스랑 폭시를 쓰는게 좋나요?",저 궁금한게 있는데 스킬2칸이 뚫렸을때 궁수는 볼텍스랑 차지드를 쓰는게 좋나요 아님 볼텍스랑 폭시를 쓰는게 좋나요?,"['궁금하', '것', '있', '스킬', '칸', '뚫리', '때', '궁수', '볼텍스', '차지드', '쓰', '것', '좋', '볼텍스', '폭', '시', '쓰', '것', '좋']",True,스킬_6차,1.0,,gemini
Kf3X8XakvHk,5:59 나는 이 잡옵이 왜 당연하게 잠재능력에 들어가는건지 모르겠음 본메도그렇고 그냥 꽝이라고 대놓고 써버리지. 효율이라도 좀 나오게 설계하던가.. 물론 BM이겠지만 잠재능력이 아니라 잠재폭탄임,0,2026-07-25 23:58:30+00:00,5:59 나는 이 잡옵이 왜 당연하게 잠재능력에 들어가는건지 모르겠음 본메도그렇고 그냥 꽝이라고 대놓고 써버리지. 효율이라도 좀 나오게 설계하던가.. 물론 BM이겠지만 잠재능력이 아니라 잠재폭탄임,5 59 나는 이 잡옵이 왜 당연하게 잠재능력에 들어가는건지 모르겠음 본메도그렇고 그냥 꽝이라고 대놓고 써버리지 효율이라도 좀 나오게 설계하던가 물론 BM이겠지만 잠재능력이 아니라 잠재폭탄임,"['잡옵', '잠재', '능력', '들어가', '거', '모르', '본메', '그렇', '쓰', '효율', '나오', '설계', '잠재', '능력', '잠재', '폭탄']",False,해당없음,0.95,,gemini
jfmHPZofrFI,밤새만들었다는 한자한테는 미안하지만 이게 더 편하다,1,2026-07-25 23:58:22+00:00,밤새만들었다는 한자한테는 미안하지만 이게 더 편하다,밤새만들었다는 한자한테는 미안하지만 이게 더 편하다,"['밤새', '만들', '한자', '미안', '편하']",False,해당없음,1.0,,gemini
6bLaTCHm-8A,어우..요즘 TTS나 더빙없으면 보기힘들던,2,2026-07-25 21:06:47+00:00,어우..요즘 TTS나 더빙없으면 보기힘들던,어우 요즘 TTS나 더빙없으면 보기힘들던,"['요즘', '더빙', '없', '보', '힘들']",False,해당없음,1.0,,gemini
Kf3X8XakvHk,"이런 컨텐츠 좀 제대로 만져서
롤체마냥 메이플 내에서 영구 컨텐츠로 자리잡앗으면 좋겟다
걍 누구나 시간만 박으면 고인물 뉴비 상관없이 동일한 스펙과 보상을 얻지만
그 규모가 엄청 크진 않는 수준으로",0,2026-07-25 18:53:08+00:00,"이런 컨텐츠 좀 제대로 만져서
롤체마냥 메이플 내에서 영구 컨텐츠로 자리잡앗으면 좋겟다
걍 누구나 시간만 박으면 고인물 뉴비 상관없이 동일한 스펙과 보상을 얻지만
그 규모가 엄청 크진 않는 수준으로",이런 컨텐츠 좀 제대로 만져서 롤체마냥 메이플 내에서 영구 컨텐츠로 자리잡앗으면 좋겟다 걍 누구나 시간만 박으면 고인물 뉴비 상관없이 동일한 스펙과 보상을 얻지만 그 규모가 엄청 크진 않는 수준으로,"['컨텐츠', '만지', '롤체', '메이플', '내', '영구', '컨텐츠', '자리', '잡', '앗', '좋', '시간', '박', '고이', '물', '뉴비', '동일', '스펙', '보상', '얻', '규모', '크', '수준']",False,해당없음,1.0,,gemini
Kf3X8XakvHk,결론은 레벨이 깡패구나,0,2026-07-25 18:48:58+00:00,결론은 레벨이 깡패구나,결론은 레벨이 깡패구나,"['결론', '레벨', '깡패']",False,해당없음,0.95,,gemini
jfmHPZofrFI,썬데이에 울티마도 넣어달라고,0,2026-07-25 18:44:35+00:00,썬데이에 울티마도 넣어달라고,썬데이에 울티마도 넣어달라고,"['썬데이', '울티마도', '넣']",False,해당없음,1.0,,gemini
jfmHPZofrFI,아 코인 10만대 모을때까지 장비칸 증가를 할줄 몰라서 2단계 2개만들고 분해하고 하루종일 반복함::,0,2026-07-25 17:37:53+00:00,아 코인 10만대 모을때까지 장비칸 증가를 할줄 몰라서 2단계 2개만들고 분해하고 하루종일 반복함::,아 코인 10만대 모을때까지 장비칸 증가를 할줄 몰라서 2단계 2개만들고 분해하고 하루종일 반복함,"['코인', '대', '모으', '때', '장비', '칸', '증가', '하', '줄', '모르', '단계', '개', '들', '분해', '하루', '종일', '반복']",False,해당없음,1.0,,gemini
jfmHPZofrFI,이렇게 까지 겜해야됌?? ;; 걍 막히는 사냥터 2단계 밑 사냥터에서 100초이내면 ㄱ 하면되는데,0,2026-07-25 17:02:52+00:00,이렇게 까지 겜해야됌?? ;; 걍 막히는 사냥터 2단계 밑 사냥터에서 100초이내면 ㄱ 하면되는데,이렇게 까지 겜해야됌?? 걍 막히는 사냥터 2단계 밑 사냥터에서 100초이내면 ㄱ 하면되는데,"['이렇', '것', '하', '되', '막히', '사냥터', '단계', '밑', '사냥터', '초', '이내', '하', '되']",True,사냥,0.9,,gemini
jfmHPZofrFI,선생님 덕에 2-6 클리어 했습니다🎉,0,2026-07-25 16:54:28+00:00,선생님 덕에 2-6 클리어 했습니다🎉,선생님 덕에 2 6 클리어 했습니다,"['선생', '덕', '클리어']",False,해당없음,1.0,,gemini
jfmHPZofrFI,ㅋㅋㅋㅋㅋㅋㅋㅋ창섭이형 다음 나우때 울티마 스쿼드 이정도로 열심히 하실지 몰랐다 방치해놓으라고 만들었는데 효율까지 계산해가면서 할 줄 몰랐다 이럴듯 ㅋㅋㅋ,0,2026-07-25 15:28:19+00:00,ㅋㅋㅋㅋㅋㅋㅋㅋ창섭이형 다음 나우때 울티마 스쿼드 이정도로 열심히 하실지 몰랐다 방치해놓으라고 만들었는데 효율까지 계산해가면서 할 줄 몰랐다 이럴듯 ㅋㅋㅋ,ㅋㅋ창섭이형 다음 나우때 울티마 스쿼드 이정도로 열심히 하실지 몰랐다 방치해놓으라고 만들었는데 효율까지 계산해가면서 할 줄 몰랐다 이럴듯 ㅋㅋ,"['창섭', '형', '다음', '나우때', '울티마', '스쿼드', '정도', '하', '모르', '방치', '만들', '효율', '계산', '하', '줄', '모르', '이렇', '듯']",False,해당없음,1.0,,gemini
jfmHPZofrFI,경험치 퍼센트는 전사랑궁수 중 뭐로입력해야하나요,0,2026-07-25 15:25:26+00:00,경험치 퍼센트는 전사랑궁수 중 뭐로입력해야하나요,경험치 퍼센트는 전사랑궁수 중 뭐로입력해야하나요,"['경험치', '퍼센트', '전사', '궁수', '중', '입력', '하']",True,시스템,0.9,,gemini
jfmHPZofrFI,이거 없어지면 섭섭할 거 같음.....,0,2026-07-25 15:12:37+00:00,이거 없어지면 섭섭할 거 같음.....,이거 없어지면 섭섭할 거 같음,"['없', '거', '같']",False,해당없음,1.0,,gemini
jfmHPZofrFI,방치가 안된다 ㅡㅡ! 뭐냐 이거 ㅋㅋ,0,2026-07-25 15:08:00+00:00,방치가 안된다 ㅡㅡ! 뭐냐 이거 ㅋㅋ,방치가 안된다 ㅡㅡ 뭐냐 이거 ㅋㅋ,['방치'],True,시스템,0.95,,gemini
jfmHPZofrFI,존나 웃긴게 이런거 나올때마다 게임자체에서 정보 나오는게 아니라 외부 사이트에 의지한다는게 아이러니 하네,0,2026-07-25 14:50:05+00:00,존나 웃긴게 이런거 나올때마다 게임자체에서 정보 나오는게 아니라 외부 사이트에 의지한다는게 아이러니 하네,존나 웃긴게 이런거 나올때마다 게임자체에서 정보 나오는게 아니라 외부 사이트에 의지한다는게 아이러니 하네,"['웃기', '것', '거', '나오', '때', '게임', '자체', '정보', '나오', '것', '외부', '사이트', '의지', '것', '아이러니', '하']",False,해당없음,0.95,,gemini
jfmHPZofrFI,본인의 레벨이 전사 레벨임 궁수 레벨임 합 나누기 2임 그 설명이 없네요 ㅠ,0,2026-07-25 14:39:41+00:00,본인의 레벨이 전사 레벨임 궁수 레벨임 합 나누기 2임 그 설명이 없네요 ㅠ,본인의 레벨이 전사 레벨임 궁수 레벨임 합 나누기 2임 그 설명이 없네요 ㅠ,"['본인', '레벨', '전사', '레벨', '궁수', '레벨', '합', '나누', '설명', '없']",True,기타,0.95,,gemini
jfmHPZofrFI,아 출장때뮨에 4일 접속 못해서 오늘시작햇는데도 보상 다 받을수있겠죠?,0,2026-07-25 14:17:49+00:00,아 출장때뮨에 4일 접속 못해서 오늘시작햇는데도 보상 다 받을수있겠죠?,아 출장때뮨에 4일 접속 못해서 오늘시작햇는데도 보상 다 받을수있겠죠?,"['출장때뮨', '일', '접속', '하', '시작', '보상', '받', '수', '있']",True,이벤트,0.95,,gemini
jfmHPZofrFI,"아하 그러니까 대다수의 던전을 새로 돌아서 클탐을 갱신한다음 기입해야한다고?😊
귀찮으니까 그냥 최고렙 사냥터 무한반복😂
미니겜이면 미니겜답게 좀 간단하고 쉽게 가자",0,2026-07-25 14:10:27+00:00,"아하 그러니까 대다수의 던전을 새로 돌아서 클탐을 갱신한다음 기입해야한다고?😊
귀찮으니까 그냥 최고렙 사냥터 무한반복😂
미니겜이면 미니겜답게 좀 간단하고 쉽게 가자",아하 그러니까 대다수의 던전을 새로 돌아서 클탐을 갱신한다음 기입해야한다고? 귀찮으니까 그냥 최고렙 사냥터 무한반복 미니겜이면 미니겜답게 좀 간단하고 쉽게 가자,"['대다수', '던전', '돌', '크', '탐', '갱신', '다음', '기입', '귀찮', '최고렙', '사냥터', '무한', '반복', '미니겜', '미니겜', '쉽', '가']",True,시스템,0.9,,gemini
jfmHPZofrFI,메소배율이 골드획득량 인가요?,0,2026-07-25 13:56:01+00:00,메소배율이 골드획득량 인가요?,메소배율이 골드획득량 인가요?,"['메소', '배율', '골드', '획득', '량']",True,시스템,1.0,,gemini
jfmHPZofrFI,원래 오늘안에 법사 못열거같았는데 개뽀록으로 궁수랑 전사 차례대로 버텨가지고 2-6깨고 법사해금함 ㅋㅋ,2,2026-07-25 13:46:59+00:00,원래 오늘안에 법사 못열거같았는데 개뽀록으로 궁수랑 전사 차례대로 버텨가지고 2-6깨고 법사해금함 ㅋㅋ,원래 오늘안에 법사 못열거같았는데 개뽀록으로 궁수랑 전사 차례대로 버텨가지고 2 6깨고 법사해금함 ㅋㅋ,"['원래', '오늘', '안', '법사', '열', '거', '같', '개', '록', '궁수', '차례', '버티', '깨', '법사', '해금']",False,해당없음,1.0,,gemini
jfmHPZofrFI,지금 사냥 안 하고 마을에서 가끔씩 왔다갔다 점프하면서 이것만 하면 개추 ㅋㅋ,0,2026-07-25 13:29:00+00:00,지금 사냥 안 하고 마을에서 가끔씩 왔다갔다 점프하면서 이것만 하면 개추 ㅋㅋ,지금 사냥 안 하고 마을에서 가끔씩 왔다갔다 점프하면서 이것만 하면 개추 ㅋㅋ,"['사냥', '하', '마을', '오', '가', '점프', '하', '개', '추']",False,해당없음,1.0,,gemini
jfmHPZofrFI,레벨이 전사레벨이냐고 빨리 급하다고,0,2026-07-25 13:21:45+00:00,레벨이 전사레벨이냐고 빨리 급하다고,레벨이 전사레벨이냐고 빨리 급하다고,"['레벨', '전사', '레벨', '급하']",True,육성_레벨링,0.85,,gemini
jfmHPZofrFI,현재 레벨은 전사+궁수 레벨인가요 아니면 전사 레벨만 입력하는건가요,1,2026-07-25 13:05:19+00:00,현재 레벨은 전사+궁수 레벨인가요 아니면 전사 레벨만 입력하는건가요,현재 레벨은 전사 궁수 레벨인가요 아니면 전사 레벨만 입력하는건가요,"['레벨', '전사', '궁수', '레벨', '전사', '레벨', '입력', '거']",True,시스템,0.95,,gemini
jfmHPZofrFI,"추가로 페이지 제일 아래에
데이터 제보하는것도 있으니
시간 되실때 제보해주면 다른 유저에게 도움이 된답니다",0,2026-07-25 12:44:25+00:00,"추가로 페이지 제일 아래에
데이터 제보하는것도 있으니
시간 되실때 제보해주면 다른 유저에게 도움이 된답니다",추가로 페이지 제일 아래에 데이터 제보하는것도 있으니 시간 되실때 제보해주면 다른 유저에게 도움이 된답니다,"['추가', '페이지', '아래', '데이터', '제보', '것', '있', '시간', '되', '때', '제보', '유저', '도움', '되']",False,해당없음,1.0,,gemini
jfmHPZofrFI,합성에서 법사장비만 ㅈㄴ 뜨면 개추 ㅋㅋ,1,2026-07-25 12:29:13+00:00,합성에서 법사장비만 ㅈㄴ 뜨면 개추 ㅋㅋ,합성에서 법사장비만 ㅈㄴ 뜨면 개추 ㅋㅋ,"['합성', '법사', '장', '비만', '뜨', '개', '추']",False,해당없음,1.0,,gemini
jfmHPZofrFI,전사 4렙 무기에 장갑 ㄷㄷ,0,2026-07-25 12:26:17+00:00,전사 4렙 무기에 장갑 ㄷㄷ,전사 4렙 무기에 장갑 ㄷㄷ,"['전사', '4렙', '무기', '장갑']",False,해당없음,1.0,,gemini
jfmHPZofrFI,ㅈㄴ잼슴 울티마 ㅠ,0,2026-07-25 12:25:56+00:00,ㅈㄴ잼슴 울티마 ㅠ,ㅈㄴ잼슴 울티마 ㅠ,"['잼슴', '울티마']",False,해당없음,1.0,,gemini
jfmHPZofrFI,벌써 100칸에 4단계 무기끼고 있는게 개쩌네 메이플 안끄고 24시간 켜놓으신듯 ㄷㄷ,1,2026-07-25 12:19:13+00:00,벌써 100칸에 4단계 무기끼고 있는게 개쩌네 메이플 안끄고 24시간 켜놓으신듯 ㄷㄷ,벌써 100칸에 4단계 무기끼고 있는게 개쩌네 메이플 안끄고 24시간 켜놓으신듯 ㄷㄷ,"['칸', '단계', '무기', '끼', '것', '개', '쩔', '메이플', '끄', '시간', '켜', '듯']",False,해당없음,1.0,,gemini
jfmHPZofrFI,메소 배율이 어딧어여 닌ㅁ들? ㅠㅠ,1,2026-07-25 12:17:08+00:00,메소 배율이 어딧어여 닌ㅁ들? ㅠㅠ,메소 배율이 어딧어여 닌ㅁ들? ㅠㅠ,"['메소', '배율', '어딧어여', '들']",True,시스템,0.95,,gemini
jfmHPZofrFI,더빙하니까 더보기좋아짐,0,2026-07-25 11:57:06+00:00,더빙하니까 더보기좋아짐,더빙하니까 더보기좋아짐,"['더빙', '보', '좋']",False,해당없음,1.0,,gemini
Kf3X8XakvHk,잠재 능력 어떻게해란소린지모르겠는데 알려주실분 이해가안댐 ㅜㅜ,0,2026-07-25 11:55:51+00:00,잠재 능력 어떻게해란소린지모르겠는데 알려주실분 이해가안댐 ㅜㅜ,잠재 능력 어떻게해란소린지모르겠는데 알려주실분 이해가안댐 ㅜㅜ,"['잠재', '능력', '어떻', '하', '소리', '모르', '알리', '분', '이해', '대']",True,장비_아이템,1.0,,gemini
jfmHPZofrFI,*맑음님 쌀숭이만 아니면 호감가집니다.*,0,2026-07-25 11:49:12+00:00,*맑음님 쌀숭이만 아니면 호감가집니다.*,맑음님 쌀숭이만 아니면 호감가집니다,"['맑음', '쌀숭이', '호감', '가지']",False,해당없음,1.0,,gemini
jfmHPZofrFI,"ㅅㅂ 진심 메키 존나 이해 못했는데 울티마 하루만에 메키를 이해해버림
심지어 투력에 등수까지 뜬다고? 어떻게 중독이 안되는데 ㅅㅂ;ㅋㅋㅋㅋㅋㅋㅋㅋㅋㅋㅋㅋㅋㅋㅋㅋ",58,2026-07-25 11:42:00+00:00,"ㅅㅂ 진심 메키 존나 이해 못했는데 울티마 하루만에 메키를 이해해버림
심지어 투력에 등수까지 뜬다고? 어떻게 중독이 안되는데 ㅅㅂ;ㅋㅋㅋㅋㅋㅋㅋㅋㅋㅋㅋㅋㅋㅋㅋㅋ",ㅅㅂ 진심 메키 존나 이해 못했는데 울티마 하루만에 메키를 이해해버림 심지어 투력에 등수까지 뜬다고? 어떻게 중독이 안되는데 ㅅㅂ ㅋㅋ,"['진심', '메', '키', '이해', '하', '울티마', '하루', '만', '메', '키', '이해', '투', '등수', '뜨', '어떻', '중독', '되']",False,해당없음,1.0,,gemini
jfmHPZofrFI,그게 더 귀찮아요 걍 할ㄹ게요,0,2026-07-25 11:25:28+00:00,그게 더 귀찮아요 걍 할ㄹ게요,그게 더 귀찮아요 걍 할ㄹ게요,"['귀찮', '하']",False,해당없음,1.0,,gemini
jfmHPZofrFI,창섭아 이거 내줘라 밸패잡지말고🎉🎉🎉,1,2026-07-25 11:25:24+00:00,창섭아 이거 내줘라 밸패잡지말고🎉🎉🎉,창섭아 이거 내줘라 밸패잡지말고,"['창섭', '내', '배', '패', '잡']",False,해당없음,1.0,,gemini
jfmHPZofrFI,경치는 20렙까진 그냥 1-7이고 메소생각(접속시간이 길지않은사람)하면 2-1이 킹갓임. 그리고 폭시사냥으로 크리1~2%해놓으면 진짜 빠릅니다. 쏘는속도가빨라서 크리 잘터짐.,0,2026-07-25 11:19:31+00:00,경치는 20렙까진 그냥 1-7이고 메소생각(접속시간이 길지않은사람)하면 2-1이 킹갓임. 그리고 폭시사냥으로 크리1~2%해놓으면 진짜 빠릅니다. 쏘는속도가빨라서 크리 잘터짐.,경치는 20렙까진 그냥 1 7이고 메소생각 접속시간이 길지않은사람 하면 2 1이 킹갓임 그리고 폭시사냥으로 크리1 2 해놓으면 진짜 빠릅니다 쏘는속도가빨라서 크리 잘터짐,"['경치', '20렙', '메소생각', '접속', '시간', '길', '사람', '하', '킹', '갓', '폭시사냥', '크리', '빠르', '쏘', '속도', '빠르', '크', '터지']",False,해당없음,1.0,,gemini
jfmHPZofrFI,"2-1 쳐박는게 좋은거 같음..
1-7이 효율 좋긴한데 금방 궁수 20되면 2-1 효율 좋아 가게되고 
2스테이지부터 드랍 장비가 3단계가 뜨긴함.. 
거의 안뜨지만, 
장비 렙 4단계 뒤지게 안뜸..
전사 궁수 24 되도 장비 3단계 끼고 있을 확률 높음..",0,2026-07-25 11:17:02+00:00,"2-1 쳐박는게 좋은거 같음..
1-7이 효율 좋긴한데 금방 궁수 20되면 2-1 효율 좋아 가게되고 
2스테이지부터 드랍 장비가 3단계가 뜨긴함.. 
거의 안뜨지만, 
장비 렙 4단계 뒤지게 안뜸..
전사 궁수 24 되도 장비 3단계 끼고 있을 확률 높음..",2 1 쳐박는게 좋은거 같음 1 7이 효율 좋긴한데 금방 궁수 20되면 2 1 효율 좋아 가게되고 2스테이지부터 드랍 장비가 3단계가 뜨긴함 거의 안뜨지만 장비 렙 4단계 뒤지게 안뜸 전사 궁수 24 되도 장비 3단계 끼고 있을 확률 높음,"['치', '박', '것', '좋', '거', '같', '효율', '좋', '궁수', '효율', '좋', '되', '스테이지', '드랍', '장비', '단계', '뜨', '뜨', '장비', '렙', '단계', '뒤지', '뜨', '전사', '궁수', '되', '장비', '단계', '끼', '확률', '높']",False,해당없음,1.0,,gemini
jfmHPZofrFI,굿잡,0,2026-07-25 11:16:28+00:00,굿잡,굿잡,['굿잡'],False,해당없음,1.0,,gemini
jfmHPZofrFI,근데 나만 3단계 마법사 탬만 나옴 ?!?!?!,0,2026-07-25 11:12:07+00:00,근데 나만 3단계 마법사 탬만 나옴 ?!?!?!,근데 나만 3단계 마법사 탬만 나옴 ? ? ?,"['단계', '마법사', '탬', '나오']",True,기타,0.8,,gemini
jfmHPZofrFI,힐링(아님),0,2026-07-25 11:10:15+00:00,힐링(아님),힐링 아님,['힐링'],False,해당없음,1.0,,gemini
jfmHPZofrFI,김창섭도 생각보다 너무 좋은인기에 주요 컨텐츠로 발전할듯ㅋㅋㅋㅋㅋ,3,2026-07-25 11:05:20+00:00,김창섭도 생각보다 너무 좋은인기에 주요 컨텐츠로 발전할듯ㅋㅋㅋㅋㅋ,김창섭도 생각보다 너무 좋은인기에 주요 컨텐츠로 발전할듯ㅋㅋ,"['김', '창섭', '생각', '좋', '인기', '주요', '컨텐츠', '발전', '듯']",False,해당없음,1.0,,gemini
jfmHPZofrFI,님들 꿀팁 드리면 궁수 크확 1프로만 챙기고 (아무부위 상관없음) 폭시로 사냥 돌리면 훨쌤 ㅇㅇ,0,2026-07-25 11:04:04+00:00,님들 꿀팁 드리면 궁수 크확 1프로만 챙기고 (아무부위 상관없음) 폭시로 사냥 돌리면 훨쌤 ㅇㅇ,님들 꿀팁 드리면 궁수 크확 1프로만 챙기고 아무부위 상관없음 폭시로 사냥 돌리면 훨쌤 ㅇㅇ,"['님', '꿀', '팁', '드리', '궁수', '크확', '프로', '챙기', '부위', '상관', '없', '폭시', '사냥', '돌리', '쌤']",False,해당없음,1.0,,gemini
jfmHPZofrFI,"그냥 메이플로드처럼 닉네임
검색하면 알아서 계산해주면 안되는거임?",0,2026-07-25 11:02:09+00:00,"그냥 메이플로드처럼 닉네임
검색하면 알아서 계산해주면 안되는거임?",그냥 메이플로드처럼 닉네임 검색하면 알아서 계산해주면 안되는거임?,"['메이플로드', '닉네임', '검색', '알', '계산', '되', '거']",True,시스템,0.95,,gemini
jfmHPZofrFI,일정 렙 이하 장비 자동 합성 만원에 팔라고 아 ㅋㅋㅋ,1,2026-07-25 10:59:07+00:00,일정 렙 이하 장비 자동 합성 만원에 팔라고 아 ㅋㅋㅋ,일정 렙 이하 장비 자동 합성 만원에 팔라고 아 ㅋㅋ,"['일정', '렙', '이하', '장비', '자동', '합성', '원', '팔']",False,해당없음,1.0,,gemini
jfmHPZofrFI,메이플 키우기 흥행의 비결이 조금은 공감되었으면 개추,71,2026-07-25 10:54:36+00:00,메이플 키우기 흥행의 비결이 조금은 공감되었으면 개추,메이플 키우기 흥행의 비결이 조금은 공감되었으면 개추,"['메이플', '키우', '흥행', '비결', '조금', '공감', '개추']",False,해당없음,1.0,,gemini
jfmHPZofrFI,걍 대충하자 ㅋㅋㅋㅋ,0,2026-07-25 10:51:28+00:00,걍 대충하자 ㅋㅋㅋㅋ,걍 대충하자 ㅋㅋ,['하'],False,해당없음,1.0,,gemini
jfmHPZofrFI,걍 1-7 뺑이 돌다가 2-1 1분 3~40초 나오면 법사 전까지 살면 됨,0,2026-07-25 10:48:28+00:00,걍 1-7 뺑이 돌다가 2-1 1분 3~40초 나오면 법사 전까지 살면 됨,걍 1 7 뺑이 돌다가 2 1 1분 3 40초 나오면 법사 전까지 살면 됨,"['돌', '분', '초', '나오', '법사', '전', '살', '되']",False,해당없음,1.0,,gemini
jfmHPZofrFI,그냥 갈수있는 단계중에 한번이라도 죽지 않을수있는 가장 윗단계 가는중,2,2026-07-25 10:42:23+00:00,그냥 갈수있는 단계중에 한번이라도 죽지 않을수있는 가장 윗단계 가는중,그냥 갈수있는 단계중에 한번이라도 죽지 않을수있는 가장 윗단계 가는중,"['가', '수', '있', '단계', '중', '번', '죽', '수', '있', '단계', '가', '중']",False,해당없음,0.95,,gemini
jfmHPZofrFI,???: 크아아아아악 용사님들 방치형이라고요!,6,2026-07-25 10:41:37+00:00,???: 크아아아아악 용사님들 방치형이라고요!,?? 크아아악 용사님들 방치형이라고요,"['크', '용사', '방치']",False,해당없음,1.0,,gemini
jfmHPZofrFI,걍 대충하면 되는데 뭘 이렇게 극한의 효율을...,0,2026-07-25 10:41:06+00:00,걍 대충하면 되는데 뭘 이렇게 극한의 효율을...,걍 대충하면 되는데 뭘 이렇게 극한의 효율을,"['하', '되', '이렇', '극한', '효율']",False,해당없음,1.0,,gemini
jfmHPZofrFI,이렇게 까지 안해도 되는 미니게임임 재밌는사람들만 하면될듯,26,2026-07-25 10:40:36+00:00,이렇게 까지 안해도 되는 미니게임임 재밌는사람들만 하면될듯,이렇게 까지 안해도 되는 미니게임임 재밌는사람들만 하면될듯,"['이렇', '하', '되', '미니', '게임', '재밌', '사람', '하', '되', '듯']",False,해당없음,1.0,,gemini
jfmHPZofrFI,메이플 IP가 존나 무섭다는걸 다시느꼈다 방치형이고 나중에 사라질꺼아는데도 존나열심히하고있음 재획하면서 원래 유튜브나 딴거보는데 이상하게 쳐다보게됨 이거 나중에 게임안에 롤토체스같은게임이나 영구적으로 누적되는 방치형게임이라던가 창모드 채팅창 옆으로 띄어놓는것처럼 추가로 만들어놓으면 인기 뒤지게많을듯 다만 인게임에 스펙적영향을 미치면 강제성이 되어버리니 경험치 조금더준다던가 명예타이틀같은거 있다던가하면 괜찮을듯,33,2026-07-25 10:38:50+00:00,메이플 IP가 존나 무섭다는걸 다시느꼈다 방치형이고 나중에 사라질꺼아는데도 존나열심히하고있음 재획하면서 원래 유튜브나 딴거보는데 이상하게 쳐다보게됨 이거 나중에 게임안에 롤토체스같은게임이나 영구적으로 누적되는 방치형게임이라던가 창모드 채팅창 옆으로 띄어놓는것처럼 추가로 만들어놓으면 인기 뒤지게많을듯 다만 인게임에 스펙적영향을 미치면 강제성이 되어버리니 경험치 조금더준다던가 명예타이틀같은거 있다던가하면 괜찮을듯,메이플 IP가 존나 무섭다는걸 다시느꼈다 방치형이고 나중에 사라질꺼아는데도 존나열심히하고있음 재획하면서 원래 유튜브나 딴거보는데 이상하게 쳐다보게됨 이거 나중에 게임안에 롤토체스같은게임이나 영구적으로 누적되는 방치형게임이라던가 창모드 채팅창 옆으로 띄어놓는것처럼 추가로 만들어놓으면 인기 뒤지게많을듯 다만 인게임에 스펙적영향을 미치면 강제성이 되어버리니 경험치 조금더준다던가 명예타이틀같은거 있다던가하면 괜찮을듯,"['메이플', '무섭', '거', '느끼', '방치', '나중', '사라지', '꺼', '아', '데', '하', '하', '유튜브', '거', '보', '이상', '쳐다보', '되', '나중', '게임', '안', '롤토체스', '같', '게임', '영구', '누적', '방치', '게임', '창', '모드', '채팅', '창', '옆', '띄', '것', '추가', '만들', '인기', '뒤지', '많', '듯', '인', '게임', '스펙', '영향', '미치', '강제', '되', '경험치', '주', '명예', '타이틀', '같', '거', '있', '하', '괜찮', '듯']",False,해당없음,1.0,,gemini
jfmHPZofrFI,보스 돌고 허겁지겁 인벤토리 열어서 장비 합성 ㅋㅋㅋ,94,2026-07-25 10:37:32+00:00,보스 돌고 허겁지겁 인벤토리 열어서 장비 합성 ㅋㅋㅋ,보스 돌고 허겁지겁 인벤토리 열어서 장비 합성 ㅋㅋ,"['보스', '돌', '인벤토리', '열', '장비', '합성']",False,해당없음,1.0,,gemini
jfmHPZofrFI,김창섭은 울티마 스쿼드를 유지할것,1,2026-07-25 10:37:09+00:00,김창섭은 울티마 스쿼드를 유지할것,김창섭은 울티마 스쿼드를 유지할것,"['김', '창섭', '울티마', '스쿼드', '유지', '것']",False,해당없음,1.0,,gemini
jfmHPZofrFI,아니 방치형 이벤트아니었냐고ㅋㅋㅋㅋ,6,2026-07-25 10:36:47+00:00,아니 방치형 이벤트아니었냐고ㅋㅋㅋㅋ,아니 방치형 이벤트아니었냐고ㅋㅋ,"['방치', '이벤트']",False,해당없음,1.0,,gemini
jfmHPZofrFI,걍 궁수 20렙까지 1-7에 쳐 박아놔,1,2026-07-25 10:36:21+00:00,걍 궁수 20렙까지 1-7에 쳐 박아놔,걍 궁수 20렙까지 1 7에 쳐 박아놔,"['궁수', '20렙', '치', '박']",False,해당없음,1.0,,gemini
jfmHPZofrFI,역대급 미니게임 너무 재밌습니다,0,2026-07-25 10:34:30+00:00,역대급 미니게임 너무 재밌습니다,역대급 미니게임 너무 재밌습니다,"['역대', '급', '미니', '게임', '재밌']",False,해당없음,1.0,,gemini
jfmHPZofrFI,방치형인데 재획보다 더 열심히 하는거같음.. 왜 재밌냐고,191,2026-07-25 10:31:48+00:00,방치형인데 재획보다 더 열심히 하는거같음.. 왜 재밌냐고,방치형인데 재획보다 더 열심히 하는거같음 왜 재밌냐고,"['방치', '획', '하', '거', '같', '재밌']",False,해당없음,0.95,,gemini
jfmHPZofrFI,메린이분들은 굳이 이런거 보면서 애쓰지 않아도 됩니다... 결국 다 할 수 있게 돼요,1,2026-07-25 10:30:36+00:00,메린이분들은 굳이 이런거 보면서 애쓰지 않아도 됩니다... 결국 다 할 수 있게 돼요,메린이분들은 굳이 이런거 보면서 애쓰지 않아도 됩니다 결국 다 할 수 있게 돼요,"['메리', '분', '거', '보', '애쓰', '되', '하', '수', '있', '되']",False,해당없음,1.0,,gemini
jfmHPZofrFI,맑음 화이팅,1,2026-07-25 10:29:43+00:00,맑음 화이팅,맑음 화이팅,['맑음'],False,해당없음,1.0,,gemini
jfmHPZofrFI,와 벌써 저런 사이트 나오는게 신기하네,0,2026-07-25 10:29:12+00:00,와 벌써 저런 사이트 나오는게 신기하네,와 벌써 저런 사이트 나오는게 신기하네,"['사이트', '나오', '것', '신기하']",False,해당없음,1.0,,gemini
jfmHPZofrFI,진짜 세상엔 대단한 사람이 많네..,18,2026-07-25 10:28:16+00:00,진짜 세상엔 대단한 사람이 많네..,진짜 세상엔 대단한 사람이 많네,"['세상', '사람', '많']",False,해당없음,1.0,,gemini
jfmHPZofrFI,와😊,0,2026-07-25 10:27:48+00:00,와😊,와,[],False,해당없음,1.0,,rule
jfmHPZofrFI,울티마 재밌어서 계속 하는 중 ㅋㅋㅋㅋㅋ,1,2026-07-25 10:27:47+00:00,울티마 재밌어서 계속 하는 중 ㅋㅋㅋㅋㅋ,울티마 재밌어서 계속 하는 중 ㅋㅋ,"['울티마', '재밌', '하', '중']",False,해당없음,1.0,,gemini
jfmHPZofrFI,2,0,2026-07-25 10:27:12+00:00,2,2,[],False,해당없음,1.0,,gemini
jfmHPZofrFI,"2

감사합니다 맑음님",1,2026-07-25 10:26:53+00:00,"2

감사합니다 맑음님",2 감사합니다 맑음님,"['감사', '맑음']",False,해당없음,1.0,,gemini
jfmHPZofrFI,1,0,2026-07-25 10:25:49+00:00,1,1,[],False,해당없음,1.0,,gemini
jfmHPZofrFI,"울티마 스쿼드 계산기 사이트 입니다
https://hsptests.com/maplesquad/
 
계산기는 너무 자주 사용할 필요는 없고
하루에 1~2번 사용해서 확인하시면 됩니다
 
레벨은 전사 기준으로 넣어주시면 되고
궁수 레벨업 시간 궁금하면 이후에 잠깐 수정하시면 됩니다!!
 
* 메이플 인벤 : Simetry님 제작",9,2026-07-25 10:25:18+00:00,"울티마 스쿼드 계산기 사이트 입니다
https://hsptests.com/maplesquad/
 
계산기는 너무 자주 사용할 필요는 없고
하루에 1~2번 사용해서 확인하시면 됩니다
 
레벨은 전사 기준으로 넣어주시면 되고
궁수 레벨업 시간 궁금하면 이후에 잠깐 수정하시면 됩니다!!
 
* 메이플 인벤 : Simetry님 제작",울티마 스쿼드 계산기 사이트 입니다 계산기는 너무 자주 사용할 필요는 없고 하루에 1 2번 사용해서 확인하시면 됩니다 레벨은 전사 기준으로 넣어주시면 되고 궁수 레벨업 시간 궁금하면 이후에 잠깐 수정하시면 됩니다 메이플 인벤 Simetry님 제작,"['울티마', '스쿼드', '계산기', '사이트', '계산기', '사용', '필요', '없', '하루', '번', '사용', '확인', '되', '레벨', '전사', '기준', '넣', '되', '궁수', '레벨', '업', '시간', '이후', '수정', '되', '메이플', '인벤', '제작']",False,해당없음,1.0,,gemini
Kf3X8XakvHk,제논 제네시스무기를 해적셋으로 받았는데 도적셋이랑 큰차이 안나죠??,0,2026-07-25 10:01:22+00:00,제논 제네시스무기를 해적셋으로 받았는데 도적셋이랑 큰차이 안나죠??,제논 제네시스무기를 해적셋으로 받았는데 도적셋이랑 큰차이 안나죠??,"['제논', '제네시스', '무기', '해적', '받', '도적', '크', '차이', '나']",True,장비_아이템,0.95,,gemini
Kf3X8XakvHk,여태까지조합을몇번을햇는더 지금1-9도전중아데다른장비는3렙도잇는데 전사 무기가 1단계임 아직도2단계도햐번도안뜸 버그아님ㅅㅂ?,0,2026-07-25 08:49:50+00:00,여태까지조합을몇번을햇는더 지금1-9도전중아데다른장비는3렙도잇는데 전사 무기가 1단계임 아직도2단계도햐번도안뜸 버그아님ㅅㅂ?,여태까지조합을몇번을햇는더 지금1 9도전중아데다른장비는3렙도잇는데 전사 무기가 1단계임 아직도2단계도햐번도안뜸 버그아님ㅅㅂ?,"['조합', '번', '하', '지', '금', '전중', '아', '데', '장비', '렙', '잇', '전사', '무기', '단계', '단계', '번', '뜸', '버그']",True,시스템,0.95,,gemini
Kf3X8XakvHk,"내가 메이플 접고 나니까 뭔가 재밌어보이는 것들이 계속 나오네...
복귀하기에는 내 전 템셋팅 비슷하게 맞출려면 최소 500만은 질러야한은데 후 ... ㅠㅠㅠ
메이플 하고싶은데 못하겠다",0,2026-07-25 08:16:00+00:00,"내가 메이플 접고 나니까 뭔가 재밌어보이는 것들이 계속 나오네...
복귀하기에는 내 전 템셋팅 비슷하게 맞출려면 최소 500만은 질러야한은데 후 ... ㅠㅠㅠ
메이플 하고싶은데 못하겠다",내가 메이플 접고 나니까 뭔가 재밌어보이는 것들이 계속 나오네 복귀하기에는 내 전 템셋팅 비슷하게 맞출려면 최소 500만은 질러야한은데 후 ㅠㅠ 메이플 하고싶은데 못하겠다,"['메이플', '접', '재밌', '보이', '것', '나오', '복귀', '전', '템셋팅', '비슷하', '맞추', '최소', '지르', '후', '메이플', '하', '하']",False,해당없음,1.0,,gemini
Kf3X8XakvHk,진짜 진짜 진짜 진짜 진짜!!!!!!!!!!!!!!! 맑음님 제논 루티 타격점 이펙트좀 어떻게 안되나요??? 포톤레이는 상관 없는데 평타 루티 조준점 이펙트 이건 진짜 스킬 이펙트 다 꺼놔도 선명하게 보여서 보스 패턴이 전혀 보이질 않는데 방법이 없나요?,0,2026-07-25 08:08:07+00:00,진짜 진짜 진짜 진짜 진짜!!!!!!!!!!!!!!! 맑음님 제논 루티 타격점 이펙트좀 어떻게 안되나요??? 포톤레이는 상관 없는데 평타 루티 조준점 이펙트 이건 진짜 스킬 이펙트 다 꺼놔도 선명하게 보여서 보스 패턴이 전혀 보이질 않는데 방법이 없나요?,진짜 진짜 진짜 진짜 진짜 맑음님 제논 루티 타격점 이펙트좀 어떻게 안되나요?? 포톤레이는 상관 없는데 평타 루티 조준점 이펙트 이건 진짜 스킬 이펙트 다 꺼놔도 선명하게 보여서 보스 패턴이 전혀 보이질 않는데 방법이 없나요?,"['맑음', '제논', '루티', '타격점', '이펙트', '어떻', '되', '포톤레이', '상관', '없', '데', '평타', '루티', '조준점', '이펙트', '스킬', '이펙트', '끄', '선명', '보이', '보스', '패턴', '보이', '방법', '없']",True,시스템,0.95,,gemini
Kf3X8XakvHk,이거 이벤트 말고 에픽던전 느낌으로다가 NPC하나 만들고 정식 출시 해줘,0,2026-07-25 06:44:43+00:00,이거 이벤트 말고 에픽던전 느낌으로다가 NPC하나 만들고 정식 출시 해줘,이거 이벤트 말고 에픽던전 느낌으로다가 NPC하나 만들고 정식 출시 해줘,"['이벤트', '말', '에픽던전', '느낌', '만들', '정식', '출시']",False,해당없음,1.0,,gemini
XZBgcl-FPyk,"4배 풀도핑이 어떤 도핑 먹어야 하는건가요? 280인데 물자 지원 어느 사냥터가서 받아야 제일 효율 좋을까요,,",0,2026-07-25 06:24:49+00:00,"4배 풀도핑이 어떤 도핑 먹어야 하는건가요? 280인데 물자 지원 어느 사냥터가서 받아야 제일 효율 좋을까요,,",4배 풀도핑이 어떤 도핑 먹어야 하는건가요? 280인데 물자 지원 어느 사냥터가서 받아야 제일 효율 좋을까요,"['배', '풀', '도핑', '도핑', '먹', '거', '물자', '지원', '사냥터', '가', '받', '효율', '좋']",True,사냥,0.95,,gemini
Q-b20FJZ0jQ,에르다 파운틴이 뭐죠?,0,2026-07-25 06:00:37+00:00,에르다 파운틴이 뭐죠?,에르다 파운틴이 뭐죠?,"['에르다', '파운틴']",True,스킬_6차,1.0,,gemini
Kf3X8XakvHk,아 핑크빈 진짜 체력차는거 패고싶네,0,2026-07-25 05:25:43+00:00,아 핑크빈 진짜 체력차는거 패고싶네,아 핑크빈 진짜 체력차는거 패고싶네,"['핑크빈', '체력', '차', '거', '패']",False,해당없음,1.0,,gemini
Kf3X8XakvHk,모든 장비 방어력 띄웠는데 들어오는 데미지 달라지는게 없어서 바로 유기때리고 공격력 둘둘로 바꿈; 아 큐브 환불좀;;;ㅋㅋㅋㅋㅋㅋ,0,2026-07-25 04:59:41+00:00,모든 장비 방어력 띄웠는데 들어오는 데미지 달라지는게 없어서 바로 유기때리고 공격력 둘둘로 바꿈; 아 큐브 환불좀;;;ㅋㅋㅋㅋㅋㅋ,모든 장비 방어력 띄웠는데 들어오는 데미지 달라지는게 없어서 바로 유기때리고 공격력 둘둘로 바꿈 아 큐브 환불좀 ㅋㅋ,"['장비', '방어력', '띄우', '들어오', '데미지', '달라지', '것', '없', '유기', '때리', '공격력', '바꾸', '큐브', '환불']",False,해당없음,1.0,,gemini
6bLaTCHm-8A,그니까 에픽던전 1단계 할 돈으로 쌀팔이 해서 모멘텀 사는 게 나을 정도인 거죠?,0,2026-07-25 03:48:55+00:00,그니까 에픽던전 1단계 할 돈으로 쌀팔이 해서 모멘텀 사는 게 나을 정도인 거죠?,그니까 에픽던전 1단계 할 돈으로 쌀팔이 해서 모멘텀 사는 게 나을 정도인 거죠?,"['에픽던전', '1단계', '하', '돈', '쌀', '팔', '이', '모멘텀', '사', '것', '낫', '정도', '거']",True,재화_경제,0.9,,gemini
Kf3X8XakvHk,핑콩 깨도 계속 1-7돌아야되는건가,1,2026-07-25 03:08:29+00:00,핑콩 깨도 계속 1-7돌아야되는건가,핑콩 깨도 계속 1 7돌아야되는건가,"['핑', '콩', '깨', '돌', '되', '거']",True,보스,0.95,,gemini
Kf3X8XakvHk,아근데 요즘 메이플 진짜 재밌긴 함 ㅋㅋㅋㅋㅋㅋㅋㅋㅋㅋㅋㅋㅋㅋㅋㅋㅋㅋㅋㅋㅋㅋㅋㅋㅋㅋㅋㅋㅋㅋㅋㅋㅋㅋㅋㅋㅋ,0,2026-07-25 02:36:41+00:00,아근데 요즘 메이플 진짜 재밌긴 함 ㅋㅋㅋㅋㅋㅋㅋㅋㅋㅋㅋㅋㅋㅋㅋㅋㅋㅋㅋㅋㅋㅋㅋㅋㅋㅋㅋㅋㅋㅋㅋㅋㅋㅋㅋㅋㅋ,아근데 요즘 메이플 진짜 재밌긴 함 ㅋㅋ,"['요즘', '메이플', '재밌']",False,해당없음,1.0,,gemini
ozTrqpio2X8,"밸런스야 모든 온라인게임의 끝나지 않는 숙제와도 같은 것이니 넘어간다 치고,

편의성이나 건의사항 패치는 진짜 신창섭.
그야말로 신을 영접합니다.

평생 디렉터해줘..",0,2026-07-25 02:27:59+00:00,"밸런스야 모든 온라인게임의 끝나지 않는 숙제와도 같은 것이니 넘어간다 치고,

편의성이나 건의사항 패치는 진짜 신창섭.
그야말로 신을 영접합니다.

평생 디렉터해줘..",밸런스야 모든 온라인게임의 끝나지 않는 숙제와도 같은 것이니 넘어간다 치고 편의성이나 건의사항 패치는 진짜 신창섭 그야말로 신을 영접합니다 평생 디렉터해줘,"['밸런스', '온라인', '게임', '끝나', '숙제', '같', '것', '넘어가', '치', '편의', '건의', '사항', '패치', '진짜', '신창섭', '신', '영접', '평생', '디렉터']",False,해당없음,1.0,,gemini
Kf3X8XakvHk,"어차피 표본 박치기라 크리 1,2퍼 차이 꽤 나던데",0,2026-07-25 00:19:09+00:00,"어차피 표본 박치기라 크리 1,2퍼 차이 꽤 나던데",어차피 표본 박치기라 크리 1 2퍼 차이 꽤 나던데,"['표본', '박치기', '크', '퍼', '차이', '나']",False,해당없음,1.0,,gemini
Kf3X8XakvHk,아니 걍 스팩터 블래스트 일주일에 1번하고 끝내고 싶은데 ㅈ갇네,0,2026-07-25 00:04:09+00:00,아니 걍 스팩터 블래스트 일주일에 1번하고 끝내고 싶은데 ㅈ갇네,아니 걍 스팩터 블래스트 일주일에 1번하고 끝내고 싶은데 ㅈ갇네,"['스팩터', '블래스트', '일주일', '번', '하', '끝내', '갇네']",False,해당없음,0.95,,gemini
Kf3X8XakvHk,1-7인데 드메 20프로씩 맞추고 전사 17렙 궁수 15렙임...,1,2026-07-24 23:54:19+00:00,1-7인데 드메 20프로씩 맞추고 전사 17렙 궁수 15렙임...,1 7인데 드메 20프로씩 맞추고 전사 17렙 궁수 15렙임,"['드', '메', '프로', '맞추', '전사', '17렙', '궁수', '15렙']",False,해당없음,1.0,,gemini
1-bqJRQ3XTs,이거 할바에 플래닛 함,0,2026-07-24 23:18:12+00:00,이거 할바에 플래닛 함,이거 할바에 플래닛 함,"['하', '바', '플래닛', '하']",False,해당없음,0.95,,gemini
1cljEsT6jck,2스테 공략을.. 어서.. 커헉,0,2026-07-24 23:07:25+00:00,2스테 공략을.. 어서.. 커헉,2스테 공략을 어서 커헉,"['스테', '공략']",True,보스,0.95,,gemini
Kf3X8XakvHk,"에스페시아 그냥 접속해서 까요..
금붕어머리는 까먹고 안까고 겜꺼서 날려먹거든요..",0,2026-07-24 22:28:30+00:00,"에스페시아 그냥 접속해서 까요..
금붕어머리는 까먹고 안까고 겜꺼서 날려먹거든요..",에스페시아 그냥 접속해서 까요 금붕어머리는 까먹고 안까고 겜꺼서 날려먹거든요,"['에스페시아', '접속', '까', '금붕어', '머리', '까먹', '까', '겜', '끄', '날리', '먹']",False,해당없음,1.0,,gemini
Kf3X8XakvHk,아 어제 잠들어서 에스페시아 못썼네...,0,2026-07-24 22:22:34+00:00,아 어제 잠들어서 에스페시아 못썼네...,아 어제 잠들어서 에스페시아 못썼네,"['잠들', '에스페시아', '쓰']",False,해당없음,1.0,,gemini
Kf3X8XakvHk,있지도않은 법사 3티어장비 풀로뜸 개십 ㅋㅋㅋㅋㅋㅋㅋㅋㅋㅋㅋ,0,2026-07-24 21:32:04+00:00,있지도않은 법사 3티어장비 풀로뜸 개십 ㅋㅋㅋㅋㅋㅋㅋㅋㅋㅋㅋ,있지도않은 법사 3티어장비 풀로뜸 개십 ㅋㅋ,"['있', '법사', '3티어', '장비', '풀', '뜸', '개']",False,해당없음,1.0,,gemini
1-bqJRQ3XTs,앰 창 섭,0,2026-07-24 20:47:26+00:00,앰 창 섭,앰 창 섭,"['앰', '창', '섭']",False,해당없음,1.0,,gemini
Kf3X8XakvHk,먼저 달리면 카오스 코인 교환가능한걸 먼저 먹을 수 있어서 이득보는건 더 있을거 같긴 한데요,0,2026-07-24 19:48:09+00:00,먼저 달리면 카오스 코인 교환가능한걸 먼저 먹을 수 있어서 이득보는건 더 있을거 같긴 한데요,먼저 달리면 카오스 코인 교환가능한걸 먼저 먹을 수 있어서 이득보는건 더 있을거 같긴 한데요,"['달리', '카오스', '코인', '교환', '가능', '거', '먹', '수', '있', '이득', '보', '거', '있', '거', '같']",False,해당없음,1.0,,gemini
1-bqJRQ3XTs,거다캔슬 막는거보고 절대 안뚫음,0,2026-07-24 19:44:36+00:00,거다캔슬 막는거보고 절대 안뚫음,거다캔슬 막는거보고 절대 안뚫음,"['캔', '막', '거', '보', '뚫']",False,해당없음,1.0,,gemini
Kf3X8XakvHk,"혹시 저만 중복떠서 법사 3등급 다 맞춰주고 전사랑 궁수는 2,3 등급 섞여있는데 4등급 템 놀고 있나요..?",0,2026-07-24 19:02:15+00:00,"혹시 저만 중복떠서 법사 3등급 다 맞춰주고 전사랑 궁수는 2,3 등급 섞여있는데 4등급 템 놀고 있나요..?",혹시 저만 중복떠서 법사 3등급 다 맞춰주고 전사랑 궁수는 2 3 등급 섞여있는데 4등급 템 놀고 있나요 ?,"['중복', '뜨', '법사', '등급', '맞추', '사랑', '궁', '수', '등급', '섞이', '등급', '템', '놀']",True,장비_아이템,0.95,,gemini
6bLaTCHm-8A,썬데이 몬파가 스페셜 썬데이 기준인가요? 아니면 그냥 일요일?,0,2026-07-24 18:52:24+00:00,썬데이 몬파가 스페셜 썬데이 기준인가요? 아니면 그냥 일요일?,썬데이 몬파가 스페셜 썬데이 기준인가요? 아니면 그냥 일요일?,"['썬데이', '파', '스페셜', '썬', '데이', '기준', '일요일']",True,이벤트,1.0,,gemini
Kf3X8XakvHk,당신때문에 내가 레전드 도태당했어요 방어력만 뽑다가 도태당했어요,0,2026-07-24 17:46:57+00:00,당신때문에 내가 레전드 도태당했어요 방어력만 뽑다가 도태당했어요,당신때문에 내가 레전드 도태당했어요 방어력만 뽑다가 도태당했어요,"['때문', '레전드', '도태', '당하', '방어력', '뽑', '도태', '당하']",False,해당없음,1.0,,gemini
Kf3X8XakvHk,이거 할려고 메이플킨다,0,2026-07-24 16:51:27+00:00,이거 할려고 메이플킨다,이거 할려고 메이플킨다,"['하', '메이플', '키']",False,해당없음,1.0,,gemini
Kf3X8XakvHk,9:04 ㅈㄴ 듬직하다 ㅋㅋㅋㅋㅋㅋㅋㅋㅋㅋ,1,2026-07-24 16:41:56+00:00,9:04 ㅈㄴ 듬직하다 ㅋㅋㅋㅋㅋㅋㅋㅋㅋㅋ,9 04 ㅈㄴ 듬직하다 ㅋㅋ,[],False,해당없음,1.0,,gemini
Kf3X8XakvHk,울티마스쿼드 이거 순수재미 개미친듯. 얼마나 재밌으면 신규 6차 창났는데 울티마가 너무 재밌어서 울티마 이야기만 하는중 ㅋㅋㅋ,0,2026-07-24 16:37:54+00:00,울티마스쿼드 이거 순수재미 개미친듯. 얼마나 재밌으면 신규 6차 창났는데 울티마가 너무 재밌어서 울티마 이야기만 하는중 ㅋㅋㅋ,울티마스쿼드 이거 순수재미 개미친듯 얼마나 재밌으면 신규 6차 창났는데 울티마가 너무 재밌어서 울티마 이야기만 하는중 ㅋㅋ,"['울티마스쿼드', '순수', '재미', '개', '미치', '듯', '재밌', '신규', '차', '창', '나', '울티마', '재밌', '울티마', '이야기', '하', '중']",False,해당없음,1.0,,gemini
Kf3X8XakvHk,"결론은 모든 직업 부위는 공격력, 마력만 챙기면 되는거였구나..ㄷㄷ",5,2026-07-24 16:37:20+00:00,"결론은 모든 직업 부위는 공격력, 마력만 챙기면 되는거였구나..ㄷㄷ",결론은 모든 직업 부위는 공격력 마력만 챙기면 되는거였구나 ㄷㄷ,"['결론', '직업', '부위', '공격력', '마력', '챙기', '되', '거']",False,해당없음,1.0,,gemini
1-bqJRQ3XTs,레테 동전꼽이 있었어?,0,2026-07-24 16:20:22+00:00,레테 동전꼽이 있었어?,레테 동전꼽이 있었어?,"['레테', '동전꼽', '있']",True,기타,0.95,,gemini
Kf3X8XakvHk,몬익 에픽던전 처럼 주간메인컨텐츠로 해줘..,0,2026-07-24 16:07:45+00:00,몬익 에픽던전 처럼 주간메인컨텐츠로 해줘..,몬익 에픽던전 처럼 주간메인컨텐츠로 해줘,"['익', '에픽던전', '주간', '메인', '컨텐츠', '하']",False,해당없음,0.95,,gemini
Kf3X8XakvHk,2-1 뚫었는데 1-7에서 놀고있어요 1-7이 효율이 시간대비 경험치나 효율이 좀 많이좋은거같아요,1,2026-07-24 16:01:35+00:00,2-1 뚫었는데 1-7에서 놀고있어요 1-7이 효율이 시간대비 경험치나 효율이 좀 많이좋은거같아요,2 1 뚫었는데 1 7에서 놀고있어요 1 7이 효율이 시간대비 경험치나 효율이 좀 많이좋은거같아요,"['뚫', '놀', '효율', '시간', '대비', '경험치', '효율', '좋', '거', '같']",False,해당없음,1.0,,gemini
Kf3X8XakvHk,"꿀팁 보스직전에 폭시스왑가능
번갈아가면서 죽어서 부활하는 빌드로 몸비틀기가능 < 이과정에서 고의로 장비단계 내려서 죽는타이밀 조절해야할수있음 일반적인 플레이방식 아니긴해서 1스테이지 몸비틀고 에스페시아 할거아니면 비추",0,2026-07-24 15:55:27+00:00,"꿀팁 보스직전에 폭시스왑가능
번갈아가면서 죽어서 부활하는 빌드로 몸비틀기가능 < 이과정에서 고의로 장비단계 내려서 죽는타이밀 조절해야할수있음 일반적인 플레이방식 아니긴해서 1스테이지 몸비틀고 에스페시아 할거아니면 비추",꿀팁 보스직전에 폭시스왑가능 번갈아가면서 죽어서 부활하는 빌드로 몸비틀기가능 이과정에서 고의로 장비단계 내려서 죽는타이밀 조절해야할수있음 일반적인 플레이방식 아니긴해서 1스테이지 몸비틀고 에스페시아 할거아니면 비추,"['꿀', '팁', '보스', '직전', '폭', '시', '스왑', '가능', '번갈', '죽', '부활', '빌드', '몸', '비틀', '가능', '과정', '고의', '장비', '단계', '내리', '죽', '타이', '밀', '조절', '수', '있', '일반', '플레이', '방식', '스테이지', '몸', '비틀', '에스페시아', '하', '거', '비추']",False,해당없음,1.0,,gemini
Kf3X8XakvHk,전사 피격시 무적은 별로인가여?,0,2026-07-24 15:51:04+00:00,전사 피격시 무적은 별로인가여?,전사 피격시 무적은 별로인가여?,"['전사', '피격', '시', '적']",True,스킬_6차,0.95,,gemini
Kf3X8XakvHk,전사 스킬은 뭐쓰나요?,0,2026-07-24 15:48:42+00:00,전사 스킬은 뭐쓰나요?,전사 스킬은 뭐쓰나요?,"['전사', '스킬', '쓰']",True,스킬_6차,0.95,,gemini
Kf3X8XakvHk,장비는 무조건 합성하는게 좋나요? 아니면 2단계는 다맞췄으면 파는게 좋나요..?,0,2026-07-24 15:40:13+00:00,장비는 무조건 합성하는게 좋나요? 아니면 2단계는 다맞췄으면 파는게 좋나요..?,장비는 무조건 합성하는게 좋나요? 아니면 2단계는 다맞췄으면 파는게 좋나요 ?,"['장비', '조건', '합성', '것', '좋', '단계', '맞추', '파', '것', '좋']",True,장비_아이템,1.0,,gemini
Kf3X8XakvHk,스펙터 같은 ㅈ노잼 하다가 메키하니까 개꿀잼 핫딜있으면 바로샀음,0,2026-07-24 15:36:46+00:00,스펙터 같은 ㅈ노잼 하다가 메키하니까 개꿀잼 핫딜있으면 바로샀음,스펙터 같은 ㅈ노잼 하다가 메키하니까 개꿀잼 핫딜있으면 바로샀음,"['스펙터', '같', '노', '잼', '하', '메키', '하', '개', '꿀', '잼', '핫', '딜', '있', '사']",False,해당없음,1.0,,gemini
Kf3X8XakvHk,1-7 입장컨은 효율이 어떤지도 구할 수 있나요 ?,0,2026-07-24 15:35:15+00:00,1-7 입장컨은 효율이 어떤지도 구할 수 있나요 ?,1 7 입장컨은 효율이 어떤지도 구할 수 있나요 ?,"['입장', '크', '효율', '어떻', '구하', '수', '있']",True,보스,0.95,,gemini
Kf3X8XakvHk,화면 키우는거 나와야함 ㅋㅋ,0,2026-07-24 15:34:43+00:00,화면 키우는거 나와야함 ㅋㅋ,화면 키우는거 나와야함 ㅋㅋ,"['화면', '키우', '거', '나오']",False,해당없음,1.0,,gemini
Kf3X8XakvHk,ㅈ같은 스펙터 생각도 안 나면 개추 ㅋㅋ,0,2026-07-24 15:26:18+00:00,ㅈ같은 스펙터 생각도 안 나면 개추 ㅋㅋ,ㅈ같은 스펙터 생각도 안 나면 개추 ㅋㅋ,"['같', '스펙터', '생각', '나', '개', '추']",False,해당없음,1.0,,gemini
Kf3X8XakvHk,방어력 잘만 적용 됩니다 근대 효율은 안좋음 이영상보고 설마하고 방어구에 방어력2줄붙어있는거 hp로 바꾸니 들어오는 피격대미지 더 아프게 들어와요,0,2026-07-24 15:25:08+00:00,방어력 잘만 적용 됩니다 근대 효율은 안좋음 이영상보고 설마하고 방어구에 방어력2줄붙어있는거 hp로 바꾸니 들어오는 피격대미지 더 아프게 들어와요,방어력 잘만 적용 됩니다 근대 효율은 안좋음 이영상보고 설마하고 방어구에 방어력2줄붙어있는거 hp로 바꾸니 들어오는 피격대미지 더 아프게 들어와요,"['방어력', '적용', '되', '근대', '효율', '좋', '영상', '보', '하', '방', '어구', '방어력', '줄', '붙', '거', '바꾸', '들어오', '피격', '대미', '아프', '들어오']",,,,"429 RESOURCE_EXHAUSTED. {'error': {'code': 429, 'message': 'You exceeded your current quota, please check your plan and billing details. For more information on this error, head to: https://ai.google.dev/gemini-api/docs/rate-limits. To monitor your current usage, head to: https://ai.dev/rate-limit. \n* Quota exceeded for metric: generativelanguage.googleapis.com/generate_content_free_tier_requests, limit: 500, model: gemini-3.1-flash-lite\nPlease retry in 31.728497526s.', 'status': 'RESOURCE_EXHAUSTED', 'details': [{'@type': 'type.googleapis.com/google.rpc.Help', 'links': [{'description': 'Learn more about Gemini API quotas', 'url': 'https://ai.google.dev/gemini-api/docs/rate-limits'}]}, {'@type': 'type.googleapis.com/google.rpc.QuotaFailure', 'violations': [{'quotaMetric': 'generativelanguage.googleapis.com/generate_content_free_tier_requests', 'quotaId': 'GenerateRequestsPerDayPerProjectPerModel-FreeTier', 'quotaDimensions': {'location': 'global', 'model': 'gemini-3.1-flash-lite'}, 'quotaValue': '500'}]}, {'@type': 'type.googleapis.com/google.rpc.RetryInfo', 'retryDelay': '31s'}]}}",
Kf3X8XakvHk,나머진 다 잘하고있군 했는데 큐브 나오자마자 내가 이런 손해를 봤구나 생각하게됐어요 감사합니다 ㅠ 공격력 3~5 띄워보겠다고 큐브 메소로도 샀는데...ㅠ,0,2026-07-24 14:54:18+00:00,나머진 다 잘하고있군 했는데 큐브 나오자마자 내가 이런 손해를 봤구나 생각하게됐어요 감사합니다 ㅠ 공격력 3~5 띄워보겠다고 큐브 메소로도 샀는데...ㅠ,나머진 다 잘하고있군 했는데 큐브 나오자마자 내가 이런 손해를 봤구나 생각하게됐어요 감사합니다 ㅠ 공격력 3 5 띄워보겠다고 큐브 메소로도 샀는데 ㅠ,"['나머지', '하', '큐브', '나오', '손해', '보', '생각', '되', '감사', '공격력', '띄우', '큐브', '메소', '사']",,,,,
Kf3X8XakvHk,"나름 멍때리며 보는 재미가 있는거같아요
이래서 메키 하는건가? 😅",0,2026-07-24 14:52:07+00:00,"나름 멍때리며 보는 재미가 있는거같아요
이래서 메키 하는건가? 😅",나름 멍때리며 보는 재미가 있는거같아요 이래서 메키 하는건가?,"['나름', '멍', '때리', '보', '재미', '있', '거', '같', '이렇', '메키', '하', '거']",,,,,
1cljEsT6jck,초반에 장비 등급이나 추옵 올려봐도 효과 엄~청 미미합니다. 맞아서 깎이는 피 같고 공격해서 깎는 hp도 같음.,0,2026-07-24 14:47:13+00:00,초반에 장비 등급이나 추옵 올려봐도 효과 엄~청 미미합니다. 맞아서 깎이는 피 같고 공격해서 깎는 hp도 같음.,초반에 장비 등급이나 추옵 올려봐도 효과 엄 청 미미합니다 맞아서 깎이는 피 같고 공격해서 깎는 hp도 같음,"['초반', '장비', '등급', '추', '올리', '효과', '청', '맞', '깎이', '피', '같', '공격', '깎', '같']",,,,,
Kf3X8XakvHk,이거 1-2에서 막히더만 골때리네요,0,2026-07-24 14:35:34+00:00,이거 1-2에서 막히더만 골때리네요,이거 1 2에서 막히더만 골때리네요,"['막히더', '골', '때리']",,,,,
Kf3X8XakvHk,방어력 빼고 싶어도 공이 뒤지게 안뜸 ㅋㅋ,1,2026-07-24 14:35:00+00:00,방어력 빼고 싶어도 공이 뒤지게 안뜸 ㅋㅋ,방어력 빼고 싶어도 공이 뒤지게 안뜸 ㅋㅋ,"['방어력', '빼', '공', '뒤지', '뜨']",,,,,
Kf3X8XakvHk,"방어력이 의미가 없다?
이거 완전 메키",0,2026-07-24 14:32:32+00:00,"방어력이 의미가 없다?
이거 완전 메키",방어력이 의미가 없다? 이거 완전 메키,"['방어력', '의미', '없', '메키']",,,,,
Kf3X8XakvHk,"3렙 18개 합성, 전사 1, 궁수2, 법사 15개, 4렙 합성하니깐 법사뜸. 이게 맞나",0,2026-07-24 14:14:41+00:00,"3렙 18개 합성, 전사 1, 궁수2, 법사 15개, 4렙 합성하니깐 법사뜸. 이게 맞나",3렙 18개 합성 전사 1 궁수2 법사 15개 4렙 합성하니깐 법사뜸 이게 맞나,"['3렙', '개', '합성', '전사', '궁수', '법사', '개', '4렙', '합성', '법사', '뜨', '맞']",,,,,
Kf3X8XakvHk,이런거 한번씩 컨텐츠로 내줘도 재밌을거 같은데 30분 사냥하고 나면 이거만 보면서 딴짓하는중,0,2026-07-24 14:08:14+00:00,이런거 한번씩 컨텐츠로 내줘도 재밌을거 같은데 30분 사냥하고 나면 이거만 보면서 딴짓하는중,이런거 한번씩 컨텐츠로 내줘도 재밌을거 같은데 30분 사냥하고 나면 이거만 보면서 딴짓하는중,"['거', '번', '컨텐츠', '내주', '재밌', '거', '같', '분', '사냥', '보', '짓', '하', '중']",,,,,
Kf3X8XakvHk,에스페시아 늦게쓰는게 이득 맞나요? 에스페시아자체만 보면 그건 맞는데 미리 써서 높은곳에서 겸치 메소 장비 파밍하는게 이득같기도한데..,0,2026-07-24 13:54:54+00:00,에스페시아 늦게쓰는게 이득 맞나요? 에스페시아자체만 보면 그건 맞는데 미리 써서 높은곳에서 겸치 메소 장비 파밍하는게 이득같기도한데..,에스페시아 늦게쓰는게 이득 맞나요? 에스페시아자체만 보면 그건 맞는데 미리 써서 높은곳에서 겸치 메소 장비 파밍하는게 이득같기도한데,"['에스페시아', '늦', '쓰', '것', '이득', '맞', '에스페시아', '자체', '보', '맞', '쓰', '높', '곳', '겸', '메소', '장비', '파밍', '것', '이득', '같']",,,,,
Kf3X8XakvHk,2-2 깨고 2-3 도전 중이면 개추 ㅋㅋ,0,2026-07-24 13:52:45+00:00,2-2 깨고 2-3 도전 중이면 개추 ㅋㅋ,2 2 깨고 2 3 도전 중이면 개추 ㅋㅋ,"['깨', '도전', '중', '개', '추']",,,,,
Kf3X8XakvHk,법사템만 뜨는 주작,0,2026-07-24 13:51:17+00:00,법사템만 뜨는 주작,법사템만 뜨는 주작,"['법사템', '뜨', '주작']",,,,,
Kf3X8XakvHk,올티마스쿼드 모바일로 아예내주면 개열심히할거같은데ㅋㅋㅋ 메이플 방치형 하나새로 ㄱㄱ,0,2026-07-24 13:48:32+00:00,올티마스쿼드 모바일로 아예내주면 개열심히할거같은데ㅋㅋㅋ 메이플 방치형 하나새로 ㄱㄱ,올티마스쿼드 모바일로 아예내주면 개열심히할거같은데ㅋㅋ 메이플 방치형 하나새로 ㄱㄱ,"['올티마스쿼드', '모바일', '내주', '개', '하', '거', '같', '메이플', '방치']",,,,,
Kf3X8XakvHk,컴터 끄고 나중에 접속하면 템은 없이 골드만 파밍했던데 이게 맞나요? 컴터 끄면 원래 템파밍은 안하나여?,0,2026-07-24 13:48:03+00:00,컴터 끄고 나중에 접속하면 템은 없이 골드만 파밍했던데 이게 맞나요? 컴터 끄면 원래 템파밍은 안하나여?,컴터 끄고 나중에 접속하면 템은 없이 골드만 파밍했던데 이게 맞나요? 컴터 끄면 원래 템파밍은 안하나여?,"['컴', '터', '끄', '나중', '접속', '템', '골드만', '파밍', '하', '맞', '컴', '터', '끄', '템파밍', '하']",,,,,
Kf3X8XakvHk,이걸 재밌다고 하는 애들은 메키 해보셈 2억배는 재밌음 ㅋㅋㅋ,0,2026-07-24 13:36:04+00:00,이걸 재밌다고 하는 애들은 메키 해보셈 2억배는 재밌음 ㅋㅋㅋ,이걸 재밌다고 하는 애들은 메키 해보셈 2억배는 재밌음 ㅋㅋ,"['재밌', '하', '애', '메키', '배', '재밌']",,,,,
Kf3X8XakvHk,템도템인대 레벨업이제일중요한거같아유,0,2026-07-24 13:22:54+00:00,템도템인대 레벨업이제일중요한거같아유,템도템인대 레벨업이제일중요한거같아유,"['템도템', '인대', '레벨', '업', '중요', '거', '같']",,,,,
Kf3X8XakvHk,"슬롯2개인데   궁수 스킬  차지드 + 폭시  넣으면 별론가요?
폭시는 각 스테이지 10단계에서만 넣나요
아직 궁수렙이 15라서  볼텍스를 못넣어서요",0,2026-07-24 13:19:10+00:00,"슬롯2개인데   궁수 스킬  차지드 + 폭시  넣으면 별론가요?
폭시는 각 스테이지 10단계에서만 넣나요
아직 궁수렙이 15라서  볼텍스를 못넣어서요",슬롯2개인데 궁수 스킬 차지드 폭시 넣으면 별론가요? 폭시는 각 스테이지 10단계에서만 넣나요 아직 궁수렙이 15라서 볼텍스를 못넣어서요,"['슬롯', '개', '궁수', '스킬', '차지드', '폭시', '넣', '폭시', '스테이지', '단계', '넣', '궁수렙', '볼', '텍스', '넣']",,,,,
Kf3X8XakvHk,"방어력 5 10 추가해도 피격 데미지 변화 없는 것처럼 공격력 2 4 올려도 평타딜에 아무런 변화 없는 구간도 있음
관상용 어항으로서  훌륭하냐 하면 그럭저럭 동의하지만, 미니 게임으로서 완성도가 있냐고 물으면 절대 아닌 것 같아요....",0,2026-07-24 12:56:37+00:00,"방어력 5 10 추가해도 피격 데미지 변화 없는 것처럼 공격력 2 4 올려도 평타딜에 아무런 변화 없는 구간도 있음
관상용 어항으로서  훌륭하냐 하면 그럭저럭 동의하지만, 미니 게임으로서 완성도가 있냐고 물으면 절대 아닌 것 같아요....",방어력 5 10 추가해도 피격 데미지 변화 없는 것처럼 공격력 2 4 올려도 평타딜에 아무런 변화 없는 구간도 있음 관상용 어항으로서 훌륭하냐 하면 그럭저럭 동의하지만 미니 게임으로서 완성도가 있냐고 물으면 절대 아닌 것 같아요,"['방어력', '추가', '피격', '데미지', '변화', '없', '것', '공격', '올리', '평', '타', '딜', '변화', '없', '구간', '있', '관상', '어항', '하', '동의', '미니', '게임', '완성도', '있', '묻', '것', '같']",,,,,
Kf3X8XakvHk,하 4단계 법사 4추 무기  떳네  하;;;,0,2026-07-24 12:55:50+00:00,하 4단계 법사 4추 무기  떳네  하;;;,하 4단계 법사 4추 무기 떳네 하,"['하', '단계', '법사', '추', '무기', '뜨']",,,,,
Kf3X8XakvHk,3단계도 법사 4단계도 법사 짜증나네,0,2026-07-24 12:44:28+00:00,3단계도 법사 4단계도 법사 짜증나네,3단계도 법사 4단계도 법사 짜증나네,"['단계', '도', '법사', '단계', '도', '법사', '짜증', '나']",,,,,
Kf3X8XakvHk,광고 볼태니 2배속도 만들어줘~,0,2026-07-24 12:33:16+00:00,광고 볼태니 2배속도 만들어줘~,광고 볼태니 2배속도 만들어줘,"['광고', '볼', '태', '배속', '만들']",,,,,
Kf3X8XakvHk,18 16 찍고 2-1 돌리는중,0,2026-07-24 12:28:50+00:00,18 16 찍고 2-1 돌리는중,18 16 찍고 2 1 돌리는중,"['찍', '돌리', '중']",,,,,
Kf3X8XakvHk,혹시 궁수 방어구에는 크확한줄씩 뽑아서 사용중인데 공격력이 더 좋을까요??올3성입니다,1,2026-07-24 12:28:29+00:00,혹시 궁수 방어구에는 크확한줄씩 뽑아서 사용중인데 공격력이 더 좋을까요??올3성입니다,혹시 궁수 방어구에는 크확한줄씩 뽑아서 사용중인데 공격력이 더 좋을까요??올3성입니다,"['궁수', '방', '어구', '크', '줄', '뽑', '사용', '중', '공격력', '좋', '성']",,,,,
Kf3X8XakvHk,내 큐브 돌려줘~!~! ㅠㅠㅠㅠㅠ,0,2026-07-24 12:13:14+00:00,내 큐브 돌려줘~!~! ㅠㅠㅠㅠㅠ,내 큐브 돌려줘 ㅠㅠ,"['큐브', '돌리']",,,,,
Kf3X8XakvHk,"사냥할 때는 가끔 확인 하는데 사냥 안할 때는 이것만 주구장창  보고 있고 합성도 하고 분해도 하고 그럼 뭔가 키우는 맛이 있어서
""얘들아 할 수 있다 다음 단계 갈 수 있겠지?"" 하고 응원 하게 됨",0,2026-07-24 12:07:17+00:00,"사냥할 때는 가끔 확인 하는데 사냥 안할 때는 이것만 주구장창  보고 있고 합성도 하고 분해도 하고 그럼 뭔가 키우는 맛이 있어서
""얘들아 할 수 있다 다음 단계 갈 수 있겠지?"" 하고 응원 하게 됨",사냥할 때는 가끔 확인 하는데 사냥 안할 때는 이것만 주구장창 보고 있고 합성도 하고 분해도 하고 그럼 뭔가 키우는 맛이 있어서 얘들아 할 수 있다 다음 단계 갈 수 있겠지? 하고 응원 하게 됨,"['사냥', '때', '확인', '하', '사냥', '하', '때', '주', '구장', '창', '보', '합성', '하', '분해', '하', '그러', '키우', '맛', '있', '하', '수', '있', '다음', '단계', '가', '수', '있', '하', '응원', '되']",,,,,
Kf3X8XakvHk,신창섭의 주식 포모란 무엇인가 체험학습같음 ㅋㅋㅋ,3,2026-07-24 11:56:26+00:00,신창섭의 주식 포모란 무엇인가 체험학습같음 ㅋㅋㅋ,신창섭의 주식 포모란 무엇인가 체험학습같음 ㅋㅋ,"['신창섭', '주식', '포', '모', '체험', '학습', '같']",,,,,
6bLaTCHm-8A,내가 술 한잔 먹고 신경써야 되는 부분이냐 아이고 두야 다 같이 늙어가는데 게임 방향 좀 틉시다,0,2026-07-24 11:55:19+00:00,내가 술 한잔 먹고 신경써야 되는 부분이냐 아이고 두야 다 같이 늙어가는데 게임 방향 좀 틉시다,내가 술 한잔 먹고 신경써야 되는 부분이냐 아이고 두야 다 같이 늙어가는데 게임 방향 좀 틉시다,"['술', '한잔', '먹', '신경', '쓰', '되', '부분', '두야', '늙', '게임', '방향', '틀']",,,,,
Kf3X8XakvHk,메m 은 이번에 250작 없나요,0,2026-07-24 11:54:27+00:00,메m 은 이번에 250작 없나요,메m 은 이번에 250작 없나요,"['메', '이번', '작', '없']",,,,,
Kf3X8XakvHk,오프라인 누적시간 무쓸모 1인 개추,0,2026-07-24 11:53:30+00:00,오프라인 누적시간 무쓸모 1인 개추,오프라인 누적시간 무쓸모 1인 개추,"['오프라인', '누적', '시간', '쓸모', '인', '개추']",,,,,
Kf3X8XakvHk,첫째. 1분30초 쯤 돌아가는곳에서 짱박혀라. 둘째. 분해하지마라. 무조건 합성해라. 셋째. 궁수 15렙 아니면 1-10 못민다.,0,2026-07-24 11:46:40+00:00,첫째. 1분30초 쯤 돌아가는곳에서 짱박혀라. 둘째. 분해하지마라. 무조건 합성해라. 셋째. 궁수 15렙 아니면 1-10 못민다.,첫째 1분30초 쯤 돌아가는곳에서 짱박혀라 둘째 분해하지마라 무조건 합성해라 셋째 궁수 15렙 아니면 1 10 못민다,"['분', '초', '쯤', '돌아가', '곳', '박히', '분해', '합성', '궁수', '15렙', '밀']",,,,,
Kf3X8XakvHk,이것도 확률조작같음 법사템만 준나게 나오잖아,0,2026-07-24 11:39:40+00:00,이것도 확률조작같음 법사템만 준나게 나오잖아,이것도 확률조작같음 법사템만 준나게 나오잖아,"['확률', '조작', '같', '법사템', '주', '나', '나오']",,,,,
Kf3X8XakvHk,DS로 나와도 할듯😂너무재밌자나❤,1,2026-07-24 11:37:37+00:00,DS로 나와도 할듯😂너무재밌자나❤,DS로 나와도 할듯 너무재밌자나,"['나오', '하', '듯', '재밌', '하']",,,,,
Kf3X8XakvHk,나의 작은 메키가 계속 메이플에 존재했음 좋겟어용,5,2026-07-24 11:35:44+00:00,나의 작은 메키가 계속 메이플에 존재했음 좋겟어용,나의 작은 메키가 계속 메이플에 존재했음 좋겟어용,"['작', '메키', '메이플', '존재', '좋']",,,,,
Kf3X8XakvHk,이미 2스테이지까지 밀어버린 1인..,0,2026-07-24 11:35:31+00:00,이미 2스테이지까지 밀어버린 1인..,이미 2스테이지까지 밀어버린 1인,"['스테이지', '밀', '인']",,,,,
Kf3X8XakvHk,이거 사우나에 놓고서 저거 보면서 장비합성하는 재미가 있음ㅋㅋㅋㅋㅋㅋㅋ,9,2026-07-24 11:32:37+00:00,이거 사우나에 놓고서 저거 보면서 장비합성하는 재미가 있음ㅋㅋㅋㅋㅋㅋㅋ,이거 사우나에 놓고서 저거 보면서 장비합성하는 재미가 있음ㅋㅋ,"['사우나', '놓', '보', '장비', '합성', '재미', '있']",,,,,
1-bqJRQ3XTs,배경에 깔리는 음악이 너무 좋아요!,0,2026-07-24 11:30:28+00:00,배경에 깔리는 음악이 너무 좋아요!,배경에 깔리는 음악이 너무 좋아요,"['배경', '깔리', '음악', '좋']",,,,,
Kf3X8XakvHk,방어구에선 공격력이 잘안뜨는거 같은데 기분탓인가,0,2026-07-24 11:29:40+00:00,방어구에선 공격력이 잘안뜨는거 같은데 기분탓인가,방어구에선 공격력이 잘안뜨는거 같은데 기분탓인가,"['방어', '구', '공격력', '뜨', '거', '같', '기분', '탓']",,,,,
Kf3X8XakvHk,메키가 왜 매출 1위 하는지 알겠는사람들은 개추,0,2026-07-24 11:29:38+00:00,메키가 왜 매출 1위 하는지 알겠는사람들은 개추,메키가 왜 매출 1위 하는지 알겠는사람들은 개추,"['메키', '매출', '위', '하', '알', '사람', '개추']",,,,,
Kf3X8XakvHk,모자 장갑 신발에서도 공격력 잠재가 나오는거였네 한 번도 안 떠서 무기만 나오는 옵션인줄;,1,2026-07-24 11:27:50+00:00,모자 장갑 신발에서도 공격력 잠재가 나오는거였네 한 번도 안 떠서 무기만 나오는 옵션인줄;,모자 장갑 신발에서도 공격력 잠재가 나오는거였네 한 번도 안 떠서 무기만 나오는 옵션인줄,"['모자', '장갑', '신발', '공격력', '잠재', '나오', '거', '번', '뜨', '무기', '나오', '옵션', '줄']",,,,,
Kf3X8XakvHk,전사 16 궁수 14인데 아직 1-9도못깸,2,2026-07-24 11:26:55+00:00,전사 16 궁수 14인데 아직 1-9도못깸,전사 16 궁수 14인데 아직 1 9도못깸,"['전사', '궁수', '깨']",,,,,
Kf3X8XakvHk,상시로 했으면 좋겠음 초기화하면서 귀찮은데 재미있어요 키우기하는느낌나고 다음스테이지 밀려고 잠재뽑기하고,0,2026-07-24 11:25:21+00:00,상시로 했으면 좋겠음 초기화하면서 귀찮은데 재미있어요 키우기하는느낌나고 다음스테이지 밀려고 잠재뽑기하고,상시로 했으면 좋겠음 초기화하면서 귀찮은데 재미있어요 키우기하는느낌나고 다음스테이지 밀려고 잠재뽑기하고,"['상시', '하', '좋', '초기', '귀찮', '재미있', '키우', '느낌', '나', '다음', '스테이지', '밀', '잠재', '뽑기']",,,,,
Kf3X8XakvHk,ㅈㄴ 재밌다 ㅋㅋㅋㅋ,0,2026-07-24 11:24:33+00:00,ㅈㄴ 재밌다 ㅋㅋㅋㅋ,ㅈㄴ 재밌다 ㅋㅋ,['재밌'],,,,,
Kf3X8XakvHk,이벤트 잘 몰리서 그런데 이건 그냥 솔 에르다링 조각 얻으려고 하는건가요? 겸치도안주지않나,0,2026-07-24 11:22:25+00:00,이벤트 잘 몰리서 그런데 이건 그냥 솔 에르다링 조각 얻으려고 하는건가요? 겸치도안주지않나,이벤트 잘 몰리서 그런데 이건 그냥 솔 에르다링 조각 얻으려고 하는건가요? 겸치도안주지않나,"['이벤트', '몰리', '솔', '에르다링', '조각', '얻', '거', '겸', '주']",,,,,
Kf3X8XakvHk,효율이고 나발이고 걍 있지도 않은 법사템만 떠서 장비 맞추지도 못하고 경치는 개같이 안오르고 쉬바,0,2026-07-24 11:20:51+00:00,효율이고 나발이고 걍 있지도 않은 법사템만 떠서 장비 맞추지도 못하고 경치는 개같이 안오르고 쉬바,효율이고 나발이고 걍 있지도 않은 법사템만 떠서 장비 맞추지도 못하고 경치는 개같이 안오르고 쉬바,"['효율', '나발', '있', '법사템', '뜨', '장', '비', '맞추', '경치', '개', '오르', '쉬바']",,,,,
Kf3X8XakvHk,1-7이 어느정도까지효율이 있는지 몰곘네용,0,2026-07-24 11:19:49+00:00,1-7이 어느정도까지효율이 있는지 몰곘네용,1 7이 어느정도까지효율이 있는지 몰곘네용,"['정도', '효율', '있', '몰곘네']",,,,,
Kf3X8XakvHk,"신창섭의 디지털 어항....
중독성 미쳤어요오",33,2026-07-24 11:12:28+00:00,"신창섭의 디지털 어항....
중독성 미쳤어요오",신창섭의 디지털 어항 중독성 미쳤어요오,"['신창섭', '디지털', '어항', '중독', '미치']",,,,,
Kf3X8XakvHk,마법사템만 나와서 ㅈㄴ빡치는,0,2026-07-24 11:04:42+00:00,마법사템만 나와서 ㅈㄴ빡치는,마법사템만 나와서 ㅈㄴ빡치는,"['마법사템', '나오', '치']",,,,,
Kf3X8XakvHk,김창섭은 ㅈ같은 아일랜드 삭제하고 울티마 스쿼드를 편입하아,0,2026-07-24 11:02:47+00:00,김창섭은 ㅈ같은 아일랜드 삭제하고 울티마 스쿼드를 편입하아,김창섭은 ㅈ같은 아일랜드 삭제하고 울티마 스쿼드를 편입하아,"['김', '창섭', '같', '아일랜드', '삭제', '울티마', '스쿼드', '편입']",,,,,
Kf3X8XakvHk,진심 체력 밸류가 사기던데,0,2026-07-24 10:58:58+00:00,진심 체력 밸류가 사기던데,진심 체력 밸류가 사기던데,"['진심', '체력', '밸류', '사기']",,,,,
1-bqJRQ3XTs,"저정도 패치는 QA를 하면 다 걸러질 거 같은데
넥슨정도 되는 회사에 QA팀이 없나?",0,2026-07-24 10:53:53+00:00,"저정도 패치는 QA를 하면 다 걸러질 거 같은데
넥슨정도 되는 회사에 QA팀이 없나?",저정도 패치는 QA를 하면 다 걸러질 거 같은데 넥슨정도 되는 회사에 QA팀이 없나?,"['정도', '패치', '하', '거르', '거', '같', '넥슨', '정도', '되', '회사', '팀', '없']",,,,,
Kf3X8XakvHk,전사 17 궁수 16인데 그냥 둘다 공격력이 좋다는거죠? 4단계장비 방어력20짜리로 다만들어놨는데 다시 돌려야겠넹,0,2026-07-24 10:49:32+00:00,전사 17 궁수 16인데 그냥 둘다 공격력이 좋다는거죠? 4단계장비 방어력20짜리로 다만들어놨는데 다시 돌려야겠넹,전사 17 궁수 16인데 그냥 둘다 공격력이 좋다는거죠? 4단계장비 방어력20짜리로 다만들어놨는데 다시 돌려야겠넹,"['전사', '궁수', '공격력', '좋', '거', '단계', '장비', '방어력', '만들', '돌리']",,,,,
Kf3X8XakvHk,"1-4에서 돌리고 있는데 1-5가 효율이 더 좋은가보네요
그리고 방어력 구려서 채력이나 5퍼확률로 무적 둘둘 했는데 돌려야하나 흠...",0,2026-07-24 10:48:25+00:00,"1-4에서 돌리고 있는데 1-5가 효율이 더 좋은가보네요
그리고 방어력 구려서 채력이나 5퍼확률로 무적 둘둘 했는데 돌려야하나 흠...",1 4에서 돌리고 있는데 1 5가 효율이 더 좋은가보네요 그리고 방어력 구려서 채력이나 5퍼확률로 무적 둘둘 했는데 돌려야하나 흠,"['돌리', '효율', '좋', '방어력', '구리', '채', '퍼', '확률', '무적', '하', '돌리']",,,,,
qUf4t6p70_A,혹시 사소한 변경점부터 나오는 BGM 뭔지 알 수 있을까요?,0,2026-07-24 10:47:18+00:00,혹시 사소한 변경점부터 나오는 BGM 뭔지 알 수 있을까요?,혹시 사소한 변경점부터 나오는 BGM 뭔지 알 수 있을까요?,"['변경', '점', '나오', '알', '수', '있']",,,,,
Kf3X8XakvHk,처음 나오는 브금 뭐에요?,0,2026-07-24 10:43:56+00:00,처음 나오는 브금 뭐에요?,처음 나오는 브금 뭐에요?,"['처음', '나오', '브금']",,,,,
Kf3X8XakvHk,장비 자동분해같은거 있으면좋겠다 장비가 너무 빨리차,0,2026-07-24 10:40:42+00:00,장비 자동분해같은거 있으면좋겠다 장비가 너무 빨리차,장비 자동분해같은거 있으면좋겠다 장비가 너무 빨리차,"['장비', '자동', '분해', '같', '거', '있', '좋', '장비', '차']",,,,,
Kf3X8XakvHk,2-2에서 안뚫리는데 방어력때문이었나,0,2026-07-24 10:40:26+00:00,2-2에서 안뚫리는데 방어력때문이었나,2 2에서 안뚫리는데 방어력때문이었나,"['뚫리', '방어력', '때문']",,,,,
Kf3X8XakvHk,"메키 했지만 전액 환불 받은 입장으로써 나쁘진 않은듯?
사냥하면서 뭔가 심심하지도 않고",0,2026-07-24 10:36:21+00:00,"메키 했지만 전액 환불 받은 입장으로써 나쁘진 않은듯?
사냥하면서 뭔가 심심하지도 않고",메키 했지만 전액 환불 받은 입장으로써 나쁘진 않은듯? 사냥하면서 뭔가 심심하지도 않고,"['메키', '전액', '환불', '받', '입장', '나쁘', '듯', '사냥']",,,,,
Kf3X8XakvHk,아니 어쩐지 전사스킬 탱 스킬 끼우고 못깨던거 딜수킬로 깨지더라니!!!,0,2026-07-24 10:33:25+00:00,아니 어쩐지 전사스킬 탱 스킬 끼우고 못깨던거 딜수킬로 깨지더라니!!!,아니 어쩐지 전사스킬 탱 스킬 끼우고 못깨던거 딜수킬로 깨지더라니,"['전사', '스킬', '탱', '스킬', '끼우', '깨', '거', '딜', '수', '킬로', '깨지']",,,,,
Kf3X8XakvHk,이거 해보고 메키가 왜 떡상했는지 알거같긴함 ㅋㅋㅋㅋ,0,2026-07-24 10:32:20+00:00,이거 해보고 메키가 왜 떡상했는지 알거같긴함 ㅋㅋㅋㅋ,이거 해보고 메키가 왜 떡상했는지 알거같긴함 ㅋㅋ,"['하', '메키', '떡', '상하', '알', '거', '같']",,,,,
Kf3X8XakvHk,대 맑 음,0,2026-07-24 10:28:42+00:00,대 맑 음,대 맑 음,['맑'],,,,,
Kf3X8XakvHk,"유저들이 꼼수쳐서 편한건 바로바로 패치하고
방어력 버그같이 유저가 불편한건 패치를 미루노 ㅋㅋ",0,2026-07-24 10:27:58+00:00,"유저들이 꼼수쳐서 편한건 바로바로 패치하고
방어력 버그같이 유저가 불편한건 패치를 미루노 ㅋㅋ",유저들이 꼼수쳐서 편한건 바로바로 패치하고 방어력 버그같이 유저가 불편한건 패치를 미루노 ㅋㅋ,"['유저', '꼼수', '치', '편하', '거', '패치', '방어력', '버그', '유저', '불편', '거', '패치', '미루']",,,,,
Kf3X8XakvHk,대충해도 어쨋든 다깨질거임...,0,2026-07-24 10:27:51+00:00,대충해도 어쨋든 다깨질거임...,대충해도 어쨋든 다깨질거임,"['하', '깨지', '거']",,,,,
Kf3X8XakvHk,전사는 스킬을 아이언바디를 써야하나요 오라블레이드를 써야하나요?,0,2026-07-24 10:27:23+00:00,전사는 스킬을 아이언바디를 써야하나요 오라블레이드를 써야하나요?,전사는 스킬을 아이언바디를 써야하나요 오라블레이드를 써야하나요?,"['전사', '스킬', '아이언', '바디', '쓰', '오라블레이드', '쓰']",,,,,
Kf3X8XakvHk,혹시 1-8은 별로임...?,0,2026-07-24 10:27:10+00:00,혹시 1-8은 별로임...?,혹시 1 8은 별로임 ?,[],,,,,
Kf3X8XakvHk,무슨 ai 어쩌고에서 방어력 쓰라길래 방어력 뽑는다고 큐브 조넨 썻는데,0,2026-07-24 10:23:03+00:00,무슨 ai 어쩌고에서 방어력 쓰라길래 방어력 뽑는다고 큐브 조넨 썻는데,무슨 ai 어쩌고에서 방어력 쓰라길래 방어력 뽑는다고 큐브 조넨 썻는데,"['어쩌', '방어력', '쓰', '하', '방어력', '뽑', '큐브', '조넨', '쓰']",,,,,
Kf3X8XakvHk,장비 먼저 올리고 상시 보고있으면 렙제때문에 템을 못낌...,0,2026-07-24 10:22:31+00:00,장비 먼저 올리고 상시 보고있으면 렙제때문에 템을 못낌...,장비 먼저 올리고 상시 보고있으면 렙제때문에 템을 못낌,"['장비', '올리', '상시', '보', '렙제', '때문', '터', '끼']",,,,,
Kf3X8XakvHk,난 방어력으로 존버한다,3,2026-07-24 10:21:31+00:00,난 방어력으로 존버한다,난 방어력으로 존버한다,"['방어력', '존버']",,,,,
Kf3X8XakvHk,법사템만 주구장창 뜨는 사람 개추 ㅋㅋ,797,2026-07-24 10:21:30+00:00,법사템만 주구장창 뜨는 사람 개추 ㅋㅋ,법사템만 주구장창 뜨는 사람 개추 ㅋㅋ,"['법사템', '구장', '창', '뜨', '사람', '개', '추']",,,,,
Kf3X8XakvHk,8.3% 인데 법사꺼만 뜨는건 나만그런건가,0,2026-07-24 10:21:22+00:00,8.3% 인데 법사꺼만 뜨는건 나만그런건가,8 3 인데 법사꺼만 뜨는건 나만그런건가,"['법사', '꺼', '뜨', '거', '거']",,,,,
Kf3X8XakvHk,"스킬 쿨타임 잠재 있는걸로 아는데, 뽑으려고 하니 한번도 못 봤어요",0,2026-07-24 10:19:04+00:00,"스킬 쿨타임 잠재 있는걸로 아는데, 뽑으려고 하니 한번도 못 봤어요",스킬 쿨타임 잠재 있는걸로 아는데 뽑으려고 하니 한번도 못 봤어요,"['스킬', '쿨', '타임', '잠재', '있', '거', '알', '뽑', '번', '보']",,,,,
Kf3X8XakvHk,난이도 카오스로 가면 딱히 exp5000 말곤 별 관심이 없어서.. 걍 적당히 놀다가 솔 에르다 받으면 방치 안할까함,0,2026-07-24 10:17:02+00:00,난이도 카오스로 가면 딱히 exp5000 말곤 별 관심이 없어서.. 걍 적당히 놀다가 솔 에르다 받으면 방치 안할까함,난이도 카오스로 가면 딱히 exp500 말곤 별 관심이 없어서 걍 적당히 놀다가 솔 에르다 받으면 방치 안할까함,"['난이도', '카오스', '가', '말', '관심', '없', '놀', '솔', '에르다', '받', '방치', '하', '하']",,,,,
Kf3X8XakvHk,"한국인들의 남보다 뒤쳐지면 큰일난다, 빨리빨리 문화… 몇 년 전보다 더 심해졌군ㄷㄷ",0,2026-07-24 10:14:32+00:00,"한국인들의 남보다 뒤쳐지면 큰일난다, 빨리빨리 문화… 몇 년 전보다 더 심해졌군ㄷㄷ",한국인들의 남보다 뒤쳐지면 큰일난다 빨리빨리 문화 몇 년 전보다 더 심해졌군ㄷㄷ,"['한국인', '남', '뒤쳐지', '큰일', '나', '문화', '년', '전', '심하']",,,,,
Kf3X8XakvHk,아 1렙장비 9개 모이자마자 합성 눌러야한다고,0,2026-07-24 10:12:33+00:00,아 1렙장비 9개 모이자마자 합성 눌러야한다고,아 1렙장비 9개 모이자마자 합성 눌러야한다고,"['1렙', '장비', '개', '모이', '합성', '누르']",,,,,
Kf3X8XakvHk,이거 원판인 TBH 부터가 초반엔 이것저것 신경 엄청써줘야해서 ㅋㅋㅋ,0,2026-07-24 10:11:58+00:00,이거 원판인 TBH 부터가 초반엔 이것저것 신경 엄청써줘야해서 ㅋㅋㅋ,이거 원판인 TBH 부터가 초반엔 이것저것 신경 엄청써줘야해서 ㅋㅋ,"['원판', '초반', '이것저것', '신경', '쓰']",,,,,
Kf3X8XakvHk,방치(방치아님),0,2026-07-24 10:08:46+00:00,방치(방치아님),방치 방치아님,"['방치', '방치']",,,,,
Kf3X8XakvHk,아 ㅋㅋ 어차피 계속 보면서 합성해줄건데 아이템칸 왜올림?? 29칸단은 개추 ㅋㅋ,1,2026-07-24 10:04:14+00:00,아 ㅋㅋ 어차피 계속 보면서 합성해줄건데 아이템칸 왜올림?? 29칸단은 개추 ㅋㅋ,아 ㅋㅋ 어차피 계속 보면서 합성해줄건데 아이템칸 왜올림?? 29칸단은 개추 ㅋㅋ,"['보', '합성', '거', '아이템', '카', '올림', '칸', '단', '개추']",,,,,
Kf3X8XakvHk,마법사 무기만 존나 뜸,0,2026-07-24 10:03:51+00:00,마법사 무기만 존나 뜸,마법사 무기만 존나 뜸,"['마법사', '무기', '뜨']",,,,,
Kf3X8XakvHk,공격력 진짜 안나옴 ㅠ ㅋㅋ,0,2026-07-24 10:02:53+00:00,공격력 진짜 안나옴 ㅠ ㅋㅋ,공격력 진짜 안나옴 ㅠ ㅋㅋ,"['공격력', '나오']",,,,,
Kf3X8XakvHk,얘네 이벤트기간 끝나고 사라지면 진짜 슬플거 같다,2,2026-07-24 10:01:36+00:00,얘네 이벤트기간 끝나고 사라지면 진짜 슬플거 같다,얘네 이벤트기간 끝나고 사라지면 진짜 슬플거 같다,"['이벤트', '기간', '끝나', '사라지', '슬프', '거', '같']",,,,,
Kf3X8XakvHk,"크확은 쓰레기죠? 1퍼,2퍼 이딴식으로 뜨던데 의미가 있나",0,2026-07-24 10:01:34+00:00,"크확은 쓰레기죠? 1퍼,2퍼 이딴식으로 뜨던데 의미가 있나",크확은 쓰레기죠? 1퍼 2퍼 이딴식으로 뜨던데 의미가 있나,"['은', '쓰레기', '퍼', '2퍼', '식', '뜨', '의미', '있']",,,,,
Kf3X8XakvHk,"전사12렙공388 궁수10렙공373 기준
챗지피티에 이렇게 넣어봤더니 저렇게 결과가 나와서 공유합니다

메이플스토리 미니게임 울티마스쿼드 어느스테이지에서 반복파밍하는게 가장 좋은지 조사중이야.
스테이지 , 입장시골드량-퇴장시골드량, 클리어소요시간 을 적어줄테니 
각 스테이지별 골드수익과 시간당 골드수익
최종적으론 어느지역이 가장 효율좋은지 순위까지 정리해줘.

1-1	102986-103707	00:30
1-2	103707-106437	01:10
1-3	112538-117108	01:14
1-4	117108-123518	01:13
1-5	123518-131768	01:27
1-6	131768-141858	02:04
1-7	141858-153788	02:07

스테이지	입장 → 퇴장 골드	순수익	클리어 시간	시간당 골드
1-1	102,986 → 103,707	721	30초	86,520
1-2	103,707 → 106,437	2,730	70초	140,400
1-3	112,538 → 117,108	4,570	74초	222,324
1-4	117,108 → 123,518	6,410	73초	316,110
1-5	123,518 → 131,768	8,250	87초	341,379
1-6	131,768 → 141,858	10,090	124초	292,935
1-7	141,858 → 153,788	11,930	127초	338,268

순위	스테이지	시간당 골드	스테이지당 순수익
🥇 1	1-5	341,379	8,250
🥈 2	1-7	338,268	11,930
🥉 3	1-4	316,110	6,410
4	1-6	292,935	10,090
5	1-3	222,324	4,570
6	1-2	140,400	2,730
7	1-1	86,520	721

저는 시간당 골드가 얼마 차이 안나서 종종 등장한다는 2단계 장비를 기대하며 1-7에서 돌생각입니다.",0,2026-07-24 10:00:46+00:00,"전사12렙공388 궁수10렙공373 기준
챗지피티에 이렇게 넣어봤더니 저렇게 결과가 나와서 공유합니다

메이플스토리 미니게임 울티마스쿼드 어느스테이지에서 반복파밍하는게 가장 좋은지 조사중이야.
스테이지 , 입장시골드량-퇴장시골드량, 클리어소요시간 을 적어줄테니 
각 스테이지별 골드수익과 시간당 골드수익
최종적으론 어느지역이 가장 효율좋은지 순위까지 정리해줘.

1-1	102986-103707	00:30
1-2	103707-106437	01:10
1-3	112538-117108	01:14
1-4	117108-123518	01:13
1-5	123518-131768	01:27
1-6	131768-141858	02:04
1-7	141858-153788	02:07

스테이지	입장 → 퇴장 골드	순수익	클리어 시간	시간당 골드
1-1	102,986 → 103,707	721	30초	86,520
1-2	103,707 → 106,437	2,730	70초	140,400
1-3	112,538 → 117,108	4,570	74초	222,324
1-4	117,108 → 123,518	6,410	73초	316,110
1-5	123,518 → 131,768	8,250	87초	341,379
1-6	131,768 → 141,858	10,090	124초	292,935
1-7	141,858 → 153,788	11,930	127초	338,268

순위	스테이지	시간당 골드	스테이지당 순수익
🥇 1	1-5	341,379	8,250
🥈 2	1-7	338,268	11,930
🥉 3	1-4	316,110	6,410
4	1-6	292,935	10,090
5	1-3	222,324	4,570
6	1-2	140,400	2,730
7	1-1	86,520	721

저는 시간당 골드가 얼마 차이 안나서 종종 등장한다는 2단계 장비를 기대하며 1-7에서 돌생각입니다.",전사12렙공388 궁수10렙공373 기준 챗지피티에 이렇게 넣어봤더니 저렇게 결과가 나와서 공유합니다 메이플스토리 미니게임 울티마스쿼드 어느스테이지에서 반복파밍하는게 가장 좋은지 조사중이야 스테이지 입장시골드량 퇴장시골드량 클리어소요시간 을 적어줄테니 각 스테이지별 골드수익과 시간당 골드수익 최종적으론 어느지역이 가장 효율좋은지 순위까지 정리해줘 1 1 102986 103707 00 30 1 2 103707 106437 01 10 1 3 112538 117108 01 14 1 4 117108 123518 01 13 1 5 123518 131768 01 27 1 6 131768 141858 02 04 1 7 141858 153788 02 07 스테이지 입장 퇴장 골드 순수익 클리어 시간 시간당 골드 1 1 102 986 103 707 721 30초 86 520 1 2 103 707 106 437 2 730 70초 140 400 1 3 112 538 117 108 4 570 74초 22 324 1 4 117 108 123 518 6 410 73초 316 110 1 5 123 518 131 768 8 250 87초 341 379 1 6 131 768 141 858 10 090 124초 292 935 1 7 141 858 153 788 11 930 127초 338 268 순위 스테이지 시간당 골드 스테이지당 순수익 1 1 5 341 379 8 250 2 1 7 338 268 11 930 3 1 4 316 110 6 410 4 1 6 292 935 10 090 5 1 3 22 324 4 570 6 1 2 140 400 2 730 7 1 1 86 520 721 저는 시간당 골드가 얼마 차이 안나서 종종 등장한다는 2단계 장비를 기대하며 1 7에서 돌생각입니다,"['전사12렙', '공', '궁', '수', '렙공', '기준', '챗지피티', '이렇', '넣', '저렇', '결과', '나오', '공유', '메이플스토리', '미니', '게임', '울티마스쿼드', '스테이지', '반복파밍', '것', '좋', '조사', '중', '스테이지', '입장', '시', '골드', '량', '퇴장', '시', '골드', '량', '클리어', '소요', '시간', '적', '터', '스테이지', '골드', '수익', '시간', '골드', '수익', '최종', '지역', '효율', '좋', '순위', '정리', '스테이지', '입장', '퇴장', '골드', '순수익', '클리어', '시간', '시간', '골드', '초', '초', '초', '초', '초', '초', '초', '순위', '스테이지', '시간', '골드', '스테이지', '순수익', '시간', '골드', '얼마', '차이', '나', '등장', '단계', '장비', '기대', '돌', '생각']",,,,,
Kf3X8XakvHk,"무기 방어구 ""올공""",1,2026-07-24 10:00:11+00:00,"무기 방어구 ""올공""",무기 방어구 올공,"['무기', '방어', '구', '올', '공']",,,,,
Kf3X8XakvHk,메이플 메이플키우기 ㅋㅋㅋ,0,2026-07-24 09:59:00+00:00,메이플 메이플키우기 ㅋㅋㅋ,메이플 메이플키우기 ㅋㅋ,"['메이플', '메이플', '키우']",,,,,
Kf3X8XakvHk,이미 2-1에서 뺑뺑이돌리고있는ㅋㅋ,0,2026-07-24 09:58:36+00:00,이미 2-1에서 뺑뺑이돌리고있는ㅋㅋ,이미 2 1에서 뺑뺑이돌리고있는ㅋㅋ,"['뺑뺑이', '돌리']",,,,,
Kf3X8XakvHk,큐브 돌려서 방어력 맞춘 흑우 없제? 공격력 존버는 승리한다,2,2026-07-24 09:56:07+00:00,큐브 돌려서 방어력 맞춘 흑우 없제? 공격력 존버는 승리한다,큐브 돌려서 방어력 맞춘 흑우 없제? 공격력 존버는 승리한다,"['큐브', '돌리', '방어력', '맞추', '흑우', '없제', '공격력', '존버', '승리']",,,,,
Kf3X8XakvHk,"방둘둘에서 공둘둘로 바꿨더니 깨지던 2-1이 안깨지고 다시 방둘둘로 바꿨더니 안정적으로 2-1이 돌아져요
맞추신분들은 굳이 다시 공둘둘로 바꿀 필요는 없어보입니다",0,2026-07-24 09:54:46+00:00,"방둘둘에서 공둘둘로 바꿨더니 깨지던 2-1이 안깨지고 다시 방둘둘로 바꿨더니 안정적으로 2-1이 돌아져요
맞추신분들은 굳이 다시 공둘둘로 바꿀 필요는 없어보입니다",방둘둘에서 공둘둘로 바꿨더니 깨지던 2 1이 안깨지고 다시 방둘둘로 바꿨더니 안정적으로 2 1이 돌아져요 맞추신분들은 굳이 다시 공둘둘로 바꿀 필요는 없어보입니다,"['방', '공', '바꾸', '깨지', '깨지', '방', '바꾸', '안정', '돌', '맞추', '분', '공', '바꾸', '필요', '없', '보이']",,,,,
Kf3X8XakvHk,대 맑 음 에라이 손해본 큐브가 몇개야 습박!! 일단 레벨이 젤 우선이구만,0,2026-07-24 09:52:45+00:00,대 맑 음 에라이 손해본 큐브가 몇개야 습박!! 일단 레벨이 젤 우선이구만,대 맑 음 에라이 손해본 큐브가 몇개야 습박 일단 레벨이 젤 우선이구만,"['맑', '손해', '보', '큐브', '개', '습박', '레벨', '우선']",,,,,
Kf3X8XakvHk,이거 때문에 재획할때 드라마를 못 보겠다,0,2026-07-24 09:52:28+00:00,이거 때문에 재획할때 드라마를 못 보겠다,이거 때문에 재획할때 드라마를 못 보겠다,"['때문', '하', '때', '드라마', '보']",,,,,
Kf3X8XakvHk,킷타 킷타 킷타!!!!,0,2026-07-24 09:51:51+00:00,킷타 킷타 킷타!!!!,킷타 킷타 킷타,"['킷타', '킷타', '킷타']",,,,,
Kf3X8XakvHk,맑음아 방어력좋다해서 큐브60+40만메소 올이탈해줬는데 어케하냐,0,2026-07-24 09:48:25+00:00,맑음아 방어력좋다해서 큐브60+40만메소 올이탈해줬는데 어케하냐,맑음아 방어력좋다해서 큐브60 40만메소 올이탈해줬는데 어케하냐,"['맑', '방어력', '좋', '하', '큐브', '40만메소', '올', '이탈', '하']",,,,,
Kf3X8XakvHk,아니 이거 방치형 미니게임 아니었냐고..,0,2026-07-24 09:48:03+00:00,아니 이거 방치형 미니게임 아니었냐고..,아니 이거 방치형 미니게임 아니었냐고,"['방치', '미니', '게임']",,,,,
1cljEsT6jck,1-6에서.안넘어가지면 개춤,1,2026-07-24 09:47:50+00:00,1-6에서.안넘어가지면 개춤,1 6에서 안넘어가지면 개춤,"['넘어가', '개춤']",,,,,
Kf3X8XakvHk,올 방어력 하라그래서 큐브 다 써서 맞췄더니 방어구 싹다 빼도 받는데미지 1늘어남 ㅋㅋㅋㅋ 그냥 체력도 아깝고 올공격력해야함,0,2026-07-24 09:46:35+00:00,올 방어력 하라그래서 큐브 다 써서 맞췄더니 방어구 싹다 빼도 받는데미지 1늘어남 ㅋㅋㅋㅋ 그냥 체력도 아깝고 올공격력해야함,올 방어력 하라그래서 큐브 다 써서 맞췄더니 방어구 싹다 빼도 받는데미지 1늘어남 ㅋㅋ 그냥 체력도 아깝고 올공격력해야함,"['방어력', '하', '큐브', '쓰', '맞추', '방어', '구', '빼', '받', '데미지', '늘어나', '체력', '아깝', '올', '공격력']",,,,,
Kf3X8XakvHk,대충하고 싶은데 왠지 너무 신경쓰여서 꾸준히 봐주고 있음 😢,0,2026-07-24 09:46:12+00:00,대충하고 싶은데 왠지 너무 신경쓰여서 꾸준히 봐주고 있음 😢,대충하고 싶은데 왠지 너무 신경쓰여서 꾸준히 봐주고 있음,"['하', '신경', '쓰이', '보']",,,,,
Kf3X8XakvHk,"가방 옆에 공격 버프랑 방어버프 있던데 그건 사용조건이 어떻게 되는거죠?? 
아무리 찾아봐도 모르겠음",0,2026-07-24 09:46:03+00:00,"가방 옆에 공격 버프랑 방어버프 있던데 그건 사용조건이 어떻게 되는거죠?? 
아무리 찾아봐도 모르겠음",가방 옆에 공격 버프랑 방어버프 있던데 그건 사용조건이 어떻게 되는거죠?? 아무리 찾아봐도 모르겠음,"['가방', '옆', '공격', '버프', '방어버프', '있', '사용', '조건', '어떻', '되', '거', '찾아보', '모르']",,,,,
Kf3X8XakvHk,선생님 덕에 2-1 클리어 했습니다😮,2,2026-07-24 09:45:45+00:00,선생님 덕에 2-1 클리어 했습니다😮,선생님 덕에 2 1 클리어 했습니다,"['선생', '덕', '클리어']",,,,,
Kf3X8XakvHk,3렙 아이템 2개 합성할때까지 2렙 전사 아이템이 한개도 안나옴.. ㅅㅂ 확률 버그있음,4,2026-07-24 09:44:48+00:00,3렙 아이템 2개 합성할때까지 2렙 전사 아이템이 한개도 안나옴.. ㅅㅂ 확률 버그있음,3렙 아이템 2개 합성할때까지 2렙 전사 아이템이 한개도 안나옴 ㅅㅂ 확률 버그있음,"['3렙', '아이템', '개', '합성', '때', '2렙', '전사', '아이템', '개', '나오', '확률', '버그', '있']",,,,,
Kf3X8XakvHk,아니 미니게임을 이렇게 까지 열심히 해야 되냐고..,0,2026-07-24 09:42:31+00:00,아니 미니게임을 이렇게 까지 열심히 해야 되냐고..,아니 미니게임을 이렇게 까지 열심히 해야 되냐고,"['미니', '게임', '이렇', '하', '되']",,,,,
Kf3X8XakvHk,"1-2, 1-5, 1-7 은 신이야 지금 2-3 까지 밀었습니다",0,2026-07-24 09:41:19+00:00,"1-2, 1-5, 1-7 은 신이야 지금 2-3 까지 밀었습니다",1 2 1 5 1 7 은 신이야 지금 2 3 까지 밀었습니다,"['은', '신', '밀']",,,,,
Kf3X8XakvHk,이게 본메보다 재밋는듯;;,14,2026-07-24 09:40:39+00:00,이게 본메보다 재밋는듯;;,이게 본메보다 재밋는듯,"['본메', '재밋', '듯']",,,,,
Kf3X8XakvHk,방치하라니까 최고효율 찾아서 빨리 끝장보려는 유저들 ㅋㅋㅋㅋ,1,2026-07-24 09:40:14+00:00,방치하라니까 최고효율 찾아서 빨리 끝장보려는 유저들 ㅋㅋㅋㅋ,방치하라니까 최고효율 찾아서 빨리 끝장보려는 유저들 ㅋㅋ,"['방치', '최고', '효율', '찾', '끝장', '보', '유저']",,,,,
Kf3X8XakvHk,크확옵션은 어떤가요...?,0,2026-07-24 09:40:01+00:00,크확옵션은 어떤가요...?,크확옵션은 어떤가요 ?,"['크', '확', '옵션', '어떻']",,,,,
Kf3X8XakvHk,조금 더 난이도 어렵게 해서 열심히 하거나 안하거나의 스펙차이가 눈에 어느정도 보이게 해줬으면.. 지금이야 이런 방치형 스타일이 재밌고 신선해서 열심히 하곤있다지만 뭐 별거 안한 유저들이랑 별 차이없으면 성취감이 아예 없을거같아서.. 뭐 그만큼 재밌다는거긴 하지만,0,2026-07-24 09:39:35+00:00,조금 더 난이도 어렵게 해서 열심히 하거나 안하거나의 스펙차이가 눈에 어느정도 보이게 해줬으면.. 지금이야 이런 방치형 스타일이 재밌고 신선해서 열심히 하곤있다지만 뭐 별거 안한 유저들이랑 별 차이없으면 성취감이 아예 없을거같아서.. 뭐 그만큼 재밌다는거긴 하지만,조금 더 난이도 어렵게 해서 열심히 하거나 안하거나의 스펙차이가 눈에 어느정도 보이게 해줬으면 지금이야 이런 방치형 스타일이 재밌고 신선해서 열심히 하곤있다지만 뭐 별거 안한 유저들이랑 별 차이없으면 성취감이 아예 없을거같아서 뭐 그만큼 재밌다는거긴 하지만,"['난이도', '어렵', '하', '하', '하', '스펙', '차이', '눈', '정도', '보이', '지금', '방치', '스타일', '재밌', '하', '별거', '하', '유저', '차이', '없', '성취감', '없', '거', '같', '재밌', '거']",,,,,
Kf3X8XakvHk,이거는 그냥 재미로 하는건가요?? 보상 그런거 안주나요.??,0,2026-07-24 09:38:45+00:00,이거는 그냥 재미로 하는건가요?? 보상 그런거 안주나요.??,이거는 그냥 재미로 하는건가요?? 보상 그런거 안주나요 ??,"['재미', '하', '거', '보상', '거', '주']",,,,,
Kf3X8XakvHk,그래도 이제 2지역왔다...,0,2026-07-24 09:37:03+00:00,그래도 이제 2지역왔다...,그래도 이제 2지역왔다,"['지역', '오']",,,,,
Kf3X8XakvHk,"경험치는 고려사항에 없나요?
현재 전사16 궁수15 인데 2-1 반복중인데 골드나 장비보다는 경험치가 중요해 보여서요.",0,2026-07-24 09:36:41+00:00,"경험치는 고려사항에 없나요?
현재 전사16 궁수15 인데 2-1 반복중인데 골드나 장비보다는 경험치가 중요해 보여서요.",경험치는 고려사항에 없나요? 현재 전사16 궁수15 인데 2 1 반복중인데 골드나 장비보다는 경험치가 중요해 보여서요,"['경험치', '고려', '사항', '없', '전사', '궁수', '반복', '중', '골드', '장비', '경험치', '중요', '보이']",,,,,
Kf3X8XakvHk,맑음햄 비지엠 초이스 고트,0,2026-07-24 09:34:14+00:00,맑음햄 비지엠 초이스 고트,맑음햄 비지엠 초이스 고트,"['맑음', '햄', '비지', '엠', '초이스', '고트']",,,,,
Kf3X8XakvHk,대충하라고 방치형 미니게임 만들어줬더니 최적화에 미친 인간들 답게 손해 절대 안보려고 더 열심히 하네 ㅋㅋ,74,2026-07-24 09:32:59+00:00,대충하라고 방치형 미니게임 만들어줬더니 최적화에 미친 인간들 답게 손해 절대 안보려고 더 열심히 하네 ㅋㅋ,대충하라고 방치형 미니게임 만들어줬더니 최적화에 미친 인간들 답게 손해 절대 안보려고 더 열심히 하네 ㅋㅋ,"['하', '방치', '미니', '게임', '만들', '최적', '미치', '인간', '손해', '보', '하']",,,,,
Kf3X8XakvHk,전영상 보고 전사 방어력만 뽑아놨으면 개추..,32,2026-07-24 09:32:15+00:00,전영상 보고 전사 방어력만 뽑아놨으면 개추..,전영상 보고 전사 방어력만 뽑아놨으면 개추,"['전', '영상', '보', '전사', '방어력', '뽑', '개추']",,,,,
Kf3X8XakvHk,지금 효율이 중요하지. 재획이 중요하냐,0,2026-07-24 09:31:30+00:00,지금 효율이 중요하지. 재획이 중요하냐,지금 효율이 중요하지 재획이 중요하냐,"['효율', '중요', '획', '중요']",,,,,
Kf3X8XakvHk,원래는 방어력이좋은데 버그터져서 안좋아짐 ㅇㅇ 이건 맑음도 억울하긴함 ㅋㅋ 원래 테섭에선 방어력 좋긴했음 ㅇㅇ,2,2026-07-24 09:31:07+00:00,원래는 방어력이좋은데 버그터져서 안좋아짐 ㅇㅇ 이건 맑음도 억울하긴함 ㅋㅋ 원래 테섭에선 방어력 좋긴했음 ㅇㅇ,원래는 방어력이좋은데 버그터져서 안좋아짐 ㅇㅇ 이건 맑음도 억울하긴함 ㅋㅋ 원래 테섭에선 방어력 좋긴했음 ㅇㅇ,"['원래', '방어력', '좋', '버그', '터지', '좋', '맑', '테섭', '방어력', '좋']",,,,,
Kf3X8XakvHk,경험치랑 골드랑 비례하나요?,0,2026-07-24 09:29:48+00:00,경험치랑 골드랑 비례하나요?,경험치랑 골드랑 비례하나요?,"['경험치', '골드', '비례']",,,,,
Kf3X8XakvHk,신발 잠재에도 공격력 붙더라구요?,0,2026-07-24 09:29:46+00:00,신발 잠재에도 공격력 붙더라구요?,신발 잠재에도 공격력 붙더라구요?,"['신발', '잠재', '공격력', '붙']",,,,,
Kf3X8XakvHk,방어력 개 병신옵임 ㄹㅇ,0,2026-07-24 09:29:37+00:00,방어력 개 병신옵임 ㄹㅇ,방어력 개 병신옵임 ㄹㅇ,"['방어력', '개', '병신']",,,,,
Kf3X8XakvHk,저관여 컨텐츠는 재획이고 울티마가 메인인데?,0,2026-07-24 09:29:13+00:00,저관여 컨텐츠는 재획이고 울티마가 메인인데?,저관여 컨텐츠는 재획이고 울티마가 메인인데?,"['관여', '컨텐츠', '획', '울티마', '메인']",,,,,
Kf3X8XakvHk,드랍율이랑 메소 유틸 아직 찍을수없다고 뜨는데 나만 이런가요 ㅠㅠ,0,2026-07-24 09:29:00+00:00,드랍율이랑 메소 유틸 아직 찍을수없다고 뜨는데 나만 이런가요 ㅠㅠ,드랍율이랑 메소 유틸 아직 찍을수없다고 뜨는데 나만 이런가요 ㅠㅠ,"['드랍율', '메소', '유틸', '찍', '수', '없', '뜨', '이렇']",,,,,
Kf3X8XakvHk,갓컨텐츠 ㅋㅋㅋㅋ,2,2026-07-24 09:26:41+00:00,갓컨텐츠 ㅋㅋㅋㅋ,갓컨텐츠 ㅋㅋ,['갓컨텐츠'],,,,,
Kf3X8XakvHk,아 방어력 세팅으류 다 해놧는데 ㅠ,0,2026-07-24 09:22:51+00:00,아 방어력 세팅으류 다 해놧는데 ㅠ,아 방어력 세팅으류 다 해놧는데 ㅠ,"['방어력', '세팅', '으', '하']",,,,,
Kf3X8XakvHk,저도 방어력으로 해봤는데 피격데미지 안줄어듬 진짜 피격시확률로10퍼무시만통해요,0,2026-07-24 09:22:45+00:00,저도 방어력으로 해봤는데 피격데미지 안줄어듬 진짜 피격시확률로10퍼무시만통해요,저도 방어력으로 해봤는데 피격데미지 안줄어듬 진짜 피격시확률로10퍼무시만통해요,"['방어력', '하', '피격', '데미지', '안줄어듬', '피격', '시', '확률', '퍼', '무시', '통하']",,,,,
Kf3X8XakvHk,내가 손해를 보고 있었다고??!??!!?,0,2026-07-24 09:21:02+00:00,내가 손해를 보고 있었다고??!??!!?,내가 손해를 보고 있었다고?? ?? ?,"['손해', '보']",,,,,
Kf3X8XakvHk,방어력 말고 피격시 데미지 무시 이건 어떻게 생각하시는지 얘도 효율 괜찮나 싶어서요,0,2026-07-24 09:19:53+00:00,방어력 말고 피격시 데미지 무시 이건 어떻게 생각하시는지 얘도 효율 괜찮나 싶어서요,방어력 말고 피격시 데미지 무시 이건 어떻게 생각하시는지 얘도 효율 괜찮나 싶어서요,"['방어력', '말', '피격', '시', '데미지', '무시', '어떻', '생각', '효율', '괜찮']",,,,,
Kf3X8XakvHk,사냥안하고 얘내들 사냥하는거 보고있음ㅋㅋ,25,2026-07-24 09:19:44+00:00,사냥안하고 얘내들 사냥하는거 보고있음ㅋㅋ,사냥안하고 얘내들 사냥하는거 보고있음ㅋㅋ,"['사냥', '하', '들', '사냥', '거', '보']",,,,,
Kf3X8XakvHk,장비드롭 골드획득은 언제 열리나요?,0,2026-07-24 09:19:28+00:00,장비드롭 골드획득은 언제 열리나요?,장비드롭 골드획득은 언제 열리나요?,"['장비', '드롭', '골드', '획득', '열리']",,,,,
Kf3X8XakvHk,울티마 스쿼드 << 메이플보다 재밌음,237,2026-07-24 09:19:23+00:00,울티마 스쿼드 << 메이플보다 재밌음,울티마 스쿼드 메이플보다 재밌음,"['울티마', '스쿼드', '메이플', '재밌']",,,,,
Kf3X8XakvHk,전사 올방어력 해놨는데 뭐뭣....내 세상이...,0,2026-07-24 09:19:05+00:00,전사 올방어력 해놨는데 뭐뭣....내 세상이...,전사 올방어력 해놨는데 뭐뭣 내 세상이,"['사', '방어력', '하', '세상']",,,,,
Kf3X8XakvHk,중간중간맥락이 다 끊기는거같은데  맞나요이거?,1,2026-07-24 09:17:50+00:00,중간중간맥락이 다 끊기는거같은데  맞나요이거?,중간중간맥락이 다 끊기는거같은데 맞나요이거?,"['중간', '중간', '맥락', '끊기', '거', '같', '맞']",,,,,
Kf3X8XakvHk,아 큐브 다써서 방어력 10으로 다 맞췃는데 맑음아,76,2026-07-24 09:17:38+00:00,아 큐브 다써서 방어력 10으로 다 맞췃는데 맑음아,아 큐브 다써서 방어력 10으로 다 맞췃는데 맑음아,"['큐브', '쓰', '방어력', '맞추', '맑음']",,,,,
Kf3X8XakvHk,1-6에서 돌고있었던 사람.,13,2026-07-24 09:17:26+00:00,1-6에서 돌고있었던 사람.,1 6에서 돌고있었던 사람,"['돌', '사람']",,,,,
Kf3X8XakvHk,법사템만 나와서 이미 3레벨 풀템을 가지고있다는거임...,0,2026-07-24 09:17:21+00:00,법사템만 나와서 이미 3레벨 풀템을 가지고있다는거임...,법사템만 나와서 이미 3레벨 풀템을 가지고있다는거임,"['법사템', '나오', '레벨', '풀템', '가지', '거']",,,,,
Kf3X8XakvHk,극단적 관여인거같은데 ㅋㅋㅋㅋㅋㅋㅋㅋ,3,2026-07-24 09:17:18+00:00,극단적 관여인거같은데 ㅋㅋㅋㅋㅋㅋㅋㅋ,극단적 관여인거같은데 ㅋㅋ,"['극단', '관여', '거', '같']",,,,,
Kf3X8XakvHk,이궈궈던,0,2026-07-24 09:17:08+00:00,이궈궈던,이궈궈던,['이궈궈던'],,,,,
Kf3X8XakvHk,그럼 전사 아이언바디 끼는 것도 효율 별로려나,0,2026-07-24 09:16:38+00:00,그럼 전사 아이언바디 끼는 것도 효율 별로려나,그럼 전사 아이언바디 끼는 것도 효율 별로려나,"['전사', '아이언바디', '끼', '것', '효율']",,,,,
Kf3X8XakvHk,앜 방어력 좋대서 방어력으로 맞췄었는데...,2,2026-07-24 09:16:18+00:00,앜 방어력 좋대서 방어력으로 맞췄었는데...,앜 방어력 좋대서 방어력으로 맞췄었는데,"['앜', '방어력', '좋', '하', '방어력', '맞추']",,,,,
Kf3X8XakvHk,지금 궁수는 3렙장비 다껴놧는데 ㅋㅋ 아직도 젅사는 3렙장비1도안나오고 2렙으로 2-1하는중임 레벨이 존나 깡패임 걍 ㅋㅋ,6,2026-07-24 09:14:37+00:00,지금 궁수는 3렙장비 다껴놧는데 ㅋㅋ 아직도 젅사는 3렙장비1도안나오고 2렙으로 2-1하는중임 레벨이 존나 깡패임 걍 ㅋㅋ,지금 궁수는 3렙장비 다껴놧는데 ㅋㅋ 아직도 젅사는 3렙장비1도안나오고 2렙으로 2 1하는중임 레벨이 존나 깡패임 걍 ㅋㅋ,"['궁수', '3렙', '장비', '끼', '젅', '사', '3렙', '장비', '나오', '2렙', '중', '레벨', '깡패']",,,,,
Kf3X8XakvHk,마지막브금 뭐죠?,0,2026-07-24 09:14:09+00:00,마지막브금 뭐죠?,마지막브금 뭐죠?,['마지막브금'],,,,,
Kf3X8XakvHk,1-4.... 바보짓하고있었네,0,2026-07-24 09:13:25+00:00,1-4.... 바보짓하고있었네,1 4 바보짓하고있었네,['바보짓'],,,,,
Kf3X8XakvHk,이거 은근 잼씀 마을에서 하루종일 얘네 사냥하는거 보는중 ㅋㅋ,329,2026-07-24 09:11:52+00:00,이거 은근 잼씀 마을에서 하루종일 얘네 사냥하는거 보는중 ㅋㅋ,이거 은근 잼씀 마을에서 하루종일 얘네 사냥하는거 보는중 ㅋㅋ,"['은근', '잼', '쓰', '마을', '하루', '종일', '사냥', '거', '보', '중']",,,,,
Kf3X8XakvHk,3티어템 20개 만들어서 전사템이 단 1개? 확률 맞음?,0,2026-07-24 09:11:04+00:00,3티어템 20개 만들어서 전사템이 단 1개? 확률 맞음?,3티어템 20개 만들어서 전사템이 단 1개? 확률 맞음?,"['3티어템', '개', '만들', '전사', '터', '개', '확률', '맞']",,,,,
1cljEsT6jck,"""방어력 옵션"" 부분 정정드립니다
오늘 마이너 업데이트에도 방어력 관련 수정이 없는걸 봐서는
아예 잡옵으로 봐도 무방할 듯싶습니다
 
따라서 전사도 잠재옵션을
방어력 대신 공격력을 뽑아주셔야 되니
이 점 참고해주시면 감사하겠습니다
 
아래 링크는 본섭 이후 완화된 버전의 추가 공략입니다
https://youtu.be/Kf3X8XakvHk",4,2026-07-24 09:08:44+00:00,"""방어력 옵션"" 부분 정정드립니다
오늘 마이너 업데이트에도 방어력 관련 수정이 없는걸 봐서는
아예 잡옵으로 봐도 무방할 듯싶습니다
 
따라서 전사도 잠재옵션을
방어력 대신 공격력을 뽑아주셔야 되니
이 점 참고해주시면 감사하겠습니다
 
아래 링크는 본섭 이후 완화된 버전의 추가 공략입니다
https://youtu.be/Kf3X8XakvHk",방어력 옵션 부분 정정드립니다 오늘 마이너 업데이트에도 방어력 관련 수정이 없는걸 봐서는 아예 잡옵으로 봐도 무방할 듯싶습니다 따라서 전사도 잠재옵션을 방어력 대신 공격력을 뽑아주셔야 되니 이 점 참고해주시면 감사하겠습니다 아래 링크는 본섭 이후 완화된 버전의 추가 공략입니다,"['방어력', '옵션', '부분', '정정', '드리', '마이너', '업데이트', '방어력', '관련', '수정', '없', '거', '보', '잡', '보', '듯', '전사', '잠재', '옵션', '방어력', '대신', '공격력', '뽑', '되', '점', '참고', '감사', '아래', '링크', '본섭', '이후', '완화', '버전', '추가', '공략']",,,,,
Kf3X8XakvHk,이것만큼은 대충하고싶은 맘,2,2026-07-24 09:08:42+00:00,이것만큼은 대충하고싶은 맘,이것만큼은 대충하고싶은 맘,"['하', '맘']",,,,,
1-bqJRQ3XTs,항상좋은 정보 알려주셔서 감사합니다,0,2026-07-24 09:08:04+00:00,항상좋은 정보 알려주셔서 감사합니다,항상좋은 정보 알려주셔서 감사합니다,"['좋', '정보', '알리', '감사']",,,,,
Kf3X8XakvHk,귀찮은데 그걸 언제 측정하고잇노,0,2026-07-24 09:07:34+00:00,귀찮은데 그걸 언제 측정하고잇노,귀찮은데 그걸 언제 측정하고잇노,"['귀찮', '측정', '잇']",,,,,
Kf3X8XakvHk,학교다닐때 공부를 좀 이렇게 효율 따져가면서 하지ㅋㅋㅋㅋㅋㅋㅋㅋ,8,2026-07-24 09:07:02+00:00,학교다닐때 공부를 좀 이렇게 효율 따져가면서 하지ㅋㅋㅋㅋㅋㅋㅋㅋ,학교다닐때 공부를 좀 이렇게 효율 따져가면서 하지ㅋㅋ,"['학교', '다니', '때', '공부', '이렇', '효율', '따지', '하']",,,,,
Kf3X8XakvHk,제목을 이렇게 올려버리면 안볼수가 없잖아 ㅋㅋ 😂,3,2026-07-24 09:06:34+00:00,제목을 이렇게 올려버리면 안볼수가 없잖아 ㅋㅋ 😂,제목을 이렇게 올려버리면 안볼수가 없잖아 ㅋㅋ,"['제목', '이렇', '올리', '보', '수', '없']",,,,,
Kf3X8XakvHk,ㅇㄷ,0,2026-07-24 09:06:21+00:00,ㅇㄷ,ㅇㄷ,[],,,,,
Kf3X8XakvHk,아... 이걸 이제 봤네...,0,2026-07-24 09:06:17+00:00,아... 이걸 이제 봤네...,아 이걸 이제 봤네,['보'],,,,,
Kf3X8XakvHk,ㄷㄷ,0,2026-07-24 09:05:30+00:00,ㄷㄷ,ㄷㄷ,[],,,,,
Kf3X8XakvHk,1빠,0,2026-07-24 09:05:30+00:00,1빠,1빠,['빠'],,,,,
Kf3X8XakvHk,ㄱㅅ,0,2026-07-24 09:05:28+00:00,ㄱㅅ,ㄱㅅ,[],,,,,
1cljEsT6jck,"오늘 스킬2번째 열엇는데, 궁수는 폭시랑 평타중에 어떤거 하면 될까요? 일반 사냥돌릴때는 평타가 좀더 빨리 미는것 같아보이긴 하는데, 혹시 고수님들 계실까요?",0,2026-07-24 08:42:37+00:00,"오늘 스킬2번째 열엇는데, 궁수는 폭시랑 평타중에 어떤거 하면 될까요? 일반 사냥돌릴때는 평타가 좀더 빨리 미는것 같아보이긴 하는데, 혹시 고수님들 계실까요?",오늘 스킬2번째 열엇는데 궁수는 폭시랑 평타중에 어떤거 하면 될까요? 일반 사냥돌릴때는 평타가 좀더 빨리 미는것 같아보이긴 하는데 혹시 고수님들 계실까요?,"['스킬', '번', '열', '궁', '수', '폭시랑', '평타', '중', '거', '하', '되', '일반', '사냥', '돌리', '때', '평타', '밀', '것', '같', '보이', '고수', '계시']",,,,,
1-bqJRQ3XTs,이게 그 신창섭의 은혜 어쩌구 인가?,0,2026-07-24 08:35:04+00:00,이게 그 신창섭의 은혜 어쩌구 인가?,이게 그 신창섭의 은혜 어쩌구 인가?,"['신창섭', '은혜', '어쩌']",,,,,
1-bqJRQ3XTs,"패치 제목 : 님들 이득보던거 다 막았습니다 ^ㅡ^ 아, 불편해하는거는 알빠노",0,2026-07-24 08:34:25+00:00,"패치 제목 : 님들 이득보던거 다 막았습니다 ^ㅡ^ 아, 불편해하는거는 알빠노",패치 제목 님들 이득보던거 다 막았습니다 ㅡ 아 불편해하는거는 알빠노,"['패치', '제목', '이득', '보', '거', '막', '불편', '거', '알빠노']",,,,,
1-bqJRQ3XTs,밸패 할수있는데도 일부러 안하고 미루고 도망치는 것을 매번 스스로 증명해내는 운영진 정말 달콤혀~,0,2026-07-24 08:19:12+00:00,밸패 할수있는데도 일부러 안하고 미루고 도망치는 것을 매번 스스로 증명해내는 운영진 정말 달콤혀~,밸패 할수있는데도 일부러 안하고 미루고 도망치는 것을 매번 스스로 증명해내는 운영진 정말 달콤혀,"['밸패', '하', '수', '있', '데', '하', '미루', '도망치', '것', '증명', '운영', '진', '혀']",,,,,
1-bqJRQ3XTs,컨버지 그립습니다...,0,2026-07-24 08:13:56+00:00,컨버지 그립습니다...,컨버지 그립습니다,"['컨버지', '그립']",,,,,
1-bqJRQ3XTs,레테 동꼽이 있었어?,0,2026-07-24 08:11:31+00:00,레테 동꼽이 있었어?,레테 동꼽이 있었어?,"['레테', '동꼽', '있']",,,,,
1cljEsT6jck,궁수 무기 잠재에서 마력 뜨게 해놨네 ㅋㅋㅋ 지독하다 지독해,0,2026-07-24 07:39:56+00:00,궁수 무기 잠재에서 마력 뜨게 해놨네 ㅋㅋㅋ 지독하다 지독해,궁수 무기 잠재에서 마력 뜨게 해놨네 ㅋㅋ 지독하다 지독해,"['궁수', '무기', '잠재', '마력', '뜨']",,,,,
1-bqJRQ3XTs,동꼽사냥은 막는게 맞지않음? 왜 욕하는거임,0,2026-07-24 07:33:59+00:00,동꼽사냥은 막는게 맞지않음? 왜 욕하는거임,동꼽사냥은 막는게 맞지않음? 왜 욕하는거임,"['동꼽사냥', '막', '것', '맞', '욕', '거']",,,,,
1-bqJRQ3XTs,레테안해서 나이스요,0,2026-07-24 07:18:50+00:00,레테안해서 나이스요,레테안해서 나이스요,"['레테', '하', '나이스']",,,,,
1-bqJRQ3XTs,패파 신규스킬 쓰면 더 약해지는 버그 없애줘요 ㅎ,0,2026-07-24 07:13:07+00:00,패파 신규스킬 쓰면 더 약해지는 버그 없애줘요 ㅎ,패파 신규스킬 쓰면 더 약해지는 버그 없애줘요 ㅎ,"['패파', '신규', '스킬', '쓰', '약하', '버그', '없애']",,,,,
1-bqJRQ3XTs,아오 바로막노,0,2026-07-24 07:10:52+00:00,아오 바로막노,아오 바로막노,['막'],,,,,
1cljEsT6jck,본섭 울티마 스쿼드 공략 기다림,0,2026-07-24 07:03:59+00:00,본섭 울티마 스쿼드 공략 기다림,본섭 울티마 스쿼드 공략 기다림,"['본섭', '울티마', '스쿼드', '공략', '기다리']",,,,,
1-bqJRQ3XTs,사냥하면서 보라고 경매장이랑 울티마 스쿼드 만들어놓고 이거키면 거탐뜬것처럼 공격받고있습니다 이거 띄우는거 개빡침,0,2026-07-24 06:42:08+00:00,사냥하면서 보라고 경매장이랑 울티마 스쿼드 만들어놓고 이거키면 거탐뜬것처럼 공격받고있습니다 이거 띄우는거 개빡침,사냥하면서 보라고 경매장이랑 울티마 스쿼드 만들어놓고 이거키면 거탐뜬것처럼 공격받고있습니다 이거 띄우는거 개빡침,"['사냥', '보', '경매장', '울티마', '스쿼드', '만들', '키', '탐', '뜨', '것', '공격', '받', '띄우', '거', '개빡침']",,,,,
1-bqJRQ3XTs,컨버지 어찌 그렇게 사셨나요,0,2026-07-24 06:32:28+00:00,컨버지 어찌 그렇게 사셨나요,컨버지 어찌 그렇게 사셨나요,"['컨버지', '그렇', '사']",,,,,
1-bqJRQ3XTs,편의성으로하는직업스킬들은 싹고치고 직업관련버그는고치지도않으면서 진짜누구대가리에서저딴발상이나오는지궁금하네 운영진들이 직업이해도가없어 월급왜받노,0,2026-07-24 06:28:34+00:00,편의성으로하는직업스킬들은 싹고치고 직업관련버그는고치지도않으면서 진짜누구대가리에서저딴발상이나오는지궁금하네 운영진들이 직업이해도가없어 월급왜받노,편의성으로하는직업스킬들은 싹고치고 직업관련버그는고치지도않으면서 진짜누구대가리에서저딴발상이나오는지궁금하네 운영진들이 직업이해도가없어 월급왜받노,"['편의', '하', '직업', '스킬', '고치', '직업', '관련', '버그', '고치', '대가리', '발상', '나오', '운영', '진', '직업', '이해도', '없', '월급', '받']",,,,,
1-bqJRQ3XTs,1분 30초는 좀 살려주지 너무하네,0,2026-07-24 06:23:27+00:00,1분 30초는 좀 살려주지 너무하네,1분 30초는 좀 살려주지 너무하네,"['분', '초', '살리', '하']",,,,,
1-bqJRQ3XTs,레테 동꼽사냥 한번도 안해봤으면 개추 ㅋㅋ,0,2026-07-24 06:16:43+00:00,레테 동꼽사냥 한번도 안해봤으면 개추 ㅋㅋ,레테 동꼽사냥 한번도 안해봤으면 개추 ㅋㅋ,"['레테', '동꼽사냥', '번', '하', '개', '추']",,,,,
1-bqJRQ3XTs,"메이플 뭐 키우고 싶은 직업 키우라는 말 이제 의미 없는듯, 내가 신궁 키우고싶어서 키웠는데 어떻게 주변에서 하는말이 보마랑 디게 차별 당하는게 ㄹㅇ 석나가네",1,2026-07-24 06:04:38+00:00,"메이플 뭐 키우고 싶은 직업 키우라는 말 이제 의미 없는듯, 내가 신궁 키우고싶어서 키웠는데 어떻게 주변에서 하는말이 보마랑 디게 차별 당하는게 ㄹㅇ 석나가네",메이플 뭐 키우고 싶은 직업 키우라는 말 이제 의미 없는듯 내가 신궁 키우고싶어서 키웠는데 어떻게 주변에서 하는말이 보마랑 디게 차별 당하는게 ㄹㅇ 석나가네,"['메이플', '키우', '직업', '키우', '말', '의미', '없', '듯', '신궁', '키우', '키우', '어떻', '주변', '하', '말', '보마', '차별', '당하', '것', '석', '나가']",,,,,
1-bqJRQ3XTs,동꼽은 막아야지 ㅋㅋㅋㅋㅋ,0,2026-07-24 05:58:33+00:00,동꼽은 막아야지 ㅋㅋㅋㅋㅋ,동꼽은 막아야지 ㅋㅋ,"['동', '꼽', '막']",,,,,
1-bqJRQ3XTs,뭣 컨버지 매크로에 못넣게 바꾸다니 이런!,0,2026-07-24 05:49:05+00:00,뭣 컨버지 매크로에 못넣게 바꾸다니 이런!,뭣 컨버지 매크로에 못넣게 바꾸다니 이런,"['컨버지', '매크로', '넣', '바꾸']",,,,,
1-bqJRQ3XTs,"키입력 그거 빠름으로 해놓으니까 로드오브다이스 두번 눌러져서 선택이 안됨 
보통으로 바꾸니까 되더라
확실히 쓰고 안쓰고가 차이가 있음",0,2026-07-24 05:47:21+00:00,"키입력 그거 빠름으로 해놓으니까 로드오브다이스 두번 눌러져서 선택이 안됨 
보통으로 바꾸니까 되더라
확실히 쓰고 안쓰고가 차이가 있음",키입력 그거 빠름으로 해놓으니까 로드오브다이스 두번 눌러져서 선택이 안됨 보통으로 바꾸니까 되더라 확실히 쓰고 안쓰고가 차이가 있음,"['키', '입력', '빠르', '하', '로드오브다이스', '번', '누르', '선택', '되', '보통', '바꾸', '되', '쓰', '쓰', '차이', '있']",,,,,
1-bqJRQ3XTs,누가 봐도 비정상적인 메르 이르칼라 중 리레 웨펍 스위칭은 방치해서 멍석말이 당하게 냅두고 너프 연달아 시전하더니 이번 캔슬은 칼같이 막아버리네 개같다 진짜,0,2026-07-24 05:33:04+00:00,누가 봐도 비정상적인 메르 이르칼라 중 리레 웨펍 스위칭은 방치해서 멍석말이 당하게 냅두고 너프 연달아 시전하더니 이번 캔슬은 칼같이 막아버리네 개같다 진짜,누가 봐도 비정상적인 메르 이르칼라 중 리레 웨펍 스위칭은 방치해서 멍석말이 당하게 냅두고 너프 연달아 시전하더니 이번 캔슬은 칼같이 막아버리네 개같다 진짜,"['보', '정상', '메르', '이르칼라', '중', '리레', '웨펍', '스위칭', '방치', '멍석', '말', '당하', '냅두', '너프', '연달', '시전', '이번', '캔', '칼', '막', '개', '같']",,,,,
8AQzaI4T3Ic,엔버는 걍 개선해주고 4퍼대 코어 받아도 어쩌피 dpm 순위 조또 변화 없는거 아니냐 굳이 고치면서 딜을 깎아내서 서운하게하네,0,2026-07-24 05:21:48+00:00,엔버는 걍 개선해주고 4퍼대 코어 받아도 어쩌피 dpm 순위 조또 변화 없는거 아니냐 굳이 고치면서 딜을 깎아내서 서운하게하네,엔버는 걍 개선해주고 4퍼대 코어 받아도 어쩌피 dpm 순위 조또 변화 없는거 아니냐 굳이 고치면서 딜을 깎아내서 서운하게하네,"['엔버', '개선', '퍼', '대', '코어', '받', '어쩌', '피', '순위', '조', '변화', '없', '거', '고치', '딜', '깎']",,,,,
1-bqJRQ3XTs,맆토거다같은 느낌인데 막았네ㄷㄷ,0,2026-07-24 05:08:07+00:00,맆토거다같은 느낌인데 막았네ㄷㄷ,맆토거다같은 느낌인데 막았네ㄷㄷ,"['맆토거다', '같', '느낌', '막']",,,,,
1-bqJRQ3XTs,오전패치 사료 내놔,0,2026-07-24 04:59:26+00:00,오전패치 사료 내놔,오전패치 사료 내놔,"['오전', '패치', '사료', '내']",,,,,
1-bqJRQ3XTs,이거 수정하려고.. 난 피시방에 게임 켜두지도 못하고 출근한건가..,0,2026-07-24 04:49:57+00:00,이거 수정하려고.. 난 피시방에 게임 켜두지도 못하고 출근한건가..,이거 수정하려고 난 피시방에 게임 켜두지도 못하고 출근한건가,"['수정', '피시', '방', '게임', '켜', '출근', '거']",,,,,
1cljEsT6jck,이거 애들 생긴거 어케바꿈?,0,2026-07-24 04:47:08+00:00,이거 애들 생긴거 어케바꿈?,이거 애들 생긴거 어케바꿈?,"['애', '생기', '거', '바꾸']",,,,,
1-bqJRQ3XTs,동꼽은 잘고쳤네요,0,2026-07-24 04:40:22+00:00,동꼽은 잘고쳤네요,동꼽은 잘고쳤네요,"['동꼽', '고치']",,,,,
1-bqJRQ3XTs,아 전혀 몰랐던 컨버지면 뭐~ ㅋㅋ,1,2026-07-24 04:40:04+00:00,아 전혀 몰랐던 컨버지면 뭐~ ㅋㅋ,아 전혀 몰랐던 컨버지면 뭐 ㅋㅋ,"['모르', '컨버지']",,,,,
1-bqJRQ3XTs,"동꼽으로 징징대는 애들이해안감 사실상 매크로수준인데 ㅋㅋ
그리고 아예막힌게아니라 6분되던게 1분된거라매",0,2026-07-24 04:36:32+00:00,"동꼽으로 징징대는 애들이해안감 사실상 매크로수준인데 ㅋㅋ
그리고 아예막힌게아니라 6분되던게 1분된거라매",동꼽으로 징징대는 애들이해안감 사실상 매크로수준인데 ㅋㅋ 그리고 아예막힌게아니라 6분되던게 1분된거라매,"['동꼽', '애', '이해', '가', '사실', '매크로', '수준', '막히', '것', '분', '것', '분', '거', '하']",,,,,
1-bqJRQ3XTs,카웅 바인드 버그같은건 도데체 누가 알아보고 제보하는걸까 신기하네,0,2026-07-24 04:36:27+00:00,카웅 바인드 버그같은건 도데체 누가 알아보고 제보하는걸까 신기하네,카웅 바인드 버그같은건 도데체 누가 알아보고 제보하는걸까 신기하네,"['카웅', '바인드', '버그', '같', '거', '도데체', '알', '제보', '거', '신기하']",,,,,
1-bqJRQ3XTs,감히 유저가 이득을 보겠다고????? 멈------춰---------라------,1,2026-07-24 04:35:06+00:00,감히 유저가 이득을 보겠다고????? 멈------춰---------라------,감히 유저가 이득을 보겠다고?? 멈 춰 라,"['유저', '이득', '보', '멈', '추', '라']",,,,,
1-bqJRQ3XTs,셀레스티얼 클리브 1타 2타 시간차이 크게 없드만 한번만 누르면 두번 다 나가게 해줘라 제발,0,2026-07-24 04:17:34+00:00,셀레스티얼 클리브 1타 2타 시간차이 크게 없드만 한번만 누르면 두번 다 나가게 해줘라 제발,셀레스티얼 클리브 1타 2타 시간차이 크게 없드만 한번만 누르면 두번 다 나가게 해줘라 제발,"['셀레스티얼', '클리브', '1타', '2타', '시간차이', '크', '없', '번', '누르', '번', '나가']",,,,,
1-bqJRQ3XTs,이득보는 버그가 아니라 의도가 아니면 고쳐야지 줫나 찡찡대네 법도 없애 달라해라 ㅋㅋㅋ,0,2026-07-24 04:09:37+00:00,이득보는 버그가 아니라 의도가 아니면 고쳐야지 줫나 찡찡대네 법도 없애 달라해라 ㅋㅋㅋ,이득보는 버그가 아니라 의도가 아니면 고쳐야지 줫나 찡찡대네 법도 없애 달라해라 ㅋㅋ,"['이득', '보', '버그', '의도', '고치', '주', '대', '법', '없애', '하']",,,,,
1-bqJRQ3XTs,바닥 뚫고 텔포하는 거 버그였어????,0,2026-07-24 04:08:05+00:00,바닥 뚫고 텔포하는 거 버그였어????,바닥 뚫고 텔포하는 거 버그였어??,"['바닥', '뚫', '텔포', '하', '거', '버그']",,,,,
1-bqJRQ3XTs,직업 버그 구조는 안고치고 미루면서 이득이 되는 행동은 바로 막네,10,2026-07-24 04:07:45+00:00,직업 버그 구조는 안고치고 미루면서 이득이 되는 행동은 바로 막네,직업 버그 구조는 안고치고 미루면서 이득이 되는 행동은 바로 막네,"['직업', '버그', '구조', '고치', '미루', '이득', '되', '행동', '막']",,,,,
1-bqJRQ3XTs,이번편은 내직업이없어서 20초컷함..,0,2026-07-24 04:06:46+00:00,이번편은 내직업이없어서 20초컷함..,이번편은 내직업이없어서 20초컷함,"['이번', '편', '직업', '없', '초', '컷']",,,,,
1-bqJRQ3XTs,메르 연계 막을 시간에 플위 극딜 설치기 2개만 시퀀스에 넣어줘도 겜잘알 소리 듣겠다,0,2026-07-24 04:03:38+00:00,메르 연계 막을 시간에 플위 극딜 설치기 2개만 시퀀스에 넣어줘도 겜잘알 소리 듣겠다,메르 연계 막을 시간에 플위 극딜 설치기 2개만 시퀀스에 넣어줘도 겜잘알 소리 듣겠다,"['메르', '연계', '막', '시간', '플위', '극딜', '설치기', '개', '시퀀스', '넣', '겜잘알', '소리', '듣']",,,,,
1-bqJRQ3XTs,겜안분들이 유저 이득보는 패치는 기가막히게 잘라요,0,2026-07-24 04:03:06+00:00,겜안분들이 유저 이득보는 패치는 기가막히게 잘라요,겜안분들이 유저 이득보는 패치는 기가막히게 잘라요,"['겜안', '분', '유저', '이득', '보', '패치', '기', '막히', '자르']",,,,,
1-bqJRQ3XTs,동꼽이됐었어? 당연히막아야지,0,2026-07-24 04:02:55+00:00,동꼽이됐었어? 당연히막아야지,동꼽이됐었어? 당연히막아야지,"['동꼽', '되', '막']",,,,,
1-bqJRQ3XTs,"라 라 버 그 있 는 줄 알 면 좀 딜 압 축 해 달 라 고 ! ! ! !
라 잔 연 기 습 시 위 ! ! !",0,2026-07-24 03:57:35+00:00,"라 라 버 그 있 는 줄 알 면 좀 딜 압 축 해 달 라 고 ! ! ! !
라 잔 연 기 습 시 위 ! ! !",라 라 버 그 있 는 줄 알 면 좀 딜 압 축 해 달 라 고 라 잔 연 기 습 시 위,"['라', '라', '버', '있', '줄', '알', '딜', '압', '축', '하', '라', '잔', '기', '습', '위']",,,,,
1-bqJRQ3XTs,샤발 제발 블래스터 신규 스킬 개선좀 해주세요 누를 게 더 늘었어,0,2026-07-24 03:36:19+00:00,샤발 제발 블래스터 신규 스킬 개선좀 해주세요 누를 게 더 늘었어,샤발 제발 블래스터 신규 스킬 개선좀 해주세요 누를 게 더 늘었어,"['샤발', '블래스터', '신규', '스킬', '개선', '하', '누르', '것', '늘']",,,,,
1-bqJRQ3XTs,동꼽되는지도 몰랐던 메붕이,0,2026-07-24 03:31:25+00:00,동꼽되는지도 몰랐던 메붕이,동꼽되는지도 몰랐던 메붕이,"['동꼽', '되', '모르', '메붕']",,,,,
1-bqJRQ3XTs,레테 텔포 바닥 뚫는거 여전한거같은데,0,2026-07-24 03:29:45+00:00,레테 텔포 바닥 뚫는거 여전한거같은데,레테 텔포 바닥 뚫는거 여전한거같은데,"['레테', '텔', '포', '바닥', '뚫', '거', '거', '같']",,,,,
1-bqJRQ3XTs,"화장실용 1분 동꼽이 막혔다에...놀랐는데
남들은 8분을 하고있었따고?! 어케!?!!",0,2026-07-24 03:28:11+00:00,"화장실용 1분 동꼽이 막혔다에...놀랐는데
남들은 8분을 하고있었따고?! 어케!?!!",화장실용 1분 동꼽이 막혔다에 놀랐는데 남들은 8분을 하고있었따고? 어케 ?,"['화장실', '분', '동꼽', '막히', '놀라', '남', '분', '하', '따', '하']",,,,,
1-bqJRQ3XTs,동꼽이 뭔지모르는 매린이 그져웃기만 할뿐이내요,0,2026-07-24 03:21:20+00:00,동꼽이 뭔지모르는 매린이 그져웃기만 할뿐이내요,동꼽이 뭔지모르는 매린이 그져웃기만 할뿐이내요,"['동꼽', '모르', '매', '린', '지', '웃', '뿐']",,,,,
1cljEsT6jck,"8:35 잠재능력 2줄이 뜸? 난 큐브 돌려도 1줄만 뜨던데... 패치 된건가?
아 3단계 장비부터 잠재능력 2줄 뜨네 큐브 아낄걸 ㅋㅋㅋㅋ",0,2026-07-24 03:14:21+00:00,"8:35 잠재능력 2줄이 뜸? 난 큐브 돌려도 1줄만 뜨던데... 패치 된건가?
아 3단계 장비부터 잠재능력 2줄 뜨네 큐브 아낄걸 ㅋㅋㅋㅋ",8 35 잠재능력 2줄이 뜸? 난 큐브 돌려도 1줄만 뜨던데 패치 된건가? 아 3단계 장비부터 잠재능력 2줄 뜨네 큐브 아낄걸 ㅋㅋ,"['잠재', '능력', '줄', '뜨', '큐브', '돌리', '줄', '뜨', '패치', '되', '거', '단계', '장비', '잠재', '능력', '줄', '뜨', '큐브', '아끼']",,,,,
1-bqJRQ3XTs,아따 유저들이 의도하지 않은걸로 이득보는건 절대 두고 못본다니께요,6,2026-07-24 03:12:33+00:00,아따 유저들이 의도하지 않은걸로 이득보는건 절대 두고 못본다니께요,아따 유저들이 의도하지 않은걸로 이득보는건 절대 두고 못본다니께요,"['유저', '의도', '걸', '이득', '보', '거', '두', '보']",,,,,
1-bqJRQ3XTs,얌마 니네들 확률주작 또 터졌다매 그거나 어케좀 해봐 ㅋㅋㅋㅋㅋ 메키랑 번갈아터지는 꼬라지,1,2026-07-24 03:11:18+00:00,얌마 니네들 확률주작 또 터졌다매 그거나 어케좀 해봐 ㅋㅋㅋㅋㅋ 메키랑 번갈아터지는 꼬라지,얌마 니네들 확률주작 또 터졌다매 그거나 어케좀 해봐 ㅋㅋ 메키랑 번갈아터지는 꼬라지,"['얌마', '확률주작', '터지', '하', '하', '메', '키', '터지', '꼬라지']",,,,,
1-bqJRQ3XTs,ㅋㅋㅋ레테유저인데 처음알았네 나도 좀 알려주지…지들만꿀빨네,2,2026-07-24 02:55:10+00:00,ㅋㅋㅋ레테유저인데 처음알았네 나도 좀 알려주지…지들만꿀빨네,ㅋㅋ레테유저인데 처음알았네 나도 좀 알려주지 지들만꿀빨네,"['레테', '유저', '처음', '알', '알리', '꿀', '빨']",,,,,
1-bqJRQ3XTs,썬콜 필터키 빠름 적용하고 썬브쓰면 mp반토막나면서 오버로드마나가 꺼져요..수정부탁드립니다 창섭이형,0,2026-07-24 02:50:55+00:00,썬콜 필터키 빠름 적용하고 썬브쓰면 mp반토막나면서 오버로드마나가 꺼져요..수정부탁드립니다 창섭이형,썬콜 필터키 빠름 적용하고 썬브쓰면 mp반토막나면서 오버로드마나가 꺼져요 수정부탁드립니다 창섭이형,"['썬', '콜', '필터', '키', '빠르', '적용', '썬브', '쓰', '반토막', '나', '오버로드', '나가', '꺼지', '수정', '부탁드리', '창섭', '형']",,,,,
1-bqJRQ3XTs,"직업 버그는 년단위 방치
조금이라도 이득보는 버그는 하루컷 ㅋㅋㅋㅋ",66,2026-07-24 02:43:24+00:00,"직업 버그는 년단위 방치
조금이라도 이득보는 버그는 하루컷 ㅋㅋㅋㅋ",직업 버그는 년단위 방치 조금이라도 이득보는 버그는 하루컷 ㅋㅋ,"['직업', '버그', '년', '단위', '방치', '조금', '이득', '보', '버그', '하루', '컷']",,,,,
1-bqJRQ3XTs,유저들 이득보는건 귀신같이 빨리 막아버리네요~~~ 밸패나 똑바로 하지,0,2026-07-24 02:40:03+00:00,유저들 이득보는건 귀신같이 빨리 막아버리네요~~~ 밸패나 똑바로 하지,유저들 이득보는건 귀신같이 빨리 막아버리네요 밸패나 똑바로 하지,"['유저', '이득', '보', '거', '귀신', '막', '밸패', '하']",,,,,
1cljEsT6jck,걍 태스크바 히어로 개대박치니까 바로 따라서 만든거같은 느낌인데 시스템이 거의 흡사함 ㅋㅋㅋㅋㅋ,0,2026-07-24 02:37:30+00:00,걍 태스크바 히어로 개대박치니까 바로 따라서 만든거같은 느낌인데 시스템이 거의 흡사함 ㅋㅋㅋㅋㅋ,걍 태스크바 히어로 개대박치니까 바로 따라서 만든거같은 느낌인데 시스템이 거의 흡사함 ㅋㅋ,"['태스크', '바', '히어로', '개', '박', '치', '따르', '만들', '거', '같', '느낌', '시스템']",,,,,
1-bqJRQ3XTs,동꼽하는놈들은 그거 조차 누르기 싫으면 게임 왜함?ㅋㅋㅋㅋㅋ,0,2026-07-24 02:35:31+00:00,동꼽하는놈들은 그거 조차 누르기 싫으면 게임 왜함?ㅋㅋㅋㅋㅋ,동꼽하는놈들은 그거 조차 누르기 싫으면 게임 왜함?ㅋㅋ,"['동꼽', '하', '놈', '누르', '싫', '게임', '하']",,,,,
1-bqJRQ3XTs,레테가 텔포 버그가 있었어? 전혀 모르던 사실인데 근데 메르나 엔버 스킬 패치 보면 운영진에 해당 직업들 혐오자라도 있나ㅋㅋ 유독 둘은 좋은걸 못보네,4,2026-07-24 02:32:46+00:00,레테가 텔포 버그가 있었어? 전혀 모르던 사실인데 근데 메르나 엔버 스킬 패치 보면 운영진에 해당 직업들 혐오자라도 있나ㅋㅋ 유독 둘은 좋은걸 못보네,레테가 텔포 버그가 있었어? 전혀 모르던 사실인데 근데 메르나 엔버 스킬 패치 보면 운영진에 해당 직업들 혐오자라도 있나ㅋㅋ 유독 둘은 좋은걸 못보네,"['레테', '가', '텔', '포', '버그', '있', '모르', '사실', '메르나', '엔버', '스킬', '패치', '보', '운영', '진', '해당', '직업', '혐오자', '있', '좋', '거', '보']",,,,,
XZBgcl-FPyk,"특수지원상자 레전더리 보상 
솔에르다기운 4
희미한 솔에르다 20 
이렇게 먹었습니다 경험치는 확인못함..",0,2026-07-24 02:32:13+00:00,"특수지원상자 레전더리 보상 
솔에르다기운 4
희미한 솔에르다 20 
이렇게 먹었습니다 경험치는 확인못함..",특수지원상자 레전더리 보상 솔에르다기운 4 희미한 솔에르다 20 이렇게 먹었습니다 경험치는 확인못함,"['특수', '지원', '상자', '레전더리', '보상', '솔에르다', '기운', '솔에르', '이렇', '먹', '경험치', '확인', '하']",,,,,
1-bqJRQ3XTs,동꼽 내가 20년전 리본돼지 사냥했을때 쓰던방법인데 이제야 막힌다고?ㅋㅋㅋㅋㅋ,1,2026-07-24 02:27:27+00:00,동꼽 내가 20년전 리본돼지 사냥했을때 쓰던방법인데 이제야 막힌다고?ㅋㅋㅋㅋㅋ,동꼽 내가 20년전 리본돼지 사냥했을때 쓰던방법인데 이제야 막힌다고?ㅋㅋ,"['동꼽', '년', '전', '리본', '돼지', '사냥', '때', '쓰', '방법', '막히']",,,,,
1-bqJRQ3XTs,6분 동꼽은 개버그 맞는데 1분까진 해주면 안 되나...ㅠㅠㅠ,3,2026-07-24 02:20:33+00:00,6분 동꼽은 개버그 맞는데 1분까진 해주면 안 되나...ㅠㅠㅠ,6분 동꼽은 개버그 맞는데 1분까진 해주면 안 되나 ㅠㅠ,"['분', '동', '꼽', '개버그', '맞', '분', '하', '되']",,,,,
1-bqJRQ3XTs,동꼽은 패치해야지 ㅋㅋㅋ,1,2026-07-24 02:20:02+00:00,동꼽은 패치해야지 ㅋㅋㅋ,동꼽은 패치해야지 ㅋㅋ,"['동', '꼽', '패치']",,,,,
1-bqJRQ3XTs,썬콜 반복키 빠름 설정하고 주썬 썬브 하면 마나 반토막씩 날라가서 옵드 꺼지는 버그나 좀 해결해주세요.. 창섭이형,3,2026-07-24 02:17:36+00:00,썬콜 반복키 빠름 설정하고 주썬 썬브 하면 마나 반토막씩 날라가서 옵드 꺼지는 버그나 좀 해결해주세요.. 창섭이형,썬콜 반복키 빠름 설정하고 주썬 썬브 하면 마나 반토막씩 날라가서 옵드 꺼지는 버그나 좀 해결해주세요 창섭이형,"['썬', '콜', '반복', '키', '빠르', '설정', '주썬', '썬브', '하', '반', '토막', '나르', '옵드', '꺼지', '버그', '해결', '창섭', '형']",,,,,
1-bqJRQ3XTs,메르 진짜 버벅버벅 연계하기 어려운데... 스킬을 왜 저렇게 준거냐고... 안 그래도 손 바쁜데... 라기엔 카데나나 블래보단 낫나 싶기도 하고...,0,2026-07-24 02:16:22+00:00,메르 진짜 버벅버벅 연계하기 어려운데... 스킬을 왜 저렇게 준거냐고... 안 그래도 손 바쁜데... 라기엔 카데나나 블래보단 낫나 싶기도 하고...,메르 진짜 버벅버벅 연계하기 어려운데 스킬을 왜 저렇게 준거냐고 안 그래도 손 바쁜데 라기엔 카데나나 블래보단 낫나 싶기도 하고,"['메르', '버벅', '버벅', '연계', '어렵', '스킬', '저렇', '주', '거', '그렇', '손', '바쁘', '데', '하', '카데나', '블래', '낫']",,,,,
1-bqJRQ3XTs,ㄹㅇ 이따위 패치 하겠다고 울티마 스쿼드 끄게 만든거임?,10,2026-07-24 02:14:26+00:00,ㄹㅇ 이따위 패치 하겠다고 울티마 스쿼드 끄게 만든거임?,ㄹㅇ 이따위 패치 하겠다고 울티마 스쿼드 끄게 만든거임?,"['패치', '하', '울티마', '스쿼드', '끄', '만들', '거']",,,,,
1-bqJRQ3XTs,시퀀스를 낸이유가 번거러움없에려고 아닌가? 근데 왜 다시 번거롭게 만들지 신캐들은 딸깍딸깍으로 만들면서 이해가 안되네 ㅋㅋㅋㅋㅋㅋ,2,2026-07-24 02:12:53+00:00,시퀀스를 낸이유가 번거러움없에려고 아닌가? 근데 왜 다시 번거롭게 만들지 신캐들은 딸깍딸깍으로 만들면서 이해가 안되네 ㅋㅋㅋㅋㅋㅋ,시퀀스를 낸이유가 번거러움없에려고 아닌가? 근데 왜 다시 번거롭게 만들지 신캐들은 딸깍딸깍으로 만들면서 이해가 안되네 ㅋㅋ,"['시퀀스', '내', '이유', '번거러움없', '번거롭', '만들', '신캐', '만들', '이해', '되']",,,,,
1-bqJRQ3XTs,어메이징 똥창섭,1,2026-07-24 02:12:25+00:00,어메이징 똥창섭,어메이징 똥창섭,"['어메이징', '똥창섭']",,,,,
1-bqJRQ3XTs,섀도어 무아지경 꼬락서니나 고쳐라,3,2026-07-24 02:12:07+00:00,섀도어 무아지경 꼬락서니나 고쳐라,섀도어 무아지경 꼬락서니나 고쳐라,"['섀도어', '무아지경', '꼬락서니', '고치']",,,,,
1-bqJRQ3XTs,1:11 버그였어?!,27,2026-07-24 02:11:10+00:00,1:11 버그였어?!,1 11 버그였어?,['버그'],,,,,
1-bqJRQ3XTs,다른건 몰라도 레테는 ㄹㅇ 개날먹중이었네 ㅋㅋㅋㅋㅋ,0,2026-07-24 02:10:53+00:00,다른건 몰라도 레테는 ㄹㅇ 개날먹중이었네 ㅋㅋㅋㅋㅋ,다른건 몰라도 레테는 ㄹㅇ 개날먹중이었네 ㅋㅋ,"['거', '모르', '레테', '개날먹중이었네']",,,,,
1-bqJRQ3XTs,메르는 왜 항상 이러냐 ㅡㅡ,0,2026-07-24 02:05:55+00:00,메르는 왜 항상 이러냐 ㅡㅡ,메르는 왜 항상 이러냐 ㅡㅡ,"['메르', '이러']",,,,,
1-bqJRQ3XTs,동꼽이 되는걸 처음 알았고 텔포가 버그인 것도 처음 알았다 ㅋㅋ 이왕 해줄거면 대각선텔로 올라가게 좀 해줘,17,2026-07-24 02:01:16+00:00,동꼽이 되는걸 처음 알았고 텔포가 버그인 것도 처음 알았다 ㅋㅋ 이왕 해줄거면 대각선텔로 올라가게 좀 해줘,동꼽이 되는걸 처음 알았고 텔포가 버그인 것도 처음 알았다 ㅋㅋ 이왕 해줄거면 대각선텔로 올라가게 좀 해줘,"['동꼽', '되', '거', '처음', '알', '텔', '포', '버그', '것', '처음', '알', '하', '거', '대각선', '텔', '올라가', '하']",,,,,
1-bqJRQ3XTs,하... 와헌 신규스킬코어 평타누르면서 커맨드로 나가게 해주라 딜 더 달라고 안할테니 ㅠㅠ,0,2026-07-24 01:54:54+00:00,하... 와헌 신규스킬코어 평타누르면서 커맨드로 나가게 해주라 딜 더 달라고 안할테니 ㅠㅠ,하 와헌 신규스킬코어 평타누르면서 커맨드로 나가게 해주라 딜 더 달라고 안할테니 ㅠㅠ,"['신규스킬코어', '평', '타', '누르', '커맨드', '나가', '딜', '달', '하', '터']",,,,,
1-bqJRQ3XTs,여기 영상 브금 뭔지 아시는 분 계신가요 ??,2,2026-07-24 01:50:46+00:00,여기 영상 브금 뭔지 아시는 분 계신가요 ??,여기 영상 브금 뭔지 아시는 분 계신가요 ??,"['영상', '브금', '분', '계시']",,,,,
1-bqJRQ3XTs,레테 동꼽 니네만 알았냐????,5,2026-07-24 01:49:10+00:00,레테 동꼽 니네만 알았냐????,레테 동꼽 니네만 알았냐??,"['레테', '동', '알']",,,,,
1-bqJRQ3XTs,유저 이득보는건 바로고치고 밸패는방치❤,237,2026-07-24 01:48:48+00:00,유저 이득보는건 바로고치고 밸패는방치❤,유저 이득보는건 바로고치고 밸패는방치,"['유저', '이득', '보', '거', '고치', '밸패', '방치']",,,,,
1-bqJRQ3XTs,레테 대각텔 아랫점 대신 되는게 막힌건가? 그게 진짜 개꿀이였는데.. 아랫점 딜레이 없이 이동되서...,2,2026-07-24 01:48:29+00:00,레테 대각텔 아랫점 대신 되는게 막힌건가? 그게 진짜 개꿀이였는데.. 아랫점 딜레이 없이 이동되서...,레테 대각텔 아랫점 대신 되는게 막힌건가? 그게 진짜 개꿀이였는데 아랫점 딜레이 없이 이동되서,"['레테', '대각텔', '아랫', '점', '대신', '되', '것', '막히', '거', '개', '꿀', '아랫', '점', '딜레이', '이동', '되']",,,,,
1-bqJRQ3XTs,동꼽 그거 해봤자 1분 언저리인걸 뭐 라면 한 수저 뜰 시간도 안주겠다는거냐...,0,2026-07-24 01:47:46+00:00,동꼽 그거 해봤자 1분 언저리인걸 뭐 라면 한 수저 뜰 시간도 안주겠다는거냐...,동꼽 그거 해봤자 1분 언저리인걸 뭐 라면 한 수저 뜰 시간도 안주겠다는거냐,"['동꼽', '하', '분', '언저리', '거', '라면', '수저', '뜨', '시간', '주', '거']",,,,,
1-bqJRQ3XTs,ㅋㅋㅋㅋㅋㅋㅋㅋㅋㅋㅋㅋㅋ메르 캔슬 바로 짤라버리네 진짜 경이롭다,42,2026-07-24 01:46:37+00:00,ㅋㅋㅋㅋㅋㅋㅋㅋㅋㅋㅋㅋㅋ메르 캔슬 바로 짤라버리네 진짜 경이롭다,ㅋㅋ메르 캔슬 바로 짤라버리네 진짜 경이롭다,"['메르', '캔슬', '짜르', '경이']",,,,,
1-bqJRQ3XTs,1:06 컨버지 이제야 깨달아요,90,2026-07-24 01:43:18+00:00,1:06 컨버지 이제야 깨달아요,1 06 컨버지 이제야 깨달아요,"['컨버지', '깨닫']",,,,,
1-bqJRQ3XTs,어쩐지 릴스로 레테 동꼽 개많이올라온다햇다,0,2026-07-24 01:42:09+00:00,어쩐지 릴스로 레테 동꼽 개많이올라온다햇다,어쩐지 릴스로 레테 동꼽 개많이올라온다햇다,"['릴스', '레테', '동', '꼽', '개', '올라오', '하']",,,,,
1-bqJRQ3XTs,ㅅㅂ 진짜 죽이고 싶다 거다 캔슬 막는 거ㅋㅋㅋㅋㅋ 지들이 줫같은 스킬 냈으면서 캔슬 찾으면 처 막네,35,2026-07-24 01:40:04+00:00,ㅅㅂ 진짜 죽이고 싶다 거다 캔슬 막는 거ㅋㅋㅋㅋㅋ 지들이 줫같은 스킬 냈으면서 캔슬 찾으면 처 막네,ㅅㅂ 진짜 죽이고 싶다 거다 캔슬 막는 거ㅋㅋ 지들이 줫같은 스킬 냈으면서 캔슬 찾으면 처 막네,"['죽이', '거', '캔', '막', '거', '같', '스킬', '내', '캔', '찾', '처', '막']",,,,,
1-bqJRQ3XTs,메르 유저들 연계 리스크 조금 덜 방법 찾았다고 하더니 바로 막혔네,125,2026-07-24 01:38:05+00:00,메르 유저들 연계 리스크 조금 덜 방법 찾았다고 하더니 바로 막혔네,메르 유저들 연계 리스크 조금 덜 방법 찾았다고 하더니 바로 막혔네,"['메르', '유저', '연계', '리스크', '덜', '방법', '찾', '하', '막히']",,,,,
1-bqJRQ3XTs,동꼽이 됐었어..?,26,2026-07-24 01:35:57+00:00,동꼽이 됐었어..?,동꼽이 됐었어 ?,"['동꼽', '되']",,,,,
1-bqJRQ3XTs,그렇군,0,2026-07-24 01:35:05+00:00,그렇군,그렇군,['그렇'],,,,,
1-bqJRQ3XTs,ㅅㅂ 스쿼드 손실 어쩌라는겨,3,2026-07-24 01:32:15+00:00,ㅅㅂ 스쿼드 손실 어쩌라는겨,ㅅㅂ 스쿼드 손실 어쩌라는겨,"['스쿼드', '손실', '어쩌', '기']",,,,,
1-bqJRQ3XTs,레테 대각 텔포 진짜 개짜증났는데 고쳐줬네 대창섭,0,2026-07-24 01:28:53+00:00,레테 대각 텔포 진짜 개짜증났는데 고쳐줬네 대창섭,레테 대각 텔포 진짜 개짜증났는데 고쳐줬네 대창섭,"['레테', '대각', '텔', '포', '개', '짜증', '나', '고치', '대창섭']",,,,,
1-bqJRQ3XTs,아크 나이쨔,4,2026-07-24 01:26:54+00:00,아크 나이쨔,아크 나이쨔,"['아크', '나이쨔']",,,,,
1-bqJRQ3XTs,레테 텔포가 버그였구나,23,2026-07-24 01:26:22+00:00,레테 텔포가 버그였구나,레테 텔포가 버그였구나,"['레테', '텔', '포', '버그']",,,,,
1-bqJRQ3XTs,달달하네요,0,2026-07-24 01:26:04+00:00,달달하네요,달달하네요,['달달하'],,,,,
1-bqJRQ3XTs,😮,0,2026-07-24 01:25:54+00:00,😮,,[],,,,,
1-bqJRQ3XTs,이것때문에 스쿼드가 튕겼다고?,3,2026-07-24 01:25:52+00:00,이것때문에 스쿼드가 튕겼다고?,이것때문에 스쿼드가 튕겼다고?,"['때문', '스쿼드', '튕기']",,,,,
1-bqJRQ3XTs,😮,0,2026-07-24 01:25:26+00:00,😮,,[],,,,,
8AQzaI4T3Ic,수치 딸깍만 했지 거의 구조는 비슷한 거 같은데 이거 맞나,0,2026-07-24 01:12:18+00:00,수치 딸깍만 했지 거의 구조는 비슷한 거 같은데 이거 맞나,수치 딸깍만 했지 거의 구조는 비슷한 거 같은데 이거 맞나,"['수치', '딸', '하', '구조', '거', '같', '맞']",,,,,
1cljEsT6jck,1-9 깼습니다,0,2026-07-24 01:07:59+00:00,1-9 깼습니다,1 9 깼습니다,['깨'],,,,,
6bLaTCHm-8A,2:04  확인,0,2026-07-24 00:17:56+00:00,2:04  확인,2 04 확인,['확인'],,,,,
1cljEsT6jck,영상 자막 말고 목소리 나오는게는 안될까요 ㅜㅁ ㅜ 화면보면서 자막 따라가기 어려웡~ 소리로 반복해서 들어야 알아먹는 타입이라 ㅎㅎ;;,0,2026-07-23 23:47:50+00:00,영상 자막 말고 목소리 나오는게는 안될까요 ㅜㅁ ㅜ 화면보면서 자막 따라가기 어려웡~ 소리로 반복해서 들어야 알아먹는 타입이라 ㅎㅎ;;,영상 자막 말고 목소리 나오는게는 안될까요 ㅜㅁ ㅜ 화면보면서 자막 따라가기 어려웡 소리로 반복해서 들어야 알아먹는 타입이라 ㅎㅎ,"['영상', '자막', '말', '목소리', '나오', '것', '되', '화면', '보', '자막', '따라가', '어렵', '소리', '반복', '듣', '알아먹', '타입']",,,,,
1cljEsT6jck,스펙터 사라지고 나왔대서 경험치 관련인줄 알았는데 카오스 상점에 파는 경험치 exp 교환권이 전부인거죠? 효율면에선 저게 더 좋은건가,0,2026-07-23 23:47:48+00:00,스펙터 사라지고 나왔대서 경험치 관련인줄 알았는데 카오스 상점에 파는 경험치 exp 교환권이 전부인거죠? 효율면에선 저게 더 좋은건가,스펙터 사라지고 나왔대서 경험치 관련인줄 알았는데 카오스 상점에 파는 경험치 exp 교환권이 전부인거죠? 효율면에선 저게 더 좋은건가,"['스펙터', '사라지', '나오', '하', '경험', '관련', '줄', '알', '카오스', '상점', '파', '경험치', '교환', '전부', '거', '효율', '면', '좋', '거']",,,,,
1cljEsT6jck,솔직히 그냥 대충해도 대부분유저는 다 수급가능함ㅋㅋ,0,2026-07-23 22:24:23+00:00,솔직히 그냥 대충해도 대부분유저는 다 수급가능함ㅋㅋ,솔직히 그냥 대충해도 대부분유저는 다 수급가능함ㅋㅋ,"['하', '대부분', '유저', '수급', '가능']",,,,,
8AQzaI4T3Ic,나로 10.5 진작 8만까지 내리길 잘했다 ㅋㅋ,0,2026-07-23 20:59:11+00:00,나로 10.5 진작 8만까지 내리길 잘했다 ㅋㅋ,나로 10 5 진작 8만까지 내리길 잘했다 ㅋㅋ,"['나로', '진', '작', '내리']",,,,,
S_GT7ITncjw,영상 보고 하니깐 생각보다 금방 찾네요 감사합니다!,0,2026-07-23 20:51:18+00:00,영상 보고 하니깐 생각보다 금방 찾네요 감사합니다!,영상 보고 하니깐 생각보다 금방 찾네요 감사합니다,"['영상', '보', '생각', '찾', '감사']",,,,,
8AQzaI4T3Ic,엔버는 그여축때문인가 퍼뎀을 박살내놧네,0,2026-07-23 18:55:58+00:00,엔버는 그여축때문인가 퍼뎀을 박살내놧네,엔버는 그여축때문인가 퍼뎀을 박살내놧네,"['엔버', '여축', '때문', '퍼뎀', '박살', '내']",,,,,
8AQzaI4T3Ic,에픽던전 챌섭하고 본섭 횟수 통합됬던데 1회로 바뀌고 tq,1,2026-07-23 18:32:09+00:00,에픽던전 챌섭하고 본섭 횟수 통합됬던데 1회로 바뀌고 tq,에픽던전 챌섭하고 본섭 횟수 통합됬던데 1회로 바뀌고 tq,"['에픽던전', '챌섭', '하', '본섭', '횟수', '통합', '데', '회', '바뀌']",,,,,
S_GT7ITncjw,헤이즐을 깃털로 울때까지 간지럽히고 싶다.,8,2026-07-23 17:10:22+00:00,헤이즐을 깃털로 울때까지 간지럽히고 싶다.,헤이즐을 깃털로 울때까지 간지럽히고 싶다,"['헤이즐', '깃털', '울', '때', '간지럽히']",,,,,
1cljEsT6jck,이거게임꺼도 알아서 사냥함?,0,2026-07-23 17:06:09+00:00,이거게임꺼도 알아서 사냥함?,이거게임꺼도 알아서 사냥함?,"['게임', '끄', '알', '사냥']",,,,,
1cljEsT6jck,1-6 깰라면 9렙 잠재 공붙어야함,0,2026-07-23 16:40:07+00:00,1-6 깰라면 9렙 잠재 공붙어야함,1 6 깰라면 9렙 잠재 공붙어야함,"['깨', '9렙', '잠재', '공', '붙']",,,,,
S_GT7ITncjw,안드로이드랑 펫 레이어 바꾸는 패치는 안해주나?,0,2026-07-23 16:21:19+00:00,안드로이드랑 펫 레이어 바꾸는 패치는 안해주나?,안드로이드랑 펫 레이어 바꾸는 패치는 안해주나?,"['안드로이드', '펫', '레이어', '바꾸', '패치', '하']",,,,,
1cljEsT6jck,이거 계정 공유인가요 서버공유인가요? 챌린저스에서도 키우고잇고 본섭에서도 키우고잇는데,0,2026-07-23 16:09:05+00:00,이거 계정 공유인가요 서버공유인가요? 챌린저스에서도 키우고잇고 본섭에서도 키우고잇는데,이거 계정 공유인가요 서버공유인가요? 챌린저스에서도 키우고잇고 본섭에서도 키우고잇는데,"['계정', '공유', '서버', '공유', '챌린저스', '키우', '잇', '본섭', '키우']",,,,,
S_GT7ITncjw,맑음넴 덕분에 퇴근하고 진짜 쉽게 깼네영 감사합니다,2,2026-07-23 16:00:59+00:00,맑음넴 덕분에 퇴근하고 진짜 쉽게 깼네영 감사합니다,맑음넴 덕분에 퇴근하고 진짜 쉽게 깼네영 감사합니다,"['맑음', '덕분', '퇴근', '쉽', '깨', '감사']",,,,,
8AQzaI4T3Ic,메린이라 궁금해서 그러는데 렌 5초쿨뚝 끼면 만참 쿨 없이 쓸 수 있게되는 건가요?,0,2026-07-23 15:10:49+00:00,메린이라 궁금해서 그러는데 렌 5초쿨뚝 끼면 만참 쿨 없이 쓸 수 있게되는 건가요?,메린이라 궁금해서 그러는데 렌 5초쿨뚝 끼면 만참 쿨 없이 쓸 수 있게되는 건가요?,"['메', '린', '그러', '렌', '초', '쿨', '끼', '쿨', '쓰', '수', '있', '되', '거']",,,,,
8AQzaI4T3Ic,밸패도 아니고 신규스킬로 성수기떄 민심 처박는건 ㄹㅇ처음보는 초식ㅋㅋㅋㅋㅋㅋ,0,2026-07-23 15:03:06+00:00,밸패도 아니고 신규스킬로 성수기떄 민심 처박는건 ㄹㅇ처음보는 초식ㅋㅋㅋㅋㅋㅋ,밸패도 아니고 신규스킬로 성수기떄 민심 처박는건 ㄹㅇ처음보는 초식ㅋㅋ,"['밸패', '신규', '스킬', '성수기', '떄', '민심', '처박', '거', '처음', '보', '초식']",,,,,
8AQzaI4T3Ic,진짜 근데 2주 테섭 왜한거임?????,0,2026-07-23 14:28:05+00:00,진짜 근데 2주 테섭 왜한거임?????,진짜 근데 2주 테섭 왜한거임??,"['2주', '테섭', '하', '거']",,,,,
6bLaTCHm-8A,몬파 핸즈는 딱봐도 돈 쓸 사람하란거지,1,2026-07-23 14:10:38+00:00,몬파 핸즈는 딱봐도 돈 쓸 사람하란거지,몬파 핸즈는 딱봐도 돈 쓸 사람하란거지,"['파', '핸즈', '보', '돈', '쓰', '사람', '하', '하', '거']",,,,,
1cljEsT6jck,그리고 지금 방어력옵션 아무리 높아봐야 받는데미지 똑같아서 방어력 뽑아도 받는데미지 자체는 똑같음,0,2026-07-23 14:04:58+00:00,그리고 지금 방어력옵션 아무리 높아봐야 받는데미지 똑같아서 방어력 뽑아도 받는데미지 자체는 똑같음,그리고 지금 방어력옵션 아무리 높아봐야 받는데미지 똑같아서 방어력 뽑아도 받는데미지 자체는 똑같음,"['방어력', '옵션', '높', '받', '데미지', '똑같', '방어력', '뽑', '받', '데', '지', '자체', '똑같']",,,,,
1cljEsT6jck,맵에 있는 포탈키눌러도 다음맵으로 이동됨,0,2026-07-23 13:57:01+00:00,맵에 있는 포탈키눌러도 다음맵으로 이동됨,맵에 있는 포탈키눌러도 다음맵으로 이동됨,"['맵', '있', '포탈', '키', '누르', '다음', '맵', '이동']",,,,,
8AQzaI4T3Ic,아니 난 뭐 본섭 낼때 최소한 신궁 오른쪽 상단에 일러스트 뜨는것처럼 일러스트라도 추가해서 해주는줄 알았네 ㅋㅋㅋ,0,2026-07-23 13:45:33+00:00,아니 난 뭐 본섭 낼때 최소한 신궁 오른쪽 상단에 일러스트 뜨는것처럼 일러스트라도 추가해서 해주는줄 알았네 ㅋㅋㅋ,아니 난 뭐 본섭 낼때 최소한 신궁 오른쪽 상단에 일러스트 뜨는것처럼 일러스트라도 추가해서 해주는줄 알았네 ㅋㅋ,"['본섭', '내', '때', '최소한', '신궁', '오른쪽', '상단', '일러스트', '뜨', '것', '일러스트', '추가', '하', '줄', '알']",,,,,
S_GT7ITncjw,아.. 메린이 드메 펜던트 55억 모아서 힘들게 사놓고 장착하려다 바닥에 버려서 사라졌어요... 접고 싶노,1,2026-07-23 13:24:39+00:00,아.. 메린이 드메 펜던트 55억 모아서 힘들게 사놓고 장착하려다 바닥에 버려서 사라졌어요... 접고 싶노,아 메린이 드메 펜던트 55억 모아서 힘들게 사놓고 장착하려다 바닥에 버려서 사라졌어요 접고 싶노,"['메', '린', '드', '메', '펜던트', '모으', '힘들', '사', '장착', '바닥', '버리', '사라지', '접']",,,,,
1cljEsT6jck,03:03 에 나오는 브금좀 알려주실분 ㅠㅠ,1,2026-07-23 12:37:18+00:00,03:03 에 나오는 브금좀 알려주실분 ㅠㅠ,03 03 에 나오는 브금좀 알려주실분 ㅠㅠ,"['나오', '브금', '알리', '분']",,,,,
1cljEsT6jck,원래 이벤트에서 주던 경험치는 쿠폰으로 대체 된거임?,0,2026-07-23 12:26:38+00:00,원래 이벤트에서 주던 경험치는 쿠폰으로 대체 된거임?,원래 이벤트에서 주던 경험치는 쿠폰으로 대체 된거임?,"['이벤트', '주', '경험치', '쿠폰', '대체', '되', '거']",,,,,
8AQzaI4T3Ic,팬텀 버프해라,0,2026-07-23 12:23:41+00:00,팬텀 버프해라,팬텀 버프해라,"['팬텀', '버프']",,,,,
S_GT7ITncjw,댓글 지랄났네ㅋㅋㅋ,0,2026-07-23 12:07:33+00:00,댓글 지랄났네ㅋㅋㅋ,댓글 지랄났네ㅋㅋ,"['댓글', '지랄', '나']",,,,,
1cljEsT6jck,옳게된 이벤트다 스펙터 블래스트인가 뭔가 너무 힘들었다,0,2026-07-23 12:01:50+00:00,옳게된 이벤트다 스펙터 블래스트인가 뭔가 너무 힘들었다,옳게된 이벤트다 스펙터 블래스트인가 뭔가 너무 힘들었다,"['옳', '되', '이벤트', '스펙터', '블래스트', '힘들']",,,,,
8AQzaI4T3Ic,밸런스팀 싹다 집으로 보내라 창섭아,0,2026-07-23 12:01:43+00:00,밸런스팀 싹다 집으로 보내라 창섭아,밸런스팀 싹다 집으로 보내라 창섭아,"['밸런스', '팀', '집', '보내', '창섭']",,,,,
8AQzaI4T3Ic,●▅▇█▇▆▅▄▇,0,2026-07-23 11:47:13+00:00,●▅▇█▇▆▅▄▇,,[],,,,,
1cljEsT6jck,1-3  넘어가는것도 힘드네 ㅋㅋㅋㅋㅋ,0,2026-07-23 11:44:39+00:00,1-3  넘어가는것도 힘드네 ㅋㅋㅋㅋㅋ,1 3 넘어가는것도 힘드네 ㅋㅋ,"['넘어가', '것', '힘들']",,,,,
1cljEsT6jck,작은 창 계속 켜있어야 사냥되나요? (내리면 사냥보상 오프라인으로 들어오나요?),0,2026-07-23 11:39:11+00:00,작은 창 계속 켜있어야 사냥되나요? (내리면 사냥보상 오프라인으로 들어오나요?),작은 창 계속 켜있어야 사냥되나요? 내리면 사냥보상 오프라인으로 들어오나요?,"['작', '창', '켜', '사냥', '되', '내리', '사냥', '보상', '오프라인', '들어오']",,,,,
8AQzaI4T3Ic,불타버린 민심을 반영한 첫 선곡 유적지브금 감다살,1,2026-07-23 11:19:00+00:00,불타버린 민심을 반영한 첫 선곡 유적지브금 감다살,불타버린 민심을 반영한 첫 선곡 유적지브금 감다살,"['불타', '민심', '반영', '선곡', '유적지브금', '감다살']",,,,,
6bLaTCHm-8A,몬스터파크 100% 몬스터파크 86%는 뭐에요???,0,2026-07-23 11:12:56+00:00,몬스터파크 100% 몬스터파크 86%는 뭐에요???,몬스터파크 100 몬스터파크 86 는 뭐에요??,"['몬스터파크', '몬스터파크', '늘']",,,,,
6bLaTCHm-8A,아 몰라 우선 프라임 모멘텀 구매헀어 ㅋㅋㅋㅋㅋㅋㅋ,0,2026-07-23 11:08:09+00:00,아 몰라 우선 프라임 모멘텀 구매헀어 ㅋㅋㅋㅋㅋㅋㅋ,아 몰라 우선 프라임 모멘텀 구매헀어 ㅋㅋ,"['모르', '프라임', '모멘텀', '구매', '헀', '어']",,,,,
XZBgcl-FPyk,직업 렌이면 해야하네 ㅠㅠ,1,2026-07-23 10:58:39+00:00,직업 렌이면 해야하네 ㅠㅠ,직업 렌이면 해야하네 ㅠㅠ,"['직업', '렌', '하']",,,,,
8AQzaI4T3Ic,3:37초 야누스 버그 아직도 안고쳤나요,0,2026-07-23 10:45:25+00:00,3:37초 야누스 버그 아직도 안고쳤나요,3 37초 야누스 버그 아직도 안고쳤나요,"['초', '야누스', '버그', '고치']",,,,,
8AQzaI4T3Ic,레테도 스킬조정있나요? 소환수 임펠시 소환수 스킬에 보라색 테두리가 없어졌네요,0,2026-07-23 10:44:45+00:00,레테도 스킬조정있나요? 소환수 임펠시 소환수 스킬에 보라색 테두리가 없어졌네요,레테도 스킬조정있나요? 소환수 임펠시 소환수 스킬에 보라색 테두리가 없어졌네요,"['레테', '스킬', '조정', '있', '소환수', '임펠시', '소환수', '스킬', '보라색', '테두리', '없']",,,,,
8AQzaI4T3Ic,호영 시퀀스에만 좀 넣어 달라니까 끝까지 개무시당했네... 도철은 달팽이던지기 하고 있고 금고봉초기화원툴인 스킬이면 그냥 버프로 묶어적용시켜주면 안되냐고 안그래도 누를거많고 수동조정해야되는 똥같은 스킬 많은 직업인데,0,2026-07-23 10:43:08+00:00,호영 시퀀스에만 좀 넣어 달라니까 끝까지 개무시당했네... 도철은 달팽이던지기 하고 있고 금고봉초기화원툴인 스킬이면 그냥 버프로 묶어적용시켜주면 안되냐고 안그래도 누를거많고 수동조정해야되는 똥같은 스킬 많은 직업인데,호영 시퀀스에만 좀 넣어 달라니까 끝까지 개무시당했네 도철은 달팽이던지기 하고 있고 금고봉초기화원툴인 스킬이면 그냥 버프로 묶어적용시켜주면 안되냐고 안그래도 누를거많고 수동조정해야되는 똥같은 스킬 많은 직업인데,"['호영', '시퀀스', '넣', '하', '끝', '개', '무시', '당하', '도철', '달팽이', '던지기', '하', '금고봉초기화원툴', '스킬', '버프', '묶', '적용', '되', '누르', '거', '많', '수동', '조정', '되', '똥', '같', '스킬', '많', '직업']",,,,,
1cljEsT6jck,마이너 패치로 좀 바뀌었던데 바뀐 내용도 오렬주세요~,0,2026-07-23 10:42:50+00:00,마이너 패치로 좀 바뀌었던데 바뀐 내용도 오렬주세요~,마이너 패치로 좀 바뀌었던데 바뀐 내용도 오렬주세요,"['마이너', '패치', '바뀌', '바뀌', '내용', '오렬', '주']",,,,,
8AQzaI4T3Ic,제로 굴렁쇠는 진짜 하다 못해 시간의 초월자 후계자란 설정에 맞게 거대한 모래시계 나오고 깨지는 이펙트와 함께 딜이 박히는게 간지나겠다 뉜르 이펙트말고 그닥이네,0,2026-07-23 10:17:36+00:00,제로 굴렁쇠는 진짜 하다 못해 시간의 초월자 후계자란 설정에 맞게 거대한 모래시계 나오고 깨지는 이펙트와 함께 딜이 박히는게 간지나겠다 뉜르 이펙트말고 그닥이네,제로 굴렁쇠는 진짜 하다 못해 시간의 초월자 후계자란 설정에 맞게 거대한 모래시계 나오고 깨지는 이펙트와 함께 딜이 박히는게 간지나겠다 뉜르 이펙트말고 그닥이네,"['제로', '굴렁쇠', '하', '시간', '초월자', '후계자', '설정', '맞', '거대', '모래시계', '나오', '깨지', '이펙트', '딜', '박히', '것', '간지', '나', '뉜르', '이펙트', '말']",,,,,
1cljEsT6jck,8렙에 장비 다 2단계로 꼈는데도 1-6 안깨진다... 10렙 찍어야할듯,0,2026-07-23 09:55:26+00:00,8렙에 장비 다 2단계로 꼈는데도 1-6 안깨진다... 10렙 찍어야할듯,8렙에 장비 다 2단계로 꼈는데도 1 6 안깨진다 10렙 찍어야할듯,"['8렙', '장비', '단계', '끼', '깨지', '10렙', '찍', '듯']",,,,,
8AQzaI4T3Ic,9월에도 이럴거같으면 개추 일단 나부터❤,1,2026-07-23 09:54:06+00:00,9월에도 이럴거같으면 개추 일단 나부터❤,9월에도 이럴거같으면 개추 일단 나부터,"['월', '이러', '거', '같', '개추']",,,,,
8AQzaI4T3Ic,듀블은 뭐 진짜...ㅋㅋ 할 말이 없다,0,2026-07-23 09:42:54+00:00,듀블은 뭐 진짜...ㅋㅋ 할 말이 없다,듀블은 뭐 진짜 ㅋㅋ 할 말이 없다,"['듀블', '하', '말', '없']",,,,,
8AQzaI4T3Ic,부티크..오..시아등 개이쁘네 진짜로,0,2026-07-23 09:41:17+00:00,부티크..오..시아등 개이쁘네 진짜로,부티크 오 시아등 개이쁘네 진짜로,"['부티크', '시아', '등', '개', '이쁘']",,,,,
1cljEsT6jck,궁수왜 50만원인가요? 10만원이라고 써잇는데,0,2026-07-23 09:40:51+00:00,궁수왜 50만원인가요? 10만원이라고 써잇는데,궁수왜 50만원인가요? 10만원이라고 써잇는데,"['궁수', '원', '원', '쓰']",,,,,
8AQzaI4T3Ic,보수적이다 못해 계엄을 때렸네,0,2026-07-23 09:37:39+00:00,보수적이다 못해 계엄을 때렸네,보수적이다 못해 계엄을 때렸네,"['보수', '계엄', '때리']",,,,,
8AQzaI4T3Ic,영상 몇개를 찍어내는거야 ㄷㄷ,1,2026-07-23 09:33:42+00:00,영상 몇개를 찍어내는거야 ㄷㄷ,영상 몇개를 찍어내는거야 ㄷㄷ,"['영상', '개', '찍', '거']",,,,,
1cljEsT6jck,바뀐거 찾아보지도 않고 테섭에 있던거 그대로 복붙해서 영상만들었네,0,2026-07-23 09:33:07+00:00,바뀐거 찾아보지도 않고 테섭에 있던거 그대로 복붙해서 영상만들었네,바뀐거 찾아보지도 않고 테섭에 있던거 그대로 복붙해서 영상만들었네,"['바뀌', '거', '찾', '테섭', '있', '거', '붙', '영상', '듣']",,,,,
1cljEsT6jck,1-1에서 에스페시아 썼는데 1-3을 못갑니다,0,2026-07-23 09:30:31+00:00,1-1에서 에스페시아 썼는데 1-3을 못갑니다,1 1에서 에스페시아 썼는데 1 3을 못갑니다,"['에스페시아', '쓰', '을', '가']",,,,,
8AQzaI4T3Ic,렌을 다들 유챔으로 키우다보니 수호단 ㅈㄴ많네,5,2026-07-23 09:26:37+00:00,렌을 다들 유챔으로 키우다보니 수호단 ㅈㄴ많네,렌을 다들 유챔으로 키우다보니 수호단 ㅈㄴ많네,"['렌', '다', '유채', '키우', '수호', '단', '많']",,,,,
8AQzaI4T3Ic,패파 진짜 한숨만 나오네,0,2026-07-23 09:22:59+00:00,패파 진짜 한숨만 나오네,패파 진짜 한숨만 나오네,"['패파', '한숨', '나오']",,,,,
8AQzaI4T3Ic,메르는 그냥 신규스킬 안여는게 나은데 다른 헥사코어에서 이번신규스킬에 딜 떼붙일까봐 ㅈㄴ무섭네,1,2026-07-23 09:12:34+00:00,메르는 그냥 신규스킬 안여는게 나은데 다른 헥사코어에서 이번신규스킬에 딜 떼붙일까봐 ㅈㄴ무섭네,메르는 그냥 신규스킬 안여는게 나은데 다른 헥사코어에서 이번신규스킬에 딜 떼붙일까봐 ㅈㄴ무섭네,"['메르', '신규', '스킬', '열', '것', '낫', '헥사코어', '이번', '신규', '스킬', '딜', '떼', '붙이', '무섭']",,,,,
8AQzaI4T3Ic,"이렇게 조져놓고 9월까지 기다리라니
너무 기대가 됩니다!",1,2026-07-23 09:08:42+00:00,"이렇게 조져놓고 9월까지 기다리라니
너무 기대가 됩니다!",이렇게 조져놓고 9월까지 기다리라니 너무 기대가 됩니다,"['이렇', '조지', '월', '기다리', '기대', '되']",,,,,
8AQzaI4T3Ic,엔버는 안그래도 낮은 신스킬 데미지를 더 깎았음,1,2026-07-23 09:06:04+00:00,엔버는 안그래도 낮은 신스킬 데미지를 더 깎았음,엔버는 안그래도 낮은 신스킬 데미지를 더 깎았음,"['엔버', '그렇', '낮', '스킬', '데미지', '깎']",,,,,
1cljEsT6jck,이거 1-3에서 에스페시아 까는게 속편한듯,0,2026-07-23 09:02:55+00:00,이거 1-3에서 에스페시아 까는게 속편한듯,이거 1 3에서 에스페시아 까는게 속편한듯,"['에스페시아', '까', '것', '속', '편하', '듯']",,,,,
8AQzaI4T3Ic,제논은 신규스킬 풀강 시 점유율 4%인데 잘받은편임?,0,2026-07-23 09:00:48+00:00,제논은 신규스킬 풀강 시 점유율 4%인데 잘받은편임?,제논은 신규스킬 풀강 시 점유율 4 인데 잘받은편임?,"['제논', '신규', '스킬', '풀', '강', '시', '점유', '받', '편']",,,,,
1cljEsT6jck,메키를 만들어놨네,0,2026-07-23 08:54:43+00:00,메키를 만들어놨네,메키를 만들어놨네,"['메키', '만들']",,,,,
1cljEsT6jck,"이건 솔직히 어렵다기 보다는 ㅈㄴ귀찮은데..?
스펙터는 불쾌감은 있었는데 해봤자 10분 딸깍인데 
이건 계속 합성하고 강화하고 이게 더 싫은데 나만 그럼?",1,2026-07-23 08:42:19+00:00,"이건 솔직히 어렵다기 보다는 ㅈㄴ귀찮은데..?
스펙터는 불쾌감은 있었는데 해봤자 10분 딸깍인데 
이건 계속 합성하고 강화하고 이게 더 싫은데 나만 그럼?",이건 솔직히 어렵다기 보다는 ㅈㄴ귀찮은데 ? 스펙터는 불쾌감은 있었는데 해봤자 10분 딸깍인데 이건 계속 합성하고 강화하고 이게 더 싫은데 나만 그럼?,"['어렵', '귀찮', '스펙터', '불쾌감', '있', '하', '분', '딸', '합성', '강화', '싫']",,,,,
qUf4t6p70_A,부티크 칭호 메이플 좀 할거면 사는게 좋나요?,0,2026-07-23 08:38:05+00:00,부티크 칭호 메이플 좀 할거면 사는게 좋나요?,부티크 칭호 메이플 좀 할거면 사는게 좋나요?,"['부티크', '칭호', '메이플', '하', '거', '사', '것', '좋']",,,,,
1cljEsT6jck,미니게임 화면 우측에 포탈모양 눌러도 다음스테이지 도전 가능합니다 굳이 찾아서 누를필요 엄서요,0,2026-07-23 08:31:16+00:00,미니게임 화면 우측에 포탈모양 눌러도 다음스테이지 도전 가능합니다 굳이 찾아서 누를필요 엄서요,미니게임 화면 우측에 포탈모양 눌러도 다음스테이지 도전 가능합니다 굳이 찾아서 누를필요 엄서요,"['미니', '게임', '화면', '우측', '포탈모양', '누르', '다음', '스테이지', '도전', '가능', '찾', '누르', '필요', '엄', '서']",,,,,
8AQzaI4T3Ic,"스킬추가후 메포 2200 달성..
진짜 대단함 2600->2200
이것도 능력이 신창섭",0,2026-07-23 08:22:52+00:00,"스킬추가후 메포 2200 달성..
진짜 대단함 2600->2200
이것도 능력이 신창섭",스킬추가후 메포 2200 달성 진짜 대단함 2600 2200 이것도 능력이 신창섭,"['스킬', '추가', '후', '메포', '달성', '대단하', '능력', '신창섭']",,,,,
1cljEsT6jck,루시드부터 이벤트 ㅈㄴ 맘에 드는거 많이 나오네 스펙터는 별로였는데 이런건 너무 좋다 소소하게 재밌네,2,2026-07-23 08:22:08+00:00,루시드부터 이벤트 ㅈㄴ 맘에 드는거 많이 나오네 스펙터는 별로였는데 이런건 너무 좋다 소소하게 재밌네,루시드부터 이벤트 ㅈㄴ 맘에 드는거 많이 나오네 스펙터는 별로였는데 이런건 너무 좋다 소소하게 재밌네,"['루시드', '이벤트', '맘', '거', '나오', '스펙터', '거', '좋', '소소하', '재밌']",,,,,
S_GT7ITncjw,브금 좋당,0,2026-07-23 07:53:00+00:00,브금 좋당,브금 좋당,"['브금', '좋']",,,,,
8AQzaI4T3Ic,밸패만 하면 신창섭에서 개창섭이 되버리는거 웃기네 ㅋㅋ,3,2026-07-23 07:50:42+00:00,밸패만 하면 신창섭에서 개창섭이 되버리는거 웃기네 ㅋㅋ,밸패만 하면 신창섭에서 개창섭이 되버리는거 웃기네 ㅋㅋ,"['밸패', '하', '신창섭', '개창섭', '되', '거', '웃기']",,,,,
8AQzaI4T3Ic,캡틴 이펙트좀 바꿔라,2,2026-07-23 07:47:34+00:00,캡틴 이펙트좀 바꿔라,캡틴 이펙트좀 바꿔라,"['캡틴', '이펙트', '바꾸']",,,,,
1cljEsT6jck,궁수가 왜 50만 골드에요? 10만 골드 필요하다고 나오는데?,1,2026-07-23 07:45:16+00:00,궁수가 왜 50만 골드에요? 10만 골드 필요하다고 나오는데?,궁수가 왜 50만 골드에요? 10만 골드 필요하다고 나오는데?,"['궁수', '골드', '골드', '필요', '나오']",,,,,
8AQzaI4T3Ic,도적직업은 섭종할때까지 침체기누,0,2026-07-23 07:40:38+00:00,도적직업은 섭종할때까지 침체기누,도적직업은 섭종할때까지 침체기누,"['도', '직업', '섭종', '때', '침체기']",,,,,
1cljEsT6jck,상자 까도 같은 페이지던데,0,2026-07-23 07:24:57+00:00,상자 까도 같은 페이지던데,상자 까도 같은 페이지던데,"['상자', '까', '같', '페이지']",,,,,
8AQzaI4T3Ic,4캐릭하는데 3캐릭이 맛이가있네 어이가없다 ㅋㅋㅋㅋ,0,2026-07-23 07:11:32+00:00,4캐릭하는데 3캐릭이 맛이가있네 어이가없다 ㅋㅋㅋㅋ,4캐릭하는데 3캐릭이 맛이가있네 어이가없다 ㅋㅋ,"['캐릭', '캐릭', '맛', '가', '어이', '없']",,,,,
8AQzaI4T3Ic,모두 만족할수 없는 아쉬운 스킬코어 밸페,2,2026-07-23 07:07:33+00:00,모두 만족할수 없는 아쉬운 스킬코어 밸페,모두 만족할수 없는 아쉬운 스킬코어 밸페,"['만족', '수', '없', '아쉽', '스킬코어', '밸페']",,,,,
8AQzaI4T3Ic,안그래도 누를꺼많은데 꼴랑 3퍼로 족쇄채워서 손가락 아작나게 패치하는거 너무 고마워요 ~,3,2026-07-23 07:07:22+00:00,안그래도 누를꺼많은데 꼴랑 3퍼로 족쇄채워서 손가락 아작나게 패치하는거 너무 고마워요 ~,안그래도 누를꺼많은데 꼴랑 3퍼로 족쇄채워서 손가락 아작나게 패치하는거 너무 고마워요,"['누르', '꺼', '많', '꼬', '퍼', '족쇄', '채우', '손가락', '작', '나', '패치', '거', '고맙']",,,,,
8AQzaI4T3Ic,제발 나로좀 살려내!!!! 환산이랑 보스컷 너무다르다고!!,2,2026-07-23 07:06:23+00:00,제발 나로좀 살려내!!!! 환산이랑 보스컷 너무다르다고!!,제발 나로좀 살려내 환산이랑 보스컷 너무다르다고,"['살리', '환산', '보스', '컷', '다르']",,,,,
8AQzaI4T3Ic,1:57 쿨 10초 감소 말고 쿨 삭제를 하라고 창섭아,5,2026-07-23 07:04:13+00:00,1:57 쿨 10초 감소 말고 쿨 삭제를 하라고 창섭아,1 57 쿨 10초 감소 말고 쿨 삭제를 하라고 창섭아,"['쿨', '초', '감소', '말', '쿨', '삭제', '하', '창섭']",,,,,
1cljEsT6jck,본섭오면서 싹다 갈아치워져서 영상 다시 만들어야하면 개추 ㅋㅋ,0,2026-07-23 07:02:53+00:00,본섭오면서 싹다 갈아치워져서 영상 다시 만들어야하면 개추 ㅋㅋ,본섭오면서 싹다 갈아치워져서 영상 다시 만들어야하면 개추 ㅋㅋ,"['본섭', '오', '갈', '치우', '영상', '만들', '개', '추']",,,,,
8AQzaI4T3Ic,"챌섭에서 자석펫 사기 싫어……
pc방 가야해…..
pc방 가기는 싫어……
ㅋㅋㅋㅋㅋ",1,2026-07-23 07:00:08+00:00,"챌섭에서 자석펫 사기 싫어……
pc방 가야해…..
pc방 가기는 싫어……
ㅋㅋㅋㅋㅋ",챌섭에서 자석펫 사기 싫어 pc방 가야해 pc방 가기는 싫어 ㅋㅋ,"['챌섭', '자석펫', '사', '싫', '방', '가', '방', '가', '싫']",,,,,
8AQzaI4T3Ic,4:04 VIP 사우나 개당 50코인 -> 30코인으로 변경되서 들어왔어용,6,2026-07-23 06:55:54+00:00,4:04 VIP 사우나 개당 50코인 -> 30코인으로 변경되서 들어왔어용,4 04 VIP 사우나 개당 50코인 30코인으로 변경되서 들어왔어용,"['사우나', '개', '코인', '코인', '변경', '되', '들어오']",,,,,
1cljEsT6jck,"메m 자동사냥 생각하면 됨?
게임 꺼도 자동사냥하는 그런거?",0,2026-07-23 06:50:36+00:00,"메m 자동사냥 생각하면 됨?
게임 꺼도 자동사냥하는 그런거?",메m 자동사냥 생각하면 됨? 게임 꺼도 자동사냥하는 그런거?,"['메', '자동', '사냥', '생각', '되', '게임', '끄', '자동', '사냥', '거']",,,,,
8AQzaI4T3Ic,창렬하고 섭섭하다,0,2026-07-23 06:48:06+00:00,창렬하고 섭섭하다,창렬하고 섭섭하다,['창렬'],,,,,
8AQzaI4T3Ic,렌 헥사 스킬 오픈하는게 좋은 거죠?,0,2026-07-23 06:47:23+00:00,렌 헥사 스킬 오픈하는게 좋은 거죠?,렌 헥사 스킬 오픈하는게 좋은 거죠?,"['렌', '헥사', '스킬', '오픈', '것', '좋', '거']",,,,,
8AQzaI4T3Ic,창섭아 다조 3000개 만큼 화난다,0,2026-07-23 06:46:55+00:00,창섭아 다조 3000개 만큼 화난다,창섭아 다조 300개 만큼 화난다,"['창섭', '조', '개', '만큼', '화나']",,,,,
8AQzaI4T3Ic,퍼뎀은 무슨 얼드 보는 것 같노ㅋㅋ,0,2026-07-23 06:46:37+00:00,퍼뎀은 무슨 얼드 보는 것 같노ㅋㅋ,퍼뎀은 무슨 얼드 보는 것 같노ㅋㅋ,"['퍼뎀', '얼드', '보', '것', '같']",,,,,
1cljEsT6jck,이것도 경치줌?,0,2026-07-23 06:42:33+00:00,이것도 경치줌?,이것도 경치줌?,"['경치', '주']",,,,,
1cljEsT6jck,진짜 스펙터 솔플로 하느라 힘들었다..,0,2026-07-23 06:39:26+00:00,진짜 스펙터 솔플로 하느라 힘들었다..,진짜 스펙터 솔플로 하느라 힘들었다,"['스펙터', '솔플로', '하', '힘들']",,,,,
8AQzaI4T3Ic,알지?? 꼬우면 탬팔고 접어~ 그만 징징대고,0,2026-07-23 06:37:20+00:00,알지?? 꼬우면 탬팔고 접어~ 그만 징징대고,알지?? 꼬우면 탬팔고 접어 그만 징징대고,"['알', '꼬우', '탬', '팔', '접', '대']",,,,,
1cljEsT6jck,와 이거 재밌는데 좀만 손봐서 정식컨텐츠 해주면 안되냐,4,2026-07-23 06:37:13+00:00,와 이거 재밌는데 좀만 손봐서 정식컨텐츠 해주면 안되냐,와 이거 재밌는데 좀만 손봐서 정식컨텐츠 해주면 안되냐,"['재밌', '데', '손보', '정식', '컨텐츠', '되']",,,,,
1cljEsT6jck,전사옵션 방어력이 좋나요 아니면  hp가 좋나요?,0,2026-07-23 06:36:11+00:00,전사옵션 방어력이 좋나요 아니면  hp가 좋나요?,전사옵션 방어력이 좋나요 아니면 hp가 좋나요?,"['전사', '옵션', '방어', '좋', '좋']",,,,,
8AQzaI4T3Ic,패파 예?,1,2026-07-23 06:33:22+00:00,패파 예?,패파 예?,['패파'],,,,,
8AQzaI4T3Ic,여로셋안푸나하,0,2026-07-23 06:32:26+00:00,여로셋안푸나하,여로셋안푸나하,"['여로', '풀', '하']",,,,,
8AQzaI4T3Ic,렌 5초는 뭐임ㅋㅋㅋㅋ 리듬게임이냨ㅋㅋㅋㅋ,7,2026-07-23 06:31:27+00:00,렌 5초는 뭐임ㅋㅋㅋㅋ 리듬게임이냨ㅋㅋㅋㅋ,렌 5초는 뭐임ㅋㅋ 리듬게임이냨ㅋㅋ,"['렌', '초', '리듬', '게임']",,,,,
8AQzaI4T3Ic,오예 드디어 엘피네 헤어 나오네,0,2026-07-23 06:22:50+00:00,오예 드디어 엘피네 헤어 나오네,오예 드디어 엘피네 헤어 나오네,"['오예', '엘피네', '헤', '나오']",,,,,
8AQzaI4T3Ic,꼴랑 2~3퍼 따리가 솔에르다 얼마나 쳐먹는건지 참 이게맞나,0,2026-07-23 06:21:00+00:00,꼴랑 2~3퍼 따리가 솔에르다 얼마나 쳐먹는건지 참 이게맞나,꼴랑 2 3퍼 따리가 솔에르다 얼마나 쳐먹는건지 참 이게맞나,"['꼬', '퍼', '따리가', '솔에르다', '치', '먹', '거', '맞']",,,,,
8AQzaI4T3Ic,나이트로드 신규코어 안배우는게 맞나..?,0,2026-07-23 06:16:36+00:00,나이트로드 신규코어 안배우는게 맞나..?,나이트로드 신규코어 안배우는게 맞나 ?,"['나이트로드', '신규코어', '배우', '것', '맞']",,,,,
1cljEsT6jck,전사 4상무기면 1 5까지는 가능..지금 1 6에서 막힘 2단계 방어구전사가 15번동안 1번무기뜸,0,2026-07-23 06:14:58+00:00,전사 4상무기면 1 5까지는 가능..지금 1 6에서 막힘 2단계 방어구전사가 15번동안 1번무기뜸,전사 4상무기면 1 5까지는 가능 지금 1 6에서 막힘 2단계 방어구전사가 15번동안 1번무기뜸,"['전사', '4상무기', '가능', '막힘', '단계', '방어', '구', '전사', '번', '동안', '번', '무기', '뜸']",,,,,
8AQzaI4T3Ic,"제로는 리레4렙 안에 다 들어가게 딜 압축만 해달랬는데 압축이 아니라 그냥 짧게 잘라버렸네

이펙트도 시간의 초월자 컨셉가지고 시계태엽 굴렁쇠라니",10,2026-07-23 06:13:52+00:00,"제로는 리레4렙 안에 다 들어가게 딜 압축만 해달랬는데 압축이 아니라 그냥 짧게 잘라버렸네

이펙트도 시간의 초월자 컨셉가지고 시계태엽 굴렁쇠라니",제로는 리레4렙 안에 다 들어가게 딜 압축만 해달랬는데 압축이 아니라 그냥 짧게 잘라버렸네 이펙트도 시간의 초월자 컨셉가지고 시계태엽 굴렁쇠라니,"['리레4렙', '안', '들어가', '딜', '압축', '하', '하', '압축', '짧', '자르', '이펙트', '시간', '초월자', '컨셉', '가지', '시계', '태엽', '굴렁쇠']",,,,,
8AQzaI4T3Ic,이번 패치로 신창섭의 엔버혐오설이 기정사실화 되었습니다,15,2026-07-23 06:11:59+00:00,이번 패치로 신창섭의 엔버혐오설이 기정사실화 되었습니다,이번 패치로 신창섭의 엔버혐오설이 기정사실화 되었습니다,"['이번', '패치', '신창섭', '엔버혐오', '설', '기정사실', '되']",,,,,
8AQzaI4T3Ic,근데 1레벨 효율 다 올려준다 하지않음??,0,2026-07-23 06:11:48+00:00,근데 1레벨 효율 다 올려준다 하지않음??,근데 1레벨 효율 다 올려준다 하지않음??,"['레벨', '효율', '올리', '하']",,,,,
1cljEsT6jck,창섭아 합성 15번했는데 전사템이 안나온다,7,2026-07-23 06:06:58+00:00,창섭아 합성 15번했는데 전사템이 안나온다,창섭아 합성 15번했는데 전사템이 안나온다,"['창섭', '합성', '번', '하', '전사템', '나오']",,,,,
8AQzaI4T3Ic,음,0,2026-07-23 06:06:50+00:00,음,음,[],,,,,
8AQzaI4T3Ic,"렌 설명이 너무 미흡한데 단순 쿨만 감소되어서 좋아보이게 되어있어요
상향아님 렌은 1타를쓰고 234 기다렷다가 234 또는 34 쓰고 다시 1234 바로 씀 
일필이나 엔버에  그렇게 하고도 낮은딜량 뛰어난 유틸로 그냥 인기인데
근데 저기중 새로생긴 문구 하나떄문에 구조박살남 1타가 창룡 쿨 5초안에 쓰면 적용안됨",0,2026-07-23 06:04:22+00:00,"렌 설명이 너무 미흡한데 단순 쿨만 감소되어서 좋아보이게 되어있어요
상향아님 렌은 1타를쓰고 234 기다렷다가 234 또는 34 쓰고 다시 1234 바로 씀 
일필이나 엔버에  그렇게 하고도 낮은딜량 뛰어난 유틸로 그냥 인기인데
근데 저기중 새로생긴 문구 하나떄문에 구조박살남 1타가 창룡 쿨 5초안에 쓰면 적용안됨",렌 설명이 너무 미흡한데 단순 쿨만 감소되어서 좋아보이게 되어있어요 상향아님 렌은 1타를쓰고 234 기다렷다가 234 또는 34 쓰고 다시 1234 바로 씀 일필이나 엔버에 그렇게 하고도 낮은딜량 뛰어난 유틸로 그냥 인기인데 근데 저기중 새로생긴 문구 하나떄문에 구조박살남 1타가 창룡 쿨 5초안에 쓰면 적용안됨,"['렌', '설명', '미흡', '단순', '쿨', '감소', '좋', '보이', '되', '상향', '렌', '타', '쓰', '기다리', '쓰', '쓰', '필', '엔버', '그렇', '하', '낮', '딜', '량', '뛰어나', '유틸', '인기', '중', '생기', '문구', '떄', '문', '구조', '박살', '나', '타', '창룡', '쿨', '초', '안', '쓰', '적용', '되']",,,,,
8AQzaI4T3Ic,혹시 밸패팀에 학창시절 엔버한테 쳐 맞은 사람이 있나요?,11,2026-07-23 05:59:43+00:00,혹시 밸패팀에 학창시절 엔버한테 쳐 맞은 사람이 있나요?,혹시 밸패팀에 학창시절 엔버한테 쳐 맞은 사람이 있나요?,"['밸패', '팀', '학창', '시절', '엔버', '치', '맞', '사람', '있']",,,,,
S_GT7ITncjw,메이린.로이드.쳐내라고,0,2026-07-23 05:54:54+00:00,메이린.로이드.쳐내라고,메이린 로이드 쳐내라고,"['메이', '린', '로이드', '쳐내']",,,,,
8AQzaI4T3Ic,은월은 그냥 진짜 잊혀진 직업 컨셉에 맞췄나보네 무야호 개별로라고 유저들이 그렇게 말해도 잊혀지네,24,2026-07-23 05:50:58+00:00,은월은 그냥 진짜 잊혀진 직업 컨셉에 맞췄나보네 무야호 개별로라고 유저들이 그렇게 말해도 잊혀지네,은월은 그냥 진짜 잊혀진 직업 컨셉에 맞췄나보네 무야호 개별로라고 유저들이 그렇게 말해도 잊혀지네,"['은', '월', '잊히', '직업', '컨셉', '맞추', '무야호', '개', '유저', '그렇', '말', '잊히']",,,,,
1cljEsT6jck,메키 모바일 버전?,0,2026-07-23 05:48:35+00:00,메키 모바일 버전?,메키 모바일 버전?,"['메키', '모바일', '버전']",,,,,
8AQzaI4T3Ic,"진짜 저렇게까지 구조 십창내기도 힘들듯 ㅋㅋㅋㅋ
그와중 대부분 상승률 2~3%대로 어캐든 맞춘거보면 그것도 그것대로 참 대단한거같아",39,2026-07-23 05:44:31+00:00,"진짜 저렇게까지 구조 십창내기도 힘들듯 ㅋㅋㅋㅋ
그와중 대부분 상승률 2~3%대로 어캐든 맞춘거보면 그것도 그것대로 참 대단한거같아",진짜 저렇게까지 구조 십창내기도 힘들듯 ㅋㅋ 그와중 대부분 상승률 2 3 대로 어캐든 맞춘거보면 그것도 그것대로 참 대단한거같아,"['저렇', '구조', '십창', '내', '힘들', '듯', '와중', '대부분', '상승', '대', '어캐든', '맞추', '거', '보', '대단하', '거', '같']",,,,,
1cljEsT6jck,아무리 비벼도 1-6은 안된다…,1,2026-07-23 05:40:21+00:00,아무리 비벼도 1-6은 안된다…,아무리 비벼도 1 6은 안된다,"['비비', '되']",,,,,
8AQzaI4T3Ic,렌 어떤새끼가 만들었냐?ㅋㅋ,11,2026-07-23 05:36:48+00:00,렌 어떤새끼가 만들었냐?ㅋㅋ,렌 어떤새끼가 만들었냐?ㅋㅋ,"['렌', '새끼', '만들']",,,,,
8AQzaI4T3Ic,스킬 이펙트나 고쳐주지... 죄다 너무 대충 만들어놨어,0,2026-07-23 05:34:17+00:00,스킬 이펙트나 고쳐주지... 죄다 너무 대충 만들어놨어,스킬 이펙트나 고쳐주지 죄다 너무 대충 만들어놨어,"['스킬', '이펙트', '고치', '만들']",,,,,
8AQzaI4T3Ic,엔버는 진짜 왜 너프 때린거냐????,0,2026-07-23 05:33:38+00:00,엔버는 진짜 왜 너프 때린거냐????,엔버는 진짜 왜 너프 때린거냐??,"['엔버', '너프', '때리', '거']",,,,,
8AQzaI4T3Ic,자막 ai로 달았나? 너무 어색한 부분이 많은데? 검수는 제대로 해줘라,1,2026-07-23 05:32:55+00:00,자막 ai로 달았나? 너무 어색한 부분이 많은데? 검수는 제대로 해줘라,자막 ai로 달았나? 너무 어색한 부분이 많은데? 검수는 제대로 해줘라,"['자막', '닫', '부분', '많', '검수', '하']",,,,,
8AQzaI4T3Ic,메르 뎀퍼보다는 연계좀 그만늘려 ㅠㅠ,3,2026-07-23 05:26:25+00:00,메르 뎀퍼보다는 연계좀 그만늘려 ㅠㅠ,메르 뎀퍼보다는 연계좀 그만늘려 ㅠㅠ,"['메르', '뎀퍼', '연계', '늘리']",,,,,
8AQzaI4T3Ic,"메이플은 왜 피시방을
 이벤을 맨날 금요일부터 시작하는거야...",0,2026-07-23 05:22:14+00:00,"메이플은 왜 피시방을
 이벤을 맨날 금요일부터 시작하는거야...",메이플은 왜 피시방을 이벤을 맨날 금요일부터 시작하는거야,"['메이플', '피시', '방', '이벤', '금요일', '시작', '거']",,,,,
8AQzaI4T3Ic,부티크 티켓은 보통 경매장에 1장당 얼마에 판매되나요?,1,2026-07-23 05:18:49+00:00,부티크 티켓은 보통 경매장에 1장당 얼마에 판매되나요?,부티크 티켓은 보통 경매장에 1장당 얼마에 판매되나요?,"['부티크', '티켓', '경매장', '장', '얼마', '판매']",,,,,
8AQzaI4T3Ic,"만참은 쿨을 없애야하지 않나? 아니 세상에 스킬이 한번씩 가동이 안되게 해두는 스킬이 어딧지 싶은데..
가동이 제대로 딱딱 맞춰서 일단 되야지 지금 데미지가 그대로 들어오지 않나요?
이거 가동도 제대로 안된다는 얘기가 있는데 이럼 데미지가 아무리 좋아도 그대로 받기 힘들지 않나요?.....
다음에 뭐 데미지 상향을 받아도 받은 그대로 올라가질 않을 것 같아 걱정이네요 
가동부터 제대로 안되면 아무래도 그럴거 같아요....
이 스킬로 구조가 이상해져서 너무 억지로 어렵게 만들고 고점 캐릭 만들려고 하는거 같아요
뉴비 친화적이고 가볍게 할 수 있는게 렌이라고 해서 하려는거엿는데 승화분리에 일필 맞추기 갑자기 5초 생각하며 스킬 아끼기 이럼 그냥 다른 캐릭을 하러 가는게 맞지 않을까요.. 갑자기 캐릭이 비틀어진 기분이네요..",0,2026-07-23 05:17:59+00:00,"만참은 쿨을 없애야하지 않나? 아니 세상에 스킬이 한번씩 가동이 안되게 해두는 스킬이 어딧지 싶은데..
가동이 제대로 딱딱 맞춰서 일단 되야지 지금 데미지가 그대로 들어오지 않나요?
이거 가동도 제대로 안된다는 얘기가 있는데 이럼 데미지가 아무리 좋아도 그대로 받기 힘들지 않나요?.....
다음에 뭐 데미지 상향을 받아도 받은 그대로 올라가질 않을 것 같아 걱정이네요 
가동부터 제대로 안되면 아무래도 그럴거 같아요....
이 스킬로 구조가 이상해져서 너무 억지로 어렵게 만들고 고점 캐릭 만들려고 하는거 같아요
뉴비 친화적이고 가볍게 할 수 있는게 렌이라고 해서 하려는거엿는데 승화분리에 일필 맞추기 갑자기 5초 생각하며 스킬 아끼기 이럼 그냥 다른 캐릭을 하러 가는게 맞지 않을까요.. 갑자기 캐릭이 비틀어진 기분이네요..",만참은 쿨을 없애야하지 않나? 아니 세상에 스킬이 한번씩 가동이 안되게 해두는 스킬이 어딧지 싶은데 가동이 제대로 딱딱 맞춰서 일단 되야지 지금 데미지가 그대로 들어오지 않나요? 이거 가동도 제대로 안된다는 얘기가 있는데 이럼 데미지가 아무리 좋아도 그대로 받기 힘들지 않나요? 다음에 뭐 데미지 상향을 받아도 받은 그대로 올라가질 않을 것 같아 걱정이네요 가동부터 제대로 안되면 아무래도 그럴거 같아요 이 스킬로 구조가 이상해져서 너무 억지로 어렵게 만들고 고점 캐릭 만들려고 하는거 같아요 뉴비 친화적이고 가볍게 할 수 있는게 렌이라고 해서 하려는거엿는데 승화분리에 일필 맞추기 갑자기 5초 생각하며 스킬 아끼기 이럼 그냥 다른 캐릭을 하러 가는게 맞지 않을까요 갑자기 캐릭이 비틀어진 기분이네요,"['만참', '쿨', '없애', '스킬', '번', '가동', '되', '하', '스킬', '어딧지', '가동', '맞추', '되', '데미지', '들어오', '가동', '되', '얘기', '있', '이러', '데미지', '좋', '받', '힘들', '다음', '데미지', '상향', '받', '받', '올라가', '것', '같', '걱정', '가동', '되', '그렇', '거', '같', '스킬', '구조', '이상', '어렵', '만들', '점', '캐릭', '만들', '거', '같', '뉴비', '친화', '가볍', '하', '수', '있', '것', '렌', '하', '하', '거', '이', '승화분리', '일필', '맞추', '초', '생각', '스킬', '아끼', '이러', '캐릭', '하', '가', '것', '맞', '캐릭', '비틀어지', '기분']",,,,,
8AQzaI4T3Ic,렌 쿨 5초 뭔짓거리임? 극딜할때 꾹 누르지 말고 막 한번 쓰고 잠깐 있다가 또 쓰고 ㅇㅈㄹ로 하라는거임?,0,2026-07-23 05:16:24+00:00,렌 쿨 5초 뭔짓거리임? 극딜할때 꾹 누르지 말고 막 한번 쓰고 잠깐 있다가 또 쓰고 ㅇㅈㄹ로 하라는거임?,렌 쿨 5초 뭔짓거리임? 극딜할때 꾹 누르지 말고 막 한번 쓰고 잠깐 있다가 또 쓰고 ㅇㅈㄹ로 하라는거임?,"['렌', '쿨', '초', '짓거리', '극', '딜', '때', '누르', '번', '쓰', '있', '쓰', '로', '하', '거']",,,,,
8AQzaI4T3Ic,리프는 창섭이형..,0,2026-07-23 05:14:18+00:00,리프는 창섭이형..,리프는 창섭이형,"['리프', '창섭', '형']",,,,,
8AQzaI4T3Ic,신규스킬을 9랩이나 찍었는데 어제보다 왜 환산이 떨어졌지.....,1,2026-07-23 05:13:50+00:00,신규스킬을 9랩이나 찍었는데 어제보다 왜 환산이 떨어졌지.....,신규스킬을 9랩이나 찍었는데 어제보다 왜 환산이 떨어졌지,"['신규', '스킬', '랩', '찍', '어제', '환산', '떨어지']",,,,,
J5bP0Xd7Wyg,에스페시아 상자는 바로 받지 말고 12시 전에 받는게 좋은가요?,0,2026-07-23 05:11:30+00:00,에스페시아 상자는 바로 받지 말고 12시 전에 받는게 좋은가요?,에스페시아 상자는 바로 받지 말고 12시 전에 받는게 좋은가요?,"['에스페시아', '상자', '받', '시', '전', '받', '것', '좋']",,,,,
8AQzaI4T3Ic,렌은 그냥 승화때 쿨 없애주면 안됨? 극딜때 이펙트 팡팡 터지기만 해도 만족감 오를거같은데,0,2026-07-23 05:11:01+00:00,렌은 그냥 승화때 쿨 없애주면 안됨? 극딜때 이펙트 팡팡 터지기만 해도 만족감 오를거같은데,렌은 그냥 승화때 쿨 없애주면 안됨? 극딜때 이펙트 팡팡 터지기만 해도 만족감 오를거같은데,"['렌', '승화', '때', '쿨', '없애', '되', '극딜때', '이펙트', '터지', '만족감', '오르', '거', '같']",,,,,
8AQzaI4T3Ic,아 달시헤어 언제 나오지,0,2026-07-23 05:09:33+00:00,아 달시헤어 언제 나오지,아 달시헤어 언제 나오지,"['달시헤어', '나오']",,,,,
8AQzaI4T3Ic,제로 ^굴렁쇠^,0,2026-07-23 05:05:14+00:00,제로 ^굴렁쇠^,제로 굴렁쇠,"['제로', '굴렁쇠']",,,,,
8AQzaI4T3Ic,296 섀도어인데 신스킬 안찍기로 마음 먹었다,2,2026-07-23 05:00:40+00:00,296 섀도어인데 신스킬 안찍기로 마음 먹었다,296 섀도어인데 신스킬 안찍기로 마음 먹었다,"['섀도어', '스킬', '찍', '마음', '먹']",,,,,
1cljEsT6jck,바로1-1에서 상자써버린사람 개추😢,0,2026-07-23 04:58:49+00:00,바로1-1에서 상자써버린사람 개추😢,바로1 1에서 상자써버린사람 개추,"['상자', '쓰', '사람', '개추']",,,,,
8AQzaI4T3Ic,배틀메이지 직업 전원 레드 어카운트 그대로 들어오네 ㅋㅋㅋㅋㅋ,3,2026-07-23 04:51:49+00:00,배틀메이지 직업 전원 레드 어카운트 그대로 들어오네 ㅋㅋㅋㅋㅋ,배틀메이지 직업 전원 레드 어카운트 그대로 들어오네 ㅋㅋ,"['배틀메이지', '직업', '전원', '레드', '어카운트', '들어오']",,,,,
8AQzaI4T3Ic,"실제 유저 운영법이랑 운영진 의도랑 괴리 안생기게 하기는 개뿔
기존 사이클 부숴놓으려고 아주 발악을 다했구만",22,2026-07-23 04:51:10+00:00,"실제 유저 운영법이랑 운영진 의도랑 괴리 안생기게 하기는 개뿔
기존 사이클 부숴놓으려고 아주 발악을 다했구만",실제 유저 운영법이랑 운영진 의도랑 괴리 안생기게 하기는 개뿔 기존 사이클 부숴놓으려고 아주 발악을 다했구만,"['실제', '유저', '운영', '법', '운영', '진', '의도', '괴리', '생기', '개뿔', '기존', '사이클', '부수', '발악', '하']",,,,,
8AQzaI4T3Ic,렌 10초 상향은 지리네,11,2026-07-23 04:47:51+00:00,렌 10초 상향은 지리네,렌 10초 상향은 지리네,"['렌', '초', '상향', '지리']",,,,,
8AQzaI4T3Ic,창섭아 나로 듀블 살려내라,43,2026-07-23 04:46:44+00:00,창섭아 나로 듀블 살려내라,창섭아 나로 듀블 살려내라,"['창섭', '듀블', '살리']",,,,,
1cljEsT6jck,옛날 메엠 이네,0,2026-07-23 04:46:02+00:00,옛날 메엠 이네,옛날 메엠 이네,"['옛날', '메', '엠']",,,,,
8AQzaI4T3Ic,엔버는 밸패마다 패싱하더니 이제는 너프를때려? ㅋㅋㅋ,99,2026-07-23 04:45:43+00:00,엔버는 밸패마다 패싱하더니 이제는 너프를때려? ㅋㅋㅋ,엔버는 밸패마다 패싱하더니 이제는 너프를때려? ㅋㅋ,"['엔버', '밸패', '패싱', '이제', '너프', '때리']",,,,,
8AQzaI4T3Ic,"아잉눈은 못참지
...는 제발 남자얼굴4좀 풀어라 좀...",3,2026-07-23 04:45:00+00:00,"아잉눈은 못참지
...는 제발 남자얼굴4좀 풀어라 좀...",아잉눈은 못참지 는 제발 남자얼굴4좀 풀어라 좀,"['눈', '참', '남자', '얼굴', '풀']",,,,,
8AQzaI4T3Ic,Pc방 vip 사우나 코인 50개 아니고 30개입니다 참고하셔요,20,2026-07-23 04:43:34+00:00,Pc방 vip 사우나 코인 50개 아니고 30개입니다 참고하셔요,Pc방 vip 사우나 코인 50개 아니고 30개입니다 참고하셔요,"['방', '사우나', '코인', '개', '개', '참고']",,,,,
8AQzaI4T3Ic,? 렌 쿨감소 상향인가요????,4,2026-07-23 04:43:27+00:00,? 렌 쿨감소 상향인가요????,? 렌 쿨감소 상향인가요??,"['렌', '쿨', '감소', '상향']",,,,,
8AQzaI4T3Ic,렌은 쿨만 엄청 감소시키고 딜 감소시킨 건 없던데 많이 좋아졌으려나,17,2026-07-23 04:42:58+00:00,렌은 쿨만 엄청 감소시키고 딜 감소시킨 건 없던데 많이 좋아졌으려나,렌은 쿨만 엄청 감소시키고 딜 감소시킨 건 없던데 많이 좋아졌으려나,"['렌', '쿨', '감소', '딜', '감소', '거', '없', '좋']",,,,,
8AQzaI4T3Ic,메르 딜 수치 딸깍은 나중에 또 욕 먹게하고 너프해서 나락보내려고 하... ㅋㅋㅋ,1,2026-07-23 04:42:39+00:00,메르 딜 수치 딸깍은 나중에 또 욕 먹게하고 너프해서 나락보내려고 하... ㅋㅋㅋ,메르 딜 수치 딸깍은 나중에 또 욕 먹게하고 너프해서 나락보내려고 하 ㅋㅋ,"['메르', '딜', '수', '치', '딸', '나중', '욕', '먹', '너프', '나락', '보내']",,,,,
8AQzaI4T3Ic,만참 쿨타임 없애라니까,11,2026-07-23 04:42:08+00:00,만참 쿨타임 없애라니까,만참 쿨타임 없애라니까,"['쿨', '타임', '없애']",,,,,
8AQzaI4T3Ic,우리 동네는 1시간에 2000원이라 이젠 걍 자석펫 사는게 효율적이겠다..,1,2026-07-23 04:40:40+00:00,우리 동네는 1시간에 2000원이라 이젠 걍 자석펫 사는게 효율적이겠다..,우리 동네는 1시간에 200원이라 이젠 걍 자석펫 사는게 효율적이겠다,"['동네', '시간', '원', '이제', '자석', '펫', '사', '것', '효율']",,,,,
8AQzaI4T3Ic,"난 이새끼들 도대체 왜2주나 테섭했는지 이해가 안됨
뭐 구조로나 딜로써나 크게 건드린직업도 없는데 테섭만 존내 길었음
2주동안 도대체 뭐한거임?",157,2026-07-23 04:39:06+00:00,"난 이새끼들 도대체 왜2주나 테섭했는지 이해가 안됨
뭐 구조로나 딜로써나 크게 건드린직업도 없는데 테섭만 존내 길었음
2주동안 도대체 뭐한거임?",난 이새끼들 도대체 왜2주나 테섭했는지 이해가 안됨 뭐 구조로나 딜로써나 크게 건드린직업도 없는데 테섭만 존내 길었음 2주동안 도대체 뭐한거임?,"['새끼', '주', '테섭', '이해', '되', '구조', '딜', '크', '건드리', '직업', '없', '데', '테섭', '존내', '길', '주', '동안', '하', '거']",,,,,
8AQzaI4T3Ic,남자 헤어 디자이너  는 진짜 퇴사시켜라,9,2026-07-23 04:36:55+00:00,남자 헤어 디자이너  는 진짜 퇴사시켜라,남자 헤어 디자이너 는 진짜 퇴사시켜라,"['남자', '헤어', '디자이너', '퇴사']",,,,,
8AQzaI4T3Ic,1,0,2026-07-23 04:35:50+00:00,1,1,[],,,,,
8AQzaI4T3Ic,고마워요 맑음로이드,6,2026-07-23 04:35:43+00:00,고마워요 맑음로이드,고마워요 맑음로이드,"['고마워요', '맑음로이드']",,,,,
1cljEsT6jck,7:22 나머지 200만 골드는 수수료일까요 ㅋㅋㅋ,0,2026-07-23 04:35:03+00:00,7:22 나머지 200만 골드는 수수료일까요 ㅋㅋㅋ,7 22 나머지 200만 골드는 수수료일까요 ㅋㅋ,"['나머지', '골드', '수수료']",,,,,
1cljEsT6jck,미니게임이라더니 왤케 뭐가 복잡해보이냐... 설명 간단할줄 알았는데 생각보다 너무길어서 보기만해도 물리네,0,2026-07-23 04:27:55+00:00,미니게임이라더니 왤케 뭐가 복잡해보이냐... 설명 간단할줄 알았는데 생각보다 너무길어서 보기만해도 물리네,미니게임이라더니 왤케 뭐가 복잡해보이냐 설명 간단할줄 알았는데 생각보다 너무길어서 보기만해도 물리네,"['미니', '게임', '하', '보이', '설명', '줄', '알', '생각', '길', '보', '물리']",,,,,
1cljEsT6jck,몇일 빠져도 상관없나요(?),0,2026-07-23 04:27:15+00:00,몇일 빠져도 상관없나요(?),몇일 빠져도 상관없나요 ?,"['일', '빠지', '상관없']",,,,,
1cljEsT6jck,에스페시아 레어떳으면 개추,34,2026-07-23 04:25:36+00:00,에스페시아 레어떳으면 개추,에스페시아 레어떳으면 개추,"['에스페시아', '레어', '뜨', '개추']",,,,,
S_GT7ITncjw,어흐...,0,2026-07-23 03:43:46+00:00,어흐...,어흐,[],,,,,
1cljEsT6jck,스펙터 블라스트 나름 재밌었는데ㅋㅋㅋㅋ 뭔가 사라지니 아쉽네,0,2026-07-23 03:09:19+00:00,스펙터 블라스트 나름 재밌었는데ㅋㅋㅋㅋ 뭔가 사라지니 아쉽네,스펙터 블라스트 나름 재밌었는데ㅋㅋ 뭔가 사라지니 아쉽네,"['스펙터', '블라스트', '나름', '재밌', '사라지', '아쉽']",,,,,
1cljEsT6jck,이게 메키인가요?,0,2026-07-23 02:56:25+00:00,이게 메키인가요?,이게 메키인가요?,['메키'],,,,,
1cljEsT6jck,고마워요 맑음 누나,11,2026-07-23 02:54:55+00:00,고마워요 맑음 누나,고마워요 맑음 누나,"['고마워요', '맑음', '누나']",,,,,
1cljEsT6jck,경험치 많이 주나?,0,2026-07-23 02:53:52+00:00,경험치 많이 주나?,경험치 많이 주나?,"['경험치', '주']",,,,,
S_GT7ITncjw,저는 말 그대로 숨은 애들 찾는 건 줄 알았는데 일일이 노가다로 하는 거였군요. 이번 컨텐츠 설명이 부족했음;;,10,2026-07-23 02:52:16+00:00,저는 말 그대로 숨은 애들 찾는 건 줄 알았는데 일일이 노가다로 하는 거였군요. 이번 컨텐츠 설명이 부족했음;;,저는 말 그대로 숨은 애들 찾는 건 줄 알았는데 일일이 노가다로 하는 거였군요 이번 컨텐츠 설명이 부족했음,"['말', '숨', '애', '찾', '거', '줄', '알', '노가다', '하', '거', '이번', '컨텐츠', '설명', '부족']",,,,,
6bLaTCHm-8A,시급 만원받으면서 핸즈돌리면 남는게 없다는거임,0,2026-07-23 02:51:54+00:00,시급 만원받으면서 핸즈돌리면 남는게 없다는거임,시급 만원받으면서 핸즈돌리면 남는게 없다는거임,"['시급', '원', '받', '핸즈', '돌리', '남', '것', '없', '거']",,,,,
1cljEsT6jck,1:34 몬컬 추,10,2026-07-23 02:50:57+00:00,1:34 몬컬 추,1 34 몬컬 추,"['몬컬', '추']",,,,,
1cljEsT6jck,이것도 어려우면 유튜브 댓글은 어케 다는거냐 ㅋㅋㅋㅋㅋ,0,2026-07-23 02:50:04+00:00,이것도 어려우면 유튜브 댓글은 어케 다는거냐 ㅋㅋㅋㅋㅋ,이것도 어려우면 유튜브 댓글은 어케 다는거냐 ㅋㅋ,"['어렵', '유튜브', '댓글', '하', '거']",,,,,
1cljEsT6jck,에페1-6에 써요 이제 2단장비2개면 쭉쭉밀림,3,2026-07-23 02:47:24+00:00,에페1-6에 써요 이제 2단장비2개면 쭉쭉밀림,에페1 6에 써요 이제 2단장비2개면 쭉쭉밀림,"['에페', '쓰', '단', '장비', '개', '면', '밀리']",,,,,
1cljEsT6jck,1-3에서 안 넘어가면 개추,348,2026-07-23 02:38:13+00:00,1-3에서 안 넘어가면 개추,1 3에서 안 넘어가면 개추,"['넘어가', '개추']",,,,,
1cljEsT6jck,메키?,0,2026-07-23 02:33:16+00:00,메키?,메키?,['메키'],,,,,
1cljEsT6jck,부정적인 의견 존나 많네 아무것도 안했는데를 원하는거임?,0,2026-07-23 02:31:51+00:00,부정적인 의견 존나 많네 아무것도 안했는데를 원하는거임?,부정적인 의견 존나 많네 아무것도 안했는데를 원하는거임?,"['부정', '의견', '많', '아무것', '하', '원하', '거']",,,,,
1cljEsT6jck,아니 이것도 어렵고 성가시면 도데체 어느정도의 난이도를 원하는거임?,0,2026-07-23 02:22:09+00:00,아니 이것도 어렵고 성가시면 도데체 어느정도의 난이도를 원하는거임?,아니 이것도 어렵고 성가시면 도데체 어느정도의 난이도를 원하는거임?,"['어렵', '성가시', '도데체', '정도', '난이도', '원하', '거']",,,,,
1cljEsT6jck,감사합니다 필요한 영상이었어요,0,2026-07-23 02:15:29+00:00,감사합니다 필요한 영상이었어요,감사합니다 필요한 영상이었어요,"['감사', '필요', '영상']",,,,,
1cljEsT6jck,미니게임 창이 닫쳤는데 울티마스쿼드를 눌러도 다시 열리지 않습니다... 여는방법이 잇을까요?,0,2026-07-23 02:14:23+00:00,미니게임 창이 닫쳤는데 울티마스쿼드를 눌러도 다시 열리지 않습니다... 여는방법이 잇을까요?,미니게임 창이 닫쳤는데 울티마스쿼드를 눌러도 다시 열리지 않습니다 여는방법이 잇을까요?,"['미니', '게임', '창', '닫', '치', '울티마스쿼드', '누르', '열리', '방법']",,,,,
1cljEsT6jck,경험치 받는 형식은 어케되는건가요?? 본캐로 울티마 스쿼드 돌리고 챌섭캐로 경험치 받을수 있는건가요 아니면 켜놓으면 그 캐릭터한테 경험치가 들어가는건가요,0,2026-07-23 02:13:46+00:00,경험치 받는 형식은 어케되는건가요?? 본캐로 울티마 스쿼드 돌리고 챌섭캐로 경험치 받을수 있는건가요 아니면 켜놓으면 그 캐릭터한테 경험치가 들어가는건가요,경험치 받는 형식은 어케되는건가요?? 본캐로 울티마 스쿼드 돌리고 챌섭캐로 경험치 받을수 있는건가요 아니면 켜놓으면 그 캐릭터한테 경험치가 들어가는건가요,"['경험치', '받', '형식', '하', '되', '거', '본캐로', '울티마', '스쿼드', '돌리', '챌섭캐', '경험치', '받', '수', '있', '거', '켜', '캐릭터', '경험치', '들어가', '거']",,,,,
1cljEsT6jck,아씨 안보고했다가 30분날림 항상 감사합니다,0,2026-07-23 02:13:31+00:00,아씨 안보고했다가 30분날림 항상 감사합니다,아씨 안보고했다가 30분날림 항상 감사합니다,"['아씨', '보', '하', '분', '날리', '감사']",,,,,
S_GT7ITncjw,레테 안키웠는데 레테만 가능한 이벤트였어... 두번째 하버 안줄라나,1,2026-07-23 02:05:52+00:00,레테 안키웠는데 레테만 가능한 이벤트였어... 두번째 하버 안줄라나,레테 안키웠는데 레테만 가능한 이벤트였어 두번째 하버 안줄라나,"['레테', '키우', '레테', '가능', '이벤트', '번', '하버', '주']",,,,,
S_GT7ITncjw,그냥 쟤도 하인이니까 레테 소환수로...,0,2026-07-23 01:48:33+00:00,그냥 쟤도 하인이니까 레테 소환수로...,그냥 쟤도 하인이니까 레테 소환수로,"['하인', '레테', '소', '환수']",,,,,
1cljEsT6jck,미니게임은 그냥 옛날 드래곤 블래스트급으로 만들면 좋겠음 숙제를 왜케 디테일 + 공략요구 하고 하드하게 만드는거야,9,2026-07-23 01:47:51+00:00,미니게임은 그냥 옛날 드래곤 블래스트급으로 만들면 좋겠음 숙제를 왜케 디테일 + 공략요구 하고 하드하게 만드는거야,미니게임은 그냥 옛날 드래곤 블래스트급으로 만들면 좋겠음 숙제를 왜케 디테일 공략요구 하고 하드하게 만드는거야,"['미니', '게임', '옛날', '드래곤', '블래스트급', '만들', '좋', '숙제', '하', '디테일', '공략', '요구', '하', '하드', '거']",,,,,
S_GT7ITncjw,댓글 지랄났네 아주,3,2026-07-23 01:44:37+00:00,댓글 지랄났네 아주,댓글 지랄났네 아주,"['댓글', '지랄', '나']",,,,,
S_GT7ITncjw,으흐흐흐흐 잘 사용해줄게,0,2026-07-23 01:43:06+00:00,으흐흐흐흐 잘 사용해줄게,으흐흐 잘 사용해줄게,['사용'],,,,,
1cljEsT6jck,브금 뭔데 신나노,3,2026-07-23 01:40:15+00:00,브금 뭔데 신나노,브금 뭔데 신나노,"['브금', '신나']",,,,,
1cljEsT6jck,브금 감다살 ㅋㅋ,0,2026-07-23 01:36:34+00:00,브금 감다살 ㅋㅋ,브금 감다살 ㅋㅋ,"['브금', '감다살']",,,,,
1cljEsT6jck,안하면 그만이야~~,0,2026-07-23 01:36:33+00:00,안하면 그만이야~~,안하면 그만이야,['하'],,,,,
6bLaTCHm-8A,몬파M 시간당 만원 감다살이네.. 수동 사냥하면 시급 만원이네 재획 드가자,2,2026-07-23 01:33:25+00:00,몬파M 시간당 만원 감다살이네.. 수동 사냥하면 시급 만원이네 재획 드가자,몬파M 시간당 만원 감다살이네 수동 사냥하면 시급 만원이네 재획 드가자,"['파', '시간', '원', '감다살이네', '수동', '사냥', '시급', '원', '획', '드', '가']",,,,,
1cljEsT6jck,저거 완전 메이플 키우기잔아.ㅋㅋ,0,2026-07-23 01:32:35+00:00,저거 완전 메이플 키우기잔아.ㅋㅋ,저거 완전 메이플 키우기잔아 ㅋㅋ,"['메이플', '키우', '잔', '아']",,,,,
1cljEsT6jck,"본섭 나오면서 골드는 손보고 나왔네
영입비용, 슬롯확장비용 등등 다 낮아진거같아여",0,2026-07-23 01:30:30+00:00,"본섭 나오면서 골드는 손보고 나왔네
영입비용, 슬롯확장비용 등등 다 낮아진거같아여",본섭 나오면서 골드는 손보고 나왔네 영입비용 슬롯확장비용 등등 다 낮아진거같아여,"['본섭', '나오', '골드', '손보', '나오', '영입', '비용', '슬롯', '확장', '비용', '등등', '낮', '거', '같']",,,,,
1cljEsT6jck,메이플 안에서 메키하기 ㅋㅋㅋ,0,2026-07-23 01:29:27+00:00,메이플 안에서 메키하기 ㅋㅋㅋ,메이플 안에서 메키하기 ㅋㅋ,"['메이플', '안', '메키']",,,,,
1cljEsT6jck,5:13 본섭오면서 10만골드로 바뀐듯,56,2026-07-23 01:26:43+00:00,5:13 본섭오면서 10만골드로 바뀐듯,5 13 본섭오면서 10만골드로 바뀐듯,"['본섭', '오', '골드', '바뀌', '듯']",,,,,
1cljEsT6jck,뺑뻉이 돌리고..~,0,2026-07-23 01:25:10+00:00,뺑뻉이 돌리고..~,뺑뻉이 돌리고,"['뺑뻉', '돌리']",,,,,
1cljEsT6jck,이거 보상은 챌섭이랑 본섭이렁 같이 연동임?,0,2026-07-23 01:24:30+00:00,이거 보상은 챌섭이랑 본섭이렁 같이 연동임?,이거 보상은 챌섭이랑 본섭이렁 같이 연동임?,"['보상', '챌섭', '본섭이렁', '연동임']",,,,,
1cljEsT6jck,10시전에 올렸어야지 어허! 언제나 고맙다,2,2026-07-23 01:24:03+00:00,10시전에 올렸어야지 어허! 언제나 고맙다,10시전에 올렸어야지 어허 언제나 고맙다,"['시', '전', '올리', '고맙']",,,,,
1cljEsT6jck,이런신경쓰이는것좀 쳐 안만들엇으면좋겟네.,1,2026-07-23 01:22:43+00:00,이런신경쓰이는것좀 쳐 안만들엇으면좋겟네.,이런신경쓰이는것좀 쳐 안만들엇으면좋겟네,"['신경', '쓰이', '것', '치', '만들', '좋']",,,,,
1cljEsT6jck,스펙터 한번도 안 했는데 이건 할만하겠네요... 메이플 안에서 또 메이플 하기ㅋㅋㅋㅋ,0,2026-07-23 01:21:59+00:00,스펙터 한번도 안 했는데 이건 할만하겠네요... 메이플 안에서 또 메이플 하기ㅋㅋㅋㅋ,스펙터 한번도 안 했는데 이건 할만하겠네요 메이플 안에서 또 메이플 하기ㅋㅋ,"['스펙터', '번', '하', '하', '만', '메이플', '안', '메이플', '하기']",,,,,
1cljEsT6jck,스펙터 없어져서 좋아했는데 말이 딸깍이지 쏟는 시간은 스펙터보다 많이 들겠네,54,2026-07-23 01:14:25+00:00,스펙터 없어져서 좋아했는데 말이 딸깍이지 쏟는 시간은 스펙터보다 많이 들겠네,스펙터 없어져서 좋아했는데 말이 딸깍이지 쏟는 시간은 스펙터보다 많이 들겠네,"['스펙', '트', '없', '좋아하', '말', '딸', '쏟', '시간', '스펙터', '들']",,,,,
1cljEsT6jck,메키 망했다고 본메에서 강제로 메키를 시키네,2,2026-07-23 01:11:48+00:00,메키 망했다고 본메에서 강제로 메키를 시키네,메키 망했다고 본메에서 강제로 메키를 시키네,"['메키', '망하', '본메', '강제', '메', '키', '시키']",,,,,
1cljEsT6jck,3분전 핫하다,2,2026-07-23 01:08:31+00:00,3분전 핫하다,3분전 핫하다,"['분', '전', '핫하']",,,,,
1cljEsT6jck,굿,1,2026-07-23 01:07:49+00:00,굿,굿,['굿'],,,,,
1cljEsT6jck,그래그래 오늘은 빠르네 바로 봐주마,5,2026-07-23 01:06:44+00:00,그래그래 오늘은 빠르네 바로 봐주마,그래그래 오늘은 빠르네 바로 봐주마,"['오늘', '빠르', '보']",,,,,
1cljEsT6jck,역시 맑음로이드 ㄷㄷ,4,2026-07-23 01:06:22+00:00,역시 맑음로이드 ㄷㄷ,역시 맑음로이드 ㄷㄷ,"['맑음', '로이드']",,,,,
1cljEsT6jck,갑자기 공략영상이 8초전은 못참죠,1,2026-07-23 01:05:56+00:00,갑자기 공략영상이 8초전은 못참죠,갑자기 공략영상이 8초전은 못참죠,"['공략', '영상', '초', '전', '참']",,,,,
1cljEsT6jck,ㄱ,0,2026-07-23 01:05:31+00:00,ㄱ,ㄱ,[],,,,,
S_GT7ITncjw,헤이즐을 깃털로 문질문질...,3,2026-07-23 00:52:47+00:00,헤이즐을 깃털로 문질문질...,헤이즐을 깃털로 문질문질,"['헤이즐', '깃털', '문질문질']",,,,,
S_GT7ITncjw,이제 내 부탁도 하나 들어줘야겠지? 으흐흐,38,2026-07-23 00:51:05+00:00,이제 내 부탁도 하나 들어줘야겠지? 으흐흐,이제 내 부탁도 하나 들어줘야겠지? 으흐흐,"['부탁', '들']",,,,,
S_GT7ITncjw,1. 헤이즐을 들어올린다.,10,2026-07-23 00:27:29+00:00,1. 헤이즐을 들어올린다.,1 헤이즐을 들어올린다,"['헤이즐', '들', '올리']",,,,,
S_GT7ITncjw,폴드8 사고싶다.,2,2026-07-23 00:17:28+00:00,폴드8 사고싶다.,폴드8 사고싶다,"['폴드8', '사']",,,,,
S_GT7ITncjw,2:04 이야....대사가 맛도리네,6,2026-07-23 00:16:03+00:00,2:04 이야....대사가 맛도리네,2 04 이야 대사가 맛도리네,"['대사', '맛', '도리']",,,,,
S_GT7ITncjw,울티마 공략좀요 ㅠㅠ,0,2026-07-23 00:09:04+00:00,울티마 공략좀요 ㅠㅠ,울티마 공략좀요 ㅠㅠ,"['울티마', '공략']",,,,,
J5bP0Xd7Wyg,"칼로스 레전드는 2페 패턴중 왼비 혹은 우주선 공격이 날라와서 뒤지는거임 
이걸 없애야지 패턴중에 ㅅㅂ 다른 패턴이 곂치는건 뭔 경우야",0,2026-07-22 23:37:39+00:00,"칼로스 레전드는 2페 패턴중 왼비 혹은 우주선 공격이 날라와서 뒤지는거임 
이걸 없애야지 패턴중에 ㅅㅂ 다른 패턴이 곂치는건 뭔 경우야",칼로스 레전드는 2페 패턴중 왼비 혹은 우주선 공격이 날라와서 뒤지는거임 이걸 없애야지 패턴중에 ㅅㅂ 다른 패턴이 곂치는건 뭔 경우야,"['칼로스', '레전드', '페', '패턴', '중', '왼비', '우주선', '공격', '날라오', '뒤지', '거', '없애', '패턴', '중', '패턴', '곂', '치', '거', '경우']",,,,,
S_GT7ITncjw,내 아내임는 레테고 얘는 내 세컨드임,1,2026-07-22 23:31:00+00:00,내 아내임는 레테고 얘는 내 세컨드임,내 아내임는 레테고 얘는 내 세컨드임,"['아내', '늘', '레테', '세컨드']",,,,,
S_GT7ITncjw,헤이즐 으럇으럇 마렵구만,7,2026-07-22 23:22:22+00:00,헤이즐 으럇으럇 마렵구만,헤이즐 으럇으럇 마렵구만,"['헤이즐', '으럇으럇', '마렵']",,,,,
S_GT7ITncjw,솔직히 헤이즐은 플블로 내줬으면 했는데...,3,2026-07-22 23:14:56+00:00,솔직히 헤이즐은 플블로 내줬으면 했는데...,솔직히 헤이즐은 플블로 내줬으면 했는데,"['헤이즐', '플블', '내']",,,,,
S_GT7ITncjw,꿀팁 굿 👍,2,2026-07-22 23:13:32+00:00,꿀팁 굿 👍,꿀팁 굿,"['꿀', '팁', '굿']",,,,,
S_GT7ITncjw,"""노예생겼다고(?) 용도외 사용하지마시오.""",7,2026-07-22 23:13:14+00:00,"""노예생겼다고(?) 용도외 사용하지마시오.""",노예생겼다고 ? 용도외 사용하지마시오,"['노예', '생기', '용도', '외', '사용']",,,,,
S_GT7ITncjw,내 아내임,0,2026-07-22 23:11:53+00:00,내 아내임,내 아내임,['아내'],,,,,
S_GT7ITncjw,57년박옥춘띠,0,2026-07-22 23:11:13+00:00,57년박옥춘띠,57년박옥춘띠,"['년', '박', '옥', '춘', '띠']",,,,,
S_GT7ITncjw,👏🏻👏🏻👏🏻,1,2026-07-22 23:11:06+00:00,👏🏻👏🏻👏🏻,,[],,,,,
S_GT7ITncjw,대맑음,1,2026-07-22 23:10:59+00:00,대맑음,대맑음,['맑'],,,,,
S_GT7ITncjw,ㅇㄱㄱㄷ,0,2026-07-22 23:10:51+00:00,ㅇㄱㄱㄷ,ㅇㄱㄱㄷ,[],,,,,
J5bP0Xd7Wyg,보스 바인드 캔슬 때 맑음T1 직업이 뭔가용?,0,2026-07-22 20:36:46+00:00,보스 바인드 캔슬 때 맑음T1 직업이 뭔가용?,보스 바인드 캔슬 때 맑음T1 직업이 뭔가용?,"['보스', '바', '인', '드', '캔', '때', '맑음', '직업']",,,,,
6bLaTCHm-8A,지갑전사들 총 출동,0,2026-07-22 19:41:34+00:00,지갑전사들 총 출동,지갑전사들 총 출동,"['지갑', '전사', '출동']",,,,,
6bLaTCHm-8A,이번엔 좀 지른다는 분들이 지르겠네요,0,2026-07-22 19:41:09+00:00,이번엔 좀 지른다는 분들이 지르겠네요,이번엔 좀 지른다는 분들이 지르겠네요,"['이번', '지르', '분', '지르']",,,,,
6bLaTCHm-8A,8초부터 나오는 bgm 뭔지 아시는분,0,2026-07-22 19:10:39+00:00,8초부터 나오는 bgm 뭔지 아시는분,8초부터 나오는 bgm 뭔지 아시는분,"['초', '나오', '분']",,,,,
6bLaTCHm-8A,몬파 100%랑 86%는 뭐지 아 일요일이랑 평일 차이인가?,0,2026-07-22 16:09:27+00:00,몬파 100%랑 86%는 뭐지 아 일요일이랑 평일 차이인가?,몬파 100 랑 86 는 뭐지 아 일요일이랑 평일 차이인가?,"['파', '랑', '늘', '일요일', '평일', '차이']",,,,,
FMUmSNtWlEU,하이퍼버닝 그 캐시템 어캐 얻는거에요 ? 왕관모자랑 칼이랑 캐시템 왜 안뜨지,1,2026-07-22 15:38:22+00:00,하이퍼버닝 그 캐시템 어캐 얻는거에요 ? 왕관모자랑 칼이랑 캐시템 왜 안뜨지,하이퍼버닝 그 캐시템 어캐 얻는거에요 ? 왕관모자랑 칼이랑 캐시템 왜 안뜨지,"['하이퍼버닝', '캐시템', '캐', '얻', '거', '왕관', '모자', '칼', '캐시템', '뜨']",,,,,
6bLaTCHm-8A,에라 모르겠고 난 그냥 다 살란다 ㅋㅋㅋㅋ,0,2026-07-22 14:55:09+00:00,에라 모르겠고 난 그냥 다 살란다 ㅋㅋㅋㅋ,에라 모르겠고 난 그냥 다 살란다 ㅋㅋ,"['모르', '살', '하']",,,,,
6bLaTCHm-8A,bgm 정보 궁금합니다ㅏ,0,2026-07-22 14:30:51+00:00,bgm 정보 궁금합니다ㅏ,bgm 정보 궁금합니다ㅏ,"['정보', '궁금하']",,,,,
6bLaTCHm-8A,사냥조차 할 시간 없는 무한 사우나유저만 하겠네,0,2026-07-22 13:50:58+00:00,사냥조차 할 시간 없는 무한 사우나유저만 하겠네,사냥조차 할 시간 없는 무한 사우나유저만 하겠네,"['사냥', '하', '시간', '없', '무한', '사우나', '유저', '하']",,,,,
6bLaTCHm-8A,깔끔한 정리 아주 고맙소,0,2026-07-22 13:05:45+00:00,깔끔한 정리 아주 고맙소,깔끔한 정리 아주 고맙소,"['정리', '고맙']",,,,,
J5bP0Xd7Wyg,혹시 획경 1022퍼 어떻게 해야 되나요?,0,2026-07-22 12:38:30+00:00,혹시 획경 1022퍼 어떻게 해야 되나요?,혹시 획경 1022퍼 어떻게 해야 되나요?,"['획', '퍼', '어떻', '하', '되']",,,,,
6bLaTCHm-8A,결론: 싹다 거르면 됨,0,2026-07-22 12:21:14+00:00,결론: 싹다 거르면 됨,결론 싹다 거르면 됨,"['결론', '거르', '되']",,,,,
6bLaTCHm-8A,"가격이 비싸다고 느껴지면 본인이 해당 물품의 소비층이 아닌건데 그냥 깜냥에 맞게 플레이하면됨.
뭐 핸즈가 반필수적인 요소도 아니고 진짜 부가적인 요소인데",1,2026-07-22 11:20:02+00:00,"가격이 비싸다고 느껴지면 본인이 해당 물품의 소비층이 아닌건데 그냥 깜냥에 맞게 플레이하면됨.
뭐 핸즈가 반필수적인 요소도 아니고 진짜 부가적인 요소인데",가격이 비싸다고 느껴지면 본인이 해당 물품의 소비층이 아닌건데 그냥 깜냥에 맞게 플레이하면됨 뭐 핸즈가 반필수적인 요소도 아니고 진짜 부가적인 요소인데,"['가격', '비싸', '느끼', '본인', '해당', '물품', '소비', '거', '깜냥', '맞', '플레이', '되', '핸즈', '반', '필수', '요소', '부가', '요소']",,,,,
6bLaTCHm-8A,핸즈는 mvp들은 그냥 쓸수있게 추가해줘야지 저걸 누가 사서해,0,2026-07-22 11:18:44+00:00,핸즈는 mvp들은 그냥 쓸수있게 추가해줘야지 저걸 누가 사서해,핸즈는 mvp들은 그냥 쓸수있게 추가해줘야지 저걸 누가 사서해,"['핸즈', '쓰', '수', '있', '추가', '사', '하']",,,,,
6bLaTCHm-8A,Mvp블랙 혜택좀 늘려주지 메이플 사발럼들..,0,2026-07-22 11:18:15+00:00,Mvp블랙 혜택좀 늘려주지 메이플 사발럼들..,Mvp블랙 혜택좀 늘려주지 메이플 사발럼들,"['블랙', '혜택', '늘리', '메이플', '사발', '럼']",,,,,
6bLaTCHm-8A,모멘텀패스 혹시 사냥안하고 매주포인트 전부 채워지는걸까요 ? 일이바빠져서 근 한달간 사냥을 거의 못할거같은데 사도 괜찮은건지 모르겠네요 ㅠ,1,2026-07-22 11:14:31+00:00,모멘텀패스 혹시 사냥안하고 매주포인트 전부 채워지는걸까요 ? 일이바빠져서 근 한달간 사냥을 거의 못할거같은데 사도 괜찮은건지 모르겠네요 ㅠ,모멘텀패스 혹시 사냥안하고 매주포인트 전부 채워지는걸까요 ? 일이바빠져서 근 한달간 사냥을 거의 못할거같은데 사도 괜찮은건지 모르겠네요 ㅠ,"['모멘텀', '패스', '사냥', '하', '포인트', '채우', '거', '일', '바쁘', '달', '간', '사냥', '하', '거', '같', '사', '괜찮', '거', '모르']",,,,,
6bLaTCHm-8A,창섭아 돈좀 그만밝혀라 몬파 핸즈 진짜 혁명이구나...했는데 다신 할일없겠네,1,2026-07-22 10:58:17+00:00,창섭아 돈좀 그만밝혀라 몬파 핸즈 진짜 혁명이구나...했는데 다신 할일없겠네,창섭아 돈좀 그만밝혀라 몬파 핸즈 진짜 혁명이구나 했는데 다신 할일없겠네,"['창섭', '돈', '밝히', '파', '핸즈', '혁명', '하', '하', '일', '없']",,,,,
6bLaTCHm-8A,"288에80퍼인데 탈라하트 가고싶은데
모멘텀살까요 주마다 메카베리 두번살까요 ㅠ",0,2026-07-22 10:18:25+00:00,"288에80퍼인데 탈라하트 가고싶은데
모멘텀살까요 주마다 메카베리 두번살까요 ㅠ",288에80퍼인데 탈라하트 가고싶은데 모멘텀살까요 주마다 메카베리 두번살까요 ㅠ,"['퍼', '탈라하트', '가', '모멘텀', '사', '주', '메카베리', '번', '사']",,,,,
6bLaTCHm-8A,"이러면 챌섭캐에줘야겠네
285 여유롭게찍으려면",0,2026-07-22 10:02:46+00:00,"이러면 챌섭캐에줘야겠네
285 여유롭게찍으려면",이러면 챌섭캐에줘야겠네 285 여유롭게찍으려면,"['이러', '챌섭캐', '주', '여유', '찍']",,,,,
6bLaTCHm-8A,"패스는 사고
농장은 고민해봐야겠네요
에픽던전 1단계 고정
몬파는 스페셜 일요일에만 7판 돌고 있는 정도면 농장은 굳이?인 느낌일까요",0,2026-07-22 09:56:40+00:00,"패스는 사고
농장은 고민해봐야겠네요
에픽던전 1단계 고정
몬파는 스페셜 일요일에만 7판 돌고 있는 정도면 농장은 굳이?인 느낌일까요",패스는 사고 농장은 고민해봐야겠네요 에픽던전 1단계 고정 몬파는 스페셜 일요일에만 7판 돌고 있는 정도면 농장은 굳이?인 느낌일까요,"['패스', '사고', '농장', '고민', '에픽던전', '단계', '고정', '파', '스페셜', '일요일', '판', '돌', '정도', '농장', '느낌']",,,,,
6bLaTCHm-8A,몬파핸즈 만원은 ㅅㅂ 누가사냐 ㅋㅋㅋㅋ,1,2026-07-22 09:49:09+00:00,몬파핸즈 만원은 ㅅㅂ 누가사냐 ㅋㅋㅋㅋ,몬파핸즈 만원은 ㅅㅂ 누가사냐 ㅋㅋ,"['몬파핸즈', '원', '살']",,,,,
6bLaTCHm-8A,"몬파핸즈 너무욕심부리네
그냥 mvp혜택에넣지 ㄹㅇ",0,2026-07-22 09:14:30+00:00,"몬파핸즈 너무욕심부리네
그냥 mvp혜택에넣지 ㄹㅇ",몬파핸즈 너무욕심부리네 그냥 mvp혜택에넣지 ㄹㅇ,"['몬파핸즈', '욕심', '부리', '혜택', '넣']",,,,,
6bLaTCHm-8A,"mvp 보상 상향을 왜 하냐 그냥 그대로 냅둬라 그나마 변경은 블랙쪽에만 저런 몬파만 몇시간 주고 끝내는게 나은거지
mvp레드 누가 필수로 달라고 한것도 아니고 그냥 지들이 달아놓고 뭘 또 상향을 해서 mvp를 반필수적 요인으로 만들려고하냐
그리고 몬파도 원래 300원에서 경험치2배되고 600원으로 비싸졋는데 여기서 이득보는거는 꼭 빼고 너프어쩌고 저쩌고",2,2026-07-22 09:02:27+00:00,"mvp 보상 상향을 왜 하냐 그냥 그대로 냅둬라 그나마 변경은 블랙쪽에만 저런 몬파만 몇시간 주고 끝내는게 나은거지
mvp레드 누가 필수로 달라고 한것도 아니고 그냥 지들이 달아놓고 뭘 또 상향을 해서 mvp를 반필수적 요인으로 만들려고하냐
그리고 몬파도 원래 300원에서 경험치2배되고 600원으로 비싸졋는데 여기서 이득보는거는 꼭 빼고 너프어쩌고 저쩌고",mvp 보상 상향을 왜 하냐 그냥 그대로 냅둬라 그나마 변경은 블랙쪽에만 저런 몬파만 몇시간 주고 끝내는게 나은거지 mvp레드 누가 필수로 달라고 한것도 아니고 그냥 지들이 달아놓고 뭘 또 상향을 해서 mvp를 반필수적 요인으로 만들려고하냐 그리고 몬파도 원래 300원에서 경험치2배되고 600원으로 비싸졋는데 여기서 이득보는거는 꼭 빼고 너프어쩌고 저쩌고,"['보상', '상향', '하', '냅두', '변경', '블랙', '쪽', '파', '시간', '주', '끝내', '것', '낫', '거', '레드', '누', '필수', '달', '하', '것', '달', '상향', '하', '반', '필수', '요인', '만들', '파', '원', '경험치', '배', '되', '원', '비싸', '이득', '보', '거', '빼', '너프', '어쩌', '저쩌']",,,,,
6bLaTCHm-8A,"5000원이면 살만하다 싶은데, 만원은 좀;;",0,2026-07-22 09:00:15+00:00,"5000원이면 살만하다 싶은데, 만원은 좀;;",500원이면 살만하다 싶은데 만원은 좀,"['원', '살', '만', '원']",,,,,
6bLaTCHm-8A,"그냥 핸즈 자체는 MVP랑 묶어버리던가 아니면 가격 좀 깎아야할거같던데. 솔직히 화면 전환 안 되는 것도 불편한데 가격 대비 주는 보상도 진짜 애매함 그 자체.
솔직히 핸즈 만원은 살 생각도 안 남.",3,2026-07-22 08:54:17+00:00,"그냥 핸즈 자체는 MVP랑 묶어버리던가 아니면 가격 좀 깎아야할거같던데. 솔직히 화면 전환 안 되는 것도 불편한데 가격 대비 주는 보상도 진짜 애매함 그 자체.
솔직히 핸즈 만원은 살 생각도 안 남.",그냥 핸즈 자체는 MVP랑 묶어버리던가 아니면 가격 좀 깎아야할거같던데 솔직히 화면 전환 안 되는 것도 불편한데 가격 대비 주는 보상도 진짜 애매함 그 자체 솔직히 핸즈 만원은 살 생각도 안 남,"['핸즈', '자체', '묶', '가격', '깎', '거', '같', '화면', '전환', '되', '것', '불편', '가격', '대비', '보상', '자체', '핸즈', '원', '사', '생각', '나']",,,,,
6bLaTCHm-8A,블루베리나 메카베리 농장은 피방 경험치부스트같은것도 아예 안받는거죠?,0,2026-07-22 08:50:22+00:00,블루베리나 메카베리 농장은 피방 경험치부스트같은것도 아예 안받는거죠?,블루베리나 메카베리 농장은 피방 경험치부스트같은것도 아예 안받는거죠?,"['블루베리', '메카베리', '농장', '피', '방', '경험치부스트', '같', '것', '받', '거']",,,,,
6bLaTCHm-8A,몬파 파크는 해외 여행이나 출장 으로 재획 못할때 이럴때 좋겠네요,0,2026-07-22 08:49:42+00:00,몬파 파크는 해외 여행이나 출장 으로 재획 못할때 이럴때 좋겠네요,몬파 파크는 해외 여행이나 출장 으로 재획 못할때 이럴때 좋겠네요,"['파', '파크', '해외', '여행', '출장', '못하', '때', '이렇', '때', '좋']",,,,,
6bLaTCHm-8A,모멘텀 패스 한 주에 2000 포인트 다 쌓으면 1에서 20까지 되는거 맞음?,0,2026-07-22 08:48:06+00:00,모멘텀 패스 한 주에 2000 포인트 다 쌓으면 1에서 20까지 되는거 맞음?,모멘텀 패스 한 주에 200 포인트 다 쌓으면 1에서 20까지 되는거 맞음?,"['모멘텀', '패스', '주', '포인트', '쌓', '되', '거', '맞']",,,,,
6bLaTCHm-8A,패스 선물하기는 안되나요?,0,2026-07-22 08:47:35+00:00,패스 선물하기는 안되나요?,패스 선물하기는 안되나요?,"['패스', '선물', '되']",,,,,
6bLaTCHm-8A,"Mvp 골드는 1시간
다이아는 2시간
레드는 4시간
블랙은 8시간정도 핸즈 몬파 제공해줬음 좋았을텐데",6,2026-07-22 08:36:23+00:00,"Mvp 골드는 1시간
다이아는 2시간
레드는 4시간
블랙은 8시간정도 핸즈 몬파 제공해줬음 좋았을텐데",Mvp 골드는 1시간 다이아는 2시간 레드는 4시간 블랙은 8시간정도 핸즈 몬파 제공해줬음 좋았을텐데,"['골드', '시간', '다이아', '시간', '레드', '시간', '블랙', '시간', '정도', '핸즈', '파', '제공', '좋', '터']",,,,,
6bLaTCHm-8A,시간당  만원은 비싸당 ㄷㄷ,0,2026-07-22 08:31:34+00:00,시간당  만원은 비싸당 ㄷㄷ,시간당 만원은 비싸당 ㄷㄷ,"['시간', '원', '비싸']",,,,,
6bLaTCHm-8A,"경험치 BM은 밸런스를 이렇게 잘 맞추는데

직업밸런스는 ? 왜 그러는거야 창섭아",7,2026-07-22 08:18:38+00:00,"경험치 BM은 밸런스를 이렇게 잘 맞추는데

직업밸런스는 ? 왜 그러는거야 창섭아",경험치 BM은 밸런스를 이렇게 잘 맞추는데 직업밸런스는 ? 왜 그러는거야 창섭아,"['경험치', '밸런스', '이렇', '맞추', '데', '직업', '밸런스', '그러', '거', '창섭']",,,,,
6bLaTCHm-8A,몬파 이번에 에테리온 강화되면서 경험티가 더 높을건데 반영된건가요?,0,2026-07-22 08:10:20+00:00,몬파 이번에 에테리온 강화되면서 경험티가 더 높을건데 반영된건가요?,몬파 이번에 에테리온 강화되면서 경험티가 더 높을건데 반영된건가요?,"['파', '이번', '에테리온', '강화', '경험티', '높', '거', '반영', '거']",,,,,
6bLaTCHm-8A,오늘 새벽에 하면 안되는것들도 알려주시면 안될까요,0,2026-07-22 08:09:30+00:00,오늘 새벽에 하면 안되는것들도 알려주시면 안될까요,오늘 새벽에 하면 안되는것들도 알려주시면 안될까요,"['오늘', '새벽', '하', '되', '것', '알리', '되']",,,,,
6bLaTCHm-8A,정리 감사합니다,0,2026-07-22 07:55:41+00:00,정리 감사합니다,정리 감사합니다,"['정리', '감사']",,,,,
6bLaTCHm-8A,내일이면 283인데 걍 천천히 해도 챌섭 끝나기 전까진 285찍힐듯,8,2026-07-22 07:37:06+00:00,내일이면 283인데 걍 천천히 해도 챌섭 끝나기 전까진 285찍힐듯,내일이면 283인데 걍 천천히 해도 챌섭 끝나기 전까진 285찍힐듯,"['내일', '하', '챌섭', '끝나', '전', '찍히', '듯']",,,,,
6bLaTCHm-8A,리니지 처럼 정액제 게임 다됏구만😢😢😢,1,2026-07-22 07:24:24+00:00,리니지 처럼 정액제 게임 다됏구만😢😢😢,리니지 처럼 정액제 게임 다됏구만,"['리니지', '정액', '게임', '되']",,,,,
6bLaTCHm-8A,남은 8주동안 악몽선경 1단계 풀로 할꺼면 그냥 모멘텀 사는게 낫겠네요..,0,2026-07-22 07:21:51+00:00,남은 8주동안 악몽선경 1단계 풀로 할꺼면 그냥 모멘텀 사는게 낫겠네요..,남은 8주동안 악몽선경 1단계 풀로 할꺼면 그냥 모멘텀 사는게 낫겠네요,"['남', '주', '동안', '악몽', '선경', '단계', '풀', '하', '꺼', '모멘텀', '사', '것', '낫']",,,,,
6bLaTCHm-8A,그러면 블루베리 할바에 그냥 몬파 도는게 더 이득이네,1,2026-07-22 07:17:53+00:00,그러면 블루베리 할바에 그냥 몬파 도는게 더 이득이네,그러면 블루베리 할바에 그냥 몬파 도는게 더 이득이네,"['블루베리', '하', '바', '파', '도', '것', '이득']",,,,,
6bLaTCHm-8A,모멘텀은 좀 비싸서 패스 ㅠ😢,1,2026-07-22 07:17:17+00:00,모멘텀은 좀 비싸서 패스 ㅠ😢,모멘텀은 좀 비싸서 패스 ㅠ,"['모멘텀', '비싸', '패스']",,,,,
6bLaTCHm-8A,몬썬은 신이구나..,0,2026-07-22 07:09:16+00:00,몬썬은 신이구나..,몬썬은 신이구나,"['썬', '신']",,,,,
6bLaTCHm-8A,썬데이몬파는 도대체 얼마나 좋은거임 ㅋㅋㅋㅋㅋㅋㅋ,22,2026-07-22 07:04:41+00:00,썬데이몬파는 도대체 얼마나 좋은거임 ㅋㅋㅋㅋㅋㅋㅋ,썬데이몬파는 도대체 얼마나 좋은거임 ㅋㅋ,"['썬데이몬파', '좋', '거']",,,,,
6bLaTCHm-8A,창섭이가 경험치 BM 만큼은 기깔나게 잘만들었네 그만큼 보스 수익도 전체적으로 올라가서 부담될 정도도 아니고,13,2026-07-22 06:59:01+00:00,창섭이가 경험치 BM 만큼은 기깔나게 잘만들었네 그만큼 보스 수익도 전체적으로 올라가서 부담될 정도도 아니고,창섭이가 경험치 BM 만큼은 기깔나게 잘만들었네 그만큼 보스 수익도 전체적으로 올라가서 부담될 정도도 아니고,"['창섭', '경험치', '만큼', '기', '깔', '나', '만들', '만큼', '보스', '수익', '전체', '올라가', '부담', '정도']",,,,,
6bLaTCHm-8A,내일 메이플 몇시부터 몇시까지 점검일까요?,0,2026-07-22 06:48:46+00:00,내일 메이플 몇시부터 몇시까지 점검일까요?,내일 메이플 몇시부터 몇시까지 점검일까요?,"['메이플', '시', '시', '점검']",,,,,
6bLaTCHm-8A,시간당 만원은 도둑놈의 ㅅ낀가모르겟네,43,2026-07-22 06:46:24+00:00,시간당 만원은 도둑놈의 ㅅ낀가모르겟네,시간당 만원은 도둑놈의 ㅅ낀가모르겟네,"['시간', '원', '도둑놈', '끼', '모르']",,,,,
6bLaTCHm-8A,요약) 썬데이몬파 > 모멘텀패스 >> 에픽던전1단계 > 몬파 >= 농장,70,2026-07-22 06:32:23+00:00,요약) 썬데이몬파 > 모멘텀패스 >> 에픽던전1단계 > 몬파 >= 농장,요약 썬데이몬파 모멘텀패스 에픽던전1단계 몬파 농장,"['요약', '썬데이몬파', '모멘텀', '패스', '에픽던', '단계', '파', '농장']",,,,,
6bLaTCHm-8A,음 그래 바로 봐주마는무슨 편집해서 올려주시면 감사합니다라고 쓰십시오 확고냥,1,2026-07-22 06:22:51+00:00,음 그래 바로 봐주마는무슨 편집해서 올려주시면 감사합니다라고 쓰십시오 확고냥,음 그래 바로 봐주마는무슨 편집해서 올려주시면 감사합니다라고 쓰십시오 확고냥,"['보', '편집', '올리', '감사', '쓰', '확고냥']",,,,,
6bLaTCHm-8A,"MVP 블랙 6달째인데, 몬파핸즈 1시간만이라도 줬으면 좋겠다.. 글고 핸즈때 프리셋 바꿀수있으면 좋겠어요 보스프리셋으로 하고 겜끄면 핸즈 봉인임..",13,2026-07-22 06:22:17+00:00,"MVP 블랙 6달째인데, 몬파핸즈 1시간만이라도 줬으면 좋겠다.. 글고 핸즈때 프리셋 바꿀수있으면 좋겠어요 보스프리셋으로 하고 겜끄면 핸즈 봉인임..",MVP 블랙 6달째인데 몬파핸즈 1시간만이라도 줬으면 좋겠다 글고 핸즈때 프리셋 바꿀수있으면 좋겠어요 보스프리셋으로 하고 겜끄면 핸즈 봉인임,"['블랙', '달', '몬파핸즈', '시간', '좋', '글', '핸즈', '때', '프리', '셋', '바꾸', '수', '있', '좋', '보스', '프리', '셋', '하', '겜', '끄', '핸즈', '봉인']",,,,,
6bLaTCHm-8A,모멘텀은 넥슨캐시로만 살 수 있어서 고민이네요,0,2026-07-22 06:21:54+00:00,모멘텀은 넥슨캐시로만 살 수 있어서 고민이네요,모멘텀은 넥슨캐시로만 살 수 있어서 고민이네요,"['모멘텀', '넥슨캐시', '살', '수', '있', '고민']",,,,,
6bLaTCHm-8A,이번 영상과 관련 없는 질문이지만 혹시 내일 리프 하나만 하고 본캐는 챌섭에 냅둬도 다음 리프 기간때 리프 가능하죠?,0,2026-07-22 06:09:31+00:00,이번 영상과 관련 없는 질문이지만 혹시 내일 리프 하나만 하고 본캐는 챌섭에 냅둬도 다음 리프 기간때 리프 가능하죠?,이번 영상과 관련 없는 질문이지만 혹시 내일 리프 하나만 하고 본캐는 챌섭에 냅둬도 다음 리프 기간때 리프 가능하죠?,"['이번', '영상', '관련', '없', '질문', '리프', '하', '보', '캐', '챌섭', '냅두', '다음', '리프', '기간', '때', '리프', '가능']",,,,,
6bLaTCHm-8A,몬파 핸즈 쓰려고 골드 계속 달아두고 있었는데 이제 다시 실버 쌀먹이나 해야겠다,7,2026-07-22 05:58:28+00:00,몬파 핸즈 쓰려고 골드 계속 달아두고 있었는데 이제 다시 실버 쌀먹이나 해야겠다,몬파 핸즈 쓰려고 골드 계속 달아두고 있었는데 이제 다시 실버 쌀먹이나 해야겠다,"['파', '핸즈', '쓰', '골드', '달', '실버', '쌀', '먹', '하']",,,,,
6bLaTCHm-8A,모멘텀 패스만 사야겠네요,0,2026-07-22 05:58:27+00:00,모멘텀 패스만 사야겠네요,모멘텀 패스만 사야겠네요,"['모멘텀', '패스', '사']",,,,,
6bLaTCHm-8A,핸즈 그냥 mvp는 1시간씩 이라도 계속 주면 안되냐...,0,2026-07-22 05:55:28+00:00,핸즈 그냥 mvp는 1시간씩 이라도 계속 주면 안되냐...,핸즈 그냥 mvp는 1시간씩 이라도 계속 주면 안되냐,"['핸즈', '시간', '주', '되']",,,,,
6bLaTCHm-8A,288도 추가해주셨으면 더 좋았을것같아요,0,2026-07-22 05:51:23+00:00,288도 추가해주셨으면 더 좋았을것같아요,288도 추가해주셨으면 더 좋았을것같아요,"['도', '추가', '좋', '것', '같']",,,,,
6bLaTCHm-8A,핸즈로 사냥할시 주간퀘 10000마리 이런건 안깨지는거죠?,0,2026-07-22 05:44:07+00:00,핸즈로 사냥할시 주간퀘 10000마리 이런건 안깨지는거죠?,핸즈로 사냥할시 주간퀘 100마리 이런건 안깨지는거죠?,"['핸즈', '사냥', '시', '주간', '퀘', '마리', '거', '깨지', '거']",,,,,
6bLaTCHm-8A,"mvp 보상 다시 검토좀 해줘요 
그대들이 원하는 넥슨캐시 많이 쓴 사람들인데 옛날 그대로 방치하는게 맞나요
모든게 간소화 되는 시점이면 
mvp보상만 너프인데",6,2026-07-22 05:39:41+00:00,"mvp 보상 다시 검토좀 해줘요 
그대들이 원하는 넥슨캐시 많이 쓴 사람들인데 옛날 그대로 방치하는게 맞나요
모든게 간소화 되는 시점이면 
mvp보상만 너프인데",mvp 보상 다시 검토좀 해줘요 그대들이 원하는 넥슨캐시 많이 쓴 사람들인데 옛날 그대로 방치하는게 맞나요 모든게 간소화 되는 시점이면 mvp보상만 너프인데,"['보상', '검토', '하', '원하', '넥슨캐시', '쓰', '사람', '옛날', '방치', '것', '맞', '것', '되', '시점', '보상', '너프']",,,,,
6bLaTCHm-8A,에픽던전 1단계 계산이 잘못됐음. 에픽던전 1단계부턴 주화4개를 줘서 1억 6천만 메소의 값을 깎아주니 거기까지 반영해야하는데 그게 안돼있는듯,10,2026-07-22 05:34:00+00:00,에픽던전 1단계 계산이 잘못됐음. 에픽던전 1단계부턴 주화4개를 줘서 1억 6천만 메소의 값을 깎아주니 거기까지 반영해야하는데 그게 안돼있는듯,에픽던전 1단계 계산이 잘못됐음 에픽던전 1단계부턴 주화4개를 줘서 1억 6천만 메소의 값을 깎아주니 거기까지 반영해야하는데 그게 안돼있는듯,"['에픽던전', '단계', '계산', '에픽던전', '단계', '주화', '개', '주', '메', '소', '값', '깎', '반영', '되', '듯']",,,,,
6bLaTCHm-8A,MVP보상 너무 안좋은데 심지어 몬파핸즈 빼버린거 너무 아쉽습니다,5,2026-07-22 05:28:58+00:00,MVP보상 너무 안좋은데 심지어 몬파핸즈 빼버린거 너무 아쉽습니다,MVP보상 너무 안좋은데 심지어 몬파핸즈 빼버린거 너무 아쉽습니다,"['보상', '좋', '몬파핸즈', '빼', '거', '아쉽']",,,,,
6bLaTCHm-8A,모멘텀만사야겠다,0,2026-07-22 05:25:28+00:00,모멘텀만사야겠다,모멘텀만사야겠다,"['모멘텀', '사']",,,,,
6bLaTCHm-8A,비약 없네....,0,2026-07-22 05:25:12+00:00,비약 없네....,비약 없네,"['비약', '없']",,,,,
6bLaTCHm-8A,에픽던전돈을쓸지 모멘템패스에돈을쓸지 둘중하나만선택하라쿠면 메포가치환산해도 모멘텀패스가좋군요. 모멘텀가고 악몽은 그냥 0단계로 조각타기용으로끝내야지,2,2026-07-22 05:23:58+00:00,에픽던전돈을쓸지 모멘템패스에돈을쓸지 둘중하나만선택하라쿠면 메포가치환산해도 모멘텀패스가좋군요. 모멘텀가고 악몽은 그냥 0단계로 조각타기용으로끝내야지,에픽던전돈을쓸지 모멘템패스에돈을쓸지 둘중하나만선택하라쿠면 메포가치환산해도 모멘텀패스가좋군요 모멘텀가고 악몽은 그냥 0단계로 조각타기용으로끝내야지,"['에픽던전', '돈', '쓰', '모멘템패스', '돈', '쓰', '중', '선택', '쿠', '메포', '가치', '환산', '모멘텀', '패스', '좋', '모멘텀', '가', '악몽', '단계', '조각', '타', '끝내']",,,,,
6bLaTCHm-8A,"결국
몬파핸즈: 진짜 레벨 급한 사람 아니면 굳이?
모멘텀패스: 285작에 괜찮고, 본캐면 285 이상도 효율 좋다
농장 티켓: 이것도 막 그렇게까지 사야하나?

이 정도 느낌인건가",4,2026-07-22 05:20:57+00:00,"결국
몬파핸즈: 진짜 레벨 급한 사람 아니면 굳이?
모멘텀패스: 285작에 괜찮고, 본캐면 285 이상도 효율 좋다
농장 티켓: 이것도 막 그렇게까지 사야하나?

이 정도 느낌인건가",결국 몬파핸즈 진짜 레벨 급한 사람 아니면 굳이? 모멘텀패스 285작에 괜찮고 본캐면 285 이상도 효율 좋다 농장 티켓 이것도 막 그렇게까지 사야하나? 이 정도 느낌인건가,"['몬파핸즈', '레벨', '급하', '사람', '모멘텀', '패스', '작', '괜찮', '보', '캐', '이상', '효율', '좋', '농장', '티켓', '그렇', '사', '정도', '느낌', '거']",,,,,
6bLaTCHm-8A,*모멘텀패스는 챌섭에서만 구매 가능한거에요?*,0,2026-07-22 05:20:50+00:00,*모멘텀패스는 챌섭에서만 구매 가능한거에요?*,모멘텀패스는 챌섭에서만 구매 가능한거에요?,"['모멘텀', '패스', '챌섭', '구매', '가능', '거']",,,,,
6bLaTCHm-8A,요즘 보면 굳이 지금 안해도 285는 돈만 쓰면 언제든 금방 올릴수 있는거 같아서 맘 편하노,1,2026-07-22 05:19:57+00:00,요즘 보면 굳이 지금 안해도 285는 돈만 쓰면 언제든 금방 올릴수 있는거 같아서 맘 편하노,요즘 보면 굳이 지금 안해도 285는 돈만 쓰면 언제든 금방 올릴수 있는거 같아서 맘 편하노,"['요즘', '보', '하', '돈', '쓰', '올리', '수', '있', '거', '같', '맘', '편하']",,,,,
6bLaTCHm-8A,맑음님 이번에도 메M 250작 공략 영상 올리실 계획 있으신가요??,0,2026-07-22 05:18:56+00:00,맑음님 이번에도 메M 250작 공략 영상 올리실 계획 있으신가요??,맑음님 이번에도 메M 250작 공략 영상 올리실 계획 있으신가요??,"['맑음', '이번', '메', '작', '공략', '영상', '올리', '계획', '있']",,,,,
6bLaTCHm-8A,"모두가 몬파 핸즈 mvp 보상에 추가됐으면 좋겠다 했지만 어림도 없었고.
MVP 보상은 그냥 줄어든거였고.",10,2026-07-22 05:17:14+00:00,"모두가 몬파 핸즈 mvp 보상에 추가됐으면 좋겠다 했지만 어림도 없었고.
MVP 보상은 그냥 줄어든거였고.",모두가 몬파 핸즈 mvp 보상에 추가됐으면 좋겠다 했지만 어림도 없었고 MVP 보상은 그냥 줄어든거였고,"['모두', '몰', '파', '핸즈', '보상', '추가', '좋', '하', '어림', '없', '보상', '줄어들', '거']",,,,,
6bLaTCHm-8A,핸즈는 필요한사람만 사란거임,2,2026-07-22 05:15:55+00:00,핸즈는 필요한사람만 사란거임,핸즈는 필요한사람만 사란거임,"['핸즈', '필요', '사람', '사', '하', '거']",,,,,
6bLaTCHm-8A,사야겠다 느끼면 🎉🎉,5,2026-07-22 05:11:56+00:00,사야겠다 느끼면 🎉🎉,사야겠다 느끼면,"['사', '느끼']",,,,,
6bLaTCHm-8A,몇주간 몬파핸즈 체험해본 결과 드는 생각은 정말 급하거나 솔 에르다 관련 아그들 파밍할 때 하는게 가장 좋다는 생각이,8,2026-07-22 05:10:57+00:00,몇주간 몬파핸즈 체험해본 결과 드는 생각은 정말 급하거나 솔 에르다 관련 아그들 파밍할 때 하는게 가장 좋다는 생각이,몇주간 몬파핸즈 체험해본 결과 드는 생각은 정말 급하거나 솔 에르다 관련 아그들 파밍할 때 하는게 가장 좋다는 생각이,"['주간', '몬파핸즈', '체험', '결과', '생각', '급하', '솔', '에르다', '관련', '아그들', '파밍', '때', '하', '것', '좋', '생각']",,,,,
6bLaTCHm-8A,곧 메이플 M 에서 렌 출시 기념으로 메이플쪽이랑 연동 이벤트 하는데 그것도 올려주실수 있나요?,60,2026-07-22 05:09:51+00:00,곧 메이플 M 에서 렌 출시 기념으로 메이플쪽이랑 연동 이벤트 하는데 그것도 올려주실수 있나요?,곧 메이플 M 에서 렌 출시 기념으로 메이플쪽이랑 연동 이벤트 하는데 그것도 올려주실수 있나요?,"['메이플', '렌', '출시', '기념', '메이플', '쪽', '연동', '이벤트', '하', '올리', '수', '있']",,,,,
6bLaTCHm-8A,"몬파 핸즈는 그냥 메포로도 해주지 뭔,,,,",7,2026-07-22 05:07:23+00:00,"몬파 핸즈는 그냥 메포로도 해주지 뭔,,,,",몬파 핸즈는 그냥 메포로도 해주지 뭔,"['파', '핸즈', '메포', '하']",,,,,
6bLaTCHm-8A,음 그래그래 바로 봐주마 이런댓글 달릴거같은데 이제 지겹,7,2026-07-22 05:06:38+00:00,음 그래그래 바로 봐주마 이런댓글 달릴거같은데 이제 지겹,음 그래그래 바로 봐주마 이런댓글 달릴거같은데 이제 지겹,"['그렇', '보', '댓글', '달리', '거', '같', '지겹']",,,,,
qUf4t6p70_A,체크포인트 세트 너무 예쁘네,0,2026-07-22 03:29:48+00:00,체크포인트 세트 너무 예쁘네,체크포인트 세트 너무 예쁘네,"['체크', '포인트', '세트', '예쁘']",,,,,
qUf4t6p70_A,수상한 방문객 넌 내꺼야,0,2026-07-22 01:07:55+00:00,수상한 방문객 넌 내꺼야,수상한 방문객 넌 내꺼야,"['방문객', '꺼']",,,,,
f92dfu0biJI,선생님 궁금한게 문브릿지 길뚫 스킵 하고 일퀘 까지 했는데 결국 보상으로 경험치하고 훈장밖에 못받았어요. 듣기로는 염원의 불꽃? 도 받지않나요?,0,2026-07-22 00:58:14+00:00,선생님 궁금한게 문브릿지 길뚫 스킵 하고 일퀘 까지 했는데 결국 보상으로 경험치하고 훈장밖에 못받았어요. 듣기로는 염원의 불꽃? 도 받지않나요?,선생님 궁금한게 문브릿지 길뚫 스킵 하고 일퀘 까지 했는데 결국 보상으로 경험치하고 훈장밖에 못받았어요 듣기로는 염원의 불꽃? 도 받지않나요?,"['선생', '궁금하', '것', '문브릿지', '길', '뚫', '스킵', '하', '일퀘', '하', '결국', '보상', '경험치', '하', '훈장', '받', '듣', '염원', '불꽃', '받']",,,,,
qUf4t6p70_A,이번 부티크품목에는 전투복은 없는거죠?,0,2026-07-21 21:35:53+00:00,이번 부티크품목에는 전투복은 없는거죠?,이번 부티크품목에는 전투복은 없는거죠?,"['이번', '부티크', '품목', '전투복', '없', '거']",,,,,
qUf4t6p70_A,ㅇㅋ 8월10일날에 30만원간다,0,2026-07-21 16:44:57+00:00,ㅇㅋ 8월10일날에 30만원간다,ㅇㅋ 8월10일날에 30만원간다,"['월', '일', '날', '원', '가']",,,,,
qUf4t6p70_A,성우 개짜치네 일반인같음,0,2026-07-21 15:45:37+00:00,성우 개짜치네 일반인같음,성우 개짜치네 일반인같음,"['성우', '개짜치네', '일반인', '같']",,,,,
qUf4t6p70_A,맑음님이 광고하는 메소관련 사이트가 제목이 무엇인지요?,0,2026-07-21 15:08:33+00:00,맑음님이 광고하는 메소관련 사이트가 제목이 무엇인지요?,맑음님이 광고하는 메소관련 사이트가 제목이 무엇인지요?,"['맑음', '광고', '메소', '관련', '사이트', '제목']",,,,,
vtXkiF-GE9I,맑음님 그래서 뉴비는 저거몇까지찍어야해요 ㅠㅠ,0,2026-07-21 14:54:36+00:00,맑음님 그래서 뉴비는 저거몇까지찍어야해요 ㅠㅠ,맑음님 그래서 뉴비는 저거몇까지찍어야해요 ㅠㅠ,"['맑음', '뉴비', '찍']",,,,,
qUf4t6p70_A,미미크리말고 마미손 드가자잇,0,2026-07-21 13:45:22+00:00,미미크리말고 마미손 드가자잇,미미크리말고 마미손 드가자잇,"['미미크리', '말', '마미손', '드가자', '잇']",,,,,
qUf4t6p70_A,와 칭호빼곤 살만한게 아예없네,0,2026-07-21 11:15:24+00:00,와 칭호빼곤 살만한게 아예없네,와 칭호빼곤 살만한게 아예없네,"['칭호', '빼', '살', '만', '것', '없']",,,,,
qUf4t6p70_A,이거보고 루미엘이랑 순애코어강화했다,0,2026-07-21 11:03:04+00:00,이거보고 루미엘이랑 순애코어강화했다,이거보고 루미엘이랑 순애코어강화했다,"['보', '루미엘', '순애', '코', '강화']",,,,,
qUf4t6p70_A,색상 다 주는게 참 좋다,0,2026-07-21 10:14:22+00:00,색상 다 주는게 참 좋다,색상 다 주는게 참 좋다,"['색상', '주', '것', '좋']",,,,,
qUf4t6p70_A,솔헤카테 컷신 무조건 30렙을 찍어야 나오는거에요 ??,0,2026-07-21 10:04:48+00:00,솔헤카테 컷신 무조건 30렙을 찍어야 나오는거에요 ??,솔헤카테 컷신 무조건 30렙을 찍어야 나오는거에요 ??,"['솔', '헤카테', '컷', '신', '조건', '30렙', '찍', '나오', '거']",,,,,
f92dfu0biJI,혹시 노멀스우가 안보이고 하드밖에 안보이는데 해결방법 있으신가요 😢,0,2026-07-21 09:19:49+00:00,혹시 노멀스우가 안보이고 하드밖에 안보이는데 해결방법 있으신가요 😢,혹시 노멀스우가 안보이고 하드밖에 안보이는데 해결방법 있으신가요,"['노멀스', '우', '보이', '하드', '보이', '해결', '방법', '있']",,,,,
qUf4t6p70_A,제발 와헌 스킨 좀 내주면 안되나,0,2026-07-21 09:09:34+00:00,제발 와헌 스킨 좀 내주면 안되나,제발 와헌 스킨 좀 내주면 안되나,"['오', '스킨', '내', '되']",,,,,
qUf4t6p70_A,3:55 ㅋㅋㅋㅋㅋㅋㅋㅋㅋㅋㅋㅋㅋㅋㅋㅋㅋㅋㅋㅋㅋㅋㅋㅋㅋㅋㅋ,7,2026-07-21 08:51:27+00:00,3:55 ㅋㅋㅋㅋㅋㅋㅋㅋㅋㅋㅋㅋㅋㅋㅋㅋㅋㅋㅋㅋㅋㅋㅋㅋㅋㅋㅋ,3 55 ㅋㅋ,[],,,,,
qUf4t6p70_A,블링블레이 헤어나 뽑아야겠다,0,2026-07-21 08:03:53+00:00,블링블레이 헤어나 뽑아야겠다,블링블레이 헤어나 뽑아야겠다,"['블링블레이', '헤어나', '뽑']",,,,,
qUf4t6p70_A,"개편후 첫 판매에 100개 까서 360개인가 먹었는데 존나 매움ㅋㅋ
50개에서 멈췄으면 130개였고 빡쳐서 더 지른 50개에서 230으로 기댓값 조금 상회",2,2026-07-21 08:02:44+00:00,"개편후 첫 판매에 100개 까서 360개인가 먹었는데 존나 매움ㅋㅋ
50개에서 멈췄으면 130개였고 빡쳐서 더 지른 50개에서 230으로 기댓값 조금 상회",개편후 첫 판매에 100개 까서 360개인가 먹었는데 존나 매움ㅋㅋ 50개에서 멈췄으면 130개였고 빡쳐서 더 지른 50개에서 230으로 기댓값 조금 상회,"['개편', '후', '판매', '개', '까', '개', '먹', '맵', '개', '멈추', '개', '치', '지르', '개', '기댓값', '상회']",,,,,
qUf4t6p70_A,록시요?,0,2026-07-21 08:00:15+00:00,록시요?,록시요?,['록시'],,,,,
qUf4t6p70_A,고작 도트 두 개 띡 찍는데 130개 ㅋㅋㅋㅋㅋㅋㅋㅋㅋ,0,2026-07-21 07:46:37+00:00,고작 도트 두 개 띡 찍는데 130개 ㅋㅋㅋㅋㅋㅋㅋㅋㅋ,고작 도트 두 개 띡 찍는데 130개 ㅋㅋ,"['도트', '개', '찍', '개']",,,,,
qUf4t6p70_A,티켓 개당 얼마쯤 하려나,0,2026-07-21 07:44:49+00:00,티켓 개당 얼마쯤 하려나,티켓 개당 얼마쯤 하려나,"['티켓', '개', '얼마', '하']",,,,,
qUf4t6p70_A,부티크 마일리지로 할인받아서 살수있나요?,0,2026-07-21 07:29:22+00:00,부티크 마일리지로 할인받아서 살수있나요?,부티크 마일리지로 할인받아서 살수있나요?,"['부티크', '마일리지', '할인', '살', '수', '있']",,,,,
qUf4t6p70_A,일단 녹시 사면 피시방에서는 메이플 못할듯,0,2026-07-21 07:19:56+00:00,일단 녹시 사면 피시방에서는 메이플 못할듯,일단 녹시 사면 피시방에서는 메이플 못할듯,"['녹', '사', '피시방', '메이플', '듯']",,,,,
qUf4t6p70_A,복면은 사야지,0,2026-07-21 07:14:37+00:00,복면은 사야지,복면은 사야지,"['복면', '사']",,,,,
qUf4t6p70_A,살게 넘 많은데 돈이 없다😢 참아야지😢,0,2026-07-21 07:12:24+00:00,살게 넘 많은데 돈이 없다😢 참아야지😢,살게 넘 많은데 돈이 없다 참아야지,"['살', '것', '많', '돈', '없', '참']",,,,,
qUf4t6p70_A,전투복 내놓으라고,0,2026-07-21 07:07:25+00:00,전투복 내놓으라고,전투복 내놓으라고,"['전투복', '내']",,,,,
qUf4t6p70_A,녹시 ㄱ이쁘네,0,2026-07-21 07:06:01+00:00,녹시 ㄱ이쁘네,녹시 ㄱ이쁘네,"['녹시', '이쁘']",,,,,
qUf4t6p70_A,"이번엔 왜 전투복이 없냐...
그냥 은하셋이랑 녹시만 뽑고 남은건  다 팔아야겠네",1,2026-07-21 06:58:48+00:00,"이번엔 왜 전투복이 없냐...
그냥 은하셋이랑 녹시만 뽑고 남은건  다 팔아야겠네",이번엔 왜 전투복이 없냐 그냥 은하셋이랑 녹시만 뽑고 남은건 다 팔아야겠네,"['이번', '전투복', '없', '은하', '녹시', '뽑', '남', '거', '팔']",,,,,
PmHlunblL3Y,2차 하버는 없나보네,0,2026-07-21 06:56:41+00:00,2차 하버는 없나보네,2차 하버는 없나보네,"['차', '하버', '없']",,,,,
qUf4t6p70_A,내가 바로 스타 240개....?,0,2026-07-21 06:54:54+00:00,내가 바로 스타 240개....?,내가 바로 스타 240개 ?,"['스타', '개']",,,,,
qUf4t6p70_A,"이번 부티크 의상은 별로네,,,",0,2026-07-21 06:51:40+00:00,"이번 부티크 의상은 별로네,,,",이번 부티크 의상은 별로네,"['이번', '부티크', '의상']",,,,,
qUf4t6p70_A,이번 유입인데요 부티크 티켓 옥션에서 장당 얼마씩했었나영?,1,2026-07-21 06:50:44+00:00,이번 유입인데요 부티크 티켓 옥션에서 장당 얼마씩했었나영?,이번 유입인데요 부티크 티켓 옥션에서 장당 얼마씩했었나영?,"['이번', '유입', '부티크', '티켓', '옥션', '장', '얼마', '하']",,,,,
qUf4t6p70_A,누가 사자눈에 뷰러했냐,0,2026-07-21 06:49:42+00:00,누가 사자눈에 뷰러했냐,누가 사자눈에 뷰러했냐,"['사자', '눈', '뷰러']",,,,,
qUf4t6p70_A,쁘띠 명찰 처음에 나왔을때나 가격이 사기 적절했지 갯수 저딴식으로 바뀌고는 절대 안산다ㅋㅋㅋ,0,2026-07-21 06:48:45+00:00,쁘띠 명찰 처음에 나왔을때나 가격이 사기 적절했지 갯수 저딴식으로 바뀌고는 절대 안산다ㅋㅋㅋ,쁘띠 명찰 처음에 나왔을때나 가격이 사기 적절했지 갯수 저딴식으로 바뀌고는 절대 안산다ㅋㅋ,"['쁘띠', '명찰', '처음', '나오', '때', '가격', '사', '갯수', '식', '바뀌', '사']",,,,,
qUf4t6p70_A,9:41 제스티 레몬 소다 캐시무기 낀 남자 코디 상하의 이름 아시는분 계실까여ㅠ,3,2026-07-21 06:48:05+00:00,9:41 제스티 레몬 소다 캐시무기 낀 남자 코디 상하의 이름 아시는분 계실까여ㅠ,9 41 제스티 레몬 소다 캐시무기 낀 남자 코디 상하의 이름 아시는분 계실까여ㅠ,"['제스', '티', '레몬', '소다', '캐시', '무기', '끼', '남자', '코디', '상하', '이름', '알', '분', '계시']",,,,,
qUf4t6p70_A,앜ㅋㅋ 와 귀엽다 배빵빵 아기고양이같음 ㅋㅋㅋㅠㅡㅠ 메린이 인데 사도 괜찮은 것 들 인가요??,2,2026-07-21 06:46:05+00:00,앜ㅋㅋ 와 귀엽다 배빵빵 아기고양이같음 ㅋㅋㅋㅠㅡㅠ 메린이 인데 사도 괜찮은 것 들 인가요??,앜ㅋㅋ 와 귀엽다 배빵빵 아기고양이같음 ㅋㅋㅠㅡㅠ 메린이 인데 사도 괜찮은 것 들 인가요??,"['앜', '귀엽', '배', '아기', '고양이', '같', '메린', '인데', '사', '괜찮', '것']",,,,,
qUf4t6p70_A,지금 유튜브뮤직이랑 유튜브 렉있나요..? 왜 버퍼링이있지,1,2026-07-21 06:44:10+00:00,지금 유튜브뮤직이랑 유튜브 렉있나요..? 왜 버퍼링이있지,지금 유튜브뮤직이랑 유튜브 렉있나요 ? 왜 버퍼링이있지,"['유튜브', '뮤직', '유튜브', '렉', '있', '버퍼링', '있']",,,,,
qUf4t6p70_A,20억만 더 모으면 자석펫을 살수있다..,2,2026-07-21 06:41:51+00:00,20억만 더 모으면 자석펫을 살수있다..,20억만 더 모으면 자석펫을 살수있다,"['모으', '자석', '펫', '사', '수', '있']",,,,,
qUf4t6p70_A,6:48 브금 뭔가요?,0,2026-07-21 06:40:53+00:00,6:48 브금 뭔가요?,6 48 브금 뭔가요?,['브금'],,,,,
qUf4t6p70_A,미미크리는 이제 꺼지시고ㅋㅋ,0,2026-07-21 06:39:53+00:00,미미크리는 이제 꺼지시고ㅋㅋ,미미크리는 이제 꺼지시고ㅋㅋ,"['미미', '크리', '꺼지']",,,,,
qUf4t6p70_A,솔 헤카테 스킨 사면 전직업 공유가 되나요? 사용한 캐릭터만 사용 가능한가요?,0,2026-07-21 06:34:07+00:00,솔 헤카테 스킨 사면 전직업 공유가 되나요? 사용한 캐릭터만 사용 가능한가요?,솔 헤카테 스킨 사면 전직업 공유가 되나요? 사용한 캐릭터만 사용 가능한가요?,"['솔', '헤카테', '스킨', '사', '직업', '공유', '되', '사용', '캐릭터', '사용', '가능']",,,,,
qUf4t6p70_A,은행강도 모자 좀 탐나네,2,2026-07-21 06:30:40+00:00,은행강도 모자 좀 탐나네,은행강도 모자 좀 탐나네,"['은행강도', '모자', '탐나']",,,,,
qUf4t6p70_A,해달인ㄴ형 줜나귀엽네,3,2026-07-21 06:30:22+00:00,해달인ㄴ형 줜나귀엽네,해달인ㄴ형 줜나귀엽네,"['해달', '형', '줜나', '귀엽']",,,,,
qUf4t6p70_A,미미크리 안녕 ~,1,2026-07-21 06:30:12+00:00,미미크리 안녕 ~,미미크리 안녕,"['미미', '크']",,,,,
qUf4t6p70_A,4:12 순간 녹시 하앙이라 봤네;,15,2026-07-21 06:29:33+00:00,4:12 순간 녹시 하앙이라 봤네;,4 12 순간 녹시 하앙이라 봤네,"['순간', '녹', '시', '하', '보']",,,,,
qUf4t6p70_A,"""미미크리 들어가 있어""",27,2026-07-21 06:27:52+00:00,"""미미크리 들어가 있어""",미미크리 들어가 있어,"['미미크리', '들어가']",,,,,
J5bP0Xd7Wyg,맑음님 40마리 버닝0단계인 곳에서 특수물자지원하는게 좋은가요 아니면 38마리 버닝 높은 곳에서 하는게 좋은가요??,0,2026-07-21 06:27:18+00:00,맑음님 40마리 버닝0단계인 곳에서 특수물자지원하는게 좋은가요 아니면 38마리 버닝 높은 곳에서 하는게 좋은가요??,맑음님 40마리 버닝0단계인 곳에서 특수물자지원하는게 좋은가요 아니면 38마리 버닝 높은 곳에서 하는게 좋은가요??,"['맑음', '마리', '버닝', '단계', '곳', '특수', '물자', '지원', '것', '좋', '마리', '버닝', '높', '곳', '하', '것', '좋']",,,,,
qUf4t6p70_A,녹시 내 아내임,0,2026-07-21 06:26:48+00:00,녹시 내 아내임,녹시 내 아내임,"['녹', '시', '아내']",,,,,
qUf4t6p70_A,2:27 레테는 무기 이팩트 보이지도않네 ㅋㅋ,27,2026-07-21 06:26:47+00:00,2:27 레테는 무기 이팩트 보이지도않네 ㅋㅋ,2 27 레테는 무기 이팩트 보이지도않네 ㅋㅋ,"['레테', '무기', '이팩트', '보이']",,,,,
qUf4t6p70_A,안되겠다 창섭이햄 26데슬 1엔버 시절을 다시 유저들에게 보여주자,5,2026-07-21 06:26:45+00:00,안되겠다 창섭이햄 26데슬 1엔버 시절을 다시 유저들에게 보여주자,안되겠다 창섭이햄 26데슬 1엔버 시절을 다시 유저들에게 보여주자,"['되', '창섭', '햄', '데', '1엔버', '시절', '유저', '보이']",,,,,
qUf4t6p70_A,미미크리 사야겠다,0,2026-07-21 06:24:52+00:00,미미크리 사야겠다,미미크리 사야겠다,"['미미크리', '사']",,,,,
qUf4t6p70_A,내바스 웬일,0,2026-07-21 06:24:25+00:00,내바스 웬일,내바스 웬일,"['내바스', '웬일']",,,,,
qUf4t6p70_A,헤카테스킨은 헥환 12만이상은 사지말아라,2,2026-07-21 06:23:53+00:00,헤카테스킨은 헥환 12만이상은 사지말아라,헤카테스킨은 헥환 12만이상은 사지말아라,"['헤카테', '스킨', '이상', '사']",,,,,
qUf4t6p70_A,루미엘 ㅋㅋㅋㅋ 목소리 내는게 힘겨워 보이는데 ㅋㅋㅋ 성우좀 여러명 쓰지 좀 ㅋㅋㅋㅋ,53,2026-07-21 06:23:52+00:00,루미엘 ㅋㅋㅋㅋ 목소리 내는게 힘겨워 보이는데 ㅋㅋㅋ 성우좀 여러명 쓰지 좀 ㅋㅋㅋㅋ,루미엘 ㅋㅋ 목소리 내는게 힘겨워 보이는데 ㅋㅋ 성우좀 여러명 쓰지 좀 ㅋㅋ,"['루미', '엘', '목소리', '내', '것', '힘겹', '보이', '성우', '명', '쓰']",,,,,
qUf4t6p70_A,내바스 사소점 딱대라,10,2026-07-21 06:16:06+00:00,내바스 사소점 딱대라,내바스 사소점 딱대라,"['내바스', '사소점', '대']",,,,,
qUf4t6p70_A,33000원 맛보기 하고 비틱하면 좋은 거고 아니면 경매장에서 보충해서 사야겠다,1,2026-07-21 06:15:54+00:00,33000원 맛보기 하고 비틱하면 좋은 거고 아니면 경매장에서 보충해서 사야겠다,3300원 맛보기 하고 비틱하면 좋은 거고 아니면 경매장에서 보충해서 사야겠다,"['원', '맛보', '하', '비틱', '좋', '거', '경매장', '보충', '사']",,,,,
qUf4t6p70_A,밸패빼고 다잘하는 ...그이름 신창섭🎉🎉,3,2026-07-21 06:15:53+00:00,밸패빼고 다잘하는 ...그이름 신창섭🎉🎉,밸패빼고 다잘하는 그이름 신창섭,"['밸패', '빼', '하', '이름', '신창섭']",,,,,
qUf4t6p70_A,개비싸겠지?...,0,2026-07-21 06:13:57+00:00,개비싸겠지?...,개비싸겠지?,"['개', '비싸']",,,,,
qUf4t6p70_A,사기엔 좀 부담이라 안살거긴 한데 큐섹녹 ㄹㅇ 개잘뽑았네,35,2026-07-21 06:06:06+00:00,사기엔 좀 부담이라 안살거긴 한데 큐섹녹 ㄹㅇ 개잘뽑았네,사기엔 좀 부담이라 안살거긴 한데 큐섹녹 ㄹㅇ 개잘뽑았네,"['사', '부담', '사', '거', '큐섹녹', '개', '뽑']",,,,,
qUf4t6p70_A,그래그래 바로 봐주마,0,2026-07-21 06:05:56+00:00,그래그래 바로 봐주마,그래그래 바로 봐주마,['보'],,,,,
qUf4t6p70_A,굿,0,2026-07-21 06:05:39+00:00,굿,굿,['굿'],,,,,
qUf4t6p70_A,ㅇㄱㄱㄷ,0,2026-07-21 06:05:38+00:00,ㅇㄱㄱㄷ,ㅇㄱㄱㄷ,[],,,,,
qUf4t6p70_A,1,0,2026-07-21 06:05:33+00:00,1,1,[],,,,,
ozTrqpio2X8,코디 프리셋이나 10개로 늘려줫으면 좋겟네,0,2026-07-21 04:33:36+00:00,코디 프리셋이나 10개로 늘려줫으면 좋겟네,코디 프리셋이나 10개로 늘려줫으면 좋겟네,"['코디', '프리', '셋', '개', '늘리', '좋']",,,,,
J5bP0Xd7Wyg,여로셋이 너무 갖고 싶은데 이번엔 부티크에서 못 먹는건가요? 어디서 구해야하지 ㅠㅠ,0,2026-07-21 03:18:18+00:00,여로셋이 너무 갖고 싶은데 이번엔 부티크에서 못 먹는건가요? 어디서 구해야하지 ㅠㅠ,여로셋이 너무 갖고 싶은데 이번엔 부티크에서 못 먹는건가요? 어디서 구해야하지 ㅠㅠ,"['여로', '갖', '이번', '부티크', '먹', '거', '구하']",,,,,
ozTrqpio2X8,일회용 앞치마 구비 패치ㅋㅋㅋ,0,2026-07-21 03:07:27+00:00,일회용 앞치마 구비 패치ㅋㅋㅋ,일회용 앞치마 구비 패치ㅋㅋ,"['회', '앞치마', '구비', '패치']",,,,,
J5bP0Xd7Wyg,렌 지렁이는 결국 안바꿔주네…,0,2026-07-20 21:39:05+00:00,렌 지렁이는 결국 안바꿔주네…,렌 지렁이는 결국 안바꿔주네,"['렌', '지렁이', '바꾸']",,,,,
f92dfu0biJI,혹시 지금 시작해도 챌린저 찍어볼 수 있을 까요 패스만 구매하고 하루 4소재정도는 쭉 할 예정입니다,0,2026-07-20 20:17:17+00:00,혹시 지금 시작해도 챌린저 찍어볼 수 있을 까요 패스만 구매하고 하루 4소재정도는 쭉 할 예정입니다,혹시 지금 시작해도 챌린저 찍어볼 수 있을 까요 패스만 구매하고 하루 4소재정도는 쭉 할 예정입니다,"['시작', '챌린저', '찍', '수', '있', '까', '패스', '구매', '하루', '소재', '정도', '하', '예정']",,,,,
J5bP0Xd7Wyg,30분 부티크부터나오는 브금뭐죵,0,2026-07-20 19:22:39+00:00,30분 부티크부터나오는 브금뭐죵,30분 부티크부터나오는 브금뭐죵,"['분', '부티크', '나오', '브금뭐죵']",,,,,
WD11kJwi7qk,"저번주에 시작해서 지금 흔적 50개 모았는데 제네시스 패스 사면 해방 다 못하나요..? 이번주 주간보스는 이미 끝났어요 그래서 살거면 다음주에 살려고 하는데 지금 사도 해방 돠는지 궁금해요..!
뉴비입니다!",1,2026-07-20 18:59:35+00:00,"저번주에 시작해서 지금 흔적 50개 모았는데 제네시스 패스 사면 해방 다 못하나요..? 이번주 주간보스는 이미 끝났어요 그래서 살거면 다음주에 살려고 하는데 지금 사도 해방 돠는지 궁금해요..!
뉴비입니다!",저번주에 시작해서 지금 흔적 50개 모았는데 제네시스 패스 사면 해방 다 못하나요 ? 이번주 주간보스는 이미 끝났어요 그래서 살거면 다음주에 살려고 하는데 지금 사도 해방 돠는지 궁금해요 뉴비입니다,"['저번', '주', '시작', '흔적', '개', '모으', '제네시스', '패스', '사', '해방', '하', '이번', '주', '주간', '보스', '끝나', '살', '거', '다음', '주', '살', '사', '해방', '돠', '궁금하', '뉴비']",,,,,
1ArZ9wfeyqA,"여렌은 중범죄임
렌은 남캐만 존재하고 여캐같은건 없음",1,2026-07-20 17:55:34+00:00,"여렌은 중범죄임
렌은 남캐만 존재하고 여캐같은건 없음",여렌은 중범죄임 렌은 남캐만 존재하고 여캐같은건 없음,"['여렌', '중범죄', '렌', '남캐', '존재', '여캐', '같', '거', '없']",,,,,
f92dfu0biJI,3:43 왜 어웨이크링 받아야해요?,0,2026-07-20 17:26:12+00:00,3:43 왜 어웨이크링 받아야해요?,3 43 왜 어웨이크링 받아야해요?,"['어웨이크링', '받']",,,,,
J5bP0Xd7Wyg,울티마스쿼드 아무리봐도 스팀서 tbh 인기끌때 만든거같은데 ㅋㅋㅋ,0,2026-07-20 17:21:13+00:00,울티마스쿼드 아무리봐도 스팀서 tbh 인기끌때 만든거같은데 ㅋㅋㅋ,울티마스쿼드 아무리봐도 스팀서 tbh 인기끌때 만든거같은데 ㅋㅋ,"['울티마스쿼드', '보', '스팀', '서', '인기', '끌', '때', '만들', '거', '같']",,,,,
J5bP0Xd7Wyg,뇌빼고 사냥하고싶은데 도핑하는거 신경쓰면서 해야하는게 불쾌하네...도핑영향 안받게 이벤트 내주면 좋겠다,0,2026-07-20 15:51:37+00:00,뇌빼고 사냥하고싶은데 도핑하는거 신경쓰면서 해야하는게 불쾌하네...도핑영향 안받게 이벤트 내주면 좋겠다,뇌빼고 사냥하고싶은데 도핑하는거 신경쓰면서 해야하는게 불쾌하네 도핑영향 안받게 이벤트 내주면 좋겠다,"['뇌', '빼', '사냥', '도핑', '거', '신경', '쓰', '하', '것', '도핑', '영향', '안받', '이벤트', '내', '좋']",,,,,
J5bP0Xd7Wyg,"오늘은 패치노트가 엄청 기네
내일 일어나서 봐야진~",0,2026-07-20 15:43:07+00:00,"오늘은 패치노트가 엄청 기네
내일 일어나서 봐야진~",오늘은 패치노트가 엄청 기네 내일 일어나서 봐야진,"['오늘', '패치', '노트', '길', '내일', '일어나', '보']",,,,,
J5bP0Xd7Wyg,챌린저스패스에서 얻은아이템들 본섭으로 가져갈수있나요?,1,2026-07-20 15:17:41+00:00,챌린저스패스에서 얻은아이템들 본섭으로 가져갈수있나요?,챌린저스패스에서 얻은아이템들 본섭으로 가져갈수있나요?,"['챌린저스패스', '얻', '아이템', '본섭', '가져가', '수', '있']",,,,,
J5bP0Xd7Wyg,"7:23 오기
특수상자 5일(50개)->(5개)",0,2026-07-20 14:50:53+00:00,"7:23 오기
특수상자 5일(50개)->(5개)",7 23 오기 특수상자 5일 50개 5개,"['기', '특', '수상자', '일', '개', '개']",,,,,
J5bP0Xd7Wyg,"자석펫 프리셋 장비기능이 생겨 자석펫을 뺀 나머지 기존 펫들은 이제 완전히 일자리를 완전히 잃게됬다고 한다.


3석 자석펫 이상 소지중인 유저들에 한해서

이제 펫장비 공격력이나 마력이나 유저가 마음대로 등록 후 바꿀수 있기 때문이다


이젠 기존 사용하던 펫들은 캐쉬샵 보관창 피규어로...",0,2026-07-20 14:35:55+00:00,"자석펫 프리셋 장비기능이 생겨 자석펫을 뺀 나머지 기존 펫들은 이제 완전히 일자리를 완전히 잃게됬다고 한다.


3석 자석펫 이상 소지중인 유저들에 한해서

이제 펫장비 공격력이나 마력이나 유저가 마음대로 등록 후 바꿀수 있기 때문이다


이젠 기존 사용하던 펫들은 캐쉬샵 보관창 피규어로...",자석펫 프리셋 장비기능이 생겨 자석펫을 뺀 나머지 기존 펫들은 이제 완전히 일자리를 완전히 잃게됬다고 한다 3석 자석펫 이상 소지중인 유저들에 한해서 이제 펫장비 공격력이나 마력이나 유저가 마음대로 등록 후 바꿀수 있기 때문이다 이젠 기존 사용하던 펫들은 캐쉬샵 보관창 피규어로,"['자석', '펫', '프리', '셋', '장비', '기능', '생기', '자석펫', '빼', '나머지', '기존', '펫', '일자리', '잃', '되', '하', '석', '자석펫', '이상', '소지', '중', '유저', '한', '펫', '장비', '공격력', '마력', '유저', '등록', '후', '바꾸', '수', '있', '때문', '이제', '기존', '사용', '펫', '캐쉬', '샵', '보관', '창', '피규어']",,,,,
J5bP0Xd7Wyg,아니 근데 염색 진짜 존나 비싸네 ㅋㅋㅋㅋㅋㅋㅋ,0,2026-07-20 14:15:46+00:00,아니 근데 염색 진짜 존나 비싸네 ㅋㅋㅋㅋㅋㅋㅋ,아니 근데 염색 진짜 존나 비싸네 ㅋㅋ,"['염색', '비싸']",,,,,
J5bP0Xd7Wyg,진짜 보스 정상화 너무 좋다 맵패턴 피하랴 딜하랴 바인드 걸렸으면서 왜 안사라져!? 이랬었는데 너무 좋다 ㅠㅠㅠㅠㅠㅠ,4,2026-07-20 14:13:21+00:00,진짜 보스 정상화 너무 좋다 맵패턴 피하랴 딜하랴 바인드 걸렸으면서 왜 안사라져!? 이랬었는데 너무 좋다 ㅠㅠㅠㅠㅠㅠ,진짜 보스 정상화 너무 좋다 맵패턴 피하랴 딜하랴 바인드 걸렸으면서 왜 안사라져 ? 이랬었는데 너무 좋다 ㅠㅠ,"['보스', '정상', '좋', '맵', '패턴', '피하', '딜', '바인드', '걸리', '사라지', '이렇', '좋']",,,,,
J5bP0Xd7Wyg,서민들은 월세내기도 빠듯한데 석펫하나사겠다고 30지르는건 너무 리스크가커서 창섭신 은총한번 안내려주나..,0,2026-07-20 13:59:27+00:00,서민들은 월세내기도 빠듯한데 석펫하나사겠다고 30지르는건 너무 리스크가커서 창섭신 은총한번 안내려주나..,서민들은 월세내기도 빠듯한데 석펫하나사겠다고 30지르는건 너무 리스크가커서 창섭신 은총한번 안내려주나,"['서민', '월세', '내', '빠듯하', '석펫', '사', '지르', '거', '리스크', '크', '창섭', '신', '은총', '번', '내리']",,,,,
J5bP0Xd7Wyg,29:11 혹시 여기 여자 헤어 뭔지 알 수 있을까요 ㅠ,0,2026-07-20 13:54:49+00:00,29:11 혹시 여기 여자 헤어 뭔지 알 수 있을까요 ㅠ,29 11 혹시 여기 여자 헤어 뭔지 알 수 있을까요 ㅠ,"['여자', '헤어', '알', '수', '있']",,,,,
J5bP0Xd7Wyg,보스 왜 다 허수아비만듬?,1,2026-07-20 12:45:33+00:00,보스 왜 다 허수아비만듬?,보스 왜 다 허수아비만듬?,"['보스', '허수아비', '만드']",,,,,
J5bP0Xd7Wyg,모멘텀 패스 메포로 구매 가능한가요??,0,2026-07-20 12:26:19+00:00,모멘텀 패스 메포로 구매 가능한가요??,모멘텀 패스 메포로 구매 가능한가요??,"['모멘텀', '패스', '메포', '구매', '가능']",,,,,
J5bP0Xd7Wyg,"ㅠㅠ 피시방 60시간 보상
2시간 차이로 못받아요
세상 무너진다",0,2026-07-20 12:03:52+00:00,"ㅠㅠ 피시방 60시간 보상
2시간 차이로 못받아요
세상 무너진다",ㅠㅠ 피시방 60시간 보상 2시간 차이로 못받아요 세상 무너진다,"['피시', '방', '시간', '보상', '시간', '차이', '받', '세상', '무너지']",,,,,
J5bP0Xd7Wyg,메m 260  얼마나 걸리나요?,0,2026-07-20 11:59:02+00:00,메m 260  얼마나 걸리나요?,메m 260 얼마나 걸리나요?,"['메', '걸리']",,,,,
J5bP0Xd7Wyg,"22일에 나오는 넥슨 관련 소송

버블파이터 가챠 최소 천장

(5번까지 나올확률 0번)

마영전 피스 확률사기

(피스가모일수록 없는 피스확률이 점차내려감)

서든어택 피스 확률사기

(아바타 특정피스 확률이 2퍼센트지만 무작위라고함)

마비노기 세공 확률사기

(특정 옵션 확률0퍼센트)

메이플 큐브 확률사기

(유명한 보보보 사건)
그리고 큐브확률 과징금 맞은거 법안 개정전애 사기 친거니 소급 적용 하지 말아라 라는 이유로 불복 소송 까지  같은 22에 판결 나옵니다 많관부ㅋㅋㅋㅋ",0,2026-07-20 11:45:51+00:00,"22일에 나오는 넥슨 관련 소송

버블파이터 가챠 최소 천장

(5번까지 나올확률 0번)

마영전 피스 확률사기

(피스가모일수록 없는 피스확률이 점차내려감)

서든어택 피스 확률사기

(아바타 특정피스 확률이 2퍼센트지만 무작위라고함)

마비노기 세공 확률사기

(특정 옵션 확률0퍼센트)

메이플 큐브 확률사기

(유명한 보보보 사건)
그리고 큐브확률 과징금 맞은거 법안 개정전애 사기 친거니 소급 적용 하지 말아라 라는 이유로 불복 소송 까지  같은 22에 판결 나옵니다 많관부ㅋㅋㅋㅋ",22일에 나오는 넥슨 관련 소송 버블파이터 가챠 최소 천장 5번까지 나올확률 0번 마영전 피스 확률사기 피스가모일수록 없는 피스확률이 점차내려감 서든어택 피스 확률사기 아바타 특정피스 확률이 2퍼센트지만 무작위라고함 마비노기 세공 확률사기 특정 옵션 확률0퍼센트 메이플 큐브 확률사기 유명한 보보 사건 그리고 큐브확률 과징금 맞은거 법안 개정전애 사기 친거니 소급 적용 하지 말아라 라는 이유로 불복 소송 까지 같은 22에 판결 나옵니다 많관부ㅋㅋ,"['일', '나오', '넥슨', '관련', '소송', '버블파이터', '가챠', '최소', '장', '번', '나오', '확률', '번', '마영전', '피스', '확률사기', '피스', '모이', '없', '피스', '확률', '내려가', '서든어택', '피스', '확률사기', '아바타', '특정', '피스', '확률', '퍼센트', '작위', '하', '마비노기', '세공', '확률', '사기', '특정', '옵션', '확률', '퍼센트', '메이플', '큐브', '확률', '사기', '유명', '보보', '사건', '큐브', '확률', '과징금', '맞', '거', '법안', '개정', '전', '애', '사기', '치', '거', '소급', '적용', '이유', '불복', '소송', '같', '판결', '나오', '많', '관부']",,,,,
J5bP0Xd7Wyg,0:08부터 나오는 bgm알려주세요 너무ㅠ좋다구!!,4,2026-07-20 11:31:33+00:00,0:08부터 나오는 bgm알려주세요 너무ㅠ좋다구!!,0 08부터 나오는 bgm알려주세요 너무ㅠ좋다구,"['나오', '알리', '좋']",,,,,
J5bP0Xd7Wyg,얘도 로아땡 광고하네? 나도 함 써볼까,0,2026-07-20 11:26:42+00:00,얘도 로아땡 광고하네? 나도 함 써볼까,얘도 로아땡 광고하네? 나도 함 써볼까,"['로아', '땡', '광고', '쓰']",,,,,
J5bP0Xd7Wyg,"새로운 6차스킬 여는조건이 소울 레벨 10, 조가 200개 인가요??",0,2026-07-20 11:25:09+00:00,"새로운 6차스킬 여는조건이 소울 레벨 10, 조가 200개 인가요??",새로운 6차스킬 여는조건이 소울 레벨 10 조가 200개 인가요??,"['새롭', '차', '스킬', '조건', '소울', '레벨', '조', '개']",,,,,
J5bP0Xd7Wyg,"구입할것 : 미호로이드, 섹녹시 헤카테스킨, 모멘텀패스 이상 끝",0,2026-07-20 10:42:58+00:00,"구입할것 : 미호로이드, 섹녹시 헤카테스킨, 모멘텀패스 이상 끝",구입할것 미호로이드 섹녹시 헤카테스킨 모멘텀패스 이상 끝,"['구입', '것', '미호로이드', '섹녹시', '헤카테', '스킨', '모멘텀', '패스', '이상', '끝']",,,,,
J5bP0Xd7Wyg,블래스트 개꿀이었는데 벌써 끝나..?,0,2026-07-20 10:18:10+00:00,블래스트 개꿀이었는데 벌써 끝나..?,블래스트 개꿀이었는데 벌써 끝나 ?,"['블래스트', '개꿀', '끝나']",,,,,
J5bP0Xd7Wyg,다조 왤캐비싸냐,0,2026-07-20 10:13:15+00:00,다조 왤캐비싸냐,다조 왤캐비싸냐,"['다조', '왤캐', '비싸']",,,,,
J5bP0Xd7Wyg,자석펫 비싼데 하나만 주실래요 창섭씨😢,1,2026-07-20 10:06:49+00:00,자석펫 비싼데 하나만 주실래요 창섭씨😢,자석펫 비싼데 하나만 주실래요 창섭씨,"['자석', '펫', '비싸', '주', '창섭씨']",,,,,
J5bP0Xd7Wyg,물자 룬경 영향 받아서 하루 한 개짜리 물자는 룬경에 맞춰서 까는게 좋을듯,0,2026-07-20 10:02:28+00:00,물자 룬경 영향 받아서 하루 한 개짜리 물자는 룬경에 맞춰서 까는게 좋을듯,물자 룬경 영향 받아서 하루 한 개짜리 물자는 룬경에 맞춰서 까는게 좋을듯,"['물자', '룬경', '영향', '받', '하루', '개', '물자', '룬', '맞추', '까', '것', '좋', '듯']",,,,,
J5bP0Xd7Wyg,개같았던 스펙터가 가고 온 것은 메....키....?,0,2026-07-20 09:50:25+00:00,개같았던 스펙터가 가고 온 것은 메....키....?,개같았던 스펙터가 가고 온 것은 메 키 ?,"['개', '같', '스펙터', '가', '오', '것', '메', '키']",,,,,
J5bP0Xd7Wyg,기운 4배 이벤트 개꿀딱이긴 했음 또 했으면....,0,2026-07-20 09:49:37+00:00,기운 4배 이벤트 개꿀딱이긴 했음 또 했으면....,기운 4배 이벤트 개꿀딱이긴 했음 또 했으면,"['기운', '배', '이벤트', '개꿀딱', '하']",,,,,
XZBgcl-FPyk,ㄱㅊㅅ,0,2026-07-20 09:31:22+00:00,ㄱㅊㅅ,ㄱㅊㅅ,[],,,,,
J5bP0Xd7Wyg,이번 부티크에 판매되는 옷중 전투복이 없나요???,0,2026-07-20 09:21:46+00:00,이번 부티크에 판매되는 옷중 전투복이 없나요???,이번 부티크에 판매되는 옷중 전투복이 없나요??,"['이번', '부티크', '판매', '옷', '중', '전투복', '없']",,,,,
ozTrqpio2X8,와 간섭 떄문에 극딜 돌아도 간섭작 끝내고 극딜햇었는데 이제 극딜이 안 밀리겠네 ㄷㄷ,0,2026-07-20 09:13:59+00:00,와 간섭 떄문에 극딜 돌아도 간섭작 끝내고 극딜햇었는데 이제 극딜이 안 밀리겠네 ㄷㄷ,와 간섭 떄문에 극딜 돌아도 간섭작 끝내고 극딜햇었는데 이제 극딜이 안 밀리겠네 ㄷㄷ,"['간섭', '떄', '문', '극딜', '돌', '간섭작', '끝', '내', '극딜', '극', '딜', '밀리']",,,,,
J5bP0Xd7Wyg,금요일 전까지만 시간채우면 피방이벤트 되는건가요,0,2026-07-20 09:10:39+00:00,금요일 전까지만 시간채우면 피방이벤트 되는건가요,금요일 전까지만 시간채우면 피방이벤트 되는건가요,"['금요일', '전', '시간', '채우', '피방이벤트', '되', '거']",,,,,
ozTrqpio2X8,혹시 인게임 설정 필터키가 외부 프로그램이나 레지스트리의 어느 수치의 설정에 부합하는지 테스트해볼 생각 있으실까요? 떠오르는 실험 방식이 없긴한데..,0,2026-07-20 09:03:50+00:00,혹시 인게임 설정 필터키가 외부 프로그램이나 레지스트리의 어느 수치의 설정에 부합하는지 테스트해볼 생각 있으실까요? 떠오르는 실험 방식이 없긴한데..,혹시 인게임 설정 필터키가 외부 프로그램이나 레지스트리의 어느 수치의 설정에 부합하는지 테스트해볼 생각 있으실까요? 떠오르는 실험 방식이 없긴한데,"['인', '게임', '설정', '필터키', '외부', '프로그램', '레지스트리', '수치', '설정', '부합', '테스트', '생각', '있', '떠오르', '실험', '방식', '없']",,,,,
J5bP0Xd7Wyg,1:52 여기부터 나오는 노래 뭔가요?,2,2026-07-20 09:03:14+00:00,1:52 여기부터 나오는 노래 뭔가요?,1 52 여기부터 나오는 노래 뭔가요?,"['나오', '노래']",,,,,
J5bP0Xd7Wyg,안드로이드 해맑네...주인이 죽어서 안되요! 하는데도 웃고있네 저거,1,2026-07-20 09:00:23+00:00,안드로이드 해맑네...주인이 죽어서 안되요! 하는데도 웃고있네 저거,안드로이드 해맑네 주인이 죽어서 안되요 하는데도 웃고있네 저거,"['안드로이드', '해맑', '주인', '죽', '되', '하', '웃']",,,,,
J5bP0Xd7Wyg,"5석펫 맞추려하는데 페른 vs 위벨 추천좀해주실분
지금 8기 3세트 + 프리렌 사둠
지금 저거 두개중 한개 사고
본섭으로 리프해서 남은 1개 사려고함",0,2026-07-20 08:50:16+00:00,"5석펫 맞추려하는데 페른 vs 위벨 추천좀해주실분
지금 8기 3세트 + 프리렌 사둠
지금 저거 두개중 한개 사고
본섭으로 리프해서 남은 1개 사려고함",5석펫 맞추려하는데 페른 vs 위벨 추천좀해주실분 지금 8기 3세트 프리렌 사둠 지금 저거 두개중 한개 사고 본섭으로 리프해서 남은 1개 사려고함,"['석', '펫', '맞추', '페른', '위', '벨', '추천', '하', '분', '기', '3세트', '프리렌', '사둠', '개', '중', '개', '사고', '본섭', '리프', '남', '개', '사']",,,,,
J5bP0Xd7Wyg,물자지원상자 오늘부터 안쓰고 모으면 목요일에 누적갯수 초기화 안되겠죠?,0,2026-07-20 08:48:11+00:00,물자지원상자 오늘부터 안쓰고 모으면 목요일에 누적갯수 초기화 안되겠죠?,물자지원상자 오늘부터 안쓰고 모으면 목요일에 누적갯수 초기화 안되겠죠?,"['물자', '지원', '상자', '오늘', '쓰', '모으', '목요일', '누적', '갯수', '초기', '되']",,,,,
J5bP0Xd7Wyg,부띠끄 칭호 언제언제 까야 제일 알차게 까먹으려나,0,2026-07-20 08:46:34+00:00,부띠끄 칭호 언제언제 까야 제일 알차게 까먹으려나,부띠끄 칭호 언제언제 까야 제일 알차게 까먹으려나,"['부띠끄', '칭호', '까', '알차', '까먹']",,,,,
J5bP0Xd7Wyg,맑음봇 고마워요!!,3,2026-07-20 08:42:41+00:00,맑음봇 고마워요!!,맑음봇 고마워요,"['맑음봇', '고맙']",,,,,
J5bP0Xd7Wyg,8:27 이거 지금 나와있는 물자지원 이벤트에서는 VIP 부스터 몬스터가 마리수에 포함되지 않던데 테섭 혹은 새로나오는 이벤트에서는 적용되는 사항인가요?,0,2026-07-20 08:41:42+00:00,8:27 이거 지금 나와있는 물자지원 이벤트에서는 VIP 부스터 몬스터가 마리수에 포함되지 않던데 테섭 혹은 새로나오는 이벤트에서는 적용되는 사항인가요?,8 27 이거 지금 나와있는 물자지원 이벤트에서는 VIP 부스터 몬스터가 마리수에 포함되지 않던데 테섭 혹은 새로나오는 이벤트에서는 적용되는 사항인가요?,"['나오', '물자', '지원', '이벤트', '부스터', '몬스터', '마리', '수', '포함', '데', '테섭', '나오', '이벤트', '적용', '사항']",,,,,
J5bP0Xd7Wyg,비약 또 주는지 아닌지 그건 안 나와있어서 아쉽네 ㅠ,0,2026-07-20 08:39:20+00:00,비약 또 주는지 아닌지 그건 안 나와있어서 아쉽네 ㅠ,비약 또 주는지 아닌지 그건 안 나와있어서 아쉽네 ㅠ,"['비약', '주', '나오', '아쉽']",,,,,
J5bP0Xd7Wyg,챌섭 유입인데 바인드 맵 패턴 없어지는거 반가우면서도 시원 섭섭한데 정상임?,2,2026-07-20 08:37:26+00:00,챌섭 유입인데 바인드 맵 패턴 없어지는거 반가우면서도 시원 섭섭한데 정상임?,챌섭 유입인데 바인드 맵 패턴 없어지는거 반가우면서도 시원 섭섭한데 정상임?,"['챌섭', '유입', '바인드', '맵', '패턴', '없', '거', '반갑', '시원', '정상']",,,,,
J5bP0Xd7Wyg,너무 좋은데 영상에만 집중해야하는게..ㅠ 목소리좀 기계음 이라도 넣어주시면 안되나요,2,2026-07-20 08:31:11+00:00,너무 좋은데 영상에만 집중해야하는게..ㅠ 목소리좀 기계음 이라도 넣어주시면 안되나요,너무 좋은데 영상에만 집중해야하는게 ㅠ 목소리좀 기계음 이라도 넣어주시면 안되나요,"['좋', '영상', '집중', '것', '목소리', '기계', '음', '넣', '되']",,,,,
J5bP0Xd7Wyg,17:09 대맑음님 혹시 메M260 초고속 공략루트 저번처럼 해주시나요...😢,30,2026-07-20 08:25:13+00:00,17:09 대맑음님 혹시 메M260 초고속 공략루트 저번처럼 해주시나요...😢,17 09 대맑음님 혹시 메M260 초고속 공략루트 저번처럼 해주시나요,"['대', '맑음', '메', '고속', '공략', '루트', '저번', '하']",,,,,
J5bP0Xd7Wyg,부티크 칭호 기간 몇일짜리지,0,2026-07-20 08:08:09+00:00,부티크 칭호 기간 몇일짜리지,부티크 칭호 기간 몇일짜리지,"['부티크', '칭호', '기간', '일']",,,,,
J5bP0Xd7Wyg,"프라임 모멘텀 패스는 284렙 기준 약 43일 가까이 몬파 3000메포 쓴 거랑 동급의 효율입니다. 
대충 50억 메소 정도의 가치이죠. 그래서 가성비란 수식어가 가능합니다",0,2026-07-20 08:03:10+00:00,"프라임 모멘텀 패스는 284렙 기준 약 43일 가까이 몬파 3000메포 쓴 거랑 동급의 효율입니다. 
대충 50억 메소 정도의 가치이죠. 그래서 가성비란 수식어가 가능합니다",프라임 모멘텀 패스는 284렙 기준 약 43일 가까이 몬파 300메포 쓴 거랑 동급의 효율입니다 대충 50억 메소 정도의 가치이죠 그래서 가성비란 수식어가 가능합니다,"['프라임', '모멘텀', '패스', '렙', '기준', '일', '몰', '파', '메', '포', '쓰', '거', '동급', '효율', '메소', '정도', '가치', '가성비', '수식어', '가능']",,,,,
J5bP0Xd7Wyg,브금 정리글 없나요 😢,1,2026-07-20 08:00:24+00:00,브금 정리글 없나요 😢,브금 정리글 없나요,"['브금', '정리', '글', '없']",,,,,
J5bP0Xd7Wyg,"님들 자석펫 지금 너무 비싼데 얼마가 적정가에요?
한달 지나면 싸질려나
지금150억있는데 못사요..",0,2026-07-20 07:48:45+00:00,"님들 자석펫 지금 너무 비싼데 얼마가 적정가에요?
한달 지나면 싸질려나
지금150억있는데 못사요..",님들 자석펫 지금 너무 비싼데 얼마가 적정가에요? 한달 지나면 싸질려나 지금150억있는데 못사요,"['님', '자석펫', '비싸', '얼마', '적정', '달', '지나', '싸', '있', '데', '사']",,,,,
J5bP0Xd7Wyg,미호로이드 일루와잇!!! 바로 구매,0,2026-07-20 07:45:36+00:00,미호로이드 일루와잇!!! 바로 구매,미호로이드 일루와잇 바로 구매,"['미호로이드', '오', '잇', '구매']",,,,,
J5bP0Xd7Wyg,굿,0,2026-07-20 07:43:10+00:00,굿,굿,['굿'],,,,,
J5bP0Xd7Wyg,블래스터 120초 아니에요 ㅋㅋ 과열상태일때마다 쓰는거라 7~8초에요,1,2026-07-20 07:42:38+00:00,블래스터 120초 아니에요 ㅋㅋ 과열상태일때마다 쓰는거라 7~8초에요,블래스터 120초 아니에요 ㅋㅋ 과열상태일때마다 쓰는거라 7 8초에요,"['블래스터', '초', '과열', '상태', '때', '쓰', '거', '초']",,,,,
J5bP0Xd7Wyg,뎀스하나땜 ㄴ에 메m하는게 맞으려나..얼마나 걸리지..,0,2026-07-20 07:40:26+00:00,뎀스하나땜 ㄴ에 메m하는게 맞으려나..얼마나 걸리지..,뎀스하나땜 ㄴ에 메m하는게 맞으려나 얼마나 걸리지,"['뎀스하나땜', '에', '메', '것', '맞', '걸리']",,,,,
J5bP0Xd7Wyg,데슬 급하게 문 닫는 모션이라는 글을 보고 안 까먹게된다..,18,2026-07-20 07:39:51+00:00,데슬 급하게 문 닫는 모션이라는 글을 보고 안 까먹게된다..,데슬 급하게 문 닫는 모션이라는 글을 보고 안 까먹게된다,"['데스', '급하', '문', '닫', '모션', '글', '보', '까먹', '되']",,,,,
J5bP0Xd7Wyg,울티마 스쿼드 본섭이랑 챌섭 별개인가요??,0,2026-07-20 07:37:34+00:00,울티마 스쿼드 본섭이랑 챌섭 별개인가요??,울티마 스쿼드 본섭이랑 챌섭 별개인가요??,"['울티마', '스쿼드', '본섭', '챌섭', '별개']",,,,,
J5bP0Xd7Wyg,블래스터 120초 무슨일이야,0,2026-07-20 07:36:23+00:00,블래스터 120초 무슨일이야,블래스터 120초 무슨일이야,"['블래스터', '초', '일']",,,,,
J5bP0Xd7Wyg,16:39 안구건조증인가봄,0,2026-07-20 07:36:20+00:00,16:39 안구건조증인가봄,16 39 안구건조증인가봄,"['안구', '건조증']",,,,,
J5bP0Xd7Wyg,물자지원 상자 팁) 룬 적용은 자동인데 룬의 경험 50퍼는 20초만 적용이라 특수물자 지원때 룬 타이밍 맞추기,13,2026-07-20 07:35:35+00:00,물자지원 상자 팁) 룬 적용은 자동인데 룬의 경험 50퍼는 20초만 적용이라 특수물자 지원때 룬 타이밍 맞추기,물자지원 상자 팁 룬 적용은 자동인데 룬의 경험 50퍼는 20초만 적용이라 특수물자 지원때 룬 타이밍 맞추기,"['물자', '지원', '상자', '팁', '룬', '적용', '자동', '룬', '경험', '퍼', '초', '적용', '특수', '물자', '지원', '때', '룬', '타이밍', '맞추']",,,,,
J5bP0Xd7Wyg,다 찍어야제,0,2026-07-20 07:33:42+00:00,다 찍어야제,다 찍어야제,['찍'],,,,,
J5bP0Xd7Wyg,컴플릿갸챠에 천장이 없는게  너무 아니꼽다..  ㅜㄴ,0,2026-07-20 07:31:39+00:00,컴플릿갸챠에 천장이 없는게  너무 아니꼽다..  ㅜㄴ,컴플릿갸챠에 천장이 없는게 너무 아니꼽다 ㅜㄴ,"['컴플릿갸챠', '천장', '없', '것', '아니꼽']",,,,,
J5bP0Xd7Wyg,16:07 여기부터 바뀌는 노래 이름 뭔가용??,8,2026-07-20 07:27:33+00:00,16:07 여기부터 바뀌는 노래 이름 뭔가용??,16 07 여기부터 바뀌는 노래 이름 뭔가용??,"['바뀌', '노래', '이름']",,,,,
J5bP0Xd7Wyg,23일 이후에 하는 pc방 이벤트도 15시간 채우면 30일짜리 자석펫 주나요??,6,2026-07-20 07:27:32+00:00,23일 이후에 하는 pc방 이벤트도 15시간 채우면 30일짜리 자석펫 주나요??,23일 이후에 하는 pc방 이벤트도 15시간 채우면 30일짜리 자석펫 주나요??,"['일', '이후', '하', '방', '이벤트', '시간', '채우', '일', '자석', '펫', '주']",,,,,
J5bP0Xd7Wyg,또 뭐가 이렇게 많아..,0,2026-07-20 07:25:32+00:00,또 뭐가 이렇게 많아..,또 뭐가 이렇게 많아,"['이렇', '많']",,,,,
J5bP0Xd7Wyg,진심.. 맑음님이 운영자였음 하는생각이 영상볼때마다 들긴해,1,2026-07-20 07:24:42+00:00,진심.. 맑음님이 운영자였음 하는생각이 영상볼때마다 들긴해,진심 맑음님이 운영자였음 하는생각이 영상볼때마다 들긴해,"['진심', '맑음', '운영자', '하', '생각', '영상', '보', '때', '들']",,,,,
J5bP0Xd7Wyg,자석펫 무료로 1마리 가능 한건 나같은 유입은 못 받아서 슬프긴함....,0,2026-07-20 07:24:05+00:00,자석펫 무료로 1마리 가능 한건 나같은 유입은 못 받아서 슬프긴함....,자석펫 무료로 1마리 가능 한건 나같은 유입은 못 받아서 슬프긴함,"['자석', '펫', '무료', '마리', '가능', '거', '같', '유입', '받', '슬프']",,,,,
J5bP0Xd7Wyg,훈련일지 포인트 안쓰면 없어짐?,0,2026-07-20 07:17:56+00:00,훈련일지 포인트 안쓰면 없어짐?,훈련일지 포인트 안쓰면 없어짐?,"['훈련', '일지', '포인트', '쓰', '없']",,,,,
J5bP0Xd7Wyg,요즘 부티크 기프트에서 왜 전투복 안줘...,1,2026-07-20 07:15:46+00:00,요즘 부티크 기프트에서 왜 전투복 안줘...,요즘 부티크 기프트에서 왜 전투복 안줘,"['요즘', '부티크', '기프트', '전투복', '주']",,,,,
J5bP0Xd7Wyg,피씨방 누적시간이 23일점검후에 채워도 누적보상 받을수있는 걸까요?,4,2026-07-20 07:14:59+00:00,피씨방 누적시간이 23일점검후에 채워도 누적보상 받을수있는 걸까요?,피씨방 누적시간이 23일점검후에 채워도 누적보상 받을수있는 걸까요?,"['피씨방', '누적', '시간', '일', '점검', '후', '채우', '누적', '보상', '받', '수', '있', '거']",,,,,
J5bP0Xd7Wyg,창(렬)섭(섭)이,3,2026-07-20 07:14:59+00:00,창(렬)섭(섭)이,창 렬 섭 섭 이,"['창', '렬', '섭', '섭']",,,,,
J5bP0Xd7Wyg,시발 스펙터블래스트 훈장 못얻었는데 이렇게 끝내야하나...,3,2026-07-20 07:10:41+00:00,시발 스펙터블래스트 훈장 못얻었는데 이렇게 끝내야하나...,시발 스펙터블래스트 훈장 못얻었는데 이렇게 끝내야하나,"['시발', '스펙터블래스트', '훈장', '얻', '이렇', '끝내']",,,,,
J5bP0Xd7Wyg,다 창렬이네..,3,2026-07-20 07:08:11+00:00,다 창렬이네..,다 창렬이네,['창렬'],,,,,
J5bP0Xd7Wyg,부티크 보통 한개에ㅜ얼만가요?,5,2026-07-20 07:07:13+00:00,부티크 보통 한개에ㅜ얼만가요?,부티크 보통 한개에ㅜ얼만가요?,"['부티크', '개', '얼마']",,,,,
J5bP0Xd7Wyg,요새 자석펫 왤케 비싸졌어요 예전에 20년도에 물값 비쌀때도  26에 샀던거 같은데,52,2026-07-20 07:06:08+00:00,요새 자석펫 왤케 비싸졌어요 예전에 20년도에 물값 비쌀때도  26에 샀던거 같은데,요새 자석펫 왤케 비싸졌어요 예전에 20년도에 물값 비쌀때도 26에 샀던거 같은데,"['자석펫', '하', '비싸', '예전', '년도', '물', '값', '비싸', '때', '사', '거', '같']",,,,,
J5bP0Xd7Wyg,나 2빠 첨해봄,1,2026-07-20 07:05:54+00:00,나 2빠 첨해봄,나 2빠 첨해봄,"['빠', '첨']",,,,,
J5bP0Xd7Wyg,그래그래 바로 봐주마,0,2026-07-20 07:05:37+00:00,그래그래 바로 봐주마,그래그래 바로 봐주마,['보'],,,,,
ozTrqpio2X8,그린메이플아이디가 머지..,0,2026-07-20 06:44:06+00:00,그린메이플아이디가 머지..,그린메이플아이디가 머지,['그린메이플아이디'],,,,,
ozTrqpio2X8,핸즈 살만한가요?,0,2026-07-20 04:53:37+00:00,핸즈 살만한가요?,핸즈 살만한가요?,"['핸즈', '살', '만']",,,,,
vtXkiF-GE9I,"없던 딜이 생겨서 좋긴한데 
잴 의문인건 누군 컷신 이펙트 신경써준거같은데 대충만든직업들은 너무 안타깝다...",0,2026-07-20 03:42:48+00:00,"없던 딜이 생겨서 좋긴한데 
잴 의문인건 누군 컷신 이펙트 신경써준거같은데 대충만든직업들은 너무 안타깝다...",없던 딜이 생겨서 좋긴한데 잴 의문인건 누군 컷신 이펙트 신경써준거같은데 대충만든직업들은 너무 안타깝다,"['없', '딜', '생기', '좋', '재', '의문', '거', '컷', '신', '이펙트', '신경', '쓰', '거', '같', '만들', '직업', '안타깝']",,,,,
ozTrqpio2X8,자석펫 전용장비 못쓰게됐는데 이거 크리스탈키로 바꿔주는패치 해주면 안될까 창섭이형.. 메소좀 내도되는데 ㅠㅠ,0,2026-07-20 03:21:31+00:00,자석펫 전용장비 못쓰게됐는데 이거 크리스탈키로 바꿔주는패치 해주면 안될까 창섭이형.. 메소좀 내도되는데 ㅠㅠ,자석펫 전용장비 못쓰게됐는데 이거 크리스탈키로 바꿔주는패치 해주면 안될까 창섭이형 메소좀 내도되는데 ㅠㅠ,"['자석', '펫', '전용', '장비', '쓰', '되', '크리스탈키', '바꾸', '패치', '되', '창섭', '형', '메소', '내', '되']",,,,,
ozTrqpio2X8,보통 페이즈 넘어갈 때 무적인데 윌 1페는 넘어가는 와중에도 콩알탄 같은거 맞는 경우가 있던데 왜 그런거임? 걍 버근가,0,2026-07-20 03:17:37+00:00,보통 페이즈 넘어갈 때 무적인데 윌 1페는 넘어가는 와중에도 콩알탄 같은거 맞는 경우가 있던데 왜 그런거임? 걍 버근가,보통 페이즈 넘어갈 때 무적인데 윌 1페는 넘어가는 와중에도 콩알탄 같은거 맞는 경우가 있던데 왜 그런거임? 걍 버근가,"['페이즈', '넘', '때', '무적', '윌', '1페', '넘어가', '와중', '콩알', '탄', '같', '거', '맞', '경우', '있', '거', '버그']",,,,,
XZBgcl-FPyk,"특수상자 관련해서 룬경 특수코어 내용도 들어가면 좋을 것 같습니다
30분 기준 2회를 룬경에 맞춰 터는게 제일 좋아보이네요",0,2026-07-20 02:16:51+00:00,"특수상자 관련해서 룬경 특수코어 내용도 들어가면 좋을 것 같습니다
30분 기준 2회를 룬경에 맞춰 터는게 제일 좋아보이네요",특수상자 관련해서 룬경 특수코어 내용도 들어가면 좋을 것 같습니다 30분 기준 2회를 룬경에 맞춰 터는게 제일 좋아보이네요,"['특수', '상자', '관련', '룬경', '특수코어', '내용', '들어가', '좋', '것', '같', '분', '기준', '회', '룬', '맞추', '터', '것', '좋', '보이']",,,,,
XZBgcl-FPyk,일반물자 모아두면 목요일 패치 후 변경되는 일반물자로 쓸수있나요?,0,2026-07-19 23:17:27+00:00,일반물자 모아두면 목요일 패치 후 변경되는 일반물자로 쓸수있나요?,일반물자 모아두면 목요일 패치 후 변경되는 일반물자로 쓸수있나요?,"['일반', '물자', '모으', '목요일', '패치', '후', '변경', '일반', '물자', '쓰', '수', '있']",,,,,
ozTrqpio2X8,세렌 암흑 레이저는 보스가 직접 쓰는 건데 왜 안 끊기냐고 씹 ㅋㅋ,0,2026-07-19 23:11:22+00:00,세렌 암흑 레이저는 보스가 직접 쓰는 건데 왜 안 끊기냐고 씹 ㅋㅋ,세렌 암흑 레이저는 보스가 직접 쓰는 건데 왜 안 끊기냐고 씹 ㅋㅋ,"['세렌', '암흑', '레이저', '보스', '쓰', '거', '끊기', '씹']",,,,,
ozTrqpio2X8,제논 필터키 추천 하시나요??,0,2026-07-19 22:33:28+00:00,제논 필터키 추천 하시나요??,제논 필터키 추천 하시나요??,"['제논', '필터키', '추천']",,,,,
ozTrqpio2X8,보스 이제..진짜 다 잣밥됫군,0,2026-07-19 21:28:17+00:00,보스 이제..진짜 다 잣밥됫군,보스 이제 진짜 다 잣밥됫군,"['보스', '잣밥됫군']",,,,,
ozTrqpio2X8,사망,0,2026-07-19 21:26:23+00:00,사망,사망,['사망'],,,,,
XZBgcl-FPyk,특수상자모아서 4배경쿠 들어오면 몰아서 와바박 먹어야되나,0,2026-07-19 19:00:02+00:00,특수상자모아서 4배경쿠 들어오면 몰아서 와바박 먹어야되나,특수상자모아서 4배경쿠 들어오면 몰아서 와바박 먹어야되나,"['특수', '상자', '모으', '4배경쿠', '들어오', '몰', '와바박', '먹', '되']",,,,,
ozTrqpio2X8,"보스 그만 쉬워져야 할 것 같은데 
왜 자꾸 쉽게만 만드냐...",0,2026-07-19 18:04:11+00:00,"보스 그만 쉬워져야 할 것 같은데 
왜 자꾸 쉽게만 만드냐...",보스 그만 쉬워져야 할 것 같은데 왜 자꾸 쉽게만 만드냐,"['보스', '쉽', '것', '같', '쉽', '만들']",,,,,
WD11kJwi7qk,메이플 무과금으로 할려면 이번에도 어림도 없네요 200만 지르면에서 패스만 지르면으로 바뀌긴했는데...,1,2026-07-19 16:46:16+00:00,메이플 무과금으로 할려면 이번에도 어림도 없네요 200만 지르면에서 패스만 지르면으로 바뀌긴했는데...,메이플 무과금으로 할려면 이번에도 어림도 없네요 200만 지르면에서 패스만 지르면으로 바뀌긴했는데,"['메이플', '무과', '금', '하', '이번', '어림', '없', '지르', '패스', '지르', '바뀌']",,,,,
ozTrqpio2X8,"루시드 저 용용이 바인드로 사라지는 거 개좋다
안 그래도 루시드 저것때매 깨기 힘들었는데",1,2026-07-19 16:35:44+00:00,"루시드 저 용용이 바인드로 사라지는 거 개좋다
안 그래도 루시드 저것때매 깨기 힘들었는데",루시드 저 용용이 바인드로 사라지는 거 개좋다 안 그래도 루시드 저것때매 깨기 힘들었는데,"['루시드', '용', '용', '바인드', '사라지', '거', '개', '좋', '그렇', '루시드', '때', '매', '깨', '힘들']",,,,,
ozTrqpio2X8,더스크 1분 기다리는것도 패치하지..,2,2026-07-19 16:23:57+00:00,더스크 1분 기다리는것도 패치하지..,더스크 1분 기다리는것도 패치하지,"['더스크', '분', '기다리', '것', '패치']",,,,,
ozTrqpio2X8,이야 익검 팟격도 개 허벌됐네 부캐들 무조건 보내야되네,0,2026-07-19 15:05:41+00:00,이야 익검 팟격도 개 허벌됐네 부캐들 무조건 보내야되네,이야 익검 팟격도 개 허벌됐네 부캐들 무조건 보내야되네,"['익검', '팟', '격', '개', '허벌', '되', '부캐', '보내', '되']",,,,,
ozTrqpio2X8,자석펫 천장도 만들어라,0,2026-07-19 15:04:38+00:00,자석펫 천장도 만들어라,자석펫 천장도 만들어라,"['자석펫', '천장', '만들']",,,,,
ozTrqpio2X8,가엔슬 바인드시 화염돌이 다 사라지네....흠....,1,2026-07-19 15:02:28+00:00,가엔슬 바인드시 화염돌이 다 사라지네....흠....,가엔슬 바인드시 화염돌이 다 사라지네 흠,"['가엔슬', '바인드시', '화염돌이', '사라지']",,,,,
ozTrqpio2X8,8:20 세렌 렉 어쩐지 최초 입장 렉 뺐다고 생각했는데 계속 렉나더라,0,2026-07-19 14:50:30+00:00,8:20 세렌 렉 어쩐지 최초 입장 렉 뺐다고 생각했는데 계속 렉나더라,8 20 세렌 렉 어쩐지 최초 입장 렉 뺐다고 생각했는데 계속 렉나더라,"['세', '렌', '렉', '최초', '입장', '렉', '빼', '생각', '렉', '나']",,,,,
WD11kJwi7qk,와아 친절한 설명 너무 감사합니다 ㅜㅜ,1,2026-07-19 14:50:22+00:00,와아 친절한 설명 너무 감사합니다 ㅜㅜ,와아 친절한 설명 너무 감사합니다 ㅜㅜ,"['친절', '설명', '감사']",,,,,
ozTrqpio2X8,뉴비들과 평균나이올라가는 게임에서 난이도완화는 좋아지는데 원기때부터 7년 메이플해온 유저로서 컨트롤요소가 요새는 가파르게 빠지고 있어서 아쉽네.. 검밑솔이야 쉬워지는게 맞지만 20분화도 그렇고 세칼카 패턴 대폭완화에 최근 나온 림보 발드 유피같이 최상위보스도 너무 허수아비처럼 나오는게 아닌가 싶다.. 최소한 고점뽑는데 림발유보단 시간이 걸리는 대적자나 흉성정도의 난이도정도는 해주지 예전 보스가 어려워서 정복감은 있었는데.. 물론 억까패턴은 ㅈ같지만,3,2026-07-19 14:02:31+00:00,뉴비들과 평균나이올라가는 게임에서 난이도완화는 좋아지는데 원기때부터 7년 메이플해온 유저로서 컨트롤요소가 요새는 가파르게 빠지고 있어서 아쉽네.. 검밑솔이야 쉬워지는게 맞지만 20분화도 그렇고 세칼카 패턴 대폭완화에 최근 나온 림보 발드 유피같이 최상위보스도 너무 허수아비처럼 나오는게 아닌가 싶다.. 최소한 고점뽑는데 림발유보단 시간이 걸리는 대적자나 흉성정도의 난이도정도는 해주지 예전 보스가 어려워서 정복감은 있었는데.. 물론 억까패턴은 ㅈ같지만,뉴비들과 평균나이올라가는 게임에서 난이도완화는 좋아지는데 원기때부터 7년 메이플해온 유저로서 컨트롤요소가 요새는 가파르게 빠지고 있어서 아쉽네 검밑솔이야 쉬워지는게 맞지만 20분화도 그렇고 세칼카 패턴 대폭완화에 최근 나온 림보 발드 유피같이 최상위보스도 너무 허수아비처럼 나오는게 아닌가 싶다 최소한 고점뽑는데 림발유보단 시간이 걸리는 대적자나 흉성정도의 난이도정도는 해주지 예전 보스가 어려워서 정복감은 있었는데 물론 억까패턴은 ㅈ같지만,"['뉴비', '평균', '나이', '올라가', '게임', '난이도', '완화', '좋', '데', '원기', '때', '년', '메이플', '유저', '컨트롤', '요소', '요새', '가파르', '빠지', '아쉽', '검', '밑', '솔', '쉽', '것', '맞', '그렇', '세칼카', '패턴', '완화', '최근', '나오', '림보', '발드', '유', '피', '상위', '보스', '허수아비', '나오', '것', '점', '뽑', '림발유', '시간', '걸리', '대적', '흉성', '정도', '난이도', '정도', '하', '예전', '보스', '어렵', '정복', '있', '억까', '패턴', '같']",,,,,
PmHlunblL3Y,진짜 눌러야 하는 게 너무 늘어나는 직업도 배려 좀... 그리고 코어 간 밸런스 조절한다고 9월 가서 딴 스킬 퍼댐 가져다가 신 스킬 대미지 늘려서 약해지면 진짜.....,0,2026-07-19 13:46:18+00:00,진짜 눌러야 하는 게 너무 늘어나는 직업도 배려 좀... 그리고 코어 간 밸런스 조절한다고 9월 가서 딴 스킬 퍼댐 가져다가 신 스킬 대미지 늘려서 약해지면 진짜.....,진짜 눌러야 하는 게 너무 늘어나는 직업도 배려 좀 그리고 코어 간 밸런스 조절한다고 9월 가서 딴 스킬 퍼댐 가져다가 신 스킬 대미지 늘려서 약해지면 진짜,"['누르', '것', '늘어나', '직업', '배려', '코어', '간', '밸런스', '조절', '월', '가', '따', '스킬', '퍼', '댐', '가지', '스킬', '대미', '지', '늘리', '약하']",,,,,
ozTrqpio2X8,개인적으로 정말 개선됬으면 하는게 있는데 제네시스 해방 온오프스킬인 '파괴의 얄다바오스?' 이거 보스맵 입장 할 때마다 다시 켜야되는거 너무 너무 불편해요..,1,2026-07-19 13:23:24+00:00,개인적으로 정말 개선됬으면 하는게 있는데 제네시스 해방 온오프스킬인 '파괴의 얄다바오스?' 이거 보스맵 입장 할 때마다 다시 켜야되는거 너무 너무 불편해요..,개인적으로 정말 개선됬으면 하는게 있는데 제네시스 해방 온오프스킬인 파괴의 얄다바오스? 이거 보스맵 입장 할 때마다 다시 켜야되는거 너무 너무 불편해요,"['개인', '개선', '하', '것', '있', '제네시스', '해방', '온', '오프', '스킬', '파괴', '얄다바오스', '보스맵', '입장', '하', '때', '켜', '되', '거', '불편']",,,,,
ozTrqpio2X8,와씨 듄켈 엘보랑 패턴사라지는거 개고트네 저 불쾌함 GOAT보스 드디어 사라지네,1,2026-07-19 11:54:04+00:00,와씨 듄켈 엘보랑 패턴사라지는거 개고트네 저 불쾌함 GOAT보스 드디어 사라지네,와씨 듄켈 엘보랑 패턴사라지는거 개고트네 저 불쾌함 GOAT보스 드디어 사라지네,"['와씨', '듄켈', '엘보랑', '패턴', '사라지', '거', '개', '트', '보스', '사라지']",,,,,
ozTrqpio2X8,"그래 뭔 필터키를 따로 미개하게 사용했어야 했냐
공식지원 잘했네, 써야하나 고민하고 있었는데",0,2026-07-19 11:31:52+00:00,"그래 뭔 필터키를 따로 미개하게 사용했어야 했냐
공식지원 잘했네, 써야하나 고민하고 있었는데",그래 뭔 필터키를 따로 미개하게 사용했어야 했냐 공식지원 잘했네 써야하나 고민하고 있었는데,"['필터키', '미개', '사용', '공식', '지원', '쓰', '고민']",,,,,
ozTrqpio2X8,"맑음님..ㅠ 혹시 최신버전으로 제논 보스관련 팁좀 받아볼 수 있을까요? ㅠㅠ 
스킬이.. 넘 어려워요 ㅠㅠ 융합 안에서 극딜해야 되는 것도 얼마전에 알음..ㅋㅋ ㅠㅠㅠ 그리고 맬다캔슬이 있다던데 다른영상에서 봤을땐 맬다누르고융합누르면 캔슬 된다던데 따닥 눌렀는데 절대안되구요.. 그리고 어떤 친구는 맬다가 방깎이라고 극딜때 쓰는거라던데.. 스킬설명엔.. 저는 잘 모르겠던데.. 근데 그게 맞다면 맬다쓰면 3초동안 가만히 스킬시전만 하는데.. 아 뭐가 뭔지 모르겠어요 ... ㅠ",1,2026-07-19 11:19:08+00:00,"맑음님..ㅠ 혹시 최신버전으로 제논 보스관련 팁좀 받아볼 수 있을까요? ㅠㅠ 
스킬이.. 넘 어려워요 ㅠㅠ 융합 안에서 극딜해야 되는 것도 얼마전에 알음..ㅋㅋ ㅠㅠㅠ 그리고 맬다캔슬이 있다던데 다른영상에서 봤을땐 맬다누르고융합누르면 캔슬 된다던데 따닥 눌렀는데 절대안되구요.. 그리고 어떤 친구는 맬다가 방깎이라고 극딜때 쓰는거라던데.. 스킬설명엔.. 저는 잘 모르겠던데.. 근데 그게 맞다면 맬다쓰면 3초동안 가만히 스킬시전만 하는데.. 아 뭐가 뭔지 모르겠어요 ... ㅠ",맑음님 ㅠ 혹시 최신버전으로 제논 보스관련 팁좀 받아볼 수 있을까요? ㅠㅠ 스킬이 넘 어려워요 ㅠㅠ 융합 안에서 극딜해야 되는 것도 얼마전에 알음 ㅋㅋ ㅠㅠ 그리고 맬다캔슬이 있다던데 다른영상에서 봤을땐 맬다누르고융합누르면 캔슬 된다던데 따닥 눌렀는데 절대안되구요 그리고 어떤 친구는 맬다가 방깎이라고 극딜때 쓰는거라던데 스킬설명엔 저는 잘 모르겠던데 근데 그게 맞다면 맬다쓰면 3초동안 가만히 스킬시전만 하는데 아 뭐가 뭔지 모르겠어요 ㅠ,"['맑음', '최신', '버전', '제논', '보스', '관련', '팁', '받', '수', '있', '스킬', '어렵', '융합', '안', '극', '딜', '되', '것', '얼마', '전', '알', '맬다캔슬', '있', '영상', '보', '때', '매', '누르', '융합', '누르', '캔', '되', '따', '누르', '되', '친구', '맬', '다그', '방', '깎이', '극딜', '때', '쓰', '거', '스킬', '설명', '모르', '맞', '매', '쓰', '초', '동안', '스킬', '시전', '하', '모르']",,,,,
ozTrqpio2X8,맵패턴 멈추는건 이해 안감 나는,0,2026-07-19 11:09:15+00:00,맵패턴 멈추는건 이해 안감 나는,맵패턴 멈추는건 이해 안감 나는,"['맵', '패턴', '멈추', '거', '이해', '가']",,,,,
ozTrqpio2X8,필터키를 사용하고 게임 내에서도 설정 키면 안되나요? 아니면 필터키 꺼야되나요?..,0,2026-07-19 11:08:02+00:00,필터키를 사용하고 게임 내에서도 설정 키면 안되나요? 아니면 필터키 꺼야되나요?..,필터키를 사용하고 게임 내에서도 설정 키면 안되나요? 아니면 필터키 꺼야되나요?,"['필터', '키', '사용', '게임', '내', '설정', '키', '되', '필터키', '끄', '되']",,,,,
ozTrqpio2X8,06:32 패턴이 아닌 패컨이라는 오타!,0,2026-07-19 11:06:32+00:00,06:32 패턴이 아닌 패컨이라는 오타!,06 32 패턴이 아닌 패컨이라는 오타,"['패턴', '패컨', '오타']",,,,,
XZBgcl-FPyk,"물자지원 룬 자동적용이라는게
룬 안까고 지원받아도 룬 효과 적용되서 벋는다는거임?",0,2026-07-19 11:01:57+00:00,"물자지원 룬 자동적용이라는게
룬 안까고 지원받아도 룬 효과 적용되서 벋는다는거임?",물자지원 룬 자동적용이라는게 룬 안까고 지원받아도 룬 효과 적용되서 벋는다는거임?,"['물자', '지원', '룬', '자동', '적용', '것', '루', '까', '지원', '룬', '효과', '적용', '벋', '거']",,,,,
ozTrqpio2X8,"지금 필터키 프로그램으로 쓰고 있는데

필터키 프로그램 << 공식 필터키

이렇게 되는거 맞나요?",0,2026-07-19 10:53:03+00:00,"지금 필터키 프로그램으로 쓰고 있는데

필터키 프로그램 << 공식 필터키

이렇게 되는거 맞나요?",지금 필터키 프로그램으로 쓰고 있는데 필터키 프로그램 공식 필터키 이렇게 되는거 맞나요?,"['필터', '키', '프로그램', '쓰', '필터', '키', '프로그램', '공식', '필터키', '이렇', '되', '거', '맞']",,,,,
ozTrqpio2X8,너무 딸깍으로만 바뀌는거 같아..,0,2026-07-19 10:29:14+00:00,너무 딸깍으로만 바뀌는거 같아..,너무 딸깍으로만 바뀌는거 같아,"['딸', '바뀌', '거', '같']",,,,,
ozTrqpio2X8,6:27 패컨 ㄷㄷ,3,2026-07-19 10:28:53+00:00,6:27 패컨 ㄷㄷ,6 27 패컨 ㄷㄷ,"['패', '크']",,,,,
vtXkiF-GE9I,아이폰이라 밑에 자막이 짤림 ㅠ,0,2026-07-19 10:10:17+00:00,아이폰이라 밑에 자막이 짤림 ㅠ,아이폰이라 밑에 자막이 짤림 ㅠ,"['아이폰', '밑', '자막', '짤리']",,,,,
ozTrqpio2X8,8:41 여기 브금 아시는 분!?,0,2026-07-19 09:57:33+00:00,8:41 여기 브금 아시는 분!?,8 41 여기 브금 아시는 분 ?,"['브금', '분']",,,,,
ozTrqpio2X8,보스 너무 쉬워지는거 아냐 보상은 점점 늘어나는데 결정석 얼마나 깔려고 밑밥까냐,9,2026-07-19 09:45:38+00:00,보스 너무 쉬워지는거 아냐 보상은 점점 늘어나는데 결정석 얼마나 깔려고 밑밥까냐,보스 너무 쉬워지는거 아냐 보상은 점점 늘어나는데 결정석 얼마나 깔려고 밑밥까냐,"['보스', '쉽', '거', '알', '보상', '늘어나', '결정', '석', '깔', '밑', '밥', '까']",,,,,
ozTrqpio2X8,"필터키 같은경우 배메, 루미, 팬텀의경우 텔포가 후다다닥 나가는 경우가 있으니 확인하도 사용하세용~~~",0,2026-07-19 09:19:38+00:00,"필터키 같은경우 배메, 루미, 팬텀의경우 텔포가 후다다닥 나가는 경우가 있으니 확인하도 사용하세용~~~",필터키 같은경우 배메 루미 팬텀의경우 텔포가 후다다닥 나가는 경우가 있으니 확인하도 사용하세용,"['필터', '키', '같', '경우', '배', '메', '루미', '팬텀', '경우', '텔', '포', '나가', '경우', '있', '확인', '사용']",,,,,
f92dfu0biJI,챌린저스 패스 프리미엄 지원 물품 지금 사도 효율 괜찮을까요?..ㅠ 280이에요!,0,2026-07-19 09:09:45+00:00,챌린저스 패스 프리미엄 지원 물품 지금 사도 효율 괜찮을까요?..ㅠ 280이에요!,챌린저스 패스 프리미엄 지원 물품 지금 사도 효율 괜찮을까요? ㅠ 280이에요,"['챌린저스', '패스', '프리미엄', '지원', '물품', '사', '효율', '괜찮']",,,,,
ozTrqpio2X8,보스 너무 쉬워지는게 아닌가 싶네 지금도 완화패치 많이해줘서 쉬운데,0,2026-07-19 09:06:00+00:00,보스 너무 쉬워지는게 아닌가 싶네 지금도 완화패치 많이해줘서 쉬운데,보스 너무 쉬워지는게 아닌가 싶네 지금도 완화패치 많이해줘서 쉬운데,"['보스', '쉽', '것', '지금', '완화', '패치', '하', '쉽']",,,,,
ozTrqpio2X8,그린 아이디는 따로 설정을 해야 되나요?,0,2026-07-19 08:53:21+00:00,그린 아이디는 따로 설정을 해야 되나요?,그린 아이디는 따로 설정을 해야 되나요?,"['그린', '아이디', '설정', '하', '되']",,,,,
ozTrqpio2X8,필터키 헤카테 팩텀같은거 키셋에 놓고 누르면 엄청 여러번 눌려서 몇가지 예외는 둬야하긴 하겠던데. 그 외엔 엄청 편함 ㄷ,0,2026-07-19 08:50:32+00:00,필터키 헤카테 팩텀같은거 키셋에 놓고 누르면 엄청 여러번 눌려서 몇가지 예외는 둬야하긴 하겠던데. 그 외엔 엄청 편함 ㄷ,필터키 헤카테 팩텀같은거 키셋에 놓고 누르면 엄청 여러번 눌려서 몇가지 예외는 둬야하긴 하겠던데 그 외엔 엄청 편함 ㄷ,"['필터키', '헤카테', '팩텀', '같', '거', '키셋', '놓', '누르', '번', '눌리', '가지', '예외', '두', '외', '편하']",,,,,
ozTrqpio2X8,항상 잘 보고 있습니다. 혹시 메m 공략 리뉴얼도 해주실 계획이 있으실까요??,0,2026-07-19 08:35:10+00:00,항상 잘 보고 있습니다. 혹시 메m 공략 리뉴얼도 해주실 계획이 있으실까요??,항상 잘 보고 있습니다 혹시 메m 공략 리뉴얼도 해주실 계획이 있으실까요??,"['보', '메', '공략', '리뉴얼', '하', '계획', '있']",,,,,
WD11kJwi7qk,제네시스 패스 지금 사도 늦었나요? ㅠ,1,2026-07-19 08:34:00+00:00,제네시스 패스 지금 사도 늦었나요? ㅠ,제네시스 패스 지금 사도 늦었나요? ㅠ,"['제네시스', '패스', '사', '늦']",,,,,
ozTrqpio2X8,아쉴롬 브금 자주쓰시는데 들을떄마다 너무 좋네요,0,2026-07-19 08:29:36+00:00,아쉴롬 브금 자주쓰시는데 들을떄마다 너무 좋네요,아쉴롬 브금 자주쓰시는데 들을떄마다 너무 좋네요,"['아쉴롬', '브', '금', '쓰', '듣', '떄', '좋']",,,,,
ozTrqpio2X8,컬프프!!❤❤,0,2026-07-19 08:28:14+00:00,컬프프!!❤❤,컬프프,['컬프프'],,,,,
ozTrqpio2X8,연계직업 필터키 쓰고안쓰고 보스 차이개심하던데 이제서야하네,0,2026-07-19 08:16:09+00:00,연계직업 필터키 쓰고안쓰고 보스 차이개심하던데 이제서야하네,연계직업 필터키 쓰고안쓰고 보스 차이개심하던데 이제서야하네,"['연계', '직업', '필터키', '쓰', '쓰', '보스', '차', '개심', '하']",,,,,
ozTrqpio2X8,공용 6차 바인드,0,2026-07-19 07:51:00+00:00,공용 6차 바인드,공용 6차 바인드,"['공용', '차', '바인드']",,,,,
XZBgcl-FPyk,AI로 제발 말로 하게 좀 해보세요...,0,2026-07-19 07:36:05+00:00,AI로 제발 말로 하게 좀 해보세요...,AI로 제발 말로 하게 좀 해보세요,"['말', '하', '하']",,,,,
ozTrqpio2X8,경매장 걍 롤백해주지.. 바뀐거 씹별로인데,1,2026-07-19 07:32:14+00:00,경매장 걍 롤백해주지.. 바뀐거 씹별로인데,경매장 걍 롤백해주지 바뀐거 씹별로인데,"['경매장', '롤', '백', '바뀌', '거', '씹']",,,,,
ozTrqpio2X8,필터키 기능 만들고 이런거 보면 게임에 관심은 확실히 가지는데 밸패가 그렇게 어려운가,0,2026-07-19 07:29:49+00:00,필터키 기능 만들고 이런거 보면 게임에 관심은 확실히 가지는데 밸패가 그렇게 어려운가,필터키 기능 만들고 이런거 보면 게임에 관심은 확실히 가지는데 밸패가 그렇게 어려운가,"['필터', '키', '기능', '만들', '거', '보', '게임', '관심', '가지', '밸패', '그렇', '어렵']",,,,,
ozTrqpio2X8,드디어 결정 깎는구나 신난다 정상적인 유저라면 게임경제를 위해 당연히 환영하고 박수쳐야지,0,2026-07-19 07:22:29+00:00,드디어 결정 깎는구나 신난다 정상적인 유저라면 게임경제를 위해 당연히 환영하고 박수쳐야지,드디어 결정 깎는구나 신난다 정상적인 유저라면 게임경제를 위해 당연히 환영하고 박수쳐야지,"['결정', '깎', '신', '나', '정상', '유저', '게임', '경제', '위하', '환영', '박수', '치']",,,,,
ozTrqpio2X8,UIㅈㄴ큰거 개선은 또 없네,1,2026-07-19 07:19:54+00:00,UIㅈㄴ큰거 개선은 또 없네,UIㅈㄴ큰거 개선은 또 없네,"['크', '거', '개선', '없']",,,,,
ozTrqpio2X8,공식 필터키 설정이 딜레이 1ms라 법사 에테폼쓰면 두번 누른 판정 되서 꺼짐 ㅋㅋ,0,2026-07-19 07:02:17+00:00,공식 필터키 설정이 딜레이 1ms라 법사 에테폼쓰면 두번 누른 판정 되서 꺼짐 ㅋㅋ,공식 필터키 설정이 딜레이 1ms라 법사 에테폼쓰면 두번 누른 판정 되서 꺼짐 ㅋㅋ,"['공식', '필터', '키', '설정', '딜레이', '라', '법사', '에테폼', '쓰', '번', '누르', '판정', '되', '꺼지']",,,,,
ozTrqpio2X8,0:41 이렇게 되면 몬스터파크 셔틀 측에서 반발이 심하지않을까요? 이용객이 많이 줄어들텐데요...,57,2026-07-19 07:02:11+00:00,0:41 이렇게 되면 몬스터파크 셔틀 측에서 반발이 심하지않을까요? 이용객이 많이 줄어들텐데요...,0 41 이렇게 되면 몬스터파크 셔틀 측에서 반발이 심하지않을까요? 이용객이 많이 줄어들텐데요,"['이렇', '되', '몬스터', '파크', '셔틀', '측', '반발', '심하', '이용객', '줄어들', '터']",,,,,
ozTrqpio2X8,6:04 이제 바인드걸면 독방귀 제거 개이득!,15,2026-07-19 06:48:38+00:00,6:04 이제 바인드걸면 독방귀 제거 개이득!,6 04 이제 바인드걸면 독방귀 제거 개이득,"['바인드', '걸', '독', '방귀', '제거', '개', '이득']",,,,,
ozTrqpio2X8,"검마 1페는 딱 2명 바인드로 묶고
사슬 한대 맞아서 파괴 바르고 극딜넣는게 맛있는데
 이젠 못하겠네",0,2026-07-19 06:45:54+00:00,"검마 1페는 딱 2명 바인드로 묶고
사슬 한대 맞아서 파괴 바르고 극딜넣는게 맛있는데
 이젠 못하겠네",검마 1페는 딱 2명 바인드로 묶고 사슬 한대 맞아서 파괴 바르고 극딜넣는게 맛있는데 이젠 못하겠네,"['검', '마', '페', '명', '바인드', '묶', '사슬', '대', '맞', '파괴', '바르', '극딜', '넣', '것', '맛', '있', '이제', '하']",,,,,
ozTrqpio2X8,"유니온 프리셋 문의 넣었을 때 7월에는 힘들 수 있다라고 답변 받았었는데, 빠르게 들어와서 좋긴 하네요",0,2026-07-19 06:30:03+00:00,"유니온 프리셋 문의 넣었을 때 7월에는 힘들 수 있다라고 답변 받았었는데, 빠르게 들어와서 좋긴 하네요",유니온 프리셋 문의 넣었을 때 7월에는 힘들 수 있다라고 답변 받았었는데 빠르게 들어와서 좋긴 하네요,"['유니온', '프리', '셋', '문의', '넣', '때', '월', '힘들', '수', '있', '답변', '받', '빠르', '들어오', '좋']",,,,,
ozTrqpio2X8,기존에 mvp에게 제공되던 핸즈 시간은 이제 없어지는건가요?,0,2026-07-19 06:28:38+00:00,기존에 mvp에게 제공되던 핸즈 시간은 이제 없어지는건가요?,기존에 mvp에게 제공되던 핸즈 시간은 이제 없어지는건가요?,"['기존', '제공', '핸즈', '시간', '없어지', '거']",,,,,
ozTrqpio2X8,앗 이제 5만원충전하면 골드인데..,0,2026-07-19 06:27:49+00:00,앗 이제 5만원충전하면 골드인데..,앗 이제 5만원충전하면 골드인데,"['원', '충전', '골드']",,,,,
ozTrqpio2X8,헤카테가 ㄹㅇ 개중요해지네,0,2026-07-19 06:26:41+00:00,헤카테가 ㄹㅇ 개중요해지네,헤카테가 ㄹㅇ 개중요해지네,"['헤카테', '개', '중요']",,,,,
ozTrqpio2X8,"솔직히 바인드걸면 저렇게 패턴 삭제하는게 좋긴한데 바인드걸고 피하면서 때리는것도 하나의 재미이자 컨텐츠였음... 그냥 다 지워버리니까 좀 슬프네 ㅇㅅㅇ
이런 댓 달면 이제 바인드넣고 극딜하다 맞아죽은애들이 와서 욕 ㅈㄴ하겠지?",3,2026-07-19 06:25:56+00:00,"솔직히 바인드걸면 저렇게 패턴 삭제하는게 좋긴한데 바인드걸고 피하면서 때리는것도 하나의 재미이자 컨텐츠였음... 그냥 다 지워버리니까 좀 슬프네 ㅇㅅㅇ
이런 댓 달면 이제 바인드넣고 극딜하다 맞아죽은애들이 와서 욕 ㅈㄴ하겠지?",솔직히 바인드걸면 저렇게 패턴 삭제하는게 좋긴한데 바인드걸고 피하면서 때리는것도 하나의 재미이자 컨텐츠였음 그냥 다 지워버리니까 좀 슬프네 ㅇㅅㅇ 이런 댓 달면 이제 바인드넣고 극딜하다 맞아죽은애들이 와서 욕 ㅈㄴ하겠지?,"['바인드', '걸', '저렇', '패턴', '삭제', '것', '좋', '바인드', '걸', '피하', '때리', '것', '재미', '컨텐츠', '지우', '슬프', '달', '바인드', '넣', '극딜', '맞', '죽', '애', '오', '욕', '하']",,,,,
ozTrqpio2X8,몬파핸즈 개당 9900원은...흠 이득인가?,0,2026-07-19 06:25:42+00:00,몬파핸즈 개당 9900원은...흠 이득인가?,몬파핸즈 개당 9900원은 흠 이득인가?,"['몬파핸즈', '개', '원', '흠', '이득']",,,,,
ozTrqpio2X8,호영 공식 필터키 레츠고,0,2026-07-19 06:25:00+00:00,호영 공식 필터키 레츠고,호영 공식 필터키 레츠고,"['호영', '공식', '필터키', '레츠고']",,,,,
ozTrqpio2X8,유니온 프리셋 때문에 부캐 주스탯 제한있었는데 드디어...크확 쓰는 궁수 직업이나 럭 개방 가능해졌네,0,2026-07-19 06:24:37+00:00,유니온 프리셋 때문에 부캐 주스탯 제한있었는데 드디어...크확 쓰는 궁수 직업이나 럭 개방 가능해졌네,유니온 프리셋 때문에 부캐 주스탯 제한있었는데 드디어 크확 쓰는 궁수 직업이나 럭 개방 가능해졌네,"['유니온', '프리', '셋', '때문', '부캐', '주스탯', '제한', '있', '쓰', '궁수', '직업', '럭', '개방', '가능']",,,,,
ozTrqpio2X8,메르 체감 많이되나요,0,2026-07-19 06:23:30+00:00,메르 체감 많이되나요,메르 체감 많이되나요,"['메르', '체감', '되']",,,,,
ozTrqpio2X8,검마 1페는 사슬 일부러 맞고 딜하는경우가 있는데 아쉽네여,3,2026-07-19 06:22:21+00:00,검마 1페는 사슬 일부러 맞고 딜하는경우가 있는데 아쉽네여,검마 1페는 사슬 일부러 맞고 딜하는경우가 있는데 아쉽네여,"['검', '마', '페', '사슬', '맞', '딜', '경우', '있', '아쉽']",,,,,
ozTrqpio2X8,검밑솔 너프 어마어마하네 ㄷㄷ,1,2026-07-19 06:13:00+00:00,검밑솔 너프 어마어마하네 ㄷㄷ,검밑솔 너프 어마어마하네 ㄷㄷ,"['검', '밑', '솔', '너프', '어마어마하']",,,,,
ozTrqpio2X8,월드공유 펫이 자석펫밖에 안된다니..,2,2026-07-19 06:07:52+00:00,월드공유 펫이 자석펫밖에 안된다니..,월드공유 펫이 자석펫밖에 안된다니,"['월드', '공유', '펫', '자석펫', '되']",,,,,
ozTrqpio2X8,메르 빛을 볼려나?,0,2026-07-19 06:05:05+00:00,메르 빛을 볼려나?,메르 빛을 볼려나?,"['메르', '빛', '보']",,,,,
ozTrqpio2X8,필터키 + 바인드 버프... 제로 떡상 각?,0,2026-07-19 05:59:07+00:00,필터키 + 바인드 버프... 제로 떡상 각?,필터키 바인드 버프 제로 떡상 각?,"['필터키', '바인드', '버프', '제로', '떡', '상', '각']",,,,,
ozTrqpio2X8,"더스크 추가사항
공포때 붙잡는손, 추적형 몹도 사라집니다",27,2026-07-19 05:58:56+00:00,"더스크 추가사항
공포때 붙잡는손, 추적형 몹도 사라집니다",더스크 추가사항 공포때 붙잡는손 추적형 몹도 사라집니다,"['더스크', '추가', '사항', '공포', '때', '붙잡', '손', '추적', '몹', '사라지']",,,,,
ozTrqpio2X8,그럼 이제 mvp골드 이상 몬파 핸즈 더 안주는건가여? 개꿀이엿는뎅..,0,2026-07-19 05:56:44+00:00,그럼 이제 mvp골드 이상 몬파 핸즈 더 안주는건가여? 개꿀이엿는뎅..,그럼 이제 mvp골드 이상 몬파 핸즈 더 안주는건가여? 개꿀이엿는뎅,"['골드', '이상', '파', '핸즈', '주', '거', '개', '꿀', '이']",,,,,
ozTrqpio2X8,공용 코어 바인드도 나오는건가....,1,2026-07-19 05:54:36+00:00,공용 코어 바인드도 나오는건가....,공용 코어 바인드도 나오는건가,"['공용', '코어', '바인드', '나오', '거']",,,,,
ozTrqpio2X8,와 진짜 보스 ㅈ같았는데 감사합니다...... 대 창 섭,1,2026-07-19 05:54:31+00:00,와 진짜 보스 ㅈ같았는데 감사합니다...... 대 창 섭,와 진짜 보스 ㅈ같았는데 감사합니다 대 창 섭,"['보스', '같', '감사', '창', '섭']",,,,,
ozTrqpio2X8,바인드 걸고 맵패턴 때문에 준극딜 극딜 날려버리는걸로 스트레스 받아 클리어 시간에 영향주는걸 정상화 시켜주는 신창섭,28,2026-07-19 05:53:14+00:00,바인드 걸고 맵패턴 때문에 준극딜 극딜 날려버리는걸로 스트레스 받아 클리어 시간에 영향주는걸 정상화 시켜주는 신창섭,바인드 걸고 맵패턴 때문에 준극딜 극딜 날려버리는걸로 스트레스 받아 클리어 시간에 영향주는걸 정상화 시켜주는 신창섭,"['바인드', '걸', '맵', '패턴', '때문', '준극딜', '극딜', '날리', '걸', '스트레스', '받', '클리어', '시간', '영향', '주', '거', '정상', '신창섭']",,,,,
ozTrqpio2X8,와.. 대박 검은마법사도요??,0,2026-07-19 05:52:13+00:00,와.. 대박 검은마법사도요??,와 대박 검은마법사도요??,"['검', '마법사']",,,,,
ozTrqpio2X8,"8:09 왜 사냥하다가 종종 멈추고 튕기나 햇더니 이런 현상이 있었네 게다가 보스바인드 캔슬 진짜 편의성만큼은 goat 밸패는 직업마다 다르니 최대한 안하고 패턴완화와 바인드 캔슬, 필터키 등을 통해서 여러직업 유저들이 지적하는 문제들을 전부 한번에 공통방식으로 해결하려는 듯함 밸패를 통해 직업마다 조절 들가면 아무리 잘해줘도 누군가는 욕하니까 그게 싫은듯",16,2026-07-19 05:52:05+00:00,"8:09 왜 사냥하다가 종종 멈추고 튕기나 햇더니 이런 현상이 있었네 게다가 보스바인드 캔슬 진짜 편의성만큼은 goat 밸패는 직업마다 다르니 최대한 안하고 패턴완화와 바인드 캔슬, 필터키 등을 통해서 여러직업 유저들이 지적하는 문제들을 전부 한번에 공통방식으로 해결하려는 듯함 밸패를 통해 직업마다 조절 들가면 아무리 잘해줘도 누군가는 욕하니까 그게 싫은듯",8 09 왜 사냥하다가 종종 멈추고 튕기나 햇더니 이런 현상이 있었네 게다가 보스바인드 캔슬 진짜 편의성만큼은 goat 밸패는 직업마다 다르니 최대한 안하고 패턴완화와 바인드 캔슬 필터키 등을 통해서 여러직업 유저들이 지적하는 문제들을 전부 한번에 공통방식으로 해결하려는 듯함 밸패를 통해 직업마다 조절 들가면 아무리 잘해줘도 누군가는 욕하니까 그게 싫은듯,"['사냥', '멈추', '튕기', '하', '현상', '있', '보스바인드', '캔', '편의', '밸패', '직업', '다르', '하', '패턴', '완화', '바인드', '캔슬', '필터키', '등', '통하', '직업', '유저', '지적', '문제', '번', '공통', '방식', '해결', '듯', '밸패', '통하', '직업', '조절', '가', '욕', '싫', '듯']",,,,,
ozTrqpio2X8,그제 검마 잡았는데...ㅋㅋㅋㅋㅋㅋㅋ,0,2026-07-19 05:50:28+00:00,그제 검마 잡았는데...ㅋㅋㅋㅋㅋㅋㅋ,그제 검마 잡았는데 ㅋㅋ,"['검', '마', '잡']",,,,,
XZBgcl-FPyk,패스 메이플 포인트로도 구매가능해요?,0,2026-07-19 05:49:26+00:00,패스 메이플 포인트로도 구매가능해요?,패스 메이플 포인트로도 구매가능해요?,"['패스', '메이플', '포인트', '구매', '가능']",,,,,
ozTrqpio2X8,던파접고 여기오길잘햇다,0,2026-07-19 05:45:07+00:00,던파접고 여기오길잘햇다,던파접고 여기오길잘햇다,"['던', '파', '접', '오']",,,,,
ozTrqpio2X8,이제 카데나 유저들도 외부 프로그램 안 써도 되겠네,0,2026-07-19 05:44:00+00:00,이제 카데나 유저들도 외부 프로그램 안 써도 되겠네,이제 카데나 유저들도 외부 프로그램 안 써도 되겠네,"['카데나', '유저', '외부', '프로그램', '쓰', '되']",,,,,
ozTrqpio2X8,진짜 필터키는 감다살이네 ㅋㅋㅌㅋㅋㅋㅋ,0,2026-07-19 05:40:46+00:00,진짜 필터키는 감다살이네 ㅋㅋㅌㅋㅋㅋㅋ,진짜 필터키는 감다살이네 ㅋㅋㅌㅋㅋ,"['필터', '키', '감다살']",,,,,
ozTrqpio2X8,2:07 ㅋㅋㅋㅋㅋㅋㅋㅋㅋㅋㅋㅋㅋㅋㅋㅋㅋㅋㅋㅋㅋ,20,2026-07-19 05:39:59+00:00,2:07 ㅋㅋㅋㅋㅋㅋㅋㅋㅋㅋㅋㅋㅋㅋㅋㅋㅋㅋㅋㅋㅋ,2 07 ㅋㅋ,[],,,,,
ozTrqpio2X8,그래 편의성 패치라도 잘하자,0,2026-07-19 05:39:51+00:00,그래 편의성 패치라도 잘하자,그래 편의성 패치라도 잘하자,"['편의', '패치', '하']",,,,,
ozTrqpio2X8,이제 보스는 엄청 쉬워지겠다 그만큼 가격은 떨어지겠찌만,0,2026-07-19 05:36:13+00:00,이제 보스는 엄청 쉬워지겠다 그만큼 가격은 떨어지겠찌만,이제 보스는 엄청 쉬워지겠다 그만큼 가격은 떨어지겠찌만,"['보스', '쉽', '가격', '떨어지']",,,,,
ozTrqpio2X8,근데 트점이 저렇게 나가는거면 필터키 성능이 너무좋아서 못쓸거같은데ㅋㅋㅋㅋㅋㅋ,0,2026-07-19 05:36:07+00:00,근데 트점이 저렇게 나가는거면 필터키 성능이 너무좋아서 못쓸거같은데ㅋㅋㅋㅋㅋㅋ,근데 트점이 저렇게 나가는거면 필터키 성능이 너무좋아서 못쓸거같은데ㅋㅋ,"['트점', '저렇', '나가', '거', '필터', '키', '성능', '좋', '쓰', '거', '같']",,,,,
ozTrqpio2X8,"프리즘은월래는 캐시로만 구입가능한걸로 아는데
이제 프리즘  메포로도 가능하게 변경됬나봐여?  
언제 패치됬나요? 2:44
그리고  작년시즌2때 해방 하진 챌섭에서 렌으로했을때는  도핑만4억은 쓴거 같은데   이제는 바인드걸면 없어지니  해방 하진 쉬워지겠네여?",1,2026-07-19 05:35:59+00:00,"프리즘은월래는 캐시로만 구입가능한걸로 아는데
이제 프리즘  메포로도 가능하게 변경됬나봐여?  
언제 패치됬나요? 2:44
그리고  작년시즌2때 해방 하진 챌섭에서 렌으로했을때는  도핑만4억은 쓴거 같은데   이제는 바인드걸면 없어지니  해방 하진 쉬워지겠네여?",프리즘은월래는 캐시로만 구입가능한걸로 아는데 이제 프리즘 메포로도 가능하게 변경됬나봐여? 언제 패치됬나요? 2 44 그리고 작년시즌2때 해방 하진 챌섭에서 렌으로했을때는 도핑만4억은 쓴거 같은데 이제는 바인드걸면 없어지니 해방 하진 쉬워지겠네여?,"['프리즘', '월', '래', '캐시', '구입', '가능', '거', '알', '프리즘', '메포', '가능', '변경', '패치', '되', '작년', '시즌', '때', '해방', '하진', '챌섭', '렌', '하', '때', '도핑', '쓰', '거', '같', '이제', '바인드', '걸', '없', '해방', '쉽']",,,,,
ozTrqpio2X8,봐.. 이렇게 다 할 수 있잖아. 왜 일 안 하고 빈둥빈둥 놀았어 원기야,23,2026-07-19 05:35:49+00:00,봐.. 이렇게 다 할 수 있잖아. 왜 일 안 하고 빈둥빈둥 놀았어 원기야,봐 이렇게 다 할 수 있잖아 왜 일 안 하고 빈둥빈둥 놀았어 원기야,"['보', '하', '수', '있', '일', '하', '놀', '원기']",,,,,
ozTrqpio2X8,바인드 패치는 진짜 좋네 ㅋㅋㅋㅋ,9,2026-07-19 05:31:40+00:00,바인드 패치는 진짜 좋네 ㅋㅋㅋㅋ,바인드 패치는 진짜 좋네 ㅋㅋ,"['바인드', '패치', '좋']",,,,,
ozTrqpio2X8,듄켈은 바인드캔슬 보다 30%대 에서 엘보들 개지랄떠는거좀 개선해주면 안되나...,0,2026-07-19 05:28:16+00:00,듄켈은 바인드캔슬 보다 30%대 에서 엘보들 개지랄떠는거좀 개선해주면 안되나...,듄켈은 바인드캔슬 보다 30 대 에서 엘보들 개지랄떠는거좀 개선해주면 안되나,"['듄켈', '바인드캔슬', '대', '엘보들', '개', '지랄', '떠', '거', '개선', '되']",,,,,
ozTrqpio2X8,"신창섭 편의성은goat
밸런스는joat",9,2026-07-19 05:27:15+00:00,"신창섭 편의성은goat
밸런스는joat",신창섭 편의성은goat 밸런스는joat,"['신창섭', '편의', '밸런스']",,,,,
ozTrqpio2X8,보스 너무 쉽게만드는것같은데,2,2026-07-19 05:26:33+00:00,보스 너무 쉽게만드는것같은데,보스 너무 쉽게만드는것같은데,"['보스', '쉽', '것', '같']",,,,,
ozTrqpio2X8,0:59 데벤저 / 궁수 / DEX 해적 / 전사 및 STR 해적 / 도적 / 마법사 / 사냥용 별로 필요했었는데 아주 좋군요..!,7,2026-07-19 05:25:52+00:00,0:59 데벤저 / 궁수 / DEX 해적 / 전사 및 STR 해적 / 도적 / 마법사 / 사냥용 별로 필요했었는데 아주 좋군요..!,0 59 데벤저 궁수 DEX 해적 전사 및 STR 해적 도적 마법사 사냥용 별로 필요했었는데 아주 좋군요,"['데벤저', '궁수', '해적', '전사', '해적', '도적', '마법사', '사냥', '필요', '좋']",,,,,
ozTrqpio2X8,블래스터 스웨이 더킹 어케 되는거??,0,2026-07-19 05:24:13+00:00,블래스터 스웨이 더킹 어케 되는거??,블래스터 스웨이 더킹 어케 되는거??,"['블래스터', '스웨이', '더킹', '하', '되', '거']",,,,,
ozTrqpio2X8,필터키 포톤레이 체감 어떠세요? 두번 따닥 둘려서 바로 나가지거나 하진 않으세요?,0,2026-07-19 05:24:08+00:00,필터키 포톤레이 체감 어떠세요? 두번 따닥 둘려서 바로 나가지거나 하진 않으세요?,필터키 포톤레이 체감 어떠세요? 두번 따닥 둘려서 바로 나가지거나 하진 않으세요?,"['필터키', '포', '톤', '레이', '체감', '어떻', '번', '따', '둘리', '나가', '하']",,,,,
ozTrqpio2X8,진짜 신창섭 다해주네,0,2026-07-19 05:22:51+00:00,진짜 신창섭 다해주네,진짜 신창섭 다해주네,"['신창섭', '하']",,,,,
ozTrqpio2X8,패턴삭제 미쳤네 ㅋㅋㅋㅋㅋㅋ,1,2026-07-19 05:20:45+00:00,패턴삭제 미쳤네 ㅋㅋㅋㅋㅋㅋ,패턴삭제 미쳤네 ㅋㅋ,"['패턴', '삭제', '미치']",,,,,
ozTrqpio2X8,듄켈이 진짜 혁명이다...,7,2026-07-19 05:20:24+00:00,듄켈이 진짜 혁명이다...,듄켈이 진짜 혁명이다,"['듄켈', '진짜', '혁명']",,,,,
ozTrqpio2X8,이제 ㄹㅇ 바인드컷이네,0,2026-07-19 05:18:01+00:00,이제 ㄹㅇ 바인드컷이네,이제 ㄹㅇ 바인드컷이네,['바인드컷'],,,,,
ozTrqpio2X8,결정석 얼마나 너프쳐때릴려고 별로 의미도없는 바인드캔슬을..,3,2026-07-19 05:16:32+00:00,결정석 얼마나 너프쳐때릴려고 별로 의미도없는 바인드캔슬을..,결정석 얼마나 너프쳐때릴려고 별로 의미도없는 바인드캔슬을,"['결정', '석', '너프', '치', '때리', '의미', '없', '바인드캔슬']",,,,,
ozTrqpio2X8,다음 주 목욜부터 적용인가요,1,2026-07-19 05:16:19+00:00,다음 주 목욜부터 적용인가요,다음 주 목욜부터 적용인가요,"['다음', '주', '목욜', '적용']",,,,,
ozTrqpio2X8,"기존 필터키가 훨씬 좋은데.. 아무래도 실험실에 있는거라 미완성같음
연계직업 키워보면 기존 외부필터키가 훨 나은게 느껴짐",1,2026-07-19 05:15:44+00:00,"기존 필터키가 훨씬 좋은데.. 아무래도 실험실에 있는거라 미완성같음
연계직업 키워보면 기존 외부필터키가 훨 나은게 느껴짐",기존 필터키가 훨씬 좋은데 아무래도 실험실에 있는거라 미완성같음 연계직업 키워보면 기존 외부필터키가 훨 나은게 느껴짐,"['기존', '필터', '키', '좋', '실험실', '있', '거', '완성', '같', '연계', '직업', '키우', '기존', '외부', '필터', '키', '낫', '것', '느끼']",,,,,
ozTrqpio2X8,월드공유 펫  프리셋은 다른월드도 공유가능한건가요?,1,2026-07-19 05:15:33+00:00,월드공유 펫  프리셋은 다른월드도 공유가능한건가요?,월드공유 펫 프리셋은 다른월드도 공유가능한건가요?,"['월드', '공유', '펫', '프리', '셋', '월드', '공유', '가능', '거']",,,,,
ozTrqpio2X8,소리 괜찮은디,0,2026-07-19 05:14:02+00:00,소리 괜찮은디,소리 괜찮은디,"['소리', '괜찮', '디']",,,,,
ozTrqpio2X8,역시 편의성의 악마 신창섭,1,2026-07-19 05:13:37+00:00,역시 편의성의 악마 신창섭,역시 편의성의 악마 신창섭,"['편의', '악마', '신창섭']",,,,,
ozTrqpio2X8,섀도어 같은애들은 필터키 영향가나요?,35,2026-07-19 05:11:42+00:00,섀도어 같은애들은 필터키 영향가나요?,섀도어 같은애들은 필터키 영향가나요?,"['섀도어', '같', '애', '필터', '키', '영향', '가']",,,,,
ozTrqpio2X8,전부터 사운드가 매번 작아지는 느낌이지,0,2026-07-19 05:11:19+00:00,전부터 사운드가 매번 작아지는 느낌이지,전부터 사운드가 매번 작아지는 느낌이지,"['전', '사운드', '작', '느낌']",,,,,
ozTrqpio2X8,레테는 버프임? 너프임?,0,2026-07-19 05:09:30+00:00,레테는 버프임? 너프임?,레테는 버프임? 너프임?,"['레테', '버프', '너프']",,,,,
ozTrqpio2X8,그래그래 내일봐주마,0,2026-07-19 05:09:21+00:00,그래그래 내일봐주마,그래그래 내일봐주마,['보'],,,,,
ozTrqpio2X8,스킬이나 제대로 만들어서 내라..,0,2026-07-19 05:09:19+00:00,스킬이나 제대로 만들어서 내라..,스킬이나 제대로 만들어서 내라,"['스킬', '만들', '내']",,,,,
ozTrqpio2X8,1,0,2026-07-19 05:05:26+00:00,1,1,[],,,,,
FMUmSNtWlEU,모자 아저씨가 안보이는데...,1,2026-07-19 04:46:43+00:00,모자 아저씨가 안보이는데...,모자 아저씨가 안보이는데,"['모자', '아저씨', '보이']",,,,,
vtXkiF-GE9I,레테는 너프아니냐? 지속중 최종뎀 5퍼주고 임프린트 최종뎀 68퍼 줄어드는거 다시 90퍼로 줄어들고 소환수 공격시 50%확률로 본체 30퍼의 데미지로 추가공격하는것도 원래는 소환시 공격시였는데 50퍼로 반토막났네 ㅋㅋㅋ,0,2026-07-19 03:46:09+00:00,레테는 너프아니냐? 지속중 최종뎀 5퍼주고 임프린트 최종뎀 68퍼 줄어드는거 다시 90퍼로 줄어들고 소환수 공격시 50%확률로 본체 30퍼의 데미지로 추가공격하는것도 원래는 소환시 공격시였는데 50퍼로 반토막났네 ㅋㅋㅋ,레테는 너프아니냐? 지속중 최종뎀 5퍼주고 임프린트 최종뎀 68퍼 줄어드는거 다시 90퍼로 줄어들고 소환수 공격시 50 확률로 본체 30퍼의 데미지로 추가공격하는것도 원래는 소환시 공격시였는데 50퍼로 반토막났네 ㅋㅋ,"['레테', '너프', '지속', '중', '최종뎀', '푸', '임프린트', '최종뎀', '68퍼', '줄', '거', '퍼', '줄어들', '환수', '공격', '확률', '본체', '퍼', '데미지', '추가', '공격', '것', '원래', '소환', '시', '공격', '시', '퍼', '반토막', '나']",,,,,
WD11kJwi7qk,메이플 인생 처음으로 노말 진힐라 까지 클리어,1,2026-07-19 02:05:47+00:00,메이플 인생 처음으로 노말 진힐라 까지 클리어,메이플 인생 처음으로 노말 진힐라 까지 클리어,"['메이플', '인생', '처음', '노', '말', '진힐라', '클리어']",,,,,
XZBgcl-FPyk,이럴시간에 피방 15시간 켜놔라 얘들아 😅,0,2026-07-19 01:43:25+00:00,이럴시간에 피방 15시간 켜놔라 얘들아 😅,이럴시간에 피방 15시간 켜놔라 얘들아,"['이러', '시간', '피', '방', '시간', '켜']",,,,,
LwHvINCLuvI,이번에 챌섭으로 복귀한 메린이인데여 정펜을 지금 다써가는데 7월20일종료입니다 기간이지나면 정펜없이사냥해야하는데 상관없을까여? 정펜수급이 훈련일지에 있긴한데 한참뒤에 받을수있는지라,1,2026-07-19 01:42:47+00:00,이번에 챌섭으로 복귀한 메린이인데여 정펜을 지금 다써가는데 7월20일종료입니다 기간이지나면 정펜없이사냥해야하는데 상관없을까여? 정펜수급이 훈련일지에 있긴한데 한참뒤에 받을수있는지라,이번에 챌섭으로 복귀한 메린이인데여 정펜을 지금 다써가는데 7월20일종료입니다 기간이지나면 정펜없이사냥해야하는데 상관없을까여? 정펜수급이 훈련일지에 있긴한데 한참뒤에 받을수있는지라,"['이번', '챌섭', '복귀', '메린', '정', '펜', '쓰', '월', '일', '종료', '기간', '지나', '정', '펜', '사냥', '상관', '없', '정펜', '수급', '훈련', '일지', '있', '한참', '뒤', '받', '수', '있']",,,,,
vtXkiF-GE9I,렌 하는 뉴비인데 왜 구조가 망한 건가요? 망혼강림에 자동으로 나가는 거 아니에요?,0,2026-07-19 01:19:26+00:00,렌 하는 뉴비인데 왜 구조가 망한 건가요? 망혼강림에 자동으로 나가는 거 아니에요?,렌 하는 뉴비인데 왜 구조가 망한 건가요? 망혼강림에 자동으로 나가는 거 아니에요?,"['렌', '하', '뉴비', '구조', '망하', '거', '망혼강림', '자동', '나가', '거']",,,,,
XZBgcl-FPyk,드디어 메M 이벤 나오는구나 얼른 유니온 SSS 만들어줘야지..,0,2026-07-19 00:12:05+00:00,드디어 메M 이벤 나오는구나 얼른 유니온 SSS 만들어줘야지..,드디어 메M 이벤 나오는구나 얼른 유니온 SS 만들어줘야지,"['메', '이벤', '나오', '유니온', '만들']",,,,,
XZBgcl-FPyk,아.. 렌이 본캐인데 260엠작을 또 하게 만드네 ㅈㄴ 악랄하다 데미지스킨을 왤케 이쁘게 내,0,2026-07-18 23:44:11+00:00,아.. 렌이 본캐인데 260엠작을 또 하게 만드네 ㅈㄴ 악랄하다 데미지스킨을 왤케 이쁘게 내,아 렌이 본캐인데 260엠작을 또 하게 만드네 ㅈㄴ 악랄하다 데미지스킨을 왤케 이쁘게 내,"['렌', '본캐', '엠', '작', '하', '만들', '악랄', '데미지', '스킨', '하', '이쁘', '내']",,,,,
XZBgcl-FPyk,경험치 도핑 1022%는 어떻게 하시는거에요...?,0,2026-07-18 23:25:12+00:00,경험치 도핑 1022%는 어떻게 하시는거에요...?,경험치 도핑 1022 는 어떻게 하시는거에요 ?,"['경험치', '도핑', '늘', '어떻', '하', '거']",,,,,
XZBgcl-FPyk,미리미리 자석펫사라지기 일이주전쯤에 피방 15시간채워놔야함,0,2026-07-18 23:06:35+00:00,미리미리 자석펫사라지기 일이주전쯤에 피방 15시간채워놔야함,미리미리 자석펫사라지기 일이주전쯤에 피방 15시간채워놔야함,"['자석펫', '사라지', '주', '전쯤', '피', '방', '시간', '채우']",,,,,
XZBgcl-FPyk,응 자석펫 끝나서 이제 사냥못해~ 하지만 영상은 잘 봐주마!,0,2026-07-18 22:56:09+00:00,응 자석펫 끝나서 이제 사냥못해~ 하지만 영상은 잘 봐주마!,응 자석펫 끝나서 이제 사냥못해 하지만 영상은 잘 봐주마,"['자석펫', '끝나', '사냥', '하', '영상', '보']",,,,,
XZBgcl-FPyk,메m 공략도 올려주시면 안되나요?? 맨날 120 찍고 더 못올려셔..,0,2026-07-18 22:39:13+00:00,메m 공략도 올려주시면 안되나요?? 맨날 120 찍고 더 못올려셔..,메m 공략도 올려주시면 안되나요?? 맨날 120 찍고 더 못올려셔,"['메', '공략', '올리', '되', '찍', '올리', '시']",,,,,
XZBgcl-FPyk,물자지원 이름이 좀 이상하지 않음?,0,2026-07-18 22:29:07+00:00,물자지원 이름이 좀 이상하지 않음?,물자지원 이름이 좀 이상하지 않음?,"['물자', '지원', '이름', '이상']",,,,,
WD11kJwi7qk,"잼이님 오랜만에 복귀한 유저인데요 영상 하나씩 다 정주행 하면서 봤는데 
보스장신구 뿌렸던거 + 여명장신구4개 직작해서 쓰고있고,
반지는 1티어링, 리레링, 여명가엔링, 실버블라썸링 쓰라고 하셔서 쓰고 있는데
실버블라썸링 빼고 다른 1티어링을 넣었을 때 전투력도 더 높고, 실버블라썸링을 넣어도 보스장신구 6개라서 5세트효과를 받는데
왜 실버블라썸링을 써야한다고 말하셨는지 궁금합니다 !!",1,2026-07-18 22:16:26+00:00,"잼이님 오랜만에 복귀한 유저인데요 영상 하나씩 다 정주행 하면서 봤는데 
보스장신구 뿌렸던거 + 여명장신구4개 직작해서 쓰고있고,
반지는 1티어링, 리레링, 여명가엔링, 실버블라썸링 쓰라고 하셔서 쓰고 있는데
실버블라썸링 빼고 다른 1티어링을 넣었을 때 전투력도 더 높고, 실버블라썸링을 넣어도 보스장신구 6개라서 5세트효과를 받는데
왜 실버블라썸링을 써야한다고 말하셨는지 궁금합니다 !!",잼이님 오랜만에 복귀한 유저인데요 영상 하나씩 다 정주행 하면서 봤는데 보스장신구 뿌렸던거 여명장신구4개 직작해서 쓰고있고 반지는 1티어링 리레링 여명가엔링 실버블라썸링 쓰라고 하셔서 쓰고 있는데 실버블라썸링 빼고 다른 1티어링을 넣었을 때 전투력도 더 높고 실버블라썸링을 넣어도 보스장신구 6개라서 5세트효과를 받는데 왜 실버블라썸링을 써야한다고 말하셨는지 궁금합니다,"['잼', '오랜만', '복귀', '유저', '영상', '정주행', '하', '보', '보스', '장신구', '뿌리', '거', '여명', '장신구', '개', '직', '작', '쓰', '반지', '1티어링', '리레링', '여명가엔링', '실버블라썸링', '쓰', '하', '쓰', '실버블라썸링', '빼', '1티어링', '넣', '때', '전투력', '높', '실버블라썸링', '넣', '보스', '장신구', '개', '세트', '효과', '받', '실버블라썸링', '쓰', '말', '궁금하']",,,,,
XZBgcl-FPyk,챌패스는 매주 5렙씩 오르던데 모멘텀 패스는 매주 몇렙씩 오르나요?,0,2026-07-18 21:01:56+00:00,챌패스는 매주 5렙씩 오르던데 모멘텀 패스는 매주 몇렙씩 오르나요?,챌패스는 매주 5렙씩 오르던데 모멘텀 패스는 매주 몇렙씩 오르나요?,"['챌패스', '5렙', '오르', '데', '모멘텀', '패스', '렙', '오르']",,,,,
vtXkiF-GE9I,근데 밸패 원하는 애들은 최소 환산 8만대에 하위권 직업들 맞지? 중상위권 직업으로도 밸패 시위하는 애들 있어서 ㅇㅇ.. 일단 배율 100%인데 보스 안 깨지는 직업들부터 밸패 좀 해줘라,0,2026-07-18 20:18:51+00:00,근데 밸패 원하는 애들은 최소 환산 8만대에 하위권 직업들 맞지? 중상위권 직업으로도 밸패 시위하는 애들 있어서 ㅇㅇ.. 일단 배율 100%인데 보스 안 깨지는 직업들부터 밸패 좀 해줘라,근데 밸패 원하는 애들은 최소 환산 8만대에 하위권 직업들 맞지? 중상위권 직업으로도 밸패 시위하는 애들 있어서 ㅇㅇ 일단 배율 100 인데 보스 안 깨지는 직업들부터 밸패 좀 해줘라,"['밸패', '원', '애', '최소', '환산', '대', '하위', '직업', '맞', '중상위', '직업', '밸패', '시위', '애', '있', '배율', '인', '데', '보스', '깨지', '직업', '밸패', '하']",,,,,
XZBgcl-FPyk,"뎀스들좀 성의있게 만들었으면 좋겠음..
그냥 봤을 땐 이쁘긴 한데
가독성이 심하게 떨어지는 뎀스들이 너무 많음

요즘은 데미지를 많이 안보는 시대긴하는데..
기본적으로 데미지는 내가 얼마나 딜을 넣을 수 있는 기준점을 보는 역할인데..
본래의 기능적인 역할을 수행하지 못하는 뎀스들이 대부분이고

가독성 좋은 뎀스들만 선호하게 되는거 같음
가독성 좋으면서 이쁜 뎀스들은 당연히 비싸고",3,2026-07-18 19:12:09+00:00,"뎀스들좀 성의있게 만들었으면 좋겠음..
그냥 봤을 땐 이쁘긴 한데
가독성이 심하게 떨어지는 뎀스들이 너무 많음

요즘은 데미지를 많이 안보는 시대긴하는데..
기본적으로 데미지는 내가 얼마나 딜을 넣을 수 있는 기준점을 보는 역할인데..
본래의 기능적인 역할을 수행하지 못하는 뎀스들이 대부분이고

가독성 좋은 뎀스들만 선호하게 되는거 같음
가독성 좋으면서 이쁜 뎀스들은 당연히 비싸고",뎀스들좀 성의있게 만들었으면 좋겠음 그냥 봤을 땐 이쁘긴 한데 가독성이 심하게 떨어지는 뎀스들이 너무 많음 요즘은 데미지를 많이 안보는 시대긴하는데 기본적으로 데미지는 내가 얼마나 딜을 넣을 수 있는 기준점을 보는 역할인데 본래의 기능적인 역할을 수행하지 못하는 뎀스들이 대부분이고 가독성 좋은 뎀스들만 선호하게 되는거 같음 가독성 좋으면서 이쁜 뎀스들은 당연히 비싸고,"['뎀스', '성의', '있', '만들', '좋', '보', '때', '이쁘', '가독성', '심하', '떨어지', '뎀스', '많', '요즘', '데미지', '보', '시대', '기본', '데미지', '딜', '넣', '수', '있', '기준점', '보', '역할', '본래', '기능', '역할', '수행', '뎀스', '대부분', '가독성', '좋', '뎀스', '선호', '되', '거', '같', '가독성', '좋', '이쁘', '뎀스', '비싸']",,,,,
XZBgcl-FPyk,상인단 상자 오늘부터 모아도 쓸 수 있나요,0,2026-07-18 17:47:25+00:00,상인단 상자 오늘부터 모아도 쓸 수 있나요,상인단 상자 오늘부터 모아도 쓸 수 있나요,"['상인', '단', '상자', '오늘', '모으', '쓰', '수', '있']",,,,,
XZBgcl-FPyk,"메엠 렌은 지금나왔나요?
나왔다면 지금부터 키워놔도 되나요??",0,2026-07-18 17:29:21+00:00,"메엠 렌은 지금나왔나요?
나왔다면 지금부터 키워놔도 되나요??",메엠 렌은 지금나왔나요? 나왔다면 지금부터 키워놔도 되나요??,"['메', '엠', '렌', '나오', '나오', '지금', '키우', '되']",,,,,
vtXkiF-GE9I,"이제 9월 밸패로 신규 스킬 상향과 동일 수치로 결정 가격 깎을 예정
여기까지가 십창섭의 템플릿임",0,2026-07-18 16:35:06+00:00,"이제 9월 밸패로 신규 스킬 상향과 동일 수치로 결정 가격 깎을 예정
여기까지가 십창섭의 템플릿임",이제 9월 밸패로 신규 스킬 상향과 동일 수치로 결정 가격 깎을 예정 여기까지가 십창섭의 템플릿임,"['월', '밸패', '신규', '스킬', '상향', '동일', '수치', '결정', '가격', '깎', '예정', '십창섭', '템플릿']",,,,,
HVSa7aqX5Tk,"22:18
 호영 단점 대부분을 카인이 공유합니다 각자 장단점이 있는데 단점 바운더리가 좀 겹침 호영 설명보고 하기싫으시면 카인도 하지마세요",0,2026-07-18 16:02:20+00:00,"22:18
 호영 단점 대부분을 카인이 공유합니다 각자 장단점이 있는데 단점 바운더리가 좀 겹침 호영 설명보고 하기싫으시면 카인도 하지마세요",22 18 호영 단점 대부분을 카인이 공유합니다 각자 장단점이 있는데 단점 바운더리가 좀 겹침 호영 설명보고 하기싫으시면 카인도 하지마세요,"['호', '단점', '대부분', '카인', '공유', '장단점', '있', '단점', '바운더리', '겹치', '호', '설명', '보', '하', '싫', '카인', '하']",,,,,
vtXkiF-GE9I,그냥 스킬 나중에 확실하게 내놓지 왜 굳이 내서 ㅋㅋㅋ,0,2026-07-18 15:24:34+00:00,그냥 스킬 나중에 확실하게 내놓지 왜 굳이 내서 ㅋㅋㅋ,그냥 스킬 나중에 확실하게 내놓지 왜 굳이 내서 ㅋㅋ,"['스킬', '나중', '확실하', '내놓', '내']",,,,,
XZBgcl-FPyk,0:10 물어머원,0,2026-07-18 15:18:11+00:00,0:10 물어머원,0 10 물어머원,"['물어머', '원']",,,,,
XZBgcl-FPyk,메포샵은 챌섭도 나오는건가요,0,2026-07-18 15:12:12+00:00,메포샵은 챌섭도 나오는건가요,메포샵은 챌섭도 나오는건가요,"['메포샵', '챌섭', '나오', '거']",,,,,
XZBgcl-FPyk,11:44 브금 제목좀 알려주세요,0,2026-07-18 15:00:38+00:00,11:44 브금 제목좀 알려주세요,11 44 브금 제목좀 알려주세요,"['브금', '제목', '알리']",,,,,
XZBgcl-FPyk,레테 언다잉엠버 퀘스트 맨 끝에 헤이즐이 자기도 레테랑 같이있고 싶다고 울더만 안드로이드로 만들어버리기 ㄷㄷ,0,2026-07-18 14:59:13+00:00,레테 언다잉엠버 퀘스트 맨 끝에 헤이즐이 자기도 레테랑 같이있고 싶다고 울더만 안드로이드로 만들어버리기 ㄷㄷ,레테 언다잉엠버 퀘스트 맨 끝에 헤이즐이 자기도 레테랑 같이있고 싶다고 울더만 안드로이드로 만들어버리기 ㄷㄷ,"['레테', '언다잉엠버', '퀘스트', '끝', '헤이즐', '레테', '있', '울더만', '안드로이드', '만들']",,,,,
XZBgcl-FPyk,메m260 얼마나 걸리나요?,0,2026-07-18 14:24:53+00:00,메m260 얼마나 걸리나요?,메m260 얼마나 걸리나요?,"['메', '걸리']",,,,,
XZBgcl-FPyk,뭔가 복잡하고 어렵게 해놨네,0,2026-07-18 14:18:10+00:00,뭔가 복잡하고 어렵게 해놨네,뭔가 복잡하고 어렵게 해놨네,"['어렵', '하']",,,,,
XZBgcl-FPyk,"영상과는 별개지만, 제네패스플러스 구매해얄지 고민인 유저입니다!
챌린저스 보상으로 제네무기 윗잠 40 35 9 / 아랫잠  9 6 (유니크) 입니다.
챌린저만 찍을 목적으로 키우는 중인데 제네플러스 효율 다들 어떻게 보시는지요?",0,2026-07-18 13:52:24+00:00,"영상과는 별개지만, 제네패스플러스 구매해얄지 고민인 유저입니다!
챌린저스 보상으로 제네무기 윗잠 40 35 9 / 아랫잠  9 6 (유니크) 입니다.
챌린저만 찍을 목적으로 키우는 중인데 제네플러스 효율 다들 어떻게 보시는지요?",영상과는 별개지만 제네패스플러스 구매해얄지 고민인 유저입니다 챌린저스 보상으로 제네무기 윗잠 40 35 9 아랫잠 9 6 유니크 입니다 챌린저만 찍을 목적으로 키우는 중인데 제네플러스 효율 다들 어떻게 보시는지요?,"['영상', '별개', '제네패스플러스', '구매', '고민', '유저', '챌린저스', '보상', '무기', '윗잠', '아랫', '잠', '유니크', '챌린저', '찍', '목적', '키우', '중', '플러스', '효율', '어떻', '보']",,,,,
XZBgcl-FPyk,모멘텀패스는 근데 메포로 구매안되지않나요? 메포시세랑 아무상관없지않나,0,2026-07-18 13:31:10+00:00,모멘텀패스는 근데 메포로 구매안되지않나요? 메포시세랑 아무상관없지않나,모멘텀패스는 근데 메포로 구매안되지않나요? 메포시세랑 아무상관없지않나,"['모멘텀', '패스', '메포', '구매', '되', '메포시세', '상관', '없']",,,,,
XZBgcl-FPyk,"창섭아 자석펫 다오
120을 원더베리에만 박았는데 디진라벨만 7마리 넘게 먹었다 곧 레드단다 이게 맞냐",0,2026-07-18 13:23:53+00:00,"창섭아 자석펫 다오
120을 원더베리에만 박았는데 디진라벨만 7마리 넘게 먹었다 곧 레드단다 이게 맞냐",창섭아 자석펫 다오 120을 원더베리에만 박았는데 디진라벨만 7마리 넘게 먹었다 곧 레드단다 이게 맞냐,"['창섭', '자석펫', '원더베리', '말', '박', '디', '진', '라벨', '마리', '넘', '먹', '레드', '맞']",,,,,
XZBgcl-FPyk,그럼 내일부터 보급 발동 안시키고 40개 모았다가 목욜날 모아서 하는게 좋겠죠!???,0,2026-07-18 13:12:14+00:00,그럼 내일부터 보급 발동 안시키고 40개 모았다가 목욜날 모아서 하는게 좋겠죠!???,그럼 내일부터 보급 발동 안시키고 40개 모았다가 목욜날 모아서 하는게 좋겠죠 ??,"['내일', '보급', '발동', '시키', '개', '모으', '목욜날', '모으', '하', '것', '좋']",,,,,
XZBgcl-FPyk,메스크바 히어로 뭔데,0,2026-07-18 13:08:06+00:00,메스크바 히어로 뭔데,메스크바 히어로 뭔데,"['메스크바', '히어로']",,,,,
XZBgcl-FPyk,모멘텀 에픽던전보다 효욜 안좋은거 아닌가요..?,1,2026-07-18 12:44:43+00:00,모멘텀 에픽던전보다 효욜 안좋은거 아닌가요..?,모멘텀 에픽던전보다 효욜 안좋은거 아닌가요 ?,"['모멘텀', '에픽던전', '효욜', '좋', '거']",,,,,
XZBgcl-FPyk,메M 260 오래걸리나여?,2,2026-07-18 12:14:32+00:00,메M 260 오래걸리나여?,메M 260 오래걸리나여?,"['메', '걸리']",,,,,
XZBgcl-FPyk,렌뎀지스킨 나올때 브금먼가요,0,2026-07-18 12:06:25+00:00,렌뎀지스킨 나올때 브금먼가요,렌뎀지스킨 나올때 브금먼가요,"['렌뎀지스킨', '나오', '때', '브금먼', '가']",,,,,
XZBgcl-FPyk,역시 패치노트 읽어주는 남자,0,2026-07-18 12:05:05+00:00,역시 패치노트 읽어주는 남자,역시 패치노트 읽어주는 남자,"['패치', '노트', '읽', '남자']",,,,,
XZBgcl-FPyk,스펙터 보상 갓컨텐츠인데 사람 잘못만나서 1시간 걸려도 고트인 컨텐츠인데 이걸 발로 걷어 차버리네,0,2026-07-18 12:00:14+00:00,스펙터 보상 갓컨텐츠인데 사람 잘못만나서 1시간 걸려도 고트인 컨텐츠인데 이걸 발로 걷어 차버리네,스펙터 보상 갓컨텐츠인데 사람 잘못만나서 1시간 걸려도 고트인 컨텐츠인데 이걸 발로 걷어 차버리네,"['스펙터', '보상', '갓컨텐츠', '사람', '만나', '시간', '걸리', '트이', '컨텐츠', '발', '걷', '차']",,,,,
XZBgcl-FPyk,지금 280렙인데 280 이후로는 아이템 사도 결국에는 시간 싸움이더라고요(280 이후로는 접속 뜸해져서..),0,2026-07-18 11:49:04+00:00,지금 280렙인데 280 이후로는 아이템 사도 결국에는 시간 싸움이더라고요(280 이후로는 접속 뜸해져서..),지금 280렙인데 280 이후로는 아이템 사도 결국에는 시간 싸움이더라고요 280 이후로는 접속 뜸해져서,"['280렙', '이후', '아이템', '사', '결국', '시간', '싸움', '이후', '접속', '뜸하']",,,,,
XZBgcl-FPyk,1등,0,2026-07-18 11:37:29+00:00,1등,1등,['등'],,,,,
XZBgcl-FPyk,아오 22일수요일 아침 비행기로 동남아 가족 여행 가는데 벌써 도태 되는거 같네,0,2026-07-18 11:16:09+00:00,아오 22일수요일 아침 비행기로 동남아 가족 여행 가는데 벌써 도태 되는거 같네,아오 22일수요일 아침 비행기로 동남아 가족 여행 가는데 벌써 도태 되는거 같네,"['일', '수요일', '아침', '비행기', '동남아', '가족', '여행', '가', '도태', '되', '거', '같']",,,,,
XZBgcl-FPyk,안돼 스펙터 개꿀잼이었는데 이게 끝난다니...,0,2026-07-18 11:13:59+00:00,안돼 스펙터 개꿀잼이었는데 이게 끝난다니...,안돼 스펙터 개꿀잼이었는데 이게 끝난다니,"['되', '스펙터', '개꿀잼', '끝', '나']",,,,,
XZBgcl-FPyk,메엠 렌 260공략은요?,0,2026-07-18 11:07:34+00:00,메엠 렌 260공략은요?,메엠 렌 260공략은요?,"['메', '엠', '렌', '공략']",,,,,
XZBgcl-FPyk,메m 공략도 올려주시나요?,1,2026-07-18 11:01:59+00:00,메m 공략도 올려주시나요?,메m 공략도 올려주시나요?,"['메', '공략', '올리']",,,,,
XZBgcl-FPyk,이이스크림이 녹앗어..,0,2026-07-18 10:34:39+00:00,이이스크림이 녹앗어..,이이스크림이 녹앗어,"['이이스크림', '녹', '앗']",,,,,
XZBgcl-FPyk,자석펫 확률업 이벤트라도 해줭...,0,2026-07-18 10:06:37+00:00,자석펫 확률업 이벤트라도 해줭...,자석펫 확률업 이벤트라도 해줭,"['자석', '펫', '확률업', '이벤트', '하']",,,,,
XZBgcl-FPyk,아니 렌 의자 너무 이쁜데요ㅠㅠㅠ 하.. 메엠 깔기 귀찮은데.. 해야겠네요ㅜ,0,2026-07-18 09:58:08+00:00,아니 렌 의자 너무 이쁜데요ㅠㅠㅠ 하.. 메엠 깔기 귀찮은데.. 해야겠네요ㅜ,아니 렌 의자 너무 이쁜데요ㅠㅠ 하 메엠 깔기 귀찮은데 해야겠네요ㅜ,"['렌', '의자', '이쁘', '메', '엠', '깔', '귀찮', '하']",,,,,
WD11kJwi7qk,"30일에 자석펫이 끝납니다. 
현재 챌린저스 다이아고 마스터까지는 해볼 생각이라 제네시스 패스까지 구매해서 하고 있습니다. 일단 피방 보상으로 자석펫을 얻는게 좋을까요? 당장 옥션에서 구매하기엔 가격이 부담이고 또 챌섭 끝나고 할진 아직 확실하진 않아서..",1,2026-07-18 09:44:09+00:00,"30일에 자석펫이 끝납니다. 
현재 챌린저스 다이아고 마스터까지는 해볼 생각이라 제네시스 패스까지 구매해서 하고 있습니다. 일단 피방 보상으로 자석펫을 얻는게 좋을까요? 당장 옥션에서 구매하기엔 가격이 부담이고 또 챌섭 끝나고 할진 아직 확실하진 않아서..",30일에 자석펫이 끝납니다 현재 챌린저스 다이아고 마스터까지는 해볼 생각이라 제네시스 패스까지 구매해서 하고 있습니다 일단 피방 보상으로 자석펫을 얻는게 좋을까요? 당장 옥션에서 구매하기엔 가격이 부담이고 또 챌섭 끝나고 할진 아직 확실하진 않아서,"['일', '자석펫', '끝나', '챌린저스', '다이아', '마스터', '하', '생각', '제네시스', '패스', '구매', '하', '피', '방', '보상', '자석펫', '얻', '것', '좋', '당장', '옥션', '구매', '가격', '부담', '챌섭', '끝', '나', '하']",,,,,
XZBgcl-FPyk,이럴줄알고 4배쿠폰 안쓰고 vip부스터도 묵혀놨지 룬마다 까주마,0,2026-07-18 09:40:52+00:00,이럴줄알고 4배쿠폰 안쓰고 vip부스터도 묵혀놨지 룬마다 까주마,이럴줄알고 4배쿠폰 안쓰고 vip부스터도 묵혀놨지 룬마다 까주마,"['이렇', '줄', '알', '배', '쿠폰', '쓰', '부스', '터', '묵히', '룬마', '까']",,,,,
XZBgcl-FPyk,조절 할 수 있는 자동장비 분해 합성 같은거 있음 좋겠는데,1,2026-07-18 09:31:38+00:00,조절 할 수 있는 자동장비 분해 합성 같은거 있음 좋겠는데,조절 할 수 있는 자동장비 분해 합성 같은거 있음 좋겠는데,"['조절', '수', '있', '자동', '장비', '분해', '합성', '같', '거', '있', '좋']",,,,,
XZBgcl-FPyk,특수상자 경험치도 추가경험치 받음?,0,2026-07-18 09:17:21+00:00,특수상자 경험치도 추가경험치 받음?,특수상자 경험치도 추가경험치 받음?,"['특수상자', '경험치', '추가', '경험치', '받']",,,,,
XZBgcl-FPyk,추가경험치 1000퍼대는 어떻게 나오는거죠..?,1,2026-07-18 09:02:14+00:00,추가경험치 1000퍼대는 어떻게 나오는거죠..?,추가경험치 100퍼대는 어떻게 나오는거죠 ?,"['추가', '경험', '퍼', '대', '어떻', '나오', '거']",,,,,
XZBgcl-FPyk,메m 렌260 공략 올라오나요 !?,0,2026-07-18 08:59:27+00:00,메m 렌260 공략 올라오나요 !?,메m 렌260 공략 올라오나요 ?,"['메', '렌', '공략', '올라오']",,,,,
XZBgcl-FPyk,할로캣도 그렇고 미호도 그렇고 다들 안구건조증이 있나,0,2026-07-18 08:53:07+00:00,할로캣도 그렇고 미호도 그렇고 다들 안구건조증이 있나,할로캣도 그렇고 미호도 그렇고 다들 안구건조증이 있나,"['할로캣', '그렇', '미호', '그렇', '안구', '건조증', '있']",,,,,
XZBgcl-FPyk,아니 근데 자석펫 필요했으면 저번 이벤트 출석했어야지 하는데 이번 챌섭부터 시작한 사람은 뭐 어케해야해요??,0,2026-07-18 08:50:53+00:00,아니 근데 자석펫 필요했으면 저번 이벤트 출석했어야지 하는데 이번 챌섭부터 시작한 사람은 뭐 어케해야해요??,아니 근데 자석펫 필요했으면 저번 이벤트 출석했어야지 하는데 이번 챌섭부터 시작한 사람은 뭐 어케해야해요??,"['자석펫', '필요', '저번', '이벤트', '출석', '하', '이번', '챌섭', '시작', '사람', '하']",,,,,
XZBgcl-FPyk,"님들 본캐가 290렙인데 모멘텀 패스 살만한가요?
레벨 욕심은 크게없고 사냥은 매일 메제 채우고 있어요",0,2026-07-18 08:43:28+00:00,"님들 본캐가 290렙인데 모멘텀 패스 살만한가요?
레벨 욕심은 크게없고 사냥은 매일 메제 채우고 있어요",님들 본캐가 290렙인데 모멘텀 패스 살만한가요? 레벨 욕심은 크게없고 사냥은 매일 메제 채우고 있어요,"['님', '본캐', '렙', '모멘텀', '패스', '사', '만', '레벨', '욕심', '크', '없', '사냥', '메제', '채우']",,,,,
XZBgcl-FPyk,메엠260찍기 어렵나요?,0,2026-07-18 08:34:37+00:00,메엠260찍기 어렵나요?,메엠260찍기 어렵나요?,"['메', '엠', '찍', '어렵']",,,,,
XZBgcl-FPyk,"창섭아 6석펫 효과 만든거 너쿠 고마운데 9석펫도 만들어주라,",0,2026-07-18 08:32:05+00:00,"창섭아 6석펫 효과 만든거 너쿠 고마운데 9석펫도 만들어주라,",창섭아 6석펫 효과 만든거 너쿠 고마운데 9석펫도 만들어주라,"['창섭', '석', '펫', '효과', '만들', '거', '쿠', '고맙', '석', '펫', '만들']",,,,,
XZBgcl-FPyk,룬의 경험에는 적용안되나요 실질적으로 맞추기가 어려울려나요,0,2026-07-18 08:26:13+00:00,룬의 경험에는 적용안되나요 실질적으로 맞추기가 어려울려나요,룬의 경험에는 적용안되나요 실질적으로 맞추기가 어려울려나요,"['룬', '경험', '적용', '되', '실질', '맞추', '어렵']",,,,,
XZBgcl-FPyk,경험치 도핑하면 물자상자 경험치가 늘어나는 구조였나요.............. 경손실 오졌네 하...........,0,2026-07-18 08:25:12+00:00,경험치 도핑하면 물자상자 경험치가 늘어나는 구조였나요.............. 경손실 오졌네 하...........,경험치 도핑하면 물자상자 경험치가 늘어나는 구조였나요 경손실 오졌네 하,"['경험치', '도핑', '물자', '상자', '경험', '늘어나', '구조', '경손실', '오지']",,,,,
XZBgcl-FPyk,창섭아 모멘텀패스좀 메포로 사게해줘라 안그러면 쌀먹해서 패스산다,0,2026-07-18 08:24:39+00:00,창섭아 모멘텀패스좀 메포로 사게해줘라 안그러면 쌀먹해서 패스산다,창섭아 모멘텀패스좀 메포로 사게해줘라 안그러면 쌀먹해서 패스산다,"['창섭', '모멘텀', '패스', '메포', '사', '그러', '쌀', '먹', '패스', '사']",,,,,
XZBgcl-FPyk,메M 렌 이벤트는 본섭 렌 출시 뎀스랑 많이 다른가,0,2026-07-18 08:23:49+00:00,메M 렌 이벤트는 본섭 렌 출시 뎀스랑 많이 다른가,메M 렌 이벤트는 본섭 렌 출시 뎀스랑 많이 다른가,"['메', '렌', '이벤트', '본섭', '렌', '출시', '뎀스', '다르']",,,,,
XZBgcl-FPyk,"아 특수상자 랜덤 ㅡㅡ

이번트기간 내내 레어만 뜨다가 끝나겠네

뭔가 나사가 한개씩 빠져있냐",0,2026-07-18 08:12:47+00:00,"아 특수상자 랜덤 ㅡㅡ

이번트기간 내내 레어만 뜨다가 끝나겠네

뭔가 나사가 한개씩 빠져있냐",아 특수상자 랜덤 ㅡㅡ 이번트기간 내내 레어만 뜨다가 끝나겠네 뭔가 나사가 한개씩 빠져있냐,"['특수상자', '랜덤', '번트', '기간', '레어', '뜨', '끝나', '나사', '개', '빠지']",,,,,
XZBgcl-FPyk,상자 경험치는 룬의 경험 특수코어 추가 경험치를 적용 받으므로 룬 해제 후 바로 상자 스폰 시켜서 까시는걸 추천 드립니다,0,2026-07-18 08:11:41+00:00,상자 경험치는 룬의 경험 특수코어 추가 경험치를 적용 받으므로 룬 해제 후 바로 상자 스폰 시켜서 까시는걸 추천 드립니다,상자 경험치는 룬의 경험 특수코어 추가 경험치를 적용 받으므로 룬 해제 후 바로 상자 스폰 시켜서 까시는걸 추천 드립니다,"['상자', '경험치', '룬', '경험', '특수', '코어', '추가', '경험', '적용', '받', '룬', '해제', '후', '상자', '스폰', '시키', '까', '거', '추천', '드리']",,,,,
XZBgcl-FPyk,어흐 미호.... 눈깜빡거리면서 유혹하네,0,2026-07-18 08:04:59+00:00,어흐 미호.... 눈깜빡거리면서 유혹하네,어흐 미호 눈깜빡거리면서 유혹하네,"['미호', '눈', '깜빡거리', '유혹']",,,,,
XZBgcl-FPyk,헤이즐 로이드는 진짜 감다살이네 ㅋㅋ,8,2026-07-18 07:55:41+00:00,헤이즐 로이드는 진짜 감다살이네 ㅋㅋ,헤이즐 로이드는 진짜 감다살이네 ㅋㅋ,"['헤이즐', '로이드', '감다살']",,,,,
XZBgcl-FPyk,"메잘알 형들 제네시스 패스 플러스 사고 검마 2인 잡았는데 팅켜서 보상 친구만 깟는데 이럴떈 문의 했는데 주말은 원래 운영 안하는거야? 그러면 나 8월까지 제네시스패스플러스 퀘스트 못꺠는거야 ㅠㅠ

문의 하니깐 결정 값만 준다는데.. 그러면 클리어로 처리 된거냐고 재문의 하니깐 주말이라 그런지 답장이 없어...",0,2026-07-18 07:48:35+00:00,"메잘알 형들 제네시스 패스 플러스 사고 검마 2인 잡았는데 팅켜서 보상 친구만 깟는데 이럴떈 문의 했는데 주말은 원래 운영 안하는거야? 그러면 나 8월까지 제네시스패스플러스 퀘스트 못꺠는거야 ㅠㅠ

문의 하니깐 결정 값만 준다는데.. 그러면 클리어로 처리 된거냐고 재문의 하니깐 주말이라 그런지 답장이 없어...",메잘알 형들 제네시스 패스 플러스 사고 검마 2인 잡았는데 팅켜서 보상 친구만 깟는데 이럴떈 문의 했는데 주말은 원래 운영 안하는거야? 그러면 나 8월까지 제네시스패스플러스 퀘스트 못꺠는거야 ㅠㅠ 문의 하니깐 결정 값만 준다는데 그러면 클리어로 처리 된거냐고 재문의 하니깐 주말이라 그런지 답장이 없어,"['메잘알', '형', '제네시스', '패스', '플러스', '사고', '검', '마', '인', '잡', '팅', '켜', '보상', '친구', '까', '이렇', '떄', '문의', '주말', '운영', '하', '거', '월', '제네시스패스플러스', '퀘스트', '꺠', '거', '문의', '하', '결정', '값', '주', '하', '클리어', '처리', '거', '문의', '하', '주말', '그렇', '답장', '없']",,,,,
XZBgcl-FPyk,김창섭의 역대급 경험치 이벤트도 잊은겐가?,0,2026-07-18 07:36:51+00:00,김창섭의 역대급 경험치 이벤트도 잊은겐가?,김창섭의 역대급 경험치 이벤트도 잊은겐가?,"['김', '창섭', '역대', '급', '경험치', '이벤트', '잊', '것']",,,,,
XZBgcl-FPyk,하..  뎀스 미쳤나 260 언제찍누..,1,2026-07-18 07:36:03+00:00,하..  뎀스 미쳤나 260 언제찍누..,하 뎀스 미쳤나 260 언제찍누,"['뎀스', '미치', '찍']",,,,,
XZBgcl-FPyk,이참에 메엠 250 찍고 뎀스킨 섀도어 껴줘야지,0,2026-07-18 07:18:41+00:00,이참에 메엠 250 찍고 뎀스킨 섀도어 껴줘야지,이참에 메엠 250 찍고 뎀스킨 섀도어 껴줘야지,"['이참', '메', '엠', '찍', '뎀스킨', '섀도어', '끼']",,,,,
WD11kJwi7qk,페어리 하트는 어디서 얻나요??,1,2026-07-18 07:14:29+00:00,페어리 하트는 어디서 얻나요??,페어리 하트는 어디서 얻나요??,"['페어리', '하트', '얻']",,,,,
XZBgcl-FPyk,23일 00시에 스펙터 할수있나요?,0,2026-07-18 07:13:55+00:00,23일 00시에 스펙터 할수있나요?,23일 00시에 스펙터 할수있나요?,"['일', '시', '스펙터', '하', '수', '있']",,,,,
XZBgcl-FPyk,축복의룬 고정해주세요 창섭님,0,2026-07-18 07:01:44+00:00,축복의룬 고정해주세요 창섭님,축복의룬 고정해주세요 창섭님,"['축복의룬', '고정', '창섭']",,,,,
XZBgcl-FPyk,5:44 어째 메키 생각나냐,2,2026-07-18 06:59:03+00:00,5:44 어째 메키 생각나냐,5 44 어째 메키 생각나냐,"['어쩌', '메키', '생각나']",,,,,
XZBgcl-FPyk,시식코너에서 맛나게 드셨으면 제품 좀 사라.,0,2026-07-18 06:58:52+00:00,시식코너에서 맛나게 드셨으면 제품 좀 사라.,시식코너에서 맛나게 드셨으면 제품 좀 사라,"['시식', '코너', '맛나', '드시', '제품', '사']",,,,,
XZBgcl-FPyk,메이플 안에 메이플키우기가 생겼네 ㅋㅋ,0,2026-07-18 06:55:21+00:00,메이플 안에 메이플키우기가 생겼네 ㅋㅋ,메이플 안에 메이플키우기가 생겼네 ㅋㅋ,"['메이플', '안', '메이플', '키우', '생기']",,,,,
XZBgcl-FPyk,아니 수발 또 랜덤이야 아오,0,2026-07-18 06:43:01+00:00,아니 수발 또 랜덤이야 아오,아니 수발 또 랜덤이야 아오,"['수발', '랜덤']",,,,,
XZBgcl-FPyk,맑음게이야 3분에 특수상자 5개 아님?,0,2026-07-18 06:36:57+00:00,맑음게이야 3분에 특수상자 5개 아님?,맑음게이야 3분에 특수상자 5개 아님?,"['맑음게이야', '분', '특수', '상자', '개']",,,,,
XZBgcl-FPyk,창섭아 문타포스좀 내줘라,0,2026-07-18 06:35:21+00:00,창섭아 문타포스좀 내줘라,창섭아 문타포스좀 내줘라,"['창섭', '문타포스', '내']",,,,,
XZBgcl-FPyk,묵매도 이뿌당,2,2026-07-18 06:31:58+00:00,묵매도 이뿌당,묵매도 이뿌당,"['묵매도', '이뿌당']",,,,,
XZBgcl-FPyk,자석펫 시세는 지금 비수기때랑 비교해서 비싼편인가요,0,2026-07-18 06:21:23+00:00,자석펫 시세는 지금 비수기때랑 비교해서 비싼편인가요,자석펫 시세는 지금 비수기때랑 비교해서 비싼편인가요,"['자석', '펫', '시세', '비수기', '때', '비교', '비싸', '편']",,,,,
XZBgcl-FPyk,미호 진짜 처음보고 너무 귀여워서 갖고 싶었는데 나왔네 ㅋㅋㅋ,0,2026-07-18 06:19:24+00:00,미호 진짜 처음보고 너무 귀여워서 갖고 싶었는데 나왔네 ㅋㅋㅋ,미호 진짜 처음보고 너무 귀여워서 갖고 싶었는데 나왔네 ㅋㅋ,"['미호', '처음', '보', '귀엽', '갖', '나오']",,,,,
XZBgcl-FPyk,상자 꾹꾹 모아서 피방에서 써야겠네,2,2026-07-18 06:19:15+00:00,상자 꾹꾹 모아서 피방에서 써야겠네,상자 꾹꾹 모아서 피방에서 써야겠네,"['상자', '모으', '피', '방', '쓰']",,,,,
XZBgcl-FPyk,에르다조각은 끌리는데,0,2026-07-18 06:16:37+00:00,에르다조각은 끌리는데,에르다조각은 끌리는데,"['에르다', '조각', '끌리']",,,,,
XZBgcl-FPyk,과연 남캐 이벤트 안드로이드는 대체 언제 나올것인가,0,2026-07-18 06:16:08+00:00,과연 남캐 이벤트 안드로이드는 대체 언제 나올것인가,과연 남캐 이벤트 안드로이드는 대체 언제 나올것인가,"['남', '캐', '이벤트', '안드로이드', '나오', '것']",,,,,
XZBgcl-FPyk,스펙터블래스트 적응되니까 바뀌네,0,2026-07-18 06:09:44+00:00,스펙터블래스트 적응되니까 바뀌네,스펙터블래스트 적응되니까 바뀌네,"['스펙터블래스트', '적응', '바뀌']",,,,,
XZBgcl-FPyk,"본캐 제로 282,
챌섭 부캐 아란 현재 281에 마스터이고 챌린저까지 도전 중입니다. (야누스 넘겨주려고)

야누스 때문에라도 챌린저는 꼭 찍을 생각이라 당장의 모든 재화는 아란에 쏟을 생각이었는데요, 모멘텀패스를 어디에 써야할지 정말 고민입니다ㅠㅠ",1,2026-07-18 06:05:47+00:00,"본캐 제로 282,
챌섭 부캐 아란 현재 281에 마스터이고 챌린저까지 도전 중입니다. (야누스 넘겨주려고)

야누스 때문에라도 챌린저는 꼭 찍을 생각이라 당장의 모든 재화는 아란에 쏟을 생각이었는데요, 모멘텀패스를 어디에 써야할지 정말 고민입니다ㅠㅠ",본캐 제로 282 챌섭 부캐 아란 현재 281에 마스터이고 챌린저까지 도전 중입니다 야누스 넘겨주려고 야누스 때문에라도 챌린저는 꼭 찍을 생각이라 당장의 모든 재화는 아란에 쏟을 생각이었는데요 모멘텀패스를 어디에 써야할지 정말 고민입니다ㅠㅠ,"['캐', '챌섭', '부캐', '아', '마스터', '챌린저', '도전', '중', '야누스', '넘기', '야누스', '때문', '챌린저', '찍', '생각', '당장', '재화', '아란', '쏟', '생각', '모멘텀', '패스', '쓰', '고민']",,,,,
XZBgcl-FPyk,"열심히 정보를 알려줬지만, 자동으로 템을 먹는 것에만 눈이 가요...
부럽다.",21,2026-07-18 06:01:21+00:00,"열심히 정보를 알려줬지만, 자동으로 템을 먹는 것에만 눈이 가요...
부럽다.",열심히 정보를 알려줬지만 자동으로 템을 먹는 것에만 눈이 가요 부럽다,"['정보', '알리', '자동', '템', '먹', '것', '눈', '가', '부럽']",,,,,
XZBgcl-FPyk,자석펫좀 줘라 c8,2,2026-07-18 06:01:02+00:00,자석펫좀 줘라 c8,자석펫좀 줘라 c8,"['자석펫', '주']",,,,,
XZBgcl-FPyk,솔직히 레드 블랙은 몬파 핸즈 넣어줄만 하지 않나?,1,2026-07-18 05:49:58+00:00,솔직히 레드 블랙은 몬파 핸즈 넣어줄만 하지 않나?,솔직히 레드 블랙은 몬파 핸즈 넣어줄만 하지 않나?,"['레드', '블랙', '파', '핸즈', '넣', '만', '하']",,,,,
XZBgcl-FPyk,0:42 일반물자지원 상자는 일요일부터 킵하고 목요일에 50개로 시작할수 있나요?,4,2026-07-18 05:49:29+00:00,0:42 일반물자지원 상자는 일요일부터 킵하고 목요일에 50개로 시작할수 있나요?,0 42 일반물자지원 상자는 일요일부터 킵하고 목요일에 50개로 시작할수 있나요?,"['일반', '물자', '지원', '상자', '일요일', '킵', '목요일', '개', '시작', '수', '있']",,,,,
XZBgcl-FPyk,3:00 특수 상자는 260레벨 이상 캐릭터만 등장하나요?,0,2026-07-18 05:48:08+00:00,3:00 특수 상자는 260레벨 이상 캐릭터만 등장하나요?,3 00 특수 상자는 260레벨 이상 캐릭터만 등장하나요?,"['특수', '상자', '레벨', '이상', '캐릭터', '등장']",,,,,
XZBgcl-FPyk,미호쨔응 마그네슘 부족한 가봐ㅋㅋㅋㅋㅋ,25,2026-07-18 05:45:43+00:00,미호쨔응 마그네슘 부족한 가봐ㅋㅋㅋㅋㅋ,미호쨔응 마그네슘 부족한 가봐ㅋㅋ,"['미호쨔응', '마그네슘', '부족', '가']",,,,,
XZBgcl-FPyk,3:29 미세팁 하나 추가하자면 5차 특수코어에 룬의 경험 든 채로 룬 까고 상자 열면 룬 추가경험치는 이미 반영되서인지 달라지지 않는데 특수코어에 달린 20초간 경험치 50% 추가 효과가 적용되더라구요 그래서 저는 자동사용 끄고 룬깔때만 상자 활성화 시키고 경험치 먹었습니다 일반상자는 284렙 최상층 기준 약 10억 정도 경험치 더 주더라구요 특수상자는 기본 경험치 자체가 훨씬 크니 더 많이 줄 것 같네요,16,2026-07-18 05:41:47+00:00,3:29 미세팁 하나 추가하자면 5차 특수코어에 룬의 경험 든 채로 룬 까고 상자 열면 룬 추가경험치는 이미 반영되서인지 달라지지 않는데 특수코어에 달린 20초간 경험치 50% 추가 효과가 적용되더라구요 그래서 저는 자동사용 끄고 룬깔때만 상자 활성화 시키고 경험치 먹었습니다 일반상자는 284렙 최상층 기준 약 10억 정도 경험치 더 주더라구요 특수상자는 기본 경험치 자체가 훨씬 크니 더 많이 줄 것 같네요,3 29 미세팁 하나 추가하자면 5차 특수코어에 룬의 경험 든 채로 룬 까고 상자 열면 룬 추가경험치는 이미 반영되서인지 달라지지 않는데 특수코어에 달린 20초간 경험치 50 추가 효과가 적용되더라구요 그래서 저는 자동사용 끄고 룬깔때만 상자 활성화 시키고 경험치 먹었습니다 일반상자는 284렙 최상층 기준 약 10억 정도 경험치 더 주더라구요 특수상자는 기본 경험치 자체가 훨씬 크니 더 많이 줄 것 같네요,"['미세', '팁', '추가', '차', '특수코어', '룬', '경험', '들', '채', '룬', '까', '상자', '열', '룬', '추가', '경험', '반영', '되', '달라지', '데', '특수', '코어', '달리', '초', '경험치', '추가', '효과', '적용', '자동', '사용', '끄', '룬', '깔', '때', '상자', '활성', '시키', '경험치', '먹', '일반', '상자', '렙', '상층', '기준', '정도', '경험치', '주', '특수상자', '기본', '경험치', '자체', '크', '주', '것', '같']",,,,,
XZBgcl-FPyk,렌 뎀스 ㅈㄴ맛있네,1,2026-07-18 05:40:57+00:00,렌 뎀스 ㅈㄴ맛있네,렌 뎀스 ㅈㄴ맛있네,"['렌', '뎀스', '맛있']",,,,,
XZBgcl-FPyk,"스펙터 블래스트가 주던 경험치는
모멘텀패스 현질로 충당해야하나요?",1,2026-07-18 05:39:10+00:00,"스펙터 블래스트가 주던 경험치는
모멘텀패스 현질로 충당해야하나요?",스펙터 블래스트가 주던 경험치는 모멘텀패스 현질로 충당해야하나요?,"['스펙터', '블래스트', '주', '경험치', '모멘텀', '패스', '현', '충당']",,,,,
XZBgcl-FPyk,경험치 도핑 1000퍼는 어캐하는거임?,0,2026-07-18 05:37:14+00:00,경험치 도핑 1000퍼는 어캐하는거임?,경험치 도핑 100퍼는 어캐하는거임?,"['경험치', '도핑', '퍼', '어캐', '거']",,,,,
XZBgcl-FPyk,미호 눈 왜이렇게 깜빡거려 ㅋㅋ,12,2026-07-18 05:35:46+00:00,미호 눈 왜이렇게 깜빡거려 ㅋㅋ,미호 눈 왜이렇게 깜빡거려 ㅋㅋ,"['미호', '눈', '이렇', '깜빡거리']",,,,,
XZBgcl-FPyk,상자 열때 룬도 영향받나요?,0,2026-07-18 05:35:13+00:00,상자 열때 룬도 영향받나요?,상자 열때 룬도 영향받나요?,"['상자', '열', '때', '룬', '영향', '받']",,,,,
XZBgcl-FPyk,미호 로이드 으흐흐,12,2026-07-18 05:33:25+00:00,미호 로이드 으흐흐,미호 로이드 으흐흐,"['미호', '로이드']",,,,,
XZBgcl-FPyk,13:29 여기서부터 나오는 브금 이름 뭔가요?,0,2026-07-18 05:33:16+00:00,13:29 여기서부터 나오는 브금 이름 뭔가요?,13 29 여기서부터 나오는 브금 이름 뭔가요?,"['나오', '브금', '이름']",,,,,
XZBgcl-FPyk,"제가 뉴비여서 그런데 경험치 도핑은 어떤 걸 해야할까요?
4배경쿠 + 익스트림 골드 + mvp 경쿠 + vip 버프 << 이 정도면 충분한가요?",0,2026-07-18 05:30:35+00:00,"제가 뉴비여서 그런데 경험치 도핑은 어떤 걸 해야할까요?
4배경쿠 + 익스트림 골드 + mvp 경쿠 + vip 버프 << 이 정도면 충분한가요?",제가 뉴비여서 그런데 경험치 도핑은 어떤 걸 해야할까요? 4배경쿠 익스트림 골드 mvp 경쿠 vip 버프 이 정도면 충분한가요?,"['뉴비', '그렇', '데', '경험치', '도핑', '거', '하', '4배경쿠', '익스트림', '골드', '경쿠', '버프', '정도', '충분하']",,,,,
XZBgcl-FPyk,"신:스펙터내면 고인물들이 좋아하겠지?
메숭이:창섭아 스펙터 30분 해봐라
신:어휴 다음 이벤은 다마고치다
메숭이:믿고 있었다고 창섭짱",94,2026-07-18 05:29:41+00:00,"신:스펙터내면 고인물들이 좋아하겠지?
메숭이:창섭아 스펙터 30분 해봐라
신:어휴 다음 이벤은 다마고치다
메숭이:믿고 있었다고 창섭짱",신 스펙터내면 고인물들이 좋아하겠지? 메숭이 창섭아 스펙터 30분 해봐라 신 어휴 다음 이벤은 다마고치다 메숭이 믿고 있었다고 창섭짱,"['신', '스펙터', '내', '인물', '좋아하', '메숭이', '창섭', '스펙터', '분', '하', '신', '다음', '이벤', '다마고치', '메', '숭', '믿', '창섭짱']",,,,,
XZBgcl-FPyk,음 이러면 앞으로 출석 조각이랑 내일 조각은 본섭 줘야겠다,0,2026-07-18 05:28:15+00:00,음 이러면 앞으로 출석 조각이랑 내일 조각은 본섭 줘야겠다,음 이러면 앞으로 출석 조각이랑 내일 조각은 본섭 줘야겠다,"['이러', '앞', '출석', '조각', '조각', '본섭']",,,,,
XZBgcl-FPyk,특수상자 룬 적용 받나요?,1,2026-07-18 05:27:24+00:00,특수상자 룬 적용 받나요?,특수상자 룬 적용 받나요?,"['특수상자', '룬', '적용', '받']",,,,,
XZBgcl-FPyk,맑음 없었으면 바보처럼 경손실 존나보고 있었을듯,1,2026-07-18 05:26:30+00:00,맑음 없었으면 바보처럼 경손실 존나보고 있었을듯,맑음 없었으면 바보처럼 경손실 존나보고 있었을듯,"['맑음', '없', '바보', '경', '손실', '보', '듯']",,,,,
XZBgcl-FPyk,3:05 특수상자 누적 50개라고 잘못나왔네요,2,2026-07-18 05:24:34+00:00,3:05 특수상자 누적 50개라고 잘못나왔네요,3 05 특수상자 누적 50개라고 잘못나왔네요,"['특수상자', '누적', '개', '나오']",,,,,
XZBgcl-FPyk,드디어 스펙터블라스터 아웃 나이스@@@,7,2026-07-18 05:22:53+00:00,드디어 스펙터블라스터 아웃 나이스@@@,드디어 스펙터블라스터 아웃 나이스,"['스펙터블라스터', '아웃', '나이스']",,,,,
XZBgcl-FPyk,히히히히히히히잇ㄱ,0,2026-07-18 05:21:13+00:00,히히히히히히히잇ㄱ,히히잇ㄱ,['잇'],,,,,
XZBgcl-FPyk,"창섭아 오늘자석펫 장례식했다
빨리 하나더 안주면 쌀먹간다😢😢😢",304,2026-07-18 05:20:56+00:00,"창섭아 오늘자석펫 장례식했다
빨리 하나더 안주면 쌀먹간다😢😢😢",창섭아 오늘자석펫 장례식했다 빨리 하나더 안주면 쌀먹간다,"['창섭', '자석', '펫', '장례식', '주', '쌀', '먹']",,,,,
XZBgcl-FPyk,"사이드패치 맛집, 가끔 메인매뉴 맛있는날도 있음",11,2026-07-18 05:20:47+00:00,"사이드패치 맛집, 가끔 메인매뉴 맛있는날도 있음",사이드패치 맛집 가끔 메인매뉴 맛있는날도 있음,"['사이드', '패치', '맛집', '메인매뉴', '맛있', '날', '있']",,,,,
XZBgcl-FPyk,기존 이벤트 남은 횟수는 이전 안되겠죠?,1,2026-07-18 05:18:07+00:00,기존 이벤트 남은 횟수는 이전 안되겠죠?,기존 이벤트 남은 횟수는 이전 안되겠죠?,"['기존', '이벤트', '남', '횟수', '이전', '되']",,,,,
XZBgcl-FPyk,뎀스 이쁘네...귀찮은데 해야겠네,6,2026-07-18 05:15:17+00:00,뎀스 이쁘네...귀찮은데 해야겠네,뎀스 이쁘네 귀찮은데 해야겠네,"['뎀스', '이쁘', '귀찮', '하']",,,,,
XZBgcl-FPyk,물자 1 지원,0,2026-07-18 05:10:22+00:00,물자 1 지원,물자 1 지원,"['물자', '지원']",,,,,
XZBgcl-FPyk,혹시 메엠 260 공략도 해주시나요?,23,2026-07-18 05:10:01+00:00,혹시 메엠 260 공략도 해주시나요?,혹시 메엠 260 공략도 해주시나요?,"['메', '엠', '공략', '하']",,,,,
XZBgcl-FPyk,야미,0,2026-07-18 05:07:55+00:00,야미,야미,['야미'],,,,,
XZBgcl-FPyk,그래그래,0,2026-07-18 05:06:06+00:00,그래그래,그래그래,['그렇'],,,,,
XZBgcl-FPyk,음 그래그래 바로 봐주마,0,2026-07-18 05:05:32+00:00,음 그래그래 바로 봐주마,음 그래그래 바로 봐주마,"['그렇', '보']",,,,,
XZBgcl-FPyk,.,0,2026-07-18 05:05:31+00:00,.,,[],,,,,
XZBgcl-FPyk,그래그래 바로 봐주마!!,22,2026-07-18 05:05:31+00:00,그래그래 바로 봐주마!!,그래그래 바로 봐주마,['보'],,,,,
vtXkiF-GE9I,5:12 암전효과 ㅋㅋ 또 눈뽕당할뻔,0,2026-07-18 04:06:40+00:00,5:12 암전효과 ㅋㅋ 또 눈뽕당할뻔,5 12 암전효과 ㅋㅋ 또 눈뽕당할뻔,"['암', '전', '효과', '눈뽕', '뻔']",,,,,
PmHlunblL3Y,이번에 챌섭 리프는 언제 열리나요 ㅜ,0,2026-07-18 02:01:38+00:00,이번에 챌섭 리프는 언제 열리나요 ㅜ,이번에 챌섭 리프는 언제 열리나요 ㅜ,"['이번', '챌섭', '리프', '열리']",,,,,
vtXkiF-GE9I,강원기가 편의성은 조트여도 직업이해도는 높았는데 김창섭은 그반대네 편의성은 고트인데 직업이해도가 아예없음,3,2026-07-18 00:52:17+00:00,강원기가 편의성은 조트여도 직업이해도는 높았는데 김창섭은 그반대네 편의성은 고트인데 직업이해도가 아예없음,강원기가 편의성은 조트여도 직업이해도는 높았는데 김창섭은 그반대네 편의성은 고트인데 직업이해도가 아예없음,"['강원', '기', '편의', '트이', '직업', '이해도', '높', '김', '창섭', '반대', '편의', '고트', '직업', '이해도', '없']",,,,,
vtXkiF-GE9I,"6차스킬 이따구로 낼거면 1년에 1번 내던가
깜냥에 안 맞게 패치하다가 가랑이 찢어질거 같으니까 부랴부랴 수정하노 ㅋㅋㅋ
근들갑은 역시 ^신창섭^ ㅋㅋㅋ",1,2026-07-17 23:59:31+00:00,"6차스킬 이따구로 낼거면 1년에 1번 내던가
깜냥에 안 맞게 패치하다가 가랑이 찢어질거 같으니까 부랴부랴 수정하노 ㅋㅋㅋ
근들갑은 역시 ^신창섭^ ㅋㅋㅋ",6차스킬 이따구로 낼거면 1년에 1번 내던가 깜냥에 안 맞게 패치하다가 가랑이 찢어질거 같으니까 부랴부랴 수정하노 ㅋㅋ 근들갑은 역시 신창섭 ㅋㅋ,"['차', '스킬', '이따구', '내', '거', '년', '번', '내', '깜냥', '맞', '패치', '가랑이', '찢어지', '거', '같', '수정', '갑', '신창섭']",,,,,
vtXkiF-GE9I,다음주에 메이플m 업데이트 하는데 250작도 소개해주실거죠??,0,2026-07-17 22:40:07+00:00,다음주에 메이플m 업데이트 하는데 250작도 소개해주실거죠??,다음주에 메이플m 업데이트 하는데 250작도 소개해주실거죠??,"['다음', '주', '메이플', '업데이트', '데', '작', '소개', '거']",,,,,
vtXkiF-GE9I,"메M 렌 나와서 버닝 한다는거 같은데 250작 영상 만들어주심 안될까용
맑음식 정리가 필요해잉😊",0,2026-07-17 21:35:10+00:00,"메M 렌 나와서 버닝 한다는거 같은데 250작 영상 만들어주심 안될까용
맑음식 정리가 필요해잉😊",메M 렌 나와서 버닝 한다는거 같은데 250작 영상 만들어주심 안될까용 맑음식 정리가 필요해잉,"['메', '렌', '나오', '버닝', '하', '거', '같', '작', '영상', '만들', '되', '맑음', '식', '정리', '필요']",,,,,
PmHlunblL3Y,그렇게 인플래가 무서웠으면 헤카테는 왜 그래 쎄게 만들었고 그렇게 소극적으로 신스킬 점유율 잡을거면 꼴랑 이딴거 낸다고 밸패는 왜 유기함? ㅈㄴ 모순임...,0,2026-07-17 21:17:38+00:00,그렇게 인플래가 무서웠으면 헤카테는 왜 그래 쎄게 만들었고 그렇게 소극적으로 신스킬 점유율 잡을거면 꼴랑 이딴거 낸다고 밸패는 왜 유기함? ㅈㄴ 모순임...,그렇게 인플래가 무서웠으면 헤카테는 왜 그래 쎄게 만들었고 그렇게 소극적으로 신스킬 점유율 잡을거면 꼴랑 이딴거 낸다고 밸패는 왜 유기함? ㅈㄴ 모순임,"['그렇', '인플래', '무섭', '헤카테', '쎄', '만들', '그렇', '소극', '스킬', '점유', '잡', '거', '꼬', '거', '내', '밸패', '유기', '모순']",,,,,
vtXkiF-GE9I,어떻게 사람 쿨타임이 25>15 40 60 120 에라이,0,2026-07-17 21:12:28+00:00,어떻게 사람 쿨타임이 25>15 40 60 120 에라이,어떻게 사람 쿨타임이 25 15 40 60 120 에라이,"['어떻', '사람', '쿨', '타임', '에라이']",,,,,
WD11kJwi7qk,"뉴비때 많은 도움을 받아 감사한 마음에 멤버십 가입 했습니다.
이제 저는 새로 올 뉴비를 위한 영상은 덜 보게 되겠지만,
앞으로도 꾸준한 뉴비 유입 영상을 응원합니다.
화이팅!",1,2026-07-17 20:20:48+00:00,"뉴비때 많은 도움을 받아 감사한 마음에 멤버십 가입 했습니다.
이제 저는 새로 올 뉴비를 위한 영상은 덜 보게 되겠지만,
앞으로도 꾸준한 뉴비 유입 영상을 응원합니다.
화이팅!",뉴비때 많은 도움을 받아 감사한 마음에 멤버십 가입 했습니다 이제 저는 새로 올 뉴비를 위한 영상은 덜 보게 되겠지만 앞으로도 꾸준한 뉴비 유입 영상을 응원합니다 화이팅,"['뉴비', '때', '많', '도움', '받', '감사', '마음', '멤버십', '가입', '오', '뉴비', '위하', '영상', '보', '되', '앞', '뉴비', '유입', '영상', '응원']",,,,,
vtXkiF-GE9I,근데 늘 이딴식이여서 뭐 이제 놀랍지도 않음 ㅋㅋ 딱 1년전 -전투 경험 개선- 생각해보면 그떄도 결정석너프+블하삭제+전투경험 개선 3박자로 시원하게 개미 다털어버림 ㅋㅋㅋ,2,2026-07-17 19:57:15+00:00,근데 늘 이딴식이여서 뭐 이제 놀랍지도 않음 ㅋㅋ 딱 1년전 -전투 경험 개선- 생각해보면 그떄도 결정석너프+블하삭제+전투경험 개선 3박자로 시원하게 개미 다털어버림 ㅋㅋㅋ,근데 늘 이딴식이여서 뭐 이제 놀랍지도 않음 ㅋㅋ 딱 1년전 전투 경험 개선 생각해보면 그떄도 결정석너프 블하삭제 전투경험 개선 3박자로 시원하게 개미 다털어버림 ㅋㅋ,"['식', '놀랍', '년', '전', '전투', '경험', '개선', '생각', '떄', '결정', '석', '너프', '블하삭제', '전투', '경험', '개선', '박자', '개미', '털']",,,,,
vtXkiF-GE9I,섀도어는 스킬 끄지도 못하게 막고 딜은  딜대로 너프먹었습니다. 강원기때도 안 하던 짓을 하네요 적어도 원기는 신스킬 출시로 약해지거나 구조 박살나게는 안 했던거 같은데... 섀도어 1렙 최종뎀 -1퍼 30렙 찍어야 1.5퍼 상승인가 그럼 ㅋㅋㅋㅋㅋ 김창섭은 ㅈㄴ 고평가된게 맞음,1,2026-07-17 17:55:36+00:00,섀도어는 스킬 끄지도 못하게 막고 딜은  딜대로 너프먹었습니다. 강원기때도 안 하던 짓을 하네요 적어도 원기는 신스킬 출시로 약해지거나 구조 박살나게는 안 했던거 같은데... 섀도어 1렙 최종뎀 -1퍼 30렙 찍어야 1.5퍼 상승인가 그럼 ㅋㅋㅋㅋㅋ 김창섭은 ㅈㄴ 고평가된게 맞음,섀도어는 스킬 끄지도 못하게 막고 딜은 딜대로 너프먹었습니다 강원기때도 안 하던 짓을 하네요 적어도 원기는 신스킬 출시로 약해지거나 구조 박살나게는 안 했던거 같은데 섀도어 1렙 최종뎀 1퍼 30렙 찍어야 1 5퍼 상승인가 그럼 ㅋㅋ 김창섭은 ㅈㄴ 고평가된게 맞음,"['섀도어', '스킬', '끄', '막', '딜', '딜', '너프', '먹', '강원기', '때', '하', '짓', '하', '원기', '신', '스킬', '출시', '약하', '구조', '박살', '나', '하', '거', '같', '섀도어', '1렙', '최종뎀', '1퍼', '30렙', '찍', '퍼', '상승', '김', '창섭', '평가', '것', '맞']",,,,,
vtXkiF-GE9I,캡틴은 뭐가 바뀐거야?,0,2026-07-17 17:00:34+00:00,캡틴은 뭐가 바뀐거야?,캡틴은 뭐가 바뀐거야?,"['캡틴', '바뀌', '거']",,,,,
WD11kJwi7qk,혹시 솔 에르다/조각 선택권 월드리프 던데 추후에 본섭으로 가져갈 수 있는건가요 ?,1,2026-07-17 16:48:27+00:00,혹시 솔 에르다/조각 선택권 월드리프 던데 추후에 본섭으로 가져갈 수 있는건가요 ?,혹시 솔 에르다 조각 선택권 월드리프 던데 추후에 본섭으로 가져갈 수 있는건가요 ?,"['솔', '에르다', '조각', '선택', '월드리프', '데', '추후', '본섭', '가져가', '수', '있', '거']",,,,,
vtXkiF-GE9I,둠창섭.,0,2026-07-17 16:43:00+00:00,둠창섭.,둠창섭,['둠창섭'],,,,,
vtXkiF-GE9I,애초부터 창섭햄은 편의성만 고트였었음,5,2026-07-17 15:03:30+00:00,애초부터 창섭햄은 편의성만 고트였었음,애초부터 창섭햄은 편의성만 고트였었음,"['애초', '창섭햄', '편의', '고', '트이']",,,,,
vtXkiF-GE9I,하도 징징거리길래 1차 그대로 나왔나 했더니 뭐 이것저것 건들긴했네,0,2026-07-17 14:25:48+00:00,하도 징징거리길래 1차 그대로 나왔나 했더니 뭐 이것저것 건들긴했네,하도 징징거리길래 1차 그대로 나왔나 했더니 뭐 이것저것 건들긴했네,"['징징거리', '차', '나오', '하', '이것저것', '건들']",,,,,
vtXkiF-GE9I,지나가던 데슬...패싱이네,0,2026-07-17 14:16:20+00:00,지나가던 데슬...패싱이네,지나가던 데슬 패싱이네,"['지나가', '데', '패싱']",,,,,
WD11kJwi7qk,안녕하세요 현재 제논을 하고있는 메린이입니다 제논은 엠블렘이 교불인데 큐브도 카레잠도 안되고 이럴땐 어떻게 해야하나요?,1,2026-07-17 14:05:03+00:00,안녕하세요 현재 제논을 하고있는 메린이입니다 제논은 엠블렘이 교불인데 큐브도 카레잠도 안되고 이럴땐 어떻게 해야하나요?,안녕하세요 현재 제논을 하고있는 메린이입니다 제논은 엠블렘이 교불인데 큐브도 카레잠도 안되고 이럴땐 어떻게 해야하나요?,"['안녕', '제논', '하', '메린', '논', '엠블렘', '교불', '큐브', '카레', '잠', '안되', '이렇', '때', '어떻', '하']",,,,,
WD11kJwi7qk,"아이템 버닝 1단계 완료 조건 다 깨고 ⁠Can Complete⁠ 누르니까, 장비 레벨업은 안 되면서 장착 중이던 챌린저 장비가 자꾸 강제로 해제(unequipped)만 되는 현상이 몇 번 반복되다가, 나중에 다시 하니까 정상적으로 해제되면서 레벨업까지 완료됐는데 이거 왜 이런 건가요?",1,2026-07-17 14:02:49+00:00,"아이템 버닝 1단계 완료 조건 다 깨고 ⁠Can Complete⁠ 누르니까, 장비 레벨업은 안 되면서 장착 중이던 챌린저 장비가 자꾸 강제로 해제(unequipped)만 되는 현상이 몇 번 반복되다가, 나중에 다시 하니까 정상적으로 해제되면서 레벨업까지 완료됐는데 이거 왜 이런 건가요?",아이템 버닝 1단계 완료 조건 다 깨고 Can Complete 누르니까 장비 레벨업은 안 되면서 장착 중이던 챌린저 장비가 자꾸 강제로 해제 unequipped 만 되는 현상이 몇 번 반복되다가 나중에 다시 하니까 정상적으로 해제되면서 레벨업까지 완료됐는데 이거 왜 이런 건가요?,"['아이템', '버닝', '단계', '완료', '조건', '깨', '누르', '장비', '레벨', '업', '되', '장착', '중', '챌린저', '장비', '강제', '해제', '되', '현상', '번', '반복', '나중', '하', '정상', '해제', '레벨', '업', '완료', '거']",,,,,
vtXkiF-GE9I,아니 저딴거 쳐 줄거면 썬브부터 60초로 바꿔달라고,0,2026-07-17 13:51:29+00:00,아니 저딴거 쳐 줄거면 썬브부터 60초로 바꿔달라고,아니 저딴거 쳐 줄거면 썬브부터 60초로 바꿔달라고,"['거', '치', '거', '썬브', '초', '바꾸', '달']",,,,,
vtXkiF-GE9I,듀블 접어야겠다 희망이 없네 ㅡㅡ,0,2026-07-17 13:43:15+00:00,듀블 접어야겠다 희망이 없네 ㅡㅡ,듀블 접어야겠다 희망이 없네 ㅡㅡ,"['듀블', '접', '희망', '없']",,,,,
vtXkiF-GE9I,아오 밸패무새들 싹다 로아하러 ㄲㅈ면안됨?,1,2026-07-17 13:08:33+00:00,아오 밸패무새들 싹다 로아하러 ㄲㅈ면안됨?,아오 밸패무새들 싹다 로아하러 ㄲㅈ면안됨?,"['밸패무새', '로아', '되']",,,,,
vtXkiF-GE9I,아니 그러면 레테 렙당 브금 지속시간 증가하는 그건 그대로인가?? 영상 레테 쪽엔 설명이 추가로 없어서 .. 그리고 저렇게 까버리고 최종댐5퍼 추가랑 확률로 대미지 더주는거넣어도 결국 다른거없지않나요?? 진짜모름;;  그리고 왜아직도 메이플은 직업간 격차를 못줄여 안달이여서 하향 패치를하는거지 ? 상향위주로해도 안되나? 위에있는놈들 적당히 조건부같은거나 좀힘든거 스킬단축같은거해주고 스킬압축하는김에 기존에쓰는것들 몆개 삭제하고 패시브화해서 댐 더올리고 그게안좋은가? 그리고 밑에 직업들 퍼댐딸깍이라도 해주면되잖아,0,2026-07-17 13:06:04+00:00,아니 그러면 레테 렙당 브금 지속시간 증가하는 그건 그대로인가?? 영상 레테 쪽엔 설명이 추가로 없어서 .. 그리고 저렇게 까버리고 최종댐5퍼 추가랑 확률로 대미지 더주는거넣어도 결국 다른거없지않나요?? 진짜모름;;  그리고 왜아직도 메이플은 직업간 격차를 못줄여 안달이여서 하향 패치를하는거지 ? 상향위주로해도 안되나? 위에있는놈들 적당히 조건부같은거나 좀힘든거 스킬단축같은거해주고 스킬압축하는김에 기존에쓰는것들 몆개 삭제하고 패시브화해서 댐 더올리고 그게안좋은가? 그리고 밑에 직업들 퍼댐딸깍이라도 해주면되잖아,아니 그러면 레테 렙당 브금 지속시간 증가하는 그건 그대로인가?? 영상 레테 쪽엔 설명이 추가로 없어서 그리고 저렇게 까버리고 최종댐5퍼 추가랑 확률로 대미지 더주는거넣어도 결국 다른거없지않나요?? 진짜모름 그리고 왜아직도 메이플은 직업간 격차를 못줄여 안달이여서 하향 패치를하는거지 ? 상향위주로해도 안되나? 위에있는놈들 적당히 조건부같은거나 좀힘든거 스킬단축같은거해주고 스킬압축하는김에 기존에쓰는것들 몆개 삭제하고 패시브화해서 댐 더올리고 그게안좋은가? 그리고 밑에 직업들 퍼댐딸깍이라도 해주면되잖아,"['레테', '렙당', '브금', '지속', '시간', '증가', '영상', '레테', '쪽', '설명', '추가', '없', '저렇', '까', '최종', '댐', '퍼', '추가', '확률', '대미', '주', '거', '넣', '거', '없', '모르', '메이플', '직업', '간', '격차', '줄이', '안달', '하향', '패치', '하', '거', '상향', '위주', '하', '되', '위', '있', '놈', '조건', '같', '거', '힘들', '거', '스킬', '단축', '같', '거', '하', '스킬', '압축', '김', '기존', '쓰', '것', '몆개', '삭제', '패시브', '댐', '올리', '좋', '밑', '직업', '푸', '딸', '하', '되']",,,,,
5C5DU2FiHZk,메이플 15년차 고인물인데 여태 내가 본 직업추천 영상 중 가장 뉴비친화적이고 이해가 쏙쏙가게 잘 만드심 연출 센스도 좋으신듯,0,2026-07-17 12:44:14+00:00,메이플 15년차 고인물인데 여태 내가 본 직업추천 영상 중 가장 뉴비친화적이고 이해가 쏙쏙가게 잘 만드심 연출 센스도 좋으신듯,메이플 15년차 고인물인데 여태 내가 본 직업추천 영상 중 가장 뉴비친화적이고 이해가 쏙쏙가게 잘 만드심 연출 센스도 좋으신듯,"['메이플', '년', '차', '인물', '보', '직업', '추천', '영상', '중', '뉴비', '친화', '이해', '가', '연출', '센스', '좋', '듯']",,,,,
vtXkiF-GE9I,구리고 약한직업은 항상 구리고 약해야하나 밸패도 자주 안하면서 못하기까지하네 때깔 좋아보이게 다 바꾸면 뭐하나,2,2026-07-17 11:57:20+00:00,구리고 약한직업은 항상 구리고 약해야하나 밸패도 자주 안하면서 못하기까지하네 때깔 좋아보이게 다 바꾸면 뭐하나,구리고 약한직업은 항상 구리고 약해야하나 밸패도 자주 안하면서 못하기까지하네 때깔 좋아보이게 다 바꾸면 뭐하나,"['구리', '약하', '직업', '구리', '약하', '밸', '패', '하', '때깔', '좋', '보이', '바꾸', '하']",,,,,
vtXkiF-GE9I,신궁슬프네,0,2026-07-17 11:08:20+00:00,신궁슬프네,신궁슬프네,"['신궁', '슬프']",,,,,
vtXkiF-GE9I,브금 맛집이네,0,2026-07-17 10:39:42+00:00,브금 맛집이네,브금 맛집이네,"['브금', '맛집']",,,,,
vtXkiF-GE9I,응 보마 밸패때 최종뎀 -8%~ 1n% 수고 ㅋㅋㅋㅋㅋㅋㅋㅋㅋㅋㅋㅋㅋㄲㅋㅋ,0,2026-07-17 10:17:19+00:00,응 보마 밸패때 최종뎀 -8%~ 1n% 수고 ㅋㅋㅋㅋㅋㅋㅋㅋㅋㅋㅋㅋㅋㄲㅋㅋ,응 보마 밸패때 최종뎀 8 1n 수고 ㅋㅋㄲㅋㅋ,"['보마', '밸패때', '최종뎀', '수고']",,,,,
WD11kJwi7qk,보스 패턴을 피하면서 극딜 시간에 극딜만 넣으면 << 일단 뉴비는 극딜이고 뭐고 피하는거부터 고난도 게임ㅋㅋㅋㅋㅋ,2,2026-07-17 10:04:18+00:00,보스 패턴을 피하면서 극딜 시간에 극딜만 넣으면 << 일단 뉴비는 극딜이고 뭐고 피하는거부터 고난도 게임ㅋㅋㅋㅋㅋ,보스 패턴을 피하면서 극딜 시간에 극딜만 넣으면 일단 뉴비는 극딜이고 뭐고 피하는거부터 고난도 게임ㅋㅋ,"['보스', '패턴', '피하', '극', '딜', '시간', '극딜', '넣', '뉴비', '극딜', '피하', '거', '난도', '게임']",,,,,
WD11kJwi7qk,아프지 말어라,2,2026-07-17 09:53:52+00:00,아프지 말어라,아프지 말어라,['아프'],,,,,
WD11kJwi7qk,지금 제네시스 패스는요? 괜찮을까용?,2,2026-07-17 09:49:41+00:00,지금 제네시스 패스는요? 괜찮을까용?,지금 제네시스 패스는요? 괜찮을까용?,"['제네시스', '패스', '괜찮']",,,,,
WD11kJwi7qk,몸은 ㄱㅊ으신거에유?,2,2026-07-17 09:41:11+00:00,몸은 ㄱㅊ으신거에유?,몸은 ㄱㅊ으신거에유?,"['몸', '거']",,,,,
vtXkiF-GE9I,님들 제네시스패스 포함해서 지금 챌섭시작해도 안늦었을까요,1,2026-07-17 09:26:38+00:00,님들 제네시스패스 포함해서 지금 챌섭시작해도 안늦었을까요,님들 제네시스패스 포함해서 지금 챌섭시작해도 안늦었을까요,"['님', '제네시스패스', '포함', '챌섭', '시작', '늦']",,,,,
vtXkiF-GE9I,"아니 신스킬가지고 왜케 징징대냐
안열면 되는거아님?
아무리안좋다해도 없는거보단 나은거아닌가
개사기로 내면 결국 또 결정값 너프로 이어질껀데",0,2026-07-17 09:19:00+00:00,"아니 신스킬가지고 왜케 징징대냐
안열면 되는거아님?
아무리안좋다해도 없는거보단 나은거아닌가
개사기로 내면 결국 또 결정값 너프로 이어질껀데",아니 신스킬가지고 왜케 징징대냐 안열면 되는거아님? 아무리안좋다해도 없는거보단 나은거아닌가 개사기로 내면 결국 또 결정값 너프로 이어질껀데,"['신', '스킬', '가지', '대', '열', '되', '거', '좋', '하', '없', '거', '낫', '거', '개', '사기', '내', '결정', '값', '너프', '이어지', '꺼']",,,,,
WD11kJwi7qk,잼이 절대 지켜~,2,2026-07-17 09:05:59+00:00,잼이 절대 지켜~,잼이 절대 지켜,"['잼', '지키']",,,,,
WD11kJwi7qk,"잼이님 덕분에 기초 잘 다져져서 지금 이적자, 하세 도전해보고 있습니다. ㄱㅅㄱㅅ",1,2026-07-17 09:05:50+00:00,"잼이님 덕분에 기초 잘 다져져서 지금 이적자, 하세 도전해보고 있습니다. ㄱㅅㄱㅅ",잼이님 덕분에 기초 잘 다져져서 지금 이적자 하세 도전해보고 있습니다 ㄱㅅㄱㅅ,"['잼', '덕분', '기초', '다지', '적자', '하세', '도전']",,,,,
vtXkiF-GE9I,데미지낮추고 만참 쿨좀 삭제하던 브랜디쉬마하처럼 극딜에 증가하고 평소에짧게하던 해달라니까 승화시초기화 이씹ㅋㅋㅋㅋㅋ,4,2026-07-17 09:05:02+00:00,데미지낮추고 만참 쿨좀 삭제하던 브랜디쉬마하처럼 극딜에 증가하고 평소에짧게하던 해달라니까 승화시초기화 이씹ㅋㅋㅋㅋㅋ,데미지낮추고 만참 쿨좀 삭제하던 브랜디쉬마하처럼 극딜에 증가하고 평소에짧게하던 해달라니까 승화시초기화 이씹ㅋㅋ,"['데미지', '낮추', '쿨', '삭제', '브랜디쉬마하', '극', '딜', '증가', '평소', '짧', '하', '하', '하', '승화', '시', '초기', '씹']",,,,,
WD11kJwi7qk,아프다며!! 쉬어야지,2,2026-07-17 09:00:58+00:00,아프다며!! 쉬어야지,아프다며 쉬어야지,"['아프', '쉬']",,,,,
vtXkiF-GE9I,"스커는 연계직업으로 만들어놓고 연계 안되게 바꾸는건 무슨 심보냐,,",0,2026-07-17 08:55:50+00:00,"스커는 연계직업으로 만들어놓고 연계 안되게 바꾸는건 무슨 심보냐,,",스커는 연계직업으로 만들어놓고 연계 안되게 바꾸는건 무슨 심보냐,"['스커', '연계', '직업', '만들', '연계', '되', '바꾸', '거', '심보']",,,,,
vtXkiF-GE9I,"창섭식 6차스킬업데이트수준이 딱,이거임 ㅋㅋ과장광고형 업데이트 ㅋㅋㅋㅋㅋㅋㅋㅋㅋ",1,2026-07-17 08:53:35+00:00,"창섭식 6차스킬업데이트수준이 딱,이거임 ㅋㅋ과장광고형 업데이트 ㅋㅋㅋㅋㅋㅋㅋㅋㅋ",창섭식 6차스킬업데이트수준이 딱 이거임 ㅋㅋ과장광고형 업데이트 ㅋㅋ,"['창섭', '식', '차', '스킬', '업데이트', '수준', '과장', '광고', '업데이트']",,,,,
WD11kJwi7qk,1빠,1,2026-07-17 08:42:05+00:00,1빠,1빠,['빠'],,,,,
WD11kJwi7qk,"항상 감사합니다!
구독과 좋아요는 채널유지에 큰힘이 됩니다!


0:22 무슨 캐릭터로 시작?
01:29 뉴비는 무조건 챌섭해라?
03:41 노말 메이린까지 스펙업



영상과 상관없는 내용이나 과도한 직업비하는
삭제가 되니까 이부분 양해부탁드립니다

채널에 가입하여 혜택을 누려보세요.
https://www.youtube.com/channel/UClLl6MY6ad9f_bZDHxdzqww/join

잼이카페
cafe.naver.com/zamegame

잼이 치지직
https://chzzk.naver.com/fc472e07e10f4e2fb7ee9db67d29120d

목 건강이 나빠서 이중 더빙을 하고 있습니다

ai 성우 사용중입니다

[메이플 장편] 월수금 1편씩 오후 6시 업로드

🎁안녕하세요 잼이입니다‍‍

직업 체험 시켜주실분들도 환영입니다..! 

모든 직업을 6차를 찍을 수가 없어서 염치불구 직업 영상을 제보받고 있습니다

사냥영상, 6차 스킬, 6차 평딜, 6차 극딜 모두 제보를 받고 있습니다

제보 부탁드립니다 : 모든 직업 영상 환영입니다

🎁zamegame124@gmail.com 어떤 영상이든지 제보해주시면 
소중하게 사용하겠습니다!

🎁 보스 대기방에서 6차극딜을 간단하게 찍어주시면 됩니다!
소리까지 있으면 금상첨화입니다!

🎁영상 찍는법 : https://youtu.be/sLCO22o6-1k?si=R99Q-XUzPNCchQcw&t=66
지포스 쓰시는 분들은 지포스 익스피리언스로 녹화하면 화질이 좋습니다

🎁20초 만에 지포스 익스피리언스로 녹화하는법
https://youtube.com/shorts/y_DoOfqAt8w?si=GNI-oSAqzFoMVNWD

엔비디아 그래픽 카드 쓰면 지포스 익스피리언스가 화질이 좋습니다채널에 가입하여 혜택을 누려보세요.
https://www.youtube.com/channel/UClLl6MY6ad9f_bZDHxdzqww/join",3,2026-07-17 08:41:49+00:00,"항상 감사합니다!
구독과 좋아요는 채널유지에 큰힘이 됩니다!


0:22 무슨 캐릭터로 시작?
01:29 뉴비는 무조건 챌섭해라?
03:41 노말 메이린까지 스펙업



영상과 상관없는 내용이나 과도한 직업비하는
삭제가 되니까 이부분 양해부탁드립니다

채널에 가입하여 혜택을 누려보세요.
https://www.youtube.com/channel/UClLl6MY6ad9f_bZDHxdzqww/join

잼이카페
cafe.naver.com/zamegame

잼이 치지직
https://chzzk.naver.com/fc472e07e10f4e2fb7ee9db67d29120d

목 건강이 나빠서 이중 더빙을 하고 있습니다

ai 성우 사용중입니다

[메이플 장편] 월수금 1편씩 오후 6시 업로드

🎁안녕하세요 잼이입니다‍‍

직업 체험 시켜주실분들도 환영입니다..! 

모든 직업을 6차를 찍을 수가 없어서 염치불구 직업 영상을 제보받고 있습니다

사냥영상, 6차 스킬, 6차 평딜, 6차 극딜 모두 제보를 받고 있습니다

제보 부탁드립니다 : 모든 직업 영상 환영입니다

🎁zamegame124@gmail.com 어떤 영상이든지 제보해주시면 
소중하게 사용하겠습니다!

🎁 보스 대기방에서 6차극딜을 간단하게 찍어주시면 됩니다!
소리까지 있으면 금상첨화입니다!

🎁영상 찍는법 : https://youtu.be/sLCO22o6-1k?si=R99Q-XUzPNCchQcw&t=66
지포스 쓰시는 분들은 지포스 익스피리언스로 녹화하면 화질이 좋습니다

🎁20초 만에 지포스 익스피리언스로 녹화하는법
https://youtube.com/shorts/y_DoOfqAt8w?si=GNI-oSAqzFoMVNWD

엔비디아 그래픽 카드 쓰면 지포스 익스피리언스가 화질이 좋습니다채널에 가입하여 혜택을 누려보세요.
https://www.youtube.com/channel/UClLl6MY6ad9f_bZDHxdzqww/join",항상 감사합니다 구독과 좋아요는 채널유지에 큰힘이 됩니다 0 22 무슨 캐릭터로 시작? 01 29 뉴비는 무조건 챌섭해라? 03 41 노말 메이린까지 스펙업 영상과 상관없는 내용이나 과도한 직업비하는 삭제가 되니까 이부분 양해부탁드립니다 채널에 가입하여 혜택을 누려보세요 잼이카페 cafe naver com zamegame 잼이 치지직 목 건강이 나빠서 이중 더빙을 하고 있습니다 ai 성우 사용중입니다 메이플 장편 월수금 1편씩 오후 6시 업로드 안녕하세요 잼이입니다 직업 체험 시켜주실분들도 환영입니다 모든 직업을 6차를 찍을 수가 없어서 염치불구 직업 영상을 제보받고 있습니다 사냥영상 6차 스킬 6차 평딜 6차 극딜 모두 제보를 받고 있습니다 제보 부탁드립니다 모든 직업 영상 환영입니다 zamegame124 어떤 영상이든지 제보해주시면 소중하게 사용하겠습니다 보스 대기방에서 6차극딜을 간단하게 찍어주시면 됩니다 소리까지 있으면 금상첨화입니다 영상 찍는법 지포스 쓰시는 분들은 지포스 익스피리언스로 녹화하면 화질이 좋습니다 20초 만에 지포스 익스피리언스로 녹화하는법 엔비디아 그래픽 카드 쓰면 지포스 익스피리언스가 화질이 좋습니다채널에 가입하여 혜택을 누려보세요,"['감사', '구독', '좋아요', '채널', '유지', '크', '힘', '되', '캐릭터', '시작', '뉴비', '챌섭', '노', '말', '메이', '린', '스펙', '업', '영상', '상관없', '내용', '과도', '직업', '비하', '삭제', '되', '부분', '양해', '부탁', '드리', '채널', '가입', '혜택', '누리', '잼이카페', '잼', '목', '건강', '나쁘', '이중', '더빙', '하', '성우', '사용', '중', '메이플', '장편', '월', '수금', '편', '오후', '시', '업로드', '안녕', '잼', '직업', '체험', '분', '환영', '직업', '차', '찍', '수', '없', '염치', '직업', '영상', '제보', '받', '사냥', '영상', '차', '스킬', '차', '평', '딜', '차', '극딜', '제보', '받', '제보', '부탁', '드리', '직업', '영상', '환영', '영상', '제보', '사용', '보스', '대기', '방', '차', '극', '딜', '찍', '되', '소리', '있', '금상첨화', '영상', '찍', '법', '지포스', '쓰', '분', '지포스', '익스피리언스', '녹화', '화질', '좋', '초', '만', '지포스', '익스피리언스', '녹화', '법', '엔비디아', '그래픽', '카드', '쓰', '지포스', '익스피리언스', '화질', '좋', '채널', '가입', '혜택', '누리']",,,,,
vtXkiF-GE9I,썬콜 장난하냐 진짜,1,2026-07-17 08:27:13+00:00,썬콜 장난하냐 진짜,썬콜 장난하냐 진짜,"['썬', '콜', '장난']",,,,,
vtXkiF-GE9I,레테는안건들어두되는데왜건듬 ㄷ ㄷ,1,2026-07-17 08:26:23+00:00,레테는안건들어두되는데왜건듬 ㄷ ㄷ,레테는안건들어두되는데왜건듬 ㄷ ㄷ,"['레테', '안건', '듣', '되', '건', '드']",,,,,
vtXkiF-GE9I,만참 승화적용은 맘에드네,0,2026-07-17 08:12:54+00:00,만참 승화적용은 맘에드네,만참 승화적용은 맘에드네,"['참', '승화', '적용', '맘', '들']",,,,,
vtXkiF-GE9I,수정없는 직업 9개중 5개가 전사 ㅋㅋㅋㅋㅋㅋㅋㅋㅋㅋㅋ 전혐 개레전드,1,2026-07-17 08:07:48+00:00,수정없는 직업 9개중 5개가 전사 ㅋㅋㅋㅋㅋㅋㅋㅋㅋㅋㅋ 전혐 개레전드,수정없는 직업 9개중 5개가 전사 ㅋㅋ 전혐 개레전드,"['수정', '없', '직업', '개', '중', '개', '전사', '전혐', '개레전드']",,,,,
vtXkiF-GE9I,와헌 구조 바꿔달라니까 눈뽕만 없어진거 맞냐 창섭아,0,2026-07-17 08:01:14+00:00,와헌 구조 바꿔달라니까 눈뽕만 없어진거 맞냐 창섭아,와헌 구조 바꿔달라니까 눈뽕만 없어진거 맞냐 창섭아,"['헌', '구조', '바꾸', '눈', '뽕', '없', '거', '맞', '창섭']",,,,,
vtXkiF-GE9I,밸패뭐 제대로 잡겠다고 연무장이니 뭐니 쳐만들어놓고 뭐하는게 하나없네 ㅋㅋ 소마는 왜 패싱하는거임?,1,2026-07-17 07:55:34+00:00,밸패뭐 제대로 잡겠다고 연무장이니 뭐니 쳐만들어놓고 뭐하는게 하나없네 ㅋㅋ 소마는 왜 패싱하는거임?,밸패뭐 제대로 잡겠다고 연무장이니 뭐니 쳐만들어놓고 뭐하는게 하나없네 ㅋㅋ 소마는 왜 패싱하는거임?,"['밸패', '잡', '연무', '장', '치', '만들', '하', '것', '없', '소마', '패싱', '거']",,,,,
vtXkiF-GE9I,다들 커뮤남들이니까 무너진 밸런스가 수요를 만든다는 짤 알지 않나.. 그러면서 뭔 이루어질 수 없는 황밸을 요구하다니,0,2026-07-17 07:17:31+00:00,다들 커뮤남들이니까 무너진 밸런스가 수요를 만든다는 짤 알지 않나.. 그러면서 뭔 이루어질 수 없는 황밸을 요구하다니,다들 커뮤남들이니까 무너진 밸런스가 수요를 만든다는 짤 알지 않나 그러면서 뭔 이루어질 수 없는 황밸을 요구하다니,"['커뮤남', '무너지', '밸런스', '수요', '만들', '짤', '알', '그러', '이루어지', '수', '없', '황', '밸', '요구']",,,,,
vtXkiF-GE9I,미하일 ㄹㅇ 순전 탱커 말고 패링딜러로 리워크 해주면안되냐? 3인격 아무도 안데려감. 순전 탱커라 투자값도 안받고 투자 가치도 없음. 데몬 미하일 메카닉마냥 나사 빠진 애들좀 손봐주지 참,2,2026-07-17 07:13:16+00:00,미하일 ㄹㅇ 순전 탱커 말고 패링딜러로 리워크 해주면안되냐? 3인격 아무도 안데려감. 순전 탱커라 투자값도 안받고 투자 가치도 없음. 데몬 미하일 메카닉마냥 나사 빠진 애들좀 손봐주지 참,미하일 ㄹㅇ 순전 탱커 말고 패링딜러로 리워크 해주면안되냐? 3인격 아무도 안데려감 순전 탱커라 투자값도 안받고 투자 가치도 없음 데몬 미하일 메카닉마냥 나사 빠진 애들좀 손봐주지 참,"['미하일', '탱커', '말', '패링딜러', '리워크', '되', '인격', '데려가', '탱커', '투자', '값', '받', '투자', '가치', '없', '데몬', '미하일', '메카닉', '나사', '빠지', '애', '손보']",,,,,
vtXkiF-GE9I,님들아 아무리 지금 밸런스가 ㅈ박아도 원기시절보단 1억배 나음 진짜로,1,2026-07-17 07:07:25+00:00,님들아 아무리 지금 밸런스가 ㅈ박아도 원기시절보단 1억배 나음 진짜로,님들아 아무리 지금 밸런스가 ㅈ박아도 원기시절보단 1억배 나음 진짜로,"['님', '밸런스', '박아도', '원기', '시절', '배', '낫']",,,,,
vtXkiF-GE9I,걍 모든 직업들 상향 평준화 시켜주면 어디가 덧나나? 왜 자꾸 너프먹이려고 안달인거임 안그래도 약한 직업들만,2,2026-07-17 07:07:02+00:00,걍 모든 직업들 상향 평준화 시켜주면 어디가 덧나나? 왜 자꾸 너프먹이려고 안달인거임 안그래도 약한 직업들만,걍 모든 직업들 상향 평준화 시켜주면 어디가 덧나나? 왜 자꾸 너프먹이려고 안달인거임 안그래도 약한 직업들만,"['직업', '상향', '평준', '시키', '덧나', '너프', '먹이', '안달', '거', '약하', '직업']",,,,,
vtXkiF-GE9I,"주력기 코어  만렙찍었다고 신규코어 개방하면 데미지상승률이 음수로 찍히는 갓겜ㅋㅋㅋㅋㅋㅋ
밸런스는 손때자 진짜",0,2026-07-17 06:54:01+00:00,"주력기 코어  만렙찍었다고 신규코어 개방하면 데미지상승률이 음수로 찍히는 갓겜ㅋㅋㅋㅋㅋㅋ
밸런스는 손때자 진짜",주력기 코어 만렙찍었다고 신규코어 개방하면 데미지상승률이 음수로 찍히는 갓겜ㅋㅋ 밸런스는 손때자 진짜,"['주력기', '코어', '만렙', '찍', '신규코어', '개방', '데미지', '상승', '음수', '찍히', '갓', '것', '밸런스', '손때']",,,,,
vtXkiF-GE9I,와.. 라라 드디어 순위좀 올라가나 싶었는데.. 반토막은 뭐임 대체..???? 라라 좋은 캐였음? 이해가 안가네.............,0,2026-07-17 06:49:51+00:00,와.. 라라 드디어 순위좀 올라가나 싶었는데.. 반토막은 뭐임 대체..???? 라라 좋은 캐였음? 이해가 안가네.............,와 라라 드디어 순위좀 올라가나 싶었는데 반토막은 뭐임 대체 ?? 라라 좋은 캐였음? 이해가 안가네,"['라라', '순위', '올라가', '반', '토막', '라', '라', '좋', '캐', '이해', '가']",,,,,
vtXkiF-GE9I,왜 히어로는 맨날 버려짐???,0,2026-07-17 06:48:26+00:00,왜 히어로는 맨날 버려짐???,왜 히어로는 맨날 버려짐??,"['히어로', '버리']",,,,,
vtXkiF-GE9I,신창섭은 당장 펫 안드 투명화를 보장하라,0,2026-07-17 06:37:54+00:00,신창섭은 당장 펫 안드 투명화를 보장하라,신창섭은 당장 펫 안드 투명화를 보장하라,"['신창섭', '당장', '펫', '안드', '투명', '보장']",,,,,
vtXkiF-GE9I,단 소마 제외.,2,2026-07-17 06:20:17+00:00,단 소마 제외.,단 소마 제외,"['소마', '제외']",,,,,
vtXkiF-GE9I,"퓨어딜러 35등직업 듀얼블레이드  ""범위증가"" ㅋㅋㅋㅋㅋㅋㅋㅋㅋㅋㅋㅋㅋ",40,2026-07-17 06:03:57+00:00,"퓨어딜러 35등직업 듀얼블레이드  ""범위증가"" ㅋㅋㅋㅋㅋㅋㅋㅋㅋㅋㅋㅋㅋ",퓨어딜러 35등직업 듀얼블레이드 범위증가 ㅋㅋ,"['퓨어', '딜러', '등', '직업', '듀얼블레이드', '범위', '증가']",,,,,
vtXkiF-GE9I,소마는 또 버려졌지..,2,2026-07-17 06:01:56+00:00,소마는 또 버려졌지..,소마는 또 버려졌지,"['소마', '버려지']",,,,,
vtXkiF-GE9I,이겜 밸패팀은 겜안분만 모아뒀나 그거 아니면 이해가 안됨,1,2026-07-17 05:50:48+00:00,이겜 밸패팀은 겜안분만 모아뒀나 그거 아니면 이해가 안됨,이겜 밸패팀은 겜안분만 모아뒀나 그거 아니면 이해가 안됨,"['밸패팀', '겜안분', '모으', '이해', '되']",,,,,
vtXkiF-GE9I,"솔직히 이제 밸런스 관해서는 ""계속 열심히 고쳐나가겠다"" 같이 귀에 못이박히도록 들었던말은 듣고 싶지 않음. 저 ㅈ같은 말 들은지 몇년임?? 몇년동안 열심히만 할건데?? 애초에 열심히 하기는함?? 밸패 자주 한다는 새끼들이 온갖 핑계대고 데이터수집 해야한다며 계속 존나 늦게하고. 신규 6차는 데미지 상승량을 스인미 수준으로 잡고있고. 몇년동안 열심히 했는데 딱 한번만 좀 좋은 결과 보여주면 안되냐? 9월에 하는 밸패도 하나도 기대가 안돼. 편의성으로 가는 인력들 딱 한번만 밸패에다가 올인 해줘라 제발 ㅠㅠ",0,2026-07-17 05:48:43+00:00,"솔직히 이제 밸런스 관해서는 ""계속 열심히 고쳐나가겠다"" 같이 귀에 못이박히도록 들었던말은 듣고 싶지 않음. 저 ㅈ같은 말 들은지 몇년임?? 몇년동안 열심히만 할건데?? 애초에 열심히 하기는함?? 밸패 자주 한다는 새끼들이 온갖 핑계대고 데이터수집 해야한다며 계속 존나 늦게하고. 신규 6차는 데미지 상승량을 스인미 수준으로 잡고있고. 몇년동안 열심히 했는데 딱 한번만 좀 좋은 결과 보여주면 안되냐? 9월에 하는 밸패도 하나도 기대가 안돼. 편의성으로 가는 인력들 딱 한번만 밸패에다가 올인 해줘라 제발 ㅠㅠ",솔직히 이제 밸런스 관해서는 계속 열심히 고쳐나가겠다 같이 귀에 못이박히도록 들었던말은 듣고 싶지 않음 저 ㅈ같은 말 들은지 몇년임?? 몇년동안 열심히만 할건데?? 애초에 열심히 하기는함?? 밸패 자주 한다는 새끼들이 온갖 핑계대고 데이터수집 해야한다며 계속 존나 늦게하고 신규 6차는 데미지 상승량을 스인미 수준으로 잡고있고 몇년동안 열심히 했는데 딱 한번만 좀 좋은 결과 보여주면 안되냐? 9월에 하는 밸패도 하나도 기대가 안돼 편의성으로 가는 인력들 딱 한번만 밸패에다가 올인 해줘라 제발 ㅠㅠ,"['밸런스', '관하', '고치', '귀', '못', '박히', '듣', '말', '듣', '같', '말', '듣', '지', '년', '년', '동안', '하', '거', '애초', '하', '밸패', '하', '새끼', '핑계', '대', '데이터', '수집', '늦', '하', '신규', '차', '데미지', '상승', '량', '스인미', '수준', '잡', '년', '동안', '하', '번', '좋', '결과', '보이', '되', '월', '하', '밸패', '기대', '되', '편의', '가', '인력', '번', '밸패', '올인', '하']",,,,,
vtXkiF-GE9I,아무리 보수적이여도 주기마다 눌러줘야하는 엑티브 스킬들이 수두룩한데 2-3% 증가 정도가 목표인건 진짜 개찐따 센스임,14,2026-07-17 05:36:04+00:00,아무리 보수적이여도 주기마다 눌러줘야하는 엑티브 스킬들이 수두룩한데 2-3% 증가 정도가 목표인건 진짜 개찐따 센스임,아무리 보수적이여도 주기마다 눌러줘야하는 엑티브 스킬들이 수두룩한데 2 3 증가 정도가 목표인건 진짜 개찐따 센스임,"['보수', '주기', '누르', '엑티브', '스킬', '증가', '정도', '목표', '거', '개', '찐따', '센스']",,,,,
vtXkiF-GE9I,"이래 조져 놓고 9월까지 기다려라라니
너무한거 아니냐 진짜로",10,2026-07-17 05:34:45+00:00,"이래 조져 놓고 9월까지 기다려라라니
너무한거 아니냐 진짜로",이래 조져 놓고 9월까지 기다려라라니 너무한거 아니냐 진짜로,"['이렇', '조지', '월', '기다리', '하', '하', '거']",,,,,
vtXkiF-GE9I,딜 좀 버프된 직업에 5차 코어 안받게 하는거 왤케 아니꼽지??? ㅋㅋㅋㅋㅋ 딜 인플레 진짜 엄청 무서워 하나 보네,0,2026-07-17 05:21:53+00:00,딜 좀 버프된 직업에 5차 코어 안받게 하는거 왤케 아니꼽지??? ㅋㅋㅋㅋㅋ 딜 인플레 진짜 엄청 무서워 하나 보네,딜 좀 버프된 직업에 5차 코어 안받게 하는거 왤케 아니꼽지?? ㅋㅋ 딜 인플레 진짜 엄청 무서워 하나 보네,"['딜', '버프', '직업', '차', '코어', '받', '거', '하', '아니꼽', '딜', '인플레', '무섭']",,,,,
vtXkiF-GE9I,도대체 좋게 바뀐 직업이 어디 있음?? 내 부캐들 전부 패싱당했는데 도대체 누가 좋게 바뀐 거임 ㅋㅋㅋㅋㅋㅋ,4,2026-07-17 05:16:08+00:00,도대체 좋게 바뀐 직업이 어디 있음?? 내 부캐들 전부 패싱당했는데 도대체 누가 좋게 바뀐 거임 ㅋㅋㅋㅋㅋㅋ,도대체 좋게 바뀐 직업이 어디 있음?? 내 부캐들 전부 패싱당했는데 도대체 누가 좋게 바뀐 거임 ㅋㅋ,"['좋', '바뀌', '직업', '있', '부캐', '패싱', '당하', '좋', '바뀌', '거']",,,,,
vtXkiF-GE9I,아니 스킬이 딜은 둘째 치더라도 구조적으로 문제는 없어야 되는거 아니냐 왜 불편한 경험만 더 늘려놨음?,0,2026-07-17 05:11:39+00:00,아니 스킬이 딜은 둘째 치더라도 구조적으로 문제는 없어야 되는거 아니냐 왜 불편한 경험만 더 늘려놨음?,아니 스킬이 딜은 둘째 치더라도 구조적으로 문제는 없어야 되는거 아니냐 왜 불편한 경험만 더 늘려놨음?,"['스킬', '딜', '치', '구조', '문제', '없', '되', '거', '불편', '경험', '늘리']",,,,,
vtXkiF-GE9I,보마 망함,0,2026-07-17 05:09:54+00:00,보마 망함,보마 망함,"['보', '망하']",,,,,
vtXkiF-GE9I,보마 패싱? 진짜 써보세요 폭시떼고 다시 누르고 다시 쓰고 ㅋㅋㅋㅋㅋㅋ누르면서 쓸 수 있게 해주던가,0,2026-07-17 05:05:49+00:00,보마 패싱? 진짜 써보세요 폭시떼고 다시 누르고 다시 쓰고 ㅋㅋㅋㅋㅋㅋ누르면서 쓸 수 있게 해주던가,보마 패싱? 진짜 써보세요 폭시떼고 다시 누르고 다시 쓰고 ㅋㅋ누르면서 쓸 수 있게 해주던가,"['보마', '패싱', '쓰', '폭시', '떼', '누르', '쓰', '누르', '쓰', '수', '있']",,,,,
vtXkiF-GE9I,밸패는 섭종민급이네,24,2026-07-17 05:00:43+00:00,밸패는 섭종민급이네,밸패는 섭종민급이네,"['밸패', '섭종민', '급']",,,,,
vtXkiF-GE9I,리썰 퍼니셔에 스플릿 애로우 적용되나요??,0,2026-07-17 04:56:57+00:00,리썰 퍼니셔에 스플릿 애로우 적용되나요??,리썰 퍼니셔에 스플릿 애로우 적용되나요??,"['리썰', '퍼니셔', '스플릿', '애로우', '적용']",,,,,
vtXkiF-GE9I,우리 메르좀 제발 살려주십시요....,0,2026-07-17 04:55:25+00:00,우리 메르좀 제발 살려주십시요....,우리 메르좀 제발 살려주십시요,"['메르', '살리']",,,,,
vtXkiF-GE9I,6초부터 나오는 피아노 곡 어디 브금임??,4,2026-07-17 04:51:52+00:00,6초부터 나오는 피아노 곡 어디 브금임??,6초부터 나오는 피아노 곡 어디 브금임??,"['초', '나오', '피아노', '곡', '브금임']",,,,,
vtXkiF-GE9I,"이번에 처음으로 평딜캐 그중에서도 에반 키워봤는데 평딜캐가 무조건 체급이 극딜캐보다 높아야한다 생각함
진짜 에반하다가 렌하면 보스가 갑자기 재밌어짐",0,2026-07-17 04:49:20+00:00,"이번에 처음으로 평딜캐 그중에서도 에반 키워봤는데 평딜캐가 무조건 체급이 극딜캐보다 높아야한다 생각함
진짜 에반하다가 렌하면 보스가 갑자기 재밌어짐",이번에 처음으로 평딜캐 그중에서도 에반 키워봤는데 평딜캐가 무조건 체급이 극딜캐보다 높아야한다 생각함 진짜 에반하다가 렌하면 보스가 갑자기 재밌어짐,"['이번', '처음', '평', '딜', '캐', '중', '에반', '키우', '평딜캐', '체급', '극딜캐', '높', '생각', '에반하다', '렌', '보스', '재밌']",,,,,
vtXkiF-GE9I,7:00,1,2026-07-17 04:46:32+00:00,7:00,7 00,[],,,,,
vtXkiF-GE9I,창섭이형 이번껀 아쉬워...,0,2026-07-17 04:43:18+00:00,창섭이형 이번껀 아쉬워...,창섭이형 이번껀 아쉬워,"['창섭', '형', '이번', '껀', '아쉽']",,,,,
vtXkiF-GE9I,렌도 구조를 씹창을 내는구나...,0,2026-07-17 04:41:12+00:00,렌도 구조를 씹창을 내는구나...,렌도 구조를 씹창을 내는구나,"['렌', '구조', '씹', '창', '내']",,,,,
vtXkiF-GE9I,어떤 직업은 열고 어떤 직업은 안 열어야 하는지 정리 좀,0,2026-07-17 04:40:50+00:00,어떤 직업은 열고 어떤 직업은 안 열어야 하는지 정리 좀,어떤 직업은 열고 어떤 직업은 안 열어야 하는지 정리 좀,"['직업', '열', '직업', '열', '정리']",,,,,
vtXkiF-GE9I,●▅▇█▇▆▅▄▇,5,2026-07-17 04:40:46+00:00,●▅▇█▇▆▅▄▇,,[],,,,,
vtXkiF-GE9I,소마 패싱 살려다오,1,2026-07-17 04:35:38+00:00,소마 패싱 살려다오,소마 패싱 살려다오,"['소마', '패싱', '살리']",,,,,
vtXkiF-GE9I,이딴 스킬 쳐내지 말고 수치 조정 밸패나 해라 창섭아😂,0,2026-07-17 04:30:27+00:00,이딴 스킬 쳐내지 말고 수치 조정 밸패나 해라 창섭아😂,이딴 스킬 쳐내지 말고 수치 조정 밸패나 해라 창섭아,"['스키', '치', '수치', '조정', '밸패', '하', '창섭']",,,,,
vtXkiF-GE9I,레테너프냐,0,2026-07-17 04:28:29+00:00,레테너프냐,레테너프냐,['레테너프'],,,,,
vtXkiF-GE9I,근들갑이란 근들갑은 쇼케에서 다떨어놓고 나오는결과물들 하나같이 ㅋㅋ 장난치나,2,2026-07-17 04:23:13+00:00,근들갑이란 근들갑은 쇼케에서 다떨어놓고 나오는결과물들 하나같이 ㅋㅋ 장난치나,근들갑이란 근들갑은 쇼케에서 다떨어놓고 나오는결과물들 하나같이 ㅋㅋ 장난치나,"['갑', '갑', '쇼케', '떨', '나오', '결과물', '장난치']",,,,,
vtXkiF-GE9I,"ㅋㅋ근데 진짜 직업별로 한다고 안나대고 스인미 버젼3냈으먼 이정도로 욕안쳐먹었을거 같은데
다음부터 직업별 스킬 절대 안내고 쌀먹맛좀 봐라 할듯",3,2026-07-17 04:22:30+00:00,"ㅋㅋ근데 진짜 직업별로 한다고 안나대고 스인미 버젼3냈으먼 이정도로 욕안쳐먹었을거 같은데
다음부터 직업별 스킬 절대 안내고 쌀먹맛좀 봐라 할듯",ㅋㅋ근데 진짜 직업별로 한다고 안나대고 스인미 버젼3냈으먼 이정도로 욕안쳐먹었을거 같은데 다음부터 직업별 스킬 절대 안내고 쌀먹맛좀 봐라 할듯,"['직업', '하', '안나대고', '스인미', '버젼3', '내', '정도', '욕', '치', '먹', '거', '같', '다음', '직업', '스킬', '내', '쌀', '먹', '맛', '보', '하', '듯']",,,,,
vtXkiF-GE9I,불만이 많네... 그럼  밸런스패치 전담 직원으로 강원기 다시 데려오면 맘에 들어?,0,2026-07-17 04:21:25+00:00,불만이 많네... 그럼  밸런스패치 전담 직원으로 강원기 다시 데려오면 맘에 들어?,불만이 많네 그럼 밸런스패치 전담 직원으로 강원기 다시 데려오면 맘에 들어?,"['불만', '많', '밸런스', '패치', '전담', '직원', '강원기', '데려오', '맘', '들']",,,,,
vtXkiF-GE9I,조각 시세 더 올라 갈텐데 40만원 이상값어치 조각 써야지 스인미 얻는거라고 생각하니까 어지럽네,1,2026-07-17 04:20:56+00:00,조각 시세 더 올라 갈텐데 40만원 이상값어치 조각 써야지 스인미 얻는거라고 생각하니까 어지럽네,조각 시세 더 올라 갈텐데 40만원 이상값어치 조각 써야지 스인미 얻는거라고 생각하니까 어지럽네,"['조각', '시세', '오르', '가', '터', '원', '이상', '값어치', '조각', '쓰', '스인미', '얻', '거', '생각', '어지럽']",,,,,
vtXkiF-GE9I,이거이거 조각 500개만큼 화가나는걸?,1,2026-07-17 04:15:11+00:00,이거이거 조각 500개만큼 화가나는걸?,이거이거 조각 500개만큼 화가나는걸?,"['조각', '개', '화', '나', '거']",,,,,
vtXkiF-GE9I,역대급 밸런스 리워드 너프 반복 게임,3,2026-07-17 04:12:59+00:00,역대급 밸런스 리워드 너프 반복 게임,역대급 밸런스 리워드 너프 반복 게임,"['역대', '급', '밸런스', '리워드', '너프', '반복', '게임']",,,,,
vtXkiF-GE9I,ㅋㅋ벨런스붕괴네 ㅋㅋ그냥 내비두고 편의성만 건들여라 뭐고 ㅋㅋ신궁은 조져놧네 ㅋㅋ,0,2026-07-17 04:12:56+00:00,ㅋㅋ벨런스붕괴네 ㅋㅋ그냥 내비두고 편의성만 건들여라 뭐고 ㅋㅋ신궁은 조져놧네 ㅋㅋ,ㅋㅋ벨런스붕괴네 ㅋㅋ그냥 내비두고 편의성만 건들여라 뭐고 ㅋㅋ신궁은 조져놧네 ㅋㅋ,"['벨런스붕괴네', '비', '두', '편의', '건', '들이', '신궁', '조지']",,,,,
vtXkiF-GE9I,ㅈㄴ 웃긴게 원기때 생각 못 하고 욕 ㅈㄴ 하는 거 보면 개웃김 ㅋㅋ 원기때는 사기 당하고도 욕하면서 남았던 거 생각하면 그냥 짐승들임,0,2026-07-17 04:08:23+00:00,ㅈㄴ 웃긴게 원기때 생각 못 하고 욕 ㅈㄴ 하는 거 보면 개웃김 ㅋㅋ 원기때는 사기 당하고도 욕하면서 남았던 거 생각하면 그냥 짐승들임,ㅈㄴ 웃긴게 원기때 생각 못 하고 욕 ㅈㄴ 하는 거 보면 개웃김 ㅋㅋ 원기때는 사기 당하고도 욕하면서 남았던 거 생각하면 그냥 짐승들임,"['웃기', '것', '원기', '때', '생각', '하', '욕', '하', '거', '보', '개', '웃기', '원기', '때', '사기', '당하', '욕하', '남', '거', '생각', '짐승']",,,,,
vtXkiF-GE9I,패파 6차 오리진 쓰고 블디가 더쌔다던데 제발 구조랑 딜좀 개선해주세요,0,2026-07-17 04:00:53+00:00,패파 6차 오리진 쓰고 블디가 더쌔다던데 제발 구조랑 딜좀 개선해주세요,패파 6차 오리진 쓰고 블디가 더쌔다던데 제발 구조랑 딜좀 개선해주세요,"['패파', '차', '오리진', '쓰', '디', '쌔', '하', '구조', '딜', '개선']",,,,,
vtXkiF-GE9I,스킬 변동 내용이 없는 직업 레스트라고 되어있네요,0,2026-07-17 03:59:07+00:00,스킬 변동 내용이 없는 직업 레스트라고 되어있네요,스킬 변동 내용이 없는 직업 레스트라고 되어있네요,"['스킬', '변동', '내용', '없', '직업', '레스트', '되']",,,,,
vtXkiF-GE9I,라라는 팔다리를 꺾어버렸네 ㅋㅋㅋ,5,2026-07-17 03:58:12+00:00,라라는 팔다리를 꺾어버렸네 ㅋㅋㅋ,라라는 팔다리를 꺾어버렸네 ㅋㅋ,"['라라', '팔다리', '꺾']",,,,,
vtXkiF-GE9I,또 초기권 주나요??,0,2026-07-17 03:56:28+00:00,또 초기권 주나요??,또 초기권 주나요??,"['초기', '주']",,,,,
vtXkiF-GE9I,"팬텀 진짜 심각한데 패싱당했네ㅋㅋㅋ
60초쿨 준극딜이 지금 30초쿨인 리브 마오팬은 커녕 15초 블랙잭 1딸깍보다 딜량이 낮은데 딜 누수 메커니즘까지달고 꼴에 60초쿨이라고 마우스 스위칭 부담만 배가 되어버림..",7,2026-07-17 03:54:46+00:00,"팬텀 진짜 심각한데 패싱당했네ㅋㅋㅋ
60초쿨 준극딜이 지금 30초쿨인 리브 마오팬은 커녕 15초 블랙잭 1딸깍보다 딜량이 낮은데 딜 누수 메커니즘까지달고 꼴에 60초쿨이라고 마우스 스위칭 부담만 배가 되어버림..",팬텀 진짜 심각한데 패싱당했네ㅋㅋ 60초쿨 준극딜이 지금 30초쿨인 리브 마오팬은 커녕 15초 블랙잭 1딸깍보다 딜량이 낮은데 딜 누수 메커니즘까지달고 꼴에 60초쿨이라고 마우스 스위칭 부담만 배가 되어버림,"['팬텀', '심각하', '패싱', '당하', '초', '쿨', '준극딜', '초', '쿨', '리브', '마오', '팬', '초', '블랙잭', '딸', '딜', '량', '낮', '데', '딜', '누수', '메커니즘', '달', '꼴', '초', '쿨', '마우스', '스위칭', '부담', '배가', '되']",,,,,
vtXkiF-GE9I,"렌 승화분리 강제하네ㅋㅋㅋ 저런 온몸비틀기 싫어하는거로 알고있는데... 난 본캐라 최소컷해야돼서 원래 분리는 하고 있었다만 30만인의 부캐 렌을 저렇게 만들면 다 이상하게 보긴 할 듯
그냥 쿨 없애고 퍼뎀을 낮추던가, 승화때 횟수제한을 걸어놓던가 해서 일필에 망혼강림 터는 플레이라도 하게 해야지... 렌은 보스 칠 때 하는 게 저거밖에 없는데",7,2026-07-17 03:54:21+00:00,"렌 승화분리 강제하네ㅋㅋㅋ 저런 온몸비틀기 싫어하는거로 알고있는데... 난 본캐라 최소컷해야돼서 원래 분리는 하고 있었다만 30만인의 부캐 렌을 저렇게 만들면 다 이상하게 보긴 할 듯
그냥 쿨 없애고 퍼뎀을 낮추던가, 승화때 횟수제한을 걸어놓던가 해서 일필에 망혼강림 터는 플레이라도 하게 해야지... 렌은 보스 칠 때 하는 게 저거밖에 없는데",렌 승화분리 강제하네ㅋㅋ 저런 온몸비틀기 싫어하는거로 알고있는데 난 본캐라 최소컷해야돼서 원래 분리는 하고 있었다만 30만인의 부캐 렌을 저렇게 만들면 다 이상하게 보긴 할 듯 그냥 쿨 없애고 퍼뎀을 낮추던가 승화때 횟수제한을 걸어놓던가 해서 일필에 망혼강림 터는 플레이라도 하게 해야지 렌은 보스 칠 때 하는 게 저거밖에 없는데,"['렌', '승', '분리', '강제', '온몸', '비틀', '싫어하', '거', '알', '보', '캐', '최소', '컷', '하', '되', '분리', '하', '인', '부', '캐', '렌', '저렇', '만들', '이상', '보', '듯', '쿨', '없애', '퍼뎀', '낮추', '승화', '때', '횟수', '제한', '걸', '하', '필', '망혼강림', '터', '플레이', '하', '렌', '보스', '치', '때', '하', '것', '없', '데']",,,,,
vtXkiF-GE9I,창섭아 밸패 잘하는건 불가능한거 잘 아니까 자주라도 해야할거아니냐,5,2026-07-17 03:51:43+00:00,창섭아 밸패 잘하는건 불가능한거 잘 아니까 자주라도 해야할거아니냐,창섭아 밸패 잘하는건 불가능한거 잘 아니까 자주라도 해야할거아니냐,"['창섭', '밸패', '거', '가능', '거', '알', '하', '거']",,,,,
vtXkiF-GE9I,"근데 진짜로 이럴거면 스킬 내지 마셈.
열심히 준비한 사람들 입장에선 서운하고 속상할 순 있는데 걍 말이 안됨. 차라리 벨런스 패치를 해서 최종딜 1%씩 늘려주는게 맞았음.
만랩 찍어도 최종뎀 1%오르는 직업도 있는데 이게 맞음?
그리고 벨패가 어렵나? 평딜캐들은 그만큼 숙련도를 요구하고 20분 내내 쳐야 딜로스 안나니까 100%기준 110%정도로 강하게 만들고 극딜 딸깍 직업들은 극딜만 딸깍 넣으면 5~7% 약하게, 평딜까지 다 넣으면 101~102%정도로 나오게 조정, 데슬같은 반반직업은 그대로 100%정도로 맞춰주면 되는거 아님?
이러면 누가 납득못하노? 
지금은 평딜 하루종일 쳐넣는 캐릭이 극딜 딸깍 직업보다 약한게 존나 납득이 안되고 같은 딸깍 직업들끼리 체급차이 존나 나니까 불만 나오는거지;;
스킬 내는걸로 벨패하는 것 보다 이게 기간은 좀 더 오래걸려도 훨신 쉽겠다 진짜

카이저는 ㅆㅂ 윙비트 자동사출 좀 쳐 해줘라 제발. 지속시간도 ㅈ만한 그거 쓸 시간에 기가 한번 더 쓰는게 이득이니까.
아무리 기가 퍼뎀도 늘어난다곤 해도 그럴거면 그냥 기가 마코로 증가시키면 되는데 왜 마코 두개로 나누는지 모르겠네? 60초짜리 설치기 딜 비중 얼마나 된다고 그거 하나 강화 하는게 끝이냐? 그 어마어마한 재화를 내고? 그럴거면 마코에 윙비트 왜넣음? 걍 빼셈. 빼고 설치기 딜이나 늘려주셈.
카이저 뿐만 아니라 모든 직업 무자본으로 최소 이지카링까지 만이라도 키워보면 뭐가 문제인지 훤히 다 보이는데 안고치는건 걍 이 문제가 뒷전이라고 밖에 생각이 안듦.
편의성? 좋지. 근데 유저들은 편의성보다 이런게 훨신 중요함.
RPG특성상 오래하니 UI상 불편한 부분은 오래하면 적응되기 마련인데, 직업에 대해 화가나는 포인트는 절대 익숙해지지 않고 눈에 밟힐 때 마다 짜증나는 요소임. 제발 이제 편의성 그만 따지고 벨패부터 해라.",16,2026-07-17 03:51:16+00:00,"근데 진짜로 이럴거면 스킬 내지 마셈.
열심히 준비한 사람들 입장에선 서운하고 속상할 순 있는데 걍 말이 안됨. 차라리 벨런스 패치를 해서 최종딜 1%씩 늘려주는게 맞았음.
만랩 찍어도 최종뎀 1%오르는 직업도 있는데 이게 맞음?
그리고 벨패가 어렵나? 평딜캐들은 그만큼 숙련도를 요구하고 20분 내내 쳐야 딜로스 안나니까 100%기준 110%정도로 강하게 만들고 극딜 딸깍 직업들은 극딜만 딸깍 넣으면 5~7% 약하게, 평딜까지 다 넣으면 101~102%정도로 나오게 조정, 데슬같은 반반직업은 그대로 100%정도로 맞춰주면 되는거 아님?
이러면 누가 납득못하노? 
지금은 평딜 하루종일 쳐넣는 캐릭이 극딜 딸깍 직업보다 약한게 존나 납득이 안되고 같은 딸깍 직업들끼리 체급차이 존나 나니까 불만 나오는거지;;
스킬 내는걸로 벨패하는 것 보다 이게 기간은 좀 더 오래걸려도 훨신 쉽겠다 진짜

카이저는 ㅆㅂ 윙비트 자동사출 좀 쳐 해줘라 제발. 지속시간도 ㅈ만한 그거 쓸 시간에 기가 한번 더 쓰는게 이득이니까.
아무리 기가 퍼뎀도 늘어난다곤 해도 그럴거면 그냥 기가 마코로 증가시키면 되는데 왜 마코 두개로 나누는지 모르겠네? 60초짜리 설치기 딜 비중 얼마나 된다고 그거 하나 강화 하는게 끝이냐? 그 어마어마한 재화를 내고? 그럴거면 마코에 윙비트 왜넣음? 걍 빼셈. 빼고 설치기 딜이나 늘려주셈.
카이저 뿐만 아니라 모든 직업 무자본으로 최소 이지카링까지 만이라도 키워보면 뭐가 문제인지 훤히 다 보이는데 안고치는건 걍 이 문제가 뒷전이라고 밖에 생각이 안듦.
편의성? 좋지. 근데 유저들은 편의성보다 이런게 훨신 중요함.
RPG특성상 오래하니 UI상 불편한 부분은 오래하면 적응되기 마련인데, 직업에 대해 화가나는 포인트는 절대 익숙해지지 않고 눈에 밟힐 때 마다 짜증나는 요소임. 제발 이제 편의성 그만 따지고 벨패부터 해라.",근데 진짜로 이럴거면 스킬 내지 마셈 열심히 준비한 사람들 입장에선 서운하고 속상할 순 있는데 걍 말이 안됨 차라리 벨런스 패치를 해서 최종딜 1 씩 늘려주는게 맞았음 만랩 찍어도 최종뎀 1 오르는 직업도 있는데 이게 맞음? 그리고 벨패가 어렵나? 평딜캐들은 그만큼 숙련도를 요구하고 20분 내내 쳐야 딜로스 안나니까 100 기준 110 정도로 강하게 만들고 극딜 딸깍 직업들은 극딜만 딸깍 넣으면 5 7 약하게 평딜까지 다 넣으면 101 102 정도로 나오게 조정 데슬같은 반반직업은 그대로 100 정도로 맞춰주면 되는거 아님? 이러면 누가 납득못하노? 지금은 평딜 하루종일 쳐넣는 캐릭이 극딜 딸깍 직업보다 약한게 존나 납득이 안되고 같은 딸깍 직업들끼리 체급차이 존나 나니까 불만 나오는거지 스킬 내는걸로 벨패하는 것 보다 이게 기간은 좀 더 오래걸려도 훨신 쉽겠다 진짜 카이저는 ㅆㅂ 윙비트 자동사출 좀 쳐 해줘라 제발 지속시간도 ㅈ만한 그거 쓸 시간에 기가 한번 더 쓰는게 이득이니까 아무리 기가 퍼뎀도 늘어난다곤 해도 그럴거면 그냥 기가 마코로 증가시키면 되는데 왜 마코 두개로 나누는지 모르겠네? 60초짜리 설치기 딜 비중 얼마나 된다고 그거 하나 강화 하는게 끝이냐? 그 어마어마한 재화를 내고? 그럴거면 마코에 윙비트 왜넣음? 걍 빼셈 빼고 설치기 딜이나 늘려주셈 카이저 뿐만 아니라 모든 직업 무자본으로 최소 이지카링까지 만이라도 키워보면 뭐가 문제인지 훤히 다 보이는데 안고치는건 걍 이 문제가 뒷전이라고 밖에 생각이 안듦 편의성? 좋지 근데 유저들은 편의성보다 이런게 훨신 중요함 RPG특성상 오래하니 UI상 불편한 부분은 오래하면 적응되기 마련인데 직업에 대해 화가나는 포인트는 절대 익숙해지지 않고 눈에 밟힐 때 마다 짜증나는 요소임 제발 이제 편의성 그만 따지고 벨패부터 해라,"['이렇', '거', '스킬', '마셈', '준비', '사람', '입장', '속상하', '수', '있', '말', '되', '벨런스', '패치', '하', '최종', '딜', '늘리', '것', '맞', '만랩', '찍', '최종뎀', '오르', '직업', '있', '맞', '벨', '패', '어렵', '평딜캐', '숙련도', '요구', '분', '치', '딜로스', '나', '기준', '정도', '만들', '극딜', '딸', '직업', '극딜', '딸', '넣', '약하', '평', '딜', '넣', '정도', '나오', '조정', '데', '같', '반', '반', '직업', '정도', '맞추', '되', '거', '이러', '납득', '하', '지금', '평', '딜', '하루', '종일', '치', '넣', '캐릭', '극딜', '딸', '직업', '약하', '것', '납득', '되', '같', '딸', '직업', '체급', '차이', '나', '불만', '나오', '거', '스킬', '내', '걸', '벨', '패', '것', '기간', '걸리', '신', '쉽', '카이저', '윙', '비트', '자동', '사출', '치', '하', '지속', '시간', '만', '쓰', '시간', '기', '한번', '쓰', '것', '이득', '기', '퍼뎀', '늘어나', '하', '그렇', '거', '기', '코', '증가', '되', '마코', '개', '나누', '모르', '초', '설치기', '딜', '비중', '되', '강화', '것', '끝', '재화', '내', '그렇', '거', '마코', '윙', '비트', '넣', '빼', '셈', '빼', '설치', '딜', '늘려주셈', '카이저', '뿐', '직업', '자본', '최소', '이지카링', '키우', '문제', '보이', '고치', '거', '문제', '뒷전', '생각', '들', '편의', '좋', '유저', '편의', '것', '신', '중요', '특성', '하', '불편', '부분', '하', '적응', '마련', '직업', '대하', '화', '나', '포인트', '눈', '밟히', '때', '짜증', '나', '요소', '편의', '따지', '벨', '패', '하']",,,,,
vtXkiF-GE9I,방무 패싱을 멈춰주십쇼 제발...,1,2026-07-17 03:50:59+00:00,방무 패싱을 멈춰주십쇼 제발...,방무 패싱을 멈춰주십쇼 제발,"['방', '무', '패싱', '멈추']",,,,,
vtXkiF-GE9I,심검 터질때 만참도 같이 터지게 해달라고 이게 그렇게 어렵냐?,0,2026-07-17 03:38:34+00:00,심검 터질때 만참도 같이 터지게 해달라고 이게 그렇게 어렵냐?,심검 터질때 만참도 같이 터지게 해달라고 이게 그렇게 어렵냐?,"['검', '터지', '때', '참', '터지', '그렇', '어렵']",,,,,
vtXkiF-GE9I,밸런스 패치는 항상어렵다,0,2026-07-17 03:35:24+00:00,밸런스 패치는 항상어렵다,밸런스 패치는 항상어렵다,"['밸런스', '패치', '어렵']",,,,,
vtXkiF-GE9I,뭐야 레테.너프네 ㅠ,1,2026-07-17 03:35:23+00:00,뭐야 레테.너프네 ㅠ,뭐야 레테 너프네 ㅠ,"['레테', '너프']",,,,,
vtXkiF-GE9I,스킬 안연다 소마 실화냐 변경점이 없네 ㅋㅋ 엘리시온 쳐박아야하는데 따닥 누르라고?,2,2026-07-17 03:33:24+00:00,스킬 안연다 소마 실화냐 변경점이 없네 ㅋㅋ 엘리시온 쳐박아야하는데 따닥 누르라고?,스킬 안연다 소마 실화냐 변경점이 없네 ㅋㅋ 엘리시온 쳐박아야하는데 따닥 누르라고?,"['스킬', '열', '소마', '실화', '변경', '점', '없', '엘리시온', '치', '박', '따', '누르']",,,,,
vtXkiF-GE9I,"아니 근데 보마는 왜 징징거리는거임
폭시 누르다가 30초쿨 스킬하나 딸깍하는게 그렇게 어려워..? 
다른 직업들 불만은 다 공감이 가는 데 보마는 진짜 양심 뒤진건가",21,2026-07-17 03:33:21+00:00,"아니 근데 보마는 왜 징징거리는거임
폭시 누르다가 30초쿨 스킬하나 딸깍하는게 그렇게 어려워..? 
다른 직업들 불만은 다 공감이 가는 데 보마는 진짜 양심 뒤진건가",아니 근데 보마는 왜 징징거리는거임 폭시 누르다가 30초쿨 스킬하나 딸깍하는게 그렇게 어려워 ? 다른 직업들 불만은 다 공감이 가는 데 보마는 진짜 양심 뒤진건가,"['보마', '징징거리', '거', '폭', '시', '누르', '초', '쿨', '스킬', '딸', '하', '것', '그렇', '어렵', '직업', '불만', '공감', '가', '데', '보', '진짜', '양심', '뒤지', '거']",,,,,
vtXkiF-GE9I,스인미 크오솔 시퀀스 들어가게 패치나해라,0,2026-07-17 03:31:53+00:00,스인미 크오솔 시퀀스 들어가게 패치나해라,스인미 크오솔 시퀀스 들어가게 패치나해라,"['스인미', '크오솔', '시퀀스', '들어가', '패치', '하']",,,,,
vtXkiF-GE9I,듀블 방무 또 안줌ㅋㅋㅋㅋㅋㅋㅋ진짜 독하다 독해,8,2026-07-17 03:30:21+00:00,듀블 방무 또 안줌ㅋㅋㅋㅋㅋㅋㅋ진짜 독하다 독해,듀블 방무 또 안줌ㅋㅋ진짜 독하다 독해,"['듀블', '방무', '주', '독하', '독하']",,,,,
vtXkiF-GE9I,"렌은 그 좋던 구조 결국 박살이구나
5초 승화분리 강제 너무싫네",0,2026-07-17 03:28:09+00:00,"렌은 그 좋던 구조 결국 박살이구나
5초 승화분리 강제 너무싫네",렌은 그 좋던 구조 결국 박살이구나 5초 승화분리 강제 너무싫네,"['렌', '좋', '구조', '박살', '승화', '분리', '강제', '싫']",,,,,
vtXkiF-GE9I,제논부터 나오는 브금 뭐였더라? 많이 들어봤는데...,0,2026-07-17 03:24:08+00:00,제논부터 나오는 브금 뭐였더라? 많이 들어봤는데...,제논부터 나오는 브금 뭐였더라? 많이 들어봤는데,"['제논', '나오', '브금', '듣']",,,,,
vtXkiF-GE9I,아니 근데 밸런스가 어려운건 맞는데 기본적인건 지키자고 퓨딜이 비숍보다 약한게 말이됨? 그럼 직업 존재가치가 없는거잖아 시발 분기마다 dpm 1등 바꿔달라는게 아니라고 시너지를 삭제 안할거면 당연히 딜은 최하위권으로 박아놔야지 이게 어려움?,5,2026-07-17 03:24:01+00:00,아니 근데 밸런스가 어려운건 맞는데 기본적인건 지키자고 퓨딜이 비숍보다 약한게 말이됨? 그럼 직업 존재가치가 없는거잖아 시발 분기마다 dpm 1등 바꿔달라는게 아니라고 시너지를 삭제 안할거면 당연히 딜은 최하위권으로 박아놔야지 이게 어려움?,아니 근데 밸런스가 어려운건 맞는데 기본적인건 지키자고 퓨딜이 비숍보다 약한게 말이됨? 그럼 직업 존재가치가 없는거잖아 시발 분기마다 dpm 1등 바꿔달라는게 아니라고 시너지를 삭제 안할거면 당연히 딜은 최하위권으로 박아놔야지 이게 어려움?,"['밸런스', '어렵', '거', '맞', '기본', '거', '지키', '퓨딜', '비숍', '약하', '것', '말', '되', '직업', '존재', '가치', '없', '거', '시발', '분기', '등', '바꾸', '것', '시너지', '삭제', '하', '거', '딜', '하위', '박', '어렵']",,,,,
PmHlunblL3Y,듣어 나왔구나 캐시샾에 있길래 가지고 싶다 생각했는데,0,2026-07-17 03:18:27+00:00,듣어 나왔구나 캐시샾에 있길래 가지고 싶다 생각했는데,듣어 나왔구나 캐시샾에 있길래 가지고 싶다 생각했는데,"['듣', '나오', '캐시샾', '있', '가지', '생각']",,,,,
PmHlunblL3Y,창섭이가 분명 니즈 파악도 잘하고 필요한 업데이트도 잘 해주는데 정작 핵심적인 곳에서 찐빠가 너무 나는듯 신규스킬을 당연히 쎄게 해줘야지 뭔 점유율 2~3퍼따리 스킬을 만들고 앉았으니... 작년에도 렌으로 엄청난 유입 끌여다놓고 갑자기 결정석 칼질해서 다 썰린 엔딩이 올해에도 나올거 같음,0,2026-07-17 03:14:55+00:00,창섭이가 분명 니즈 파악도 잘하고 필요한 업데이트도 잘 해주는데 정작 핵심적인 곳에서 찐빠가 너무 나는듯 신규스킬을 당연히 쎄게 해줘야지 뭔 점유율 2~3퍼따리 스킬을 만들고 앉았으니... 작년에도 렌으로 엄청난 유입 끌여다놓고 갑자기 결정석 칼질해서 다 썰린 엔딩이 올해에도 나올거 같음,창섭이가 분명 니즈 파악도 잘하고 필요한 업데이트도 잘 해주는데 정작 핵심적인 곳에서 찐빠가 너무 나는듯 신규스킬을 당연히 쎄게 해줘야지 뭔 점유율 2 3퍼따리 스킬을 만들고 앉았으니 작년에도 렌으로 엄청난 유입 끌여다놓고 갑자기 결정석 칼질해서 다 썰린 엔딩이 올해에도 나올거 같음,"['창섭', '가', '니즈', '파악', '하', '필요', '업데이트', '하', '핵심', '곳', '찐빠', '나', '듯', '신규', '스킬', '쎄', '하', '점유', '퍼따리', '스킬', '만들', '앉', '작년', '렌', '엄청나', '유입', '끌', '이', '결정', '석', '칼', '썰', '엔딩', '올해', '나오', '거', '같']",,,,,
vtXkiF-GE9I,이정도면 안여는게 이득 아니노,0,2026-07-17 03:11:13+00:00,이정도면 안여는게 이득 아니노,이정도면 안여는게 이득 아니노,"['정도', '열', '것', '이득']",,,,,
vtXkiF-GE9I,메르 연계 좀 그만줘...! 키보드 칸도 없어!!!,0,2026-07-17 03:10:09+00:00,메르 연계 좀 그만줘...! 키보드 칸도 없어!!!,메르 연계 좀 그만줘 키보드 칸도 없어,"['메르', '연계', '주', '키보드', '칸', '없']",,,,,
vtXkiF-GE9I,비숍 기존 1분일때 스킬 안쓰고 평타 쓰는게 더 이득이라 2분 극딜기로 바꿔주는 척하면서 패시브 하향을 쳐맥여버리네 ㅋㅋㅋㅋ,6,2026-07-17 03:10:07+00:00,비숍 기존 1분일때 스킬 안쓰고 평타 쓰는게 더 이득이라 2분 극딜기로 바꿔주는 척하면서 패시브 하향을 쳐맥여버리네 ㅋㅋㅋㅋ,비숍 기존 1분일때 스킬 안쓰고 평타 쓰는게 더 이득이라 2분 극딜기로 바꿔주는 척하면서 패시브 하향을 쳐맥여버리네 ㅋㅋ,"['비숍', '기존', '분', '때', '스킬', '쓰', '평', '타', '쓰', '것', '이득', '분', '극딜기', '바꾸', '척', '패시브', '하향', '치', '맥이']",,,,,
vtXkiF-GE9I,캡틴 ㅅㅂ 이거머임? ㅋㅋ,0,2026-07-17 03:08:48+00:00,캡틴 ㅅㅂ 이거머임? ㅋㅋ,캡틴 ㅅㅂ 이거머임? ㅋㅋ,['캡틴'],,,,,
vtXkiF-GE9I,연계와 캔슬이 아이덴티티인 직업한테 추가해준 스킬이 연계불가 캔슬불가...ㅋ 얼척이 없네,0,2026-07-17 03:08:40+00:00,연계와 캔슬이 아이덴티티인 직업한테 추가해준 스킬이 연계불가 캔슬불가...ㅋ 얼척이 없네,연계와 캔슬이 아이덴티티인 직업한테 추가해준 스킬이 연계불가 캔슬불가 ㅋ 얼척이 없네,"['연계', '캔', '아이덴티티', '직업', '추가', '스킬', '연계', '불가', '캔', '불가', '얼', '척', '없']",,,,,
vtXkiF-GE9I,1:29 와 이건 선넘네..ㄷㄷ,83,2026-07-17 03:08:23+00:00,1:29 와 이건 선넘네..ㄷㄷ,1 29 와 이건 선넘네 ㄷㄷ,"['선', '넘']",,,,,
vtXkiF-GE9I,보마 그대로간다고? 미쳤네,0,2026-07-17 03:05:15+00:00,보마 그대로간다고? 미쳤네,보마 그대로간다고? 미쳤네,"['보마', '가', '미치']",,,,,
vtXkiF-GE9I,상향받으신 분들은 축하드립니다 히어로는................. 하........... 걍 기대를 말아야지 보스 2/3 패치랑 공용코어 보고서 느꼇지만 개개의 밸런스를 맞추는 것보다는 그냥 게임에서 캐릭들이 싸우는 난이도를 낮추는 방식을 선택함 어차피 밸런스 패치 잘해도 누군가에게는 욕먹는다 이말이죠 ㅋㅋㅋ 그러니 대충 스킬들을 통해 평준화하고 자기를 밀어주는 수호단들 양성해서 그들과 운영해나가는 방식을 택함 철저히 계산적이고 영업사원으로서 용의주도한 방식임 하지만 언제까지나 게이머들의 바램과 감성을 무시하고 밀고나가기만 하는건 한계가 있음 크라운때만 해도 그 한계가 잘 드러났었지 인구수랑 콘크리트가 엘리넬 풀문파티 때보다 박살난거 보면 그럴때마다 사료뿌리고 사람 끌어모으겟다고 제네패스 신캐같은 자극적인 치트키 가져오고 그게 얼마나 가려나 9월에 또 팔다리 오체분시만 하지 말앗으면 스인미 크오솔 고트다 이야기 많이 나오는데 히어로는 스인미 크오솔마저 구림 ㅠㅠㅠㅠㅠ C8,0,2026-07-17 03:02:53+00:00,상향받으신 분들은 축하드립니다 히어로는................. 하........... 걍 기대를 말아야지 보스 2/3 패치랑 공용코어 보고서 느꼇지만 개개의 밸런스를 맞추는 것보다는 그냥 게임에서 캐릭들이 싸우는 난이도를 낮추는 방식을 선택함 어차피 밸런스 패치 잘해도 누군가에게는 욕먹는다 이말이죠 ㅋㅋㅋ 그러니 대충 스킬들을 통해 평준화하고 자기를 밀어주는 수호단들 양성해서 그들과 운영해나가는 방식을 택함 철저히 계산적이고 영업사원으로서 용의주도한 방식임 하지만 언제까지나 게이머들의 바램과 감성을 무시하고 밀고나가기만 하는건 한계가 있음 크라운때만 해도 그 한계가 잘 드러났었지 인구수랑 콘크리트가 엘리넬 풀문파티 때보다 박살난거 보면 그럴때마다 사료뿌리고 사람 끌어모으겟다고 제네패스 신캐같은 자극적인 치트키 가져오고 그게 얼마나 가려나 9월에 또 팔다리 오체분시만 하지 말앗으면 스인미 크오솔 고트다 이야기 많이 나오는데 히어로는 스인미 크오솔마저 구림 ㅠㅠㅠㅠㅠ C8,상향받으신 분들은 축하드립니다 히어로는 하 걍 기대를 말아야지 보스 2 3 패치랑 공용코어 보고서 느꼇지만 개개의 밸런스를 맞추는 것보다는 그냥 게임에서 캐릭들이 싸우는 난이도를 낮추는 방식을 선택함 어차피 밸런스 패치 잘해도 누군가에게는 욕먹는다 이말이죠 ㅋㅋ 그러니 대충 스킬들을 통해 평준화하고 자기를 밀어주는 수호단들 양성해서 그들과 운영해나가는 방식을 택함 철저히 계산적이고 영업사원으로서 용의주도한 방식임 하지만 언제까지나 게이머들의 바램과 감성을 무시하고 밀고나가기만 하는건 한계가 있음 크라운때만 해도 그 한계가 잘 드러났었지 인구수랑 콘크리트가 엘리넬 풀문파티 때보다 박살난거 보면 그럴때마다 사료뿌리고 사람 끌어모으겟다고 제네패스 신캐같은 자극적인 치트키 가져오고 그게 얼마나 가려나 9월에 또 팔다리 오체분시만 하지 말앗으면 스인미 크오솔 고트다 이야기 많이 나오는데 히어로는 스인미 크오솔마저 구림 ㅠㅠ C8,"['상향', '받', '분', '축하', '드리', '히어로', '하', '기대', '말', '보스', '패치', '공용코어', '보', '느끼', '개개', '밸런스', '맞추', '것', '게임', '캐릭', '싸우', '난이도', '낮추', '방식', '선택', '밸런스', '패치', '욕먹', '말', '그러', '스킬', '통하', '평준', '밀', '수호', '단', '양성', '운영', '방식', '택하', '계산', '영업', '사원', '방식', '게이머', '바램', '감성', '무시', '밀', '거', '한계', '있', '크라운', '때', '하', '한계', '드러나', '인구수', '콘크리트', '엘리넬', '풀문', '파티', '때', '박살', '나', '거', '보', '그렇', '때', '사료', '뿌리', '사람', '끌', '모으', '제네패스', '신캐', '같', '자극', '치트키', '가져오', '가', '월', '팔', '다리', '오체분시', '하', '스인미', '크오솔', '고트', '이야기', '나오', '데', '히어로', '스인미', '크오솔', '구림']",,,,,
vtXkiF-GE9I,"어떤 디렉터가와도 밸런스가 기대안되는이유
애초에 밸패를 잘했던,밸패로 욕  안먹은 디렉터가있긴함?'",0,2026-07-17 03:00:04+00:00,"어떤 디렉터가와도 밸런스가 기대안되는이유
애초에 밸패를 잘했던,밸패로 욕  안먹은 디렉터가있긴함?'",어떤 디렉터가와도 밸런스가 기대안되는이유 애초에 밸패를 잘했던 밸패로 욕 안먹은 디렉터가있긴함?,"['디렉터', '오', '밸런스', '기대', '되', '이유', '애초', '밸', '패', '하', '밸패', '욕', '먹', '디렉터', '있']",,,,,
vtXkiF-GE9I,캡틴 이펙트좀 바꾸라고,0,2026-07-17 02:58:38+00:00,캡틴 이펙트좀 바꾸라고,캡틴 이펙트좀 바꾸라고,"['캡틴', '이펙트', '바꾸']",,,,,
vtXkiF-GE9I,사실상 게임성 ㅈ박은 한철장사하는 게임같음 ㅋㅋㅋ 이번에 챌섭 들어오고   느꼈다 여름만하고 빨리 꺼지라는것같음,1,2026-07-17 02:58:06+00:00,사실상 게임성 ㅈ박은 한철장사하는 게임같음 ㅋㅋㅋ 이번에 챌섭 들어오고   느꼈다 여름만하고 빨리 꺼지라는것같음,사실상 게임성 ㅈ박은 한철장사하는 게임같음 ㅋㅋ 이번에 챌섭 들어오고 느꼈다 여름만하고 빨리 꺼지라는것같음,"['사실', '게임', '박', '한철', '장사', '게임', '같', '이번', '챌섭', '들어오', '느끼', '여름', '하', '꺼지', '하', '것', '같']",,,,,
vtXkiF-GE9I,형님 나로는 어디있나요,0,2026-07-17 02:52:27+00:00,형님 나로는 어디있나요,형님 나로는 어디있나요,"['형', '있']",,,,,
vtXkiF-GE9I,나로 패싱 ㅋㅋ 메이플은 XX가 없다,0,2026-07-17 02:43:19+00:00,나로 패싱 ㅋㅋ 메이플은 XX가 없다,나로 패싱 ㅋㅋ 메이플은 XX가 없다,"['나로', '패싱', '메이플', '없']",,,,,
vtXkiF-GE9I,에휴 ●▅▇█▇▆▅▄▇,0,2026-07-17 02:42:38+00:00,에휴 ●▅▇█▇▆▅▄▇,에휴,[],,,,,
vtXkiF-GE9I,꼬우면 떠나라,1,2026-07-17 02:37:28+00:00,꼬우면 떠나라,꼬우면 떠나라,"['꼬우', '떠나']",,,,,
vtXkiF-GE9I,"다해주는 신창섭
밸패 빼고",0,2026-07-17 02:32:29+00:00,"다해주는 신창섭
밸패 빼고",다해주는 신창섭 밸패 빼고,"['하', '신창섭', '밸패', '빼']",,,,,
vtXkiF-GE9I,"썬콜 보상 상자 오리진 드디어 해주네
편의성 하나는 ㅇㅈ",1,2026-07-17 02:30:23+00:00,"썬콜 보상 상자 오리진 드디어 해주네
편의성 하나는 ㅇㅈ",썬콜 보상 상자 오리진 드디어 해주네 편의성 하나는 ㅇㅈ,"['썬', '콜', '보상', '상자', '오리진', '해주', '편의']",,,,,
vtXkiF-GE9I,스인미크오솔 좋다고 하지마 너프시킬거같단말이야 ㅋㅋㅋ,5,2026-07-17 02:29:30+00:00,스인미크오솔 좋다고 하지마 너프시킬거같단말이야 ㅋㅋㅋ,스인미크오솔 좋다고 하지마 너프시킬거같단말이야 ㅋㅋ,"['스인미크오솔', '좋', '하', '너프', '시키', '거', '같', '말']",,,,,
vtXkiF-GE9I,밸패 JOAT,5,2026-07-17 02:27:45+00:00,밸패 JOAT,밸패 JOAT,['밸패'],,,,,
vtXkiF-GE9I,"패파 ㅈㄴ 웃긴점
오리진 버프 시간동안 마테리얼 버스트보다 블디 쓰는게 이득
근데 오리진 버프 끝나고 마테리얼 버스트 스택 찬거 쓰려고 하면 에볼루션 버프 끝나서 스택 삭제",10,2026-07-17 02:23:19+00:00,"패파 ㅈㄴ 웃긴점
오리진 버프 시간동안 마테리얼 버스트보다 블디 쓰는게 이득
근데 오리진 버프 끝나고 마테리얼 버스트 스택 찬거 쓰려고 하면 에볼루션 버프 끝나서 스택 삭제",패파 ㅈㄴ 웃긴점 오리진 버프 시간동안 마테리얼 버스트보다 블디 쓰는게 이득 근데 오리진 버프 끝나고 마테리얼 버스트 스택 찬거 쓰려고 하면 에볼루션 버프 끝나서 스택 삭제,"['패파', '웃기', '점', '오리진', '버프', '시간동안', '마테리얼', '버스트', '블디', '쓰', '것', '이득', '오리진', '버프', '끝나', '마테리얼', '버스트', '스택', '차', '거', '쓰', '에볼루션', '버프', '끝나', '스택', '삭제']",,,,,
PmHlunblL3Y,진짜 효율 마이너스로 나오는 직업도 있다는 점 차치하고 잘 쳐줘서 2.5~3퍼 효율 나온다고 해도 이걸 공짜로 쓸 수 있는 것도 아닌데다가 키 칸 하나 잡아먹고 딜타임에 신경써야될 스킬 하나가 추가됐다는 사실까지 생각하면 사실상 기회비용 대비 리턴이 거의 없는 수준이란거... 스트리머 아니면 누가 만랩 찍을까싶네 상위0.1퍼 유저들도 ㅈㄴ 고민하면서 찍을듯,0,2026-07-17 02:21:44+00:00,진짜 효율 마이너스로 나오는 직업도 있다는 점 차치하고 잘 쳐줘서 2.5~3퍼 효율 나온다고 해도 이걸 공짜로 쓸 수 있는 것도 아닌데다가 키 칸 하나 잡아먹고 딜타임에 신경써야될 스킬 하나가 추가됐다는 사실까지 생각하면 사실상 기회비용 대비 리턴이 거의 없는 수준이란거... 스트리머 아니면 누가 만랩 찍을까싶네 상위0.1퍼 유저들도 ㅈㄴ 고민하면서 찍을듯,진짜 효율 마이너스로 나오는 직업도 있다는 점 차치하고 잘 쳐줘서 2 5 3퍼 효율 나온다고 해도 이걸 공짜로 쓸 수 있는 것도 아닌데다가 키 칸 하나 잡아먹고 딜타임에 신경써야될 스킬 하나가 추가됐다는 사실까지 생각하면 사실상 기회비용 대비 리턴이 거의 없는 수준이란거 스트리머 아니면 누가 만랩 찍을까싶네 상위0 1퍼 유저들도 ㅈㄴ 고민하면서 찍을듯,"['효율', '마이너스', '나오', '직업', '있', '점', '차치', '치', '퍼', '효율', '나오', '하', '공짜', '쓰', '수', '있', '것', '데', '키', '칸', '잡아먹', '딜', '타임', '신경', '쓰', '되', '스킬', '추가', '사실', '생각', '사실', '기회비용', '대비', '리턴', '없', '수준', '거', '스트리머', '만랩', '찍', '상위', '퍼', '유저', '고민', '찍', '듯']",,,,,
vtXkiF-GE9I,보우마스터는 패치에서도 언급이 1줄도 없는데 맑음님도 언급을 1도 안해주시네요...,0,2026-07-17 02:20:02+00:00,보우마스터는 패치에서도 언급이 1줄도 없는데 맑음님도 언급을 1도 안해주시네요...,보우마스터는 패치에서도 언급이 1줄도 없는데 맑음님도 언급을 1도 안해주시네요,"['보우마스터', '패치', '언급', '줄', '없', '데', '맑음', '언급', '하']",,,,,
vtXkiF-GE9I,창섭이는 그래도 메악귀들 말을 듣기라도 해주지 원기였으면 나우 나와서 쩝쩝거리다가 유기당했음 ㅇㅇ,2,2026-07-17 02:18:55+00:00,창섭이는 그래도 메악귀들 말을 듣기라도 해주지 원기였으면 나우 나와서 쩝쩝거리다가 유기당했음 ㅇㅇ,창섭이는 그래도 메악귀들 말을 듣기라도 해주지 원기였으면 나우 나와서 쩝쩝거리다가 유기당했음 ㅇㅇ,"['창섭', '메', '악귀', '말', '듣', '하', '원기', '나우', '나오', '유기', '당하']",,,,,
vtXkiF-GE9I,팬텀은 왜 없어 겜 개같네 진짜,2,2026-07-17 02:07:09+00:00,팬텀은 왜 없어 겜 개같네 진짜,팬텀은 왜 없어 겜 개같네 진짜,"['팬텀', '없', '것', '개', '같']",,,,,
vtXkiF-GE9I,"편의성은 씹고트인데 스킬이나 밸런스같은거 보면 그냥 게임을 안하거나 모르는거 같고 그냥 기싸움 걸고 '알려줘' 스탠스 박는건가 흠..
아니면 작년 여름처럼 한탕 땡기고 쳐내기 작전 시작하는건가

렌은 쿨초 왜 붙어 있는겨 걍 쿨초 없애고 딜 만지면 되는거 아닌가",17,2026-07-17 02:05:39+00:00,"편의성은 씹고트인데 스킬이나 밸런스같은거 보면 그냥 게임을 안하거나 모르는거 같고 그냥 기싸움 걸고 '알려줘' 스탠스 박는건가 흠..
아니면 작년 여름처럼 한탕 땡기고 쳐내기 작전 시작하는건가

렌은 쿨초 왜 붙어 있는겨 걍 쿨초 없애고 딜 만지면 되는거 아닌가",편의성은 씹고트인데 스킬이나 밸런스같은거 보면 그냥 게임을 안하거나 모르는거 같고 그냥 기싸움 걸고 알려줘 스탠스 박는건가 흠 아니면 작년 여름처럼 한탕 땡기고 쳐내기 작전 시작하는건가 렌은 쿨초 왜 붙어 있는겨 걍 쿨초 없애고 딜 만지면 되는거 아닌가,"['편의', '씹', '트', '스킬', '밸런스', '같', '거', '보', '게임', '하', '모르', '거', '같', '기', '싸움', '걸', '알리', '스탠스', '박', '거', '흠', '작년', '여름', '한탕', '땡기', '치', '작전', '시작', '거', '렌', '쿨', '초', '붙', '기', '쿨', '초', '없애', '딜', '만지', '되', '거']",,,,,
vtXkiF-GE9I,"ㅋㅋㅋㅋㅋㅋ
결국 렌은 ㅂㅅ되는건가?",1,2026-07-17 02:05:10+00:00,"ㅋㅋㅋㅋㅋㅋ
결국 렌은 ㅂㅅ되는건가?",ㅋㅋ 결국 렌은 ㅂㅅ되는건가?,"['렌', '되', '거']",,,,,
vtXkiF-GE9I,이러고 본섭으로 넘어올 때 한번 더 수정은 안해주나요?,0,2026-07-17 02:04:42+00:00,이러고 본섭으로 넘어올 때 한번 더 수정은 안해주나요?,이러고 본섭으로 넘어올 때 한번 더 수정은 안해주나요?,"['이러', '본섭', '넘어오', '때', '번', '수정', '하']",,,,,
vtXkiF-GE9I,메이플. 죽다.,0,2026-07-17 02:04:26+00:00,메이플. 죽다.,메이플 죽다,"['메이플', '죽']",,,,,
vtXkiF-GE9I,나로는 조정대상 자체가 아니던데 ㅋㅋㅋㅋ,0,2026-07-17 02:02:54+00:00,나로는 조정대상 자체가 아니던데 ㅋㅋㅋㅋ,나로는 조정대상 자체가 아니던데 ㅋㅋ,"['나로', '조정', '대상', '자체']",,,,,
vtXkiF-GE9I,"아니 분명 1차 테섭에서 온 의견 바탕으로 구조적인 문제/의도치 않았던 문제/불편함 수정했다매?
변경 없는 직업이 수두룩 빽빽한데 대체 뭘 건드렸다는 거임?",40,2026-07-17 02:02:53+00:00,"아니 분명 1차 테섭에서 온 의견 바탕으로 구조적인 문제/의도치 않았던 문제/불편함 수정했다매?
변경 없는 직업이 수두룩 빽빽한데 대체 뭘 건드렸다는 거임?",아니 분명 1차 테섭에서 온 의견 바탕으로 구조적인 문제 의도치 않았던 문제 불편함 수정했다매? 변경 없는 직업이 수두룩 빽빽한데 대체 뭘 건드렸다는 거임?,"['차', '테섭', '오', '의견', '바탕', '구조', '문제', '의도', '문제', '불편', '수정', '변경', '없', '직업', '건드리', '거']",,,,,
vtXkiF-GE9I,"앞으로 메이플에서의 ""역대급""은 걸러듣는걸로",73,2026-07-17 02:02:49+00:00,"앞으로 메이플에서의 ""역대급""은 걸러듣는걸로",앞으로 메이플에서의 역대급 은 걸러듣는걸로,"['앞', '메이플', '역대', '급', '거르', '듣', '걸']",,,,,
vtXkiF-GE9I,그냥 하드메이린 쉽게 깨는게 보기 싫어서 메이린 이후에 재조정한다고 하는거 같냐..,0,2026-07-17 01:59:40+00:00,그냥 하드메이린 쉽게 깨는게 보기 싫어서 메이린 이후에 재조정한다고 하는거 같냐..,그냥 하드메이린 쉽게 깨는게 보기 싫어서 메이린 이후에 재조정한다고 하는거 같냐,"['하드메이린', '쉽', '깨', '것', '보', '싫', '메이', '린', '이후', '조정', '하', '거', '같']",,,,,
vtXkiF-GE9I,스인미크오솔 그냥 씹고트,6,2026-07-17 01:58:00+00:00,스인미크오솔 그냥 씹고트,스인미크오솔 그냥 씹고트,"['스인미크오솔', '씹', '트']",,,,,
vtXkiF-GE9I,아니 렌 걍 쿨삭하고 딜조정을 하라고;; ㅈㄴ 쉬운걸 기싸움하나 ㄹㅇ 머가리 텅텅 빈 스킬 조정이네;,8,2026-07-17 01:56:48+00:00,아니 렌 걍 쿨삭하고 딜조정을 하라고;; ㅈㄴ 쉬운걸 기싸움하나 ㄹㅇ 머가리 텅텅 빈 스킬 조정이네;,아니 렌 걍 쿨삭하고 딜조정을 하라고 ㅈㄴ 쉬운걸 기싸움하나 ㄹㅇ 머가리 텅텅 빈 스킬 조정이네,"['렌', '쿨', '하', '딜', '조정', '하', '쉽', '거', '기', '싸움', '머가리', '비', '스킬', '조정']",,,,,
vtXkiF-GE9I,"카인도 사실상 변경점 없음
5차코어 안받게 바꾸고 그거 퍼뎀으로 메꾼거",2,2026-07-17 01:55:36+00:00,"카인도 사실상 변경점 없음
5차코어 안받게 바꾸고 그거 퍼뎀으로 메꾼거",카인도 사실상 변경점 없음 5차코어 안받게 바꾸고 그거 퍼뎀으로 메꾼거,"['카인', '사실', '변경', '점', '없', '차', '코어', '받', '바꾸', '퍼뎀', '메꾸', '거']",,,,,
vtXkiF-GE9I,은월은 진짜 잊혀진 영웅이네 슬프다,0,2026-07-17 01:54:58+00:00,은월은 진짜 잊혀진 영웅이네 슬프다,은월은 진짜 잊혀진 영웅이네 슬프다,"['은', '월', '잊히', '영웅', '슬프']",,,,,
vtXkiF-GE9I,섀도어는?...?,0,2026-07-17 01:53:05+00:00,섀도어는?...?,섀도어는? ?,['섀도어'],,,,,
PmHlunblL3Y,아니 진짜 이해가 안가네 왜 신캐만 존나 이쁘게 쳐 내는거야 ㅡㅡ 대놓고 신캐만 신경쓴게 티가나네 어이가없다 진짜,0,2026-07-17 01:51:55+00:00,아니 진짜 이해가 안가네 왜 신캐만 존나 이쁘게 쳐 내는거야 ㅡㅡ 대놓고 신캐만 신경쓴게 티가나네 어이가없다 진짜,아니 진짜 이해가 안가네 왜 신캐만 존나 이쁘게 쳐 내는거야 ㅡㅡ 대놓고 신캐만 신경쓴게 티가나네 어이가없다 진짜,"['이해', '가', '신캐', '이쁘', '치', '거', '신캐', '신경', '쓰', '것', '티', '나', '어이', '없']",,,,,
vtXkiF-GE9I,로아마냥 밸패전문 팀이나 디렉터 데려와 ㅅㅂ 창섭이는 편의성 전문디렉터로 남아줘..,36,2026-07-17 01:50:32+00:00,로아마냥 밸패전문 팀이나 디렉터 데려와 ㅅㅂ 창섭이는 편의성 전문디렉터로 남아줘..,로아마냥 밸패전문 팀이나 디렉터 데려와 ㅅㅂ 창섭이는 편의성 전문디렉터로 남아줘,"['로아마냥', '밸패', '전문', '팀', '디렉터', '데려오', '창섭', '편의', '전문', '디렉터', '남']",,,,,
vtXkiF-GE9I,인트로없애면구덕자100만간다,0,2026-07-17 01:49:09+00:00,인트로없애면구덕자100만간다,인트로없애면구덕자100만간다,"['인트', '없애', '덕', '자', '가']",,,,,
vtXkiF-GE9I,팬텀패싱은 ㅋㅋㅋㅋㅋㅋㅋㅋㅋㅋㅋㅋㅋ,9,2026-07-17 01:49:04+00:00,팬텀패싱은 ㅋㅋㅋㅋㅋㅋㅋㅋㅋㅋㅋㅋㅋ,팬텀패싱은 ㅋㅋ,['팬텀패싱'],,,,,
vtXkiF-GE9I,아니 신궁 120초는 왜!!!!,3,2026-07-17 01:48:16+00:00,아니 신궁 120초는 왜!!!!,아니 신궁 120초는 왜,"['신궁', '초']",,,,,
vtXkiF-GE9I,레테 그래도 1렙은 찍어야되나 1렙으로 모자랄거같은데;,1,2026-07-17 01:48:08+00:00,레테 그래도 1렙은 찍어야되나 1렙으로 모자랄거같은데;,레테 그래도 1렙은 찍어야되나 1렙으로 모자랄거같은데,"['레테', '1렙', '찍', '되', '1렙', '모자라', '거', '같']",,,,,
vtXkiF-GE9I,이 스킬 하나면 니들 신규 6차 따잇 가능ㅋㅋㅋㅋ 「스파이더 인 미러」 윌의 에르다로 공간을 붕괴시켜 거울 세계로 현실을 연결한 후 거울 속의 거미를 일정 시간 현실에 구현한다. 거울 속의 거미는 공격 반사 상태의 적을 공격해도 피해를 입지 않는다.,116,2026-07-17 01:47:27+00:00,이 스킬 하나면 니들 신규 6차 따잇 가능ㅋㅋㅋㅋ 「스파이더 인 미러」 윌의 에르다로 공간을 붕괴시켜 거울 세계로 현실을 연결한 후 거울 속의 거미를 일정 시간 현실에 구현한다. 거울 속의 거미는 공격 반사 상태의 적을 공격해도 피해를 입지 않는다.,이 스킬 하나면 니들 신규 6차 따잇 가능ㅋㅋ 스파이더 인 미러 윌의 에르다로 공간을 붕괴시켜 거울 세계로 현실을 연결한 후 거울 속의 거미를 일정 시간 현실에 구현한다 거울 속의 거미는 공격 반사 상태의 적을 공격해도 피해를 입지 않는다,"['스킬', '니들', '신규', '차', '따잇', '가능', '스파이더', '인', '미러', '윌', '에르다', '공간', '붕괴', '거울', '세계', '현실', '연결', '후', '거울', '속', '거미', '일정', '시간', '현실', '구현', '거울', '속', '거미', '공격', '반사', '상태', '적', '공격', '피해', '입']",,,,,
vtXkiF-GE9I,은월은 걍 할말이 없네 장난하나,2,2026-07-17 01:44:54+00:00,은월은 걍 할말이 없네 장난하나,은월은 걍 할말이 없네 장난하나,"['은', '월', '하', '말', '없', '장난']",,,,,
vtXkiF-GE9I,창섭햄...밸런스는 손때시고 펀의성만 건듭시다,227,2026-07-17 01:44:05+00:00,창섭햄...밸런스는 손때시고 펀의성만 건듭시다,창섭햄 밸런스는 손때시고 펀의성만 건듭시다,"['창섭', '햄', '밸런스', '손', '때', '펀', '성', '건들']",,,,,
vtXkiF-GE9I,보마 다른건 안바라는데 폭시 사용중에 누룰수 있게는 해줘야 되는거 아닌가....,4,2026-07-17 01:42:06+00:00,보마 다른건 안바라는데 폭시 사용중에 누룰수 있게는 해줘야 되는거 아닌가....,보마 다른건 안바라는데 폭시 사용중에 누룰수 있게는 해줘야 되는거 아닌가,"['보마', '거', '바라', '폭', '시', '사용', '중', '누룰', '수', '있', '하', '되', '거']",,,,,
vtXkiF-GE9I,"개방 비용 좀 많은 것 같기도 하고 
그런데 0:38 이런 것도 있었군요",2,2026-07-17 01:40:20+00:00,"개방 비용 좀 많은 것 같기도 하고 
그런데 0:38 이런 것도 있었군요",개방 비용 좀 많은 것 같기도 하고 그런데 0 38 이런 것도 있었군요,"['개방', '비용', '많', '것', '같', '것', '있']",,,,,
vtXkiF-GE9I,그러면 극딜전에 렌은 망혼강림쓰고 바인드 걸고 극딜 올려야 딜 올라가겠네,1,2026-07-17 01:37:37+00:00,그러면 극딜전에 렌은 망혼강림쓰고 바인드 걸고 극딜 올려야 딜 올라가겠네,그러면 극딜전에 렌은 망혼강림쓰고 바인드 걸고 극딜 올려야 딜 올라가겠네,"['극딜', '전', '렌', '망', '혼', '강림', '쓰', '바인드', '걸', '극딜', '올리', '올라가']",,,,,
vtXkiF-GE9I,"은월 연우격풍 후방이동 시 이펙트가 사라지는 현상을 수정합니다.
뒤에서 딜 3등이라니까요! 창섭이형! 제ㅔㅔㅔ발! 이거 아니잖아!",6,2026-07-17 01:37:19+00:00,"은월 연우격풍 후방이동 시 이펙트가 사라지는 현상을 수정합니다.
뒤에서 딜 3등이라니까요! 창섭이형! 제ㅔㅔㅔ발! 이거 아니잖아!",은월 연우격풍 후방이동 시 이펙트가 사라지는 현상을 수정합니다 뒤에서 딜 3등이라니까요 창섭이형 제ㅔㅔ발 이거 아니잖아,"['은', '월', '우', '격', '풍', '후방', '이동', '시', '이펙트', '사라지', '현상', '수정', '뒤', '딜', '등', '창섭', '형', '제', '발']",,,,,
vtXkiF-GE9I,이런 패싱은 시발 너무한거아니냐??,2,2026-07-17 01:37:10+00:00,이런 패싱은 시발 너무한거아니냐??,이런 패싱은 시발 너무한거아니냐??,"['패싱', '시발', '하', '거']",,,,,
vtXkiF-GE9I,듀블은 대체 뭘까,2,2026-07-17 01:36:35+00:00,듀블은 대체 뭘까,듀블은 대체 뭘까,['듀블'],,,,,
vtXkiF-GE9I,승화발동시 재사용 초기화라는게 1회만 적용인거임?,1,2026-07-17 01:35:50+00:00,승화발동시 재사용 초기화라는게 1회만 적용인거임?,승화발동시 재사용 초기화라는게 1회만 적용인거임?,"['승화', '발동', '시', '사용', '초기', '것', '회', '적용', '거']",,,,,
vtXkiF-GE9I,그래그래 2달? 기다려주마....😢,7,2026-07-17 01:34:57+00:00,그래그래 2달? 기다려주마....😢,그래그래 2달? 기다려주마,"['달', '기다리']",,,,,
vtXkiF-GE9I,ㅎㄷㄷ,0,2026-07-17 01:33:53+00:00,ㅎㄷㄷ,ㅎㄷㄷ,[],,,,,
vtXkiF-GE9I,아니 팬텀;,0,2026-07-17 01:32:07+00:00,아니 팬텀;,아니 팬텀,['팬텀'],,,,,
vtXkiF-GE9I,.,0,2026-07-17 01:31:09+00:00,.,,[],,,,,
vtXkiF-GE9I,ㄷㄷ,0,2026-07-17 01:31:05+00:00,ㄷㄷ,ㄷㄷ,[],,,,,
vtXkiF-GE9I,안맑음...,0,2026-07-17 01:31:04+00:00,안맑음...,안맑음,['맑'],,,,,
vtXkiF-GE9I,1등!,0,2026-07-17 01:30:53+00:00,1등!,1등,['등'],,,,,
PmHlunblL3Y,메이플은 유저들이 문제임,1,2026-07-17 01:02:03+00:00,메이플은 유저들이 문제임,메이플은 유저들이 문제임,"['메이플', '유저', '문제']",,,,,
PmHlunblL3Y,프리즘 캐시판매는 진짜 개빡치긴하네 ㅋㅋㅋㅋ,0,2026-07-17 00:28:14+00:00,프리즘 캐시판매는 진짜 개빡치긴하네 ㅋㅋㅋㅋ,프리즘 캐시판매는 진짜 개빡치긴하네 ㅋㅋ,"['프리즘', '캐시', '판매', '개', '치']",,,,,
PmHlunblL3Y,인트로없애면구덕자100만간다,1,2026-07-17 00:17:32+00:00,인트로없애면구덕자100만간다,인트로없애면구덕자100만간다,"['인트', '없애', '덕', '자', '가']",,,,,
PmHlunblL3Y,신규스킬 점유율 2.5%라도 제발 받고 싶은 직업이면 개추 ㅋㅋ,2,2026-07-17 00:17:00+00:00,신규스킬 점유율 2.5%라도 제발 받고 싶은 직업이면 개추 ㅋㅋ,신규스킬 점유율 2 5 라도 제발 받고 싶은 직업이면 개추 ㅋㅋ,"['신규', '스킬', '점유', '받', '직업', '개', '추']",,,,,
PmHlunblL3Y,역대급 거품 디렉터 연예인병 걸린 대창섭,1,2026-07-17 00:14:06+00:00,역대급 거품 디렉터 연예인병 걸린 대창섭,역대급 거품 디렉터 연예인병 걸린 대창섭,"['역대', '급', '거품', '디렉터', '연예인', '병', '걸리', '대창섭']",,,,,
PmHlunblL3Y,근데 바인드 걸었다고 패턴 사라지면 겜 넘 쉬워 지는거 아니냐?,0,2026-07-17 00:00:32+00:00,근데 바인드 걸었다고 패턴 사라지면 겜 넘 쉬워 지는거 아니냐?,근데 바인드 걸었다고 패턴 사라지면 겜 넘 쉬워 지는거 아니냐?,"['바인드', '걸', '패턴', '사라지', '것', '쉽', '거']",,,,,
PmHlunblL3Y,"2022년부터 다시시작해서 6차출시도 보고, 롯데월드 새벽쇼케이스도 가보고, 이것저것 다 참여해봤지만, 결론은 두달전에 접었어요. RPG 근본인 모험하는 느낌은 아예 못느끼겠고, 그냥 매주 숙제하는 느낌, 진짜 딱 숙제. 만 느껴져서 상당히 고레벨+비주류 직업이라 랭킹권에도 속하는데, 그냥 접었어요. 남들 경험치 다 올릴때 나는 안하면 손해야. 이 생각이 나를 붙잡고있었는데, 접은 지금시점에서 돌아보면 진짜 진짜 쓸데없는 짓을 하고있었구나. 싶었네요. 정말 열심히했는데, 너무너무  재미가없어서 접었어요.",0,2026-07-16 23:43:18+00:00,"2022년부터 다시시작해서 6차출시도 보고, 롯데월드 새벽쇼케이스도 가보고, 이것저것 다 참여해봤지만, 결론은 두달전에 접었어요. RPG 근본인 모험하는 느낌은 아예 못느끼겠고, 그냥 매주 숙제하는 느낌, 진짜 딱 숙제. 만 느껴져서 상당히 고레벨+비주류 직업이라 랭킹권에도 속하는데, 그냥 접었어요. 남들 경험치 다 올릴때 나는 안하면 손해야. 이 생각이 나를 붙잡고있었는데, 접은 지금시점에서 돌아보면 진짜 진짜 쓸데없는 짓을 하고있었구나. 싶었네요. 정말 열심히했는데, 너무너무  재미가없어서 접었어요.",2022년부터 다시시작해서 6차출시도 보고 롯데월드 새벽쇼케이스도 가보고 이것저것 다 참여해봤지만 결론은 두달전에 접었어요 RPG 근본인 모험하는 느낌은 아예 못느끼겠고 그냥 매주 숙제하는 느낌 진짜 딱 숙제 만 느껴져서 상당히 고레벨 비주류 직업이라 랭킹권에도 속하는데 그냥 접었어요 남들 경험치 다 올릴때 나는 안하면 손해야 이 생각이 나를 붙잡고있었는데 접은 지금시점에서 돌아보면 진짜 진짜 쓸데없는 짓을 하고있었구나 싶었네요 정말 열심히했는데 너무너무 재미가없어서 접었어요,"['년', '시작', '차', '출시', '보', '롯데월드', '새벽', '쇼케이스', '가', '이것저것', '참여', '결론', '달', '전', '접', '근본', '모험', '느낌', '느끼', '숙제', '느낌', '숙제', '느끼', '레벨', '주류', '직업', '랭킹', '속하', '접', '남', '경험치', '올리', '때', '하', '손해', '생각', '붙잡', '접', '시점', '돌아보', '쓸데없', '짓', '하', '하', '재미', '없', '접']",,,,,
PmHlunblL3Y,모멘텀패스레벨별 효율점,0,2026-07-16 23:22:58+00:00,모멘텀패스레벨별 효율점,모멘텀패스레벨별 효율점,"['모멘텀', '패스', '레벨', '효율', '점']",,,,,
PmHlunblL3Y,근데 존나기괴한게 본인체급에3퍼올려버리던데 밸런스에대한 생각이 전혀없는거아님?,0,2026-07-16 23:19:51+00:00,근데 존나기괴한게 본인체급에3퍼올려버리던데 밸런스에대한 생각이 전혀없는거아님?,근데 존나기괴한게 본인체급에3퍼올려버리던데 밸런스에대한 생각이 전혀없는거아님?,"['것', '본인', '체급', '푸', '올리', '밸런스', '대하', '생각', '없', '거']",,,,,
PmHlunblL3Y,스킬을 안연다는 유저들도 많던데 이게 맞냐ㅋㅋㅋ,0,2026-07-16 23:18:59+00:00,스킬을 안연다는 유저들도 많던데 이게 맞냐ㅋㅋㅋ,스킬을 안연다는 유저들도 많던데 이게 맞냐ㅋㅋ,"['스킬', '열', '유저', '많', '맞']",,,,,
PmHlunblL3Y,메이플헨즈 한시가나 9900원은 씹 진심,0,2026-07-16 22:42:58+00:00,메이플헨즈 한시가나 9900원은 씹 진심,메이플헨즈 한시가나 9900원은 씹 진심,"['메이플헨즈', '시가', '원', '씹', '진심']",,,,,
PmHlunblL3Y,명의당 9개의 계정?ㄷㄷ 캐릭 3개 키우는 것도 빡세던데,0,2026-07-16 22:38:50+00:00,명의당 9개의 계정?ㄷㄷ 캐릭 3개 키우는 것도 빡세던데,명의당 9개의 계정?ㄷㄷ 캐릭 3개 키우는 것도 빡세던데,"['명의', '개', '계정', '캐릭', '개', '키우', '것', '빡세']",,,,,
PmHlunblL3Y,9월 구조적인 개선… 또 리마스터 한두개하고 스킬들 몇개 건드리고 끝내진 않겠죠,0,2026-07-16 22:36:34+00:00,9월 구조적인 개선… 또 리마스터 한두개하고 스킬들 몇개 건드리고 끝내진 않겠죠,9월 구조적인 개선 또 리마스터 한두개하고 스킬들 몇개 건드리고 끝내진 않겠죠,"['월', '구조', '개선', '리', '마스터', '개', '스킬', '개', '건드리', '끝내']",,,,,
PmHlunblL3Y,쌀숭이 천지네 그냥 ㅋㅋㅋㅋㅋ,0,2026-07-16 21:41:34+00:00,쌀숭이 천지네 그냥 ㅋㅋㅋㅋㅋ,쌀숭이 천지네 그냥 ㅋㅋ,"['쌀', '숭', '천지']",,,,,
PmHlunblL3Y,난 모르겠다 여름에 큰거 온다고 해놓고 9월 기다리라는게 9월이 여름인지를 모르겠다고 섭이형,0,2026-07-16 19:48:18+00:00,난 모르겠다 여름에 큰거 온다고 해놓고 9월 기다리라는게 9월이 여름인지를 모르겠다고 섭이형,난 모르겠다 여름에 큰거 온다고 해놓고 9월 기다리라는게 9월이 여름인지를 모르겠다고 섭이형,"['모르', '여름', '크', '거', '오', '하', '월', '기다리', '것', '월', '여름', '모르', '섭', '형']",,,,,
PmHlunblL3Y,"밸패도안해 6차스킬코어도 개ㅂㅅ처럼 내고 모멘텀패스로 또 넥슨캐시구매하라고하고 진짜 적당히해라 니들 rpg겜 운영하고있어; rpg겜에서 제일 중요한건 밸패인데 밸패를 유기, 연무장 낸이유도 모르겠고 이번 오버드라이브패치의 핵심인 6차스킬코어도 개 ㅂㅅ같이나와서 공코나왔을때보다 기대도안되고 이게 뭐하는건지 모르겠다.. 편의성패치 존나잘하는거 알겠는데 신규6차 이따구로 내는건 존나아닌거같다. 5차인 크오솔스인미랑 최종뎀이 비슷한거면 ㅅ발 이게 6차냐? 그냥5차지; 결정석 부담되면 뭐 메이플그린아이디? 그런걸 그냥 3개까지하던가 뭔 10개 ㅇㅈㄹ 어차피 정상적인유저들은 진짜 많나봐야 2개운영이 최대일텐데 이상한데선 관대하고 6차스킬코어는 존나짜치게내고 걍답없다",1,2026-07-16 19:25:44+00:00,"밸패도안해 6차스킬코어도 개ㅂㅅ처럼 내고 모멘텀패스로 또 넥슨캐시구매하라고하고 진짜 적당히해라 니들 rpg겜 운영하고있어; rpg겜에서 제일 중요한건 밸패인데 밸패를 유기, 연무장 낸이유도 모르겠고 이번 오버드라이브패치의 핵심인 6차스킬코어도 개 ㅂㅅ같이나와서 공코나왔을때보다 기대도안되고 이게 뭐하는건지 모르겠다.. 편의성패치 존나잘하는거 알겠는데 신규6차 이따구로 내는건 존나아닌거같다. 5차인 크오솔스인미랑 최종뎀이 비슷한거면 ㅅ발 이게 6차냐? 그냥5차지; 결정석 부담되면 뭐 메이플그린아이디? 그런걸 그냥 3개까지하던가 뭔 10개 ㅇㅈㄹ 어차피 정상적인유저들은 진짜 많나봐야 2개운영이 최대일텐데 이상한데선 관대하고 6차스킬코어는 존나짜치게내고 걍답없다",밸패도안해 6차스킬코어도 개ㅂㅅ처럼 내고 모멘텀패스로 또 넥슨캐시구매하라고하고 진짜 적당히해라 니들 rpg겜 운영하고있어 rpg겜에서 제일 중요한건 밸패인데 밸패를 유기 연무장 낸이유도 모르겠고 이번 오버드라이브패치의 핵심인 6차스킬코어도 개 ㅂㅅ같이나와서 공코나왔을때보다 기대도안되고 이게 뭐하는건지 모르겠다 편의성패치 존나잘하는거 알겠는데 신규6차 이따구로 내는건 존나아닌거같다 5차인 크오솔스인미랑 최종뎀이 비슷한거면 ㅅ발 이게 6차냐? 그냥5차지 결정석 부담되면 뭐 메이플그린아이디? 그런걸 그냥 3개까지하던가 뭔 10개 ㅇㅈㄹ 어차피 정상적인유저들은 진짜 많나봐야 2개운영이 최대일텐데 이상한데선 관대하고 6차스킬코어는 존나짜치게내고 걍답없다,"['밸패', '하', '차', '스킬', '코', '개', '모멘텀', '패스', '넥슨캐시', '구매', '하', '하', '것', '운영', '겜', '중요', '거', '밸패', '배', '패', '유기', '연무', '장', '내', '이유', '모르', '이번', '오버', '드라이브', '패치', '핵심', '차', '스킬', '코', '개', '나오', '공코', '나오', '때', '기대', '되', '하', '거', '모르', '편의', '패치', '거', '알', '신규', '차', '이따구', '내', '거', '거', '같', '차', '크오솔스인미랑', '최종뎀', '거', '발', '차', '차지', '결정', '석', '부담', '되', '메이플', '그린', '아이디', '거', '개', '하', '개', '정상', '유저', '많', '개', '운영', '최대', '터', '이상', '데', '6차스킬코어', '짜', '치', '내', '답', '없']",,,,,
PmHlunblL3Y,애니프사 달고있는 사람 댓글 꼬라지봐라,3,2026-07-16 19:20:45+00:00,애니프사 달고있는 사람 댓글 꼬라지봐라,애니프사 달고있는 사람 댓글 꼬라지봐라,"['애니프사', '달', '사람', '댓글', '꼬라지', '보']",,,,,
PmHlunblL3Y,항상 드는 생각인데 편의성 goat 나머진.. j..,2,2026-07-16 19:13:31+00:00,항상 드는 생각인데 편의성 goat 나머진.. j..,항상 드는 생각인데 편의성 goat 나머진 j,"['생각', '편의', '나머지']",,,,,
PmHlunblL3Y,네 보마는 환산12만 이상이 아닐경우 스킬을 안찍는게 더 효율이 좋다네요 ㅋㅋㅋ이게 신규스킬이냐?ㅋㅋㅋㅌ,0,2026-07-16 18:47:20+00:00,네 보마는 환산12만 이상이 아닐경우 스킬을 안찍는게 더 효율이 좋다네요 ㅋㅋㅋ이게 신규스킬이냐?ㅋㅋㅋㅌ,네 보마는 환산12만 이상이 아닐경우 스킬을 안찍는게 더 효율이 좋다네요 ㅋㅋ이게 신규스킬이냐?ㅋㅋㅌ,"['보', '환산', '이상', '경우', '스킬', '찍', '것', '효율', '좋', '하', '신규', '스킬']",,,,,
PmHlunblL3Y,"아무리생각해도 모르겠는게, 지금 20초딜링사이클에서 저게 2~3퍼 차지한다는건 결국 키다운캐릭들은 다른스킬에서 2~3퍼 손해보게 된다는소리아님???
그럼 2~3퍼가 뭔 의미가 있지ㅋㅋㅋㅋ",1,2026-07-16 18:47:13+00:00,"아무리생각해도 모르겠는게, 지금 20초딜링사이클에서 저게 2~3퍼 차지한다는건 결국 키다운캐릭들은 다른스킬에서 2~3퍼 손해보게 된다는소리아님???
그럼 2~3퍼가 뭔 의미가 있지ㅋㅋㅋㅋ",아무리생각해도 모르겠는게 지금 20초딜링사이클에서 저게 2 3퍼 차지한다는건 결국 키다운캐릭들은 다른스킬에서 2 3퍼 손해보게 된다는소리아님?? 그럼 2 3퍼가 뭔 의미가 있지ㅋㅋ,"['생각', '모르', '것', '초', '딜링', '사이클', '퍼', '차지', '거', '결국', '키다운캐릭', '스킬', '퍼', '손해', '보', '되', '소리', '퍼', '의미', '있']",,,,,
PmHlunblL3Y,"미호??
케이라 쌀먹 어흐",0,2026-07-16 18:41:33+00:00,"미호??
케이라 쌀먹 어흐",미호?? 케이라 쌀먹 어흐,"['미호', '케이', '라', '쌀', '먹']",,,,,
PmHlunblL3Y,오 안드로이드..!,1,2026-07-16 18:30:05+00:00,오 안드로이드..!,오 안드로이드,['안드로이드'],,,,,
PmHlunblL3Y,애니프사 화난거 왤케 웃김,1,2026-07-16 17:58:28+00:00,애니프사 화난거 왤케 웃김,애니프사 화난거 왤케 웃김,"['애니프사', '화나', '거', '하', '웃기']",,,,,
PmHlunblL3Y,"챌썹끝물에 bm 다 팔았으니 다음 수확을 위해
결정석 너프",0,2026-07-16 17:55:30+00:00,"챌썹끝물에 bm 다 팔았으니 다음 수확을 위해
결정석 너프",챌썹끝물에 bm 다 팔았으니 다음 수확을 위해 결정석 너프,"['챌썹끝물', '팔', '다음', '수확', '위하', '결정', '석', '너프']",,,,,
PmHlunblL3Y,메이린로이드 내줘..😮,0,2026-07-16 17:29:55+00:00,메이린로이드 내줘..😮,메이린로이드 내줘,"['메이린로이드', '내']",,,,,
PmHlunblL3Y,"6차 스킬코어 안내면 욕은 겁나 먹을거같고 어그로도 안끌릴거같고, 그렇다고 그걸로 딜은 못퍼주고.. 고민하다가 결국 하는게 ㅈ도 의미 없는 수치에 이펙트도 불완전하게 나온 스킬코어라는게.. 이럴거면 그냥 아예 안내고 다른부분에 더 집중햇어야 하는게 맞다. 레테나 선별 애니메이션이나 퀄리티 개허접한거 보면 없는 인력 최대한 분산하다가 이리된거같은데.. 선택과 집중을 못햇음.. 스킬코어 안내도 레테랑 챌섭 시즌4 때문에 어느정도는 어그로 끌렷을텐데 이건 과욕이라는 생각밖에 안드네",4,2026-07-16 17:24:12+00:00,"6차 스킬코어 안내면 욕은 겁나 먹을거같고 어그로도 안끌릴거같고, 그렇다고 그걸로 딜은 못퍼주고.. 고민하다가 결국 하는게 ㅈ도 의미 없는 수치에 이펙트도 불완전하게 나온 스킬코어라는게.. 이럴거면 그냥 아예 안내고 다른부분에 더 집중햇어야 하는게 맞다. 레테나 선별 애니메이션이나 퀄리티 개허접한거 보면 없는 인력 최대한 분산하다가 이리된거같은데.. 선택과 집중을 못햇음.. 스킬코어 안내도 레테랑 챌섭 시즌4 때문에 어느정도는 어그로 끌렷을텐데 이건 과욕이라는 생각밖에 안드네",6차 스킬코어 안내면 욕은 겁나 먹을거같고 어그로도 안끌릴거같고 그렇다고 그걸로 딜은 못퍼주고 고민하다가 결국 하는게 ㅈ도 의미 없는 수치에 이펙트도 불완전하게 나온 스킬코어라는게 이럴거면 그냥 아예 안내고 다른부분에 더 집중햇어야 하는게 맞다 레테나 선별 애니메이션이나 퀄리티 개허접한거 보면 없는 인력 최대한 분산하다가 이리된거같은데 선택과 집중을 못햇음 스킬코어 안내도 레테랑 챌섭 시즌4 때문에 어느정도는 어그로 끌렷을텐데 이건 과욕이라는 생각밖에 안드네,"['차', '스킬코어', '내', '욕', '먹', '거', '같', '끌리', '거', '같', '그렇', '걸', '딜', '푸', '고민', '결국', '하', '것', '도', '의미', '없', '수치', '이펙트', '완전', '나오', '스킬코어', '것', '이렇', '거', '내', '부분', '집중', '것', '맞', '레테나', '선별', '애니메이션', '퀄리티', '개', '허접', '거', '보', '없', '인력', '분산', '하', '되', '거', '같', '선택', '집중', '하', '스킬코어', '안내도', '레테랑', '챌섭', '시즌4', '때문', '정도', '끌리', '터', '과욕', '생각', '들']",,,,,
PmHlunblL3Y,0:19 개창섭이 2.5%? 구라치지마라 왜 내 직업은 1.5%급이냐,2,2026-07-16 17:22:14+00:00,0:19 개창섭이 2.5%? 구라치지마라 왜 내 직업은 1.5%급이냐,0 19 개창섭이 2 5 ? 구라치지마라 왜 내 직업은 1 5 급이냐,"['개', '창섭', '구라', '치', '직업', '급']",,,,,
PmHlunblL3Y,3분32초에 안내사항 적으실대 멕댐 얘기하는부분에서 7천억>>1조 라고 잘못표기했어요  10조 인데 오타나신거같습니다,0,2026-07-16 17:18:42+00:00,3분32초에 안내사항 적으실대 멕댐 얘기하는부분에서 7천억>>1조 라고 잘못표기했어요  10조 인데 오타나신거같습니다,3분32초에 안내사항 적으실대 멕댐 얘기하는부분에서 7천억 1조 라고 잘못표기했어요 10조 인데 오타나신거같습니다,"['분', '초', '안내', '사항', '적', '대', '멕', '댐', '얘기', '부분', '조', '표기', '조', '오타', '나', '거', '같']",,,,,
PmHlunblL3Y,몇일에 패치되서 들어오는건가요?,0,2026-07-16 17:18:38+00:00,몇일에 패치되서 들어오는건가요?,몇일에 패치되서 들어오는건가요?,"['일', '패치', '되', '들어오', '거']",,,,,
PmHlunblL3Y,메카베리 280 넘으면 언제쓰던지 효율차이 크게 없나용?,0,2026-07-16 17:05:36+00:00,메카베리 280 넘으면 언제쓰던지 효율차이 크게 없나용?,메카베리 280 넘으면 언제쓰던지 효율차이 크게 없나용?,"['메카베리', '넘', '쓰', '효율', '차이', '크', '없']",,,,,
PmHlunblL3Y,경매장 판매 ui에 엔터키 먹히도록 만들어주면 안될까... 어차피 너무 싸게 팔면 경고메세지 뜨게 만들었잖아,0,2026-07-16 17:04:59+00:00,경매장 판매 ui에 엔터키 먹히도록 만들어주면 안될까... 어차피 너무 싸게 팔면 경고메세지 뜨게 만들었잖아,경매장 판매 ui에 엔터키 먹히도록 만들어주면 안될까 어차피 너무 싸게 팔면 경고메세지 뜨게 만들었잖아,"['경매장', '판매', '엔터', '키', '먹히', '만들', '되', '싸', '팔', '경고', '메세지', '뜨', '만들']",,,,,
PmHlunblL3Y,"자석펫 근래에 줬다. Pc방 15시간 가면 준다. 사면 된다. 돈 없으면 ㄲㅈ 이러는데
진짜 뉴비 절단기들이네

나도 이번 뉴비로 유입됐는데 근래 주는거 챌섭 때 시작한 뉴비 입장에서 없는게 당연한거고 그전에는 메이플에 관심 ㅈ도 없었으니까
Pc방 15시간은 싼거 맞는데 이게 돈을 쓰고 끝이 아니라 가서 시간을 채워야 되는게 너무 빡셈.
돈 없으면 ㄲㅈ는 솔직히 자석펫이 적당히 비싸야지 30이면 직장인한테도 적은 돈이 아닌데 이제 한달 된 뉴비한테 패스 다 산거 포함하면 41만원을 쓰라는 건데 뉴비 입장에선 돈이 있든 없든 여기에 쓰는게 맞나 고민되는게 현실임",4,2026-07-16 16:59:40+00:00,"자석펫 근래에 줬다. Pc방 15시간 가면 준다. 사면 된다. 돈 없으면 ㄲㅈ 이러는데
진짜 뉴비 절단기들이네

나도 이번 뉴비로 유입됐는데 근래 주는거 챌섭 때 시작한 뉴비 입장에서 없는게 당연한거고 그전에는 메이플에 관심 ㅈ도 없었으니까
Pc방 15시간은 싼거 맞는데 이게 돈을 쓰고 끝이 아니라 가서 시간을 채워야 되는게 너무 빡셈.
돈 없으면 ㄲㅈ는 솔직히 자석펫이 적당히 비싸야지 30이면 직장인한테도 적은 돈이 아닌데 이제 한달 된 뉴비한테 패스 다 산거 포함하면 41만원을 쓰라는 건데 뉴비 입장에선 돈이 있든 없든 여기에 쓰는게 맞나 고민되는게 현실임",자석펫 근래에 줬다 Pc방 15시간 가면 준다 사면 된다 돈 없으면 ㄲㅈ 이러는데 진짜 뉴비 절단기들이네 나도 이번 뉴비로 유입됐는데 근래 주는거 챌섭 때 시작한 뉴비 입장에서 없는게 당연한거고 그전에는 메이플에 관심 ㅈ도 없었으니까 Pc방 15시간은 싼거 맞는데 이게 돈을 쓰고 끝이 아니라 가서 시간을 채워야 되는게 너무 빡셈 돈 없으면 ㄲㅈ는 솔직히 자석펫이 적당히 비싸야지 30이면 직장인한테도 적은 돈이 아닌데 이제 한달 된 뉴비한테 패스 다 산거 포함하면 41만원을 쓰라는 건데 뉴비 입장에선 돈이 있든 없든 여기에 쓰는게 맞나 고민되는게 현실임,"['자석', '펫', '근래', '방', '시간', '가', '주', '사', '되', '돈', '없', '이러', '뉴비', '절단기', '이번', '뉴비', '유입', '근래', '거', '챌섭', '때', '시작', '뉴비', '입장', '없', '것', '거', '전', '메이플', '관심', '없', '방', '시간', '싸', '거', '맞', '돈', '쓰', '끝', '가', '시간', '채우', '되', '것', '빡세', '돈', '없', '늘', '자석펫', '비싸', '직장인', '적', '돈', '달', '되', '뉴비', '패스', '사', '거', '포함', '원', '쓰', '거', '뉴비', '입장', '돈', '있', '없', '쓰', '것', '맞', '고민', '것', '현실']",,,,,
PmHlunblL3Y,07:20 이 노래 뭔가요???!!!,0,2026-07-16 16:36:02+00:00,07:20 이 노래 뭔가요???!!!,07 20 이 노래 뭔가요??,['노래'],,,,,
PmHlunblL3Y,영구는 아니더라도 챌섭 기간 동안은 자석펫 유지하게 좀 해주지; 버섯펫 어쩌고 하는데 챌섭 시작 뉴비들이 어케 알았겠노 그걸,4,2026-07-16 16:27:03+00:00,영구는 아니더라도 챌섭 기간 동안은 자석펫 유지하게 좀 해주지; 버섯펫 어쩌고 하는데 챌섭 시작 뉴비들이 어케 알았겠노 그걸,영구는 아니더라도 챌섭 기간 동안은 자석펫 유지하게 좀 해주지 버섯펫 어쩌고 하는데 챌섭 시작 뉴비들이 어케 알았겠노 그걸,"['영구', '챌섭', '기간', '동안', '자석펫', '유지', '하', '버섯펫', '어쩌', '하', '챌섭', '시작', '뉴비', '하', '알']",,,,,
PmHlunblL3Y,경매장 물품 많으면 안 뜨는거 ㅈ같았는데 잘했네,0,2026-07-16 16:21:44+00:00,경매장 물품 많으면 안 뜨는거 ㅈ같았는데 잘했네,경매장 물품 많으면 안 뜨는거 ㅈ같았는데 잘했네,"['경매장', '물품', '많', '뜨', '거', '같']",,,,,
PmHlunblL3Y,"솔직히 계정 2개 돌리는것도 솔까 피곤하긴 함

3개 이상은 그냥 뭐... 도전의 영역?
2계정까지 키우는데도 주보 돌리는데 시간 많이 걸림

일퀘나 주보 돌리는거 시간도 2배
그대신 주보돌이 수입은 2배",0,2026-07-16 16:04:37+00:00,"솔직히 계정 2개 돌리는것도 솔까 피곤하긴 함

3개 이상은 그냥 뭐... 도전의 영역?
2계정까지 키우는데도 주보 돌리는데 시간 많이 걸림

일퀘나 주보 돌리는거 시간도 2배
그대신 주보돌이 수입은 2배",솔직히 계정 2개 돌리는것도 솔까 피곤하긴 함 3개 이상은 그냥 뭐 도전의 영역? 2계정까지 키우는데도 주보 돌리는데 시간 많이 걸림 일퀘나 주보 돌리는거 시간도 2배 그대신 주보돌이 수입은 2배,"['계정', '개', '돌리', '것', '소', '피곤', '개', '이상', '도전', '영역', '계정', '키우', '데', '주보', '돌리', '데', '시간', '걸리', '일퀘', '주보', '돌리', '거', '시간', '배', '대신', '주보돌', '수입', '배']",,,,,
PmHlunblL3Y,근데 그냥 재화 부족한 사람은 안뚫는게 이득인거같은데,0,2026-07-16 16:03:28+00:00,근데 그냥 재화 부족한 사람은 안뚫는게 이득인거같은데,근데 그냥 재화 부족한 사람은 안뚫는게 이득인거같은데,"['재화', '부족', '사람', '뚫', '것', '이득', '거', '같']",,,,,
PmHlunblL3Y,최종뎀 2퍼 올릴거면 스킬을 왜만드누 ㅋㅋㅋㅋㅋㅋㅋㅋ 병신겜이였네 ㅋㅋㅋㅋㅋㅋㅋㅋ 챌유입인데.. 존나 트렌디하지 못하다.. 지들만의 길을 걷네,6,2026-07-16 15:59:33+00:00,최종뎀 2퍼 올릴거면 스킬을 왜만드누 ㅋㅋㅋㅋㅋㅋㅋㅋ 병신겜이였네 ㅋㅋㅋㅋㅋㅋㅋㅋ 챌유입인데.. 존나 트렌디하지 못하다.. 지들만의 길을 걷네,최종뎀 2퍼 올릴거면 스킬을 왜만드누 ㅋㅋ 병신겜이였네 ㅋㅋ 챌유입인데 존나 트렌디하지 못하다 지들만의 길을 걷네,"['최종뎀', '푸', '올리', '거', '스킬', '만들', '병신', '것', '챌', '유입', '트렌디', '길', '걷']",,,,,
PmHlunblL3Y,미호로이드는 못참지~ 오빠가 곧 이뻐해줄게~ 으흐흐,1,2026-07-16 15:58:56+00:00,미호로이드는 못참지~ 오빠가 곧 이뻐해줄게~ 으흐흐,미호로이드는 못참지 오빠가 곧 이뻐해줄게 으흐흐,"['미호로이드', '참', '오빠', '이쁘']",,,,,
PmHlunblL3Y,"근데 진짜 캐릭간 스킬 이펙트 ㅈㄴ 차이가 심한건 너무 석나감
꼬우면 직변하라는 애들도 있는데 이건 머.. 심히 멍청한 애들이고",3,2026-07-16 15:55:55+00:00,"근데 진짜 캐릭간 스킬 이펙트 ㅈㄴ 차이가 심한건 너무 석나감
꼬우면 직변하라는 애들도 있는데 이건 머.. 심히 멍청한 애들이고",근데 진짜 캐릭간 스킬 이펙트 ㅈㄴ 차이가 심한건 너무 석나감 꼬우면 직변하라는 애들도 있는데 이건 머 심히 멍청한 애들이고,"['캐릭', '간', '스킬', '이펙트', '차이', '심하', '거', '석나감', '꼬우', '직변하', '애', '있', '애']",,,,,
PmHlunblL3Y,쇼케 신규스킬 나온다? 이제 기대도 안함 쇼 그 자체이기 때문에,3,2026-07-16 15:54:57+00:00,쇼케 신규스킬 나온다? 이제 기대도 안함 쇼 그 자체이기 때문에,쇼케 신규스킬 나온다? 이제 기대도 안함 쇼 그 자체이기 때문에,"['쇼케', '신규', '스킬', '나오', '기대', '하', '쇼', '자체', '때문']",,,,,
PmHlunblL3Y,자석펫 연장안해주는건 진짜 감다뒤긴하다,4,2026-07-16 15:38:18+00:00,자석펫 연장안해주는건 진짜 감다뒤긴하다,자석펫 연장안해주는건 진짜 감다뒤긴하다,"['자석펫', '연장', '하', '거', '감', '뒤']",,,,,
PmHlunblL3Y,그래서 캐시샵 패치는 언제함?,0,2026-07-16 15:16:37+00:00,그래서 캐시샵 패치는 언제함?,그래서 캐시샵 패치는 언제함?,"['캐시', '샵', '패치', '하']",,,,,
PmHlunblL3Y,ㅋㅋ 진짜 ㅈㄴ잘하는데 벨런스는 너무 못맞춤 ㅋㅋㅋ 꼬우면 그직업하던지가 너무 심해,4,2026-07-16 15:15:09+00:00,ㅋㅋ 진짜 ㅈㄴ잘하는데 벨런스는 너무 못맞춤 ㅋㅋㅋ 꼬우면 그직업하던지가 너무 심해,ㅋㅋ 진짜 ㅈㄴ잘하는데 벨런스는 너무 못맞춤 ㅋㅋ 꼬우면 그직업하던지가 너무 심해,"['하', '벨런스', '맞추', '꼬우', '직업', '지', '심하']",,,,,
PmHlunblL3Y,6:57 왼쪽하단 남캐헤어하시는 코디고수분 ㅠㅠ?,1,2026-07-16 15:06:15+00:00,6:57 왼쪽하단 남캐헤어하시는 코디고수분 ㅠㅠ?,6 57 왼쪽하단 남캐헤어하시는 코디고수분 ㅠㅠ?,"['왼쪽', '하단', '남캐헤어', '하', '코디', '고수', '분']",,,,,
PmHlunblL3Y,"밸패 3줄 요약
1. 9월 기대해라
2. 구조 ㅈ될 줄 알아라
3. 기다려라",29,2026-07-16 15:06:01+00:00,"밸패 3줄 요약
1. 9월 기대해라
2. 구조 ㅈ될 줄 알아라
3. 기다려라",밸패 3줄 요약 1 9월 기대해라 2 구조 ㅈ될 줄 알아라 3 기다려라,"['밸패', '줄', '요약', '월', '기대', '구조', '되', '줄', '알', '기다리']",,,,,
PmHlunblL3Y,"의도는 이해하겠는데, 그럴꺼면 3차코어를 여름이벤트 간판처럼 해놓으면 안되었지.
차라리 저번 3차공용코어처럼 내놨으면 불만이 있어도 큰소리 없을텐데 큰거 오는거처럼 대문짝만하게 쇼케이스에서 공개해놓고 속빈강정으로 그러면 안되지",14,2026-07-16 14:54:24+00:00,"의도는 이해하겠는데, 그럴꺼면 3차코어를 여름이벤트 간판처럼 해놓으면 안되었지.
차라리 저번 3차공용코어처럼 내놨으면 불만이 있어도 큰소리 없을텐데 큰거 오는거처럼 대문짝만하게 쇼케이스에서 공개해놓고 속빈강정으로 그러면 안되지",의도는 이해하겠는데 그럴꺼면 3차코어를 여름이벤트 간판처럼 해놓으면 안되었지 차라리 저번 3차공용코어처럼 내놨으면 불만이 있어도 큰소리 없을텐데 큰거 오는거처럼 대문짝만하게 쇼케이스에서 공개해놓고 속빈강정으로 그러면 안되지,"['의도', '이해', '그렇', '꺼', '3차코어', '여름', '이벤트', '간판', '하', '되', '저번', '3차공용코어', '내', '불만', '있', '크', '소리', '없', '터', '크', '거', '오', '거', '대문짝', '하', '쇼케이스', '공개', '속', '비', '강정', '그러', '되']",,,,,
PmHlunblL3Y,"나는 지금 인플레 잡으면서 가는 게 맞다고 봄
무작정 강해지면 당장은 좋겠지 근데 결국 고스펙은 껌값으로 미친듯이 강해지고 신규보스는 그 파워에 맞춰서 출시될텐데 보스 사이에 간격 커지면 나중에 또 중간에 뭐 만들어라 뭐 만들어라 말 나올게 뻔함 올라가려는 사람들에게 너무 가혹해짐 우리같은 저스펙이야 어차피 1렙 주차 가성비 쌀먹라인 주차니 우리 일 아니라 상관 없어보이겠지 근데 공명지조 만류귀종이라는 거 메이플을 하는 이상 다 연결됨 쌀숭이 빼고",3,2026-07-16 14:52:52+00:00,"나는 지금 인플레 잡으면서 가는 게 맞다고 봄
무작정 강해지면 당장은 좋겠지 근데 결국 고스펙은 껌값으로 미친듯이 강해지고 신규보스는 그 파워에 맞춰서 출시될텐데 보스 사이에 간격 커지면 나중에 또 중간에 뭐 만들어라 뭐 만들어라 말 나올게 뻔함 올라가려는 사람들에게 너무 가혹해짐 우리같은 저스펙이야 어차피 1렙 주차 가성비 쌀먹라인 주차니 우리 일 아니라 상관 없어보이겠지 근데 공명지조 만류귀종이라는 거 메이플을 하는 이상 다 연결됨 쌀숭이 빼고",나는 지금 인플레 잡으면서 가는 게 맞다고 봄 무작정 강해지면 당장은 좋겠지 근데 결국 고스펙은 껌값으로 미친듯이 강해지고 신규보스는 그 파워에 맞춰서 출시될텐데 보스 사이에 간격 커지면 나중에 또 중간에 뭐 만들어라 뭐 만들어라 말 나올게 뻔함 올라가려는 사람들에게 너무 가혹해짐 우리같은 저스펙이야 어차피 1렙 주차 가성비 쌀먹라인 주차니 우리 일 아니라 상관 없어보이겠지 근데 공명지조 만류귀종이라는 거 메이플을 하는 이상 다 연결됨 쌀숭이 빼고,"['인플레', '잡', '가', '것', '맞', '보', '작정', '강하', '당장', '좋', '스펙', '껌', '값', '미치', '듯이', '강하', '신규', '보스', '파워', '맞추', '출시', '터', '보스', '사이', '간격', '커지', '나중', '중간', '만들', '만들', '말', '나오', '것', '뻔하', '올라가', '사람', '가혹', '같', '스펙', '1렙', '주차', '가성비', '쌀', '먹', '라인', '주차', '일', '상관', '없', '보이', '공명지조', '만류귀종', '메이플', '하', '이상', '연결', '쌀숭이', '빼']",,,,,
PmHlunblL3Y,데미지는 모르겠고 ㅈ같은 굴렁쇠 들어간 제로좀 바꿔줘…,0,2026-07-16 14:36:21+00:00,데미지는 모르겠고 ㅈ같은 굴렁쇠 들어간 제로좀 바꿔줘…,데미지는 모르겠고 ㅈ같은 굴렁쇠 들어간 제로좀 바꿔줘,"['데미지', '모르', '같', '굴렁쇠', '들어가', '바꾸']",,,,,
PmHlunblL3Y,qt 겜 이제 렌 단물 다 빨았겠다 꺼지라는거지 ㅇㅇ ㅋㅋㅋ,0,2026-07-16 14:28:54+00:00,qt 겜 이제 렌 단물 다 빨았겠다 꺼지라는거지 ㅇㅇ ㅋㅋㅋ,qt 겜 이제 렌 단물 다 빨았겠다 꺼지라는거지 ㅇㅇ ㅋㅋ,"['것', '렌', '단물', '빨', '꺼지', '거']",,,,,
PmHlunblL3Y,벨로나 순삭되는거 막을라고하는건가 되게 막는 느낌이네,2,2026-07-16 14:08:03+00:00,벨로나 순삭되는거 막을라고하는건가 되게 막는 느낌이네,벨로나 순삭되는거 막을라고하는건가 되게 막는 느낌이네,"['벨로', '되', '거', '막', '거', '막', '느낌']",,,,,
PmHlunblL3Y,사람 많아서 렉 걸리니까 하기 싫은 사람은 돈 더 쓰지말고 빨리 접어주세요~🙏,5,2026-07-16 13:55:08+00:00,사람 많아서 렉 걸리니까 하기 싫은 사람은 돈 더 쓰지말고 빨리 접어주세요~🙏,사람 많아서 렉 걸리니까 하기 싫은 사람은 돈 더 쓰지말고 빨리 접어주세요,"['사람', '많', '렉', '걸리', '하', '싫', '사람', '돈', '쓰', '접']",,,,,
PmHlunblL3Y,흠 '밸런스' 자체가 굉장히 민감한 부분인건 알겠으나 애초 설계한 각 직업별 목적이있었을 텐데 자꾸 언밸런스 되어버리는건 아쉽네... 이 때 마다 다들 살벌해짐 민심도 ㅆ창나고...,12,2026-07-16 13:44:51+00:00,흠 '밸런스' 자체가 굉장히 민감한 부분인건 알겠으나 애초 설계한 각 직업별 목적이있었을 텐데 자꾸 언밸런스 되어버리는건 아쉽네... 이 때 마다 다들 살벌해짐 민심도 ㅆ창나고...,흠 밸런스 자체가 굉장히 민감한 부분인건 알겠으나 애초 설계한 각 직업별 목적이있었을 텐데 자꾸 언밸런스 되어버리는건 아쉽네 이 때 마다 다들 살벌해짐 민심도 ㅆ창나고,"['밸런스', '자체', '민감', '부분', '거', '알', '애초', '설계', '직업', '목적', '있', '터', '언밸런스', '되', '거', '아쉽', '때', '다', '살벌', '민심', '창', '나']",,,,,
PmHlunblL3Y,자석펫 사야되나....,0,2026-07-16 13:40:50+00:00,자석펫 사야되나....,자석펫 사야되나,"['자석', '펫', '사', '되']",,,,,
PmHlunblL3Y,응 사료개꿀멍꿀 ㅋ,0,2026-07-16 13:39:15+00:00,응 사료개꿀멍꿀 ㅋ,응 사료개꿀멍꿀 ㅋ,['사료개꿀멍꿀'],,,,,
PmHlunblL3Y,불루베리농장 미호로이드 나왔구나,3,2026-07-16 13:35:41+00:00,불루베리농장 미호로이드 나왔구나,불루베리농장 미호로이드 나왔구나,"['불루베리농장', '미호로이드', '나오']",,,,,
PmHlunblL3Y,맥뎀 1조 10조 뭐가 맞는거임?,0,2026-07-16 13:31:01+00:00,맥뎀 1조 10조 뭐가 맞는거임?,맥뎀 1조 10조 뭐가 맞는거임?,"['맥뎀', '맞', '거']",,,,,
PmHlunblL3Y,석이 개나가네,0,2026-07-16 13:28:22+00:00,석이 개나가네,석이 개나가네,"['석이', '개', '나가']",,,,,
PmHlunblL3Y,맨날사과해 ㅋㅋㅋㅋ또뭔데,0,2026-07-16 13:26:34+00:00,맨날사과해 ㅋㅋㅋㅋ또뭔데,맨날사과해 ㅋㅋ또뭔데,['사과'],,,,,
PmHlunblL3Y,ㅇㄴ 바우처 9월에 나오는 줄 알고 메소 다 써버렸는데😂,0,2026-07-16 13:23:01+00:00,ㅇㄴ 바우처 9월에 나오는 줄 알고 메소 다 써버렸는데😂,ㅇㄴ 바우처 9월에 나오는 줄 알고 메소 다 써버렸는데,"['바우처', '월', '나오', '줄', '알', '메소', '쓰']",,,,,
PmHlunblL3Y,어센트가 너무 사기였어서 이렇게 나오는건가,1,2026-07-16 13:20:05+00:00,어센트가 너무 사기였어서 이렇게 나오는건가,어센트가 너무 사기였어서 이렇게 나오는건가,"['센트', '사기', '이렇', '나오', '거']",,,,,
PmHlunblL3Y,분명 쇼케이스에서 평딜직업은 다소 빈약한 극딜을 보조해주고 극딜직업은 평딜 보조해주도록 설계했다고 말했으면서 보조는 개뿔 30렙 풀강해도 어떤직업은 신규스킬이 스인미보다도 딜 점유율 낮게  나오는데 그럼 뭐 1렙이면ㅋㅋㅋ 이게 보조해주는게 맞음? 내가 봤을때 9월 어쩌고는 다 핑계고 그냥 신규스킬빨로 하드메이린 쌀먹하는거 막을려고 이ㅈㄹ하는거 같은데 의도가 너무 눈에보인다,4,2026-07-16 13:19:15+00:00,분명 쇼케이스에서 평딜직업은 다소 빈약한 극딜을 보조해주고 극딜직업은 평딜 보조해주도록 설계했다고 말했으면서 보조는 개뿔 30렙 풀강해도 어떤직업은 신규스킬이 스인미보다도 딜 점유율 낮게  나오는데 그럼 뭐 1렙이면ㅋㅋㅋ 이게 보조해주는게 맞음? 내가 봤을때 9월 어쩌고는 다 핑계고 그냥 신규스킬빨로 하드메이린 쌀먹하는거 막을려고 이ㅈㄹ하는거 같은데 의도가 너무 눈에보인다,분명 쇼케이스에서 평딜직업은 다소 빈약한 극딜을 보조해주고 극딜직업은 평딜 보조해주도록 설계했다고 말했으면서 보조는 개뿔 30렙 풀강해도 어떤직업은 신규스킬이 스인미보다도 딜 점유율 낮게 나오는데 그럼 뭐 1렙이면ㅋㅋ 이게 보조해주는게 맞음? 내가 봤을때 9월 어쩌고는 다 핑계고 그냥 신규스킬빨로 하드메이린 쌀먹하는거 막을려고 이ㅈㄹ하는거 같은데 의도가 너무 눈에보인다,"['쇼케이스', '평', '딜', '직업', '빈약', '극딜', '보조', '극딜직업', '평', '딜', '보조', '설계', '말', '보조', '개뿔', '30렙', '풀강', '하', '직업', '신규', '스킬', '스인미', '딜', '점유', '낮', '나오', '1렙', '보조', '것', '맞', '보', '때', '월', '어쩌', '핑계', '신규스킬빨로', '하드메이린', '쌀', '먹', '거', '막', '이', '하', '거', '같', '의도', '눈', '보이']",,,,,
PmHlunblL3Y,"겨울 챌섭때는 변편찮은 이벤트, 스킬코어 추가도 없이 모멘텀패스3연타 익스프레스부스트 exp듀오 이딴것만 ㅈㄴ게 팔아제꼈다는거임 ㅇ.ㅇ",0,2026-07-16 13:14:35+00:00,"겨울 챌섭때는 변편찮은 이벤트, 스킬코어 추가도 없이 모멘텀패스3연타 익스프레스부스트 exp듀오 이딴것만 ㅈㄴ게 팔아제꼈다는거임 ㅇ.ㅇ",겨울 챌섭때는 변편찮은 이벤트 스킬코어 추가도 없이 모멘텀패스3연타 익스프레스부스트 exp듀오 이딴것만 ㅈㄴ게 팔아제꼈다는거임 ㅇ ㅇ,"['겨울', '챌섭', '때', '변', '편찮', '이벤트', '스킬', '코어', '추가', '모멘텀', '패스', '연', '타', '익스프레스', '부스', '트', '듀오', '것', '게', '팔', '제끼', '거']",,,,,
PmHlunblL3Y,다 그러려니해도 스탯방무0% 듀블은 언제 정상화해주나 싶네ㅋㅋㅋ 바이퍼는 자체방무40%인데도 신6차에 방무줬던데,1,2026-07-16 13:14:02+00:00,다 그러려니해도 스탯방무0% 듀블은 언제 정상화해주나 싶네ㅋㅋㅋ 바이퍼는 자체방무40%인데도 신6차에 방무줬던데,다 그러려니해도 스탯방무0 듀블은 언제 정상화해주나 싶네ㅋㅋ 바이퍼는 자체방무40 인데도 신6차에 방무줬던데,"['그러', '하', '스탯방무', '듀블', '정상', '바이퍼', '자체', '방', '무', '이', '차', '방', '무', '주']",,,,,
PmHlunblL3Y,딜이 문제가 아니라 구조가 ㅈ같고 밸런스가 심하게 붕괴된 게임인데 그건 뒷전이고 보여주기식 스킬 출시에 이벤트에 치중된 모습. 신규 잡겠다고 기존 유저 석 제대로 나가게 하네 이러다 벨패 한다고 난도질해서 몇 몇 직업들 또 접겠지?,3,2026-07-16 13:11:37+00:00,딜이 문제가 아니라 구조가 ㅈ같고 밸런스가 심하게 붕괴된 게임인데 그건 뒷전이고 보여주기식 스킬 출시에 이벤트에 치중된 모습. 신규 잡겠다고 기존 유저 석 제대로 나가게 하네 이러다 벨패 한다고 난도질해서 몇 몇 직업들 또 접겠지?,딜이 문제가 아니라 구조가 ㅈ같고 밸런스가 심하게 붕괴된 게임인데 그건 뒷전이고 보여주기식 스킬 출시에 이벤트에 치중된 모습 신규 잡겠다고 기존 유저 석 제대로 나가게 하네 이러다 벨패 한다고 난도질해서 몇 몇 직업들 또 접겠지?,"['딜', '문제', '구조', '같', '밸런스', '심하', '붕괴', '게임', '뒷전', '보이', '식', '스킬', '출시', '이벤트', '치중', '모습', '신규', '잡', '기존', '유저', '석', '나가', '이러', '벨', '패', '하', '난도', '직업', '접']",,,,,
PmHlunblL3Y,"내생각엔 9월에 마코 딜상승량 깎고 스킬코어에 옮겨줄것 같음
헥사 초기화권 있으니까 그냥 효율보고 다시 찍으라고 해도 큰 문제 없고
마코가 5%씩 주는데 스킬코어가 2%? 라는 말 안나오게 마코를 3퍼로 내리고 스킬코어들을 강하게 만들어버리는 군대식 해결 할것같음",5,2026-07-16 13:01:25+00:00,"내생각엔 9월에 마코 딜상승량 깎고 스킬코어에 옮겨줄것 같음
헥사 초기화권 있으니까 그냥 효율보고 다시 찍으라고 해도 큰 문제 없고
마코가 5%씩 주는데 스킬코어가 2%? 라는 말 안나오게 마코를 3퍼로 내리고 스킬코어들을 강하게 만들어버리는 군대식 해결 할것같음",내생각엔 9월에 마코 딜상승량 깎고 스킬코어에 옮겨줄것 같음 헥사 초기화권 있으니까 그냥 효율보고 다시 찍으라고 해도 큰 문제 없고 마코가 5 씩 주는데 스킬코어가 2 ? 라는 말 안나오게 마코를 3퍼로 내리고 스킬코어들을 강하게 만들어버리는 군대식 해결 할것같음,"['생각', '월', '마코', '딜', '상승', '량', '깎', '스킬코어', '옮기', '것', '같', '헥사', '초기', '있', '효율', '보', '찍', '하', '크', '문제', '없', '마코', '주', '스킬코어', '라', '말', '나오', '코', '3퍼', '내리', '스킬코어', '강하', '만들', '군대식', '해결', '하', '것', '같']",,,,,
PmHlunblL3Y,"3:34초 오타 있는것 같습니다. ) 1조
언제나 빠르게 올려주셔서 감사합니다.",6,2026-07-16 13:00:27+00:00,"3:34초 오타 있는것 같습니다. ) 1조
언제나 빠르게 올려주셔서 감사합니다.",3 34초 오타 있는것 같습니다 1조 언제나 빠르게 올려주셔서 감사합니다,"['초', '오타', '있', '것', '같', '조', '빠르', '올리', '감사']",,,,,
PmHlunblL3Y,"다들 화났나본데
난 듀블이라 화 안나",0,2026-07-16 12:59:54+00:00,"다들 화났나본데
난 듀블이라 화 안나",다들 화났나본데 난 듀블이라 화 안나,"['화나', '듀블', '화', '나']",,,,,
PmHlunblL3Y,근데 또 뭘 잘못함?,0,2026-07-16 12:55:03+00:00,근데 또 뭘 잘못함?,근데 또 뭘 잘못함?,[],,,,,
PmHlunblL3Y,5:10 제발 사냥 몇마리 이런걸로 해줘 내 레테 201렙이란 말이야...ㅠㅠㅠㅠㅠㅠㅠ,0,2026-07-16 12:48:40+00:00,5:10 제발 사냥 몇마리 이런걸로 해줘 내 레테 201렙이란 말이야...ㅠㅠㅠㅠㅠㅠㅠ,5 10 제발 사냥 몇마리 이런걸로 해줘 내 레테 201렙이란 말이야 ㅠㅠ,"['사냥', '마리', '걸', '하', '레테', '렙', '말']",,,,,
PmHlunblL3Y,조각 2000개 해도 안올릴것 같은데 ㅋㅋㅋㅋㅋㅋ,2,2026-07-16 12:45:47+00:00,조각 2000개 해도 안올릴것 같은데 ㅋㅋㅋㅋㅋㅋ,조각 200개 해도 안올릴것 같은데 ㅋㅋ,"['조각', '개', '올리', '것', '같']",,,,,
PmHlunblL3Y,"어센트도 2%정도나오는데 요구재화 정상화좀하죠? 피통깠다고 그냥깠다기엔 시전시간대비 데미지도 줄었고 세이람 지속시간 비율도 확늘어서 쓸각 재기도 불편해졌는데 이렇게 비싸야될 이유를 모르겠네요 교불에르다,조각으로 총사용량의20%정도 페이백해주시던가 성능 정상화를 좀 시켜주십쇼",0,2026-07-16 12:40:43+00:00,"어센트도 2%정도나오는데 요구재화 정상화좀하죠? 피통깠다고 그냥깠다기엔 시전시간대비 데미지도 줄었고 세이람 지속시간 비율도 확늘어서 쓸각 재기도 불편해졌는데 이렇게 비싸야될 이유를 모르겠네요 교불에르다,조각으로 총사용량의20%정도 페이백해주시던가 성능 정상화를 좀 시켜주십쇼",어센트도 2 정도나오는데 요구재화 정상화좀하죠? 피통깠다고 그냥깠다기엔 시전시간대비 데미지도 줄었고 세이람 지속시간 비율도 확늘어서 쓸각 재기도 불편해졌는데 이렇게 비싸야될 이유를 모르겠네요 교불에르다 조각으로 총사용량의20 정도 페이백해주시던가 성능 정상화를 좀 시켜주십쇼,"['센트', '정도', '나오', '요구', '재화', '정상', '하', '피', '통', '까', '까', '하', '시전', '시간', '대비', '데미지', '줄', '세', '하', '지속', '시간', '비율', '늘', '쓰', '각', '재', '불편', '이렇', '비싸', '되', '이유', '모르', '교불에르다', '조각', '사용량', '정도', '페이', '백', '성능', '정상', '시키']",,,,,
PmHlunblL3Y,3:33 오타당,0,2026-07-16 12:40:21+00:00,3:33 오타당,3 33 오타당,['오타'],,,,,
PmHlunblL3Y,이번 라방은 실망스럽다,1,2026-07-16 12:38:17+00:00,이번 라방은 실망스럽다,이번 라방은 실망스럽다,"['이번', '라', '방', '실망']",,,,,
PmHlunblL3Y,그래그래 사과 받아주마,0,2026-07-16 12:37:50+00:00,그래그래 사과 받아주마,그래그래 사과 받아주마,"['그렇', '사과', '받']",,,,,
PmHlunblL3Y,특수 효과도 없고 딜도닞고 재화는 뒤지게쳐먹고 족쇄도 달렸네,2,2026-07-16 12:35:43+00:00,특수 효과도 없고 딜도닞고 재화는 뒤지게쳐먹고 족쇄도 달렸네,특수 효과도 없고 딜도닞고 재화는 뒤지게쳐먹고 족쇄도 달렸네,"['특수', '효과', '없', '딜도', '닞', '재화', '뒤지', '치', '족쇄', '달리']",,,,,
PmHlunblL3Y,"모맨텀 패스가 50000원인데 가성비 적으로나 어떤가요 살만 할까요? 
제네 플러스까지 살 생각은 있었는데 어차피 즐길려면 어느정도의 지출은 하는게 좋으니까요",0,2026-07-16 12:34:15+00:00,"모맨텀 패스가 50000원인데 가성비 적으로나 어떤가요 살만 할까요? 
제네 플러스까지 살 생각은 있었는데 어차피 즐길려면 어느정도의 지출은 하는게 좋으니까요",모맨텀 패스가 500원인데 가성비 적으로나 어떤가요 살만 할까요? 제네 플러스까지 살 생각은 있었는데 어차피 즐길려면 어느정도의 지출은 하는게 좋으니까요,"['모맨', '텀', '패스', '원', '가성비', '어떻', '살', '만', '하', '플러스', '살', '생각', '있', '즐기', '정도', '지출', '하', '것', '좋']",,,,,
PmHlunblL3Y,솔직히 이번 6차 다른건 모르겠는데 직업 간에 이펙트 격차 겁나 차이나는게 석나감,52,2026-07-16 12:33:45+00:00,솔직히 이번 6차 다른건 모르겠는데 직업 간에 이펙트 격차 겁나 차이나는게 석나감,솔직히 이번 6차 다른건 모르겠는데 직업 간에 이펙트 격차 겁나 차이나는게 석나감,"['이번', '차', '거', '모르', '직업', '간', '이펙트', '격차', '차이', '나', '것', '나가']",,,,,
PmHlunblL3Y,그래도 딜이 2~3%면 일반 유저기준이면 너무 구린 게 아닌가...,2,2026-07-16 12:31:11+00:00,그래도 딜이 2~3%면 일반 유저기준이면 너무 구린 게 아닌가...,그래도 딜이 2 3 면 일반 유저기준이면 너무 구린 게 아닌가,"['딜', '일반', '유저', '기준', '구리', '것']",,,,,
PmHlunblL3Y,미호로이드 끼얏호우~!!!!!!!!,2,2026-07-16 12:31:08+00:00,미호로이드 끼얏호우~!!!!!!!!,미호로이드 끼얏호우,"['미호로이드', '끼얏호우']",,,,,
PmHlunblL3Y,다음 계획을 위해서 속도를 낼필요가 있다 하지만 딜은? 2~3퍼?? 신규6차인데.. 그냥 돈벌려고 그리고 여름이니까 뭐는 내긴해야곘고...,7,2026-07-16 12:28:26+00:00,다음 계획을 위해서 속도를 낼필요가 있다 하지만 딜은? 2~3퍼?? 신규6차인데.. 그냥 돈벌려고 그리고 여름이니까 뭐는 내긴해야곘고...,다음 계획을 위해서 속도를 낼필요가 있다 하지만 딜은? 2 3퍼?? 신규6차인데 그냥 돈벌려고 그리고 여름이니까 뭐는 내긴해야곘고,"['다음', '계획', '위하', '속도', '내', '필요', '있', '딜', '퍼', '신규', '차', '돈', '벌', '여름', '곘']",,,,,
PmHlunblL3Y,이 게임 참 유지비 많이든다,37,2026-07-16 12:27:26+00:00,이 게임 참 유지비 많이든다,이 게임 참 유지비 많이든다,"['게임', '유지비', '들']",,,,,
PmHlunblL3Y,이럼 걍 신규스킬 9월에 뚫는게 낫겠네 지금은 걍 키칸 아까움 ㅋㅋㅋㅋㅋㅋㅋㅋㅋㅋㅋ,3,2026-07-16 12:22:53+00:00,이럼 걍 신규스킬 9월에 뚫는게 낫겠네 지금은 걍 키칸 아까움 ㅋㅋㅋㅋㅋㅋㅋㅋㅋㅋㅋ,이럼 걍 신규스킬 9월에 뚫는게 낫겠네 지금은 걍 키칸 아까움 ㅋㅋ,"['이러', '신규', '스킬', '월', '뚫', '것', '낫', '지금', '키', '칸', '아깝']",,,,,
PmHlunblL3Y,"쇼케요약 : 
9월까지 bm홈쇼핑 많이 사라.
패스 사준 뉴비들 고맙고 이제 꺼져라.
40만원짜리 스인미 35만원으로 깎아주겠다.",145,2026-07-16 12:20:29+00:00,"쇼케요약 : 
9월까지 bm홈쇼핑 많이 사라.
패스 사준 뉴비들 고맙고 이제 꺼져라.
40만원짜리 스인미 35만원으로 깎아주겠다.",쇼케요약 9월까지 bm홈쇼핑 많이 사라 패스 사준 뉴비들 고맙고 이제 꺼져라 40만원짜리 스인미 35만원으로 깎아주겠다,"['쇼', '요약', '월', '홈쇼핑', '사', '패스', '사', '뉴비', '고맙', '꺼지', '원', '스인미', '원', '깎']",,,,,
PmHlunblL3Y,2.5~3% 도 안된건 어카냐,1,2026-07-16 12:19:24+00:00,2.5~3% 도 안된건 어카냐,2 5 3 도 안된건 어카냐,"['도', '되', '거', '어카']",,,,,
PmHlunblL3Y,자석펫 110억만 더 모으면 살수있다..,0,2026-07-16 12:19:14+00:00,자석펫 110억만 더 모으면 살수있다..,자석펫 110억만 더 모으면 살수있다,"['자석펫', '모으', '살', '수', '있']",,,,,
PmHlunblL3Y,그래서 보마는 왜 1.2퍼인데요,1,2026-07-16 12:15:09+00:00,그래서 보마는 왜 1.2퍼인데요,그래서 보마는 왜 1 2퍼인데요,"['보마', '퍼']",,,,,
PmHlunblL3Y,4:33 물자 50개 모아둬야되나요?,5,2026-07-16 12:09:53+00:00,4:33 물자 50개 모아둬야되나요?,4 33 물자 50개 모아둬야되나요?,"['물자', '개', '모으', '되']",,,,,
PmHlunblL3Y,사냥 아예안해도 날먹으로 285찍히네 좋다 방학시즌마다 285링크3렙 하나씩 추가가능하네,6,2026-07-16 12:09:29+00:00,사냥 아예안해도 날먹으로 285찍히네 좋다 방학시즌마다 285링크3렙 하나씩 추가가능하네,사냥 아예안해도 날먹으로 285찍히네 좋다 방학시즌마다 285링크3렙 하나씩 추가가능하네,"['사냥', '하', '먹', '찍히', '좋', '방학', '시즌', '링크', '렙', '추가', '가능']",,,,,
PmHlunblL3Y,이렇게 만들거면 신규 스킬 코어 왜 만든거임? ㅋㅋㅋ 이래놓고 9월까지 ^기다려^,48,2026-07-16 12:08:58+00:00,이렇게 만들거면 신규 스킬 코어 왜 만든거임? ㅋㅋㅋ 이래놓고 9월까지 ^기다려^,이렇게 만들거면 신규 스킬 코어 왜 만든거임? ㅋㅋ 이래놓고 9월까지 기다려,"['이렇', '만들', '거', '신규', '스킬', '코어', '만들', '거', '이렇', '월', '기다리']",,,,,
PmHlunblL3Y,5:55 김창섭: 우리는 앞으로 한동안 경험치 장사를 하겠다,47,2026-07-16 12:06:36+00:00,5:55 김창섭: 우리는 앞으로 한동안 경험치 장사를 하겠다,5 55 김창섭 우리는 앞으로 한동안 경험치 장사를 하겠다,"['김', '창섭', '앞', '한동안', '경험치', '장사', '하']",,,,,
PmHlunblL3Y,드디어 헤카테 스킨에 녹색이 추가되었다!,2,2026-07-16 12:03:12+00:00,드디어 헤카테 스킨에 녹색이 추가되었다!,드디어 헤카테 스킨에 녹색이 추가되었다,"['헤카테', '스킨', '녹색', '추가']",,,,,
PmHlunblL3Y,신창섭은 메이린로이드를 출시하라!!,8,2026-07-16 12:02:59+00:00,신창섭은 메이린로이드를 출시하라!!,신창섭은 메이린로이드를 출시하라,"['신창섭', '메이린로이드', '출시']",,,,,
PmHlunblL3Y,"오리진 어센틱은 스킬에 특수성이 있어서 쿨이 길고 딜이 구려도 어느정도 이해 했는데
신규 6차는 도무지 점유율 2~3퍼따리일 이유를 모르겠네",52,2026-07-16 12:02:33+00:00,"오리진 어센틱은 스킬에 특수성이 있어서 쿨이 길고 딜이 구려도 어느정도 이해 했는데
신규 6차는 도무지 점유율 2~3퍼따리일 이유를 모르겠네",오리진 어센틱은 스킬에 특수성이 있어서 쿨이 길고 딜이 구려도 어느정도 이해 했는데 신규 6차는 도무지 점유율 2 3퍼따리일 이유를 모르겠네,"['오리진', '어센틱', '스킬', '특수', '있', '쿨', '길', '딜', '구리', '정도', '이해', '신규', '차', '점유', '퍼따리일', '이유', '모르']",,,,,
PmHlunblL3Y,"영상에서는 
맥뎀 7천억 -> 10조인데
자막은 1조라고 되어있네요",13,2026-07-16 12:02:13+00:00,"영상에서는 
맥뎀 7천억 -> 10조인데
자막은 1조라고 되어있네요",영상에서는 맥뎀 7천억 10조인데 자막은 1조라고 되어있네요,"['영상', '맥뎀', '조', '자막', '조', '되']",,,,,
PmHlunblL3Y,메카베리 하나만 더주지 힝,2,2026-07-16 11:59:44+00:00,메카베리 하나만 더주지 힝,메카베리 하나만 더주지 힝,"['메카베리', '주', '힝']",,,,,
PmHlunblL3Y,모멘텀 패스 5만원 이거 살 가치 있는 건가요 매짱 형님들?,2,2026-07-16 11:57:09+00:00,모멘텀 패스 5만원 이거 살 가치 있는 건가요 매짱 형님들?,모멘텀 패스 5만원 이거 살 가치 있는 건가요 매짱 형님들?,"['모멘텀', '패스', '원', '사', '가치', '있', '거', '매짱', '형']",,,,,
PmHlunblL3Y,미미크리 방 빼 !!!,0,2026-07-16 11:56:37+00:00,미미크리 방 빼 !!!,미미크리 방 빼,"['미미', '크리', '방', '빼']",,,,,
PmHlunblL3Y,자석펫 내놓으라고 김창섭!!!,12,2026-07-16 11:56:16+00:00,자석펫 내놓으라고 김창섭!!!,자석펫 내놓으라고 김창섭,"['자석펫', '내놓', '김', '창섭']",,,,,
PmHlunblL3Y,올 댓글없는거 첨본다,0,2026-07-16 11:56:09+00:00,올 댓글없는거 첨본다,올 댓글없는거 첨본다,"['댓글', '없', '거', '보']",,,,,
PmHlunblL3Y,그래그래 오늘은 좀 늦었네 잘봐주마,148,2026-07-16 11:56:06+00:00,그래그래 오늘은 좀 늦었네 잘봐주마,그래그래 오늘은 좀 늦었네 잘봐주마,"['오늘', '늦', '보']",,,,,
PmHlunblL3Y,1빠 히히,0,2026-07-16 11:56:04+00:00,1빠 히히,1빠 히히,['빠'],,,,,
PmHlunblL3Y,왐마 빠르다,0,2026-07-16 11:55:59+00:00,왐마 빠르다,왐마 빠르다,"['왐마', '빠르']",,,,,
1ArZ9wfeyqA,"5:54 보시면 220때 주는 심볼이 보이는데 

220 이면 레헬른 맞죠? 그럼 220때 주는 하이퍼버닝맥스에서 심볼을 주기전에 길뚫을 해야하는데 레헬른 길뚫 한 후 NPC가 레벨헬 심볼 1레벨 준 후 그 다음에 바로 하버맥스에서 받는 심볼 여기 비디오에 보이는 심볼 레벨 7을 받은 후 장착은 뭐가 먼저되었는 상관없는거죠? 예를들면 굳이 하버맥스에서 받은 심볼을 먼저 장착하던지 레헬렌 길뚫후 NPC가 주는 심볼 1레벨을 장착을 먼저 하던지 이런건 상관 없죠?",1,2026-07-15 17:21:27+00:00,"5:54 보시면 220때 주는 심볼이 보이는데 

220 이면 레헬른 맞죠? 그럼 220때 주는 하이퍼버닝맥스에서 심볼을 주기전에 길뚫을 해야하는데 레헬른 길뚫 한 후 NPC가 레벨헬 심볼 1레벨 준 후 그 다음에 바로 하버맥스에서 받는 심볼 여기 비디오에 보이는 심볼 레벨 7을 받은 후 장착은 뭐가 먼저되었는 상관없는거죠? 예를들면 굳이 하버맥스에서 받은 심볼을 먼저 장착하던지 레헬렌 길뚫후 NPC가 주는 심볼 1레벨을 장착을 먼저 하던지 이런건 상관 없죠?",5 54 보시면 220때 주는 심볼이 보이는데 220 이면 레헬른 맞죠? 그럼 220때 주는 하이퍼버닝맥스에서 심볼을 주기전에 길뚫을 해야하는데 레헬른 길뚫 한 후 NPC가 레벨헬 심볼 1레벨 준 후 그 다음에 바로 하버맥스에서 받는 심볼 여기 비디오에 보이는 심볼 레벨 7을 받은 후 장착은 뭐가 먼저되었는 상관없는거죠? 예를들면 굳이 하버맥스에서 받은 심볼을 먼저 장착하던지 레헬렌 길뚫후 NPC가 주는 심볼 1레벨을 장착을 먼저 하던지 이런건 상관 없죠?,"['보', '때', '주', '심볼', '보이', '레헬른', '맞', '때', '하이퍼버닝맥스', '심볼', '주', '전', '길', '뚫', '하', '레헬른', '길', '뚫', '하', '후', '레벨헬', '심볼', '레벨', '주', '후', '다음', '하버맥스', '받', '심볼', '비디오', '보이', '심볼', '레벨', '받', '후', '장착', '되', '상관없', '거', '예', '들', '하버맥스', '받', '심볼', '장착', '레헬렌', '길', '뚫', '후', '주', '심볼', '1레벨', '장착', '하', '거', '상관', '없']",,,,,
f92dfu0biJI,"하이퍼버닝맥스 200레벨 찍으면 버닝이벤트로 받는 10렙 심볼이랑 소멸의 여로 길뚫 1렙 심볼 합칠 때, 어떤 캐릭터는 1렙에 10렙 먹이고 어떤 캐릭터는 10렙에 1렙 먹였는데 현재 시스템상 둘 다 손해나 증발 없이 정상 적용된 거 맞나요? 착용 순서는 문제없죠?

참고 로 저는 글로벌 메이플 북미서버에요. 한국 서버보다 반년이 업데이트가 느린거같아요",0,2026-07-15 17:06:35+00:00,"하이퍼버닝맥스 200레벨 찍으면 버닝이벤트로 받는 10렙 심볼이랑 소멸의 여로 길뚫 1렙 심볼 합칠 때, 어떤 캐릭터는 1렙에 10렙 먹이고 어떤 캐릭터는 10렙에 1렙 먹였는데 현재 시스템상 둘 다 손해나 증발 없이 정상 적용된 거 맞나요? 착용 순서는 문제없죠?

참고 로 저는 글로벌 메이플 북미서버에요. 한국 서버보다 반년이 업데이트가 느린거같아요",하이퍼버닝맥스 200레벨 찍으면 버닝이벤트로 받는 10렙 심볼이랑 소멸의 여로 길뚫 1렙 심볼 합칠 때 어떤 캐릭터는 1렙에 10렙 먹이고 어떤 캐릭터는 10렙에 1렙 먹였는데 현재 시스템상 둘 다 손해나 증발 없이 정상 적용된 거 맞나요? 착용 순서는 문제없죠? 참고 로 저는 글로벌 메이플 북미서버에요 한국 서버보다 반년이 업데이트가 느린거같아요,"['하이퍼버닝맥스', '레벨', '찍', '버닝', '이벤트', '받', '10렙', '심볼', '소멸', '여로', '길', '뚫', '1렙', '심볼', '합치', '때', '캐릭터', '1렙', '10렙', '먹이', '캐릭터', '10렙', '1렙', '먹이', '시스템', '손해', '증발', '정상', '적용', '거', '맞', '착용', '순서', '문제', '없', '참고', '글로벌', '메이플', '북미', '서버', '한국', '서버', '반', '년', '업데이트', '느리', '거', '같']",,,,,
Jw0QMbJDWm0,"하이퍼버닝맥스 200레벨 찍으면 버닝이벤트로 받는 10렙 심볼이랑 소멸의 여로 길뚫 1렙 심볼 합칠 때, 어떤 캐릭터는 1렙에 10렙 먹이고 어떤 캐릭터는 10렙에 1렙 먹였는데 현재 시스템상 둘 다 손해나 증발 없이 정상 적용된 거 맞나요? 착용 순서는 문제없죠?

참고 로 저는 글로벌 메이플 북미서버에요. 한국 서버보다 반년이 업데이트가 느린거같아요.",0,2026-07-15 16:41:28+00:00,"하이퍼버닝맥스 200레벨 찍으면 버닝이벤트로 받는 10렙 심볼이랑 소멸의 여로 길뚫 1렙 심볼 합칠 때, 어떤 캐릭터는 1렙에 10렙 먹이고 어떤 캐릭터는 10렙에 1렙 먹였는데 현재 시스템상 둘 다 손해나 증발 없이 정상 적용된 거 맞나요? 착용 순서는 문제없죠?

참고 로 저는 글로벌 메이플 북미서버에요. 한국 서버보다 반년이 업데이트가 느린거같아요.",하이퍼버닝맥스 200레벨 찍으면 버닝이벤트로 받는 10렙 심볼이랑 소멸의 여로 길뚫 1렙 심볼 합칠 때 어떤 캐릭터는 1렙에 10렙 먹이고 어떤 캐릭터는 10렙에 1렙 먹였는데 현재 시스템상 둘 다 손해나 증발 없이 정상 적용된 거 맞나요? 착용 순서는 문제없죠? 참고 로 저는 글로벌 메이플 북미서버에요 한국 서버보다 반년이 업데이트가 느린거같아요,"['하이퍼버닝맥스', '레벨', '찍', '버닝', '이벤트', '받', '10렙', '심볼', '소멸', '여로', '길', '뚫', '1렙', '심볼', '합치', '때', '캐릭터', '1렙', '10렙', '먹이', '캐릭터', '10렙', '1렙', '먹이', '시스템', '손해', '증발', '정상', '적용', '거', '맞', '착용', '순서', '문제', '없', '참고', '글로벌', '메이플', '북미', '서버', '한국', '서버', '반', '년', '업데이트', '느리', '거', '같']",,,,,
rhFbqj9QPEY,"하이퍼버닝맥스 200레벨 찍으면 버닝이벤트로 받는 10렙 심볼이랑 소멸의 여로 길뚫 1렙 심볼 합칠 때, 어떤 캐릭터는 1렙에 10렙 먹이고 어떤 캐릭터는 10렙에 1렙 먹였는데 현재 시스템상 둘 다 손해나 증발 없이 정상 적용된 거 맞나요? 착용 순서는 문제없죠?",0,2026-07-15 16:32:05+00:00,"하이퍼버닝맥스 200레벨 찍으면 버닝이벤트로 받는 10렙 심볼이랑 소멸의 여로 길뚫 1렙 심볼 합칠 때, 어떤 캐릭터는 1렙에 10렙 먹이고 어떤 캐릭터는 10렙에 1렙 먹였는데 현재 시스템상 둘 다 손해나 증발 없이 정상 적용된 거 맞나요? 착용 순서는 문제없죠?",하이퍼버닝맥스 200레벨 찍으면 버닝이벤트로 받는 10렙 심볼이랑 소멸의 여로 길뚫 1렙 심볼 합칠 때 어떤 캐릭터는 1렙에 10렙 먹이고 어떤 캐릭터는 10렙에 1렙 먹였는데 현재 시스템상 둘 다 손해나 증발 없이 정상 적용된 거 맞나요? 착용 순서는 문제없죠?,"['하이퍼버닝맥스', '레벨', '찍', '버닝', '이벤트', '받', '10렙', '심볼', '소멸', '여로', '길', '뚫', '1렙', '심볼', '합치', '때', '캐릭터', '1렙', '10렙', '먹이', '캐릭터', '10렙', '1렙', '먹이', '시스템', '손해', '증발', '정상', '적용', '거', '맞', '착용', '순서', '문제', '없']",,,,,
FMUmSNtWlEU,몇 년 만에 복귀하는데 다 까먹어서 이런 영상 완전 조아요,1,2026-07-15 10:04:56+00:00,몇 년 만에 복귀하는데 다 까먹어서 이런 영상 완전 조아요,몇 년 만에 복귀하는데 다 까먹어서 이런 영상 완전 조아요,"['년', '만', '복귀', '데', '까먹', '영상', '조아']",,,,,
ytnhqWf3_nQ,5차 공용 코어 도 몇가지 스킬 제가 만렙 30 찍었는데 망캐아니죠?..,1,2026-07-15 08:32:06+00:00,5차 공용 코어 도 몇가지 스킬 제가 만렙 30 찍었는데 망캐아니죠?..,5차 공용 코어 도 몇가지 스킬 제가 만렙 30 찍었는데 망캐아니죠?,"['차', '공용', '코어', '가지', '스킬', '만렙', '찍', '망', '캐']",,,,,
ytnhqWf3_nQ,"메이플스토리 200 소멸의 여로 하이퍼버닝 으로 하면 레벨 200때 심볼 버닝 이벤트로 주는데 200,210,215,220 이렇게 올라갈때마다 주는데 주기전에 그 소멸의 여로 먼저 퀘스트를 시작후 완료해야지만 받을수있던데 퀘스트 완료하면 소멸의 여로 에서 NPC가 심볼 하나 주는데 버닝이벤트로 받은 심볼 이든 NPC가 퀘스트 완료후 주는 심볼이든 아무거나 먼저 끼어도 괜찮죠? 꼭 NPC가 주는 심볼을 먼저 착용 하고 그 다음에 무조건 버닝에서 주는 심볼 착용하라는 법은 없죠?
제가 어느날은 퀘스트 NPC가 준 후 착용후 버닝 이벤트로 주는 심볼 착용 하고 어느날은 그 반대로 하고 그랫어요",1,2026-07-15 08:31:39+00:00,"메이플스토리 200 소멸의 여로 하이퍼버닝 으로 하면 레벨 200때 심볼 버닝 이벤트로 주는데 200,210,215,220 이렇게 올라갈때마다 주는데 주기전에 그 소멸의 여로 먼저 퀘스트를 시작후 완료해야지만 받을수있던데 퀘스트 완료하면 소멸의 여로 에서 NPC가 심볼 하나 주는데 버닝이벤트로 받은 심볼 이든 NPC가 퀘스트 완료후 주는 심볼이든 아무거나 먼저 끼어도 괜찮죠? 꼭 NPC가 주는 심볼을 먼저 착용 하고 그 다음에 무조건 버닝에서 주는 심볼 착용하라는 법은 없죠?
제가 어느날은 퀘스트 NPC가 준 후 착용후 버닝 이벤트로 주는 심볼 착용 하고 어느날은 그 반대로 하고 그랫어요",메이플스토리 200 소멸의 여로 하이퍼버닝 으로 하면 레벨 200때 심볼 버닝 이벤트로 주는데 200 210 215 220 이렇게 올라갈때마다 주는데 주기전에 그 소멸의 여로 먼저 퀘스트를 시작후 완료해야지만 받을수있던데 퀘스트 완료하면 소멸의 여로 에서 NPC가 심볼 하나 주는데 버닝이벤트로 받은 심볼 이든 NPC가 퀘스트 완료후 주는 심볼이든 아무거나 먼저 끼어도 괜찮죠? 꼭 NPC가 주는 심볼을 먼저 착용 하고 그 다음에 무조건 버닝에서 주는 심볼 착용하라는 법은 없죠? 제가 어느날은 퀘스트 NPC가 준 후 착용후 버닝 이벤트로 주는 심볼 착용 하고 어느날은 그 반대로 하고 그랫어요,"['메이플스토리', '소멸', '여로', '하이퍼버닝', '하', '레벨', '때', '심볼', '버닝', '이벤트', '주', '데', '올라가', '때', '주', '주', '전', '소멸', '여로', '퀘스트', '시작', '후', '완료', '받', '수', '있', '데', '퀘스트', '완료', '소멸', '여로', '심볼', '주', '버닝', '이벤트', '받', '심볼', '퀘스트', '완료', '후', '심볼', '거', '끼', '괜찮', '주', '심볼', '착용', '다음', '버닝', '주', '심볼', '착용', '법', '없', '날', '퀘스트', '후', '착용', '후', '버닝', '이벤트', '주', '심볼', '착용', '날', '반대', '하', '그렇']",,,,,
hkQYIrPbthM,"안녕하세요 잼이님
이번 챌섭 260까지 찍고 아이템 버닝 받은 상태로 레테가 재미없어서 계정 자체를 삭제해서 후회중인 사람입니다.
아이템 버닝이 명의당 1개라 해서 다른 분들한테 물어보니 다음 챌섭시즌에 오라하는데
저는 지금부터 하고 싶어서요
혹시 맨땅부터 이벤트없이 육성하는 가이드같은게 있을까요?",1,2026-07-14 17:16:50+00:00,"안녕하세요 잼이님
이번 챌섭 260까지 찍고 아이템 버닝 받은 상태로 레테가 재미없어서 계정 자체를 삭제해서 후회중인 사람입니다.
아이템 버닝이 명의당 1개라 해서 다른 분들한테 물어보니 다음 챌섭시즌에 오라하는데
저는 지금부터 하고 싶어서요
혹시 맨땅부터 이벤트없이 육성하는 가이드같은게 있을까요?",안녕하세요 잼이님 이번 챌섭 260까지 찍고 아이템 버닝 받은 상태로 레테가 재미없어서 계정 자체를 삭제해서 후회중인 사람입니다 아이템 버닝이 명의당 1개라 해서 다른 분들한테 물어보니 다음 챌섭시즌에 오라하는데 저는 지금부터 하고 싶어서요 혹시 맨땅부터 이벤트없이 육성하는 가이드같은게 있을까요?,"['안녕', '잼', '이번', '챌섭', '찍', '아이템', '버닝', '받', '상태', '레테', '재미없', '계정', '자체', '삭제', '후회', '중', '사람', '아이템', '버닝', '명의', '개', '하', '분', '물어보', '다음', '챌섭', '시즌', '오', '하', '지금', '하', '땅', '이벤트', '육성', '가이드', '같', '것', '있']",,,,,
f92dfu0biJI,노말 아카이럼을 잡으러 갈수가 없어요...,0,2026-07-14 14:35:18+00:00,노말 아카이럼을 잡으러 갈수가 없어요...,노말 아카이럼을 잡으러 갈수가 없어요,"['노', '말', '아카이럼', '잡', '가', '수', '없']",,,,,
f92dfu0biJI,6:10 여기 퀘스트 안받고 카오스 밸룸 잡았는데 이럴때는 어떻게 하나요? 다시 못 잡게 해놨는데..,0,2026-07-14 13:01:39+00:00,6:10 여기 퀘스트 안받고 카오스 밸룸 잡았는데 이럴때는 어떻게 하나요? 다시 못 잡게 해놨는데..,6 10 여기 퀘스트 안받고 카오스 밸룸 잡았는데 이럴때는 어떻게 하나요? 다시 못 잡게 해놨는데,"['퀘스트', '받', '카오스', '밸룸', '잡', '이렇', '때', '어떻', '하', '잡']",,,,,
Jw0QMbJDWm0,"그.. 뉴비인데 이런걸 더 자세히 알려주세요 . 하이퍼 버닝 보상으로 받는 레벨 100,200,210,215.220 이렇게 받을때 반지도 주고 이상한 아이템들도 줘서 강화해야하고 이런걸 뉴비들은 아래 모르는데 이런걸 설명하는 유튜버가 아애 하나도 없어요. 결국 사용도못하고 그냥 냅두다가 잃게됩니다.",0,2026-07-14 12:10:34+00:00,"그.. 뉴비인데 이런걸 더 자세히 알려주세요 . 하이퍼 버닝 보상으로 받는 레벨 100,200,210,215.220 이렇게 받을때 반지도 주고 이상한 아이템들도 줘서 강화해야하고 이런걸 뉴비들은 아래 모르는데 이런걸 설명하는 유튜버가 아애 하나도 없어요. 결국 사용도못하고 그냥 냅두다가 잃게됩니다.",그 뉴비인데 이런걸 더 자세히 알려주세요 하이퍼 버닝 보상으로 받는 레벨 100 200 210 215 220 이렇게 받을때 반지도 주고 이상한 아이템들도 줘서 강화해야하고 이런걸 뉴비들은 아래 모르는데 이런걸 설명하는 유튜버가 아애 하나도 없어요 결국 사용도못하고 그냥 냅두다가 잃게됩니다,"['뉴비', '거', '알리', '하이퍼', '버닝', '보상', '받', '레벨', '이렇', '받', '때', '반지', '주', '이상', '아이템', '주', '강화', '거', '뉴비', '아래', '모르', '거', '설명', '유튜버', '애', '없', '사용', '하', '냅두', '잃', '되']",,,,,
T61RzWvrU2g,카데나 맛만 보세요 뉴비넴들,0,2026-07-14 03:29:24+00:00,카데나 맛만 보세요 뉴비넴들,카데나 맛만 보세요 뉴비넴들,"['카데나', '맛', '보', '뉴비넴']",,,,,
f92dfu0biJI,어웨이크 반지에 레전 썼는데 괜찮을까요?,0,2026-07-14 03:02:13+00:00,어웨이크 반지에 레전 썼는데 괜찮을까요?,어웨이크 반지에 레전 썼는데 괜찮을까요?,"['어웨이크', '반지', '레저', '쓰', '괜찮']",,,,,
ep6YvyuVbV0,혹시 죄송한데 도적부분 브금이 뭔가요? 뭔가 되게 느낌있고 좋아서 여쭤봐요 ㅎㅎ,0,2026-07-13 20:46:32+00:00,혹시 죄송한데 도적부분 브금이 뭔가요? 뭔가 되게 느낌있고 좋아서 여쭤봐요 ㅎㅎ,혹시 죄송한데 도적부분 브금이 뭔가요? 뭔가 되게 느낌있고 좋아서 여쭤봐요 ㅎㅎ,"['죄송하', '도적', '부분', '브금', '느낌', '있', '좋', '여쭈']",,,,,
f92dfu0biJI,이제 메이플 운영자 보상없나요?,0,2026-07-11 16:49:04+00:00,이제 메이플 운영자 보상없나요?,이제 메이플 운영자 보상없나요?,"['메이플', '운영자', '보상', '없']",,,,,
ep6YvyuVbV0,혹시 라라유저인데 라라 뎀스 정보좀 알 수 있을까욥..,0,2026-07-09 13:27:48+00:00,혹시 라라유저인데 라라 뎀스 정보좀 알 수 있을까욥..,혹시 라라유저인데 라라 뎀스 정보좀 알 수 있을까욥,"['라라', '유저', '라라', '뎀스', '정보', '알', '수', '있']",,,,,
f92dfu0biJI,왕 너무 깔끔하고 세세하게 설명 잘해주셔서 메린이 스펙업에 도움되었습니당 감사합니다😳,0,2026-07-09 10:24:02+00:00,왕 너무 깔끔하고 세세하게 설명 잘해주셔서 메린이 스펙업에 도움되었습니당 감사합니다😳,왕 너무 깔끔하고 세세하게 설명 잘해주셔서 메린이 스펙업에 도움되었습니당 감사합니다,"['왕', '깔끔', '설명', '하', '메', '린', '스펙', '업', '도움', '되', '감사']",,,,,
ep6YvyuVbV0,아크 뎀지스킨 이름이 뭔가요?,0,2026-07-08 16:12:24+00:00,아크 뎀지스킨 이름이 뭔가요?,아크 뎀지스킨 이름이 뭔가요?,"['아크', '뎀지스킨', '이름']",,,,,
f92dfu0biJI,길라잡이 보상이 있었어..? 젠장,0,2026-07-07 16:32:41+00:00,길라잡이 보상이 있었어..? 젠장,길라잡이 보상이 있었어 ? 젠장,"['길라잡이', '보상', '있']",,,,,
f92dfu0biJI,진짜 할거 뒤지게 많네 옛날겜이라,0,2026-07-07 11:01:21+00:00,진짜 할거 뒤지게 많네 옛날겜이라,진짜 할거 뒤지게 많네 옛날겜이라,"['하', '거', '뒤지', '많', '옛날', '것']",,,,,
HVSa7aqX5Tk,메르 어게인...! ㅠㅠ,0,2026-07-07 01:19:22+00:00,메르 어게인...! ㅠㅠ,메르 어게인 ㅠㅠ,"['메르', '어게인']",,,,,
Q-b20FJZ0jQ,챌린저스서버를 잘 모르고 본섭(크로아)에서 하버를 지정해서 지금 274까지 키우면서 보상을 다 받았는데 이걸 삭제하고 챌섭에서 다시 하버를 지정해서 키울수있는걸로 아는데 지금까지 먹었던 보상은 못먹는거겠죠..?그냥 본섭 키우던거 키우고 챌섭에서 테라버닝으로 나머지 키우는게 나을까요..?메짱형님들 제발 알려주세요…,1,2026-07-06 21:48:32+00:00,챌린저스서버를 잘 모르고 본섭(크로아)에서 하버를 지정해서 지금 274까지 키우면서 보상을 다 받았는데 이걸 삭제하고 챌섭에서 다시 하버를 지정해서 키울수있는걸로 아는데 지금까지 먹었던 보상은 못먹는거겠죠..?그냥 본섭 키우던거 키우고 챌섭에서 테라버닝으로 나머지 키우는게 나을까요..?메짱형님들 제발 알려주세요…,챌린저스서버를 잘 모르고 본섭 크로아 에서 하버를 지정해서 지금 274까지 키우면서 보상을 다 받았는데 이걸 삭제하고 챌섭에서 다시 하버를 지정해서 키울수있는걸로 아는데 지금까지 먹었던 보상은 못먹는거겠죠 ?그냥 본섭 키우던거 키우고 챌섭에서 테라버닝으로 나머지 키우는게 나을까요 ?메짱형님들 제발 알려주세요,"['챌린저스서버', '모르', '본섭', '크로아', '하버', '지정', '키우', '보상', '받', '삭제', '챌섭', '하버', '지정', '키우', '수', '있', '거', '알', '지금', '먹', '보상', '먹', '거', '본섭', '키우', '거', '키우', '챌섭', '테라버닝', '나머지', '키우', '것', '낫', '메짱', '형', '알리']",,,,,
6RGKFGjff3k,이게 뭔겜이야ㅋㅋ내가 알던 메이플은 없어진거네ㅋㅋ,0,2026-07-06 13:24:14+00:00,이게 뭔겜이야ㅋㅋ내가 알던 메이플은 없어진거네ㅋㅋ,이게 뭔겜이야ㅋㅋ내가 알던 메이플은 없어진거네ㅋㅋ,"['것', '알', '메이플', '없', '거']",,,,,
5C5DU2FiHZk,"썬콜  장점
13초 바인드 (시전 내내 무적) 
타 텔포보다 거리가 넓음.
딜 압축
사냥 굉장히 편함

단점


눈이 졸라게 아픔
스우 1페 때 전기줄이 깔리는데 파란색이라 스킬 쓰면 안 보일 때 있음ㅋㅋ",0,2026-07-06 13:14:19+00:00,"썬콜  장점
13초 바인드 (시전 내내 무적) 
타 텔포보다 거리가 넓음.
딜 압축
사냥 굉장히 편함

단점


눈이 졸라게 아픔
스우 1페 때 전기줄이 깔리는데 파란색이라 스킬 쓰면 안 보일 때 있음ㅋㅋ",썬콜 장점 13초 바인드 시전 내내 무적 타 텔포보다 거리가 넓음 딜 압축 사냥 굉장히 편함 단점 눈이 졸라게 아픔 스우 1페 때 전기줄이 깔리는데 파란색이라 스킬 쓰면 안 보일 때 있음ㅋㅋ,"['썬', '콜', '장점', '초', '바인드', '시', '전', '무적', '타', '텔', '포', '거리', '넓', '딜', '압축', '사냥', '편하', '단점', '눈', '졸라게', '아프', '스우', '페', '때', '전기', '줄', '깔리', '파란색', '스킬', '쓰', '보이', '때', '있']",,,,,
f92dfu0biJI,"진짜 ㅈㄴ게 어렵네ㅋㅋㅋㅋ
내가 알던 메이플이 아니네",0,2026-07-06 12:50:01+00:00,"진짜 ㅈㄴ게 어렵네ㅋㅋㅋㅋ
내가 알던 메이플이 아니네",진짜 ㅈㄴ게 어렵네ㅋㅋ 내가 알던 메이플이 아니네,"['것', '어렵', '알', '메이플']",,,,,
HVSa7aqX5Tk,9:33 캡틴 루시드 3페 진짜 말 안댐...개약함,0,2026-07-06 10:40:28+00:00,9:33 캡틴 루시드 3페 진짜 말 안댐...개약함,9 33 캡틴 루시드 3페 진짜 말 안댐 개약함,"['캡틴', '루시드', '3페', '말', '대', '개', '약하']",,,,,
6RGKFGjff3k,근데 생긴게 왜그래요??어디아파요?,0,2026-07-05 22:31:12+00:00,근데 생긴게 왜그래요??어디아파요?,근데 생긴게 왜그래요??어디아파요?,"['생기', '것', '그렇', '아프']",,,,,
f92dfu0biJI,야누스 설치는 어떻게하는건가요?;;;,0,2026-07-05 16:21:27+00:00,야누스 설치는 어떻게하는건가요?;;;,야누스 설치는 어떻게하는건가요?,"['야누스', '설치', '어떻', '하', '거']",,,,,
Q-b20FJZ0jQ,이거 보기전에 첼4에 만들어서 ....,0,2026-07-05 13:35:23+00:00,이거 보기전에 첼4에 만들어서 ....,이거 보기전에 첼4에 만들어서,"['보', '전', '첼', '만들']",,,,,
f92dfu0biJI,버닝으로 260찍었는데 사냥터 가서 경험치 차는거 보고 겜 바로 삭제함 ㅇㅇ,0,2026-07-05 09:22:13+00:00,버닝으로 260찍었는데 사냥터 가서 경험치 차는거 보고 겜 바로 삭제함 ㅇㅇ,버닝으로 260찍었는데 사냥터 가서 경험치 차는거 보고 겜 바로 삭제함 ㅇㅇ,"['버닝', '찍', '사냥터', '가', '경험치', '차', '거', '보', '것', '삭제']",,,,,
f92dfu0biJI,이벤츠링을 테네브리스링이 아니라 글로리온 링을 선택하고 이영상을 봤는데 둘이 별차이 없는건가요?,0,2026-07-05 05:44:48+00:00,이벤츠링을 테네브리스링이 아니라 글로리온 링을 선택하고 이영상을 봤는데 둘이 별차이 없는건가요?,이벤츠링을 테네브리스링이 아니라 글로리온 링을 선택하고 이영상을 봤는데 둘이 별차이 없는건가요?,"['이벤츠링', '테네브리스', '링', '글로리', '온', '링', '선택', '영상', '보', '차이', '없', '거']",,,,,
HVSa7aqX5Tk,캡틴 보조무기가 너무 비싸 ㅠ,0,2026-07-05 04:53:37+00:00,캡틴 보조무기가 너무 비싸 ㅠ,캡틴 보조무기가 너무 비싸 ㅠ,"['캡틴', '보조', '무기', '비싸']",,,,,
Q-b20FJZ0jQ,19:17,0,2026-07-05 04:51:43+00:00,19:17,19 17,[],,,,,
Q-b20FJZ0jQ,버닝비욘드없이 280 챌섭가능한가요?,0,2026-07-05 03:08:12+00:00,버닝비욘드없이 280 챌섭가능한가요?,버닝비욘드없이 280 챌섭가능한가요?,"['버닝비욘드', '챌섭', '가능']",,,,,
f92dfu0biJI,"버닝플러스장비를 날려버려서 없어요..
장비는 어캐야하죠.....",0,2026-07-05 01:36:29+00:00,"버닝플러스장비를 날려버려서 없어요..
장비는 어캐야하죠.....",버닝플러스장비를 날려버려서 없어요 장비는 어캐야하죠,"['버닝플러스', '장비', '날리', '없', '장비', '캐']",,,,,
Q-b20FJZ0jQ,1줄 요약좀 해주세요 제발,0,2026-07-04 18:26:35+00:00,1줄 요약좀 해주세요 제발,1줄 요약좀 해주세요 제발,"['줄', '요약', '하']",,,,,
Q-b20FJZ0jQ,첼서버.이제시작해도 할수있나요?,0,2026-07-04 12:04:10+00:00,첼서버.이제시작해도 할수있나요?,첼서버 이제시작해도 할수있나요?,"['첼서버', '시작', '하', '수', '있']",,,,,
FMUmSNtWlEU,하버설정후 캐릭맘에안들어서 삭제후다시하고싶은데 가능한가요?,0,2026-07-04 10:53:22+00:00,하버설정후 캐릭맘에안들어서 삭제후다시하고싶은데 가능한가요?,하버설정후 캐릭맘에안들어서 삭제후다시하고싶은데 가능한가요?,"['하버', '설정', '후', '캐릭', '맘', '들', '삭제', '후', '하', '가능']",,,,,
9b-cCrQyKYw,삭제후다시만들어도돼나요?,0,2026-07-04 10:41:34+00:00,삭제후다시만들어도돼나요?,삭제후다시만들어도돼나요?,"['삭제', '후', '만들', '되']",,,,,
LwHvINCLuvI,유니크전에는 에픽잠재 바르고 무슨 큐브를 돌려야할까요?? 유닉 주문서가 없는데😊 레전잠재는 제네시스 해방한거에 바르는건가요?? 아니면 퀘스트 해서 얻은 기본에 바르는건가요??,1,2026-07-04 02:20:07+00:00,유니크전에는 에픽잠재 바르고 무슨 큐브를 돌려야할까요?? 유닉 주문서가 없는데😊 레전잠재는 제네시스 해방한거에 바르는건가요?? 아니면 퀘스트 해서 얻은 기본에 바르는건가요??,유니크전에는 에픽잠재 바르고 무슨 큐브를 돌려야할까요?? 유닉 주문서가 없는데 레전잠재는 제네시스 해방한거에 바르는건가요?? 아니면 퀘스트 해서 얻은 기본에 바르는건가요??,"['유니크', '전', '에픽잠재', '바르', '큐브', '돌리', '유닉', '주문서', '없', '데', '레전잠재', '제네시스', '해방', '거', '바르', '거', '퀘스트', '얻', '기본', '바르', '거']",,,,,
Yd-UNV3RbfM,이형님 아직도 여자목소리로 방송하시고 계셨네ㅎ,0,2026-07-03 19:54:23+00:00,이형님 아직도 여자목소리로 방송하시고 계셨네ㅎ,이형님 아직도 여자목소리로 방송하시고 계셨네ㅎ,"['형', '여자', '목소리', '방송']",,,,,
f92dfu0biJI,"대장님 저번주에 시작한 메린이라 진도가 느려서 댓글 보실진 모르겠지만 물어볼 곳이 없네요ㅠ

1. 4:54 지금 윗잠 올스탯 6% 공6% 인데
공9%를 띄우는게 더 쎈가요? 비슷하다면 큐브를 아끼는 관점에서 패스하는게 나을까요?

2. 5:33 보조무기는 현재 윗잠 보공 30%인데
공 9% 를 띄우는게 나을까요? 아님 패스하는게 나을까요?

3. 보조무기 에디셔널 잠재 부스탯 6% + 공 3% 인데
이건 돌리는게 낫겠죠? 
구글링해봐도 잠재능력 경우의수가 워낙 많아서 제 경우의 수가 잘 안나오네요",0,2026-07-03 10:42:34+00:00,"대장님 저번주에 시작한 메린이라 진도가 느려서 댓글 보실진 모르겠지만 물어볼 곳이 없네요ㅠ

1. 4:54 지금 윗잠 올스탯 6% 공6% 인데
공9%를 띄우는게 더 쎈가요? 비슷하다면 큐브를 아끼는 관점에서 패스하는게 나을까요?

2. 5:33 보조무기는 현재 윗잠 보공 30%인데
공 9% 를 띄우는게 나을까요? 아님 패스하는게 나을까요?

3. 보조무기 에디셔널 잠재 부스탯 6% + 공 3% 인데
이건 돌리는게 낫겠죠? 
구글링해봐도 잠재능력 경우의수가 워낙 많아서 제 경우의 수가 잘 안나오네요",대장님 저번주에 시작한 메린이라 진도가 느려서 댓글 보실진 모르겠지만 물어볼 곳이 없네요ㅠ 1 4 54 지금 윗잠 올스탯 6 공6 인데 공9 를 띄우는게 더 쎈가요? 비슷하다면 큐브를 아끼는 관점에서 패스하는게 나을까요? 2 5 33 보조무기는 현재 윗잠 보공 30 인데 공 9 를 띄우는게 나을까요? 아님 패스하는게 나을까요? 3 보조무기 에디셔널 잠재 부스탯 6 공 3 인데 이건 돌리는게 낫겠죠? 구글링해봐도 잠재능력 경우의수가 워낙 많아서 제 경우의 수가 잘 안나오네요,"['대장', '저번', '주', '시작', '메린', '진도', '느리', '댓글', '보', '모르', '물어보', '곳', '없', '윗잠', '올스탯', '공', '공', '르', '띄우', '것', '쎄', '비슷하', '큐브', '아끼', '관점', '패스', '것', '낫', '보조', '무기', '윗잠', '보공', '공', '르', '띄우', '것', '낫', '패스', '것', '낫', '보조', '무기', '에디셔널', '잠재', '부스탯', '공', '돌리', '것', '낫', '구글', '링', '잠재', '능력', '경우', '수', '많', '경우', '수', '나오']",,,,,
f92dfu0biJI,보조무기랑 엠블렘 강화가 불가능하다고 하네요 ㅠㅠ 혹시 제가 놓친게 있을까요? ㅠ,0,2026-07-03 03:59:22+00:00,보조무기랑 엠블렘 강화가 불가능하다고 하네요 ㅠㅠ 혹시 제가 놓친게 있을까요? ㅠ,보조무기랑 엠블렘 강화가 불가능하다고 하네요 ㅠㅠ 혹시 제가 놓친게 있을까요? ㅠ,"['보조', '무기', '엠블렘', '강화', '가능', '하', '놓치', '것', '있']",,,,,
Q-b20FJZ0jQ,비욘드 잘못줬다..ㅠㅠ,0,2026-07-03 02:07:35+00:00,비욘드 잘못줬다..ㅠㅠ,비욘드 잘못줬다 ㅠㅠ,"['비욘', '드', '주']",,,,,
f92dfu0biJI,무자본 뉴비인데 260찍고 심볼강화 했더니 돈 다 날아가서 9만6천메소 남았는데 돈 어디서 벌어야 하나요..?ㅜ,0,2026-07-03 02:03:42+00:00,무자본 뉴비인데 260찍고 심볼강화 했더니 돈 다 날아가서 9만6천메소 남았는데 돈 어디서 벌어야 하나요..?ㅜ,무자본 뉴비인데 260찍고 심볼강화 했더니 돈 다 날아가서 9만6천메소 남았는데 돈 어디서 벌어야 하나요 ?ㅜ,"['자본', '뉴비', '찍', '심볼', '강화', '돈', '날아가', '메', '남', '돈', '벌']",,,,,
f92dfu0biJI,아놔 비욘드 잘못줬네..ㅠㅠ,0,2026-07-03 01:52:24+00:00,아놔 비욘드 잘못줬네..ㅠㅠ,아놔 비욘드 잘못줬네 ㅠㅠ,"['비욘', '드', '주']",,,,,
Q-b20FJZ0jQ,이거 망하면 다시 리셋못하나요?ㅜㅡ,0,2026-07-02 23:42:14+00:00,이거 망하면 다시 리셋못하나요?ㅜㅡ,이거 망하면 다시 리셋못하나요?ㅜㅡ,"['망하', '리셋', '하']",,,,,
f92dfu0biJI,"4:27 매커네이터펜던트 노말 아카이럼
4:41 핑크빛성배 =캐쉬
4:46 엠블렘 유니크 에디셔널
6:20 카오스벨룸 칭호
6:40 사냥가성비도핑
7:27 260~264사냥터
7:36 265~269사냥터
7:41 270~274사냥터",0,2026-07-02 23:21:47+00:00,"4:27 매커네이터펜던트 노말 아카이럼
4:41 핑크빛성배 =캐쉬
4:46 엠블렘 유니크 에디셔널
6:20 카오스벨룸 칭호
6:40 사냥가성비도핑
7:27 260~264사냥터
7:36 265~269사냥터
7:41 270~274사냥터",4 27 매커네이터펜던트 노말 아카이럼 4 41 핑크빛성배 캐쉬 4 46 엠블렘 유니크 에디셔널 6 20 카오스벨룸 칭호 6 40 사냥가성비도핑 7 27 260 264사냥터 7 36 265 269사냥터 7 41 270 274사냥터,"['매커네이터펜던트', '노말', '아카이', '럼', '핑크', '빛', '성배', '캐쉬', '엠블렘', '유니크', '에디셔널', '카오스벨룸', '칭호', '사냥', '가성비', '핑', '사냥터', '사냥터', '사냥터']",,,,,
5C5DU2FiHZk,도움 많이 됐어요 감사합니다,0,2026-07-02 18:23:23+00:00,도움 많이 됐어요 감사합니다,도움 많이 됐어요 감사합니다,"['도움', '되', '감사']",,,,,
Q-b20FJZ0jQ,"6차 전직할 때 아케인포스 합 850 만들고 들어갔는데
880 이상이 필요하다면서 
안 때려지는 건 왜 그런건가요?",0,2026-07-02 10:59:38+00:00,"6차 전직할 때 아케인포스 합 850 만들고 들어갔는데
880 이상이 필요하다면서 
안 때려지는 건 왜 그런건가요?",6차 전직할 때 아케인포스 합 850 만들고 들어갔는데 880 이상이 필요하다면서 안 때려지는 건 왜 그런건가요?,"['차', '전직', '때', '아케인포스', '합', '들', '들어가', '이상', '필요', '때리', '거', '거']",,,,,
Q-b20FJZ0jQ,Vip부스터 제로캐릭터만 쓸 수 있다 되어있는데 다른 캐릭터도 사용가능한가요?,0,2026-07-02 09:10:37+00:00,Vip부스터 제로캐릭터만 쓸 수 있다 되어있는데 다른 캐릭터도 사용가능한가요?,Vip부스터 제로캐릭터만 쓸 수 있다 되어있는데 다른 캐릭터도 사용가능한가요?,"['부스', '터', '제로', '캐릭터', '쓰', '수', '있', '되', '캐릭터', '사용', '가능']",,,,,
f92dfu0biJI,첫날 260에 노말스우잡고 삭제하는게 베스트,0,2026-07-02 08:17:07+00:00,첫날 260에 노말스우잡고 삭제하는게 베스트,첫날 260에 노말스우잡고 삭제하는게 베스트,"['첫날', '노말스우', '잡', '삭제', '것', '베스트']",,,,,
6RGKFGjff3k,신캐 진짜 딸각이면 겜끝 ㅋㅋ,0,2026-07-02 03:46:02+00:00,신캐 진짜 딸각이면 겜끝 ㅋㅋ,신캐 진짜 딸각이면 겜끝 ㅋㅋ,"['캐', '진짜', '딸', '각', '겜', '끝']",,,,,
FMUmSNtWlEU,7월 4일에 해도 괜찮나요?,1,2026-07-01 15:13:42+00:00,7월 4일에 해도 괜찮나요?,7월 4일에 해도 괜찮나요?,"['월', '일', '하', '괜찮']",,,,,
Q-b20FJZ0jQ,감사합니다,0,2026-07-01 14:56:28+00:00,감사합니다,감사합니다,['감사'],,,,,
5C5DU2FiHZk,15년만에 복귀할건데 아란 보마 중 추천 부탁드립니다,0,2026-07-01 11:47:06+00:00,15년만에 복귀할건데 아란 보마 중 추천 부탁드립니다,15년만에 복귀할건데 아란 보마 중 추천 부탁드립니다,"['년', '만', '복귀', '거', '아란', '보마', '중', '추천', '부탁', '드리']",,,,,
Q-b20FJZ0jQ,헬리오스 서버에 있는 캐릭 추후에 다른 서버로 옮길수 있나요..?,0,2026-07-01 03:27:35+00:00,헬리오스 서버에 있는 캐릭 추후에 다른 서버로 옮길수 있나요..?,헬리오스 서버에 있는 캐릭 추후에 다른 서버로 옮길수 있나요 ?,"['헬리오', '스', '서버', '있', '캐릭', '추후', '서버', '옮기', '수', '있']",,,,,
Q-b20FJZ0jQ,모르겠음 그냥 챌섭 이번 처음해본거라 얼마 하지도않아서 패스랑 플러스 다 결제하고 원래키우던건 제네패스도 샀는데 이게 과연 이번 시즌끝나고 얼마나 도움이되줄지 감이안옴 ㅇㅇ 이걸 잘활용해야하는데 그런건 모르겠고 보상만보면 늘먹던맛이라.. 결국 또 현질을 해야만할거같은데 흠.. 280찍고 본섭와서 방어구 사야할텐데 드메템부터 만들껄 갑자기 후회되네 하 ...,0,2026-06-30 22:58:45+00:00,모르겠음 그냥 챌섭 이번 처음해본거라 얼마 하지도않아서 패스랑 플러스 다 결제하고 원래키우던건 제네패스도 샀는데 이게 과연 이번 시즌끝나고 얼마나 도움이되줄지 감이안옴 ㅇㅇ 이걸 잘활용해야하는데 그런건 모르겠고 보상만보면 늘먹던맛이라.. 결국 또 현질을 해야만할거같은데 흠.. 280찍고 본섭와서 방어구 사야할텐데 드메템부터 만들껄 갑자기 후회되네 하 ...,모르겠음 그냥 챌섭 이번 처음해본거라 얼마 하지도않아서 패스랑 플러스 다 결제하고 원래키우던건 제네패스도 샀는데 이게 과연 이번 시즌끝나고 얼마나 도움이되줄지 감이안옴 ㅇㅇ 이걸 잘활용해야하는데 그런건 모르겠고 보상만보면 늘먹던맛이라 결국 또 현질을 해야만할거같은데 흠 280찍고 본섭와서 방어구 사야할텐데 드메템부터 만들껄 갑자기 후회되네 하,"['모르', '챌섭', '이번', '처음', '하', '거', '얼마', '하', '패스', '플러스', '결제', '키우', '거', '제네패스', '사', '이번', '시즌', '끝나', '도움', '되', '주', '감', '오', '활용', '거', '모르', '보상', '보', '먹', '맛', '하', '거', '같', '찍', '본섭', '오', '방', '어구', '사', '터', '드메템', '만들', '꺼', '후회']",,,,,
Q-b20FJZ0jQ,감사합니다 금토일 해보겠습니다,0,2026-06-30 22:53:01+00:00,감사합니다 금토일 해보겠습니다,감사합니다 금토일 해보겠습니다,"['감사', '금', '토', '일', '하']",,,,,
f92dfu0biJI,이지 루시드에서 계속 막히네요 ㅜㅜ 그냥 롤이나 하러 가야겠다,0,2026-06-30 17:44:32+00:00,이지 루시드에서 계속 막히네요 ㅜㅜ 그냥 롤이나 하러 가야겠다,이지 루시드에서 계속 막히네요 ㅜㅜ 그냥 롤이나 하러 가야겠다,"['지', '루시드', '막히', '롤', '하', '가']",,,,,
FMUmSNtWlEU,쓸만한 홀리심볼 다 찍어버리나요?,1,2026-06-30 17:25:56+00:00,쓸만한 홀리심볼 다 찍어버리나요?,쓸만한 홀리심볼 다 찍어버리나요?,"['쓰', '만', '홀리', '심볼', '찍']",,,,,
HVSa7aqX5Tk,썬콜이 링크의존도가 세서그런지 챌섭에서 진짜 약한데 타유튜버들 죄다 썬콜 세다고 하라는거보고 기가찼는데 찐유튜버시네요ㅎㅎ 메린이들 챌섭서 썬콜하다간 다접을낀데😂,3,2026-06-30 13:47:22+00:00,썬콜이 링크의존도가 세서그런지 챌섭에서 진짜 약한데 타유튜버들 죄다 썬콜 세다고 하라는거보고 기가찼는데 찐유튜버시네요ㅎㅎ 메린이들 챌섭서 썬콜하다간 다접을낀데😂,썬콜이 링크의존도가 세서그런지 챌섭에서 진짜 약한데 타유튜버들 죄다 썬콜 세다고 하라는거보고 기가찼는데 찐유튜버시네요ㅎㅎ 메린이들 챌섭서 썬콜하다간 다접을낀데,"['썬', '콜', '링크', '의존도', '세', '그렇', '챌섭', '약하', '유튜버', '썬', '콜', '하', '거', '보', '기', '차', '찐유튜버', '메', '린', '챌섭', '서', '썬', '콜', '접', '끼']",,,,,
f92dfu0biJI,선생님 하이퍼버닝 캐릭 205레벨 찍고 보상 받은 다음에 삭제하고 캐릭터 다시 만들어서 장신구들이 없는데 옥션에서 다 새로 사서 직작해야될까요?,0,2026-06-30 13:34:41+00:00,선생님 하이퍼버닝 캐릭 205레벨 찍고 보상 받은 다음에 삭제하고 캐릭터 다시 만들어서 장신구들이 없는데 옥션에서 다 새로 사서 직작해야될까요?,선생님 하이퍼버닝 캐릭 205레벨 찍고 보상 받은 다음에 삭제하고 캐릭터 다시 만들어서 장신구들이 없는데 옥션에서 다 새로 사서 직작해야될까요?,"['선생', '하이퍼버닝', '캐릭', '레벨', '찍', '보상', '받', '다음', '삭제', '캐릭터', '만들', '장신구', '없', '데', '옥션', '사서', '직', '작', '되']",,,,,
le-wd0DnnVw,오늘 시작해볼랴고 하는데 복귀타이밍 괜찮나요?,2,2026-06-30 10:20:10+00:00,오늘 시작해볼랴고 하는데 복귀타이밍 괜찮나요?,오늘 시작해볼랴고 하는데 복귀타이밍 괜찮나요?,"['시작', '복귀', '타이밍', '괜찮']",,,,,
Q-b20FJZ0jQ,"님들 메린이 입니다.
exp경험치 교환권은 260때 그냥 바로바로 사용해주는 게 좋나요 아님 블루베리ㅜ농장 처럼 270때 사용하는 게 좋나요??",0,2026-06-30 09:45:17+00:00,"님들 메린이 입니다.
exp경험치 교환권은 260때 그냥 바로바로 사용해주는 게 좋나요 아님 블루베리ㅜ농장 처럼 270때 사용하는 게 좋나요??",님들 메린이 입니다 exp경험치 교환권은 260때 그냥 바로바로 사용해주는 게 좋나요 아님 블루베리ㅜ농장 처럼 270때 사용하는 게 좋나요??,"['님', '메린', '이', '경험치', '교환', '때', '사용', '것', '좋', '블루베리', '농장', '때', '사용', '것', '좋']",,,,,
f92dfu0biJI,5:38 보조무기에서 보스몬스터데미지30프로랑 몬스터 방무30떳는데 공마9 뽑아야할까요??,0,2026-06-30 08:38:55+00:00,5:38 보조무기에서 보스몬스터데미지30프로랑 몬스터 방무30떳는데 공마9 뽑아야할까요??,5 38 보조무기에서 보스몬스터데미지30프로랑 몬스터 방무30떳는데 공마9 뽑아야할까요??,"['보조', '무기', '보스', '몬스터', '데미지', '프로', '몬스터', '방', '무', '뜨', '공', '마', '뽑']",,,,,
FMUmSNtWlEU,안녕하세요 이번 챌섭에 하이퍼버닝으로 새로 시작해보려고해서 캐릭터 만들었는데 뭔가 캐릭터가 어려워서 삭제했는데 찾아보니까 다시 못 만든다고 하던데 6개월 기다리는게 맞는거겠죠?,1,2026-06-30 05:04:22+00:00,안녕하세요 이번 챌섭에 하이퍼버닝으로 새로 시작해보려고해서 캐릭터 만들었는데 뭔가 캐릭터가 어려워서 삭제했는데 찾아보니까 다시 못 만든다고 하던데 6개월 기다리는게 맞는거겠죠?,안녕하세요 이번 챌섭에 하이퍼버닝으로 새로 시작해보려고해서 캐릭터 만들었는데 뭔가 캐릭터가 어려워서 삭제했는데 찾아보니까 다시 못 만든다고 하던데 6개월 기다리는게 맞는거겠죠?,"['안녕', '이번', '챌섭', '하이퍼버닝', '시작', '캐릭터', '만들', '캐릭터', '어렵', '삭제', '찾아보', '만들', '하', '개월', '기다리', '것', '맞', '거']",,,,,
LwHvINCLuvI,항상 좋은정보 감사합니다ㅜㅜ캐릭별 키셋팅 좀 알려주세요 복귀유저인데..너무 어렵네요ㅜㅜ,1,2026-06-30 03:58:37+00:00,항상 좋은정보 감사합니다ㅜㅜ캐릭별 키셋팅 좀 알려주세요 복귀유저인데..너무 어렵네요ㅜㅜ,항상 좋은정보 감사합니다ㅜㅜ캐릭별 키셋팅 좀 알려주세요 복귀유저인데 너무 어렵네요ㅜㅜ,"['좋', '정보', '감사', '캐릭', '키', '셋팅', '알리', '복귀', '유저', '어렵']",,,,,
rhFbqj9QPEY,일주일 늦게 시작하는데 챌섭패스랑 제네패스 사도 괜찮을까요,0,2026-06-30 02:57:04+00:00,일주일 늦게 시작하는데 챌섭패스랑 제네패스 사도 괜찮을까요,일주일 늦게 시작하는데 챌섭패스랑 제네패스 사도 괜찮을까요,"['일주일', '늦', '시작', '챌섭패스', '제네패스', '사', '괜찮']",,,,,
le-wd0DnnVw,메이플에서 체급이 높다는게 무슨 뜻인가여?,0,2026-06-30 01:31:53+00:00,메이플에서 체급이 높다는게 무슨 뜻인가여?,메이플에서 체급이 높다는게 무슨 뜻인가여?,"['메이플', '체급', '높', '것', '뜻']",,,,,
LwHvINCLuvI,블랙빈마크는 별루인가영,1,2026-06-29 16:10:39+00:00,블랙빈마크는 별루인가영,블랙빈마크는 별루인가영,['블랙빈마크'],,,,,
f92dfu0biJI,5:35,0,2026-06-29 15:53:32+00:00,5:35,5 35,[],,,,,
5C5DU2FiHZk,"브하님 지금 키우는 렌 말고  동생 명의 계정도 제가 쓸 수 있어서 하이퍼버닝 MAX  타 직업도 키워볼  한번의 기회가 더 있거든요.    

신궁,블래스터,에반  어떤가요? 아예 메린이 기준입니다",0,2026-06-29 14:05:20+00:00,"브하님 지금 키우는 렌 말고  동생 명의 계정도 제가 쓸 수 있어서 하이퍼버닝 MAX  타 직업도 키워볼  한번의 기회가 더 있거든요.    

신궁,블래스터,에반  어떤가요? 아예 메린이 기준입니다",브하님 지금 키우는 렌 말고 동생 명의 계정도 제가 쓸 수 있어서 하이퍼버닝 MAX 타 직업도 키워볼 한번의 기회가 더 있거든요 신궁 블래스터 에반 어떤가요? 아예 메린이 기준입니다,"['브하님', '키우', '렌', '말', '동생', '명의', '계정', '쓰', '수', '있', '하이퍼버닝', '직업', '키우', '번', '기회', '있', '신궁', '블래스터', '에반', '어떻', '메린', '기준']",,,,,
f92dfu0biJI,혹시 설명영상에서 반지 똑같이 받아야할까요 글로리온링받아버렷는데..,0,2026-06-29 13:42:01+00:00,혹시 설명영상에서 반지 똑같이 받아야할까요 글로리온링받아버렷는데..,혹시 설명영상에서 반지 똑같이 받아야할까요 글로리온링받아버렷는데,"['설명', '영상', '반지', '받', '글로리온', '링', '받']",,,,,
FMUmSNtWlEU,하버 캐릭 삭제하면 다시 만들수 있나요..?,1,2026-06-29 09:59:05+00:00,하버 캐릭 삭제하면 다시 만들수 있나요..?,하버 캐릭 삭제하면 다시 만들수 있나요 ?,"['하버', '캐릭', '삭제', '만들', '수', '있']",,,,,
ep6YvyuVbV0,보마 스킬 6개... 무섭다 진짜,1,2026-06-28 18:27:01+00:00,보마 스킬 6개... 무섭다 진짜,보마 스킬 6개 무섭다 진짜,"['보마', '스킬', '개', '무섭']",,,,,
Q-b20FJZ0jQ,260이후에는 뭘해야하는지모르겟어요 ㅠㅠ,3,2026-06-28 15:28:28+00:00,260이후에는 뭘해야하는지모르겟어요 ㅠㅠ,260이후에는 뭘해야하는지모르겟어요 ㅠㅠ,"['이후', '하', '모르']",,,,,
f92dfu0biJI,이벤트링 테네링을 안받고 글로리온? 받아서 어쩔수없이  어웨이크에 다 발랐는데 망했나요?ㅠㅠ (레전더리 잠재),0,2026-06-28 14:16:21+00:00,이벤트링 테네링을 안받고 글로리온? 받아서 어쩔수없이  어웨이크에 다 발랐는데 망했나요?ㅠㅠ (레전더리 잠재),이벤트링 테네링을 안받고 글로리온? 받아서 어쩔수없이 어웨이크에 다 발랐는데 망했나요?ㅠㅠ 레전더리 잠재,"['이벤트링', '테네', '링', '받', '글로리온', '받', '어쩌', '수', '어웨이크', '바르', '망하', '레전더리', '잠재']",,,,,
LwHvINCLuvI,이벤링 21퍼 못띄웠다면 코인샵 골큐로라도 맞춰야 좋을까요??ㅠㅠ,1,2026-06-28 13:05:11+00:00,이벤링 21퍼 못띄웠다면 코인샵 골큐로라도 맞춰야 좋을까요??ㅠㅠ,이벤링 21퍼 못띄웠다면 코인샵 골큐로라도 맞춰야 좋을까요??ㅠㅠ,"['이벤', '링', '퍼', '띄우', '코인샵', '골큐로', '맞추', '좋']",,,,,
Jg9xSIh9-ls,"물다쌤 영상 보면서 육성중인 메린이인데요,, 블랙 보조장비 옵션이 보공은 떳는데 올스텟 % 라면 다시 돌려야되나요?ㅠ",0,2026-06-28 06:46:59+00:00,"물다쌤 영상 보면서 육성중인 메린이인데요,, 블랙 보조장비 옵션이 보공은 떳는데 올스텟 % 라면 다시 돌려야되나요?ㅠ",물다쌤 영상 보면서 육성중인 메린이인데요 블랙 보조장비 옵션이 보공은 떳는데 올스텟 라면 다시 돌려야되나요?ㅠ,"['물다', '쌤', '영상', '보', '육성', '중', '메린', '블랙', '보조', '장비', '옵션', '보', '공', '뜨', '올스텟', '라면', '돌리', '되']",,,,,
Q-b20FJZ0jQ,18:30 226개씩 하라했는데 실제 입력은 266,1,2026-06-28 06:29:47+00:00,18:30 226개씩 하라했는데 실제 입력은 266,18 30 226개씩 하라했는데 실제 입력은 266,"['개', '하', '하', '실제', '입력']",,,,,
Q-b20FJZ0jQ,지금 시작해도 4만점 달성 가능 할까여???,1,2026-06-28 04:10:26+00:00,지금 시작해도 4만점 달성 가능 할까여???,지금 시작해도 4만점 달성 가능 할까여??,"['시작', '점', '달성', '가능']",,,,,
f92dfu0biJI,리레를 모르고3로 받았는데 망했나요…,0,2026-06-27 20:16:16+00:00,리레를 모르고3로 받았는데 망했나요…,리레를 모르고3로 받았는데 망했나요,"['리레', '모르', '받', '망하']",,,,,
Jg9xSIh9-ls,혹시 이벤링 안끼고 메소 여유 있으면 마이스터링 사도 대나요???,0,2026-06-27 19:29:32+00:00,혹시 이벤링 안끼고 메소 여유 있으면 마이스터링 사도 대나요???,혹시 이벤링 안끼고 메소 여유 있으면 마이스터링 사도 대나요??,"['이벤링', '끼', '메소', '여유', '있', '마이스터링', '사', '대']",,,,,
f92dfu0biJI,제논은 보조무기 어케하나요,0,2026-06-27 16:48:53+00:00,제논은 보조무기 어케하나요,제논은 보조무기 어케하나요,"['제논', '보조', '무기']",,,,,
rhFbqj9QPEY,276찍었는데 길을 잃었습니다. 선생님.. 272에서 블루베리 6장썼는데 이제 무한 사냥인가요? vip 사우나 모아뒀는데 276에 쓸지 278에 쓸지 고민인데 별 차이 없을려나요?,0,2026-06-27 13:09:05+00:00,276찍었는데 길을 잃었습니다. 선생님.. 272에서 블루베리 6장썼는데 이제 무한 사냥인가요? vip 사우나 모아뒀는데 276에 쓸지 278에 쓸지 고민인데 별 차이 없을려나요?,276찍었는데 길을 잃었습니다 선생님 272에서 블루베리 6장썼는데 이제 무한 사냥인가요? vip 사우나 모아뒀는데 276에 쓸지 278에 쓸지 고민인데 별 차이 없을려나요?,"['찍', '길', '잃', '선생', '블루베리', '장', '쓰', '무한', '사냥', '사우나', '모으', '쓰', '쓰', '고민', '차이', '없']",,,,,
f92dfu0biJI,감사합니다 이걸보고 접었습니다.,1,2026-06-27 07:00:35+00:00,감사합니다 이걸보고 접었습니다.,감사합니다 이걸보고 접었습니다,"['감사', '보', '접']",,,,,
f92dfu0biJI,아 주식 공부가 더 쉬운 것 같어,0,2026-06-27 02:39:53+00:00,아 주식 공부가 더 쉬운 것 같어,아 주식 공부가 더 쉬운 것 같어,"['주식', '공부', '쉽', '것', '같']",,,,,
LwHvINCLuvI,안녕하세요 잼이님! 제가 1티어링 2개다 주스탯 21%가 넘었는데 여기다가 메획 붙이려고 돌리고 이터널 플레임링 끼는게 나을까요 아니면 그냥 냅두고 다른 이벤링에 메획을 붙이는게 나을까요?,1,2026-06-27 02:29:20+00:00,안녕하세요 잼이님! 제가 1티어링 2개다 주스탯 21%가 넘었는데 여기다가 메획 붙이려고 돌리고 이터널 플레임링 끼는게 나을까요 아니면 그냥 냅두고 다른 이벤링에 메획을 붙이는게 나을까요?,안녕하세요 잼이님 제가 1티어링 2개다 주스탯 21 가 넘었는데 여기다가 메획 붙이려고 돌리고 이터널 플레임링 끼는게 나을까요 아니면 그냥 냅두고 다른 이벤링에 메획을 붙이는게 나을까요?,"['안녕', '잼', '1티어링', '개', '주스탯', '넘', '메', '붙이', '돌리', '이터널', '플레임링', '끼', '것', '낫', '냅두', '이벤링', '메', '획', '붙이', '것', '낫']",,,,,
5C5DU2FiHZk,이걸 지금 봤네,1,2026-06-27 02:17:52+00:00,이걸 지금 봤네,이걸 지금 봤네,['보'],,,,,
Q-b20FJZ0jQ,사냥없이 280레벨만 보고 들왔는데 저 내용만 쏙 빠졌네,4,2026-06-27 01:56:38+00:00,사냥없이 280레벨만 보고 들왔는데 저 내용만 쏙 빠졌네,사냥없이 280레벨만 보고 들왔는데 저 내용만 쏙 빠졌네,"['사냥', '레벨', '보', '들오', '내용', '빠지']",,,,,
LwHvINCLuvI,챌섭 코인샵에서 솔 에르다 5개 다 사버렸는데 망했네 이거...,1,2026-06-26 20:56:34+00:00,챌섭 코인샵에서 솔 에르다 5개 다 사버렸는데 망했네 이거...,챌섭 코인샵에서 솔 에르다 5개 다 사버렸는데 망했네 이거,"['챌섭', '코인', '샵', '솔', '에르다', '개', '사', '망하']",,,,,
LwHvINCLuvI,지금시작해도 사파이어 가능할까요??,1,2026-06-26 18:53:27+00:00,지금시작해도 사파이어 가능할까요??,지금시작해도 사파이어 가능할까요??,"['시작', '사파이어', '가능']",,,,,
LwHvINCLuvI,지금 메이플 시작해도 이벤트 안늦었나요??,1,2026-06-26 18:46:59+00:00,지금 메이플 시작해도 이벤트 안늦었나요??,지금 메이플 시작해도 이벤트 안늦었나요??,"['메이플', '시작', '이벤트', '늦']",,,,,
f92dfu0biJI,카벨 퀘 안받고 깨버리면어떻게해요?,0,2026-06-26 15:03:21+00:00,카벨 퀘 안받고 깨버리면어떻게해요?,카벨 퀘 안받고 깨버리면어떻게해요?,"['카벨', '퀘', '받', '깨', '어떻', '하']",,,,,
LwHvINCLuvI,안녕하세요~!  다른 영상에서였는지 모르겠는데 울티마 출석이벤트에 있는 유니크잠재/에픽 에디잠재는 페어리 하트에 바르면 좋다고 설명해주셨었는데 이번 영상에서는 여명의 장신구에 바르라고 나와있어서요 ㅠㅠ 어느게 더나을까요?,1,2026-06-26 13:36:30+00:00,안녕하세요~!  다른 영상에서였는지 모르겠는데 울티마 출석이벤트에 있는 유니크잠재/에픽 에디잠재는 페어리 하트에 바르면 좋다고 설명해주셨었는데 이번 영상에서는 여명의 장신구에 바르라고 나와있어서요 ㅠㅠ 어느게 더나을까요?,안녕하세요 다른 영상에서였는지 모르겠는데 울티마 출석이벤트에 있는 유니크잠재 에픽 에디잠재는 페어리 하트에 바르면 좋다고 설명해주셨었는데 이번 영상에서는 여명의 장신구에 바르라고 나와있어서요 ㅠㅠ 어느게 더나을까요?,"['안녕', '영상', '모르', '울티마', '출석', '이벤트', '있', '유니크', '잠재', '에픽', '에디잠재', '페어리', '하트', '바르', '좋', '설명', '이번', '영상', '여명', '장신구', '바르', '나오', '것', '낫']",,,,,
Jg9xSIh9-ls,"안녕하세요 물다쌤!

이벤트링은 뭐 뭐 받아서 제작하는 걸까요 ㅠ? 

제가 어웨이크링이랑 테네브리스원정대반지랑 이터널플레임링이랑 실버블라썸링 이렇게 끼고 있어요!",0,2026-06-26 08:29:32+00:00,"안녕하세요 물다쌤!

이벤트링은 뭐 뭐 받아서 제작하는 걸까요 ㅠ? 

제가 어웨이크링이랑 테네브리스원정대반지랑 이터널플레임링이랑 실버블라썸링 이렇게 끼고 있어요!",안녕하세요 물다쌤 이벤트링은 뭐 뭐 받아서 제작하는 걸까요 ㅠ? 제가 어웨이크링이랑 테네브리스원정대반지랑 이터널플레임링이랑 실버블라썸링 이렇게 끼고 있어요,"['안녕', '물다', '쌤', '이벤트', '링', '받', '제작', '거', '어웨이크링', '테네브리스원정대반지', '이터널플레임링', '실버블라썸링', '이렇', '끼']",,,,,
f92dfu0biJI,어웨크링에 옵션뽑았으면 어웨크링 놔두고 테네브리스링을 엔젤링으로 교체해도 되는걸까요??,0,2026-06-26 07:50:01+00:00,어웨크링에 옵션뽑았으면 어웨크링 놔두고 테네브리스링을 엔젤링으로 교체해도 되는걸까요??,어웨크링에 옵션뽑았으면 어웨크링 놔두고 테네브리스링을 엔젤링으로 교체해도 되는걸까요??,"['어웨크', '링', '옵션', '뽑', '어웨크', '링', '놔두', '테네브리스링', '엔젤링', '교체', '되', '거']",,,,,
LwHvINCLuvI,뉴비 기준이라면서 뭔 알수없는 용어들만 난무하는데요?,1,2026-06-26 06:34:02+00:00,뉴비 기준이라면서 뭔 알수없는 용어들만 난무하는데요?,뉴비 기준이라면서 뭔 알수없는 용어들만 난무하는데요?,"['뉴비', '기준', '알', '수', '없', '용어', '난무']",,,,,
f92dfu0biJI,보스 선행퀘는 쩔수인가요?? 생뉴비인데 그거때매 접고싶네요 ㅜㅜ,0,2026-06-26 06:18:36+00:00,보스 선행퀘는 쩔수인가요?? 생뉴비인데 그거때매 접고싶네요 ㅜㅜ,보스 선행퀘는 쩔수인가요?? 생뉴비인데 그거때매 접고싶네요 ㅜㅜ,"['보스', '선행퀘', '쩔수', '생', '뉴비', '때', '매', '접']",,,,,
LwHvINCLuvI,이벤트 시작하고 4주정도 지나고 시작해도 사파이어 찍을 수 있을까요?,3,2026-06-26 03:35:44+00:00,이벤트 시작하고 4주정도 지나고 시작해도 사파이어 찍을 수 있을까요?,이벤트 시작하고 4주정도 지나고 시작해도 사파이어 찍을 수 있을까요?,"['이벤트', '시작', '주', '정도', '지나', '시작', '사파이어', '찍', '수', '있']",,,,,
LwHvINCLuvI,지금 시작해도 해방을 할 수 있을까요? 시간을 많이 투자할 순 없고 쭉 평탄하게 할 수 있을 거 같아요,1,2026-06-26 02:00:37+00:00,지금 시작해도 해방을 할 수 있을까요? 시간을 많이 투자할 순 없고 쭉 평탄하게 할 수 있을 거 같아요,지금 시작해도 해방을 할 수 있을까요? 시간을 많이 투자할 순 없고 쭉 평탄하게 할 수 있을 거 같아요,"['시작', '해방', '하', '수', '있', '시간', '투자', '수', '없', '평탄', '하', '수', '있', '거', '같']",,,,,
LwHvINCLuvI,잼이님 미트라 레유 100억이면 살만한가요?,1,2026-06-25 23:15:21+00:00,잼이님 미트라 레유 100억이면 살만한가요?,잼이님 미트라 레유 100억이면 살만한가요?,"['잼', '미트라', '레', '유', '살', '만']",,,,,
f92dfu0biJI,ㅇㄷ,0,2026-06-25 22:41:57+00:00,ㅇㄷ,ㅇㄷ,[],,,,,
LwHvINCLuvI,잼이님 챌린저스 패스 처음질려보는데 좋은건가유? 저가 챌린저스 시즌 3번째 하는데 안사봤네요 ㅜㅜ,2,2026-06-25 21:40:03+00:00,잼이님 챌린저스 패스 처음질려보는데 좋은건가유? 저가 챌린저스 시즌 3번째 하는데 안사봤네요 ㅜㅜ,잼이님 챌린저스 패스 처음질려보는데 좋은건가유? 저가 챌린저스 시즌 3번째 하는데 안사봤네요 ㅜㅜ,"['잼', '챌린저스', '패스', '처음', '질리', '데', '좋', '거', '저가', '챌린저스', '시즌', '번', '하', '사']",,,,,
FMUmSNtWlEU,시험기간인데도 이 영상을 보고 못 참고 세벽 4시까지 하다가 갑니다. 감사합니다.,1,2026-06-25 19:03:12+00:00,시험기간인데도 이 영상을 보고 못 참고 세벽 4시까지 하다가 갑니다. 감사합니다.,시험기간인데도 이 영상을 보고 못 참고 세벽 4시까지 하다가 갑니다 감사합니다,"['시험', '기간', '영상', '보', '참', '벽', '시', '하', '가', '감사']",,,,,
f92dfu0biJI,어빌리티 세팅법 잘 몰라서 레전드리 만들고 명훈 8만개 다 날려버렸는데 또 수급될까요... 망한걸까요 ㅠ,0,2026-06-25 18:18:52+00:00,어빌리티 세팅법 잘 몰라서 레전드리 만들고 명훈 8만개 다 날려버렸는데 또 수급될까요... 망한걸까요 ㅠ,어빌리티 세팅법 잘 몰라서 레전드리 만들고 명훈 8만개 다 날려버렸는데 또 수급될까요 망한걸까요 ㅠ,"['어빌리티', '세팅', '법', '모르', '레전드', '리', '만들', '명훈', '개', '날리', '수급', '되', '망하', '거']",,,,,
LwHvINCLuvI,왓더 스타포스17성 주문서 코인샵에서 3개삿는데...한개우짤까요,1,2026-06-25 17:24:45+00:00,왓더 스타포스17성 주문서 코인샵에서 3개삿는데...한개우짤까요,왓더 스타포스17성 주문서 코인샵에서 3개삿는데 한개우짤까요,"['왓', '더', '스타포스', '성', '주문서', '코인', '샵', '개', '사', '개', '우짜']",,,,,
LwHvINCLuvI,예전에 리부트 하다 복귀 해보려 하는데 리부트에서 있던 캐쉬템은 팔지도 못하나요?,1,2026-06-25 16:54:14+00:00,예전에 리부트 하다 복귀 해보려 하는데 리부트에서 있던 캐쉬템은 팔지도 못하나요?,예전에 리부트 하다 복귀 해보려 하는데 리부트에서 있던 캐쉬템은 팔지도 못하나요?,"['예전', '리부트', '복귀', '리부트', '서', '캐쉬템', '팔']",,,,,
6RGKFGjff3k,"오랜만에 일상이 잠잠해져서 메이플을 한번 해볼까.. 라는 생각이들었는데 30분만에 260랩이 되면 과거에 내 학창을 바쳐 이뤘던 240레벨은 뭐가되는건가...
메이플 복귀의 꿈이 사라졌다.",5,2026-06-25 14:52:15+00:00,"오랜만에 일상이 잠잠해져서 메이플을 한번 해볼까.. 라는 생각이들었는데 30분만에 260랩이 되면 과거에 내 학창을 바쳐 이뤘던 240레벨은 뭐가되는건가...
메이플 복귀의 꿈이 사라졌다.",오랜만에 일상이 잠잠해져서 메이플을 한번 해볼까 라는 생각이들었는데 30분만에 260랩이 되면 과거에 내 학창을 바쳐 이뤘던 240레벨은 뭐가되는건가 메이플 복귀의 꿈이 사라졌다,"['오랜만', '일상', '메이플', '번', '하', '생각', '들', '분', '만', '랩', '되', '과거', '학창', '바치', '이루', '레벨', '되', '거', '메이플', '복귀', '꿈', '사라지']",,,,,
LwHvINCLuvI,ㅜㅜ감사합니다,1,2026-06-25 13:44:47+00:00,ㅜㅜ감사합니다,ㅜㅜ감사합니다,['감사'],,,,,
LwHvINCLuvI,"저기 죄송한데요.. 
매트릭스 초기화 이거 그냥 환산보고 무족건 하는게 좋나요 본섭입니다.
다른데 다 질문해 보는데 알려주는곳이 하나도 없어서..",1,2026-06-25 09:25:44+00:00,"저기 죄송한데요.. 
매트릭스 초기화 이거 그냥 환산보고 무족건 하는게 좋나요 본섭입니다.
다른데 다 질문해 보는데 알려주는곳이 하나도 없어서..",저기 죄송한데요 매트릭스 초기화 이거 그냥 환산보고 무족건 하는게 좋나요 본섭입니다 다른데 다 질문해 보는데 알려주는곳이 하나도 없어서,"['매트릭스', '초기', '환산', '보', '무족건', '하', '것', '좋', '본섭', '데', '질문', '알리', '곳', '없']",,,,,
LwHvINCLuvI,"유잠을  보조장비에 썻ㄴ
ㄴ데  

여명에 써야되는거엿나요?",1,2026-06-25 08:14:24+00:00,"유잠을  보조장비에 썻ㄴ
ㄴ데  

여명에 써야되는거엿나요?",유잠을 보조장비에 썻ㄴ ㄴ데 여명에 써야되는거엿나요?,"['유잠', '보조', '장비', '쓰', '데', '여명', '쓰', '되', '거', '이']",,,,,
LwHvINCLuvI,자동가입보단 승인 받는데가 나음 자동가입은 뉴비 먹버하는 ㅅㄲ들이 많아서 수로 한판 돌면 바로 다음날 버려지게됨...개인적인 경험이라 참고만 하시길,1,2026-06-25 07:53:54+00:00,자동가입보단 승인 받는데가 나음 자동가입은 뉴비 먹버하는 ㅅㄲ들이 많아서 수로 한판 돌면 바로 다음날 버려지게됨...개인적인 경험이라 참고만 하시길,자동가입보단 승인 받는데가 나음 자동가입은 뉴비 먹버하는 ㅅㄲ들이 많아서 수로 한판 돌면 바로 다음날 버려지게됨 개인적인 경험이라 참고만 하시길,"['자동', '가입', '승인', '받', '데', '낫', '자동', '가입', '뉴비', '먹버하', '들', '많', '수', '한판', '돌', '다음', '날', '버리', '되', '개인', '경험', '참고', '하']",,,,,
LwHvINCLuvI,페어리하트 플라즈마 하트로 업그레이드할때  30%작으로 공격력 50 만든거 그대로 들어가나요??,1,2026-06-25 06:42:00+00:00,페어리하트 플라즈마 하트로 업그레이드할때  30%작으로 공격력 50 만든거 그대로 들어가나요??,페어리하트 플라즈마 하트로 업그레이드할때 30 작으로 공격력 50 만든거 그대로 들어가나요??,"['페어리', '하트', '플라즈마', '하트', '업그레이드', '때', '작', '공격력', '만들', '거', '들어가']",,,,,
f92dfu0biJI,보조무기 돌리다가 보공30퍼 실버큐브 돌리다가 보공30퍼 떴는데 이거 쓰는게 좋나요 아니면 공마9퍼 뽑는게 좋나여?,0,2026-06-25 05:35:44+00:00,보조무기 돌리다가 보공30퍼 실버큐브 돌리다가 보공30퍼 떴는데 이거 쓰는게 좋나요 아니면 공마9퍼 뽑는게 좋나여?,보조무기 돌리다가 보공30퍼 실버큐브 돌리다가 보공30퍼 떴는데 이거 쓰는게 좋나요 아니면 공마9퍼 뽑는게 좋나여?,"['보조', '무기', '돌리', '보', '퍼', '실버큐브', '돌리', '보', '공', '푸', '뜨', '쓰', '것', '좋', '공마9퍼', '뽑', '것', '좋']",,,,,
LwHvINCLuvI,리레3렙받았는데 어쩌죠.. 제논..,1,2026-06-25 03:04:00+00:00,리레3렙받았는데 어쩌죠.. 제논..,리레3렙받았는데 어쩌죠 제논,"['리레3렙', '받', '어쩌', '논']",,,,,
LwHvINCLuvI,"이벤링 5개 레전에
1티2개는 보스용 주스텟2줄
1티1개 2티2개는 메획1줄씩 맞나요?",1,2026-06-25 02:08:21+00:00,"이벤링 5개 레전에
1티2개는 보스용 주스텟2줄
1티1개 2티2개는 메획1줄씩 맞나요?",이벤링 5개 레전에 1티2개는 보스용 주스텟2줄 1티1개 2티2개는 메획1줄씩 맞나요?,"['이벤링', '개', '레', '전', '티', '개', '보스', '주스텟', '줄', '티', '개', '티', '개', '메', '획', '줄', '맞']",,,,,
LwHvINCLuvI,첫날에 모르고 이벤트링에 뻘짓해서 골큡 다썼습니당...ㅠ 저 메생 망한거 아니죠...?,1,2026-06-25 01:38:02+00:00,첫날에 모르고 이벤트링에 뻘짓해서 골큡 다썼습니당...ㅠ 저 메생 망한거 아니죠...?,첫날에 모르고 이벤트링에 뻘짓해서 골큡 다썼습니당 ㅠ 저 메생 망한거 아니죠 ?,"['첫날', '모르', '이벤트', '링', '뻘', '짓', '하', '골큡', '쓰', '메', '망하', '거']",,,,,
LwHvINCLuvI,딱 노멀 메이린 까지만 하려고 햇는데 이지윌에서 통곡의 벽을 느끼고 있습니다ㅋㅋ 여명으로 바꿔서 좀 가로 성장을 늘린 후에 다시 조심히 해봐야겠네요 공략 감사합니다,1,2026-06-25 01:33:34+00:00,딱 노멀 메이린 까지만 하려고 햇는데 이지윌에서 통곡의 벽을 느끼고 있습니다ㅋㅋ 여명으로 바꿔서 좀 가로 성장을 늘린 후에 다시 조심히 해봐야겠네요 공략 감사합니다,딱 노멀 메이린 까지만 하려고 햇는데 이지윌에서 통곡의 벽을 느끼고 있습니다ㅋㅋ 여명으로 바꿔서 좀 가로 성장을 늘린 후에 다시 조심히 해봐야겠네요 공략 감사합니다,"['노멀', '메이', '린', '하', '이지윌', '통곡', '벽', '느끼', '여명', '바꾸', '가로', '성장', '늘리', '후', '하', '공략', '감사']",,,,,
LwHvINCLuvI,"8:53 잼선생님 여기서 말하는 사냥용 1티어 2개, 2티어 2개 << 총 4개 반지 모두 레전 바르고 메획20% 띄워서 총 80%를 만들라는 말씀이실까요?

아 그리고 제가 1티어반지 테네브랑 글로리온링 두개다 주옵21%를 띄웠는데 1티어링에 메획을 띄우는 대신 이터널 플레임링<< 여기다 레전발라주고 메획을 띄워서 사냥용으로 써도 되는부분일까요?",1,2026-06-25 01:15:22+00:00,"8:53 잼선생님 여기서 말하는 사냥용 1티어 2개, 2티어 2개 << 총 4개 반지 모두 레전 바르고 메획20% 띄워서 총 80%를 만들라는 말씀이실까요?

아 그리고 제가 1티어반지 테네브랑 글로리온링 두개다 주옵21%를 띄웠는데 1티어링에 메획을 띄우는 대신 이터널 플레임링<< 여기다 레전발라주고 메획을 띄워서 사냥용으로 써도 되는부분일까요?",8 53 잼선생님 여기서 말하는 사냥용 1티어 2개 2티어 2개 총 4개 반지 모두 레전 바르고 메획20 띄워서 총 80 를 만들라는 말씀이실까요? 아 그리고 제가 1티어반지 테네브랑 글로리온링 두개다 주옵21 를 띄웠는데 1티어링에 메획을 띄우는 대신 이터널 플레임링 여기다 레전발라주고 메획을 띄워서 사냥용으로 써도 되는부분일까요?,"['잼', '선생', '말', '사냥', '1티어', '개', '2티어', '개', '개', '반지', '레저', '바르', '메', '획', '띄우', '르', '만들', '말씀', '1티어반지', '테네브랑', '글로리온링', '개', '주', '르', '띄우', '1티어링', '메획', '띄우', '대신', '이터널', '플레임링', '레저', '바르', '메', '획', '띄우', '사냥', '쓰', '되', '부분']",,,,,
LwHvINCLuvI,9:04,1,2026-06-25 01:06:51+00:00,9:04,9 04,[],,,,,
LwHvINCLuvI,"몬파 소탕으로 돌면
1판 코인만 수급 됩니다.",1,2026-06-25 00:44:22+00:00,"몬파 소탕으로 돌면
1판 코인만 수급 됩니다.",몬파 소탕으로 돌면 1판 코인만 수급 됩니다,"['파', '소탕', '돌', '1판', '코인', '수급', '되']",,,,,
LwHvINCLuvI,유익한 영상인데 지금 새로 시작하면 늦었겠죠? 메이플이 처음인 20대입니다,1,2026-06-24 23:20:30+00:00,유익한 영상인데 지금 새로 시작하면 늦었겠죠? 메이플이 처음인 20대입니다,유익한 영상인데 지금 새로 시작하면 늦었겠죠? 메이플이 처음인 20대입니다,"['유익', '영상', '시작', '늦', '메이플', '처음', '대']",,,,,
LwHvINCLuvI,"3:57 헉 멋모르고 솔 에르다 풀매수했는데...
사냥할 시간이 없어서 솔 에르다 마구 샀는데 나중에 챌린저 목표여도 사면 안되는 거겠죠...?",1,2026-06-24 23:14:08+00:00,"3:57 헉 멋모르고 솔 에르다 풀매수했는데...
사냥할 시간이 없어서 솔 에르다 마구 샀는데 나중에 챌린저 목표여도 사면 안되는 거겠죠...?",3 57 헉 멋모르고 솔 에르다 풀매수했는데 사냥할 시간이 없어서 솔 에르다 마구 샀는데 나중에 챌린저 목표여도 사면 안되는 거겠죠 ?,"['멋모르', '솔', '에르다', '풀', '매수', '사냥', '시간', '없', '솔', '에르다', '사', '나중', '챌린저', '목표', '이', '사', '되', '거']",,,,,
LwHvINCLuvI,잼이님 저같은 뉴비들은 아버 보스 공략이나 패턴 법 올려주시면 안될까요...,2,2026-06-24 22:00:53+00:00,잼이님 저같은 뉴비들은 아버 보스 공략이나 패턴 법 올려주시면 안될까요...,잼이님 저같은 뉴비들은 아버 보스 공략이나 패턴 법 올려주시면 안될까요,"['잼', '같', '뉴비', '아버', '보스', '공략', '패턴', '법', '올리', '되']",,,,,
LwHvINCLuvI,선생님 이공략이 지금올라와서 지금봤는데 레전잠재 에디유니크잠재 엠블럼과 하트에 질렀습니다. 어캐할까요... 해방할계획인데 혹시 손해가 큰가요 ㅠㅜ,1,2026-06-24 21:35:56+00:00,선생님 이공략이 지금올라와서 지금봤는데 레전잠재 에디유니크잠재 엠블럼과 하트에 질렀습니다. 어캐할까요... 해방할계획인데 혹시 손해가 큰가요 ㅠㅜ,선생님 이공략이 지금올라와서 지금봤는데 레전잠재 에디유니크잠재 엠블럼과 하트에 질렀습니다 어캐할까요 해방할계획인데 혹시 손해가 큰가요 ㅠㅜ,"['선생', '공략', '올라오', '보', '레', '잠재', '에디', '유니크', '잠재', '엠블럼', '하트', '지르', '어캐', '하', '해방', '계획', '손해', '크']",,,,,
LwHvINCLuvI,"거마워요
4주전 썸머여름나기부터 보기 시작해서
하버유니온 추천캐릭 만들고 아이템도 맞추고 하는중입니다
잘 보고있는데 댓글 한번을 안달았었네요
덕분에 매이플 재밌게 즐기고 있습니다 감사해요!",2,2026-06-24 20:54:15+00:00,"거마워요
4주전 썸머여름나기부터 보기 시작해서
하버유니온 추천캐릭 만들고 아이템도 맞추고 하는중입니다
잘 보고있는데 댓글 한번을 안달았었네요
덕분에 매이플 재밌게 즐기고 있습니다 감사해요!",거마워요 4주전 썸머여름나기부터 보기 시작해서 하버유니온 추천캐릭 만들고 아이템도 맞추고 하는중입니다 잘 보고있는데 댓글 한번을 안달았었네요 덕분에 매이플 재밌게 즐기고 있습니다 감사해요,"['거마워요', '주', '전', '썸머', '여름', '나', '보', '시작', '하버유니온', '추천캐릭', '만들', '아이템', '맞추', '하', '중', '보', '댓글', '번', '달', '덕분', '매이플', '재밌', '즐기', '감사']",,,,,
f92dfu0biJI,이정도로 깔끔한 공략 처음봄 ❤,0,2026-06-24 20:16:35+00:00,이정도로 깔끔한 공략 처음봄 ❤,이정도로 깔끔한 공략 처음봄,"['정도', '깔끔', '공략', '처음', '보']",,,,,
LwHvINCLuvI,이지 루시드 못께겟어요ㅠㅠ,1,2026-06-24 19:06:59+00:00,이지 루시드 못께겟어요ㅠㅠ,이지 루시드 못께겟어요ㅠㅠ,"['이지', '루시', '드']",,,,,
LwHvINCLuvI,"안녕하세요 스카니아로 버닝 맥스 잘못 했는데요
역시 스카니아 삭제하고 다시 키울까요? 시작 템은 이미먹었지만요",2,2026-06-24 17:52:31+00:00,"안녕하세요 스카니아로 버닝 맥스 잘못 했는데요
역시 스카니아 삭제하고 다시 키울까요? 시작 템은 이미먹었지만요",안녕하세요 스카니아로 버닝 맥스 잘못 했는데요 역시 스카니아 삭제하고 다시 키울까요? 시작 템은 이미먹었지만요,"['안녕', '스카니아', '버닝', '맥스', '스카니아', '삭제', '키우', '시작', '템', '먹']",,,,,
LwHvINCLuvI,계속 챙겨보는데 노말 메이린까지 잡았는데 그 이후에 어떻게하는지도 영상 나오나요 잼이님 ㅠㅠ 이제 방향을 어떻게 잡아야될지 모르겠습니다 메이플 시작한지는 7주정도됐습니다,1,2026-06-24 17:45:14+00:00,계속 챙겨보는데 노말 메이린까지 잡았는데 그 이후에 어떻게하는지도 영상 나오나요 잼이님 ㅠㅠ 이제 방향을 어떻게 잡아야될지 모르겠습니다 메이플 시작한지는 7주정도됐습니다,계속 챙겨보는데 노말 메이린까지 잡았는데 그 이후에 어떻게하는지도 영상 나오나요 잼이님 ㅠㅠ 이제 방향을 어떻게 잡아야될지 모르겠습니다 메이플 시작한지는 7주정도됐습니다,"['챙기', '노', '말', '메이', '린', '잡', '이후', '어떻', '하', '영상', '나오', '잼', '방향', '어떻', '잡', '되', '모르', '메이플', '시작', '지', '주', '정도', '되']",,,,,
FMUmSNtWlEU,큼 실수로 스카니아 아이디로 MAX로 지정했는데 아직 수습 가능한가요?,2,2026-06-24 17:31:35+00:00,큼 실수로 스카니아 아이디로 MAX로 지정했는데 아직 수습 가능한가요?,큼 실수로 스카니아 아이디로 MAX로 지정했는데 아직 수습 가능한가요?,"['크', '실수', '스카니아', '아이디', '지정', '수습', '가능']",,,,,
LwHvINCLuvI,사냥하면서 보는데 진짜 필요한 것들만 알려주셔서 감사할 따름!,3,2026-06-24 17:19:11+00:00,사냥하면서 보는데 진짜 필요한 것들만 알려주셔서 감사할 따름!,사냥하면서 보는데 진짜 필요한 것들만 알려주셔서 감사할 따름,"['사냥', '보', '필요', '것', '알리', '감사', '따름']",,,,,
f92dfu0biJI,안녕하세요! 하이퍼 스탯 따라서 찍었는데 크확이 100프로가 아닌 95프로 밖에 안나옵니다 알려주시면 감사하겠습니다 (쓸만한 샤프아이즈도 활성화 되있습니다),0,2026-06-24 16:49:57+00:00,안녕하세요! 하이퍼 스탯 따라서 찍었는데 크확이 100프로가 아닌 95프로 밖에 안나옵니다 알려주시면 감사하겠습니다 (쓸만한 샤프아이즈도 활성화 되있습니다),안녕하세요 하이퍼 스탯 따라서 찍었는데 크확이 100프로가 아닌 95프로 밖에 안나옵니다 알려주시면 감사하겠습니다 쓸만한 샤프아이즈도 활성화 되있습니다,"['안녕', '하이퍼', '스탯', '따르', '찍', '크', '확', '프로', '프로', '나오', '알리', '감사', '쓰', '만', '샤프아이즈', '활성', '되', '있']",,,,,
Q-b20FJZ0jQ,영상보다가 266개 넣었네 나  ㄹㅈㄷ,1,2026-06-24 15:12:10+00:00,영상보다가 266개 넣었네 나  ㄹㅈㄷ,영상보다가 266개 넣었네 나 ㄹㅈㄷ,"['영상', '개', '넣']",,,,,
rhFbqj9QPEY,영상 잘 봤습니다! 제가 테라버닝으로 키운 렌으로 도전자의 장비세트 받고 혼자만의 착각으로 또 받아지는줄알고 하이퍼로 레테를 키우다 뒤늦게 장비세트 안 받아지는걸 알고 멘붕이 왔는데 이런경우엔 그냥 포기하는게 맞나요..?🥲 오랜만에 해봐서 멋도 모르고 실수를 했네요,0,2026-06-24 14:13:19+00:00,영상 잘 봤습니다! 제가 테라버닝으로 키운 렌으로 도전자의 장비세트 받고 혼자만의 착각으로 또 받아지는줄알고 하이퍼로 레테를 키우다 뒤늦게 장비세트 안 받아지는걸 알고 멘붕이 왔는데 이런경우엔 그냥 포기하는게 맞나요..?🥲 오랜만에 해봐서 멋도 모르고 실수를 했네요,영상 잘 봤습니다 제가 테라버닝으로 키운 렌으로 도전자의 장비세트 받고 혼자만의 착각으로 또 받아지는줄알고 하이퍼로 레테를 키우다 뒤늦게 장비세트 안 받아지는걸 알고 멘붕이 왔는데 이런경우엔 그냥 포기하는게 맞나요 ? 오랜만에 해봐서 멋도 모르고 실수를 했네요,"['영상', '보', '테라버닝', '키우', '렌', '도전자', '장비', '세트', '받', '혼자', '착각', '받', '줄', '알', '하이퍼로', '레테', '키우', '뒤늦', '장비', '세트', '받', '거', '알', '멘붕', '오', '경우', '포기', '것', '맞', '오랜만', '하', '멋', '모르', '실수', '하']",,,,,
LwHvINCLuvI,"제네무기를 제네패스랑 플러스블큐로박고
장갑 하트에 레잠박는건 어떤가요?",1,2026-06-24 14:03:49+00:00,"제네무기를 제네패스랑 플러스블큐로박고
장갑 하트에 레잠박는건 어떤가요?",제네무기를 제네패스랑 플러스블큐로박고 장갑 하트에 레잠박는건 어떤가요?,"['무기', '제네패스', '플러스', '큐', '박', '장갑', '하트', '레잠', '박', '거', '어떻']",,,,,
FMUmSNtWlEU,감사합니다.,1,2026-06-24 13:18:45+00:00,감사합니다.,감사합니다,['감사'],,,,,
Jg9xSIh9-ls,8:26 성장 미션이 어떤걸 말씀하지는 모르겠습니다 제가 어디다 쓴건 아닌데 어딜 뒤져봐도 없네요 혹시 보급일지랑 신입용병 지원 중에 있는건가요?,0,2026-06-24 12:41:42+00:00,8:26 성장 미션이 어떤걸 말씀하지는 모르겠습니다 제가 어디다 쓴건 아닌데 어딜 뒤져봐도 없네요 혹시 보급일지랑 신입용병 지원 중에 있는건가요?,8 26 성장 미션이 어떤걸 말씀하지는 모르겠습니다 제가 어디다 쓴건 아닌데 어딜 뒤져봐도 없네요 혹시 보급일지랑 신입용병 지원 중에 있는건가요?,"['성장', '미션', '거', '말씀', '모르', '쓰', '거', '뒤지', '없', '보급', '일지', '신입', '용병', '지원', '중', '있', '거']",,,,,
LwHvINCLuvI,메린이 루시드 1페이지부터 망해서 2페이지얼마 못가서 망하무ㅜ,1,2026-06-24 12:40:40+00:00,메린이 루시드 1페이지부터 망해서 2페이지얼마 못가서 망하무ㅜ,메린이 루시드 1페이지부터 망해서 2페이지얼마 못가서 망하무ㅜ,"['메린', '루시', '드', '페이지', '망하', '페이지', '얼마', '가', '망하', '무']",,,,,
LwHvINCLuvI,잼이님 이번에는 길드 운영 안하시나요~? 잼이님 길드 기다리다가 다른길드 가입해서 수로쳣어영,2,2026-06-24 12:13:57+00:00,잼이님 이번에는 길드 운영 안하시나요~? 잼이님 길드 기다리다가 다른길드 가입해서 수로쳣어영,잼이님 이번에는 길드 운영 안하시나요 ? 잼이님 길드 기다리다가 다른길드 가입해서 수로쳣어영,"['잼', '이번', '길드', '운영', '하', '잼', '님', '길드', '기다리', '길드', '가입', '수', '치']",,,,,
LwHvINCLuvI,"챌섭 코인 상점에서 솔 에르다 하나 사버렸는데, 나중에 코인이 부족할 일이 생길까요?",2,2026-06-24 12:01:25+00:00,"챌섭 코인 상점에서 솔 에르다 하나 사버렸는데, 나중에 코인이 부족할 일이 생길까요?",챌섭 코인 상점에서 솔 에르다 하나 사버렸는데 나중에 코인이 부족할 일이 생길까요?,"['챌섭', '코인', '상점', '솔', '에르다', '사', '나중', '코인', '부족', '일', '생기']",,,,,
LwHvINCLuvI,2티어 반지는 어디서 얻나요?,2,2026-06-24 11:57:08+00:00,2티어 반지는 어디서 얻나요?,2티어 반지는 어디서 얻나요?,"['2티어', '반지', '얻']",,,,,
LwHvINCLuvI,반지 잘 못 받았네ㅋㅋ,1,2026-06-24 11:55:50+00:00,반지 잘 못 받았네ㅋㅋ,반지 잘 못 받았네ㅋㅋ,"['반지', '받']",,,,,
LwHvINCLuvI,굳이 메획용을 2티어링으로 하는 이유가 있을까요 ..?,1,2026-06-24 11:52:12+00:00,굳이 메획용을 2티어링으로 하는 이유가 있을까요 ..?,굳이 메획용을 2티어링으로 하는 이유가 있을까요 ?,"['메획용', '2티어링', '하', '이유', '있']",,,,,
LwHvINCLuvI,"물자 지원출석으로 받은 이벤트링 선택권은
2티어링 메획반지가 정배일까요
1티어링 보스반지가 정배일까요
기준으로 삼을게 있을까요?",0,2026-06-24 11:37:02+00:00,"물자 지원출석으로 받은 이벤트링 선택권은
2티어링 메획반지가 정배일까요
1티어링 보스반지가 정배일까요
기준으로 삼을게 있을까요?",물자 지원출석으로 받은 이벤트링 선택권은 2티어링 메획반지가 정배일까요 1티어링 보스반지가 정배일까요 기준으로 삼을게 있을까요?,"['물자', '지원', '출석', '받', '이벤트', '링', '선택', '2티어링', '메획반지', '정배일까요', '1티어링', '보스반지가', '정배일까요', '기준', '삼', '것', '있']",,,,,
LwHvINCLuvI,제가 썬콜을 본캐로 키우고 있는데 보조무기를 노작 방패를 사서 레전 잠재 주문서 바르고 이벤트 큐브로만 옵션 돌리는게 나을까요? 아니면 페어리 하트나 블랙 보조 무기에 붙이는게 나을까요? 블랙 보조 무기에는 이미 유니크 잠재 바르고 유효옵 2줄 띄웠어요 하트는 에픽이고요 챌린저 목표입니다,0,2026-06-24 11:30:31+00:00,제가 썬콜을 본캐로 키우고 있는데 보조무기를 노작 방패를 사서 레전 잠재 주문서 바르고 이벤트 큐브로만 옵션 돌리는게 나을까요? 아니면 페어리 하트나 블랙 보조 무기에 붙이는게 나을까요? 블랙 보조 무기에는 이미 유니크 잠재 바르고 유효옵 2줄 띄웠어요 하트는 에픽이고요 챌린저 목표입니다,제가 썬콜을 본캐로 키우고 있는데 보조무기를 노작 방패를 사서 레전 잠재 주문서 바르고 이벤트 큐브로만 옵션 돌리는게 나을까요? 아니면 페어리 하트나 블랙 보조 무기에 붙이는게 나을까요? 블랙 보조 무기에는 이미 유니크 잠재 바르고 유효옵 2줄 띄웠어요 하트는 에픽이고요 챌린저 목표입니다,"['썬', '콜', '본캐', '키우', '보조', '무기', '노작', '방패', '사', '레', '잠재', '주문서', '바르', '이벤트', '큐브', '옵션', '돌리', '것', '낫', '페어리', '하트', '블랙', '보조', '무기', '붙이', '것', '낫', '블랙', '보조', '무기', '유니크', '잠재', '바르', '유효', '줄', '띄우', '하트', '에픽', '챌린저', '목표']",,,,,
Jg9xSIh9-ls,혹시 구입하는 템들 가횟은 어떻게 하나요? 많은게 좋은가요?😢,0,2026-06-24 11:30:03+00:00,혹시 구입하는 템들 가횟은 어떻게 하나요? 많은게 좋은가요?😢,혹시 구입하는 템들 가횟은 어떻게 하나요? 많은게 좋은가요?,"['구입', '템', '횟', '어떻', '하', '많', '것', '좋']",,,,,
LwHvINCLuvI,"메린이는 아니지만 빠진건 없나 획인하러 보는영상 ㅋㅋㅋㅋ
항상감사합니다",5,2026-06-24 11:07:28+00:00,"메린이는 아니지만 빠진건 없나 획인하러 보는영상 ㅋㅋㅋㅋ
항상감사합니다",메린이는 아니지만 빠진건 없나 획인하러 보는영상 ㅋㅋ 항상감사합니다,"['메린', '빠지', '거', '없', '획인', '보', '영상', '감사']",,,,,
LwHvINCLuvI,17성 주문서 3개!,1,2026-06-24 11:06:13+00:00,17성 주문서 3개!,17성 주문서 3개,"['성', '주문서', '개']",,,,,
LwHvINCLuvI,아이템 버닝에서 준 실버블라썸 링은 나중에 이벤링에 레전 바른걸로 바꿔주나요?,1,2026-06-24 10:34:10+00:00,아이템 버닝에서 준 실버블라썸 링은 나중에 이벤링에 레전 바른걸로 바꿔주나요?,아이템 버닝에서 준 실버블라썸 링은 나중에 이벤링에 레전 바른걸로 바꿔주나요?,"['아이템', '버닝', '실버블라썸', '링', '나중', '이벤링', '레저', '바르', '걸', '바꾸']",,,,,
rhFbqj9QPEY,"혹시 챌섭 이벤트 연합 토큰 버그 있으신분?
제 계정은 1주차 게임 참여 했는데 연합토큰 0 입니다
이벤트 오픈 해놔도
출석 및 몬스터 처치 해도
연합토큰 안줌 저 같은 사람 있나요??",0,2026-06-24 10:28:13+00:00,"혹시 챌섭 이벤트 연합 토큰 버그 있으신분?
제 계정은 1주차 게임 참여 했는데 연합토큰 0 입니다
이벤트 오픈 해놔도
출석 및 몬스터 처치 해도
연합토큰 안줌 저 같은 사람 있나요??",혹시 챌섭 이벤트 연합 토큰 버그 있으신분? 제 계정은 1주차 게임 참여 했는데 연합토큰 0 입니다 이벤트 오픈 해놔도 출석 및 몬스터 처치 해도 연합토큰 안줌 저 같은 사람 있나요??,"['챌섭', '이벤트', '연합', '토큰', '버그', '있', '분', '계정', '주', '차', '게임', '참여', '연합', '토큰', '이', '이벤트', '오픈', '출석', '몬스터', '처치', '연합토큰', '주', '같', '사람', '있']",,,,,
LwHvINCLuvI,"제 계정은 연합토큰 0임
이벤트 오픈 해놔도
출석 및 몬스터 처치 해도
연합토큰 안줌 저 같은 사람 있나요?? ?",0,2026-06-24 10:23:22+00:00,"제 계정은 연합토큰 0임
이벤트 오픈 해놔도
출석 및 몬스터 처치 해도
연합토큰 안줌 저 같은 사람 있나요?? ?",제 계정은 연합토큰 0임 이벤트 오픈 해놔도 출석 및 몬스터 처치 해도 연합토큰 안줌 저 같은 사람 있나요?? ?,"['계정', '연합', '토큰', '임', '이벤트', '오픈', '출석', '몬스터', '처치', '연합토큰', '주', '같', '사람', '있']",,,,,
Jg9xSIh9-ls,블랙보조 카유잠을 안받은거같은데 사야되나요?,0,2026-06-24 10:19:19+00:00,블랙보조 카유잠을 안받은거같은데 사야되나요?,블랙보조 카유잠을 안받은거같은데 사야되나요?,"['블랙', '보조', '카', '유', '잠', '받', '거', '같', '사', '되']",,,,,
LwHvINCLuvI,골드큐브 다 샀는데 이거 초기화 되나요,1,2026-06-24 10:12:09+00:00,골드큐브 다 샀는데 이거 초기화 되나요,골드큐브 다 샀는데 이거 초기화 되나요,"['골드큐브', '사', '초기', '되']",,,,,
LwHvINCLuvI,1티어링 2개에 아획들 붙어있는데 나중에 메획으로 지금부터 바꿀까요?,1,2026-06-24 10:00:41+00:00,1티어링 2개에 아획들 붙어있는데 나중에 메획으로 지금부터 바꿀까요?,1티어링 2개에 아획들 붙어있는데 나중에 메획으로 지금부터 바꿀까요?,"['1티어링', '개', '획', '붙', '나중', '메', '획', '지금', '바꾸']",,,,,
LwHvINCLuvI,블큡이 유니크→레전은 확률 같지 않나요?,2,2026-06-24 09:59:03+00:00,블큡이 유니크→레전은 확률 같지 않나요?,블큡이 유니크 레전은 확률 같지 않나요?,"['큡', '유니크', '레저', '확률', '같']",,,,,
LwHvINCLuvI,몬파 1번만 할 수 있는건 몰랐네요 ㄱㅅㄱㅅ,4,2026-06-24 09:40:08+00:00,몬파 1번만 할 수 있는건 몰랐네요 ㄱㅅㄱㅅ,몬파 1번만 할 수 있는건 몰랐네요 ㄱㅅㄱㅅ,"['파', '번', '하', '수', '있', '거', '모르']",,,,,
LwHvINCLuvI,"안녕하세요 이번에 어언 15년만에 새로 시작한 메린이입니다!
잼이님 유튜브 보면서 하나하나 공부해가고 있는데 영상에서 설명이 나오지 않는 부분 궁금한 점 질문드립니다!
1티어 2티어링 차이가 뭔가요?!
큐브 종류에 따른 차이점이 무엇인지 궁금합니다!",1,2026-06-24 09:28:57+00:00,"안녕하세요 이번에 어언 15년만에 새로 시작한 메린이입니다!
잼이님 유튜브 보면서 하나하나 공부해가고 있는데 영상에서 설명이 나오지 않는 부분 궁금한 점 질문드립니다!
1티어 2티어링 차이가 뭔가요?!
큐브 종류에 따른 차이점이 무엇인지 궁금합니다!",안녕하세요 이번에 어언 15년만에 새로 시작한 메린이입니다 잼이님 유튜브 보면서 하나하나 공부해가고 있는데 영상에서 설명이 나오지 않는 부분 궁금한 점 질문드립니다 1티어 2티어링 차이가 뭔가요? 큐브 종류에 따른 차이점이 무엇인지 궁금합니다,"['안녕', '이번', '년', '만', '시작', '메린', '잼', '님', '유튜브', '보', '공부', '영상', '설명', '나오', '부분', '점', '질문', '드리', '1티어', '2티어링', '차이', '큐브', '종류', '따르', '차이점', '궁금하']",,,,,
LwHvINCLuvI,보조 무기는 어떻게 하면 좋을까요? 블랙에 레잠을 바른다던지 구매한다던지,1,2026-06-24 08:58:29+00:00,보조 무기는 어떻게 하면 좋을까요? 블랙에 레잠을 바른다던지 구매한다던지,보조 무기는 어떻게 하면 좋을까요? 블랙에 레잠을 바른다던지 구매한다던지,"['보조', '무기', '어떻', '하', '좋', '블랙', '레잠', '바르', '구매']",,,,,
LwHvINCLuvI,"시그너스 150캐릭터 1개랑 카벨훈장은 얻어두시길😊
쏠쏠한 스펙업입니다~",4,2026-06-24 08:55:18+00:00,"시그너스 150캐릭터 1개랑 카벨훈장은 얻어두시길😊
쏠쏠한 스펙업입니다~",시그너스 150캐릭터 1개랑 카벨훈장은 얻어두시길 쏠쏠한 스펙업입니다,"['시그너스', '캐릭터', '1개', '카', '벨', '훈장', '얻', '스펙', '업']",,,,,
LwHvINCLuvI,지금 올리면 못볼줄알았지?!?!(아직안봄),1,2026-06-24 08:53:58+00:00,지금 올리면 못볼줄알았지?!?!(아직안봄),지금 올리면 못볼줄알았지? ? 아직안봄,"['올리', '보', '줄', '알', '보']",,,,,
LwHvINCLuvI,"항상 감사합니다!
구독과 좋아요는 채널유지에 큰힘이 됩니다!

0:19 뉴비 40%는 안하고 있는 것?
01:15 이번 여름방학 챌섭 목표
03:50 챌섭 코인샵 활용법
07:07 일반 코인샵 활용법

영상과 상관없는 내용이나 과도한 직업비하는
삭제가 되니까 이부분 양해부탁드립니다

채널에 가입하여 혜택을 누려보세요.
https://www.youtube.com/channel/UClLl6MY6ad9f_bZDHxdzqww/join

잼이카페
cafe.naver.com/zamegame

잼이 치지직
https://chzzk.naver.com/fc472e07e10f4e2fb7ee9db67d29120d

목 건강이 나빠서 이중 더빙을 하고 있습니다

ai 성우 사용중입니다

[메이플 장편] 월수금 1편씩 오후 6시 업로드

🎁안녕하세요 잼이입니다‍‍

직업 체험 시켜주실분들도 환영입니다..! 

모든 직업을 6차를 찍을 수가 없어서 염치불구 직업 영상을 제보받고 있습니다

사냥영상, 6차 스킬, 6차 평딜, 6차 극딜 모두 제보를 받고 있습니다

제보 부탁드립니다 : 모든 직업 영상 환영입니다

🎁zamegame124@gmail.com 어떤 영상이든지 제보해주시면 
소중하게 사용하겠습니다!

🎁 보스 대기방에서 6차극딜을 간단하게 찍어주시면 됩니다!
소리까지 있으면 금상첨화입니다!

🎁영상 찍는법 : https://youtu.be/sLCO22o6-1k?si=R99Q-XUzPNCchQcw&t=66
지포스 쓰시는 분들은 지포스 익스피리언스로 녹화하면 화질이 좋습니다

🎁20초 만에 지포스 익스피리언스로 녹화하는법
https://youtube.com/shorts/y_DoOfqAt8w?si=GNI-oSAqzFoMVNWD

엔비디아 그래픽 카드 쓰면 지포스 익스피리언스가 화질이 좋습니다채널에 가입하여 혜택을 누려보세요.
https://www.youtube.com/channel/UClLl6MY6ad9f_bZDHxdzqww/join",5,2026-06-24 08:43:32+00:00,"항상 감사합니다!
구독과 좋아요는 채널유지에 큰힘이 됩니다!

0:19 뉴비 40%는 안하고 있는 것?
01:15 이번 여름방학 챌섭 목표
03:50 챌섭 코인샵 활용법
07:07 일반 코인샵 활용법

영상과 상관없는 내용이나 과도한 직업비하는
삭제가 되니까 이부분 양해부탁드립니다

채널에 가입하여 혜택을 누려보세요.
https://www.youtube.com/channel/UClLl6MY6ad9f_bZDHxdzqww/join

잼이카페
cafe.naver.com/zamegame

잼이 치지직
https://chzzk.naver.com/fc472e07e10f4e2fb7ee9db67d29120d

목 건강이 나빠서 이중 더빙을 하고 있습니다

ai 성우 사용중입니다

[메이플 장편] 월수금 1편씩 오후 6시 업로드

🎁안녕하세요 잼이입니다‍‍

직업 체험 시켜주실분들도 환영입니다..! 

모든 직업을 6차를 찍을 수가 없어서 염치불구 직업 영상을 제보받고 있습니다

사냥영상, 6차 스킬, 6차 평딜, 6차 극딜 모두 제보를 받고 있습니다

제보 부탁드립니다 : 모든 직업 영상 환영입니다

🎁zamegame124@gmail.com 어떤 영상이든지 제보해주시면 
소중하게 사용하겠습니다!

🎁 보스 대기방에서 6차극딜을 간단하게 찍어주시면 됩니다!
소리까지 있으면 금상첨화입니다!

🎁영상 찍는법 : https://youtu.be/sLCO22o6-1k?si=R99Q-XUzPNCchQcw&t=66
지포스 쓰시는 분들은 지포스 익스피리언스로 녹화하면 화질이 좋습니다

🎁20초 만에 지포스 익스피리언스로 녹화하는법
https://youtube.com/shorts/y_DoOfqAt8w?si=GNI-oSAqzFoMVNWD

엔비디아 그래픽 카드 쓰면 지포스 익스피리언스가 화질이 좋습니다채널에 가입하여 혜택을 누려보세요.
https://www.youtube.com/channel/UClLl6MY6ad9f_bZDHxdzqww/join",항상 감사합니다 구독과 좋아요는 채널유지에 큰힘이 됩니다 0 19 뉴비 40 는 안하고 있는 것? 01 15 이번 여름방학 챌섭 목표 03 50 챌섭 코인샵 활용법 07 07 일반 코인샵 활용법 영상과 상관없는 내용이나 과도한 직업비하는 삭제가 되니까 이부분 양해부탁드립니다 채널에 가입하여 혜택을 누려보세요 잼이카페 cafe naver com zamegame 잼이 치지직 목 건강이 나빠서 이중 더빙을 하고 있습니다 ai 성우 사용중입니다 메이플 장편 월수금 1편씩 오후 6시 업로드 안녕하세요 잼이입니다 직업 체험 시켜주실분들도 환영입니다 모든 직업을 6차를 찍을 수가 없어서 염치불구 직업 영상을 제보받고 있습니다 사냥영상 6차 스킬 6차 평딜 6차 극딜 모두 제보를 받고 있습니다 제보 부탁드립니다 모든 직업 영상 환영입니다 zamegame124 어떤 영상이든지 제보해주시면 소중하게 사용하겠습니다 보스 대기방에서 6차극딜을 간단하게 찍어주시면 됩니다 소리까지 있으면 금상첨화입니다 영상 찍는법 지포스 쓰시는 분들은 지포스 익스피리언스로 녹화하면 화질이 좋습니다 20초 만에 지포스 익스피리언스로 녹화하는법 엔비디아 그래픽 카드 쓰면 지포스 익스피리언스가 화질이 좋습니다채널에 가입하여 혜택을 누려보세요,"['감사', '구독', '좋아요', '채널', '유지', '크', '힘', '되', '뉴비', '늘', '하', '것', '이번', '여름', '방학', '챌섭', '목표', '챌섭', '코인', '샵', '활용법', '일반', '코인', '샵', '활용법', '영상', '상관없', '내용', '과도', '직업', '비하', '삭제', '되', '부분', '양해', '부탁', '드리', '채널', '가입', '혜택', '누리', '잼이카페', '잼', '목', '건강', '나쁘', '이중', '더빙', '하', '성우', '사용', '중', '메이플', '장편', '월', '수금', '편', '오후', '시', '업로드', '안녕', '잼', '직업', '체험', '분', '환영', '직업', '차', '찍', '수', '없', '염치', '직업', '영상', '제보', '받', '사냥', '영상', '차', '스킬', '차', '평', '딜', '차', '극딜', '제보', '받', '제보', '부탁', '드리', '직업', '영상', '환영', '영상', '제보', '사용', '보스', '대기', '방', '차', '극', '딜', '찍', '되', '소리', '있', '금상첨화', '영상', '찍', '법', '지포스', '쓰', '분', '지포스', '익스피리언스', '녹화', '화질', '좋', '초', '만', '지포스', '익스피리언스', '녹화', '법', '엔비디아', '그래픽', '카드', '쓰', '지포스', '익스피리언스', '화질', '좋', '채널', '가입', '혜택', '누리']",,,,,
rhFbqj9QPEY,260렙부터 264렙까지 사냥이라는건 그냥 레벨때몹있는데 가서 아무것도 안쓰고 그냥게속 사냥만 하는건가요??,0,2026-06-24 07:35:35+00:00,260렙부터 264렙까지 사냥이라는건 그냥 레벨때몹있는데 가서 아무것도 안쓰고 그냥게속 사냥만 하는건가요??,260렙부터 264렙까지 사냥이라는건 그냥 레벨때몹있는데 가서 아무것도 안쓰고 그냥게속 사냥만 하는건가요??,"['렙', '렙', '사냥', '거', '레벨때몹', '있', '데', '가', '아무것', '쓰', '게', '속', '사냥', '하', '거']",,,,,
HVSa7aqX5Tk,음 역시 보마가 답인가,0,2026-06-23 18:40:00+00:00,음 역시 보마가 답인가,음 역시 보마가 답인가,"['보마', '답']",,,,,
f92dfu0biJI,운영자보상 안나오는데 다른걸로 먹은적없는데 왜그럴가요 ㅠㅠ,1,2026-06-23 14:01:39+00:00,운영자보상 안나오는데 다른걸로 먹은적없는데 왜그럴가요 ㅠㅠ,운영자보상 안나오는데 다른걸로 먹은적없는데 왜그럴가요 ㅠㅠ,"['운영자', '보상', '나오', '거', '먹', '적', '없', '데', '그렇']",,,,,
Q-b20FJZ0jQ,3렙링 리레를 받았는데 망한건가요,2,2026-06-23 13:36:28+00:00,3렙링 리레를 받았는데 망한건가요,3렙링 리레를 받았는데 망한건가요,"['3렙', '링', '리', '레', '받', '망하', '거']",,,,,
5C5DU2FiHZk,나는 결국 레테를 했다 하지만 다음 하버는 메탁기다 그러나 친구가 없다 상관없다. 리마가 없을지 모른다? 상관없다! 왜냐면!!! 사냥이 편한게 최고야...,1,2026-06-23 13:34:25+00:00,나는 결국 레테를 했다 하지만 다음 하버는 메탁기다 그러나 친구가 없다 상관없다. 리마가 없을지 모른다? 상관없다! 왜냐면!!! 사냥이 편한게 최고야...,나는 결국 레테를 했다 하지만 다음 하버는 메탁기다 그러나 친구가 없다 상관없다 리마가 없을지 모른다? 상관없다 왜냐면 사냥이 편한게 최고야,"['결국', '레테', '하', '다음', '하버', '메탁기', '친구', '없', '상관없', '리마', '없', '모르', '상관없', '사냥', '편하', '것', '최고']",,,,,
FMUmSNtWlEU,이번에메이플자체를처음시작하려는데 신규직업이랑 렌 썬콜을추천하던데 3중오래할수있는 쉬운캐릭터는 어떤걸까요?,1,2026-06-23 09:53:52+00:00,이번에메이플자체를처음시작하려는데 신규직업이랑 렌 썬콜을추천하던데 3중오래할수있는 쉬운캐릭터는 어떤걸까요?,이번에메이플자체를처음시작하려는데 신규직업이랑 렌 썬콜을추천하던데 3중오래할수있는 쉬운캐릭터는 어떤걸까요?,"['이번', '메이플', '자체', '처음', '시작', '신규', '직업', '렌', '썬', '콜', '추천', '데', '중', '하', '수', '있', '쉽', '캐릭터', '거']",,,,,
le-wd0DnnVw,이번 업데이트로 메이플 시작하는 유저입니다 챌섭에서 제로나 제논 2개직업 중에서 하나로 본캐 정해서 메이플을 즐기고 싶은데 제로 제논중에 더 추천 하는 직업은 누구인가요??,1,2026-06-23 08:48:13+00:00,이번 업데이트로 메이플 시작하는 유저입니다 챌섭에서 제로나 제논 2개직업 중에서 하나로 본캐 정해서 메이플을 즐기고 싶은데 제로 제논중에 더 추천 하는 직업은 누구인가요??,이번 업데이트로 메이플 시작하는 유저입니다 챌섭에서 제로나 제논 2개직업 중에서 하나로 본캐 정해서 메이플을 즐기고 싶은데 제로 제논중에 더 추천 하는 직업은 누구인가요??,"['이번', '업데이트', '메이플', '시작', '유저', '챌섭', '제로', '제논', '개', '직업', '중', '보', '캐', '정하', '메이플', '즐기', '제로', '제논', '중', '추천', '직업']",,,,,
f92dfu0biJI,"형 장신구 추옵 부분에서 나는 눈장식 귀고리가 없는데 어디서 구해?
얼굴장식도 10주년 껌이야",0,2026-06-23 07:43:30+00:00,"형 장신구 추옵 부분에서 나는 눈장식 귀고리가 없는데 어디서 구해?
얼굴장식도 10주년 껌이야",형 장신구 추옵 부분에서 나는 눈장식 귀고리가 없는데 어디서 구해? 얼굴장식도 10주년 껌이야,"['형', '장신구', '추', '부분', '눈', '장식', '귀고리', '없', '데', '구하', '얼굴', '장식', '주년', '껌']",,,,,
Jg9xSIh9-ls,03:05 (단축가능) << ㅋㅋ 예전 카트 이중선 타임어택인줄 알았어요,0,2026-06-23 06:01:10+00:00,03:05 (단축가능) << ㅋㅋ 예전 카트 이중선 타임어택인줄 알았어요,03 05 단축가능 ㅋㅋ 예전 카트 이중선 타임어택인줄 알았어요,"['단축', '가능', '예전', '카트', '이중', '선', '타임', '어택', '줄', '알']",,,,,
Q-b20FJZ0jQ,"메잘알 선생님들 ..
저 반지 4렙 실수로 컨티받았는데... 키우는데문제없을까요?? ㅠㅠㅠㅠㅠㅠㅠㅠㅠ",1,2026-06-23 05:46:50+00:00,"메잘알 선생님들 ..
저 반지 4렙 실수로 컨티받았는데... 키우는데문제없을까요?? ㅠㅠㅠㅠㅠㅠㅠㅠㅠ",메잘알 선생님들 저 반지 4렙 실수로 컨티받았는데 키우는데문제없을까요?? ㅠㅠ,"['메잘알', '선생', '반지', '4렙', '실수', '컨티', '받', '키우', '데', '문제', '없']",,,,,
HVSa7aqX5Tk,"일리움 강추합니다
뉴비기준으로도 좀해본 사람기준으로도 최고점임

일리움으로 날아다니고나면 다른직업이 '하등' '저능'해보임
보스도 저능해보임
예전에 일리움유저들이 이말하길래 뭔 중2병같은소리지햇는데
ㄹㅇ이었음

날라다니는거떠나서
제네해방전에도 극딜내내 무적
바인드극딜이면 극딜후 거의 깡으로20초무적쓰는느낌

제네무적이후로는 오버좀해서 다음극딜까지무적임

하루종일 날아다니고 무적이라 그냥 플래시겜하는느낌남
단점
이거하고나면 다른캐릭못함 저능해보여서",0,2026-06-23 04:13:13+00:00,"일리움 강추합니다
뉴비기준으로도 좀해본 사람기준으로도 최고점임

일리움으로 날아다니고나면 다른직업이 '하등' '저능'해보임
보스도 저능해보임
예전에 일리움유저들이 이말하길래 뭔 중2병같은소리지햇는데
ㄹㅇ이었음

날라다니는거떠나서
제네해방전에도 극딜내내 무적
바인드극딜이면 극딜후 거의 깡으로20초무적쓰는느낌

제네무적이후로는 오버좀해서 다음극딜까지무적임

하루종일 날아다니고 무적이라 그냥 플래시겜하는느낌남
단점
이거하고나면 다른캐릭못함 저능해보여서",일리움 강추합니다 뉴비기준으로도 좀해본 사람기준으로도 최고점임 일리움으로 날아다니고나면 다른직업이 하등 저능 해보임 보스도 저능해보임 예전에 일리움유저들이 이말하길래 뭔 중2병같은소리지햇는데 ㄹㅇ이었음 날라다니는거떠나서 제네해방전에도 극딜내내 무적 바인드극딜이면 극딜후 거의 깡으로20초무적쓰는느낌 제네무적이후로는 오버좀해서 다음극딜까지무적임 하루종일 날아다니고 무적이라 그냥 플래시겜하는느낌남 단점 이거하고나면 다른캐릭못함 저능해보여서,"['일리움', '하', '뉴비', '기준', '하', '사람', '기준', '최고점', '일리움', '날아다니', '직업', '하등', '능', '보이', '보스', '능', '보이', '예전', '일리움', '유저', '말', '하', '중2병', '같', '소리', '하', '잇', '날라다니', '거', '떠나', '해방', '전', '극딜', '무적', '바인드극딜', '극딜', '후', '깡', '초', '무적', '쓰', '느낌', '무적', '이후', '오버', '하', '다음극딜', '무적', '하루', '종일', '날아다니', '무적', '플래시겜', '느낌', '남', '단점', '하', '다른캐릭', '하', '능', '보이']",,,,,
f92dfu0biJI,엠블렘이 int9퍼이면 안 건드려도 되나요?,0,2026-06-23 04:01:22+00:00,엠블렘이 int9퍼이면 안 건드려도 되나요?,엠블렘이 int9퍼이면 안 건드려도 되나요?,"['엠블렘', '퍼', '건드리', '되']",,,,,
f92dfu0biJI,4:58 난 깠는데 왜 골드 메이플리프 엠블렘일까여,0,2026-06-23 03:50:51+00:00,4:58 난 깠는데 왜 골드 메이플리프 엠블렘일까여,4 58 난 깠는데 왜 골드 메이플리프 엠블렘일까여,"['난', '까', '골드', '메이플리프', '엠블렘']",,,,,
f92dfu0biJI,와.. 근데 인간적으로 좀 너무 복잡하다 게임이 ㅋㅋ,0,2026-06-23 02:24:58+00:00,와.. 근데 인간적으로 좀 너무 복잡하다 게임이 ㅋㅋ,와 근데 인간적으로 좀 너무 복잡하다 게임이 ㅋㅋ,"['인간', '게임']",,,,,
Jg9xSIh9-ls,연합토큰이 4000개 있어야 이벤트링 레전주문서를얻는데 연합토큰 4000개 어케얻나요?,0,2026-06-23 01:59:07+00:00,연합토큰이 4000개 있어야 이벤트링 레전주문서를얻는데 연합토큰 4000개 어케얻나요?,연합토큰이 400개 있어야 이벤트링 레전주문서를얻는데 연합토큰 400개 어케얻나요?,"['연합', '토큰', '개', '있', '이벤트', '링', '레', '주문서', '얻', '데', '연합', '토큰', '개', '어', '얻']",,,,,
rhFbqj9QPEY,이번챌섭기준으로 계단식 성장가이드 써주실수있나요,0,2026-06-23 01:40:53+00:00,이번챌섭기준으로 계단식 성장가이드 써주실수있나요,이번챌섭기준으로 계단식 성장가이드 써주실수있나요,"['이번챌섭', '기준', '계단식', '성장', '가이드', '쓰', '수', '있']",,,,,
Jg9xSIh9-ls,고마워요물다쌤,0,2026-06-23 00:33:50+00:00,고마워요물다쌤,고마워요물다쌤,"['고마워요', '물', '쌤']",,,,,
rhFbqj9QPEY,실수로 레테 지원버닝인가로 시작했다가 중간에 하이퍼로 바꿀수있다고 해서 하이퍼로 바꾸니까 200이후 경버프 5000을 안주네요 알고싶지않았어~~~,0,2026-06-23 00:11:27+00:00,실수로 레테 지원버닝인가로 시작했다가 중간에 하이퍼로 바꿀수있다고 해서 하이퍼로 바꾸니까 200이후 경버프 5000을 안주네요 알고싶지않았어~~~,실수로 레테 지원버닝인가로 시작했다가 중간에 하이퍼로 바꿀수있다고 해서 하이퍼로 바꾸니까 200이후 경버프 500을 안주네요 알고싶지않았어,"['실수', '레테', '지원버닝', '시작', '중간', '하이퍼', '바꾸', '수', '있', '하', '하이퍼', '바꾸', '이후', '경버프', '주', '알']",,,,,
Jg9xSIh9-ls,"기계심장에서 막혔습니다ㅜ
카르마 유니크잠재주문서가 모자란데 첫주차에안되나요??",0,2026-06-22 23:29:56+00:00,"기계심장에서 막혔습니다ㅜ
카르마 유니크잠재주문서가 모자란데 첫주차에안되나요??",기계심장에서 막혔습니다ㅜ 카르마 유니크잠재주문서가 모자란데 첫주차에안되나요??,"['기계', '심장', '막히', '카르마', '유니크', '잠재', '주문서', '모자라', '주', '차', '되']",,,,,
f92dfu0biJI,"덕분에 첼섭 재밌게 즐기고 있습니다!
첼섭을 하다보면 이벤트링 3개, 이터널플레임 링, 보스장신구 세트 링, 컨티링 그리고 나중에 얻게될 리레링 등 반지가 굉장히 많은데 어떤걸로 4개를 끼면 되나요?",0,2026-06-22 16:38:48+00:00,"덕분에 첼섭 재밌게 즐기고 있습니다!
첼섭을 하다보면 이벤트링 3개, 이터널플레임 링, 보스장신구 세트 링, 컨티링 그리고 나중에 얻게될 리레링 등 반지가 굉장히 많은데 어떤걸로 4개를 끼면 되나요?",덕분에 첼섭 재밌게 즐기고 있습니다 첼섭을 하다보면 이벤트링 3개 이터널플레임 링 보스장신구 세트 링 컨티링 그리고 나중에 얻게될 리레링 등 반지가 굉장히 많은데 어떤걸로 4개를 끼면 되나요?,"['덕분', '첼섭', '재밌', '즐기', '첼섭', '하', '이벤트', '링', '개', '이터널플레임', '링', '보스', '장신구', '세트', '링', '컨티링', '나중', '얻', '되', '리', '레', '링', '등', '반지', '많', '걸', '개', '끼', '되']",,,,,
f92dfu0biJI,울티마 5일차 보상은 뭘로 받아야 할까여,0,2026-06-22 16:19:52+00:00,울티마 5일차 보상은 뭘로 받아야 할까여,울티마 5일차 보상은 뭘로 받아야 할까여,"['울티마', '일', '차', '보상', '받']",,,,,
Q-b20FJZ0jQ,"본섭 자섯펫은 챌섭에서는
적용 안되나요?",1,2026-06-22 15:33:38+00:00,"본섭 자섯펫은 챌섭에서는
적용 안되나요?",본섭 자섯펫은 챌섭에서는 적용 안되나요?,"['본섭', '자섯펫', '챌섭', '적용', '되']",,,,,
Q-b20FJZ0jQ,"태어나서 처음 메이플 하는 건데 아무것도 모르고 챌린저스4에 만들어버려서 이미 대참사 난 후에 이 영상을 접해버렸네요........................... 진짜 욕 나오는데 계정 다시 만들어서 새로하렵니다................................. 메린이들은 꼭 챌린저스 1,2,3에다가 만드세요.....................................",1,2026-06-22 15:02:57+00:00,"태어나서 처음 메이플 하는 건데 아무것도 모르고 챌린저스4에 만들어버려서 이미 대참사 난 후에 이 영상을 접해버렸네요........................... 진짜 욕 나오는데 계정 다시 만들어서 새로하렵니다................................. 메린이들은 꼭 챌린저스 1,2,3에다가 만드세요.....................................",태어나서 처음 메이플 하는 건데 아무것도 모르고 챌린저스4에 만들어버려서 이미 대참사 난 후에 이 영상을 접해버렸네요 진짜 욕 나오는데 계정 다시 만들어서 새로하렵니다 메린이들은 꼭 챌린저스 1 2 3에다가 만드세요,"['태어나', '처음', '메이플', '하', '거', '것', '모르', '챌린저스4', '만들', '참사', '나', '후', '영상', '접하', '욕', '나오', '계정', '만들', '하', '메린', '챌린저스']",,,,,
rhFbqj9QPEY,보통 270이후로부터 사냥으로만 1업씩 하는데 몇시간정도 걸리나요?,0,2026-06-22 14:47:22+00:00,보통 270이후로부터 사냥으로만 1업씩 하는데 몇시간정도 걸리나요?,보통 270이후로부터 사냥으로만 1업씩 하는데 몇시간정도 걸리나요?,"['이후', '사냥', '업', '하', '시간', '정도', '걸리']",,,,,
Jg9xSIh9-ls,@12:59 챌섭코인샵에 수상한큐브 없는거같은데 메멘토 실버큐브 쓰면되나요??,0,2026-06-22 14:26:27+00:00,@12:59 챌섭코인샵에 수상한큐브 없는거같은데 메멘토 실버큐브 쓰면되나요??,챌섭코인샵에 수상한큐브 없는거같은데 메멘토 실버큐브 쓰면되나요??,"['챌섭코인샵', '수상한큐브', '없', '거', '같', '메멘토', '실버', '큐브', '쓰', '되']",,,,,
f92dfu0biJI,게임인데 대가리아파,0,2026-06-22 14:16:03+00:00,게임인데 대가리아파,게임인데 대가리아파,"['게임', '대가리', '아프']",,,,,
Jg9xSIh9-ls,쌤 댓글 못보고 이미 메커에 잠재 다 발라버렸으면 어떻게하죠 .....?,0,2026-06-22 13:50:13+00:00,쌤 댓글 못보고 이미 메커에 잠재 다 발라버렸으면 어떻게하죠 .....?,쌤 댓글 못보고 이미 메커에 잠재 다 발라버렸으면 어떻게하죠 ?,"['쌤', '댓글', '보', '메커', '잠재', '바르', '어떻', '하']",,,,,
Jg9xSIh9-ls,하트 카유잠은 어디서 바르는거임?,0,2026-06-22 13:50:12+00:00,하트 카유잠은 어디서 바르는거임?,하트 카유잠은 어디서 바르는거임?,"['하트', '카', '유', '잠', '바르', '거']",,,,,
Jg9xSIh9-ls,유잠을 4장쓰면 더 쌔지나요,0,2026-06-22 13:32:55+00:00,유잠을 4장쓰면 더 쌔지나요,유잠을 4장쓰면 더 쌔지나요,"['유잠', '장', '쓰', '쌔']",,,,,
Q-b20FJZ0jQ,"아이템버닝을 테라버닝에 지정하면 망계된거죠 ? ㅠ
260 지나서 사냥이 안되네요..",0,2026-06-22 11:07:39+00:00,"아이템버닝을 테라버닝에 지정하면 망계된거죠 ? ㅠ
260 지나서 사냥이 안되네요..",아이템버닝을 테라버닝에 지정하면 망계된거죠 ? ㅠ 260 지나서 사냥이 안되네요,"['아이템버닝', '테라버닝', '지정', '망계', '되', '거', '지나', '사냥', '되']",,,,,
rhFbqj9QPEY,크림아 영상이 늦다 이미 278이다...,0,2026-06-22 10:45:38+00:00,크림아 영상이 늦다 이미 278이다...,크림아 영상이 늦다 이미 278이다,"['크림', '아', '영상', '늦']",,,,,
6RGKFGjff3k,ㄹㅇ 카이는 ㅈㄴ 개빡치는보스인듯왜 억지로 깨야하는지몰겟음 나머지다쉬운데,0,2026-06-22 10:17:12+00:00,ㄹㅇ 카이는 ㅈㄴ 개빡치는보스인듯왜 억지로 깨야하는지몰겟음 나머지다쉬운데,ㄹㅇ 카이는 ㅈㄴ 개빡치는보스인듯왜 억지로 깨야하는지몰겟음 나머지다쉬운데,"['카이', '개', '치', '보스', '깨', '몰', '나머지', '쉽']",,,,,
Jg9xSIh9-ls,"챌섭코인샵에 있는 17성 주문서 이거 여명에 발라도 되나요?
160제부터는 효율 괜찮다던데 가엔링에 바르고 데브펜은 그냥 별 누르고 하면 될까요?",0,2026-06-22 07:44:14+00:00,"챌섭코인샵에 있는 17성 주문서 이거 여명에 발라도 되나요?
160제부터는 효율 괜찮다던데 가엔링에 바르고 데브펜은 그냥 별 누르고 하면 될까요?",챌섭코인샵에 있는 17성 주문서 이거 여명에 발라도 되나요? 160제부터는 효율 괜찮다던데 가엔링에 바르고 데브펜은 그냥 별 누르고 하면 될까요?,"['챌섭코인샵', '있', '주문서', '여명', '바르', '되', '효율', '괜찮', '하', '가', '링', '바르', '데브펜', '누르', '하', '되']",,,,,
6RGKFGjff3k,레테 조아,0,2026-06-22 07:42:13+00:00,레테 조아,레테 조아,"['레테', '조아']",,,,,
f92dfu0biJI,어웨이크링 안 받고 글로리온 링 받았는데 문제있을까여??,0,2026-06-22 07:41:01+00:00,어웨이크링 안 받고 글로리온 링 받았는데 문제있을까여??,어웨이크링 안 받고 글로리온 링 받았는데 문제있을까여??,"['어웨이크링', '받', '글로리', '온', '링', '받', '문제', '있']",,,,,
rhFbqj9QPEY,알려주신대로 하스우 연모로 잡고 골드찍고 다시 하스우 잡을 생각에 눈물이 앞을 가립니다,0,2026-06-22 07:36:51+00:00,알려주신대로 하스우 연모로 잡고 골드찍고 다시 하스우 잡을 생각에 눈물이 앞을 가립니다,알려주신대로 하스우 연모로 잡고 골드찍고 다시 하스우 잡을 생각에 눈물이 앞을 가립니다,"['알리', '대로', '하스우', '연모', '잡', '골드', '찍', '하스우', '잡', '생각', '눈물', '앞', '가리']",,,,,
6RGKFGjff3k,글자님 안경 잘 어울리시네요!,0,2026-06-22 07:31:32+00:00,글자님 안경 잘 어울리시네요!,글자님 안경 잘 어울리시네요,"['글자', '안경', '어울리']",,,,,
6RGKFGjff3k,형 캐슈 키우고싶었는데 레테로 하는게 즇은가요? 버닝,0,2026-06-22 06:33:41+00:00,형 캐슈 키우고싶었는데 레테로 하는게 즇은가요? 버닝,형 캐슈 키우고싶었는데 레테로 하는게 즇은가요? 버닝,"['형', '캐슈', '키우', '레테', '하', '것', '즇', '버닝']",,,,,
f92dfu0biJI,이 영상이 뉴비의 마지막 종착지다…,0,2026-06-22 06:10:19+00:00,이 영상이 뉴비의 마지막 종착지다…,이 영상이 뉴비의 마지막 종착지다,"['영상', '뉴비', '마지막', '종착지']",,,,,
rhFbqj9QPEY,엄청 깔끔하게 정리해주셔서 감사합니다.,0,2026-06-22 05:56:27+00:00,엄청 깔끔하게 정리해주셔서 감사합니다.,엄청 깔끔하게 정리해주셔서 감사합니다,"['깔끔', '정리', '감사']",,,,,
5C5DU2FiHZk,닼나는 최소5초뚝에 유틸도 쓰레기직업인데 5초뚝 없으면 전직업 중 가장 딜이약한 직업을 검밑솔로 추천하면서 유틸까지 좋다고 하면..,1,2026-06-22 05:32:18+00:00,닼나는 최소5초뚝에 유틸도 쓰레기직업인데 5초뚝 없으면 전직업 중 가장 딜이약한 직업을 검밑솔로 추천하면서 유틸까지 좋다고 하면..,닼나는 최소5초뚝에 유틸도 쓰레기직업인데 5초뚝 없으면 전직업 중 가장 딜이약한 직업을 검밑솔로 추천하면서 유틸까지 좋다고 하면,"['닼나', '최소', '초', '유틸', '쓰레기', '직업', '초', '없', '직업', '중', '딜', '약하', '직업', '검', '밑', '솔', '추천', '유틸', '좋', '하']",,,,,
6RGKFGjff3k,나는 왜 안돼,0,2026-06-22 04:03:24+00:00,나는 왜 안돼,나는 왜 안돼,['되'],,,,,
HVSa7aqX5Tk,스커 후딜땜에 너무 힘들었는데 썬콜하니까 보스가 너무 쾌적함 말도안돼 그냥,0,2026-06-22 03:27:48+00:00,스커 후딜땜에 너무 힘들었는데 썬콜하니까 보스가 너무 쾌적함 말도안돼 그냥,스커 후딜땜에 너무 힘들었는데 썬콜하니까 보스가 너무 쾌적함 말도안돼 그냥,"['스커', '후딜', '땜', '힘들', '썬', '콜', '하', '보스', '말', '되']",,,,,
rhFbqj9QPEY,경험치 쿠폰이 하나도없는데 다써서 .. 그냥 안먹고 사냥하나요 vip밖에없는디,0,2026-06-22 01:43:38+00:00,경험치 쿠폰이 하나도없는데 다써서 .. 그냥 안먹고 사냥하나요 vip밖에없는디,경험치 쿠폰이 하나도없는데 다써서 그냥 안먹고 사냥하나요 vip밖에없는디,"['경험치', '쿠폰', '없', '데', '쓰', '먹', '사냥', '없', '디']",,,,,
rhFbqj9QPEY,뉴비인데 블루베리 농장 1주차꺼 다털어서 270찍었는데 ㅈ된건가요?,0,2026-06-22 01:15:00+00:00,뉴비인데 블루베리 농장 1주차꺼 다털어서 270찍었는데 ㅈ된건가요?,뉴비인데 블루베리 농장 1주차꺼 다털어서 270찍었는데 ㅈ된건가요?,"['뉴비', '블루베리', '농장', '주', '차', '꺼', '털', '찍', '되', '거']",,,,,
rhFbqj9QPEY,에픽던전 보스한테 딜이 너무 안들어가던데,0,2026-06-22 00:04:31+00:00,에픽던전 보스한테 딜이 너무 안들어가던데,에픽던전 보스한테 딜이 너무 안들어가던데,"['에픽던전', '보스', '딜', '들어가']",,,,,
6RGKFGjff3k,캐릭은 진짜 이쁜데 스킬이 ㅈ같음,0,2026-06-21 23:13:48+00:00,캐릭은 진짜 이쁜데 스킬이 ㅈ같음,캐릭은 진짜 이쁜데 스킬이 ㅈ같음,"['캐릭', '이쁘', '스킬', '같']",,,,,
Jg9xSIh9-ls,선생님 혹시 테라버닝이라 도전자의 무기가 없는 경우에는 스펙업을 어떻게 할 수 있나요?,0,2026-06-21 22:31:56+00:00,선생님 혹시 테라버닝이라 도전자의 무기가 없는 경우에는 스펙업을 어떻게 할 수 있나요?,선생님 혹시 테라버닝이라 도전자의 무기가 없는 경우에는 스펙업을 어떻게 할 수 있나요?,"['선생', '테라버닝', '도전자', '무기', '없', '경우', '스펙', '업', '어떻', '하', '수', '있']",,,,,
6RGKFGjff3k,리부트에서 하다가 서버 증발해서 접었는데 복귀할라해도 뭐가 뭔지 몰라서 몬해먹겠네... 보스 패턴에 뭔 놈의 스킬 쿨 관리에 뭔 헥사에 뭔....... 그냥 안해야겠다..... 진입장벽 존나 만리장성이구만 뭔....,0,2026-06-21 21:57:28+00:00,리부트에서 하다가 서버 증발해서 접었는데 복귀할라해도 뭐가 뭔지 몰라서 몬해먹겠네... 보스 패턴에 뭔 놈의 스킬 쿨 관리에 뭔 헥사에 뭔....... 그냥 안해야겠다..... 진입장벽 존나 만리장성이구만 뭔....,리부트에서 하다가 서버 증발해서 접었는데 복귀할라해도 뭐가 뭔지 몰라서 몬해먹겠네 보스 패턴에 뭔 놈의 스킬 쿨 관리에 뭔 헥사에 뭔 그냥 안해야겠다 진입장벽 존나 만리장성이구만 뭔,"['리부트', '하', '서버', '증발', '접', '복귀', '모르', '하', '먹', '보스', '패턴', '놈', '스킬', '쿨', '관리', '헥사', '하', '진입', '장벽', '만리장성']",,,,,
rhFbqj9QPEY,하이퍼버닝 시작한지 몇일 지났지만 이 영상 보고 시험기간에라도 하려고 합니다.. 감사합니다,3,2026-06-21 21:49:57+00:00,하이퍼버닝 시작한지 몇일 지났지만 이 영상 보고 시험기간에라도 하려고 합니다.. 감사합니다,하이퍼버닝 시작한지 몇일 지났지만 이 영상 보고 시험기간에라도 하려고 합니다 감사합니다,"['하이퍼버닝', '시작', '지', '일', '지나', '영상', '보고', '시험', '기간', '하', '감사']",,,,,
f92dfu0biJI,메린이인데 궁금한 점 여기에 다 나와있어서 편하게 했어요! 뭐해야할지 잘 모르겠어서 접을 뻔 했다가 이거 보고 열심히 하고 있네요,0,2026-06-21 20:18:51+00:00,메린이인데 궁금한 점 여기에 다 나와있어서 편하게 했어요! 뭐해야할지 잘 모르겠어서 접을 뻔 했다가 이거 보고 열심히 하고 있네요,메린이인데 궁금한 점 여기에 다 나와있어서 편하게 했어요 뭐해야할지 잘 모르겠어서 접을 뻔 했다가 이거 보고 열심히 하고 있네요,"['메린', '궁금하', '점', '나오', '편하', '하', '하', '모르', '접', '뻔', '보', '하']",,,,,
6RGKFGjff3k,웃는얼굴로 한손 컷소  한손망치들고 폐목달라고하면  다주실듯,0,2026-06-21 19:56:28+00:00,웃는얼굴로 한손 컷소  한손망치들고 폐목달라고하면  다주실듯,웃는얼굴로 한손 컷소 한손망치들고 폐목달라고하면 다주실듯,"['웃', '얼굴', '손', '크', '손', '망치', '들', '목', '달', '하', '주', '듯']",,,,,
FMUmSNtWlEU,하이퍼 버닝 일섭에서 지정해버렸는데 캐릭 지우면 다시 지정할 수 있나요? 😢😢,1,2026-06-21 19:07:45+00:00,하이퍼 버닝 일섭에서 지정해버렸는데 캐릭 지우면 다시 지정할 수 있나요? 😢😢,하이퍼 버닝 일섭에서 지정해버렸는데 캐릭 지우면 다시 지정할 수 있나요?,"['하이퍼', '버닝', '섭', '지정', '캐릭', '지우', '지정', '수', '있']",,,,,
Q-b20FJZ0jQ,"남은 심볼들도 합치나요? 고루?
링도 추가로 주던데 이거 어떻하죠?
링 전용 큐브는 또 어떠케...😢",0,2026-06-21 18:35:36+00:00,"남은 심볼들도 합치나요? 고루?
링도 추가로 주던데 이거 어떻하죠?
링 전용 큐브는 또 어떠케...😢",남은 심볼들도 합치나요? 고루? 링도 추가로 주던데 이거 어떻하죠? 링 전용 큐브는 또 어떠케,"['남', '심볼', '합치', '고루', '링', '추가', '주', '어떻', '하', '링', '전용', '큐브']",,,,,
rhFbqj9QPEY,영상편집하면서 어케 재획하시나요 ㅋㄱㅋㅋ 스킬 꾹 눌러야하지않나영,0,2026-06-21 18:04:20+00:00,영상편집하면서 어케 재획하시나요 ㅋㄱㅋㅋ 스킬 꾹 눌러야하지않나영,영상편집하면서 어케 재획하시나요 ㅋㄱㅋㅋ 스킬 꾹 눌러야하지않나영,"['영상', '편집', '하', '하', '스킬', '누르']",,,,,
6RGKFGjff3k,누구는 240이라도 찍어보려고 14시간 투자 했는데 무지본은 웁니다..,0,2026-06-21 17:53:33+00:00,누구는 240이라도 찍어보려고 14시간 투자 했는데 무지본은 웁니다..,누구는 240이라도 찍어보려고 14시간 투자 했는데 무지본은 웁니다,"['찍', '시간', '투자', '무지본', '울']",,,,,
f92dfu0biJI,"감사합니다 아케인쪽 지역의 주간퀘스트는 안해도되나요?
자폐스펙트럼이랑 배고픈무토 이런거",0,2026-06-21 17:53:10+00:00,"감사합니다 아케인쪽 지역의 주간퀘스트는 안해도되나요?
자폐스펙트럼이랑 배고픈무토 이런거",감사합니다 아케인쪽 지역의 주간퀘스트는 안해도되나요? 자폐스펙트럼이랑 배고픈무토 이런거,"['감사', '아케인', '쪽', '지역', '주간', '퀘스트', '하', '되', '자폐 스펙트럼', '배고프', '무', '토', '거']",,,,,
f92dfu0biJI,도움 많이 되네요 영상 감사해요~~~,0,2026-06-21 17:09:08+00:00,도움 많이 되네요 영상 감사해요~~~,도움 많이 되네요 영상 감사해요,"['도움', '되', '영상', '감사']",,,,,
rhFbqj9QPEY,뉴비라서 그런가 사냥 1시간 하는 게 힘드네 ㅋㅋㅋㅋ,1,2026-06-21 17:08:28+00:00,뉴비라서 그런가 사냥 1시간 하는 게 힘드네 ㅋㅋㅋㅋ,뉴비라서 그런가 사냥 1시간 하는 게 힘드네 ㅋㅋ,"['뉴비', '그렇', '사냥', '시간', '하', '것', '힘들']",,,,,
rhFbqj9QPEY,마지막에 똥손그림 감성으로 넣으신게 아니면 챗지피티한테 정보넣고 뽑아달라하면 이쁘게 뽑아줘요,0,2026-06-21 16:52:52+00:00,마지막에 똥손그림 감성으로 넣으신게 아니면 챗지피티한테 정보넣고 뽑아달라하면 이쁘게 뽑아줘요,마지막에 똥손그림 감성으로 넣으신게 아니면 챗지피티한테 정보넣고 뽑아달라하면 이쁘게 뽑아줘요,"['마지막', '똥', '손', '그림', '감성', '넣', '것', '챗지', '피티', '정보', '넣', '뽑', '하', '이쁘', '뽑']",,,,,
f92dfu0biJI,4:00 에 이벤트 링 전용 레전드리 잠재능력 부여 스크롤 사용안하고 골드 큐브 돌리다가 다쓰고나서 발견해서 사용했는데 어떻게 해야하나요,0,2026-06-21 16:32:49+00:00,4:00 에 이벤트 링 전용 레전드리 잠재능력 부여 스크롤 사용안하고 골드 큐브 돌리다가 다쓰고나서 발견해서 사용했는데 어떻게 해야하나요,4 00 에 이벤트 링 전용 레전드리 잠재능력 부여 스크롤 사용안하고 골드 큐브 돌리다가 다쓰고나서 발견해서 사용했는데 어떻게 해야하나요,"['이벤트', '링', '전용', '레전드', '리', '잠재', '능력', '부여', '스크롤', '사용', '하', '골드', '큐브', '돌리', '쓰', '발견', '사용', '어떻', '하']",,,,,
rhFbqj9QPEY,276 구간 보러 왔는데 알아서라뇨... 거 너무하시네,0,2026-06-21 16:27:25+00:00,276 구간 보러 왔는데 알아서라뇨... 거 너무하시네,276 구간 보러 왔는데 알아서라뇨 거 너무하시네,"['구간', '보', '오', '알', '거', '하']",,,,,
6RGKFGjff3k,"렌이랑 비교한다면 어떨까요?
렌 너무 재미있게 해서
본캐급으로 키워보고 싶은데 신캐랑 사냥,보스 어떻게 차이나는지 궁금하네요",1,2026-06-21 16:06:21+00:00,"렌이랑 비교한다면 어떨까요?
렌 너무 재미있게 해서
본캐급으로 키워보고 싶은데 신캐랑 사냥,보스 어떻게 차이나는지 궁금하네요",렌이랑 비교한다면 어떨까요? 렌 너무 재미있게 해서 본캐급으로 키워보고 싶은데 신캐랑 사냥 보스 어떻게 차이나는지 궁금하네요,"['렌', '비교', '어떻', '렌', '재미있', '하', '본캐급', '키우', '신캐', '사냥', '보스', '어떻', '차이', '나', '궁금하']",,,,,
6RGKFGjff3k,뭔가 이젠 메이플같지가 않네 내가 알던 메이플과는 완전히 다른겜이라고 봐도 되겠다..,7,2026-06-21 15:37:02+00:00,뭔가 이젠 메이플같지가 않네 내가 알던 메이플과는 완전히 다른겜이라고 봐도 되겠다..,뭔가 이젠 메이플같지가 않네 내가 알던 메이플과는 완전히 다른겜이라고 봐도 되겠다,"['이제', '메이플', '같', '알', '메이플', '다르', '것', '보', '되']",,,,,
6RGKFGjff3k,신캐 할건데 본섭보다 챌섭이 무조건 이득인가요?,1,2026-06-21 15:35:17+00:00,신캐 할건데 본섭보다 챌섭이 무조건 이득인가요?,신캐 할건데 본섭보다 챌섭이 무조건 이득인가요?,"['캐', '하', '거', '본섭', '챌섭', '이득']",,,,,
rhFbqj9QPEY,블딸이 270부터 효율이 나오는건 맞는데 패스 보상 후반에도 많이 주는데 270 이후에 쓰겠다고 안 쓰면 나중에 렙 넘어가서 쓰게 됨 걍 다음 지역 갈 수 있으면 다 터는 게 맞음 물론 하루에 1소재도 안 하는 유저면 모아놓고 나중에 쓰는 게 맞긴 함,0,2026-06-21 15:28:04+00:00,블딸이 270부터 효율이 나오는건 맞는데 패스 보상 후반에도 많이 주는데 270 이후에 쓰겠다고 안 쓰면 나중에 렙 넘어가서 쓰게 됨 걍 다음 지역 갈 수 있으면 다 터는 게 맞음 물론 하루에 1소재도 안 하는 유저면 모아놓고 나중에 쓰는 게 맞긴 함,블딸이 270부터 효율이 나오는건 맞는데 패스 보상 후반에도 많이 주는데 270 이후에 쓰겠다고 안 쓰면 나중에 렙 넘어가서 쓰게 됨 걍 다음 지역 갈 수 있으면 다 터는 게 맞음 물론 하루에 1소재도 안 하는 유저면 모아놓고 나중에 쓰는 게 맞긴 함,"['딸', '효율', '나오', '거', '맞', '패스', '보상', '후반', '주', '이후', '쓰', '쓰', '나중', '렙', '넘어가', '쓰', '되', '다음', '지역', '가', '수', '있', '털', '것', '맞', '하루', '소재', '하', '유저', '모으', '나중', '쓰', '것', '맞']",,,,,
f92dfu0biJI,270이후 탬세팅 뼈빠지게 기다리고있는 메린2,0,2026-06-21 15:26:16+00:00,270이후 탬세팅 뼈빠지게 기다리고있는 메린2,270이후 탬세팅 뼈빠지게 기다리고있는 메린2,"['이후', '탬', '세팅', '뼈', '빠지', '기다리', '메린']",,,,,
6RGKFGjff3k,2:29 자연스럽게 당연한듯이 비틱을 ㅋㅋㅋ,2,2026-06-21 15:24:20+00:00,2:29 자연스럽게 당연한듯이 비틱을 ㅋㅋㅋ,2 29 자연스럽게 당연한듯이 비틱을 ㅋㅋ,"['자연', '듯이', '비틱']",,,,,
f92dfu0biJI,울티마 5일차에 받는 이벤링 선택권에서 2티어링 말고 남은 1티어링 받는게 나을까요?,0,2026-06-21 15:09:30+00:00,울티마 5일차에 받는 이벤링 선택권에서 2티어링 말고 남은 1티어링 받는게 나을까요?,울티마 5일차에 받는 이벤링 선택권에서 2티어링 말고 남은 1티어링 받는게 나을까요?,"['울티마', '일', '차', '받', '이', '베', '링', '선택', '2티어링', '말', '남', '1티어링', '받', '것', '낫']",,,,,
Q-b20FJZ0jQ,"04:42
07:02
08:26
09:50
25:54",1,2026-06-21 15:07:32+00:00,"04:42
07:02
08:26
09:50
25:54",04 42 07 02 08 26 09 50 25 54,[],,,,,
rhFbqj9QPEY,272 60퍼에 18장 쓰면 280맞져?,0,2026-06-21 14:50:17+00:00,272 60퍼에 18장 쓰면 280맞져?,272 60퍼에 18장 쓰면 280맞져?,"['퍼', '장', '쓰', '맞', '지']",,,,,
rhFbqj9QPEY,왔어; 내 야동;,0,2026-06-21 14:43:00+00:00,왔어; 내 야동;,왔어 내 야동,"['오', '야동']",,,,,
6RGKFGjff3k,하버를 아델이 아니라 신캐를 했어야 했네..,0,2026-06-21 14:41:30+00:00,하버를 아델이 아니라 신캐를 했어야 했네..,하버를 아델이 아니라 신캐를 했어야 했네,"['하버', '아델', '신캐', '하']",,,,,
f92dfu0biJI,이거다음도 올려주세요이!,0,2026-06-21 14:20:52+00:00,이거다음도 올려주세요이!,이거다음도 올려주세요이,"['다음', '올리']",,,,,
6RGKFGjff3k,요란법석하네,0,2026-06-21 14:08:44+00:00,요란법석하네,요란법석하네,"['요란', '법석']",,,,,
6RGKFGjff3k,글자형 안경쓰니까 뭔가 이미지가 변한느낌,0,2026-06-21 13:52:12+00:00,글자형 안경쓰니까 뭔가 이미지가 변한느낌,글자형 안경쓰니까 뭔가 이미지가 변한느낌,"['글자', '안경', '쓰', '이미지', '변하', '느낌']",,,,,
6RGKFGjff3k,복귀햇더니 너무어렵네요 아직 스우겨우깨고 루시드...피가안달아여,0,2026-06-21 13:35:12+00:00,복귀햇더니 너무어렵네요 아직 스우겨우깨고 루시드...피가안달아여,복귀햇더니 너무어렵네요 아직 스우겨우깨고 루시드 피가안달아여,"['복귀', '어렵', '스우', '깨', '루시', '드', '피', '닫']",,,,,
rhFbqj9QPEY,272말고 270에 농장써도 효율 똑같나요,1,2026-06-21 13:21:28+00:00,272말고 270에 농장써도 효율 똑같나요,272말고 270에 농장써도 효율 똑같나요,"['말', '고', '농장', '쓰', '효율', '똑같']",,,,,
rhFbqj9QPEY,1렙 높은 몬스터 사냥하려면 순간이동해야 되는데 퀘스트를 못깨서 순간이동 못한다는데 어떻게 하는거죠?,0,2026-06-21 13:10:50+00:00,1렙 높은 몬스터 사냥하려면 순간이동해야 되는데 퀘스트를 못깨서 순간이동 못한다는데 어떻게 하는거죠?,1렙 높은 몬스터 사냥하려면 순간이동해야 되는데 퀘스트를 못깨서 순간이동 못한다는데 어떻게 하는거죠?,"['1렙', '높', '몬스터', '사냥', '순간', '이동', '되', '퀘스트', '깨', '순간', '이동', '하', '어떻', '하', '거']",,,,,
6RGKFGjff3k,이번에 시작 했는데 버섯 자석펫은 지금도 얻을수 있나요??,0,2026-06-21 12:59:26+00:00,이번에 시작 했는데 버섯 자석펫은 지금도 얻을수 있나요??,이번에 시작 했는데 버섯 자석펫은 지금도 얻을수 있나요??,"['이번', '시작', '버섯', '자석펫', '지금', '얻', '수', '있']",,,,,
6RGKFGjff3k,와씨 난 아란이라 딜로스 개심한데 레테보니까 개부럽네 ㅋㅋㅋㅋㅋㅋㅋㅋ,0,2026-06-21 12:59:21+00:00,와씨 난 아란이라 딜로스 개심한데 레테보니까 개부럽네 ㅋㅋㅋㅋㅋㅋㅋㅋ,와씨 난 아란이라 딜로스 개심한데 레테보니까 개부럽네 ㅋㅋ,"['아란', '딜로스', '개심', '데', '레테', '보', '개', '부럽']",,,,,
f92dfu0biJI,이지루시드 곧 1인격파로 깨야하는 뉴비입니다. 자세한 보스 공략영상은 어디서 찾아볼수있을까요?,0,2026-06-21 12:54:55+00:00,이지루시드 곧 1인격파로 깨야하는 뉴비입니다. 자세한 보스 공략영상은 어디서 찾아볼수있을까요?,이지루시드 곧 1인격파로 깨야하는 뉴비입니다 자세한 보스 공략영상은 어디서 찾아볼수있을까요?,"['이지루시드', '격파', '깨', '뉴비', '보스', '공략', '영상', '찾아보', '수', '있']",,,,,
f92dfu0biJI,엠블용 카르마 에디에픽잠재 주문서를 다른거 사느라 못샀으면 어디서 구할 수 있나요 ㅠㅠ ㅠㅠㅠㅠㅠㅠ,0,2026-06-21 12:46:37+00:00,엠블용 카르마 에디에픽잠재 주문서를 다른거 사느라 못샀으면 어디서 구할 수 있나요 ㅠㅠ ㅠㅠㅠㅠㅠㅠ,엠블용 카르마 에디에픽잠재 주문서를 다른거 사느라 못샀으면 어디서 구할 수 있나요 ㅠㅠ ㅠㅠ,"['엠', '카르마', '에디에픽', '잠재', '주문서', '거', '사', '사', '구하', '수', '있']",,,,,
rhFbqj9QPEY,그림 귀엽네요 ㅋ,0,2026-06-21 12:28:08+00:00,그림 귀엽네요 ㅋ,그림 귀엽네요 ㅋ,"['그림', '귀엽']",,,,,
6RGKFGjff3k,연모로도 제네 어둠의 흔적인가 그거 채우기 가능해요?,0,2026-06-21 12:22:37+00:00,연모로도 제네 어둠의 흔적인가 그거 채우기 가능해요?,연모로도 제네 어둠의 흔적인가 그거 채우기 가능해요?,"['연모', '어둠', '흔적', '채우', '가능']",,,,,
6RGKFGjff3k,소환수 지속시간 1시간으로 수정해서 겜하면 꿀잼이겠농 ㅋㅋㅋ,0,2026-06-21 12:21:23+00:00,소환수 지속시간 1시간으로 수정해서 겜하면 꿀잼이겠농 ㅋㅋㅋ,소환수 지속시간 1시간으로 수정해서 겜하면 꿀잼이겠농 ㅋㅋ,"['소환', '수', '지속', '시간', '시간', '수정', '것', '하', '꿀', '잼', '농']",,,,,
f92dfu0biJI,영상 순서대로해서 엠블렘때 카오스벨룸 잡으라해서 잡았는데 그뒤에 루타 4마리 잡아야된다니... 먼저말해주셨다면 퀘스트 받고 잡았을텐데... 늦었네요,0,2026-06-21 12:16:03+00:00,영상 순서대로해서 엠블렘때 카오스벨룸 잡으라해서 잡았는데 그뒤에 루타 4마리 잡아야된다니... 먼저말해주셨다면 퀘스트 받고 잡았을텐데... 늦었네요,영상 순서대로해서 엠블렘때 카오스벨룸 잡으라해서 잡았는데 그뒤에 루타 4마리 잡아야된다니 먼저말해주셨다면 퀘스트 받고 잡았을텐데 늦었네요,"['영상', '순서', '하', '엠블렘', '때', '카오스벨룸', '잡', '하', '잡', '뒤', '루', '타', '마리', '잡', '되', '말', '퀘스트', '받', '잡', '터', '늦']",,,,,
6RGKFGjff3k,근데 레테떡상...각 조금 야한거 같은데? 떡상? 그게 뭐죠?,0,2026-06-21 12:07:09+00:00,근데 레테떡상...각 조금 야한거 같은데? 떡상? 그게 뭐죠?,근데 레테떡상 각 조금 야한거 같은데? 떡상? 그게 뭐죠?,"['레테떡', '야하', '거', '같', '떡', '상']",,,,,
Q-b20FJZ0jQ,19:56,0,2026-06-21 12:06:55+00:00,19:56,19 56,[],,,,,
6RGKFGjff3k,안녕하세요 글자님 레테 처음 해보는데 기본공격만 있는거 맞나요?ㅋㅋ,0,2026-06-21 12:06:52+00:00,안녕하세요 글자님 레테 처음 해보는데 기본공격만 있는거 맞나요?ㅋㅋ,안녕하세요 글자님 레테 처음 해보는데 기본공격만 있는거 맞나요?ㅋㅋ,"['안녕', '글자님', '레테', '처음', '하', '데', '기본', '공격', '있', '거', '맞']",,,,,
f92dfu0biJI,"보조무기 돌리다가 잠재능력에 보스 몬스터 데미지 30퍼, 몬스터 방무 15퍼 이렇게 떴는데 그럼 공격력 안띄우고 밑에 하면 되나요?",0,2026-06-21 12:05:52+00:00,"보조무기 돌리다가 잠재능력에 보스 몬스터 데미지 30퍼, 몬스터 방무 15퍼 이렇게 떴는데 그럼 공격력 안띄우고 밑에 하면 되나요?",보조무기 돌리다가 잠재능력에 보스 몬스터 데미지 30퍼 몬스터 방무 15퍼 이렇게 떴는데 그럼 공격력 안띄우고 밑에 하면 되나요?,"['보조', '무기', '돌리', '잠재', '능력', '보스', '몬스터', '데미지', '퍼', '몬스터', '방', '무', '퍼', '뜨', '공격력', '띄우', '밑', '하', '되']",,,,,
f92dfu0biJI,"이벤트링 부문에서 테네링 안받고 글로리온 링 슈프림 받아서 윗잠 유효 아랫잠 유효까지 다해버렸는데 그럼 굳이 테네링 써야 되는건가요? 또 남긴하는데  반지가 위에서부터 1.어비스 헌터링 2, 실버블라썸링 3. 글로리온링 4.이터널 링 인데 나중에 챌린저스 보상 받으면 어느링이랑 교체하면되는지 궁금합니다",0,2026-06-21 11:57:02+00:00,"이벤트링 부문에서 테네링 안받고 글로리온 링 슈프림 받아서 윗잠 유효 아랫잠 유효까지 다해버렸는데 그럼 굳이 테네링 써야 되는건가요? 또 남긴하는데  반지가 위에서부터 1.어비스 헌터링 2, 실버블라썸링 3. 글로리온링 4.이터널 링 인데 나중에 챌린저스 보상 받으면 어느링이랑 교체하면되는지 궁금합니다",이벤트링 부문에서 테네링 안받고 글로리온 링 슈프림 받아서 윗잠 유효 아랫잠 유효까지 다해버렸는데 그럼 굳이 테네링 써야 되는건가요? 또 남긴하는데 반지가 위에서부터 1 어비스 헌터링 2 실버블라썸링 3 글로리온링 4 이터널 링 인데 나중에 챌린저스 보상 받으면 어느링이랑 교체하면되는지 궁금합니다,"['이벤트', '링', '부문', '테네링', '받', '글로리', '온', '링', '슈프림', '받', '윗', '잠', '유효', '아랫', '잠', '유효', '하', '테네링', '쓰', '되', '거', '남', '반지', '위', '어비스', '헌터', '링', '실버블라썸링', '글로리온링', '터널', '링', '나중', '챌린저스', '보상', '받', '링', '교체', '되', '궁금하']",,,,,
6RGKFGjff3k,뭐지 밸런스가 ㅈㄴ 안맞네 난 듀블로 존나 두들겨패서 겨우잡았는데......,0,2026-06-21 11:47:40+00:00,뭐지 밸런스가 ㅈㄴ 안맞네 난 듀블로 존나 두들겨패서 겨우잡았는데......,뭐지 밸런스가 ㅈㄴ 안맞네 난 듀블로 존나 두들겨패서 겨우잡았는데,"['밸런스', '맞', '듀블', '두들기', '패', '잡']",,,,,
rhFbqj9QPEY,그래 이거지! 너무 보기도 편하고 뭘 해야되는지도 딱딱알려주셔서 감사용,0,2026-06-21 11:44:20+00:00,그래 이거지! 너무 보기도 편하고 뭘 해야되는지도 딱딱알려주셔서 감사용,그래 이거지 너무 보기도 편하고 뭘 해야되는지도 딱딱알려주셔서 감사용,"['보', '편하', '하', '되', '알리', '감사']",,,,,
rhFbqj9QPEY,266찍으려고 블루베리 3장 다썼는데 망한건가여?,0,2026-06-21 11:27:17+00:00,266찍으려고 블루베리 3장 다썼는데 망한건가여?,266찍으려고 블루베리 3장 다썼는데 망한건가여?,"['찍', '블루베리', '장', '쓰', '망하', '거']",,,,,
f92dfu0biJI,혹시 에테리온이펙트는 어떻게 사용하나요?,0,2026-06-21 11:26:11+00:00,혹시 에테리온이펙트는 어떻게 사용하나요?,혹시 에테리온이펙트는 어떻게 사용하나요?,"['에테리온이펙트', '어떻', '사용']",,,,,
6RGKFGjff3k,신캐 키우고있는분들께는 미안하지만 어째 1년전 나온 렌보다 별로인거 같아,0,2026-06-21 11:25:07+00:00,신캐 키우고있는분들께는 미안하지만 어째 1년전 나온 렌보다 별로인거 같아,신캐 키우고있는분들께는 미안하지만 어째 1년전 나온 렌보다 별로인거 같아,"['캐', '키우', '분', '미안', '어쩌', '년', '전', '나오', '렌', '거', '같']",,,,,
6RGKFGjff3k,"260인데 윌 카이잡네요.. 갓글자형님..
와.. 컨이 얼마나 좋으시면.. ㄷㄷ",2,2026-06-21 11:24:26+00:00,"260인데 윌 카이잡네요.. 갓글자형님..
와.. 컨이 얼마나 좋으시면.. ㄷㄷ",260인데 윌 카이잡네요 갓글자형님 와 컨이 얼마나 좋으시면 ㄷㄷ,"['윌', '카이', '잡', '갓글자', '형', '오', '크', '좋']",,,,,
f92dfu0biJI,이벤링 질문있는데ㅇ 반지3개중에서 고르는 건 2개만 선택해도 나머지 하나는 쓸일이없음?,0,2026-06-21 11:00:20+00:00,이벤링 질문있는데ㅇ 반지3개중에서 고르는 건 2개만 선택해도 나머지 하나는 쓸일이없음?,이벤링 질문있는데ㅇ 반지3개중에서 고르는 건 2개만 선택해도 나머지 하나는 쓸일이없음?,"['이벤', '링', '질문', '있', '반지', '개', '중', '고르', '거', '개', '선택', '나머지', '쓰', '일', '없']",,,,,
rhFbqj9QPEY,에픽던전 초기화 요일이 목요일인가용?,0,2026-06-21 10:50:13+00:00,에픽던전 초기화 요일이 목요일인가용?,에픽던전 초기화 요일이 목요일인가용?,"['에픽던전', '초기', '요일', '목요일']",,,,,
6RGKFGjff3k,잘봤습니다,0,2026-06-21 10:42:40+00:00,잘봤습니다,잘봤습니다,['보'],,,,,
6RGKFGjff3k,우리형 왜 모범생안경 씀?,0,2026-06-21 10:37:59+00:00,우리형 왜 모범생안경 씀?,우리형 왜 모범생안경 씀?,"['형', '모범', '안경', '쓰']",,,,,
rhFbqj9QPEY,"블루베리, exp쿠폰 이런게 효율이 좋은 구간이 분명 있고, 그대로 따라가는게 제일 좋긴하지만,
거기서 안썼다고 막 엄청 손해보는것도 아님.
앵간하면 유튜브 한편 보면서 사냥하면 멘징됨
그러니까 효율 안좋게 써버렸다고 너무 기분안좋아질 필요없을듯",4,2026-06-21 10:33:18+00:00,"블루베리, exp쿠폰 이런게 효율이 좋은 구간이 분명 있고, 그대로 따라가는게 제일 좋긴하지만,
거기서 안썼다고 막 엄청 손해보는것도 아님.
앵간하면 유튜브 한편 보면서 사냥하면 멘징됨
그러니까 효율 안좋게 써버렸다고 너무 기분안좋아질 필요없을듯",블루베리 exp쿠폰 이런게 효율이 좋은 구간이 분명 있고 그대로 따라가는게 제일 좋긴하지만 거기서 안썼다고 막 엄청 손해보는것도 아님 앵간하면 유튜브 한편 보면서 사냥하면 멘징됨 그러니까 효율 안좋게 써버렸다고 너무 기분안좋아질 필요없을듯,"['블루베리', '쿠폰', '것', '효율', '좋', '구간', '있', '따라가', '것', '좋', '쓰', '손해', '보', '것', '앵간', '하', '유튜브', '편', '보', '사냥', '메', '징', '효율', '좋', '쓰', '기분', '좋', '필요', '없', '듯']",,,,,
6RGKFGjff3k,글자 볼수록 아이브 가을 닮음 ㅇㅇ,0,2026-06-21 10:31:54+00:00,글자 볼수록 아이브 가을 닮음 ㅇㅇ,글자 볼수록 아이브 가을 닮음 ㅇㅇ,"['글자', '보', '아이브', '가', '을', '닮']",,,,,
6RGKFGjff3k,개고생해서 260찍었었는데 현타오ㅖㅋㅋ,2,2026-06-21 10:30:23+00:00,개고생해서 260찍었었는데 현타오ㅖㅋㅋ,개고생해서 260찍었었는데 현타오ㅖㅋㅋ,"['개', '고생', '찍', '타오']",,,,,
6RGKFGjff3k,아이디 문제로 컴메이플안한지 꽤됐는디  스토리보는맛으로해서,0,2026-06-21 10:24:27+00:00,아이디 문제로 컴메이플안한지 꽤됐는디  스토리보는맛으로해서,아이디 문제로 컴메이플안한지 꽤됐는디 스토리보는맛으로해서,"['아이디', '문제', '컴메이플', '하', '지', '되', '스토리', '보', '맛', '하']",,,,,
6RGKFGjff3k,2:52 예전에 1단계에서 레전더리 간 사람,6,2026-06-21 10:16:28+00:00,2:52 예전에 1단계에서 레전더리 간 사람,2 52 예전에 1단계에서 레전더리 간 사람,"['예전', '단계', '레전더리', '가', '사람']",,,,,
6RGKFGjff3k,"본인이 좋으면 된거죠 ㅎ 
아무튼 이 영상은 레테 시 참조~~",0,2026-06-21 10:13:04+00:00,"본인이 좋으면 된거죠 ㅎ 
아무튼 이 영상은 레테 시 참조~~",본인이 좋으면 된거죠 ㅎ 아무튼 이 영상은 레테 시 참조,"['본인', '좋', '되', '거', '영상', '레테', '시', '참조']",,,,,
6RGKFGjff3k,"솔직히 더 빨라도 됨 6차 전직도 없어져야함
의미가 없음",0,2026-06-21 10:10:21+00:00,"솔직히 더 빨라도 됨 6차 전직도 없어져야함
의미가 없음",솔직히 더 빨라도 됨 6차 전직도 없어져야함 의미가 없음,"['빠르', '되', '차', '전직', '없', '의미', '없']",,,,,
6RGKFGjff3k,카이 잡는거 잠깐이라도 볼려했는데 편집이라니...,3,2026-06-21 10:01:29+00:00,카이 잡는거 잠깐이라도 볼려했는데 편집이라니...,카이 잡는거 잠깐이라도 볼려했는데 편집이라니,"['카이', '잡', '거', '잠깐', '보', '편집']",,,,,
6RGKFGjff3k,이게 게임이냐,1,2026-06-21 09:59:25+00:00,이게 게임이냐,이게 게임이냐,['게임'],,,,,
6RGKFGjff3k,개선하면 뭐하냐 지금까지 나온 신캐중에 나락인데ㅋㅋㅋㅋㅋㅋ,0,2026-06-21 09:57:45+00:00,개선하면 뭐하냐 지금까지 나온 신캐중에 나락인데ㅋㅋㅋㅋㅋㅋ,개선하면 뭐하냐 지금까지 나온 신캐중에 나락인데ㅋㅋ,"['개선', '하', '지금', '나오', '신캐', '중', '나락']",,,,,
f92dfu0biJI,"제네시스 퀘스트 반 레온 잡고 아카이럼 잡고 끝까지 해야 하나요  
펜던트 얻을려고 아카이럼 잡으려는데 선행퀘 어떻게 하나요",0,2026-06-21 09:54:04+00:00,"제네시스 퀘스트 반 레온 잡고 아카이럼 잡고 끝까지 해야 하나요  
펜던트 얻을려고 아카이럼 잡으려는데 선행퀘 어떻게 하나요",제네시스 퀘스트 반 레온 잡고 아카이럼 잡고 끝까지 해야 하나요 펜던트 얻을려고 아카이럼 잡으려는데 선행퀘 어떻게 하나요,"['제네시스', '퀘스트', '반', '레온', '잡', '아카이럼', '잡', '끝', '하', '펜던트', '얻', '아카이럼', '잡', '데', '선행', '퀘', '어떻', '하']",,,,,
rhFbqj9QPEY,270때 쓰려고 블루베리 아껴놨는데 272때 써야한다니… 아직 그림의 떡이네 ㅠㅠ,2,2026-06-21 09:52:57+00:00,270때 쓰려고 블루베리 아껴놨는데 272때 써야한다니… 아직 그림의 떡이네 ㅠㅠ,270때 쓰려고 블루베리 아껴놨는데 272때 써야한다니 아직 그림의 떡이네 ㅠㅠ,"['때', '쓰', '블루베리', '아끼', '때', '쓰', '그림', '떡']",,,,,
6RGKFGjff3k,ㅎㅎㅎㅎ,0,2026-06-21 09:49:56+00:00,ㅎㅎㅎㅎ,ㅎㅎ,[],,,,,
6RGKFGjff3k,안경 끼시니까 뚝이님 닮은 것 같기도..😮,36,2026-06-21 09:49:54+00:00,안경 끼시니까 뚝이님 닮은 것 같기도..😮,안경 끼시니까 뚝이님 닮은 것 같기도,"['안경', '끼', '이', '닮', '것', '같']",,,,,
6RGKFGjff3k,확실히 좋긴한데 렌따라잡기는쉽지않네 ㅋㅋㅋㅋㅋ,3,2026-06-21 09:38:42+00:00,확실히 좋긴한데 렌따라잡기는쉽지않네 ㅋㅋㅋㅋㅋ,확실히 좋긴한데 렌따라잡기는쉽지않네 ㅋㅋ,"['좋', '렌', '따라잡', '쉽']",,,,,
6RGKFGjff3k,유튜브는 14분컷 호에엑,0,2026-06-21 09:30:32+00:00,유튜브는 14분컷 호에엑,유튜브는 14분컷 호에엑,"['유튜브', '분', '컷', '호']",,,,,
6RGKFGjff3k,예전엔 200렙 45분 타임어택했는데,1,2026-06-21 09:21:35+00:00,예전엔 200렙 45분 타임어택했는데,예전엔 200렙 45분 타임어택했는데,"['예전', '200렙', '분', '타임', '어택']",,,,,
6RGKFGjff3k,ㅎ.ㅎ,0,2026-06-21 09:21:31+00:00,ㅎ.ㅎ,ㅎ ㅎ,[],,,,,
6RGKFGjff3k,썬콜했다가 선한 의지를 가진 용사여 만 30분 봤는데...,23,2026-06-21 09:19:29+00:00,썬콜했다가 선한 의지를 가진 용사여 만 30분 봤는데...,썬콜했다가 선한 의지를 가진 용사여 만 30분 봤는데,"['썬', '콜', '선', '의지', '가지', '용사', '분', '보']",,,,,
6RGKFGjff3k,오이,0,2026-06-21 09:19:21+00:00,오이,오이,['오이'],,,,,
6RGKFGjff3k,"진짜 경험치 5천퍼의 위력은 미친 거 같습니다ㅋㅋㅋㅋ 
역대급... 우리 팬 분들 챌섭 재미나게 즐기시구 뉴비가이드도 꾝 하내 들구오겠습니다!",15,2026-06-21 09:17:58+00:00,"진짜 경험치 5천퍼의 위력은 미친 거 같습니다ㅋㅋㅋㅋ 
역대급... 우리 팬 분들 챌섭 재미나게 즐기시구 뉴비가이드도 꾝 하내 들구오겠습니다!",진짜 경험치 5천퍼의 위력은 미친 거 같습니다ㅋㅋ 역대급 우리 팬 분들 챌섭 재미나게 즐기시구 뉴비가이드도 꾝 하내 들구오겠습니다,"['경험치', '퍼', '위력', '미치', '거', '같', '역대', '급', '팬', '분', '챌섭', '재미나', '즐기', '뉴비', '가이드', '꾝', '하내', '들', '오']",,,,,
6RGKFGjff3k,4,0,2026-06-21 09:17:09+00:00,4,4,[],,,,,
6RGKFGjff3k,레벨업은 역대급이긴함,0,2026-06-21 09:16:14+00:00,레벨업은 역대급이긴함,레벨업은 역대급이긴함,"['레벨', '업', '역대', '급']",,,,,
6RGKFGjff3k,2,0,2026-06-21 09:16:10+00:00,2,2,[],,,,,
6RGKFGjff3k,글하,0,2026-06-21 09:15:49+00:00,글하,글하,['글'],,,,,
HVSa7aqX5Tk,난이도 상관없으면 섀도어 루미중 뭐가좋음?,0,2026-06-21 09:11:40+00:00,난이도 상관없으면 섀도어 루미중 뭐가좋음?,난이도 상관없으면 섀도어 루미중 뭐가좋음?,"['난이도', '상관', '없', '섀도어', '루미', '중', '좋']",,,,,
ep6YvyuVbV0,난이도 고려하지 않고 고른다면 루미너스랑 섀도어중 뭐가 좋나요,0,2026-06-21 09:10:08+00:00,난이도 고려하지 않고 고른다면 루미너스랑 섀도어중 뭐가 좋나요,난이도 고려하지 않고 고른다면 루미너스랑 섀도어중 뭐가 좋나요,"['난이도', '고려', '고르', '루미너스', '섀도어', '중', '좋']",,,,,
f92dfu0biJI,보상 시드링 리스트레이트링3받았는데 컨티4로 받아도 되나요?,0,2026-06-21 08:57:20+00:00,보상 시드링 리스트레이트링3받았는데 컨티4로 받아도 되나요?,보상 시드링 리스트레이트링3받았는데 컨티4로 받아도 되나요?,"['보상', '시', '드', '링', '리스트', '레이', '트', '링', '받', '컨티', '받', '되']",,,,,
Q-b20FJZ0jQ,블루베리 270부터쓰는게훨씬효율좋더라구여..,0,2026-06-21 08:43:38+00:00,블루베리 270부터쓰는게훨씬효율좋더라구여..,블루베리 270부터쓰는게훨씬효율좋더라구여,"['블루베리', '쓰', '것', '효율', '좋']",,,,,
f92dfu0biJI,RPG 시작이 이렇게 어렵다니😢,0,2026-06-21 08:39:18+00:00,RPG 시작이 이렇게 어렵다니😢,RPG 시작이 이렇게 어렵다니,"['시작', '이렇', '어렵']",,,,,
Q-b20FJZ0jQ,3만점 공략 부분에서 Exp패스 사지말고 그돈 만큼 썬데이 메이플 몬파만 돌아도 280은 가능하지 않나요?,0,2026-06-21 08:38:41+00:00,3만점 공략 부분에서 Exp패스 사지말고 그돈 만큼 썬데이 메이플 몬파만 돌아도 280은 가능하지 않나요?,3만점 공략 부분에서 Exp패스 사지말고 그돈 만큼 썬데이 메이플 몬파만 돌아도 280은 가능하지 않나요?,"['점', '공략', '부분', '패스', '사', '돈', '만큼', '썬', '데이', '메이플', '파', '돌', '가능']",,,,,
f92dfu0biJI,"개지리긴함,, 진짜,, 근데 메린이도 챌린저 찍을 수 있을까요",0,2026-06-21 08:38:25+00:00,"개지리긴함,, 진짜,, 근데 메린이도 챌린저 찍을 수 있을까요",개지리긴함 진짜 근데 메린이도 챌린저 찍을 수 있을까요,"['개지리', '메린', '챌린저', '찍', '수', '있']",,,,,
rhFbqj9QPEY,슈크림님 시즌4도 덕분에 열심히하고있습니다❤,0,2026-06-21 08:30:00+00:00,슈크림님 시즌4도 덕분에 열심히하고있습니다❤,슈크림님 시즌4도 덕분에 열심히하고있습니다,"['슈크림', '님', '시즌', '덕분', '하']",,,,,
f92dfu0biJI,챌섭코인샵에서 vip경험치버프 꾸준히 사나요?,0,2026-06-21 08:23:12+00:00,챌섭코인샵에서 vip경험치버프 꾸준히 사나요?,챌섭코인샵에서 vip경험치버프 꾸준히 사나요?,"['챌섭코인샵', '경험치버프', '사']",,,,,
f92dfu0biJI,반지 메획 20에 올스탯 12 떴는데 멈출까요.. 보스 돌아야하는 뉴비인데,0,2026-06-21 08:17:24+00:00,반지 메획 20에 올스탯 12 떴는데 멈출까요.. 보스 돌아야하는 뉴비인데,반지 메획 20에 올스탯 12 떴는데 멈출까요 보스 돌아야하는 뉴비인데,"['반지', '메', '획', '올스탯', '뜨', '멈추', '보스', '돌', '뉴비']",,,,,
f92dfu0biJI,결국 시간을 많이 갈아 넣어야 하네요......260까지만 해야겠어요.....ㅜ,0,2026-06-21 08:09:14+00:00,결국 시간을 많이 갈아 넣어야 하네요......260까지만 해야겠어요.....ㅜ,결국 시간을 많이 갈아 넣어야 하네요 260까지만 해야겠어요 ㅜ,"['결국', '시간', '갈', '넣', '하']",,,,,
f92dfu0biJI,형님 페어리 하트 먹었는데 이녀석 잠재는 에잠 발라도 될까요 아님 카유잠 발라야 할까요,0,2026-06-21 08:00:14+00:00,형님 페어리 하트 먹었는데 이녀석 잠재는 에잠 발라도 될까요 아님 카유잠 발라야 할까요,형님 페어리 하트 먹었는데 이녀석 잠재는 에잠 발라도 될까요 아님 카유잠 발라야 할까요,"['형', '페어리', '하트', '먹', '녀석', '잠재', '에잠', '바르', '되', '카유잠', '바르']",,,,,
rhFbqj9QPEY,당신은 나의 이정표,0,2026-06-21 07:16:22+00:00,당신은 나의 이정표,당신은 나의 이정표,['이정표'],,,,,
rhFbqj9QPEY,1주차 하드진힐 하루 빼고 연모로 다잡긴했는데 2분남기는정도면 찐모 도전가능하나요? 1주차에 노말로갈지 고민이됩니드,0,2026-06-21 07:05:56+00:00,1주차 하드진힐 하루 빼고 연모로 다잡긴했는데 2분남기는정도면 찐모 도전가능하나요? 1주차에 노말로갈지 고민이됩니드,1주차 하드진힐 하루 빼고 연모로 다잡긴했는데 2분남기는정도면 찐모 도전가능하나요? 1주차에 노말로갈지 고민이됩니드,"['주', '차', '하드진힐', '하루', '빼', '연모', '다잡', '분', '남기', '정도', '찐모', '도전', '가능', '주', '차', '노말', '가', '고민이됩니드']",,,,,
f92dfu0biJI,어웨이크링은 왜 나두라는건가여?? 챌린저스코인4000개 써서 레전더리 만들면안되는강,0,2026-06-21 07:05:41+00:00,어웨이크링은 왜 나두라는건가여?? 챌린저스코인4000개 써서 레전더리 만들면안되는강,어웨이크링은 왜 나두라는건가여?? 챌린저스코인400개 써서 레전더리 만들면안되는강,"['어웨이크링', '두', '거', '챌린저스코', '개', '쓰', '레전더리', '만들', '되']",,,,,
rhFbqj9QPEY,챌린저스패스에서 궁성비주는데 이건 어떻게해야 좋을까요 ?,0,2026-06-21 06:35:55+00:00,챌린저스패스에서 궁성비주는데 이건 어떻게해야 좋을까요 ?,챌린저스패스에서 궁성비주는데 이건 어떻게해야 좋을까요 ?,"['챌린저스패스', '궁성', '비', '주', '어떻', '하', '좋']",,,,,
rhFbqj9QPEY,이미 다 썻으면 개추,0,2026-06-21 06:35:28+00:00,이미 다 썻으면 개추,이미 다 썻으면 개추,"['쓰', '개추']",,,,,
rhFbqj9QPEY,내 메이플 스승 김슈림👍,0,2026-06-21 06:14:51+00:00,내 메이플 스승 김슈림👍,내 메이플 스승 김슈림,"['메이플', '스승', '김', '슈', '림']",,,,,
rhFbqj9QPEY,중간에 한번 죽었나봐요 사냥패널티가 있으시넼ㅋㅋㅋ졸거나 편집하느라 죽으셨나😂,3,2026-06-21 06:11:01+00:00,중간에 한번 죽었나봐요 사냥패널티가 있으시넼ㅋㅋㅋ졸거나 편집하느라 죽으셨나😂,중간에 한번 죽었나봐요 사냥패널티가 있으시넼ㅋㅋ졸거나 편집하느라 죽으셨나,"['중간', '번', '죽', '보', '사냥', '패널티', '있', '졸', '편집', '죽']",,,,,
rhFbqj9QPEY,"이번 챌섭, 이거 보고 열심히 달려보겠습니다 감사합니다",0,2026-06-21 06:10:45+00:00,"이번 챌섭, 이거 보고 열심히 달려보겠습니다 감사합니다",이번 챌섭 이거 보고 열심히 달려보겠습니다 감사합니다,"['이번', '챌섭', '보', '달리', '감사']",,,,,
rhFbqj9QPEY,285 가이드도 해주세요,1,2026-06-21 06:06:07+00:00,285 가이드도 해주세요,285 가이드도 해주세요,"['가이드', '하']",,,,,
rhFbqj9QPEY,5분전이라니 당장 봐주마,1,2026-06-21 06:03:13+00:00,5분전이라니 당장 봐주마,5분전이라니 당장 봐주마,"['분', '전', '하', '당장', '보']",,,,,
rhFbqj9QPEY,드가자,0,2026-06-21 06:03:13+00:00,드가자,드가자,"['드', '가']",,,,,
Q-b20FJZ0jQ,18:45 브금 제목 아시는분 계신가요?,0,2026-06-21 05:56:40+00:00,18:45 브금 제목 아시는분 계신가요?,18 45 브금 제목 아시는분 계신가요?,"['브금', '제목', '알', '분', '계시']",,,,,
f92dfu0biJI,간단.정확.빠름 최고의공략영상,0,2026-06-21 05:27:42+00:00,간단.정확.빠름 최고의공략영상,간단 정확 빠름 최고의공략영상,"['정확', '빠르', '최고', '공략', '영상']",,,,,
Q-b20FJZ0jQ,궁성비 혹시 어디서 얻을까요..?,0,2026-06-21 05:22:50+00:00,궁성비 혹시 어디서 얻을까요..?,궁성비 혹시 어디서 얻을까요 ?,"['궁성', '비', '얻']",,,,,
Q-b20FJZ0jQ,"카이에서 너무 벽인데 아이템버닝 카이잡으라는데 못잡겠음
접어야하나",1,2026-06-21 05:10:18+00:00,"카이에서 너무 벽인데 아이템버닝 카이잡으라는데 못잡겠음
접어야하나",카이에서 너무 벽인데 아이템버닝 카이잡으라는데 못잡겠음 접어야하나,"['카이', '벽', '아이템버닝', '카이', '잡', '잡', '접']",,,,,
rhFbqj9QPEY,"이번에 새로 도입된 HYPE 시스템이 영상 알고리즘 성장에 정말 큰 도움이 된다고 합니다. 

좋아요와 HYPE 버튼을 한 번씩만 눌러주시면, 다음 번에 더 유익하고 알찬 영상을 제작하는 데 엄청난 힘이 됩니다! 늘 감사합니다.",5,2026-06-21 05:01:59+00:00,"이번에 새로 도입된 HYPE 시스템이 영상 알고리즘 성장에 정말 큰 도움이 된다고 합니다. 

좋아요와 HYPE 버튼을 한 번씩만 눌러주시면, 다음 번에 더 유익하고 알찬 영상을 제작하는 데 엄청난 힘이 됩니다! 늘 감사합니다.",이번에 새로 도입된 HYPE 시스템이 영상 알고리즘 성장에 정말 큰 도움이 된다고 합니다 좋아요와 HYPE 버튼을 한 번씩만 눌러주시면 다음 번에 더 유익하고 알찬 영상을 제작하는 데 엄청난 힘이 됩니다 늘 감사합니다,"['이번', '도입', '시스템', '영상', '알고리즘', '성장', '크', '도움', '되', '하', '좋', '버튼', '번', '누르', '다음', '번', '유익', '알차', '영상', '제작', '데', '엄청나', '힘', '되', '감사']",,,,,
f92dfu0biJI,연합토큰은 어디서얻나요 ?,0,2026-06-21 04:02:05+00:00,연합토큰은 어디서얻나요 ?,연합토큰은 어디서얻나요 ?,"['연합', '토큰', '얻']",,,,,
FMUmSNtWlEU,갑자기 200에서 230은 뭔가여,1,2026-06-21 03:50:47+00:00,갑자기 200에서 230은 뭔가여,갑자기 200에서 230은 뭔가여,[],,,,,
f92dfu0biJI,"영상 감사히 보고 있습니다. 질문이 있는데, 보조무기(블랙)은 잠재가 안발리던데 260찍고 잠재, 에디 강화하는 방향좀 알려주실수 있을까요",0,2026-06-21 01:57:53+00:00,"영상 감사히 보고 있습니다. 질문이 있는데, 보조무기(블랙)은 잠재가 안발리던데 260찍고 잠재, 에디 강화하는 방향좀 알려주실수 있을까요",영상 감사히 보고 있습니다 질문이 있는데 보조무기 블랙 은 잠재가 안발리던데 260찍고 잠재 에디 강화하는 방향좀 알려주실수 있을까요,"['영상', '감사', '보', '질문', '있', '보조', '무기', '블랙', '잠재', '발리', '찍', '잠재', '에디', '강화', '방향', '알리', '수', '있']",,,,,
f92dfu0biJI,카오스 루타비스 다 찐모로 해야돼요? 칭호받으려면?,0,2026-06-21 01:36:04+00:00,카오스 루타비스 다 찐모로 해야돼요? 칭호받으려면?,카오스 루타비스 다 찐모로 해야돼요? 칭호받으려면?,"['카오스', '루', '타', '비스', '찐모', '하', '되', '칭호', '받']",,,,,
Jg9xSIh9-ls,제가 아델인데 리레 3랩을 받았는데 4랩도 리레로 받아야하나요?,0,2026-06-21 01:13:26+00:00,제가 아델인데 리레 3랩을 받았는데 4랩도 리레로 받아야하나요?,제가 아델인데 리레 3랩을 받았는데 4랩도 리레로 받아야하나요?,"['아델', '리', '레', '랩', '받', '랩', '리', '레', '받']",,,,,
f92dfu0biJI,재화 진짜 개 가성비로 쓰게하고 알짜베기 팁들 싹다 욱여넣어놨네 ㅋㅋ,0,2026-06-20 23:42:55+00:00,재화 진짜 개 가성비로 쓰게하고 알짜베기 팁들 싹다 욱여넣어놨네 ㅋㅋ,재화 진짜 개 가성비로 쓰게하고 알짜베기 팁들 싹다 욱여넣어놨네 ㅋㅋ,"['재화', '개', '가성비', '쓰', '알짜베기', '팁', '이', '넣']",,,,,
f92dfu0biJI,와근데 진짜 깔끔하다 ㅋㅋㅋㅋ 근데 난 못하겠다,5,2026-06-20 23:17:46+00:00,와근데 진짜 깔끔하다 ㅋㅋㅋㅋ 근데 난 못하겠다,와근데 진짜 깔끔하다 ㅋㅋ 근데 난 못하겠다,"['깔끔', '하']",,,,,
f92dfu0biJI,이거뭐 260찍고 경험치가 30분 사냥하면 5퍼 오르는데 이거 맞나요?,0,2026-06-20 22:59:03+00:00,이거뭐 260찍고 경험치가 30분 사냥하면 5퍼 오르는데 이거 맞나요?,이거뭐 260찍고 경험치가 30분 사냥하면 5퍼 오르는데 이거 맞나요?,"['찍', '경험', '분', '사냥', '퍼', '오르', '맞']",,,,,
f92dfu0biJI,오랜만에 복귀하러 왔다가 셋팅할꺼 와다ㅏㄷ다ㅏ 뜨기래 바로 도망침,7,2026-06-20 22:24:13+00:00,오랜만에 복귀하러 왔다가 셋팅할꺼 와다ㅏㄷ다ㅏ 뜨기래 바로 도망침,오랜만에 복귀하러 왔다가 셋팅할꺼 와다ㅏㄷ다ㅏ 뜨기래 바로 도망침,"['오랜만', '복귀', '오', '셋팅', '꺼', '뜨기', '하', '도망치']",,,,,
f92dfu0biJI,실수로 테네말고 어웨에다가 레잠발랐는데 시드링 테네랑 교체해도 상관없나요?,0,2026-06-20 22:16:32+00:00,실수로 테네말고 어웨에다가 레잠발랐는데 시드링 테네랑 교체해도 상관없나요?,실수로 테네말고 어웨에다가 레잠발랐는데 시드링 테네랑 교체해도 상관없나요?,"['실수', '테네', '말', '웨', '레잠', '바르', '시드', '링', '테', '교체', '상관없']",,,,,
FMUmSNtWlEU,260부터 너무 안오름..,1,2026-06-20 20:32:35+00:00,260부터 너무 안오름..,260부터 너무 안오름,['오르'],,,,,
f92dfu0biJI,존나 유용한 영상이다,0,2026-06-20 19:58:38+00:00,존나 유용한 영상이다,존나 유용한 영상이다,"['유용', '영상']",,,,,
f92dfu0biJI,이거만 보고 따라왔어요 정말 감사합니다,1,2026-06-20 19:24:22+00:00,이거만 보고 따라왔어요 정말 감사합니다,이거만 보고 따라왔어요 정말 감사합니다,"['보', '따라오', '감사']",,,,,
f92dfu0biJI,비욘드 본섭에 줘버림.. ㅜㅜ,0,2026-06-20 18:25:18+00:00,비욘드 본섭에 줘버림.. ㅜㅜ,비욘드 본섭에 줘버림 ㅜㅜ,"['비욘드', '본섭', '주']",,,,,
Q-b20FJZ0jQ,새로 시작하는 뉴비인데 챌린저스가 아니라 루나에 만들었는데 괜찮은건가요?,0,2026-06-20 18:23:11+00:00,새로 시작하는 뉴비인데 챌린저스가 아니라 루나에 만들었는데 괜찮은건가요?,새로 시작하는 뉴비인데 챌린저스가 아니라 루나에 만들었는데 괜찮은건가요?,"['시작', '뉴비', '챌린저스', '루나', '만들', '괜찮', '거']",,,,,
ODlGzZkGAKw,이번 하이퍼버닝에도 도전자 장비써도 무기에 루타비스 세트 박으면되나요?,0,2026-06-20 17:58:55+00:00,이번 하이퍼버닝에도 도전자 장비써도 무기에 루타비스 세트 박으면되나요?,이번 하이퍼버닝에도 도전자 장비써도 무기에 루타비스 세트 박으면되나요?,"['이번', '하이퍼버닝', '도전자', '장비', '쓰', '무기', '루', '타', '비스', '세트', '박', '되']",,,,,
f92dfu0biJI,보조무기 유니크 잠재돌릴때 보공30 나오면 써야하나요?,0,2026-06-20 17:34:51+00:00,보조무기 유니크 잠재돌릴때 보공30 나오면 써야하나요?,보조무기 유니크 잠재돌릴때 보공30 나오면 써야하나요?,"['보조', '무기', '유니크', '잠재', '돌리', '때', '보', '나오', '쓰']",,,,,
f92dfu0biJI,5:22,0,2026-06-20 16:44:08+00:00,5:22,5 22,[],,,,,
f92dfu0biJI,메이플 처음 입문하는 뉴비인데 영상이 정말 많이 도움이 되었습니다. 그런데 영상을 보기 전에 이벤트 반지를 글로리온 링을 받아서 지금 글로리온 링과 어웨이크 링을 끼고 있는데 어떻게 해야할까요?,0,2026-06-20 15:51:13+00:00,메이플 처음 입문하는 뉴비인데 영상이 정말 많이 도움이 되었습니다. 그런데 영상을 보기 전에 이벤트 반지를 글로리온 링을 받아서 지금 글로리온 링과 어웨이크 링을 끼고 있는데 어떻게 해야할까요?,메이플 처음 입문하는 뉴비인데 영상이 정말 많이 도움이 되었습니다 그런데 영상을 보기 전에 이벤트 반지를 글로리온 링을 받아서 지금 글로리온 링과 어웨이크 링을 끼고 있는데 어떻게 해야할까요?,"['메이플', '처음', '입문', '뉴비', '영상', '도움', '되', '영상', '보', '전', '이벤트', '반지', '글로리', '온', '링', '받', '글로리', '온', '링', '어웨이크', '링', '끼', '어떻', '하']",,,,,
f92dfu0biJI,연합코인으로 이벤트링 레전잠재보다 보조 에디셔널에 코인투자하는게 좋나요?,0,2026-06-20 15:25:18+00:00,연합코인으로 이벤트링 레전잠재보다 보조 에디셔널에 코인투자하는게 좋나요?,연합코인으로 이벤트링 레전잠재보다 보조 에디셔널에 코인투자하는게 좋나요?,"['연합', '코인', '이벤트', '링', '레', '잠재', '보조', '에디셔널', '코인', '투자', '것', '좋']",,,,,
Q-b20FJZ0jQ,본섭 내실이라는게 유니온만 말하는거라면 7400인데 본섭보다 챌섭에서 버닝키우는게 맞겠죠? 너무 오랜만에 들어와서 뭐 기억나는게 하나도 없어요,0,2026-06-20 14:51:03+00:00,본섭 내실이라는게 유니온만 말하는거라면 7400인데 본섭보다 챌섭에서 버닝키우는게 맞겠죠? 너무 오랜만에 들어와서 뭐 기억나는게 하나도 없어요,본섭 내실이라는게 유니온만 말하는거라면 7400인데 본섭보다 챌섭에서 버닝키우는게 맞겠죠? 너무 오랜만에 들어와서 뭐 기억나는게 하나도 없어요,"['본섭', '내실', '것', '유니온', '말', '거', '본섭', '챌섭', '버닝', '키우', '것', '맞', '오랜만', '들어오', '기억나', '것', '없']",,,,,
f92dfu0biJI,260 이후 사냥 할 때 vip 부스터 갖고 있는 거 다 털어도 되나요? 아니면 나중에 써야 하나요?,0,2026-06-20 14:44:22+00:00,260 이후 사냥 할 때 vip 부스터 갖고 있는 거 다 털어도 되나요? 아니면 나중에 써야 하나요?,260 이후 사냥 할 때 vip 부스터 갖고 있는 거 다 털어도 되나요? 아니면 나중에 써야 하나요?,"['이후', '사냥', '하', '때', '부스', '터', '갖', '거', '털', '되', '나중', '쓰']",,,,,
Q-b20FJZ0jQ,맑음님 매번영상 잘보고있습니다!! 혹시 맑음님 키셋팅 이랑 퀵슬롯 공유 가능한지 여쭤봅니다!,0,2026-06-20 14:23:17+00:00,맑음님 매번영상 잘보고있습니다!! 혹시 맑음님 키셋팅 이랑 퀵슬롯 공유 가능한지 여쭤봅니다!,맑음님 매번영상 잘보고있습니다 혹시 맑음님 키셋팅 이랑 퀵슬롯 공유 가능한지 여쭤봅니다,"['맑음', '영상', '보', '맑음', '키', '셋팅', '퀵', '슬롯', '공유', '가능', '여쭈']",,,,,
f92dfu0biJI,어웨이크링을 안 받았네요..,0,2026-06-20 14:02:31+00:00,어웨이크링을 안 받았네요..,어웨이크링을 안 받았네요,"['어웨이크링', '받']",,,,,
f92dfu0biJI,환산주스탯에서 최적화하기한거랑 영상에나온거랑 하이퍼스탯 수치가다른데 왜그런걸까요?,0,2026-06-20 14:01:43+00:00,환산주스탯에서 최적화하기한거랑 영상에나온거랑 하이퍼스탯 수치가다른데 왜그런걸까요?,환산주스탯에서 최적화하기한거랑 영상에나온거랑 하이퍼스탯 수치가다른데 왜그런걸까요?,"['환산주스탯', '최적', '거', '영상', '나오', '거', '하이퍼스탯', '수치', '다르', '거']",,,,,
f92dfu0biJI,이벤트링 강화주문서3장 사용하라는게 무슨말인가요? 어떤주문서를 말하는건지 모르겠습니다,0,2026-06-20 13:34:48+00:00,이벤트링 강화주문서3장 사용하라는게 무슨말인가요? 어떤주문서를 말하는건지 모르겠습니다,이벤트링 강화주문서3장 사용하라는게 무슨말인가요? 어떤주문서를 말하는건지 모르겠습니다,"['이벤트', '링', '강화', '주문서', '장', '사용', '것', '말', '주문서', '말', '거', '모르']",,,,,
f92dfu0biJI,7:44,0,2026-06-20 13:21:10+00:00,7:44,7 44,[],,,,,
f92dfu0biJI,5:41,0,2026-06-20 13:08:10+00:00,5:41,5 41,[],,,,,
Q-b20FJZ0jQ,보더리스 퀘가 안떠요,0,2026-06-20 13:01:52+00:00,보더리스 퀘가 안떠요,보더리스 퀘가 안떠요,"['보더리스', '퀘', '뜨']",,,,,
f92dfu0biJI,혹시 패스 구매는 챌린저스 패스 2개랑 웰컴패키지만 일단 구매해놓고 제네시스 패스는 나중에 구매해도 상관없을까요???,0,2026-06-20 12:53:42+00:00,혹시 패스 구매는 챌린저스 패스 2개랑 웰컴패키지만 일단 구매해놓고 제네시스 패스는 나중에 구매해도 상관없을까요???,혹시 패스 구매는 챌린저스 패스 2개랑 웰컴패키지만 일단 구매해놓고 제네시스 패스는 나중에 구매해도 상관없을까요??,"['패스', '구매', '챌린저스', '패스', '개', '웰컴', '패키지', '구매', '제네시스', '패스', '나중', '구매', '상관없']",,,,,
9b-cCrQyKYw,하이퍼 버닝 캐릭터 삭제 후 재생성 하면 전 캐릭에 받은 보상 똑같이 못 받나요??,0,2026-06-20 12:49:14+00:00,하이퍼 버닝 캐릭터 삭제 후 재생성 하면 전 캐릭에 받은 보상 똑같이 못 받나요??,하이퍼 버닝 캐릭터 삭제 후 재생성 하면 전 캐릭에 받은 보상 똑같이 못 받나요??,"['하이퍼', '버닝', '캐릭터', '삭제', '후', '생성', '캐릭', '받', '보상', '받']",,,,,
f92dfu0biJI,블랙 보조무기에 보공30퍼 떴는데 공마 아니여도 그냥 써도 되나요 ?,0,2026-06-20 12:39:45+00:00,블랙 보조무기에 보공30퍼 떴는데 공마 아니여도 그냥 써도 되나요 ?,블랙 보조무기에 보공30퍼 떴는데 공마 아니여도 그냥 써도 되나요 ?,"['블랙', '보조', '무기', '보', '공', '푸', '뜨', '공마', '쓰', '되']",,,,,
f92dfu0biJI,여기 잡소리 뻘소리 전굽기 빌드업 없이 하라는 대로 하니 제 우드완드가 고목나무스태프가 되었어요 감사합니다,0,2026-06-20 11:31:07+00:00,여기 잡소리 뻘소리 전굽기 빌드업 없이 하라는 대로 하니 제 우드완드가 고목나무스태프가 되었어요 감사합니다,여기 잡소리 뻘소리 전굽기 빌드업 없이 하라는 대로 하니 제 우드완드가 고목나무스태프가 되었어요 감사합니다,"['잡소리', '뻘소리', '전굽기', '빌드', '업', '하', '대로', '하', '우드완드', '고목나무', '스태프', '되', '감사']",,,,,
f92dfu0biJI,반지가 4칸인데 왜 이벤트링을 시드링이랑 바꿔끼라는건가요? 그리고 왜 더좋은 이벤트링을 버리나요?? 이터널 플레임 링을 버리는게 맞지 않나요?,0,2026-06-20 11:26:43+00:00,반지가 4칸인데 왜 이벤트링을 시드링이랑 바꿔끼라는건가요? 그리고 왜 더좋은 이벤트링을 버리나요?? 이터널 플레임 링을 버리는게 맞지 않나요?,반지가 4칸인데 왜 이벤트링을 시드링이랑 바꿔끼라는건가요? 그리고 왜 더좋은 이벤트링을 버리나요?? 이터널 플레임 링을 버리는게 맞지 않나요?,"['반지', '칸', '이벤트', '링', '시드', '링', '바꾸', '끼', '거', '좋', '이벤트', '링', '버리', '터널', '플레이', '링', '버리', '것', '맞']",,,,,
Q-b20FJZ0jQ,아델인데 리스트레인지 3랩 받압버렸는데 어떡하면 좋을까요..,0,2026-06-20 11:13:43+00:00,아델인데 리스트레인지 3랩 받압버렸는데 어떡하면 좋을까요..,아델인데 리스트레인지 3랩 받압버렸는데 어떡하면 좋을까요,"['아델', '리스트레인지', '랩', '받', '압', '버리', '어떡하', '좋']",,,,,
f92dfu0biJI,음음 아주좋은 정보군 구독과 좋아요 추천해주마,0,2026-06-20 11:05:48+00:00,음음 아주좋은 정보군 구독과 좋아요 추천해주마,음음 아주좋은 정보군 구독과 좋아요 추천해주마,"['좋', '정보', '군', '구독', '좋', '추천']",,,,,
FMUmSNtWlEU,3:43 몬스터 한마리 안잡히는데 어케해요?,1,2026-06-20 10:38:19+00:00,3:43 몬스터 한마리 안잡히는데 어케해요?,3 43 몬스터 한마리 안잡히는데 어케해요?,"['몬스터', '마리', '잡히', '하']",,,,,
E10ZLrIvvLU,그정둔가,0,2026-06-20 10:27:32+00:00,그정둔가,그정둔가,"['정', '두']",,,,,
f92dfu0biJI,메린이라 궁금한게 사냥터가 개인화 던전일까요 한맵에 7명이서 겹사하는거같은데 이유가 있을까요?,0,2026-06-20 10:10:11+00:00,메린이라 궁금한게 사냥터가 개인화 던전일까요 한맵에 7명이서 겹사하는거같은데 이유가 있을까요?,메린이라 궁금한게 사냥터가 개인화 던전일까요 한맵에 7명이서 겹사하는거같은데 이유가 있을까요?,"['메', '린', '것', '사냥터', '개인', '던전', '맵', '명', '겹', '사하', '거', '같', '이유', '있']",,,,,
f92dfu0biJI,이번에 아이템 버닝 모자가 쿨뚝이랑 스텟중에 고르는건데 레테는 뭘 골라야 할까요?,0,2026-06-20 09:35:04+00:00,이번에 아이템 버닝 모자가 쿨뚝이랑 스텟중에 고르는건데 레테는 뭘 골라야 할까요?,이번에 아이템 버닝 모자가 쿨뚝이랑 스텟중에 고르는건데 레테는 뭘 골라야 할까요?,"['이번', '아이템', '버닝', '모자', '쿨', '스텟', '중', '고르', '거', '레테', '고르']",,,,,
f92dfu0biJI,3:12 콜렉터의 의뢰도 이제 스킵하기로 딸깍 가능,0,2026-06-20 09:27:22+00:00,3:12 콜렉터의 의뢰도 이제 스킵하기로 딸깍 가능,3 12 콜렉터의 의뢰도 이제 스킵하기로 딸깍 가능,"['콜', '렉', '터', '의뢰', '스킵', '딸', '가능']",,,,,
9b-cCrQyKYw,20분 컷도 가능해여? 빠른게 30분이던데?,0,2026-06-20 08:12:39+00:00,20분 컷도 가능해여? 빠른게 30분이던데?,20분 컷도 가능해여? 빠른게 30분이던데?,"['분', '컷', '가능', '빠르', '것', '분']",,,,,
f92dfu0biJI,"기록용) 
4:59 (담주 엠블램 카에잠발라주기)
6:48 가성비경치&보스도핑
7:29 260이후 사냥터",1,2026-06-20 08:01:25+00:00,"기록용) 
4:59 (담주 엠블램 카에잠발라주기)
6:48 가성비경치&보스도핑
7:29 260이후 사냥터",기록용 4 59 담주 엠블램 카에잠발라주기 6 48 가성비경치 보스도핑 7 29 260이후 사냥터,"['기록', '담주', '엠블램', '카에잠', '바르', '가성비', '경치', '보스', '도핑', '이후', '사냥터']",,,,,
FMUmSNtWlEU,카이 공략을 봐도 실제로 해보면 패턴이 존나 빨라서 이미 처맞고 패링쓰고있음...,1,2026-06-20 07:31:52+00:00,카이 공략을 봐도 실제로 해보면 패턴이 존나 빨라서 이미 처맞고 패링쓰고있음...,카이 공략을 봐도 실제로 해보면 패턴이 존나 빨라서 이미 처맞고 패링쓰고있음,"['카이', '공략', '보', '하', '패턴', '빠르', '처', '맞', '패링', '쓰']",,,,,
f92dfu0biJI,펫훈련스킬은 더이상 필요없습니다 배고프다고 안 들어가요 패치되서,5,2026-06-20 07:26:51+00:00,펫훈련스킬은 더이상 필요없습니다 배고프다고 안 들어가요 패치되서,펫훈련스킬은 더이상 필요없습니다 배고프다고 안 들어가요 패치되서,"['펫', '훈련', '스킬', '이상', '필요', '없', '배고프', '들어가', '패치', '되']",,,,,
FMUmSNtWlEU,무기가 나뭇가지밖에 없어서 스킬이 안써져요.....도와주세요,1,2026-06-20 06:57:55+00:00,무기가 나뭇가지밖에 없어서 스킬이 안써져요.....도와주세요,무기가 나뭇가지밖에 없어서 스킬이 안써져요 도와주세요,"['무기', '나뭇가지', '없', '스킬', '쓰', '도와주']",,,,,
f92dfu0biJI,나같이 1도 모르는 메린이한테는 이런게 필요하다.. 하나부터 열까지 어떻게 해야하는지 자세히 알려주셔서 감사합니다,0,2026-06-20 06:46:52+00:00,나같이 1도 모르는 메린이한테는 이런게 필요하다.. 하나부터 열까지 어떻게 해야하는지 자세히 알려주셔서 감사합니다,나같이 1도 모르는 메린이한테는 이런게 필요하다 하나부터 열까지 어떻게 해야하는지 자세히 알려주셔서 감사합니다,"['모르', '메린', '것', '필요', '어떻', '하', '알리', '감사']",,,,,
Q-b20FJZ0jQ,이제 여기 영상 빌드를 거르시면 됩니다 따라가는 유저들이 있을거기 때문에,2,2026-06-20 05:59:27+00:00,이제 여기 영상 빌드를 거르시면 됩니다 따라가는 유저들이 있을거기 때문에,이제 여기 영상 빌드를 거르시면 됩니다 따라가는 유저들이 있을거기 때문에,"['영상', '빌드', '거르', '되', '따라가', '유저', '있', '거', '때문']",,,,,
f92dfu0biJI,7:28,0,2026-06-20 05:08:03+00:00,7:28,7 28,[],,,,,
f92dfu0biJI,솔직히 코인샵에서는 이벤 레잠부터 구매해야함,1,2026-06-20 05:00:25+00:00,솔직히 코인샵에서는 이벤 레잠부터 구매해야함,솔직히 코인샵에서는 이벤 레잠부터 구매해야함,"['코인', '샵', '이벤', '레잠', '구매']",,,,,
f92dfu0biJI,이거 챌린저스 링 선택권은 뭐 받는 게 좋은가요?(캐릭은 렌입니다),0,2026-06-20 04:19:54+00:00,이거 챌린저스 링 선택권은 뭐 받는 게 좋은가요?(캐릭은 렌입니다),이거 챌린저스 링 선택권은 뭐 받는 게 좋은가요? 캐릭은 렌입니다,"['챌린저스', '링', '선택', '받', '것', '좋', '캐릭', '렌']",,,,,
f92dfu0biJI,평딜캐 극딜캐 상관없이 컨3리4 받으면 되나요?,0,2026-06-20 04:07:35+00:00,평딜캐 극딜캐 상관없이 컨3리4 받으면 되나요?,평딜캐 극딜캐 상관없이 컨3리4 받으면 되나요?,"['평딜캐', '극딜캐', '크', '리', '받', '되']",,,,,
f92dfu0biJI,펫먹이 안먹여도 이제 집안가는데 그래도 펫훈련 사야하나여??,0,2026-06-20 04:00:14+00:00,펫먹이 안먹여도 이제 집안가는데 그래도 펫훈련 사야하나여??,펫먹이 안먹여도 이제 집안가는데 그래도 펫훈련 사야하나여??,"['펫', '먹이', '먹이', '집', '가', '펫', '훈련', '사']",,,,,
Q-b20FJZ0jQ,235렙에서 vip 부스터를 다 썼는데 어떻게 얻나요?,0,2026-06-20 02:48:25+00:00,235렙에서 vip 부스터를 다 썼는데 어떻게 얻나요?,235렙에서 vip 부스터를 다 썼는데 어떻게 얻나요?,"['렙', '부스터', '쓰', '어떻', '얻']",,,,,
f92dfu0biJI,"펫 버프 뭐뭐 등록해야 되나요?ㅠㅠ
메린이여서 모르겠는데...",0,2026-06-20 02:40:37+00:00,"펫 버프 뭐뭐 등록해야 되나요?ㅠㅠ
메린이여서 모르겠는데...",펫 버프 뭐뭐 등록해야 되나요?ㅠㅠ 메린이여서 모르겠는데,"['펫', '버프', '등록', '되', '메', '린', '모르']",,,,,
f92dfu0biJI,"어웨이크링은 왜 건드리지말고 착용만하나요 ??
어웨이크링에 레잠 바르고 주스탯 27퍼 띄워놨는데.. 
이터널 플레임링이 유닠이라 이걸 시드링이랑 바꿔도 되나요 ??",0,2026-06-20 02:32:03+00:00,"어웨이크링은 왜 건드리지말고 착용만하나요 ??
어웨이크링에 레잠 바르고 주스탯 27퍼 띄워놨는데.. 
이터널 플레임링이 유닠이라 이걸 시드링이랑 바꿔도 되나요 ??",어웨이크링은 왜 건드리지말고 착용만하나요 ?? 어웨이크링에 레잠 바르고 주스탯 27퍼 띄워놨는데 이터널 플레임링이 유닠이라 이걸 시드링이랑 바꿔도 되나요 ??,"['어웨이크링', '건드리', '착용', '하', '어웨이크링', '레잠', '바르', '주스탯', '퍼', '띄우', '이터널', '플레임링이', '유닠', '시드링', '바꾸', '되']",,,,,
f92dfu0biJI,메린이인데 여기까지 다 하면 이제 뭐 해야 하나요?? 제대로 해보려고 제네패스랑 챌린저스패스도 다 샀어요,0,2026-06-20 02:25:18+00:00,메린이인데 여기까지 다 하면 이제 뭐 해야 하나요?? 제대로 해보려고 제네패스랑 챌린저스패스도 다 샀어요,메린이인데 여기까지 다 하면 이제 뭐 해야 하나요?? 제대로 해보려고 제네패스랑 챌린저스패스도 다 샀어요,"['메린', '하', '하', '하', '제네패스', '챌린저스패스', '사']",,,,,
9b-cCrQyKYw,하이퍼버닝 명의당 한번밖에 안되네요ㅠㅠ,0,2026-06-20 02:21:19+00:00,하이퍼버닝 명의당 한번밖에 안되네요ㅠㅠ,하이퍼버닝 명의당 한번밖에 안되네요ㅠㅠ,"['하이퍼버닝', '명의', '번', '되']",,,,,
FMUmSNtWlEU,하이퍼버닝 이제 계정당 1개아니고 명의당 1개로 바꼈답니다ㅠ,2,2026-06-20 02:20:22+00:00,하이퍼버닝 이제 계정당 1개아니고 명의당 1개로 바꼈답니다ㅠ,하이퍼버닝 이제 계정당 1개아니고 명의당 1개로 바꼈답니다ㅠ,"['하이퍼버닝', '계정', '개', '명의', '개', '바끼']",,,,,
f92dfu0biJI,메이플 첨 해보는데 메이플 하시는 분들은 이걸 어떻게 다 파악하시고 하시는 거죠.. 뭐가  너무 많아서 대단하게 느껴지네요,2,2026-06-20 02:17:55+00:00,메이플 첨 해보는데 메이플 하시는 분들은 이걸 어떻게 다 파악하시고 하시는 거죠.. 뭐가  너무 많아서 대단하게 느껴지네요,메이플 첨 해보는데 메이플 하시는 분들은 이걸 어떻게 다 파악하시고 하시는 거죠 뭐가 너무 많아서 대단하게 느껴지네요,"['메이플', '첨', '메이플', '하', '분', '어떻', '파악', '하', '거', '많', '느끼']",,,,,
f92dfu0biJI,혹시 6:04초에 있는 극딜순서는 전에 올렸던 레테 업데이트 변경점.극딜순서 이 제목에 있는거랑 다르던데 이 영상껄로 따라하면 되나요? 레테 직업이긴한데,0,2026-06-20 02:12:32+00:00,혹시 6:04초에 있는 극딜순서는 전에 올렸던 레테 업데이트 변경점.극딜순서 이 제목에 있는거랑 다르던데 이 영상껄로 따라하면 되나요? 레테 직업이긴한데,혹시 6 04초에 있는 극딜순서는 전에 올렸던 레테 업데이트 변경점 극딜순서 이 제목에 있는거랑 다르던데 이 영상껄로 따라하면 되나요? 레테 직업이긴한데,"['초', '있', '극딜순서', '전', '올리', '레테', '업데이트', '변경', '점', '극딜순서', '제목', '있', '거', '다르', '영상', '꺼', '따르', '하', '되', '레테', '직업']",,,,,
f92dfu0biJI,매번 방학때마다 신세지고 있습니다 (꾸벅),1,2026-06-20 01:36:03+00:00,매번 방학때마다 신세지고 있습니다 (꾸벅),매번 방학때마다 신세지고 있습니다 꾸벅,"['방학', '때', '신세', '지']",,,,,
f92dfu0biJI,진짜 메이플 최고의 공략 영상 갓대장메린이,0,2026-06-20 01:03:19+00:00,진짜 메이플 최고의 공략 영상 갓대장메린이,진짜 메이플 최고의 공략 영상 갓대장메린이,"['메이플', '최고', '공략', '영상', '갓', '대장', '메', '린']",,,,,
Jg9xSIh9-ls,물다쌤님 그럼 18성 여명보장셋이여도 챌린저 가능한가요?,0,2026-06-20 00:51:36+00:00,물다쌤님 그럼 18성 여명보장셋이여도 챌린저 가능한가요?,물다쌤님 그럼 18성 여명보장셋이여도 챌린저 가능한가요?,"['물다', '쌤', '여명보장셋', '챌린저', '가능']",,,,,
f92dfu0biJI,감사합니다!,0,2026-06-20 00:35:08+00:00,감사합니다!,감사합니다,['감사'],,,,,
f92dfu0biJI,위까지 호스 꽂고 먹여주는구나 감사합니다,0,2026-06-20 00:28:16+00:00,위까지 호스 꽂고 먹여주는구나 감사합니다,위까지 호스 꽂고 먹여주는구나 감사합니다,"['위', '호스', '꽂', '먹이', '감사']",,,,,
FMUmSNtWlEU,처음하는사람인대요.. 첫 하이퍼버닝시작해서 보우마스터로 골랐는데 레테?? 이걸로 해야되는거였나요?? 손해보나요 ㅠㅠ 다시 계정생성해야되나,2,2026-06-20 00:23:00+00:00,처음하는사람인대요.. 첫 하이퍼버닝시작해서 보우마스터로 골랐는데 레테?? 이걸로 해야되는거였나요?? 손해보나요 ㅠㅠ 다시 계정생성해야되나,처음하는사람인대요 첫 하이퍼버닝시작해서 보우마스터로 골랐는데 레테?? 이걸로 해야되는거였나요?? 손해보나요 ㅠㅠ 다시 계정생성해야되나,"['처음', '하', '사람', '하이퍼버닝', '시작', '보우마스터', '고르', '레테', '걸', '하', '되', '거', '손해', '보', '계정', '생성', '되']",,,,,
f92dfu0biJI,4:06 4:50 6:53,0,2026-06-19 23:46:02+00:00,4:06 4:50 6:53,4 06 4 50 6 53,[],,,,,
Jg9xSIh9-ls,심볼선택권은 다 아케인심볼로 받으면되나요?,0,2026-06-19 23:34:48+00:00,심볼선택권은 다 아케인심볼로 받으면되나요?,심볼선택권은 다 아케인심볼로 받으면되나요?,"['심볼', '선택', '아', '케이', '심볼', '받', '되']",,,,,
f92dfu0biJI,왜 연어 게임인지 260 찍고 알 수 있음 ㅋㅋ,0,2026-06-19 21:22:57+00:00,왜 연어 게임인지 260 찍고 알 수 있음 ㅋㅋ,왜 연어 게임인지 260 찍고 알 수 있음 ㅋㅋ,"['연어', '게임', '찍', '알', '수', '있']",,,,,
f92dfu0biJI,야누스가 시야에없어도 괜찮은거져?,0,2026-06-19 21:20:15+00:00,야누스가 시야에없어도 괜찮은거져?,야누스가 시야에없어도 괜찮은거져?,"['야누스', '시야', '없', '괜찮', '거', '지']",,,,,
f92dfu0biJI,루타비스는 연모로 깨면 칭호나 훈장을 못 얻는게 맞나요?,0,2026-06-19 20:04:47+00:00,루타비스는 연모로 깨면 칭호나 훈장을 못 얻는게 맞나요?,루타비스는 연모로 깨면 칭호나 훈장을 못 얻는게 맞나요?,"['루', '타', '비스', '연모', '깨', '칭호', '훈장', '얻', '것', '맞']",,,,,
f92dfu0biJI,보약 찍는순서는없나요,0,2026-06-19 19:53:23+00:00,보약 찍는순서는없나요,보약 찍는순서는없나요,"['보약', '찍', '순서', '없']",,,,,
f92dfu0biJI,진짜 군더더기 없는 최고의 공략이다.. 감사합니다!,0,2026-06-19 19:33:44+00:00,진짜 군더더기 없는 최고의 공략이다.. 감사합니다!,진짜 군더더기 없는 최고의 공략이다 감사합니다,"['군더더기', '없', '최고', '공략', '감사']",,,,,
f92dfu0biJI,선생님 혹시 소획비 지금 거의 1000만 메소던데 제가 메소랑 아드 각각 20씩인데 살만한가여 ?,0,2026-06-19 19:00:58+00:00,선생님 혹시 소획비 지금 거의 1000만 메소던데 제가 메소랑 아드 각각 20씩인데 살만한가여 ?,선생님 혹시 소획비 지금 거의 100만 메소던데 제가 메소랑 아드 각각 20씩인데 살만한가여 ?,"['선생', '소획비', '메소', '메소', '아', '드', '살', '만']",,,,,
Jg9xSIh9-ls,급해요.. 렌인데 리레3받았는데 지금이라도 버려야 실버에서 리레4렙받을수 있을까요?? 리레3가지고 있으면 자동으로 컨티4렙 받아진다는데...,1,2026-06-19 18:35:10+00:00,급해요.. 렌인데 리레3받았는데 지금이라도 버려야 실버에서 리레4렙받을수 있을까요?? 리레3가지고 있으면 자동으로 컨티4렙 받아진다는데...,급해요 렌인데 리레3받았는데 지금이라도 버려야 실버에서 리레4렙받을수 있을까요?? 리레3가지고 있으면 자동으로 컨티4렙 받아진다는데,"['급하', '렌', '리', '레', '받', '지금', '버리', '실버', '리레4렙', '받', '수', '있', '리', '레', '가지', '자동', '컨티4렙', '받', '하']",,,,,
f92dfu0biJI,516,0,2026-06-19 17:49:03+00:00,516,516,[],,,,,
f92dfu0biJI,이번 챌섭에서 아크를 키우고 있는데 칭호가 너무 탐나는데 어떻게 해야할까요..,0,2026-06-19 17:48:09+00:00,이번 챌섭에서 아크를 키우고 있는데 칭호가 너무 탐나는데 어떻게 해야할까요..,이번 챌섭에서 아크를 키우고 있는데 칭호가 너무 탐나는데 어떻게 해야할까요,"['이번', '챌섭', '아크', '키우', '칭호', '탐나', '어떻', '하']",,,,,
f92dfu0biJI,260전엔 메소가안벌려서 문제고 260이후에는 경험치가안올라서문제고 근데난 260이후가 낫긴하더라... 솔에조가 안나오는건 답없어 ㅋㅋㅋ,0,2026-06-19 17:37:12+00:00,260전엔 메소가안벌려서 문제고 260이후에는 경험치가안올라서문제고 근데난 260이후가 낫긴하더라... 솔에조가 안나오는건 답없어 ㅋㅋㅋ,260전엔 메소가안벌려서 문제고 260이후에는 경험치가안올라서문제고 근데난 260이후가 낫긴하더라 솔에조가 안나오는건 답없어 ㅋㅋ,"['전', '메소', '벌리', '문제', '이후', '경험치', '오르', '문제', '이후', '낫', '솔에조', '나오', '거', '답', '없']",,,,,
Jg9xSIh9-ls,매커 만드는데 수큐가 읍네요..,0,2026-06-19 17:22:47+00:00,매커 만드는데 수큐가 읍네요..,매커 만드는데 수큐가 읍네요,"['매커', '데', '큐', '읍']",,,,,
f92dfu0biJI,최고다..,0,2026-06-19 17:00:49+00:00,최고다..,최고다,['최고'],,,,,
f92dfu0biJI,조회수 떡상 ㅊㅊ,0,2026-06-19 16:53:51+00:00,조회수 떡상 ㅊㅊ,조회수 떡상 ㅊㅊ,"['조회', '수', '떡', '상']",,,,,
f92dfu0biJI,"형님 영상 잘봤습니다. 메이플 한번도 안해본 찐 뉴비인데 렌 육성중입니다. 영상 찾아보면서 열심히 하는중인데 컨티링 리레링 질문있습니다. 브론즈 보상, 실버 보상에서 두개 다 준다고 영상에 있는데 컨티링 리레링 아무거나 먼저 받아도 상관없나요? 그리고 영상처럼 렌도 컨티3 리레4 이렇게 받아도 되나요?(현재 브론즈 구간이라서 질문드립니다.)",0,2026-06-19 16:44:38+00:00,"형님 영상 잘봤습니다. 메이플 한번도 안해본 찐 뉴비인데 렌 육성중입니다. 영상 찾아보면서 열심히 하는중인데 컨티링 리레링 질문있습니다. 브론즈 보상, 실버 보상에서 두개 다 준다고 영상에 있는데 컨티링 리레링 아무거나 먼저 받아도 상관없나요? 그리고 영상처럼 렌도 컨티3 리레4 이렇게 받아도 되나요?(현재 브론즈 구간이라서 질문드립니다.)",형님 영상 잘봤습니다 메이플 한번도 안해본 찐 뉴비인데 렌 육성중입니다 영상 찾아보면서 열심히 하는중인데 컨티링 리레링 질문있습니다 브론즈 보상 실버 보상에서 두개 다 준다고 영상에 있는데 컨티링 리레링 아무거나 먼저 받아도 상관없나요? 그리고 영상처럼 렌도 컨티3 리레4 이렇게 받아도 되나요? 현재 브론즈 구간이라서 질문드립니다,"['형', '영상', '보', '메이플', '번', '하', '찐', '뉴비', '렌', '육성', '중', '영상', '찾아보', '하', '중', '크', '티', '링', '리', '레', '링', '질문', '있', '브론즈', '보상', '실버', '보상', '개', '주', '영상', '있', '크', '티', '링', '리', '레', '링', '받', '상관없', '영상', '렌', '컨티', '리레', '이렇', '받', '되', '브론즈', '구간', '질문', '드리']",,,,,
f92dfu0biJI,사냥터보다 진짜지옥은 스펙업보스에 껴있는 카이 인듯..공략봐도 손으로적응하는데 한참걸릴정도니.. 하향먹고도이정도면..뉴비절단기 ..,2,2026-06-19 16:24:54+00:00,사냥터보다 진짜지옥은 스펙업보스에 껴있는 카이 인듯..공략봐도 손으로적응하는데 한참걸릴정도니.. 하향먹고도이정도면..뉴비절단기 ..,사냥터보다 진짜지옥은 스펙업보스에 껴있는 카이 인듯 공략봐도 손으로적응하는데 한참걸릴정도니 하향먹고도이정도면 뉴비절단기,"['사냥터', '지옥', '스펙업보스', '끼', '카이', '듯', '공략', '보', '손', '적응', '데', '걸리', '정도', '하향', '먹', '정도', '뉴비', '절단']",,,,,
f92dfu0biJI,감사합니다 복귀 인데 할게 많네요~ ㅎㅎ,2,2026-06-19 16:17:34+00:00,감사합니다 복귀 인데 할게 많네요~ ㅎㅎ,감사합니다 복귀 인데 할게 많네요 ㅎㅎ,"['감사', '복귀', '하', '것', '많']",,,,,
f92dfu0biJI,260 찍고 6차 스킬 써봄 메이플 지움 ㅋㅋㅋㅋㅋㅋ,0,2026-06-19 16:05:45+00:00,260 찍고 6차 스킬 써봄 메이플 지움 ㅋㅋㅋㅋㅋㅋ,260 찍고 6차 스킬 써봄 메이플 지움 ㅋㅋ,"['찍', '차', '스킬', '쓰', '메이플', '지우']",,,,,
f92dfu0biJI,테네브리스 말고 어웨이크에 레전드 발랐는데 상관없나요..?,0,2026-06-19 15:57:53+00:00,테네브리스 말고 어웨이크에 레전드 발랐는데 상관없나요..?,테네브리스 말고 어웨이크에 레전드 발랐는데 상관없나요 ?,"['테네브리스', '말', '어웨이크', '레전드', '바르', '상관', '없']",,,,,
Jg9xSIh9-ls,수큐없으면 어캐해요? 한번에 400만드는건 장난하나진짜,0,2026-06-19 15:46:05+00:00,수큐없으면 어캐해요? 한번에 400만드는건 장난하나진짜,수큐없으면 어캐해요? 한번에 400만드는건 장난하나진짜,"['수큐', '없', '어캐', '하', '번', '거', '장난']",,,,,
f92dfu0biJI,262찍고 현타와서 접음 경험치 존나안오름,1,2026-06-19 15:26:14+00:00,262찍고 현타와서 접음 경험치 존나안오름,262찍고 현타와서 접음 경험치 존나안오름,"['찍', '현타', '오', '접', '경험치', '오르']",,,,,
f92dfu0biJI,챌섭 소형재획비 1200만인데...그래도 이득인가요??,0,2026-06-19 14:56:13+00:00,챌섭 소형재획비 1200만인데...그래도 이득인가요??,챌섭 소형재획비 1200만인데 그래도 이득인가요??,"['챌섭', '소형재획비', '이득']",,,,,
f92dfu0biJI,"쑥쑥 새싹 덕분에 확인했어용
굿굿",0,2026-06-19 14:28:01+00:00,"쑥쑥 새싹 덕분에 확인했어용
굿굿",쑥쑥 새싹 덕분에 확인했어용 굿굿,"['새싹', '덕분', '확인', '굿', '굿']",,,,,
HVSa7aqX5Tk,은월 연무장 뒤에서 3등이던데,0,2026-06-19 14:23:59+00:00,은월 연무장 뒤에서 3등이던데,은월 연무장 뒤에서 3등이던데,"['은', '월', '연무', '장', '뒤', '등', '데']",,,,,
f92dfu0biJI,영상 멈춰가면서 따라했네요 지금까지 본것중에 제일 깔끔하고 도움되는것같아요 감사합니다!!,3,2026-06-19 14:22:51+00:00,영상 멈춰가면서 따라했네요 지금까지 본것중에 제일 깔끔하고 도움되는것같아요 감사합니다!!,영상 멈춰가면서 따라했네요 지금까지 본것중에 제일 깔끔하고 도움되는것같아요 감사합니다,"['영상', '멈추', '따르', '하', '지금', '보', '것', '중', '깔끔', '도움', '되', '것', '같', '감사']",,,,,
f92dfu0biJI,"듀블이라 보조 바로 사고 시작 하려 했는데 
지금 매물 답이 없네요…
직작은 에바겠죠…?",0,2026-06-19 14:10:14+00:00,"듀블이라 보조 바로 사고 시작 하려 했는데 
지금 매물 답이 없네요…
직작은 에바겠죠…?",듀블이라 보조 바로 사고 시작 하려 했는데 지금 매물 답이 없네요 직작은 에바겠죠 ?,"['듀블', '보조', '사고', '시작', '매물', '답', '없', '직작', '에바']",,,,,
f92dfu0biJI,진짜 감사합니다 폐사할뻔...,0,2026-06-19 14:03:58+00:00,진짜 감사합니다 폐사할뻔...,진짜 감사합니다 폐사할뻔,"['감사', '폐사', '뻔']",,,,,
Q-b20FJZ0jQ,20:47,0,2026-06-19 14:02:43+00:00,20:47,20 47,[],,,,,
Q-b20FJZ0jQ,모르고 심볼 500개를 여로로 바꿨으면 다시시작해야할까요?,0,2026-06-19 14:02:20+00:00,모르고 심볼 500개를 여로로 바꿨으면 다시시작해야할까요?,모르고 심볼 500개를 여로로 바꿨으면 다시시작해야할까요?,"['모르', '심볼', '개', '여로', '바꾸', '시작']",,,,,
f92dfu0biJI,마지막에 사냥터까지 감다살 영상 ㅇㅈ,1,2026-06-19 14:00:13+00:00,마지막에 사냥터까지 감다살 영상 ㅇㅈ,마지막에 사냥터까지 감다살 영상 ㅇㅈ,"['마지막', '사냥터', '감', '살', '영상']",,,,,
f92dfu0biJI,연금술 명장 안찍어도 비약 2개 가능한가요?,0,2026-06-19 13:54:20+00:00,연금술 명장 안찍어도 비약 2개 가능한가요?,연금술 명장 안찍어도 비약 2개 가능한가요?,"['연금술', '명장', '찍', '비', '개', '가능']",,,,,
f92dfu0biJI,어빌은 선데이까지 기다리는게 손해인가요??,0,2026-06-19 13:42:19+00:00,어빌은 선데이까지 기다리는게 손해인가요??,어빌은 선데이까지 기다리는게 손해인가요??,"['어빌', '선데이', '기다리', '것', '손해']",,,,,
f92dfu0biJI,소재비 너무 비싸요 ㅜ,0,2026-06-19 13:33:38+00:00,소재비 너무 비싸요 ㅜ,소재비 너무 비싸요 ㅜ,"['소재비', '비싸']",,,,,
f92dfu0biJI,일반큐브랑 메멘토큐브랑 뭐가 달라요??,0,2026-06-19 13:31:10+00:00,일반큐브랑 메멘토큐브랑 뭐가 달라요??,일반큐브랑 메멘토큐브랑 뭐가 달라요??,"['일반', '큐브', '메멘토큐브', '다르']",,,,,
FMUmSNtWlEU,아이템 버닝 플러스 기존 캐릭에 받았다가 접은 후 다시 복귀한 늅인데... 버닝 플러스 없이도 가능할까요?,1,2026-06-19 13:20:49+00:00,아이템 버닝 플러스 기존 캐릭에 받았다가 접은 후 다시 복귀한 늅인데... 버닝 플러스 없이도 가능할까요?,아이템 버닝 플러스 기존 캐릭에 받았다가 접은 후 다시 복귀한 늅인데 버닝 플러스 없이도 가능할까요?,"['아이템', '버닝', '플러스', '기존', '캐릭', '받', '접', '후', '복귀', '늅', '버닝', '플러스', '가능']",,,,,
Q-b20FJZ0jQ,하이퍼버닝 max  캐릭터 지정 후 삭제 하고 재지정하면 보상 똑같이 받을 수 있나요?,0,2026-06-19 13:18:33+00:00,하이퍼버닝 max  캐릭터 지정 후 삭제 하고 재지정하면 보상 똑같이 받을 수 있나요?,하이퍼버닝 max 캐릭터 지정 후 삭제 하고 재지정하면 보상 똑같이 받을 수 있나요?,"['하이퍼버닝', '캐릭터', '지정', '후', '삭제', '지정', '보상', '받', '수', '있']",,,,,
f92dfu0biJI,"혹시 플레임위자드도 올려주실 수 있나요..ㅠㅠ 시작했는데 공략영상이 하나도 안보여서 하이퍼스킬부터 뭘찍어야할지 모르겠어서,,,",0,2026-06-19 13:07:55+00:00,"혹시 플레임위자드도 올려주실 수 있나요..ㅠㅠ 시작했는데 공략영상이 하나도 안보여서 하이퍼스킬부터 뭘찍어야할지 모르겠어서,,,",혹시 플레임위자드도 올려주실 수 있나요 ㅠㅠ 시작했는데 공략영상이 하나도 안보여서 하이퍼스킬부터 뭘찍어야할지 모르겠어서,"['플레임위자드', '올리', '수', '있', '시작', '공략', '영상', '보이', '하이퍼', '스킬', '찍', '모르']",,,,,
Q-b20FJZ0jQ,왜 테라블링크가 안뜰까요 .. 수요일에 본섭에서 테라블링크 쓴 거 때문에 그런가여 ?,0,2026-06-19 13:04:16+00:00,왜 테라블링크가 안뜰까요 .. 수요일에 본섭에서 테라블링크 쓴 거 때문에 그런가여 ?,왜 테라블링크가 안뜰까요 수요일에 본섭에서 테라블링크 쓴 거 때문에 그런가여 ?,"['테라블링크', '뜨', '수요일', '본섭', '테라블링크', '쓰', '거', '때문', '그렇']",,,,,
Q-b20FJZ0jQ,자 믿고 갑니다잇,0,2026-06-19 13:01:25+00:00,자 믿고 갑니다잇,자 믿고 갑니다잇,"['믿', '가', '잇']",,,,,
f92dfu0biJI,어센틱심볼받았는데 망캐인가요?,0,2026-06-19 13:01:10+00:00,어센틱심볼받았는데 망캐인가요?,어센틱심볼받았는데 망캐인가요?,"['어센틱', '심볼', '받', '망캐']",,,,,
Q-b20FJZ0jQ,저는 왜 245때 심볼이 840개죠..?,0,2026-06-19 12:56:44+00:00,저는 왜 245때 심볼이 840개죠..?,저는 왜 245때 심볼이 840개죠 ?,"['때', '심볼', '개']",,,,,
f92dfu0biJI,"아 퇴근하고 집와서 해보는데 보스 입장퀘 깨다가 막혀서 폐사마렵네..
버닝으로 바로 보스로 직행하게 해줄거면 그냥 입장퀘도 바로 깨게 해주지 이게 뭐하는짓인지 모르겠다
길안내 안되는 퀘도 수두룩하고 하라는거야 말라는거야",0,2026-06-19 12:53:41+00:00,"아 퇴근하고 집와서 해보는데 보스 입장퀘 깨다가 막혀서 폐사마렵네..
버닝으로 바로 보스로 직행하게 해줄거면 그냥 입장퀘도 바로 깨게 해주지 이게 뭐하는짓인지 모르겠다
길안내 안되는 퀘도 수두룩하고 하라는거야 말라는거야",아 퇴근하고 집와서 해보는데 보스 입장퀘 깨다가 막혀서 폐사마렵네 버닝으로 바로 보스로 직행하게 해줄거면 그냥 입장퀘도 바로 깨게 해주지 이게 뭐하는짓인지 모르겠다 길안내 안되는 퀘도 수두룩하고 하라는거야 말라는거야,"['퇴근', '집', '오', '하', '보스', '입장', '퀘', '깨', '막히', '폐사', '마렵', '버닝', '보스', '직행', '거', '입장', '퀘', '깨', '하', '짓', '모르', '길', '안내', '되', '퀘', '하', '거', '거']",,,,,
Q-b20FJZ0jQ,16:25,0,2026-06-19 12:53:02+00:00,16:25,16 25,[],,,,,
FMUmSNtWlEU,챌섭 했는데 슈피겔만 아저씨가 안보여요..,1,2026-06-19 12:49:53+00:00,챌섭 했는데 슈피겔만 아저씨가 안보여요..,챌섭 했는데 슈피겔만 아저씨가 안보여요,"['챌섭', '하', '슈피겔만', '아저씨', '보이']",,,,,
f92dfu0biJI,메린인데 천금같은 영상... 감사합니다,0,2026-06-19 12:48:38+00:00,메린인데 천금같은 영상... 감사합니다,메린인데 천금같은 영상 감사합니다,"['메린', '천금', '같', '영상', '감사']",,,,,
Q-b20FJZ0jQ,"근데 사냥전혀안하고 육성했을때 레범몬 퀘스트는 어떻게되나요?   EXP패스에 주간미션도 있는데..
레범몬퀘스트 스킵해도 전혀지장없는지 , 아니면 따로 레범몬퀘스트 클리어 방법이있나요?",0,2026-06-19 12:48:35+00:00,"근데 사냥전혀안하고 육성했을때 레범몬 퀘스트는 어떻게되나요?   EXP패스에 주간미션도 있는데..
레범몬퀘스트 스킵해도 전혀지장없는지 , 아니면 따로 레범몬퀘스트 클리어 방법이있나요?",근데 사냥전혀안하고 육성했을때 레범몬 퀘스트는 어떻게되나요? EXP패스에 주간미션도 있는데 레범몬퀘스트 스킵해도 전혀지장없는지 아니면 따로 레범몬퀘스트 클리어 방법이있나요?,"['사냥', '하', '육성', '때', '레범몬', '퀘스트', '어떻', '되', '패스', '주간', '미션', '있', '레범몬퀘스트', '스킵', '지장', '없', '지', '레범몬퀘스트', '클리어', '방법', '있']",,,,,
Q-b20FJZ0jQ,루나인데 모르고 챌섭4에 키우고 레벨 270인데 걍 접는게 나을까요? 굳이 시간낭비겠죠?,0,2026-06-19 12:30:32+00:00,루나인데 모르고 챌섭4에 키우고 레벨 270인데 걍 접는게 나을까요? 굳이 시간낭비겠죠?,루나인데 모르고 챌섭4에 키우고 레벨 270인데 걍 접는게 나을까요? 굳이 시간낭비겠죠?,"['루나', '모르', '챌섭', '키우', '레벨', '접', '것', '낫', '시간', '낭비']",,,,,
f92dfu0biJI,260찍고 접음 ㅋㅋㅋ,0,2026-06-19 12:29:58+00:00,260찍고 접음 ㅋㅋㅋ,260찍고 접음 ㅋㅋ,"['찍', '접']",,,,,
FMUmSNtWlEU,패스 안사면 이벤트 기간내에 280 힘드나요?,1,2026-06-19 12:12:44+00:00,패스 안사면 이벤트 기간내에 280 힘드나요?,패스 안사면 이벤트 기간내에 280 힘드나요?,"['패스', '사', '이벤트', '기간', '내', '힘들']",,,,,
f92dfu0biJI,정말 메린인데.. 구원자같은 영상이에요!!  감사합니다!!,0,2026-06-19 12:06:13+00:00,정말 메린인데.. 구원자같은 영상이에요!!  감사합니다!!,정말 메린인데 구원자같은 영상이에요 감사합니다,"['메린', '구원자', '같', '영상', '감사']",,,,,
f92dfu0biJI,보약 어떻게 찍나요,0,2026-06-19 12:03:22+00:00,보약 어떻게 찍나요,보약 어떻게 찍나요,"['보약', '어떻', '찍']",,,,,
f92dfu0biJI,도미네이터 보상으로  그냥있던데 아카이럼 안잡아도 될까요?,1,2026-06-19 11:58:31+00:00,도미네이터 보상으로  그냥있던데 아카이럼 안잡아도 될까요?,도미네이터 보상으로 그냥있던데 아카이럼 안잡아도 될까요?,"['도미네이터', '보상', '있', '데', '아카', '이러', '잡', '되']",,,,,
Jg9xSIh9-ls,엠블렘에 실버큐브 150개가량 박았는데 마력두줄이 안나온다.. 망캐인가,0,2026-06-19 11:41:02+00:00,엠블렘에 실버큐브 150개가량 박았는데 마력두줄이 안나온다.. 망캐인가,엠블렘에 실버큐브 150개가량 박았는데 마력두줄이 안나온다 망캐인가,"['엠블렘', '실버큐브', '개', '가량', '박', '마력', '줄', '나오', '망캐']",,,,,
f92dfu0biJI,"추가경 1500만,  소재비 1400만인데 그래도 사서쓰나요?",0,2026-06-19 11:19:32+00:00,"추가경 1500만,  소재비 1400만인데 그래도 사서쓰나요?",추가경 1500만 소재비 1400만인데 그래도 사서쓰나요?,"['추가', '소재비', '사', '쓰']",,,,,
f92dfu0biJI,역시 대장메린이야,0,2026-06-19 11:11:29+00:00,역시 대장메린이야,역시 대장메린이야,"['대장', '메', '린']",,,,,
f92dfu0biJI,개어지럽노 걍 안함,0,2026-06-19 10:33:12+00:00,개어지럽노 걍 안함,개어지럽노 걍 안함,"['개', '어지럽', '하']",,,,,
Q-b20FJZ0jQ,이번 챌린저스서버 부캐로 테라버닝 올리는법도 알려주세요,0,2026-06-19 10:27:08+00:00,이번 챌린저스서버 부캐로 테라버닝 올리는법도 알려주세요,이번 챌린저스서버 부캐로 테라버닝 올리는법도 알려주세요,"['이번', '챌린저스서버', '부캐로', '테라버닝', '올리', '법', '알리']",,,,,
f92dfu0biJI,레테 리레링 컨티링 레벨 바껴도 되나요?,0,2026-06-19 10:14:46+00:00,레테 리레링 컨티링 레벨 바껴도 되나요?,레테 리레링 컨티링 레벨 바껴도 되나요?,"['레테', '리', '레', '링', '컨티', '링', '레벨', '바끼', '되']",,,,,
f92dfu0biJI,3:00 험벨 ➡️ 힘멜,5,2026-06-19 10:12:17+00:00,3:00 험벨 ➡️ 힘멜,3 00 험벨 힘멜,"['험벨', '힘멜']",,,,,
FMUmSNtWlEU,버닝 비욘드를 본섭 애정캐한테 줘버렸는데 챌섭 280 달성하기 많이 빡셀까요?🥺,1,2026-06-19 09:59:52+00:00,버닝 비욘드를 본섭 애정캐한테 줘버렸는데 챌섭 280 달성하기 많이 빡셀까요?🥺,버닝 비욘드를 본섭 애정캐한테 줘버렸는데 챌섭 280 달성하기 많이 빡셀까요?,"['버닝', '비욘드를', '본섭', '애정캐', '주', '챌섭', '달성', '빡세']",,,,,
f92dfu0biJI,제논이라 보조 직작 해야할 것 같은데 이볼빙? 보조 사는게 좋나요 아니면 받은 유니크 보조 그대로 쓰면 되나요,0,2026-06-19 09:54:49+00:00,제논이라 보조 직작 해야할 것 같은데 이볼빙? 보조 사는게 좋나요 아니면 받은 유니크 보조 그대로 쓰면 되나요,제논이라 보조 직작 해야할 것 같은데 이볼빙? 보조 사는게 좋나요 아니면 받은 유니크 보조 그대로 쓰면 되나요,"['제논', '보조', '직', '작', '것', '같', '이볼빙', '보조', '사', '것', '좋', '받', '유니크', '보조', '쓰', '되']",,,,,
f92dfu0biJI,오우... 정리가 깔끔한데.......... 뭔가 벽처럼 느껴지는 기분이네요,0,2026-06-19 09:48:41+00:00,오우... 정리가 깔끔한데.......... 뭔가 벽처럼 느껴지는 기분이네요,오우 정리가 깔끔한데 뭔가 벽처럼 느껴지는 기분이네요,"['정리', '벽', '느끼', '기분']",,,,,
f92dfu0biJI,쇼케이스보상 어떤거 받는게좋은가요? 레테 뉴비입니다 챌1섭,0,2026-06-19 09:22:54+00:00,쇼케이스보상 어떤거 받는게좋은가요? 레테 뉴비입니다 챌1섭,쇼케이스보상 어떤거 받는게좋은가요? 레테 뉴비입니다 챌1섭,"['쇼케이스', '보상', '거', '받', '것', '좋', '레테', '뉴비', '챌1섭']",,,,,
f92dfu0biJI,260찍고 사냥터에서 30분 사냥했는데 숨이 턱 막히는데 이거 뭐임? 5렙씩 레벨업할때는 분명히 재밌었는데,0,2026-06-19 09:06:32+00:00,260찍고 사냥터에서 30분 사냥했는데 숨이 턱 막히는데 이거 뭐임? 5렙씩 레벨업할때는 분명히 재밌었는데,260찍고 사냥터에서 30분 사냥했는데 숨이 턱 막히는데 이거 뭐임? 5렙씩 레벨업할때는 분명히 재밌었는데,"['찍', '사냥터', '분', '사냥', '숨', '막히', '5렙씩', '레벨', '업', '하', '때', '재밌']",,,,,
f92dfu0biJI,"이 영상을 보고 해야 할 게 없다고 느끼신 분들은

인생이 위기일지도 모릅니다
일단 나부터~",1,2026-06-19 09:03:33+00:00,"이 영상을 보고 해야 할 게 없다고 느끼신 분들은

인생이 위기일지도 모릅니다
일단 나부터~",이 영상을 보고 해야 할 게 없다고 느끼신 분들은 인생이 위기일지도 모릅니다 일단 나부터,"['영상', '보', '하', '것', '없', '느끼', '분', '인생', '위기', '모르']",,,,,
f92dfu0biJI,선생님 야누스는 계속 주기적으로 설치하러 가야하는거죠?,0,2026-06-19 09:00:17+00:00,선생님 야누스는 계속 주기적으로 설치하러 가야하는거죠?,선생님 야누스는 계속 주기적으로 설치하러 가야하는거죠?,"['선생', '야누스', '주기', '설치', '가', '거']",,,,,
f92dfu0biJI,진짜 조온나게어렵다 못해먹겟네 뭔 게임이 이러냐,0,2026-06-19 08:58:17+00:00,진짜 조온나게어렵다 못해먹겟네 뭔 게임이 이러냐,진짜 조온나게어렵다 못해먹겟네 뭔 게임이 이러냐,"['조온', '나', '어렵', '하', '게임', '이렇']",,,,,
f92dfu0biJI,이제 펫 포만감 떨어져도 집 안갑니다! 친밀도만 깎여요 참고하십셔!,0,2026-06-19 08:49:50+00:00,이제 펫 포만감 떨어져도 집 안갑니다! 친밀도만 깎여요 참고하십셔!,이제 펫 포만감 떨어져도 집 안갑니다 친밀도만 깎여요 참고하십셔,"['펫', '포만감', '떨어지', '집', '가', '친밀', '도', '깎이', '참고']",,,,,
f92dfu0biJI,그냥 숨막힌다 260 찍고 그만하는게 맞는 것 같다,0,2026-06-19 08:42:58+00:00,그냥 숨막힌다 260 찍고 그만하는게 맞는 것 같다,그냥 숨막힌다 260 찍고 그만하는게 맞는 것 같다,"['숨', '막히', '찍', '하', '것', '맞', '것', '같']",,,,,
f92dfu0biJI,형님 이터널 플레임 링 유니크인데 실버 큐브 사용하면 안 되나요??,0,2026-06-19 08:41:42+00:00,형님 이터널 플레임 링 유니크인데 실버 큐브 사용하면 안 되나요??,형님 이터널 플레임 링 유니크인데 실버 큐브 사용하면 안 되나요??,"['형', '터널', '플레이', '링', '유니크', '실버', '큐브', '사용', '되']",,,,,
f92dfu0biJI,상급 EXP교환권은 언제 쓰는게 좋을까요?,0,2026-06-19 08:37:22+00:00,상급 EXP교환권은 언제 쓰는게 좋을까요?,상급 EXP교환권은 언제 쓰는게 좋을까요?,"['상급', '교환', '쓰', '것', '좋']",,,,,
Q-b20FJZ0jQ,맑음님 실수로 266을 하셨다해서 그대로 따라해서 266 넣었어요 ㅋ..,0,2026-06-19 08:27:39+00:00,맑음님 실수로 266을 하셨다해서 그대로 따라해서 266 넣었어요 ㅋ..,맑음님 실수로 266을 하셨다해서 그대로 따라해서 266 넣었어요 ㅋ,"['맑음', '실수', '하', '하', '따르', '하', '넣']",,,,,
f92dfu0biJI,챌린저스 골드티어 보상으로 페어리하트 받았는데 잠재랑 에디 어디서 수급해서 바르면 되나요??,0,2026-06-19 08:10:02+00:00,챌린저스 골드티어 보상으로 페어리하트 받았는데 잠재랑 에디 어디서 수급해서 바르면 되나요??,챌린저스 골드티어 보상으로 페어리하트 받았는데 잠재랑 에디 어디서 수급해서 바르면 되나요??,"['챌린저스', '골드티어', '보상', '페어리', '하트', '받', '잠재', '에디', '수급', '바르', '되']",,,,,
f92dfu0biJI,뭐 이렇게 다 알려주는거면 이거까지 다 그냥 딸깍으로 하게 해주지 뭐 할게 이리 많나,0,2026-06-19 08:03:57+00:00,뭐 이렇게 다 알려주는거면 이거까지 다 그냥 딸깍으로 하게 해주지 뭐 할게 이리 많나,뭐 이렇게 다 알려주는거면 이거까지 다 그냥 딸깍으로 하게 해주지 뭐 할게 이리 많나,"['이렇', '알리', '거', '딸', '하', '하', '많']",,,,,
f92dfu0biJI,매번 감사합니다 goat,0,2026-06-19 07:47:26+00:00,매번 감사합니다 goat,매번 감사합니다 goat,['감사'],,,,,
f92dfu0biJI,혹시 글로리온 링으로 받았을땐 어떻게 해야되나요 ㅠㅠ..,0,2026-06-19 07:42:08+00:00,혹시 글로리온 링으로 받았을땐 어떻게 해야되나요 ㅠㅠ..,혹시 글로리온 링으로 받았을땐 어떻게 해야되나요 ㅠㅠ,"['글로리', '온', '링', '받', '때', '어떻', '하', '되']",,,,,
f92dfu0biJI,매커를 자꾸쓰라네 그냥 데브펜써 경매장공유에 매물 넘쳐서 몇백임,1,2026-06-19 07:35:56+00:00,매커를 자꾸쓰라네 그냥 데브펜써 경매장공유에 매물 넘쳐서 몇백임,매커를 자꾸쓰라네 그냥 데브펜써 경매장공유에 매물 넘쳐서 몇백임,"['매커', '쓰', '하', '데브펜써', '경매장', '공유', '매물', '넘치']",,,,,
f92dfu0biJI,늑대가 너무 볍신인것 같아요 ㅜㅜ,0,2026-06-19 07:35:28+00:00,늑대가 너무 볍신인것 같아요 ㅜㅜ,늑대가 너무 볍신인것 같아요 ㅜㅜ,"['늑대', '볍', '신', '것', '같']",,,,,
f92dfu0biJI,7:00 이제 인기도 버프는 500만메소짜리 명예의 물약으로 300레벨 인기도 줬을 때랑 같은 양의 공마 버프를 얻을 수 있습니다,0,2026-06-19 07:35:16+00:00,7:00 이제 인기도 버프는 500만메소짜리 명예의 물약으로 300레벨 인기도 줬을 때랑 같은 양의 공마 버프를 얻을 수 있습니다,7 00 이제 인기도 버프는 500만메소짜리 명예의 물약으로 300레벨 인기도 줬을 때랑 같은 양의 공마 버프를 얻을 수 있습니다,"['인기', '버프', '만메소', '명예', '물약', '레벨', '인기', '주', '때', '같', '양', '공', '마', '버프', '얻', '수', '있']",,,,,
f92dfu0biJI,"그리고 메린이 기준 미세꿀팁 하나 더 드리자면 장비제작은 6렙 주차해두는게 좋음 사냥이나 보스 돌다보면 잡 장비템이 나오기 마련인데 이녀석들을 분해한 후 최상급, 상급 결정을 경매장에 팔면 꽤 쏠쏠함",3,2026-06-19 07:28:10+00:00,"그리고 메린이 기준 미세꿀팁 하나 더 드리자면 장비제작은 6렙 주차해두는게 좋음 사냥이나 보스 돌다보면 잡 장비템이 나오기 마련인데 이녀석들을 분해한 후 최상급, 상급 결정을 경매장에 팔면 꽤 쏠쏠함",그리고 메린이 기준 미세꿀팁 하나 더 드리자면 장비제작은 6렙 주차해두는게 좋음 사냥이나 보스 돌다보면 잡 장비템이 나오기 마련인데 이녀석들을 분해한 후 최상급 상급 결정을 경매장에 팔면 꽤 쏠쏠함,"['메린', '기준', '미세', '꿀', '팁', '드리', '장비', '제작', '렙', '주차', '것', '좋', '사냥', '보스', '돌', '잡', '장비템', '나오', '마련', '녀석', '분해', '후', '상급', '상급', '결정', '경매장', '팔', '쏠쏠하']",,,,,
f92dfu0biJI,와 여기가 대박이네 영상까지하면서 설명 260에서 뭐해야할지 막막했는대,1,2026-06-19 07:25:34+00:00,와 여기가 대박이네 영상까지하면서 설명 260에서 뭐해야할지 막막했는대,와 여기가 대박이네 영상까지하면서 설명 260에서 뭐해야할지 막막했는대,"['대박', '영상', '하', '설명', '하', '막막하']",,,,,
f92dfu0biJI,"와 이게 진짜 메이플 교과서다 메이플 홈페이지에 메이플 튜토리얼 가이드라고 올려도 손색 없을정도👍
도핑물약도 보통 뭐뭐먹으세요 라고만 말해서 구하는곳이 각각달라 헤매는데 진짜눈높이 맞춰서 각각 어디에서 구하는자까지 정리하셨네👍👍",1,2026-06-19 07:24:30+00:00,"와 이게 진짜 메이플 교과서다 메이플 홈페이지에 메이플 튜토리얼 가이드라고 올려도 손색 없을정도👍
도핑물약도 보통 뭐뭐먹으세요 라고만 말해서 구하는곳이 각각달라 헤매는데 진짜눈높이 맞춰서 각각 어디에서 구하는자까지 정리하셨네👍👍",와 이게 진짜 메이플 교과서다 메이플 홈페이지에 메이플 튜토리얼 가이드라고 올려도 손색 없을정도 도핑물약도 보통 뭐뭐먹으세요 라고만 말해서 구하는곳이 각각달라 헤매는데 진짜눈높이 맞춰서 각각 어디에서 구하는자까지 정리하셨네,"['메이플', '교과서', '메이플', '홈페이지', '메이플', '튜토리얼', '가이드', '올리', '손색', '없', '정도', '도핑', '물약', '먹', '말', '구하', '곳', '다르', '헤매', '눈높이', '맞추', '구하', '자', '정리']",,,,,
f92dfu0biJI,시드링 반대로 받았는데 ㅜ 망한건가요?,0,2026-06-19 07:23:37+00:00,시드링 반대로 받았는데 ㅜ 망한건가요?,시드링 반대로 받았는데 ㅜ 망한건가요?,"['시드', '링', '반대', '받', '망하', '거']",,,,,
Q-b20FJZ0jQ,링크용으로 다 140있던애들 챌섭에서 하나 키워서 200으로 받고 리프하고 나서  유니온 용으로 해도 되겟네,0,2026-06-19 07:01:48+00:00,링크용으로 다 140있던애들 챌섭에서 하나 키워서 200으로 받고 리프하고 나서  유니온 용으로 해도 되겟네,링크용으로 다 140있던애들 챌섭에서 하나 키워서 200으로 받고 리프하고 나서 유니온 용으로 해도 되겟네,"['링크', '애', '챌섭', '키우', '받', '리프', '유니온', '용', '하', '되']",,,,,
f92dfu0biJI,"해방퀘 연습모드로 잡아도 되던가요?
기억이 잘 안나네요",0,2026-06-19 06:57:38+00:00,"해방퀘 연습모드로 잡아도 되던가요?
기억이 잘 안나네요",해방퀘 연습모드로 잡아도 되던가요? 기억이 잘 안나네요,"['해방', '퀘', '연습', '모드', '잡', '되', '기억', '나']",,,,,
FMUmSNtWlEU,저번처럼 하버 지정 캐릭 하나 더 가능한가요? 무슨 카드같은거 준걸로 기억합니다,1,2026-06-19 06:52:40+00:00,저번처럼 하버 지정 캐릭 하나 더 가능한가요? 무슨 카드같은거 준걸로 기억합니다,저번처럼 하버 지정 캐릭 하나 더 가능한가요? 무슨 카드같은거 준걸로 기억합니다,"['저번', '하버', '지정', '캐릭', '가능', '카드', '같', '거', '주', '걸', '기억']",,,,,
f92dfu0biJI,"진짜 한마디 한마디 주옥같네요
덕분에 놓친거 5개정도 캐치했습니다
뉴비분들은 굉장히 복잡해보일텐데 복잡한거 맞지만 하나라도 놓치시면 안되는 것들입니다. 일시정지해서 하나하나 다 하시길..",0,2026-06-19 06:50:58+00:00,"진짜 한마디 한마디 주옥같네요
덕분에 놓친거 5개정도 캐치했습니다
뉴비분들은 굉장히 복잡해보일텐데 복잡한거 맞지만 하나라도 놓치시면 안되는 것들입니다. 일시정지해서 하나하나 다 하시길..",진짜 한마디 한마디 주옥같네요 덕분에 놓친거 5개정도 캐치했습니다 뉴비분들은 굉장히 복잡해보일텐데 복잡한거 맞지만 하나라도 놓치시면 안되는 것들입니다 일시정지해서 하나하나 다 하시길,"['마디', '마디', '주옥', '같', '덕분', '놓치', '거', '개', '정도', '캐치', '뉴비', '분', '보이', '터', '복잡하', '거', '맞', '놓치', '되', '것', '일시', '정지', '하']",,,,,
f92dfu0biJI,경쿠 비약 지금 초반이라 비싼데 메린이가 사는게 맞나여,0,2026-06-19 06:49:59+00:00,경쿠 비약 지금 초반이라 비싼데 메린이가 사는게 맞나여,경쿠 비약 지금 초반이라 비싼데 메린이가 사는게 맞나여,"['경쿠', '비약', '초반', '비싸', '메린', '사', '것', '맞']",,,,,
f92dfu0biJI,블랙보조 유니크 보공30퍼한줄 그대로쓸까요? 공9프로랑 비슷한가요,0,2026-06-19 06:47:47+00:00,블랙보조 유니크 보공30퍼한줄 그대로쓸까요? 공9프로랑 비슷한가요,블랙보조 유니크 보공30퍼한줄 그대로쓸까요? 공9프로랑 비슷한가요,"['블랙', '보조', '유니크', '보', '공', '푸', '줄', '쓰', '프로', '비슷하']",,,,,
Q-b20FJZ0jQ,캡틴인데 리레 3랩 받아버리구 영상봣는데 저 클난건가요..,0,2026-06-19 06:43:16+00:00,캡틴인데 리레 3랩 받아버리구 영상봣는데 저 클난건가요..,캡틴인데 리레 3랩 받아버리구 영상봣는데 저 클난건가요,"['캡틴', '리', '레', '랩', '받', '영상', '보', '클나', '거']",,,,,
f92dfu0biJI,1:49 이제 펫먹이 안먹여도 집에 안갑니다 안사도 돼요,18,2026-06-19 06:40:46+00:00,1:49 이제 펫먹이 안먹여도 집에 안갑니다 안사도 돼요,1 49 이제 펫먹이 안먹여도 집에 안갑니다 안사도 돼요,"['펫', '먹이', '먹이', '집', '가', '사', '되']",,,,,
f92dfu0biJI,아 영구자석펫 챌에서 쓰고 본섭갈때 옮겨도 되는구나.. 이미 받아부럿으,0,2026-06-19 06:37:37+00:00,아 영구자석펫 챌에서 쓰고 본섭갈때 옮겨도 되는구나.. 이미 받아부럿으,아 영구자석펫 챌에서 쓰고 본섭갈때 옮겨도 되는구나 이미 받아부럿으,"['영구', '자석', '펫', '챌', '쓰', '본섭', '가', '때', '옮기', '되', '받아부럿으']",,,,,
f92dfu0biJI,"전문제작, 콜렉터, 루타비스 퀘스트 열고 보스잡기, 엠블 보조 작, 길라잡이 보상 칭호받기, 사냥할때 소재획, 추경쿠 챙기기
대장님 감사합니다~ 놓친게 이렇게나 많네요 ㅎㅎ",1,2026-06-19 06:35:54+00:00,"전문제작, 콜렉터, 루타비스 퀘스트 열고 보스잡기, 엠블 보조 작, 길라잡이 보상 칭호받기, 사냥할때 소재획, 추경쿠 챙기기
대장님 감사합니다~ 놓친게 이렇게나 많네요 ㅎㅎ",전문제작 콜렉터 루타비스 퀘스트 열고 보스잡기 엠블 보조 작 길라잡이 보상 칭호받기 사냥할때 소재획 추경쿠 챙기기 대장님 감사합니다 놓친게 이렇게나 많네요 ㅎㅎ,"['전문', '제작', '콜', '렉', '터', '루', '타', '비스', '퀘스트', '열', '보스', '잡', '엠블', '보조', '길라잡이', '보상', '칭호', '받', '사냥', '때', '소재', '추경', '쿠', '챙기', '대장', '감사', '놓치', '것', '이렇', '많']",,,,,
f92dfu0biJI,"스펙터 블래스트도 주마다 한번씩 해야되요!
공략 한번씩 찾아보고 가세요!!",0,2026-06-19 06:32:52+00:00,"스펙터 블래스트도 주마다 한번씩 해야되요!
공략 한번씩 찾아보고 가세요!!",스펙터 블래스트도 주마다 한번씩 해야되요 공략 한번씩 찾아보고 가세요,"['스펙터', '블래스트', '주', '번', '하', '되', '공략', '번', '찾아보', '가']",,,,,
f92dfu0biJI,너 최고야 너 한잔해,0,2026-06-19 06:31:59+00:00,너 최고야 너 한잔해,너 최고야 너 한잔해,"['최고', '잔', '하']",,,,,
f92dfu0biJI,기여도보스 길드원없이 혼자 깨면 기여도가 안오르나요?? 오늘 혼자 다 깨버렸는데..😅,0,2026-06-19 06:23:44+00:00,기여도보스 길드원없이 혼자 깨면 기여도가 안오르나요?? 오늘 혼자 다 깨버렸는데..😅,기여도보스 길드원없이 혼자 깨면 기여도가 안오르나요?? 오늘 혼자 다 깨버렸는데,"['기여도', '보스', '길드', '원', '혼자', '깨', '기여도', '오르', '깨']",,,,,
f92dfu0biJI,형님 감사합니다❤❤,1,2026-06-19 06:21:13+00:00,형님 감사합니다❤❤,형님 감사합니다,"['형', '감사']",,,,,
f92dfu0biJI,뉴비인데 메이플포인트없다고 구매가안되는데 현질해야 사용가능한건가요??,0,2026-06-19 06:19:16+00:00,뉴비인데 메이플포인트없다고 구매가안되는데 현질해야 사용가능한건가요??,뉴비인데 메이플포인트없다고 구매가안되는데 현질해야 사용가능한건가요??,"['뉴비', '메이플', '포인트', '없', '구매', '되', '현지', '하', '사용', '가능', '거']",,,,,
f92dfu0biJI,뭐이렇게 챙길게 많나,1,2026-06-19 06:15:27+00:00,뭐이렇게 챙길게 많나,뭐이렇게 챙길게 많나,"['이렇', '챙기', '것', '많']",,,,,
f92dfu0biJI,질질끄는 다른사람들보다 깔끔해서 좋네요 근데 이벤링은 3개 옵션 다 같지 않나요? 굳이 어웨이크 테네브리스 찝어주는 이유가 있나요?,2,2026-06-19 06:11:20+00:00,질질끄는 다른사람들보다 깔끔해서 좋네요 근데 이벤링은 3개 옵션 다 같지 않나요? 굳이 어웨이크 테네브리스 찝어주는 이유가 있나요?,질질끄는 다른사람들보다 깔끔해서 좋네요 근데 이벤링은 3개 옵션 다 같지 않나요? 굳이 어웨이크 테네브리스 찝어주는 이유가 있나요?,"['끄', '사람', '좋', '이벤', '링', '개', '옵션', '같', '어웨이크', '테네브리스', '찝', '이유', '있']",,,,,
f92dfu0biJI,제대로 해볼려고 챌패사고 사냥20분후 바로 후회함 제네패스는 안사서 다행이라 위안중,4,2026-06-19 06:10:03+00:00,제대로 해볼려고 챌패사고 사냥20분후 바로 후회함 제네패스는 안사서 다행이라 위안중,제대로 해볼려고 챌패사고 사냥20분후 바로 후회함 제네패스는 안사서 다행이라 위안중,"['하', '챌패', '사', '사냥', '분', '후', '후회', '제네패스', '사', '다행', '위안', '중']",,,,,
f92dfu0biJI,쇼케 보상 챌섭 안되는 줄 알고 17일 전 본섭에 받았는데 손해 많이 클까요??,0,2026-06-19 06:04:37+00:00,쇼케 보상 챌섭 안되는 줄 알고 17일 전 본섭에 받았는데 손해 많이 클까요??,쇼케 보상 챌섭 안되는 줄 알고 17일 전 본섭에 받았는데 손해 많이 클까요??,"['쇼', '보상', '챌섭', '되', '줄', '알', '일', '전', '본섭', '받', '손해', '크']",,,,,
f92dfu0biJI,7:19 공격력 직업은 익스레드 마력은 익스블루,0,2026-06-19 06:01:35+00:00,7:19 공격력 직업은 익스레드 마력은 익스블루,7 19 공격력 직업은 익스레드 마력은 익스블루,"['공격력', '직업', '익스', '레드', '마력', '익스', '블루']",,,,,
f92dfu0biJI,어렵다 어려워.. 현생보다 더 어려워보인다 게임니,7,2026-06-19 05:57:56+00:00,어렵다 어려워.. 현생보다 더 어려워보인다 게임니,어렵다 어려워 현생보다 더 어려워보인다 게임니,"['어렵', '어렵', '현생', '어렵', '보이', '게임']",,,,,
f92dfu0biJI,이제 펫 포만감 낮아도 집에 안가요,0,2026-06-19 05:56:52+00:00,이제 펫 포만감 낮아도 집에 안가요,이제 펫 포만감 낮아도 집에 안가요,"['펫', '포만감', '낮', '집', '가']",,,,,
f92dfu0biJI,당신만 기다렸소,2,2026-06-19 05:55:10+00:00,당신만 기다렸소,당신만 기다렸소,['기다리'],,,,,
f92dfu0biJI,3:00,0,2026-06-19 05:51:58+00:00,3:00,3 00,[],,,,,
f92dfu0biJI,"이벤링 1티어 중 레잠 안 발린 남은 반지 1개는 코인샾에서 레전 줌서 사서 아획 1줄 띄우는걸 추천함 이제 경매장 통합되서 레전 윗잠 21퍼 이상 뜨는게 아니면 아획 1줄 띄워서 사냥용으로 쓰면 달달함 보스용 반지 4개는 시드링, 실블링, 가엔링(여명 가엔링), 마이링 이렇게 쓰면됨",3,2026-06-19 05:45:47+00:00,"이벤링 1티어 중 레잠 안 발린 남은 반지 1개는 코인샾에서 레전 줌서 사서 아획 1줄 띄우는걸 추천함 이제 경매장 통합되서 레전 윗잠 21퍼 이상 뜨는게 아니면 아획 1줄 띄워서 사냥용으로 쓰면 달달함 보스용 반지 4개는 시드링, 실블링, 가엔링(여명 가엔링), 마이링 이렇게 쓰면됨",이벤링 1티어 중 레잠 안 발린 남은 반지 1개는 코인샾에서 레전 줌서 사서 아획 1줄 띄우는걸 추천함 이제 경매장 통합되서 레전 윗잠 21퍼 이상 뜨는게 아니면 아획 1줄 띄워서 사냥용으로 쓰면 달달함 보스용 반지 4개는 시드링 실블링 가엔링 여명 가엔링 마이링 이렇게 쓰면됨,"['이벤링', '1티어', '중', '레잠', '발리', '남', '반지', '개', '코인샾', '레', '줌', '서', '사', '획', '줄', '띄우', '거', '추천', '경매장', '통합', '되', '레', '윗잠', '퍼', '이상', '뜨', '것', '아', '획', '줄', '띄우', '사냥', '쓰', '달달하', '보스', '반지', '개', '시드', '링', '실블링', '가엔', '링', '여명', '가', '링', '마이링', '쓰', '되']",,,,,
f92dfu0biJI,칼리 올인원은 없나요 ㅠ,0,2026-06-19 05:44:44+00:00,칼리 올인원은 없나요 ㅠ,칼리 올인원은 없나요 ㅠ,"['칼리', '인원', '없']",,,,,
f92dfu0biJI,260까지 꿀잼이였는데 사냥터 가는 순간 지옥이 느껴짐.,18,2026-06-19 05:42:19+00:00,260까지 꿀잼이였는데 사냥터 가는 순간 지옥이 느껴짐.,260까지 꿀잼이였는데 사냥터 가는 순간 지옥이 느껴짐,"['꿀', '잼', '사냥터', '가', '순간', '지옥', '느끼']",,,,,
f92dfu0biJI,장착중인 펫의 포만감이 낮아지면 집에 돌아가는게 아니라 친밀도가 깎이는걸로 패치된걸로 알고 있음,4,2026-06-19 05:40:53+00:00,장착중인 펫의 포만감이 낮아지면 집에 돌아가는게 아니라 친밀도가 깎이는걸로 패치된걸로 알고 있음,장착중인 펫의 포만감이 낮아지면 집에 돌아가는게 아니라 친밀도가 깎이는걸로 패치된걸로 알고 있음,"['장착', '중', '펫', '포만감', '낮', '집', '돌아가', '것', '친밀', '도', '깎이', '걸', '패치', '거', '알']",,,,,
f92dfu0biJI,영상 진심 대박이네 깔끔하고 좋다,8,2026-06-19 05:38:28+00:00,영상 진심 대박이네 깔끔하고 좋다,영상 진심 대박이네 깔끔하고 좋다,"['영상', '진심', '대박', '깔끔', '좋']",,,,,
f92dfu0biJI,빠르고 깔끔하고 추천해요~,1,2026-06-19 05:32:25+00:00,빠르고 깔끔하고 추천해요~,빠르고 깔끔하고 추천해요,"['빠르', '추천']",,,,,
f92dfu0biJI,첫주차에 이벤링 레전잠재로 링하나 드랍 메획 띄워서 사냥하는게 좋지않나요,0,2026-06-19 05:30:35+00:00,첫주차에 이벤링 레전잠재로 링하나 드랍 메획 띄워서 사냥하는게 좋지않나요,첫주차에 이벤링 레전잠재로 링하나 드랍 메획 띄워서 사냥하는게 좋지않나요,"['주', '차', '이벤', '링', '레', '잠재', '로', '링', '드랍', '메', '띄우', '사냥', '것', '좋']",,,,,
f92dfu0biJI,이거 없어서 아쉬웠는데 땡큐,3,2026-06-19 05:30:00+00:00,이거 없어서 아쉬웠는데 땡큐,이거 없어서 아쉬웠는데 땡큐,"['없', '아쉽', '땡큐']",,,,,
Q-b20FJZ0jQ,7:07,0,2026-06-19 05:28:53+00:00,7:07,7 07,[],,,,,
f92dfu0biJI,웰컴 패키지 메포로 구매 가능한가요 ??,0,2026-06-19 05:27:31+00:00,웰컴 패키지 메포로 구매 가능한가요 ??,웰컴 패키지 메포로 구매 가능한가요 ??,"['웰컴', '패키지', '메포', '구매', '가능']",,,,,
f92dfu0biJI,코젬이 넘나부족,0,2026-06-19 05:24:39+00:00,코젬이 넘나부족,코젬이 넘나부족,"['코젬', '넘', '부족']",,,,,
f92dfu0biJI,"2:24
어... 펫이제 밥안줘도 집에안돌아가지 않나요?",1,2026-06-19 05:24:13+00:00,"2:24
어... 펫이제 밥안줘도 집에안돌아가지 않나요?",2 24 어 펫이제 밥안줘도 집에안돌아가지 않나요?,"['어', '펫', '밥', '주', '집', '돌아가']",,,,,
f92dfu0biJI,이 영상이 제일 깔끔해서 좋네,0,2026-06-19 05:22:31+00:00,이 영상이 제일 깔끔해서 좋네,이 영상이 제일 깔끔해서 좋네,"['영상', '깔끔', '좋']",,,,,
f92dfu0biJI,50%쿠폰 1500만메소인데 사는거 맞음.. ?,0,2026-06-19 05:16:31+00:00,50%쿠폰 1500만메소인데 사는거 맞음.. ?,50 쿠폰 1500만메소인데 사는거 맞음 ?,"['쿠폰', '만메소', '사', '거', '맞']",,,,,
f92dfu0biJI,썬콜인데 방패안사고 블랙보조 사용해도 될까요?ㅜㅜ,0,2026-06-19 05:15:47+00:00,썬콜인데 방패안사고 블랙보조 사용해도 될까요?ㅜㅜ,썬콜인데 방패안사고 블랙보조 사용해도 될까요?ㅜㅜ,"['썬', '콜', '방패', '사', '블랙', '보조', '사용', '되']",,,,,
f92dfu0biJI,"대장님 항상 좋은 정보 감사합니다! 
보조무기 구입하려고 하는데 공5줄급 200억이 적당한 시세 맞을까요? 혹시 공4줄급으로 타협해도 괜찮을지, 스펙 업시 판매에 어려움이 있을지 여쭤 보고싶습니다 ~~",0,2026-06-19 05:14:56+00:00,"대장님 항상 좋은 정보 감사합니다! 
보조무기 구입하려고 하는데 공5줄급 200억이 적당한 시세 맞을까요? 혹시 공4줄급으로 타협해도 괜찮을지, 스펙 업시 판매에 어려움이 있을지 여쭤 보고싶습니다 ~~",대장님 항상 좋은 정보 감사합니다 보조무기 구입하려고 하는데 공5줄급 200억이 적당한 시세 맞을까요? 혹시 공4줄급으로 타협해도 괜찮을지 스펙 업시 판매에 어려움이 있을지 여쭤 보고싶습니다,"['대장', '좋', '정보', '감사', '보조', '무기', '구입', '공', '줄', '급', '시세', '맞', '공', '줄', '급', '타협', '괜찮', '스펙', '업', '시', '판매', '어려움', '있', '여쭈']",,,,,
f92dfu0biJI,이걸 원했습니다 사랑합니다,1,2026-06-19 05:10:33+00:00,이걸 원했습니다 사랑합니다,이걸 원했습니다 사랑합니다,"['원', '사랑']",,,,,
f92dfu0biJI,같은 질문 계속하는 메린이 친구한테 보여주면 편한 영상 goat.,24,2026-06-19 05:08:54+00:00,같은 질문 계속하는 메린이 친구한테 보여주면 편한 영상 goat.,같은 질문 계속하는 메린이 친구한테 보여주면 편한 영상 goat,"['같', '질문', '계속', '메리', '친구', '보이', '편하', '영상']",,,,,
f92dfu0biJI,260찍고오리진 써봐서 이제 떠납니다~,272,2026-06-19 05:08:51+00:00,260찍고오리진 써봐서 이제 떠납니다~,260찍고오리진 써봐서 이제 떠납니다,"['찍고오리진', '쓰', '떠나']",,,,,
f92dfu0biJI,연합토큰은 어떻게 모으나요?,0,2026-06-19 05:08:00+00:00,연합토큰은 어떻게 모으나요?,연합토큰은 어떻게 모으나요?,"['연합', '토큰', '어떻', '모으']",,,,,
f92dfu0biJI,잠긴문 뒤 실험실4는 저러면 오른쪽 제일 위층은 안닿는거 아닌가여,0,2026-06-19 05:07:44+00:00,잠긴문 뒤 실험실4는 저러면 오른쪽 제일 위층은 안닿는거 아닌가여,잠긴문 뒤 실험실4는 저러면 오른쪽 제일 위층은 안닿는거 아닌가여,"['잠기', '문', '뒤', '실험실', '저렇', '오른쪽', '위층', '닿', '거']",,,,,
f92dfu0biJI,펫 배고파서 집에가는건 얼마전에 집에안가게 바뀌긴했습니다 대신 굶기면 호감도 떨어져요,0,2026-06-19 05:06:49+00:00,펫 배고파서 집에가는건 얼마전에 집에안가게 바뀌긴했습니다 대신 굶기면 호감도 떨어져요,펫 배고파서 집에가는건 얼마전에 집에안가게 바뀌긴했습니다 대신 굶기면 호감도 떨어져요,"['펫', '배고프', '집', '가', '거', '얼마', '전', '집', '가', '바뀌', '대신', '굶기', '호감', '떨어지']",,,,,
f92dfu0biJI,이렇게 설명해주니까 너무 좋네요.. 다른유튜버들 다수는 뭐 공략 이래놓고 처음시작하는 메린이는 모를만한 용어로만 설명해버림 ㅠ,7,2026-06-19 05:05:38+00:00,이렇게 설명해주니까 너무 좋네요.. 다른유튜버들 다수는 뭐 공략 이래놓고 처음시작하는 메린이는 모를만한 용어로만 설명해버림 ㅠ,이렇게 설명해주니까 너무 좋네요 다른유튜버들 다수는 뭐 공략 이래놓고 처음시작하는 메린이는 모를만한 용어로만 설명해버림 ㅠ,"['이렇', '설명', '좋', '유튜버', '다수', '공략', '하', '처음', '시작', '메린', '모르', '만', '용어', '설명']",,,,,
f92dfu0biJI,감사합니다 ㅋㅋ 이번에 챌린져 간다잇,0,2026-06-19 05:03:41+00:00,감사합니다 ㅋㅋ 이번에 챌린져 간다잇,감사합니다 ㅋㅋ 이번에 챌린져 간다잇,"['감사', '이번', '챌린져', '가', '잇']",,,,,
FMUmSNtWlEU,메이플은 다 좋은데 6차 스킬 배우기 전 경험치 채우기나 다른거 진행좀 줄여줬으면,1,2026-06-19 05:01:34+00:00,메이플은 다 좋은데 6차 스킬 배우기 전 경험치 채우기나 다른거 진행좀 줄여줬으면,메이플은 다 좋은데 6차 스킬 배우기 전 경험치 채우기나 다른거 진행좀 줄여줬으면,"['메이플', '좋', '차', '스킬', '배우', '전', '경험치', '채우', '거', '진행', '줄이']",,,,,
Q-b20FJZ0jQ,뭔 게임이 알아야할게 이렇게 많냐 ㅠㅠ 복잡하네...,1,2026-06-19 04:57:57+00:00,뭔 게임이 알아야할게 이렇게 많냐 ㅠㅠ 복잡하네...,뭔 게임이 알아야할게 이렇게 많냐 ㅠㅠ 복잡하네,"['게임', '알', '것', '이렇', '많', '복잡하']",,,,,
FMUmSNtWlEU,보마 키우겠습니다,1,2026-06-19 04:57:25+00:00,보마 키우겠습니다,보마 키우겠습니다,"['보마', '키우']",,,,,
f92dfu0biJI,감사합니다 감사합니다 감사합니다 메린이는 또 이렇게 살아갑니다,1,2026-06-19 04:56:11+00:00,감사합니다 감사합니다 감사합니다 메린이는 또 이렇게 살아갑니다,감사합니다 감사합니다 감사합니다 메린이는 또 이렇게 살아갑니다,"['감사', '감사', '감사', '메린', '이렇', '살']",,,,,
f92dfu0biJI,대장메린이 형님 감사합니다,0,2026-06-19 04:46:53+00:00,대장메린이 형님 감사합니다,대장메린이 형님 감사합니다,"['대장', '메', '린', '형', '감사']",,,,,
f92dfu0biJI,"0:00 인트로
0:13 버닝비욘드
0:18 제네시스퀘스트
0:24 선행퀘스트
0:28 하이퍼스탯
0:34 어빌리티
0:46 코어강화
0:52 스케쥴러
1:09 30야누스
1:12 길드
1:33 하이퍼버닝MAX
1:36 아케인심볼
1:44 운영자보상
1:49 펫세팅
2:31 패스
2:57 전문제작
3:12 콜렉터
3:25 의문의결계
3:34 이벤트링
4:27 매커네이터펜던트
4:41 핑크빛성배
4:46 엠블렘
5:16 보조무기
5:37 장신구추옵
6:00 시퀀스
6:03 극딜순서
6:05 카벨잡기
6:13 킹오브루타비스
6:20 경험치칭호
6:27 노말스우
6:40 사냥가성비도핑
6:59 보스가성비도핑
7:20 시드링
7:27 260~264사냥터
7:36 265~269사냥터
7:41 270~274사냥터
7:47 마무리",17,2026-06-19 04:35:47+00:00,"0:00 인트로
0:13 버닝비욘드
0:18 제네시스퀘스트
0:24 선행퀘스트
0:28 하이퍼스탯
0:34 어빌리티
0:46 코어강화
0:52 스케쥴러
1:09 30야누스
1:12 길드
1:33 하이퍼버닝MAX
1:36 아케인심볼
1:44 운영자보상
1:49 펫세팅
2:31 패스
2:57 전문제작
3:12 콜렉터
3:25 의문의결계
3:34 이벤트링
4:27 매커네이터펜던트
4:41 핑크빛성배
4:46 엠블렘
5:16 보조무기
5:37 장신구추옵
6:00 시퀀스
6:03 극딜순서
6:05 카벨잡기
6:13 킹오브루타비스
6:20 경험치칭호
6:27 노말스우
6:40 사냥가성비도핑
6:59 보스가성비도핑
7:20 시드링
7:27 260~264사냥터
7:36 265~269사냥터
7:41 270~274사냥터
7:47 마무리",0 00 인트로 0 13 버닝비욘드 0 18 제네시스퀘스트 0 24 선행퀘스트 0 28 하이퍼스탯 0 34 어빌리티 0 46 코어강화 0 52 스케쥴러 1 09 30야누스 1 12 길드 1 33 하이퍼버닝MAX 1 36 아케인심볼 1 44 운영자보상 1 49 펫세팅 2 31 패스 2 57 전문제작 3 12 콜렉터 3 25 의문의결계 3 34 이벤트링 4 27 매커네이터펜던트 4 41 핑크빛성배 4 46 엠블렘 5 16 보조무기 5 37 장신구추옵 6 00 시퀀스 6 03 극딜순서 6 05 카벨잡기 6 13 킹오브루타비스 6 20 경험치칭호 6 27 노말스우 6 40 사냥가성비도핑 6 59 보스가성비도핑 7 20 시드링 7 27 260 264사냥터 7 36 265 269사냥터 7 41 270 274사냥터 7 47 마무리,"['인트로', '버닝비욘드', '제네시스퀘스트', '선행퀘스트', '하이퍼스탯', '어빌리티', '코어', '강화', '스케쥴러', '야누스', '길드', '하이퍼버닝', '아케인심볼', '운영자', '보상', '펫', '세팅', '패스', '전문', '제작', '콜', '렉', '터', '의문', '결', '이벤트', '링', '매커네이터펜던트', '핑크', '빛', '성배', '엠블렘', '보조', '무기', '장신구추옵', '시퀀스', '극딜순서', '카벨잡기', '킹오브루타비스', '경험치', '칭호', '노말스우', '사냥', '가성비', '핑', '보스', '가성비', '핑', '시드', '링', '사냥터', '사냥터', '사냥터', '마무리']",,,,,
f92dfu0biJI,"0:00 인트로
0:13 버닝비욘드
0:18 제네시스퀘스트
0:24 선행퀘스트
0:28 하이퍼스탯
0:34 어빌리티
0:46 코어강화
0:52 스케쥴러
1:09 30야누스
1:12 길드
1:33 하이퍼버닝MAX
1:36 아케인심볼
1:44 운영자보상
1:49 펫세팅
2:31 패스
2:57 전문제작
3:12 콜렉터
3:25 의문의결계
3:34 이벤트링
4:27 매커네이터펜던트
4:41 핑크빛성배
4:46 엠블렘
5:16 보조무기
5:37 장신구추옵
6:00 시퀀스
6:03 극딜순서
6:05 카벨잡기
6:13 킹오브루타비스
6:20 경험치칭호
6:27 노말스우
6:40 사냥가성비도핑
6:59 보스가성비도핑
7:20 시드링
7:27 260~264사냥터
7:36 265~269사냥터
7:41 270~274사냥터
7:47 마무리",17,2026-06-19 04:35:47+00:00,"0:00 인트로
0:13 버닝비욘드
0:18 제네시스퀘스트
0:24 선행퀘스트
0:28 하이퍼스탯
0:34 어빌리티
0:46 코어강화
0:52 스케쥴러
1:09 30야누스
1:12 길드
1:33 하이퍼버닝MAX
1:36 아케인심볼
1:44 운영자보상
1:49 펫세팅
2:31 패스
2:57 전문제작
3:12 콜렉터
3:25 의문의결계
3:34 이벤트링
4:27 매커네이터펜던트
4:41 핑크빛성배
4:46 엠블렘
5:16 보조무기
5:37 장신구추옵
6:00 시퀀스
6:03 극딜순서
6:05 카벨잡기
6:13 킹오브루타비스
6:20 경험치칭호
6:27 노말스우
6:40 사냥가성비도핑
6:59 보스가성비도핑
7:20 시드링
7:27 260~264사냥터
7:36 265~269사냥터
7:41 270~274사냥터
7:47 마무리",0 00 인트로 0 13 버닝비욘드 0 18 제네시스퀘스트 0 24 선행퀘스트 0 28 하이퍼스탯 0 34 어빌리티 0 46 코어강화 0 52 스케쥴러 1 09 30야누스 1 12 길드 1 33 하이퍼버닝MAX 1 36 아케인심볼 1 44 운영자보상 1 49 펫세팅 2 31 패스 2 57 전문제작 3 12 콜렉터 3 25 의문의결계 3 34 이벤트링 4 27 매커네이터펜던트 4 41 핑크빛성배 4 46 엠블렘 5 16 보조무기 5 37 장신구추옵 6 00 시퀀스 6 03 극딜순서 6 05 카벨잡기 6 13 킹오브루타비스 6 20 경험치칭호 6 27 노말스우 6 40 사냥가성비도핑 6 59 보스가성비도핑 7 20 시드링 7 27 260 264사냥터 7 36 265 269사냥터 7 41 270 274사냥터 7 47 마무리,"['인트로', '버닝비욘드', '제네시스퀘스트', '선행퀘스트', '하이퍼스탯', '어빌리티', '코어', '강화', '스케쥴러', '야누스', '길드', '하이퍼버닝', '아케인심볼', '운영자', '보상', '펫', '세팅', '패스', '전문', '제작', '콜', '렉', '터', '의문', '결', '이벤트', '링', '매커네이터펜던트', '핑크', '빛', '성배', '엠블렘', '보조', '무기', '장신구추옵', '시퀀스', '극딜순서', '카벨잡기', '킹오브루타비스', '경험치', '칭호', '노말스우', '사냥', '가성비', '핑', '보스', '가성비', '핑', '시드', '링', '사냥터', '사냥터', '사냥터', '마무리']",,,,,
f92dfu0biJI,와 세상 깔끔한 영상이네요 진짜 추천합니다.,0,2026-06-19 04:35:06+00:00,와 세상 깔끔한 영상이네요 진짜 추천합니다.,와 세상 깔끔한 영상이네요 진짜 추천합니다,"['세상', '영상', '추천']",,,,,
Q-b20FJZ0jQ,260랩이후 어케해야하는지 영상에 안보이는대... 심볼 일퀘 다하고 사우나랑 블루베리 바로바로 다 쓰면서 천천히 올리면 되는건가요?,0,2026-06-19 04:30:37+00:00,260랩이후 어케해야하는지 영상에 안보이는대... 심볼 일퀘 다하고 사우나랑 블루베리 바로바로 다 쓰면서 천천히 올리면 되는건가요?,260랩이후 어케해야하는지 영상에 안보이는대 심볼 일퀘 다하고 사우나랑 블루베리 바로바로 다 쓰면서 천천히 올리면 되는건가요?,"['랩', '이후', '하', '영상', '보이', '심볼', '일퀘', '하', '사우나', '블루베리', '쓰', '올리', '되', '거']",,,,,
Q-b20FJZ0jQ,종강이다. 출동,0,2026-06-19 03:42:36+00:00,종강이다. 출동,종강이다 출동,"['종강', '출동']",,,,,
Q-b20FJZ0jQ,하이퍼버닝. 통합계정안에 여러계정있으면 개별적용이었는데 지금은 통합계정안에 한계정만되네요,4,2026-06-19 03:28:12+00:00,하이퍼버닝. 통합계정안에 여러계정있으면 개별적용이었는데 지금은 통합계정안에 한계정만되네요,하이퍼버닝 통합계정안에 여러계정있으면 개별적용이었는데 지금은 통합계정안에 한계정만되네요,"['하이퍼버닝', '통합', '계정', '안', '계정', '있', '개별', '적용', '지금', '통합', '계정', '안', '계정', '되']",,,,,
Q-b20FJZ0jQ,메르하기로 함,0,2026-06-19 02:19:53+00:00,메르하기로 함,메르하기로 함,"['메르', '하']",,,,,
FMUmSNtWlEU,일퀘 아르카나 세르니움은 안깨도 되는건가요?,1,2026-06-19 01:00:42+00:00,일퀘 아르카나 세르니움은 안깨도 되는건가요?,일퀘 아르카나 세르니움은 안깨도 되는건가요?,"['일퀘', '아르카나', '세르니움', '깨', '되', '거']",,,,,
Q-b20FJZ0jQ,제가 뭔가 하나빠뜨럈나 견험치가 똑같이 안오르네요 ㅠㅠ,0,2026-06-19 00:39:23+00:00,제가 뭔가 하나빠뜨럈나 견험치가 똑같이 안오르네요 ㅠㅠ,제가 뭔가 하나빠뜨럈나 견험치가 똑같이 안오르네요 ㅠㅠ,"['하나빠뜨럈나', '견험치', '오르']",,,,,
Q-b20FJZ0jQ,이번 목표: 메르 or 보마 290,0,2026-06-19 00:37:02+00:00,이번 목표: 메르 or 보마 290,이번 목표 메르 or 보마 290,"['이번', '목표', '메르', '보마']",,,,,
Q-b20FJZ0jQ,자석펫 하나 달팽이 모자펫 해서 달팽이에는 스킬을 넣을수가 없더라구요 방법이 없을까요?,0,2026-06-19 00:18:51+00:00,자석펫 하나 달팽이 모자펫 해서 달팽이에는 스킬을 넣을수가 없더라구요 방법이 없을까요?,자석펫 하나 달팽이 모자펫 해서 달팽이에는 스킬을 넣을수가 없더라구요 방법이 없을까요?,"['자석펫', '달팽이', '모자', '펫', '달팽이', '스킬', '넣', '수', '없', '방법', '없']",,,,,
Q-b20FJZ0jQ,아케인포스가 850이 안찍히는데 뭐가 문제인가요.... 심볼 선택권은 다 균등분배했어요,0,2026-06-18 22:50:21+00:00,아케인포스가 850이 안찍히는데 뭐가 문제인가요.... 심볼 선택권은 다 균등분배했어요,아케인포스가 850이 안찍히는데 뭐가 문제인가요 심볼 선택권은 다 균등분배했어요,"['아케인포스', '찍히', '문제', '심볼', '선택', '균등', '분배']",,,,,
Q-b20FJZ0jQ,연습모드에서 도핑이 하나도 불이 안들아와있거 다 흑백이라 선택이 안대면 뭘잘못한걸까요...?,0,2026-06-18 22:45:49+00:00,연습모드에서 도핑이 하나도 불이 안들아와있거 다 흑백이라 선택이 안대면 뭘잘못한걸까요...?,연습모드에서 도핑이 하나도 불이 안들아와있거 다 흑백이라 선택이 안대면 뭘잘못한걸까요 ?,"['연습', '모드', '도핑', '불', '오', '거', '흑백', '선택', '대', '거']",,,,,
Q-b20FJZ0jQ,280까지 찍는법음 어딨죠?;,1,2026-06-18 22:35:47+00:00,280까지 찍는법음 어딨죠?;,280까지 찍는법음 어딨죠?,"['찍', '법', '음', '어딨']",,,,,
Q-b20FJZ0jQ,챌린저스서버에 유니온20개만들면 옮길수있나요?,0,2026-06-18 22:14:30+00:00,챌린저스서버에 유니온20개만들면 옮길수있나요?,챌린저스서버에 유니온20개만들면 옮길수있나요?,"['챌린저스서버', '유니온', '개', '들', '옮기', '수', '있']",,,,,
Jg9xSIh9-ls,카르마 블랙큐브는 어디서 구하나요?,0,2026-06-18 22:11:32+00:00,카르마 블랙큐브는 어디서 구하나요?,카르마 블랙큐브는 어디서 구하나요?,"['카르마', '블랙', '큐브', '구하']",,,,,
FMUmSNtWlEU,어으 어려워,1,2026-06-18 20:03:34+00:00,어으 어려워,어으 어려워,['어렵'],,,,,
5C5DU2FiHZk,"이번에 시작해보려는 뉴비인데 좋은영상 감사합니다! 1:51 이것처럼 가상키보드 화면에 띄우는건 어떤프로그램일까요..? 그리고 스킬쓴거 화면에 띄우는건 어떻게 하신걸까요,,?스트라이커 하는중인데 키가 눌린건지 안눌린건지 확인이 어려워서요 ㅋㅋ..",1,2026-06-18 20:02:11+00:00,"이번에 시작해보려는 뉴비인데 좋은영상 감사합니다! 1:51 이것처럼 가상키보드 화면에 띄우는건 어떤프로그램일까요..? 그리고 스킬쓴거 화면에 띄우는건 어떻게 하신걸까요,,?스트라이커 하는중인데 키가 눌린건지 안눌린건지 확인이 어려워서요 ㅋㅋ..",이번에 시작해보려는 뉴비인데 좋은영상 감사합니다 1 51 이것처럼 가상키보드 화면에 띄우는건 어떤프로그램일까요 ? 그리고 스킬쓴거 화면에 띄우는건 어떻게 하신걸까요 ?스트라이커 하는중인데 키가 눌린건지 안눌린건지 확인이 어려워서요 ㅋㅋ,"['이번', '시작', '뉴비', '좋', '영상', '감사', '가상', '키보드', '화면', '띄우', '거', '프로그램', '스킬', '쓰', '거', '화면', '띄우', '거', '하', '거', '스트라이커', '하', '중', '키', '눌리', '거', '눌리', '거', '확인', '어렵']",,,,,
Q-b20FJZ0jQ,하 리레3렙.받았는데,0,2026-06-18 18:12:26+00:00,하 리레3렙.받았는데,하 리레3렙 받았는데,"['리레3렙', '받']",,,,,
Q-b20FJZ0jQ,정리 감사드립니다!,0,2026-06-18 18:05:53+00:00,정리 감사드립니다!,정리 감사드립니다,"['정리', '감사', '드리']",,,,,
Jg9xSIh9-ls,"하트 30퍼 작 하라고하셨는데
이노랑 순줌 활용하여 완작인가요, 그냥 떡작인가요?",0,2026-06-18 17:58:56+00:00,"하트 30퍼 작 하라고하셨는데
이노랑 순줌 활용하여 완작인가요, 그냥 떡작인가요?",하트 30퍼 작 하라고하셨는데 이노랑 순줌 활용하여 완작인가요 그냥 떡작인가요?,"['하트', '퍼', '작', '하', '하', '노랑', '줌', '활용', '완', '작', '떡', '작']",,,,,
Jg9xSIh9-ls,물다쌤..100억잇는데 여명 4셋 맞추는게 나을까요 보조에 힘 빡주는게 나을까요 둘다 안해도 해방이 가능할까요..너무 어렵습니다....,0,2026-06-18 17:34:06+00:00,물다쌤..100억잇는데 여명 4셋 맞추는게 나을까요 보조에 힘 빡주는게 나을까요 둘다 안해도 해방이 가능할까요..너무 어렵습니다....,물다쌤 100억잇는데 여명 4셋 맞추는게 나을까요 보조에 힘 빡주는게 나을까요 둘다 안해도 해방이 가능할까요 너무 어렵습니다,"['물다', '쌤', '잇', '데', '여명', '맞추', '것', '낫', '보조', '힘', '주', '것', '낫', '하', '해방', '가능', '어렵']",,,,,
Q-b20FJZ0jQ,약뉴비인데 레테를 만들었어야 했나요.. 아델 만들었는데 레테 개인보상 보고 갑자기 고민되네요...,0,2026-06-18 16:49:54+00:00,약뉴비인데 레테를 만들었어야 했나요.. 아델 만들었는데 레테 개인보상 보고 갑자기 고민되네요...,약뉴비인데 레테를 만들었어야 했나요 아델 만들었는데 레테 개인보상 보고 갑자기 고민되네요,"['약뉴비', '레테', '만들', '데', '만들', '레테', '개인', '보상', '보', '고민']",,,,,
Jg9xSIh9-ls,물다쌤 듀블은 블랙보조를 사용하는게 나을까요 아니면 노작 아케인 블레이드를 구매해서 17 유니크 잠재 두줄 에디 공 6퍼정도로 임시로 쓰는게 나을까요..? 진짜 보조값이 너무 비싼데 첫주부터 자본을 좀 투자하려고 했지만 가격이 너무 터무니없어져서 질문드립니다,0,2026-06-18 16:40:24+00:00,물다쌤 듀블은 블랙보조를 사용하는게 나을까요 아니면 노작 아케인 블레이드를 구매해서 17 유니크 잠재 두줄 에디 공 6퍼정도로 임시로 쓰는게 나을까요..? 진짜 보조값이 너무 비싼데 첫주부터 자본을 좀 투자하려고 했지만 가격이 너무 터무니없어져서 질문드립니다,물다쌤 듀블은 블랙보조를 사용하는게 나을까요 아니면 노작 아케인 블레이드를 구매해서 17 유니크 잠재 두줄 에디 공 6퍼정도로 임시로 쓰는게 나을까요 ? 진짜 보조값이 너무 비싼데 첫주부터 자본을 좀 투자하려고 했지만 가격이 너무 터무니없어져서 질문드립니다,"['물다', '쌤', '듀블', '블랙', '보조', '사용', '것', '낫', '노작', '아케인', '블레이드', '구매', '유니크', '잠재', '줄', '에디', '공', '퍼', '정도', '임시', '쓰', '것', '낫', '보조', '값', '비싸', '주', '자본', '투자', '가격', '터무니', '없', '질문', '드리']",,,,,
spAIOQ2nBZs,보마 저번에 키워봐서 렌 키우는데 렌 왜케 약한거같죠 사냥 하는데 원콤 잘 안나네요 ㅠ 보마보다 약한거같은데..,0,2026-06-18 16:09:58+00:00,보마 저번에 키워봐서 렌 키우는데 렌 왜케 약한거같죠 사냥 하는데 원콤 잘 안나네요 ㅠ 보마보다 약한거같은데..,보마 저번에 키워봐서 렌 키우는데 렌 왜케 약한거같죠 사냥 하는데 원콤 잘 안나네요 ㅠ 보마보다 약한거같은데,"['보마', '저번', '키우', '렌', '키우', '데', '렌', '약하', '거', '같', '사냥', '하', '원콤', '나', '보마', '약하', '거', '같']",,,,,
FMUmSNtWlEU,200레벨때 버닝 지정해서 200레벨 보상을 못받았는데 이런 경우는 어찌해야하나요ㅜ,1,2026-06-18 16:06:23+00:00,200레벨때 버닝 지정해서 200레벨 보상을 못받았는데 이런 경우는 어찌해야하나요ㅜ,200레벨때 버닝 지정해서 200레벨 보상을 못받았는데 이런 경우는 어찌해야하나요ㅜ,"['레벨', '때', '버닝', '지정', '레벨', '보상', '받', '경우']",,,,,
Q-b20FJZ0jQ,19:58 여기서 스토리 스킵을 하는데 리멘까지는 뜨는데 보더리스가 안뜨네요..,0,2026-06-18 16:01:27+00:00,19:58 여기서 스토리 스킵을 하는데 리멘까지는 뜨는데 보더리스가 안뜨네요..,19 58 여기서 스토리 스킵을 하는데 리멘까지는 뜨는데 보더리스가 안뜨네요,"['스토리', '스킵', '하', '리멘', '뜨', '보더리스', '뜨']",,,,,
spAIOQ2nBZs,ai분석 ㄷㄷ,0,2026-06-18 15:54:57+00:00,ai분석 ㄷㄷ,ai분석 ㄷㄷ,['분석'],,,,,
Q-b20FJZ0jQ,이번 아버 신규캐릭이 아니라 아예 챌린져스 월드에 만들어야 줘요?,0,2026-06-18 15:48:40+00:00,이번 아버 신규캐릭이 아니라 아예 챌린져스 월드에 만들어야 줘요?,이번 아버 신규캐릭이 아니라 아예 챌린져스 월드에 만들어야 줘요?,"['이번', '아버', '신규캐릭', '챌린져스', '월드', '만들', '주']",,,,,
spAIOQ2nBZs,본섭에서 히어로 270 주스탯 약 4.0인 뉴비입니다 이번에 챌린저스 서버를 해서 차라리 렌을 키워서 본섭 올때 다 잘라서 렌할때 옮겨주는게 나을지 아니면 그냥 본섭에있는 히어로에게 줘서 280을 찍는게 나은지 잘 모르겠습니다 어떤게 나을까요?,0,2026-06-18 15:46:52+00:00,본섭에서 히어로 270 주스탯 약 4.0인 뉴비입니다 이번에 챌린저스 서버를 해서 차라리 렌을 키워서 본섭 올때 다 잘라서 렌할때 옮겨주는게 나을지 아니면 그냥 본섭에있는 히어로에게 줘서 280을 찍는게 나은지 잘 모르겠습니다 어떤게 나을까요?,본섭에서 히어로 270 주스탯 약 4 0인 뉴비입니다 이번에 챌린저스 서버를 해서 차라리 렌을 키워서 본섭 올때 다 잘라서 렌할때 옮겨주는게 나을지 아니면 그냥 본섭에있는 히어로에게 줘서 280을 찍는게 나은지 잘 모르겠습니다 어떤게 나을까요?,"['본섭', '히어로', '주스탯', '뉴비', '이번', '챌린저스', '서버', '하', '렌', '키우', '본섭', '오', '때', '자르', '렌', '때', '옮기', '것', '낫', '본섭', '있', '히어로', '주', '찍', '것', '낫', '모르', '것', '낫']",,,,,
Q-b20FJZ0jQ,와 이거안보고 챌4에 레테만듦 개망함,0,2026-06-18 15:38:28+00:00,와 이거안보고 챌4에 레테만듦 개망함,와 이거안보고 챌4에 레테만듦 개망함,"['보', '챌4', '레테만듦', '개', '망하']",,,,,
Q-b20FJZ0jQ,15:09,0,2026-06-18 15:03:32+00:00,15:09,15 09,[],,,,,
9b-cCrQyKYw,0:50 하이퍼버닝 썬콜로 만들고 챌섭시작보상도 받았는데 삭제하고 다른캐릭 다시키우면 챌섭보상도 다시 받을 수 있나요?,0,2026-06-18 14:58:19+00:00,0:50 하이퍼버닝 썬콜로 만들고 챌섭시작보상도 받았는데 삭제하고 다른캐릭 다시키우면 챌섭보상도 다시 받을 수 있나요?,0 50 하이퍼버닝 썬콜로 만들고 챌섭시작보상도 받았는데 삭제하고 다른캐릭 다시키우면 챌섭보상도 다시 받을 수 있나요?,"['하이퍼버닝', '썬', '콜', '만들', '챌섭', '시작', '보상', '받', '삭제', '다른캐릭', '키우', '챌섭', '보상', '받', '수', '있']",,,,,
Q-b20FJZ0jQ,무조건 하이퍼 5000%로 선택하고 하면되려나요...? 1+1 랩업도 있길래 이거말고 하면될까요?,0,2026-06-18 14:37:58+00:00,무조건 하이퍼 5000%로 선택하고 하면되려나요...? 1+1 랩업도 있길래 이거말고 하면될까요?,무조건 하이퍼 500 로 선택하고 하면되려나요 ? 1 1 랩업도 있길래 이거말고 하면될까요?,"['하이퍼', '로', '선택', '하', '되', '랩', '업', '있', '말', '하', '되']",,,,,
Q-b20FJZ0jQ,13:38 에르다 파운틴이 아니라 에르다 샤워 아니에용?>?,1,2026-06-18 14:37:12+00:00,13:38 에르다 파운틴이 아니라 에르다 샤워 아니에용?>?,13 38 에르다 파운틴이 아니라 에르다 샤워 아니에용? ?,"['에르다', '파운틴', '에르다', '샤워']",,,,,
9b-cCrQyKYw,메린이인데 루시드 스펙이 어느정두에여??,0,2026-06-18 14:23:45+00:00,메린이인데 루시드 스펙이 어느정두에여??,메린이인데 루시드 스펙이 어느정두에여??,"['메린', '루시', '드', '스펙', '정']",,,,,
Q-b20FJZ0jQ,13:38 에르다 파운틴이라고 해서 홀리파운틴 찍었는데 에르다샤워였네...,0,2026-06-18 14:12:49+00:00,13:38 에르다 파운틴이라고 해서 홀리파운틴 찍었는데 에르다샤워였네...,13 38 에르다 파운틴이라고 해서 홀리파운틴 찍었는데 에르다샤워였네,"['에르다', '파운틴', '하', '홀리파운틴', '찍', '에르다샤워']",,,,,
Q-b20FJZ0jQ,형들 아이템버닝 본섭에서는 안줘요?,0,2026-06-18 13:53:12+00:00,형들 아이템버닝 본섭에서는 안줘요?,형들 아이템버닝 본섭에서는 안줘요?,"['형', '아이템버닝', '본섭', '주']",,,,,
Q-b20FJZ0jQ,vip 경험치 쿠폰이 사라졌는데 뭐지.. 한 번 썼는데 사라졌네,0,2026-06-18 13:46:23+00:00,vip 경험치 쿠폰이 사라졌는데 뭐지.. 한 번 썼는데 사라졌네,vip 경험치 쿠폰이 사라졌는데 뭐지 한 번 썼는데 사라졌네,"['경험치', '쿠폰', '사라지', '번', '쓰', '사라지']",,,,,
Jg9xSIh9-ls,"안녕하세요 뉴비입니다 레테로 만들었는데  이벤링 2개 레전잠재 주스텟 안나오고, 미러클 서큘까지 다털엇는데 재사용 안나왔는데 계속 해도 될까요ㅠㅠ",0,2026-06-18 13:38:00+00:00,"안녕하세요 뉴비입니다 레테로 만들었는데  이벤링 2개 레전잠재 주스텟 안나오고, 미러클 서큘까지 다털엇는데 재사용 안나왔는데 계속 해도 될까요ㅠㅠ",안녕하세요 뉴비입니다 레테로 만들었는데 이벤링 2개 레전잠재 주스텟 안나오고 미러클 서큘까지 다털엇는데 재사용 안나왔는데 계속 해도 될까요ㅠㅠ,"['안녕', '뉴비', '레테', '만들', '이벤링', '2개', '레전잠재', '주스텟', '나오', '미러', '크', '서큘', '털', '재사용', '나오', '하', '되']",,,,,
Q-b20FJZ0jQ,에픽던전 보너스1단계라는게 에픽던전 메포로 보상더 받는거 말씀하시는거죠?,0,2026-06-18 13:33:04+00:00,에픽던전 보너스1단계라는게 에픽던전 메포로 보상더 받는거 말씀하시는거죠?,에픽던전 보너스1단계라는게 에픽던전 메포로 보상더 받는거 말씀하시는거죠?,"['에픽던전', '보너스', '단계', '것', '에픽던전', '메', '포로', '보상', '받', '거', '말씀', '거']",,,,,
Jg9xSIh9-ls,"물다쌤.. 지금 보조, 미트라 가격이 미쳐버렸는데

존버하는게 맞을까요 ㅠㅠ",0,2026-06-18 13:24:08+00:00,"물다쌤.. 지금 보조, 미트라 가격이 미쳐버렸는데

존버하는게 맞을까요 ㅠㅠ",물다쌤 지금 보조 미트라 가격이 미쳐버렸는데 존버하는게 맞을까요 ㅠㅠ,"['물다', '쌤', '보조', '미트라', '가격', '미치', '존버', '하', '것', '맞']",,,,,
Q-b20FJZ0jQ,부스터가 펫효과인 분들 어쩌구에서 첫번째로 펫스킬에 들어간 스킬 이름이 먼가요? 두번재껀 아케인부스터인건 알겠어요,0,2026-06-18 13:05:17+00:00,부스터가 펫효과인 분들 어쩌구에서 첫번째로 펫스킬에 들어간 스킬 이름이 먼가요? 두번재껀 아케인부스터인건 알겠어요,부스터가 펫효과인 분들 어쩌구에서 첫번째로 펫스킬에 들어간 스킬 이름이 먼가요? 두번재껀 아케인부스터인건 알겠어요,"['부스터', '펫', '효과', '분', '어쩌', '번', '펫', '스킬', '들어가', '스킬', '이름', '번', '껀', '아케인부스터', '거', '알']",,,,,
Q-b20FJZ0jQ,21:44,0,2026-06-18 13:03:10+00:00,21:44,21 44,[],,,,,
Q-b20FJZ0jQ,슈피겔만이 아네트 옆에 없는데 어떻게해야하는지 아실까요?,0,2026-06-18 12:34:25+00:00,슈피겔만이 아네트 옆에 없는데 어떻게해야하는지 아실까요?,슈피겔만이 아네트 옆에 없는데 어떻게해야하는지 아실까요?,"['슈피겔', '아', '네트', '옆', '없', '데', '어떻', '하', '알']",,,,,
FMUmSNtWlEU,아이템 버닝 챌섭에만 주는거 진짜 개석나가네,0,2026-06-18 12:30:20+00:00,아이템 버닝 챌섭에만 주는거 진짜 개석나가네,아이템 버닝 챌섭에만 주는거 진짜 개석나가네,"['아이템', '버닝', '챌섭', '말', '거', '개석', '나가']",,,,,
Q-b20FJZ0jQ,레테 자체 풀공속이니 쓸윈부 나중에 열어라,0,2026-06-18 12:22:56+00:00,레테 자체 풀공속이니 쓸윈부 나중에 열어라,레테 자체 풀공속이니 쓸윈부 나중에 열어라,"['레테', '자체', '풀공속', '쓸윈부', '나중', '열']",,,,,
Q-b20FJZ0jQ,그래서 사냥 없이 280은 어떻게 찍는건가요??,0,2026-06-18 12:09:44+00:00,그래서 사냥 없이 280은 어떻게 찍는건가요??,그래서 사냥 없이 280은 어떻게 찍는건가요??,"['사냥', '어떻', '찍', '거']",,,,,
Jg9xSIh9-ls,"영상 잘 봤습니다!
보/엠 완제품, 여명 장신구를 경매장에서 맞추려고 했는데, 시세가 너무 비싸다고 해서 2~3주정도는 기다렸다가 맞추는게 좋을까요?
드메 67/100 도 기다렸다가 구매해야할지 고민되네요ㅜㅜ",0,2026-06-18 12:07:06+00:00,"영상 잘 봤습니다!
보/엠 완제품, 여명 장신구를 경매장에서 맞추려고 했는데, 시세가 너무 비싸다고 해서 2~3주정도는 기다렸다가 맞추는게 좋을까요?
드메 67/100 도 기다렸다가 구매해야할지 고민되네요ㅜㅜ",영상 잘 봤습니다 보 엠 완제품 여명 장신구를 경매장에서 맞추려고 했는데 시세가 너무 비싸다고 해서 2 3주정도는 기다렸다가 맞추는게 좋을까요? 드메 67 100 도 기다렸다가 구매해야할지 고민되네요ㅜㅜ,"['영상', '보', '보', '엠', '완제품', '여명', '장신구', '경매장', '맞추', '시세', '비싸', '하', '주', '정도', '기다리', '맞추', '것', '좋', '드', '메', '도', '기다리', '구매', '고민']",,,,,
Q-b20FJZ0jQ,윌보다 진힐라가 더 쉬우면 어캄?,0,2026-06-18 12:01:00+00:00,윌보다 진힐라가 더 쉬우면 어캄?,윌보다 진힐라가 더 쉬우면 어캄?,"['윌', '진힐라', '쉽', '어캄']",,,,,
Q-b20FJZ0jQ,285는 하루 몇재해야할까,0,2026-06-18 11:54:21+00:00,285는 하루 몇재해야할까,285는 하루 몇재해야할까,"['하루', '재']",,,,,
Q-b20FJZ0jQ,이거 다 피시방 버프없이 집에서 한 기준인가요??,0,2026-06-18 11:49:12+00:00,이거 다 피시방 버프없이 집에서 한 기준인가요??,이거 다 피시방 버프없이 집에서 한 기준인가요??,"['피시방', '버프', '집', '하', '기준']",,,,,
Q-b20FJZ0jQ,문브릿지는.. 스킵이 안되는데 어떻게 하나요..ㅠㅠㅠ,0,2026-06-18 11:38:02+00:00,문브릿지는.. 스킵이 안되는데 어떻게 하나요..ㅠㅠㅠ,문브릿지는 스킵이 안되는데 어떻게 하나요 ㅠㅠ,"['문브릿지', '스킵', '되', '어떻', '하']",,,,,
ep6YvyuVbV0,필터 푸시고 찍으셨어야 될 거 같은데.. 필터 걸려있어요. 직업들 색감이 원본이랑 많이 다름,1,2026-06-18 11:18:41+00:00,필터 푸시고 찍으셨어야 될 거 같은데.. 필터 걸려있어요. 직업들 색감이 원본이랑 많이 다름,필터 푸시고 찍으셨어야 될 거 같은데 필터 걸려있어요 직업들 색감이 원본이랑 많이 다름,"['필터', '푸', '찍', '되', '거', '같', '필터', '걸리', '직업', '색감', '원본', '다르']",,,,,
FMUmSNtWlEU,"잼이님 안녕하세요
혹시 질문이 있는데 여쭤봐도될까요?
마스코드 퍼레이드 출석 다하고 오늘 영구자석펫 받을려고 업뎃 끝나고 들어갔는데 마스코드 퍼레이드창이 사라졌있는데 왜이런지 아시나요…?  ㅠㅠㅠ",1,2026-06-18 10:43:10+00:00,"잼이님 안녕하세요
혹시 질문이 있는데 여쭤봐도될까요?
마스코드 퍼레이드 출석 다하고 오늘 영구자석펫 받을려고 업뎃 끝나고 들어갔는데 마스코드 퍼레이드창이 사라졌있는데 왜이런지 아시나요…?  ㅠㅠㅠ",잼이님 안녕하세요 혹시 질문이 있는데 여쭤봐도될까요? 마스코드 퍼레이드 출석 다하고 오늘 영구자석펫 받을려고 업뎃 끝나고 들어갔는데 마스코드 퍼레이드창이 사라졌있는데 왜이런지 아시나요 ? ㅠㅠ,"['잼', '님', '안녕', '질문', '있', '여쭈', '되', '마스코드', '퍼레이드', '출석', '하', '오늘', '영구', '자석', '펫', '받', '업뎃', '끝', '나', '들어가', '마스코드', '퍼레이드', '창', '사라지', '이렇', '알']",,,,,
Q-b20FJZ0jQ,200랩 비약은 챌섭 이후에도 사용이 가능한가요??? 본섭에 200못찍은 링크캐릭 여러있어서 넘어갈떼 쓰고싶은데,0,2026-06-18 10:40:52+00:00,200랩 비약은 챌섭 이후에도 사용이 가능한가요??? 본섭에 200못찍은 링크캐릭 여러있어서 넘어갈떼 쓰고싶은데,200랩 비약은 챌섭 이후에도 사용이 가능한가요?? 본섭에 200못찍은 링크캐릭 여러있어서 넘어갈떼 쓰고싶은데,"['랩', '비약', '챌섭', '이후', '사용', '가능', '본섭', '찍', '링크캐릭', '있', '넘어가', '떼', '쓰']",,,,,
Q-b20FJZ0jQ,"혹시 질문 하나 여쭤봐도될꺼요?
마스코드 퍼레이드 출첵 다해서 자석펫 받으려고  오늘 업뎃후 들어가니까 마스코드 퍼레이드이벤트 창이 없어졌는데 이건 어떡해 해결하시는지 아시나요.. ㅠㅠ",0,2026-06-18 10:34:42+00:00,"혹시 질문 하나 여쭤봐도될꺼요?
마스코드 퍼레이드 출첵 다해서 자석펫 받으려고  오늘 업뎃후 들어가니까 마스코드 퍼레이드이벤트 창이 없어졌는데 이건 어떡해 해결하시는지 아시나요.. ㅠㅠ",혹시 질문 하나 여쭤봐도될꺼요? 마스코드 퍼레이드 출첵 다해서 자석펫 받으려고 오늘 업뎃후 들어가니까 마스코드 퍼레이드이벤트 창이 없어졌는데 이건 어떡해 해결하시는지 아시나요 ㅠㅠ,"['질문', '여쭈', '되', '꺼', '마스코드', '퍼레이드', '출첵', '하', '자석펫', '받', '오늘', '업뎃후', '들어가', '마스코드', '퍼레이드', '이벤트', '창', '없', '해결']",,,,,
Q-b20FJZ0jQ,9만점 너무 빡셀거 같은데...,0,2026-06-18 10:34:27+00:00,9만점 너무 빡셀거 같은데...,9만점 너무 빡셀거 같은데,"['점', '빡세', '거', '같']",,,,,
FMUmSNtWlEU,아이템버닝 본섭에서는 못받나요 ? 챌섭만 가능한가요?,1,2026-06-18 10:18:41+00:00,아이템버닝 본섭에서는 못받나요 ? 챌섭만 가능한가요?,아이템버닝 본섭에서는 못받나요 ? 챌섭만 가능한가요?,"['아이템버닝', '본섭', '받', '챌섭', '가능']",,,,,
le-wd0DnnVw,비숍 본캐로 좋을까요?,1,2026-06-18 10:08:45+00:00,비숍 본캐로 좋을까요?,비숍 본캐로 좋을까요?,"['비숍', '본캐', '좋']",,,,,
Q-b20FJZ0jQ,복귀뉴비라 너무 많은게 바뀌어서 뭐해야될지 모르겠는데 이영상 보고 따라하는중입니다 감사합니다 ㅠㅠ 혹시 260이후 닥사하는중인데 챙겨서 하면 좋은거 알려주시면 감사하겠습니다,0,2026-06-18 09:30:26+00:00,복귀뉴비라 너무 많은게 바뀌어서 뭐해야될지 모르겠는데 이영상 보고 따라하는중입니다 감사합니다 ㅠㅠ 혹시 260이후 닥사하는중인데 챙겨서 하면 좋은거 알려주시면 감사하겠습니다,복귀뉴비라 너무 많은게 바뀌어서 뭐해야될지 모르겠는데 이영상 보고 따라하는중입니다 감사합니다 ㅠㅠ 혹시 260이후 닥사하는중인데 챙겨서 하면 좋은거 알려주시면 감사하겠습니다,"['복귀뉴비', '많', '것', '바뀌', '하', '되', '모르', '영상', '보', '따르', '하', '중', '감사', '이후', '닥', '사', '중', '챙기', '하', '좋', '거', '알리', '감사']",,,,,
Q-b20FJZ0jQ,챌린저스 패스랑 제네시스패스는 메포로는 못사는거죠?,0,2026-06-18 08:59:10+00:00,챌린저스 패스랑 제네시스패스는 메포로는 못사는거죠?,챌린저스 패스랑 제네시스패스는 메포로는 못사는거죠?,"['챌린저스', '패스', '제네시스패스', '메포', '사', '거']",,,,,
Q-b20FJZ0jQ,18:30 교환권 800 40 20개씩 있는데 스토리 스킵순서를 살짝 이상하게 했는데 이게 문제인가요?,0,2026-06-18 08:55:44+00:00,18:30 교환권 800 40 20개씩 있는데 스토리 스킵순서를 살짝 이상하게 했는데 이게 문제인가요?,18 30 교환권 800 40 20개씩 있는데 스토리 스킵순서를 살짝 이상하게 했는데 이게 문제인가요?,"['교환권', '개', '있', '스토리', '스킵', '순서', '이상', '하', '문제']",,,,,
9b-cCrQyKYw,하이퍼 버닝 캐릭 삭제하면 다시 지정못한다는거죠?,0,2026-06-18 08:53:54+00:00,하이퍼 버닝 캐릭 삭제하면 다시 지정못한다는거죠?,하이퍼 버닝 캐릭 삭제하면 다시 지정못한다는거죠?,"['하이퍼', '버닝', '캐릭', '삭제', '지정', '거']",,,,,
Q-b20FJZ0jQ,"챌 1, 2, 3 어디에 만들지 차이를 두자면 경매장 값일까요?? 몰라서 질문..",0,2026-06-18 08:35:23+00:00,"챌 1, 2, 3 어디에 만들지 차이를 두자면 경매장 값일까요?? 몰라서 질문..",챌 1 2 3 어디에 만들지 차이를 두자면 경매장 값일까요?? 몰라서 질문,"['챌', '만들', '차이', '두', '경매장', '값', '모르', '질문']",,,,,
Q-b20FJZ0jQ,아이템 버닝이라는 창이없는데 어떻게 받아요??,0,2026-06-18 08:30:27+00:00,아이템 버닝이라는 창이없는데 어떻게 받아요??,아이템 버닝이라는 창이없는데 어떻게 받아요??,"['아이템', '버닝', '창', '없', '데', '어떻', '받']",,,,,
FMUmSNtWlEU,시작해봤는데 어질어질 하네요 한시간 정도 하고 꺼버렸어요 ㅠㅠ,3,2026-06-18 07:50:40+00:00,시작해봤는데 어질어질 하네요 한시간 정도 하고 꺼버렸어요 ㅠㅠ,시작해봤는데 어질어질 하네요 한시간 정도 하고 꺼버렸어요 ㅠㅠ,"['시작', '시간', '정도', '하', '끄']",,,,,
Q-b20FJZ0jQ,"메이플 다시 시작해보려는데 200렙 짜리 한 8명 정도 있는 오로라에서 계속 할까요, 아니면 스카로 가서 새로 시작하는 게 나을까요. 레벨만 200이고 템은 없어요 ㅜ",0,2026-06-18 07:17:14+00:00,"메이플 다시 시작해보려는데 200렙 짜리 한 8명 정도 있는 오로라에서 계속 할까요, 아니면 스카로 가서 새로 시작하는 게 나을까요. 레벨만 200이고 템은 없어요 ㅜ",메이플 다시 시작해보려는데 200렙 짜리 한 8명 정도 있는 오로라에서 계속 할까요 아니면 스카로 가서 새로 시작하는 게 나을까요 레벨만 200이고 템은 없어요 ㅜ,"['메이플', '시작', '렙', '짜리', '명', '정도', '있', '오로라', '하', '스카', '가', '시작', '것', '낫', '레벨만', '템', '없']",,,,,
9b-cCrQyKYw,이번에는 이터널 플레임 안 주나요?,0,2026-06-18 07:03:53+00:00,이번에는 이터널 플레임 안 주나요?,이번에는 이터널 플레임 안 주나요?,"['이번', '터널', '플레이', '주']",,,,,
Q-b20FJZ0jQ,"vip는 어디서 얻나요...,혹시..?",0,2026-06-18 07:00:22+00:00,"vip는 어디서 얻나요...,혹시..?",vip는 어디서 얻나요 혹시 ?,['얻'],,,,,
Q-b20FJZ0jQ,울티마 스토리 봐야함? 뭔 쌉소린지도 모르겠고 스킵도 없는데,0,2026-06-18 06:50:54+00:00,울티마 스토리 봐야함? 뭔 쌉소린지도 모르겠고 스킵도 없는데,울티마 스토리 봐야함? 뭔 쌉소린지도 모르겠고 스킵도 없는데,"['울티마', '스토리', '보', '쌉', '소리', '모르', '스킵', '없', '데']",,,,,
Q-b20FJZ0jQ,마스코트 이벤트로 주는 영구 펫은 어떻게하면 좋을까요? 전 시즌 챌섭에서 키우던 캐릭터는 아이템 버닝 대비 못해서 템이 다 비워져서 사실상 이번 챌섭캐릭터를 본캐릭으로 키울려고 합니다! 마스코트 펫 받고 기간 다 쓴 다음에 용병으로 주는 펫 쓰는건 어떻게 생각하시나요?,0,2026-06-18 06:12:51+00:00,마스코트 이벤트로 주는 영구 펫은 어떻게하면 좋을까요? 전 시즌 챌섭에서 키우던 캐릭터는 아이템 버닝 대비 못해서 템이 다 비워져서 사실상 이번 챌섭캐릭터를 본캐릭으로 키울려고 합니다! 마스코트 펫 받고 기간 다 쓴 다음에 용병으로 주는 펫 쓰는건 어떻게 생각하시나요?,마스코트 이벤트로 주는 영구 펫은 어떻게하면 좋을까요? 전 시즌 챌섭에서 키우던 캐릭터는 아이템 버닝 대비 못해서 템이 다 비워져서 사실상 이번 챌섭캐릭터를 본캐릭으로 키울려고 합니다 마스코트 펫 받고 기간 다 쓴 다음에 용병으로 주는 펫 쓰는건 어떻게 생각하시나요?,"['마스코트', '이벤트', '주', '영구', '펫', '어떻', '하', '좋', '시즌', '챌섭', '키우', '캐릭터', '아이템', '버닝', '대비', '하', '템', '비우', '사실', '이번', '챌섭캐릭터', '본캐릭', '키우', '하', '마스코트', '펫', '받', '기간', '쓰', '다음', '용병', '주', '펫', '쓰', '거', '어떻', '생각']",,,,,
9b-cCrQyKYw,한자님 제네패스를 예를들어 부캐에게 쓰고 같은월드 본캐 제네패스 플러스 할수잇나요?,0,2026-06-18 06:07:20+00:00,한자님 제네패스를 예를들어 부캐에게 쓰고 같은월드 본캐 제네패스 플러스 할수잇나요?,한자님 제네패스를 예를들어 부캐에게 쓰고 같은월드 본캐 제네패스 플러스 할수잇나요?,"['한자', '제네패스', '예', '들', '부캐', '쓰', '같', '월드', '본캐', '제네패스', '플러스', '하', '수', '잇']",,,,,
9b-cCrQyKYw,"메이플 자체를 처음하는데 신규 유저는 챌섭+하버로 시작 하면 될까요? 아니면 다른 방법을 추천하시나요? 뭔가 많고 복잡해서 바로 시작하기가 어렵네요.
참고로 레테로 시작 할 예정이예요.",1,2026-06-18 06:02:46+00:00,"메이플 자체를 처음하는데 신규 유저는 챌섭+하버로 시작 하면 될까요? 아니면 다른 방법을 추천하시나요? 뭔가 많고 복잡해서 바로 시작하기가 어렵네요.
참고로 레테로 시작 할 예정이예요.",메이플 자체를 처음하는데 신규 유저는 챌섭 하버로 시작 하면 될까요? 아니면 다른 방법을 추천하시나요? 뭔가 많고 복잡해서 바로 시작하기가 어렵네요 참고로 레테로 시작 할 예정이예요,"['메이플', '자체', '처음', '하', '데', '신규', '유저', '챌섭', '하버', '시작', '되', '방법', '추천', '많', '시작', '어렵', '참고', '레테', '시작', '예정']",,,,,
Q-b20FJZ0jQ,16:36,0,2026-06-18 06:01:55+00:00,16:36,16 36,[],,,,,
Q-b20FJZ0jQ,겜이 오래되긴했어 가이드영상봐도 뭔말인지 하나도모르겠네 ㅋㅋ,0,2026-06-18 05:59:16+00:00,겜이 오래되긴했어 가이드영상봐도 뭔말인지 하나도모르겠네 ㅋㅋ,겜이 오래되긴했어 가이드영상봐도 뭔말인지 하나도모르겠네 ㅋㅋ,"['겜', '가이드', '영상', '보', '말', '모르']",,,,,
Q-b20FJZ0jQ,본섭6차전직할떄 심볼880인대 나만그런가?,0,2026-06-18 05:20:14+00:00,본섭6차전직할떄 심볼880인대 나만그런가?,본섭6차전직할떄 심볼880인대 나만그런가?,"['본섭', '차', '전직', '떄', '심볼', '인', '대', '그렇']",,,,,
9b-cCrQyKYw,에픽던전 1단계와 exp 패스 둘 중 뭐가 더 가성비인가요,0,2026-06-18 04:40:56+00:00,에픽던전 1단계와 exp 패스 둘 중 뭐가 더 가성비인가요,에픽던전 1단계와 exp 패스 둘 중 뭐가 더 가성비인가요,"['에픽던전', '단계', '패스', '중', '가성비']",,,,,
Q-b20FJZ0jQ,아케인리버랑 그란디스지역 스토리 스킵 뉴비는 못하고 다 밀어야하는거죠?,0,2026-06-18 04:15:23+00:00,아케인리버랑 그란디스지역 스토리 스킵 뉴비는 못하고 다 밀어야하는거죠?,아케인리버랑 그란디스지역 스토리 스킵 뉴비는 못하고 다 밀어야하는거죠?,"['아케인리버', '그란디스', '지역', '스토리', '스킵', '뉴비', '밀', '거']",,,,,
FMUmSNtWlEU,이벤링은 어떤거 받는게 좋을까요 ?,1,2026-06-18 04:13:07+00:00,이벤링은 어떤거 받는게 좋을까요 ?,이벤링은 어떤거 받는게 좋을까요 ?,"['이벤', '링', '거', '받', '것', '좋']",,,,,
FMUmSNtWlEU,메이플은 이제 기본가이드가 아닌 하버끝난 이후부터 가이드가 필요함,5,2026-06-18 04:10:52+00:00,메이플은 이제 기본가이드가 아닌 하버끝난 이후부터 가이드가 필요함,메이플은 이제 기본가이드가 아닌 하버끝난 이후부터 가이드가 필요함,"['메이플', '기본', '가이드', '하버', '끝나', '이후', '가이드', '필요']",,,,,
FMUmSNtWlEU,"아니 근데 하버 오랜만에 할려했더니만 왜 메소가 통합임? 본캐 주캐가 같더라
당황했다",1,2026-06-18 04:08:16+00:00,"아니 근데 하버 오랜만에 할려했더니만 왜 메소가 통합임? 본캐 주캐가 같더라
당황했다",아니 근데 하버 오랜만에 할려했더니만 왜 메소가 통합임? 본캐 주캐가 같더라 당황했다,"['하버', '오랜만', '하', '메소', '통합', '캐', '주캐', '같', '당황']",,,,,
Q-b20FJZ0jQ,뉴비입니다 챌린저스서버에서 육성하고 나중에 본섭으로 캐릭터 가지고 오는건가요…?,0,2026-06-18 03:29:04+00:00,뉴비입니다 챌린저스서버에서 육성하고 나중에 본섭으로 캐릭터 가지고 오는건가요…?,뉴비입니다 챌린저스서버에서 육성하고 나중에 본섭으로 캐릭터 가지고 오는건가요 ?,"['뉴비', '챌린저스서버', '육성', '나중', '본섭', '캐릭터', '가지', '오', '거']",,,,,
Q-b20FJZ0jQ,에오스 핼로오스는 왜 저렇게 한거지,0,2026-06-18 03:27:08+00:00,에오스 핼로오스는 왜 저렇게 한거지,에오스 핼로오스는 왜 저렇게 한거지,"['에오스', '핼로오스', '저렇', '하', '거']",,,,,
Q-b20FJZ0jQ,오우 진짜 쉽게 설명하셨당,0,2026-06-18 03:19:55+00:00,오우 진짜 쉽게 설명하셨당,오우 진짜 쉽게 설명하셨당,"['쉽', '설명']",,,,,
FMUmSNtWlEU,잠시만 제가 몰라서 그러는건데 스토리 캐릭터 하나는 직접 길뚫해야하지 않나요? 바꼈나?,5,2026-06-18 02:48:09+00:00,잠시만 제가 몰라서 그러는건데 스토리 캐릭터 하나는 직접 길뚫해야하지 않나요? 바꼈나?,잠시만 제가 몰라서 그러는건데 스토리 캐릭터 하나는 직접 길뚫해야하지 않나요? 바꼈나?,"['모르', '그러', '거', '스토리', '캐릭터', '길', '뚫', '하', '바끼']",,,,,
FMUmSNtWlEU,금붕어마냥 챌린저스 시즌 까먹거나 주의할점이 꼭 먼가 추가대서 잼이님 유튜부 보러오묜 딱입니다~,1,2026-06-18 02:26:55+00:00,금붕어마냥 챌린저스 시즌 까먹거나 주의할점이 꼭 먼가 추가대서 잼이님 유튜부 보러오묜 딱입니다~,금붕어마냥 챌린저스 시즌 까먹거나 주의할점이 꼭 먼가 추가대서 잼이님 유튜부 보러오묜 딱입니다,"['금붕어', '챌린저스', '시즌', '까먹', '주의', '점', '추가', '대', '잼이님', '유튜부', '보러오묜']",,,,,
9b-cCrQyKYw,"삭제하고 다시 된다구요??
그럼 레페 하버맥 지정해서 260찍고 전용보상 받고 삭제 후 원래 생각하던 직업 다시 가능한거죠?",0,2026-06-18 02:25:57+00:00,"삭제하고 다시 된다구요??
그럼 레페 하버맥 지정해서 260찍고 전용보상 받고 삭제 후 원래 생각하던 직업 다시 가능한거죠?",삭제하고 다시 된다구요?? 그럼 레페 하버맥 지정해서 260찍고 전용보상 받고 삭제 후 원래 생각하던 직업 다시 가능한거죠?,"['삭제', '되', '레페', '하버맥', '지정', '찍', '전용', '보상', '받', '삭제', '후', '생각', '직업', '가능', '거']",,,,,
Q-b20FJZ0jQ,"답글 달아주실진 모르겠지만 궁금한게 있어서 여쭤봅니다.
비약 20개를 챌섭에 받고 20캐릭 육성을 한 후 본섭으로 20캐릭+하버,테러버닝 다 이전이 가능한건가요??
서버이전에 캐릭터 수 제한이 없는건지 몰라서 여쭤봅니다.",0,2026-06-18 02:23:04+00:00,"답글 달아주실진 모르겠지만 궁금한게 있어서 여쭤봅니다.
비약 20개를 챌섭에 받고 20캐릭 육성을 한 후 본섭으로 20캐릭+하버,테러버닝 다 이전이 가능한건가요??
서버이전에 캐릭터 수 제한이 없는건지 몰라서 여쭤봅니다.",답글 달아주실진 모르겠지만 궁금한게 있어서 여쭤봅니다 비약 20개를 챌섭에 받고 20캐릭 육성을 한 후 본섭으로 20캐릭 하버 테러버닝 다 이전이 가능한건가요?? 서버이전에 캐릭터 수 제한이 없는건지 몰라서 여쭤봅니다,"['답', '글', '달', '모르', '것', '있', '여쭈', '비', '개', '챌섭', '받', '캐릭', '육성', '하', '후', '본섭', '캐릭', '하버', '테러버닝', '이전', '가능', '거', '서버', '이전', '캐릭터', '수', '제한', '없', '거', '모르', '여쭈']",,,,,
Q-b20FJZ0jQ,"예전에 진힐라까지 잡아봤는데
기본패스 사고 유니온 0부터 새로 할만 한가요??",0,2026-06-18 02:22:14+00:00,"예전에 진힐라까지 잡아봤는데
기본패스 사고 유니온 0부터 새로 할만 한가요??",예전에 진힐라까지 잡아봤는데 기본패스 사고 유니온 0부터 새로 할만 한가요??,"['예전', '진힐라', '잡', '기본', '패스', '사', '유니온', '하', '만', '하']",,,,,
Q-b20FJZ0jQ,최고에요 항상 메린이 기준 상세 설명 너무 좋아요,1,2026-06-18 02:14:36+00:00,최고에요 항상 메린이 기준 상세 설명 너무 좋아요,최고에요 항상 메린이 기준 상세 설명 너무 좋아요,"['최고', '메린', '기준', '설명', '좋']",,,,,
Q-b20FJZ0jQ,우왕..... 난 정말 노가다로 느리게 업하고 있엇구나 ㄷㄷㄷㄷ,0,2026-06-18 02:01:00+00:00,우왕..... 난 정말 노가다로 느리게 업하고 있엇구나 ㄷㄷㄷㄷ,우왕 난 정말 노가다로 느리게 업하고 있엇구나 ㄷㄷ,"['우왕', '노가다', '느리', '업']",,,,,
9b-cCrQyKYw,"한자님 이번에 영구제 자석펫 챌섭에서 사용할 수 있나요?
만약 사용하게 되면 월드리프할때 영구제 자석펫이 본섭에 같이 이동이 되나요?",0,2026-06-18 01:54:39+00:00,"한자님 이번에 영구제 자석펫 챌섭에서 사용할 수 있나요?
만약 사용하게 되면 월드리프할때 영구제 자석펫이 본섭에 같이 이동이 되나요?",한자님 이번에 영구제 자석펫 챌섭에서 사용할 수 있나요? 만약 사용하게 되면 월드리프할때 영구제 자석펫이 본섭에 같이 이동이 되나요?,"['한자', '이번', '영구', '자석', '펫', '챌섭', '사용', '수', '있', '만약', '사용', '되', '월드리프', '하', '때', '영구', '자석', '펫', '본섭', '이동', '되']",,,,,
FMUmSNtWlEU,신캐 나올때마다 하는 유저인데요 굳이 챌섭에서 안 하고 본섭에서만 해도 상관 없죠?,1,2026-06-18 01:44:40+00:00,신캐 나올때마다 하는 유저인데요 굳이 챌섭에서 안 하고 본섭에서만 해도 상관 없죠?,신캐 나올때마다 하는 유저인데요 굳이 챌섭에서 안 하고 본섭에서만 해도 상관 없죠?,"['캐', '나오', '때', '하', '유저', '챌섭', '하', '본섭', '하', '상관', '없']",,,,,
Q-b20FJZ0jQ,"(21:30)스토리 위주로 플레이 했었고
이미 봤어도 또 다시 볼만큼 스토리에
진심인 전 메이플 유저인데요, 지금은
최대한 이벤트를 빠르게 참여하시고
나중에 여유가 될 때 새로운 캐릭으로
천천히 여유있게 보는 것을 추천해요.
그리고 유튜브에 메이플을 좋아하고
아끼는 유저분들이 잘 만든 요약 영상
있으니 나는 내가 직접 플레이하면서
보는걸 굳이 원치 않는다 하면 그런
방법도 추천드립니다~아마 여기 채널
맑음님도 따로 만들어 두었을거에요~

재생목록에 있네요~그것도 파트별로
깔끔하게 정리도 정말 잘 해놓으셨네요~😉
이러니 메이플 정보는 맑음님이 최고죠~👍

이 정도라면 메이플에서 채용해도
충분히 괜찮지 않을까 싶은데~ㅋㅋ",0,2026-06-18 01:40:08+00:00,"(21:30)스토리 위주로 플레이 했었고
이미 봤어도 또 다시 볼만큼 스토리에
진심인 전 메이플 유저인데요, 지금은
최대한 이벤트를 빠르게 참여하시고
나중에 여유가 될 때 새로운 캐릭으로
천천히 여유있게 보는 것을 추천해요.
그리고 유튜브에 메이플을 좋아하고
아끼는 유저분들이 잘 만든 요약 영상
있으니 나는 내가 직접 플레이하면서
보는걸 굳이 원치 않는다 하면 그런
방법도 추천드립니다~아마 여기 채널
맑음님도 따로 만들어 두었을거에요~

재생목록에 있네요~그것도 파트별로
깔끔하게 정리도 정말 잘 해놓으셨네요~😉
이러니 메이플 정보는 맑음님이 최고죠~👍

이 정도라면 메이플에서 채용해도
충분히 괜찮지 않을까 싶은데~ㅋㅋ",21 30 스토리 위주로 플레이 했었고 이미 봤어도 또 다시 볼만큼 스토리에 진심인 전 메이플 유저인데요 지금은 최대한 이벤트를 빠르게 참여하시고 나중에 여유가 될 때 새로운 캐릭으로 천천히 여유있게 보는 것을 추천해요 그리고 유튜브에 메이플을 좋아하고 아끼는 유저분들이 잘 만든 요약 영상 있으니 나는 내가 직접 플레이하면서 보는걸 굳이 원치 않는다 하면 그런 방법도 추천드립니다 아마 여기 채널 맑음님도 따로 만들어 두었을거에요 재생목록에 있네요 그것도 파트별로 깔끔하게 정리도 정말 잘 해놓으셨네요 이러니 메이플 정보는 맑음님이 최고죠 이 정도라면 메이플에서 채용해도 충분히 괜찮지 않을까 싶은데 ㅋㅋ,"['스토리', '위주', '플레이', '보', '보', '만큼', '스토리', '진심', '메이플', '유저', '지금', '최대한', '이벤트', '빠르', '참여', '나중', '여유', '되', '때', '새롭', '캐릭', '여유', '있', '보', '것', '추천', '유튜브', '메이플', '좋아하', '아끼', '유저', '분', '만들', '요약', '영상', '있', '플레이', '보', '거', '원', '하', '방법', '추천', '드리', '채널', '맑음', '만들', '거', '재생', '목록', '있', '파트', '정리', '하', '이러', '메이플', '정보', '맑음', '최고', '정도', '메이플', '채용', '괜찮']",,,,,
spAIOQ2nBZs,레테가 렌만큼 추천되지는 않네요... 조작감 이런거 신경 안써서 그냥 쉽고 센 신캐로 가려했는데 고민이 많아지네,0,2026-06-18 01:31:22+00:00,레테가 렌만큼 추천되지는 않네요... 조작감 이런거 신경 안써서 그냥 쉽고 센 신캐로 가려했는데 고민이 많아지네,레테가 렌만큼 추천되지는 않네요 조작감 이런거 신경 안써서 그냥 쉽고 센 신캐로 가려했는데 고민이 많아지네,"['레테', '렌', '추천', '조작', '거', '신경', '쓰', '쉽', '세', '신캐', '가', '고민', '많']",,,,,
9b-cCrQyKYw,"챌섭 안하고 본섭에 그냥 레테 키워도 이런 보상들주나요? 
또한 챌섭에서 레테 키우는게좋나요? 아님 그냥 본섭에 키워도 되나요?",0,2026-06-18 01:21:36+00:00,"챌섭 안하고 본섭에 그냥 레테 키워도 이런 보상들주나요? 
또한 챌섭에서 레테 키우는게좋나요? 아님 그냥 본섭에 키워도 되나요?",챌섭 안하고 본섭에 그냥 레테 키워도 이런 보상들주나요? 또한 챌섭에서 레테 키우는게좋나요? 아님 그냥 본섭에 키워도 되나요?,"['챌섭', '하', '본섭', '레테', '키우', '보상', '주', '챌섭', '레테', '키우', '것', '좋', '본섭', '키우', '되']",,,,,
9b-cCrQyKYw,레테전용보상은 치장이나 의자 뭐 그런거밖에 없는거죠??,0,2026-06-18 01:21:12+00:00,레테전용보상은 치장이나 의자 뭐 그런거밖에 없는거죠??,레테전용보상은 치장이나 의자 뭐 그런거밖에 없는거죠??,"['레테', '전용', '보상', '치장', '의자', '거', '없', '거']",,,,,
9b-cCrQyKYw,개같이 연장점검..,2,2026-06-18 01:15:15+00:00,개같이 연장점검..,개같이 연장점검,"['개', '연장', '점검']",,,,,
Q-b20FJZ0jQ,"(12:40)이 부분에서 팁을 하나
드리면 5차스킬을 사용하면 좀
빨리 잡을 수 있습니다. 본인의
스킬이 공격위주 스킬이다, 그럼
무조건 저 퀘스트가 나왔을때는
5차스킬 사용해서 잡으시는게
보다 더 빠르고 편할겁니다~😁
어차피 쿨타임(스킬 재사용시간)
은 대부분 3분이고 2분인 경우도
제법 많이 있어서 쾌스트 끝내기
전에는 다시 사용 가능할겁니다!
그럼, 다들 항상 즐메하세요~😉",1,2026-06-18 01:13:42+00:00,"(12:40)이 부분에서 팁을 하나
드리면 5차스킬을 사용하면 좀
빨리 잡을 수 있습니다. 본인의
스킬이 공격위주 스킬이다, 그럼
무조건 저 퀘스트가 나왔을때는
5차스킬 사용해서 잡으시는게
보다 더 빠르고 편할겁니다~😁
어차피 쿨타임(스킬 재사용시간)
은 대부분 3분이고 2분인 경우도
제법 많이 있어서 쾌스트 끝내기
전에는 다시 사용 가능할겁니다!
그럼, 다들 항상 즐메하세요~😉",12 40 이 부분에서 팁을 하나 드리면 5차스킬을 사용하면 좀 빨리 잡을 수 있습니다 본인의 스킬이 공격위주 스킬이다 그럼 무조건 저 퀘스트가 나왔을때는 5차스킬 사용해서 잡으시는게 보다 더 빠르고 편할겁니다 어차피 쿨타임 스킬 재사용시간 은 대부분 3분이고 2분인 경우도 제법 많이 있어서 쾌스트 끝내기 전에는 다시 사용 가능할겁니다 그럼 다들 항상 즐메하세요,"['부분', '팁', '드리', '차', '스킬', '사용', '잡', '수', '있', '본인', '스킬', '공격', '위주', '스킬', '퀘스트', '나오', '때', '차', '스킬', '사용', '잡', '것', '빠르', '편하', '거', '쿨', '타임', '스킬', '사용', '시간', '대부분', '분', '분', '경우', '있', '쾌스트', '끝내', '전', '사용', '가능', '거', '즐', '메']",,,,,
9b-cCrQyKYw,어짜피 260까지는 추가경험치 5000%지않나요? 사냥용 코어부터 올리고 260까지 찍으면 하이퍼버닝 보상에서 주는 경코잼으로 그때부터 쓸심 찍는거는 어떤가요?,1,2026-06-18 01:06:06+00:00,어짜피 260까지는 추가경험치 5000%지않나요? 사냥용 코어부터 올리고 260까지 찍으면 하이퍼버닝 보상에서 주는 경코잼으로 그때부터 쓸심 찍는거는 어떤가요?,어짜피 260까지는 추가경험치 500 지않나요? 사냥용 코어부터 올리고 260까지 찍으면 하이퍼버닝 보상에서 주는 경코잼으로 그때부터 쓸심 찍는거는 어떤가요?,"['추가', '경험', '사냥', '코어', '올리', '찍', '하이퍼버닝', '보상', '주', '경코잼', '때', '쓰', '심', '찍', '거', '어떻']",,,,,
9b-cCrQyKYw,점검 10시에 끝난다고 여테 기다렸는데 1시간30분 연장....,2,2026-06-18 01:04:17+00:00,점검 10시에 끝난다고 여테 기다렸는데 1시간30분 연장....,점검 10시에 끝난다고 여테 기다렸는데 1시간30분 연장,"['점검', '시', '끝나', '여', '테', '기다리', '시간', '분', '연장']",,,,,
9b-cCrQyKYw,아 빨리 문열어!!!!!!!!,2,2026-06-18 01:01:52+00:00,아 빨리 문열어!!!!!!!!,아 빨리 문열어,"['문', '열']",,,,,
Jg9xSIh9-ls,진투복은 사야할까요?? 효율이 어떻게 될까요??,0,2026-06-18 00:58:47+00:00,진투복은 사야할까요?? 효율이 어떻게 될까요??,진투복은 사야할까요?? 효율이 어떻게 될까요??,"['진투복', '사', '효율', '어떻', '되']",,,,,
9b-cCrQyKYw,항상 좋은영상 감사합니다😊,2,2026-06-18 00:57:41+00:00,항상 좋은영상 감사합니다😊,항상 좋은영상 감사합니다,"['좋', '영상', '감사']",,,,,
9b-cCrQyKYw,오우 바로 요번에도 ㅋㅋ 깐부길드로 저번처럼 보돌 캐릭 만들려고요 에반 본캐인데 에반또 1캐릭만들어서 해방패스를 !!,2,2026-06-18 00:51:51+00:00,오우 바로 요번에도 ㅋㅋ 깐부길드로 저번처럼 보돌 캐릭 만들려고요 에반 본캐인데 에반또 1캐릭만들어서 해방패스를 !!,오우 바로 요번에도 ㅋㅋ 깐부길드로 저번처럼 보돌 캐릭 만들려고요 에반 본캐인데 에반또 1캐릭만들어서 해방패스를,"['요번', '깐부길드로', '저번', '보돌', '캐릭', '만들', '반', '본캐', '반', '1캐릭', '만들', '해방', '패스']",,,,,
9b-cCrQyKYw,5차전직 하고  모든스킬 1찍은다음 쓸홀심 에 몰빵해도 될까요? 아니면 첨부터 쓸홀심에 몰빵해야되나요?,1,2026-06-18 00:43:52+00:00,5차전직 하고  모든스킬 1찍은다음 쓸홀심 에 몰빵해도 될까요? 아니면 첨부터 쓸홀심에 몰빵해야되나요?,5차전직 하고 모든스킬 1찍은다음 쓸홀심 에 몰빵해도 될까요? 아니면 첨부터 쓸홀심에 몰빵해야되나요?,"['차', '전직', '하', '스킬', '찍', '다음', '쓸홀심', '몰', '빵', '하', '되', '첨', '쓰', '홀', '심', '몰', '빵', '하', '되']",,,,,
FMUmSNtWlEU,"공략은 역시 대 잼 이
언제 구독자 8만찍었누",2,2026-06-18 00:42:45+00:00,"공략은 역시 대 잼 이
언제 구독자 8만찍었누",공략은 역시 대 잼 이 언제 구독자 8만찍었누,"['공략', '대', '잼', '구독자', '찍']",,,,,
Q-b20FJZ0jQ,5년만에 메이플 다시 해보려고 왔는데 한결같은 인트로와 편집 뭔가 반갑다,6,2026-06-18 00:32:27+00:00,5년만에 메이플 다시 해보려고 왔는데 한결같은 인트로와 편집 뭔가 반갑다,5년만에 메이플 다시 해보려고 왔는데 한결같은 인트로와 편집 뭔가 반갑다,"['년', '만', '메이플', '하', '오', '같', '인트로', '편집', '반갑']",,,,,
9b-cCrQyKYw,"저는 이번에도 챌섭 2에서 시작합니다!
[깐부] 길드도 운영할 것인데 제가 오늘 바로 시작을 못 해서
지난 시즌 길마였던 [새우]님이 길드를 만들어 주실 것입니다!
------------------------
사냥터는 계산기 이용해서 자기 직업에 맞는 곳에서 사냥하세요!
https://maple.ai.kr/guide/hunting-field-calculator",9,2026-06-18 00:30:55+00:00,"저는 이번에도 챌섭 2에서 시작합니다!
[깐부] 길드도 운영할 것인데 제가 오늘 바로 시작을 못 해서
지난 시즌 길마였던 [새우]님이 길드를 만들어 주실 것입니다!
------------------------
사냥터는 계산기 이용해서 자기 직업에 맞는 곳에서 사냥하세요!
https://maple.ai.kr/guide/hunting-field-calculator",저는 이번에도 챌섭 2에서 시작합니다 깐부 길드도 운영할 것인데 제가 오늘 바로 시작을 못 해서 지난 시즌 길마였던 새우 님이 길드를 만들어 주실 것입니다 사냥터는 계산기 이용해서 자기 직업에 맞는 곳에서 사냥하세요,"['이번', '챌섭', '시작', '깔', '부', '길드', '운영', '것', '시작', '하', '지나', '시즌', '길마', '새우', '님', '길드', '만들', '것', '사냥터', '계산기', '이용', '직업', '맞', '곳', '사냥']",,,,,
9b-cCrQyKYw,사밑한 화이팅!!,1,2026-06-18 00:30:43+00:00,사밑한 화이팅!!,사밑한 화이팅,['밑'],,,,,
9b-cCrQyKYw,사밑한 파이팅!!! 혹시 한자님 이번에도 깐부 길드 만들 예정이신가요...?,1,2026-06-18 00:29:48+00:00,사밑한 파이팅!!! 혹시 한자님 이번에도 깐부 길드 만들 예정이신가요...?,사밑한 파이팅 혹시 한자님 이번에도 깐부 길드 만들 예정이신가요 ?,"['밑', '한자', '이번', '까', '부', '길드', '만들', '예정']",,,,,
9b-cCrQyKYw,와,1,2026-06-18 00:29:24+00:00,와,와,[],,,,,
9b-cCrQyKYw,1등,1,2026-06-18 00:29:14+00:00,1등,1등,['등'],,,,,
