url,category,title,author,created_at,views,likes,content
https://www.inven.co.kr/board/maple/2304/48082,실험,뉴비에서 메잘알까지 1편 - 쿨타임 시스템,,2026-08-03 12:43,12988,18,"메이플의 수많은 시스템들 중 뉴비가 접하기 쉽지 않거나 정보가 파편화 되어있어 알기 힘든 것들을 모아서 한번에 볼 수 있게 작성 해보려고 합니다.
시간이 나면 1편인 쿨타임 시스템에 이어 데미지 계산식, 보스 행동 원리, 스킬 딜레이 시스템 등 다양하게 써볼 예정입니다.
틀린 부분이 있다면 지적 부탁드립니다.
제목 : 쿨타임 시스템
부제 : 쿨뚝과 11.5극딜
1. 쿨타임을 정확하게 이해해야 하는 이유
쿨타임과 딜량(≒ DPM, 체급)은 매우 밀접한 관계를 가지고 있으며, 이는 곧 보스 클리어 타임에 직접적인 영향을 주게 됩니다.
스킬의 쿨타임이 줄어들면 그만큼 자주 사용할 수 있게 된다는 뜻이구요,
좁게 보면 단순히 스킬 사용 횟수 증가에 따른 딜량 상승의 의미를,
넓게 보면 스킬 운용 / 극딜 사용 / 빌드 채용의 선택폭 증가 등의 의미를 가지게 됩니다.
2. 메르세데스의 유니온 효과
메르세데스의 유니온 효과에는 스킬 재사용 대기시간 6%감소라는 능력이 있습니다.
메르세데스 200레벨 기준 5%가 감소하며, 250레벨을 달성해야 6%가 감소합니다.
(특수코어, 무적 기능이 달린 하이퍼 스킬, 게일과 코코볼을 제외한 스택형 스킬 등 일부 스킬들의 쿨타임은 감소하지 않습니다.)
유니온 시스템을 이용할 수 없는 챌린저스 월드에서는 전용 버프를 통해 상시 5%만큼 쿨타임이 감소합니다.
> 쿨타임 5% 감소가 큰가요? 별로 안커보이는데
> 5%는 1200초(20분) 기준 무려 60초에 해당합니다.
120초(1극딜) 기준으로 봐도 무려 6초나 감소시켜주며, 360초(1오리진 사이클) 기준 무려 18초나 감소시켜줍니다.
또한 설명에 나와있듯이 잠재능력보다 우선으로 적용되기 때문에 쿨타임이 서로 다른 스킬들에도 모두 똑같은 효율을 가집니다.
스킬의 쿨타임이 감소했을 때 얻는 이점은 아래에서 따로 설명하겠습니다.
3. 쿨뚝? 2초뚝? 5초뚝? 이게 뭘까
메이플에는 스킬의 쿨타임을 감소시킬 수 있는 방법이 총 2가지가 있는데, 하나는 방금 말씀드렸던 메르세데스의 유니온(챌린저스 버프)이며, 나머지 하나는 모자에 붙는 레전드리 잠재능력을 이용하는 것입니다.
이 쿨타임 감소 잠재능력이 부여된 모자를 통틀어서 '쿨뚝' 이라고 부르며,
이 단어 앞에 붙은 숫자는 해당 장비의 잠재능력에 부여된 모든 쿨타임 감소 수치를 합한 값입니다.
2초뚝이라고 하면 쿨타임 감소 옵션이 1초x2줄 or 2초x1줄 붙어있는 모자라는 뜻입니다.
(+ '2초뚝', '2초쿨뚝', '2초' 모두 같은 의미입니다.)
또한 쿨타임 감소 이외에 일반적인 스탯이 붙을 수 있겠죠? 이런 경우 다음과 같이 줄여 부릅니다.
주스탯% = 주
올스탯% = 올
쓸모 없는 옵션 = 잡
예를 들어 이 모자의 경우 '2초올', '2초올스탯', '2초올7' 이런식으로 부릅니다.
+ 부르는 방법이 많은데 의미만 통하면 됐습니다.
+ 주스탯이나 올스탯 등 쿨타임을 제외한 유효한 옵션이 하나라도 붙어있으면 '잡'을 붙이지 않습니다. (이 모자는 2초올잡으로 부르지 않고 그냥 2초올이라고 부름)
이런 경우는 '1초주주'가 되겠죠?
또한 이런식으로 쿨타임 없이 스탯만 붙은 뚝배기는 '스탯뚝'이라고 표현합니다.
쿨타임 감소 잠재능력은 윗잠재 기준 1줄에 1초 or 2초가 붙으며, 에디셔널은 1초까지 붙습니다.
즉, 이론상 2/2/2 + 1/1/1으로 6줄을 띄우게 되면 9초뚝이 완성됩니다.
쿨타임 감소 잠재능력은 등장 확률이 매우 낮기 때문에 평균적인 가격대가 스탯% 잠재보다 높게 형성된 편이며, 때문에 직업 선택에 있어서 고려해야 할 요소로도 작용합니다.
+ 각 직업별로 최적화된 쿨뚝 수치에 따라 스탯뚝 직업, 2초뚝 직업, 5초뚝 직업, 다다익쿨 직업 등 다양하게 표현합니다.
4. 쿨타임 계산 방법
쿨타임을 어떻게 줄이는지 알았으니 이제 실제 인게임에서 적용될 쿨타임을 계산해봅시다.
사실 쿨타임 계산의 경우 환산 주스탯의 보스 배율표 좌측에 계산기가 비치되어 있습니다.
이런식으로 본인 내실과 뚝배기 상황이 자동으로 반영된 계산기가 있으니 여기서 쉽게 계산하실 수 있습니다.
계산기가 있긴 하지만 그래도 공식을 알아두면 좋겠죠?
(스킬 쿨타임) x (1 -
메르 쿨감 /
100) - 모자 쿨감 = 최종 쿨타임
위의 사진의 경우로 검증을 해봅시다.
(15) x (1 -
5 /
100) - 2 =
(15) x (0.95
) - 2 = 14.25 - 2 = 12.25
맞네요.
> 와 그럼 6초 스킬에 5초뚝 끼면 쿨타임 1초임????????? ㄷㄷㄷ 다뒤졋다 ㅋㅋ
> 아쉽게도 쿨감 잠재능력에는 숨겨진 비밀이 2가지 있어요.
툴팁을 잘 보시면
1. 5초 미만으로는 감소 불가능.
2. 10초 이하로 감소시킬 경우 1초당 5%씩 감소.
우선 쿨뚝으로는 무슨 짓을 해도 5초 미만으로 감소시킬 수 없어요.
메르 유니온 또한 잠재능력보다 우선으로 적용되기 때문에 6초 스킬에 메르250+ 5초뚝을 껴봤자 최종 쿨타임은 5초입니다. (대신 5초 스킬의 경우 메르 유니온이 먼저 적용되어 메르 250 기준 최종 쿨타임이 4.7초가 됩니다.)
또한 '
10초 이하로 감소시킬 경우 1초당 5%씩 감소.' 이 부분도 상당히 중요한데, 낮은 스킬의 쿨뚝 효율이 급격하게 증가하는 것을 방지하고자 10초 이하의 스킬은 1초당 5%라는 수치로 감소해요.
10초 쿨타임 + 메르 200 + 쿨뚝 3초 라는 조건으로 예시를 들어볼게요.
아까랑은 살짝 달라진 아래의 식으로 볼게요
(스킬 쿨타임) x (1 -
메르 쿨감 /
100) - (1 - 모자 쿨감 x 0.05) = 최종 쿨타임
이 식에 대입해보면
(10) x (1 -
5 /
100) x (1 - 3 x 0.05) =
(10) x (0.95
) x (0.85) = 9.5 x 0.85 =
8.075
제가 문과긴 한데 암튼 이게 맞다고 치고 넘어갈게요.
+ 그럼 이번에는
12초 쿨타임 + 메르 250 + 쿨뚝 5초라는 조건으로 예시를 들어볼게요.
우선 12초에 메르를 적용시키면 11.28초가 되는데요, 이 다음이 문제네요.
11.28초에 5초뚝 적용을 어떻게 시킬까요? 쿨뚝으로 1초씩 깎이다가 10초 구간이 애매하게 걸치네요.
이런 경우는 쿨타임이 10초까진 1초씩 깎이다가 10초 아래로는 5%씩 깎여요.
일단 11.28초에서 10초가 될 때까지 깎고, 남은 쿨감을 1초 : 5% 비율로 계산해서 나머지 쿨감을 적용시켜요.
5초에서 1.28초 사용했으니 남은건 3.72초의 쿨감이죠? 그럼 3.72 * 5, 즉 18.6%의 쿨타임을 감소시킬 수 있다는 뜻입니다.
(10) x (1 - 3.72 x 0.05) = 10 x 0.814 = 8.14
계산기도 맞다고 하네요.
++ 또한 모자 잠재능력의 쿨타임 감소는 모두 합적용으로 적용되기 때문에, 1초 2줄과 2초 1줄은 똑같은 성능을 가져요.
2초 1줄이 더 좋다는 찌라시가 한번 돌았던 적이 있었는데, 합적용이라 성능에는 차이가 없답니다.
10 x 0.95 x 0.95 = 9.025가 아니고, 10 x 0.9 = 0.9라는 뜻이에요.
+++ 하이퍼 스킬 등의 효과로 쿨타임이 감소하는 효과들은 메르세데스의 %쿨감과 합적용으로 적용됩니다.
나이트워커의 다크니스 오멘 스킬의 경우 원본 쿨타임이 60초로, 해당 하이퍼스킬 채용 시 쿨타임이 30초로 감소합니다.
하지만 메르세데스의 %감소 효과는 원본 쿨타임에 해당 효과와 함께 적용되어
60 x (1 - 0.5 - 0.06) = 60 x 0.44 = 26.4
쿨뚝 없이도 26.4초라는 재사용 대기시간을 가지게 됩니다.
아델의 다이크같은 경우 키다운 종료 효과로 인한 쿨타임 감소가 적용되기 이전 메르 %쿨감이 먼저 적용되기 때문에 기본 쿨타임이 56.4초로 시작하게 됩니다. (메르250기준)
5. 쿨타임이 줄어들었을 때의 장점
스킬의 쿨타임이 줄어들면 다양한 장점이 있습니다.
case A. 단순 사용 횟수 증가
메르 없이 단순하게 15초의 쿨타임을 가진 스킬이 있다고 봅시다. 이 스킬은 1극딜 사이클인 120초 기준 총 8회 사용할 수 있습니다.
이 스킬은 2초뚝이 적용되면 13초의 쿨타임, 5초뚝이 적용되면 10초의 쿨타임을 가지게 되어
120초 기준 각 9회 / 12회 사용할 수 있게 됩니다.
스킬의 쿨타임이 줄어들면 극딜 버프(ex : 리레)안에 특정 스킬들을 더 넣을 수 있게 되는데, 이런 경우 추가적인 딜 상승도 기대해 볼 수 있습니다.
(ex : 와헌 1리레 3커맨드, 아델 1리레 2게블, 윈브 1크리인 2볼텍스 등등)
case B. 쿨타임 밀림 방지, 쿨타임 관리의 난이도 감소
30초짜리 스킬의 경우 2분에 4번, 1분에 2번 사용하는 것이 일반적입니다.
쿨뚝 효과를 받아봤자 사용 횟수가 거의 늘어나지 않아
극딜/준극딜 버프에 맞춰서 사용하는게 제일 강력하기 때문이죠.
> 그럼 30초, 1분, 2분처럼 쿨타임 긴 스킬에는 쿨뚝이 구리겠네요?
> 마냥 그렇지는 않습니다. 바로 '쿨타임 관리'라는 개념 때문인데요,
쿨타임 30초짜리 스킬이 있다 칩시다, 극딜 쿨타임은 120초기 때문에 1극딜에 총 4번 사용할 수 있겠죠?
이론상으론 이렇지만 실전으로 가보면 쿨타임 달린 스킬을 제때제때 누르기 힘들어요. 그러다 보면 30초 스킬의 사용 시점이 조금 밀리게 돼요.
30초 스킬 사용 1회당 1초씩 밀린다고 가정해볼게요. (스킬 사용 딜레이에 따른 쿨밀림은 따로 계산하지 않을게요)
0초 : 극딜 및 30초짜리 스킬 사용
31초 : 30초짜리 스킬 2번째 사용
60초 : 준극딜 사용
62초 : 30초짜리 스킬 3번째 사용
93초 : 30초짜리 스킬 4번째 사용
120초 : 2번째 극딜 사용
124초 : 30초짜리 스킬 사용
(대충 예시 든거니까 대충 넘어가주세요)
이런식으로 쿨타임 달린 스킬의 사용 시점이 점점점 밀리게 되면서 오히려 극딜 쿨타임을 제대로 소화하지 못하는 상황이 나와버려요
이럴 때 2초 쿨감뚝이 있다고 생각해봅시다.
0초 : 극딜 및 30초짜리 스킬 사용
29초 : 30초짜리 스킬 2번째 사용
59초 : 준극딜 및 쿨타임이 미리 돌아있는 30초짜리 스킬 사용
89초 : 30초짜리 스킬 4번째 사용
119초 : 2번째 극딜 및 쿨타임이 미리 돌아있는 30초짜리 스킬 사용
30초짜리 스킬을 1초씩 늦게 눌러도 쿨타임이 밀리지 않죠?
쿨뚝의 경우 조금 늦게 눌러도 밀리지 않거나 현상유지인 반면, 스탯뚝은 쿨 밀리는 순간 그대로 스킬 사용 시점이 밀리게 돼요.
스탯뚝이 가끔 -(마이너스)뚝배기라고도 불리는 이유가 여기에 있어요.
case C. 11극딜 / 11.5극딜의 존재
메이플스토리의 보스 핵심 중 하나는 '극딜 및 준극딜 횟수'에 있어요.
평딜 수십초 때리는 것 보다 극딜/준극딜 잠깐 때리는 것이 비슷하거나 더 강하기 때문이에요.
그럼 보스전을 할 때 쿨타임이 밀리지 않으면서 최대한 많은 극딜/준극딜을 넣는게 좋겠죠?
메이플스토리 보스는 시간이 1200초(20분)으로, 어떠한 쿨타임 감소도 적용되지 않았을 때의 이론상 극딜 횟수는 10회입니다.
10번 다 넣고 극딜 쿨이 돌면서 타임아웃이 되겠죠?
그러나 저희에게는 메르세데스 쿨감이 있어요. 6%감소 기준 72초의 여유 시간이 생겨서, 11번째 극딜을 넣고도 시간이 많이 남아요.
이론상 12초의 시간 안에 준극딜도 1번 더 넣을 수 있긴 하지만, 실전에서 0.n초 단위로 밀리는게 누적되는 것과, 보스 입장 시간 등 변수가 있어서 실전에서 0초뚝의 11.5극딜은 현실성을 찾기 힘들어요.
그러나 여기서 쿨뚝이 생긴다면? (메르250+2초뚝 기준) 오리진의 쿨타임이 336.4초까지 감소하게 돼요.
미세하게 밀리는 쿨밀림 현상도 사라지니까 보스 첫 등장 시간을 제외해도 준극딜 박을 시간 정도는 나와요.
(잡기술을 쓰면 쿨타임을 추가로 4초 이득보고, 이때 선오리진 직업의 경우 오리진 컷신 길이만큼 추가로 이득봐요)
물론 챌섭 기준인 메르 200+2초뚝으로는 11.5극 박기가 종내 힘들어요 최소 메르250은 되어야 할만하구요...
그래도 이런 말이 있듯이 쿨뚝을 통해 극딜 횟수가 11.5극까지 늘어날 수 있다는걸 알아두시면 좋아요.
실제로 중위권 보스들 부터는 최소컷 빌드가 11.5극 기준으로 잡혀있기도 하구요.
case D. 기타
발드릭스처럼 쿨뚝을 사용했을 경우 추가로 이득보는 상황이 있기도 합니다.
근데 발드릭스 갈 정도의 유저라면 설명 안해도 알테니 패스할게요
쓰다가 귀찮아져서 마무리 하는거 아니구요."
https://www.inven.co.kr/board/maple/2304/48066,메이플M,메이플M 렌 250 육성 이벤트 공략 (무과금),,2026-08-01 15:52,37151,12,"00:11
1~203 튜토리얼
00:39
203~
01:05
메뉴 및 스킬 세팅
03:00
몬스터파크
03:20
일일 숙제
04:30
아케인리버 던전
이번에 260까지 버닝을 유료로 판매하면서
육성 난이도가 상당히 올라갔습니다
일단 260의 경우
패스 구매를 하지 않으면 달성이 불가능합니다
굳이 뎀스와 조각때문에 패스를 구매하는건 비추
250의 경우도 3주는 걸릴 것으로 예상됩니다
유니온 혜택때문에 키우는 분들은 200까지만 찍고 (1시간 소요)
다음 이벤트 노리는 것도 좋을거 같습니다
0. 직업 및 월드
챌린저스 월드에 렌 생성하시면 됩니다
230까지 버닝은 챌섭에서만 진행되기 때문에
챌섭 렌 이외에는 선택지가 없습니다
1. ~203
왼쪽에 뜨는 튜토리얼 쭉 따라가면
1시간만에 203레벨이 찍힙니다
*튜토리얼이 하라는대로만 해주세요
미리하면 진행 불가한 경우도 생깁니다
전수하기 미션에서 막히는 분들이 많은데
1. 아래 추출 장비 옵션에서 추출할 옵션을 선택해야되고
2. 추출 장비의 잠재가 감정된 상태여야합니다
*실수로 자투 같은거에 전수하면 진행 불가
120제 장비에 전수해주세요
스타포스 미션의 경우
120제 방어구 - 10성
120제 한벌옷 - 15성
어깨장식 - 10성
보조무기 - 5성
달아주면 됩니다
아이템 버닝 지정까지 완료했으면 튜토리얼은 끝입니다
모험미션만 깨면 되고
아래 레벨 가이드는 나중에 깨셔도 됩니다
미션 완료하면 마을에 있는 김서방을 눌러줍니다
(토끼로 분장한 김서방만 보상 줌)
대화시 우편함으로 3000 코인이 지급됨
이벤트 탭에서 받을 수 있는 보상들은 모두 받아주시고
미니게임해서 500코인 받아주세요
이후 코인샵에서 '몬스터파크' , '아케인리버던전' 티켓 5장씩
태풍 성장의 비약 1개를 구입해줍니다
(사전이벤트로 코인 더 있으신 분은 태성비,극성비도 구입)
구매하셨으면 태성비 2개를 사용해줍니다
(도원경 패스 1개 , 코인샵 1개)
사용하면 213레벨이 될건데
모험 - 퀘스트 - 지역에서
엘린숲 퀘스트를 밀어줍니다
(몬스터파크를 진행하기 위한 메소 수급 목적)
다 밀면 경험치 26% , 3억 레드메소 획득
몬파하기 전에
유랑자의 발자취 레이드 - 보스 클리어 미션을 깨줍니다
모의전투 난이도 매그너스 3번 잡아도 됩니다
(극딜 한번에 잡음)
몬스터파크를 진행해줍니다
왼쪽에 클리어 가능 횟수 충전을 눌러 3회 충전해주세요
총 몬스터파크 티켓 21장이 됩니다
경험치 증가 부스터 체크해주시고
티켓
11장
을 소모해주세요
클리어하면 218레벨이 됩니다
이어서 바로 남은 티켓들을 사용해주시면 됩니다
다 돌면 218 41%가 됩니다
이제 아케인리버 던전을 돌아야하는데
족자봉 아케인리버 5단계 달성 후 돌아주세요
(1일 1회 총 5일 소요)
매일 해야하는 과제들은 다음과 같습니다
- 족자봉 복구
- 챌린저스 메이트
- 전투 훈련 지원 (자동 전투)
- 일일과제
- 이벤트 코인
챌린저스 메이트
챌린저스 메이트의 경우
캐릭터 2개를 등록하고 돌아야 경험치가 온전히 들어옵니다 (3배 차이남)
챌섭 2,3번쨰 캐릭터의 경우
튜토리얼이 단축되어 100렙 찍는데 1분 밖에 안걸리니까
만들고 도세요
일일과제 , 일일콘텐츠의 경우 메소를 사용해서 소탕이 가능합니다
또한 아케인리버 길뚫을 완료하면 해당 지역의 일퀘도 가능한데
아케인 일퀘도 경험치를 지급하니 귀찮더라도 길뚫 해두는 것을 추천
*아케인리버 길뚫의 경우 스킵이 불가능합니다
재획하면서 옆에 띄워두고 자동진행하시는 것을 추천
전투훈련 지원은 본메 사냥 지원 이벤트랑 같은건데
아케인포스 필드에 자동전투 돌리면 됩니다
심볼의 경우 챌린저스 코인샵에서 5렙 심볼 진행 가능하고
(길뚫퀘 안해도 구입 가능)
자사권이 부족하면
-무릉도장
-디멘션 인베이드
-데비존
돌려주시면 됩니다 (1일 1회)
족자봉 5렙이 되면 아케인리버 던전을 굴려줄건데
무토 돌면 됩니다
경험치 다 똑같은데 무토만 자동진행 가능
아케인 던전은 약 25%정도의 경험치를 지급하니
렙업할 만큼만 나눠서 사용해주시면 됩니다
(경험치 25%면 3장 사용시 레벨업)
모두 돌면 230 이상이 될건데
그 이후로는 위에서 말한 일일 숙제들 진행해주시면 됩니다
일일
- 족자봉 복구
- 챌린저스 메이트
- 전투 훈련 지원 (자동 전투)
- 일일과제
- 이벤트 코인
주간
아케인리버 던전
(입장횟수 초기화 : 월요일)
*도원경 코인샵과 챌린저스 코인샵에서
아케인리버 던전 티켓의 구매횟수가 매주 월요일마다 초기화됩니다"
https://www.inven.co.kr/board/maple/2304/48012,기타,"[울티마 스쿼드] 스테이지 권장레벨, 잠재옵션표, 스킬퍼뎀, 장비 리스트 및 능력치 공유",없는이용자,2026-07-26 11:56,318931,29,"더 많은 메이플 관련 정보는
너의 공격력 마력
https://maple.dwjeong.com/
메이플 스토리 전직업 스킬 설명 및 스킬 딜레이, 각종 명찰, 말풍선 시뮬레이션 및 다운로드
각종 라이딩 및 의자 시뮬레이터
울티마 스쿼드 총정리
용병 · 스킬 · 스테이지 · 장비 · 잠재능력 · 보상 정리
3명
전사·마법사·궁수
60개
일반·카오스 스테이지
96종
울티마 장비
8,000개
일반 고정 코인 합계
1. 콘텐츠 구조와 해금 조건
울티마 스쿼드는 자동 전투·성장형 미니게임입니다. 일반과 카오스가 각각 3개 지역, 지역마다 10스테이지로 구성됩니다.
항목
해금 조건
비용·비고
전사
기본 보유
처음부터 사용
궁수
일반 1-6 클리어
미니게임 골드 100,000
마법사
일반 2-6 클리어 + 궁수 보유
미니게임 골드 2,000,000
두 번째 스킬 슬롯
일반 1-10 클리어
유틸리티에서 확장
세 번째 스킬 슬롯
일반 2-10 클리어 + 두 번째 슬롯 개방
유틸리티에서 확장
용병마다 선택 스킬 6개가 있고 최대 3개를 장착합니다. 장착 스킬은 우클릭으로 해제할 수 있으며, 전투 중 교체에는 별도의 교체 대기시간이 있습니다.
2. 전사 스킬
스킬명
효과
쿨타임
슬래시 블러스트
기본 공격 · 최대 2명에게 200% 데미지
-
오라 블레이드
최대 3명에게 700% 데미지
6초
아이언 바디
방어력 10%, 최대 HP 10% 증가 · 장착 시 상시 적용
상시
블래스드 해머
회전 망치 5개 생성 · 1초마다 최대 2명에게 200% 데미지 · 공격 시 10% 확률로 최대 HP 1% 회복
상시
디바이드
최대 4명에게 160% 데미지로 6회 공격
6초
인빈서블 빌리프
HP 30% 이하에서 발동 · 3초 동안 매초 최대 HP 10% 회복 · 스테이지당 1회
조건 발동
데몬 베인
최대 6명에게 12,000% 데미지로 13회 연속 공격
120초
3. 마법사 스킬
스킬명
효과
쿨타임
에너지 볼트
기본 공격 · 최대 2명에게 150% 데미지
-
체인 라이트닝
최대 6명에게 650% 데미지 · 20% 확률로 1초 기절
6초
힐
자신을 포함한 파티원 각각의 최대 HP 2% 회복 및 상태 이상 치료
15초
헤븐즈 도어
가장 먼저 HP가 0이 된 파티원을 부활 · 스테이지당 1회
조건 발동
플레임 스윕
최대 6명에게 950% 데미지
6초
프레이
15초 동안 영역 안의 자신과 파티원 최종 데미지 30% 증가
30초
조디악 레이
5초 동안 최대 6명에게 12,000% 데미지로 11회 지속 공격
120초
4. 궁수 스킬
스킬명
효과
쿨타임
애로우 블로우
기본 공격 · 최대 2명에게 170% 데미지
-
차지드 애로우
최대 6명에게 700% 데미지
6초
폭풍의 시
발당 65% 데미지 · 각 지역 10스테이지 보스에게 1,000% 데미지
-
볼텍스 스피어
일정 간격마다 최대 6명에게 160% 데미지로 6회 공격하는 충돌 발생
6초
소울 컨트랙트
15초 동안 데미지 50% 증가
30초
엘리멘탈 고스트
15초 동안 공격 스킬의 잔상이 최대 3회 추가 공격 · 잔상 최종 데미지 30%, 폭풍의 시 15% · 발동 확률 100%
30초
드래곤 버스트
최대 6명에게 10,000% 데미지로 15회 연속 공격
120초
5. 스테이지 권장 레벨과 일반 보상
권장 레벨은
전사 기준
이며 각 지역 1~9스테이지만 표시됩니다. 10스테이지는 보스 스테이지로 별도 권장 수치가 없습니다.
일반 모드 권장 레벨
지역＼스테이지
1
2
3
4
5
6
7
8
9
1지역
1
1
5
6
7
10
11
14
16
2지역
17
20
21
24
25
28
29
31
33
3지역
34
36
37
38
39
40
40
40
40
카오스 모드 권장 레벨
지역＼스테이지
1
2
3
4
5
6
7
8
9
1지역
40
40
41
41
42
42
43
43
43
2지역
44
45
45
46
46
47
47
48
48
3지역
49
50
50
51
51
52
52
53
54
일반 지역
1~9스테이지
10스테이지
지역 합계
1지역
각 100
500
1,400
2지역
각 200
900
2,700
3지역
각 300
1,200
3,900
일반 모드 고정 스쿼드 코인 합계는 8,000개
입니다. 카오스에서는 몬스터 처치 시 정해진 확률로 작은 카오스 스쿼드 코인을 획득하지만, 정확한 확률은 현재 확인되지 않았습니다.
6. 전용 맵 구성
아래 12개 배경이 일반·카오스 모드에 각각 사용되어 총 24개 맵으로 구성됩니다.
지역
맵
1
헤네시스 북쪽 언덕
1
리프레
1
시간의 신전
1
시간의 신전 깊은 곳
2
소멸의 여로
2
츄츄 아일랜드
2
아르카나
2
아르카나 정령의 나무
3
세르니움
3
호텔 아르크스 / 아르크스
3
오디움
3
의지가 깃든 곳
7. 울티마 장비 성장 구조
전사·마법사·궁수 3계열 × 무기·모자·장갑·신발 4부위 × 8단계로
총 96종
입니다. 각 장비의 기본 능력치는
최하옵 · 하옵 · 중옵 · 상옵 · 최상옵
5단계로 나뉩니다.
※ 이해를 돕기 위해 최하옵~최상옵으로 표기했습니다.
메이플스토리 내부 데이터에서는 해당 구분을 ‘품질값’으로 표현합니다.
단계
요구 레벨
잠재
줄 수
분해 골드
1
1
없음
0
660
2
6
레어
1
1,400
3
12
레어
2
2,970
4
18
에픽
2
6,300
5
24
에픽
2
13,370
6
32
유니크
2
60,140
7
40
레전드리
2
270,640
8
40
레전드리
3
1,217,890
단계
무기 공격력/마력
최하옵 → 최상옵
방어구 최대 HP
최하옵 → 최상옵
방어력
최하옵 → 최상옵
1
9 / 10 / 11 / 12 / 13
45 / 48 / 50 / 52 / 55
5 / 6 / 7 / 8 / 9
2
14 / 15 / 16 / 17 / 18
74 / 77 / 80 / 83 / 86
10 / 11 / 12 / 13 / 14
3
20 / 21 / 22 / 23 / 24
112 / 116 / 120 / 124 / 128
15 / 16 / 17 / 18 / 19
4
25 / 26 / 28 / 30 / 31
158 / 167 / 175 / 183 / 192
20 / 21 / 22 / 23 / 24
5
32 / 33 / 35 / 37 / 38
231 / 240 / 250 / 260 / 269
128 / 139 / 150 / 161 / 172
6
65 / 70 / 75 / 80 / 85
762 / 831 / 900 / 969 / 1,038
267 / 276 / 285 / 294 / 303
7
111 / 118 / 125 / 132 / 139
1,360 / 1,480 / 1,600 / 1,720 / 1,840
362 / 371 / 380 / 389 / 398
8
165 / 175 / 185 / 195 / 205
2,040 / 2,220 / 2,400 / 2,580 / 2,760
407 / 416 / 425 / 434 / 443
무기는 전사·궁수에게 공격력, 마법사에게 마력이 붙으며 모든 무기의 공격속도 증가값은 2단계입니다. 방어구에는 최대 HP와 방어력이 붙습니다.
8. 전사 울티마 장비 32종
※ 기본 능력치 숫자는 최하옵 → 하옵 → 중옵 → 상옵 → 최상옵 순서
단계
무기
모자
장갑
신발
1
울티마 왕푸
울티마 브론즈 코이프
울티마 강철 반장갑
울티마 브론즈 그리브
1단계 기본 능력치
· 무기 공격력 9/10/11/12/13, 공격속도 +2단계 · 방어구 HP 45/48/50/52/55, 방어력 5/6/7/8/9
2
울티마 드래곤 클레이모어
울티마 블루 드래곤 투구
울티마 블루 드래곤 건틀렛
울티마 블루 드래곤 부츠
2단계 기본 능력치
· 무기 공격력 14/15/16/17/18, 공격속도 +2단계 · 방어구 HP 74/77/80/83/86, 방어력 10/11/12/13/14
3
울티마 리버스 니플하임
울티마 리버스 휀넬
울티마 리버스 베르가못
울티마 리버스 그라베
3단계 기본 능력치
· 무기 공격력 20/21/22/23/24, 공격속도 +2단계 · 방어구 HP 112/116/120/124/128, 방어력 15/16/17/18/19
4
울티마 라이온하트 배틀시미터
울티마 라이온하트 배틀헬름
울티마 라이온하트 배틀브레이서
울티마 라이온하트 배틀부츠
4단계 기본 능력치
· 무기 공격력 25/26/28/30/31, 공격속도 +2단계 · 방어구 HP 158/167/175/183/192, 방어력 20/21/22/23/24
5
울티마 파프니르 페니텐시아
울티마 하이네스 워리어헬름
울티마 앤티크 루트 나이트글러브
울티마 앤티크 루트 나이트슈즈
5단계 기본 능력치
· 무기 공격력 32/33/35/37/38, 공격속도 +2단계 · 방어구 HP 231/240/250/260/269, 방어력 128/139/150/161/172
6
울티마 앱솔랩스 브로드세이버
울티마 앱솔랩스 나이트헬름
울티마 앱솔랩스 나이트글러브
울티마 앱솔랩스 나이트슈즈
6단계 기본 능력치
· 무기 공격력 65/70/75/80/85, 공격속도 +2단계 · 방어구 HP 762/831/900/969/1,038, 방어력 267/276/285/294/303
7
울티마 아케인셰이드 투핸드소드
울티마 아케인셰이드 나이트햇
울티마 아케인셰이드 나이트글러브
울티마 아케인셰이드 나이트슈즈
7단계 기본 능력치
· 무기 공격력 111/118/125/132/139, 공격속도 +2단계 · 방어구 HP 1,360/1,480/1,600/1,720/1,840, 방어력 362/371/380/389/398
8
울티마 제네시스 투핸드소드
울티마 에테르넬 나이트헬름
울티마 에테르넬 나이트글러브
울티마 에테르넬 나이트슈즈
8단계 기본 능력치
· 무기 공격력 165/175/185/195/205, 공격속도 +2단계 · 방어구 HP 2,040/2,220/2,400/2,580/2,760, 방어력 407/416/425/434/443
9. 마법사 울티마 장비 32종
※ 기본 능력치 숫자는 최하옵 → 하옵 → 중옵 → 상옵 → 최상옵 순서
단계
무기
모자
장갑
신발
1
울티마 써클윈드 스태프
울티마 갈색 낡은 고깔 모자
울티마 레모나
울티마 베이지 니티
1단계 기본 능력치
· 무기 마력 9/10/11/12/13, 공격속도 +2단계 · 방어구 HP 45/48/50/52/55, 방어력 5/6/7/8/9
2
울티마 드래곤 스태프
울티마 골드 드래곤 크라운
울티마 블루 엘리멘탈 글로브
울티마 블루 엘리멘탈 슈즈
2단계 기본 능력치
· 무기 마력 14/15/16/17/18, 공격속도 +2단계 · 방어구 HP 74/77/80/83/86, 방어력 10/11/12/13/14
3
울티마 리버스 에아스 핸드
울티마 리버스 코럴
울티마 리버스 헤르모사
울티마 리버스 카바티나
3단계 기본 능력치
· 무기 마력 20/21/22/23/24, 공격속도 +2단계 · 방어구 HP 112/116/120/124/128, 방어력 15/16/17/18/19
4
울티마 드래곤테일 워스태프
울티마 드래곤테일 메이지샐릿
울티마 드래곤테일 메이지피스트
울티마 드래곤테일 메이지슈즈
4단계 기본 능력치
· 무기 마력 25/26/28/30/31, 공격속도 +2단계 · 방어구 HP 158/167/175/183/192, 방어력 20/21/22/23/24
5
울티마 파프니르 마나크라운
울티마 하이네스 던위치햇
울티마 앤티크 루트 메이지글러브
울티마 앤티크 루트 메이지슈즈
5단계 기본 능력치
· 무기 마력 32/33/35/37/38, 공격속도 +2단계 · 방어구 HP 231/240/250/260/269, 방어력 128/139/150/161/172
6
울티마 앱솔랩스 스펠링스태프
울티마 앱솔랩스 메이지크라운
울티마 앱솔랩스 메이지글러브
울티마 앱솔랩스 메이지슈즈
6단계 기본 능력치
· 무기 마력 65/70/75/80/85, 공격속도 +2단계 · 방어구 HP 762/831/900/969/1,038, 방어력 267/276/285/294/303
7
울티마 아케인셰이드 스태프
울티마 아케인셰이드 메이지햇
울티마 아케인셰이드 메이지글러브
울티마 아케인셰이드 메이지슈즈
7단계 기본 능력치
· 무기 마력 111/118/125/132/139, 공격속도 +2단계 · 방어구 HP 1,360/1,480/1,600/1,720/1,840, 방어력 362/371/380/389/398
8
울티마 제네시스 스태프
울티마 에테르넬 메이지햇
울티마 에테르넬 메이지글러브
울티마 에테르넬 메이지슈즈
8단계 기본 능력치
· 무기 마력 165/175/185/195/205, 공격속도 +2단계 · 방어구 HP 2,040/2,220/2,400/2,580/2,760, 방어력 407/416/425/434/443
10. 궁수 울티마 장비 32종
※ 기본 능력치 숫자는 최하옵 → 하옵 → 중옵 → 상옵 → 최상옵 순서
단계
무기
모자
장갑
신발
1
울티마 라이덴
울티마 초록색 고급 가죽 모자
울티마 아르
울티마 그린 우드탑
1단계 기본 능력치
· 무기 공격력 9/10/11/12/13, 공격속도 +2단계 · 방어구 HP 45/48/50/52/55, 방어력 5/6/7/8/9
2
울티마 드래곤 샤인보우
울티마 레드 헌터
울티마 레드 헌터 글로브
울티마 레드 헌터 슈즈
2단계 기본 능력치
· 무기 공격력 14/15/16/17/18, 공격속도 +2단계 · 방어구 HP 74/77/80/83/86, 방어력 10/11/12/13/14
3
울티마 리버스 엔가우
울티마 라피드
울티마 리버스 프레스토
울티마 리버스 론타노
3단계 기본 능력치
· 무기 공격력 20/21/22/23/24, 공격속도 +2단계 · 방어구 HP 112/116/120/124/128, 방어력 15/16/17/18/19
4
울티마 팔콘윙 컴포지트보우
울티마 팔콘윙 센티널캡
울티마 팔콘윙 센티널글러브
울티마 팔콘윙 센티널부츠
4단계 기본 능력치
· 무기 공격력 25/26/28/30/31, 공격속도 +2단계 · 방어구 HP 158/167/175/183/192, 방어력 20/21/22/23/24
5
울티마 파프니르 윈드체이서
울티마 하이네스 레인져베레
울티마 앤티크 루트 아처글러브
울티마 앤티크 루트 아처슈즈
5단계 기본 능력치
· 무기 공격력 32/33/35/37/38, 공격속도 +2단계 · 방어구 HP 231/240/250/260/269, 방어력 128/139/150/161/172
6
울티마 앱솔랩스 슈팅보우
울티마 앱솔랩스 아처후드
울티마 앱솔랩스 아처글러브
울티마 앱솔랩스 아처슈즈
6단계 기본 능력치
· 무기 공격력 65/70/75/80/85, 공격속도 +2단계 · 방어구 HP 762/831/900/969/1,038, 방어력 267/276/285/294/303
7
울티마 아케인셰이드 보우
울티마 아케인셰이드 아처햇
울티마 아케인셰이드 아처글러브
울티마 아케인셰이드 아처슈즈
7단계 기본 능력치
· 무기 공격력 111/118/125/132/139, 공격속도 +2단계 · 방어구 HP 1,360/1,480/1,600/1,720/1,840, 방어력 362/371/380/389/398
8
울티마 제네시스 보우
울티마 에테르넬 아처햇
울티마 에테르넬 아처글러브
울티마 에테르넬 아처슈즈
8단계 기본 능력치
· 무기 공격력 165/175/185/195/205, 공격속도 +2단계 · 방어구 HP 2,040/2,220/2,400/2,580/2,760, 방어력 407/416/425/434/443
11. 합성·분해·잠금
·
합성:
같은 단계 장비 9개 → 한 단계 높은 장비 1개. 8단계 9개를 합성하면 8단계 1개를 획득합니다.
·
일괄 합성 등록:
합성 가능한 장비 9개 이상 보유 시 낮은 단계부터 등록합니다.
·
분해:
인벤토리 앞쪽 장비부터 등록하며 전체 또는 1~7단계 이하 필터를 사용할 수 있습니다.
·
장비 잠금:
잠재 재설정, 합성, 분해 대상에서 보호합니다.
· 합성에 사용한 장비는 되돌릴 수 없습니다.
12. 잠재능력과 훈련용 큐브
훈련용 큐브
는 레어~레전드리 울티마 장비 전용입니다. 등급은 오르지 않으며 새 잠재를 적용할지 기존 잠재를 유지할지 선택할 수 있습니다. 1단계 장비에는 사용할 수 없습니다.
잠재능력 전체 수치표
등급
최대 HP
방어력
공격력/마력
고정값
공격력/마력 %
크리티컬 확률
레어
+35 / +50
+60 / +75
+4 / +6
+7 / +10
+2 / +3
+4 / +5
없음
+1% / +2% / +3%
에픽
+90 / +110
+140 / +170
+10 / +13
+16 / +20
+5 / +6
+8 / +9
+1% / +2%
+1% / +2% / +3%
유니크
+225 / +280
+340 / +400
+15 / +22
+27 / +32
+11 / +14
+16 / +19
+2% / +3% / +4%
+2% / +3% / +4%
레전드리
+420 / +525
+630 / +735
+20 / +28
+34 / +40
+19 / +25
+30 / +35
+3% / +4%
+5% / +6%
+2% / +3%
+4% / +5%
무기 전용 고급 옵션
옵션
레어
에픽
유니크
레전드리
공격속도
-
-
+1단계
+1단계
재사용 대기시간
-
-
-1초
-2초
크리티컬 데미지
-
-
-
+8% / +10% / +12%
방어구에서 등장하는 공통 옵션
등급
HP·방어력
공격력/마력
크확
레어
전체 4개 수치
+2 / +3
+1%
에픽
전체 4개 수치
+5 / +6
+2%
유니크
전체 4개 수치
+11 / +14
+2%
레전드리
전체 4개 수치
+19 / +25
+2% / +3%
방어구 부위 전용 옵션
모자
피격 시 8% 확률로 3초간 분노 또는 사랑
장갑
피격 시 2% 확률로 1초 무적
신발
피격 시 5% 확률로 데미지의 10% 무시
부위
레어
에픽
유니크
레전드리
특징
무기 총 가중치
114
118
122
141
공속·쿨감·크뎀 포함
방어구 총 가중치
55
57
72
101
부위 전용 옵션 가중치 5
※ 한 줄 추첨 기준 원시 가중치입니다. 모자 감정 옵션은 분노 3 / 사랑 2, 장갑 무적과 신발 데미지 무시는 각각 5입니다.
13. 코인·교환권·훈장
이름
획득·용도
스쿼드 코인
일반 스테이지 클리어 보상 · 코인샵 사용
카오스 스쿼드 코인
카오스 스테이지 클리어 보상 · 코인샵 사용
작은 카오스 스쿼드 코인
카오스 몬스터 확률 드롭 · 카오스 코인 또는 1개 교환권으로 교환
교환권
내용
울티마 스쿼드 훈장 교환권
일반 전체 클리어 훈장
울티마 베스트 스쿼드 훈장 교환권
카오스까지 전체 클리어 훈장
스쿼드 코인 교환권
스쿼드 코인 획득
카오스 스쿼드 코인 교환권
카오스 코인 획득
카오스 스쿼드 코인 1개 교환권
카오스 코인 1개 획득
훈장
조건
능력치
울티마 스쿼드
일반 모드 전체 클리어
전부 0
울티마 베스트 스쿼드
카오스까지 전체 클리어
전부 0
코인류에는 이벤트 종료 후 사용할 수 없다는 문구가 있습니다. 훈장은 교환·판매 불가 고유 장비이며 외형 변경이 막혀 있습니다. 이벤트 담당 NPC와 코인샵 NPC는 모두 올리입니다.
14. 에스페시아·오프라인·유틸리티
에스페시아 상자
· 일일 1회, 전투 중에만 소환 가능
· 보스 전투 중, 이미 상자가 소환된 상태, 인벤토리가 가득 찬 상태에서는 사용 불가
· 경험치와 장비 등의 보상 획득
오프라인 전투
· 접속하지 않은 시간 동안 오프라인 보상 누적
· 지급 메시지에 누적 시간과 분 단위가 표시됨
유틸리티
· 스킬 슬롯 확장 2단계
· 인벤토리 슬롯 확장
· 오프라인 전투 누적 시간 증가 8단계
· 장비 드롭률 증가 6단계
· 골드 획득량 증가 6단계
유틸리티 실제 증가량과 구매 비용, 오프라인 시간당 보상량은 현재 확인되지 않았습니다.
15. 전투·관리 규칙
· 각 지역 10스테이지는 보스 스테이지이며 최초 클리어 후 재입장할 수 없습니다.
· 반복 플레이는 이미 클리어한 일반 스테이지에서만 설정할 수 있고 보스 스테이지에서는 사용할 수 없습니다.
· 인벤토리가 가득 차면 입장, 다음 스테이지 이동, 에스페시아 상자 소환이 막힙니다.
· 전투 중 용병 전투 불능·부활·레벨업, 보스 등장, 스테이지 성공·실패 메시지가 존재합니다.
· 공격속도는 1단계가 가장 느리고 8단계가 가장 빠릅니다.
· 재사용 대기시간은 5초 미만으로 줄일 수 없습니다.
울티마 스쿼드 용병 · 스킬 · 장비 · 보상 정리"
https://www.inven.co.kr/board/maple/2304/47984,아이템,울티마 스쿼드 장비 / 잠재 정보,,2026-07-24 14:21,96343,13,"수정사항
-피격시 5% 확률로 데미지의 10% 무시 표기 수정
-4단계 무기,방어구 4등급 추옵 누락"
https://www.inven.co.kr/board/maple/2304/47971,사냥,울티마 스쿼드 정보들 (테섭 기준),,2026-07-23 07:41,339767,37,"0. 에스페시아 상자
최대한 맵 밀어놓고 사용하기
1. 메이플 끄고 있어도 보상 받나요
네
장비랑 큐브 못받는데 별 의미 없는 보상입니다
오프라인 시 획득 경험치/메소가 줄어들긴하나
10%라서 굳이 24시간 돌릴 필요 없음
(캐시샵 접속 시 오프라인 취급)
사냥,보스 중에도 자동전투가 진행되며
보스 입장시에는 UI가 닫힘
UI 닫혀도 온라인 취급
2. 보상
일반 코인샵 - 다조 400개 / 솔 10개 전부 구매 가능합니다
카오스 코인샵 - 테섭에서 확인 불가하나 4배,vip,상급 exp정도는 다 얻을 수 있을 것으로 예상됨
나머지는 운+노력
일반 모드 클리어하고부터 진행 가능 (대략 2~3주차에 클리어될 것으로 예상)
스테이지 클리어 외에도
스테이지에서도 드롭됨 (접속중에만 획득 가능)
3
. 유틸리티 순서
초반엔 인벤토리 슬롯 확장 (29칸까지만)
그 이후엔 골드 - 장비 번갈아가면서 누르기
+궁수/마법사 해금 비용은 10
만 / 200만 골드입니다
1-6 / 2-6 클리어 전에 미리 모아두가
장비분해: 전사 3렙정도까지만 분해하고 그 이후로는 무조건 합성
장비: 궁수,마법사 얻기 전에는 전사 제외하고 그냥 다 갈아버리기
장비 차이가 의미 없는 수준이라 굳이 신경써서 맞출 필요 X
추옵: 의미 없는 수준으로 붙으니 나오는대로 주워입기
잠재: 피격뎀 100 으로 들어올때까지는 체력이 좋음
초반 (피격뎀 100정도 들어올때까지) - 체력
그 이후
전사: 피격시 무적 (기도메타)
궁수,마법사: 초반에 체력하다가 3단계 장비부터는 방어력 추천
스킬셋 (~28렙)
전사;  오라웨폰 + 블래스트 해머
(아이언바디 쓰레기임)
궁수: 폭풍의시+볼택스 스피어
마법사: 체인라이트닝+힐 (전사 죽기 전에 헤도로 스위칭 - 발동 후 다시 힐 장착)
스테이지별 최소컷 레벨 (테섭 기능)"
https://www.inven.co.kr/board/maple/2304/47899,몬스터,운빨편차를 줄이는 메이린 최소컷 공략 꿀팁,,2026-07-13 12:48,20111,10,"(직게에 최소컷 후기남기며 간단하게 적었던 내용인데 최소컷트라이 하시는 분들이 꽤 보여서 다들 알면 좋을거같아 짤과 함께 자세히 정리해봤습니다.)
설명에 앞서, 메이린 기믹에서 나오는 각종 스킬카드마다 효용성이 다르다는건 이제 유명하죠.
하지만 새 스킬을 받기전에 털어야하다보니 1티어 직업스킬이 극딜 없는 턴에 뜬 경우엔
""지금 고르면 맛있게 쓸 수가 없고... 그렇다고 극딜턴에 다시 뜬다는 보장도 없는데 안고를 수도 없고... ""
하며 아쉬워했던 경험이 다들 있으실겁니다.
기믹스킬도 마찬가지로
최종뎀 스킬과 오리진극딜의 턴이 안맞거나, 오리진 초기화 스킬이 애매한 타이밍에 뜨면 이득을 아예 못보는 경우가 있고요.
이처럼 메이린 최소컷의 운빨 요소는
무슨 스킬
이 뜨냐
도 중요하지만,
무슨 스킬이
언제 뜨냐
도 매우 중요한 부분입니다.
여기서 이 언제뜨냐 에 대한 편차를 없애기 위해
게이지를 일부로 깎아
운명패턴 파훼 후에도 제단이 바로 안뜨도록 하여
제단 활성화를 늦추는 운영법
을 사용합니다.
활용 예시 첫번째)
​
입장하고 첫번째 패턴 후 제단에서 조디악레이가 나온 상황.
다음 극딜은 두번째 패턴이 끝난 뒤에 돌아오니 일반적으론 두번째 패턴전에 조디악 스킬을 털어야합니다.
​
​
하지만 저는 조디악을 극딜버프에 맞춰 털고싶기때문에 스킬을 쓰지 않고, 그러기 위해 일부로 패턴을 맞아 게이지를 깎습니다.
*딜로스 안나는 패턴만 맞기
(손바닥 1타만 맞는 모습)
​
​
​
(창맞고 피채우고 맵패턴까지 맞아주기)
​
게이지를 깎아놓았기때문에, 운명패턴을 파훼했지만 게이지가 조금 남아 제단 활성화가 안된 모습.
활성화 되기 직전이니 극딜시간을 벌기위해 한두대 더 맞아 게이지 깎아줍니다.
(운명 패턴이 해.달검 / 화살 같은 경우면 게이지 조절이 더 쉽겠죠?)
아껴놨던 조디악을 극딜버프와 함께 맛있게 털어줍니다.
​
여기서 끝이 아닙니다. 조디악이 끝나고나니 조금 남았던 게이지가 채워져 늦춰놨던 제단이 활성화됩니다.
​
​
이후 새로 얻은 조커까지 크리인, 메용2 등 남은 극딜버프에 박아줍니다.
*카드 1초에 골라서 깨알같이 일필 돌려주기
제단 늦추면 나중에 손해보는거 아니야? 라고 할 수 있지만 다음 운명패턴 파훼하니 정상으로 돌아온 모습입니다.
*늦췄던 제단을 다음 운명패턴 전까지만 활성화하면 손해 X
​
​
​
이처럼 제단 활성화를 늦추는 운영법을 사용하면
준극턴에 뜬 1티어 직업스킬을 극딜턴에 활용
할 수 있을 뿐 아니라
극딜버프에 직업스킬을 두번 박는 것
도
가능해서
운빨의 저점도 높이고 딜량 고점은 더욱 높일 수 있게됩니다.
활용 예시 두번째)
첫번째 예시의 바로 다음장면 입니다.
위 해달검 패턴 파훼 후 기믹스킬로 최종뎀스킬을 받은 상황.
오리진이 3분 남아서 오리진 돌기전에 직업스킬 3개 받고 새로운 기믹스킬을 받게되니,
일반적으론 최종뎀스킬을 오리진때 못쓰고 다음 극딜때 바로 털어야합니다.
하지만 당연히 오리진때 최종뎀스킬을 쓰고싶기에, 기믹스킬을 받는 턴이 오면 패턴을 야무지게 맞아줍시다.
​
마찬가지로 운명 패턴 파훼 후 조금 남은 게이지
최종뎀 스킬과 오리진 극딜, 직업스킬까지 같이 써주고, 후에 얻은 직업스킬도 남은 극딜버프와 같이 써줍니다.
(제단 활성화가 살짝 빨리돼서 최종뎀버프 1초가량 손해봤는데 한대 더 맞았으면 딱 좋았겠네요.)
​
​
예시는 최종뎀 스킬이였지만 오리진 3분남았을때 오리진초기화 스킬떠도 똑같이 활용해서 오리진 손해를 안 볼 수 있겠습니다.
또 영상 마지막 부분보면 준극턴에 스포트라이트 떴는데, 이러면 다시 다음 제단 늦춘 후 극딜때 오리진 초기화랑 같이 쓰면 되겠죠? 활용도가 정말 다양해요.
주의할 점)
운명패턴 후에 극딜이 많이 늦을때는 무리하게 늦추다가 제단 활성화 전에 다음 운명패턴 와버릴 수 있으니 자제해야하고,
이미 눌러서 사용중이던 스킬도 새 스킬 먹으면 증발하니 딜타임이 긴 스킬은 더 잘 생각해야합니다.
ㅡㅡㅡㅡㅡㅡㅡㅡㅡㅡㅡㅡㅡㅡㅡㅡㅡㅡㅡㅡㅡㅡㅡㅡㅡㅡㅡㅡㅡㅡㅡㅡㅡㅡㅡㅡㅡㅡㅡㅡㅡㅡㅡㅡㅡㅡㅡ
추가적으로 기믹스킬 받는걸 미룰땐 기믹여유 있으니 타직업 스킬 고르면 되는거 아니냐 할 수 있는데
메이린은 사실 직업스킬 21번에 기믹스킬은 7번까지 꽉 채울 수 있습니다.
다만, 운명패턴전에 바인드걸려서 패턴이 밀리거나 2페 넘어가는 타이밍 아다리에 따라 못보는 경우가 생기는 것 같아요.
직업마다 바인드의 중요도가 다르고 기믹스킬에 따라 극딜 타이밍도 달라져서 함부로 결론을 내릴 순 없겠지만,
기믹스킬 바인드땐 일반 바인드 아낀다든지 해서 최대한 패턴 안밀리게 하는것도 알아두면 좋을 듯 합니다."
https://www.inven.co.kr/board/maple/2304/47838,아이템,"아이템 버닝 대체 5초뚝 템셋 가이드(심화, 장문, 스압)",,2026-07-04 11:57,19659,23,"아이템 버닝 대체 템세팅 가이드글 잘 보고 오셨나요? 이번에도 좋은 템세팅 가이드글 준비 해봤습니다.
(아이템 버닝 대체 템세팅 가이드글 : https://www.inven.co.kr/board/maple/2304/47837)
쿨뚝이 포함된 여러 템세팅 방향에 대해 많은 질문이 있어 따로 준비했습니다. 심화 과정이기에 조금 내용이 깁니다. 양해 부탁 드립니다.
이번에도 환산주스탯 사이트를 활용하여 여러 방면으로 계산하였으며, 새롭게 본섭 경매장 기준 가장 최근에 팔린 합리적인 시세 가격을 포함하였습니다. 다만, ""예상가"" 라는 단어가 있는 경우, 판매 시세를 확인할 수 없어 현재 판매 중인 가격을 조금씩 조율하여 책정한 가격입니다. 이에 따라 템세팅에 들어가는 비용은 달라질 수 있습니다.
이러한 점들을 통해 미리 말씀드립니다.
세팅별 들어가는 재화량은 변동이 무조건 있을 것 입니다. 주의하세요
.
또한, 심화 버전이기 때문에 아이템 조건은 아래와 같이 조건을 박고 시작하겠습니다.
모든 아이템은 영환 350개급 추옵, 15퍼 완작, 18~22성, 윗잠 레전 27퍼(에테는 27~30퍼), 에디 에픽 2줄
장갑의 경우 윗잠 쌍크~쌍크올, 에디 에픽 2줄, 모자는 5초+@ 고정
조사한 직업의 경우 도적(필자 직업이 팬텀), 법사(신직업인 레테에 초점을 두었습니다. 쿨뚝 효율도 좋고요)
에테르넬 상의, 하의, 신발, 망토, 견장의 경우 가격 고정 (경매장 시세 기반으로 설정)
이러한 세팅을 고정으로 한 이유는, 5초뚝 이상을 끼워줄 캐릭터 정도면 잠재 수준을 끌어올리는게 정상이기 때문입니다. 이 정도 잠재를 세팅해야 5초뚝의 가격이 효율적으로 다가올 것이라고 생각했습니다.
템세팅 구성은 아래와 같이 세팅했습니다. 총 7가지 인데요. 목차는 아래와 같습니다.
22성 카루타 4셋 (모자, 상의, 하의) + 18성 에테르넬 5셋 (장갑, 신발, 망토, 견장) + 제네시스 무기
18성 에테르넬 4셋 (장갑, 상의, 하의) + 22성 앱솔랩스 5셋 (모자, 신발, 망토, 견장) + 제네시스 무기
18성 에테르넬 4셋 (장갑, 상의, 하의) + 18성 아케인 5셋 (모자, 신발, 망토, 견장) + 제네시스 무기
18성 에테르넬 4셋 (장갑, 상의, 하의) + 22성 아케인 5셋 (모자, 신발, 망토, 견장) + 제네시스 무기
22성 카루타 4셋 (모자, 상의, 하의) + 22성 앱솔랩스 5셋 (장갑, 신발, 망토, 견장) + 제네시스 무기
22성 카루타 4셋 (모자, 상의, 하의) + 18성 아케인 5셋 (장갑, 신발, 망토, 견장) + 제네시스 무기
22성 카루타 4셋 (모자, 상의, 하의) + 22성 아케인 5셋 (장갑, 신발, 망토, 견장) + 제네시스 무기
서론이 길었습니다. 바로 본론으로 넘어가겠습니다.
글이 상당히 깁니다. 맨 아래에 결과를 총 정리한 표가 있으니 참고하시길 바랍니다.
- 22성 카루타 4셋 (모자, 상의, 하의) + 18성 에테르넬 5셋 (장갑, 신발, 망토, 견장) + 제네시스 무기
[도적]
[법사]
[결과]
- 18성 에테르넬 4셋 (장갑, 상의, 하의) + 22성 앱솔랩스 5셋 (모자, 신발, 망토, 견장) + 제네시스 무기
[도적]
[법사]
[결과]
- 18성 에테르넬 4셋 (장갑, 상의, 하의) + 18성 아케인 5셋 (모자, 신발, 망토, 견장) + 제네시스 무기
[도적]
[법사]
[결과]
- 18성 에테르넬 4셋 (장갑, 상의, 하의) + 22성 아케인 5셋 (모자, 신발, 망토, 견장) + 제네시스 무기
[도적]
[법사]
[결과]
- 22성 카루타 4셋 (모자, 상의, 하의) + 22성 앱솔랩스 5셋 (장갑, 신발, 망토, 견장) + 제네시스 무기
[도적]
[법사]
[결과]
- 22성 카루타 4셋 (모자, 상의, 하의) + 18성 아케인 5셋 (장갑, 신발, 망토, 견장) + 제네시스 무기
[도적]
[법사]
[결과]
- 22성 카루타 4셋 (모자, 상의, 하의) + 22성 아케인 5셋 (장갑, 신발, 망토, 견장) + 제네시스 무기
[도적]
[법사]
[결과]
[총정리]
이렇게 5초뚝 포함 여러 템세팅의 효율 및 비용을 정리해보았습니다. 거의 10시간..? 정도 걸린거같아요..
질문이나 피드백 있으시면 편하게 말씀해주시면 감사하겠습니다. 글이 정말 길었는데, 읽어주셔서 감사합니다!"
https://www.inven.co.kr/board/maple/2304/47837,아이템,"아이템 버닝 대체 템셋에 대하여(스압, 장문)",,2026-07-03 23:13,17387,11,"(10추만 보내서 많은 유저들이 읽을 수 있게 해주시면 감사하겠습니다!!)
챌린저 달성 기념 정말 열심히 준비했습니다. 아이템 버닝을 대체할 수 있을 만한 템세팅은 어느 정도인지, 그리고 아이템 버닝을 끝까지 성장 시켰을 때의 성능은 어느 정도인지 하나하나 계산해보았습니다.
현재 제 챌섭 캐릭터는 템환 60,083 / 헥환 50,018로, 아이템 버닝의 경우 모든 부위 20성인 상태입니다.
(편의성을 위해 앞으로는 보스 380 헥환만 언급합니다.)
여기서 아이템 버닝을 22성까지 모두 성장하면 헥환 51,655로, 약 1,637의 환산이 오릅니다. 최종뎀 8.1퍼 가량 상승합니다.
그럼 저 수치를 기억하고, 대체를 한다면 어느 정도로 템을 맞춰야 하는지 계산해보도록 하겠습니다. 템세팅 경우의 수는 아래와 같이 설정하였습니다.
에테르넬
17성
,
유니크
/
에픽
8셋 (모자, 상의, 하의, 장갑, 신발, 망토, 견장) + 제네시스 무기
에테르넬
17성
,
레전드리
/
에픽
8셋 (모자, 상의, 하의, 장갑, 신발, 망토, 견장) + 제네시스 무기
에테르넬
18성
,
레전드리
/
에픽
8셋 (모자, 상의, 하의, 장갑, 신발, 망토, 견장) + 제네시스 무기
에테르넬
17성
,
유니크
/
에픽
4셋 (모자, 상의, 하의) + 아케인
18성
유니크
/
에픽
5셋 (장갑, 신발, 망토, 견장) + 제네시스 무기
에테르넬
17성
,
레전드리
/
에픽
4셋 (모자, 상의, 하의) + 아케인
18성
유니크
/
에픽
5셋 (장갑, 신발, 망토, 견장) + 제네시스 무기
에테르넬
17성
,
레전드리
/
에픽
4셋 (모자, 상의, 하의) + 아케인
18성
레전드리
/
에픽
5셋 (장갑, 신발, 망토, 견장) + 제네시스 무기
에테르넬
18성
,
레전드리
/
에픽
4셋 (모자, 상의, 하의) + 아케인
18성
레전드리
/
에픽
5셋 (장갑, 신발, 망토, 견장) + 제네시스 무기
아래는 방어구 예시 사진입니다.
일단, 현재 상태에서 아이템 버닝을 최종 단계까지 성장시켰을 때의 변화량은 아래와 같습니다.
저 수치를 기준으로, 각 템세팅으로 대체하였을 경우의 최종뎀 변화량을 역으로 계산하였습니다.
이에 따라 환산이 50~100가량 차이가 발생하는 점 양해 부탁드립니다.
▶에테르넬
17성
,
유니크
/
에픽
8셋 (모자, 상의, 하의, 장갑, 신발, 망토, 견장) + 제네시스 무기
▶
에테르넬
17성
,
레전드리
/
에픽
8셋 (모자, 상의, 하의, 장갑, 신발, 망토, 견장) + 제네시스 무기
▶
에테르넬
18성
,
레전드리
/
에픽
8셋 (모자, 상의, 하의, 장갑, 신발, 망토, 견장) + 제네시스 무기
▶
에테르넬
17성
,
유니크
/
에픽
4셋 (모자, 상의, 하의) + 아케인
18성
유니크
/
에픽
5셋 (장갑, 신발, 망토, 견장) + 제네시스 무기
▶
에테르넬
17성
,
레전드리
/
에픽
4셋 (모자, 상의, 하의) + 아케인
18성
유니크
/
에픽
5셋 (장갑, 신발, 망토, 견장) + 제네시스 무기
▶
에테르넬
17성
,
레전드리
/
에픽
4셋 (모자, 상의, 하의) + 아케인
18성
레전드리
/
에픽
5셋 (장갑, 신발, 망토, 견장) + 제네시스 무기
▶
에테르넬
18성
,
레전드리
/
에픽
4셋 (모자, 상의, 하의) + 아케인
18성
레전드리
/
에픽
5셋 (장갑, 신발, 망토, 견장) + 제네시스 무기
사진이 작아보이네요. 아래는 아이템 버닝과의 최종뎀 차이를 정리한 표입니다.
결론적으로, 아이템 버닝과 최대한 유사하게라도 세팅을 하려면,
[
에테르넬
17성
,
유니크
/
에픽
4셋 (모자, 상의, 하의) + 아케인
18성
유니크
/
에픽
5셋 (장갑, 신발, 망토, 견장) + 제네시스 무기]
정도의 세팅을 해야합니다.
원래는 쿨뚝 관련 내용에 대해서도 내용을 오늘 안에 추가하고자 하였는데, 의외로 시간이 많이 잡아먹히는 바람에 내일 또 이어서 열심히 계산하고 써보도록 하겠습니다.
긴 글 읽어주셔서 감사합니다."
https://www.inven.co.kr/board/maple/2304/47805,몬스터,스압) 쓰잘데기 없는 보스 TMI,,2026-06-30 00:41,59103,117,"1
스우 1페 배리어는 지속 시간이 끝날 때 남아있는 쉴드에 비례하여 체력을 회복한다
2
스우 2페 3페의 침입자 격퇴 프로토콜은 좌측 하단에 사각지대가 있다
3
스우한테 공멸형 패턴을 적중 시킬 때 나오는 효과음이 있다
4
스우 2페이즈에서 하늘색 공 날리는 드론은 공멸형 패턴을 일정 수치 이상 적중시킬 경우 사라진다
3페이즈에도 이런 패턴이 있었으나 아예 삭제됐다
5
데미안 1페에서 낙인사를 7번 하면 체력을 유지한 채 즉시 2페이즈로 넘어간다
https://www.inven.co.kr/board/maple/5974/6286676
6
데미안 1페 돌진은 벽쪽을 바라봤을 때 공간이 없으면 무조건 반대 방향으로 시전한다
7
데미안 2페 폭주 패턴은 시전 직전 투명한 상태로 잠깐 맵에 나타나는데, 디버프 아이콘 또는 보스 타격 실루엣으로 확인할 수 있다. 이 때 의지를 사용하면 석화(좌우 연타로 푸는거)에 걸리지 않는다
8
데미안 1페이즈 속박 패턴은 캐릭터 내성에 따라 입력해야하는 방향키 횟수가 달라진다
https://www.inven.co.kr/board/maple/5974/1259152
9
​
​
가디언 엔젤 슬라임 기믹 종료 이후 아랫 공간이 닫힐 때 위로 올라오지 않고 밑에 남아있으면 무적이나 부활류 효과를 무시하고 강제로 즉사당한다 (
탈출에 실패해 가디언 엔젤 슬라임의 기운을 버티지 못했습니다.
)
오리진/어센트의 절대 무적으로 죽는 타이밍을 뒤로 미룰 수 있다 (짤의 경우 거의 25초 미룸)
원래 제네 무적으로 안씹힐텐데 절대 무적을 먼저 받고 일반 무적(제네 무적)을 받으니까 되..네?
10
https://namu.wiki/w/%EB%A9%94%EC%9D%B4%ED%94%8C%EC%8A%A4%ED%86%A0%EB%A6%AC/%EB%8D%94%EB%AF%B8%20%EB%8D%B0%EC%9D%B4%ED%84%B0#s-7
루시드는 지금과 다른 사망 모션이 더미데이터로 남아있다
11
https://www.inven.co.kr/board/maple/2304/19770
루시드 2페이즈 발판은 깨지는 순서가 고정되어 있다
발판이 모두 사라지는 탄막 패턴에 진입 시 순서가 초기화 된다
12
루시드 2페이즈의 강공(레이저)는 보고 끊을 수 있지만, 강공(몸박)은 반응이 불가능한 수준으로 빠르게 발동되어 사실상 끊을 수 없다
13
하드 루시드 2페이즈에서 맵 아래로 낙하했을 때 걸리는 회복 봉인 디버프의 이름은 '꿈에서 추락한 자' 이다.
14
https://www.fmkorea.com/3014439353
윌 1페이즈의 파란/보라 방은 사실 같은 맵이다 (발드릭스나 카링처럼 아예 맵을 넘어가는게 아니면 대부분 이런식으로 되어있다 ex:에픽던전)
15
​
​
윌 거미다리는 총 2종류의 이미지가 있는데 1페이즈 & 2페이즈 윗 공간에는 연기만 나오는 가짜 거미다리가, 2페이즈 거울 속 공간 & 3페이즈에서는 진짜 거미다리가 찍힌다
근데 이번 패치로 하나로 통일되었다... 디테일이 하나 사라져서 아쉽다
16
윌 3페이즈 흰눈 찍기는 이동기 없이 걸어가다가 엎드리는걸로도 피할 수 있다
17
윌 3페이즈 우측 윗 발판에 올라가있으면 흰눈/노란눈/독밖에 못쓴다
파티격에서 나 혼자 위에 있으면 편하게 때릴 수 있다
18
더스크 레이저 패턴 나올 때 우측 보다 좌측 공간이 미세하게 더 넓다
(확인 불가로 대체)
칼로스 2페이즈의 텔레포트(찍기X)는 2-1에 한해서 보스의 히트박스가 좀 더 오래 남는다.
19
더스크에서 패턴에 맞으면 공포 게이지가 빨리 찬다
20
더스크 파티격 도중 파티원이 공포 패턴 도중 내 옆에서 죽으면 공포 게이지가 찬다. 반대로 공포 패턴을 끝내면 내 공포 게이지가 줄어든다 (공포 끝날 때 노란빛 나는게 이 이펙트)
21
​
듄켈 잡몹은 오래 살려두면 자폭하면서 데미지와 함께 혼란 상태이상을 건다
(나무위키 피셜 자폭할 때 3%의 확률로 특수 대사를 말한다고 하는데 녹화 키고 듄켈이랑 30분간 비벼본 결과 직접 볼 수는 없었다...
클라이언트에서 진짜 소환/처치/자폭 특수 대사를 확인할 수 있지만 인게임에선 단 한번도 못본걸로 봐선 구현이 안된 것 같다... 낚여서 시간만 버렸다)
22
듄켈의 검기는 피격 무적 (맞으면 캐릭터 깜빡거리는거) 판정으로 무시할 수 있다
최후의 방법으로 잡몹에 비비다 보면 가끔 생존한다
23
듄켈 찍기는 공격 판정보다 보스 히트박스가 더 빨리 나와서 어센트 스킬을 꾹 누르고 있으면 어센트 무적으로 무시할 수 있다
칼로스 찍기는 불가능하다
23
진힐라 잡몹 시체는 항상 좌측을 바라보는 경향이 있어서(or 좌측으로 회전은 가능하지만 우측으로는 회전이 불가능하다?), 우측을 보고 죽으면 빠른 시간 내에 좌측을 보며 약간 이동한다
운영진들은 이걸 몰라서 수정 안하는 것 같다
24
진힐라 맵 배경의 모래 시계는 낫베기 패턴이 얼마나 남았는지 알려준다
옛날엔 이게 타이머였다
25
진힐라에서 제단을 부수면 받게 되는 버프의 이름은 '제단 붕괴'이다
26
검마 1페 배경에는 검마가 앉아서 구경중이다
27
​
​
검마 2페 좌/우 권능의 첫 공격은 번개에만 판정이 있어서 맵 정 중앙에 있으면 첫 공격 동안 맞지 않는다
28
검마 3페 아랫 권능은 바닥에 닿는다고 무조건 죽는건 아니고 일정 간격마다 공격한다
(붉은 번개가 지지직 거릴 때)
29
검마 4페 권능의 위치는 모든 파티원이 공유한다
30
세렌의 돌진 거리/속도/쿨타임은 시간대별로 모두 다르다
https://www.inven.co.kr/board/maple/5974/5500379
31
세렌 2페이즈는 벽에 있으면 기본적으로 맵 안쪽을 향해 돌진을 사용하지만, 벽 밖을 바라 보고 엎드려 있으면 벽 밖으로 패턴을 시전한다
이걸로 세렌 벽돌진 유도하거나 여명의 럴커를 밖으로 뺄 수 있다
32
세렌 2페이즈 여명에서는 극최소컷이 아닌 이상 스파이더 인 미러를 사용하지 않는 것이 좋다
메이플의 몬스터들은 모든 타격 이펙트의 재생이 끝난 후에 사망 모션으로 넘어가는데, 스파이더 인 미러의 경우 다리 찍는 애니메이션이 꽤 길기 때문에 구슬의 자폭이 점화되고 한참 뒤에 터지는 경우가 있다
최악의 경우 자폭이 권능이랑 겹쳐서 바인드에 걸리는 상황이 나올 수 있다
33
칼로스는 사실 착한 친구인데 T-boy한테 조종 당하고 있는 것이다 (
메인 기믹 이름부터 'T-boy의 간섭')
​
권능 파훼 이후 그로기에 걸렸을 때 잘 보면 심장의 동력원이 푸른 빛으로 돌아오려고 노력중인 것을 볼 수 있다
(격파에 성공 하면 T-boy의 해킹이 끝나 심장이 푸른 빛으로 돌아옴)
격파시 출력되는
여기까진가... 죄송합니다. 아버지...
라는 대사는 칼로스가 말하는게 아니라 T-boy의 대사이다.
비슷하게 세렌도 원래는 착한 친구다
34
칼로스 2-4의 낙인은 절대 무적(오리진 어센트)로 무시할 수 있다
35
칼로스는 뒷발을 졸졸 따라다닐 경우 냥냥펀치를 사용하지 않는다 (사각지대)
36
노말 칼로스를 위대한 칼로스의 소울 스킬로 격파할 경우 업적이 깨진다
37
카링 입장할 때 흉수 고르는 맵 이름은 '침공 저지'이다
38
카링 1페이즈 도올은 위 이미지를 참고하면 돌진을 99.9% 유도할 수 있다.
39
카링 1페이즈 혼돈의 흑염 폭주는 제자리에서 움직이지 않고 엎드리기로 피할 수 있다.
40
카링에서 나오는 세 종류의 실은 '사군자(매난국죽)'를 모티브로 한다.
봄 - 매화
여름 - 난초
가을 - 국화
41
카링 2페이즈 유폐(족자) 패턴에 맞은 상태에서 맵패턴에 피격당할 경우 족자 유지시간이 증가한다?
42
카링 2페이즈 교란(머리 위 표식)은 파티원이 채집키(도올 보상 : 정화) 대신 풀어줄 수 있다
43
죽음을 두른(3페) 도올/궁기의 번개/돌풍은 엄연히 쿨타임이 달린 패턴이라 스틱스로 끊으면 최대 10~12초 동안 흉수 패턴이 나오지 않는다
44
죽음을 두른
(3페)
궁기의 돌풍 등장 위치를 1/2/3/4로 나누었을 때, 2번 위치에는 무조건 후순위로 돌풍이 나온다
45
카링 3페이즈에서 석상을 키면 해당 흉수 머리에 X자 디버프 아이콘이 생긴다
46
카링 3페이즈에서 단추는 카링과 같은 구역에 나오지 않는다
47
카링 3페이즈의 '수라(양쪽으로 찢는 패턴)' 패턴의 안전지대는 엉덩이쪽이 미세하게 더 넓다
48
카링 3페이즈의 각 구역 입장료는 흉수가 죽어있을 경우 게이지 증감량이 2배로 증가한다
49
찬란한 흉성의 정수 패턴에는 낮은 확률(나무위키 피셜 4%)로 출력되는 희귀한 보이스가 있다
50
​
​
최초의 대적자 더미데이터에는 반쪽자리 인피니티, 무지개 금고도 있다
51
림보 2페이즈 스펙터C의 중앙or좌우 폭발 타입은 파티원끼리 다를 수 있다
52
림보 3페이즈의 백림보는 어그로가 1명에게 고정된다
바인드? / 절대 바인드?에 걸리면 어그로가 바뀐다?
+ 추가) 저희 파티에서 노말 림보 약 반년 잡으면서 나온 가설인데 인터넷에는 정보가 없더라구요
다른 파티에선 결과가 다르게 나올 수 있으니 다들 림보 돌면서 확인해보세용"
https://www.inven.co.kr/board/maple/2304/47689,실험,모험으로 알아온 메이린 개꿀팁 (일요일에 재획안하고 메이린 최소컷 깎으면서),,2026-06-22 07:09,101235,62,"안녕하세요
썬데이 재획안하고 메이린 극최소컷부터 깎으면서
고려했었던 모든 꿀팁을 들고왔습니다
1. 타직업 스킬카드를 언제 써야하는지
입장하면 보스타격가능 시간이 19분 47초부터이고
19분 7초가 되면 특수패턴이 나오는데
노말기준 거의 60초 준극딜 시간과 비슷하게 타직업 스킬카드를 선택하고
2번째 극딜이 10초정도 남았을때 타직업 스킬카드를
한번더 선택할수 있게 되는데
타직업 스킬을 가지고 있는 상태에서 제단에서 카드를 선택하면 가지고있던 스킬은 변경되고
사용중이던 스킬은 사라지니
데미지상승 관련된 준극딜 적용버프들이 있다면
그때 사용하는것을 추천드립니다
루미처럼 없는경우 일격필살에 맞추거나 극딜버프 남았을때 추천드립니다
+웬만하면 메이린 돌진기보고 사용해서 풀히트 유도해줍시다
2. 어떤 타직업 스킬카드를 써야하는지
타직업 스킬들의 경우 풀히트 기준 데미지가 거의 동일하게
설계가 되었는데
(전용BGM+사용효과 전부 적용됩니다)
스택형식
으로 나가는 윈드브레이커의 하울링게일이나
캐논슈터의 빅휴즈 캐논볼
(메이린이 캐논볼 진행방향 반대편으로 가지않는이상 웬만해서는 풀히트)
는 풀스택으로 자동으로 나가고
(수정) 아란의 라스트스탠드는 바로 3타 자동으로 나간다고 합니다
바이퍼의 하울링 피스트는 2타시전중 무적이며
메이린이
돌진기를 사용하면 2타 데미지가 안들어가는듯합니다
데미지도 타직업스킬에 비해 약한편입니다
지속형으로는 호영의 권술 : 산령소환이
지속시간이 30초라서 그런지 풀히트기준 제일 딜량이 잘나왔고
극딜형으로는 에반의 조디악레이가 제일 딜량이 높았습니다
(조디악 맛 좀 봐야겠지?)
나이트로드의 스프레드 스로우는 매우 비추천드립니다
(메이린한테 붙어서 계속 쳐야합니다)
즉 짧은시간안에 많은 데미지를 주는 타직업 스킬들을 선택하는게 좋으나
아델의 인피니트 효과인 시전 및 해제 동작 중 무적을 이용하거나
팬텀의 조커발동후 적용되는 랜덤버프나
엔젤릭버스터의 스포트라이트 버프(최종데미지 증가버프)들도
고려해볼만 합니다
메이플스토리 인벤 : (스압) 메이린 5차 딜 비교 - 메이플스토리 인벤 자유 게시판
전직업 스킬 딜량 분석글이 있어 추가합니다!
직업별 딜량 순위
[전사]
데슬 -
요르문간드 5826억 9761만 (설치형)
제로 -
조인트 어택
5,814억 5808만 (극딜형)
소마 -
코스모스
5,311억 3908만
(지속 타격형)
아란 -
하이퍼 부스터 엔드 : 라스트 스탠드
5,282억 5715만
(극딜형)
아델 -
인피니트
4,958억 9435만 (시전중+해제중 무적,지속형)
[마법사]
에반 -
조디악 레이
8,056억 8369만
(극딜형)
불독 -
퓨리 오브 이프리트
5,927억 0484만
(극딜형)
플위 -
인피니티 플레임 서클
5,830억 4034만
(극딜형)
배메 -
어비셜 라이트닝
5,603억 4031만 - [직접 타격]
라라 -
해 강 산 바람 5,424
억 6968만
(극딜형)
[
궁수]
메르 -
이르칼라의 숨결
5,677억 3692만
(극딜형)
신궁 -
스플릿 애로우
5,594억 3195만
[직접 타격]
윈브 -
하울링 게일
5,556억 5247만
(극딜형)
와헌 -
와일드 발칸:오버 드라이브
5,403억 9008만
(극딜형)
카인 -
드래곤 버스트
5,335억 2673만
(극딜형)
[도적]
호영 -
권술 : 산령소환
8,565억 8712만
(설치+지속시간 30초)
나로 -
스프레드 스로우
5,640억 9438만 [뽀뽀딜 + 직접 타격]
카데나 -
체인아츠:퓨리
5,494억 1448만
(지속형)
제논 -
메가 스매셔
5,436억 7025만
(극딜형)
팬텀 -
조커
4,502억 8935만 [마지막에 카드 랜덤 버프]
(극딜형)
[해적]
아크 -
영원히 굶주린 짐승
5,473억 8384만
(극딜형)
캐슈 -
빅 휴즈 기간틱 캐논
5,438억 4901만
(캐릭터가 바라보는 방향으로 나가는 형식)
바이퍼 -
하울링 피스트
5,315억 0142만
(극딜형)
메카닉 -
메탈아머 전탄발사
5,307억 7674만
(극딜형)
엔버 -
스포트라이트
4,248억 4805만 [3줄기 다 맞춤 + 최종뎀 버프] 162.66 -> 175.79 (13.13%)
(지속형)
(정확한 최종뎀 증가량은 엔버가 안떠서 직접 확인이 어려우나 최종뎀 증가 버프는 확실합니다!)
3. 알맞은 타직업별 스킬카드 3개를 모았을때 활성화되는
무작위효과를 언제쯤 써야하는지입니다
5차이하 스킬들 쿨타임 초기화는 웬만해서는 극딜사용전후 60초안으로 써주시는걸 추천드립니다
계속 아끼다가 특수패턴 타이밍과 겹치는 경우가 많았습니다
다른 무작위효과를 얻게되면 바로 증발해버리니 조심합시다
특수바인드 효과는 데미지가 1레벨 오리진정도이므로 무조건 극딜때
사용하여 프리딜타임도 10초 증가시켜주는걸 추천드립니다
(해당 전투분석 상으로는 인플서킨다고 오리진 막타 리레에 안들어감)
어센트 스킬 추가는 사용가능횟수 4회이상도 누적됩니다
+어센트 스킬 안열려있으면 1회추가없이 그대로 증발합니다!
4. 특수패턴중 게이지 더 모으기
특수패턴 중간에 게이지를 다 모았다면 중앙제단 활성화 후
패턴파훼를 해서 추가로 더 게이지를 채울수도 있는데
화살유도패턴이 가장 쉬우니 시도해보시는걸 추천드립니다
5. 특수패턴 미루는 방법
남은시간 19분 7초가 되면 정확하게 게이지를 많이 채워주는
첫 특수패턴이 나오고 메이린이 항상 맵 중앙으로 이동합니다
시전중 바인드 스킬들은 모두 안먹히니
(일반 바인드 저항은 안도는데 헤카테 바인드 저항은 돕니다)
특수패턴을 미루고 싶으시면 발동전에 걸어야합니다
(그다음부터는 55초 간격으로 나옵니다)
6. 일격필살(특수코어) 미루는 방법
타 직업카드 선택시간동안 5차특수코어 쿨타임은 돌아간다고 합니다!
아란 같이
5차특수코어에 극딜을 맞추는게 중요한 직업들은
최소컷할때 필수로 고려해야 될거같습니다
메이플스토리 인벤 : 슈챌 도전자를 위한 메이린 극최소컷 꿀팁 - 메이플스토리 인벤 팁과노하우 게시판
여기까지가 메이린 최소컷을 깎아보면서 고려했었던
모든 꿀팁이였습니다
영상이 편하신분들은
https://youtu.be/mpqwbwi9myA?si=qy0qYsRJ2mXrr9D9
보시면되고
메이린이
평타 모션
오리진(게이지 채워주는 패턴중에 폭풍이나 카드야바위 등)
어센트(영혼검 패턴으로 해서 좌우중앙 3번씩 무적기능)로
충분히 구현가능할듯한데
퀄리티 검증됬으면
겨울에 재사용을 넘어선 랜덤한 스킬 선택지중에 선택해서 쓰는 형식으로 신규직업출시 부탁드립니다 창섭이형님
+겨울이니까 근본사도 레이나 까지 해서 든든하게 부탁드립니다
아니면
정규보스로 개노잼 가엔슬 대신 와줬으면 합니다
카엔슬 최소컷하려니까 진짜..
가엔슬 빠른 정상화 기원합니다"
https://www.inven.co.kr/board/maple/2304/47644,아이템,에테리온 아티팩트 효율 분석 ( 일퀘 vs 몬파 vs 에픽던전 ),,2026-06-18 23:57,84626,14,"추가 강화 없이 코어 1단계만 사용했을 때 추가 경험치만 계산한 표입니다.
매일 몬파 2회 vs 에픽 던전 1회를 비교하면 거의 비슷한 효율을 가지고, 일퀘는 가장 낮은 효율을 보입니다.
따라서 [ 몬파 = 에픽던전 > 일퀘 ] 순으로 효율이 좋습니다.
추가 강화를 최대로 하여 코어 5단계를 사용했을 때 추가 경험치만 계산한 표입니다.
매일 몬파 7회 vs 에픽 던전 1회를 비교하면 270 미만에서는 몬파 우세, 그 뒤로는 에픽 던전 우세를 보이고, 일퀘는 가장 낮은 효율을 보입니다.
따라서
[ 260 ~ 269 ] 에서는 [ 몬파 > 에픽던전 >>> 일퀘 ]
[ 270 ~ 289 ] 에서는 [ 에픽던전 > 몬파 >>> 일퀘 ]
순으로 효율이 좋습니다.
각 코어별 5레벨 풀강을 하는 데 기댓값은 988개로, 에테리온 코어 1레벨에 20만 메소로 계산하면 평균 2억 메소에 유의미한 추가 경험치 효과를 누릴 수 있을 것으로 보입니다.
제가 추천하고 싶은 강화 순서는 270 레벨을 기점으로 몬파 코어보다 에픽 던전 코어의 효용이 역전하게 되므로
[ 몬파 - 에픽 던전 - 일퀘 ] 순으로 강화하는 것을 제안하지만, 사냥 솔, 보스 솔과 같은 비 경험치 혜택 코어는 각자의 플레이 스타일에 맞춰서 강화 순서를 유동적으로 결정하면 좋을 것으로 보입니다.
트레져 헌터 코어의 효율은 따로 계산하지 않았습니다."
https://www.inven.co.kr/board/maple/2304/47643,수다,레테 극딜순서 다시 짜왔음,,2026-06-18 09:01,191531,145,"고점용은 어지간하면 진입 극딜때만 사용 될 것으로 예상됨
+ 이딕트 스킬은 임프린트 스킬 때문에 번갈아가면서 사용하는것을 권장"
https://www.inven.co.kr/board/maple/2304/47636,사냥,야누스 30렙 제자리 사냥터 모음 (세르니움~아르테리아),,2026-06-18 04:08,237158,25,"https://youtu.be/x1HcrxKj2ZU?si=4WA_fjxTKexKCyYs
* = 야누스
* = 파운틴
o = 제자리 위치
세르니움
- 암석 지대 3
6분 1800~1880마리
아르크스
- 횡단열차6
6분 1800~1880마리
오디움
- 잠긴 문 뒤 실험실 4
6분 1850~1900마리
도원경
- 여름 4
6분 1850~1900마리
아르테리아
- 최하층 통로 6
6분 1900~1920마리
아르테리아
- 최상층 통로 2
6분 1900~1920마리
이번에 아르테리아는 사냥터 괜찮은데가 많아져서 선택 폭이 넓습니다.
하위 사냥터는 여전히 별로입니다."
https://www.inven.co.kr/board/maple/2304/47635,사냥,챌섭 레테 제자리 사냥터 모음 (세르니움~아르테리아),,2026-06-18 03:19,196833,29,"1. 스캐터 ON 기준 입니다
2. 매크로에 컨버지+임펠 등록하고 사용하면
약 60초 동안 동꼽이 가능합니다
(임펠만 썼을때 : 45초까지 동꼽 가능)
관련 글 : https://www.inven.co.kr/board/maple/2304/47758
*인기 사냥터들은 제외했습니다 (도서관,골목2 등등)
챌섭3누스를 받은 기준입니다만
각 지역마다 설치 없이 소환수가 다 잡아주는 사냥터가 존재합니다 (마릿수 34마리)
고점 사냥터: 마릿수 높은 사냥터들
날먹: 설치X
00:09 세르니움 고점
해변암석지대3 (38마리)
왕립도서관6 (38마리)
동쪽성벽2 (34마리)
00:50 세르니움 날먹
격전의 서쪽 성벽2 (34마리)
격전의 동쪽성벽1 (34마리)
격전의 동쪽성벽2 (34마리)
격전의 동쪽성벽4 (34마리)
01:49 아르크스 고점
황야4 (39마리)
열차3 (38마리)
극장3 (39마리)
02:29 아르크스 날먹
극장1 (34마리)
극장4 (34마리)
극장6 (34마리)
황야1 (34마리)
열차2 (34마리)
열차5 (34마리)
03:21 오디움 고점
성문3 (37마리)
골목4 (39마리)
실험실3 (39마리)
잠긴 실험실2 (39마리)
잠긴 실험실3 (39마리)
잠긴 실험실4 (39마리)
04:56 오디움 날먹
성문1 (34마리)
실험실1 (34마리)
잠긴 실험실1 (34마리)
05:22 도원경 고점
여름2 (39마리)
여름4 (39마리)
겨울2 (39마리)
06:28 도원경 날먹
봄1 (34마리)
여름1 (34마리)
가을1 (34마리)
겨울1 (34마리)
0:00 ~ 0:23 팁
0:23 ~ 0:45 280 사냥터 - 외곽 전투지역2 서쪽 외곽
0:45 ~ 1:07 281 사냥터 - 최하층 2 (3누스 새벽 사냥) / 1 (황혼 사냥)
1:07 ~ 1:38 282 사냥터 = 최하층 5 / 4
1:38 ~ 2:47 283~284 사냥터 - 최상층 2 4 7 8 / 1 3 5
1. 스캐터 ON 기준 입니다
2. 매크로에 컨버지+임펠 등록하고 사용하면
약 60초 동안 동꼽이 가능합니다
(임펠만 썼을때 : 45초까지 동꼽 가능)
관련 글 : https://www.inven.co.kr/board/maple/2304/47758
추천 사냥터 :
최상층4 - 40마리 / 몹 레벨 284
포탈로 3누스 설치와 회수까지 가능
단, 중간 야누스 설치시 점프 설치해야됨
최하층4 - 36마리 / 몹 레벨 283
무설치 잠수 사냥 가능
포탈 회수 가능"
https://www.inven.co.kr/board/maple/2304/47612,테섭,챌린저스 육성 가이드 공유(구글 시트),,2026-06-15 18:47,89410,32,"안녕하세요 에오스에서 섀도어를 가볍게 키우고 있는 유저입니다.
이번 챌린저스 시즌 4가 출시됨에 따라 지인분들 공유용으로 가이드용 구글 시트를 간단하게 만들어봤는데요
링크(댓글 추가):
https://docs.google.com/spreadsheets/d/146WLpua-AjjrbKRv3OkT9WkMQE8Y6YiSGftXUu9jdmE/edit?usp=sharing
이번에 메이플을 처음 하시는 뉴비분들 뿐만 아니라 어느정도 메이플이 익숙하신 분들도 확인을 위해 한 번쯤 보실만 하도록 제작하려고 했습니다.
다양한 레퍼런스 자료들을 이용해서 작성되었구요. 최대한 레퍼런스를 표기하려고 했습니다.
크게 시트는 다음과 같이 4가지로 나뉘어있습니다
육성 관련
패스관련
보스관련
코인샵 관련
많은 분들에게 도움이 되면 좋겠습니다.
혹시 작성된 내용 중 틀린 부분이 있다면 말씀해주시기 바랍니다.
감사합니다.
+07/01) 념글 감사합니다. 일부 표현 및 내용 수정되어 1.3 버전으로 업데이트 하였습니다. 본 시트는 모바일 대상이 아닌 데스크탑에서 보시는 것을 기준으로 제작되었기 떄문에 되도록 데스크탑에서 확인해주시면  감사하겠습니다."
https://www.inven.co.kr/board/maple/2304/47600,테섭,여름 이벤트 재화 획득량 정리 + 패스 효율,,2026-06-14 18:52,41837,33,"롤 보면서 만들어서 누락된 게 있거나 틀릴 수 있어요
+)
5세트 가버려서 효율도 러프하게 계산해봤어요"
https://www.inven.co.kr/board/maple/2304/47599,테섭,챌린저 달려면 어디까지 잡아야하나요?,,2026-06-14 14:39,68058,14,"각 레벨별 무슨보스까지 깨야되나 보고싶어서 정리한거 공유함
보스순서는 밑에있는 표 기준으로 했음. ex) 노칼기준-노칼까지 다 잡아야함
하늘색
글자는 검밑솔 다잡으면 됨
세줄요약
1. 280기준 하메까지 잡으면 챌 달성
2. 마스터는 280기준 이칼까지, 281기준 하세까지, 285기준 노세
3. 284부터는 하메아래 7000짜리 보스(이칼 이적자 하세) 한마리 생략 가능"
https://www.inven.co.kr/board/maple/2304/47572,수다,챌섭 직업 정하다가 정리해본 전직업 유틸 모음집,,2026-06-08 04:00,104074,198,"서론.
챌섭 직업 정하기가 힘들어서 이 영상 저 영상 둘러보다가 뭔가 유틸 관련해서 한번에 정보를 얻는 과정이 번거로워서 직접 만들어봤습니다.
저는 극딜, 준극딜 같은 딜구조나 체급 이런 부분은 템을 좀 더 맞추거나 밸런스 패치를 받으면 해소되는 부분이라고 생각합니다.
그래서 직업 선택 할 때 유틸과 조작감을 많이 고려하게 되더라고요.
저처럼 유틸 관련해서 궁금하신 분들이나, 아직 챌섭 직업 고민을 하고 계신분들이 계신다면 도움이 되었으면 좋겠습니다.
직업은 순서대로 쭉 작성했으니 전체적으로 보고 싶은분은 쭉 보시고, 각 직업별로 앞에 이름을 달아둘테니 특정 직업이 궁금하신분은 ctrl+f 누르시고 직업명 검색하셔서 찾아가시면 편하실겁니다.
아래는 선정 기준과 주의사항, 참고사항 등을 적어둘 것인데 자료만 보실거면 ""히어로"" 검색하시고 바로 보시면 됩니다.
기본설정.
1. 회복, 무적 등의 생존기, 이동기와 같은 체감 가능한 유틸들로 선정했습니다.
2. n초마다 n% 회복 같은 바로 체감하기 힘든 패시브 형식 유틸은 제외 했습니다.
3. 상태이상 내성은 체감이 될 정도 (80~100)을 바로 올려주는 정도가 아니면, 자체 패시브 수준 스킬은 제외 했습니다.
4. 무적기의 경우 특별한 제약 (이동 불가, 타스킬 사용불가, 키다운 등) 이 존재할 경우 따로 기재했지만, 누락된 사항이 있을 수 있습니다.
5. 키다운 극딜, 준극딜 스킬의 경우 40~60% 수준의 데미지감소와 상태이상 면역은 기본사항이라고 생각하여 제외했습니다.
6. 렌, 보우마스터, 엔젤릭버스터처럼 어센트가 분할되어 무적기로 활용가능한 캐릭터들이 있지만, 통상적으로 어센트와 오리진은 통무적으로 취급하여 전직업 제외했습니다.
주의사항.
1. 대부분의 정보는 나무위키의 스킬 툴팁과 추가정보에서 긁어모았으며, 제가 직접 플레이 가능한 직업의 경우 직접 체험을 통해 작성하였으나, 오류가 있을 수 있습니다.
2. 특정 액티브스킬에 무적이 동반되어 있으나, 툴팁에 나와있지 않은 경우 누락되었을 수 있습니다.
3. 쇼케이스 이후 신 스킬, 리마스터, 밸런스 패치 등의 영향으로 바뀔 수 있음을 고려해주세요.
사용방법, 참고사항.
1. 챌섭의 경우 해방 전의 유틸 차이에 따라 직업 체감이 많이 다르기 때문에 이를 고려하면 직업선택에 더 도움이 되실거에요.
2. 단순히 유틸의 개수보다는 핵심적인 즉발 무적, 극딜 안정성을 보조해주는 유틸 위주로 보는 것을 추천드립니다. 렌처럼 유틸 수는 적지만 유틸 밸런스가 좋아서 운영 난이도가 낮은 직업들도 있으니까요.
3. 실전에서 거의 사용되지 않는 돌진기 혹은 유틸기도 특정 상황에서 사용가능할 것 같으면 일단 기재했으니, 적당히 걸러서 보시는걸 추천드립니다.
----------------------------------------------------------------------------------------------------------------------------------
+ 핵심적으로 활용 가능한 유틸에는 임의로 별 표시를 해두었습니다.
(해당 직업에 중요하게 작용하거나, 입소문 난 유틸, 통무적, 극딜안정성 보조스킬 위주로 임의로 선정했습니다.
챌섭에서 처음 키워볼 분들이 '이런 스킬로 버티면 되겠구나' 싶은 스킬들 위주로 선정해서 실제 숙련자분들의 의견과는 다를 수 있으니, 의견 주시면 반영하겠습니다.)
히어로, 팔라딘
다크나이트, 불독
썬콜, 비숍
보우마스터, 신궁, 패스파인더
나이트로드, 섀도어
듀얼블레이드, 바이퍼
캡틴, 캐논슈터
소울마스터, 플레임위자드, 윈드브레이커
나이트워커, 스트라이커
미하일, 아란
에반, 메르세데스
팬텀
은월, 루미너스
데몬 슬레이어, 데몬 어벤져
블래스터, 배틀메이지, 와일드헌터
메카닉, 제논
카이저, 카인, 카데나
엔젤릭버스터, 제로
키네시스, 아델
일리움, 칼리, 아크
렌, 라라
호영
---------------------------------------------------------------------------------------------------------
재획하다가 심심해서 만들어보고 친구랑 돌려보는데 같이 보면 좋을 것 같아서 올렸습니다.
혹시 잘못된 정보나 누락된 정보 있으면 댓글로 알려주세요.
챌섭 화이팅"
https://www.inven.co.kr/board/maple/2304/47515,기타,챌섭 직업선택 가이드 (수정 6/16),,2026-05-21 12:01,192936,61,"챌섭 직업선택 가이드
수정 6/14)
선생님들 다짜고자 OO직업 좋나요? OO직업 어렵나요? 이러면 제가 해줄수 있는 말이 없어요.
그런건 직게 가서 확인하시는게 정확합니다. 제가 모든 직업을 장인급으로 알고있는것도 아니고 선생님들의 성향이나 피지컬 수준을 알고있는 것도 아니라서 대답이 곤란합니다.
적어도 질문을 하실거면 어떤 취향이신지(간단하게 좋은지 복잡한게 재미있는지), 본캐 부캐인지, 유챔으로 하는지 익스우 솔플 이상의 진심부캐로 보는지는 말해주셔야돼요.
그리고 저 홍대병 아니예요... 최소한 유챔은 제가 추천해놓은거 외에는 싹다 추천하지 않는다라고 박아놓고 시작하는거니까 그 부분은 고려해주세요.
ex) 본캐로 할건데 제가 원래 구조가 복잡한걸 잘 못한는데 간단하면서 템값이 좀 싼애가 있을까요? => 보마하세요
진심부캐로 할건데 팔라딘 괜찮나요? => 솔플만보면 비추, 파티플 기준이면 메리트가 확실히 있기는 합니다.
유챔에서 팬텀 어떤가요? => 유챔 추천목록에 없으면 싹다 비추입니다. 근데 절대 하지마라는 아니니까 마음에 들면 하셔도 괜찮아요.
비추천에 박아놓은 직업들은 그냥 하지 말란 소리니까 저한테 물어보셔도 하지말란 소리밖에 못합니다.
수정 6/18)
지인들에게만 보냈었는데 풀까 말까 고민하다가 풀어요.
아직 만드는 중이기도 하고, 지난 챌섭은 대충 넘겨서 도전자셋 최종진화를 잘 몰라요. 그래서 대충 환산에 넣어놓고 보스컷 150% 넘긴것들만 잡을 수 있다고 체크해놨으니 여기저기서 틀린부분 있을수도 있습니다.
그리고 제가 라라라서 계산이나 실수가 많을 수 있어요. 그거 감안하고 보실분만 보세요.
https://docs.google.com/spreadsheets/d/19sckFmf2XwSwHDqZ8zMjofKLL6uRBZorcXhC64y4Gfc/edit?gid=0#gid=0
기준 : 뉴비 본캐 추천 / 유챔 추천
1) 사냥 : 야누스가 정상화되서 정말 사냥 안좋은 몇몇 직업을 제외하고는 이제 야누스 원킬컷이 높다는 이유로 고민되던 직업들도 좀 더 폭넓게 선택할 수 있게 되었습니다.
2) 선택 기준 : 제가 해본 직업들 / 직게와 사냥 및 보스 영상을 기준으로 선택하였습니다. 좋은 의견 주시면 반영해서 수정하겠습니다!
3) 템값 : 생각했던 것 보다는 전사 힘템의 가격 방어가 잘됐습니다. 이맘때 쯤이면 많이 낮아질 것으로 예상했으나 전사 유챔 직업(렌, 아란)들이 여전히 많이 선택받고 있고, 하이퍼 버닝도 한번 더 풀리면서 전체적으로 템값 상승이 있었기에 이번 직업 선택 기준에서는 템값 부분을 제외했습니다.
선 세줄요약
1. 이젠 몇몇 직업들 제외하고 야누스 사냥이 평준화됐다.
2. 템값 기준은 빼고 보겠다
3. 추천 본캐 직업 : 스커, 보마, 렌, 아란, 캡틴, 썬콜, 아델
맨 아래 티어표있어요.
뉴비 본캐 추천 ( 순서랑 추천도랑 상관 X )
1) 스트라이커
상위권의 체급, 연계 중에선 가장 쉬운 연계 난이도, 시원시원한 이팩트와 매우 준수한 사냥능력.
딱 선입력 시스템 하나만 빼고 보자면 꽉찬 팔각형에 가까운 직업입니다.
시그너스다보니 보조 매물도 많고, 가격대도 적당하며 힘해적 직업이라 장신구류는 비싸지만 템값은 나름 나쁘지 않습니다.
거의 매 패치마다 딱히 나쁜 패치 없이 괜찮게 받아왔고 밸패 시즌에도 큰 불편함이 없이 넘어갈 수 있는 직업입니다.
다만,
연계가 연계 스킬 + 다음 연계스킬 선입력 이라는 독자적인 연계 시스템을 가지고 있고, 이 부분에서 점프, 엎드리기 등을 타이밍을 못맞춰서 불편함을 호소하는 경우가 꽤 있습니다.
또한 극한의 평딜직업이라서 보스 숙련도와 이해도가 많이 필요한 직업인만큼 숙련도가 낮을 때에는 클타임이 많이 늘어지는 경우가 많습니다.
그럼에도 불구하고 천천히 보스를 익혀나가면서 클타임을 줄여나가는 재미, 파도로 보스의 패턴을 슥슥 피하는 재미, 적당히 누를거 많고, 적당히 바빠서 보스 치는 재미를 느낄 수 있으며, 숙련되었을 때 받쳐주는 직업의 체급도 상위권이기에 본캐로 추천합니다.
2) 보우마스터
고트급 난이도와 난이도에 비해 괴랄한 체급으로 모두의 유챔인 보우마스터입니다.
좋은 사냥성능(시퀀스 2개를 돌려쓰는 잠수사냥), 굉장히 쉬운 난이도와 속사기, 괜찮은 유틸로 누가 잡아도 평균 이상의 성능을 내주는 훌륭한 직업입니다.
궁수답게 덱템이 전반적으로 싸서 템세팅에서도 이점이 있으며 거의 유일하다 싶은 단점은 재미입니다. 순수하게 노잼이라는 분들도 꽤 많으시지만 오히려 본캐로는 이런 매우 쉽고 쎈 직업들을 두고 유챔을 늘려나가시는게 안정적으로 메이플에 정착하는 방법이 될 수 있어요.
3) 렌
칼 든 보마입니다. 엄청나게 잘되어있는 극딜 압축, 누를게 별로 없는 쉬운 난이도, 거기에 무려 속사기+더블점프라는 미친 수준의 유틸까지.
다 가진 모두의 유챔2 렌입니다.
준극이랄게 따로 없어서 신경쓸 필요도 없고, 속사기 꾹 누르면서 간간히 망혼검와 일격예인만 돌려주는게 사이클의 전부입니다.
4) 아란
무려 극딜을 넣는데 걸리는 시간이 '1초'인 극딜 압축의 신, 아란입니다.
본디 안타까운 야누스 원킬컷으로 인해 사냥할 때 슬픔이 좀 있는 친구였지만 신창섭의 은혜로 사냥도 상당히 괜찮아졌습니다.
자체 설치기와 꽤 높이 올라가는 스킬 윗점, 캔슬 돌진까지 가졌고 나쁘지 않은 유틸을 보유하고 있으며, 극딜 스킬 헌터즈 타겟팅이 차징 중 무적이기 때문에 극딜 안정성도 괜찮은 편입니다. 라스트 스탠드가 어마어마한 비중을 차지하는 극딜 직업이기 때문에 극딜만 밀리지 않고 꼬박꼬박 잘 넣어준다면 어느정도 저점이 보장되는 직업이라 뉴비들이 하기에도 매우 좋다고 생각됩니다.
체급은 중~중상위권으로 준수한 수준이라고 보여지며, 아쉬운 점은 폴암전사라는 새끼가 사신수를 소환하는 소환술사마냥 폴암 휘적대며 사신수 소환 << 이거 원툴 비욘더의 호불호 갈리는 이팩트입니다.
절망적으로 쓰레기같은 아트팀의 저열한 미적 감각으로는 이른 시일내에 이팩트가 개선받을 가능성은 0.003% 이내라고 생각되서 비욘더의 이팩트가 괜찮으신 분들께 추천드립니다.
5) 캡틴
순수 재미를 논할 때 연계직업들과 더불어 다섯손가락 내로 꼽히는 것 같은 캡틴입니다.
헤드샷의 뽕맛, 적당히 바쁜 손가락과 적당히 누를거 많은 스킬, 보스에서 배들을 소환할 필요가 없어진 개선으로 책임없는 쾌락을 누릴 수 있게 되었습니다.
사냥에서는 소환수들을 소환해야해서 불편함을 느낄 수 있지만, 반대로 그만큼 맵 장악력이 뛰어나 타 직업들보다는 사냥터의 선택폭이 넓다는 긍정적인 면도 있습니다.
덱해적/힘해적을 고를 수 있긴 하지만 덱해적 매물이 좀 더 싼 경우가 많고, 덱 장신구의 가격도 상당히 저렴하기 때문에 템값에서 이점을 얻을 수 있습니다.
속사기+매우 가벼게 나가는 듯한 스킬들, 스킬 윗점 중 고트인 윙즈 덕분에 상당히 좋은 기동성을 보유하고 있습니다.
단일 점프되는 스킬 윗점중에서는 제가 알기로는 높이가 가장 높고 글라이딩, 윗점 덮점, 덮점 윗점도 전부 되는 상당히 괜찮은 스킬윗점입니다.
체급이 중~중하위권정도로 예상되는 약간 낮은 체급이 단점이기는 하지만, 본캐로 쓰기에 손색이 없는 직업이라고 생각합니다.
6) 썬콜
법사들의 신, 썬콜입니다.
텔마밖에 없는 허접한 텔포들과는 달리 우월한 거리를 자랑하는 텔레포트와 맵의 2/3를 혼자 정리해버리는 오브Ⅵ, 쉬운 난이도와 높은 체급으로 좋은 평가를 받고 있습니다.
단점으로 꼽을만한건 저스펙에서 오브사냥을 할 때 엘몹, 트레저 헌터 박스 등이 등장하면 오브 타수가 늘어서 동꼽 방지가 빨리 걸려서 자주 움직여야한다 정도?
말고는 현 시점에서 딱히 단점이라고 할만한게 크게는 없는 것 같습니다.
7) 아델
렌 때문에 신이 되지 못한 전사, 전사들의 왕 아델입니다.
본디 몇몇 스킬 구조에서 생기는 불편함과 난이도가 있던 직업이었으나 신창섭의 정상화 빔을 맞고 난이도가 많이 내려왔습니다.
마찬가지로 적당히 누를거 많아서 재미는 있으면서 무려 공격 가능한 체공스킬과 저렴한 보조매물, 좋은 체급으로 성능도 괜찮은 직업입니다.
전사답게 묵직한 기동성과 신경써서 유지해야하는 오더만 제외하면 본캐로 손색이 없으며, 무려 팡이님의 본캐로써 생방으로 상위보스들을 잡는 것을 볼 수 있고, 정보를 구하기도 쉬운데, 목소리도 크게 내줄 수 있는 방송인이 존재하는 큰 메리트가 있는 직업입니다.
좌로보고 우로보고 백덤블링해서 봐도 내가 하는 직업이 본캐인 고스펙의 체급 좋은 방송인이 있는것 자체가 축복받은 것입니다.
디바이드의 범위도 시원시원하고 오더가 함께 정리해주기 때문에 사냥도 괜찮은 편이며,
앞서 말했던대로 공격이 가능한 노쿨 체공기, 뎀감기, 짧은무적, 나사 조금 빠진 뒷텔포까지 유틸도 준수하기에 본캐로 추천합니다.
8) 와일드헌터
수정) 이제 챌섭에서 2초+주스탯 뚝을 선택할 수 있습니다.
2초뚝을 매우 권장하는 와일드헌터의 단점이 챌섭에서 좀 느껴질 수 있긴하다 라고 생각을 했는데 이제 2초뚝 주니까 와헌 하고싶다면 하셔도 됩니다.
도전자 세트 끝나기 전까지 충분히 2초뚝 살 메소 모으고도 남아요.
9) 제로
와헌과 마찬가지로 제로의 챌섭에서 가장 큰 단점이 2초뚝이 있어야 스킬 딜사이클이 제대로 굴러간다는 점이었는데 이제 2초뚝을 업그레이드할 수 있기 때문에 제로를 하셔도 됩니다. 특히나 이번 챌섭 상점에서는 메멘토 골드 큐브도 풀고, 제네패스에 제네패스 플러스로 도전자 큐브까지 풀어서 직작에 대한 단점도 어느정도 보완이 될 것 같습니다.
본캐로는 엥간하면 안했으면 하는, 가슴이 시켜도 한번 더 생각해봐야하는 직업들
1) 미하일
여장기사 미하일입니다. 유일한 장점은 남캐 선택이 강제되는 유일한 직업이라서 여장하기 좋다는거...?
3누스 이전에는 사냥할때도 본인이 커버쳐야 하는 구역에 서서 잡몹을 상대로 로얄가드를 터트려서 사냥하는 방식의 나사빠진 사냥성능과
진짜 쓰레기같이 약한 체급
보스의 패턴별로 가드 타이밍을 따로 익혀야하는 혈압오르는 로얄가드
딱 이 세개만 봐도 말리고 싶은 직업 탑3에 들어가는 직업이 되었습니다.
참고로 '보스 마다' 가드 타이밍을 익히는게 아니라 '보스의 패턴마다' 입니다. 세렌의 경우 장판, 찌르기, 돌진, 팔각레이저, 미트라의 분노, 전방레이저 << 이것들의 가드 타이밍을 익혀야합니다.
그럼에도 불구하고, 미하일의 컨셉, 이팩트, 스킬구조 같은 것들이 자면서도 꿈에서 나오고 눈앞에 아른아른 거린다면 진짜 세번만 더 생각해보고 하셔도 괜찮습니다.
그정도면 어차피 다른걸 본캐로 했다가도 미하일을 하게 되어있습니다.
2) 데슬, 데벤저
안타까운 데몬 형제입니다.
가장 큰 문제점은 두가지로, 다른 직업들에 비해서 이질적인 점프, 글라이딩과 보조무기인데요.
점프야 적응한다 쳐도 '장착시 영교불인 주제에 드랍률은 칠흑에 비비는' 루포실이 강제되는 직업들입니다.
데미안에서 매우 낮은 확률도 드랍(1년동안 한번먹어봄)되는 루포실은 우선 챌섭에서 괜찮게 작된걸 보는 것 자체가 힘들어서 조상님도 말린다는 보조무기 직작이 강제되는 직업입니다.
그나마 루포실의 장점을 꼽자면 어차피 영교불이라 맘편히 교불 큐브 박고 아스트라로 전승할 수 있다는 점?
챌섭에서는 고점보기가 매우 힘들고, 본섭도 루포실 매물도 별로 없고 비싼건 매한가지라서 보조에서 큰 단점이 보입니다.
데벤저의 경우에는
'피흡이 엄청나게 잘되는 스킬 세팅인데, 체력이 적을수록 강해지는 컨셉이라서, 회복량을 제한하는 스킬로 최대한 낮은 체력을 유지하는 구조'를 가진 좀 이상한 직업입니다.
프렌지 브레이크를 통해 회복량을 조절할 수 있지만, 보통은 브레이크를 키면 최종뎀 증가량이 들쑥날쑥해져서 약해지는 탓에 딜량이 확 꺾여서 브레이크를 끈 상태로 딜하다가 데카아웃 할 것 같은 위기에서 키는 용도로 사용하는 편입니다.
피 관리 면에서 숙련도가 낮으면 얼탱이 없이 죽는 경우가 잦기 때문에 뉴비들에게 추천하기는 많이 애매한 직업입니다.
2초뚝을 끼는 경우 젠마다 광역기 스킬인 사우전드 소드를 통해서 사냥할 수 있기 때문에 사냥 능력은 상당히 괜찮은 편입니다.
데슬의 경우에는
은근하게 구조적인 하자는 개편이 많이 되서 유챔으로는 말리고 본캐로는 '으음... 너가 좋으면 뭐...' 정도 수준은 되는 직업입니다. 이제 임팩트 도중도중 3초마다 평타를 섞을 필요도 없고, 오리진 막타도 자동으로 터지게 되어서 오리진 사이에 임팩트 3방을 섞는 등 짜증나는 딜사이클도 완화가 되었습니다.
다만, 마찬가지로 루포실이 강제되고, 체급이 중하~하위권으로 추정되는 편이라 말리지는 않지만 추천하기에도 애매한 직업인 것 같습니다.
3) 신궁
안타까운 비운의 직업 신궁입니다.
뭐, 마우스를 사용한다거나 이런걸 다 떠나서 진짜 개 뻑뻑한, 고조 할아버지 대에서나 쓰던 자전거를 물려받아 녹이 다 쓴 페달을 밟아 돌리는 것 같은 초월적인 후딜과 애매한 낮은 체급으로 비추되는 직업입니다.
조작감은 JOAT, 사거리 이점을 크게 보는 경우도 잘 없지만, 제자리에 박혀있는 보스에서는 나쁘지 않은 수준입니다.
유챔 선택 가이드
1) 렌
아직도 안했어? 독하다 독해
2) 보마
아직도 안했어? 독하다 독해
3) 아란
힘템의 가성비를 고려하더라도 유챔으로 상당히 괜찮다고 생각합니다. 칼로스가 너프먹고 요즘은 다 동층딜 하긴 하지만 1층에서 2층, 2층에서 1층이 비욘더로 깔끔하게 타격되기도 하고, 저점 보장도 어느정도 되어 있는 편이다보니 유챔수준에서 하시기에 불편함이 크게 없다고 생각해요.
4) 일리움
구조가 박살났던 어쩌건 여전히 유챔계에서는 황제의 반열에 있는 일리움입니다.
이젠 야누스도 정상화 되서 게이트 사냥하면서 황혼이 젠을 많이 밀어주기도 하고, 설치해놓고 오브사냥도 괜찮은 편이라서 나쁘지 않습니다. 레드면 몬파딸깍이랑 에픽던전으로 사냥 없이 챌섭 내로 285가 쉽게 찍히기도 하구요.
5) 썬콜
아직도 안했어? 독하다 독해
6) 아크, 제로
연계중에서는 그나마 연습했을 때 쩔쩔 맬 정도는 아니긴 하면서 체급은 상당히 좋은 직업들입니다. 연계 캐릭을 좋아하신다면 나쁘지 않은 선택이 될 것 같습니다.
+) 그동안 챌섭을 지켜바온 바, 챌섭에서 2초뚝 정도는 구매해서 사용할만 합니다(그렇게 큰 투자 X), 또한 제로의 경우에는 챌섭 공짜큐브가 가지는 비중치가 더 크기 때문에 본캐가 어느정도 정착을 해서 챌섭에 투자할 여유가 되시는 분들에 한해서 추천합니다.
수정 6/13)
챌섭에서 도전자 세트 업그레이드를 통해서 2초뚝을 사용할 수 있습니다.
이제 제로의 단점이 많이 상쇄된다고 생각해서 제로도 적극 추천할 수 있지 않나 싶네요.
비추천하는 유챔 직업
1) 칼리, 카데나, 에반
칼리 할바에는 솔직히 카데나 하는게 낫지 않나 싶긴합니다만...
하나같이 나사빠진 점들이 존재하는 도적 직업군 중에서 체급이 좋은 편이라 도적의 싼 템값의 수혜를 받는 직업들이긴 합니다. 그러나 하세 유챔하고 때려치우는 수준에서는 렌, 보마, 아란, 일리움, 썬콜을 두고 굳이 칼리 카데나를 연습해가면서 딜사이클 돌려보고, 숙련도를 쌓을 이유가 없다고 생각합니다.
그 이상으로 언젠가 나올지도 모르는 유니온 챔피언 2차라던지 이런걸 대비하거나, 올유챔 데티해방을 목표로 하는 메교남이라면 나쁘지는 않은 것 같습니다.
마찬가지로 에반도 난이도와 조작감 대비 리턴이 굉장히 애매모호 합니다. 특히 캔슬 키씹힘이 심해서 조작감이 개처박혔고, 난이도에 비해서도 그렇고 전체적인 체급으로 봐도 좀 낮아서 할 이유가 없는 직업이라고 생각해요.
2) 나사빠진 직업
메카닉, 미하일, 신궁 등등 사람들이 말리는데 이유가 있는 직업들
본캐도 아니고 유챔으로 진짜 굳이...?
번외 직업
1) 제논
제논이 저스펙 구간에서 그렇게 쎄지는 않습니다. 노칼 유챔 이상으로 흉림발 구간을 바라보면서 진심부캐로 키우셨을 때는 미친 체급을 제대로 느끼실 수 있으니 추천하지만, 하세유챔 수준에서는 애매한 체급과 쓰레기같은 조작감이 더 불편할 가능성이 높습니다.
2) 메르세데스
운영진이 미워하는 직업인 것 같습니다. 연달아 체급 너프도 먹고, 애매한 연계직업인데다가 이번 오리진 조정으로 인해 간접적으로 너프먹는 걸 보니까 앞으로 날아오를일이 있을까 싶기도 합니다.
3) 배틀메이지
알터 40초가 진짜 상상 이상으로 개같습니다.
알터-파운틴-야누스 설치
40초 뒤에 알터 설치 - 알터 설치 20초 후에 파운틴, 야누스 설치 - 파운틴 야누스 설치 20초 뒤에 알터설치 - 알터설치 40초 뒤에 알터, 파운틴, 야누스 설치
이 구조도 족같고 돌진형 보스에서는 알터를 계속 갱신해야되는 불편함은 조금 존재합니다.
체급도 많이 약한편이구요.
다만, 이런게 전부 괜찮다면 독보적인 텔포ver2와 씹간지나는 스킬들, 꽤 괜찮은 유틸이 있어서 두번정도 생각하고 그래도 하고싶다면 말리지는 않는 그런 직업입니다.
4) 라라
사냥의 신입니다. 사냥은 말할 것도 없이 goat입니다.
다만 보스에서 분출이 1.8초가량 멍때려서 재갱신을 자주해야되는 경우 딜량이 꽤 꺾이는 문제가 있고, 직게에서 양질의 정보 업데이트가 약간 늦는 편입니다.
유튜브에서 정보찾기도 옛날 정보들이 좀 많은 편이라서 애매하구요.
체급도 중~중하위권정도로 추정되긴 하지만, 생각보다는 분출 히트가 잘되는 보스에서는 정뿌를 빡세게 넣지 않아도 클타임이 크게 밀리지는 않습니다.
사냥위주의 플레이방식, 보스에서도 체급보다는 편하게 딜하는걸 선호하신다면 라라도 충분히 본캐로 좋은 직업이라고 생각합니다.
추천 직업들 외에도
제가 해보지 못한 직업이라서 명확하게 추천드리기 어려운 직업들이 좀 있기도 합니다.
무조건 추천 직업에 있는 것만 보지 마시고 직업이 워낙 많으니 많은 직업들의 사냥영상, 보스영상들을 보시고 마음에 꽂히는 것들로 하셔도 괜찮습니다.
이번 챌섭에서 본캐를 정했다가도 마음에 안들면 다음 챌섭에 본캐를 바꾸셔도 메생에 아무런 지장이 없습니다.
그렇게 큰 타격이 아니예요. 키우던 전 본캐는 그냥 유챔, 주보돌이로 쓰셔도 무방하구요.
그러니 너무 따져서 보는 것보다는 마음에 드시는걸로 천천히 즐기시기 바랍니다.
다른 의견이 있으시거나 다른 추천할만한 직업이 있으면 댓글 많이 남겨주시면 감사하겠습니다!
10.3 환산챌 기준이라는 문구는 그냥 그 때 만들어졌던 티어표를 그대로 써서 그래요. 무시하셔도 됩니다.
왼쪽부터 순서대로 좋은거.
비추는 오른쪽으로 갈수록 그나마 나은거
즉, 불독을 비추중에서도 젤 비추함.
시너지 전형  -> 솔플러에게 매우 비추. 약함.
8~10만대에 파티격을 메인으로 가는 라인에서 메리트 있음.
비추
불독 : 일단 기본적으로 뉴비들에게 매우 어려움. 단순히 직업이 어렵다기보다 불독으로 고점을 뽑아내는 과정 자체가 어려움. 짧쿨기를 1초도 쉬지않고 계속 돌리면서 텔마스왑은 물론 보스를 이그나이트 위로 계속 유도하고 돌진과 텔포 등을 조절하면서 보스의 위치를 고정시키는게 고점이고, 이게 안되면 급격하게 dps가 하락함.
메르 : 근래 패치에서 계속 손해만 보는 직업. 너프먹어도 쎄단 이미지가 있는데 실상은 그저그럼.
연계 개 쳐 구리고 익숙해지기 전까진 유니콘에서 계속 삑나서 유니콘만 1초 남아서 연계 도중에 걸림.
속사기인데 선딜있음.
논외 -> 대부분 연계 직업.
스커 : 사실 연계랄것도 없이 스킬 두개 반복해서 누르는게 끝이라 강추라인에 넣고싶었는데 유독 스커에 손가락 피로도 호소하는 사람이 많고, 특유의 선입력 시스템이 이질적이라고 생각하는 사람이 많아서 논외에 넣었음.
꼭 자쿰에서 깡통계로 한번 쳐보고 잘 맞는지 보고 할 것.
블래, 카데나 : 난이도의 대표주자. 진짜 상당히 어려우니까 단순하게 '나정도면 되지 않을까?' 란 마인드로 하지 말았으면 함.
보통 어지간한 피지컬로는 피봄
칼리 : 카 블 바로 아래. 재사용에 따라서 딜사이클을 조금씩 조정해야 고점이 뽑히고 자체 난이도도 좀 있는편. 다만, 앞선 블래 카데나처럼 빡센건 아니고 매력적인 캐릭터 디자인과 스킬 이팩트, 가볍고 스타일리쉬한 플레이가 좋아서 하는 사람들도 많긴함.
제로, 아크 : 얘네는 그래도 연계직업 중에선 쉬운편. 다만, 자꾸 연계직업중에선 쉽다니까 모든 직업중에서도 쉽다는줄 아는 사람이 있는데 그렇진 않음. 둘다 10점 만점에 6점 이상은 되는 난이도고, 당연히 딜사이클을 제대로 굴리면서 딜하는데 시간과 노력이 필요함.
그래도 할만하고 체급도 매우 좋아서 진득하게 붙잡고 할 사람들에겐 추천. 이번 챌섭에서 2초뚝도 줘서 본캐로 하기 괜찮음.
제논 : 순수 체급이 워낙 좋다보니까 6만대만 되도 체급이 슬슬올라오면서 클타임이 좋아지기 시작하긴 하는데...
제대로 체급을 보여주려면 올스탯 레전 둘둘 하는 8만대 이상은 되야하고, 뻑뻑한 조작감과 쓰레기같은 패턴 대응력 때문에 좀 비추함.
불편한데 딜쎄서 애정이 가는 직업들은 결국 너프먹으면 버려지는 경우가 대다수라 제논 박이들만 하면 괜찮을듯."
https://www.inven.co.kr/board/maple/2304/47490,기타,루시드 히든미션(꿈의미로) / 5월 업데이트 요약+@,,2026-05-15 23:48,35157,16,"[수정/추가 사항]
1. 사정상 조금 늦게 본문으로 갱신했습니다. 신규 사항도 반영했습니다
2.
윷놀이 기간 수정 : ~5/27(수)
-----------------------------
안녕하세요
이 글은 5/14(목) 진행된 업데이트의 중요한 내용들을 각 테마별로 빠르게 확인하실 수 있게 한 글입니다
잘못 적혔거나 누락된 부분 발견 시 말씀해 주시면 감사히 수정하겠습니다
[목차]
1. 본섭 오면서 추가된 루시드 버닝 히든 미션
2. 패치 후 메할일
3. 캐시 관련 사항
4. 신규 이벤트 핵심 사항
5. 주요 신규&변경&개선 사항들
6. [메이플 어택] 오프라인 이벤트
7. 2026 여름 쇼케이스 [오버드라이브]
★본섭 오면서 추가된 루시드 버닝 히든 미션★
-----------------------------------------------------
* 참여 조건 : 루시드 레벨 80 이상
1)
체인지 버닝 수락한 캐릭터로 석촌호수 루시드에게 말 걸기 -> 노틸러스 침실 입장 -> 꿈의 미로 클리어 :
- 체인지 버닝 : 루시드 이펙트
▶ 꿈의 미로 관련 사항 : 재시도가 불가능해서 제가 클리어한 기준으로 적었습니다. 이 때문에 혹시 거쳐야 하는 맵 수의 경우는 이와 차이가 있을 수 있습니다
- 1번째 맵 입장 시 나비들이 줄지어서 가리키는 포탈로 입장
- 2번째, 3번째 맵에서는 머리 중앙에 더듬이가 있는 나비의 옆 포탈로 입장 -> 클리어
* 예시 - 왼쪽 : 더듬이 있음 / 오른쪽 : 더듬이 없음
2) 이펙트 착용하고 석촌호수 루시드와 대화
- 루시드의 드림캐처 : 메이플 홈 가구
* 위의 아이템 이미지들은 섣버 님 블로그 출처입니다 :
https://blog.naver.com/seotbeo/224284910222
** 맨 처음 발견하신 분 글 링크 :
https://www.inven.co.kr/board/maple/5974/6570585
★패치 후 메할일★
1.
[랭커 펀치킹 이벤트 : 월드 베스트 펀치킹 SEASON 4] : 5/14~5/27
1) 직업별 1~10위 보상만 존재하고 참여 보상은 없으니 랭킹 도전하실 분들만 참여하기
2. [사냥터에서도 가능 : 메이플 어택! 초능력 윷놀이] : 5/14~5/27
1) 마을, 잠수맵, 사냥터에서 로딩과 게임 플레이가 가능하며 맵 이동 중에도 유지됩니다
2) 1/5/10/20회 참여 시 뎀스와 의자 등 치장 보상 수령 가능
3. [장애물 맵 이벤트 : 리버스 차원의 탑] : 5/14~6/17
1) 완주 시 옵션이 없는 칭호와 훈장 보상을 수령할 수 있습니다
4. [신규 이벤트 보스 : 메이플 용사 진] : 5/14~6/17
1) 명의 내 이벤트에 참여할 메이플 ID를 정하여 260레벨 이상 캐릭터로 주간 1회 격파 가능
2) 1번 격파에 조각 20개와 솔 에르다 2개 확정 수령 / 기간 내 총 5회(5주) 격파 가능
3) 물욕 아이템으로 사용 전 1회 교환 가능한 개성 넘치는 코디 아이템 드롭 / 보상은 전부 개인 보상
* 변경 사항 : 5/12 공지사항을 통해 용사 진의 소울이 드래곤 로어 소울로 변경되었습니다
5. [신규 출석 : 여름 사전예약 : 썸머 카운트다운] : 5/14~7/1
1)
매일 1회
, 이벤트 기간 내 총 15회 출석 가능
2) 출석이 5회/10회/15회가 되는 즉시 보약 효과 획득
- 경험치 10% / 일몹뎀 20% : 5/18
- 아케인포스 60 / 어센틱포스 30 : 5/23
- 보공 20% / 방무 20% : 5/28
3) 출석 횟수에 따라 6/17까지 즉시 수령 가능한, 여름 하버캐에 줄 수 없는 보상 총합
- 4배 쿠폰 3개 / 사우니 6장 / VIP 부스터 30개 / 상급 EXP 3000개 / 극성비 4개 / 초성비 1개
4) 출석 횟수에 따라 6/18 업데이트 이후 수령 가능한 보상 총합
- 솔 에르다 10개 / 조각 300개
5) 15회 출석 이후 개방되는 일일 레범몬 미션 : 6/17까지 참여 가능
- 1만 마리 퇴치 시 일일 사용 제한이 없는 악몽의 메아리+ 1개 지급
- 개근 시 총 21개 획득되며, 이는 6/18 2시까지 사용 가능하기 때문에 역시 여름 하버캐에 줄 수 없습니다
6. [프리미엄 PC방 누적 접속 보상 이벤트] : 5/15(금) 0시~6/18
1) 이전 이벤트와 큰 변경 사항 없음
7. [메이플포인트샵] :
5/14~6/17
1) 이벤트 리스트의 코인샵 탭에서 이용 가능
- 메카베리 1만 메포 / 주간 최대 2개
- 솔 에르다 2천 메포 / 주간 최대 5개
★캐시 관련 사항★
1. 로얄 스타일 업데이트 :
https://maplestory.nexon.com/News/CashShop/Sale/614
1) 신규 스라벨
2) 신규 코디 아이템
3) 로얄 스타일 확률
2. 프리미엄 헤어/성형 쿠폰 판매 목록 교체 :
https://maplestory.nexon.com/News/CashShop/Sale/613
3.
[~6/17] NPC 스타일 어워즈 패키지 :
https://maplestory.nexon.com/News/CashShop/Sale/615
1) 패키지 각각 14,900 캐시 : 넥슨 캐시로만 구매 가능
2) 륀느/루스카/류드/술라/트리캣/만지 :
https://maplestory.nexon.com/News/CashShop/EndOfSale/527
3) 엘리자베스/루티/묘랑/랑/시노/화염새 :
http://maplestory.nexon.com/News/CashShop/EndOfSale/531
* 할인해서 판매하는 묶음 패키지는 이번에 판매되지 않습니다
4. [~6/17] 메이플포인트샵 오픈 : 캐시샵이 아닌 이벤트 리스트의 코인샵에서 이용 가능
★신규 이벤트 핵심 사항★
1.
[랭커 펀치킹 이벤트 : 월드 베스트 펀치킹 SEASON 4] : 5/14~5/27
2. [사냥터에서도 가능 : 메이플 어택! 초능력 윷놀이] : 5/14~5/27
3. [장애물 맵 이벤트 : 리버스 차원의 탑] : 5/14~6/17
4. [신규 이벤트 보스 : 메이플 용사 진] : 5/14~6/17
5. [신규 출석 : 여름 사전예약 : 썸머 카운트다운] : 5/14~7/1
6. [프리미엄 PC방 누적 접속 보상 이벤트] : 5/15(금) 0시~6/18
-----------------------------------
1.
[랭커 펀치킹 이벤트 : 월드 베스트 펀치킹 SEASON 4] : 5/14~5/27
1) 단일 몬스터로 변경된 펀치킹 이벤트에 참여 가능
2) 참여 보상은 따로 없으며, 각 직업별 1위부터 10위까지의 랭킹 보상만 존재합니다
2. [사냥터에서도 가능 : 메이플 어택! 초능력 윷놀이] : 5/14~5/27
1) <초능력 윷놀이> 복각
2) 마을과 사우나 종류의 잠수맵을 포함 사냥터에서도 매칭과 게임 플레이 가능하며 매칭과 게임 도중 맵 이동 시에도 유지됩니다
3) [메이플ID당 1회] 윷놀이 플레이 횟수에 따라 보상 획득 가능
3.
[장애물 맵 이벤트 : 리버스 차원의 탑] : 5/14~6/17
1) 이벤트 기간에만 오픈되는 장애물 맵 이벤트입니다
2) 기존 스테이지에 더불어 내려가는 형식의 리버스 차원의 탑이 오픈됩니다
-
HP가 다 소모되면 다시 처음부터 시작
- 하트를 먹으면 체력 회복
3) 완주 기념 칭호와 훈장 보상 외 다른 보상은 없습니다
4. [신규 이벤트 보스 : 메이플 용사 진] : 5/14~6/17
1) 진의 아이디어로 구현된 이벤트 주간 보스
2) 보스 진 입장과 도전 관련 중요 사항들
-
주간 보스 퇴치 제한에 포함되지 않는 보스입니다
- 강렬한 힘의 결정을 드롭하지 않습니다
- 명의당 하나의 메이플 ID로만 참여 가능하며, 참여할 메이플 ID를 정한 후에는 변경할 수 없습니다
- 선택한 메이플 ID 내에서 매주 하나의 캐릭터(260▲)로만 1회 클리어 가능합니다
▶ 이에 따라 이벤트 기간 내 명의당 1주에 1번, 기간 내 총 5번 퇴치할 수 있는 기회가 주어집니다
​
3) 보스 진 플레이 관련 사항들
▶
https://www.inven.co.kr/board/maple/5974/6549147
: 진 보스 후기 글
- 입장 인원 수에 비례하여 체력과 파티원 공유 데스 카운트 수 조정
- 총 3개의 페이즈로 구성돼 있습니다
-
보스가 스킬을 사용할 때마다 단풍잎이 드롭되며, 캐릭터가 가까이 가면 획득됩니다
- 획득한 단풍잎 개수에 따라 최종 데미지가 증가합니다
- 피격 시 획득한 단풍잎이 땅에 떨어지고 이 경우 빠르게 먹지 않으면 사라집니다
- 위 사항들 때문에 스펙적인 부분보다는 컨트롤 실력만 있으면 가능한 보스로 소개됐습니다
4) 보스 진 퇴치 보상
- 위의 물욕 아이템들에 적용되는
아이템 드롭률 증가 옵션 적용 비율은 10%입니다
- 테섭 기준 해당 아이템들의 교환권은 기간 제한이 없습니다
- 5/12(화) 테스트 월드 공지사항을 통해 위대한 용사 진의 소울이 위대한 드래곤 로어의 소울로 교체되었습니다
​
​
5.
[신규 출석 : 여름 사전예약 : 썸머 카운트다운] : 5/14~7/1
1. ""매일"" 출석 가능한 여름 대비 출석 이벤트이며 주요 내용은 다음과 같습니다
2. [메이플 ID당 1회 수령 가능]
카운트다운 선물
- 6/17까지 수령 가능 - 6/18 2시까지 사용 가능하여 여름 하버캐에 줄 수 없음
- 보상 총 개수 :
4배 쿠폰 3개 / 사우니 6장 / VIP 부스터 30개 / 상급 EXP 3000개 / 극성비 4개 / 초성비 1개
3. [메이플 ID당 1회 수령 가능] 썸머 선물
- 6/18업데이트 이후부터 수령 가능
- 보상 총 개수 : 솔
에르다 10개 / 조각 300개
4. 여타 출석 이벤트와 다르게 1주 5회가 아닌 매일 출석 가능함에 따라 개근 기준 보약 효과 획득 일자는 다음과 같습니다. 7/1까지 적용됩니다
1) 경험치 10% / 일몹뎀 20% : 5/18
2) 아케인포스 60 / 어센틱포스 30 : 5/23
3) 보공 20% / 방무 20% : 5/28
5. 개근 기준으로 15회 출석이 완료된 5/28부터는 6/17까지 1만 마리 퇴치 일일 미션을 통해 일일 사용 횟수 제한이 없는 악몽의 메아리+를 획득하실 수 있습니다
- 개근 시 총 20개
- 6/18 2시까지 사용 가능하여 하버캐에 줄 수 없음
6.
[프리미엄 PC방 누적 접속 보상 이벤트] :
5/15(금) 0시~6/18
1) 저번 달과 구성에 있어 큰 차이 없음
2) 상세 보상
★주요 신규&변경&개선 사항들★
1.
스토리 관련 사항
1) 스토리 연출 AUTO 기능 추가
2)
월드 아카이브 / 콜렉터 퀘스트 / 제네시스&데스티니 해방 퀘스트에 대화 스킵 기능 추가
2. 펫의 포만감이 소진되어도 자동으로 장착 해제되지 않게 개선
- 친밀도 하락되나 장착 해제되지 않음
3. 피스 합성 결과물에 최대 HP/MP 옵션 추가
2026년 5월 14일(목) 점검 후부터 프리미엄 마스터피스, 마스터피스에서 상의/하의/한벌옷, 신발을 획득할 경우, 최대 HP/MP 옵션을 정해진 확률에 따라 획득할 수 있습니다.
4. 일부 아케인리버, 그란디스 지역 퀘스트를 완료하면 마을 이동 기능 사용 시 도착하는 마을이 달라지도록 개선됩니다.
5. 일부 보스 컨텐츠 이용 시 발생하는 지연 현상이 완화됩니다.
6. 파티 퀘스트 로미오와 줄리엣에 출현하는 ’화난 프랑켄로이드’와 ‘프랑켄로이드’가 추방 패턴을 사용하지 않게 수정됩니다.
7.
아래의 맵에서 빠른 이동 메뉴를 사용할 수 있도록 수정됩니다
- 에우렐 / 카라반 피난처 / 저잣거리 / 분수대 광장 / 1층 서쪽 통로 / 햇볕 아롱진 고원 / 발로라 / 에리모스 상점가
8. 세르니움 테마의 상시 장애물 맵 콘텐츠 추가
1) 세르니움(전) 광장의 마뉴와 대화하여 퀘스트를 수락하고 입장할 수 있습니다
2) 총 세 개의 테마가 존재하며 난이도는 기존의 상시 콘텐츠인 끈기/인내/지하철과는 궤를 달리한다고 합니다
- 맵 내에서 제공되는 스킬
3) 각 테마의 모든 스테이지를 클리어할 때마다 업적이 완료되며 업적 보상으로 메이플 홈 가구를 수령할 수 있습니다
★[메이플 어택] 오프라인 이벤트★
1. 5월 20일의 콜라보 과자 출시를 시작으로 5월 22일부터 잠실 석촌호수에서 오프라인 전시와 함께 스탬프 퀘스트 등의 다양한 이벤트가 진행됩니다
2. 위의 보상들 외에 추첨 보상도 존재하고 다양한 콜라보 이벤트가 더 진행됩니다.
자세한 내용은
https://mapleisland.nexon.com/mapleattack
공식 이벤트 페이지에서 확인하실 수 있습니다
3. 6/14에는 약 30분 분량의 단편 애니메이션이 극장에서 개봉합니다
- 6/5에 관련 이벤트가 공개됩니다
​
​
* 훈장과 패키지 이미지의 출처는 섣버 님 블로그입니다
★2026 여름 쇼케이스 [오버드라이브]★
1. 쇼케이스 시작 일자 : 6월 13일(토) 오후 4시
-
공식 페이지 :
https://maplestory.nexon.com/promotion/event/2026/20260507/event01
2. 본섭 여름 1차 업데이트 일자 : 6월 18일(목)
3. 쇼케이스 관람 선물"
https://www.inven.co.kr/board/maple/2304/47485,몬스터,헬레나 나이트메어 작은 팁,,2026-05-15 13:34,46081,23,"※ 테섭 : 안전 에겐
최소 전투력 ( 100 레벨 기준 )
★ 테토
: 8초 / 106만 [어센트 모두 사용]
◆ 안전 에겐
: 4초 / 141만
[어센트 사용 X]
● 안전 풀 에겐
: 4초 / 162만 [어센트 모두 사용]
나메가 어려운
작은 돌정이
들은
마지막 QTE 때문이라도 5개 틀려도 되는
안전 에겐
으로 하시길 바랍니다.
100 레벨 찍었을 때, 대부분의
작은 돌정이
들은
요구 전투력을 넘길 것 입니다.
공격 하다가 위험한 상황이 나올 수 있는 행동을 삭제한게 안전 입니다.
에겐 / 풀 에겐 전투력을 구하실 때
4초 이상의 쿨감을 사용 중이면
4초로 바꿔 입력하세요
ⓘ 결정을 바꾸라는 의미가 아님
체공으로 쿨감 효과 거의 날려 먹고 있기 때문에
극딜 잘 굴리는 4초나 극딜 늦게 올리는 6초나
스킬 사용 횟수가 거의 비슷합니다.
ⓘ 6초가 좀 더 편함
ⓘ 4초는 누적 20초 밀리면 막극 제대로 못 함
100레벨 미만에서의 전투력을 보려면
환산 사이트 - 놀이터 - 루시드 전투력을 알아내신 후,
아래 레벨에 해당하는 숫자를 곱하세요.
( 99 : x0.95 ) ( 98 : x0.90) ( 97 : x0.85)
( 96 : x0.80 ) ( 95 : x0.75) ( 94 : x0.70)
( 93 : x0.65 ) ( 92 : x0.60) ( 91 : x0.55)
( 90 이하 : x0.50 )
ㅡㅡㅡㅡㅡㅡㅡㅡㅡㅡㅡㅡㅡㅡㅡㅡ
​
​
​
극딜
◆ 에겐
●
풀 에겐
순서대로 사용
(1) 체공 해제
(2) 무적
(3) 바인드
(4) (배경) 가든 오브 이터널 드림
(5) 일루전 드래곤 소환수
(6) (짧쿨) 렌드 레버리 & 페어리 더스트
(7) 평딜
(8) 극딜 버프 옆에 극딜 버프 1개 더 생기면
극딜 끝난거니깐 올라가기
ⓘ 새로 생기는 버프는 3초 무적
ⓘ 대부분 이 타이밍에 바인드 끝남
극딜 / 오리진 / 어센트는 서로 상호 작용을 하지 않습니다.
ⓘ 같이 사용 안해도 됨
ⓘ 오리진 / 어센트는 극딜 스택을 쌓아주지 않음
ⓘ 오리진 / 어센트는 사출기가 생성되지 않음
극딜 배경 : 가든 오브 이터널 드림
스택을 쌓는 동안에는 어떠한 데미지도 없습니다.
50, 100, 150, 200
,
250
스택이 모일 때 발생하는
꿈의 꽃 개화
,
영원한 꿈의 꽃
개화만 데미지가 있습니다.
데미지 점유율
[ 17.1% ]
꿈의 꽃
: 2093 2500% 데미지로 4회
[ 82.9% ]
영원한 꿈의 꽃
:  4 0621 5000% 데미지로 1회
스택 쌓는 중에 헬레나 체력이 65.9%, 32.9%가 되어
강력한 공격이 발동하면 극딜이 통째로 날아가므로
바인드 : 사이키스 세레니티와 함께 사옹해야 합니다.
일루전 드래곤
:
브레스
는 스택을 쌓지 않지만
렌드 레버리, 페어리 더스트, 평딜이
나이트메어 (폭탄 마크)를 터트리며 나비 생성,
생성된 나비도 나이트메어를 터트리며 또 나비 생성
.
나이트메어는 최대 30개 까지만 누적됩니다.
x30 부터는 나이트메어가 부여되지 않으므로
x30 전에 터트려서 손실되는 나이트메어가 적도록 해야 합니다.
​
​
​
준 극딜 : 소환수
◆ 에겐
●
풀 에겐
순서대로 사용
(1) 체공 해제
(2) 무적
(3) 일루전 드래곤 소환수
(4) 윗점 후 체공
ⓘ 추가 공격을 했다
면 무적 풀리기 전에 못 올라감
일루전 드래곤 데미지 점유율
[ 12% ] 1단계 : 5358 7500%
[ 16% ] 2단계 : 7145 0000%
[ 24% ] 3단계 : 1 0717 5000%
[ 48% ] 4단계 : 2 1435 5000% (동작 포함 약 7.5초)
​
​
스나이핑 : 8연속 추적 화살
​1타 데미지 4000 ,
이후 4000 씩 증가, 최대 32000
2번째 공격 부터 혼란 상태 이상 적용
안전에서는 이 패턴 나오기 전에
이미 나는
체공 상태
이므로
맵 한 바퀴 도시면 됩니다.
ⓘ
회피에만 집중
하시고, 도중에
체공 풀지 마세요.
ㅡㅡㅡㅡㅡㅡㅡㅡㅡㅡ
짧쿨기
◆ 에겐
..만 사용하는 방법 입니다.
극딜, 준 극딜 기다리는 동안
짧쿨기를 사용할건데요.
아무때나 쓰시면
스나이핑(8추적) 대처가 힘드니깐
특정 패턴
에만 사용 할겁니다.
[ 레전드리 스피어 / 래쓰 오브 엔릴 ]
[ 파워 넉백 / 파이널 샷 ]
[ 애로우 레인 양쪽 즉사 / 휘두르기 ]
[ 리트리트 샷 ]
4개 패턴은 동작이 길며,
1타 공격에 짧쿨기 사용
하시면
패턴 끝나기 전에
다시 체공
할 수 있어서
스나이핑 추적 패턴
에
미리 대비
할 수 있습니다.
특정 패턴
이 나오면 순서대로 사용
(1) 체공 해제
(2)
짧쿨기
: 렌드 레버리 & 페어리 더스트 중
1개 사용
(3) 체공
ⓘ
짧쿨기
2개 쓰지 마세요 (공격 범위 들어가기 전 체공 못함)
ⓘ 빛발치는 레이저 : 렌드 레버리 더 강력합니다.
체공이 쿨이거나
짧쿨기 2개 모두 쿨이면 사용 X
​
​
[ 레전드리 스피어 / 래쓰 오브 엔릴 ]
1타 : 점프하며 앞 공격
2타 : 착지하여 뒤 공격
1타 공격에서
짧쿨기
사용하세요.
ⓘ 1타 공격 방향에서 사용하면
ⓘ 스킬 늦게 눌러져서 2타 맞는 상황 예방
​
​
[ 파워 넉백 / 파이널 샷 ]
1타 : 활을 휘둘러 앞 넉백
2타 : 화살을 위로 쏘아 올리고, 잠시후 지속적으로 떨어짐
1타 또는 2타 준비동작 (위로 쏘아올릴 때) 에서
짧쿨기
사용하세요
​
​
[ 애로우 레인 양쪽 즉사 / 휘두르기 ]
1타 : 가운데로 텔포 후 양쪽에 즉사기 꽂음
2타 : 활을 양옆으로 휘두름
1타 공격에
짧쿨기
사용하세요
​
​
[ 리트리트 샷 ]
헬레나가 없는 구역으로 가서
렌드 레버리
사용
이 패턴의 쿨 타임은 50초 입니다.
헬레나가 사라지는 순간 : 소환수 쿨 43초/50초
패턴 종료 후 : 소환수 쿨 36초/43초 남았으면
소환수 브레스 뿜다가 / 소환수 설치 동시에
헬레나가 위로 튈 수 있습니다.
ㅡㅡㅡㅡㅡㅡㅡㅡㅡㅡㅡㅡㅡㅡㅡㅡㅡㅡㅡㅡㅡ
★ 테토 ★
일부 패턴에 대한 회피 팁만 적습니다.
​
​
​
[ 애로우 레인 양쪽 즉사 / 휘두르기 ]
스나이핑 추적 패턴이 나올 확률이 낮은 2가지 회피 방법을 제시합니다.
<1>
(1) 활
위로 들면 : 체공 + 살짝 내리기
ⓘ 내리셔야 스나이핑 확률 감소
<2>
(1) 헬레나 옆에 있기
(2) 화살 떨어지는 소리 듣고 -> 텔포
ⓘ 헬레나 있는 쪽으로 텔포해야 스나이핑 확률 감소
ⓘ 공격 판정 늦게 끝나서 어렵습니다
​
​
[ 파워 넉백 / 파이널 샷 ]
1 페이즈는 그냥 맞으면서 하실테니 넘어가고
2 페이즈
지속 데미지로 바뀌는
2타 바닥 장판
에 대한 팁 입니다.
2타 준비 동작 이펙트가 나오면
(1) 윗점 -> 체공 -> 천장 박기
(2) 체공 쿨 돌았으면 내려오기
윗점만으로도 지속 데미지 장판의 범위 밖이고,
장판 이펙트 나온 후 체공을 눌렀다면
체공 스킬 쿨 음영 1줄 남았을 때 내려와도 됩니다.
공격 판정이 이펙트보다 약 0.5초 빨리 끝납니다.
​
​
​
​
[ 리트리트 샷 ]
(1) 큰 나무로 가운데로 가세요.
(2)
공격을 시작하면
왼쪽 갔다가 가운데(1)로
오세요
(3) 내려 오세요.
위의 (2) 동작이 리트리트 샷 공격 판정 시간과 일치 합니다.
ⓧ 오른쪽 갔다 오는건 짧아서 안됨
바닥에 꽂히는 화살 이펙트 또는 소리로 타이밍 맞추는 게 아닌
내가 특정 행동을 함으로써 맞추는 거라 매우 쉽습니다.
[ 스나이핑 : 8연속 추적 ]
헬레나가 루시드를 조준하여 8회 연속 추적 화살 발사
4000 피해 시작, 4000 씩 증가, 최대 32000 피해
2번째 화살부터는 혼란 상태 적용
기본 확률
+
거리 비례 확률 증가
기본 확률
때문에
헬레나와 바닥에서 겹쳐있어도 평딜 중에 발동합니다.
확률이 매우 낮기 때문에
최소컷 나온거 거기서 또 깎는다고
수십판 하는거 아니면 보기 힘듭니다.
일정 거리 이상 멀어지면
거리에 비례하여 확률이 증가
합니다.
│ 세로 축 : 헬레나의 1.5배 높이 초과
─ 가로 축 : 텔레포트 0.8 거리 초과
텔레포트 하실거면
헬레나 옆에서 헬레나 쪽으로 텔포해야 간격을 줄일 수 있습니다.
ⓘ 헬레나 왼쪽에서 오른쪽으로 텔포
ⓘ 헬레나 오른쪽에서 왼쪽으로 텔포
ⓥ 텔포 즉시, 헬레나 쪽으로 걸어야 합니다.
★ 테토
[ 애로우 레인 양쪽 즉사 / 휘두르기 ]
에서
텔레포트로 피하는 장면보다 멀어지면 위험합니다.
이 패턴에 피격 시 펫이 HP 물약을 먹은 경우,
일정 시간 동안 무적기 사용이 안될 수 있습니다.
글쓴이는 이 패턴에 맞으면 10회 중 8회는
무적 연타해도 안 눌러져서
이렇게 대처합니다.
회피 순서
(1) [생략 가능] 텔레포트 ← 무의식에 나올듯
(2) 체공
(3) 옆으로 이동
ⓘ 반대로 가면 혼란 상태
(4) 위로 이동
(5) 돌기
우리는
맵 가운데에서 전투
를 하고 있기 때문에
혼란이든, 아니든...
(3) 옆으로 이동
은 가능하므로
체공 했으면 옆으로 이동을 먼저 하는게 좋습니다.
연속 텔포, 연속 덮점, 연속 윗점
은 하지 않습니다.
3개 방법 모두 피격되는걸 경험했습니다.
연속 텔포
텔포와 텔포사이 딜레이가 있습니다.
딜레이 구간에서 조준되면 피격 됩니다.
연속 더블 점프
점프 착지 직전에는 더블 점프를 또 할 수 없습니다.
이 때 조준되면 피격 됩니다.
또, 벽에 다다른 상황에서 반대쪽으로 점프하는 경우
방금 피했던 조준에 다시 들어가서 피격될 수 있습니다.
연속 윗점
캐릭터가 상승 후, 하강으로 바뀌는
포인트에서
조준되면 피격 됩니다.
[ 계속 앞으로만 가요 : 벽으로 가요 ]
헬레나 뒤라도 가까이 붙지 마세요
(활 바닥에 닿인 쪽 포함)
헬레나 와 루시드 사이,
루시드 1 마리 들어갈 공간을 비우세요
(테섭은 3 마리까지 떨어져야 돌아봤음)
[ 강력한 공격 : 언카운터블 애로우 ]
헬레나 체력이
65.9% / 32.9%
되면 나옵니다.
헬레나가 공격 중이면 공격 끝나야 나옵니다.
헬레나가 바인드 중이면 끝나야 나옵니다.
이 패턴의 사용 시간은 10초 입니다.
극딜(막타), 준 극딜 도중에 사라져서
딜량 일부 날려 먹기 싫으시면
66.9% / 33.9%
쯤에
어센트 1개
(최소컷 1%깜)
쓰시면 됩니다.
[ 최후의 발악 : QTE ]
헬레나 체력이
1.9%
되면 나옵니다.
헬레나가 공격 중이면 공격 끝나야 나옵니다.
헬레나가 바인드 중이면 끝나야 나옵니다.
13초 이하로 남았을 때, 바인드를 걸면
QTE 진입 전에 0초가 되어 FAIL 될 수 있습니다.
이 패턴에 진입하면 남은 시간이 3분으로 재조정 됩니다.
퍼펙트하면
어센트가 필요 없고
1개 ~ 5개 틀리면
어센트 1개 ~ 3개 필요할 수 있습니다.
6개는 ...
안될 가능성이 높습니다.
- 저는 이거 못 잡음
- 어센트 써도 게이지가 왼쪽으로 감"
https://www.inven.co.kr/board/maple/2304/47443,기타,챌린저스 대비 캐릭터 선택 가이드,,2026-05-08 17:40,42684,20,"선요약
본인이 메이플이 처음이다 -> 보마, 은월, 렌, 와일드 헌터 중 선택. 고점 보고싶으면 후에 본캐 변경
본인이 유챔을 키울 생각이다 -> 보마, 은월, 렌, 와일드 헌터, 일리움, 썬콜, 추천
본인이 복귀라 어느 정도 보스 패턴을 안다. 고점 보고싶다 -> 카데나, 아크, 제논, 칼리, 제로, 블래스터, 카인 추천
조커픽(상위보스 패턴 숙지 필요) -> 비숍, 팔라딘
반드시 피해야 하는 캐릭터 -> 메카닉, 미하일, 데몬, 나이트워커
웬만해선 피해야 하는 캐릭터 -> 바이퍼, 캡틴, 엔버, 카이저, 에반, 신궁, 패파
언급 안한 캐릭터 -> 적극 추천할 정도는 아니지만 해도 무방.
질답게에 이번 챌섭 캐릭터 추천 요청이 많길래 캐릭터 추천 글 작성해봅니다. 진캐x환산 챌린지, 유튜브에 업로드 된 직업 기록, 연무장 기록에 커뮤 인식과 필자 주관 한스푼씩 섞어서 만들었습니다.
1. 뉴비, 혹은 쉬운 캐릭터를 원하는 사람
난이도를 1순위, 체급을 2순위로 고려한 추천 목록입니다. 본인이 메이플에 매우 많은 시간을 투자할 수 있고, 고점을 보고싶다면 3번 고점 캐릭터에서 선택하셔도 무방합니다.
메이플은 어차피 유니온 챔피언이라는 컨텐츠로 부캐 육성이 반강제되는 게임이라, 이 선택지에서 캐릭터를 선택하여 메이플에 익숙해진 뒤에, 고점이 욕심나면 그 때 어려운 캐릭터로 본캐를 변경하는 것을 추천드립니다.
물론, 여기서 추천한 캐릭터를 본캐로 하셔도 무방합니다.
보마 : 현재 메이플에서 가장 쉬운 캐릭터이자 딜 상위권 캐릭터. 쉽고 강한 캐릭터를 원한다면 추천 1순위. 딸깍 직업 주제에 고점 캐릭터에 들어가도 이상하지 않은 성능이라고 생각합니다.
그럼에도 고점 캐릭터에 넣지 않은 이유는 난이도 대비 비정상적인 성능 탓에 너프 1순위라고 생각하기 때문. 다른 고점 캐릭터들은 난이도가 높다거나(카데나, 제로, 칼리 등) 템 맞추기가 어렵다거나(제논) 나름의 저점을 방어할 명분이 있는데, 보마는 그런 부분이 전무하다보니 고점 직업에는 들어가지 못했습니다.
은월 : 사람들이 잘 모르는 뉴비~유챔구간 꿀통이라고 생각합니다. 많이들 추천하는 직업인 렌과 비교했을 때, 비슷한 수준의 유틸과 난이도, 조금 더 높은 딜량을 가지고 있습니다. 렌과 비교했을 때 방어구 값이 조금 더 저렴한 것도 장점이 될 수 있겠습니다. 유니온 250작 필수 직업인 점 역시 250작을 많이 하기 어려운 뉴비에게 큰 장점이며, 이 점 때문에 추후 본캐를 바꾼다 하더라도 소소한 메리트가 있습니다.
단점은 힘 직업이라 아이템이 다소 비싸다는 점, 보마나 와헌에 비해 체급이 밀리는 점이 있습니다.
렌 : 많은 사람들이 뉴비에게 1, 2순위로 추천하는 캐릭터이나, 필자의 주관으로는 4순위 정도라고 생각합니다. 보마, 와헌, 은월에 비해 체급은 밀리고 템값은 비쌉니다.
타 직업과 다르게 단점을 먼저 소개했으나, 매우 쉬운 난이도와 최상급 유틸, 뛰어난 사냥 능력을 가지고 있어 추천하는 캐릭터입니다. 렌에 애정이 있거나, 이미 다른 추천 캐릭터를 육성하신 분들께 추천드립니다.
와헌 : 활 든 렌이라고 표현할 정도로 렌과 많은 장점을 공유합니다. 훌륭한 유틸과 쉬운 난이도, 뛰어난 사냥능력을 가진 캐릭터입니다. 검이 아니라 활을 든 덕에 템값이 렌에 비해 저렴하며, 체급도 렌보다 높습니다.
단점은 보조무기가 비싸다는 점 정도가 있겠습니다.
2. 유챔 캐릭터 추천
유챔 추천 캐릭터는 뉴비 추천 캐릭터와 기준이 많이 흡사하기에, 중복되는 캐릭터가 많습니다. 중복되는 캐릭터의 설명을 원하신다면 1번을 참고해주시기 바랍니다.
유챔 캐릭터 역시 난이도와 체급을 중점적으로 고려하되, 뉴비 추천 직업에 비해 상대적으로 난이도의 비중을 조금 낮췄습니다.
썬콜 : 높은 쌀피엠, 메이플 최고 유틸인 텔레포트, 준수한 체급과 뛰어난 사냥능력을 가진 캐릭터입니다. 뉴비 추천 직업에 들어가도 이상하지 않지만, 생각보다 누를게 좀 있고 실사용감이 뻑뻑하다는 썬콜 유저분들의 의견을 반영하여 유챔 추천 라인에 넣었습니다. 본섭 기준 보조가 저렴하다는 것이 여타 추천 직업들과의 차별점이 되겠습니다.
일리움 : 준수한 사냥능력, 준수한 체급에, 썬콜과 마찬가지로 메이플 최고 유틸인 텔레포트를 보유했으며, 3개의 자체무적기와 체공이라는 타의 추종을 불허하는 유틸 능력을 가지고 있습니다. 다만, 뉴비에게는 비교적 난이도가 있고, 시드링 패치와 오리진 쿨가속 패치로 인해 딜 구조가 망가진 캐릭터로, 혹여 체급 너프라도 한번 들어온다면 그대로 나락 갈 수 있는 아슬아슬한 캐릭터입니다. 다만 망가진 딜 구조를 무시하고 기존 사이클대로 굴려도 높은 체급으로 충분히 배율대로 보스를 칠 수 있기에, 현 시점 기준으로 유챔으로 추천하기에 부족함이 없습니다. 보조가 비싸고 매물이 없다는 단점이 있습니다. 투자 효율이 떨어져 높은 스펙을 보고계시다면 본캐로 추천하기 꺼려진다는 단점도 있지만, 체급이 워낙 높아 낮은 투자효율을 가졌음에도 상위 보스 기록이 준수합니다.
3. 고점 높은 캐릭터를 하고싶은 사람
여기서는 난이도를 거의 고려하지 않고, 성능을 중점적으로 고려하여 캐릭터를 선정했습니다. 높은 난이도 탓에 쌩뉴비에게 추천하기는 어려우나, 이미 어느정도 보스 패턴을 알고있는 복귀 유저나 본캐 변경을 고민중인 유저분들에게는 좋은 선택지가 될 수 있을 것으로 보입니다.
카데나 : 메이플에서 가장 어렵고 가장 강한 직업입니다. 대신 저점 또한 매우 낮아, 충분히 숙련되지 않으면 배율 300퍼로도 데카아웃 할 수 있는 캐릭터입니다. 어려운 대신 고점 하나는 확실한 캐릭터로, 80% 초반대로 여러 보스를 클리어 한 기록이 다수 존재합니다.
아크 : 고점 직업중 숨은 꿀통이라 생각합니다. 여타 고점 직업들에 비해 난이도가 낮고, 좋은 시너지를 가지고있으며, 체급 역시 제논에 밀리지 않습니다.
높은 사냥 피로도와 세렌 상성이 안좋은 점이 단점으로, 유챔 캐릭터로 추천하지 않은 이유이기도 합니다.
제논 : 고점 직업들 중 장단점이 가장 명확한 캐릭터입니다. 단점으로는 유틸이 매우 안좋아 조작감이 뻑뻑하고, 쉬운 딜사이클에도 불구하고 높은 실전딜을 뽑아내기 어려운 구조에, 극딜과 준극딜이 길고, 설치기 비중이 높아 보스를 설치기 안으로 유도해야되는 점, 특수스탯 직업군으로 상위권 매물이 극히 드물고 비싸다는 점이 있습니다. 또한, 저스펙 투자 효율이 박살난 직업이기도 하며, 특히 챌섭에서 지급하는 아이템은 제논의 주스탯인 올스탯% 아이템이 아닌 럭%로 지급하기에, 챌섭에서의 육성 난이도 역시 높다고 할 수 있습니다. 교불 보조 직업군이라 보조 매물이 매우 적은 점 역시 큰 단점입니다.
장점은 상술한 단점을 모두 감안할 만큼 강력한 체급입니다. 사냥 능력이 뛰어나고 원킬 컷이 낮으며, 럭키 다이스로 경험치를 더 먹을 수 있다는 점 역시 소소한 장점입니다. 7~9만대가 목표이신 분들께 적극 추천드립니다.
칼리 : 난이도가 어려운 대신 어려운 만큼의 체급이 나오는 캐릭터입니다. 주스탯인 럭%템이 저렴한 것 역시 장점이며, 높은 난이도를 명분으로 너프를 피해갈 가능성이 높은 직업입니다.
제로 : 어려운 직업의 대명사로 쓰이는 직업중 하나로, 난이도가 높지만 그만큼 강합니다. 5초 이상의 모자가 권장된다는 단점이 있으며, 아스트라 보조 전승을 원한다면 보조 직작이 강제되는 단점도 있습니다.
블래스터 : 카데나, 제로와 함께 메이플에서 어려운 직업으로 손꼽히는 직업입니다. 높은 난이도에 맞는 상위권 체급을 가지고있습니다만 난이도에 맞지 않는 낮은 딜을 가진 시간이 길어 인식은 실체급에 따라오지 못하고 있습니다. 칼리와 마찬가지로 너프를 피해갈 확률이 높은 직업입니다.
카인 : 앞서 소개한 대부분의 고점 직업들이 캔슬이 필요하여 손가락이 바쁜 직업들이라면, 카인의 경우 사용하는 스킬이 많아 머리가 바쁜 직업이라고 할 수 있겠습니다. 다른 고점 직업들에 비해 상대적으로 쉽고, 상대적으로 낮은 체급을 가지고있습니다.
4. 조커 픽 비숍, 팔라딘
강력한 시너지를 가진 직업군들로, 그만큼 본인 체급은 낮습니다. 낮은 스펙으로 상위 보스를 갈 수 있다는게 장점으로, 이 장점을 발휘하려면 상위 보스의 높은 숙련도를 요합니다. 시너지가 문제라는 여론이 꽤 많아 추후 장점이 퇴색될 위험이 있습니다. 주로 높은 주보수익을 내는 부캐를 원하는 고스펙 유저들이 넉넉하게 노칼 유챔 깰 겸 7만급 정도로 만드는 것이 일반적입니다. 상술한 내용이 두 직업의 장단점을 모두 포괄하므로 개별 설명은 생략합니다.
5. 반드시 피해야 할 직업 : 메카닉, 미하일, 데몬, 나이트워커
체급이 지나치게 낮은 캐릭터들입니다. 특히 데몬의 경우 피격 데미지가 증가하는 보조무기인 루포실이 강제되어 생존이 어렵다는 단점까지 가지고있습니다.
간혹 데벤저의 경우 아이템이 저렴하니 부캐 유챔용으로 적당하리라고 지레짐작 하시는 분들이 계신데, 저렴한 만큼 약하고, 남들만큼 세지려면 그만큼 돈을 써야하는 구조입니다. 저렴한게 저렴한 데에는 이유가 있습니다. 마찬가지로, 럭템과 보조가 저렴하다는 이유로 나이트 워커를 고려하는 것 또한 좋지 못한 선택입니다.
상술한 내용이 각 개별 직업의 피해야 할 이유를 모두 포괄하므로 개별 설명은 생략합니다.
6. 웬만해선 피해야 할 캐릭터 : 바이퍼, 캡틴, 엔버, 카이저, 에반, 신궁, 패파
5번에 비해 낫지만 체급이 매우 낮은 캐릭터들입니다. 개별적인 설명이 추가로 필요한 캐릭터들만 개별서술합니다.
엔버, 카이저 : 교불 보조 직업군입니다.
카이저 : 메타에 맞지 않는 평딜 직업군입니다. 고쿨뚝이 강제됩니다.
에반 : 높은 난이도에 비해 리턴이 안나옵니다.
이상 직업 선택 가이드를 마칩니다. 많은 분들의 직업 선택에 도움이 되면 좋겠습니다. 저와 생각이 다른 부분이 있다면 댓글 남겨주세요. 감사합니다"
https://www.inven.co.kr/board/maple/2304/47351,퀘스트,"[23주년] 봄빛 풍경, 단풍빛 추억 공략",,2026-04-23 10:00,78602,23,"23주년 단풍빛 추억 이벤트 공략
석촌호수의 특별한 방문객들과 사진 촬영
1일차 (4월 23일 오전 10시부터 시작 가능)
밍밍부인의 이야기 듣기
석촌호수의 시계탑 사진 촬영하기
위치: 중앙 에오스탑 옆
밍밍부인에게 촬영한 사진 전달하기
보상:  어트렉션 데미지스킨(유닛) , 특별한 츄러스 1개
2일차 (4월 24일 오전 00시부터 시작 가능)
요정 크리엘의 이야기 듣기
석촌호수의 목마 사진 촬영하기
위치: 좌측 최상단
요정 크리엘에게 촬영한 사진
전달하기
보상:
거대 버섯 소환진 교환권 (가구) ,
특별한 츄러스 1개
3일차 (4월 25일 오전 00시부터 시작 가능)
보좌관 티군의 이야기 듣기
석촌호수의 마차 사진 촬영하기
위치: 우측 상단
보좌관 티군에게 촬영한 사진 전달하기
보상:
메이플 어택 세트 선택권
,
특별한 츄러스 1개
4일차 (4월 26일 오전 00시부터 시작 가능)
뮤즈의 이야기 듣기
석촌호수의 솜사탕 사진 촬영하기
위치: 좌측 루시드
뮤즈에게 촬영한 사진 전달하기
보상:
메이플 어택 커스텀 배경 교환권
,
특별한 츄러스 1개
5일차 (4월 27일 오전 00시부터 시작 가능)
촌장 타타모의 이야기 듣기
석촌호수의 빛나는 단풍잎 사진 촬영하기
위치: 우측 매직캐슬
촌장 타타모에게 촬영한 사진 전달하기
보상:
캐릭터 선택창 테마 교환권 - 석촌호수
,
특별한 츄러스 1개
보너스
석촌호수의 특별한 방문객들 만나보기
위치: 우측 버섯집 아래 유나 있는 곳
보상:
봄빛 기념사진 의자
,
특별한 츄러스 5개
​
​
모든 미션 완료!"
https://www.inven.co.kr/board/maple/2304/47324,기타,MVP리조트 슬슬 저축해놓으세요,,2026-04-18 08:43,36048,20,"이번 23주년 이벤트 기간은 6월 17일까지
아마 챌린저스 서버가 6월 18일(목)부터 예상됨
오늘 기준으로 6월 18일까지 목요일은 총 9번 돌아옴
만약 이번주 꺼 리조트 안 썼으면 총 10번임
리조트는 90시간까지 누적됨
브론즈~다이아는 그냥 지금부터 저축하면 되고
레드, 블랙이 문제인데
레드는 5.6.까지 6시간만 남기고 전부 사용
하면 챌섭 열리는 날에 90시간이 딱 차고
블랙은 5.20.까지 알뜰살뜰하게 다 사용한 후에 5.21.부터 저축하면 챌섭 열리는 날에 다 참
비욘드 기준으로 일퀘 하나도 안하고 리조트에 57시간 박으면 260에서 270
만들 수 있음
몬파, 일퀘 등 하면 대략 50시간으로 컷 가능
90시간 풀로 박으면 271렙 달성할 수 있음
몬파 일퀘 익몬까지 하면 첫주 271 후반~272까지도 가능함
첫주 270하고 앵컴 여는 게 레벨업 속도에서 차이 많이 나니깐 미리 저축
해놓으셈"
https://www.inven.co.kr/board/maple/2304/47305,기타,루시드) 이번주 헬레나돌면 70렙 / 4월30일 80렙 / 5월21일 100렙,,2026-04-15 19:43,45397,35,"경험치 공식이 복잡한 줄 알았는데 그냥 1렙 93000 + 레벨당 5400 등차수열이네요
위쪽 구간에서 이변이 일어날 가능성은 낮을 것으로 보입니다
주간미션 210만 + 사냥 90만으로 1주일에 총 300만 경험치 수급 가능합니다
1. 80레벨은 언제 찍히나요?
4월 30일
초기화 직후 달성 가능하며,
사냥을 다 하고 루시드까지 잡았다면
악몽의숲 주간퀘를 깨기 전
에 달성됩니다.
(레전장비 있으면 헬레나 안 잡아도 됩니다 댓글에 보충설명)
2. 블큐+화에큐는 언제 다 털 수 있나요?
총 1.5만 샤드가 수급되는 90레벨에 전부 구매 가능합니다.
노말 헬레나 클리어 기준
5월 7일
, 미클리어 기준
5월 14일
입니다.
번외로 화에큐만 다 터는 건 75레벨, 4월 23일입니다.
3. 버닝 x주 밀렸는데 100렙 찍을 수 있나요?
13주 내내 꾸준히 키웠을 때 100렙을 찍고 남는 잉여 경험치는 11,097,600이고 이는 주간미션 5회분에 해당됩니다.
다시 말해서
5주 동안 아무것도 안 했어도
이후 사냥과 미션을 전부 클리어한다면 100렙 달성이 가능합니다. (버닝을 늦게 지정해도 마릿수는 정상적으로 누적된다고 합니다.)
정확한 양은 이벤트 창에서 '드림 패스' 에 찍히는 EXP 양을 확인하면 됩니다.
이 양이 약
1100만 EXP
를 넘지 않는다면 추가 구매 없이 100레벨이 달성됩니다.
계산 오류나 질문은 댓글 남겨주세요"
https://www.inven.co.kr/board/maple/2304/47295,사냥,경험치 BM 효율 시트(260510 수정),,2026-04-13 19:20,41786,19,"[업데이트 내역]
26.04.13
+ 295레벨 이상(기어드락) 몬스터 추가
+ 이벤트 BM 악몽의 메아리 추가
26.04.17
+ xlsx 파일 가성비 순위 정렬 오류 수정
26.05.10
+ 메포샵 메카베리 농장 입장권 추가
<유의사항(필독)>
1. 공식적인 업데이트는 하지 않음
2. 260레벨
이상의 몬스터와 캐릭터 레벨만 다룸
3.
계산이 올바르지 않을 수 있음
4. 게시글 내 이미지는 모두 예시이며, 정확한 결과를 위해서는 직접 값을 기입해야 함
(
중요
)
1. 경험치 도핑(30분)
사냥 시 사용할 수 있는
30분 단위
도핑 아이템의 효율을 정리한 표입니다.
경매장에서 각 아이템 검색 후, 현재 가격을 입력해주시면 됩니다.
아래
30분 내 사용 부스터
란은 30분 동안 몇 개의 부스터를 사용할 것인지 입력하시면 됩니다.
당연히 부스터를 많이 사용할수록 도핑 아이템들의 효율은 상승합니다.
부스터를 사용하지 않을 때의 효율은 아래 부스터 개수를 모두
0
으로 두시면 됩니다.
2. 경험치 도핑(30일)
사냥 시 사용할 수 있는
30일 단위
도핑 아이템의 효율을 정리한 표입니다.
위와 마찬가지로 아래
부스터 입력란
에는 하루 평균 몇 개의 부스터를 사용하는지 입력하시면 됩니다.
30일 단위 도핑 아이템의 효율은
부스터를
많이 사용할수록
,
하루에 사냥을 많이 할수록
상승합니다.
3. 경험치 BM
재화를 지불하고 경험치를 얻을 수
있는 BM의 효율을 정리한 표입니다.
아래 입력란에는 원하는 내용을 선택 또는 기입하시면 됩니다.
필요 정보에 캐릭터 레벨을 입력하면 자동으로
입장 가능한 가장 높은 지역의 몬스터파크
로 설정됩니다.
4. 필요 정보
현재 재화 시세, 캐릭터, 사냥에 대한 정보
를 입력하는 표입니다.
효율 계산에 큰 영향을 미치니 정확히 기입하셔야 합니다.
5. 가성비 순위
(예시)
위의 모든 가성비 배율을
내림차순 정렬
한 표입니다. 시트 내 값을 수정하면 자동으로 정렬됩니다.
VIP 사우나가 매주 최대 144,000 메포이기 때문에 가성비 배율은 VIP 사우나를 기준으로 계산되었습니다.
예시로,
악몽선경 1단계(12,500 메포)
는 VIP 사우나보다
가성비가
약 4.7배
좋습니다.
참고)
시트의 계산식을 수정할 목적이 아니시면 위 처럼 생긴 칸만 수정하실 것을 권합니다.
[이전 버전]
250704 - https://www.inven.co.kr/board/maple/2304/44903
251222 - https://www.inven.co.kr/board/maple/2304/46627
[시트 사본 주소]
https://docs.google.com/spreadsheets/d/1jkKP5y_wbiQcLep42O2J_PYc1x2uWsjy7__TxLi5ZnY/copy?usp=sharing
오류나 틀린 부분은
댓글
이나
쪽지
부탁드립니다!"
https://www.inven.co.kr/board/maple/2304/47288,기타,[본문 갱신] 이번 테섭 신규 이벤트 등 요약,,2026-04-12 14:25,15066,16,"★ 4/15(수) 이후 클릭해 주신 분들은 본문이 아닌 이 링크의 업데이트 최신 정리 글로 봐주시면 됩니다!
▶
https://www.inven.co.kr/board/maple/5974/6475403
[수정/추가 사항]
1. 사정상 늦게 본문으로 갱신하였습니다. 늦게나마 못 보신 분들은 봐주시면 감사합니다
-----------------
안녕하세요
이 글은 4/9 진행된 테섭과 라이브의 핵심이 되는 내용들을 간략히 보실 수 있게 정리한 것입니다
누락
된 혹은 잘못 적은 부분은 말씀해 주시면 감사히 수정하겠습니다
--------------------
[유료 아이템 및 확률 전수 조사 결과 안내]
이 부분은 원 영상에서 30분 넘게 자세히 설명되니 왜 이게 일어난 현상들인지 궁금하신 분께서는 원 영상을 보셔야 합니다
1. 아이템 드롭률 관련 :
20년 전부터 있던 의도한 부분이 아닌 버그라고 합니다
▶ 후속 조치 : 모든 캐릭터에게 아래 옵션 적용
2. 프리미엄 PC방 드롭률 적용 오류
▶ 후속 조치 : 정상화
3. 아이템 드롭률 증가 적용 비율 안내
* 1번의 추가되는 드롭률은 여기 적용되지 않음
4. 잠재옵션 관련 : 윗부분의 경우 해당 효과가 발동될 확률이 높다는 것이지 옵션 자체가 등장할 확률이 높다는 것은 아닙니다
5. 크리티컬 확률 관련
▶ 후속 조치 : 정상화
[4월 NOW 사과 보상 : 넥슨 ID당 1회]
+ 루시드 오류 보상 수령은 4/15까지입니다
[챌린저스 월드 카이 : 4/16(목) 0시~점검 전 입장 가능]
챌린저스 월드 관련 시간별로 종료되는 일정은
https://www.inven.co.kr/board/maple/5974/6451992?my=post
참고 부탁 드립니다
--------------------
▶ 이 글의 내용들(오늘 테섭에서 공개된 것들)은 본섭 적용 시 변동 혹은 변경될 수 있으며 본섭에 4/16(목) 업데이트 적용 예정입니다
----------------------
[캐시 관련 사항]
1. 신규 로얄 스타일&헤어성형
2. 부티크 기프트
1) 기존보다 기댓값 높임
2) 목록
3) 주요 보상
- 오른쪽은 유료 솔 헤카테 외형
4) 누적 사용 보상
4. 백안 성형 / 흑발 가발 판매
[스킬 관련 신규/변경 사항]
1. 3rd 신규 공용 코어&스킬 조정 사항
1) 공식 릴리즈 :
https://maplestory.nexon.com/testworld/news/all/169
2)
신규 공용 코어 하나, 기존 공용 코어가 개편되는 내용들도 있으며 플레이에 많은 변화를 줄 것
3) 신규 공용 코어 : 기존 5차 직업 공용 스킬을 한 번 더 강화해 주는 스킬이며 직업마다 다른 시각적인 차별화 시도 / 사용성 측면 개선 / 성능적인 부분 개편
- 모험가 전사 : 블리츠 실드 : 공격 기능과 방어 기능 분리 - 신규 추가타 스킬 추가
- 모험가 마법사 : 아르카나 오버라이드 : 최종 데미지 증가하는 구간을 2개의 구간으로 축소 / 준극딜 상황에서도 안정적으로 사용 가능하도록 만렙 기준으로 70초로 지속 시간 증가
- 모험가 궁수 : 이볼브 :  쿨타임 120초 / 극딜 상황에서 의미 있는 스킬로 변경 - 이볼브 사용 시 초반에 공격하는 것 나옴 / 프리저 피닉스 없이도 사용 가능
- 모험가 도적 : 얼티밋 다크 사이트 : 추가타, 막타 추가
- 모험가 해적 : 파이렛 플래그 : / 일반 버프로 변경
- 시그너스 : 팔랑크스 : 사용에 있어서의 스트레스 낮춤
- 영웅 : 프리드 : 1/2/3스택 능력치는 패시브, 4/5스택 능력치는 사용하는 시점에 걸리고 재사용 시 무적이 걸리도록 변경
- 레지 :
레지스탕스 라인 인팬트리
: 최대 공격 횟수 제한 추가, 사용성 개선
- 데몬 : 콜 마스테마 : 시전 시 즉시 12번 데미지 감소 버프 부여 / 추가 강화 공격 추가로 공격적인 피드백
- 노바 : 판테온 : 의미 있는 극딜기로서 기능하도록 120초 스킬로 변경 / 헤도 버프가 있는 상태에서도 효과 볼 수 있음
- 제로 : 트랜센던트 : 시간의 축복이 발생시키는 잔상이 일정 횟수 이상을 적중시키면 추가 공격 발생
- 키네 : 이계의 잔상 : 지속 시간이 60초로 증가하여 비는 구간 없이 계속 유지
- 레프 : 매직 서킷 풀드라이브 : 주변에 있는 적에게 디버프를 새기고 그 적 타격 시 추가타 발동
- 아니마 : 화중군자 : 기존 부활기에 연꽃 모양의 추가타 발생
4) 다른 공용 코어들에 비해 비교적 적은 재화로 강화 가능하도록 함
* 필요 조각 정리글 :
https://www.inven.co.kr/board/maple/5974/6454590
2. 공용 스킬 조정
1) 에르다 파운틴 : 직업별 데미지 조정 / 재설치 가능 / 일정 시간마다 발동되는 스킬로 변경 / 보스에서는 사용 불가
2) 쓸만한 홀리 파운틴 : 쿨타임 돌면 바로 재설치 가능하도록 변경
3) 공용 스킬 수치 조정 : 직업별 공용 스킬 데미지 평준화
4) 스인미/크오솔 쿨타임 240초로 변경
3. 스킬 가속 시스템 추가
1) 오리진 스킬을 다른 스킬보다 먼저 사용하는, 소위 선 오리진을 극딜 패턴으로 가져가는 경우에는 다음 극딜이나 준극딜 패턴 때 오리진 시전 시간이 길 경우 극딜이 밀리는 현상이 발생했었다. 이것을 해결하기 위해 고민하다가 나온 시스템이다
2) 오리진 스킬 이후에 모래시계 모양의 아이콘이 15초 동안 부여된다. 그 버프가 걸려 있는 동안에 쿨타임 60초 이상 120초 이하의 스킬들을 사용하면 그 스킬들의 쿨타임을 각 직업별 오리진 시전 시간 만큼 깎아 주는 기능이다. 도입 후
의도치 않은 딜링 패턴이 나오면 후속 패치할 것
4. 솔 헤카테 외형 변경 기능 추가
1) 스킬별로 10억 메소 지불 시 모든 색상 해금
2) 10억 메소로 구매 가능한 건 이하 5종이며 현재 2종은 부티크 기프트로 활성화 가능합니다
3) 외형과 일러스트, 보이스도 변경
[개선/변경 사항]
1. 연무장 관련 사항
1) 공용 코어 업데이트로 인해 4/16 기준으로 초기화 예정
2) 운영 기간 중에만 이용 가능하도록 변경 : 이번 운영 기간은 4/30~5/13
2. 보더리스~기어드락 지역 스토리 퀘스트 연출 스킵 추가
3. 아이템/제작 관련
1) 솔 에르다 한 번에 여러 개 사용 가능 기능 추가
2) 아이템 제작 시 마법의 가루(검정) 대신 마법의 가루(보라) 사용하도록 변경 - 10단계 스탯 물약 / 5단계 공마 물약
3)
160레벨 이상 장비 아이템을 분해할 경우 기존보다 많은 최상급 아이템 결정을, 200레벨 이상 장비 아이템을 분해할 경우 더 많은 최상급 아이템 결정을 획득할 수 있도록 변경됩니다.
4. 재접속 시 대부분의 버프 유지되도록 변경  - 유힘 / 세이람 등등등
5. 실험실 탭에 확장 UI 기능 추가
6. 몬컬 관련 사항
1) 탐험 레벨 200 이상부터 이용 가능으로 변경
2) 탐험 보상은 메이플 ID당 일일 10회까지 수령 가능으로 변경
3) 파티 퀘스트 : 1인 입장 가능으로 변경
[신규 이벤트 관련 사항]
1. [프리미엄 PC방 누적 접속 보상 이벤트]
1. 접속 보상 이벤트 : 4/17(금) 0시~5/14
2. [몽환의 시련] 헬레나 : 4/16~6/17
1) 큼직큼직한 패턴을 피하는 플레이 위주
2) 나이트메어의 경우 마지막에 재미있는 연출이 들어가는 패턴이 있다
3) 피니시 어택 보상 이펙트
​
3. [사냥 이벤트] 악몽의 메아리 : 4/16~6/17
1) 이벤트 수락 후 레범몬에게 ""극히 드물게"" 부스터 류 아이템인 악몽의 메아리 아이템 획득 가능
2) 악몽의 메아리
- 1회 거래 가능
-
메이플 ID당 일일 3회까지 사용 가능한 부스터 류 아이템
- 소환되는 몬스터는 경험치 증가 효과를 받지 않습니다
- 중간중간 루시드 스킬 자동 발동
3. [생일 이벤트] 봄빛 풍경, 단풍빛 추억 : 4/23~4/29
1) 1주일 간 진행되는 간단한 이벤트 : 이벤트 맵 곳곳에서 사진 촬영
2) 보상
5. [어린이날 이벤트] 메이플 몬스터즈 : 4/30~5/6
1) 익숙한 미니게임 : 랭킹 X / 솔로 미니게임 - 사우나 하면서도 하실 수 있음 / 잘 되면 나중에 다른 형식으로 나올수 있음
2) 치장형 보상
6. [어메이진 핫타임] : 4/22
1) BTS 진이 직접 진행하는 이벤트 : 시간은 이후 변경될 수 있으나 일단은 오후 8시로 예고
2) 깜짝 선물 : 당일에 시간 상관 없이 접속 시 수령 가능
3) 진의 행운 선물 : 당일 진행 시간에 초대장을 받은 유저 중 인원 추첨
- 뿌리기는 맵에 입장된 1500명에게 모두 지급
- JIN 라벨(투명 장갑/머리 위 이펙트)은 1500명 중 77명만 선정하여 지급 : 교환 가능 - 이는 진이 당첨자를 지목하여 선정할 수도 있음
[4/29 롯데월드 대관 이벤트 관련]
1) 티켓 링크 예매 방식
2) 쇼케이스처럼 초청 이벤트도 진행 : 신청 기간 4/15까지
3) 공식 페이지 :
https://maplestory.nexon.com/promotion/event/2026/20260409/event01
-----------------------------------
2추만 보내주시면 감사드리겠습니다"
https://www.inven.co.kr/board/maple/2304/47259,테섭,(스압주의) 헤카테 스킨별 이펙트/컷신,,2026-04-09 18:55,27018,13,"색상별 이펙트까지 다 뽑으면 너무 많아서 이펙트는 메인색상만 뽑음
30레벨 컷신까지 색상별로 다 다름 작업량 어마어마했을듯...
강원기 시절이면 상상도 못했을게 막 나오네
메소해금 5종 헬리아 / 제피르 / 네뷸라 / 아미쿠스 / 드라코
바우처획득 2종 미미크리 / 루미엘
​
​
​
​
​
​
​
​
​
​
​
​
​
​
​
​
​
​
​
​
​
​
​
​
​
​
​
​
​
​
​
​
​
​
​
​
​
​
​
​​
​
​
​
​
​​
​
​
​
​​
​
​
​
​
​
​
​​​​
​
​
​
​
​
​
​
​
​
​
​
​
​
​
​
​
​
​
​
​
​
​​
​
​
​
.
​
​
​
​
​
​​
​
​
​
​
​
​
​
​
​
​
​
​
​
​
​
​
​
​
​
​
​
​"
https://www.inven.co.kr/board/maple/2304/47189,기타,스킬설명 안읽는 사람들을 위한 루시드 보스 딜 사이클 설명,,2026-03-26 04:24,32859,15,"ONLY 사냥기
보스에서 안씀
루시드 사출기가 있음
아래 나비 생성 스킬을 쓰면 나타남
나비 생성 스킬
(키다운스킬)     (15초쿨 강공)
루시드 칼날
칼날 1개 맞춰도 15회 다 들어가고
나비 범위 내에서 쓰면 나비도 30마리 다 나옴
루시드 강공 레이저
몹 숨었을떄 미리 눌러놔도 맞출 수 있음
↑ 얘는 나비 복사 스킬임
나비나
키다운스킬을 맞추면 나비가 생성되는 디버프를 ㅈㄴ 많이 걸어줌
(배경 바뀌는 스킬)
얘네 친구임
나비를 맞춘 횟수에 따라 추가타를 칠 수 있음
막타 횟수
250회
> 버프 시간 동안 용가리,강공 쓰라는 뜻
루시드 오리진 스킬인데
나비 생성 스킬이 아니라 아무때나 써도됨
얘는 어센트 스킬
일반 직업 어센트 쓰듯이 쓰면 됨
요약
꾸욱
바인드       극딜              15초쿨      키다운"
https://www.inven.co.kr/board/maple/2304/47174,아이템,진 익성비 레벨업 기댓값 표 (완료),,2026-03-23 12:55,71198,17,"많은 분들의 도움으로 오피셜 확률이 나왔습니다.
모두 감사드립니다.
위쪽 행 : 시작 레벨
왼쪽 열 : 목표 레벨
두 행과 열이 만나는 칸 : 필요한 진 익성비 개수 기댓값
진 익성비 VS 일일 컨텐츠 경험치 비교 표입니다.
일일 컨텐츠는 아케인리버 일일 퀘스트 + 몬파 7회로 계산하였고, 보약은 포함하지 않았습니다.
진성/일컨 열의 수치는 진 악성비가 며칠 분량의 일일 컨텐츠와 같은지 나타내고 있습니다.
예를 들어, 200레벨의 진 익성비는 9.80일 치의 일일 컨텐츠량과 같은 결과를 가집니다.
전반적으로 진 익성비의 효율은 다음 일일 퀘스트나 몬파 지역이 해금되기 직전에 가장 높은 값을 가지는 경향을 보입니다.
일일 컨텐츠 ( 일퀘 + 몬파 7회 ) VS 딸기 농장 1회 VS 진 익성비 1개 비교 그래프입니다."
https://www.inven.co.kr/board/maple/2304/47165,아이템,대적자의 큐브 이거 쓰면 나도 에공삼 뜸??,,2026-03-22 17:08,35530,18,"(본 글은 PC에서 작성되어 PC에서 보기 편합니다.)
<글의 목적>
체인지 버닝에서 얻을 수 있는
대적자 큐브(블랙 200개, 화에큐 200개)를 200제 무기에 사용해서
윗잠과 아랫잠 유효옵/이탈옵의 기댓값 파악하기 위함
체인지 버닝에서 얻을 수 있는 드림 샤드(코인)은
총 18,000개로 알려져 있으며
블랙 큐브와 화에큐를 각각 200개 모두 얻기 위해서는
13,000개의 드림 샤드가 필요
(5,000 + 8,000)
<가정>
1) 200제 무기 잠재능력 재설정
2) 대적자의 큐브: 200개
3) 큐브 사용 인원: 30만(300,000)
4) 총 잠재능력 재설정 횟수: 6천만(60,000,000 = 300,000 * 200)
5) 윗잠과 아랫잠에 30만명이 대적자 큐브 200개씩 사용
(잠재 당 6천만번)
6) 동일한 사람에게서 2회 이상의 유효옵이 나타나지 않음
7) 메이플스토리에서 제공하는 잠재능력 재설정 확률로 계산함
8) 윗잠은 정옵 3줄부터, 아랫잠(에디)은 공21%부터 유효로 판단
9) 윗잠 첫줄 보공의 경우, 40%인 경우만 계산
10) 잠재등급은 전부 레전드리
1. 윗잠
[옵션 목록]
공공공,
공공보,
보보공,
보보보
공공보, 보보공의 경우,
공보공, 보공공 혹은 보공보, 공보보 를 같은 옵션으로 생각한다.
(공공보 = 공공보 + 공보공 + 보공공)
(보보공 = 보보공 + 보공보 + 공보보)
이는 이탈 옵션에도 적용된다.
(보공의 이탈 확률이 더 높기 때문에 공%와 보공%의 개수로 구분)
1-1. 윗잠 유효옵
대적자의
블랙큐브 200개
를 사용해서
유효옵(정옵 + 이탈옵)
을 뽑을
기댓값은 약 42%
이다.
30만 메붕이들이 블큐 200개를 사용하면, 40%의 메붕이가 유효옵을 얻는다.
보공%에 비해, 공%의 등장 확률이 낮기 때문에 공공공은 얻기 어려운 옵션이다.
만약 시드링 패치 이전에, 컨티 유저가 보공 다이어트를 하느라 공공공을 뽑았다면,
돈을 많이 썼을 것으로 예상된다.
1-2. 윗잠 이탈옵
대적자의
블랙큐브 200개
를 사용해서
이탈옵
을 뽑을
기댓값은 약 13%
이다.
(둘째 줄과 셋째 줄에서 이탈이 하나 이상인 경우)
30만 메붕이들이 블큐 200개를 사용하면, 12%의 메붕이가 이탈옵을 얻는다.
못해도 10명 중 한 명은 한 줄 이상의 이탈옵을 얻는 셈이다.
보공%의 등장 확률(이탈 확률)이 더 높기 때문에,
보보공의 경우의 수가 많은 편이다.
그에 반해, 공공공 이탈은 굉장히 도전적인 영역이다.
2. 아랫잠(에디)
[옵션 목록]
공21% (+@)
방무는 다루지 않는다.
공18%는 다루지 않지만,
보공18% + 공9% + 공9%의 경우가 존재한다.
최근 시드링 패치로 보공%-공% 밸런스가 조정되었기 때문에,
(보공12% = 공3%)로 계산해, (공18%+보공12%)의 경우를 (공21% +@)로 포함시켜 계산한다.
+@의 경우가 많기 때문에
이탈 옵션은 공%만 다룬다.(공24%, 공30%, 공33%, 공36%)
2-1. 에디 유효옵
대적자의
화이트 에디셔널 큐브 200개
를 사용해서
유효옵
을 뽑을
기댓값은 94%
에 육박한다.
사실상 못 뽑으면 운이 지지리도 없는 셈이다.
만약 무기 에디가 21%급이 아니라면, 이번 기회에 노려보는 것이 좋다.
공+32의 경우,  기댓값이 굉장히 낮은데,
공+32의 등장 확률은 데미지12%, 보공18%와 동일하지만,
공12%(이탈)보다 낮다.
(공+32: 0.01276%, 공12%: 0.02551%)
21%+공32의 경우는 운이 좋은 건지 나쁜 건지 판단하기 모호한 옵션이다.
2-1. 에디 공이탈옵
대적자의
화이트 에디셔널 큐브 200개
를 사용해서
공이탈옵
을 뽑을
기댓값은 약 2.7%
이다.
놀랍게도 에공24%보다 에공삼의 기댓값이 더 높다.
단순 확률 계산으로도 에공삼의 확률이 더 높다.
(에공24% 확률: 0.0026229%, 에공삼 확률: 0.0109838%, 약 4배 차이)
의외로 에공삼의 기댓값이 높으며,
이는 윗잠 이탈 공공공(공33% 이상)의 기댓값보다
약 3배정도 높은 수치이고
윗잠 이탈 보보보(보공105% 이상)의 기댓값과 비슷하다.
에공36%의 경우, 확률 상 시행 횟수가 억 단위로 넘어가야 등장하는 것이며,
기댓값은 약 0.0000003%로, 약 3억 번 넘게 큐브를 돌려야 등장하는 수준이다.
따라서, 그래프의 에공36%는 이상치(outlier)이므로 0으로 간주하는 것이 맞다.
에공삼은 기댓값 상으로, 30만 명중에 6,500명(약 2%)이 얻는 옵션이다.
이는 윗잠 이탈 옵션에 비교한다면, 절대 낮은 수치가 아니다.
주년 이벤트를 맞아, 인구 수도 늘어나는 추세이다.
인구 수가 증가해, 큐브를 돌리는 인원이 많아진다면, 에공삼 역시 많이 등장하게 된다.
오늘부터 할머니 리어카도 부시면서 나쁜 짓을 꾸준히 해서 빌런이 된다면,
나도 에공삼을 얻을 수 있지 않을까?
이번 기회에 모두 에공삼을 얻을 수 있길 바란다."
https://www.inven.co.kr/board/maple/2304/47130,사냥,[도원경~탈라하트] 루시드 제자리 사냥터 (카르시온~탈라하트 추가),,2026-03-19 08:00,70564,19,"마릿수 많고 사람 없고 제자리 가능한 곳으로 골라봤습니다
카르시온,탈라하트는 어지간하면 다 제자리 가능해서
레이저 없이 제자리 가능한 곳들로 가져와봤고
레이저 쓸거면 그냥 버닝 많거나 몬컬 안채운 사냥터 가도 될거 같습니다
도원경~ 아르테리아
루시드 표시 있는 곳에서 사냥기 + 쿨마다 레이저 사용하면 됩니다
탈라하트~카르시온"
https://www.inven.co.kr/board/maple/2304/47118,테섭,[1.2.413] 전 레벨구간 스타포스 확정복구 사용 가이드 (샤타반영),,2026-03-17 10:45,63517,21,"수정사항)
2026.03.21.
- 250제, 샤타, 파방O 기준 오류 수정 (원인: 셀 링크 실수)
- 160제~250제에 대하여 일부파방 (15X, 16X, 17O) 기준으로 한 부록 추가
주의사항)
1. 판별 기준은 기댓값 기준입니다. 개개인의 위험회피성향 반영 X
예) 200제, 노파방, 샤타포스, 거공노작=50억 강화하다가 17성에서 파괴되었다고 가정.
가이드라인 = 기댓값적으로
확정복구 하지 않는 것이 이득이라고 판별
해줌
개인 = 직접강화 기대복구비용 8.26+(1.1x50) = 63.26억 vs 확정복구비용 14.112+50 = 64.112억 이므로
1.013배 대장장이인
확정복구를 이용하는 것이 낫다고 판별
할 수 있음.
""따라서 임계점 근처의 값이 판별 기준일 경우,
선택하기 전에 스스로 한 번 고려해보고 선택합시다.""
2. 나머지 레벨구간에서의 비용 추정과 통일성을 위해
200제에서 기존에 공개된 확정복구 비용 표를 사용하지 않고 파방 샤타포스 순기대비용을 사용하였습니다.
기존 표와 최대 천 만 메소 단위의 오차가 있을 수 있지만 크게 신경쓰지 말고 이용하셔도 됩니다.
3. 계산과정 엑셀 첨부하였습니다
=================================
=================================
이전 글 및 상세 로직(펼치기)
업데이트 예정사항
- '26.3.22.부터 적용되는 ""흔적 복구비용 20% 할인"" 반영
- 130~140제 아이템 반영 (챌섭 블빈마~마이링,데브펜,트왈마 등)
- 최대한 빨리 반영하겠습니다.
=================================
완전 정리본 업데이트 합니다.
=============================================================
=============================================================
파방 안 할 아이템은 여기를 보면 됩니다.
판별 상세로직)
1) 내가 200제 아이템을 강화할 것이며, 파괴방지는 안 할 것이며, 이벤트가 없을때 강화를 한다
15성으로 자동복구시, 기댓값보다 1.85억 적은 메소로 동일한 스페어 개수를 요구하므로 무조건 사용
16성으로 자동복구시, 기댓값보다 1.65억 많은 메소를 요구하지만, 0.07개 적은 스페어를 요구하므로 노작값이 23.57억 이상일 때 사용
17성으로 자동복구시, 기댓값보다 5.6억 많은 메소를 요구하지만, 0.14개 적은 스페어를 요구하므로 노작값이 40.00억 이상일 때 사용
18성으로 자동복구시, 기댓값보다 14.53억 많은 메소를 요구하지만, 0.63개 적은 스페어를 요구하므로 노작값이 23.06억 이상일 때 사용
19성으로 자동복구시, 기댓값보다 9.41억 많은 메소를 요구하지만, 0.33개 적은 스페어를 요구하므로 노작값이 28.52억 이상일 때 사용
20성으로 자동복구시, 기댓값보다 6.39억 적은 메소와 1.58개 적은 스페어를 요구하므로 무조건 사용
21성으로 자동복구시, 기댓값보다 21.68억 적은 메소와 1.75개 적은 스페어를 요구하므로 무조건 사용
22성으로 자동복구시, 기댓값보다 80.94억 적은 메소와 4.56개 적은 스페어를 요구하므로 무조건 사용
2) 내가 200제 아이템을 강화할 것이며, 파괴방지는 안 할 것이며, 샤타포스일때 강화를 한다
15성으로 자동복구시, 기댓값과 동일한 메소와 동일한 스페어 개수를 요구하므로 무조건 사용
16성으로 자동복구시, 기댓값보다 4.39억 많은 메소를 요구하지만, 0.05개 적은 스페어를 요구하므로 노작값이 87.8억 이상일 때 사용
17성으로 자동복구시, 기댓값보다 9.44억 많은 메소를 요구하지만, 0.1개 적은 스페어를 요구하므로 노작값이 94.4억 이상일 때 사용
18성으로 자동복구시, 기댓값보다 23.56억 많은 메소를 요구하지만, 0.43개 적은 스페어를 요구하므로 노작값이 54.79억 이상일 때 사용
19성으로 자동복구시, 기댓값보다 30.6억 많은 메소와 스페어를 0.14개 더 요구하므로 사용할 이유가 없음
20성으로 자동복구시, 기댓값보다 42.93억 많은 메소를 요구하지만, 0.56개 적은 스페어를 요구하므로 노작값이 76.66억 이상일 때 사용
21성으로 자동복구시, 기댓값보다 52.49억 많은 메소를 요구하지만, 0.14개 적은 스페어를 요구하므로 노작값이 374.93억 이상일 때 사용
22성으로 자동복구시, 기댓값보다 80.86억 많은 메소를 요구하지만, 0.9개 적은 스페어를 요구하므로 노작값이 89.84억 이상일 때 사용
파방 할 아이템은 여기를 보면 됩니다.
판별 상세로직
1) 내가 200제 아이템을 강화할 것이며, 파괴방지 설정을 할 것이며, 이벤트가 없을때 강화를 한다
15성으로 자동복구시, 기댓값보다 1.85억 적은 메소로 동일한 스페어 개수를 요구하므로 무조건 사용
16성으로 자동복구시, 기댓값보다 2.48억 적은 메소로 동일한 스페어 개수를 요구하므로 무조건 사용
17성으로 자동복구시, 기댓값보다 3.28억 적은 메소로 동일한 스페어 개수를 요구하므로 무조건 사용
18성으로 자동복구시, 기댓값보다 5.77억 적은 메소로 동일한 스페어 개수를 요구하므로 무조건 사용
19성으로 자동복구시, 기댓값보다 메소는 19.57억 덜 쓰게 되지만, 스페어를 0.57개 더 요구하므로 노작값이 34.33억 미만일때만 사용
20성으로 자동복구시, 기댓값보다 50.88억 적은 메소와 0.19개 적은 스페어를 요구하므로 무조건 사용
21성으로 자동복구시, 기댓값보다 메소는 80.68억 덜 쓰게 되지만, 스페어를 0.1개 더 요구하므로 노작값이 806.8억 미만일때만 사용
22성으로 자동복구시, 기댓값보다 187.29억 적은 메소와 1.23개 적은 스페어를 요구하므로 무조건 사용
2) 내가 200제 아이템을 강화할 것이며, 파괴방지 설정을 할 것이며, 샤타포스일때 강화를 한다
15성으로 자동복구시, 기댓값과 동일한 메소와 동일한 스페어 개수를 요구하므로 무조건 사용
16성으로 자동복구시, 기댓값보다 0.06억 많은 메소와 동일한 스페어 개수를 요구하므로 사용할 이유가 없음
(다만 겨우 600만 메소 더 쓰고편차를 아예 0으로 만들어주므로
안 사용할 이유 또한 없다)
17성으로 자동복구시, 기댓값보다 0.06억 많은 메소와 동일한 스페어 개수를 요구하므로 사용할 이유가 없음
(다만 겨우 600만 메소 더 쓰고편차를 아예 0으로 만들어주므로
안 사용할 이유 또한 없다)
18성으로 자동복구시, 기댓값보다 0.05억 많은 메소와 동일한 스페어 개수를 요구하므로 사용할 이유가 없음
(다만 겨우 500만 메소 더 쓰고편차를 아예 0으로 만들어주므로
안 사용할 이유 또한 없다)
19성으로 자동복구시, 기댓값보다 0.06억 많은 메소와 스페어를 0.7개 더 요구하므로 사용할 이유가 없음
(다만 매우 적은 메소와 소량의 스페어를 더 요구하고 편차를 아예 0으로 만들어주므로
안 사용할 이유 또한 없다)
20성으로 자동복구시, 기댓값보다 0.94억 많은 메소와 스페어를 0.21개 더 요구하므로 사용할 이유가 없음
(다만 매우 적은 메소와 소량의 스페어를 더 요구하고 편차를 아예 0으로 만들어주므로
안 사용할 이유 또한 없다)
21성으로 자동복구시, 기댓값보다 0.91억 많은 메소와 스페어를 0.8개 더 요구하므로 사용할 이유가 없음
(다만 매우 적은 메소와 소량의 스페어를 더 요구하고 편차를 아예 0으로 만들어주므로
안 사용할 이유 또한 없다)
22성으로 자동복구시, 기댓값보다 0.32억 많은 메소와 스페어를 0.56개 더 요구하므로 사용할 이유가 없음
(다만 매우 적은 메소와 소량의 스페어를 더 요구하고 편차를 아예 0으로 만들어주므로
안 사용할 이유 또한 없다)
=============================================================
=============================================================
이전 글 제목: [1.2.199] 의외로 스타포스 자동복구는 혜자다
* 기댓값 자료: 스타포스gg
* 200제 기준입니다. (나머지는 공개된 데이터가 없어서 데이터 수집이 필요함)
결과값이 이상하게 혜자로 나와서 제가 계산이 틀린 부분이 있나 검증 바랍니다. (꼭이요)
특히
15성 자동복구의 경우 샤타포스가 있든 없든 무조건 사용
하셔야 합니다.
로직)
200제, 샤타포스 O, 18성으로 복구하는 기준
장비 파괴 > 복구 시스템을 사용하면 > 확정 노작 1개 + 확정비용 40.1억 메소를 사용하여 > 18성으로 복구
장비 파괴 > 직접 강화 시 > 확정 노작 1개 + 기대 노작 0.43개 + 기대비용 16.54억 메소를 사용하여 > 18성으로 복구
결국 직접 강화를 하더라도 12성 복구에 확정으로 노작 1개가 쓰임.
따라서 23.56억 메소를 더 쓰고, 노작 0.43개를 아낀 셈.
따라서
샤타포스때 18성 복구기준 노작이 54.79억 이상이면 확정복구를 쓰는 것이 이득
입니다."
https://www.inven.co.kr/board/maple/2304/47101,테섭,[1.2.199] 루시드버닝 295레벨 본캐기준 경험치 (수정1),,2026-03-16 01:40,45794,11,"2026.3.17. 01:10 수정1)
악몽의 끄나풀 처치 경험치 반영하였습니다. (총 경험치 약 1.6% 상승)
루시드 EXP 관련 TMI 추가하였습니다
선 1줄 요약:
295레벨 루시드 버닝 지정 시
최소 경험치 약 195조 (22.403%) 획득 가능
(드림이터 2.5만마리 잡으면서 자연스럽게 잡히는 일반몬스터 경험치 미포함)
(296레벨 드림이터 처치 기준)
1. 주간미션 획득 경험치
= 약 114.6조 (매주 약 8.8조)
2.  시즌미션 획득 경험치
= 약 31.4조
3. 드림이터 처치 경험치
= 약 34.5조 (매주 약 2.6조, 296레벨 몹 기준)
* 드림이터는 헤이스트 인페르노 몬스터처럼
추경 효과를 받지 않음
4. 악몽의 끄나풀 처치 경험치
= 약 14.3조
(매주 약 1.1조, 296레벨 몹 기준)
(296레벨 몬스터 기준)
매주 악몽침식 20회 x 40마리씩 x 5번 등장 = 4000마리 처치
5. +@
루시드로 사냥을 해서 얻은 경험치를
변신 해제를 할때 일괄적으로 얻는 방식입니다.
드림이터 처치 경험치
+
일반 몬스터 경험치 +
악몽의끄나풀 처치 경험치
가 해당될 것으로 보이며
3번항목에서
드림이터 처치 경험치
가, 4번항목에서
악몽의끄나풀 처치 경험치
가
포함되었기 때문에
@ =
일반 몬스터 경험치
입니다.
다만, 이 부분은 루시드 체인지 버닝 지정하지 않고도 얻을 수 있는 부분이기에
루시드 체인지 버닝으로 인한 증분이 아니므로 포함하지 않아도 무방.
예시)
6. 루시드 전용 EXP 관련 TMI
드림이터 마리당 경험치 =
25 루시드 EXP
악몽의 끄나풀 마리당 경험치 =
65 루시드 EXP
(추정값, 한번에 많이 잡혀서 제대로 확인 못했는데 나누어떨어지는 적절한 숫자가 없습니다)
악몽의 근원 경험치 =
약 9~10만 루시드EXP
(추정값, 처음 잡을때 1레벨 3만EXP > 2레벨 3만EXP 바로 레벨업)
주간 미션으로 인해 얻는 루시드 EXP는 대략 210만
드림이터 62.5만 + 끄나풀 26만 + 악몽의근원 약 190만
대충
매주 얻을 수 있는 루시드 EXP는 480~500만
정도겠네요.
참고로 2레벨에서 주간미션
210만 EXP를 구매
해본 결과
이정도 오릅니다.
악몽의 숲이 20/40/60/80마다 단계가 오르는걸 생각하면
입장권을 좀 묵혀뒀다가 첫 주 사냥을 다 하고 주간 미션 최대한 민 다음에
20레벨이 되는지 확인 후에 도시는 것이 좋을 것이라 생각합니다."
https://www.inven.co.kr/board/maple/2304/47092,몬스터,보스 몬스터 패턴 변경점,,2026-03-15 14:54,22438,26,"기존의 공격 범위는 회색 사각형으로 표시했습니다.
패턴의 명칭은 현재 패치노트를 따릅니다. 기존의 패치노트와 일치하지 않을 수 있습니다.
0. 공통
공격 무효화, 공격 반사 패턴이 삭제되었습니다. 블러디퀸의 경우, 해당 패턴을 메인으로 사용하는 비탄의 얼굴이 삭제되어, 3개의 얼굴로만 상대합니다.
충돌 판정이 있는 돌진 패턴은 보스가 벽에 도달하는 즉시 판정이 종료됩니다. 해당하는 보스는 다음과 같습니다.
데미안 2페이즈
윌 2페이즈
검은 마법사 1페이즈
선택받은 세렌
카링 1페이즈 - 도올
발드릭스 3페이즈?
1. 윌
​1페이즈 HP 분기가 50%, 0.4% 두 개로 감소합니다.
달빛 보호막 생성 시 달빛 구슬과 검은 구슬이 소멸합니다.
2. 세렌
​
​
태양의 분노: 왼쪽이 하드와 익스트림, 오른쪽이 노멀입니다. 기둥 사이 공간이 생겼고, 하드, 익스트림의 선딜레이가 1.20초에서 1.50초로 증가했습니다. 빗나감 상태이상이 삭제되었습니다.
​
​
태양의 검기:
전방 범위가 30px, 후방 범위가 150px 감소했습니다. 속도가 0.6초 당 110px에서 190px로 증가했습니다. 따라서 태양의 검기를 숙여서 피하는 데 걸리는 시간이 3초에서 1.17초로 감소했습니다.
​
​
​
​
네로타 현신: 모션은 변화 없고, 재사용 대기시간 5초가 추가되었습니다.
[그 외]
네로타의 힘 HP가 대폭 감소했고, 혼란 상태이상이 삭제되었습니다.
3. 칼로스
​
​
1페이즈 감시자의 분노: 선딜레이가 0.57초에서 1.20초로 증가했습니다. 전방 범위가 27px 감소했고, 미간의 사각지대가 전방으로 45px, 후방으로 79px 증가했습니다.
​
​
2페이즈 감시자의 분노: 선딜레이가 0.57초에서 1.20초로 증가했습니다. 전방 범위가 6px 감소했고, 미간의 사각지대가 전방으로 55px, 후방으로 67px 증가했습니다. 단, 불꽃의 생성 시점은 변동 사항 없으나, 스탠스를 무시할 수 없습니다.
​
​
(익스트림) 감시자의 포효: 이 글에서는 기존의 이펙트를 사용했으며, 공격 시점은 추정입니다.
인접한 불기둥 사이에 빈틈은 없으나, 폭이 감소하여 결과적으로 맵 양옆에 228px의 사각지대가 발생했습니다.
[그 외]
칼로스의 의지 조준선이 캐릭터 동작의 영향을 받지 않습니다.
이지, 노멀 모드의 병기 점령 주기가 80초 / 70초로 증가하며, 병기 점령 해제에 필요한 파티원 수 당 타격 수가 구속의 눈과 심연의 눈은 2회, 포격 전투기는 1회로 감소합니다. 이지 모드에서는 오디움의 구체 역시 1회로 감소합니다.
구속의 눈 점령 해제 시 시전 중인 공격이 중단됩니다.
1페이즈 감시자의 처단 (별명: 앞발 내려찍기) 피격 시 기절 지속시간이 1초로 고정됩니다.
2페이즈 감시자의 심판 (별명: 냥냥펀치) 피격 시 기절 지속시간이 1초로 감소합니다.
4. 카링
​
​
태풍: 선딜레이가 0.72초에서 1.02초로 증가했습니다.
​
​
전류 발산: 선딜레이가 0.54초에서 1.02초로 증가했습니다.
​
​
돌진: 엎드려서 피할 수 있습니다.​
​
​
​
3페이즈 도올 - 심판: 선딜레이가 0.72초에서 0.96초로 증가했습니다.
​[그 외]
궁기와 카링이 도주 시 타격이 가능합니다.
2페이즈 감전 지대의 기절 지속 시간이 1초로 감소했습니다.
카링이 행동 불가 상태일 때 죽음의 손아귀가 발동되지 않습니다.
3페이즈에서 캐릭터가 위치하지 않은 흉수 영역에 있는 사흉에게 데미지가 적용되지 않습니다.
어센트 스킬은 정상 적용됩니다.
일부 스킬은 현재 시점이 아닌 스킬 사용 시점 캐릭터의 위치로 적용됩니다.
바이퍼 - 라이트닝 폼의 에너지 오브
캐논슈터 - 빅 휴즈 기간틱 캐논볼
윈드브레이커 - 볼텍스 스피어
렌 - 매화검 3초식 : 일격예인
3페이즈 모든 몬스터의 HP가 감소합니다.
5. 림보
3페이즈 맵의 높이가 130px 증가합니다.
오리진 스킬, 어센트 스킬 사용 중 정화의 기운 사용이 가능합니다.
6. 유피테르
무결의 유피테르 2페이즈 - 스펙트럴 베인 패턴의 이펙트가 변경됩니다.
(영역을 전개하여, 영역 내에 있으면 최종 데미지가 80% 감소하는 패턴)
유피테르 2페이즈 - 에텔 레이서 패턴의 이펙트와 사운드가 변경됩니다.
(캐릭터의 위치에 장판을 설치하고, 폭발시키는 패턴)"
https://www.inven.co.kr/board/maple/2304/47085,테섭,210 ~ 259 구간 경험치 감소 표,,2026-03-14 22:24,18338,16,"210레벨 이후 구간의 경험치가 전체적으로 감소하였습니다.
250레벨대 구간 감소량이 특히 크네요"
https://www.inven.co.kr/board/maple/2304/47021,몬스터,림보의 숨겨진 패턴,,2026-03-02 18:43,11628,13,"0. 초록
림보의 일부 공격은 림보의 현재 체력에 따라 그 위력이 정해진다.
1. 서론
림보의 넉백 공격은 유난히 강력합니다. 그런데 어떨 때는 굉장히 강력하지만, 어떨 때는 약합니다.
그 이면에는 지금까지 분석을 진행하지 않은 mobHPVari에 있다고 보고, 1페의 HP를 40%까지 깎은 다음에 여러 패턴을 맞아서 그 차이를 확인해보았습니다.
2. 영상
​
​
​
​
​
위는 체력 33.0%, 아래는 체력 100%인 상태입니다.
장벽을 생성하는 패턴은 mobHPVari가 있는 패턴으로, 영상과 같이 림보의 남은 체력에 따라 넉백 거리가 크게 달라집니다.
3. 목록
mobHPVari가 있는 패턴을 전부 검색했을 때, 그 목록은 다음과 같습니다. 각각 80% 이상 / 40% 이상 / 40% 미만으로 구분하였습니다.
일반적인 넉백 공격의 강도는 1900입니다.
3.1 스펙터 A
차원 베기: 피격 시 뒤로 600px / 900px / 1200px 텔레포트
전진 공격, 후진 공격: 넉백 강도 1800 / 2500 / 3200
장벽 생성: 넉백 강도 1000 / 2000 / 3000
3.2 진리에 도달한 림보 - 흑
진리의 손아귀: 넉백 강도 1800 / 2500 / 3200
차원 붕괴: 피격 시 뒤로 500px / 900px / 1400px 텔레포트
그 외에도 아즈모스 협곡의 아즈라엘, 챔피언 레이드의 보스 몬스터에도 mobHPVari 속성이 있는 패턴이 확인되나, 딱히 분석할 필요는 없는 것 같습니다."
https://www.inven.co.kr/board/maple/2304/47020,전문기술,유니온 1만 이상 자동배치 미세팁,,2026-03-02 18:18,33346,35,"​
​1. 공격대원 선택에서 SSS 법사블록 n개를 빼둔다.
2. 원하는 배치를 만든 후 영상과 같은 방식으로 빼둔 블록만큼의 구멍을 뚫는다.
3. 자동배치 후 빼둔 블록들을 직접 넣어준다."
https://www.inven.co.kr/board/maple/2304/46985,실험,(장문) 조각의 실제 드랍률과 가중치는 어느정도 일까?,아이폰14,2026-02-21 22:50,31197,17,"참고자료
https://www.inven.co.kr/board/maple/2304/37701?name=subject&keyword=%EB%93%9C%EB%9E%8D
https://www.inven.co.kr/board/maple/5746/232328
(주의)
ChatGPT와 약 48시간의 노가다, 그리고 과거에 기록된 값을 기반으로
계산한 값이기 때문에
정확하지 않을 수 있으나
대체로 이 계산 결과에 동의하며 실제로 게임 플레이 경험 상
이 계산이 대체로 맞는거 같으므로 공개합니다.
+ PC로 보시는 것을 권장합니다. 모바일 환경에서 근거로 제시한 수식이 코드로 보여지는 현상이 있습니다.
1. 조각의 실제 드랍률은?
캐릭터 정보 표기 드랍률 0%로 맞추고 총 28375마리 사냥하여
총 조각 20개 획득
20/28375 = 0.000705 = 0.0705%
표본 수가 아직 낮아서 0.0705%이 정말 정확한 조각 드랍률은 아니지만
일단 keep.
(조각 드랍률은 이보다 조금 더 낮을것으로 추정하나 거의 근사치라고
확신하는 이유는
아래를 더 보면 알 수 있음)
2. 추가 드랍률 196% 일 때 조각의 드랍률은?
캐릭터 정보 표기 드랍률 196%로 맞추고 총 131,857마리 사냥하여
총 조각 획득 111개 획득
111/131857 = 0.000842 = 0.0842%
추가 아이템 드랍률이 196%라면, 드랍률 적용 배수는
1 + 1.96 = 2.96
즉, 0.0705% x 2.96 = 0.2087%
즉 아이템 드랍률 196% 였을때 조각 드랍 확률은 0.2%였어야 하지만,
실제 드랍 확률은 0.08%임.
이 결과로 인해 아이템 드랍률은 가중치가 있다는 것이 확정됨
그럼 가중치가 얼마일까?
3. 아이템 드롭률 증가 옵션이 몇 %만 적용된 것이냐.
실제 드랍률 = 기본 드랍률 x (1 + 1.96a)
a = 가중치
a에 대해 풀면
0.0842 = 0.0705 x (1 + 1.96a)
0.0842/0.0705 = 1.194
1.194 = 1 + 1.96a
1.194 - 1 = 1.96a (
1을 좌변으로 이항)
0.194 = 1.96a
a = 0.194/1.96 = 0.099
드랍률 옵션은 약 9.9%만 적용되고 있다.
드랍률 196% 였을때 실제로 적용되는 효과는
196% x 0.099 = 약 19.4% 증가
4. 좀 이상한데?
여태 경험상 생각한 가중치는 20% 정도였으나 가중치가 너무 낮다고 생각해서 (9.9%)
드랍 0% 사냥을 좀 더 해서 표본수를 더 채워 왔음.
기존 28375마리에 + 9226마리 더 사냥해서 37601마리 사냥해왔음.
표본이 얼마 없는데? 생각 할수도 있는데
이게 1개 천원하는 캐쉬가챠 3만 7천개 까서 통계내놨다 생각해보면 이게 무의미한 값은 아님.
어찌됐던 다시 위와 동일한 방법으로 계산한 기본 드랍률은
0.0665%임.
그럼 가중치는 13.5% 라는거고 대충 가중치나 기본 드랍률은 계산해왔으니
대형 데이터를 갖고 계산을 해보자.
5. 더 큰 데이터를 가져와보자.
우선,
https://www.inven.co.kr/board/maple/5746/232328
이 글의 데이터를 가져와봤음.
1.
드랍 154%
- 열차1 1630마리 (1소재당 조각 개수)
결과) 432개 / 68소재 =
6.35개/1소재
--------------------------------------------------------------------------------
2.
드랍 174%
- 열차1 1630마리
결과) 383개 / 53소재 =
7.22개/1소재
--------------------------------------------------------------------------------
3.
드랍 194%
- 성문4 1760마리
결과) 423개 / 52소재 = 8.13개/1소재 -> 열차1 마릿수로 환산하면?
7.55개/1소재
뭐 대충 이런 통계가 나왔다고 함.
우리는 기본 드랍률과 가중치를 대충 알고 있으니 ChatGPT에게 데이터 던져주고 시뮬레이션 돌려봤음.
그리고 그 시뮬과 실제 데이터가 일치하면 기본 드랍률과 가중치가 어느정도 맞다는게 증명되니까.
시뮬레이션 결과
전제 : 기본 드랍률 0.0665% / 가중치 13.5%
드랍 154%에서 1사이클당 8150마리로 68사이클
드랍 174%에서 1사이클당 8150마리로 53사이클
드랍 194%에서 1사이클당 8800마리로 52사이클
적용 확률
① 드랍률 154%
w
=
154
×
0.00135
=
0.2079
w = 154 times 0.00135 = 0.2079
p
=
0.000665
×
(
1
+
0.2079
)
=
0.0008035
p = 0.000665 times (1 + 0.2079) = 0.0008035
② 드랍률 174%
w
=
174
×
0.00135
=
0.2349
w = 174 times 0.00135 = 0.2349
p
=
0.000665
×
(
1
+
0.2349
)
=
0.0008210
p = 0.000665 times (1 + 0.2349) = 0.0008210
③ 드랍률 194%
w
=
194
×
0.00135
=
0.2619
w = 194 times 0.00135 = 0.2619
p
=
0.000665
×
(
1
+
0.2619
)
=
0.0008391
p = 0.000665 times (1 + 0.2619) = 0.0008391
154%
8150 x 68 = 553,200 마리
553200 x 0.0008035 = 444.5개 (실제 결과 대비 +12)
174%
8150 x 53 = 431,950 마리
431950 x 0.0008210 = 354.0개 (실제 결과 대비 -29)
194%
8800 x 52 = 457,600 마리
457600 x 0.0008391 = 384.1개 (실제 결과 대비 -39)
어? 154% 는 거의 일치했으나, 174%나 194%는 실제가 더 높은 것을 확인하였음.
그럼 아래의 가설을 세워 볼 수 있음.
1. 드랍률이 낮은 구간에는 가중치 0.135가 대략적으로 맞다.
2. 하지만 드랍률이 높은 구간일때는 실제 드랍률이 가중치보다 조금 더 높게 적용되고 있을 가능성이 있다.
6. 그래서 가중치 얼마냐고
154% = 432/553200 = 0.000781
174% = 383/431950 = 0.000886
194% = 423/457600 = 0.000925
드랍률 X%일 때 실제 확률은
p
=
p
0
(
1
+
X
⋅
w
)
p = p_0(1 + X cdot w)
따라서 가중치는
w
=
p
p
0
−
1
X
w = frac{frac{p}{p_0}-1}{X}
​
(1) 드랍 154%
p
p
0
=
0.000781
0.000665
=
1.174
frac{p}{p_0}=frac{0.000781}{0.000665}=1.174
w
154
=
1.174
−
1
154
=
0.174
154
=
0.00113
w_{154} = frac{1.174-1}{154} = frac{0.174}{154}=0.00113
(2) 드랍 174%
p
p
0
=
0.000886
0.000665
=
1.333
frac{p}{p_0}=frac{0.000886}{0.000665}=1.333
w
174
=
1.333
−
1
174
=
0.001915
w_{174} = frac{1.333-1}{174}=0.001915
(3) 드랍 194%
p
p
0
=
0.000925
0.000665
=
1.390
frac{p}{p_0}=frac{0.000925}{0.000665}=1.390
w
194
=
0.390
194
=
0.00201
w_{194} = frac{0.390}{194}=0.00201
가중치는 고정값이 아니다 라는 결론이 나오는데,
가중치는 드랍률이 높아질수록 커지고 있음. (로그형, 곡선 증가)
많은 유저들이 주장하는 드랍%는 솔에르다 조각에 대해 로그 스케일로 적용된다는 가설을
뒷받침하는 증거라고 볼 수 있음.
7. 결론
1. 드랍률이 높아질수록 효율이 감소하는 것처럼 보이지만, 완전한 로그함수는 아니다.
이유 = 로그함수라면 초반 드랍률이 올라갈때마다 조각 드랍이 급증하여야 하는데
0~150% 까지 낮은 구간의 결과로만 봤을때는 선형적이다.
2. 드랍률 증가에 따른 조각 증가폭이 선형이 아니라 완만한 곡선 (볼록 감소형)이다.
3. 낮은 드랍률 구간에서는 선형처럼 보인다.
4. 높은 드랍률 구간에서는 증가 속도가 줄어들어 로그 비슷하게 보일 뿐 포화형 감쇠 곡선이다.
5. 유저 가설 ""드랍이 높을수록 효율이 떨어진다""는 사실이다.
6. 유저 가설 ""로그 스케일 적용""은 사실이 아니고 선형 + 약한 감쇠 곡선의 스케일이다.
8. 뽀나쓰
그렇다면 드메템은 어느정도로 맞춰야 할까?
드메템이 한두푼 하는게 아닌데...
결론부터 말하자면
드랍률은 150% ~ 170% 구간이 가장 가성비가 좋고,
174%를 넘어서면 투자 대비 수익이 급격히 하락하므로 고드랍 세팅은 경제적으로 비효율적이다.
📘
전제 조건 (이미 확보된 값)
🎯
기본 드랍률 (0%)
0.0665%
🎯
드랍률 가중치
0.135
즉 실제 적용 드랍률은:
P
real
=
P
base
×
(
1
+
D
×
0.135
)
P_{text{real}} = P_{text{base}} times (1 + D times 0.135)
📘
드랍률 증가에 따른 기대 조각 증가량
이미 실제 데이터로 확인된 패턴:
0~150% :
거의 선형 증가
150~200% :
증가폭이 약해짐(효율 감소곡선)
실측 증가량(유저 대규모 통계 기준)
드랍률
조각/사이클
154%
6.35
174%
7.22
194%
7.55
증가폭 분석
154 → 174
: +0.87 개
174 → 194
: +0.33 개
➡
드랍률이 높아질수록 추가 20%의 효율이 절반 이하로 감소
즉 드랍률 투자 효율은
점차 떨어진다.
📘
이제 장비 투자 비용을 반영해보자
1) 장비 가격 (※ 드메템 장비 가격은 2026년 2월 21일 기준 각 부위별 장비의 평균값이다.)
드랍 20% : 14억
드랍 40% : 67억
드랍 20% 메획20% : 40억
메획 20% : 14억
메획 40% : 19억
2) 필수 조건
메획 100%는 반드시 맞춰야 함
→ 메획 장비는 강제 5~6부위 필요
나머지 장비 3~4부위를 드랍률로 채운다고 가정
📌
메소 수익 구조
1사이클 기본 메소 : 6천만
조각 1개 : 750만 메소
따라서 사이클당 기대 수익:
수익
=
0.6
억
+
(
조각개수
×
0.075
억
)
수익 = 0.6억 + (조각 개수 times 0.075억)
조각 증가량이 곧 수익 증가량이다.
📘
드랍률 20%를 올릴 때의 수익 증가를 계산해보자
관측된 실제 평균값을 사용:
드랍 증가
조각 증가량
+20% (154→174)
+0.87개
+20% (174→194)
+0.33개
이를 메소로 변환:
✔
154→174 증가수익
0.87
×
750
만
=
652
만메소
/
사이클
0.87 times 750만 = 652만 메소/사이클
✔
174→194 증가수익
0.33
×
750
만
=
247
만메소
/
사이클
0.33 times 750만 = 247만 메소/사이클
📘
드랍 20% 장비 비용 대비 회수 효율
✔ 드랍 20% 장비 가격 =
14억 메소
투자 효율:
구간
증가 메소/사이클
회수에 필요한 사이클
154→174
652만
215사이클
174→194
247만
567사이클
즉,
⭐
174% 이상부터는 투자 효율이 급격히 나빠진다.
📌
드랍 40% 장비는 어떤가?
드랍 +40% 장비 = 67억
→ “드랍 +20% 장비 두 개 효과과 비슷하지만 가격은 2.8배”
하지만 효율은 어떻게 되는가?
만약 154% → 194% (한 번에 +40%)라면 조각 증가량은
6.35
→
7.55
=
+
1.20
개
6.35 to 7.55 = +1.20개
메소 증가량
1.20
×
750
만
=
900
만메소
/
사이클
1.20 times 750만 = 900만 메소/사이클
67억 회수 필요 사이클:
6700
만
900
만
≈
744
사이클
frac{6700만}{900만} approx 744text{사이클}
➡
드랍20%×2 보다 훨씬 비효율적
⭐ 드랍 40% 장비는 절대 가성비가 아니다.
📌
최종 분석 : 어디까지 드랍률을 올리는 것이 가장 효율적인가?
투자 효율을 메소 대비 조각 증가로 환산하면 결론은 하나다.
🎯
가성비 최고 구간은 120% ~ 160% 사이
(너무 높은 드랍률 구간은 효율이 급감)
🎯
드랍 154%는 매우 훌륭한 효율
(20% 투자당 증가폭이 가장 크고 회수기간이 짧다)
🎯
드랍 174%까지는 투자 고려 OK
(회수 200사이클대 → 현실적으로 가능한 수준)
🎯
드랍 194% 이상은 비추천
증가폭 급감
회수 기간 500~700사이클
투자 대비 효율 최악"
https://www.inven.co.kr/board/maple/2304/46971,아이템,프리즘 색상 계열 찾는 법,Waruruya,2026-02-17 16:22,17429,40,"직관적으로 색 구분이 가능한 코디 아이템들의 경우
대부분 염색이 생각한대로 나옵니다.
그런데 색깔이 구분이 잘 안되는 경우들이 있어서
각 계열들을 하나씩 만져가면서 어떤 부위가 바뀌는지 체크해야할 때가 있잖아요?
그럴 때 간단하게 어느 부위가 어떤 색상 계열인지 대강 파악하는 법을 알아냈어요.
저만 지금껏 몰랐다면 죄송합니다.
방법은 간단하게 ->
'
채도 끝까지 올리기'
입니다
이번에 나온 스라벨 모자를 기준으로 보면
딱 봤을 때 노란색 계열, 빨간색 계열은 바뀌겠구나 하는 부분이 보이죠
그런데 채도를 높여보면
이렇게 어두웠던 부분에 파란색 계열과 자주색? 보라색 계열이 드러나게 됩니다.
그래서 굳이 하나씩 눌러서 체크해보지 않더라도 대강 어느 부위의 색깔을 염색하려면
어느 계열을 선택해야할지 알 수 있죠!
그래서 얼마전에 본 글인데
이번에 나온 쫑긋 귀도 얼핏 보면 어느 색상 계열을 골라서 염색해야할지 알기가 어렵지만
채도를 높여서 보면
이렇게 파란색 게열을 건드리면 된다는 걸 알 수 있죠
그래서 파란색 계열을 잡고 명도를 쭉 올려주니 하얀색 귀가 완성되는 모습입니다!
다들 프리즘 하실 때 계열 확인 번거롭게 하시지 마시고 이렇게 해보는 것도 좋은 방법인 것 같아요.
★한줄 요약
★
: 프리즘 색상 계열 찾기 어려우면 채도를 끝까지 올려서 확인해보면 된다"
https://www.inven.co.kr/board/maple/2304/46969,퀘스트,"[히든미션] 설날 이벤트 ""새 해 소원을 말해봐"" + 히든미션",,2026-02-16 10:36,35313,27,"메인미션
첫번째 미션
차원의 도서관 책장과 대화 후 약재조합법 획득
""마야""와 대화하기
우체통 바로 아래 있는 집에 들어가서
마야에게 말을 걸어줍니다
두번쨰 미션
잡화상점에서 새싹 물약 구매후
엘리니아 옆 맵에 있는 ""말하는 나무"" 앞에서 사용하기
엘리니아 마법도서관 옆에 있는 포탈로도 이동가능
""말하는 나무""는 맵 아래쪽에 있습니다
세번쨰 미션
에우렐 오르골에서 스타버블 재생하기
메인미션 보상
​
히든미션
의자에 앉아서 피아와 대화
(예에전에 소원을 들어주는 무지개색 등껍질이라는 퀘스트가 있었음)
히든미션 보상"
https://www.inven.co.kr/board/maple/2304/46955,몬스터,유피테르 패턴 공략,,2026-02-12 10:19,15319,20,"캐릭터를 맵 어디 위치에 두는지에 따라 입장 하는 맵이 달라집니다
(보스 아이콘 아래에 닉네임 표기됨)
보스 간단 설명
유피테르 연성체 둘의 패턴을 비교할때
유피테르쪽이 연성체보다 패턴 피하기 쉬운편이고
연성체는 바닥으로 잠깐 숨는등 텔포 같은 패턴이 많아서 딜로스 나기 쉽기에
2인 파티 경우에도 유피테르쪽을 같이 가시는것을 추천합니다
극딜만 같이 하고 각방 하셔도 ok 시너지 파티의 경우에는
게속 같은 방 하시는게
좋기에 최대한 패턴 피해주셔야 합니다만
3페 이후로는 명령 시간이 짦아지기에 각방 선택 할것인지
아니면 같이 할것인지 숙련도에 따라 선택 하시면 됩니다
*요약
솔플 ~ 2인 = 유피테르쪽 같이 가세요 연성체는 자주 숨거나 사라져서(무적 판정) 공격이 딜로스가 납니다
3인 파티는 3페 부터 유피1명 연성체2명 구성을 추천 합니다 (게이지 유지 하기 편하기 위함)
각방마다 따로 파운틴 설치 되며 바인드 저항도 서로 별도로 굴려지긴 하나
결합으로 넘어가기전에 분리(유피테르/연성체)에서 사용 했던 바인드의 저항이 어느 한곳이라도 남아 있다면
결합후에 바인드 저항이 남아있게 되기에 바인드 거실때 저항 시간 계산 필요 or 브리핑 필요
(저항이 곂칠거 같으면 바인드 걸기 보다 해방 무적으로 극딜 편하게 넣으시고 바인드는 패스 추천)
*요약
(분리)유피테르or연성체는 바인드 저항 서로 별도+결합 = 바인드 저항 공용
3인 파티의 경우에는 1~2페는 유피2명/연성체1명을 추천 하다가
3페때엔 유피테르1명/연성체2명 구성을 추천합니다
3페이즈가 되면 보스에 안맞아도 명령 시간이 끝날때마다 게이지가 자동으로
왼쪽(유피/초록) 아니면 오른쪽(연성체/보라)으로 자침이 치우쳐 지는것과
연성체쪽은
3페이즈부터
피격시 낙인 스택이 새로 생겨서게이지 채우려고
보스에 맞기 힘들어지고
피격되면서 스택이 쌓여서
3대 맞으면 즉사
(5초 이상 안맞아야 스택 사라짐)
하기 쉬운것과
유피테르보다 연성체쪽이
게이지 채우기 힘든 부분이 있어서
3페이즈전까지는 유피테르2인(A,B) / 연성체1인(C) 하시다가 서로 포지션(C/A,B)을 바꾸시거나
숙련도에 따라 한분만 넘어가시거나 하시면 되십니다
(물론 숙련자분은 어떻게 하든 상관은 없습니다)
쉽게 요약하면
보스 처음 입장하면 보스가 분리된 상태로 되어있으며
유피테르방 연성체방 모두 동일하게 `파티 공용` 게이지가 있고
게이지가 균형(하늘색)이 아닌 경우 균형이 되도록 각방에서
패턴에 맞아가며
게이지를 균형(하늘색)에 자침을 맞추시기만 하면 됩니다
자침은 꼭 정중앙이 아니여도 되며 하늘색에 걸쳐 있기만 해도 됩니다
참고로 하늘색이 아닌
다른 색상으로 자침이 넘어간 순간
5초후
해당 색상의 게이지가 3초 마다 +25씩
차게 되서 게이지 관리가 힘드므로
명령 남은 시간 15초쯤(색상100의 경우엔 20초 부터)부터
균형 유지 하도록 다른 색상 맞으시면서 집중 하셔야 하고
최소컷이 아닌 딜이 널널 하신 경우 명령이나
방
넘어가기전엔 일부로 패턴 피하시는거에만
집중 하셔서 게이지 균형 유지 하시면 좋습니다
(중요)
그리고 각 색상별 게이지 80(지표선)부터는
피격 데미지도 증가하게 됩니다
ex)초록 게이지가 80~100(지표선)에 있는 경우
유피테르 패턴 아무거나 피격시 +5~15% 피격 데미지 증가
80 = 5% / 10% (하드) 체비뎀% 증가
100 = 10% / 15% (하드) 체비뎀% 증가
(중요)
그리고 3페이즈부터는 명령 시간이 다될때마다
게이지가 강제로 변동 됩니다
예시1)중립을 유지 하고 있었는데 초록or보라 게이지 60(지표선)쪽으로 강제로 변경됨
예시2)초록or보라 게이지 60(지표선) 상태였는데 게이지가 80(지표선)이 되어버림
(피격시에만 늘어나던 게이지가 3페이즈때부턴 명령이 지나갈때마다 +150이 되는것 입니다)
지표선 게이지 비율
중립 = 400~600 게이지 / 3페이즈 강제 변경 350~650
초록 60 = 301~399 /
초록 80 = 201~300
초록 100 = 0~200
중립이 아닌 60~100 게이지는 모두
3페이즈 명령 시간때마다 강제 변경 +150
ex)명령 시간이 되어서 60만큼 파열수치가 오름과 동시에 게이지도 올라서 80이 됩니다
보라 60 = 601~700
보라 80 = 701~800
보라 100 = 801~1000
결합체는 총3개만 있고 페이즈 상관없이
결합체는 1분40초만 유지 되며
결합체에서도 게이지가 또 있는곳은
균형
의 결합체에서만 나타나며
무결
/
파멸
결합체에서는
나타나지 않으므로
무결/파멸 결합체에서는
체력으로 인한 사망만 조심 하시면 됩니다
유피테르(분리) 패턴
​
​
움짤에 긴 밀격(왼쪽 방향)과 짦은 밀격(오른쪽 방향)
(해당 밀격들은 1~2타 같은 개념이 아니기에 연달아 쓰진 않습니다)
캐릭터 램덤 지정 맵패턴 레이저
긴 밀격
피격시 체비뎀 40% / 50%(하드)
넉백
초록 게이지 +60
짦은 밀격
체비뎀 35% / 45%(하드)
초록 게이지 +50
맵패턴 레이저 (캐릭터 램덤 지정)
피격시 1타당 체비뎀 40% / 45%(하드)
1타당 초록 게이지 +70
보통 해당 패턴으로 게이지 균형을 유지 하면 편합니다 (파운틴 필수)
​
​
보스와 캐릭터가 거리가 먼 경우 보스가 캐릭터 좌표로 텔레포트 하며
보스가 바라보는 방향쪽으로 빔 공격을 씁니다
(게이지 맞춰야할때 급하게 쓸수도 있는 방법입니다)
피격시 체비뎀 65% / 70%(하드)
초록 게이지 +100
​
​
​
​
건틀릿 빔 공격은
건틀릿을 끼고 있는쪽에서만 빔 공격이 나옵니다
(빔은 왼쪽 오른쪽 둘다 나올수있습니다 방향 고정x 동시에 두곳x)
피격시 체비뎀 30% / 40%(하드)
초록 게이지 +45
​
​
보스가 건틀릿 팔을 올리며 초록색 구슬 빛이 보이는 경우
캐릭터 램덤 지정으로 바닥에 초록 전기 장판이 깔리고 1초후 폭발합니다
1타의 경우에는 맞기 쉽기에 되기에 항상 체력 관리가 중요합니다
캐릭터 램덤 지정 바닥 1~2타 폭발 공격 (2페이즈 부터 등장)
피격시 1타 바닥 장판 체비뎀 60%
초록 게이지 +80
피격시 2타 바닥 폭발 체비뎀 80%
초록 게이지 +110
​
​
보스가 건틀릿 팔을 올리며
빨간색 빛
이 보이는 경우
​
​
엎드리시면 피격 x
피격시 체비뎀 40% / 50%(하드)
초록 게이지 +55
바닥 기둥
의 경우 기둥 사이에선 피격되지 않습니다
(바닥 기둥 생성 위치는 램덤)
생성후 1.5초뒤 폭발 하며
피격시 체비뎀 30%
초록 게이지+35
​
​
에어본 공격
좌~우 아무데나 옆으로 빠지시거나 높게 윗점 하시면 안맞습니다
피격시 체비뎀 70%
에어본
초록 게이지 + 90
​
​
쫄몹 소환 (3페이즈 부터 등장)
방의 인원수(1~2명)에 따라 3/5마리만 소환 됩니다
​
​
소환되고 1~2초뒤 주변으로 공격하며
피격시 체비뎀 25%
초록 게이지 +25
​
​
7초내에 못잡을시 쫄몹이 사라지면서 장판이 2초간 깔립니다
쫄몹 남은수에 따라 장판의 갯수는 다르며 가까이 가면 피격됩니다
1마리 장판 2개
2마리 장판 3개
피격시 0.5초 간격으로 체비뎀 20%
초록 게이지 +35
쫄몹은 노말 하드 할거 없이 체력이 매우 낮아서 바로 잡히기에 크게 문제 되지 않습니다
연성체(분리) 패턴
​
​
2인 파티의 경우 연성체로 넘어가실때엔
웬만하면 움짤 보시면 아시겠지만 해당 패턴 때문에 동시에 같이 넘어가시는게 좋습니다
(혹은 브리핑 필수)
맵 레이저 피격시
체비뎀 200%
보라 게이지 +100
​
​
그물망 공격
(2페이즈 부터 등장)
체비뎀 1타당 30% / 40%(하드)
보라 게이지 +30
​
​
피자 패턴
(3페이즈 부터 사용)
피격시 1타당 체비뎀 30% / 40%(하드)
보라 게이지 +25
​
​
순서대로
1.맵 균열 레이저 x자 모양으로 곂치거나 / 모양인 레이저
2.캐릭터 램덤 지정 세로 기둥 공격후 보스 주변 가로 바닥 장판 폭발
3.맵 패턴 세로 기둥 (얆아요)
균열 맵 균열 레이저
피격시 체비뎀 30%
보라 게이지 +20
세로 기둥 공격후 가로 바닥 장판 폭발
기둥의 총 갯수는 8개에 지정 대상은 램덤이며
돌진기나 텔포로 피하기 쉽고 그냥 걷기만 해도 안맞습니다
마지막에 보스 주변에 가로 장판이 생기며 보스가 2초후 손을 내려 찍는 순간 폭발 합니다
피격시 체비뎀 20% / 25%(하드) 마지막 공격 60%
1타당 보라 게이지 +30 마지막 공격 보라 게이지 +60
기둥 8번 다 맞고
마지막 가로 바닥 폭발 까지 맞았을때 보라 게이지 +300
보통 해당 패턴으로 게이지 균형 유지 하면 좋습니다 (파운틴 필수)
맵패턴 세로 기둥(얆음)
피격시 체비뎀 25%
보라 게이지 +15
​
​
밀격후 빔 1~2타
공격
1타의 경우 엎드리면 안맞습니다
2타는 캐릭터 위치에 따라 방향 전환해서 공격 하기도 합니다
피격시
1~2타 체비뎀 40% / 50% (하드)
넉백 (1타만)
보라 게이지 +50
(매우 중요)
이제부터 아래에 나오는 패턴들은
3페이즈
부터 피격시
낙인
이 쌓이게 되는 패턴들입니다
낙인은 총 +2스택 까지 쌓이며 2스택 상태에서
또 한번 피격 되면 200% 데미지가 들어오게 됩니다
낙인은 생기고 나서 1~2스택 둘다 동일하게 안맞으면 5초 뒤 자동으로 풀립니다
3페부터는
게이지 균형 이루실때 이거 때문에 연성체 패턴
조심 하셔야 합니다
​
​
체인 고리 공격
나오는 모양 종류는 총4가지로 연속으로 나올수도 있으나
대체로 도중에 끊기는편입니다
​
​
겉에만 피격 판정이고 안쪽 중앙은
공중 체공이나 덮점 타이밍 잘 맞으시면 피격 x​
피격시 체비뎀 40% / 45%(하드)
보라 게이지+45
3페이즈때 부터 피격시
낙인+1
​
​
캐릭터 램덤 지정
바닥 텔포 공격
(어디로 나올지 미리 바닥에 표식이 나타납니다)
피격시 체비뎀 25%
보라 게이지 +25
3페이즈때 부터 피격시
낙인 +1
​
​
할퀴기 공격
엎드리면 피격x
패턴은
연속으로 나올수도 있고
체비뎀은 같습니다
피격시 1타당 체비뎀 40% / 45% (하드)
보라 게이지 +45
3페이즈때 부터 피격시 1타당
낙인+1
​
​
3구 덩크슛 공격
​
​
보스 뒤 잡으시면 피격X
패턴은
연속으로 나올수도 있고
체비뎀은 같습니다
피격시
체비뎀 40% / 45% (하드)
보라 게이지 +45
3페이즈때 부터 피격시 1타당
낙인+1
​
​
​​구체 소환
폭발
(3페이즈부터 등장)
처음 피격때 기절 1초+보라 게이지 +60 증가후 0.48초뒤
체비뎀이 늦게들어옵니다 40% / 60% (하드) 보라 게이지 +90
낙인1스택때 피격시 50% / 90% (하드) 보라 게이지 +100
​
​
터널 공격
​
​
보스 뒤를 잡으실때
보스와 아예 떨어져야 피격X
엎드리면 안맞습니다
처음 피격때 기절 1초+보라 게이지 +60 증가후 0.48초뒤
체비뎀이 늦게들어옵니다 40% / 60% (하드) 보라 게이지 +90
낙인1스택때 피격시 50% / 90% (하드) 보라 게이지 +100
결합체 패턴 설명
(균형)
균형의 게이지는 0~7까지 있습니다
0 = -80 (중앙)
7 = 각 색상에 맞는 패턴 한번 맞을때 마다
+1 되면서 해당 색상쪽으로 기울어집니다
바닥 지뢰
피격시 1.5초후 폭발 체비뎀 35%
램덤 텔포
보라 게이지 +1
초록~보라 바닥 기둥
색상별로
2페까지는 3개 등장
3페는 4개 까지 같이 등장해서 총8개가 깔립니다
피격시 체비뎀 40% 45%(하드)
색상에 맞게 게이지+1
바닥 기둥의 경우 촘촘하게 붙어있는곳과
살짝 틈이 있는곳은 중앙에 있으면 피격x
​
​
움짤처럼 보스 보호막 안으로 가시거나
왼쪽으로 폭발이 안닿는 범위 밖으로 가셔도 됩니다
다른 종류의 보호막 폭발 패턴들도
색상만 다를뿐 파훼 방식은 똑같습니다
보호막 폭발
피격시 체비뎀 80% 90%(하드)
2초 허약 상태이상
게이지 변화 X
​
​
보라색 손아귀는 1~3타
까지 있으며
2타까지는 엎드리면 피격X
피격시 체비뎀 1~2타 20% 3타 40%
1타당 보라 게이지+1
손아귀 패턴에 안맞거나 캐릭터가 안맞는 범위에 있으면
높은 확률로 보스 패턴이 도중에 끊어지게 되며
이어서 보스가
무릎을 꿇고
보스가 바라보는 정면 기준으로 빔을 쏩니다
피격시 체비뎀 40%
초록 게이지 +1
​
​
드론 공격만 두고 보면 위협적이진 않으나
맵패턴이 워낙에 많이 곂치는거 때문에
여유가 된다면 드론 어그로인 사람은
양측 끝자락 아무데나 공격 빼주시면 좋습니다
드론
1초 동안 캐릭터 추적후 고정되며 2초 동안 공격
피격시 0.5초마다 1타당 체비뎀15%
초록 게이지+1 (여러번 피격되도 단1번만 게이지 증가)
참고로 해당 드론은 보라/초록 색상 구역에 상관없이 피격시 초록색 게이지만 오릅니다
(보라색 빛 쪽에 가서 맞아도 초로색 게이지가 오릅니다)
드론이 고정 되고 처음에 빔 공격을 한지 1초가 지나면 그후엔 피격 당해도 게이지 증가 X
보라색 캐릭터 좌표 공격
은 하늘에 총15개 나타나며
피격시 1개당 체비뎀 30% 35%(하드)
보라색 게이지+1 (여러번 피격되도 1번만 게이지 증가)
​
​
빛의 사슬
(3페이즈부터 등장)
총3개까지만 나타나며 땅에 박히기전 전조 이펙트가 나타납니다
피격시 1타(땅에 박히는 순간 직격타) 체비뎀10%
초록 게이지+1 (1타만 증가)
2타(땅 박힌 상태 닿을시) 체비뎀 55%
1초 기절
초록 게이지+1
결합체 패턴 설명
(무결)
​
​
파티원마다 램덤 색상의 문양이 머리위에 나타나며
5초 안에 문양에 맞는곳을 찾아가야 됩니다
(해당 문양 패턴은 연달아 한번 더 나타납니다)
파티원중 한명이라도 5초 안에 옳바른 곳으로
못들어가면 단체로 같이 파열수치가 증가합니다
실패시 파열수치 +50
성공시 파열수치 -10
​
​
영역존과 락온 폭격
​
​
보스 락온 모션
​
락온 폭격
은 캐릭터 램덤 지정으로
문양이 새겨지고
1.3초후 맵에 폭격 전조 이펙트가 뜨며 1.2초후 폭격이 떨어집니다
해당 캐릭터 머리위에 락온 문양을 보시면 다른 패턴에 맞는 한이 있어도
무조건 왼쪽 OR 오른쪽 위치 잡으셔야 합니다
보통 해당 락온 패턴후 밀격 패턴을 연달아 쓰기에 조심 해야 합니다
피격시
체비뎀 200%
기절 2초
영역존
천장이 먼저 생기며 바닥이 생기는 순간 피격 판정
4초간 유지 되며 닿을시 초록빛이 나타납니다
피격시 0.5초마다 체비뎀 25%
영역존 안에서만 최종뎀 -80% 감소 (닿을시에만 감소)
포탈 빛 공격
생성후 3초간 유지되며 0.5초마다 크기가 3번만 커집니다
피격시 0.2초 마다 체비뎀 30% / 40% (하드)
주로 더블 점프 직업군분들이 조심하셔야 합니다
결합체 패턴 설명
(파멸)
​
​
눈의 주시
​
위의 무결 패턴에서 나오는 락온 폭격과 비슷합니다
해당 문양이 램덤 지정으로 캐릭터 머리위에 뜨고 1초 정도후
​
​
맵에 커다란 눈동자가 생겨나며 2.1초뒤
눈에서 빛이 보이는 순간 터집니다
피격시 체비뎀 200%
결합체의 패턴은 대부분 결합전
유피테르/연성체의 패턴이 많이 나와서
피하는 방법 자체는 똑같습니다
대체로 체비뎀 200% 즉사기들만 조심 하시면 되겠습니다
보스 초간단 압축 요약
분리 상태
(유피테르OR연성체)
의 보스방에서 패턴에 피격 되셨으면
반대편에 있는 파티원에게 (즉사 제외) 패턴에 맞아달라고 브리핑 하시면 됩니다
(게이지가 하늘색에 있다면 괜찮으나 경계선에 걸쳐 있는 경우는 안전을 위해 브리핑 필요)
게이지 아이콘 아래 명령시간이 다가오기전에 자침이 하늘색에 있도록 유지 하면 됩니다
1페 게이지 유지 못하는게 제일 데카 많이 먹습니다 2페(결합) 못해도 크게 문제 되지 않습니다
부족한 글이지만
봐주셔서 감사합니다
도움 주신분
섣버님 https://m.blog.naver.com/seotbeo?tab=1
스카니아 서버
쿨삭님"
https://www.inven.co.kr/board/maple/2304/46948,기타,[2/12~]패치후 메할일&바뀌는것들 요약&주의사항+@ : CROWN 3차 업데이트,,2026-02-10 08:16,40103,44,"[수정/추가 사항]
1. [프론티어 패스] 제목에만 기간 잘못 적혀있던 것 수정 : 본문에서 9주 말씀드린 게 맞습니다(~4/15)
2.
프론티어 패스 보상 :
전부 교환 불가입니다
3.
명의당 20개 구매 가능한 메포 패키지도 이번에 들어옵니다. 캡처 해놓고 뭔가 까먹었다 싶더라니 ㅠㅠ
-----------------------------
안녕하세요
이 글은 2/12(목) 진행되는 CROWN 3차 업데이트의 중요한 내용들을 각 테마별로 빠르게 확인하실 수 있게 한 글입니다.
이번 2월 업데이트로 들어 오는 내용들은 설날 연휴가 껴서 4주가 아닌 5주 동안 적용됩니다
잘못 적힌 부분은 말씀해 주시면 감사히 수정합니다
[목차]
1. 2/11(수) 23:59 종료되는 사항들
2. 점검 전/후 주의 사항
3. 패치 후 메할일
4. 캐시 관련 사항
5. 신규 이벤트 핵심 사항
6. 주요 신규&변경&개선 사항들
7. 23주년 기념 3월 업데이트 일정
▶ 이 글의 내용은 테스트 서버 기준으로 정식 서버 업데이트 시 변동 혹은 변경될 수 있습니다
▶
2/12(목) 점검 예정 시간 : 04~10시
★2/11(수) 23:59 종료되는 사항들★
1. [챌린저스 패스] : 참여 / 보상 수령
2. 2차 [모멘텀 패스] :
참여 / 보상 수령
- 단, 프라임 패스 구매는 23시까지만 가능합니다
3. [버닝 익스프레스] :
참여 / 보상 수령
4. [미혹의 부름]
- 이 이벤트만 보상 수령 2/12 2시까지 가능
-
히든 미션 : 격파 보상으로 받은 정령 이펙트 착용 후 아르테리아 지하 감옥(세라자르 옆 포탈)의 하인즈와 대화, 그 후 반대쪽의 정령 이름 채팅으로 입력 시 다른 정령 이펙트 지급 (혼돈의 정령 / 미혹의 정령)
5. [윈터 부티크 기프트] 판매
- 이벤트 알림이에서 30회/50회 개봉 보상 수령도 종료
6.
[2025년 하반기 BEST 프리미엄 뷰티 쿠폰] 판매
7. [PC방 프리미엄 기프트샵] : 가진 코인 전부 사용하기 - 이월되지 않음
8. 2/8 [썬데이 메이플 : 솔 에르다 타임] 보상 수령
9. [챌린저스 월드 사전리프] : 종료 후 점검 뒤 재개되므로 보상 옮겨줄 때 주의
---------------------
▶ 같이 보기
1. 이벤트 종료 전 수령한 아이템 보상들은 대개 다음날 새벽 2시까지 사용 가능
- 예외 1) [프리미엄 기프트샵] 물품은 구매 후 7일
2. [PC방 누적 보상 이벤트]는 목요일 23:59까지 진행
★점검 전/후 주의 사항
★
1. 3차 [모멘텀 패스]&[프론티어 패스] : 주간 미션 기록 이벤트 수락 후부터 반영
- 이벤트에 참여하기 전에 몬스터파크, 몬스터파크 익스트림, 심볼 일일 퀘스트를 완료한 기록은 주간 미션에 반영되지 않습니다
2.
신규 보스 유피테르와 신규 지역 기어드락 추가 - 해당 되시는 분들은 주간 보스 제한 / 레범몬 경험치 스킬 발동 고려하기
3. 패치 후 헤이스트 이벤트 변경 사항이 없다면 피버 타임으로 이벤트 출석을 1만 마리까지 빠르게 채울 수 있게 됩니다
4. 길드 보급 삭제로 G포션이 삭제되므로 부캐 등에서 이걸 펫에 등록해 두시거나 하는 경우 주의
5. 길드 캐슬 레벨업에 필요한 에너지는 길드 콘텐츠(출석/수로/플래그/주간 미션 포인트)를 통해 획득 가능한데 캐슬 생성 전에 수행 시 사실상 그 주의 에너지는 못 얻습니다. 다만 스펙 관련 콘텐츠는 아니니 마음 편하게 하시는 걸 추천 : 이거 관련해서 좀 더 자세한 내용은 링크 글 하단에서 확인 가능합니다 :
https://www.inven.co.kr/board/maple/5974/6246317
★패치 후 메할일★
▶3월 18일까지 진행되는 [환영이 내리는 밤] 관련 메인 이벤트들은 기존과 메할일 동일합니다
1. 3차 [모멘텀 패스] : 2차와 동일
2. [신규 보스 격파] : 유피테르 격파
1) 노멀 격파 보상 : 의자
2) TOP 3 파티 격파 보상(2/13 오후 7시 시작) : 마을 등장 이펙트/명찰/말풍선/커스텀 배경
3) 하드 최초 격파 이후 모든 유저가 격파 NPC에게 메이플 ID당 1회 보상 수령 가능 : 망토/경쿠/상급EXP/사우나
3. [프론티어 패스] : [챌린저스 패스] 와 동일한 주간 미션
1) 11/20 0시 이후 생성된 캐릭터로만 참여 가능 / 모든 월드 참여 가능
2) 주간 미션 : 심볼일퀘/레범몬(~30000)/주보/익몬/몬파/에픽던전
3) 총 이벤트 기간 9주 중 최종 보상까지 7주하고 조금 더 필요
4) 프리미엄 패스 : 3만 넥슨 캐시로만 구매 가능
4. [헤이스트 BEYOND] : 최대 30만 마리 레범몬 사냥 / 일일 피버 타임 사용
1) 메이플 ID당 1회 매일 피버 타임 사용 : 5분에 약 1만 마리까지 퇴치 가능
2) 1만/5만/10만/15만/20만/25만/30만마리 퇴치마다 경험치 혜택 추가
3) 1만 마리 이후부터 헤이스트 트헌 상자 일일 메이플 ID당 3회까지 별개로 등장
4) 10만/20만/30만 퇴차마다 아이템 보상 획득 : 의자/뎀스/칭호(교환권 개봉 직후부터 30일 동안 사용 가능)
5. [판타지아 피날레] : 3/5부터 진행 : 일일 1천 마리씩 최대 10일
1) 1회 출석에 사우나 1장씩 총 10장
2) 3회 : 엘라노스 성체 라이딩 / 6회 : 엘라노스 가구(1~4단계 변경 가능) / 10회 : 애기 엘라노스 일루전 링
6. PC방 기프트샵, 누적 보상 이벤트 비슷한 사양으로 진행
▶ 프리렌의 경우 캐시 콜라보 판매 외 다른 이벤트나 콘텐츠는 없습니다
★캐시 관련 사항★
1. [로얄 스타일] 업데이트
2. 프리미엄 헤어&성형 목록 :
https://upload3.inven.co.kr/upload/2026/02/06/bbs/i1806552573.jpg
3. 초이스 헤어&성형 목록 :
https://upload3.inven.co.kr/upload/2026/02/06/bbs/i1853429730.jpg
4. 보스 패키지에 유피테르 추가
5. [장송의 프리렌] 캐시 콜라보 아이템 판매
1) 코디 컬렉션 뽑기 : 9,900 캐시 - 각 인물별 코디 상자가 랜덤으로 등장하며 사용 시 모든 파츠를 획득합니다
- 프리렌의 지팡이 착용 시 스킬 <일반 공격 마법(졸트라크)>를 사용 가능
- 페른의 지팡이 착용 시 스킬 <마족을 죽이는 마법(졸트라크)>를 사용 가능
- 쿨타임 6분 / 스킬 이펙트만 있고 효과는 없음
​
​
​
​
- 코디 컬렉션 5개 개봉 시 이벤트 알림이에서 명찰 반지 수령 가능
2) 굿즈 컬렉션 뽑기 : 3,300 캐시 - 안드로이드/칭호/말풍선/얼굴장식/의자
- 굿즈 컬렉션 패키지 10개 개봉 시 이벤트 알림이에서 말풍선 반지 수령 가능
3
) 스페셜 루나 크리스탈 : 3,300 캐시 - 총 4종의 자석펫 출시/3종 착용 시 의자 지급
▶ 프리렌 콜라보 캐시 아이템 이미지 보기 :
https://upload3.inven.co.kr/upload/2026/02/07/bbs/i1724821779.jpg
★신규 이벤트 핵심 사항★
1. 3차 [모멘텀 패스] : 2/12~3/18 : 2차와 동일한 구성과 방식
2. [신을 삼킨 자] : 2/12~3/18 : 유피테르 격파 이벤트
3. [프론티어 패스] : 2/12~4/15  : 11/20 0시 이후 생성된 캐릭터로만 참여 가능한 패스
4. [사냥 가속! 헤이스트 BEYOND] : 2/12~3/18 : 사냥 효율 증가 이벤트
5. [판타지아 피날레] : 3/5~3/18 : 사우나&엘라노스 치장템 출석 이벤트
6. [프리미엄 PC방 혜택&프리미엄 기프트샵] : 2/12~3/18
7. [프리미엄 PC 접속 보상 이벤트] : 2/13~3/19
-----------------------------------
1. 3차 [모멘텀 패스] : 2/12~3/18 : 2차와 동일한 구성과 방식
2. [유피테르 격파 이벤트 : 신을 삼킨 자] : 2/12~3/18
1) 일반 격파 이벤트 보상
2) 선착순 격파 미션 보상 : 2/13 오후 7시 시작
​
​
​
3) 하드 난이도 최초 격파 파티가 나온 직후부터 모든 유저가 메이플 ID당 1회 수령할 수 있는 보상
3. [프론티어 패스] :
2/12~4/15
: 11/20 0시 이후 생성된 캐릭터로만 참여 가능한 패스
1) 11/20 0시 이후 생성된 캐릭터만 참여 가능
- 명의당 1회 참여 가능
- 챌섭 전용 패스가 아니므로 모든 월드에서 참여 가능하십니다
2. [챌린저스 패스] 와 동일한 주간 미션과 참여 방식
1) 심볼 퀘스트 / 몬파 / 익몬 / 에픽 던전 / 레범몬(~30000)
2) 최대 30레벨 / 1레벨 업에 480포인트 필요
3) 1주에 최대 2000포인트 획득 가능
4) 480 포인트 X 30 레벨 = 최종 보상까지 14400 포인트 필요하므로 7주+미션 2개
5) 이벤트 기간은 9주라서 여유 기간 약 1주 / 참여할 캐릭터로는 점검 전에 콘텐츠 참여 시 기록 반영 안 되는 거 주의 필요
3. [프리미엄 패스] : 3만 넥슨 캐시로만 구매 가능
1) 구매 시 챌섭 패스와 동일한 패시브 혜택 적용
2) 구매 시 특별 지원 물품 수령 가능
4. 패스 레벨 달성 보상
:
전부 교환 불가입니다
1) 레벨별 보상
2) 보상 총합 : 기본 + 특별 지원 물품 = 총합
- 조각 : 80개 + 400개 = 총 480개
- 솔 에르다 : 1개 + 4개 = 총 5개
- 사우나 : 2개 + 6개 = 총 8개
- 심볼 교환권 : 100개 + 0개 = 총 100개
- 명예의 훈장 : 60개 + 0개 = 총 60개
- 상급 EXP : 1000개 + 1500개 : 총 2500개
- 경코젬 : 200개 + 0개 : 총 200개
- 카르마 검환불 : 30개 + 150개 = 총 180개
- 카르마 블큐 : 0개 + 10개 = 총 10개
- 카르마 화에큐 : 0개 + 10개 = 총 10개
- 초성비 : 0개 + 1개 = 총 1개
4. [사냥 가속! 헤이스트 BEYOND] : 2/12~3/18 : 사냥 효율 증가 이벤트
1) 이벤트 기간 내 200 이상 캐릭터로 메이플 ID당 일일 1회 피버 타임 발동 가능
- 5분 동안 불꽃 몬스터와 나에게 달려오는 몬스터들 왕창 소환
- 얘네도 경험치 도핑 효과를 받지 않습니다
- 발동 시 드롭되는 해당 구슬 아이템을 먹으면 캐릭터 주위를 회전하는 공격이 발동되어 몬스터 퇴치가 수월해짐
- 구슬 유지 시 5분 간 약 1만 마리 퇴치가 가능한데 이는 테섭 기준 모든 출석 이벤트에서 레범몬으로 인정됩니다
- 열심히 퇴치 시 에스페시아 에픽 상자보다 33% 많은 경험치 량이라고 합니다 : 밑에 링크 첨부
2) 레범몬 1만 마리 퇴치 시부터 등장하는
헤이스트 트레져 박스는 메이플 ID당 1일 3회까지 발견 가능하며 기존의 박스와는 별개입니다
- 레어 기준 폴로, 프리토 레전 상자와 동일하며 이후로는 1.5배씩 증가한다고 합니다
- 위의 경험치 수치는 다른 분이 작성하신 글을 참고하였으며
글 링크는 이와 같습니다 :
https://www.inven.co.kr/board/maple/5974/6231013
- 관련하여 더 자세히 보실 분들은 들어가서 보시는 것 권장드립니다
3) 이벤트 기간 내 레범몬 최대 30만 마리까지 혜택을 누적하고 보상 획득 가능
5. [판타지아 피날레] : 3/5~3/18 : 사우나&엘라노스 치장템 출석 이벤트
1) 레범몬 1천 마리 퇴치 후 일일 출석 가능 / 최대 10일
2) 출석 횟수에 따라 보상 획득
- 1~10회 차 공통 보상 : VIP 사우나 이용권 1개씩
- 3회 보상 : 엘라노스 라이딩
​
- 6회 보상 : 메이플 홈 가구 : 마우스로 클릭 시 1단계씩 모습이 변화합니다
- 10회 보상 : 일루전 링 : 엘라노스
6. [프리미엄 PC방 혜택&프리미엄 기프트샵] : 2/12~3/18
▶ 현재 진행 중인 이벤트와 동일한 구성입니다
1) 이벤트 기간 내 프리미엄 PC방 혜택이 적용됩니다
- 50% 추가 경험치 획득
- 레범몬 퇴치 시 코인 획득 : 게이지 100당 코인 1개 / 매주 최대 750개까지
2) 코인샵 목록 : 주간 리필 / 구매 후 7일 기한
7. [프리미엄 PC 접속 보상 이벤트] : 2/13~3/19
1) 이벤트 기간 내 일일 5시간씩 PC방에서 접속 시간을 누적할 수 있습니다
2) 누적 접속 시간 보상
★주요 신규&변경&개선 사항들★
1. 신규 보스 [유피테르]
​
​
1) 295레벨 이상 / 최대 3인 도전 가능
2) 결정석 가격
3) 관련 이미지 모음 :
https://upload3.inven.co.kr/upload/2026/02/10/bbs/i1782693138.png?MW=800
2. 신규 지역 [기어드락]
1) 295레벨 이상 진입 가능 : 포스 각각 740 / 770 / 810
2)
최고 레벨 지역이 교체됨에 따라 3월부터 풀리는 심볼 선택권부터 탈라하트 심볼을 수령할 수 있게 변경되며, 플래티넘 애플에서 등장하는 교환권은 점검 이후부터 바로 수령 가능합니다
3. [데스티니 무기] 2차 초월 미션
1) 미션
2) 개방 시 신규 스킬인 최초의 유산 획득 / 최대 강화 수치 25성으로 변경 :
https://upload3.inven.co.kr/upload/2026/02/05/bbs/i1892968321.jpg?MW=800
4. 길드 신규 콘텐츠 [길드 캐슬]
1) 길드 신규 콘텐츠 추가 : 길드 캐슬
- 로비 : 길드원 동상/아이템 진열장 / 길드 아이콘 깃발 등 배치 가능
- 길드룸 / 온실 : 치장 요소 커스텀하여 배치 가능 / 온실은 3개월마다 계절 요소 반영
- 보급소 : 길드 공용 창고 / 길드 마크 기반 이펙트 제작 등
-
강화의 제단 : 스타포스 스테이지와 동일한 기능
- 파티룸 : 길드원들끼리 미니게임 가능 - 현재 가능한 것들 : 창공의 심판자&퀴즈 출제 미니 게임
2) 길드 콘텐츠의 커뮤니티 역할 강화를 위한 것으로 스펙업 요소는 전혀 없음
3) 길드 레벨과 별개로 길드 캐슬 레벨이 존재하며 길드원의 길드 콘텐츠 참여를 통하여 레벨이 오릅니다
4) 길드 캐슬 레벨에 따라 이용 가능한 맵과 배치 가능한 장식 개수, 제작 가능한 아이템 등이 늘어납니다
5) 길드원의 콘텐츠 참여에 따라 제작 재료를 획득
6) 위 사항들에 대한 자세한 수치와 정보는 게임 내 길드 캐슬 도움말에서 확인하실 수 있으며 해당 내용의 전체 캡처는 여기 있습니다
:
https://upload3.inven.co.kr/upload/2026/02/10/bbs/i1577906314.jpg
5. 수정&변경&편의성 개선 사항
1) 수정 사항
- 솔 헤카테 : 특수 코어 발동 현상 수정 / 에르다 샤워 감응 시 재사용 대기시간이 정상적으로 적용되지 않는 현상 수정
- 보약 이벤트 설명에서 어센틱 심볼 개수 잘못 안내된 것 수정
- 파트너로이드 망토 외형 오류 수정
- 카이 그로기 패턴 중 절대 행동 불가 상태 이상이 적용되지 않던 현상 수정
- 아스트라 보조무기 이름 새기기, 지우기 아이템 사용 불가 현상 수정
2) 오리진 스킬과 첫 번째 마스터리 코어 스킬 효과음 수정 : 약 400여 종
3) 부스터 류 아이템으로 소환되는 몬스터들의 피격 범위 증가 : 약 49%
4) 메이플 홈 프리셋 기능 추가
5) 메카베리 농장에서 솔 야누스 사용 가능하도록 변경
6) 노멀 [찬란한 흉성] HP 기존 대비 약 30% 감소
7) AI 일러스트 관련 사항
-
해당 아이템들을 착용 후 AI 일러스트 신청 가능하도록 수정 :
https://upload3.inven.co.kr/upload/2026/02/05/bbs/i1732196798.jpg
- AI 일러스트 신청이 불가능한 장비 아이템 툴팁에 해당 안내 추가
8) 길드 개선&변경 사항
- 길드 개시판 개편 : UI와 기능 개선
- 길드 주간 보급 삭제 : G 포션&
길축 삭제 후 길축의 효과는 일반 길드 스킬의 패시브로 편입
- 일반 길드 스킬 레벨 달성 시 즉시 획득하도록 변경
- 플래그 레이스 입장 조건 삭제 / 완주 시 무조건 1000점 지급으로 변경
-
획득한 노블 스킬 SP가 지난주보다 많거나 같으면 지난주에 찍었던 스킬 유지되도록 변경
9) 트레져 헌터 천장 기존(2만 마리로 알려짐)의 절반 정도로 하향
★23주년 기념 3월 업데이트 일정★
1. 본섭 업데이트 일자 : 3/19(목)
2. 테섭 업데이트 확정 일자 : 3/14(토) - 미니 쇼케이스 급으로 예고됨
3. 예정 업데이트 내용 : 23주년 이벤트
- 역대급 주년 이벤트로 예고 - 오프라인 이벤트와 동시 진행 예정"
https://www.inven.co.kr/board/maple/2304/46924,기타,2/5 테섭&라이브 요약 : 신규 패스와 콜라보 캐시 등,,2026-02-06 03:16,15052,18,"[수정/추가 사항]
1. 보충된 본문으로 갱신하였습니다
-----------------
안녕하세요
이 글은 2/5 진행된 테섭과 라이브의 핵심이 되는 내용들을 간략히 보실 수 있게 정리한 것입니다
누락
된 혹은 잘못 적은 부분은 말씀해 주시면 감사히 수정하겠습니다
--------------------
[테섭과 별개로 한 번 체크할 만한 것들]
1. 이번 주 <썬데이 메이플> : 솔 에르다 타임
2. 현재 진행 중인 획득한 익스프레스 부스터의 사용 가능 기간은 획득처에 따라 다르므로 참고하여 미리미리 사용하셔야 합니다
1) [버닝 익스프레스] :  2/12 2시까지
2) [메소샵] : 3/19 2시까지
3. 이번 라이브는 자체 플랫폼에서도 같이 송출되었고 버거와 두쫀쿠 뿌리기 이벤트가 진행되었습니다 : <넥슨 라이브>
:
https://live.nexon.com/lives/WCvdN-jYPx5d2bZLSRAzKw==
--------------------
▶ 이 글의 내용들(오늘 테섭에서 공개된 것들)은 본섭 적용 시 변동 혹은 변경될 수 있으며 본섭에 2/12(목) 업데이트 적용 예정입니다
----------------------
[목차]
1. 23주년 예고 코멘트
2. 캐시 관련 사항
3. 주요 신규&변경 사항
4. 편의성 개선 사항
5. 신규 이벤트 관련 사항
----------------------
[23주년 예고 코멘트]
23주년은 일정을 이례적으로 앞당겨 하는 만큼 콘텐츠와 이벤트 구성 모두 역대급 주년이라고 해도 될 정도로 풍성하게 구성이 되어 있다. 겨울 업데이트보다 저변이 넓은 것들이 많이 준비돼 있고, 특히 메이플스토리를 어느 정도라도 해보신 분들은 굉장히 재밌고 빠르게 레벨업 할 수 있는 것들도 추가될 것 같고, 이런 혜택이나 아이템들을 주네? 하는 것들도 추가했다
이것을 3월에는 조금 더 특별한 방식으로, 미니 쇼케이스를 진행한다. 이번에는 목요일이 아닌 토요일날 패치가 진행된다
이런 식으로 유저와 크리에이터와 함께 하는 형식으로 진행 예정
3/14부터 대형 오프라인 이벤트 진행 예정
[캐시 관련 사항]
1. 신규 로얄 스타일&헤어성형
2. 보스 패키지에 유피테르 추가
3. 스페셜 파워 엘릭서 패키지 판매
- 저번 아즈모스와 주화 관련 조치의 연장선상으로 메포 공급을 늘리는 일환
- 과거에도 있었던 형식이나 그때와 다르게 구매 제한 추가 : 명의당 20개
4. <장송의 프리렌> 콜라보 캐시 아이템 판매 : 이벤트 혹은 콘텐츠는 없음
1) 코디 컬렉션 : 랜덤 뽑기 아이템 1개 9900
- 개봉 시 세트 교환권으로 지급되며 개봉 시 구성품을 획득합니다
​
​
※ 프리렌의 지팡이 착용 시 스킬 <일반 공격 마법(졸트라크)>를 사용할 수 있으며, 재사용 대기시간은 6분입니다. ※ 페른의 지팡이 착용 시 스킬 <마족을 죽이는 마법(졸트라크)>를 사용할 수 있으며, 재사용 대기시간은 6분입니다. : 스킬 이펙트만 있고 효과는 없음
- 코디 컬렉션 ​5개 개봉 시 이벤트 알림이에서 명찰 반지를 수령할 수 있습니다
2) 굿즈 컬렉션 : 랜덤
뽑기 아이템 1개 3300
- 굿즈 컬렉션 10개 개봉 시 이벤트 알림이에서 말풍선 반지를 수령할 수 있습니다
3
) 자석펫 : 스페셜 루나 크리스탈 판매
[주요 신규&변경 사항]
1. 신규 지역 :
<기어드락>
​
1) 295레벨 이상 진입 가능 : 포스 각각 740 / 770 / 810
2) 그랜드 어센틱 심볼 : 기어드락
- 최고 레벨 지역이 교체됨에 따라 3월부터 풀리는 심볼 선택권부터 탈라하트 심볼을 수령할 수 있게 변경되며, 플래티넘 애플에서 등장하는 교환권은 점검 이후부터 바로 수령 가능합니다
2. 신규 보스 :
<유피테르>
​
1) 295레벨 이상 도전 가능
2) 쇼케이스에서 언급되었던 난이도 : 노멀 - 전투력 4억 초반 / 하드 - 최상위
- 하드 모드는 2/13(금) 오후 7시 이후 입장 가능
3) 결정석 가격
4) 전용 보상 : 신규 광휘 파츠 - 오만의 원죄(루컨마 대체)
5) 보상
▶ 공식 보스 난이도 표 재조정
3. <데스티니 2차 초월> 미션
4. 신규 콘텐츠 :
<길드 캐슬>
1) 길드의 커뮤니티적 기능 보완 일환 : 스펙적인 부분 전혀 없음
2) 이번 투입을 시작으로 이후 추가 업데이트
3) 길드 레벨과 별도의 길드 캐슬 레벨 존재
4) 길드 캐슬에 존재하는 맵들
- 로비 : 길드원 이미지를 동상의 형태로 배치할 수 있음 / 방들을 잇는 역할 / 아이템 진열장 / 길드 아이콘 깃발 등
- 길드룸 /
온실 : 현재 사양에서 치장 요소 커스텀하여 배치 가능 / 온실은 계절에 따라 요소 변경(3개월)
- 보급소 : 길드 공용원 창고 / 길드 마크 기반 이펙트 제작 등
- 강화의 제단 : <스타포스 스테이지> 차용 : 강화 현황을 길드원과 공유 가능
- 파티룸 : 미니게임 2종 / 퀴즈 어스 : 출제자가 퀴즈 출제 가능 / 창공의 심판자 : 기존의 미니게임
[편의성 개선 사항]
1.
길드 관련 개선 사항
1) 길드 게시판 개편
2) 콘텐츠 관련 개선 사항
- 길축 아이템 삭제 후 패시브화
- 일반 스킬 레벨 달성 시 일반 스킬 즉시 획득
- 플레그 레이스 입장 조건 삭제 / 완주 시 무조건 1천 점 지급으로 변경
- 획득한 노블 스킬 SP가 지난주보다 많거나 같으면 지난주에 찍었던 스킬 유지되도록 변경
2. 대표적인 시스템 개선/개편 사항
1) 트레저 헌터 천장 : 기존의 절반 정도로 하향
2) 스킬 효과음 : 400종 정도 수정
3. AI 일러스트 관련 사항
1) AI 일러스트 신청이 불가능한 장비들에 툴팁 추가
2) 해당 아이템들 AI 일러스트 신청 가능하도록 수정 :
https://upload3.inven.co.kr/upload/2026/02/05/bbs/i1732196798.jpg
[신규 이벤트 관련 사항]
1. [PC방 이벤트]
1) 경험치 50% 혜택 + 프리미엄 기프트샵 : 2/12~3/18
2) PC방 누적 접속 보상 이벤트 : 2/13~3/19
2. [유피테르 격파 이벤트 : 신을 삼킨 자] : 2/12~3/18
1) 일반 격파 미션 보상
2) 선착순 격파 미션 보상 : 2/13 오후 7시 시작
​
​
​
3) 하드 난이도 최초 격파 시 모든 유저에게 선물 지급
- 하드 난이도가 최초 격파되었을 때 모든 유저에게 보상 지급 / 메이플 ID당 1회 수령 가능
3. [프론티어 패스] :  2/12~4/15
​
1) [챌린저스 패스] 후속 : 참여 방식 동일
-
2025년 11월 20일(목) 오전 0시 이후에 생성된 캐릭터로 참여 가능
- 챌린저스 월드 전용 패스 아님
- 최대 30레벨까지
2) 30,000 넥슨 캐시로 프리미엄 패스 구매 가능
- 구매 시 일몹뎀 200% 추경 20% 효과 적용
- 구매 시 특별 지원 물품 수령 가능
3) 레벨별 보상 : 모든 보상은 교환 불가입니다
4) 보상 총합 : 기본
- 조각 : 80개 /
에르다 1개 /
사우나 2개 /
심볼 교환권 100개 /
명예의 훈장 60개 /
상급 EXP 교환권 1000개 /
경코젬 200개 /
카르마 검환 30개
5) 보상 총합 : 프리미엄
- 조각 : 400개 /
에르다 4개 /
사우나 6개 /
상급 EXP 교환권 1500개 /
카르마 화에큐 10개 /
카르마 블큐 10개 /
초성비 1개 /
카르마 검환 150개
3. 3차 [모멘텀 패스] :  2/12~3/18
4. [사냥 가속! 헤이스트 BEYOND] :  2/12~3/18
1) 퇴치한 레범몬 마릿수에 따라 혜택 획득
- 헤이스트 트레져 박스는 메이플 ID당 1일 3회까지 발견 가능 / 기존 트레저 헌터 횟수에 포함되지 않음
2) 헤이스트 피버 타임
- 200레벨 이상 캐릭터로 메이플 ID당 일일 1회 사용 가능
- 5분 동안 경험치를 주는 몬스터들 소환
- 소환되는 몬스터는 경험치 도핑 효과를 받지 않습니다
- 290레벨 기준 0.230% 정도라고 합니다 :
https://www.inven.co.kr/board/maple/5974/6226570?my=chu
3) 스페셜 미션 보상 :
메이플 ID당 1회 수령 가능
5. [판타지아 피날레] :  3/5~3/18
1) 레범몬 1천 마리 퇴치 후 일일 출석 가능
2) 이벤트 기간 내 최대 10회까지 출석 가능
3) 출석 횟수에 따라 보상 획득
- 1~10회 차 공통 보상 : VIP 사우나 이용권 1개씩
- 3회 보상 : 엘라노스 라이딩
- 6회 보상 : 환영의 엘라노스 교환권 : 메이플 홈 가구입니다
- 10회 보상 : 일루전 링 : 엘라노스
-----------
3추만 보내주시면 감사드리겠습니다"
https://www.inven.co.kr/board/maple/2304/46901,기타,"레벨 구간별 경험치 BM, 아이템 효율 비교(챌섭)",아아아애아애,2026-01-31 04:13,24127,14,"이전글
메이플스토리 인벤 : 메이플 경험치 관련 BM, 아이템(챌섭) 효율 정리 - 메이플스토리 인벤 팁과노하우 게시판
2,000 메포 = 1억 메소
1,500 캐시 = 1억 메소 가정
1. 레벨 구간별 경험치 BM, 아이템 효율 비교(26-1-28 챌섭 기준 시세 적용)
1-1 레벨 구간별 경험치 BM, 아이템 효율 비교
(26-1-28 챌섭 기준 시세 적용, 몬파 보약 1.7배 적용)"
https://www.inven.co.kr/board/maple/2304/46872,사냥,★ 메카베리 285작 하시는 분들을 위한 경험치표,,2026-01-23 17:18,49176,13,"★
레벨 284 경험치 2.378%에서
15회
(수정)
14회
사용
>
285
달성
★
레벨 283 경험치 4.045%에서
27회
사용
>
285
달성
★
레벨 282 경험치 5.655%에서
39회
사용
>
285
달성
※ 앞으로 메카베리(메딸농) 획득 가능한 최대 수량
이번 기간 총 지급 갯수: 메소샵 26개, 모멘텀 33개
- 282부터 만든 이유
: 280~ 초반에는 일퀘, 몬파, 익스부스터 사용해서 최대한 업하는 게 효율 좋습니다.
(레벨 오를수록 경험치 통은 커지지만 일퀘,몬파,익스부스터는 고정된 경험치를 획득함)
--------내용추가-----------
-
280~284구간 레벨별 1회 사용 당 증가하는 경험치 %
280:
9.705 %
281:
8.943 %
282:
8.228 %
283:
7.580 %
284:
6.973 %"
https://www.inven.co.kr/board/maple/2304/46868,몬스터,[16.0MB] 찬란한 흉성 공격 범위 및 타이밍 2편,,2026-01-23 04:22,10225,19,"1. 설명
청록색은 즉발 패턴입니다.
기본적인 시스템에 대한 정보는 이 문서에서 다루지 않습니다.
2. 환영의 정수
​
​​
별빛 메아리
: 1페이즈는 환영의 정수를 흉성의 전방에 생성합니다.
2페이즈 강화 별빛 메아리는 생성 위치가 각성자의 위치로 변경됩니다.
​
​
​
​
천상의 왈츠
: ​
적을 향해 돌진하므로, 두 번째 돌진의 도착 지점이 환영의 정수가 아닐 수 있습니다.​
두 번째 돌진 후 공격 방향은 랜덤이며, 이펙트로 확인할 수 있습니다.
​
​
3페이즈 강화 천상의 왈츠는 첫 번째 돌진의 도착 지점에 환영의 정수가 생성됩니다. 마찬가지로 적을 향해 돌진하므로, 세 번째 돌진의 도착 지점이 환영의 정수가 아닐 수 있습니다.​
돌진 후 공격 방향은 랜덤입니다.
​
​
광휘의 숨결
: 0.90초 간격으로 공격이 발생하고, 캐릭터를 향해 0.30초 후 공격합니다.
이 그림은 캐릭터가 이동속도 170으로 오른쪽으로 걸어가는 것을 가정했습니다.
환영의 정수가 생성되는 차례는 랜덤입니다. 또한, 6번째 공격이 발생하는 중에도 흉성은 다른 행동을 할 수 있습니다.
성운의 소나타
: 타이밍에 대한 정확한 정보가 부족하여 도형으로 대체합니다.
두 번의 공격에 대하여 각각 4가지 프리셋 중 하나를 랜덤으로 선택합니다.
환영의 정수는 화살표로 표시한 위치 중 한 곳에 랜덤으로 생성되어,
정확히 공격 시점에 활성화됩니다.
지면은 화살표의 끝점에 있습니다.
Preset 0
Preset 1
Preset 2
Preset 3
첫 번째 광휘입니다. 예고는 진한 선으로 시작합니다.
Preset 2의 경우, 일부 지점에서 점프가 필요할 수 있습니다.
Preset 1, Preset 3의 경우, 엎드려서 레이저 하나를 피할 수 있습니다.
Preset 0
Preset 1
Preset 2
Preset 3
두 번째 광휘입니다. 예고는 진한 선으로 시작합니다.
안전 지대에 발끝이라도 걸치면 회피 판정을 받는 것으로 보입니다.
3. 찬란한 연회장
​
​
환혹일섬
​
​
환상분출: 전방이 미세하게 더 넓습니다.
​
​
미혹의 심연: 캐릭터의 발 위치를 십자가로 표시했습니다. 파란 사각형의 내부에 위치할 시 비행 상태로 전환되며 중심으로 끌려갑니다.
​
​
환상질주: 최초의 대적자와 동일하게 충돌 무시로 무효화할 수 없습니다.
​
​
몽환의 눈: 2페이즈부터 흉성이 맵 상단에 눈알을 소환하면, 눈알이 바라보는 곳에 반원 모양의 공격이 8개 발생합니다.
낙화: 3페이즈부터 흉성이 맵 상단에 화염의 정수를 소환합니다. 화염의 정수는 불꽃을 3발 발사합니다.
​
​
불꽃의 경로입니다. 4개의 선택지가 있고, 각각 3개를 선택하여 랜덤한 순서로 하나씩 발사합니다. 공격 간격은 0.60초 ~ 0.87초 사이에서 랜덤하게 정해집니다.
4. 환영이 벗겨진 폐허
​
​​
페르소나
: 엎드려서 피할 수 있습니다.
​
​
본색
: 2페이즈부터 상단 및 전방 범위, 데미지가 강화됩니다.
​
​
나락
: 엎드려서 피할 수 없습니다.​​
​
​
구속
:
폭발 모션에 비해 공격 판정이 0.18초 빠릅니다.
[눈뽕 주의]
​
​
포식: 공격 판정이 3회 발생합니다.
​
​
피니쉬: 삼각형 영역을 제외한 맵 전체에 공격 판정이 발생합니다.
5. 탐지 범위
​
​​
여러 패턴의 탐지 범위를 한데 나타낸 그림입니다. 현혹 상태와 현실 상태 각 페이즈 패턴의 탐지 범위이며, 포식, 레디 투 잇 패턴은 표시하지 않았습니다.
여기서 중요하게 봐야 할 것은
보라색
으로 표시된 패턴입니다. 환영의 정수를 소환하는 패턴이며, 광휘의 숨결 패턴은 탐지 범위가 전 범위입니다.
1페이즈 별빛 메아리 패턴과 2페이즈 강화 별빛 메아리 패턴의 탐지 범위가 다릅니다. 1페이즈는 꽤나 좁으므로, 흉성과의 거리 조절을 통해 환영의 정수의 주기를 조절할 수 있습니다.
[수정 사항]
2026년 2월 21일 17시 2분: 별빛 메아리 패턴의 환영의 정수 타이밍이 수정되었습니다.
2026년 2월 22일 14시 33분: 탐지 범위가 추가되었습니다.
6. 다른 보스
스우 1편
/
2편
진 힐라
검은 마법사
​
선택받은 세렌
감시자 칼로스
최초의 대적자 1편
/
2편
카링 1편
/
2편
찬란한 흉성 1편
/
2편"
https://www.inven.co.kr/board/maple/2304/46867,몬스터,찬란한 흉성 고점 빌드.txt,,2026-01-22 20:40,80485,28,"찬란한 흉성 연습 10시간 정도 연습하면서 하드 흉성 빌드 틀이 잡혔습니다.
중간중간 고수분들과 의견을 나누면서 빌드가 대충 정리가 되어서 간단하게 텍스트로만 정리해 봤습니다.
내용이 어렵고, 가독성을 고려하지 못 해서 최소컷 또는 타임어택으로 고점을 노리는 분들만 보스 패턴을 이해한 뒤 읽어보세요.
기본적인 패턴과 개념은
https://blog.naver.com/seotbeo/224143006235
섣버 블로그 참고
내용을 잘 아시는 분은 정수 빌드 개념부터 읽으면 됩니다.
기본 개념
환영 맵에서 환영의 정수를 채집키로 파괴하여 환영 마법 수치를(노란 게이지) 낮추고
현실 맵으로 이동하여 최종 데미지 수치를 높인 상태로 딜을 한다.
환영 맵에서는 최종 데미지 100%로 고정되기 때문에,
현실 맵에서
최종 데미지(90~130%)를 최대한 높인 높인 상태로 딜 하는 것이 핵심
게이지 및 핵 시스템
환영 맵은 노란 게이지가
1000부터 시작
해서 정수를 파괴할 때마다
200씩 감소
환영 맵에서 현실 맵으로 이동했을 때에는
게이지 유지
현실 맵에서
게이지가 최대 수치가 된 시점부터 40초 카운트다운
이 시작되며,
해당 시간 내에 게이지를 낮추 못 할 경우 환영 맵으로 강제 이동 (일명 '안아줘요' 패턴)
현실 맵에서는 정수를 파괴하면
양쪽에 환영의 핵이 생성
되는데
왼쪽 핵(보라색)
: 게이지 / 최종 데미지 감소
오른쪽 핵(노란색)
: 게이지/ 최종 데미지 증가
채집키를 사용하면
캐릭터의 위치와 가까운 방향의 핵
을 작동시킬 수 있음
정수 빌드 개념
환영 맵에서
정수를 몇 번 파괴하고 현실 맵으로 이동하는지
에 따라 'n정수 빌드'로 명명함
(환영 맵에서 정수 패턴을 맞지 않는다고 가정)
현실 맵은 한 번 입장하면 2극딜 하고 나온다고 생각
(1극 후 나오면 최종뎀을 다시 쌓아야 해서 손해)
'
' 풀 게이지에 진입하며 40초 카운트다운이 시작되는 순간을 표시함
1) 1정수 빌드
환영 맵에서 정수 1회 파괴 후 현실 이동
(현실 이동 최적 타이밍 : 극딜 35~40초 후)
핵 선택 순서 :
오
- 오 - 왼 -
오
- 오 작동 후 극딜
최종 데미지 : 90% -
105%
- 120% - 105% -
120%
- 130%
이후 왼 - 오 - 오 반복하면서 2극까지
2) 2정수 빌드
환영 맵에서 정수 2번 파괴하고 현실 맵 이동 후
(
현실 이동
최적 타이밍 : 극딜 35~40초 전)
핵 선택 순서 : 오 -
오
-오 작동 후 극딜
최종 데미지 : 90% - 105% -
120%
- 130%
이후 왼 - 오 - 오 반복하면서 2극까지
3) 3정수(잘 안 씀)
입장 후 오 - 오 -
오
작동 후 극딜
(
현실 이동
최적 타이밍 : 극딜 40초 전)
최종 데미지 : 90% - 100% - 115% -
130%
이후 왼 - 오 - 오 반복하면서 2극까지
4) 4정수 : 절대 안 함
5) 5정수
다른 빌드들과 다르게
풀게이지를 만들지 않음
환영 맵 체류 시간이 길기 때문에 환영 극딜 1회 후 게이지를 0으로 만들고
다음 준극 시작과 동시에 현실 맵으로 이동
현실 맵 입장 후
핵 선택 : 오 - 오 - 오
이후 더 이상 정수를 파괴하지 않고 유지 (채집키 봉인)
최종 데미지 : 100% - 105% - 115% - 130%
핵을 3번 작동하면 게이지는 750부터 시작
패턴 피격시 게이지 증가하며, 이 게이지가
1000에 도달하지 않도록 유지해야 함
패턴을 최대한 피해야 되고, 반드시 맞아야 한다면 레이저나 돌(맵 패턴)을 맞음
게이지가 꽉 차는 순간
다른 빌드들의 하위 호환
이 되고,
정수를 파괴하지 않는 동안 포식 수치가 계속 증가하게 되어 가장 하이 리스크 빌드
스틱스와 바인드로 정수 생성 패턴을 캔슬하는 것이 유효함(포식 수치 보존)
현실 맵 남은 시간이 40초 이하가 되면 정수를 파괴하고 우측을 선택하여 풀게이지를 만들고 마지막에 좌측을 선택 후 환영맵으로 이동하며 마무리
빌드 소개
입장 극딜 이후 1정수 / 3정수 / 5정수 빌드 가능
두 번째 환영 맵부터 2정수 / 5정수 선택
고점 추천 운영(가장 많이 사용하는 빌드)
입장 극딜 -> 1정수 빌드 -> 이후 2정수 빌드 무한 반복 (1환영 15현실 극딜)
이 경우 현실 -> 환영 이동 타이밍은 현실 2
극딜 시작하고 25~30초 후 (직업마다 다를 순 있음)
환영 맵에서는 거의 모든 패턴을 피하는 것이 좋은데,
패턴을 맞을 수록 극딜 시간이 뒤로 밀리거나 120% 상태에서 극딜을 시작해야 할 수도 있음
(최종뎀 도달하기 위한 정수 갯수는 정해져 있는데 맞으면 정수 패턴이 늦어지기 때문)
너무 많이 맞거나 늦게 넘어와서 도저히 제 타이밍에 극딜을 못 할 경우에는
5정수 빌드를 섞어서 환영 맵에서 극딜 후 준극때 넘어가는 방식으로 보완 가능
중요 디테일
풀게이지에 진입하는 순간 정수를 파괴한 뒤 핵 선택을 5~6초 정도 지연하면
게이지를 다시 낮출 수 있는 시간을 벌 수 있음
-> 3페이즈에서는 필수
마찬가지로 왼쪽 핵을 고를 때는 시간 카운트를 보면서 최대한 지연 선택 하면 최종뎀 이득
현실 1극 이후에 왼 - 오 - 오 반복하다가
극딜 30초 이내로 남았을 때
에는 다음 극딜을 위해 조절이 필요
극딜 남은 시간이 30초 이하로 내려오는 순간에
게이지가 풀이면 다음 정수에 왼 쪽을 고르고
게이지가 풀이 아닌 경우(최종뎀 115%) 정수 1회 스킵 후 다음 정수에 우측 선택(극딜 타이밍에 130% 조절)
여기까지가 2정수 빌드에 대한 내용이고
5정수 빌드가 이득인 직업이 있을 수 있는데(아마 평딜 직업? 확실하지 않음) 지금까지 본 데이터로는 웬만해선 2정수가 고점으로 보이며 입장부터 쭉 5정수 빌드를 5분 40초 주기로 반복 가능하지만 패턴을 잘 피해야 수행 가능해서 돼서 딜로스 안 나기 어려움
그래도 5정수 빌드를 잘 알아둬야 하는 이유는
2정수 빌드 하다가도 실수 하면 5정수 빌드
로 한 번 꺾어서 커버해야 합니다."
https://www.inven.co.kr/board/maple/2304/46866,몬스터,[15.5MB] 찬란한 흉성 공격 범위 및 타이밍 1편 : 맵 패턴,,2026-01-22 18:40,9036,14,"1. 설명
청록색은 즉발 패턴입니다.
2. 찬란한 연회장
​
​
​
​
​
​
환상 프리즘은 세 가지 유형으로 생성됩니다.
1페이즈는 5 ~ 6개, 2페이즈는 10 ~ 12개 생성되며, 육망성이 표시된 부분이 1페이즈입니다.
​
​
되감기: 장식물을 함께 표시하였으며, 위는 현혹 상태, 아래는 현실 상태입니다.
​
​
​
혼돈의 정령과 미혹의 정령입니다. 캐릭터는 공격 범위의 왼쪽 아래에 있으며, 정령들은 캐릭터의 등 뒤에서 생성됩니다.
​
​
​3페이즈
부터 생성되는 라넌큘러스 영역에 접촉 시, 영역이 확장되면서 이 패턴이 4회 발생합니다.
2. 환영이 벗겨진 폐허
​
​
​
왜곡입니다. 캐릭터의 x좌표를 기준으로 1.26초마다 3회 생성됩니다.
​
​
유영하는 재앙의 레이저 공격입니다. ​맵의 절반을 9등분하여 6개 영역에서 생성됩니다.
​
​
2페이즈
부터 등장하는 환각입니다. 랜덤한 캐릭터의 x좌표를 추적합니다.
4. 연습장
찬란한 연회장 사진을 제외하면 모두 반투명한 그림입니다. 추가적인 분석이 필요하실 경우 다운로드 받아서 사용하시면 됩니다.
찬란한 연회장
환상 프리즘, Preset 0, Lap 1
환상 프리즘, Preset 0, Lap 2
환상 프리즘, Preset 1, Lap 1
환상 프리즘, Preset 1, Lap 2
환상 프리즘, Preset 2, Lap 1
환상 프리즘, Preset 2, Lap 2
되감기. 하단의 레이저는 엎드리거나 60px 이상 점프하여 피할 수 있습니다.
(예시) Lap 1과 Lap 2의 모든 프리셋을 겹치면 위와 같이 표시됩니다.
5. 다른 보스
스우 1편
/
2편
진 힐라
검은 마법사
​
선택받은 세렌
감시자 칼로스
최초의 대적자 1편
/
2편
카링 1편
/
2편
찬란한 흉성 1편
/
2편"
https://www.inven.co.kr/board/maple/2304/46827,기타,익스프레스 패스 vs 모멘텀 패스 효율 분석,아아아애아애,2026-01-15 21:44,33930,12,"익스 부스터와 메카 딸농의 효율을 비교하면 다음과 같습니다.
이를 근거로 익스 패스와 모멘텀 패스의 가성비를 간략하게 비교하면 다음과 같습니다
계산할 때 모멘텀 패스 보상인 상급 EXP 교환권 9,000개와 4배 쿠폰 6장을 제외시켰기 때문에
280 ~ 284 구간에서도 익스 패스보다 모멘텀 패스가 더 효율이 좋다고 할 수 있겠습니다
2026-01-16 수정
모멘텀 패스와 익스 패스의 가성비를 비교하는 부분에서 약간의 문제가 발생해서 수정했습니다
참고문헌 :
컴과
. 2026-01-12.
익스프레스 부스터 경험치 분석
. https://www.inven.co.kr/board/maple/2304/46811"
https://www.inven.co.kr/board/maple/2304/46818,몬스터,찬란한 흉성 패턴 공략,,2026-01-14 16:47,68381,121,"해당 공략글은
하드
기준
으로 작성되었습니다
미혹의 구슬
(통나무)
은
기동성이 좋은 직업군
이 하시면 좋습니다
ex)텔포 직업 - 짦무적 많은 직업 - 컨트롤 좋으신분
잘못 누르셔서 각성자가 되셨다면
수정구 구조물로 가서
다시 채집키 버튼을 누르시면
원상태로 돌아옵니
다
흉성은 포식 수치(1000이 되면 아웃)라는
공용 데카가 있으면서 일반 데카(5) 또한 같이 있습니다
보스 처음 입장시 방은 고정적으로 환영의 방에서 먼저 시작합니다
환영 간파 안에 파란색 색상의 게이지가 다 차게 되면 정수가 나타납니다
피격시 게이지가 줄어듭니다
인원수에 따라 피격시에 환영의 정수 생성 쿨타임이 다르게 밀립니다
반면 현실의방에서는 피격 당해도 정수가 늦게 등장 하지 않습니다
고로 현실의 방은 15초 마다 고정적으로 나오며
보스의 패턴에 따라 생성이 조금 밀려서 오차는 있습니다
1페는 보스가 바라보는 바로 앞(보스 근처)에만 생성 됩니다
피격시 중앙 폭발 1타 체비뎀 30%
2~3타 좌우 바닥 폭발은 체비뎀40%
(환영 마법 4단계에는 체비뎀70%)
1~3인 기준
포식
/환영 마법 증가량
포식
60 30 20
환영 마법 120 60 40 으로 솔플보다 파티가 다소 더 쉬운면이 있습니다
​
​
피하는법 예시
정수 이펙트가 보이는곳에서 일단 떨어진뒤
이어지는 좌우로 퍼져나가는 바닥 폭발에 휘말리지 않도록
하얀 표창 모양의 이펙트가 보일때
들어가시면 됩니다
(움짤 중간에 푸른빛 이펙트는 각성자가 정수를 패턴 파훼 했을때만 보입니다)
반대로
각성자의 시점
에서는 보라색 이펙트와 함께 토성 모양의 구조물이 나타납니다
빛바랜 구조물 상태에서 반짝반짝 빛날때 들어가는것이 포인트입니다
보스의 남은 체력이 80% 이하로 떨어지고
2페가 되고서는 쭉
환영/현실방
상관없이
각성자의 위치로 정수가 나타나게 됩니다만
정수가 나타나는 패턴은 종류가 여러개여서
15초마다 나타나는 기본 정수만 이렇다고 보시면 되겠습니다
​
​
또한
현실의방
에서는 정수를 풀고나면 중앙에
제단 2개
가 생성 됩니다
왼쪽(보라색)구조물 = 최종뎀 감소(최대10%)+환영 마법 수치 감소+패턴 가짓수 감소
오른쪽(노란색) 구조물 = 최종뎀 증가(최대30%)+환영 마법 수치 증가+패턴 가짓수 증가
환영 마법 단계(1~4)에 따라 패턴이 달라지며 체비뎀이나 포식수치도 달라집니다
제단 푸는것은 꼭 제단 근처에 갈 필요는 없고
중앙을 기준 삼아서 9시쪽인지 3시쪽인지 `맵` 위치에 따라 채집키 누르시면 됩니다
*중요)
제단이 있는 동안에는
방 이동 채집키
또한 제단을 선택 할때까지 비활성화
됩니다
각성자는 항상 시간 체크를 잘봐가며 해야 합니다
현실의방에서 환영 마법
2단계 이상 일때
하늘에 유영하는 재앙이라는 몬스터(무적 상태)가 생성됩니다
보통 정수나 구조물 패턴 해야 할때
재앙의 공격이 곂치는 경우가 많아서
각성자의 경우 최대한 무적기를 아끼고
상황에 맞게 잘쓰셔야합니다
포식
수치 또한
1~3인 기준으로 90 45 30으로 많이 차기에 주의 해야 하며
유영하는 재앙의 위치는 왼쪽~오른쪽으로만 고정됩니다 (중앙은 등장X)
재앙의 위치 이동 시간은 24초부터 공격까지 대강30초 가까이 걸립니다
​
​
현실의방 본체 일반 패턴
마법진의 모양을 잘보시면
평평한것은 엎드리면 피하실수있고
가시가 솓아나있는 마법진
은 멀리 가시거나
뒤잡으셔야 합니다
패턴을 쉽게 이해 하자면
보스가 바라보는 방향을 보시면 됩니다
​
​
보스가 바라보는곳은 엎드리면 안맞는 마법진 공격이 나오고
​
​
​
보스의 후방쪽은 가시 마법진 공격이 나옵니다
멀리 가시거나 보스 반대편으로 가셔야합니다
피격시 체비뎀 40%
환영 마법4단계 60%
환영 마법 2단계 이상
1~3인 기준
포식
45 22 15
환영 마법 90 45 30
​
​
2페(보스 체력 80%)부터는
1-2타 돌진
패턴이 추가 됩니다
(정수 나와는 패턴)
환영/현실방
둘다 나옵니다
정수 생성 -> 1타(이때 정수 풀기 가능) -> 2타 패턴 끝
돌진 모션중 살짝 느리게 움직일때에는 피격 판정X
1~3타 체비뎀 30%
환영마법 4단계 체비뎀 65%
1~3인 기준
포식
60 30 20
환영 마법 120 60 40 증가합니다
​
​
3페(40%)부터는 돌진이 3타 까지 늘어납니다
돌진 정수는 2타 3타 둘다 동일하게 보스가 바라보는 쪽으로 정수가 생성되며
3타의 경우 1타 ->
2타(정수 생성)
-> 3타(정수 풀기 가능)
정수는 약 1초만 유지
되기에
각성자는 정수 근처에서 대기
해야 하며
파티원분들은 멀리 떨어지시는게 보통 안전합니다
돌진중 바닥 폭발 공격의 위치는
양손을 다 들면 앞쪽을 공격하고
한손만 들면 뒤를 공격합니다만...
모션이 다소 빠르기에 그냥 보스와 거리를 두고 하시면 되겠습니다
돌진 바닥 폭발 공격의 위치는 본섭 출시 2주차쯤에
잠수 패치
로 어디를 공격 할것인지는 보다 더 보기 쉬워졌습니다
보스 뒤에 있는
마법진(망토) 9시 3시
방향쪽에
보라색 가시 이펙트
가 솓아나서 알수 있습니다
빛무리 패턴
주로 더블 점프 직업군들이 당합니다...
​
​
​탈출 방법은
한쪽 방향키만
꾹 누르시면 됩니다
>>>> or <<<< = 한쪽 방향키만 OK
<> = 다른 방향키를 누르면 안됩니다 X
​
​
하드
모드 3페에서만
나타나는 포도 농장?을 연상케하는 영역 패턴
위에 발사체가 반짝이는 순간 텔포나 돌진기 같은것으로 피하시면 되며
색상 구분 없이 똑같이 0.9초후 캐릭터 좌표로 공격이 오고 보라색의 경우 정수가 생성됩니다
각성자는 위에서 보라색 발사체를 확인 하면 미리 푸실 준비 해야 합니다 (맵패턴에 안맞도록 위치 조정 준비)
보라색 발사체의
정수는 최소 2번 고정적으로 등장
하며
발사체의 갯수는 총6개로 색상은 파랑-보라만 있으며
색상이 나오는건
램덤이고 보라색은
3번 이상 등장 할수도 있습니다
해당 패턴의 정수는 1.2초간 유지 됩니다
2번 풀어야
15초 마다 나오는 기본 정수의 1번 만큼 (40) 포식이 회복됩니다
피격시 체비뎀 25%
환영마법4단계 체비뎀 45%
1~3인 기준
포식
30 15 10
환영 마법 30 15 10 증가합니다
​
​
3페에서 나타나는
집라인 사슬
은 단순히 눈에 보이는곳만 피하시면 되며
사진 왼쪽에 위에
장미꽃 모양의 네모 영역
은
영역안에서 바닥에 따로 네모 표식들만 조심 하시면 됩니다
체비뎀은 15%로 위협적이진 않습니다
그리고 왼쪽에 나타나는
노란색의 천사 쫄몹
은
피격시 반대 방향으로 넉백되며 보라색의 천사는
단순히 넉백 됩니다 극딜시 주의 필요
*천사는 항상 캐릭터 좌표로 나타납니다
(공중에서도 등장)
​
​
3페이즈 부터 등장하는 1-2타 레이저
환영/현실방 둘다 나옵니다
핑크색 = 레이저 피하기 -> 정수 풀기
보라색 = 레이저 안에 들어가기 -> 정수 풀기
피격시or패턴 실패시
체비뎀 60%
환영 마법4단계 체비뎀 90%
1~3인 기준
포식
90 45 30
환영 마법 120 60 40 증가합니다
정수는 1.19초 동안만 유지 됩니다
정수의 위치는 맵의 양측 끝자락에도 나올수 있어서
정수가 바로 안보이신다면
미니맵
을 보시면 되겠습니다
또한 해당 정수는
각성자만 볼수 있습니다
(파티원이 정수 위치 브리핑 불가능)
​
​
현실의방
페이즈 상관없이 처음부터 나오는 패턴입니다
맵 하단에 가로로 전조로
노란색 물결 이펙트
가 지나가고
천장에서 V 모양의 노란색 죽창이
총 3번 캐릭터 좌표
로 꼽힙니다
쿨타임은 10초로 자주 나오는 편이기에
다른 패턴과 곂쳐 맞지 않도록 주의가 필요합니다
피격시 체비뎀 25%
환영 마법4단계 체비뎀 35%
1~3인 기준
포식
15 7 5 증가합니다
​
​
현실방 2페이즈 부터 캐릭터 머리위에
15초마다 표식이 생기고 1.7초뒤 번개 기둥이 생성됩니다
(파티원중 램덤으로 생성)
피격시 체비뎀 25%
환영 마법 4단계 40% 0.5초당 총 5번 들어옵니다
자잘한 공격이지만 맵패턴이 많이 곂치는 보스다 보니
여유가 되신다면 양측 사이드쪽으로 아무데나 배치 하시면 좋습니다
​
​
3페 현실방에서만 나타나는 토성 모양의
권속 디펜스
패턴 입니다
인원수에 따라 1~3마리의 권속이 등장 하며 디펜스는 아무나 연속으로 할수도 있습니다
점프해서 권속을 보스에 안닿도록 캐릭터로 막아야 합니다
​
​
권속을 보스에 흡수 되는것을 못막으면
보스 근처에 있을시엔 권속의 폭발 데미지로 65%의 체비뎀을 입으며
환영 마법 4단계일 경우 100% 체비뎀을 입습니다
또한 패턴 실패시에 환영의 마법 2단계 이상 일시에 포식이 증가하고
보스가 공중으로 체공 하며 보스 하단에 보라색 삼각존이 생성되며
해당 보라색 삼각존이 안전지대 입니다
삼각존 밖에 있을시 광역 공격에 체비뎀 90% - 환영마법 4단계일시엔 100%입니다
​
위 패턴과 비슷하게 생긴
블랙홀 패턴
입니다
(본섭에 나오고 나선 크기가 작아졌습니다)
2페 부터 등장하며 ​0.3초 간격으로 총 3번 공격
피격시 체비뎀 30%
환영마법4단계
70%
체비뎀
1~3인 기준
포식
30 15 10
환영마법 60 30 20 증가합니다
패턴 구분법은 권속 디펜스의 경우 보통 맵에 문구가 뜨면서 등장 하는편이고
해당 블랙홀 패턴은 글자가 뜨진 않고
중앙을 자세히 보면 권속 디펜스와 달리 색상이 다릅니다
이번 보스 공략집은 최대한..? 자잘한 패턴들은 배제하고
이해가 필요하고 중요한 패턴들 위주로만 서술 하였습니다
모든 패턴의 상세한 체비뎀 및 포식 증가등등...
패턴의
피격 범위는
아래의 섣버님 링크 참조 하시면 되겠습니다
도움 주신분
https://m.blog.naver.com/PostView.naver?blogId=seotbeo&logNo=224143006235&navType=by
섣버님
크로아
해따아
스카니아
솜징.빈잔.쿨삭.곰젤리말랑해.트리아
본문글은 추후 좀더 보강 되거나 수정 될수 있으며
틀린 부분 있으시면 댓글로 피드백 해주시면 감사하겠습니다 :)
자잘한 정보
1.환영 <~> 현실방 이동시 보스 위치는 그대로고 데미지 또한 즉시 넣을수 있습니다
또한 리레의 경우에도 그대로 유지되며 사용 가능합니다
2.바인드를 걸면 본체 패턴은 사라지는 편 이지만
맵패턴은 그대로 나오기에 항상 주의가 필요하며
환영의 정수가 안나온 경우에 바인드
를 하면
그대로 정수가 바인드에 밀려서 바인드가 끝날때까지 안나오고
빛바랜 상태(활성화 되기전)의 정수가 나타난 경우에
바인드
를 한경우에는 조금 뒤 정수가 풀수 있는 형태로 변환 됩니다
3.환영의 방(처음 시작하는 방)은
최종뎀100% 고정
이며
현실의 방은 최종뎀90~130%입니다
4.현실의방에서 환영 마법이 풀로 찰 경우 방 전환 시간이 40초만 남게 되면서
방전환 채집키 아이콘이 비활성화 됩니다
(정수는 그대로 나오기에 정수를 풀고 나서
보라색 구조물을 선택 하시면 방전환 채집키가 원래대로 돌아옵니다)
*환영의 정수가 나타난 경우에도 방전환 채집키가 임시 비활성화 됩니다
5.채집키를 눌러서 방을 이동 하는게 아닌 자동으로 전환되어서 이동된 경우
보스의 컷신이 약5초간 나온뒤 강제 방 이동을 하게 되면서
포식
이 200이나 증가 하므로
각성자는 항상 시간과
패턴에 주의하며 수동으로만 방 전환 해야 합니다
*보스 컷신중에도 데미지는 넣을수 있습니다
부족한 글이지만 봐주셔서 감사합니다!"
https://www.inven.co.kr/board/maple/2304/46814,기타,(추가4)[1/15~]패치후 메할일&바뀌는것들 요약&주의사항+@,,2026-01-13 12:25,48744,40,"[수정/추가 사항]
1. 추가 : 이번 이벤트 아이템 보상 기간
- 예외 1) [프리미엄 기프트샵] 물품은 구매 후 7일
- 예외 2) [색채의 기운] 보상인 일러스트 티켓은 수령 후 30일
2. 추가 :
경매장의 기존 옥션 아이템 수령 가능 기간 : 1/18 23:59까지 : 이하 버튼이 활성화 돼있는 경우에만 확인해 주시면 됩니다
3. 본섭 오면서 추가된&변경된 사항 모음 :
https://www.inven.co.kr/board/maple/2304/46826
4. 3번의 사항을 이 글에도 중요한 것들 포함하였으며 따로 보실 분들은 위 링크에서 봐주시면 됩니다
-----------------------------
안녕하세요
이 글은 1/15(목) 진행되는 CROWN 2차 업데이트의 중요한 내용들을 각 테마별로 빠르게 확인하실 수 있게 한 글입니다
잘못 적힌 부분은 말씀해 주시면 감사히 수정합니다
[목차]
1.
1/14(수) 23:00 종료 : 아즈모스 협곡
2.
1/14(수) 23:59 종료되는 사항들
3.
점검 전/후 주의 사항
4. 신규 이벤트 메할일 체크
5. 캐시 관련 사항
6. 신규 이벤트 핵심 사항
7. 주요 신규&변경&개선 사항들
8. 사전 공개 신규 썬데이 : 솔 에르다 타임
9. 2월 업데이트 일정
▶ 이 글의 내용은 테스트 서버 기준으로 정식 서버 업데이트 시 변동 혹은 변경될 수 있습니다
▶
1/15(목) 점검 예정 시간 : 04~10시
★1/14(수) 23:00 종료 : [아즈모스 협곡]★
1. [아즈모스 협곡] 입장과 보너스 리워드 획득 마감
2. 아즈모스 코인샵은 6/30까지 이용 가능 - 운영자 NPC
★1/14(수) 23:59 종료되는 사항들★
1. [KINETIC] : 참여 / 보상 수령
2. [
12/19(금) 용사님들께 드리는 감사의 마음]
선물(극성비 3개) 수령
3.
1차
[모멘텀 패스] : 참여 / 보상 수령
4. [뉴네임 옥션]
- 종료된 경매의 닉네임 및 대금 보관 : ~5/14
5. [닉네임 익스프레스]
6. [PC방 프리미엄 기프트샵] : 가진 코인 전부 사용하기 - 이월되지 않음
7. [색채의 기운] : 참여 / 티켓 수령
---------------------
▶ 같이 보기
1. 이벤트 종료 전 수령한 아이템 보상들은 대개 다음날 새벽 2시까지 사용 가능
- 예외 1) [프리미엄 기프트샵] 물품은 구매 후 7일
- 예외 2) [색채의 기운] 보상인 일러스트 티켓은 수령 후 30일
2. [PC방 누적 보상 이벤트]는 목요일 23:59까지 진행
3.
경매장의 기존 옥션 아이템 수령 가능 기간 : 1/18 23:59까지
- 이하 버튼이 활성화 돼있는 경우에만 확인해 주시면 됩니다
★점검 전/후 주의 사항
★
1. [아스트라 보조무기] 관련 사항 : 따로 소급적용되지 않는 한 점검 후 추가되는 퀘스트 수락 후부터 획득 가능할 것으로 보이며 각각 획득처는 아래와 같습니다
▶ 만약 퀘스트 알림이에 퀘스트가 보이지 않을 경우, 제네시스 무기 퀘스트 UI를 클릭해서 보이는 마지막 대화 퀘스트까지 완료하면 보입니다
2. 2차 [모멘텀 패스] : 주간 미션 기록 이벤트 수락 후부터 반영
1) 이벤트에 참여하기 전에 몬스터파크, 몬스터파크 익스트림, 심볼 일일 퀘스트를 완료한 기록은 주간 미션에 반영되지 않습니다
3.
신규 보스인 [찬란한 흉성]이 패치 후 추가되므로 잡으실 분들은 보스 자리 남겨 두기
4. 점검 후부터 시작되는 이번 챌린저스 월드 리프의 경우
처음에 선택한 월드로만 리프가 가능
합니다
- 101레벨 이상으로 레벨 제한도 변경되어 제로로 스킵 후 생성 시 바로 리프 가능
★신규 이벤트 메할일★
▶ 종료되는 키네시스 출석 이벤트 제외 다른 메인 출석 이벤트들은 기존과 메할일 동일합니다
1. 2차 [모멘텀 패스] : 1차와 동일
2. [레범몬 출석] 버닝 익스프레스 : 1일 1000마리씩 최대 21일 참여 가능
- 기본 보상 총합 : 익스프레스 부스터 60개 / 상급 EXP 교환권 9000개
- 패스(30000 캐시) 보상 총합 : 익스프레스 부스터 120개
- 보상은 메이플 ID당 1회 수령 가능
- 신규 부스터 : 일일 사용 제한 없음 / VIP 부스터보다 높은 경험치 /
메소샵에서 3000만 메소로 1주 최대 10개까지 월드당 구매 가능
3. [신규 보스 격파] 미혹의 부름 : 찬란한 흉성 격파
- 노멀 격파 보상 : 이펙트
- 하드 격파 보상 : 명찰 반지 세트
- 하드 1인 격파 TOP 10 보상 : 피니시 어택 이펙트 / 칭호 / 캐릭터 UI 배경
4. PC방 기프트샵, 누적 보상 이벤트 비슷한 사양으로 진행
5. AI 일러스트 티켓 : 1개 3억 메소로 매주 7개까지 구매 가능
★캐시 관련 사항★
1. 로얄 스타일 업데이트 :
https://maplestory.nexon.com/News/CashShop/Sale/592
1) 신규 스라벨
2) 신규 코디 아이템
3) 로얄 스타일 목록 :
https://www.inven.co.kr/board/maple/5974/6148328
2. 프리미엄 헤어/성형 쿠폰 판매 목록 교체 :
https://maplestory.nexon.com/News/CashShop/Sale/589
3. [~2/11] 부티크 기프트 판매 : 캐시로만 구매 가능
1)
https://maplestory.nexon.com/News/CashShop/Sale/594
2)
https://maplestory.nexon.com/news/popup/17
: 품목 상세 미리보기 공식 페이지
4. [~3/18] 찬란한 흉성 패키지 추가
5. [~4/15] 코디 패키지 업데이트 :
https://maplestory.nexon.com/News/CashShop/Sale/590
1) 나이트 매지션 패키지 : 18800
2) 솜털보라 패키지 : 19800
3) 폴짝 장난꾸러기 세트 : 9900
4) 금빛/은빛 여우야 패키지 : 6200
6. 성별 변경 쿠폰 :
https://maplestory.nexon.com/News/CashShop/Sale/595
7. [본섭 오면서 추가 : ~2/11] 솔 에르다 판매
1) 넥슨 캐시로만 구매 가능
2) 메이플 ID당 4개까지 구매 가능
8. [본섭 오면서 추가 : ~2/11] 하반기 BEST 프리미엄 뷰티 쿠폰
:
https://maplestory.nexon.com/News/CashShop/Sale/593
★신규 이벤트 핵심 사항★
1. 2차 [모멘텀 패스] : 1/15~2/11 : 1차와 동일한 구성과 방식
2. [버닝 익스프레스] : 1/15~2/11 : 경험치 보상 출석 이벤트
3. [찬란한 흉성 격파 이벤트 : 미혹의 부름] : 1/15~2/11
4. [프리미엄 PC방 혜택&프리미엄 기프트샵] : 1/15~2/11
5. [프리미엄 PC 접속 보상 이벤트] : 1/16~2/12
6. [일러스트 의뢰 티켓 판매] : 1/15~3/18
-----------------------------------
1. 2차 [모멘텀 패스] : 1/15~2/11 : 1차와 동일한 구성과 방식
1) 본섭 오면서 바뀐 콘텐츠 완료 보상
- 몬파/익몬 : 100 -> 200
- 에픽 던전 : 200->300
2. [버닝 익스프레스] : 1/15~2/11 : 경험치 보상 출석 이벤트
1) 레범몬 1천 마리 퇴치 후 일일 출석 가능 / 최대 21일
2) 보상은 메이플 ID당 1회 수령 가능하며, 패스는 3만 넥슨 캐시로만 구매 가능합니다
- 기본 보상 총합 : 익스프레스 부스터 60개 / 상급 EXP 교환권 9000개
- 패스 보상 총합 : 익스프레스 부스터 120개
4)
신규 아이템 : 익스프레스 부스터
- 일일 사용 제한 없음
- 추가 경험치 효과를 받지 않는 대신 기본 경험치가 높아서 아무 때나 사용 가능
- 이번 메소샵에서도 품목에 추가되어
월드당
매주 구매 가능
- 단, 버닝 익스프레스 종료 후에도 판매될 지는 이후 봐야 하겠습니다 / 일단 4주, 3월에도 판매될 시 5주 더
- 게임 내에서 대략 확인한 것(275 기준 약 2.2%)과 레벨별로 상세히 정리하신 다른 글에서의 수치가 비슷하여 해당 글 링크를 드립니다
:
https://www.inven.co.kr/board/maple/5974/6139492
- 280까지 빠르게 도달하라는 의미에서 출시된 이벤트로 언급됨
3. [찬란한 흉성 격파 이벤트 : 미혹의 부름] : 1/15~2/11
1) 일반 격파 이벤트 보상
2) 하드 난이도 TOP 10 보상 : 1월 22일 오후 7시에 오픈 : 캐릭터 배경/칭호/피니시 어택 이펙트
​
​
​
4. [프리미엄 PC방 혜택&프리미엄 기프트샵] : 1/15~2/11
▶ 현재 진행 중인 이벤트와 동일한 구성입니다
1) 이벤트 기간 내 프리미엄 PC방 혜택이 적용됩니다
- 50% 추가 경험치 획득
- 레범몬 퇴치 시 코인 획득 : 게이지 100당 코인 1개 / 매주 최대 750개까지
2) 코인샵 목록 : 주간 리필 / 구매 후 7일 기한
5. [프리미엄 PC 접속 보상 이벤트] : 1/16~2/12
1) 이벤트 기간 내 일일 5시간씩 PC방에서 접속 시간을 누적할 수 있습니다
2) 누적 접속 시간 보상
6. [일러스트 의뢰 티켓 판매] : ~3/18
1) 매주 재입고
★주요 신규&변경&개선 사항들★
1.
스킬 조정 적용 :
https://maplestory.nexon.com/testworld/news/all/150
2. [재화 밸런스 조정] 아즈모스 협곡&메이플 주화 삭제
1) 아즈모스 협곡 폐쇄 : 1월 14일 오후 11시 예정
- 코인샵은 6/30까지 이용 가능 - 운영자 NPC
- 몬컬은 몬스터파크에서 모몽 구매 가능 / 1개 150 코인
2) 마일리지 샵 변경 사항 : 2월부터 적용
- 골드 주화 삭제
- 카르마 블큐 추가 : 1500 x 월 7개 = 10500 마일리지 / 넥슨 ID당
- 카르마 화에큐 추가 : 3000 x 월 7개 = 21000 마일리지 / 넥슨 ID당
3) 에픽 던전 변경 사항
- 넥슨 ID당 매주 중복되지 않은 캐릭터로, 3종의 에픽 던전을 각 1회씩 클리어 가능하도록 변경
- 클리어 보상 변경 : 골드 주화 -> 세라자르 주화 : 보너스 단계에 따라 2/4/8개 지급 / 교환 시 메포 소모 없는 일반 주화 아이템입니다
4) 데일리 기프트 품목 변경 사항 : 2월부터 적용 / 실버 주화 외 다른 품목도 개선
- 14/21일 차 : 실버 주화 -> 카르마 블큐 1개
- 28일 차 : 실버 주화 카르마 화에큐 1개
- 5/10/19/24일 차 : 2배 경쿠 2개 -> 3배 경쿠 1개
- 9/23일 차 : 스페셜 명예의 훈장 1개 -> 10개
- 18일 차 : 카르마 영환불 1개 -> 10개
- 25일 차 : 카르마 검환불 1개 -> 10개
5) 주화 교환소는 별도 공지 전까지 이용 가능
6) 단, 쇼케이스에서 언급되었던 경제적 조치는 이와 무관하며, 상반기 중 적용 가능하지 않을까라고 언급되었습니다
2. 신규 보스 [찬란한 흉성]
​
​
1) 280레벨 이상 / 최대 3인 도전 가능
3) 관련 이미지 모음 :
https://upload3.inven.co.kr/upload/2026/01/09/bbs/i1621141993.jpg
4) 본섭 오면서 바뀐 것들
- 하드 연마석 변경(생명->신념) 관련 글 :
https://www.inven.co.kr/board/maple/5974/6148041
- 노멀 피통 하향 관련 글 :
https://www.inven.co.kr/board/maple/5974/6148428?my=chu
3
. 신규 공용 코어 [솔 헤카테]
1) 캐릭터의 주위를 돌아다니는 소환수 형태의 스킬 : 어떤 스킬에 발동될지 정할 수 있는 감응형 소환수(단독 사용도 가능)
2) 기본적으로 캐릭터 주위에서 적을 같이 공격
3) 1레벨 - <스틱스> 스킬 사용 가능
- 60초 단위의 바인드 스킬
- 기존 바인드와 별개
- 기존 바인드 효과가 있을 때 적중 시 4초 늘어남
4) 10레벨 - 솔 헤카테 공격 강화
5) 20레벨 - <카론> 스킬 사용 가능 : 600초마다 사망 방어 / 10초 동안 무적
6) 30레벨 - <플레게톤> 스킬 사용 가능 : 2분 단위마다 사용 가능한 극딜기
7) 레벨별 솔 에르다 / 조각 누적 개수 : 같은 카테고리의 솔 야누스와 동일
- 1레벨 : 7 / 125
- 10레벨 : 46 / 903
- 20레벨 : 116 / 2916
- 30레벨 : 208 / 6268
4. 아스트라 보조 무기
1) 격전의 흔적(=어둠의 흔적) : 그란디스 보스 포인트
2) 에리온의 조각 : 일일 퀘스트로 교환 불가 혹은 최상위 보스에게서 드롭되는 교환 가능 사양으로 획득 가능
- 일일 퀘스트는 수행 가능한 것들 중에서 제일 높은 것만 해도 됨
- 콘텐츠별 흔적 수치 : 본섭 오면서 수정된 부분 있음
- 콘텐츠별 조각 수치
3) 흔적과 조각을 모아 최대 3단계까지 보조무기를 성장시킬 수 있음
4) 해방 일정은 아스트라 계산기로 편하게 계산하실 수 있습니다 :
https://chuchu.gg/simulators/astra
5) 퀘스트 진행도에 따라 에레브 갈림길 우측에 담당 NPC 또는 NPC가 위치한 맵으로 갈 수 있는 포탈이 있습니다
- 전승 : 10억 메소
- 상점의 경우 보조무기 상자는 본품이 없고 흔적이 있을 때만 구매 가능 / 10억 메소
5. 오류 수정 사항들
1) 냉참 모션 수정
2) 수로 입장 시 명예의 영약 효과 유지 현상 수정
3) 슈퍼 파워 버프 차원의 전장 사용 불가 현상 수정
4) 코지 윈터 모자 오류 수정
6. 편의성 관련 개선 사항들
1) 버프 매니저 단축키 추가 / 즐겨 찾기 탭 추가
2) 보스 입장 맵에서 버프 매니저를 통해 경매장 진입 가능하도록 변경
- 단, 현재 테섭 기준 그냥 경매장 입장 버튼으로도 가능하기 때문에 본섭 올 때 확인 필요
3) 이벤트 리스트 폴더 열림/접힘 사양 기억하도록 개선
4) 커스텀 일러스트 피드백 기능 추가 - 이후 모델 개선에 활용된다고 하므로 웬만하면 해주시는 게 이후 품질 향상에 도움될 듯
5) 찬란한 영웅의 증거 추출 기능 추가 : NPC 아울
6) 경매장에서 더블 클릭으로 아이템 등록 가능하도록 개선
7) 캐시 이펙트 아이템과 피니시 어택 이펙트 동시 착용 가능하도록 개선
★사전 공개 신규 썬데이 : 솔 에르다 타임★
★2월 업데이트 일정★
1. 본섭 업데이트 일자 : 2/12(목)
2. 테섭 업데이트 유력 일자 : 2/5(목)
3. 예정 업데이트 내용"
https://www.inven.co.kr/board/maple/2304/46792,테섭,익스프레스 부스터,,2026-01-10 11:11,20778,13,"291레벨 라라로
성장하는 불꽃
을 사냥하여 얻은 경험치와 필드 몬스터의 경험치를 비교한 것입니다.
지역
레벨
몬스터
일반 경험치
부스터 경험치
배수
탈라하트
291
침묵을 지키는 사념
4847012
1070220250
220.8
카르시온
289
근원에 다다른 기사
4265489
1023717360
240.0
카르시온
285
절망의 파수꾼
4062965
975111600
240.0
아르테리아
282
하이레프 기갑병
3524768
845944320
240.0
도원경
275
먹그늘 나비
2903024
780332851
268.8
카르시온의 두 몬스터를 비교할 때, 성장하는 불꽃 1마리의 경험치는 캐릭터 레벨에 따른 경험치 배수의 영향을 받지 않습니다.
280레벨 렌으로 익스프레스 부스터를 옮겨서 마저 실험해보았습니다.
지역
레벨
몬스터
일반 경험치
부스터 경험치
배수
도원경
275
먹그늘 나비
2903024
780332851
268.8
오디움
272
경비병 마노
2513634
675664819
268.8
아르크스
267
고물수집가 폭실리언
2113572
466676698
220.8
불타는 세르니움
264
흑태양 법사
1828409
351054528
192.0
세르니움
260
흑태양 보병
1725461
331288512
192.0
따라서 익스프레스 부스터 1개의 경험치 획득량은 다음과 같습니다. 지역별 최고레벨 몬스터를 상대했습니다. (190 미만의 오차가 있을 수 있습니다.)
지역
레벨
몬스터
일반 경험치
부스터 1개 경험치
배수
탈라하트
294
환영의 인도자
502만 3491
2107억 4549
만
4432
41952
카르시온
289
근원에 다가간 사제
426만 5489
1945
억
0629
만
8400
45600
아르테리아
284
얼어붙은 레프 법사
361만 4278
1648
억
1107
만
6800
45600
도원경
279
묵날개 올빼미
305만 9716
1562
억
6581
만
5552
51072
오디움
274
실패한 피험체
258만 2906
1249
억
7132
만
3904
51072
아르크스
269
주인잃은 왓치독
217만 4274
864
억
1434
만
5856
41952
불타는 세르니움
264
흑태양 법사
182만 8409
667
억
0036
만
0320
36480
세르니움
261
호기심 많은 학자 유령
175만 0290
638억 5057만 9200
36480
참고: 레어 에스페시아의 배수는 30000입니다.
[수정 사항]
2026년 1월 13일 20시 30분 : 젠 수가 18에서 19로 수정되었습니다."
https://www.inven.co.kr/board/maple/2304/46786,기타,1월 8일 테섭&라이브&캐시 전체 정리 : /아즈모스 삭제 / 신규 이벤트 등,,2026-01-09 11:19,16101,20,"[수정/추가 사항]
1. 본문으로 갱신하였습니다
-----------------
안녕하세요
이 글은 1/8 진행된 테섭과 라이브의 핵심이 되는 내용들을 간략히 보실 수 있게 정리한 것입니다
누락
된 혹은 잘못 적은 부분은 말씀해 주시면 감사히 수정하겠습니다
--------------------
★이번 챌린저스 월드 리프 관련 주의 사항★
▶ 처음 선택한 월드로만 이동 가능하도록 변경되어 월드 분산하여 리프 불가 - 혹시 모르니 꼭 참고!!
- 100레벨부터 리프 가능하도록 변경
- 챌섭 리프 기간
--------------------
▶ 이 글의 내용들(오늘 테섭에서 공개된 것들)은 본섭 적용 시 변동 혹은 변경될 수 있으며 본섭에 1/15(목) 업데이트 적용 예정입니다
----------------------
[목차]
1. 재화 밸런스 조정 관련 사항
2. 캐시 관련 사항
3. 주요 신규&변경 사항
4. 편의성 개선 / 오류 수정 사항
5. 신규 이벤트 관련 사항
----------------------
[재화 밸런스 조정 관련 사항]
1) 관련 코멘트
24년도에 큐브 판매 중단을 하면서 잠재능력 재설정을 메소로 바꾸었다. 대부분의 강화가 현재 메소로 진행되고 있다. 어떻게 보면 메소의 가치가, 구체적으로 말씀드리면 메소와 메이플포인트 사이의 교환 비율을 어느 정도 유지하는 것이 굉장히 중요한 과업이 됐다. 메이플포인트도 어느 정도 쓰임새 있게 만드는 게 그 당시의 당면 과제였다. 막 메소화 됐을 때만 하더라도 메포를 유의미하게 쓸만한루트가 많지 않았다. 그런 상황에서 메이플포인트를 의미 있게 쓸 곳을 만듦으로써 메소와 교환비가 메소마켓에서 일정량 유지되게 하는 것이 굉장히 주요한 과제여서 24년부터 지금까지 고민과 업데이트(관세/패스 등)를 많이 했다
이번 겨울에 이걸 돌이켜 보니, 상대적으로 메소와 관련된 변화는 결정 가격 조정, 스타포스를 제외하면 큰 변화가 없었다. 그래서 상대적으로 거래되는 메포와 메소 사이의 교환비가 좀 더 메포쪽에 우위가 갔던 게 사실이다. 그래서 이런 현상이 있었고, 그런 부분들이 용사님들 사이에서 인식이 되다 보니 마치 메소의 가치가 떨어져 보이는 것처럼 도드라진 게 있었다
쉽게 얘기해서 메포가 쓰임새 있도록 한 조치에 비해 메소에 대한 조치는 상대적으로 적었기 때문에 현재 메소파켓에서 실제에 비해 메포가 메소에 비해 우위가 있어 보이는 현상이 도드라져 보이게 됐다고 생각한다
그래서 이런 부분들은 새롭게 밸런싱 조정을 해야겠다고 생각했다. 아즈모스, 주화의 경우 메포를 소비해서 메소를 추가로 생산해 내는 구조를 갖고 있다. 그래서 당시만 하더라도 필요한 시스템이라고 생각했다. 지금 현 시점에서는 다른 곳에서 메포의 쓰임새가 여러군데 있으므로, 이제는 이 재화 밸런스를 안정화하는 작업들을 함에 있어서 선행돼야 하는 것이라 생각했다
- 모든 사항을 고려할 때
결과적으로 대략 12% 정도 되는 메소가 이번 조치로 인해 덜 생산될 것
- 메포는 대략 30% 정도가 덜 사용될 것
- 이렇게 되면 메포쪽이 사라지는 비율이 높기 때문에, 메포의 쓰임새가 많이 부족해지는 건 아닐까 하는 우려가 드는 게 사실이다. 다만 이후에 또 메포의 사용처를 늘려야 겠다 하는 시기가 올 때 도입할 수단(편의성/에픽 던전 등)이 이미 준비되어 있기 때문에 일단 없애 놓고 다음에 생각해 보자 하고 판단했다
2) 마일리지 샵 변경 사항 :
2026년 2월 1일부터 마일리지 샵의 주화 삭제, 카르마 블큐/화에큐 추가
- 카르마 블랙 큐브 1개 교환권: 유효기간 7일, 1500 마일리지, 넥슨 ID당 월 최대 구매 가능 수량 7개, 교환권에서 획득한 아이템의 유효기간은 7일
- 카르마 화이트 에디셔널 큐브 1개 교환권: 유효기간 7일, 3000 마일리지, 넥슨 ID당 월 최대 구매 가능 수량 7개, 교환권에서 획득한 아이템의 유효기간은 7일
3) 데일리 기프트 품목 변경
4)
에픽 던전 입장 가능 횟수 3회로 증가 / 4000만 메소의 고정 가격을 지닌 신규 주화 지급
■ 에픽 던전을 넥슨ID당 매주 3종을 클리어할 수 있게 변경됩니다. - 매주 에픽 던전을 처음 입장한 메이플ID로 입장 및 클리어할 수 있게 설정되며, 3종의 에픽 던전을 중복되지 않은 캐릭터로 각 1회씩 클리어할 수 있습니다.
5) 아즈모스 협곡 : 삭제
- 수요일 23시부터 입장 불가
- 획득해 둔 코인은 6/30까지 사용 유예 기간 제공
- 몬컬은 모몽 구매 가능 : 1개 150 몬스터파크 코인
6) 쇼케이스에서 언급된 경제적 조치는 이것과 무관하다. 이거는 올해 상반기 중에 가능하지 않을까 생각
▶ 신년 기념 다른 주제들 문답 : 이거는 이후 여력 되면 나머지도 추가하겠습니다
- 파트너 이벤트는 문제가 생길 것도 알고 있었지만 최대한 문제가 안 생기게 하기 위해 보수적으로 하려고 했었다. 이번 1월에는 불가능하지만 이후를 기다려달라
-
그 회색 옷 내복 아니다. 좋아하는 건데 밈화 돼서 그 뒤로 입을 수가 없게 됨
[캐시 관련 사항]
1. 신규 스라벨&코디&헤어성형
2. 성별 변경 쿠폰 판매
3. 보스 패키지에 찬란한 흉성 추가
4. 윈터 부티크 기프트
- 칭호 추경 100%으로 상향 / 종합 칭호 추가
[주요 신규&변경 사항]
1. 직업 스킬 조정 :
https://maplestory.nexon.com/testworld/news/all/150
- 찬란한 흉성, 아스트라 보조 무기, 유피테르 등 새로운 도전 목표를 추가하고 있는 상황 속에서 현재의 밸런스 상황을 살펴 보니 형평성 측면에서 조정이 필요하겠다 하는 직업이 일부 있었다. 그래서 이 조정을 안 하고 상위 콘텐츠를 추가하는 것이 취지와 어긋난다고 생각해서 부득이하게 빨리 준비했다.
앞서 말씀 드린 패치는 별개로 준비하고 있고, 이건 임시로 들어간 패치라고 봐주시면 될 것 같다
- 일부 구조적인 변경 (소극적)
다크나이트 - 리인카네이션을 내가 원하는 시점에 발동할 수 있는 기능 추가
일리움 - 날아다니지 않아도 글로리 윙 사용 가능하도록 변경
메카닉 - 트랜지션 활성화 시 코어봇이 장착된 상태로 소환
2. 신규 보스 :
<찬란한 흉성>
​
​
1) 280레벨 이상 / 최대 3인까지 도전 가능
2) 쇼케이스에서 언급되었던 난이도 : 노멀 - 전투력 2억 초반 / 하드 - 전투략 4억 초반
3) 결정석 가격
4) 전용 보상 : 신규 광휘 파츠 - 황홀한 악몽(가엔링 대체)
5) 보상
3. 신규 시스템 : <아스트라 보조 무기>
★ 자세한 공지 사항 :
https://maplestory.nexon.com/testworld/news/all/151
1) 제네시스 해방과 데스티니 해방 사이 유의미한 스펙업 요소로 도전 가능한 시스템
2) 주간 보스 포인트인 격전의 흔적(=어둠의 흔적) + 에리온의 조각 = 아스트라 보조 무기 성장
★ 아스트라 해방 계산기 :
https://chuchu.gg/simulators/astra
3) 보스 별 격전의 흔적 획득량
3) 일일 퀘스트 : 교불 에리온의 조각
4) 최상위 보스 : 교가 에리온의 조각 드롭
5) 총 3단계의 성장, 각 레벨별 요구 재료 외 별도의 퀘스트는 없음
6) 1단계 성장 요구치
6) 에레브 갈림길 우측에서 에리온이 위치한 맵으로 이동 또는 에리온과 대화(전승-10억 메소) 가능
4. 신규 공용 코어 : <솔 헤카테>
1) 오픈 비용
공용 코어 레벨(10/20/30)에 따라 성장, 스킬 획득
2) 획득한 스킬은 스킬 매니지먼트에서 다른 스킬에 연동하여 쓰거나 단독으로 사용 가능
3) 기본적으로 캐릭터 주변을 움직이며 공격
4) 1레벨 - <스틱스> 스킬 사용 가능
- 60초 단위의 바인드 겸 딜링 스킬
- 기존 바인드와 별개
- 기존 바인드 효과가 있을 때 적중 시 4초 늘어남
5) 10레벨 - 솔 헤카테 공격 강화
6) 20레벨 - <카론> 스킬 사용 가능 : 600초마다 사망 방어 / 10초 동안 무적
7) 30레벨 - <플레게톤> 스킬 사용 가능 : 2분 단위마다 사용 가능한 극딜기 / 직업별로 데미지 타수 각각 설정
5. AI 일러스트 티켓 판매
[편의성 개선 & 오류 수정 사항]
1.
버프 매니저 개선 사항
1) 단축키 추가
2) 즐겨찾기 추가 : 아이콘 우측 상단 별표
2. 보스
입장맵에서 버프 매니저를 통해 메이플 옥션으로 진입할 수 있도록 개선
다만 현재 테스트 월드 기준 버프 매니저를 통하지 않더라도 그냥 경매장 진입이 가능합니다.
의도된 사항인지 오류인지는 본섭에서 확인 필요
3. 메이플 옥션에서 마우스 더블클릭으로도 판매할 아이템을 등록할 수 있도록 개선됩니다.
4. 이벤트 리스트가 마지막으로 열었던 이벤트 폴더의 상태를 기억하도록 수정됩니다.
5. 커스텀 일러스트 의뢰 결과 확인 시, 도착한 일러스트에 피드백을 할 수 있는 기능이 추가됩니다. 일러스트별 피드백 결과는 이후 모델 개선에 활용될 수 있습니다.
- 좌측 아이콘
6. ‘찬란한 영웅의 증거’ 아이을 마법사 협회 맵에 위치한 아울 NPC를 통해 추출할 수 있도록 개선됩니다. -
- 추출한 아이템은 월드내 나의 캐릭터 간 이동만 가능합니다.
- 챌린져스 월드에서는 ‘찬란한 영웅의 증거’ 아이템을 추출할 수 없습니다.
7. 냉동참치가 일부 동작에서 어색했던 현상이 수정됩니다.
:
https://www.inven.co.kr/board/maple/5974/6124335
- 뒤로 매던 동작 수정
8. 샤레니안의 지하 수로 입장 시 명예의 영약 아이템 효과가 유지되던 현상이 수정됩니다.
9. MVP 슈퍼 파워 버프가 차원의 전장에서 사용되지 않던 현상이 수정됩니다.
10. 캐시 이펙트 아이템과 피니시 어택 이펙트 아이템을 동시에 착용할 수 있도록 개선됩니다.
[신규 이벤트 관련 사항]
1. [PC방 이벤트]
1) 경험치 50% 혜택 + 프리미엄 기프트샵 : 1/15~2/11
2) PC방 누적 접속 보상 이벤트 : 1/16~2/12
2. [찬란한 흉성 격파 이벤트 : 미혹의 부름] : 1/15~2/11
1) 일반 격파 이벤트
2) 1인 하드 10인 선착순 이벤트 : 1/22 오후 7시 이후
​
​
​
3. [버닝 익스프레스] : 1/15~2/11
1) 레범몬 1천 마리 퇴치 후 일일 출석 가능
2) 익스프레스 패스 : 30000 캐시로 구매 가능 - 구매 시 밑줄 보상 수령 가능
3) 신규 부스터 - 별도의 경험치 버프 효과를 받지 않고 높은 경험치를 지녀 아무 때나 사용 가능하며 일일 사용 제한이 없음
- 다른 분께서 정리하신
기존 부스터와의 경험치 비교 글
:
https://www.inven.co.kr/board/maple/5974/6123833
4) 부스터는 메소샵에서도 구매 가능 / 월드당
4. 신규 [썬데이 메이플] : 1/25, 2/8
-----------
3추만 보내주시면 감사드리겠습니다"
https://www.inven.co.kr/board/maple/2304/46759,기타,"챌린저스 월드 가이드(내실, 스펙업) 및 체크리스트",,2026-01-05 18:01,47285,22,"챌린저스 월드 스펙업 가이드(내실, 스펙업)입니다.
이번 챌린저스 월드뿐만 아니라, 앞으로의 시즌에서도 참고할 수 있게끔 작성해 보았습니다.
부족한 가독성에 대해 양해 바라며, 혹시나 잘못된 정보 또는 누락된 정보가 있다면 알려주시면 감사하겠습니다.
++에반 [계승된 의지] 마력 10, 올스탯 10, 보뎀 5% 있습니다.
++발사체가 스펙을 올려주는 직업(궁수 직업군, 나이트워커, 나이트로드, 캡틴)
++추가 장비가 존재하는 직업(메카닉, 에반)
보스 트라이 전 의문의 결계, 보약도 확인하세요!
직업별 추가로 스펙업 할 수 있는 아이템들도 있습니다.
발사체
- 궁수 직업군 : 티타늄 화살
- 나이트로드 : 플레임 표창
- 나이트워커 : 플레임 표창
- 캡틴 : 자이언트 불릿
(정보 부족)추가 장비 - 네벨(보조무기, 엠블렘 상인) 판매
- 메카닉 : 퓨어 골드 메탈  파츠 세트
- 에반 : 어비스 마스크 + 리버스 3파츠
(메카닉과 에반의 추가 장비의 경우에는 정보가 부족하여 확실하지 않습니다.)
시즌3 기준)블랙 보조 무기를 실수로 버리거나 판매하셨다면 [챌린저스 월드] - 코인샵에서 100코인으로 구매 가능합니다!"
https://www.inven.co.kr/board/maple/2304/46714,기타,"유니온 챔피언 레이드 TMI 최신화(몬스터HP,가호 버프)",,2025-12-31 17:27,25893,17,"10월 1일에 올렸던
https://www.inven.co.kr/board/maple/5974/5728032
챔피언 레이드 TMI 글에 이어서
다가오는
신년을 맞이해서
내용 추가할 겸
최신화 해봤습니다.
최근 패치로 보스 연습모드의 단계별 가호 버프가 추가됨에 따라
유니온 챔피언 레이드를
'해야하는'<이라기 보다는 아닌
'할 수밖에 없는' 반 강제적인 이유를 만들었습니다.
그래서 추가적인 내용을 좀 추가하게 됐습니다.
어차피 본인의 선택이지만 유니온 챔피언 등록된 캐릭터들 한정으로는
챔피언 모드의 보스 및 제네시스/데스티니 해방 퀘스트를 할 때
연습모드로 할 수도 있으니깐요.
아직 5,6단계의 보스HP를 알아낸 게 없지만
알아보신분이나 알아내신분 계시면 댓글로 남겨주시면 감사하겠습니다.
* 요약본 같은 경우는 선의적인 공유를 하는 건 서로가 좋은 일이지만
본인이 했다고
자랑하고 다니는 사람을 봐서
누구라고는 얘긴 하지 않겠습니다만
출처 및 제 닉네임<<으로 남겨놨습니다.
1. 각 단계별 점수
2. 각 단계별 지형 및 잡몹 배치
3. 각 스테이지 몬스터 레벨 및 체력(5,6단계 보스 HP 미추정)
4. 유니온 챔피언 레이드 점수에 따른 보스 연습모드의 가호 사용 가능 조건
5. 현시점 유니온 챔피언 레이드 TMI
6. 간단한 요약본
지난 글에도 올렸었지만 다시 작성을 해보자면 이렇게 될거라고 봅니다.
크게 바뀌지 않는 이상 11만점이 최대인걸로 보고 있으며
캐릭터 추가 될 때마다의 변수 3가지는 이렇게 볼 수 있겠네요.
1. 사냥 점수 및 보스 퇴치 시 점수
2. 보스 등장 위치(유동적으로 변동)
3. 한 캐릭당 플레이 가능 시간 :
> 3분(3캐릭 기준) - 챔피언 레이드 출시 후 ~ 2025년 9월 17일
> 1분40초(4캐릭 기준) - 2025년 9월 18일 ~ 현재
> ?(5캐릭 기준) - 5개 캐릭 참여 가능한 시점부터 추후 추가 수정 예정"
https://www.inven.co.kr/board/maple/2304/46677,퀘스트,[히든미션] 크리스마스 히든미션,,2025-12-27 00:19,31318,19,"""작은 눈사람 탈"" 장착 후 눈덮인 고래섬의 ""나누크""와 대화하기"
https://www.inven.co.kr/board/maple/2304/46652,기타,주간 메할일/선물 기간 체크&신규 이벤트 등 중요 일정 요약,,2025-12-24 15:25,15778,22,"[수정/추가 사항]
1.
-------------------------------
안녕하세요
이 글은 오늘부터 다음 테섭 즈음까지 보실 만한 일정들을 한데 모은 것으로 가볍게 한 번 쭉 보시면서 체크해 주시면 좋습니다
밑의 일정의 경우 최대한 순차적으로 적었습니다. 이번에는 각각 같은 날짜라도 종료 시간이 다른 게 있기 때문에 유의 필요합니다
잘못 적혔거나 누락한 부분은 말씀해 주시면 감사히 수정합니다.
즐거운 크리스마스 되세요
★이번 겨울 시즌에 주간마다 체크해야 할 사항들★
1. <챌린저스 패스> : 주간 미션 완료하기
2. <모멘텀 패스> : 주간 미션 완료하기
3. <엘라노스 크로니클> : 레범몬 출석(조사) 완료하기
4. <겨울나기 미션> : 주간 미션 완료&보상 수령하기
5. 매주 리필되는 코인샵 품목 중 필요한 것 확인하기
1) <환영의 기억> : 보스 코인샵 큐브 / 경쿠
2) <의문의 결계> : 결계 제어봉
3)
<메소샵> : 메카베리 농장 티켓
4) <챌린저스 샵> : 경쿠
5) <일루전 코인샵> : 황금 딸기 농장 티켓
6)
<PC방 프리미엄 기프트샵> : 품목 전체
6. 길드 콘텐츠(지하 수로/플래그 레이스) : 본섭&챌섭 참여 확인하기
- 챌섭의 경우 기보 포인트도 확인하기
7. 결정석 판매 / 주간 보스 / 에픽 던전 / 아즈모스 협곡 / 익몬 등 체크하기
- 챌린저스 포인트의 경우 이벤트 종료 시까지 포인트 누적됨
8. 카오스 링 보유 중일 경우 재설정
[주요 일정들 체크]
1.
[~12/25 9:59] : <위습의 원더베리 - 원더풀 위크>
2.
[12/25 10시~12/31] : 크리스마스 이벤트 <작은 눈사람의 행복>
1) 일일 미션 : 레범몬 퇴치 후 아이템 10개 모으기
2) 미션은 총 3개 - 하루에 1개씩 오픈되며 이후 참여시 몰아서 가능
3) 일자별 보상은 다음과 같습니다. 월드당 1회씩 수령 가능합니다. 각각 순차적으로 1/2/3일차 보상입니다
4) 앞서 본섭 오면서 추가되었던 캐시 장비 중 아래의 누우우운 모자는 현재로서 획득처가 없기 때문에 히든 미션 보상으로 지급되는 것이 유력해 보입니다
*
이미지 출처 :
https://blog.naver.com/seotbeo/224113801446
- 보통 3일차까지 다 오픈된 뒤 히든 미션이 열립니다 : 12/27~
-
이와 연관이 있을 지는 모르겠지만 일단 아쿠아리움의 눈 덮인 고래섬 - 나누크 옆의 눈사람이 이번 이벤트 눈사람과 비슷하게 생겼습니다
3. [~12/25
23시 30분
]
: <
PC방 1위 기념 및 크리스마스 맞이 감사 선물>
4. [~12/25] : AI 일러스트 티켓 이벤트 - <세계를 읽는 방랑 화가>
1) 티켓을 대화로 획득하는 이벤트는 이때 종료됩니다
2) 이후 1/1~1/14에 레범몬 티켓 이벤트인 <색채의 기운> 이벤트가 진행됩니다
- 레범몬 5만 마리에 티켓 1장
- 1주일에 최대 4번 완료 가능 / 목요일 0시 초기화
4. [~12/27] : <PC방 핫타임 이벤트> 보상 수령
5.
[~12/31 10시] : <월드 리프>
6.
[~12/31] : <윈터 카운트다운> & <CROWN 쇼케이스 기념 선물>
1) 윈터 선물 수령 - 수령한 선물은 1/1 2시까지 사용 가능
2) 윈터 파워업 보약 효과 적용
3) 크라운 선물 목록
7.
[신년 선물?] : 붉은 말의 도약 의자
​
*
이미지 출처 :
https://blog.naver.com/seotbeo/224113801446
1) 2026년 병오년(붉은 말의 해)에 맞춘 보상으로 보이나 아직 이벤트 관련 설명에는 아무런 언급이 없어서 당일에 확인 필요합니다
2) 2025년의 경우 1월 1일에 편지를 읽으면 데미지 스킨을 지급했었습니다
8. [~1/14] : 종료 예정 사항
1)
<뉴네임 옥션>
- 캐릭터 이름 판매 등록 : ~1/11
- 종료된 경매의 닉네임 및 대금 보관 : ~5/14
2)
1차 <모멘텀 패스> : 1/15 점검 이후 2차 시작
3)
<KINETIC> : 키네시스 치장 출석 이벤트
4) PC방 프리미엄 기프트샵 / 50% 경험치 혜택
* 챌린저스 패스는 2/11까지
9. [~3/18]: <탈라하트 판타지아> / <엘라노스 크로니클> 관련 사항
1) [탈라하트 판타지아] 개근 기준 주요 출석 보상 획득 일자
- 도약 성장의 비약(~259) : 1/12
- 페어리 하트 교환권 : 1/26
- 초월 성장의 비약(~269) : 2/9
- 전설 성장의 비약(~279) : 3/9
2) [엘라노스 크로니클] 개근&각 주차 첫날에 1만 마리 출석 시 각 효과 획득 일자
3) [엘라노스 크로니클] 강아지는 일정 조사 완료 횟수마다 강화됩니다
1) 조사 10회마다 레범몬 경험치 스킬 강화
- 횟수는 20회 그대로
- 단계에 따라 추가 경험치 양과 공격 횟수가 증가한다고 함
2) 조사 20회마다 설치기 스킬 강화
- 단계에 따라 스킬 범위와 데미지가 증가한다고 함
10. 1월 업데이트 일정
1) 본섭 업데이트 일자 : 1/15(목)
2) 테섭 업데이트 유력 일자 : 1/8(목)
3) 예정 업데이트 내용 : 공용 코어 -
솔 헤카테 / 신규 보스
- 찬란한 흉성 /
아스트라 보조무기
4) 로드맵
----------
3추만 보내주시면 감사드리겠습니다"
https://www.inven.co.kr/board/maple/2304/46640,기타,돌아온 잡다한 환기성 팁들.txt,,2025-12-23 16:26,34006,37,"그동안 UI 변화도 있고 새롭게 알아두면 좋은 점도 추가해서 정리했습니다!
1-1. 길드원 로그인 알림소리 OFF는 윗 사진의 별표 부분처럼 변경해주세요! (좌클릭)
1-2. 챌섭 초반을 달리시는 분들 중 오프접속을 자주하신다면 꼭 하루에 한번 온라인으로 변경해주세요!
※ 초반에는 접속률을 중요시 하는 길드가 많고 오프접속을 하면 접속일이 갱신되지 않아요!!
2. 시스템 문장을 없애는 방법은 채팅창 좌상단에 탭을 하나 만들어서 빼면 됩니다!
※ 전체 기타탭은 고정이며 +버튼을 눌러 필터를 원하는 것만 설정해서 저장해주세요!
※ 이후 수정은 우클릭으로 들어가주시고 확성기 / 가챠 뽑기 부분은 삭제할 수 없어요.
3-1. 연습모드에 챔피언의 가호버프가 들어왔습니다!
점수 커트라인에 도달한 만큼만 사용이 가능하다보니 실제 사용하는 것보다 약한 사양인 경우가 많겠습니다.
※ 각 줄에 마우스를 올려두시고 스크롤을 하시면 다음탭으로 넘어가집니다!
3-2. 명예의 영약이 들어옴에 따라 기존에 275레벨 도핑을 사용하시는 분들은 명예의 영약으로 옮겨주세요!
※ 챌섭을 달리시는 분들은 꼭 마이스터빌에서 연금술을 배워 도핑류 2개를 사용할 수 있게 해두세요!
ex) 연금술 배우기 전 -> 반짝 빨간별 물약만 사용가능 / 후 -> 반짝 빨간별 물약 + 고급 관통의비약 사용가능
3-3. 연습모드 이외에도 사용가능한 도핑이 있습니다.
VIP 버프와 MVP 버프 그리고 붕어빵(=생일/파티베어) 버프입니다.
＃ VIP 버프 획득처: 인게임 좌측 중단 별표 클릭 > 이벤트리스트 상단 코인샵 클릭 > 보스 코인샵 클릭
ㄴ 일정 구간의 보스를 클리어해야하며 하급 코인샵에서 구매 가능합니다.
＃ MVP버프와 붕어빵 버프는 아래 4-2. 사진을 참고해주세요!
4-1. 캐시샵 메인으로 들어가면 이번 12/18 업뎃 이후 웰컴 메이플과 스타일링 스타터 패키지가 리필됐습니다
'캐시'로만 구매 가능하며 웰컴 메이플의 경우에는 통달의 비약이라는 스펙에 중요한 물품이 있어 추천드립니다.
4-2. 기상효과 탭에 우르스 뿌리기(마슈르) / 붕어빵(=생일&파티베어)
편의 탭에는 MVP 버프가 있으며 당연히 마일리지로 전액 구매 가능합니다.
※ 기존 붕어빵 버프는 15분 효과지만 30분 효과를 원하신다면 새로 생긴 달콤한 붕어빵 버프를 구매해주세요!
★ 공격력 직업인데 마일리지가 부족하다면 리프레 잡화상점 - 아기용의 이유식이라도 쓰면 좋아요
5. 메이플스토리M 도 함께 육성하시면 좋습니다!
메M 120레벨 기준 유니온 테트리스4칸, 공마20 / 250레벨 기준 유니온 테트리스5칸, 공마25를 얻을 수 있습니다
6.
정령의축복 <-> 여제의축복은 중첩이 되지 않지만 챌섭을 달리시는 분들은 생성해두면 좋아요!
§ 현재 달리고 있던 챌섭 하이퍼버닝 캐릭터를 위해 먼저 제로를 생성합니다. (스토리 반드시 스킵)
그러면 정령의축복 12렙을 얻어 공마를 살짝 올릴 수 있습니다.
§ 여유가 있다면 시그너스 직업으로 미하일은 120레벨 / 기사단은 150레벨을 테라버닝으로 달성해주세요.
미하일은 120달성 이후 에레브에 있는 기사단장들의 이야기를 읽으면 여제의 축복 만렙이 됩니다.
기사단은 150달성 이후 나인하트에게 고귀한 정신 스크립트 계속 넘기면 여제의 축복 만렙이 됩니다.
7
. 아델, 제로, 호영, 아란, 시그너스 기사단, 전직업 영웅의 메아리, 연합퀘스트 등
숨겨진 패시브효과를 놓치지 말기
특히 메애기라는 사이트에 들어가서 길드 > 길드명 검색 후 놓친 스킬 탭 누르면 이런 식으로 명단이 나옵니다.
본인 캐릭터만 보고 싶다면 1인길드 생성 후 유니온 캐릭들 계속 가입해둬서 확인하는 방식도 좋아요!
https://meaegi.com/
8. 본인 캐릭터의 보스배율표를 확인해보세요!
환산주스탯이라는 사이트에서 본인의 스펙업 순서, 보스배율표, 보스세팅최적화 등 다양한 기능이 있습니다.
다만 여기서 클리어 가능이라고 되어있는데 이상하리만큼 안된다면
'5차 코강이 모두 다 이루어졌는지' / '도핑을 빼먹은게 없는지' /
'보스에 대한 지식과 내 직업의 지식이 충분한지'
라는 선행조건을 꼭 확인해주세요!
https://maplescouter.com/ko
9. 그 외에도 유용한 open api 사이트가 많이 있습니다!
본인의 레벨업 예상일 / 경험치 효율 계산기 등 >
https://mapleroad.kr/
메이플 인구수, 나의 스타포스 운빨 등 >
https://chuchu.gg/
api 시절을 앞서갔던 사이트 >
https://maple.gg/
10. 사우나/리조트에 넣어두고 컴퓨터 예약종료 하기
윈도우키 + R키 누른 후 shutdown -s -t (시간) *초단위 입력
시간 수정을 원하면 shutdown -a 해서 예약종료 취소 후 다시 재입력
※ 피시방일 경우에는 반드시 예약종료 기능을 쓰면 피시방 남은시간도 멈추는지 확인이 필요해요!
10-1. 사우나 들어가기전에는 이벤트맵(경험치 잠수맵)에 먼저 들어가고 사우나로 들어갈 수 있어요
ex) 남은 사우나시간은 2시간 50분, 예약종료는 3시간뒤에 해두면
남은시간은 이벤트맵으로 돌아가서 10분정도는 이벤트맵 경험치를 받고 예약종료해두기
11. 카오스 혼테일의 목걸이, 하프이어링 등 일부 장비템에는 환생의 불꽃을 사용하지 말아주세요!
계속 교환가능한 아이템에 가위횟수라는 폭탄목걸이가 장착됩니다!
12. 오랜만에 접속하신 복귀유저 분들은 소비탭에 소울조각이 없어졌다고 놀라지마세요!
메뉴 > 아이템 > 소울 컬렉션 탭으로 이동되었습니다!
+ 메소가 이제 캐릭별이 아닌 월드 단위로 합산된 점도 잊지마세요!
13. 이번에 도입된 메이플 AI 일러스트 스탯창에서 보는법
해당 내용은 따로 제가 자유게시판에 올려둔 글을 링크로 대체합니다!
https://www.inven.co.kr/board/maple/5974/6035167
14. 메소가 모자르다고 확성기에서 메소를 판다는 확성기에 현혹되지 마세요.
사기메소 / 작업장메소 등을 싸게 파는 경우가 허다합니다.
아래 링크의 공지사항처럼 적발 시 제재를 당할 수 있으며 꾸준히 신고 유효타를 날린 유저들은 포상도 받습니다.
https://maplestory.nexon.com/News/Notice/All/148172?page=4
긴 글 읽어주셔서 감사합니다 ( _ _ )"
https://www.inven.co.kr/board/maple/2304/46627,사냥,경험치 BM 효율 시트 (260113 수정),,2025-12-22 03:02,94424,30,"여름방학 시즌에 배포했던
경험치 BM 효율 시트
를 최신화하여, 공유하고자 글을 작성하게 되었습니다.
최근에 출시한
메카베리 농장
,
모멘텀 프라임 패스
,
챌린저스
EXP 듀오 이용권
등을 포함하여 제작했으므로,
경험치 효율 비교에 조금이나마 도움이 되면 좋을 것 같습니다!
이전 버전: https://www.inven.co.kr/board/maple/2304/44903
<유의사항(필독)>
1. 공식적인 업데이트는 하지 않음
2. 260레벨
이상의 몬스터와 캐릭터 레벨만 다룸
3.
계산이 올바르지 않을 수 있음 →
틀린 부분은 댓글 또는 쪽지 부탁드립니다!
4. 게시글 내 이미지는 모두 예시이며, 정확한 결과를 위해서는 직접 값을 기입해야 함
(
중요
)
1. 경험치 도핑(30분)
사냥 시 사용할 수 있는
30분 단위
도핑 아이템의 효율을 정리한 표입니다.
경매장에서 각 아이템 검색 후, 현재 가격을 입력해주시면 됩니다.
아래
30분 내 사용 부스터
란은 30분 동안 몇 개의 부스터를 사용할 것인지 입력하시면 됩니다.
당연히 부스터를 많이 사용할수록 도핑 아이템들의 효율은 상승합니다.
부스터를 사용하지 않을 때의 효율은 아래 부스터 개수를 모두
0
으로 두시면 됩니다.
2. 경험치 도핑(30일)
사냥 시 사용할 수 있는
30일 단위
도핑 아이템의 효율을 정리한 표입니다.
위와 마찬가지로 아래
부스터 입력란
에는 하루 평균 몇 개의 부스터를 사용하는지 입력하시면 됩니다.
30일 단위 도핑 아이템의 효율은
부스터를
많이 사용할수록
,
하루에 사냥을 많이 할수록
상승합니다.
3. 경험치 BM
게임사
에 재화를 지불하고 경험치를 얻을 수
있는 BM의 효율을 정리한 표입니다.
아래 입력란에는 원하는 내용을 선택 또는 기입하시면 됩니다.
필요 정보에 캐릭터 레벨을 입력하면 자동으로
입장 가능한 가장 높은 지역의 몬스터파크
로 설정됩니다.
모멘텀 프라임 패스 내 4배 쿠폰의 효율이
경험치 도핑(30분) 표
의
부스터 개수
에 영향을 받습니다.
패스류 아이템
과
챌린저스 EXP 듀오 이용권
은 캐시로만 구매 가능하므로 물통 시세로 계산되어 있습니다.
4. 필요 정보
현재 재화 시세, 캐릭터, 사냥에 대한 정보
를 입력하는 표입니다.
효율 계산에 큰 영향을 미치니 정확히 기입하셔야 합니다.
가장 아래 칸의
1주 챌섭 사냥량
은
챌린저스 EXP 듀오 이용권
의 효율을 계산할 때 사용됩니다.
본섭 캐릭터에게만 해당되므로, 챌린저스 서버 캐릭터의 효율을 구할 때는
공란
으로 두시면 됩니다.
5. 가성비 순위(예시)
위의 모든 가성비 배율을
내림차순 정렬
한 표입니다. 시트 내 값을 수정하면 자동으로 정렬됩니다.
VIP 사우나
가 매주 최대 144,000 메포이기 때문에 가성비 배율은 VIP 사우나를 기준으로 계산되었습니다.
예시로,
악몽선경 1단계(12,500 메포)
는
VIP 사우나
보다
가성비가
약 4.38배
좋습니다.
참고)
시트의 계산식을 수정할 목적이 아니시면 위 처럼 생긴 칸만 수정하실 것을 권합니다.
[시트 사본 주소]
https://docs.google.com/spreadsheets/d/1zOBD59sWi1ACrBytyBQGIh9svRveUIgITXTylEsISGY/copy?usp=sharing
[업데이트 내역]
25.12.22
+ EXP 듀오 이용권 20~28만 마리 구간 표기 오류 수정
25.12.23
+ 295레벨 이상 EXP 듀오 이용권 경험치 표기 오류 수정
26.01.12
+ 몬스터파크 효율 내 경쿠/익스트림 골드 삭제
+ 주화 삭제로 인한 에픽던전 효율 재계산(세라자르 주화)
+ 메소샵 익스프레스 부스터 추가
+ 익스프레스 패스 추가
+ 사냥 칭호 40% → 100% 변경
26.01.13
+ 정렬 스크립트 삭제 후 함수화
+ 엑셀 파일
(xlsx)
다운로드 제공"
https://www.inven.co.kr/board/maple/2304/46595,사냥,메카베리 농장 경험치 분석,,2025-12-20 00:55,135476,10,"제가 제작하는
경험치 BM 효율표
최신화를 위해,
유튜브, 인벤 등 모든 커뮤니티와 지인을 다 뒤져서 데이터를 취합했고 결과는 다음과 같습니다.
-----------------------------------------------------------
먼저 메카베리 농장은
필드몹 1,400마리
플라잉몹 2,730마리 - 1마리당 필드몹 경험치의 3배
보스몹 1마리 -
1마리당 필드몹 경험치의 10배
→ 메카베리 농장 전체 경험치는 1400*1+2730*3+1*10 = 필드몹 9,600마리의 경험치
로 구성되어 있습니다.
-----------------------------------------------------------
전체 경험치량을 동렙 사냥터 몹으로 나누면 대충 비슷한 수치를 구할수 있겠구나 생각했지만
뭔가 수치가 달라서 데이터를 더 모아보니,
필드몹 1마리당
280~284 구간 = 동렙 사냥터 몹 99마리
285~289 구간 =
동렙 사냥터 몹
132마리
290~294 구간 =
동렙 사냥터 몹
143마리
의 가중치를 보였습니다.
또한
295레벨 이상은 294레벨의 경험치 획득량과 동일합니다.
-----------------------------------------------------------
예를 들어 292레벨 캐릭터는 동렙 사냥터 몹 경험치가 4,907,812 이므로,
메카베리 전체 경험치량 = (4,907,812)*(143)*(9,600) = 6,737,444,313,600 의 결과를 구할 수 있고
실제 획득 경험치와 일치함을 볼 수 있습니다.
-----------------------------------------------------------
[레벨 별 총 경험치량]
-----------------------------------------------------------
[3줄 요약]
1. 메카베리 경험치량 공식은 (동렙 몹 경험치)*(구간별 가중치)*9,600 이다.
2. 고레벨 구간일수록 경험치 가중치가 크다.
3. 경험치 맛있다.
틀린 부분 있으면 지적 부탁!
-----------------------------------------------------------
+ 레벨 별 총 경험치량 표 추가
+ 경험치 배율 추가"
https://www.inven.co.kr/board/maple/2304/46561,기타,챌린저스 시즌3 공략 요약 가이드,,2025-12-18 10:06,71887,28,"챌린저스 시즌3
챌섭 체크리스트, 주의사항, 육성 루트, 사냥터 등
요약 가이드 만들어 보았습니다.
제가 정답은 아니니, 가볍게 참고하실 분들에게 나마 도움이 되길 바랍니다.
(잘못된 정보가 있다면, 수정 첨삭 하겠습니다.)
+ 출석 이벤트 일부가 수정되어, 1일차에 딸농 3개 지급 반영 했습니다."
https://www.inven.co.kr/board/maple/2304/46550,아이템,챌섭 전에 진짜 제발 봐주세요 제발요 뉴비분들,,2025-12-17 08:42,91766,45,"12/17 20:03 칭호 수정
12/18 07:14 칭호 수정 마지막
1. 칭호
하이퍼 버닝 MAX를 하면 기본적으로 주는 보상에 '
Eternal Flame (옵션 60일)
'이 있고
240레벨 달성 보상에 '
Infinite Flame (옵션 60일)
'이 있고
버닝 비욘드 270레벨 달성 보상에 '
Burning Beyond (옵션 60일)
'
마지막으로 길라잡이 30-59레벨 달성 보상 새싹 상자에 '
쑥쑥 새싹 (옵션 90일)
'이 있습니다.
1번째 방법)
12월~2월 : 버닝 비욘드 칭호 사용
2월~4월 : 인피니티 플레임 칭호 사용
4월~6월 : 이터널 플레임 칭호 사용
6월~7월 : 쑥쑥 새싹
장점 : 초반부터 빠르게 달려서 오디움~도원경 구간에서 포스를 맛있게 채워서 쓸 수 있음 + 277레벨에 검밑솔해서 빠르게 챌섭 탈출할 사람들에겐 최고의 선택
2번째 방법)
12월~2월 : 인피니티 플레임 칭호 사용
2월~4월 : 버닝 비욘드 칭호 사용
4월~6월 : 이터널 플레임 칭호 사용
6월~7월 : 쑥쑥 새싹
장점 : 초반부터 추경 20%를 땡겨서 빠른 레벨링에 약간 더 유리 + 챌섭 후반부에 그란디스 보스에 도전할 때 포뻥받기 좋음
3번째 방법)
12~2 : 이터널 칭호 사용
2~4 : 버닝 비욘드 칭호 사용
4~6 : 인피니티 플레임 칭호 사용
6~7 : 쑥쑥 새싹
-> 앞에 두 방법은 첫날 240 찍으면 쓰시구요, 첫날 240 안될것같다 하시면 이터널부터 쓰시면 됩니다!
직접 경험치 로드 사이트에서 몇시간 사냥하면 몇렙되고 이런거 다 찍어봤는데 한달 사냥하면 이터널이랑 인피니티랑 4~7일정도 차이밖에 안나요
뭘 선택하든 자유지만, 중요한 점은 왠만해선 포스 채우기도 힘들고 미션이 걸려있는 챌섭에 '인피니티와 비욘드 칭호'를 적절하게 터는게 중요. 이터널이랑 쑥쑥새싹은 약간 덤으로 따라오는거라서 본섭 리프하고 사용해도 충분!
특히 쑥쑥 새싹은 아케인 포스도 없고 가장 약한 칭호라 챌섭 간김에 덤으로 가져오는거라고 생각하면 편합니다.
2. 도미네이터 / 앱솔랩스 선택상자
하이퍼버닝 220레벨 달성보상에 앱솔랩스 무기 / 도미네이터 펜던트 선택 상자를 줍니다.
진짜 무조건무조건무조건무조건무조건무조건무조건 도미네이터 펜던트를 선택합니다.
'나 도전자 장비 끝나기 전까지 해방할 자신이 없는데? 어차피 아케인 무기 사야되면 앱솔무기 상자 받고 남은 해방하면 안됨?' -> 제네무기 1차해방이 더 쎕니다.
무조건 도미네이터 펜던트 선택하기
3. 정령의 펜던트
이번 챌섭에서는 정펜 두개를 줍니다. '탈라하트 판타지아 1일차 출석 보상'에서 정령의 펜던트 한개와 '겨울나기 주간미션 보상'에서 정령의 펜던트 한개를 줍니다.
이 중에서 겨울나기 주간미션 보상에는 투명세트와 선택슬롯 맥스쿠폰이 포함되어 있어서 바로 받아서 사용하는게 좋으니까
겨울나기 주간미션 보상을 먼저! 받아서 정펜을 30일동안 쓰고
, 정펜 기간이 다 끝나면 탈라하트 판타지아 출석 보상에서 정펜을 받아서 이어서 써주세요.
4. 자석펫
자석펫도 마찬가지로 두개를 줍니다.
첫번째는 '윈터 카운트다운'에서 윈터 선물 5번째칸에 달콤한 정령(30일)이 있고, '겨울나기 주간미션 보상'에서 탈콤한 정령(30일)을 줍니다.
정령의 펜던트는 받자마자 바로 사용되는 걸로 주지만 달콤한 정령은 소비형 상자로 주니까 윈터 카운트다운에서 받는 달콤한 정령을 먼저 쓰고 겨울나기 주간미션 보상을 나중에 쓰는게 가능합니다.
그러니까
제발 윈터 카운트다운을 먼저 받아서 상자를 확실하게 열어서! 장착을 하고 난 뒤
에 겨울나기 주간미션 보상을 받아주세요. 둘다 다 받아놓고 상자깐 뒤에 겨울나기 주간미션 상자였다는 참사 일으키지 마시구요.
5. 이벤트링
테네브리스 원정대 반지 / 글로리온 링 / 어웨이크 링 -> 이게 소위 말하는 1티어 이벤트링 3종세트인데 이거는 많이 뿌립니다.
이번 윈터 카운트다운에서 주는 이벤트링은 1티어링 뿐만 아니라 다른 이벤링도 받을 수 있는데 저처럼 드랍 이벤링 3개+스탯 이벤링 1개를 조합하실 분들은 윈터 카운트다운에서 '카오스 링' 받아주세요
정리
1. 칭호 사용 순서 : 이터널 플레임 -> 버닝 비욘드 -> 인피니티 플레임 -> 쑥쑥 새싹
2. 도미네이터 펜던트 / 앱솔랩스 무기 선택 상자 -> 때려죽여도 도미네이터 펜던트 선택
3. 정펜 사용 순서 : 겨울나기 주간미션 보상 -> 탈라하트 판타지아 1일차 출석 보상
4. 자석펫 사용 순서 : 윈터 카운트다운 윈터선물 -> 겨울나기 주간미션 보상
5. 윈터 카운트다운 이벤링 선택권 : 카오스 링 받기"
https://www.inven.co.kr/board/maple/2304/46547,사냥,경험치 BM별 레벨당 효율,,2025-12-16 17:07,17551,24,"동일레벨 몬스터를 재획할때 경험치 비율을 260때 효율을 1 가정했을때 상정한 효율입니다
익몬은 275~280사이에 가장 효율이좋고
몬파는 최대한 높은 레벨 캐릭터한테 써주는게 효율이 좋네요
상급 EXP랑 사우나는 정확하게 계산해서 만들어진 BM인거 같네요 ㅋㅋ
부캐가 260짜리랑 280짜리가 있으면 exp쿠폰이랑 사우나는 260짜리한테 써주고 280짜리는 익몬이랑 에픽던전 몬파를 돌아주는걸 추천합니다"
https://www.inven.co.kr/board/maple/2304/46546,기타,[12/18~]패치후 메할일&바뀌는것들&주의사항 요약+@:CROWN 1차 업데이트,,2025-12-16 14:30,62711,44,"[수정/추가 사항]
1. 한 항목에 모멘텀 패스 가격과 설정 잘못 적혀 있던 것 수정하였습니다
2. 보스 코인샵은 챌린저스 월드와 일반 월드 각각 별개로 이용 가능합니다. 단,
하트 업그레이드 모듈: 플라즈마는 일반 월드와 챌린저스 월드를 포함하여 메이플ID당 1개만 구매 가능합니다.
3.
https://www.inven.co.kr/board/maple/5974/6020327
: 신규/변경 사항도 같이 참고 부탁 드립니다
-----------------------------
안녕하세요
이 글은 12/18(목) 진행되는 CROWN 1차 업데이트의 중요한 내용들을 각 테마별로 빠르게 확인하실 수 있게 한 글입니다. 아예 이번 업데이트 관련 사항을 모르시면 처음부터 쭉 보시는 걸 권해 드리지만, 앞서 보셨을 경우 목차를 보시고 필요하신 부분만 찾아 보시면 좋겠습니다
잘못 적힌 부분은 말씀해 주시면 감사히 수정합니다
[목차]
1. 수요일 종료되는 사항들
2. 점검 전 주간 보스+@ 해도 돼요?
3. 신규 이벤트 메할일 체크
4. 캐시 관련 사항
5. 신규 이벤트 핵심 사항
6. 주요 신규&변경&개선 사항들
7. 1월 업데이트 일정
▶ 이 글의 내용은 테스트 서버 기준으로 정식 서버 업데이트 시 변동 혹은 변경될 수 있습니다
▶
12/18(목) 점검 예정 시간 : 공지사항 업로드 시 추가
★12/17(수) 23:59 종료되는 사항들★
1. [윈터 카운트다운] : 왼쪽 카운트다운 선물 수령 / 극성비 수령 / 경쿠 수령
★ 공지사항 변경 사항 : 17일 이후에도 매일 카운트다운 버튼을 눌러 일일 1회 출석 가능하도록 변경되었습니다
2. [히어로의 모험일기] : 미션 수행 / 보상 수령
- 스페셜 월드는 12/18 점검 전까지 오픈되나 미션 수행은 12/17 종료
3. [가상 전투 시스템] : 미션 수행 / 보상 수령
4. [지네 장로 펀치킹]&코인샵 : 보상(의자) 수령 / 보스 코인 사용
5. [몬스터파크 대소동]&코인샵&메소샵 : 출석 / 코인 사용
6. [히어로 등장] : 이벤트 스킬 발동
7. [아이템 버닝]
8.
[그랜드 컬렉션]&[미스틱 컬렉션]&[스페셜 루나 크리스탈] : 캐시샵 콜라보 상품 판매
9. [CROWN 쇼케이스 시청 이벤트] : 사우나 이용권 수령
11.
[VIP 사우나] : 12/17까지 누적된 시간 전부 사용 - 남은 시간은 다음 사우나로 이월되지 않습니다
---------------------
▶ 같이 보기
- 윈터 카운트다운 극성비 / 원펀맨 보상 아이템들 기한은 12/18(목) 2시까지입니다
- 단, 가상 전투 시스템 마지막 보상인 큐브 상자의 큐브는 개봉 후 7일 동안 사용 가능
- [PC방 누적 보상 이벤트]는 12/18 23:59까지 진행
- [CROWN 쇼케이스 기념 선물]은 12/31까지 수령 가능
- [윈터 카운트다운]윈터 선물은 점검 후부터 12/31까지 수령 가능 - 보약 효과도 연말까지
★점검 전 주간 보스+@ 해도 돼요?
★
▶ 이번에 점검 관련 고려하셔야 할 것들
1.
점검 후 보스 코인샵 들어옴 : 피치 못하게 잡아야 한다면 가장 강한 보스 1마리 남겨두기 / 12마리 다 잡았으면 패치 후 연습 모드로 잡기
2. 에픽 던전 / 익몬 경험치 상향 : 패치 후 돌아야 적용
3. 몬스터 파크 상위 지역 4개 추가 : 패치 후 돌아야 적용
4. 모멘텀 패스 미션 :
그란디스 일퀘/레범몬/몬파/익몬/에픽 던전 미션 : 이벤트 수락 후 돌아야 완료 처리
★신규 이벤트 메할일★
▶ 일일 / 주간마다 해야 하는 것들
1. [메인 출석 이벤트 : 환영이 내리는 밤]
1) [접속 출석]탈라하트 판타지아 :
1주 최대 5회 / 12주
- 획득한 SP로 보약 스킬 찍기
2) [레범몬 출석]엘라노스 크로니클 :
1주 최대 10000마리 / 12주
- 1회 출석 시마다 코인샵 코인 800개 획득 / 최대 60회=48000개
- 일정 출석 횟수 달성 시 이벤트 효과 강화 : 콘텐츠 보약&이벤트 스킬 강화
- 250마리마다 발동되는 이벤트 스킬 캐릭터당 일일 20회까지 발동 가능
3) [보스 코인샵]환영의 기억 :
주간 보스 퇴치 시 코인 획득 / 13주
- 상급 코인 : 이지 카링, 하드 카이부터 획득 가능
- 매주 리필되는 카르마 큐브 구매
- 챌린저스 월드와 일반 월드는 별개 구매가 가능하지만 하트 업그레이드 모듈은 챌린저스, 일반 월드를 통틀어 1개만 구매 가능
4) [메소샵] : 메카 딸기 농장 1주일에 2장씩 리필되므로 필요하신 분들 구매  / 13주
2. [신규 캐릭터 전용]겨울나기 미션 :
주간 레범몬 미션 : 1주 최대 10000마리
- 경쿠 / 부스터 / VIP 사우나 보상
3. [챌린저스 월드] : 4달 진행
1) [레범몬 미션]일일 미션
-  일일 1000마리 / 1주 최대 5회 / 단, 챌린저스 코인만 300개씩 지급
2) 의문의 결계 : 매일 3개씩 충전되는 결계 제어봉 사용
3) 챌린저스 파트너 : 주간 초기화 / 1주 최대 10만 마리-파트너에게 EXP 적립
4)
[이용권 1주 1만 캐시]챌린저스 EXP 듀오 : 1주 최대 64.5만 마리 - 일반 월드 캐릭터에게 EXP 적립
5) 시즌 보스 카이 : 주간 12마리 제한에 포함되지 않는 이벤트 주간 보스
- 노멀 : 하드 진 힐라 < 노멀 카이(270) < 노멀 세렌
- 하드 : 하드 세렌 < 하드 카이(280)  < 이지 카링
4. 패스 관련 메할일
1) [챌린저스 패스/19800] :
심볼 일퀘/레범몬/몬파/익몬/주보 후 주간 미션 완료하기
2) [모멘텀 패스/49800] :
그란디스 일퀘/레범몬/몬파/익몬/에픽 던전 후 주간 미션 완료하기
5. 키네시스 리마스터 이벤트 : 키네시스로 일일 1000마리 퇴치 후 10일 출석 / 치장템만 있음
6. 일일/주간 메할일은 없는 주요 테마 이벤트들
1) 하이퍼 버닝 / 버닝 비욘드 / 아이템 버닝 PLUS : 버닝 3종 세트
2) 겨울나기 미션 : 스텝업 - 유니크 엠블 등 보상, 최종 목표 하드 스우 1인 격파
3) 뉴네임 옥션 : 유저 간 닉네임 거래
4) 닉네임 익스프레스 : 3만 메포 / 메이플 ID 내 닉네임 옮기기
5) KINKTIC 뷰티 익스프레스 : 3만 메포 / 메이플 ID 내 점검 전 키네시스 외형을 신규 키네시스 캐릭터로 옮기기
6) 커스텀 AI 일러스트 관련 이벤트 : 대화와 레범몬 퇴치로 티켓 획득하기
7) [프리미엄 PC방 혜택&프리미엄 기프트샵] : PC방 코인샵 / 50% 경험치
8) [프리미엄 PC 접속 보상 이벤트] : 누적 보상 이벤트 / 하루 5시간까지
9) 12/21 PC방 핫타임 이벤트 : 이 날은 최대 10시간까지 / 풍성한 보상
▶ 각 이벤트의 설명은 밑의 이벤트 사항에서 확인해 주세요
★캐시 관련 사항★
1. 로얄 스타일 / 헤어, 성형 쿠폰 교체 : 신규 스라벨 등
2. 웰컴 메이플 패키지&스타일링 스타터 패키지 구매 가능 횟수 초기화
3. [~3/18] 직업 일러스트&보스 컬렉션 판매 : 칭호는 X
1) 직업 패키지 : 구성품에 따라 9900 / 10000 / 12900 / 13000 /15900
2) 직업 헤어 쿠폰 : 5500
3) 직업 성형 쿠폰 : 2500
3) 보스 성형 쿠폰 : 3500
4) 보스 헤어 쿠폰 : 5500
5) 의상 패키지 : 14900
6) 최초의 대적자 패키지 : 10000
7) 최초의 대적자 무기 : 4900
8) 위의 아이템 중 재출시 제외 신규 이미지 :
https://www.inven.co.kr/board/maple/5974/5999229
4. [~12/25 9:59] 위습의 원더베리 : 원더 블렉 획득 확률 20% 상승
5. 붕어빵 등 15분만 있던 뿌리기 류 아이템 30분 버전 추가
6. 우뿌/MVP 슈퍼 : 마일리지 샵에서 삭제 / 일반 품목으로 이동
7.
컬러링 프리즘, 컬러링 프리즘 프로, 무기 이펙트 프리즘을 적용한 아이템 착용 개수 제한 삭제
- 단, 메이플 핸즈+ 홈페이지, 일부 캐릭터의 외형이 그려지는 컨텐츠에서 출력되지 않게 변경 : 서버 부하 문제의 임시 조치로서 이후 문제 해결 뒤 복구 예정
8. 이벤트 패스 관련 아이템들 : 전부 넥슨 캐시로만 구매 가능
1) 프라임 모멘텀 패스 : [모멘텀 패스] 이벤트 관련 아이템 : 49800 캐시
2) 챌린저스 패스 : [챌린저스 패스] 이벤트 관련 아이템 : 19800 캐시
3) 챌린저스 EXP 듀오 이용권 : [챌린저스 EXP 듀오] 이벤트 관련 아이템 : 10000 캐시 : 매주 목요일 초기화
▶ 각 패스와 관련된 내용은 밑의 이벤트 사항에서 확인해 주세요
★신규 이벤트 핵심 사항★
▶ 이 글에서는 중요한 내용을 빠르게 보실 수 있게 최대한 필수가 되는 정보들만 담았습니다. 보다 더 자세한 내용은 이전에 작성한 글을 참고해 주시면 됩니다 :
https://www.inven.co.kr/board/maple/2304/46528
-----------------------------------------------------
[챌린저스 월드 시즌 3 관련 사항]
1. 메인 미션 : 12/18~4/15
▶ 메할일 : 목표에 따라 챌린저스 월드 육성하기
1) 운영 기간이 5개월에서 4개월로 변경됐습니다
2) 1/15부터 사전 리프 가능합니다
3) 일일 미션은 코인만 지급하도록 변경되었고 레벨 미션이 260부터 1레벨 단위로 포인트를 지급하도록 변경되어 달성도에 따라 빠른 탈출이 가능하게 됐습니다
4) 테라 버닝 최대 3개까지 생성 가능합니다
5) 격주마다 샤타포스 진행됩니다
6) 랭크 달성 보상도 이전과 유사한 구성입니다 : 궁성비 / 카르마 주문서, 큐브 등
7) 코인샵의 경우 카르마 명큐가 100개로 줄고, 솔 에르다 조각(40코인/500개)와 솔 에르다(2000코인/5개)가 들어오는 등 강화 보상은 줄어들고 6차 보상이 추가됐습니다 :
https://upload3.inven.co.kr/upload/2025/12/14/bbs/i1522156387.jpg?MW=800
8) 챌린저스 월드 시즌 3 미션 점수 계산기 :
https://meaegi.com/calc/challengers-world-mission
2. 의문의 결계 : 12/18~4/15
▶ 메할일 : 매일 지급되는 결계 제어봉 사용하고 결계 강화하기
1) 이전과 동일한 방식으로 진행됩니다 : 5차 전직 이후 하루 3개씩 결계 제어봉 지급
3. [패스 19800]챌린저스 패스 : 12/18~2/11 :
▶ 메할일 : 주간 미션 완료하고 보상 받기 / 3주+@
★ 명의당 하나의 메이플 ID로만 참여 가능
1) 200레벨 이상 캐릭터로 심볼 일퀘/레범몬/몬파/익몬/주보 미션을 통해 주간 미션 수행
2) 1주일에 최대 3000 포인트까지 획득 가능
3)
480 포인트= 1레벨 / 최대 레벨 = 20레벨 / 총 필요 포인트 = 9600
4) 총 이벤트 기간 8주이므로 1주에 1200 또는 3주+@로 끝낼 수 있음 - 육성하다 보면 자연스럽게 해결
5) 19800 캐시로 프리미엄 패스 구매 가능
6) 특별 지원 물품까지 수령 시 주요 보상 : 조각은 교불, 나머지는 창고 이동 가능
- 초성비 1개 / 카르마 블큐, 화에큐 20개 / 조각 435개 / 상급 EXP 3500개 / 사우나 12개 / 부스터 20개 등
4. 시즌 보스 카이 : 12/18~4/15 :
▶ 메할일 : 스펙 도달 시 격파 도전하기
1) 챌린저스 월드 전용 주간 보스
2) 노멀 : 270 이상 도전 가능 /
하드 진 힐라와 노멀 세렌 사이 / 마스터 티어 필수 조건
3) 하드 : 280 이상 도전 가능 / 하드 세렌과 이지 카링 사이 / 챌린저 티어 필수 조건
4) 결정석을 드롭하지 않고 주간 보스 12회 제한에도 포함되지 않음
- 메소 주머니 / 칠흑 상자 / 조각 상자 / 에테르넬 상자 등 드롭
5) 노멀 보상의 경우 3억 메소+@라고 합니다:
https://www.inven.co.kr/board/maple/5974/5998620
6) 일반 격파 이벤트 : 노멀 - 헤쿠,성쿠,의상  하드 - 명찰,위소울(공/마 확정)
7) 월드 통합 하드 선착순 격파 TOP 10 이벤트 - 100만 메포/칭호/배경/테마/피니시 어택 이펙트
5.
챌린저스 파트너 : 12/18~4/15 :
▶ 메할일 : 파트너 잘 구해서 약속(레범몬/보스 격파) 잘 지키기
1)
200레벨 이상 캐릭터 2명이 서로 파트너가 될 수 있음
2) 파트너는 아래와 같은 강력한 제약이 뒤따르므로 신뢰할 수 있는 사람으로 해야 합니다
- 한 번 파트너를 맺으면 이벤트 종료 시까지 무르거나 변경할 수 없습니다
- 파트너가 리프하면 이벤트 참여가 더 이상 불가능합니다
- 한 번 파트너를 맺은 기록이 있으면 새로운 파트너를 맺을 수 없습니다
3) 파트너 체결 이후부터 레범몬 1마리당 1P씩 1주일에 최대 10만 P까지 상대방에게 누적
4) 쌓인 포인트는 260레벨 이후부터 사용할 수 있습니다
- 포인트 계산기 :
https://mapleroad.kr/utils/challengers_partner
5) 컴뱃 미션 : 파트너와 2인 보스 격파 미션
- 연습 모드로도 가능
- 하드 윌 / 하드 진 힐라 : 각각 조각 100개
- 이지 대적자 / 하드 세렌 / 노멀 칼로스 : 각각 이펙트 반지 / 파트너로이드 / 훈장
5.
[이용권 구매 시 참여 가능]
챌린저스 EXP 듀오 : 12/18~4/15 :
▶ 메할일 : 챌린저스 월드 캐릭터로 레범몬 사냥하기 (주간 최대 645000마리)
1) 캐시샵에서 10000 캐시로 1주일 동안 이벤트에 참여 가능한 이용권 구매 가능
2) 참여 레벨 제한 : 260 / 이벤트 시작 시 챌린저스 월드에 1 캐릭터, 일반 월드에 1 캐릭터 지정
3) 챌린저스 월드의 캐릭터로 사냥 시 일반 월드의 캐릭터가 EXP 포인트를 받음
4) 1주마다 최대 645000마리까지 퇴치 가능
5) 포인트 계산기 :
https://mapleroad.kr/utils/challengers_exp_duo
[버닝 이벤트&성장 보상 이벤트 관련 사항]
7. [신규 캐릭터 전용]겨울나기 미션 : 12/18~3/18 :
▶ 메할일 : 주간 레범몬 1만 마리 / 하스우까지의 미션 완료
1) 12/18 점검 이후 생성된 캐릭터로 참여 가능
2) 이벤트에 참여한 캐릭터로 주간 미션 참여 가능 : 매주 레범몬 1만 마리
3) 주간 미션과 여러 미션을 통해 보상 획득 가능 / 보스 미션은 연모로도 가능
- 주간 미션 1회(자석펫 30일/정펜)
- 카벨(유니크 엠블렘)
- 이루시(카르마 유잠, 에에잠)
- 하스우(마지막/조각 100개) 등
8. 하이퍼 버닝 MAX : 12/18~6/17 :
▶ 메할일 : 하버 캐릭터 지정 후 260레벨까지 육성
1) 신규 생성한 캐릭터 또는 200~258 캐릭터에 하이퍼 버닝 MAX 지정 가능
2)  메이플 ID당 최대 1개까지 가능
3)
이번에는 출석에서 따로 부스터가 지급되지 않습니다
4) 하버 보상은 기존과 유사하며 챌린저스 월드에서 수령 시 더 많은 보상을 획득합니다
9. 버닝 BEYOND : 12/18~6/17 :
▶ 메할일 : 260레벨 이상 캐릭터에 지정 후 270레벨 달성
1) 메이플 ID당 1회,  260~268 레벨에 속하는 캐릭터로 버닝 비욘드 캐릭터 지정 가능
2) 지정 시 270레벨까지 1 레벨 추가 획득
3) 260레벨 달성 후 모든 보상 수령 시
- 총 솔 에르다 6개 / 조각 100개 /
아르크스, 오디움 5레벨 심볼 / 칭호
10. [신규 캐릭터 전용]아이템 버닝 PLUS : 12/18~4/22
▶ 메할일 : 이벤트 참여 후 미션 수행
★ 명의당 하나의 메이플 ID로만 참여 가능
1) 장비 수령 후 미션을 통해 최대 22성 장비까지 업그레이드 가능
2) 기존 미션 : 카쿰/카벨/노스우/이루시
3) 추가 미션 : 하진힐/노세렌/이칼/이적자
4) 추가 미션의 경우 미션 완료에 도전의 문장 요구
5) 도전의 문장은 이하 주간 보스 퇴치 시 획득 가능하며, 획득 방식은 보스 코인과 동일합니다
-
https://upload3.inven.co.kr/upload/2025/12/14/bbs/i1512465995.jpg?MW=800
11.
[패스 49800/280레벨 이상]
모멘텀 패스 : 12/18~1/14 :
▶ 메할일 : 주간 미션 완료하고 보상 받기
★ 명의당 하나의 메이플 ID로만 참여 가능
1) 280레벨 이상 캐릭터로 그란디스 일퀘/레범몬/몬파/익몬/에픽 던전 미션을 통해 주간 미션 수행
2) 1주일에 최대 2000 포인트까지 획득 가능
3)
720포인트= 1레벨 / 최대 레벨 = 10레벨 / 총 필요 포인트 = 7200
4) 총 이벤트 기간이 4주 밖에 안 되므로 좀 빡빡합니다. 주간 미션 놓치지 않게 주의
5) 49800 캐시로 프라임 모멘텀 리워드 패스 구매 가능 / 구매 시 프라임 모멘텀 리워드 수령 가능
6) 보상 목록 : 전부 교환 불가
[메인 출석 이벤트 : 환영이 내리는 밤 관련 사항]
12. 탈라하트 판타지아 : 12/18~3/18 : ▶메할일 : 접속 출석 1주 5회 / 보약 찍기
1) 1주 최대 5회까지 접속 출석 가능
2) 출석 시마다 경험치 3배 쿠폰 3개, 전투력 보약과 콘텐츠 보약 SP 5개씩 획득
- 3배 쿠폰 15개를 4배 쿠폰 1개로 교환하여 받을 수 있음
3) 출석 횟수에 따라 보상을 수령할 수 있으며 목록은 아래 링크에서 확인하실 수 있습니다
-
https://upload3.inven.co.kr/upload/2025/12/14/bbs/i1461944037.jpg?MW=800
4) 최종 보상은 신규 아이템 전설 성장의 비약으로 279 레벨까지 1레벨이 상승합니다
5) 획득한 SP로 UI의 ""환영의 마법 강화"" 탭에서 보약 스킬 획득 가능
13. 엘라노스 크로니클 : 12/18~3/18 :
▶메할일 : 주간 레범몬 1만 마리 출석
1) 조사 1회에 레범몬 2천 마리씩, 1주에 최대 5회까지 조사할 수 있습니다
2) 누적 조사 횟수에 따라 엘라노스가 성장합니다
- 누적 조사 횟수 5레벨마다 위의 ""고대의 힘' 효과가 누적
- 누적 조사 횟수 10레벨마다 레범몬 경험치 스킬 강화  : 캐릭터당 일일 최대 20회까지
- 누적 조사 횟수 20레벨마다 엘라노스(설치기)가 성장하여 스킬 범위 증가 : 성장하기 버튼 누르기
3) 조사 1회마다 800개의 일루전 코인 획득 /
최대 60회 가능하므로 최대 48000개
4) 일루전 코인샵 = 기존의 출석 코인샵
-
https://upload3.inven.co.kr/upload/2025/12/14/bbs/i1981177542.jpg
14. 환영의 기억 : 12/18~3/18 : 주간 보스 코인샵
▶메할일 : 주간 보스 퇴치 / 큐브 매주 구매
1) 주간 보스 퇴치 시 코인 획득 : 월드당
2) 13주 동안 진행
3) 이지 카링, 하드 카이 퇴치 시부터 상급 코인을 획득 가능합니다
-
https://upload3.inven.co.kr/upload/2025/12/14/bbs/i1637239881.jpg?MW=800
4)
보스 코인샵은 챌린저스 월드와 일반 월드 각각 별개로 이용 가능합니다. 단,
하트 업그레이드 모듈: 플라즈마는 일반 월드와 챌린저스 월드를 포함하여 메이플ID당 1개만 구매 가능합니다.
15. [메소샵] : 12/18~3/18
1) 파괴 복구용 플라즈마 하트 15억 메소 / 3개
2) 메카 딸기 농장 티켓 5억 메소 / 매주 2개
- 281 기준 3분 소요 / 약 9%
3) 냉동참치 교환권/스노우보드 등 겨울 테마 아이템
-
https://upload3.inven.co.kr/upload/2025/12/14/bbs/i1242045135.jpg?MW=800
[치장 보상 / 코디 이벤트 관련 사항]
16. [리마스터 이벤트]KINETIC : 12/18~1/14 : 키네시스 전용 치장 아이템 출석 이벤트
1) 키네시스로 매일 레범몬 1천 마리 퇴치 후 출석 가능
2) 이벤트 기간 내 10일 참여 시 위의 보상 아이템들을 획득할 수 있습니다
3) 수령은 모든 캐릭터로 가능하고, 전부 치장 아이템입니다
17. KINETIC 뷰티 익스프레스 : 12/18~1/14 : 계정 내 키네시스 외형 옮겨주기 / 3만 메포
18. 닉네임 익스프레스 : 12/18~1/14 : 계정 내 닉네임 옮겨주기 / 3만 메포
19. 뉴네임 옥션 : 12/24~1/14 : 유저 간 닉네임 거래 이벤트
20. 커스텀 AI 일러스트 이벤트
1) 티켓 1개를 사용하여 최대 4개의 AI 일러스트 신청 가능
2) 티켓
획득 이벤트 1 : 12/18~12/21, 12/22~12/25 2차례 진행 / 270레벨 이상 캐릭터로 기간 내 대화를 통해 각각 1장씩 수령 가능
3) 티켓 획득 이벤트 2 : 1/1~1/14 / 101레벨 이상 캐릭터로 1주에 5만 마리당 티켓 1개, 최대 4회까지 참여 가능
4) 일러스트는 캐릭터 정보 창, 시나리오 대화창 등에 적용할 수 있음
[PC방 이벤트 관련 사항]
21. [프리미엄 PC방 혜택&프리미엄 기프트샵] : 12/18~1/14
1) 이벤트 기간 내 프리미엄 PC방 혜택이 적용됩니다
- 50% 추가 경험치 획득
- 레범몬 퇴치 시 코인 획득 : 게이지 100당 코인 1개 / 매주 최대 750개까지
2.) 코인샵 목록 : 주간 리필 / 구매 후 7일 기한
22. [프리미엄 PC 접속 보상 이벤트] : 12/19~1/15
1) 이벤트 기간 내 일일 5시간씩 PC방에서 접속 시간을 누적할 수 있습니다
2) 일일 보상
- 주말의 경우 10/30/60분 보상에 VIP 부스터 2개씩이 추가되며 90분 보상에 조각 5개가 더해집
니다
3) 누적 보상
23. [PC방 핫타임 이벤트] : 12/21 0시~23시 30분
1) 게토 PC방의 경우 5시간 무료 시간과 무료 시간 소모 시 선착순 1만 캐시 이벤트도 진행되는데, 이벤트 진행 PC방은 해당 페이지의 ""혜택 매장 찾아보기"" 조회를 눌러 조회하실 수 있습니다 :
https://enter.nexon.com/free-to-play/2512maplestorypcbang
2) 캐릭터 선택 창이 아닌 게임 내에 접속 두어야 시간이 누적되는 등 주의하셔야 할 것들이 있으니 참여 전에 위의 페이지 하단의 주의사항을 한 번 꼭 읽어 주시는 것을 권장 드립니다
★주요 신규&변경&개선 사항들★
1.
MVP 시스템의 등급 산정 기준이 ‘당월 포함 최근 3개월 구매 금액’에서 ‘이번 주를 포함한 최근 13주간 구매 금액’으로 변경됩니다.
1)
MVP 관련 사항은 요약하다가 실수하면 문제가 더 크기 때문에 공지사항의 전문을 캡처하여 드립니다.
12/15 추가 공지 사항까지 포함돼 있습니다
:
https://upload3.inven.co.kr/upload/2025/12/15/bbs/i1622505175.jpg
2. 링크 3레벨 시스템 추가
1) 285 레벨 달성 시 캐릭터당 1번 찬란한 영웅의 증거 수령 가능
2) 해당 아이템을 5차 전직을 완료한 캐릭터가 사용 시 링크 스킬이 3레벨로 업그레이드
3) 3레벨 스킬 효과 :
https://upload3.inven.co.kr/upload/2025/12/15/bbs/i1341361169.jpg
3. 어센틱 심볼 11레벨 달성 효과 추가
1) 각 지역에 대응되는 보스 공격 시 데미지 20% 증가
- 세렌 / 칼로스 / 대적자 / 카링 / 발드릭스 - 이후 신규 보스도 적용
2) 세르니움~카르시온 효과에 추가 경험치 10% 추가
4. 성장 동선 개선 관련 사항
1) 여로~테네브리스, 세르니움, 아르크스 일부 사냥터 배치와 지형 변경
2) 에픽 던전&아즈모스 협곡 경험치 보상 약 34% 증가
3) 275레벨 이상 익몬 클리어 경험치 증가
- 275~279 : 약 1~4% / 280~284 : 약 7~11% / 285~289 : 약 25~29% / 290 이상 : 약 45~49%
3) 일반 몬파 개선
- 도원경~탈라하트 추가
- 월드 내 무료 클리어 가능 횟수 2회로 증가
- 월드 내 클리어 가능 횟수 14회로 증가 / 캐릭터당 7회는 유지
5. 편의성 관련 개선&변경 사항
1) 하이퍼 스탯 프리셋 변경 비용 삭제
- 보스 시에는 변경 불가로 변경
2) 메이플 유니온 특정 레벨 달성 시 비용과 절차 없이 바로 등급 상승되도록 변경
3) 월드 단위 메소 통합
- 월드 내 캐릭터들이 보유한 메소 통합
- 월드 리프 시엔 알림창에서 수령 가능
- 메소 보유 한도 9,999,999,999,999(약 10조)로 확장
4) V 매트릭스 시스템 개편 : 포인트 형식으로 변경되어 ""n중 n코"" 과정 삭제
5) 소울 컬렉션 UI 개편 : 일괄 소울 제작 기능 추가 / 소울 관련 기능 통합
6) 보이스 챗 기능 / 디스코드 연동 기능 추가
- 파티 생성 시 이용 여부 선택 가능
- 디스코드 연동은 설정 옵션의 대화&초대 탭에서 가능
7) 콜렉터 영약 / 캐시샵 버프 / 영롱한 달빛 포션 관련 사항
- 콜렉터가 판매하는 모든 영약 영구제, 월드 내 이동 가능으로 변경
- 신규 판매 영약
- 우뿌와 MVP 파워 버프 : 마일리지 샵에서 삭제 후 일반 판매 상품으로 이동
- 붕어빵 등 기존 15분 지속만 존재하던 캐시 아이템들의 30분 버전 출시
- 영롱한 달빛 포션 : 카루타 상자에서 삭제, 익스트림 세렌/칼로스/카링/대적자에서 드롭 추가
- 챔피언의 가호 : 연습 모드에서 사용 가능으로 변경 / 이번 달 레이드 클리어 기록이 있는 경우에만 가능
8) 버프 매니저 시스템 추가
1) 버프 시퀀스에서 이용 가능
2) 버프 매니저에서 버프 관련 아이템들 일람, 개수 확인 가능
3) 아이콘 더블 클릭 시 구매 가능한 아이템들은 구매 창이 열리고 경매장에서 구매 가능한 아이템들은 경매장으로이동합니다
-
4) 경매장에 버프 아이템 탭 신설
9) 6차 전직 과정 간소화 : 대화 스킵 / 스톤 축소 / 퀘스트 과정 단축
10) 특수 코어를 버프 즐겨찾기에 추가 가능하도록 변경
+ 판매 예정인 캐릭터 카드의 경우 이후 공식 판매 공지사항이 뜨면 자세하게 확인하실 수 있습니다
★1월 업데이트 일정★
1. 본섭 업데이트 일자 : 1/15(목)
2. 테섭 업데이트 유력 일자 : 1/8(목)
3. 예정 업데이트 내용 : 공용 코어 -
솔 헤카테 / 신규 보스
- 찬란한 흉성 /
아스트라 보조무기
★CROWN 로드맵★"
https://www.inven.co.kr/board/maple/2304/46528,기타,겨울이벤트 전체요약+@ : 챌섭 시즌 3 / 모든 코인샵&패스 등,,2025-12-14 15:04,113543,36,"[수정/추가 사항]
1. 쇼케이스 정리글 :
https://www.inven.co.kr/board/maple/2304/46527
-----------------------------
안녕하세요
이 글은 어제 테섭에서 공개된 이번 겨울 시즌 이벤트 관련 내용들을 중요한 내용들 위주로 취합한 것입니다.
어제 컴퓨터가 맛탱이가 가서 바로 업로드를 못 했습니다
메할일의 경우 이후의 글에서 말씀 드릴 것 같지만 결국 기본 골자는 기존과 동일하기 때문에, 글 볼륨은 좀 돼도 목차를 보시면 이벤트에 있어 플레이 하시는 건 평소와 크게 다르지 않다는 걸 확인하실 수 있습니다
:
챌섭 육성/3종 버닝(하버/아버/비욘드)/접속 일일 출석/보약 찍기/주간 보스 코인/주간 레범몬 출석(1만+@)/PC방 이벤트
다만 소위 깐부 미션이나 매주 이용권을 구매하고 참여하는 이벤트 등의 이전에 없던 방식의 이벤트들이 있으니 이 부분은 각 항목에서 한 번 봐주시고, 필요에 따라 추가적으로 취해주시면 되겠습니다
잘못 적힌 부분은 말씀해 주시면 감사히 수정합니다.
-------------------------------------------------------------------
[목차]
★챌린저스 월드 시즌 3 관련 사항★
1. [챌린저스 월드]메인 미션 : 12/18~4/15 : 4개월 진행 / 일일 미션 포인트 삭제
2. [챌린저스 월드]챌린저스 패스 : 12/18~2/11 : 프리미엄 패스 19800 캐시
3. [챌린저스 월드]의문의 결계 : 12/18~4/15
4. [챌린저스 월드]시즌 보스 카이 : 12/18~4/15 : 270 이상 도전 가능 / 격파 이벤트 진행
5. [챌린저스 월드]챌린저스 EXP 듀오 : 12/18~4/15 : 이용권 구매 필요 - 매주 1만 캐시
6. [챌린저스 월드]챌린저스 파트너 : 12/18~4/15 : 파트너 맺고 서로 경험치 포인트 획득 / 보스 2인 격파 이벤트
★버닝 이벤트&성장 보상 이벤트 관련 사항★
7. [겨울나기 미션]: 12/18~3/18 : 신규 캐릭터로 참여 가능한 성장 보상 이벤트
8. [하이퍼 버닝 MAX] : 12/18~6/17 : 메이플 ID당 1개 / 현재로서 부스터는 지급되지 않음
9. [버닝 BEYOND] : 12/18~6/17 : 메이플 ID당 1개
10. [아이템 버닝 PLUS] : 12/18~4/22 : 명의당 1개 / 미션 개편과 함께 참여 방식 일부 변경
11. [모멘텀 패스] : 12/18~1/14 : 280 이상 참여 가능한 경험치 패스 : 패스 49800 캐시
★메인 출석 이벤트 : 환영이 내리는 밤 관련 사항★
12. [환영이 내리는 밤]탈라하트 판타지아 : 12/18~3/18 : 메인 출석+보약 이벤트
13. [환영이 내리는 밤]엘라노스 크로니클 : 12/18~3/18 : 주간 레범몬 1만 마리 출석+콘텐츠 보약+코인샵+경험치 스킬 이벤트
14. [환영이 내리는 밤]환영의 기억 : 12/18~3/18 : 주간 보스 코인샵
15. [메소샵] : 12/18~3/18
★치장 보상 / 코디 이벤트 관련 사항 ★
16. [리마스터 이벤트]KINETIC : 12/18~1/14 : 키네시스 전용 치장 아이템 출석 이벤트
17. KINETIC 뷰티 익스프레스 : 12/18~1/14 :계정 내 키네시스 외형 옮겨주기 / 3만 메포
18. 닉네임 익스프레스 : 12/18~1/14 : 계정 내 닉네임 옮겨주기 / 3만 메포
19. 뉴네임 옥션 : 12/24~1/14 : 유저 간 닉네임 거래
20. 커스텀 AI 일러스트 이벤트 : 쿠폰은 대화 / 레범몬 퇴치 미션으로 획득 가능
★PC방 이벤트 관련 사항★
21. [프리미엄 PC방 혜택&프리미엄 기프트샵] : 12/18~1/14
22. [프리미엄 PC 접속 보상 이벤트] : 12/19~1/15
23. [PC방 핫타임 이벤트] : 12/21
-------------------------------------------------------------------
★챌린저스 월드 시즌 3 관련 사항
★
[주요 사항]
1. 4개월로 단축되어 진행 : 12/18~4/16 점검 전
2. 1/15부터 사전 리프 시작
3. 테라 버닝 최대 3개까지 생성 가능
4. 격주마다 샤타포스 진행
[챌린저스 월드] 메인 미션 : 12/18~4/15
1. 출석 미션 포인트 때문에 묶여 있는 경우를 방지하고자 출석 미션은 포인트가 삭제되고 코인만 지급하도록 변경됐습니다
2. 이에 따라 레벨별 획득 포인트가 1레벨 단위로 지급되도록 변경되었습니다
3. 보스 미션의 경우 마스터와 챌린저 등급의 선행 조건이 카이 처치입니다
4. 각 레벨별, 보스별 포인트의 경우 일단 이렇습니다
1) 레벨 : 포인트/코인
- 260 : 3000/3000
- 261~269 : 300/300
- 270~274 : 700/600
- 275~279 : 1000/900
- 280~284 : 1500/1200
- 285~289 : 2000/1500
- 290 : 5000/2500
2) 보스 :
https://upload3.inven.co.kr/upload/2025/12/14/bbs/i1691686098.jpg?MW=800
5. 점수 계산은 계산기 사이트에서 편하게 하실 수 있습니다
:
https://meaegi.com/calc/challengers-world-mission
6. 등급별 보상
7.
챌린저스 코인샵
- 조각 교불
- 일반 탭의 큐브와 17성 강화권은 소지한 채로 리프 불가
[챌린저스 월드]챌린저스 패스 : 12/18~2/11]
1. 200 이상 캐릭터로 이벤트 참여 가능
2. 총 20레벨까지 존재하며 480 포인트를 획득할 경우 1레벨 상승
3. 포인트는 주간 미션으로 획득 가능하며 1주일에 최대 3000점까지 획득 가능
1) 심볼 일퀘 6/12/18/24/30회 완료 : 각각 200점
2) 몬스터파크 1/2/3/4/5회 완료 : 각각 100점
3) 익몬/에픽 던전 1회 완료 : 각각 100점
4) 주간 보스 처치 6/12회 : 각각 100점
4) 레범몬 5천 마리 단위로 최대 3만 마리까지 : 각각 200점
4. 달성한 레벨에 따라 보상 획득 가능 : 조각 제외 월드 내 이동 가능
5. 특별 지원 물품은 19
,800 넥슨 캐시로 챌린저스 프리미엄 패스 구매 시 수령 가능합니다. 더불어 패스 구매 시 전용 효과를 획득합니다
[
챌린저스 월드]의문의 결계 : 12/18~4/15
1. 기존과 동일한 방식으로 진행
[챌린저스 월드]시즌 보스 카이 : 270 이상 도전 가능
1. 챌린저스 월드에서만 도전 가능한 보스 / 주간 보스 퇴치 한도에 포함되지 않음 / 마지막 2개의 랭크 달성의 필수 선행 조건
2. 270레벨 이상 도전 가능하며 하드의 경우 챌린저스 월드 엔드 콘텐츠로 기능
3. 보상 : 일반 보스보다 좋은 보상 / 강렬한 힘의 결정 드롭 X
- 황금 메소 주머니 : 1000만 메소 증가
4. 관련 이벤트
- 피니시 어택 이펙트
​
[챌린저스 월드]챌린저스 EXP 듀오 : 12/18~4/15 : 이용권 매주 1만 캐시
▶
매주 1만 캐시로 이용권을 구매하여 참여 가능한 이벤트
1. 1만 캐시로 챌린저스 EXP 듀오 이용권을 구매 시 이벤트에 참여 가능하며, 구매 직후부터 7일 동안 포인트 획득 효과가 적용됩니다. 이는 메이플 ID당 1회 매주 리필됩니다
2. 이벤트 참여 시 260레벨 이상의 일반 월드의 캐릭터를 지정 후, 260레벨 이상의
챌린저스 월드의 캐릭터를 지정합니다
3. 지정 후 챌린저스 월드의 캐릭터가 레범몬을 처치할 때마다 듀오 포인트를 획득하며 이를 일반 월드의 캐릭터가 사용 시 경험치를 획득합니다
- 이용 기간 동안 최대 645,000마리, 포인트는 1,500,000까지 획득 가능
- 경험치 수치가 어떤지는 이후 확인 필요
[챌린저스 월드]챌린저스 파트너 : 12/18~4/15 : 깐부 맺고 경험치 포인트 / 2인 격파 이벤트
▶ 깐부
이벤트
1. 200레벨 이상 캐릭터로 참여 가능
2. 헤네시스 좌측의 NPC를 통해 파트너 체결 가능
- 파트너가 리프 시 이벤트 진행 불가
- 한 번 파트너가 되면 이벤트 종료 시까지 무르거나 변경할 수 없음
- 같은 명의 내 포함된 메이플 ID끼리는 파트너 체결 불가
- 한 번 파트너를 맺은 기록이 있으면 체결 불가
3. 파트너 체결 후 사냥 시 헌팅 포인트가 1마리당 1P씩 상대방에게 지급
- 매주 10만 마리까지 가능
- 포인트를 사용 시 경험치 획득하며 260레벨 이상 사용 가능
4. 컴뱃 미션 : 파트너와 2인 격파 미션 - 연습 모드도 가능 / 격파 시점에 둘 다 생존해 있어야 함
★버닝 이벤트&성장 보상 이벤트 관련 사항
★
[
겨울나기 미션] : 12/18~3/18 : 신규 캐릭터로 참여 가능한 성장 보상 이벤트
▶
기존 리마스터/신규 직업 보상으로 지급되던 보상이 모든 캐릭터로 확대된 형태
1. 12/18 점검 이후 생성된 캐릭터로 참여 가능
2. 이벤트에 참여한 캐릭터로 주간 미션 참여 가능
3. 주간 미션과 여러 미션을 통해 보상 획득 가능
- 30일 자석펫(1번째 미션) / 유니크 엠블렘(4버째 미션) 등
[하이퍼 버닝 MAX : 12/18~6/17]
▶ 버닝 3종 이벤트(하버/아버/비욘드) 중 쇼케이스에서 언급된 아이템 버닝 제외 기존과 비슷한 구성입니다
1. 신규 생성한 캐릭터 또는 200~258 캐릭터에 하이퍼 버닝 MAX 지정 가능
2. 이벤트 기간 내 최대 1개까지 가능
- 이번에는 출석에서 따로 부스터가 지급되지 않습니다
3. 버닝 효과가 적용된 캐릭터로 레벨 달성 시 보상 획득
- 지정했을 경우 지정한 레벨 이후의 보상만 수령 가능
- 단, 캐릭터 생성 보상은 상관 없이 수령 가능
- 챌린저스 월드에서 육성 시 더 많은 보상 획득
- 보상 목록
[버닝 BEYOND : 12/18~6/17]
1. 이벤트 기간 내 260~268 레벨에 속하는 캐릭터로 1개의 버닝 비욘드 캐릭터 지정 가능
2. 지정 시 270레벨까지 1 레벨 추가 획득
3. 레벨 달성 시 보상 획득
[아이템 버닝 PLUS : 12/18~4/22]
▶ 굵직한 변경 사항들과 함께 업그레이드 되어 출시
1. 기존과 달라진 중요 사항들
1) 명의당 1번 참여 가능하게 변경
2) 12/18 이후 생성된 캐릭터로만 참여 가능하여 기존 캐릭터는 참여 불가
3) 하드 진 힐라 이후의 4단계 미션이 추가되어 총 8단계로 확장
4) 최종 보상 기준 22성 능력치로 강화
2. 새로 추가된 4개의 미션 목록
3. 도전의 문장은 장비 업그레이드 시 소모되는 재화로 주간 보스 퇴치 시 획득 가능하며, 획득 방식은 보스 코인과 동일합니다
[모멘텀 패스 : 12/18~1/14]
▶ 280 이상 참여 가능한 성장 보상 패스
1. 280 이상 캐릭터로 이벤트 참여 가능
2. 총 10레벨까지 존재하며 720 포인트를 획득할 경우 1레벨 상승
3. 포인트는 주간 미션으로 획득 가능하며 1주일에 최대 2000점까지 획득 가능
1) 그란디스 일퀘 4/8/12/16/20회 완료 : 각각 100점
2) 몬스터파크 2/4/6/8/10/12회 완료 : 각각 100점
3) 익몬/에픽 던전 1회 완료 : 각각 200점
4) 레범몬 1만 마리 단위로 최대 10만 마리까지 : 각각 200점
4. 달성한 레벨에 따라 보상 획득 가능 : 전부 교환 불가
5. 프라임 모멘텀 리워드는 49,800 넥슨 캐시로 프라임 모멘텀 패스 구매 시 수령 가능합니다
★메인 출석 이벤트 : 환영이 내리는 밤 관련 사항
★
[환영이 내리는 밤]탈라하트 판타지아 : 12/18~3/18 : 메인 출석&보약 이벤트
▶ 접속 출석&보약 이벤트
1. 1주 최대 5회까지 접속 출석 가능
2. 출석 시마다 경험치 3배 쿠폰 3개, 전투력 보약과 콘텐츠 보약 SP 5개씩 획득
- 3배 쿠폰 15개를 4배 쿠폰 1개로 교환하여 받을 수 있음
3. 출석 횟수에 따라 보상을 수령할 수 있으며 목록은 위의 스크린샷에서 확인하실 수 있습니다
4. 최종 보상은 신규 아이템 전설 성장의 비약으로 279 레벨까지 1레벨이 상승합니다
5. 획득한 SP로 UI의 ""환영의 마법 강화"" 탭에서 보약 스킬 획득 가능
- 요구 SP : 1/2/5/12/25/30
- 보약 효과는 3/26까지 지속됨
[엘라노스 크로니클 : 12/18~3/18]
▶ 주간 레범몬 1만 마리 퇴치+경험치 스킬+콘텐츠 보약+코인샵 이벤트
1. 주간 최대 레범몬 1만 마리를 퇴치하여 매주 5회씩 조사할 수 있습니다
2. 누적 조사 횟수에 따라 엘라노스가 성장합니다
- 누적 조사 횟수 5레벨마다 위의 ""고대의 힘' 효과가 누적
- 누적 조사 횟수 10레벨마다 레범몬 경험치 스킬 발동 : 일일 최대 20회까지
- 누적 조사 횟수 20레벨마다 엘라노스가 성장하여 새로운 스킬 사용 가능 : 성장하기 버튼 누르기
-
3. 조사 1회마다 800개의 코인샵 코인(1주 4000개) 획득 가능 : 최대 12주(48000개)
4. 일루전 코인샵 목록
5. 지혜의 잔향 경험치 = 이벤트 맵 잠수 경험치
[환영의 기억 : 12/18~3/18]
▶ 주간 보스 코인샵
1. 주간 보스를 퇴치하여 매주 주간 보스 코인 월드당 획득 가능
2. 13주 동안 진행
3. 보스별 획득량
4. 보스 코인샵
[메소샵 : 12/18~3/18]
★스펙업 제외 기타 분류 이벤트 관련 사항
★
[KINETIC : 12/18~1/14]
▶ 키네시스 전용 치장 아이템 출석 이벤트
1) 키네시스로 레범몬 1천 마리 일일 출석을 하여 치장 아이템을 수령 가능
2) 총 10일 참여 시 모든 보상 획득
3) 성장 보상은 위에서 보신 이벤트로 빠져서 치장 보상이 필요 없으시면 참여 안 하셔도 무방
[KINITIC 뷰티 익스프레스 : 12/18~1/14]
1) 3만 메포를 지불하고 12/18 점검 전 생성된 키네시스 캐릭터의 헤어, 성형, 피부를 추출하여 12/18 점검 후 생성된 키네시스에게 옮겨 줄 수 있습니다
[닉네임 익스프레스 : 12/18~1/14]
1) 3만 메포를 지불하고 메이플 ID 내 다른 캐릭터에게 닉네임을 옮겨 줄 수 있습니다
-
캐릭터 이름 변경 후 1주일이 지나지 않은 캐릭터는 닉네임 익스프레스를 이용할 수 없습니다
- 추출 후 적용한 이름은 1주일 동안 뉴네임 옥션에 판매 등록이 불가능합니다.
[뉴네임 옥션 : 12/24 10시~1/14]
1) 유저 간에 거래 가능한 형식으로 진행됨
[커스텀 AI 일러스트 이벤트]
1. 이벤트에 참여하여 얻은 티켓으로 본인의 캐릭터 도트를 기반으로 한 AI 일러스트를 신청할 수 있습니다
2. 티켓 획득 이벤트 1 : 일러스트를 그리는 방랑 화가 / 메이플 ID당 참여
- 캐릭터 레벨에 따른 참여 기간에 맞추어 대화하기 : 티켓 1장 지급
3. 티켓 획득 이벤트 2 : 세계를 읽는 방랑 화가 / 메이플 ID당 참여
- 캐릭터 레벨에 따른 참여 기간에 맞추어 대화하기 : 티켓 1장 지급
4. 티켓 획득 이벤트 3 : 색채의 기운 : 1/1~1/14
- 레범몬 5만 마리당 티켓 1개 획득 / 1주에 최대 4회까지 완료 가능
5. 티켓으로 일러스트 신청 시 최대 4개의 일러스트가 도착하며 원하는 것을 선택하여 보관할 수 있습니다
- 저장한 일러스트로는 아래와 같은 곳에 사용이 가능합니다
★PC방 이벤트 관련 사항
★
[프리미엄 PC방 혜택&프리미엄 기프트샵 : 12/18~1/14]
1. 이벤트 기간 내 프리미엄 PC방 혜택이 적용됩니다
- 50% 추가 경험치 획득
- 레범몬 퇴치 시 코인 획득 : 게이지 100당 코인 1개 / 매주 최대 750개까지
2. 코인샵 목록 : 주간 리필
[프리미엄 PC 접속 보상 이벤트 : 12/19~1/15]
1. 이벤트 기간 내 일일 5시간씩 PC방에서 접속 시간을 누적할 수 있습니다
2. 일일 보상
- 주말의 경우 10/30/60분 보상에 VIP 부스터 2개씩이 추가되며 90분 보상에 조각 5개가 더해집
니다
3. 누적 보상
- 맨 처음 보상이 10시간으로 표기된 건 본섭 들어오고 나서 한 번 더 확인 필요해 보입니다
[PC방 핫타임 이벤트 : 12/21]
- 하루만 진행되며 이때는 하루 10시간까지 누적 가능
-
3추만 보내주시면 감사드리겠습니다"
https://www.inven.co.kr/board/maple/2304/46515,아이템,챌섭 기준 받을 수 있는 보상 엑조디아,,2025-12-13 21:45,39789,12,"초반 달리기 계획 세우면서 적어둔거 함 올려봄 메모장에 대충 썼던거라 가독성 ㅈㅅ
테섭에 올라온거만 체크
밑에 다 합친거 있음
챌섭 전용 보스 카이의 보상은 제외
모멘텀 패스도 초반엔 못쓰니까 제외
코인샵 제외 (피방은 다 살 수 있을테니 포함, 피방 가능하면 매주 1번 가서 코인샵 다 터는거 추천)
치장템 제외
챌린저스 코인샵, 겨울 코인샵, 보스 코인샵, 카이 보스 보상 여기엔 없고, 1달짜리 이벤트들도 할테니 실제 인게임에서 겨울 이벤(3개월) 동안 받는 보상은 훨씬 더 많음
쇼케이스 선물
선택 슬롯 맥스
x 4
솔 에르다 / 조각
선택권
x 3
4배 경쿠
x 2
VIP 부스터
x 10
윈터 카운트다운 선물
4배 경쿠 x 2
VIP 부스터 x 20
스페셜 명예의 훈장 x 50
코어 젬스톤 x 50
경험의 코어 젬스톤 x 5
자석펫 30일
선택 심볼 교환권 x 60
뽀송 꽃잎 / 홍조 꽃잎 스킨 교환권 x 1
이벤링 선택권 (2티어링 포함) x 1
이벤링 레잠 x 1
이벤링 명큐
x 100
검환불
x 50
솔 에르다 / 조각 선택권
x 2
겨울나기 미션 (스텝업)
매주
3배 경쿠 x 2
VIP 부스터 x 10
VIP 사우나 x 2
1회성
자석펫 30일
정펜 30일
선택 슬롯 맥스 x 4
투명캐시 세트
선택 아케인 심볼 x 1000
유니크 엠블렘
x 1
이벤링 선택권 (2티어링 포함) x 1
이벤링 레잠 x 1
이벤링 명큐
x 100
솔 에르다 x 3
솔 에르다 조각 x 100
카유잠
x 1
카에에잠
x 1
챌린저스 월드 (등급만, 코인샵 제외)
솔 에르다 조각 x 600 (브100 실100 골100 플300)
솔 에르다 x 14 (브3 실3 골3 플5)
챌린저스 시드링 (실버)
궁성비 x 20 (에메랄드)
카레잠 x 2 (에메랄드 / 다이아)
카에유잠 x 1 (다이아)
블큐 x 60 (에30 마30)
화에큐 x 60 (다30 마30)
챌린저스 패스 (무과금)
선택 심볼 교환권 x 30
경코젬
x 100
VIP사우나
x 2
VIP 부스터 x 20
스페셜 명예의 훈장
x 10
솔 에르다 조각
x 35
검환불 x 30
상급EXP
x 2000
챌린저스 패스 (무과금+프리미엄 포함)
선택 심볼 교환권 x 230
경코젬
x 400
VIP사우나
x 12
VIP 부스터 x 20
스페셜 명예의 훈장
x 110
솔 에르다 조각
x 435
검환불 x 330
상급EXP
x 4000
블큐 x 20
화에큐 x 20
초성비
x
1
챌린저스 파트너 (깐부랑 듀오로 보스 잡기, 치장템 제외)
솔 에르다 조각
x 200 (2인 하드 윌, 하드 진힐라 각 100개)
이후는 전부 치장템
하이퍼 버닝 MAX (챌린저스 월드 기준)
이터널 플레임 칭호
인피니트 플레임 칭호
하버맥스 훈장
이터널 플레임 링(유니크)
어비스 헌터스 링
이벤링 선택권 (1티어만)
이벤링 명큐
x 50
10레벨 아케인 심볼 (6종)
버닝 보스 장신구 상자
경코젬
x 400
성향 성장의 비약
검환불
x 100
피도미
x 1
미라클 서큘
x 10
선택 아케인 심볼
x 1000
선택 어센틱 심볼
x 100
세르니움 심볼 (5렙)
버닝 비욘드
솔 에르다
x 6
솔 에르다 조각
x 100
버닝 비욘드 칭호
아르크스, 오디움 심볼 (둘 다 5렙)
메인 이벤트 (코인샵 제외)
정펜 30일
스페셜 명예의 훈장
x 150
VIP 사우나
x 12
딸농
x 3
선택 심볼 교환권
x 500
상급 EXP
x 12000
솔 에르다 / 조각 선택권
x 4
VIP 부스터
x 50
경코젬
x 150
카유잠
x 1
검환불
x 300
뽀송 피부
x 1
도성비
x 1
17성
x 1
블큐
x 20
화에큐
x 20
페하
x 1
전성비
x 1
피방
매일(주말)
마일리지 x 1200
VIP부스터
x 6
솔 에르다 조각
x 15
매일(평일)
마일리지 x 1200
솔 에르다 조각
x 10
매주 (코인샵)
VIP 부스터
x 10 (딸농 없어지고 이거 생김 ㅠ)
VIP 사우나
x 9
블큐
x 3
화에큐
x 3
솔 에르다
x 2
1회성
자석펫 30시간 (10시간만 해도 가능)
상급 EXP
x 3000
솔 에르다
x 5
솔 에르다 조각
x 400
엑조디아 (피방, 유료 패스 포함)
매일 (주말 피방)
마일리지 x 1200
VIP부스터
x 6
솔 에르다 조각
x 15
매일 (평일 피방)
마일리지 x 1200
솔 에르다 조각
x 10
매주 (피방 코인샵)
VIP 부스터 x 10 (딸농 없어지고 이거 생김 ㅠ)
VIP 사우나 x 9
블큐 x 3
화에큐 x 3
솔 에르다 x 2
매주
3배 경쿠 x 2
VIP 부스터 x 10
VIP 사우나 x 2
1회성
자석펫 30일 x 2
선택 슬롯 맥스 x 8
뽀송 꽃잎 / 홍조 꽃잎 스킨 교환권 x 2
투명 캐시 세트
성향 성장의 비약 x 1
서큘
x
10
4배 경쿠 x 4
VIP 부스터 x 100
VIP 사우나
x
24
정펜 30일 x 2
상급 EXP 교환권
x
16000
딸농
x
3
솔 에르다 / 조각 선택권 x 9
솔 에르다 x 23
솔 에르다 조각 x 1435
스페셜 명예의 훈장 x 310
코어 젬스톤 x 50
경험의 코어 젬스톤 x 955
선택 심볼 교환권 x 790
선택 아케인 심볼 x 2000
선택 어센틱 심볼
x
100
아케인 심볼 6종 10레벨
어센틱 심볼 세르니움 / 아르크스 / 오디움 5레벨
검환불 x 780
블큐
x
100
화에큐
x
100
카레잠
x
2
카유잠 x 2
카에유잠
x
1
카에에잠 x 1
17성
x
1
이터널 플레임 링(유니크)
어비스 헌터스 링
이벤링 선택권 (2티어링 포함) x 2
이벤링 선택권 (1티어링만) x 1
이벤링 레잠 x 2
이벤링 명큐 x 250
유니크 엠블렘 x 1
4렙 시드링 (챌섭 전용)
버닝 보스 장신구 상자
하버맥스 훈장
피도미
x
1
페하
x
1
이터널 플레임 칭호
인피니트 플레임 칭호
버닝 비욘드 칭호
궁성비 x 20
도성비
x
1
초성비
x
1
전성비
x
1
1회성 (피방)
자석펫 30시간 (10시간만 해도 가능)
상급 EXP x 3000
솔 에르다 x 5
솔 에르다 조각 x 400"
https://www.inven.co.kr/board/maple/2304/46482,메이플M,메M 250 뉴비 무과금 공략(?)_수정1,,2025-12-08 19:57,38252,30,"글쓰기에 앞서 이 글만 보지 마시고 다른 유튜브, 블로그, 어디든 더블 체크 하셨으면 좋겠습니다
이 긍르 쓰는 이유는 님들의 편의성(?)을 위해 쓰는글 입니다
맞춤법은 제가 어릴떄 외국에 살다와서 뒤지게 못합니다.. ㅎㅎ;;
들어가기 앞서 서두에 말이 많은점 죄송하며 잘부탁 드립니다(__)
출처는 나무위키/넥슨/제 계정 입니다
수정&추가 부분
- 이벤트 시작일
12월 18일 오전 10시
- 해적데비존 내용 추가 선택->필수 일일 컨텐츠 (클리어후 자사권 구매 가능)
1. 메M 이 뭔데?
넥슨플러그에도 정식 포함이 되어있는 넥슨이 운영하는 RPG 모바일 게임입니다
최근 핫했던 메이플키우기와 다르게 메이플ip만이 아닌 넥슨에서
직접
운영 하는 게임입니다
그렇기에 연동을 통해 마일리지와 유니온 공격대를 컴PC에서 수령&획득 할수 있는
것 입니다
그래서 메M을 크게 플레이하는 이유와 250을 찍는 이유는
마일리지
와
유니온 공격대
부분떄문입니다
하지만, 메이플M은 메이플 IP와 대다수를 가져왔지만 전혀 다른 게임을 인지 하시고 하셔야합니다
그리고 이번에 처음으로 200까지 쉽게 올려주는 이벤트와
200이후 250까지 1+4 버닝이 찾아왔습니다
기존캐릭에는 안된다는 말을 들은거같아요
2. 메M 250작 왜 하는가?
먼저 유니온 공격대 부분 부터 들어가보겠습니다
메M은 일반 메이플과 똑같이 SSS급은 250레벨입니다
메M은 PC메이플 궁수와 같은 칸을 차지합니다
250은 보기와 같이 5칸을 차지하죠
여기에 추가적으로 메M은 유니온 배치를 초과하여 배치할수 있습니다
제 유니온은 슈프림1단계 이며 41명을 배치할수 있지만 41+메M 해서 총 42개를 배치할수 있습니다
메이플M 유니온은 메M계정 1개만 연동이되면 레벨이 가장 높은 캐릭 1명만 적용 됩니다
또한 유니온 레벨총합에 포함되지 않습니다
3. 캐릭터 생성
3-1 서버 선택
스카니아 하세요
스카니아 하세요
스카니아 하세요
다른 서버 하시거나 시골 서버 가시면 진행 속도만 느려집니다
처음에 말했듯이 메M은 PC메이플이랑 많이 다릅니다 특히 사람이 적거나 없으면 컨텐츠 진행이 안되요
특히 무과금인경우에는 더더욱이구요
3-2 캐릭터 선택
3-2-1 칼리
조금이라도 빨리 끝내고 싶으시면 이번에 추가로 신캐로 나오는 칼리 추천드립니다
보통 신규 캐릭 이벤트를 할때 경험치를 좀 많이 퍼주는 편입니다
메M에 경우 사냥보다 컨텐츠를 통해 획득 하는 경험치가 더 중요한 게임입니다
거기에 첫번쨰 사진보시면 저게 뭐지 싶으실텐데 아케인리버던전 / 어센틱심볼던전 입장권 입니다
어센틱심볼던전은 250이후라 신경쓰실거 없으시지만
아케인리버던전은 주간 컨텐츠중 250전 가장 많은 경험치를 주는 컨텐츠 입니다
하지만 칼리가 도적이라 생존을 얼마나 잘하는지도 알수가 없네요 잘 죽으면 좀 귀찮거든요
3-2-2 데몬어벤저
펫 업어도 안죽는 고트캐릭입니다 추후 마일리지 파밍에도 정말 편하고 좋은 캐릭입니다
3-2-3 나머지
그 외에는 사냥좋은 루미 / 유틸 좋은 팬텀 추천드립니다
4. 육성
4-1 0~200 이벤트 참여
이번에 추가된 육성지원 이벤트로 200까지 30분걸리는 컨텐츠가 있습니다
자동사냥 돌리시면 됩니다
4-1-1 체크포인트 (피버타임)
우측 아래 스킬 부분 보시면 불타는 마크 같은게 있습니다
메M에만 있는 피버타임이라는 보너스 스킬 입니다
누르시면 피버가 발동하고 꾸욱 누르시면 피버버프 상점이 들어가집니다
200까지 모은 메소로 모든스킬 구매 해주세요
이속/물마공/hp회복력/점프높이/물방마방증가/경획/치확/MP회복력/메획/치피
총10개이고 순서대로 구매해주시면됩니다
4-1-3 길드가입
자유길드 가입하시면됩니다 대다수가 출석길드가 가장 좋으실거에요
초보자길드 가지마세요 함정입니다
길드 탈퇴이후 24시간동안 길드 재가입이 불가능해요
길드가입전 확인해야 하는 사항은
길드 공통스킬에 경험치획득량/메소획득량이 10레벨인지 체크가 가장 중요합니다
그다음으로는 도서관/캠프파이어/단풍나무 레벨이 높은 곳인데 있으면 좋은거고 없으면 경험치 10레벨이라도 꼭 체크하고 길드 가입하고 혜택 받으세요
우측위메뉴 누르시는 나오는 창 중 중앙에 있습닏나
길드가입이후 매일 창만 들어가시면 출석채크가 되며 전날 출석체크를 하였으면 출석 상자를 제공합니다
상자에는 여러 컨텐츠 티켓을 재공합니다
들어간 첫창에 캠프파이어, 단풍나무는 경험치 획득량을 증가하는 버프를 제공하고
길드 스킬에는 매일 1번 위에 말씀드린 10렙버프를 사용할수있습니다
길드활동->시설물 가시면 시설물 강화도 하실수있어요
시설물강화/캠프파이어/단풍나무/길드스킬 사용하시면 길드활동에서 길드코인도 수령가능한데
나중에 얻을 포켓슬롯을 이걸로 열고 연장할수 있어요
5. 육성
200달성을 축하드립니다
현재는 없는 시스템이지만 메M에 추가되는 스케쥴러를 이용하시면 됩니다
그전에 스케쥴러에 추가해야할 부분들을 알려드리겠습니다
이번에 추가된 스케쥴러입니다
스캐쥴러에 추가해서 해야할 컨텐츠들은
꼭 해야하는 5가지와+ 해적 데비존
해주면 좋은 6가지입니다(해적 데비존은 꼭 해주세요!)
나머지는 200이후는 효율이 별로입니다(주관적인 생각)
어디까지 추가되는지는 모르겠으나
아케인심볼쾌스트/미니던전/디메션인베이드/무릉/요일던전은 매일 꼭 해주셔야합니다
5-1 메인5 컨텐츠
1) 요일던전
요일별 쥬얼이라는 특정 재화를 획득 할수있습니다
지정된 요일마다
월 - 빨강
파 - 파랑
수 - 초록
목 - 노랑☆
금 -  보라
토일 - 제한X
다른날에도 할수는 있는데 가장낮은 등급의 보상만 줍니다
토일 에도 목요일(노랑색) 보상을 돌아서 경험치 획득량 보석을 획득해서 쥬얼 탭에서 장착 해주시면됩니다
확률이 정말 안좋아서 뜨는대로 장착하고 조합해서 상위등급 장착해 주시면 됩니다
2) 무릉
메M에서 가장 중요한 자동사냥권 획득처이며 매주 무릉포인트로 정팬을 획득 구매할수 있는 컨텐츠입니다
자동사냥 돌리시면 됩니다 40층 이상? 부터 자동사냥권을 주며
다음날에는 가장올랐던 층보다 5층 낮은 층수부터 돌수 있으며
60층 까지가 자사권을 가장 많이줍니다
(ex.65층까지 꺠고 다음날 입장시 60층 입장 ->60층 클리어하고 나가면
무릉포인트는 적지만 60층까지 자사권 습득가능)
주로 15%/10%를 구매해서 쓰며 혹여 포인트가 모자라면 낮은등급에 2개를 구매하시면됩니다
이런식으로 1층만 클리어해도 이전층 보상을 전부 받으실수 있습니다
3) 디멘션 인베이드
자동사냥 돌리시면됩니다
자동사냥권과 경험치 쿠폰을 제공해주는 컨텐츠입니다
250이상 없고 200레벨만 있다면 힘들수도 있고 시간만 날리고 클리어 못할수도 있어요 (도망가세요..)
4) 보스
주간컨텐츠보상/아이템버닝용
직접컨트롤 하셔야 합니다
5) 미니던전
250이전 컨텐츠중 가장많은 경험치를 제공하는 컨텐츠입니다
일일업무/일일컨텐츠 전부 제공되는 경험치를 제공해주며
6개 전부 선택후 빠른 일일 임무를 선택해주시고 플레이 하시면됩니다
자동사냥 시간이 필요한 컨텐츠입니다
옆에 6개 전부 선택 -> 15분 선택 -> 입장
꼭! 빠른 일일 임무 체크해주세요 컨텐츠 보상만 받고 자동사냥시간아껴서
아케인필드 파티 사냥이 이득입니다
6)해적 데비존
모자&얼굴장식 획득하여 경획 15% 획득 가능
매일 클리어이후 컨텐츠상점/해당 컨텐츠 탭에서 상점 들어가면 10분3개 / 30분 3개 획득 가능합니다
이쁜말만하자님 정보제공 감사합니다
5-2 부컨텐츠 6개
1)원정대
매일 4종류의 보스를 잡아서 보스장신구를 획득할수있는 컨텐츠입니다
골든리프와 보스장신구를 수급할수있습니다
자쿰
노말은 아이템 버닝 있으시니 혼자 도셔서 아쿠아틱 챙겨주시면됩니다
획득 하시면 하드가셔서 응축 드시면 카오스 파티로 가시면 됩니다
나머지
혼테일(하드) 핑크빈(카오스) 시그너스(노말)
시그너스나 핑크빈의 경우 레벨이 너무 낮은사람만 있으면 다른 파티가 있을떄 참여하세요
2)엘리트던전
주간컨텐츠용
3)네트의 피라미드
소소한 경험치와 벨트/반지 세트효과로 경험치획득량 15% 획득 가능
4)커닝 M 타워
커닝M반지 경획15% 반지 획득 가능
자사권/경획쿠폰 획득 가능
5) 탕윤의 요리교실
경획올려주는 소비템 획득 가능
6)해적 데비존
주간컨텐츠용 / 모자&얼굴장식 획득하여 경획 15% 획득 가능
7) 공간의 경계
사진엔 없지만 들어갔다가 바로나와주시면 됩니다
일일컨텐츠에 포함되어있어요
클리어 안하셔도 됩니다 200이후 갈일없어요
6.
아케인 리버 던전
아케인 리버 던전을 매주 꼭 해주셔야 합니다
250이전 가장 경험치 제공 량이 많이 있습니다
어디 지역을 가든 제공되는 경험치는 똑같고 심볼만 다릅니다
배고픈 무토가 가장 쉽고 빠릅니다
7. 기타 극성비 관련
메M은 극성비 종류가 많고 본섭 메이플과 많은 차이점을 보여줍니다
무조건 1렙업이며 초과하는 레벨에서는 해당하는 경험치만 제공합니다
50%에서 먹어도 1업0% 99%에서 먹어도 1업0% 입니다 주의해주세요
극성비도 220까지 렙업해주며
초성비는 240까지 입니다
다른 성장의비약도 레벨 확인 꼭 잘 해주시고 챙겨 주세요
즉 이번 쇼케보상으로 주는 극성비는 5개와 초성비 1개는
200 찍자말자  극성비 5개+@ 이벤트등 다드시고
초성비의 경우 235렙에 드셔야 가장 효율 있게 드시는겁니다
초성비는 아끼셧다가 245렙에 드시는것도 고려해봐도 될거같아요
8. N줄요약
1. 칼리or데벤 스카니아에서 키우세요
2. 일일컨텐츠(요일던전/무릉/디멘션인베이드,미니던전)은 꼭 도시고 나머지 일일업무/컨텐츠 있는것도 하세요
3. 주간 컨텐츠 경험치 많이 주니 꼭 하세요
4. 일일컨텐츠 다하면 아케인포스필드 사냥 풀로 다돌리세요
5. 길드출첵/상자 수령 꼭 해주세요
6. 이글만 보지말고 딴글과 유튜브도 더블 체크하세요
대충 몇번 해보시면 모바일 게임이라 알아 들을수 있을거라 생각합니다
메M처음해보시는 분들을위해 자세히(?) 작성하다보니 실수가 많은거 같아요 감사합니다"
https://www.inven.co.kr/board/maple/2304/46470,기타,[~12/3]까먹으면 대참사나는것들&쇼케 시청선물 등 일정 요약,,2025-12-03 13:04,22066,21,"[추가/수정 사항]
1. 본문으로 갱신했습니다
--------------------------------
안녕하세요
이 글은 오늘인 12/3 (수) 종료되는 사항들과 더불어 쇼케 이전까지 같이 보실 만한 내용들을 담고 있습니다
오늘 종료되는 사항들의 경우 많지 않고 대다수 분들은 미리 해두셨을 것들이지만 혹시 해두려고 하셨었으나 까먹으셨을 경우 꽤 타격이 크기 때문에 한 번만 봐주시면 될 것 같습니다
잘못 적힌 부분은 말씀해 주시면 감사히 수정합니다
★12/3(수) 23:59 종료 예정인 사항들★
1. [챌린저스 월드] : 종료 리프
2. [챌린저스 월드] : 종료 전 수령해 두었던 랭크 달성 보상 기한 : 궁성비 / 카르마 레잠 등..
3. [HEXA 매트릭스 초기화 스크롤] : 수령
+ 이외 결정석 판매 / 주간 보스 / 아즈모스 / 수로 / 플래그 / 에픽 던전 / 펀치킹 코인샵 큐브 구매 등 ..
★같이 보실 만한 내용들★
1. [몬스터파크 대소동] 일일 출석 마지막 줄 보상 이미지
- 13번째 보상 메이플 홈 가구 2종
- 15번째 보상 의자
​
- 최종 보상 메이플 홈 테마
2. 12/16 종료되는 사항 : 여름 시즌 [뉴네임 옥션] 보관
3. 12/17(수) 23:59 종료되는 사항들 - [윈터 카운트다운]은 아래 항목 참고
1) [히어로의 모험일기]
* 스페셜 월드는 12/18 점검 전까지 오픈되나 미션 수행은 12/17 종료
2) [가상 전투 시스템]
3) [지네 장로 펀치킹]&코인샵
4) [그랜드 컬렉션]&[미스틱 컬렉션]&[스페셜 루나 크리스탈] : 캐시샵 콜라보
4) [몬스터파크 대소동]&코인샵&메소샵
5) [히어로 등장]
6) [아이템 버닝]
7) [VIP 사우나] :
12/17 전까지 누적된 시간을 다 사용하셔야 합니다
▶ 수령한 보상 중 기한 있는 것들은 전부 12/18 2시까지이므로 겨울 업데이트 이후에 사용 불가
* 사우나 충전권은 12/17까지이고 어차피 이벤트 자체가 종료돼서 다음 이벤트에 못 씀
4. [윈터 카운트다운] 관련 사항
1) 여름에 진행됐던 [썸머 카운트다운]과 다르게 이번에는 카운트다운 출석 가능 기간이 12/17까지로 명시돼 있습니다. 오늘부터 시작하여 개근할 경우 패스 구매 없이 15회 출석이 가능합니다
2) [윈터 카운트다운] 관련 일정
- 스페셜 미션 수행 가능 기간 : ~12/12
- 스페셜 기프트(극성비) 수령 가능 기간 : 12/13 쇼케 이후 별도 안내~12/17
- 접속 출석 가능 기간&누적된 경쿠와 카운트다운 선물(왼쪽) 수령 가능 기간 : ~12/17
▶ 경쿠&카운트다운 선물 보상&극성비 또한 12/18 2시까지이므로 겨울 업데이트 이후에 사용 불가
- 윈터 선물(오른쪽)
수령 가능 기간 : 12/18 점검 후~12/31
- 윈터 파워업(보약) 적용 기간 : 획득 이후~12/31
5. 현재 진행 중인 PC방 이벤트 : ~12/18(목)
6. 2025 겨울 <CROWN> 1차 본섭 업데이트 : 12/18(목)
7. 2025 겨울 <CROWN> 쇼케이스 : 12/13 오후 4시
1) 12/13 오후 4시~12/17 동안 선물 수령 가능 - 위에서 말씀 드린 대로 12/17까지 다 시간 소모하셔야 됩니다
2) 이번에는 테섭이 토/일/월/화/수 5일만 진행되고 겨울 1차 업데이트가 바로 들어오는데 김창섭 디렉터 취임 이후만 볼 때 드리머 업데이트와 동일한 일정입니다
- 마일스톤/넥스트/어셈블은 5일+1주일 진행
-----------------------------------------------------------------------
3추만 보내주시면 감사드리겠습니다"
https://www.inven.co.kr/board/maple/2304/46468,기타,"챌섭 직업선택 가이드(주관적, 뉴비기준) 4차수정",,2025-12-01 15:24,129486,24,"+12/02 1차 수정) 데벤저를 부캐 추천목록에서 제외하고 전체추천에서 일리움을 추가하였습니다.
데벤저 : 지인 설명+보스를 해봤을 때 템값, 사냥, 보스 면에서 나쁘지 않다고 느꼈는데 고점 뽑기가 미친듯이 어렵다는 의견과 비추, 추천이 반반으로 나뉘어서 추천드리기에 어려운 직업이라고 생각이 들어서 제외했습니다.
일리움 : 본캐 라인에서 종합적인 원킬컷이 최하위라 애매하다고 생각이 들어서 제외했는데 과금or본캐 끌어오기가 된다는 가정하에 낮은 원킬컷을 맞춰주거나 사냥없이 285찍기가 가능해서 이부분만 보완되면 전직업 최상위 보스성능이라는 장점만 남게됩니다. 이에 과금이 가능한 본캐라인, 부캐 유챔라인에 일리움을 추가했습니다.
단, 김창섭 디렉터가 당분간 밸패는 안한다고 해서 6개월~1년정도는 안전하다고 생각하지만 언젠간 일리움이 하향조정될 수 있습니다.
+12/02 2차 수정) 본캐추천 라인에서 과금X에 칼리 코멘트를 추가하였습니다.
+12/03 3차 수정) 본캐추천 라인에서 칼리, 카데나를 비추천으로 변경하였습니다.  또한 첫 본캐 추천 라인에 은월, 썬콜을 추가하였습니다.
+12/4 4차수정
전사힘 직업을 제외한 이유에 템값을 드니까 납득이 안되시는 분들이 많은 것 같아서 설명을 좀 더 드리겠습니다.
그냥 전사힘이 비싸다 비싸다 하니까 한 6~7억 차이나는줄 아시는 것 같은데요.
카루타 ( 18성, 주흔 30%급, 추옵 110, 유니크 15%, 에디 1.5줄, 가횟 5이상 기준 )
아케인 ( 18성, 주흔 30%급, 추옵 130, 유니크 15%, 에디 1.5줄, 가횟 5이상 기준 )
관세 미포함
전사 카루타 (모자 29억 / 상의 27억 / 하의 26억)
전사 아케인 (신발 35억 / 장갑[크주] 54억 / 망토 43억 / 견장[공7] 39억)
법사 카루타 (모자 17억 / 상의 12억 / 하의 13억)
법사 아케인 (신발 29억 / 장갑[크주] 40억 / 망토 30억 / 견장[마력8] 31억)
도적 카루타 (모자 13억 / 상의 11억 / 하의 14억)
도적 아케인 (신발 24억 / 장갑[크주] 27억 / 망토 28억 / 견장[공8] 25억)
전사-법사의 템차이 수준으로만 봐도 80억 차이입니다. 그리고 80억이면 엥간한 직업들은 깔끔한 레유 5줄 보조무기를 구매할 수 있는 가격이구요. 혹은 나머지 18성 18~21% 장신구를 둘둘하거나요.
렌? 좋죠. 정말 좋은 직업이고 실전딜도 잘나오는 직업입니다. 뉴비들이 잡아도 평타 이상은 나오는 직업이구요. 그런데 렌이 카루타 3셋에 아케인4셋을 두르고 장신구 보조무기 없이 텅텅 비어있을 때 법사나 도적직업은 거기에 보보공 35 35 9에 15%짜리 보조무기 하나를 더 들 수 있습니다.
사실상 전 챌섭에서 렌으로 유챔을 깨놓은 사람들은 렌템을 옮기지 않는다고 가정하면 똑같은 전사힘캐 해서 어마어마한 템값을 감당하며 유챔을 깨는거보다 그냥 법사 궁수 도적 해적 해서 80억 덜투자하고 똑같이 유챔 깨는게 낫습니다.
한낱 일개 유저의 예상일 뿐이지만, 이번 챌섭에서도 렌을 하시는 분들이 꽤 많을거라고 예상이 듭니다. 더불어서 진캐님이 아란을 유챔으로 적극 추천한다는 영상을 올리기도 하셨고, 아란 유챔을 생각하시는 분들도 꽤 계시구요. 히어로는 나락을 갔지만, 반대급부로 팔라딘이 떠오르기도 했습니다.
그래서 제 예상으론 이번 챌섭 끝물에도 전사힘템의 가격이 법사 도적 수준으로 드라마틱하게 싸지진 않을 거라고 봅니다. 현재의 가격이랑 비슷한 가격대가 형성됐을 때 전사 힘템의 디메리트는 여전히 존재할거고, 그 이유가 제가 추천 라인에서 전사 캐릭을 제외하는 이유입니다.
챌섭에서 어떤 직업을 해야할까? 를 선택하는 기준은 가장 크게 두가지의 대분류와 그 대분류에서 파생되는 네가지의 소분류로 나뉩니다.
다른 분들께서도 댓글로 적극적인 직업추천을 해주시면 감사하겠습니다!
맨 아래 추천목록 있어요.
대분류 1. 본캐인가? 부캐인가?
대분류 2. 과금을 하거나 본캐에서 메소를 끌어오는가? (MVP 레드 / 메포 수급)
소분류 1. 컨트롤이 매우 뛰어난가?
소분류 2. 챌섭 끝물까지 있는가 여부
소분류 3. 사냥 성능
소분류 4. 극딜/평딜
엥? 사냥 성능은 어차피 야누스 때문에 전부 평준화 됐잖아 그리고 챌섭 끝물까지 있는지가 뭐가 중요함?
왜 이러한 대분류+소분류로 나누게 되었는지 차차 설명 드리겠습니다.
설명 전 미리 3줄 요약
1. 본캐는 마음이 시키는걸로 하자
2. 유챔 추천라인에서 전사+힘 직업은 모두 제외함(너무 비싸서 효율이 떨어지기 때문)
3. 추천직업 : 보마, 칼리, 카데나, 스커, 메세, 캡틴, 바이퍼, 썬콜
대분류 1. 본캐인가? 부캐인가?
본부캐를 나누는 것 중 가장 큰 부분은 '
마음이 시키는 것
' 이라고 생각해요. 일단 내가 흥미를 느끼고 즐거움을 느끼는 직업이여야 사냥도 보스도 꾸준히 하면서 성장 발판을 마련할 수 있습니다.
난이도가 너무 높은 직업이나 불쾌함이 심한 직업들은 추천하기 좀 어렵겠지만, 하나의 목표를 가지고 시작해보는 것도 나쁘지는 않은 것 같습니다. 카데나, 에반, 제로, 블래스터처럼 어렵다는 직업을 해서 장인급 컨트롤을 깎아보겠다는 목표도 좋다고 생각해요.
의외로
본캐는 오랜시간을 투자하는 직업
인만큼, 템세팅도 빡세게 들어가고 가성비보단 가심비를 따지는 부분도 많고, 야누스에 투자도 많이 하기 때문에
사냥성능이나 효율, 쿨뚝 여부를 따지지 않아도 괜찮습니다
. 어차피 오래 하는 만큼 야누스 20레벨정도는 기본으로 찍고, 쿨뚝도 2초 이상은 쓰게 되니까요. 대부분의 쿨뚝 직업들이 그렇듯 0초쿨로도 사냥하는 방법이 전부 유튜브에 소개되어 있어서 걱정하지 않아도 됩니다.
본캐 추천은 모든 직업 중에서 사냥영상, 보스영상, 이펙트들을 영상 찾아가면서 잘 보시고 가장 맘에 드는걸로 선택
하세요. 어차피 김창섭 디렉터가 당분간은 밸패 없다고 했기 때문에 최소 6개월~1년은 지금 캐릭터 성능이 그대로 유지될 가능성이 높습니다.
그럼에도 불구하고 비추천하는 직업 몇개
를 뽑자면
에반, 카데나, 제논, 블래스터, 미하일, 데슬, 데벤저, 배틀메이지, 칼리 정도가 있습니다.
엥? 배메는 많이 추천하던데요? 하실겁니다. 밑에 한줄 코멘트를 달아드릴게요.
-에반 : 키씹힘 심한 문제+난이도 높음+누를키 많음 = 불쾌함 매우 높은 직업
-카데나 : 전직업 난이도 1위. 더불어서 사냥적으로 다른 직업에 비해서 편안한 제자리가 잘 안되고, 카르시온 이전까지 요구하는 야누스의 레벨이 타 직업들보다 높아서 비추천합니다.
-칼리 : 카데나와 마찬가지로 고점 뽑기 난이도+사냥 원킬컷과 제자리에 요구하는 조건들이 많아 비추천합니다.
-제논 : 뉴비가 하기엔 매우 이질적인 템세팅+다른 직업들과는 다른 추옵 등의 스펙계산
-블래스터 : 어려움+익혀야하는 테크닉이 많음+애매한 리턴값. 멋있고, 블래가 하고싶다면 해도 되긴 하는데 단순히 '이거 어려워보이는데? 도전하는 맛이 있겠는걸?' 이런 마인드라면 차라리 카데나를 추천함.
-미하일 : 메생 절반이  무적인 직업이지만, 약하고 투자 효율도 낮은 직업. 하지마라! 까지는 아닌데 추천드리지는 않습니다.
-데슬 : 약하기 때리고 아프게 맞는 직업. 하지마라!에 근접한 추천드리지는 않는 직업
-데벤저 : 체급도 좋고 다 좋은데 우선 보조무기가 영교불이라 매우 비싸고, 직작하기에도 해방무기, 보조무기, 엠블렘, 하트 등 어쩔수없이 큐브 or 메소로 옵션을 뽑아야하는 템들이 많아서 메소와 큐브 하나하나가 소중한 뉴비들에게 좀 힘든 직업입니다.
-배틀메이지 : 쌀피엠도 높고, 텔직업에 난이도도 어렵지 않은 직업입니다. 극딜 딸깍이기도 하고요. 그런데 왜 비추하느냐? 야누스 20렙을 찍기 전까지 사냥이 진짜 개열받습니다. 야누스파운틴(1분지속) 설치 - 알터설치(40초) 제자리 40초 하다가 40초에 알터 재설치 - 알터 재설치하고 20초 뒤에 야누스 파운틴 설치 - 야누스 파운틴 설치 후 20초 뒤에 알터 설치 반복입니다. 생각보다 매우 귀찮았는데, 이게 괜찮다 하시면 배틀메이지 추천합니다.
부캐 추천라인
부캐는 효율을 많이 따지는 경우
가 많습니다. 또 보스를 돌기 귀찮아 하는 경우도 많아서
극딜 압축이 잘 되어있는 극딜 캐릭터를 선호
하구요.
난이도가 매우 낮고 성능도 준수한
보마, 렌, 썬콜
은
매우 무난한 국밥픽
이 될 수 있습니다.
이외에는 배틀메이지(
세렌 상성 별로 그 외 모든 부분 좋음
), 데벤저(
유챔라인에서 템값 싸고, 체급도 좋아서 투자 효율이 높음
)
, 메르세데스(
덱템 가격이 나쁘지 않음+어렵지 않은 연계난이도 치곤 준수한 체급
), 캡틴(
싼 해적덱+준수한 체급이 많이 개선된 불편한점
), 아란(
힘템이 비싸지만 1초컷 극딜압축 너무 좋음
) 정도가 있습니다.
여기서
과금(or 본캐에서 끌어오기) 여부와 챌섭에 언제까지 있는지
를 좀 봐야합니다.
그 이유는
사냥 능력 때문
인데요. 야누스 20렙 찍고 템셋 쎄게 해서 깔끔하게 다 원젠컷 내버리면 '사냥이 평준화 됐다' 이 말도 맞습니다. 그러나 여기엔 함정이 있습니다.
야누스 20레벨을 찍는데에 들어가는 솔 에르다 122개+조각 2916개와 야누스 원젠컷까지의 템세팅을 해줄 수 있는가의 여부
지요.
예를 들면 스트라이커의 경우, 카르시온까지 야누스 1렙 황혼으로 사냥이 가능하고 황혼 원킬컷도 전직업 중 극상위권입니다.
반면 일리움도 카르시온까지 야누스 1렙 황혼으로 사냥이 가능하지만 황혼 원킬컷이 매우 높습니다.
스트라이커가 투력 4600만으로 황혼 원킬이 날 때 일리움은 투력 1억 1천만으로 원킬을 냅니다. 여기에 들어가는 템세팅 비용까지 포함되었을 때
일리움과 스트라이커의 사냥 성능은 똑같다 라고 말할수가 없는거죠
.
그렇기 때문에
공용스킬 원젠컷이 어느정도인가도 매우 중요한 지표
가 될수밖에 없습니다.
그 대신 이거를 메워줄 수 있는게 과금+챌섭입니다.
챌섭에서는
'결계 시스템 + 패스'로 인해서 스펙을 끌어올리기가 쉽고, 패스에서 지급해주는 조각들과 매우 높게 붙는 일몹뎀들이 이러한
공용스킬 원젠컷을 많이 낮춰
줍니다. 챌섭에 오래 있을수록 이 효과들을 최대한 많이 누리고 리프할 수 있고,
챌섭 기간내에 285를 찍는다면 유챔은 스펙만 되면 되니까 사냥능력으로 선별할 필요가 없습니다
.
과금(본캐에서 메소 끌어오기)의 경우에도 메소마켓을 통해 메포로 환전하고 에픽던전 8배만 던져줘도 사냥없이 285레벨을 찍어줄 수 있기 때문에 사냥능력을 고려하지 않아도 괜찮습니다.
종합 정리
1. 나는
컨트롤도 매우 뛰어나
고,
과금도 어느정도 할 거
다. 이번 챌섭으로 유입해서
본캐
로 쓸 직업을 찾는다 or 이번 챌섭에서 키우는걸로 본캐를 정할거다
추천 : 보마, 렌, 메세, 제로, 아란, 캡틴, 스커, 일리움, 은월, 썬콜
2. 나는
컨트롤은 평범
하고,
과금은 좀 할거
다. 이번 챌섭으로 유입해서 본캐로 쓸 직업을 찾는다 or 본캐를 새로 키울거다
추천 : 보마, 렌, 메르세데스, 아란, 캡틴, 스커, 일리움, 은월, 썬콜
# 과금을 안하는 경우 #
위 추천목록에서 아란, 렌 제외 ( 전사 힘템 고점! 과금 없이 챌섭 사냥으로만 뉴비가 도전자 셋을 전부 메우기가 힘들어요. 물론
과금 대신 매일 메제를 한다면 괜찮습니다
. )
일리움
고려
( 자벨린, 폭격, 야누스 원킬컷이 높습니다. 원젠컷 사냥을 보긴 하지만, 폭격이랑 황혼이 원킬이 안나면 새는 몹이 꽤 많아서 이게 신경쓰인다면 고려해보시는게 좋습니다. )
3. 나는 컨트롤이 매우 좋고, 유챔용 부캐를 찾는다
추천 : 칼리, 카데나, 스커(칼로스 유챔까지 한다는 가정하에), 메르, 일리움
제로 빠진 이유 : 힘템 비싸요 + 운없으면 무기 보조 날먹 못해요.
엥? 힘템 비싼데 스커는 뭔데? 얘는 그나마 방어구가 해적이라 나이트 방어구보단 싸요. 제로는 나이트 방어구라 개비쌈
특히
컨트롤 개쩔고 유챔용 부캐
찾으면
칼리 카데나 매우 추천
. 럭템 싸고 얘네는 고점도 높음
스커 극한의 평딜캐인데 유챔용으로 이걸 추천해? 너이새끼 위에서는 유챔은 극딜캐  추천한다면서 ㅡㅡ
그렇긴한데 스커가 생각보다 많이 뒷짐캐입니다. 칼로스 유챔까지 하면 헥사투자도 어느정도 많이 하는데 섬멸29, 해파 29 찍으면 보스 안정성+딜량이 평딜캐라는 단점을 덮고도 남습니다. 평딜캐를 도저히 못하겠어요 or 스커는 진짜 못하겠어요 하는거 아니면 보조무기 돌려써서 윈브+소마까지 먹을 수 있는 스커 추천해요.
4. 나는 컨트롤이 그저 그렇고, 유챔용 부캐를 찾는다
추천 : 일리움, 보마, 캡틴, 바이퍼, 썬콜, 메르
5. 그외의 추천되는 직업들
배틀메이지, 루미너스(루미는 최근 패치 받고 추천되는데 잘 모르는 직업입니다 ㅠ)
6. 강추직업인데 누락된 직업
렌 : 힘템 고점인데 그 중에서도 극고점인 전사 힘템. 다다음 챌섭쯤엔 정상화 될테니까 그때 하는거 추천
아란 : 렌과 동일
제논 : 고인물 한정 추천. 일단 템셋이 힘듦.
불독 : 이새낀 이상하게 유챔으로 하는사람도 많고, 추천되는데 함정이다. 대표적인 평딜 고쿨뚝캐릭으로 들어가는 비용도 크고, 마법사템이 은근히 비싸다. 힘템 바로 다음임. 굴려야되는 스킬도 많고 고점뽑기도 힘드니까 하지말자.
추천 직업들 설명
보마 : 전통적인 부캐 추천 1순위. 육각형 직업이고, 속사기 주력기+극딜이 그 속사기를 강화하는 형태라 난이도도 압도적으로 쉽다. 본캐로는 재미 없다는 사람들이 많은데 부캐로는 재미 알빠노고 효율이 극한으로 좋다. 적당히 싼 덱템+매우 쉬운 난이도+흡혈화살과 미라주의 유틸까지 강추한다.
칼리 : 난이도는 있지만, 카데나처럼 압도적인 난이도는 아님. 매우 싼 럭템+준수한 체급+무난한 쌀피엠과 무난한 헥사효율로 유챔라인을 넘어서 진심부캐로도 상당히 괜찮다.
카데나 : 왕관의 무게만 견딜 수 있다면 매우 싼 럭템+최강의 체급이라는 달콤한 과실만 남는다.
스커 : 쌀피엠도 낮고, 헥사효율도 낮지만 생각 외의 매우 괜찮은 체급과 보스 안정성으로 스커랑 잘 맞는다면 평딜의 재미를 느끼기 좋은 직업이다. 검밑~카링까지 상성이 전부 괜찮음. 2초쿨뚝이 권장되는 직업이라서 쿨뚝 이점은 누리면서 고쿨뚝의 비싼 가격까지 피해갈 수 있다. 야누스 원킬컷이 압도적이고 카르시온까지 황혼1렙 사냥이 되서 사냥이 매우 괜찮음.
일리움 : 유챔계의 황제. 사냥을 안보고 딱 보스 하나만 봤을땐 재미, 성능이 모두 있는 직업이다. 본캐에서 메소 끌어올 수 있으면 이번 챌섭은 그냥 일리움 하자. 법사템이 비싸고, 보조무기 매물이 적다는 단점이 있지만 그걸 감안해도 추천되는 픽.
메르세데스 : 대표적인 연계캐이긴 한데 카데나처럼 연계에 살고 연계에 죽는건 아니고 엘고동안 빡연계 후 평딜은 이슈꾹으로 해결할 수 있다. 준수한 체급+싼 덱템으로 유챔라인에서 강추되는 직업 중 하나
제로 : 재미도 있고, 적응되면 뽑아낼 수 있는 딜량도 꽤 좋다. 본캐급으론 추천하는데 지금 전사 힘템이 개비싸니까 다다음 챌섭쯤에 힘템이 정상화되면 하자.
캡틴 : 대표적인 소환수 으어으어으어 였는데 이번에 크게 개선을 받았다. 더이상 보스에서 소환수 안쓰고 템페스트 딸깍임. 윙즈가 정말 편하고 재미있고 좋다. 짧쿨 무적과 나쁘지 않은 체급으로 추천함.
바이퍼 : 컨트롤 재미를 느끼기 좋다. 좋은 극딜 안정성과 엎대쉬가 되는게 세렌에서 많이 편하다. 인파이팅 캐+극딜반 평딜반이라서 고점을 뽑으려면 컨트롤이 좀 되야하긴 한다. 그래도 재미와 성능을 동시에 잡는 직업 중 하나라서 추천함.
썬콜 : 텔포캐+개맛있는 쌀피엠으로 7만 아래 부캐라인에서는 강추되는 국밥 직업. 극딜캐이기 때문에 특히나 좋다. 사냥도 오브 딸깍이고, 3누스 되면 체라 딸깍이긴 한데 허접스펙에서는 오브 동꼽 방지가 개빨리 걸려서 틱걸린거처럼 동꼽걸리면 계속 움직여줘야하는 불편함은 있다. 그래도 챌섭에선 패스로 인한 일몹뎀 뻥튀기로 원킬내기 괜찮으니 할만하다.
(개인적인 추천캐) 다크나이트 : 대표적인 고쿨뚝 캐지만 추천하는 이유는 보스가 진짜 너무 귀찮을때 검밑솔 대충 돌면서 풀리인카로 대충돌기 편하다. 유챔이고 나발이고 보스돌긴 귀찮은데 부캐 키우긴 해야되는 사람한테 추천함."
https://www.inven.co.kr/board/maple/2304/46466,아이템,거래가능한 드메템 총정리,,2025-12-01 01:38,66248,32,"어떤 드메템이 무교인지, 어떤 가위를 쓰는지 잘 모르시는 분들이 있는 것 같아
거래 가능한 드메템을 전부 정리해보았습니다
순서는
완전 무교 > 실가 무교 > 플가 무교 > 나머지순으로 정리했습니다
표에 없는 장비는 장착하면 가위도 못 쓰는 영교불 장비일 확률이 높으니 되도록 구매를 피하세요
ex) 베어스 핑크 펜던트
----------------------------------------------------------------------------------
* 무교 드메템이라 하더라도 이전 구매자가 아이템에 환불을 사용해서 가횟이 달려있는 경우도 있으니
구매 전에 가횟 확인이 필요합니다
(실버 카르마의 가위를 사용하는 장비는 환불 사용해도 가횟이 생기지 않습니다)
드랍, 메획이 20% 미만이 붙는 장신구는 가횟 옆에 따로 적어놨습니다 (에디셔널은 0~19 : 2%, 30~60 : 3%, 70~90 : 4%, 100제 이상 : 5% 입니다)"
https://www.inven.co.kr/board/maple/2304/46435,기타,심해왕 공략 최종편 -  훈장작을 위한 타임어택 가이드,,2025-11-27 02:51,22815,13,"심해왕 패턴 가이드에 이어 훈장작 하시는 분들을 위한 숙련자 가이드입니다.
심해왕 패턴이 궁금하신분들은 아래 링크에서 패턴을 참고해주시기 바랍니다.
https://www.inven.co.kr/board/maple/5974/5923856
https://www.inven.co.kr/board/maple/2304/46402
업그레이드 :  소각포 5 - 궁극기 5 - 기절 2 빌드입니다.
입장극딜
서버 상태에 따라 더 빠르게, 더 느리게 나올수도 있습니다만 1초 언저리즈음 궁극기 + 기절 콤보를 넣습니다.
체력이 약 94퍼 언저리로 남아있을경우 성공입니다.
연속패링 끊어치기
1초라도 더 단축하기 위한 핵심 딜링 방법입니다.
안정적인 클리어를 위해서는 권장하지 않습니다.
4타 도중에도 선판정을 잡을경우 1~2타정도는 소각포-패링이 되긴 했습니다.
권장하지 않습니다.
2페이즈 242 패링 끊어치기
1페이즈의 연속패링 끊어치기와 동일합니다.
역시나 앞의 2타를 제외한
4 2 패턴 도중 소각패링 끊어치기는 권장하지 않습니다.
기절/궁극기 활용법
잡기패턴을 제외한 나머지 패턴에서의 궁극기 / 기절 사용은 권장하지 않습니다.
궁극기 사용방법 역시 두가지로 나뉩니다.
1. 궁극기 이후 바로 기절을 같이 사용하기 (권장)
2. 궁극기가 끝난 직후 약간의 무적시간을 이용한 패링 이어가기
타임어택 핵심 포인트
* 노히트 도전이 아닌경우, 1페이즈에서 1틱이라도 더 넣고싶다면
혓바닥 패턴은 그냥 맞으셔도 됩니다
.
* 가급적 모든 주먹패턴을 패링해주셔야 클리어타임이 줄어듭니다.
*
2페이즈의 2-4-2 패턴은 반드시 패링해주세요. 한번이라도 놓치면 시간이 많이 지체됩니다.
* 2페이즈의 잡기 패턴 시 대쉬가 아닌 윗점 거리조절로 소각포 풀히트를 해주시면 좋습니다.
*
궁극기 / 기절 스킬 사용은 ""돌진 패턴을 본 이후"" 사용
해주세요. 패턴 꼬임에 도움이 많이 됩니다.
* 궁극기 / 기절을 돌자마자 바로 돌릴 필요 없습니다. 20~30초정도의 여유가 있으니 패턴을 보면서 사용해주세요.
수정이 필요한 부분이나 잘못된 정보가 있을경우 댓글 달아주시면 확인 이후 수정하도록 하겠습니다.
읽어주셔서 감사합니다."
https://www.inven.co.kr/board/maple/2304/46416,기타,밸패 후 전직업 헥사강화효율,,2025-11-23 18:08,106916,30,"1. 조각수준별 헥환보정치(하세유챔수준인 2천개 수준으로 sort)
2. 이전강화수준대비 최종뎀상승률(빨간색이면 강화체감이 상대적으로 잘되고 파란색이면 덜되고)"
https://www.inven.co.kr/board/maple/2304/46402,기타,"(최종) 심해왕 공략을 알아보자 (패턴분석, 움짤, 데이터 주의) 수정완료",,2025-11-22 01:21,56961,36,"들어가기에 앞서 풀데카 노히트 클리어 인증입니다.
다들 심해왕 패턴을 몰라서 고생을 많이하는데, 조금이라도 도움이 되었으면 해서 작성하는 글입니다.
해당 공략은
심해왕과 가까이 붙어서 딜하는 환경 기준의 공략
이며, 멀리서 딜하게 될 경우 패턴 설명을 보면서 이해하고 넘어갑시다.
*주의사항 - 패턴 파훼법 중 키다운의 경우 키씹힘으로 연타로 맞을수 있습니다*
심해왕은 1페이즈 / 변신 후 2페이즈로 총 두 페이즈를 가지고 있으며
1페이즈 패턴 = 6개  (기본 5개 + 특수패턴 1개)
3타 / 2타 4타 / 가래침 /
혓바닥
/ 돌진
+ 특수패턴 찍기
2페이즈 패턴 = 5개  (기본 3개 + 특수패턴 2개)
4타 + 엇박 1타 /
2타 + 4타 + 2타
/ 돌진
+ 특수패턴 즉사 잡기, 찍기
총 11가지 패턴이 존재합니다.
[1페이즈]
(1-1) 3타
파훼방법  = 팔꿈치가 뒤로 굽혀질때마다 패링하기
가장 기본적인 패턴입니다. 팔꿈치만 보면서 패링해도 깔끔하게 패링이 가능합니다.
해당 패턴은 꾹 눌러서 패링하는 방법이 통하지 않습니다.
​
(1-2) 2타 4타
파훼방법
2타는 (1-1) 처럼 팔꿈치 보고 패링하기
4타의 경우 팔꿈치 접히는 타이밍에 맞춰 연타 or 꾹 눌러서 패링하기
판정 통곡의벽 1 연타패링
2타 이후 연계되는 동작에 잠깐의 멈춤이 존재하니 팔꿈치만 눈여겨봅시다.
*패링을 꾹 누르고 있는경우 아래 움짤처럼 키씹으로 연속패링이 나가면서 실패할 가능성이 있습니다.
*꾹 누르는 패링을 하실경우, 팔꿈치 들어가는걸 보자마자 선패링 꾹 누르고 있는것을 추천드립니다.
*심화편 (1-1) (1-2) 패턴 가이드
심해왕과의 포지션이 애매해서 패링각이 안나올 경우, 첫타를 무빙으로 피하고 두번째 공격부터 패링하는 방법이 있습니다.
*후술할 2페이즈 연타와는 다르게,
이어지는 동작 없이 플레이어를 추격
합니다.
*패링 타이밍 전에 키보드로 또 패링을 누르게 될 경우, 후속 패링이 적용되지 않습니다. 막 두드리지 맙시다!
(1-3) 가래침
피격시 이동기 봉인 및 슬로우에 걸립니다. 혓바닥 패턴과 겹치는 경우가 많거나, 돌진패턴 이후 자주 사용
파훼방법 = 가까이서 딜하다가 주둥이 반대쪽으로 한번만 뛰거나 더블점프로 회피하기
애매하게 앞에있거나 점프하다가 종종 맞는 경우가 있습니다.
가급적 필요없는 점프는 지양하는게 좋습니다.
(1-4) 돌진
파훼방법 = 적당한 거리를 두고 달려오는걸 보면서 패링하기 or 어께가 잠깐 덜컥 하면서 팔꿈치가 꺾이는게 보이면 패링하기
해당 패턴은 거리를 두고 피하는게 아니면 여러번 맞아보면서 패링하는 타이밍을 외우는게 좋습니다.
(1-5) 혓바닥
파훼방법 = 붙어서 뒤로 이동 or 아래키로
숙이기
해당 패턴은 붙어서 딜할경우 매우 쉽게 피할 수 있으나
숙여서 피할경우 해당 패턴은
혓바닥이 나갈 때, 들어갈 때 총 2타
의 패턴으로 구성되어 있습니다.
첫 공격을 피했다고 바로 고개를 들어 다음과 같이 피격당하지 않게 주의합시다.
해당 패턴에 맞으면 암흑 + 좌우반전에 걸리니 주의합시다.
추가로 패턴이 겹쳐져서 나오기 시작하면 다음과 같은 콤보 패턴으로 나오게 됩니다.
피하기 어렵게 느껴지실경우, 윗점 / 대쉬를 적극적으로 활용해주세요.
(1-6) 찍기
파훼방법 = 심해왕이 점프하는걸 보자마자 패링하기
심해왕과 평타 사거리 이상으로 떨어져있으면 찍기 패턴을 시전합니다.
부활 도중, 부활 직후 심해왕이 돌진 패턴을 사용했을 경우 무조건 보게 될 패턴
입니다.
해당 상황에서는 조금만 움직여줘도 자연스럽게 피해집니다.
[2페이즈]
(2-1) 4타 + 엇박 1타
파훼방법 = (1-1) 의 3타 패턴처럼 팔꿈치 접히는걸 보고 패링하기
마지막 엇박 1타의 경우 앞선 4타의 숫자를 외우는걸로 똑같이 팔꿈치가 두번 들어갈 때 패링하면 됩니다.
(2-2) 2타 + 4타 + 2타
판정 통곡의벽 2 연타패링
파훼 방법 = 팔꿈치 들어가는걸 보면서 패링 두번 / 네번 / 두번 하기
(연타 + 키다운 가능) // (1-2) 참고
*(2-1) 패턴과의 구별 방법 = 첫번째 주먹을 회피 혹은 패링할 시 주먹이 여러갈래로 나갈경우 242*
*심화편 (2-1) (2-2) 패턴 가이드
(1-1), (1-2) 패턴처럼 패링각이 이상하게 나올경우 첫타를 뒤로 피하고 후속타를 패링할 수 있습니다.
*(2-2) 2-4-2 연속펀치의 경우, 첫 2타는 연속으로 지르기 때문에 (1-2) 패턴과 헷갈리지 않게 주의합시다!
​
(2-3) 돌진
파훼방법 = 발구르기 이후 머리를 들어올리는 타이밍에 패링하기 or 멀리서 보고 패링하기
1페이즈와 다르게 행동모션이 별로 없어서 머리를 들어올리는 타이밍에 패링하는게 가장 정확합니다.
*특수패턴 즉사 잡기 구별법 = 발구르기 타이밍에 입을 닫고있을 시 돌진, 벌리고 있을 시 즉사잡기*
특수패턴 (2-4) 즉사잡기
파훼 방법
1. 더블점프 혹은 대쉬로 X축 반경 멀리 피하기
2. 윗점 혹은 윗대쉬로 Y
축 반경 위로 올라가기
*(2-5) 특수패턴 찍기 발동 확률 높음
(2-3) 돌진과 헷갈리는 경우가 많은 패턴입니다.
일정 거리 내에 있다면 X축 기준 심해왕 뒤로 이동해도 즉사판정
입벌리는걸 봤다면 빠르게 X축 Y축 방향을 잘 골라서 회피하면 됩니다.
*특수패턴 즉사 잡기 구별법 = 발구르기 타이밍에 입을 닫고있을 시 돌진, 벌리고 있을 시 즉사잡기*
중요해서 두번 언급합니다.
타임어택 빌드
잡기 패턴 도중 기절 or 궁극기 사용시 보다 많은 딜타임 확보가 가능합니다.
궁극기는 입장 후 시작 1초 남았을때 사용하거나, 해당 패턴 도중 사용하는걸 권장합니다.
특수패턴 (2-5) 찍기
파훼방법
갑자기 멍청하게
이동조차 안하고 행동을 멈추는 경우
가 있습니다.
점프하는걸 보자마자 패링하면 됩니다.
(2-4) 패턴을 윗점 or 윗대쉬로 피하거나 소각포 사거리 바깥으로 넘어가는 점프가 있을경우 발동하는 것 같습니다.
사실상 즉사잡기를 한번이라도 피했다면 언제든 나올 수 있다고 예상하고 있습니다.
마치면서
1 / 2 페이즈에서 팔꿈치를 여러번 얘기 드렸는데, 팔꿈치가 앞으로 나가는걸 보고 패링을 누르면 심해왕이 선판정을 받는건지 패링을 씹고 타격이 들어와 연속으로 맞게되는 경우가 많습니다.
난 공격하는거 보면서 패링할 수 있음
<< 이걸 무시하는 판정이 있어서 선판정을 잡는편이 좋습니다.
패링 타이밍을 어느정도 숙지하셨다면 다음과 같이 극한의 클탐깎기 패링빌드를 연습해봅시다.
​
​
반박자 빠른 패링을 하게될경우 연타패링 패턴 도중에도 2타까지는 패링이 가능했습니다.
노히트 도전 도중에는 도저히 못하겠더라구요..
시스템 강화 순서 추천
스피드런 = 화력(소각포) - 기절=궁극기 - 나머지 자율
데카아웃 방지 및 안정적인 클리어 = 체력,기절 - 가속,
화력(소각포)
- 궁극기
이벤트 보상 포기하지말고 심해왕 뚝배기 깨는 그 순간까지 포기하지 맙시다!
긴 글 읽어주셔서 감사합니다."
https://www.inven.co.kr/board/maple/2304/46393,기타,추가 수정) 사이타마 스페셜 월드 팁,,2025-11-21 01:01,34125,11,"1. 매일 몬파/일퀘 가능
경험치 증가량은 사냥에 비해 크지 않음
250- 부터는 몬파 1회당 2-3% 정도 오름/ 일퀘 하나당 경험치 1% 정도 상승
( 익몬은 되지 않습니다. 익몬 입장조건 260 )
2.
하이퍼킬 170+
에스페라
거울빛에 물든
바다7 지면 정 가운데에서 윗점 후 떨어질 때 오리진
쓰면
삑 잘 안나고 하이퍼킬 170+ 가능 100%는 아님
(오리진 쓰기 전 설치기 제거)
꼬깔 집 뾰족 튀어나온 부분 아래에 선 다음(맵 기준에서 정중앙 아주 살짝 왼쪽)
윗 점프 하다가 그림 선에 떨어질 때 즈음 오리진
쓰면 왠만해선 삑 잘 안나고 170 하이퍼 킬 납니다.
(10번 하면
2-3번은 160 삑남
)
성공 확률 더 높이시고 싶으면 좀 기다렸다가 맵 한번 전체 돌고
몬스터 어그로를 가운데로 끌어준 다음 오리진
쓰시면 제일 편하긴 합니다.
**
오리진 쓰기 전 꼭 설치기(
소각포/
킹 엔진) 제거
해주세요. 그리고
몹이 다 젠 될 때까지는 스킬 안 쓰시는 것
이 좋습니다. 다른 몹 많이 젠 되는 맵에서도 마찬가지이며, 반드시 설치기는 빼주고 써주세요. 빛마당 6도 된다고 합니다.
3.
경쿠 5배 아끼지 말기
/ 하이퍼 스탯 경험치 15찍기
5배 오히려 남습니다.
+) 룬 깐 상태에서 5배 경쿠 정의 집행 부스터 쓰고 사냥하기
4. 보통 250찍고 행동미션,보스 4 마리 다 잡으려면
6-8시간 정도
소요
저는 하이퍼 킬 10 채우고 무기 작 그리고 경쿠 5배 아끼다가; 10시간 넘게 하고 있습니다..
5.
리레5/컨티5
어떤 반지든 보스 잘 잡히니
본인이 써보고 싶은 거
쓰시는 게 좋습니다.
6.
멀티 킬 50+ 하는 법
200 초반 맵에서 그냥 펀치(기본 펀치 공격)만 쓰면 꽤 어려울 수 있는데
연속 보통 펀치 꾹 누르고 기다리거나
1-2 초 정도 누른 다음
바로 누르시면
대부분 50킬 이상 납니다.
몹 많은 곳 가운데에서 하시면 종종 슈퍼킬 100도 뜹니다.
7.
아케인 방어구 주는 거 그대로 사용하기
모자,상하의 굳이
카루타 할 필요 전혀 없습니다
. 그냥 아케인 모자, 한벌옷 직작 해서(
15성,에에 둘둘
) 쓰세요
방어구 윗잠 유니크/레전 만들 필요 없습니다. 원하신다면 유니크 까지가 괜찮다고 생각
전투력 500플마여도 반지 5랩이라 충분히 보스 됩니다.
250 찍고 하드 진힐라 잡으시기 전에는
스우,루시드 잡으면 주는
카레잠,카에유잠 무기에 바르시고
블큐/화에큐로 옵션 윗잠 2-3줄 아랫잠 공9퍼 한줄 정도는 뽑으시는 걸 추천
무기 15성 레전 2줄/아래 공9퍼로도
충분히 스페셜 월드 미션 보스 가능
합니다.
사실 스페셜 월드에서는 메소가 넘쳐서 무기 직작이나 해보는 것이지
저 이하 무기로도 보스 잘 잘 잡혀요. 반지만 끼세요 15성 유니크2줄/에픽 공6으로도 가능
저는 도파민 때문에 무기를 22성/아래 15퍼/무기 2추보뎀 뽑긴 했지만,
이왕 메소도 많이 남고 환불도 많은데
직작 즐기시려는 분들은
무기
에 하시는 것이 좋다
고 봅니다.
(사이타마 보조/엠블은 없음)
(사진은 예시, 스폐셜 월드에서는 따라하셔도 됩니다.)
+) 주는 데아시두스, 벨트 에도 에디 에픽 바르실 수 있긴 합니다
아케인 견장은 굳이 작 안하셔도 됩니다.
다른 아케인 방어구(장갑/신발/망토)는 30퍼 혹은 70퍼작 아무거나 해주세요.
골클벨/데아시두스 22,20성 보낸다고 별 누르다가 터지면
핑크빈,혼테일 잡아야 하는 대참사 일어나니
스타포스는 아케인 무기 또는 방어구 중에 한 부위 하시는 것이 좋습니다. 아케인 방어구 스페어는 슬라임 메소샵에서 따로 구매 가능합니다.
8.
250-255
경험치가
상당히 잘 안 오르니
피니시 이펙트 안 받아도 오케이 이신 분들은 250 진힐라까지 잡으셔도
괜찮다 생각됩니다. 듄켈 입장조건이 255 입니다.
250부터 1렙 업당 대략 2소재(5배 경쿠 2개) 이상 필요
정의 집행 부스터는 250이후에 쓰시는 게
좋다고 봅니다.
250 부터는 대략 5-6시간 정도 걸립니다. (1시간 2소재 기준)
9. 메소
상당히 메소가 많이 남아 가지고 도파민 챙기시려는 분들은
무기 또는 방어구 22성(기댓값 370억 정도), 장갑 크크(기댓값 170억), 무기 윗잠 3줄 한번 도전 해보시는 것도 나쁘지 않습니다. 스페셜 오래 하실거라면 본섭에선 높은 기댓값 때문에 못하는 장신구 드메 두줄도 체험해보시길
참고로
장비 아이템 메획 1줄 추가 당 200%의 메소 획득량
을 받습니다. 사냥이 좋고 스페셜 오래 즐기고 싶다는 분들은 장신구(아쿠아틱,데아,응축)에다가 1줄 메획 띄워서 쓰는 것도 나쁘지 않다고 봅니다.
(스페셜 월드에서는 드랍률이 딱히 의미없습니다. 조각x/코잼x 메획 1-2줄 얻는 것이 더 좋습니다)
어빌리티 메획1줄 또한 x10
예를 들어 레전 어빌 메획 19%라면 190% 추가 메소획득량
+) 보상으로 받은 메소 주머니는
인벤토리 기타창에 있으며, 메소 받으시려면 상점에 파셔야 합니다
.
10.
알레리아/세이람 먹기
보스 전에 알레리아/세이람 퀘스트 전구 눌러서 간단히 해주고 알레리아/세이람 도핑하시면
보스 클리어 좀 더 수월할 수 있습니다.
본섭에선 비싸서 못쓰는 콜렉터 도핑도 한번 해보시길!!
번외)
사이타마는 전직 퀘스트가 없습니다
. 그냥 1차 스킬 레벨에 맞춰서 쓰시면 됩니다.
미니게임 가상 전투 미션은 스페셜 월드에서 진행 안됩니다. 일반 월드 가서 진행하셔야 합니다.
카오스 벨룸 입장하려면 전구 눌러서 루타비스 나인하트 긴급호출 퀘스트 완료하셔야 합니다.(스킵가능)
스페셜 월드에서는 옥션 이용이 불가/ 캐시샵 이용 불가(마일리지 적립 x)
칠흑도 드랍 되지만, 스페셜 월드라서 모든 템을 일반 월드에 가지고 가실 수 없습니다.
그냥 스페셜에서만 즐기시길!!
------
이상 글이 길어졌지만..
조금이나마 도움 되셨으면 합니다."
https://www.inven.co.kr/board/maple/2304/46381,기타,[11/20~]패치후 메할일&바뀌는것들 요약+@ : 주의사항 등 : 원펀맨 콜라보/사이타마 보상/코인샵 등,,2025-11-18 09:56,49618,38,"[수정/추가 사항]
1.11/20 본섭 오면서 추가/변경된 사항 - 한 번 같이 봐주시면 됩니다  :
https://www.inven.co.kr/board/maple/5974/5915706
- 높은 곳에서 ???와 대화하기 : 레헬른 진입 후 차원의 포탈 들어가서 윗점 스킬로 차원의 탑 꼭대기 도달 후 엘윈과 대화
- 본섭 오면서 250~255 육성 난이도만 증가
-----------------------------
안녕하세요
이 글은 11/20(목) 진행되는 업데이트의 중요한 내용들을 각 테마별로 빠르게 확인하실 수 있게 한 글입니다
잘못 적힌 부분은 말씀해 주시면 감사히 수정합니다
[목차]
1. 수요일 종료되는 사항들
2. 점검 전 주간 보스+@ 해도 돼요?
3. 패치 후 추가 메할일 체크
4. 캐시 관련 사항
5. 신규 이벤트 핵심 사항
6. 주요 신규&변경&개선 사항들
7. 11월 업데이트 관련 사항
▶ 이 글의 내용은 테스트 서버 기준으로 정식 서버 업데이트 시 변동 혹은 변경될 수 있습니다
▶
11/20(목) 점검 예정 시간 : 03~10시 예정
★11/19(수) 23:59 종료되는 사항들★
1. [챌린저스 월드] 관련 이벤트 전체 / 사전 리프
* 보상 수령은 11/19(수) 23:59 일괄 종료되지만, 챌린저스 월드 자체는 새벽 점검 전까지 열려 있습니다
** 챌린저스 월드 리프 안 하신 분들은 꼭 이하 주의 사항 체크하시길 바라겠습니다
+ 아즈모스 코인샵 코인 사용하기
2. [메이플 아지트] 관련 이벤트 전체
* 보약 효과는 1주 더 적용됩니다
3. [예티의 밤]
4. [SAVAGE] / 기존 와헌 라이딩 선물 수령
5. [카밀라의 가을빛 스토어]
6. [프론티어 패스]
7. [부티크 기프트 / VIP 멤버십 이용권] 판매
8. 11월 메이플 나우 감사 선물 수령
▶ 자세히 보러 가기 :
https://www.inven.co.kr/board/maple/5974/5910668
-
관련하여 자세히 적은 글이 있어 여기서는 짧게 말씀 드리고 글 링크를 드립니다. 꼭 한 번 체크하셔서 놓치시는 것 없으시길 바라겠습니다
★점검 전 주간 보스+@ 해도 돼요?
★
▶ 이번에 고려하셔야 할 것들
1.
테섭에서 예고되었던 스킬 조정 적용 예정
2. 신규 이벤트 / 콘텐츠 변경 사항 중 고려해야 할 것 없음
★패치 후 메할일 체크★
1. [출석 이벤트 1 : 몬스터파크 대소동&코인샵] : ~12/17
1)
접속 출석 1주에 5회씩 / 총 3주(15회)
2)
레범몬 퇴치 1주당 6000마리 / 총 3주(18000마리)
3) 레범몬 퇴치로 얻은 코인으로 코인샵 이용하기
2. [주간 펀치킹 이벤트 : 지네 장로 펀치킹&코인샵] : 주간 펀치킹 : ~12/17
1)
지네 장로 펀치킹 1주 1번씩 / 총 4주 & 코인샵
코인샵 이용하기
2) 2주 참여 시 의자 획득 가능
3. [출석 이벤트 2 : 윈터 카운트다운] : 일일 출석 : ~12/31
1) 1) 접속 출석 매일매일 / 총 15일
2)
레범몬 퇴치 1주당 10000마리 / 총 3주 / [몬스터파크 대소동]과 병행
3) 개근 시 보약 효과 획득 일자
- 경험치 10% / 일몹뎀 20% : 11/24
- 아케인 포스 60 / 어센틱 포스 30 : 11/29
- 보공 20% / 방무 20% : 12/4
4. [미니게임 : 가상 전투 시스템] : 컨트롤 중심 1인 미니게임 : ~12/17
1)
주마다 해금되는 미션 완료 / 총 4주
5. [레범몬 경험치 스킬 : 히어로 등장] : ~12/17
1) 스킬 발동 시 경험치 획득
2) 1회 발동에 250마리 필요 / 캐릭터당 일일 최대 30회까지 가능
6. [스페셜 월드 : 히어로의 모험일기] : 사이타마 육성하고 보상 받기 : ~12/17
1) 테섭 그대로 오면 난이도 아주 무난
2) 최종 목표 : 255 레벨 / 하드 진 힐라
7. [프리미엄 PC방 접속 보상 이벤트] : 11/21~12/18
★캐시 관련 사항★
1. 신규 <스페셜 라벨> & 신규 코디 아이템 & 신규 헤어 성형
2. 신규 캐시 아이템 판매 : 3900 캐시
3. 원펀맨 콜라보 관련 캐시 아이템 판매
1) 스페셜 루나 크리스탈 : 합성 성공 시 원펀맨 자석펫 획득 가능
2) 그랜드 컬렉션 : 1개 3000 캐시 : 사용 시 확률에 따라 콜라보 헤어&성형&의상 획득 가능
-
https://upload3.inven.co.kr/upload/2025/11/18/bbs/i1542222641.jpg
3) 미스틱 컬렉션 : 1개 1000 캐시 : 사용 시 확률에 따라 콜라보 안드로이드 획득 가능
-
https://upload3.inven.co.kr/upload/2025/11/13/bbs/i1291385257.jpg
★신규 이벤트 핵심 사항★
[신규 이벤트 공식 이름과 함께 한 줄로 보기]
1. [출석 이벤트 1 : 몬스터파크 대소동&코인샵] : 일일 출석&레범몬 출석 : ~12/17
2.
[주간 펀치킹 이벤트 : 지네 장로 펀치킹&코인샵] : 주간 펀치킹 : ~12/17
3. [출석 이벤트 2 : 윈터 카운트다운] : 일일 출석 : ~12/31
4.
[미니게임 : 가상 전투 시스템] : 컨트롤 중심 1인 미니게임 : ~12/17
5. [레범몬 경험치 스킬 : 히어로 등장] : ~12/17
6. [스페셜 월드 : 히어로의 모험일기] : 사이타마 육성하고 보상 받기 : ~12/17
7. [프리미엄 PC방 접속 보상 이벤트] : 11/21~12/18
---------------------------------------------------------------------
1.
[출석 이벤트 1 : 몬스터파크 대소동&코인샵] : 일일 출석&레범몬 출석 : ~12/17
1) 4주 동안 진행되는 메인 출석 이벤트로서 1주의 여유 기간이 있습니다
2)
일일 몬스터 포획 - 딸깍 출석
- 접속 후 버튼을 눌러 출석 가능 / 1주 최대 5회 / 기간 내 최대 15회
- 짧게 진행되는 이벤트라서 출석마다 누적되는 경쿠와 보약 SP는 없습니다
- 출석 횟수에 따라 위의 보상들 획득 가능하며 상자는 메이플 홈 가구
- 15회 출석 시 최종 보상으로 메이플 홈 테마 수령 가능
- 치장 보상 보기 :
https://upload3.inven.co.kr/upload/2025/11/18/bbs/i1486380216.png
2)
주간 몬스터 탐사 - 레범몬 출석
- 레범몬 2000마리 퇴치 시마다 히어로 코인 1500개 획득
- 1주 최대 3회까지 가능 / 기간 내 최대 9회까지 가능
- 히어로 코인 획득량 : 1주 4500개 x 3 : 총 13500개
3) 히어로 코인샵 :
https://upload3.inven.co.kr/upload/2025/11/18/bbs/i1476423865.jpg
- 하트 주문서 없음
4) 메소샵 :
https://upload3.inven.co.kr/upload/2025/11/18/bbs/i1677638795.png
- 플라즈마 하트 없음
2. [주간 펀치킹 이벤트 : 지네 장로 펀치킹&코인샵] : 주간 펀치킹 : ~12/17
1) 4주 동안 진행되는 주간 펀치킹 이벤트입니다
- 세이람의 영약 사용 가능
- 어센트 스킬 3회 사용 가능
2) 점수를 최대 5100점까지 쌓을 수 있으며 아래 기준에 따라 3종류의 코인(=아지트 수호대)을 획득할 수 있습니다
3) 획득한 펀치 코인으로 코인샵을 이용할 수 있으며 이번의 아지트 수호대(보스 코인샵)와 비슷한 구성입니다
4) 2주 참여 시 의자 보상을 수령할 수 있습니다
​
​
​
3. [출석 이벤트 2 : 윈터 카운트다운] : 일일 출석 : ~12/31
1) 이벤트 기간 내 참여하기 버튼 클릭으로 최대 15회까지 출석할 수 있습니다
2) 카운트다운 선물 : 출석 직후부터 12/17까지만 수령 가능합니다
3) 윈터 선물 : 출석 횟수에 따라 겨울 1차 업데이트인 12/18 점검 후부터 12/31까지 수령 가능합니다
- 1회 : 4배 경쿠 1개
- 2회 : VIP 부스터 10개
- 3회 : 스페셜 명예의 훈장 50개
- 4회 : 코젬 50개
- 5회 : 30일 기간제 자석펫
- 6회 : 4배 경쿠 1개
- 7회 : VIP 부스터 10개
- 8회 : 선택 심볼 교환권 60개
- 9회 : 경코젬 5개
- 10회 : 뽀송/홍조 꽃잎 스킨 선택권
- 11회 : 이벤트 링 선택권
- 12회 : 이벤트 링 레잠
- 13회 : 이벤트 링 명큐 100개
- 14회 : 카르마 검환 50개
- 15회 : 솔 에르다 선택권 2개
4) 윈터 파워업 : 출석 횟수에 따라 즉시 효과를 얻습니다. 일자는 개근 시 획득하는 날짜입니다
- 출석 5회 시 획득 효과 : 경험치 10% / 일몹뎀 20% : 11/24
- 출석 10회 시 획득 효과 : 아케인 포스 60 / 어센틱 포스 30 : 11/29
- 출석 15회 시 획득 효과 : 보공 20% / 방무 20% : 12/4
5) [레범몬 출석] 스페셜 미션과 스페셜 파워(=모래 채우기)
- 이벤트 시작부터 12/12 사이(3주+2일)에 총 3주 간 참여 가능합니다
- 1주일마다 레범몬 최대 1만 마리를 퇴치하여 3배 경쿠 4개와 4배 경쿠 1개를 누적할 수 있습니다
- 유저들이 채우기를 할 때마다 스페셜 파워가 증가하며, 100%마다 스페셜 기프트(극성비) 개수가 늘어납니다
- 경쿠와 극성비 수령 기간은 12/17(수) 23:59 까지, 사용은 18일 2시까지 가능합니다
4. [미니게임 : 가상 전투 시스템] : 컨트롤 중심 1인 미니게임 : ~12/17
1) 4주 동안 진행되는 미니 게임으로 다른 요소 없이 패링 중심의 컨트롤로만 진행하는 미니 게임입니다
2) 매주 미니게임에서 수행할 수 있는 5개의 미션이 해금되며 이전 단계의 5개를 전부 완료해야 다음 주차의 미션에 도전할 수 있습니다
- 완료 시 미니게임에서 사용 가능한 SP를 획득하고, 이것을 사용하여 캐릭터를 강화할 수 있습니다
3) 미션 한 개 완료에 시스템 완성도 5%가 상승하며 미션 완료 개수에 따라 보상을 수령할 수 있습니다
- 일반 월드 마지막 보상 : 카르마 블큐&화에큐 10개
4) 더욱 도전적인 난이도의 미션도 존재하며 완료 시 이하 치장 아이템들을 보상으로 수령합니다
[레범몬 경험치 스킬 : 히어로 등장] : ~12/17
1) 레범몬 250마리마다 광역기가 발동되며 경험치를 획득합니다
2)
이벤트 기간 내 캐릭터당 최대 30회까지 발동시킬 수 있습니다
6.
[스페셜 월드 : 히어로의 모험일기] : 사이타마 육성하고 보상 받기 : ~12/17
1) 이벤트 기간 내 사이타마를 육성할 수 있는 스페셜 월드가 오픈됩니다
- 사이타마는 이벤트 기간이 종료되면 삭제되는 이벤트 캐릭터입니다
2) 위에서 보신 이벤트들은 스페셜 월드에서는 참여하실 수 없습니다
3) 스페셜 월드에서는 아래와 같은 혜택이 적용됩니다
- 전용 패시브 스킬 : 일반 몬스터 원킬
- 60레벨 이상 개인화 사냥터 필드 이용 가능 인원 8명으로 증가
- 테마 던전을 제외한 필드에서 몬스터 등장 마릿수 4배 증가
- 한 번에 퇴치한 마릿수에 따라 멀티킬 상위 단계 효과 제공 멀티킬(3~99) / 슈퍼킬(100~149) / 하이퍼킬 (150~)
- 200레벨 이상일 때 하루 한 번씩 당일에만 사용 가능한 부스터 수령 가능
- 슬라임 메소샵 이용 가능 :
https://upload3.inven.co.kr/upload/2025/11/18/bbs/i1757329610.jpg?MW=800
3) 사이타마를 육성하고 [히어로의 모험일기] 이벤트에 참여하여 보상을 수령하실 수 있습니다
▶ 우선적으로 미션의 카테고리 분류 없이 일반 월드에서 수령 가능한 보상 중 성장 관련 보상들만 보자면 이렇습니다
- 생성 : 정령의 펜던트 30일
- 200 : 코젬 150개
- 205 : 사우나 2장
- 210 : 경코젬 20개
- 215 : 심볼 선택권 100개
- 220 : 카르마 검환 150개
- 225 : 스페셜 명예의 훈장 100개
- 230 : 부스터 20개
- 235 : 상급 EXP 교환권 2000개 / 예핑 칭호와 옵션 동일한 영구제 칭호
- 240 : 솔 에르다 선택권 1개
- 245 : 카르마 블큐 10개
- 250 : 카르마 화에큐 10개
- 하이퍼킬(170 마리 이상 한 번에 잡기) 10회 달성 : 카르마 유잠
- 높은 곳에서 ???와 대화하기(레헬른 진입 후 차원의 포탈 들어가서 윗점 스킬로 차원의 탑 꼭대기 도달 후 엘윈과 대화) : 극성비 /
테섭에선 미션 내용 확인 불가
- 카벨 :
카르마 검환 50개
- 하스우 : 부스터 20개
- 하루시 : 솔 에르다 선택권 2개
- 하진힐 : 초성비
▶
테섭 기준 변경점 없이 온다면
최종 목표인 255 달성과 하드 진 힐라 퇴치까지 상당히 수월합니다. 렙업 속도의 경우 현재 테섭은 PC방 추가 경험치 30%이 있어 이와 동일하진 않겠으나, 이것을 감안하더라도 상당히 빠를 것으로 보입니다
- 하드 듄켈 보상의 경우 255레벨을 달성해야 하는데 성장 보상은 아니지만 신규 이펙트여서 밑에서 보시고 맘에 드시면 250 하신 김에 255 하시는 것도 추천 드립니다
4) [히어로의 모험일기] 탐험 미션 : 레벨 달성 후 이벤트 알림이를 통해 지역 진입
- 전체 보기 :
https://upload3.inven.co.kr/upload/2025/11/18/bbs/i1487846127.jpg
- 255까지 달성하면 모든 보상을 수령하실 수 있습니다
5) [히어로의 모험일기] 행동 미션 :
- 전체 보기 :
https://upload3.inven.co.kr/upload/2025/11/18/bbs/i1448151711.jpg?MW=800
-
특정 스킬로 퇴치 마릿수 채우기 미션
: 각각 60/160/180/190 레벨에 도달 시 해금되는 스킬들인데
보상을 원하시면 해금된 직후부터 쿨 돌 때마다 번갈아서 꾸준히 사용해 주시면 됩니다
- 마지막 히든 미션 :
레헬른 진입 후 차원의 포탈 들어가서 윗점 스킬로 차원의 탑 꼭대기 도달 후 엘윈과 대화
6) [히어로의 모험일기] 보스 미션 : 카벨/하스우/하루시/하듄켈/하진힐 퇴치
- 전체 보기 :
https://upload3.inven.co.kr/upload/2025/11/18/bbs/i1600072542.jpg?MW=800
- 레벨상 최종 보상인 하드 듄켈 보상은 신규 종류의 이펙트입니다
​
7.
[프리미엄 PC방 접속 보상 이벤트] : 11/21~12/18
★주요 신규&변경&개선 사항들★
1. 이번 테섭에서 예고되었던 <스킬 수정> 사항 적용
1) 테스트 서버 공식 릴리즈의 ""
스킬 수정"" 탭 :
https://maplestory.nexon.com/testworld/news/all/138
2) 이번 테섭에서 예고된 내용들이 적용 예정이며 변경 사항 유무와 자세한 내용은 패치 당일에 확인하실 수 있습니다
2. VIP 사우나 200/500시간 보상 추가
3. 개선 사항들
1) 펫 이름 한글 7자, 영문 14자까지 가능하도록 변경
2) 황금 토마토 펀치킹에서 어센트 3회 사용 가능하도록 개선
3) 안개 숲 수련장 개선 : 입장 레벨 조건 삭제와 편의 기능 개선
3) 5차 전직 시 그란디스와 마스테리아 전직 조건 ""대화하기"" 로 간소화
4) 탈라하트 미만 아케인 리버와 그란디스 스토리들의 스토리 스킵 조건 삭제
5) 이벤트 리스트 탭 분리
4. HEXA 매트릭스 초기화 주문서 추가와 지급 : 12/3까지
★2025년 겨울 쇼케이스 일정★
1. 겨울 쇼케이스 소개 페이지 :
https://maplestory.nexon.com/promotion/event/2025/20251113/event01
2. 관람 신청 마감 : 11/23 (일)
3. 관람 당첨자 발표 : 11/28 (금)
4. 쇼케이스 일자 : 12/13 (토) 오후 4시
- 쇼케이스 시청 이벤트 :
12/13~12/17 : VIP 사우나 이용권 6개 수령 가능
5. 겨울 1차 업데이트 일자 : 12/18(목)"
https://www.inven.co.kr/board/maple/2304/46358,사냥,사이타마 200레벨 15분 루트 +육성 팁,,2025-11-14 18:09,110572,44,"*테섭 기준이라 더 걸릴수도 있음
10렙~20렙
템들 쓰면서 초록버섯 때려주면 렙업 이펙트떔에 20렙 찍여있음
20렙~
와일드보어의 땅
80렙~
리프레 일반필드
(보장에 착감 떴으면 바로 블러드하프 잡으러 가도 되는데
착감 띄우겠다고 환불 띄울 필요는 없습니다 , 띄울 시간에 100렙됨)
100렙~
루디브리엄 스타포스 존
(맵 이동하면서 렙제에 맞는 보장 껴주기)
팁
100레벨때 배우는 연속 보통 펀치
​
​
마무리 일격이 굉장히 좋으니
키다운하지 않더라도 쿨마다 써주세요
135렙~
커닝타워 스타포스존
(맵 이동하면서 렙제에 맞는 보장 껴주기)
팁2
130때 배우는 높이뛰기
​
​
달리기로 끊을 수 있습니다
160렙~
지구방위본부 스타포스존
180렙~200렙
폐쇄지역 (황혼의 페리온 스타포스존)
팁3
모험미션에 이런게 있어서 다른 스킬들도 쿨 돌때마다 써주세요"
https://www.inven.co.kr/board/maple/2304/46357,기타,사이타마 키우면 뭐 줌? 등 신규 이벤트 메할일만 요약,,2025-11-14 13:21,39192,37,"[추가/수정 사항]
1.
------------------------
안녕하세요
어제 테섭에서 공개된 이벤트 관련하여 아무래도 치장 보상 관련된 이미지가 많다 보니 한 눈에 보시기 힘든 게 있어 해당 내용을 제하고 제일 중요한 내용들을 보다 간략하게 보실 수 있는 글을 따로 작성합니다
캐시, 바뀌는 것, 치장 이미지 관련 정보 등이 필요하신 분들은 글 마지막에 달아 둔 테섭 정리글을 봐주시면 됩니다
잘못 적힌 부분은 말씀해 주시면 감사히 수정합니다
---------------------------
1. 일반 월드에서만 참여 가능한 이벤트들 관련 사항
1) [몬스터파크 대소동] 일일 출석(=메이플 아지트 일일 운영)
- 일일 출석 1주에 5회씩 / 총 3주 : 최대 15회 가능
* 상자는 전부 메이플 홈 가구입니다
2) [몬스터파크 대소동] 주간 출석&히어로 코인샵(=아지트 코인샵)
- 주간 출석 1회에 2000마리씩 세 번 (1주 최대 6000마리) / 총 3주 : 최대 15회 가능
- 출석 1회에 히어로 코인 1500개 획득 : 주당 4500개씩 X 3 = 총 13500개
- 히어로 코인샵의 구성품은 아지트 코인샵과 다소 유사하고, 짧은 기간에 맞게 구매 가능 개수가 줄어듦
- 하트 주문서 없음
- 메소샵 : 하트 없음
3) [주간 펀치킹 이벤트] 지네 장로 펀치킹&펀치 코인샵(=아지트 수호대 코인샵)
- 주간 펀치킹 1주마다 참여하기 총 4주 : 최대 4회 가능
- 현재 진행 중인 보스 코인샵에서 플라즈마 하트 모듈만 품목에서
제외
4) [일일 출석&주간 레범몬] : 윈터 카운트다운
- 접속 후 매일 출석 / 최대 15일까지 : 보상 수령 + 12/18 이후 받을 수 있는 보상 누적 + 보약 효과
- [협동 이벤트] 주간 출석 1회에 2000마리씩 다섯 번 (1주 최대 10000마리) / 총 3주 : 최대 15회 가능
- 경쿠 1주에 3배 4개, 4배 1개씩 누적 / 누적된
스페셜 파워에 따라 스페셜 기프트(극성비) 개수 증가
5) [미니게임] 가상 전투 시스템
- 따로 도전 횟수 제한은 없고 1주마다 5개의 미션이 해금됨
- 패링 중심의 미니 게임으로 개인마다의 컨트롤에 따라 난이도가 천차만별일 것으로 언급됐습니다
- 1 미션당 5 포인트씩 총 20개 = 미션 5개 완료할 때마다 보상 있음
25% :
사
우나 2장
50% :
솔 에르다 선택권 1개
75% :
극성비 1개
100% :
카르마 블큐&화에큐 10개
6) [레범몬 스킬 발동 이벤트] 히어로 등장
- 스킬 발동 시 경험치 획득 : 1회 250마리 / 캐릭터당 일일 최대 30회까지 발동 가능
2. 스페셜 월드에서만 참여 가능한 이벤트들 관련 사항
1) 사이타마 육성을 통해 일반 월드에서도 일부 보상을 수령할 수 있습니다
- 테섭 기준 육성 난이도, 보스 난이도 아주 쉬움
-
255(하드 듄켈) / 하드 진 힐라까지 격파 시 최종 보상까지 획득 가능 : 일단 테섭에서 미공개인 미션 제외입니다
- 밑의 보상들은 치장 아이템을 전부 제외한 것이며 각 목표별 치장 아이템의 자세한 이미지는 글 마지막의 글에서 확인하실 수 있습니다
- 더불어 하드 듄켈 보상은 치장 아이템이지만 새로운 종류의 신규 이펙트라서 250까지 하셨으면 조금 더 시간 쓰셔서 얻으시는 게 어떨까 싶습니다
​
​
​
​
​
​
2) 탐험 미션 일반 월드 보상
- 생성 : 정령의 펜던트 30일
- 200 : 코젬 150개
- 205 : 사우나 2장
- 210 : 경코젬 20개
- 215 : 심볼 선택권 100개
- 220 : 카르마 검환 150개
- 225 : 스페셜 명예의 훈장 100개
- 230 : 부스터 20개
- 235 : 상급 EXP 교환권 2000개 / 예핑 칭호와 옵션 동일한 영구제 칭호
- 240 : 솔 에르다 선택권 1개
- 245 : 카르마 블큐 10개
- 250 : 카르마 화에큐 10개
2) 행동 미션 일반 월드 보상
- 하이퍼킬(170 마리 이상 한 번에 잡기) 10회 달성 : 카르마 유잠
- 높은 곳에서 ???와 대화하기 : 극성비 /
테섭에선 미션 내용 확인 불가
3) 보스 미션 일반 월드 보상
- 카벨 :
카르마 검환 50개
- 하스우 : 부스터 20개
- 하루시 : 솔 에르다 선택권 2개
- 하진힐 : 초성비
- 하듄켈 : 위에서 보신 퇴치 이펙트
▶ 메할일만 보기
일일 메할일 1 : [몬스터파크 대소동] : 딸깍 출석 1주에 5회씩 / 총 3주 & 코인샵
일일 메할일 2 : [윈터 카운트다운] : 딸깍 출석 매일매일 / 총 15일
일일 메할일 3 : [히어로 등장] : 레범몬 스킬 발동 이벤트 / 캐릭터당 일일 최대 30회
주간 메할일 1 : [몬스터파크 대소동] : 레범몬 퇴치 1주당 6000마리 / 총 3주
주간 메할일 2 : [윈터 카운트다운] : 레범몬 퇴치 1주당 10000마리 / 총 3주 / 위와 병행
주간 메할일 3 : [
주간 펀치킹 이벤트] : 지네 장로 펀치킹 1주 1번씩 / 총 4주 & 코인샵
주간 메할일 4 : [미니게임] 가상 전투 시스템 : 주마다 해금되는 미션 완료 / 총 4주
기간 내 메할일 : [스페셜 월드] : 사이타마 육성 : 최종 보상 목표 - 255레벨&하드 진 힐라 퇴치
▶ 이번 테섭 전체 요약 정리 링크 : 라이브&보상 이미지&캐시&바뀌는 것들 등
https://www.inven.co.kr/board/maple/5974/5891902?my=post
-----------------------------------------------------------------------
3추만 보내주시면 감사드리겠습니다"
https://www.inven.co.kr/board/maple/2304/46356,기타,[테섭요약] 메이플 원펀맨 이벤트 보상 이미지&캐시&쇼케 일정 등 테섭,,2025-11-14 13:19,34155,12,"[수정/추가 사항]
1. 본문으로 갱신했습니다
-----------------
안녕하세요
이 글은 11/13 진행된 테섭의 중요한 내용들을 간략히 정리한 것입니다. 라이브(16시 진행)
에서 나온 주요 내용들도 포함했습니다
누락된 혹은 잘못 적은 부분은 말씀해 주시면 감사히 수정하겠습니다
--------------------
★11/19 (수) 종료 예정 이벤트 보상들 미리 체크하기 :
https://www.inven.co.kr/board/maple/5974/5879663
- 다음 주 수요일인 11/19(수) 23:59에 현재 진행 중인 이벤트의 거의 전부(메이플 아지트/챌린저스 월드/프론티어 패스/카밀라 등)가 일괄 종료 예정입니다. 양이 많아서 혹시 놓치신 거 없나 한 번 미리 보시길 권장 드립니다
--------------------
▶ 이 글의 내용들은 본섭 적용 시 변동 혹은 변경될 수 있으며 본섭에 11/20(목) 업데이트 적용 예정입니다
----------------------
[목차]
1. 캐시 관련 사항
2. 주요 변경 사항
3.
신규 이벤트 관련 사항
4. Maple Now 감사 선물
5. 겨울 쇼케이스 관련 사항
★캐시 관련 사항★
1. 신규 스라벨&코디&헤어성형
2. 원더베리 연출 추가
3. 스페셜 루나 크리스탈 : 콜라보 자석펫
4. 원펀맨 콜라보 관련 캐시 상품
5. 신규 캐시 아이템 : 얼굴장식 표정 합성 쿠폰
★주요 변경 사항★
1. 이번 11월 업데이트에서는 새로운 콘텐츠 추가보다는 겨울 대비 보수, 지난 업데이트의 후속 업데이트 진행
2. 스킬 수정 사항 : 릴리즈에서 ""스킬 수정 사항"" 탭 확인 :
https://maplestory.nexon.com/testworld/news/all/138
관련 언급 : 앞선 방송에서 소회를 밝힌 만큼 큰 폭의 변화는 아마 한동안은 없을 것 같다. 내부적으로 준비하고 있는 것 :
수치적인 정합성 높일 수 있는 방법론 내부적으로 준비 중 / 실수를 최대한 없앨 수 있도록 목표로 준비 작업 중 - 일하는 방법, 데이터를 취합하는 방법에 대한 근본적인 변화를 위한 내부적인 정비 중
3. 안개 숲 수련장
1) 입장 조건 삭제
2) 재사용 대기시간 초기화 기능 추가 등
4. 5차 전직 개선 :
그란디스 / 마스테리아 전직 조건 대화로 변경
5. 탈라하트 제외 아케인 리버, 그란디스 스토리 스킵 조건 삭제
6. 월드 아카이브 일부 NPC 추가
7. 메이플 옥션 개선 : 뇌빼기 구매 시 구매 여부 확인 기능 추가
8. 이벤트 리스트 탭 분리
9. VIP 사우나 누적 가구 보상 추가
9.
황금 토마토 농장에서 어센트 스킬을 3회 사용할 수 있도록 개선됩니다.
10.
펫작명하기 아이템을 사용하여 펫 이름을 변경할 때 한글 7자, 영문 14자까지 변경할 수 있도록 변경됩니다
★신규 이벤트 관련 사항★
1. PC방 이벤트 : 11/21~12/18
2. 원펀맨 콜라보 스페셜 월드&전용 이벤트 : 11/20~12/17
1) 작년 귀칼에 이어 콜라보 진행, 전용 이벤트 스페셜 월드 오픈 / 슈피겔만의 실수로 원펀맨 등장인물들을 소환했다는 설정
2) 스페셜 월드에서 직업 사이타마 플레이 가능, 먼치킨 캐릭터 컨셉에 맞게 경험적으로 시도해본 것 2가지
- 심볼 등 특수 상황 제외 모든 일반 몬스터들은 원킬
- 하루 한 번 이벤트 알림이에서 부스터 수령 가능
- 사냥터를 휩쓰는 경험 강화 : 필드의 일반 몬스터가 4배 더 많이 등장, 멀티킬 카운트 100 이상으로 증가
- 스페셜 월드 전용 메소샵
2) [히어로의 모험일기] : 스페셜 월드에서 사이타마 육성을 통해 미션 참여 시 보상 획득, 3개의 카테고리로 나뉘며
일반 월드 보상은 일반 월드에서만, 스페셜 월드 보상은 스페셜 월드에서만 수령 가능
합니다
- 탐험 미션
* 의자 : 사이타마와 함께 의자
* 메이플 홈 가구
* 사이타마와 함께 라이딩
- 행동 미션
* 제노스와 함께 라이딩 / 타츠마키와 함께 라이딩 / 킹과 함께 오락을 의자 / 지옥의 후부키와 함께 라이딩
* SD 제노스/타츠마키/사이타마 망토 / SD 사이타마 탈 / 사이타마 얼굴장식
* 행동 미션 가구 상자
- 보스 미션
* 전율의 타츠마키 등장 의자
* 메이플 홈 가구 상자
* 전율의 타츠마키 SD 안드로이드
* 사이타마 보통 펀치(피니시 이펙트) 교환권
​
* 스페셜 월드 보상 : 1억 메소 주머니
3. [메인 출석 이벤트] 몬스터파크 대소동 11/20~12/17
1)
[일일 딸깍 출석] 일일 몬스터 포획
- 상자는 다 가구들입니다
* 3일차 보상 가구
* 5일차 SD 사이타마 안드로이드
* 8일차 보상 가구
* 13일차 보상 가구
* 15일차 보상 히어로 등장 의자
​
* 출석 15회 완료 최종 보상 메이플 홈 테마
2)
[주간 몬스터 출석] 주간 몬스터 탐사 & 코인샵
- 레범몬 퇴치로 코인 획득 가능
- 획득한 코인으로 코인샵 이용 가능
- 메소샵
* 변신약
* 슈피겔만의 화려한 콧수염 / 슈피겔만의 망토
* 잊혀진 이름
* 몬스터풍선 데미지 스킨
4. [주간 펀치킹 이벤트] 지네 장로 펀치킹 : 11/20~12/17
1) 주간 펀치킹에 도전하여 코인 획득 가능 : 최대 5100점
2) 2회 참여 시 의자 획득 가능
3) 획득한 펀치킹 코인으로 이용 가능
5. [미니게임] 가상 전투 시스템 : 11/20~12/17
1)
새로운 타입의 컨트롤 기반 이벤트 - 컨트롤 실력에 따라 도전적인 난이도, 패링 중심(=대적자)
* 가상 전투 시스템 가구 상자
* 요리하는 제노스 의자
* 제노스가 되어보자 라이딩
* 귀신 사이보그 훈장
2) 전투 미션 : 매주 해금됨
3) 메인 보상
6. [사냥 이벤트] 히어로 등장 : 11/20~12/17
1) 사냥 레범몬 스킬
7. [겨울 사전예약] : 윈터 카운트다운 : 11/20~12/31
1) [메이플ID당] 참여하기 버튼을 눌러 출석 가능
2) 이벤트 기간 내 최대 15회 출석 가능
3) 출석 횟수에 따라 보상 획득
- 카운트다운 선물 : 즉시 획득 가능
- 윈터 선물 : 12/18(목) 점검 이후부터 획득 가능
- 5/10/15회 참여마다 보약 효과 획득
4) 스페셜 미션&스페셜 파워(=모래 채우기)&스페셜 기프트
- 1주일에
레범몬 최대 1만 마리까지 처치하여 경쿠 획득 가능
- 유저들이 참여할수록 게이지가 증가하여 스페셜 기프트 개수 증가 : 저번처럼 25개까지는 안 갈 것
★메이플 NOW 감사 선물
★
★겨울 쇼케이스 : CROWN★
- 꾸준히 플레이하신 유저들께 헌정하는 의미의 타이틀
- 모든 좌석을 메이플스토리를 열심히 하신 분들만 오실 수 있게 함
- 연말 시상식 같은 느낌으로 진행
- 공식 홈페이지 링크 :
https://maplestory.nexon.com/promotion/event/2025/20251113/event01
참여하실 분들께서는 꼭 꼼꼼히 주의 사항 등 읽어 보시길 바라겠습니다
-----------
3추만 보내주시면 감사드리겠습니다"
https://www.inven.co.kr/board/maple/2304/46344,기타,히든미션 막차 & 겨울 업데이트 일자 & 종료 이벤트 미리 체크 등,,2025-11-10 12:41,16905,14,"[추가/수정 사항]
1. 본문으로 갱신하였습니다
----------------------
안녕하세요
이 글은 오늘인 11/10(월) 기준 한 번 보실 만한 내용들을 모은 것입니다
1. 히든 미션 관련
현재 진행 중인 히든 미션들의 경우
오늘인 11/10(월) 기준 하나도 참여하지 않은 경우에도 오늘부터 시작하여 개근 시 히든 보상까지 획득 가능합니다. 내일부터는 이벤트에 따라 다릅니다. 미리 해두신 분들 많이 계시겠지만 혹시 까먹으셔서 안 하신 분들 봐주시면 좋겠고 찾기 쉽게 히든 미션이 존재하는 이벤트들은 밑에 종료 예정 사항의 1/2/3번으로 올려놨습니다
2. 다음 주 수요일 (11/19) 종료되는 것들 모음
아직 기간이 남긴 했으나 양이 많아서 미리 보셨으면 해서 넣었습니다
3. 같이 보실 만한 내용
쇼케이스 일자와 예고는 이번 주 라방에서 공개될 가능성이 높겠고 그 외 오늘 기준 확인 가능한 일정들입니다
잘못 적힌 부분은 말씀해 주시면 감사히 수정합니다
★11/19(수) 종료 예정인 사항들 - 오늘 기준 10일 남음★
1. [
예티의 밤] : 미니 게임 참여 /
보상 수령
/ 히든 미션 수행
▶ 히든 미션 보상 : 사냥꾼의 엽총 교환권
▶ 히든 미션 내용
: 6000점 달성 보상인 라이딩 착용하고 엘나스의 스카두르와 3회 대화
- 이 이벤트의 경우 패스 구매가 따로 없고 일일(1000), 주간 점수 제한(3000)이 있어 지금까지 참여를 아예 안 하셨을 경우 11/10, 11/11, 11/12 중 하루만 누락하셔도 보상 획득이 불가능합니다 : 오늘/내일/모레 1000점씩 3일 , 다음 주 7일 중 3일 1000점씩 해야 6000점 도달 가능
2. [SAVAGE] : 출석 / 출석 패스 구매 / 보상 수령 / 히든 미션 수행 / 10월 23일 0시 이전에 생성된 와헌으로 운영자 NPC에게 라이딩 수령
▶ 히든 미션 보상 : 일루전 링 아실리 (L)
▶ 히든 미션 내용 :
10일 차 출석 보상인 일루전 링 아실리를 착용하고 에델슈타인 비밀 기지(에델슈타인 마을 맨 왼쪽의 벨 옆 하수구)의 블랙잭과 대화
- 이 이벤트의 경우 출석 1회를 3000메포로 구매할 수 있지만 오늘부터 시작하셔서 10일 출석하실 경우 따로 구매 안 하시고 획득하실 수 있습니다
3.
[아지트 듀오] : 포인트 교환 / 잠수맵 입장 / 히
든 미션 수행
▶ 히든 미션 보상 : 메소레인저 화이트 다이아 세트 상자
▶ 히든 미션 내용
: 아지트 휴게실에서 각 NPC 모두와 3일 동안 대화
- 0~19분(건이/철이) / 20~39분(준이/훈이) / 40~59분(린이/영이)마다 교체됨
- 이 이벤트의 경우 위 2개보다는 여유 기간이 상대적으로 있습니다
4. [챌린저스 월드] : 미션 수행 / 랭크 달성 보상 수령 / 챌린저스 코인샵 이용 / 의문의 결계 / 사전 리프
5. [프론티어 패스] : 미션 수행 / 보상 수령
6. [아지트 운영 일지] : 출석 / 일일 출석 보상 수령 / 누적 출석 보상 수령 / 출석 패스 구매
7. [아지트 코인샵] & [아지트 스탬프샵] & [아지트 메소샵] : 상점 이용
8. [아지트 수호대] : 보스 코인 획득 / 상점 이용
9. [빅토리아 어드벤처] : 이벤트 참여 / 보상 수령
10. [메이플 아지트 특별 메뉴] : 스킬 찍기
11. [카밀라의 가을빛 스토어] : 출석 / 보상 수령 / 코인샵 이용
11. [부티크 기프트] : 판매 / 개봉 보상 수령
12. [VIP 멤버십 이용권] : 판매
★같이 보실 만한 내용들★
1. 이번 주까지 개근하여 일일 출석을 다 완료하셨을 경우 마지막 주차에는 아지트 코인을 획득하실 수 없습니다
2. 보스 코인은
마지막 주차에도
획득할 수 있습니다
3. 이벤트 종료(11/19 23:59) 전에 수령해 둔 기한이 있는 이벤트 보상들(출석/코인샵 등)의 유효 기간은 11/20 2시까지 입니다
- 챌린저스 월드 전용 특수 스킬 반지도 11/20 2시까지 입니다
4. 단, 챌린저스 월드 랭크 보상의 경우 수령한 아이템의 기한이 12/3 23:59까지로 조금 더 깁니다
5. 챌린저스 월드 미션은 11/19 일괄 종료되나 서버 운영은 11/20 점검 이전까지 유지됩니다
- 점검 후에는 경매장과 캐시샵을 이용 불가한 맵으로 이동되니 서버가 닫히기 전 받아 둬야 함
- 사전 리프는 11/19 23:59 종료되므로, 아이템을 챌섭에서 본섭으로 옮겨 사용하려는 경우라면 사전 리프 종료 전에 리프하여 옮겨야 함
6. 현재 진행 중인 PC방 누적 보상 이벤트는 11/20(목) 23:59까지 진행
7. 이벤트 종료 전 획득해 놓은 이벤트 보약 스킬 효과는 11/26까지 유지
8. 11월 업데이트는 11/20(목) 예정이며 테섭은 이변이 없으면 11/13(목)입니다. 겨울 1차 업데이트 사이의 1달 동안 상대적으로 다른 규모의 이벤트가 진행되며 디렉터 교체 후 최근 2년의 이 시기 이벤트는 이와 같습니다
- 2024년 11/21~12/19 이벤트 : 귀멸의 칼날 콜라보 / 탄지로 전용 이벤트 월드
- 2023년 11/23~12/21 이벤트 : 예티X핑크빈 월드 / 엔버 리마스터 이벤트
9. 현재 진행 중인 아이템 버닝&VIP 사우나 종료 일자 : 12/17(수)
10.
2025년 겨울 1차 업데이트 일자 : 이변 없으면
12/18(목)
-------------------------
3추만 보내주시면 감사드리겠습니다"
https://www.inven.co.kr/board/maple/2304/46320,기타,2025년 11월 기준 유니온 링크 표,,2025-11-02 15:17,23337,12,"여기에도 올립니다.
2025년 11월 기준 메이플스토리 유니온 링크 표입니다."
https://www.inven.co.kr/board/maple/2304/46262,퀘스트,월드아카이브 공략 /동선 단축 팁,,2025-10-23 17:30,53634,25,"필수
습득처 : 500메포 / 데일리기프트 1일차 , 15일차 보상 / MVP 혜택 / PC방 혜택
없으면 겁나 오래 걸림
시작하기 전에
파티퀘스트 입장 맵
해당 맵에서 표지판/구웅/돌고래/샤모스/로미오/줄리엣/두아트 등록시 시간이 훨씬 절약됩니다
한번에 몹 2~3종류 나오는 곳으로 골라가면 젠 시간 절약 가능
30제 테마던전을 제외한 60렙 미만 맵은
개인화 필드가 아니라서
젠 기다리는 동안 다른 맵 젠 시켜놓으면 좋음
특히 이런식으로 한맵에 여러맵이 연결된 곳 (골렘의사원,엘프의수련장 등등)
퀘스트 조건에 따라 등록이 가능한 것들
찾기 힘든 것들
(월드맵에 표기되지 않는 것들만 다룹니다)
동선 단축 팁들
메이플 아일랜드
모험가 > 리턴 투 메이플 스킬 사용
듀블,패파,캐슈 > 리스항구 - 쿤
헤네시스
엘윈,이계의 학생 > 선행 퀘스트를 깨지 않아도
텔레포트월드맵을 통해 ""장롱이 떨어진 집""으로 이동가능
커닝시티
일스 > 환승구역
아랫쪽 포탈 따라가면 슈미까지 등록 가능
자이언트 쉐도우, 쉐도우 듀어러 > 비화원 지하 오른쪽 포탈 2개
커닝타워
커닝타워
빨간색 : 포탈 이동 / 초록색: 텔레포트 월드맵
위 경로 따라가면 빠름
락스피릿 > 커닝타워 퀘스트 완료한 캐릭터로 등록 가능, 펜트하우스 > 오른쪽 끝 기타
엘리니아
루이스 > 인내의 숲
에우렐
퍼펫트리 3종 > 에우렐 우측 포탈
엘리넬/골드비치
몰킹 > 엘리넬 클리어
캡틴블랙슬라임 > 골드비치 클리어
노틸러스
그리드 애나 유타 불독 > 포탈 따라가기
젖소 > 큰 오솔길1 상단
버섯의 성
검은 바이킹 > 퀘스트 클리어 필요
루타비스
잡몹 > 루타비스 중앙 포탈 > 방치된 정원
리엔
푸딘 > 달인의 전각
오르비스
길드 NPC > 정기 지원 밑에
오르비스탑
20 17 8 3 2
해당 층만 가면 됨
폐광
아몬 > 자쿰 퇴장 NPC
아우라 > 아도비스 - 자쿰 던전 탐사한다
리라 > 자쿰 퀘스트 2단계
알리 >
아도비스 - 자쿰 던전 탐사한다 > 파티탈퇴
아쿠아리움
카르타 > 깊은 바다 협곡 1 - 동굴 히든포탈
탐사대장 탱 > 난파선의 무덤 - 난파선 히든포탈
베리타스
아쿠아리움 왼쪽 위
루디브리엄
네르 > 맵 중앙 뜀틀에서 점프하면 끝까지 안가도 등록 가능
에오스탑
100 99 96 94 93 92
67 66
35 34 33 32 21
10 9 8 4
해당 층만 가면 됨
판타스틱 테마파크
스칼리온 / 타르가 > 퀘스트 클리어 필요
아랫마을
햇님이 엄마 > 아랫마을 퀘스트 완료
까막산 골짜기 히든포탈 > 청나라 사공
빨간색으로 표시된 부분만 가면 됨
엘린숲
에피네아 > 엘린숲 퀘스트 클리어
지구방위본부
덕구 위치
퀘스트 진행 전 > 덕구의 방
완료 > 복도 H101 / H104
리프레
레비아탄 > 캐릭터 위치
네스트 골렘 > 망가진 용의 둥지에서 뉴트주니어를 잡고 나오는 개체만 등록됨
켄타우로스: 불과 어둠의 전장 > 그리프의 숲 > 닉스 > 마뇽의 숲 순으로 이동하면
켄타우로스 3종 / 그리프 / 마뇽 / 닉스 등록 가능
크리티아스
OO의 숲 1~2에 2~3 종류씩 나옴
무릉
무공 > 아란 30렙 스토리 퀘스트 / 렌 4차 전직 퀘스트
아리안트
아레다 / 수상한 남자  > 아리안트 퀘스트를 클리어하지 않은 캐릭터로 등록 가능
모래거인 > 사막유목민의 폐허 중앙 포탈
아스완
아스완 잡몹
길라잡이 > 아스완 > 오른쪽 포탈 서늘한 복도
황금사원
흰털대장원숭이 / 치명상을 입은 라바나 > 황금사원 퀘스트 진행 중일때만 등장
에델슈타인
안소니 와니 바반 레오나르 > 에델슈타인 퀘스트 미완료
라이언헤드 > 광산가는길2 히든포탈
비상용 경비로봇L >기본공격으로 파괴
헤이븐
↑이렇게 생긴 애들은 수송차/허세로이드 부수면 등록됨
플라잉 레드/블루/옐로우/그린
스올길~블랙헤븐 내부에 등장
빨>파>노>초 순서로 리젠되므로
다 등록될때까지 스킬 꾹
에레브
신수 > [Lv.125 에레브에서의 변고] 퀘스트를 진행하지 않은 캐릭터로 에레브 접속
혹은
리프레 서쪽 숲 히든포탈
(입장 조건: 아르테리아 퀘스트를 완료한 캐릭터)
나인라트 히든 일러스트 해금 >
[Lv.125 에레브에서의 변고] 퀘스트를 진행하지 않은 캐릭터로 에레브 입장
*에레브
시그너스 이외 직업군의 경우
여기서
이 퀘스트를 깨버리면
에레브 이동시 신수 없는 에레브로 이동됩니다
신수 없는 에레브에서는 나인하트 히든 일러스트 등록과 신수 등록이 불가능합니다"
https://www.inven.co.kr/board/maple/2304/46261,기타,10/23 업데이트 신규/변경 사항 요약,,2025-10-23 17:29,14929,11,"[수정/추가 사항]
1. 본문으로 갱신하였습니다
2.
월드 아카이브 : 이벤트 아니고 상시 콘텐츠이므로 급하게 하실 필요 없습니다
----------
안녕하세요
이 글은 오늘 업데이트의 신규/변경 사항 등을 모은 것입니다
빠뜨리거나 잘못 적힌 부분은 말씀 부탁 드립니다. 오늘은 바로바로 수정이 어려우나 최대한 하겠습니다. 그리고 추가할 만한 변경/신규 사항이 있을 시 알려주시면 추가하겠습니다
이번 업데이트 관련 자세한 내용이 필요하신 분들은 글 맨 아래의 링크 글을 참고 부탁 드립니다
★캐시 업데이트 관련 사항★
1. [~11/19]로얄 스타일 업데이트 : 스라벨&신규 코디 :
https://maplestory.nexon.com/News/CashShop/Sale/570
▶ 로얄 스타일 전체 목록 :
https://www.inven.co.kr/board/maple/5974/5819108
2. [~11/19 : 할로윈 부티크 기프트] :
https://maplestory.nexon.com/News/CashShop/Sale/571
▶ 교환 가능 품목 자세히 보기 공식 페이지 :
https://maplestory.nexon.com/news/popup/13
- 본섭 오면서 변경된 사항 : 스켈레톤 마스크 선택권 요구 개수 30개 -> 15개
3. [~11/20 점검 전 : 프리미엄 헤어&성형 쿠폰] :
https://maplestory.nexon.com/News/CashShop/Sale/569
4. [상시 : 초이스 헤어&성형 쿠폰] :
https://maplestory.nexon.com/News/CashShop/Sale/568
5. [~1/16 : 코디 패키지 업데이트] :
https://maplestory.nexon.com/News/CashShop/Sale/567
1) 가을 낭만 패키지
2) 스노우 패키지
3) 냥냥 집사님 패키지
4) 가지가지 패키지
5) 부들부들 패키지
6. [~11/19] 와헌 리마스터 기념 펫 판매 : 이벤트 보상과 동일합니다
★주요 신규&변경&유의 사항★
1. [스킬 조정] 관련 : 본섭 오면서 변경된 사항 게시글 링크
▶
https://www.inven.co.kr/board/maple/5974/5818316
2. 월드 아카이브 관련 사항
1) 전구에서 월드 아카이브 프로젝트 퀘스트 완료해야 오픈(1분 걸림)
2) 본섭 오면서 아카이럼 / 리나(미래의 문) 추가되어 총 개수 1397개 -> 1399개
- 이에 따라 최종 보상(1250개) 여유 개수는
149개에 더 시드 67개를 제외하면 82개로 변동
3) 이벤트 아니고 상시 콘텐츠이므로 급하게 하실 필요 없습니다
3. 와헌 출석 이벤트 보상 중 일루전 링 : 아실리 관련 사항
- 일루전 링 : 아실리(L)의 경우 본섭의 릴리즈와 공식 이벤트 소개에도 안 보이므로 아무래도 히든 미션으로 지급될 가능성 높으니 원하시는 분들은 미리미리 출석체크 해두시는 게 좋을 것 같습니다
4. 이벤트 관련
- 빅토리아 어드벤처 : UI에 경험치 받은 횟수 확인 추가
- 아지트 스탬프 : 코인 개수 UI의 x 버튼 누르면 게임 재접속 시까지 꺼짐
▶ 10/23(목) 업데이트 메할일 / 월드 아카이브 / 각 이벤트의 자세한 보상 등 정리 :
https://www.inven.co.kr/board/maple/2304/46239
----------
3추만 보내주시면 감사드리겠습니다"
https://www.inven.co.kr/board/maple/2304/46260,지역,월드 아카이브 공략,,2025-10-23 16:06,54764,32,"인물(NPC) 파란색
몬스터 빨간색
헤네시스
릴리
- 프렌즈스토리 진행
프로드
- 펫산책로 정상
커닝타워
디아, 사피, 루비, 페리, 아미
- 퀘스트 진행 이후 '펜트하우스' 맵
락 스피릿
- 퀘스트 진행 이후 '펜트하우스' 맵 오른쪽 '수상한 기타'를 통해 이동
엘리니아
루이스
- 인내의 숲 퇴장 NPC
테마던전 (엘리넬, 엘로딘, 골드비치, 리에나 해협)
퀘스트 진행 필수
에우렐
랄리크, 크루소, 페일
- 260레벨 [Borderless] 퀘스트 진행 이후 가능
노틸러스
젖소, 그리드, 불독, 유타, 애나
- '헤네시스 북쪽언덕' 또는 '해안으로 가는 길' > '농장 입구' 오른쪽 아래 포탈
루타비스
파이어 임프 외 3종
- 루타비스 가운데 알리샤가 있던 자리를 통해 '방치된 정원' 이동
폐광
아몬
- 자쿰 퇴장 NPC
아우라
- 자쿰퀘 1단계 (아도비스 - 폐광 동굴을 조사하러 떠난다.)
알리
- 자쿰퀘 1단계 입장 후 파티 탈퇴
리라
- 자쿰퀘 2단계 완료 (아도비스 - 자쿰 던전을 탐사한다.)
파이어봄
- 시련의 동굴2 왼쪽 용암으로 위치 변경됨
루디브리엄
네르
- 루디 펫 산책로 중간에서 대화 가능
아랫마을
햇님이 어머니
- 아랫마을 퀘스트 진행
청나라 사공
- 아랫마을 퀘스트 진행 이후 까막산 골짜기 왼쪽 아래 히든 포탈 '인당수' 맵
리프레
네스트골렘
- '망가진 용의 둥지' 에서만 등록 가능
레비아탄
- 와이번의 협곡 맨 아래 왼쪽 덤불을 통해 '레비아탄의 협곡' 맵
무릉
무공
- 아란 30렙 캐릭터 생성 후 아란 전용 스토리 퀘스트 진행
(이 외에도 각종 퀘스트 진행 중에 만날 수 있음)
황금사원
흰털 대장원숭이, 치명상을 입은 라바나
- 퀘스트 진행 중에 가능
(라바나 역시 이름이 '치명상을
입은 라바나'이므로 스토리 전용)
아리안트
수상한 남자, 아레다
- 개편된 니할사막 퀘스트 완료 시 등장하지 않음
모래거인
- '사막유목민의 폐허' 가운데 포탈
아스완
블러드투스, 스켈레톤 스피어나이트
- 아스완 피난처(마을)에서 사냥맵으로 이동 가능
미래의 문
기억하고 있는 자
- [황혼의 페리온] 퀘스트 진행 이후 파괴된 여섯갈래길 슬리피우드 포탈 '꿈의 뒤편'
리나
- 파괴된 헤네시스 중앙 '리나의 집'
에델슈타인
반
- '광산 입구' 맵의 NPC. [레벤 광산] 퀘스트 진행 시 사라짐
레벤광산
비상용 경비로봇L
- '발전소 보안대' 맵 기계를 일반공격해 맵이동
기계무덤
길거리의 네모로이드
- 사진 빨간색 1,2,3
※ 참고
몬컬은 '이름'만 같으면 등록되는 시스템이었다면,
월드 아카이브는 특정 소스 코드의 오브젝트가 등록되는 시스템으로 추정됩니다.
예를 들어,
기계무덤의 '감시 중인 네모로이드'나 '길거리의 네모로이드'처럼 하나의 코드 객체를 복붙해 둔 경우 동일한 오브젝트로 인식되어 아무거나 클릭해도 등록됩니다.
또한, '망가진 용의 둥지'와 '위험한 용의 둥지'의 네스트골렘은 서로 다른 코드의 오브젝트이므로 월드맵 검색 시 두 개의 객체가 표시되며, 월드 아카이브에는 망둥 출현 네스트골렘만 등록됩니다.
https://www.inven.co.kr/board/maple/2304/46253
[월드아카이브] 히든 일러스트 해금 조건
궁금하신거 댓글달아주세요"
https://www.inven.co.kr/board/maple/2304/46253,퀘스트,[월드아카이브] 히든 일러스트 해금 조건,,2025-10-23 08:41,42728,20,"등록 조건 : 해당 npc
앞에서
채팅 혹은 아이템 사용하기
헤네시스 궁수 교육원 - 헬레나
스승님, 제 활은 결코 흔들리지 않습니다
.
페리온 - 전사의 성전 - 주먹쥐고일어서
전설을 뵙습니다.
페리온 - 만지
발록과 싸운 얘기해주세요.
엘리니아 마법도서관 - 하인즈
마법의 힘은 위대합니다.
여섯갈래길 - 루크
어머니에게 깜짝 선물 드렸어?
커닝시티 재즈바 - 다크로드
이제 당신의 뜻을 깨닫습니다
노틸러스 항해실  - 카이린
우리의 항해는 멈추지 않는다.
에레브 - 시그너스
:사랑해:
(이모티콘)
에레브 - 나인하트
나인하트의 경우 에레브에서의 변고 퀘스트를 수행하지 않은 캐릭터로만 가능합니다.
(맵에 신수가 있는 에레브에서만 가능)
:후덜덜:
(이모티콘)
엘나스 - 알케스터
알레리아
의 영약
사용
엘나스 장로의관저 - 타일러스
당신들의 모험을 이어가겠습니다.
루디브리엄 - 보좌관 티군
옛날에 정말 모험가였어?
리프레 사제의 숲 - 하르모니아
요즘 어떻게 지내요?
무릉 - 도의진
연금술을 공부
한 적이 있어요?
아리안트 - 아리안트궁전 <왕의방>(퀘스트 클리어 전) /아리안트 마을 (퀘스트 클리어 후) - 셰헤라자드
요즘 어떻게 지내?
에델슈타인 지하광장 - 벨
날씨가 좋네요.
에델슈타인 지하광장 -
지그문트
수면안대가 멋지세요."
https://www.inven.co.kr/board/maple/2304/46239,기타,[10/23~]패치후 메할일&바뀌는것들 요약+@ : 주의사항 등 : 카밀라 상점 미리보기,,2025-10-21 00:57,85585,65,"[수정/추가 사항]
1.
-----------------------------
안녕하세요
이 글은 10/23(목) 진행되는 업데이트의 중요한 내용들을 각 테마별로 빠르게 확인하실 수 있게 한 글입니다
잘못 적힌 부분은 말씀해 주시면 감사히 수정합니다
[목차]
1. 수요일 종료되는 사항들
2. 점검 전 주간 보스+@ 해도 돼요?
3. 패치 후 추가 메할일 체크
4. 캐시 관련 사항
5. 신규 이벤트 핵심 사항
6. 주요 신규&변경&개선 사항들
7. 11월 업데이트 관련 사항
▶ 이 글의 내용은 테스트 서버 기준으로 정식 서버 업데이트 시 변동 혹은 변경될 수 있습니다
▶
10/23(목) 점검 예정 시간 : 2시~9시
★10/22(수) 23:59 종료되는 사항들★
1. <버닝 BEYOND> : 이벤트 참여&보상 수령
2. <록 스타 돌의 정령!> : 이벤트 참여&보상 수령&히든 미션 수행
- 히든 미션 : 유니온or싱크로이드 착용한 상태로 칠남&칠성과 대화
3. <슈피겔만의 마법 모자> : 상품 판매
★점검 전 주간 보스+@ 해도 돼요?
★
▶ 이번에 고려하셔야 할 것들
1.
강렬한 힘의 결정 가격 조정 적용 : 검은 마법사는 11월부터 적용
2. 테섭에서 예고되었던 스킬 조정(+와헌 리마스터) 적용 예정
3. 아즈모스 협곡 몬스터 HP 상승 패치 적용
4. 신규 이벤트 관련해서는 고려 사항 없습니다 : 기존과 동일
5. 각인 삭제로 인해 패치 후부터는 각인 사용이 불가능하며, 잠재능력이 2줄인 아이템의 경우 재설정으로만 3줄로 만들 수 있는 점
6. 보스 패턴 완화 : 진 힐라/검은 마법사/카링 적용 예정
★패치 후 추가 메할일 체크★
▶ 기존과 동일한 메할일 : [메이플 아지트] 이벤트 전체 : ~11/19
1.
[와일드헌터 리마스터 이벤트 :  SAVAGE] : ~11/19
- 258 이하 와헌으로 하이퍼 버닝 부스터 받아서 사용하고 육성하기
- 와헌으로 매일 레범몬 1천 마리 퇴치 후 일일 출석하기 : 총 10회
- 출석 보상 : 와헌만 수령 가능한 성장 보상 / 모든 캐릭터 수령 가능한 치장 보상
- 10/23 0시 전 생성한 와헌이 있을 경우 패치 후 운영자에게 재규어 라이딩 수령
2. [추가 출석 이벤트 : 카밀라의 가을빛 스토어 ] : ~11/19
- 레범몬 2천 마리 단위로 1주마다 최대 1만 마리 퇴치 후 출석하기
- 개근 출석 시 총 부스터 20개 / 사우나 4개 / 꽃갈피 40개 / 메이플 홈 가구
- 꽃갈피는 카밀라 상점에서 치장 아이템 구매 가능
- 부족한 꽃갈피는 1개 1억 메소에 구매 가능
3. [할로윈 이벤트 : 예티의 밤] : ~11/5
- 미니 게임 참여로 치장 보상 수령 가능
- 2주만 진행되기 때문에 모든 보상 수령을 노릴 경우 1주일에 3일씩 참여해야 함
- 성장 관련 보상은 없으며 순수 재미를 위한 이벤트 입니다
4. [프리미엄 PC방 접속 보상 이벤트] : 10/24(금) 0시~11/20
- 기프트샵은 진행되지 않음
★캐시 관련 사항★
1. 신규 <스페셜 라벨> & 신규 코디 아이템 & 신규 헤어 성형 : ~11/20 점검 전
2. 할로윈 시즌 부티크 기프트 판매 : ~11/19
3. 이하 패키지 재판매 :
https://upload3.inven.co.kr/upload/2025/10/16/bbs/i1626927526.jpg?MW=800
- 가을 낭만 패키지
- 민트 스노우 패키지
- 냥냥 집사님 패키지
- 가지가지 패키지
- 부들부들 패키지
4. 와헌 리마스터 기념 펫 판매 : ~11/19
★신규 이벤트 핵심 사항★
[신규 이벤트 공식 이름과 함께 한 줄로 보기]
1. [와헌 리마스터 이벤트 : SAVAGE] : ~11/19
2.
[추가 출석 이벤트 : 카밀라의 가을빛 스토어] : ~11/19
3. [할로윈 미니 게임 이벤트 : 예티의 밤] : ~11/5
4.
[와일드헌터 리마스터 기념 선물] : ~11/19
5. [프리미엄 PC방 접속 보상 이벤트] : 10/24 0시~11/20
---------------------------------------------------------------------
1. [와헌 리마스터 이벤트 : SAVAGE : ~11/19]
1) 와일드헌터 리마스터 기념 와헌 전용 이벤트 입니다
- 하이퍼 버닝 부스터 : 258 이하 와헌만 1회 수령과 사용 가능 : 다른 캐릭터에 옮기기 불가 : 테라 블링크 있음
- 일일
레범몬
1000마리 출석 : 와헌으로만 참여 가능
2) [교환 불가] 도달한 출석 일수에 따라 260 이상 와헌으로 해당 보상들 메이플ID당 1회 수령 가능
3) [창고 이동 가능] 도달한 출석 일수에 따라 101레벨 이상 모든 직업으로 해당 보상들 메이플ID당 1회 수령 가능
* 일루전 링(L) 아이템도 존재하나 릴리즈에는 관련 내용이 없어 이후 히든 미션 등으로 풀릴 가능성이 있습니다
2. [추가 출석 이벤트 : 카밀라의 가을빛 스토어 : ~11/19]
1) 무난한 요구치의 주간 레범몬 출석 이벤트
- 2천 마리마다 보상 누적 : 꽃갈피 1개 / VIP 부스터 1개
- 주간 최대치 : 1만 마리
- 매주 1만 마리 퇴치 시 추가적으로 해당 보상을 획득합니다 : 꽃갈피 5개 / VIP 사우나 충전권 1개
▶ 1주에 1만 마리씩 4주 개근 시 꽃갈피 총 40개 / 부스터 20개 / VIP 사우나 충전권 4개
2) 1만 마리 퇴치 보상을 3주 수령할 시 메이플 홈 가구 수령 가능
3) 꽃갈피로는 치장 아이템을 구매 가능합니다
- 출석으로 총 40개 획득 가능
- 부족한 코인은 1개에 1억 메소로 추가 구매 가능 : 잘못 구매했을 시 잡화 상점에 되팔기 가능
4) 카밀라 스토어 미리보기
- 트렌디 스토어 :
https://upload3.inven.co.kr/upload/2025/10/23/bbs/i1102448778.png
- 스테디 스토어 :
https://upload3.inven.co.kr/upload/2025/10/23/bbs/i1968266248.png
- 소품 스토어 :
https://upload3.inven.co.kr/upload/2025/10/23/bbs/i1638657321.png
3.
[할로윈 미니 게임 이벤트 : 예티의 밤 : ~11/5]
1) 이벤트 기간 동안 미니 게임에 참여할 수 있습니다
- 빠른 시작으로 매칭 성공 시 1명은 사냥꾼, 4명은 예티로 배정됩니다
- 게임은 낮에서 시작돼 시간이 지나면 밤이 됩니다
- 예티들의 목표 : 낮 시간 동안 살아 남기 / 괴물 예티가 되는 밤에 사냥꾼 죽이기
- 사냥꾼의 목표 : 낮 시간 동안 예티 전부 죽이기 / 밤에 은신처로 도망가기
2) 게임 결과에 따라 사냥 점수를 획득합니다. 단, 파티로 입장할 경우엔 점수와 승리 횟수가 누적되지 않습니다
-
승리 시 500점
- 패배 시 250점
- 스카두르에게 누적 점수 확인 가능
- 2주만 진행되기 때문에 모든 보상 수령을 노릴 경우 1주일에 3일씩 참여해야 함
3) 누적 점수 또는 사냥꾼 승리 횟수에 따라 메이플 ID당 1회 이하 보상들을 수령할 수 있습니다
3. [와일드헌터 리마스터 기념 선물] :
~11/19
1) 10월 23일(목) 오전 0시 이전 생성된 와헌으로 운영자 NPC에게 재규어 라이딩을 받을 수 있습니다
2) 종류별로 메이플ID당 1개씩 수령할 수 있고 창고 이동이 가능합니다
3) 재규어 목록
4. [프리미엄 PC방 접속 보상 이벤트] :
10/24 0시~11/20
1) 접속 시간 보상과 스페셜 이벤트 일람
★주요 신규&변경&개선 사항들★
1. 이번 테섭에서 예고되었던 <스킬 조정> 사항 적용
1) 테스트 서버 공식 릴리즈 :
https://maplestory.nexon.com/testworld/news/all/134
2) 이번 테섭에서 예고된 내용들이 적용 예정이며 변경 사항 유무와 자세한 내용은 패치 당일에 확인하실 수 있습니다
2. 와일드헌터 리마스터 적용
1) 테스트 서버 공식 릴리즈 :
https://maplestory.nexon.com/testworld/news/all/135
2)
리마스터의 방향성 = 간소화
3) 3가지 요소(재규어 탑승, 키다운과 동시에 스킬 사용, 추가타) 특징을 유지하며 쉬운 조작으로 운용 가능하게 하는 것을 목적으로 함
4) 레지스탕스와 에델슈타인의 스토리를 분리하여 개편
3. 콘텐츠 리워드 조정
1) 강렬한 힘의 결정 가격 조정 : 검은 마법사는 11월 1일부터 적용됩니다
- 자세한 수치 :
https://upload3.inven.co.kr/upload/2025/10/16/bbs/i1963193075.png
* 출처 :
https://www.inven.co.kr/board/maple/5974/5780168
★ 보스 수익 계산기 :
https://maple.ygh.kr/crystal
: 패치 이후 이번 패치의 증감량까지 확인 가능
2) 아즈모스 협곡 난이도 조정
- 아즈모스 협곡 (노멀, 하드)에서 등장하는 모든 몬스터의 HP 약 25% 증가
4. [월드 아카이브] 관련 사항 : 상대적으로 라이트한 수집 방식의 신규 도감 콘텐츠
1) 스펙과 상관 없는 도감 콘텐츠이므로 참여 취사 선택 가능하나 손해볼 건 없으니 콘텐츠를 열어 두시는 것은 권장합니다
2) [진행 상황 메이플 ID 공유] 퀘스트 완료한 후부터 월드 아카이브에 NPC와 몬스터 등록 가능
- NPC 등록 방법 : 1회 대화
- 몬스터 등록 방법 : 1회 퇴치 : 파티일 경우 최소 1회 데미지 입혀야 함 : 연습 모드 불가
3) 등록된 대상은 월드 아카이브에서 그와 관련된 설정을 볼 수 있습니다. 이번 업데이트에서는 메이플 월드만 업데이트 되었으며 이후 그란디스와 아케인 리버 업데이트 예정입니다
* 테섭에서 클리어 후 공유해주신 분께 감사합니다
- 조사 설명의 경우 기존 몬스터 북 설정, 스토리 설정, NPC의 대사, 퀘스트 내용 등을 기반으로 서술돼 있으며 일례로 도로시의 서술은 기존에 존재하던 알리샤의 스테이지 설명을 따왔습니다
5) 특별 기록 관련
- 도감에 등록된 일부 NPC 앞에서 특정 액션을 취할 시 추가적인 일러스트와 설명이 해금
- 단, 이는 등록 개수에 카운트 되지 않음
- 해금되면 해당 NPC의 페이지 밑의 책갈피에서 오픈할 수 있음
▶ 액션 1 - 조사 내용에서 각 NPC마다 다른 볼드체로 된 대사를 각 NPC 앞에서 채팅으로 입력하기
: 하인즈/다크로드/헬레나/카이린/주먹펴고 일어서/만지/루크/벨/지그문트/보좌관 티군/하르모니아(4차 전사 전직 교관)/타일러스(3차 전사 전직 교관)/도의진/셰헤라자드
- 보좌관 티군의 경우
▶ 액션 2 -
알레리아의 영약 먹기
: 알케스터
▶ 액션 3 -
그에 해당하는 채팅 이모티콘 사용하기
: 시그너스/나인하트
4) [메이플ID당 1회] 수집 개수가 250/500/750/1000/1250개에 도달할 때 보상을 수령할 수 있습니다
Q : 보상들 좀 탐나는데 할만할까요?
1) 일단 절대적인 개수가 많기 때문에 n시간의 시간 소요는 불가피합니다
2) 하지만
등록 방식이 확정이기 때문에 프리미엄 텔레포트와 함께 하면 과정 자체의 스트레스는 덜합니다. 오히려 수집이 바로바로 되니 나름의 재미도 있음
3)
1397(전체) - 1250(최종 보상) = 147(여유)
4) 여기서 복병인 더 시드가 67개를 차지하고 있으므로 이것까지 제외 시 여유 개수 80개
- 더 시드를 예전에 하셨던 경우 연습권으로도 일부 등록 가능
-
테마 던전 등 일부는 퀘스트를 진행한 뒤 열리는 맵에서 등록 가능함
▶ 우선적으로 지역 순회하며 본인이 가능한 것들을 순차적으로 싹 도시고 이후 모자를 때 추가적으로 테마 던전 퀘스트 등을 마저 채우시면 무난히 가능할 것으로 보입니다
5. 몬스터 컬렉션 추가
- 챔피언 레이드
- 아즈모스 협곡
- 그란디스
6. 보스 개선 사항
1) 윌 / 검은 마법사 : 일부 페이즈 패턴에 타이머 추가로 직관성 개선
2) 듄켈 / 진 힐라 : 일부 공격 패턴 완화 : 독가스 크기 / 낫 찍기 범위 등
3) 카링 :
https://upload3.inven.co.kr/upload/2025/10/16/bbs/i1753876215.jpg
7. 편의성 등 개선 사항 모음
1) 강화 UI 관련 편의성 개선 : 불편함으로 많이 지적 받던 부분들 개선
- 강화 UI 오픈 시 장비와 인벤토리에 딱 대응해서 열리지 않도록 변경
- 강화 UI 오픈 시 이전에 닫은 위치에서 열리도록 변경되며 이는 PC 단위로 저장됨
- 강화 UI 좌측 탭 크기 축소
- 랜덤 수치 상승 주문서 성공 시 상승 수치가 UI에 잠시 표기됨 등
2) 각인의 인장 시스템 삭제
- 잠재능력 부여 시 3줄 확정 부여
- 점검 후부터 2줄인 아이템의 경우 재설정 시 3줄로 변경됨
-
보유하고 있는 각인의 인장은 사용 시 기존 성공 확률에 비례(하여 교환 불가 파엘로 지급(1%에 1개)
3) 경매장 모루 아이콘 추가
4) 최소화 된 길라잡이 UI가 해제된 상태로 게임 종료했을 때 접속 시 자동 출력되지 않도록 변경
5) 빠른 이동 단축키 추가
6) 아지트 스탬프 아이콘에 UI 끌 수 있는 버튼 추가 - 게임 재접속 이전까지 유지
7)
게임 데이터를 로딩하는 속도가 개선되어 클라이언트 시작 후 더 빠르게 게임에 접속할 수 있습니다.
★11월 업데이트 관련 정보★
1. 11월 정식 서버 업데이트 일자 : 11/20(목)
2. 유력 테스트 월드 오픈 일자 : 11/13(목)
3. 10월 업데이트보다는 분량이 적을 것 같다고 언급됨"
https://www.inven.co.kr/board/maple/2304/46236,기타,"◆전 직업660ms패치, 점프는 딜로스일까? (점프직업 ver)◆",,2025-10-20 18:03,19777,32,"안녕하세요
?
스카니아에서 섀도어를 육성중인 소블
(
루웽
)
이라고 합니다
.
먼저
,
저는 섀도어 직계에서 섀도어 공략 및 업데이트 요약을 작성하고 있습니다
.
오늘 글은 왜 이번 딜레이 패치가 점프직업에게 불리하고 딜로스패치라고 불리는지 한번 알아보겠습니다.
글의 순서는 다음과 같습니다
.
0.
메이플 점프 체공 시간은 몇 초 일까
1.
왜 점프직업은 실전딜 너프일까
2.
점 평
–
덥
(
플
)
평
마무리하며
----------------------------------------------------------------------------------------------------------
0. 메이플 점프 체공 시간은 몇 초 일까
오늘의 주제에 대해 알기 위해선 메이플 점프에 대해 알아야 합니다
.
0.1
메이플의 물리엔진에서 점프
메이플의 물리엔진은 점프 및 낙하계산은 현실의 운동방정식을 기반으로 계산됩니다
.
다만 거리대신
px,
시간은
s
단위를 사용하고 해당 값은 위컴알
: Map.wz/Physics.img
에서 확인할 수 있으며 다음과 같습니다
.
jumpSpeed (
점프 초기 속도
) = 555 px/s
gravityAcc (
중력 가속도
) = 2000 px/s²
fallSpeed (
낙하 최대속도
) = 670 px/s
여기서 인게임 점프력
123%
를 곱하면 점프 초기속도는
jumpSpeed = 555 px/s * 1.23 = 682.65 px/s
따라서 점프 후 착지 까지 걸리는 시간은
0.68265
초입니다
.
0.2
실제 점프 시간
실제 관측결과가 다음과 같으므로 위 계산 결과가 거의 맞다고 보고 글을 이어가 보겠습니다.
--------------------------------------------------------------------------------------------------------------------------
1. 왜 점프직업은 실전딜 너프일까
점프시간이
0.68265
초 이므로 편의상
683ms
로 계산하고 주력기는 아니지만 이미 패치를 받은 스킬 중 부캐로 육성중인 메카닉 스킬을 예시로 들어보겠습니다
.
이번 패치에서 운영자는
주력기 딜레이가 줄으면 주력기 횟수가 늘은만큼 딜을 깎아야 한다
고 하여 대부분의 직업이 딜을 같이 빼앗겼습니다
.
근데 이게 과연 옳은 계산일까요
?
참 웃기죠
?
딜레이를 줄였다고 꾸역 꾸역 딜을 깎아 가져갔는데 막상 인게임 에서는 점프공격이
4
번 누적될 때 마다 스킬
1
번 딜이 꽁으로 날라갑니다
.
분명 허수아비와 계산기로 딜 계산을 했을 때는 딜레이 줄인 만큼 딜 너프를 하니 딜이 같았을 텐데 말이죠..
-----------------------------------------------------------------------------------------------------------------------
2. 점 평 - 덥(플) 평
이러한 와중에도 유저들이 찾아낸 방법은 바로
점 평
–
더블점프
(
플래쉬점프
)
평
스킬 딜레이가 끝나는 시점에 다시 점프를 섞어서 딜로스를 최소화 하는 방법을 찾아내긴 합니다.
아래 영상자료를 참고하시면 이해가 쉽습니다
.
진격캐넌님 유튜브 신궁체험
6:46
초
https://www.youtube.com/watch?v=Q9N3TvMlBaY
?
이상하지 않나요
분명 전투경험 개선
,
실전과 허수 딜 괴리를 줄이는 패치라고 설명 들었는데
똑같은 딜을 유지하기 위한 보스 난이도가 급격히 높아
졌습니다
.
----------------------------------------------------------------------------------------------------------------------
마무리하며
이번 패치는 전투경험개선 이라는 말을 사용하기에 참 부끄러워해야 한다고 생각합니다.
그냥 무지성 딜레이 660ms패치 로 밖에 보이지 않네요..
11월에 추가로 부족한 개선을 한다고 하니 잘 되길 기다려보는 수 밖에 없겠네요.
--------------------------------------------------------------
저는 평소에는 직업게시판에서 섀도어 관련 정보글,업데이트 요약글을 작성하고있지만 생각나면 팁게에도 글을 작성하고있습니다.
재획하면서 심심하시다면 한번 읽어보시면 좋을것 같습니다.
⭐️2분 주기와 쿨뚝메타, 시드링에 대하여⭐️
https://www.inven.co.kr/board/maple/2304/43854
다른 섀도어 관련 정보가 궁금하신분은
⭐
섀도어 정보글 포탈
⭐
https://www.inven.co.kr/board/maple/2297/306383
에서 확인하실 수 있습니다
.
섀도어 항상 화이팅입니다
.
--------------------------------------------------------------
참고자료
메이플스토리 물리엔진에 대한 정보
https://mapleref.fandom.com/wiki/Physics
진격캐넌님 유튜브 신궁체험
6:46
초
https://www.youtube.com/watch?v=Q9N3TvMlBaY"
https://www.inven.co.kr/board/maple/2304/46206,기타,10/16 테섭 신규 이벤트&변경점&캐시&라방 요약 정리,,2025-10-17 09:07,26424,18,"[수정/추가 사항]
1. 본문으로 갱신하였습니다
-----------------
안녕하세요
이 글은 10/16 진행된 테섭의 내용을 간략히 정리한 것입니다. 라
이브에서 나온 주요 내용들도 포함했습니다
누락
된 혹은 잘못 적은 부분은 말씀해 주시면 감사히 수정하겠습니다
--------------------
▶ 이 내용들은 본섭 적용 시 변동 혹은 변경될 수 있으며 10/23(목) 업데이트 적용 예정입니다
[목차]
1. 캐시 관련 사항
2. 주요 변경 사항
3.
신규 이벤트 관련 사항
★캐시 관련 사항★
1. 신규 스라벨&코디&헤어성형
2. 할로윈 시즌 부티크 기프트 판매
3. 재판매 상품
★주요 변경 사항★
1. 스킬 조정 사항 :
https://maplestory.nexon.com/testworld/news/all/134
1) 지난 패치에 대한 후속 조치 코멘트
- 루미너스/아크/소울마스터 : 추가적인 조정
- 히어로 : 의도하지 않은 딜 사이클이 발생한 것 바로잡음
- 바이퍼 : 마이너 패치를 통한 패치에서 의도보다 성능이 낮아진 부분 보완
- 공통 사항 : 어퍼 차지 공격 판정 제거
- 공용 스킬 HP 소모 패치 누락된 스킬들 추가 적용
2) 일단 일단락된 3개월 간의 스킬 조정 패치에 대한 소회 : 이 부분은 아무래도 민감한 부분이니 만큼 최대한 줄이지 않고 적었습니다
- 3달이라는 상대적으로 긴시간에 순차적으로 나누어 스킬과 관련된 수정 작업을 해 보았다. 8월달에 처음 시작할 때 말씀 드린 것처럼 기간을 넉넉히 잡고 나누어 진행을 하면 변경폭이 좀 크더라도 안정적으로 할 수 있을 거라 생각했다. 그런데 이번 스킬 작업들은 진행하면서 보내주시는 여러 의견과 질책들을 잘 들으면서 잘 살펴보았고 3개월이라는 시간이 부족했다는 생각을 하게 됐다. 단기간에 제 역량을 벗어나는 시도였다는 생각을 했다. 물론 처음 말씀 드린 것처럼 공격 속도 평준화, 조작감 개선을 통해 보스 패턴에 잘 대응하게 하고 이상과 실전의 괴리를 줄이는 등 방향성에 관해선 공감해주실 거라 생각한다. 다만 의도와 방향성이 제대로 구현해내는 데 필요한 시간과 역량은 크게 잘못됐다고 판단한다. 특히 패치 직후에 발견되는 여러가지 오류, 긴급 수정 사항 등을 경허하면서 오랜만에 저와 조직에 대한 냉정한 반성을 해볼 수 있었던 시간이었다. 의도가 좋았더라도 결과물로써 전달이 되는 것이기 때문에 그것이 의도를 충분히 담아내지 못했다고 한다면 의미가 없다는 것을 오랜만에 깨달았다. 한편으로는 제가 막연하게 패치를 많이 하는 것에 꽂혀 있던 게 아닌가 생각했다. 물론 많이 하는 것도 중요하나 그게 패치의 결과물의 퀄리티에 대한 것을 커버해주는 게 아니란 걸 느꼈다. 정리하자면 3개월의 밸패는 의도는 좋았지만 결과물로 전달드리지 못했던 것 같다. 이후 어떤 패치가 됐든 부족한 점이 분명히 있을 수 있다고 생각한다. 그런 것들을 발견하고 고쳐 나가는 메이플스토리가 되겠다. 그간 다소 불안정한 서비스를 제공해 드린 것에 대해 방송을 시작하면서 사과 드린다
2.
와일드 헌터 리마스터 :
https://maplestory.nexon.com/testworld/news/all/135
- 8월달에 스킬 조정 패치 과정에서 와헌의 경우 매커니즘의 변화를 가져오기 위해 이펙트와 구조적인 면도 변경이 필요하다고 생각되어 리마스터 결정
- 리마스터 방향성 : ""간소화""
- 몇 안 되는 라이딩 직업이자 동시에 궁수와 재규어를 같이 조종하는 형식으로 복잡한 구조를 띄고 있음
- 앞으로 추가될 전투 콘텐츠를 고려했을 때 필요하다고 생각되어 진행
- 기본 정체성 3가지 요소 보존 : 재규어 탑승/키다운과 동시에 다른 스킬 발동/어나더바이트로 대표되는 추가타
- 라이딩 탑승을 표준 사양으로 맞춤
​
​
- 주력기와 여러 스킬을 함께 사용하는 경험 개선
- 와헌의 컨셉이 매력적이나 플레이 난이도가 높아 상대적으로 유저 수가 적다고 생각되어 간소화를 목적으로 진행함. 유니크한 컨셉의 와헌이 조작적으로 많은 분들이 쉽게 접하는 직업으로 탈바꿈해서 많은 유저들이 즐기게 되기를 바람
- 레지스탕스 스토리 개편 : 에델슈타인 / 레지스탕스 스토리 분리
3. 아즈모스 협곡 조정
■ 아즈모스 협곡 (노멀, 하드)에서 등장하는 모든 몬스터의 HP가 약 25% 증가됩니다.
■ 아즈모스 협곡 (노멀, 하드)의 각 스테이지의 권장 전투력이 조정됩니다.
4. 강렬한 힘의 결정 가격 조정 : 자세한 수치 -
https://www.inven.co.kr/board/maple/5974/5780168
1) 관련 코멘트 : 위의 밸패와 동일한 이유로 상세히 적습니다
- 이번 10월 패치를 통해 결정석과 아즈모스 포인트(메소 리워드)가 현재 시점의 콘텐츠 난이도에 맞게 조정이 될 예정이다. 지난 4월달에 비슷한 조정을 했는데, 꾸준히 새로운 업데이트를 하는 게임이다 보니 각 콘텐츠의 난이도가 항상 일정하지 않다. 이 난이도가 자연스럽게 쉬워지는 구조를 취할 수밖에 없고, 그런 상황에서 저희가 꾸준히 조정을 하지 않으면 게임의 경제적인 측면의 근간이 흔들려 면밀히 관찰 후 항상 필요한 시점에 조정하고 있다. 이번 6월 어셈블 업데이트 이후에 메소 생산량 추이를 자세히 살펴본 결과 현재 시점에서 리워드 조정을 해야겠다고 판단을 했고, 그 결과 이번 업데이트가 이루어졌다.
6월 이전까지는 안정적인 추이이나 6월 어셈블을 기점으로 매우 가파르게 상승했다. 이것은 물론 저 시점에 많은 용사님들이 찾아 주신 것도 있으나 개선된 챌린저스 월드, 패스, 어센트 스킬을 통해 허들이 낮아진 면이 있고, 최초의 대적자 등의 요소가 작용했다
맨 위의 선이 보스 결정석이 생선하는 수치이며 가파르게 상승하는 것이 사실이다
초록색으로 표현된 부분이 소위 검밑솔 라인의 보스인데 그 구간이 매우 가파르게 증가한 것을 보실 수 있다. 그리고 위의 보라색, 이지 칼로스 이상의 보스의 경우에도 어셈블 이전과 비교해봤을 때 상승세가 크다. 이에 더불어 여름 업데이트 직전 주와 현재 시점의 지표도 가져와 보았다
어셈블 업데이트 이전에는 보시는 것처럼 노멀 듄켈 이하가 50%의 퇴치량을 차지하고 있었는데 현재 시점에서는 하드 데미안~하드 진힐라만 단독으로 봐도 50%을 차지하는 것을 보실 수 있다. 보라색 구간도 상당히 증가하였다
정리하자면 이번 어셈블 업데이트를 기점으로 하드 스우/데미안 이상 보스의 접근성이 굉장히 좋아졌고, 소위 말하는 검밑솔 라인이 그 중에서도 특히 쉬워졌다는 것을 알 수 있다. 그래서 현재 난이도와 생산량의 추이에 따라 이것에 의해 리워드 조정을 시행하게 되었다
* 카링의 경우 실제 난이도와 위치가 비례하지 않는다는 것을 고려하여 조정함
다계정의 경우 8월부터 제재를 강화하고 있고 굉장히 많은 계정들이 당하고 있다. 10월 들어오기 직전에 확인해 보았을 때는 점차 감소하는 현황을 보이고 있다.
OTP 적용의 경우 일괄 적용을 말씀해 주시는 것 듣고 있는데, 이번에 제재된 계정들의 80%정도는 이미 OTP를 이용하고 있는 상태였다. 이런 상황에서 그들에게 OTP를 요구하는 게 높은 허들이 아니어서 일반 유저분들의 불편함을 고려하면 그것이 주는 메리트가 크지 않다고 판단되었다.
+ 심볼세 관련 : 심볼 강화 비용을 낮추는 것은 앞에서 말씀 드린 취지와 모순되는 내용이라 생각된다. 비용을 낮추는 것보다는 강화하는 것의 의미가 좀 더 강화되는 방향에 대해 고민하고 있다. 이후 준비되면 선보여드리겠다
5. 몬컬 등록 가능 몬스터 확장
6. 강화 개선
1) 각인 인장 시스템 삭제
- 3줄 기본 부여
- 보유한 인장은 확률에 비례하여 파워 엘릭서 획득
2) 강화 UI 개선
- UI 크기 줄임
- 강화 결과 채팅창 와리가리 안 해도 되도록 변경
- UI의 위치 기억 고정 : 컴퓨터 단위 고정
7. 월드 아카이브 : 스토리
도감 콘텐츠(스펙과는 관련 없음)
1) 게임을 플레이하며 지역 방문, NPC 대화, 몬스터 퇴치 등의 행동을 통해 자연스럽게 여러 이야기와 설정, 일러스트가 아카이브에 저장됨
2) 메이플 ID 단위
3) 각 지역, NPC, 몬스터의 설명을 수집할 수 있음
4) 특별한 조건 달성 시 히든 일러스트 수집 가능
5) 이번에는 메이플 월드 쪽만 추가됨, 이후 그란디스와 아케인 리버 추가 예정
6) 보상 아이템들
8. 보스 패턴 개선
1) 윌/검은마법사 타이머 추가
2) 듄켈 피격 판정 개선
3) 진 힐라 낫 찍기 피격 판정 개선 / 독가스 생성 범위 조정
4) 카링 / 스토리 모드 최초의 대적자 난이도 완화
:
https://upload3.inven.co.kr/upload/2025/10/16/bbs/i1753876215.jpg?MW=800
9. 이벤트 스탬프 UI 끌 수 있는 버튼 추가
★신규 이벤트 관련 사항★
1. PC방 이벤트 관련 사항
2. [와일드헌터 리마스터 이벤트] SAVAGE : ~11/19
1) 와일드헌터로 참여 가능
2) 하이퍼 버닝 부스터의 경우 와일드헌터만 수령과 사용이 가능합니다
3) 와헌으로 매일 레범몬 1천 마리를 잡고 출석할 수 있습니다
4) 와헌 전용 보상
5) 모든 직업 보상
* 칭호는 옵션 x
3. 카밀라의 가을빛 스토어 : ~11/19
1) 2000마리 퇴치마다 VIP 부스터와 꽃갈피(코인) 1개를 획득할 수 있습니다
- 1주마다 총 1만 마리까지 가능
- 1만 마리 퇴치 시 사우나 이용권 1개와 코인 5개 추가 획득
+ 가을 꽃갈피는 추가적으로 1개에 1억 메소로도 구매 가능합니다. 최대 400개까지 구매 가능합니다
2) 코인으로 치장 아이템을 구매할 수 있습니다
- 착샷의 경우 이후 글에서 가능하면 추가하겠으나, 재탕되는 것들이기도 하고
https://meaegi.com/dressing-room
에서 치장 아이템의 경우 웬만한 것들은 확인 가능하십니다
3. [할로윈 이벤트] : 예티의 밤 : ~11/5
1) 4명의 예티와 1명의 사냥꾼 매칭 : 술래잡기 순수 재미 게임
- 예티는 숨는 스킬을 이용해서 숨어야 함
- 사냥꾼은 플레이어로 예상되는 몬스터를 맞추어 잡아야 함
- 밤이 되면 예티들은 거대화 되고, 사냥꾼은 은신처로 도망가야 함
- 내부적으로 플레이해본 결과 꿀잼이라고 함
2) 보상은 치장 아이템만 존재
4. 이번 주 썬데이 메이플 : 미라클 타임
-----------
3추만 보내주시면 감사드리겠습니다"
https://www.inven.co.kr/board/maple/2304/46201,몬스터,보스 몬스터 패턴 변경점,,2025-10-16 19:51,37049,15,"기존의 공격 범위는 회색 사각형으로 표시했습니다.
패턴의 명칭은 현재 패치노트를 따릅니다. 기존의 패치노트와 일치하지 않을 수 있습니다.
1. 듄켈
​
​
올려치기: 후방 범위가 75px 감소했습니다.
​
​
​
전진형 수평 베기: 전방 범위가 150px 감소했습니다. 단, 공격 시점은 네트워크 상태의 영향을 받습니다.
2. 진 힐라
​
​
낫 내려찍기: 전방 범위가 180px, 후방 범위가 296px 감소했습니다.
​
​
독가스: 반지름이 최대 300px로 증가하는 패턴과 최대 240px로 증가하는 패턴에 대해, 상한이 200px로 일괄 조정되었습니다.
3. 카링
​
​
혼돈 - 할퀴기: 선딜레이가 0.72초 증가하여 1.20초가 되었습니다.
​
​
​
흑운 전개: ​선딜레이가 0.58초 증가하여 1.30초가 되었습니다.
​
​
​폭주한 카링 - 수라: 안전 지대의 전방 범위가 24px, 후방 범위가 9px 증가했습니다.
죽음을 두른 궁기 - 풍압방출 패턴의 기절 상태 이상이 삭제되었습니다.
죽음을 두른 도올 - 심판 패턴의 기절 지속 시간이 1초로 감소했습니다."
https://www.inven.co.kr/board/maple/2304/46178,전문기술,쓸뻥론) 정말 손해일까? 메이플 유저 99%가 모르는 사실,,2025-10-10 13:12,52553,17,"​
​
​
​
마지막에 결론 있음!!!
밑의 하이퍼 바디 팁글 보면 댓글에 쓸뻥 꺼지고 켜질때마다 ""포션쿨 날린다, 체비뎀 맞아 죽는다""라는 댓글이 있어서 실험해봤는데
(화질구지긴 한데) 보다시피 스킬로 HP 소모할 때 펫 자동물약 사용 ON 해놓고 펫포션 95%​ 해놓고 (버그있어서 95%적용인지 90%적용인지 모르지만 아무튼 차이없음)
펫버프에 쓸뻥만 넣어놓은 상태에서 꺼지고 켜졌을때 포션개수가 줄어들지 않은것을 확인할 수 있음.
이론상이라면 (쓸뻥이 켜진 체력을 100%이라고 놓았을때)
쓸뻥 켜져있음-현재체력100% 최대체력100%
쓸뻥 꺼짐-현재체력71% 최대체력71%
쓸뻥 켜짐-현재체력71%-100(쓸뻥 사용 코스트) 최대체력100%
현재체력이 최대체력 대비 95% 이하로 내려갔으니 포션 마셔서 풀피
로 가야되는데 포션 개수가 줄어들지 않았고 쓸뻥 코스트인 체력 100만 달아있는걸 볼수 있음
그렇다면
쓸뻥 켜져있음-현재체력100% 최대체력100%
(펫버프 한정) 쓸뻥 꺼지는 순간 없이 바로 이어짐-현재체력100%-100 최대체력100%
라는 것을 알 수 있음
(진힐라에서도 실험해봤는데 꺼지고 켜졌을때 쓸뻥 코스트인 체력 100만 달음)
결론)
펫버프에 쓸뻥을 넣어놓으면 4분마다 포션쿨 낭비?
NO!
쓸뻥이 꺼졌다 켜지는 타이밍에 30% 체비뎀 피격?
NO!
※참고로 수동으로 끄면 켜지는데 딜레이가 있어서 위의 상황을 직격타로 맞으니 주의※
수동으로 끄는 상황은 세렌 게이지 뺄때와 같이 죽을것 같은 상황에서 추천
진짜 결론) 그러므로
쓸뻥을 펫버프에 넣어둔다면
MP가 부족한 직업이나 고정 HP를 사용하는 스킬이 있는 직업(쓸만한 스킬이 전부 고정 HP 소모이기 때문에 미미하지만
모든 직업
)
에게 이득
이라는 사실을 알 수 있음
옛날에는 HP 5% 소모라서 넣는게 무조건 손해였지만 이제는 손해가 아니라는걸 알려주고 싶었음
옛날에 손해라서 펫버프에 등록하지 않은 사람이라면 지금 쓸만한 하이퍼 바디를 펫버프에 넣어놓으면 어떨까?
+ 추가) 댓글에 쓴대로 쓸뻥은 쓸만한 스킬 뿐 아니라
""에르다 노바, 에르다 의지, 블링크, 쓸파운틴, 스인미, 크오솔, 바오스, 오라 웨폰, 에테폼, 레투다, 옵드, 다이스, 그여축, 이여축, 블리츠 실드, 콜 마스테마, 판테온, 트랜센던트, 이계의 잔상""
등등 여러 공용스킬의 체력소모를 감소시켜주기에 이득이기도 함!
완벽히 이해했어! 그래서 이제 뭐함?
=
쓸만한 하이퍼 바디를 펫버프에 넣으세요!"
https://www.inven.co.kr/board/maple/2304/46177,몬스터,[1.3MB] 스우 공격 범위 2편: 전 방향 중력구속,,2025-10-10 01:21,47835,14,"나무위키에 ""전 방향 중력구속으로 나타나는 패턴은 9가지가 있다.""를 작성한 사람으로서, 마무리를 지으러 왔습니다. 연두색은 스우의 히트박스이고, 주황색은 어둠의 기운의 공격 범위입니다. 여기서 스우는 왼쪽을 바라보고 있으며, 오른쪽을 바라볼 경우 히트박스는 27px 왼쪽으로, 어둠의 기운의 안전지대는 10px 왼쪽으로 이동합니다.
스우의 가로 길이는 243px이며, 이동 스킬을 사용하고자 할 경우 이 값과 비교하면 됩니다.
0번 프리셋
1번 프리셋
2번 프리셋
3번 프리셋
4번 프리셋
5번 프리셋
6번 프리셋
7번 프리셋
8번 프리셋
그리고 이걸 다 합치면
스우 위치의 공중과, 500px 좌측 지상에 무적존이 하나씩 생깁니다.
다른 보스
스우 1편
/
2편
진 힐라
검은 마법사
​
선택받은 세렌
감시자 칼로스
최초의 대적자 1편
/
2편
카링 1편
/
2편"
https://www.inven.co.kr/board/maple/2304/46133,기타,[10시 시작]한글날 신규 이벤트 정리 & 10월 테섭 등,,2025-10-01 23:59,34095,15,"[수정/추가 사항]
1. 본문으로 갱신하였습니다
2. 한글날 히든미션 : 훈장 착용하고(외형X) 차원의 도서관 원숭이 -> 엘리니아 마법도서관 오른쪽 위의 도감과 대화 시 한글날 뎀스 선택권 지급 : 목록은 이전과 같습니다
----------
안녕하세요
이 글은 오늘부터 진행되는 2025년 한글날 이벤트와 같이 보실 만한 내용을 덧붙인 것입니다
빠뜨리거나 잘못 적힌 부분은 말씀 부탁 드립니다
[2025 한글날 이벤트 : 한글의 기운]
1. 진행 기간 : 10/2 10시~10/15
2. 이벤트 수락 후 레범몬 퇴치 시 정해진 확률에 따라 3종류의 자음 뭉치가 드롭되며, 자음 뭉치 획득 시 인벤토리로 들어가지 않고 즉시 UI에 한글의 기운이 누적됩니다
1)
작은 자음 뭉치 : 한글의 기운 1개
2)
자음 뭉치 : 한글의 기운 5개
3)
거대한 자음 뭉치 : 한글의 기운 50개
Q : 대충이라도 드롭률 어떻게 됨????
A : 테섭 안 거치고 온 이벤트라서 이벤트 시작 후 알 수 있습니다
3. 한글의 기운 교환권(=한글의 기운 20개)를 1
000메포로 구매 가능합니다. 구매 제한은 따로 없습니다
4. 한글의 기운을 사용하여 보상인 훈장의 문구를 재설정할 수 있습니다
1) 총 3개의 슬롯이 있으며 원하는 슬롯을 잠그고 돌릴 수도 있습니다(=어빌리티 재설정)
2) 잠근 슬롯의 개수에 따라 소모되는 한글의 기운 개수가 달라지며, 슬롯을 잠그지 않고 재설정할 경우 정해진 확률에 따라 문구가 변경됩니다
- 잠근 슬롯별 소모 기운 개수
4) 슬롯을 잠그지 않고 재설정할 경우, 정해진 확률에 따라 각 슬롯에 해당하는 문구 중 하나로 재설정됩니다
-
같은 슬롯에 속한 문구들 간의 등장 확률은 서로 동일합니다.
-
등장하는 문구 전체
5. UI를 통해 ""훈장""을 수령할 수 있습니다
1) 훈장 UI와 착용 시에 표시되는 문구는 앞서 재설정하신 결과에 따라 달라집니다
- 훈장은 사냥으로 한글의 기운을 10개 이상 획득하고 재설정을 1회 이상 진행한 이후부터 수령 가능합니다
- 메이플 ID당 1회 수령 가능합니다
- 보상 수령 후에도 이벤트 기간 종료 전까지 문구 재설정은 가능합니다
- 훈장 문구가 너무 긴 경우에는 미리보기에서 문구가 생략되어 표시될 수 있습니다
2)
릴리즈 기준으로 명시된 보상은 훈장 하나입니다
[같이 보기]
1. 추석 관련 캐시 패키지 없나요? - 일단 테섭과 릴리즈에는 예고된 내용이 없었습니다. 만에 하나 테섭 안 거치고 나오는 지 여부는 10시에 공지사항 확인하셔야 됩니다
2. 현재 판매 중인 <슈피겔만의 마법 모자> 시즌 2 판매일 : ~10/9 오전 9시 59분까지 / 이후 시즌 1 모자 판매
3. 렌 피규어 당첨자 배송 정보 입력 기한 : ~10/12
-
https://maplestory.nexon.com/News/Event/1203
4. 현재 진행 중인 히든 미션
1) <아지트 듀오> : 메소레인저 화이트 다이아 의상
- 아지트 휴게실의 6명과 각각 총 3일 동안 대화하기
- 등장 NPC는 해당 시간대에 따라 교체 : 0~19분 / 20~39분 / 40~59분
2) <록 스타 돌의 정령> : 명찰/말풍선 반지
- 유니온 로이드 착용 후 아랫마을의 칠성, 칠남과 대화
+ 싱크로이드도 준다고 덧글로 알려주셨습니다
5. 메이플 PC방 티켓 응모 - 10/2 오후 7시 :
https://www.ticketlink.co.kr/product/58717
6. 10월 테스트 월드 관련 사항
1) 10/22(수) 종료 예정 사항들
- <록 스타 돌의 정령>
- <버닝 BEYOND>
2) 정식 서버 업데이트 일자 : 10/23(목)
3) 유력 테스트 월드 일자 : 10/16(목)
4) 예고된 콘텐츠 : <월드 아카이브> : 스펙과 연관 없는 도감 콘텐츠
5) 앞선 메이플 나우에서 10~11월에 재미있는 내용이 있을 것 같다고 언급된 바 있습니다
----------------
3추만 보내주시면 감사드리겠습니다"
https://www.inven.co.kr/board/maple/2304/46131,기타,패치 후 변경된 유니온 챔피언 레이드 TMI,,2025-10-01 18:17,78627,27,"안녕하세요. 엘리시움 296 제논 탑쑨입니다.
지난 유니온 챔피언 레이드 TMI 글에 이어서
이번에 패치로 변경 된 유니온 챔피언 레이드 TMI를
또 다시 작성하게 됐습니다.
이제 4캐릭까지 참여가 가능하니 잘 참고하셨으면 좋겠습니다.
마지막에 간단한 요약본까지 있습니다.
작성하면서 느낀걸로는 이 컨텐츠가 크게 바뀌지 않는 이상
11만점에서 최대 점수로 설계 해놓은 것 같습니다.
(지난 패치전의 챔피언 레이드 점수 상승량을 보면서)
앞으로 캐릭터 추가 될 때마다의 변수가 크게 3가지로 분류 할 것 같네요.
1. 사냥 점수
2. 보스 점수 및 등장 위치(좌측,중앙,우측에서 유동적으로 변동)
3. 한 캐릭당 플레이 가능 시간 : 3분(3캐릭 기준) > 1분40초(4캐릭 기준) > ?(5캐릭 기준)
도움 많이 되시길 바라며, 혹시나 수정할 부분이 있거나
추가로 작성해야 할 게 있을경우
댓글로 작성해주시면 감사하겠습니다.
본인이 작성한 팁게 리스트
1. 제논 에테르넬 세트효과 실험(2024년 마일스톤 업데이트 전후 기준)
https://www.inven.co.kr/board/maple/2304/40948?my=post
2. 2025년 09월 18일 이전의 유니온 챔피언 레이드 TMI
https://www.inven.co.kr/board/maple/2304/45563?my=post"
https://www.inven.co.kr/board/maple/2304/46050,기타,찐막 휴게실 경험치 계산(19일 18시 수정됨),,2025-09-19 10:34,47117,22,"효율적이라고 생각하는 빌드만 가져왔습니다.
부스터를 받을 수 있을 땐 장기를 미루지 않고 바로 부스터 땡기는 게 좋습니다.
고민되면 첫째주는 일단 역동을 찍는 게 좋습니다.
7부스터 빌드 (최고 경험치, 총 183시간 잠수)
1
2
3
4
5
6
7
8
9
합계
1역
1역1장
1역3장
1역4장
1역5장
1역6장
1역7장
1역1간7장
1역1간8장
2.17
2.9512
3.9277
3.6239
4.1664
4.8608
6.788628
7.331718
10.44214
46.26249
3,3,3빌드 선장기 (절충형 43시간 잠수) >수정됐습니다!!
1
2
3
4
5
6
7
8
9
합계
1역
1역1간
1역3간
2역3간
2역3간1장
2역3간3장
3,3,3
3,3,4
3,3,5
2.17
2.3436
2.7125
2.9125
3.961
5.271625
6.55875
8.297813
9.54
43.76779
3,3,3빌드 후장기 (잠수 시간 짧음 40시간 잠수)
1
2
3
4
5
6
7
8
9
합계
1역
1역1간
1역3간
2역3간
3역3간
3,3,2장
3,3,3
3,3,4
3,3,5
2.17
2.3436
2.7125
2.9125
3.125
5.15625
6.55875
8.297813
9.54
42.81641"
https://www.inven.co.kr/board/maple/2304/46047,기타,(최고점)아지트 휴게실 빌드,,2025-09-19 01:19,210409,49,"사진 요약
1. 장기 휴식 레벨을 올리는 주차에는
""모든 시간을 소모""하고
레벨을 올린 후 추가 지급된 시간 또 사용하시면 됩니다.
2. 3주 차에는 3시간 소모 -> 레벨 업 -> 1시간 소모 -> 레벨 업 -> 2시간 소모입니다.
3. 7주 차에는 스킬 먼저 다 올려서 부스트 받고 시간 소진하시면 됩니다.
4. 전기세는 고려 안 했습니다.
==========================================================================
이미 역동적 휴식 외 스킬에 레벨을 올린 경우
(현재까지의)
최고점 대비 효율
==========================================================================
아래는 계산 과정입니다.
코드 계산은 소수점 단위에서 오차 발생이 있습니다. (floating-point error)
엑셀 솔버는 Evolutionary로 해결했는데 엑셀이 이런 비선형적인 문제를 잘 못 풉니다.
* 장기 휴식 레벨을 올려야 하는 주차에 부스트 효과가 달성 가능하다면, 휴식 시간을 언제 소모하는 것이 유리한지에 대한 case가 handling 되어있습니다.
* 한 주에 장기 휴식 레벨을 2번 올릴 수 있는 경우에 시간 소모 빌드를 2번 사용하는 case를 고려하여 수정했습니다."
https://www.inven.co.kr/board/maple/2304/46034,기타,따라만 하면 되는 악몽선경 공략 [영상+간단글],,2025-09-18 15:12,125316,40,"안녕하세요.
이번 업데이트로 추가된 악몽선경 빠르게 클리어 하시는데 도움될까 해서 직접 만든 공략 가져와봤습니다.
글은 영상을 캡처해서 작성한거라 사진 퀄이 조금 안좋아도 양해 부탁드립니다.
-----------------------------------------------------------------------------------------------------------------------------------
인게임에서 전구 클릭 후 [에픽 던전] 악몽 선경으로 퀘스트를 수락하실 수 있습니다.
담당 NPC는 세라자르로 아르테리아에서 진행됩니다
.
던전은 총 7스테이지로 구성되어 있으며, 이전 에픽 던전인 하이마운틴/앵컴에 비하면 낮은 스펙으로도 쉽게 클리어가 가능하도록 디자인 되었습니다.
개인적으론 악몽선경을 직접 클리어하고 앵컴에 퀵패스를 쓸 것 같네요.
먼저 1스테이지 입니다. 몹을 잡아 '선기' 라는 게이지를 채울 수 있는데
1스테이지는 600까지 채워주시면 됩니다
.
이후 맵 상단에
족자 근처로 윗점프 후 상호작용 하시면
사진과 같이 숫자/알파벳이 랜덤하게 생성되는데,
방향에 상관없이 한쪽 방향으로 순서대로 입력하면 됩니다.
맵에 모든 족자를 제거하면 1스테이지 클리어 입니다.
다음으로 2스테이지 입니다. 2스테이지는
맵 중앙에 보스몹이 등장합니다
.
패턴은 밀격
만 사용하기 때문에 딱 붙어서 딜해주시면 좋습니다.
보스를 처치하면 분신을 소환하는데,
꼬리에 장식이 있는 몹이 본체입니다.
본체를 상호작용하면 제거할 수 있으며
두 번 찾아내면 스테이지 클리어 입니다.
3스테이지도 굉장히 쉽게 클리어할 수 있습니다. 1스테이지와 동일하게 몹을 잡아 게이지를 수급하고 족자와 상호작용 하면 됩니다.
다만 3스테이지는
4개가 생성되며 족자를 모두 제거한 후 보스몹이 생성됩니다
.
별다른 패턴이 없어 쉽게 잡을 수 있지만
다음 스테이지에 타임 어택이 있기 때문에 오리진은 아껴주는게 좋습니다
.
다음으로 4스테이지 입니다. 몹을 잡아
게이지를 500까지 채운 후 맵 우측 상단의 근두운에 탑승
해주시면 됩니다.
근두운은 방향키로 조절하실 수 있으며 길을 막는 몬스터와 바위를 피해 반대쪽으로 이동하시면 됩니다.
HP는 캐릭터 머리위 총 5칸으로 몹과 충돌시 -1, 바위와 충돌시 -2 입니다.
바위와 상호작용하면 제거할 수 있는데, 게이지가 무한이기 때문에 길을 막는 바위를 모두 제거하며 이동하셔도 좋습니다.
반대편에 도착하면 보스몹과 조우하게 됩니다.
다만 조우한 시점부터 30초 내에 보스를 처치하지 못하면 반대편으로 도망가기 때문에 시간을 많이 쓰게 될 수 있습니다.
여기서 오리진 사용하는 것을 추천드립니다.
다음으로 5스테이지 입니다. 입장과 동시에 컷씬이 진행되는데
매우 중요한 상호작용이 나옵니다.
컷씬 도중
상호작용키가 활성화 되면,
꼭 상호작용을 진행해 보스를 약화시켜야 쉽게 클리어가 가능합니다.
* 상호작용 시 화면
컷씬이 종료되면 오른쪽으로 이동해 장판을 피해주셔야 합니다.
스우 전깃줄과 비슷하게 피해주시면 됩니다.
이후 보스가 패턴을 시전할때
보스 주위에 검은 기운이 생성됩니다
. 이 타이밍에
상호작용을 하면 보스의 패턴을 캔슬 할 수 있습니다.
성공적으로 캔슬한 경우
GREAT이 출력되며 총 3번 캔슬에 성공하면 보스가 긴 시간 스턴
에 걸립니다.
이 때 극딜 사용해주세요.
패턴 수행 중 보스가 갑자기 사라지면서 맵을 3등분하는 기둥이 생성됩니다.
생성된 순서를 기억했다가 가장 먼저 생성된 기둥부터 피해주시면 됩니다.
성공적으로 피하셨다면 바로
중앙으로 이동 후 중앙에 생성된 금색 보호막 안에서 상호작용
을 준비해주세요.
숫자와 알파벳 중 랜덤하게 생성된 프리토 기믹을 수행해주시면 보스에게 큰 피해를 줄 수 있습니다.
이 후 패턴은 동일하며 보스 HP를 0%까지 깎아주시면 됩니다.
다음으로는 악몽선경에서 가장 까다로운 6스테이지 입니다.
맵 곳곳에 있는
등불 사이에 게이지를 채워주는 구슬이 생성됩니다
. 이 구슬을 먹어 게이지를 수급하면서
SPACE를 이용해 열쇠를 끌어 맵 꼭대기에 도달하면 됩니다
.
한가지 팁은 맵 진입 후 일정 시간동안 맵 기믹이 시작하지 않기 때문에 초반에 최대한 많이 올라가면 좋습니다.
위와 같이 등반을 방해하는 낙하물이 떨어지며 상호작용으로 제거할 수 있지만 여러개가 겹쳐서 떨어지는 경우 게이지가 모자르기 때문에
동선을 좌-중 과 같이 지그재그로 올라가는걸 추천드립니다
참고로 로프 사용시 상호작용이 불가능하니 유의하시기 바랍니다.
낙하물은 미니맵을 이용해 경로를 미리 확인할 수 있습니다.
마지막으로 보스 스테이지 입니다.
맵 진입 시 중앙에 등불이 존재하는데, 상호작용으로 제거 후 보스를 소환할 수 있습니다.
제거 전 게이지를 모두 채워주세요
보스는 생성 직후 쥐를 소환한 후 패턴을 시작합니다.
쥐가 위협적이지는 않으나 땅굴에 숨었다가 유저를 추적해 뛰어오르는 공격을 하며 피격시 경직에 걸리기 때문에 상호작용 타이밍이 꼬일 수 있습니다.
보스는 화면에 랜덤한 위치로 순간이동하며 이전 스테이지와 같이 검은 기운이 생기며 패턴을 준비합니다.
이 때 상호작용으로 패턴을 캔슬할 수 있으며 마찬가지로 세 번 캔슬에 성공하면 긴 스턴을 걸 수 있습니다.
상호작용 범위는 맵 전체기 때문에 보스를 따라다닐 필요 없이 쥐를 피하는데 집중하는게 좋습니다
.
한가지 팁은,
세번째 캔슬이나 HP를 0%로 만들기 전 보스를 바닥으로 유도해 극딜이 새지 않게 해주시는게 좋습니다.
패턴 캔슬에 세 번 성공하거나, HP를 0%로 만들면
보스 HP 하단의 4등분된 족자가 한칸씩 채워지며
4
칸 모두 채우면 악몽선경 던전 클리어 입니다.
생각보다 스트레스나 체력 소모 없이 깰 수 있게 출시되어서 개인적으로 굉장히 마음에 드는 던전이네요.
앞으로 보스/기타 공략들이나 아이템 시세 차트 등을 업로드 할 계획인데,
제 영상이랑 글이 도움이 되셨다면 유튭도 구독 한번씩 부탁드립니다.
감사합니다!"
https://www.inven.co.kr/board/maple/2304/46010,기타,[11/20~] 패치후 메할일&바뀌는것들 요약+@ : 주의사항 등 포탈,,2025-09-16 13:51,96261,73,"▶ 11/20(목) 업데이트 정리글 포탈입니다! :
https://www.inven.co.kr/board/maple/2304/46381
▶ 11/20(목) 업데이트 정리글 포탈입니다! :
https://www.inven.co.kr/board/maple/2304/46381
▶ 11/20(목) 업데이트 정리글 포탈입니다! :
https://www.inven.co.kr/board/maple/2304/46381
----------------------------
[수정/추가 사항]
1. 캐시 항목에 VIP 멤버십 이용권 추가
2. 신규 항목에 레드 어카운트 추가
3. 본섭 오면서 추가된/바뀐 사항 모음 :
https://www.inven.co.kr/board/maple/5974/5662367
4. 휴게실 :
등장하는 메소레인저 2인은 다음 시간대에 따라 변경됩니다 :  매 시의 0~19분 / 20~39분 / 40~59분
-------------------------
안녕하세요
이 글은 9/18(목) 진행되는 업데이트의 중요한 내용들을 각 테마별로 빠르게 확인하실 수 있게 한 글입니다
일단 최대한 여력 되는 한에서 작성하였으나 검수할 시간이 부족해서 혹시 모를 오타 등에 미리 양해 말씀 드립니다. 잘못 적힌 부분은 말씀해 주시면 감사히 수정합니다
[목차]
1. 수요일 종료되는 사항들
2. 점검 전 주간 보스/에픽 던전 해도 돼요?
3. 패치 후 추가 메할일 체크
4. 캐시 관련 사항
5. 신규 이벤트 핵심 사항
6. 주요 신규&변경&개선 사항들
7. 8~10월 로드맵
▶ 이 글의 내용은 테스트 서버 기준으로 정식 서버 업데이트 시 변동 혹은 변경될 수 있습니다
▶
9/18(목) 점검 예정 시간 : 03~10시
★9/17(수) 23:59 종료되는 사항들★
1. <에버니아의 선물> : 보상 수령
2. <피어나의 약초 바구니> : 스킬 찍기
3. <깨어나는 시간의 힘> : 보상 수령 / 효과 적용
4. <시간의 흔적 조사> : 코인샵 이용
5. <에버니움 코인샵> / 메소샵 : 코인샵 이용
6. <VIP 사우나> : 시간 소모
7. <유랑자의 여행기>&<유랑자의 발자취> : 보상 수령
8. <하이퍼 버닝 MAX> : 보상 수령
9. <블루밍 에버니아> : 보상 수령
10. <소소리의 산책> : 스킬 사용
11. <PC방 프리미엄 기프트샵> : 이용
12. <튜토리얼 미션> : 보상 수령
13. <챌린저스 월드 사전 리프> : 점검 후 재개
▶ 같이 보기
1. <시대를 초월하는 의지> 보상 수령 : 9/18 2시까지
2. <피어나의 약초 바구니> 스킬 / <제네시스 패스> 적용 : 9/24 23:59까지
▶ 이 항목에서는 간략히만 적었기 때문에, 이번 종료 사항은 양이 좀 많으므로 링크의 글을 통해 자세히 한 번 쭉 보시는 걸 권장 드립니다 :
https://www.inven.co.kr/board/maple/5974/5653692
★점검 전 주간 보스/에픽 던전 해도 돼요?
★
▶ 이번에 고려하셔야 할 것들
1. 테섭에서 공개되었던 스킬 관련 조정 적용 예정
2. 새로 시작되는 주간 보스 코인 이벤트 : 직전 이벤트에 비추어볼 때
점검 전 격파할 경우 패치 후 이벤트 수락 뒤 연습 모드로 다시 잡아야 할 가능성 매우매우 높음
3. <에픽 던전> 의 경우 메이플 ID 내 총 2개 클리어 제한은 달라지는 게 없으니 주의
★패치 후 추가 메할일 체크★
▶ 점검 후 이벤트 알림이에서 해당 버튼으로 신규 이벤트들을 일괄 시작할 수 있습니다
1. [출석 이벤트 : ~11/19 : 아지트 운영 일지(=에버니아의 선물)]
- 일일 1회 버튼 눌러 출석하기 / 1주 5회 / 기간 내 최대 40회
2. [보약 이벤트 : ~11/19] 메이플 아지트 특별 메뉴(=피어나의 약초 바구니)]
- 출석으로 획득한 SP 사용하여 보약 스킬 찍기
3. [보스 코인샵 : ~11/19 : 아지트 수호대]
- 매주 주간 보스 퇴치하고 코인 받기
4. [파티 경험치 이벤트 : ~11/19 : 빅토리아 어드벤처]
- 260 이상 캐릭터로 일일 1회 / 1주 3회까지 경험치 받기
- 훈장/의상 필요하면 재량껏 더 하기
5. [성장 공유 이벤트 : ~11/19 : 아지트 듀오]
- 260 이상 캐릭터 지정 후 레범몬 사냥하여 쌓기 : 1주에 최대 5만 마리
- 경험치/솔 에르다 보상
- 1주마다 충전되는 이벤트 잠수맵 시간 소모하기 : 1주 2시간
6. [사냥 이벤트 : ~10/22 : 록 스타 돌의 정령!]
- 이전 이벤트의 불꽃 상자에 대응되는 알록달록 색종이 드롭
- 필요한 보상이 있으면 알파벳 문구 완성 참여하기
7. [치장샵 : ~11/19 : 아지트 스탬프샵]
- 레범몬 사냥을 통해 치장샵 전용 코인을 1000마리에 50개까지 획득 가능
- 1주에 최대 3만 마리까지 획득 가능(1500개)
8. [프리미엄 PC방 접속 보상 이벤트] : 9/19(금) 0시~10/23
- 기프트샵은 진행되지 않음
9. [한글날 이벤트 : 10/2~10/15 : 한글의 기운]
- 자세한 내용은 불명이나, 정해진 문구 중 몇 개를 조합하여 커스텀 훈장을 만드는 이벤트로 보입니다
★캐시 관련 사항★
1. 신규 <스페셜 라벨> & 신규 코디 아이템
2. 일루전 링 뽑기 상품 출시 : <슈피겔만의 마법모자> / 1개 9900캐시
- 시즌 2 : 2025년 9월 18일(목) 점검 후 ~ 10월 9일(목) 오전 9시 59분
- 시즌 1: 2025년 10월 9일(목) 오전 10시 ~ 10월 22일(수) 오후 11시 59분
- 노멀 : 6.6667% / 레어 : 3.3333% /
스페셜 : 1.0000% /
레전드리 : 0.3333%
3. <프리미엄 헤어/성형 쿠폰> 목록 교체
4. VIP 멤버심 이용권 판매 : ~11/19
★신규 이벤트 핵심 사항★
[신규 이벤트 공식 이름과 함께 한 줄로 보기]
1. [출석 이벤트 : ~11/19 : 아지트 운영 일지(=에버니아의 선물)]
2. [보약 이벤트 : ~11/19 메이플 아지트 특별 메뉴(=피어나의 약초 바구니)]
3. [출석 코인샵 : ~11/19 : 아지트 코인샵]
4. [메소샵 : ~11/19 : 메소샵]
5. [치장샵 : ~11/19 : 아지트 스탬프샵]
6. [보스 코인샵 : ~11/19 : 아지트 수호대]
7. [파티 경험치 이벤트 : ~11/19 : 빅토리아 어드벤처]
8. [성장 공유 이벤트 : ~11/19 : 아지트 듀오]
9. [사냥 이벤트 : ~10/22 : 록 스타 돌의 정령!]
10. [프리미엄 PC방 접속 보상 이벤트] : 9/19 0시~9/18
11.
[한글날 이벤트 : 10/2~10/15 : 한글의 기운]
12. 메이플 PC방 오프라인 이벤트
---------------------------------------------------------------------
1. [메인 출석 이벤트 : ~11/19 : 아지트 운영 일지]
▶ [에버니아의 선물] 이벤트와 유사
1)
접속 후 UI에서 출석 버튼을 눌러 출석 가능 : 일일 1회 / 1주 최대 5번 / 기간 내 총 40번
2) 일일 보상 : 출석 시 3배 경쿠 3개 / 보약 SP 각각 5개 / 아지트 코인 800개 획득
- 개근 시 총 개수 : 경쿠 120개 / 보약 SP 각각 200개 / 아지트 코인 32000개
3) 출석 횟수에 따라 보상을 수령할 수 있고,
보상 대신
아지트 코인으로 수령할 수 있음
- 출석 횟수에 따른 보상은 이와 같으며, 우측은
보상 대신
수령할 수 있는 코인 개수입니다
* 14번째 보상 : 이벤트 링 3종 교환권
4) 출석 횟수가 10/20/30/40회가 될 때마다 누적 보상 수령 가능
2. [보약 이벤트 : ~11/19] 메이플 아지트 특별 메뉴(=피어나의 약초 바구니)]
▶ [피어나의 약초 바구니] 이벤트와 유사
1) 현재 진행 중인 [피어나의 약초 바구니]와 레벨별 보약 효과 동일합니다
- 이벤트 스킬 효과는 11/26까지 유지
2) 이벤트 기간 내 1주마다 25SP / 개근 시 총 200SP
3) 변경된 점 : 2레벨과 3레벨 요구치가 증가함에 따라 각 레벨별 요구 SP는 이렇습니다
- 1레벨 : 1 (총합 1)
- 2레벨 : 3 (총합 4)
- 3레벨 : 8 (총합 12)
- 4레벨 : 13 (총합 25)
- 5레벨 : 20 (총합 45)
- 6레벨 : 25 (총합 70)
3. [출석 코인샵 : ~11/19 :
아지트 코인샵]
▶ [에버니움 코인샵] 이벤트와 유사
1) [아지트 운영 일지] 출석으로 획득한 코인을 이용하여 물품 구매 가능
- 출석 1회에 800개 / 1주 4000개 / 8주 개근 시 총 32000개
2) 코인샵 보기 :
https://upload3.inven.co.kr/upload/2025/09/16/bbs/i1502129281.jpg
4. [메소샵 : ~11/19 : 메소샵
]
1) 메소로 물품 구매 가능
2) 코인샵 보기 :
https://upload3.inven.co.kr/upload/2025/09/16/bbs/i1629694250.jpg
3) 메소샵의 플라즈마 하트는 스타포스 파괴 시를 상정한 아이템으로써 플라즈마 하트를 소지한 캐릭터로만 구매할 수 있습니다
5. [치장샵 : ~11/19 : 아지트 스탬프
샵]
1) 레범몬 1천 마리 퇴치 시마다 스탬프 50개 획득 가능
- 1주일에 최대 1500개까지 획득 가능(3만 마리)
- 이벤트 기간 내 최대 스탬프 13500개 획득 가능(27만 마리)
2) 코인샵 보기 :
https://upload3.inven.co.kr/upload/2025/09/16/bbs/i1778902206.jpg
6. [보스 코인샵 : ~11/19 : 아지트 수호대
]
▶ [시간의 흔적 조사] 이벤트와 유사
1) 매주 주간 보스를 1인 퇴치(연습 모드 인정)하여 보스 코인 획득 가능 : 가장 높은 등급의 보스 한 마리만 잡아도 됨
2) 직전의 보스 코인샵과 달라진 점
- 기존 2단계에서 3단계로 코인 종류 변경
- 보스 난이도별 코인 획득량 변경
- 코인샵 단계별 품목 재배치 / 가격 조정
3) 주요 품목 관련 사항
- 기존의 리필 큐브는 중급 탭으로 이동 : 하드 스데미 이상 획득 가능하나, 하드 진 힐라를 퇴치해야 매주 블큐/화에큐 각각 3개씩 살 수 있음 - 이 경우 중급 코인 120개 남음
- 플라즈마 하트 업그레이드 아이템 : 상급 탭 : 이지 카링 이상 획득 가능
- 상급 탭에 추가된 블큐/화에큐도 매주 리필
4) 보스별 획득량과 코인샵 같이 보기 :
https://upload3.inven.co.kr/upload/2025/09/16/bbs/i1156229890.jpg
- 코인샵은 메이플 ID당 공유이나 챌린저스 월드와 일반 월드는 각각 이용 가능
- 단, 플라즈마 하트 업그레이드 아이템은 통틀어 1개만 구매 가능
+++
본섭으로 오면서 플라즈마 하트 업그레이드 모듈의 요구 개수가 10개에서 5개로 줄어들었습니다
7. [파티 경험치 이벤트 : ~11/19 : 빅토리아 어드벤처]
1) 260레벨 이상 캐릭터로 미니 게임 참여 가능
-
4인 매칭 또는 1~4인 파티로 입장 가능하며 이제부터 대기 맵에서 채널 이동도 가능합니다
- 대기 맵에서 이 UI를 통해 입장 전 직업을 선택할 수 있음 - 단축키도 변경 가능
- 몬스터를 퇴치하여 얻은 점수 총합이 5만 점이 되면 보스가 등장하고, 이를 처치 시 클리어 되는 방식
- 레벨은 게임 중에 오르는 것이 아니라 끝나면 오르고 유지됩니다 : 1판 하니 4렙 / 1판 더 하니 7렙 도달까진 확인
2) 클리어 경험치 보상
-
메이플 ID당 일일 1회, 주 최대 3회까지 경험치 획득 : 260레벨 기준 약 6% 정도
- 경험치 획득 횟수가 15회가 되면 이하 의상 세트를 수령 가능
3) 클리어 훈장 보상
- 직업별로 최대 레벨인 20 도달 시 직업별 스킬 훈장 수령 가능
- 4개의 직업 모두 20 도달 시 빅토리아 모험가 훈장 수령 가능
8. [성장 공유 이벤트 : ~11/19 : 아지트 듀오]
1) 이벤트에 참여할 월드와 260레벨 이상 캐릭터 2개를 선택합니다
- 챌린저스 월드와 병행 가능
- 선택한 캐릭터는 후에 절대 변경할 수 없음
- 우선 매니저를 지정 후 크루를 지정
- 이후에 매니저와 크루끼리는 자리 교체 가능
2) 매니저로 레범몬 퇴치 시 2종류의 포인트 획득 : 1주 최대 5만 마리까지
3) 매니징 포인트 : 사용 시 경험치와 솔 에르다의 기운 획득
- 1 포인트당 솔 에르다는 10 고정 / 경험치는 레벨에 따라 상이(테섭 기준 상급 EXP 포인트보다 큼)
- 매니저 캐릭터로 수령할 시 70%의 패널티 받은 후 수령
4) 휴게실 포인트와 아지트 휴게실
- 이벤트 참여 시 1주마다 2시간의 잠수맵 시간 충전
- 획득 경험치는 VIP 사우나보단 적고 이벤트 맵의 무료 잠수맵보다 많음
- 한 캐릭터로만 잠수하고 다른 캐릭터로 경험치 수령 가능
- 휴게실 포인트로는 휴식 능력 강화 가능 / 스킬 레벨에 따른 부스트 효과 존재 :
https://upload3.inven.co.kr/upload/2025/09/16/bbs/i1906612617.jpg?MW=800
5) 휴게실 NPC 보상 : 등장하는 메소레인저는 다음 시간대에 따라 변경됩니다 :  0~19분 / 20~39분 / 40~59분
-
9. [사냥 이벤트 : ~10/22 : 록 스타 돌의 정령!]
▶ 불꽃 상자 이벤트와 유사
1) 이벤트 참여 후 레범몬을 퇴치하여 색종이 획득 가능
2) 색종이 사용 시 확률에 따라 알파벳 획득 가능
- 평범한 색종이 : 교환 불가 : 중급&하급 알파벳 획득 : 1주에 2억 메소로 40개 구매 가능
- 알록달록 색종이 : 1회 교환 가능 : 상급 알파벳 획득(C E K V)
3) 내게 필요 없는 알파벳은 조합할 수 있음
- 조합 시 확률에 따라 다른 알파벳 등장
- 조합 시 획득하는 가루로 원하는 알파벳 제작 가능(상급은 상급 가루로만 가능)
- 상세한 확률 정보 :
https://upload3.inven.co.kr/upload/2025/09/16/bbs/i1648279062.jpg
4) 알파벳을 모아 문구를 만들 시 보상 획득
* 3번째 문구 오른쪽 보상 : 커스텀 믹스 쿠폰 교환권(믹염/믹렌 택1)
** 마지막 문구 주문서 보상 : 200제 17성 카르마 스타포스 강화권
*** 모든 문구 보상 : 스페셜 안드로이드 선택권
싱크로이드 : 본인과 동일한 외형의 안드로이드
유니온로이드 : 월드 내 다른 캐릭터 외형의 안드로이드
5) 모든 문구 완성에 필요한 알파벳 개수
[상급] C : 2개 / E : 2개 / K : 2개 / V : 3개
[중급] A : 3개 / O : 4개 / P : 4개 / S : 7개 / T : 6개
[하급] I : 10개 / N : 1개 : R : 9개
10. <프리미엄 PC방 접속 보상 이벤트> :
9/19 0시~10/23
1) PC방 기프트샵은 연이어 진행되지 않습니다
2) 일일 / 총 누적 접속 시간 보상
3) 누적 접속 시간 보상
11.
한글날 이벤트 : 10/2~10/15 : 한글의 기운]
* 한글날 이벤트의 자세한 내용은 링크의 글에서 보실 수 있습니다
:
https://www.inven.co.kr/board/maple/5974/5662367
12. [MAPLE AGIT] 메이플 PC방 오프라인 이벤트
1)
https://maplestory.nexon.com/promotion/event/2025/20250911/intro_tab3
2) 오프라인 이벤트의 경우 티켓 예매를 통한 절차가 요구되니 참여하실 분들은 꼭 링크의 주의 사항들을 꼼꼼히 읽어 보시길 바랍니다
★주요 신규&변경&개선 사항들★
1. 이번 테섭에서 예고되었던 <스킬 조정> 사항 적용
1) 테스트 서버 공식 릴리즈 :
https://maplestory.nexon.com/testworld/news/all/129
2) 이번 테섭에서 예고된 내용들이 적용 예정이며 변경 사항 유무와 자세한 내용은 패치 당일에 확인하실 수 있습니
2. 신규 에픽 던전 <악몽선경> 추가
1) 280 이상 입장 가능 / 총 7단계 / 빠르게 타이핑 하는 것이 주요 기믹
2) 보너스 구매 시 필요 메포 : 각각 12500 / 50000
3) 매주 2개의 에픽 던전을 클리어 가능한 사항은 한동안 유지
3.
신규 하트 <플라즈마 하트> 추가 : 업그레이드 아이템으로 업그레이드 가능
1) 블하 패치의 후속 조치 일환
2) 이번 이벤트 획득처 : 보스 코인샵의 상급 보스 코인 10개(이지 카링 이상) / 메이플 ID당 1회 구매 가능
3) 스타포스 강화 중 파괴되었을 시, 메소샵에서 1회 15억 메소에 3회까지 복구 가능
4. <유니온 챔피언> 4번째 슬롯 개방
5. 보스 관련 개선 사항
6. 레드 어카운트 시스템 추가
1) 운영 정책을 위반한 계정을 대상으로 레드 어카운트 지정
2) 레드 어카운트로 적용될 시 패널티 적용 : 거래 불가/경매장 사용 불가/택배 불가/메소마켓 메포 판매 불가/아이템 버리기 시 소멸
3) 운영자 NPC를 통해 메소 납부 시 해제 가능 : 최소 단위는 1억 메소이며 비정상 플레이 수준에 따라 상이함
7. 편의성 등 개선 사항 모음
1) <버프 시퀀스> 개선 : 시퀀스 내의 버프가 이미 적용된 상태에서 사용 시, 이미 적용된 버프를 제외하고 사용할 수 있는 기능 추가
2) 스페이스 바를 눌러 어빌리티 재설정 가능하도록 변경
3) 스킬 이펙트 투명도와 타격 이펙트 투명도 분리 설정 기능 추가
4) 채팅창 등 텍스트 입력창에서 Ctrl+a로 전체 선택 가능하도록 변경
5) 보스 전투 시 알림창 발생 않도록 변경 - 대화/초대는 설정에서 해제해야 적용
6) 메이플 옥션 관련
- 판매 시 동일 슬롯 내 보유한 개수만큼 판매 개수 자동 입력
- 성별이 맞지 않는 아이템도 미리 보기 가능
7) 캐릭터 생성 일일 제한 해제 : 단, 이후 상황에 따라 다시 제한이 걸릴 수 있음
★10월 업데이트 관련 정보★
1. 10월 정식 서버 업데이트 일자 : 10/23(목)
2. 유력 테스트 월드 오픈 일자 : 10/16(목)
3. <월드 아카이브> : 스펙업과 무관한 도감 콘텐츠
4. 10, 11월에 라이브 방송에서 재미있는 내용이 많을 것 같다고 언급됨"
https://www.inven.co.kr/board/maple/2304/46003,실험,(연구)(수정)가끔 스킬이 늦게 나가는 이유,,2025-09-14 22:33,42898,50,"연계 공격 딜레이 오류 분석
(250915 수정)
효과적인 해결(완화)
방법
윈도우 검색창에
'키보드 설정' 을 입력하시면
'키보드 속성' 창이 열립니다.
재입력 시간(D)
와
반복 속도(R)
를
오른쪽 끝
으로
[설명]
재입력 시간(Delay)는 4단계로 나뉘어져 있으며
왼쪽(길게)부터 오른쪽(짧게) 까지 1000 / 750 / 500 /
250ms
입니다.
이 값은 한 키를
꾹 눌렀을 때
A(....)AAAAA가 입력될 때
(....) 의 시간입니다.
[재입력 대기 시간 : 기본 설정값
500ms
일 때]
[재입력 대기 시간 : 설정값
250
ms
일 때]
​
​
---------------------------------------------------------------------
가끔 플레이를 하다보면
내가 알고 있던 스킬의
선딜이나 후딜이 더 길게
느껴질 때
가 있습니다.
최근 하이퍼 버닝으로 대부분 렌을 키워봤으니
이해가 쉽도록
렌으로 설명 해보겠습니다.
""  속사기가 가끔 늦게? 나가요 ""
혹시 이런 경험 있지 않으신가요?
액티브 스킬(망혼검 혹은 예인)을 쓰고 나서
다시 속사기(선참) 꾹 누를 때
​[망혼검 → 선참]
​
​
[예인 → 선참]
​
​​​
위 : 정상
/
아래 : 지연
둘 다
첫번째 스킬
이 끝난 뒤
두번째 스킬
을 꾹 눌렀지만
지연
에서는
두번째 스킬
의
발동이 확실히 느린 것
으로 확인됩니다.
좀 더 명확하게 보이는 기본 공격으로 비교해보겠습니다.
[기본 공격 5회]
​
왼쪽은 꾹
~ 눌렀고
오른쪽
은 후딜 다음이 아니라
분명히
모션이 끝나기 전
에 미리
눌러놓았습니다.
(이 부분은 직접 해보시길 바랍니다. 굳이 렌으로 테스트하실 필요도 없어요)
각설하고
기본 공격에서조차
모션(후딜) 중에 눌러 놓은 입력이
모션이 끝나자 마자 바로 적용되는 것이 아니라
의문의 입력 대기
가 발생 한다는 것 입니다.
그렇다면 이 의문의 입력 대기 시간은 뭘까?
아쉽지만 제 능력으로는 이
원인
은
메이플 시스템 자체(?)
의 문제인지 파악하지 못했습니다.
(확인 완료)
하지만 테스트를 통해 이
대기 시간의 조건
과
시간
은
대략적으로 추정 할 수 있었습니다.
​​
기본공격(A) → 선참(B)
CASE1 : 입력 대기 없는 경우 (확실하게 끊어서 누른경우)
​
​
​​
​
CASE2 : A 딜레이 중에 B를 누른 경우
(잘못된 정보)
​
​​
[결과 요약]
-
A
모션 중
에
B
를 누르면
누른 시점 부터
A
모션 만큼 강제 딜레이
가 발생함
(수정)
-
A
모션 중
에
B
를 누르면
누른 시점 부터 키보드 속성에 설정된
재입력시간 만
큼
강제 딜레이
가 발생함
※ 정말로 A 만큼의 딜레이가 발생하는지는 정확히 모르겠습니다.
다만 후딜이 짧은 스킬로 하면 그만큼 빨리나가고
후딜이 긴~ 스킬로하면 마치 한번 더 쓴것처럼 늦게 나갔습니다.
"" 그래서 어떻게 하면 되는데요? ""
제 플레이 경험을 바탕으로 딜레이를 최대한 줄이는 방법을 공유드립니다.
방법 0. (가장 유효)
★본문 상단의 키보드 설정 변경
방법 1. (난이도 上)
제일 좋은 방법은 A스킬의 후딜을 파악하고
끝난 타이밍에 정확하게 B스킬을 누른다.
'
A.............
B
!'
방법 2. (난이도 中)
늦게 눌러서 딜레이가 발생할 바에야
차라리 빨리 미리 눌러버린다
'
A
B
따락'
방법 3. (난이도 下)
A스킬이 끝날 타이밍에 B를 연타한다.
(이방법은 속사기 키다운 , 속사기 스킬에는 부적합 합니다 )
'
A
BBBBB
'
------------------------------------------------------------------------------------------------
마치며,
캡틴 게시판에서 예전부터
"" 헤드샷하고 속사기 딜레이가 가끔 이상해요 ""
라고
간간히 올라왔던 올라오는 질문이였는데
유독 캡틴에서 저 질문이 많이 올라오는 이유는 아마
5초마다 헤드샷 → 래피드(속사기 꾹) 연계를 자주 반복하면서
자주 겪었기 때문이라고 생각이 듭니다.
여담으로 5초하니깐 생각난건데
최근 이슈화 되고 있는 5초 미만 쿨타임 표시 문제에 대해서..
​
​
캡틴도 헤드샷 쿨타임 카운트 좀 보고 싶어요"
https://www.inven.co.kr/board/maple/2304/45981,기타,[갱신] 테섭 신규 이벤트&바뀌는 것들 요약,,2025-09-13 05:07,42397,33,"[수정/추가 사항]
1. 편하게 보실 수 있게 본문으로 갱신하였으며 일부 내용 보충하였습니다
2. 9/16 이후 클릭해주신 분들은 업데이트 정리글 최신판으로 봐주시면 됩니다! :
https://www.inven.co.kr/board/maple/2304/46010
-----------------
안녕하세요
이 글은 9/11 진행된 테섭의 내용을 간략히 정리한 것입니다. 라
이브에서 나온 주요 내용들도 포함했습니다
이후 사정이 가능하면 보충하겠습니다
수정된 내용은 글 맨 위에서 말씀 드립니다
생각보다 양이 많기도 하고 허둥지둥 하느라 잘못 적힌 부분 있을 수 있습니다. 이 경우 누락
된 혹은 잘못 적은 부분은 말씀해 주시면 감사히 수정하겠습니다
--------------------
▶ 이 내용들은 본섭 적용 시 변동 혹은 변경될 수 있으며 9/18(목) 업데이트 적용 예정입니다
▶ 라이브 마무리 시점의 긍정적이고 충격적인 패치 관련 코멘트
긍정적이고 충격적인 패치라는 워딩에 대해 말씀이 많아 말씀 드리면, 그때 워딩 자체가 충격적인 패치가 있을 수 있다는 워딩을 했는데 충격적인 건 부정적인 의미니까, 그게 나쁜 게 아니라 좋은 의미에서 충격적일 거라고 말씀드렸던 것이다. 그 말의 의도는 여기 쓰여 있는 게(로드맵인 듯) 전부가 아니다 라는 걸 말씀 드리고 싶었던 것이다. 10/11월에도 재미 있는 게 많을 거라는 의도로 말씀 드린 만큼 기대를 해주시면 좋겠다. 물론 제가 말을 잘 했어야 되는 건 맞다. 핀잔보다는 기대를 부탁드리며 그에 부합할 수 있도록 잘 준비하겠다
[목차]
1. 캐시 관련 사항
2. 주요 변경 사항
3.
신규 이벤트 관련 사항
★캐시 관련 사항★
1. 신규 스라벨&코디&헤어성형
2. NEW <슈피겔만의 마법 모자> : 일루전 링 뽑기 캐시 아이템 / 개당 9900 캐시
- 시즌 2 : 점검 후~10/9 9:59 - 이번에 신규 추가된 것들
- 시즌 1 : 10/9 10:00~10/22 - 이전에 나왔던 것들
3. VIP 멤버십 판매
★주요 변경 사항★
1. 신규 에픽 던전 : <악몽선경>
- 280레벨 이상 입장 가능한 3번째 에픽 던전
- 스토리적으로 대단히 중요한 분기점이 될 것
- 총 7개의 스테이지 : 전용 기믹 존재
- 보상은 기존의 에픽 던전과 동일한 구성이나 수치적으로 변화
- 매주 2개의 에픽 던전을 클리어 가능한 사양은 한동안 유지 예정
- 소모 메포
2. 전투 경험 개선
★ 이번 테스트 서버 공식 릴리즈 :
https://maplestory.nexon.com/testworld/news/all/129
- HP를 소모하는 쓸만한 스킬 등의 소모량을 100으로 조정
- 어센트 스킬 공격 범위 1.5배 증가=오리진 스킬과 동일한 범위
3. 유니온 챔피언 슬롯 해방 조건 변경 관련 : 이번 패치 이후부터
4. 챔피언 레이드 - 전체적인 플레임 타임을 절반 수준으로 줄이는 작업 진행
5. 제네시스 / 데스티니 해방을 연습 모드로도 진행 가능하도록 변경
6. 버프 시퀀스 : 현재 미적용 중인 아이템만 사용하는 기능 추가
7.
설정 창에서 타격 / 스킬 이펙트 분리하여 설정 가능하도록 개선
8. 레드 어카운트 : 신규 제재 시스템
- 비정상적인 플레이를 했다고 판단되는 계정에 적용됨
- 레드 어카운트가 될 시 다른 이용자와의 거래 불가능
- 해제 시 비정상의 정도에 따라 메소 납부 필요 : 최소 1억 메소
- 운영 정책 적용을 적극적으로 할 예정 : 대리 데스티니 롤백 등
- 작업장 수준으로 메소를 찍어내고 판매하는 행위에 대해서도 다음 패치부터 더 강하게 제재 예정
- 지금까지 안 한 건 아니지만, 본 시스템 도입 이후로 더 적극적으로 진행될 예정
9. 이전 하트 패치 이후 간극을 메울 수 있는 후속 패치 : 상급 보스 코인(이지 카링 이상)으로 ""하트 업그레이드 모듈 : 플라즈마"" 구매 가능
- 파괴 시를 대비하여 메소샵에서 15억 메소에 복구용 플라즈마 하트 판매(15억 메소) : 메소샵의 하트는 흔적 혹은 본체를 갖고 있을 시 구매 가능 -  3개까지 구매 가능
★신규 이벤트 관련 사항★
1. PC방 이벤트 관련 사항 : 기프트샵은 진행 안 됨
- 일일 접속 보상
-
접속 시간 보상
2. [출석 이벤트] 아지트 운영 일지 : ~11/19
1) UI에서 버튼 클릭으로 일일 1회 출석 가능 - 1주 최대 5번 / 기간 내 최대 40번
2) 출석 시마다 3배 경쿠 3개 / 보약 SP 각각 5개 / 아지트 코인 800개 획득 가능
- 총 경쿠 120개 / 보약 200개 / 코인 32000개
3) 출석 횟수에 따라 보상을 수령할 수 있으며, 보상 대신 코인을 선택하여 수령할 수도 있습니다
* 이벤트링 : 3종교환권
4) 누적  출석 횟수가 10/20/30/40회가 될 때 보상을 수령할 수 있습니다
- 10회 : 페어리 하트 교환권
- 20회 : 상급 EXP 교환권 1000개
- 30회 : 카르마 블큐 20개
- 40회 : 카르마 화에큐 20개
5) 출석 코인샵
3. [보약 이벤트] 메이플 아지트 특별 메뉴 : ~11/19
1) 기존과 동일한 진행 방식의 보약 이벤트
2) 레벨별 효과는 동일하나, 2/3레벨 요구치가 늘었습니다
- 1레벨 : 1 (총합 1)
- 2레벨 : 3 (총합 4)
- 3레벨 : 8 (총합 12)
- 4레벨 : 13 (총합 25)
- 5레벨 : 20 (총합 45)
- 6레벨 : 25 (총합 70)
4. [스탬프샵] : ~11/19
1) 치장 코인샵
2) 레범몬 1천 마리 퇴치 시마다 스탬프 50개 획득 : 매주 1500개까지 획득 가능
3) 코인샵 목록
5. <메소샵> : ~11/19
* 메소샵의 하트는 스타포스 파괴를 상정한 것으로 상급 보스 코인으로 구매가 선행되지 않으면 구매할 수 없는 물품입니다 / 교불
6. [보스 코인샵]  : 아지트 수호대 :  ~11/19
1) 이번 이벤트부터 전면 개편되어 하급/중급/상급 코인으로 분리되었습니다. 다만 진행 방식은 현재 진행 중인 보스 코인샵과 동일합니다
2) 보스별 획득량은 아래와 같음
3) 코인샵 : 각각 하급 / 중급 / 상급
■ 구매 가능 개수 제한 - 메이플ID당 구매 가능 개수 제한이 적용됩니다.
- 일반 월드와 챌린저스 월드의 수량은 별개로 적용됩니다.
※ 하트 업그레이드 모듈: 플라즈마는 일반 월드와 챌린저스 월드를 포함하여 메이플ID당 1개만 구매 가능합니다.
7. [성장 공유 이벤트] 아지트 듀오 : ~11/19
1) <챔피언 버닝> 처럼 이벤트에 참여할 월드와 캐릭터를 선택한 후 참여할 수 있습니다
- 260레벨 이상 캐릭터로 매니저 / 크루 각각
지정 가능
- 지정한 캐릭터는 이후 서로끼리 위치 교환만 가능
- 챌린저스 월드와 병행하여 참여 가능합니다
2) 매니저로 사냥 시 포인트를 얻습니다
▶ 매니징 포인트 : 사용할 시 경험치와 솔 에르다를 획득 가능한 포인트
- 레벨에 따라 받는 경험치 수치가 달라짐
- 매니저로 수령할 수도 있으나 크루 대비 70%의 패널티를 받은 후 수령 가능
- 1 포인트당 솔 에르다의 기운 10으로 보임
* 275레벨 기준 획득 경험치는 이렇습니다
-
- 비교용 상급 exp 쿠폰(메이플로드 출처)
▶ 휴게실 포인트 : 사용하여 휴게실 능력 강화 가능
3) 휴게실 - 한 캐릭터만 잠수하더라도 두 캐릭터 모두 경험치를 받음
- 매주 2시간이 충전되며, 확인한 경험치는 이와 같습니다
280레벨 기준
사우나 : 434,230,087
아지트 휴게실 : 174,092,035
전야제의 열기 : 18,611,813
- 매니저의 레범몬 퇴치로 얻은 포인트를 사용하여 각 능력치 강화 가능 : 각자 상황에 맞게 운용
- 부스트 효과
8. [사냥 이벤트] 록 스타 돌의 정령! : ~10/22
1) ""불꽃 상자"" 이벤트와 동일한 진행 방식
2) 레범몬 퇴치 시 색종이 획득 / 색종이 사용 시 알파벳 획득 - 분해/조합도 가능
- 평범한 색종이(교불) - 중급/하급 알파벳 / 매일 2억 메소로 40개 구매 가능
- 알록달록 색종이(1회 교환 가능) - 상급 알파벳
3) 알파벳 조합 시 각 보상 획득
* 주문서 : 17성 200제 카르마
* 마네킹 옆에 있는 건  커스텀 믹스 쿠폰 교환권입니다 (믹염/믹렌 택1)
-  최종 보상 : 싱크로이드OR유니온로이드 택1
4) 필요 알파벳 개수
[상급] C : 2개 / E : 2개 / K : 2개 / V : 3개
[중급] A : 3개 / O : 4개 / P : 4개 / S : 7개 / T : 6개
[하급] I : 10개 / N : 1개 : R : 9개
9. [파티 이벤트] 빅토리아 어드벤처 : 260레벨 이상 참여 가능
1) 이전의 미니 게임 비슷한 형식
- 한 라운드 내에서 레벨업을 하고 끝나면 초기화 되는 형식이 아니라, 매판이 끝날 때마다 오른 레벨이 유지되는 형식입니다
- 한 맵에서 파티원의 점수가 5만 점에 도달하면 보스가 등장하고 퇴치 시 클리어 처리됩니다
2) 경험치 보상 :
메이플 ID당 레벨에 맞는 경험치 일일 1회, 주간 최대 3회 수령 가능
3) 훈장 아이템 보상 : 각 직업별로 최대 레벨(20) 달성 시 획득 가능
- 모든 훈장 획득 시 수령 가능
4) 경험치 15회 획득 보상 : 게이밍 세트(코디 아이템)
10. [한글날 이벤트]
11. [PC방 오프라인 이벤트] : MAPLE AGIT - 각 크리에이터 분들이 기획한 이벤트 진행
1) 해당 링크에서 자세한 내용을 확인하실 수 있습니다. 본인 인증 등의 절차가 요구되므로 참여하실 분들은 링크로 접속하셔서 꼭 꼼꼼히 읽어주세요
-
https://maplestory.nexon.com/promotion/event/2025/20250911/intro_tab3
--------------
3추만 보내주시면 감사드리겠습니다"
https://www.inven.co.kr/board/maple/2304/45913,전문기술,[몬컬] 익몬 미지의 재카로프 띄우는법,,2025-09-06 14:11,38638,14,"안녕하세요, 최근 몬컬에 재미들려 채우던중
미지의 재카로프 띄우는 방법에 대해 여러 실험을 하다
확신이 서서 제보겸 도움이 되길 바라는 마음에 글을 써봅니다
따로 녹화는 하지 않았지만 이것저것 경우를 테스트 해보던중
위에 뜬 몬스터를 각 50마리씩 2개 채우면
재카로프가 생성되는걸 확인 했습니다
즉, 여기저기 돌아다니며 마릿수 채우는거 보단 그냥
두종류 진득하게 잡고 한바퀴 도는게 더 빠릅니다
몬컬 등록시 참고해주세요!"
https://www.inven.co.kr/board/maple/2304/45872,기타,(추가)신규 협동 이벤트 : 블루밍 에버니아 주의 사항 등 요약,,2025-09-03 14:38,46950,32,"[수정/추가 사항]
1. 편하게 보실 수 있게 본문으로 갱신하였습니다
2. 9/4 추가 사항
1) <블루밍 에버니아> 이벤트 UI가 10시에 미리 오픈됨에 따라 이벤트 수락하신 후 레벨 범위 몬스터는 미리 누적하실 수 있게 됐습니다
2) 다만 이전에 말씀 드린 대로 레범몬을 채우더라도 ""들꽃 피우기"" 는 <깨어나는 시간의 힘> 12주차 모래 게이지가 100%이 된 후부터 참여 가능합니다 - 본인이 채운 모래 개수와는 상관 없음
3) 테섭 기준 0시에 전날의 마릿수도 같이 초기화 되었었기 때문에 따로 바뀌어 온 게 아니면 미리 잡으신 레범몬은 오늘 모래가 100%이 돼야 의미 있습니다 - 오후 4시 기준 79%
4) 메이플 ID 기준 진행 상황이 공유되는 이벤트기 때문에 A 서버에서 사냥 후 B 서버에서 보상 수령 등 병행이 가능하십니다
------------------------
안녕하세요
이 글은 이번 [황혼빛 전야제]의 마무리로 진행될 신규 협동 이벤트인 <블루밍 에버니아> 관련 내용을 담은 글입니다
잘못 적힌 부분은 말씀해 주시면 감사히 수정하겠습니다
* 이전 글에서 정정 드리는 말씀 : 이벤트 시작 시간 9/4 10시 -> 12주차 모래 채우기 완료 후
★[신규 이벤트] : <블루밍 에버니아> : 레범몬 협동 이벤트★
1. 이벤트 기간 :
12주차 모래 채우기 완료 후
~ 9/17 23:59
- 12주차 모래 채우기 효과 :
이번 주 에픽 던전은 모래 다 채워진 후 효과 얻은 후 돌기
+ 추가 : 이벤트 UI 자체는 9/4 10시에 오픈됨에 따라 레범몬은 미리 채울 수 있습니다
2. 이벤트에 참여한 후부터,
레벨 범위 몬스터 5천 마리를 퇴치하여 들꽃을 1회 피울 수 있습니다
- 일일 최대 10회(5만 마리)까지 가능
- 이벤트 기간 내 최대 140회(70만 마리)까지 가능
* 단, 이벤트 공식 진행 기간은 총 14일이나 시간의 힘 완료 시점에 따라 상이함
- 이벤트
참여 기록은 메이플ID 내 캐릭터가 공유하기 때문에 A 월드에서 레범몬 퇴치 후 B 월드에서 보상 수령하는 것도 가능합니다
3. 들꽃 피우기 개인 일일 보상 : 들꽃 1회를 채울 때마다 황금 태엽 1개가 적립되며, 이벤트 기간 내 원하실 때 받으실 수 있습니다
- 일일 미션이기 때문에 매일 0시에 초기화 되므로, 레범몬 퇴치 후 날이 지나기 전에 ""피우기"" 버튼을 눌러야 출석 인정됩니다
* 태엽은 이전과 동일하게 캐릭터당 하루 10회까지 사용 가능하며, 아이템 기한은 9/18 2시입니다
4. 들꽃 피우기 개인 누적 보상 : 피운 들꽃 횟수에 따라 보상 수령 가능
- 1회 보상(5천 마리) : 의자 - 표지판에 피운 들꽃 횟수 표기
​​
- 10회 보상(5만 마리) : VIP 부스터 20개
- 100회 보상(50만 마리) : 커스텀 배경
5. 블루밍 파워 선물 : 들꽃 피우기 협동 목표 달성 보상
- 유저들이 들꽃을 피울 때마다 블루밍 파워가 증가합니다
- 블루밍 파워 게이지가 20/40/60/80/100%에 도달할 때마다 보상을 수령할 수 있습니다
★ 단, 게이지가 목표치에 도달하더라도, 본인이 누적한 들꽃 피우기 횟수가 해당 횟수보다 적으면 보상을 수령할 수 없습니다
- 20% 보상 : VIP 사우나 충전권 2개 : 누적 들꽃 피우기 2회(1만 마리) 이상 수령 가능
- 40% 보상 : 극성비 1개
: 누적 들꽃 피우기
4회(2만 마리) 이상 수령 가능
- 60% 보상 : 상급 EXP 2000개 : 누적 들꽃
피우기
6회(3만 마리)
이상 수령 가능
- 80% 보상 : 솔 에르다or조각 교환권 1개 :
누적 들꽃 피우기
8회(4만 마리)
이상 수령 가능
- 100% 보상 : 영겁 태엽 1개 : 누적
들꽃 피우기
10회(5만 마리)
이상 수령 가능
★9월 업데이트 관련 사항★
<
9월 정식 서버 업데이트 일자 : 9/18(목)>
1) 유력 테스트 월드 오픈 일자 : 9/11(목)
2) 2차 스킬 조정
3) 신규 에픽 던전 <악몽선경> : 레벨 280 이상 입장 가능
4) 유니온 챔피언 슬롯 1개 확장
5)
이벤트 시작 전 선공개 되는 내용이 있을 수 있다고 언급됨
6) 타인의 명의까지 이용하여 다수의 계정을 이용하는 경우 등에 대한 약관, 게임 시스템 변화 적용 예정
--------
4
추만 보내주시면 감사드리겠습니다"
https://www.inven.co.kr/board/maple/2304/45789,몬스터,"최초의 대적자 1페 야바위, 2페 스나 피하는 법",,2025-08-28 12:58,43752,22,"​
​
야바위: 맵 구석에서 화면 바깥으로 숙이면 피할 수 있습니다. ​무적 및 패링이 없을 때 유용합니다.
​
​
스나: 타이밍 맞게 윗점하면 됩니다."
https://www.inven.co.kr/board/maple/2304/45693,기타,"(스압, 데이터주의) 전직업 시너지 효과표 2025ver",,2025-08-22 16:06,153745,50,"2025. 8. 21. 밸런스 패치 이후
전직업
의 평균시너지 / 극딜시너지를 측정한 값입니다.
0. 배경
이전 글 :
(스압, 데이터주의) 전직업 시너지 효과표 2024ver
2024년 9월 시너지 패치로 시너지표를 정리한 적이 있습니다. 그러나 지난 1년간 여러 밸런스 패치를 거치고, 유저들의 스펙이 상향되면서 새로운 기준을 정하여 다시 새롭게 글을 작성하게 되었습니다. 기존시너지표는 중스펙 유저에 초점을 맞추었다면, 이번 시너지표는 고스펙을 위주로 작성하였습니다.
1. 측정기준
보총뎀 850% , 실방무 99%, 크뎀 160%
기준이며, 보스방어율은 세렌 이상 보스인 방어율 380%을 기준으로 합니다.
칠흑셋의 대중화, 유저 평균 스펙의 상승, 유니온 챔피언 패치 등을 고려하여, 측정 기준을 기존보다 뎀 100%P, 크뎀 25%P 만큼 상향하여 진행하였습니다. 위 측정기준은 템환산 8~9만 유저의 환산사이트 기준 최종뎀 효율을 역산하여 추산한 값입니다. 기존에는 6~7만대 유저를 기준으로 하였는데, 현재는 검밑 보스들의 파티격은 사실상 사장되었고 세렌 이상 보스들의 파티격이 주요 대상이 되어 측정기준을 상향 적용하였습니다.
2. 평딜시너지표
평딜시너지란?
: 파티원들의 직업군이 무작위로 배정되었을 때, 본인 직업의 시너지가 파티원의
평딜
에 얼마나 기여할 수 있는지를 나타낸 지표입니다. 모든 보스전을 평타로만 계산했을 때의 시너지효과이며, 유저들의 직업군 비중과 시너지 스킬의 가동률을 고려합니다.
3. 극딜시너지표
극딜시너지란?
: 본인 직업이 갖고 있는 모든 시너지 효과를 총동원하여 파티원의
극딜
타이밍에 얼마나 기여할 수 있는지를 나타낸 지표입니다.
모든 직업군에 적용되는 극딜시너지는 다음과 같습니다.
반대로 특정 직업군에게만 적용되는 극딜시너지는 다음과 같습니다.
4. 1년전 시너지표와의 변동점
1년 전과 비교하여 달라진 점은 다음과 같습니다.
- 측정기준 변경 : 보총뎀 750% → 850% / 크뎀 135%
→ 160%
기존에는 6~7만대 유저를 기준으로 하였으나, 현재는 8~9만대 유저를 대상으로 측정기준을 산출하였습니다. 칠흑셋의 대중화, 유니온 챔피언의 등장, 평균 유저 스펙 상승을 원인으로 하여 측정기준을 기존보다 대폭 상향하였습니다.
- 직업계수 변경 :
마법사 직업군 비중 21.9% → 19.9% / 궁수 직업군 비중 12.3%
→ 13.5%
275레벨 이상 본캐로 한정하여 직업계수를 재산출하였습니다. 추가적으로 루미, 에반의 포틱메디테이션, 불독, 썬콜의 메디테이션, 메르, 카인의 샤프아이즈 등 특정 직업을 고려하여 직업계수를 세세히 산정하였습니다.
- 공마효율 변경 : 공마 30 효율 0.92%
→ 0.72% / 주스탯 30 효율 0.30%
→ 0.25%
기존에는 4~9만대 유저를 대상으로 최종뎀 효율을 계산하였으나, 현재는 5~12만대 유저를 대상으로 최종뎀 효율을 재산정하여 위와 같이 하향하였습니다.
- 신직업 렌 추가
- 콜렉터 영약 적용시 극딜 시너지 추가
- 직업별 변동점
○ 비숍 :
INT수치를 고려하지 않고 프레이와 리브라 데미지 증가량이 최대치로 고정되었습니다. + 프레이 지속시간 너프 반영
2024년 시너지표에서는 INT수치를 6만으로 고정하여 최대치 33%에 도달하지 못한 최종뎀 26%의 수치로 측정하였습니다. 그러나 실제 비숍 유저 분들이 실험한 결과, INT가 34000 정도만 되어도 2인 기준 프레이 최종뎀 최대치에 도달하는 것으로 밝혀졌습니다. 엔젤 오브 리브라 최대치는 INT 43000 정도를 요구하는데 위 수치들은 현 메이플 파티격 수준에서는 쉽게 도달 가능하므로, 비숍 스펙과 상관없이 프레이와 리브라 최종뎀이 적용되는 것으로 바꾸었습니다. 이 외에도
1.2.407패치에서 프레이가 기존 40초에서 30초로 지속시간이 너프되었습니다.
○
모험가해적 : 파이렛플래그 쿨타임 30초
→
삭제
기존에는 비상시 설치기로 70%의 가동률을 적용하였으나, 패치로 쿨타임이 삭제되어 상시 설치기로 취급됩니다.
○
캐논슈터 : 풀메이커 산출 기준 변경
패치로 캐슈 본인은 보급품을 먹지 않더라도 데미지가 증가됩니다. 또한 기존에는 4인까지 최대 데미지 증가 효과를 본다고 하였으나, 실전에서는 각종 보스 패턴에 의하여 실질적으로 4인이 보급품을 먹기 쉽지 않습니다. 따라서 시너지효과를 최대 2명까지 볼 수 있다고 합니다.
○
은월 :
귀문진 크확 80%
→ 0% /
분혼격참 최종뎀 15%
→ 0%
패치로 시너지효과가 대폭 감소하였습니다.
○
팬텀 : 조커의 극딜시너지를 확률치를 곱하여 변경
기존에는 *40%확률로 적용이라고 하였으나, 기댓값으로 계산하여 기존 극딜수치에 40%를 곱한 값으로 그래프를 재산정하였습니다.
○
카인 시너지 없음으로 변경
○
키네시스 : 싸이킥 그라운드 2 방무 25%
→ 10%
○ (2026. 2. 13. 추가) 팔라딘
: 컴뱃 오더스 효율 2.59%에서 0.772%로 하향.
5. 어떻게 측정한 것인가요?
스프레드시트 링크
위 링크를 타고 가서 사본 만들기 버튼을 누르시면, 직접 계산과정을 확인할 수 있습니다.
적용한 시너지 스킬은 아래와 같습니다. (쓸컴뱃 적용)
5-1 . 평딜시너지의 측정방법(전체)
○
직업계수란
: 크확이나 마력과 같이 특정 직업군에만 적용되는 버프의 경우, 각 직업군의 비중을 고려한 '직업계수'를 산출한 시너지 효과에 곱합니다. 직업계수는 275레벨 이상 본캐를 기준으로 합니다. 특히, 궁수 직업군의 비중은 13.5%, 마법사 직업군의 비중은 19.9%입니다.
○
크리티컬 리인포스 반영방법
: 크리티컬 리인포스로 인하여 크확은 궁수직업군의 크뎀 시너지로 환산됩니다. 크리티컬 리인포스의 가동률(25%)에 의해 최대 가동률이 25%가 되도록 조정하였으며, 크리인 30레벨 기준으로 크확 1% = 크뎀 0.5% 가 되도록 수치를 반영하였습니다.
○
설치기 가동률
: 쿨있는 상시 설치기(파이렛 플래그, 버닝 리젼 등)의 경우, 이론상 가동률이 100%이더라도, 70%만 가동률을 적용하도록 수정하였습니다. 이동형 보스에서 평딜 타임에 시너지를 받지 못하는 경우를 고려한 것입니다.  쿨없는 상시 설치기(퍼지에어리어, 서포트 웨이버, 파이렛 플래그 등)는 이동형 보스라도 위치를 쉽게 바꿀 수 있으므로 100% 가동률을 적용합니다. 비상시 설치기(라라 발현, 연막탄, 제논 홀로그램) 역시 시너지 제외 시간을 고려하여 기존 대비 70%의 가동률을 적용합니다.
○
샤프, 어블, 하울링
: 총 보스 클리어에 걸리는 시간은 20분이라고 가정합니다. 이는 세이람의 영약 효과에 포함되는 시너지(하울링, 샤프, 어블)를 가진 직업들의 시너지를 반영하게 하기 위함입니다. 다만, 세이람이 적용되는 시간(15분) 동안의 컴뱃오더스가 적용된 찐샾과 찐어블의 차이(크확 1%, 크뎀 1%, 공마1)는 수치가 미미하며, 이를 포함할 경우 계산이 너무 복잡해지므로 고려하지 않았습니다.
콜렉터의 영약은 일반 파티에서 자주 사용되는 버프는 아니므로 평딜시너지에서는 제외하였으며, 대신 극딜시너지에 콜렉터 적용시 정보를 추가하였습니다.
○
기타 스탯
: 공마 30 증가는 0.72%, 주스탯 30 증가는 0.25%, 부스탯 30 증가는 0.03%의 최종뎀 효과로 환산하였습니다. 해당 수치는 계산식으로 직접 측정하기 어려워 메이플 스카우터에서 템환산 5만~12만 유저에게 추출하였습니다.
5-2 . 평딜시너지의 측정방법(직업군별)
○
비숍
: 마을INT 8만비숍, 총스탯퍼 500%, 285레벨을 기준으로 합니다. 메용2스탯을 적용한 프레이 최종뎀 증가율은 33%(최대치), 리브라뎀퍼 증가율은 40%(최대치)입니다. 이 외에 리저렉션 등 실전성 없는 버프는 제외합니다.
○
보마, 신궁
: 보마와 신궁은 샤프아이즈 하이퍼 중 크확 5% 증가를 반영하였으며, 방무하이퍼는 제외합니다.(나무위키 분배 기준) 하이퍼크확 5%는 세이람 영약과 상관없이 전 궁수에게 적용됩니다.
○
모험가해적
: 파이렛 플래그 AP 25%는 285레벨 기준 361의 주스탯을 올려주며, 이는 약 3.37%의 최종데미지 효과입니다.
○
캐논슈터
: 풀메이커는 33% 가동률에 최대 4개의 상자가 떨어집니다. 그러나 직접 윗키를 눌러야 발동되기 때문에 조건부 설치기와 같이 기존 가동률에 70%보정을 하여 23.33%로 가동률을 수정했습니다. 또한 2개 / 2개씩 나누어 떨어지기 때문에 실전 보스에서는 4인이 모두 데미지 증가 효과를 누리기는 어렵고 현실적으로 최대 2인이 한계입니다. 따라서 3인격까지는 뎀 30%를 온전히 받을 수 있고, 6인격은 5명 중 2명만 뎀 30% 효과를 누릴 수 있어 평균 12%로 계산합니다.
○
팔라딘
:
컴뱃오더스는 나제불불님이 측정하신 쓸컴뱃 2017년 효율 자료를 참고하였습니다. 이 중 모법은 리마전 인피니티로 딜증가량이 과대평가되어 있어 모법을 제외하고 나머지 직업을 산술평균인 2.59%를 최종뎀 증가량으로 사용했습니다.(쓸컴뱃 대비 1레벨 상승)
(2026. 2. 13. 추가) 기존 2017년 자료는 6차 등장 이전에 측정하는 것이여서 컴뱃 오더스의 효율이 과대평가되어 있었습니다. 혹시나역시나님이 새롭게 모든 직업의 컴뱃오더스 효율을 측정하였고, 거기서 측정된 0.772%의 최종뎀효율을 새롭게 반영하였습니다.(
(스압) 팔라딘 찐컴뱃은 얼마나 좋을까?
)
○
카인 :
인카네이션이 시너지 스킬로 보일 수는 있으나, 실질적으로는 자기 스킬로 취급됩니다.
○
제로 :
타임디스토션은 기본 240초쿨이나 초월자 륀느의 축복을 적용하여 120초를 기준으로 가동률 측정합니다.
5-3 . 극딜시너지의 측정방법
○
세이람의 영약이 없는 경우를 추가하는 경우 표가 지나치게 길어져 모든 경우에 세이람의 영약이 복용된 상태로 측정됩니다. 즉, 보마, 신궁의 하이퍼크확 제외 찐샾, 하울링, 찐어블 효과는 제외됩니다.
○ 콜렉터의 영약의 경우, 선발대 파티 등에서 사용될 여지가 충분히 있으나 적용되지 않는 경우도 있습니다. 따라서 콜렉터를 적용한 경우와 적용하지 않는 경우를 모두 서술하였습니다. 극딜시너지표에서 따로 표시가 없다면 콜렉터 미복용 상태, 콜렉터라는 표시가 있다면 콜렉터를 표시하였습니다.
○
평딜시너지와 달리 모든 최종데미지가 곱연산됩니다.
6. 끝으로
기존 글에도 많은 피드백을 받아 오류를 수정하였습니다.  지난 1년간 여러 피드백을 거쳤지만 혼자서 47개 직업의 스킬을 정리하다 보니 잘못된 정보가 있을 수 있습니다. 이 때는 댓글로 알려주시길 바랍니다.
※ 수정사항
○ 비숍 피스메이커 미반영 밸패 내용 수정(33% → 23%) (8.26.)
○ 비숍 프레이 최종뎀 관련 INT 기준 설명 변경(8만 비숍 → 전 비숍 / 9.13.)
○ 비숍 프레이 지속시간 너프(40초 → 30초) 반영(9.21.)
○
콜렉터 영약 복용 시 극딜시너지 내용 추가(9.21.)
○
팔라딘 컴뱃 오더스 효율 2.59%
→
0.772%로 하향조정. 팔라딘 3인격 내용 추가.(2026. 2. 13.)
○
평균 시너지
→
평딜 시너지로 명칭 변경 및 표 하단에 설명 추가.(2026. 3. 19.)"
https://www.inven.co.kr/board/maple/2304/45682,몬스터,(미세팁) 대적자 1페 분신 안보이면 바닥보면 됨,,2025-08-21 21:44,30299,35,"1페이즈에서 패링해야하는 패턴들 (붉은색 패턴) 은
시전시
바닥에 깨진 이펙트
가 표시 됩니다
그래서 회오리에 가려지거나 거리가 멀어
분신여부
가 잘 보이지 않으면
바닥을 보면 쉽게 파악 할 수 있습니다
◆ 3타 패턴
EX) 1타 (분신 X)  > 2타 > 3타 (분신 0)
- 1타 동작 시전 시 바닥이 바로 깨지지만
3타 동작 시전시 바닥이 깨지지 않고, 분신 돌진 시전 후 바닥이 깨지는 모습
EX ) 거리가 멀고 회오리에 가려 분신이 잘 보이지 않는 상태에서
바닥이 깨진 모습을 보고, 1타 돌진을 패링하는 모습
*
3타베기 & 2타베기
도 마찬가지로
패링 타이밍
에 바닥이 깨집니다"
https://www.inven.co.kr/board/maple/2304/45678,기타,(갱신)프론티어 패스 리프 안내 추가 등 신규사항 요약,,2025-08-21 16:52,27995,15,"[수정/추가 사항]
1. 편하게 보실 수 있도록 본문으로 갱신했습니다
2. 훈장 관련 추가 사항
■ 힐라를 잘 아는 자 훈장 획득 조건이 하드 힐라 50회 처치에서 1회 처치로 감소됩니다.
■ 타락여제 구원자 훈장 획득 조건이 이지 또는 노멀 시그너스 20회 처치에서 1회 처치로 감소됩니다.
----------
안녕하세요
이 글은 오늘 업데이트의 신규/변경/주의 사항을 모은 것입니다. 많은 건 아니라 이전에 업데이트 내용을 숙지하신 상태라면 가볍게 한 번 봐주시면 됩니다
빠뜨리거나 잘못 적힌 부분은 말씀 부탁 드립니다. 오늘은 바로바로 수정이 어렵더라도 최대한 하겠습니다
▶ 8/21(목) 업데이트 메할일 / 각 이벤트의 자세한 보상 등 정리 :
https://www.inven.co.kr/board/maple/2304/45651
★캐시 업데이트 관련 사항★
1. [~9/10]로얄 스타일 업데이트 : 스라벨&마라벨&신규 코디 :
https://maplestory.nexon.com/News/CashShop/Sale/561
- 신규 코디
- 마라벨
* 로얄 스타일 전체 목록 :
https://www.inven.co.kr/board/maple/5974/5519358
** 무제한 명찰/말풍선 반지 확률 : 각각 0.1%
2. [상시] <스타일링 스타터 패키지> 판매 : 1회 구매 가능 / 9900 캐시 :
https://maplestory.nexon.com/News/CashShop/Sale/560
3. [~9/17] <2025년 상반기 BEST 프리미엄 뷰티(헤어/성형)> :
https://maplestory.nexon.com/News/CashShop/Sale/559
4. [~9/18 점검 전] <프리미엄 헤어&성형 쿠폰> 목록 변경 :
https://maplestory.nexon.com/News/CashShop/Sale/558
★주요 신규&변경&주의 사항★
1. <스킬 조정> 임시 추가된 최종뎀 스킬 관련 글(링크 글 덧글에 수치 있음) :
https://www.inven.co.kr/board/maple/5974/5517830?my=chu
* 수치 원 출처 :
https://blog.naver.com/seotbeo/223977843723
2. 본섭 오면서 추가된 신규 이벤트 없음
3. 점검 후부터 주간 보스 12개 퇴치 제한이 적용되므로 접속하신 후 스케줄러에서 상위 12개만 설정해 두시는 등의 조치가 권장됩니다
- 점검 전에 잡으셨는데 접속하셨을 때 0/12로 나오실 경우 오류가 아니고 ""※ 2025년 8월 21일(목) 점검 이후부터 적용됩니다."" 사항이 적용된 것입니다
4. <프론티어 패스> 이벤트 시작 전 완료한 주보/몬파/익스 몬파는 미션 카운트에 적용되지 않습니다
* 일단 안내에 저렇게 3개만 언급돼있긴 한데 심볼 일퀘와 레범몬도 안 될 것 같으니 우선적으로 패스 이벤트 참여!
5. <프론티어 패스> 관련 본섭 오면서 추가된 안내 : 월드 리프 시에도 이어 진행할 수 있음
----------
3추만 보내주시면 감사드리겠습니다"
https://www.inven.co.kr/board/maple/2304/45675,몬스터,[15.4MB] 최초의 대적자 공격 범위 및 타이밍 1편: 강력한 공격,,2025-08-21 03:42,59897,51,"1. 설명
청록색은 즉발 패턴이고, 붉은색은 지속 패턴입니다. 자주색은 1회 공격 후 소멸하는 패턴입니다.
범위가 직관적인 패턴은 제외했습니다.
검은색 사각형은 공격 0.36초 전부터 색이 어두워집니다. 불멸의 의지를 사용할 타이밍을 계산할 때 참고 바랍니다.
2. 1페이즈
​
​​
거인 사냥: 숙여서 피할 수 있습니다.
​
​​
사지 가르기: 1타와 2타에 한해 숙여서 피할 수 있습니다.
​
​​
성률의 소나기: ""​무수한 검의 소나기가 대지를 덮친다. 지면을 벗어나야 한다.""
1타는 200px 이상, 2타는 450px 이상 점프하여 피할 수 있습니다.
​
​​
해당 패턴 시전 시 본체의 모션입니다. 공격 타이밍을 표시했으나, 본체에 공격 판정이 있는 것은 아닙니다.
​
​​
기만 돌격: 일반적인 돌진 패턴과 달리, 공격 판정과 돌진 모션이 분리되어 있습니다. 따라서 최초의 대적자의 모든 돌진 패턴은 몸박 무시로 막을 수 없습니다.
​
​​
쉐도우 파트너는 숙여서 피할 수 있습니다. 이 패턴을 제외하면, 쉐도우 파트너는 무조건 생성 1.44초 후 공격합니다.
​
​​
협공하는 환영: 1타와 3타가 강화 공격입니다. 2타는 숙여서 피할 수 있습니다.
​
​​
1타의 쉐도우 파트너는 숙여서, 3타의 쉐도우 파트너는 50px 이상 점프하여 피할 수 있습니다.
​
​​
그림자 떨구기: 맵 구석에서 화면 바깥으로 숙여서 피할 수 있습니다.
3. 2페이즈
​
​
​원소 폭발: 인접한 영역 사이에 74px의 여유 공간이 있습니다.
퍼붓는 화살: ???
4. 3페이즈
​
​​​
거인 사냥: 1타는 숙여서 피할 수 있습니다. 2타의 속성은 랜덤입니다.
​
​​
사지 가르기: 1타와 2타는 숙여서 피할 수 있습니다.
3
타의 속성은 랜덤입니다.
​
​​​​
협공하는 환영: 1타와 2타는 숙여서, 3타는 50px 이상 점프하여 피할 수 있습니다.
​​
​
1타와 2타의 쉐도우 파트너는 숙여서, 3타의 쉐도우 파트너는 50px 이상 점프하여 피할 수 있습니다.
[수정 사항]
2025년 8월 22일 21시 45분: 정식 서버 업데이트에 맞춰 최신화, 협공하는 환영 3타 범위 수정
2026년 2월 12일 23시 44분: 정식 명칭 반영
5. 다른 보스
스우 1편
/
2편
진 힐라
검은 마법사
​
선택받은 세렌
감시자 칼로스
최초의 대적자 1편
/
2편
카링 1편
/
2편
찬란한 흉성 1편
/
2편
​
림보"
https://www.inven.co.kr/board/maple/2304/45651,기타,(수정)[8/21~]패치후 메할일&바뀌는것들 요약+@ : 주의사항 등 - ASSEMBLE 3차 업데이트,,2025-08-19 11:55,105587,78,"[수정/추가 사항]
1. 8/19(화) 오후 3시 12분에 추가적인 공지 사항이 업로드되어 확인 후 오후 6시 20분 경에 글에 반영하였습니다
-
최초의 대적자 / 보스 몬스터 리워드 / 스킬 조정 관련 사항이 추가적으로 공지되었으며, 이는 테스트 월드를 거치지 않고 본섭 적용 시 반영됩니다
- 이 글에도 반영하여 수정했고, 전문의 경우 각 항목에서 눌러 보실 수 있게도 해놨습니다. 다만 이미 글을 보신 분들께서 공지사항 전문만 보고 싶으실 경우엔
링크를 봐주시면 됩니다 :
https://maplestory.nexon.com/testworld/news/all/125
2. 점검 전까지만 유효했던 항목들 삭제
3.<블루밍 에버니아> 이전 글에서 정정 드리는 말씀 : 이벤트 시작 시간 9/4 10시 -> 12주차 모래 채우기 완료 후
: <블루밍 에버니아> 이벤트만 궁금하신 분들은 -
https://www.inven.co.kr/board/maple/2304/45872
참고 부탁 드립니다
-------------------------
안녕하세요
이 글은 8/21(목) 진행되는 <ASSEMBLE> 3차 업데이트의 중요한 내용들을 각 테마별로 빠르게 확인하실 수 있도록 한 글입니다
이번 8월 업데이트는
변경/주의 사항 중 중요한 것들이 있어 꼭 한 번 봐주시는 게 좋습니다
.
잘못 적힌 부분은 말씀해 주시면 감사히 수정하겠습니다
[목차]
1. 수요일 종료되는 사항들
2. 점검 전 주간 보스 잡아도 돼요?
3. 패치 후 추가 메할일 체크
4. 캐시 관련 사항
5. 신규 이벤트 핵심 사항
6. 주요 신규&변경&개선 사항들
7. 8~10월 로드맵
▶ 이 글의 내용은 테스트 서버 기준으로 정식 서버 업데이트 시 변동 혹은 변경될 수 있습니다
▶
8/21(목) 점검 예정 시간 : 03~10시
★패치 후 추가 메할일 체크★
1) <소소리의 산책>
: ~9/17 : 사냥 경험치 스킬 이벤트 : <즐거운 오아시스> 후속
- 이전과 동일한 레범몬 스킬 발동 이벤트
- 1회 250마리x캐릭터당 최대 30회=7500마리
2)
<시대를 초월하는 의지> : ~9/17 : <최초의 대적자> 격파 이벤트
- 이벤트 기간 내 <최초의 대적자> 격파하고 치장 보상 수령하기
- 익스트림 난이도의 대적자가 격파된 후 격파 유저 NPC에게 격파 축하 보상 받기 : 코디 모자/부스터/사우나/4배 경쿠
3)
<프론티어 패스> : ~11/19 : 5/22 이후 생성된 캐릭터만 참여 가능한 후속 패스 이벤트
- 이벤트 참여한 캐릭터로 주간 미션 수행 : 심볼 일퀘/몬파/익몬/주보/레범몬(최대 30000마리)
- 주간 미션은 매일 메할일 수행 시 자연스럽게 완료(챌린저스 패스 주간 미션과 동일)
- 모든 미션 완료 기준 만렙인 30레벨까지 8주 필요
- 보상은 이벤트 참여한 1개의 캐릭터만 수령 가능 / 창고 이동 불가
- 프리미엄 패스 가격 : 49,800 메이플포인트 : 패스 효과도 구매 캐릭터만 적용
4)
<블루밍 에버니아> : 9/4~9/17 : 모래 채우기 후속 마무리 협동 이벤트
- 12주차 모래 채우기 완료 후 시작
- ""들꽃 피우기"" 1회에 레범몬 5천 마리 요구 / 일일 최대 10회까지 가능
- 1회 들꽃 피우기마다 황금 태엽 1개 적립
- 개인 들꽃 피우기 누적 보상 : 의자/부스터 20개/커스텀 배경
- 협동 게이지 달성 보상 : 극성비/상급 EXP/솔 에르다 조각 교환권/영겁 태엽
* 단, 각각 2/4/6/8/10회 들꽃을 피워야 협동 보상 수령 가능
5) PC방 이벤트 관련
- 50% 추가 경험치 / 기프트샵 : 점검 후부터 진행
- 후속 누적 보상 이벤트 : 금요일 0시부터 진행
★캐시 관련 사항★
1. 신규 <스페셜 라벨> & 신규 코디 아이템
- <로얄 스타일> 관련 개선 : 캐시샵에서 즉시 사용 가능&개봉 시 연출 추가
2. 신규 <마스터 라벨>  : 마스터 카오스
​
​
- 이벤트 퀘스트 보상 등 관련 이미지 모음 :
https://upload3.inven.co.kr/upload/2025/08/17/bbs/i1294258217.jpg?MW=800
3. 신규 패키지 : <스타일링 스타터 패키지>
4. <프리미엄 헤어/성형 쿠폰> 목록 :
https://upload3.inven.co.kr/upload/2025/08/17/bbs/i1725676013.jpg
5. <상반기 BEST 헤어/성형 쿠폰> 목록 :
https://upload3.inven.co.kr/upload/2025/08/17/bbs/i1499297057.jpg
★신규 이벤트 핵심 사항★
[신규 이벤트 공식 이름과 함께 한 줄로 보기]
▶
이벤트 변경&개선 사항
1.
<소소리의 산책> :
~9/17
:
레범몬 사냥 스킬 이벤트(=즐거운 오아시스)
2.
<시대를 초월하는 의지> : ~9/17 : <최초의 대적자> 격파 이벤트
3.
<프론티어 패스> : ~11/19 : 5/22 이후 생성된 캐릭터만 참여 가능한 후속 패스 이벤트
4.
<블루밍 에버니아> : 9/4~9/17 : 모래 채우기 후속 마무리 협동 이벤트
5.
<프리미엄 PC방 기프트샵> : ~9/17
6. <프리미엄 PC방 접속 보상 이벤트> : 8/22 0시~9/18
---------------------------------------------------------------------
▶ 이벤트 변경&개선 사항
1) <챌린저스 월드> 대적자 미션 추가 : 포인트 보상 X 코인 보상만 O
2) <챌린저스 월드> 코인샵 : 심연의 환생의 불꽃 150개 -> 170개
3) <깨어나는 시간의 힘> : 시간의 힘이 다 찰 시, 우측 하단의 버튼 클릭으로 효과 받기 가능
- 레범몬 스킬 이벤트 등에서 우측 하단에 나타나는 대화 UI 자체도 위처럼 변경되었습니다
4) <하이퍼 버닝> 적용 중일 때
이벤트 기간에 관계 없이
<테라 블링크> 이용 가능하도록 개선
1.
<소소리의 산책> : ~9/17 : 레범몬 사냥 스킬 이벤트(
=즐거운 오아시스)
1) 이전 이벤트인 <즐거운 오아시스>의 후속입니다
2) 이전 이벤트와 동일한 사양입니다 : 테섭 기준 경험치도 동일
- 레벨 범위 몬스터 250마리 퇴치 시 스킬 발동 : 맵 곳곳에 소소리가 배치되어 5회 공격
- 캐릭터당 일일 최대 30회까지 발동 가능
2.
<시대를 초월하는 의지> : ~9/17 : <최초의 대적자> 격파 이벤트
1) 격파 선물 : 이지/노멀/하드/익스트림 난이도 격파 시 치장 보상 지급
▶ 상위 단계의 대적자 격파 시 하위 단계의 보상도 수령 가능
- 이지 난이도 클리어 보상 : 의자(의지가 만나는 곳)
- 노멀 난이도 클리어 보상 : 대적자 라이딩
​
- 하드 난이도 클리어 보상 : 대적자 이펙트+말풍선&명찰 반지
​
​
- 익스트림 난이도 클리어 보상 : 칭호(계승되는 의지)&의자(대적자의 단상)
​
​
​
2) 선착순 선물 : 익스트림 난이도를 격파한 선착순 3개의 파티에게 보상 지급
- 500만 메이플포인트
- 커스텀 배경
3) 격파 기념 선물 : 익스트림 난이도가 격파된 직후부터 모든 유저들에게 보상 지급
- 9/18 2시까지 수령 가능
- 격파한 유저의 모습을 한 NPC로부터 수령 가능
* 익스트림 난이도는 8월 22일(금) 오후 7시 이후 입장 가능
3.
<프론티어 패스> : ~11/19 : 5/22 0시 이후 생성된 캐릭터만 참여 가능한 후속 패스 이벤트
1) 이벤트 시작 전 꼭 한 번 보셔야 하는 내용들
- 2025/5/22 0시 이후 생성된 캐릭터만 참여 가능
- <챌린저스 월드> 가 아닌 월드에서도 참여 가능
- 메이플 ID당 1회 참여 가능
- 이벤트에 참여한 캐릭터는 이후에 변경 불가하며, 참여한 캐릭터로만 미션 수행과 보상 수령 가능
- ""프리미엄 패스"" 구매 시 일몹뎀&경험치 효과도 참여한 캐릭터에만 적용
- 패스 레벨 달성 보상들도 교환 불가(사우나 제외)이므로 다른 캐릭터에게 옮겨줄 수 없음
- 이벤트 참여 전 퇴치한 주간 보스/몬파/익스 몬파는 주간 미션 기록에 반영 안 됨
- 월드 리프 시에도 패스 진행 상황은 그대로 유지됩니다
2) 프리미엄 패스 : 49,800 메이플포인트로 구매 가능
- 구매 시 이하 혜택이 적용되며 ""특별 지원 물품""을 추가적으로 수령 가능합니다
3) 이벤트에 참여한 캐릭터로 주간 미션을 수행하여 포인트를 획득하고 레벨을 올릴 수 있습니다
- <챌린저스 패스> 미션과 동일 : 심볼 일퀘/몬파(+익스)/주보/레범몬(5000~30000)
- 획득 포인트는 전부 100으로 통일되었습니다
- 주간 최대 2000 포인트까지 획득 가능
- 최대 30레벨 / 1레벨에 480 포인트
- 만렙 요구 포인트 : 480 x 30 = 14400 포인트 ▶ 최대 레벨인 30레벨 달성에 8주 필요
4) 포인트를 획득하여 달성한 레벨에 따라 보상 아이템을 수령할 수 있습니다 : 교환 불가
- 레벨별 보상 보기 :
https://upload3.inven.co.kr/upload/2025/08/21/bbs/i1351455305.jpg
5) 각 보상의 총 개수는 이와 같습니다
▶ 아이템 이름 : 기본 보상 개수 / 프리미엄 패스 구매 시 추가 보상 개수
- 초월 성장의 비약 : 0 / 1
- 솔 에르다 조각 : 80 / 400
- 상급 EXP 교환권 : 2500 / 2500
- 스페셜 명예의 훈장 15 / 45
- 카르마 검은 환생의 불꽃 : 30 / 150
- 카르마 블큐 : 0 / 10
- 카르마 화에큐 : 0 / 10
- 솔 에르다 : 0 / 2
- VIP 부스터 : 10 / 20
- VIP 사우나 교환권 5 / 15
3.
<블루밍 에버니아> : 9/4~9/17 : 모래 채우기 후속 - 마무리 협동 이벤트
1) <깨어나는 시간의 힘>
12주차 모래 채우기 완료 후 시작됩니다
2) 레벨 범위 몬스터 5천 마리를 퇴치하여 들꽃을 1회 피울 수 있습니다
- 일일 최대 10회까지 가능 : 일일 최대 5만 마리
- 이벤트 기간 내 최대 140회까지 가능 : 이벤트 기간 내 최대 70만 마리
3) 일일 보상 : 들꽃 1회를 채울 때마다 황금 태엽 1개가 적립되며, 이벤트 기간 내 받을 수 있습니다
- 매일 레범몬 퇴치 후 날이 지나기 전에 ""피우기"" 버튼을 눌러야 출석 인정됩니다
4) 누적 보상 : 피운 들꽃 횟수에 따라 보상 수령 가능
- 1회 보상 : 의자 - 표지판에 피운 들꽃 횟수 표기
​​
- 10회 보상 : VIP 부스터 20개
- 100회 보상 : 커스텀 배경
5) 협동 목표 달성 보상
- 블루밍 파워 게이지가 20%씩 채워질 때마다 보상을 수령할 수 있습니다
- 단, 게이지가 목표치에 도달하더라도 본인이 피운 들꽃 횟수가 아래의 횟수보다 적으면 보상을 수령할 수 없습니다
- 사우나 충전권 : 2회 / 극성비 : 4회 / 상급 EXP : 6회 / 에르다or조각 교환권 : 8회 / 영겁 태엽 : 10회)
5. <프리미엄 PC방 기프트샵> : 8/21~9/17 : 지금과 동일한 사양
1)
50% 추가 경험치 혜택 지금과 동일
2) 코인샵도 지금과 동일
5. <프리미엄 PC방 접속 보상 이벤트> : 8/22 0시~9/18
1) 하루 5시간까지 누적 가능
2) 일일 / 총 누적 접속 시간 보상
★주요 신규&변경&개선 사항들★
1. <스킬 조정> 적용
1) 테스트 서버 공식 릴리즈 :
https://maplestory.nexon.com/testworld/news/all/121
2) 18개의 직업에 선제적으로 적용 후, 9/10월 업데이트에서 순차적으로 남은 직업들에게 적용 예정
3) 3개의 목표 : 적극적 구조 개선 / 이론과 실전의 괴리 줄이기 / 전반적인 컨트롤 응답성 높이기
4) 특수 스킬 반지(시드링) 교체 스킬 추가 : ""링 익스체인지"" : 쿨타임 10초
+ 추가된 디렉터 코멘트 전문 :
https://upload3.inven.co.kr/upload/2025/08/19/bbs/i1253910584.jpg?MW=800
2.
신규 보스 <최초의 대적자> 추가
1) 270레벨 이상 도전 가능한 신규 보스
2) 4개 난이도 출시 : 결정 가격과 주요 보상
3) 관련 보상들 이미지 :
https://upload3.inven.co.kr/upload/2025/08/18/bbs/i1133596544.jpg
- 하드 이상 드롭되는 훈장 : 최초로 추가 옵션 부여가 가능한 훈장
4) 추가된 <최초의 대적자> 관련 변경 사항 :
https://upload3.inven.co.kr/upload/2025/08/19/bbs/i1401135728.jpg
3. 보스 시스템 및 리워드 개편 - 선제적 조치 적용
1) 주간 보스 몬스터를 12회 퇴치 시 그 주에는 추가적으로 다른 주간 보스 입장 불가하도록 변경
- 입장 횟수는 여러 UI에서 확인 가능하며 입장 시에도 안내 문구 출력
- 하위 보스들에 먼저 입장하여 입장 횟수가 12회에 도달할 시, 상위 보스에 입장 못 하는 불상사가 일어나므로 스케줄러에서 미리 상위부터 12개의 보스까지만 넣어두시는 등의 방식이 권장됩니다
2) ""칠흑의 보스 장신구"" 관련 조정 사항
- ""손상된 블랙 하트"" 드롭 삭제 : 테섭 기준 아직 블랙 하트 교환은 가능하다고 나오나 이후 어떻게 될 지 모릅니다
- 소위 검밑솔 보스에서 칠흑 장신구 드롭률 하향 조정
- 카링(노멀/하드/익스트림) / 림보(노멀/하드) / 발드릭스(노멀/하드) 에서 관련 신규 리워드 드롭
3) 리워드 관련 조정
- 이지 칼로스 : 조각 드롭하지 않게 변경
- 이지 카링 : 조각 드롭 삭제 취소
- 하드/익스트림 카링 : 신념의 연마석 드롭 추가 / 생명의 연마석 드롭 삭제
- 노멀 칼로스 : 연마석 드롭률 하향 조정
-
마일리지 200 -> 400 :
익스우/세렌/칼로스/카링/림보/발드릭스
- 솔 에르다 50 증가 : 림보(노멀/하드) / 발드릭스(노멀/하드)
- 다음 아이템에서 획득 가능한 에테르넬 장비가 모자/상의/하의/견장으로 변경
뒤엉킨 흉수의 고리 /
남겨진 칼로스의 의지 /
흉수의 에테르넬 방어구 상자 /
의지의 에테르넬 방어구 상자
4) 먹자 플레이 방지 조치 시행
- 칼로스와 카링이 드롭하는 조각들을 개인 보상에서 파티 보상으로 변경
- 변경 전/후 보상
5) 길드 기여도 관련 변경 사항
- 획득 제한 : 일간 5000 -> 주간 35000 변경
-
하드 스우 이상 보스 처치 시 획득 기본 기여도 1500에서 3000으로 상향
6) 카오스 반반/피에르/벨룸/블러디퀸 킬러 처치 횟수 10회에서 1회로 감소
- 네 개의 훈장 모두 획득 시 킹 오브 루타비스 획득 가능
- 보스 관련 추가된 공지사항 전문(위에서 보신 글에 다 적용한 내용입니다) :
https://upload3.inven.co.kr/upload/2025/08/19/bbs/i1381973570.jpg?MW=800
4. 편의성 등 개선 사항 모음
1) 인게임 채팅창 설정 옵션 추가
2) 친구&보스 UI 개편과 기능 추가
- 친구 등록 가능 명수 200명으로 확장
- 자리 비움 상태 추가
- 계정 친구만 남음 : 캐릭터 친구만 되어 있어 패치 후 사라진 친구를 찾고 싶을 경우 문의 시 확인 가능
3) <메이플 홈> 개선
- 상호 작용 가능한 가구들 증가
- 집 앞 공원 가기 버튼 추가
- 집 앞 공원에 슈피겔만 상점 추가
* LIMITED 진열장 교환권 : LIMITED 라벨 아이템만 진열 가능한 진열장
* 메이플 홈 테마 추출권 : 홈 테마를 교환 가능으로 만드는 추출권
- 신규 가구 보상들 추가
4) 인벤토리 한 칸당 보유 개수 확장
- 파엘 / 순록 / 이슬 / 만통 : 99999개
- 주흔 / 펫 먹이 : 90000개
5)
치장 UI 신규 옵션 : 무기/이펙트 망토 온오프 기능 추가
★8~10월 로드맵★
1. 9월 정식 서버 업데이트 일자 : 9/18(목)
1) 유력 테스트 월드 오픈 일자 : 9/11(목)
2) 확장되는 유니온 챔피언 슬롯 개수 : 1개
3) 9월에 이벤트 관련 ""재미있는 형태로 선물을 드리려 하고 있다""고 언급됨
4)
이벤트 시작 전 선공개 되는 내용이 있을 수 있다고 언급됨
5) 타인의 명의까지 이용하여 다수의 계정을 이용하는 경우 등에 대한 약관, 게임 시스템 변화 적용 예정
2. 10월 정식 서버 업데이트 일자 : 10/23(목)
1) 유력 테스트 월드 오픈 일자 : 10/16(목)
2) <월드 아카이브> : 스펙업과 무관한 도감 콘텐츠
3) 10, 11월에 라이브 방송에서 재미있는 내용이 많을 것 같다고 언급됨"
https://www.inven.co.kr/board/maple/2304/45639,기타,그란디스 보스 난이도/인원수에 따른 수익,,2025-08-18 13:50,24236,11,"(0819 17시 36분)  카링 난이도별 리워드 개편 반영하여
100억 미만 수익 조건은 표기하지 않았습니다.
52주 기준 470억 이상 수입이 발생하는 조건에는 음영처리 하였습니다.
단위는 '억 메소'이며, 소수점 둘 째 자리에서 반올림 된 값입니다.
림보 밑은 체력 2경 이상 보스는 미표기하였습니다.
물욕템은 해당 개수 만큼 먹었다는 가정으로 측정하였습니다.
현 시세 기준이기 때문에 단순 참고용으로만 봐주세요(훈장 500억 가정).
값이 이상한 부분이 있으면 댓글로 작성해주시면 수정하겠습니다.
도움이 되셨다면 와드 및 추천 한 번씩 부탁드립니다
."
https://www.inven.co.kr/board/maple/2304/45636,테섭,최초의 대적자 패턴 총정리 및 공략팁 (정보 반영중),오리아나해,2025-08-15 12:58,150495,132,"​
1. 기본적인 설명
게이지
최초의 대적자는 '게이지'가 존재
이 게이지는 0~1000 (5칸)으로 이루어져있으며
단계별로 데미지와 관련된 디버프 or 버프를 제공하는데 수치는 아래와 같습니다
0~200 : 최종뎀 40%
감소
200~400 : 최종뎀 20%
감소
400~600 : 최종뎀 변동 없음
600~800 : 최종뎀 10%
증가
800~1000 : 최종뎀 20%
증가
이 게이지는 일부 패턴에 피격될 시 하락하게 됩니다
그 일부 패턴을 채집키로 패링하면 역으로 게이지가 차게 되고 쿨타임이 초기화 됩니다
그래서 적재적소에 이용시 연속적인 패링이 가능하여 게이지를 많이 채울 수 있습니다
자연적으로도 게이지가 감소하지만
현재 칸 밑으로는 떨어지지 않습니다
ex) 현재 3번째 칸(400~600 사이)에 게이지가 위치한다면 자연감소로는 400 미만으로는 떨어지지 않음
패링은 해방 무적등의 무적 상태에서도 가능합니다
데카와 권능
최초의 대적자는 2분 15초마다 특수한 연출과 함께 권능을 시전합니다
권능 직후에는 게이지가 절반으로 고정됩니다
대적의 의지 = 데카
죽으면 200이 감소한다 그 말은 즉슨 찐데카는 5개
하지만 그 외에도 데카가 줄어드는 경우가 있는데
권능 때 게이지가 일정 수준 아래일 경우 데카를 소모하게 됩니다
0~200 : 데카 200 감소
200~400 : 데카 100 감소
그 외는 변동 없음
결론
최초의 대적자는 중요 패턴을 패링하여
게이지를 최소 400(3칸) 이상, 최대 1000(5칸)을 유지하면서 공략해야
안전하게 클리어가 가능한 보스입니다
하드 난이도부터는 일반 짤패나 맵패턴에도 게이지가 까이게 되어
완벽한 회피와 패링을 해야해서 정말 소울류같이... 플레이해야 하는 보스입니다
2. 패턴 공략
1페
1) 개인 장판
​
캐릭터의 몸에 노란 문양이 따라다니며 일정 시간 이후 자리에 남아 지속 데미지를 줍니다
계속 맞으면 아프고 본체 패턴과 겹칠 시 위험하기 때문에 끝쪽이나 공중에 깔면 좋지만
그게 아니더라도 깔린 위치만 의식하고 피하며 딜 넣어도 좋습니다
상위 난이도에선 게이지가 까이는 걸로 알고 있습니다
2) 검 소나기
​
​​
검들을 공중 띄웠다가 바닥에 꽂은 뒤 일정 시간 후 폭발합니다
검 낙하시 위쪽에 있으면 안전 (윗점 or 블링크 체공으로 회피)
땅에 박힌 후 폭발하는 빨간 공격을 패링 시 게이지를 채워줍니다(폭발은 피격시 즉사)
패링 타이밍은 전조랄 게 없어서 그냥 감각을 외워야 됩니다
이 패턴은 입장하자마자 , 권능 타이머 1분~1분10초 사이, 권능 직후 무조건 나오는 시간 패턴입니다
즉, 권능 한 사이클에 두번씩 보게되는 패턴이구요
입장 시에 이 패턴을 패링하고 극딜하면 최종뎀 10% 버프를 받고 극딜할 수 있습니다
3) 진짜 찾기
​
대적자가 분신술을 써서 3명이 됩니다
처음에 검이 빨갛게 점등되는 곳이 진짜이며
그 위치로 가서 패링 시 게이지를 대량 회복합니다 (피격시 즉사)
가끔 내 캐릭터가 사이드에 위치해서 두명만 보일 때가 있는데 이때 아무도 검이 빨갛게 점등되지 않았다면
무조건 반대쪽 대적자가 진짜 이므로 빠르게 이동해야 합니다
패링 타이밍은 자세 잡다가 사라질 때 누르면 확정으로 됩니다
진짜 찾기 패턴 또한 검 소나기와 마찬가지로 권능 1주기에 2번씩 보게되는 패턴이구요
만약 패턴 직전에 패링 실수해서 쿨이 돌고 있다면 무적기로 회피 가능합니다
4) 3연 베기
​
전조 : 대적자가 검을 등 뒤로 듭니다
검 2타-> 캐릭터 있는 곳 보고 빨간 1타
앞의 2타는 엎드리면 회피가능
막타인 빨간 1타 패링 타이밍은 검을 위로 치켜들었을 때
5) 2연 베기
​
전조 : 대적자가 검을 앞쪽으로 듭니다
1타-> 캐릭터 있는 곳 보고 빨강 1타
패링 타이밍은 2타의 붉은 검이 파지직 거린 후
근데 이건 그냥 감으로 익히는 게 개인적으로 더 편했습니다
6) 3돌진
​
​
이 패턴은 분신이 섞인 버전이 있고 아닌 게 존재합니다
기본적으론 총 3타이며 빨간 돌진 -> 그냥 돌진 -> 빨간 돌진의 구성
1타와 3타 패링 시 게이지 회복
분신 1타와 그냥 돌진은 엎드리기로 회피가 가능합니다 (분신 3타는 엎드려도 맞음)
분신 출현은 랜덤이며 출현시 1타와 3타에 분신이 먼저 공격 후 빨간 돌진을 시전합니다
만약 분신에 먼저 피격되면 넉백 및 후딜때문에 후속 빨간 돌진에 피격돼 게이지를 잃게 됩니다 (반드시 피하기)
3타의 분신 돌진은 후속 빨간 돌진이 평소보다 약간 늦은 타이밍에 시전되므로 패링 타이밍을 잘 잽시다
만약 게이지가 이미 넉넉하다면 뒤를 잡으며 딜해도 좋습니다
특히 막타에 분신이 섞일 시 꽤 훌륭한 딜타임
*3타의 분신 공격은 점프로도 피해진다고 합니다
7) 1돌진
​
3돌진과는 다르게 단검을 끌어모으는 모션의 전조를 가지고 있습니다
이 돌진은 빨간 1타이며 패링 시 게이지 회복
이 패턴도 분신이 먼저 나올 때가 있음 분신 첫타는 엎드리기로 회피 가능합니다
패링 타이밍은 붉은 이펙트가 원형으로 터진 후입니다
8)텔포 베기
​
대적자와 거리가 멀면 한번씩 나오는 패턴입니다
피격 시 스턴에 걸리지만 게이지 감소는 없습니다
1페 총평
대부분 대적자의 본체 패턴만 신경쓰면 됩니다
'빨간' 이펙트를 가진 스킬을 패링하면 게이지를 채워주기 때문에
이 빨간 패턴들을 패링해 게이지를 유지하며 딜하는 게 핵심입니다
패링으로 얻는 게이지보다 피격으로 잃는 게이지가 더 많은 편이라서
익숙해지기 전까지는 게이지 관리가 힘들 수 있습니다
만약 게이지가 이미 최대거나 높은 상태라면
굳이 리스크가 있는 패링을 하지 않고 뒤를 잡거나 숙이거나 점프하며 딜하는 게 욱여넣긴 더 좋습니다(최소컷 참고)
2페
대적자가 맵 중앙 고정형 보스가 되고 캐릭터의 머리 위에 불, 얼음, 빛 원소 중 하나가 배정됩니다
이에 상응하는 패턴을 패링하면 게이지가 회복되는 기믹
이 원소는 권능때마다 변경되므로 권능 이후에 갱신된 것을 꼭 확인할 것
1) 원소 장판
​
맵 곳곳에 랜덤으로 불, 얼음, 빛 원소 장판이 생성됩니다
자신과 상응하는 속성의 장판으로 가서 패링하면 게이지 회복 (피격시 게이지 감소)
꼭 원 이펙트가 모이는 가운데로 갈 필요 없이 피격 타이밍만 맞춰서 패링 누르면 됩니다
2) 비석 소환
​
1페처럼 주기적으로 내 캐릭터 발 밑에 노란 장판 같은 게 생깁니다
시간이 지나면 내가 있던 자리에 비석이 깔리는데
이 비석 주변에 있으면 다단히트가 들어와 체력이 빠르게 소모됩니다
내가 딜하는 구역 및 포탈을 피해서 깔아야 합니다
3) 종유석
맵에 지속적으로 직선의 노란 줄이 생기는데
저 이펙트가 사라지고 나서 종유석이 떨어집니다
피격 시 잠깐 스턴에 걸리니 다른 패턴과 겹치지 않게만 조심합시다
4) 회전 레이저
​
옛날 스우 1페가 생각나는 회전 레이저 패턴
2페 조우시 반드시 시전하며 1페의 검 소나기와 진짜 찾기처럼 1권능에 두번씩 보게될 패턴입니다
전조때 대적자 주변을 보면 화살표로 시계 반시계 중 어느 방향으로 도는지 알려줍니다
이를 보고 포지션을 잡아서 내 원소와 같은 레이저에 패링을 하며 게이지를 회복합시다 (그냥 피격시 게이지 감소)
5) 리듬게임
​
이 패턴도 회전 레이저처럼 1권능에 두번씩 보게 될 패턴입니다
전조 때 레이저 속 빈 공간의 화살표로 좌우 중 어느 방향으로 진행될지 알려줍니다
포탈을 적극 이용해서 빈 공간으로 들어가 회피
만약 본인의 속성과 상응하는 레이저가 있다면 패링
회전 레이저와 이 리듬 게임이
2페에서 게이지를 가장 많이 채울 수 있는 패턴이니
위 두 패턴이 나올 때 적극적으로 패링해줍시다
6) 갈래화살
​
랜덤한 방향으로 활을 땡겨서 벽에 튕기는 갈래화살을 발사합니다
이렇게 바닥에 쏠 때가 있는데
이때는 저렇게 화살이 처음 갈라지는 곳에 위치하면 한방에 갑니다
게이지가 달긴 하나 커버 가능한 수준입니다 몇틱 맞으면 파운틴 한번 먹읍시다
하지만 파티격이나 상위 난이도에서는
이 갈래 화살에 동시다발적으로 피격시 게이지가 순삭되어 위험한 패턴이 됩니다
*갈래화살 무적존
좌상단 좌하단 거냥 -> 우측 아래 포탈에 엎드리기
우상단 우하단 거냥 -> 좌측 아래 포탈에 엎드리기
딜
링 무적존
https://www.inven.co.kr/board/maple/5974/5501482
근데 화살이 돌아다니는 동안 다른 패턴과 겹치는 변수가 많아
위급할 땐 무적을 활용하는 것을 추천합니다
7) 추적화살
​
대적자 몸에 마법진 생기면서 나를 추적하는 화살 투사체가 여러개 발사됩니다
내가 가진 원소와 동일한 화살이 발사되며 (영상에서 빛) 패링 시 게이지를 회복합니다 (피격시 게이지 감소)
8) 스나이핑
​
대적자가 내 캐릭터를 조준하고 화살 여러발을 쏜 뒤 강력한 막타를 발사합니다
한번 맞기 시작하면 피하기가 어렵고 특히 막타는 굉장히 치명적입니다
멀리서 피하는 것보다 영상처럼 바닥으로 향하게 해서 피하거나
블링크로 아예 대적자 몸에 비비며 피하는 게 제일 편합니다
막타는 내 원소와 동일한 속성으로 발사하는데 이를 패링하면 게이지가 찹니다
9) 이볼브
대적자가 이볼브를 소환해서 광역 공격을 합니다
피격시 멀리 넉백돼 다른 패턴에 겹칠 확률이 높아집니다
날개를 한쪽만 펼치고 있다 -> 펼친 쪽이 안전(사진에선 좌측이 안전이니 좌측에서 딜)
날개를 둘다 움츠리고 있다 -> 맵 양 사이드(바깥쪽)이 안전
날개를 둘 다 펼치고 있다 -> 중앙, 대적자 주변 안전, 좋은 딜타임
2페 총평
원소 장판과 주기 패턴(회전 레이저, 리듬 게임)으로 게이지를 많이 채워놓는 것이 중요합니다
만약 게이지 수급이 한번 꼬이게 되면 복구하기 까다로워서 1페보다 더 집중력을 요하는 거 같습니다
상위 난이도부터 모든 자잘한 패턴에도 게이지가 까이게 되는데
2페는 특히 겹패턴이 나오는 경우가 많아 굉장히 까다롭습니다
3페
3페도 2페처럼 캐릭터에게 원소가 부여됩니다
본체패턴 자체는 1페와 같은 게 많지만
패링 시 게이지 회복 패턴이 자신의 원소가 담긴 패턴으로 제한됩니다(무조건 빨간색X)
1페의 강화버전이라고 봐도 무방합니다
1) 3연 베기
​
1페와 똑같은 3연 베기 패턴이지만 막타가 랜덤 속성 공격으로 바뀝니다
막타가 자신의 원소와 같다면 패링 시 게이지를 회복합니다
2) 2연 베기
​
이것도 1페와 같은 2연 베기지만 막타에 속성이 추가됩니다
자신의 원소와 일치하는 공격을 패링 시 게이지를 회복합니다
3) 무지개 베기(대각)
​
대각선으로 검을 드는 전조를 보인 뒤 무
지개 검을 휘두릅니다
이 무지개 베기는 내가 어떤 원소를 들고있는지와 상관 없이 패링 시 게이지를 회복 시켜줍니다
3페는 내가 원하는 원소 패턴만 나오는 게 아니다보니
이 무지개 베기는 반드시 패링해주는 게 게이지 수급 및 유지에 도움이 됩니다
4) 무지개 베기(수직)
​
검을 수직으로 드는 전조를 보인 뒤 무지개검을 휘두릅니다
이 수직 무지개 베기는 패링 타이밍이 대각 무지개 베기보다 느리기 때문에
무지개 베기가 나왔다면 전조를 확실하게 보고
해당 패턴에 맞는 타이밍에 패링을 사용해야 합니다
5) 3돌진 + 텔찍
​
​
​
1페의 3돌진과 똑같지만 속성이 추가됩니다
불->얼음->빛 순서 고정 패턴이기 때문에 내 원소가 나올 순서일 때 패링을 해줍시다
여기도 마찬가지로 분신이 먼저 공격할 때가 있기 때문에
항상 대적자 등 뒤를 잘 보면서 분신이 나와있는지 보고 패턴에 대응합시다
1, 2타는 분신 본체 모두 엎드리기로 회피 가능합니다
분신 3타와 본체 3타는 1페와 같이 점프로 회피 가능합니다
그리고 3돌 이후 연계로 텔포 베기가 나오게 되는데
대적자가 보고 있던 방향 그대로 나오니까 안쪽 무빙으로 회피합시다 (피격시 스턴)
좌표 확정 타이밍이 생각보다 늦어서 부지런히 무빙하거나 타이밍 맞게 덮점or돌진으로 피해줍니다
특이사항
​
3페 3돌진의 1타(빨간 돌진)의 경우 1페와 달리
분신 공격 후 본체 공격이
상당히 늦은 타이밍에 나옵니다
만약 내가 불원소인 상태라면 이 점 유의하여 엇박 패링을 하시면 됩니다
6) 삼색 레이저
​
세 속성의 원소 레이저가 랜덤 순서로 나를 따라오다가 소멸합니다
내 원소와 같은 속성의 레이저가 나올 때 패링을 하면 많은 양의 게이지를 회복합니다
레이저만 나오면 좋겠지만 대적자 본체 패턴과 겹쳐서 당황하게 되는 패턴입니다
개인적으로 해방무적을 아꼈다가 이때 쓰는 걸 추천합니다
1권능에 두번 나오는 패턴이긴 하지만 한번은 날먹이 가능합니다
7) 애로우 레인
​
1권능에 두번씩 보게 될 애로우 레인 패턴
딱히 특별한 건 없고 화려한 것과 달리 빈틈이 많은 패턴이라 회피하면서 딜을 넣으면 됩니다
개인적인 후기로는 솔플 기준으론 지금까지의 보스 중에서 가장 재밌는 거 같습니다!
마지막으로 이지 난이도긴 하지만
렌 100퍼 최소컷 클리어 영상 올리고 물러납니다
저도 아직 플레이가 완벽하진 않지만
챌섭 이지 대적자 노리는 유입 렌분들께 도움 됐으면 합니다"
https://www.inven.co.kr/board/maple/2304/45500,기타,280레벨 이후 경험치 BM효율 (앵글 vs 사우나),,2025-08-05 10:52,44759,24,"밑에 3줄 요약있음
본 글은 앵글러 4배를하고 추가로 8배를 할 경우 사우나와 비교했을때 이득인지 작성했습니다.
레벨 280기준 경험치 획득량
앵글 기본: 1.73%
앵글 4배: 8.64%   (+10,000)
앵글 8배: 15.55% (+30,000)
사우나: 0.93% (1시간 3000원)
-------------------------------------------------------------------------------------------------------------------------
비교대상 =  앵글 4배 vs 사우나
앵글 4배    = 10,000원
(6.91%)
사우나 7.4시간 = 22,200원
(6.91%)
앵글4배  > 사우나7.4시간
결론:  앵글4배를 사우나로 대체할경우 '개흑우'
---------------------------------------------------------------------------------------------------------------------------
비교대상 = 앵글8배 vs 사우나
앵글 8배     = 30,000원
(6.91%)
사우나 7.4시간 = 22,200원
(6.91%)
앵글8배 < 사우나
결론: 앵글 8배보다 사우나가 7,800원 더 쌈
-------------------------------------------------------------------------------------------------------------------------
번외 : 골드주화를 팔아도 앵글8배는 손해인가?
4배에서 추가로 앵글8배를 할 경우 = 골드주화 4개 획득
현재시세: 40,684,400 x 4개= 162,737,600원
162,737,600원을 메포로 환전할 경우 4,882원
30,000원(앵글8배) - 4,882원(골드주화4개) = 25,118원(총 사용금액)
결론 = 이래도 앵글 8배보다 사우나가 3000원정도 더 쌈
--------------------------------------------------------------------------------------------------------------------------
3줄요약:  앵글 4배만 하고싶어요 = 당신은 똑똑하고 현명한 메청년
앵글 8배를 추가로하고싶어요 = 차라리 잘때 사우나돌리십쇼
전 돈 많아서 둘다 할 수 있어요 = 둘다 하십쇼"
https://www.inven.co.kr/board/maple/2304/45479,몬스터,[8.4MB] 검은 마법사 공격 범위 및 타이밍,,2025-08-03 22:46,31799,29,"1. 설명
청록색은 즉발 패턴이고, 붉은색은 지속 패턴입니다.
범위가 직관적인 패턴은 제외했습니다.
2. 1페이즈
​
​
돌진
​
​
사슬 채찍
​
​
처단: 다른 기사의 위치로 텔레포트합니다. 나타나는 순간 상공에 타격 범위가 생성되어, 지상에서 에르다 노바로 타격이 가능합니다.
​
​
창조와 파괴의 기사의 탐지 범위입니다. 주황색 사각형은 사슬 채찍의 공격 범위이며, 초록색 사각형은 돌진의 탐지 범위입니다.
​
​
붉은 번개: 생성 위치가 고정되어 있으며, 6군데에 생성됩니다. 중앙에는 730px의 여유 공간이, 그 외에는 530px의 여유 공간이 있으며, 붉은 번개의 너비는 70px입니다. 다크 사이트로 무시할 수 있습니다.
3. 2페이즈
​
​
녹스피어: 양쪽 구석에는 생성되지 않습니다.
​
​땅에 떨어진 모닝 스타폴입니다. 가로 길이는 120px, 높이는 100px입니다.
4. 3페이즈
​
​
존: 3단계에 걸쳐 줄어드는 존의 실제 범위를 연두색 원으로 ​나타냈습니다.
회색 선은 지면입니다. 지면에 서 있을 경우, 헬존에서 96px의 여유 공간이 있습니다.
6번 발판에 서 있을 경우, 머리가 헬존을 벗어납니다. 헬존 안에 들어가려면 숙여야 합니다.
​
​
인바이러빌리티​: 숙여서 피할 수 있습니다. 6번 발판에서 56px 이상 점프해도 피할 수 있습니다.
​
​
발판 생성: 4번 발판의 높이가 낮습니다. 4번 발판 바로 아래 바닥에 있을 경우, 숙여서 피할 수 있습니다.
공격 범위가 1번, 6번 발판보다 좁으며, 좌우 각각 10px의 여유 공간이 있습니다.​
​
​​
​파괴의 레이저
5. 4페이즈
​
​
폭발
6. 그 외
​
​
화염: 창조의 저주에 걸렸을 때 지속적으로 캐릭터 위치에 창조됩니다.
4페이즈에 한해, 이펙트가 실제 범위보다 아래로 치우쳐 있으며, 실제 공격 시점보다 0.18초 늦습니다.
​
​
창조의 권능: 범위를 도저히 모르겠습니다.​ 겉보기에는 폭발하는 순간 공격 범위가 좌우로 36px씩 늘어나는 것 같은데, 진 힐라를 보면 알겠지만 메이플스토리는 폰범위에 매우 능숙합니다.
[수정 사항]
2025년 8월 14일 11시 9분: 땅에 떨어진 모닝 스타폴 패턴이 추가되었습니다.
7. 다른 보스
스우 1편
/
2편
진 힐라
검은 마법사
​
선택받은 세렌
감시자 칼로스
최초의 대적자 1편
/
2편
카링 1편
/
2편"
https://www.inven.co.kr/board/maple/2304/45445,몬스터,[7.9MB] 진 힐라 공격 범위 및 타이밍,,2025-08-01 21:02,67025,68,"1. 설명
청록색은 즉발 패턴이고, 붉은색은 지속 패턴입니다.
범위가 직관적인 패턴은 제외했습니다.
2. 진 힐라
​
​​
낫 내려찍기
​
​
​
속박: 동일한 위치에 공격이 두 번 발생합니다. 이펙트에 비해 상단 범위가 낮습니다.
​
​
낫 휘두르기 1: 전방에만 판정이 있고, 낫을 몸 쪽으로 휘두를 때 판정이 있습니다.
​
​
낫 휘두르기 2: 1차 공격 판정은 1페이즈와 동일합니다. 동시에 힐라의 좌우로 투사체가 사출됩니다. 투사체는 크기가 1px이며, 숙이거나 50px 이상 점프하여 피할 수 있습니다.
​
​
이미 발사된 투사체입니다.
​
​
뼈 파동 1: 힐라의 위치에 1차 공격이 발생하며, 2차 공격은 각각의 위치에서 0.54초 간 지속됩니다.
전방에 240px, 후방에 90px의 여유 공간이 있으며, 힐라의 상단에는 판정이 없습니다.
​
​
뼈 파동 2:
힐라의 위치에 1차 공격이 발생하며, 2차 공격은 각각의 위치에서 0.54초 간 지속됩니다.
전방에 50px, 후방에 200px의 여유 공간이 있습니다.
3. 소환 몬스터
​
​
욕망의 현신
​
​
사령 스우: 별도의 충돌 데미지가 존재합니다. 충돌은 숙여서 피할 수 있습니다.
​
​
사령 데미안: 별도의 충돌 데미지가 존재합니다.​ 숙여서 피할 수 있습니다.
4. 그 외
​
​
독안개: 낫 휘두르기 2의 투사체와 달리 접촉 범위가 상당히 큰 것으로 추정됩니다. 반지름의 길이는 최대 200px까지 성장합니다.
[수정 사항]
2025년 10월 23일 19시 30분: 낫 내려찍기 패턴의 범위가 수정되었습니다.
5. 다른 보스
스우 1편
/
2편
진 힐라
검은 마법사
​
선택받은 세렌
감시자 칼로스
최초의 대적자 1편
/
2편
카링 1편
/
2편"
https://www.inven.co.kr/board/maple/2304/45331,전문기술,8/25 2차 하버 1일컷 공략(PC방이벤트필수)(수정),,2025-07-26 18:05,87753,36,"(25.07.29 수정사항)
기존: 딸기농장 내에서 렙업시
몹과의 렙차발생으로
효율이 낮아지는 점 때문에
EXP교환권 사용 후 딸기농장 입장하는 루트
변경: 선 딸기농장 후 EXP교환권 사용으로 내용 변경
이유: 200~220레벨 까지의 딸기농장 효율이 220이후보다 좋다는 의견
EXP교환권은 모든 레벨대에서 효율이 비슷한 점
EXP교환권보다 딸기농장을 먼저 소진하는것이 맞다는 판단으로 수정
-----------------------------------------------------------------
-사전 준비물-
1. 딸농티켓 7장+@
[에버니아답사 1장]
+[PC방 기프트샵 6장] - 8/20 챌섭 6장 구매하기
+[매주 에버니움 코인샵에서 5장씩 구매하며 쟁기기]
2. Exp교환권 5000개
[PC방 이벤트 30시간 보상] - 8/21 챌섭 수령
3. 극성비 4~6개
[전야제 참여선물 1개 + 에버니아 답사 3개 + 에버니움 코인샵 2개]
4. (선택사항, 없어도 지장없음)
쑥쑥새싹(길라잡이) + 정펜(8/17 데일리기프트 늦게받기) + 혈반,부스트링(캐시이동 빌려쓰기)
<효율적인 극성비 4개 루트>
0. PC방에서 육성진행
1. 챌섭 캐릭터생성 및 하이퍼부스터 사용하기
2. 챌린저스월드 생성 선물 받기(슬롯증가,화이트셋)
3. 길라잡이 쑥쑥새싹 칭호 + 정펜 + 혈반 + 부스트링 장착
4. 테라블링크 입장 및 진행 중 15성 루타비스셋 장착 -> 200달성
5. 5차 전직 및 이터널플레임 칭호 장착 + 이벤트 모두 받기
6. 쓸만한 홀리심볼 만렙 찍기 + 하이퍼스텟 경험치 만렙 찍기
7. 딸농+@(일퀘등등) 240렙 37.154% 달성
8. EXP교환권 5000개 + 극성비 4개 사용 ->
260렙 달성
-스피드런 육성방법(6극성비루트)-
0. PC방에서 육성진행
1. 챌섭 캐릭터생성 및 하이퍼부스터 사용하기
2. 챌린저스월드 생성 선물 받기(슬롯증가,화이트셋)
3. 길라잡이 쑥쑥새싹 칭호 + 정펜 + 혈반 + 부스트링 장착
4. 테라블링크 입장 및 진행 중 15성 루타비스셋 장착 -> 200달성
5. 5차 전직 및 이터널플레임 칭호 장착
+ 이벤트 모두 받기
6. 쓸만한 홀리심볼 만렙 찍기 + 하이퍼스텟 경험치 만렙 찍기
7. 만렙쓸심+딸농 -> 230렙 0.484% 달성
8. EXP교환권 5000개+극성비 6개 사용 ->
260렙 달성
1. 코인 소모를 아끼겠다 -> 4극성비 루트
(에버니움 코인샵 딸농티켓 매주 5개씩 구매하며 쟁기기)
2. 시간을 아끼겠다/딸농티켓 못구했다 -> 6극성비 루트
3. 이후 리프하던지 챌섭 남아서 익몬/일퀘 경험치 추가 수급하던지 선택
-번외(5극성비)-
235렙 20.568%에서
EXP교환권 5000개+극성비 5개 사용 ->
260렙 달성
-기타정보-
1. 2차 하버 레벨달성 보상은 챌섭에서 육성하더라도 일반섭 보상으로 적용됨
2. 하버 중간에 리프하더라도 버닝 및 레벨달성보상 유지됨
3. 2차 하버캐릭터에 의문의결계 받지않기 만약 받을 시 첫캐릭 결계 초기화됨(주의)"
https://www.inven.co.kr/board/maple/2304/45231,퀘스트,무역왕 최적 전략 및 보상 기댓값,,2025-07-21 08:01,97945,53,"대성공 확률은 성공 확률의 1%로 가정했습니다.
아래 보상 기댓값은 조각 기준이고 기운은 4배, EXP 교환권은 20배 해 주면 됩니다. (괄호 안은 최종 레벨)
1. 특정 레벨 주차 시나리오
아래는 각 주차 레벨별 보상 기댓값입니다.
각 1백만 회씩 시뮬레이션 했습니다.
레벨2 주차
보상 기댓값
1.02
(
레벨2
98.99%
레벨3
1.01%)
레벨3 주차
보상 기댓값
3.03
(
레벨2
0.00%
레벨3
99.01%
레벨4
0.99%)
레벨4 주차
보상 기댓값
6.04
(
레벨2
0.00%
레벨3
0.00%
레벨4
99.00%
레벨5
1.00%)
레벨5 주차
보상 기댓값
10.05
(
레벨2
0.00%
레벨3
0.00%
레벨4
0.00%
레벨5
99.00%
레벨6
1.00%)
레벨6 주차
보상 기댓값
14.66
(
레벨2
1.20%
레벨3
1.32%
레벨4
0.99%
레벨5
0.42%
레벨6
95.12%
레벨7
0.95%)
레벨7 주차
보상 기댓값
16.12
(
레벨2
9.80%
레벨3
11.64%
레벨4
9.43%
레벨5
5.08%
레벨6
1.59%
레벨7
54.28%
레벨8
0.53%
조난
7.65%)
레벨8 주차
보상 기댓값
19.37
(
레벨2
18.23%
레벨3
21.76%
레벨4
18.11%
레벨5
10.37%
레벨6
3.94%
레벨7
0.84%
레벨8
10.10%
레벨9
0.09%
조난
16.56%)
레벨9 도전
보상 기댓값
7.89
(
레벨2
19.94%
레벨3
23.69%
레벨4
19.85%
레벨5
11.39%
레벨6
4.48%
레벨7
1.06%
레벨8
0.11%
레벨9
0.71%
조난
18.77%)
내용 추가: 레벨8 주차를 목표로 하는 게 보상 기댓값이 높다는 거지 레벨8을 먹을 수 있다는 게 아닙니다. 잘 보면 레벨8 달성 확률은 10%밖에 안 되고 오히려 조난 확률이 더 높습니다. 이번 무역왕은 황금 문어보다 운빨을 훨씬 크게 받습니다.
2. 융통성 있는 시나리오
위 시나리오는 중간에 무슨 일이 생기든지 전략을 수정하지 않는 방식입니다. 그러나 만약에 레벨6에서 시도 횟수가 1번만 남았다면 레벨7을 도전하기보다는 그냥 보상을 수령하는 게 나을 수 있습니다. 아래는 각 레벨, 각 현재 시도 횟수에서의 최적의 선택입니다.
각 레벨, 각 현재 시도 횟수마다 따로 1번 시나리오를 계산하여, 현재 레벨보다 높은 보상 기댓값의 목표 레벨이 존재하면 시도, 그렇지 않으면 중단합니다. 곰곰이 생각해 보면 이게 수학적으로 완벽한 전략과 괴리가 있을 가능성도 있습니다만 있더라도 그 차이는 유의미하지 않을 것입니다.
각 레벨, 각 현재 시도 횟수마다 5만 회씩 시뮬레이션 했습니다.
현재 레벨 기준
레벨3 이하
, 항상
시도
레벨4
, 시도 횟수 99회(남은 횟수 1회)이면 중단
레벨5
, 시도 횟수 89회(남은 횟수 11회) 이후이면 중단
레벨6
, 시도 횟수 69회(남은 횟수 31회) 이후이면 중단
레벨7
, 항상 시도
레벨8
, 항상 중단
현재 시도 횟수 기준
레벨7은 항상 시도, 레벨8은 항상 중단
, 그 외:
0-68회
, 항상 시도
69-88회
, 레벨6일 때 중단
89-98회
, 레벨5 또는 6일 때 중단
99회
, 레벨4, 5, 6일 때 중단
레벨7이 항상 시도인 건 오류가 아닙니다. 레벨6 보상 대비 레벨7 보상이 쓰레기라 레벨7에서 실패해도 큰 손해가 없지만 성공 시 보상이 아주 큽니다.
위 전략으로 2백만 회 시뮬레이션 했을 때 나온
보상 기댓값
은
20.60
입니다. 레벨8 단순 주차 전략보다 조각 하나 이상 이득입니다.
(
레벨2
4.54%
레벨3
2.98%
레벨4
5.40%
레벨5
24.67%
레벨6
43.55%
레벨7
0.00%
레벨8
7.19%
레벨9
0.07%
조난
11.60%)
파이선 코드 첨부합니다. 아래 변수 바꿔서 직접 실험해 보시면 됩니다. 2번 시나리오 할 때 num_trial 크게 하면 개오래 걸립니다.
num_trial: 시뮬레이션 횟수
(1번 시나리오는 각 주차 레벨마다, 2번 시나리오의 경우 각 레벨, 각 시도 횟수마다 시뮬레이션 하는 횟수이며 2번 시나리오에서 나온 전략으로 보상 기댓값 구할 때는 num_trial의 40배 회 시뮬레이션 함.)
up2r: 성공 확률 대비 대성공 확률, 이게 1%가 아닌 것 같으면 원하는 걸로 바꾸면 됨
adaptive: False일 때 1번 시나리오, True일 때 2번 시나리오
adaptive_verbose: True면 2번 시나리오에서 계산 진행 상황 나옴
이거 빼고 건드릴 거 없습니다.
요약
생각하기 귀찮다면
레벨8 주차
보상 기댓값 기준 이론상 최적 전략
레벨7은 항상 시도, 레벨8은 항상 중단
, 그 외:
0-68회
, 항상 시도
69-88회
, 레벨6일 때 중단
89-98회
, 레벨5 또는 6일 때 중단
99회
, 레벨4, 5, 6일 때 중단"
https://www.inven.co.kr/board/maple/2304/45219,몬스터,"알고보면 역대급 범부보스, 스우 아주 쉽게 공략하기",,2025-07-20 18:22,66181,38,"안녕, 지금 다들 여름이벤트 즐기느라 바쁘지?
나도 지금 한창 즐기고 있는지라 꼭 올리고 싶었는데 미루다 미룬게 있어
바로 하스우 잘 잡는 방법
사실 지금쯤이면 다들 고인물이 되서 늦은감이 없지않아 있는데
뭐 지금이라도 차차 알아둬도 나쁠건 없기도 하고
중간중간에 익스우 팁들도 같이 올릴테니, 나중에 익스우 대비할거라면 같이 참고하면 돼
참고로 어떤게 즉사기인지 등 기초적인 스우 패턴은 따로 설명안할테니까
스우에 대한 기초적인 지식은 알아두는게 좋을거임
이거는 나무위키나 유튜브 등 많이들 있으니 참고하시고
나는 지금 어려워하는 스우를
더 쉽게 공략하는 법을 알려주는거임
목차 (컨트롤 f해서 찾으면 됨)
Part 1. 스우 섬멸게이지 관리법
ㄴ 섬멸관리 패턴별 쉽게 파훼하는 법
- 레이저 공격
- 작은 전선 10연타 찍기 (익스 10연타 - 대형팔 - 2연타)
1. 첫타를 일단 소리로 통해 먼저 반응해라
2. 스우 몸에서 ㅅ 모양으로 비빈다
- 미사일 발사
ㄴ 각 페이즈별로 섬멸게이지 관리하는 법
- 1페이즈
- 2페이즈
- 3페이즈
Part2. 섬멸모드 돌입했을때의 주의사항들
ㄴ 1. 상단 레이저포
ㄴ 2. 드론공격
ㄴ 3. 가로폭격
- 발동타이밍 예측
- 발동범위 조절
Part3. 스우 페이즈별 본체 패턴 대비법
ㄴ 1페이즈
ㄴ 2페이즈
ㄴ 3페이즈
Part4. 겹패턴 대응방법
Part5. Q&A
Part 1. 스우 섬멸게이지 관리법
스우에서 가장 중요한 공략법은
섬멸 게이지 관리
임
스우에서 가장 위험한건 섬멸때 등장하는 패턴들인데,
당연히 섬멸패턴이 잦을수록 데카관리가 위태로울 수 밖에 없음
특히 익스우에선 섬멸 관리가 그 어느 모드보다 중요함
그러니까 스우를 편하게 잡으려면 섬멸모드를 신경써야함
섬멸관리 패턴별 쉽게 파훼하는 법
섬멸 모드는 총 3가지(익스 4가지)있는거 알지?
레이저 공격 / 작은 전선 찌르기 / 미사일 발사(3페 한정) / 대형팔 찌르기(익스 한정)
레이저 공격
​
이거는 아주 쉬운 패턴인데, 일단 레이저를
스우 몸에다가 유도한 뒤
깜빡거릴때 피하면 돼
사실 패턴 대응시간을 아주 넉넉히 주는 편이고
스우 몸이랑 비비면 스우본체 패턴도 피할 수 있어서
웬만하면 게이지 관리가 쉽고 무난하게 잘 되는 패턴이 되는거임
물론 그만큼 최대한 적중해야 되고, 게이지를 최대한 레이저를 통해서 빼야해
작은 전선 10연타 찍기 (익스 10연타 - 대형팔 - 2연타)
이거는 눈으로 대응하고 피하기엔 어려운 보스라서 게이지 관리를 까다롭게 만들거임
그래서 쉽게 공략하는 법 2가지 알려주겠음
1. 첫타를 일단 소리로 통해 먼저 반응해라
눈으로 보고 반응하기보다는 소리로 듣고 반응하는게 보통은 더 빠를거고
이펙트도 예고이펙트가 굉장히 수수하기 때문에
""삑""소리
로 반응하는게 훨신 나음
삑소리가 들린다? 바로 2번 방법으로 전선으로 게이지 최대한 빼면 됨
2. 스우 몸에서 ㅅ 모양으로 비빈다
​
말 그대로 ㅅ 모양으로 스우 몸이랑 비비면 돼.
더 쉽게 말하자면 좌측 방향으로 점프하고 뒤돌아서 우측으로 점프
왜 점프하냐고 묻는다면
점프를 하면 전선찍기가 상단에 찍힐 수 있거든
상단에 찍잖아? 그러면 자연스레 회피 범위가 늘어나지?
전선찍기가 케릭 위치에 정직하게 찌르는거 알지?
그리고~ 심리적으로 그냥 이동하는것보다
점프샷하면서 공격하면서 이동하는게 편하지 않냐? 나만 그런가
아무튼 이런 식으로 하면 모든 전선 다 피하진 못해도 상당수의 전선을 다 피할 수 있어
어려워 보인다고? 이거 뇌빼기로 하면 편함
그리고 전선을 대응 안하면 게이지가 순식간에 차기 때문에 반드시 조심해야함
미사일 발사
​
이것도 예고사운드가 있거든? 약간 매미가 울리는것마냥 특이한 사운드가 있는데
그거듣고 바로 스우랑 비비면서 대응하면 됨,
예고사운드가 좀 수수하긴해서 안들리면 걍 첫타 맞고 다음타부터 피하면 됨
사실 미사일 발사는 그렇게까지 신경쓸 필요는 없어
전선에 비해 판정이 널널하고 게이지 증가/감소량이 엄청나진 않거든
굳이 따지자면 안전모드 확정짓기 위함 정도?
참고로 익스우 하는사람들을 위해 대형팔 찍기 대응법
- 이건 간단함, 그냥 사이드로 빼면 되고, 젤 편한건 윗점임
사실 전선찌르기보다는 간단해서 이렇게로만 설명하겠음​
물론 게이지 관리 핵심 스킬인점은 인지해야함
각 페이즈별로 섬멸게이지 관리하는 법
1페이즈
레이저만 맞추셈,
작은 전선찌르기는 스우에게 맞추기만해도 게이지가 안차
물론 익스트림의 경우 작은 전선찌르기는 몇대만 맞고 나머지는 다 피해야돼
익스트림에서는 은근 아프고 게이지 많이찬다
2페이즈
2페 진입하자마자는 1층으로 내려와야 해서 레이저 맞추기 어렵거든?
포지셔닝이 더 중요하기 때문에 깔끔하게 포기해야되고 (이건 part3 후술)
포지셔닝이 완료되면 게이지 관리를 본격적으로 집중해야 돼.
레이저는 무조건 맞추고, 사슬은 최대한으로 맞춰줘야해.
근데 사실 하드에서는 어차피 섬멸로 가기 때문에
만약 섬멸게이지가 상당히 찬 상태라면 그냥 미련을 깔끔하게 버리자
어차피 섬멸로 가는데 굳이 힘들게 관리할 이유 없잖아?
파운틴도 있겠다
걍 빨리 섬멸 맞이하고 다음 사이클이나 대비하자
참고로 익스트림에서는 2페 섬멸 안갈 수 있기때문에 무조건 섬멸관리가 최우선순위
(익스트림 모드가 하드모드보다 섬멸관리가 쉬움)
3페이즈
이거는 2페이즈와 반대로 섬멸을 빼는거라서, 여유가 될 때 빼는게 핵심임
사실 별건 없고, 걍 게이지 빼다보면 자연스럽게 스우 패턴도 피할 수 있게 되거든?
그런식으로 운용하면 됨
다만 2페이즈랑은 달리 3페이즈는 본체 패턴이 빡세지기 때문에 게이지 관리는 조금 후순위임
게이지 관리가 중요하긴 하나,
본체 패턴 피하면서 자연스레 게이지 관리해주는 느낌으로 가야함
본체패턴 대응에 마스터하면 그 다음에 게이지 관리에 연습하면 숙련도가 늘어남
Part2. 섬멸모드 돌입했을때의 주의사항들
당연하게도, 섬멸은 무조건 맞이해야 되고, 섬멸 들어가게 되면 생존이 굉장히 빡세짐
그래서 최대한 피해를 최소화하는 방법 알려주겠음
1. 상단 레이저포
​
이거는 파운틴이 있다지만 그래도 발동속도가 빠르고 굉장히 아픈패턴이라 피해줘야함
파운틴으로 버틸 수는 있긴하지만, 너무 파운틴 믿다가 순식간에 체력빨려서 죽을수도 있음
그래도 범위가 좁아서 이렇게 한칸한칸씩 좌우로 움직여주는게 좋음
어차피 게이지 빼려면 같이 움직여야 하니까?
2. 드론공격
​
공중에 띄우는 너프가 삭제된 뒤로 상대적으로 범부가 된 패턴
그래도 거슬린다면 피하는 방법 알려줄게
드론이 머리위에 도착하잖아? 그때 옆으로 빼던가 위로 빼면 돼
머리위에 드론이 멈출때
빼는게 맞는 타이밍임
3. 가로폭격
​
​
이거는 알다시피 안전지대는 좌측상단/우측하단인데
2페이즈는 우측하단/3페이즈는 좌측상단 추천함, 이유는 part 3 후술
그리고 이 가로폭격의 경우 발동타이밍 예측과 발동범위 조절이 가능함
발동타이밍 예측
정확한 타이밍은 아니고 오차가 당연히 존재하는데
드론이 생겼을때 쯤에 가로폭격 대비하면 될거임
물론 재사용 대기시간이 달라서 당연히 폭격이 먼저 올수도 있음
근데 드론을 보면 가로폭격을 곧 사용할거라고 인지하면 된다는 뜻임
발동범위 조절
​
​
​
​
​
가로폭격의 경우에는 범위 적용방식이 좀 복잡한것 같은게
파란박스 밖에 케릭터가 위치할 경우에는 가로폭격 범위가 랜덤이고 (단 포탈을 넘어서지 않음)
파란박스 안에 케릭터가 위치할 경우
케릭터가 있던 위치에 가로폭격 범위가 설정됨
즉 가로폭격 생길때 쯤
파란박스 내에 있으면 가로폭격 범위를 조정할 수 있다는 의미
물론 실전에서는 스우패턴 신경쓰느라 막상 조절할 여유는 없고
그냥 소소하게 도움될 뿐임
2페이즈랑 3페이즈 우측하단은 사실 실험을 안해봐서 모르겠는데, 마찬가지로 범위가 따로 있긴할거임
어차피 소소하게 도움될 뿐이고 그렇게 중요하지 않아서 실험을 안했음
걍 핵심은 드론 나올때 쯤 가로폭격 대비하면 됨
Part3. 스우 페이즈별 본체 패턴 대비법
1페이즈
​
전기장판
사운드를 듣다보면 스우가 ""전류 방출 개시""라고 말하잖아?
그러면
안내사운드 끝나자마자 점프하면 피해짐
이게 딜로스 최소화하는거야
보호막
스펙이 낮을수록 1페이즈의 보호막 패턴이 클리어에 엄청난 영향을 끼치는데
가장 좋은것은 레이저랑 전선찍기 +거대팔찍기 패턴이 보호막을 다 까주는거야
그래서 보호막 깔렸을때 시드링 스위칭직업은 시드링 스위칭하고
그외에는 파운틴을 깔거나하는 등 잠시 재정비타임이라고 생각하는게 좋음
그리고 바인드를 쓰면 보호막 타이밍이 늦춰지긴 하는데
나는 바인드는 극딜쓰는데 보호막이 방해할 것 같은 타이밍에만 씀
괜히 보호막 타이밍 밀었다가 보호막 주기가 꼬일 수 있어서
물론 이거는 사람마다 빌드 다를 수 있고 내가 말한건 정답이 아닐 수 있으니 참고만 바람
로봇 투척 패턴
​
이거는 침착하게 로봇이 떨어지지 않은 위치로 피하거나
늦게 떨어진 로봇 자리에서 대기하다가
먼저 터진 로봇 자리로 이동하면 됨
이걸 연습하는게 좋은게, 검마 2페이즈에 비슷한 패턴이 있음
나중에 검마갈걸 대비해서 미리 익혀두라고
에너지 압축 패턴
중앙에 기 모으다가 쏘는거 있잖아.
타입에 따라 엎드려야 하거나 점프해야 하거나 있긴한데
걍 안내사운드로 에너지 압축한다고 말할때 빠졌다가 복귀하면 됨
소리듣고 잠깐 피하는게 좋다고
나머지 패턴(지뢰/자폭로봇/칼날톱니
그냥 파운틴믿고 맞으면 됨
그거 억지로 피하면 오히려 어려워지기 때문에 피하는 패턴이 아님
걍 여유될때 그것까지 피해주는게 좋음
2페이즈
고철더미 투척
​
​
고철더미는 스우에서 유일하게 다크사이트 패턴이 먹히는 보스로
스턴까지 먹히기 때문에 다른 패턴이랑 겹치면 꽤나 귀찮은 보스임
그래서 내가 위에 적었잖아, 스우 2페 공략할때 우측 하단에서 공략한다고
이 패턴때문에 2층보다 1층이 편한거임
고철더미는 1층 바닥에 닿자마자 사라지는데, 반대로 2층은 그대로 통과하기 때문에
피격판정이 1층에 있을때보다 더 길어짐
그리고 2층보다 1층이 상단 시야가 더 넓어지니까 대비가 편해짐
반대로 도적의 경우에는 2페 입장하자마자 빠른 포지셔닝이 중요하기 때문에
2층에서 닼사로 지우면서 공략하는게 편함
참고로 고철더미는 ""솨아악""하는 기계바람 소리 내는데, 사운드플레이로 대비가 가능함
에너지 구체 발사
이거 굉장히 아픈 패턴인데, 억지로 피하지 말고 그냥 최대한 파운틴 믿고 버텨야함
구체가 너무 작아서 잘 안보이고, 또 케릭추적이라 판정이 영 애매해서
걍 맞고 파운틴 빨고 이러면 다른패턴에 연계 안당하면서 포지셔닝 잡기가 쉬워짐
아픈건 맞긴함, 나도 이거때문에 2페가 더 싫을때가 있음
슬로우방벽
이거는 걍 방벽사이 빈공간에 버티는게 맞긴한데, 사실 크게 위험한 패턴은 아니라 상관없음
다만 작은 전선 찌르기 타이밍할때 게이지 관리 방해요소긴한데,
어차피 섬멸 갈 것 같다, 그러면 걍 맞아주고
만약 섬멸 죽어도 보내기 싫다, 의지나 무적기 쓰면서 슬로우 무시해야지
넉백공격 + 파란색 둠 공격
넉백 공격이야 뭐 님들이 잘 아는 넉백공격 그거고 ㅇㅇ
파란색 둠 공격은 스우가 둠 모양 펼치면서 케릭터에게 날려보내는 디버프거는거
그거 묶어서 말할게
걍 스우랑 비비면 됨
스우랑 비비면 저 둘의 패턴을 잘 안맞게 됨
사용하는거 보고 바로 스우랑 비벼도 늦지 않아서, 적응하기엔 쉬운 패턴임
섬멸 돌입했을때 주의사항
하드 기준으로는 무조건 섬멸 진입하기 때문에 무적기를 이때까지 아껴야하고
섬멸모드 들어가면 가로폭격 사용중일때 스우 본체 패턴 사용하면 무적기를 사용함
물론 생존하기가 어려운 상황일때만
익스트림은 섬멸 진입안할 수 있어서 게이지 관리를 위해 무적기를 쓰이기도 함
익스우 2페에서 게이지 많이 찼는데 전선더미 쓸때 무적기 사용함
3페이즈
최종 페이즈답게 여기서부터 섬멸모드가 안전모드보다 길기 때문에 생존이 어렵고
보통 데카가 자주 까이는 패턴이라서 여기까지 풀데카로 남겨두는게 편함
물론
패턴자체는 정직해서
숙련도 오르면 3페도 생각보다 아주 쉬움
포지셔닝
​
좌측 상단이랑 우측 하단, 둘 중 위치 하나를 정해야 하는데
나는 좌측상단을 좀 더 추천함
왜냐하면 가로폭격 상관없이 y축으로 패턴 파훼할 수 있어서 공간이 넓어진 느낌이 듬
발판 깨지지 않게 2층 발판에서 벗어나지 않고 2층에 계속 주차하는거
함포 패턴(불기둥)
피하지 않고 그냥 맞아줘야함
그거까지 피할 여유 없고, 파운틴 믿으며 그냥 1틱 맞아줘야함
발판파괴
​
스우가 없는 발판이 깨지면서
조각 3개가 케릭터를 향해 시간차로 추격하잖음
예고이펙트 가시성이 너무 구려서 피하기 어려울 수는 있는데
시간차로 케력터를 추격한다는 특성을 이용해서
더블 점프로 잠깐 뺐다가 다시 더블점프로 복귀하는 식으로 파훼하면 됨
첫타 찌르기 타이밍이 문제긴한데, 이건 아무리 가시성이 구려도 어느정도 보이긴하고
그리고 끝없이 연습하다보면 첫타 찌르기 타이밍을 익히게 될거임
그럼으로 숙련도에 비례하는 난이도의 패턴이라고 보면 됨.
숙련될수록 대응이 매우 쉬운 패턴
드릴밀격
지금은 엄청 완화됐지만 스우 공략 초기에는 가장 짜증나는 패턴일거임
작성자도 공략 초기엔 드릴밀격때문에 굉장히 짜증나기도 했음(물론 너프전 드릴밀격임)
그 어려운 드릴밀격을 조금 더 쉽게 공략하기 위해 몇가지 특성 얘기해주겠음
1. 3번의 패턴 사용 후 1드릴 밀격 (익스 2번의 패턴 사용 후 1드릴 밀격)
정확한 주기가 아닐 수 있는데, 대충 이렇게 외우라고 하겠음
왜냐하면 드릴밀격 쿨타임이 20초(익스 16초)인데,
쿨타임이 가장 짧은 밀격 쿨타임도 5초라서 그 사이에 대충 드릴밀격 1번 쓰고
다른패턴 3번(익스 2번) 쓴다고 생각하면 주기가 얼추 맞음
물론 스우 기분에 따라 다른 패턴 섞어써서 밀릴 수 있긴한데
어쨌튼 이 사이클을 기본으로 하면 먼저 대응이 가능함
2. 패턴 이펙트 확인 / 수상하게 멈춰 있는 스우 / 사운드플레이
​
드릴 밀격을 자주 보다보면, 이렇게 드릴밀격 특유의 이펙트가 먼저 보이는데
이 밀격 보자마자 바로 뒤로 물러나면 됨
이 이펙트가 숙련되자마자 의외로 보이기때문에 대응이 가능해지게 됨
그래도 안보인다고?
그러면 드릴밀격 사용할때 쯤 스우가 수상하게 멈춰있다면 드릴밀격 의심하면 됨
그래도 대응이 어렵다?
그러면 소리까지 주의깊게 들어야 함
드릴밀격 소리는 덜컥하는 소리랑 중장비 소리가 나는데, 그 소리 듣고 바로 드릴밀격 대비
3. 드릴밀격 쓰기 전 무조건 스우랑 겹치거나 뒤로 물러서라
​
​
가장 핵심이라는 파훼법이라고 말하겠음
드릴밀격 사용하기 위한 인식 범위는 2타 기준으로 잡혀있음
반대로 말하자면
케릭터가 드릴밀격 1타 안맞는 위치에 있어도 드릴밀격 사용한다는 뜻임
스우랑 겹쳐 있거나 아예 대놓고 스우 뒤로 가면 드릴밀격 1타는 안맞게 되어있는데
1타정도는 그래도 쓰는게 보일거 아니여? 사플까지 한다면 더더욱??
그러면 여유롭게 엎드리면서 2타 대응하면 됨
이 세가지 특징들을 잘 인지하면 드릴밀격 파훼도 쉬워지게 될거임
전 방향 중력구속 (거미줄 + 중앙폭발)
​
​
​
피지컬이 조금 딸려도 센스+예측으로 파훼할 수 있는 다른 패턴과는 달리
스우에서 사실상 유일하게 피지컬이 요구되는 패턴임
가끔 억까처럼 이상한 모양으로 나올때가 있긴하지만
사실 억까도 유난히 피하기가 어려울 뿐이지, 못피할 정도로 이상하게 나오지는 않음
물론 그래도 가끔 침착하게 대응 못하거나 집중력이 흐트려지면 그대로 당하기 때문에
난이도가 높은 패턴인건 맞음
그래서 무적기를 아껴뒀으면 이때 쓰는것도 좋음
일단 거미줄만 피하면 최소한 선방은 친거임
그리고 복잡하게 꼬인 거미줄은 점프로 파훼하거나
아니며 나갔다가 복귀하는 식으로 파훼하는식이 대부분이었음
그 외에는 일반 텔포에
피격판정이 있기한데
어차피 사라질때랑 나타날때 맞아도 체비뎀 20%라 그럭저럭 파운틴으로 견딜만하긴함
단지 실피일때 주의하라고 할뿐
Part4. 겹패턴 대응방법
​
고철더미 + 기타 패턴
​
고철더미를 피하기위해 잠깐 빠졌다가 다시 복귀하면 됨
굳이 요란하게 할 필요없고 이동할 필요없이 더블점프/돌진/텔포 2번하면 되고
그거마저도 귀찮으면 의지쓰고 고철 맞으면 됨
2페 섬멸 + 본체 패턴
섬멸이 위협적이긴 한데, 아껴둔 무적기랑 파운틴을 활용해 섬멸 패턴을 최대한 버티고
본체 패턴을 최우선 순위로 피해야함
전선찌르기/레이저 + 거미줄 중앙폭발 패턴
​
이거는 침착하게 대응해야 하는데, 폭발 패턴의 중앙 안전지대는 의외로 널널해서
좌우로 와리가리치면 되긴함
그래도 정 어렵다 싶으면 그냥
게이지 관리 포기하고 중앙폭발이나 확실하게 대비하셈
익스우 대형팔 찌르기는 얘기가 조금 다를 수 있긴한데, 보통 무적기를 이때 쓰거나
익스우할 정도면 어느정도 기본 피지컬이 될거라고 생각하는데
그러면 타이밍맞춰서 폭발 후 즉시 빠져나오면 됨
둘 다 어렵다면 그냥 파운틴 믿고 풀피로 버틸수밖에
전선찌르기/레이저 + 다른 패턴 (드릴밀격, 발판깨지기 등)
이거는 확실하게 말하자면 걍
게이지 관리 깔끔하게 포기하고 다음 기회를 노리는게 나음
본체패턴이 1순위라 어쩔 수 없음.
사실 계속 하다보면 게이지 관리가 어쨌튼 될거고,
특히 익스우는 핵심스킬인 거대팔 찌르기가 있어서
다른거 다 포기하고 이것만 맞춰도 안전모드 돌입이 쉬움
Part5. Q&A
Q: 스우 가시성 너무 구리다, 이거 그대로 우리가 할 수 있는거 맞냐?
A: 솔직히 가시성 구린건 팩트긴 하다.
다만 그래도 패턴이 정직하고 사운드 효과가 명확한 편이라 가시성 구린걸 커버칠 정도는 된다
3페 기준으로 말하자면 드릴밀격 사용타이밍 예측하는거랑, 그리고 거미줄 피할 피지컬을 익히면
당신 재능있어
Q: 스우랑 붙어서 딜하면 스우 패턴이 안보인다, 이거 맞냐?
A: 스우랑 붙어서 딜하면 스우 본체 패턴들을 대부분 피할 수 있다.
안보여도 상관없다는 말 (어차피 피격범위 밖인데)
Q: 3페에서 좌측상단 주차하라고 했는데 발판 파괴하면 어쩌려고?
A: 2층에 벗어나지 않으면 그만임
Q: 그러면 패턴 피할때 포탈타면서 와리가리같은거 안함?
A: 안함, 오히려 하면 패턴 더 귀찮아져서 하지 않음
텔포 잘못 타다가 스우가 다른곳으로 텔포해서 귀찮은 상황이 발생해서
걍 주차한 좌측 상단에 최대한 뻐기는게 모든면에서 더 편함
Q: 나는 2페이즈 좌측상단이 편하고 3페이즈 우측하단이 편한것 같음
A: 그러면 그렇게 하면 됨. 기본패턴 이해한 다음 본인들의 플레이스타일로 공략 파훼하면 끝이긴 함
Q: 기동성 구린 직업은 답없는거 아니냐?
A: 다크나이트랑 신궁으로 해보니까 적어도 못하겠다정도까지는 아니다.
닼나로 해봤을때 피흡이 뛰어난걸 감안하고도, 패턴 정석대로 대응할 수 있다고 생각한다
Q: 어떤 직업으로 하드스우 해봤냐? 그리고 각각 어떻게 생각하냐?
아란 - 스우 상성 좋음 (기동성이 좋음, 무적기가 준수함)
팬텀 - 스우 상성 아주 좋음 (속사류에 기동성 최상급, 피흡있고 무적기까지 아주 훌륭함)
신궁 - 스우 상성 구림 (기동성이 별로고 스킬 후딜레이 이슈)
윈브 - 스우 상성 괜찮음 (무빙속사, 윈드월 보유)
보마 - 스우 상성 괜찮음 (무빙속사, 피흡, 뎀감기)
은월 - 스우 상성 아주 좋음 (거미줄 해체, 기동성 좋음)
렌 - 스우 상성 좋음 (기동성 좋음, 무적기 준수함, 무빙속사)
닼나 - 스우 상성 괜찮음 (피흡, 리인카네이션)
Q: 저번 듄켈 공략법 잘봤다. 진힐라 같은거 못하면서 이런거 잘하네?
A: 맞다. 듄켈과 마찬가지로 스우는 개인 피지컬도 중요하지만
피지컬보다는 잡기술/센스/사운드플레이가 중요한 보스다
그러다보니 진힐라같이 공략이 정해져있어도 개인 피지컬 중요한 보스보다는
이런 잡기술 특화 보스에 더 적합한 것 같다.
Q: 추가 질문이 있다. 답변해줘라
A: 댓글에 남겨라"
https://www.inven.co.kr/board/maple/2304/45119,기타,[7/17~]패치후 메할일&바뀌는것들 요약+@ : ASSEMBLE 2차 업데이트,,2025-07-15 13:58,110724,72,"[수정/추가 사항]
1. 오늘 종료 사항 -> 내일 종료 사항으로 수정했습니다 ㅠㅠ
2. 8월 업데이트 예정 일자 관련
▶ 업데이트 일자 : 애매한 부분이 있어 문의에 대한 답변 도착하면 추가하여 수정합니다
3. 점검 예정 시간 추가 : 3~10시
4.
<렌> 사전 예약 예전에 하셨던 경우 혹시 보상 수령 안 하셨으면 7/16(수)까지 수령
5. 7/17(목) 업데이트 신규사항 :
https://www.inven.co.kr/board/maple/5974/5336786
- 본문과 함께 봐주세요!
-------------------------
안녕하세요
이 글은 7/17(목) 진행되는 <ASSEMBLE> 2차 업데이트의 중요한 내용들을 각 테마별로 빠르게 확인하실 수 있도록 한 글입니다
1차 업데이트에 비해 적은 분량이므로
한 번 쭉 봐주셔도 좋고, 목차를 보시고 필요하신 부분만 봐주셔도 좋습니다
[목차]
1. 수요일 종료되는 사항들
2. 점검 전 주간 보스 잡아도 돼요?
3. 패치 후 메할일 체크
4. 캐시 관련 사항
5. 신규 이벤트 핵심 사항
6. 주요 신규&변경&개선 사항들
7. 7/20 <스페셜 썬데이 메이플>
8. 다음 달 정식 서버 업데이트 일정
잘못 적힌 부분은 말씀해 주시면 감사히 수정하겠습니다
▶ 이 글의 내용은 테스트 서버 기준으로 정식 서버 업데이트 시 변동 혹은 변경될 수 있습니다
▶
7/17(목) 점검 예정 시간 : 03~10시
★내일 - 7/16(수) 23:59 종료되는 사항들★
- <뉴네임 옥션>
- <르파의 질주하는 마차>
- <영겁의 황금 태엽>
- 현재 진행 중인 <PC방 프리미엄 기프트샵> 이용
* <PC방 누적 보상 이벤트> 는 목요일 23:59까지
+ <렌> 사전 예약 예전에 하셨던 경우 혹시 보상 수령 안 하셨으면 7/16(수)까지 수령
★점검 전 주간 보스 잡아도 돼요?
★
1. 이번 업데이트에 주간 보스 관련 추가 이벤트는 없습니다
2. 패치 후 들어오는 보스 관련 사항들
- <어센트 스킬> 추가
- 가엔슬 / 발드릭스 변경 사항 적용
★패치 후 메할일 체크★
1. 기존과 동일한 메할일들
1) <챌린저스 월드> 관련 메할일들 : 사냥 출석 / 의문의 결계 등 :
2) <챌린저스 패스> : 미션 수행 / 효과 적용 : ~8/20
3) <렌> 관련 메할일들 : 주간 미션 등
4) <황혼빛 전야제> 관련 메할일들 : 접속 출석 / 모래 채우기 / 보스 코인 / 주간 큐브 구매 등
* VIP 부스터 이벤트(영겁의 황금 태엽)은 이어 진행되지 않음
2. 패치 후 추가된 메할일들 : 5주 동안 진행 : ~8/20
1) <골드리치의 황금금고>
- 레범몬 퇴치 시 일정 확률로 금고 티켓 1장 교환권 드롭 : 최대 일일 50장까지
- 티켓 10장으로 황금 금고 1번 응모하고 일일 참여 보상 받기
- 야망에 따라 황금 금고(1일마다) / 다이아 금고(1주마다) 응모하기(각각 라운드당 15번씩 가능)
- 다이아는 참여 보상 없음
2) <에버니아 무역왕>
- 매주 3개(솔 에르다/조각/상급 EXP)의 알파카 상단 강화 도전하기
- 알파카당 레범몬 최초 1000마리, 그 이후 강화 1회에 300마리 요구
- 조난 안 당하고 최대 강화 횟수인 100회 도달 시 마릿수 : 최초 1000마리+(300마리x99)=30700마리
- 확률이 좌우하여 스트레스로 다가올 수 있는 이벤트이므로 보상에 크게 연연 안 하는 것이 정신 건강에 이득
- 알파카 시뮬레이터 :
https://mapleroad.kr/simulator/alpaca
3) <사막의 오아시스>
- 250마리 퇴치 시 발동되는 경험치 스킬
-
최대 30회까지 가능으로 변경되어 전부 발동 시 마릿수 : 250x30=7500마리
4) PC방 이벤트 관련 : 이전과 동일
- 기프트샵과 50% 추가 경험치 혜택은 점검 후부터 시작
- 누적 보상 이벤트는 금요일 0시부터 시작
★캐시 관련 사항★
1. [~8/13]로얄 스타일 업데이트 : 스라벨&신규 코디 :
https://upload3.inven.co.kr/upload/2025/07/15/bbs/i1953594695.jpg?MW=800
2. [~8/20] 여름 시즌 <부티크 기프트> 판매 : 1개 3300 캐시
- 30회 / 50회 사용 시 라이딩과 의자 보상 수령 가능
- 여름 시즌 아이템 교환권(바우처) 이름 : 해달의 보물
* 교환 가능한 아이템 정리 글 :
https://www.inven.co.kr/board/maple/5974/5312690?my=chu
3. [~8/20]금손/은손 재출시 - 이전 공식 홈페이지 소개 페이지 링크
- 의상 :
https://maplestory.nexon.com/News/CashShop/385/391
- 헤어 / 성형 :
https://maplestory.nexon.com/News/CashShop/EndOfSale/498
- 펫 :
https://maplestory.nexon.com/News/CashShop/EndOfSale/496
4. [~8/21 점검 전] <프리미엄 헤어&성형 쿠폰> 목록 변경
-
점검 후 목록 :
https://upload3.inven.co.kr/upload/2025/07/13/bbs/i1209667610.jpg?MW=800
★신규 이벤트 핵심 사항★
[신규 이벤트 공식 이름과 함께 한 줄로 보기]
▶ 들어가기 전에 : 이벤트 공통 개선 / 신규 사항 : 이벤트 시작 간소화 등
1.
<골드리치의 황금 금고> : ~8/20 : 확정 보상 추가된 금고 이벤트
2.
<즐거운 오아시스> :
~8/20
: 사냥 경험치 스킬 이벤트 = 상향된 르파 마차
3.
<에버니아 무역왕> :
~8/20
: 운에 따른 보상 획득 이벤트 = 황금 문어
4. <PC방 프리미엄 기프트샵> : ~8/20 : PC방 전용 코인샵
5. <PC방 시간 누적 보상> : 7/18(금) 0시~8/21 : 코디 보상 바뀌어 재진행
---------------------------------------------------------------------
▶
들어가기 전에 : 이벤트 공통 개선 / 변경 사항 : 이벤트 시작 간소화 등
1) <이벤트 간소화> 기능 추가 : 메인 테마에 속한 신규 이벤트들 일괄 시작 가능
2) <깨어나는 시간의 힘> 협동 게이지 미션 요구치 하향 조정 : 예상되는 참여자 감소에 따른 조치
3) <챌린저스 월드> 한정 : 메이플 ID 내 클리어 기록이 없을 때도 아케인 리버와 그란디스 지역 스토리 스킵 가능하도록 변경
4) 점검 이후부터 <챌린저스 월드> 사전 리프 시작
- 1차 사전 리프 기간 : 점검 후~8/20 23:59
- 리프 시 인게임에서 안내되는 주의 사항들을 한 번 꼭 읽어 보시길 권장 드립니다
5) 점검 이후부터 <Maple Now> 감사 선물 수령 시작
▶ 이번 7월 업데이트로 추가되는 이벤트 3종은 총 5주 동안 진행됩니다
1.
<즐거운 오아시스> : ~8/20 : 사냥 경험치 스킬 이벤트(=횟수 상향된 르파 마차)
1) 캐릭터당 하루 30번까지 발동 가능하도록 변경되었습니다
2) 나머지는 이전과 동일합니다
- 레벨 범위 몬스터 250마리 퇴치 시 광역기 스킬 발동과 함께 경험치 획득
- 스킬 발동 시 룬 효과 상시 적용
2.
<골드리치의 황금 금고> : ~8/20 : 확정 보상 추가된 금고 이벤트
1) 퀘스트 수락 후, 레벨 범위 몬스터 퇴치 시 일정 확률로 ""금고 티켓 1장 교환권"" 획득
- 교환권은 1회 교환 가능
- 메이플 ID당 일일 최대 50장까지 획득 가능
- 응모 이벤트 특성이 고려되어 260레벨 이상 참여 가능
2) 1회 응모 시 금고 티켓 10장이 소모되며, 라운드별로 2가지의 금고에 각각 15회까지 응모할 수 있음
* 응모는 넥슨ID당 가능합니다
3) 응모 방식과 당첨 조건
- 최대 7자리의 비밀번호를 입력할 수 있음
- 입력한 비밀번호가 이하 조건에 부합할 시 당첨
- 라운드 종료 후 골드리치를 통해 당첨 번호들을 확인할 수 있습니다
4) 황금 금고 보상 : 라운드별 참여 보상과 당첨 보상 존재 : 성장&강화 보상 / 월드 내 이동만 가능
- 표 왼쪽 : 당첨 보상 - 입력한 비밀번호가 당첨 번호로 선택됐을 때 수령 가능
- 표 오른쪽 : 참여 보상 - 1회 응모 시 확정 수령 가능 : 이벤트 기간 내 골드리치를 통해 수령 가능
* 몽땅따의 황금 열쇠 : 원하는 황금 금고 당첨 보상 1개 선택하여 수령 가능
5) 다이아 금고 보상 : 라운드별 당첨 보상만 존재 : 치장 보상 / 교환 가능
- 착용샷 보기 :
https://upload3.inven.co.kr/upload/2025/07/15/bbs/i1321142234.jpg?MW=800
3.
<에버니아 대상단> : ~8/20 : 운에 따른 보상 이벤트 = 황금 문어
1) [메이플ID당]
매주마다
총 3개의 알파카 상단을 각 보상당 1개씩 선택할 수 있습니다
- 각각의 상단은 원하는 월드에서 선택 가능
ex) <챌린저스> 월드에서 솔 에르다 상단, <루나> 월드에서 상급 EXP 교환권 상단 도전 가능
2) 알파카 상단 선택 후, 레벨 범위 몬스터 퇴치를 통해 강화를 시도할 수 있습니다
- 최초 강화 시에는 1000마리, 이후에는 1회에 300마리 퇴치 필요
- 마릿수를 채운 후 NPC/채집 키를 꾹 눌러 강화할 수 있음
- 강화는 매번 해주셔야 합니다. 타이밍 놓친 뒤에는 마우스로 가능
-
1마리의 알파카당 최대 100회까지 강화 가능
3) 알파카의 레벨은 총 9단계이며, 강화 시 레벨마다 다른 확률에 따라 알파카의 단계가 변화합니다
- 성공 : 레벨 상승 /
실패 : 레벨 하락(2레벨 제외) /
조난(=파괴) : 보상 수령 불가한 상태로 변경
- 대성공 : 아주 낮은 확률로 2레벨 상승
▶
조난당하지 않고 강화 100회를 채울 경우 마릿수 :
최초 1000마리+(300마리x99)=30700마리
4) 강화 가능 횟수를 다 소모했거나, 본인이 원하는 레벨에서 보상 받기 버튼을 클릭하여 알파카 레벨에 따른 보상을 수령할 수 있습니다
- 라이브 언급 : 도전의 의미를 높이기 위해 7레벨 보상은 낮추고 9레벨 보상을 증가시킴 : 이전과 기댓값은 비슷하다고 언급됨
- 보상은 월드 내 이동 가능이므로, <챌린저스 월드> 에서 수행 후 보상만 본섭으로 옮기고 싶으실 경우에는 사전 리프를 통해 옮기실 수 있습니다
- 강화 시 확률 정보와 보상 정보 : 메이플 로드 알파카 시뮬레이터 출처
- 알파카 시뮬레이터
https://mapleroad.kr/simulator/alpaca
5) 누적 강화 횟수 또는 보상 수령 횟수에 따라 치장 아이템 보상을 수령할 수 있습니다
- 무조건 운으로만 획득 가능했던 이전 치장 보상과 다르게 누적 플레이를 통해 획득할 수 있게 변경되었습니다
+ 라이브에서는 강화 실패 시 레벨 유지라고 언급되었으나 테섭에서는 레벨 하락으로 적용되고 있으며 혹시 본섭 오면서 변경될 지는 당일에 확인 가능
4. <프리미엄 PC방 기프트샵> : 7/17~8/20
1) 현재 진행 중인 이벤트와 동일
2) 50% 추가 경험치 혜택도 동일
5. <프리미엄 PC방 접속 보상 이벤트> : 7/18 0시~8/21
1) 15시간 보상 제외 현재 진행 중인 이벤트와 동일
- 하루 5시간 누적 가능
- 15시간 보상 30일 자석펫 등
- 평일/주말/누적 보상 :
https://upload3.inven.co.kr/upload/2025/06/18/bbs/i1922395826.jpg?MW=800
2) 변경된 15시간 코디 보상 : 튜브덕 세트
★주요 신규&변경&개선 사항들★
1. <어센트 스킬> 추가
- 오픈 비용 : 기운 5개 / 조각 100개
- 공식 설명
- 관련 자세한 정리 글 :
https://www.inven.co.kr/webzine/news/?news=307267&site=maple
2. <트레저 헌터> & <축복의 룬> 개선
1) <트레저 헌터> : 천장 추가 /
젬 필드 유지 시간 증가 / 채팅창 메세지에 경험치 수치 출력 / 다른 유저의 등장 사운드가 들리던 오류 수정
3) <축복의 룬> : 맵 정중앙에 가장 가까운 위치에 생성되도록 개선
3. <오디움> 지역 지형 개선
1)
병목 현상 해소를 위해
어느 사냥터를 가도 비슷할 수 있도록 급히 개선
2) 전체 이미지 보기 :
https://upload3.inven.co.kr/upload/2025/07/10/bbs/i1592976280.jpg?MW=800
4. <렌> 개선 사항
1) ""예인"" 변환 스킬 추가 : ""오도"" - 솔 야누스처럼 모드 변경 가능한 스킬
2) ""순인-납검(텔포 후진)"" 시의 아이콘 변경으로 가시성 개선
3) ""순인"" 전진/후진 각각 다른 키로도 사용 가능하도록 변경
5. 보스 개선 사항
1) <가디언 엔젤 슬라임> 개선
- 웨이브 패턴 소요 시간 150초에서 90초로 감소
- 웨이브 패턴 진입 남은 시간 상단에 표기
- 게이트 봉쇄에 필요한 마그마 슬라임 수 3마리에서 2마리로 감소
- 바닥 찍기 패턴 범위 약 54% 감소 : 상당한 체감
- 레이저 패턴 진행 중 웨이브 진입 시 레이저 패턴 취소되도록 변경
2) <발드릭스> 개선
-
https://upload3.inven.co.kr/upload/2025/07/10/bbs/i1686317450.jpg?MW=800
6.
모바일 원격 관련 사항
1) 필요한 것 : 모바일 앱 <넥슨 링크> / 컴퓨터 <넥슨 플러그>
2) 보안적인 측면에서 모바일의 경우 하루 최대 레범몬 1만 마리까지만 퇴치 가능하도록 할 예정
7.
편의성 / 개선 등 종합
1)
프리스타일 쿠폰을 사용한 경우에도 마스터피스, 로얄스타일 퀘스트 보상 수령 가능하도록 개선
2) <차원의 도서관> 렌 추가
3) 반지와 펜던트 장비 창에서 드래그로 서로 교체 가능하도록 변경
4) 경매장 판매 메세지 개선 : 어떤 품목이 얼마에 팔렸다는 정보 포함
5) 메소마켓 딜레이 더 감소
6) 아르테리아/세르니움/아케인리버/세피로트의 정원사 보이스 추가
7) UI 개선
- 콜렉터 UI 개선 : 그 주에 판매한 주간 보스 결정석 확인 기능 추가 등
- 상점 UI 개선 : 구매 시 알림창 단계 간소화 / 남은 수량 표시 등
8) 주문의 흔적 1칸에 최대 3만 개까지 보관 가능하도록 변경
9)
캐시샵 개선
- 캐릭터 확대해서 볼 수 있는 기능 추가
- 커스텀 아이템 사용 시 결과물을 캐시샵에서 미리 확인 가능하도록 개선
- 캐시 보관함의 아이템 이동 : 드래그를 통해 빠르게 여러 아이템 선택 가능하도록 개선
- 캐시 보관함에서 착용 중인 펫 장비도 이동 가능하도록 변경
★7/20(일) <스페셜 썬데이 메이플>★"
https://www.inven.co.kr/board/maple/2304/45031,기타,이번에도 써보는 상단(문어) 공략(by GPT o3),Id쭈니야,2025-07-11 10:53,32338,22,"1. 규칙 요약
단계
성공 확률
실패 확률
조난 확률
실패 시 이동
멈춤 보상
1
100 %
0
0
—
—
2
60 %
40 %
0
2단계 유지
1
3
50 %
50 %
0
2단계로 하락
3
4
40 %
60 %
0
3단계로 하락
6
5
30.7 %
69.3 %
0
4단계로 하락
10
6
20.5 %
76.5 %
3 %
5단계로 하락
15
7
10.3 %
85.7 %
4 %
6단계로 하락
25
8
5 %
90 %
5 %
7단계로 하락
150
9
—
—
—
—
500
조난
발생 시 즉시 게임 종료(보상 0).
도전
은 시도 1회를 소모(최대 100회).
멈춤
은 해당 단계 보상만 받고 종료(누적 X).
2. “도전 vs 멈춤” 최소 필요 시도수
N
동적 계획법으로 **모든 시나리오(0 ~ 100회)**를 계산해 도전이 멈춤을 앞지르는
최소
N
을 추출했다.
단계
즉시 멈춤 보상
도전이 더 유리해지는 최소
N
8
150
— (항상 멈춤)
7
25
1
회
(항상 도전)
6
15
27
회 이상
5
10
10
회 이상
4
6
2
회 이상
3
3
1
회 이상
2
1
1
회 이상
3. 남은 시도수별 맞춤 전략
남은 시도
N
6단계에서
5단계에서
4단계에서
기대 보상(1단계 시작)
14
즉시 멈춤
N
≥ 10 → 1회만 도전
N
≥ 2 → 1회만 도전
≈ 7.45개
31
N
≥ 27 → 도전
N
≥ 10 → 도전
N
≥ 2 → 도전
≈ 10.65개
61
N
≥ 27 → 도전
N
≥ 10 → 도전
N
≥ 2 → 도전
≈ 14.46개
4. 운영 요령
즉석 카운팅
– 종이·앱으로 남은 시도
N
을 매 시도 직후 기록.
6단계 “27→26”
– 이 순간 EV가 멈춤 15 아래로 떨어진다. 체크포인트로 삼을 것.
7단계 연속 도전 금지
– 두 번째 시도부터 EV < 25.
8단계 욕심은 손해
– 도전 EV ≈ 47.5, 즉시 150이 절대 우위.
장기 평균
– 여러 판을 돌렸을 때 100회 모드 기준 평균 18.9개면 최적 전략이 유지되고 있다는 뜻.
14회 = 상단 한번 당 레범몬 5천마리 기준
31회 = 상단 한번 당 레범몬 1만마리 기준
61회 = 상단 한번 당 레범몬 2만마리 기준
오해의 소지가 있는데, 7단계에서는 남은 횟수가 1번이라도 무조건 도전하는 것이 유리하다고 합니다
요약
현재 단계
남은 도전 가능 횟수
최적 행동
1‒3 단계
1회 이상이면
항상 도전
4단계
2회 이상이면
도전
1회라면
멈춤 (6개)
5단계
10회 이상이면
도전
9회 이하라면
멈춤 (10개)
6단계
27회 이상이면
도전
26회 이하라면
멈춤 (15개)
7단계
1회 이상이면
항상 도전
(멈춤 25개 선택 금지)
8단계
—
무조건 멈춤 (150개)
9단계
—
도달 즉시
500개 수령 후 종료
7단계는 도달할 때마다 무조건 도전.
6단계는 ‘남은 27회’가 마지노선.
5단계는 ‘남은 10회’가 기준.
4단계는 ‘남은 2회’가 기준.
1‒3단계는 고민할 필요 없이 계속 도전."
https://www.inven.co.kr/board/maple/2304/45022,사냥,재미로보는 트레저헌터 등장확률,,2025-07-11 02:11,36858,15,"17일간 메제 채우면서 트레저헌터 151개 깐 걸 통계 내봤어요.
23일 선데이에 10개 못먹어서 꼴받아서 시작함.
다음 패치로 천장이 생겨서 한번 공유 해봐욤
초 단위로 기록을 안하고 분 단위로 해서 오차가 적당히 있음.
섭운전3 40마리, 간당 19200마리를 기준으로 1시간을 상자 등장 시간 간격의 평균으로 나눠 기댓값을 구했습니다.
대략 0.013% 라고 볼 수 있음.
창섭이형이 말 한 대로 편차가 크게 설계된 건 아주 잘 알 수 있죠
2) 보물의 등급
의도 된 사항인지는 모르겠으나, 레전드리가 유니크보다 많이 나옴
그래서 경험치 얼마나 먹었냐?
300% 선데이를 포함해 151개의 상자에서 나온 보물을 모두 에스페시아 레전드리로 환산하면
9.65개 ( 레어 772개 ) , 에스페시아 레전드리가 290레벨기준 0.3953% 올려줌, 여기 9.65를 곱해주면
트레저헌터로
3.814% 의 경험치, 약 11.2조  얻음.
다음부터는 그냥 데이터들"
https://www.inven.co.kr/board/maple/2304/45017,기타,(수정)테섭 이벤트/갓패치/캐시 요약 : 라이브 선물/썬데이 등,,2025-07-10 23:31,38274,32,"[수정/추가 사항]
1. 편하게 보실 수 있도록 본문으로 갱신했습니다
2. 개선 사항 추가 :
캐시 보관함에서 인벤토리의 착용 중인 펫을 캐시 보관함으로 이동시킬 경우, 착용 중인 펫장비도 함께 이동시킬 수 있도록 개선됩니다.
3. 알파카 이벤트 관련 글 수정/추가 사항
- 잘못 듣고 적은 내용을 수정합니다. 죄송합니다
1) 기존 글의 ""보상은 원하는 월드에서 나눠서 수령하도록 할 예정"" 문장 삭제
2) 알파카 상단 관련 내용 추가
- 알파카 상단 선택의 총 횟수는 메이플 ID당 공유되지만,
각각의 상단은 원하는 월드에서 선택할 수 있습니다
EX) <챌린저스> 월드에서 솔 에르다 상단, <루나> 월드에서 상급 EXP 교환권 상단 도전 가능
3.
- 블링블링 크라운 이펙트 gif
-----------------
안녕하세요
이 글은 7/10 진행된 어셈블 2차 테스트 서버의 중요 내용들을 각각 간략히 정리한 것입니다. 라
이브도 참고했습니다
누락된 혹은 잘못 적은 부분은 말씀해 주시면 감사히 수정합니다
--------------------
▶ 이 내용들은 본섭 적용 시 변동 혹은 변경될 수 있으며 7/17(목) 업데이트 적용 예정입니다
▶
어센트 스킬 수정 사항 릴리즈 :
https://maplestory.nexon.com/testworld/news/all/117
★MAPLE NOW 감사 선물★
[목차]
1. 캐시 관련 사항
2. 주요 변경 사항
3.
신규 이벤트 관련 사항
★캐시 관련 사항★
1. 신규 스라벨&코디
- 신규 코디
2. <부티크 기프트> 판매
- <부티크 기프트> 사용 시 랜덤한 개수의 <해달의 보물> 을 획득할 수 있습니다
- 피버 타임(10회) 때 최소 4개 이상 획득 가능하도록 변경
- <부티크 기프트> 사용 횟수에 따른 치장 보상 추가
- <해달의 보물> 을 모아 특정한 아이템으로 교환할 수 있으며, 교환 가능한 아이템은 다음과 같습니다
- 교환 가능한 아이템들 이미지
- 블링블링 크라운 이펙트 gif
- 컬러링 프리즘 프로 : 모든 코디 아이템에 사용 가능한 프리즘
- 30일 옵션 유지 보약 칭호
- 헤어 쿠폰 선택권
3. 금손/은손 재출시
4. 신규 헤어/성형
-
점검 후 헤어/성형 목록 :
https://upload3.inven.co.kr/upload/2025/07/10/bbs/i1728760041.jpg?MW=800
★주요 변경 사항★
1. 지하 수로 관련
- 최대 단계가 6단계에서 7단계로 확장
- 7단계 도달 시 입힌 피해가 30조 단위로 표시
- 관련 업적 추가
2. <축복의 룬> 관련
- 룬이 모든 맵에서 맵 정중앙에 가장 가까운 몬스터 생성 위치에 생성되도록 개선
3. <트레져 헌터> 관련
- 천장 추가 : 일정 마릿수 처치하는 동안 발견 안 될 시 확정 발견 - 디렉터 코멘트 : 천장 기준은 아주 높아 보실 분들이 많지는 않을 것 같으나 형평성 문제로 추가
- EXP 젬 필드 유지 시간 증가 / 획득 경험치 채팅창 시스템 메세지에 출력
4. 프리스타일 쿠폰을 사용하여 아이템의 성별을 공용으로 변경한 경우에도 마스터피스, 로얄스타일 퀘스트 보상을 받을 수 있도록 개선됩니다.
5. 주흔 1칸당 3만 개까지 보유 가능으로 변경
6. 보스 관련 사항
1) 가엔슬
- 가디언 엔젤 슬라임이 소환된 시점으로부터 가디언 웨이브 패턴에 진입하는 데 소요되는 시간이 150초에서 90초로 감소됩니다.
- 가디언 웨이브 패턴 진입까지 남은 시간이 직관적으로 표기되게 개선됩니다.
- 홀리 게이트 봉쇄에 필요한 마그마 스톤 슬라임의 수가 3마리에서 2마리로 감소됩니다.
- 바닥 찍기 패턴의 공격 범위가 기존 대비 약 54% 감소됩니다.
- 가디언 레이 패턴 진행 중 가디언 웨이브 패턴 진입 시 가디언 레이 패턴이 취소되도록 개선됩니다.
2) 카링 (스토리)
- 도올, 혼돈, 카링에게 행동 불가 상태 이상이 적용되도록 수정됩니다.
3) 발드릭스
-
https://upload3.inven.co.kr/upload/2025/07/10/bbs/i1686317450.jpg?MW=800
7.
UI 개선
- 상점 개선
- 반지/펜던트 장비창에서 드래그로 서로 교체 가능하게 변경
- 메소마켓 딜레이 더 줄어듦
- 경매장 판매 메세지 개선
8. <챌린저스 월드> 한정 : 아케인리버/그란디스 지역 스토리 퀘스트 스킵 기능 추가
9. 이벤트 시작 간소화 기능 상시 사용 가능으로 변경
10. <깨어나는 시간의 힘> 협동 요구치 줄일 예정
11. <차원의 도서관> : 렌 관련 스토리 추가
12. <렌> 개선
1) 예인 변환 스킬 추가
2) 텔포 후진 시 아이콘 변경
13. 오디움 지역 지형 개선 : 어느 사냥터를 가도 비슷하게끔 급히 수정
EX) 볕 드는 실험실 1
- 전체 이미지 보기 :
https://upload3.inven.co.kr/upload/2025/07/10/bbs/i1592976280.jpg?MW=800
14. 캐시샵 개선
1) 캐릭터 확대해서 보기 기능 추가
2) 커스텀 아이템 사용 시 결과물을 샵에서 미리 확인할 수 있게 변경
3) 보관함 이동 드래그로 가능하도록 변경
15. 업데이트 후 앱 <넥슨 링크> 설치 이후 <넥슨 플러그>가 설치돼 있는 컴퓨터로 모바일 연동 가능
- 디렉터 코멘트 : 생각보다는 조작감이 나쁘지 않음. 절대적으로 보면 갈 길이 멀지만 시작으로선 나쁘지 않다. 이걸 가지고 메이플스토리를 모두 온전하게 하자는 의도는 아니다. 사냥 같은 경우도 모바일의 경우 하루 최대 1만 마리까지만 퇴치 가능하도록 할 예정 - 아무래도 보안적인 측면이 제일 크다.
16.
캐시 보관함에서 인벤토리의 착용 중인 펫을 캐시 보관함으로 이동시킬 경우, 착용 중인 펫장비도 함께 이동시킬 수 있도록 개선됩니다.
★신규 이벤트 관련 사항★
1. PC방 이벤트 관련 사항 : 지금 진행되는 것과 거의 차이 없이 진행
1) 프리미엄 기프트샵 : 7/17~8/20
2) 접속 보상 이벤트 : 7/18(금) 0시~8/21
- 누적 보상
2. <골드리치의 황금 금고> : ~8/20
1) 레벨 범위 몬스터 퇴치 시 낮은 확률로 1회 교환 가능한 금고 티켓 1장 교환권 드롭 : 메이플ID당 일일 최대 50장까지
2) 2개의 금고 동시 진행
- 황금 금고(1일마다) : 매일 오전 12시~오후 11시 59분 59초
- 다이아 금고(1주마다) : 매주 목요일 오전 12시~수요일 오후 11시 59분 59초
3) 티켓 10장을 사용하여 금고 비밀번호 1회 입력 가능
- [넥슨ID당] 라운드당 황금, 다이아 금고에 각각 15회까지만 입력 가능
- 최대 7자리의 비밀번호 입력 가능
- 당첨 기준
4) 황금 금고 보상
- 왼쪽 당첨 보상 : 위의 규칙에 따라 당첨 시 수령 가능
- 오른쪽 참여 보상 : 각 라운드에 1회 응모 시 수령 가능
5) 다이아 금고 당첨 보상
- Lumiere : 전체 월드 통틀어 총 22개만 존재하고 무한 교환 가능한 캐시 아이템
디렉터 코멘트 : 디자인이 어마어마하게 이쁘냐 하면 그렇지 않으나 출시 의도 자체가 희소성이 갖는 가치에 대한 실험의 일환이라고 봐주시면 된다
3. <즐거운 오아시스> : ~8/20 : 레범몬 스킬 경험치 이벤트 : <르파의 질주하는 마차> 후속
1) 레벨 범위 몬스터 250마리 퇴치 시 스킬 발동 등 기존과 동일
2) 캐릭터당 최대 일일 30회까지 발동 가능으로 변경
4. <에버니아 무역왕> : ~8/20 : <황금 문어> 이벤트와 동일한 진행 방식
1) 매주 3개의 보상에 도전 가능
- 한 캐릭터로는 한 번에 1개의 보상에만 도전할 수 있습니다 : 한 캐릭터로 2개 보상 동시 도전 불가 /
진행 중인 것이 끝난 후에
다른 보상에 도전 가능
- 알파카 상단 선택의 총 횟수는 메이플 ID당 공유되지만, 각각의 상단은 원하는 월드에서 선택할 수 있습니다
EX) <챌린저스> 월드에서 솔 에르다 상단, <루나> 월드에서 상급 EXP 교환권 상단 도전 가능
- <챌린저스 월드> 에서만 수행 후 보상만 본섭으로 옮기고 싶으실 경우에는, 보상이 창고 이동 가능이기 때문에 점검 후부터 진행되는 사전 리프를 통해 가능하십니다
2) 알파카를 고른 후, 최초에 레벨 범위 몬스터 1000마리를 퇴치한 후부터 300마리 퇴치를 통해 1회 강화를 시도할 수 있음
- 각 단계별 확률에 따라 레벨이 오르거나(성공) / 레벨이 내려가거나(실패) / 보상이 날아감(조난)
* 라이브에서 실패 시 레벨 유지라고 언급되었으나, 인게임 확인 결과 2레벨 제외 실패 시 레벨이 하락됨을 확인하였습니다. 현재 릴리즈와 인게임 모두 실패 시 하락으로 안내되고 있습니다
->
- 강화는 알파카별로 100회까지만 가능
* 조난 안 당할 시 알파카별 최대 레범몬 마릿수 : 최초 1000마리+(300마리x99)=30700
- 단계별 확률
*
아주 낮은 확률로 대성공 시 2레벨 증가
3) 단계별 보상
* 레벨 주차보다는 도전하는 경우에 보상을 더 주고자 보상 개수가 일부 조정되었다고 라이브에서 언급됨
4) 누적 보상
4. <스페셜 썬데이 메이플> 예고"
https://www.inven.co.kr/board/maple/2304/44969,기타,"월 3페이즈 흰눈,노란눈 아주쉬운 구분법",미니무르,2025-07-08 12:48,36213,18,"보스몬스터 월을 잡으시다보면 3페이즈에서 항상
"" 아 눈 색이 안보여서 구분이잘안감 ㅜㅜ ""
"" 데미지 스킨에 가려서 눈이안보이네;; ""
""눈이 맵패턴에 가려져서 색을못봐서 뒤짐;;""
라는사유로 대부분
"" 흰 눈 ""
에만 죽으실텐데
모션을 자세히 보시면
""흰 눈"" 패턴은 의도적으로 눈 색이 잘 안보이도록 가려놨기때문입니다
아래 모션 비교짤을보시면
​
흰눈은 모션이 고정적으로  본체 다리랑 겹치게 나와서 눈을 가리게 해놨고
​
​
노란눈은 대놓고 보여줍니다
대부분 눈패턴에 죽고 이유를 맵에나오는 패턴때문에 눈이 가려져서 안보이는걸로 착각하는거지
사실은 흰눈은 의도적으로 보일듯말듯 가려놓은상태입니다
아래는 맵 실전 비교 사진입니다
​
​
​
그냥 안보이는건데 안보이게끔 착각하게 만드는 ""흰 눈""패턴
​
​
​
""노란 눈"" 은 맵에 패턴이나오든말든 아주 잘보이는 모습입니다
결론은 맵에 눈이 잘 안보인다 싶으면 무조건 흰눈이므로 피하는 스탭을 밟아주시면됩니다
노란눈이 잘 안보이는 경우는 절대없습니다"
https://www.inven.co.kr/board/maple/2304/44903,기타,경험치 BM 효율 시트 공유,,2025-07-04 13:46,80014,33,"원래 지인들끼리 쓰려고 만들었다가 주변에서 쪽지와 댓글로 공유를 원하시는 분들이 많아서 경험치 BM 효율 시트를 공유하려고 합니다. 경험치 BM과 관련된 효율이 궁금하신 분들에게는 도움이 되지 않을까 합니다. 개인적으로 사용하려고 만든 거라 검수를 잘 하지 않아서, 틀린 부분은 댓글로 말씀해주시거나 알아서 수정하시면 될 것 같습니다!
<유의사항(필독)>
1. 공식적인 업데이트는 하지 않음
2. 260레벨 이상의 몬스터와 캐릭터 레벨만 다룸
3.
계산이 올바르지 않을 수 있음(
중요
)
4. 게시글 내 이미지는 모두 예시이며, 정확한 결과를 위해서는 직접 값을 기입해야 함
1. 경험치 도핑
사냥할 때 사용할 수 있는 도핑과 캐시아이템 효율을 정리한 표입니다. 현재 사냥용 칭호는 판매하지 않으므로 공란입니다. 가성비 배율은 일반적으로 가성비가 좋은
추가 경험치 50% 쿠폰
을 기준으로 잡았습니다.
2. 경험치 BM
메이플 포인트를 사용하여 경험치를 얻을 수 있는 BM의 효율을 정리한 표입니다. 썬데이와 보약 여부는 상황에 맞게 고르시면 되고, 아래 '경쿠/익골 사용' 란은 몬스터 파크(오디움) 1판 당
익스트림 골드 2개
와
2배 경쿠 15분 1개
를 얻어 사냥에 사용할 지에 대한 여부입니다.
3. 이벤트 BM
이벤트로 열린 BM의 효율을 정리한 표입니다.
4. 필요 정보
현재 메소마켓/주화 시세와 캐릭터와 사냥터에 대한 정보를 입력하는 표입니다. 아래 태엽 관련 추가 경험치 란은 태엽을 사용할 때의 추가 경험치 획득량을 써넣으시면 됩니다
(룬 포함,
인게임 캐릭터 정보 최하단에 존재
)
. 태엽류 아이템 효율에 큰 영향을 미치기 때문에 정확한 입력이 필요합니다.
5. 가성비 순위
위의 모든 가성비 배율을 내림차순 정렬한 표입니다. 시트 내 값을 수정하면 자동으로 내림차순 정렬됩니다. 개인적으로 VIP 사우나가 주 최대 144,000 메이플 포인트 이기 때문에, VIP 사우나를 기준으로 잡는 것이 좋을 것이라 생각합니다.
6. 부스터 도핑 효율
위 표는 30분 내 사용할 부스터류 아이템의 개수를 입력했을 때, 어떤 도핑까지 사용해야할 지에 대한 표입니다. 위의 가성비 순위 표와 배율을 비교하여 어떤 도핑을 사용하고 부스터류 아이템을 쓸 지 결정하시면 됩니다.
위 사진을 예시로 들면, VIP 사우나 효율이 9.191%이므로
일반 태엽 3개
와
영겁 1개
를 사용할 때는 모든 가능한 도핑을 모두 사용해주는 것이 좋습니다.
참고)
시트의 계산식을 수정할 목적이 아니시면 위 처럼 생긴 칸만 수정하실 것을 권합니다.
시트 사본 주소
https://docs.google.com/spreadsheets/d/1t9bomyjXWF26pvbxbAypKpAbXADdKz72IuzADRjoJL8/copy?usp=sharing"
https://www.inven.co.kr/board/maple/2304/44897,테섭,컴뱃 오더스가 어센트 스킬에 미치는 영향에 대한 검정,,2025-07-04 02:38,28509,18,"1. 서론
컴뱃 오더스 및 쓸만한 컴뱃 오더스는 4차 스킬의 레벨을 올려주는 액티브 버프입니다. 한편, 어센트 스킬은 액티브 스킬 사용 효과 및 조건부로 발동하는 패시브 스킬 효과를 무시합니다. 여기서 의문이 생깁니다. 쓸만한 컴뱃 오더스는 액티브 스킬인데, 어센트 스킬은 쓸만한 컴뱃 오더스로 4차 패시브 스킬이 증가한 상태를 반영할까요?
다음과 같은 가설을 검정합니다.
H0: 어센트 스킬은 쓸만한 컴뱃 오더스로 인한 4차 패시브 스킬 레벨의 상승량을 무시한다.
H1: 어센트 스킬은 쓸만한 컴뱃 오더스로 인한 4차 패시브 스킬 레벨의 상승량을 반영한다.
그 외에도 모자와 반지의 효과에 대해 검정합니다.
2. 컴뱃 오더스 사용 전
2.1 능력치
먼저 테스트 월드에 귀여운 라라를 데려옵니다. 그 다음, 어센트 스킬 ""안다미로"" 만렙을 찍어줍니다. 안다미로 사용 시, 최대 15명의 적을 7945%의 데미지로 14번 공격하는 기운이 21회 발생합니다. 또한, 어센트 스킬 30레벨에는 몬스터 방어율 무시 100%, 보스 몬스터 공격 시 데미지 60% 증가, 크리티컬 확률 100% 옵션이 있습니다.
다만, 어센트 스킬은 데미지 계산에 굉장히 많은 제약이 있기 때문에, 데미지의 기댓값을 직접 계산했습니다.
아래의 효과로 인해 변동되는 능력치는 어센트 스킬의 데미지에 영향을 주지 않습니다.
- 장비 : 모자
- 장비 : 반지
- 조건부로 발동하는 패시브 스킬 효과
- 액티브 스킬 사용 효과
- 몬스터의 패턴, 디버프
- 지속 시간이 30분 미만인 소비, 캐시 아이템
먼저, 모자와 반지를 모두 벗고, 펫 버프에서 모든 버프를 제거합니다.
제네시스 완드를 착용하였으며, 패시브 스킬 레벨이 1 증가 어빌리티를 보유하고 있고 어떠한 버프도 받지 않은 상태입니다.
모든 스탯을 보겠습니다.
최종 데미지: 108.78%
숙련도: 96%
속성 내성 무시: 5%
무기 상수: 1.20
INT: 4517 × (100% + 317%) + 28680 =
47515
LUK: 1848
× (100% + 110
%
) +
90
=
3970
마력: 2533 × (100% + 123%) =
5648
데미지: 61%
보스 몬스터 데미지: 238%
크리티컬 데미지: 49%
여기까지 작성하는 동안 나린마을에서 어떠한 행동도 하지 않았으며 링크 스킬도 소울 컨트랙트만 보유한 상태로, 어떠한 액티브 버프나 조건부 패시브 버프도 적용되지 않은 수치입니다. 쓸만한 컴뱃 오더스를 사용하지 않은 상태에서 안다미로 사용 시, 위의 정보에 보스 몬스터 데미지 60%를 더하여 데미지를 계산합니다.
따라서 보스 스탯 공격력은
(47515 × 4 + 3970) × 0.01
×
5648
×
1.20
×
(1 + 0.61 + 2.38
+ 0.60
) × 2.0878 = 126022008
입니다. 이 값을 S0이라 하겠습니다. 실제로는 숙련도와 크리티컬에서 두 번의 랜덤이 발생하고, 포뻥과 렙뻥을 고려하면 안다미로의 한 줄 데미지는 다음과 같습니다.
1.20 × 1.25 × S0 × 0.525 × M × (R + C0) × 79.45
여기서 M은 [0.96, 1.00]에서의 균일분포, R는 [1.20, 1.50]에서의 균일분포를 따르는 서로 독립인 확률변수이고, C0 = 0.49입니다.
잠시 통계학 책을 펼쳐보면, M의 평균은 0.98이고 분산은 1 / 7500이며, R + C0의 평균은 1.35 + C0이고 분산은 3 / 400입니다. 또한, 서로 독립인 확률변수의 곱의 평균은 평균의 곱과 일치하므로, 한 줄 데미지의 평균은 다음과 같습니다.
1.20 × 1.25 × S0 × 0.525 × 0.98 × (1.35 + C0) × 79.45
한편,
M × (R + C0)의 분산은 구글링을 통해 계산했습니다.
Var(
M × (R + C0)) =
0.007204 + (1.35 + C0) ^ 2 / 7500
여기에 제곱근을 취하고
1.20 × 1.25 × S0 × 0.525 × 79.45를 곱하여
1타
데미지의 표준편차를 구할 수 있습니다.
마지막으로, 안다미로의 타수는 294타이므로, 안다미로 1회 사용 시 평균 데미지는
1타
데미지 평균의 294배, 표준편차는
1타
데미지 표준편차의 sqrt(294)배가 됩니다. 이를 계산한 결과는 다음과 같습니다.
1타 데미지 평균: 142억 1788만
1타
데미지 표준편차: 6억 7194만
안다미로 평균: 4조 1800억 5590만
안다미로 표준편차: 115억 2134만
2.2 데미지 측정
그러나 노멀 선택받은 세렌에 입장하여 안다미로를 3회 사용했을 때,
1타
데미지는 평균보다 한참 높은 271억 279만을 기록했습니다.
속성 내성을 완전히 무시했다는 가정 하에 데미지 평균을 다시 계산해보면,
1타 데미지 평균: 270억 8167만
1타
데미지 표준편차: 12억 7988만
안다미로 평균: 7조 9620억 1124만
안다미로 표준편차: 219억 4541만
실제로 측정한 데미지와 상당히 비슷한 것을 확인할 수 있습니다. 따라서 어센트 스킬은 몬스터의 속성 내성을 무시합니다.
3. 쓸만한 컴뱃 오더스
3.1 능력치
나린마을로 돌아가, 쓸만한 컴뱃 오더스를 사용한 상태에서 능력치를 다시 확인했습니다.
H1 하에서 계산한 데미지 평균과 표준편차는 다음과 같습니다.
1타 데미지 평균: 276억 9412만
1타
데미지 표준편차: 13억 197만
안다미로 평균: 8조 1420억 7221만
안다미로 표준편차: 223억 2409만
3.2 데미지 측정 전
쓸만한 컴뱃 오더스를 사용한 상태로, 다시 노멀 세렌에 입장하여 안다미로의 데미지를 측정하면 됩니다. 그런데 위의 가설을 검정하기 위해서는 몇 번이나 측정해야 할까요? 그걸 판단하기 위해서 표준편차 또한 측정한 것입니다.
안다미로의 데미지는 294개 iid 확률변수의 합이므로, 중심 극한 정리에 의해 근사적으로 정규분포를 따릅니다. 평균이 7조 9620억, 표준편차가 219억인 정규분포와 평균이 8조 1420억, 표준편차가 223억인 정규분포의 확률밀도함수를 한 데 그려보면 가설에 따른 표본분포의 차이를 확인할 수 있습니다.
굉장히 잘 분리가 된 모습입니다. 실험은 한 번으로 족하겠네요.
2.2 데미지 측정
쓸만한 컴뱃 오더스를 사용한 상태로
, 다시 노멀 세렌에 입장하여 안다미로의 데미지를 3회 측정한 결과는 다음과 같습니다.
3회 평균 7조 9475억 7047만. H1을 기각합니다.
4. 컴뱃 오더스
[7월 10일 17시 추가]
컴뱃 오더스, 쓸만한 컴뱃 오더스, 콜렉터의 영약의 스킬 레벨 증가 효과가 적용된 숙련도의 영향을 받는 현상이 수정되었습니다. 이 문단은 유효하지 않습니다.
[7월 5일 11시 추가]
콜렉터의 영약 사용 시 어센트 스킬의 데미지가 달라진다는 지적이 있어 추가한 내용입니다.
패시브 스킬 1레벨 증가 어빌리티를 사용한 상태에서 쓸만한 컴뱃 오더스 적용 시, 컴뱃 오더스 적용 시 능력치가 다음과 같이 변동합니다. 변동이 없는 능력치는 표시하지 않았습니다.
패시브
쓸컴뱃 + 패시브
찐컴뱃 + 패시브
최종 데미지
108.780%
111.827%
113.268%
숙련도
96%
96%
97%
INT
47515
47574
47574
마력
5648
5655
5661
크리티컬 데미지
49%
50%
51%
쓸만한 컴뱃 오더스를 사용한 상태, 콜렉터의 영약을 사용한 상태에서 안다미로를 3회 사용하는 것을 12회 반복 측정하였으며, 다음은 측정 결과입니다.
쓸컴뱃 + 패시브
콜렉터 + 패시브
1회
23조 8243억 3303만 6743
24조 0839억 0888만 2512
2회
23조 9180억 8775만 9743
24조 0281억 0314만 9047
3회
23조 9460억 1558만 2595
23조 9698억 0710만 4137
4회
23조 7975억 4192만 1432
24조 0944억 2382만 1134
5회
23조 8990억 5009만 2843
23조 9786억 1281만 7136
6회
23조 8175억 4137만 1486
24조 0129억 4443만 8355
7회
23조 8929억 5982만 1485
23조 9602억 5983만 2764
8회
23조 9200억 8676만 3771
24조 1227억 2249만 3919
9회
23조 7745억 9454만 6121
24조 0047억 8372만 4514
10회
23조 8673억 8668만 2463
24조 0137억 9528만 6155
11회
23조 9115억 4323만 8880
24조 0535억 6508만 4279
12회
23조 8184억 6229만 7336
23조 9697억 3272만 1424
평균
7조 9552억 1119만 7636
8조 0081억 2942만 6538
각 상황에서 데미지가 증가하는지 검정해보면, 쓸컴뱃 + 패시브는 p-value = 0.9649로, 콜렉터 + 패시브는 p-value < 0.0001로 콜렉터의 영약이 안다미로의 데미지를 유의하게 증가시킴을 확인할 수 있습니다.
쓸만한 컴뱃 오더스가 아닌 컴뱃 오더스 적용 시 숙련도가 증가한다는 것을 고려할 때, 콜렉터의 영약으로 증가하는 능력치 중 오직 숙련도만이 안다미로의 데미지에 영향을 미친다는 가설을 세울 수 있으며, 첫 번째 그림에서 숙련도만 96%에서 97%로 수정하면 다음과 같은 결과가 나옵니다.
1타 데미지 평균: 272억 1984만
1타
데미지 표준편차: 13억 1406만
안다미로 평균: 8조 26억 4970만
안다미로 표준편차: 225억 3147만
그러면 p-value = 0.0717로 아슬아슬하게 세이프입니다.
5. 모자와 반지
이제 벗어두었던 모자와 반지를 착용한 상태입니다. 이전에 비해 데미지가 8조 3471억 2469만으로 유의하게 늘어났는데, 스탯 공격력을 기반으로 계산한 평균인 10조 6556억에는 턱없이 모자란 수치입니다.
착용한 모자는 에테르넬 메이지햇이고, 반지 중 하나는 여명의 가디언 엔젤 링입니다. 두 장비를 착용함으로서 에테르넬 3세트 효과와 여명 4세트 효과를 받게 됩니다.
올스탯 +60
마력 +50
보스 몬스터 데미지 +10%
즉, 위의 미묘한 차이는 세트 효과로 인한 것이 아닐까 하여, 모자와 반지를 벗은 상태에서 세트 효과만 더하여 안다미로의 데미지 평균을 다시 계산했습니다.
최종 데미지: 108.78%
숙련도: 96%
속성 내성 무시: 5%
무기 상수: 1.20
INT: 4577 × (100% + 317%) + 28680 =
47766
LUK: 1908
× (100% + 110
%
) +
90
=
4096
마력: 2583 × (100% + 123%) =
5760
데미지: 61%
보스 몬스터 데미지:
248%
크리티컬 데미지: 49%
이 상태에서 안다미로 데미지 평균은 8조 3451억 2151만이고, 표준편차는 236억 1562만입니다. 굉장히 근접했네요.
6. 결론
지금까지 얻은 결론을 모두 정리하면 다음과 같습니다.
어센트 스킬은 몬스터의 속성 내성을 완전히 무시한다.
(쓸만한) 컴뱃 오더스로 4차 스킬의 레벨이 오르더라도 어센트 스킬에 영향을 주지 않는다.
단, 숙련도의 변화는 실제로 영향을 준다.
모자와 반지는 세트 효과 외에 어떤 것도 적용되지 않는다.
이미 알려진 사실도 같이 정리해 놓을게요.
어센트 스킬은 보스 컨텐츠, 수로, 펀치킹에서 3회 사용할 수 있으며, 그 외의 장소에서는 4분 쿨이다.
공격 범위 내에서 최대 HP가 가장 높은 보스 몬스터를 타격할 수 있어야 사용 가능하다.
공반, 공무, 타격 불가를 무시하고, 몬스터 존으로 인한 최종 데미지 감소 또한 무시한다.
시전 동작 + 1초 간 절대 무적이 적용된다.
[7월 7일 23시 추가]
타격 불가능한 적도 타격이 가능하다는 제보가 들어왔습니다.
[7월 10일 17시 추가]
컴뱃 오더스, 쓸만한 컴뱃 오더스, 콜렉터의 영약의 스킬 레벨 증가 효과가 적용된 숙련도의 영향을 받는 현상이 수정되었습니다."
https://www.inven.co.kr/board/maple/2304/44894,테섭,"어센트 스킬 정리(비용, 데미지, 극딜/오리진과 비교)",,2025-07-03 18:42,224727,21,"요약:
강화비용:
풀강 기운 150개, 300억메소(조각 개당 650만 기준)
강화에 따른 딜 차이(보뎀방무 포함X):
1레벨: 1배 10렙: 2.5배 20렙: 4.16배 30렙: 5.83배
----아래는 직업, 세팅, 내실차이에 따라 변동심함(설명 참고)----
강화에 따른 딜 차이(보뎀방무 포함):
1레벨: 1배 10렙: 2.575배 20렙: 4.41배 30렙: 6.36배
데미지 점유율:
10분: 9% 20분: 4.5% 30분: 3%
극딜/오리진 딜 비교(본섭 예측):
30레벨 3어센트=0.75극딜, 2오리진
+
테섭에서는 내실차이(방무 -60%, 보뎀 -200%)때문에 1어센트=1오리진 정도의 효율을 보일 것으로 예상되니 속지말것...본서버와는 차이가 있습니다.
강화비용
:
개방(에르다 5개, 조각 100개)를 제외한 모든 레벨에서 오리진 스킬과 동일
총 0->30벨까지 풀강 필요량: 에르다 기운: 150개 조각:4500개  (조각 개당 650만 기준 299억 메소)
0레벨 개방 필요량: 솔 에르다 5개, 조각 100개
1->9레벨 강화 필요량: 솔 에르다 15개, 솔 에르다 조각 380개 (24.7억메소)
9->19레벨 강화 필요량: 솔 에르다 45개, 솔 에르다 조각 1280개 (83.2억메소)
19->29레벨 강화 필요량:  솔 에르다 65개, 솔 에르다 조각 2240개 (145.6억메소)
29->30레벨 강화 필요량: 솔 에르다 20개, 솔 에르다 조각 500개 (32.5억메소)
레벨에 따른 데미지 공식
레벨별 데미지: (스킬레벨+5)배수
1레벨 : 6배수
2레벨: 7배수
......
30레벨: 35배수
레벨별 딜 비교
(보스데미지, 방어율무시 반영X 단순 %데미지 비교)
7레벨 어센트: 1레벨에 비해 2배 강력
10레벨 어센트: 1레벨에 비해 2.5배 강력
19레벨 어센트: 1레벨에 비해 4배 강력
20레벨 어센트: 1레벨에 비해 4.16배, 10레벨에 비해 1.66배 강력
30레벨 어센트: 1레벨에 비해 5.83배, 20레벨에 비해 1.4배 강력
----------여기서부터는 직업, 세팅에 따라 변동이 매우매우 심하므로 대충 이정도구나 하고 봐주세요----------
30레벨 3회사용 데미지 점유율
(6차 풀강 기준)(테스트서버):
10분 보스 기준: 전체데미지의 9%
20분 보스 기준: 전체데미지의 4.5%
30분 보스 기준(마지막 극딜 미포함): 전체데미지의 3%
극딜과 데미지 비교
30분 15극딜, 극딜: 평딜 비율 6:4로 가정할시(막극딜 미포함)
1극딜: 전체 데미지의 4%
만렙 3어센트: 전체 데미지의 3%
30레벨 1어센트->0.25극딜
30레벨 3어센트->0.75극딜
오리진과 데미지 비교
30분, 5오리진 기준(막극딜 미포함) (오리진 점유율 8% 가정)
1오리진: 전체 데미지의 1.6%
30레벨 1어센트-> 약 0.65오리진
30레벨 3어센트-> 약 2오리진
정도라고 보시면 됩니다.
10레벨, 20레벨, 30레벨 강화효과 보정 효율
(특히 세팅, 직업 별 차이가 더더 심하니 참고용으로 봐주세요. 방무, 보뎀이 없을수록 효율이 가파르게 증가함)
제 캐릭터 기준(아델, 10칠흑(블하장착) 4에테 5앱솔, 무보엠 방무 0줄 보뎀 2줄, 9만급 세팅, 풀내실)
(직업, 세팅마다 편차 매우 심함)
스탯창에 표기되는 방무수치는 약 96%정도임을 감안하였을때 방무 10%의 가치는
방어율 380%보스 기준 최종뎀 약 1.5%정도
스탯창에 표기되는 데미지+보스데미지 수치(570%)임을 감안하였을때
보뎀 10%의 가치는 최종뎀 약 1.4%정도
10강마다 어센트 스킬 전체 데미지의 약 3%정도 딜이 추가된다고 보시면 됩니다.
(방어율 무시의 경우 어센트 내에서 합연산이기 때문에 효율 일정)
이걸 반영하여 10레벨, 20레벨, 30레벨 어센트 딜을 계산 시
10레벨 어센트: 1레벨에 비해 2.575배 강력
20레벨 어센트: 1레벨에 비해 약 4.41배 강력 10레벨에 비해 1.71배 강력
30레벨 어센트: 1레벨에 비해 약 6.36배 강력 20레벨에 비해 1.44배 강력
++
내실, 세팅에 따라 효율이 극단적으로 다른 예시
테섭, 본섭 어센트 효율 비교
테스트서버에서 어센트 스킬이 오리진보다 강한 이유: 테스트서버에서는 내실
(링크+유니온+유챔+아티팩트 등)
을 갖추기 힘듬
유니온, 링크, 유챔 등 내실에서만 방무 60%, 보스데미지 200% 이상을 손해봄-> 어센트 30레벨은 방무 100%이기 때문에 효율 급증
방어율 무시 60% 차이
방어율 380%보스 타격 기준
본섭 방무 96%, 어센트 30레벨 방무(100%)로 인한 최종뎀 15.2% 증가
테섭 방무 90%, 어센트 30레벨
방무(100%)로 인한
최종뎀 38% 증가
보스데미지 수치 200% 차이
본섭 데미지+보스데미지 570%: 어센트 30레벨 보뎀(60%)으
로 인한
최종뎀 9% 증가
테섭 데미지+보스데미지 370%: 어센트 30레벨 보뎀(60%)으
로 인한
최종뎀 12.8% 증가
보정 데미지:
본섭: 125.5%
테섭: 155%
->테섭에서 어센트 스킬은 본서버 대비 효율이 25%정도 증가하는것으로 보입니다.
오리진과 비슷한 데미지인 것처럼 보이지만, 내실 유무에 따른 효율 차이가 심하므로 본섭에서의 어센트 스킬은 오리진보다 약간 약할 것으로 예상됩니다.
아마 본섭에서는 3어센트=2오리진정도의 효율을 보일것 같아요
고쳐야 할 부분 있으면 말해주세요"
https://www.inven.co.kr/board/maple/2304/44890,메이플M,아이엘 230 루트,,2025-07-03 14:08,78025,11,"필수
쿠폰입력:
MAPLEM2025SHIFT
*아이템 버닝이 있어서
프성지 살 필요가 없어졌습니다
0~3 튜토리얼
이미 생성한 캐릭터
있는
경우
본캐로 공격대원에 아이엘 넣고 커닝타워 3층까지 클리어
이미 생성한 캐릭터
없는
경우
퀘스트
23~103 모험의 수련장
*마을에 있는 창고(왕서방)에 말걸고 코인 1500개 받기
*아이템 버닝 등록하기
103~113 스타포스 연구소 102호 자동사냥
이야기탐험대
(이미 완료한 캐릭터가 있다면 소탕 기능으로 1초 컷 가능)
113~143 이볼빙 (이벤트 코인샵 티켓 10개 + 성장지원 120 달성 보상 5개 + 아이엘 콘텐츠 스텝업 10개)
총 2번 돌려야됩니다
143~153
디멘션 (이벤트 코인샵 티켓 10개 +성장지원 140 달성 보상 5개 + 아이엘 콘텐츠 스텝업 디멘션 5개)
총 2번 돌려야됩니다
퀘스트
블랙헤븐 (이미 완료한 캐릭터가 있다면 소탕 기능으로 1초 컷 가능)
153~163 몬스터파크 (몬스터파크 추가 충전 3회 + 이벤트 코인샵 티켓 10개 + 성장지원 150 달성 보상 5개 + 아이엘 콘텐츠 스텝업 10개)
총 2번 돌려야됩니다
163~173
스타포스 필드
퀘스트
히오메
(이미 완료한 캐릭터가 있다면 소탕 기능으로 1초 컷 가능)
173~183
성
장의 비약 (이벤트 코인샵: 500코인/몬스터파크: 800코인)
퀘스트
183~198
공간의 경계 + 일퀘
퀘스트
빛의 목소리를 따라서/ 별빛 탐험대 / 빛나는 여정의 기록 보상수령
198~203 태성비 (아이엘 195 달성 보상)
203~208 아케인던전
208~223 극성비
223~ 228 아케인던전 ( 모성지 220 달성 보상: 티켓3개)
228>230 초성비
230
아이엘 레벨 달성이벤트+ 보상 하이퍼버닝 사용하기
230~250 일퀘"
https://www.inven.co.kr/board/maple/2304/44883,기타,쌩뉴비용) 리프 예정 서버 내실 준비 팁,,2025-07-03 04:59,33004,14,"뉴비분들이 챌린저스 서버에서 플레이하시는 동안
리프 예정 서버에서
크게 번거롭지 않은 선에서 내실을 준비할 수 있는 팁
들을 공유해봅니다. 필수가 아니니 스트레스 받지 않는 선에서 활용해주세요.
(+ 잘못된 정보나 추가 팁이 있으시면 댓글로 공유해주시면 감사하겠습니다)
준비할 것 : 챌린저스 서버에서 테라버닝으로 200레벨 이상, 5차 전직을 완료한 캐릭터 1개 만들기
- 이 캐릭터로는 7월 17일 리프가 열린 이후 가능한대로 리프할 수 있게 준비해주시면 됩니다.
챌섭에서 웰컴 메이플 패키지 구매하신 경우 캐릭터 슬롯권 챙겨주시고 뒤에 서술할 약간의 사냥을 위해 저렴한 아이템이나 최소한의 코강으로 세팅해두시면 편합니다.
0. 유니온 npc MS. 어카운트에게 말을 걸어 유니온과 유니온 아티팩트 퀘스트 완료해 개방하기
- 서버에 출석 시 아티팩트 exp와 포인트를 획득 가능합니다. 실제로 나중에 본캐를 리프해서 인게임 플레이를 통해 획득할 포인트와 EXP에 비해서는 굉장히 적은 양이기 때문에 의도적으로 출석을 꾸준히 할 필요까지는 없으나 초반에 미리 열어두면 지나다니며 옵션 설정을 위한 아티팩트 포인트가 쌓여 조금 편합니다.
1. 궁성비 20개 사용하기 ( 에메랄드 티어 달성 보상 )
초반 스토리 퀘스트 스킵 패치 이후 캐릭터를 생성하고 스킵하면 30레벨, 2차 전직이 완료된 상태가 됩니다. 바로 이벤트 탭에서 수령해 궁성비 사용해주시면 200레벨이 되고 유니온 레벨에도 합산됩니다. 필수 링크, 유니온 캐릭터들을 만들어주세요.
(하루에 캐릭터 3개 생성 제한이 있으니 궁성비를 획득한 날부터 바로 만들어 주세요)
2. 데일리 기프트 활용하기
2-1 데일리 기프트 - 슬롯 확장 선택권
리프 예정 서버에서
레범몬 300마리를 처치해 매달 5개까지 캐릭터 슬롯
을 늘릴 수 있습니다. 챌섭에서 리프한 캐릭터로 여로 혹은 데미지가 부족하다면 190레벨대 필드에서라도 300마리를 잡아서 슬롯을 미리 늘려두시면 좋습니다.
2-2 데일리 기프트 - 메가 버닝 부스터, 익성비
2-1과 마찬가지입니다.
3. 유니온 코인 수급하기
유니온 레벨합이 높아져도 코인이 부족해 유니온 등급을 올리지 못하는 경우가 많습니다.
유니온 코인 수령 > 등급 상승 > 배치
를 반복해주세요. 유니온 코인 양은 유니온 전투력에 비례하기 때문에 배치까지 해주셔야 수급량이 늘어납니다.
(유니온 4000 등급까지 약 코인 1600개 필요, 유니온 6000 등급까지는 약 코인 4000개 필요)
3-1 유니온 코인 수령
종종 리프 예정 서버에
접속해 유니온 코인 수령
해주세요. 누적 한도를 넘어서면 더 쌓이지 않습니다.
3-2 주간 유니온 레이드 클리어
리프한 캐릭터로 유니온 NPC에게 말을 걸어 퀘스트를 받고 유니온 레이드에 입장해 클리어 해주세요.
(일반 와이번 100마리, 골든 와이번 20마리)
세팅이 없다면 꽤나 몬스터를 잡기 어렵기 때문에 사냥이 좋고 원킬컷이 낮은 캐릭터를 추천합니다.
유니온 주간 퀘스트 퀵패스가 있는 경우 사용해주세요.
( 보약 스킬 - 약초 바구니는 월드당 스킬이기 때문에 유니온 주간 퀘스트 시 코인 추가 1레벨 이상 추천)
메할일 요약 ( 사냥용 캐릭 리프, 궁성비 20개 사용 이후 )
1. 주기적으로 서버에 접속해 유니온 코인 수령 > 유니온 등급 상승 > 공격대원 배치
2. 주간 유니온 레이드 클리어 ( 데미지가 부족하다면 링크, 유니온 배치, 보약 스킬 활용 )
3. 데일리 기프트 활용 ( 캐릭터 슬롯 확장권, 메가버닝 부스터, 익성비 등 상황에 맞게 )
이벤트 등 활용하시면 아예 깡통 서버에도 어렵지 않게 유니온 6000정도의 내실은 만들 수 있을 것으로 예상되고 이후에는 깡으로 유니온을
키우기 보다는 겨울에 또 다시 보상으로 주어질 궁성비 20개를 활용하면 유니온 8500 이상으로 어느 정도 내실이 다져질 것으로 예상됩니다.
공략글 작성은 처음이라 글에 두서가 없습니다.. 다만 이번 챌린저스 서버의 버프가 에메랄드 기준으로 굉~장히 강력하기 때문에 아무런 준비 없이 챌린저스 서버 종료 이후 일반 서버로 리프 시에 역체감이 엄청날 것이기 때문에 시간날 때 조금씩 준비해두시는 것을 추천드리는 마음에서 글 작성했습니다.
다들 즐거운 메이플되세용"
https://www.inven.co.kr/board/maple/2304/44878,아이템,챌린저스 DEX 뉴비들을 위한 세팅 가이드.,,2025-07-02 23:45,48739,26,"보우마스터 기준으로 작성하였으나
DEX/INT/LUK 모두 적용 가능합니다.
(단, 시드링 및 공격력/마력 부분은 본인이 확인 필요)"
https://www.inven.co.kr/board/maple/2304/44874,퀘스트,간편한 일퀘를 위한 길라잡이 미세팁,,2025-07-02 01:04,47462,23,"(글쓰기에 앞서)
저는 조금이라도 귀찮은 걸 상당히 싫어하며, 매사에 조금이라도 편하게 하려고 애를 쓰는 사람입니다.
자잘한 팁들 중 지인 및 친구들에게 알려줬을 때 반응이 좋았던 팁이라 공유합니다.
(본문)
우선 수많은 편의성 패치를 거쳐 게임 내 편의성이 꽤 개선되었고
길라잡이도 예전의 길라잡이에 비하면 기능적으로 많은 개선이 있었습니다.
굳이 이 방법을 쓰지 않아도 길라잡이를 활용해서 일퀘를 끝내는 건 매우 쉽습니다만,
그란디스 이후에 아케인리버 쪽 일퀘를 하기 위해서는
위와 같은 기본 화면에서 스크롤하여 원하는 지역에서 원하는 맵을 눌러
이동 버튼까지 눌러야하는
번거로움
이 있습니다.
이런 귀찮음을 감소하기 위해서 하단의
'빠른 이동'
기능을 눈 여겨 봐야 합니다.
빠른 이동의 설정 버튼을 누르게 되면
빠른 이동의 빈 칸에 내가 원하는 맵을 채워넣을 수 있게 되는데,
'마을'
버튼 밑의
'필드'
버튼을 클릭하여 필드 맵을 고를 수 있는 탭으로 이동합니다.
우측 화살표를 눌러 쭉 이동하다 보면 (마우스 스크롤로 가면 빠릅니다.)
아케인 리버 지역의 맵도 나오는데 (여기 뜨는 맵들은 모두 길라잡이 상단에 등장하는 추천 사냥터)
동굴 아래쪽, 격류지대 3, 흙의 숲 등
일퀘하기 좋은 맵으로 선정하여 추가합니다.
원하는 맵을 골라 추가하였다면 이제 저장 버튼을 누르고
해당 일퀘 지역의 맵 버튼을 누르면 바로 해당 맵으로 이동하게 됩니다.
이제 길라잡이의 빠른 이동을 통해 편하고 쾌적하게
매일
일퀘를 마무리하시면 됩니다.
(3줄요약)
1. 일퀘 지역마다 스크롤해서 맵 눌러 들어가기 귀찮다.
2. 길라잡이에는 빠른 이동이 있다.
3. 스크롤+클릭, 클릭 -> 딸깍"
https://www.inven.co.kr/board/maple/2304/44851,기타,잡다한 환기성 팁들.txt,,2025-06-30 01:28,76529,35,"1. 길드원 접속 알람 보기 싫으면 중앙에 저 동그라미버튼 딸깍해서 끄기 (저상태가 OFF)
2. 오프접속 유저들 중 길드에서 n일이상 미접>강퇴 조건 달려있으면 저기서
내 상태
한번씩 온라인으로 풀어두고 바로 오프라인으로 바꾸기
10추글 정독하면서 기여도는 꾸준히 올렸는데 오프접 유저여서 강퇴당했다 이런저런 얘기가 나와서..
3. 기여도보스 (노말루타비스 4마리, 길드원과 파티맺어서 도는 것) 돌기 싫고 개인플하고 싶다면
목: 일보 돌고 주간보스 1마리, 수로
금: 일보 돌고 주간보스 2마리
토: 일보 돌고 주간보스 1마리, 플래그
일: 일보 돌고 주간보스 2마리 ... 이런식으로 주간보스 / 길드컨텐츠 나눠서 돌면 혼자서도 기여도 풀 가능!
4. 보스 연습모드 도핑 이외에도 가능한 도핑들
vip버프 (코인샵 / 운영자보상), mvp버프 ( MVP혜택 / 마일리지샵 ) 그리고 캐시샵 뿌리기효과
기능성 > 기상효과에 있으며 공마 올려주는건 생일축하해, 붕어빵 뿌리기, 러블리 파티베어
마일리지로 전액 구매가능하고 파티베어는 효과는 같은데 500마일 더 비싸서 붕뿌or생뿌로 쓰는 편
★ 마일리지가 너무 모자르다면 리프레 마을 잡화상점에서 아기용의 이유식으로 대체 가능
5. 이번에 환산주스탯 사이트에서 뉴비기준 배율도 추가해서 파훼해야만 하는 패턴있는 보스 아닌이상
[뉴비] 여유컷은 무난하게 깰 수 있다고 생각함
5-1. 요 배율은 숙달 기준인데 패턴/컨트롤 좀 익숙해지기 시작했다면 [숙달] 배율로 보는걸 추천
기존부터 배율250%~ [솔플 여유컷] 뜨면 부담없이 깰 수 있다고 생각함
단!!!!!
5-2. 배율표 하단에 도핑 선택이 있는데 아래와 같은 도핑류가 기본으로 설정되어 있기 때문에
본인이 『실제로』 사용하는 도핑류만 선택에서 아래 적용버튼을 누르고 재확인 하는 것을 추천
※또한 5차코강 핵심코어들이 부실하지는 않는지 꼭 확인할 것
ex) 핵심 공용코어 전사의 오라웨폰, 궁수의 크리티컬 리인포스의 레벨이 너무 낮다든지
각 직업고유의 5차 스킬코어 레벨이 너무 낮으면 기존배율보다
더 낮게 잡아야 함
6. 보스 도중 사망 시 이제 채집키 꾸욱 누르는거로도 부활 가능
> 팁게에도 올려달란 얘기가 있었어서 추가
> 복귀/패치노트 잘 안본 유저들은 무의식적으로 마우스로 부활 클릭하는데
키보드에만 집중하고 싶을 때는 이제부터 채집키 꾸욱으로 부활 습관화하는 걸 추천
(마우스 딸깍보다는 시간이 살짝 더 소요되기는 합니다)
7. 이제 60레벨 이상 지역도 다 테마던전화 해서 개인사냥터
> 복귀유저나 아직 해당 시스템을 잘 모르는 분들이 계속 '자리요' 하는 경우가 있는데
그럴때는 그냥 이제 패치되어서 다 개인 사냥터예요 하고 전달해주면 됨
(챌섭 뿐만아니라 본섭도 마찬가지)
8. 캐시샵 코디탭 (패키지 제외) 대부분은 전액 마일리지로도 구매 가능
> 종종 10추글에 전액 마일리지 구매 가능 코디템을 n배를 불려서 경매장에서 용돈벌이 당하는거
멈춰! 하는 글이 올라오곤 해서 상기하는 차원으로
9. 메이플스토리M 도 다운로드해서 메이플스토리에 계정연동해두고 육성하면 도움이 됨
> 본섭리프 후 유니온 테트리스 점령,  유니온효과, 메M일퀘시 매일 700마일리지 (5만마일 한도 별도적립)
10. 정령의축복 <-> 여제의축복은 중첩이 되지 않음
> 처음엔 제로 생성 (스토리스킵)만 해서 정령의축복 12레벨 달아두고
> 여유가 생기면 테라버닝 시그너스(or미하일) 150레벨 달성하고 에레브 - 나인하트에게 말걸어서
고귀한 정신 퀘스트 말걸기 반복해서 완료 후 24레벨 > 30레벨까지 달성
여제의 축복 수치가 정령의축복보다 더 높기 때문
11. 무한교환가능템에 환불 사용 지양할 것
하프이어링처럼 가위필요없이 계속 교환 가능한 아이템에 환생의 불꽃을 발라버리면 가위횟수가 생겨버림
무한교환 가능이라는 메리트를 스스로 족쇄를 채워버려 이른바 폭탄돌리기가 되어버리니 부디 명심!
단, 미카엘라 눈장식은 안심하고 발라도 됨
12. 아델, 제로, 호영, 아란, 시그너스 기사단, 전직업 영웅의 메아리, 연합퀘스트 등
숨겨진 패시브효과를 놓치지 말 것
특히 메애기라는 사이트에 들어가서 길드 > 길드명 검색 후 놓친 스킬 탭 누르면 이런 식으로 명단이 나옴
본인 캐릭터만 보고 싶다면 1인길드 생성 후 유니온 캐릭들 계속 가입해둬서 확인하는 방식도 좋음!
13. 사우나/리조트에 넣어두고 컴퓨터 예약종료 하기
윈도우키 + R키 누른 후 shutdown -s -t (시간) *초단위 입력
시간 수정을 원하면 shutdown -a 해서 예약종료 취소 후 다시 재입력
13-1. 사우나 들어가기전에는 이벤트맵(경험치 잠수맵)에 먼저 들어가고 사우나로 들어갈 수 있음
ex) 남은 사우나시간은 2시간 50분, 예약종료는 3시간뒤에 해두면
남은시간은 이벤트맵으로 돌아가서 10분정도는 이벤트맵 경험치를 받고 예약종료해두기"
https://www.inven.co.kr/board/maple/2304/44845,기타,"뉴비용 챌린저스 ""장신구"" 강화 가이드",,2025-06-29 17:36,146419,52,"++ 프리미엄 악세서리 주문서 최대 수급은 55개입니다.
++ 검은 환생의 불꽃 최대 수급은 2,840개 입니다. (코인샵 구매가 누락되어 자료 상에는 이벤트 재화만 있음.)
++ 큐브 돌릴 때 인장을 먼저 사용하여 3줄로 만든 후 큐브 사용하세요
++ 보스 코인샵 코인 계산을 잘 하시길 바랍니다. <프악작> 대신 <놀긍 떡작 + 프펫작, 검환불 수급(제네시스 해방 이후 사용)>도 추천드립니다.
안녕하세요, 지인들과 메이플스토리를 즐기고 있는 유저입니다.
아이템 강화에 어려움을 겪고 있는 뉴비 지인들을 위해 개인적으로 제작한 자료입니다.
지인들에게 주기 위해 만든 자료이기 때문에 가독성이나 검증에 문제가 있을 수 있으니
참고 정도로만 생각해 주시기 바랍니다.
'재밌으려고 하는 게임에 무슨 공부까지 해야하나?'싶은 생각이 들 수 있고, 저도 그러합니다.
그럼에도 정보의 비대칭성을 해결하고자 공유해봅니다.
* 아이템 강화에 대해 어느 정도 지식이 있으신 분들은 3번째 사진까지만 확인하시면 됩니다.
* 저는 재화를 보수적으로 사용하는 플레이 방식을 지향하기에 아이템 사용은 원하는 대로 하셔도 됩니다.
* 오류가 있으면 댓글 달아주시면 감사하겠습니다."
https://www.inven.co.kr/board/maple/2304/44807,실험,몬파/에픽던전 보너스/사우나 경험치 효율 비교,,2025-06-28 04:09,68620,14,"들어가기에 앞서 모든 변동 가능한 수치는 챌린저스3 서버, 글 작성 시점 2025-06-28 2:41을 기준으로 작성되었음을 알립니다.
사용된 계산식과 자료에는 오류가 있을 수 있습니다. 오류 발견 시 말씀해주시면 즉각 반영하겠습니다.
본 글은 에픽던전의 EXP 보너스와 VIP 사우나의 동일 메포당 효율을 분석하는것이 목적입니다.
많은 유저분들께서 이미 EXP 보너스 1레벨 > VIP > 2레벨이라는 것은 알고 계시지만 구체적으로 각 레벨별 효율 차이와 혹시 모르셨을 뉴비분들을 위해 작성하는 TMI입니다.
각 조건을 비교하기 위해 먼저 1 메포당 경험치 획득량을 계산하겠습니다.
에픽던전의 경우
로 계산할 수 있습니다.
VIP 사우나의 경우
로 간단하게 계산할 수 있습니다.
실제 사례를 들어 한번 계산해보도록 하겠습니다.
예시로 270레벨의 캐릭터가 앵글러 컴퍼니 EXP 보너스 레벨을 1에서 2로 올리는 상황이라고 가정해보겠습니다.
에픽던전의 EXP 보너스 1→2레벨의 메포당 경험치 획득량은 약
59,998,457
VIP 사우나의 메포당 경험치 획득량은 약
69,140,054
로
에픽던전 대비 VIP 사우나의 메포당 경험치 획득량은 약
115.24%
의 효율을 보인다고 계산할 수 있습니다.
아래는 각 에픽던전의 경험치 부스트 레벨과 VIP 사우나의 메소당 경험치 획득량을 레벨별로 표기한 그래프입니다.
몬스터파크의 경우 보약버프 30%를 찍은 기준입니다.
몬파 7회가 아닌 6회인 이유는 최초 1회 무료 입장을 제외한 수치이며, 시행횟수에 관계없이 효율은 동일합니다.
챌린저스 서버 기준으로 많은 유저들이 분포되어있는 270~280 사이의 효율을 요약하겠습니다.
에픽던전의 EXP 부스트 0→1 레벨의 경우 VIP 사우나에 비해 일반적으로 약 4배의 효율을 보이며,
에픽던전의 EXP 부스트 1→2 레벨의 경우 VIP 사우나에 비해 일반적으로 약 0.8배의 효율을 보이는 것을 알 수 있습니다.
자세한 수치는 다음과 같습니다.
경험치 획득량에 대한 자세한 수치의 출처는 다음과 같습니다.
에픽던전 경험치 획득량 -
https://maplestorywiki.net/w/Experience/Tables#Epic_Dungeon:_Angler_Company
VIP 사우나 경험치 획득량 - 환산주스탯 잠수맵 경험치 계산기
자료제공에 감사드립니다.
요약
- 에픽던전의 경험치 보너스 1→2 레벨은 VIP사우나보다 효율이 떨어집니다.
- VIP 사우나의 일주일 제한 48시간을 달성한 이후 보너스
1→2 레벨을 고려하시면 됩니다.
-
270~280레벨 몬파보약30%기준 효율 순위
에픽던전 EXP 0→1레벨 >>> 몬파 추가입장 > VIP 사우나 >
에픽던전 EXP 1→2레벨
(주의 : 메소마켓 시세, 주화 시세, 몬파보약 레벨이 큰 폭으로 바뀔 경우 효율의 순위는 변경될 수 있습니다.)"
https://www.inven.co.kr/board/maple/2304/44736,퀘스트,챌섭 의문의 결계 공략(어캐하는건가? 기댓값은?),살려내메이플,2025-06-25 13:04,134264,19,"안녕하세요 요번에 챌린저스 서버에 새로나온 스펙업 요소 '의문의 결계'가 한눈에 보기에 어떻게 하라는 것인지 머리에 확 들어오지 않아서 어떻게 하는 것이 효율적인지 이리저리 계산해보고 결과를 공유합니다.
세줄요약을 하지 못하였습니다. 내용이 상당히 길고 생각나는데로 적어 뒤죽박죽일 수 있습니다.
시간 날때 찬찬히 읽어보시길 바랍니다.
※ 멋진 신사분께서 세줄 요약해주셨습니다.
1. 골드 달고 제어봉 사용해서 에픽 6강찍어 사용하기
2.
에메 달고 제어봉 사용해서 유니크 6강찍어 사용하기
3. 언제든 레전이 뜨면 레전을 장착하고 이후 무한 강화하기
1. '의문의 결계' 그래서 뭐 어찌하라는건가
의문의 결계 진행방법
1) '결계 제어봉'을 사용하여 '결계의 핵'을 얻는다.
2) 얻은 결계의 핵 중의 가장 높은 등급을 하나 장착한다.
3) 나머지 등급이 낮은 결계의 핵은 '에너지 추출'(갈아버려서)을 하여 강화 재료를 얻는다.
4) 장착한 결계의 핵을 강화한다.
2. 그러면 어떻게 강화하는 것이 효율적인가
아래 사진과 같이 이벤트 공지에도 적혀있어서 많은 분들이 아시다 시피 높은 챌섭 티어를 보유할수록 높은 등급의 결계의 핵이 나옵니다. 따라서 일차적으로 결계 제어봉을 최대한 모아두었다가 가장 높은 티어를 달성하였을 때, 제어봉을 모두 사용하는 것이 좋습니다.  (이거까지는 다 아는 내용이고 그 다음이 중요합니다.)
그 다음으로는 결계의 핵 강화 확률과 들어가는 재료의 양입니다.
위 사진을 보면 6강까지는 비교적 높은 확률과 적은 재료를 필요로 합니다.
그리고 아래 사진은 결계 등급과 강화에 따른 능력치 입니다.
처음 보면 한눈에 확 안 들어올텐데, 대충 [이전 단계 7강 = 다음 단계 1강] 인 것을 알 수 있습니다.
그 다음은 결계를 분해하였을때 얻을 수 있는 재료의 양 입니다.
강화된 결계를 분해 하였을때 얻을 수 있는 재료의 양은 기댓값의 약 80%입니다.
-> 강화된 결계를 분해하면 재료의 손실이 좀 있기 때문에 유니크 이하일때 고강화는 비추
위 세 자료를들 비교해보았을때 내릴 수 있는 결론은
1) 제어봉은 모아두엇다가 챌섭 티어가 높을때 사용하자
2) 유니크 이하의 결계는 편차가 적은 6강 정도까지만 강화하자
입니다.
3. 그래서 어디까지 강화할 수 있는가
(여기서의 강화는 기댓값만을 따졌습니다. 운이 아주 나쁘거나 운이 아주 좋다면 서술된 내용보다 덜 혹은 더 강화될 수 있습니다)
먼저, 아래 사진은 위 자료에서 레전에서의 강화 확률과 그 기댓값입니다.
(레전 이하는 크게 의미는 없으니 많이 강화하지 마세요)
그리고 다음으로는 티어에 따른 제어봉을 1개 사용할 때 얻을 수 있는 결계 에너지(재료)의 기댓값입니다.
위 두 자료로 레전 12강을 만들기 위해서는 약 2638개의 결계 제어봉이 필요합니다.
헌데, 챌섭에서 얻을 수 있는 총 제어봉의 양은
[주당 21개 + 메소샵 20개] x 22주 + 보상 20개 = 922개
최대 약 922개 일 것으로 예상됩니다.
네, 12강은 하라고 만든거 아니고 문어6렙 같이 운 좋은 사람만 달성 할 수 있을 것으로 생각됩니다.
- 메소샵에서 20개씩 매주 구매하지 않는 분
은 최대 약 482개의 제어봉을 얻을 수 있으며,
: 최소 레전 7~8강,
최대 레전 10강
정도 까지 강화할 수 있을 것 같습니다.
-
메소샵에서 20개씩 매주 구매하시는 분
은 최대 약 922개의 제어봉을 얻을 수 있으며.
: 최소 레전 9~10강,
최대 레전 11강
정도 까지 강화할 수 있을 것 같습니다.
그러면 메소샵에서 구매하나 안하나 크게 차이가 없는데 구매 할 필요가 없는건가?
네 결과만 보면 구매하지 않으셔도 크게 차이가 나지 않습니다.
그러나 초반에 레전 1개를 얻는 과정에서 메소샵을 활용한다면 다른 사람보다 빠르게 레전 5강정도를 달성하여 더 높은 스펙을 얻을 수 있을 것입니다.
4. 결론
1) '결계 제어봉'을 사용하여 '결계의 핵'을 얻는다.
이때, 챌섭 티어가 높을수록 높은 등급이 나올 확률이 높으니 최대한 모아두었다가 높은 티어를 달성하고 제어봉을 사용하자.
2) 얻은 결계의 핵 중의 가장 높은 등급을 하나 장착한다.
3) 나머지 등급이 낮은 결계의 핵은 '에너지 추출'(갈아버려서)을 하여 강화 재료를 얻는다.
에너지 추출로 얻는 재료도 높은 등급을 추출할수록 많은 재료를 얻으니 역시 높은 티어를 먼저 달성하고 제어봉을 사용하자
4) 장착한 결계의 핵을 강화한다.
이때 에픽7강 = 유니크 1강, 유니크 7강 = 레전 1강 이므로, 높은 등급이 나온다면 이전 강화된걸 갈아야하는데
갈면 약 80%를 보존해준다.
따라서, 에픽과 유니크는 편차가 적은 6강정도만 사용하다가 레전 나오면 레전으로 바로 바꿔주자
5) 강화는 챌섭을 끝까지 한다면 레전 9~11강 정도는 달성할 수 있을 것이다.
메소샵은 굳이 이용하지 않아도 된다. 다만 이용한다면 약간 더 빠른, 약간 더 높은 스펙을 얻을 수 있을 것이다.
긴 글 읽어 주셔서 감사하고 틀린 점이나 궁금한 점이 있으시다면 댓글을 달아주시면 최대한 틀린 부분은 수정, 궁금한 점에 대해서는 답변을 달아보겠습니다."
https://www.inven.co.kr/board/maple/2304/44727,기타,오늘까지 받아야 하는 것들&테섭 전 일정 소식지,,2025-06-25 08:00,23336,16,"[수정/추가 사항]
1. 편하게 확인하실 수 있도록 본문으로 갱신했습니다
2. [트레져 헌터 오류 보상]
----------------------------------
안녕하세요
이 글은 오늘인 수요일(6/25) 23:59에 종료되는 사항들을 모은 것입니다. 이와 함께 다음 테섭 이전까지
같이 보실 만한 내용들도 간략히 덧붙이니 한 번 쭉 봐주시면 좋습니다
빠뜨렸거나 잘못 적힌 부분은 말씀해 주시면 감사히 수정합니다
-----------------------------------
★오늘 - 6/25(수) 23:59 - 종료되는 것들★
1. <ASSEMBLE 쇼케이스 기념 선물> 수령과 보상 사용 종료 : 운영자 NPC
★ 이벤트 종료 후 2시간의 보상 사용 여유 기간을 두는 최근의 이벤트 보상들과 다르게,
수령 종료와 동시에 아이템 자체도 삭제
되므로 주의 필요합니다
★ VIP 부스터의 경우 아이템 소멸 시간이 서로 근접한 것들은 인벤토리에서 앞에 위치한 게 먼저 사용되니 주의 필요합니다
2. <썸머 카운트다운> 종료
1) 출석 참여 / 패스 구매 종료
2) ""썸머 선물"" 수령 종료
3) ""썸머 파워업"" 보약 효과 적용 종료
3. <차원의 탑 시상식> : 랭킹 보상 수령 종료
4. <
썬데이 메이플 트레져 헌터 혜택 연장
> 종료
5. [환기성] 이제부터 목요일 0시에 초기화 되는 사항들
- 아케인 리버&크리티아스&헤이븐&유니온 주간 퀘스트
- 유니온&무릉도장&더 시드 상점 / 랭킹
- 카오스 링 재설정
6. [환기성] 매주매주 목요일 0시 이전까지 해야 되는 이벤트 주간 메할일들
▶ 매주 목요일 0시에 초기화 이전에 수령 또는 완료를 안 할 경우 보상은 증발 / 출석은 미출석이 됩니다
1)
<챌린저스 패스> : 주간 미션 완료하기 : ~8/20
2) <시간의 흔적 조사(보스 코인) 코인샵> : 카르마 큐브 각각 3개씩 구매 : ~9/17
- 코인 획득과 코인샵 이용 월드당 가능
3) <깨어나는 시간의 힘(모래 출석)> : 모래 채우기 : ~9/17
4) <유랑자의 여행기> : 렌 주간 출석 보상&응모권 수령 : ~9/17
5) <PC방 프리미엄 기프트샵> : 물품 구매 가능 개수 초기화 : ~7/16
+ 정례적인 주간 보스 / 결정석 팔기 / 에픽 던전 / 수로 참여 / 아즈모스 협곡 등..
+ <에버니움 코인샵> 의 황금 딸기 농장 입장권도 목요일 0시에 재입고 되므로 혹시 구매 까먹으신 분들은 참고 부탁 드립니다
[같이 보기]
1. 이벤트 종료 이전에 수령해 둔
<썸머 카운트다운> 보상은 6/26 2시까지 사용 가능
2. <뉴네임 옥션> : 6/26 10시~7/16
-
챌린저스 월드에서도 뉴네임 옥션을 이용할 수 있습니다.
3. 사과 보상들 수령 가능 기간
1) 서버 불안정 사과 보상 : ~7/2 23:59
* 아이템 사용 가능 기간 : ~7/3 2시
2) [챌린저스 월드]결계 제어봉 지급 오류 보상 : ~7/2 23:59
4. <에버니아의 선물> 근접 출석 보상들
- 각각 2/3/4주차 일일 출석 보상
5. <깨어나는 시간의 힘(주간 모래 출석)> 관련 사항
1) 본섭 들어오면서 추가됐던 문구 : ""시간의 모래는 최대 120번 채울 수 있습니다"" : 이에 따라 개근 시 획득 가능한 에버니움의 총 개수는 48000개 입니다
2) 2주차 효과 <전야제의 열기> 경험치 획득량 +100% = 이벤트 맵 잠수 경험치 증가
3) 매주 목요일 0시에 오픈되는 협동 수집 미션 게이지가 미션이 변경되는 그 다음 목요일 0시까지 채워지지 않을 경우, 새 미션 오픈과 동시에 완료 처리됩니다
4) 근접 협동 미션 보상
​
​
6. [ASSEMBLE 2차 업데이트] 일정 : <어센트 스킬> 등
1) 7/3 & 7/10 : 테스트 서버 오픈
2) 7/17 : 정식 서버 업데이트
--------------------------
3추만 보내주시면 감사드리겠습니다"
https://www.inven.co.kr/board/maple/2304/44718,기타,렌 꿀팁) 극딜기에서 평딜로 자연스럽게넘어가는법,미니무르,2025-06-25 01:16,24731,15,"보통 스킬투명도를 다 낮춘상태에서 보스를잡으실텐데 보통 극딜 키다운을하다가 끝나면 평딜로넘어가야하는데 극딜이 끝난줄모르고 잠시 멍때리다가 다시 평딜을넣는경우가있습니다 그럴땐 극딜기가 끝나기0.5초전부터 평딜기 본초:선참을 미리 같이 눌러주고있으면 자연스럽게 이어지게 됩니다
​
이렇게 극딜이 끝난줄모르고 잠시 끊기고 다시 평딜을넣는모습
​
하지만 극딜이 끝나기직전에 선참을 미리 꾹누르고있으면 자연스럽게 평딜로 이어집니다
보통 극딜을쓸때 망혼도 같이쓰는데 극딜+망혼+평딜 3개를 동시에입력하게되면 번거로울뿐더러 망혼도 씹혀버리게됩니다 그래서 단축키에 버프칸을보고 판단하시면됩니다
​
단축키를보시면 정상적인 극딜상황에선 망혼3사이클을돌려도 망혼3사이클이 먼저끝나고 섬무극딜키다운은 1초동안 계속돌아갑니다
망혼 3사이클이끝나고 망혼이 쿨도는걸확인하고 평딜기를 꾹 눌러주시면 자연스럽게 극딜이끝나고 평딜로 이어집니다"
https://www.inven.co.kr/board/maple/2304/44712,기타,챌섭에서 현질하려는 뉴비들 주목,,2025-06-24 19:47,64986,27,"먼저 본인이 돈 써서 도파민 얻는게 좋고
그 과정에서 다소 효율이 안좋은거, 돈 날린거 신경 안쓴다면 원하는거 하면 됨 ㅇㅇ
게임이니까 각자만의 즐기는 방식이 있다 생각한다
이 글은 그래도 주머니 사정을 신경 쓸 수 밖에 없는 사람들이 봤으면 하는 글이다
들어가기 전에 지금 챌섭에서 이벤트 재화를 쓰지 않는 템 직작들은(제네무기나 신직업 렌 보조, 제로무기를 제외한 모든 아이템)
본섭에서 사거나 건드는게 무조건 더 좋은 조건이라는 걸 알아두자
챌섭에서 대부분의 유저가 목표인 4만점이나 제네패스 기준 단순 해방 목적 스펙은 이미 바위가 돌맹이가 될정도로 완화된 구간이다
1. 기본 엠블렘에 과투자 하지말것
레전 2줄 에픽 6퍼 이 위로 올리는건 비추
영교불인 아이템이라 애매하게 건들면 나중에 미트라 막히는건 둘째치고
본섭 기준으로 이 윗구간으로 스펙업하는건 기댓값 대비 효율이 좋은 편이 아니다
챌섭에서 위 스펙으로 해방까지 떡치고 남기때문에 미래를 위해선 재화를 다른곳에 쓰는게 좋다
방방 옵인데 직업 특성상 방무 과다라 공방, 공공에 비해 차이가 나서 돌리는것 까진 ㄱㅊ
추가) 예전에 메이플 해본 사람들이 무지성으로 보조, 엠블 과투자 하는 경향이 강한데 그때랑은 트렌드가 다르다는걸 명심하자
지금은 미트라도 충분히 일반인 시야에 들어오는 상황이고
미트라를 안가더라도 일반 엠블은 레전에픽따리로 살면서 제네무기나 보조 방어구 장신구 헥사 등에 투자하는게 트렌드이다.
엠블렘, 특히 에디에 메소를 박는건 진짜 진짜 신중히 결정하자
2. 보조도 교가라고 막 질러도 되는게 아니다
엠블과 마찬가지로 단순 해방목적인 사람들은 윗잠 레전 밑잠 에픽, 윗잠 2-3줄 에픽 6퍼 정도로 충분하다
본인이 쌍레 5줄 직접 만드는 사람들 있는데
메이플은 이걸 바로 박치기로 만드는 게임이 아님
보조를 직작할땐
1)윗잠 3줄 저격, 방무 한줄 무조껀 씀
2)이때 보보공 공공공 보공공 등 깔끔한 옵 뜨면 에디를 노려볼만 한거임 애매한 옵은 그냥 에디 6퍼로 살것
3)에디공30은 저격하는게 아니다
에공삼 직작은 제로, 렌 한정으로 본인이 메이플에 집 한채 박겠다는 사람만 ㄱㄱ
타직업은 그냥 본섭와서 21퍼 노리다 개뽀록으로 30뽑은 사람들이 만들어놓은거 사자
3. 본인이 스펙에 부족함을 느껴서 챌섭 점수나 해방을 진짜 못할것 같다면 심볼업, 레벨업과 헥사 강화에 투자하자
사냥을 꾸준히 해서 솔에르다 기운을 모으고, 모인 기운만큼 필요한 조각을 현질하는게
내가 생각하는 챌섭의 가장 이상적인 스펙업이다
현질좀 하려는데 사냥하기 싫거나 시간 없는 사람들은 경험치 bm들에 지르자
에픽던전 4배는 소과금들도 메소마켓으로 메포 바꿔먹어서 하는 식으로 고려해볼만하다
이걸 조금 다르게 말하자면 챌섭에서 할 수 있는 스펙업중에서 본섭에 비해 유일하게 큰 효율 차이가 나지 않는 요소가 헥사 강화랑 경험치 bm이라는걸 명심하자
에픽 던전 추가 경험치나 사우나, vip부스터류 같은 경험치에 투자하는게 엠블 보조나 챌섭에서 칠흑 아케인 앱솔 등등 만드는것보단 훨씬 낫다
이건 돈버려도 시간이라도 아껴주지 후자는 진짜 돈만 버리고 처치 애매한 템만 남는다
그리고 마지막으로
지금 노진힐, 하스데미 등 보스가 생각보다 잡기 어렵고 벽 느끼는 메린이들이 있는것 같은데
지금 캐릭터 만든지 1주일도 안지났다
제네패스 기간도 13주고 챌섭은 5개월이다
여름방학 이벤트 끝나고 이벤트 한개 더해야 서버 끝난다
많이 개선되긴 했지만 이 게임은 기본적으로 돈이 아무리 많아도 시간이 필요한 게임이고
시간을 돈으로 살려고 해도 일정 이상을 넘어가면 효율이 박살나는 구조다
조금 천천히 해도 누가 칼들고 협박하진 않으니 천천히 ㄱㄱ
로아 난민이 꽤 될텐데 로유법으로 패키지나 귀속 실링 명파 운파 파괴석 수호석 돌파석 없이 깡으로 템렙 올리는거 생각하면 된다
본인 현질 수준에 따라 아 그래도 실링은, 파편은 돈주고 사지 말아야지 하는거랑 똑같다
현 챌섭은 이벤트 재화나 버프만으로 패스류 제외 현질없이 꾸준히만 할 수 있다면
해방을 말그대로 “떠먹여주는” 개씹혜자 이벤트라는걸 명심했으면 좋겠고
어느정도 메이플에 대해서 알게되고 나서 돈을 쓰거나 메잘알 지인 붙잡고 돈쓰는걸 추천한다
다들 이번 이벤트 잘 즐기길 바라고
수백 수천 단위 현질 마려운 사람은 낭만 찾는거 아니면
점수 적당히 먹고 그냥 빨리 리프하는거 추천한다
모바일이라 폰트 등 조절이 안되서 가독성 떨어지는건 감안해다오"
https://www.inven.co.kr/board/maple/2304/44685,기타,뉴비필독) 렌 검밑솔 보스전 필수체크 가이드,,2025-06-23 20:54,240394,80,"이번 신규직업 렌, 제네시스 패스 출시이후 많은분들이 해방을 위해 검밑솔에 도전하실텐데요.
신규/복귀유저들이 보스를 할 때 놓치기 쉬운, 반드시 체크해야하는 부분만 정리했습니다.
공략글의 기준 직업은 렌이지만
본문 내용의 대부분은 모든 직업이 응용해서 사용할 수 있습니다.
목차
1.
보스 트라이시 필수 체크 사항
2. 렌 기본 운용 가이드
3. 렌 최소컷 & 일격필살 가이드
4. 공통 보스 가이드
4. 검밑솔 (스우 ~ 진힐라) 공략 중요 포인트
1. 보스 트라이시 필수 체크 사항
메이플 보스를 하기 전
필수로 점검
해야하는 사항입니다.
1. 이펙트 내리기
메뉴 - 게임설정 - 이펙트 - (내캐릭터) 스킬이펙트 투명도를 낮춰주세요.
특히 초보자의 경우 보스 패턴이 제대로 안보이기 때문에 반드시 최대한 낮춰주세요.
2. 메이플 사운드 켜기
보스전에선 사운드로 패턴을 판단하는게 유리한 경우가 있습니다.
특히 초보자가 패턴을 익혀야하는 경우에는 반드시 사운드를 켜주세요.
3. 펫 물약 수치 조정하기
초보자분들이 실수하는 것 중 하나가, 펫 물약 먹는 기준치를 70%, 80% 등 높게 설정하는 경우가 있습니다.
하드스우 이상의 보스전에서
기본 물약 쿨타임은 5초
기 때문에 물약 수치를 반드시 낮춰야 합니다.
물약수치를 조정하는건 보스마다 최적화가 다르지만
대부분 보스는 30%~45%사이를 추천
합니다.
(챌섭 졸업 후 상위보스에선 기본 물약 쿨타임이 10초가 되는데 이런 경우엔 더 낮추셔야 합니다.)
(*내용수정 : 물
약을 50%이상 설정하는게 좋다는 의견도 있습니다.
HP 수치를 여러가지로 해보면서 자신에게 알맞는 수치를 찾아서 사용하시길 추천합니다.
)
4. 버프 시퀀스 만들기
극딜버프를 올릴땐 반드시 시퀀스를 이용해야합니다.
버프 선후딜이 거의 없어지고 키세팅에 여유가 생기기 때문에 반드시 설정해주세요.
스킬창 아래에 보시면
가 존재합니다. 눌러서 레이아웃을 1줄 이상 설정 후
다음과 같은 순서로 배치해주세요. (만약
본서버라면 시드링 앞자리에 엔버링크
까지 넣어주세요)
5. 알림이 켜기
스킬창 아래쪽에
가 있습니다. 열어서 알림이를 설정해주세요.
렌의 경우 알림이는
바인드(천매지박), 망혼강림, 일격예인
3개만 켜면 됩니다.
6. 버프 즐겨찾기 설정하기
특정 버프만 남은시간을 따로 체크할 수 있는 기능입니다.
게임설정 - UI - 버프 즐겨찾기에서 설정 가능합니다.
시드링을 반드시 등록해주세요.
(나머지 버프는 취향따라 등록해주세요.)
그리고 대부분
버프즐겨찾기 창을 HP 왼쪽이나 오른쪽에 두는 편입니다.
예시1)
HP칸 오른쪽, 스킬창 위쪽
예시2)
HP칸 왼쪽
2. 렌 기본 운용 가이드
1.
보스전 시 예인은 스킬창에서 우클릭해서 보스용스킬인 일격예인으로 바꿔주세요.
2.
기본극딜은
바인드 - 시퀀스 - 일격예인 - 섬무, 망혼강림 동시 키다운 - (오리진) - 남은 시드링, 만리향, 망혼강림 지속시간동안 열심히 평딜
입니다.
3.
버프 즐겨찾기의
시드링 남은시간이
7
초
에
반드시
오리진
을 눌러주세요.
서버랙 받으면 6초도 안정권이지만 5초이하부터는 오리진 막타에 시드링 효과 못받는 대참사가 발생합니다.
4.
알림 뜨는 스킬(
망혼강림, 일격예인 및 바인드)
을 가능한 바로바로 써주세요.
망혼강림: 일단 1타를 써놓기만하면 내부적으로 쿨타임이 돌아갑니다. 반드시 바로 써주세요.
일격예인: 보스가 맞을만한 위치에 일단 던져두세요.
5.
예인의 쿨타임이 30초미만의 시퀀스 쿨타임보다 짧게 남은 경우, 극딜을 위해 예인을 아껴둡시다.
예를 들어
시퀀스쿨 25초, 예인 쿨 7초인 상황에서 7초후 예인 쿨타임 돌았다고 사용한다면 예인의 기본쿨타임 30초 때문에 다음 극딜때 못쓰거나 보스 바인드 풀릴쯤 늦게 사용하게 됩니다. 이때 보스가 텔포타거나 하면 딜로스 발생합니다.
따라서 초보라면 그냥 아껴주시고, 숙련자라면
쿨타임은 최대차이 19초까지 허용하는 선에서 먼저 사용 후, 극딜중  쿨타임 되는대로 예인을 사용하시면 됩니다.
6.
극딜 중
섬무와 망혼강림 동시 키다운시 망혼강림이 발동 안되는 경우가 있습니다.
이때는 망혼강림을 연타해서 발동해주세요
7.
극딜 버프인 승화에는 망혼강림 쿨초기화 기능이 있습니다.
극딜 버프 올리기 직전에 망혼강림이 있다면 사용해준 후 극딜버프를 올려서 초기화해주세요.
8.
섬무(키다운 극딜기)에는 밀격무시 / 치명적인 상태이상 저항 / 피격뎀 50% 감소가 있습니다.
렌은 자체 피흡까지 있으니 사실상 극딜 키다운 동안 죽을 일이나 암흑 등의 딜로스가 나는 경우가 거의 없습니다.
(단, 세렌 태양게이지 바인드는 저항불가함)
9.
선참(키다운 주력기)을 누른상태에서 텔포, 의지류 등 다른 스킬 사용이 불가능합니다.
다른스킬을 사용하려면 키다운을 때세요.
10.
순인(텔포)는 좋은스킬이지만 너무 무리해서 많이 사용하진 마세요.
보스전 시 점프가 유리한 상황, 텔포가 유리한 상황에 따라 적절히 사용해주세요.
또한 순인(텔포) 의 경우 앞,뒤가 헷갈리는데 입으로 앞, 뒤를 말하면서 사용하거나
앞으로 간 이후 반드시 뒤를 한번 더 써줘서 앞상태로 만들어 놓는식으로 운용해주세요.
11.
매화비보는 평지에서 단독사용시 노쿨로 일반점프보다 높은 점프가 가능합니다.
점프-매화비보(트점)-순인(텔포)를 사용하면 순간적으로 거리를 벌리거나 좁힐 수 있습니다.
매화비보는 체공시에만 쿨타임 5초가 적용됩니다. 단, 체공이 길지 않아서 평소엔 블링크를 이용하는 것을 추천합니다.
3. 렌 최소컷 & 일격필살 가이드
*일격필살 이란?:
5차 특수코어(1주일 기간제) 중 하나로
30초마다 공격시 2초간 데미지 100%증가
옵션을 가집니다.
하지만 메이플 특유의 서버 랙 영향으로
2초이상 지속되는경우가 많아서 최소컷시 부족한 데미지를 보충해줄
코어
입니다.
1.
최소컷을 하려면 반드시
16극딜,
6오리진
을 사용하셔야 합니다.
(*더스크 같은 특수상황 제외)
보스를 하다보면 이런저런 이유로 극딜이 밀리는 경우가 생기는데 이런 상황이 많아지면 마지막에 오리진극딜을 못씁니다.
즉,
평소에
극딜 타이밍이 밀리면
절대
안됩니다.
2.
입장극딜 일필 터트리는법: 보스 대기방 입장 - 전투분석 시작 & 평딜로 일필 터트리기 - 빠르게 도핑 -
전분 시간20초 +-1초에 보스 입장
- 바인드 극딜 도중에 일필 터짐
예시) ​
(*듄켈같이 컷신없는 보스면 25초 +-1초에 입장해주세요)​​
3.
일격필살을 극딜때 맞추려면 시퀀스 쿨타임 25, 55초 +- 1초 내외에 맞춰주세요.
오리진 극딜인 경우 넉넉하게 일필타이밍 맞춰도 됩니다. 20~25초,50~55초쯤 일필을 터트려주세요
(
*주의사항
: 일필 타이밍 맞추려고 극딜 늦게 쓰지마세요.
극딜 쿨 안밀리는게 최우선
입니다.)
4. 공통 보스 가이드
0.
메이플은 보스패턴을 피하고 딜을 넣는 게임입니다.
딜을 열심히 하면 보스패턴은 어떻게 되겠지~ 라는 마인드로 하시면 안됩니다. 피하는법부터 배우고 딜을 하세요.
특히 보스패턴이 어려운 보스면 딜하지말고 점프나 텔포만 쓰면서 이 보스가 무슨 패턴을 어떤범위로 어떤 선후딜로 쓰는지, 그래서
패턴을 어떻게 피할 것인지 관찰부터 하는게 훨씬 빠르게 공략
됩니다.
1.
메이플 보스의 패턴은
보스패턴 + 맵패턴
으로 구성돼 있습니다.
보스패턴은 맞으면 치명적인 경우가 대부분이라
보스패턴 부터 익히는게 좋습니다.
대부분 보스 패턴은 4~5개 정도의 패턴 묶음이 반복되는 형태입니다.
트라이하는 보스가 어떤 패턴을 반복적으로 사용하는지 알고 플레이하는걸 추천합니다.
예시) 듄켈의 경우
[밀격(엘보소환) - 밀격(엘보소환) - 버프, 도약, 절단 중 1개 패턴] 사이클이 반복되는 패턴이며
캐릭터가 멀리 떨어질 경우 혹은 낮은 확률로 검기패턴이 추가되는 형식입니다.
2.
보스전에서
5차 공용스킬인 쓸만한 파운틴, 블링크
가 필요한 경우가 많습니다.
특히 쓸만한
파운틴은 레벨 낮을때와 높을때 성능차이가 매우 심하니 여유될때 레벨을 올려두세요.
블링크는 체공유틸도 있지만 30레벨 기준 공마30이 패시브로 올라가니 올려주세요.
또한
의지류 (4차스킬 의지, 에르다의지)
또한 보스전 때 점점 사용하게 되니 특정 패턴때 사용연습을 해보세요.
3. 보스 실력 = 보스 숙련도 + 직업 숙련도 입니다.
렌은 직업숙련도가 거의 필요없는 수준이라 보스패턴을 익히기 굉장히 좋은 캐릭입니다.
반대로 카데나, 블래스터 및 다른 연계직업(제로, 칼리 등)의 경우 높은 직업숙련도 필요로 하기 떄문에 남들보다 두배 세배는 더 연습하셔야합니다. 화이팅입니다.
5. 검밑솔 (스우 ~ 진힐라) 공략 중요 포인트
보스 패턴 공략글 아닙니다.
기본적인 보스 패턴은
유튜브에 검색해서 나오는 공략 영상 보세요.
기본적인 포지션 및 중요하다 생각한 포인트만 적었습니다.
스우
1페 -
중앙에 딜합니다. 단, 스우몸 주변에 파란빛이 돌며 ""
에너지 방출을 시작합니다"" 라는 사운드가 들리면 텔포를 사용해 바깥쪽으로 피해주세요.
보호막이 생기는 경우 반드시 전선, 교차레이저를 스우에게 맞춰주세요.
2페 -
맵 5시방향에서 스우랑 붙어서 딜합니다. 운석패턴은 텔포로 피해주세요.
3페 -
맵 5시방향에서 스우랑 붙어서 딜합니다.
오리진
사용시 반드시 스우와 겹친상태로 사용
해주세요. 오리진무적 상태에서 스우는 맵패턴을 맞기 때문에
섬멸게이지가 확 줄어듭니다.
발판 던지는건 타이밍 맞게 텔포 혹은 윗점 체공 이후 점프,텔포로 피할 수 있습니다. 맞으면
기절
걸리니 꼭 피하세요
위험한 경우 맵 포탈을 이용해 11시방향-5시방향 왔다갔다 플레이 할 수 있습니다.
파운틴 깔아주고 자주 먹으세요.
맵패턴 아픕니다. 다 피할 수 없기 때문에 풀피 유지가 중요합니다.
그물망 레이저패턴은 점프로 안된다면 윗점-블링크체공으로 피할 수 있습니다.
제압용 벙커(위 이미지) 패턴은 엎드려 피할 수 있습니다.
제압용 벙커 패턴의 쿨타임은 하드기준 20초입니다.
스우가
기본밀격 2~3번
정도 썻으면
다음 패턴으로 제압용벙커
나오겠구나 의식하고 엎드릴 준비 하세요.
어둠의 기운(레이저 그물망 이후 패턴)은
스우와 겹쳐있으면 데미지를 안받습니다.
단, 그물 걸린 상태면 맞습니다.
맵 패턴 다른건 몰라도 이 녀석은 피하세요.
기절
동반합니다.
데미안
1, 2페 - 렌 스킬중 영인(3초 무적기)을 쓰면 모든 패턴을 무시하고 여유롭게 제단을 풀 수 있습니다
1, 2페 - 바인드류 패턴(손아귀 DDR, 세계수폭주) 맞기전에
의지스킬
을 사용하면 패턴을 무시할 수 있습니다.
루시드
3페 -
3페 진입시 40초동안 13조가량의 딜을 박아야합니다.
하루시 1페 체력이 50조 8천억이므로 40초동안 대략 2.5줄을 까면 3페를 깰 수 있겠구나 짐작할 수 있습니다.
단, 8분짜리 영약 , 15분 지속 도핑류들이 빠지는 것 까지 감안해서 딜이 널널하다 싶을때만 도전하세요.
윌
맵패턴 중 빨강콩 맞으면 달빛게이지 감소, 거미다리 맞으면 달빛게이지 1.2초간 생성 중단
입니다.
심지어 챌섭은 레지링크(부활 후 무적시간 증가)도 없기에 3페 거미줄이 꽉차면 정말로 답이 없습니다.
이런 이유로 최소컷이 최고 어려운 보스 중 하나이므로
딜이 충분할 때 가세요
1페 - 달빛게이지를 사용해
방을 넘어가면 3초간 무적
입니다. 붕괴패턴에도 면역이니 게이지가 많다면 잘 활용해주세요.
2페 - 밀격 맞아서
벽에 박혔으면 그냥 일단 움직이지 마세요.
괜히 움직여서 거미줄맞고 죽는경우가 많습니다.
3페 - 배율이 낮은사람일수록 첫극딜은 반드시 독(최종뎀 30% 버프)받고 오리진극딜을 해야 합니다.
가능한 달빛게이지가 차는 즉시 바로 거미줄을 2개 푸세요.
빨강콩
맞고 게이지 사라지는게 누적되면 클리어에 지장생깁니다.
흰눈 패턴은 텔포보단 점프로 피하기가 훨씬 쉬울겁니다. 점프로 피하세요.
흰눈 패턴은 점프 후 엎드리기로도 피해집니다.
더스크
1. 파란운석 -
기절
, 분홍운석 - 암흑 입니다. 두 운석을 잘 피해주세요. (보라운석은 언데드화인데 파티에 숍없으면 딱히 맞아도 지장 없습니다.)
2.
공포상태 진입하기 제일 좋은 타이밍은 큰 촉수패턴(눈 열리는 타이밍) 직후입니다.
공포게이지 유도가 가능한 상황이면 일부러 맞아서 알맞게 공포상태 진입 해주세요.
3.
공포상태에서는
촉수 위에서
계속 돌아다니는게 제일 유리
합니다.
바닥이라면 더스크패턴(촉수, 레이저)를 다 피하면서 공포몹까지 신경써야해서 죽을 위험이 높아집니다.
4. 쫄은 3종류가 있습니다.
날아다니는 쫄 -
혼란
을 거니 계속해서 바로 죽이세요
바닥 쫄 -
석화
를 거니 없는 위치로 혹은 잡히기 전에 점프나 텔포로 도망가세요. 만약 붙잡히는 상황이면 무적기나 의지를 미리 사용해주세요.
추적 쫄 -
캐릭터 위치에 주기적으로
왼쪽 표식이 생기고 1초 후 공격하여
침묵
을 거니까 반드시 피해주세요.
일단 안전한 자리에 있다가 표식이 생기면 그때는 반드시 피하세요
5. 공포+레이저 패턴일 땐 양 벽끝에서 (석화쫄 있는경우)의지 + 윗점 블링크 체공을 사용해서 버티면 좋습니다.
듄켈
1. 듄켈은 [밀격(엘보 소환)- 밀격(엘보 소환)- 돌진, 도약, 버프 중 1개] 행동을
반복입니다.
2. 기본포지션은 듄켈 패턴마다 돌아다니세요. 말뚝딜을 할 경우 죽을 확률이 높아집니다.
3. 맵 양끝에 듄켈이 위치하도록 하지마세요. 상대하기 빡세집니다. 듄켈이 돌진 패턴 때문에 구석에 갔다면 무리하게 딜하지마시고 중앙으로 돌진을 유도하세요
4. 파운틴을 깔아두고 먹으면 좋습니다.
하지만
맞으면서 파운틴을 먹고 딜하는 방식은 지양하세요.
듄켈과 엘보의 모든 패턴은 피하는게 제일 좋습니다.
5. 엘보
모카딘
의 레이징블로우는 맞으면
기절
걸리니 무조건 피하세요.
6. 느리게 내려오는 빨간 구체패턴은 자신의 HP가 많고, 물약 및 파운틴이 있다면 일부러 맞아서 빠르게 없애는 방향이 좋습니다.
7. 일부러 멀리가서 검기패턴을 유도할 수 있습니다.
8. 검기패턴을 못피할 것 같으면 쫄몹에 몸박치기를 해보세요. 피격 후 무적시간으로 살 수도 있습니다.
9. 검기패턴을 못피할 것 같으면 도박수로 땅에서 블링크를 눌러보세요. 블링크(랜덤텔포)이후 텔포를 이용해 살 수도 있습니다.
진힐라
1. 기본포지션은 진힐라와 붙어서 파란바인드를 빼면서 평딜을 합니다.
파란바인드를 빼는법 - 윗점 or 진힐라 뒤로 가기
2. 1페
낫찍기패턴
은 대부분
텔레포트 이후 첫패턴
으로 등장합니다.
반드시
의식하여 진힐라가 텔포탓다면 윗점 혹은 텔포를 사용할 준비를 하세요. (텔포후 첫패턴 낫찍기가 아니라면 두번째에 낫찍기일 확률이 매우 높습니다.)
3.
진힐라가 양 벽끝에 텔포를 해버리면 제대로 딜을 할 수가 없습니다.
절대로
벽 끝에 진힐라가 텔포 탈 각을 만들어주지 마세요.
진힐라가 텔포 타기 전에 캐릭터를 벽에서 거리를 조금이라도 벌려두세요.
4. 만약
채집키가 Ctrl, Alt인 경우 키보드 양옆의 Ctrl, Alt를 같이 두드리면 훨씬 빠르게 제단이 풀립니다.
4. 뉴비는
쫄 시체박힌 자리에서 무리해서 딜하지말고, 멀리가서 진힐라가 내쪽으로 텔포타고 오게 유도하세요.
5.
(초보는 시도하지 마세요)
제단을 풀면 최종뎀 15%버프가 6초간 걸립니다.
이를 이용해서 극딜타이밍의 딜을 올릴 수 있습니다.
제단은 렌의 극딜인 섬무,망혼강림 키다운 도중에도 채집키를 사용해 풀 수 있습니다. 단, 이 방법은 극딜이 밀릴 변수가 꽤 있기 때문에
제단을 풀고 바인드-극딜하는 것도 좋은 방법입니다.
이상 공략을 마칩니다.
이번에 하이퍼버닝 키우는 모든분들 제네시스
해방까지 화이팅입니다!"
https://www.inven.co.kr/board/maple/2304/44633,기타,메린이 분들 위한 이벤트 간단 정리,,2025-06-22 01:27,71844,51,"안녕하세요, 지인들과 메이플을 즐기고 있는 유저입니다.
이번에 이벤트도 많아서 다들 헷갈려 하고, 공략 따라간다고 첫 주에 260 찍고 보스 깨려 조급해하는 모습을 보고 나이브하게 작성해 보았습니다.
가독성도 별로 안 좋고 오차나 오류가 있을 수 있지만 유입분들께 조금이라도 도움이 되셨으면 하는 마음에 올려봅니다.
지적해 주실 사항 있으면 댓글로 달아주시면 더 많은 분이 볼 수 있어 좋을 것 같습니다!"
https://www.inven.co.kr/board/maple/2304/44601,실험,몬파 vs 사우나 메포 효율 비교,,2025-06-20 21:29,41855,11,"썬데이가 아닌 기준으로도
대부분의 경우 몬파의 효율이 더 좋습니다."
https://www.inven.co.kr/board/maple/2304/44594,기타,가엔슬 슬라임 진행방향 예측,,2025-06-20 15:30,22913,11,"가엔슬 슬라임은 긴쪽으로 흘러간다만 기억해도
정말 쉬워진다.
예를
들어,
그렇다면 이 상황에선 어떻게 흘러갈까요?
크리스탈 설치를 안 한다는 가정하에요.
바로
이렇게임
따라서 빨간색을 막으셧다면 아무 크리스탈도 설치 안하고
걍 올라가서 대기타면 됩니다
만약 보라색을 막으셧다면
이런식으로 막으시면 됨
메유커에 올렷던 글인데
자게에서
오 왼 오 왼 번갈아서 흘러간다는 댓글보고 충격먹어서 메벤에도 올림"
https://www.inven.co.kr/board/maple/2304/44584,사냥,챌섭 보약 루트 추천 [피어나의 약초 바구니],,2025-06-20 03:45,558858,48,"딜 관련은 환산 주스탯 사이트에서 본인 스펙에 맞게 최적화하시는게 제일 좋습니다
(
https://maplescouter.com/optimizer
)
일반적인 상황에 맞춰서 계획을 짜 봤고, 참고하시면 좋을듯합니다
[챌섭 250렙 렌, 7보장 도전자셋(노말스우) 보조엠블 전부 공퍼]
< 보약 윗줄 >
* 주차 밑에 숫자는 해당 주차 잔여포인트
* 방어율 무시 / 보스 데미지 위주로 찍음
* 일반몹 데미지는 절대 XX, 보스 도전 - 아케인 포스 (포뻥) / 사냥 - 어센틱 포스 자유롭게 사용
(공마, 올스탯 대신에 찍음, 방무&보공은 웬만하면 계획대로)
< 보약 아랫줄 >
* 초반부에 몬파 썬데이 있을 가능성 높아서 몬파 위주로 투자
* 270렙부터 그란디스 일일미션 경험치 > 아케인리버 일일미션 경험치
* 275렙부터 몬파 효율 감소 -> 빠르게 올리는 사람은 그란디스/아케인 일일미션 보상도 섞어서 찍음"
https://www.inven.co.kr/board/maple/2304/44558,기타,개인필드 인원 등 패치 신규사항 모음&메할일 등 간단히 보기,,2025-06-19 15:31,22116,16,"[수정/추가 사항]
1.
<깨어나는 시간의 힘> 기존 글에서 드렸던 말씀 수정 : 이 부분 혼동 드려 죄송합니다
1) 이전 글들에서 말씀 드린 내용 : 매주 목요일 0시마다 해당 효과와 보상을 획득 가능
2) 수정 후 설명 : 해당 일자는 매주 미션이 오픈되는 일자입니다
- 매주 0시에 새 미션이 오픈됩니다
- 각 유저들이 주간 미션을 수행하면 그에 따라 게이지가 채워집니다
- 게이지가 100%에 도달할 시 ""효과 얻기"" 버튼을 클릭하여 추가 효과와 아이템 보상을 즉시 획득하실 수 있습니다
- 만약 게이지가 100%에 도달하지 못하고 주차가 변경될 경우, 완료되지 못한 주차의 게이지는 완료 처리되어 이보상과 효과를 획득하실 수 있습니다
----------
안녕하세요
이 글은 오늘 업데이트로 신규 추가 혹은 변경된 사항을 모은 것입니다
자세한 패치 내용이 궁금하신 분들은 글 마지막의 글 링크를 참고 부탁 드립니다
빠뜨리거나 잘못 적힌 부분은 말씀 부탁 드립니다. 오늘은 바로바로 수정이 어렵더라도 최대한 하겠습니다
★오늘 업데이트 주요 사항 빠르게 보기 : 다른 글에서 보신 분들은 밑으로★
[주요 일정]
1. 현재 진행 중인 <PC방 누적 보상 이벤트> : 오늘까지 진행 후 금요일 0시부터 후속 이벤트 진행
2. <썸머 카운트다운> : 6/25까지 출석과 패스 구매가 가능하며, 오늘부터 수령 가능한 ""썸머 선물"" 보상은 6/26 새벽 2시까지 사용 가능합니다
3. 쇼케이스 선물 : 6/25까지 가능 - 점검 이후 수령 가능한 어셈블 쇼케이스 관련 아이템
[패치 후 들어오는 것들 간략히 보기] - 캐시는 밑으로
1. 들어오는 이벤트 21개
- 공식 이름과 함께 한 줄로 보기 :
https://upload3.inven.co.kr/upload/2025/06/18/bbs/i1285949299.jpg?MW=800
2, 들어오는 주요 개선/변경/신규 사항들
-
https://upload3.inven.co.kr/upload/2025/06/19/bbs/i1725492177.jpg?MW=800
▶ 각 이벤트의 자세한 보상이나 각 항목별 추가 설명이 필요하신 분들은
https://www.inven.co.kr/board/maple/2304/44524
글 참고해 주시면 됩니다
[패치 후 이벤트 관련 일일 / 주간 메할일]
★ 일단 점검 후 최초 접속 시 이벤트 알림이에서 이벤트를 다 받아 주시는 게 편합니다. 이후 다른 캐릭터로 수락할 때 일괄 수락 가능
--------------------------------------
1. 메인 이벤트 일일 출석 : <에버니아의 선물> : 출석 버튼 누르기 : 일일 1회 / 1주 5회
▶ <피어나의 약초 바구니> 보약 이벤트에 SP 사용
2. 메인 이벤트 주간 출석 : <깨어나는 시간의 힘> : 주간 보스 1인 퇴치+레범몬 퇴치로
모래 10개 채우기
- 보스별 모래 획득 개수 :
https://upload3.inven.co.kr/upload/2025/06/12/bbs/i1204269950.jpg
- 레벨 범위 몬스터 1000마리 시 모래 1개 획득
ex) 하드 진 힐라 퇴치로 모래 6개 획득 시, 남은 4개의 모래를 레범몬 4000마리 퇴치하여 채우기
▶ 출석으로 코인 획득하여 <에버니움 코인샵> 이용
3. 주간 보스 코인 이벤트 : <시간의 흔적 조사> : 주간 보스 1인 퇴치 후 보스 코인 획득
-
월드당 코인 획득과 코인샵 이용이 가능합니다
--------------------------------------
4. <챌린저스 월드> 육성 시 메할일
1) <챌린저스 월드> 일일 출석 : 레벨 범위 몬스터 1000마리 퇴치 : 일일 1회 / 1주 5회
2) <챌린저스 패스> 미션 : 심볼퀘/몬파/주보/에픽 던전 등 육성하시면서 자연스럽게 미션 완료 가능
- 목요일 0시 초기화 되기 전에 완료 잊지 말기
- 레벨 범위 몬스터 미션도 30000마리까지 존재하나 초반에 구매하셨다면 다른 미션들만으로도 충분히 만렙에 도달할 수 있습니다
3) <의문의 결계> : 결계봉이 매일 3개씩 충전되며 최대 20개까지만 저장되므로 소멸되지 않을 정도로 사용하기
5. 렌 관련 메할일
1)
렌 주간 미션 1 : 레범몬 1000마리(경쿠 5) / 5000마리(부스터 10) / 10000마리(사우나 2)
- 레벨링에 도움 됨
2) 렌 주간 미션 2 : 레범몬 2000마리마다 교환 1회 가능한 경품 응모권 1개 획득 / 매주 10만 마리까지
- 판매 또는 사용하시는 경우 재량껏 참여
[어셈블 2차 업데이트  : <어센트 스킬> 업데이트 일정]
1. 7/3 & 7/10 : 테스트 서버 오픈
2. 7/17 : 정식 서버 업데이트
★캐시 업데이트 관련 사항★
1. [~6/12] : <로얄 스타일> 업데이트 :
https://maplestory.nexon.com/News/CashShop/Sale/547
1) 신규 스라벨 : 비연유랑 세트
2) 스라벨 보상 의자
3) 신규 코디 아이템
2. [~8/20[ : <메이플스토리 컬렉션> 판매 :
https://maplestory.nexon.com/News/CashShop/Sale/549
3. [상시] : <프리스타일 쿠폰> 판매 :
https://maplestory.nexon.com/News/CashShop/Sale/548
4. [~9/16] :  <제네시스 패스> 판매 :
https://maplestory.nexon.com/News/CashShop/Sale/550
5. [~7/17 점검 전] : <프리미엄 헤어&성형 쿠폰> 목록 교체 :
https://maplestory.nexon.com/News/CashShop/Sale/545
6. [상시] : <초이스 헤어 쿠폰> 목록 교체 :
https://maplestory.nexon.com/News/CashShop/Sale/544
7. [~6/26 9:59] : <원더풀 위크> 진행 :
https://maplestory.nexon.com/News/CashShop/Sale/546
8. 일부 상품 가격 조정
1) 커스텀 믹스 염색 쿠폰 : 79900 -> 48000
2) 커스텀 믹스 컬러렌즈 쿠폰 : 39900 -> 24000
3) 밸런스 믹스 염색 쿠폰 : 39900 -> 24000
4) 밸런스 믹스 컬러렌즈 쿠폰 : 19900 -> 12000
★주요 신규&변경 사항★
1. [~6/29] : <차원의 탑 시상식> :
https://maplestory.nexon.com/News/Event/Ongoing/1155
2. [7/21~] :
7/21(월) 메이플스토리 운영정책 변경 안내
-
https://maplestory.nexon.com/News/Notice/147036
- ""
그럼에도 불구하고 비정상적인 규모로 게임 재화를 획득하고 거래하는 사례가 다수 확인되고 있으며 이러한 행위는 건강하고 공정한 게임 환경을 훼손하는 행위입니다. 이에, 현재 시점에서 게임 내 비정상 게임 이용에 대한 단속을 강화하기 위해 운영정책 항목을 일부 조정합니다.""
- 일부 항목에 추가된 내용 : 직 · 간접적으로 취득한 아이템 · 게임머니 · 경험치 등 모든 부당이득 회수 및 전부 회수 완료 시까지 거래제한 적용
3. [~7/3] : <월드 리프> : 6/19 0시 이전 생성한 캐릭터 대상
-
https://maplestory.nexon.com/News/Event/Ongoing/1148
- 최초 선택한 월드로만 이동 가능
4. PC방 이벤트 관련 공식 이미지
1) 추가 혜택
2) PC방 코인샵
3) 누적 보상 시간은 이전과 동일하게 15/30/45/60시간 확정 - 신규 누적 보상 이벤트는 금요일 0시부터 시작됩니다
5. 주간 출석 : <깨어나는 시간의 힘> 추가된 보상 외형 관련 사항
1)
테스트 서버에서
구현되지 않았던 주간 출석 보상의 외형이 구현되었습니다
2) 7/24 이후 게이지 달성 시 수령 가능한 보상 : 늑대개 석상 교환권 - <메이플 홈> 가구
3) 8/14
이후 게이지 달성 시 수령 가능한 보상
: 에버니아 전통복 세트 교환권
4) 8/21 이후 게이지 달성 시 수령 가능한 보상 : 황혼의 제단 커스터 배경 교환권
* 커스텀 배경 이미지 출처 :
https://blog.naver.com/seotbeo/223904225080
5) 8/28
이후 게이지 달성 시 수령 가능한 보상
: 에버니아 진열장 교환권 - <메이플 홈> 가구
6) 9/4
이후 게이지 달성 시 수령 가능한 보상
: 캐릭터 선택창 테마 교환권 - 황혼의 제단
- 이미지 구현이 아직 안 된 것으로 보이며 캐릭터 선택창 테마는 이하 방식으로 교체할 수 있습니다
6.
본
섭 오면서 추가된 개인화 필드 추가 적용 자세한 서술
- 몬스터 레벨이 60레벨 이상인 모든 사냥터 필드에 개인화 필드 시스템이 적용됩니다.
- 챌린저스 월드를 제외한 모든 월드의 사냥터 필드는 최대 4명까지 이용 가능합니다.
- 챌린저스 월드의 사냥터 필드는 최대 10명까지 이용 가능합니다.
+ <시간의 흔적 조사(보스 코인)> 이벤트 월드당 코인 획득, 월드당 코인샵 이용 가능한 것 변경 없이 옴
----------
3추만 보내주시면 감사드리겠습니다"
https://www.inven.co.kr/board/maple/2304/44535,사냥,[챌린저스월드]렌 육성정보 및 성장루트,,2025-06-18 21:00,541723,90,"챌섭 육성하는데 정보를 수집하여
간단하게 요약해보았습니다!
캐릭터 육성설정 정보는 상단
캐릭터 육성루트 정보는 하단
챌섭 시작하시는 분들 파이팅!
[극딜]
극딜사이클
바인드 -> *시퀀스 -> 일격예인 -> 섬무 + 망혼강림 키다운 -> 오리진
*시퀀스 세팅
[오라웨폰 / 그란디스 여신의축복 / 만리향 / 망혼각성 / 승화 / 바디오브스틸 / 엔젤릭버스터 링크스킬(본섭전용) / 시드링]
[코어강화]
2중 4코
(아래 6개 스킬을 2번씩 중첩시켜 4개의 코어칸에 등록)
[매화검 쇄매]  [매화검 예인]  [매화검 선참]
[망혼검 절기]  [망혼검 본초]  [망혼검 2초식]
※강화코어 선정이 헷갈릴 수 있어서 적어요!
매화검 본초 : 참, 자, 천 3개의 스킬을 제외한 위 6개 스킬이 유효스킬입니다.
[스킬강화]
렌 스킬 딜 점유율 우선순위
1순위 : 망혼검 절기 : 심검
2순위 : 만리향
3순위 : 망혼각성
4순위 : 매화검 절기: 섬무
※1순위를 제외한 2~4순위는 점유율 순위지만
점유율이 비슷해서 골고루 올려주시면 좋을 것 같습니다.
[하이퍼 스킬강화]
망혼검 본초 : 영격-리인포스
매화검 본초 : 선참-리인포스
매화검 본초 : 선참-보스킬러
망혼강림 - 리인포스
망혼강림 - 이그노어 가드
※간단하게 위에서 부터 1, 4, 6, 7, 8 번 스킬
[어빌리티]
1줄 : 보공[보스 공격시 데미지증가]
2줄 : 상추뎀[상태이상에 걸린 대상 공격 시 데미지 증가]
3줄 :
공격력[공격력증가] 또는
벞지[버프 지속시간 증가]
※3줄 벞지는 엔젤릭버스터 링크스킬이 극딜안에 안전하게 들어가게 하려고 뽑는 옵션입니다.
챌섭에서는 링크스킬을 사용 할 수 없어서 챌섭 한정으론 공격력이 벞지보다 효율적입니다.
-
[육성루트]
캐릭터 육성하실 때 옆에 창 띄어놓고 참고하기 좋은!
파란글씨
는 과금하시는 분들의 조건이라
무과금 유저분들은 그 부분을 제외하고 생각해주시면 감사하겠습니다.
Lv 0
렌 생성하고 바로 옆에 ""
제로"" 캐릭터
버닝없이
생성해서
본캐(렌) 공격력 증가 얻기 [
정령의 축복 : 공마12증가]
Lv 30
유랑자의 발자취 렌 육성이벤트 받기
유랑자의 여행기 렌 육성이벤트 받기(정팬/자석펫)
웰컴메이플 구매
PC방 훈장 MVP레드템 받기
Lv 30~200
:) 테라블링크로 200렙
:) 5차전직 - 1. 헤네시스 궁수교육원
2. 판테온마을 매그너스잡기
3. 버려진야영지
:) 이벤트 전체 활성화하기
사냥 이벤트스킬 르토는 OFF 해놓기
※르토 이벤트는 사냥이벤트 0차 스킬인데 최대한 렙업을 하다
사냥에 집중하는 시기에 ON
:) 보약버프 찍기 - 경험치 증가 / 몬스터파크 경험치 증가
:) 본섭 썸머 사전출석체크 썸머카운트 받기
:) 쇼케이스 보상 받기(메이플 운영자)
:) 의문의 결계(챌섭한정 이벤트 악세) 뽑기 및 강화
:) 아이템 버닝 이벤트 아이템 받기 / 하이퍼 버닝 아이템 받기
모든 패스 아이템 받기 후 코어강화 진행하기(쓸만한 홀리심볼은 필수)
:) 챌린저스 패스 구매
:) 길라잡이 -> 숨겨진 호숫가 가서 레벨범위 몬스터 3000마리 잡고
*이벤트 [협동이벤트] 깨어나는 시간의 힘 -> 시간의 모래 받고 ->
상점열기
-> 성장 ->
""딸기농장 쿠폰""
5개 구매하기
Lv 200 ~ 235
:) 딸기농장 12개(썸머카운트 1개 /
피시방 6개
/ 이벤트상점 5개)
정령의펜던트 / 쓸만한 홀리심볼 / 하이퍼스텟 / 버닝칭호 /
부스트링
/
혈맹의반지
/
pc방훈장
체크
※
쓸만한 홀리심볼 : 경코젬으로 최대한 올려서 경험치 효율 증가시키기
하이퍼스텟 : 경험치 최대한 몰빵해서 경험치 효율 증가시키기
220렙 도미네이트 팬던트 받아서 착용하기
새로운 지역 열리면 지역 스킵해서 이벤트 심볼얻고 몹 더 빨리잡기(기존 길뚫한 유저전용)
피시방이 아니신 분들은 딸기농장 6회 하시고 나오셔서
사냥+길뚫로 목표한 레벨 달성하시면됩니다.
Lv 235 ~ 240
:) 그림자 춤추는 곳 2
Lv 240 ~ 245
:) 별이 삼켜진 심해 6
Lv 245 ~ 250
:) 극한 성장의 비약 1개 사용
Lv 250 ~ 255
:) 극한 성장의 비약 1개 사용
※250에 극성비를 사용하는 이유는 이번에 추가된 헌터트레저가
하루에 10번제한이 있는데 최대한 높은사냥터로 빠르게 올라가서
발동되어야 효율이 좋기 때문입니다.
:) 몬스터 파크 1회 or
7회 MVP SKIP
:) 아케인 지역 일일퀘스트 전체 클리어 or
MVP SKIP
※250렙에 아케인 모든지역 일퀘완료에 필요한
몬스터처치 마릿수가 최대로 줄어듭니다.
Lv 255 ~ 260
:) 이벤트로 받은 심볼 골고루 분배해서 포스량 맞추기
:) 리멘 세계가 끝나는 곳 1-9
:) 르토(이벤트 사냥스킬) ON
※
르토 스킬은 꼭 이 때가 아니더라도 자기가 목표한 최대 레벨에 가까운
사냥터에서 ON해서 사용하셔도 됩니다.
:) 이 구간에 260렙(6차) 달성 확정이시면
VIP쿠폰이나 이벤트 황금태엽 4개정도는
남겨둬서 6차 할 때 사용하시면 효율적입니다.
:)
제네시스 패스구매
Lv 260 ~ 264
:) 세르니움 동쪽 성벽3
:) 버닝비욘드(260~270까지 1+1)
꼭
받기
:) 아이템버닝 퀘스트 / 코강 / 6차 강화 등등
:) 익스트림 몬스터파크
:) 하이마운틴
(선발대분들은 스킵하고 270에 앵글러컴퍼니 하시는게 효율적입니다.)
Lv 264 ~ 266
:) 불타는 왕립 도서관 제 3구역
Lv 266 ~ 268
:) 무법자들이 지배하는 황야4
Lv 268 ~ 270
:) 종착지 없는 횡단열차3
Lv 260 ~ 270(선발대 기준)
:) 버닝비욘드(260~270까지 1+1) 꼭 받기
:)
아이템버닝 퀘스트 / 코강 / 6차 강화 등등
:)
268랩에 유랑자의 여행기 STEP 8
스우(하드) 1인격파 완료해서 초성비 먹이기
:) 익스트림 몬스터파크
:) VIP사우나
:) 270렙 앵글러컴퍼니 4배 or 8배
메이플에 워낙 고수분들이 많이 계셔서 의견 남겨주시면
배우고 수정도 해보겠습니다!
도움이 조금이라도 되셨다면 추천 꾸욱 부탁해요!!
즐거운 하루 보내셔요~!"
https://www.inven.co.kr/board/maple/2304/44532,기타,메이플스토리 로얄 성형 도감,,2025-06-18 18:14,16274,4,"(미방)
(공지)
현재 개인 PC 문제로 인하여 로얄 헤어 도감 갱신이 임시 중단됩니다"
https://www.inven.co.kr/board/maple/2304/44524,기타,(수정)[6/19~]어셈블 1차 패치 전체 정리 : 바뀌는 것들&메할일,,2025-06-18 07:11,60312,37,"[수정/추가 사항]
1.
<깨어나는 시간의 힘> 기존 글에서 드렸던 말씀 수정 : 이 부분 혼동 드려 죄송합니다
1) 이전 글들에서 말씀 드린 내용 : 매주 목요일 0시마다 해당 효과와 보상을 획득 가능
2) 수정 후 설명 : 해당 일자는 매주 미션이 오픈되는 일자입니다
- 매주 목요일 0시에 새 미션이 오픈됩니다
- 각 유저들이 주간 미션을 수행하면 그에 따라 게이지가 채워집니다
- 게이지가 100%에 도달할 시 ""효과 얻기"" 버튼을 클릭하여 추가 효과와 아이템 보상을 즉시 획득하실 수 있습니다
- 만약 게이지가 100%에 도달하지 못하고 주차가 변경될 경우, 완료되지 못한 주차의 게이지는 완료 처리되어 보상과 효과를 획득하실 수 있습니다
2. 6/19(목) 업데이트 신규 사항 : 이 글과 같이 봐주시면 됩니다 :
https://www.inven.co.kr/board/maple/5974/5151160?my=post
- pc방 코인샵 등
--------------------------
안녕하세요
이 글은 6/19(목) 진행되는 <ASSEMBLE> 1차 업데이트의 중요한 내용들을 각 테마별로 빠르게 확인하실 수 있도록 한 글입니다
이번 업데이트의
경우 여러모로 분량 자체가 상당하기 때문에 그에 비례해서 글이 길어진 건 어쩔 수 없으나,
그 안에서 이미지를 생략하거나 새 탭에서 열리는 링크로 대체하여 최대한 간략하게 보실 수 있도록 했습니다
이번 업데이트에 대해 아예 모르시는 경우 처음부터 끝까지 한 번 쭉 봐주시는 걸 권장 드리나 밑 글 목차를 보시고 각자 필요하신 부분만 찾아봐 주시는 식으로 봐주셔도 좋습니다
[목차]
1. 수요일 종료되는 사항들 : 기간 지나 삭제
2. 패치 후 메할일 체크
3. 목요일 점검 전 주간 보스 관련 사항 : 기간 지나 삭제
4. 캐시 관련 사항
5. 신규 이벤트 핵심 사항
6. 주요 신규&변경&개선 사항들
7. 다음 달 정식 서버 업데이트 일정
잘못 적힌 부분은 말씀해 주시면 감사히 수정하겠습니다
▶ 이 글의 내용은 테스트 서버 기준으로 정식 서버 업데이트 시 변동 혹은 변경될 수 있습니다
▶
따로 명시되어있지 않을 경우 메이플 ID 기준으로 진행되는 이벤트입니다
★패치 후 메할일 체크★
★ 일단 점검 후 최초 접속 시 이벤트 알림이에서 이벤트를 다 받아 주시는 게 편합니다. 이후 다른 캐릭터로 수락할 때 일괄 수락 가능
--------------------------------------
1. 메인 이벤트 일일 출석 : <에버니아의 선물> : 출석 버튼 누르기 : 일일 1회 / 1주 5회
▶ <피어나의 약초 바구니> 보약 이벤트에 SP 사용
2. 메인 이벤트 주간 출석 : <깨어나는 시간의 힘> : 주간 보스 1인 퇴치+레범몬 퇴치로
모래 10개 채우기
- 보스별 모래 획득 개수 :
https://upload3.inven.co.kr/upload/2025/06/12/bbs/i1204269950.jpg
- 레벨 범위 몬스터 1000마리 시 모래 1개 획득
ex) 하드 진 힐라 퇴치로 모래 6개 획득 시, 남은 4개의 모래를 레범몬 4000마리 퇴치하여 채우기
▶ 출석으로 코인 획득하여 <에버니움 코인샵> 이용
3. 주간 보스 코인 이벤트 : <시간의 흔적 조사> : 주간 보스 1인 퇴치 후 보스 코인 획득
-
월드당 코인 획득과 코인샵 이용이 가능합니다
--------------------------------------
4. <챌린저스 월드> 육성 시 메할일
1) <챌린저스 월드> 일일 출석 : 레벨 범위 몬스터 1000마리 퇴치 : 일일 1회 / 1주 5회
2) <챌린저스 패스> 미션 : 심볼퀘/몬파/주보/에픽 던전 등 육성하시면서 자연스럽게 미션 완료 가능
- 목요일 0시 초기화 되기 전에 완료 잊지 말기
- 레벨 범위 몬스터 미션도 30000마리까지 존재하나 초반에 구매하셨다면 다른 미션들만으로도 충분히 만렙에 도달할 수 있습니다
3) <의문의 결계> : 결계봉이 매일 3개씩 충전되며 최대 20개까지만 저장되므로 소멸되지 않을 정도로 사용하기
5. 렌 관련 메할일
1)
렌 주간 미션 1 : 레범몬 1000마리(경쿠 5) / 5000마리(부스터 10) / 10000마리(사우나 2)
- 레벨링에 도움 됨
2) 렌 주간 미션 2 : 레범몬 2000마리마다 교환 1회 가능한 경품 응모권 1개 획득 / 매주 10만 마리까지
- 판매 또는 사용하시는 경우 재량껏 참여
★캐시 관련 사항★
1. 캐시샵 개선 사항
1) 모든 직업군 캐시 보관함 통합
2) 보유 마일리지 상단에 상시 출력되도록 변경
2. [~9/16] <제네시스 패스> 판매
1)
30000 캐시 / 넥슨 ID당 1회 / 캐시로만 구매 가능
2) 어둠의 흔적 획득량 3배 / 해방 퀘스트 최대 6인 / 보스 도전 시 버프 제공 등 혜택
3) 해방 완료 시 공격력 / 마력 확정 소울 지급
4) 제네시스 패스 계산기 :
https://mapleroad.kr/utils/liberation
3. [~8/20] <메이플스토리 컬렉션> 패키지 판매
1) 보스 의상 패키지 단품 / 4개 묶음 : 14900 캐시 / 47500 캐시
2) 모험가, 영웅 의상 패키지 단품 / 4개 묶음 : 10000 캐시 / 32000 캐시
3) 시그너스 의상 패키지 단품 / 4개 묶음 : 13000 캐시 / 41500 캐시
4) 보스 성형 쿠폰 : 3500 캐시
5) 이번 패키지에는 칭호가 포함되어 있지 않습니다
4. 헤쿠/성쿠 목록 변경 관련
1) 프리미엄 헤쿠/성쿠 목록 변경
2) 초이스 헤쿠/성쿠 목록 변경
5. <로얄 스타일> 업데이트
6. 신규 상품 : <프리스타일 쿠폰>
1) 성별 제한이 있는 장비, 헤어 쿠폰, 성형 쿠폰에 사용 시 성별 제한이 해제된 공용 아이템으로 변경됨
2) 사용된 아이템은 이름 뒤에 [공용] 표기 추가
7. 리뉴얼 상시 상품 : <웰컴 메이플 패키지>
1) 9900 캐시 / 캐시로만 구매 가능 / 메이플 ID당 1회 구매 가능
2) 리뉴얼 전에 구매했더라도 점검 이후 새로 구성된 패키지 구매 가능
8. 일부 상품 가격 조정
1) 커스텀 믹스 염색 쿠폰 : 79900 -> 48000
2) 커스텀 믹스 컬러렌즈 쿠폰 : 39900 -> 24000
3) 밸런스 빅스 염색 쿠폰 : 39900 -> 24000
4) 밸런스 믹스 컬러렌즈 쿠폰 : 19900 -> 12000
★신규 이벤트 핵심 사항★
[신규 이벤트 공식 이름과 함께 한 줄로 보기]
1.
<하이퍼 버닝 MAX> : 메이플 ID당 1회 : ~9/17 : 1~260 1+4UP 효과 적용
2.
<버닝 BEYOND> : 메이플 ID당 1회 : ~10/22 : 260~270 1+1UP 효과 적용
3.
<아이템 버닝> : 넥슨ID당 1회 : ~ 11/19 : 200레벨 이상 캐릭터에 기간제 장비 지원
4. <챌린저스 월드> 시즌 2 : ~11/20 점검 전 : 월드 전용 혜택 제공(버프/전용 코인샵 등) 월드 오픈
5.
<챌린저스 패스> : ~8/20 : 충분한 구매 가치 있는 19,800 메포 패스
6.
<의문의 결계> : ~11/19 : <챌린저스 월드> 전용 추가 능력치 제공
7.
<유랑자의 발자취> : ~ 9/17 : 렌 미션 : 치장성 아이템(다른 월드에서도 수령 가능)&영구 칭호 보상
8.
<유랑자의 여행기> : ~9/17 : 렌 미션 : 성장 아이템(창고 이동 불가)&응모권 보상
9. <태양에 도전하는 매화> : ~9/17 :
챌린저스 월드 전용 렌 선착순 이벤트
10.
<에버니아의 선물> : ~9/17 : 메인 일일 출석 이벤트
11.
<피어나의 약초 바구니> : ~9/17 : 보약 스킬
이벤트
12.
<시간의 흔적 조사> : ~9/17 : 보스 코인 이벤트 ▶ 코인샵
13.
<깨어나는 시간의 힘> : 주간 출석 이벤트
▶ 코인샵
14.
<르파의 질주하는 마차> : ~7/16 : 사냥 경험치 증가 이벤트
15.
<영겁의 황금 태엽> : ~7/16 : 사냥 리워드 증가 이벤트
16.
<전야제의 열기> : ~9/17 : 이벤트 맵 잠수 이벤트
17.
<메소샵> : ~9/17 : 메소로 아이템 구매 가능
18.
<프리미엄 PC방 기프트샵> : ~7/16
19.
<프리미엄 PC방 접속 보상 이벤트> : 6/20 0시~7/17
20.
<뉴네임 옥션> : 6/26~7/16
21.
<슈퍼 튜토리얼 미션> : ~9/17
[3종 버닝 시리즈 관련 이벤트]
1. <하이퍼 버닝 MAX> : 메이플 ID당 1회 : ~9/17 : 1~260 1+4UP 효과 적용
1) 신규 캐릭터 생성 시 적용하거나, 200레벨 이상 기존 캐릭터에 지정 가능
2) 200레벨까지 빠르게 도달 가능한 <테라 블링크> 참여 가능
3) 생성 보상은 지정한 경우에도, 레벨 달성 보상은 지정한 레벨 이후의 보상만 수령 가능
★ 보상 전체 목록 :
https://upload3.inven.co.kr/upload/2025/06/14/bbs/i1919124578.jpg?MW=800
- <챌린저스 월드>에서는 더 많은 보상을 수령 가능
- 240 보약 칭호의 경우 나중에 수령하시면 200레벨 보약 칭호에 이어 쓰실 수 있음
4)
<에버니아의 선물> 10주 차 출석 보상으로 하이퍼 버닝 부스터 하나 더 수령 가능
- 단, 이전의 사례로 볼 때 부스터의 레벨 달성 보상은 일반 월드 보상으로 고정될 가능성이 높습니다
2. <버닝 BEYOND> : 메이플 ID당 1회 : ~10/22 : 260~270 1+1UP 효과 적용
1) 260~268레벨 캐릭터에 지정 가능
2)
<
하이퍼 버닝 MAX> 와 상관 없이 다른 캐릭터에 지정할 수 있습니다
3) 보상 : 솔 에르다 총 6개 / 솔 에르다 조각 총 100개 / 아르크스, 오디움 심볼 5레벨 / 보약 칭호 / 망토
-
<하이퍼 버닝 MAX> 처럼 지정된 레벨 이후의 보상만 수령할 수 있습니다
- 레벨별 보상 목록 :
https://upload3.inven.co.kr/upload/2025/06/17/bbs/i1302126000.jpg?MW=800
3. <아이템 버닝> : 넥슨ID당 1회 : ~11/19 : 200레벨 이상 캐릭터에 기간제 장비 지원
1) 이벤트 수락 시 11/20 0시까지 사용 가능한 도전자의 장비 세트를 지원 받습니다
2) 보스 1인 격파 미션을 통해 장비를 업그레이드할 수 있습니다
3) 카쿰/카벨/카파풀/노스우/노엔슬/이루시
- 자세한 미션별 사항 :
https://upload3.inven.co.kr/upload/2025/06/12/bbs/i1438871633.jpg?MW=800
4) 위 격파 미션은 연습 모드로도 인정되며, 아직 달성하지 못한 이후의 보스를 미리 퇴치했을 경우에도 조건은 미리 달성됩니다
5) 이전 시즌의 경우 후속 메인 출석 이벤트에서 출석 보상으로 <아이템 버닝 상자>를 추가로 주었으나 이번에도 똑같이 줄 지는 가봐야 알 수 있습니다
[챌린저스 월드 시즌 2 관련 이벤트
]
4. <챌린저스 월드> : ~11/20 점검 전 : 월드 전용 혜택 제공(버프/전용 코인샵 등) 월드 오픈
1) 기본 사항
- 22주 동안 진행됩니다
- 맨 처음 캐릭터를 생성한 월드에서만 플레이 가능한 점 유의 필요
- 사전 리프는 7/17 점검 이후부터 가능
- <테라 버닝(200레벨까지 1+2)> 3개 생성 가능 / 생성 선물로 슬롯 확장 혜택 제공
2) 점수 획득 미션 관련 사항
-
일일 미션 : 레벨 범위 몬스터 1천 마리 퇴치 / 일일 1회 / 1주 최대 5회
- 레벨 미션 : 260/270/275/280/285 달성
- 보스 1인 격파 : 시그너스~카링 * 연습 모드 인정
★ <
챌린저스 월드> 계산기 :
https://meaegi.com/calc/challengers-world-mission
: 본인 상황에 맞게 점수 손쉽게 계산 가능
3) 미션 완료로 점수를 획득하여 등급을 올릴 수 있으며, 등급이 올라감에 따라 아이템 보상을 수령할 수 있고 월드 버프 강화가 진행됩니다
- 등급별 보상과 버프 효과 :
https://upload3.inven.co.kr/upload/2025/06/18/bbs/i1853865016.jpg?MW=800
- 1만 점 보상으로 획득 가능한 ""챌린저스 월드 전용 4레벨 특수 스킬 반지"" 는 소지한 채로 리프 불가
4) 미션을 통해 획득한 코인으로 <챌린저스 월드> 전용 코인샵을 이용할 수 있습니다
- <챌린저스 월드> 코인샵 :
https://upload3.inven.co.kr/upload/2025/06/18/bbs/i1491396627.jpg?MW=800
- 품목 중 카르마 수큐&명큐&수에큐 / 카르마 17성 강화권은 소지한 채로 리프 불가
5. <챌린저스 패스> : ~8/20 : 충분한 구매 가치 있는 패스
1) 19800 메포로 프리미엄 패스 구매 시 추가 보상과 패스 효과 받기 가능
:
일몹뎀 +200% / 추가 경험치 +20%
2) 패스 전용 미션을 수행하여 패스 20레벨까지 도달해야 전체 보상 수령
3) 미션은 9주 기준 심볼 일퀘와 주보, 몬파 등 기본적인 플레이를 한다고 가정했을 시 충분히 기간
넉넉함
* 미션 목록 :
https://upload3.inven.co.kr/upload/2025/06/17/bbs/i1984359526.jpg?MW=800
- 1렙업에 480 포인트 x 20=최종 레벨까지 총 9600 포인트 필요
- 이 미션으로 획득하는 포인트는 패스 레벨 업에만 쓰이고 <챌린저스 월드> 등급과는 전혀 무관합니다
4) 레벨별 보상 :
https://upload3.inven.co.kr/upload/2025/06/18/bbs/i1514196612.jpg?MW=800
- 테섭 기준 솔 에르다 조각은 교환 불가, 나머지는 창고 이동 가능하여 조각을 제외한 보상들은 사전 리프로 옮겨 오기가 가능해 보입니다
6. <의문의 결계> : ~11/19 : <챌린저스 월드> 전용 추가 능력치 제공
1) 200레벨 이상 캐릭터로 참여 가능 : 한 번에 한 캐릭터로만 참여 가능
2) 일일 3개씩 자동으로 충전되는 결계 제어봉(20개까지 소지 가능)으로 능력치 획득과 강화 가능
- 메소샵에서 개당 500만 메소에 매주 20개까지 구매할 수 있습니다
3) 결계 제어봉을 사용하여 결계의 핵을 획득한 후 장착하면 능력치를 얻습니다
- <챌린저스 월드> 등급이 높을수록 높은 등급의 결계의 핵이 등장할 확률이 높아집니다
- 결계의 핵을 분해하여 나오는 결계 에너지로 능력치를 최대 12단계까지 강화할 수 있습니다
4) <의문의 결계> 시뮬레이터 :
https://meaegi.com/simulator/mystic-seal
[렌 전용 이벤트]
7. <유랑자의 발자취> : ~9/17 : 치장성 아이템(다른 월드에서도 수령 가능)&영구 칭호 보상
1) 렌 캐릭터로 미션을 수행하고 보상을 수령할 수 있습니다
- 렌으로도 수령할 수 있고, 다른 월드에서도 수령 가능합니다
- 상자에는 <메이플 홈> 가구와 테마가 들어 있습니다
2) 보상 이미지 :
https://upload3.inven.co.kr/upload/2025/06/17/bbs/i1860451222.jpg?MW=800
- 일반 펫 / 의자 / 뎀스 / 라이딩 / 이펙트 / 메이플 홈 가구와 테마 등 치장성 아이템
- 영구 능력치의 칭호(=예티X핑크빈 칭호)
8. <유랑자의 여행기> : ~9/17 : 성장 아이템(창고 이동 불가)&응모권 보상
1) 렌 캐릭터로 스텝업 미션 완료 후 유니크 엠블렘 상자/초성비 등의 보상을 받을 수 있습니다
- 스텝업 미션과 보상 :
https://upload3.inven.co.kr/upload/2025/06/17/bbs/i1477551353.png?MW=800
- 생성 보상이 기간제 자석펫은 테섭 기준 캐시 보관함 이동 가능합니다
2)
주간 미션을 통해 레벨링에 도움 되는 아이템 획득 가능
- 1000마리 : 3배 경쿠(30분) 5개
- 5000마리 : VIP 부스터 10개
- 10000마리 : VIP 사우나 이용권 2개
3) 유랑자의 일지(응모권)은 많이 사용할수록 경품 당첨 확률(피규어or컴퓨터)이 증가합니다
- 획득처 1 : 주간 미션 :  레벨 범위 몬스터 2000마리당 1개 / 최대 10만 마리 - 1회 교환 가능
- 획득처 2 : 스텝업 보상 : 교환 불가
9. <태양에 도전하는 매화> : ~9/17 : 챌린저스 월드 전용 렌 선착순 이벤트
1) <챌린저스 월드> 에서 렌 캐릭터로만 참여 가능합니다
2) 노멀 세렌을 솔로 격파한 선착순 10위 안에 들 경우 이하 보상이 지급됩니다
- 500만 메이플포인트
- ""태양보다 빛나는 매화"" 칭호 : 능력치 없는 칭호 :
https://upload3.inven.co.kr/upload/2025/06/12/bbs/i1648073659.jpg?MW=800
[<황혼빛 전야제(메인 출석)> 테마에 속하는 이벤트]
10. <에버니아의 선물> : ~9/17 : 메인 일일 출석 이벤트
1) [메이플ID 기준] UI의 ""답사하기"" 버튼 클릭을 통해 일일 1회, 1주 최대 5회까지 출석 가능
- 총 13주 중 12주 참여 필요
- 놓친 출석은 메이플포인트로 구매 가능
2) 1회 출석 시 기본 보상으로 전투력&콘텐츠 보약 SP 각각 5개씩 / 3배 경쿠(30분) 3개 획득
3) 출석 횟수에 따라 아이템 보상 획득 :
https://upload3.inven.co.kr/upload/2025/06/17/bbs/i1860230856.jpg?MW=800
11. <피어나의 약초 바구니> : ~9/17 : 보약 스킬
이벤트
1)
일일 출석으로 획득한 SP를 사용하여 월드 내 적용되는 보약 스킬 획득 가능
- 보약 스킬 효과 적용은 9/24까지
2) 개근 시 출석 총 획득 가능 SP : 1주에 25 SP x 12주 = 총 300 SP
3) 메이플포인트를 사용하여 SP 구매와 초기화 가능
- 전투력/콘텐츠 보약 각각 1 SP에 1000메포씩 구매 가능 / 매주 5개씩 구매 가능 횟수 충전
- 9900메포 사용 시 초기화 가능
4) 스킬 분배 시 필요 포인트
- 레벨 1 : 1개 - 누적 1 SP
- 레벨 2 : 2개 - 누적 3 SP
- 레벨 3 : 5개 - 누적 8 SP
- 레벨 4 : 12개 - 누적 20 SP
- 레벨 5 : 25개 - 누적 45 SP
- 레벨 6 : 30개 - 누적 75 SP
5) 레벨별 능력치 :
https://upload3.inven.co.kr/upload/2025/06/18/bbs/i1618258312.jpg?MW=800
12. <시간의 흔적 조사> : ~9/17 : 보스 코인 이벤트 ▶ 코인샵
1) 보스 1인 격파 시 보스 난이도에 따라 보스 코인샵에서 사용 가능한 보스 코인 획득
- 연습 모드도 인정
- 일반 코인(시간의 흔적) : 1주에 최대 2000개 / 상급 코인(짙은 시간의 흔적) : 1주에 최대 50개
2) 코인 수령은 매주 가장 높은 등급의 보스가 주는 개수만 인정됩니다
- 보스별 코인 개수 :
https://upload3.inven.co.kr/upload/2025/06/18/bbs/i1237555852.jpg?MW=800
- ex1) 코인 1200개를 주는 보스 퇴치 후 코인 400개 주는 보스 퇴치 시 더 획득 불가하여 총 1200개
- ex2) 코인 400개를 주는 보스 퇴치 후 코인 1200개를 주는 보스 퇴치 시 800개 추가 획득하여 총 1200개
3) 코인샵 목록 :
https://upload3.inven.co.kr/upload/2025/06/18/bbs/i1317725536.jpg?MW=800
- 1주마다 카르마 블큐와 카르마 화에큐 3개씩 초기화되므로 구매 필수
-
이전 이베트와 다르게 코인 획득과 코인샵 구매 가능 횟수가 월드당이므로 <챌린저스 월드> 와도 병행 가능
13. <깨어나는 시간의 힘> : ~9/17 :주간 출석 이벤트 ▶ 코인샵
1) 주간 미션을 병행하여 1주 최대 10개까지 ""시간의 모래"" 획득 가능
- 레범몬 미션 : 1000마리 퇴치당 모래 1개
- 1인 주간 보스 퇴치 미션(연습 모드 가능) :
https://upload3.inven.co.kr/upload/2025/06/12/bbs/i1204269950.jpg?MW=800
▶ 주간 보스 퇴치 후 나머지를 레범몬으로 채우기
- ex) 1인 퇴치 가능한 최고 보스가 노멀 진 힐라(5개)일 경우, 남은 5개의 모래는 5000마리 레범몬 퇴치로 채우기
2) 모래를 획득 후 ""채우기"" 버튼을 누르면 출석이 완료되며, 코인샵에서 사용 가능한 코인(에버니움)을 획득합니다
- 모래 1개당 400개의 코인 획득
- 1주 최대 4000개의 코인 획득 가능
* 이벤트 기간은 13주인데 코인을 획득 가능 기간이 12주인지 13주인지는 본섭 들어오고 추가적인 내용 나와야 알 수 있을 듯
- 에버니움 코인샵 :
https://upload3.inven.co.kr/upload/2025/06/18/bbs/i1945424725.jpg?MW=800
3) 누적한 모래 개수가 20/40/60/80/100/120개가 될 때마다 아이템 보상을 획득할 수 있습니다
- 극성비 / 페어리 하트 / 상급 EXP 교환권 / 카르마 블큐 / 카르마 화에큐 / 초성비
4) 매주 목요일 0시에 열리는 ""수집 목표"" 게이지가 100%에 도달하면 보너스 효과와 치장성 아이템 보상을 수령할 수 있습니다
- 주차별 획득 효과 :
https://upload3.inven.co.kr/upload/2025/06/12/bbs/i1340960043.jpg?MW=800
- 매주 목요일 0시에 새 미션이 오픈됩니다
- 각 유저들이 주간 미션을 수행하면 그에 따라 게이지가 채워집니다
- 게이지가 100%에 도달할 시 ""효과 얻기"" 버튼을 클릭하여 추가 효과와 아이템 보상을 즉시 획득하실 수 있습니다
- 만약 게이지가 100%에 도달하지 못하고 주차가 변경될 경우, 완료되지 못한 주차의 게이지는 완료 처리되어 보상과 효과를 획득하실 수 있습니다
- 해당 시간의 힘 버프는 <썬데이 메이플>과 <피어나의 약초 바구니> 등과 별개로 적용됩니다
- 치장 아이템 보상 정리 :
https://www.inven.co.kr/board/maple/5974/5114493?my=post
14. <르파의 질주하는 마차> : ~7/16 : 사냥 경험치 증가 이벤트
1) 레벨 범위 몬스터 250마리 퇴치 시마다 스킬이 발동되며 경험치 획득
2)
룬이 해방되지 않은 상태에서도 룬 경험치 효과 적용
3) 캐릭터당 하루 15번까지 발동 가능
15. <영겁의 황금 태엽> : ~7/16 : 사냥 리워드 증가 이벤트
1) 퀘스트 수락 후 레벨 범위 몬스터 퇴치 시 낮은 확률로 ""
황금 태엽(일일 10회 사용 가능 )""과 그보다 희귀한 ""
영겁의 황금 태엽(일일 1회 사용 가능)"" 드롭
2)
해당 아이템들은 1회 교환 가능하며, VIP 부스터와 동일한 사용 방식의 경험치 몬스터 추가 소환 아이템입니다
16. <전야제의 열기> : ~9/17 : 이벤트 맵 잠수 이벤트
1) 이벤트 맵에 위치하고 있을 시 5초마다 소량의 경험치 획득
17. <메소샵> : ~9/17 : 메소로 아이템 구매 가능
1) 월드당 구매 가능합니다
2) 메소샵 품목 :
https://upload3.inven.co.kr/upload/2025/06/13/bbs/i1940170728.jpg?MW=800
3) 메소샵 착용샷 미리 보기 :
https://www.inven.co.kr/board/maple/5974/5114493?my=post
[그 외 분류 이벤트들]
18. <프리미엄 PC방 기프트샵> : ~7/16
1)
자세한 사항은 이번 테섭에서 공개되지 않아 본섭 올 때 공식 공지사항에서 확인 필요합니다
2) 쇼케에서 공개된 품목 : 솔 에르다/사우나 이용권/딸기 농장 입장권/카르마 블큐, 화에큐
3)
이전 이벤트와 같다면 레벨 범위 몬스터 퇴치 후 코인을 획득하여 코인샵을 이용하는 형식입니다
19. <프리미엄 PC방 접속 보상 이벤트> : 6/20 0시~7/17
1) 매일 최대 5시간 누적 가능
2) 일일 보상(10/30/60/90분)과 누적 보상(15/30/45/60시간) 획득 가능
- 쇼케이스에서 맨 처음 누적 보상이 10시간으로 명시되었으나 릴리즈에선 15시간으로 되어 있어 이후 확인 필요
- 평일 보상 / 주말 보상 / 누적 보상 자세히 보기 :
https://upload3.inven.co.kr/upload/2025/06/18/bbs/i1922395826.jpg?MW=800
20. <뉴네임 옥션> : 6/26~7/16
1) 유저 간에 메이플포인트를 사용하여 닉네임 거래가 가능한 옥션 오픈
21. <슈퍼 튜토리얼 미션> : ~9/17
1) 기본적인 콘텐츠 참여로 완료할 수 있는 튜토리얼성 이벤트 : 뉴비 분들은 텍스트 다 읽어보시는 것 추천
2) 소소한 보상이지만 자연스럽게 완료 가능한 미션들이라 겸사겸사 하시면 좋습니다
3) 미션 테마 목록
https://upload3.inven.co.kr/upload/2025/06/13/bbs/i1623623040.jpg?MW=800
- 완주 시 수령 가능한 치장 아이템과 훈장 : 지난번과 동일
★주요 신규&변경&개선 사항들★
1. 보스 관련 사항 모음
2. 편의성 개선 등 변경되는 사항 모음
3. 신규 콘텐츠와 신규 기능 모음
[보스 관련 사항 모음]
1. 모든 주간 보스&월간 보스&지하 수로&펀치킹 입장 시 스킬 쿨타임이 초기화 됩니다
1) 주간/월간 보스 입장 시 입장 대기맵으로 이동
2) 입장과 동시에 대부분의 스킬 쿨타임이 초기화되며 퇴장 시 입장 전의 대기 시간으로 복구
- 소비/캐시/온오프/소환수/노블/가호/의자 버프 등은 초기화되지 않음
- 대다수 직업의 게이지 완충
- 초기화 되면 불편한 스킬들은 대부분 초기화되지 않음
3) ""컨티뉴어스 링"" 의 경우도 장착한 상태로 입장하면 즉시 효과 적용됩니다
2. 해방 관련 개선 사항
1)
<검은 마법사> 입장 요구 재료 삭제
2) 어둠의 흔적 최대 보유량 1500에서 3000으로 증가
3) 스우와 데미안도 제네시스 파티 도전 가능하도록 변경
3. 루타비스와 힐라 입장 과정 간소화
: 몬컬 몬스터들은 각각 방치된 정원 / 메디사를 통해 입장 가능
4. <월드 통합 보스 콘텐츠> 관련
1) 입장 가능 레벨 260에서 200으로 변경
2) 스우~듄켈(하드/카오스)~세렌(노멀)으로 입장 가능 범위 확대
5. 내 공격으로 보스에게 적용된 모든 상태 이상 아이콘 및 유지 시간 출력 기능 추가
1) [캐릭터 단위로 적용]설정 옵션에서 온/오프 가능
2) 보스 HP 게이지 하단에 표시됨
6. 보스 패턴 개선
1) 하드 루시드
- 3페이즈 격파 실패 시 2페이즈로 돌아가도록 변경되어 3페이즈 재도전 기회 제공
2) 세렌
- 진입 시 태양 게이지가 초기화되도록 변경됩니다.
- 석양의 타오르는 검의 공격 범위가 기존 대비 약 68% 감소됩니다.
- 자정의 자극 패턴이 삭제됩니다.
3) 카링 :
https://upload3.inven.co.kr/upload/2025/06/14/bbs/i1150250182.jpg?MW=800
7. 보스 연습모드 / 안개 숲 수련장
- 세이람의 영약 지속 시간 15분으로 수정
- 노블 스킬 지속 시간 30분으로 수정
[편의성 개선 등 변경되는 사항 모음]
1. 모든 주간 콘텐츠 초기화 시점 목요일로 통일 : 이번주는 점검과 함께 초기화됩니다
1) 아케인 리버&크리티아스&헤이븐&유니온 주퀘 / 무릉도장 / 더 시드 / 카오스 링 재설정
2) 이번 주의 주간 랭킹은 6/16~6/19 패치 전까지의 랭킹으로 6/19(목) 점검 시 갱신됨
2. 몬스터 레벨이 60레벨 이상 모든 사냥터 필드에 개인화 필드 추가 적용
3. <몬스터 파크> 개선 사항
1) 월드당 일일 클리어 보상 추가 : 몬스터 파크 코인 20개
2) 그란디스 신규 던전 추가
- 리멘(비교용) : 15,552,557,400
- 세르니움 : 37,474,604,460
- 아르크스 : 44,435,446,300
- 오디움 : 52,818,835,200
4. 우뿌 / 생일 축하해 / 붕뿌 / 러블리 파티베어 메세지 입력하지 않아도 사용 가능하도록 변경
5.
선택 심볼 교환권에서 ‘선택 어센틱심볼 교환권’ 선택 시 획득 수량 기존 대비 2배 증가
6. <에픽 던전> 클리어 기록 없을 때도 퀵패스 사용 가능으로 변경
7. 제로도 테라 버닝 부스터 사용 가능하도록 개선
8. 7월부터 <데일리 기프트> 8일차 보상 변경
- 기존 : 메가 버닝 부스터
- 변경 후 : 메가 버닝 부스터 or VIP 부스터 3개
9. 메소/경험치/드롭률 비약은 다른 비약과 중복 사용 가능하도록 개선
10. 창고&월드 보스 보상 보관함 개편
1) 창고 NPC를 통하지 않고 인벤토리에서도 바로 이용 가능하도록 변경
2) 창고 UI 변경 외 기능 개선
- 더블 클릭으로 아이템 이동 가능
- 창고에 있는 아이템을 일괄 보관할 수 있는 기능 추가
- 창고에 있는 아이템 모두 찾기 기능 추가
11. 길축 재사용 대기 시간 삭제
12. 칭호 아이템 툴팁에 이미지 미리보기 추가
13. 레벨업 시 AP 즉시 배분 기능 추가
14. 소비/기타/설치/캐시 아이템 툴팁 변경
15. 항마의 펜던트 설명 자세하게 추가
16. 정령의 펜던트 관련 개선 사항
1) 준비된 정령의 펜던트 이름 정령의 펜던트로 변경
2) 예열 시간 삭제 : 장착 시 즉시 30% 추가 경험치 획득으로 기능 변경
17. 아이템팟(먹깨비) 삭제
1) 마이스터 빌 NPC 맹스 판매 리스트 추가
2) 먹깨비에서 획득 가능한 아이템들의 획득처 변경
18. <현상금 사냥꾼> 콘텐츠 삭제
1) 폴로/프리토/불꽃 늑대/에스페시아 포탈 시스템 삭제 후 대체 신규 콘텐츠 도입
2) <현상금 사냥꾼> 관련 몬컬은 몬스터파크 상점에서 구매 가능한 현상금 사냥꾼의 모몽으로 이동
- 월드당 1주 최대 5개까지 구매 가능
- 몬파 코인 150개로 1개 구매 가능
- 이하 확률에 따라 등록됨 :
https://upload3.inven.co.kr/upload/2025/06/08/bbs/i1929178251.jpg?MW=800
[신규 콘텐츠와 신규 기능 모음]
1. 신규 콘텐츠 <트레져 헌터> 추가
1)
<현상금 사냥꾼> 삭제 후속 시스템 : 사냥 시 맵을 이동해야 하는 부정적 경험 삭제
2) 사냥 시 일정 확률로 상자가 등장하며, 일일 최대 10회까지 등장 가능
3) 확률에 따라 등장하는 상자의 등급이 다르며 개봉 시에도 일정 확률로 업그레이드 가능
4) 개봉하는 상자의 등급에 따라 경험치 획득
2. 신규 룬 <축복의 룬> 추가
​
​
​
​
​
1)
룬 해제 시 200% 추가 경험치 + 몬스터 공격
2) 일반 룬 4회 해방 시부터 랜덤한 확률로 등장 가능
3) 특정 주기가 되면 100% 확률로 등장 = 천장
4) 희귀한 확률로 2번 연속 등장도 가능
3. 캐릭터 사망 시 NPC/채집 키 키다운을 통해 부활 가능 : 마우스 안 써도 됨
​
4. <버프 시퀀스> 추가
1) <스킬 시퀀스> 와 동일한 사용 방식으로 사용 가능
2) 최대 30개까지 소비 아이템/노블 스킬/전문기술 스킬 등록 가능
5. 캐릭터 생성 시 스토리 퀘스트(1~30) 스킵 기능 추가
1) 캐릭터 생성 시 스토리를 보지 않을 것인지, 직접 플레이할 것인지 선택 가능
2) 스킵 선택 시, 완전 스킵과 요약 중 하나 선택 가능
3) 스킵 또는 요약 선택 시
- 제로는 레벨 120 도달 / 스토리 퀘스트 챕터 2까지 완료
- 다른 캐릭터들은 레벨 30 도달
- 스킵 구간의 스토리 아이템 보상 등은 획득 처리
6. 신규 영약 <콜렉터의 영약> 추가
1)
콜렉터 영약 퀘스트 완료 시 구매 가능 : 1개에 2000만 메소
★다음 정식 서버 업데이트 일정★
[ASSEMBLE 2차 업데이트 : 7/17]
1. 신규 6차 코어 : <어센트 스킬> 추가
- 테스트 서버 : 7/3 & 7/10 진행
2. 원격 접속 시스템 추가
[ASSEMBLE 3차 업데이트 : 8/14]
1. 신규 보스 <최초의 대적자> 추가
------------------
4추만 보내주시면 감사드리겠습니다"
https://www.inven.co.kr/board/maple/2304/44523,사냥,트레져헌터 (경험치/확률) + 축복의룬,,2025-06-18 02:16,106036,13,"트레져 헌터
1. 몬스터 처치시 현상금 사냥꾼 NPC들이 나타나면서 일정 확률로 박스가 뜹니다
(일일 제한: 10회)
이렇게 대놓고 알려주고 미니맵에도 떠서 놓칠일은 없습니다
2. 박스는 골드,다이아 2종류가 등장합니다
일반적으로 나오는게 골드 박스 (폴로/프리토)
낮은 확률로 나오는게 다이아 박스 (에스페시아)
다이아 박스는 골드 박스의 10배 경험치를 줍니다
3. 박스를 열면 보석이 드랍되거나 다음 등급으로 업그레이드 됩니다
레어 > 에픽 > 유니크 > 레전드리 4개의 등급이 있고
등급이 오를때마다 경험치 2배씩 증가합니다
*드랍된 보석은 일반 아이템과 같이 펫이나 줍기 키로 주울 수 있습니다
경험치
골드-레어의 경우 몬스터 2,500마리를 잡은 것과 같은 경험치를 지급합니다
*트레져 박스는 룬과 경험치 도핑의 영향을 받지 않습니다
*트레져 박스는 하루 10회까지만 등장합니다
*렙차 경증 1.2배 기준
탈라하트 첫 맵 기준으로 지급되는 경험치 입니다
1. 골드 상자 (등급간 2배 차이)
골드/레어 145억 (보약 5단계 불늑급)
골드/에픽 290억 (보약 5단계+추경 600% 폴로급)
골드/유니크 580억 (보약 5단계+추경 600% 에스페시아급+@)
골드/레전드리 1160억
2. 다이아 상자 (골드의 10배 , 등급간 2배 차이)
다이아/레어 1450억
다이아/에픽 2900억
다이아/유니크 5800억
다이아/레전 1조 1600억
이번 이벤트에 있는 효과를 받으면 (협동 이벤트 시간의 힘 효과)
최대 2조 (다이아 레전 기준)의 경험치를 획득할 수 있습니다
(290기준 1.5% 정도)
확률
테스트월드에서 총 50개의 박스를 측정한 결과입니다
표본이 적어 정확하진 않으니 참고만 해주세요
(실험 결과는 아래 링크 참조)
https://www.inven.co.kr/board/maple/5974/5121236
1. 골드 vs 다이아
골드 90%
다이아 10%로 추정됩니다
2. 업그레이드 확률
레어와 에픽이 비슷하게 뜨고
레전드리가 은근 잘뜹니다
(테섭에서 골드 레전드리는 3번 띄움)
위 확률이 맞다고 가정하였을때
10회 채웠을때의 평균값은 1만 마리 입니다
등장시간
테스트월드에서는 등장 확률이 높게 설정되어서
10회 채우는지 몇분 걸리는지는 알 수 없습니다
다만
편차가 심한 것은 확실합니다
(총 20회의 등장 시간을 측정하였음)
빨리 뜰때는 10초만에 뜨다가
늦게 뜰때는 10분까지도 걸렸습니다
*4.5만 마리나 9만 마리 정도 잡으면 다 채울 수 있을 것으로 예상됩니다
그외
트레져 박스 경험치는 6차 전직 아케인스톤에 포함되지 않습니다
축복의 룬
​
1.00
​
​
일반 룬을 4회 이상 해제했을때​ 등장하는 강화 룬입니다
축복의룬이 등장하지 않았으면 다음 주기때 축복의 룬이 등장할 확률이 증가하며
천장이 있습니다
또한 아주 낮은 확률로 2회 연속 축복의 룬이 등장합니다
축복의 룬 해방시 200% 경험치 증가 버프를 획득합니다
기본 룬 100% 버프도 같이 지급되어
총 300% 경험치 증가 버프를 획득합니다
축복의 룬 해방시
룬이 있던 위치에 고대 룬이 등장하여 적을 공격합니다 (범위 넓은 야누스라 보시면 됩니다)
밤의 길1 맨 위에 있는 발판에 등장했는데
1층에 있는 몬스터도 타격할 정도로 범위가 넓습니다
3야누스와 범위 비교
룬 버프가 적용되어있는 동안 캐릭터 주변에 룬 이펙트가 생깁니다
메탈아머에 탑승하면 이렇게 됩니다
테스트월드 오류
메카닉 라이딩 탑승한 상태로 룬을 해제할 경우
소환수가 증발합니다
룬 해제한 뒤에 라이딩에 탑승해도
소환수의 공격이 중단됩니다
오늘도 고통받는 메카닉
잠수함 갓패치
룬 쿨이 다 되면
몬스터 1마리만 잡아도 바로 등장합니다
한짤요약"
https://www.inven.co.kr/board/maple/2304/44514,사냥,260렙 소요시간 & 경험치 관련 정보,,2025-06-17 18:02,134746,12,"먼저 결론부터 말하면
1. PC방 코인 캐서 210렙 50% 딸농 11판 = 235렙
(***딸농 경험치 220 이후 고정 ***)
2. 3배경쿠 사냥 기준 260까지 약 12시간 소요
200-235 (PC방 코인 캔 후에 딸농 11판 -> 1시간 30분)
235-240 2시간
240-245 2시간 30분
245-255 (극성비 2개+ 몬파 7판 + 일퀘 -> 30분)
255-260 6시간 (VIP 부스터 10회, 르파 15회)
3. 트레저헌터 (에스페시아 후속) 일일 10회, 약 1시간 사냥 분량 경험치
4. 영겁의 황금 태엽 (일일 1회 사용 부스터) = VIP 부스터 23배 효율
이후로는 계산 관련이라 안봐도 됨
(1) 딸농 경험치 효율
200레벨, 205레벨 효율은 측정 못함
혈반에 뜨는 경험치 숫자를 기반으로 전체 경험치 역산
실제 챌섭 딸농 경험치 효율 : 7.35배
(챌섭+챌섭패스+PC방+정펜+칭호+쓸심 10렙+혈반+하이퍼스탯+딸농400퍼)
210렙 : 혈반 150,000 -> 기본 경험치 150만 -> 실제 1마리 1100만
215렙 : 혈반 169,858 -> 기본 경험치 170만 -> 실제 1마리 1248만
220렙 : 혈반 185,833 -> 기본 경험치 185만 -> 실제 1마리 1365.8만
* 이후에는
235렙, 245렙
에 측정해본 결과 ->
220렙과 동일
* 딸농 1장에 1250마리 (기본 1000마리 + 큰놈 50몹 분량 * 5마리 = 250마리)
* 경험치통 210 79.56억 / 215 157억 / 220~230 (288.1+491+836.7) = 1615.8억
1장 : 205렙 0% 시작 / 215렙 끝
2장 : 215렙 시작 / 220렙 끝
3장~11장 : 220렙 시작 / 230 90% 끝
205렙에서 경험치 약 80억정도 채우고 210 50%에서 시작하면 235렙 0% 끝남
(
2) 트레져 헌터 박스
폴로/프리토/에스페시아/불늑 전부 사라지고 대체되는 경험치 컨텐츠
온오프 불가능할 것으로 예상
경험치 체크 (
https://www.inven.co.kr/board/maple/2304/44463
)
도핑 영향X, 기본경험치 기준으로 지급, 이를 다시 계산해보면
추가 경험치 500% 기준 마릿수 (일일 10회, 쿨타임X, 평균 시간 모름, 운빨임)
- 골드 상자
골드/레어 : 500마리
골드/에픽 : 1000마리
골드/유니크 : 2000마리
골드/레전드리 : 4000마리
- 다이아 상자
다이아/레어 : 5000마리
다이아/에픽 : 10000마리
다이아/유니크 : 20000마리
다이아/레전드리 : 40000마리
평균적으로 10회 모두 터뜨리면 1시간 분량 사냥경험치 얻을 것으로 예상
다만 온오프가 불가능하기에 첫날에는 235-240, 240-245 구간에 전부 사용해야하고
각각 30분씩 단축되는 것으로 계산했음
(3) 르파, VIP부스터, 황금 태엽, 영겁의 황금 태엽
르파 : 사냥 이벤트, 400마리 분량으로 계산, 총 15회 6000마리
VIP 부스터 : 2000마리 분량으로 계산, 255-260 구간에 10개 사용
255-260 리멘 세끝2-3 기준 (116,000마리) - (VIP 20,000마리) - (르파 6,000마리) = 90,000마리 (약 6시간)
황금태엽 (옥션 구매 가능, 일일 10회 제한) : 2000마리 분량
10개 구매 시 255-260 약 1시간 30분 절약 가능
영겁의 황금 태엽 (일일 1회 제한) : 46,000마리 분량으로 추정 (VIP 부스터 23배?)
270렙에 사용 시 13.5% 상승
-> 7200억,
아르크스 극장3 기준 약 46,000마리 경험치
https://youtu.be/ptoRe9d4oxM?si=5M3OVCaNah6O9KUO"
https://www.inven.co.kr/board/maple/2304/44512,전문기술,"앵글러 컴퍼니 3,7 스테이지",,2025-06-17 13:20,80826,112,"​
윗키 + 로프커넥트 동시에 누르면 1개층 스킵가능"
https://www.inven.co.kr/board/maple/2304/44507,기타,수많은 여름 이벤트들 간단하게 요약,,2025-06-17 00:45,60940,41,"[수정/추가 사항]
1. 일부 내용 보충
----------------------
안녕하세요
이번 6/19 업데이트로 들어오는 이벤트가 상당히 많음에 따라 요청이 있어 각 공식 이벤트 이름과 함께 각 중요 사항들만을 간단히 보실 수 있는 글을 작성합니다. 이에 더해 이벤트 기간 내 반복하셔야 하는 메할일도 덧붙입니다
말씀 드린 대로 이 글은 이벤트가 많아서 이런 게 이렇게 있구나 정도를 빠르게 체크하실 수 있는 정도로만 내용을 덧붙인 것이므로 각 항목의 자세한 보상과 이미지 등은 생략하였습니다. 이 부분과 업데이트의 다른 사항들까지 포함된 글은 내일이나 모레 업로드 합니다
잘못 적힌 부분은 말씀해 주시면 감사히 수정합니다
--------------------------
[목차]
1. 3종 버닝 시리즈 관련 이벤트
2. 챌린저스 월드 시즌 2 관련 이벤트
3. 렌 관련 이벤트
4.
<황혼빛 전야제(메인 출석)> 테마에 속하는 이벤트
5. 그 외 분류 이벤트들
6. [여름 시즌 메할일] : 매주 반복해야 하는 일간, 주간 사항들
잘못 적힌 부분은 말씀해 주시면 감사히 수정합니다
--------------------------------------------------
★ 이벤트 시작 기간이 표시되지 않은 이벤트들은 6/19(목) 점검 이후 바로 시작됩니다
[3종 버닝 시리즈 관련 이벤트]
1. <하이퍼 버닝 MAX> : 메이플 ID당 1회 : ~9/17 :
1~260 1+4UP 효과 적용
- 200레벨까지 빠르게 도달 가능한 <테라 블링크> 참여 가능 : 부스터도 참여 가능
- <챌린저스 월드> 에서 육성 시 보상 증가
- <에버니아의 선물> 10주 차 출석 보상으로 하이퍼 버닝 부스터 하나 더 수령 가능
- 지정 시, 레벨 달성 보상은 지정한 레벨 초과의 보상부터 수령 가능
2. <버닝 BEYOND> : 메이플 ID당 1회 : ~10/22 :
260~270 1+1UP 효과 적용
- <하이퍼 버닝 MAX> 와는 별개로 설정 가능
- 레벨 달성 보상은 지정한 레벨 초과의 보상부터 수령 가능
3. <아이템 버닝> : 넥슨ID당 1회 : ~ 11/19 : 200레벨 이상 캐릭터에 기간제 장비 지원
- 보스 격파 미션으로 장비 업그레이드 : 카쿰/카벨/카파풀/노스우/노엔슬/이루시
- 상위 난이도를 격파하거나 뒤의 조건을 미리 충족해도 인정
- 연습 모드로 격파해도 인정
- 이전 시즌의 경우 후속 메인 출석 이벤트에서 출석 보상으로 하나 더 주었으나 이번에도 똑같이 줄 지는 가봐야 알 수 있습니다
[챌린저스 월드 시즌 2 관련 이벤트
]
1. <챌린저스 월드> : ~11/20 점검 전 : 월드 전용 혜택 제공(버프/전용 코인샵 등) 월드 오픈
- 사전 리프는 7/17 점검 후부터 가능
- 본인의 일일 미션, 레벨 미션, 보스 격파 미션 달성도에 따라 보상 달라짐
- 챌린저스 월드 계산기 :
https://meaegi.com/calc/challengers-world-mission
2. <챌린저스 패스> : ~8/20 : 충분한 구매 가치 있는 패스
- 19800 메포로 프리미엄 패스 구매 시 추가 보상과 패스 효과 받기 가능 :
일몹뎀 +200% / 추가 경험치 +20%
- 패스 전용 미션을 수행하여 패스 20레벨까지 도달해야 전체 보상 수령
- 미션은 9주 기준 심볼 일퀘와 주보, 몬파 등 기본적인 플레이를 한다고 가정했을 시 충분히 기간
넉넉함
- 보상은 솔 에르다 조각은 교환 불가, 나머지는 창고 이동 가능
3. <의문의 결계> : ~11/19 : <챌린저스 월드> 전용 추가 능력치 제공
- 200레벨 이상 캐릭터로 참여 가능 : 한 번에 한 캐릭터로만 참여 가능
- 일일 3개씩 자동으로 충전되는 결계 제어봉(20개까지 소지 가능)으로 능력치 획득과 강화 가능
[렌 전용 이벤트]
1. <유랑자의 발자취> : ~ 9/17 : 치장성 아이템(다른 월드에서도 수령 가능)&영구 칭호 보상
- 260 달성 / 6차 전직 / 카오스 벨룸 처치 시 최종 보상 수령 가능
- ""붉은 눈의 유랑자"" 칭호의 경우 예티X핑크빈 칭호와 동일한 성능의 영구제 칭호
2. <유랑자의 여행기> : ~9/17 : 성장 아이템(창고 이동 불가)&응모권 보상
- 270 달성 / 하드 스우 처치 시 최종 보상 수령 가능
- 생성 보상인 기간제 자석펫은 테섭 기준 캐시 보관함으로 이동 가능
- 주간 미션을 통해 경쿠와 VIP 부스터, 사우나 이용권 획득 가능
- 응모권은 레벨 범위 몬스터 퇴치(1회 교가)와 미션(교환 불가)을 통해 획득 가능하며 응모권을 더 많이 사용할수록 경품 당첨 확률 증가
[<황혼빛 전야제(메인 출석)> 테마에 속하는 이벤트]
1. <에버니아의 선물> : ~9/17 : 메인 일일 출석 이벤트
- UI의 버튼 클릭을 통해 일일 1회, 1주 최대 5회까지 출석 가능
- 1회 출석 시 기본 보상으로 전투력/콘텐츠 보약 SP 각각 5개씩 / 경쿠 30분 3개 획득
- 출석 횟수에 따라 아이템 보상 획득
2. <피어나의 약초 바구니> : ~9/17 : 보약 스킬
이벤트
- 일일 출석으로 획득한 SP를 사용하여 월드 내 적용되는 보약 스킬 획득 가능
- 보약 스킬 효과 적용은 9/24까지
3. <시간의 흔적 조사> : ~9/17 : 보스 코인 이벤트 ▶ 코인샵
- 보스 1인 격파 시 보스 난이도에 따라 보스 코인샵에서 사용 가능한 보스 코인 획득
- 연습 모드도 인정
- 이전 이벤트와 다르게 코인 획득과 코인샵 구매 가능 횟수가 월드당이므로 <챌린저스 월드> 와도 병행 가능합니다
4.
<깨어나는 시간의 힘> : 주간 출석 이벤트
▶ 코인샵
- 주간 미션을 수행하여 1주 최대 10개까지 ""시간의 모래"" 획득 가능
- 모래는 레벨 범위 몬스터 1000마리당 1개 또는 주간 보스를 통해 획득 가능
- 모래 1개당 400개의 전용 코인샵 코인을 획득(1주 4000개)할 수 있습니다
- 누적한 모래에 따라 아이템 보상 획득 가능
- 위의 아이템 보상과 더하여 매주 치장 아이템과 <피어나의 약초 바구니> 와 별개로 적용되는 추가 보약 효과 매주 누적
5. <르파의 질주하는 마차> : ~7/16 : 사냥 경험치 증가 이벤트
- 레벨 범위 몬스터 250마리 퇴치 시마다 스킬 발동
- 캐릭터당 하루 15번까지 발동 가능
- 룬이 해방되지 않은 상태에서도 룬 경험치 효과 적용
6. <영겁의 황금 태엽> : ~7/16 : 사냥 리워드 증가 이벤트
- 레벨 범위 몬스터 퇴치 시 낮은 확률로 ""황금 태엽""과 그보다 희귀한 ""영겁의 황금 태엽""  드롭
-
해당 아이템들은 1회 교환 가능하며, VIP 부스터와 동일한 사용 방식의 아이템입니다
7. <전야제의 열기> : ~9/17 : 이벤트 맵 잠수 이벤트
- 이벤트 맵에 위치하고 있을 시 5초마다 소량의 경험치 획득
8. <메소샵> : ~9/17 : 메소로 아이템 구매 가능
[그 외 분류 이벤트들]
1. <프리미엄 PC방 기프트샵> : ~7/16
- 쇼케에서 공개된 품목 : 솔 에르다/사우나 이용권/딸기 농장 입장권/카르마 블큐, 화에큐
- 자세한 사항은 이번 테섭에서 공개되지 않아 본섭 올 때 공식 공지사항에서 확인 필요합니다
2. <프리미엄 PC방 접속 보상 이벤트> : 6/20 0시~7/17
- 매일 5시간 누적 가능
- 일일 보상(~90분)과 누적 보상(~60시간) 획득 가능
3. <뉴네임 옥션> : 6/26~7/16
- 유저 간에 메이플포인트를 사용하여 닉네임 거래가 가능한 옥션 오픈
4. <슈퍼 튜토리얼 미션> : ~9/17
- 기본적인 콘텐츠 참여로 완료할 수 있는 튜토리얼성 이벤트
- 소소한 보상이지만 자연스럽게 완료 가능한 미션들이라 겸사겸사 하시면 좋습니다
[여름 시즌 메할일
] : 매주 반복해야 하는 일일, 주간 사항들
1. 일일 미션
1) [메이플ID당] <에버니아의 선물> : 일일 1회, 1주 최대 5회 접속 버튼 눌러 출석 : 여유 기간 1주
▶ <피어나의 약초 바구니> 보약 이벤트에 SP 사용
2) [챌린저스 월드] <의문의 결계> : 매일 충전되는 제어봉 사용하기
- 단, 하루 3개씩 최대 20개까지는 손실 없으므로 매일 하시진 않아도 됩니다
3) [챌린저스 월드] <챌린저스 패스> : 패스 미션 수행
- 패스 미션은 심볼 일퀘/몬파/주보/에픽 던전 등 자연스럽게 완료되는 것들이므로 매일 참여하신 후 목요일 0시에 초기화 되기 전에 일괄 완료만 해주시면 됩니다
2. 주간 보스 퇴치 + 코인샵 큐브 사기
1) [메이플ID당] <깨어나는 시간의 힘> : 모래 획득
2) [월드당] <시간의 흔적 조사> : 보스 코인 획득
▶ 시간의 흔적 코인샵에서 매주 카르마 블큐 화에큐 각각 3개씩 구매하기
3.
우선도 상대적으로 높은
레벨 범위 몬스터 퇴치
1) <챌린저스 월드> 사냥 일일 미션 : 1일 1000마리 / 1주 최대 5회
2) <깨어나는 시간의 힘> 주간 미션 : 주간 보스 퇴치 후 남은 모래 레범몬으로 채우기(1모래=1000마리)
- 위 두 이벤트 미션은 메인 보상과 직결되어 있어 최대한 빠짐 없이 참여하셔야 합니다
3) <유랑자의 여행기> 렌 주간 미션 : 1000마리(경쿠 5) / 5000마리(부스터 10) / 10000마리(사우나 2)
- 렌 레벨링에 도움 되는 보상들
4.
우선도 상대적으로 낮은
레벨 범위 몬스터 퇴치
1)
<챌린저스 월드 패스> 주간 미션 : 5000/1000/15000/20000/25000/30000마리
- 물론 빨리 점수를 빨리 쌓으시면 나쁠 건 없으나, 패스를 <챌린저스 월드> 초반에 구매하시는 경우라면 다른 미션들로 자연스럽게 채워지기 때문에 무리해서 꼭 3만 마리 다 채우실 필요는 없습니다
2) <유랑자의 여행기> 렌 응모권 : 2000마리 퇴치당 유랑자의 일지 1개 / 최대 10만 마리까지 누적 가능
- 이 응모권은 1회 교환이 가능하여 판매할 수 있습니다. 판매 또는 사용하시는 경우 고려하실 만합니다
------------------------
4추만 보내주시면 감사드리겠습니다"
https://www.inven.co.kr/board/maple/2304/44497,기타,이게 이벤트 요약이지,,2025-06-16 10:02,33109,15,"1. 챌섭
- 챌섭 일일 출첵 주 5회 / 1일 레범몬 1000마리
- 의문의 결계 / 1일 3회 충전, 최대보유 20개, 등업이 강화보다 효율 좋음(메소로 구매가능 갯수제한)
- 챌섭패스 / 1업당 480포인트, 주간미션으로 포인트 획득(주 5회분량) 주 최대 3000 포인트 가능
(주마다 사냥 30,000마리)
2. 전야제(메인이벤트)
- 1일 딸깍 출첵(주 5회) / 1일당 경쿠3개, 보약 포인트 5씩
- 시간의 모래는 주마다 최대 10개 획득 가능(사냥,보스 합쳐서) / 사냥은 1000마리당 1개씩
(시간의 모래 1개당 400코인임)
- 사냥 드랍 황금태엽 드랍(2종류임/ 1회 거래가능)
- 질주하는마차 : 사냥 추가경험치(1일 15회)
- 시간의흔적 : 보스 코인 / 월드당임
3. 렌
- 주간미션
1) 레범몬 1000마리 : 경쿠 5장
2) 레범몬 5000마리 : VIP 부스터10개
3) 레범몬 10,000마리 : 사우나 2장
- 유랑일지는 2000마리당 1장 최대 주당 100,000마리까지 인정
- 유랑일지 : 이건 응모권임"
https://www.inven.co.kr/board/maple/2304/44493,사냥,챌섭용 내가 쓰려고 정리하는 이것저것 팁,,2025-06-15 18:14,47835,13,"전시즌 챌섭 챌린저 찍었는데
이번시즌은 챌섭 챌린저는 고사하고 마스터도 힘들거같긴한데..
일단 달리려고 일단 이것저것 팁 간략하게 써봄
궁금한거나 피드백 환영
해방 3캐릭이 무슨 메린이냐고 쿠사리 먹은적있어서 메린이라는 말은 이제 안할거임
(메린이 취급해주시면 ㄳ)
1. 챙길 패시브 꿀팁
1) 여제의 축복
최대 공마 30
본캐 키우다가 귀찮을 때 시그너스 테라버닝 받고 150까지 키워서 챙기기
그 전에 제로 만들고 스토리 스킵해서 정령의 축복으로 임시로 하기
2) 연합의 의지
올스텟 5 공 마 5
3) 직업별 영웅의 메아리
200찍으면 공/마 4프로 증가 버프
각 직업별 퀘스트 정보 찾아서 받으면 됨
쿨 5분 정상화해줘서 좋음
2. 어빌리티 설정 시
어빌리티 스펙업하기 좋은 수단이지만
한번에 뜨는 사람이 있는 반면 죽어도 안뜨는 사람들도 있음
임시면 상관이 없지만 종결을 원하면 이걸 반드시 기억하셈
1) 2번째 3번째 유니크 띄우기 전까진 첫번째줄 잠그지 마셈
종결 어빌은 레전 유니크 유니크임
첫번째 줄 레전은 띄우면 고정이기에 괜찮지만
2,3번째는 유니크 레어 왔다갔다함
이 상황에서 첫번째줄 레전 종결떴다고 잠구고
2,3번 돌린다? 명성치 순식간에 녹음
무조건 2번 or 3번 떳다 하면 그때 잠궈서 유니크 2줄 종결 내고
마지막으로 첫번째 돌리셈
어차피 어빌창 3개라 임시로 쓰면서 남은 칸 돌리는 방식으로 하면됨
ex). 레전 벞지, 유니크 보공, 유니크 상태이상공 필요 시
유니크 보공 뜨면 잠구고 1,3번줄 돌리다가 3번째 유니크 상태이상공 뜨면
2,3번 잠구고 1번줄만 돌리며 레전 벞지 뜨면 종결
3. 소울웨폰
도전자 무기 최종 강화 끝나고
소울인첸터 바르기만 해도 공 마 10 챙기기 가능
이후에 아무 소울 임시로 바르고 소울 풀 충전 시 총 공/마 20 가능
4. 아케인심볼 주간퀘 하기
주에 3판해서 한판당 40개씩 총 120개 수령가능
렙 올리면 1판만 하고 2판 스킵 가능하니 1판씩만 돌리고 스킵하셈
스케줄러 주간 컨텐츠에 넣어두고 하셈
아래는 지역별로 주간퀘 명칭임
여로 에르다 스펙트럼
츄츄 배고픈 무토
레헬른 미드나잇 체이서
아르카나 스피릿 세이비어
모라스 엔아임 디펜스
에스페라 프로텍트 에스페라
5. 무릉도장 하기
랭킹 보상 받으면 좋겠다만 그건 달리시는 저기 위에 분들이 타가실거임
이번에 심지어 메소마켓이랑 옥션 첫날부터 바로 열려서 달리시는 분들 많을거임
그럼에도 불구하고 왜 하느냐
- 정펜 수급 (3천포인트)
이번 패치로 정펜 예열시간이 사라짐
무릉도장 보면 무릉 포인트 3천으로 주에 한번3일짜리 구매 가능
-그 외
명예훈장으로 명성치 수급
어빌 졸업 후 무공이 보증한 훈장으로 바꿔서 메소 수급
6. 첫 주 길드 가입 시 유의사항
기여도 하루 5천점 채우기
이거 할때 무조건 길드원이랑 2인이상 파티 짜서 일일보스 들어가셈
혼자 일일보스 하면 250점인데 길드원이랑 파티해서 하면 보스당 1천점줌
수로 플래그 무조건 하시고요
7. 드메 채우기
사냥할때 이왕이면 템이나 메소 더 먹는게 좋으니
일단 드메 할때 최 우선은 드랍 67퍼임
왜 드랍 67퍼에요 할 수 있는데
몬스터 사냥 시 확정적으로 메소를 떨구는 아이템 드랍율이 67퍼임
어떻게 채우느냐 비숍 제외 일반적인 직업
쓸홀심(만렙기준) + 어빌리티 아획 + 이벤링 2개 기준 레잠 발라주고 이벤트 명큐 돌려서 1줄씩 뽑기
24% + 18~20% + 20 + 20 = 82~84를 챙길 수 있음
8. 일일보스 아카이럼, 핑크빈은 꼭 돌기
다른건 몰라도 이 두 마리는 가급적이면 도는 것을 추천
핑크빈 : 핑크빛성배(포켓), 블랙빈마크(눈장식)
아카이럼 : 메커네이터팬던트, 도미네이터펜던트, 혼돈의 파편, 태초의 정수
챌섭에선 비싼 템들이니 가급적 도는것을 추천
9. 주간보스 12마리 상위보스 다 잡더라도 하위 보스는 챙겨주자
유입이거나 부캐가 많이 없는 경우 마일리지를 조금이라도 더 땡기기 위한 팁
12마리 상위 잡으면 어차피 결정석을 못팔지만 마일리지라도 챙기셈
주간보스 얘들 다 마일리지 200포인트씩 줌
어차피 상위보스 밀 정도면 금방  잡음
물론 부캐 굴리며 한달 5만원 채우는 사람들은 패스해도됨
번외) 메이플m 꼭 하기
한달 5만 마일리지와 별도로 하루 700마일리지 일퀘로 받기 가능
한달 하면 2.1만 마일리지임
자동사냥겜이라 걍 자동 딸깍 돌려놓으면 됨
어차피 유니온 공/마 20 채우기 좋아서 120까지 키우는 것을 추천
(필자는 메m도 250작해서 공/마 25챙김)
마일리지 사용처
1)초반 세트효과있는 마일리지펫 두마리정도 사서 잠깐 공/마 조금 땡기다가
나중에  d라벨 펫 2마리에 펫장비(메포) 에 프리피엄 펫장비 주문서작하면됨(이번 코인샵에 있음)
2) 버프류 구매하기
붕어빵뿌리기, 생일축하해, 러블리 파티베어 중 택1 11개 2천마일 : 물공/마공 30 15분간
ㄴ 1개 200 마일, 11개 2천 마일로 11개 한번에 사는 것을 추천
마슈르의 선물 기상효과(통칭 우뿌) 10개 3천마일 : 공/마 30 30분간
ㄴ 한달 기간제, 한달에 최대 5개 구매 가능
3) 생명의 물 구매
펫 살리는 용도 생명의 물 마일리지로도 구매 가능
단 이번 달콤한 뭐시기 30일짜리 자석펫엔 사용 불가
3) 주문서
놀긍작용 리턴 스크롤
근데 고자본 아니면 그냥 놀긍 떡작, 장신구면 그냥 프리미엄 악세 주문서 바르는 것도 나쁘지 않음
도미 파편작이 이제 파괴가 안되서 프로텍트 줌서는 그닥 필요없음.
고자본 아닌 이상 걍 220때 도미주는거 끼셈
10. 카루타 보스 훈장 및 킹오브 루타비스 퀘스트 꼭 받기
처음에 카룻 하기전에 전구 누르면 알리샤가 카루타 보스들 훈장 퀘스트를 줌
각 보스별 10번 잡는거임
다른 보스들은 상관없는데 카벨룸 훈장은 보공 5퍼센트라 전투력 올리기 좋음
물론 mvp 레드 블랙 받으시는 분들은 해당없으니 패스하셔도 됨
카룻 보스 10번 다 잡고 훈장 전부 다 받아주면
전구에서 킹 오브 루타비스라고 하는 칭호 퀘스트 또 받아주셈
카룻 모든 보스 다 10번 잡는 퀘스트
다 잡으면 올스텟 8 공/마 3 보공 5% 방무 5%인 영구칭호 줌
나중에 버닝 칭호 다 끝날 떄 소소한 스펙업으로 좋음
물론 나는 그떄그떄 BM 칭호 갱신해서 쓰거나
이번에 렌 키워서 영구칭호 받을거다 하면 패스하셔도됨
11. 아이템버닝이 그렇게 나쁜 장비가 아니다.
이건 피방에서 겜하다가 옆자리에서 도전자 장비가 무조건 현질하게 만드려고
일부러 약하게 만들었다라는 말 듣고 조금 긁혀서 추가함...
나름 18성 유니크 레어 2줄에 추옵, 줌서작 준수함
필자도 이거 들고 챌섭에서 4만점 찍고 본섭와서 도전자셋으로 해방했음
물론 보조 엠블 장신구에서 적당히 힘 주면 되는데
이번에 카유잠, 카에잠 적당히 뿌리니 보조 엠블에 조금 힘 주고
장신구도 주스텟 2줄 에디 공 10 띄우면 적당히 할만해짐
12. 헥사스텟 떡작은 할 수 있으면 하는게 좋다.
도전자셋에 장신구 어느정도 작이 되었고
더 이상 장비에 힘을 주기 싫다면 헥사스텟작이 은근 효율이 좋음
초반엔 챌섭 특성 상 조각이 조금 비쌈
초반엔 대략 개당 천만메소정도했었음
하지만 나중가면 적당히 7~800선정도 되면
헥사 1 기준 스텟 열고 떡작까지 5~600으로 잡으면 3~40억 정도
장비 스타포스 달고 직작하거나 템 사먹는거 생각하면 그렇게 가성비가 나쁘다 그정도는 아님
물론 본섭으로 일찍 리프시킬사람들은 본섭가서 하셈
13. 여명은 돈많은 사람 아니면 하지마셈
본섭에서는 겁나게 싸지만 챌섭에서 엄청 비싼 친구들이 있음
여명 4셋 (트왈마, 가엔링, 에스텔라 이어링, 데이브레이크 펜던트)
트왈마 가엔링 에스텔라 3개는 노작 기준 10억 넘었고 데브는 더 비쌌던거로 기억
본섭에서 개당 100만메소정도 하는 친구들이라 굳이 챌섭에서 하지 않는걸 추천
돈 많으신 분들은.... 제가 보신 분들은 거의 칠흑 맞추시더라고요...
시간 날때마다 계속 조금씩 수정, 추가하고있습니다.
긴글읽어주셔서 감사하구
피드백 질문 언제든 환영합니다.
저도 모르는거 많은 메린이인지라..."
https://www.inven.co.kr/board/maple/2304/44490,사냥,렌 육성 빌드,,2025-06-15 11:33,93219,32,"1~200 테라블링크제네패스/챌섭패스/웰컴패키지 구매
카운트다운 썸머선물> 명훈, 경코젬, 딸농, 카유잠, 3배, 이벤링, 이벤링레잠, 이벤링명큐, 강환불 까지 수령하이퍼스텟 경험치 10렙 무조건 가져가기
약초바구니 몬파 2렙, 획득경험치 2렙 찍기
200~210 사냥으로 pc방코인 모으고
코강[경코젬은 홀리심볼] + 이벤링 큐브질[210찍으면 큐브 150개, 대충 2줄] + 보장 강환불 60~80급 대충 띄우기
210~235 딸농 [입장 전 코강하면서 홀리심볼 쿨 돌리고 펫에서 스킬빼기]
사우나 넣어놓고 코강, 이벤링 큐브 마무리
아이템버닝 보스 잡기[카쿰, 카벨 찐모, 스우 연모]
235~245 그춤2, 그춤3 사냥 vip부스터 6개 사용[룬1당 2개], 3배쿠폰 12개 남기고 다 사용
245~250 극성비 딸깍
250~255 셀라스 사냥, 르파[옛날 부르미 이벤트 받기], vip부스터 4개 남기고 태엽부스터 전부사용
255~260 몬파7판, 극성비1개로 57+28 = 85%, 일퀘 + 사냥
6차전직 vip 부스터 4개로 세르에서 마무리
260~262 하이마운틴 딸깍
262~ 자유
잘못되거나 틀린거 있음 지적감사링"
https://www.inven.co.kr/board/maple/2304/44482,기타,(추가)6/19 적용 갓패치 추가 사항&캐시 패키지 모음,,2025-06-14 14:59,62684,42,"[수정 / 추가 사항]
1.  챌린저스 월드에서 캐릭터 생성 후 3일 동안 메이플 옥션 판매 등록 및 메소마켓 이용이 제한되었던 기능이 해제됩니다.
-------------------------------
안녕하세요
이 글은 6/12 진행된 테섭에서 캐시/개선 항목에서 보실 만한 주요 사항들을 릴리즈 기반으로 추려 보충한 것입니다
요청이 있어 작성하니 혹시 패치 후 아직 못 보신 분들은 가볍게 한 번 쭉 봐주시면 감사드리겠습니다
1차 테섭에서 공개된 개선 사항은 여기서 보실 수 있고
https://www.inven.co.kr/board/maple/2304/44388
패치 내용을 종합하여 더 간략히 보실 수 있는 글은 이후 작성합니다
잘못 적힌 부분은 말씀해 주시면 감사히 수정합니다
--------------------------------------------
[캐시 : 성쿠/헤쿠 관련]
■ 프리미엄 헤어 쿠폰의 목록이 변경됩니다. : ~7/17
■ 프리미엄 성형 쿠폰의 목록이 변경됩니다.
- 목록 유지 기간 : 2025년 6월 19일(목) 점검 후 ~ 7월 17일(목) 점검 전
■ 초이스 헤어 쿠폰의 목록이 변경됩니다.
■ 초이스 성형 쿠폰의 목록이 변경됩니다.
[캐시 : 메이플스토리 컬렉션 판매 관련]
1. 메이플스토리 컬렉션 : 모험가, 시그너스 기사단, 영웅, 보스 상품이 판매됩니다.
2. 판매 기간 : 2025년 6월 19일(목) 점검 후 ~ 8월 20일(수) 오후 11시 59분
3. 모험가, 시그너스 기사단, 영웅, 보스 의상 패키지 및 의상 패키지 4종 선택권이 판매됩니다.
- 보스 의상 패키지 단품 / 4개 묶음 : 14900 캐시 / 47500 캐시
- 모험가, 영웅 의상 패키지 단품 / 4개 묶음 : 10000 캐시 / 32000 캐시
- 시그너스 의상 패키지 단품 / 4개 묶음 : 13000 캐시 / 41500 캐시
4. 모험가, 시그너스 기사단, 영웅, 보스 헤어 쿠폰이 판매됩니다
- 보스 헤어 쿠폰 5500 캐시
- 나머지 3500 캐시
5. 보스 컨셉의 성형 쿠폰이 판매됩니다
- 3500 캐시
6. 판매 패키지 외형 미리보기 링크 : 과거 공식 홈페이지 소개 페이지
*
이번에 판매되는 패키지에서 칭호는 지급되지 않습니다.
1) 시그너스 / 영웅 :
https://maplestory.nexon.com/News/CashShop/EndOfSale/491
2) 보스 :
https://maplestory.nexon.com/News/CashShop/Sale/522
3) 모험가 :
https://maplestory.nexon.com/News/CashShop/Sale/445
[캐시 : 웰컴 메이플 패키지 상품 구성 변경]
- 판매기간 : 2025년 6월 19일(목) 점검 후 ~ 상시판매
- 판매월드 : 전체 월드
- 메이플 ID 당 1회에 한하여 구매 가능하며, 업데이트 이전에 웰컴 메이플 패키지를 구매하였더라도 변경된 구성의 웰컴 메이플 패키지를 구매할 수 있습니다.
[보스 입장 시 쿨타임 초기화] 추가 사항
1. 아래에 해당되는 것들이
보스 대기맵 입장 시 최대로 채워지며, 퇴장 시 초기화되도록 수정됩니다.
- 소
울웨폰의 소울
- 보우마스터 : 실루엣 미라주 환영
- 루미너스 : 리버레이션 오브의 마력
- 패스파인더 : 렐릭 게이지
- 제논 : 서플러스 서플라이 게이지
- 히어로 : 플래시 슬래시의 충전
- 캐논슈터 : 롤링 캐논 레인보우 VI의 연락망
2. 영웅 공용 프리드의 가호가 5중첩 이하일 때는 보스 대기맵 입장 및 퇴장 시 버프가 해제되지 않고, 재사용 대기시간도 초기화되지 않도록 개선됩니다.
3
. 아래 스킬은 보스 대기맵 입장 시 버프가 해제되지 않고, 재사용 대기시간도 초기화되지 않도록 수정됩니다.
- 팔라딘의 컴뱃 오더스 /
모험가 마법사 공용 인피니티 /
5차 공용 쓸만한 샤프 아이즈 /
5차 공용 쓸만한 하이퍼 바디 /
5차 공용 쓸만한 컴뱃 오더스
[주요 개선 / 변경 사항 종합]
1. 보스 연습모드, 안개 숲 수련장 전용
- 세이람의 영약의
지속 시간이 15분으로 수정됩니다.
- 길드 스킬 4종의 지속 시간이 30분으로 수정됩니다.
2. 다음 기상효과 아이템 사용 시 메세지를 입력하지 않아도 사용할 수 있게 변경됩니다.
- 마슈르의 선물 기상효과 / 생일 축하해 / 러블리 파티베어 / 붕어빵 뿌리기
* 아무것도 입력 안 했을 때 나오는 메세지
3. 에픽 던전 클리어 기록이 없어도 에픽 던전 퀵패스를 사용할 수 있게 변경됩니다.
4. 선택 심볼 교환권에서 ‘선택 어센틱심볼 교환권’ 선택 시 획득하는 수량이 기존보다 2배 늘어납니다.
5. 제로 캐릭터도 테라 버닝 부스터 아이템을 사용할 수 있도록 개선됩니다.
6. 루시드(하드)에서 3페이즈의 제한 시간 내 격파 실패 시 2페이즈로 돌아가며 루시드의 HP가 일부 회복됩니다.
7. 선택받은 세렌(노멀, 하드, 익스트림) 2페이즈 패턴 개선
- 진입 시 태양 게이지가 초기화되도록 변경됩니다.
- 석양의 타오르는 검의 공격 범위가 기존 대비 약 68% 감소됩니다.
- 자정의 자극 패턴이 삭제됩니다.
8. 카링 패턴 개선
9. 다음 스킬 및 아이템이 버프 시퀀스에 추가할 수 있도록 변경됩니다.
- 영웅의 메아리 / 익스클루시브 스펠 / 인탠시브 타임 / 여제의 기도 / 마슈르의 선물 기상효과 / 생일 축하해 / 러블리 파티베어 / 붕어빵 뿌리기 / 전사의 물약 / 전사의 알약 / 아기 용의 이유식 / 드레이크의 피 / 마법사의 물약 / 마법사의 알약 / 현자의 물약 / 고목 나무의 수액 /
콜렉터의 영약
10. 콜렉터의 영약이 추가됩니다.
- [콜렉터의 의뢰] 퀘스트를 클리어한 200 레벨 이상 캐릭터로 NPC 콜렉터에게서 해당 아이템을 구매하실 수 있습니다.
11. 2025년 7월부터 데일리 기프트의 완료 보상이 아래와 같이 변경됩니다.
- 8일차 : MAPLE 데일리 기프트 선택 상자
12.
챌린저스 월드에서 캐릭터 생성 후 3일 동안 메이플 옥션 판매 등록 및 메소마켓 이용이 제한되었던 기능이 해제됩니다.
----------------------
4추만 보내주시면 감사드리겠습니다"
https://www.inven.co.kr/board/maple/2304/44465,테섭,[스압] 챌린저스 월드 레벨업 & 스펙업 핵심 가이드(환산 10만 챌섭 3배럭),,2025-06-13 08:59,467685,485,"챌린저스, 챔피언 버닝 이벤트가 있을 때 마다 문서로 미리 정리해 놓는 편인데
혼자 보기는 아까워서 함께 공유하고자 합니다!
＊환산 10만 + 챌섭 3배럭 물다이아의 챌린저스 서버 핵심 가이드
지난 챌린저스 시즌 1을 플레이하며 저자본 검밑솔 돌이 1캐릭, 무자본 노듄켈 돌이 2캐릭을 만드는 등 큰 재미를 봤었는데요, 그 때의 경험을 바탕으로 이번 챌린저스 시즌2를 시작할 때 빌드업하면 좋은 내용을 공략으로 담아봤습니다.
※ 챌린저스 서버에 대해 사실 다룰게 매우 많지만 많은 정보는 오히려 뇌에 과부하를 일으킬 수 있으므로
저는 초반 레벨업 + 템세팅에 대해서만 다루겠습니다!
※ 제가 소개하는 템세팅은 종결 템세팅이 아니라 게임을 쾌적하게 하기 위한 초반 빌드업 부분입니다. 공략에 나온대로만 따라하더라도 사냥 원킬, 노말 보스 솔격 등 기본적인 플레이들은 어려움 없이 진행할 수
있으실거예요.
그 이후에는 자신의 플레이 스타일이나 상황에 맞춰 아이템을 하나하나 업그레이드하면 됩니다! 사실 모든 과정을 전부 따라하는 것 보단 나만의 스타일로 성장하는 것도 하나의 재미라고 생각하거든요.
1. 레벨업 공략
2. 스펙업 공략
※ 주요 재화 별 획득 방법
- 검환불 : 하이퍼 버닝 이벤트 보상, 챌린저스 코인샵, 여름 이벤트 보스 코인샵
- 이벤링 명큐 : 하이퍼 버닝 이벤트 보상, 에버니움 코인샵
- 에디잠 및 수에큐 : 챌린저스 코인샵, 에버니움 코인 샵
- 카블큐 및 화에큐 : 썸머 카운트 다운 선물, 보스 코인샵, PC방 코인샵등 매우 다양
- 명장의 큐브 : 챌린저스 코인 샵
- 카유잠 : 에버니움 코인 샵, 썸머 카운트 다운 보상,
렌 스텝업(렌 한정)
- 카에에잠 : 에버니움 코인 샵,
렌 스텝업(렌 한정)
+ 이벤트 링 레전드리 잠재 주문서 : 여름 이벤트 기본 코인샵, 썸머 카운트다운 선물,
렌 스텝업(렌 한정)
이번 역대급 꿀잼으로 진행되는 챌린저스 이벤트 육성에 도움이 되길 바랍니다!
긴 글 읽어주셔서 감사합니다!
제 글에 너무 많은 관심과 사랑을 주셔서 약간의 설명을 더해 영상으로 제작해봤습니다.
이 공략을 보신 분들은 굳이 보실 필요 없으나
궁금하신 점을 유튭 댓글로 남겨주시면 알림이 와서 쉽게 답변해드릴 수 있을 것 같아요!
제가 아는 선에서 최대한 열심히 답변해드리겠습니다"
https://www.inven.co.kr/board/maple/2304/44326,기타,유니온 챔피언 레이드 TMI(선요약 있음),,2025-06-01 20:02,38627,24,"알만한 분들은 이미 아시겠지만
챔피언 레이드에 관련된 세부 정보가 부족해서
제가 몇 가지 좀 알아봤습니다.
새롭게 유니온 챔피언을 시작하시는 분들한테 조금이나마 도움이 많이 되기를 바라겠습니다.
물론 추가적인 정보 또한 있거나 잘못된 정보가 있으면 수정하도록 하겠습니다.
1. 선요약
2. 1단계
3. 2단계
4. 3단계
5. 4단계
6. 5단계
7. 6단계"
https://www.inven.co.kr/board/maple/2304/44265,아이템,"메린이용 아이템 명칭, 세트 별 부위 그림1장으로 정리!",,2025-05-26 21:06,48977,43,"+)이렇게 깔끔하게 세트 별 부위랑 아이템 명칭을 정리한 사진이 없어서 정리해봤습니다. 이 글을 읽고 메린이가 도움받기를 바라요!
대부분의 아이템은 고유의 명칭이 있는데 보통 그 장비의 생김새나 이름으로 알 수 있다.
-모자: ~햇. ~모자
-상의: ~상의, ~셔츠
-한벌옷:
~슈트
-하의: ~하의, ~바지
-신발: ~슈즈
-어깨장식: ~숄더, ~어깨장식
-장갑: ~글러브, ~장갑
-망토: ~케이프, ~망토
-주무기: (이름만으로 구분 불가. 직업 당 주무기(주로 쓰이는 것들)의 개수가 적으므로 외워두는 게 좋음.)
-보조무기: (주무기와 동일)
-반지: ~링, ~반지
-벨트: ~벨트
-엠블렘: ~엠블렘
-펜던트: ~펜던트
-얼굴장식: ~마크, ~결정석, ~타투, ~페이스페인팅 등 (예외: 블랙빈마크, 파툴라투스마크=>눈장식)
(눈장식과 구분 어려움. 인터넷 검색ㄱㄱ)
-눈장식: ~안대, ~눈장식, ~안경 등
(얼굴장식과 구분 어려움. 인터넷 검색ㄱㄱ)
-뱃지: ~뱃지
-포켓아이템: (대부분 몸에 착용 불가능한 물건처럼 생김. 구분 어려우므로 인터넷 검색ㄱㄱ)
-훈장: (예쁘게 생신 메달 모양. 형태에 익숙해지면 구분 쉬움)
-기계심장: ~하트
-안드로이드: ~로이드
*주무기, 보조무기, 방어구 살때 주의점: 자신의 직업과 직업군(ex 마법사, 전사, 도적...)이 사용할 수 있는지 마우스로 장비 아이템 상세정보 확인해보고 살것!
ex 라라는 마법사이므로 ""
아케인셰이드 메이지햇""은 사용하는하지만 ""
아케인셰이드 나이트햇(전사용)""은 사용할 수 없음.
**주로 붙는 직업군 수식어(야매):
-전사: '~ 나이트~' (knight[나이트]가 전사를 의미하는 것에서 따옴)
-마법사:
'~ 메이지~'
(mage[메이지]가 마법사를 의미하는 것에서 따옴)
-궁수:
'~ 아처~'
(archer[아처]가 궁수를 의미하는 것에서 따옴)
-도적:
'~ 시프~' (thief
[티프]가 도적을 의미하는 것에서 따옴)
-해적:
'~ 파이렛~'
(pirate
[페럿]가 해적을 의미하는 것에서 따옴)
***TIP: 나무위키 문서에 아이템 관련 설명이 꽤나 잘 정리되어 있으니 참고할 것!
읽어주셔서 감사합니다....!!
+)혹시 추천 주실 수 있을까요... 사진 편집하는데 시간 엄청 걸렸어요. ㅠ감사합니다!
+)형광펜으로 친 부분은 5/31에 수정한 내용입니다! (헷갈리고 잘못 적음 ㅠㅠ)"
https://www.inven.co.kr/board/maple/2304/44227,기타,메이플스토리 로얄 헤어 도감,,2025-05-23 14:26,44855,22,"(미방)
(2024 -> 2026 1분기 2분기 부분 추후 수정 예정)
특이한 경우 부가 설명을 더했으며
히어로즈 쿠폰 혹은 로얄 헤어 이전 헤어 같이 특수한 경우에서 로얄 헤어로 넘어올 시
로얄 헤어 쿠폰 등록 및 편입 시기로 잡은 점 양해부탁드립니다."
https://www.inven.co.kr/board/maple/2304/44223,기타,카운트다운 선물 상자 내용물 외 오늘 패치 신규 사항 요약,,2025-05-22 14:05,53411,23,"[수정/추가 사항]
1. 본문으로 갱신했습니다
----------
안녕하세요
이 글은 오늘 업데이트로 신규 추가 혹은 변경된 사항을 모은 것입니다
자세한 패치 내용이 궁금하신 분들은 글 마지막의 글 링크를 참고 부탁 드립니다
빠뜨리거나 잘못 적힌 부분은 말씀 부탁 드립니다. 오늘은 바로바로 수정이 어렵더라도 최대한 하겠습니다
★5/22 업데이트 주요 사항 빠르게 보기 : 다른 글에서 보신 분들은 밑으로★
[주요 일정]
1. 현재 진행 중인 <PC방 누적 보상 이벤트> : 오늘까지 진행 후 금요일 0시부터 후속 이벤트 진행
2. <챌린저스 월드> 종료 리프 일정
3. 캐시 이동 : 금요일 10시~금요일 10시
[패치 후 메할일]
1. 기존과 동일한 메할일들
1) <캠퍼스 라이프> 참여 : 6/18까지 진행되어 4주 남음
2. 신규 메할일들
1) <썸머 카운트다운> : 일일 출석 이벤트 : 카르마 큐브 등 보상 가치 높음
- 접속 후 출석 버튼 눌러 일일 출석 가능 : 28일 중 15일 참여 시 모든 보상 획득 가능
2) <동아리 소개제> : 미니 게임 이벤트
- 4주 동안 1주씩 각각 다른 미니 게임 진행 : 윷놀이/뿅망치/레이싱/싸전귀
- 적절한 참여(1000점 달성)로 매주 상급 EXP 교환권 2000개 획득 가능
- 빡센 참여(2000~6000점 달성)로 <메이플 홈> 가구 획득 가능 : 모든 가구 획득 시 최종 보상으로 집 테마 획득 가능
* 게임별 점수
** <메이플 홈> 가구 보상 전체 이미지 보러 가기 :
https://www.inven.co.kr/board/maple/2304/44196?my=post
3) <차원의 탑> : 하드 인내의 숲
- 중반 도달 시 모자, 완주 시 기념 훈장 2종 획득 가능
- 100위 안에 들 시 기념 <메이플 홈> 가구 지급
4) <월드 베스트 펀치킹
SEASON 3
> : 랭킹 펀치킹 / 경쿠 지급
- 펀치킹 참여 안 해도 이벤트 맵 좌측 NPC에게 매일 1번 3배 쿠폰 수령 가능
- 직업별 1위에게 이펙트, 의자 지급 / 2~10위에게는 의자 지급
[주요 개선 / 변경 사항]
1. <차원의 도서관>
- 게임 내 영상과 책 읽을 수 있는 NPC 추가
2. <UI 개선> : 일부 배치 / 오류 수정 등 다량 수정
- 강화 연출 여부 PC 단위 저장 가능
- 퀵메뉴 9개로 확장 / 모든 캐릭터에 적용 옵션 추가
- 메소마켓 UI 거래 업데이트 주기 빨라지게 개선
- 일부 배치 / 오류 수정 등 다량의 수정
- 캐시샵 UI 전면 개편 : 마일리지 샵은 스페셜 탭 / 보관함 여러 아이템 일괄 선택 가능하도록 개선
3. <메이플 홈>
- 가구 배치 시 복사/삭제/되돌리기 단축키 추가
- 일부 가구에 앉기 등 상호 작용 추가
[이후 업데이트 일정]
- 6/7 오후 4시 : 어셈블 쇼케이스
- 6/7 쇼케이스 이후 : 테스트서버 유력
- 6/12 : 테스트서버 유력
- 6/19 : <어셈블> 1차 정식 서버 업데이트
★캐시 업데이트 관련 사항★
1. <캐시 이동> : 금요일 10시~금요일 10시
2. [~6/12] : <로얄 스타일> 업데이트 :
https://maplestory.nexon.com/News/CashShop/Sale/540
1) 신규 스라벨
2) 신규 코디템
3) 로얄 목록 :
https://www.inven.co.kr/board/maple/5974/5016157
3. [~6/19 점검 전] : <프리미엄 헤어&성형 쿠폰> 목록 교체 :
https://maplestory.nexon.com/News/CashShop/Sale/541
★주요 신규&변경 사항★
1. <썸머 카운트다운> 관련 사항
1)
테스트 서버에서
미공개였던 15번째 출석 선물인 '카운트다운 선물 상자
' 가 본섭으로 오면서 <메이플 홈> 가구인 포스터로 아이템 자체가 교체되었습니다
2) 출석 관련 설명이 추가되어 6/18 이후에도 출석이 가능하다고 안내됐습니다. 다만 '카운트다운 선물' 수령이 6/18까지만 가능한 건 같으므로 안전하게 6/18까지, 28일 중 15일을 출석하시는 게 여러모로 좋겠습니다
2. <동아리 소개제> 최종 보상인 <메이플 홈> 테마의 자세한 파츠별 안내 추가
* <메이플 홈> 가구 보상 전체 이미지 보러 가기 :
https://www.inven.co.kr/board/maple/2304/44196?my=post
★ 5/22(목) 진행된 22주년 2차 업데이트의 메할일 요약/보상/바뀌는 것들 정리 최신판 글 링크
:
https://www.inven.co.kr/board/maple/2304/44210
----------
3추만 보내주시면 감사드리겠습니다"
https://www.inven.co.kr/board/maple/2304/44210,기타,패치 후 메할일&바뀌는 것들 요약+@ : 22주년 2차 업데이트,,2025-05-20 18:04,76990,45,"[수정/추가 사항]
1. 점검 시간 추가 : 03~10시 예정
2. 5/22 업데이트 신규 사항 : 이 글도 같이 읽어주세요 :
https://www.inven.co.kr/board/maple/2304/44223
--------------------------
안녕하세요
이 글은 5/22(목) 진행되는 22주년 2차 업데이트의 중요한 내용들을 각 테마별로 빠르게 확인하실 수 있도록 한 글입니다
글 순서는 이렇습니다
[목차]
1. 수요일 종료되는 사항들
2. 패치 후 메할일 체크 ◀ 바쁘실 때 우선 순위
3. 목요일 점검 전 주간 보스 관련 사항
◀ 바쁘실 때 우선 순위
4. 캐시 업데이트 관련 사항
5. 메인 이벤트 중간 체크
6. 신규 이벤트 핵심 사항
◀ 바쁘실 때 우선 순위
7. 주요 신규&변경&개선 사항들
◀ 바쁘실 때 우선 순위
8. 다음 달 정식 서버 업데이트 일정
잘못 적힌 부분은 말씀해 주시면 감사히 수정하겠습니다
더불어 제가 덧글까지 다 확인 못 하는 경우가 최근 잦으므로 진짜 궁금하신 내용이나 잘못된 정보 등은 쪽지로 주시면 확실히 확인하겠습니다
★ 이 글의 내용은 테스트 서버 기준으로 정식 서버 업데이트 시 변동 혹은 변경될 수 있습니다
★ 5/22(목) 점검 예정 시간 : 03~10시
★수요일 23:59 종료되는 사항들★
1) <부티크 기프트> 판매
2) <성장 가속! 헤이스트 MAX> 혜택 적용&참여&보상 수령
3) <핑크빈의 전국 캠퍼스 투어> 보상 수령
4) <챌린저스 월드> 미션 수행&전용 코인샵 이용&점수 보상 수령
* 서버는 5/22 점검 이전까지 유지
5) <뷰티 어워즈 흑발 헤어&백안 성형 쿠폰> 판매
[같이 보기]
1.
이벤트 종료 전(수요일 23:59)에 수령
해 둔 아이템 보상 사용 기간
- <챌린저스 월드> 코인샵 강화 재료(주흔 제외) : ~목요일 2시
- <챌린저스 월드>  레벨 달성 보상(화에큐/궁성비/레잠) : ~6/4 23:59
2. 현재 진행 중인 PC방 이벤트 - 목요일 23:59 종료
★패치 후 메할일 체크★
1. 기존과 동일한 메할일들
1) <캠퍼스 라이프> 참여 : 6/18까지 진행되어 4주 남음
2. 신규 메할일들
1) <썸머 카운트다운> : 일일 출석 이벤트
- 접속 후 출석 버튼 눌러 일일 출석 가능 : 기간 내 15일 참여 시 모든 보상 / 보상 가치 높음
2) <동아리 소개제> : 미니 게임 이벤트
- 4주 동안 1주씩 각각 다른 미니 게임 진행
- 적절한 참여로 매주 상급 EXP 교환권 2000개 획득 가능
- 빡센 참여로 <메이플 홈> 가구 획득 가능 : 모든 가구 획득 시 최종 보상으로 집 테마 획득 가능
3) <차원의 탑> : 하드 인내의 숲
- 중반 도달 시 모자, 완주 시 기념 훈장 2종 획득 가능
- 100위 안에 들 시 기념 <메이플 홈> 가구 지급
4) <월드 베스트 펀치킹
SEASON 3
> : 랭킹 펀치킹 / 경쿠 지급
- 펀치킹 참여 안 해도 이벤트 맵 좌측 NPC에게 매일 1번 3배 쿠폰 수령 가능
- 직업별 1위에게 이펙트, 의자 지급 / 2~10위에게는 의자 지급
★목요일 점검 전 주간 보스 관련 사항★
1. 이번 신규 이벤트들은 따로 해당 사항과 관련이 없습니다
2. 더미 관련 패치 등 스킬 변경 사항이 패치 후 적용되어 각 상황에 맞게 고려해주시면 될 것 같습니다
★캐시 업데이트 관련 사항★
1. <캐시 이동> : 금요일 10시~금요일 10시
2. <신규 로얄 스타일> 업데이트
- 스페셜 라벨
3. 프리미엄 헤어&성형 쿠폰 목록 변경 :
https://upload3.inven.co.kr/upload/2025/05/16/bbs/i1315548685.jpg?MW=800
★메인 이벤트 중간 체크 : 5/22(목) 0시 기준★
1)
<아이템 버닝> : ~6/18
2) <캠퍼스 라이프> : ~6/18 : 4주 남음
3) <하이퍼 버닝 부스터를 드려요!> :  ~6/18 : 버닝 효과는 6/19 2시까지 적용
​
★신규 이벤트 핵심 사항★
[신규 이벤트 공식 이름과 함께 한 줄로 보기]
1. 5/22~6/4 : <차원의 탑> : 하드 인내의 숲 :
훈장&모자&메이플 홈 가구 보상
2. 5/22~6/4 : <
월드 베스트 펀치킹 SEASON 3> : 펀치킹 랭킹 도전 : 일일 경쿠 보상
3.
5/22~6/18 :
<동아리 소개제> : 미니 게임 릴레이 : 상급 EXP 교환권&메이플 홈 가구 보상
4. 5/22~6/25 : <썸머 카운트다운> : 접속 출석 : 보상 가치 높음
5. 5/23 0시~6/19 : <프리미엄 PC방 접속 보상 이벤트>
------------------------------------
1. 5
/22~6/4 :
<차원의 탑> : 하드 인내의 숲 : 훈장&모자&메이플 홈 가구 보상
1) 이벤트 수락 후 <차원의 탑> 에 입장하여 장애물로 구성된 맵을 등반할 수 있습니다
- 총 2 스테이지로 구성되어 있습니다
- 우측의 UI를 통하여 진행률과 소요 시간을 확인할 수 있습니다
- 우측의 UI를 조절하여 다른 캐릭터의 투명도를 조절할 수 있습니다
- 각 월드 1채널의 차원의 탑이 유튜브 채널에 생중계로 중계됩니다(=스타포스 스테이지)
2.
랭킹 시스템이 추가되었습니다
- [메이플ID 기준]스테이지 정상에 오른 기록이 전체 월드에서 100위 이내일 경우 랭킹에 등록됩니다
- 100위 내에 들 시 <메이플 홈> 가구 보상을 수령할 수 있습니다
- 랭킹 도전 시 참고 사항은 이렇습니다
3) 등반 중간 보상과 완주 보상
- [월드당 1회]등반 중 중간에서 엘윈과 대화 시 모자를 수령할 수 있습니다
- [캐릭터당 1회]완주 시 훈
장 2종을 수령할 수 있습니다
4) 랭킹 보상 : <메이플 홈> 가구
- [메이플ID당 1회]최종 랭킹에 따라 수령할 수 있는 보상은 이렇습니다
2.
5/22~6/4 : <월드 베스트 펀치킹 SEASON 3> : 펀치킹 랭킹 도전&일일 경쿠 보상
1) 이벤트 기간 내 총 6단계로 이루어진 펀치킹에 참여할 수 있습니다
2) 최종 직업별 1~10위 순위에 따라 보상이 지급됩니다
- 1위 : 이펙트+의자
​
- 2~10위 : 의자
​
​
​
3) [월드당]펀치킹 참여 여부와 상관 없이, 매일 하루 한 번 입장 맵 좌측의 직업별 1등 캐릭터를 통해 경험치 3배 쿠폰(30분) 1장을 수령할 수 있습니다
- 수령한 쿠폰은 6/19 2시까지 사용 가능
3.
5/22~6/18 : <동아리 소개제> : 미니 게임 릴레이 : 상급 EXP 교환권&메이플 홈 가구 보상
1) 이벤트 기간인 4주 동안 1주마다 각각 다른 미니 게임이 오픈됩니다
- 초능력 윷놀이 : 5/22 점검 후 ~ 5/28 23시 59분
- 창공의 심판자 : 5/29 10시 ~ 6/4일 23시 59분
- 메이플 레이싱 : 6/5 10시 ~ 6/11일 23시 59분
- 싸워라! 전설의 귀환 : 6/12 10시 ~ 6/18 23시 59분
2) 각 미니 게임에 참여 시 결과에 따라 게임별 점수를 획득할 수 있습니다
3) [메이플 ID당]각 미니 게임별로 1000점 획득 시, 상급 EXP 교환권 2000개가 누적되며 이벤트 기간 내 수령할 수 있습니다
- 게임별로 1번씩만 획득 가능하여 4게임 전부 참여 시 총 상급 EXP 교환권 8000개를 누적할 수 있습니다
4) [메이플 ID당]각 미니 게임별 점수가 특정 점수에 도달할 때마다 <메이플 홈> 에서 사용 가능한 가구를 획득할 수 있습니다
- 게임별로 각각 총 8개의 가구를 획득 가능합니다
- 자세한 가구 외형은 분량 문제로 다른 글로 작성하였으니 링크 참고 부탁 드립니다
▶
https://www.inven.co.kr/board/maple/2304/44196
- 모든 가구를 획득할 경우 최종 보상으로 <메이플 홈> 핑크빈 집 테마를 받을 수 있습니다 : 라이브에서 안내된 이미지
4. 5/22~
6/25 :
<썸머 카운트다운> : 접속 출석&보상 가치 높음
1) [메이플ID당]이벤트 기간 내 접속 후 출석 버튼을 눌러 일일 1회 출석할 수 있습니다
- 놓친 출석은 1회 3000메이플포인트로 구매할 수 있습니다
2) 출석 횟수에 따라 보상을 수령할 수 있으며, ""카운트다운 선물""은 목요일 점검 후부터 6/18까지만 수령할 수 있습니
다
- 창고 이동 가능
- 수령한 보상은 6/19 2시까지 사용 가능
- 보상 목록
- 선물 상자 내용물은 공개 안 됨
3) 출석 횟수에 따라 보상을 수령할 수 있으며, ""썸머 선물""은 6/19 점검 후~6/25 23:59 내에 수령할 수 있습니다
- 창고 이동 가능
- 수령한 보상은 6/26 2시까지 사용 가능
- 보상 목록
- 이벤트 링 선택권 목록
4) 출석 횟수가 5/10/15번이 되는 즉시 보약 스킬 효과가 적용되며, 이는 메이플ID 기준으로 적용됩니다
5. 5/23~
6/19 : 후속 PC방 접속 보상 이벤트
▶ 현재 진행 중인 이벤트와 거의 비슷한 구성입니다
1. 평일 보상
2. 주말 보상
3. 누적 시간 보상
[주요 신규&변경&개선 사항들]
1. 스킬 변경 사항 적용
:
https://upload3.inven.co.kr/upload/2025/05/20/bbs/i1400380877.jpg?MW=800
2. UI 개편 후속 패치
▶ 이전 UI 개편의 후속 패치들로써 말씀 드린 내용들 외 오류 수정, 배치 변경 등 많은 사항이 적용됩니다
1) 아이템 정보 표시 창 관련 변경 사항
- 추가 옵션 합산 삭제
- 채집 키를 눌러야 추가 옵션 상세 정보 보이도록 변경
2) 항목별 개선
- 강화 UI : 연출 여부 PC 단위 저장 기능 추가 / 다른 슬롯의 환불도 연속적으로 사용되도록 변경
- 로그인 UI : 드래그 앤 드롭으로 캐릭터 순서 변경 가능하도록 개선
- 퀵메뉴 : 최대 9개까지 등록 가능하도록 변경 / 모든 캐릭터 적용 옵션 추가
- 메소 마켓 : UI 거래 가격 정보 업데이트 주기가 빨라지게 개선
3) 캐시샵 UI 전면 개편
- 마일리지샵 위치 : 스페셜 탭
- 파워 엘릭서(메이플포인트) 패키지 구매 과정 개선
- 보관함 개선 : 여러 아이템을 한 번에 선택하여 옮길 수 있습니다
3. MVP 관련 사항
1) 레드/블랙 주간 혜택 추가
- 3배 쿠폰 10개
- 추가 경험치 쿠폰 10개
2) 퀵패스 혜택 추가
- 매일 테네브리스 1회
- 매주 유니온 주간 퀘스트 2종
3) 키셋팅 단축키 추가
4. <메이플 홈> 개선
1) 일부 가구 상호 작용 추가
- 가까운 위치에서 좌클릭을 통해 가능
- 가구의 상호 작용 여부는 가구 관리 탭의 필터 중 '상호 작용'을 통해 확인 가능
2) 편의성 개선
- 배치된 타일 및 가구 한 번에 초기화 가능
- 가구 교환권에서 가구 보유 여부 확인 가능
- 원카드 미니게임 부스 관전하기 기능 추가
- 키보드 단축키 추가
복사: 가구 선택 후 ‘Ctrl+C’
삭제: 가구 및 발판 선택 후 ‘Delete’
되돌리기: ‘Ctrl+Z’ (1회 이전으로 되돌리기)
5. <차원의 도서관> 관련 사항
1) 군단장의 서 추가 : 군단장 과거 스토리 관람 가능
2) 영사기 추가 : 게임 내 영상 관람 가능
3) 기록 보관소 추가 : 게임 내 다양한 책 읽기 가능
4) 아케인 리버 더빙 스토리 관람 가능
5) 탈라하트, 이덴티스크 등 스토리 추가
★쇼케이스&다음 정식 서버 업데이트 일정★
[다음 정식 서버 업데이트 : 6/19(목) 예정]
▶ 여름 쇼케이스 : 6/7 4시 : <ASSEMBLE>
- 테스트 서버의 경우 6/7 쇼케이스 이후와 6/12(목)이 유력합니다"
https://www.inven.co.kr/board/maple/2304/44196,기타,[5/22~]미니게임 이벤트 보상 이미지 정리 : 동아리 소개제 메이플 홈 가구 이미지 모음,,2025-05-17 03:39,35658,28,"[추가/수정 사항]
1.
---------------
안녕하세요
이 글은 다음 주 목요일 업데이트부터 시작되는 미니게임 이벤트 [동아리 소개제] 에서 획득 가능한 달성 점수별 보상인 <메이플 홈> 가구의 이미지를 모은 것입니다
가구에 관심이 없으시면 각 1주마다 1000점씩만 모아 상급 EXP 교환권까지만 수령하시면 되고, 가구를 노리시면 좀 집중적으로 참여하셔야 됩니다
가구에 관심이 없으시더라도 가구의 아이템 설명들은 한 번쯤 재미 삼아 읽어보실만 합니다
어제 테스트 서버에 대한 전체적인 정리는 링크 참고 부탁 드립니다
:
https://www.inven.co.kr/board/maple/5974/4995368?my=post
잘못 적혔거나 누락된 부분은 말씀해 주시면 감사히 수정합니다
★들어가기 전에★
1. 미니게임은 4주 동안 진행되며 1주마다 참여 가능한 게임이 변경됩니다. 점수 보상을 전부 노리실 경우 짧은 기간을 고려하여 참여해 주셔야 합니다
- 초능력 윷놀이 : 5월 22일(목) 점검 후 ~ 5월 28일(수) 오후 11시 59분
- 창공의 심판자 : 5월 29일(목) 오전 10시 ~ 6월 4일(수) 오후 11시 59분
- 메이플 레이싱 :6월 5일(목) 오전 10시 ~ 6월 11일(수) 오후 11시 59분
- 싸워라! 전설의 귀환 6월 12일(목) 오전 10시 ~ 6월 18일(수) 오후 11시 59분
2. 각 미니게임별로 1천 점 달성 시 상급 EXP 교환권 2000개 획득 가능합니다. 누적된 교환권은 이벤트 기간 내 수령할 수 있습니다
▶ 1주에 2천 개씩 4주 전부 참여 시 8천 개 획득 가능
3. 도달한 2000부터 6000점까지의 특정 점수에 따라 게임별로 최대 8개까지의 <메이플 홈> 가구를 수령할 수 있습니다. 모든 가구를 수령할 시 최종 보상으로 테마도 수령 가능합니다
[초능력 윷놀이]
★ 승/패에 따른 획득 점수 ★
★ 달성 점수별 보상 ★
- 2000점 : 기숙사 책상
- 3000점 : 기숙사 옷걸이 스탠드
- 3500점 : 기숙사 창문
- 4000점 : 황금 단풍잎 무드등
- 4500점 : 메이플 대학교 태피스트리
- 5000점 : 슈퍼스타 핑크빈 포스터
- 5500점 : 기숙사 침대
- 6000점 : 푹신푹신 윷 소파
[창공의 심판자]
★ 승/패에 따른 획득 점수 ★
★ 달성 점수별 보상 ★
- 2000점 : 새싹 화분
- 3000점 : 강의실 책상
- 3500점 : 강의실 창문
- 4000점 : 기숙사 침대 옆 협탁
- 4500점 : 강의실 포스터 1
- 5000점 : 기숙사 공부 계획표
- 5500점 : 몬스터 통신 기구
- 6000점 : 심판자의 증표
[메이플 레이싱]
★ 승/패에 따른 획득 점수 ★
★ 달성 점수별 보상 ★
- 2000점 : 전공서적 더미
- 3000점 : 강의실 연설대
- 3500점 : 테니 창문
- 4000점 : 과잠바 액자
- 4500점 : 생각하는 예티
- 5000점 : 대학교 사물함
- 5500점 : 기숙사 벽 진열장
- 6000점 : 핑크빈 카트 침대
[싸워라! 전설의 귀환]
★ 승/패에 따른 획득 점수 ★
★ 달성 점수별 보상 ★
- 2000점 : 자라나라 화분
- 3000점 : 기숙사 책장
- 3500점 : 강의실 포스터 2
- 4000점 : 강의실 칠판
- 4500점 : 메이플 대학교 가랜드
- 5000점 : 미니 슬라임 쓰레기통
- 5500점 : 메이플 대학교 상징 조각상
- 6000점 : 전설의 홀로그램 왕좌
​
+ 싸전귀의 경우 매번 존재하던 랭킹 보상과 참여 횟수 탈 보상도 있습니다
★올 클리어 보상★
▶ 모든 가구를 획득할 수 있는 만큼의 점수를 얻으면 메이플 홈 테마를 받을 수 있습니다 : 라이브에서 안내된 핑크빈 홈 테마
+보충 : PC방 누적 보상 이벤트 가구 보상
1. 30시간 누적 보상
2. 60시간 누적 보상
​
​
​
​
​
--------
4추만 보내주시면 감사드리겠습니다 ​"
https://www.inven.co.kr/board/maple/2304/44189,기타,(수정)테섭 신규 출석이벤트&개선사항&쇼케 일정 요약,,2025-05-16 11:10,44812,31,"[수정/추가 사항]
1. 보충하여 본문으로 갱신하였습니다
-------------
안녕하세요
이 글은 5/15 테섭 내용의 중요한 부분들을 간략히 보실 수 있게 한 것입니다.
라이브에서 언급된 내용 중 주요 내용과 이미지도 반영하였습니다
잘못 적힌 부분은 말씀해 주시면 감사히 수정합니다
▶ 이번 테스트 서버의 사항들은 정식 서버에 5/22(목) 업데이트 예정이며 적용 시 변동 혹은 변경될 수 있습니다
★2025 여름 쇼케이스 : 어셈블 : 6/7(토) 오후 4시★
https://www.youtube.com/watch?v=cpp28imSR7M
1. 장충체육관 / CGV 영화관 진행
▶쇼케이스 예매 관련 페이지 : 신청하실 분들은 꼭 주의 사항 등 꼼꼼히 읽어 보시길 권장 드립니다
:
https://maplestory.nexon.com/Promotion/event/2025/20250515/intro
- 초대 이벤트 : 신청은 5/22부터이나 데이터는 5/28 기준으로 확인하여 선정됩니다
2. 쇼케이스 이름 의도 : 용사님들이 원하시는, 필요한 업데이트를 최대한 모아 제공해 드리고자 하는 의지와 최대한 많은 용사님들께서 온 오프라인에서 함께 모여서 이번 업데이트와 쇼케이스를 즐기셨으면 하는 마음을 담았다
3. 쇼케 당일 보상
★주요 변경/신규 사항★
1. UI 개선
1) 아이템 정보 창 개선
- 추가 옵션 합산 삭제 등
*
https://upload3.inven.co.kr/upload/2025/05/15/bbs/i1755446471.jpg?MW=800
- 채집 키를 눌러야 상세 강화 정보 보이도록 변경 등
2) 강화 UI 개선 : 연출 여부 PC 단위 저장 / 다른 슬롯의 환불도 연속적으로 사용되도록 변경 등
3) 로그인 UI 개선 : 드래그 앤 드롭으로 캐릭터 순서 변경 가능 등 여러 개선
4) 퀵메뉴 최대 9개로 증가&모든 캐릭터 적용 옵션 추가
5) 메소마켓 UI 거래 가격 정보의 업데이트 주기가 더 빨라지게 개선
2. 메이플 홈 개선
1) 일부 가구에 캐릭터 상호 작용 추가 : 의자에 앉거나 침대에 눕거나 등
2) 원카드 관람 기능 추가 등
3. MVP 혜택 개선
1) 퀵패스 혜택 추가
- 매일 테네브리스 일퀘 각 지역 1회 무료
- 매주 유니온 주퀘 2종 무료
2) UI 단축키 추가
4. 차원의 도서관 관련 사항
1) 영사기 : 게임 내의 영상들을 모아 볼 수 있는 기능
2) 기록 보관소 : 퀘스트를 통해 획득 가능한 책들을 모아서 볼 수 있는 기능 - 테섭 기준 따로 획득하지 않은 책들도 전부 볼 수 있습니다
3) 탈라하트 스토리/군단장 스토리/아케인리버 더빙 버전 등 추가
★캐시 관련★
1. 캐시샵 UI 변경
- 레이아웃 / 카
테고리 / 편의성 등 개선
- 파워 엘릭서 패키지 구매 과정 개선
- 보관함 개선 : 여러 아이템을 한 번에 선택할 수 있는 기능 추가
2. 로얄 스타일 스페셜 라벨 관련 이미지 : 스라벨 / 잡로얄
3. 신규 헤어 성형 포함 -  다음헤어 성형 목록
★후속 PC방 이벤트 : 5/23 0시~6/19★ : 현재 진행 중인 PC방 이벤트와 거의 동일
1. 평일 보상
2. 주말 보상
3. 누적 보상
★신규 이벤트 : 22주년 2차★
1. [동아리 소개제] : 미니 게임 로테이션
1. 이벤트 기간 내 이하 미니 게임들이 진행됩니다
- 초능력 윷놀이 : 2025년 5월 22일(목) 점검 후 ~ 5월 28일(수) 오후 11시 59분
- 창공의 심판자 : 2025년 5월 29일(목) 오전 10시 ~ 6월 4일(수) 오후 11시 59분
- 메이플 레이싱 : 2025년 6월 5일(목) 오전 10시 ~ 6월 11일(수) 오후 11시 59분
- 싸워라! 전설의 귀환 : 2025년 6월 12일(목) 오전 10시 ~ 6월 18일(수) 오후 11시 59분
2. [메이플ID당 1회]각 기간 내 미니 게임에 참여하여 1천 점 달성 시, 상급 EXP 교환권 2000개를 획득할 수 있습니다. 이는 각 게임별로 1000점 까지만 인정됩니다
▶ 매주 1000점 쌓을 시 상급 EXP 교환권 2000개씩 4주 : 총 8000개 획득 가능
- 각 게임의 결과별 획득 포인트는 이와 같습니다
3. 각 기간별로 특정 점수 달성 시, <메이플 홈> 에서 사용 가능한 가구를 1게임당 최대 8개까지 획득할 수 있습니다
- 각 게임 점수별 획득 가능 가구는 이와 같으며 자세한 이미지 미리보기는 글 링크를 참고 부탁 드립니다
:
https://www.inven.co.kr/board/maple/5974/4997177
- 또한 모든 가구를 획득했을 때, 메이플 홈 핑크빈 테마를 받을 수 있습니다
- <싸전귀> 의 경우 이전에 진행된 것처럼 랭킹 보상, 탈 보상 존재합니다
2. [차원의 탑] : 장애물 올라가기 시즌 2 : ~6/4
1) 지난 번보다 높게 쌓여 맵도 2개로 쪼개졌다고 합니다
2) 랭킹 보상과 완주 보상
- 완주 보상인 훈장은 캐릭터당 1회 수령 가능합니다
- 중간 보상인 모자는 월드당 1회 수령 가능합니다
- 랭킹 보상인 메이플 홈 가구는 메이플ID당 1회 수령 가능하며, 각 수령 가능 조건은 이와 같습니다
3) 추가 요소 : 유튜브 생중계 진행
3. <월드 베스트 펀치킹 SEASON 3> : ~6/4
1) 직업별 1위 보상 : 이펙트+의자 / 2~10위 보상 : 의자
2) 하루 한 번, 펀치킹에 참여하지 않았더라도
각 직업별 1위 캐릭터 NPC를 통해 월드당 하루에 한 번 경험치 3배 쿠폰 (30분)을 획득 가능
4. <썸머 카운트다운> : ~6/25
1). [메이플ID당 1회] 접속 후 참여하기 버튼을 눌러 바로 출석할 수 있습니다
2) [메이플ID당 1회] 출석 횟수를 채운 후 6/18까지 ""카운트다운 선물"" 을 수령할 수 있습니다
- 8번째 보상 : 심볼 교환권 : 500or100
- 9번째 보상 : 솔 에르다/조각 선택권 : 에르다 1개or조각 30개
- 15번째 보상 : 카운트다운 선물 상자)  아직 내용 공개 안 됨
★
""카운트다운 선물"" 은 6/19 2시까지 사용 가능하여 여름 하버캐에 못 줍니다 / 월드 내 이동 가능
2) [메이플ID당 1회] 채운 출석 횟수에 따라 6/19~6/25까지 ""썸머 선물"" 을 수령할 수 있습니다
- 3번째 보상 : 심볼 교환권 : 500or100
- 5번째 보상 : 솔 에르다/조각 선택권 : 에르다 1개or조각 30개
- 11번째 보상 : 이벤트 링 레잠
- 12번째 보상 : 이벤트 링 명큐
★
""썸머 선물"" 은 6/26 2시까지 사용 가능합니다 : 월드 내 이동 가능
3) [메이플ID 내 공유] 5/10/15번 출석할 때마다 6/25까지 적용되는 중첩 보약 스킬들이 하나씩 해금됩니다
------------
4추만 보내주시면 감사드리겠습니다"
https://www.inven.co.kr/board/maple/2304/44108,퀘스트,어린이날 퀘스트,,2025-05-05 10:08,78457,34,"*수익창출 X
*수익창출 X
1. 주니어예티
엘나스 맨 오른쪽
나무 그루터기
2. 다크 주니어 예티
장로의 관저
3. 주니어?예티 (뚱마엽예티)
사진 속 위치(물탱크 뒤)에서 사용 - 준비물: 쭈쭈바 or 팥빙수
(아래에 있는 상인이 판매함)
4. 무루
빙판 조심 1
얼음골짜기1 - 눈 덮인 바위와 대화
이벤트 맵 원로 그레이와 대화
보상"
https://www.inven.co.kr/board/maple/2304/44086,기타,어린이날 이벤트 보상 & 테섭 일정 등 요약,,2025-05-04 16:32,45798,25,"[수정/추가 사항]
1.
-----------------------------------------
안녕하세요
이 글은 내일(5/5 10시)부터 진행되는 어린이날 이벤트와 더불어 같이 보실 만한 내용들을 모은 것입니다. 당일에 접속이 불가능해서 미리 올립니다
빠뜨리거나 잘못 적힌 부분은 말씀 부탁 드립니다
-----------------------------------------
1.
[5/5 10시~5/7 23:59] : 어린이날 이벤트 : <어린이(예티)의 날!>
1) 이벤트 기간 내 ""예티의 동생들 찾기"" 미션 수행 후 보상을 수령할 수 있습니다
- 정확한 미션은 이벤트 열린 후 알 수 있습니다. 이와
관련이 있을지는 모르겠지만 보상에서 볼 수 있는 예티가 아닌 몬스터는 리엔의 무루 입니다
- 히든 미션의 경우도 역시 이벤트 열린 후에 진행 여부를 알 수 있겠지만, 일단 저번에 본섭 오면서 추가된 신규 치장 아이템들은 22주년 이벤트에서 다 지급됐습니다(귀걸이/라이딩/의자)
2) 미션 수행 후,
월드당 1회
이하 보상들을 수령할 수 있습니다 / 메이플 홈 가구는 메이플 ID당 1회
- 주니어 예티 세트 교환권
맨 위는 리엔 무루
- 주니어 예티 인형 교환권 : <메이플 홈> 가구
2. 5/21 23: 59 종료 예정 사항들
1) <부티크 기프트> 판매
2) <성장 가속! 헤이스트 MAX> 참여&보상 수령
3) <핑크빈의 전국 캠퍼스 투어> 보상 수령
4) <챌린저스 월드> 미션 수행&전용 코인샵 이용&점수 보상 수령
* 서버는 5/22 점검 이전까지 유지
** 구매해 둔 챌린저스 월드 코인샵의 강화 재료들(주흔 제외)은 5/22 2시까지 사용 가능
** 수령해 둔 월드 보상의 화에큐/궁성비/레잠은 6/4 23:59 까지 사용 가능
3. 여름 업데이트 일정 관련
1. 작년에 진행된
[마일스톤] 쇼케이스
의 경우 2024년 5월 테섭 라이브 방송에서 관련 일정을 예고하였으며, 쇼케이스 행사는 6/8(토)에 진행됐었습니다. 정식 서버 1차 업데이트는 6/20이었습니다
2. 22주년 이벤트(캠퍼스 라이프) 가 6/18에 종료되므로 2025년 여름 1차 업데이트는 6/19 진행될 것으로 보입니다
4. 다음 테스트 월드 유력 일자 : 5/15(목) - 22주년 2차 업데이트
▶ 정식 서버 적용 일자 : 5/22(목)
----------
3추만 보내주시면 감사드리겠습니다"
https://www.inven.co.kr/board/maple/2304/44085,아이템,환산으로 보는 도전자 셋부터 10만까지,,2025-05-04 15:02,273058,69,"들어가기 앞서서..
뉴비들부터 메청년들의 스팩업을 하실 때 많은 도움이 되었으면 하는 마음에서 이 글을 적어본다
.
투력따라 적었던 글도 있는 데 메청년들부턴 환산을 기준으로 편하기도 하면서 많은 분들이 환산따라 작성을 원해서 이 글을 적어 본다
.
유입은 도전자세트부터 해쳐나가는 방법을 적다보니 도전자에서~3, 4만까지는 이것저것 활용 스팩 업 방도를 적다보니 글이 4만까지는 길다.
읽기 귀찮으면
요약
부분만 읽자
이글은 이정도 템을 끼면 환산과 투력이 이정도 되더라를 의미하지 그 이상 그 이하의 의미가 없습니다.
자신의 생각을 적어주시면 합당하면 여려방면으로 수정하겠습니다. 싸우지마세요!
도전자셋에서 2천단 환산 2만가입하기
도전자 셋을 받고 그에 맞춰 보스를 도전하게 되실 텐데
방어구 도전자 셋을 제외한 악세서리 아이템을 맞추는 것이 가장 중요하다
!!!
여기서 중요한 것은 다른 템들이 아니라
보스 장신구
라는 줄여서
보장
이라는 템을 가장 먼저 채워 넣는 것이 중요하 다
.
단 여기서 고려해야 될 것은 노작 템이 싼 것을 사야 된다는 것이다
.
보스장신구의 종류
보스장신구의
반지
1.
실버블라썸링
-
저렴
(
혼테일에서 나옴
)
2.
고급이피아의 반지
- (
반레온 퀘로 꽁짜로 받을수 있음
)
3.
가디언엔젤링
-
저렴
(
가디언엔젤 슬라임에서 나옴
)
보스장신구의 목걸이
1.
메커네이터 팬던트
-
저렴
(
아카이럼에서 나옴
)
2.
도미네이트 팬던트
-
비쌈
(
아카이럼에서 나옴
)
3.
카오스 혼테일 목걸이
-
저렴
(
카오스 혼테일에서 나옴
)
보스장신구의 눈장식
1.
아쿠아틱 레터 눈장식
-
저렴
(
자쿰에서 나옴
)
2.
블랙빈 마크
-
좀 비쌈
(
핑크빈에서 나옴
)
보스장신구의 얼굴장식
1.
응축된 힘의 결정석
-
저렴
(
자쿰에서 나옴
)
보스장신구의 귀걸이
1.
데아시두스 이어링
-
저렴
(
혼테일에서 나옴
)
보스장신구의 벨트
1.
골든 클로버 벨트
-
저렴
(
핑크빈에서 나옴
)
2.
분노의 자쿰의 벨트
-
저렴
(
자쿰에서 나옴
)
보스장신구 포켓아이템
1.
핑크빛 성배
-
저렴
(
핑크빈에서 나옴
)
보스장신구 뱃지아이템
1.
크리스탈 웬투스 뱃지
-
저렴
저렴한 노작 보스 장신구 세트를 알아봤는데 이러한
보장
-
보스장신구
세트들을
옵션을 어떻게 가져가야 하는 지
알아보자.
이러한 옵션을 가지고 모든
보스장신구
를
끼워주게 되면 이러한
장비창을 볼 수 있다
.
이때 이벤트를 활용해서
유니크잠재 주문서 이상
을
엠블럼
에 발라주고
명장의 큐브
등으로 옵션을 뽑으면 된다
.
(
공마
/15
퍼이상
)
이후 이벤트에서 페어리 하트를 팔 때
페어리 하트를
사고 똑같이
유니크잠재 주문서를
발라서 옵션을 뽑아 사용하고
(
주스텟
15
퍼이상
)
이벤링 반지
를 이벤트에 나오면 반지를 사고
이벤링 레전 잠재 주문서
와
이벤링 전용 명장큐브
을 사용해 옵션을 뽑아 사용하면 된다
.
(
주스텟
21
퍼이상
)
이를 완료하게 되면 이 정도의 환산과 템이 나오게 된다
.
요약
1.
보스장신구 싼 부위를 주흔
70~30%
정도 작과 추옵
80
급 윗잠
9
퍼 아래잠 공
10
정도를 챙겨주도록하자
.
2.
유니크 엠블
2
줄과 이벤링
2
줄
,
페어리하트
2
줄 이상을 만들어주는 것을 목표로 하자
.
줄임말이 어렵다하여 최대한 안 쓸려 노력했다
.
환산2만 2000단에서 환산3만 3000단가입하기
일단
2000
단에서 열심히 돈을 모아 사라지는 도전자셋을 먼저 대체해야 하는 데
이를 위해 이벤트를 활용하던지 경매장에서 사던 하여 맞춰줘야 한다
.
1.
루타비스세트와 아케인, 앱솔랩스 세트를 활용하여 본인 직업에 맞는 아이템을
100
급이상
17
성
12~15
퍼급 에디 공
10
정도를 맞춰준다.
*예시아이템
여기서 셋트 효과를 고려해야하는 거아니냐 라고 질문을 할 수 있는 데
3
카
5
앜이나
1
앜
2
카
5
앱을 해준다
.
이것은 셋트 효과에 따른 장비를 고려하는 것인데 아직 까진
2
개를 고정적으로 해도 무방하다
.
이를 고려하면 좋은 것이 맞으나 아직까지 빈 부위를 먼저 채우는 것이 우선이다.
3
카
5
앜은
모자
,
상의
,
하의를 카루타로 무기
,
견장
,
장갑
,
신발
,
망토를
아케인세트로가면된다
.
1
앜
2
카
5
앱은
아케인무기 상의와 하의는 카루타로 견장
,
장갑
,
망토
,
신발
,
모자를 앱솔로 가면된다
.
2.
보스장신구에서 여명장신구부위를 여명장신구 부위로 바꾸면된다
.
여명보스장신구종류
1.
반지
-
가디언엔젤링
(
주문서를통해 여명세트로 바꿀 수 있다
.)
2.
얼굴장신구
-
트와일라이트 마크
3.
귀걸이
-
에스텔라이어링
4.
데이브레이크
-
팬던트
이 또한100
급이상
17
성
12~15
퍼급 에디 공
10
정도를 맞춰준다.
*아래는 예시사진
3.돈을 모아서 해방무기와 보조무기를 사면된다
.
여기서 해방무기는 아케인
17~18
성이상 윗잠 레전 유효
3
줄 공공공
/
마마마 보공공
/
보마마 보보공
/
보보마 정도의 옵션에 에디는 공
/
마 총
15
퍼이상을 가져가며 보조 무기도 마찬가지로 가져가면 된다
.
이를 수행하게 되면 아래와 같은 장비 창을 볼 수 있다
.
이 과정을 과금없이하게되면
2~3
번의 이벤트를 활용했을 것이다
.
이를 전부수행했다면 환산
3
만 투력
3000
단정도 가입이 가능하게 되었을 것이다
.
요약
1.
여명 보장 방어구 등을
100
급이상
17
성
12~15
퍼급 에디 공
10
정도를 맞춰준다
.
2.
돈을 모아 해방무기를 가장먼저 여유가 있으면 보조까지 해방용을 가져온다
.
환산3만 3000단에서 환산4만 5000단~8000단가입하기
서론
이제 다양성을 가지고 여러 갈래로 나눠지는 시기이다
.
환산 목표에 따라 템의 옵션 셋트효과 등을 다르게 가져가며 그 한계가 명확해지고 점점 높은 환산의 목표에 따라 나눠져 있던 템 셋팅이 다시 한 갈래로 합쳐지는 시기가 오는데 갈라지는 분기점의 시기라고 볼 수 있으며 이때의 세팅에 따라 명확하게 환산의 한계가 정해지는 시점이다
.
이때 부터는 기본적 메이플 지식과 내실은 필수이며 이 이후에는 설명을 하지 않는 부분이 생기는 점이다
.
일단 기본적으로 견
(
장
)
장
(
갑
)
신
(
발
)
망
(
토
)
에서 어떤 아이템을 사용하냐에 따라 목표 환산 도달 정도가 정해진다
.
정리
여기서 필자는 딱 정해 줄 것인데 특별한 경우를 제외 에디셔널은
9
만부터 레전
2
줄을 본다고 생각하자 그전까지는 에픽
2
줄급이라 생각하자
.
쭈욱 정리부터 하고 가겠다.
1.
각 부위의 따른 환산별 사용되는 템
상하의 환산별 주로 사용되는 템셋
6
만
~8
만
- 22
카룻 레에
5
줄
, 18
에테 레에
5
줄
9
만
-22
카룻 쌍레
5
줄
18
에테 쌍레
5
줄
10- 22
주흔 쌍레 에테
6
줄
장신망견 환산별 주로 사용되는 템셋
6
만 템
- 18
아케인
7
만 템
–
22
앱솔
18
에테
(7.5
급
)
마이셋 포함
8
만 템
–
22
주흔 아케인
9
만 템
–
22
주흔 아케인
5
줄
, 18
주흔 에테 쌍레
5
줄
, 22
리턴 이탈 앱솔
10
만템
–
22
리턴 이탈아케인
, 22
주흔 쌍레
6
줄 에테
악세류 환산별 주로 사용되는 템셋
6~8
만
–
22
여명보장
18
칠흑
9
만
–
22
성 쌍레
5
줄 칠흑
10
만
–
22
성 쌍레
6
줄 칠흑
2.
각 부위의 따른 환산별 사용되는 템에 따른 각 셋효과
대충 환산 별 쓰이는 템을 보았으면 그에 맞는 셋트효과 옵션을 알아보자
(
데벤저는 죄송
..)
악세류
방어구
칠흑
여명
마이스터
보장
에테
카루타
아케인
앱솔
2
올
+10
공
+10
보공
10%
2
올
+10
공
+10
보공
10%
2
3
올
+10
공
+5
2
공
+40
보공
10%
2
주스텟
+20
부스텟
+20
2
공
+30
2
공
+20
3
올
+20
공
+20
보공
10%
방무
10%
3
올
+20
공
+20
보공
10%
3
공
+40
5
올
+20
공
+10
3
올
+50
공
+80
보공
20%
3
주스텟
+20
부스텟
+20
공
+50
3
공
+65
올
+50
3
공
+45
올
+30
4
올
+35
공
+35
보공
10%
방무
10%
크템
5%
4
올
+30
공
+30
보공
10%
방무
10%
4
공
+40
보공
20%
7
올
+30
공
+20
방무
10%
4
올
+50
공
+120
보공
30%
4
주스텟
+20
부스텟
+20
공
+50
보공
30%
4
공
+105
올
+50
방무
10%
4
공
+75
올
+30
방무
10%
5
올
+50
공
+50
보공
20%
방무
10%
크템
5%
9
올
+45
공
+30
보공
10%
방무
10%
5
올
+50
공
+160
보공
30%
방무
20%
5
공
+135
올
+50
방무
10%
보공
30%
5
공
+95
올
+30
방무
10%
보공
30%
6
올
+65
공
+65
보공
20%
방무
20%
크템
5%
6
올
+50
공
+200
보공
45%
방무
20%
6
공
+165
올
+50
방무
10%
보공
30%
6
공
+115
올
+30
방무
10%
보공
30%
7
올
+80
공
+80
보공
20%
방무
20%
크템
10%
7
올
+100
공
+240
보공
60%
방무
20%
7
공
+195
올
+50
방무
20%
보공
30%
7
공
+135
올
+30
방무
10%
보공
30%
8
올
+95
공
+95
보공
30%
방무
20%
크템
10%
8
올
+100
공
+280
보공
75%
방무
20%
9
올
+110
공
+110
보공
30%
방무
20%
크템
15%
10
올
+125
공
+125
보공
40%
방무
20%
크템
15%
이러한 세트옵션을 고려하여 자신이 가고자하는 방향을 정해야 한다.
세트옵션에 따른 템셋은 필자의 글중 셋트옵션을 검색해서 읽어보자.
3.
환산별 가져가야할 잠재옵션
5~6
만 레전
2
줄 에디
2
줄
18
성
~22
성 아이템 섞는다
.
7
만 레전
27
퍼 이상 에디에픽
2
줄
22
성급 아이템 둘둘
8
만 레전
27
퍼 이상 에디에픽
2
줄
22
성칠흑
+22
성템 둘둘
9
만 레전
3
줄이상 에디 레전
2
줄
22
성칠흑
22
성템 둘둘
10
만 레전
3
줄이상 에디 레전
3
줄
22
성칠흑
22
성에테 둘둘
4.여기서 두가지더 고려사항이 있다
.
1.
쿨뚝의 유무이다
.
쿨뚝에 따라
3
에테
5
앱을 많이 차용한다
.
앱솔 쿨뚝이 매우 저렴한편이다 에테나 카루타뚝에 비해
따라 쿨뚝을 차용하는 직업이라면 이를 고려할만하다
.
2.
마이스터 견장을 저렴하게 구하는 것에 따른
4
마이의 차용이다
.
마이스터
4
셋은 보공이 높기에 이를 가져오는 템 셋이다
.
단 단점이 있는데
7
만까지는 정말 빠르게 도달 가능하지만 그 이후에는 막히는 느낌이 있다
.
이유로는 낮은 레벨 제한으로 인해 성능이 낮다는 점이 있다
.
본론
자 정보가 너무 많아 머리가 아프기 시작할 것이다
.
왜 메유튜버들이 템셋해달라면 환산 몇이 목표인지 물어보는 이유가 저기에서 온다
.
이에 따라 템을 다르게 집어와야 효율이 좋고 가성비가 있기 때문이다
.
이는
4
만부터 목표를 정해야 템셋을 하기 쉽다
.
라는 이야기다
.
여기서 왜
5
만은 없냐 할 것인데
4
만에서
22
성
2~3
개를 가거나 해방을 하면 쉽게
5
만이 가능하다
(1
억단
)
이것들을 고려해 템 셋을 해야한다
.
이후의 환산에 대해 설명하는 본론이 길어져 환산
4
만
5000~8000
단가입을 위해서는
22
성급
2~3
부위를 보내던가 해방전 종결 급 보조와 무기를 장착하면된다
.
필자는
22
성급인
17
에테를 차용하였다
.
단 위에 사항들을 고려해서 템셋을 차용하자
. 8
천단 가입을 읽은 사람은 원하는 목표 환산으로 가서 글을 읽기 바란다
.
요약
너무 정보 전달량이 많았는데 요약하자면
1.
이 시기에는 자신에 목표에 맞게 템셋을 해나가야 되며 목표를 위해 많은 것을 고려해야 한다
.
2.
무보엠을
3
만에서 무보엠을 종결급 세팅으로 가거나
22
성템
2~3
개를가면 가입이 가능하다
.
3.나머지 부위는 18성 15퍼 공10이상을 템셋을 해주자
환산4만 5000~8000단에서 환산 5만 1억단 가입하기
환산
5
만은
6~10
까지의 목표를 가기전  거쳐가는 환산이라 생각하는 것이 쉽다
.
이는
4
만에서 해방하면
5
만이되며 해방 전이라면 18~
22
성레전
2
줄 에픽
2
줄 급템을 두르면되고 이후 해방되면
6
만이된다
.
여기서부터는 메린이가 아님으로 최대한 간결한 설명을 하겠다
.
요약
1. 4만에서 대부분 해방을 하게 되면 5만정도가 된다.
2.
해방 전이라면
22
성레전
2
줄 에픽
2
줄급 템을 두르면 되고 이후 해방되면
6
만이 된다
.
환산5만 1억단에서 환산 6만 1.5억단 가입하기
환산
6
만을 가기위해서는 위잠 레전
2
줄 에디
2
줄 잠재
22
성
~18
성 둘둘을 해주면된다
.
이를 빠르게 찍기 위해서는
18
아케인템셋을 추천하며
18
아케인을 사용하면
6
만까지는 스팩업 빠르다 느끼겠지만
7
만이 가까워 질 때 스팩업의 어려움이 느껴진다
.
따라
6
만이 목표인 사람들은
4
만때에
18
아케인을 목표로 윗잠 레전
2
줄 에디 에픽
2
줄가져가면 가장 효율적으로
6
만을 갈 수 있을 것이다
.
요약
1. 모든 부위
18~22
성가며 잠재를 윗잠 레전
2
줄 에디
2
줄시
6
만이 달성 가능하다
.
2.이는 쿨뚝이 아닐시
4
카룻
(
에테
)5
앜
(22
성카룻
(18
성에테
) 18
앜
)
이 가장 효율적으로 도달이 가능하다
.
환산6만 1.5억단에서 환산 7만 2억단 가입하기
7
만을 목표로 할 때 가장 중요한 것은 모든 템을
22
성급
(=
칠흑
,
에테
17~18
성
)
윗잠 레전
3
줄
(27%~30%)
에디 에픽
2
줄을 해야
7
만이 가능하다는 것이다
.
여기까지는 내실을 내려 놓아도
7
만 달성이 가능하며 이후는 효율을 따졌을 때 풀내실이 가장 가성비이기 때문에 심볼세 잘내자
.
7
만을 목표로는
22
성 앱솔랩스가 가장 무난하며 크뎀장갑을 싸게 가져올 수 있으면 풀에테도
22
성 앱솔보다 아주 조금 세기 때문에 풀에테르넬을
22
앱솔랩스와 비교해서 가면 된다
.
요약
1.
모든 부위
22
성에 잠재를 윗잠 레전
3
줄 에디
2
줄시
7
만이 달성 가능하다
.
2.
이는
4
카룻
5
앱
, 17~18
풀에테
,
쿨뚝 시
4
에테
5
앱
(
모자가 앱뚝 견장이 에테
), 4
카룻
(
에테
)4
마이
4
앱솔 등이 가장 효율적으로 도달이 가능하다
.
환산7만 2억단에서 환산 8만 2.5~3억단 가입하기
8
만을 목표로 할 시 내실을 풀내실에 가깝게 하며
22
성 레전
3
줄 에픽
2
줄 칠흑이
2~3
개 필요하다
.
또한 무보엠도 어느정도 정옵 이상을 요구한다
.
레벨이 높고
22
칠흑 대신
22
여명 보장을 높게 가져가고 아케인
22
성을 레에
5
줄 보다 좋게 가게 되어도
8
만을 찍을 수 있다
.
물론
22
성 앱솔로도 쌍레
5
줄
~6
줄이상 가게 되면 가능하다
.
8
만을 목표로 하기에 필자의 생각은
22
주
(
흔
)
케인이 가장 효율이 좋다 생각하며 필자처럼
18
에테를 하게되면 보통
7.5~7.8
에서 한계가 온다
.
필자는 이를 극복하기 위해
22
칠흑을 넣을 까 고민하다
2
중보약을 선택하고도 모자라서
22
성 칠흑급 효율을 내는 컴플
18
성 레
3
줄에
2
줄을 끼워
8
만을 찍게 되었다
.
요약
1.
모든 부위
22
성에 잠재를 윗잠 레전
3
줄 에디
2
줄이 기본이며 내실을 풀로 챙겨야한다
.
2.
이는 장신망에서
22
성 앱솔 쌍레
5~6
줄급
, 22
주
(
흔
)
아케인레
3
줄에
2
줄급
,18
풀에테레
3
줄에
2
줄급을 추천한다
.
3. 22
칠흑을
2~3
개를 넣던가
22
여명보장을 쌍레
5
줄급이상을 가게되면 도달 가능하다
.
환산8만 2.5~3억단에서 환산 9만 4억단 가입하기
주의
!
여기서 부터는 필자의 템이 아니며 환산으로 만들어 봤을 때 이정도 급 템이면 가능 하더라를 이야기 하는 것이다
. (
시드링은
4
랩으로 고정이다
.)
여기서 부터는
22
성 칠흑과
22
성급 방어구
(22
에테제외
)
에 쌍레
5
줄을 가져가면
9
만에 가입할 수 있다
.
여기선 필자가 만들어 넣어본 템을 보여줄 것이다
.
요약
1. 22
성 칠흑과
22
성급 방어구(22앱솔 22아케인)모두 쌍레
5
줄이면
9
만단 가입이가능하다
.
2. 중간중간
6
줄도 섞어야 되며
6
줄을 섞기 싫으면 대신해서 컴플
18
이상 쌍레
5
줄과 창벳을 고려할 수 있다
.
환산9만 4억단에서 환산 10만 5억단 가입하기
환산
10
만을가기 위해서는
22
성 쌍레
6
줄이 필요하다
.
이때 에테도 주
(
흔
)
테르넬
22
성
6
줄(정옵아니여도됨)이 필요하며 여기에 컴플
20
성
6
줄을 끼면
10
만이된다
. 물론 22아케인 정옵6줄도 가능하다 뿐만아니라 22성앱솔 공6리턴 6줄 정도 즉 주테르넬 22성 6줄정도 급이면 가능하다.
요약
1.
에테포함
22
성  (22아케인 6줄 or 22공6리턴 앱솔 6줄)
+무보엠 정옵이상
을 하면
10
만을 갈 수 있다
.  시드링 5랩이상을 바라봐도 된다.
2. 12
만은 어떻게 가능한 걸까
?...
후기
각 원하는 환산대에 따라 가서 읽어보고 그 정도의 템을 가져와서 행메하길 바란다.
도전자부터 3만까지는 가독성이 떨어져서 여러번 수정작업을 하겠습니다!"
https://www.inven.co.kr/board/maple/2304/44061,퀘스트,22주년 극성비 이벤트 / 히든미션,,2025-04-29 10:18,86902,28,"메인 이벤트
핑크빈과 대화 후 단풍나무 언덕의 ""대학교 단풍나무""와 대화
레범몬 잡아서 나무가 좋아하는 햇살 10개 수집
히든1
블루머쉬맘과 대화 -
22주년 명찰반지와 말풍선 반지를 장착하고
리치와 대화
황금단풍잎귀고리 획득
*리치가 말한 ""붉은 단풍잎이 제 주인을 만나 귀고리가 되었다""
예전 주년 이벤트로 오르비스 만남의 광장 꼭대기에 있는 단풍잎 구슬과 대화하면
메이플 이어링을 줬음
히든2
돌의 정령과 대화 - 돌의 정령 갯수
정답: 8개
케이크 의자 획득
​
​
히든3
이벤트탭 캠퍼스를 수놓을 단풍잎 - 리본돼지 풍선을 만들고 싶어
이벤트 맵 리본돼지 풍선에 앉은 상태로 대화
(양쪽 맵 상단에 있음)
맷돼지 라이딩 획득
히든3-2
맷돼지 라이딩을 탄 상태
로 켄타와 대화
맷돼지 라이딩 1개 더 줌
​
​
​
​
​"
https://www.inven.co.kr/board/maple/2304/44060,기타,22주년 퀘스트 히든 4개,Kizz,2025-04-29 10:17,39459,11,"0. 사전 준비
햇살 10개 모은 뒤
22주년 명찰/말풍선 반지
받기
1. 돌의 정령 (히든)
돌의 정령
한테 말을 걸면 이런 대사가 나옴
정답은
8
보상
:
22주년 축하 케이크 (의자)
2. 블루 머쉬맘 (히든)
0번에서 받은
명찰/말풍선 반지를 착용
하고
리치
와 대화하기
보상
:
골드 메이플 이어링
3. 핑크빈 (히든)
이벤트 탭의
[캠퍼스를 수놓을 단풍잎]
클릭
여기서
앉기
키 사용
다시 이벤트 탭 들어가서 클릭하면 보상 수령 가능
보상
:
멧돼지 라이딩 선택권
4. 켄타 (히든)
3번 보상을 받으면 힌트로 이런 대사가 나옴
3번에서 받은
라이딩을 탑승한 상태
로,
아쿠아리움의 켄타와 대화
하면 다른 라이딩도 받을 수 있음
보상
:
멧돼지 라이딩 선택권"
https://www.inven.co.kr/board/maple/2304/44052,기타,방어구 세트효과 정리 미세팁,,2025-04-26 20:57,48106,10,풀에테가 압살이긴하네요. ㅎㅎ
https://www.inven.co.kr/board/maple/2304/44042,실험,MVP 퀵패스 몬스터파크 서순에 따른 비용 차이,,2025-04-25 17:13,35919,14,"MVP 레드, 블랙한테만 해당되는 팁이며
한 서버에서만 몬스터파크 퀵 패스 효과를 7번 사용하는 경우 필요가 없는 팁입니다.
저 같은 경우 원래 하던 일반 서버와 더불어
챌린저스 서버도 몬스터파크를 같이 돌다 보니 알게 되었습니다.
일반 몬스터 파크에 대한 설명
1. 모든 서버에서 최초 1회는 무료로 클리어 가능하다.
ex) 스카니아, 챌린저스 > 각각 매일 1회씩 무료로 클리어 가능
MVP 몬스터파크 퀵패스 효과에 대해서 설명
1. MVP 퀵 패스 효과는 MVP 레드나 블랙 계정에서 하루에 총 7번만 사용 가능하다.
2. 몬스터파크 퀵패스를 사용하면 무료 클리어 횟수부터 차감에 들어간다. (서순에 주의)
그래서 2가지 이상의 서버에서 몬스터파크 퀵패스 효과를 최대한 보고싶다면?
처음 1회 무료 클리어 시기에는 직접 몬스터파크를 클리어한다.
> 퀵패스를 사용하여 남은 몬스터파크를 클리어한다.
EX)
챌린저스 서버에서 제일 처음 1번은 직접 돌고 난 후에 > 퀵패스를 6회 사용
>> 결과적으로 7회 무료로 클리어
(퀵패스 효과는 1회 남아있음)
스카니아 서버에서 제일 처음 1번은 직접 돌고 난 후에 > 퀵패스를 1회 사용
>> 결과적으로 2회 무료로 클리어
(퀵패스 효과 모두 소진)
>> 하지만 스카니아 서버에서 퀵패스를 먼저 1회 사용한다면?
(퀵 패스 효과는 무료 클리어 효과부터 소진 시키므로 그 다음부터 1회를 직접 돌더라도 메포를 내야합니다.)
요약
여러 서버에서 몬스터파크 퀵패스를 사용할 경우
최초(무료) 1회는 직접 클리어 후 퀵패스를 사용해야 최대 효율을 뽑을 수 있다."
https://www.inven.co.kr/board/maple/2304/43883,기타,(추가)[4/17~]패치 후 메할일&바뀌는 것들 요약+@,,2025-04-15 12:19,89699,63,"[수정/추가 사항]
1. 치장 칸 확장 오타 수정 : 258 -> 256
2. 4/17 점검 시간 공지사항 추가 : 04~10시
3. 4/17 업데이트로 추가된 신규 사항(22주년 당일/어린이날 이벤트 등) :
https://www.inven.co.kr/board/maple/2304/43924
--------------------------
안녕하세요
이 글은 4/17(목) 진행되는 22주년 1차 업데이트의 중요한 내용들을 각 테마별로 빠르게 확인하실 수 있도록 한 글입니다
글 순서는 이렇습니다
[목차]
1. 수요일 종료되는 사항들
2. 패치 후 메할일 체크 ◀ 바쁘실 때 우선 순위
3. 목요일 점검 전 주간 보스 관련 사항
4. 캐시 업데이트 관련 사항
5. 메인 이벤트 중간 체크
6. 신규 이벤트 핵심 사항
◀ 바쁘실 때 우선 순위
7. 주요 신규&변경&개선 사항들
◀ 바쁘실 때 우선 순위
8. 다음 달 정식 서버 업데이트 일정
잘못 적힌 부분은 말씀해 주시면 감사히 수정하겠습니다
★ 이 글의 내용은 테스트 서버 기준으로 정식 서버 업데이트 시 변동 혹은 변경될 수 있습니다
★ 4/17(목) 점검 예정 시간 : 04~10시
★수요일 23:59 종료되는 사항들★
1. <카르시온 옥토 페스타> :
출석 / 경쿠 수령 / 출석&집중 소탕 보상 수령 /
코인샵 이용 / 보약 스킬 찍기
2. <챔피언 더블 업> :
출석 / 더블 업 코인 사용 / 더블 업 EXP 포인트 사용
3. <챔피언 챌린지> :
미션 수행 / 챌린지 코인 2종 사용
4. <도전 ! 대왕 황금 문어 : 문어 밥 주기 / 보상 수령
5. <VIP 사우나> : 충전된 시간 전부 소모
6. <챔피언 더블 업> 오류 보상 수령 : 메이플 운영자
7. <4월 MAPLE NOW> 사과 보상 수령 : 메이플 운영자
8. MVP 보상 수령 : 패치 이후 리셋
[같이 보기]
1.
이벤트 종료 전(수요일 23:59) 수령해 둔 아이템 보상
들은 대부분 목요일 2시까지 사용 가능합니다
- 3배 경쿠 / VIP 부스터 / 교환권 등 출석으로 수령한 보상 등
- 더블 업 / 챌린지 / 카르시온 옥토 페스타 코인샵에서 구매한 아이템들(
솔 에르다 조각은 영구)
- 운영자에게 수령한 사과 보상 : 4배 경쿠 / VIP 부스터 / 솔 에르다 교환권 등
2. 진행 중인 PC방 누적 보상 이벤트는 목요일 23:59까지
3. 보약 스킬 적용은 다음 주 수요일까지
- 단, 이벤트 종료 전에 이벤트에 참여하여 스킬을 받아 둔 캐릭터에 한해 적용됩니다
4.
뷰티 어워즈 흑발 헤어&백안 성형 쿠폰 판매 : 5/21까지
★패치 후 메할일 체크★
1. 기존과 동일한 메할일들
1) <챌린저스 월드> 육성 : 출석 / 미션 참여 등
2. 신규 메할일들
1) <캠퍼스 라이프> 미션들 참여 : 메인 22주년 이벤트
▶ 기초 수업(일일) : 1주에 최대 5회까지 가능
- 하루에 1번씩만 가능 - 1회 출석에 1000마리 / 총 1주에 5000마리
▶
심화 수업(주간) : 1주에 최대 5회까지 가능
- 하루에 몰아서도 가능 - 1회 출석에 10000마리 / 총 1주에 50000마리
▶
현장 실습(주간 보스) : 주간 보스 퇴치
- 1인 격파만 인정 / 연습 모드도 가능
● 아이템 최종 보상(100 학점)이 목표일 경우, 본인이 하드 진 힐라까지 격파 가능하다면 주간 보스 퇴치와 기초 수업만 해도 마지막 주차에 최종 아이템 보상 수령 가능합니다
2) <캠퍼스 라이프> 보약 스킬 찍기+코인샵 이용하기
▶
위의 미션들에서 획득한 SP와 코인으로 보약 스킬과 코인샵 이용하기
3) <성장 가속! 헤이스트 MAX> 참여
- 퇴치 마릿수별 보상 : 5만(의자)/10만(뎀스)/20만 마리(보약 칭호 : 30일 적용)
4) <하이퍼 버닝 부스터를 드려요!> 참여
- 하이퍼 버닝 부스터 1개 수령하기
★목요일 점검 전 주간 보스 관련 사항★
1. 예고되었던 결정석 가격 조정이 패치 후 적용되는 점 고려해 주셔야 합니다
* 검은 마법사는 5월부터 적용
2. 22주년 이벤트의 주간 보스 미션의 경우 점검 전에 퇴치 시 소급 적용해준다는 언급이 없습니다. 다만 연습 모드로 퇴치 시에도 인정되므로 결정석 가격을 고려하여 점검 전 퇴치하셨을 때도 연습 모드로 참여가 가능합니다
★캐시 업데이트 관련 사항★
1. <캐시 이동> : 금요일 10시~금요일 10시
2. <신규 로얄 스타일> 업데이트
3. [~5/21]부티크 기프트(바우처) 판매
- 부티크 기프트 사용 시 랜덤한 개수의 달콤 생일 케이크를 획득합니다 : 1/2/4/6/10/50/100/500/1000개 중 랜덤 획득
- 정해진 개수의 케이크를 모아 능력치 칭호, 코디템, 헤어 쿠폰 등으로 교환할 수 있습니다
▶ 교환 아이템들 목록 :
https://www.inven.co.kr/board/maple/5974/4865788?my=chu
4. 프리미엄 헤어&성형 쿠폰 목록 변경 :
https://www.inven.co.kr/board/maple/5974/4874809
- 마엘&미요 헤어 / 몽글 얼굴
★메인 이벤트 중간 체크 : 4/17(목) 0시 기준★
1)
<챌린저스 월드> : ~5/21 : 총 22주 중 5주 남음 : 마무리 단계
- 남은 사냥 미션 개근 포인트 : 총 2500 포인트
- 남은 사냥 미션 개근 코인 개수 : 총 7500개
* <챌린저스 월드> 계산기 :
https://meaegi.com/calc/challengers-world-mission
2) <아이템 버닝> : ~6/18
3) 이전에 적용한 <하이퍼 버닝 부스터> 기간은 캐릭터 선택 창에서 캐릭터에 마우스를 올려 확인 가능
​
★신규 이벤트 핵심 사항★
[신규 이벤트 공식 이름과 함께 한 줄로 보기]
1. 4/17~6/18 : <하이퍼 버닝 부스터를 드려요!> : 하버부 1개 보급 이벤트
2. 4/17~6/18 : 22주년 이벤트 : <캠퍼스 라이프 : 기본 강의> : 메인 출석
3. 4/17~6/18 : 22주년 이벤트 : <캠퍼스 라이프 : 심화 강의> : 이벤트 보약 스킬
4. 4/17~6/18 : 22주년 이벤트 : <캠퍼스 포인트 샵> : 코인샵
5. 4/17~6/18 : 22주년 이벤트 : <메소샵>
6. 4/17~5/15 : 22주년 이벤트 : <핑크빈의 전국 캠퍼스 투어> : 오프라인 이벤트
7. 4/17~5/21 : <성장 가속! 헤이스트 MAX> : 사냥 효율 증가&20만 마리 보약 칭호 이벤트
8. 4/18 0시~5/22 : <프리미엄 PC방 접속 보상 이벤트>
------------------------------------
1.
4/17~6/18 : <하이퍼 버닝 부스터를 드려요!> : 하버부 1개 보급 이벤트
1) [메이플 ID당] 이벤트 알림이를 통해 하이퍼 버닝 부스터 1개를 수령할 수 있습니다
2) 레벨 달성 보상 등의 사양은 이전에 수령하신 부스터와 동일합니다
3) 버닝 적용 기간 : 이 이벤트 부스터의 버닝 효과는 6/19 점검 전까지만 유지됩니다
2.
4/17~6/18 : 22주년 이벤트 : <캠퍼스 라이프 : 기본 강의> : 메인 출석
▶ 22주년 이벤트 : 1차 업데이트 5주 + 2차 업데이트 4주 = 총 9주 진행
1. [메이플 ID당] 이벤트 미션에 참여하여 학점을 획득할 수 있습니다. 학점의 정보는 이렇습니다
1) 1 학점을 획득할 때마다 이하 보상들을 획득합
니다
-
캠퍼스 포인트(코인샵 코인) 1개
-
보약 스킬 SP 1개씩 :
전투력/
콘텐츠
2) 모든 미션 최대로 참여(+메포 구매) 시 1주에 최대 25학점까지 획득 가능합니다
3) 일정 학점을 달성할 때마다 아이템 보상을 수령할 수 있으며, 이는 최대 100 학점까지 존재합니다
- 단, 100 학점을 넘어도 코인과 보약 SP는 계속 획득할 수 있습니다
4) 이벤트 9주 동안 최대 획득 가능한 학점은 최대 총 226개 입니다
- 이벤트 시작 시 1 학점 + 개근 시 225 학점(25 학점x9주) = 226 학점
2. [메이플ID당] 학점을 획득할 수 있는 미션들은 다음과 같습니다
1) 기초 수업 : 일간 레범몬 출석 미션
- 레범몬 1천 마리 퇴치 시 1 학점 획득 / 일일 1회 / 1주에 최대 5번 / 개근 시 총 45 학점
2) 심화 수업 : 주간 레범몬 출석 미션
- 레범몬 1만 마리 퇴치 시 1 학점 획득 / 1주에 최대 5번 / 개근 시 총 45 학점
3) 현장 실습 : 주간 보스 1인 퇴치 미션 : 연습 모드로도 인정
- 퇴치 보스에 따라 1주 최대 10 학점까지 획득 가능
- 보스 퇴치를 통한 학점 획득은 높은 학점의 보스 학점으로 적용됩니다
ex 1) 3 학점 보스 퇴치 후 1 학점 보스 퇴치 시 추가 획득 학점 없어 총 3 학점
ex 2) 3 학점 보스 퇴치 후 5 학점 보스 퇴치 시 2 학점 획득하여 총 5 학점
- 보스별 획득 학점
4) 보충 수업 : 메이플포인트로 학점 구매
- 1주마다 구매 가능한
학점이 5개씩 누적되며, 1개에 3000메포로 구매할 수 있습니다
- 다른 미션들로 완료하지 못한 학점들 또한 동일한 가격으로 구매할 수 있습니다
3. [메이플ID당] 학점에 따른 아이템 보상
1) 특정한 학점에 도달할 때마다 아이템 보상을 수령할 수 있습니다
2) UI의 게이지 기준 윗줄의 보상은 기본 보상으로 해당 학점 도달 시 수령할 수 있습니다
3) UI의 게이지 기준 아랫줄의 보상은 49,900 메포로 프리미엄 패스를 구매하고 학점을 달성해야 수령할 수 있습니다
4) 자세한 보상 보기 :
https://upload3.inven.co.kr/upload/2025/04/13/bbs/i1740795484.jpg?MW=800
- 의상
​
​
- 의자
5) 아이템 최종 보상(100 학점) 관련
- 하진힐
or하듄or카더(6 학점씩 9주=총 54 학점)를 퇴치하실 수 있는 경우 9주 동안 주보와 일일 개근(총 45 학점)만 하셔도 기본 1점이 있어 주간 출석과 메포 구매를 안 하셔도 100점 도달이 가능합니다.
3.
4/17~6/18 : 22주년 이벤트 : <캠퍼스 라이프 : 심화 강의> : 이벤트 보약 스킬
1) 학점으로 획득한 무공과 에피네아 SP를 사용하여 월드 내 공유되는 이벤트 보약 스킬을 찍을 수 있습니다
- 9,900 메포를 사용하여 전체 스킬을 초기화할 수 있습니다
2) 각 레벨별 요구 포인트는 이렇습니다
3) 각 레벨별 스킬 효과는 이렇습니다
- 무공 강의(전투력)
- 에피네아 강의(콘텐츠)
4.
4/17~6/18 : 22주년 이벤트 : <캠퍼스 포인트 샵> : 코인샵
1) 학점으로 획득한 캠퍼스 포인트로 코인샵을 이용할 수 있습니다
2) 코인샵 목록
5.
4/17~6/18 : 22주년 이벤트 : <메소샵>
1) 이벤트 기간 내 메소샵이 오픈됩니다
2) 메소샵 품목은 이렇습니다
3) 메소샵의 상세 내용(개수/선택 상자 목록/댄스 의자 착용 샷 등)은 글 스크롤 문제로 링크로 대체합니다. 이 글 링크의 하단 부분 참고 부탁 드립니다. gif는 10억 메소짜리 의자입니다
▶
https://www.inven.co.kr/board/maple/5974/4871522?my=post
​
​
​
6.
4/17~5/15 : 22주년 이벤트 : <핑크빈의 전국 캠퍼스 투어> : 오프라인 이벤트
1) 4/17부터 5/15까지 전국의 대학교에서 오프라인 행사가 진행됩니다
2) 오프라인 이벤트에 참여하여 실물 보상과 인게임 훈장 등을 받을 수 있습니다
3) 자세한 내용은 공식 페이지를 참고 부탁 드리며, 참여하실 분들은 각 이벤트의 참여 조건 등을 꼼꼼히 숙지하시길 권장 드립니다 :
https://maplestory.nexon.com/Promotion/event/2025/20250410/intro
7.
4/17~5/21 : <성장 가속! 헤이스트 MAX> : 사냥 효율 증가&20만 마리 보약 칭호 이벤트
1) 이벤트 기간 내 아래와 같은 효과가 상시 적용됩니다
2) [메이플ID당] 레벨 범위 몬스터를 5만, 10만, 20만 처치 시 보상을 획득할 수 있습니다. 따로 1주마다 퇴치 마릿수 제한이 걸려 있지는 않습니다
- 5만 마리 퇴치 보상 : 우주전쟁 의자
​
​
- 10만 마리 퇴치 보상 : 스파크 액션 데미지 스킨 (유닛)
- 20만 마리 퇴치 보상 : 난 역시 헤이스트 칭호 교환권
8.
4/18 0시~5/22 : <프리미엄 PC방 접속 보상 이벤트>
1. 평일 보상
2. 주말 보상 : 평일 보상에서 카르마 검환불 개수만 20개로 증가
3. 누적 보상
- 달콤한 정령 : 신규 기간제 자석펫
- 애니멀즈 의상 선택권
- 메이플 홈 가구 2종 : 각각 30 / 60 시간
[주요 신규&변경&개선 사항들]
1. 전투 경험 개선
▶ 업데이트 적용 후 신규 스킬이 추가된 차수의 스킬이 초기화 되니 접속 후에 우선적으로 확인해 주셔야 합니다
1) Maple NOW 에서의 설명
2) 특수 스킬 반지(시드링) 쿨타임도 120초로 변경 / 이에 따라 성능도 조정
* 특수 스킬 반지 관련 추가 공지
3) 테스트 월드 공식 공지 사항 :
https://maplestory.nexon.com/testworld/news/all/94
2. 전반적인 UI 개편
1) UI 개편과 동시에 해상도 관련 제한 사항이 적용됩니다
-
800*600, 1024*768 해상도를 더 이상 이용할 수 없습니다
. 해당 해상도를 사용 중이던 경우 1366*768 해상도로 적용됩니다.
2) 서버 선택 창의 UI가 변경되며 간편 접속 기능이 추가됩니다
- 간편 접속 등록은 즐겨찾기로 지정한 캐릭터 혹은 최근 접속했던 캐릭터로 가능합니다
- 즐겨찾기는 캐릭터 선택 창에서 레벨 옆의 별을 눌러 할 수 있습니다
3) 전반적, 전면적으로 UI가 변경됩니다. 변경되는 항목은 이와 같으며 이번에 변경되지 않은 부분의 경우 이후 순차적으로 마저 진행할 것으로 언급되었습니다
- 인게임 하단 : 좌측의 퀵 메뉴는 메뉴 설정에서 편집할 수 있습니다
- 캐릭터 생성 UI /
강화 UI /
인벤토리 /
차원의 거울 /
빠른 이동 메뉴 /
알림창 /
장비창 /
마일리지 수령창 등등
- 변경 후 UI 이미지로 보기 :
https://upload3.inven.co.kr/upload/2025/04/15/bbs/i1311367697.png?MW=800
3. <강렬한 힘의 결정> 가격 조정&아즈모스 협곡 난이도 조정
1)
강렬한 힘의 결정 가격 조정
- 하드 진 힐라 이하는 약 30% 내외 하향
- 노멀 세렌 이상부터는 보스에 따라 30%~80% 증가
- 상세 변동 금액 표 :
https://upload3.inven.co.kr/upload/2025/04/10/bbs/i1763248690.jpg?MW=800
2) 아즈모스 협곡 (하드) 난이도 상향
■ 아즈모스 협곡 (하드)에서 협곡의 스산한 기운으로 감소하는 최종 데미지가 90%에서 95%로 증가됩니다.
■ 아즈모스 협곡 (하드)의 정예, 최정예 스테이지의 권장 전투력이 조정됩니다.
4. <메이플 홈> 콘텐츠 추가
1) 슈피겔만에게 260 레벨 이상 캐릭터로 재량에 맞게 꾸밀 수 있는 <메이플 홈> 을 받을 수 있습니다. 지붕과 외벽, 발판, 가구 등을 임의로 배치할 수 있습니다. 초대 또는 방문을 통해 현재로서 최대 30명까지 입장 가능합니다
- 기본으로 제공되는 가구들 모습
2) 현재로서 스펙업 요소와는 전혀 무관한 콘텐츠이며 라이브에서는 ""달성한 업적을 시각적으로 전시할 수 있는 커뮤니티 콘텐츠"" 로 정의되었습니다. 이후 여러 기능 등이 추가될 예정이라고 예고되었습니다
3) 이에 맞게 특정한 업적을 달성할 시 메이플 업적 UI 또는 메이플 홈 내부의 설정 메뉴에서 가구를 보상으로 수령할 수 있습니다
4) 좀 더 자세한 콘텐츠 관련 정리와 업적 보상으로 획득 가능한 특별 가구들의 정리는 내용이 길어 다른 글로 작성하였으니 필요하신 분들은 글 참고 부탁 드립니다
▶
https://www.inven.co.kr/board/maple/5974/4871522?my=post
5. <MVP> 시스템 개편
1) <MVP> 시스템이 개편되어 신규 등급이 신설되고 등급별 혜택이 변경되는 등 여러 변경 사항이 적용되었습니다
2) 통합 메뉴(ESC)의 MVP 탭을 누르면 열리는 UI에서 MVP 관련 상세한 설명을 확인하거나 등급에 맞는 혜택을 수령할 수 있습니다
* MVP 리조트는 <VIP 사우나> 와 동일한 성능의 잠수 맵입니다
▶ <MVP> 등급별 혜택 정리 표 :
https://upload3.inven.co.kr/upload/2025/04/10/bbs/i1967391424.jpg?MW=800
6. 편의성 개선 사항 등 묶음
1) 아케인 리버 스토리 퀘스트 사운드 풀더빙 추가
2) 치장 아이템 칸 256칸으로 확장
3) 황금 망치 시스템 삭제
- 기존 황금 망치 효과가 적용되지 않은 아이템은 자동적으로 업그레이드 가능 횟수 1회 증가
▶ 보유한 황금 망치 아이템은 주문의 흔적으로 교환
: 100% - 24000개 / 70% - 16800개 / 50% - 12000개 / 20% - 4800개
4) 메이플 옥션 개선 사항
- 기본 판매 슬롯 30개로 변경
- 기본 구매 슬롯 120개로 변경
- 판매등록시간을 24시간 또는 48시간 중 선택 가능하도록 변경
5) 이름 새기기 개선 :
이름 새기기’ 아이템을 장착하지 않은 아이템에도 사용할 수 있도록 수정됩니다.
6) 도미네이터 펜던트 전용 강화 아이템 실패 시 도미네이터 펜던트가 파괴되는 패널티 삭제
7) 보스 체력 게이지 등 일부 게이지 UI의 성능이 개선되어 클라이언트 끊김 현상이 완화됩니다.
★이후 정식 서버 업데이트 일정★
[다음 정식 서버 업데이트 : 5/22(목) 예정]
▶ 테스트 서버 유력 오픈 일자 : 5/15(목)
1. 22주년 2차 업데이트"
https://www.inven.co.kr/board/maple/2304/43854,기타,"◆ 2분 주기와 쿨뚝메타, 시드링에 대하여 ◆",,2025-04-13 22:01,67056,48,"안녕하십니까? 스카니아에서 섀도어를 육성중인 소블(루웽) 이라고 합니다.
이번 4/10 테섭을 기준으로 모든직업이 2분주기로 조정을 받았습니다.
따라서 2분주기, 준극딜,  시드링과 쿨뚝 그리고 메타에 대해 생각해보는 시간을 갖도록하겠습니다.
모든 직업이 2분이 되며 꼭 한번 확인하면 좋은 내용이니 게임을 조금 더 재미있게 즐기고자 한다면 읽어보시고 주변, 파티원과 공유하여 유의미한 딜상승 또는 패치후 보스 빌드(최소컷, 유챔, 파티격 등)짜는데 도움이 되시길 바랍니다.
오늘 글의 순서는 다음과 같습니다.
1. 2분 주기와 쿨뚝메타?
- 1.1 스킬 사용 횟수의 변화(11극딜? 17극딜?)
- 1.2 2분주기와 준극딜에 대하여
2. 리웨 스위칭과 컨티의 차이
3. 리웨 스위칭 + 쿨뚝의 경우
4. 컨티 + 쿨뚝의 경우
5. 정리
-------------------------------------------------------------------------------------------------------------
1. 2분 주기와 쿨뚝메타?
- 1.1 스킬 사용 횟수의 변화 (11극딜? 17극딜?)
전직업이 2분주기로 통일되며 3분주기 -> 2분주기 로 바뀔때 가장 큰 변화는 바로 스킬사용 횟수(극딜수) 입니다 . 단순히 생각해 보아도 3분주기는 10극딜이상, 2분주기는 15극딜 이상 할 수 있죠.
앞으로 모든직업이 2분주기니 3분은 고려하지 않고, 2분주기에서 쿨감모가 어떤 영향을 끼치는지 보도록 하겠습니다.
메이플의 스킬 쿨타임은
(스킬쿨타임) X (메르유니온쿨감) - (쿨뚝 쿨감)
로 계산되게 됩니다.
메르 유니온 250(6%) 일 때
쿨감0,3,5,7초 에 따른 스킬 쿨타임은 다음과 같습니다.
이를 20분 보스와 30분 보스에 적용해보도록 하겠습니다.
먼저 오리진 입니다.
오리진 스킬 횟수는 큰 변화가 없군요. 그럼 2분스킬은 어떨까요?
사용 하는 쿨뚝에 따라 극딜 수가 달라지기 시작
합니다.
오리진극딜을 2분 극딜버프가 돌았을 때에 맞춰서 사용한다면 다음과 같습니다.
기존에는 여기서 2분주기 쿨뚝이 유챔, 최소컷이유리하다 라는 말이 나왔습니다 ... 만
이제는 우리 모두에게 적용되는 이야기가 되었군요.
실전성이니 뭐니 는 재쳐두고, 일단 그렇구나 하고 넘어가 보겠습니다.
- 1.2 2분주기와 준극딜에 대하여
들어가기 앞서 설명을 위해 섀도어 스킬을 가져왔습니다만 쿨타임과 지속시간에 대해서만 이해하시면 좋을 것 같습니다.
메용 2 : 60초 지속 버프, 쿨타임 120초
영진이 : 2분 극딜스킬 , 쿨타임 120초
소블    : 1분 준극딜 스킬 , 쿨타임 60초
2분 주기로 변경되며 위 세 스킬과 비슷한 쿨타임, 버프지속시간의 스킬이 있다면 꼭 고려해야 하는 상황이 생겼습니다.  바로 다음과 같은 상황 입니다.
서버랙을 고려하지 않았을 때 쿨감뚝이 있는 경우와 없는 경우 가장 큰 차이는
준극딜에 1분버프를 묻힐 수 있느냐 없느냐
입니다.
스킬 쿨타임조정을 받으며 준극딜 비중이 올라간 캐릭일 수록 이는 유의미한 딜차이로 나타날 것입니다.
위 두가지 내용이 이번 2분 패치가 만들어낸 메타가
2분 주기 쿨뚝메타
라고 하는 이유 입니다.
2. 리웨 스위칭과 컨티의 차이
리레 +웨폰 / 컨티 를 선택하는 기준은 보통
1. 귀찮다(숨돌 + 스위칭) / 편하다
2. 가격
으로 생각합니다.
하지만 추가로 고려할 기준이자 차이가 있습니다. 이는
1. 쿨감 효과를 받는가?
2. 원할때 발동이 가능한가 ?
입니다.
해당 내용을 숙지하고 다음으로 넘어가 보겠습니다.
3. 리웨 스위칭 + 쿨뚝의 경우
앞서 말한 것 처럼
리스트레인트 링과 웨폰퍼프 링은 쿨타임 감소효과를 받습니다.
따라서 다음과 같이 스위칭 하는 숨돌5초를 감안한다면 어떤 쿨감을 쓰던 원하는 타이밍에 맞춰서 사용가능하다는 장점이 있습니다.
리웨를 사용하면
쿨타임 몇초를 사용하던 거기에 맞춰서 사용이 가능
하기 때문에 쿨감에 대하여 보다 자유롭다고 볼 수 있습니다.
다만 기존 90초마다 스위칭하는것 보다는 시간이 촉박하게 느껴질수도 있겠네요.
4. 컨티 + 쿨뚝의 경우
리웨는 스위칭을 감수하면 쿨감에 대해 비교적 자유로운 반면 컨티링은 어떨까요?
하나의 예시를 보여드리겠습니다.
해당 설명을 위해서 준극딜(소블) 스킬의 풀히트에는 2초가 필요하다는 점을 추가하겠습니다.
소블    : 1분 준극딜 스킬 , 쿨타임 60초
+ 풀히트 2초
4.1 먼저 준극딜 입니다.
1.컨티링의 효율을 뽑기 위해서는 컨티링이 ON되어있을 때 딜을 해야합니다.
2.다만 우리는 위에서 준극딜을 고려하기로 했으니 60초 버프가 꺼지기 전에 딜을 해야 합니다.
3.준극딜스킬 풀히트를 위해 2초의 시간이 필요합니다.
위 셋 조건이 만나게 되면 그림에서 보다싶이
3초 쿨뚝에게는 준극딜이 돌았을 때 컨티가 꺼지기 까지 2.6초의 시간이,
5초 쿨뚝에게는 준극딜이 돌았을 때 컨티가 꺼지기 까지 4.6초의 시간이남게되고
풀히트를 고려한다면
3초 쿨뚝에게는 0.6초의 여유
가,
5초 쿨뚝에게는 2.6초의 여유
가 있겠군요.
이제 첫극딜+ 준극딜을 해결 했으니 다음 극딜로 넘어가 보겠습니다.
4.2 2번째 극딜
그림으로 보겠습니다.
쿨뚝이 없는경우 오히려 편하게 2분에 맞춰 다시 극딜을 하면 되는군요.
5초 쿨뚝은? 0.2초로 매우 짧긴 하지만 9번째 시드링 발동 이전에 스킬이 돌아 컨티링에 맞춰 극딜이 가능하군요. 120초 극딜이 아니라 108초 극딜러가 되었습니다.
3초 쿨뚝을 보면... 컨티가 on되고 1.8초가 지나야 스킬쿨이 도는 것을 볼 수 있습니다 .
다음 컨티에 스킬을 쓰자니 노쿨감이랑 스킬사용횟수가 같아지고,
돌자마자 쓰자니 2번째 준극딜에 컨티가 꺼질테고(위에서 2.6초 중첩에 2초 풀히트시 0.6초 여유가 있던것을 생각)
신경써야 할것이 많아집니다.
4.3 4번째 다시 돌아온 오리진 극딜
.
자 이제 참 아이러니 한 상황이 왔습니다.
쿨감이 없는 경우는 음 여전히 편하네요! 돌면 쓰면 됩니다.
근데 3초와 5초의 경우 참 애매합니다.
극딜이 돌았는데 오리진이 없고..
극딜을 시작하자니 컨티가 꺼질것 같습니다.
3초는 중간에 스킬 쿨타임이 꼬였지만 오리진이 돌자마자 컨티가 켜지는 상황이고
5초는 극딜주기가 참 아름답게 맞춰놨는데 오리진이 돌아도 컨티가 켜질때까지 기다려야 합니다.
리레 어떨까요?
예 ~ 당연히 그냥 돌면 쓰면 되겠죠
5. 정리
오늘 정리한 내용을 다시 적어보자면 이렇습니다.
1. 2분주기는 쿨뚝메타
-> 2분 주기는 쿨감에 따라
극딜의 수 차이가
날 수 있다.
->
1분 준극딜
이 있는 경우 쿨감 여부가 유의미한 딜차이가 될 수 있다.
2.
리웨와 컨티
의 선택은 편리함/가격 외 고려사항이 있다.
-> 리웨는 쿨감이 적용, 원할때 발동이 가능 / 스위칭 필요 숨돌 5초, 2분기준 10초 공백
-> 컨티는 쿨감 미적용, 자동 발동 / 스위칭 불필요
3. 시드링과 쿨뚝을 같이 고려했을때는
스킬 쿨타임, 지속시간, 사용시점, 극딜주기 등 을 고려
해보아야 한다.
-> DPM, 허수아비 단순 딜량비교를 너무 맹신하지 말자!
-> 스킬 쿨 조금 밀린다고 죽는거 아니고 컨티좀 꺼진다고 극딜 날리는거 아님!
4. 직업별 스킬 쿨타임과 지속시간, 선호하는 플레이스탈이나 보스상성에 따라 달라질 수 있는 내용임을 인지!
틀린내용이나
궁금하신 내용이 있으시면 댓글로 달아주시면 확인하여 수정 및 답변 할 수 있도록 노력하겠습니다."
https://www.inven.co.kr/board/maple/2304/43818,기타,메이플 홈: 업적 보상 가구 조건과 이미지 등 신규 콘텐츠 정리,,2025-04-11 13:58,58580,34,"[수정/추가 사항]
1. 일부 오타 수정
2. 수제 포션 전문 업적 오타 수정 : 1천 회 -> 1만 회
-----------------------------
안녕하세요
이 글은 이번 테섭에서 공개된 신규 콘텐츠 [메이플 홈] 의 내용들을 릴리즈 기반으로 보충한 것입니다
업적 보상의 경우 이미지와 더불어 각 업적의 요구 조건도 같이 추가해서 따로 찾아보시지 않아도 되도록 했습니다
잘못 적힌 부분은 말씀해 주시면 감사히 수정합니다
[신규 콘텐츠 : 메이플 홈]
1. [메이플 홈] 이란?
1) 우선적으로 스펙업과는 별개의 집 꾸미기 콘텐츠 입니다. 현재로서 콘텐츠 자체에 강제성은 없다고 보셔도 무방합니다. 다만
완료하시지 않은 업적의 보상으로 주는 가구가 마음에 드실 경우엔 그 업적의 난이도에 따라 애로사항이 있을 수 있습니다
2) <
MAPLE NOW> 에서 소개된 내용들
- 해외 메이플스토리(하우징)에서 소스를 가져온 건 맞으나, 디자인적으로나 역할적으로나 그것과는 많이 다르다
- ""나의 업적을 시각적으로 전시할 수 있는 공간"" 으로 정의함
- 현재 30명까지 입장 가능한 공간으로써 커뮤니티의 기능을 할 수 있음
- 이번 업데이트에선 시스템의 토대를 만드는 데 집중하였고 이후 특수 가구 추가, 공간 확장, 인원 확장 등의 꾸준한 패치가 있을 것
2. [메이플 홈] 생성과 입장
- [The Day After] 그 날 이후 퀘스트를 완료한 레벨 260 이상의 캐릭터로 ‘[메이플 홈] 슈피겔만의 슈퍼한 선물’ 퀘스트를 완료 시 메이플 홈을 생성할 수 있습니다.
▶ 슈피겔만이 세계 구하느라 고생했다고 창고로 쓰던 집을 물려 주겠다고 함
- 메이플 홈 생성이 완료된 월드 내 101레벨 이상의 캐릭터 또는 스토리 챕터 2를 완료한 제로 캐릭터로 입장할 수 있습니다.
- 전체 메뉴/모험/메이플 홈 버튼을 통해 나의 메이플 홈에 입장할 수 있습니다.
3. [메이플 홈] 초대와 방문
- 같은 맵의 캐릭터 우클릭 또는, 친구/파티/길드원/연합원 목록에서의 캐릭터 닉네임을 우클릭하여 초대하기 또는 방문하기 버튼을 눌러 내 집에 초대하거나, 다른 유저의 집에 방문할 수 있습니다
- 다른 캐릭터의 정보 창 우측 상단의 입장하기 버튼으로도 방문할 수 있습니다
- 나의 [메이플 홈] 내부에서 캐릭터 명을 직접적으로 입력하여 방문하거나 초대할 수도 있습니다
- 나의 [메이플 홈] 에 방문 가능한 조건은 설정에서 변경 가능하며 아무것도 설정하지 않은 경우 초대를 통해서만 다른 사람들의 방문이 가능합니다
4. [메이플 홈] 관리 : 상단 메뉴 바의 파란색 버튼으로 활성화 가능 : 집 테마와 가구 커스텀
- 건물 관리 메뉴에서는 다음과 같은 행동을 할 수 있습니다.
· 메이플 홈의 테마를 변경하고, 바닥과 계단의 배치를 변경할 수 있습니다.
- 테마
- 계단
· 그리드를 클릭하여 원하는 위치에 발판을 설치하거나, 제거할 수 있습니다.
· 메이플 홈의 지붕, 창문, 외벽, 내벽, 발판의 디자인을 변경할 수 있습니다.
- 가구 관리 메뉴에서는 다음과 같은 행동을 할 수 있습니다.
· 보유 중인 가구를 확인하고 배치할 수 있습니다. / 아이콘의 우측 상단 버튼으로 즐겨 찾기 설정 가능
· 자유 배치를 활성화하면 가구를 그리드와 무관하게 배치할 수 있습니다.
- 기본 제공 가구들 배치된 모습
- 배치된 가구 관리 메뉴에서는 다음과 같은 행동을 할 수 있습니다.
· 목록에서 배치된 가구를 클릭하여 배치된 가구를 선택할 수 있습니다.
- 메이플 홈 관리 메뉴일 때 배치된 가구를 선택하여 다음과 같은 설정을 할 수 있습니다
: 가구 위치 변경 / 좌우 반전 / 복사 / 맨 앞으로 또는 맨 뒤로 보내기
※ 배치 횟수에 제한이 있는 일부 가구의 경우 제한을 초과하여 복사할 수 없습니다.
5. [메이플 홈] 특수 가구 관련 사항
▶ 설치 시 NPC로서의 기능을 하는 가구들도 존재하며 이는 각 아이템 설명에서 안내됩니다
1) 잡화 상점 : 설치 시 잡화 상점 이용 가능
2) 창고 : 설치 시 창고 이용 가능
3) 마네킹 : 설치 시 마네킹을 치장 아이템으로 꾸며 주기 가능
4) 진열장 : 설치 시 아이템 진열 가능
5. [메이플 홈] 이번 이벤트 메소샵에서 구매 가능한 가구들
6. [메이플 홈] <메이플 업적> 에서 획득 가능한 가구들
▶ 특정 메이플 업적을 달성하면 <메이플 업적> UI에서 [메이플 홈]에 설치 가능한 가구를 수령할 수 있습니다. 이전에 완료한 업적 가구들은 개별적으로도 수령할 수 있지만, 최초 입장 시 머리 위의 전구 또는 안내 메뉴에서 일괄적으로도 수령할 수 있습니다
▶ 이번 업데이트에서 추가된 업적 보상들입니다
■
고서 수집가 - 오크나무 책상
: 사서 위즈에게 오래된 책을 모아서 전달하기
■
메르세데스의 서 - 앤티크 석고액자 - 메르세데스
▶
메르세데스 스토리 퀘스트 모두 완료
■
바다 수영의 달인 - 아쿠아리움 산호 스탠드
▶
아쿠아로드 퀘스트 완료
■
시그너스 기사단의 서 - 포스터 - 우리는 시그너스 기사단
▶
시그너스 기사단 스토리 퀘스트 모두 완료
■ 알고 보면 쓸데없는, 알면서도 계속하는 모험 - 월넛 데이베드
▶ 끈기 있는 자에게 복이 있나니, 인내 있는 자에게 복이 있나니, Show me the meso 업적 모두 완료
- 지하철/끈기의 숲/인내의 숲 전부 마지막 단계까지 완료
■
에반의 서 - 포스터 - 드래곤 마스터
▶ 에반
스토리 퀘스트 모두 완료
■
오래된 편지 수집가 - 오크나무 테이블
▶ 사서 위즈에게 오래된 편지를 모아 전달하기 : 월드 파퀘 상점
■
인내있는 자에게 복이 있나니 - 단풍나무 분재
▶ 인내의 숲 5단계의 약초 덤불 만지기
■
칠흑보다도 더 어두운 자 - 칠흑 진열장
​
▶
칠흑의 보스 세트 9종류 장착하기
■
페리온의 심부름꾼 - 천연 라탄 접시 장식
▶
페리온 퀘스트 완료
■
[가디언 엔젤 슬라임] 이제부턴 정말 슬라임 뿐이야 - 가디언 엔젤 슬라임 분수
▶
카엔슬 1인 격파
■
[검은 마법사] 수고했다... 이제 그만 쉬어라... - 검은 마법사의 거울
​
▶
하드 검은 마법사 1인 격파
■
[더 시드] 결국 여기까지 오셨군요 - 류드의 검
▶
더 시드 50층 클리어
■
[더스크] 자이언트 킬러 - 더스크 암흑 빈백
▶
카오스 더스크 1인 격파
■
[데미안] 이번에도 혼잔데 미안 - 데미안의 검
▶
하드 데미안 1인 격파
■
[듄켈] 정정당당하게 싸웠다! - 듄켈의 투구 장식
▶
하드 듄켈 1인 격파
■
[루시드] 모닝콜 음악이 듣기 좋은 날 - 루시드 침대
▶
하드 루시드 1인 격파
■
[루시드] 여왕님의 참교육 - 포스터 - 엘프의 여왕
▶
메르세데스로 노멀 루시드 2페이즈에서 가장 많은 데미지를 준 뒤 처치
■
[마스터피스] 전문 재봉사 - 고급 마네킹
▶ 마스터피스 합성 100회
■
[매그너스] 배신자 주제에 운석까지 쓰는구나? - 매그너스의 뿔 의자
▶ 하드 매그너스 100회 퇴치
■
[메소] 목돈 마련 - 슬라임 창고
▶ 사냥으로 누적 1억 메소 획득
■
[메소] 천억이 높다 하되 하늘 아래 메소로다 - 보라색 금고
▶
사냥으로 누적 1000억 메소 획득
■
[메소] 티끌 모아 태산- 리본돼지 저금통
▶ 사냥으로 누적 100억 메소 획득
■
[반 레온] 강해졌구나 메이플월드의 으윽 - 얼어붙은 사자상
▶ 하드 반 레온 100회 처치
■
[반반] 시간을 지배하는 자, 심연을 지배한다 - 반반의 태엽시계
▶ 카오스 반반 100회 처치
■
[발록] 이게 손도 제대로 못 쓰는 게 까불어! - 발록의 뿔 의자
▶ 발록 30회 처치
■
[배고픈 무토] 이세계 요리사 - 에스닉 해먹 침대
▶ 배고픈 무토 100회 클리어
■
[배고픈 무토] 잡숴봐! - 에스닉 패턴 패브릭 소파
▶ 배고믄 무토에서 음식 완성 100회
■
[벨룸] 오늘 저녁은 제단에서 먹는다 - 벨룸 용암욕조
▶ 카오스 벨룸 100회 처치
■
[불꽃늑대] 녀석은 따뜻한 불꽃이었다 - 앤티크 대리석 벽난로
▶ 익스트릠 불꽃 늑대 마지막 타격 후 보상 수령
■
[블러디퀸] 나는 너의 예전 모습을 알고 있다 - 블러디퀸 화장대
▶ 카오스 블러디퀸 100회 처치
■
[상점] 배부른 상인의 축복을 받았습니다 - 킹사이즈 고급가죽 침대
▶ NPC 상점 누적 구매 100억 메소 돌파
■
[세렌] 대적자! 대적자! 대적자! - 신성검 벽걸이 장식
▶ 하드 세렌 1인 격파
■
[스우] 두 명 같은 한 명이요 - 오르카 토끼인형 쿠션
▶ 익스트림 스우 1인 격파
■
[스타포스] 1조 클럽 가입 - 황금 벽걸이 선반
▶ 스타포스 소모 메소 누적 1조 달성
■
[스타포스] 다들 이정도는 성공해봤잖아요? - 로코코 소가죽 코너소파
▶ 스타포스 성공 1만 회 달성
■
[스타포스] 별이 22개! - 로코코 1인용 소가죽 소파
▶ 스타포스 22성 강화 성공
■
[스타포스] 별이 23개! - 황금 진열장
▶ 스타포스 23성 강화 성공
■
[스피릿 세이비어] 완전구조 퍼펙트 세이비어다! - 포스터 - 아르카나의 정령들
▶ 스피릿 세이비어에서 맹독의 정령에게 피격당하지 않고 한 번에 5마리를 4번 구해 클리어
■
[시그너스] Succeeding you - 앤티크 석고액자 - 시그너스
▶ 노멀 시그너스 1인 격파
■
[시그너스] 타락파워여제 - 시그너스 인형선반
▶ 노멀 시그너스 100회 처치
■
[아카이럼] 엥? 뱀이 본체 아니었냐 - 아카이럼 석상
▶ 노멀 아카이럼 100회 처치
■
[약초채집] 수제 포션 전문 - 마크라메 행잉 플랜츠
▶ 약초채집 물품 제작 1만 회
■
[약초채집] 숙련된 심마니 - 행잉 플랜츠
▶ 약초채집 10레벨 달성
■
[약초채집] 아로마 향기에 흠뻑 취한 하루 - 테이블 가든
▶ 약초 채집 일일 피로도 300 사용
■
[어빌리티] 천 리 길도 한 걸음 부터 - 천연 라탄 체어
▶ 명성치 누적 백만 소모
■
[연금술] 분해의 정석 - 아치형 창문
▶ 아이템 분해 1000회 수행
■
[윌] 큰 거미는 한발로 꾹 밟으면 그만 - 윌의 거미줄 해먹의자
▶ 하드 윌 1인 격파
■
[의지] 의지의 메이플러 - 버섯 플로어 스탠드
▶ 의지 레벨 100 달성
■
[자쿰] 앗살라무 알라이쿰 - 자쿰의 손 테이블
▶ 카오스 자쿰 100회 처치
■
[지역탐험] 버섯의 성 탐험 - 포스터 - 태초의 버섯
▶ 버섯의 성 탐험하기
■
[지역탐험] 아쿠아로드 탐험 - 산호 어항
▶ 아쿠아리움 탐험하기
■
[지역탐험] 페리온 탐험 - 페리온 태양 패브릭 포스터
▶ 페리온 탐험하기
■
[진 힐라] 붉은 마녀 사냥꾼 - 영혼이 타오르는 양초
▶ 하드 진 힐라 1회 처치
■
[차원의 도서관] Episode 1. 하얀 마법사 - 오크나무 3단 책장
▶ 차원의 도서관 에피소드 1 완료
■
[카웅] 집에 카웅 두 마리 들여야겠어요~ - 카웅 청소기
▶ 노멀 카웅 100회 처치
■
[칼로스] 감시자의 대적자 - 칼로스 실링 팬
▶ 노멀 칼로스 1인 격파
■
[토템 슬래쉬] 정든 토템이 무너졌다 - 페리온 토템 장식
▶ 토템 슬래쉬 입장 100회
■
[파풀라투스] 파풀라투스의 시간은 거꾸로 간다 - 파룰라투스 벽시계
▶ 카오스 파풀라투스 100회 처치
■
[피에르] 내 파티는 이제 시작입니다 - 피에르 우산꽂이
▶
카오스 피에르 100회 처치
■
[핑크빈] 부농콩 핑크빈- 핑크빈 소파
▶ 카오스 핑크빈 100회 처치
■
[합성] 프로합성러 - 크리스탈 샹들리에
▶ 아이템 합성 1만 회 수행
■
[합성] 합성의 정석- 마크라메 커튼 창문
▶ 아이템 함성 1천 회 수행
■
[혼테일] 아 옛날이여 - 혼테일 분수
▶ 카오스 혼테일 100회 처치
■
[훈장] 감성 충만 - 로코코 천연 가죽침대
▶ 감성 관련 훈장 모두 획득 - 100레벨 후 3개의 퀘스트 완료
■
[훈장] 나비의 꿈 - 포스터 - 꿈을 조종하는 자
▶ 레헬른 마을에 위치한 무의식의 균열 퀘스트 모두 완료
■
[훈장] 메이플 월드는 넓고 갈 곳은 많다 - 메이플 월드맵
▶ 메이플 월드의 모든 탐험 훈장 + 정상에 서본 자 훈장 획득
■
[훈장] 타락여제 구원자 - 포스터 - 오, 나의 여제님!
▶ 타락여제 구원자 훈장 획득 - 시그너스 20회 퇴치
■
[힐라] 그래서 님 연세가? - 힐라 오벨리스크 스탠드
▶ 하드 힐라 100회 처치
-----------
4추만 보내주시면 감사드리겠습니다"
https://www.inven.co.kr/board/maple/2304/43804,기타,[22주년 테섭]이벤트+보상 조건&바뀌는 것들 요약,,2025-04-11 00:33,65074,32,"[수정/추가 사항]
1. 보충된 본문으로 갱신했습니다
-------------
안녕하세요
이 글은 오늘 테섭 내용의 중요한 부분들을 간략히 보실 수 있게 한 것입니다.
라이브에서 언급된 내용 중 주요 내용과 이미지도 반영하였습니다
잘못 적힌 부분은 말씀해 주시면 감사히 수정합니다
▶ 이번 테스트 서버의 사항들은 정식 서버에 4/17(목) 업데이트 예정이며 적용 시 변동 혹은 변경될 수 있습니다
★오류 보상 2개★
1. 메이플 NOW 사과 보상
2. 더블 업 이벤트 오류 보상
★주요 변경/신규 사항★
1. 전투 경험 개선
https://maplestory.nexon.com/testworld/news/all/94
2. 강렬한 힘의 결정&아즈모스 협곡 메소 리워드 조정 : 빨라진 게임 템포에 맞추어 조정
1) 강렬한 힘의 결정 조정
- 하드 진 힐라 이하는 약 30% 내외 하향
- 노멀 세렌 이상부터는 30%~80% 증가
2) 아즈모스 협곡 난이도 조정
■ 아즈모스 협곡 (하드)에서 협곡의 스산한 기운으로 감소하는 최종 데미지가 90%에서 95%로 증가됩니다.
■ 아즈모스 협곡 (하드)의 정예, 최정예 스테이지의 권장 전투력이 조정됩니다.
3. UI 개선
1) 서버 선택창 해상도 조정 / 간편 접속 캐릭터 추가 기능 도입
2) 전반적인 UI 개편
- ESC 누르면 나오는 통합 메뉴
- 화면 하단에 위치한 퀵 메뉴는 편집할 수 있습니다
- 인벤토리 : 치장탭은 256칸으로 확장
- 강화 UI : 모든 강화 항목 한 UI에 통합
- 차원의 거울 변경
- 빠른 이동 메뉴
- 통합 알림창
- 장비 창
4. 아케인 리버 사운드 풀더빙
5. MVP 시스템 개편
6. 마이홈 추가 : 업적을 시각적으로 볼 수 있는 기능&커뮤니티 기능-현재로서 최대 30명 초대 가능&원카드 미니게임 가구 등
- 일단 이번 업데이트에선 뼈대만 추가되어 이후 많은 기능과 세부 사항 등 추가 예정
7. 황금 망치 삭제 : 기존의 망치 아이템은 주흔으로 교환
8. 메이플 옥션 관련 개선 사항
■ 기본 판매 슬롯이 30개로 변경됩니다.
■ 기본 구매 슬롯이 120개로 변경됩니다.
■ 판매등록시간을 24시간 또는 48시간 중 선택할 수 있도록 변경됩니다.
9. 이름 새기기 변경 사항
■ ‘이름 새기기’ 아이템을 장착하지 않은 아이템에도 사용할 수 있도록 수정됩니다.
10.
■ 보스 체력 게이지 등 일부 게이지 UI의 성능이 개선되어 클라이언트 끊김 현상이 완화됩니다.
★캐시 관련★
1. 부티크 기프트 관련 이미지
2. 스페셜 라벨 관련 이미지
3. 신규 헤어 성형
★후속 PC방 이벤트 : 4/18 0시~5/22★
1. 평일 보상
2. 주말 보상
3. 누적 보상
달콤한 정령 : 자동 펫먹이 기능 추가된 신규 기간제 자석펫
★신규 이벤트 : 22주년 [메이플 대학교] : 4/17~6/18★
1. <기본 강의> : 메인 출석
1. [메이플 ID당] 이하 미션들을 통해 학점을 획득할 수 있습니다
- 기초 수업 : 일간 레범몬 퇴치 미션
- 심화 수업 : 주간 레범몬 퇴치 미션
- 현장 실습 : 주간 보스 퇴치 미션
- 학점 보충 : 메포 구매
2. [메이플 ID당] 1 학점을 획득할 때마다 이하 보상을 획득합니다
- 캠퍼스 포인트 1개(코인샵 코인)
- 무공 포인트 1개(전투력 보약 SP)
- 에피네아 포인트 1개(콘텐츠 보약 SP)
3. [메이플 ID당] 자세한 학점 획득법은 아래와 같습니다
1) 기초 수업 : 일일 레범몬 출석 미션
- 레범몬 1천 마리 퇴치 시 1학점 획득
- 1주에 최대 5회 참여 가능 : 최대 5학점
- 9주 개근 시 총 45학점 획득 가능
2) 심화 수업 : 주간 레범몬 출석 미션
- 레범몬 1만 마리 퇴치 시 1학점 획득
- 1주에 최대 5회 참여 가능 : 최대 5학점
- 9주 개근 시 총 45학점 획득 가능
3) 현장 실습 : 주간 보스 퇴치
- 1인 파티로 퇴치한 주간 보스에 따라 학점 획득 : 연습 모드로도 가능
- 최대 1주 10학점까지 획득 가능
- 보스별 학점
4) 보충 수업 : 메포로 학점 구매
- 다른 미션과 별개로 3000 메이플포인트로 1학점씩 1주에 최대 5학점까지 추가 구매 가능
- 다른 미션들에서 놓친 학점도 동일한 가격으로 구매 가능
▶ 1주에 최대 획득 가능한 학점
▶ 이벤트 기간(9주) 내 최대로 획득 가능한 학점
▶ 100학점(아이템 최종 보상)에 필요한 메할일?
- 일단 100학점은 밑에서 보실 최종 아이템 보상을 받기 위한 수치입니다. 물론 이 이후에도 코인과 보약 SP 누적은 되기 때문에 다다익선입니다
- 다만 이를 기준으로 볼 때 진힐or하듄or카더(총 54점)를 퇴치하실 수 있다면 9주 동안 주보와 일일 개근(총 45점)만 하셔도 기본 1점이 있어 주간 출석과 메포 구매를 안 하셔도 100점 도달이 가능합니다
- 이는 퇴치 가능하신 최종 주간 보스에 따라 달라지므로 그에 따라 유동적으로 봐주시면 되겠습니다
4. [메이플 ID당] 누적된 학점에 따라 아이템 보상을 획득할 수 있습니다.
- 프리미엄 패스 보상은 49,900 메이플 포인트로 패스를 구매한 후 수령할 수 있습니다
- 누적 학점별 보상
2. <캠퍼스 라이프 - 특별 강의> : 이벤트 보약 스킬
1) 학점 획득과 동시에 획득한 SP로 이벤트 보약 스킬을 찍을 수 있습니다
2) 요구 SP
3) 각 레벨별 효과 : 무공(전투력) / 에피네아(콘텐츠)
3. <캠퍼스 포인트 샵> : 코인샵
1) 학점 획득과 동시에 획득한 캠퍼스 포인트로 상점을 이용할 수 있습니다
2) 상점 목록
- 경쿠/버프/사우나 무제한
- VIP 부스터 메이플 ID 내 총 100개
- 큐브 각각 매주 4개씩
5. <메소샵>
1) 메소로 아이템 구매 가능
2) 상점 목록
+ 라이브에서 언급된 오프라인 이벤트
+ 인게임 보상
6. <헤이스트 MAX>: ~5/21
1. 이벤트 기간 내 이하 효과가 적용됩니다
2. [메이플ID당] 이벤트 기간 내 5/10/20만 마리의 레범몬 퇴치 시 보상을 획득합니다
7. <하이퍼 버닝 부스터를 드려요!> : ~6/18
1. [메이플 ID당] 하이퍼 버닝 부스터 1개 수령 가능
2. 이전의 부스터와 동일한 레벨 달성 보상입니다
3. 버닝 효과는 6/19까지 적용
-------------------
4추만 보내주시면 감사드리겠습니다"
https://www.inven.co.kr/board/maple/2304/43800,테섭,스펙 구간별 결정 가격 증감률,,2025-04-10 19:35,39449,16,10만 이상은 임의로 적은거라 차이가 있을 수 있습니다.
https://www.inven.co.kr/board/maple/2304/43799,테섭,250410 결값패치이후 보스돌이별 주간수익변화,,2025-04-10 18:44,40166,12,"※ 단위는 만 메소입니다
※ 노세이칼은 노말세렌, 이지칼로스 솔플기준입니다
※ 하세노칼이카는 하드세렌, 노말칼로스, 이지카링 솔플기준입니다
※ 익스우노림은 하드세렌, 노말칼로스, 이지카링 솔플기준입니다
※ 각종 드랍보상은 포함되어 있지 않습니다
※ 검은마법사는 포함되어 있지 않습니다
하드 검은마법사 143000만 → 100000만
익스트림 검은마법사 610000만
→
920000만"
https://www.inven.co.kr/board/maple/2304/43770,몬스터,익스스우 1페이즈 딜로스를 줄여보자,새틀,2025-04-08 20:49,72925,34,"익스스우 베리어는 40초 주기로 생성되며, 지속되는 동안 10%의 데미지만 들어가며 (더스크 눈 닫고 있을때랑 동일)
총 4조의 데미지를 넣거나(10% 데미지만 들어가는 상태로), 레이저/사슬/찍기 패턴 등을 맞춰야 베리어가 사라집니다
그런데 익스우 1페이즈 체력이 550조 가량인걸 감안하면 베리어에 40조의 딜을 오로지 넣어서 없애기엔 딜로스가 너무 크고,
패턴을 통해서 베리어를 최대한 없애야 딜로스가 줄어듭니디
그걸 위해서 베리어를 까주는 패턴을 잘 유도해야하는데,
교차레이저 - 교차레이저 - 10사슬 - 1찍기 - 2사슬의 패턴이 30초의 주기로 반복됩니다.
30과 40의 최소공배수는 120이기 때문에, 베리어 3번을 주기로 베리어와 해당 패턴들이 반복됩니다
물론 섭렉 때문에 베리어가 조금씩 밀리기 때문에, 약간은 어긋나긴 함
이때 교차레이저 - 교차레이저 사이의 시간 간격이 12초로 제일 길고, 나머지 패턴은 촘촘하게 나오기 때문에
베리어 나온 타이밍과 첫 교차레이저 타이밍이 비슷하면 큰 손해를 보게 되며 그걸 해결하는게 핵심입니다
그걸 해결하기 위해 바인드 이외에 사용할수 있는 수단이 없다 생각하는데,
섬멸을 진입하면 30초 주기의 사이클이 17초가 되면서 베리어 억까 타이밍을 줄일수 있습니다
그리고 이를 통해 직업별 딜사이클에 따라 최적화된 섬멸/바인드 타이밍 조절을 통해 딜 이득을 볼수 있습니다
조금 더 자세한 설명은 영상을 첨부하니 궁금하신 분은 참고하시면 될듯"
https://www.inven.co.kr/board/maple/2304/43694,기타,내가 보려고 만든 챌섭 종료 전까지 일퀘랑 익몬만해서 275 가능?,,2025-04-02 07:35,23888,10,"혹시 궁금한 사람 있을까 해서 남겨 봅니다.
<공통 사항>
- 270레벨 이상 / 아케인 일퀘는 심볼 완료로 안함 / 안녕산 및 앵컴 안함
- 레벨에 따른 경험치를 많이 주는 컨텐츠는 271렙 기준 /
적게 주는 컨텐츠는 274렙 기준
- 컨텐츠 보약 적용하였으며, 추가 구매는 따로 안해서 크게 다르지 않을 것으로 가정
(다를 경우, 아래 적용된 곱셈 수식 변경하시면 됩니다)
2가지로 알아보려고 함
- 일퀘 + 몬파 + 익몬  /
일퀘 + 몬파 + 익몬 + 4만마리 사냥 (사우나 3H + 상급exp 잔여 이벤트 기간 : 2주)
<일퀘 + 몬파 + 익몬>
1. 일퀘 (274렙 기준)
문브+미궁+리멘 0.492 * 1.3(30
%
) = 0.639
%
세르+호텔+오듐 1.049 * 1.4(40
%
) = 1.468
%
몬파  1판           0.276 * 1.5(50
%
) = 0.414
%
---------------------------------일 합산 2.521
%
----
2. 익몬 (274렙 기준)
(50퍼) =15.32%
---------------------------------------주15.32%----
3. 주간 경험치 : 2.521%(일퀘) * 7일 + 15.32%(익몬) = 32.967%
4. 챌섭종료까지 일퀘 + 몬파 + 익몬만으로 획득가능한 총 경험치 = 32.967% * 7주 = 230.76%
5. 이벤트 출석보상 초성비 : 47.573% (274렙 기준)
-> 일퀘 + 몬파 + 익몬 + 초성비 = 278.333%
<4만마리 사냥 추가>
(몹 사냥 경험치는 제외 /
271렙 기준 = 레벨높을수록 경험치 효율 높음)
1. VIP사우나 3시간        = 4.14% * 3H = 12.42%
2. 상급 exp 쿠폰 1000개                    = 10.213%
-----------------------------------------------22.633% X 2주 = 45.266%
<최종>
(일퀘+몬파+익몬) x 7주 = 230.76%
초성비                        =   47.57%
-------------------------------278.33%
4만마리사냥       x 2주  =   45.26%(사냥경험치 제외)
-------------------------------
323.59%
<3줄 요약>
4/2(수) 기준 272렙 21%이상이면 매일 일퀘(문브 위)+몬파, 익몬만으로 275렙 가능
4/2(수) 기준 271렙 77%이상이면 매일 일퀘(문브 위)+몬파, 익몬+2주간 주4만마리 사냥으로 275렙 가능
사냥 경험치는 고려하지 않았으며, 주년 이벤트가 또 4월 중순부터 시작하니
이것보다 빨라질수 있습니다."
https://www.inven.co.kr/board/maple/2304/43681,퀘스트,만우절 퀘스트 / 히든 퀘스트 정답,,2025-04-01 10:06,50637,11,"무너에 무저지는 저주
에토,캘리코,카이린과 대화하기 (문어 변신 풀어도 됨)
히든 퀘스트
추락주의에 있는 ???와 대화하기
보상
1.00
​
​"
https://www.inven.co.kr/board/maple/2304/43569,기타,"노말 듄켈+더스크돌이 후기, 팁 + 하스데돌이, 검밑솔 가능스펙",,2025-03-25 16:35,57575,19,"노말더스크&이지윌, 이지루시드&가엔슬, 스우&데미안
돌이는 밑 게시글 참고해주시면 감사합니다.
1탄 : https://www.inven.co.kr/board/maple/2304/35415
2탄 : https://www.inven.co.kr/board/maple/2304/36212
3탄 : https://www.inven.co.kr/board/maple/2304/37886
4탄 : https://www.inven.co.kr/board/maple/2304/40187
5탄 : https://www.inven.co.kr/board/maple/2304/42015 --
인증글 및 넥슨 팁 선정
감사합니다 !
==========================================================================
<공통>
*
유니온 9446
- 기본셋팅 =
보공, 방무, 크뎀, 주스텟, 공격력, 벞지순
으로 점령
궁수직업군 =
보공, 방무, 크뎀, 크확, 주스텟순
으로 점령
*
아티팩트
- Lv 10 (
공마+30, 데미지 15%, 보공 15%, 방무 20%, 재사용 7.5%, 크뎀 4%
)
(
벞지 20%, 크확 20%, 드랍12%
)
Lv 9  (
올스탯 +135, 공격 타겟수 +1
)
*
길드스킬
-
45P
*
도핑
-
길축, 몬스터파크 물약, 반빨별 or 반파별, 275 만렙의자, 유니온의 힘, 영웅의 메아리
- 세이람의영약 ( 각 보스돌이별 최상위만 사용 )
==========================================================================
☆  듄켈 패턴
및
팁
팁. 1) 듄켈의 본체 패턴은 빠른공격이 없으므로
시선을 듄켈보다 엘리트보스 패턴에 집중
할 것
2) 즉사기를 제외한 패턴이 겹칠 경우
다 피한다는 마인드보다 맞아도 되는 패턴을 미리 지우는 것
도 좋음
3)
엘리트보스 (궁수,법사 제외)의 패턴은 듄켈 패턴 시전 시 캐릭터의 위치에 나오기 때문
에 말뚝딜 보단
예측하여 위치를 바꾸는게 중요!
1. 듄켈의 본체 패턴
1) 밀격
: 듄켈이 가장 많이 사용하는 일명 '밀격' 입니다.
전· 후방 범위가 꽤나 넓으니 듄켈의 뒤를 잡고 검끝에서 회피
하는걸 추천드립니다.
2) 절단 (돌진)
: 듄켈이 검을 눕혀 잠시 뒤 앞으로 돌진합니다.
맞을 시 피해량이 높으며 , 후방에도 피격판정이 꽤 있으니 멀리 달아나거나 엘리트 보스를 피하여 엎드리면 파훼됩니다.
3) 검기 - 즉사
: 캐릭터와 멀리 떨어졌을 경우 주로 사용하며, 잠시 뒤 검기를 날려 즉사시킵니다.
예고문구 이후 시간이 꽤 있으니 듄켈의 뒤나 듄켈과 겹쳐있으면 파훼
됩니다.
3) 찍기
: 듄켈이
잠시 높게 도약 후 캐릭터 위치로 떨어지며 스턴을 동반
합니다.
캐슈 등
높은 윗점이나 자리에서 벗어나면 파훼
됩니다.
2. 위협적인 엘리트 보스 패턴
:
모든 엘리트 보스패턴은 듄켈 자체 패턴 시전시 같이 발동
되며
듄켈체력 66%이전까지 1마리, 33%이전까지 2마리, 33%이후 3마리가 등장합니다.
1) 스나이핑 ( 궁수 )
:
화면 끝에서 등장하여 끝까지 날아가며 , 피격 시 허약 (점프봉인)
에 걸립니다.
피해량도 꽤나 높으며 기동성을 잠궈버리기 때문에 꼭 피해야 하는 패턴입니다.
타이밍 맞춰 점프로 피할수있으며
양쪽 끝에 위치하여 엘리트 궁수와 겹친 경우 피격되지않습니다.
2) 오브 ( 법사 )
: 화면 끝에서 등장하여 반대편 95% 쯤 까지 천천히 이동합니다.
피격 시 슬로우에 걸리며 틱뎀
이 들어오기 때문에 다른 패턴과 겹치면 위험한 패턴입니다.
엎드리면 피격이 되지않으며 반대편으로 빠르게 넘어가는걸 추천
드립니다.
3) 레이징블로우 ( 전사 )
: 듄켈 패턴시 캐릭터 위치에 등장하며 , 패턴 자체 피격데미지는 위협적이지 않지만
스턴을 동반
합니다.
스턴 시간동안 다른 패턴과 겹치면 위험
하기 때문에 꼭 피해줘야하는 패턴입니다.
4) 팬텀블로우 + 피스트 인레이지 ( 도적+해적 )
:
엘리트 보스가 2마리 이상 등장 시 , 최대 체력 50%가 넘는 데미지를 동시에
받을 수 있는 패턴이므로
보이는 즉시 빠르게 자리를 피해줘야 하는 패턴입니다.
5) 헤드샷 ( 해적 )
:
피격시 혼란
에 걸리게 되고 특히
듄켈의 절단 패턴과 겹친 상태에서 피격 시 위험
하므로 의지 등으로 풀어주셔야    안전합니다.
6) 사슬 ( 궁수, 전사 )
: 피격 시 50%에 가까운 피해량을 입히기 때문에 본인의 체력이 낮을경우 사슬 주변에서 빠르게 피해줘야합니다.
==========================================================================
노말 듄켈+더스크 돌이 (
노말
<듄켈, 더스크, 가엔슬, 스우, 데미안>
이지
<윌, 루시드>)
- 결정 수익 : 3.6억메소
1. 카인
<클리어 타임>
듄켈 : 12분
더스크 : 11분
윌 : 8분
루시드 : 4분
가엔슬 : 1그로기
수로점수
: 1761점
노말듄켈 상성 : 쉐도우 스탭의 기동성으로 듄켈의 뒤 잡기와 운석 제거 편리, 다만 준극딜시 설치기+키다운으로 위험한 경우 종종 있음
2. 메르세데스
<클리어 타임>
듄켈 : 13분
더스크 : 10분
윌 : 8분
루시드 : 4분
가엔슬 : 1그로기
수로점수
: 1609점
노말듄켈 상성 : 엘리멘탈 고스트 시간을 끝까지 활용 할 수 있는 보스, 다만 연계 시 보스와 눈치 싸움 필요
3. 캡틴
<클리어 타임>
듄켈 : 13분
더스크 : 10분
윌 : 8분
루시드 : 3분
가엔슬 : 1그로기
수로점수
: 1473점
노말듄켈 상성 : 캡틴의 윙즈 활용도가 좋은 보스 , 무난무난한 보스
4. 캐논슈터
<클리어 타임>
듄켈:15분
더스크:12분
윌:9분
루시드:5분
가엔슬:1그로기
수로점수
: 1400점
노말듄켈 상성 : 특유의 후딜로 인해서 점프샷 필요 , 몸집이 크고 텔포사용이 적어 설치기 등 풀히트 용이
========================================================================
하드
(스우, 데미안) ,
노말
(듄켈, 더스크, 가엔슬) ,
이지
(윌, 루시드)
- 결정 수익 : 5.3억 메소
1. 히어로
<클리어 타임>
스우 : 16분
데미안 : 19분
듄켈 : 10분
더스크 : 9분
윌 : 7분
루시드 : 3분
가엔슬 : 0그로기 0오리진
수로 점수
: 1593점
보스 상성
: 하드스우 - 특유의 후딜이 약간 불편, 돌진기 2개 자체는 꽤나 좋음
하드 데미안 - 패치 이후 무난한 보스가 된듯...
듄켈 - 돌진기 2개로 듄켈 뒤 잡기 편리하며, 윗점이 후딜이 심하기 때문에 엘리트보스패턴 시 돌진사용을 권장
========================================================================
하드
(스우, 데미안) ,
노말
(진힐라, 듄켈, 더스크, 가엔슬) ,
이지
(윌, 루시드)
- 결정 수익 : 7억 메소
1. 윈드브레이커
<클리어 타임>
스우 : 12분
데미안 : 15분
진힐라 : 24분
듄켈 : 10분
더스크 : 7분
윌 : 6분
루시드 : 3분
가엔슬 : 1그로기
수로 점수
: 2237점
보스 상성
: 하드 스우 - 윈드월의 생존력이 체감됨, 다만 텔포를 많이 사용하여 게일, 볼텍스 딜로스 심함
하드 데미안 - 패치 전에도 좋았던 플라워의 슬로우, 다만 패치이후 공중에 있는 시간이 적어져 게일, 볼텍스 풀히트 어려워짐
진힐라 - 윈드월로 생존능력 극대화 , 다만 사출기가 잡몹에 새는 경우로 딜로스 유발 , 플라워는 오히려 헷갈릴수있어서 사용하지않았음
듄켈 - 중앙에 플라워 설치 시 듄켈이 바보가 됨, 다만 사출기게 잡몹에 새는 경우로 딜로스 유발
========================================================================
검밑솔 _
하드
( 진힐라, 듄켈, 더스크, 가엔슬, 윌, 루시드, 데미안, 스우) =>
검밑솔 돌이 아닙니다 !!
-
결정 수익 : 12.2억 메소
1. 카이저
<클리어 타임>
진힐라 : 24분
듄켈 : 16분
더스크 : 18분
데미안 : 6분
스우 : 5분
윌 : 14분
루시드 : 13분 (3페 10초 여유)
카엔슬 : 25분
수로 점수
: 4513점
보스 상성
: 진힐라 - 카이저의 90초 쿨 의지, 무적기 사용 중 제단풀기, 변신 시 기동성으로 상성이 좋은 보스 , 다만 변신 시 히트박스는 그대로이지만 비 숙련자는 헷갈릴 경우 있음
듄켈 - 패턴속도가 느린 보스이며 카이저의 긴 극딜을 풀히트 하기 용이하기 때문에 상성이 좋은보스
더스크 - 의지 초기화로 상태이상에서 벗어나긴 좋으나 압축되지않은 약한 극딜이 클리어타임이 늘어나는 보스
가디언 엔젤 슬라임 - 이하 동문 더스크와 똑같음
윌 - 변신 시 텔레포트로 윌 본체 공격 모두 회피 가능, 2분 딜러로 페이즈 나눠진 윌에서도 괜찮은 상성
루시드 - 2페에서 추격하며 딜 하기는 좋지만, 움직이는 보스이기 때문에 윌오소스가 빗나갈 확률 높음, 3페이즈 한정 다른 직업보다 스펙 높아야 함
데미안 - 윌오소스가 빗나갈 확률 높음, 무적기 사용도중 제단풀기 가능
스우 - 변신 시 탁월한 기동성으로 스우 패턴 피하기 용이
========================================================================
★
캐릭터 하나하나 늘려 갈 때 마다 방학 코인샵, 하이퍼버닝을 적극 이용 했습니다.
평상시보다 많은 메소를 아끼면서 캐릭터를 키워갈 수 있기 때문에 이벤트를 활용하는 걸 추천 드립니다.
★
주보돌이용 캐릭에 대해서 완벽한 지식을 가지고 있지 않습니다. 저의 게시글은 순수하게 저의 주관적으로 제가느낀 주보캐릭 특성을 이야기 한 것입니다. 그로 인해 수로점수나 캐릭터 특징에 대해 이견이 있을 수 있습니다.
★ 추가로 더 궁금하신 사항 있으시면 댓글로 남겨주세요.
다른 주간보스 게시글에 대해서 궁금하신 사항
도 이 글에 댓글로 남겨주시면
시간 될때
답글 달아드리겠습니다.
★
<이 글은 제가 경험한 주간보스까지의 스펙,특징을
공유
하기위함입니다.>
========================================================================
★
재밌게 봐주셨다면
1추
부탁 드리겠습니다 !!!!
★"
https://www.inven.co.kr/board/maple/2304/43522,기타,[스타포스] 신 강화 목표별 파괴확률 정리,,2025-03-21 21:40,85259,14,"2025.3.23. 00:02 수정)
스타캐치 성공 시 파괴확률이
성공*0.05*[파괴/(파괴+유지)]%p만큼 줄어드는 부분 반영했습니다.
<조건>
1. 스타캐치 전 구간 적용
2. 이벤트 = 파괴 확률 30% 감소
** 파없성
(
파
괴
없
이
성
공할 확률)
파없성
개념이 중요합니다. (위 표의 파없성은 모두 스타캐치 O 기준임에 유의)
하락이 사라지면서 목표까지의 파괴확률 계산이 훨씬 쉬워졌습니다.
주요구간의
파없성
을 알아두시면 강화 시도시 느낌적으로 파악하기에 좋습니다.
요즘 우스갯소리로 22 → 23이 되냐 안되냐 반반이니 50%라고들 많이 하시던데
진짜입니다.
<썬데이 X, 파방 X>
<썬데이 O, 파방 X>
<썬데이 X, 파방 O>
<썬데이 O, 파방 O>"
https://www.inven.co.kr/board/maple/2304/43502,기타,3/20 패치 신규사항들 요약 : 8천일미션 / 만우절 등,,2025-03-20 16:04,49183,27,"[수정/추가 사항]
1. 보충하여 본문으로 갱신했습니다
----------
안녕하세요
이 글은 오늘 업데이트로 신규 추가 혹은 변경된 사항을 모은 것입니다
빠뜨리거나 잘못 적힌 부분은 말씀 부탁 드립니다. 오늘은 바로바로 수정이 어렵더라도 최대한 하겠습니다
★캐시 업데이트 관련 사항★
1. <캐시 이동> : 금요일 10시~금요일 10시
2. [~4/9] : <로얄 스타일> 업데이트 :
https://maplestory.nexon.com/News/CashShop/Sale/533
1) 신규 스라벨
2) 신규 코디템
3) 로얄 목록 :
https://www.inven.co.kr/board/maple/5974/4794170
3. <위습의 원더베리> 업데이트
:
https://maplestory.nexon.com/News/CashShop/Sale/53
4
1) 원더풀 위크 진행
2) 신규 자석펫
4. [~4/17 점검 전] : <프리미엄 헤어&성형 쿠폰> 목록 교체 :
https://maplestory.nexon.com/News/CashShop/Sale/5
32
5. [~5/21] : <뷰티 어워즈 흑발 헤어&백안 성형 쿠폰 :
https://maplestory.nexon.com/News/CashShop/Sale/535
★주요 신규&변경 사항★
1. [~3/26] : <8000일의 기록을 찾아서> : 신규 이벤트
1) 이벤트 알림이를 통해 이벤트 수락 후 이하 순서대로 이동하여 NPC와 대화합니다
- 엘리니아 도서관(하인즈)
-> 헬리오스 탑 도서관(사서) -> 차원의 도서관(새) -> 마을의 카산드라
2) 보상은 월드당 획득 가능합니다
3) 공지사항에 표기 안 된 마지막
보상 - 카산드라와 대화 후 헤네시스 제이와 대화
+ 이전 글에서 8000일이 3/28이라고 잘못 적어두었던 것을 3/24로 정정합니다
2. [4/1 10시~4/2 23:59] : 만우절 이벤트
1) 데이터에서 진행 일자가 확인되었습니다
2) 관련 이미지
3. 상위 보스 신규 리워드 <생명의 반지 상자> 확률
드롭 :  감시자 칼로스 (카오스, 익스트림) /
카링 (하드, 익스트림) /
림보 (노멀, 하드) /
발드릭스 (노멀, 하드)
★ 4주 간 잊지 말 것 : <챔피언 챌린지> 코인샵의 일반 탭 큐브 매주 구매하기
▶ 3/20 업데이트 전체 미리보기 최신판 : 메할일&신규 이벤트&변경 사항&다음 테섭 일정 등 :
https://www.inven.co.kr/board/maple/2304/43466
----------
4추만 보내주시면 감사드리겠습니다"
https://www.inven.co.kr/board/maple/2304/43466,기타,썬데이 / 패치후 메할일&변경사항요약+@ : NEXT 마지막 업데이트,,2025-03-18 19:32,54298,52,"[수정/추가 사항]
1. 수정 : 발드릭스 격파 이벤트 보상 수령 목요일 2시까지입니다
2. 목요일 점검 전 주보 주의 사항 등 일부 내용 보충
3. 3/20 업데이트 신규 사항 모음 :
https://www.inven.co.kr/board/maple/2304/43502
- 8000일 이벤트와 만우절 이벤트 등은 이 글 참고 부탁 드립니다
4. 3/23 <썬데이 메이플>
--------------------------
안녕하세요
이 글은 3/20(목) 진행되는 마지막 [NEXT] 타이틀을 단 업데이트의 중요한 내용들을 각 테마별로 빠르게 확인하실 수 있도록 한 글입니다
글 순서는 이렇습니다
[목차]
1. 수요일 종료되는 사항들 : 기간 지나 삭제
2. 패치 후 메할일 체크 ◀ 바쁘실 때 우선 순위
3. 목요일 점검 전 보스 주의 사항
4. 캐시 업데이트 관련 사항
5. 메인 이벤트 중간 체크
6. 신규 이벤트 핵심 사항
◀ 바쁘실 때 우선 순위
7. 주요 신규&변경&개선 사항들
◀ 바쁘실 때 우선 순위
8. 다음 달 정식 서버 업데이트 일정
이번 글의 경우 제가 여력이 없어서 좀 급하게 작성한 감이 있으니 잘못 적힌 부분 보시면 꼭 말씀 부탁 드립니다. 감사히 수정하겠습니다
★ 이 글의 내용은 테스트 서버 기준으로 정식 서버 업데이트 시 변동 혹은 변경될 수 있습니다
★ 3/20(목) 점검 예정 시간은 03~10시 입니다
★수요일 23:59 종료되는 사항들★
1. <하이퍼 버닝 MAX> : 버닝 효과 적용 / 레벨별 보상 수령
2. <황금 문어 키우기> : 문어 키우기 / 보상 수령
3. <격돌! 사도의 전장> : 참여 / 보상 수령(단, 이 이벤트의 보상 수령은 목요일 2시까지 가능함)
4. <NPC 어워즈> 2차 판매
▶ 좀 더 자세히 보러 가기 :
https://www.inven.co.kr/board/maple/5974/4790656
★패치 후 메할일 체크★
1. 기존과 동일한 메할일들
1) <챌린저스 월드> 육성 : 출석 / 미션 참여 등
2) <카르시온 옥토 페스타> 참여 : 출석 등
3) <챔피언 더블 업> 참여 : 출석 등
2. 신규 메할일들
1) <챔피언 챌린지> 참여 : 1인 보스 격파 미션 이벤트
- 매주 해금되는 보스 격파 미션을 완료하고 코인 얻기 : 한 미션에 최대 3캐릭까지
- 연모로도 미션 참여 가능
- 코인샵은 기존의 보스 코인샵과 비슷한 구성(매주 큐브 구매 등)
- 미션 목록 :
https://upload3.inven.co.kr/upload/2025/03/14/bbs/i1623800541.jpg?MW=800
2) <도전! 대왕 황금 문어> 참여 : 문어 후속 이벤트
- 참여 방식 동일
- 문어 최대 레벨이 6레벨로 줄어들며 확률도 같이 조정됨
- 문어가 5/6레벨 도달 시 도전 점수를 획득하고 누적 점수에 따른 보상이 있으나, 운에 의존되는 보상이기 때문에 크게 스트레스 안 받으시는 걸 권장
★목요일 점검 전(3시) 보스 주의 사항★
▶ 이번 업데이트는 보스 관련 이벤트와 변경 사항들이 같이 들어오기 때문에 매달 찾아보시는 ""점검 전에 보스 돌아도 돼요?"" 의 경우 각 상황에 맞게 고려하셔야 할 부분이 있습니다. 하나씩 보시면서 본인께 해당되는 내용이 있는지 확인해 주세요
1.
보스 패턴 개선 관련
1) 패치 이후 스우/데미안/윌/칼로스/카링/발드릭스 등의 보스 패턴들이 대다수 개선되어 조금 더 편하게 잡으실 분들은 업데이트 후에 잡으시는 게 좋겠습니다
2.
보스 드롭 아이템 변경 관련
1) 다음 보스 몬스터에서 더 이상 생명의 연마석을 획득할 수 없습니다.
- 감시자 칼로스 (이지) /
카링 (이지)
2) 다음 보스 몬스터에서 백옥의 보스 반지 상자 대신 신규 아이템인 생명의 보스 반지 상자가 드롭됩니다
- 감시자 칼로스 (카오스, 익스트림) /
카링 (하드, 익스트림) /
림보 (노멀, 하드) /
발드릭스 (노멀, 하드)
3)
다음 보스 몬스터에서 신규 아이템인 신념의 연마석(특수 스킬 반지 5->6레벨 강화 시 필요)이 드롭됩니다
-
림보 (노멀, 하드) /
발드릭스 (노멀, 하드)
3. <챔피언 챌린지> 관련
1) 우선 연모로도 미션 수행이 가능한 이벤트라서 어떻게 되든 참여를 못 하게 되시는 경우는 없습니다
2) 1주차에 열리는 노멀 챌린지(스우) 와 스페셜 챌린지(하드 진 힐라)는 점검 전에 격파하셔도 점검 이후 미션을 완료하실 수 있습니다
3) 다만 퍼펙트 챌린지의 경우 이는 점검 후 보스 입장 UI에서 퍼펙트 모드를 선택하고 격파해야 완료 처리가 되기 때문에 점검 전에 퇴치하여 완료하실 수 없습니다
그래서 만약 점검 전 스우나 진 힐라를 퇴치하셨다면 그 주에는 실전 모드로 재도전이 불가능하기 때문에 이 경우에는 연습 모드로 하시거나 실전에서 하고 싶으시면 다음 주에 하셔야 하는 것만 고려해 주시면 될 것 같습니다
*
4. 데스티니 무기 해방 미션 재료 관련
1) 릴리즈에 따로 소급 적용 언급이 없어서 퀘스트 수락 이후부터 그란디스 보스들에게 대적자의 결의를 획득할 수 있는 것으로 보여 해당 되시는 분들은 고려해 주셔야 할 것 같습니다
★캐시 업데이트 관련 사항★
1. <캐시 이동> : 금요일 10시~금요일 10시
2. <신규 로얄 스타일>
3. <신규 자석펫> : 쁘띠 스노우 세트
​
​
4. 프리미엄 헤쿠/성쿠 목록 변경 - 사진은 신규 품목
5. <뷰티 어워즈> 백안/흑발 쿠폰 판매
★메인 이벤트 중간 체크 : 3/20(목) 0시 기준★
1)
<챌린저스 월드> : ~5/21 : 총 22주 중 9주 남음
- 남은 사냥 미션 개근 포인트 : 총 4500 포인트
- 남은 사냥 미션 개근 코인 개수 : 총 13500개
* <챌린저스 월드> 계산기 :
https://meaegi.com/calc/challengers-world-mission
2) <아이템 버닝> : ~6/18
3) <챔피언 더블 업> : ~4/16
4) <카르시온 옥토 페스타> : ~4/16
- 남은 출석 보상
​
★신규 이벤트 핵심 사항★
[신규 이벤트 공식 이름과 함께 한 줄로 보기]
1. 이벤트 맵 추가 사항
2. 3/20~4/16 : <챔피언 챌린지> : 1인 보스 격파 미션 이벤트
3.
3/20~4/16 : <도전! 대왕 황금 문어> : 황금 문어 후속 이벤트
4. ?~?
: 정식 서버 업데이트 시 추가될 이벤트
------------------------------------
1. 이벤트 맵 추가 사항
1) <노을빛 문어 해변>에서 상호작용이 가능한 요소에 가까이 다가가면 안내 표시가 노출되며, 파란색 표시가 노출될 때 앉기 키를 입력하여 상호작용을 할 수 있습니다.
​
​
2. 3/20~4/16 : <챔피언 챌린지> : 1인 보스 격파 미션 이벤트
1. [메이플 ID당] 이벤트에 참여할 월드를 선택합니다
* <챌린저스 월드> 에서 참여 후 리프 시 도착한 월드의 이벤트 알림이를 통해 도전 월드를 최대 1회 변경 가능합니다. 변경 시 보유한 코인과 미션 진행 상황이 이동됩니다
2. 챌린지 미션은 모두 ""보스 1인 격파"" 미션이며 공통 사항은 이렇습니다
- 연습 모드로도 인정
- <챔피언 버닝> 지정 캐릭터와 전혀 상관 없음
- 각 주차의 챌린지 보스별로 최대 3개의 캐릭터까지 참여 가능 : 동일한 주차에는 중복 참여 불가
- 미션은 주마다 순차적으로 오픈되며 열린 이후에는 이벤트 끝나기 전까지 참여 가능
3. 챌린지는 3개의 종류로 나뉩니다
1) 노멀 챌린지 : 클리어 시 ""챌린지 코인"" 획득
- 지정된 보스를 이지/노멀 이상 난이도로 클리어 시 인정됩니다
- UI에서 보스를 퇴치한 캐릭터로 도전하기 버튼을 누르면 완료됩니다
- 다만 참고 사항으로 볼 때 미션이 해금된 이후에는 퇴치 후 도전하기 버튼을 눌러도 완료 가능합니다
2) 퍼펙트 챌린지 : 클리어 시 ""퍼펙트 챌린지 코인"" 획득
- 하드/카오스 난이도의 보스를 아래 패널티를 달고 격파해야 인정됩니다
- 보스 입장 시 퍼펙트 챌린지를 선택해야 합니다
- 퍼펙트 탭으로 보스 입장 후 퇴치 완료 시 노멀, 스페셜 챌린지도 완료 처리됩니다
- 노멀 챌린지를 완료한 캐릭터로도 도전할 수 있습니다
3) 스페셜 챌린지 : 캐릭터 3개로 하드 진 힐라 전부 클리어 시 훈장or칭호와 심환불 50개 획득
- 위 두 미션과 다르게 3개의 캐릭터가 모두 미션을 완료해야 보상을 수령할 수 있습니다
- 코인은 지급되지 않습니다
4. 각 미션의 해금 일자와 보상, 조건은 이렇습니다
5. 미션 클리어를 통해 획득한 코인으로 코인샵을 이용할 수 있습니다
- 선택한 월드에서만 이용 가능하고
메이플 ID당 공유입니다
- 구매한 물품들은 일괄 4/17 2시까지 사용 가능합니다
- 4주 진행됨에 따라 일반 탭의 큐브는 매주 전부 구매 시 각각 총 32개씩 구매 가능합니다
▶ 블큐 매주 코인 240개 필요 + 화에큐 매주 코인 320개 필요 = 매주 560 챌린지 코인
3. 2/20~4/16 : <도전! 대왕 황금 문어> : 황금 문어 후속 이벤트
1. [메이플 ID당] 기존과 동일하게 1주마다 3개의 문어 알을 수령할 수 있습니다
2. 이하의 내용은 현재 진행 중인 문어 이벤트와 동일합니다
- 최초 강화에는 레범몬 1000마리 퇴치 필요
- 이후 강화에는 강화 1회에 300마리 퇴치 필요
- 성공 시 레벨 상승 / 아주 낮은 확률로 대성공 시 2레벨 상승
- 실패 시 레벨 하락(문어가 2레벨일 때는 제외)
- 도망 시 보상 획득할 수 없음
- 한 문어당 최대 100회까지만 강화 가능
3. 문어의 최대 레벨이 6레벨로 변경됨에 따라 레벨별 강화 확률과 최종 레벨에 따른 보상이 변경되었습니다
4. 이에 더하여 추가적인 보상으로 도전 점수 보상이 추가되었습니다
- 도전 점수 : 5레벨 도달 시 1점 획득 /
6레벨 도달 시 4점 획득
- 단, 도전 점수는
한 문어당 1번씩만 획득 가능하기 때문에 한 문어로 최대 5점까지만 획득 가능합니다
- 누적 도전 점수에 따라 보상을 획득할 수 있습니다
- 이벤트가 4주 진행되어 총 12마리의 문어를 키울 수 있으므로 15점 최종 보상들은 최종 문어 레벨인 6레벨(기존 9레벨 보상)에 한 번은 도달해야 획득하실 수 있습니다. 이는 물론이고 큐브 또한 쉬운 난이도는 아닌 것으로 보입니다. 전적으로 운에 달린 만큼 도전은 하시되 너무 스트레스 받지 않으시는 게 좋을 것 같습니다
4. ?~? : 정식 서버 업데이트 후 추가될 이벤트들
1) <Maple NOW> 에서 언급된 이벤트들로써 추후 정식 서버 업데이트 시 공개된다고 언급되었습니다. 유력한 관련 이벤트 테마는 이렇습니다
- 3/24 : 메이플스토리 8000일
- 4/1 : 만우절
▶ 8000일 이벤트와 만우절 이벤트 등은 이 글 참고 부탁 드립니다
https://www.inven.co.kr/board/maple/2304/43502
[주요 신규&변경&개선 사항들]
1. 스타포스 개편 : 하락 삭제&138레벨 이상 장비 아이템의 스타포스 최대 강화 단계 30성으로 변경
1) Maple NOW에서의 디렉터 설명
- 하락 삭제를 통해 부정적인 강화 경험 개선
- 22성 이하의 강화는 강화 경험 개선이 주 목적이며 기댓값과 비용의 큰 변화는 의도하지 않음
- 23성 이상 강화는 큰 폭으로 변경되며 기존에 비효율적인 강화에 도전해야 했던 유저들에게 메리트 제공
- 장기적으로 볼 때 메소 소비 수단으로써의 유의미한 역할을 어느 정도 할 수 있지 않을까 기대
2) 주요 변경 사항
- 하락 삭제에 따른 강화 비용과 파괴 방지 비용 조정
- 스타포스 강화 관련 썬데이 메이플 효과 추가 : 21성 이하에서 강화 시 파괴 확률 30% 감소
▶ 개편 전/후 강화 확률
▶ 스타포스 개편 후 시뮬레이터 :
https://meaegi.com/simulator/starforce
2. 데스티니 무기 초월 퀘스트 추가 : 도원경 진입 이후 수락 가능
1) 제네시스 무기를 데스티니 무기로 업그레이드할 수 있는 <데스티니 무기 초월 퀘스트> 추가
- 전용 UI를 통해 진행 상황 확인 가능
2) 퀘스트 수락 후, 그란디스 보스 몬스터 퇴치를 통해 대적자의 결의를 모아 보스 격파 퀘스트 수행 가능
▶ 보스 퇴치 시 획득하는 결의 : 파티 시 인원 수만큼 n빵
▶ 결의를 모은 후의 1인 격파 퀘스트 :
하드 세렌/카오스 칼로스/하드 카링
3) 미션 모두 완료 시 상향 전승된 데스티니 무기 지급
* 데스티니 무기 착샷 모음 :
https://www.inven.co.kr/board/maple/5974/4774171
3. 보스 패턴 다수 개선
1) 스우
- 2/3페이즈 패턴들 대다수 너프 : 재사용 대기시간 증가 / 생성 간격 증가 / 딜레이 증가 등
- 2/3페이즈 자기장 피격 시 자동 점프되는 패턴 삭제
- 3페이즈 함포 포탑 패턴 제거 : 스우 머리 위의 구체가 빛나면서 발동되는 패턴
- 릴리즈 전문 보기 :
https://upload3.inven.co.kr/upload/2025/03/18/bbs/i1637943309.jpg?MW=800
2) 데미안
- 운석 낙하 재사용 대기시간 증가 / 지속 시간 감소
- 초월석 최대 2개까지만 생성 / 2단계까지만 크기 증가 / 이동 속도 감소
- 데미안이 바인드 상태에 걸려 있을 때에는 초월석이 삭제되도록 개선
​
​
​
3) 가엔슬 : 레이저 공격 범위 감소
4) 윌
- 1페이즈 텔포 재사용 대기시간 증가
- 1페이즈 달빛 보호막 생성 후 일정 시간 동안 그 안에 머물면 즉시 공간 붕괴 발동으로 변경
- 2페이즈 다리 피하기or맞기 패턴 발동 횟수 5회에서 3회로 감소
5) 진 힐라 : 뼈 파동 패턴 공격 판정 지속 시간 감소
6) 검은 마법사 :
3페이즈 창조의 권능과 흡수 패턴이 중복되지 않도록 개선
5) 세렌/칼로스/카링/발드릭스 개선 사항 : 길어서 릴리즈 원문 캡처로 대체
▶
https://upload3.inven.co.kr/upload/2025/03/18/bbs/i1102171335.jpg?MW=800
+ 발드릭스에 챔피온 휘장과 가호 적용되도록 변경
3. <HEXA 스탯> 3 추가
1) 레벨 270 이상 + 스탯 코어 II 레벨이 20 이상일 때 활성화 가능
2) 활성화 시 솔 에르다 15개와 솔 에르다 조각 350개 필요
3) 강화에 드는 재화는 테섭 기준 I, II와 동일합니다
4) 초기화 시 3500만 메소 필요
- 전용 UI를 통해 진행 상황 확인 가능
4. 특수 스킬 반지(시드링)과 연마석 관련 사항
1) 다음 보스 몬스터에서 더 이상 생명의 연마석을 획득할 수 없습니다.
- 감시자 칼로스 (이지) /
카링 (이지)
2) 다음 보스 몬스터에서 백옥의 보스 반지 상자 대신 신규 아이템인 생명의 보스 반지 상자가 드롭됩니다
- 감시자 칼로스 (카오스, 익스트림) /
카링 (하드, 익스트림) /
림보 (노멀, 하드) /
발드릭스 (노멀, 하드)
3)
다음 보스 몬스터에서 신규 아이템인 신념의 연마석(특수 스킬 반지 5->6레벨 강화 시 필요)이 드롭됩니다
-
림보 (노멀, 하드) /
발드릭스 (노멀, 하드)
▶ 신념의 연마석 강화 표 :
https://upload3.inven.co.kr/upload/2025/03/13/bbs/i1478198910.jpg?MW=800
▶ 6레벨 스킬 반지 효과 표 :
https://upload3.inven.co.kr/upload/2025/03/13/bbs/i1894631902.jpg?MW=800
5. 편의성 개선 사항 등 묶음
1) 그란디스 월드맵 개편&각 마을 간 이동 수단 추가
2) 최대 메소 소지량 증가 :
499,999,999,999 메소 -> 1,999,999,999,999 메소
3) 월드 통합 보스 콘텐츠 변경 사항
- 하이퍼 스탯 초기화 / 프리셋 변경 / 노블 스킬 재사용 사용 가능하도록 변경
- 캐릭터 변경 기능 이용 가능하도록 변경
- <차원의 전장> 맵에서 모든 스킬 사용 가능
- 보스 보상 슬롯이 50칸 미만일 때 맵 입장 제한
4) 탈라하트 지역 서브 퀘스트 추가
5)
리스트레인트 링의 영역에서 벗어나도 영역이 사라지지 않게 개선됩니다. 단, 공격력/마력 증가 효과는 영역 안에서만 유지됩니다
★이후 정식 서버 업데이트 일정★
[다음 정식 서버 업데이트 : 4/17(목) 예정]
▶ 테스트 서버 유력 오픈 일자 : 4/10(목)
1. 메이플스토리 22주년 테마 이벤트
----------------------------
4추만 보내주시면 감사드리겠습니다"
https://www.inven.co.kr/board/maple/2304/43440,테섭,[1.2.185] 스타포스 전 구간 모든조건 총 비교,,2025-03-16 18:15,60920,10,"출처: 메수라이브 스타포스 시뮬레이터 (
https://www.mesu.live/sim/starforce
)
<조건>
1. 스타캐치 전 구간 적용
2. MVP 할인 미적용, PC방 할인 미적용
3.
""기대비용""
은 순수 스타포스 딸깍 비용입니다. (노작값=0으로 설정, 이유는 후술)
4. 노작값은
""기대파괴""
에 포함됩니다. (노작값 포함 총 기대지출 산정 방법은 후술)
5. 시뮬레이터 수행으로 계산한 기댓값 특성 상 오차범위가 살짝 있습니다. (다만 무시 가능한 수준)
<노작값 포함 총 기대지출 산정 방법>
총 기대지출 = 기대비용 + (기대파괴 x 노작시세)
<예시>
노작값 10억, 기대비용 50억, 기대파괴 0.7회일 때, 예상 평균 지출 = 57억
<이렇게 하는 이유>
노작값을 시뮬레이터에 입력하여 기대비용 자체를 노작값 포함으로 계산해버리면, 노작 시세별로 표를 무한히 더 만들어야 하는 문제점이 생깁니다.
현재 기준 대중적인 아이템 가격 기준으로 표를 만든다 한들 결국 시세 변동으로 인해 노작값이 달라지면 의미가 하나도 없는 표가 되어버릴 수 있어,
노작값이 0인 순수 스타포스 딸깍 차원의 지출인 ""기대비용""
과
노작값 차원의 지출인 ""기대파괴""
둘로 나누어서 계산을 한 뒤 더하는 것이 조금
더 범용적이고 영구적인 데이터를 제공
해드릴 수 있다고 판단하였습니다.
메수라이브의 노작값 입력 후 계산된 시뮬레이션도 기본 계산 논리는 같으니 안심하시고 위 수식을 이용해주시면 됩니다.
<140제 스타포스>
1. 파괴방지 미적용
샤타포스 적용 기준 비교
1516 & 파괴확률30%감소 기준 비교
이벤트 미적용 기준 비교
2. 파괴방지 적용
샤타포스 적용 기준 비교
1516 & 파괴확률30%감소 기준 비교
이벤트 미적용 기준 비교
<150제 스타포스>
1. 파괴방지 미적용
2. 파괴방지 적용
150제 비용 비교는 2025.3.20. 본섭 업데이트 이후 추가할 예정입니다.
본섭 업데이트에서 만의 하나라도 변경 될 여지가 있다고 생각하여 140제와 150제는 본섭 이후로 미뤘었지만
마이스터 링과 데이브레이크 펜던트 때문에 140제 데이터를 요청해주신 분이 많아
우선 140제만 추가하였습니다. 150제는 수요가 거의 없어 차후 추가하겠습니다.
추가로, 본섭 패치에서 변동 내용이 있다면 다른 레벨대도 전부 반영하여 수정할 예정입니다.
수정 완료되면 관련 내역 알아보실 수 있게 추가로 적어두겠습니다.
<160제 스타포스>
1. 파괴방지 미적용
샤타포스 적용 기준 비교
1516 & 파괴확률30%감소 적용 기준 비교
이벤트 미적용 기준 비교
2. 파괴방지 적용
샤타포스 적용 기준 비교
1516 & 파괴확률30%감소 적용 기준 비교
이벤트 미적용 기준 비교
<200제 스타포스>
1. 파괴방지 미적용
샤타포스 적용 기준 비교
1516 & 파괴확률30%감소 적용 기준 비교
이벤트 미적용 기준 비교
2. 파괴방지 적용
샤타포스 적용 기준 비교
1516 & 파괴확률30%감소 적용 기준 비교
이벤트 미적용 기준 비교
<250제 스타포스>
1. 파괴방지 미적용
샤타포스 적용 기준 비교
1516 & 파괴확률30%감소 적용 기준 비교
이벤트 미적용 기준 비교
2. 파괴방지 적용
샤타포스 적용 기준 비교
1516 & 파괴확률30%감소 적용 기준 비교
이벤트 미적용 기준 비교
<번외>
신 강화에서 파괴방지를 17성→18성 구간에만 적용하는 경우
신 강화 140~250제, 샤타포스 적용 기준, 17→18만 파괴방지 적용"
https://www.inven.co.kr/board/maple/2304/43410,기타,[3/20 적용]개편&바뀌는 것들 요약 + 캐시 / 신규 이벤트,,2025-03-14 10:16,45938,34,"[수정/추가 사항]
1.
-------------
안녕하세요
이 글은 3/13 테섭에서 공개된 3/20 적용되는 내용들을 정리한 것입니다
글 갱신이 사정상 좀 늦게 되었지만 어제 작성한 글에 여러 내용을 보충하였으니 어제 보신 분들도 한 번 쭉 보실 만하지 않을까 싶습니다. 라이브에서의 중요한 내용들도 포함하고 있습니다
잘못 적힌 부분은 말씀해 주시면 감사히 수정합니다
▶ 이번 테스트 서버의 사항들은 정식 서버에 3/20(목) 업데이트 예정이며 적용 시 변동 혹은 변경될 수 있습니다
★주요 변경/신규 사항★
1. <데스티니> 무기 퀘스트 추가
■ 참여 대상
- ‘[제네시스 무기] 힘의 해방, 두 번째’ 퀘스트를 완료하여 제네시스 무기를 보유한 캐릭터 중, ‘[도원경] 그늘 사이로 빛이’ 퀘스트를 완료한 캐릭터
※ ‘[도원경] 그늘 사이로 빛이’ 퀘스트를 완료하지 않은 캐릭터는 스토리 스킵 기능을 통하여 선행 퀘스트를 진행하지 않고 스토리 요약본을 감상하거나, 즉시 완료할 수 있습니다.
■ 데스티니 무기 관련 퀘스트가 추가됩니다 :
결전 퀘스트
- 결전 퀘스트는 결전 임무 조건에 맞게 데스티니 모드의 보스 몬스터를 혼자서 클리어하고 각 결전 퀘스트가 요구하는 수치의 대적자의 결의를 모아 수행할 수 있습니다.
※ ‘[데스티니 무기] 대적자의 결의’ 퀘스트를 통하여 데스티니 초월 미션 UI를 오픈할 수 있습니다.
※ 결전 퀘스트는 월드 통합 보스 컨텐츠에서 참여할 수 없습니다.
- 각 결전 퀘스트의 정보는 아래와 같습니다.
하드 세렌/카오스 칼로스/하드 카링
※ 보스별 대적자의 결의 획득량
※ 보스 처치 시 입장한 인원 수만큼 대적자의 결의를 나누어 획득하게 됩니다.
※ 대적자의 결의는 최대 3,000까지 누적되며, 진행 중인 결전 퀘스트의 요구량을 초과하는 대적자의 결의는 이어지는 결전 퀘스트에서 사용할 수 있습니다.
■ 결전 퀘스트를 모두 완료한 후 ‘[데스티니 무기] 대적자의 무기’ 퀘스트를 수행하여 제네시스 무기를 데스티니 무기로 초월할 수 있습니다.
- 데스티니 무기는 아래와 같은 상태로 보유한 제네시스 무기의 능력치를 상향 전승하여 지급됩니다. :
· 착용 레벨 제한 250Lv, 상승한 레벨 제한에 맞춰 기본 옵션 상승
· 각 직업에 맞는 15% 주문의 흔적 강화로 업그레이드 가능횟수를 모두 소모
· 스타포스 22성 강화
· 보유한 제네시스 무기의 잠재능력이 250Lv에 맞는 수치로 상향되어 전승
· 보유한 제네시스 무기의 에디셔널 잠재능력이 250Lv에 맞는 수치로 상향되어 전승
· 보유한 제네시스 무기의 추가 옵션이 250Lv에 맞는 수치로 상향되어 전승
· 보유한 제네시스 무기의 소울웨폰 상태 전승
· 추가 스타포스 및 주문서 강화 불가
* 데스티니 무기 착샷 모음 :
https://www.inven.co.kr/board/maple/5974/4774171
- 데스티니 무기를 착용하면 아래의 2가지 스킬을 사용할 수 있습니다.
· 초월 : 불굴의 결의
· 초월 : 결전의 의지
- 제로의 경우 라피스/라즐리를 데스티니 라피스/라즐리로 강화할 수 있는 데스티니 에센스를 획득합니다.
- 데스티니 무기는 캐릭터당 1개만 보유할 수 있으며 교환할 수 없습니다.
- 퀘스트 수행 도중 제네시스 무기를 잃어버린 경우 다시 처음부터 제네시스 무기 퀘스트를 수행해야 합니다.
- 퀘스트 수행 완료 후 데스티니 무기를 잃어버린 경우 다시 처음부터 제네시스 무기 퀘스트를 수행 후 데스티니 무기 퀘스트를 수행할 수 있습니다.
2. 스타포스 개편
★ 라이브에서의 디렉터 코멘트
- 강화 시 하락 발생 않게 개선 & 23성 이상의 강화가 큰 폭으로 바뀜
- 하락 없앤 이유 : 스타포스 강화 시의 상승과 하락의 반복되는 경험이 본질적인 강화의 재미와는 거리가 있고, 이 때문에 강화에 긴 시간이 드는 점이 부정적이기에 개편을 통해 강화 경험을 개선하고자 함
- 단, (22성 이하) 강화의 기댓값이나 비용 자체가 크게 변화하는 것은 의도하지 않음
- 강화의 확장과 효율 변경의 의의에 대한 언급 : 스타포스가 추가된 지 오래 되었으나 기존의 23성 이상은 사실상 도전의 영역으로 치부되어 왔다. 이에 대한 변경 없이 다른 스펙업 수단들은 다양하게 추가되어 왔음에도(6차/5차/헥사스탯/잠재능력 등) 스타포스의 경우에는 강화의 효율이라는 측면에서 22성에 머무르는 경우가 많게 되었다
- 이런 상황에 더해 최근의 빠른 콘텐츠 추가 속도에 맞춰 비효율적인 23성 이상 강화를 진행했어야 하는 상황에 처했던 분들께서 이제는 더 합리적인 효율을 보고 강화를 할 수 있도록, 단계적인 성장을 할 수 있도록 바꿔야 한다는 생각이 들어 진행하게 되었다
- 또한 부가적으로 어떻게 하면 메소 소모처를 확장할 수 있을까에 대한 고민을 하고 있는데, 이 부분에 대해서도 기대하고 있는 게 사실이다. 아무래도 작년부터 매달 콘텐츠 업데이트를 꾸준히 이어 나가고 있는 만큼 캐릭터가 강해지는 속도가 빨라져 메소 소비에 대해 좀 더 면밀히 살피고 조치를 이어 나가는 것의 필요성이 대두되고 있는데, 여러 선택지가 있지만 개중에서 건강하고 즐거운 방법이 무엇이 있을까 생각하다가 스타포스 개편이 거기에 도움이 될 가능성이 있지 않을까 하는 생각이 들었다
- 이를 확정적으로 말씀 드리지 않는 이유는, 우선 22성 이하의 경우 말씀 드린 대로 강화 경험 개선이 핵심이지 기댓값을 바꾼다거나 추가 메소를 소모하는 의도가 담겨 있지 않다. 결국에는 23성 이상의 강화가 얼마나 더 많이 발생할 것인가가 메소 소모처로써의 가치를 결정할 것이기 때문에, 여러 상황을 고려할 때 스타포스 개편이 완벽한 해답이 될 것이라고는 생각하지 않으나 개편을 통해 23성 이상으로 충분히 갈만한 그런 강화가 될 것이기 때문에, 장기적으로 볼 때 메소 소모처의 의미 있는 확장으로써의 가능성이 있다고 본다
------------------------------------
■ 착용 레벨 제한이 138레벨 이상인 장비의 최대로 적용 가능한 스타포스 강화 단계가 30성으로 증가됩니다.
■ 기존 23성 이상의 스타포스 강화 단계를 가진 아이템의 스타포스 강화 단계 및 강화 단계에 따른 능력치가 보정됩니다. :
- 기존 23성 -> 25성 보정
- 기존 24성 -> 28성 보정
※ 단, 에오스/핼리오스 월드에서 귀속의 표식이 적용된 아이템과 에오스/핼리오스 월드의 대검/태도 아이템은 보정되지 않습니다.
■ 스타포스 15성 이상에서 강화 실패 시 강화 단계가 하락하지 않게 변경되며, 성공 확률, 파괴 확률이 아래와 같이 조정됩니다.
■ 스타포스 17성~19성, 21성에서 강화 시 소모되는 메소가 증가됩니다.
■ 파괴 방지 비용이 강화 시 소모되는 기본 메소의 100%에서 200%로 증가됩니다.
■ 스타포스 17성 장비에도 파괴 방지를 적용할 수 있게 변경됩니다.
■ 스타포스 관련 신규 업적이 추가됩니다.
■ 데몬 어벤져의 컨버전 스타포스에 적용되는 스타포스가 최대 410성으로 제한됩니다
■ 스타포스 강화 관련 썬데이 메이플 효과가 추가됩니다.
- 21성 이하에서 스타포스 강화 시 파괴 확률 30% 감소
+ 최대 메소 소지량이 확장됩니다.
- 기존 5천억 -> 변경 후 2조
▶ 스타포스 개편 후 시뮬레이터 :
https://meaegi.com/simulator/starforce
3. 보스 패턴 개선
■ 스우 : 패턴의 밀도를 낮추고자 함
- 2페이즈 상단 포격 패턴의 재사용 대기시간이 증가됩니다.
- 2페이즈 전기장 설치의 재사용 대기시간이 증가됩니다.
- 2페이즈 부품 추락의 부품 생성 간격이 약 15% 증가됩니다.
- 2페이즈 부품 추락의 기절 시간이 50% 감소됩니다.
- 3페이즈 상단 포격의 발생 횟수가 감소됩니다.
- 3페이즈 전기장 설치의 재사용 대기시간이 증가됩니다.
- 3페이즈 제압용 벙커의 전방 공격의 딜레이가 약 40% 증가됩니다.
- 3페이즈 제압용 벙커의 전방 공격의 하단 범위가 약 11% 감소됩니다.
- 3페이즈 무차별 폭격의 기절 시간이 약 50% 감소됩니다.
- 익스트림 난이도에서 3페이즈 무차별 폭격의 발포 횟수가 1회 감소됩니다.
- 익스트림 난이도에서 3페이즈 무차별 폭격의 위치 개수가 2개 감소됩니다.
- 3페이즈 함포 포탑 패턴이 제거됩니다.
- 스토리 모드에서 3페이즈 함포 포탑 패턴이 제거됩니다.
■ 데미안 : 보스 패턴 개선에 빠지지 않고 나오는 손님이라 근본적인 수정이 필요하지 않을까 생각은 하고 있었는데, 계속 방치하기보다는 빠르게 수정할 수 있는 부분을 먼저 수정하고자 했다
- 1페이즈 운석 낙하의 재사용 대기시간이 증가됩니다.
- 1페이즈 운석 낙하의 지속 시간이 감소됩니다.
- 2페이즈 운석 낙하의 재사용 대기시간이 증가됩니다.
- 2페이즈 운석 낙하의 지속 시간이 감소됩니다.
- 2페이즈 심연의 결정(초월석)의 이동 속도가 감소됩니다.
- 2페이즈 심연의 결정이 데미안이 행동 불가 지속시간 동안 힘을 잃도록 개선됩니다.
​
​
- 2페이즈 심연의 결정의 최대 생성 가능량이 2개로 감소됩니다.
- 2페이즈 심연의 결정의 최대 크기 증가 횟수가 2회로 감소됩니다.
■ 가디언 엔젤 슬라임
- 슬라임 레이저의 공격 범위가 기존 대비 약 35% 감소됩니다.
■ 윌 : 루즈한 기믹 조정
- 1페이즈 텔레포트의 재사용 대기시간이 증가됩니다.
- 1페이즈 달빛 보호막 생성 후, 모든 파티원이 일정 시간 동안 보호막 안에 머물면 즉시 공간 붕괴가 발생하도록 수정됩니다.
- 2페이즈 거짓의 거울 패턴에서 거대 거미의 다리 패턴 발생 횟수가 5회에서 3회로 감소됩니다.
■ 진 힐라
- 뼈 파동 패턴의 공격 판정 지속 시간이 감소됩니다.
■ 검은 마법사
- 3페이즈 창조의 권능과 흡수 패턴이 중복되지 않도록 개선됩니다.
■ 선택받은 세렌
- 익스트림 모드에서 심판의 빛 패턴 피격 시 상승하는 태양 게이지량이 기존 대비 약 50% 감소됩니다.
- 찌르기 패턴의 공격 범위가 기존 대비 약 22% 감소됩니다.
- 1페이즈 태양의 분노가 중복된 위치에 발생하지 않도록 개선됩니다.
- 2페이즈 선택받은 세렌 HP 감소에 따라 자정 최대 각도가 감소하지 않도록 개선됩니다.
- 2페이즈에서 시간대가 변경될 때 태양의 저주에 걸리지 않은 파티원 수에 비례하여 자정 각도가 증가하도록 변경됩니다.
- 2페이즈 석양 타오르는 검이 중복된 위치에 발생하지 않도록 개선됩니다.
- 2페이즈 여명 네로타의 기상 피격 시 밀쳐지지 않고 슬로우 상태 이상이 적용되도록 변경됩니다.
- 2페이즈 여명 광휘의 검 피격 시 적용되는 기절 상태 이상의 지속 시간이 기존 대비 약 50% 감소됩니다.
- 2페이즈 여명 광휘의 검의 이펙트가 변경됩니다.
- 2페이즈 여명 네로타의 현신 피격 시 상승하는 태양 게이지량이 기존 대비 약 25% 감소됩니다.
- 2페이즈 여명 광휘의 검 피격 시 상승하는 태양 게이지량이 기존 대비 약 25% 감소됩니다.
- 2페이즈 여명 네로타의 힘 피격 시 상승하는 태양 게이지량이 기존 대비 약 33% 감소됩니다.
■ 감시자 칼로스
- 2페이즈 감시자의 하수인이 행동 불가 상태일 때 어색하게 보이는 현상이 수정됩니다.
- 2페이즈 감시자의 폭주 발동 횟수가 5회에서 3회로 감소됩니다.
- 카오스 모드 2페이즈 구속의 눈과 심연의 눈의 발생 간격이 기존 대비 약 13% 증가됩니다.
- 카오스 모드 2페이즈 강화 구속의 눈과 강화 심연의 눈의 발생 간격이 기존 대비 약 15% 증가됩니다.
- 익스트림 모드 2페이즈 구속의 눈과 심연의 눈의 발생 간격이 기존 대비 약 8% 증가됩니다.
- 익스트림 모드 2페이즈 강화 구속의 눈과 강화 심연의 눈의 발생 간격이 기존 대비 약 10% 증가됩니다.
- 익스트림 모드 2페이즈 구속의 눈의 발사 횟수가 조정됩니다.
- 카오스, 익스트림 모드 1페이즈와 2페이즈 심연의 눈, 강화 심연의 눈에 피격 시 시야가 제한되는 범위가 감소됩니다.
■ 카링
- 1페이즈 도올 전류 발산의 공격 횟수가 10회에서 1회로 감소됩니다.
- 1페이즈 생기를 잃은 봄의 2층 발판 높이가 수정됩니다.
- 3페이즈 죽음을 두른 사계에 활성화 시 흉수를 우선 타격할 수 있는 조각상이 추가됩니다.
- 패턴 피격 시 게이지량 감소 :
https://upload3.inven.co.kr/upload/2025/03/14/bbs/i1868255266.jpg?MW=800
- 하드 모드 1페이즈 궁기/혼돈/도올의 최대 HP가 약 24.5% 감소됩니다.
- 하드 모드 2페이즈 카링의 최대 HP가 약 24.5% 감소됩니다.
- 하드 모드 3페이즈 죽음을 두른 궁기/혼돈/도올/카링의 최대 HP가 약 24.5% 감소됩니다.
- 익스트림 모드 1페이즈 궁기/혼돈/도올의 최대 HP가 약 17.5% 감소됩니다.
- 익스트림 모드 2페이즈 카링의 최대 HP가 약 17.5% 감소됩니다.
- 익스트림 모드 3페이즈 죽음을 두른 궁기/혼돈/도올/카링의 최대 HP가 약 17.5% 감소됩니다.
■ 발드릭스
- 1페이즈 적의에 물든 성소의 2층 발판 높이가 수정됩니다.
- 발드릭스 (노멀, 하드)에서 챔피언 휘장 및 챔피언의 가호 효과가 적용되게 수정됩니다.
4. <HEXA 스탯> 3 추가
- 레벨이 270 이상, 스탯 코어 II의 코어 레벨이 20 이상인 캐릭터만 스탯 코어 III를 활성화할 수 있습니다.
- 스탯 코어 III 활성화를 위해서 솔 에르다 15개, 솔 에르다 조각 350개가 필요합니다.
- 스탯 코어 III의 강화 정보를 초기화하기 위해서 3,500만 메소가 필요합니다.
★ 테섭 기준 인게임 확인 : 강화 비용은 이전 스탯들과 동일합니다
5. 특수 스킬 반지(시드링) 관련 변경 사항
■ 리스트레인트 링의 영역에서 벗어나도 영역이 사라지지 않게 개선됩니다. 단, 공격력/마력 증가 효과는 영역 안에서만 유지됩니다.
■ 다음 보스 몬스터에서 더 이상 백옥의 보스 반지 상자를 획득할 수 없습니다.
- 감시자 칼로스 (카오스, 익스트림)
- 카링 (하드, 익스트림)
- 림보 (노멀, 하드)
- 발드릭스 (노멀, 하드)
■ 다음 보스 몬스터에서 더 이상 생명의 연마석을 획득할 수 없습니다.
- 감시자 칼로스 (이지)
- 카링 (이지)
■ 녹옥/홍옥/흑옥/백옥의 보스 반지 상자의 아이템 이름에서 등급이 제거됩니다.
■ 신규 보스 몬스터 리워드가 추가됩니다.
- 생명의 보스 반지 상자
· 다음 보스 몬스터에서 획득이 가능합니다.
* 감시자 칼로스 (카오스, 익스트림)
* 카링 (하드, 익스트림)
* 림보 (노멀, 하드)
* 발드릭스 (노멀, 하드)
- 신념의 연마석
· 다음 보스 몬스터에서 획득이 가능합니다.
* 림보 (노멀, 하드)
* 발드릭스 (노멀, 하드)
■
신념의 연마석과 메소를 사용하여 일부 종류의 5레벨 특수 스킬 반지를 정해진 확률로 연마하여 6레벨로 성장시킬 수 있습니다.
- 연마 시도 시 사용할 연마석 수량을 설정할 수 있으며, 연마석 수량에 따라 연마 성공 확률 및 연마에 사용되는 메소가 설정됩니다. 사용한 연마석 개수에 따른 성공 확률 및 사용 메소는 아래와 같습니다.
■ 일부 특수 스킬 반지의 최대 레벨 제한이 6으로 증가하며, 6레벨 효과는 아래와 같습니다.
6. 그란디스 월드맵 개편
★캐시 관련★
1. 뷰티 어워즈 백안/흑발 추가 :
- 판매 기간 : 2025년 3월 20일(목) 점검 후 ~ 5월 21일(수) 오후 11시 59분
2. 스페셜 라벨
3. 신규 자석펫
4. 신규 헤어성형
■ 프리미엄 헤어 쿠폰의 목록이 변경됩니다.
- 목록 유지 기간 : 2025년 3월 20일(목) 점검 후 ~ 4월 17일(목) 점검 전
- 남자
· 리코 헤어 (최초판매)
· 다크 포숑 헤어, 요정윙 헤어, 페르 헤어, 녹턴 헤어, 플로트 헤어, 블라썸 헤어, 폴암의 전사 헤어, 올리버 헤어, 알사탕 헤어
- 여자
· 유리 헤어 (최초판매)
· 별모래 헤어, 홍차소녀 헤어, 서향 헤어, 서린 이슬 헤어, 하이틴 걸 헤어, 새내기 헤어, 폴암의 전사 헤어, 올리비아 헤어, 파르페 헤어
■ 프리미엄 성형 쿠폰의 목록이 변경됩니다.
- 목록 유지 기간 : 2025년 3월 20일(목) 점검 후 ~ 4월 17일(목) 점검 전
- 남자
· 나이프 얼굴 (최초판매)
· 헤헤냥 얼굴, 은은한 루어 얼굴, 순수 디어 얼굴, 왜요 얼굴, 행복한 순둥이 얼굴, 폴암의 전사 얼굴, 진중한 얼굴, 무소유 얼굴, 젤리 얼굴
- 여자
· 나이프 얼굴 (최초판매)
· 헤헤냥 얼굴, 은은한 루어 얼굴, 순수 디어 얼굴, 왜요 얼굴, 행복한 순둥이 얼굴, 폴암의 전사 얼굴, 진중한 얼굴, 무소유 얼굴, 젤리 얼굴
5. 캐시 이동 : 다음 주 금요일 10시부터 1주일 간 진행
★신규 이벤트★
1. [챔피언 챌린지] : 3/20 점검 후~4/16
▶ 저번 달 테섭 정리글들에서 미리 보신 것과 동일한 이벤트입니다. 내용이 전부 숙지되셨다면 스킵하셔도 되나 한 번 다시 쭉 봐 주시는 것도 좋습니다
1. [메이플 ID당] 이벤트에 참여할 월드를 선택합니다
* <챌린저스 월드> 에서 참여 후 리프 시 도착한 월드의 이벤트 알림이를 통해 도전 월드를 최대 1회 변경 가능합니다. 변경 시 보유한 코인과 미션 진행 상황이 이동됩니다
2. 챌린지 미션은 모두 ""보스 1인 격파"" 미션이며 공통 사항은 이렇습니다
- 연습 모드로도 인정
- <챔피언 버닝> 지정 캐릭터와 전혀 상관 없음
- 각 주차의 챌린지 보스별로 최대 3개의 캐릭터까지 참여 가능 : 동일한 주차에는 중복 참여 불가
- 미션은 주마다 순차적으로 오픈되며 열린 이후에는 이벤트 끝나기 전까지 참여 가능
3. 챌린지는 3개의 종류로 나뉩니다
1) 노멀 챌린지 : 클리어 시 ""챌린지 코인"" 획득
- 지정된 보스를 이지/노멀 이상 난이도로 클리어 시 인정됩니다
- 참고 사항
2) 퍼펙트 챌린지 : 클리어 시 ""퍼펙트 챌린지 코인"" 획득
- 하드/카오스 난이도의 보스를 아래 패널티를 달고 격파해야 인정됩니다
- 보스 입장 시 퍼펙트 챌린지를 선택해야 합니다
- 미션 완료 시 노멀, 스페셜 챌린지도 완료 처리됩니다
- 노멀 챌린지를 완료한 캐릭터로도 도전할 수 있습니다
3) 스페셜 챌린지 : 캐릭터 3개로 하드 진 힐라 전부 클리어 시 훈장or칭호와 심환불 50개 획득
- 위 두 미션과 다르게 3개의 캐릭터가 모두 미션을 완료해야 보상을 수령할 수 있습니다
- 코인은 지급되지 않습니다
4. 각 미션의 해금 일자와 보상, 조건은 이렇습니다
5. 코인샵의 구성은 이렇습니다. 메이플 ID당 구매 가능하고 구매한 물품들은 일괄 4/17 2시까지 사용 가능합니다
2. [도전! 대왕 황금 문어] : 3/20 점검 후~4/16
1. [메이플 ID당] 1주에 3개의 문어 알 수령 가능 : 기존과 동일합니다
2. 이하의 내용은 현재 진행 중인 문어 이벤트와 동일합니다
- 한 문어당 최대 100회까지 강화 가능
- 최초 강화에는 레범몬 1000마리 퇴치 필요
- 이후 강화에는 강화 1회에 300마리 퇴치 필요
- 낮은 확률로 대성공
- 실패 시 레벨 하락(2레벨 제외)
3. 문어의 최대 레벨이 6레벨로 변경됨에 따라 레벨별 강화 확률이 변경되었습니다
3. 이에 따라 문어의 레벨별 보상 개수도 조정되었습니다
5. 또한 이에 더해 추가적인 보상으로 누적 점수 보상이 추가되었습니다
3. [???] : 3/20 업데이트 이후 공개
- 라이브에서
정식 서버 업데이트 시 추가되는 이벤트가 있다고 언급되었으며, 만우절 관련 이벤트로 추정됩니다. 이벤트 형식과 보상도 패치 당일 공개됩니다
--------------------------
4추만 보내주시면 감사드리겠습니다"
https://www.inven.co.kr/board/maple/2304/43322,아이템,초심찾은 제붕이의 템세팅 메린이 바이블,,2025-03-05 12:02,232260,66,"초심찾은 제붕이의 템세팅 메린이 바이블
한동안 초심을 잃어버리고 너무 고인물 스러운 글을 제작해 온거같다
.
따라 초심을 찾고 메린이들이 어떻게 순차적으로 템을 올려갈 수 있는 지 적어 보겠다
. 감히 바이블이라는 말을 사용하게 되어 죄송하다...
따라 수정할 것이나 고인물들의 피드백이 들어오면 수정해서 최대한 오류 없게 만들어 보겠다
1. 도전자 셋팅(환산 2만 - 투력 1500~2000만)
*핵심- 싼 보장 9퍼둘둘을 해라!
도전자셋을 받으면아래와 같은 상태의 장비창일 텐데
악세류가 부족한 부분을 일단 저렴 보장을
9
퍼 이상을가지고 채워 넣는 과정을 걸쳐야 한다
.
이러한 악세류를 채우게 되면 이지루시드까지 클리어 해야되는 아이템 버닝을 완료할 수 있을 것이다
.
그러하면 아래처럼 세팅이 될 것 아래 이지루시드 클을 못하고 카혼목이나 피도미가 없어
1397
만 투력을 보이지만 만약 이지루시드를 클리어하고 아이템 버닝을 등급업 시
1500
만 정도가 될 것으로 보인다
.
(
카데나 존나어려워요
...)
2. 도전자 세팅을 벗어나는 과정 (환산 3만 - 투력 3000만)
*핵심-17~18성 보장여명 9퍼~15이상 제작 or구매해라!
1
번의 과정이 끝났으면 이제는 도전자세팅을 탈출하는 과정이 필요하다
.
탈출하는 과정에도 순서가 필요하다
2-1. 17
성
9
퍼이상
~15
퍼이하 여명 제작
or
구매
2-2.
나머지 부위 보장
17
성
9
퍼이상
~15
이하 제작
or
구매
나생문=  작 - 놀긍떡작공2이상
스타포스 - 17성
윗잠재 - 에픽3줄12퍼이상~ 유니크 2줄 이상
아래잠재 - 레어 공10 이상
여기서 주의해야 될 점은 완벽한 템을 사면 좋지만 나생문 중 1~2개정도 나사빠진 템을 사서 이벤트를 활용해 완성시키는 것이 최고이다.
아이템버닝의 기간이 길어 받은 지 얼마 되지 않은 기간에 무리해서 방어구를 맞출 이유가 없다
.
왜냐하면 이지루시드를 깬 아이템 버닝은 앵간한
17
성 카룻타
9
퍼의 공
10
보다 좋으며
17
성 흙케인과도 많이 밀리지 않는 모습을 보이기 때문에
악세류를 먼저 바꿔야한다
.
그 후 최우선으로 해방을 목표로 해야 하기 때문에 해방 무기를 최우선으로 생각한다
.
(
급하게 맞출 경우 레에급
(
대략
20
억
)
이나 레유이상
(
대략
60
억이상
)
정도의) 해방 무기를 가장 먼저 맞춰 준다
.
3. 도전자셋을 벗어 났을때 (환산 4만 - 투력5000만)
*핵심- 아이템 버닝이 끝나갈때를 대비해 방어구를 준비해라!
아이템 버닝 기간의 끝이 가까워 졌을 때 방어구를 준비해야 된다
.
여기서 여러 방향으로 나뉠 수 있어서 점점 복잡해진다
.
쿨뚝 유무 에테사용 유무 등등으로 정말 많은 템 셋으로 갈라진다
.
정말 여러 템 셋을 보여줄 것이다
.
따라 자신에게 맞는 방법으로 취사 선택하면 되겠다
.
해방 전
1앜2카5앱                                       3카5앜                                 3에테5앜
만약 에테를 기용한 쿨뚝 세팅은 모자에 따라 가리게 되는데
에테쿨뚝의 따른 세팅
1. 3
에테
5
앜
→
4
에테
5
앜
이 경우 에테 노작 쿨뚝을 싸게 가져와
3
에테
5
앜을 맞춘 후  해방하면
4
에테
5
앜으로 세트효과를 가져가는 경우이다
.
앱솔쿨뚝의 따른 세팅
1
앜
2
에테
5
앱
→
4
에테
5
앱
1앜2에테5앱
1
번
4
에테
5
앱은 저렴한 앱솔 쿨뚝을 차용하고 에테셋 중 가장 저렴한 에테견장을 차용하여
셋트 효과를 최대로 가져가며 가성비 있게 가저가는 세팅이다
.
2
번
4
에테
5
앱도 마찬가지로 저렴한 앱뚝을 차용하고 앱솔 장갑대신 비슷하거나 조금더 저렴하게 에테장갑을 가져오면 차용할 수 있는 세팅이다
.
3,4
번은 많이 사용되지 않는다
.
신발과 망토가 비싸기 때문이다
.
*중요
이때 정해야하는 것이
1
번 에테
vs
카룻 /
2
번 앱솔
vs
아케인
vs
에테
이다
.
17-18
카룻을 가게 되는 경우
22
성 카룻을 경매장에서 사기위해 웅크렸다 뛰어오른다는 느낌이고 이벤트를 활용해서 만들 에테 노작을 사는 경우 단계적으로
22
성 카룻 급까지 오래 계단 오르기 한다는 느낌이다
.
여기서 알아야 할 것이 동일 잠재일시
19
카룻
= 12
에테
정도다
.
뿐만 아니라
해방 전
17
에테
=22
카룻
급이며
해방 후는
17
에테
=21
카룻
<22
카룻
<18
에테
급이다
.
이를 알고 에테와 카룻을 정했으면 이제 앱솔 아케인 에테를 비교해야된다
.
18
앱솔
2
개
22
앱솔
2
개
= 18
아케인
<=17
에테
(
견장신망
)<17
풀에테
<22
앱
=18
에테
(
견장신망
)<18
풀에테
<22
아케인
<22
에테
순이다
.
여기서 또 고민해야될 것이 환산 몇만 급을 목표로 하냐에 따라 다르다.
6
만의 경우
18
아케인 급
이 가장 무난하며
7
만부터는
22
앱솔급
이 무난하다
.
8
만이상을 볼 경우
22
아케인
이 가장 무난하다
.
그 이상은 메린이 아니니까 저보다 잘아시잖아요
...
17
성
-18
성 급 둘둘을 했다면
7
천플마단을 향해서 가야한다
.
4. 17-18성 둘둘 이후 (환산 5만 - 투력 7000만~1억)
*핵심-앜세류는 18성 방어구는 22성급을 껴주면 환산 5만정도가된다!
이후 방어구를
22
성급을 만들어주면 환산
5
만 투력
7
천만
~8
천만 정도가 된다
.
이때 해방을 하였다면
1
억 정도가 될 것이다
.
이후
22
악세류를 가게 되는 데 여기서 알아야 할 것은
18
칠흑과
22
여명보장은 서로 같은 급이라는 것이다
.
이때 벨트부터 가게 되는데  그 이유는 드랍이 붙지 않아서이다
.
가격비교하며 가야되는 템
1. 18
몽벨
, 12
탈벨
, 22
골클
(
분자벨
) / 18
몽벨
=10
탈벨
=22
골클
2. 20
블빈마
, 18
마깃안
, 22
파풀마
/ 20
블빈
<=18
마깃
=22
파풀
3. 22
트왈마
, 18
루컨마
, 20
샤레마
/ 20
샤레마
<22
트왈마
=18
루컨마
4. 22
에스텔라
, 20
데아
, 22
오글링
, 18
커포
, 22
마이링
/ 20
데아
<22
마이링
<=22
오글
=22
에스텔라
=18
커포
5. 22
데브팬
, 22
도미
, 18
고근
, 20
라썬팬 등 기타 팬던트
/ 20
팬턴드
<18
고근
=22
도미
=22
데브
6. 12
놀장 실블링
, 22
가엔링
, 22
마이링
, 18
거공
,
이벤링
/
이벤링
<12
놀장실블
<22
마이링
<22
가엔링
<18
거공
특이 케이스로
444
세팅인 마이스터 견장과 앱솔
,
아케인
,
에테 견장
여기까지 왔으면 셋 효과를 잘 챙길 수 있으면서 저 템들을 비교하여 사 장착할 수 있는 정도의 지식은 쌓였을 것으로 보고 셋 효과를 챙기면서 저 템들 중 사기를 바란다
자세한 사항은 팁게에
2
억단을 검색하자
5. 방어구 22성 둘둘 이후(환산 6~7만 - 투력1.5억~2억)
*핵심-환산 6만은 7만을 가는 과정이고 전부 위 7만은 22성 윗27퍼이상 에디에픽이면 가능하다!
6
만
–
1
억
5
천단
4
단계에서 심볼
,
해방 등 내실을 많이 챙기고 몇 템을 제외하고
22
성급을 달아주면
6
만
1
억
5
천단 정도가 된다
.
이후 전 부위
3
줄
22
성급을 맞춰주면 환산
7
만
2
억단을 가입할 수 있다
.
즉 22성 레전3줄 에픽1.5줄로 7만급이가능하다
는 이야기다.
필자는
18
에테 둘둘에 블하달고 렙업해서 심볼 올리고 무기 보보공 이상만 달아주면
7.8
만
대략
7
만의 머리 뒤통수 정도가 될 수 있다
. 18
에테
18
칠흑 레에정도는 이게 한계인거 같다
.
8만을 찍기위해선 22칠흑이나 22아케인이 필요할 거 같다.
후기
도전자셋 이후 메린이들에게 도움이 되어 많은 메린이들이 정착했으면 하는 마음으로 적은 글입니다. 많은 도움이 되셨으면 좋겠습니다."
https://www.inven.co.kr/board/maple/2304/43279,몬스터,보스 보상맵 팁,,2025-03-01 11:34,46275,29,"보상맵에서는 링크스킬이 바꿔지고
이제 링크스킬 하루전수제한이 사라졌기 때문에
보스를 잡은후
보상맵에서 드랍세팅으로 바꿀때의
프리셋 링크스킬 설정에
모험가궁수 모궁 링크를 넣어두면
리워드 몬스터 몬컬등록확률이 증가하기에
몬컬에 큰관심없더라도
넣어두면 좋습니다"
https://www.inven.co.kr/board/maple/2304/43262,몬스터,루시드 잡기술,,2025-02-28 14:04,55459,33,"댓글반응이 괜찮아서 몇 개 추가해서 글로 남겨봅니다
1. 루시드 레이저 패턴때
레이저 맞는 박자에 맞춰서 쓸만한 홀리파운틴을 사용하면 도망다니지 않아도 죽지 않음
레이저 패턴 시작하면 곧바로
발판 안깨지는 자리(사진 속
노란색 마름모꼴)에 파운틴 깔아두는 센스
2. 사진의 빨간색 아래화살표 자리에 서있으면 루시드 돌진패턴때 맞지 않음
제자리점프 안해도되고 가만히 서있어도 안전함 but 6시
자리일때는 수구려야함
소환수 패턴하고 겹칠땐 맨 윗2자리 또는 맨 아래자리 선택하면 되는데 11시쪽 자리는 골렘이 깰수있으니 주의하고
만약 발판을 깨러 골렘이 나오면 제자리점프+블링크체공으로 생존하자
3. 하드루시드 3페에서 발판깨지는 순서 외울필요 없이 그림의 자리에서 리레극딜하면
발판이 깨져도 바로 아래발판에 안착되면서 리레 안사라지고 팰수있음
4. 2페의 나팔은 굳이 나팔과 같은 발판이 아니라 그 바로 위 발판에서 풀어도 사용이 됨
(활용1.)그래서 루시드 돌진 패턴때 여차하면 나팔 위 발판의 안전지대에서 패턴도 피하면서 나팔도 풀 수 있음
예를들어 루시드가 패턴쓰러 사라졌다가 다시 나타날 때에는 사라졌던 자리에서 다시 나타나는데,
만약 루시드가 맵 상단에서 패턴쓰러 사라졌을경우 나팔까지 내려와서 나팔풀고 다시 올라갈 필요가 없다는 뜻
(활용2.)
나팔 풀어야 하는데 갑자기 소환수패턴? 어떡하지? 할 때 11시 맨 윗 발판에서 나팔 풀면 됨
거기에 돌진패턴까지? 발판 왼끝에 붙어서 풀면 소환수+돌진 피하면서 나팔풀기 가능
(활용3.)나팔 풀어야 하는데 레이저 패턴이 왔다? 나팔 윗발판에서 나팔풀기 시작하고 키다운 유지한 상태로
아래점프하면 안끊기고 풀기 가능함
5. 나팔을 풀면서 공격스킬 사용이 가능함
1페, 2페 모두 활용이 가능한데 나팔 풀면서 나팔 앞의 골렘들을 미리 제거 할 수 있음
특히 1페에서 소환수 피할때 좌우끝에서 나팔 푸는 일이 많을텐데
그때 미리 골렘 제거해두면 소환수 끝나고 바로 루시드 패기 가능
또한 나팔이 풀리는 범위 내에서 약간의 이동도 가능하니 살짝살짝 무빙하면서 나팔 풀기도 가능함"
https://www.inven.co.kr/board/maple/2304/43232,기타,어빌리티 이거 잠구고 돌릴까요?,클러치,2025-02-26 14:03,93748,60,"어빌리티 돌리다 보면 꼭 나오는 말입니다
그런데 종결 어빌이 다르고, 현재 필요한 어빌이 다르고
옵션별로 확률도 다르다 보니
이를 확실히 알기가 참 어려운데요
한번 정리해봤습니다.
- 레전더리 (첫째줄)
1. 재사용 대기시간 미적용 (배율 4,
최고수치확률
10%) - 평균 54회
2. 보스 공격시 데미지 % 증가 (배율 5,
최고수치확률
10%) - 평균 43.2회
3. 버프 지속시간 % 증가 (배율 2,
최고수치확률
10%) - 평균 108회
- 유니크 (두번째, 세번째줄)
유니크 확률은 일단 처음에
에픽vs유니크 확률을 뚫어야 합니다 (15%확률)
이를 감안해서 계산되었습니다.
1. 재사용 대기시간 미적용 (배율 4,
최고수치확률
10%) - 평균 355회
2. 보스 공격시 데미지 % 증가 (배율 2,
최고수치확률
10%) - 평균 710회
3. 크리티걸 확률 % 증가 (배율 1,
최고수치확률
10%) - 평균 1420회
4. 상태이상 데미지 % 증가 (배율 4,
최고수치확률
25%) - 평균 355회
5. 버프 지속시간 % 증가 (배율 2,
최고수치확률
10%) - 평균 710회
6. 공격력 증가 (배율 3,
최고수치확률
25%) - 평균 473회
이제 이 두개를 비교해보면
레전더리의 기댓값은 유니크 기댓값에 비해 매우 낮다는걸 알 수 있습니다
괜히 2, 3번째 먼저 뽑으라는 말이 나오는게 아닙니다.
그다음 어빌리티가 돌아가는 방식에 대해서도 한번 알아야 합니다
어빌리티는 한번 재설정하는데 8000 명성치가 필요하고
1개 고정하면 11000 명성치
2개 고정하면 16000 명성치
가 필요합니다
하나도 고정 안하면
유니크 한줄을 각각
4000 명성치
에 돌리는 것이고
한줄 고정하고 돌리면
11000 명성치
에 한줄씩 돌리는겁니다.
거의 3배차이 나니, 고정 하기 전에
유니크 한 줄 가장힘든거를 뽑는게 매우 중요합니다.
위에 계산한 확률에 따라
종결 어빌리티를 뽑기 위해서는
레전더리를 가장 마지막에 뽑는 것이 좋습니다.
우리가 쓰는 어빌리티는
재보상
보재상
보크상
보상공
벞보상
보벞상
정도 종결 어빌리티가 있습니다
따라서 우리가 확인해야 하는건
유니크 2개줄의 난이도를 제일 먼저 확인해야합니다.
그런데 보시면 알겠지만, 상추뎀은 대부분 종결 어빌리티에 포함되어 있습니다
따라서
대부분
상추뎀을 늦게 뽑는다는 마인드
로 하면 됩니다.
다만
재사용 + 상추뎀
공격력 + 상추뎀
이 두가지 조합은
둘의 난이도가 같거나 비슷하니
둘중 먼저 나온걸 킵하고 뽑아주면 됩니다.
그 외의 경우는 무조건 상추뎀을 나중에 뽑아야합니다.
마지막으로 수치 종결부분입니다.
수치 최대 확률이
공격력, 상추뎀은 25%
나머지는 10%
입니다.
레전더리 옵션은 수치 만땅 확률이
10%
입니다.
이를 종합해서 보면 3줄 완성 상태에서
카써큘(블써큘) 필요량이
일반적인 경우 400개, 보상공에 한해서 160개 입니다.
너무 어렵습니다
그래서 보통
유니크 두줄만 보고 최고수치로 만들고,
레전더리 첫번째줄은 명성치로
최고수치를 띄우는게 제일 베스트입니다.
하지만 여기도 예외가 있습니다.
벞보상의 경우,
첫줄 벞지 만땅 수치를 뽑기 위해선 1080회 리롤이 필요합니다.
유니크 상추뎀 만땅 수치를 뽑기 위해선 1420회 리롤이 필요합니다.
중간과정을 살펴보면
X보상 상태에서 수치만땅 카서큘은 평균 40개 + 첫줄벞지만땅 1080회 리롤
벞보X 상태에서 수치만땅 카서큘은 평균 100개 + 상추뎀만땅 1420회 리롤
이 필요합니다
따라서
X보X 상태인데, 보공10% 만땅으로 돌리다가
벞지가 만땅으로 뜨거나, 상추뎀이 만땅으로 뜨면
1080회 vs 1420회 정도 차이이니
먼저 뜬거로 나머지 노리는 것도 방법입니다.
계산이 길었습니다
그래서 이를 토대로 종결 어빌 뽑는 과정을 정리해보자면
순서는
유니크1줄 -> 유니크2줄 -> 첫번째 한줄
이 순서입니다.
0. 임시로 쓸 어빌은 레전1줄 + 에픽or유니크1줄 쯤으로 컷해서 계속쓰기
1. 유니크 1줄을 먼저뽑기
단,
공격력+상추뎀 or 재사용+상추뎀
조합은 먼저 뜨는거부터
나머지는 무조건
상추뎀을 나중에 뽑기
2. 유니크 나머지 1줄 뽑기
단, 벞보상의 경우 첫줄 벞지 난이도가 첫번째 줄 중에서 가장 어려우니
벞지가 떠도 멈추는 것을 고려하기 (1080회 vs 1420회 차이)
하지만 카써큘이 더 많이 들어가는 것 참고 (40개 vs 100개 차이)
3. 카써큘(블써큘) 이용해서 유니크 두 줄 수치 만땅으로 만들기
대부분의 조합에서는 평균
40개
만에, 상추뎀+공격력의 경우는 평균
16개
만의 달성 가능
4. 레전더리 첫줄 만땅 뽑기
가장쉬운 보공 기준으로
691만2000 명성치
로 뽑을 수 있습니다. (반값 썬데이는
345만6000 명성치
)
마지막으로
사실 어빌리티는 이론상 최적화가 있지만
필요한 명성치의 양이나 써큘레이터 개수에 따라
실제로 이렇게 돌아가기는 쉽지 않습니다.
""아니 난 수치만땅은 블써큘 돌리다 보면 뜨겠지~~""
라고 생각하시면 블써큘 구간을 스킵하고,
마지막 레전더리 첫줄 만땅도 스킵해서
일단 3줄 완성 시켜놓고, 블써큘 계속 던져도 되는거고요
""난 복잡해서 그냥 먼저뜨는거 하나씩 잠구면서 돌릴래~~""
라고 생각하고 그냥 해도 사실 큰 상관 없습니다.
다만,
""나는 꼭 이 본캐는 어빌 종결로 절대 안건드릴만한 옵션 뽑을거야""
라고 생각하시고 재화를 모아두셨다면
위와 같은 방법으로 하시는 것을 추천드립니다"
https://www.inven.co.kr/board/maple/2304/43216,몬스터,발드릭스 2페 패턴 공략 (2편),,2025-02-25 04:23,21791,17,"​
​
마력 도넛
유형은 총 4가지로
5번 점점 커짐 (0 - 1 - 2 - 3 - 4)
4번 점점 커짐 (0 - 1 - 2 - 3)
5번 점점 작아짐 (4 - 3 - 2 - 1 - 0)
4번 점점 작아짐 (3 - 2 - 1 - 0)
체비뎀 35%(노말) 40%(하드) 게이지 220(노말) 250(하드)
쿨25초
​
​
원이 검해질때가 피격 판정이여서 이후엔 지나가셔도 후딜은 따로 없습니다
혹은 검해지기전에 이동해서 피하시는 것도 방법입니다
​
​
광범위 타겟팅 번개
체비뎀 40%(노말) 45%(하드) 게이지 260(노말) 300(하드)
쿨40초
번개는 고정 되고 1.2초 후 피격 판정입니다
광범위 타겟팅
번개 마지막 3번째 후
바닥 전기
가 이어서 나옵니다
체비뎀 80%(노말) 90%(하드) 게이지260(노말) 300(하드)
쿨40초
​
​
복불복 원혼 발사
체비뎀 46%(노말) 60%(하드)
쿨15초
​
​
뭉친 원혼이 폭발하면서 3개의 투사체가 발사 됩니다
투사체의 방향은 정해져 있습니다
​
​
가끔 복불복으로? 투사체가 안나옵니다
게이지는 안오르므로 맞아도 크게 상관은 없습니다
​
​
꽃 레이저
체비뎀 25%(노말) 35%(하드) 게이지 130(노말) 150(하드)
쿨20초
순차적으로 꽃 레이저가 생성·발사되기에 상황 따라 다를 순 있지만
일찍 발사된 곳으로 피하시면 대체로 좋을 수 있고 주로 양쪽 좌우 구석에는 잘 안 나오는 편입니다
특수패턴
​
​
게이지 1단계시 등장 하는 마력 포탈입니다
1타 체비뎀 40% 게이지 400 에어본
2타 체비뎀 50%(노말) 70%(하드) 게이지 500(노말) 600(하드)
쿨30초
2-1에서 나오는 것과 동일합니다
​
​
게이지 2단계시 등장하는 파랑 보라(램덤)기둥
입니다
체비뎀40% 게이지300
쿨15초
​
​
광역 손날 치기 (파랑)
주먹 내려 치기 (보라)
체비뎀 50%(노말) 60%(하드)
슈퍼넉백
게이지 400
쿨30초(노말) 25초(하드)
파랑~보라 순서는 램덤으로 등장 합니다
파랑은 엎드려야 안맞고 보라는 안에 들어가야 안맞습니다
​
​
파랑 보라 마력 칼날
각 색상의 공격이 2번씩 나옵니다
체비뎀40%(노말) 50%(하드) 게이지400(노말) 500(하드)
쿨20초
​
​
파랑 보라 기둥(램덤)
체비뎀40% 게이지300
쿨15초
맵에 파랑 혹은 보라 색상 3개의 기둥이 나타납니다
보라색은 안에 들어가야 안맞습니다
​
​
​
​
파랑 보라 구슬
파란색 구체는 멈추는 순간 구슬 안에 있으면 강제 위치 텔포와 피격 됩니다
반대로 보라색 구체는 2.7초 안에 구슬 안에 있지 않으면 강제 위치 텔포와 피격 됩니다
체비뎀 50%(노말) 70%(하드) 게이지 600(노말) 700(하드)
쿨35초
특수패턴
​
​
게이지1단계시 등장하는
마력 칼날
체비뎀40%(노말) 50%(하드) 게이지400(노말) 500(하드)
쿨20초
2-1에서 등장 하는 것과 같습니다 파란색만 2번 등장 합니다
​
​
2-3은 기본적으로 마력 칼날들이 있기에 파랑 게이지가 쌓이게 될 경우 지옥도를 경험하게 됩니다..
​
​
게이지 2단계시 등장 하는
꽃 레이저
입니다
체비뎀 25%(노말) 35%(하드) 게이지130(노말) 150(하드)
쿨20초
2-2 중앙에서 나오는 것과 같습니다
새벽에 작성하여 다소 부족하고 추후 무조건 수정 예정 이오니
틀린 부분이나 도움이 될 정보 댓글or쪽지 남겨 주시면 감사합니다 !
자료 참조 = https://m.blog.naver.com/yoonv72/223761729008
1~3페 공략 수정은 댓글or쪽지로 틀린 점이나 도움 되는 정보를 제보 받거나...
아마...제가 290 달성 하고 발드릭스를 많이 해보면서 새롭게 정보를 터득 하는 경우에 할것 같습니다
앵컴 8배와 24시간 사우나 열심히 쓰고 있네요...
유력 렙업 날짜는 3월6일..? (앵컴으로 마무리?)
290 달성 후...보다 더 좋은 자료로 수정 해보도록 하겠습니다..! (꾸벅)
긴 글 봐주셔서 감사합니다 !"
https://www.inven.co.kr/board/maple/2304/43214,몬스터,발드릭스 2페 패턴 공략 (1편),,2025-02-25 03:43,22209,13,"파랑 게이지
1인 기준 1단계(2스택) 2단계(5스택) 3단계(8스택)
2인 기준 1단계(4스택) 2단계(8스택) 3단계(11스택)
3인 기준 1단계(6스택) 2단계(11스택) 3단계(14스택)
보라 게이지
1인 기준 1단계(1스택) 2단계(2스택) 3단계(3스택) 4단계(4스택) 5단계(5스택)
2인 기준 1단계(2스택) 2단계(4스택) 3단계(6스택) 4단계(8스택) 5단계(10스택)
3인 기준 1단계(3스택) 2단계(6스택) 3단계(8스택) 4단계(10스택) 5단계(12스택)
보라 게이지의 경우 1칸이 안찬 상태에서 2분마다 자동으로 맵 넘어갈때
아예 마력 잠식 수치가 아예 안올라가거나 적게 오릅니다
예시
3인 기준
2스택 = 마력 잠식 수치 증가량 0
9스택 = 마력 잠식 수치 증가량 150
단계를 높이는 스택의 수가 충족 하지 않는다면 그만큼 아래 단계나 0으로 적용 됩니다
2페이즈 공통 패턴 설명
​
​
마력 폭풍
체비뎀 60%(노말) 70%(하드) 게이지 600(노말) 700(하드)
등장 위치는 왼쪽이나 오른쪽으로 램덤입니다
쿨45초
마력 폭풍의 이동 경로 끝에 보시면
​
​
셋중 하나로 폭풍이 어디로 갈지 알려줍니다
간혹 마력 폭풍 이동 경로 끝에 표시가 없는 경우엔
해당 방 에서 폭풍이 끝나는 거 여서 따로
브리핑은 안하셔도 됩니다
​
​
마력 폭풍 피격 범위
엎드리면 피할수 있습니다
예전에는 모법의 눕텔로도 피할수 있었으나 3월? 패치후 막혔습니당
​
​
마력 번개
체비뎀30% 게이지 200(노말) 300(하드)
맵에 3~4개의 번개가 나타납니다
쿨5초
​
​
생각보다 피격 판정이 크니 위에 구체의 크기에 맞게 피해 주시면 좋겠습니다
​
​
중앙 게이지가 1000이 되는 순간 해당 캐릭터가 있던 자리에 마력 기둥이 나타납니다
체비뎀 30%(노말) 40%(하드) 게이지는 안올라가기에 다른 패턴 피해야 할때 그냥 맞으셔도 무방합니다
​
​
기둥이 솟아 올라올때만 피격 판정이고 총 3번 공격 합니다
​
​
마력 포탈
캐릭터를 따라 다니다가 5초 후 솟아 올라옵니다
1타 체비뎀 40% 게이지 400 에어본
2타 체비뎀 50%(노말) 70%(하드) 게이지 500(노말) 600(하드)
쿨30초
​
​
바닥에서 1타후 공중에서 2타 공격이 나옵니다
​
​
마력 칼날
체비뎀 40%(노말) 50%(하드) 게이지 400(노말) 500(하드)
쿨20초
넒은 범위의 이동 경로를 보여준 후 1개씩 2번 나옵니다
​
​
마력 숨결
체비뎀60%(노말) 70%(하드) 게이지600
쿨20초
좌 우 위치 램덤으로 생성 되며
끌어 땡기기를 하기에
리레 극딜시
주의가 필요 합니다
2025년 3월20일 패치로 인해 리레 탈출해도
리레 영역이 그대로 남게 되어 난이도가 내려갔습니다
​
​
피격 판정은 입을 다물때 입니다
​
​
마력 타겟팅
1타 체비뎀 20% 게이지 200
2타 체비뎀 40% 게이지 300
3타 체비뎀 50%(노말) 70%(하드) 게이지 400
쿨 18초(노말) 12초(하드)
맵 위에 3개의 마력 타겟팅이 생기며 캐릭터가 있던 좌표로 오기에 유도 할수 있습니다
표식의 경우 크게 신경 안쓰셔도 됩니다
특수패턴
​
​
게이지 1단계시 등장하는 광역 손날 치기(파랑) + 주먹 내려치기(보라)입니다
파랑 보라의 순서는 램덤으로 등장합니다
체비뎀 50%(노말) 60%(하드) 넉백 게이지400
쿨30초(노말) 25초(하드)
​
​
게이지 2단계시 등장 하는
꽃 레이저
입니다
맵에 총10개의 꽃레이저가 생성되며
10개 모두 한번에 발사 되는 것이 아닌 시간 딜레이를 두고 공격합니다
(설치 되는 곳의 유형은 총6가지)
체비뎀 25%(노말) 35%(하드) 게이지 130(노말) 150(하드)
쿨20초
2-2와 2-3에 대한 정보는
https://www.inven.co.kr/board/maple/2304/43216
참조 해주시면 되겠습니당
새벽에 작성하여 다소 부족하고 추후 무조건 수정 예정 이오니
틀린 부분이나 도움이 될 정보 댓글 남겨 주시면 감사합니다 !
자료 참조 = https://m.blog.naver.com/yoonv72/223761729008"
https://www.inven.co.kr/board/maple/2304/43178,사냥,4배 경쿠 / vip 부스터 효율적인 사용법,,2025-02-22 15:08,47489,10,"결론부터 말하자면 4배 경쿠는 이번 썬데이 땐 안 쓰는 게 낫고
룬 썬데이 때는 쓰는게 약간 좋지만 존버해야만 할 정도는 아님
vip부스터는 룬 썬데이 대비 10개(수정: 11개)만 남겨놓고 대충 아무날 3배룬이나 4배에 맞춰서 쓰면 됨
단 챔버 리더 캐릭터로 사용할 경우 10만마리 한정 추경 15퍼 버프가 있으니 10만마리를 다 잡아버리기 전에 사용하는 것을 추천함
룬 강화효과가 없는 이번 사냥 썬데이는 필드효과는 현상금 다섯배 하나만임
그런데 폴로와 에스페시아는 추경에 +400%가 합산되는 방식이라 경쿠의 종류와 무관한 효율이고
프리토와 불늑은 클리어 경험치에 ×5가 되는 방식이라 오히려 좋은 경쿠일 수록 손해를 보게 됨 2배를 쓰든 4배를 쓰든 같은 경험치를 받는데 경쿠 시간은 똑같이 줄어드니까
그래서 이번 썬데이 때는 4배 경쿠는 커녕 구석에 굴러다니던 2배 경쿠 쓰는 게 더 효율적인 거임
vip부스터 쓸 거면 3배 경쿠 쓰고
이러면 나중에 룬 효과까지 낀 사냥썬데이가 나올 수 있는데 그 때 vip부스터 써야하니 4배 존버해야만 하지 않느냐 할 수 있는데 그것도 꼭 그렇진 않음
룬쿨이 짧아져서 4배룬 부스터를 더 쓸 수 있다는 점 때문에 약간 이득을 보긴하는데
이틀동안 4배 경쿠 1장과 3배 경쿠들로 vip부스터 20개를 쓴다고 했을 때
[평일] 3배룬으로 10개
[룬 썬데이] 4배룬으로 6개 3배룬으로 4개
혹은
[평일] 4배(룬)로 10개
[룬 썬데이] 3배룬으로 10개
두 가지 경우가 있을 거임
계산해보면 룬 썬데이에 4배를 쓰는 게 추경 600퍼 기준 부스터 17초 가량 차이남
이득이긴 하나 엄청난 차이는 아니고 상기했던 프리토 경쿠손실도 있으니 존버할 거면 하고 그냥 쓸 거면 써도 될 정도라 봄
첨언하자면 헥사부스터를 2개 이상 만들 수 있으면 룬 썬데이 때 4배 2장을 다 쓰는 것도 나름 효율이 나온다
+추가) 댓글에도 나오지만 자정에 접속 가능한 사람은 부스터를 11개 이상 남겨놨다 자정 직전에 사용하고 룬 까는 게 좋고
3월 9일 썬데이같은 경우 현상금 없이 룬 썬데이만 들고 왔기 때문에 당연하게도 이 때 4배랑 부스터 터는 게 더 좋다"
https://www.inven.co.kr/board/maple/2304/43157,기타,추가 사과 보상 및 오늘 업데이트 신규 사항 요약,,2025-02-20 17:29,49146,26,"[수정/추가 사항]
1. 팁게에서도 보실 수 있게 본문으로 갱신했습니다
----------
안녕하세요
이 글은 오늘 업데이트로 신규 추가 혹은 변경된 사항을 모은 것입니다. 더불어 같이 보실 만한 내용도 덧붙입니다
빠뜨리거나 잘못 적힌 부분은 말씀 부탁 드립니다. 오늘은 바로바로 수정이 어렵더라도 최대한 하겠습니다
★2/20 <챔피언 더블 업> 오류 보상★
★패치 후 메할일&주의 사항★ : 이전 글에서 보신 분들은 밑으로!
1. 기존과 동일한 메할일들
1) <하이퍼 버닝 MAX> : ~3/18
2)
<챌린저스 월드> : ~5/21 : 총 22주 중 13주 남음
- 남은 사냥 미션 개근 포인트 : 총 6500 포인트
- 남은 사냥 미션 개근 코인 개수 : 총 19500개
* <챌린저스 월드> 점수 계산기 :
https://meaegi.com/calc/challengers-world-mission
3) <아이템 버닝> : ~6/18
2. 필수에 가까운 메할일들
1) [메이플ID당]일일 축제 준비(=일일 만찬 준비) : 출석 보상/보약SP
- 일일 1회 접속 출석 : 1주 최대 5회 x 7주
https://upload3.inven.co.kr/upload/2025/02/17/bbs/i1500656934.png?MW=800
* 1일차 보상 : <아이템 버닝> 상자(장비 기간 : ~6/18)
2) [월드당]특제 문어요리 뷔페(=새벽별빛 채집)
- 1)에서 얻은 SP로 보약 스킬 찍기
3) [메이플ID당]
주간 축제 준비&챔피언 더블 업(=특별 만찬 준비) : 각 코인샵 코인
- 레범몬 1주마다 총 6천 마리(1회에 2천 마리씩 3회) 병행 퇴치 x 7주
4) [메이플ID당]격돌! 사도의 전장
- 하드 발드릭스가 격파된 후 일일 보상(VIP 버프)과 격파 보상 수령하기
★ 기존의 보스 코인샵을 대체하는 <챔피언 챌린지> 는 3/20부터 시작
3. 필요에 따라 참여 메할일들
1) [메이플ID당]집중 소탕 작전 : 사우나/상급 EXP/솔 에르다
- 1단계당 1만 마리 : 1주마다 5단계까지 진행 가능하여 총 5만 마리 x 8주
- 메포로 패스 구매 시 동일한 미션 한 번 더 수행 가능 - 5만 마리 더해서 10만 마리
2) [메이플ID당]황금 문어 키우기 : 상급 EXP/솔 에르다/조각
- 강화 시 채집 키를 꾹 눌러야 합니다 / 사라지면 UI에서 마우스 꾹
- 1주마다 가능 : 운에 따라 요구 마릿수 달라짐 x 4주
- 키우던 문어의 보상을 받거나 도망간 후에 나머지 알들도 키울 수 있습니다. 1주에 최대 3마리까지
- 레범몬 최대치는 문어 1마리당 100회 강화 기준 30700마리 입니다 x 3
- 알 수령은 3개 동시에 되어 월드마다 종류별로 나눠 받을 수 없음
- 단, 보상이 월드 내 교환 가능에 보상 사용 기간이 이벤트 끝날 때까지므로 <챌린저스 월드>에서 참여하고 리프로 옮겨줄 수는 있음
3) [메이플ID당]챔피언 더블 업
- 최대 10만 마리까지 더블 업 EXP 포인트 누적 가능 / 리더는 경험치 버프 효과 x 8주
챔피언 더블 업 주의 사항 ★
- 이벤트에 참여할 캐릭터 선택은 이후에 절대 교체 불가하므로 신중히 하기
- 리더와 팔로워끼리는 1주에 1번 ""서로"" 자리 교체 가능함
- <챔피언 챌린지(보스 격파 이벤트)> 와는 선택 월드와 캐릭터 상관 없습니다
- 캐릭터 지정을 안 한 상태에서도 포인트와 코인은 쌓이므로 리더만 정한 후 팔로워는 나중에 지정해도 됨 : 101레벨 이상
★캐시 업데이트 관련 사항★
1. <캐시 이동> : 금요일 10시~금요일 10시
2. [~3/19]
NPC 스타일 어워즈 패키지 2차
:
https://maplestory.nexon.com/News/CashShop/Sale/531
- 선택권 4개 묶음 47900캐시
- 각각 14900캐시
3. [~3/19]신규 스라벨 :
https://maplestory.nexon.com/News/CashShop/Sale/530
* 로얄 스타일 목록 :
https://www.inven.co.kr/board/maple/5974/4704959
4. [~3/20]프리미엄 헤쿠/성쿠 목록 변경 :
https://maplestory.nexon.com/News/CashShop/Sale/529
5. 초이스 헤어/성형 쿠폰 목록 변경 :
https://maplestory.nexon.com/News/CashShop/Sale/528
★주요 신규&변경 사항★
1. 이벤트 관련 추가 사항
1) ■ 썬데이 메이플
- 일요일에 한해 화면 좌측의 썬데이 메이플 아이콘을 눌러 당일의 썬데이 메이플 혜택을 확인할 수 있는 기능이 추
가됩니다.
2) ※ 정해진 확률로 황금 문어가 2레벨 성장하며, 해당 확률은 성공 확률에 포함되어 있습니다.
2.. <메이플 핸즈> 관련 공지사항
■ 메이플핸즈+에 메이플 옥션 기능이 추가되었습니다.
-
언제 어디서든 메이플핸즈+를 통해 메이플 옥션을 이용해 보세요.
- 메이플핸즈+앱에서 넥슨ID 로그인 후 캐릭터 카드 하단의 [메이플 옥션]을 통해 입장할 수 있습니다. 기존 메이플핸즈+를 사용하고 계신 용사님들은 앱 업데이트를 부탁드립니다.
※ iOS용 메이플핸즈+의 메이플 옥션은 추후 업데이트될 예정입니다.
- 메이플핸즈+ 메이플 옥션은 넥슨 안심기기 서비스 가입 후 안심기기로 등록된 기기에서만 이용할 수 있습니다.
- 메이플스토리(PC)와 메이플핸즈+ 메이플 옥션은 넥슨ID 기준 중복 접속할 수 없습니다. 메이플핸즈+에서 메이플 옥션 접속 중 동일 넥슨ID로 메이플스토리(PC) 접속 시 메이플핸즈+의 메이플 옥션 접속이 종료됩니다.
- 메이플핸즈+ 메이플 옥션에서는 아래와 같은 기능을 사용할 수 있습니다.
· 판매 중인 아이템 검색 및 구매
· 시세 검색
· 찜하기
· 판매 기간이 만료된 아이템 재등록
※ 안전한 메이플 옥션 이용을 위해 구매 아이템 수령 및 판매 등록은 메이플스토리(PC)에서만 가능합니다.
※ 메이플스토리 점검 중에는 메이플핸즈+ 메이플 옥션을 이용할 수 없습니다.
3. <메소샵> : 이전 글에서 말씀 못 드렸던 착샷들
4. 이외 확인 필요했던 것들 등
1) 추후 변경될 수 있다고 안내됐던 하드 발드릭스 입장 시간 이번 공지에서는 변경 없음 : 금요일 오후 7시
2) <카르시온 옥토 페스타> 이벤트 업적 없음
3) 본섭 건너 오면서 추가된 이벤트 없음
4) [2/21 0시~4/17] 후속 PC방 이벤트 관련 변경 사항 없음
5) PC방 이벤트 전투복 기간 60일 확정
6) <카르시온 옥토 페스타> 출석 커스텀 배경 보상 착샷
7) 이벤트의 블큐/화에큐 수급처도 변경 없이 그대로 와서 이번 달엔 따로 수급처가 없습니다. 큐브/프악공 /놀긍혼 등이 포함된, 보스 코인샵과 거의 동일한 구성의 코인샵은 3/20에 들어옵니다 : <챔피언 챌린지>
8) 메이플 NOW 사과 보상 2/26까지입니다
▶ 2/20 [NEXT] 3차 업데이트 전체 미리보기 최신판 : 전체 이벤트&변경사항&다음 테섭 일정 등 :
https://www.inven.co.kr/board/maple/2304/43117
----------
4추만 보내주시면 감사드리겠습니다"
https://www.inven.co.kr/board/maple/2304/43145,몬스터,발드릭스 3페 패턴 공략,,2025-02-20 05:57,41917,23,"특수패턴
신의 창의 가호 등장 조건은
2페에서 파란색 게이지를 한칸도 안채운채로
3페 입장후 2분뒤 나오는 종말 패턴의 게이지 300 상승을
한번
만 막아줍니다
게이지 1단계 2단계 3단계에 따라
도끼 무늬가 달라지면서 캐릭터 머리위에 표시됩니다​
보라 도끼(게이지3단계)가 뜰 경우
1.잔상
2.마력의 돌
3.마력의 꽃
이외의 모든 공격은
체비뎀100%
로 들어오기에
맞을꺼 같을 경우 무조건 뎀감기or보호막or무적기 쓰셔야 합니다
파티 공용 무적.뎀감.보호막이 있는 스킬을 보유한 직업이 있는 파티라면
보라 도끼 떴다고 브리핑 해주시면 케어 해주실 것입니다
보스 패턴에 피격 되면 더 빨리 나타나고 이는 파티 공용이 아닌 개인입니다
예시)
1.누군가는 게이지가 1단계 누군가는 3단계 일수 있습니다
2.모두 동일하게 보스 패턴에 안맞았거나 똑같이 맞았다면 게이지는 동일하게 굴러갑니다
​
​
123타 공격
1~2타 체비뎀 40% 게이지 120
3타 체비뎀 60% 게이지 150
쿨24초
잔상 게이지(300~1000) 1~3단계 게이지 감소량
1.100
2.130
3.160
​
​
123타 피격 범위
엎드리면 전부 피할수 있습니다
2타의 경우 뒤에선 안맞기에 게속 딜 하시면 좋습니다
1타 2타 3타 잔상 맞을께요 같은식으로 브리핑 해주시면 좋습니다
​
​
​
​
​
​
​
전방 전방 공격
전방 후방 공격
1타 체비뎀30% 게이지 70(노말) 80(하드)
2타 체비뎀35%(노말) 40%(하드) 게이지 70(노말) 80(하드) 넉백
쿨12초
잔상 게이지(300~1000) 1~3단계 게이지 감소량
1.40
2.65
3.90
전방 전방의 경우 살짝 딜레이가 느린게 포인트
입니다
전방 전방  or 전방 후방
잔상
맞을께요
라고 브리핑 해주시면 좋습니다
​
​
짦은 돌진
체비뎀 25%(노말) 30%(하드) 게이지 35(노말) 40(하드) 넉백
잔상 게이지(300~1000) 1~3단계 게이지 감소량
1.20
2.40
3.60
​
​
짦은 돌진 피격 범위
짦돌 이라 브리핑 해주시면 좋습니다
잠깐 앞으로 빠지거나 보스 뒤로 가시면 되겠습니다
​
​
바닥 좌표 돌진
체비뎀 25%(노말) 35%(하드) 넉백 게이지 50(노말) 60(하드)
잔상 게이지(300~1000) 1~3단계 게이지 감소량
1.30
2.55
3.80
​
​
발드릭스가 지나가는거에 맞아도 피격 X​ 해당
바닥 표시에 있어야 피격 판정 입니다
잔상도 동일합니다
​
​
중앙 포탈 들어간 방향에 따라 좌~우 돌진으로 나옵니다
​
​
체비뎀 50%(노말) 60%(하드) 게이지 130(노말) 150(하드)
쿨35초
잔상 게이지(300~1000) 1~3단계 게이지 감소량
1.60
2.90
3.120
발드릭스가 중앙 포탈에 들어가는 방향에 따라 나오는 방향이 정해져 있습니다
왼쪽으로 들어 갔으면 왼쪽으로 나오고
오른쪽으로 들어 갔으면 오른쪽으로 나옵니다
출처 = 크로아 서버 딘니님
포탈에 들어가는 위치를 보고 빠르게 나올 방향 브리핑 해주셔야 합니다만..
이렇게 까지 하면 너무 피곤하다 보니...
보통은 중앙 포탈이 나오면 포탈의 중앙으로 가서 대기 하다가
포탈에서
발드릭스가 나올 방향으로
전조
이펙트가 나오기에 해당 이펙트의 반대로 가서 잠깐 기다렸다가
가시면 되는데 너무 바로 가시진 말고 발드릭스가 중앙 포탈에서 발드릭스가 나온 후 구석에서
완벽하게 멈췄을때만 피격 판정이 아니게 됩니다 고로 발드릭스 자체에는 바로 붙진 마셔야 합니다
보스에 안붙는 조건이라면 발드릭스가 포탈에서 나온 후
일정거리 간격이 되면 그냥 바로 가서 잔상 맞으시면 됩니다
요약하자면 발드릭스가 포탈에서 나왔을때 발드릭스에 바로 닿지 말라는 것입니다
​
​
영역전개 후 폭발
영역 밖 1초마다 체비뎀 10%(영혼 처형때 밖에 있으면 체비뎀100%) 게이지 12(노말) 15(하드) 1.2초 암흑
2페에서 파란색 낙인 최대치로 3페 진입 했을 경우
게이지 16(노말) 22(하드)로 증가합니다
영역전개(눈보라)때는 123타 공격을 특히 주의 하셔야 합니다
123타 공격 특성상
드리프트
를 자주 하기에 보스에 바짝 붙으셔야 합니다
​
​
​
10초 후 영역전개 폭발
체비뎀 80%(노말) 90%(하드) 게이지100
쿨50초
모션은 생성때와 동일하게 손을 올리면서 동그란 구슬이 보입니다
해당 모션이 보인다면 피해 입는거 없이 바로 밖에 나갈수 있습니다
보통 아무거나
패턴 2개
정도를 시전 하고 나면 대체로 폭발이 나옵니다
나갈 준비 or 나갈께요(모션 보고나서) 라고 브리핑 해주시면 좋습니다
​
​
마력의 꽃
(바인드 걸어도 나옴)
1타 체비뎀 20%(노말) 25%(하드) 게이지 15    2초 슬로우
2타 체비뎀 30%(노말) 35%(하드) 게이지 15    2초 슬로우
​
​
마력의 꽃 범위
보통 영혼 처형 상태에서 제일 위험한 놈이긴 하지만
100% 데미지로 들어오진 않고 위에 적힌 데미지대로 들어옵니다
위험한 이유는 슬로우가 길게 걸리기에 부가적인 패턴에 사망
하는 경우가 많습니다
보일때마다 꽃! 나와요 or 꽃! 조심 브리핑 해주시면 좋습니다
비숍분들은 파티원이 꽃에 피격되서 슬로우 판정인걸 보시면 상황따라 바로 디스펠 해주시면 좋습니다
​
​
보라(안쪽) 파랑(밖)
발드릭스의 손을 보시면 기둥 보다 더 빨리 색상 파악이 가능합니다
총4개의 유형으로 나옵니다
보라-보라-파랑
보라-파랑-보라
파랑-보라-보라
파랑-보라-파랑
체비뎀70%(노말) 80%(하드) 게이지 45(노말) 50(하드)
쿨50초
잔상 게이지(300~1000) 1~3단계 게이지 감소량
1.30
2.35
3.45
발드릭스는 보통 패턴을 연달아서 빽빽하게 게속 시전 하다보니
해당 패턴은 게이지 감소량이 낮은 패턴 이기에
굳이 해당 패턴의 잔상을 무리해서 맞을 필요는 없습니다
(안전 할거 같으면 맞으셔도 ok)
​
​
종말
(바인드 걸어도 나옴)
2분마다 인게임 내 모든 소리가 잠깐 사라집니다
약 5초간 발드릭스 무적
게이지 300 증가(2페때 파란색 게이지가 아예 없었다면 신의 창이 나와서 한번 막아줍니다)
개인적인 3페이즈 팁은 보스의 중앙(어깨 뿔)쪽에 게속 붙어서
패턴 나오는것에 맞게 반응하여 대처 하는게 가장 좋습니다
반대로 떨어져야 하는 경우는 보스가 구석에
너무 바짝 붙어 들어간 경우
구석 끝에
붙어도 피격 당하는 경우가 있습니다
새벽에 작성하여 다소 부족하고 추후 무조건 수정 예정 이오니
틀린 부분이나 도움이 될 정보 댓글 남겨 주시면 감사합니다!
자료 참조 = https://m.blog.naver.com/yoonv72/223761729008"
https://www.inven.co.kr/board/maple/2304/43143,몬스터,발드릭스 1페 패턴 공략,,2025-02-20 04:54,41787,22,"1~2페는 단일맵이지만
2분 마다 자동 맵 전환전에 바인드 저항이 남아있다면 브리핑 해주시면 좋습니다
이러한 경우는 보통 준극 박는 직업군 경우에 발생 하는 편 입니다
그리고
파티장 상관 없이 처음 가입 순서 그대로
방에 들어가기에
컴퓨터가 가장 좋으신 분 에게 파티장 넘기셔서 빠르게 스킵 하시면 좋겠습니다
​
​
발드릭스(본체)는 입장하고 약점 표시(빨강)가 뜰때 까지 공격이 불가능합니다 (약5초)
​
​
전방 내려찍기 후 후방 암흑 공격
전방 체비뎀 30% 게이지 130(노말) 180(하드)
후방 체비뎀 30% 게이지 60(노말) 80(하드) + 3초 암흑
쿨10초
​
​
전방 내려찍기 후 암흑 공격 범위
​
​
전방 밀격
체비뎀 40% 넉백 게이지 120(노말) 160(하드)
쿨10초
​
​
전방 밀격 범위
​
​
영혼 폭발 5번
체비뎀 20% 게이지 30(노말) 50(하드)
쿨18초(노말) 15초(하드)
맞으시면서 해도 크게 문제는 없습니다
+ 영역전개
​
​
영역전개 후 폭발
지속12초 후 폭발 체비뎀 60%(노말) 80%(하드) 게이지 250(노말) 350(하드)
영역 안에 들어 가지 않으면 약점이 보이지 않습니다
쿨20초
2분 방 자동 전환전에 피격 되면 위험하니 주의 하셔야 합니다
​
​
바닥 장판
장판 2개씩 4번 반복해서 나옵니다 체비뎀 25%(노말) 35%(하드) 게이지 70(노말) 100(하드)
피격시 5초간 발드릭스의 약점 표시가 안뜹니다
쿨10초
​
​
주의* 바인드를 걸어도 바닥 장판과 보라~파랑 레이저는 나옵니다
레투다 쓰는 직업군은 다소 주의가 필요합니다
특수패턴 1
특수패턴2
​
​
전방 내려찍기
체비뎀 40% 게이지 130(노말) 180(하드) 캐릭터 좌표 공격 2번 체비뎀 20% 게이지 65(노말) 90(하드)
쿨7.5초(노말) 6초(하드)
말의 앞발쪽만 아니면 처음 공격에 피격이 되진 않으니 중앙이나 뒤에 계셔도 안전합니다
​
​
운석
체비뎀 80%(노말) 90%(하드) 게이지 80(노말) 100(하드) 3초 스킬 봉인
쿨15초(노말) 13초(하드)
​
​
공중 내려찍기
체비뎀 90%(노말) 100%(하드) 게이지 260(노말) 350(하드)
쿨20초
높게 윗점 하시면 안맞기도 하지만 타이밍이 중요합니다
​
​
성게
1개(노말) 2개(하드)
처음 피격시엔 아무런 데미지나 게이지 상승이 없지만 성?게가 활성화가 되면서
또 다시 피격시엔 체비뎀20% 게이지 50(노말) 80(하드)
램덤 위치 텔포 당합니다
쿨20초
지속10초(자동으로 지워져요)
혹은 2번 일부로 피격 되면 바로 증발
​
​
양측 장벽
생성시의 솓아올라올때 피격시 체비뎀 90%
내부에 있을시 1초 마다 체비뎀 10%
쿨40초 지속 20초
해당 끝 자리에만 나오기에 크게 위협적이지 않은 패턴입니다
​
​
바닥 장판
체비뎀 30%(노말) 40%(하드) 게이지70(노말) 100(하드) 장판2개씩 4번 등장
쿨10초
말에선 따로 디버프 걸리는건 없습니다
​
​
바인드를 걸어도 성게.바닥 장판.사슬은 나옵니다
리레 반지 사용 하실땐 꼭 성게를 주의 하셔야 합니다
사슬의 경우엔 1초 기절이 있기에 말뚝딜 하셔야 하는 경우에
해방 무적이 없는 경우
에르다 의지나 직업 자체로 보유하신 의지 연달아 사용 하시는걸 추천 합니다
사슬
체비뎀 30% 5번(노말) 6번(하드) 게이지 40(노말) 60(하드) 1초 기절
쿨15초(노말) 12초(하드)
고대신 석상의 게이지가 750(3칸)이 되면
파티원이 받는 데미지의 15%(노말) 20%(하드)를 모두 함께 받습니다
게이지가1000(4칸)이 되면 데미지 25%(노말) 30%(하드)를 모두 함께 받습니다
​
​
엑스 ~ 십자가 공격
X나 +십자 모양의 패턴이 램덤한 순서로 나옵니다
체비뎀 30% 게이지 40(노말) 50(하드)
쿨7초
​
​
캐릭터 좌표 구체 공격
체비뎀 20% 게이지 15(노말) 20(하드) 6번 날라옵니다
쿨12초
게이지 상승폭이 적기에 맞으셔도 크게 문제는 되지 않습니다
​
​
석상 빙의
맵에 양측 각2개의 석상중 하나에 빙의를 2번만 반복 합니다
석상은 보스 체력 공유로 빙의된 석상도 게속 때리시면서
커다란 레이저(약 5초후 자동 발사)를 석상에 유도 시키셔서 맞추셔야 합니다
커다란 레이저를 석상 뒤가 아닌 앞에서 캐릭터가 맞을 경우
체비뎀 10% 게이지 35(노말) 50(하드) 1초 기절
석상에 레이저를 못맞췄을시 총6번까지 기회가 있습니다
패턴 지속시간 45초
고대신이 빙의된 석상 주변 돌기둥은 1초 미만의 간격으로 4번 공격 합니다
체비뎀 20%(노말) 25%(하드) 게이지 20(노말) 25(하드)
쿨6.5초
석상 빙의 패턴 실패시 게이지 250(1칸)상승
해당 패턴 할때에 주로 마력 틈새를 지우면 좋습니다
미니맵에 별도로 표시가 되는 마력틈새​
마력 틈새는 10초마다 등장합니다
​
​
X1 X2
X3
->
최종단계 (못지움)
양측 위아래와 중앙에 나타납니다
X1~3까지는 미니맵에 파란색으로 뜨고 최종단계는 보라색상으로 표시 됩니다
10초마다 마력 틈새의 X1 숫자가 늘어남과 동시에 또 다른곳에 하나가 더 생겨납니다
방향키 윗키를 누르면 틈새를 지울수 있습니다(공중 점프 상태에서도 가능)
입장 후 아예 안지웠을 경우
40초후 최종단계1개
50초후 최종단계2개
60초후 최종단계3개 (하드 기준 폭발)
1분10초후 최종단계4개 (노말 기준 폭발)
​
​
게이지만 500증가하고
즉시 맵의 마력 틈새는 전부 초기화 됩니다
마력틈새 폭발 후 남은 자동 맵 이동 시간
50초 안에
패턴에 일체 아예 안맞는다면...?
21초(노말) = 252게이지
25초(하드) = 250게이지
여기에 몇초 정도만 더 버티면 사실상 데카가 나가진 않습니다
보통 석상맵은 입장후
2~30초 간격으로 지우셔도 널널하니 평딜에 더욱 집중 하면 좋겠습니다
새벽에 작성하여 다소 부족하고 추후 무조건 수정 예정 이오니
틀린 부분이나 도움이 될 정보 댓글 남겨 주시면 감사합니다 !
자료 참조 = https://m.blog.naver.com/yoonv72/223761729008"
https://www.inven.co.kr/board/maple/2304/43117,기타,[2/20~]패치후 메할일&변경사항요약+@ 최신판 : NEXT 3차,,2025-02-18 13:43,83886,62,"[수정/추가 사항]
1. 2/20 기준으로 글 최신화
2. 2/23 썬데이 메이플
--------------------------
안녕하세요
이 글은 2/20(목) 진행되는 <NEXT> 3차 업데이트의 중요한 내용들을 각 테마 별로 빠르게 확인하실 수 있도록 한 글입니다. 이전에 글에서 미처 말씀 못 드린 내용들 등도 다 포함했습니다
글 순서는 이렇습니다
[목차]
1. 수요일 종료되는 사항들 -> 기간 지나서 삭제
2. 패치 후 메할일 체크 ◀ 진짜 바쁘시면 우선 순위
3. 캐시 업데이트 관련 사항
4. 메인 이벤트 중간 체크
5. 신규 이벤트 핵심 사항(+각 이벤트 공식 이름과 함께 한 줄로 보기)
6. 중요한 신규&변경&개선 사항들
7. 다음 달 정식 서버 업데이트 일정
잘못 적힌 부분은 말씀해 주시면 감사히 수정합니다
★패치 후 메할일 체크★
1. 기존과 동일한 메할일들
1) <하이퍼 버닝 MAX> : ~3/18
2)
<챌린저스 월드> : ~5/21 : 총 22주 중 13주 남음
- 남은 사냥 미션 개근 포인트 : 총 6500 포인트
- 남은 사냥 미션 개근 코인 개수 : 총 19500개
* <챌린저스 월드> 점수 계산기 :
https://meaegi.com/calc/challengers-world-mission
3) <아이템 버닝> : ~6/18
2. 필수에 가까운 메할일들
1) [메이플ID당]일일 축제 준비(=일일 만찬 준비) : 출석 보상/보약SP
- 일일 1회 접속 출석 : 1주 최대 5회 x 7주
https://upload3.inven.co.kr/upload/2025/02/17/bbs/i1500656934.png?MW=800
* 1일차 보상 : <아이템 버닝> 상자(장비 기간 : ~6/18)
2) [월드당]특제 문어요리 뷔페(=새벽별빛 채집)
- 1)에서 얻은 SP로 보약 스킬 찍기
3) [메이플ID당]
주간 축제 준비&챔피언 더블 업(=특별 만찬 준비) : 각 코인샵 코인
- 레범몬 1주마다 총 6천 마리(1회에 2천 마리씩 3회) 병행 퇴치 x 7주
4) [메이플ID당]격돌! 사도의 전장
- 하드 발드릭스가 격파된 후 일일 보상(VIP 버프)과 격파 보상 수령하기
★ 기존의 보스 코인샵을 대체하는 <챔피언 챌린지> 는 3/20부터 시작
3. 필요에 따라 참여 메할일들
1) [메이플ID당]집중 소탕 작전 : 사우나/상급 EXP/솔 에르다
- 1단계당 1만 마리 : 1주마다 5단계까지 진행 가능하여 총 5만 마리 x 8주
- 메포로 패스 구매 시 동일한 미션 한 번 더 수행 가능 - 5만 마리 더해서 10만 마리
2) [메이플ID당]황금 문어 키우기 : 상급 EXP/솔 에르다/조각
- 강화 시 채집 키를 꾹 눌러야 합니다 / 사라지면 UI에서 마우스 꾹
- 1주마다 가능 : 운에 따라 요구 마릿수 달라짐 x 4주
- 레범몬 최대치는 문어 1마리당 100회 강화 기준 30700마리 입니다
- 알 수령은 3개 동시에 되어 월드마다 종류별로 나눠 받을 수 없음
- 단, 보상이 월드 내 교환 가능에 보상 사용 기간이 이벤트 끝날 때까지므로 <챌린저스 월드>에서 참여하고 리프로 옮겨줄 수는 있음
3) [메이플ID당]챔피언 더블 업
- 최대 10만 마리까지 더블 업 EXP 포인트 누적 가능 / 리더는 경험치 버프 효과 x 8주
챔피언 더블 업 주의 사항 ★
- 이벤트에 참여할 캐릭터 선택은 이후에 절대 교체 불가하므로 신중히 하기
- 리더와 팔로워끼리는 1주에 1번 ""서로"" 자리 교체 가능함
- <챔피언 챌린지(보스 격파 이벤트)> 와는 선택 월드와 캐릭터 상관 없습니다
- 캐릭터 지정을 안 한 상태에서도 포인트와 코인은 쌓이므로 리더만 정한 후 팔로워는 나중에 지정해도 됨 : 101레벨 이상
★캐시 업데이트 관련 사항★
1. <캐시 이동> : 금요일 10시~금요일 10시
2. [~3/19]
NPC 스타일 어워즈 패키지 2차
:
https://maplestory.nexon.com/News/CashShop/Sale/531
- 선택권 4개 묶음 47900캐시
- 각각 14900캐시
3. [~3/19]신규 스라벨 :
https://maplestory.nexon.com/News/CashShop/Sale/530
* 로얄 스타일 목록 :
https://www.inven.co.kr/board/maple/5974/4704959
4. [~3/20]프리미엄 헤쿠/성쿠 목록 변경 :
https://maplestory.nexon.com/News/CashShop/Sale/529
5. 초이스 헤어/성형 쿠폰 목록 변경 :
https://maplestory.nexon.com/News/CashShop/Sale/528
★메인 이벤트 중간 체크 : 2/20(목) 0시 기준★
1) <하이퍼 버닝 MAX> : ~3/18
2)
<챌린저스 월드> : ~5/21 : 총 22주 중 13주 남음
- 남은 사냥 미션 개근 포인트 : 총 6500 포인트
- 남은 사냥 미션 개근 코인 개수 : 총 19500개
* 참고하면 좋은 <챌린저스 월드> 계산기 :
https://meaegi.com/calc/challengers-world-mission
3) <아이템 버닝> : ~6/18
★신규 이벤트 핵심 사항★
[신규 이벤트 공식 이름과 함께 한 줄로 보기]
1. 이벤트 개선 사항
2. 2/20~4/16 : <일일 축제 준비> : 접속 출석(=일일 만찬 준비)
3.
2/20~4/16 : <주간 축제 준비> : 레범몬 출석(=주간 만찬 준비)
4.
2/20~4/16
: <집중 소탕 작전> : 레범몬 퇴치 시 추가 보상(경험치 관련/솔 에르다)
5.
2/20~4/16
:
<특제 문어요리 뷔페> : 보약 스킬(=새벽별빛 채집) / 보약 효과는 1주 더 적용
6.
2/20~3/19
: <황금 문어 키우기> : 레범몬 퇴치 시 추가 보상(상급 EXP/6차 강화 재료)
7.
2/20~4/16
: <산호 주화 상점> : 레범몬 출석 코인샵
8. 2/20~4/16 : <메소샵> : 메소샵
9. 2/20~4/16 : <챔피언 더블 업>
10. 3/20~4/16 : <챔피언 챌린지>
11. 2/21~4/17 : <프리미엄 PC방 접속 보상 이벤트>
12. 2/20~3/19 : <격돌! 사도의 전장> : 발드릭스 격파 이벤트
------------------------------------
1. 이벤트 개선 사항
1) 이벤트 퀘스트 앞에 대략적인 이벤트의 분류가 표시됩니다
ex) 기존 : 카르시온 옥토 페스타 -> [출석 이벤트] 카르시온 옥토 페스타
2) 이제 이벤트 퀘스트들의 수락 기록도 메이플 ID 내 공유되어 일괄 시작할 수 있습니다. 개별적인 이벤트 수락까지 포함됩니다
3) 일일 출석 보상의 아이템 보상과 코인샵 코인 보상을 선택하는 UI가 보다 직관적으로 변경되었습니다
▶ 봄 시즌 이벤트의 테마는 <낯선 조류 : 카르시온 옥토 페스타> 입니다
2. 2/20~4/16 : 일일 축제 준비 : 접속 출석(=일일 만찬 준비)
1)
[메이플 ID당] 하루 한 번, 접속 후 출석 가능 : 1주 최대 5회 / 총 35회
- 총 8주 중 7주 참여가 요구되어 여유 기간은 1주일입니다
- 놓친 출석은 1회 3000메포로 패스를 구매할 수 있습니다
2) 1회 출석할 때마다 이하 보상을 획득합니다
- 경험치 3배 쿠폰(30분) 3개 : 총 105개
- 이벤트 보약의 전투력/콘텐츠 SP 각각 5개 : 총 각각 175 SP
3) 출석 횟수에 따라 이하 보상을 획득합니다
▶ 각 보상 자세하게 보기 :
https://upload3.inven.co.kr/upload/2025/02/17/bbs/i1817397365.jpg?MW=800
- 보상 기한 : 4/17 2시
- 아이템 버닝 상자로 얻는 장비의 기한은 6/18까지로 기존의 <아이템 버닝> 과 동일합니다
- VIP 사우나 교환권과 상급 EXP 교환권은 밑에서 보실 <집중 소탕 준비> 로 빠졌습니다
- 치장 아이템 보상 이미지입니다
​
​
3. 2/20~4/16 : <주간 축제 준비> : 레범몬 출석(=특별 만찬 준비)
1)
[메이플 ID당] 레범몬 2천 마리 퇴치 후 1회 출석 가능 : 1주 최대 3회 / 총 21회
- 총 8주 중 7주 참여가 요구되어 여유 기간은 1주일입니다
- 놓친 출석은 1회 3000메포로 패스를 구매할 수 있습니다
2) 1회 출석할 때마다 이하 보상을 획득합니다
- 산호 주화(코인샵 코인) 1500개 : 1주에 4500개 / 개근 시 최대 31500개
4. 2/20~4/16 : <집중 소탕 작전> : 레범몬 퇴치 시 추가 보상
1)
[메이플 ID당] 1주일 기준 초기화 : 1만 마리 레범몬 퇴치 시마다 보상 획득
- 매주 레범몬 1만 마리 퇴치 시마다 1단계씩 진행되며, 기본적으로 최대 5단계(5만 마리)까지 진행 가능합니다
- 각 단계별 보상은 이렇습니다
- 보상은 UI에서 원하실 때 수령할 수 있으며 기한은 4/17 2시입니다
2) 메이플포인트를 사용하여 추가 소탕 기회를 구매할 수 있습니다
- 추가 소탕 기회 구매 : 14900메포 : 똑같은 소탕 과정과 보상 한 번 더 수행, 수령 가능
3) 메이플포인트를 사용하여 퀵패스도 구매할 수 있습니다
- 기본 소탕 퀵패스 : 14900메포 : 기본 소탕 완료
- 추가 소탕 퀵패스 : 29800메포 : 추가 소탕 기회+추가 소탕 완료
3) 1주에 1번씩이므로, 8주 진행되는 이벤트 기간 내 기본, 추가 소탕 각각 8회씩 완료 가능합니다
5. 2/20~4/16 : <특제 문어요리 뷔페> : 보약 스킬(=새벽별빛 채집)
1)
[메이플 ID당] <일일 축제 준비> 출석으로 스킬 획득에 필요한 SP를 획득할 수 있습니다. 획득한 SP는 월드마다 다르게 사용할 수 있으며 스킬 효과는 월드 내 공유됩니다
2) 각 레벨별 요구 SP는 이렇습니다
3) 각 레벨별 스킬 효과는 이렇습니다 : 요구 SP 수치나 획득 능력치나 <새벽별빛 채집> 과 동일함
- 전투력 스킬 :
https://upload3.inven.co.kr/upload/2025/02/13/bbs/i1883957881.jpg?MW=800
- 콘텐츠 스킬 :
https://upload3.inven.co.kr/upload/2025/02/13/bbs/i1219666712.jpg?MW=800
4) 매주 목요일 0시에 각 1SP를 1천 메포로 구매 가능한 기회가 10개씩 누적됩니다
5) 9,900 메포를 사용하여 찍은 스킬을 초기화할 수 있는 기능이 이번에 새로 추가됐습니다
6. 2/20~3/18 : <황금 문어 키우기> : 레범몬 추가 보상
1)
[메이플 ID당] 이벤트 알림이에서 매주 황금 문어 알 3개를 수령할 수 있습니다. 알은 3개의 보상으로 나뉩니다
- 수령 시 월드마다 알을 나누어 수령하는 건 불가능합니다. 단, 보상의 기한이 3/19 2시까지로 고정되어 있고 보상이 월드 내 교환 가능이기 때문에 <챌린저스 월드> 에서 수령한 후 리프로 옮겨줄 순 있습니다. 조각의 경우 교환권으로 지급되고 본품은 교불/영구입니다
2) 알을 클릭하면 1레벨의 황금 문어를 획득하며, 맨 처음에는 2레벨로 가기 위해 레범몬 1천 마리가 요구됩니다. 이후부터는 300마리를 퇴치할 때마다 강화 1회의 기회가 주어집니다
- 한 문어마다 최대 100번까지만 강화 가능합니다
- 강화는 마릿수 퇴치 시마다 나타나는 UI를 통해 채집 키 꾹 누르기 또는, 시간이 지나 해당 UI가 사라질 경우 위 UI에 나타나는 강화 버튼을 마우스로 꾹 눌러 가능합니다
- 문어 레벨 업 확률 표 : 성공 시 레벨 업 / 실패 시 레벨 하락(2레벨 제외) / 도망 시 보상을 수령할 수 없음(=파괴)
3) 문어 레벨에 따른 보상 : 문어의 레벨에 따라 보상을 획득합니다. 모든 보상은 월드 내 이동 가능하며 3/19 2시까지 사용 가능합니다
* 황금 문어 시뮬레이터 :
https://mapleroad.kr/simulator/golden_octopus
7. 2/20~4/16 : <산호 주화 상점> : 레범몬 출석 코인샵
1) 메이플 ID당 구매 가능합니다
2) 물품 기한 : 4/17 2시
3) 현재 공개된 이벤트로는 최대 31500개 획득 가능합니다
4) 코인샵 상세 목록입니다 :
https://upload3.inven.co.kr/upload/2025/02/14/bbs/i1619204259.jpg?MW=800
- <새벽별 연회> 의 코인샵이 이 코인샵과 <챔피언 더블 업> 코인샵끼리 나누어 졌다고 보시면 됩니다
8. 2/20~4/16 : <메소샵>
1) 월드당 구매 가능합니다
2) 물품 기한 : 4/17 2시
3) 메소샵 상세 목록입니다 :
https://upload3.inven.co.kr/upload/2025/02/14/bbs/i1626212472.jpg?MW=800
4) 라이딩/의자 착샷입니다 :
https://upload3.inven.co.kr/upload/2025/02/14/bbs/i1283275166.png?MW=800
▶ [챔피언 버닝] 이라는 카테고리 안에 <챔피언 더블 업> 과 <챔피언 챌린지> 가 포함돼 있습니다
9. 2/20~3/18 : <챔피언 더블 업> : 1+2 출석&레범몬 추가 보상
1)
[메이플 ID당] <챔피언 더블 업> 총 3개의 캐릭터를 지정할 수 있습니다.
이 캐릭터들은 한 번 지정되면 절대 바꿀 수 없으니 신중해 주세요 : 이하 주의 사항도 중요!!!!!!!
- 맨 처음 지정하는 캐릭터가 리더가 되며 레범몬 출석이 가능하고 사냥을 하실 캐릭터가 권장됩니다. 이하 혜택이 있습니다. 나머지 2개의 캐릭터들은 팔로워가 됩니다
- 리더와 팔로워의 자리는 서로 매주 1번 교체할 수 있는 기회가 주어집니다. 이때 보유한 더블 업 EXP 포인트는 초기화 됩니다
- 선택한 일반 월드 하나와 <챌린저스 월드> 병행 캐릭터 선정, 진행이 가능합니다
2) 리더가 사냥할 때마다 리더를 포함한 모든 캐릭터가 챔피언 코인을 획득합니다
- 레범몬 2000마리를 퇴치할 때마다 2500개씩 획득하며, 1주에 최대 3회까지 가능합니다
- 최대 21회까지 가능하여 개근 시 총 52500개의 코인을 획득할 수 있습니다
3) <챔피언 코인샵>
- 각 3개의 캐릭터가 각각의 전용 코인샵을 이용할 수 있습니다
- 모든 품목은 교환 불가이며 물품 기한은 4/17 2시까지입니다
4) 리더가 사냥할 때마다 리더를 제외한 팔로워들이 더블 업 EXP 포인트를 획득합니다
- 레범몬 1마리를 퇴치할 때마다 1 더블업 EXP 포인트를 획득하며 이는 1주 최대 10만까지 쌓을 수 있습니다. 효율은 기존의 교환권들보다는 확연히 낮습니다
5) 팔로워가 획득하는 코인과 포인트는 지정을 하지 않은 상태에서도 누적되기 때문에 상황에 따라 리더만 정해서 출석 먼저 하신 후 나중에 팔로워를 지정하셔도 됩니다
10.
3/20~4/16 : <챔피언 챌린지> : 보스 1인 격파 이벤트(보스 코인샵 대체)
1) 이 이벤트는 다음 업데이트인 3/20부터 시작됩니다
2)
[메이플 ID당] <챔피언 챌린지> 에 참여할 월드를 하나 택할 수 있고, 미션은 최대 3개의 캐릭터까지 수행할 수 있습니다.
이 월드와 캐릭터는 앞서 보신 <챔피언 버닝> 과 전혀 상관 없습니다
- <챌린저스 월드> 에서 시작한 경우엔 1회 변경 가능합니다
3) 모든 미션은 지정된 보스 1인 격파(연습 모드로도 가능!) 조건이며 각 주차별로 해금되는 미션이 다릅니다. 해금 일정은 이렇습니다
4) 노멀 챌린지 : 이지~노멀 이상 보스 격파 미션이며 미션을 완료한 캐릭터 개수에 따라 ""챌린지 코인"" 을 받습니다
- 1번째 캐릭터 미션 완료 : 챌린지 코인 1000개
- 2번째 캐릭터 미션 완료 : 챌린지 코인 1000개
- 3번째 캐릭터 미션 완료 : 챌린지 코인 2000개
▶ 4주 진행되므로 전부 완료 시 총 16000개
5) 스페셜 챌린지 : 하드 진 힐라 격파 미션이며 이는 보너스 미션의 개념으로, 3개의 캐릭터가 미션을 완료해야 보상이 주어지며 코인은 지급되지 않습니다
6) 퍼펙트 챌린지 : 이번에 새로 추가된 미션이며 패널티를 받은 상태로 하드/카오스 등급의 보스를 클리어 하는 미션입니다. 완료 시 ""퍼펙트 챌린지 코인"" 을 받을 수 있습니다. 미션 난이도가 쉽지 않으나 올 클리어 시의 총 획득 코인은 800개 입니다
- 패널티
- 미션과 보상 목록
7) <챔피언 챌린지 코인샵> : 위의 미션들을 통해 획득한 코인으로 기존의 보스 코인샵과 유사한 구성의 코인샵을 이용할 수 있습니다. 선택한 월드 내 수량 공유입니다. 아이템 기한은 4/17 2시까지 입니다
11. 2/21~4/17 : <프리미엄 PC방 접속 보상 이벤트>
★ 이전까지 같이 진행되었던 경험치 +50% 추가 혜택과 PC방 코인샵 이벤트는 진행되지 않습니다
★ 매일 5시간씩 누적할 수 있습니다
1) 평일 보상
2) 주말 보상
3) 누적 보상
* 전투복 옵션 유지 기간의 경우 테섭 데이터에서 60일로 확인되었으나, 본섭 들어오고 나서 한 번 더 재확인이 필요하겠습니다
12. 2/20~3/19 : <격돌! 사도의 전장> : 발드릭스 격파 이벤트
1) 신규 보스 발드릭스가 업데이트 이후 추가됩니다. 하드 모드 입장은 2/21 오후 7시부터로 예정되어 있으며 이후 변동 시 공지로 안내된다고 언급되었습니다
2) 이벤트 기간 내 노멀 또는 하드 발드릭스를 격파할 경우 메이플 ID당 1회 라이딩과 가면을 수령할 수 있습니다
​
​
3) 이벤트 기간 내 하드 발드릭스를 선착순 5개 파티 안에 들어 격파할 경우, 이하 보상을 획득할 수 있습니다
3) 하드 발드릭스가 최초 격파된 이후부터 모든 유저가 이벤트 알림이 또는 격파한 유저들의 NPC를 통해 보상을 받을 수 있습니다. 월드 내 이동 가능하며 일일 축하 선물의 경우 3/20 3시까지 수령할 수 있습니다
[중요한 신규&변경&개선 사항들]
1. <메이플 핸즈> 앱에 메이플 옥션 연동 기능 추가
2. UI 개선 사항
1) 훈장 UI 개선
2) 채팅창 UI 개선+설정 옵션 추가
3) 링크 UI 개선 : 한 번에 여러 캐릭터에게 전수 가능하도록 변경
4) 이모티콘 UI 개선
5) 월드 통합 보스 입장 시스템 추가
- 검마/세렌(노멀X)/칼로스/
익스우/
카링/림보/발드릭스
6. 파티 설정에 습득 권한 분배 기능 추가
6. 장비 아이템 뇌빼기 방지 시스템 시범 도입
1) 우선적으로 카루타, 앱솔, 아케인 장비에 한해 우선 적용됨
2) 아이템의 강화 수준과 일정 기간 동안의 거래 정보를 통해 측정된 가치보다 지나치게 낮은 가격으로 판매 시도될 때 판매 여부 확인
3) 정보가 충분하지 않을 경우엔 경고 UI가 발생하지 않음
7. <에픽 던전> 선행 퀘스트 클리어 기록 메이플 ID 내 공유로 변경
★이후 정식 서버 업데이트 일정★
[NEXT 4차 업데이트 : 3/20(목) 예정]
▶ 테스트 서버 유력 오픈 일자 : 3/13(목)
1. <데스티니 무기> 업데이트
2. <챔피언 챌린지> 시작"
https://www.inven.co.kr/board/maple/2304/43106,기타,조합키와 노블스킬(+영메)팁,,2025-02-17 13:54,49671,32,"전에도 이렇게 쓰던건데 저번 패치로 노블스킬이 5분쿨이 되면서 사냥 또는 보스마다 쓸수있게 돼서 많은 사람들이 편하게하면 좋겠다 싶어서 소소한 팁하나 올림
먼저 조합키에 노블과 도핑을 올리는방식
사냥때 귀찮게 클릭할필요 없이 편하게 도핑할수있다.
사용법은 조합기를 누르고 1234567890
난 뭔가 4개넣고싶어서 길스를 다넣었지만 다른사람들은 익골과 경축비를 넣도록 하자
그리고 여기서 놀라운사실
조합기의 세팅은 키셋팅별로 저장된다
보스세팅에 고보킬과 vip는 시간이 길고 세이람은 짧아서 30분버프를 넣어놓은 모습
캐릭터 프리셋에 단축키세팅을 정할수있으니 사냥세팅에 경험치도핑을, 보스세팅에 보스도핑을 넣어주자
참고로 프리셋 변경또한 단축키를 이용해 쉽게 변경이 가능하다
400만메소가 아깝긴 하지만 직관적인 설명을 위해 보여주겠음
​
​
보다시피 딸깍프리셋변경으로 조합키의 설정또한 바뀌는걸 볼수있다
렉이 좀 걸렸지만 메소 더쓰긴 싫으니 봐줘....
길드원들한테 알려주던건데 패치도 된거 많은사람들이 편하게 사용했으면 좋겠음"
https://www.inven.co.kr/board/maple/2304/43068,기타,(수정)썬데이/다음 이벤트 메할일&주요 보상 요약,,2025-02-14 21:02,43215,22,"[수정/추가 사항]
1. 썬데이 등 주요 일정 추가
2. PC방 전투복 기간 수정 : 기존 30일에서 이번 데이터에서 60일로 바뀌었다는 글을 알려 주셔서 수정했습니다. 다만 본섭 오면서 또 바뀔 수 있으니, 노리시는 분들은 본섭 패치 이후 공지사항에서 재확인 하시는 게 좋겠습니다(현재 테섭 공지사항에는 따로 없음). 저도 그때 새 글에서 말씀 드리겠습니다
3. 2/18 이후 클릭해주신 분들께선 본문이 아닌 2/20 업데이트 정리글 최신판으로 글 확인 부탁 드립니다 :
https://www.inven.co.kr/board/maple/2304/43117
-----------------------------------
안녕하세요
이 글은 다음 업데이트(2/20)에 들어오는 신규 이벤트들과 관련된 일정과 중요한 사항을 간략히 해서 테마별로 정리한 것입니다 : 어제 수정된 공지 반영 / 이미지 보충 등 - 기존 글에 수정은 이따가 여력 되면 예정
이 글만으로도 주요 내용들을 가져 가실 수 있지만 아예 이번 테섭 내용을 모르시거나 패치로 바뀌는 것들 등 전체적인 정리가 필요하신 분들은 이전 글 링크를 글 마지막에 달아 두었으니 그것도 같이 봐주시면 됩니다. 아시는 분들은 필요하신 부분만 봐주시면 됩니다
잘못 적힌 부분은 말씀해 주시면 감사히 수정합니다
▶ 이전 글 추가 사항 : <챔피언 더블 업>에 지정된 리더와 팔로워끼리의 자리 교체는 1주일 1회 가능한 점 이전 이벤트와 동일합니다(exp 포인트는 초기화)
★주요 일정★
1. 2/16 : <스페셜 썬데이 메이플> : 경험치 종합 : 몬파 / 룬 / 현상금
:
https://www.inven.co.kr/board/maple/5974/4686176
2. 2/19 마감
- 메이플 운영자 코젬/경코젬 보상 수령
- <새벽별 연회> 이벤트 마감 : 보상 수령 미리 해 두기
3. 2/26 마감 : 메이플 운영자 조각/극성비 사과 보상 수령
[본문 목차]
1 신규 이벤트 진행 기간
2. 필수적인 메할일 : 출석&레범몬
3. 추가적인 보상을 위한 메할일 : 레범몬 퇴치
4. <카르시온 옥토 페스타> 일일 출석 보상 관련
5. <카르시온 옥토 페스타> 코인샵 관련
6. <챔피언 더블 업> 코인샵 관련
7. 메소샵 관련
8. PC방 이벤트 관련
9. 3/20부터 시작되는 <챔피언 챌린지> 코인샵
10. 카르마 블큐&화에큐 관련
11. 경쿠 획득처
12. VIP 버프 교환권 수급처 관련
13. 캐시 이동 기간
-----------------------------
1. 신규 이벤트 진행 기간&키워드로 보기
1. [낯선 조류 : 카르시온 옥토 페스타] : 2/20~4/16(8주)
- <일일 축제 준비> : 접속 딸깍 출석
- <주간 축제 준비> : 레범몬 출석
- <특제 문어요리 뷔페> : 보약 스킬 적용은 4/23까지
- <집중 소탕 작전> : 레범몬 추가 보상
- <VIP 사우나> : 잠수맵
- <황금 문어 키우기> : ~3/19 : 레범몬 추가 보상
▶ 보스 코인 이벤트 없음
2. <챔피언 더블 업> : 2/20~4/16
4. <격돌! 사도의 전장> : ~3/19 : 발드릭스 격파 이벤트
3. <챔피언 챌린지> :  3/20~4/16 : 보스 코인 이벤트 대체
★ 메인 출석/소탕 보상과 코인샵에서 구매한 물품은 일괄 4/17 2시까지 사용 가능
▶ 이번 이벤트부터 이벤트 퀘스트 일괄 시작 기능이 추가됐습니다
2. 필수적인 메할일 : 출석&레범몬
메인이 되는 보상을 위한 메할일들은 이전 <새벽별 연회> 와 동일합니다. 아래 3개만 하시면 메인 출석 보상과 코인은 다 획득 가능합니다
1) <카르시온 옥토 페스타 : 일일 축제 준비> : 일일 1회 접속 출석 : 1주 최대 5회
2) <특제 문어요리 뷔페> : 1)에서 얻은 SP로 보약 스킬 찍기
3) <
카르시온 옥토 페스타 :
주간 축제 준비>&<챔피언 더블 업> : 레범몬 1주마다 총 6천 마리 병행 퇴치
★ 보스 1인 격파 미션인 <챔피언 챌린지> 는 3/20부터 시작됩니다
3. 추가적인 보상을 위한 메할일 : 레범몬 퇴치
이외 추가적인 메할일들은 경험치 관련 보상과 6차 강화 아이템을 보상으로 주며, 레범몬 만 단위 퇴치 미션입니다. 각자 필요에 따라 참여하시면 되겠습니다
1) 경험치 관련 보상 : <챔피언 더블 업> EXP 포인트 : 1주 최대 10만 마리 퇴치
- 리더는 레범몬 1주 10만 마리 퇴치 시까지 이하 혜택을 받습니다
- 리더를 제외한 팔로워들은 1주 10만 마리까지 1마리당 1 더블 업 EXP 포인트를 받습니다. 이는 기존의 EXP 교환권이랑 다르며 효율이 그보다 낮습니다
2) 경험치 관련 보상 : <집중 소탕 작전> : 1주 5만 마리+메포 사용 시 5만 마리 추가되어 총 1주 10만 마리 퇴치
- 1만 마리 퇴치=1단계 완료 / 1주에 5단계까지 가능하므로 1주에 총 5만 마리 요구
- 기존에 브루미를 30회까지 하셨었다면 총 잡아야 하는 마릿수는 그보다 적습니다 : 브루미 1차 1주일 참여 시 63000마리 / 2차 52500마리
- 14900 메포를 사용하여 추가 소탕을 진행할 시 동일한 방식으로 보상을 한 번 더 받을 수 있습니다. 이때의 요구 총 마릿수는 1주 10만 마리로, 이는 <챔피언 더블 업> 의 주간 최대 마릿수와 동일합니다
3) 경험치/6차 강화 아이템 관련 보상 : <황금 문어 키우기> : 운에 따라 다름
- 매주 3종류(상급 EXP/에르다/조각)의 문어 알을 받을 수 있으며 한 번에 한 문어만 키울 수 있습니다
- 문어 선택 시 최초 레범몬 1천 마리, 이후 강화 1회에 300마리의 요구 마릿수가 필요하며 이하 확률에 따라 문어 레벨이 오르거나(성공) 내려가거나(실패) 문어가 도망가서(파괴) 보상을 수령할 수 없게 됩니다
- 이 이벤트는 각자의 운에 따라 요구 마릿수가 달라질 것이라, 이후 직접 해보신 후 각자의 목표에 맞게 참여하셔야 될 것 같습니다
4. 일일 출석 보상 관련
1) 구성 관련
동일한 점 : 극성비 2개 / 초성비 1개 / 카르마 검환 300개 / 코젬 300개 / 경코젬 50개 / 카르마 블큐 화에큐 각각 20개 등 주요 보상은 이전 출석과 동일한 구성입니다
달라진 점 : 상급 EXP 교환권과 VIP 사우나 이용권 등이 위에서 보신 레범몬 출석 이벤트로 빠지고 그 자리를 VIP 부스터가 채웠습니다. 솔 에르다의 개수 또한 줄었습니다. 1일차에서 <아이템 버닝> 상자를 주는 것이 특이사항 입니다(기간은 ~6/18로 기존과 동일)
2) 출석 여유 기간은 1주일입니다
3) 치장 아이템 이미지입니다
​
​
5. <카르시온 옥토 페스타> : <산호 주화 코인샵> 관련
1) 레범몬 출석 개근 시 최대로 획득 가능한 코인 개수는 1500x21=31500개 입니다
2) 코인샵 목록입니다. 메이플 ID 공유입니다
- <새벽별 연회> 코인샵과 유사하나, 이벤트 링 관련 아이템은 <챔피언 더블 업> 코인샵으로 이동되었습니다. 또한  카르마 유잠과 에디 에픽 잠재 주문서의 개수도 줄었습니다. 물론
<챔피언 더블 업> 코인샵에서 유잠과 에디잠을 캐릭터당 1개씩 총 3개를 구매할 수 있어 총량은 같으나 이전과 다르게 3개는 각각 교불입니다
6. <챔피언 더블 업> 코인샵 관련
1) 개근 시 최대로 획득 가능한 코인 개수는 2500x21=52500개 입니다
2) 출석 여유 기간은 1주일입니다
3) 더블 업 코인샵 목록입니다. 지정된 3개의 캐릭터 각각의 전용 상점입니다. 교환 불가입니다
3) 개수가 여러 개인 주요 아이템을 구매할 시 드는 개수는 이렇습니다
- 카르마 영환 : 100X150=15000
- 카르마 검환 : 200X100=20000
- 카르마 장큐 : 80x50=4000
- 카르마 명큐 : 150x40=6000
- 수에큐 : 50x100=5000
- 솔 에르다 조각 : 250x50=12500
4) 이벤트 링 선택권 목록입니다
7. 메소샵 관련
1) 메소샵은 월드당입니다
2) 메소샵 목록입니다
3) 라이딩/의자 착샷입니다
8. PC방 이벤트 관련
1) 경험치 추가 50% 효과와 전용 코인샵 이벤트는 진행되지 않습니다
2) 솔 에르다 조각은 누적 보상에서 삭제되었습니다
3) 120시간 누적 보상인 전투복의 능력치 적용 기간은
30일입니다
-> 이번 테섭 데이터에서 60일로 확인하신 분 계십니다. 다만 노리시는 분들은 이후 본섭 들어올 때 한 번 더 확인하시는 게 좋겠습니다
9. 3/20부터 시작되는 <챔피언 챌린지> 코인샵 관련
1) 보스 코인샵 대체로써 3/20부터 시작됩니다
2) 코인샵 목록입니다. 재고는 선택한 월드 내 공유입니다
10. 카르마 블큐&화에큐 관련
1) 우선적으로 이번에 획득 가능한 개수는 이렇습니다
▶ 카르마 블큐
- <일일 축제 준비> 29회차 보상 : 20개
- <챔피언 챌린지> 코인샵 : 매주 8개x4주=32개
- <챔피언 챌린지> 스페셜 코인샵 : 20개
▶ 카르마 화에큐
- <일일 축제 준비> 34회차 보상 : 20개
- <챔피언 챌린지> 코인샵 : 매주 8개x4주=32개
- <챔피언 챌린지> 스페셜 코인샵 : 20개
이에 따라 사실상 이번 달에는 따로 획득처가 없습니다.
기존 보스 코인샵이 진행되지 않는 대신 이후 3월에 <챔피언 챌린지> 코인샵이 대신 진행된다고 보시면 됩니다 : 기존 4개씩 9주 / 현재 8개씩 4주
11. 경쿠 획득처
▶ 경험치 3배 쿠폰(30분)
- <일일 축제 준비> 1회에 3개(1주 15개) x 35회 = 105개
▶ 경험치 4배 쿠폰(30분)
- <격돌! 사도의 저장> : 하드 발드릭스 격파 파티 등장 시 2개 수령 가능
12. VIP 버프 교환권 수급처 관련
1) 이번엔 보스 코인샵이 진행되지 않으면서, 3/20 업데이트로 <챔피언 챌린지> 코인샵이 열리기 전까지 VIP 버프 교환권이 이벤트 상점에서 판매되지 않습니다
2) 다만 발드릭스 격파 이벤트인 <격돌! 사도의 전장> 이벤트에 따라 하드 발드릭스가 격파될 경우 모든 유저가 3/20 3시까지 일일 보상으로 하루마다 VIP 버프 교환권 2개를 수령할 수 있게 됩니다
13. 캐시 이동 기간 : 2/21(금) 10시~2/28(금) 10시)
--------------------------
▶ 전체적인 이번 테섭 정리 보러 가기 : https://www.inven.co.kr/board/maple/5974/4683974?my=chu
--------------------------
4추만 보내주시면 감사드리겠습니다"
https://www.inven.co.kr/board/maple/2304/43066,기타,[약스압] 신규 이벤트 '챔피언 버닝 코인샵' 공략(기댓값 정리o),,2025-02-14 12:08,58218,29,"재획하면서 챔피언 버닝 관련 정리를 좀 했는데 혼자 보기 아까워서 공유합니다
S급 쌀숭이(현거래 안합니다..) 물다이아의 챔피언 버닝 총정리 ver.2
0. 미리 알아두면 좋은 정보들
＊ 챔피언 버닝 제외 카르시온 이벤트로 얻을 수 있는 재화
- 카유잠 2개, 카에잠 1개, 수에큐 200개, 카르마 17성 강화권 1개
＊ 챔피언 버닝으로 얻을 수 있는 코인 갯수 : 7500 x 7 → 캐릭당 52500코인, 총 3캐릭
＊ 더블 업 코인샵 주요 강화 재화 및 요구 코인 갯수
- 이벤트 링 교환권(2티어 링 선택 가능) : 3000코인 x 1개
- 카르마 영환불 : 100코인 x 150개 = 최대 15000코인
- 카르마 검환불 : 200코인 x 100개 = 최대 20000코인
- 수에큐 : 50코인 x 100개 = 최대 5000코인
- 카유잠 : 3000코인 x 1개
- 카에잠 : 3000코인 x 1개
- 이벤링 레잠 : 4000코인 x 1개
- 이벤링 명큐 : 60코인 x 150개 = 최대 9000코인
- 카르마 장큐 : 80코인 x 50개 = 최대 4000코인
- 카르마 명큐 : 150코인 x 40개 = 최대 6000코인
※ 환불 류 제외 전부 구매해도 37000코인(15500코인 남음)
1. 서론
이번에 작년 가을에 진행했던 챔피언 버닝 이벤트가 돌아왔습니다. 챔피언 코인샵에 있던 블큐, 화에큐가 사라져 지난 시즌1에 비해 보상이 하향되었지만 그럼에도 신규, 부캐 육성에 큰 도움을 주는 것은 여전합니다. 특히 잠재능력을 메소로 돌리는데 부담이 많은 유저들에게 큰 도움이 되는 장큐, 명큐가 다량 수급되니 잠재 능력을 바탕으로 어떻게 템을 맞출 수 있는지 한번 알아봅시다.
이 글은 크게 두 파트, 더블 업 코인샵과 챌린지 코인샵으로 나뉩니다. 각각의 코인샵의 기간과 방향이 다르기 때문에 나눠서 참고하시면 좋을 것 같습니다.
내용이 많아 귀찮으신 분들은 볼드체, 빨간색 위주로 봐주시면 됩니다!
2. 더블 업 코인샵(2/20~4/16)
더블 업 코인샵에는 '추옵', '윗잠', '아랫잠'을 강화시켜주는 다양한 재화들이 있습니다.
이러한 재화들을 활용해서 방어구나 장신구를 만들거나 이벤트 링을 강화시켜줄 수 있는데요
일반적인 아이템(방어구, 장신구) 제작 과정은 아래와 같습니다.
- 영환불, 검환불로 추옵을 띄워준다 → 카유잠을 바른 뒤 명큐 or 장큐로 잠재 15% 이상을 띄워준다 → 카르마 에디 에픽 잠재를 바른 뒤 수에큐로 잠재 2줄(주스텟 4퍼 + 공 10 or 공 2줄)을 띄워준다.
이게 정석이고 저 또한 이 과정을 따를 것이지만 여기서 유의할 점이 있습니다. 과연 명큐 or 장큐로 15% 이상을 띄우는게 가능할까? 라는 거죠.
제가 이런 의문을 가지게 된게 난 챔피언 버닝 때 재화가 많음에도 불구하고 상하의 모두 15%를 띄우지 못했거든요..
그래서 장비 부위 별 잠재 기댓값을 계산해봤더니 3가지 구간으로 나누어졌습니다.
※ 이후 챌린지 코인샵에도 활용하기 위해 블랙 큐브 기댓값도 함께 계산했습니다.
2-1. 제 1구간(상의, 장갑)
부위
블랙 큐브
명큐/장큐(옵션 기댓값은 동일)
상의 15%
39개
108개
상의 12%
17개
47개
장갑 15%
37개
128개
장갑 12%
17개
55개
이번 이벤트 장큐 + 명큐가 총 90개인데 상의와 장갑의 15% 기댓값은 90개를 넘어버립니다.
특히 장갑은 스탯퍼보단 레전드리 잠재의 크리티컬 데미지 + 주스텟 1줄이 선호되는만큼 장갑에 큐브를 투자하는 일은 매우 비효율적이라는 것을 알 수 있죠. 상의는 만들 수 있으나 15퍼 이상이 뜨면 감사한거고 현실적으로는 12%에 멈추는 것이 바람직할 것 같아요.
제 1구간 결론 : 장갑에는 장큐 명큐 투자 X, 상의는 12%에서 멈추기
2-2. 제 2구간(모자, 하의, 신발, 망토, 견장, 벨트)
부위
블랙 큐브
명큐/장큐
모자, 하의, 신발 15%
30개
85개
모자, 하의, 신발 12%
14개
37개
망토, 벨트,견장 15%
27개
78개
망토, 벨트, 견장 12%
13개
35개
2구간은 1구간보단 나쁘지 않습니다. 15% 기댓값이 90개 이내입니다. 하지만 기댓값과 주어진 재화의 차이가 크지 않기 때문에 충분히 15퍼가 안뜰 수 있음을 감안해야합니다.
제 2구간 결론 : 15% 충분히 노릴만함. 그러나 돌리다가 뭔가 쎄하면 12퍼에서 멈추기
2-3. 제 3구간(얼장, 눈장, 귀고리, 반지, 펜던트 하트)
부위
블랙 큐브
명큐/장큐
얼장, 눈장, 귀고리, 반지, 펜던트 하트
15%
22개
39개
얼장, 눈장, 귀고리, 반지, 펜던트 하트
12%
11개
18개
벨트를 제외한 나머지 장신구들은 기댓값이 매우 좋습니다. 15퍼는 먹고 들어가고, 운이 좋으면 18퍼 이상을 노릴 수도 있습니다. 다른 부위들에서 잠재를 띄우기가 상대적으로 어려우니 웬만하면 제 3구간 부위에서 잠재를 올려줘야해요.
제 3구간 결론 : 웬만하면 15% 이상 노리기. 잘 하면 18% 이상도 뜰 수 있음
2-4. 이벤링
이벤링 또한 중요한 스펙업 루트 중 하나입니다. 특히 코인샵에서 이벤링 전용 레전 잠재, 이벤링 전용 명큐를 뿌리기 때문에 효과적으로 스펙업을 할 수 있는데요, 스펙업 뿐만 아니라 드랍 및 메획 아이템을 맞출 수도 있습니다.
특히 이번 이벤링 교환권은 SS급 쥬얼링과 같은 2티어 반지를 고를 수 있기 때문에 여기에 레전 잠재를 발라서 드메템으로 활용할 수 있어요.
그럼 이벤링의 기댓값을 살펴보자면
부위
이벤링 명큐
이벤링 주스텟 21%
64개
이벤링 드랍 + 스텟 9% 이상
47개
이벤링 주스텟 27% 이상
418개
이번 이벤트로 이벤링 전용 명큐를 150개나 주는 만큼 웬만해선 자기가 원하는 스펙업이 가능합니다. 확률은 낮지만 운이 좋으면 27%~30%를 노릴 수도 있겠죠?
그래서 위와 같이 무난한 21%, 드메템을 만들거나 운이 좋으면 30% 반지를 공짜로 얻을 수 있게 되는거죠.
이벤링 결론 : 없다면 최우선으로 만들기. 스펙업, 드메템 만들기 등 활용도가 다양
2-5. 무기류(무기, 보조무기, 엠블렘)
장인의 큐브 정도만 방어구에 투자하고 명장의 큐브는 무기류 옵션을 뽑고 싶은 분들도 많을텐데요, 그래서 무기류 기댓값도 들고 와봤습니다.
부위
블랙 큐브
명큐
무기 2줄(방무 잡옵 취급)
15개
17개
무기 3줄(방무 1줄까진 가능)
96개
119개
보조 2줄(방무 잡옵 취급)
20개
31개
보조 3줄(방무 1줄까진 가능)
152개
311개
엠블렘 공 18% 이상
77개
73개
엠블 3줄(방무 1줄까진 가능)
636개
675개
꽤 놀라운 결과가 나왔는데요, 보조무기를 제외한 무기와 엠블렘은 블큐와 명큐의 효율이 거의 비슷합니다. 일반적으로 중~저자본이 많이 쓰는 엠블렘 공 18% 이상은 오히려 명큐가 역전한 모습이죠.
다만 보조 3줄에서는 명큐가 비효율적인 모습, 엠블렘 3줄은 난이도가 극악이라는 점은 유의하셔야 할 것 같습니다. 애초에 소울링, 포스 실드 직업이 아닌 이상 블랙 보조에 3줄을 띄우는건 아깝기 때문에 명큐는 무기나 엠블렘에 쓰는 것을 추천드립니다.
무기류 결론 : 웬만하면 무기나 엠블렘에 투자하기. 보조에 2줄 정도 띄우는 것은 괜찮음
3. 챌린지 코인샵(3/20~4/16)
이벤트 중간에 열리는 코인샵입니다. 보스 격파를 통해 코인을 얻을 수 있으며, 현재 진행중인 기념 주화 상점과 품목이 거의 동일합니다. 우리는 아이템 제작에 초점을 맞췄으니 여기서 얻을 수 있는 재화를 살펴보면
- 블랙 큐브 8개 X 4주 = 32개
- 화이트 에디셔널 큐브 8개 X 4주 = 32개
- 카르마 프리미엄 악세서리 스크롤 최대 30개
정도가 있습니다
여기다가 하드 보스 격파가 가능하신 분들은 스페셜 코인샵에서 추가로 블큐를 획득할 수 있고 카르시온 이벤트 6,7주차에 제공되는 큐브까지 합치면 이번 이벤트 기간 동안 큐브 재화는
블랙 큐브 52~72개 / 화이트 에디셔널 큐브 52~72개를 사용할 수 있습니다.
화에큐는 적당히 무기류에 돌리고, 프악공은 장신구 직작에 활용하면 되는데 중요한건 블랙 큐브의 사용처죠?
그래서 여러가지 경우의 수를 가져왔습니다.
3-1. 레전 등업
블랙 큐브를 활용해 유니크 → 레전 등업의 기댓값은 56개입니다. 충분히 할만하죠.
그렇다면 방어구보다는 전투량 상승치가 높은 무기류에 사용하는 것이 좋고
무기류 중에서는 더블 업 코인샵과 연계하여 명장의 큐브 효율이 좋은 무기, 엠블렘에 투자하는 것을 추천드립니다.
물론 무기, 엠블이 다 등업되었다면 보조에 투자해도 괜찮고,
무기류가 이미 다 레전이라 방어구에 등업을 하고 싶다면 크리티컬 데미지 잠재가 있는 장갑을 추천드립니다.
등업 결론 : 무기 or 엠블렘 → 보조 → 장갑 순으로(이건 개인적 의견)
3-2. 옵션 뽑기
챌린저스 보상 레전 주문서 등 등업은 필요 없고 옵션을 뽑고 싶은 분들도 있을 겁니다. 그렇다면 어디에 투자하는게 효율적일까요? 관련해서 몇 가지 장비의 기댓값을 들고 왔습니다.
부위
블랙 큐브
명큐
보조 3줄(방무 1줄 포함)
152개
311개
장갑 크뎀 1줄 + 9%
39회
87회
장갑 크뎀 2줄
360회
26000회(아..)
바로 보조와 장갑입니다. 보조는 앞에서도 봤듯이 명큐의 효율이 좋지 않습니다. 따라서 블큐를 활용해 3줄을 노리는 것도 좋죠. 다만 이는 교불 보조 직업인 소울링, 포스 실드 직업군에게 추천드리고, 개인적으로 블랙 보조에 레전 3줄은 보돌 캐릭이 아니라면 추천드리지 않으니 유의 바랍니다.
그렇다면 남는 것은 장갑입니다. 크뎀 + 주스텟 1줄 또한 명큐로 뽑기에는 난이도가 높아 블랙 큐브의 효율이 좋습니다. 그리고 매우 낮은 확률이지만 크뎀 2줄이라도 뜬다면 초대박이죠!
물론 옵션의 경우 개인적인 견해가 많이 들어가있어 제가 추천드린 부위 말고 다른거에 투자하셔도 상관 없습니다.
옵션 결론 : 교불 보조 직업 → 윗잠 3줄 저격, 일반적으로는 장갑 크뎀 + 9퍼 추천
3-3. 등업을 활용해 드메템을 만들기
개인적으로 이번에 블큐 수급량이 적어 추천드리진 않으나, 진짜 할게 없으신 경우에는 이렇게도 가능하다는 것만 참고해주세요!
부위
블랙 큐브
레전 등업
56개
드메 2줄 이상
164개
※ 자기가 쓸거라면 아무 템이나 상관 없지만 판매해서 메소를 확보할 계획이라면 혼테일의 목걸이, 미카엘라의 새 안경 중 하나를 선택해야합니다! 두 아이템만 실버 카르마의 가위(2천만 메소)를 사용해서 판매에 용이합니다.
드메템의 경우 두 가지 루트가 있는데요
(1) 유니크 깡통 장신구를 블큐로 등업 후 드메 1줄 띄우기
(2) 레전 깡통 장신구에 블큐를 돌려 드메 2줄 띄우기
안전하게 이득을 보고 싶다면 1번, 본인이 야수의 심장이라면 2번을 선택하시면 됩니다.
4. 실전. 아이템을 직접 만들어보자!
제가 알고 있는 선에서 가능한 경우의 수들은 모두 다룬 것 같고 마지막으로 이벤트를 활용해서 아이템을 만드는 과정 예시를 몇 가지 소개드리고 마무리하겠습니다.
1. 무난한 흙케인 만들기
제작 과정
(1) 코인샵 or 일반 놀긍을 활용해서 첫 작 공6 붙이기
(2) 카르마 유잠을 바른 뒤 명큐, 장큐로 옵션 띄우기(운이 좋아 18퍼가 뜸)
(3) 카르마 에디 에픽 잠재를 바른 뒤 수상한 에디셔널 큐브로 2줄 옵션 띄우기
(2줄 기댓값 - 116개)
＊ 아랫잠의 경우 기댓값이 116개라 잘 안 뜬다 싶으면 1.5줄(ex. 공10 + 덱2)에서 멈춰도 괜찮습니다.
2. 카르시온 이벤트와 연계해서 장신구 만들기!
제작 과정
(1) 챌린지 코인샵을 프리미엄 악세서리 스크롤을 활용해 작하기(예시 아이템은 5작이지만 황금 망치 후 한 번 더 가능합니다!)
(2) 더블 업 코인샵의 영환불, 검환불로 추옵 띄우기
(140제 기준 110급 이상 기댓값 94개)
(3) 카르마 유잠을 바른 뒤 명큐, 장큐로 옵션 띄우기
(4) 카르마 에디 에픽 잠재를 바른 뒤 수상한 에디셔널 큐브로 옵션 띄우기
(기댓값 내로 잘 안뜨면 예시 아이템처럼 1.5줄에서 멈추기도 합니다)
(5) 카르시온 이벤트 5주차에 있는 17성 스타포스 강화권을 활용해 17성 띄워주기
＊ 이벤트에  있는 17성 강화권은 깡통 아이템이 비싸거나(ex. 데이브레이크), 스타포스 강화 가격이 비싼 아이템(가엔링, 에스텔라 이어링 등)에 사용하는 것을 추천드립니다.
제가 준비한 내용은 여기까지입니다. 스펙업에 도움이 되길 바랍니다!"
https://www.inven.co.kr/board/maple/2304/43061,기타,(갱신)테섭 코인샵 등 신규 이벤트 요약+바뀌는 것들,,2025-02-13 22:29,51261,30,"[수정/추가 사항]
1. 2/18 이후 클릭해주신 분들께선 본문이 아닌 2/20 업데이트 정리글 최신판으로 글 확인 부탁 드립니다 :
https://www.inven.co.kr/board/maple/2304/43117
-------------
안녕하세요
이 글은 오늘 테섭 내용의 중요한 부분들을 간략히 보실 수 있게 한 것입니다
자게에서 작성한 글에 보충한 글입니다. 보상 관련 추가적인 정리 글은 내일이나 모레 쯤 작성합니다
라이브에서 언급된 내용 중 주요 내용들도 반영한 글입니다
잘못 적힌 부분은 말씀해 주시면 감사히 수정합니다
▶ 이번 테스트 서버의 사항들은 정식 서버에 2/20(목) 업데이트 예정이며 적용 시 변동 혹은 변경될 수 있습니다
▶ 이전 글 정정 사항 : <새벽별 연회> 보약 스킬 찍기는 2/19(수) 23:59 종료되나 스킬 적용은 2/26(수) 23:59 까지 1주 더 적용됩니다
[메이플 NOW 사과 보상]
[주요 변경/신규 사항]
1. 신규 보스 <발드릭스> 추가
- 발드릭스 최초 격파 파티 보상 : 선착순 5파티
- 발드리스 격파 시 모든 유저가 수령할 수 있는 보상 : ~3/20 3시까지
2. 보스 월드 통합 시스템 추가
- 익스우/검마/세렌(노멀X)/칼로스/카링/림보/발드릭스
4. NPC 어워즈 2차 판매 목록
5. 신규 스라벨&코디
6. PC방 이벤트
1) 평일 보상
2) 주말 보상
3) 누적 보상
7. 개선 사항
1) 에픽던전 선행 퀘스트 스킵 메이플 ID당으로 확장
2) 이벤트 선행 퀘스트 스킵 메이플 ID당으로 확장
3) 링크 스킬 개편
- 한 번에 여러 캐릭터에게 전수 가능
- UI 개선
4) 파티 시 높은 등급 보상 분배 시스템 추가
5) 이모티콘 개선
6) 훈장 UI 개선
8. 메이플 핸즈 옥션 연동 : 라이브에서 언급됨
★신규 이벤트 <낯선 조류> : <새벽별 연회> 후속 봄 시즌 메인 이벤트★ : 2/20~4/16 진행
[<카르시온 옥토 페스타> 일일 축제 준비=일일 만찬 준비]
1. [메이플 ID당] 하루 한 번 접속하여 출석 가능 : 1주 최대 5회 = 일일 만찬 준비
- 일일 출석 시 전투력/콘텐츠 보약 SP 각각 5개씩 획득
- 일일 출석 시 경쿠 3배(30분) 3개 획득
2. 놓친 출석은 패스로 구매 가능
3. 출석 횟수에 따라 아이템 보상 획득
★ 이전과 동일하게 아이템과 코인 중 하나를 택할 수 있으며 UI가 직관적으로 개선됐습니다
[<카르시온 옥토 페스타> 주간 축제 준비=특별 만찬 준비]
1. [메이플 ID당] 레범몬 2천 마리 퇴치 후 1회 출석 가능 : 1주 최대 3회까지
- 1회 출석 시 산호 주화(코인샵 코인) 1500개 획득 : 최대 21번까지 가능
- 일일 출석 시 경쿠 3배(30분) 3개 획득
2. 놓친 출석은 패스로 구매 가능
[<카르시온 옥토 페스타> 집중 소탕 작전]
1. [메이플 ID당] 레범몬 1만 마리 퇴치 후 집중 소탕 1단계씩 완료 가능 :
1주에 최대 5단계까지 완료할 수 있습니다 : 총 1주에 5만 마리
2. 5단계까지 완료한 이후 메포를 사용하여 추가 소탕 가능
3. 메포로 퀵패스 구매 가능
[특제 문어요리 뷔페 = 보약 = 새벽별빛 채집]
1. 레범몬 출석으로 획득한 SP로 이벤트 보약 스킬 찍기 가능
2. 요구 SP
3. 각 레벨별 효과
4. 메포로 주간 추가 SP를 구매하거나, 9,900 메포를 사용하여 초기화할 수 있습니다
[<황금 문어 키우기> = 강심장 테스트]
1. [메이플ID당] 1주에 1번, 3종류의 알 중 하나를 택한 후 레범몬 퇴치를 통해 문어를 성장시킬 수 있습니다 :
맨 처음에는 1천 마리, 이후 성장(강화) 1회에 300마리
+ 알 하나를 다 키운 이후에는 다른 알을 또 성장시킬 수 있습니다
2. 문어는 레벨에 따라 높은 수준의 보상을 지급하나 문어가 도망칠 경우 보상을 아예 못 받습니다. 실패 시에는 레벨이 내려갑니다. 문어 강화는 최대 100회까지 가능합니다.
3. 문어 레벨에 따른 보상 목록
[산호 주화
상점 = 코인샵] : 메이플ID당
수에큐 200
에잠/스에잠 5
황망/이노/인장/펫장비 스크롤 20
순백 10
페어리하트 1
유잠 1
에잠 1
하트 주문서 10
모몽 1주 3
성향비약 20
슬롯 8칸 15
초기화 주문서 3
피로회복제 1일 5
캐릭터 슬롯 5
가방/지갑 10
카오스 서큘 20
블랙 서큘 10
레전드리 서큘 3
황금 딸기 농장 1주 5
익성비 200
극성비 2
[메소샵] : 월드당
놀긍혼 50
펫장비 이전 주문서 5
홍조/뽀송 1
이어센서 1
뎀스 추출권 1
헤어 쿠폰 1
카튼 수염~태엽 3
의자~진열장 1
★신규 이벤트 : <챔피언 버닝>★
[챔피언 더블 업 : ~4/16]
1. [메이플ID당 1회] :
<챔피언 더블 업>
을 진행할 월드를 선택합니다.
다만 이번에는 <챌린저스 월드> 에서도 병행하여 동시 진행할 수 있습니다
2. 총 1개의 리더와 2개의 팔로워를 지정할 수 있습니다. 지정된 캐릭터는 이후 변경할 수 없습니다
★리더는 이하 효과를 받습니다 : 1주 10만 마리까지
3. 리더가 레범몬을 퇴치할 시 이하 보상을 획득합니다
1) 챔피언 코인 : 리더와 팔로워 모두 획득
- 2000마리당 2500개 : 1주 최대 3회까지 : 최대 21회 가능
2) 더블 업 EXP 포인트 = 1마리에 1EXP 포인트 / 1주 최대 10만 : 팔로워들만 획득
4. 획득한 챔피언 코인으로 전용 코인샵을 이용할 수 있습니다
★ 이벤트에 지정된 캐릭터로 각각 전용 코인샵 이용 가능합니다
이벤트 링 1
영환 150
검환 100
황망 5
수에큐 100
유잠 1
에잠 1
이벤트 링 레잠 1
이벤트 링 명큐 150
장큐 50
명큐 40
코젬 200
경코젬 10
스페셜 명훈 50
심볼 500
극성비
1
솔 에르다 1
솔 에르다 조각 50
[챔피언 챌린지 :
3/20 시작
]
1. 3월부터 진행되며 1주마다 미션이 해금됩니다.
선택한 월드에서만 진행할 수 있습니다. 최대 3개의 캐릭터로 참여 가능합니다
* 이 이벤트를 <챌린저스 월드> 에서 시작했을 경우 :
2. 각 주차마다 해금되는 미션은 이와 같으며, 이번엔 패널티를 달고 진행하는 퍼펙트 챌린지가 추가되었습니다
※ 보스 처치 미션의 경우 연습 모드에서도 완료 가능하며, 미션은 각 보스의 마지막 페이즈에서 보스 몬스터가 처치되는 시점에 완료로 인정됩니다.
★퍼펙트 챌린지 도전 패널티
3. 보스 격파 미션에 성공 시 코인을 획득합니다
1) 노멀 : 챌린지 코인 지급 : 모든 보스 동일
- 1번째 격파 : 1000
- 2번째 격파 : 1000
- 3번째 격파 : 2000
2) 퍼펙트 : 퍼펙트 챌린지 코인 지급
4. 스페셜 챌린지(하드 진 힐라 1인 3 캐릭터 격파) 의 경우 코인을 지급하지 않고 이하 보상들이 지급됩니다
5. 보상으로 획득한 코인으로 코인샵을 이용 가능하며 일반 미션 코인샵 탭과 퍼펙트 미션 코인샵 탭으로 나뉩니다. 이 코인샵 재고는 선택한 월드 내 전체 공유입니다
- 일반 코인샵
부스터 : 주간 10
VIP 버프 : 무제한
블큐 : 주간 8
화에큐 : 주간 8
놀긍혼 : 80
아크 이노 : 20-
영환 : 200
검환 : 500
프펫 : 30
스페셜 명훈 : 300
카오스 서큘 : 30
블랙 서큘 : 30
심볼 : 100
프악공 : 30
- 스페셜 코인샵
블큐 : 20
화에큐 : 20
심환 : 150
--------------------------
4추만 보내주시면 감사드리겠습니다"
https://www.inven.co.kr/board/maple/2304/43011,사냥,"상급포인트, 잠수맵, 익몬, 에픽던전 어떤거 먼저해야할까",,2025-02-11 03:50,28828,14,"하버맥스부스터로 260을 찍었는데 그동안 모아놨던 상급포인트, 잠수맵이랑 익몬, 에픽던전을 몰아
줄려고 했는데 문득 어떤 순서로 해줘야 이득일지 궁금해져서 한번 계산해보았습니다.
상급포인트랑 잠수맵은 1업하는데 필요한 양, 익몬이랑 에픽던전(하이마운틴, 4배)은 1판 당 경험치 입니다.
효율을 서로 비교하기 위해서 기준이 필요한데 상급포인트를 기준으로 바꿔보면
잠수맵 30분, 익몬1판, 에픽던전(하이마운틴, 4배)이 상급포인트 몇개 정도의 효율인지 계산한 표입니다.
보시면 잠수맵과 에픽던전은 레벨이 올라도 거의 똑같은 효율을 보여주고 있고
익몬은 레벨이 오를수록 조금씩 떨어지다가 5레벨 단위로 효율이 올라갑니다.
이상한점은 잠수맵이 모든 레벨에서 효율이 비슷한데 270, 271, 272 구간만 미세하게 효율이 더 좋은 모습입니다.
결론
1. 상급포인트, 잠수맵, 에픽던점은 아무 레벨에서 순서 상관없이 해도 괜찮다.
2. 익몬은 초기화 전에 5레벨 단위로 레벨업을 할 수 있다면 그 후에 해주고 그렇지 않다면 제일 먼저 해주자.
3. 크게 차이는 없지만 잠수맵 270~272 구간이 효율이 조금 더 좋다."
https://www.inven.co.kr/board/maple/2304/42988,지역,"챌린저스 서버, 썬콜 - 2탄",,2025-02-09 19:30,18618,11,
https://www.inven.co.kr/board/maple/2304/42987,지역,"챌린저스 서버, 썬콜 - 1탄",,2025-02-09 19:29,26393,14,"챌섭에서 썬콜을 재밌게 즐겨 만들어보았습니다.
동을 환산의 경우, 더 저점이 탄탄하거나 더 딜이 잘뽑히는 등의 캐릭이 많지만,
동일 환산까지 도달하는데 쿨뚝이 필요없으며, 비교적 적은 메소로 도달할 수 있는 캐릭터이기에
해당 내용을 제작하였습니다."
https://www.inven.co.kr/board/maple/2304/42970,기타,비숍 노말카링 솔플 공략글  2차수정中,,2025-02-07 23:17,26086,33,"1차수정내역
- 오타 수정
- 글상자 추가
2차수정내역
- 작성자 코멘트 추가
- 1페이즈 내용수정
- 2페이즈 내용추가
- 3페이즈 내용추가 및 수정
- 노말카링비숍 클리어영상 재업로드
- 오타 및 문단 수정
안녕하세요 먼저 2024년 비숍의 솔플 스킬운용법
게시글이 관리자 선정을 받았었는데
이후 넥슨 콘텐츠 리워드 프로그램 채택을
받았던 기억이 납니다.
제 글을 보신분들 덕분에
제가 컨텐츠 리워드에 선정이 되었다고해도
과언이 아닌거 같습니다.
이자리를 빌어
다시한번 정말 감사합니다.
이번에는 노말카링 비숍 솔플 경험담과
공략이라고 부르기에는 조금 민망하지만,
작성자인 제가 많이 미흡하고 부족해서
과연 이 글을 작성해도 될만한
자격이 있는지는 모르겠지만,
그래도 제 글을 보면서 조금이나마,
도움이 되는 내용이 있으면 좋겠습니다.
1페이즈
흉수 3마리중
저는
혼돈
->
도올
->
궁기
순서로
진행합니다.
비숍 개개인마다 달라서 정답은 아니지만,
첫번째로 도올을 하기에는,
전기 삼각형을 만드는 준비시간이 있기때문에
인피 달구는시간을 보스입장맵에서 하는게아닌,
입장이후 달구는점이 아쉬워서 제외했고
궁기를 처음하기에도, 2페 입장전에는
적어도 프브라 극딜쿨은 기다려야해서
가장 안정적인 궁기를 마지막순서로
배치했습니다.
혼돈을 처음 입장하면 처치이후,
도올게이지가 급격하게 낮을겁니다.
그래서 두번째 도올을 입장해서
게이지 조절을 같이 합니다.
1페이즈는 솔플이다보니,
게이지 관리를 순수 혼자서 해야하니
실관리가 중요합니다.
1페이즈 혼돈
비숍은 2분극딜이다보니,
가시패턴과 주기가 비슷합니다.
​
​
​​
퀵슬롯을 보면 프브라 쿨타임이 깜빡거리며
이후 바로 극딜을 쓰지 않는모습
프레이 극딜쿨이 돌았을때는
바로 쓰는게아니라 가시패턴을 보고
극딜을 해야합니다.
가시패턴은 혼돈이 무적상태입니다.
​
​
그리고 혼돈이 검은색 안개에 들어가지않게
유인하며, 안개에 있는 식물들은
가시가 있기때문에 조금더 조심해야합니다.
​
​
​
마지막으로, 혼돈의 폭발은
캐릭터위에 표식이 생기며 최종뎀 감소
디버프가 생겨서 극딜때는 표식이 없을때
극딜해야 합니다.
혼돈이 잡혔을때쯤이면, 위에 설명한대로
혼돈게이지가 엄청 높고
도올게이지가 급격히 낮은 상태일겁니다.
1페이즈 도올
도올의 핵심은 전기삼각형을 만드는 타이밍과
인피 끝물 타이밍을 잘계산해야합니다.
인피 끝물에 극딜을 쓸텐데 그때
삼각형이 완성을 못하면 모법특성상
딜 포텐셜이 떨어지기때문에
미리 구상을 해야합니다.
이 부분에서 초창기 트라이할때 많이 고생한
기억이 납니다
그래서
첫번째, 두번째, 지렛대까지 미리 활성화를
시키고 나서 이후에 생각해도 늦진않기때문에
바로바로 준비하는게 좋습니다.
삼각형을 왼쪽에서 만들건지 오른쪽에서 만들건지는
고민이 있을텐데,
도올쪽에서 게이지가 많이 쌓일경우
궁기쪽 게이지가 낮을것으로 예상되고
이미 저희는 혼돈쪽에서 게이지가 많이 찬상태로
진입을 했을거라 생각되서
왼쪽 빨간실(궁기실)을
맞으며 삼각형을 만드는게 수월할겁니다.
​
​
도올 입장이후
프브라 쿨타임이 59초 남았을때
첫번째 삼각형 활성화
2분극딜주기 기준
경험이 많이 쌓이다보면
2분에 삼각형을 2번정도 만들수있으며
1분(?) 준극딜 까지는
엔버링크+디퍼 스택 조금털기 가능하며
숙련도가 어느정도 올랐을때 추천드립니다.
​
​​
퀵슬롯 프브라 쿨타임이 깜빡거리며
인피끝물이 달궈지면서
그와 동시에
두번째 삼각형 지렛대가
활성화하기 직전모습
1페이즈 궁기
궁기는 다른 흉수와 달리
크게 어려울건 없지만, 주의할점은
궁기가 돌진할때와 그림숨기는
무적상태이기때문에
이 두가지패턴을 유의깊게 보고
극딜하는게 중요합니다.
​
​
막상 홀블키고 리레 극딜하려고 했는데
갑자기 돌진이나 그림속으로 숨어버리면
딜로스가 존재해서 신경쓰셔야 합니다.
또한, 궁기 게이지가 낮다고해서
일부러 궁기 날갯짓 맞으시는 분들도
계시는데, 피격시 밀격+스턴상태도
동반되기때문에
​
저는 궁기 돌진할때 비숍 본인도
같이 움직여서 비벼서 게이지 조절하는게
시간단축에 용이할겁니다.
그리고 궁기에서는 오래 체류할수록
정신력을 갉아먹기때문에
인피 달구는타이밍과 극딜쿨이 10~15초
(2페 입장 애니메이션 보는것 감안해서)
남을때 맞춰서 궁기를 처치하는게 베스트입니다.
위 모습은 프브라 쿨타임 10초내외
인피가
중간정도 달궈지는타이밍
그리고 게이지 관리도 미리 준비해놓은 상태
바로 2페 입장을 하려는 모습입니다.
2페이즈
2페이즈는 극딜때
비숍분들마다 스타일이 달라서
저도 회의적인 내용인데
2페이즈는
컨티링
을 쓰는게 맞는가?
리레링
을 쓰는게 맞는가?
라고 물어보면 본인한데 정답이
있다고 생각합니다.
가장 적절한 예시가,
본인이 익검을 할때 1페이즈를
컨티를 쓰는지 리레를 쓰는지랑 비슷한
맥락이라 생각됩니다.
저는 리레,컨티 둘다 사용해봤지만
저는 카링 2페이즈에서도 평딜을
넣을수 있다는 자신감이 있고
익검또한 파괴알다비오트만 유인해서
1.4 집중공격으로 평딜을 넣으면 된다는
마인드라서
컨티링
을 채용했습니다.
이후 2페이즈는 극딜을 총 3번을 해야지
넘어갈텐데,
​
​
첫번째 극딜은 입장극딜이라
안정적으로 딜링
​​
​
​
두번째 극딜을 하기전에는
1) 원흉 패턴을 보고 극딜
​
​
세번째 극딜을 할때는
1) 원흉 패턴을 보고
2) 카링의 돌진을 보고 극딜
두번째 극딜은 오리진 바인드가
사용되기때문에 어느정도 안정적인
딜링이 가능합니다.
세번째 극딜은 오리진 바인드도 없으니
원흉과 돌진을 다보고 극딜해야합니다.
​
​
그리고 원흉패턴의 주기는
보통 1분정도 예상되며
원흉 패턴을 시간까지 측정하면서
하기에는 많이 빠듯하기때문에
저는 배경음악을 크게 높여서
2페이즈 브금이 갑자기 조용해지면
이때 원흉패턴이 오는걸
예상하실수 있습니다.
원흉패턴의 비숍 안전지대는
총 3곳입니다.
​
1) 왼쪽위
왼쪽위로 원흉을 피할때는
궁기게이지가 낮을때 공중 체공하면서
빨간실을
맞습니다.
2) 중앙위
중앙위로 원흉을 피할때는
도올게이지가 낮을때 공중 체공하면서
초록실을
맞습니다.
3) 오른쪽위
오른쪽위로 원흉을 피할때는
혼돈게이지가 낮을때 공중 체공하면서
노란실을
맞습니다.
평소 2페이즈 게이지 관리할때는
실을 맞아도 좋지만,
맵패턴과 보스패턴으로도 조절이 가능합니다만,
맵패턴 전기장판과 가시식물로
스턴
과 함께
도올과 혼돈게이지가
높아지는 경우가 많을겁니다.
이후 보스패턴으로 카링의 돌진으로만
궁기게이지가 차는데 한정적이라,
보통은 첫극딜이후 왼쪽에서
평딜을 넣는경우가 있습니다만
이것도 상황에따라 유동적으로
대처해야합니다.
​
​
추가로, 이후에 서술할 내용인
2페이즈의 채집키
정화
는
캐릭터 위의 저주 문양 이펙트가 생기며
이후 캐릭터에게 폭발의 데미지가 들어오는
패턴을 상쇄해주는 수단입니다.
저도 가끔 놓치는 부분인데,
폭발을 평소에는 피할수 있지만,
보통 2페이즈 원흉패턴때는
공중체공 블링크 도중이라
맞을수밖에 없는 상황이라
이때 정화 채집키 쓰는걸 추천드립니다.
​
​
​
​
그리고 카링의 본체패턴은 어느정도
보고 가까이서 텔포로 피할수 있지만
두루마리 족자는 X축이 길어서
주의를 해야하는데,
비숍의 엔젤레이 범위가 나름 있다보니,
적당히 거리유지만 하시면서 텔포로
피할수 있습니다.
3페이즈
3페이즈 입장이후 게이지를 먼저 관찰후
낮은 게이지의 흉수쪽으로 자리잡습니다.
3페이즈는
솔플입장시는
1페와 다르게,
게이지 관리가
OVER 되는 경우는 거의
없어서
어려울건 없지만
비석세워서 죽는경우가 종종 있을겁니다.
그것만 신경써주시면 문제될건 없습니다.
게이지는 1인입장이라
한곳에 머물면 결국에는
게이지가 한쪽으로 쏠릴수밖에없지만,
자리를 옮기면서 다시 게이지를 정상화로
만들면 됩니다.
​
​
3페이즈의 정석은
도올
을 먼저 처치하고
궁기
그리고
혼돈
을 순서로
처치하는경우입니다.
도올이 가장 위협적인 패턴이
있다보니 극딜을 도올쪽에 집중합니다.
도올에서는 텔포 직업이
번개 스턴을 맞고 죽는경우는
드물긴하지만, 안전을위해서
디프텍
을 활용을 추천드립니다.
​
​
오리진 타임때는
흉수와 흉수사이에 중간에서 사용해야
카링본체 + 왼쪽 흉수 + 오른쪽 흉수가
동시 타격이 가능하기때문에 인지해야합니다.
​
​​
아까 설명한내용에서
궁기쪽에서 오래 머무르다보니,
자리를 옮긴상황
위 예시는 도올의 게이지가 낮은상태
엔젤레이의 넓은 리치를 이용해
도올영역안에서 혼돈에게 평딜을 넣는상황
동시에
도올영역
안에
노란실
을 맞아서
게이지 평준화
3페이즈에서 죽는경우는
​
​
1) 카링과 영역을 벗어나 피격뎀 증가와
물약봉인과 단추의 폭발데미지 연계에 의한 죽음
​
​
2) 카링의 밀격으로 인한 경직과
스턴의 상태이상으로 인해
다른패턴과 연계로 죽음
​
​
3) 흉수 2마리 처치시점부터
카링 본체패턴
잡아서 던지기와
깨물기 기절
로 인한
다른패턴 연계로 죽음
이렇게 저는 많이 비석을 세웠던
경험이 있습니다.
​​​
​
​
카링의 밀격은
문을 열려는 모습에서 캐릭터가
중앙에 걸치면 피할수있으며
윗점으로도 피하는것보다 효율적이며
동시에 평딜도 계속 욱여넣을수 있어서
위 대처법이 유용합니다.
노말카링 비숍 솔플 연습
https://www.youtube.com/watch?v=Td4JdnxZx74&t=242s
(내용수정)
아직 노말카링 클리어 영상을
녹화를 못해서 임시로
트라이 영상을 올렸으며 나중에
재업로드 할 예정입니다.
+ 노말카링 비숍 클리어영상
재업로드 했습니다.
노말카링 비숍 클리어
https://www.youtube.com/watch?v=m0vEru8agA8
마지막으로
비숍분들에게 하고싶은 말이
있다면,
보스 솔플에서는
비숍이 엔젤레이 화살 하나하나를
쉬지않고 활시위를 당기는 피지컬도
중요하지만,
저는 보스를 임할때 마인드
자신감
도 필요하다고 생각합니다.
""보스를 씹어먹어주겠다.""
라고 과장해서 표현도 했는데
그만큼 마음가짐을 강조하고 싶었고
솔로플레이는 트라이를 하다보면,
지치거나, 좌절하는경우가
발생할텐데 꺽이지않고 끝까지 집중하면
노력이 보답받는날이 올수있습니다.
응원하겠습니다!
이상으로 노말카링 비숍 솔플 후기글
내용을 마치겠습니다
2월 4일부로 비숍게시판에서
1차수정
진행완료했으며
2월 7일부로 팁과 노하우 게시판에서
2차수정을
진행중 입니다.
제가 알고있는 내용이 틀릴수도 있으니
수정할부분 있으면
댓글에 말씀주시면 감사하겠습니다.
그리고 아직 내용이 완성된부분이 아니기때문에
피드백과 함께 내용수정을 추후 진행하려고합니다.
추후 시간 여유 있을때 PC로 수정이 가능해서
저녘~밤사이 진행예정입니다.
이글의 목적은
3월에 출시할 데스티니 성장퀘스트가
패치에 추가될 예정인데
제네시스 해방퀘스트의 맥락과
방향성이 어떻게 될지는 모르겠지만
노말카링 솔플이 1차 데스니티 성장퀘가
예상이 되는 가운데
이글이 먼 훗날 데스티니 성장하시는
비숍분들에게 조그마한 선물이
되길 바랍니다.
긴글 봐주셔서 정말 감사합니다.
많은 비숍분들이 보실수 있도록
20추만 보내주시면 감사하겠습니다!"
https://www.inven.co.kr/board/maple/2304/42927,기타,[2/6~]후속 출석 이벤트&하버부&코인샵 기간 등 새벽별 연회 마무리 소식지,,2025-02-04 09:28,77497,63,"[수정/추가 사항]
1. 메M 라라 연계 이벤트 종료 일자 2/19로 수정했습
니다
2. 부스터 <테라 블링크> 참여 가능 사항 추가 등 보충
-----------------
안녕하세요
벌써 [NEXT] 1차 업데이트와 함께 시작됐었던 <새벽별 연회> 이벤트가 종료를 앞두고 있습니다
이에 따라 마무리되는 시기에 보실 만한 내용들을 간략히 모았으니 한 번 쭉 봐주시면 주요 내용들을 따로 찾아 보시지 않고 가져 가실 수 있습니다
잘못 적힌 부분은 말씀해 주시면 감사히 수정합니다
★오늘 - 2/5(수) 23:59 종료 사항★
1. <새벽별 분수대>
- 출석
- 패스 구매
-
보상(
코인) 수령 : 코인도 자동 수령 아니므로 혹시 안 받으신 분들은 수령하셔야 합니다
2. <헤네시스 윷놀이 대회>
- 참여
- 보상 수령 : 의자/훈장 등
+ 이외 정례적인 보스 코인 수령/주보/결정석 판매 /수로/에픽 던전/아즈모스 협곡 등 체크하기
▶ 주요 일정 같이 보기
- [~2/12]뉴네임 옥션
- [~2/14]파란 소녀 추첨 이벤트 당첨 확인
*
https://gwevent.nexon.com/Home/EventConfirm?n4EventSN=2KdcA9BShpQyyBYsaxcqtw%3d%3d
- [~2/19]메이플스토리M 라라 연계 이벤트
- [~2/19]NPC 어워즈 1차 상품 판매
★메인 이벤트 중간 체크 : 2/6(목) 0시 기준★
1) <챌린저스 월드> : ~5/21 : 총 22주 중 15주 남음
- 남은 사냥 미션 개근 포인트 : 총 7
500 포인트
- 남은 사냥 미션 개근 코인 개수 : 총 22500개
2) <새벽별 연회> : ~2/19 : 총 9주 중 2주 남음
▶ 출석/브루미/코인샵 이용/보약 스킬/사우나 등 2/19 23:59에 일괄 종료됩니다
- 개근 기준 남은 특별 만찬 기념 주화 : 3000개(1주)
- 보스 코인(뱃지)은 만찬 출석과 별개로 마지막 주차까지 수령 가능하여 2주 더 받을 수 있음
- 개근 기준 남은 일일 출석 보상
★ 일일 만찬 최종 보상인 초월 성장의 비약은 2/20 2시까지 사용 가능하며, 이는 출석으로 획득할 수 있는 보상 아이템들도 동일합니다. 또한 코인샵에서 구매한 아이템의 기한 또한 동일합니다
* 8주차 캐릭터 창 배경 미리 보기
★<새벽별 연회> 특별 만찬 준비 24회 완료 보상 : 개근 시 2/6(목)에 획득 가능★
1) 하이퍼 버닝 부스터
- <하이퍼 버닝 MAX> 효과를 받고 있는 캐릭터에는 사용할 수 없습니다
- 사용 후 효과 취소가 불가능하므로 신중히 사용하셔야 합니다
- <챌린저스 월드> 의 리프 가능 캐릭터 개수가 0일 경우, <챌린저스 월드> 에서는 부스터를 수령할 수 없습니다
- 부스터로 버닝이 적용된 캐릭터로도 <테라 블링크> 참여가 가능합니다(3/19까지)
▶ 보상 관련
- 버닝 지정 시 이터널 플레임 링/블랙 세트/카루타 세트/칭호 등의 기본 보상을 수령할 수 있습니다
- 부스터의 레벨 달성 보상은 어떤 월드에서 육성하든 <하이퍼 버닝 MAX> 보상의 ""일반 월드 보상"" 기준으로 지급됩니다. 이에 더불어 260 달성 훈장도 지급되지 않습니다
* 해당 표의 왼쪽 ""일반 월드 보상"" 참고 -
https://upload3.inven.co.kr/upload/2024/12/28/bbs/i1109391056.jpg?MW=800
- 또한 이는 기존의 버닝 레벨 달성 보상과 마찬가지로 지정한 레벨 이후의 보상부터 수령할 수 있습니다
ex) 205레벨 캐릭터에 부스터 사용 시 이터널 플레임 링과 기간제 카루타 상자 등 수령 가능, 레벨 달성 보상은 210레벨 보상부터 수령 가능
2) 공중정원의 시종 의상 세트 교환권
- 헤어 쿠폰이 아니라 가발입니다
★2/6(목) 10시 시작 이벤트★
1. [~2/19(14일 진행)] : <버닝 익스프레스> : <새벽별 분수대> 후속 출석 이벤트
1) [메이플ID당] 레범몬 1천 마리를 퇴치 후 일일 출석할 수 있습니다
- 모든 보상 수령에 14일 중 10일 참여 필요
- 놓친 출석은 3000메포로 1회 구매 가능
2) 출석 횟수에 따라 보상을 수령할 수 있습니다
- 출석 1~4번째 / 6~9번째 : VIP 부스터 5개 : 총 40개
- 출석 5번째 : 상급 EXP 교환권 2000개
- 출석 10번째 : 솔 에르다 2개
3) 29900 메이플포인트로 플레임 패스 구매 시 위의 보상을 한 번 더 수령할 수 있습니다
★2/13(목) 0시 시작 이벤트★
1. [~2/19(7일 진행)] : <두근두근
브루미의
마지막 대청소> : 마지막 경험치 스킬 이벤트
1) 지금 진행 중인 브루미 이벤트는 2/12 23:59 종료되고, 2/13 0시에 새로운 이벤트가 시작됩니다
2) 2/13 0시 이후 이벤트 알림이에서 퀘스트를 수락하셔야 합니다
3) 기존의 대청소보다 스킬 발동 경험치가 증가되며, 기존의 30회에 더불어 10회와 20회 스킬 발동 시에도 대량의 경험치 당첨이 가능하도록 변경됩니다
- 단, 고대 유물은 하루 최대 1회까지만 당첨 가능
★NEXT 3차 업데이트 : 2/20(목) 예정★
▶ 테스트 서버 유력 오픈 일자 : 2/13(목)
1. 신규 보스 <발드릭스> 추가 :
<유니온 챔피언> 효과는 적용되지 않음
2. 보스 매칭 월드 통합
: 이지 칼로스 이상으로 우선 예고되었으나 변경될 수 있다고 언급됨
3. <챔피언 버닝> 시작
4. 봄맞이 신규 이벤트 : <새벽별 연회> 후속
5. NPC 어워즈 2차 코디 공개
------------------------------
4추만 보내주시면 감사드리겠습니다"
https://www.inven.co.kr/board/maple/2304/42844,아이템,골드 주화 로직,,2025-01-28 14:29,76716,37,"한 줄 요약: 골드 주화 = 최근 n일 메소마켓 시세 기준 1300메포
NEXT 업데이트 때 메이플 옥션 통합이 들어왔고, 여기서 전날 메소마켓 시세에 기반한 '관세'가 등장했습니다. 이제 관세를 쭉 기록하면서 당일 주화 시세와 비교를 해보면 무슨 관계가 있지 않을까 생각해서 41일간 일반 월드 관세를 기록해보았습니다.
날짜
골드 주화
관세
날짜
골드 주화
관세
12월 19일
53644500
243
1월 9일
53329900
244
12월 20일
54832700
237
1월 10일
53263600
244
12월 21일
55806400
233
1월 11일
53349400
244
12월 22일
56743700
229
1월 12일
53409200
244
12월 23일
57492500
227
1월 13일
53301300
244
12월 24일
57505500
226
1월 14일
53189500
245
12월 25일
57279300
227
1월 15일
53132300
245
12월 26일
57072600
229
1월 16일
53054300
245
12월 27일
56946500
229
1월 17일
52954200
246
12월 28일
56598100
230
1월 18일
52864500
246
12월 29일
56231500
232
1월 19일
52837200
246
12월 30일
55972800
233
1월 20일
52169000
250
12월 31일
55887000
233
1월 21일
52123500
?
1월 1일
55911700
233
1월 22일
52074100
250
1월 2일
55524300
235
1월 23일
52049400
250
1월 3일
55100500
236
1월 24일
52167700
250
1월 4일
54702700
238
1월 25일
52306800
249
1월 5일
54268500
240
1월 26일
52367900
249
1월 6일
53753700
242
1월 27일
53131000
?
1월 7일
53566500
243
1월 28일
53160900
245
1월 8일
53410500
244
이를 그래프로 나타내면 다음과 같습니다.
검은 선은 선형회귀모형을 적합한 것으로, 잔차분석 결과 잔차가 설명변수에 대한 비선형적 추세를 보여 이 모형은 적절하지 않습니다. 위 그림에서 5500만 메소 부근에는 파란 점이 검은 선 아래 분포해 있고, 양 끝에서는 검은 선 위에 분포한 것으로 확인할 수 있습니다.
조금 더 단순한 모형이 있을 것 같다고 생각해서, 그냥 둘을 곱해봤습니다. 관세에 10을 곱한 값이 전날 메소마켓 시세이므로, 골드 주화의 대략적인 메포 시세는 아래 그림과 같습니다.
골드 주화의 가치가 1300 메이플포인트라고 해도 문제가 거의 없음을 확인할 수 있습니다. 마지막으로, 골드 주화의 가치가 정확히 1300 메이플포인트라고 가정하고, 이를 바탕으로 메소마켓 시세를 추정한 다음에 관세의 10배와 비교해보겠습니다.
검은 선은 항등함수입니다. 전체적으로 파란 점이 검은 선보다 위에 올라와 있지만, 위로 올라온 정도가 일정한 것을 확인할 수 있습니다. 관세에서 메소마켓 시세 추정량을 뺀 잔차를 그려보면,
잔차가 -1에서 +9 사이에 균일하게 분포해 있습니다. 2280메포 근처에 이상치가 두 개 있는데, (2024년 12월 22일, 12월 26일) 지금 와서 확인할 수는 없으니 일단은 집계 과정에서 뭔가 오류가 있었던 걸로 판단하겠습니다.
이로써 주화 시세와 관세를 정하는 기본적인 로직을 확인할 수 있습니다. 정리하면 다음과 같습니다.
1. 골드 주화는 메소마켓 시세 기준 1300 메이플포인트의 가치가 있다.
2. 관세는 메소마켓 시세에 9 메이플포인트를 더하고, 10으로 나누어 정수 단위로 버림한다.
이전에 알려진 1000만 메소 + 1000 메이플포인트 공식은 관세와 큰 차이를 보여 올바르지 않은 가설입니다.
아즈모스 업데이트 당시 수준으로 메소마켓 시세가 급변할 때 주화 시세 상승률을 +3.09% 근처로 인위적으로 조정한 정황이 발견되는데, 추가적인 분석은 제2의 아즈모스 사태 발생 시 진행해보는 게 좋을 것 같습니다.
(2025년 2월 28일 13시 추가)
최근 며칠 동안 메소마켓 시세와 경매장 관세에 괴리가 발생하고 있습니다. 골드 주화 가격이 전날 1일치 메소마켓 시세만 반영하는 것이 아닌 것 같습니다.
(2026년 3월 6일 14시 추가)
상한가와 하한가가 관측되었습니다. 상한가는 3 / 97 (+3.0928%), 하한가는 -3 / 103 (-2.9126%)입니다. 골드 주화 시세가 항상 1300의 배수인데, 아마 3.09% 근처에서 노는 값들은 단순한 round-off error로 추정됩니다."
https://www.inven.co.kr/board/maple/2304/42760,기타,[1/23~]신규이벤트 주의사항&핸즈옥션 관련 등 소식지,,2025-01-22 20:49,61425,57,"[수정/추가 사항]
1. 목요일 기준으로 글 최신화
2. 1/26 썬데이 추가
3. 썬데이 기간 지나서 삭제 : 몬파 등 경험치 썬데이였습니다
--------------------------
안녕하세요
이 글은 오늘부터 테섭 이전까지 보실 만한 내용들을 간략히 모은 것입니다.
다 읽으신 후 혹시 항목별 자세한 내용이 필요하신 분들은
https://www.inven.co.kr/board/maple/2304/42665
참고 부탁 드립니다
잘못 적힌 부분은 말씀해 주시면 감사히 수정합니다. 감사합니다
★메이플 핸즈 경매장 연동 관련 문의 답변★
▶ ""
관련하여 안내드릴 수 있는 내용이 있을지 살펴보았으나
차후 업데이트 시 업데이트 내역 안내를 통해 알려드릴 예정으로 확인됩니다.
이후 안내되는 사항으로 확인을 부탁드립니다.""
- 일단 해당 사항이 NEXT 쇼케이스에서 안내된 만큼 마지막 NEXT 업데이트 타이틀인 3/20까지는 되지 않을까 싶은데 인게임 사항이 아니라 정식 업데이트 일자(2/20과 3/20)와 별개로 진행될 수도 있어서 가봐야 알겠습니다
★1/23(목) 10시 시작 이벤트★
1. [~2/6(14일 진행)] : <헤네시스 윷놀이 대회>
1) 이벤트 기간 동안 이벤트 알림이를 통해 1:1 <초능력 윷놀이> 에 참여할 수 있습니다
★
파티 플레이의 경우 2인 파티로 가능하며 보상 획득에 필요한 참여 횟수가 누적되지 않습니다
2) 일일 참여 횟수와 누적 참여 횟수에 따라, 치장 보상을
월드당
각 1회씩 수령할 수 있습니다
- 일일 참여 횟수 보상 : 무기 획득을 노릴 경우 1
4일 중 5일 참여 필요
* 의자에는 승리 횟수가 표기됩니다 : 0승~999승
- 누적 승리 횟수 보상
- 무기 점프/두손 모션
- 훈장
3) 주의 사항 : <
※ 월드 리프 시 누적된 ‘일일 참여 횟수’와 ‘승리 횟수’는 도착 월드의 ‘일일 참여 횟수’와 ‘승리 횟수’로 변경됩니다.>
- 여기에 의자에 표기되는 승리 횟수 또한 포함되어,
의자에 표시되는 승리 횟수 박제에 목표를 두신 분들께선 <챌린저스 월드>가 아닌 리프로 도착하실 월드에서 승리 횟수를 쌓으셔야 합니다
- ex) 챌린저스 월드의 승리 횟수가 50회, 리프로 도착할 월드의 승리 횟수가 0회면 리프 완료시 0회로 변경되어 표기됩니다
4) 현재로서 윷놀이 이외 예고된 다른 설날 이벤트는 따로 없습니다
2. [~2/12(21일 진행)] : <뉴 네임 옥션>
1) 이벤트 기간 동안 유저 간 닉네임 거래가 가능합니다
2) <챌린저스 월드> 에서도 이용 가능합니다
★ 인벤 뉴네임 옥션 전용 홍보 게시판 :
https://www.inven.co.kr/board/maple/6103
★메인 이벤트 중간 체크 : 1/23(목) 0시 기준★
1) <챌린저스 월드> : ~5/21 : 총 22주 중 17주 남음
- 남은 사냥 미션 개근 포인트 : 총 8500 포인트
2) <새벽별 연회> 만찬  : ~2/19 : 총 9주 중 4주 남음
- 개근 기준 남은 특별 만찬 기념 주화 : 9000개
- 개근 기준 남은 일일 출석 보상
- 7주차 출석 의상
- 8주차 캐릭터 창 배경
- 특별 만찬 준비 24회 보상(개근 시 2/6) 1 : <하이퍼 버닝 부스터>
- 특별 만찬 준비 24회 보상(개근 시 2/6) 2 : 시종 의상
3) <새벽별 분수대> : ~2/5 : 총 21일 중 14일 남음
- 개근 기준 남은 기념 주화 : 총 6000개
- 개근 기준 남은 챌린저스 코인 : 총 3000개
+ 2/6~2/19  : <버닝 익스프레스>
1) 레범몬 1천 마리 일일 출석/패스 가격 동일 : 14일 중 10일 참여 필요
2) 출석 보상
- 출석 1~4번째 / 6~9번째 : VIP 부스터 5개 : 총 40개
- 출석 5번째 : 상급 EXP 교환권 2000개
- 출석 10번째 : 솔 에르다 2개
3) 29900 메포로 플레임 패스 구매 시 위의 보상 1번 더 획득 가능
+ 2/13~2/19 : <두근두근 브루미의 마지막 대청소>
1) 기존과 참여 방식 동일 - 퀘스트 재수락 필요
2) 스킬 발동 획득 경험치 증가
3) 대량의 경험치 당첨이 10/20회에도 가능하도록 확장
- 단, 고대 유물은 하루 최대 1회까지만 당첨 가능
+
1/31까지 운영자에게 오류 보상인 프리미엄 텔포 1일 이용권 2개 수령 가능
★NEXT 3차 업데이트 : 2/20(목) 예정★
▶ 테스트 서버 유력 오픈 일자 : 2/13(목)
1. 신규 보스 <발드릭스> 추가 :
<유니온 챔피언> 효과는 적용되지 않음
2. 보스 매칭 월드 통합
: 이지 칼로스 이상으로 우선 예고
3. <챔피언 버닝> 시작
4. 봄맞이 신규 이벤트 : <새벽별 연회> 후속
5. NPC 어워즈 2차 코디 공개
----------
4추만 보내주시면 감사드리겠습니다"
https://www.inven.co.kr/board/maple/2304/42672,기타,[갱신]유챔 변경점 등 오늘 패치 신규/변경 사항 요약,,2025-01-16 14:45,56672,34,"[수정/추가 사항]
1. 팁게에서도 보실 수 있게 본문으로 갱신했습니다
----------
안녕하세요
이 글은 오늘 업데이트로 신규 추가 혹은 변경된 사항을 모은 것입니다. 더불어 같이 보실 만한 내용도 덧붙입니다
빠뜨리거나 잘못 적힌 부분은 말씀 부탁 드립니다. 오늘은 바로바로 수정이 어렵더라도 최대한 하겠습니다
★캐시 업데이트 관련 사항★
1. <캐시 이동> : 금요일 10시~금요일 10시
2. [~2/19]
NPC 스타일 어워즈 패키지 1차
:
https://maplestory.nexon.com/News/CashShop/Sale/527
- 선택권 4개 묶음 47900캐시
- 각각 14900캐시
* 2차 판매 일정
3. [~2/12]신규 스라벨 :
https://maplestory.nexon.com/News/CashShop/Sale/526
* 로얄 스타일 목록 :
https://www.inven.co.kr/board/maple/5974/4593213
4. [~2/20]프리미엄 헤쿠/성쿠 목록 변경 :
https://maplestory.nexon.com/News/CashShop/Sale/525
5. [~4/16]코디 패키지 업데이트 :
https://maplestory.nexon.com/News/CashShop/Sale/524
- 예의 바른 한복 패키지 남/여
- 금방울 패키지 남/여
- 달콤 버섯 패키지
- 상콤 버섯 패키지
6. [~1/23 9:59]위습의 원더베리 : 원더풀 위크 진행
★주요 신규&변경 사항★
1. <유니온 챔피언> 관련 변경 사항
1) 챔피언 평가전 제한 시간 추가
2) 챔피언 평가전 관련 추가된 안내
- ※ ‘챔피언 모드’를 연습 모드로 시도 시 최대 HP에 비례한 피해를 포함한 피격 데미지 감소 버프인 ‘햄슬롯의 보호’가 적용됩니다.
- ※ 레드 PC에서는 연습 모드를 포함한 ‘챔피언 모드’를 이용할 수 없습니다.
2. <링크 스킬 개선 사항>에 추가된 안내
■ 보스 전투맵에서는 링크 스킬 전수, 링크 스킬 해제, 링크 스킬 프리셋을 사용할 수 없도록 수정됩니다.
3. 메소 마켓 관련 추가된 안내
■ 12월 19일 점검 전 월드 단위 메소마켓에 등록된 거래가 있는 경우 기존 거래의 완료 금액 및 예치금이 환급되었습니다.
※ 메소는 메이플 보관함을 통해 수령할 수 있습니다.
※ 메이플 포인트는 점검 시점에 지급이 완료되며, 환급된 내역은 메이플 보관함에서 확인 가능합니다.
4. 추가 항목 : <메소 마켓 오류 수정>
■ 날짜가 변경된 후 거래 신청 시 거래 가능 횟수가 초기화되지 않은 상태로 출력되는 현상이 수정됩니다. ■ 간헐적으로 실제 완료된 거래 대금보다 적은 양의 재화가 지급되는 오류가 수정됩니다.
※ 오류가 발생한 계정에 대해서는 점검 이후 순차적으로 메이플 보관함을 통해 미지급된 재화가 지급될 예정입니다.
5. 짧게 보는 패치 후 주의 사항들
- 노블 스킬도 보스 맵에서 사용 불가함
- Dirext X 9 지원 종료 관련 공식 안내 :
정상적으로 게임 이용이 어려울 경우 최신버전의 그래픽 드라이버로 업데이트 해주세요.
- <유니온 챔피언> 등급 업 미션 도전 수락 후, 평가전 모드로 클리어 해야 인정되며 순차적으로 등급 업 가능
- <두근두근 브루미의 대청소> 이벤트 퀘스트 수락하기
- 마을 귀환 단축키 추가되어 퀵슬롯에 등록 가능
- 훈장/칭호 온오프 위치 [옵션]에서 장비 창의 훈장/칭호 쪽으로 옮겨짐
- 유니온 주간 퀘스트 입장 버튼 -> NPC 어카운트로 이동됨
+
<메이플 핸즈> 옥션 연계 패치의 경우 이번 릴리즈에도 따로 관련 사항 없습니다
+ 설날 당일 이벤트 등도 따로 추가된 것 없습니다
+ <뉴네임 옥션> / <헤네시스 윷놀이 대회> 이벤트 : 1/23 10시부터
▶ 1/16 [NEXT] 2차 업데이트 전체 미리보기 최신판 : 메할일 요약&이벤트 전체&변경사항&2/3월 테섭 일정 등 :
https://www.inven.co.kr/board/maple/2304/42665
----------
4추만 보내주시면 감사드리겠습니다"
https://www.inven.co.kr/board/maple/2304/42666,사냥,이제 지쳤는데 챌섭 280 날먹할 수 있을까요?,,2025-01-14 14:01,103049,21,"챌섭 280레벨 베이스 4만점 목표로 달리고 있습니다.
(무난히 노말 진 힐라 솔플미션까지 달성 기준)
오픈되자마자 호기롭게 달리기 시작했는데
이제는 에픽던전 2단계 결제할 돈도, 사우나 결제할 돈도,
피시방 갈 힘도, 사냥 할 힘도 안 남아 있네요.
남은 기간동안 앵글러컴퍼니 1단계 + 익몬 + 일퀘 + 몬파 1회만 해서
280 날먹이 가능할까요?
A.
네, 가능합니다.
다음 조건만 맞추면요.
조건은 새벽별 연회 이벤트가 끝나고 발드릭스 패치가 있기 직전 날,
챌섭 9주차 수요일인 2025년 2월 19일까지 275레벨 달성
이 가능하시다면
이후로 280까지는 사냥 전혀 없이 날먹이 가능합니다.
정확히는
9주차 주간 컨텐츠인 앵컴, 익몬을 미완료한 상태
에서 275가 찍혀야 합니다.
<9주차 진행 순서>
1. 9주차 수요일까지 275레벨 달성 완료
2. 새벽별연회 출첵 상급 EXP 4,000장 + 버닝 익스프레스 기본보상 상급 EXP 2,000장 + 새벽별연회 초성비 사용 (
275레벨 50% 중반 달성)
3. 9주차 주간 컨텐츠와 수요일 일퀘 몬파1회 진행 (275레벨 90% 중반 달성으로 9주차 마감)
<추가 사항>
1. 몬파는 매일 1회 진행합니다 (과금 x)
2. 익몬, 몬파, 일퀘에 10% 추가경험치가 붙어있습니다. (봄 이벤트, 22주년 보약 가능성이 유력함을 고려) 단, 보약을 찍는 실제 과정에서는 2~3주차 정도만 되어도 컨텐츠 보약이 20%를 넘어가기 시작할 것이기 때문에 실제로는 훨씬 여유로울 수 있습니다.
3. 에픽던전은 앵글러컴퍼니로, 경험치 1단계만 과금합니다 (매주 약 4400메포 소모, 메포 가격 약 2300, 주화 가격 약 5330 기준)
4. PC방 상급 EXP 쿠폰은 고려되어있지 않습니다. 훨씬 더 여유로워질 수 있습니다.
5. 사냥, 버익 VIP부스터와 브루미류 경험치는 고려되어있지 않습니다. 훨씬 더 여유로워질 수 있습니다."
https://www.inven.co.kr/board/maple/2304/42665,기타,[NEXT 2차]패치후 메할일&변경사항요약+@ : 1/16~,,2025-01-14 10:28,96807,116,"[수정/추가 사항]
1. 오타 수정
2. 일부 내용 보충
3. 1/16 기준으로 글 내용 수정+캐시 등 추가된 부분 보충 했습니다
4. 1/19 <스페셜 썬데이 메이플> 추가
5. 썬데이 메이플 미라클 타임 - 0시부터 시작으로 수정되어 반영
6. 기간 지난 썬데이 항목 삭제
--------------------------
안녕하세요
이 글은 1/16(목) 진행되는 <NEXT> 2차 업데이트의 중요한 내용들을 빠르게 확인하실 수 있도록 한 글입니다
아무래도 2차 업데이트이니 만큼 근본적으로 바뀌는 건 없습니다. 가볍게 한 번 쭉 봐주시면 좋습니다
글 순서는 이렇습니다
[목차]
1. 1/19 <스페셜 썬데이 메이플>
2. 패치 후 메할일 체크 ◀ 진짜 바쁘시면 우선 순위
3. 캐시 업데이트 관련 사항
4. 메인 이벤트 중간 체크
5. 신규 이벤트 핵심 사항(+각 이벤트 공식 이름과 함께 한 줄로 보기)
6. 신규&변경&개선 사항
◀ 진짜 바쁘시면 우선 순위
7. 이후 정식 서버 업데이트 일정
잘못 적힌 부분은 말씀해 주시면 감사히 수정합니다
★패치 후 메할일 체크★
1. [메인]기존과 동일한 메할일
1) <챌린저스 월드> 육성 : 출석/미션 참여 등
2) <하이퍼 버닝 MAX> 육성
3) <새벽별 연회> 참여 : 출석/보스 코인 등
2. [메인]새로 추가된 메할일 : 필수에 가까운 이벤트들
1) [메이플ID당] : <새벽별 분수대> : 레범몬 1천 마리 퇴치 후 출석 버튼 누르기
- 21일 중 15일 출석 필요
- 개근 시 기념 주화 총 1만 개, 챌린저스 코인 총 5천 개 획득 가능
▶ 2/6부터 시작
2) [메이플ID당] : 개근 시 2/6에 획득하는 <하이퍼 버닝 부스터> 사용
- 생성 보상(이터널 링/카루타) 전부 지급
- 레벨 달성 보상은 일반 월드 기준으로 보상 지급되므로 꼭 챌린저스 월드에서 육성할 필요 없음
3) [메이플ID당] : <버닝 익스프레스> : 레범몬 1천 마리 퇴치 후 출석 버튼 누르기
- 14일 중 10일 출석 필요
- 보상 : VIP 부스터 / 상급 EXP 교환권 / 솔 에르다
3. [서브]새로 추가된 메할일 : 필요에 따라 참여 이벤트들
1) <메이플스토리M 라라 연동 이벤트> : 라라 의자/뎀스/최종 보상은 200 레벨 솔 에르다
2) <브루미의 두근두근 대청소> : 퀘스트 수락 필요 / 동일한 참여 방식
- 대량의 경험치 당첨이 30회 발동 시에만 낮은 확률로 가능하도록 변경되어서 이왕 사냥하실 분들은 30회 다 채우시는 게 바람직할 것으로 보입니다
3) <챌린저스 월드> 사전 리프 시작
▶ 1/23부터 시작
1) <헤네시스 윷놀이 대회> : 초능력 윷놀이 참여와 승리 횟수에 따라 치장 아이템 지급
2) <뉴네임 옥션> : 유저 간 닉네임 거래 이벤트
★캐시 업데이트 관련 사항★
1. <캐시 이동> : 금요일 10시~금요일 10시
2. <NPC 어워즈> 1차 판매 :
https://maplestory.nexon.com/News/CashShop/Sale/527
- 선택권 4개 묶음 47900캐시
- 각각 14900캐시
* 2차 판매 일정
3. [~2/12]신규 스라벨 :
https://maplestory.nexon.com/News/CashShop/Sale/526
4. [~2/20]프리미엄 헤쿠/성쿠 목록 변경 :
https://maplestory.nexon.com/News/CashShop/Sale/525
5. [~4/16]코디 패키지 업데이트 :
https://maplestory.nexon.com/News/CashShop/Sale/524
- 예의 바른 한복 패키지 남/여
- 금방울 패키지 남/여
- 달콤 버섯 패키지
- 상콤 버섯 패키지
6. [~1/23 9:59]위습의 원더베리 : 원더풀 위크 진행 : 위습의 원더 베리 사용 시 원더 블랙 획득 확률 20
% 상승
★메인 이벤트 중간 체크 : 1/16(목) 0시 기준★
1) <챌린저스 월드> : ~5/21 : 총 22주 중 18주 남음
- 남은 사냥 미션 개근 포인트 : 총 9000
2) <새벽별 연회> : ~2/19 : 총 9주 중 5주 남음
- 남은 보상
- 브루미 로이드 / 출석 의상
- 캐릭터 창 배경
- 특별 만찬 준비 24회 보상 1 : <하이퍼 버닝 부스터>
* 부스터 사용 시 생성 선물(카루타/이터널 링/칭호 등)을 받을 수 있습니다
** 부스터 사용 시 레벨 달성 선물은 일반 월드 기준이며 260 훈장은 지급되지 않습니다
표의 왼쪽 보상 참고 -
https://upload3.inven.co.kr/upload/2024/12/28/bbs/i1109391056.jpg?MW=800
*** <아이템 버닝(넥슨 ID당 1회)> 과는 별개의 이벤트므로 도전자의 장비가 재지급되지 않습니다
- 특별 만찬 준비 24회 보상 2 : 시종 의상
★신규 이벤트 핵심 사항★
[신규 이벤트 공식 이름과 함께 한 줄로 보기]
1. <챌린저스 월드> 등 이벤트 개선 사항 모음
2. 1/16~2/6 : <새벽별 분수대> : 기념 주화&챌린저스 코인 추가 획득 이벤트
3. 1/16~2/19 : <두근두근 브루미의 대청소> : 후속 레범몬 경험치 이벤트
4. 1/16~2/19 : <메이플스토리M 연계 이벤트 - 라라 레벨 달성> : 메M 라라 육성 이벤트
5. 1/23~2/6 : <헤네시스 윷놀이 대회> : 설날 초능력 윷놀이
6. 1/23~2/12 : <뉴네임 옥션> : 유저 간 닉네임 경매 이벤트
7. 2/6~2/19 : <버닝 익스프레스> : <새벽별 연회> 마지막 레범몬 출석 이벤트
8. <PC방 이벤트> 관련
------------------------------------
1. <챌린저스 월드> 등 이벤트 개선 사항 모음
1) <챌린저스 월드> 일일 출석 패스 추가 : 1회 3천 메포
- 이전의
2) <챌린저스 월드> 코인샵에 3배 경쿠(30분) 추가 : 일일 1회 / 100코인
3) <챌린저스 월드> 게임 종료 시, 사냥 미션 완료 알림 메세지 추가
4) 하이퍼 버닝 부스터 - <테라 블링크> 진행 가능으로 변경
5) 제로도 아이템 버닝 무기에 적용 가능으로 변경
2. 1/16~2/6 : <새벽별 분수대> : 기념 주화&챌린저스 코인 추가 획득 이벤트
1)
[메이플 ID당] 하루 한 번, 레범몬 1천 마리 퇴치 후 출석 가능
- 총 21일 중 15일 참여가 요구됩니다
- 놓친 출석은 1회 3000메포로 패스를 구매할 수 있습니다
2) 출석할 때마다 기념 주화와 챌린저스 코인을 획득할 수 있으며 각 일자별 개수는 이렇습니다
★
<일반 월드>에서 출석을 완료할 경우에도 <챌린저스 월드> 에서 코인을 수령할 수 있습니다
▶ 기념 주화 : 총 1만 개
- 1일차~4일차 / 6일차~9일차 / 11일차~14일차 : 500개
- 5일차 / 10일차 : 1천 개
- 15일차 : 2천 개
▶ 챌린저스 코인 주화 : 총 5천 개
- 1일차~4일차 / 6일차~9일차 / 11일차~14일차 : 250개
- 5일차 / 10일차 : 500개
- 15일차 : 1000
개
3. 1/16~2/19 : <두근두근 브루미의 대청소> : 후속 레범몬 경험치 이벤트
1) 이전 이벤트와 동일하게 레범몬 퇴치 시 스킬이 발동되며 캐릭터당 일일 최대 30회까지 발동할 수 있으나, 스킬 발동 요구 마릿수가 250마리로 줄어들었습니다
2) 일일 최대 발동 횟수인 30회 발동 시, 낮은 확률로 대량의 경험치를 획득할 수 있습니다
- 각 종류별 경험치
- 라이브에서 기존의 이벤트보다는 당첨 확률이 올랐다는 언급이 있었습니다. 다만 그럼에도 기존이 너무 낮았어서 그렇게 높은 확률은 아닐 것 같습니다
* 위 표에서 재획 n시간 분량의 경험치로 표시된 당첨 보상은 경험치 증가 효과를 받습니다
- 해당 공식 설명은 위의 당첨을 가리키는 건지, 일반 경험치도 조금 더 준다는 건지 애매해서 제 글에선 생략했습니다
3) 마지막 주차인 2/13 오전 0시부터 2/19까지는 2차 <두근두근 브루미의 대청소> 가 진행됩니다
- 2차 대청소 때는 위에서 보신 당첨이 30회 발동 뿐만 아니라 10회와 20회 발동 때도 가능해 집니다
4. 1/16~2/19 : <메이플스토리M 연계 이벤트 - 라라 레벨 달성> : 메M 라라 육성 이벤트
1) 메이플스토리M에서 라라 육성 시 PC메이플에서 보상을 수령할 수 있습니다
2) 보상 목록
5. 1/23~2/6 : <헤네시스 윷놀이 대회> : 설날 초능력 윷놀이
1) 이벤트 기간 동안 이벤트 알림이를 통해 <초능력 윷놀이> 에 참여할 수 있습니다
- 파티 플레이의 경우 보상에 필요하면 참여 횟수가 누적되지 않습니다
2) 일일 참여 횟수와 누적 승리 횟수에 따라 보상을 수령할 수 있습니다
- 윷놀이 대회 의자에는 승리 횟수가 표시됩니다
- 무기 점프/두손 모션
6. 1/23~2/12 : <뉴네임 옥션> : 유저 간 닉네임 경매 이벤트
1) 이벤트 기간 동안 유저 간 닉네임 거래가 가능합니다
7. 2/6~2/19 : <버닝 익스프레스> : <새벽별 연회> 마지막 레범몬 출석 이벤트
1)
[메이플 ID당] 하루 한 번, 레범몬 1천 마리 퇴치 후 출석 가능
- 총 14일 중 10일 참여가 요구됩니다
- 놓친 출석은 1회 3천 메포로 패스를 구매할 수 있습니다
2) 총 VIP 부스터 40개와 상급 EXP 교환권 2천 개, 솔 에르다 2개를 획득할 수 있습니다
3) 29,900메포로 <플레임 패스> 구매 시 일반 출석 보상과 동일한 보상을 한 번 더 획득할 수 있게 됩니다
8. PC방 이벤트 관련
1) <스페셜 프리미엄 PC방 혜택> : 점검 후 바로 시작
- 경험치 50% 혜택과 코인샵 품목 등 이전과 같습니다
2) <프리미엄 PC방 접속 보상 이벤트> : 금요일 0시 시작
- 참여 방식과 보상 등은 이전과 같으며 30시간 누적 접속 시간 보상인 코디 아이템만 다릅니다
[신규&변경&개선 사항]
1. <유니온 챔피언>&<챔피언 레이드> 추가
- 유니온 그랜드 마스터 I 이상일 때, 260 이상 캐릭터로 챔피언에 등록한 후 챔피언 캐릭터들로 미션 완료 후 챔피언 캐릭터들에게 버프와 영구적인 효과 지급 - 업데이트 직후엔 최대 3캐릭터까지 : 이후 최대 6캐릭터까지 확장
- <유니온 챔피언> : 하스우/진힐라/검마/하드세렌/노멀칼로스 솔플 시 추가 능력치 지급
:
https://upload3.inven.co.kr/upload/2025/01/10/bbs/i1878671609.jpg?MW=800
- <챔피언 레이드> : 월간 참여 가능한 몬스터 퇴치 던전 콘텐츠
:
https://upload3.inven.co.kr/upload/2025/01/10/bbs/i1378281919.jpg?MW=800
★ 자세한 내용은 링크의 글 참고 부탁 드립니다
https://www.inven.co.kr/board/maple/2304/42598
2. 링크 개선 : 일일 전수 제한 삭제&전수 메소 소모 삭제
+ 보스 맵에서 링크 전수/해제/프리셋 사용 불가 제약 추가
3. 노블레스 길드 스킬 개선 : 쿨타임 5분으로 변경
- 보스 맵에서는 사용 불가하도록 변경
- 쿨타임의 경우 이전 영웅의 메아리 사례로 볼 때, 점검 전에 쿨타임이 5분 이상 남아 있을 경우엔 그 쿨타임이 다 돈 후에 5분으로 적용됩니다
4. 결정석 주간 최대 판매 개수 90개로 변경
5. <하이 마운틴> 난이도 완화
- 스테이지 공통 : 솔라 플래시/블레이드/블레어 권능 소비량 감소
- 4 스테이지 맵 일부 구조 변경
- 4/5/7/8 스테이지 클리어 포인트 감소
- 학살 페이즈의 타이누스 피해량 기존 20%에서 30%으로 변경
6. <프로텍트 에스페라> 편의성 개선
- 포탑 탑승 키 NPC/채집 키로 변경
- 포탑 탑승 해제 키 왼쪽 방향 키로 변경
7. 오르비스&에오스 탑 마법석 요구 메소 삭제&모든 층 선택 가능으로 변경
7. 헤네시스 펫 산책로 퇴장 포탈 추가
8. 훈장과 칭호 표시 체크 버튼 [옵션] 메뉴에서, 장비창의 [훈장/칭호] 메뉴로 이동
9. <Direct X 11> 공식 지원 : 9는 지원 종료
※ 정상적으로 게임 이용이 어려울 경우 최신버전의 그래픽 드라이버로 업데이트 해주세요.
10. 신규 화면 보정 옵션 추가 : 스마트 AI 보정
- 빠르게 움직일 경우, 명찰이나 훈장, 칭호 등의 글자가 깨져 보이는 현상이 발생할 수 있습니다.
11. 2차 해방된 제네시스 무기에도 카르마 레전드리 잠재능력 주문서 사용 가능하도록 변경
12. 마을 귀환 단축키 추가 : 마을 귀환 주문서 대체
★이후 정식 서버 업데이트 일정★
[NEXT 3차 업데이트 : 2/20(목) 예정]
▶ 테스트 서버 유력 오픈 일자 : 2/13(목)
1. 신규 보스 <발드릭스> 추가 :
<유니온 챔피언> 효과는 적용되지 않음
2. 보스 매칭 월드 통합
: 이지 칼로스 이상으로 우선 예고
3. <챔피언 버닝> 시작
4. 봄맞이 신규 이벤트 : <새벽별 연회> 후속
[NEXT 4차 업데이트 : 3/20(목) 예정]
▶ 테스트 서버 유력 오픈 일자 : 3/13(목)
1. <데스티니 무기> 업데이트
2. <챔피언 챌린지> 시작
----------
4추만 보내주시면 감사드리겠습니다"
https://www.inven.co.kr/board/maple/2304/42598,기타,신규 콘텐츠 유니온 챔피언&챔피언 레이드 요약+미리보기,,2025-01-10 08:12,155506,60,"[수정/추가 사항]
1. 1/12 <스페셜 썬데이 메이플> 추가 (이후 삭제)
2. 신규 이벤트 보충 추가
3. 1/16 본섭 업데이트로 추가된 내용 수정 : 챔피언 등급 제한 시간 추가 등
-------------
안녕하세요
이 글은 1/9 테섭에서 공개된 내용 중 신규 콘텐츠인 <유니온 챔피언> 관련 내용들을 조금 더 자세히 한 것입니다
신규 콘텐츠라서 아무래도 공식 설명인 릴리즈 기반으로 인게임 내용을 많이 보충했고, 중요한 이미지 내용의 경우 한 눈에 보시기 편하게 하였습니다
신규 이벤트와 변경 사항이 궁금하신 분들께선 바로 이전 글 참고 부탁 드립니다
잘못 적힌 부분은 말씀해 주시면 감사히 수정합니다
★테섭 신규 이벤트 보충 사항★
1. 출석 추가 코인 이벤트(분수대) 관련
- 출석 후 <챌린저스 월드>에서 수령 가능한 챌린저스 코인은 본섭에서 출석을 완료한 경우에도 수령할 수 있습니다
- 개근 시 기념 주화 총 1만 개 / 챌린저스 코인 총 5천 개 입니다
2. 브루미 후속 대청소 관련
- 250마리 퇴치 시 발동되는 피버 겸험치는 필드 몬스터 대비 165배입니다
3.
라라 메M 레벨 달성 이벤트 관련
- 일단 연동 최종 보상(200레벨)이 솔 에르다 2개로 설정되어서 하실 분들이 적으셨겠지만, 현재 공개된 것으로는 200 이전에는 따로 라라 버닝이 없어서(기존에 획득한 부스터나 버닝도 적용 불가) 이후 추가적인 내용이 없다면 메리트가 더더욱 적어집니다
★유니온 챔피언&챔피언 레이드 핵심 내용만 보기★
- 바쁘신 분들을 위해 따로 위로 뺐으나 가능하면 시간 되실 때 본문 한 번 봐주시는 걸 권장 드립니다
1. <유니온 챔피언> : 유니온 그마 1 이상 오픈 가능 / 260레벨 이상 캐릭터 챔피언으로  등록 가능
- 유니온 챔피언으로 지정된 캐릭터(260 이상)로 보스 1인 격파 시,
챔피언으로 지정된 캐릭터들에게 능력치 영구 적용
- 최초 개방 시 슬롯 2개 오픈 / 모든 챔피언이 A등급(하드 진힐라) 달성 시 다음 슬롯 오픈
- 슬롯 개방은 최대 6개까지 가능하나 우선적으로 이번 업데이트에서는 슬롯 최대 3개까지만 오픈 가능 : 이후 업데이트로 늘어날 예정
- 등록된 캐릭터 해제 시 10억 메소 필요
- 동일한 직업의 캐릭터는 2명 이상 챔피언으로 등록할 수 없음
- 검은 마법사는 45분, 다른 보스들은 각각 20분의 제한 시간 존재
- 등급별 능력치 한 눈에 보기
2. 챔피언 레이드 : 매월 1일 0시 초기화되는 월간 콘텐츠
- 유니온 챔피언에 등록된 캐릭터들로 특수 던전을 돌아 코인을 얻어 챔피언 캐릭터들만 사용 가능한 30분 버프 구매 가능
- 던전은
일반 몬스터 퇴치 후 보스 몬스터 퇴치가 반복되는 사이클이며 캐릭터 교체 등의 전용 시스템이 있습니다
- 스킬은 0차 스킬탭에서 사용 가능
- 보유한 코인도 매달 초기화
- 코인으로 구매 가능한 버프 표
----------------------------------------------------
[유니온 챔피언&드래곤 휘장 : 보스 솔플 격파 후 영구 능력치]
■ <유니온 챔피언>이 추가되었습니다.
- 유니온 챔피언은 월드 내 캐릭터 일부를 챔피언으로 지정하고, 각 챔피언 캐릭터의 성장 수준에 따라
챔피언으로 등록된 캐릭터의 능력치가 증가
하는 시스템입니다.
- 최초 콘텐츠 해금 조건 : 그랜드 마스터 유니온 I 이상의 유니온 등급을 달성&월드 내 260레벨 이상인 캐릭터를 1명 이상 보유 후 어카운트에게 퀘스트 완료
■ <챔피언 슬롯>에 캐릭터를 등록할 수 있고, 등록된 캐릭터들의 <챔피언 등급>에 따라 슬롯이 추가로 개방됩니다.
- 챔피언 슬롯은 최초에 2개 지급되며, 등록된 모든 챔피언이 A등급(하드 진 힐라) 이상 도달할 때마다 추가 슬롯이 1개 개방됩니다.
★ 동일한 직업의 캐릭터는 2명 이상 챔피언으로 등록할 수 없습니다.
-
챔피언 슬롯은 최대 3개까지 개방할 수 있습니다
: 최종적으로 최대 6개까지 가능하나 우선적으로 3개까지만 오픈할 수 있으며, 추후 데이터와 현황에 따라 추가적으로 오픈 가능하게 될 것으로 라이브에서 언급됨
- 챔피언 해제 시 10억 메소의 비용이 발생하며, 해당 캐릭터의 챔피언 등급을 포함한 모든 평가전 관련 정보가 초기화 됩니다.
■ <챔피언 휘장>을 통해 다양한 능력치를 획득할 수 있습니다.
- 챔피언 휘장은
월드 내 챔피언으로 지정된 캐릭터들
에게
강력한 능력치를 제공하는 시스템입니다.
- 각 챔피언은 등급에 따라 휘장을 획득할 수 있습니다. 획득한 챔피언 휘장은 등급이 상승할 때마다 누적됩니다. 캐릭터 등록 시 C등급부터 시작됩니다
★ 등급 업은 햄슬롯으로부터 수락 가능한 <챔피언 평가전> 을 수락한 후
보스 입장 시 챔피언 평가전 모드를 클릭하고 퇴치하여 진행할 수 있습니다. 입장 시 연습 모드로도 가능하고 일반 모드로도 가능합니다
- ※ ‘챔피언 모드’를 연습 모드로 시도 시 최대 HP에 비례한 피해를 포함한 피격 데미지 감소 버프인 ‘햄슬롯의 보호’가 적용됩니다.
- ※ 레드 PC에서는 연습 모드를 포함한 ‘챔피언 모드’를 이용할 수 없습니다.
★ 1/16 본섭 패치로 검은 마법사는 45분, 다른 보스들은 각각 20분의 제한 시간이 설정되었습니다
★ 각 등급별 획득 능력치와 요구 보스 한 눈에 보기
[챔피언 레이드&챔피언의 가호 : 30분 기간제 버프 : 월간 콘텐츠]
■ 참여 대상&초기화 시점
- <유니온 챔피언> 에 챔피언으로 등록된 260레벨 이상 캐릭터
- 챔피언으로 등록된 캐릭터가
2명 이상인 경우
에만 참여 가능
- 매월 1일 0시 참여 기록 초기화
■ 참여 방법&초기화 관련 사항
- 챔피언을 2명 이상 등록 후, 유니온 UI의 ‘챔피언 전장’ 버튼을 통해 입장 맵으로 이동할 수 있습니다.
★ 유니온 레이드는 마을에 배치된 용잡이 MS.어카운트 NPC를 통해 참여하실 수 있습니다.
■ 입장 관련
★ 입장 시 주의 사항
- 입장 맵에 허수아비 있음
- 위의 사항에 더해 내부에서 솔 야누스도 사용 불가능함
- 물약은 입장 시 맵 안에서 사용 가능한 파워 엘릭서 지급
■ 전용 시스템
1. 캐릭터 교체 : 챔피언 레이드에 입장하면 등록한 챔피언을 TAB 키를 통해 실시간으로 교체하며 플레이할 수 있으며,
챔피언당 최대 3분까지 조작
할 수 있습니다. 교체 스킬의 재사용 대기 시간은 1초입니다
:
TAB 키 누른 후 숫자 키 입력을 통해 캐릭터끼리 교체 가능
- 대기 상태에 있는 캐릭터의 쿨타임도 지나갑니다
- 모든 챔피언의 플레이 시간이 소진되면 잠시 후
챔피언 레이드가 종료됩니다.
: 총 참여 가능 시간 = 3분 X 캐릭터 개수
2. 유대 게이지 : 대기 중인 챔피언은 유대 게이지가 충전되며, 유대 게이지가 충전된 챔피언으로 플레이 시 최종 데미지 25% 증가 효과를 얻을 수 있습니다. 이를 조절하여 전략적으로 사용하는 것이 핵심이라고 라이브에서 언급됨
​
​
* 유대 게이지 변화량 -
위 : 대기 중 / 아래 : 조작 중
3. 기후 중첩 스택 : 캐릭터 UI의 닉네임 옆에서 확인 가능
- 위에서 언급된 위험 지대 : 맵 곳곳에 위치
- 위에서 언급된 일부 공격 : 윈브 스킬처럼 움직임
- 위에서 언급된 상큼톡 열매 :  맵 곳곳에 위치한 이것이며 앞에 가서 채집 키를 누를 시 사용됩니다
: 다만 1 스테이지의 경우엔 기후 중첩 효과도 약한지 따로 이거 안 먹어도 기후 중첩이 시간 지나서 자동으로 사라졌습니다. 후반 스테이지에선 해당 디버프 효과도 강해질 듯
■ 맵과 스테이지 구성
1. 맵 구성 : 1개의 넓은 맵에 일반 몬스터들이 존재하며 노란색 포탈을 통해서 맵을 이동할 수 있습니다. 해당 포탈은 일단 1 스테이지 기준 좌/우로만 이동 가능했습니다
2. 미니맵에 일반 몬스터와 보스 몬스터, 포탈, 위험 지대가 표시됩니다
3. 스테이지 구성 :
챔피언 레이드는 총 6개의 스테이지로 구성되어 있으며, 각 스테이지는 10개의 임무로 구성돼 있으며 아래 사이클을 따릅니다
- 임무 1 : 일반 몬스터 100마리 퇴치 (후 맵 하단에 보스 몬스터 소환됨)
- 임무 2 :  보스 몬스터 1마리 퇴치
▶ 이를 5번 반복하면 스테이지 클리어 입니다
4. 스테이지별 점수 : 제 테섭 캐릭터로는 1 스테이지까지밖에 클리어할 수 없었어서 2스테이지 이상은 고스펙 분께서 직접 도신 영상을 참고하였습니다
1) 1스테이지 : (일반 몬스터 미션 500+보스 몬스터 미션 500) X 5 = 총 5000점
2) 2스테이지 :
(일반 몬스터 미션 500+보스 몬스터 미션 1500) X 5 = 총 10000점(누적 15000)
3) 3스테이지 :
(일반 몬스터 미션 1000+보스 몬스터 미션 2000) X 5 = 총 15000점(누적 30000)
4) 4스테이지 :
(일반 몬스터 미션 1000+보스 몬스터 미션 2000) X 5 = 총 15000점(누적 45000)
5) 5스테이지 : 이후 확인되면 추가
6) 6스테이지 : 이후 확인되면 추가
Q : 스펙에 따라 대충 점수 어떻게 되나요?
A : 일단 제 기준으로 말씀 드릴 수 있는 건 테섭 기준 8500만 정도의 한 캐릭터만 사용하는 예외적인 경우에서 1 스테이지까지는 클리어가 가능했다는 것 뿐입니다 : 2번째 캐릭터는 사냥을 전혀 못 해서 쿨타임 버티는 용으로만 사용했기 때문에, 부캐를 평소 보돌용으로 육성해두신 분들께선 당연히 점수 훨씬 더 많이 가져가실 수 있으시겠습니다
■ 누적 점수에 따른 코인 보상
1.
누적된 점수에 따라 챔피언 코인을 획득할 수 있습니다.
- 1점당 코인 1개를 획득합니다
2. 완료 후에 재입장할 수 있으며 점수 경신 시 그 차이만큼 추가로 코인을 획득합니다
3.
진행 도중 퇴장하는 경우 점수는 획득할 수 있지만, 스테이지 진행 기록은 초기화 됩니다
4.
챔피언 레이드의 진행 기록과 보유한 코인은 매달 1일 오전 0시에 초기화됩니다
■ 코인으로 사용 가능한 버프 보상 : <챔피언의 가호>
1.
챔피언으로 등록된 캐릭터
는 일정 시간 강력한 능력치를 제공하는 <챔피언의 가호> 버프를 사용할 수 있습니다.
- 0차 스킬에서 UI 오픈이 가능하며 퀵슬롯에도 올릴 수 있습니다
- 지속 시간은 30분 고정입니다
- 버프는 종류 상관 없이 재접속 시에도 유지됩니다. 다만 오른쪽 클릭으로는 해제되니 주의
2. <챔피언의 가호> UI와 각 소모 코인별 능력치
[햄슬롯 본 얼굴 : 퇴장 시 확인 가능]
​
--------
4추만 보내주시면 감사드리겠습니다"
https://www.inven.co.kr/board/maple/2304/42590,기타,[갱신]테섭 신규 이벤트&변경사항 요약 : 유챔&추가코인&결정석 등,,2025-01-09 23:32,44972,30,"[수정/추가 사항]
1. 본문으로 갱신했습니다
-------------
안녕하세요
이 글은 오늘 테섭 내용의 중요한 부분들을 간략히 보실 수 있게 한 것입니다
잘못 적힌 부분은 말씀해 주시면 감사히 수정합니다
[주요 변경/신규 사항]
1. 주요 사항
+ 노블 보스맵에서 사용 불가로 변경
2. 이벤트 관련 개선 사항
1) <챌린저스 월드> 일일 출석 패스 추가 : 1회 3000메포
2) <챌린저스 월드> 코인샵에 3배 경쿠(30분) 추가 : 일일 1회 / 100코인
3) <챌린저스 월드> 일일 미션 완료 알림 메세지 추가(게임 종료 시)
4) 하이퍼 버닝 부스터 - 테라 블링크 진행 가능으로 변경
3. <유니온 챔피언> 관련
■ <유니온 챔피언>이 추가 되었습니다.
- 유니온 챔피언은 월드 내 캐릭터 일부를 챔피언으로 지정하고, 각 챔피언 캐릭터의 성장 수준에 따라 모든 챔피언 캐릭터의 능력치가 증가하는 시스템입니다.
- 그랜드 마스터 유니온 I 이상의 유니온 등급을 달성했고, 월드 내 260레벨 이상인 캐릭터를 1명 이상 보유한 상태에서 용잡이 MS.어카운트 NPC를 통해 ‘[유니온 챔피언] 챔피언의 길’ 퀘스트를 진행하여 유니온 챔피언을 시작할 수 있습니다.
■ <챔피언 슬롯>에 캐릭터를 등록할 수 있고, 등록된 캐릭터들의 <챔피언 등급>에 따라 슬롯이 추가로 개방됩니다.
- 챔피언 슬롯은 최초에 2개 지급되며, 등록된 모든 챔피언이 A등급 이상 도달할 때마다 추가 슬롯이 1개 개방됩니다.
※ 동일한 직업의 캐릭터는 2명 이상 챔피언으로 등록할 수 없습니다.
- 챔피언 슬롯은 최대 3개까지 개방할 수 있습니다. : 우선 3개까지만 오픈할 수 있으며, 추후 업데이트로 개방 개수가 확장됩니다
- 챔피언 해제 시 10억 메소의 비용이 발생하며, 해당 캐릭터의 챔피언 등급을 포함한 모든 평가전 관련 정보가 초기화됩니다.
■ <챔피언 휘장>을 통해 다양한 능력치를 획득할 수 있습니다.
- 챔피언 휘장은
월드 내 챔피언으로 지정된 캐릭터들에게
강력한 능력치를 제공하는 시스템입니다.
- 각 챔피언은 등급에 따라 휘장을 획득할 수 있습니다. 획득한 챔피언 휘장은 등급이 상승할 때마다 누적됩니다.
- 등급별 요구 보스
■
챔피언으로 등록된 캐릭터
는 일정 시간 강력한 능력치를 제공하는 <챔피언의 가호> 버프를 사용할 수 있습니다.
- 챔피언의 가호는 챔피언 코인을 사용하여 30분 동안 유지되는 능력치 버프를 획득할 수 있는 스킬입니다.
※ 챔피언 코인은 챔피언 레이드 : 드래곤 아일랜드를 탐험하고 획득할 수 있습니다.
+ 유챔 관련 좀 더  자세한 정리글은 :
https://www.inven.co.kr/board/maple/2304/42598
참고 부탁 드립니다
4. NPC 어워즈 1차 판매 목록
5. 신규 스라벨&코디
6. 마을 귀환 단축키 추가
7. <하이 마운틴> 난이도 완화 : 라이브 피셜 오래 걸리는 스테이지들을 절반 정도의 시간으로 플레이할 수 있게끔 완화
■ 에픽 던전 : 하이마운틴의 일부 스테이지가 수정됩니다.
- 스테이지 공통
· 솔라 플래시의 권능 소비량이 50에서 30으로 감소됩니다.
· 솔라 블레이드의 권능 소비량이 150에서 100으로 감소합니다.
· 솔라 플레어의 권능 소비량이 200에서 150으로 감소합니다.
- 4, 5 스테이지
· 스테이지 클리어 포인트가 3,700에서 2,600으로 변경됩니다.
· 4 스테이지 맵의 일부 구조가 변경됩니다.
- 7, 8 스테이지
· 스테이지 클리어 포인트가 4,500에서 3,500으로 변경됩니다.
- 10 스테이지
· 학살 페이즈를 수행하여 타이누스에게 입히는 피해량이 전체 체력의 20%에서 30%로 변경됩니다.
★신규 이벤트★
[새벽별 분수대 : 1/16~2/5 : 추가 코인 이벤트]
1. [메이플 ID당] 하루 한 번 레범몬 1천 마리 퇴치 후 일자별로 기념 주화(코인샵 코인) 획득 가능
2. 놓친 출석은 패스로 구매 가능
3. 개근 시
기념 주화
총 1만 개 추가 획득 가능
4. 출석 횟수에 따라 기념 주화와 별개로 <챌린저스 월드>에서
챌린저스 코인
추가 획득 가능 : 총 5천 개
[브루미의 두근두근 대청소 : 1/16~2/19 : 브루미 후속]
1. <브루미의 대청소> 후속 이벤트 : 250마리 퇴치 시 스킬 발동
2. 일일 마지막(30번째) 발동 시 평소보다 더 많은 경험치 획득
3. 마지막 주차(2/13(목) 0시~2/19)에는 경험치 상향
4. 30회 발동 시 일정 확률로 대량의 경험치 당첨 - 보석원석 or고대유물
+ 마지막 주차에는 30회 뿐만 아니라, 10회/20회째 발동에서도 당첨 가능
[메이플스토리M 연계 이벤트 - 라라 레벨 달성 : 1/16~2/19]
1. 메M에서 라라 육성 후 일정 레벨 달성 시 PC 메이플에서 보상 수령 가능
2. 보상 목록
[헤네시스 윷놀이 대회 : 1/23~2/6]
1. <초능력 윷놀이> 진행 : 파티로도 가능하나 이는 누적 횟수 쌓기 불가
2. 일일/누적 참여 횟수에 따라 보상 획득
*의자에 승리 횟수 표시
[뉴네임 옥션 : 1/23~2/12]
1.
유저 간 캐릭터 닉네임 판매와 구매 형식으로 회귀
[버닝 익스프레스 : 2/6~2/19]
1. [메이플 ID당] 하루 한 번 레범몬 1천 마리 퇴치 후 보상 수령 가능
2. 각 일차별로 VIP 부스터와 상급 EXP 교환권, 솔 에르다 획득 가능
3. 29,900 메이플포인트 지불 시 동일한 보상 한 번 더 수령 가능
--------------------------
4추만 보내주시면 감사드리겠습니다"
https://www.inven.co.kr/board/maple/2304/42578,아이템,파괴방지 해야하나요? 손해인가요?,Gooo,2025-01-08 21:26,57023,19,"에테르넬 시세도 정말 많이 올랐고
칠흑셋 또한 시세가 많이 변했습니다
이에따라 파괴방지를 하는것이
이득인지? 아닌지?
한번 정리해봤습니다
참고로 파괴방지에 드는 추가 메소 비용은
샤타포스, 30%할인 이벤트의 영향을 받지 않습니다.
* 계산의 조건은 다음과 같습니다.
* MVP 메소 할인, PC방 할인 없습니다.
* 스타캐치는 무조건 적용합니다.
표에 나온대로
노작값이 표의 금액보다 비싸다면, 파괴방지 하는게 좋습니다.
따라서 자신이 작하고있는 템의 시세를 잘 파악해서
합리적으로 강화하시면 좋을 것 같습니다.
하지만 모두가 알다시피 스타포스는 편차가 정말 큽니다.
괜히 운이 나빠서 노작값 하나 더쓰거나 하기가 싫으신분은
효율 상관 없이
마음 편히 파괴방지 하시고 올리시는것도 나쁘지 않습니다
대략적인 파괴방지 기준이 이쯤 되는구나 라고 생각하면 좋을 것 같습니다."
https://www.inven.co.kr/board/maple/2304/42565,기타,(재업) 보스전에서 수동갱신 필요한 스킬들,,2025-01-07 16:20,42012,16,"★
★
★
★
★) 파티 시너지를 정리한 글이 아닙니다
파티 시너지를 정리할 목적이 아닌 보스전에서 수동으로 갱신해야하는, 신경 써줘야하는
스킬들을 정리한 글 입니다
★
★
★
★
★) 주력기/주력딜사이클 스킬 제외
선정기준이 애매한 스킬들이 있는데 이 부분은
보는사람 마다 각기 다르게 느끼기에
모두의 기준을 맞추기 어려운점.
저 나름의 기준으로 선별했습니다
예를들어 라라의 용맥분출 이라던가
메르세데스의 유니콘,스피어,엔릴 등등...
주력기이지만 특수성을 고려하여 목록에 취합하였습니다
★
★
★
★
★)
무한지속이 가능한 액티브형 스킬만 취합
이 역시도 무한지속은 아니지만 주기적으로 계속 써줘야 하는 스킬들도 있습니다만...
거기까지 가면 인정범위가 너무 넓어지고 그에 따라 리스트도 너무 길어지는 이유로
본 글에서는 언급하지 않겠습니다
느낀점1. (설치기)
대체적으로 설치기 점유율이 높은 직업이면 쿨타임이 없거나 짧게 만들어준것 같음
다만 지속시간도 같이 짧은게 좀 피로도가 심하다고 보임 지속시간은 기본적으로 60초 이상으로 다 통일했으면 함
그밖에 쿨타임 30초,60초 설치기들은 10초로 변경해주던지 노쿨로 변경해줬으면 좋겠음
보스점유율이 낮다고 해도 어찌됐던 안쓰는것보단 쓰는게 DPM에 가까운 고점이 나오는거니까
보스가 계속 이동하는 보스전에서 설치기를 계속 깔아줘야 하는것만으로도 족쇄인데
쿨타임까지 있어서 딜을 날리는건 좀 아니라고 생각듦
심지어 점유율도 높은데 쿨타임까지 긴 직업도 있음
느낀점2. (버프/디버프기)
딜사이클에 포함되어 자연스럽게 갱신된다거나
누킹기를 겸하는 점유율이 높은 스킬이면 몰라도
딜점유율 1도 안되는 디버프스킬 가진직업이면 캡틴이나
은월처럼 쿨타임 짧게 지속시간은 길게 개선해줬으면 함
제가 모든 직업을 다 잘 아는게 아니라서 나무위키 도움을 많이 받았습니다
그러니 추가할 스킬이 있다면 알려주시고, 내용에 오류가 있다면 알려주십시오
수정을 한번 했지만 그래도 틀린부분이 분명 있을거라고 생각됩니다
또한 추가로 개선의견이 있는부분도 댓글로 남겨주시면 총 재취합하여 문의공격 하겠습니다
여기서부턴 정보글 아니니 안읽으실 분은 내리셔도 됩니다
----------------------------------------------------------------------------------------------------------------
이 글을 다시 수정하기 전에 고민 많이 했습니다
아시는분은 아시겠지만 이전 글에서 1차로 정리를 했었습니다
이번에 시퀀스 패치들어오는 것 보고서
그래도 이번 디렉터가 보스전에서 더 즐겁게 전투할 수 있게 뭔가 게임을 더 재밌게 만들려고 노력하는구나
그러면 보스전에서 신경안쓰면 손해보는 스킬들 막말로 족쇄같은 스킬들 정리해서 문의해봐야겠다
그리고 또 다른 시각으로 보면 지금 유입분들 많은데
보스전에서 이 스킬 써야되는거 모르고 플레이 하시는분들도 많지 않을까
이거 정리해서 한번 올리면 보시고서 몰라서 안썼던 스킬들 알고가면 도움되지 않을까 싶었습니다
그래서 일단 최대한 제가 아는 내용들로 정리해보고
나무위키, 인게임 캐릭터들 들낙거리며 한번 더 체크하고 그러고서 올렸습니다
댓글들 확인해보면 실제로 누락된 스킬도 있었고 제가 잘못 이해해서 내용에 오류도 있었습니다
선정 기준을 잘못 이해하신분도 계시고  저와 의견이 다른분들도 계셨습니다
그래도 제가 의도한 100중에 90은 맞게 올렸다고 보였습니다
메이플스토리에 직업이 46개고 스킬은 수백가지가 넘습니다
전 직업 다 키워본 사람도 깊게 키워보지 않으면 모르는 스킬도 있을거고
막상 정리할려면 빼먹는거 있을 수 있고
안키운지 오래된 직업이면 그간의 패치로 인해 없어지고 새로 생긴 스킬이며 기능이며
완벽하게 정리하는게 힘들고 어렵고 혼자하려면 시간이 오래 필요한 주제입니다
정리된 결과물로만 보면 80줄 남짓인게 제 머리가 컴퓨터면 줄줄 써내려 갔겠지만
그런게 아니라서 저 한줄한줄 채우는게 캐릭터 하나하나 스킬들 훑어가며 생각보다 손이 많이 갑니다
징징거릴거면 왜함? 이라고 하면 할말은 없고 그냥 시작했으니 끝을 보는겁니다
근데 100중에 100 안올렸다고 모르는게 너무 많다느니 누락있는 정보를 팁게에 왜 올리느냐느니
자격이 없다느니 이런 얘기를 들었을때 저도 그냥 무시하면 됐는데
솔직히 말해 긁혔습니다 수시간 동안 홀로 준비한 결과물이고 누군가에게 평가를 받으려고 올린글이 아니니까요
지금은 그냥 불쌍한 사람이었구나 생각들고 마는데 아무튼 마음 다잡았고 앞으로도 공유할 내용들 있으면
한번씩 들르겠습니다 감사합니다"
https://www.inven.co.kr/board/maple/2304/42555,몬스터,칼로스 3개월차 뉴비가 올려보는 간섭작 미세팁,,2025-01-05 19:51,99107,86,"자게에 한번 올려봤는데 반응이 좋아서 팁게에도 한번 올려봅니다
칼로스 간섭 게이지는 10초마다 차오르는건 다들 아실거구
​
​
현재 제 캐릭터는 간섭 쏘기위해 장전중인데
만약 게이지가 다시 차오를때 까지 못쏘면 게이지 완충되는 시점에 자동으로 쏘게 되어있어요
위 짤은 제가 채집키 눌러서 발사한게 아니라는점!
근데 이 쏘는 각도는 항상 사진 처럼 일정한 각도로 발사 됩니다.
왜냐면 게이지 완충 시간이 서버렉의 영향을 안받고 정확히 10초이기 때문인데
이 각도는 2페이즈 기준
1층 중앙에서 왼비, 오른비 쏠때 맞는 각도라는 것!
즉, 게이지가 다시 차오르기 직전인데 왼비, 오른비 쏴야하는 상황이면
굳이 내가 채집키 눌러서 쏘지 않고 1층에 있으면 무조건 맞는다는 뜻!
2페는 중앙이지만 1페는 위치가 좀 다른데
1페는 2페보다 맵이 좁아가지고 2페 대비 좀 높게 위치해 있어요
미니맵이랑 일반맵에 하늘색 화살표를 표기해 놨는데
1페는 중앙이 아닌 구체 간섭하는 쪽을 기준으로 보시면 됩니다.
왼비는 중앙보다 오른쪽으로 1칸 뒤에, 오른비
는 중앙보다 왼쪽으로 1칸 뒤에 있으면 됩니다.
​
​
​
​
​정리 하자면 게이지 완충을 이용한 자동발사로 왼비 오른비를 맞추고 싶다면
1페는 1층 중앙에서 발사 하려는 방향 기준 1칸 뒤로
​
​
2페는 무조건 1층 중앙에 있으면 됩니다
저는 요즘 저거에 의존하지 않고 그냥 직접 쏘는 편인데
가끔 간섭하기 귀찮거나 어려워할때 한번씩 해보는거 추천!
다들 칼로스 화이팅이요~~"
https://www.inven.co.kr/board/maple/2304/42455,기타,보스 레벨 포뻥 / 렙뻥,,2024-12-30 15:31,173536,23,"에오스 게시판에 썼던건데 팁게에도 보실분 보시라고 복붙합니다
-----------------------------------------------------------------------
방무 300% 보스 레벨 포뻥
보스스 레벨 / 1.0 1.1 1.3 1.5
루시드
230 / 360 400 470 540
노하윌
250 / 760 840 990 1140
이지윌
235 / 560 620 730 840
진힐라
250 / 900 990 1170 1350
노말진
250 / 820 905 1070 1230
더스크
255 / 730 805 950 1095
듄켈켈
265 / 850 935 1105 1275
검은마법사
하드
1,4페: 265 / 2,3페: 275  /
1320 1455 1716 1980
익스 1페: 275 / 2,3,4페: 280  /
1320 1455
1716 1980
-----------------------------------------------------------------------
방무 380% 보스 레벨 포뻥
보스 레벨 / 1.0 1.05 1.1 1.15 1.2 1.25
세렌
노말
270 / 200 210 220 230 240 250
하드 275 / 200 210 220 230 240 250
익스 280 / 200 210 220 230 240 250
칼로스
이지 270 / 200 210 220 230 240 250
노말 280 / 300 310 320 330 340 350
카오 285 / 330 340 350 360 370 380
익스 285 / 440 450 460 470 480 490
카링
이지 275 / 230 240 250 260 270 280
노말
285 / 330 340 350 360 370 380
하드 285 / 330
340 350 360 370 380
익스 285 / 330
340 350 360 370 380
림보
노말
285 / 500 510 520 530 540 550
하드 285 / 500 510 520 530 540 550
스우
익스 285 / 0
발드릭스
노말 290
/
700 710 720 730 740 750
하드 290 / 700 710 720 730 740 750
-----------------------------------------------------------------------
부캐 보스 도실때
아케인포뻥 1.1배는 귀찮아서 안해도 되겠지만
1.3배가 얼추 맞춰질거 같다면
하이퍼스텟 프리셋 바꿔서
맞춰서 하시는게
보스클리어에 도움이 될겁니다.
환산사이트 추가스펙시뮬에
레벨 칸도 있고 포스 칸도 있어서
원하는 렙뻥, 포뻥 맞췄을때 보스배율 참고하면 좋습니다.
굳이 최종뎀칸에 넣고싶다면
원하는 렙차 데미지 나누기 현재 렙차 데미지
하고 1.07123123 이렇게 나오면
최종뎀이 7.123123% 오르는겁니다 (포뻥도 방식 똑같습니다)
-----------------------------------------------------------------------
렙뻥"
https://www.inven.co.kr/board/maple/2304/42435,기타,마법사 인피 꿀팁,,2024-12-29 20:06,60568,43,"기본 인피랑 언스 인피 모두 시퀀스에 등록해놓으면
스킬키 하나로 해결할 수 있습니당
처음에 쓸 때도 한 개만 써져요
+ 언스 인피를 앞쪽에 넣어야 됩니다!
혹시 몰라 공유합니당"
https://www.inven.co.kr/board/maple/2304/42407,기타,하이퍼버닝부스터 보상 관련&테섭 일정 등 요약,,2024-12-28 18:40,82907,42,"[수정/추가 사항]
1. 오타&비문 수정
2. 12/31 기준으로 글 수정 : 기간 지난 이벤트(썬데이/크리스마스) 삭제 : 썬데이는 2주 전과 같은 몬파, 현상금 등 경험치 관련이었습니다
3.
https://www.inven.co.kr/board/maple/5974/4529540
: 신년 선물 관련 사항 글
4. 1/5(일) <스페셜 썬데이 메이플>
- 샤이닝 스타포스 타임 : 스타포스 강화 비용 30% 할인 + 5/10/15성에서 강화 시 100% 성공
- 이벤트 맵 잠수 경험치 4배
---------
안녕하세요
이 글은 오늘부터 1월 테섭 전까지 한 번 보시면 좋은 내용들을 모은 것입니다
별다른 추가 사항이 없을 시 이 정도 보시면 테섭 이전까지의 주요 사항 숙지 가능하시겠습니다. 2024년에 작성되는 글로써는 이게 마지막이 될 것 같습니다.
2024년 연말 마무리 잘 되시길 바랍니다
빠뜨리거나 잘못 적힌 부분은 말씀 부탁 드립니다. 감사합니다
★12/31(화)
23:59 종료★
1. 넥슨 30주년 쿠폰 사용(이전에 구매해 놨으나 까먹고 사용 안 한 경우) :
https://shopping.nexon.com/kr/30th/my
2. 메이플스토리 큐브 사용 보상 신청
1) 캐시 보상 신청 :
https://maplestory.nexon.com/cube/compensation
2) 환불 신청
:
https://maplestory.nexon.com/cube/refund
[1/1(수)
23:59 종료]
1. <What's NEXT>
1) 준비 선물 수령
2) 보약 효과 적용
▶ 보상 기한
- 수령한 것(교환권/코젬/스페셜 명예의 훈장) : 1/1 23:59로 동일
- 교환권에서 받은 솔 에르다/심볼 : 수령 후 7일
- 교환권에서 받은 솔 에르다 조각 : 영구
2. <스페셜 월드> 보상 수령
▶ 보상 기한
- 교환권 30일 / 의자와 교환품에서 획득한 치장템은 영구
[주요 일정&사항들]
1. 본섭 오면서 추가됐던 데이터에 이 아이템이 있었는데
2025년이 뱀의 해인 만큼 관련이 있어 보입니다. 다만 공식 릴리즈에는 따로 언급되지 않은 아이템이라 획득 방법은 이후에 공개되겠습니다 : 히든 미션 혹은 신년 선물 등
더불어 검색해 보니 이 데미지 스킨은 이전에 <불사의 고르곤> 이벤트로 유닛이 아닌 기본 사양으로 출시됐던 적 있었습니다
2. 1/2 10시 종료 : <월드 리프>
3. 1/2 23:59 종료 : <귀멸의 칼날> 콜라보 이벤트 캐시 아이템 판매
- 성쿠/헤쿠/치장 아이템/자석펫 등
4.
1/2~1/9 :
다음 주 보스 코인(뱃지) : 오류 사과 보상으로 2배 적용
5. 메인 이벤트 관련 사항
1) <챌린저스 월드> 1/2(목) 기준 20주 남음
2) <
새벽별 연회> 1/2(목) 기준 7주 남음
- 3/4주차 보상
- <브루미의 대청소>는 1/15에 종료되나 이럴 경우 후속 이벤트로 연계되는 경우가 잦았습니다
- 이벤트 업적 <아무 일도 없었다> 관련 글 :
https://www.inven.co.kr/board/maple/5974/4474407
6. <하이퍼 버닝 부스터> 보상 관련 사항
★ <특별 만찬 준비> 24회 완료 시 : 개근 시 2/6(목) 획득 가능
★ 고객센터 QNA 피셜 부스터를 적용 시
- <성장 지원 보상> 수령 가능 : 이터널 링/카루타 세트/블랙 세트/칭호
- <레벨 달성 보상> 수령 가능하나, <챌린저스 월드> 에서 사용하더라도 보상은
일반 월드 기준
으로 지급됨
* 레벨 달성 보상 목록 :
https://upload3.inven.co.kr/upload/2024/12/28/bbs/i1109391056.jpg?MW=800
** 부스터를 사용한 이후의 레벨 달성 보상부터 획득 가능 : ex) 205레벨에 사용 시 210레벨 보상부터
*** 260 훈장은 지급되지 않음
★이후 NEXT 업데이트 일정★
[NEXT 2차 업데이트 : 1/16(목) 예정]
▶ 유력 테스트 서버 일자 : 1/9(목)
1. 신규 콘텐츠 <유니온 챔피언>
[NEXT 3차 업데이트 : 2/20(목) 예정]
▶
유력 테스트 서버 일자 : 2/13(목)
1. 신규 보스 : <발드릭스>
2. 월드 통합 :
보스(이지 칼로스 이상)
3. <챔피언 버닝> 시작
4. 봄맞이 신규 이벤트
[NEXT 4차 업데이트 : 3/20(목) 예정]
▶
유력 테스트 서버 일자 : 3/13(목)
1. <데스티니 무기> 업데이트
2. <챔피언 챌린지> 시작
----------
4추만 보내주시면 감사드리겠습니다"
https://www.inven.co.kr/board/maple/2304/42370,기타,건망증 유저를 위한 세이람 영약 팁,,2024-12-26 20:53,43056,23,"조합키에 노블 + 영약류를 같이 올려놓으면
노블이 필요한 보스에서 영약을 잊지 않고 쓸 수 있음"
https://www.inven.co.kr/board/maple/2304/42362,몬스터,(보스를 처음 접하는 기준) 보스별 헥사환산 컷 1편,,2024-12-26 04:23,106574,26,"환산은 5차스킬이 풀강이 되어있다는걸 전제하기 때문에 5차스킬 곳곳에 구멍이 있는 구간은 환산이 정확하지않아요
그래서 5차스킬이 거의 다 메워진 하드보스부터 컷을 적도록할게요
해당 컷은 최소컷이 아니라
'보스를 처음 접하는 사람이 보스의 패턴에 대해 인지하고 적당한 숙련도를 가졌을때 스트레스 받지 않고 보스를 최초 트라이 해볼만한 컷' 입니다!
보스를 많이 잡아본사람들은 해당 환산으로 10분 ~ 15분컷 낼 수도 있어요
1. 하드스우
6차스킬을 조금만 찍은 구간이라 직업별 체급차가 크지않아요.
사기직업이든 약한직업이든 헥사환산 2만이면 수월하게 잡을수 있을겁니다.
모든직업 : 2만
2. 하드데미안
스우랑 비슷한 체력이지만 계속 날라다녀서 딜타임을 잡기가 어렵고 2페이즈에는 초월석도 따라다녀서 스우보다 요구스펙이 높습니다.
하지만 저런놈도 쉬지않고 팰 수 있는 직업도 있기 때문에 직업 체급차보다 데미안과 직업 상성이 제일 중요한 보스.
그리고 평딜보다 극딜직업이 더 유리한 편이고 오리진 강화가 많이 되어있으면 동일 환산에서도 유리합니다.
데미안 담당일진 직업  : 2만 3천
대부분의 직업 : 2만 7천
상성이 극악인 직업 : 3만
3. 노말진힐라
패턴이 앞전 스우와 데미안보다 많이 어려워지고 처음보는 데스카운트 시스템에 적응하지 못하는 사람이 꽤 있습니다. 전제조건인 '적당한 숙련도' 를 가지기가 다른 보스보다 어렵습니다.
대부분의 직업 : 3만 2천
'적당한 숙련도' 를 가지지 못했을때 환산 : 4만
4. 하드루시드
3페이즈때문에 1,2페이즈를 깨고도 극딜이 약할경우 클리어에 실패할 수 있습니다. 극딜직업이 유리하고 오리진강화가 높을수록 동일환산에서도 유리합니다.
극딜이 강한직업 : 3만 3천
대부분의 직업 : 3만 5천
극딜이 매우 약한 직업이거나 오리진강화가 거의 되지 않았을때 : 3만 8천
5. 하드 윌
딜타임은 루시드보다 많으나 패턴이 루시드보다 휠씬 어렵습니다.
1분 준극딜이 있는 직업이면 스트레스를 덜 받을수 있습니다.
대부분의 직업 : 3만 8천
6. 카오스더스크
윌보다 패턴은 쉽지만 딜타임이 적습니다. 다만 적당한 숙련도를 가진 뉴비의 경우 윌과 카오스더스크의 딜타임 차이가 크게 안날수도 있습니다. 평딜직업은 불리하고 극딜직업이 매우 유리합니다. 오리진강화가 중요한 보스입니다.
극딜이 강하거나 1분 준극딜이 있거나 오리진강화가 높을때 : 3만 6천
대부분의 직업 : 3만 8천
평딜직업이거나 오리진강화가 낮을때 : 3만 9천
다음 보스들은 2편에서..!!
2편 https://www.inven.co.kr/board/maple/2304/42373
3편 https://www.inven.co.kr/board/maple/2304/42512
(댓글에 링크도 있어요)"
https://www.inven.co.kr/board/maple/2304/42352,기타,(팁)유니온 배치,,2024-12-25 21:44,80749,32,"유니온 배치 뉴비들을 위한 소소한 팁 던집니다. 아시는 분들 꽤 많지만, 주변인들 중 모르시는 분들이 조금 있어서 적어둡니다.
1. 보스(벞지형)
가로로 이어주는 것보다 세로로 이어주면 유니온 1칸 덜 소비합니다.
2. 사냥형
왼쪽의 경우
주스
탯
5 / 공마 5
/ 부스
탯
5 / 잡스
탯
1
오른쪽의 경우
주스텟 9 / 공마 5
/ 부스
탯
1 / 잡스
탯
2
유니온 칸을 하나 더 소비하지만,
부스탯 대신 주스탯을 챙길 수 있습니다.
2-1 사냥형 (풀스탯 버전)
왼쪽
잡스텟 1 / 부스탯 5 = 풀스탯 + 6칸
오른쪽
잡스탯 2 / 부스탯 1 = 풀스탯 + 3칸
으로
유니온칸 3개 이득을 볼 수 있습니다.
+ 크확을 배치 안한 이유는 형태 잡는 것만 보여 드리기 위해 넣지 않았습니다. 위에 방식대로 틀을 만든 뒤에 크확을 자신의 남은 유니온 만큼 채우시면 될 것 같습니다.
+ 사냥 벞지 버전도 올립니다
이런식으로 배치를 하시면 잡스탯 대신 벞지를 1 추가 할 수 있습니다."
https://www.inven.co.kr/board/maple/2304/42333,퀘스트,크리스마스 히든미션,,2024-12-24 10:32,46715,10,"(수익창출X)
크리스마스 퀘스트 완료 후
이거 타고
힌트를 보고
해당 npc한테 말걸기 (헤네시스,여로,세르니움 중 한 곳에서 진행하면 됨)
멋진 모자
를 쓴 친구
양동이 눈사람
따뜻한 목도리
를 두른 친구
목도리 눈사람
귀여운 손
을 가지고 있는 친구
나뭇가지 눈사람
위치
보상
1.00
​
​"
https://www.inven.co.kr/board/maple/2304/42300,기타,시퀀스 등록 꿀팁,,2024-12-22 20:25,58006,19,"꿀팁인지 잘 모르곘으나, 혹시나 모르는분들을 위해
스킬 쿨타임이 긴거를 위주로 표기가 되는데 (남은시간X, 120초와 180초 있으면 180초 기준)
(*추가로 직업 스킬마다도 아직 약간 쿨 버그가 간혈적 발생하는듯)
가장 긴 쿨타임에서 가장 오른쪽을 기준으로 표기되는거같음.
아래 각 스킬은 모두 120초인데
오른쪽 끝에 있는거 기준으로 쿨이 표기되고 있음.
위치를 바꿧을떄 쿨이 아래처럼 바뀜.
저는 그래서 스킬1개만 사용할 시퀀스에 각각 오른쪽에 둠으로써 스킬 쓸수있는 여부를 확인
오른쪽 끝에 있는 쿨을 기준으로 활성화되고있음을 확인.
스킬을 1~2개만 써야하는데 3개를 묶어야할떄 오른쪽에 두면됨."
https://www.inven.co.kr/board/maple/2304/42223,기타,키설정에 분홍색 시퀀스키는 왜 있을까?,,2024-12-19 19:44,53366,54,"패치 후 키설정 창에 기본으로 시퀀스 버튼이 생겼는데
이 키(사진 상 X)를 누른 채로
따로 지정한 이름으로 된 시퀀스키(사진 상 1 / F / V)를 누르고 있거나 퀵슬롯에 마우스포인터를 올려두면
이렇게 캐릭터 체력바 쪽에 시퀀스에 등록된 스킬들의 쿨타임을 확인할 수 있습니다.
물론 해당 스킬들이 사용되지는 않아요.
이 상태에서 버프창을 드래그하면
이렇게 원하는 위치로 옮길 수도 있어요!
--------------------------------------------------------24.12.28 추가
조합키 안에 시퀀스 추가해서 사용도 가능합니다!"
https://www.inven.co.kr/board/maple/2304/42221,기타,오늘 업뎃 신규/변경/주의 사항들 요약 정리 : 12/19,,2024-12-19 16:24,40817,24,"[수정/추가 사항]
1. 팁게에서도 보실 수 있게 본문으로 갱신하였습니다
----------
안녕하세요
이 글은 오늘 업데이트로 신규 추가 혹은 변경된 사항을 모은 것입니다
이에 더불어 특히 중요하다고 생각되는 보스 코인 수령 시 주의 사항을 짧게 하여 덧붙입니다
빠뜨리거나 잘못 적힌 부분은 말씀 부탁 드립니다
▶ 10번 추가 : 신규 이벤트들 공식 이름과 함께 한 줄로 보기 : 빨간색=메인 보상
1. <챌린저스 월드> : 5달 간 진행되는 <버닝 월드> 업그레이드 버전
2. <하이퍼 버닝 MAX> : 260까지 1+4레벨 효과 : 기본 1회+ 부스터 1회(레범몬 출석 개근 보상)
3. <아이템 버닝> : 넥슨 ID당 1번 강력한 기간제 장비 수령(~6/18)
4. [새벽별 연회] : 2월달까지의 메인 테마 이벤트
- <새벽별 연회 만찬> :
일일 만찬(접속 출석) / 특별 만찬(레범몬 출석)
- <새벽별빛 채집> : 보약 스킬(일일 만찬 완료 시 SP 획득)
- <기념 주화 교환소> : 코인샵(특별 만찬 완료 시 코인 획득)
- <기념 뱃지 교환소> : 보스 코인샵(주보 코인)
- <메소샵> : 메소샵
- <브루미의 대청소> : 레범몬 경험치 스킬
- <공중정원의 시종 이야기> : 오너먼트 의자 / 추가 의상 보상
- <연회의 축복> : 무료 잠수맵(이번 이벤트 맵)
5. <메이플스토리 M 연계 이벤트> : 레범몬 의자 출석
6. <VIP 사우나> : 메포 잠수맵
7. <윈터 튜토리얼 미션> : 간단한 미션과 보상(커여운 옷)
8. <파란소녀와 함께하는 크리스마스> : 30주년 응모 레범몬 이벤트
9. <파란소녀의 특별한 선물> : 26일 하루 4배 경쿠 2개 수령
10 [본섭 오면서 추가됨]<크리스마스의 눈사람> : 24일 시작 - 라이딩 수령/메소샵 이용
▶ 연말(12/31)에 종료되는 것들
1. 넥슨 30주년 쿠폰 사용(이전에 구매해 놨으나 까먹고 사용 안 한 경우) :
https://shopping.nexon.com/kr/30th/my
2. 메이플스토리 큐브 사용 보상 신청
:
https://maplestory.nexon.com/cube/refund
▶ 텔포 아이템 삭제 / 미니맵 클릭으로 텔포 기능 무료로 사용할 수 있습니다. 무료 버전 : 10분 쿨타임
▶ 경매장 통합 기준 :
- 1그룹 : 2,3그룹 제외 다른 월드들
- 2그룹 : 에오스&핼리오스 월드
- 3그룹 : 챌린저스 1~4
▶ 메소마켓 통합 기준 :
- 1그룹 : 2그룹 제외 다른 월드들(챌린저스 월드 4개 포함)
- 2그룹 : 에오스&핼리오스 월드
★캐시 업데이트 관련 사항★
1. <캐시 이동> : 금요일 10시~금요일 10시
2. <플래티넘 애플> : 상시 판매로 변경
3.
<부티크 기프트(10개 33000캐시)> 판매 : 1개 사용 시 부티크 티켓(교환권) 1~50개 중 랜덤으로 획득
:
https://maplestory.nexon.com/News/CashShop/Sale/521
:
https://maplestory.nexon.com/news/popup/7
: 부티크 티켓 교환 가능 품목 공식 미리보기
4. 보스 코디 아이템 관련 판매 :
https://maplestory.nexon.com/News/CashShop/Sale/522
- 칭호1 + 의상 세트4 : 59600캐시
- 보스 헤어 쿠폰 : 5500캐시
- 보스 성형 쿠폰 : 3500캐시
5. 신규 스라벨 :
https://maplestory.nexon.com/News/CashShop/Sale/519
6. 프리미엄 헤쿠/성쿠 목록 변경 :
https://maplestory.nexon.com/News/CashShop/Sale/520
7. 넥슨 30주년 히어로 선착 판매 캐시 세트
★주요 신규&변경 사항★
1. <월드 리프> :
https://maplestory.nexon.com/News/Event/Ongoing/1067
2. <에픽 던전> 입장 제한에서 입장한 월드 제한 삭제 : 2종류 1개씩 제한은 유지
[테섭 공지사항]
■ 에픽 던전을 넥슨ID 당 매주 2종을 클리어할 수 있게 개선됩니다.
- 매주 에픽 던전을
처음 입장한 메이플ID 및 월드
에서 입장 및 클리어할 수 있게 설정되며, 2종의 에픽 던전을 중복되지 않은 캐릭터로 각 1회씩 클리어할 수 있습니다.
[본섭 공지사항]
■ 에픽 던전을 넥슨ID당 매주 2종을 클리어할 수 있게 개선됩니다.
- 매주 에픽 던전을
처음 입장한 메이플ID로
입장 및 클리어할 수 있게 설정되며, 2종의 에픽 던전을 중복되지 않은 캐릭터로 각 1회씩 클리어할 수 있습니다.
3. <챌린저스 월드> 전용 코인샵에 수상한 큐브 추가
4. <PC방 스페셜 혜택> 코인샵 상세 목록
5. 크리스마스 이벤트 12/24 10시~12/30 : <크리스마스의 눈사람>
1. 이벤트 기간 내 월드당 1회 : 이벤트 리스트에서 눈사람에게
샤이닝 크리스마스 라이딩
수령 가능
​
​
2. 크리스마스 상점 오픈 : 따로 언급은 없는데 이전처럼 메소샵인 듯 : 가격은 당일에 공식 이미지 나와 봐야 압니다. 착샷은 과거 동일한 품목 이벤트에서 따옴
- 소비 : 크리스마스 라이트 교환권
- 소비 : 크리스마스 헤어핀 교환권
- 소비 : 크리스마스 리스 교환권
- 소비 : 러블리 크리스마스 교환권
- 소비 : 크리스마스 벨 교환권
- 소비 : 산타 걸/보이 모자 선택권
- 소비 : 산타 걸/보이 한벌옷 선택권
- 소비 : 산타 걸/보이 신발 선택권
- 소비 : 눈사람 모자 교환권
- 소비 : 눈사람 옷 교환권
- 소비 : 눈사람 장갑 교환권
- 소비 : 빨간 눈사람 모자 교환권
- 소비 : 하트 눈사람 퍼코트 교환권
- 소비 : 산타 수염 교환권
- 소비 : 루디의 모자 교환권
- 소비 : 루디의 옷 교환권
- 소비 : 크리스마스 볼 라이딩 (영구) 교환권
- 소비 : 크리스마스 양말 라이딩 (영구) 교환권
- 소비 : 크리스마스 골드 볼 라이딩 (영구) 교환권
- 소비 : 크리스마스 골드 양말 라이딩 (영구) 교환권
- 소비 : 크리스마스 별 라이딩 (영구) 교환권
- 설치 : 핑크빈 눈싸움 의자
- 설치 : 예티 눈싸움 의자
​
3. 이
예티와 크리스마스 의자
는 신규 데이터이나 메소샵에서 판매되지 않기 때문에 히든 미션으로 보입니다
​
​
6. <챌린저스 월드> 효과에 버프 지속 시간 30% 추가
7. <하이퍼 버닝 MAX> 챌린저스 월드 260레벨 보상에 세르니움 5레벨 심볼 추가
​
8. <제네시스 해방 무기> 개선 관련 변경 사항
- 스우/데미안 퀘스트 요구 어둠의 흔적 : 800 -> 1000
- 진 힐라 퀘스트 요구 어둠의 흔적 1500 -> 1000
- 검은 마법사 퇴치 시 획득 어둠의 흔적 500 -> 600
9. <주화샵> 페어리 하트 가격 하향 : 15000개 -> 12000개
★보스 코인(뱃지) 수령 시 주의 사항★
: 뱃지 수령 이후엔 <더 높은 등급의 보스> 를 퇴치하지 않는 한 뱃지를 수령할 수 없음, 이 조건이 메이플 ID당 적용되기 때문에 주의 필요
1. 나는 보스 코인 일반 월드에서만 받아도 됨 or 챌린저스 월드에서만 받아도 됨
▶ 굳이 고려 안 하고 그냥 받으셔도 될 듯
2. 나는 보스 코인 두 서버에 다 필요함. 챌린저스 월드에서도 보스 코인 받아서 쓸 거임 (최종적으로 퇴치 가능한 보스의 등급이 본섭>챌섭일 때)
1) 본섭에서 뱃지 수령하기 전에,
<챌린저스 월드>에서 우선적으로
최대한 잡을 수 있는 보스까지 퇴치 후 뱃지 수령까지 완료
한다
2) 1)을 완료한 이후에 본섭에서 뱃지를 수령한다 : 1)에서 받은 만큼 제하고 수령 완료
+
뱃지 수령 전까지의 퇴치 기록은 월드당 분리돼 있으므로 본섭에서 보스 퇴치는 미리 해도 됨. 다만
뱃지 수령만 나중에 하시면 됩니다
왜 그런지 자세하게 보실 분들은 이쪽으로 :
https://www.inven.co.kr/board/maple/2304/42134
*  공식 예시 :
** 더불어 점검 이전 보스 잡으신 분들은 연습 모드로 깨셔야 합니다
▶ 업데이트 이후 메할일/보상들 착샷/바뀌는 것들(개선사항 전체 등)/보상별 요약 등 12/19 업데이트 전체 정리는 링크의 글 참고 부탁 드립니다
:
https://www.inven.co.kr/board/maple/2304/42178
----------
4추만 보내주시면 감사드리겠습니다"
https://www.inven.co.kr/board/maple/2304/42198,기타,챌린져스 서버 오픈런(피시방60시간기준)루트 공유합니다. + 수정) 피시방보상 x기준 추가,,2024-12-18 14:25,100036,34,"0~200 테블 (20m)
200~ 레범몬+이벤코인100개(딸농매수점까지) (20m)
숨동or숨호숫가
이때, 이벤트스킬off(무조건)
235 딸농 10판 (30m)
235 아케인일퀘싹다하고 에스페라/그춤2사냥 조금해서 240찍기 (1h)
240 셀라스 몬파7판+약2소재사냥, 여기서 3배쿠폰사냥 (1.5h)
245 극성비로 미궁
250 극성비먹고 미궁문브일퀘하고 3배빨고 미궁사냥 (2h)
이때, 이벤트스킬on
255 초성비
269 초성비보다 255 초성비가 낫습니다.
해당 루트 따라갈시 소요시간 약 6시간정도
--
+ 피방보상 x기준 루트
0~200 테블 (20m)
200~ 레범몬+이벤코인100개(딸농매수점까지) (20m)
숨동or숨호숫가
이때, 이벤트스킬off(무조건)
235 딸농 10판 (30m)
235 아케인일퀘싹다하고 에스페라/그춤2사냥 조금해서 240찍기 (1h)
240 셀라스 몬파7판+약2소재사냥, 여기서 3배쿠폰사냥 (1.5h)
245 문브 사냥 (이벤트스킬x)
250 미궁사냥
이때, 이벤트스킬on, 단 당일에 255가 가능하다면 숨리멘에서 이벤트스킬 쓰는게 좋습니다.
255 숨리멘사냥
250이전에 이벤트스킬을 지양하는 이유는 250이후 이번 사냥 이벤트스킬 ' 대박당첨 ' 경험치 보상이 다르기때문입니다. (더좋음)"
https://www.inven.co.kr/board/maple/2304/42181,메이플M,메이플M 250작 공략 (12월31일까진 시작해야됨) (장문/스압/데이터),,2024-12-17 21:44,171002,65,"12월 31일까지 사용 가능한 쿠폰이
250 작에 엄청 큰 도움이 됩니다
고민되는 분들도 일단 쿠폰이라도 등록하세요
이미 많은 분들이 250작 공략글을 쓰셨지만
아직도 물어보시는 분들이 많아서 써봅니다 (어제까지 총 20분 230 만들어드림)
허접한 영상도 만들긴했다만 (수익창출 안됨..)
유튜브 홍보다 뭐다 할까봐 글로도 적어봅니다
1. 250작을 하는 이유
SS에서 SSS 달성시 공마 5 증가 (20>>25)
유니온 블록 1칸 증가 (4칸>>5칸)
본메 육성하면서 동시에 육성 진행이 가능하다는 점 떄문에
따로 시간들일 필요가 없는 스펙업이라는 것이 정말 큰 장점입니다
+모바일 게임이라 어디서든 육성이 가능함
저 같은 경우 메이플 일퀘하면서 아이패드로 메엠 일퀘 돌려놓습니다
요즘 들어 갑자기 메이플M 250작 이벤트 하는 사람이 늘어난 이유는 역대급 이벤트가 진행 중이기 때문인데
신규 캐릭: 하이퍼버닝
기존 캐릭: 슈퍼 버닝으로
기존,신규 모두 230까지 1+4 버닝이 가능하며
미요와 미션 챌린지 보상으로 250까지 1+1 버닝이 가능한
하이퍼 버닝 부스터
도 지급됩니다
즉,
230
까지
1+4
버닝
250
까지
1+1
버닝
으로
초고속 육성이 가능합니다
거기다 쿠폰으로 주는 극성비 3개
이벤트로 지급되는 극성비 2개
모성지 극성비 1개
코인샵 태성비 2개를 먹이면
바로 193레벨에서 230레벨이 됩니다
100레벨까지는 모험의 수련장이라는 곳에서 5분만에 달성 가능하기 때문에
실질적으론 103 > 193 18렙 / 230 > 250 10렙 , 총 28렙만 올리면 됩니다
지금이 250작 처음이자 마지막 기회입니다
2. 준비물
프성지+
없으면 난이도가 많이 증가합니다
20성 루타비스 장비(영구)와 레드메소 45억
을 지급하고 메이플M에서 가장 혜자인 패키지입니다
*모성지+는 180부터 구매 가능합니다
생성하자마자 뜨는 22,000원짜리 모성지가 아닙니다
유사품에 주의하세요!
모성지+ 급은 아니지만 이 세트도 상당히 효율이 좋은 패키지긴 합니다
100~200 구간이 2~3배 빨라집니다 (잘못 구매한 피해자 4분 모두 개꿀이라며 좋아하심)
다만, 최소 3일이 필요하기 때문에 급할 필요는 없습니다 없어도 3일 안엔 230이 찍힙니다
(230 이후 버닝 보상이 미요와미션챌린지 ""3일차"" 보상이기때문)
3. 자주 묻는 질문들 (서버추천,직업추천 등등)
서버추천
무조건 스카니아 입니다
본메 서버와 관련 없이 그냥 스카니아 가세요
직업추천
본메에서 유니온 9000작이니 칼로스 6배럭이니 챌린지니
전직업 다 육성했을텐데 또 하기는 귀찮잖아요?
그래서 추천해봤습니다
새로운 스킬 새로운 오리진 새로운 스토리 새로운 세계
마침 얘네가 지금 최상위권 라인이기도 하구요
각 직업에 대해
간단히 설명 드리자면
에릴
은 전사 직업이라 시아보다 덜 죽습니다
딜 사이클, 사냥도 단순하구요
오더 대신 호영 분신부가 자동으로 나가는 아델이라 보시면 됩니다
시아
는 별자리를 조합하여 스킬을 사용하는 직업인데
보스에서 필수 직업 입니다
더블점프,텔포,글라이딩,라리플,프레이,힐,파티무적2차바인드 쓰는 에반이라 보시면 됩니다
별자리 조합에 따라 스킬이 다르게 나가서 좀 복잡해보이지만 스킬 프리셋 기능이 있어서
생각보단 쉽습니다 여러 패치를 받아서 편의성도 많이 좋아진 편이구요
비숍 말고 다른 서포터 나오면 비숍플스토리 탈출하는줄 알았죠?
메엠은 비숍시아은월바이퍼팬텀플스토리랍니다 ^^
그딴거 필요 없고 안죽는 캐릭이면 된다
>>>데몬 어벤저
이미 있는데 새로 만들어야되나요?
네
200미만이라면 그냥 새로 키우시고
220이상인데 템이 없다 , 자꾸 죽어서 아케인포스 필드 사냥을 못한다
>>이 경우도 어차피 3일이면 230 찍으니 다시 만들어서 모성지 구입하시는걸 추천드립니다
템셋팅
프성지님이 다 해주십니다
뭐 사고 새로 만들 필요 없습니다
하이퍼 스탯
45억이 정말 많아보이지만 심볼 강화하다보면 순삭입니다
250작 캐릭은 사냥보다 과제로 경험치 먹는 비율이 높아서
안찍어도 차이가 크지 않습니다
쿠폰 (쿠폰 기간 12월 31일까지)
MAPLEM2024IMAGINE
받고 나면 창고이동이 절대 불가하니
250 찍을 캐릭으로 수령해주세요
안드로이드/ pc클라 사용하시는 분들은
환경설정-계정에서 바로 쿠폰 사용이 가능하며
ios 여러분들은 쿠폰함에서 받으셔야하는데
환경설정-계정에서 회원코드를 복붙하셔야됩니다
쿠폰함 링크
https://mcoupon.nexon.com/maplestorym
앱플 뭐 쓰나요 컴으로는 못하나여
https://maplestorym.nexon.com/kr-brand
PC버전이 나왔습니다
본메 메할일 하면서 메엠 애들이 잘 하고 있나 감시할 수 있습니다
저는 본메 / 메엠 창 왔다갔다 하는게 귀찮아서
아이패드나 다이소 1000원짜리 거치대에 폰 끼워놓고 씁니다
동시조작되는게 정말 편합니다
하이퍼 패시브 뭐 찍어요? 코강은요?
전직업 하이퍼 패시브
https://cafe.naver.com/maplestorymcongdan/142162
전직업 코강
https://cafe.naver.com/maplestorymcongdan/275825
+
5차 전직하고 나서 1순위로 제작해야하는 코어
로프커넥트
장착하면 자동전투시 밧줄로 안가고 로프커넥트로 올라갑니다
스킬셋에 안껴놔도 자동발동하고
엔버 같이 로프가 기본으로 달려있는 직업은 안해도 됩니다
단, 메카닉의 경우 로프(로켓부스터)가 많이 쓰레기라서 로프커넥트 쓰세요
유의사항
본메 버릇으로 스타포스 사냥터에 24시간 자동전투 돌려놓고 왜 안오르냐는 분들도 정말 많이 봤는데
메엠은 일일과제의 경험치가 압도적으로 많습니다
사냥은 할꺼 다 하고 시간 남을때 돌려주면 됩니다
우선 순위를 정하자면
1. 과제
2. 콘텐츠
3. 퀘스트 (~200)
4. 사냥 입니다
유의사항+
태성비,극성비는 보유 경험치를 유지시켜주지 않습니다
(0%일때 먹어야 최대 효율)
4. 육성법
기본적으로 스타포스 존 사냥은 거의 하지 않습니다
퀘스트,콘텐츠에 비해 많이 느리기도 하고 이벤트 지급 템 이외 템셋팅을 하지 않기 위함입니다
200 이후로는 스타포스 존을 가지 않기 때문에 스타포스에 돈 쓰지 않습니다
자세한 루트는 영상을 참고해주세요
컨텐츠>>퀘스트>>컨텐츠>>퀘스트의 반복이라 생각하시면 됩니다
3~23 직업 퀘스트 진행 (캐릭터가 3렙부터 시작이라 레벨이 3,8로 끝납니다)
23~103 모험의 수련장
103~113 연구소 103 호 스타포스 존 자동 사냥 (처음이자 마지막으로 스타포스 존 이용)
113~138 이볼빙 (보통 티켓을 모두 쓰면 138에 끊깁니다)
138~143 리프레 퀘스트 / 헬리오스 탑 자동전투
143~153 디멘션
148~153 디멘션 다 돌아도 153이 되지 않는다면 140레벨 루디브리엄 퀘스트 진행
153~200 몬스터파크 - 권장 레벨에 맞는 던전
경험치 100% 증가 부스터를 반드시 체크하고 입장해주세요
메소가 부족하면 140~200 구간 퀘스트를 밀어주세요
168~193 코인샵 ""
폭풍성장의비약
"" 사용
183~200 모성지+ 구입 /
공간의 경계
콘텐츠, 퀘스트하고 남는 시간에 돌려주세요
193~203 코인샵 ""
태풍성장의비약
"" 사용
203~208 5차 전직 / 여로 길뚫 / 아케인리버 던전 - 에르다스펙트럼
208~230 ""
극한성장의비약
"" 6개 사용 (쿠폰3 이벤트2 모성지+ 1)
230~ 일일과제 / 남는 시간 핫타임 자사
일일
일일임무/일일콘텐츠
미니던전 3회, 공간의 경계 (입장 후 바로 퇴장) , 무릉도장 , 보스/원정대
요일던전 (경험치 쥬얼 SS 5개 달때까지)
주간
아케인리버 던전 (어떤걸 돌아도 다 동일한 경험치를 줍니다)
가장 편한건 츄츄 (자동진행 가능)
가장 빠른건 에스페라 (숙련자 기준 차원
문 한번에 다 맞출시)
자사권 수급용
디멘션 인베이드 (필수)
주간콘텐츠-엘리트던전 미션 (필수)
코인샵에서 티켓 2장 사서 한번에 티켓 5장 쓰면 한판으로 끝납니다
데비존/커닝타워 (선택)
사냥
자사권이 넘처나는 것을 넘어서 지들끼리 증식하는 것처럼 느껴지시겠지만
246쯤되면 자사권도 끝이 보입니다
핫타임 시간대에만 돌려주세요
과제,에르다의숲 같은건 핫타임이 아닌 시간대에 해주시면 됩니다
5. 이벤트 코인샵 활용
이벤트는 다 해주세요
100렙 찍고 연구소에서 자동전투 돌릴때 해주면 좋아요
나니엘 이벤트
코인수급 이벤트고 3가지 다 해주세요
1. 나니엘을 도와줘
두더지 잡기 입니다
총 400 코인을 얻을 수 있고
150점만 채우면 됩니다
아니면 1점만 채우고 잠수를 2번하시면 됩니다
2. 친구들을 구해줘
사다리 타기 입니다
총 10번 가능하며 횟수는 레범몬 잡아서 채울 수있습니다
상위보상 100개,50개 50개만 채우고 사다리 초기화하던 더 많은 코인을 먹을 수 있습니다
최소 520개 / 최대 700개
니니엘 그림이 있는 곳 (3/4번째줄)에 도착하면 니니엘 스탬프를 주며
5개 모으면 메엠 캘린더 실물굿즈에 응모할 수 있습니다 (총 500명)
많이 모으면 당첨확률이 올라가요
꿀팁
사다리 타는 연출 스킵 가능
​
​
​
3. 니니엘이 전해 주는 빛
보약 버프입니다
레범몬을 잡아서 빛의 조각 (하루 100개)를 모으고
버프 등급이 올라갈때마다 sp를 지급합니다
경험치 관련 버프 다 올리는데 3일 걸립니다
버프 등급에 따라 코인도 주니까 참고
4. 이벤트 샵
200 찍기 전까진 티켓,폭풍성장의비약,태풍성장의비약만 노립니다
폭풍성장의비약은 168부터 드시는걸 추천드리며
과제 경험치가 00시 캐릭터 레벨을 기준으로 정해지므로
(00시에 100렙이였다면 180을 찍어도 100렙을 기준으로 경험치가 들어옵니다)
최대한 높은 레벨에 주차시킬때 먹습니다
00시 되기 직전 11시쯤에 드시는걸 추천드리고
태풍성장의비약구입할 1000코인은 남겨두세요
버닝미션 에르다의 숲 1시간하러 들어갔는데
에르다의 숲에서 계속 죽어요 이게 맞나요?
네 지극히 정상입니다
원래 230제 컨텐츠였던게 이번 패치로 210으로 내려왔는데
공격력 같은걸 조절하지 않은 것 같습니다
앱솔랩스 셋을 끼고 코강이 완료되어야 잡히니까
그냥 왼쪽 구석에서 죽고 부활하고 반복하면서 1시간 채워주세요
자동전투는 돌려주셔야되고
안하고 있으면 추방당합니다
TMI.데벤이 저기서 프렌지 세우고 자동전투 안돌린채로 잠수 태우면
기억의 빛 시간이 소모되지 않으면서 24시간 경험치 날먹하는 버그가 있었는데
6개월만에 그거 막으려고 추방되게 바뀐 것이다
*폰 끄고 있으면 사망시 추방되니
켜둔 채로 1시간 돌려야됩니다
다들 이번 기회에 공마 5 / 유니온 1칸 얻고 가시길 바랍니다
화이팅!"
https://www.inven.co.kr/board/maple/2304/42178,기타,[썬데이]패치후 메할일&변경사항요약 : 12/19~,,2024-12-17 20:40,118854,57,"[수정/추가 사항]
1. 오타 수정 : 출석 하버 부스터 수령 시점 2/6과 2/8로 적혀 있던 것 2/6으로 통일
2. 항목 배치 오타 수정
3. <What's NEXT> : 보상 수령은 패치 후부터, 보상 수령 기한과 보약 적용은 1/1까지
4. 12/19 신규 사항 어느 정도 반영하여 수정하였습니다.
월드 리프 등 신규 사항만 보실 분들은
https://www.inven.co.kr/board/maple/2304/42221
참고 부탁 드립니다
5. PC방 이벤트 품목 표 추가
6. 12/22 <스페셜 썬데이 메이플> :
1) 몬파 클리어 경험치 추가 250%
- 익스 몬파에는 적용 안 됨 / 보약은 익스 몬파도 적용 됩니다
2) 룬 재등장 및 재사용 대기 시간 감소 + 경험치 버프 효과 +100%
3) 콤보킬 경험치 획득량 + 300%
4) 현상금 사냥꾼&불꽃 늑대 경험치 5배
5) 연회의 축복(이벤트 맵 잠수) 경험치 획득량 4배 - PC방에서 총 8배
--------------------------
안녕하세요
이 글은 12/19(목) <NEXT> 업데이트의 중요한 내용들을 빠르게 확인하실 수 있도록 한 글입니다
글 순서는 이렇습니다
[목차]
1. 오늘 종료되는 사항들
2. 이벤트 메할일만 체크하기 ◀ 진짜 바쁘시면 이것만 보셔도 됨
3. 캐시 업데이트 관련 사항
4. 신규 이벤트 핵심 사항(+각 이벤트 공식 이름과 함께 한 줄로 보기)
5. 주요 보상 획득처별 정리
6. 신규&변경&개선 사항
7. 이후 정식 서버 업데이트 일정
상세 정리는 이전 글들에서도 말씀 드렸었기 때문에 각 항목(표현/이미지 볼륨 등)을 최대한 간소화 하는 것을 이번 글 목적으로 했습니다. 전부 텍스트라 검색도 되십니다
글 잘 봐주시는 분들께 여력상 따로 덧글이나 표현을 못 드리더라도 항상 정말 감사 드립니다
잘못 적힌 부분은 말씀해 주시면 감사히 수정합니다
▶ <What's NEXT> : 보상 수령은 패치 후부터, 보상 수령 기한과 보약 적용은 1/1까지
★이벤트 메할일만 체크하기★
1. [메인]개인별 목표 설정이 필요한 이벤트들
1) <하이퍼 버닝 MAX> : 기본 1회+부스터 1회(레범몬 출석 개근 시 2/6 획득) = 총 2회까지 가능
2) <챌린저스 월드> : 일일 출석+보스 미션+레벨업 미션 목표에 따라 수행
3) <아이템 버닝> : 넥슨 ID당 1회만 참여 가능하므로 필요한 캐릭터에 신중하게 받기
- 각자 설정한 계획에 맞추어 육성하기
2. [메인]패치 후 매주 해야 하는 출석들 : 딸깍&레범몬 2종류&주보코인수령
1) [메이플ID]: [
새벽별 연회] 의 <일일 만찬 준비> : UI의 출석 버튼 누르기
- 1주에 최대 5회까지 하면 됨 : 최대 40회 : 1주의 여유 기간
- 아이템 보상과 주화 중 하나 선택입니다. 둘 다 주는 거 아님 주의
- 여기서 획득한 SP로
보약 스킬 찍기 : 스킬 찍는 건 월드마다 다르게 가능
2) [메이플ID당] : [새벽별 연회] 의 <특별 만찬 준비> : 레범몬 퇴치
- 1회 2천 마리 퇴치 : 1주일에 최대 3회까지 참여 가능 : 최대 24회 : 1주의 여유 기간
- 하루에 몰아서 6천 마리를 퇴치하고 전부 완료하실 수도 있습니다
- 여기서 획득한 주화로 코인샵 이용하기 : 1회에 1천 개, 최대 24000개
- 코인 개수, 코인샵 재고도 메이플 ID당 공유입니다
3) [메이플ID당] <챌린저스 월드> 의 일일 미션 : 레범몬 퇴치
- 1회 1천 마리씩 1주에 최대 5회까지 참여 가능
- 하루에 몰아서 하실
수 없습니다
- 이 출석은 놓칠 시 메포로 패스를 구매할 수 없어 어떻게 보면 가장 중요합니다
- 이 출석은 <챌린저스 월드> 에서만 할 수 있습니다. 단, 위의 두 출석은 챌린저스 월드에서도 할 수 있기 때문에, 챌린저스 월드에서 레범몬 퇴치 시 한 번에 같이 완료 가능
4) [메이플ID당] 주간 보스 퇴치 후 보스 코인(뱃지/상급 뱃지) 수령하기
- 뱃지 : 1주에 최대 2000개 / 기간 내 최대 18000개
- 상급 뱃지 : 1주에 최대 50개 / 기간 내 최대 450개
- 획득한 뱃지는 획득한 월드별에서만 사용 가능하며, 수령 시 주의 사항은 글 밑 부분 꼭 참고
- 코인샵 재고는 메이플 ID당 공유입니다 :
매주 큐브 각각 4개씩 구매해야 함
3. [서브]각자 보상 필요에 따라 추가적으로 참여하면 되는 이벤트들
1)
PC방 누적 보상/코인샵 이벤트 : 조각/사우나 이용권/딸농 입장권 등
2) 잠수맵 : 이벤트 맵 잠수(무료/저효율) / 사우나 잠수(메포/고효율)
3) 오너먼트 의자 : <시종 이야기> 참여 시 획득 / 이벤트 업적
4) 레범몬 경험치 스킬 : 캐릭터당 최대 30회 발동 가능
5) 24~30일에 크리스마스 라이딩 받기 / 메소샵 필요에 따라 이용
▶ 펀치킹 / 미니 게임 없음
▶ 연말(12/31)에 종료되는 것들
1. 넥슨 30주년 쿠폰 사용(이전에 구매해 놨으나 까먹고 사용 안 한 경우) :
https://shopping.nexon.com/kr/30th/my
2. 메이플스토리 큐브 사용 보상 신청
:
https://maplestory.nexon.com/cube/refund
★캐시 업데이트 관련 사항★
1. <캐시 이동> : 금요일 10시~금요일 10시
2. <플래티넘 애플> : 상시 판매로 변경
3.
<부티크 기프트(10개 33000캐시)> 판매 : 1개 사용 시 부티크 티켓(교환권) 1~50개 중 랜덤으로 획득
:
https://maplestory.nexon.com/News/CashShop/Sale/521
:
https://maplestory.nexon.com/news/popup/7
: 부티크 티켓 교환 가능 품목 공식 미리보기
4. 보스 코디 아이템 관련 판매 :
https://maplestory.nexon.com/News/CashShop/Sale/522
- 칭호1 + 의상 세트4 : 59600캐시
- 보스 헤어 쿠폰 : 5500캐시
- 보스 성형 쿠폰 : 3500캐시
5. 신규 스라벨 :
https://maplestory.nexon.com/News/CashShop/Sale/519
6. 프리미엄 헤쿠/성쿠 목록 변경 :
https://maplestory.nexon.com/News/CashShop/Sale/520
7. 넥슨 30주년 히어로 선착 판매 캐시 세트
8. 멀티펫 펫 판매 목록 교체 :
https://upload3.inven.co.kr/upload/2024/12/17/bbs/i1206214093.jpg?MW=800
★신규 이벤트 핵심 사항★
[각 이벤트 공식 이름과 함께 한 줄로 보기 : 빨간색 - 메인 보상]
1. <챌린저스 월드> : 5달 간 진행되는 <버닝 월드> 업그레이드 버전
2. <하이퍼 버닝 MAX> : 260까지 1+4레벨 효과 : 기본 1회+ 부스터 1회(레범몬 출석 개근 보상)
3. <아이템 버닝> : 넥슨 ID당 1번 강력한 기간제 장비 수령(~6/18)
4. [새벽별 연회] : 2월달까지의 메인 테마 이벤트
- <새벽별 연회 만찬> :
일일 만찬(접속 출석) / 특별 만찬(레범몬 출석)
- <새벽별빛 채집> : 보약 스킬(일일 만찬 완료 시 SP 획득)
- <기념 주화 교환소> : 코인샵(특별 만찬 완료 시 코인 획득)
- <기념 뱃지 교환소> : 보스 코인샵(주보 코인)
- <메소샵> : 메소샵
- <브루미의 대청소> : 레범몬 경험치 스킬
- <공중정원의 시종 이야기> : 오너먼트 의자 / 추가 의상 보상
- <연회의 축복> : 무료 잠수맵(이번 이벤트 맵)
5. <메이플스토리 M 연계 이벤트> : 레범몬 의자 출석
6. <VIP 사우나> : 메포 잠수맵
7. <윈터 튜토리얼 미션> : 간단한 미션과 보상(커여운 옷)
8. <파란소녀와 함께하는 크리스마스> : 30주년 응모 레범몬 이벤트
9. <파란소녀의 특별한 선물> : 26일 하루 4배 경쿠 2개 수령
10 [본섭 오면서 추가됨]<크리스마스의 눈사람> : 24일 시작 - 라이딩 수령/메소샵 이용
1. [~5/22] <챌린저스 월드> : 5달 간 진행되는 <버닝 월드> 업그레이드 버전
- 테라 버닝 최대 3개까지 생성 가능
- 259레벨 이하 길라잡이 사냥터 10인 공유
- <사전 리프> 1/16부터 시작
- <하이퍼 버닝 MAX> 육성 시 일반 월드보다 많은 양의 레벨 달성 보상 획득
- 일일 레범몬 미션/보스 미션/레벨 달성 미션으로 등급을 올려 양질의 보상들과 전용 코인샵 코인 획득 가능
- 일일 미션 놓칠 시 메포로 구매할 수 있는 패스는 따로 없으므로 주의
-
https://www.inven.co.kr/board/maple/5974/4443392
: 각 항목별 정리
-
https://www.inven.co.kr/board/maple/5974/4445975
: 3만 점 가이드
2. [~3/19]<하이퍼 버닝 MAX> : 260까지 1+4 레벨 업 효과
- 메이플 ID당 점검 이후 하나 생성 혹은 지정(200 이상) 가능
- 200까지 <테라 블링크> 를 통해 빠르게 달성 가능
- 기존 캐릭터에 지정할 경우, 레벨 달성 보상은 지정한 레벨 이후의 보상부터 획득 가능
- [새벽별 연회] 의 레범몬 출석으로 개근 시 2/6에 <하이퍼 버닝 부스터> 획득 가
능
* 부스터 사용 시 레벨 달성 보상은 수령 가능하다고 명시돼 있으나 다른 사항들은 이후 공식 공지사항에서 확인 필요
3. [~6/18] <아이템 버닝> : 넥슨 ID당 1회 장비 상자 수령 가능 : 기존 캐릭터도 수령 가능
- 미션에 따라 장비 성장 : 카쿰/카벨/카파풀/노멀 스우/노엔슬/이루시
-
넥슨 ID당 1회 수령이기 때문에 하이퍼 버닝 두 캐릭터에 각각 줄 수 없습니다
- 이전보다 장비 능력치 상향/외형 변경 : 6/18까지 사용 가능
- 마지막 보상이었던 심볼/조각은 삭제되었습니다 -> 각각 챌린저스 월드 하이퍼 버닝 보상으로 이동
- 최종 등급 아이템 옵션 :
https://www.inven.co.kr/board/maple/5974/4443970?my=chu
- 전체 외형 :
https://www.inven.co.kr/board/maple/5974/4449748?my=chu
4. [~2/19 : 새벽별 연회] : 메인 출석 이벤트 - 9주 진행
1) <일일 만찬 준비> : 메이플 ID 공유 일일 출석
- 메이플 ID당 일일 출석 가능 : 접속 후 버튼을 눌러 바로 가능
- 놓친 출석은 3000메포로 구매 가능
- 주간 최대 5회까지 가능 / 최대 40회 / 1주일 여유 기간
- 출석 시 3배 경쿠(30분) 3개와 전투력&콘텐츠 보약 SP 5개씩 획득
- 출석 횟수에 따라 아이템 보상과 코인 중 하나
선택하여
획득 가능
- 최종 보상 초성비
2) <새벽별빛 채집> : 보약 스킬
- 일일 출석에서 획득한 SP로 보약 찍기 가능
- 전투력 보약(새벽빛) / 콘텐츠 보약(별빛) SP 나뉘어 있음
- 각각 1주에 10개씩 구매 가능한 SP가 쌓이며, 1SP=1000 메포로 구매 가능
- 스킬 찍는 건 월드당 적용되어 월드마다 다르게 SP 사용할 수 있음
3) <특별 만찬 준비> : 레범몬 주간 출석
- 주간 출석 : 레범몬 2000마리 퇴치 후 1회가능
- 주간 최대 3회 가능 /
하루에 몰아서 가능
/ 1주일 여유 기간
- 놓친 출석은 3000메포로 구매 가능
-
출석 시 코인샵 코인 1000개 획득 : 최대 24000개 : 이외 더 주는 건 테섭 기준에선 아직 없습니다
- 24회 출석 시 ""하이퍼 버닝 MAX 부스터"" 획득 : 개근 시 2/6
4) <브루미의 대청소> : 레범몬 경험치 스킬
- 레범몬 300마리 퇴치 시마다 경험치 획득과 함께 광역기 스킬 발동 : 필드 몬스터 대비 약 175마리분 경험치
- 캐릭터당 일일 최대 30회까지 발동 가능
- 200레벨 이상일 시, 일정한 확률로 일일 1회까지 당첨 가능한 특수 기믹 발동 : 대량의 경험치 지급으로 안내됨 :  다만 최대 일일 1회라는 것이고, 30회를 다 채워도 당첨이 안 될 수 있습니다(경험해봄)
5) <연회의 축복> : 이벤트 맵 잠수 경험치
- 이번 이벤트 맵(공중정원)에 위치할 시 5초마다 경험치 획득 : 효율은 이벤트의 일반 잠수맵 정도
- PC방에서 접속하여 위치 시 경험치 2배로 획득
6) <기념 주화 교환소> : 레범몬 출석 코인샵 : 메이플 ID 공유
- <특별 만찬 준비(레범몬 출석)> 으로 1주 최대 3000개, 이벤트 기간 내 최대 24000개 획득 가능 +@(일일 출석에서 택한 코인 개수)
- 딸기농장 입장권 있음 : 주간 5개
- 카르마 유잠/카르마 에디셔널 에픽잠재 주문서 등 있음
- 아이템 일괄 2/20 2시까지 사용 가능
7) <기념 뱃지 교환소> : 보스 코인샵 : 메이플 ID 공유
- 주간 보스 퇴치 후 보스 코인 획득 가능 주간 최대 2000개, 이벤트 기간 내 최대 18000개 획득 가능 / 상급 뱃지는 50개씩 기간 내 최대 450개
- 연습 모드로도 가능하지만 1인 파티 격파만 인정
- 코인샵 재고는 메이플 ID 기준 공유하지만, 획득한 뱃지는 획득한 월드에서만 사용 가능
- 높은 개수의 코인만 획득 가능 : ex) 150개의 보스 퇴치 후 300개 보스 퇴치 시 150개만큼 더 획득
- 챌린저스 서버에서 보스 코인 노리시는 분들은 :
https://www.inven.co.kr/board/maple/2304/42134
꼭 한 번 읽어 주세요
- 블큐/화에큐 주간 4개씩 매주 초기화되어, 매주 구매하셔야 합니다
- 아이템 일괄 2/20 2시까지 사용 가능
8) <메소샵> : 메소로 구매 가능 / 월드 내 공유
★ 위의 세 코인샵 전체 품목 보기 :
https://upload3.inven.co.kr/upload/2024/12/14/bbs/i1337479020.jpg?MW=800
9) <공중정원의 시종 이야기> : 오너먼트 의자/출석 추가 의상 보상
- 이벤트 수락 시 오너먼트 의자 획득
- <특별 만찬 준비(레범몬 출석)> 24회 완료 후, 이 이벤트를 통해 추가적인 의상 세트 획득 가능 : 머리는 가발입니다
- 여기에 더하여 '숨겨진 보상' 이라는 텍스트가 있는데, 이 의상을 가리키는 건지 다른 히든 미션 보상이 있는 건지는 본섭 와봐야 알 수 있을 듯
5. [VIP 사우나] : 잠수맵 : 재오픈
- 1시간=3000메포로 1주 최대 24회까지 입장 시간 충전 가능
- 30분 충전 티켓 일일 출석으로 개근 시 총 8장 획득 가능
6. [~2/19]<윈터 튜토리얼 미션> : 간단한 콘텐츠 소개 이벤트
- 각 콘텐츠에 대한 간단한 미션에 소소한 아이템 보상입니다 :
https://upload3.inven.co.kr/upload/2024/12/13/bbs/i1392266691.jpg?MW=800
- 보상 옷 커여움
- 최종 보상인 훈장
7. [~1/15]<메이플스토리 M 연계 이벤트> : 레범몬 출석으로 메M에 보상 주기 이벤트
- 일일 레범몬 1천 마리 퇴치 후 출석 가능
- 총 7일 : 1회 완료 시마다 ""메M"" 에서 보상 획득 가능
- ""PC메이플 보상"" 은 7일차 출석 완료 시 획득하는 이하 의자 하나
​
​
​
8. 넥슨 30주년 마무리 이벤트 : 파란소녀
1) [파란소녀와 함께하는 크리스마스] : 응모용 이벤트
- 12/25까지 레범몬 1천 마리 퇴치 후 30주년 깜짝 선물 응모 가능
- 응모 완료 아이템 보상 : 경쿠 3배(15분)
2) [파란소녀의 특별한 선물] : 26일 한정 이벤트
- 메이플ID당 1회 4배 경쿠 2개 수령 가능
9. PC방 이벤트
[점검 후 시작]<이벤트 기간 내 프리미엄 혜택 적용>
- 50% 추가 경험치
- 레범몬 퇴치를 통해 PC방 코인 획득 가능 : 솔 에르다/VIP 사우나 교환권/황금 딸기 농장 입장권
[금요일 0시 시작]
<누적 보상 이벤트
1. 평일 누적 시간 보상
2. 주말 누적 시간 보상
3. 총 누적 시간 보상
모자는 성별 구분 따로 안 써있음
10. 본섭 오면서 추가된 크리스마스 이벤트 : <크리스마스의 눈사람> : 12/24 10시~12/30
1) 이벤트 기간 내 월드당 1회 : 이벤트 상점 확인 후 눈사람에게
샤이닝 크리스마스 라이딩
수령 가능
​
​
2. 크리스마스 상점 오픈 : 따로 언급은 없는데 이전처럼 메소샵인 듯 : 가격은 당일에 공식 이미지 나와 봐야 압니다. 착샷은 과거 동일한 품목 이벤트에서 따옴
이외 산타 걸/산타 보이/눈사람 세트/산타 수염/루디 세트 판매
3. 이
예티와 크리스마스 의자
는 신규 데이터이나 메소샵에서 판매되지 않기 때문에 히든 미션으로 보입니다
​
​
이 글에서 생략된 각 이벤트의 자세한 보상이 필요하신 분들은 https://www.inven.co.kr/board/maple/2304/42126 참고 부탁 드립니다
[주요 보상 획득처별 정리] : 이 목록에 없다고 없는 것 아닙니다. 덧글로 추가했으면 하는 거 말씀해 주시면 오후 쯤 확인 후 추가
1) 경험치 3배 쿠폰 :
- 일일 출석 보상 : 30분 쿠폰 1일 3개 / 1주 최대 5번 수령 가능 X 8 = 최대 120개
- 보스 코인샵 : 15분 쿠폰 1일 2개
- 파란 소녀 이벤트 응모 : 15분 1개
2) EXP 교환권 / 카르마 장인의 큐브 : 없음
3) 상급 EXP 교환권 : 일일 출석 총 4000개
4) 극한 성장의 비약 :
- 일일 출석 2개(10/20번째)
- 코인샵 2개 : 1개 1만 코인
5) 황금 딸기 농장 입장권
- 주화샵 1주 5개 : 1개 200 코인
- PC방 전용 코인샵 1주 5개 : 1개 10 코인
5) 카르마 블랙 큐브
- 일일 출석 20개(29번째)
- 뱃지(보스) 코인샵 1주 4개x9주 = 36개
6) 카르마 화이트 에디셔널 큐브
- 일일 출석 20개(39번째)
- 뱃지(보스) 코인샵 1주 4개x9주 = 36개
- 챌린저스 월드 2만 점 티어 보상 30개
7) 솔 에르다 조각
- 챌린저스 월드 5천 점 티어 보상 100개
- 챌린저스 월드 1만 점 티어 보상 200개
- PC방 평일 90분 누적 10개
- PC방 주말 90분 누적 15개
- PC방 60시간 누적 400개
8) 솔 에르다
- 일일 출석 총 4개(5/15/25/35번째)
- 챌린저스 월드 5천 점 티어 보상 3개
- 챌린저스 월드 1만 점 티어 보상 5개
- PC방 전용 코인샵 1주 3개 : 1개 100 코인
- 상급 보스 코인샵 10개
9) 코어 젬스톤
- 일일 출석 300개(7번째)
- 하이퍼 버닝 레벨 달성 보상 : 총 500개or1000개(일반 월드 보상or챌린저스 월드 보상)
- 주화샵 500개 : 1개 50 코인
10) 경험의 코어 젬스톤
- 일일 출석 30개(12번째)
- 하이퍼 버닝 레벨 달성 보상 : 총 25개or50개(일반 월드 보상or챌린저스 월드 보상)
- 주화샵 30개 : 1개 650 코인
11) 초월 성장의 비약 :
- 일일 출석 1개(최종 보상 :40번째)
12) 카르마 명장의 큐브
- 챌린저스 코인샵 * 리프 불가
13) 페어리 하트
- 주화샵 1개 : 1개 12000 코인
* 1월달로 예정된 메M 라라 이벤트에서 호영처럼 연동 이벤트로 줄 수도 있으니 일단 구매하지 않기
14) 데미지 스킨 추출권(본섭 오면서 추가) : 메소샵 1억 메소
[신규&변경&개선 사항]
: 이 글에선 각 항목의 테마만 간단히 적습니다. 각 자세한 내용은
https://www.inven.co.kr/board/maple/2304/42111
참고 부탁 드립니다
1. 3차&4차 마스터리 코어 추가
2. <스킬 시퀀스> 시스템 추가 : 극딜 버프 빠르게 사용 가능
3. <메이플 옥션> 통합 및 기능 개선
- 1그룹 : 2,3그룹 제외 다른 월드들 /
2그룹 : 에오스&핼리오스 월드 /
3그룹 : 챌린저스 1~4
- 다른 월드의 물품 구매 시 가격의 10% 가치에 해당하는 메포를 추가 수수료로 소모
4. <메소마켓> 통합 및 기능 개선
- 1그룹 : 2그룹 제외 다른 월드들(챌린저스 월드 4개 포함) /
2그룹 : 에오스&핼리오스 월드
- 최대 1천억으로 거래 가능 한도 상향 등 여러 기능 개선
5. <제네시스 무기 해방> 시스템 개선
6. 미니맵 UI 개선 : 미니맵의 집 모양 아이콘 클릭 시 마을 이동 가능 등
7.
런처 실행으로 로그인 시 최근 접속한 메이플 ID로 자동 접속되도록 변경 / 다른 메이플 ID 로그인 버튼 추가
8. 주요 마을에 <타운 포탈> 추가 : 마을 이동 가능
9. 유니온 공격대 자동 배치 기능 추가
10. VIP 부스터의 불꽃 몬스터 카운팅 범위 추가 : 데일리/채집/아티팩트 주간/길드/업적
11. 훈장/칭호 외형과 적용 능력치 구분 기능 추가
12. 블랙리스트 등록 캐릭터/길드 이름에 아이콘 출력 추가
13. 길드 이름 변경 기능 추가 : 59000 메포
14. 메이플 옥션/캐시샵 미리보기 개선 : 스킬 공격 동작 이미지 미리보기 추가
15. 아케인 리버 스토리 연출 개선
16. 심볼 일일 퀘스트 간소화 : 상위 지역 해금에 따라 500/300/100로 점차 감소
17. 아케인리버 스페셜 콘텐츠 1회 클리어 지급 심볼 개수 15개에서 40개로 증가
18. 심볼 퀵패스 비용 할인 : 상위 지역 해금에 따라 1000/600/200 메이플포인트로 점차 감소
19. 익스 몬파 주간 콘텐츠로 변경 : 월드당 2명의 캐릭터로 각각 1회씩 클리어 가능
20. 몬파 훈장 획득 난이도 완화 :요일별 77회 -> 요일별 30회 or 요일별 익스 몬파 3회
21. 솔 에르다 변환 시스템 추가 : 월드 내 이동 가능 아이템으로 변환
- 솔 에르다 1개를 300개의 총 기운(10X30)으로 변환 가능
- 솔 에르다 1개를 6차 전직 후 사용 가능한 VIP 부스터 1개로 변환 가능
22. 아케인리버/그란디스/루타비스/보스 콘텐츠 스킵 기준 메이플 ID로 확장
23. 커스텀 키세팅 기능 추가 : 메이플 ID 내 단위로 저장 / 캐릭터 생성 시 적용 가능
24. 몬컬 몬스터 이미지 더블클릭 시 위치한 지역 월드맵 오픈
25. 에픽 던전 넥슨 ID당 매주 2종 클리어 가능 : 입장한 메이플 ID로 월드 상관 없이, 하이마운틴과 앵글러 컴퍼니를 각각 다른 캐릭터로 1회씩 클리어 가능
- 매주 에픽 던전을
처음 입장한 메이플ID로
입장 및 클리어할 수 있게 설정되며, 2종의 에픽 던전을 중복되지 않은 캐릭터로 각 1회씩 클리어할 수 있습니다.
25. 월드맵 개편&텔레포트 월드맵 상시 적용 : 기본 쿨타임 5분 / 메포&데일리&MVP 보상으로 쿨타임 10초의 구독권 이용 가능
★이후 정식 서버 업데이트 일정★
[NEXT 2차 업데이트 : 1/16(목) 예정]
1. 신규 콘텐츠 <유니온 챔피언>
[NEXT 3차 업데이트 : 2/20(목) 예정]
1. 신규 보스 : <발드릭스>
2. 월드 통합 :
보스(이지 칼로스 이상)
3. <챔피언 버닝> 시작
4. 봄맞이 신규 이벤트
[NEXT 4차 업데이트 : 3/20(목) 예정]
1. <데스티니 무기> 업데이트
2. <챔피언 챌린지> 시작"
https://www.inven.co.kr/board/maple/2304/42134,기타,겨울 보스코인 획득 주의사항 & 브루미 당첨 정보,,2024-12-15 17:35,85445,56,"[수정/추가 사항]
1.
----------------
안녕하세요
이 글은 요청 말씀들이 있어서, 그리고 저도 궁금한 김에 따로 확인해 본 내용 보충 글입니다. 한 번 쭉 읽어 주시면 좋은 내용입니다!
바쁘시면 글의 맨 마지막 부분인 4번 항목만 읽어 주시면 됩니다
잘못 적힌 부분은 말씀해 주시면 감사히 수정합니다
[보스 코인 관련]
1. 우선 보스 코인(기념 뱃지)는 메이플 ID당 주간 최대 2000개까지 획득할 수 있으며 획득한 월드에서만 사용이 가능합니다
+ 1인 격파만 인정 / 연습 모드도 인정 / 보스 코인샵 재고도 메이플 ID 공유
2. 각 보스가 주는 뱃지 개수는 이렇습니다
+ 상급 기념 뱃지
3. 다만 이 뱃지는 보스를 퇴치할 때마다 적힌 개수만큼 주는 게 아니라 해당 획득 방식을 따릅니다
1) 뱃지 수령 이후에 퇴치하는 보스의 뱃지 개수가 전보다 많을 때 : 차이만큼 추가 획득
EX : 카오스 반반(200개)을 퇴치하고 뱃지를 수령한 후, 카오스 벨룸(300개)를 퇴치할 시 300개가 아닌 둘의 차이인 100개 획득
2) 뱃지 수령 이후에 퇴치하는 보스의 뱃지 개수가 전과 동일할 때 : 뱃지 획득 불가
EX : 카오스 반반(200개)을 퇴치하고 뱃지를 수령한 후, 카오스 피에르(200개)를 퇴치할 경우 추가적으로 수령하는 코인 없음. 카오스 반반을 동일하게 퇴치하더라도 동일
3) 뱃지 수령 이후에 퇴치하는 보스의 뱃지 개수가 전보다 적을 때 : 뱃지 획득 불가
EX :
카오스 반반(200개)을 퇴치하고 뱃지를 수령한 후, 이지 시그너스(10개)를 퇴치할 경우 수령할 수 있는 코인 없음
4. 위의 사항들이 <메이플 ID당> 공유되고, 획득한 뱃지는 <획득한 월드에서만 사용 가능>하기 때문에 [챌린저스 월드] 에서 보스 코인샵을 이용하시고자 한다면 주의가 필요합니다
1. 나는 보스 코인 일반 월드에서만 받아도 됨 or 챌린저스 월드에서만 받아도 됨
▶ 굳이 고려 안 하고 그냥 받으셔도 될 듯
2. 나는 보스 코인 두 서버에 다 필요함. 챌린저스 월드에서도 보스 코인 받아서 쓸 거임 (최종적으로 퇴치 가능한 보스의 등급이 본섭>챌섭일 때)
1) 본섭에서 뱃지 수령하기 전에,
<챌린저스 월드>에서 우선적으로
최대한 잡을 수 있는 보스까지 퇴치 후 뱃지 수령까지 완료
한다
2) 1)을 완료한 이후에 본섭에서 뱃지를 수령한다 : 1)에서 받은 만큼 제하고 수령 완료
+
뱃지 수령 전까지의 퇴치 기록은 월드당 분리돼 있으므로 본섭에서 보스 퇴치는 미리 해도 됨. 다만
뱃지 수령만 나중에 하시면 됩니다
공식 예시 :
[레범몬 경험치 스킬 당첨 관련 : 공식 이미지 추가 ]
-고대 유물 :  <브루미의 대청소> 발동 시 아주 낮은 확률로 일일 최대 1회까지 당첨 가능
---------
4추만 보내주시면 감사드리겠습니다"
https://www.inven.co.kr/board/maple/2304/42126,기타,[NEXT]겨울 시즌 이벤트 뭐 해야 돼요? 등 이벤트 총정리,,2024-12-15 10:36,70292,31,"[글 추가/수정 사항]
1 12/19에 들어오는 개선&변경 사항들은
https://www.inven.co.kr/board/maple/5974/4445760
이 글 봐주시면 됩니다
-------------------------------------------------
안녕하세요
이 글은 12/19부터 시작 예정인 <NEXT> 1차 업데이트의 겨울 시즌 신규 이벤트 내용들을 드디어 한 곳에 모은 것입니다
글은 이 순서로 돼 있습니다
[목차]
1. <PC방 누적 보상 이벤트+프리미엄 혜택>
2. <챌린저스 월드>
3. <하이퍼 버닝 MAX>
4. <아이템 버닝>
5. <새벽별 연회> : 출석/보약/코인샵 등
6. <메이플스토리 M 연계 이벤트>
7. <VIP 사우나>
8. <윈터 튜토리얼 미션>
9. <파란소녀와 함께하는 크리스마스>
10. <파란소녀의 특별한 선물>
11. 신규 이벤트들 전체 간단 요약
12. 주요 보상들 총 개수
13. 그래서 뭐 해야 되는 거임? : 메할일 관련
1~10번은 각 이벤트의 중요한 내용들을 최대한 빠짐 없이 담은 항목이고
11~13번이 전체적인 요약입니다
우선적으로 한 글에 모은 이유는 따로 찾아보셔야 하는 번거로움을 최대한 덜고자 하기 위함입니다
다만 앞서 내용들 숙지하고 계신 분들이나,
아예 모르실 때 사실상 11~13번만 보셔도 주요 내용은 거의 가져 가실 수 있겠습니다. 바쁘신 분들은 11번부터 봐주시거나 진짜 귀찮으시면 13번만 봐주셔도 됩니다
놓치거나 잘못 적힌 부분 있을 수 있으며 말씀해 주시면 확인 후 감사히 수정합니다
★<NEXT> 1차 업데이트 신규 이벤트★
1. [PC방 누적 보상 이벤트+프리미엄 혜택]
▶기간 : 12/20(금) 0시~1/16
1. 평일 누적 시간 보상
2. 주말 누적 시간 보상
3. 총 누적 시간 보상
모자는 성별 구분 따로 안 써있음
4. 이벤트 기간 내 프리미엄 혜택 적용 :
이 혜택은 목요일 점검 후부터 바로 시작됩니다
- 50% 추가 경험치
- 프리미엄 코인샵 운영 : 솔 에르다/VIP 사우나 교환권/황금 딸기 농장 입장권
* 자세한 내용은 테섭에서 확인 불가한 듯
2. [챌린저스 월드 : <버닝 월드> 업그레이드 버전]
▶기간 : ~5/22 점검 전(새벽)까지 / 미션 수행은 5/21 23:59 종료
★ 사전 리프 1/16부터 시작
<챌린저스 월드> 관련 사항은 기존에 전체 내용이 담긴 글을 작성하여 해당 링크를 드리겠습니다
https://www.inven.co.kr/board/maple/5974/4443392
3. [하이퍼 버닝 MAX]
▶기간 : 점검 후~3/19 23:59
1. 260 레벨에 도달할 때까지 1+4레벨 효과가 적용되는 <하이퍼 버닝 MAX> 를 메이플 ID당 1회 : 신규 캐릭터로 생성 혹은 200레벨 이상 캐릭터에 지정할 수 있습니다
2. 200레벨까지 <테라 블링크> 에 참여하여 더욱 빠르게 도달할 수 있습니다
3. 버닝 효과가 적용된 캐릭터로 일정 레벨 도달 시 보상을 획득하며,
<챌린저스 월드> 에서 수령 시 더 많은 보상을 획득합니다
<캐릭터 생성 보상> : 반지 유니크
- 레벨 달성 보상 : 기존 캐릭터에 지정 시 지정 레벨 이후의 보상부터 수령할 수 있습니다
왼쪽은 일반 월드에서 수령할 때 보상
오른쪽은 <챌린저스 월드>에서 수령할 때 보상
4. 메인 출석 이벤트인 <새벽별 연회> 이벤트의 레범몬 출석 최종 보상으로 ""하이퍼 버닝 MAX 부스터""를 획득하실 수 있습니다 :
주간 출석 개근 시 이벤트 시작 8주차 첫날(2/6)에 최초 획득 가능
이벤트 설명에 레벨 달성 보상도 수령 가능하다고 명시되어 있습니다. <테라 블링크>의 여부의 경우 이후 확인 필요할 듯
4. [아이템 버닝]
▶기간 : 점검 후~6/18 23:59 (장비 6/19 0시 기간 만료)
1. 기간 내 200레벨 이상 캐릭터로
넥슨 ID당 1회
: 아이템 버닝 상자를 수령하고 아이템 버닝에 참여할 수 있습니다. 상자 수령에 있어 200레벨 이상이라는 것 말고 다른 제한은 없습니다
- 넥슨 ID당 1회기 때문에 2개의 하이퍼 버닝 캐릭터 모두에게 줄 수 없습니다
2. 미션을 통해 장비를 성장시킬 수 있으며,
각 미션과 미션에 따른 장비 성장은 이렇습니다
3. 기존 최종 보상이었던 솔 에르다 조각 보상의 경우 <챌린저스 월드> 미션 보상으로 이동되었다고 보시면 될 것 같습니다.
4. 최종 등급 기준 아이템 옵션은
https://www.inven.co.kr/board/maple/5974/4443970?my=chu
글에서 확인하실 수 있어 링크를 드립니다
5. 장비의 외형이 변경되었으며 각 무기 포함 외형은  이 글에서 확인하실 수 있어 링크를 드립니다
https://www.inven.co.kr/board/maple/5974/4449748?my=chu
5. [새벽별 연회 : 메인 출석 이벤트]
▶기간 : 점검 후~2/19 : 총 9주 진행
1. <일일 만찬 준비> : 접속 후 출석 버튼 클릭 : 경쿠&보약 SP 획득 가능
1) 메이플 ID당 일일 1회 : 주간 최대 5회까지 출석 가능 : 최대 40회(8주)
- 이벤트 기간 총 9주 : 1주의 여유 기간
2) 출석마다 경험치 3배 쿠폰(30분) 3개씩&전투력/콘텐츠 보약 SP 5개씩 적립
- 총 경쿠 120개 / 보약 SP 각각 200
3) 출석 횟수에 따라 보상 획득 :
아이템과 코인샵 코인(기념 주화) 중
하나를 택하여
수령할 수 있습니다. 밑의 경우 준정펜과 주화 500개 중 하나를 택하는 것이므로 유의 필요합니다
4) 일일 출석 누적 보상 목록
* 심볼 : 500or100
<40회 일일 만찬 준비 완료 추가 보상>
+ UI에 누락된 보상들
<33번째 일일 만찬 준비 보상> :
선택 심볼 교환권 2개 or 기념 주화 500개
<35번째 일일 만찬 준비 보상> : 새벽별 연회 의상 세트 교환권 or 기념 주화 300개
2. <새벽별빛 채집> : 일일 출석으로 얻은 SP로 보약 스킬 찍기
1) 일일 출석으로 1회 5SP씩 : 1주일 최대 25SP X 총 8주 = 200SP 획득 가능
- 새벽빛 : 전투력 보약 SP
- 별빛 : 콘텐츠 보약 SP
2) 필요에 따라 각 SP 1개당 1천 메포로 구매 가능 : 1주에 각각 10개씩 구매 가능 개수 충전
3) 각 레벨별 SP 요구량
4) 전투력 보약 : 새벽빛 환영 레벨별 효과
5) 콘텐츠 보약 : 볓빛 환영 레벨별 효과
3. <특별 만찬 준비> : 레범몬 퇴치 후 출석 : 코인샵 코인 획득 가능
1) 메이플 ID당 주간 최대 3회까지 : 1회 2000마리씩 주간 총 6000마리
2) 출석할 때마다 기념 주화(코인샵 코인) 1000개를 획득 가능하며, 최대 24회(8주) 가능하므로 주간 출석으로 최대 24000개 획득 가능합니다
3) 최대 출석 횟수인 24회 완료 시 ""하이퍼 버닝 MAX 부스터"" 를 1개 획득할 수 있습니다
4. <브루미의 대청소> : 레범몬 스킬
1) 퀘스트 수락 이후 : 레범몬 300마리 퇴치 시마다 경험치를 획득하는 스킬이 발동됩니다
2) 스킬 발동 경험치는 필드 몬스터 대비 175배 정도로 보이며 캐릭터당 일일 최대 30회까지 발동할 수 있습니다
3) 스킬 발동 시 랜덤한 확률로 ""고대 유물"" 에 당첨될 수 있습니다 : 많은 경험치 획득으로 안내됨
- 200레벨 이상만 당첨 가능 : 일일 최대 1회
- 최대 1업만 가능
- 200~249 : 고정 경험치
- 250 이상 : 경험치 획득량 적용 경험치
5.
연회의 축복 : 잠수맵
1) 이벤트 맵인 공중정원에 위치할 시 5초마다 자동으로 경험치를 획득합니다
2) 다만 높은 효율의 <VIP 사우나>가 따로 오픈되는 만큼 낮은 단계의 잠수맵 효율인 것으로 보입니다
3) PC방에서는 2배로 경험치를 획득합니다
6.
시종들의 이야기 : 오너먼트 의자&추가 의상 보상
1) 우선적으로 이벤트를 수락 시 오너먼트를 장착 가능한 의자를 수령할 수 있습니다
2) 오너먼트는 각 이벤트 업적을 완료 시 획득할 수 있습니다
3) <특별 만찬(=레범몬 출석)> 24회(8주=개근) 완료 시 이 이벤트에서 추가적인 의상 세트 보상을 획득할 수 있습니다
4) 여기에 더하여 릴리즈와 이벤트 설명에 '숨겨진 보상' 이라는 텍스트가 있는데 히든 미션으로 획득 가능한 다른 보상을 가리키는 건지는 이후 가봐야 알 수 있을 것 같습니다. 일부 업적은 테섭에서 완료 불가능하다라고 하는 걸로 봐서 이와 연관이 있을 수도 있겠습니다
7. 코인샵 관련 사항
1) <기념 주화샵> : 일반 코인샵
- 현재로서 레범몬 출석 개근 시 최대 24000개+일일 출석 코인 선택 만큼 획득 가능
- 메이플 ID 공유
2) <뱃지샵> : 보스 코인샵
★ 보스 코인 중요 공통 사항들
- 연습 모드도 인정되지만 솔플 격파 시에만 인정
-
더 많은 개수의 뱃지를 주는 보스 퇴치 시 차이 나는 개수만큼만 수령 가능
ex) 노멀 시그너스(50개) 퇴치하여 코인 수령 후, 카오스 자쿰(200개) 퇴치 시 150개 추가 획득
- 코인 획득과 코인샵 재고는 메이플 ID 공유지만 뱃지 사용은 획득한 월드에서만 가능
- 기념 뱃지 : 1주 최대 2000개 X 9주 = 18000개
- 상급 기념 뱃지 : 1주 최대 50개 X 9주 = 450개
3) <메소샵> : 메소로 구매 가능 : 월드당
4) 코인샵 전체 목록 보기 : 클릭하시면 새 창에서 이미지가 열립니다
https://upload3.inven.co.kr/upload/2024/12/14/bbs/i1337479020.jpg?MW=800
6. [메이플스토리M 연계 이벤트]
▶기간 : 점검 후~1/15
1. 이벤트 기간 내 레범몬 1000마리를 퇴치 후 일일 1회, 총 7일 출석할 수 있습니다
2. 출석 완료 시 메M에서 보상을 수령할 수 있습니다 : 아직 메M 공지에서도 세부 사항은 공개된 바 없으나 메M 육성하고 계신 분들께 충분히 가치 있는 아이템들로 보임
3. 7일 모두 출석 완료 시 PC 메이플에서 의자를 수령할 수 있습니다
​
​
7. [VIP 사우나]
▶기간 : 점검 후~2/19
1. 이벤트 기간 동안 잠수맵 <VIP 사우나> 가 오픈됩니다
2. 출석 보상으로 얻은 입장권으로 입장하거나(일일 출석 개근 시 최대 8개), 1시간에 3000메이플포인트를 사용하여 이용 기간을 충전할 수 있습니다. 이는 1주에 최대 24회까지 가능합니다
8. [윈터 튜토리얼 미션 : 주요 콘텐츠&기능 소개 이벤트]
▶기간 : ~2/19
1. 메이플 ID당 1회 : 레벨별 미션에 참여하고 보상을 획득할 수 있습니다
-
미션 시작 전 각 콘텐츠의 가이드 시청 여부를 선택할 수 있습니다
- 신규/복귀 유저를 위한 주요 콘텐츠들의 튜토리얼성 이벤트이나 참여는 당연히 기존 유저도 가능하며, 이미 완료한 조건의 경우 즉시 미션 완료 가능합니다
2. 각 레벨별 미션과 보상은 아래와 같으며 간단한 미션에 간단한 보상입니다
- 난생 처음 세트
- 최종 보상 : 완전히 이해했어 훈장
​
9. [파란소녀와 함께하는 크리스마스]
​
▶기간 : 점검 후 ~ 12/25 23:59
1. 이벤트 기간 내 레범몬 1천 마리를 퇴치하고 30주년 선물에 응모할 수 있습니다. 사실상 응모 이벤트로써 경쿠는 구색 맞추기 용 아이템입니다. 응모 보상은 이후 공개
10. [파란 소녀의 특별한 선물]
▶기간 : 12/26 0시~12/26 23;59
1. 이벤트 알림이에서 참여를 클릭하여 4배 경쿠를 수령할 수 있습니다
11. 이벤트들 간략히 보기
1. <챌린저스 월드> :
<버닝 월드> 업그레이드 버전 : 5달 진행
- <하이퍼 버닝 MAX> 육성 시 일반 월드보다 많은 양의 레벨 달성 보상 획득
- 일일 레범몬 미션/보스 미션/레벨 달성 미션으로 등급을 올려 양질의 보상들 획득 가능 : 카르마 레잠/유니온 총 4000 비약 등
2. <하이퍼 버닝 MAX> :
260까지 1+4레벨 업 효과
- 메이플 ID당 점검 이후 하나 생성 혹은 지정(200 이상) 가능
- 레벨 달성 보상은 지정한 레벨 이후의 보상부터 획득 가능
- [새벽별 연회] 의 레범몬 출석으로 개근 시 2/6에 부스터 하나 더 획득 가능
* 부스터 사용 시 레벨 달성 보상은 수령 가능하다고 명시돼 있으나 다른 사항들은 이후 공식 공지사항에서 확인 필요
3. <아이템 버닝> :
넥슨 ID당 1회 장비 상자 수령 가능 : 기존 캐릭터도 수령 가능
- 넥슨 ID당 1회기 때문에 하이퍼 버닝 두 캐릭터에 각각 줄 수 없음
- 이전보다 장비 능력치 상향/외형 변경 : 6/18까지 사용 가능
4. [새벽별 연회] : 메인 출석 이벤트 - 9주 진행
1) <일일 만찬 준비> : 접속 일일 출석
- 일일 출석 : 접속 후 바로 가능
- 주간 최대 5회 가능 / 최대 40회 / 1주일 여유 기간
- 출석 시 30분 3배 경쿠 3개와 전투력&콘텐츠 보약 SP 5개씩 획득
- 출석 횟수에 따라 아이템 보상과 코인 중 하나
선택하여
획득 가능
2) <새벽별빛 채집> : 보약 스킬
- 일일 출석에서 획득한 SP로 보약 찍기 가능
- 월드당 찍을 수 있음
3) <특별 만찬 준비> : 레범몬 주간 출석
- 주간 출석 : 레범몬 2000마리 퇴치 후 가능
- 주간 최대 3회 가능 / 하루에 몰아서 가능 / 1주일 여유 기간
- 출석 시 코인샵 코인 1000개 획득 : 최대 24000개
- 24회 출석 시 ""하이퍼 버닝 MAX 부스터"" 획득 : 개근 시 2/6
4) <브루미의 대청소> : 레범몬 경험치 스킬
- 레범몬 300마리 퇴치 시마다 경험치 획득과 함께 광역기 스킬 발동 : 필드 몬스터 대비 약 175마리분 경험치
- 캐릭터당 일일 최대 30회까지 발동 가능
- 200레벨 이상일 시, 일정한 확률로 일일 1회까지 당첨 가능한 특수 기믹 발동 : 대량의 경험치 지급으로 안내됨
5) <연회의 축복> : 잠수맵
- 이벤트 맵에 위치할 시 5초마다 경험치 획득 : 효율은 이벤트의 일반 잠수맵 정도
- PC방에서 위치 시 2배로 획득
6) <기념 주화 교환소> :
레범몬 출석 코인샵 : 메이플 ID 공유
- 딸기농장 입장권 있음
- 아이템 일괄 2/20 2시까지 사용 가능
7) <기념 뱃지 교환소> : 보스 코인샵 : 메이플 ID 공유
- 연습 모드로도 가능하지만 솔격만 인정
- 구매는 메이플 ID 기준 공유하지만, 획득한 뱃지는 획득한 월드에서만 사용 가능
- 블큐/화에큐 주간 4개씩 구매 가능
- 아이템 일괄 2/20 2시까지 사용 가능
8) <메소샵> : 메소로 구매 가능 / 월드당
9) <공중정원의 시종 이야기> : 오너먼트 의자/출석 추가 의상 보상
- 이벤트 완료 시 오너먼트 의자 획득
- 레범몬 출석 24회 완료 후, 이 이벤트를 통해 추가적인 의상 보상 획득 가능
5. [VIP 사우나] : 잠수맵 : 연장 오픈
- 1시간=3000메포로 1주 최대 24회까지 입장 시간 구매 가능
- 30분 충전 티켓 일일 출석으로 개근 시 총 8장 획득 가능
6. [윈터 튜토리얼 미션] : 간단한 콘텐츠 소개 이벤트
- 간단한 미션에 간단한 보상
- 보상 옷 커여움
7. [메이플스토리 M 연계 이벤트]
- 일일 레범몬 1천 마리 퇴치 후 출석 가능
- 총 7일이며 1회 완료 시마다 ""메M"" 에서 보상 획득 가능
- 7일 완료 시 ""PC메이플""에서 의자 보상 획득
8. 넥슨 30주년 마무리 이벤트 : 파란소녀
1) [파란소녀와 함께하는 크리스마스] : 응모용 이벤트
- 레범몬 1천 마리 퇴치 후 30주년 깜짝 선물 응모 가능
- 아이템 보상은 경쿠 3배 15분
2) [파란소녀의 특별한 선물] : 26일 한정 이벤트
- 메이플ID당 1회 4배 경쿠 2개 수령 가능
12. 주요 보상 관련 : 궁금하신 보상 더 있으시면 덧글로 달아주시면 찾아서 추가합니다
1) 경험치 3배 쿠폰 :
- 일일 출석 보상 : 30분 쿠폰 1일 3개 / 1주 최대 5번 수령 가능 = 최대 120개
- 보스 코인샵 : 15분 쿠폰 1일 2개
- 파란 소녀 이벤트 응모 : 15분 1개
2) EXP 교환권 : 없음
3) 상급 EXP 교환권 : 일일 출석 총 4000개
4) 극성비 :
- 일일 출석 2개
- 코인샵 2개
5) 황금 딸기 농장 입장권 :
- 주화샵 1주 5개
- PC방 코인샵(아직 개수 불명)
5) 카르마 블랙 큐브
- 일일 출석 20개
- 뱃지(보스) 코인샵 1주 4개x9주 = 36개
6) 카르마 화이트 에디셔널 큐브
- 일일 출석 20개
- 뱃지(보스) 코인샵 1주 4개x9주 = 36개
- 챌린저스 월드 2만 점 티어 보상 30개
7) 솔 에르다 조각
- 챌린저스 월드 5천 점 티어 보상 100개
- 챌린저스 월드 1만 점 티어 보상 200개
- PC방 평일 90분 누적 10개
- PC방 주말 90분 누적 15개
- PC방 60시간 누적 400개
8) 솔 에르다
- 일일 출석 총 4개(5/15/25/35)
- 챌린저스 월드 5천 점 티어 보상 3개
- 챌린저스 월드 1만 점 티어 보상 5개
- PC방 코인샵(아직 개수 불명)
- 상급 보스 코인샵 10개
13. 그래서 뭐 해야 되는 거임?
겨울 이벤트를 크게 보면 세 부분으로 나눌 수 있습니다
[메인 이벤트 1] : 각자 목표를 설정 후 참여해야 하는 이벤트
1. <하이퍼 버닝 MAX> : 기본 1회+부스터 1회(출석 개근 시 2/8) = 총 2회
2. <챌린저스 월드> : 일일 출석+보스 미션+레벨업 미션
3. <아이템 버닝> : 넥슨 ID당 1회만 참여 가능하므로 주의
[메인 이벤트 2] : 중요도 높은 메인 보상들을 획득할 수 있는 출석들
1.
접속해서 일일 출석 버튼 누르기
: 1주에 최대 5회 -> 획득한 SP로
보약 스킬 찍기
2.
주간 보스 퇴치 후 보스 코인(뱃지) 수령
: 1주 1회 : 블큐/화에큐 각각 4개씩 매주 구매해야 함
3.
레범몬 퇴치 미션 출석 : 병행 가능 : 1일 1200마리씩만 5일 해도 됨
- <챌린저스 월드> 일일 미션 :
일일 1회 1천 마리 / 1주 최대 5회 -> 챌린저스 포인트/코인
- <특별 만찬 준비> : 1회 2천 마리 / 주간 최대 3회까지(원하면 몰아서 가능) -> 코인샵 코인/최종 보상 하버 부스터 획득
- 이에 더해 상대적으로 중요도 낮은 메M 출석(의자) / 파란소녀(경품 응모) 이벤트도 병행 가능
* 챌린저스 월드의 미션은 챌린저스 월드에서만 가능한 점만 유의 필요
[각자 보상 필요에 따라 참여하면 되는 이벤트들]
- PC방 누적 시간 이벤트 : 조각/사우나 이용권 등
- 잠수맵 : 이벤트 맵 잠수(저효율) / 사우나 잠수(고효율)
- 오너먼트 의자 : 이벤트 참여 시 획득 / 이벤트 업적
- 레범몬 경험치 스킬 : 캐릭터당 최대 30회 발동 가능
-----------------
4추만 보내주시면 감사드리겠습니다"
https://www.inven.co.kr/board/maple/2304/42111,기타,12/19 적용 갓패치들+바뀌는 것들 전체 미리보기,,2024-12-14 16:23,84325,77,"[수정/추가 사항]
1. 팁게에서도 확인하실 수 있도록 본문으로 갱신하였습니다
2. 중간에 수정 못한 링크 부분 수정
3. 에픽 던전 월드당 제한 삭제 반영
-----------------
안녕하세요
이 글은 이번 테섭에서 적용된 신규&변경 사항의 릴리즈에서 중요하다고 생각 되는 부분들에 인게임 사항을 덧붙인 것입니다. 보시기 편하게 일부 임의적으로 표현들 수정한 부분 있습니다
12/19 업데이트 총정리는 링크의 글 참고 부탁 드립니다
https://www.inven.co.kr/board/maple/2304/42178
잘못 적은 부분 있으면 말씀 부탁 드립니다
★주요 변경 사항&편의성 개선 사항★
■ 제네시스 무기 해방 미션 수행 조건 중 창세의 알을 처치하는 조건이 검은 마법사와 군단의 잔상을 처치하여 어둠의 흔적을 추출하는 조건으로 변경됩니다.
관련 자세한 글 :
https://www.inven.co.kr/board/maple/5974/4442342
■ 메이플 옥션이 3개의 그룹으로 통합되어 각 그룹에 속한 다른 월드간 장비/캐시 아이템 거래가 가능하도록 변경됩니다.
- 1 그룹 : 스카니아, 베라, 루나, 제니스, 크로아, 유니온, 엘리시움, 이노시스, 레드, 오로라, 아케인, 노바
- 2 그룹 : 에오스, 핼리오스 : 리부트 월드의 새로운 이름
- 3 그룹 : 챌린저스, 챌린저스2, 챌린저스3, 챌린저스4
※ 단, 다른 월드의 캐시 아이템에는 일괄구매 기능이 제한됩니다.
※ 아이템 재등록, 물품 반환, 대금 수령은 아이템 판매 등록을 진행한 월드에서만 가능합니다.
■ 현재 메이플 옥션에 접속한 캐릭터 이름 왼쪽에 자신의 월드가 표시됩니다.
■ 메이플 옥션 UI에 보유한 메이플포인트가 표시됩니다.
■ 아이템 검색 시 현재 접속한 월드의 아이템만 검색할 수 있는 기능이 추가됩니다.
■ 다른 월드의 아이템은 아이콘 좌측 상단에 전용 라벨이 추가되어 노출됩니다.
■ 다른 월드의 아이템 구매 시 아이템 가격의 10% 가치에 해당하는 메이플포인트를 추가 수수료로 소모하며, 최소 수수료는 10 메이플포인트부터 책정됩니다.
■
메이플포인트 수수료의 변환 비율은 매일 오전 10시에 갱신되며 변환 비율이 갱신되는 오전 9시 55분부터 오전 10시 5분까지는 다른 월드의 아이템을 구매할 수 없습니다.
■ 2024년 12월 19일(목) 패치 이전 메이플 옥션에서 판매 중, 판매 완료, 구매 완료, 거래 실패로 인해 수령해야하는 아이템 또는 메소가 존재할 경우, 메이플 옥션 UI의 완료 탭의 ‘기존 옥션 아이템 수령’ 버튼에서 2026년 1월 18일(일) 오후 11시 59분까지 수령할 수 있습니다.
※ 2026년 1월 19일(월) 오전 0시부터는 ‘기존 옥션 아이템 수령’ 버튼이 사라지며 보관 기간이 경과한 아이템은 자동으로 삭제됩니다.
※ 2017년 11월 24일(금) 이전에 메이플 옥션에서 거래하여 수령 기간 제한이 없었던 아이템도 ‘기존 옥션 아이템 수령’ 버튼을 통해 아이템을 수령할 수 있으며, 2026년 1월 19일(월) 오전 0시부터는 수령하실 수 없습니다.
■ 메소마켓이 2개의 그룹으로 통합되어 각 그룹별로 거래가 체결되도록 변경됩니다.
- 1 그룹 : 스카니아, 베라, 루나, 제니스, 크로아, 유니온, 엘리시움, 이노시스, 레드, 오로라, 아케인, 노바, 챌린저스, 챌린저스 2, 챌린저스 3, 챌린저스 4
- 2 그룹 : 에오스, 핼리오스
※ 각 그룹에서 거래가 진행 중인 상태일때, 거래를 신청한 월드가 아닌 다른 월드에서는 거래 신청, 거래 취소, 메소&메이플포인트 수령을 할 수 없습니다.
※ 메이플ID당 1일 100회까지만 거래를 신청할 수 있습니다.
■  메소 구매 및 판매 시 거래 신청 수량을 최대 1000억까지 설정 할 수 있게 변경됩니다.
■  평균 거래가가 최근 체결된 1000억의 평균 가격이 표시되도록 변경됩니다.
■  즉시 거래가가 1/10/100억 기준으로 체결에 필요한 가격이 표시되도록 변경됩니다.
■  즉시 거래가 조회 기능이 추가되어 설정한 수량을 체결하는데 필요한 가격을 확인할 수 있습니다.
■  거래 신청 후 진행 중인 거래 상태와 완료된 내역을 확인할 수 있게 변경됩니다.
■  거래가 진행 중인 상태에서 완료된 일부 거래에 대한 금액을 수령할 수 있도록 변경됩니다.
■  거래가 진행 중인 상태에서 완료되지 않은 수량에 대해 신청 가격만 변경하여 거래를 재등록할 수 있는 정정 신청 기능이 추가됩니다.
■ 전문기술 관련 퀘스트의 시작 가능 레벨과 채집 농장의 입장 가능 레벨이 100 레벨로 변경됩니다.
■ 아케인 리버 스토리 퀘스트 연출 개선 : 소멸의 여로~리멘
- ‘아케인리버의 서(차원의 도서관)’ 이용이 2024년 12월 19일(목) 패치 이후 일시적으로 중단됩니다. 아케인리버의 서는 추후 업데이트를 통해 재오픈됩니다.
■ 심볼 일일 퀘스트가 간소화됩니다.
- 그란디스 일일 퀘스트 완료 조건이 상위 지역 해금에 따라
해당 지역 몬스터 500마리, 300마리, 100마리 처치로 점차 감소됩니다.
※ 패치 이전 목요일 오전 0시부터 점검 이전까지 그란디스 일일 퀘스트를 진행하고 있었을 경우 진행 기록이 초기화됩니다.
※ 패치 이전 목요일 오전 0시부터 점검 이전까지 그란디스 일일 퀘스트를 이미 완료했을 경우 완료한 기록은 유지됩니다.
- 아케인리버 일일 퀘스트 완료 조건이 상위 지역 해금에 따라 해당 지역 몬스터 500마리, 300마리, 100마리 처치로 전반적으로 감소됩니다.
■ 심볼 퀵패스 비용이 할인됩니다.
- 그란디스 일일 퀘스트 즉시 완료 비용이 상위 지역 해금에 따라 1000, 600, 200 메이플포인트로 점차 감소됩니다.
- 아케인리버 일일 퀘스트 즉시 완료 비용이 상위 지역 해금에 따라 1000, 600, 200 메이플포인트로 전반적으로 감소됩니다.
■ 아케인리버 스페셜 컨텐츠 1회 클리어 시 지급되는 아케인심볼 개수가 15개에서 40개로 증가합니다.
■ 몬스터파크 익스트림이 주간 컨텐츠로 변경되며, 월드당 2명의 캐릭터로 각각 1회씩 클리어할 수 있게 개선됩니다.
- 클리어 기록은 매주 목요일 오전 0시에 초기화됩니다.
- 클리어 시 지급하는 경험치량이 400% 증가합니다.
- 일요일&썬데이 메이플 혜택에서 제외
- 몬스터파크 익스트림 입장 UI에서 이번 주에 클리어한 캐릭터가 표시되도록 변경됩니다.
- [몬스터파크 익스트림] 싸우면서 정든다 업적이 추억 탭으로 이동되어 더 이상 수행할 수 없게 됩니다.
※ 12월 19일 목요일 오전 0시부터 점검 이전까지 몬스터파크 익스트림을 클리어한 캐릭터도 점검 이후 주간 컨텐츠로 변경된 몬스터파크 익스트림을 플레이 할 수 있습니다.
■ 몬스터파크 훈장 획득 난이도가 완화됩니다.
- 훈장 완료 조건이 요일별 몬스터파크 77회 클리어에서 요일별 몬스터파크 30회 클리어 혹은 요일별 몬스터파크 익스트림 3회 클리어로 변경됩니다.
- 변경된 훈장 퀘스트 완료 조건에 맞추어 칠요의 몬스터파커 훈장의 설명이 수정됩니다.
■ 에픽 던전을 넥슨ID 당 매주 2종을 클리어할 수 있게 개선됩니다.
- 매주 에픽 던전을 처음 입장한 메이플ID에서 입장 및 클리어할 수 있게 설정되며, 2종의 에픽 던전을 중복되지 않은 캐릭터로 각 1회씩 클리어할 수 있습니다.
■ 보유한 솔 에르다를 다른 아이템으로 변환할 수 있는 ‘솔 에르다 변환’ 시스템이 추가됩니다.
- HEXA 매트릭스 우측 상단에 위치한 ‘솔 에르다 변환’ 버튼을 통해 해당 시스템을 이용할 수 있습니다.
- 솔 에르다 1개당 희미한 솔 에르다의 기운 30개로 변환 가능 : 총 기운 300
- 솔 에르다 1개당 HEXA 부스터 1개로 변환 가능
■ 퀘스트 UI가 개선됩니다.
- 퀘스트 목록의 탭 구분이 퀘스트 상태에서 상위 카테고리 기준으로 변경됩니다.
- 레벨대가 맞지 않는 등 수행이 권장되지 않는 퀘스트는 상시로 흐릿하게 표시되도록 개선됩니다.
■ 퀘스트 알림이가 개선됩니다.
- 기존 5개에서 최대 20개까지 퀘스트 알림이에 등록 가능하도록 개선됩니다.
- 퀘스트 알림이에 등록된 퀘스트를 클릭할 경우 퀘스트 상태에 알맞은 길 안내를 제공하는 기능이 추가됩니다.
■ 좌측 퀘스트 알림이 전구의 기능이 퀘스트 UI에서 시작 가능한 스토리 퀘스트를 보여주는 것으로, 보다 다양한 퀘스트를 확인할 수 있도록 변경됩니다.
■ 게임 런처를 실행하여 로그인 시 최근 접속한 메이플ID로 자동 접속되도록 개선됩니다.
■ 게임 런처를 실행하여 로그인한 경우 서버 선택화면에 ‘다른 메이플ID 로그인’  버튼이 추가됩니다. 해당 버튼을 통해 넥슨ID에 연결된 메이플ID를 선택하여 접속할 수 있습니다.
■ 주화 교환소의 교환 제한 시간이 기존 9시 50분 ~ 10시 10분에서 9시 55분 ~ 10시 5분으로 변경됩니다.
■ 월드맵 UI&기능 개선
- 세부 정보 영역 추가 :
마을, 개인화 필드 여부 /
입장 최소 레벨 및 입장 퀘스트 조건 /
스타포스, 아케인포스, 어센틱포스 /
NPC, 몬스터 출현 정보
- 검색 필터 추가 : 몬스터 / NPC / 맵 중 선택하여 검색 가능
- 지도 조작 편의성 개선 : 위치한 지도 보기 / 상위 단계 지도 보기
■ 텔레포트 월드맵이 월드맵 UI의 기본 기능으로 변경됩니다.
- 별도의 아이템 사용 없이 5분마다 텔레포트 월드맵을 이용할 수 있도록 변경됩니다.
· 지도에서 이동할 맵을 더블클릭하거나 세부정보창 하단의 텔레포트 월드맵 버튼을 클릭하여 이동할 수 있습니다.
· 텔레포트 월드맵의 재사용 대기시간은 캐릭터당 적용되며 텔레포트 월드맵 버튼 위에 출력됩니다.
- 텔레포트 월드맵의 재사용 대기시간을 10초로 감소시키는 프리미엄 텔레포트 월드맵이 추가됩니다.
· 텔레포트 월드맵 우측의 버튼을 클릭하면 출력되는 전용 UI에서 메이플포인트를 사용하여 구매할 수 있고 가격은 아래와 같습니다.
· 프리미엄 텔레포트 월드맵은 구매 즉시 적용되며 구매한 기간만큼 사용할 수 있습니다. 아직 유효기간이 끝나지 않은 상태에서 구매 시 구매한 기간만큼 유효기간이 연장됩니다.
■ 미니맵 UI&기능 개선
- (필드에서 미니맵의) 마을 이동 버튼 마우스 오버 시 귀환 지점으로 지정된 가까운 마을 이름이 출력되며, 클릭 시 해당 마을로 이동합니다.
- 필터 기능이 추가됩니다. : NPC / 캐릭터 아이콘 선택 출력 가능
■ 이동 편의 개선 : 타운 포탈이 추가됩니다.
- 주요 마을에 타운 포탈 NPC가 추가됩니다.
- 타운 포탈 NPC 근처에서 NPC/채집 키를 누르거나 ↑ 방향키 입력 시 타운 포탈 UI가 오픈됩니다.
- UI 오픈 시 이동할 수 있는 대륙이 출력되며 이동할 대륙을 선택 후 해당 지역의 이동할 수 있는 마을을 선택하여 이동할 수 있습니다.
■ 유니온 공격대 배치모드 UI가 개선됩니다.
- 유니온 공격대 목록을 직업군에 따라 분류할 수 있는 필터 기능이 추가됩니다.
■ 유니온 공격대 자동 배치 기능이 추가됩니다.
- 유니온 공격대 자동 배치 기능은 유니온 공격대 배치모드 UI의 자동 배치 버튼을 클릭하여 이용할 수 있습니다.
- 배치할 공격대원과 배치 영역을 선택 완료한 후 자동 배치를 실행하면 해당 설정에 맞는 배치 결과를 탐색합니다.
- 선택한 설정에 맞는 배치 결과를 찾는 데 성공하면 해당 결과를 유니온 공격대 배치모드에 즉시 적용할 수 있습니다.
■ 길드 이름 변경 기능이 추가됩니다. : 59000 메이플포인트
- 길드본부 <영웅의 전당>의 NPC 헤라클을 통해 길드 이름을 변경할 수 있습니다.
- 길드 이름 변경이 완료되면 해당 길드는 일주일 간 길드 이름을 변경할 수 없습니다.
■ VIP 부스터 사용 시 등장하는 불꽃 몬스터가 MAPLE 데일리 기프트, 채집/채광 필요 조건, 유니온 아티팩트 주간미션, 길드 주간 헌팅 포인트, 업적의 레벨 범위 몬스터 처치 수에 포함되도록 개선됩니다.
■ 에픽던전 리워드 및 보너스 리워드 UI에서 현재 보유한 메이플포인트를 확인할 수 있게 변경되며, 보너스 리워드 선택 버튼에 마우스 오버 시 필요한 메이플포인트가 표시되도록 변경됩니다.
■ 메이플 옥션과 캐시샵 미리보기가 개선됩니다.
- 미리보기에서 스킬 공격 동작의 아이템 착용 이미지를 확인할 수 있게 됩니다. 장착한 일반 무기에 따라 동작이 표시되며, 장착한 무기가 없거나 점프, 사다리, 의자, 라이딩 사용 중에는 공격 동작을 재생할 수 없습니다.
■ 블랙리스트로 등록한 캐릭터 혹은 길드의 이름에 블랙리스트 아이콘이 출력되도록 개선됩니다.
■ 일부 시스템 확인창의 디자인이 변경됩니다.
■ 재사용 대기시간 종료 알림이의 출력 위치가 수정되고, 한 번에 최대 3개까지 출력되도록 변경됩니다.
■ 몬스터 컬렉션에서 몬스터 이미지 더블클릭 시 월드맵에 해당 몬스터가 위치한 지역이 출력되도록 개선됩니다.
■ 샤레니안 지하 수로 ‘제단에서 나오는 길’에서 퇴장 포탈 혹은 NPC 다이달을 통해 지하 수로 입구로 돌아간다를 선택할 경우, 퇴장 여부를 확인하도록 수정됩니다.
■ [단축키 설정] 커스텀 키세팅 기능이 추가됩니다.
- 기본 단축키의 배치와 퀵슬롯을 설정할 수 있습니다. 설정된 정보는 메이플ID 단위로 저장되며,캐릭터 생성 및 단축키 초기화 시 적용할 수 있습니다
※ 단, 튜토리얼 맵에서 단축키세팅이 불가능한 일부 직업의 경우 캐릭터 생성 시 커스텀 키세팅을 선택할 수 없습니다. 튜토리얼 종료 후 단축키세팅 UI의 초기화 메뉴에서 적용할 수 있습니다.
■ 프리셋 가져오기 기능이 추가됩니다.
- 선택된 단축키 프리셋에 다른 단축키 프리셋의 설정된 정보를 가져와 복사할 수 있습니다.
■ 아케인리버, 그란디스 지역 스토리 퀘스트 스킵 기준이 메이플ID 단위로 확장되고 스토리 스킵 기능이 개선됩니다.
- 기존의 스토리 요약본을 감상하는 스토리 스킵 기능은 요약 보기 기능으로 명칭이 변경되며, 스토리 요약본을 감상하지 않고
선행 퀘스트를 즉시 완료하는 스토리 스킵 기능이 새로 추가
됩니다 : 요약 또는 스킵 시 경험치 보상은 지급되지 않음
■ 일부 선행 퀘스트가 존재하는 보스 컨텐츠의 이용 가능 여부를 공유하는 기준이 월드 단위에서 메이플ID 단위로 확장됩니다.
■ 루타비스 스토리 스킵 기능이 추가됩니다. : 나인하트의 긴급호출 퀘스트에서 스킵 여부 선택 가능
■ 훈장/칭호 외형 설정 기능이 추가됩니다.
- 캐릭터 장비 UI의 훈장/칭호 버튼을 클릭하면 훈장/칭호 외형 설정 UI가 출력됩니다.
- 훈장/칭호 외형 설정 UI가 출력된 상태에서 인벤토리 혹은 장비 UI의 훈장/칭호 아이템을 장착하면 해당 외형으로 캐릭터에 적용됩니다.
■ 스킬 시퀀스 시스템이 추가됩니다.
- 스킬북의 시퀀스 버튼을 클릭해서 스킬 시퀀스 UI를 열 수 있습니다.
- 원하는 순서대로 스킬을 등록하여 스킬 시퀀스를 사용할 수 있고, 여러 스킬 조합을 저장해두고 상황에 맞게 사용할 수 있습니다.
​​
--------------
4추만 보내주시면 감사드리겠습니다​"
https://www.inven.co.kr/board/maple/2304/42080,퀘스트,제네시스 해방퀘스트 스펙별 소요시간 정리,스타트렉,2024-12-12 21:05,333897,53,"해방 단계별 필요한 포인트
보스 퇴치 시 획득하는 포인트
요약
해방 처음부터 시작 시 총
6600 포인트
필요
보스돌이별 얻는 포인트, 전체 해방에 걸리는 시간↓ (
검마 제외 주간보스만)
이루시 돌이
주당 35 / 4주당 140 (총 1320일)
이지윌 돌이
주당 50 / 4주당 200 (총 924일)
노듄더 노루윌 하스우
주당 150 / 4주당 600 (총 308일)
노듄더 노루윌 하스우+하데미
주당 190 / 4주당 760 (총 245일)
하스데솔플 루윌진듄더 2인
주당 285 / 4주당 1140 (총 168일)
검밑솔 (노말진힐라)
주당 425 / 4주당 1700 (총 112일)
검밑솔
주당 470 / 4주당 1880 (총 105일)
검밑솔 1:1먹자
주당 235 / 4주당 940 (총 203일)
*다인격의 경우 소수점 처리에 따라 미세하게 다를 수 있음
*질문 많아서 추가) 패치전에
이번달 검마
잡을 수 있으면 잡으세요. 솔플러도 어떤 상황이든 이득, +첫해방인 분들은 아카이럼까지 다 밀어두세요"
https://www.inven.co.kr/board/maple/2304/42055,퀘스트,챌린저스 서버 3만점 기준,,2024-12-12 21:42,151030,21,"일반인 기준이라 보고 하드보스는 제외함
출첵 풀접속 22주 11000점
레벨 270 찍으면 6000점
레벨 275 찍으면 11000점
레벨 280 찍으면 18000점
하스데 노루윌듄더 8700점
카파풀+노엔슬 1850점
보스는 솔격기준(연습모드 가능)
--------------------------------
1.풀접속 270렙 하스데  카더 노루윌듄 30050점
2. 풀접속 275렙 하스데 노루윌듄더까지 32550점 (하드 데미안은 안해도 될듯? )
3. 풀접속 280렙 카파풀 노엔슬까지 30850점
----------------------------------------------------------
하위난이도 코인생각을 안해서 코인량 수정했습니다
275기준 하드데미안 안해도 됩니다.(초월석 ㅂㅇ)"
https://www.inven.co.kr/board/maple/2304/42050,메이플M,"메M 250런을 위한 ""따라만하세요"".",가나다12367,2024-12-12 11:16,176033,38,"이 글의 핵심은 최대한 돈 안 쓰고 250런 날먹만 하는거임.
모두의 성장지원+(33000) 구매 외에는 아무런 현질을 하지 않는 것을 기준으로 작성하였음.
<주의> 이벤트 리스트 보고 If도루로 머리 굴린거여서 현실과 다를 수 있음.
댓글 질문
***렙에서 멈춘 캐릭터가 있는데 이 캐릭터로 계속 해도 되나요?
장점: 저렙구간의 고통이 줄어든다.
단점: 이미 펫이 다 죽었을 것... 도라지펫 90일치 죽은거 생각하면 4억 정도를 이미 손해보고 시작하는거라 생각하시면 됩니다.
장점 단점 잘 비교하시고 선택하시면 됩니다. 총 기간은 별로 차이 안나요.
<수정사항>
- 버닝 미션 이벤트의 서순은 상관 없는 것으로 밝혀졌습니다. 레벨이 되면 바로 티켓 사용해주시면 되겠습니다.
0. 게임을 깐다.
본메처럼 메M도 겜 용량이 많아서 오래 걸릴 수 있음.
1. 캐릭터를 생성한다.
이번 이벤트는 기존 100렙 이상 캐릭터 버닝+새로 만드는 캐릭터 버닝으로 총 2개이므로 230레벨까지 1+4로 올릴 수 있습니다. 그러므로 10시에 점검 풀리면 캐릭터 생성하셔도 되고, 원래 있던 캐릭터에 버닝하셔도 됩니다.
- 기존 100렙 이상 캐릭터에 버닝 붙는거는 버프가 좀 더 붙기는 하는데 230-250이 훨씬 길거라서 크게 상관X.
- 서버는 모르겠으면 스카니아로 하셈. 파티사냥이 많아서 인구수 많은 서버가 유리함.
- 하면 안되는 직업: 카데나
2. 쿠폰을 받는다.
메M 지난 쇼케이스 때 뿌린 MAPLEM2024IMAGINE에서 극성비, 솜크빈 세트, 20성 강화권 등을 뿌리기 때문에 받으셔야합니다. 참고로 창고교환이 안되기 때문에 무조건 버닝 캐릭터로 받아야함.
3. 캐릭터를 정한다.
어차피 메M의 사냥은 대부분 6인 파티사냥이기 때문에 캐릭터 사냥 성능이 큰 차이가 없음. 돈 최소로 박아서 원킬컷도 안날거면 걍 체력 많은 데벤 하시던가 아니면 원하시는거 하세요. 참고로 데벤을 추천하는 이유는 ""몹이 때리는 게 아픔"". 요즘 일반 몬스터한테 맞아도 맞은 티도 안나는 메이플과 다르게 메M은 많이 아픕니다. 링크/유니온으로 채울 수 있는데 250런이면 그런거 안할거잖아?
4. 버닝을 지정한다.
캐릭터 생성 시에 버닝 지정을 할 수 있습니다.
5. 200까지 레벨 올리기.
여기서 핵심은 1+4 이벤트를 하며 ""버닝 미션 이벤트"" 이걸 왠만하면 달성하는거임. 하버 소드/로브/크라운 주고, 컨텐츠 입장권 주고, 레드메소(교환불가 메소) 줌. 초반에 메소 들어갈 곳이 많으니 기반 없으면 챙기는게 좋고, 들어가는 방법은 그냥 왼쪽 위에 천사 마크 누르면 나오는 이벤트 탭에서 이것저것 뒤져보셈.
+250까지 버닝 이벤트가 출석체크 3일차에 나오기 때문에 3일차까지만 찍어도 되고, 결국 길게 보면 4월 8일까지 250레벨만 찍으면 되니 쉬엄쉬엄 하셈.
<목표는 12/14일까지 230레벨을 찍고 하이퍼버닝 부스터를 바로 적용하는거임.>
1) 퀘스트로 20레벨까지 올린다.
- 자동진행 빠르게 설정하고 몇분이면 될거임.
2) 20레벨 되자마자 모험의 수련장 들어가서 100레벨까지 조진다.
- 왼쪽 위에 뜨는 천사모양 아이콘 선택해서 ""모두의 성장지원"" 다 받으셈. 템 끼고, 펫은 솜크빈 꼽고, 라이딩 끼고, 나머지 등등도 알아서 쓰셈.
3) 110레벨까지 스타포스 사냥터 조진다.
- 그냥 추천 사냥터 가셈. 금방 넘어감.
4) 110레벨에 이볼빙 시스템 조진다.
- 기본 3개+코인샵에서 티켓 10개 더 팔건데 이벤트로 코인 모아서 다 사서 쓰셈. 미니게임 하면 코인 줄거임. 추가로 140레벨 달성하고 이볼빙 3회 클리어하면 입장권 3개랑 메소 마일리지 카드 주는데 걍 케릭터 귀속 교환불가 하이퍼스텟 올리기용 메소라고 생각하셈.
5) (삭제)120레벨에 몬스터 카니발 조진다.
- 4인 파티 필수 컨텐츠, 매칭 안되면 걍 딴거하셈. 아마 이볼빙만 해도 140레벨 될듯?
- 이볼빙만 해도 충분합니다.
6) 140레벨에 디멘션 인베이드 조진다.
- 140레벨만 4명 매칭되면 실패하니 고렙 하나 붙잡아서 타셈. 고렙이라도 필수 컨텐츠라 혼자 캐리해줄거임.
- 시간 남으면 ""블랙헤븐"" 컨텐츠 추천하기는 하는데 역겨우면 하지마셈. 한번 클리어한적 있으면 딸깍 완료 되기때문에 옛날에 한 적 있는 사람은 경험치 받으셈.
- (선택) 140레벨 루디브리엄 퀘스트부터 조진다. 퀘스트로 얻는 경험치가 꽤 쏠쏠하고, 돈을 많이 줘서 좋기는 한데 디멘션 급의 속도는 안 나옴. 158렙 시간의 신전 퀘부터 밀어도 되고 뒤에 무릉 퀘부터 밀어도 됨.
7) 150레벨부터 몬스터파크 조진다.
- 경험치 30% 추가 버프+횟수 3회 추가+티켓 구매 5개 필수임.
8) 160레벨부터 ""히어로즈 오브 메이플"" 컨텐츠도 추천하기는 하는데 마찬가지로 역겨우면 하지 말고 클리어한적 있으면 딸깍 완료하셈.
9) 180레벨부터 공간의 경계 조진다.
- 여기부터는 180레벨에 받는 모두의 성장지원+ 모자/무기 낀 다음에 경매장에서 160제 레어/에픽 장갑/신발을 ""세트로"" 끼면 됨. 세트효과에 받는 피해 감소가 붙어있어서 끼면 생존력이 좋음.
10) 컨텐츠/사냥 하면서 200레벨 달성!
예상 질문.
1) 스킬 어떻게 찍어요? 어떻게 세팅해요?
140렙까지 스킬은 다 마스터할 수 있고 하이퍼스킬은 250런 만 할거니깐 대충 사냥기 위주로, 하이퍼스탯은 경험치로 찍으면 되는데 나중에 레드메소 많이 줄거니깐 그때 찍으면 됨.
2) 아이템 강화 어떻게 해요? 스타포스 해야하는거 아님?
이벤트 아이템 말고는 걍 하지마셈. 이벤트 아이템도 네트 벨트/반지, 엘레넬 날개 외에는 딱히 필요없음.
3) 다른 컨텐츠 안 챙겨도 됨?
요일던전: 오늘 안으로만 하면 됨. 경험치는 거의 안줌.
탕윤: 버프음식이랑 옷(안 씀) 줌, 귀찮음.
무릉도장: 자동사냥권 줌, 필요하기는 한데 층수에 따라 주기 때문에 오늘 끝나기 전까지만 한번 돌리셈.
데비존: 모자랑 콧수염 줘서 세트효과로 경험치 15% 들어가는데, 180제 모두의 성장지원+ 모자로 나중에 쓰게 될거라서 못 먹음. 버닝에서는 모자 15강까지 강화하는 메소가 아까움.
네트의 피라미드: 스타포스 올리는 반지/벨트 줌. 스타포스 사냥터 돌거면 하면 좋은데 하루만에 벨트가 나온다는 보장도 없기는 함. 그래도 있으면 벨트에서 별 15개 날먹할 수 있어서 좋긴 함. 200넘어가고 낄 벨트/반지 없으면 강화 없이 벨트/반지만 착용하고 경험치 15%만 챙기셈.
4) 모성지+ 외에는 현질 안 해도 됨?
모두의 성장지원+ 구매 외에는 메소 사는게 번거롭고 캐시로는 독사과/원기베리/로얄 등 스펙에 직접적으로 관련되는 게 없어서 250런을 기준으로 봤을 때는 딱히임.
참고로 이거는 보스 다 유기하고 250런만 하는 기준이기 때문에 보스용 템 맞추려면 당연히 현질해야함.
뭐 돈 지르면 경증 템 구해서 하면 더 빠르기는 한데 일일 컨텐츠/미션으로도 잘 될 것 같아서 글쎄올시다...
5) 링크? 유니온? 안해도 됨?
하면 좋은데 귀찮으면 하지 마셈. 보스도 안할건데... 경험치 관련 링크는 메세, 아란, 모법 셋이라고 보면 됨. 더 많은 링크 관련 정보는 찾아보셈. 최종뎀, 크확 등등 많기는 한데 250런에 굳이?
6) 1**레벨이 됬는데 뭘 해야하나요?
직접 해본게 아니라서 경험치가 특정 구간에서 부족하거나 남을 수 있음. 그런데 어차피 250까지 1+1 부스터는 3일째에 나오니깐 쉬엄쉬엄 하고, 시간 남는데 할거 없으면 앞서 말했던 블렉헤븐, 히오메 하셈. 그럼 아마 180까지는 프리패스일거임. 180레벨부터는 프성지+ 산거로 공경만 돌려도 200레벨 금방 올라감. 며칠 차이 난다고 안 망함.
6. 200레벨 ~ 250레벨
1) 200레벨 되자마자.
바로 200레벨 스토리 민 다음에 아케인 던전 2번 돌린 뒤에 쿠폰으로 받은 극성비 3개 먹고 바로 220레벨 날먹 드가면 됨. 버닝 미션 이벤트에서 210레벨 달성 기념 극성비도 받아서 먹고 퀘스트 쭉 다 밀어서 심볼 활성화 한 다음 심볼 아케인 던전 돌면 됨. 아케인 던전은 티켓 하나당 심볼 15개에 경험치 절반 정도(뭘 선택하던 경험치는 똑같음)를 주고, 츄츄가 제일 무지성으로 할 수 있음.
여기서부터는 매일매일 일퀘 반복임. 요일던전+무릉도장+공경 들락날락+미던+원정대 하면 하루 일퀘 끝나고 남는 자동사냥 시간은 매일 저녁 6~12시 파경 증가 시간에 사냥 돌리면 됨. 210레벨부터 에르다의 숲 있기는 한데 코강 안했으면 굳이임. 모두의 성장지원+ 사고 남는 돈으로 코강 했으면 해도 됨.(교가 메소 몇 억 듬.)
이렇게 매일매일 일퀘하면서 250레벨까지 꾸준히 달리면 됨. 230레벨부터 시작하고, 1+1 이벤트니깐 10렙만 올리면 되서 웬만하면 4월 8일 안으로 250레벨 달성할 수 있을거임.
1) 템은 어떻게?
모성지+ 모자/무기/상의/하의에다가 장갑/신발은 우선 레어/에픽 펜살리르 세트로 데미지 감소 세트효과 받아먹고 반지는 커닝타워 반지, 출석체크 반지 끼면 됨. 벨트는 우선 네트 반지/벨트 세트로 15% 경증 받아먹으셈. 그러다가 돈 좀 모았으면 코강 끝나고 신발/장갑 유니크 무스펠 or 유니크 펜살리르 장비로 바꾸면 됨. 그 이상은 250런에서는 딱히? 보스도 안 갈건데 필요 없음.
2) 메소는 어떻게?
레드메소는 일단 하이퍼 경증에 다 쏟아붓고, 하이퍼 파경에도 다 쏟아부어서 파경팟 들어가도 좋음. 그러고 남으면 버프아이템 지속시간, 최종뎀 등에 넣으면 됨.
노란메소는 찬찬히 모아서 코강 하셈. 참고로 메M은 코어 깠을때 쓸만한 스킬 안 뜨고 본메랑 효과도 다르니 잘 찾아보셈. 그리고 남는 메소는 장갑/신발 사고. 그 이상은 160제(158레벨도 포함) 어깨/망토/벨트 맞춰야하는데 160제로 맞추면 되고 잠재 된거로 잘 사면 벨트에는 경험치 증가 옵션이 붙어서 조금 빨라지기는 할거임.
3) 앱솔랩스 안가도 됨?
비쌈. 지금 현역 장비임. 아케인 슬슬 나오는 중.
4) 심볼이 부족해요!
나도 그게 지금 고민임. 모성지+에서 나오는 심볼이랑 이것저것 다 해도 메이플처럼 버닝에 심볼 5랩씩 막 챙겨주지 않다 보니 초반에는 좀 부족할 것 같다는 생각은 드는데 시뮬레이션은 귀찮아서 안했음.
Q. 대략 걸리는 시간은?
넉너어어어억하게 잡아서.
~230레벨 1주
~250레벨 1렙당 1.5주
안으로 하면 총 16주 걸려서 딱 될거고.
실제로 예상하는 거는
~230레벨 3일
~250레벨 1렙당 1.2주
안으로 해서 총 13주 안으로 될 거 같음. 극성비 더 받으면 더 짧아질거고.
메M도 그거 예상하고 250 버닝 기간을 4월 8일까지로 잡아놨으니 오늘부터 꾸준하게만 하면 달성할거 같고, 혹시나 달성 못햇다고 하더라도 일퀘만 하면 몇주면 올라갈 수 있을거임. 다들 250작 하고 유니온 먹자."
https://www.inven.co.kr/board/maple/2304/42015,기타,노말더스크 + 이지윌 주간보스돌이 캐릭터 후기 및 팁,,2024-12-10 14:44,58706,29,"이지루시드 , 가엔슬, 스우&데미안 돌이는 밑 게시글 참고해주시면 감사합니다.
1탄 : https://www.inven.co.kr/board/maple/2304/35415
2탄 : https://www.inven.co.kr/board/maple/2304/36212
3탄:  https://www.inven.co.kr/board/maple/2304/37886
4탄:
https://www.inven.co.kr/board/maple/2304/40187 --
인증글 및 넥슨 팁 선정
감사합니다 !
========================================================================
노말더스크
로 시작하여
이지윌
,
이지루시드, 가엔슬
순으로 하여 12개 보스 진행합니다.
캐릭터 별 결정 수익은 3.6억입니다.
하스데
까지 진행하는 카이저는 6.21억입니다.
<공통>
*유니온 9276 - 기본셋팅 = 보공, 방무, 크뎀, 주스텟, 공격력순으로 점령 / 궁수직업군 = 보공, 방무, 크뎀, 크확, 주스텟순으로 점령
*아티팩트 - Lv 10 (공마+30, 데미지 15%, 보공 15%, 방무 20%, 재사용 7.5%, 크뎀 4%)
(벞지 20%, 크확 20%, 드랍12%)
Lv 5  (올스탯 +75, 공격 타겟수 +1)
*길드스킬 - 45P
*도핑 - 길축, 몬스터파크 물약, 반빨별 or 반파별, 275 만렙의자, 유니온의 힘, 영웅의 메아리
보스돌이 중요점!
1. 절대
데카아웃
을 하거나
패턴파훼 실패
등이 있으면 안됩니다.
보스돌이는 스피드가 생명이고 노블을 초기화 해서 사용하지않기에 특히나 데카아웃은 시간이 많이 밀립니다.
2. 본인이 보스돌이에
흥미
가 있어야 합니다.
보스돌이는 본캐 재획, 즉 경험치를 포기하고 하는 것이기 때문에 본인이 보스돌이, 또 주보로 버는 메소에 흥미     가 있어야 합니다.
노말더스크 팁
1.
블링크
를 필수적으로 채용하셔야 합니다.
: 더스크 레이저 패턴과 공포패턴이 겹칠때 각종 상태이상과 레이저의 콤보는 꽤나 악랄합니다.
그럴때 블링크를 통해 부유하고 있으면 공중에서 상태이상을 피할 수 있고 파란운석 (스턴)을 맞더라도 공중에      서 버틸 수 있습니다.
2. 딜, 생존은 오른쪽보다 왼쪽에서 하는걸 추천드립니다.
: 오른쪽이 왼쪽보다 공간이 넓지만 운석이 더 많이 떨어지기 때문에 스턴, 빗나감등의 운석이 까다롭습니다.
운이 좋으면 오른쪽에서 스턴 운석을 맞아도 살 가능성이 조금이나마 높기때문에 이부분은 개인플레이 스타일      이라고 하겠습니다.
3.
에르다 의지 채용 및 의지 생활화
: 더스크에서는 의지 하나가 데스카운트 하나라고봐도 될 정도입니다.
더스크 레이저에 단독으로 맞는경우는 별로없으니 의지로 상태이상을 푸는 것에 신경써보면 좋을듯합니다.
4. 더스크 강제 개안
: 더스크의 눈이 시간과 상관없이 열리는 체력 구간이
70% , 40% 이하
이기 때문에 체력바를 보면서 극딜을        조정하는것도 클리어타임 단축에 도움이됩니다.
이지 윌 팁
1. 솔플 시에는 윌이
무조건 캐릭터 방향으로만 공격
합니다.
: 윌의 뒤 포지션을 잡는것을 기본으로 윌의 공격 모션을 잘보고 회피 하도록 합니다.
2. 꽤나 빌드에따라 클리어시간이 많이 차이나는 보스입니다.
: 본인의 캐릭터 스펙에 따라 극딜 나눠쓰기 , 준극딜 아끼기 등 빌드가 꽤 필요합니다.
3. 2페이즈 패턴 파훼 쉽게 하기
: 패턴 시작 후 벽의 왼쪽 끝 ( 검정색 위치 ) 에 위치하고 바닥을 주시합니다.
바닥에
균열이 생길 시
에는 맵 패턴에 나오는
거미다리를 맞아야 합니다
.
첫번째 다리는 무조건 빨간색 위치에 나오게됩니다.
바닥에 균열이 생기면 빠르게 첫번째 기둥위치 ( 빨간색 위치)에 위치하여 첫번째 다리를 맞고 그 다음 다리부터
오른쪽으로 한두걸음만 옮기면 쉽게 가능합니다.
총 3번의 다리가 1사이클이며 총 5사이클을 넘겨야 패턴 파훼입니다.
4. 3페이즈 패턴
: 흰눈 , 노란눈 패턴은 굳이 눈을 보지 않아도 윌의 다리를 보면 쉽게 알 수있습니다.
흰눈은
찍는 다리를 수직
으로 , 노란눈은
찍는 다리를 수평
으로 들어올리기 때문에 윌의 모션으로 알아챌   수 있습니다. 흰눈 패턴일 땐 더블점프 등 움직여서 피하면되고 , 노란눈 패턴일 땐 급격한 움직임을 삼가하면 됩   니다. 또한 흰눈과 노란눈은
번갈아가며 사용
하기에 예로 흰눈다리 패턴 이후에는 노란눈이 온다는걸 생각하   면 좋을 듯 합니다.
: 흰눈 패턴 때 타이밍을 잡기 어려운 텔포직업이거나 , 거미줄로 인해 움직임이 제한되는 상황일 경우 제자리에      서 점프 후 아래로 숙이게 되면 거미 다리가 점프 할 때 기준으로 생기기 때문에 피할 수 있습니다.
: 입장 극딜을 할때 윌의 눈치를 보다가 초록색의 독이 캐릭터 주변에 묻으면 극딜하는것을 추천 드립니다.
최종데미지 30%의 버프이기 때문에 이를 사용하여 극딜하기를 추천합니다.
========================================================================
1. 카인
<클리어 타임>
노말 더스크 : 10분
이지 윌 : 8분
이지 루시드 : 4분
가디언 엔젤 슬라임 : 3분 1그로기
(수로 점수) : 1717점
<개인적 견해>
더스크 10점
이지윌 10점
: 준극, 극딜, 오리진극딜이 강력하고 평딜 또한 약하지 않아서 주간보스캐릭으로 좋다고 생각합니다.
더스크 눈 닫힌시간동안 미리 스택을 쌓아두거나 쉐도우 스탭으로 운석을 지우는 것 또한 쏠쏠합니다.
윌 1페이즈에서는 극딜을 방마다 나눠 쓸 수 있고 쉐도우 스탭으로 윌의 뒤를 잡기 매우 편리합니다.
2. 메르세데스
<클리어 타임>
노말 더스크 : 10분
이지 윌 : 8분
이지 루시드 : 4분
가디언 엔젤 슬라임 : 3분 1그로기
(수로 점수) : 1589점
<개인적 견해>
더스크 9점
이지윌 10점
: 더스크에서는 극딜이 강력하지만 남은 극딜버프시간을 다 쓰기에는 극딜 시간이 깁니다.
또한 오리진이 소환형식이라 100% 사용하기에는 아쉽습니다.
다만 더스크 눈이 연속으로 열릴시에는 남은 극딜버프 등으로 넣는 딜이 우수합니다.
3. 히어로
<클리어 타임>
노말 더스크 : 12분
이지 윌 : 9분
이지 루시드 : 5분
가디언 엔젤 슬라임 : 4분 1그로기 + @
(수로 점수) : 1212점
<개인적 견해>
더스크 8점
이지윌 9점
: 더스크는 그냥 무난무난합니다. 개인적으로 더스크 눈 오픈시에 더스크 바닥에 소드 오브 버닝 설치 추천합니다.
윌에서는 돌진기 2개로 윌 뒤잡기가 편리하며 2분극딜이라 1,2페이즈에서 편리합니다.
4. 데몬 어벤져 (29프렌지)
<클리어 타임>
노말 더스크 : 15분
이지 윌 : 9분
이지 루시드 : 7분
가디언 엔젤 슬라임 : 5분 1그로기 + @
(수로 점수) : 1178점
<개인적 견해>
더스크 7점
이지윌 9점
: 더스크에서는 약한 직업이라고 생각됩니다. 실드체이싱을 기반으로 평딜위주의 캐릭이라 클리어 타임이 많이 밀   린다고 봅니다. 또한 더스크에 프렌지를 비비거나 실드체이싱을 던져놓는 것을 추천하는데, 공격으로 피흡을 하지   않으면 타 직업에 비해서 패턴 하나하나가 위험하기 때문입니다.
윌에서는 더스크와 대비되어 페이즈별로 빠르게 넘어갈 수 있습니다. 다만 2페이즈에서는 숙련되기 전까지 난이   도가 꽤 있다고 생각합니다. 3페이즈에선 보라구체가 타 직업에 비해 아프기 때문에 움직이며 딜 하는 것을 추천   드립니다.
5. 캐논슈터
<클리어 타임>
노말 더스크 : 14분
이지 윌 : 9분
이지 루시드 : 7분
가디언 엔젤 슬라임 : 4분 1그로기 + @
(수로 점수) : 1304점
<개인적 견해>
더스크 9점
이지윌 8점
: 더스크에서 90초 극딜로 운영하면 편리합니다. 극딜 이후 다음 눈 오픈 시 코코볼 1개와 ICBM만 사용하면 다음   극딜때 자동으로 코코볼 3개가 돌아옵니다. 돌진기가 없기 때문에 레이저 패턴 때 실수로 운석을 맞으면 치명적이   니 유의하시길 바랍니다.
윌에서는 극딜 쿨이 짧고 코코볼을 방마다 따로 넣을 수 있어 편리합니다. 3페이즈에서는 후딜이 꽤 긴편이기 때   문에 점프하면서 딜 하는 방식을 추천드립니다.
6. 아크
<클리어 타임>
노말 더스크 : 14분
이지 윌 : 10분
이지 루시드 : 7분
가디언 엔젤 슬라임 : 4분 1그로기 + @
(수로 점수) : 1165점
<개인적 견해>
더스크 10점
이지윌 7점
: 더스크에선 2분으로 극딜 주기가 짧은데 극딜 압축 또한 잘되어있어 더스크에 궁합이 좋습니다.
윌에선 극딜로 방 하나 , 페이즈 하나를 넘기기에는 좋으나 남아있는 곳을 평딜로 깎아내기에는 어렵습니다.
========================================================================
번외
하스데
+
노말 검밑솔
1. 카이저
<클리어타임>
하드 스우 : 7분
하드 데미안 : 11분
노말 진힐라 : 16분
노말 듄켈 : 4분
노말 더스크 : 5분
노말 윌 : 7분
노말 루시드 : 4분
(수로점수) : 3226점
<개인적 견해>
하드 스우 : 극딜이 소환형이고 변신시 특유의 기동성으로 딜링 방식이 편안합니다.
하드 데미안 : 그저 피통많은 초월석 관리인.....
노말 진힐라 : 딜타임이 많은 보스라 평딜러인 카이저 궁합 좋습니다. 무적기 사용하며 제단풀기 가능
노말 듄켈 : 변신시 특유의 기동성으로 듄켈의 패턴 파훼 편리, 진힐라와 마찬가지로 평딜러인 카이저에게 좋습니다
노말 더스크 : 가엔슬과 함께 아케인지역보스 중 카이저와 상성이 안맞는보스입니다. 카이저의 기동성을 사용할만                     한 보스도 아니고 약한 극딜 + 압축되지않은 극딜로 클리어타임이 늘어나는 보스입니다.
========================================================================
<많이 받은 질문>
1. 시드링 사용 왜 안하시나요?
: 제가 주간보스캐릭들 템셋팅을 할 당시에는 시드링이 지금보다 꽤나 비싸기도 하였고 컨티링 자체도 없었습니다.
지금 캐릭터에 시드링을 추가하지않는 이유는 현재 주간보스에 불편함이 딱히 없고 클리어 타임을 줄지만 노블      쿨타임을 돌릴 시간이 늘어나기도 하기에 추가하지않고 있습니다. 차후에 더 높은 보스 클리어를 위한다면 시드    링 장착이 1순위가 될 것 같습니다.
지금 주간보스캐릭터를 만드시는 분들은 시드링 장착 적극 추천드립니다 !!
2. 흙케인이 좋나요? 앱솔이 좋나요?
: 흙케인보다 앱솔이 강하다고 느껴져서
스타포스 10성 6퍼/공10 흙케인보다 스타포스 17성 12퍼/공10 앱솔을 주로 사용했습니다.
무엇보다 토드와 이벤트 17성권을 사용할수있다는게 메리트라고 생각합니다.
다만 게시글보다 높은 보스를 목표로 하신다면 이벤트 유잠과 큐브, 스타포스 이벤트 등을 이용하여
아케인을 가볍게 만들거나 저렴한 아케인을 들고오는것도 좋은 선택이 될 수 있습니다.
3. 1주일에 주간보스로 메소 얼마나 획득하시나요?
: 본캐 포함 약 59억메소 정도 , 본캐 미포함시 약 44.2억 정도 획득합니다.
4. 노블은 어떻게 사용하고 쿨타임은 어떻게 돌리시나요?
: 길드내에서 감사하게도 부캐 및 보스돌이용 길드를 만들어주셔서 수로 참여 후 사용하고 있습니다.
쿨타임은 일퀘 등으로 자연스럽게 돌아가는 캐릭도 있고 다른 게임 할 때나 컴퓨터 작업할 때 켜놓습니다.
5. 귀찮지 않으세요? 메소는 어디에 사용하나요?
: 재획을 별로 좋아하지 않아서 보스돌이 수익으로 본캐 스펙업에 투자하고있습니다.
직작하지않고 꾸준히 메소 모아서 본캐 템 구매에 사용합니다.
========================================================================
★
캐릭터 하나하나 늘려 갈 때 마다 방학 코인샵, 하이퍼버닝을 적극 이용 했습니다.
평상시보다 많은 메소를 아끼면서 캐릭터를 키워갈 수 있기 때문에 이벤트를 활용하는 걸 추천 드립니다.
★
주보돌이용 캐릭에 대해서 완벽한 지식을 가지고 있지 않습니다. 저의 게시글은 순수하게 저의 주관적으로 노말더스크까지의 캐릭터 특성을 이야기 한 것입니다. 그로 인해 수로점수나 캐릭터 특징에 대해 이견이 있을 수 있습니다.
★ 추가로 캐릭터에 대해서나 등등 더 궁금하신 사항 있으시면 댓글로 남겨주세요.
혹시 이지루시드 등 다른 주간보스 게시글에 대해서 궁금하신 사항도 이 글에 댓글로 남겨주시면
시간 될때
답글 달아드리겠습니다.
★
<이 글은 제가 경험한 주간보스까지의 스펙,특징을
공유
하기위함입니다.>
========================================================================
★
재밌게 봐주셨다면
1추
부탁 드리겠습니다 !!!!
★"
https://www.inven.co.kr/board/maple/2304/41966,기타,NEXT 쇼케이스 전체 정리,,2024-12-07 20:09,78941,68,"[글 추가/수정 사항]
1. 팁게에서도 보실 수 있도록 본문으로 갱신하였습니다
-------------------------------------------------
안녕하세요
이 글은 <NEXT 쇼케이스> 내용을 정리한 것입니다
놓치거나 잘못 적힌 부분 있을 수 있으며 말씀해 주시면 확인 후 감사히 수정합니다
이후 수정 사항 있을 때마다 수정/추가하니 한 번 보셨더라도 이후 다시 한 번 더 확인해 주시면 더 좋습니다
[오늘 테섭 - 오후 8시] : 마스터리 코어 관련
[3월까지의 로드맵]
[이벤트 로드맵]
[NEXT 쇼케이스 선물 : 오후 8시~12/17(화) 23:59]
[목차]
1. 가수 하현우 공연
2. MC/디렉터 등장
3. 오늘 쇼케이스 어떻게 준비하셨나?
4. [12/19]신규 마스터리 코어 : 동시 2개 출시
5. [2/20]신규 보스 : 발드릭스
6. [3/20]제네시스 무기 성장 : 데스티니 무기
7. [12/19]
제네시스 해방 무기 기간 단축 : 8개월에서 최단 3개월
8. [1/16]유니온 챔피언 : 신규 시스템
9. [12/19]NEXT 개선 사항
10. [12/19~]이벤트 관련 소개 : <새벽별 연회(출석)> / 하이버 버닝 1+4 / 챌린저스 월드
11. 이벤트 로드맵 / 쇼케이스 선물
[쇼케이스 본문]
1. 가수 하현우 공연
2. MC / 디렉터 : 관객석으로부터 등장
MC : 춤 추면서 나오시는 걸 기대하셨을 것 같다
디렉터 : 그중 제가 한 건 아무것도 없는데 어쩌다 보니 그렇게 됐다.
물리적인 열기가 뜨겁다. 원래 오프닝은 무대에서였는데 제가 여기서 시작하자고 했다. 실제로 현장감을 느끼고 시작하는 게 좋을 것 같아 바꿔보았다. 사람이 꽉 차 있으니 느낌이 다르다
3. 오늘 쇼케이스 어떻게 준비하셨나?
제가 작년 롯데월드에서 만나뵙고 이번에 얼굴 뵙는 건 1년 만이다. 그때 제가 박수 한 번 주세요 잘못 말했다가 저를 재밌게 표현해 주셨는데 왜 그랬냐면, 용사님들을 앉아서 들으시지만 저는 혼자서 얘기를 한다. 반응이 없으면 뻘쭘해서 타이밍 안 좋게 그렇게 됐다. 재밌거나 기대하신, 혹은 기대 안 하신 내용이라도 호응 뜨겁게 부탁 드린디
지난 번 마일스톤 쇼케이스는 저희가 앞으로 어떻게 매달 패치 기조를 바꾸냐에 대한 의지를 보여드려야 했다. 변화는 상황에 맞춰 대응할지를 최대한 자세하게 설명해 드렸어야 했다. 6개월 동안 업뎃을 길고 자세하게 설명드렸던 게 의도였었다. 그것에 가장 적절한 형태가 온라인 쇼케였고 3시간 반 정도 했었던 것 같다
하지만 오늘 쇼케이스는 지난번처럼 모든 업데이트를 빠짐 없이 자세하게 설명드리기보다는, 오늘 쇼케이스 이름이 좀, 메이플의 다음이라는 것을 용사님들께서 명확하게 이해할 수 있으시게 하자는 게 핵심이다. 그리고 이것을 공개하는 자리도 다시 원래 메이플이 그랬던 것처럼 축제 같은 공간에서 서프라이즈하게 준비해보는 게 의도이다
그래서 아무래도 최대한 컴팩트하고 핵심적인 게임 내의 내용을 다루고 게임 외적인 부분은 다루지 않는다. 길이는 이전보다 짧겠지만 공개될 내용들은 결코 가볍지 않을 것
4. 마스터리 코어의 완성 : 동시 2개 출시
오늘 보여드릴 많은 것들이 있는데 뜸 들일 것 없이 가장 많은 분들이 기다리신 것을 보여드리고자 한다
올 겨울 두 마스터리 코어를 한 번에 추가하고자 한다. 마스터리 코어의 완성이다. 저희가 이제 6차 스킬을 처음 설계할 때 사용 빈도가 아무래도 가장 높은 기존 4차 이하 스킬들을 강화하는 것, 마코를 통해 성장하는 것을 6차 이후 가장 중요한 축으로 설정했었다. 하지만 마코라는 게 다뤄야하는 게 많아 한 번에 추가를 못 했었다. 그러다 보니 의도했던 경험을 온전히 드리지 못했고, 항상 중간 과정의 형태로 선보여 드렸던 게 제일 아쉬었었다. 메이플의 전투 경험에 있어서 다음을 얘기하고자 할 때 여기(마스터리 코어의 완성)부터 시작하고자 했다
두 마스터리 코어가 추가되면 기존에 갖고 계신 전투 경험들이 6차를 기점으로 확실하게 바뀔 것으로 본다. 의미 있는 개선과 보강이 될 것으로 생각한다
기본적으로 기존처럼 수치와 시각적인 부분을 개선하는 것에 더해서, 이번에 저희가 마지막으로 마코를 업데이트하는 기회 만큼, 스킬 강화 방법도 기존과 다른 방식으로 다양하게 시도해 보았다. 영상에 짧게 나온 것처럼 새로운 스킬을 추가한 경우도 있고, 시너지 강화의 시도도 있다. 기존에는 원래 이제 다른 기능으로 사용되던 스킬들의 역할을 확대 또는 변경하는 경우도 있다
또한 예상하시겠지만, 마코 하나가 제공하는 성장의 정도가 적지 않기 때문에, 2개를 추가하게 되면 훨씬 더 빠르게 강해지실 것으로 생각된다. 이는 이어 설명해 드릴 도전 컨텐츠를 도전하시는 데 도움이 될 것이다
이렇게 뒤늦게 마스터리 코어를 완성하게 되었는데 이제부터 시작이라고 생각한다. 앞으로 추가될 6차 스킬, 그리고 그것들로 인해 변화될 메이플의 전투를 재밌게 기대 부탁드린다
5. 신규 보스 : 발드릭스
사실 올해 참 여러 자리에서 용사님들한테 6차 전직 이후 강해지신 분들께서 도전할 만한 것들을 빠르게 드려야 한다는 생각을 했다. 나름 한다고 했는데 많이 부족하다. 더 빨리, 많이 추가해야 된다 생각한다. 그래서 이번 업데이트에서 도전거리들을 확장해 나가는 것을 다양하게 준비했다.
그중 첫 번째로 소개드릴 내용은 신규 보스 발드릭스다. 림보에 이은 최상위 보스다. 제른의 기사로서 충성을 맹세했으며 과거엔 이렇게 마력 덩어리가 아닌 인간의 모습이었으며 모종의 사건으로 이렇게 변했다. 이 발드릭스는 사도 중의 사도로서 고대신의 힘을 다루는 설정이 있다. 그런 만큼 최상위 보스로서 걸맞은 보스가 될 것이다
전투적인 측면에서 힌트를 드리자면, 스우 이후부터 전투 양상을 다양화하고자 했는데 이 도전을 이루어 나갈 것이다. 각 개인의 이해도, 커뮤니케이션이 큰 공략의 큰 요소가 될 것
신규 보상 : 250제 펜던트
근원의 속삭임에 이은 신규 펜던트이다. 신규 아이템이 출시되었으니 당연히 더 강해지실 수 있고, 광휘 세트 효과도 새로 추가 된다. 세팅의 다양성이 늘어난다고 보고 있다
6. 제네시스 무기 성장 : 데스티니 무기
스킬과 보스에 이은 도전 영역은 아이템에서 이루어질 예정이다. 아이템을 이야기하면 당연히 떠오르는 제네시스 무기에 대해 말씀 드리겠다. 2018년도에 투입이 되었었다. 기획에 참여했었는데 이게 벌써 6년의 시간이 흘렀다. 그때만 해도 한 명 해방을 하는 것 자체가 이슈가 될 만큼 어려운 미션이었는데, 지금은 대중화라고 하면 그런데-아마 여기 계신 분들은 대부분 하셨을 것 같은데-과거의 위상을 넘어선 것 같다. 그래서 이 다음이 필요하다고 생각했다
제른 다르모어에게 대항하기 위해 주인공으로서 스스로의 힘, 새로운 힘을 쌓아 나가는 그런 이야기가 될 것 같다. 우선 제네시스 무기는 설정상 검은 마법사의 힘을 물려받은 것인데, 데스티니 무기는 그거와는 결이 다른 힘이 필요한 설정을 갖고 있다
데스티니 무기는 그란디스에 이루어지는 만큼, 그란디스의 보스를 퇴치하여 성장할 예정이다. 여러 단계에 걸쳐 성장한다. 이번엔 그중 첫 번째 단계까지만 도전하실 수 있겠다.
- 외형 변경
기존 제네시스 무기의 성장치를 베이스로 해서 다음 단계로 성장하면서 즉시 의미 있는 성장을 제공해 드릴 것 같다. 기존에 강화해 두신 능력치는 보존된다
이후 공개될 2단계 성장에서는 재미있는 방법으로 성장을 드릴 것 같다
2단계 이후의 성장도 지금 기획을 해 둔 상태긴 한데, 보시다시피 2단계도 미션 보스 몬스터가 나오지 않은 만큼 여기서 말씀드리는 건 시기상조 같다. 다만 이것만 말씀드리면, 제네시스 무기가 처음 나왔을 때 느끼셨을 것처럼, 이 무기도 오래 기능할 것이고 성장에 맞춰 강해질 동기를 제공해드릴 것이다
7. 제네시스 해방 무기 기간 단축 : 8개월에서 최단 3개월
이에 더해서 성장 시스템을 손 보는 작업이 함께 진행될 예정이다. 기존의 경우 검마를 한 번 퇴치하고 진행했어야 해서 물리적으로 8개월이 소요가 되는 구조였는데, 이제부터는 노멀 스우부터 검마까지 퇴치해서 획득하는 어둠의 흔적을 통해 강화하게 된다. 이 획득량은 난이도와 클리어 인원에 따라 다르므로 높은 전투력일수록 기간이 단축된다
* 기존의 창세의 알 퇴치(이전 편린) 시스템이 게이지로써 대체된 것으로 보스 격파 미션은 동일하게 존재합니다 : 윗 스샷 참고
이러한 성장 구조는 데스티니 무기에도 적용될 예정이다. 이 시스템 변경은 데스티니 무기와 별개로 빠른 시일 내에 적용하고자 한다
8. 유니온 챔피언 : 새로운 시스템
이어서 소개 드릴 내용은 더 규모가 큰 도전이다. 챔피언이라는 단어는 최근까지 즐겨 주신 분들이라면 들어 보셨을 것인데, 내가 키운 캐릭터 중 가장 강한 캐릭터를 지칭하는 것이고, 이를 이어 간다고 보시면 된다. 이 시스템은 그것을 넘어서 유니온들의 조합적인 전투력을 성장시키는 것으로 성장축을 한 단계 더 확장할 것이다
조금 더 자세하게 설명 드리겠다. 이 콘텐츠는 그랜드 마스터(8천) 이후 시작 가능하며 260 이상 캐릭터로 참여 가능하다. 8천이 대중화 된 건 맞지만 이는 콘텐츠의 시작에 불과하고 완성 시켜 나가는 과정은 훨씬 어렵다. 굉장히 오랜 시간 최상위 도전 목표로써 기능할 것이다
최초에는 화면에 나오는 것처럼 2명의 캐릭터 등록을 시작으로 최대 6명까지 등록이 가능하다. 보스 솔플 전투 미션을 통해 챔피언 등급(총 6단계)을 부여 받고, 등급에 따라 사용할 수 있는 캐릭터 수가 증가하고,
등록한 캐릭터들이
일정 등급이 되면 다음 슬롯이 열리는 구조로 되어 있다
이 챔피언들은 각 등급에 따라 챔피언 휘장이라는 능력치를 획득한다. 등급이 올라가면 휘장도 강화되는 구조이며, 이를 획득해서 챔피언 모두에게 공유하는 시스템이라고 보시면 된다. 이는 현재로서의 최대 합 수치이다. 영구히 적용된다
플레이어블 콘텐츠도 같이 추가되는데, 실시간 태그 전투 시스템이다
여러 캐릭터를 조작해서 전투 콘텐츠를 즐기는 형태를 제대로 도전해보지 않은 영역이라 생각되었고, 그 새로운 부분을 탐색하기 위한 도전의 일환이다. 기본적으로 플레이 밀도가 높을 수밖에 없어 월간 콘텐츠로 선보일 예정이다, 이를 통해 획득한 재화로는 30분 지속되는 버프를 획득할 수 있으며 성과에 따라 더 높고 빈도 높게 사용할 수 있따
9. NEXT 개선 사항
이어서 말씀 드릴 내용들은, 게임성 개선에 대한 내용인데 단순히 원래 했던 작업이 아닌 플레이 경험을 근본적으로 바꿀 수 있는 변화들을 다앙하게 준비해 보았다.
1) 아케인리버 스토리 리마스터
2) 몬파 익스 주간화
3) 에픽 주간 2개 참여 가능
4) 아케인리버 스페셜 컨텐츠 심볼 지급량 상향
5) 보스/스토리 스킵 기능 공유 : 메이플 ID 기준
6) 그란디스 일퀘 간소화
7) 솔 에르다 사용처 확대
8) 몬파 훈장 난이도 완화
9) 훈장 칭호 외형 기능
분리
10) 퀘스트 ui 전면 개편
11) 월드맵/ 미니맵 ui 개편
12) 이동 편의성 향상
13) 메이플 핸드 옥션 조회/구매
14) 유니온 공격대 배치모드 개선 - 자동배치 기능 추가
15) 신규 시스템 스킬 시퀸스 :  : 버튼 하나로 모든 버프를 한번에
16)월드 통합 메이플 옥션  / 메소 마켓 / 월드 통합 보스 컨텐츠
----------------------------------------------------
크게 세 개의 변화로 나눌 수 있다
* 에오스/핼리오스= 리부트 월드의 새로운 이름
이번 개선 사항의 첫 번째 핵심은 <통합> 이다. 저도 그렇지만 여기 계신 분들 모두 MMORPG를 좋아하실 것으로 생각된다. 저는 이 장르가 다른 장르와 다른 게 뭐냐 하면 사람과의 접점이 늘어날 수록 더 재밌어 진다고 본다. 그래서 유저간 상호 경험을 최대한 늘려봄으로써 그 재미를 극대화 시켜보려고 한다. 가장 먼저 소개드릴 내용은 옥션이다. 기대되는 긍정적인 효과는 많지만 아마 제일 체감하실 수 있는 부분은 아이템을 사고 파는 것이 훨씬 더 편해지고 쉬워질 것이라는 것이다. 이건 제일 의미 있는 변화일 것이다. 시장이 커질 수록 갖고 있는 아이템의 가치 또한 빠르게 평가 받을 수 있을 것이다.
메소 마켓의 경우 적혀 있는 것처럼 단순히 통합만이 아닌 기능 개선도 같이 된다. 메소마켓도 옥션과 마찬가지로 시장 규모가 커질 것이고 결과적으로 시세 안정성이 높아질 것이다. 예전에 아즈모스 협곡 때 난리 같은 것이 덜 발생할 것이다. 결과적으로 메소를 생성하는 플레이가 더 가치 있어질 것이다. 또한 이전의 일 같은 것이 재발생하지 않도록 노력하겠다
월드 통합 보스의 경우 발드릭스 업데이트와 함께 진행되며, 바뀔 수 있지만 현재로서는 이지 칼로스 이상의 보스에 한해 지원하고자 한다
두 번째로, 전투 경험을 바꿔보고자 했다. 아주 빠르게 버프가 걸린다. 원 오브 뎀처럼 보였지만 앞서 보여 드린 통합 작업만큼이나 큰 변화일 것으로 예상한다. 소위 말해 극딜 준비가 굉장히 길어졌다. 지금처럼 스킬이 쌓일 것으로 생각하고 전투 경험을 기획하지 않았었다. 그래서 이번에 버튼 하나로 최소한의 딜레이로 적용할 수 있게 하고자 했다. 실제로 해보시면 어떤 건지 아실 수 있을 것이고 즐거우실 것이다
마지막 세 번째로 유니온 육성을 편하게 하고, 성장 속도를 빠르게 할 수 있는 개선 사항(유니온 캐릭터 성장 편의 개선)들을 준비해 보았다.
솔 에르다 사용처 확대는 총 2가진데, 이를 추출하여 월드 내 다른 캐릭터로 줄 수 있는 기능과 솔 에르다로 교환 가능한 헥사 부스터이다
이 부분들은 조금 더 직관적인 부분인데, 이제 버닝 월드 가셔도 길뚫 안 하셔도 된다
나머지 개선 사항들은 기타 등등으로 한 번에 설명해 드리겠다.
월드맵 개편의 핵심은 텔포 월드맵 기능이다. 관련된 고순돌 등은 다 없앴고 기본적으로 5분당 한 번씩 사용 가능하시도록 바꾸었다. 기존 MVP 등에서 획득 가능하신 걸로는 10초마다 한 번 사용 가능한 구독형으로 이용할 수 있다. 그거 말고도 많다.
훈장/칭호 외형 기능 분리는 오래전부터 준비해서 입이 근질근질했다
스토리, 연출 여러가지 많이 바뀐다. 다 끝난 이야기 왜 손 보냐 하실 수 있는데, 가장 척추가 되는 이야기는 아케인 리버 이야기라고 생각되어 개선하고자 했다. 아까 메이플 ID당 스킵과 살짝 상충되는데, 차원의 도서관에도 들어가니 플레이 부탁드린다
배치 모드의 경우 재미로 보는 고집을 버리고 인게임에 적용하였다(본인도 사용한다고 함)
10. 이벤트 관련 소개 : <새벽별 연회>
이번에도 풍성하게 준비했다. 스토리와 이벤트를 연관 짓는 기조는 지속될 것이다. 이번 이벤트는 제른 다르모어의 사도들이 한 자리에서 연회를 진행하는 것이다
1) 윈터 튜토리얼 미션 : 신규/복귀 유저를 위한 간단한 튜토리얼성 이벤트
2) 이벤트는 아님 : 보스 몬스터 컨텝 의상 출시 예정
3) 딸깍 출석 등
바뀐 것으로 일일 보상에 관한 것이 있다. 고민 없이 다 받아 가시게 하자 라는 기조가 있었는데, 역효과가 있어 바꾸었다. 코젬 대신에 코인으로 바꿔서 받아갈 수 있는 선택지를 제공하고자 한다. 효율 측면에선 안 좋겠지만 (본인에게) 쓸모 없는 아이템 대신 바꿀 수 있다.
이 특별 선물은 이후 말씀 드리겠다
10. 이벤트 관련 소개 : <하이퍼 버닝 MAX> : 260 레벨까지 1+4 레벨업 : 지역 이동도 자동으로 되는 듯
이에 더해 하나 더 소개 드리겠다 : 하이퍼 버닝 맥스 부스터
앞서 보신 특별 선물에서 획득하실 수 있겠다
11. 챌린저스 월드 : 버닝 월드 상위 호환 월드
버닝 월드의 상위 호환 격이다. 테라 버닝 캐릭터를 3개까지 육성할 수 있고 보상이 더 풍성해졌다. 이에 더하여 여러 월드 전용 미션이 존재한다
이 아이템들은 수입해올 수 없다
티어 보상이 사실상 메인이며 월드를 초월해 수입해서 가져가실 수 있는 핵심 보상들이다.
3만 점이 민간인 영역, 4만 점은 도전의 영역이다. 새롭게 만든 궁극의 유니온 성장 비약은 사용 시 200레벨 달성에 필요한 경험치를 즉시 획득하실 수 있다. 최대 20개까지 획득 가능하다
<이벤트 로드맵>
아이템 버닝의 경우 이어서 진행되는 만큼 신규 캐릭터만 아니라 기존 캐릭터도 지정할 수 있게 사양이 변경된다. 이에 따라 도전 목표도 높아질 예정이다
12. 3월까지의 로드맵 : 4월 이후는 적절한 형태로 소개드릴 것
13. 쇼케이스 기념 선물
디렉터 : 여기 계신 분들은(사전 라방) 보셨겠죠 뭐~
방송에서 말씀 드린 것처럼 12/19 전까지 사용하셔야 한다. 하버가 1+4가 되면서 하나 드시면 5업 되기 때문에, 이벤트 의미가 없어져서 이렇게 됐다. 인간적으로 양해 부탁 드린다
----------
4추만 보내주시면 감사드리겠습니다"
https://www.inven.co.kr/board/maple/2304/41944,아이템,쇼케이스 극성비 사용 가이드,,2024-12-06 15:46,68550,10,"안녕하세요,
봇이지 뭐 형님들의 도움으로 갑작스레 생긴 극성비 사용 가이드입니다.
보약 버프 없는 몬스터파크 추가 입장 비용을 기준으로 하여 산출한 계산 결과입니다.
굳이 볼 필요는 없는 자세한 계산 과정 : https://blog.naver.com/melly_bloom/223667404967
[사용 가이드]
Case 1.
나는 +250% 썬데이를 제외하면 몬파 추가 입장을 하지 않는다.
- 1순위 : 265+ 본캐 사용
- 2순위 :
235~259, 260~265 구간 사용
- 3순위 :
220~235 구간 사용
Case 2.
나는 일몬파 혹은 +30% 이상 보약 버프가 있어야만 몬파 추가 입장을 한다.
- 1순위 : 235~259, 260~265 구간 사용
- 2순위 : 265+ 본캐 사용
- 3순위 : 220~235 구간 사용
Case 3.
나는 상남자라 그런 거 신경 안 쓰고 매일 7판씩 돈다.
- 1순위 : 235~259 구간 사용
- 2순위 : 220~235, 260~265 구간 사용
- 3순위 : 265+ 본캐 사용
[핵심 내용]
[ 200-259 성장의 비약 메포 환산표 ]
- 당연히 240-249 구간에 먹이는 게 가장 좋고,
그 다음은 235-239 구간과 250-259 구간이다.
220-235 구간과 260-265 구간이 비슷하고, 220 이하에 먹이는 것보단 무조건 265+를 추천한다.
-
270 이후 캐릭터에 먹이는 경우, 극성비 8.26개 = 1 초성비다.
경험치 양은 꽤 되지만 상급 exp 환산 시 260lv-760개, 280lv-382개로 레벨이 오를수록 비용 효율이 급락한다.
- 220 이하 구간 레벨 당 메포 가치가 높게 잡히지만, 이건 단순히 이 구간 몬파 효율이 안 좋아서 그렇다.
황금 딸기 농장이나 VIP 부스터 같은 대체재가 많기 때문에 이 구간에 먹이는 건 좋지 않다.
- 극성비 때문에 평소 안 하던 몬파 추가 입장 하면 되려 손해다.
- 260에 먹이면 264가 된다. 일퀘 조금 할애해서 260 하버 주보캐 265 보내는 것도 좋다."
https://www.inven.co.kr/board/maple/2304/41927,기타,(추가)신규 출석 이벤트&쇼케 극성비 이벤트 관련 등,,2024-12-04 12:16,56525,28,"[글 수정/추가 사항]
1. 수요일 종료 사항 삭제
2. 부스터/exp 교환권 기한 :
12/19 오전 3시
3. 출석 이벤트 보약 전투력 미적용 오류 12/19 수정 예정 - 실제 스펙에는 반영됨
4. 사전 이벤트 극성비 개수는 쇼케에서 공개 / 하버 업데이트 이전(12/19)까지만 사용 가능
5. 12/8 <썬데이 메이플>
- 트레저 코인 레범몬 2배
- 5/10/15성 강화 시 100%
- 룬 재사용 대기시간 감소+경험치 증가
- 콤보킬 경험치 증가
- VIP 부스터 10개 증정
* 트레저 코인 제외 스페셜 서버에서도 혜택 적용
-------------------
안녕하세요
이 글은 오늘 기준 보실 만한 내용들을 간략히 한 것입니다
잘못 적힌 부분은 말씀 부탁 드립니다. 감사합니다
★남은 이벤트 체크 : 12/18 일괄 종료되어 2주 남음
★
1. <차원 대소동>
- 12/5 기준 남은 일일 출석 총 14회 / 주간 펀치킹 2회
2. <트레저 코인>
- 12/5 기준 남은 코인 개수 : 24000개(레범몬)+6000개(미니게임) = 30000개
- 탄지로 육성의 경우 12/19 점검 전(새벽)까지 서버 오픈
★내일 10시 시작 신규 이벤트&쇼케 시간
★
<출석 이벤트 간략히 보기>
- 추가 메할일 : 레범몬 1천 마리 퇴치 후 출석 버튼 누르기 : 기존 출석과 병행
- 최종 보상에 14일 중 10일 참여 필요
- 출석 시 보약 효과 즉시 획득
- 부스터&EXP 교환권은 즉시 수령
- 솔 에르다or조각 선택권&경코젬 등은 12/19 점검 후부터 수령 가능
--------
4추만 보내주시면 감사드리겠습니다"
https://www.inven.co.kr/board/maple/2304/41925,기타,차원의탑 스피드러너의 알짜배기팁들 태초방지or편한동선,,2024-12-03 07:49,28176,22,"차원의 탑 한번도 안 해본 분들에게 첫 도전 시 도움이 될 수 있는 팁 들을
조금 추려서 만들어 봤습니다 (태초방지),(멘탈보호)
1. 시작부분 숏컷
​
​
2. 동선 팁
​
​
3. 동선 팁
​
​
​
​
4. 닭 발판 (눈)
5. 지형 2줄인데 아래로 가면 안 맞습니다.
빨간줄로 가면 고르곤이 공격 시 엎드리면 안 맞습니다.
6. 왼쪽으로가면 30초걸리는 정석루트 따로 있고 재미로 넣어봤습니다
도전할 분들은 도전.. 1번째 숏컷루트
​
​
기리보이 < 라는분의 영상보고 알게 된 2번째 숏컷루트
​
​
7. 첫번째 태초로 보내주는 녀석 입니다.
공격 안할때 노란색 지형으로 올라가줍니다 (올라온뒤는 공격해도 안맞으니 안심) 점프는 X
너무앞에서 점프하면 빨간색으로 올라가지니 끝부분 밟아서 노란색지형 타줍니다
둥그런곳(빨간색)으로 올라가지면 공격맞음 태초
​
​
8. 두번째 태초로 보내주는 녀석 입니다.
1번 화살표 자세히 보면 지형에 스크래치 살짝 나있는데 더 넘어가면 바로 떨어지니
캐릭터 머리를 끝선에 맞추고 선뒤 간격은 넉넉하니 편하게 점프
2번도 미세하게 스크래치
가 있습니다 그부분만 넘어가면 발판
점프한뒤는 타이밍 맞춰서 엎드리면서 앞으로 가주고 초록박스 까지 가면 서도 안맞습니다
​
9. 무공숏컷
​
10. 어디서든 응용하면 제일 좋고 중요한 팁 관성이용
지형이 움직이거나 미끄러질때 사용
1) 방향키 누르고 점프 (자신의 이동속도로 점프)
​
2) 방향키 때고 점프 (지형의 이동속도로 점프)
​
3) 방향키로 가속받은뒤 방향키때고 점프 (관성점프)
​
11. 노란박스에 가만히 서 있으면 골렘슈점 숏컷가능
발 옆 초록박스까진 공격 안맞음
골렘지형 >> 바람부니 미리올라가서<<방향 컨해주다가 가도되고
바로 양발 사이로 타이밍 맞춰 가도됨
다른곳에서 맞아도 숏컷이 안되는거지 태초는 X
​
12. 수직으로 올라가기 가능 +
피아노 에서 뛸때 >방향키 점프 꾹 가능
타이밍 조금 빨라도 느려도 전부다 꾹 으로 지나가짐 (자신을 믿어요)
그 뒤는 2개짜리 넓은 음표만 2개 밟고 가면 편합니다
​
​
13. 떨어지면 토벤(츄츄)인 미끄럼틀 안전루트​
​
​
14. 번외 제대로 맞으면 태초가는 마성의 망치
​
15. 절대 그곳을 궁금해해선 안돼..
​
​
여기까지 소소한 팁들 이었습니다
ps 이벤 한달 짜린줄 알았는데 2주인거 이제 알았네요.. 내일까지 구나.."
https://www.inven.co.kr/board/maple/2304/41923,전문기술,메이플 유니온 메이플 m 250을 해보자,,2024-12-02 13:50,76402,21,"들어가기에 앞서
필자는 육성과 관련된 정보 찾기를 게을리하여 비효율적으로 육성을 하였기에 깡통 메이플m 계정으로부터 250달성까지 5개월 정도 걸렸습니다. 이 글을 읽으시는 분들은 좀 더 효율적이고 불필요한 많은 과금을 하지 않기를 바라며 공략을 작성합니다. 필자의 공략은 무과금이 아닌 적당한 과금(총 30~40내외)에 기반한 내용이며, 개인의 과금양, 레벨업 완화패치, 투자시간에 따라 기간이 상이 할 것입니다.
위 공략은 4~5개월 이내 250달성을 목표로 한 내용이니 참고하시기 바랍니다. 글을 읽으시는 모든 분들 좋은 하루 되시길 바랍니다.
1. 육성을 위해 필요한 과금 패키지 및 과금 요소
1.1 프성지, 프성지+
프성지와 프성지+를 동시에 구매하게 되면 55,000원의 과금이 필요합니다. 프성지는 초반 180이하의 육성을 빠르게 보조 해주지만 가성비의 영역에서는 떨어진다고 판단하여 고인물 기준으로는 33,000원짜리 프성지+를 일반적을로 추천합니다.
프성지+ 구성에는 180~250구간 사냥을 위한 무기한 대여 장비 아이템들과 기타 레벨업을 보조할만한 구성품 마지막으로 45억에 가까운 레드메소(하이퍼 스텟 및 심볼강화에 사용)를 제공해 주기에 굉장히 가성비가 좋다고 여겨집니다. 프성지는 선택의 영역이더라도 프성지+를 반드시 구매할 것을 권장합니다.
1.2 메이플 크리스탈 패키지, 성장패키지
따로 메소를 구하는 영역이 아니라면 인게임에서 메소로 교환할 수 있는 재화인 크리스탈 입니다. 용도는 다양하고, 특히 유니온 작업을 위한 캐릭터 슬롯확보에 많이 사용이 될 것입니다. 슬롯하나당 500개가 사용되며 본인의 필요에 따라 구매하면됩니다. 일반적으로 각 레벨 구간별 성장패키지는 33,000원의 가격으로 7000개 가량의 크리스탈을 제공하며 원활한 육성을 위해 최소 3개, 추후 필요 메소에 따라 신규캐릭 이벤트 성장패키지 또는 월간 출석 패키지를 구매하여 사용하시기를 권하는 바입니다. 크리스탈을 직접 구매하는 방식은 효율이 떨어지니 위의 방법을 사용하시기 바랍니다.
2. 경험치와 파티경험치
메이플 m은 최대 400%의 경험치 제한이 존재하기에 이를 달성하고 난 뒤부터는 사냥경험치 차이는 오로지 파티경험치 차이에 따라 발생하게 됩니다. 이에 200 이후의 일반적인 아케인 리버지역 공개파티에는 파티경험치 제한을 두어 자동 사냥의 효율을 추구하는 사람들이 많습니다. 이를 위해 파티경험치를 수급할 수 있는 여러가지 영역에서 최대한 파티 경험치를 수급하는 것이 추후 빠른 레벨업을 위한 선결 과제가 될 것입니다. 이 후 아이템 셋팅에서 후술합니다.
3. 아이템 셋팅
일반적으로 최대 400%에 달하는 경험치 제한을 채우기위해 아이템과 도핑을 동원하는 경우가 일반적입니다. 무기를 제외한 총 4부위(견장,망토,보조,벨트)에 장착가능한 소울에도 일반 경험치증가를 붙일 수 있지만 일반적으로 다른 부분을 통해 달성 가능하기에 소울은 파티경험치 증가 쪽을 고려합니다.
3.1 경험치 셋팅
일반적으로 경험치를 획득할 수 있는 영역에는 도핑을 제외하면 크게 장비아이템, 쥬얼, 하이퍼스텟, 유니온, 링크 등이 있습니다.
- 장비아이템 : 모자와 벨트 장비가 잠재능력 옵션으로 경험치 획득을 가지기에 일반적으로 3줄 장비 구매를 권장하는 바입니다. 필자는 앱솔랩스 모자와 공용 벨트 장비에서 3줄 경험치 잠재능력을 확보했습니다. 당연히 직작도 가능할 터이나 일반적으로 기댓값상 구매가 훨씬 저렴하기에 경매장을 통한 구매를 추천드립니다. 또한 벨트는 파티경험치소울이 장착가능한 장비이기에 벨트는 소울옵션도 동시에 고려해 주셔야 합니다. 또한 커닝M타워 컨텐츠를 통한 반지, 주간 출석으로 얻을 수 있는 반지가 있습니다.
- 쥬얼 : SSS급 옐로우 쥬얼에서 최대 개당 4.5%, SS급 쥬얼에서 3.3% 확보가 가능합니다. 본인 상황에 맞게 5개를 장착하시고 추후 확보되는 쥬얼로 업그레이드를 하면 됩니다.
- 하이퍼스텟 : 많은 메소가 소모되며 이를 위해 프성지+의 레드메소가 도움이 될 것입니다. 하이퍼 스텟 사냥용 세팅은 위의 사진을 따라가시면 충분 할 것이라 생각합니다.
- 유니온 및 링크 : 유니온 링크와 관련된 내용은 후술 할 것이나, 유니온의 점령효과와, 경험치 대원효과 메르세데스 링크가 경험치 획득과 직접 연관이 되기에 추천하는 바입니다.
추가적으로 블랙헤븐 칭호나 기타 이벤트 칭호와 관련된 것은 생략하겠습니다.
3.2 파티경험치 셋팅
파티경험치를 확보할 수 있는 수단에는 장비아이템, 길드스킬, 유니온셋팅, 링크스킬, 하이퍼스텟, 칭호 등이 있으나 위아래에서는 다음 항목만 다루겠습니다.
- 장비아이템 : 소울이 발리는 5부위 중 무기를 제외한 망토, 견장, 보조무기, 벨트에 파티경험치 소울 7~8%가 장착된것을 구매합니다. 추후 230~245 사냥효율이 좋은 에르다의 숲 컨텐츠를 위해 견장과 망토는 앱솔장비를 추천하는 바입니다.
- 길드스킬 : 길드포인트와 관련된 여러 컨텐츠를 수행하거나, 기부를 통해 길드포인트를 얻을 수 있고 이를 이용하여 개인길드스킬항목의 파티경험치 스킬을 올릴 수 있습니다.
- 유니온 및 링크 : 유니온에선 법사 직업군 캐릭터를 일정이상 키워 공격대원 효과로 얻을 수 있는 수단이 있습니다, 점령효과에는 파티경험치증가옵션이 없기에 공격대원효과로만 얻을 수 있습니다, 또한 모험가 법사 셋의 링크스킬이 파티경험치 증가이니 이를 통해 추가적으로 얻을 수 있습니다.
- 하이퍼스텟 :
많은 메소가 소모되며 이를 위해 프성지+의 레드메소가 도움이 될 것입니다. 하이퍼 스텟 사냥용 세팅은 위의 사진을 따라가시면 충분 할 것이라 생각합니다.
3.2 나머지 장비 아이템 셋팅
- 본인의 과금 여력에 따라 7앱솔 셋팅 혹은 4앱솔, 4카룻 셋팅 혹은 기타 다른 셋팅을 추구 하실 수 있습니다. 필자의 공략은 보스가 아닌 단순히 사냥 만을 위한 공략이기에 추가적으로 필요한 것은 코어강화정도가 전부입니다. 사냥과 관련된 스킬의 코어는 풀강 할 것을 권장드리며 가성비가 좋은 영역이기에 빠르게 해주시길 바랍니다.
4. 메할일
4.1 일간숙제
- 핫타임 자동사냥 및 출석체크 : 특별한 이벤트가 있는 날이 아니라면 일반적으로 평일은 8~10, 12~14, 18~24 주말은 8~10, 12~14, 19~02까지 파티경험치 추가가 적용되는 시간입니다. 일반적으로 이를 위한 자동사냥권 수급이 주로 하는 숙제가 될 것이며, 가능하면 이시간 위주로 돌려 주시면 됩니다.
- 자사권 및 경험치 쿠폰 수급을 위한 컨텐츠 : 출첵길드의 30분 보상을 포함하여, 이벤트 참여, 해적데비존, 디멘션 인베이드, 무릉도장이 있습니다. 시간대비 효율이 좋은 편이니 가급적 참여를 권장드리며 부족한 자사권은 본인의 상황에 맞게 추가적으로 구매하시면 됩니다.
- 일일컨텐츠, 일일과제, 아케인리버 던전일일퀘스트 : 200이후 부터 레벨업에 차지하는 비중이 굉장히 크기에 반드시 참여해주어야 하는 컨텐츠입니다. 미니던전을 돌리는것 외에는 그리 오랜 시간이 걸리지 않으니 참여하시길 바랍니다.
- 경험치 관련 이벤트 참여 : 메이플 m 에서 수시로 진행하기에 확인해보시고 참여 하는 것이 레벨업에 도움이됩니다. 간혹 본캐보다는 유니온육성에 특화된 이벤트들도 있으니 잘 확인하시고 참여 바랍니다.
- 에르다의 숲 참여 : 230이상 가능한 컨텐츠로 245까지 굉장히 뛰어난 경험치 효율을 보입니다. 다만 내실이 없을 시에는 7앱솔 스펙정도를 요구하며 내실에 따라 4앱솔, 4카루타 스펙으로도 충분한 효율이 나오기도 합니다. 과금을 많이 하실 분이라면 230~245 구간은 크리스탈을 녹여가며 빠른 레벨업을 기대해 보실 수 도 있습니다.
4.2 주간숙제
- 아케인 리버 던전 : 주간 컨텐츠로 시간대비 상당한 양의 경험치를 제공합니다.
- 길드 주간컨텐츠 : 길드 코인 수급을 통해 파티경험치 증가 관련 길드스킬을 더 빠르게 확보할 수 있습니다.
4.3 월간숙제
- 길드대항전 투표참여 : 다량의 길드코인 수급이 가능합니다.
- 커닝타워 : 자동사냥권 경험치 쿠폰, 경험치 증가용 커닝타워 반지를 확보 할 수 있습니다.
5. 혈가팟이란?
서버마다 존재하는 사냥 단톡방에서 쉽게 찾으 실 수 있으며.
길드상점에서 구매가능한 혈맹의 반지와 유니온 상점에서 구매가능한 유니온의 가호를 필수로 지참하는 파티(경우에 따라 룬사용시 파경증가 코어를 요구하기도 함)를 말합니다. 파티원내 혈맹의 반지 장착 인원이 늘어날수록 혈맹의 반지의 파티경험치 증가효과또한 늘어나기에 공방팟이아닌 비밀번호 파티로 이용됩니다. 빠른 레벨업을 목표로 하신다면 참고하시길 바랍니다.
일반적으로 길드포인트는 개인스킬용으로 사용되기에 혈맹의 반지 구매는 메소 혹은 레드메소로 구매합니다.
※ 추가 공방 파티 시 유의사항
간혹 공방 파경제한 입장 커트라인을 충족하기위해 유니온 코인이나 길드코인 파티경험치 증가 쿠폰혹은 룬효과 파티경험치 증가를 이용하여 참여하는 분들이 있는데 강퇴 당하실 수 있으니 가능하면 본인 파티경험치 맞는 파티를 찾아가시기 바랍니다.
퇴고를 안하고 두서 없이 쓴 부족한 글이라 잘못된 부분은 지적 부탁드리며, 오정보에 대한 피드백은 겸허히 받겠습니다."
https://www.inven.co.kr/board/maple/2304/41919,기타,메알못이 제붕이가  메이플 떡상 대비해 알려주는 각종 내실,,2024-12-01 16:50,57025,34,"템알려 주는 제붕이시리즈의 마지막은 내실이 될꺼 같다.
쇼케이후 다시 봄이 오게 될 거라고 믿으며 글을 적는 다.
1탄.
메이플스토리 인벤 : 메알못이 적는 템방향성 정하는 법 - 메이플스토리 인벤 팁과노하우 게시판
2탄.
메이플스토리 인벤 : 메알못이 알려주는 도전자셋부터 1억까지 고민해야하는 템셋 방향성 - 메이플스토리 인벤 팁과노하우 게시판
3탄.
메이플스토리 인벤 : 메알못이 알려주는 2억단까지 필요한 것 - 메이플스토리 인벤 팁과노하우 게시판
4탄.
메이플스토리 인벤 : 메알못 제붕이가 알려주는 17-18 에테셋팅 고려사항 - 메이플스토리 인벤 팁과노하우 게시판
사실 저번에 ㅇㅌㅌ이후 고민을하다. 이 전글은 놔두었지만 언젠간 지금글처럼 넣어서 다시올리지 않을 까...
많은 사람들에게 도움이 되었다고 이야기 해주시고 추천을 주셔서 인벤 인증글에 갈 수 있게 되었다.
따라 글을 읽어주는 많은 분들게 감사인사를 드리고 시작하겠다.(꾸벅)
오타나 다른 점이 있으면  이야기 해주시고 짧게 작성하여 죄송하며 직장인 임만큼... 더는 글 쓰는 것에 어려움이 있어 많은 도움이 되어드리지 못해 메린이들 에게 죄송하다는 말씀올리며 마지막(?) 인사 올리며 마무리 하겠습니다.
감사합니다.  (*2억은 거의 다 와서 찍고 수정해놓을 예정)"
https://www.inven.co.kr/board/maple/2304/41902,사냥,탄지로 사냥터 빌드 공유 (편함),,2024-11-24 20:51,76448,7,"전투태세 (우클릭) 하기
=> 기본스킬 이동안함, 60초-120초 궁극기 쿨될때마다 중앙에서 쓰면 좋음
1.         여로        (숨겨진 호수가)
= 무지성 뺑뺑이 (대충대충 해도 금방 레벨업 함)
2.         츄츄        (격류지대3)
= 왼쪽부터 무지성 물타기 (흐르는 대로 쭉쭉 사냥, 놓쳐도 한바퀴 돌면 생겨 있음)
3.         레헬른        (춤추는 구두 점령지2)
=물방아 쪽부터 시작 (물방아 스킬 맨밑에서 점프하고 쓰면 위까지 맞아요, 소용돌이 스킬도 점프하고 쓰기)
4.         아르카나        (흙의숲)
= 좌로 한번, 우로 한번 빌드 (한방향으로 갔다가 몹 생기면 반대로)
5.         모라스        (그림자가 춤추는 곳2)
X 지역은 굳이 안잡아도됨 -> 60초, 120초 스킬로 중앙에서 정리 (궁극기)
다들 힘내라 ㅋㅋ
난 끝났다"
https://www.inven.co.kr/board/maple/2304/41865,기타,트레저 코인 수급량 증가? 등 신규&변경사항 요약,,2024-11-21 15:45,27708,12,"[글 수정/추가 사항]
1.
-------------------
안녕하세요
이 글은 11/21(목) 업데이트의 주요 신규&변경 사항들을 간략히 보실 수 있도록 한 글입니다
자세한 내용이 필요하신 분들은 글 마지막의 상세 정리 글 링크 확인 부탁 드립니다
잘못 적힌 부분은 말씀 부탁 드립니다. 감사합니다
★패치 후 메할일만 간단히 보기★
1. 트레저 코인(레범몬) : <젠이츠, 이노스케의 메이플 탐험기>
- 200마리 처치 시마다 대량의 경험치 획득 : 필드 몬스터 180마리분
-
일일 2400마리 퇴치 시 코인 1500개 다 모임 x 28일
:
해당 퀘스트 수락해야 합니다
2. 트레저 코인(미니게임) : <귀살대 훈련 체험>
-
스타캐치 미니게임 일일 코인 1천 개씩 주간 최대 3회까지 참여 x 4주
3. <스페셜 월드> : 목표에 따른 탄지로 육성 : 추가 트레저 코인 수급 등
- 225 달성 시 예X핑 칭호에 상응하는 칭호 획득
- 235 달성&노멀 스우 격파가 최종 목표
- 경험치 10배 패시브 있음
- 길라잡이 추천 사냥터에 한해 8인 공용 사냥터 이용 가능
- 200레벨 달성 시 1일 1회 스페셜 VIP 부스터 수령 가능 : 대량의 경험치
- 스페셜 월드에서는 다른 이벤트 참여 불가 : 위의 코인 이벤트 2개 / 차원 대소동 / 겨울 사전 이벤트
4. <차원의 탑> : 모자, 훈장 필요할 경우 장애물 탑 오르기
5. <차원 대소동> : 하던 대로 4주 더 하기
6. <
What's Next
> : 12/5부터 시작 1000마리 퇴치(다른 출석과 병행 가능) : 총 10일 : 추가 보약
- <Winter 워밍업> 에서 이벤트 이름 변경되었습니다
[신규&변경 사항]
1. <로얄 스타일> 관련
1) 스라벨
2) 신규 아이템
3) 로얄 스타일 목록
https://www.inven.co.kr/board/maple/5974/4353189
2. 프리미엄 헤쿠 성쿠 공식 이미지 링크
https://maplestory.nexon.com/News/CashShop/Sale/513
3. [귀멸의 칼날] 콜라보 캐시 아이템 관련 : ~1/2
1) <미스틱 컬렉션> : 안드로이드&가면&망토 뽑기 : 1000 캐시
https://maplestory.nexon.com/News/CashShop/Sale/516
2) <그랜드 컬렉션> : 헤쿠&성쿠&코디 뽑기 : 3000 캐시
https://maplestory.nexon.com/News/CashShop/Sale/517
3) <스페셜 루나 크리스탈> : 귀칼 자석펫 합성
https://maplestory.nexon.com/News/CashShop/Sale/515
4. 주요 변경&신규 사항
1.
<젠이츠, 이노스케의 메이플 탐험기(레범몬 코인)> 이벤트의 코인 총 수급량이 테섭보다 늘어났을 수도 있습니다
*
https://www.inven.co.kr/board/maple/5974/4352615
- 확정으로 말씀 못 드리는 이유는 아직 위 링크에서 보실 수 있다시피 데이터로만 확인이 가능하기 때문이며, 블루홀 입장권처럼 <썬데이 메이플> 혜택으로 매주 일요일에 2배 효과가 적용되는지
내일 썬데이 공지사항에서 확인이 필요합니다
- 만약 썬데이를 통해 일요일 2배 효과가 4주 적용될 경우 <스페셜 월드> 육성을 제외했을 때 획득 가능한 총 코인 획득 개수가 54000개에서 60000개로 늘어나기 때문에 탄지로 육성 없이도 코인샵의 모든 큐브를 구매할 수 있게 됩니다
2. <트레저 코인샵> 의 물품 기한이 이벤트 종료 기간인 12/18 23:59로 변경되었습니다(기존 : 12/19 6시)
★<NEXT> 업데이트 관련 일정★
1. <NEXT> 쇼케이스 사전 이벤트 : 12/5(목) 오후 7시
- 시청자 수 1만명마다 쇼케이스 선물 극성비 1개씩 추가
2. <NEXT> 쇼케이스 일자 : 12/7(토) 오후 4시~6시
- 오후 3시부터 VIP 사우나 이용권 6장 지급
3. <NEXT> 1차 정식 서버 업데이트 : 12/19(목)
------------
업데이트의 더 자세한 정리는 링크 참고 부탁 드립니다
https://www.inven.co.kr/board/maple/2304/41855
-------------------------
3추만 보내주시면 감사드리겠습니다"
https://www.inven.co.kr/board/maple/2304/41858,퀘스트,세이브 더 다이버 업적 파티 요리 레벨 최대달성(맛의 달인) 정리표 (물고기별 살점 개수),,2024-11-20 04:23,25248,11,"안녕하세요 ㅇωㅇ
피아누스를 잡고 나서 늘 그렇듯이 똑같은 반복과 할게 없어 모든 레시피를 만렙이나 찍어볼까 하고
모든 레시피 만렙을 도전하면서 즐기던 중 라이브 방송에서 이벤트 연장과 함께 이벤트 업적을 새로 공개했네요
그래서, 만렙 도전기 초반에는 물고기 마다 몇점인지 몰라서 매번 확인하기도 귀찮아서 개인적으로 나름대로 정리해두었던 표를 보기 좋게 다듬어서 이벤트 업적 도전하시는분들께 도움되길 바라며 공유해봅니다.
개체 수에 ?표시가 된 물고기들은 제가 여러번 다니면서 최대한 다잡은 결과를 도출해 적어놓은 것이라 오차가 있을 수 있으니 이점은 참고해주세요ㅎㅎ
즐거운 세이브 더 다이버 되시길!!
[※ 참고 모든 파티 요리의 레벨을 최대로 달성이기 때문에 아마 해파리, 참치, 상어류만 만렙하시면 될 것 같아요]
[파티 물고기 기준] (해파리 3종 / 참치 2종 / 상어 10종)
[전체 물고기 기준] (총 40종) (전부 다 만렙하고 싶어하는 분들 용)
모든 요리 만렙 달성"
https://www.inven.co.kr/board/maple/2304/41855,기타,(추가4)패치후 메할일&변경점 요약/귀칼보상 전체 등,,2024-11-19 08:15,98385,62,"[추가/수정 사항]
1. 탄지로 사냥터 관련 :
▶
<
길라잡이의 추천 사냥터 필드>
에서 등장하는 사냥터만 공용으로 8인까지 이용할 수 있습니다
2. 탄지로 사냥터 공유 15인으로 오후에 변경되었습니다
3. 본섭 오면서 레범몬 코인 이벤트의 일요일 코인 2배 UI가 데이터로 추가되어 썬데이로 진행될 경우 6천 코인을 더 얻습니다. 이 경우 탄지로 육성을 안 해도 모든 큐브 구매가 가능해 집니다  -> 확정
4. 11/24 <썬데이 메이플>
5. 탄지로 육성 참고 글 링크 추가 :
https://www.inven.co.kr/board/maple/5974/4356879
-------------------------------------
안녕하세요
이 글은 11/21(목) 업데이트 내용들을 취합한 것입니다
기존 글 작성 방법에서 바꿔본 것으로 각 항목의 설명을 최대한 간소화하여 텍스트로 적고, 이미지 자료의 경우 볼륨이 큰 보상 목록 같은 것들은 링크로 대체하여 꼭 들어가야 할 내용들은 담되 그 안에서 최대한 스크롤 압박을 줄이고자 했습니다
잘못 적힌 부분은 말씀해 주시면 감사히 수정합니다
★수요일 23:59 종료★
- <세이브 더 다이버> 이벤트 전체 : 도감 보상/챕터 보상/코인샵 구매&물품 사용 등
★패치 이후 판매 캐시 관련 정리글 링크★
https://www.inven.co.kr/board/maple/2304/41809
- 신규 헤쿠성쿠 목록
- <귀멸의 칼날> 콜라보 캐시 아이템 등
★패치 후 메할일 요약★
1. 트레저 코인(레범몬) : 일일 2400마리 퇴치 시 코인 1500개 다 모임 x 28일
2. 트레저 코인(미니게임) : 스타캐치 미니게임 일일 코인 1천 개씩 주간 최대 3회까지 참여 x 4주
* 이상 2개 일반 월드에서만 가능
3. 스페셜 월드 : 목표에 따른 탄지로 육성 : 추가 코인 수급or225 예핑 칭호 등
4. 차원의 탑 : 모자, 훈장 필요할 경우 장애물 탑 오르기
5. 차원 대소동 : 하던 대로 4주 더 하기
6. Winter 워밍업 : 12/5부터 시작 1000마리 퇴치(다른 출석과 병행 가능) : 총 10일
[본문 목차]
1. 캐시이동 / PC방 이벤트
2. 신규 이벤트
3. 신규&변경 사항 / 쇼케이스 관련
---------------------------------
★캐시이동 / PC방 이벤트★
2. 신규 이벤트
[<차원 대소동>&<차원의 탑>&<세이브 더 다이버>]
1. <차원 대소동> 이벤트 관련
- 12/18까지 진행 : 기존과 동일한 방식
- 11/21(목) 0시 기준 28일(4주) 남음
2. <차원의 탑(~12/5)> : 인내의 숲 확장 버전 도전 이벤트
- 치장템(모자&훈장)만을 위한 이벤트입니다. 다른 보상 없습니다
- 메이플의 역사가 담긴 지형지물들을 딛고 맨 위로 향하는 형식입니다
- 나갔다가 재입장 시 처음부터 시작됩니다
- 테섭 기준 저 위치에 엘윈이 존재하고(변경될 수 있음) 대화할 시 모자 보상을 획득합니다
- 완주 시 훈장 보상을 획득합니다. 두 보상 모두 캐릭터당 수령이 가능합니다
3. <세이브 더 다이버> 관련
- 점검 이후 기존의 코인샵과 챕터, 도감은 이용할 수 없으며 이하 아이템만 판매됩니다
- 관련 이벤트 업적이 추가됩니다 : 핑크빈, 무공 채용 / 모든 파티요리 최대 / 라이플OR스나이퍼 최대 강화 / 한 탐험에서 피아누스 제외 모든 물고기 1번 처치 후 탐험 성공
[<트레저 코인> : <귀멸의 칼날> 콜라보 코인샵]
1. <트레저 코인> 이벤트
- 12/18까지 진행
- 획득 : 메이플 ID 공유
- [일반 월드]레범몬 스킬과 미니 게임 개근 획득량 : 총 54000개
- [스페셜 월드]탄지로 모든 미션 클리어 : 총 60000개
- 최대 획득 가능한 코인 : 총 114000개
2. <트레저 코인> 코인샵
- 구매 : 메이플 ID 공유
- 품목 유효 기간 : 12/19 6시
- 품목 전체 목록 보기
https://upload3.inven.co.kr/upload/2024/11/14/bbs/i1894677166.png?MW=800
- 카르마 블큐&화에큐 총합 : 60000개 필요하므로 전부 구매 시 탄지로 육성 필요
3. <트레저 코인> 획득처 1 : <젠이츠, 이노스케의 메이플 모험기>
- 탄지로 월드에선 참여 불가
- 레벨 범위 몬스터 퇴치 시 스킬 발동 :
일일 캐릭터당 최대 30회까지 가능
- 메이플 ID당 일일
최대
1500개의 코인 획득 가능
- 80마리 퇴치 시 이노스케 스킬 발동+코인 40개
- 120마리 퇴치 시 젠이츠 스킬 발동+코인 85개+필드 몬스터 대비 180배의 경험치
- 이에 따라
한 사이클인 200마리 퇴치=코인 125개가 되어
2400마리=코인 1500개
가 됩니다
★ 4주 개근 시 총 42000개 획득
4. <트레저 코인> 획득처 2 : <귀살대 훈련 체험>
- 탄지로 월드에선 참여 불가
- 미니 게임 참여 시 코인 획득 가능
- 메이플 ID당 일일 최대 1000개, 주간 최대 3000개까지 획득 가능
- 스타캐치 형식 게임이며, 31번 성공했을 시 일일 획득량의 반 이상 채워집니다
- 누적 6천 점 달성 시 의자 보상 획득
​
★ 4주 개근 시 총 12000개 획득
5. <트레저 코인> 획득처 3 : <스페셜 월드>의 탄지로 육성
- 육성 시 획득 가능한 코인 개수
★ 전부 완료 시 총 60000개 획득
[<스페셜 월드>: 탄지로 육성 이벤트]
1. 탄지로 관련 주요 사항
- 12/19 점검 전까지 서버 이용 가능합니다
- 스페셜 월드에서 육성한 탄지로는 이벤트 종료 후 삭제됩니다
=
<
길라잡이의 추천 사냥터 필드>
에서 등장하는 사냥터만 공용으로 8인까지 이용할 수 있습니다
- 아케인 리버 길뚫 필요 없습니다. 입장 후 10레벨 심볼이 지급됩니다
- 적응 훈련 스킬에 경험치 증가 효과가 붙어 있습니다
- 온/오프 공격 스킬 습득 후, 사냥 전 활성화 유무 확인 필요
- 길라잡이&텔레포트 월드맵으로 사냥터를 쉽게 이동할 수 있습니다
* 길라잡이 보상은 수령할 수 없음
- 스타포스 강화 후 스타포스 사냥터 전전하다가 황페->기계무덤 가면 될 것 같습니다
- 200레벨 이후 일일 1회씩 지급되는 스페셜 VIP 부스터의 경험치가 상당하므로 최대한 빨리 200을 달성하는 것이 좋겠습니다
탄지로 육성 글 링크 추가 :
https://www.inven.co.kr/board/maple/5974/4356879
- 225 달성 시 <예티X핑크빈> 과 동일한 효과의 칭호를 일반 월드에서 수령하실 수 있습니다
2. 탄지로 육성 후 탄지로만 받을 수 있는 보상
- 10~230레벨까지 탄지로가 특정 레벨 달성 시 보상을 수령할 수 있습니다
- 텔포/자석펫/메소 주머니/경쿠/보스 장신구 상자/앱솔&아케인/5렙 시드링 반지 등등
- 단계별 보상 보기:
https://upload3.inven.co.kr/upload/2024/11/19/bbs/i1146333762.jpg?MW=800
3. 탄지로 육성 후 일반 월드의 캐릭터로 받을 수 있는 보상
- 탄지로만 받을 수 있는 보상 중 스펙업 관련 아이템이 아닌 칭호/의자/훈장 등은 조건 달성 후 일반 월드의 캐릭터로도 당연히 수령하실 수 있습니다
- 메이플 ID당 1회 수령 가능하며, 이는 1/1까지 수령할 수 있습니다. 단, 상자에 코인과 함께 묶여 있어 트레저 코인 이벤트가 종료된 이후에는 상자 사용 시 코인을 제외한 아이템만 획득합니다
- 보상 전체 보기 :
https://upload3.inven.co.kr/upload/2024/11/19/bbs/i1484501200.png?MW=800
[<Winter 워밍업> : 겨울 시즌 사전 이벤트]
1. 이벤트 기간 : 12/5~12/18
2. 진행 방식
- 메이플 ID 기준 : 1일 1회 레범몬 1천 마리 퇴치 후 출석
- 총 10회까지 출석 가능 : 출석 횟수에 따른 보상 획득 : 출석은 12/19까지만 가능
- 탄지로 월드에서는 수행 불가
3. 출석 횟수에 따라 적용되는 보약 효과 : 다른 효과와 중첩
- 이벤트 수락한 캐릭터에 적용 : 1/1까지 적용
- 좌측부터 1/2/3/4/5/6/7/8/9/10번째 출석 시 적용
4. 12/5~12/18까지 수령 가능한 보상
- 상급 EXP 교환권 총 1천 개 / VIP 부스터 총 25개
- 좌측부터 1/2/3/4/5/6/7/8/9/10번째 출석 시 획득 가능
5. 12/19~1/1까지 수령 가능한 보상
- 좌측부터 1/2/3/4/5/6/7/8/9/10번째 출석 시 획득 가능
- 스페셜 명예의 훈장 총 40개 /
경코젬 총 10개
- 선택 심볼 교환권 총 2개 (200or40)
-
솔 에르다/솔 에르다 조각 선택권 총 3개 (에르다 1 or 조각 30)
★주요 변경 사항&쇼케이스 관련 정보★
1) 주요 변경 사항들
- 보상으로 획득한 주화 유효 기간 7일로 일괄 변경
- <아즈모스 협곡> 난이도 상승 조정
- 스케쥴러로 <아즈모스 협곡> 금주 최고 점수 확인 가능
- DirectX 11 메모리 사용량 감소 등 개선
------------------
4추만 보내주시면 감사드리겠습니다"
https://www.inven.co.kr/board/maple/2304/41848,사냥,[스압] 탄지로 200까지 사냥 루트 / 카쿰 5초컷 / 귀칼 팁,Tezoo,2024-11-18 16:16,141025,46,"영상 순서 요약
1. 인트로 각 보스별 영상
2. 스우 스펙 및 반지 고르는 팁
3. 예핑 칭호 및 탄지로 육성 난이도
4. 200 까지 & 200 이후 레벨업 속도
5. 10 ~ 200 사냥터 정리 및 특이사항
6. 탄지로 스킬 특이사항 및 카쿰 5초 컷
아래 최대한 간략하게
이미지 몇 장과 텍스트로도 남겨보겠습니다!
​
1. 인트로
벽력일섬은 진짜 잘 뽑힌듯 ㅠ
2. 스우 11분 컷 스펙 및 반지 고르는 팁
간략하게 적어보자면
우선, 저는 5레벨 특수 반지는 컨티 링을 받았어요
아무래도 고속 이동이나 소용돌이,
심지어 바인드도 이동을 하면서 쓰는 스킬들이라
리레를 고를 경우 존을 이탈할 상황이 많이 생길것 같았고
무엇보다 극딜이 벽력일섬 1분 / 히노카미 카구라 2분으로
리레 보다는 컨티가 더 좋지 않을까 싶었어요
탄지로 스킬이 많지 않고 하나하나가 강하기도 하니
컨티로 지속적으로 딜을 넣어주는 게 더 효율적이라고 봤네요
오른쪽 이미지는 스우를 처음 잡았을 때 스펙이고
신경써서 템세팅 해주고 기반을 다지면
훨씬 빠르게 클리어 하고 상위 보스도 볼 수 있을 것 같아요 :)
3. 예핑 칭호 및 탄지로 육성 난이도
매 시즌 핑크빈 월드가 열리면
핑아일체와 같은 칭호를 받을 수 있었는데
귀찮고 재미없고... 개인적으로 끌리지 않아서 안했는데
이번 귀칼 콜라보는 핑크빈 보다 훨씬 육성하기가 쉬웠어요
225레벨 보상 = 칭호
235레벨 보상 = 훈장
보스 보상 = 코디 의자, 네즈코 안드로이드
이기 때문에
훈장에는 관심이 없지만
칭호를 받고
스펙업을 하실 분들은
225만 찍으셔도 무방하고
저와 같이 딱히 낄 칭호가 없는 분들은
대부분 킹오루 끼고 계실텐데
킹오루와 귀칼 칭호 옵션 비교 입니다
꼭 받으세요!
영구 옵션 칭호라 진짜 받아야 함
4. 사냥터 [스압]
10 ~ 35 들개들의 싸움터1
35 ~ 55 와일드보어의 땅 < 길라잡이 or 텔포
55 ~ 70 하늘계단1 < 길라잡이 or 텔포
70 ~ 75 사헬지대2 < 길라잡이 or 텔포
75 ~ 80 C1 or C2 < 마귀 or 텔포 쓰고 이동
80 ~ 100 관계자 외 출입금지 < C2에서 포탈
100까지는 템을 따로 맞춰줄 필요도 없고
거의 뭐 스킬 한두방에 계속 레벨업이 되는 수준이라
어디가 더 효율 좋다 아니다 할 것 없이
그냥 이 루트로 달려도 될 것 같아요
100 레벨을 달성하고 레벨별 보상을 받은 후
블랙셋은 스타포스 강화를 해 주시고
100 ~ 125 [★] 삐뚤어진 시간 < 텔포로 뒤틀린 시간의 길3 이동 후 포탈
125 ~ 140 [★] 시련의 동굴 < 길라잡이 or 텔포
140 ~ 160 [★] 커닝타워 < 길라잡이 or 텔포
160 ~ 170 [★] 연무장 < 길라잡이 or 텔포
170 ~ 180 [★] 지방본 UFO < 길라잡이 or 텔포
180 ~ 200 [★] 황혼의 페리온 < 길라잡이 or 텔포
100 이후로는 레벨별 보상을 받아 끼면서
스타포스 사냥터에서만 사냥하면 됩니다
140때도 벽력일섬 한번에 1업 할 정도로 잘 오르고
사실상 길라잡이로 다 이동이 가능한 루트라
이동하는 데 큰 어려움은 없을 거예요
특이사항이 하나 있다면
180부터 갈 수 있는 황혼의 페리온의
스타포스 사냥터는
수치를 많이 요구 하는데
메소샵을 보면 천만 메소에 아케인을 팔아요
방어구 상자의 경우 1개만 사도 5부위, 세트로 줘서
아케인 상자를 구매 후
검환불 10~20개 정도만 사셔서
착감 옵션을 뽑고 별을 10개씩만 달아주세요
80 레벨 보상으로 받는
메소 주머니만 써도 충분히 남고
제가 테썹에서 탄지로를 2번 키웠는데
확실히 이 방법으로 했을 때가
훨씬 빨랐고
예상 보다 메소를 그리 많이 쓰지도 않더라구요
6. 탄지로 스킬 특이사항 및 카쿰 5초 컷
종종 새로운 캐릭터를 키우다 보면
온오프 스킬의 유무를 생각 못하는 경우가 있는데
전투 태세는 유저마다 플레이 스타일에 따라
on / off 가 갈릴 것 같다만
짐승의 호흡은 꼭 on을 해줘야
이노스케가 추가 딜을 넣어준다는 점
이펙트 상으로는 잘 안보이더라구요
​
5초 맞겠죠?
220 이후로는 체온 상승 스킬 덕분에
히노카미 카구라만 써도
카오스 자쿰 캇!
칭호 없는 분들 이번 기회에
저와 같이 꼭 스펙업 합시다!
혹시 추가로 궁금하신 내용 있으시면
댓글 남겨주세요 :)
유튜브도 같이 봐주시면 감사하겠습니다 (꾸벅)"
https://www.inven.co.kr/board/maple/2304/41809,기타,[12180] 11/21(목)캐시 업뎃 전체 미리보기,,2024-11-16 06:15,46734,31,"[수정/추가 사항]
1.
------------------------
안녕하세요
이 글은 테섭 기준으로 알 수 있는 11/21(목) 점검 후의 캐시 아이템 정보를 정리한 것입니다
귀멸의 칼날 콜라보 뽑기 아이템의 가격 등 공개 안 된 부분은 정식 서버 업데이트 시 공개됩니다
잘못 적힌 부분은 말씀해 주시면 감사히 수정합니다
[캐시 관련 사항]
★순서
1. 프리미엄 헤어 성형 쿠폰 목록
2. 로얄 스타일 : 스라벨&신규 아이템 이미지
3. 귀멸의 칼날 관련 캐시 아이템
4. 캐시 이동
-----------------
1. 프리미엄 헤어 성형 쿠폰 목록
1) 여자 헤어
2) 여자 성형
3) 남자 헤어
4) 남자 성형
2. 로얄 스타일 : 신규 스라벨&신규 아이템
3. 귀멸의 칼날 콜라보 관련 아이템 : ~1/2
- 데이브와 다르게 테섭 캐시샵에서 따로 판매되고 있지 않습니다
- 가격도 아직 따로 공지사항에 명시되어있지 않습니다
1) 그랜드 컬렉션에서 획득 가능한 아이템들
: 교환 가능한 교환권 상태로 획득
- 탄지로/네즈코/젠이츠/시노부/기유/카나오/코쥬로/텐겐/무잔/무이치로 헤어 쿠폰
- 위와 동일한 캐릭터 목록의 성형 쿠폰 교환권
- 탄지로의 옷 /
탄지로의 신발 /
네즈코 상자 /
탄지로의 반점 /
탄지로의 일륜도
- 네즈코의 옷 /
네즈코의 신발 /
네즈코의 대나무
- 시노부의 옷 / 시노부의 신발
- 기유의 옷 / 기유의 신발
- 무잔의 모자 / 무잔의 옷 / 무잔의 신발
- 젠이츠의 일륜도 / 젠이츠의 옷 / 젠이츠의 신발
- 이노스케의 멧돼지 탈 / 이노스케의 바지(남) / 이노스케의 신발 / 이노스케의 일륜도
- 카나오의 옷 / 카나오의 신발
- 코쥬로의 옷 / 코쥬로의 신발
- 텐겐의 옷 / 텐겐의 신발 / 텐겐의 장갑 / 텐겐의 문신
- [스킬 획득권] 5종 : <탄지로의 일륜도> 아이템에 장착하는 치장용 스킬로써 공격 효과는 없습니다. 데이터 상으로 쿨타임 일괄 360초
​
​
​
​
​
​
​
​
​
이상의 5개의 스킬 외 밑 이미지에서 보실 수 있는 2개의 스킬은 각 일륜도 장착 시 사용할 수 있게 됩니다
​
2) 미스틱 컬렉션에서 획득 가능한 아이템들 : 교환 가능한 교환권 상태로 획득
* 제가 아직 귀칼을 못 봐서 텍스트 이름 순서와 안드, 가면 이미지랑 순서대로 대응되지 않는 점 유의 말씀 드립니다
- 탄지로/젠이츠/시노부/기유/카나오/이노스케/코쥬로/텐겐/무잔로이드
- 사콘지 가면 / 사비토 가면 / 코테츠 가면
- 젠이츠와 함께 / 이노스케와 함께(망토)
3) 스페셜 루나 크리스탈 : 해당 아이템을 통해 합성 시 일정 확률로 귀멸의 칼날 자석펫 획득
- 세트 효과는 기존 자석펫인 루나 쁘띠와 동일
- 의자는 테섭 기준 릴리즈에 따로 설명이 없습니다. 본섭 오면서 추가될지는 봐야 알 듯
- 쁘띠 탄지로
- 쁘띠 네즈코
- 쁘띠 젠야츠
4. 캐시 이동 기간
-------------------------
4추만 보내주시면 감사드리겠습니다"
https://www.inven.co.kr/board/maple/2304/41808,퀘스트,탄지로 육성 후기,,2024-11-16 02:56,133025,51,"1. 어디까지 키워야 하나?
- 200레벨까지 오래 걸리고(약 3시간)
- 200레벨부터는 매일 1개씩 주는 스페셜 VIP 부스터와 일퀘 몬파로 손쉽게 레벨업 가능
* 스페셜 VIP 부스터 1개 = 기존 VIP 부스터 3개
- 네즈코로이드(210+)나 예핑칭호(225)가 목표인 경우 매일 경쿠먹고 부스터만 녹여도 충분히 달성 가능
- 모든 보상(235) 목표로 하는 경우 1일차에 200찍고 매일 부스터 일퀘 몬파 하면 추가 사냥 없이 26~28일에 찍힘
[ Table 1. 스페셜 VIP 부스터만 사용 시 일차 별 예상 도달 레벨 ]
2. 스우 잡는데 얼마나 걸리나?
- 210레벨 세이람만 먹은 기준 15분 정도 걸렸음. 무기만 17성, 강화 운빨 터진 곳 딱히 없음
- 210레벨에 방무 패시브를 배워야 딜이 박히기 때문에 암만 급해도 210은 찍는 걸 추천
- 220레벨 달성 시 패시브/레벨뻥/시드링/심볼업 콜라보로 1.7~8배 강해지므로 귀찮다면 220이상 찍고 트라이
3. 육성 및 세팅 팁
- 무기 방무 30% 이상 한 줄은 꼭 쓰는 걸 추천
- 시드링 무조건 컨티5 고정
* 아래 테이블은 방어율 300 / 무기 방무 30% / 세이람 사용 / 어빌 재사용15% / 노시드링 기준 수련장 측정값
** 극딜 준극딜 시전 시간 짧아서 컨티 안에 충분히 다 넣을 수 있고, 2분 극딜이라 컨티가 좋을 수밖에 없음
[ Picture 1. 탄지로 딜링 커브 측정값 ]
- 어빌 둘째줄 크확 굳이 집을 필요 없음. 세이람 먹으면 100% 참
- 어빌 보공이 제일 좋음. 재사용 터지는 스킬들 점유율 합해서 10% 내외
* 하지만 명성치 수급이 제한되므로, 재사용이 먼저 떴다면 킵하는 걸 추천. 극단적인 경우 첫줄 상추뎀이라도 킵
- 185~200 구간 스타포스존 사냥 조금이라도 쾌적하게 하고 싶다면 120레벨에 반레온 퀘스트 밀고 이피아의 반지 파밍하는 걸 추천함. 전체 육성 시간은 살짝 늘어나지만 좀 더 쾌적하게 육성 가능
[ Picture 2. 육성 팁 모음 ]
다른 팁이나 잘못된 부분, 궁금한 것 있으면 댓글로 남겨주길 바람
즐메~!"
https://www.inven.co.kr/board/maple/2304/41807,기타,귀칼 큐브 다 사려면 일퀘만 해도 돼요? 등 신규 메할일 요약,,2024-11-15 22:45,75560,57,"[글 추가/수정 사항]
1. 이 글의 내용이 포함된 최신 버전 정리글 링크입니다
:
https://www.inven.co.kr/board/maple/2304/41855
2. 본섭에서 <썬데이 메이플> 효과로 일요일에 레범몬 코인 획득량 2배가 진행되는 것이 확왼되어 기존 획득량에서 총 6천 개가 증가되었습니다. 이 때문에 탄지로를 아예 육성 안 하신다고 해도 큐브 전부 구매가 가능합니다
------------------------------------------------------------------
안녕하세요
이 글은 바로 다음 주 목요일부터 시작되는 추가 코인샵 이벤트 관련 주요 사항과 더불어 같이 보실 만한 내용이 포함돼 있습니다
잘못 적힌 부분은 말씀해 주시면 감사히 수정합니다
[귀멸의 칼날 코인 이벤트 관련 : 목요일 패치 후~12/18(4주)]
★한 달 간 쓰이는 <트레저 코인>을 일일 미션과 주간 미션, 탄지로 서버 육성을 통해 획득할 수 있습니다
1. 일일 코인 획득 : 레범몬 스킬 발동 이벤트 : <젠이츠, 이노스케의 메이플 탐험기> : 1500X28=42000개
- 200마리 퇴치 시 125개 획득되어 일일 2400마리 퇴치 시 1500개 채워집니다
- 200마리 퇴치 시마다 경험치를 획득합니다
2. 주간 코인 획득 : 미니게임 이벤트 : <귀살대 훈련 체험> : 3000X4=12000개
- 스타캐치 잡기 미니 게임 : 1점=1코인 : 30단계 까지만 가도 일일 제한의 반은 채워지는 듯
- 일일 1천 개까지 획득 가능 / 주간 최대 3천 개까지 획득 가능
- 누적 6천 점 달성 시 의자 보상 획득
​
▶ 탄지로 서버 육성 안 하고 일일 사냥과 미니 게임을 통해 최대로 획득할 시
: 42000(일일 사냥)+12000(주간 미니 게임)= 총 54000개
->
탄지로 육성을 안 하실 경우, 큐브 전부 구매에 총 6만 개 필요하여 코인 6천 개가 부족합니다
3. 탄지로 서버 육성 미션 : 235레벨까지 육성 시 총 40000개
4. 탄지로 서버 보스 격파 미션 : 카쿰/카벨/카파풀/노스우 각각 2000/3000/5000/10000 = 총 20000개
* 225레벨 = 예핑 칭호
▶ 탄지로 모든 미션 완료시 60000개 : 전부 완료할 경우
총 114000개까지 획득 가능
★ 코인샵 품목
- 물품 유효 기간은 12/19 6시까지입니다
- 메이플 ID 공유입니다
- 놀긍혼/펫공 등은 겨울 이벤트의 보스 코인샵(혹은 유사)에 나오겠습니다
[같이 보기]
1. <차원 대소동> 이벤트는 예고된 대로 12/18까지 진행되며 주요 보상에 별다른 추가 혹은 변경 사항이 없습니다
2. 다만 <차원 대소동> 테마로 <차원의 탑> 이벤트가 추가되는데, 이는 메이플 버전 <항아리 게임(인내의 숲 하드모드)> 이며 치장 아이템 2개만이 보상이라 원하시는 분들만 하시면 됩니다. 캐릭터당 수령 가능합니다
3.
<세이브 더 다이버> 의 경우 점검 후 기존의 코인샵과 챕터 미션, 도감 등은 이용할 수 없으며, 미니 게임은 즐길 수 있되 코인샵에선 이하 아이템만 판매됩니다
- 일일 제한 없이 최대 9999회까지 탐험 가능합니다. 당연히 잠수에 필요한 조건은 따로 없습니다
- 기존에 강화하신 장비, 보유한 골드 등은 유지됩니다
4. 12/5부터 2주 동안 진행되는 <Winter 워밍업> 의 경우 매일 1천 마리씩 총 10일을 출석하면 아이템 보상과 보약 효과를 획득하실 수 있습니다. 이는
이벤트 시작 다가오면 또 새 글로 말씀 드립니다
1) 12/5~12/18 수령 가능한 보상 : 개근 시 개수
- VIP 부스터 10개
- 상급 EXP 교환권 1000개
2) 12/5~12/18 기간에 출석한 횟수에 따라 12/19~1/1에 수령 가능한 보상 : 개근 시 개수
- 스페셜 명예의 훈장 40개
- 경코젬 10개
- 선택 심볼 교환권 2개 (200or40)
- 솔 에르다/솔 에르다 조각 선택권 3개 (에르다 1 or 조각 30)
3) 출석 시 바로 적용되는 보약 효과 : 순서대로 1~10일차 출석 시 획득
- 이벤트를 수락한 캐릭터에 적용됩니다. 출석 직후부터 1/1까지 다른 보약 효과와 중첩
---------------
4추만 보내주시면 감사드리겠습니다"
https://www.inven.co.kr/board/maple/2304/41803,기타,[갱신]테섭 신규 이벤트 요약&쇼케 일자 등,,2024-11-15 09:34,18887,16,"[글 추가/수정 사항]
1. 사정상 좀 늦게 내용 보충하여 갱신하였습니다
------------------------------------------------------------------
안녕하세요
이 글은 이번 테섭의 주요 내용들을 간략히 한 것과 쇼케 관련 내용을 담고 있습니다
잘못 적힌 부분은 말씀해 주시면 감사히 수정합니다
★주요 내용 같이 보기★
1. 이번 테스트 서버 업데이트의 내용들은 11/21
(목) 정식 서버 업데이트 예정입니다. 테스트 서버의 내용은 정식 서버 적용 시 변동 혹은 변경될 수 있습니다
★쇼케이스 현장 사전 공개 방송 이벤트★
★쇼케이스 이름과 일자 : 2500명 초청 오프라인 행사★
- 핸즈 연동으로 본인 캐릭터 인증 필수 요구됨
- 11/22 기준 대표 캐릭터 외형으로 굿즈 제작 및 지급
- 11/18 오후 8시 티켓링크 예매, 1만 5천원
- 260레벨 이상 캐릭터로 멤버십 코드 발급 가능, 이는 오늘 오후 8시부터 발급 가능하며 발급 받은 경우에만 티켓 예매 가능하므로 생각 있으신 분들은 미리미리 해두셔야 될듯
★신청하실 분들은 공식 페이지의 자세한 주의 사항 등을 꼼꼼히 읽어보셔야 됩니다★
: 쇼케이스 신청 관련 설명&NPC 어워드 페이지 링크 :
https://maplestory.nexon.com/promotion/event/2024/20241114/intro
- 당일 인게임 보상
- 쇼케이스와 별개로 전후에 행사 진행 : 공연, 미니 게임 등
★게임 내 신고 보상 추가★
★캐시 업데이트 정리★
- 귀멸의 칼날 판매 아이템 / 성쿠헤쿠 목록 / 캐시 이동 등 자세히 정리한 링크를 드립니다
https://www.inven.co.kr/board/maple/5974/4333739
★PC방 이벤트★
- 일일 보상
- 누적 보상
+
<세이브 더 다이버> 의 경우, 점검 이후에도 플레이는 가능하되 기존의 챕터 완료와 기존의 코인샵, 도감은 진행할 수 없습니다. 코인샵에는 이펙트 교환권 하나만 판매합니다
★신규 이벤트★
1. [~12/19(점검 전 새벽)]스페셜 월드 : 유사 <예티X핑크빈 월드>
1) 이벤트 서버인 <스페셜 월드>에서 콜라보 이벤트 캐릭터인 탄지로를 육성할 수 있습니다.
육성한 캐릭터는 이벤트 기간이 지난 이후 삭제됩니다
2) 스페셜 월드는 이하 혜택이 주어집니다
- 메소 획득량 10배
- 200레벨 이상 캐릭터 : 1일 1회 스페셜 VIP 부스터 획득 : 당일까지 사용
- 200레벨 달성 후 '아케인리버로!' 퀘스트 참여 시 지역별 퀘스트 자동 완료 후 10레벨 심볼 획득
- 길라잡이 추천 사냥터 몬스터 개인화 : 최대 8인 이용 가능
- 경험치 획득량 1000% 증가 : 1차 스킬
- <슬라임 메소샵> 이용 가능
3) 탄지로 캐릭터가 일정 레벨 달성 또는 특정 보스 처치를 완료할 때마다
탄지로 캐릭터로
이하 보상을 획득할 수 있습니다
4)
탄지로 캐릭터가 일정 레벨 달성 또는 특정 보스 처치를 완료할 때마다
다른 월드의 캐릭터로
이하 보상을 획득할 수 있습니다 - 코인 외 아이템 보상은 1/1까지 수령 가능
​
---------------------------------
각각 카쿰/카벨/카파풀/노스우 격파 보상
+
탄지로의 경우 육성 난이도가 적정 수준으로 보인다는 리뷰가 있었으며(
https://www.inven.co.kr/board/maple/5974/4332801
) 200레벨 이후 1일 1회 수령 가능한 스페셜 VIP 부스터의 경험치가 꽤 많다고 하므로, 200을 우선적으로 달성하고 하루하루 받아 쓰는 것이 부담을 더 낮추지 싶습니다(
https://www.inven.co.kr/board/maple/5974/4333283
)
++
탄지로 육성 후 일반 월드에서 획득하는 메이플 ID 보상 수령 가능 기간은 1/1까지, 상자 유효 기간도 1/1까지 입니다
: 다만 상자 안에 귀칼 코인과 보상이 묶여 있어서 콜라보 이벤트 종료 후(12/19) 사용하실 경우 아이템 보상만 획득하실 수 있습니다. 교환권 기간은 제가 직접 확인 못 해봐서 공식 이미지 나오면 말씀 드립니다
2. [~12/18]트레저 코인샵 : 귀칼 콜라보 이벤트 코인샵
1) 위에서 보신 스페셜 월드 육성 이벤트와 이하 2개의 이벤트를 통해 트레저 코인을 획득할 수 있습니다
★ [일일]레벨 범위 몬스터 퇴치 치 경험치+코인 스킬 발동
- 100마리 퇴치 시 40개 획득, 이어 100마리 퇴치 시 85개 획득되어 200마리=125개
- 코인은 일일 최대 1500개까지 획득 가능
- 경험치 스킬 자체는 일일 최대 30회까지 발동 가능
★ [주간]스타캐치 미니게임
- 일일 최대 1000개, 주간 최대 3000개까지 획득 가능
+ 해당 미니 게임 누적 6천 점 달성 시 의자를 수령할 수 있습니다
​
2) 코인샵 품목 : 메이플 ID당 구매 가능
★ 코인 획득량 요약 :
https://www.inven.co.kr/board/maple/5974/4332461
3. [~12/4]차원의 탑 : 치장템 보상만 존재하는 도전 미니게임
1) 메이플 판 <항아리 게임>으로 소개되었습니다. 장애물을 딛고 위로 오르는 형식입니다
2) 보상으로는 치장템만 존재하여 원하시는 분들만 참여하시면 됩니다
훈장의 경우 완주 선물, 모자의 경우 특정 지점에서 엘윈과 대화하여 받을 수 있습니다
4. [12/5~1/1]Winter 워밍업
1) 레범몬 1천 마리 퇴치 후 1일 1회 일일 미션 완료 가능
2) 12/19 이전에 횟수를 채우면 해당 보상들은 바로바로 획득 가능
3) 이하 보상들은 12/19 점검 후에, 채운 횟수에 따라 수령 가능
4) 출석 횟수에 따라 1/1까지 적용되는 해당 보약 효과 메이플 ID 내 적용 : 다른 효과와 중복되며 이벤트 수락 시 적용됩니다
​
----------------------------------------------------
4추만 보내주시면 감사드리겠습니다"
https://www.inven.co.kr/board/maple/2304/41728,아이템,1억 마이너스단 아즈모스 아이템 선택 팁,,2024-11-07 17:42,91506,33,"연달아 보스방을 방문해서 저항력이 위태위태할때,
이방인 방에서 전투 없이 쉬어가고 싶은데 포인트도 얻고싶은 사람들
특정 귀속 아이템을 지니고 있으면 그 아이템이랑 상호작용하는
NPC를 마주칠 확률이 높더라고요 이걸 활용해서 아이템을 미리
골라두는 것도 괜찮아보여서 글 올려봅니다
비상식량, 현상수배전단 -> 권장 전투력 1억 이방인 방에서
헬린, 마족헌터 마주칠시 포인트 500 추가획득기회
+ 진입시 소모했던 저항력 회복
마족용병단의휘장, 드라크의초상 -> 권장 전투력 3억 이방인 방에서 헬린, 마족헌터 마주칠시 포인트 600 추가획득기회
+ 진입시 소모했던 저항력 회복
간단요약 : 원하던 템 안나와서 고를거 없을때 비상식량, 현상수배전단, 마족용병단의휘장, 드라크의초상을 선택해서 가지고 가자.
+ 추가 팁 : 저항력이 너무 위태로울땐
이단의숭배물, 아즈모스방어탑작동설명서(1억이방인방),
골렘자폭주문서, 드라크의의식계획(3억이방인방)를 챙겨서
해당 이방인의 방을 방문하면 헬레나, 펜시를 마주칠 확률이 높아지며
보상으로 항마제를 얻어 저항력을 만땅으로 채워줍니다
*주의사항
반드시 해당 권장 전투력 이방인방에 입장해야해요!
예를들어 비상식량들고 권장 전투력 3억 이방인방 입장하면
헬린을 마주쳐도 포인트주는 아이템은 못얻습니다.
그리고 포인트 주는 아이템을 얻고나서 반드시 다음에 진입하는
보스 or 사냥방을 클리어해야 추가 포인트가 들어옵니다.
*수정사항 : 임시보호두루마리 뺐습니다. 실험결과 나무위키의 정보와 달리 임시보호두루마리를 들고 헬레나를 만나도 임시보호두루마리를 건네주는 선택지는 안나오네요. 나머지는 별 이상 없이 상호작용하는 NPC로 잘 나오는거 확인했습니다.
이미지 출처 : 나무위키"
https://www.inven.co.kr/board/maple/2304/41643,퀘스트,[1.2.396] 차원의 헌티드 멘션 이상현상 목록 [50종],,2024-10-30 23:11,78690,20,"*이상현상 찾기 게임은 이상현상 목록을 볼 경우
스포일러가 되어 재미가 반감될 수 있으니
스포일러를 원치 않는 분은
이상현상을 발견하기 위한 체크리스트와 팁 (아래 영상)만 보셔도 됩니다
*자료 이용시 출처를 적어주세요
체크리스트
https://www.inven.co.kr/board/maple/2304/41642
1층 왼쪽
1. 암전 후 바닥에 싱크홀
투명발판 있음
1.00
​
​
2.불이 켜져있음
3. 천장에 낙서들
4.  흉상 왼쪽 액자들
5.  라이드워드(책)가 갇힌 새장
(책이 갇혀있으니 책장인가..?)
6. 양쪽 창문이 없어짐
7. 소필리아 흉상 움직임
1.00
​
​
8. 흉상 좌측 생일케이크와 우는 가면 등장
9. 천장에 거꾸로 매달려 있는 흉상들
2층 중앙
10. 불이 켜진 벽난로와 낙서들
11. 신문 뭉치에서 푸른 빛+클릭시
벽난로 앞에 쓰러진 아저씨
12. 가족 사진과 촛불이 거꾸로 매달림
13. 우측에 전신 거울이 생기고
벽난로 있던 자리로 돌아가면
벽난로 자리에 거울이 생겨남
거울에서 거울 유령 등장 (위험도 X)
2층 우측
14. 장난감 진열장들
​
​* 장난감 진열장들은 움직임
​
1.00
1.00
1.00
​
​
​
​
15. 프로포즈
​
16. 움직이는 조나스 액자
17.조나스와 소필리아가 등장함
1.00
​
​
1층 오른쪽
18. 피아노 치는 가면신사
19. 피아노 왼쪽 아저씨와 소년 등장
20. 포탈 왼쪽에 편지
21. 가면신사의 방
22. 소필리아의 방 (사실 조이의 방임)
23. 달빛이 비추는 방
24. 조심해..! 라는 스크립트와 함께 싱크홀이 생김
떨어지면 9층부터 다시 해야됨
25. 작은 문 (1~8층)
26. 커다란 문 (2~8층)
*1층에서 등장하는 커다란 문은 이상현상이 아님
27,파이어 스티드가 소환됨
1층 중앙
28. 시작 지점 병정이 없어짐 + 우측에 길이 생김
29. 피아노가 사라지고 가면신사를 따라가면 중앙에 문이 생김
포탈에 들어가면 9층부터 다시 시작
가면신사 및 NPC들
30. 가면신사가 왼쪽에서 걸어옴
(정상: 오른쪽에서 걸어옴)
1.00
1.00
1.00
​
​
31. 가면신사가 나오지 않음
32. 가면신사가 빠르게 걸음 (소리로 구분 가능)
33. 가면신사의 가면이 깨짐
34. 가면신사가 한명
더 등장
35.가면신사가 플레이어를 쫓아옴
36. 2층에서 가면신사의 그림자가 쫓아옴
2층 우측 의자에서 등장
​
​
*닿으면 9층부터 시작
발판을 이용해 피하거나
가면신사보다 빠르게 1층 좌측 로프를 타고 내려가자​
37. 오른쪽 포탈 이용시 가면신사 그림자 ""나갈..수 없..다.."" 스크립트
이후 시야가 좁아짐
38.가면신사의 그림자가 플레이어를 가로막음 (그냥 통과하면 됨)
트리거 접촉시 활성화
39. 시야 좁아짐
가면신사의 그림자와 마찬가지로 2층 우측 의자를 지날때
활성화되며
​
​
​
화면이 완전히 검게 변하면 9층부터 다시 시작함
시야가 좁아지기 시작하면 달리기 스킬과 기둥포탈을 활용해 빠르게 왼쪽 계단으로 내려가자
40.시야가 넓어짐
41.장난감 병정이 지나감
42. 연두색 네모를 지나칠때 강제워프됨
43. 라이드워드가 많이 날아다님
44. 층 훼이크
(1층인데 9층으로 표시,2층인데 1층으로 표시)
45. 플레이어 얼굴에 두려운 가면(연보라색)이 씌워짐
46. 플레이어 얼굴에 무서운 가면(빨간색)이 씌워짐
47. 피아노 주변 촛불이 켜짐
48. 소필리아가 다음 층으로 보내줌
49. 시작지점 편지 퀘스트 전구 없어짐
50. 재봉틀 위 쪽지가 반짝임
(오른쪽에서 왼쪽 순서로 쪽지 클릭 후
벽난로로 이동)"
https://www.inven.co.kr/board/maple/2304/41642,퀘스트,[차원의 헌티드 멘션] 이상현상 발생 지도,,2024-10-30 23:10,76964,35,"*자료 이용시 출처를 적어주세요
*자료 이용시 출처를 적어주세요
빨간색: 이상현상 등장 위치
노란색: 천장/ 천장 확인에 필요한 발판 위치
초록색: 트리거- 해당 위치를 지나갈때는 조심히 지나가자
1. 가면신사는 오른쪽에서 왼쪽으로 걸어온다
등장 여부는 반드시 체크할 것
2. 책은 2층 중앙 벽난로 노란선 위쪽으로만 날아다닌다
그 아래에 다니는 책들은 모두 이상현상
9층: 1회 이상 클리어했을 경우 1층 왼쪽 기둥을 통과하면 1층 오른쪽 기둥으로 나올 수 있다
8층~1층: 1층 오른쪽 기둥을 통과하면 1층 왼쪽 기둥으로 나올 수 있다 (반대 방향 불가능)
참고 영상 (수익창출X)
*
자료 이용시 출처를 적어주세요"
https://www.inven.co.kr/board/maple/2304/41619,기타,세더다 최교 효율 메뉴 모음 / 환도 상어 잡는 법 등,Tezoo,2024-10-29 16:47,99045,32,"영상이 편하신 분들은
영상을 참고해 주시고
아래 영상 내용을 이미지와 gif로
간략하게 추가해 두었으니 참고 부탁드릴게요!
1. 피아누스 패턴
피아누스 패턴은 크게 세가지로
박치기와 아이스브레스 그리고 블러드붐 소환이 있는데
박치기는 피아누스가 동굴로 사라지고
몇 초 후 캐릭터가 있던 지점으로 돌진하고
잠깐 그로기 상태에 빠지기 때문에
이 때 딜을 자유롭게 해주실 수 있고
아이스브레스는 입 앞으로만 가지 않으면
안맞아서 이마쪽에서 딜을 해주시면 돼요!
블러드붐은 터지는 속도가 빠르지 않으니
쉽게 피하실 수 있을거라 생각하고
모든 패턴은 즉사는 아니지만
그래도 맞으면 아프니까 피해주시는 게 좋아요 :)
피아누스는 이벤트 기간 중
챕터 진행 중 딱 한번 사냥이 가능하고
무게가 본섭으로 넘어오면서 패치되어
피아누스 잡고 다른 몹도 파밍을 할 수 있으니
판매할 다른 상어들을
추가 파밍해 주시는 게 좋아요
2. 최고 효율 메뉴표
파티가 아닌 날에는
환도상어, 돛새치, 홈볼트 조합이
10.970원으로 가장 많이 받을 수 있고
혹시 환도상어가 너무 빡세다 하시는 분들은
귀상어로 바꿔서 판매하시면 됩니다!
만약 돛새치도 빡세다 하시는 분들은
지브라 상어로 대체하시는 것도 방법이에요
얼마 차이도 안나는데
게임 스트레스 받는 것 보단
편하게 하시는 게 더 좋을테니까 :)
각 상어별 쉽게 잡는 법은
아래 gif와 위 영상을 참고해 주세요!
해파리 파티와 참치 파티에는
감투빗 해파리 / 참다랑어 고정으로
잡기 어려운 몹들은 아니니
미리 준비해 주시면 되고
상어 파티 알림이 뜨면
2일 전부터 환도 상어를 킵해두고
파티 당일에 파시면 최고 효율을 낼 수 있어요
만약 환도가 빡세다 하시는 분들은
귀상어로 30마리 파시는 것도 방법이고
깜빡하고 메뉴를 못모았다고 할 경우
환도, 귀상어, 지브라 조합으로 판매하시면
위 이미지와 같이 판매할 수 있습니다 :D
​
​
3. 지브라 상어 제자리 사냥법
이건 뭐... 사실 쓸 일이 많지는 않겠지만
세더다 즐기는 모드로 한번 해보겠다 하실 분들은
심해 가는 길목에 젠되는 지브라를
무기 상자 있는 바위쪽으로 유도하셔서 잡으시면
제자리에서 사냥 가능하십니다 ㅋㅋㅋㅋ
​
​
4. 메가마우스 칼질
냉동참치 먹으면 쉽게 가능합니다
기본칼은 아무래도 힘들고 켄타작살은 조금 오래 걸려요
오리발 2렙으로도 충분하니까
즐기는 모드이신 분들은 트라이 해보세요
​
​
5. 귀상어 팁
귀상어는 벽에 박치기 할 경우 잠깐 그로기 상태에 빠지고
근접 패턴인 망치 휘두르기 역시 그로기 상태로 이어져서
이 패턴만 잘 활용하면 쉽게 잡을 수 있어요
특히 오른쪽에 젠되는 귀상어는 양 옆에 벽 끼고 잡으시면
더 재밌게 잡으실 수 있을거에요!
​
​
머리 휘두르는 패턴은 도리도리 좌우 2번씩인데
이 패턴이 익숙해지시면 오히려 박치기 유도보다
도리도리 패턴을 유도해서 빨리 잡으실 수 있어요
​
​
6. 환도상어
환도상어는 주변에 잡몹이 엄청 많아요
심지어 청, 돛새치와 상어들까지 겹치기 때문에
기본적으로 잡몹들을 제거해주는 게 1순위고
영역 밖으로 유도 후 잡는 방법이
그나마 가장 안전한 방법인데
이 때 가까이 가서 데리고 오는 것 보다는
총을 이용해서 유인하는 방법이 더 안전해요
​
보통 다른 상어들은
둥글게 둥글게 해주면
방향 전환만 하다가 작살, 총 맞고 죽어주는데
환도는 그딴거 없고 방향전환 하다가도
돌진하는 악질이라서
작살 거리 재주면서
원을 그리며 빙글빙글 돌아야 해요
너무 크게 원을 돌다 보면
주변 몹 상어나 새치, 잡몹이 붙으니까
미리 다 제거해주시는 게 좋습니다!
​
​
제거 안하면 이런 꼴 나는데
이걸 또 즐기겠다고 트라이하다가 죽어버림 ㅋㅋㅋ
여기서 드릴 수 있는 팁은
절대 즐기겠다고 무리하지는 마세요
재도전 횟수가 2번 있지만
언제 억까를 당할지 모르기 때문에
재도전 횟수는 소중히 하셔야 합니다 ㅠ
​"
https://www.inven.co.kr/board/maple/2304/41500,기타,1억도 가능한 아즈모스 협곡 완전공략(일부 수정),,2024-10-21 02:50,264814,40,"본 공략은 대부분의 5억을 맞추지 못한 유져를 위해 작성되었으며 최소 7000점 정도의 득점을 보장하는 공략임.
최고점을 위한 공략이 아님. 리세마라를 최대한 줄이면서 고득점을 위한 공략이기에 9000점이상의 고득점을 노린다면 큰 의미가 없을 수 있음.
-- 10/25 일부내용 수정
착선 내의 내용은 기존.
먼저 공략에 앞서, 스펙과 점수 목차
목차
1.기본적인 루트 소개, 운영법
2.템선택의 가이드
3.템에의한 차원문 도감
자 이제부터 공략 시작해보겠음
2번 항목에 아래에 결론을 첨부했기에 짧은 글을 원한다면 해당 부분만 봐도 무방함.
1.기본적인 루트 소개와 운영법
내 공략에서는 2가지 루트가 있음.
9루트와 8루트임.
아즈모스 협곡에서 최대한 많은 발판을 밟는다면 9루트, 모종의 이유에 의해 한 발판을 거른다면 8루트가 나오게 됨.
이때 거르는 발판은 3종류가 있음.
---------1-1.종류 불문 보라색 발판
5억 위면 이 공략을 볼 필요가 없고, 5억 아래면 여기에 들어갈 이유가 없음.
보라방을 잡을 수는 있는 플레이어가 마지막 칸 보라 보스가 나왔을때 높은 클리어 점수를 보고 들어간다. 이 단 한 가지 경우를 제외한다면 절대 들어가서는 안됨.
차원문은요? 현시점 보라 차원문은 단 한가지 뿐이며 해당 칸의 효과는 보라 보스방의 약화임. 근데 템 건네기를 고르자니 한칸을 날리는거고, 전투하자니 5억짜린데 허쉴?
고로 보라 발판은 밟지 않는다.----------
보라색 차원문에 대한 생각이 꽤나 바뀌었음. 보라 차원문 보스는 내 체감으로는 3억방방 보스와 같거나 조금 약한 느낌이며 사냥또한 골드 사냥과 큰 차이가 없음. 그렇기 때문에 높은 클리어 점수를 위해 초반 양쪽에 붙어 있다면 충분히 리세해볼만한 선택지라고 생각함.
3억 보스가 시간 1~2조건 클이 안나는 스펙이라면 보라 차원문을 들어가는게 이득인거같음.
첫 방이 사냥이라면 보라 사냥 리세마라로 고점보기에도 용이함.
첫방 보스방이라고 못보는건 아니지만 극딜 돌려야하니..
사냥방이 뜰 확률은 체감 10프로 내외쯤 되는거같음.
보라 보스방은 격이 다르긴함. 약화를 시키지 않았다면 7만 중반캐릭터가 2극딜 이상 해야 넘어가지는 정도. 고로 보라 보스방은 후반부에 잡을수 있는 플레이어가 아니면 들어가지 않는다를 유지.
1-2.미니게임 발판
할줄알면 해도 되지만 나는 절대 안할거임. 난이도도 높고 아이작에 익숙한 나로써는 조작키가 정 반대이기 때문에  뇌정지가 매우 심하게옴.
1-3.극딜없이 보스
기본적으로 보스 연전은 해서는 안되지만, 하는 경우가 있긴하다.
내가 해당 보스를 극딜을 돌려 1극에 깰수는 있다는 판단이 들경우, 아랫조건을 지키는 선에서 클리어해 마지막 점수를 뻥튀기 시키거나, 힐템 도박을 보는경우
이 경우 외에는 밟지 않는다.
(추가)
보스연전을 치루는 경우 보통 흰- 금 or 금- 흰
이런식으로 밟게 될텐데
1.흰-금
흰색 30초클 이후 잔여극딜이 있는 직업은 바로 진입해서 딜해준후, 평딜 +다음 극딜로 300초 내에 클리어 노리기
잔여극딜 없는 직업은 최대한 기다려서 쿨을 돌린뒤 진입
2.금-흰
금색에서 오리진 극딜과 평딜, 모자라다면 1극을 더써도됨. 1억 초중반이라면 오리진 극딜하고 남은 시간 100초 언저리쯤에 잡을 피까지 깔텐데(이게 안되면 딜이 모자란경우) 여기서 보스를 잡지 않고 최대한 뻐겨서 5차극딜을 돌린후 흰방에 들어가야한다.
당연하지만 아랫조건을 지키는 선에서 해야하기에 금방에서 고양이가 나오면 점수가 나락을 가고만다.
또한 5차만으로 흰방을 못미는 경우에도 보스연전은 하지 않는다.
금 흰 금 보스같은 3연전은 임시보호 두루마리 or 저항력 100에 남은 세방 보스 이런식으로 특이한 케이스 아니면 시도하지 말자. 멘탈이 갈린다.
자 이제 거르는 발판을 알아보았으니 본격적으로 루트를 짜보겠다.
이번주에 짠 9루트 플레이이다. 9000점 이상을 위해선... 아무래도 스펙이나 검은돌이 필요하다.
흰보,전,전,전,흰보,노보,차원문,전,전
9루트를 위해선 어지간하면 리스크를 한번 감수해야 하지만, 8루트보다 더 좋은 보상을 먹을 수 있다. (리트가 싫다면 8루트로 가면 된다)
나같은 경우에는 보스연전 도박을 했다.
딜템이 충분히 갖춰졌다는 전제하의 1억 초반대의 캐릭터에게 5분이란 시간은 노랑 보스를 잡기에 충분하다. 아랫조건을 사수하는 선에서 50저항력을 걸고 도박해보는 것도 나쁘지 않은 선택지라고 생각한다.
아랫조건을 어떻게 지키는지 아직 잘 모르겠는 고양이가 나올경우 500점이 더 빠지기 때문에 맛이 많이 떨어진다.
보스별 조건:
고양이: 불 디버프 시간 비례 (패턴 맞고나면 무적도 의미없는데다가, 모든 패턴에 다 달려있음. 오른쪽에 뜨는 게이지. 이게 핵심인듯한데, 딜컷을 해가며 게이지가 안넘치게 관리를 해야하는건지. 뭘해도 차는건지... 아직 감이안옴)
돌땡이: 그냥 패면됨.
기사: 자쿰3페 찍기패턴이랑 비슷한 패턴만 안맞으면 조건달성
1000+a -50 저항력, + 랜덤보상
여기서 보상이 회복템이 나올경우 고점을 볼 수 있게 되는거다.
9루트의 장점이 하나 더 있는데, 차원문을 통한 완전회복을 노려볼 수 있다는 점이다. 8루트의 경우 차원문을 회복으로 먹게되면 사실상 7루트가 되어 점수가 낮아지므로 비추천한다.
이전 8루트에서는 보스연전 도박을 제외하고는 9루트와 동일하게 플레이하였으며 7100점정도 획득하였다.
저항력은 80이 최소치라고 생각하고 4스테이지 이후로는 채울 수 있을때마다 채우는 식으로 해야한다.
2.템선택 가이드
1스테이지 및 리세팁
리세를 할때는 어지간하면 노블을 안킨상태로 하는걸 추천한다.
노블없이 도핑만 된채로 첫템 보고 노블을 킬지말지 정해보자..
-배낭 시리즈
보유한 귀속 아이템 개수마다 최종 데미지 4(6)%씩 증가. 던전 아이템으로 증감하는 최종 데미지는 합 적용
-검은 연금술사의 돌
실패하지 않고 연속 3번 전진 시 눈을 뜬 검은 돌로 변환
>>
균열 방어, 아즈모스의 수호자 저지 성공 시 포인트 획득 250 증가
-에픽 수호부
균열 방어, 아즈모스의 수호자 저지 시 피격 데미지 15% 증가, 최종 데미지 10% 증가. 던전 아이템으로 증감하는 최종 데미지는 합 적용
이중에 하나는 반드시 먹고 시작하는게 좋다.
특히 검은 연금술사의 돌은 후반부에 차원문을 거의 안밟겠다 싶을때 1라에 먹는다면 1500점 +짜리 템이기에 먹을 만 하다. (차원문에서 전투를 골랐을때도 적용되는지는 실험 필요)
그냥 연돌은 +600짜리 템인데 고작 그거먹겠다고 딜템 거르는건 손해다.
수호부는 레어의 경우 패널티에 비해 딜 상승폭이 짜서 비추천한다.
이 템을 하나도 먹지 못했다면 리세하는게 정신건강에 이롭다.
(여담으로 데벤, 레투다 있는 직업이 에픽,레어 수호부먹고 플레이하면 익스트림하게 난이도가 올라간다.)
상황에 따라 먹는템
-레어 암흑술사의 비서 (구림)
균열 방어, 아즈모스의 수호자 진입 시 저항력 감소 5 증가, 최종 데미지 4% 증가. 던전 아이템으로 증감하는 최종 데미지는 합 적용
딜템이 부족할때 울며 겨자먹기로 먹는 템이며 에픽 비서는 7~8라보상으로 나온거 아니면 안먹는다.
-임시보호 두루마리
3번 동안 모든 아이템 효과 봉인 및 남은 시간에 따른 저항력 감소 방어, 스테이지 종료 시 저항력 10 추가 회복
정말 잘 생각해서 먹어야되는 템이다. 모든이기에 소모품 조차 이 템이 사라지기 전까지는 효과가 없어진다는걸 유의해야한다. 정말 이거 안먹으면 바로 뒤지겠다. 싶을때. 이번 고비만 넘기면 뒤는 쉽다 싶을때 먹긴 한다만, 이렇게하면 점수가 빠질 각오는 해야한다.
-탐사대 세트
최종 데미지 4/6/8% 감소, 균열 방어, 아즈모스의 수호자 저지 성공 시 포인트 획득 30/50/100 증가. 던전 아이템으로 증감하는 최종 데미지는 합 적용
초반 or 가방이 없다 = 안먹는다. 6스테 이상의 딜이 갖춰진 상황에서 먹는정도이다. 혹은 후반 라운드에서 뻥튀기용으로 먹거나.
-친위대의 견장 세트
귀속 인벤이 가득찬 경우, 도저히 먹을게 없는경우 고른다.
먹는 이유는 레전템을 띄워줄 확률이 있기 때문이다.
차원문을 통해 레전을 먹는건 점수를 안주지만, 이걸로 레전템 빼먹는건 상관이 없기에 정 집을게 없으면 집는다.
레전템은 힐템을 비롯한 고급 소모품이 많다.
-항마의 팬던트
다음 아즈모스의 수호자 저지 난이도 완화
보스전 이전이라면 고트 소비템. 특히 노랑보스에 이거 + 오리진 극딜 + 딜템모음의 조합이라면 풀조건으로 클리어도 노려볼만하다.
그외에 먹을만한 npc템
가방이 있으며, 이후에 차원문을 밟아야 할경우 먹는걸 고려할 수 있다. 점수를 희생해 풀힐이 가능한 인카운터
등급에 주의할것
실버:
아즈모스 방어탑 작동 설명서(풀힐),
이단의 숭배물(풀힐)
골드:
:드라크의 의식 계획(풀힐)
골렘 자폭 주문서(풀힐)
이외의 모든 차원문은 전투를 가는걸 전제로 한다.템도 집지 말란 소리다.
(템이 점수적으로 도움이 안되거나, 성능이 부족한 경우다.)
2번 선택지에 자주 나오는 20 저항력 회복 선택지는 확률적으로 템을 받고 점수는 없으며 이전 저항력에서 입장료 -20~30을 먹은 효과니 매우 손해이다.
템은 이정도로 고르면 되겠다.
약하면 약할수록 딜템위주로 집어야 저항력의 손실을 막고 많은 스테이지를 갈 수 있다.
초반부터 점수템 집고 안되는데요? 하면 할말이 없다.
번외-
이스터에그 추정템
대부분의 스페셜 조건 교환템들은 능력이 있는 템, 혹은 소모품이 나온다. 딱 2개의 템을 제외한다면
용도를 모르는 수집품
용도를 모르는 귀중한 수집품
아즈모스의 고양이가 각각 반짝이는 화살촉 더미, 비범한 단도를 요구한다.
내 예상은 이걸 이용해서 이스터에그를 발동시키는거 같은데 아직 연구가 필요하다.
+극히 제한적으로 사용될만한 아이템
배낭이 없으면 절대 먹지 않으며 발판 억까가 있을때 사용하는 아이템
비상식량, 마족 용병단의 휘장.
사용처는 차원문,보스 순서로 발판이 배치되어 있고 사방이 억까발판으로 막혀 있을때 차원문에서 보스가 나오는게 부담스럽다면 사용한다. 골드 차원문의 경우 600점, 실버는 400점을 이후에 획득할 수 있는 증표를 주기에 발판 날리는 손해를 줄일 수 있다.
다음 보스 처치시에 보상을 주는 매커니즘이기에 반드시 차원문,보스 순이여야한다.
+ 이방인템과 이방인의 상관관계
해당 차원문의 등급과 내가 보유한 이방인템의 조건이 올바를 경우. 이벤트 유도가 가능하다.
골드 이방인템 - 골드 차원문
실버 이방인템 - 실버 차원문
이런식으로 조건을 맞춰 진입했을때 아직 데이터가 좀 부족하지만 대략 80판정도 굴려본 결과 항상 템 효과를 발생시키는 스페셜 인카운터가 나왔다.
3.아이템 도감
안볼사람은 스킵
------------------------------------------------------------------------------------------------
헬레나
실버:
(스페셜)
요구:이단의 숭배물
보상:아즈모스 연금술 결정 + 저항력 40
골드:
요구:골렘 자폭 주문서
보상:격렬한 아즈모스 연금술 결정 + 저항력 50
효과:저항력 60, 80회복
다니카:
실버:
(스페셜)
요구:거대한 뼈다귀
보상:투기장의 아뮬렛 + 저항력 40
골드:
요구:인페르누스 사육서
보상:붉은 아뮬렛 +저항력 50
효과:보스전시 최종템 10,20퍼 증가 소모템
헬린:
실버:
스페셜
요구:비상식량
보상:아즈라엘의 메모
골드
요구:마족 용병단의 휘장
획득:아즈라엘의 일지 + 저항력 50
효과: 균열 방어, 아즈모스 수호자 저지시 포인트 추가 소모템.
부기:
실버:
스페셜:
요구:이상한 연금술 실험 도구
획득:부기의 증거물 자루+저항력 40
골드:
요구:마족우상
획득:부기의 특급 증거물 자료 + 저항력 50
에픽템,유니크템
지원군이 도착했다
골드
회복템 주는 전투불가 인카운터
마법사 협회의 파견자
실버:
요구: 아즈모스 방어탑 작동 설명서
획득: 펜시의 자양강장제 + 저항력 40
골드:
요구:드라크의 의식 계획 소모
획득: 펜시의 특제 자양강장제 + 저항력 50
효과: 저항력 60,80회복
마족 헌터
실버
요구:현상 수배전단
획득: 헌터의 탈리스만, 저항력 40
골드
요구: 드라크의 초상
획득: 헌터의 섬뜩한 탈리스만, 저항력 50
템 효과: 아즈모스 수호자 저지시 포인트 + 500, 600 소모품
유령
실버
스페셜
요구:더러워진 마족 헝겁 인형
획득:딸기향 시럽(보스전시 헤도 1회 소모품) + 저항력 40
3안
드라크의 연구기록 >> 도굴꾼의 배낭
골드
2안 기록 >> 도굴꾼의 커다란 배낭
요구:아빠가 만들어준 머리핀
획득:아빠의 유품(시럽과 같지만 최종뎀 +10) + 저항력 50
아즈모스의 고양이
스페셜:
실버
요구: 반짝이는 화살촉 더미
획득: 용도를 모르는 수집품 + 저항력 40
골드
요구:비범한 단도
획득:용도를 모르는 귀중한 수집품 + 저항력 50
정체불명의 학자
3안
은화소모해서 내템 1강 50퍼확률
스페셜
요구:드라크의 메모
획득 저항력 40+ 내템 1~2단계 상승 + 확률적으로 상위템
골드
3안 : 실버와 동일하나 금화요구
스페셜
요구: 저주에 잠식된 의식용 칼
획득: 저항력 50 이하 실버와 동일(2단계 확률이 더 높음)
아즈모스 방어탑
실버
스페셜:
요구: 찰랑이는 혈액병
획득:아즈모스 수정 + 저항력 40
골드:
요구: 불길한 혈액병
획득: 아즈모스 혈석 + 50
템 효과: 소모형 최뎀 10, 20퍼
아이템
탐사대 세트 (레,에,유)
최뎀감소 >> 획득 점수증가.
고스펙 아니면 선택 x
사냥꾼 채찍류(유,레)
5~10초내에 보스 킬시 추가점수
초고스펙 전용템
연금술사의 돌 (에,유)
3턴후 스테이지당 100, 250 점수 추가
초반 리롤을 하는 이유, 고득점을 위해서 초반에 먹어야만 하는 템.
도굴꾼의 배낭 (레,에)
언제 먹어도 좋은 ss급 딜템
암흑술사의 비서 (레,에)
딜템이지만 저항력 패널티가 빡새기 때문에 상황을 많이 봐야함.
투기장 수호부 (레,에)
소프트 레투다, 딜이 필요할때 어지간하면 먹는게 좋음. 단 생존 자신없는 사람은 먹지 않을 것.
임시 보호 두루마리(에)
3턴간 아이템 봉인, 시간 페널티 삭제, 스테이지 종료시 저항력 10 추가회복
후반 짜내기할때 먹는 템.
친위대의 견장(레,에)
배낭, 연돌등 중요템이 모두 있거나 도저히 다른게 먹을게 없을경우 먹을만 한게 레전템 까지도 등장시킬 확률이 있기에 고점이 있음.
항마의 팬던트(에)
중요템을 먹었거나 곧 보스를 잡아야하는경우 먹을만함.
각종 힐템(에~레)
필요시 먹기
------------------------------------------------------------------------------------------------
결론:
1.보라 발판 밟지마라
2.딜템 위주의 운영을 해라
3. 저항력은 채울 수 있을때 채워라.
오류,반박 언제든 환영하며 정보가 추가된다면 수정할 예정"
https://www.inven.co.kr/board/maple/2304/41447,기타,(수정)패치 후 메할일 요약&변경점/보상 전체 정리 등 : 출석 등,,2024-10-16 11:55,62567,33,"[추가/수정 사항]
1.  아즈모스 협곡 검환불 개수 수정 : 50->30
-------------------------------------
안녕하세요
이 글은 10/17(목) 업데이트 내용들을 취합한 것입니다. 요약과 본문 같이 봐주시면 주요 내용 다 가져 가실 수 있습니다
제가 확인이 가능한 부분이라면 디테일한 부분들을 직접 확인해보고 말씀 드리고 싶은 욕심은 항상 있지만 도저히 짬이 안 나서, 그렇게 하지 못한 부분들
은 함께 보시면 무조건 좋은 다른 분들이 작성하신 관련 글들을 해당 부분에서 드리니 꼭 같이 봐주시는 걸 권장 드립니다
잘못 적힌 부분은 말씀해 주시면 감사히 수정합니다
★오늘(수요일) 23:59 종료 사항★
: 오늘 종료 사항
-
하이퍼 버닝 : 보상 수령
- 챔피언 버닝(더블 업/챌린지) : 코인/훈장 수령
- 아이템 버닝
- 티르노그 설계도 : 누적 보상/부스터/3배 경쿠
- 티르노그 해시태그 : 누적 보상 수령/부스터 교환
- 고브의 선물 : 보약
- 견습 로봇 놀이터
* 코인샵은 일요일까지 이용 가능
** 버닝 월드는 4시에 닫힘
- 금손은손 판매
- 플래티넘 애플 : 1주일 종료 후 에르다 확률 낮추고 강화권 추가하여 재판매 예정
스크롤 문제로 간략히 적었으며 어제 글을 못 보신 분들께선 자세하게 적은 글로 한 번 확인해 주시는 게 좋겠습니다
https://www.inven.co.kr/board/maple/5974/4222617
+ 코인샵 주간 초기화 물품 구매, 에픽 던전, 주보, 수로(보약 오늘까지) 체크
★점검 예정 시간 : 04~10시★
★이번 패치 주요 내용 요약★
[신규 콘텐츠 : 아즈모스 협곡]
- 260 이상 참여 가능
- 넥슨 ID 기준 참여
- 목요일 0시 초기화 : 클리어/코인샵
- 코인샵에 카르마 환불/명큐/장큐/수에큐/아크이노/순백 : 창고 이동 가능
- 코인샵 신규 경험치 도핑은 교환 가능
- 메포 보너스 보상은 가능한 한 받는 게 좋다고 함
[신규 이벤트]
1. <차원 대소동>
- 차원 레벨 1 상승=코인샵 코인 1개/보약 SP 1개
- 인게임 설정 목표 : 최종 아이템 보상은 60레벨 / 의자 100레벨(외형)
- 일일 출석 : 레범몬 1천 마리(1레벨업) / 주간 제한 없음
- 주간 출석 : 펀치킹 참여(점수에 따라 오르는 레벨 다름/최대 5레벨) : 1점수=EXP 교환권 1장
- 1레벨당 3000메포로 매주 최대 5레벨씩 구매 가능
- 17성 강화권/유잠/에디 에잠/각인/프펫공/프악공/놀긍 등은 이번에 없음
- 카르마 블큐&화에큐 : 코인샵에 각각 20개씩 / 출석에 각각 20개씩
2. <세이브 더 다이버> : 35일 진행
- 레범몬 1천 마리 퇴치 후 미니 게임 참여 가능
- 기본 참여 횟수 35회 / 메포 참여 횟수 일일 1회 1000메포 총 35회
- 획득 코인으로 콜라보 전용 치장템과 EXP 교환권, 부스터 구매 가능
3. <차원의 헌티드맨션>
- 게임 8번 출구와 비슷한 이상 현상 찾기 게임
- 할로윈 관련 치장 아이템 획득 가능
4. 캐시 이동 : 금요일 10시~금요일 10시
5. 후속 PC방 이벤트 : 금요일 0시 시작 : PC방 칭호 복각
[주요 개선 사항]
1. 칼로스 패턴 개선
2. 익스트림 세렌 패턴 개선
3. 익스트림 세렌/카오스&익스트림 칼로스/하드&익스트림 카링/하드 림보 HP 11% 감소
4. 숨 돌리기 메세지 상태창 메세지로 위치 변경
★패치 이후 판매 캐시 관련 정리글 링크★
:
https://www.inven.co.kr/board/maple/2304/41401
- 신규 헤쿠성쿠 목록(+초이스)
- 데이브 콜라보 캐시샵 판매 품목 전체 미리보기
- 스라벨
[본문 목차]
1. 캐시이동 / PC방 이벤트 / 아즈모스 협곡 관련
2. 신규 이벤트 : 차원 대소동(메인 출석) / 세이브 더 다이버 / 할로윈 이벤트
3. 신규&변경 사항
---------------------------------
1. 캐시이동 / PC방 이벤트 / 아즈모스 협곡 관련
* 아즈모스 협곡의 진행 방식과 추가 메포 보상 관련 잘 정리된 공식 기사가 있어 링크를 드립니다
https://www.inven.co.kr/webzine/news/?news=300009&site=maple
2. 신규 이벤트 : 차원 대소동(메인 출석) / 세이브 더 데이브 / 할로윈 이벤트
[메인 출석 이벤트 : 차원 대소동]
1. 이벤트 기간 : 10/17~12/18 : 63일(9주) 진행
2. 목표 : 일일/주간 출석(미션)을 통해 <차원 안정화 레벨> 올리기
1) <차원 안정화 레벨> 은
1000XP를 획득할 때마다 1레벨 상승
합니다
2) 해당 XP(레벨)는 3개의 방법으로 올릴 수 있습니다
★일일 미션 : 일일 레범몬 1천 마리 퇴치 : 1회 완료 시 1000XP 획득 : 주간 횟수 제한 없음
★주간 미션 : 펀치킹 참여 : 참여 시 점수에 따라 최대 1~5000XP(+점수와 동일한 EXP 교환권) 획득
★메포 구매 : 매주 5레벨씩 구매 가능 레벨 충전 : 1회에 3000 메포 필요
3) <차원 안정화 레벨>을 올림에 따라 해당 3개의 보상을 수령합니다
★ 아이템 보상 : 60레벨 달성 시 최종 보상 획득
★ 보약 포인트 보상 : 1레벨당 1포인트 지급
* 5레벨까지 총 15SP 필요
** 6레벨까지 총 25SP 필요
***스펙과 콘텐츠 보약 SP가 통합됨에 따라 찍기 전 우선 순위를 고려하셔야 합니다
★ 코인샵 코인(디멘션 토큰) : 1레벨당 1코인 지급
4) <차원 안정화 레벨> 목표치와 최대치 관련
- 시스템상으로 이벤트 오픈 시 1레벨, 총 올릴 수 있는 레벨이 153이어서 총 154레벨까지 가능합니다
일일 출석 개근 : 63레벨
주간 펀치킹 5000점 만점 x 9주 : 45레벨
메포 9주 전부 구매 : 45레벨 : 총 135000메포
- 다만 위에서 보신 대로 게임 내에 주어진 도전 목표를 보자면 이렇습니다
60레벨 : 아이템 최종 보상인 초성비
100레벨 : 의자 최종 업그레이드
- 기존의 최종 보상으로 설정된 초성비 여유 기간
일일 출석만 참여 시 개근하더라도 3일의 여유 기간밖에 없음
단, 주간 펀치킹 점수가 450점이 되는 기점으로 기존 출석 이벤트의 여유 기간인 1주일과 동일해지며
그 이상의 점수를 얻는다면 여유 기간이 더 늘어나겠습니다
[콜라보 이벤트 : 세이브 더 다이버]
1. 이벤트 기간 : 10/17~11/20 : 35일(5주) 진행
2. 참여 방법 : 일일 1회 레벨 범위 몬스터 1천 마리 퇴치 시 미니 게임 참여 횟수 1회 충전 : 개근 시 총 35회
이에 더해 일일 1회씩 1000메포로 1회 입장 기회를 구매할 수 있습니다. 이는 이벤트 기간 내 누적됩니다
3. 진행 방식 : 잠수하여 물고기를 잡아 초밥 판매 -> 골드 획득 -> 챕터 완료
1) 우선적으로 기존 메이플 단축키와 조작 방법이 다르기 때문에 맨 처음 판(튜토리얼) 때 안내되는 단축키를 확실히 숙지하시는 걸 권장 드립니다. 텍스트로 보면 이렇고 인겜에서 보시면 더 직관적으로 표시돼 있습니다
이동 : WASD - 2개 동시에 누를 시 대각선
SHIFT : 산소 소모, 빠르게 움직임
왼쪽 마우스 : 근접 공격 / 원거리 무기 공격
오른쪽 마우스 : 원거리 무기 조준
TAB : 원거리 무기 전환
C : 보조 장비 사용
R : 보조 장비 교체
ESC : 인벤토리 사용
~ : PDA 사용
SPACE : 상호작용
2) 단축키가 숙지가 안 되면 초반에 밑처럼 쫓기는 상황 등에서 당황하다가 죽을 수 있는데, 죽게 되면 리트할 수 있는 게 아니라 하루의 무료 기회를 날리게 됩니다. 밑과 같은 선공몹들은 어느 정도 도망가면 다시 돌아가니 초반엔 무조건 빤쓰런 합시다
3) 이벤트 기간이 꽤 길기도 하고 방식이 익숙해진 이후엔 수월할 수 있겠으나 저는 개인적으론 관련 정보를 보시고 시작하시는 것을 권장드리고 싶어 관련 글들을 드립니다
https://www.inven.co.kr/board/maple/5974/4221267
: 직접 해보신 10챕터까지의 루트
https://www.inven.co.kr/board/maple/5974/4224858
: 지도(물고기/아이템 위치)
4. 보상
1) 챕터 보상 : 챕터 미션을 통해 20만개의 코인을 획득 가능하며,
최종 챕터 완료 이후로는 영업으로 획득한 골드를 토큰으로 교환할 수 있게 됩니다
2) 성장 코인샵
* 상급 EXP 쿠폰 몰빵 경험치 표 : 파란인섕 님 제작
작성하신 더 자세한 글 :
https://www.inven.co.kr/board/maple/2304/41416
2) 치장샵 : 개수 제한 없음 : 도감에서도 획득 가능하므로 하나만 필요하시면 구매 안 하셔도 됨
3) 도감 완성 보상 : 물고기 한 마리 잡을 시 자동으로 채워지며 총 40마리 : 코인샵의 치장 보상과 겹치나, 최종 보상 의자는 여기서만 획득할 수 있습니다
​
[할로윈 이벤트 : 차원의 헌티드 맨션]
1. 이벤트 기간 : 10/31~11/13 : 14일(2주) 진행
2. 진행 방식 : 일정 확률로 발생하는 이상 현상 찾기 = 게임 8번 출구
테섭에서 공개된 이상 현상 일부
https://www.inven.co.kr/board/maple/5974/4217311
3. 탈출 완료 보상
4. 히든 보상
해당 보상의 경우 획득 경로가 릴리즈에 언급되지 않았습니다
다만 총 이상 현상의 개수가 이렇게 표시되는 만큼 관련되어 있지 않을까 싶습니다
3. 신규&변경 사항
-------------------------
4추만 보내주시면 감사드리겠습니다"
https://www.inven.co.kr/board/maple/2304/41444,테섭,5일간 밤샌 데더다 소소 팁 통합 모음집.zip (최종),,2024-10-15 22:24,222617,78,"테섭 데이브 더 다이버 콜라보 플레이하면서 대충 메모장에 적기 시작한 것들이 욕심이 생겨 여기까지 왔네요.
많은 분들이 도움이 되셨으면 합니다. 좋은 밤 되세요.
0. 일일 입장 스케쥴 표
00. 공통 참고사항
* ESC(인벤토리 확인)와 ~(PDA, 살점 재고확인)은 물고기의 움직임, 산소 감소 등 게임 시간 일체를 전부 멈춤. 급한 일 생기거나 생각할 시간 필요하면 키면 됨. 그냥 콘솔게임의 PAUSE임. (중요!)
**
하지만 이렇게 멈춰도 블루홀 탐험 자체의 제한시간인 60분은 흘러갑니다. 켜두고 길게 자리비우는건 불가능.
*
인벤토리의 버리기 기능은 다중선택 품목 모두 한 번에 버리기이다.
그리고 데더다의 인벤토리 클릭은 기본값이 누적선택이다. (윈도우의 Ctrl 선택이라고 생각하면 됨) 매번 재획&유튜브 전환 반복 때문에 창을 한 번 클릭하고 스크롤을 내리는 습관이 있는 메붕이들은 조심하자. 쥐도새도 모르는 사이에 고가의 물고기 살점이 사라져 있을 수 있다.
* 물론 뇌 빼지 않고 잘만 사용하면 잡 물고기들 버리는 데 매우 유용하다.
* 탐험 준비를 끝낸 뒤, 보트의 거울에 가서 스페이스바를 누르면 시작을 피아누스의 동굴 앞에서 할 수 있다.
근데 별로 쓸모는 없다. 심해에는 후반부에 파밍할 게 전혀 없고 평소에는 오히려 동선 상 손해이다.
다만, 피아누스만 잡으러 갈거라면 유용하다. 이외에는 도감 채우기용 정도?
1. 물음표 유도컨 (중요!)
개인적으로 세더다에서 카이팅보다도 중요하고 유의미한 컨트롤이라고 생각함.
모든 공격형 물고기는 고유 젠 범위를 벗어나면 어그로가 풀림.
예를 들어, 상어와 새치류가 돌진기로 자기 구역을 벗어나게 되면 머리위에 ""?""표시가 뜨며 다시 자기 구역으로 돌아갈 때 까지는 추가 어그로가 끌리지 않고 느릿느릿 복귀하는, 사실상 프리딜을 넣을 수 있는 그로기 상태가 지속됨.
이때 딜을 최대한 욱여 넣는게 포인트.
활용 예시:
1. 어그로를 끌어 돌진을 유도하여 자기 구역 밖으로 나가게 한다.
(이 구역은 게임 하다보면 감이 오실 겁니다, 대충 젠 구역에서 멀리 떨어지게 하면 됨)
​
​
2. 머리 위에 ""?""표가 뜨며 복귀하는 시점에 빡딜을 한다.
​
​
다만, 귀상어 같이 벽이 나올때까지 최대한 돌진하는 개체의 경우 자기 구역에서 너무 멀어지면 그냥 사라졌다가 해당 구역에서 리스폰이 되기 때문에 적당히 멀리 보내야함.
+ 구역 이탈로 인해 사라졌다 리스폰 되는 경우 체력이 초기화 된다는 제보가 있었습니다. 너무 멀리 끌어내지는 말기.
2. 초반부~피아누스까지의 빌드
이거는 그냥 맑음님 유튜브에 최적화 완료된 빌드가 있으니 이거 참고하시면 될 것 같습니다.
저는 그냥 테섭 박치기 했는데 아무래도 더 오래 걸렸습니다. 효율적인 루트는 이게 맞는 것 같습니다.
맑음 유튜브) 뉴비용 20일 컷 빌드
본섭 업데이트 후 추가)
맑음님 빌드는 너프 전 난이도를 상정하여 뉴비 기준으로 쉽게 짜여진 루트인데,
쏠종개가 챕터4까지 등장하지 않는 것으로 바뀌어서 초반 난이도가 많이 완화되었습니다.
극초반 3버팔로 빌드가 가능하게 되어 추가적으로 올라온 17일 클리어 빌드도 참고하시면 될 것 같습니다.
그래도 좀 빡빡하지만 테섭보다는 확실히 쉬워진 것 같습니다.
인벤 세네토) 중급자용 17일 컷 빌드
https://www.inven.co.kr/board/maple/5974/4227941
펨코 꼼지랑어) 상급자용 16일 컷 빌드
https://www.fmkorea.com/7583623110
17일 컷 빌드는 무태상어를 잡지 않는 중급자용 빌드,
16일 컷 빌드는 무태상어를 잡는 상급자용 빌드입니다.
무태상어가 있는 빌드가 상급자용인 이유는,
무태상어A젠이 뜨면 진짜 빡세집니다.
챕터4 클리어 이후부턴 쏠종개가 등장하기 때문에 초반 난이도 완화랑도 관련x
지명 유튜브) 상급자용 17일 컷 빌드
,
이것도 중간에 무태상어가 들어가기 때문에 엄청 쉽지는 않아보입니다.
지명 유튜브) 상급자용 16일 컷 빌드 (본섭 수정본)
본섭 업데이트 후 한 차례 업데이트 하신 것으로 보입니다.
2-1. 피아누스 직후 ~ 후반부 까지의 빌드
피아누스 직후에는 각자 실력에 따라서
4번 항목에서 다룰
최고 조합 생선들을 강화하는데 힘써주시면 되는데,
맑음님께서 피아누스 직후 시기의 여러 팁들을 잘 정리해서 영상으로 만들어주셨으니
피아누스가 끝나신 분들에게 시청을 권합니다.
3. 후반부 참고사항(피아누스 잡고 끝내실 분들은 해당x)
<환도상어 관련>
* 환도상어는 장비 업글 덜 됐다 싶으면 걍 잡지 말고 다른 거 잡으러 가세요. 특히 이속이랑 공기통 낮을 땐 앵간하면 뒤짐.
개인적인 권장 레벨은 공기통 4렙, 오리발 3렙, 라이플 6렙.
2024-10-25 추가 사항)
피아누스 이후 환도상어를 바로 도전하시는 분들은
최소한
공기통 4렙, 오리발 2렙, 라이플 4렙
을 달성하시고 가시는 걸 추천드립니다.
공기통 3렙
: 환도상어 공격에 2방 컷, 통상적인 체력에서 1방만 맞아도 빈사상태
오리발 1렙
: 원활한 회피기동 불가능, 2렙과 체감 속도면에서 천지차이
라이플 3렙
: 2탄창 이상이 무조건 필요하며, 이 과정에서 체력 초기화 위험
(4레벨도 7방을 맞추셔야 하며, 절대 빗나가지 않는 것이 좋습니다. 작살 사용은 사실 상 불가능합니다.)
위
3가지
업그레이드의 총 비용은 11,500원
이며, 적재함 5렙(10,000원)을 포기할 시
피아누스 직후 영업을 하면 무조건 구매하실 수 있습니다.
적재함 4렙으로도 엔드조합 사냥이 가능합니다. (업그레이드 도중 잉여 물고기 파밍이 힘들긴합니다)
환도상어 > 오징어 > 돛새치 순
8.5kg > 17kg > 24.5kg > 32kg (느려짐) > 41kg > 50kg (한계적재)
* 41kg일때 들어집니다. 이 부분은 직접 해본 결과임
공기통3/오리발1/라이플2로 환도상어를 도전하는 사람의 조감도.gif
(청묘님 유튜브 잘 보고있어요..)
​
​
* 환도상어
뺨따구 싸대기 데미지는 무려 80이고 후속타로 몸박뎀까지 같이 들어오면 걍 즉사라고 보면 됨.
* 환도상어 작살로 때려서 잡을 생각 하지 않는게 좋음, 작살 사정거리 안이면 환도상어도 싸대기 사정거리 안.
* 그나마 환도상어는 최종보스 치고는 공격력 대비 체력이 엄청 높은 편은 아님.
라이플 6렙먹고 4방 컷 나기 시작하면 좀 할 만해지는데, 도망가는 루트 잘 설정하고, 어그로 컨 잘 하고, 좋은 에임으로 멀리서 라이플 잘 꽂아넣으면 생각보다는 순삭이다.
* 환도상어 젠은 초입/중간수역 경계선 중앙 탈출포드를 기준으로 왼쪽(A젠)/오른쪽(B젠 중 하나.
* 젠 위치가 어느쪽이든 쏠종개+쏠베감펭+복어를 인터셉터마냥 데리고 다님. 그나마 왼쪽(A젠)이 할 만 한데, 오른쪽(B젠)은 쏠종개 개체가 훨씬 많으면서 청새치+무테상어 젠 확률도 있고, 초입 오른쪽 탄약 위치에서 어그로 끌려서 내려오는 타이탄피쉬+중간수역에서 어그로 끌려서 올라온 꼬치고기랑 아귀까지 만날 수 있으며 이런 경우 매우 높은 확률로 개 난장판남.
*
개 난장판의 예시:
* 이 처럼 오른쪽(B젠)은 환도상어를 잡아도 근처 어그로 때문에 파밍해오는게 상당히 수고로울 수 있다. 행운을 빈다.
* 왼쪽 젠이 되었다면 그나마 잡을 만 한데, 그래도 무기 업글 좀 한 상태에서 주변 쏠베감펭이랑 쏠종개 미리 어그로 끌어서 정리한 후, 차근차근 환도상어 어그로 끄는거 추천. 쏠종개 2무리 정도만 정리해주면 된다.
* 환도상어는 선공몹이긴 하지만 첫 타격 전에는 인식 범위가 엄청 크지는 않다, 단 첫 타격 이후 어그로를 뺀 다음 다시 어그로가 끌릴 경우 화면 밖에서 매우 빠른 속도로 나타나서 끔살당할 수도 있으니 이동 시 주의. 물론 당연히 선공몹인 만큼 아직 안때렸어도 가까이 가면 바로 인식되니까 안때렸다고 너무 다가가지는 말자.
<쏠종개 미는 팁>
* 초반에는 절대 절대 절대 절대 쏠종개한테 덤비지 마라. 제발.
본섭 업데이트 후 추가)
난이도 완화로 챕터4 클리어전까지 쏠종개가 안뜨는 것으로 변경됐으나
그래도 중반부에도 건드리지 마세요. 악랄함은 여전함.
* 후반에 환도상어 레이드 등으로 쏠종개를 밀어야 할 일이 있으면 체력을 최대한 아끼기 위해 최소 나이프 2레벨 이상인 상태로 꼭 뭉친 후에 잡을 것 (아래 움짤 참고)
​
​
​
* 위 팁을 숙지하지 않은 사람의 상상도.gif
​
​
​
* 환도상어 왼쪽 젠 쏠종개 선 정리 빌드:
1. 뭉쳐서 최소한의 체력 교환비로 쏠종개 정리하기
2. 중앙 35m 또는 왼쪽 40m 부근 산소통으로 회복하기
3. 환도상어 어그로 끌기
<기타>
* 돛새치 청새치 출몰구역 주변에선 전방주시하며 이동하자. 이따금씩 화면 밖에서도 돌진해오기 때문에 체력이 적으면 그냥 죽는다. 가끔씩 스타팅 지역 바로 오른쪽 내려가는 곳에서도 청새치가 젠된다. (청새치 A젠)
​
​
* 청새치는 총 2마리가 젠이 된다. 중후반부에 꼭 잡아야 한다면 1마리만, 무조건 A구역이나 D구역에 혼자 젠 되는걸로 잡자. B, C구역에 환도상어랑 같이 젠 된 친구는 웬만하면 걍 떠나보내주자.
* 지브라상어, 코은상어는 첫 타격 전에는 시야에 있어도 선공을 하지 않는다.
* 훔볼트오징어는 작살로 잡지 말자. 대형 물고기지만 의외로 작살이 들어가는 몹인데, 딜링할때는 본인이 그로기가 걸리기 때문에 주변에 선공몹 있으면 위험해질 수도 있고, 막타 시점에 가끔씩 상어류 죽는거처럼 시체가 남는게 아니라 작살에 걍 끌려 적재함에 한번에 들어오는데 그러면 살점 5개분만 파밍되기 때문에 손해임.
2024-10-25 수정 사항)
훔볼트오징어 작살 관련 부분은 간헐적으로 발생하는 테섭 오류였던 것으로 보여집니다.
조건이 과적 상태라고 제보해주신 내용도 봤는데, 확인 결과
과적 상태에서도 정상적으로 시체가 남습니다.
안심하시고 작살로 딜을 넣으셔도 됩니다.
* 다만, 그래도 작살로 딜을 넣을 때 주변 위협에 취약해지는건 그대로이므로 탄이 있다면 총이 좋긴 합니다.
*
8레벨 라이플의 즉사확률
은 실험 결과
25%
로 추정된다. 상어 원킬이 뜨면 기분이 좋다.
​
​
매우 ​강력한 무기이고 이거 쓰면 게임이 더 재밌어지니까 메포 쓸거면 이거 풀업글 도전해보는 걸 추천한다.
* 작살 최종 진화형(8레벨 작살)은 다음과 같이 생겼다. 특수효과는 모름. 해보실 분 알려주세요.
4. 후반부 일일 적재 리스트
A. 노 이벤트 최고 조합
엔드 조합, 기본수입: 10,970원 (환도상어 1마리 2파밍 + 돛새치 1마리 2파밍 + 홈볼트 1마리 2파밍)
준 엔드 조합, 기본수입: 10,580원
(돛새치 1마리 2파밍 + 홈볼트 1마리 2파밍 + 귀상어 1마리 2파밍)
B. 해파리데이 최고 조합
기본수입: 14,850원 (감투빗해파리 10마리 10파밍)
C. 참치데이 최고 조합
기본수입: 13,200원 (참다랑어 3마리 6파밍)
D. 상어데이 최고 조합
2024-10-25 추가 사항)
<재고 축적 기준 최고조합>
기존에 알려드린 상어데이 최고조합은 모아둔 재고가 없었을 때 기준이였는데
실질적으로는 환도상어 살점 30개를 상어데이 2일 전부터 당일까지 3일 간 모아서 파는 것이
고점이 더 높고, 많은 사람들이 그렇게 할 것으로 예상되기 때문에 해당 내용 추가하였습니다.
ex) 40일차가 상어데이라면 38일, 39일 차의 탐험에서 얻은 환도상어는 기다렸다가 파는 것이 좋습니다.
* 만약 환도상어를 잡지 않으시는 분이면 귀상어를 모아두었다가 팔면 됩니다.
그리고 모든 물고기의 강화가 5렙으로 완성이 되고, 적재함이 6렙으로 올라온 이후에는
15일 사이클이 돌 때마다 일정한 주기로 재고가 쌓이고, 소모되기를 반복하는데
이에 대한 내용은 바로 아래에 서술하겠습니다.
<1일 파밍 기준 최고조합>
엔드 조합, 기본수입: 13,440원 (환도상어 1마리 2파밍 + 귀상어 1마리 2파밍 + 지브라상어 1마리 2파밍)
준 엔드 조합, 기본수입: 11,340원
(귀상어 1마리 2파밍 + 지브라상어 1마리 2파밍 + 메가마우스 1마리 2파밍)
Q. 준 엔드가 뭔가요? = 중반에 템이 그리 좋지 않을 때 환도상어 포기하는 루트
Q.
기본수입이 뭔가요? = 손님 노쇼, 녹차손님 등을 제외한 수입. 증감 고려하면 대충 실제 수입과 거의 비슷함.
단, 모든 조합은 미리 모아둔 살점이 없을 때 기준이고, 어차피 최후반부 가면 다른 이벤트때 이벤트 효과를 받지 않는 살점은 재고로 계속 쌓이기 때문에 이후 상황에 따라 다음 날 기본수입은 더 높아질 수 있음.
2024-10-25 추가 사항)
<30일 차 이후 최적 재고 사이클>
고점 판매 원칙은 당연히 (이벤트를 제외하고)
비싼 순으로 30개 팔기입니다.
주요 물고기의 강화가 5렙으로 모두 완성이 되고,
적재함도 6렙으로 올라와서 매일 기본 엔드 파밍(환+돛+훔)에 더해 추가 파밍이 가능해지면
재고 축적과 소모가 일정 사이클로 반복이 됩니다.
해당 사이클은 다음과 같습니다.
단, 조건 = 이 사이클이 무한 순환되려면 무조건 돛/환/훔 5렙 강화 완료, 적재함 6렙 완료 상태여야 함.
선발대 분들은 웬만하면 30일 차 해파리파티 전까지 해당 기반이 높은 확률로 갖춰지실 겁니다.
<후반부 일일 수입과 다이버 토큰(코인) 관련> (중요!)
결론적으로, 스토리를 모두 밀고 플레이로 다이버 토큰을 얻기 시작하는 시점 기준,
플레이를 한 번 진행하면
평균적으로 1회 입장에 11,500코인
정도가 생긴다고 보면 된다.
어차피 코인샵의 물품을 모두 구매하는 것은 아예 불가능하다.
가치와 효율은 개개인 마다 상황이 다르니 기계적인 가치만 계산해 본다면,
1,000메포 = 11,500코인 /
1억 메소 = 3000메포
라고 환산 시,
추가 입장이 가지는 가치는 메포로 코인샵 물건을 구매하는 행위와 동일하다.
본인이 추가 입장을 해서 해당 가격으로 해당 물품을 사고 싶다면 입장하면 될 것 같다.
상급 EXP 교환권 1개 = 86,956메소 = 2.6메포
VIP 부스터 1개 = 5,797,101메소 = 173.9메포
익스트림 성장의 비약 1개 = 1,449,275메소 = 43.5메포
태풍 성장의 비약 1개 = 72,463,768메소 = 2,713.9메포
극한 성장의 비약 1개 = 144,927,536메소 = 4,347.8메포
EXP 교환권 1개 =
43,478메소
= 1.3메포
2024-10-25 수정 사항)
최근 메소마켓의 변동으로 인해 해당 내용을 최근 상황에 맞추어 재계산하였습니다.
1억메소 = 2,500메포를 기준으로
재산출한 코인샵 품목의 가격은 다음과 같습니다.
5. 반쵸스시 참고사항
*
돈이 들어오는 시점은 손님이 먹고 나가는 시점이다.
다 먹는데는 10초가 걸린다.
남은시간 10초 전에 끝나지 않은 서빙은 수익이 증발한다.
* 위 이유 때문에 마지막에 가까운 손님이 녹차손님이면 높은 확률로 수익이 증발한다. (순전히 운)
* 메뉴가 느리게나와서, 자리를 안치워서와 같은 사유로 손님이 증발하지 않았음에도 불구하고 손님이 적게 오는 경우가 있다. 이유는 불명 (그냥 노쇼일수도)
*
의외로 중요한거는 그릇 치우는거
, 초반 러쉬 땐 이전 손님이 자리를 뜨면 바로 오는 경우가 잦은데, 그 시점에 알바가 서빙하고 있고 플레이어도 와사비나 녹차같은데에 묶여있는 상황이면 그릇 치우기 전에 화나서 가버리는 텀이 매우 짧음. 그 손님 하나당 400원 그냥 날리는 거임
* 첫 손님이 단체로 우르르 떠나가는 시점에 그릇 치우기를 우선시하자
* 무공은 가격을 생각하면 고용할 필요가 전혀 없어보임.
기능이 2가지가 있지만 시스템 상 차 따르기, 치우기를 동시에 하지는 못하는 것으로 보임. (밍밍부인+블랙이 엔드지 싶음, 사실 이벤트기간 내에 여기까지 오기도 힘들 듯)
* 차 따르기 속도는 밍밍부인>>예티로봇>=유저 속도이다. 밍밍부인은 상당히 빠르며, 가성비가 괜찮다. 차는 그냥 밍밍부인한테 맡겨놔도 될 정도.
* 주방인원의 요리속도는 후반부 가면 2분이라는 제한 때문에 30명 중 마지막 손님의 지불이 짤리는 경우가 은근 있음. 홀 인원 다 배치하면 필요하기는 함. (로보토이+핑크빈이 엔드, 하지만 여기까지 올 수 있을까?)
* 무공 제외 풀 알바 세팅만 해도 플레이어는 그냥 와사비 갈개가 된다.
6. 중요 물고기 추정 체력
<초반>
쏠베감펭 8~10
타이탄트리거피쉬 21~27
버팔로피쉬 73~75
백기흉상어 87~98
톱상어 56~110
무테상어 83~96
<중반>
참다랑어 173~186
심해해파리 41~50
귀상어 259~270
지브라상어 259~270
<후반>
환도상어 166~220
청새치 167~220
돛새치 249~251
훔볼트오징어 218~220
7. 장비 업그레이드 비용/성능 표
* 추가 정보 지속적으로 제보 받습니다
* 공기통, 적재함, 오리발의 경우 8레벨에 도달한 사람이 없어 추정일 뿐이지만, 오리발의 성능이 8레벨에서 확 뛰는 점과 8레벨에서 확 뛰는 강화 비용, 라이플 데미지의 8레벨 증가량을 놓고 봤을때 잠수복과 나이프를 제외한 모든 강화의 만렙이 8렙으로 추정하는 것이 합리적이라고 생각하여 8레벨을 만렙으로 추정하였습니다.
* 무료 35회 + 1000메포 35회 총 70회를 모두 최고 효율로 플레이 해도 장비 올 맥스는 절대 못하는 수치로 설정해둔 것을 알 수 있다. 선택과 집중을 하자. 물론 권장 업그레이드 수준까지는 30회 정도면 올 수 있을 것 같다.
* 짐작컨데 스나이퍼, 산소통, 적재함은 모두 최대 레벨이 8인 것으로 추정 됨.
8. 각 장비별 주관적인 엔드(권장 업그레이드 레벨)
공기통 엔드: 4레벨 (산소량 180)
이 이상 필요하지 않음. 어차피 맵을 다 알면 사실상 플탐 내 공기는 무한임. 그래도 4레벨까지는 가격이 매우 저렴하니(1,000원) 4레벨까지만 해주자.
잠수복 엔드: 5레벨 (수심 250m)
어차피 스토리 밀려면 다 업글해야함. 어차피 5레벨이 최대치
적재함 엔드: 7레벨 (무게 94kg)
매일 잡는 엔드 물고기가 정해져 있고 하루에 팔 수 있는 한계량이 있기 때문에 이 이상 필요하지 않음. 6렙으로도 할 수는 있는데 마지막 물고기 잡을 때 엄청 느려져서 전투하다 골로 갈 수도 있기 때문에 7레벨 추천.
2024-10-25 수정 사항)
적재함 엔드: 6레벨 (무게 63kg)
테섭에 대비해 최적 빌드가 매우 정교하진 본섭의 경우
7렙까지는 필요가 없겠다고 판단하였습니다.
현재 본섭 상황에서 적재함 7렙은 매우 비효율적입니다.
6렙을 엔드 만렙으로 생각하시면 되겠습니다.
오리발 엔드: 3레벨 (이속 120)
2레벨은 환도상어 돌진+싸대기 피하는게 1틱차이로 안되는 느낌이고 3레벨정도면 그래도 잘 피함. 4레벨 이상은 꼭 해줘야하나 싶음.
라이플 엔드: 6레벨(탄알10발/데미지55),
*이후 레벨업은 여유되는대로 라이플 올려주기 (레벨업 시 플탐 줄어듬)
후반 주무기, 6레벨에 탄알이 10발로 늘어나면서 작살을 아예 안 쓰고 할 일을 다 할 수도 있기 때문에 이 무기의 딜이 가장 중요해짐. 탄알 개수가 늘어나는 거도 있지만 이쯤 오면 데미지가 꽤 쎄지기 때문에 어차피 4~5발이면 모두 정리되는데다 지도를 숙지하면 어디서 탄알이 수급되는지까지 고려하여 루트를 짤 수 있어서 사실상 탄알을 마음껏 쓸 수 있음.
게다가 어차피 후반부에는 1판 당 꼭 잡아야 하는 물고기들이 정해져 있어서 탄 소모가 그리 크지 않음. 추가적으로,
체력 가늠 후 막타를 작살로 넣는다면 총알 1개를 아낄 수도 있음(훔볼트오징어 제외),
물론 작살을 아예 안쓰지는 않음, 성가시게 하는 아귀나 꼬치고기 같은 경우엔 안전거리 확보 후 작살 1대로 정리해야 함. (작살 6렙 기준) 그래도 총알이 여유로우면 6렙부터 꼬치고기 1킬, 7렙부터 아귀 1킬이 뜨니까 총으로 쏴주면 매우 편함.
작살 엔드: 6레벨(데미지31)
초반 주무기, 초반에는 탄창 개수가 적고 라이플 데미지가 약하기 때문에 작살로 때리는 경우가 훨씬 많음. 눈치껏 라이플이랑 체급이 비슷하게 번갈아가며 레벨업 하되, 업그레이드 필요 가격이 비슷한 시점엔 작살을 먼저 레벨업 하는 식으로 하면 됨. 다만, 라이플 6레벨 달성 이후에는 사실상 보조무기가 되어버리고, 작살로 컷 할 물고기들이 대부분 1방 컷이 나기 때문에 6렙이면 충분. 물론 4렙으로도 할 거 다 되지만 작살 딜이 올라가면 플탐이 더 줄어들기도 하고 6렙까지는 비교적 저렴한 것은 물론 6렙에서 최종뎀이 크게 뛰므로 해줄 만 함
스나이퍼 엔드: 2레벨(탄알3발/데미지37)
폐기물, 그래도 2레벨 비용은 50원이고 해두면 도움이 되는 순간이 있긴 할테니까 2레벨까지만 해두자.
나이프 엔드: 2레벨
유일한 근접 무기, 심해 해파리 잡을때 쯤 2레벨을 올려주자. 굳이 3렙 이상으로 올릴 필요는 없지만, 1렙은 너무 약하다. 1렙의 데미지3으론 해파리를 거의 10몇대 때려야 하고, 비상 상황에서 근접전으로 가망이 전혀 없음.
9. 어종별 파밍 정보
10. 지도 최종본. 위 팁에서도 지도의 젠 구역을 사용하여 설명 한 것들이 있기에 참고하면 좋음.
完. 개인적인 느낌 및 후기
솔직히 지금도 난이도가 꽤 어려운 편이라 본섭 오면서 난이도 너프먹으면 너프먹었지
뭔가를 조정해서 더 어렵게 만들거 같지는 않음
이거하느라 5일 내내 새벽 4~5시에 잠, 진짜 재미 끝판왕임
다들 즐 데더다
+ TMI)
피아누스 머리 찜은 ""이븐""하게 익힌 피아누스의 머리 요리이다.
근데 이제 간장 소스를 곁들인.."
https://www.inven.co.kr/board/maple/2304/41434,테섭,[테섭] 데이브 더 다이버 아이템 위치 지도(최종본),,2024-10-13 22:25,677356,56,"후반부 팁 및 장비 강화 정보, 물고기 파밍 정보 등
통합 모음집 보러가기
>>
https://www.inven.co.kr/board/maple/2304/41444
=========================================================
데이브 더 다이버 아이템 위치 지도화 완료했습니다.
벌향님이 최초 맵핑 해주셨고
민트카닉님이 작성하신 팁게 글 참고하였으며
수련님이 위컴알 맵 추출 도와주셨습니다. 감사합니다.
자게 원본글:
https://www.inven.co.kr/board/maple/5974/4218198
2024.10.16. 01:44 수정)
- 특수 물고기 젠 위치 추가 및 수정
- 해파리 젠 위치 추가
- 수심 표기 추가
- 탄약 누락 오류 수정
2024.10.25. 00:06 수정)
- 출발 위치 표기 추가
- 거울 추가
- 피아누스의 동굴 표기 추가
- 쿠키커터상어 오른쪽 젠 추가
2024.11.09. 00:10 수정)
- 메가마우스, 코은상어, 쿠키커터상어 추가 젠 위치 반영
- 세더다 4주차에 접어든 현재, 젠 위치가 기존 범위에서 살짝 틀어지는 경우를 확인하였으나
큰 오차는 없어서 반영을 하지는 않았습니다.
다만 위 3개체의 경우 좀 멀리 떨어진 경우에 젠이 된 경우를 최근에 제보받아
많은 분들이 도감을 마무리하기 시작하시는 현 시점에 지도에도 반영을 하는게 좋을 것 같아 반영하였습니다."
https://www.inven.co.kr/board/maple/2304/41433,기타,패치 후 신규 출석이벤트 요약 : 코인샵&바뀌는 것들 등,,2024-10-13 15:33,53833,64,"[수정/추가 사항]
1.
----------------------------------------
안녕하세요.
이 글은 이하 내용을 담고 있습니다
1. 목요일 패치 후부터 진행되는 출석 이벤트의 주요 사항
: 이전 글 이후 질문 주신 내용들을 포함하여 메인 출석 이벤트의 주요 내용을 간략히 적었습니다. 다만 2번을 보충하여 다시 적은 만큼, 1번의 모든 내용이 2번에도 포함돼 있으므로 같이 봐주시는 게 좋습니다
2. 메인 출석 이벤트인 <차원 대소동> 관련 내용을 보충하여 다시 적었습니다
잘못 적힌 부분은 말씀해 주시면 감사히 수정합니다
★질문 있던 주요 사항들★
- 9주 동안 진행
- 일일 출석의 주간 출석 제한 사라짐
- 시스템상으로 최대 달성 가능한 레벨은 154
- 오픈 시 레벨 1부터 시작하기에 최대 획득 가능한 코인 개수와 보약SP는 153입니다
- 최종 아이템 보상 레벨인 60의 경우, 매주 펀치킹을 450점 정도 획득하실 경우 기존과 동일하게 7일 빠지셔도 됩니다. 펀치킹에서 점수를 더 따시는 만큼 여유 기간은 늘어남
- 인게임에서 도전 목표로 설정된 최종 출석 보상은 60레벨, 의자 최종 업그레이드는 100레벨 입니다
- 추가 메포 레벨 구매는 1주에 5레벨씩 풀리며 1레벨에 3000메포입니다. 5레벨 통으로 3000메포 아닙니다. 9주 전부 구매하실 경우 135000 메포
- 보약의 전투력/콘텐츠 스킬 SP가 따로따로가 아닌 통합되어 지급됩니다
- 코인샵, 출석 보상에 17성/유잠/프펫공/놀긍혼 등 없음
- 카르마 블큐&화에큐 개수 : 출석 보상에 각각 20 + 코인샵 각각 20 = 40
- 잠수맵 관련 : 낮은 경험치의 기본 잠수맵은 없으며 코인샵 티켓으로만 입장 가능합니다
------------
+ 아즈모스 코인샵 품목 : 구매 후 10일 사용 가능&창고 이동 가능 / 영약은 교환 가능에 무제한
+
■ 전투 상태 안내 방식이 팝업 창에서 시스템 메시지로 변경됩니다. : 인게임 스샷
★후속 출석 이벤트 : [차원 대소동] 관련 사항★
1. 이벤트 기간 : 10/17~12/18 : 63일(9주) 진행
2. 레범몬&펀치킹&메포 구매를 통해 <차원 안정화 레벨>을 올릴 수 있습니다
1) <차원 안정화 레벨> 은 1000XP를 획득할 때마다 1레벨 상승합니다
2) XP는 기본적으로 이하 두 개의 출석 미션을 통해 획득할 수 있습니다
- 일일 미션 : 일일 레범몬 1천 마리 퇴치 : 1회 완료 시 1000XP 획득 : 주간 횟수 제한 없음
- 주간 미션 : 펀치킹 참여 : 참여 시 점수에 따라 최대 1~5000XP 획득
+ 점수와 동일한 개수의 EXP 교환권 지급
3) 이에 더해 매주 5레벨씩 추가 레벨을 구매할 수 있습니다.
1레벨 구매에 3000메이플포인트
가 필요합니다. 놓친 일일 출석에 대한 레벨도 구매할 수 있습니다
3. <차원 안정화 레벨>이 1 오르면 보상으로 코인샵 코인과 보약 포인트를 각각 1개씩 획득합니다
1) 우선적으로 시스템상 올릴 수 있는 레벨은 153(=최대 코인 개수&보약SP)입니다
- 일일 출석 개근 : 63레벨
- 주간 펀치킹 5000점 만점 x 9주 : 45레벨
- 메포 9주 전부 구매 : 45레벨 : 총 135000메포
2) 메인 보상인
아이템 최종 보상은 60 레벨까지 도달할 경우 수령하실 수 있습니다
3) 이에 더불어 추가적인 도전 목표로 설정된 레벨은 100으로 보이며, 이는 위 보상으로 수령한 의자의 외형과 기능에 반영됩니다
4) 최종 아이템 보상을 얻기 위한 여유 기간의 경우, 기본 출석만 하시면 3일 뿐이 안 되지만 주간 미션인 펀치킹에서 매주 450점 정도를 획득하시면 기존 출석 이벤트의 여유 기간이었던 1주일과 동일해집니다
4. <차원 너머의 힘(보약)> 의 경우 전투력 관련 스킬과 콘텐츠 관련 스킬 SP가 통합되었습니다
1) 이전까지 따로 지급되던 두 SP가 통합됨에 따라 우선 순위를 정해서 올리셔야겠습니다
2) 각 단계별 효과는 지금 진행 중인 보약 이벤트와 동일합니다
3) 각 레벨의 필요 포인트는 이렇습니다
* 5레벨까지 총 15SP 필요
** 6레벨까지 총 25SP 필요
5. 코인샵 관련
1) 이번 이벤트의 코인샵은 이하 품목이 전부입니다 : 유잠 등의 강화 재료 없음
2) 이번 코인샵은 기존 코인샵처럼 여유 기간을 더 두지 않고 이벤트 종료(12/18 23:59)와 동시에 닫힙니다. 물품은 일괄적으로 12/19 06시까지 이용 가능합니다
3) VIP 사우나 이용권은 사용 시 잠수맵 이용 가능 시간이 30분 충전되며, 경험치 수치는 햇살이 충전된 상태의 <견습 로봇 놀이터> 와 동일합니다. 티켓 없이 이용은 불가능합니다
-------------------------
4추만 보내주시면 감사드리겠습니다"
https://www.inven.co.kr/board/maple/2304/41427,퀘스트,[데이브더다이버] 블루홀 지도 (아이템 위치),,2024-10-13 04:41,42677,21,"보면서 하면 그나마 올라가면서 산소부족으로 죽는 일은 없어지더라구요
다만 심해지역의 경우 길이 바위로 막혀있어서 빙 돌아가야하는 경우가 있습니다
예를 들어 140m 무기와 탄환은 바로 옆에 있지만 바위 때문에 빙 돌아가야합니다"
https://www.inven.co.kr/board/maple/2304/41401,기타,[테섭]헤쿠 목록&데이브 패키지 인게임 미리보기&캐시이동,,2024-10-11 20:50,21986,29,"[수정/추가 사항]
1.  본문으로 갱신하였습니다
----------------------------------------
안녕하세요.
이 글은 이하 내용을 담고 있습니다
1. 후속 프리미엄 헤쿠성쿠 목록
2. 후속 초이스 헤쿠성쿠 목록
3. (보충)<데이브 더 다이브> 캐시샵 패키지 인게임 미리보기
4. 캐시 이동 기간
주로 어제 글에서 말씀 못 드린 내용들을 보충한 것입니다. 신규 보약/코인샵 등 이벤트 내용이 필요하신 분들은
https://www.inven.co.kr/board/maple/2304/41384
링크의 글 참고 부탁 드립니다
잘못 적힌 부분은 말씀해 주시면 감사히 수정합니다
[스라벨]
[프리미엄 쿠폰 목록 : 10/17 점검 후~11/21]
1. 프리미엄 헤어 쿠폰(여)
2. 프리미엄 성형 쿠폰(여)
3. 프리미엄 헤어 쿠폰(남)
4. 프리미엄 성형 쿠폰(남)
[초이스 쿠폰 목록]
1. 초이스 헤어 쿠폰(여)
2. 초이스 성형 쿠폰(여)
3. 초이스 헤어 쿠폰(남)
4. 초이스 성형 쿠폰(남)
+ [점검 후~1월]블레어 살롱 헤어 쿠폰 : 30000
[데이브 더 다이브 패키지 미리보기]
* 소비 인벤토리의 테스터 지원 상자를 통해 테섭에서 사용 가능한 10만 메이플포인트를 획득할 수 있어 관심 있으신 분들께선 테섭 인게임에서 직접 착용해 보실 수 있습니다
- 각 아이템의 이름을 텍스트로 적어 두어 필요에 따라 검색하실 수 있습니다
<대왕 오징어 패키지> : 5900
- <가돈 패키지> : 5900
<데이브 잠수복 패키지> : 9900
<반쵸 스시 주방장 패키지> : 9900
<더프 패키지> : 9900
- 꿈에서 만나(무기)
<메이플 더 다이버 풀 패키지> : 62500
- 데이브 수염
- 더프의 지식 주머니
- 클리오네 인형
- 빛나는 반쵸 스시 주방장 헤어벤드(머리도 바뀜)
- 더프의 헤어밴드
- 더프의 아이돌(망토)
- 대왕쥐가오리의 수호
​
​
- 번뜩이는 더프 안경(움직일 때 안광)
​
- 수면 뿅망치
- 샤크 스나이퍼 패키지
- 메이플 더 다이버 폴라로이드 의자
- 벨루가 택시 라이딩
- 데이브 더 다이버 파티 포스터 의자 6종
- 다이아 쿡스타 이펙트
​
+ 위의 풀 패키지에 포함된 품목 중 보너스를 제외한 가오리 망토 등의 아이템들은​ 단품으로도 구매하실 수 있습니다
[캐시 이동]
-------------------------
3추만 보내주시면 감사드리겠습니다"
https://www.inven.co.kr/board/maple/2304/41384,기타,테섭 신규 이벤트&라이브 요약 정리 : 후속 보약/코인샵 등,,2024-10-10 23:16,49052,54,"[글 추가/수정 사항]
1. 본문으로 갱신하였습니다
------------------------------------------------------------------
안녕하세요
이 글은 오늘 테섭의 주요 내용들을 간략히 한 것을 담고 있습니다
양이 좀 됩니다. 라이브의 주요 이미지 정보 등도 포함하고 있습니다. 이후 가능하면 최대한 다른 세부 사항도 추가하겠습니다
궁금한 아이템 이미지 같은 거 덧글로 주시면 우선 순위로 두겠습니다
잘못 적힌 부분은 말씀해 주시면 감사히 수정합니다
★주요 내용 같이 보기★
1. 이번 테스트 서버 업데이트의 내용들은 10/17
(목) 정식 서버 업데이트 예정입니다. 테스트 서버의 내용은 정식 서버 적용 시 변동 혹은 변경될 수 있습니다
2.
<티르노그 해시태그> 카메라 배경 위치 정보 :
https://www.inven.co.kr/board/maple/2304/41168
★아즈모스 협곡 관련 사항★
1. 참여 레벨 : 260 이상 / 아즈모스 협곡 : 거대한 골짜기 퀘스트 완료 이후 입장 가능 / 1주 1회 넥슨 ID 기준 참여 / 목요일 0시 초기화
변수에 대응하여 골에 골인하는 것이 목표
몬스터 웨이브
보스
미니게임 등등
2. 2가지 모드 존재
1) 노멀 모드 : 최대 2000 컨텐츠 포인트 획득 가능 : 권장 전투력 1억 미만
2) 하드 모드 : 최대 10000 컨텐츠 포인트 획득 가능 / 최종뎀 감소 : 권장 전투력 1억 초과
3. 클리어 보상 : 획득한 콘텐츠 포인트에 따라 획득량 변경
1) 경험치 : 고득점의 경우 1시간 사냥 정도의 양으로 언급됨
2) 아즈모스 코인 1개 교환권 : 이하 보상 교환 가능 : 목요일 0시 초기화
* 각 재고 수량 : 창고 이동 가능 / 영약만 교환 가능
- 카르마 환불 각각 50개
- 카르마 장큐 50개
- 카르마 명큐 30개
- 카르마 수에큐 50개
- 아크 이노 10개
- 순백 10개
- 아즈모스 무제한
3) 메포를 사용하여 추가 보상 획득 가능 : 사용 가능 메포는 획득한 컨텐츠 포인트에 비례하여 증가
+ 아즈모스 패치 이후로 당분간은 큐브 메소화 이후 필요했던, 경제 상황에 대응하는 패치는 없지 않을까 라고 언급됨
★신규&변경사항★
1. 이하 보스의 HP 약 11% 감소
- 익스 세렌
- 카오스/익스 칼로스
- 하드/익스 카링
- 하드 림보
2. 익스 세렌 변경 사항
- 데스 카운트 8로 증가
- 1페이즈 태양 검기 기절 시간 50% 감소
- 2페이즈 여명 현신 3마리로 감소
3.
가끔 캐릭터의 더 시드 주간 랭킹 기록이 갱신되지 않는 오류 수정
4. 소울 콜렉터 UI 개선
5. 유니온 UI가 열릴 때 코인 수령 무조건 가능하도록 변경
★[10/18~11/]PC방 접속 보상 이벤트★
- 일일 보상
- 누적 접속 시간 보상
★캐시 관련★
1. 로얄 스타일
2. 신규 성형헤어
3. [10/24~12/18]플래티넘 애플 : 스타포스 주문서 등의 등장 확률 증가 / 솔 에르다 등장 확률 전체적으로 낮춤 :
애플은 앞으로도 계속 판매될 것
4. 데이브 더 다이버 콜라보 상품 판매
★신규 이벤트★
1. 10/17~12/18 [차원 대소동] : 후속 메인 출석&코인샵&보약 이벤트
1) 출석과 펀치킹 참여로 XP를 획득하여 레벨을 올릴 수 있습니다. 1000XP = 1레벨업
- 일일 출석(레범몬 1천 마리) 참여 시 1000XP 획득
- 주간 미션(펀치킹) 참여 시 점수에 따라 XP 획득 : 점수에 따라 1~5000XP
+ 이에 더해 1점당 EXP 교환권 1개를 획득합니다
- 또한 1레벨에 3000 메포로 매주 5개씩의 레벨을 구매할 수 있습니다
2) 해당 레벨이 1 오를 때마다 해당 보상들을 획득합니다
- 코인샵 코인 1개 획득
* 큐브 각각 수량 20개씩
** VIP 버프 교환권 기간 : 12/19 6시까지
*** 신규 아이템 : 잠수맵
- 보약 버프 포인트 1 획득
- 해당 레벨 달성에 따라 아이템 보상을 획득할 수 있습니다
* 차원문 의자 : 1/25/50/75/100 레벨에 따라 외형 변경
2. 10/17~11/20 [세이브 더 다이버] : 콜라보 이벤트
라이브 언급 - 비효율적이라고 생각될 정도로 퀄리티에 엄청난 공을 들였다고 언급됨 : 게임을 아는 사람들은 이 정도로 재현했구나 할 것이고, 모르는 사람들도 비주얼적으로 즐길 수 있는 정도
1) 레범몬 1천 마리 퇴치 후 미니 게임(탐험으로 물고기 잡아 스시 가게 영업 미니게임) 을 통해 미션을 완료하여 코인과 보상을 획득할 수 있습니다
라이브 언급 -  조작 실력이 뛰어나시면 10챕터까지 2주 정도에 클리어 가능하실 것으로 생각, 서툴면 그보다 오래 걸릴 듯
- 일일 무료 참여 횟수는 1회이며 이후 메포를 사용하여 추가 참여할 수 있습니다
이동 : WASD - 2개 동시에 누를 시 대각선
SHIFT : 산소 소모, 빠르게 움직임
왼쪽 마우스 : 근접 공격 / 원거리 무기 공격
오른쪽 마우스 : 원거리 무기 조준
TAB : 원거리 무기 전환
C : 보조 장비 사용
R : 보조 장비 교체
ESC : 인벤토리 사용
~ : PDA 사용
SPACE : 상호작용
장비 업그레이드는 로비의 스마트폰으로 가능
초밥 미니게임은 입장 시 좀 더 직관적으로 필요한 단축키가 보입니다
- 물고기를 잡은 후 스시 영업을 통해 골드를 획득 가능합니다
- 골드로는 장비 업그레이드와 직원 채용을 할 수 있으며 이것이 각 챕터의 미션입니다
- 10 챕터 미션까지 완료한 후엔 스시 판매로 획득한 골드만큼의 토큰을 획득 가능합니다
- 다이버 토큰 상점
* 각 재고 수량
상급 EXP : 9999
부스터 : 300
익성비 : 100
태성비 : 2
극성비 : 2
EXP : 5000
위의 치장 보상들은 생물 도감 완성으로도 획득할 수 있습니다
​
​
추첨 보상 굿즈 ​
3. 10/31~11/13 [차원의 헌티드 맨션]
1) 설명으로 볼 때게임 <8번 출구> 의 패러디로 보입니다
2) 참여 보상
- 소필리아로이드는 히든 미션의 보상으로 언급되어 아직은 획득 경로가 공개되지 않았습니다
-----------
4추만 보내주시면 감사드리겠습니다"
https://www.inven.co.kr/board/maple/2304/41321,몬스터,하드 루시드 레이저 패턴 팁,,2024-10-04 18:49,44672,27,"​
​
​
이번에 생긴
쓸만한 파운틴 깔고 방향키 위로 꾹 누르고 있으면 안죽습니다
파운틴 쿨이 1분이라 레이저 패턴마다 쓰시면 쉽게 깰 수 있습니다.
(단, 먹는거 횟수제한 있어서 여러명이서 같이 먹으면 죽음..)"
https://www.inven.co.kr/board/maple/2304/41255,아이템,메알못이 알려주는 2억단까지 필요한 것,,2024-09-29 00:32,186595,130,"안보일까봐 사진 첨부
2000+단사진
5000+단사진
7000+단사진
8000+단사진
1억+단사진
1억5000+단 사진
2억+단사진 (내실+5부위 윗잠  3줄 18성+ 블랙하트시)"
https://www.inven.co.kr/board/maple/2304/41168,기타,큐브보상목록&테섭&티르노그 해시태그 카메라 위치 정리 등 소식지,,2024-09-22 12:55,85340,47,"[글 추가/수정 사항]
1. 오디움 실험실 배경 위치 계단 오른쪽 꽃 -> 왼쪽의 꽃으로 수정하였습니다
2. 큐브 보상 관련 추가 정보 공개되어 수정하였습니다
------------------
안녕하세요
이 글은 해시태그 의자 레벨 3부터 촬영 가능한 배경 위치를 정리한 것과 테섭 이전까지의 일정을 간략히 한 내용을 담고 있습니다
더불어 큐브 배상 일정의 경우 글 갱신 사이에 관련 소식이 떠 기사 출처와 함께 내용을 추가합니다
잘못 적힌 부분은 말씀해 주시면 감사히 수정합니다
[큐브 보상 신청&인게임 보상]
1. 신청 링크
https://maplestory.nexon.com/cube/compensation
+ 수령한 캐시 현금 환불 링크
https://cs.nexon.com/HelpBoard/Nexon?gamecode=18
2. 인게임 보상
메이플 ID당 1회
9/23 10시~9/30 23:59
메이플 운영자 NPC에게 수령 가능
* 솔 에르다/솔 에르다 조각 선택권 사용 시 솔 에르다 1개(유효 기간 7일, 교환 불가) 또는 솔 에르다 조각 30개(영구, 교환 불가) 중 하나를 선택하여 획득할 수 있습니다.
[티르노그 해시태그 카메라 배경 촬영 위치 정리]
- <티르노그 해시태그> 이벤트에 개근하셨을 경우 내일부터 카메라를 지급 받아 이하 목록 중 원하는 배경을 촬영하여 배경으로 지정할 수 있게 됩니다
- 이전에 보여 드린 이미지와 바뀐 점으로써 배경 순서를 공식적으로 표기된 순서로 바꾸었습니다. 들어 있는 내용은 당연히 같아서 이전 거 보셔도 아무 문제 없습니다
https://www.inven.co.kr/board/maple/2304/40954?my=post
[테섭 일정 등 주요 사항 같이 보기]
1. 9/22 (일) 종료되는 사항 : <개화월영 스토리북 이벤트 추가 추첨 조회>
:
https://maplestory.nexon.com/News/Event/1014
2. JMS의 귀멸의 칼날 콜라보 이벤트 관련 이미지와 내용이 공개되어 많은 분들께서 미리 확인하셨을 것으로 생각됩니다. 못 보셨지만 찾고 계신 분들을 위해 관련 이미지가 담긴 링크를 드리며
* 펫 이미지 :
https://www.inven.co.kr/board/maple/5974/4146012
** 코디/의자/로이드/헤어성형 등 :
https://www.inven.co.kr/board/maple/5974/4145905
우리나라에 어떻게 적용될 지는 11월 테섭이 돼야 알 수 있기 때문에, 글에서 이벤트 내용은 제외하고 각 콘텐츠의 외형만 확인하시는 게 좋겠습니다
3. 현재 진행 중인 큼지막한 사항들은 10/16에 일괄 종료됩니다 : 이번 주 제외 3주 잔여
- <티르노그> &
<하이퍼 버닝> & <
아이템 버닝> & <챔피언 버닝> 이벤트 전체
- <플래티넘 애플> & <금손/은손>& <체인지 쿠폰> & <코디 패키지> 판매
* <PC방 누적 보상 이벤트> 는 10/17 종료
** <아이템 버닝> 장비는 10/30까지 이용 가능
4. 9/24 10시 30분에 카카오톡 미니 이모티콘 출시 예정
5. 한글날 기념 이벤트는 10/7~10/9 참여 가능하며, 타이핑 경쟁 미니 게임을 통해 의자 보상을 획득할 수 있습니다 : 등수에 따라 최대 10판~최소 3판 필요
​
(실제 착용 시 뒤의 몸에 캐릭터 얼굴이 들어갑니다)
6. 다음 정식 서버 업데이트 일자는 10/17(목) 이며 유력 테스트 서버 오픈 일자는 10/10(목) 입니다
- <아즈모스 협곡> : 메소 또는 메소에 준하는 강화 수단을 보상으로 지급하는 신규
콘텐츠
- <데이브 더 다이브> 콜라보 진행
-------------------------
4추만 보내주시면 감사드리겠습니다"
https://www.inven.co.kr/board/maple/2304/41108,전문기술,장문 주의) [주문서작 가이드] 주문서작 궁금해하는 사람 있길래 설명싸고간다,,2024-09-16 18:02,130153,26,"※주의※ 해당 글은 리부트 게시판에 본섭화 이후 작 관련된 정보가 부족한 유저분들에게 주문서 작을 설명하기위한 목적으로 작성되었습니다. 따라서 리부트 관련된 서술이 다수 존재합니다. 틀린 정보 있으면 지적 ㄱㄱ
----------------
----------------
----------------
----------------
----------------
----------------
----------------
----------------
반반갑다. 22년도 이그니션때 하버로 리부트 찍먹하다가 접은 미하일이다.
본론에 들어가기 앞서 하나만 말하고 넘어가자면,
낙인템에 과투자 하지 말아야한다, 그리고 직작은 이제 더 이상 필수가 아니다.
리부트에서 긴 세월을 살아온 사람들일테니 만큼 분명히 직작하는 습관이 생각보다도 더 크게 박혀있을것이다.
직작은 이제 기피해야하는 컨텐츠라는걸 어느정도는 머릿속에 억지로라도 각인해야 할 필요성이 있다.
물론 리부트 개편의 초반이니 만큼 지금은 어쩔 수 없이 직작을 어느정도는 하긴 해야된다.
그 중에서 리부트만 해 온 유저들이 가장 어려워 할 만한 요소인 주문서작에 대해서 어느정도 팁을 던져주고 가려고 한다.
주문서작은 크게 세 부류로 나눌 수 있다.
1. 주흔작
2. 놀긍작
3. 기타 주문서작
4. 주문서 작에서 사용하게 되는 주문서들
5. 스펙별 주문서 작 하는 방법 추천
모든 작 방식에 대해 설명 한 후, 맨 마지막에 스팩에 따른 작 방식에 대해 설명 할 예정이다.
1. 주흔작
대표적인 주문서작이자 입문자들이 가장 먼저 접하게 될 강화방식이다.
리부트에서는 항상 버려져왔던 주문의 흔적, 이 친구들을 사용하게 되는데
기본적으로 스타포스 할 때 사용해왔던 강화 UI에서 진행하게 된다.
-주흔작 UI, 우측 상단에는 현재 보유중인 주흔의 양이, 하단에는 작 1회에 필요한 주흔의 양이 표기된다.
기본적으로 주흔작에는 100% / 70% / 30% / 15%가 있으며,
장신구의 경우 15%작을 제외하고 100% / 70% / 30%가 존재한다.
강화로 올라가는 수치는 장비의 착용 제한 레벨에 따라 다를 수 있지만, 일반적으로 정해져 있으니 외우는것이 좋다.
-무기류-
100%작 공마 3 주스텟 1
70%작 공마 5 주스텟 2
30%작 공마 7 주스텟 3
15%작 공마 9 주스텟 4
-방어구류-
100%작 주스텟 3
70%작 주스텟 4
30%작 주스텟 7
15%작 주스텟 10
(방어구의 경우 4번째 주흔작에 공마 1이 더 붙는다는 얘기도 있으나, 이건 필자도 정확하게 인지하고 있는 내용이 아니니 그런가보구나 하고 넘어가는걸 추천한다.)
-장갑류-
100%작 공마1
70%작 공마2
30%작 공마3
15%작 공마4
-장신구류-
100%작 주스텟2
70%작 주스텟3
30%작 주스텟5
또한 주문의 흔적 작의 경우 금,토,일에 진행하게 되면 강화 확률이 상승한다.
확률은 다음과 같다.
100%작 > 100%
70%작 > 95%
30%작 > 45%
15%작 > 25%
또한 추가적으로 확률을 증가시킬 수 있는 방법이 있는데, 아래 방법들이 있다. 아래 방법들은 기타 주문서들에도 영향을 줄 수 있는데, 해당 부분은 직접 찾아보는것을 추천한다.
성향-손재주 100레벨 기준 확률 +10%p
길드스킬-강화의 달인 만랩 기준 확률 +4%p
위 방법들을 모두 이용하였을때, 피버타임 도중의 주흔작 강화 확률은 다음과 같다.
100%작 > 100%
70%작 > 100%
30%작 > 59%
15%작 > 39%
따라서 강화는 손재주 만랩인 캐릭터, 동시에 길드에 가입되어있는 캐릭터로 진행하는것이 가장 효율적이다.
제논/데벤져와 같은 특수 스텟을 위한 주문서들도 존재하는데, 이건 직접 확인하는것을 추천한다.
추가로, 해당 UI에는 이노센트 주문서 100%, 아크 이노센트 주문서 100%, 순백의 주문서 100%도 포함되어있는데,
각 주문서의 효능에 대해서는 마지막에 자세하게 다루도록 하겠다. 중간에 궁금하면 먼저 내려가서 보는것을 추천한다.
2. 놀긍작
본서버에 조금이라도 관심이 있던 사람이라면 한번쯤은 꼭 들어봤을 그것이다.
-예시는 카르마 놀라운 긍정의 혼돈 주문서 100%. 카르마가 아니거나 확률이 100%가 아닌것도 존재하지만, 붙었을때의 효과는 모두 같다.
위와 같이 생긴 ""놀라운 긍정의 혼돈 주문서""(이하 ""놀긍혼"", ""놀긍"") 라는 친구를 사용하는데, 읽어보면 알겠지만
공/마/힘/덱/인/럭/방/이속/점프/HP/MP 를 확률에따라 0/1/2/3/4/6(HP,MP는 x10)씩 올려준다.
이 확률은 스텟별로 독립시행이기에 모든 스텟을 +6씩 올려 줄 수도 있는 반면에, 운이 나쁘다면 모든 스텟이 전혀 올라가지 않는, 사용했지만 아무 일도 일어나지 않고 업그레이드 가능 횟수만 1 떨어지는 케이스도 존재한다.
보스 코인샵, 메소샵에서 구매 또는 상위보스 리워드로 획득 가능하다.
개인적으로는 보스 코인샵에서 구매하는것을 추천.
아무튼 우리는 이 주문서의 공격력과 마력 상승량에 주목해야 하는데,
결론부터 말하면, 공격력/마력이 +6 붙는 순간 방어구 주흔 15%작보다 대략 2.4배 더 높은 옵션이 붙는다고 생각하면 된다.
다들 추옵 계산 해봤으니 알겠지만, 이 주문서로 공/마 +6이 붙으면 대략 스텟 24가 붙는것과 동급이기 때문.
다만, 이런 강력한 상승량을 가지고 있는 주문서임에도 단점은 명확한데, 스텟 +6이 붙을 확률은 5.93%밖에 되지 않는다는것이다.
따라서 공격력/마력 +6을 확정으로 붙이고 싶은 경우, 모종의 방법을 사용해야 하는데, 가능한 방법은 아래 두가지가 있다.
1. 놀긍이노
(1작에만 사용 가능)
놀긍이노는 말 그대로 놀긍을 바른 후 이노센트(아크 이노센트) 주문서를 이용하여 주문서 사용 기록을 초기화 하는 방식이다.
만약 공 +6을 노리고 있었는데 놀긍 사용 후 공 +6이 붙지 않았다면 이노센트 주문서를 통해 주문서 사용 이력을 초기화 해주면 되는 간단한 방식이다. 만일 공+6이 붙었다면 그대로 킵 하면 된다.
이 방식은 1작까지는 5.93%의 확률을 뚫으면 되기에 생각보다 쉬울 수 있다. 그러나 2작까지 붙이고자 하는 경우 0.35%의 확률을 뚫어야 하고, 이는 불가능에 가까우므로 일반적으로 1작까지만 사용한다.
2. 놀긍리턴
(모든 작에 사용 가능)
놀긍리턴은 리턴 스크롤을 바른 후, 놀긍을 바르는 방식이다.
리턴 스크롤은 장비 아이템에 사용 할 수 있는 주문서로, 사용 후 주문서 작을 하게 되면 주문서로 상승 할 스텟의 수치를 미리 알려준다. (캐시샵에서 개당 6,900 캐시, 마일리지 가능)
만약 공 +6을 노리고 있었는데 놀긍 사용 후 공 +6이 붙지 않음을 확인했다면, 리턴 스크롤의 기능을 사용하여 없었던 일로 만들 수 있다.(단, 이 경우에도 주문서는 사라진다. 주문서가 사라지는것을 방지하고 싶다면 리커버리 실드를 사용해야 한다. 캐시샵에서 개당 3,900 캐시, 마일리지 가능)
반대로 공 +6이 붙었다면 리턴 스크롤의 기능을 사용하지 않고 그대로 아이템에 스텟이 붙도록 하면 된다.
어느쪽을 선택하더라도 리턴 스크롤은 사라지기에, 굉장히 돈이 많이 깨지는 방식이다. 따라서 2작 이후에 놀긍을 사용하고자 하는 경우에 사용한다.
물론 놀긍을 반드시 공/마 +6을 띄우는 용도로 사용하지 않아도 되는데, 해당 부분은 마지막에서 서술하겠다.
3. 기타 주문서작
기타 주문서작의 경우, 굉장히 종류가 많기에 여기에서는 대표적인것들만 소개 할 예정이다.
각 주문서의 사용 케이스가 굉장히 좁기 때문에, 해당 파트에서는 주문서 별로 각각 어떠한 경우에 사용하는지 까지 서술 할 예정이다.
더 많은 정보가 필요한 경우, 직접 서치해보는것을 추천한다.
1. 귀지 (귀 장식 지력 주문서 10%)
통칭 귀지라고 불리는 주문서이다. 이름은 지력 주문서인데, 마력을 +5, 인트를 +3 이나 올려주는 미친 효율을 가지고 있다. 단점이라면 10%라는 낮은 성공 확률을 들 수 있는데, 해당 주문서는 일반 주문서에 해당하기에 주흔작 파트에서 설명했던 손재주와 길드 성공 확률의 보정을 받는다. 따라서 일반적인 경우 24%정도 확률으로 붙는다고 할 수 있다.
주문서의 생김새를 보면 알겠지만, 굉장히 유서깊은 주문서인데, 따라서 얻으려면 오시리아 대륙으로 가야한다.
엘나스 폐광 깊은곳 시련의 동굴에 서식하고 있는 주니어 불독을 본 적이 있을것이다.
이 녀석은 드랍템으로 ""주니어 불독의 송곳니""를 떨구는데, 이 기타템을 열심히 모은 후,
오르비스에 있는 찰리 중사 에게 간다.
찰리 중사는 오르비스-엘나스의 몬스터들이 드랍하는 기타템들을 100개 단위로 매입한 후, 랜덤한 아이템을 뱉는데, 주니어 불독의 송곳니를 100개 넘기면, 무려 ""
1%
""의 확률로 해당 아이템을 지급한다.
이러한 특징으로 현재 본서버 기준으로도 1억을 넘는 시세를 형성중인데,
보통 깡으로 붙을때까지 지르거나,
리커버리 실드
(주문서 사용 실패 시 주문서가 사라지는것을 방지한다. 캐시샵에서 개당 3,900 캐시, 마일리지 가능. 주문서 작 실패/성공 여부에 관계 없이 1회 사용 후 효과 증발)
를 사용한다.
그래도 준 놀긍작에 가까운 효과를 발휘하는데다가, 법사 귀걸이 기준으로 놀긍작을 제외하면 이보다 좋은 주문서가 없기 때문에 꽤나 채용되는 편이다
2. 프악공/프악마 (프리미엄 악세서리 공격력 스크롤/프리미엄 악세서리 마력 스크롤)
통칭 프악공, 프악마. 이 주문서들은 모든 장신구류에 사용 할 수 있는데,
보면 알겠지만 단순하지만 강력하게 공/마를 각 +4~+5 증가 시켜주는 효과를 가지고 있다.
따라서 놀긍이노로 1작 공/마 +6을 붙인 후 프악공/프악마로 완작 하는 방식을 많이 채용하는 편이다.
특히나 장신구류는 주흔작으로 올라가는 스텟이 최대 5가 끝이기에, 프악공/프악마는 주흔작보다 3배가량 더 강력한 효과를 보인다고 볼 수 있다.
보스 코인샵, 메소샵에서 구매 또는 상위 보스 처치 리워드로 획득 가능하다. 개인적으로는 보스 코인샵에서 구매하는것을 추천.
3. 프펫공/프펫마 (프리미엄 펫장비 공격력 스크롤/프리미엄 펫장비 마력 스크롤)
통칭 프펫공, 프펫마.
이 주문서들은 모든 펫장비에 사용 할 수 있는데, 펫장비에 사용 가능한 모든 주문서들 중에서 가장 좋은 효과를 가지고 있다. 따라서 자석펫을 사용중이라면 반드시 이 주문서를 사용하여 작을 하여야 하고, 그게 아니더라도 펫장비를 소유중이라면 이 주문서를 사용하여 작을 하는것을 권장한다.
여담으로, 펫장비는 원래 펫장비 전용 주문서만 사용 할 수 있기에, 이노센트/순백의 주문서/리턴 스크롤을 사용 할 수 없었고 그로 인해 초고스팩 지갑전사 유저더라도 공격력 +5로 완작을 한 펫장비는 가지고 있지 않았다. 그러나 이번 패치로 등장한 플래티넘 애플에서 펫장비 전용
이노센트/순백의 주문서/리턴 스크롤을 판매하기 시작하였으므로, 이제는 원한다면 공/마 +5 완작 펫장비를 뽑는것도 가능해졌다.
3. 매한공/매두공/매한마 (매지컬 한손무기 공격력 주문서/매지컬 두손무기 공격력 주문서/매지컬 한손무기 마력 주문서)
통칭 매한공, 매두공, 매한마. 모든 무기 주문서 중에서 가장 강력한 효과를 가지고 있다.
그렇지만 제네시스 무기는 기본적으로 주문서작이 되어 나오는, 추가 주문서작이 불가능한 아이템이기에 사실상 무기에 사용하는 경우는 없다.
따라서 이 주문서는 ""하트"" 부위에 사용하게 되는데, 독특하게도 안드로이드 하트의 경우 무기, 방어구, 장신구, 펫장비 등등 모든 특정 부위 전용 주문서를 사용 할 수 있기 때문이다.
수치를 보면 알겠지만 고스팩들은 하트의 모든 작에 공 11 + 올스텟 3을 붙이는것을 목표로 리턴 스크롤을 이용하여 리롤하게 된다.
주요 수급처는 상위 보스 리워드이다.
4. 카르마 스페셜 하트 공격력 주문서, 카르마 스페셜 하트 마력 주문서
최근 이벤트로 추가된 주문서들이다. 최근에 추가된 주문서인데다가 이벤트로만 수급 가능하고, 영구 교환 불가 부위인 하트에 사용 가능한 주문서이기 때문에 줄임말은 존재하지 않는다.
수치를 보면 알겠지만 매한공/매두공/매한마의 가장 낮은 수치 옵션을 확정적으로 부여해주는데, 1작에 2000코인이 들어간다. 따라서 매한공/매두공/매한마의 가격을 감당하지 못하면서, 동시에 이벤트로 지급된 페어리 하트를 사용하는 캐릭터는 위 주문서를 사용하는것을 권장한다.
5. 비틀린 시간의 파편
통칭 파편작이라고 불리는 작을 하는데에 사용하는 주문서.
생긴건 주문서는 아니지만 일단 주문서라고 부른다.
도미네이터 펜던트에만 사용 가능한 특수 주문서인데, 읽어보면 알겠지만 성공 확률 70%에
실패 시 확정 파괴 옵션
이 붙어있다. 참고로, 주문서로 인한 파괴는
흔적이 남지 않는 영구 파괴
이다. 괜히 기울이기까지 쓰면서 강조하는게 아니다.
따라서 이 작을 위해서는 캐시샵에서 판매하는 프로텍트 실드(주문서 실패로 인한 장비 아이템의 파괴를 방지, 개당 5,500 캐시, 마일리지 사용 가능. 단, 주문서 사용에 성공해도 프로텍트 실드의 효과는 증발.)를 사용해야 하는데, 문제는 이 프로텍트 실드는
12성 이상의 아이템에는 사용이 불가하다
. 따라서 12성 이상의 도미네이터 팬던트를 이용하고 있다면, 드메템인 경우 맘편하게 주흔작을 해도 좋으며 스텟템으로 사용중이거나 강하게 쓰고싶다면 속편하게 프악공/프악마를 이용하는것을 권장한다. 과거에 프악공/프악마가 귀하던 시절에는 파편작이 더 좋았지만, 지금은 아니다.
4. 주문서 작에서 사용하게 되는 주문서들
이노센트 주문서, 아크 이노센트 주문서, 순백의 주문서에 대한 짧은 설명이다.
1. 이노센트 주문서
통칭 이노. 효과는 모든 주문서작과 스타포스를 초기화 시켜버리는것이다.
주문서작에 너무 많이 실패했거나, 원하는 옵션이 붙지 않았을때 초기화 할 수 있다.
업그레이드 횟수도 초기의 상태로 돌아오지만
스타포스까지 초기화
해버린다는 특징 탓에 스타포스가 된 아이템에 사용하면 큰일나므로 조심해야한다.
다만, 이후 설명 할 아크 이노센트 주문서보다 가격은 확실히 싸다.
코인샵에서 구매하거나 주흔작 UI에서 12,000개의 주흔을 사용하여 사용 가능하며, 엘몬이나 엘보, 사냥꾼의 보따리에서도 수급 가능하다.
2. 순백의 주문서
통칭 순줌. 효과는 업그레이드 실패 횟수를 1 줄여주는것이다.
주문서 사용에 실패했을때 사용해서 다시 주문서를 바를 수 있다.
다만 가격이 꽤 비싸고, 10% 짜리 주문서가 많은 관계로 너무 많이 실패했다면 이노센트 주문서 사용이 권장된다.
코인샵에서 구매하거나 주흔작 UI에서 20,000개의 주흔을 사용하여 사용 가능하며, 필드 사냥중에도 수급 가능하다. 유니온 코인샵에서도 캐릭터 당 주에 3개씩 수급 가능(교환불가, 10%)
3. 아크 이노센트 주문서
통칭 아크이노,
효과는 모든 주문서작을 초기화 시켜버리는것이다.
이노센트 주문서에서 스타포스 수치 초기화 기능을 뺀 상위 주문서.
이걸 이용하면 이미 스타포스 작이 많이 되어있는 장비에도 이노센트 주문서를 사용 할 수 있다.
다만 가격은 확실히 비싸므로, 별이 안달려있는 아이템에는 이노센트 주문서를 사용하는것을 권장한다.
보스 코인샵에서 구매하거나
주흔작 UI에서 24,000개의 주흔을 사용하여 사용 가능하다.
4.황금망치
통칭 황망, 효과는 업그레이드 가능 횟수를 1회 증가 시켜주는것이다.
작 횟수를 1회 증가시켜주는것이니 만큼
어느정도 이상 스팩 캐릭터의 장비라면 필수. 장비 별로 1회씩만 사용 가능하다.
사용에 실패했다면, 업그레이드 가능 횟수가 아닌 복구 가능 횟수가 추가되므로 순백의 주문서로 되살릴 수 있다.
코인샵에서 구매하거나 주흔작 UI에서 24,000개의 주흔을 사용하여 사용 가능하다. 필드 사냥 중에도 수급 가능하다.
5. 스펙별 주문서 작 하는 방법 추천
자, 기나긴 글의 하이라이트 파트이다. 지금 여기 적는 도중에 시간이 02시 30분을 지나고 있는데, 글이 뒤죽박죽이어도 양해 부탁한다.
용어 설명
둘둘>그냥 붙는대로 대충 바르는것.
완작>모든 업그레이드 가능 횟수를 소모해서 완성.
방어구의 경우
1. 에픽 둘둘 수준의 템.
30%작 둘둘을 추천한다. 피버타임에 작을 하게 되면 30%작이 확실히 붙는 수치의 기댓값이 높다.
그 이상을 하는것은 비효율적이기에 비권장. 너무 못붙은 케이스가 아니고, 70%작 완작보다 비슷하거나 잘 붙었다면 킵, 너무 못붙었다면 이노로 밀어버리면 된다. 황망은 애지간하면 사용하지 않는다.
2. 유니크 둘둘 수준의 템.
여기서부터는 30% 완작 내지 15% 완작, 추옵이 완벽하다면 놀긍이노로 1작을 붙인 후 15%완작까지도 고려해볼만 하다. 다만 낙인템이라면 30% 완작 내지 30% 둘둘로 만족하는것을 추천.
3. 17성 레전 두줄급의 템.
15% 완작 내지 놀긍 이노+15% 완작을 추천한다. 낙인템이라면 여전히 30% 완작 수준으로도 괜찮다.
4. 완성급 템.
놀긍 이노+ 15% 완작 또는 놀긍리턴을 추천한다. 낙인템이어도 15% 완작 또는 놀긍이노+ 15%완작정도는 할 만 하다.
장신구의 경우
1. 에픽 둘둘 수준의 템.
30%작 둘둘이나 70%작 완작을 추천한다. 피버타임에 작을 하게 되면 70퍼작은 어지간하면 완작 될 것. 아니어도 굳이 순줌이나 이노를 바를 필요는 없다.
그 이상을 하는것은 마찬가지로 비효율적이기에 비권장.
황망도 애지간하면 사용하지 않는다. 필드에서 드랍된 60%짜리 교불 황망이 있다면 던져보는것도 상관은 없음.
2. 유니크 둘둘 수준의 템.
악공스크롤/악마스크롤 내지 30% 완작을 추천한다. 악공스크롤과 악마스크롤은 프악공/프악마의 하위호환으로, 상위 보스 드랍템이나 골드애플 등에서 등장한다. 낙인템이어도 이정도 투자는 나쁘지 않다.
3. 17성 레전 두줄급의 템.
프악공/프악마 내지 악공스크롤/악마스크롤 완작을 추천한다.
낙인템이라면 여전히 30% 완작 수준도 괜찮다.
4. 완성급 템.
놀긍 이노+ 프악공/프악마 완작 또는 놀긍리턴을 추천한다. 낙인템이어도 놀긍이노+ 프악공 완작 정도는 할 만 하다. 인트 캐릭터라면 놀긍이노+프악마 대신 놀긍이노+귀지작도 고려해볼만 하다.
무기의 경우
1. 에픽 둘둘 수준 내지 스데미, 이루윌가엔슬돌이 수준의 캐릭터가 쓸 무기.
30% 둘둘이면 충분하다. 황망도 발라주는것도 나쁘지 않다. 가능하다면 이노를 바르면서 7작 이상 붙이는걸 목표로 하는것도 나쁘지 않다.
2. 그 이상의 무기.
15% 완작을 한다. 효율이 매우 좋기 때문에 반드시 하는것을 권장한다. 매한공/매두공/매한마는 가격 대비 주흔 15%작을 크게 상회하는 성능을 내지 못하고, 50%확률로 15%작에 밀리므로 일반적으로 요즘은 무기에 사용하지 않는다.
6. 마무리하며
본섭화 적응 잘 하시고, 궁금한거 있으시면 댓글로 언제나 물어보시면 알림 뜨는대로 답변 드리도록 하겠습니다.
졸려 죽겠으니 자러가보겠습니다. 긴 글 봐주셔서 감사합니다."
https://www.inven.co.kr/board/maple/2304/41021,기타,패치 후 메할일&변경점 요약+보상 정리 등 미리보기 최신판,,2024-09-10 20:40,67340,57,"[글 추가/수정 사항]
1.  9/11 지나 9/11까지 받아야 하는 것들 항목 삭제
2. 티르노그 해시태그 의자 촬영 장소 본섭 패치 반영하여 수정
3. 9/15 썬데이 메이플
- 스타포스 30% 할인
- 몬파 경험치 250% 추가
------------------------------------------------------------------
안녕하세요
이 글은 9/12(목) 업데이트 내용들과 같이 보실 만한 내용들을 취합한 것입니다.
위의 요약 부분과 밑의 상세 정리 부분을 같이 봐주시면 중요 내용들 놓치시는 것 없이 가져가실 수 있습니다
잘못 적힌 부분은 말씀해 주시면 감사히 수정합니다
[주요 사항]
- PC방 이벤트 15시간 보상 : 뽀송송 토끼 세트
- 9/15까지 <차원의 균열 탐사> 탐험 보상 수령
-
9/22 종료 : <개화월영 스토리북> 추가 추첨 이벤트 당첨 조회
https://maplestory.nexon.com/News/Event/1014
+ <티르노그 설계도> 기본 출석 남은 치장 아이템들
★신규 이벤트 요약★
1. [챔피언 챌린지] : ~10/16
-
참여할 월드 선택 후
월드 내 최대 3개의 캐릭터로 미션 참여 가능
- 동일 주차의 미션에서만 중복 참여 불가함
- 1주마다 순서대로 미션 해금 : 250 달성/스우/가엔슬/루시드/듄켈 1인 처치 : 난이도 무관/연모 가능
- 이전에 열린 미션들은 몰아서 가능
- 완료 시 코인 각 1천 개씩, 1주 최대 3천 개,
최대 15000개
획득 가능
- 챌린지 코인샵 : 메이플 ID당 구매 가능
- ★ 스페셜 미션 : 하드 진 힐라 1인 처치(연모 가능) : 3회 모두 완료 시 훈장과 카르마 심환불 50개 : 챌린지 코인은 안 줍니다
2. [티르노그 해시태그] : ~10/16
- 일일 1회, 1주 최대 5회까지 출석 가능 : 레범몬 1천 마리
- 일일 출석 완료 시 15분짜리 햇살 충전기 획득
- 5/10/15/20회 출석 시 각각 심볼(200or40)/카르마 검환 50/극성비/솔 에르다 1개 획득
- 1회 교환 가능한 재획 리워드 <스페셜 해시 포인트> 드롭 : 의자 꾸미는 재료와 교환하거나,
5개를 VIP 부스터 1개로 교환할 수 있습니다
- 의자 꾸미는 파츠에 대한 자세한 정보는 글 하단의 해당 항목 참고 부탁 드립니다
3. [학자 월묘의 한글 공부] : 10/7~10/9 참여 가능
- 3인 타이핑 경쟁 미니 게임 참여 시 순위에 따라 포인트 획득 : 400/200/100
- 1천 포인트 획득 시 의자 수령 가능
​
​
​
(실제 착샷은 뒤의 몸에 캐릭터 얼굴 들어갑니다)
★신규&변경 사항★
1. 신규 지역 [탈라하트] : 290레벨 진입 가능 :
어센틱 그랜드 심볼 추가/
길뚫 훈장
2. 스킬 관련 조정 적용
- 쓸만한 윈부&블레스, 메용류 스킬 패시브화되어 펫 자동 버프 창 여유 생김
- 신규 V코어 쓸만한 홀리 파운틴 추가 : 설치 후 윗 키 누를 시 체력 회복 효과의 스킬
3.
캐릭터 선택 창 UI 개선
- 마우스 휠로 좌우 와리가리 가능
- 직업 육성 현황 추가&기본 스탯 정보 전투력 정보로 교체 등 UI 개선
4.
하이퍼 스탯 레벨 업 UI 개선&일괄 레벨업 기능 추가
5. 설정 옵션에 장비 아이템 툴팁 UI에 스탯 공격력 표시/전투력 표시/둘 다 표시 선택 가능 기능 추가
- 설정 옵션에서 변경해야 적용됩니다
6.
세렌 2페이즈 권능 패턴 안전 지대 범위 증가
7. 파티 상태에서 반지 상자 사용 시 파티원들에게 결과 출력
8. 특수 코어 연장 기능 추가 : 최대 30일, 7일->30일 기준 663개 필요
9. 세렌/검마/블퀸/피에르 보상 상자 스킬로도 타격 가능하도록 변경됨 : 클리어 후 주의
★패치 이후 판매 캐시 관련 정리글 링크★
스라벨/신규 성쿠헤쿠 목록/후속 펫 목록/플래티넘 골드 애플의 자세한 내용은 링크에 정리되어 있습니다
https://www.inven.co.kr/board/maple/2304/40990
[본문 목차]
1. 캐시이동 / PC방 이벤트 / 탈라하트 관련 정보
2. 신규 이벤트 : 챔피언 챌린지 / 티르노그 해시태그 / 한글날 이벤트
3. 신규&변경 사항
★신규 이벤트★ : ~10/16 진행
1. [챔피언 챌린지]
- 처음 선택한 월드에서만 참여 가능하므로 선택 시 신중
- 월드 내 최대 3개의 캐릭터(챔피언 지정 캐릭터와는 관련 없음)로 미션 참여 가능
- 동일 주차의 미션에서는 한 캐릭터로 1번만 참여 가능
- 첫 번째 주간 미션과 스페셜 미션이 오픈된 후 1주 간격으로 다음 주간 미션이 오픈됩니다
- 오픈된 이후엔 이전 미션들도 같이 진행할 수 있습니다
- 연습 모드로도 미션 참여와 완료 가능
- 미션이 오픈된 이후라면 도전하기 버튼을 누르지 않고 클리어 했더라도, 클리어 후 버튼을 누름으로써 완료 처리할 수 있습니다
<스페셜 미션 보상 훈장>
<챌린지 코인샵 : 메이플 ID당 구매 가능>
- 주간 미션 전부 참여 시 챌린지 코인샵 코인 총 15000개 획득 가능
2. [티르노그 해시태그]
1) 출석과 메인 보상 : 의자 꾸미기 관심 없으시면 이거만 해도 됨
- [메이플 ID당]레범몬 1천 마리 퇴치 후 일일 1회, 1주 최대 5회까지 출석 가능
- 일일 출석마다 15분짜리 햇살 충전기 획득
★ 누적 출석 횟수에 따라 아이템 보상 획득
- 출석 5회 : 심볼 교환권(200or40) + 의자 레벨 2
- 출석 10회 : 카르마 검환불 50개 + 의자 레벨 3
- 출석 15회 : 극성비 1개 + 의자 레벨 4
- 출석 20회 : 솔 에르다 1개
2) VIP 부스터 후속 레범몬 드롭 아이템 : 스페셜 해시포인트
- 사용처 1 : 스페셜 해시포인트 5개 -> VIP 부스터 1개
- 사용처 2 : 의자 꾸미는 파츠 구매
3) 의자 꾸미기 관련
- 의자 레벨 또한 출석 횟수에 따라 올라갑니다 : 출석 5/10/15회 = 레벨 2/3/4
- 그리고 이에 따라 꾸밀 수 있는 범위가 넓어집니다
★각 파츠 미리 보기 : 밑의 요소들을 조합하여 의자를 꾸밀 수 있습니다
1. 포즈와 표정
2. 해시태그&이모티콘
1) 해시태그 : 직업/서버/획득한 훈장과 업적에 따른 문구
2) 다이나믹 해시태그 : 각각 스페셜 해시포인트 3개, 정체는_???은 5개
이는 의자에 설정할 시 착용할 때마다 ???에 해당하는 부분이 변화합니다
+ 해시태그 컬러링 : 각각 스페셜 해시포인트 1개, 단풍은 3개
해시태그에 색을 입힐 수 있습니다
3) 이모티콘
이모티콘의 경우 4레벨 기준 총 39개가 존재합니다
의자에 적용 시 미리 보기에서 보이는 모습 그대로 나타납니다
4) 애니메이션 이모티콘 : 스페셜 해시포인트
꿈의 나비
는 5개, 나머지는 각각 3개
기본 이모티콘의 차별화된 점으로 gif 형식으로 움직입니다
4. 스티커 : 스페셜 해시포인트 각각 10개, 티르노그/라운 2개만 15개씩
티르노그
4. 스티커 : 스페셜 해시포인트 각각 1개, 마지막 줄 5개는 3개씩
:
- 부착 시 테두리에 붙습니다
5. 배경 음악 목록 : 표시되지 않은 것들은 각각 10개
- Temple of Time : 시간의 신전
- Raindrop Flower : 에레브 수련의 숲
- Resting Place of God : 신수의 쉼터
- Queen's Garden : 에레브
- Flying in a Blue Dream : 루디브리엄 배
- Rest N peace : 헤네시스 사냥터
- Sunset over the Horizon : 티르노그 이벤트 맵
- Missing You : 엘리니아 나무굴
- Where Stars Rest : 셀라스 빛이 마지막으로 닿는 곳
- Adventure Island(15개) : 어드벤처 아일랜드 이벤트 맵
- MapleGalaxy2(15개) : 프로즌 링크
- Title(15개) : 이전 로그인 테마
6. 좋아요 설정 : 1000~9999 사이 숫자 입력 가능
7. 배경
3레벨부터 카메라로 배경 촬영을 할 수 있습니다
3. 10/7~10/9 : [학자 월묘의 한글 공부]
1) 3인 경쟁 타이핑 미니 게임입니다
2) 순위에 따라 포인트 획득
3) 1천 포인트 획득 시 월드당 1회 보상 의자 수령 가능
​
(실제 착용 시 뒤의 몸에 캐릭터 얼굴이 들어갑니다)
★신규&변경 사항★
4추만 보내주시면 감사드리겠습니다"
https://www.inven.co.kr/board/maple/2304/40990,기타,[9/12~]캐시샵 업뎃 미리보기:캐시이동/헤쿠목록/펫,,2024-09-08 13:43,21175,24,"[글 추가/수정 사항]
1. 글로 갱신하였습니다
------------------------------------------------------------------
안녕하세요
이 글은 9/12(목) 업데이트의 캐시 업데이트 항목만을 담은 것으로 이후 글에서는 캐시 이동을 제외한 부분은 링크로 대체됩니다
잘못 적힌 부분은 말씀해 주시면 오늘은 바로바로 수정 못 할 수 있으나 최대한 확인하고 감사히
수정합니다
★
해시태그 이벤트 의자 모든 파츠 정리 2024 버전 미리 보기 :
https://www.inven.co.kr/board/maple/2304/40954
-------------------------
3추만 보내주시면 감사드리겠습니다"
https://www.inven.co.kr/board/maple/2304/40973,테섭,테섭 비숍 스킬 패치노트 (2차수정中),,2024-09-07 10:12,26282,30,"수정내역
9월 6일
- 프레이 소숫점 내용추가
- 카링 특수보스에서
변화점 수정 및 추가
- 메여축 내용추가
- 홀블 내용추가
- 이미지 수정
- 파운틴 내용추가
9월 7일
- 포엔젤 내용추가
- 이미지 수정
- 가정1, 가정2 부연설명 추가
안녕하세요. 저번에는 림보 비숍 공략글을 통해서
팁과 노하우 게시판을 찾아뵜었는데,
이번에는 테스트서버 비숍의 스킬 변화과정에 대해
보기 편하게 정리를 해보았습니다.
작성자가 많이 미흡하지만, 너그러운마음으로
봐주시면 좋겠습니다!
그럼 바로 본론 설명드리겠습니다.
1. 프레이
본섭)
가정 1: 기존 5% + 추가 45%증가 = 최대 50%까지 증가
가정 2: 기존5% + 추가 40% 증가 = 최대 45%까지 증가
테섭)
가정 1 : 기존 6% + 추가 33% 증가 = 최대 39%까지 증가
가정 2: 기존 6% + 추가 27% 증가 = 최대 33%까지 증가
툴팁설명상
가정1과 가정2로 인해
여러가지 의미로 해석될수 있는데,
원래 본섭대로라면 가정2가 맞습니다만,
테섭이후 가정1도 염두에두면서
변동사항이 있는지 재확인 했지만,
스킬 변화에 맞춰서 바뀐점은 없이
기조대로 가정2로 진행되었습니다.
가정 2로 설명을 드리면,
추가 27% 상향을위해서는 인트 81000을 요구합니다.
3000 X 27 = 81,000
더 상세하게 설명을 하면,
현재 툴팁상 특수반지는 증가한 인트에 영향을 받지는 않지만
메여축은 따로 설명이 없는걸로 봐서는
적용이 되는걸로 추측해봅니다.
즉, 메여축(메용2)를 감안한다면
더 낮은수치까지도 감안을 예상합니다.
부연설명으로
6차 스킬의 프레이 최종뎀이 상향을 받았습니다.
툴팁에도 나와있듯이 합적용으로 설명.
이후 지속시간은
본섭
테섭
3분프레이
45초
->
60초
2분프레이
30초
->
40초
연장되었다.
이제 핵심인 부분인
자신을 제외한 파티원의 최종데미지 증가량은
파티원수에 비례해서 감소
본섭)
1인 솔플시 45% + 6차프레이 10% = 55%
테섭)
1인 솔플시  33%/1 = 33% 동일 + 6차프레이 17% = 50%
<수정사항 추가>
2인 파티시 파티원이 받는 효과는 33%/2 = 16.5%
3인                 ""                       33%/3 = 11%
4인                 ""                       33%/4 =  8.25%
5인                 ""                       33%/5 =  6.6%
6인                 ""                       33%/6 =  5.5%
전제 및 가정)
전제1.
단, 비숍의 딜량은 1인 솔플시(50%)와 동일하다.
파티플레이를 했을때도 비숍의 솔딜량은 마찬가지이다.
전제2. <수정사항추가>
EX) 6인파티
카링처럼 방이 나눠진 상황에서
1페 혼돈에서는 파티원 프레이를 1명만 받아도
실질적으로는  파티원 6명 인식으로인해
최종뎀 5% 효과를 받는다.
카링 6인파티더라도,
1페에서는 방이 나눠진 상황이라
2명만 인식을 하기때문에
파티원은 최종뎀 16.5% 효과를 받는다.
2. 리브라
본섭)
가정2) 기존 5% 증가 + 추가 95% 증가 = 최대 100% 까지 증가
풀 리브라기준 1250 X 95 = 118,750 의 인트를 요구한다.
테섭)
가정2)
솔플기준
기존 5% 증가 + 추가 95% 증가 = 최대 100% 까지 증가
파티기준 기존 5% 증가 + 추가 35% 증가 = 최대 40% 까지 증가
풀 리브라 기준 파티플레이시
1250 X 35 = 43,750의 인트를 요구한다.
프레이에도 설명했듯이
특수반지 및 메여축(메용2)도 이하생략
리브라는 본섭,테섭 둘다
지속시간 변동사항이 없다.
3. 그외 비숍 스킬
테섭)
엔젤레이의 최종데미지 2% X 5 = 10%를
마스터매직 패시브로 이전시켰다.
이제는 엔레 5스택을 유지및 준비과정이
간소화되었다.
디퍼도 동일하다.
단, 디버프효과가 삭제되었으므로
파티원이 받는 최종뎀은 소멸
디퍼 스택 최대 저장갯수가
줄어들었으며, 퍼뎀이 증가했다.
키다운스킬(채널링)을 최소화
즉, 딜압축이다.
바하뮤트 표식
엔레 및 디퍼 최종뎀 스택
디버프가 사라지며,
리저와 홀블또한
메여축 제외 특수반지 영향을 받지 않습니다.
<내용추가>
홀블은 2분 고정이라는 소식을 늦게 확인을해서
뒤늦게 추가했습니다.
공용스킬
여기서부터는 간략하게 설명하겠습니다.
메이플용사 패시브화
쓸만한 어블
패시브 효과 추가 :
올스탯 증가
쓸만한 파운틴
패시브 효과 추가 :
올스탯 증가
메여축
120초마다 준비가능, 쿨타임부여
실험 : 비숍의 홀리파운틴은
쓸만한 홀리파운틴과 공유여부
1. 홀리 파운틴 중복 설치여부
1.  왼쪽에 4차스킬 홀리파운틴 스킬 사용
2. 오른쪽에 5차스킬 언스테블 메모라이즈 파운틴 설치
(이후 기존에 있던 4차 홀리파운틴이 사라졌으며
쿨타임 UI는 두개의 파운틴이 쿨타임이 존재한다.)
3. 중앙에 쓸만한 파운틴 설치 시도
결과는 실패
번외실험)
이번에는 쓸만한 파운틴을 먼저 설치후
4차스킬 홀리파운틴을 설치를 시도해보려했지만 실패
2. 포엔젤 중복 설치여부
1. 먼저 4차스킬 왼쪽 홀리파운틴과 별도로
중앙에 4차 포엔젤을 설치
2. 오른쪽에 5차 언스 포엔젤 설치
(이후 중앙에 있던 4차 포엔젤은 소멸)
그리고 쿨타임UI는 4차 포엔젤-> 5차 언스 포엔젤로
갱신이 되어버림)
3. 벤젼스모드를 ON 했을때는
4차 파운틴과 5차 언스 파운틴처럼
쓸만한 파운틴 -> 쓸만한 포엔젤로 바뀌는지
확인해봤지만 변동사항이 없었다.
이후 홀리파운틴 중복여부처럼
기존에 존재한 4차 홀리파운틴이 있어서
쓸만한 파운틴을 중앙에 설치를 못하는 상황
확인된 가설
1) 홀리 파운틴은 2개 이상 중복설치 불가능하다
2) 포엔젤은 2개 이상 중복설치 불가능하다.
3) 쓸만한 파운틴은 벤젼스 ON 상태일때
쓸만한 포엔젤로 변환되지 않는다.
추가로 확인해야할 부분
현재 테스트서버에서는
저 혼자만 있어서 실험을 못했지만,
파티원A가 존재할시 쓸만한 파운틴 설치시
비숍B가 이후에 끼치는 영향이 있는지 조사 필요
------------------------------------------------------
이상 비숍 패치노트였습니다.
아직 테섭이다보니,
정식 본서버로 도입되기까지는
변동 될수도 있습니다.
제가 알고있는 내용이 틀릴수도 있으니
수정할부분 있으면
댓글에 말씀주시면 감사하겠습니다.
그리고 아직 내용이 완성된부분이 아니기때문에
피드백과 함께 내용수정을 추후 진행하려고합니다.
추후 시간 여유 있을때 PC로 수정이 가능해서
저녘~밤사이 진행예정입니다.
비숍게시판에서
9월 6일부로 1차 수정을 진행중이며
추후 9월 7일부로
팁과노하우 게시판에서
2차수정 진행중 입니다
많은 비숍분들이 보실수 있게
20추만 보내주시면 감사하겠습니다!
긴글 봐주셔서 감사합니다."
https://www.inven.co.kr/board/maple/2304/40954,기타,2024 해시태그의자 촬영 위치(카메라) / 표정 / 스티커   정리&미리보기,,2024-09-06 09:36,113685,67,"[글 추가/수정 사항]
1. 못 찾았던 배경 제보 받아 우선적으로 반영하였습니다
2. 9/8 썬데이 메이플 :
1) 10성 이하 1+1
2) 어빌리티 반값
3) 주흔 반값
4) 소울 5배
3. 글 최하단에 더 보기 편하시도록 배치한 이미지 추가하였습니다
4.
티르노그 해시태그 의자 촬영 장소 일부 수정된 것 본섭 패치 반영하여 수정
5.
오디움 실험실 배경 위치 계단 오른쪽 꽃 -> 왼쪽의 꽃으로 수정하였습니다
------------------------------------------------------------------
안녕하세요
이 글은 바로 다음 주부터 시작되는 신규 이벤트인 [티르노그 해시태그] 의 자세한 내용을 담고 있습니다
아무래도 와드가 필요하실 만한 내용들이라 일단 박아 두시고 이후에 필요하실 때 봐 주셔도 좋고, 이후 글들에서도 링크로 달거나 본문에 추가하는 등 편하게 보실 수 있게 되도록 해보겠습니다
개선 사항, 다른 신규 이벤트는
https://www.inven.co.kr/board/maple/5974/4094627
참고 부탁 드립니다
잘못 적힌 부분은 말씀해 주시면 감사히 수정합니다
★2024 티르노그 해시태그★
[들어가기 전에]
1. 일일 미션 : 레범몬 1천 마리 퇴치 / 1주 최대 5회까지 가능
2. 일일 보상 : 15분짜리 햇살 충전기
3. 누적 보상 :
- 출석 5회 : 심볼 교환권(200or40) + 의자 레벨 2
- 출석 10회 : 카르마 검환불 50개 + 의자 레벨 3
- 출석 15회 : 극성비 1개 + 의자 레벨 4
- 출석 20회 : 솔 에르다 1개
4. 의자 레벨에 따른 해금 요소 표 : 본문의 각 항목에서는 생략합니다
[포즈 설정]
의자 레벨 2부터 설정 가능하며, 선택 가능 목록은 다음과 같습니다
[표정 설정]
의자 레벨에 따라 3개씩 표정이 해금되며 기준은
아마 위에서부터 3개씩일 것 같습니다. 목록은 이와 같습니다
[좋아요 설정]
의자 레벨 4부터 설정 가능하며, 1000~9999에 해당하는 숫자 중 하나를 택하여 적어 넣을 수 있습니다
[내용(해시태그&이모티콘) 설정]
4레벨 기준 해시태그는 최대 7개까지 넣을 수 있습니다. 이모티콘도 동일한 것으로 보임(둘이 합쳐 총 14개)
1. 해시태그&다이나믹 해시태그
1) 해시태그
해시태그의 경우 기본적인 태그와 이외 서버, 직업, 획득한 훈장과 업적에 따른 설정 가능한 목록이 표시됩니다
2) 다이나믹 해시태그
다이나믹 해시태그는 스페셜 해시포인트를 이용해 구매할 수 있으며
정체는 5개, 나머지 3개는 각각 3개가 필요합니다
이는 의자에 설정할 시 착용할 때마다 ???에 해당하는 부분이 변화합니다
3) 이모티콘
이모티콘의 경우 4레벨 기준 총 39개가 존재하며 순서대로 해금되는 것으로 보입니다
의자에 적용 시 미리 보기에서 보이는 모습 그대로 나타납니다
4) 애니메이션 이모티콘
애니메이션 이모티콘은
스페셜 해시포인트를 이용해 구매할 수 있으며 꿈의 나비
는 5개, 나머지는 각각 3개가 필요합니다. 기본 이모티콘의 차별화된 점으로 gif 형식으로 움직입니다
​
[스페셜(프레임&스티커&BGM)]
해당 요소들은 레범몬에게 드롭되는 교환 가능 이벤트 아이템인 스페셜 해시포인트 사용을 통한 교환으로만 획득할 수 있으며 의자 레벨과 상관 없이 획득과 지정이 가능합니다
위에서 보신 애니메이션 이모티콘과 다이나믹 해시태그도 이 카테고리에 포함되며 여기서는 생략합니다
1. 프레임
티르노그/라운 프레임 : 각각 스페셜 해시포인트 15개
다른 프레임 :
각각 스페셜 해시포인트
10개
티르노그
2. 스티커
스티커는 프레임이 있는 상태에서만 부착할 수 있습니다
해당 모양의 스티커들은 각각 교환에 스페셜 해시포인트 1개가 필요합니다
:
해당 모양의 스티커들은 각각 3개가 필요합니다
스티커를 부착 시 의자 프레임 표시되며 이는 최대 16개까지 가능하고, 한 번 구매한 스티커는 원하는 만큼 중복하여 부착할 수도 있습니다
3. 배경 음악
스페셜 해시포인트를 소모하여 의자에 BGM을 장착할 수 있습니다. 목록은 이와 같습니다
4. 해시태그 컬러링
구매 시 해시태그에 해당하는 색을 입힐 수 있으며 요구 개수는 다음과 같습니다
기본 색과 컬러링이 적용된 텍스트 색은 이렇습니다
[배경]
1. 1레벨 의자일 때는 기본 색깔만 선택할 수 있습니다
2. 2레벨 의자일 때는 단색 색깔 중 하나를 선택할 수 있습니다
3. 3레벨 의자부터는 카메라 사용을 통해 마을, 필드의 배경을 찍고 그것을 의자의 배경으로 지정할 수 있습니다
- 일단 아마 이번 이벤트부터 힌트가 도입된 것으로 보이는데 이게 카메라를 누르면 랜덤으로 어딘가에 대한 힌트를 주고, 그것을 따라 찾아 가는 형식이 아니라 촬영이 가능한 맵에서 카메라를 사용하면 촬영이 가능한 위치가 어디인지 알려주는 방식입니다
이 때문에 어차피 맞는 맵을 찾아 헤매야 하는 상황이라 테섭의 인게임, 데이터 기준으로 공개된 배경 목록을 드리니 보신 후 필요하신 곳만 찾아 가시길 바라겠습니다
그리고 개수가 많아서 실수로 누락된 부분이 있을 수 있습니다. 혹시 이후 확인 되면 글에 수정하겠습니다
+
이하 4개의 배경은 답을 알아내지 못했습니다 ->
알려주셔서 우선적으로 수정합니다. 디테일한 부분은 저녁 즈음 수정합니다
잊힌 고향의 땅
카르시온 -> 삭제됨
탈라하트
-----------------------------------------
해당 텍스트들이 가리키는 것은 이와 같습니다
[오로라가 보이는 시간의 신전] ▶ 해당 배경의 공식 타이틀
▶ 인게임
의자에서 표시되는 모습
촬영 위치 : <시간의 신전> 입구의 이정표 앞
▶ 카메라를 사용해야 하는 위치
힌트 : 저기 앞에 오로라가 보여요! 멋진 오로라를 카메라에 담을 수 있다면....
▶ 텍스트 힌트
--------------------------------
[펫 산책로 깃발 근처]
촬영 위치 :
<헤네시스> 펫 산책로 왼쪽 1 깃발 앞
힌트 : 와! 펫 산책로네요! 여기저기 깃발도 꽂혀 있어요. 저라면 역시 1번 깃발 앞에 있고 싶어요
[깨끗한 검은 벽돌 벽]
촬영 위치 : <에델슈타인> 중앙 하단 차원의 거울 위 발판
힌트 : 에델슈타인은 검은 벽돌이 매력적인 마을이네요. 깨끗한 검은 벽돌 벽을 찾아보죠
[에델슈타인 헤어샵]
촬영 위치 : <에델슈타인 : 헤어샵> 왼쪽 수건 앞
힌트 :  헉, 에델슈타인 헤어샵에 와본 건 처음인 것 같아요. 저기 저곳은 머리를... 감는 곳일까요?
[이름 없는 마을 기마상 앞]
촬영 위치 :  <소멸의 여로 : 마을> : 잡화 상인 오른쪽의 석상 앞
힌트 :  이름 없는 마을에는 자그마한 기마상이 있어요. 앞에서 기념 촬영을 해보는 것도 좋겠네요
촬영 위치 : <소멸의 여로 : 물안개 폭포> 포탈 왼쪽의 폭포 앞
힌트 : 정말 웅장한 폭포로군요! 거대한 물줄기 아래가 촬영하기 좋아 보이네요
[에델슈타인 저택]
촬영 위치 : <에델슈타인 : 저택> 오른쪽 의자 앞
힌트 : 웅장한 저택이네요. 저기 고급스러운 의자도 있어요!
[엘리넬 로비의 책장]
촬영 위치 : <엘리넬 :
힌트 :
듣던 대로 책이 무척 많아요. 고풍스러운 책장도 배경으로 쓰면 좋지요
[루디브리엄의 곰돌이 안내판]
촬영 위치 : <루디브리엄 정거장> : 매표소 판매원 옆 곰돌이
힌트 : 귀여운 의자와 곰돌이 안내판을 찾아 이곳까지 왔죠. 곰돌이 안내판을 찾아주세요
[노을 지는 비화원]
촬영 위치 : <커닝시티 : 비화원 위층> :  맵 가운데 난간
힌트 : 비화원의 노을은 언제 보아도 정말 아름다워요. 노을이 제일 잘 보이는 난간 옆이 멋질 것 같아요
[무릉의 돌계단]
촬영 위치 : <무릉> 왼쪽 끝 비비 옆
힌트 : 무릉은 소나무가 멋진 마을이네요. 소나무와 돌계단이 함께 담기면 좋은 배경이 될 것 같아요
[마가티아의 밤하늘]
촬영 위치 : <마가티아> : 차원의 거울 오른쪽 위 발판
힌트 : 밤하늘이 아름다운 마을이네요. 풍차 소리조차도 방해할 수 없는 높은 곳에서 감상하고 싶어요
[오르비스 탑 지하 2층]
촬영 위치 : <오르비스탑 : 지하 2층> 맨 위에서 2번째 층 오른쪽 창문 앞
힌트 : 탑의 창문들이 너무 아름다워요. 가장 멋진 창문을 한 번 찾아보도록 하죠
[햇살이 들어오는 이토의 집]
위치 : <리프레 : 이토네 집(마을에서 가장 우측)> : 2층의 창문 앞
힌트 : 이토네 집은 특별히 더 밝고 따뜻한 것 같아요. 위에서 들어오는 햇살 덕분일까요?
[하늘나루 계단 앞]
위치 : <에레브 : 정거장> : 계단 맨 밑 층의 앞
힌트 : 에레브에는 여기저기 멋진 계단이 많네요
[아랫마을 기와집 담장 아래]
위치 : <아랫마을> : 맨 왼쪽 위의 기와집 담장 위
힌트 : 듣던 대로 아랫마을은 평화롭고 소박해 보이네요. 그렇지만 역시 기와집 담장이 가장 멋져 보이는걸요?
[천도 과수원]
위치 : <무릉 : 천도 과수원 1> 왼쪽 3층 발판의 나무 앞
힌트 : 온통 복숭아나무가 가득하네요! 가지가 너무 높지 않은, 그렇지만 잎이 잘 보이는... 흠흠, 아무튼 잘 찾아보죠
[비밀광장의 칠판]
위치 : <에델슈타인> : 비밀광장 지그문트 옆의 칠판 앞
힌트 : 비밀광장까지 배경을 찾아오다니, 적극적이시네요! 저기 칠판을 보세요. 뭔가 멋진 계획이 쓰여 있을 것만 같아요
[에델슈타인 임시공항]
위치 : <에델슈타인 : 정거장> : 전단지 앞
힌트 : 전단지가 있는 벽 앞에서 촬영해 보는 건 어떨까요? 왠지 멋져 보이는데요?
[판타스틱 테마파크 정문]
위치 : <판타스틱 테마파크> : 정문 포탈 우측 철창 앞
힌트 : 신나는 판타스틱 테마파크! 입장하기 전에 입구에서 배경을 촬영하는 것 잊지 마세요!
[펭귄 항구]
위치 : <리엔> : 정거장 튜브 앞
힌트 : 펭귄 항구에 도착했어요! 눈 덮인 빨간 튜브가 보이네요
[리프레 높은 곳]
위치 : <리프레> : 모스 옆 계단 맨 위
힌트 : 와! 가장 높은 곳에 올라가면 리프레를 내려다볼 수 있을 것 같아요
[트루의 정보상점]
위치 : <리스항구 : 트루의 정보상점> 지구본 앞
힌트 : 멋진 정보상점이네요. 만약 딱 한 가지만 촬영할 수 있다면 전 지구본을 촬영할 것 같아요
[영웅의전당 헤라클 앞]
위치 : <길드 본부> : 영웅의 전당 헤라클 앞 계단
힌트 : 영웅의 전당까지 배경을 찾아오다니, 적극적이시네요! 덕분에 매력적인 계단이 많은 장소를 발견했어요
[커닝시티 재즈바 앞]
위치 : <커닝시티> :
재즈바 네온사인 앞
힌트 : 네온사인이 있는 벽 앞에서 촬영해 보는 건 어떨까요 왠지 멋져 보이는 데요?
[골드비치의 대왕 조개]
촬영 위치 : <골드비치> : 골드리치 주니어 옆 조개
힌트 : 문어가 엄청나게 많아요. 절묘한 순간에 찍은 사진만큼 멋진 것은 없죠. 자꾸 숨는 문어를 촬영해 볼까요?
[빛나는 동굴길]
촬영 위치 : <에우렐 : 빛나는 동굴길> 맵 중앙
힌트 : 거의 다 온 것 같아요. 이 근처에 멋진 배경이 있을 것 같은 기분이 들어요
[공원의 도토리나무]
촬영 위치 : <에델슈타인 공원 1> : 정중앙 맨 위의 나무 앞
힌트 : 에델슈타인 공원에는 귀여운 도토리나무가 많네요. 도토리나무 옆이면 촬영하기에 좋을 것 같아요
[분홍 산호 옆 노랑 산호]
촬영 위치 : <아쿠아리움 : 모래성 놀이터> : 왼쪽 3층 발판의 두 산호 가운데
힌트 : 분홍 산호! 노란 산호! 둘 다 너무 예뻐요. 두 산호가 다 나오는 곳에서 촬영한다면 베스트 샷!
[분홍 버섯 산호]
촬영 위치 : <아쿠아리움 : 버섯 산호 구름> 미니맵 2시 방향의 쪼만한 버섯 앞
힌트 : 예쁜 버섯 산호 구름이네요. 해초가 너무 많지 않은 분홍 버섯 산호 옆이면 좋을 것 같아요
[리나의 집 식탁]
촬영 위치 : <헤네시스 : 리나의 집> 식탁 앞
힌트 : 앗 저게 뭐지? 식탁과 맛있어 보이는 음식이 있네요? 음식도 좋은 배경 소품이죠
[탕윤의 음식 앞]
촬영 위치 : <노틸러스 : 식당> : 맨 오른쪽 의자 앞
힌트 : 노틸러스 식당이에요. 탕윤이 준비한 음식이 보이네요. 맛있어 보이는 음식은 좋은 배경 소품이죠
[리멘 거인의 심장 문 앞]
촬영 위치 : <리멘 : 검은 마법사 입장 맵)> : 포탈 앞
힌트 : 이 문을 열면 감당할 수 없는 일이 벌어질 지도 몰라요
[어린 카투스 사막의 선인장]
촬영 위치 : <아리안트 : 어린 카투스 사막(아리안트 서문 밖에서 진입 가능)> 맵 왼쪽의 집과 꽃 사이
힌트 : 작은 선인장 집이에요! 사막의 꽃과 선인장 집이 함께 담기면 좋은 배경이 될 것 같아요
[여섯갈래길 엘리니아 방향]
촬영 위치 : <여섯갈래길> 엘리니아 방향 앞 이정표
힌트 : 빅토리아 아일랜드 곳곳으로 떠날 수 있는 여섯갈래길이네요. 여섯갈래길에 왔다면 가장 멋진 이정표를 촬영하고 가야 하지 않겠어요?
[하늘고래산의 진주 조개]
촬영 위치 : <츄츄 아일랜드 : 거대한 꼬리> 맨 위의 조개 옆
힌트 : 하늘고래산에서는 아름다운 진주 조개를 찾을 수 있단 소문이 있던걸요?
[중심가의 정상]
촬영 위치 : <레헬른> 창고지기가 위치한 건물 꼭대기
힌트 : 레헬른의 중심가는 정말 아름답네요. 높은 곳에서 내려다보면 훨씬 멋지겠어요!
[무도회장의 음료 테이블]
촬영 위치 : <레헬른 : 즐거운 무도회장> 맵 맨 오른쪽 식탁 앞
힌트 : 무도회장에 왔으면 음료라도 한 잔 마시는 게 좋지 않을까요?
[깊은 숲 버섯 앞]
촬영 위치 : <아르카나 : 깊은 숲> 중앙 쯤의 버섯 앞
힌트 : 아르카나의 깊은 숲에는 신기한 버섯들이 정말 많은 것 같아요
[레스토랑 핥 하우스 앞]
촬영 위치 : <츄츄 아일랜드> 마스터 핥 옆 집 앞
힌트 : 츄츄 빌리지의 명소로는 레스토랑 핥을 빼놓을 수 없죠!
[동굴 아랫길 가장 깊은 곳]
촬영 위치 : <아르카나 : 동굴 아랫길 깊디 깊은 곳> : 맨 오른쪽 발판 위
힌트 : 아르카나의 동굴은 정말 깊고 험하네요. 가장 깊은 곳에서는 기념 촬영을 잊지 말아야겠어요!
[형님들 구역의 도자기 앞]
촬영 위치 :
<모라스 : 형님들 구역 2> 우측 상단 도자기 앞
힌트 : 무시무시한 형님들의
구역이에요. 도자기를 수집하는 취미가 있을 줄은 또 몰랐네요!
[보랏빛 산호 앞]
촬영 위치 : <모라스 : 산호 숲으로 가는 길 5> 맨 오른쪽 산호 앞
힌트 : 정말 아름다운 산호 숲이에요. 보랏빛 산호는 특히 눈을 뗄 수가 없겠어요!
[베이스 캠프]
촬영 위치 : <에스페라> 오른쪽, 배경 밑에 보이는 바위 위
힌트 :
바다 한 가운데가 참 이쁘네요
[화이트 스피어2 소형 비공정]
촬영 위치 : <문브릿지 : 화이트 스피어2> 맨 오른쪽 작은 함선 앞
힌트 : 혹시 함선을 타고 함포를 쏴본 적 있으세요?
[불타는 왕립 도서관 제6구역]
촬영 위치 : <불타는 세르니움 : 불타는 왕립 도서관 제 6구역> 오른쪽 아래, 필드 이동 포탈 옆 2권의 책 앞
힌트 : 세르니움(후)의 불타는 왕립 도서관 제 6구역 오른쪽에 붉은 색의 책 두 권이 세워져 있어요
[고통의 미궁 욕망의 제단 입구로 가는 길]
촬영 위치 : <고통의 미궁 : 최심부 거점> 잡화상인 옆 해골 촛대 앞
힌트 : 헉... 저기...! 해... 해골이...!
[세르니움 검의 무덤]
촬영 위치 : <세르니움 : 검의 무덤> 가운데 가장 큰 칼 앞
힌트 : 세르니움(전)에 있는 검의 무덤이에요. 가운데 위치한 가장 큰 검이 눈에 잘 띄네요
[간이역 레일로드 표지판 앞]
촬영 위치 : <호텔 아르크스 : 간이역 레일로드> 좌측 포탈 옆 표지판 앞
힌트 :
[호텔 아르크스 2층 테이블 앞]
촬영 위치 : <호텔 아르크스 : 2층> 우측 테이블 앞
힌트 : 햇살은 뜨겁지만, 조금은 앉아서 편히 쉬어갈 수 있을 것 같아요
[오디움 실험실 나무]
촬영 위치 : <오디움 : 눈을 뜬 실험실 계단> 왼쪽 꽃 앞
힌트 : 꽃이 참 이뻐요~ 이쁜 배경이 될 것 같아요
[사계가 머무는 누각]
촬영 위치 : <도원경 : 사계가 머무는 누각> 큰 붓 앞
힌트 : 여기 아름담고 엄청 큰! 붓이 있어요!
[퀸스로드 작전본부의 작전 테이블]
촬영 위치 : <아르테리아> 나인하트 옆
힌트 :  나인하트가 유심히 보고 있는 작전 테이블을 찍어가요!
[티르노그]  -> 삭제됨
촬영 위치 :
<티르노그 : 이벤트 맵> 오른쪽 하단 창고지기 옆 기계 앞
힌트 : 티르노그 내부 하단의 기계가 고장 날 것만 같아요!
- 공유 편한 이미지
----------
5추만 보내주시면 감사드리겠습니다"
https://www.inven.co.kr/board/maple/2304/40939,기타,(갱신)[12178]테섭 신규 이벤트&신규사항(+라이브) 요약,,2024-09-05 18:33,26246,25,"[글 추가/수정 사항]
1. 본문으로 갱신하였습니다
2.
배경 등 해시태그 자세한 꾸미기 전체 정리 :
https://www.inven.co.kr/board/maple/2304/40954
------------------------------------------------------------------
안녕하세요
이 글은 오늘 테섭의 주요 내용들을 간략히 한 것을 담고 있습니다
테섭 오픈과 동시에 진행된 라이브에서 공개된 내용 중 추가할만한 내용들은 글에 포함하였습니다
잘못 적힌 부분은 말씀해 주시면 감사히 수정합니다
★주요 내용★
1. 이번 테스트 서버 업데이트의 내용들은 9/12
(목) 정식 서버 업데이트 예정입니다. 테스트 서버의 내용은 정식 서버 적용 시 변동 혹은 변경될 수 있습니다
2.
Q : 라이브에 큐브 배상 관련 언급 있었나요?
따로 없었습니다
★신규&변경사항★
★스킬 관련 변경 사항 전문
:
https://maplestory.nexon.com/testworld/news/all/63
라이브에서 언급된 이번 스킬 패치 관련 코멘트들
1) 빨라지는 전투 콘텐츠 추가 템포에 대한 대응 : 점진적, 안정적인 패치 기조에서 방향적, 양적으로 파격적 수준의 변화 시 기조로 변경
2) 소위 시너지 스킬들의 효용을 낮추는 목적
3) 전체적인 직업의 수치 조정 : 각 직업별 성능과 편차 줄이기 + 시너지가 감소된 만큼 어느 정도 보완, 상향 평준화
4) 각 직업들의 불편한 부분 개선 : 이동 속도, 공격 속도, 윗점 등 : 직업별로 변경, 개선 사항 상이하므로 직접 읽어보는 것 추천
-----------------------------------------------
1. 신규 지역 <탈라하트> : 290레벨 이상 입장 가능
- 그랜드 어센틱 심볼 : 심볼 교환권에서 획득 불가
- 길뚫 훈장
2. 캐시 관련
1) 캐시 관련 이미지
2) 신규 아이템
3. 개선&변경 사항
1) 하이퍼 스탯 레벨업 UI 최신화, 일괄 레벨업 기능 추가
2) 장비 아이템 툴팁과 강화 결과 UI에 전투력 증가량 정보 출력 기능 추가
- 게임 내 설정을 통해 스탯/전투력/동시 표시 선택 가능
3) 메소마켓 NPC 아이콘 누를 시 바로 메소마켓 이용 가능
4) 펫, 안드로이드 투명도 옵션 분리
5) 배고픈 무토 히든 레시피 삭제
6) 세렌 2페이즈 권능 패턴 안전지대 범위 증가
7) 피에르/블퀸/검마/세렌 보스 보상 몬스터 스킬로도 열기 가능하게 개선
8) 기본 드롭률을 제외한 증가하는 아이템 드롭률 수치가 최대 400%에서 500%로 증가
9) 콜렉터 영약 사용 가능 기한 7일에서 10일로 변경
10) 파티 상태에서 반지 상자 사용 시 파티원 모두에게 획득한 아이템 정보 출력
11) 차도 5/7, 에스페라, 크로스헌터 2 보이스 추가
12) 특수 코어 연장 기능 추가 : 최대 30일까지
13) 캐릭터 선택창 관련 : 일부 UI 개선 등
- 마우스 휠로 페이지 이동 가능
- 직업 육성 현황 표시
14) 앵글러 컴퍼니 관련 여러 요소의 난이도 완화
★[9/13~10/17]PC방 접속 보상 이벤트★
- 일일 보상
- 누적 접속 시간 보상
★신규 이벤트★
1. 9/12~10/16 : [챔피언 챌린지] : 미리 공개 됐던 이벤트
- 매주 주간 미션 오픈
- 처음 선택한 월드에서만 참여 가능
- 최대 3개의 캐릭터로 미션 참여 가능
- 연습 모드로도 미션 참여 가능
- <챔피언 버닝> 지정 캐릭터와는 전혀 상관 없음
- 동일 주차의 미션에서는 한 캐릭터로 1번만 참여 가능
- 코인샵
2.
9/12~10/16 :
[티르노그 해시태그]
1) 메인 출석 : 메이플 ID당 레범몬 1천 마리 : 일일 1회, 1주 최대 5회
- 출석을 하여 의자 레벨을 높일 수 있습니다
- 의자 레벨에 따라 꾸밀 수 있는 요소가 늘어납니다
- 일일 출석할 때마다 일일 보상인 작은 햇살 생성기를 획득할 수 있습니다
- 누적출석 횟수가 5/10/15/20 회가 될 때마다 아이템 보상을 획득합니다
심볼 : 200or40
2) 교환 가능 이벤트 아이템 : 레범몬 드롭
VIP 부스터 또는 의자 꾸밈 요소 교환 가능
3) 여러 요소를 사용하여 의자를 꾸밀 수 있습니다
- 레벨에 따른 요소 : 5/10/15번 출석 시 각각 2/3/4레벨
배경 등 해시태그 자세한 꾸미기 전체 정리 :
https://www.inven.co.kr/board/maple/2304/40954
3. 10
/7~10/9 :
[학자 월묘의 한글 공부]
1) 3인 경쟁 타이핑 미니게임
2) 순위에 따라 포인트 획득
3) 1천 포인트 획득 시 월드당 1회 보상 의자 수령 가능
​
​
​
​
----------------------------------------------------
4추만 보내주시면 감사드리겠습니다"
https://www.inven.co.kr/board/maple/2304/40894,사냥,가격 대비 경험치 도핑 효율(24.09.30 14:05 수정),,2024-09-01 13:39,84376,42,"가격 대비 경험치 효율을 정리한 표입니다.
아래로 갈수록(숫자가 높을수록) 효율이 안 좋은 것이고, 숫자의 의미는 추가경쿠를
숫자X100만메소
에 구매한 급의 효율이라는 뜻입니다.
24.09.01 19:22 - 2850메포 표시, 에픽 던전 1>2단계 효율 추가, 2단계 효율 삭제
24.09.02 04:53 - 혈반, 부스트링 가격 기재
부스트링 6억 메소 옵션 추가(도시섭 경매장 반영)
고농축>농축비 이름변경
소경축비, 농축비 VIP 부스터와 합쳤을때의 효율 추가
24.09.02 05:49 - 추가경쿠 가격 기재
24.09.02 06:35 - 캐시샵 준정펜 추가
24.09.02 12:18 - 추가 경쿠 세부 설명 추가
24.09.02 13:14 - 1시간,3시간 삭제 / 30분 2시간 추가
24.09.02 13:18 - 경매장 2배 쿠폰 구매 추가
24.09.02 16:19 - VIP부스터 추가 경험치 상황 별 효율 추가
24.09.03 02:06 - 일부 수치 오류 수정(에픽 던전, VIP부스터 관련 효율이 0.1 미만 오류)
24.09.30 14:05 - 주화 시세 기재"
https://www.inven.co.kr/board/maple/2304/40759,기타,다음 테섭/휴면 닉네임 옥션/스토리북 당첨 확인 등 소식지,,2024-08-18 10:43,46040,40,"[글 추가/수정 사항]
1. 티르노그 설계도(출석)  /  pc방 이벤트 치장 아이템 이미지 추가
- PC방 누적 15시간 코디
- 출석 보상 이미지
3. 닉네임 옥션 관련 신규 내용 추가
4. 8/25(일) 썬데이 : 5/10/15성 100%
-----------------
안녕하세요
이 글은 오늘 기준 보실 만한 내용들을 모은 것입니다. 별다른 것은 없지만 많이 물어보시던 내용 등을 포함하였으니 한 번 쓱 봐 주시면 좋겠고 이후 추가적인 이슈나 소식이 없다면 테섭 이전까지 유효하겠습니다
잘못 적힌 부분은 말씀해 주시면 감사히 수정합니다
★8/18 23:59 종료★
1. <기억 속의 한 페이지> 코인샵 이용
2. <썬데이 메이플>
[<뉴 네임 옥션> 관련 사항]
1. 휴면 닉네임 삭제 진행 : 8/22(목) 점검
2. <뉴 네임 옥션> 진행 기간 : 8/29(목) 10시~9/11
3. 기존의 <뉴 네임 옥션> 과 다른 점
1) 유저끼리의 거래는 불가능하며
""삭제된 휴면 캐릭터 닉네임""의 경매 진행
* 공지된 기준 : <생성 시도가 있었던 캐릭터 이름> - 이렇게만 공지돼서 더 자세한 사항은 현재로선 알 수 없습니다
3) 등록된 닉네임에 입찰만 가능하며 100 메포부터 시작
4) 캐릭터 닉네임별 경매 일정은 별도로 안내될 예정이라고 하며 경매 일정은 이와 같습니다
+경매 일정
[풀리는 닉네임 목록 링크]
https://maplestory.nexon.com/news/auction/2024/0823/popup
기준 : 8/22(목) 휴면 캐릭터 삭제 이후 생성 시도가 있었던 닉네임
★ 옥션 기간 중 판매 실패한 캐릭터 닉네임은 이후 캐릭터 생성 불가
링크에서 이처럼 일자별로 경매에 부쳐지는 닉네임을 확인하실 수 있습니다
[주요 사항]
1. 이벤트&에픽 던전 초기화 시간 : 원래대로 돌아와서 8/22(목) 0시에 진행
2. [~10/16]첫 초기화가 진행되는 22일 기준으로 메인 이벤트(더블 업/티르노그 설계도)들의 남은 기간은 56일(8주)이며 만약 22일부터 시작하실 경우 여유 기간 없이 개근하셔야 됩니다
3. 해당 이벤트들만 9/11까지만 진행되며 다른 이벤트들은 10/16까지 동일하게 유지됩니다
1) <솔라하의 에너지 연구(VIP 부스터)> :
부스터 사용 기간은 9/18까지
2) <차원의 균열 탐사> :
이전 글에서 누락했던 본섭 오면서 추가된 보상
* <PC방 누적 보상 이벤트>는 9/12까지
4.
<더블 업 버닝> EXP 포인트 관련 사항
1) 각 캐릭터에 누적된 EXP 포인트는 1주일마다 초기화되지 않아 이벤트가 끝나는 10/16까지만 사용하시면 됩니다. 초기화 되는 경우는 리더 자리와 변경했을 때 입니다
이거는 유독 매주 초기화 된다는 말이 괴담처럼 떠돌아서 따로 말씀 드리며 혹시 해당 내용 공지사항 등에서 보신 분들 계시면 말씀 해주시면 참고하겠습니다
2) 더블 업 EXP 포인트는 8주(24회)만 참여 가능한 더블 업 코인과 다르게 9주 전부 참여 가능하기 때문에 총 90만 포인트까지 쌓으실 수 있습니다
5. 캐시 이동 진행 기간 : 8/23(금) 10시까지
6. <개화월영> 이벤트 스토리 북 당첨 확인 : 8/25까지
https://gwevent.nexon.com/Home/EventConfirm?n4EventSN=4RVxQJ9XQJ8EqhlokY5WyA%3d%3d
[다음 유력 테섭 일자 : 9/5(목)]
1. 예고된 내용
1) 신규 지역 <탈라하트> : 290레벨 이상 진입 가능
2) <그랜드 어센틱 심볼> 추가 : 추경 최대 50% / 드메 각각 최대 15%
2. 정식 서버 업데이트 예정 일자 : 9/12(목)"
https://www.inven.co.kr/board/maple/2304/40703,사냥,"사냥, 컨텐츠 및 BM에서 경험치 및 관련 아이템 효율 비교 (8월 이후)",,2024-08-14 01:00,43875,30,"이 글은 사냥과 에픽 던전 및 잠수 등 컨텐츠에서 메소 및 메이플 포인트를 소비할 때 보다 현명하게 소비하기 위한 목적으로 작성하였고, 제가 웹사이트를 개설하는 것은 무지해서 계산 결과만 보여드립니다...
아래 계산은 전부 제 기준입니다.
>>289레벨, 카르시온 원젠컷, 최상위 사냥터 1.9만마리 사냥, 로디드가 있으나 계산에는 포함시키지 않음
0. 필수 도핑 및 능력치(자본이 필요하지 않거나 가성비가 엄청나게 좋음)
경험치 2(3)배 쿠폰 = 100%( 200% )
추가 경험치 쿠폰 = 50%
익스트림 골드 = 10%
VIP 버프 = 15%
쓸만한 홀리 심볼 및 메르세데스 링크[풀렙] = 50%
룬 가동률[100%*(270s/930s)]=29.03%
하이퍼 스탯[15렙] = 10%
솔 야누스[20렙] = 67%
유니온 제로[SSS] = 12%
유니온 점령[40칸]= 10%
유니온 아티팩트[10렙] = 12%
이벤트 보약 버프[2렙] = 5%
준비된 정령의 팬던트 = 30%
총 추가 경험치 : 400% (500%)
289레벨에서 사냥 가능한 최대 몬스터인 근원에 다가간 사제 사냥 시, 배율 120% 기준 5,118,587의 경험치 획득
1시간 19000마리 사냥 시,
기본 1시간 배율
5,118,587*19000=972억
경험치 2배 쿠폰 기준
972
억*500%=4680억
경험치 3배 쿠폰 기준
972
억*600%=5832억
의 경험치를 획득 가능하다. (히든 포탈은 자리 지키기 이슈와 확률에 따른 경험치 격차가 크므로 포함하지 않았습니다. 반영 시 경험치 추가 획득 가능)
1. 소비형 아이템(VIP부스터 제외)과의 비교 (경험치 배율과 관련x)
-소형 경험 축적의 비약 30분간 +10% 경험치 > 250*2만메소당 972억*10%=97억의 추가 경험치
-고농축 소형 경험 축적의 비약
30분간 +20% 경험치 > 800*2메소당 972억*20%=194억의 추가 경험치
2. 기간제형 추가 경험치 획득 아이템과 비교
(경험치 배율과 관련x)
매일 1시간 /3시간/ 5시간 사냥 시,
-EXP 부스트 링 : 30일간 +15% (경매장가 패키지 물품 추정 5억, 부스트링 패키지 구입 시 경쿠는 랭커 아니면 무조건 판매하셔야 됩니다!!) >
972억*15%*30일*n시간
4374억 / 13122억 / 21870억의 추가 경험치 획득
-혈맹의 반지 : 30일간
+10%
(경매장가 2.2억)
2916억 / 8748억 / 14580억의 추가 경험치 획득
-시그너스 기사단(이벤트 BM 칭호) : 30일간 +40% (경매장가 22억)
11664억 / 34992억 / 58320억의 추가 경험치 획득
3. 에픽 던전 등 메이플 포인트 소모 컨텐츠
기본 보상은 무료로 얻는 것으로 생각하고, 추가 경험치 및 주화만 계산하였습니다. 주화 가격과 메포 가격은 변동되니 참고해 주세요. 8.14일 시세에 따라1억 메소 = 3440메포, 1골주화 가치는 (3840만메소-300메포)=2968만메소로 계산합니다.
- 하이 마운틴 4배 (7500 메포 - 4골드주화 =  약 9900만메소)
1.91조 추가 경험치 획득 가능
- 하이 마운틴 4>8배 (225
00 메포 - 4골드주화 = 약 5.35억메소)
1.91
조
추가 경험치 획득 가능
- 앵글러 컴퍼니 4배 (100
00 메포 - 4골드주화  = 약 1.7억메소)
2.87조
추가 경험치 획득 가능
-
앵글러 컴퍼니
4>8배
(300
00 메포 - 4골드주화  = 약 7.53억메소)
2.87
조
추가 경험치 획득 가능
- NEW 이벤트 잠수맵
3천 메이플 포인트(약 8800만 메소)를 이용하여 3872억의 경험치 획득 가능
4. VIP 부스터 (가격도 요동치고 경험치 배율에 따라 효율이 천차만별이니, 대략적인 경향만 참고하세요.)
VIP 부스터는 맨 위 조건에서 3배 경험치 쿠폰, 룬 경험치 +100%(썬데이x) 적용 시에만 소비한다는 가정, 이때의 배율은 571%로 계산.(썬데이, 버닝, 추가 BM류 아이템 장착 시 효율 더욱 증대.) 또한 나오는 불꽃 몬스터와 기존 몬스터 모두 젠컷한다는 가정(100초 사냥 시 대략 180마리 추정, 정확하게 아시는 분 있으면 댓글 남겨주세요.)
불꽃 몬스터 경험치 289레벨 기준 약 4200만*180마리*671%=507억의 경험치 획득 가능.
스카니아 기준 8월14 400만 메소.
세줄 요약)
1. 새로 나온 유료 잠수맵은 기존 2배쿠폰 60분 사냥 대비 85%의 경험치를 획득할 수 있다. (히든포탈 미포함)
2. VIP 부스트는 하루에 10번 먹으면 60분 추가로 사냥한 효능을 낼 수 있다.
3. 아래 그림판에 정리한 표에 따라서 자신의 사냥 시간, 투자 자본에 따라서 안 하고 있는 게 있는지 체크해 보자.
( 표는 위로 갈수록 사용 재화 대비 추가 경험치, 즉 가성비가 좋은 것을 나타낸다. 예를 들어 하루에 3시간을 사냥하고, 자신이 사냥 시 소경축비를 사용하고 있으면, 부스트링, 혈반, 에픽던전 8배 정도는 고려해야 된다.)
(+하이마운틴이 앵글러 컴퍼니보다 가성비가 높긴 하지만, 어차피 둘 다 효율이 매우 높기에, 경험치에 관심 있는 유저라면 앵글러 컴퍼니를 추천함.)
*틀린 부분 있으면 지적 감사합니
다*
/수정 : 비약류 30분인거 반영해서 효율 절반으로 줄였습니다..죄송합니다.
VIP부스터 가격도 내렸다 해서 효율 고
쳤어요.."
https://www.inven.co.kr/board/maple/2304/40667,기타,패치 후 메할일요약+변경사항 등 정리: 챔피언버닝 외,,2024-08-12 22:57,82260,62,"[글 수정/추가 사항]
1
. 2시간 연장 : 10시 -> 12시
2. 2시간 연장 : 12시 -> 14시
3. 챌린지 코인샵 표 추가
4. 이번 주 에픽 던전과 신규 이벤트 초기화는 내일(15일)이 아닌 다음 주 목요일(22일) 0시부터 진행됩니다
-------------------
안녕하세요
이 글은 8/13(화) 업데이트를 정리한 것입니다
이번에는 유독 테섭 기간이 짧기도 하고 애로사항도 있었으나 가능한 선에서 담았습니다
잘못 적힌 부분은 꼭 말씀 부탁 드립니다
-------------------
[들어가기 전에]
1. 이 글의 내용은 테스트 서버 기준으로 본섭 적용 시 변경 혹은 변동될 수 있습니다
2. 요약으로 전체적인 내용 보신 후, 코인샵 품목 등 자세히 밑에서 봐주시면 좋습니다
★점검 예정 시간 : 04~14시★
- 점검 이전까지 [근원의 폭주(림보)] 이벤트 보상 수령 가능
- 점검 이전까지 이번 주 [에픽 던전] 클리어 가능 : 다른 콘텐츠 초기화 일자는 동일
------------------------
- 캐시 이동 : 이번 주 수요일 10시~다음 주 금요일 10시
- <기억 속 축제의 서> 코인샵은 일요일까지 오픈 : 목요일 0시에 마지막 재입고
- PC방 이벤트 보상 조정 : 조각 X / 코인샵 X
- MVP 기프트 팩의 몬파 티켓 수량 변경은 8/21(수)부터
★신규 이벤트 요약★
: 주마다 해야 하는 펀치킹 / 미니 게임 없음
: 신규 이벤트들의 초기화는 8/22(목)부터 시작됩니다
1) [티르노그 설계도] : 기본 출석 :
출석 버튼 누르기
- 일일 1회 / 1주 최대 5회 : 기간 내 최대 40회
- 일일 보상 : 보약 SP 각각 5개 / 경쿠 3개 / VIP 부스터 2개
2) [티르노그 설계도] : 심화 출석 :
레범몬 2천 마리 잡기
- 1주 최대 3회 / 몰아서 가능 : 기간 내 최대 24회
- 1회 보상 : 코인샵 코인 1천 개 / EXP 교환권 1천 개
3) [고브의 선물] : 보약 스킬 이벤트 :
기본 출석에서 얻은 SP로 보약 스킬 찍기
- 신규 효과 : 유니온 주간 코인 추가 획득
4) [차원의 균열 탐사] : 추가 보상 이벤트 : 레범몬 1천 마리 퇴치 후 가능
- 일일 1회, 1주 최대 5회
- 카르마 검환/심볼 교환권/에르다 기운 중 택2
- 확정 보상과 확률에 따른 보상 선택하여 획득 가능
5) [견습 로봇 놀이터] : 잠수맵 이벤트
- 잠수맵 위치 시 5초마다 경험치 획득
- 기본 출석 보상의 햇살 생성기 또는 메포(1회 3천)로 획득 경험치 늘리기 가능
6) [솔라하의 에너지 연구] : VIP 부스터 드롭 이벤트
- 퀘스트 수락 후 레범몬 사냥 시 1회 교환 가능한 부스터 드롭
7) [챔피언 더블 업] : 본캐와 함께 유니온 육성 이벤트
- 최대 3개의 캐릭터를 이벤트 대상으로 지정 가능
- 리더 챔피언이 레범몬 퇴치 미션 수행 시 다른 2개의 캐릭터도 보상 획득
코인 미션 : 심화 출석과 완전히 동일하며 심화 출석과 동시에 수행 가능
* 코인 1회 2500개 / 1주 7500개 / 개근 시 총 60000개
EXP 포인트 : 레범몬 1마리=1EXP 포인트 : 1주 최대 10만까지 쌓기 가능
* 단, EXP 포인트의 경우 리더는 획득하지 못함
** 사용할 챔피언 캐릭터로 입장하여 사용 가능
*** 기존 보상인 <EXP 교환권> 과는 다른 아이템, 효율 그보다 훨씬 낮음
+ 9/12부터 진행 가능 : [챔피언 챌린지]
- 250레벨 / 스우&가엔슬&루시드&듄켈 1인 격파 이벤트(최대 3개의 캐릭터까지/연모로도 ㅇㅈ/난이도 상관 없음)
- 이 이벤트의 도전 캐릭터는 [챔피언 더블 업] 지정 캐릭터들과는 전혀 상관 없음
- 보상 : 챌린지 코인=보스 코인샵
- 스페셜 미션 :
하드
진 힐라 1인 클리어 3회 모두 완료 시 훈장 지급
★신규&변경 사항★
1. [앵글러 컴퍼니] : 신규 에픽 던전
- 270 이상 / 경험치 기존 대비 1.5배 / [하이 마운틴] 과 중복 참여 불가
: 22일(목) 0시에 클리어 기록 초기화됩니다
2. [몬스터 파크] 변경 사항
- UI 개선 / 무료 횟수 1회로 변경 / 입장 횟수 600메포로 변경
- 경험치 2배 상향
- 칠요 관련 횟수 조정이 있을 지는 본섭 봐야 알 듯
3. 콜렉터에게 와헌&헤도 버프 구매 가능 : 200만 메소
- 퀘스트 알림이에서 [콜렉터의 의뢰] 퀘스트 전부 완료 시 구매 가능(길지 않음)
- 퀘스트 완료 시 월드 내 200레벨 이상 캐릭터들로 구매 가능
- 보스 맵 내에선 사용 불가하므로 쓰고 들어가는 것 잊지 말기
4. 뎀스 UI 개선
- 크기 확장
- 드래그로 뎀스 위치 이동 가능하도록 개선
5. 가치 높은 아이템 드롭 시 이펙트 추가
6. 가방 아이템 개선
- 아이템 자동 보관 체크를 통해 아이템 획득 시 가방에 들어갈 지 여부 선택 가능
★본문★
1. 캐시 관련 사항 등
2. 신규 이벤트 : 티르노그 관련
3. 신규 이벤트 : 챔피언 버닝 관련
4. 개선&변경 사항
2. 신규 이벤트 ; 티르노그
- 보상의 블큐 화에큐 모두 카르마화 되어 소비 아이템으로 변경되었습니다. 이에 따라 캐시샵 이동이 불가능하나 테섭 기준 등업 스택은 오릅니다
3. 신규 이벤트 : 챔피언 버닝
- 유니크 엠블렘/보조무기 상자의 경우 보조무기<< 는 설명처럼 일부 직업 때문에 붙은 이름입니다
- 더불어 저는 잘 모르던 부분이었지만, 구 제로의 엠블렘 문제 관련하여 밑과 같은 참고 사항을 말씀 주신 분이 계셔 첨언하니 참고 부탁 드립니다
""타 직업과 다르게 엠블렘에 기대 이상의 시간을 쏟아야 얻을 수 있어 포기하던 엠블렘 패치 이전 제로 유저들은 이번 기회로 편하게 얻어가실 수 있으니 참고 부탁드립니다""
3. 개선&변경 사항
-------------
4추만 보내주시면 감사드리겠습니다"
https://www.inven.co.kr/board/maple/2304/40631,실험,신규 에픽던전! 앵글러 컴퍼니 상세하게 공략해보자,,2024-08-10 15:30,172249,14,"하이마운틴은 몬스터를 잡다가 타이누스의 잔행(맵에 빨간색)이 뜨면
그걸 미트라의 스킬 사거리에 맞춰 잡아 넘어가는 형식이였다면
앵글러컴퍼니는 각 스테이지 마다 몬스터를 잡고 게이지를 모아 그것을 통해 기믹을 통과하면 클리어되는 형식입니다
스테이지 구성은 8개로 쉽게 요약하면 다음과 같습니다
1스테이지 : 로봇이 지나가는 타이밍에 맞춰 발판 색상 바꾸기
2스테이지 : 전선 연결하기
3스테이지 : 머신건 탑승 후 몬스터 잡기 + 발판 색상 바꾸면서 지형 등반하기
4스테이지 : 중간 보스
5스테이지 : 로봇 조정하기(심화) [1스테이지 심화버전으로 로봇이 가끔씩 투명해집니다]
6스테이지 : 전선 연결하기(심화) [2스테이지 심화버전으로 제한시간 안에 못하면 다시 해야함]
7스테이지 : 머신건 탑승 후 몬스터 잡기[3스테이지 심화버전으로 지형이 좀 더 어려움]
8스테이지 : 최종 보스
1스테이지 : 로봇이 지나가는 타이밍에 맞춰 발판 색상 바꾸기
몬스터를 잡고 일정 게이지 이상을 모으고 장치 앞으로 가서 npc 대화를 누르면
이렇게 로봇이 되어 자동으로 좌우로 움직입니다
이때 사용가능한 스킬은 두가지로
발판의 색을 빨강 또는 파랑으로 바꿔주는 탭 스킬(스킬을 마우스로 누르고 키보드 아무키로 변환가능)
한번 바꿀때마다 게이지 20씩 소모되며 파랑에서 빨강, 빨강에서 파랑 두가지로만 변경가능합니다
그리고 다음 방어 시스템으로 넘어가주는 스킬입니다
이거는 해당 스테이지의 모든 기믹을 한번에 넘겨주는게 아니라 여러 기믹 중 하나를 천 게이지나 소모해서 넘기는 것이라
되도록 사용 안하고 직접 기믹을 클리어하는게 더욱 시간을 절약할 수 있습니다
로봇이 움직일 수 있는 발판은 빨강/파랑/보라/초록 총 4가지가 있는데
이 초록색 발판과 보라색 발판(점프 발판)은 언제나 사용되고
빨강/파랑 발판은
이렇게 불이 안켜져 있으면 로봇이 해당 발판으로 갈 수 없어 반대방향으로 돌아가며
탭 스킬(해킹-컨버전)을 사용해 발판 색상을 바꿔주면 지나갈 수 있습니다
타이밍에 맞게 발판 색상을 변경해주면서 지형지물들을 통과하면 끝납니다(이런거 여러개 있음)
2스테이지 : 전선 연결하기
전체 맵 :
맵에 들어가면 이렇게 무작위로 전선이 연결되어 있는데
위에 불켜진 보라색 오브젝트에서 흐르는 전류를 하단 붉은색 오브젝트까지 연결되도록 하면 됩니다
이때 사용할 수 있는 스킬은 두가지로
전선의 흐름을 바꿔주는 스킬 '인필트레이트'(게이지 500 소모)
잘못 연결했을때 초기화가 가능한 '와이어 리셋'(게이지 100 소모)입니다
위에서부터 전류가 흐르는 전체적인 흐름을 보고
이렇게 스킬을 사용해서(위 아래 방향키로 발사방향 조정가능, 키다운 꾹 누르면 길게 사용 가능)
흐름을 바꿔줘서 전류의 흐름을 맞춰준다면
이렇게 문구가 뜨면서
화면 깨지는 이펙트가 나타나고
맵 가운데에 있는 몬스터의 보라 방어막이 사라져서 때릴 수 있게 되는데 피를 다 깎으면 스테이지 클리어
영상 다시 보면서 확인해보니
화면 깨지는 이펙트 후 15초간 딜링 가능
만일 이 안에 몬스터를 잡지 못할 경우 다시 전선 연결 후 피 깎기 반복
+ 몬스터를 잡다보면
중간에 저런 문구가 뜨면서 이렇게 날라다니는 애가 생성되는데(맵에 표시됨)
잡으면 게이지 더 많이 찹니다
+ 맵 중앙 하단 npc한테 말을 걸면
이렇게 진행상황을 확인할 수 있습니다
스테이지 3 : 머신건 탑승 후 몬스터 잡으며 지형등반
몬스터를 잡고 게이지 1000을 모으면
해당 문구가 뜨면서 중앙포탈로 이동하면
이렇게 슈트에 장착하게 되는데
이때 사용할 수 있는 스킬은 다음과 같습니다
(npc대화키)
몬스터 잡으면서 발판 바꾸면서 지형지물 올라가면 스테이지 클리어입니다
하나 조심해야하는건
이 레이저 쏘는 로봇인데 이거 맞으면 뒤로 피격당해서 쭉 떨어질 수도 있어서 레이지 안맞게 조심해야합니다
(얘도 머신건으로 죽일 수 있음)
3,7스테이지는 기믹 수행 후 나와서 로봇 한마리(패턴 밀치기말고 없음) 잡고 포탈 이동하면 끝
스테이지 4 : 중간 보스
중간 보스 맵에 입장하면
다음과 같이 중간 보스가 있고 해당 보스의 HP를 모두 깎으면 스테이지 클리어입니다
해당 보스의 메인 패턴으로는
이렇게 문구가 뜨면
탭키를 사용해 반대 색상의 배리어를 작동시키면 됩니다
파란 레이저 - 빨간 베리어 / 빨간 레이저 - 파란 베리어
(게이지와 베리어를 같은 색상으로 하거나 베리어를 안만들면 캐릭터가 밀려나며 게이지도 안찹니다)
알맞게 베리어를 쓰면 게이지가 쭉 차는데
방어 포탑으로 중간 보스를 쏘면 됩니다
약점은 플레이 할 당시는 몰랐는데 영상 다시 보면서 분석해보니
빨간색으로 뜨는게 약점인거같고
이렇게 위치가 조금씩 달라지는걸 보여줘서 해당 부위를 피격시키면 더 많은 데미지가 들어가는 구조 같습니다
이걸 반복해서 피를 다 깎으면 4스테이지 클리어
+
짤패턴으로 붉은 번개가 떨어지는데 맞으면 짧게 스턴 걸려요
5스테이지 : 1스테이지 심화 버전
크게 설명할 부분이 없습니다
로봇이 가끔씩 투명해져서 조금 더 어려운 1스테이지라고 생각하면 됩니다
+ 로봇 주변을 제외하고 시야가 어두워지는 경우도 있습니다
나머지 방식은 1스테이지와 동일
6스테이지 : 2스테이지 심화 버전
전선 연결이라는 메인 기믹은 2스테이지와 동일하지만
2스테이지와 다른 부분이 2가지 있습니다
가장 먼저 시간 제한이 있습니다
시간 안에 전류의 흐름을 알맞게 바꾸지 못하면 알아서 이동되고 틀리면 다시 저 1분 30초를 기다려야 합니다
두번째로는 2스테이지처럼 알맞게 연결되면 중앙으로 가는게 아니라
몬스터가 직접 내려오는 방식이라 내려온 몬스터를 때리면 됩니다
센티넬(몬스터 이름)의 HP를 모두 깎으면 스테이지 클리어
7스테이지 : 3스테이지 심화 버전
3스테이지랑 똑같은데 그냥 지형이 좀 더 어려워진 정도입니다
다른건 필요없고
점프키로 알트키 쓰시는분들 알트랑 탭 같이 눌러서 알트+탭 적용되는 것만 조심하세요
이거 개짜증남
보스 스테이지 : 큰 물고기가 아닌 '초롱불' 때리기
큰 물고기를 때리는게 아니라(어차피 때려도 데미지 안들감) 초롱불이 메인입니다
초롱불은 이런 식으로 맵을 계속 빙빙 돌고 있는데
같이 따라다니면서 초롱불을 때리면 됩니다
+ 중간에 이렇게 생긴 초록 구슬 맞으면 짧은 시간동안 물약봉인 걸립니다
(레이저를 초롱불에 적중시켜야 함)
보스가 때리는 공격을 초롱불에 유도해 파괴시키거나 공격하다가 과부하가 발생하면
보스 몬스터가 20초간 그로기 상태가 되는데 이때 극딜을 하시면 됩니다
20초가 끝나면 기믹이 시작되는데
기계팔?이 전조증상 후 나오는걸 피하고(점프, 숙이기, 블링크 사용) 몬스터 나오는거 잡아주면 됩니다(잡을 경우 게이지 상승)
(기계팔을 맞을 경우에 게이지가 100 감소)
피하다보면 이렇게 문구가 뜨면서 파란 원이 생기는데
파란원 안에 들어가서 게이지 1000인 상태로 탭키 누르면 끝입니다
이후에는 해당 과정을 계속 반복...
보상
경험치표는 이미 다른 곳에 널리 퍼져있어 생략하고
솔에르다(기운1개), 짙은 솔에르다 기운(기운0.5개), 주화2개 끝
후기
하이마운틴처럼 몹 잡다가 빨간 몹(타이누스의 잔행인가 뭐시기) 뜨면 잡는 식으로 뇌빼기 불가능
앵글러 컴퍼니는 몬스터를 잡고 기믹을 계속 수행해서 성공해야 넘어가는 구조
생각보다 스펙을 요구하는 것 같음
일부러 패턴도 볼 겸
전투력 8천만+노시드링으로 갔는데 생각보다 피도 잘 안까이고 빡셌음
시간은 처음 해서 30분정도 걸린거같은데 숙련되면 20분대
나중에 숙련되고 스펙 여유로우면 15분?정도 예상됩니다
테섭 기준 초기화를 못해서 한판밖에 못해봐서 아직 모르는 기믹이 있을 수도 있어
제보 해주시면 확인 후 수정 또는 추가하겠습니다"
https://www.inven.co.kr/board/maple/2304/40617,기타,[테섭]코인샵 표 2개&메할일 요약&UI개선& 캐시이동 등,,2024-08-09 19:53,50608,43,"[글 수정/추가 사항]
1.
-----------------------------
안녕하세요
이 글은 이번 테섭 관련 어제 작성한 글에서 담지 못한 내용을 보충하는 것과, 지난 글에서 질문 주신 주요 내용들을 추린 내용이 포함돼 있습니다
전체적인 이벤트 정리는 글 마지막의 글 링크로 참고 부탁 드립니다
더불어 제가 바로바로 글에 달린 질문에 대한 답글을 드리기 힘든 상황이라 웬만한 내용은 글에 있으니 한 번 싹 봐 주시고, 없거나 진짜 못 찾으시겠거나 하시는 건 쪽지로 주시면 가능할 때 아는 한에서 답변 드리겠습니다
잘못 적힌 부분은 말씀해 주시면 감사히 수정합니다
[캐시 관련 사항]
1. 캐시 이동 : 8/14(수) 10시~8/23(금) 10시 진행
2. 금손 어워즈 판매 : 8/13 점검 후~10/16
3. 프리미엄 헤쿠&성쿠 목록 : 8/13 점검 후~9/12
[패치 후 메할일]
- [메인 메할일 1] 기본 출석 : 일일 1회, 1주 최대 5회 + 출석 후 보약 찍기
- [메인 메할일 2] 심화 출석(코인/EXP 교환권)+더블 업 코인 모으기
: 1회 레범몬 2000마리, 1주 최대 3회
여기에 해당되는 심화 출석과 더블 업 코인은 동시 카운트가 되기 때문에 출석에 필요한 마릿수는 지금과 동일합니다 : 1주 총 6000마리
★
1주마다 해야 하는 미니 게임과 펀치킹 없음 & 레범몬 경험치 스킬 없음
이 외에 잠수맵, 일일 1회 레범몬 1천 마리 퇴치 후 아이템 채굴 보내기, 레범몬 퇴치로 다른 캐릭터에 EXP 교환권 적립(1주 최대 10만 마리)하기가 있어 취사 선택하시면 됩니다
[보상 관련 주요 사항]
1. 보상으로 획득 가능한 블큐, 화에큐는 전부 카르마 사양으로 변경되었으며 이는 소비 아이템으로 취급되어 캐시샵 이동이 불가합니다. 다만 테섭 기준 등급 업 스택은 쌓입니다
2. Q :
놀긍혼이랑 프펫공 파는 코인샵 어디 갔나요?
이전의 보스 코인샵, 이번의 펀치킹 코인샵(비밀 기록) 과 동일한 구성의 코인샵의 경우 9/12부터 시작되는 <챌린지 코인샵> 으로 대체되어 그때부터 구매 가능합니다
3. Q : 심화 출석 코인샵은 뭐 바뀐 거 있나요?
일단 주간 구매 가능한 화에큐가 사라졌고 카르마 환불, 스페셜 명훈, 코젬, 심볼 등의 아이템들이 더블 업 코인샵으로 이동되었습니다
이는 심화 출석 코인샵 표와 메소샵 착샷입니다
//
4. 큐브 획득처
1) 19번째 기본 출석 : 카르마 블큐 20개
2) 39번째 기본 출석 : 카르마 화에큐 20개
3) 더블 업 코인샵 : 카르마 블큐 20개
4) 더블 업 코인샵 : 카르마 화에큐 20개
5) 챌린지 코인샵(9/12~)  : 카르마 블큐 ?개
6) 챌린지 코인샵(9/12~) : 카르마 화에큐 ?개
5. 이벤트 코인 총 획득 개수
1) 심화 출석 코인 : 총 24000개
2) 심화 출석 EXP 포인트 : 총 24000개
3) 더블 업 코인 : 캐릭터당 총 60000개
6. <더블 업 코인샵> 표 : 이는 챔피언 캐릭터 3개가 각 캐릭터당 구매 가능합니다
6. <챔피언 더블 업> 으로 획득 가능한 더블 업 EXP 포인트는 다른 캐릭터로의 양도가 불가능하며, 리더 캐릭터가 아닌 포인트를 수령한 2명의 일반 챌린지 캐릭터만 사용할 수 있습니다
* 효율 정리글
https://www.inven.co.kr/board/maple/2304/40594
+
콜렉터에게 구매 가능한 신규 와헌/헤도 버프 대체 아이템의 경우 구매 이전에 대화로만 이루어진 퀘스트 진행이 필요하며, 오래 걸리지 않고 한 번 완료 시 월드 내 모든 캐릭터로 구매가 가능합니다
[개선&변경 사항]
+ 몬파 기본 횟수는 1회 줄었으나 칠요 요구 횟수는 테섭 기준 관련 조정 없음
1. 가방 아이템 UI에 아이템 자동 보관 체크 기능 추가
획득한 아이템이 가방에 자동으로 들어갈 지 아닐지 체크로 설정 가능
2. V 매트릭스 코어 분해 버튼 세분화
3. 잠재능력 UI 일부 변경, 등급 상승 시 이펙트 추가
​
​
4. 아이템 교환 시 더블 클릭 혹은 우클릭을 통해 아이템 등록 가능하도록 변경
5. 경매장 검색 결과에서 아이콘에 우클릭 시 세트 효과 정보 출력되도록 변경
6. 힐라 보스 맵에서 퇴장 시 무조건 힐라의 탑 입구로 이동되도록 변경
7. 데미지 스킨 UI 확장+드래그를 통해 저장된 뎀스의 위치 변경 가능하도록 개선
+ 이번 에픽 던전 초기화는 2024년 8월 13일(화) 정식 업데이트 시점에 진행됩니다
---------
보상 전체, 진행 방식 등 자세한 이벤트 정리는 글 링크 참고 부탁 드립니다
https://www.inven.co.kr/board/maple/5974/3996094
-------------
4추만 보내주시면 감사드리겠습니다"
https://www.inven.co.kr/board/maple/2304/40610,리부트,리부트 가이드,,2024-08-09 10:07,58998,23,"이번에 리부트 월드 삭제로 인한 변경사항으로 앞으로 리부트 인들이 어떻게 행동해하는게 좋을지에 관한 글입니다.
8월 13일 (1차 변경)
일반월드 전환 전(9월 12일) 메소 및 소비아이템은 전부 소비하셔야합니다. 9월12일날
아래 목록은 삭제
됩니다.
소비하셔야하는 품목
레드큐브 / 블랙큐브 / 보스아이템조각(카룻,시그너스,칼로스,.카링) / 주문의흔적 /
코어젬스톤
/ 스데미(A급코어)/하루윌 (아케인물떡) / 메소주화(ex. 가가주화) / 일반상점 물약,귀환서 /
메소
/ 아방상 / 앱방상 / 에방상 / 시드링상자 / 메소주머니
보스 아이템 조각은 9월12일 전까지 쓸수있는 메소로 변경됩니다.
카룻조각 : 개당 33,600 메소
- 현재 리부트에서 카룻모자 253,000 VS 5조각 168000원 ,  카룻무기 444,000 vs 15조각 504,000 메소
모자는 만들어서 팔고    상의(15만),하의(14만),무기는 조각에서 메소바꾸셈
시그너스 방어구 조각 : 개당 24,600 메소
- 망토가 27만원 VS 5조각  123,000메소
망토만들어서 그냥 파는게 2배
임
시그너스 무기 조각 : 개당 54,000 메소  -- 무기는 메소바꾸셈
데미안 A급코어 : 개당 500,000 메소
스우 A급코어 : (확인필요)
아케인 물떡 : 개당 천만 메소
카칼 조각 : 개당 2억 메소
카칼 쪼각 : 개당 1억 메소
단, 블랙하트(월교가), 솔에르다 조각[교불], 어센틱 심볼 교환권[교불], 연마석[교불]로 남겨질 예정
9월 12일 (2차변경)
본섭화 진행
개인 거래 가능
, 옥션 가능, 메소마켓 가능,
보스리워드 드랍률 정상화
, 데일리기프트,
에디잠재,
주문서작
,
기존 메소 삭제
,
기존 장비 아이템 영구 귀속화
, 기존 소비 아이템 삭제 , 기존 소유 아이템 삭제 등  본섭의 주요 구조를 따라감
* 해방무기, 사료무기(피케인,피도미,피앱)은 직업에 맞는 작 적용. 해방무기는 에디에픽 (뎀6% 공마 3%)로 시작
* 이벤트 반지는 리부트용과 본섭용 둘 중 한개만 착용가능(ex. 리부트 테네브리스 vs 새로뽑은 일반 테네브리스)
* 기존 리부트용
자석펫
은
138,900 메포
로 일반월드용 자석펫(생명의 물 : 1800 원로 갱신 가능,
마일리지가능
) 으로 바뀜 , 마법시간이 남아있는경우 1일당 463포인트 차감, 교불로 지급 ,
해당기능 25년 9월 까지 가능
* 9월부터 에픽던전에서
조각 안나옴
* 코인샵, 메소샵에 일반월드에서 파는 물품 구입가능
* 9월 12일 전에 얻은 vip 부스터는 판매 불가능
*
에디 잠재, 주문서 작은 할수 있지만 능력 적용은 안됨, 대신 리부트 최종뎀 패시브가 적용
12월 19일 (3차 변경)
리부트 월드명 변경
에디, 주문서 능력 적용 및 리부트 최종뎀 삭제 (
정상화
)
8월 ~ 9월 업뎃 전 까지 메소 사용 지침
1. 심볼 세금 납부
2. 본캐 해방무기 3줄 띄우기
3. 본캐 미트라 3줄 띄우기
4. 본캐 엠블 및 보조 (교불부위) 3줄 띄우기
5. 본캐 드메 100/100 이상 띄우기 or 풀드메 띄우기
6. 22성 아이템 만들기(칠흑,에테,아케인,여명) 도미 아래급은 안해도 됨
7. 하트 3줄띄우기
이후 선택지는 본인의 취향에 따라
* 큐브 에픽 천장, 유니크 천장 만들어 놓기
* 부캐 윗 내용 따르기
* (꿀) 반지상자 및 미트라,블랙하트 미리 먹어놓으면 좋음 (보스 드랍률 정상화)
* (꿀) 8월 이벤트 메소샵 카르마 환불은 9월 이후 삭제되므로 구매하면 좋음(추옵건드리고 싶으신분들)
* (꿀) 주보캐 무보엠,장비류 강화해서 아랫잠 안달고 그냥하기(주보캐 아래잠,작 안건드릴분들)
( 꿀팁 있으면 댓글좀)
9월 업뎃 이후 메소 사용 지침
본캐 최종뎀 45% 복구
복구시 필요한 조치 : 무보엠 유닉 공2줄 , 나머지 17부위 에픽 2줄(공 20 or 주스텟 4%,공10 or 주스텟 6%) ,
장신구 프악공 완작, 장비류 30% 완작, 하트 이벤트공작, 펫장비 공격력 작, 블랙라벨 캐쉬템 구입 or 마라벨 캐쉬템 구입 [ 이렇게 복구하시면 기존보다 환산 1000~1500 이상 쌔짐 - 스펙별 상이 ]
위 내용 기대값
무기[해방] 비용 : 3.63억 + 24.64억 +139억(15%기대값) =167억 [레전등업 기대값 83억]
엠블렘[미트라] 비용 :3.63억 + 24.64억 +139억(15%기대값) =167억 [레전등업 기대값 83억]
보조[100제] 비용 : 3.2억 + 21.8억 + 123억(15% 기대값) = 148억 [레전 등업 기대값 74억]
방어구[250제] 비용 : 4.02억 + 20.2억(2줄기대값) = 24억 (올스텟3퍼라 더쌈)
방어구[200제] 비용 : 3.6억 + 24억(2줄기대값) =27.6억
장신구[160제] 비용 :3.4억 + 23억(2줄기대값) = 26.4억
주흔작 기대값: 15% 방어구 276,000개 (개당 3000메소 =8.3억 )
15% 모자 382,300개 (개당 3000메소 = 11.4억 )
대충
941억
+ 프악공 42장 + 매지컬10장 + 1,762,300(196세트) 주흔
검밑솔 캐릭은 최대한 해두는거 추천
현질해서 선발대하실 분[비추천]
기존 무보엠만 (유닠이상)에디 2~3줄 다시고 기존칠흑,에테 22성템은 (에픽이상) 아무거나 3줄
18에테,18칠흑 부위은 본섭화 후 가격 보고 구매하셔서 직작하셔서 회수각 잡으세요 (
템세팅은 김수호
)
접혔던 리부트 중발대 유저분
18~22 아케인 무기 = 아랫잠 에픽2줄, 15%둘둘
2줄 보조무기(교가엠블렘부위) = 아랫잠 에픽 1줄로 쓰다가 경매장에 3줄짜리 기다리시던가 만드세요
3줄 보조무기(교가 엠블부위) = 교가 보조를 만드시거나 그대로 쓰시거나 취향차이.
2줄 교불 엠블렘 부위 =
아랫잠
에픽 2줄로 쓰다가 추후 미트라 구매
3줄 교불 엠블렘 부위 =
아랫잠
에픽 2줄로 쓰다가 추후 미트라 구매
22성 및 20성 아이템 부위들 = 아랫잠 최대 유니크2줄, 15%작 or 공6 15%작 + 상위템 변경 각 나올때까지 존버
18성 아래 아이템 부위들 = 아랫잠 최대 에픽 2줄, 30%작 or 놀긍떡작 + 목표스펙에 맞춰서 바로바로 바꾸면됨
-----------------------------------------------------------------------------------------------------------------------------
이벤트 코인샵 물품 구입 순서 가이드
https://youtu.be/D-XcIR0-xSc?si=HyGs49MxjSL_a4fF
(지명 유튜브 and 마빡도로시님)를 참조하엿으며
신규서버처럼 바뀌어 주문의 흔적의 가격이 설정이 안되있어서 글쓴이의
뇌피셜
로 작성하였슴
추후 9월달 가격이 설정이 되면 순위는 변동할 가능성이 있음을 알림
이벤트 코인 총 획득 개수 : 24000개
1. 순백 100% - 개당 200코인 (10개)
2. 황망 100% - 개당 60코인 (20개?)
4. 에디 각인 - 개당 30코인
5. 에디 주문서 - 개당 300코인 (5개)
6. 수에큐 (에픽2줄 뽑기) - 개당 50코인 (200개)
7. 펫장비 스크롤 - 개당 500코인 (20개) - 주보캐 및 부캐 용
8. 하트 스크롤 - 개당 2000코인 (10개)
9. 이노 100% (놀긍첫작 하실분) - 개당 100코인
10. 화에큐 (무보엠 유니크일때) - 출석보상
11 에디에픽주문서 - 개당 3000코인 (3개)
추가 코인샵(더블업 대상 캐릭터 3마리)
더블업 코인 총 획득개수 : 캐릭당 60000개
1. 카에잠 - 개당 3000 캐릭당 1개
2. 수에큐 - 개당 50 캐릭당 100개
3. 황망 - 개당 100 캐릭당 5개
4. 화에큐 - 개당 400 캐릭당 50개
아래는 알아서 구매하셈
5. 블큐,장큐,명큐 - 개당 300,80,150 캐릭당 20,50,30
6. 유잠- 개당 3000 캐릭당 1개
7.
심볼
8. 각종환불 등등
챌린지 코인샵
(더블업 대상 캐릭3마리 노말 듄켈1인격파 까지 = 기존의 보스코인샵)
블큐/화에큐/프악공/프펫공이 여기서 판매 상세 갯수는 다음 테섭
메소샵
놀긍혼 100퍼 - 4500만
프악공 - 3억 5천
프펫공 - 3억
** 참조
에디 레어>에픽은 재설정으로 올리고 수큐로 2줄찾는게 효율좋음
황망은 초반에 사냥으로 얻기 힘들고 필요코인 갯수가 적어서 효율이 좋음
메소샵 프악공,프펫공은 경매장 가격 보고 구매 -
서버초창기라서 경매장 가격이 메소샵하고 비슷할꺼임
-글쓴이 사담-
주보캐는 무보엠 에디 에픽 1줄 방어구 에디 공 10 70% 떡작 ㄱㄱ
걱정되면 환산기에 최종뎀-31% 달아서 솔플 퍼센트 확인후 스펙업 고려해보셈
최대한 15캐릭 주보캐 복구 먼저 하시는게 좋음
9월 패치 이후에 어떤한 템(에르다 조각)을 구매해야할지 혹은 팔아야 할지는 신규유입유저 및 기존유저가 얼마 스펙 업을 도전을 할지(쉽게말해 돈쓸지 말지)에 따라서 많이 뒤바뀜.
결국 본섭 경매장 시세에 회귀할 예정이니 최대한 본섭 시세를 확인하시고 구매 및 판매 계획을 짜시는게 좋습니다.(본섭과 리부트 서버 아이템을 현금으로 얼마인지 계산해보고 가격 비슷하게 맞추면 얼추다 삼)
정 그래도 잘 모르겠다 : 물물교환
9월 메소마켓이 열릴때 메소 구입 비용은 높을 꺼라 예상하지만 자석펫 영구화 메포 소모때문에 빠르게 정상화 될 여지가 있음
9월 이후 나오는 아이템의 가격은 확실히 비싸겠지만 이것 또한 하루윌 칠흑까진 빠르게 정상화될것같고
진듄더 이상의 보스의 물욕아이템은 꽤나 오랜시간 비쌀 예정
아케인 장비까지는 빠르게 정상화가 이루어지겠지만, 에테 장비는 높은 시세가 꽤나 오래 유지할것이라 생각함
정 그래도잘 모르겠다 : 본섭 메포 시세 아래까지 메포화가 답 하지만
최종뎀 자가정상화 할려면 돈 써야함 ㅅㄱ"
https://www.inven.co.kr/board/maple/2304/40600,아이템,펫줍 제외할거 공유,,2024-08-09 00:50,28364,25,"일일보스 안돌고 주간보스만 잡는 기준
빼고싶은거 뺴고 넣고싶은거 넣고 쓰세용
빨간글씨는 검색어
Ex) ""벨1"" 검색 시 환생의불꽃 110~150 검색됨"
https://www.inven.co.kr/board/maple/2304/40598,기타,[갱신]테섭 신규 이벤트 요약 :큐브 개수&챔피언 버닝 등,,2024-08-08 22:45,51485,41,"[글 추가/수정 사항]
1.  <뉴네임 옥션> : 2024년 8월 29일(목) 오전 10시 ~ 9월 11일(수) 오후 11시 59분
2.  사정이 생겨 좀 늦었으나 본문으로 갱신하였습니다
------------------------------------------------------------------
안녕하세요
이 글은 오늘 테섭의 이벤트 내용을 담고 있습니다
기존보다 빨리 떠서
계획이 틀어져서 급히 하느라 다른 사항은 제대로 못 담았습니다. 이후 이 글이나 이후 글에서 보충하겠습니다
잘못 적힌 부분은 말씀해 주시면 감사히 수정합니다
★주요 내용 같이 보기★
1. 이번 테스트 서버 업데이트의 내용들은 8
/13(화) 정식 서버 업데이트 예정입니다. 테스트 서버의 내용은 정식 서버 적용 시 변동 혹은 변경될 수 있습니다
2. 월요일에 현재 진행 중인 이벤트들이 종료되며 해당 내용을 정리한 내용은 링크에서 한 번에 확인하실 수 있으니 체크 권장 드립니다
https://www.inven.co.kr/board/maple/5974/3991762
★변경 사항★
1. 몬파 관련 사항
-  전용 UI 추가
- 초~고급 클리어 경험치 2배 상향
- 일일 무료 클리어 횟수 1회로 변경 / 충전 가능 횟수 6회로 변경(비용도 600으로 변경)
2. 콜렉터에게 헤도/와헌 버프에 상응하는 능력치의 버프 아이템 구매 가능
각각 200만 메소
3. 앵글러 컴퍼니 : 하이 마운틴 대비 보상 수준 1.5배
※ 정식 서버에서 2024년 8월 15일(목) 오전 0시에 예정된 진행 기록 초기화가 2024년 8월 13일(화) 정식 업데이트 시점에 초기화될 예정입니다.
★[8/14 0시~9/12]PC방 접속 보상 이벤트★
1. 8/14 점검 후~9/12 :
접속 보상 이벤트 진행
- 일일 보상
- 누적 접속 시간 보상
★신규 이벤트★ : 8/13~10/16
- <기억 속 축제의 서> 와 비교 : 미니게임/레범몬 스킬/펀치킹 없음
1. [티르노그 설계도 : 기본 설계] = 클릭 메인 출석 = 기본 탐구
- UI의 버튼을 누를 시 출석 가능
- 1주 5번, 이벤트 기간 내 최대 40번까지 가능
- 1회 출석 시마다 일일 보상 획득
- 1회 출석 시마다 보약 이벤트에 사용 가능한 스펙, 콘텐츠 SP 각각 5개씩 획득
* 신규 보약 스킬 효과
- 누적 출석 횟수에 따른 보상 획득 가능
2. [티르노그 설계도] : 레범몬 메인 출석 = 심화 탐구
- 2천 마리 퇴치 시 1회 출석 가능
- 1주 최대 3회, 이벤트 기간 내 최대 24회 가능
- 1회 출석 시 코인과 보상 획득
* 코인샵의 경우 기존과 같은 구성으로 보이나 카르마 환불과 주당 구매 가능한 화에큐가 삭제되었습니다
** 메소샵
3. [견습 로봇 놀이터] = 잠수맵 이벤트
- 캐릭터가 이벤트 맵에 위치할 시 5초에 한 번씩 경험치를 획득합니다
-
출석 보상으로 매주 1회 획득할 수 있는 차원의 햇살 생성기를 사용하시거나
- 1시간에 3천 메포를 지불하실 경우(주당 최대 12시간 구매 가능)
마일스톤 쇼케이스 잠수맵과 비슷한, 재획에 상응하는 경험치(라이브에서 언급됨)를 획득 가능합니다
★ 경험치 예 : 일반 경험치 / 생성기 또는 메포 사용 시 경험치
220레벨 : 기본 402.969 / 24,069,889
280레벨 : 4,474,011 / 435,230,087
4. [차원의 균열 탐사]
- 레범몬 1천 마리 퇴치 후 2개의 구역에 일일 1회, 1주 최대 5회 로봇을 보낼 수 있습니다
- 확정, 랜덤 중 하나를 택하여 보상을 획득할 수 있습니다
5. [솔라하의 에너지 연구] = VIP 부스터 드롭 이벤트
---------------------------------------------------------------------
밑은 메인 출석 이벤트와 별개로 같이 진행되는 <챔피언 버닝> 에 포함된 이벤트들입니다
1. [챔피언 더블 업]
- 총 3개의 캐릭터를 챔피언 캐릭터로 지정할 수 있습니다. 시작한 월드와 챔피언으로 지정한 캐릭터는 절대 변경 불가합니다
- 챔피언 캐릭터 중 1개는 리더로 지정할 수 있고, 나머지 2개는 일반 챔피언이 됩니다
- <리더> 캐릭터가 레범몬을 퇴치하여 미션을 수행해야 하므로, 레범몬 사냥이 용이한 캐릭터로 지정하는 것이 권장됩니다
* 이는 필요 시 1주에 한 번 다른 챔피언 캐릭터와 리더 자리를 교체 가능합니다
★ 리더 캐릭터가 레범몬을 퇴치하면 나머지 2개의 <챔피언> 캐릭터가 보상을 같이 받습니다
- 리더 캐릭터가 레범몬 1회 퇴치 시 다른 챔피언 캐릭터가 각각 1 더블 업 EXP 포인트 획득, 1주 최대 10만까지 획득 가능
1) 기존의 EXP 교환권 1개 경험치
2) 신규 더블 업 EXP 포인트 1개 경험치
* 더블 업 포인트 효율 관련 글
https://www.inven.co.kr/board/maple/2304/40594
- 리더 캐릭터가 레범몬 2천 마리 퇴치 시 총 3개의 캐릭터가 각각
전용 코인샵 코인 2500개씩 획득
* 총 주간 최대 3회, 최대 24회 가능
- 전용 코인샵 : 전부 교환 불가, 챔피언 캐릭터당 구매 가능
""※ 더블 업 코인은 챔피언 캐릭터로만 획득 및 사용이 가능하며, 더블 업 코인샵은 각 챔피언의
개별 코인샵으로 구매 가능 개수는 각 챔피언 캐릭터당으로 제한
됩니다.""
극성비 / 솔 에르다 2
2. [챔피언 챌린지]
- 챌린지 이벤트는 9/12부터 오픈됩니다
- 최대 3개의 캐릭터로 1인 보스 격파 시 격파 횟수에 따라 최대 3회까지 코인을 획득할 수 있습니다
* 위의 코인샵과는 별개이며, 릴리즈 참고했을 때 펀치킹 코인샵(=기존 보스 코인샵) 과 비슷한 구성으로 보입니다: 카르마 블큐/화에큐/프악공 프펫공 등: 상세 재고 개수는 다음 테섭에서 확인 가능
- 이 이벤트는
위의 더블 업 이벤트와 별개므로 챔피언 캐릭터들과 다른 캐릭터로도 참여 가능합니다
- 미션에 참여한 캐릭터로 동일한 미션에는 재참여할 수 없습니다
- 연습 모드로 클리어 해도 인정됩니다
- 미션 내용과 보상
​
----------------------------------------------------
4추만 보내주시면 감사드리겠습니다"
https://www.inven.co.kr/board/maple/2304/40489,기타,남은 출석&코인샵 리필&테섭 정배 등 소식지,,2024-08-01 02:30,68032,68,"[글 수정/추가 사항]
1. 심화 탐구 21회(전부) 완료 시에도 마지막 주차 펀치킹 참여 가능합니다
2. 위 사항과 더불어 관련 내용 추가하였습니다
3. 군단장로이드 인게임 캐릭 크기 비교샷 추가
4. 8/4 썬데이 메이플
1) 10성 이하 1+1
2) 주흔 50% 할인
3) 어빌리티 50% 할인
4) 몬컬 모몽 지급+등록 확률 증가
-----------------
안녕하세요
이 글은 오늘 기준 보실 만한 내용들을 모은 것입니다. 새로운 내용이 추가되어 본문으로 갱신합니다
잘못 적힌 내용은 말씀해 주시면 감사히 수정합니다
[의자 이벤트 : <기억 속 축제의 서>]
- 오늘 0시에 해금된 이번 테마 마지막 이벤트로써 이벤트 맵에서 <탈레스의 부름> 이벤트를 완료한 후 <기억 속 축제의 서> 이벤트를 완료 시 의자를 수령할 수 있습니다
- 보상 의자
​
- 조건은 이벤트 맵의 군단장 옆 포탈을 통해 총 5개의 책 스토리를 완독하는 것인데,
이는 스킵하기로도 완료 처리가 됩니다
이 경우 관련 스크립트가 출력되나 보상은 수령할 수 있습니다
다만 대부분의 스토리가 짧고(반 레온은 살짝 긺) 해당 캐릭터에 관심이 있다면 충분히 재미있게 감상할 수 있는 스토리들이기 때문에 관심 가시는 분들께는 감상을 권장 드립니다
이 스토리들은 이후 차원의 도서관에 편입 예정이라고 합니다
[8월 테섭 관련]
- 현재 진행 중인 이벤트들(개화월영&잊힌 축제의 서&제로백&림보 보상&버닝 익스프레스)은 이례적으로 수요일이 아닌 월요일(8/12)에 종료되고, 정식 서버 업데이트 또한 화요일(8/13)에 진행됩니다
* 종료되는 세부 사항들은 이후 적절할 때 다시 말씀 드리겠습니다
- 이에 따라 유력한 테스트 서버 오픈 일자는
8/6(화) 또는
8/8(목)이 될 것인데 상황에 따라
테섭 오픈 기간이 7일보다 적었을 때도 있었기 때문에 정확한 일자는 가봐야 알 수 있겠습니다
- 2주 테섭은 지금까지는 리마스터와 신규 6차 스킬 추가 등의 특수한 경우밖에 없어 가능성이 낮습니다
- 공식적으로 업데이트
예고된 사항들
1. 신규 에픽 던전 <앵글러 컴퍼니> 추가
- 270 이상 캐릭터로 참여 가능
- <하이 마운틴>과 중복 참여 불가
- <하이 마운틴>보다 높은 보상 수치
2. <탈라하트> 테마 이벤트 진행 - 6~7월 동안 진행된 성수기 이벤트 규모와 비슷한 볼륨의 가을 이벤트
[남은 출석/코인 관련]
1. 기본 탐구 출석 관련 주의 사항
위에서 말씀 드린 대로 이번 이벤트는 월요일에 종료되므로, 마지막 주차에는 딱 5일(목금토일월)만 더 출석하실 수 있어 이틀의 여유 기간이 없는 점 유의 필요합니다
2. 심화 탐구(축제 기록) 관련
* 출
석 횟수는 UI에서 해당 부분에 마우스 옿려서 확인 가능
1) 이번 주까지
심화 탐구 21회를 전부 완료 못 하셨다면, 8/8(목) 0시 초기화 이후 최대 3회를 더 채우실 수 있습니다
2) 이번 주까지 심화 탐구 21회를 전부 완료하셨다면,
추가적인 출석이 불가하여 8/8(목) 0시 초기화 이후 축제 기록을 더 획득하실 수 없습니다
3. 펀치킹(보스 코인)은 8/8(목) 0시 초기화 이후 이벤트 종료 일자인 월요일까지 참여가 가능하며, 만약 심화 탐구 21회를 전부 완료하셨을 경우엔 별다른 과정 없이 바로 도전하실 수 있습니다
+ 미니게임도 월요일까지 참여(EXP 획득) 가능
4. 코인샵은 이벤트가 종료되는 주의 일요일(8/18)까지 오픈되어 8/8(목), 8/15(목) 각각 물품 재입고 됩니다
+ 하버와 버닝 월드는 10/16까지입니다
[같이 보기]
- PC방 코인샵도 8/12(월) 종료 & 누적 보상은 8/13까지
- 다계정 관련 변경 약관 적용 : 8/13
- 코인샵 이용 가능 기간은 일요일(8/18)까지로 이전과 동일
- 휴면 닉네임 삭제 : 8/22 점검 후
-------------------
4추만 보내주시면 감사드리겠습니다"
https://www.inven.co.kr/board/maple/2304/40383,퀘스트,유니온 빠르게 5000 까지 키우기!,,2024-07-24 21:12,62142,22,"이번 패치이후 퀘스트만 따라가도 200이 가능하다는걸 다들 아실겁니다. 하지만 바로 200까지 달리는건 또 귀찮지만 유니온은 올리고 싶은 분들을 위해 작서해보았습니다.
사냥이 더 빠르고 편하다!하시는 분들도 계실텐데
퀘스트는 퀘스트대로 다른짓 하면서 렙업도 가능하니 좋습니다.
1-30
3배쿠폰쓰고하는 사냥이 제일 빠릅니다.
계정 새로 만들고 해본 결과 모험가 기준 스토리보면 17분
사냥은 10분컷했습니다.  물론 3배 쿠폰이 필요할 테지만 유입분들 모두 짱짱한 하이퍼 버닝캐로 이벤트를 참여했다는 가정하이기 때문에 3배쿠폰 사냥 추천드립니다.
사냥장소는 골드비치입니다.
30 - 60
좌측 전구에있는 리에나 해협이 압도적으로 빠릅니다.
예전에는 엘리넬도 가고 뭐 이곳
저곳 갔는데
리에나 깨시면 딱 60입니다.
* 소소한 팁이 있다면 각 종족의 섬에서 퀘스트 진행할때 첫번째 구역 몬스터 사냥퀘스트를 깨시면 좌측전구로 완료가능하며, 두번째 사냥 후 퀘스트를 준 친구에게 달려가시면 됩니다.
그 후 푸틴에게 보고서 전달하는 것은 마을귀환주문서를 쓰시면 바로 보고서 전달이가능할겁니다.
60 - 80
에델슈타인 퀘스트와 연합퀘로 80이 찍힙니다.
초반에 전구 따라서 퀘스트를 진행하다보면 이녀석 앞에 도착하게 되는데 왼쪽 포탈로 2칸 이동하고 맨위에 위치한 '스테판'이란 NPC한테 퀘스트 물품을 10만메소로 구매하실 수 있어여, 우리모두 리에나해협을 클리어 하고 왔기에 100만메소 있을 테니 구해다 줍니다. 그 후 다음 퀘스트를 진행하기 위해서는 모자가 한개 더 필요합니다. 여기서는 선택입니다.
모자를 다시 스테판한테서 사오기 or 길라잡이를 통해서 들어가기가 있습니다.
이동기 느린캐는 구매, 이동기 빠르면 길라잡이 추천드립니다.
들어와서 퀘스트를 진행하다보면 에델슈타인에 있는 아버지께 편지 전달해주느라고 다시 나와야 하실텐데
여기 길라잡이에 보시면 있는 '메인퀘스트' 버튼을 눌러서 다시 광산안으로 들어가실 수있을겁니다
이렇게 다음 메인퀘의 시작 위치로 이동시켜주는데 이 퀘스트만 이동된다는 것을  확인하였습니다.
그 후로 가브리엘이 주는 퀘중 하나인 L칩은 길라잡이를 통해서 이동하시면 됩니다.
쭉쭉 완료하다보시면 74레벨쯤에 퀘스트가 끊기는 느낌이 드실 겁니다. 이럴때는 당황하지 마시고
여기에 있는 메인퀘스트를 눌러주셔서 남은 퀘스트가 있는지 확인하시면 됩니다.
80 - 85
아스완 퀘스트 클리어 하시면 됩니다.
중간에 뚱보 2명이서 대화하는 부분은 스페이스바 연타하면서 스킵해주세요.
85 - 101
아래 링크를 통해 마가티아 루트 참고 부탁드립니다!
https://www.inven.co.kr/board/maple/2304/40762?my=post
시작은 좌측 전구를 받고 시작하시겠지만 마가티아로 이동되지 않기 때문에 이 또한 길라잡이를 통해 바로 이동가능합니다.
브로커 한한테 퀘스트를 받고 진행하시면 제뉴미스트와  알카드노에 가입하셔야 할텐데 알카드노는 퀴즈를 내기 때문에 4 - 1 - 3 외우시면 됩니다 이 순서대로 문제의 답을 눌러주세요.
제뉴미스트는 기타창에있는 유리병을 NPC 카슨 앞에 버리면 됩니다.
파웬의 퀘스트의 암호 입력 위치 는  (길라잡이) 연구소 B -1 왼쪽끝 입니다.
마가티아의 퀘스트 또한 안내에 따라 진행하면 되며, 마을 귀한 주문서를 잘 활용해 주시고 마을 내에 떠있는 하얀전구의  NPC 퀘스트 까지 같이 깨주셔야 101달성하실 수 있습니다.
좌측 전구오는 것을 활용해서 잘 이동해주시면 동선도 짧게 하실 수 있을겁니다!.
잘 연구하셔서 짜보세요!.
또한 중간중간에 다음 퀘스트를 모르거나 현재 퀘스트를 잘 모르는 경우 Q를 눌러서 확인해주세요
마을 내의 이 위치에서 윗방향키를 쓰시면 오른쪽 방향으로 탤레포트해서 제뉴미스트와 알카드노 사이를 빠르게 왔다갔다 하실 수 있습니다.
이 위치에 있는 포털이 더 유용합니다! 정정이요!
101 -
은 요즘 PC 방보상으로 딸농을 주기 때문에 101때 쓰시면 146~150 사이로 레벨업이 됩니다.
이벤트 코인과 PC 코인 모두 쓰시면 1주일에 10개의 캐릭의 유니온캐 육성이 가능합니다
-----------------------------------------------------------------------------------------------------------------------------------
제가 걸리는 시간을 적지 않았었네요 ㅎㅎ
1~30 은 직업마다 시간이 다르기 때문에 자세하게 서술하지 않겠습니다.
* 각 직업군 스토리는 나중에라도 꼭 깨주세요 아티팩트 경험치 준답니다.(모험가, 시그, 레지는 그 직업 군중 한 캐릭만 깨면 됩니다)
모험가 기준
으로는 3배 쿠폰 쓰고 테마던전사냥(골드비치,초록조개)이 10분걸립니다
30 ~ 60 리에나 해협 걸리는 시간 =
12분~13분
60 ~ 80 까지 퀘스트 클리어 소요 시간 =
8분~9분
80 ~ 85 까지 퀘스트 클리어 소요 시간 =
5분
85 ~ 101 까지 퀘스트 클리어 소요 시간 =
12분
약 37~38분 소요
60- 101 사냥만 하기 소요시간 = 30분
60~ 70 하늘계단 1
70 - 76 메마른 사막
76 - 83 관계자 외 출입 금지
83 - 87 리프레 동쪽 숲 (버닝 10단계)
87 - 101 하늘 둥지 3 (버닝 8단계)
패스파인더
기준 딱 30분 걸렸습니다. 다른 캐릭터를 사용하시면 훨씬 오래 걸릴 것으로 예상되며, 템은 다음과 같이 끼고 하였습니다.
3배쿠폰과 경뿌 새싹칭호 메르링크 아란링크 사용하였습니다.
장비가 이만큼 이기에 겨우 30분 걸렸습니다.
뉴비분들은 더 오래 걸릴 것입니다.
사냥은 아예 비추입니다.!!!!!!!!!!!"
https://www.inven.co.kr/board/maple/2304/40369,몬스터,노말 림보 2페 패턴 공략,,2024-07-23 19:00,47422,21,"맵 천장에서 떨어지는 물방울은
떨어지는 위치가 주기적으로 변경 되므로 천장을 자주 주시 하시면 좋겠습니다
해당 바닥 패턴은 일반 브레스~양측 성게 브레스 2번 혹은 1번+아무것도 안하고 가만히 있다가 씁니다
돌기둥에 맞는다고 침식이 증가하진 않습니다
위에 브레스만 피격시 침식이 증가합니다
​
​
일반 브레스와 바닥 피하는 법
바닥의 경우에는 텔포로 피하시기보다 가볍게 걸어서 바닥 문양을 피하시면 좋습니다
2개의 성게?같이 생긴것이 양측에 생긴 브레스
​
​
이런식으로 스펙터의 어깨쪽 분홍색 무늬 근처 아래에 있으면 안전합니다
남은 체력이 80%가 되면 5초 동안 사라졌다가 나타나며
아이콘의 위험도가 패턴 동안에는 멈춥니다(게이지 사용도 불가능)
그렇기에 해당 패턴이 끝나는 순간 바로 채집바 눌러서 게이지 사용 하셔야 합니다
그리고
80% 미만을 만든뒤 30초(해당 패턴이 끝나기전)안에 70% 미만으로 만들면 해당 같은 패턴이 안옵니다
만약 70%로 못만들면 다시 해당 패턴이 나타나며 다소 딜로스가 생기게 됩니다
피격시 침식은 증가하지 않는 허수 아비 같은 패턴이지만
피격시에 게이지는 사라지기에 패턴이 끝나기 직전에는 피격 되시면 안됩니다
패턴이 끝나고나서 바로 게이지를 사용해야 되서 그렇습니다만 위험도가 많지 않다면 상관은 없습니다
​
​
​
​
해당 움짤처럼 후속타를 늦게 동안 안할 경우 1번의 패턴만으로도 해당 특수패턴이 끝날수도 있습니다
​
​
80% 체력때 오는 패턴은 매우 피하기 쉬워서 굳이 바인드 안하셔도 프리딜 넣을수 있습니다
먼저 20%를 5차로 깔지 6차로 깔지 디코로 대화 하시면서 빌드를 정하신뒤 80% 이후 이어서 딜하시면 되겠습니다
80% 체력때 패턴이 오다보니 바인드를 한번에 쓰진 않는편입니다(파티에 따라 다름)
위험도가 100이 되면 점프+엎드리기(순서 램덤)특수패턴이 옵니다 (총 4회)
​
​
해당 패턴이 어려우신분은 해방무적을 쓰셔도 됩니다
숙련도가 낮으신분은 해방무적을 쓰고 연습하시면 좋습니다!
​
매우 직관적으로 피하기 쉬운편입니다​
비숍분은 아군이 패턴 도중 눈방울에 맞아서 슬로우 걸린걸 보시면 상황 보시면서 디스펠 해주시면 좋습니다
파도의 경우
나로 같이 윗점이 낮은 직업군은
트리플 점프후 이어서 바로 블링크 체공 하시면 피하실수 있습니다(직업 차이로 못할 경우 무적기 사용)
텔포 판정 스킬
이 있는 직업군은 텔포로
파도 넘어갈수있습니다(무적기도 가능)
검은 구름은 엎드리기 혹은 높게 공중체공 하면 피하실수 있습니다
장벽은 위험도 한칸이 찰때마다 나타납니다
​​
​
​
​
​
​
​
2-2에 처음 진입하면 30초까지 할수있는 지구본 미니 게임이 나타납니다
늦게 깨나 빨리 깨나 3회만 맞추기 성공
하시면 똑같이 침식수치 150 회복 됩니다
​
​
​
​
움짤 순서대로
패턴은 검은 구름 > 파도 날리기 > 대가를 치를 시간이다>이빨 생성 입니다
​
​
​
​
이빨은 생성되고 5초후부터
엄청나게 반짝반짝(빨개짐)
거립니다
이때부터 이빨에 가서 닿으면
이빨이 지워지면서 레이저가 나옵니다
레이저 나오고 피격까지 약간의 딜레이가 있기에 피하기 수월합니다
빨간색 반짝반짝으로 변하기
5초전에 이빨에 닿게 되면 게이지 감소에다가 체비뎀을 입습니다(침식 증가는 x)
게이지를 사용하고 가도 지울순 없습니다
2-2 게이지 사용은 단순히 미니게임 방지와 양측 장벽+아래 장벽 생성을 막는 용도입니다
​
​
​
​
​
​
극딜 하실때 이빨이 생기는 경우
아군이 맞지 않도록 빼주는것과
도저히 뺄각이 없을때에만 해방 무적을 올리시면 되겠습니다
해방 무적 브리핑 해주시면 좋습니다
참고로 이빨 표식의 경우에는 2종류가 존재하는데
중앙이 보라색 = 이빨이 세로로 생성 됩니다
중앙이 파란색 = 이빨이 가로로 생성 됩니다
가로가 제일 위험하기에 주로 높게 윗점해서 위에다가 설치하거나
아예 가로 세로 상관없이 아래에만 넣는 파티도 있고 1~2층 상관없이 양측 사이드에 넣는 파티도 있습니다
2-2때
탄막 미니게임 진입직전에 해방무적
을
타이밍 잘맞추시고
(채집바 안누를게요 브리핑 하면 더 잘맞출수있습니다)
올리신 경우 미니게임 끝나기 2~3초전까지는 피격되지 않습니다(
작은 구체만
피격되지 않습니다)
그리고 미니게임 안에서도
포션은 드실수 있습니다
작은 구체 판정은 옛날 리마전 스우1페 폭탄몹들
혹은 현재 윌 2페의 보라 구체들처럼 캐릭터에 닿이면 약간의 딜레이 후
폭발하는 타입으로 피하기는 매우 쉽습니다 (림보 미니게임 판정이 더 후함)
2페(2-1 / 2-2)는
파티원 모두가 패턴에 안맞으면서
채집바만 잘눌르시면 아무리 시간이 오래 되도
무조건 패턴+미니게임 자체를 절때 안봅니다
이는 하드 난이도도 동일합니다
본문에 틀린점이나 좋은 팁이나 궁금 하신점 있으시면 댓글 적어주시면 감사하겠습니다 :)"
https://www.inven.co.kr/board/maple/2304/40365,아이템,17성권 기념 흙칠흑의 효율 알아보기,,2024-07-23 07:33,225863,60,"0. 도입
이번 버닝으로 유입하신 분들, 새로운 부캐를 키우시는 분들이 많을텐데
템 진로를 아직 정하지 못 하신 분들을 위해 흙칠흑의 효율을 알아보도록 하겠습니다.
흙칠흑이란?
흙칠흑의 범위는 넓습니다. 여기선 150억 이하의 칠흑을 흙칠흑이라고 정의하겠습니다.
17~18성 유닉~30% 칠흑이 이에 해당합니다. (18성 30% 거공도 직작 기댓값 150억 이하이므로 포함됨)
흙칠흑이 왜 유행하게 되었는가?
편차가 비교적 적은 17~18성을 직작하면서, 전직업이 쓰기 때문에 잠재 직작도 크게 부담되지 않아
노작부터 완작까지 천천히 시간과 비용을 들여 만들 수 있다는 것이 장점입니다. (6개월 할부 느낌)
하지만 항상 흙칠흑이 가성비가 맞느냐에 대한 의견 차이가 있었습니다.
시간이 지남에 따라 칠흑 노작 가격과 22성 여명보장의 가격이 변하기 때
문에 어떤 것이 항상 옳고 그른지 판단하기는 어렵습니다. 이 글에선
현재 가격 기준
으로 비교하겠습니다.
분석이 좀 깁니다. 스킵하실 분들은
여기
를 눌러주세요.
1. 스펙 비교
1) 대조군
비교해 볼 항목은 아래와 같습니다.
본인이 고민하고 있던 항목이 있다면 글을 읽고 각자 판단해보세요.
A. 10성 칠흑 vs 18성 여명보장
B. 17성 칠흑 vs 22성 여명보장
C. 18성 칠흑 vs 22성 여명보장
* 잠재는 동일하다고 가정합니다.
* 에디는 공/마10 한 줄로 통일합니다.
2) 추옵
국민추옵(기댓값 영환 300개짜리)을 기준으로 합니다.
140~150제 - 120급
160제 - 130급
200제 - 146급
3) 맞추는 순서
'
루컨마 - 마깃안 - 커포 - 마도서 - 몽벨 - 거공 - 고근
' 으로 정의합니다.
(본인 현재 템 세팅 상태, 흙칠흑 상태에 따라 효율 순서는 다름)
4) 스펙
공1당 주스탯 3.5으로, 보공방무 1%당 주스탯 13, 크뎀 1%당 주스탯 42로 가정하고 스탯으로 변환하여 비교하겠습니다.
이는 보통의 7만 유저 기준이며, 7만 미만 스펙은 대체로 이것보다 크뎀과 보공방무의 효율이 좋습니다. (
스펙이 낮을수록 칠흑 셋옵이 더 잘먹힌다
는 뜻)
업횟은 1당 공+4로 합니다.
부스탯은 계산하지 않습니다.
A) 10성 칠흑
vs
18성 여명보장
기본 스펙
을 비교해보겠습니다. 음수는 칠흑이 더 낮을 경우입니다.
루컨마 vs 트왈마  //
추옵 +10, 스탯 -37, 공 -22, 업횟+2
→ 스탯 -76
마깃안 vs 파풀마  //
추옵 +10, 스탯 -35, 공 -25, 업횟 -2
→ 스탯 -140.5
커포 vs 에스텔라  //
추옵 +26, 스탯 -54, 공 -30
→ 스탯 -133
마도서 vs 성배  //
추옵 +10, 스탯 +10, 공 +5
→ 스탯 +32.5
몽벨 vs 분자벨  //
추옵 +26, 스탯 -6, 공 -25
→ 스탯 -67.5
거공 vs 이벤링  // 스탯 -10,
공 -21, 업횟 +3
→ 스탯 -34.5
고근 vs 도미  //
추옵 +10, 스탯 -52, 공 -27
→ 스탯 -136.5
셋옵
은 2여명이 깨지지 않는 것을 전제로 합니다.
기존에 7보장 2여명
이 활성화 되어있었다고 가정합니다. (세렌엠블 미착용)
이 경우,
1셋에 7보장이 깨지며, 3셋에 5보장이 깨지며, 5셋에 3보장이 깨집니다.
이를 고려하여 게산한 결과는 다음과 같습니다. (누적X)
칠흑 1셋 - 스탯 -175급
2셋 - 스탯 175급
3셋 - 스탯 147.5급
4셋 - 스탯 277.5급
5셋 - 스탯 170급
6셋 - 스탯 197.5급
7셋 - 스탯 277.5급
셋옵을 합한 결과
는 다음과 같습니다.
1셋 - 흙칠흑이
스탯 251만큼 낮음
2셋 - 흙칠흑이
216.5 낮음
3셋 - 흙칠흑이
202 낮음
4셋 - 흙칠흑이
108 높음
5셋 - 흙칠흑이
210.5 높음
6셋 - 흙칠흑이
373.5 높음
7셋 - 흙칠흑이
514.5 높음
능력치만 놓고 본다면
4셋부터 흙칠흑이 우세하다
는 것을 알 수 있습니다.
보장을 고려한 칠흑의 4셋 효과가 3셋 효과의 거의 2배인 것
이 차이를 크게 벌린 요인 같습니다.
보장 셋옵 깨지는 것을 고려한 18성과의 차이도 이정도인데 17성과의 차이는 더욱 심할 것입니다.
B) 17성 칠흑
vs
22성 여명보장
같은 방법으로 계산해보면,
1셋 - 흙칠흑이
스탯 389만큼 낮음
2셋 - 흙칠흑이
436.5 낮음
3셋 - 흙칠흑이
574
낮음
4셋 - 흙칠흑이
264 낮음
5셋 - 흙칠흑이
301.5 낮음
6셋 - 흙칠흑이
55 낮음
7셋 - 흙칠흑이
24 낮음
C) 18성 칠흑
vs
22성 여명보장
같은 방법으로 계산해보면,
1셋 - 흙칠흑이
스탯 334만큼 낮음
2셋 - 흙칠흑이
326.5 높음
3셋 - 흙칠흑이
400
낮음
4셋 - 흙칠흑이
90 낮음
5셋 - 흙칠흑이
63.5 낮음
6셋 - 흙칠흑이
247 높음
7셋 - 흙칠흑이
333 높음
지금까지의 분석만 본다면, 17칠흑은 22여명보장보다 안 좋고, 18칠흑은 6셋부터 22여명보장을 이긴다는 것을 알 수 있습니다.
하지만, 탈벨, 오글링, 마이이어링, 20펜, 샤레마 등을 착용하고 있을 경우엔 대부분
7보장이 이미 깨져있는 상태
이기 때문에 전 구간에 175를 더해야합니다. 이 경우를 생각해본다면 다음과 같습니다.
C-2) 18성 칠흑
vs
22성 여명보장,
이미 7보장이 깨져있는 경우
1셋 - 흙칠흑이
스탯 159만큼 낮음
2셋 - 흙칠흑이
151.5 낮음
3셋 - 흙칠흑이
225
낮음
4셋 - 흙칠흑이
85 높음
5셋 - 흙칠흑이
111.5 높음
6셋 - 흙칠흑이
422 높음
7셋 - 흙칠흑이
508 높음
중요한 것은 가격
입니다.
22앱과 18앜 논쟁, 22카룻과 17에테 논쟁은 모두 22성 템들의 가격으로부터 비롯되었습니다.
22성을 한번에 사오기엔 부담스럽고, 직작하기엔 22성의 편차는 너무나도 큽니다.
그럼 이제
가격
을 살펴보겠습니다.
2. 가격 비교
1. 가격 측정
17~18성 칠흑과 여명보장은 17성권 혹은 샤타 기댓값에 기반한 평균 비용으로 계산하겠습니다.
22성 여명보장 가격은 경매장 시세탭에 따릅니다.
22성 여명보장도 샤타 기댓값으로 계산해달라고 하실 것 같아 미리 말씀드리자면, 애초에 흙칠흑이 유행하게 된 계기 중 하나가 22성 직작의 편차 때문이기에 싯가로 계산하는 것입니다. 흙칠흑은 천천히 이벤트를 경유하며 직작하는 것이 장점입니다.
1) 10성 15% 칠흑
필요한 것: 칠흑 노작 + 17성권 + 카유잠 + 15% 띄울 메소
15%는 유닉에서 평균 22회 돌려야 등장하지만, 레전 등업 스택 비용도 고려한다면 회당 1,900만 메소가 차감되는 셈입니다.
(운 좋게 타스텟 21% 뜨는 경우도 있지만 저렴하므로 제외)
→ 7.48억 - 4.18억 = 3.3억 메소
평균 제작 비용: 칠흑 노작 + 3.3억 메소
2) 17성 15% 칠흑
10성 15% 칠흑에서 17성권+카유잠의 가치를 더하면 됩니다.
17성권+카유잠은 가받 3억이기 때문에 3억으로 계산하겠습니다.
따라서 총 제작 비용은 다음과 같습니다.
평균 제작 비용: 칠흑 노작 + 6.3억 메소
3) 17성 21% 칠흑
21% 칠흑은 레전 올리다가 나온 부산물이기 때문에 매물이 잘 없을 뿐, 매우 저렴합니다.
보통 노작 가격 + 8억입니다.
17성권 가치는 1.5억이기 때문에 제작 비용은 다음과 같습니다.
평균 제작 비용(160제): 칠흑 노작 + 9.5억 메소
200제는 17성을 직작해야하며, 샤타때 올파방 기준 10.9억입니다.
평균 제작 비용(200제): 칠흑 노작 + 17.5억 메소
4) 18성 15% 여명 보장
여명, 보장의 노작 가격은 0메소라고 해도 무방하다고 생각합니다.
앞서 계산했듯, 15% 평균 제작 비용은 3.3억 메소입니다.
이 때, 140제와 160제의 샤타때 18성 기댓값까지 고려해보면 다음과 같습니다.
평균 제작 비용(140제): 9.5억 메소
평균 제작 비용(160제): 12.6억 메소
5) 18성 21, 27, 30% 여명 보장
종류가 많아 경매장 시세탭을 기준으로 계산하겠습니다.
6) 18성 27~30% 칠흑
18성 유닉 15~21% 칠흑은 제작비용에 비해 회수량이 적고, 18성 레전 21%는 레전 27%와 차이가 거의 없기 때문에 제외합니다.
가격을 말씀드리기 전에 저는 약 4년 전부터 지금까지 칠흑 세 줄을 수도 없이 만들어왔고, 그 경험으로 정가를 잘 알고 있음을 알려드립니다.
츄츄지지 기준 전섭 34위
루나서버 기준
장교불
깡통 정가
는 다음과 같습니다.
스탯따라 가격 차이가 심함
지금은 매물이 다 빨려서 다소 비싼데, 9월 말 예정(뇌피셜)인
미라클 때는 훨씬 저렴해집니다.
스탯에 따른 가격은
덱<럭<힘<인
순입니다.
평균
내어 적겠습니다.
루컨마 27% - 46억
루컨마 30% - 64억
마깃안 27% - 53억
마깃안 30% - 71억
커포 27% - 49억
커포 30% - 70억
몽벨 27% - 69억
몽벨 30% - 87억
거공 27% - 86억
거공 30% - 105억
고근 27% - 78억
고근 30% - 97억
18성 평균 비용은 다음과 같습니다. (올파방)
160제: 13.1억 + (노작 가격 * 0.0649)
200제: 25.6억 + (노작 가격 * 0.0649)
* 18성까지 약 6.1%(0.061)의 확률로 파괴되기 때문에 무한 등비급수의 합을 계산해보면 0.0649입니다.
7) 22성 여명보장
추옵 가횟에 따라 차이가 있지만, 보통
27%는 깡통 가격에서 30억, 30%는 45억 더하면 됩니다.
여명보장 깡통은 데브 가엔링을 제외하고 잘 없지만,
기준점
이라 생각하시면 됩니다.
칠흑은 이렇게 하지 않고 세분화한 이유는 여명 보장은 매물이 많아 가격이 균일하기 때문입니다.
여명보장도 스탯마다 가격이 다르며, 럭<덱<힘<인 순입니다.
아래는
22성 깡통 정가
입니다.
트왈마 22성 깡통: 69억
파풀마 22성 깡통: 72억
에스텔라 22성 깡통: 90억
에스텔라 22성은
마이이어링이 가성비가 너무 좋기 때문에
개인적으로 비추이지만, 비교 대상을 에스텔라로 했기 때문에 이것으로 계산합니다.
분자벨 22성 깡통: 85억
도미 22성 깡통: 100억
모든 가격 측정이 끝났습니다.
이제 효율을 비교해봅시다.
3. 효율 비교
가격은 15%/21%/27%/30% 순입니다. 네 가지 스탯의 평균값입니다.
A) 10성 칠흑
vs
18성 여명보장
1셋
루컨마 - 20.3/25/46/64
트왈마 - 16/24/42/50
2셋
마깃안 - 23.8/28.5/53/71
파풀마 - 17/25/44/52
3셋
커포 - 20.3/25/49/70
에스텔라 - 21/30/50/60
4셋
마도서 - 42
성배 - 0
* 본인 스탯에 맞는 마도서 135급(강환 1700개 어치)도 노작과 6~7억 밖에 차이 안 나기 때문에 추옵된 걸 사오는 것을 추천
5셋
몽벨 - 31.3/36/69/87
분자벨 - 17/25/44/52
6셋
거공 - 50.3/56/86/105
이벤링 - 0
7셋
고근 - 42.3/47/78/97
도미 - 25/36/48/59
10성에서 흙칠흑 효율이 가장 좋은 건 잠재가 21%일 때입니다. (대신 21%는 매물이 많이 없음)
이를 앞서 분석한 스펙 비교와 같이 보겠습니다.
1셋 - 흙칠흑이
스탯 251만큼 낮고 1억 더 비쌈
2셋 - 흙칠흑이
216.5 낮고 4.5억 더 비쌈
3셋 - 흙칠흑이
202 낮고 9.5억 더 비쌈
4셋 - 흙칠흑이
108 높고
49.5억 더 비쌈
5셋 - 흙칠흑이
210.5 높고
58.5억 더 비쌈
6셋 - 흙칠흑이
373.5 높고
144.5억 더 비쌈
7셋 - 흙칠흑이
514.5 높고
174.5억 더 비쌈
10성 칠흑 둘둘하는 사람은 없겠지만, 10성 기준으로 4~5셋부터는 괜찮은 효율이 나온다고 볼 수 있습니다.
같은 방법으로 17~18성 칠흑과 22성 여명 보장을 비교해보면
27%가 최고 가성비
입니다.
따라서 27%를 기준으로 계산하면 다음과 같습니다.
B) 17성 칠흑
vs
22성 여명보장 (7보장 원래 못 받던 경우)
1셋 - 흙칠흑이
스탯 214만큼 낮고
51.5억 저렴함
2셋 - 흙칠흑이
261.5 낮고
99억 저렴함
3셋 - 흙칠흑이
399
낮고
168.5억 저렴함
4셋 - 흙칠흑이
189 낮고
148.5억 저렴함
5셋 - 흙칠흑이
126.5 낮고
183.6억 저렴함
6셋 - 흙칠흑이
120 높고 86.7억 저렴함
7셋 - 흙칠흑이
151 높고 137.2억 저렴함
흙칠흑이 가격면에서 상당한 우위
를 점한 것을 알 수 있습니다.
160제 칠흑에 한해 17성권을 바를 수 있어 가격이 조금 더 차이 납니다. (17성권 1.5억, 샤타 17직작 5.6억)
7보장을 원래 받고 있던 분은 전 구간 스탯 175를 빼주면 됩니다.
C) 18성 칠흑
vs
22성 여명보장
(7보장 원래 못 받던 경우)
1셋 - 흙칠흑이
스탯 159만큼 낮고
38.8억 저렴함
2셋 - 흙칠흑이
151.5 낮고
93.4억 저렴함
3셋 - 흙칠흑이
225
낮고
137.7억 저렴함
4셋 - 흙칠흑이
85 높고 95.7억 저렴함
5셋 - 흙칠흑이
111.5 높고 114.2억 저렴함
6셋 - 흙칠흑이
422 높고
0.5억 더 비쌈
7셋 - 흙칠흑이
508 높고 50억 더 저렴함
18성 흙칠흑은 4셋부터 성능과 가격 모두 확실히 우월하다는 것을 알 수 있으며, 2~3셋에서도 스탯과 비용을 대조해봤을 때 일정 스펙대에서는 흙칠흑이 더 이득입니다.
6셋에선 가격이 살짝 비싸지지만, 스펙 상승량까지 고려해보면 그리 비싸지 않습니다.
이벤링을 18거공으로 바꿀 때, 18거공 자체의 스펙은 좋지만, 기존 아이템을 팔지 못 하는게 큰 걸림돌이 됩니다.
참고로 18성 거공은 드는 비용이 만만치 않다보니 사람들은 27%는 잘 사지 않고 이왕이면 30%를 쓰지라는 생각으로 30%를 선호합니다.
18성 직작 비용은 샤타포스를 기준으로 잡았는데, 1516이벤트를 기준으로 잡으면 160제는 부위당 3.5억, 200제는 부위당 7억 더 잡으면 됩니다. 굳이 샤타포스까지 기다리지 않아도 흙칠흑이 가성비가 더 좋습니다.
4. 결론
앞서 분석한 것들 중 의미 있는 내용들을 정리하면 아래와 같습니다.
4셋
부터는
10성 칠흑이 18성 여명보장보다 좋다
.
흙칠흑의 최고 가성비는 17성 21% 혹은 17성 27%이다.
17성 흙칠흑
은
6셋
부터 22성 여명보장보다 성능이 좋아지며
,
80억 이상 저렴
하게 맞출 수 있다.
17성 흙칠흑
을
5셋
만 맞출 경우,
스탯은 126 손해
보지만,
183억 저렴
하게 맞출 수 있다.
18성 흙칠흑
은
4셋
부터 22성 여명보장보다 성능이 좋아지며
,
90억 이상 저렴
하게 맞출 수 있다.
이번에 4줄 혹은 5줄 미트라를 맞추신 분은 더욱 효율이 좋을 거라 생각합니다. 이론상 7셋이 가장 효율이 좋은데, 현실적으로는 블하 없이 5셋이 가장 좋지 않을까 싶습니다. 흙칠흑은 한 푼 아끼려고 한 부위 한 부위 정성들여 맞추게 될텐데 6~7개를 맞춘다면 다 맞춘 뒤엔 이미 칠흑이 똥값 되어있을 거예요.
하지만, 누군가가 '무조건 흙칠흑을 가야하는가?' 라고 묻는다면 답은 '아니오' 입니다.
앞서 말했듯 흙칠흑은 ""할부""의 개념입니다. 22성 여명보장을 한 번에 살 돈이 부담스러워 노작부터 스타포스까지 직접 하는 것입니다. 칠흑은 스타포스 이벤트가 있고 없고 차이가 크기 때문에 스타포스 이벤트가 있을 때까지 기다려야하는데 바로바로 사서 낄 수 있는 22성 여명보장과 비교해보면 이는 확실한 단점입니다.
또한, 이미 22성 여명보장이 몇 부위 있는 분들은 팔고 넘어갈 정도는 아닙니다. 물론 넘어가는 게 동일잠재 기준 차액을 남기면서 더 강해질 수 있지만, 4셋부터 효과를 보기 때문에 4개를 한 번에 갈아치우는 게 아니면 다운그레이드 구간이 존재합니다.
흙칠흑은 18성까지도 파괴확률이 6.1%이지만, 어떠한 억까를 당할지 모르는
직작
입니다. 17성까지는 노펑이라고 하더라도 15-16 억까를 당할 수 있고, 이것이 싫은 분들이 많습니다. 이런 분들은 스트레스 받지 마시고 흙칠흑은 포기하시거나 더 비싸게 주고 완제 흙칠흑을 사드시는 것 추천드립니다.
그리고 17~18성을 못 참는 사람이 있습니다. 기어코 19~22성을 누르고 마는 사람이라면 흙칠흑은 거들떠보지도 마시기 바랍니다. 운이 좋다면 이득을 보겠지만, 18성 위로 스타포스를 한다는 건 스타포스 편차를 피하기 위해 맞춘다는 흙칠흑의 기본 전제에 맞지 않습니다.
따라서
22성 여명보장이 더 나은 선택지가 될 수 있는 분
은 다음과 같이 정리해 볼 수 있습니다.
22성 템을 바로바로 살 수 있을 때까지 메소를 모을 수 있는 사람
현질을 할 여건이 되는 사람
18성만 보면 스타포스 하고 싶어서 손이 근질거리는 사람
스타포스 썬데이를 못 기다리는 사람
직작 편차가 무서운 사람
이미 22성 여명보장을 끼고 있는 사람
이 이외의 분들은 4셋 이상의 흙칠흑
이
가격, 성능면에서 확실히 더 나은 선택지
라고 생각합니다."
https://www.inven.co.kr/board/maple/2304/40288,기타,[7/18]오늘패치 압축요약&신규사항 요약정리,,2024-07-18 10:54,47852,26,"[글 추가/수정 사항]
1. 오후 1시 경 본문으로 갱신하였습니다
------------------------------------------------------------------
안녕하세요
이 글은 해당 내용들을 담고 있습니다
1. 이번 업데이트 내용 압축 정리
2. 정식 서버 업데이트로 들어온 주요 신규 사항들
잘못 적힌 부분은 말씀해 주시면 감사히 수정합니다. 오늘은 바로바로 수정이 힘드나 최대한 반영하겠습니다
[업데이트 요약]
★점검 이후~8/12(월) 메할일★
1. 기존과 동일한 이벤트
- 하이퍼 버닝/버닝 월드/개화월영/
출석/펀치킹
2. 후속 이벤트로 교체되나 참여 방식 동일 혹은 유사
- 반 레온 스킬 : 스킬 발동 경험치 160배(이전 이벤트 : 130배) : 퀘스트 수락 필요!
- 미니 게임 : 비슷한 탄환 피하기 게임 : 1~4인 매칭 또는 4인 파티로 입장 가능
+ 이벤트 업적은 이어서 가능 / 본체 맞으면 즉사 주의
3. 신규 이벤트
1) <성장 가속! 제로백>
- 100까지 전용 사냥터로 빠르게 도달
- 메이플ID당 일일 1개, 기간 내 최대 7개까지 지정 가능 : 삭제 시 횟수 반환 없음
- 100레벨 달성 시 캐릭터당 1회블랙 장비 세트, 메이플ID당 1회 모자와 의자 지급
2)
<버닝 익스프레스>
- 메이플ID당 일일 1회, 최대 14일 레범몬 1천 마리 퇴치로 출석 가능
- 개근 시 극성비 3 / EXP 5500개 : 1/7/14일 극성비, 나머지 EXP 500개
- 버닝 캐릭터 전용 이벤트 아닙니다
3)
<버닝 월드 사전 리프>
- 최대 5개까지 일반 월드로 리프 가능
- 수령하지 않은 버닝 월드 하이퍼 보상의 경우 리프 시 일반 하이퍼 보상으로 변경됩니다
4) <림보 격파 이벤트>
- 선착순 3파티 / 노멀, 하드 1회 격파 / 하드 격파 시 모든 유저 보상으로 나뉨
- 하드 림보가 격파되면 모든 유저가 메이플ID당 1회 이하 보상 획득 가능
★콘텐츠&변경 사항★
1. 보스 <림보> 추가 : 하드 모드는 19일 오후 7시부터 입장 가능
2. <HEXA스탯 II> 추가
3. 주요 개선
- [이전 글에 누락했던 것]영웅의 메아리(+유사 스킬) 쿨타임 스킬 300초로 변경
- 보스 맵에서도 UI를 통해 다른 보스 맵 이동 가능하도록 변경
- 빠른 캐릭터 변경 오류 수정 등 사양 개선
- 안드로이드 한손 무기, 귀걸이 등 착용 가능으로 변경
- 보스 컷씬 스킵 기능 추가
- 황망/소울/소울 인챈터 더블 클릭으로 사용 가능하도록 변경
- 유니온의 부, 행운도 게임 종료 시 사라지지 않도록 변경
- 버프 자동 정렬, 버프 즐겨찾기 기능 추가 : 설정의 UI 탭
- 자석펫 3세트 효과 상향 : 범위 증가+공마 18로 변경
- 주간 보스 결정 캐릭터당 12개만 판매 가능하도록 변경 : 단 결정 가격 조정으로 하스데 이상 솔플 기준 기존보다 미세하게 높음 : 낮은 결정석까지 포함하여 12개 초과 판매할 경우, 차액만큼 지급 받을 수 있습니다(=아티팩트 EXP)
★PC방 이벤트 관련★
1. 후속 프리미엄 코인샵+경험치 50% 이벤트 : 점검 이후 바로 진행 : 이전과 코인샵 물품도 동일
2. 후속 누적 보상 이벤트 : 내일 0시부터 진행
15시간 보상 코디 외 이전과 동일
★캐시 이동 : 7/19 10시~7/26 10시★
★휴면 닉네임 삭제 : 8/22 점검 후★
★이번 주 썬데이★
★다음 업데이트 일자와 테섭 일자 관련★
1. 다음 테스트 서버에 예고된 내용은 다음과 같습니다
- <앵글러 컴퍼니> : 2차 에픽 던전
- <탈라하트> 테마 이벤트 진행
2. 다음 정식 서버 업데이트 일자는 이례적으로 8/13(화) 입니다
이에 따라 테스트 서버 일자도 가봐야 알 수 있겠습니다
* 사진과 함께 볼 수 있는 자세한 정리 필요하신 분들은
https://www.inven.co.kr/board/maple/5974/3909541
참고 부탁 드립니다
[신규 사항]
1. 신규 스라벨
2. 신규 마라벨
3. 로얄 스타일 목록
4. 신규 헤어 성형 쿠폰
5. [~8/7]트로피컬 스무디 패키지 판매
* 트로피컬 스무디 공식 착용 샷 일부
전체 목록은
https://maplestory.nexon.com/news/popup/2024/0718/TropicalSummerFestival
에서 확인하실 수 있습니다
6.
[~10/16]코디 패키지 판매
- 기존 글에서 말씀 드렸던 것과 동일하여 일부 보실 만한 내용 제외 링크로 드립니다
- 판매 패키지목록
[최초 판매]에메랄드 세공사 패키지
단감 패키지 / NEW 토마토 패키지
민트 스노우/체리 스노우 패키지
시원한 바다/마린 보이/마린걸/핑키 마린보이/핑키 마린걸/달콤한 여름/퍼펙트 하프물범/랄랄라 피슁/예그리나/하이패션 엘프 세트 패키지
- 단품
NEW 튀김 세트
생선의 지배자/비치발리볼/쿨썸머 보드/책가방 속 러브레터
크왕 상어/환상 해변가/프로펠러 모자/샬럿 왕골모자/쿨썸머 스노쿨링
상어는 나다/환상 해변가 수영복/시스루 하트/썸머 오프숄더/쿨썸머 오렌지
상어 슬리퍼/환상 해변가 슈즈/ 쿨썸머 오리발
상어 꼬리/샬럿의 정원
- 상시 판매 표창
포이즌 표창/슈팅스타 표창
코디 패키지 공식 홈페이지 링크 :
https://maplestory.nexon.com/News/CashShop/Sale/493
6. 기억 속 축제의 서 의자 관련
- 이벤트 맵의 군단장 옆 포탈로 확인 가능한 스토리 5종 전부 완료 시 수령 가능
- 아카이럼은 7/25 이후부터 확인 가능
- 모두 완료 이후, 8/1 0시부터 열리는 탈레스의 부름 퀘스트 완료 시 의자 수령 가능
- 메이플ID당 1회
7.
음성 거짓말 탐지기 신청 고객센터 링크
※ 음성 거짓말탐지기를 대체 이용하기 위해서는 별도 증빙자료가 필요하며, 대체 이용을 희망하는 용사님께서는 [고객지원] 메뉴 혹은 아래 페이지를 통해 1:1 문의 접수를 부탁드립니다.
https://cs.nexon.com/HelpBoard/Nexon?gamecode=18&category=75530&direct=direct
※ 음성 거짓말탐지기 대체 이용은 게임 계정 명의 당 하나의 메이플ID만 지정 가능합니다.
-------------
7추만 보내주시면 감사드리겠습니다"
https://www.inven.co.kr/board/maple/2304/40263,기타,패치 후 메할일 요약+변경사항 등 정리,,2024-07-16 19:55,72600,61,"[글 추가/수정 사항]
1.
------------------------------------------------------------------
안녕하세요
이 글은 7/18(목) 업데이트 내용들과 같이 보실 만한 내용들을 취합한 것입니다
위의 요약 부분과 밑의 상세 정리 부분을 같이 봐주시면 중요 내용들은 놓치시는 것 없이 가져가실 수 있습니다
잘못 적힌 부분은 말씀해 주시면 감사히 수정합니다
★7/17(수) 23:59 종료★
1. <골드리치의 비밀 금고>
2. <스타포스 스테이지>
3. <반 레온의 검술>
4. <정령의 기억>
5. <프리미엄 PC방 혜택> : PC방 코인샵 코인 사용
6. 캐시샵
- <메이플포인트 10% 추가 지급 패키지> 판매
- <슈피겔만의 마법 모자> 판매
★7/18 점검 예정 시간 : 04~10시★
★점검 이후~8/12 메할일★
1. 기존과 동일
- 하이퍼 버닝/버닝 월드/개화월영/
출석/펀치킹
2. 후속 이벤트로 교체되나 참여 방식 동일 혹은 유사
- 반 레온 레범몬 스킬 : 일일 30회, 피버 경험치 160배, 퀘스트 수락 필요
- 미니 게임 : 업적 이어서 가능, 4인 매칭 혹은 파티, 비슷한 형식에서 보스 잡기 추가
3. 신규 이벤트
- <제로백> : 100까지 빠르게 도달 : 일일 1개, 기간 내 최대 7개까지 지정 가능
- <버닝 익스프레스> : 일일 1회, 최대 14일 : 개근 시 극성비 3 / EXP 5500개
- <버닝 월드 사전 리프> : 최대 5개까지 일반 월드로 리프 가능
- <림보 격파 이벤트> : 하드 림보가 격파되면 모든 유저가 축제 기록 1천 개, 준정펜 30일, 뽀송 쿠폰 등 수령 가능
- 이벤트 맵 스토리 전부 볼 시 보상으로 의자 수령 가능
4. 주요 개선&신규 사항
- 보스 맵에서도 UI를 통해 다른 보스 맵 이동 가능하도록 변경
- 안드로이드 한손 무기, 귀걸이 등 착용 가능으로 변경
- 버프 즐겨찾기, 정렬 기능 추가
- 보스 컷씬 스킵 기능 추가
- 황망/소울 더블 클릭으로 사용 가능하도록 변경
- 유니온의 부, 행운 게임 종료 시에도 유지
- 헥사스탯 2 추가 : 개방 : 솔 에르다 10/조각 200
- 보스 림보 추가
★패치 이후 판매 캐시 관련 정리글 링크★
1. <캐시 이동>은 7/19 10시~7/26 10시 진행됩니다
2. 스라벨/마라벨/바우처/성쿠헤쿠/패키지 등의 자세한 내용은 링크에 정리되어 있습니다
https://www.inven.co.kr/board/maple/2304/40230
[목차]
1. PC방 이벤트 / 림보 관련 이벤트
2. 신규 이벤트
3. 개선&변경 사항
★신규 이벤트★ : ~8/12 진행
1. 이벤트 스토리 완독 보상
- 이벤트 맵의 군단장 옆 포탈을 통해 수행 가능한 스토리 퀘스트를 전부 완료 시 에필로그를 볼 수 있습니다
- 에필로그까지 완독할 경우 해당 의자 보상을 획득할 수 있습니다
2. [버닝 월드 사전 리프] 시작
- <버닝 월드> 기간 내 최대 5개까지 리프 가능
- 주의 : 남은or수령하지 않은 <하이퍼 버닝> 보상은
리프 시 일반 월드 기준으로 변경됩니다 : 추가 보상은 <버닝 월드> 보상에 속해서 일반 월드로 이동 시 수령 불가
- 버닝 월드에서 획득한 비밀 기록, 상급 비밀 기록, 프리미엄 코인은 월드 리프로 이동되지 않습니다.
: PC방 코인으로 구매한 물품은 따로 언급 없는 걸로 보아 리프 가능할 듯
- 사용한 커스텀 배경은 이사가 NPC를 통하여 교환권으로 추출해 리프할 수 있습니다
2. [정령의 감정] : <정령의 기억> 후속 이벤트
- <정령의 기억> 과 동일한 보상 : 주간 EXP 교환권 최대 3000개 : 메이플ID 기준
- 4명 랜덤 매칭 또는 4인 파티를 이루어 입장할 수 있습니다
- 본인의 영역 안에 보스가 들어오면 자동으로 공격되며, 가까울 수록 공격 속도가 증가합니다
- 보스가 쏘는 총알을 3회 맞으면 사망하며 보스에 직접 닿을 시에는 즉사합니다
-
탄환을 피하며 보스를 공격, 퇴치하며 최대한 오래 버티는 것이 목표입니다
- 라이브에서 이전 게임보다는 약간 난이도가 낮춰졌다고 언급되었습니다
- <피할 수 있으면 즐겨라> 이벤트 업적의 달성 조건이 '정령의 기억 또는 정령의 감정 누적 5000초 생존' 으로 변경되었고, 공식 릴리즈에 <
※ ‘[기억 속] 피할 수 있으면 즐겨라’ 업적은 정령의 감정에서도
이어서
참여할 수 있습니다.> 코멘트가 추가되었습니다
3. [반 레온의 정예 검술] : <반 레온의 검술> 후속 이벤트
- 캐릭터당 30회 발동 가능한 레범몬 경험치 스킬 이벤트입니다
- 이전 반 레온 스킬의 경험치는 필드 몬스터 대비 135배였고,
후속 반 레온 스킬의 경험치는 160배입니다
- 300마리 퇴치할 때마다 스킬이 1회 발동하며 경험치를 획득합니다
- 추가적인 설치기나 몬스터 소환은 없습니다
4. [메이플 제로백]
- 메이플 ID당 일일 1개, 기간 내 최대 7회까지 참여 가능합니다
- 10~100레벨의 캐릭터를 제로백 캐릭터로 지정하여 전용 사냥터에서 101레벨까지 아주 빠르게 육성할 수 있습니다
- 유의 사항
- 각 전직 레벨마다 일반 장비 보상이 있으며 101레벨 달성 시 캐릭터당 블랙 장비 세트를 받을 수 있습니다
- 101레벨 달성 시 메이플ID당 1회 이하 보상들을 수령할 수 있습니다
5. [버닝 익스프레스]
- 메이플 ID당 일일 1회, 레벨 범위 몬스터 1천 마리 퇴치 후 출석할 수 있습니다
- 놓친 출석은 3천 메이플포인트를 사용하여 1회 도장을 찍을 수 있습니다
- 버닝 이벤트 전용 이벤트 아니고 모두 참여 가능합니다
- 출석 횟수에 따라 보상을 획득합니다
- 이에 따라 개근 시 총 극성비 3개, EXP 교환권 5500개 획득 가능
3. 개선&변경 사항
------------------------------
6추만 보내주시면 감사드리겠습니다"
https://www.inven.co.kr/board/maple/2304/40260,아이템,자본별 제네시스 무기 직작 가이드,만두리바,2024-07-16 00:31,250329,50,"해방을 앞둔 유저들이 수준별, 자본별로 어떤 직작 시나리오를 따르면 가성비있게 직작을 마무리할 수 있을지 시나리오를 짜 봤습니다.
시기를 잘 맞춘 용사님이 아니면 미라클타임을 활용하는 것은 어렵기 때문에, 평일 기준으로 잡았습니다.
쓰다보니 길어져서 세줄 요약합니다.
--------------------------------------------------------------
제네무기 직작은 자본별, 스펙별로 아래와 같이 하는 것을 추천합니다.
1. 아무거나 세줄 + 에픽9% =
84억
(템환산 4만대 추천)
2. 보보공급 정옵 + 에디공21% 노리지만, 유효뜨면 주차 =
285억
(템환산 5만대 추천)
3. 보보공급 정옵 + 에디공21% 저격 =
473억
(템환산 6만 이상 추천)
--------------------------------------------------------------
Case A. [
준비물 473억 이상
] 난 정옵 21% 뽑을때까지 돌릴거다.
본인이 원하는 옵션 나올때까지 저격하겠다는 돈많은 용사님 기준으로
윗잠재는 (보보보, 보보공, 보공공, 공공공) 정옵이상
기대값 176억
입니다. (등급업 포함)
밑잠재는 에디공21%이상
기대값 297
억입니다. (등급업 포함)
총합
기대값 473억
입니다.
이 시나리오에서 파괴버프 제외한
최종뎀은 19%정도 상승
하는데, 이정도 효율과 비슷한 스펙업은
내실쪽으로는 아르크스 심볼 10렙 업이 있고 (주탯 35에 8.7억)
템펙업에서는 동일잠재 18성에서 22성 방어구로 교체하는데 70억정도 쓴 것과 비슷합니다.
(이 값은 해방 후 럭키효과까지 감안한 값입니다.)
그러나 직작은 무섭습니다. 저격의 경우 운없으면 2배, 3배 빨리는 경우가 많습니다.
환산 6~7만 이상 용사님이 아니라면,
아래에서 설명할, 유효옵 나오면 스탑하는 전략을 사용하는 것을 권장합니다.
Case B. [
준비물 84억 메소
] 나는 환산 3.5만대의 저스펙이며, 메소도 부족하다.
상당수 용사님이 84억보다는 비싼 무기를 들고 해방을 도전하기 때문에, 무기판돈으로 직작할 수 있도록 잡아봤습니다.
본인 무기가 80억 미만이고, 모아둔 메소도 없다면 이벤트 교불큐브를 이용하는 것 말고는 답이 없으니 화이팅하십쇼.
이 시나리오에서는 밑잠 에픽 9%를 수에큐로 뽑는 것을 추천합니다.
기대값은 6억
입니다.
다음으로 윗잠인데, 방무 한줄을 포함한 모든 세줄을 유효로 봐야 합니다.
기대값은 64억
입니다. (등급업 포함)
아래 표는 제가 임의로 설정한 옵션별 [티어표] 입니다.
방무 두줄이상의 세줄옵션은 지금 메타에서 3줄로 쳐주기 어렵다 생각하여 제외했고, 보공/방무 모두 35%가 뜰 때가 있어 이를 [삑사리] 로 정의했습니다.
4티어 이상을 목표로 할 경우,
49% 4티어, 37% 3티어, 14% 2티어에서 멈추게 될 겁니다.
파괴버프를 제외한 환산증가량으로 봤을 때, 대략
최종뎀 12.5%를 70억
으로 가져오게 됩니다.
이 효율은 세르니움 심볼 4렙업과 비슷한 수준의 가성비입니다. (
아주 좋다는 뜻
)
템으로 비교하면
1516이벤트때 카루타 17성
보내는 가성비와 비슷합니다. (역시 아주 좋다는 뜻)
Case C.
[준비물 285억]
나는 정옵 21%를 노리지만, 유효옵이 뜨면 멈출 것이다.
환산 4.5~5.5 사이의 용사님에게 추천하는 시나리오입니다. 사실 이게 본론이라도 봐도 될 것 같네요.
일반적으로 18성 15%~21% 둘둘에 내실이 아주 좋거나, 22성이 몇개 껴있으면 나오는 환산입니다.
운나쁘면 500억 빨리는 것도 어쩔 수 없는 일이지만, 억까를 최소화한 시나리오로 보시면 되겠습니다.
아래 표 해석이 바로 되신다면 더 설명할게 없으나, 보기 어려울 수 있으니 글로 부연설명하겠습니다.
1단계. 윗잠재 3티어 이상 저격
먼저 윗잠에서는 4티어는 버리는 걸 추천합니다. 해당 용사님한테는 조금 격이 떨어집니다.
방무가 없지만 삑사리가 난 3줄이거나, 방무1줄을 포함한 정옵만 가져갑시다.
이 시점에 용사님은
27%확률로 2티어(즉 보보공 정옵) 또는 73%확률로 3티어
에서 멈추게 됩니다.
27%확률에 당첨된 용사님은 축하드립니다.
이경우 윗잠
기대값은 77억
입니다. (등급업 포함)
2단계. 에디 돌려서 유효옵OR레전등업 노리기
별거아닌 윗잠/밑잠 돌리는 시나리오인데, 기대값이 널뛰기를 하는 이유는 바로 에디 두줄보다 등업이 확률이 더 높기 때문입니다.
여러분이 뭔가 뜰 때까지 에디를 돌린다면
38%확률로 15%가 뜰 것이고, 62%확률로 레전등업
을 할 겁니다.
15% 나오면 멈추면 됩니다.
(12%(공6%+공6%)는 가성비가 나빠 멈추지 않습니다.)
유니크 15%는 낭만은 좀 부족하더라도, 에디레전 기대값이 너무나 크기 때문에 가성비로는 고트인 구간입니다.
여기까지
기대값은 77억
입니다. (15%or등급업)
3단계. 레전 올라왔다면, 18% 이상 목표로 돌리기
등급업 비용을 제외하고, 18%와 21% 기대값은 큰 차이가 납니다.
18% 이상 기대값은 131억이고, 21% 이상 기대값은 188억
입니다.
18%를 노리고 에디를 돌리다가, 70%확률로 21%가 나오는 걸 기도하는 것이 현명합니다.
이 경우
기대값은 131억
입니다. (18%이상)
이 시나리오에서는 아래 표와 같은 결과를 가져가실 수 있습니다.
에디가 레전으로 등업해버리면 원치 않아도 18%이상을 뽑으셔야 효율이 나오기 때문에, 기대값이 155억에서 286억을 왔다갔다합니다.
부연설명하면, 위 3개 스텝으로 진행할 시,
- 12% 확률로 보보공 정옵 에디공21%를 286억에 가져오거나
- 28% 확률로 보방공 정옵 에디공15%를 155억에 가져온다는 뜻입니다.
이 시나리오에서, 파괴버프 제외한 평균 최종뎀 상승량은 16%정도가 됩니다.
이정도 효율을 내는 스펙업은
내실 기준 아르크스 7렙 심볼업과 비슷하고
직작 기준 샤타때 트왈마/가엔링/에스텔라 등 여명장신구 18성을 19성 보내는 것과 비슷합니다.
아이템 기준 17성 633 앱솔(4억)에서 18성 27% 앱솔(30억)로 교체하는 것과 비슷합니다.
계산에 참고한 수식이 하도 많아서 생략했습니다만, 궁금하다면 당연히 공유해드립니다.
애초에 메수라이브 기대값만 돌려도 나오는 값이라 대단할 게 없습니다.
감사합니다."
https://www.inven.co.kr/board/maple/2304/40255,아이템,시드링은 선택이 아닌 필수❗ 그럼 어떤 시드링을 사용해야 할까 ❓❓,,2024-07-15 17:29,102645,11,"공략에 앞서
시드링
💍
이란❓❓
시드링은 보스 몬스터 처치시 나오는 보스 반지 상자(아래 사진)에서 나오는
특수 스킬 반지
로 한동안은 더 시드에서 만 획득할수 있었기 때문에 편의상 시드링으로 불리는 반지입니다.
특징으로는 올스텟4+공마4 올려주고 무엇보다 큰 특징으론 각자
시드링만의 고유한 스킬을 제공
한다는 점이 있습니다. 스킬레벨은 각 시드링의 고유한 레벨(1~4)로 정해져 있고 각 시드링의 등급업은 불가능합니다.
(물론 4레벨 -> 5레벨로 등급업이 가능한 생명의 연마석
이 있으나 현재는 초고자본 컨텐츠로 사용되기에 예외로 하겠습니다. )
메인 시드링
🥇
1.
메인 시드링
은
리스트레인트
링
,
웨폰퍼프 링
,
컨티뉴어스 링
3종류중 하나를 선택하고
되도록이면 4렙
여의치 않으면 3렙
이라도 사용하는것이 좋습니다.
(단 부캐같은 경우는 2레벨링을 사용하거나 후술할
얼티메이덤 링, 크리디펜스 링을 메인으로 사용하는 경우도 있습니다.
)
2.
리스트레인트 링
은
극딜직업
에게 강력히 추천합니다.
추가로
준극딜
이 있거나
120초 극딜 직업
은
웨폰퍼프 링
과
스위칭
해서 사용하는것도 좋습니다.
3.
웨폰퍼프 링
은 비숍같은
주스텟 비중이 높은 직업
이 사용하는 것이 좋습니다.
(추가로
120초 주기 파티격 위주 비숍
은
웨폰퍼프
/
링 오브 썸
or
레벨퍼프
를 사용하는 경우도 있습니다.)
4.
컨티뉴어스 링
은 엔버 같은
60초 주기의 극딜 직업
이나 불독, 카이저 같은
평딜 직업
이 사용하는 것이 좋습니다.
5.
리레링과 컨티링이 효율이 비슷한 직업
(예 : 카데나)은
솔플 위주는 컨티뉴어스 링
파티격 위주는 리스트레인트 링
을 사용하는것을 추천합니다. (
사실 취향차이
로 둘중 본인 스타일에 맞는것으로 고르는 것이 베스트!)
때때로 효용적인 시드링
🥈
1.
리스크테이커 링
은
지속시간이 긴 대신 피격 시 버프가 해제되는 시드링
으로 영웅직업군 (프리드의 가호), 메카닉(메탈아머 전탄발사), 팔라딘(새크로생티티), 윈드브레이커(윈드 월), 와일드헌터(재규어 맥시멈)와 같이
장기간 무적을 유지할수 있는 직업
이 사용하면 좋습니다.
2.
크리디펜스 링
은
방어력 무시가 부족한 경우
매우 효율성이 좋습니다.
예로 실방무 90이면서 방어율 300%인 보스를 상대한다고 가정하면 크리디펜스 링 4렙으로 최종 데미지 약 30% 정도의 효율을 가질 수 있습니다(크확 100%이상을 갖추고 있다는 가정하에).
3.
얼티메이덤 링
은
카룻돌이용
팔라딘에게 효용성이 좋습니다.
4.
레벨퍼프 링
과
링 오브 썸
은 주로 무릉도장에서만 사용하는데 때때로
120초 주기
파티격 비숍
이 사용하는 경우도 있습니다.
가끔씩 쓰이는 시드링
🥉
1.
크라이시스 HM링
은 리레랑 동일한 효과이나 발동조건이
매우 어려워
사용율이 적습니다.
발동할때는 보통
헬스컷 링
과
리밋 링
을 연계해서 발동시키고
주로 무릉도장, 수로, 펀치킹에서만 사용
합니다.
https://youtu.be/yW8lGAFQzZk?si=XAbwUTRECmTi8nOZ
🔼사용예시
🔼
2.
크리데미지 링
은 주로
무릉 제 3의 시드링
으로 사용을 많이합니다.
3.
듀라빌리티 링
은
데몬어벤져 전용
시드링으로 저자본 데벤져나 무릉 제 3의 시드링으로 사용하는 경우도 있습니다.
4.
실드스와프 링
은 방무를 올려주는 시드링이나
크리디펜스 링의 완벽한 하위호완
입니다.
그렇기에 주로
크리디펜스 링에 이은 제 2의 방무 시드링
으로 채용을 합니다.
5.
오버패스 링
은
공반을 무시하고 딜링을 넣을수 있는
특이한 시드링인데 주로
무릉도장 30층(아카이럼), 50층(핑크빈), 60층(시그너스) 돌파
용으로 주로 사용됩니다.
6.
버든리프트 링
은
용사의 의지와 같은 효과
를 내는 시드링으로 검은 마법사 보스전 처럼
상태 이상 해지가 절실한 보스전 먹자
로 갈 경우 유용합니다."
https://www.inven.co.kr/board/maple/2304/40240,사냥,"유부와 유행의 효율, 코인샵 아이템 효율 총정리",,2024-07-14 10:13,97393,33,"3줄 요약
1. 사냥에 있어서 유니온의 부(10~30분)가 유니온의 행운(10~30분)보다 약 2배의 가치를 지녔으며, 유부 10분의 효율이 유행 30분보다 더 좋다.
2. 유니온 코인 1개의 가치는
16.49만 메소
이다.
3. 유니온 강화아이템은 (금각인을 제외하고는)
절대절대
사면 안 되지만, 그나마 살 거라면 금각인 > 에잠, 에디잠 > 카르마 영환불 순으로 구매하는게 효율이 낫다.
0. 자료 출처
제가 직접 만든
메획과 아획, 유부와 유행 효율 총정리
에 기반한 글입니다. 각종 계산방식들은 해당 글에 있는 스프레드시트인 아래 링크를 통해서 확인할 수 있습니다.
https://docs.google.com/spreadsheets/d/1UwexgXLZ5L6emvjP7OZ3OB17PT5yU-R3ZnkZ58cp3Pk/copy
이 외에도 메소 유니온 박스 효율을 알아보기 위해
의미없는 유니온 코인 상자
글도 참조하였습니다.
지난 번에는 단순 유부 > 유행의 효율이 좋았다는 글에서만 마쳤다면, 이번에는 유부의 효율이 얼마나 좋은지, 그리고 유니온 코인샵에 있는 나머지 물품은 건들면 안 되는지에 대해서 알아보도록 하겠습니다.
참고로 유니온의 힘과 유니온의 경험은 다루지 않았는데, 이는 누구나 알 수 있듯이 필요할 때마다 구매하는게 좋습니다. 경험치 쿠폰 2배가 경매장에서 대략 5800만 메소 정도 하는데, 차라리 그 정도면 유경이 훨씬 낫습니다. 또한 유힘도 도핑물약이라는 점에서 필수에 해당하므로 효율계산에서는 제외했습니다.
1. 유니온의 부의 효율
레벨 285레벨, 시간당 18000마리, 재획비 복용 기준이며, 아획만 66% 초과한다면 캐릭터의 아획템이나 메획템은 메소 획득 효율에 유니온의 부의 효율에 아무런 영향을 끼치지 않습니다. 오직 메소획득량 경감에만 영향을 미치기 때문입니다.
이렇게 계산하면 메소획득량 50% 증가 시, 시간당 2308.5만 메소의 효율이 나옵니다. 각각 유니온의 부에 따라 치환한다면
메소 획득량(만 메소)
코인 가격
코인당 효율(만 메소)
유니온의 부 10분
384.75
30
12.83
유니온의 부 20분
769.5
50
15.39
유니온의 부 30분
1154.25
70
16.49
위와 같이 나옵니다. 가장 효율이 좋은 것은 역시 유니온의 부 30분이 될 것이고, 이는 1154만 메소의 가치를 지녔습니다.
2. 유니온의 행운의 효율
레벨 285레벨, 시간당 18000마리, 재획비 복용, 조각값 550만 메소, 코젬 55만 메소(스카니아 시세)
기준이며, 유니온의 행운과는 달리 캐릭터의 아획에 따라 효율이 달라집니다.  따라서 케이스를 나누어서 효율을 측정할 것인데, 대표적으로 아획 100% / 아획 200% / 아획 270%로 나눕니다.(아획 66% 미만인 경우에는 메획에 따라 크게 효율이 변동해져 복잡해지므로 제외합니다.)
이렇게 계산하면 아획 50% 증가 시, 아획 100%의 경우 시간당 1026.49
만 메소, 아획 200%의 경우 시간당 736.20만 메소, 아획 270%의 경우 620.92만 메소 입니다. 각각 유니온의 행운에 따라 치환한다면
아획 100%
메소 획득량(만 메소)
코인 가격
코인당 효율(만 메소)
유니온의 행운 10분
171.08
30
5.70
유니온의 행운 20분
342.16
50
6.84
유니온의 행운 30분
513.25
70
7.33
아획 200%
메소 획득량(만 메소)
코인 가격
코인당 효율(만 메소)
유니온의 행운 10분
122.70
30
4.09
유니온의 행운 20분
245.40
50
4.91
유니온의 행운 30분
368.10
70
5.26
아획 270%
메소 획득량(만 메소)
코인 가격
코인당 효율(만 메소)
유니온의 행운 10분
103.49
30
3.45
유니온의 행운 20분
206.97
50
4.14
유니온의 행운 30분
310.46
70
4.44
위와 같이 나옵니다. 가장 효율이 좋은 것은 아획 100% 상황에서 유니온의 행운 30분(코인당 7.33만 메소)입니다.
3. 유니온의 부 VS 유니온의 행운 뭘 써야 할까?
무조건 유니온의 부 입니다.
유니온의 부의 효율은 코인당 16.49만 메소로 매우 효율이 높습니다.
심지어 가장 안 좋은 10분짜리도 코인당 12.83만 메소이죠.
반대로 유니온의 행운의 효율은 가장 좋은 상황(아획 100%, 30분)에서도 코인당 7.33만 메소에 불과합니다. 즉, 코인이 부족하다면 유니온의 부를 먼저 쓰시는 것이 좋고,
심지어 유니온의 10%(=코인당 12.83만 메소) 가 유니온의 행운 30%(=코인당 7.33만 메소)의 효율을 앞섭니다.
물론,
재획을 너무 안해서
코인이 남아도시는 분이라면 유니온의 행운과 유니온의 부를 같이 사용하는 것을 추천합니다.
재획은 유니온 코인을 메소로 바꾸는 시스템이라고 볼 수 있습니다. 사냥 시간이 적어 유니온 코인의 소모 속도보다 생산 속도가 더 빠르다면, 잉여 코인을 메소로 치환하기 위하여 유니온의 행운이라도 쓰는 것이죠.
4. 강화아이템은 사면 안되나요?
(금각인 빼고는)
절대절대
사면 안 됩니다. 차라리 경매장에서 사세요.
""유니온 코인이 남아도는 사람은 코인샵에서 다른 템 사도 되지 않나요?""라고 물어 볼 수도 있습니다. 말로 설명하는 것보다 효율을 표로 보여드리는게 나을 것 같습니다. 코인 효율은 1개당 16.49만 메소로 계산하였으며, 경매장 가격은 2024. 7. 14. 기준 스카니아 시세입니다.
코인
메소로 환산
(만 메소)
경매장 가격
(만 메소)
경매장보다
얼마나 비쌈?
비고
순백의 주문서 10%
60
989.4
130
7.61
에잠 100%
300
4947
1600
3.09
에잠50%의 두배
금빛 각인의 인장
40
659.6
400
1.65
강환불
100
1649
150
10.99
교가환불이랑
똑같이 계산
카르마 강환불
50
824.5
150
5.50
교가환불이랑
똑같이 계산
카르마 영환불
150
2473.5
600
4.12
교가환불이랑
똑같이 계산
카르마 검환불
250
4122.5
700
5.89
교가환불이랑
똑같이 계산
유니온 메소박스(하)
30
494.7
59
8.38
위 출처
유니온 메소박스(중)
50
824.5
72
11.45
위 출처
유니온 메소박스(상)
70
1154.3
145
7.96
위 출처
유니온 성장 비약(하)
75
1236.75
-
-
유니온 성장 비약(중)
110
1813.9
-
-
유니온 성장 비약(상)
150
2473.5
-
-
에디잠 100%
200
3298
1000
3.30
에디잠 50% 두배
아케인 카탈리스트
300
4947
-
-
어센틱 카탈리스트
500
8245
-
-
명성치 보증서
100
1649
250
6.60
보스교가명훈
위 표에서 4번째 칸에 있는 ""경매장보다 얼마나 비쌈?""이라는 칸은 유니온 코인샵을 통해 물건을 구매했을 때, 얼마나 비싸게 샀는지를 알아보는 칸입니다. 예를 들어서, 순줌 10%는 코인샵을 통해 구매하면 7.61배 비싸게 주고 구매한 것이라는 뜻이죠.
거의 대부분의 코인샵 물품이 경매장가보다 3~11배 이상 높습니다.
특히
, 순줌 10%, (그냥) 강환불, 메소박스, 명성치 보증서
는 진짜
함정 아이템
입니다.
얘네들에게는 진짜 손도 대는거 아닙니다.
대신 금각인의 경우, 경매장보다 1.65배 수준으로 매우 저렴한 편입니다. 유니온의 행운의 가격이 유부의 2.2배 정도 되는 점을 고려하면 오히려 유행보다 금각인을 사는게 훨씬 나은 상황입니다. 이게 큐브가 삭제되면서 각인류 공급도 같이 차단되었고, 이에 따라 금각인 가격도 오른 것으로 보이는데, 이 때문에 코인샵 각인의 가치도 더 올라갔습니다.
따라서 강화아이템 중 유일하게
금빛 각인의 인장
은 적극적으로 구매를 고려하셔도 좋은 물품입니다.
5. 그럼 난 코인 남아도는데 어떡하나요? 사냥도 안해요.
총 두 가지의 해결책을 제시하려고 합니다.
1. 어센틱 지역 부캐 일퀘하는데 10분짜리 유부와 유행 같이 쓰기
하이퍼버닝 시즌이라 부캐를 키우는데, 시간이 안 남으시는 분들은 작정하고 재획하는 경우보다 일퀘 딸깍하고 끄는 경우가 많습니다. 이 때, 어센틱지역 일퀘 3지역, 어센틱 2지역 + 아케인 3지역 정도하는데 대략 10분 정도 걸리는데, 이 때 유부와 유행을 같이 써주면 효율이 나쁘지 않습니다.
어센틱 지역의 유부+유행의 효율은 꽤 좋습니다.
시간당 14000마리(자석펫 없음, 사냥효율 안좋음 등 고려), 몬스터 레벨 260, 메획 16%/아획 26%(아티팩트, 쓸심 등), 재획비 미복용 기준으로 계산할 경우, 유행과 유부를 같이 쓰면 시간당 3300만 메소가 나옵니다. 이를 10분짜리 유부와 유행으로 치환할 경우,
대략 코인당 9.16만 메소의 효율
이 나옵니다. 위의 유니온의 행운 30분짜리보다 높은 효율을 지닙니다.
아케인 지역은 조각이 안 나오기 때문에 효율이 좀 나쁩니다
.
시간당 12000마리(자석펫 없음, 사냥효율 안좋음 등 고려), 몬스터 레벨 240, 메획 16%/아획 26%(아티팩트, 쓸심 등), 재획비 미복용 기준으로 계산할 경우, 유행과 유부를 같이 쓰면 시간당 1749만 메소가 나옵니다.
이를 10분짜리 유부와 유행으로 치환할 경우,
대략 코인당 4.85만 메소의 효율
이 나옵니다. 어센틱 지역보다 1/2 정도의 효율을 보입니다.
만약 코인이 적당히 남아돈다면 10분짜리 유행과 유부를 사놓고 어센틱 일퀘할때마다 쓰고, 코인이 많이 남아돈다면 아케인 일퀘할 때에도 쓰셔도 좋습니다.
(재획비는 쓸 필요없습니다!)
2. 강화아이템 중 금빛 각인의 인장 > 에잠, 에디잠 > 카르마 영환불 순 정도는 효율이 그나마 낫다.
금빛 각인의 인장
은 경매장보다 겨우 1.65배밖에 비싸지 않습니다. 게다가 이건 최고 효율인 유니온의 부를 기준으로 계산한 것이라 다른 유니온의 행운이랑 비교하면 금각인의 효율이 더 좋습니다. 따라서 오히려 경매장에서 사면 호구일 정도로 유니온에 있는 금빛 각인의 인장을 사는 것이 더 낫습니다.
에픽잠재와 에디잠재
는 경매장보다 3.1~3.3배 정도 가량 비쌉니다. 강화 아이템을 꼭 써야 하는 것이 있다면, 그나마 에잠과 에디잠재를 사서 자신이 키울 부캐에 에픽 둘둘 정도를 해주는 것은 나쁘지 않다고 봅니다. 만약 이를 에잠붙, 에디붙으로 팔 경우(1000만메소) 효율이 좀 감소하기는 하는데요, 이래도 그나마 나은 편이라고 봅니다.
카르마 영환불
은 경매장보다 4.1배정도 가량 비쌉니다. 환불류를 살 거면 카르마 영환불이 그나마 가장 낫습니다. 강환불은 경매장 가격이 너무 저렴해져서 효율이 너무 구려졌고, 검환불은 영환불과 시세가 거의 비슷해서 웃돈을 주고 구매할 필요가 전혀 없습니다. 따라서 내가 너무 코인이 많아 걱정이라면 영환불 정도까지 마지노선으로 쓸만 하다고 생각합니다.
6. 결론
사실 대부분의 메벤 유저분들이 아실 내용이라고 생각합니다. 그러나 아직도 유부와 유행의 효율에 대해서 잘 모르는 사람들, 그리고 코인샵에서 에잠, 에디잠을 사와서 파는 사람들(...) 등이 여전히 있다고 생각해서 이 글을 작성하게 되었습니다.
많은 분들에게 도움이 되길 바라며 이만 글을 마칩니다."
https://www.inven.co.kr/board/maple/2304/40230,기타,리프주의사항&테섭 신규캐시정리 등 : 바우처/패키지/성쿠헤쿠,,2024-07-13 15:07,42464,32,"[수정/추가 사항]
1.
-----------------------------------------
안녕하세요
이 글은 7/18(목) 적용되는 캐시 관련 업데이트 사항이 메인이며 이는 따로 예정엔 없었으나 내용 묻는 분들이 계셔 작성하였습니다.
더불어 저번 글에서 말씀 못 드린 또는 강조할만한 내용을 짧게 덧붙입니다
1. PC방 이벤트 관련
2. <버닝 월드 사전 리프> 관련
3. 보충 이미지
4. 캐시 관련 사항
잘못 적힌 부분은 말씀해 주시면 감사히 수정합니다. 다만 오늘은 즉각즉각 못 할 수도 있어 양해 부탁 드리고 최대한 반영하겠습니다
이번 테섭의 신규 이벤트, 변경, 신규 사항은 링크의 글로 확인 부탁 드립니다
https://www.inven.co.kr/board/maple/2304/40199
[이번 주 썬데이]
[다음 주 썬데이]
1. PC방 이벤트 관련
1) <스페셜 프리미엄 PC방 혜택(코인샵&경험치 50%)>
- 7/17 23:59에 지금 진행 중인 이벤트는 종료되며, 코인도 다 사용하셔야 됩니다
- 7/18 점검 이후 재진행되며 공지로 미루어볼 때 이전 이벤트와 동일한 사양으로 보입니다
2)
<프리미엄 PC방 접속 보상 이벤트>
- 7/18 23:59에 지금 진행 중인 이벤트는 종료되며, 후속 이벤트가 7/19 0시부터 시작됩니다
- 다른 보상과 조건은 이전과 동일하며 누적 15시간 보상인 코디 아이템만 <매직 유니콩 세트> 로 변경되었습니다
2. <버닝 월드 사전 리프> 관련
- 7/18 점검 이후 버닝 월드 사전 리프가 시작됩니다
- <버닝 월드> 기간 내 최대 5개의 캐릭터까지 리프 가능하며, 캐릭터 선택창에서 인원 수 확인이 가능합니다
- 주의 : 남은or수령하지 않은 <하이퍼 버닝> 보상은
리프 시 일반 월드 기준으로 변경됩니다 : 추가 보상은 <버닝 월드> 보상에 속해서 일반 월드로 이동 시 수령 불가
- 버닝 월드에서 획득한 비밀 기록, 상급 비밀 기록, 프리미엄 코인은 월드 리프로 이동되지 않습니다.
- 사용한 커스텀 배경은 이사가 NPC를 통하여 교환권으로 추출해 리프할 수 있습니다
3. 보충 이미지
- 인게임에만 적용된 신규 2차 비밀번호 UI
- 하드/카오스 이상의 난이도로 해당 보스 퇴치 시 획득 가능한 신규 훈장
4. 캐시 관련 사항
1) <캐시 이동> : 7/19(금) 10시~7/26(금) 10시
2) 마스터 라벨
3) 스페셜 라벨&로얄 스타일
4) 프리미엄 헤어&성형 쿠폰 목록
- 남자 헤어 : 신규 헤어 - 새빛 바람
- 남자 성형 : 신규 성형 - 순수 디어
- 여자 헤어 : 신규 헤어 - 서린 이슬
- 여자 성형 : 신규 성형 - 순수 디어
5) 신규 캐시 표창
​
​
​
​
​
6) 트로피컬 스무디(=바우처/교환권)
- 포함된 패키지 가격과 구성품은 테섭에서는 공개 안 됐습니다
- 현재 테스트 서버에서 소비창의 테스트 지원 상자를 통해 해당 아이템 50개를 수령할 수 있습니다. 고가의 아이템인 만큼 스킨 쿠폰, 얼굴 장식 등 구매하실 의향이 있으시다면 우선 테섭에서 시착해보시는 걸 권장 드립니다
★ 예를 들어 이번에 새로 추가된 커스텀 피부의 경우, 커스텀 피부 쿠폰(15개)을 사용해서 커스텀 피부를 적용한 뒤에 스킨 프리즘(10개)를 사용하여 색을 조절할 수 있게 돼 있습니다
또한 커스텀 피부의 종류에 따라 프리즘으로 조절할 수 있는 부분이 다릅니다. ""비비드 스킨"" 의 경우가 라이브에서 공개됐던 완전히 검은 또는 하얀 피부를 연출할 수 있는 피부이며, ""컬러 라인 스킨"" 의 경우 테두리만 변경되는 등의 차이가 있으니 유의가 필요합니다
★ 명찰/말풍선 교환권은 세트로 지급이 아닌 택1입니다
- 구성품 미리 보기
7) 패키지&단품
* 이펙트 gif
-------------
5추만 보내주시면 감사드리겠습니다"
https://www.inven.co.kr/board/maple/2304/40199,기타,테섭 신규 이벤트&개선&캐시 요약 : 추가코인/결정석 제한 등,,2024-07-11 21:11,54155,45,"[글 추가/수정 사항]
1.
------------------------------------------------------------------
안녕하세요
이 글은 7/11(목) 테스트 서버의 여러 주요 사항을 담고 있습니다
잘못 적힌 부분은 말씀해 주시면 감사히 수정합니다
★주요 내용 같이 보기★
1. 이번 테스트 서버 업데이트의 내용들은 7/18(목) 정식 서버 업데이트 예정입니다. 테스트 서버의 내용은 정식 서버 적용 시 변동 혹은 변경될 수 있습니다
2. 이하 이벤트들은 7/17(수) 23:59까지 진행 예정입니다
<골드리치의 비밀 금고>
<스타포스 스테이지>
<반 레온의 검술> -> 후속 있음
<정령의 기억> -> 후속 있음
<PC방 기프트 샵(PC방 코인)> + 경험치 50% 이벤트 -> 점검 이후 재진행(보유한 코인은 사용해야할 듯)
3. 넥슨 30주년 아바타 만들기 캐시 추첨 이벤트
https://enter.nexon.com/30th/avatar/
4. 이번 주 썬데이
[콘텐츠 관련]
1. 신규 보스 <림보> 추가
★림보 관련 이벤트 :
- 최초 격파 3파티 선착순 보상
- 노멀 또는 하드 림보 1회 이상 퇴치 시 수령할 수 있는 보상
-
- <하드 림보>가 격파될 시 모든 유저가 수령할 수 있는 보상
2. 헥사 스탯 2
■ 스탯 코어 II를 활성화할 수 있게 변경됩니다.
- 레벨이 265 이상, 스탯 코어 I의 코어 레벨이 20 이상인 캐릭터만 스탯 코어 II를 활성화할 수 있습니다.
- 스탯 코어 II 활성화를 위해서 솔 에르다 10개, 솔 에르다 조각 200개가 필요합니다.
- 스탯 코어 II의 강화 정보를 초기화하기 위해서 2,000만 메소가 필요합니다.
■ 헥사 스탯 관련 썬데이 메이플 효과가 추가됩니다. - 메인 스탯 레벨이 5레벨 이상일 때, 메인 스탯의 강화 확률이 20% 증가합니다.
3. 보스 컷신 스킵 기능 추가
- 스우~림보
- 파티장이 ESC 누를 시 연출 스킵됨
​
​
4. <버프 자동 정렬, 최소화> 기능 & <버프 즐겨찾기 설정> 기능 추가
- 옵션 메뉴의 UI에서 설정 가능
- <버프 자동 정렬> 적용 시 우측 상단 버프 표시가 이와 같이 변경됩니다
: 내 스킬 / 다른 사람 스킬 / 펫 버프 / 아이템 순
- <버프 즐겨찾기 설정>으로 등록한 스킬의 경우 이동할 수 있는 별도의 UI에 표시됩니다
- 최대 10줄X10칸까지 설정 가능
5. 결정석 관련 변경 사항
■ 강렬한 힘의 결정이 일간, 주간, 월간 결정으로 분리됩니다.
■ 캐릭터 당 최대 12개의 주간 결정만 판매할 수 있게 변경됩니다.
■ 난이도가 높은 일부 보스의 강렬한 힘의 결정 판매 가격이 증가됩니다.
: 라이브 방송 피셜 금액 조정에 따라 메소만 놓고 보자면 12개의 보스만 퇴치할 경우에도 약간 더 오른 정도입니다
+ 하드 윌과 카오스 더스크 결정 가격 서로 변경됨
★ 보스 입장 맵에서도 스케줄러 또는 보스 UI를 통해 다른 보스 맵으로 이동 가능하도록 개선됨
6. 세렌~카링 보스 리워드 변경
■
보스 리워드가 삭제됩니다.
- 선택받은 세렌(하드, 익스트림)
- 감시자 칼로스 (카오스, 익스트림)
- 카링 (하드, 익스트림)
· 태초의 정수 /
· 소형 경험 축적의 비약 /
· 소형 농축된 경험 축적의 비약 레시피
■ 신규 보스 리워드가 추가됩니다.
- 선택받은 세렌(하드, 익스트림)
· 소형 고농축 경험 축적의 비약(교환 가능, 영구)
- 감시자 칼로스 (카오스, 익스트림)
· 의지의 에테르넬 방어구 상자(교환 불가, 7일)
· 소형 고농축 경험 축적의 비약(교환 가능, 영구)
- 카링 (하드, 익스트림)
· 흉수의 에테르넬 방어구 상자(교환 불가, 7일)
· 소형 고농축 경험 축적의 비약(교환 가능, 영구)
※ 의지의 에테르넬 방어구 상자에서는 에테르넬 모자, 상의, 하의 중 1개를 획득할 수 있습니다.
※ 흉수의 에테르넬 방어구 상자에서는 에테르넬 상의, 하의, 어깨장식 중 1개를 획득할 수 있습니다.
※ 해당 아이템들은 정해진 확률에 따라 드롭되며, 아이템 드롭률 증가 효과가 적용되지 않습니다.
※ 보스 몬스터 난이도에 따라 드롭되는 아이템의 확률이 상이합니다.
7. 개선 등
- 소울 인챈터, 소울 더블 클릭으로 사용 가능하도록 변경
- 경험치 1.5배와 3배 아이콘 변경
- 황금 망치 사용 시 바로 사용되도록 개선
- 유니온 행운&유니온 부 게임 종료 시 버프 해제 안 되도록 변경
- 안드로이드 장착 슬롯 확장 : 무기/눈 장식/귀고리/반지 : 무기는 한손 무기 모션만 적용, 두손 무기만 가능한 무기는 착용 불가
- 출석 보상의 페어리 하트가 페어리 하트 교환권으로 변경
8. DirectX 11 적용 : 테섭에 우선 적용 후 이후 정식 서버 적용
9. 신규 사운드 거짓말 탐지기의 경우 시각적인 거탐을 풀기 힘든 유저들을 위해 추가한 것으로, 1:1 문의로 증빙 자료를 제출할 시 해당 사양으로 교체가 가능하다고 언급되었습니다
★캐시 관련★ : 관련 이미지 이후 가능하면 추가
캐시 이동 : 7/19 10시~7/26 10시
1. 마라벨 교체
2. 스라벨 교체 + 로얄 스타일 신규 코디
3. 3석펫 효과 변경
- 공/마 12->18
- 3세트 효과 활성화 시 아이템 획득 영역 증가
4. 트로피컬 스무디(바우처) 판매
5. 성쿠헤쿠 목록 등
: 신규 프리미엄 헤어 성형
■ 프리미엄 헤어 쿠폰의 목록이 변경됩니다.
- 목록 유지 기간 : 2024년 7월 18일(목) 점검 후 ~ 8월 13일(화) 점검 전
- 남자
· 새빛 바람 헤어(최초판매)
· 포멀 엘피 헤어, 리르크 헤어, 칠야 헤어, 머스캣 헤어, 새싹 샤인 헤어, 스페이드 헤어, 아쿠아 헤어, 봉봉 헤어, 슬우 헤어
- 여자
· 서린 이슬 헤어(최초판매)
· 볼륨 부시시 헤어, 뮤즈 헤어, 베이글 헤어, 울트라 뱅 헤어, 요거트 스무디 헤어, 보브 세란 헤어, 과일캔디 헤어, 달콤 사과 헤어, 아리아 헤어
■ 프리미엄 성형 쿠폰의 목록이 변경됩니다.
- 목록 유지 기간 : 2024년 7월 18일(목) 점검 후 ~ 8월 13일(화) 점검 전
- 남자
· 순수 디어 얼굴(최초판매)
· 울림 얼굴, 왜죠 얼굴, 자두 얼굴, 우왕 얼굴, 딜런 성형, 촉촉한 얼굴, 수줍은 얼굴, 콩콩이 성형, 샘물 얼굴
- 여자
· 순수 디어 얼굴(최초판매)
· 맑음 얼굴, 왜죠 얼굴, 자두 얼굴, 우왕 얼굴, 로잘리아 성형, 촉촉한 얼굴, 수줍은 얼굴, 콩콩이 성형, 샘물 얼굴
■ 캐시샵 패키지와 코디 상품이 업데이트 됩니다.
- 판매 기간 : 2024년 7월 18일(목) 점검 후 ~ 10월 16일(수) 오후 11시 59분
- 패키지
· 에메랄드 세공사 패키지(남/여) (최초 판매)
· NEW 토마토 패키지
· 단감 패키지
· 민트 스노우 패키지(남), 체리 스노우 패키지(여)
· 시원한 바다 패키지(남/여)
· 마린 보이 패키지(남), 마린걸 패키지(여)
· 핑키 마린보이 패키지(남), 핑키 마린걸 패키지(여)
· 달콤한 여름 패키지(남/여)
· 퍼펙트 하프물범 패키지
· 랄랄라 피슁 패키지(남/여)
· 예그리나 패키지(남/여)
· 하이패션 엘프 세트(남/여)
- 코디 아이템
모자 :
- 빠싹 튀김 모자, 타버린 튀김 모자, 튀기지 않은 튀김 모자 (최초 판매)
- 바삭 튀김 모자, 크왕 상어, 환상 해변가, 프로펠러 모자, 샬럿 왕골모자, 쿨썸머 스노쿨링
· 한벌옷 :
- 빠싹 튀김 옷, 타버린 튀김 옷, 튀기지 않은 튀김 옷 (최초 판매)
- 바삭 튀김 옷, 상어는 나다, 환상 해변가 수영복(남/여), 시스루 하트, 썸머 오프숄더, 쿨썸머 오렌지
· 신발 : 상어 슬리퍼, 환상 해변가 슈즈, 쿨썸머 오리발
· 망토 : 상어 꼬리, 샬럿의 정원
· 무기 : 책가방 속 러브레터, 생선의 지배자, 비치발리볼, 쿨썸머 보드
■ 캐시샵에 캐시 표창 ‘포이즌 표창’, ‘슈팅스타 표창’ 상품이 업데이트 됩니다. (상시판매)
★PC방 이벤트★
1. 7/18 점검 후~8/12까지 기존에 진행된 프리미엄 PC방 이벤트(코인샵+경험치50%)가 이어서 진행됩니다
2. 7/19 0시~8/13 접속 보상 이벤트 진행
-평일 보상
주말 보상
누적 보상
★신규 이벤트★ : ~8/12 진행
1. [정령의 감정] : <정령의 기억> 후속 이벤트
- <정령의 기억> 과 동일한 보상입니다  주간 EXP 교환권 3000 : 메이플ID 기준)
- 라이브에서 비슷한 느낌의 게임이나 난이도는 약간 낮춰졌다고 언급되었습니다
- <피할 수 없으면 즐겨라> 이벤트 업적의 경우 달성 조건이 '정령의 기억 또는 정령의 감정 누적 5000초 생존' 으로 변경되었고, 공식 릴리즈에 <
※ ‘[기억 속] 피할 수 있으면 즐겨라’ 업적은 정령의 감정에서도
이어서
참여할 수 있습니다.> 코멘트가 추가되었습니다
탄환을 피하며 보스를 공격, 퇴치하는 것이 메인입니다
2. [반 레온의 정예 검술] : <반 레온의 검술> 후속 이벤트
- 캐릭터당 30회 발동 가능한 레범몬 경험치 스킬 이벤트입니다
- 이전 반 레온 스킬의 경험치는 필드 몬스터 대비 135배였고, 후속 반 레온 스킬의 경험치는 160배입니다
3. [메이플 제로백]
- 메이플 ID당 일일 1개, 기간 내 최대 7회까지 참여 가능합니다
- 10~100레벨의 캐릭터를 제로백 캐릭터로 지정하여 101레벨까지 아주 빠르게 육성할 수 있습니다
- 101레벨 달성 시 메이플ID당 1회 이하 보상들을 수령할 수 있습니다
4. [버닝 익스프레스]
- 메이플 ID당 일일 1회, 레벨 범위 몬스터 1천 마리 퇴치 후 출석할 수 있습니다
- 놓친 출석은 3천 메이플포인트를 사용하여 1회 도장을 찍을 수 있습니다
- 출석 횟수에 따라 보상을 획득합니다
- 개근 시 총 극성비 3개, EXP 교환권 5500개 획득 가능
+ 이벤트 스토리(이벤트 맵 NPC 옆 포탈)를 에필로그까지 다 보았을 때 보상 의자
​
----------------------------------------------------
7추만 보내주시면 감사드리겠습니다"
https://www.inven.co.kr/board/maple/2304/40112,기타,7월테섭일정&3만캐시 추첨 이벤트 등 소식지,,2024-07-04 09:06,40762,41,"[수정 사항]
1. 오전 11시 20분 경 보시기 편하도록 포탈에서 본문으로 갱신하였습니다
-
안녕하세요
이 글은 묻는 분들이 계셨던 이번 테섭 이전 가볍게 봐주실 수 있는 내용을 모은 것입니다
잘못 적은 부분은 말씀해 주시면 감사히 수정합니다
[7월 테섭 날짜 관련]
일단 정식 서버 업데이트가 7/18(목)이고, 마스터리 코어 추가와 리마스터가 진행될 때를 제외하면 항상 1주 테섭이었기 때문에 7/11(목)이 여전히 유력(소위 정배)합니다. 신규 보스인 림보가 나오기 때문에 최근의
신규 보스 테섭 일정도 확인해보았으나 1주였습니다 : 카링과 스우 리마스터 업데이트
다만 이번에 오늘 아닌가 하는 말들이 나오는 것이 6/27(목)에 시작돼서 오늘 끝나는 macOS 관련 테스트 서버 공지사항 때문인데 이것만 봐서는 점검 이후 새 업데이트가 언제인지는 확인하기 힘들어 보입니다
물론 테섭 일정이야 수요일에도 기습적으로 뜬 적이 있었던 만큼 유저들이 이렇다 확정할 수 없기 때문에 어디까지나 이전에 비추어 볼 때 유력하다라고만 참고로 봐주시는 게 최선이겠습니다
[7/18 정식 서버 업데이트 예고됐던 내용들]
1. 신규 보스 <림보> 출시 : 최상위 보스
- 285 이상 캐릭터로 노멀 또는 하드 난이도 도전 가능
- 초현실적인 공간들을 오고 가는 전투가 진행될 것
- 보상 : 에테르넬 새 부위 신발, 망토, 장갑
- 칠흑 상위 카테고리인 광휘의 보스 장신구 : 근원의 속삭임 드롭
2. HEXA 스탯 II 개방
- 265 이상, 헥사 스탯 I 코어 레벨 20 이상 캐릭터로 개방 가능
- 오픈 비용이 I 보다 비쌀 것
3. 익셉셔널 강화 개편
4. 보스 연출 스킵 기능 추가
- ESC 버튼으로 스킵 가능
5. 버프 표시 설정 개선
- 내 직업/다른 직업/공통/아이템 4가지 분리&즐겨찾기, 편집 기능 제공
[남은 스페셜 썬데이 메이플]
[주요 일정]
- 7/4 10시 종료 : <월드 리프>
- 7/17 23:59 일괄 종료
<골드리치의 비밀 금고>
<스타포스 스테이지>
<정령의 기억>
<반 레온의 검술>
<PC방 기프트 샵(PC방 코인)> + 경험치 50% 이벤트
- 7/18 : 7월 정식 서버 업데이트 일자
- 7/18 23:59 종료 : <PC방 누적 보상> 이벤트
- 7/23 : 제주도 메이플 카페 오픈
[넥슨 30주년 신규 추첨 이벤트]
7월과 8월에 참여 가능한 신규 추첨 이벤트가 진행 중입니다
https://enter.nexon.com/30th/avatar/
+ 쇼케에서 예고됐던 8월 이후 업데이트 내용은 덧글에 첨부합니다
-------------
4추만 보내주시면 감사드리겠습니다"
https://www.inven.co.kr/board/maple/2304/40082,실험,자동 펫버프에 메용 넣으시는 분들 필독,,2024-07-02 08:26,72283,37,"안녕하세요 엘리시움에서 아란을 키우고 있는 유저입니다.
많은 유저분들께서는 펫이 자동으로 버프를 사용해주는 ""버프 스킬 자동 사용"" 기능을 사용하고 계실겁니다.
저도 그렇구요.
그런데 모든 직업이 필수적으로 사용하는 스킬 두 종류,
""쓸만한 컴뱃 오더스""와 ""메용류 버프""를 펫 자동버프에 넣어버리면 손해를 본다는 사실 알고계셨나요?
사실 저는 이번 실험을 처음 진행하게 된 이유가 펫 자동버프에 순서만 잘 맞춰서 넣어주면 자동버프를 이용하더라도 손해가 없을 것이라고 생각해서였었는데
실제론 그렇지 않았습니다.
아래 사진을 통해서 설명해보겠습니다.
제가 평소에 사용하고 있던 펫 버프창을 가져와봤습니다. 별 생각 없이 넣었었는데 펫이 시전해주는 버프의 순서를 보니 메용을 먼저 사용하고 쓸오더를 사용하는 듯한 모습이네요.
버프 아이콘의 순서를 보니 시전하는 순서는 다음과 같아 보입니다.
""아하! 그러면 메용이 쓸오더보다 뒷 번호에 위치하게 넣으면 문제 없겠구나!""
저도 원래 이렇게 생각했고 이걸 팁이라고 알려드리려고 글을 쓰게 되었는데 막상 실험을 해보니 결과가 이상했습니다.
자동 펫버프의 순서를 바꿨고 버프창에서도 쓸오더 이후에 메용이 사용된 것 처럼 보입니다.
그럼 스탯창을 비교해볼까요?
(전)
(후)
???
펫 버프의 순서를 바꿨는데도 스탯에 변화가 없었습니다.
전 그래서 처음에 제가 모르는 사이에 패치가 되어서 그냥 아무렇게나 버프를 사용해도 쓸오더의 효과를 받을 수 있게 변경되었나 했습니다.
그래서 메용을 수동으로 끄고나서 다시 사용해봤습니다.
?????
역시 그런 패치는 없었습니다... 그냥 펫 버프에 메용을 넣고 사용하는 순간 모두가 손해를 보고 있었던겁니다...
결론: 메용은 펫 버프에 안넣고 수동으로 사용하거나, 펫 버프에 넣었다면 처음 사용했을때 수동으로 한번 껐다켜주자...
+) 참고로 아란은 해당사항 없지만 쓸오더의 효과를 받는 버프류들은 다 이런식으로 작동할 것으로 보입니다. 메용이외에도 쓸오더의 효과를 받는 버프를 사용하는 직업 유저 분들은 다 수동으로 한번씩 껐다켜주는 것을 추천드립니다.
아마 제가 처음 쓴 팁은 아닐거라고 생각합니다, 이미 알고 계시던 분들도 계실꺼구요. 다만 팁게에서 검색을 해봤을때 적어도 요 근래에는 다뤄진 적이 없는 팁인 것 같아서 작성해보았습니다.  유용한 정보였으면 좋겠습니다.
이런건 그냥 패치 좀 해주라...."
https://www.inven.co.kr/board/maple/2304/39987,기타,아케인심볼 강화 비용 순위 정리,,2024-06-25 18:55,76019,24,"심볼을 많이 뿌리는 상황에서
심볼업을 할때
비용순으로 정리해봤습니다.
현재 아케인심볼 강화비용 :
아케인심볼
여로
츄츄
레헬른
아르카나
모라스
에스페라
1
970,000
1,210,000
1,450,000
1,690,000
1,930,000
2,170,000
2
1,230,000
1,530,000
1,830,000
2,130,000
2,430,000
2,730,000
3
1,660,000
2,060,000
2,460,000
2,860,000
3,260,000
3,660,000
4
2,260,000
2,800,000
3,340,000
3,880,000
4,420,000
4,960,000
5
3,060,000
3,780,000
4,500,000
5,220,000
5,940,000
6,660,000
6
4,040,000
4,980,000
5,920,000
6,860,000
7,800,000
8,740,000
7
5,220,000
6,420,000
7,620,000
8,820,000
10,020,000
11,220,000
8
6,600,000
8,100,000
9,600,000
11,100,000
12,600,000
14,100,000
9
8,180,000
10,020,000
11,860,000
13,700,000
15,540,000
17,380,000
10
9,990,000
12,210,000
14,430,000
16,650,000
18,870,000
21,090,000
11
12,010,000
14,650,000
17,290,000
19,930,000
22,570,000
25,210,000
12
14,260,000
17,360,000
20,460,000
23,560,000
26,660,000
29,760,000
13
16,740,000
20,340,000
23,940,000
27,540,000
31,140,000
34,740,000
14
19,450,000
23,590,000
27,730,000
31,870,000
36,010,000
40,150,000
15
22,420,000
27,140,000
31,860,000
36,580,000
41,300,000
46,020,000
16
25,630,000
30,970,000
36,310,000
41,650,000
46,990,000
52,330,000
17
29,100,000
35,100,000
41,100,000
47,100,000
53,100,000
59,100,000
18
32,830,000
39,530,000
46,230,000
52,930,000
59,630,000
66,330,000
19
36,820,000
44,260,000
51,700,000
59,140,000
66,580,000
74,020,000
하버X 강화순위 :
본섭 하이퍼버닝 강화순위:
버닝섭 하이퍼버닝 강화순위:
심볼 업에 따라 보스 포뻥도 이미지에서 확인가능하게 추가하려고 했으나 애매해서 뺐습니다..
아케인리버 보스 포뻥 :
540 - 루시드 1.5배
840 - 이지윌 1.5배
1095 - 더스크 1.5배
1140 - 윌 1.5배
1230 - 노진힐 1.5배
1275 - 듄켈 1.5배
1350 - 하진힐 1.5배"
https://www.inven.co.kr/board/maple/2304/39985,사냥,버닝섭 아이템버닝 260 후기+스펙업팁및 꿀팁 공개! + 펀치킹 추가,탠서,2024-06-25 16:24,84744,27,"안녕하세요. 인터넷 방송하는 탠서 입니다.
버닝섭 260 찍어왔습니다. (피시방+황금마차 EXP 안썼습니다.)
찍은대로 팁과 꿀팁같은걸 알려드리면 육성에 조금이나마 도움될까 이렇게 글을씁니다.
먼저 사냥터 루트 입니다.
1~200 튜토리얼과 테라블링크
200~230 황금딸기농장 티켓 + 모라스까지 길뚫기 (230못찍으면 레헬른=춤추는구두점령지/아르카나=물과햇살의숲 으로! 직업마다 다를순있지만, 제가 가봤던곳중엔 제일좋았음)
230~233 [모라스]그림자가 춤추는곳2
(자리없으면 폐
쇄
구역2~3)
+ 여로/츄츄/레헬른/아르카나/모라스 일일퀘스트
233~236 여기서 중요! 정령의기역 미니게임 하고 EXP쿠폰 3000개 모아서 쓰기(233~236까지 업하는데 거의딱 3000개 들어요!)
236~242 아르카나 진입/일일퀘스트 + 몬파 끝나면 다시 [모라스]그림자가 춤추는곳2 가기 (자리없으면 폐쇄구역2~3)
242~245 [셀라스]끝없이 추락하는 심해3
245~257
[셀라스]끝없이 추락하는 심해3 +
[문브릿지] 사상경계6 (버닝더 높은곳 추천)
257~260 [리멘]세계가 끝나는곳 2-5
일단 저같은경우 스피드런이기에 빌드를짜서 진행했는데 최대한 빠르게 셀라스 끝추심3 가는게 목표였습니다.
이유는 자리경쟁때문이죠... 그춤2같은경우 많은사람이 긁고가거나 무시하고 같이사냥해버리거나, 스틸하기가 일수입니다.
그래서 최대한 빠르게 242까지 찍고 셀라스쪽사냥터를 이용하신다면 그나마 스틸이 덜하더라구요. (매년버닝섭 경험임)
저도 239에서 자리도없고, 자리구해도 스틸들어오길래 한 20%남았을땐 편하게 폐쇄구역에서 잠깐했습니다.
셀라스부턴 스틸은없고, 문브릿지/고통의미궁/리멘 을 빠르게 진입해서 일일퀘스트를 받을수있게 하는게 목표였습니다.
문브릿지/고통의미궁/리멘 일퀘만 해도 거의 1개당 2퍼 넘게주기에 무시못할 경험치량이죠.
몬스터파크 같은경우, 1일차=에스페라 / 2일차 = 문브릿지 / 3일차 = 고통의미궁 / 4~5일차 리멘 으로 갔습니다.
(몬파는 최대한 렙업후 제일 마지막이 좋아요)
추가로 리버스시티/얌얌아일랜드 저는 안했습니다.
너무 오래걸리기도하고, 클리어보상도 여로/츄츄일퀘시 심볼2배 인거라 경험치량과는 무관하기에 제외했습니다.
(원래는 하는게 좋아요ㅋㅋ)
마지막으로 극성비는 248때 먹는게 제일좋은거같아요
(251이상 찍은사람들은 참고하세요! 극성비 효율 251 = 64.725% / 254 = 59.232% / 257 = 54.206% 입니다.)
이제 아이템 버닝 입니다.
당연히 이지루시드 1인격파 까지 다 클리어를 했고, 1~5차까지 레벨대와전투력 클리어 시간알려드릴게요.
카오스 자쿰 : 227렙 / 전투력140만 /
클리어시간 : 약1분 (VIP버프 안쓰고감)
카오스 벨룸 : 236렙 / 전투력 301만 / 클리어 시간 : 약3분
카오스 파풀라투스 : 236렙 / 전투력 측정불가(안보고감ㅈㅅ;;) / 클리어시간 : 약4분 (아이템버닝2차강화만 하고감)
노말 스우 : 236렙 /
전투력 586만 /
클리어 시간 : 약9분 (
아이템버닝3 차강화만 하고감)
노말 가디언엔젤 슬라임 : 239렙 / 전투력693만 / 클리어시간 : 약 20분30초 (중간에 칭호 잘못껴서 교체한거 생각하면 10분대 클리어 가능)
이지 루시드 : 260렙 / 전투력 1050만 / 클리어시간 : 약 14분 20초
여기서 전 영웅칭호를 쓰고 깻는데, 250 이터널플레임칭호만 껴도 충분히 깨실수있습니다.
클리어 힘들다 못깨겠다 하시는분들! 레벨업을 하셔서 경코젬을 받고, 스펙업하시구 깨세요.
컨트롤로 깨나, 스펙올려 딜찍누로 깨나 깨는건 똑같습니다. 무리하게 잡지마세요! (저도 전부 이정도면되겠다는 스펙으로 1트에 다깸)
이제 장비공개 입니다.
사진으론 못찍었는데 무기 위블퀸 방무 7% 입니다.
이제부턴 몇가지 스펙업 팁을 말씀드릴게요
1. 시그너스 아무거나 130육성후 길라잡이에서주는 익성비3개 사용해서 150찍고 여제의 축복받기 (150찍고 나인하트한태 가서 고귀한정신 6번 퀘스트 받고클리어 해주면됨) (전에 보신분들은 아시죠? ㅎㅎ)
2. 연합퀘스트 클리어하기
(짤막한 스토리보는건데 빨리클리어 가능하고, 올스텟5/공마5 짜리 스킬을줌)
3. 아란만가능!!! 크로스헌터1 퀘스트중 마하퀘스트의 폴암조각 줍는거 하면 얻을수있음!
하는데 15~20분 걸리지만 공짜스펙업은 참을수 없습니다.
4. 안드로이드/리튬하트 얻기! (매우중요) 현재 버닝섭에선 골드애플에서 나오는 [타임로이드]가 유일한데, 아닙니다.
차원의 도서관 에피소드7 클리어시 아샤로이드와 리튬하트를 줍니다.
그닥 어렵지않고, 올스킵시 15분쯤 걸렸던거같아요.
리튬하트는 금/토/일 흔적피버타임에 70%완작 쳐주면 아주달달쓰 합니다.
5. 이그노어 가드 찍자.
본섭에선 쳐다도 안보는 이그노어 가드입니다.
하지만 버닝섭에선 방무가 부족하기에 비욘더 이그노어가드 달아두면 생각보다 딜이 잘박히는걸 볼수있을겁니다.
물론 본섭으로 오시게된다면, 다시 초기화 할태지만 버닝섭할땐 올려봐도 좋은스킬인건 확실합니다.
5. 코인물품 추천 (전 카르마에디잠재 추천합니다.)
2000마리를 잡을때마다 1500코인을 주고 총3번 가능하니 4500개의 코인을 받습니다.
미세먼지팁!! 창섭 디렉터가주신 쇼케이스 상자를 까면 1000개더줌
여기서 제가 추천드릴껀, 황금딸농 쿠폰 5장은 꼭사기를 권장드리고, 아란/은월이신분들은 카르마 에디잠재를 추천드리고, 하이퍼버닝캐릭이 그이외면 카르마 유니크잠재를 추천드립니다.
아란/은월은 개화월영 이벤트로 유니크엠블렘을 얻기에 거기다 에디에픽잠재를 바르시구,수에큡으로 공6% 띄우는게 제일좋은방법같아요.
다른캐릭분들은 먼저 유니크 잠재를받고, 다음주에 카르카에디에픽잠재를 받고, 수에큡으로 돌리는걸 추천드립니다!
물론 저는 이렇게 추천하지만, 다른방법도 무궁무진하게 많다고 봅니다.
[활용]에 정답은 없으며, 위방법이 아닌 다른방법으로 스펙을올렸다면, 그또한 결국은 스펙업이기에 큰문제또한없다고 생각합니다.
6. 길드는 노블없어도 필수입니다
노블레스 스킬같은경우, 물론 어마어마한 성능을 보여주지만, 일주일후에 할수있다는 단점이 있습니다.
그래서 길드에 안들어가려하시는분들도 있는데,
버닝섭에선 노블이외에 스킬들 때문에 길드에 들어가는걸 추천드립니다.
길드스킬 중에는
공격력과 마력을 20 올려주는 길드의 축복 20개
(나중에 더큰축복주는데 그건 공마30 )
공격력과 마력을 올려주는 매운맛스킬 (3까지 있는데 합치면 공마15올려줌)
링크도 없는서버에서 라라 뺨치는 일몹뎀 12%증가
링크도 없는서버에서 해적뺨치는 올스텟40+HP 2000증가 등
노블레스 스킬만 없지 아주 낭낭한스킬들이 많아요. 길드는 선택이 아닌 필수 입니다.
일주차에 최대치로 잡은 보스입니다.
하드데미안 / 노말 가엔슬 / 노말윌 / 노말 더스크 / 노말 듄켈 까지 클리어 했습니다.
노말 윌 포뻥 : 1.1배 840 / 1.3배 990 / 1.5배 1140
노말 더스크 포뻥 : 1.1배 805 / 1.3배 950 / 1.5배 1095
노말 듄켈 포뻥 : 1.1배 935 / 1.3배 1105 / 1.5배 1275
하드데미안은 4인
윌/더스크는 1.3배 3인
듄켈은 1.1배 4인으로 가서 클리어 했습니다.
보상은 개쓰렉 ㅠㅠ
이제 아란 버닝섭 260 후기 입니다.
이미 테섭에서 해보고 리뷰를 한번 했었는데, 그떄와 한번 비교하자면 생각보단 재밌었지만 그건 아란이라는 캐릭터가 재밌다기보다, 새로운컨텐츠인 아이템버닝이나 버닝서버 자체의 즐거움 때문에 아란이 괜찮게 느껴지는거같습니다.
제가 아란하면서 느낀점이 스킬의 시간계산과 콤보시스템의 치명적 약점입니다.
아드레날린 상태에서 초각성 사용후 라스트 스탠드를 쓴다? 여기까진 문제가 없는데, 이후 준극딜 상태에선 초각성과 라스트 스탠드가 없습니다. 그럼 1분30초안에 1000콤보를 채우고 아드레날린 상태로 만든다음
아드레날린서지와 부스터엔드 헌터즈 타켓팅만 써야하는데 애초에 너무 조건부입니다. 콤보를 추가로 채우는스킬은 블리자드 템페스트밖에 없고,  쿨될때마다마다 브랜디쉬마하 써주긴하지만, 이외에 스킬들로 도망가는보스or 사라지는보스or 패턴보스를 상대로 1000콤보를 채우기 어려웠으며, 실질적으로 파티원들과 극딜을 할때 초각성이 아닌 아드상태에서의 준극딜만 넣게되는경우도 많았습니다.
콤보시스템 자체를 활용해야 하는데, 콤보시스템에 딸려가는느낌이 컸다라고 생각하면 될거같아요.
솔플을 지향하시는분들한탠 괜찮을거같아요. (극딜만큼은 엄청 쌔긴합니다. ㅎㄷㄷ)
6차 오리진까지는 해봤지만, 마스터리코어도 안찍었기에 그부분은 참고부탁드립니다.
조만엔 유튜브도 편집후에 업로드 예정이니, 도움이되었으면 좋겠네요.ㅎ
#추가
펀치킹 궁금하신분들을 위해 방금치고왔습니다."
https://www.inven.co.kr/board/maple/2304/39958,기타,[~7/11]다음 테섭 등 일정 소식지&주요 내용 QNA : 하버 극성비 등,,2024-06-23 20:29,37964,39,"[수정 사항]
1. 일부 내용 보충
-
안녕하세요
이 글은 다음 테섭(7/11)까지의 보실 만한 주요 일정과 질문이 많았던 내용을 간략히 모은 것으로 필요에 따라 봐주시면 좋은 내용들입니다
혹시 업데이트 요약 필요하신 분들께선 링크 글 봐주시면 됩니다 :
https://www.inven.co.kr/board/maple/2304/39854
잘못 적힌 부분은 말씀해 주시면 감사히 수정합니다
[빈출 질문]
- <아이템 버닝>의 마지막 미션인 챌린저스 미션의 보상 솔 에르다 조각의 개수는 100개입니다. 공식 이벤트 페이지에서 목요일 기준 200개로 표기되었다가 금요일 오전 11시 8분에 맞는 개수인 100개로 수정되었습니다
-
<버닝 월드>의 <하이퍼 버닝>, <개화월영 하이퍼 버닝> 250 보상인 메이플포인트도 각각 메이플ID당 1회씩 수령 가능합니다(둘 다 250 달성 시 총 6만 메포)
. 본섭 오면서 추가된 제약이 따로 없어서
생략했었는데 아직 질문 주셔서 덧붙입니다
- <메이플 스케줄러> <이벤트 알림이> 둘 다 키세팅에 퀵슬롯 버튼 있습니다
- <하이퍼 버닝> 캐릭터에게 먹일 수 있는 태성비, 극성비, 초성비는
6월 20일 업데이트 이후 시작된 이벤트의 보상
으로 획득한 것에 한합니다. : 이에 따라 <슈피겔라의 황금 마차>는 5/9 시작된 이벤트기 때문에 황마에서 얻는 비약은 버닝 캐릭터에 사용이 불가능합니다
- 하버 캐릭터가 사용 불가능한 비약 툴팁 :
<슈피겔라의 황금 마차> 보상 비약
: 황금 마차는 5/9 시작된 이벤트이므로 사용 불가
- 하버 캐릭터가 사용 가능한 비약 툴팁 : <잊힌 기억의 서>&<축제 기록 보관소> 등 보상 비약
[썬데이 메이플]
★목요일 0시 초기화 전 체크 사항★
+ 여름 이벤트 초기화 : 미니 게임 / 출석 / 펀치킹 이번 주 수행 확인
* 심화 출석의 경우 UI에서 텍스트에 마우스 올리면 참여 횟수 확인할 수 있음
* 펀치킹 경험치는 월드당 수령 가능합니다(코인은 메이플ID당)
+ 심화 출석 코인샵 물품 구매 확인 :
화에큐&딸기농장 티켓
&모몽 등 목요일 0시 재입고
+ <PC방 코인샵> : 여름 코인샵과 동일하게 물품 재입고 전 구매 확인 / 코인 획득 제한 초기화(보유 코인은 유지)
[주요 일정]
- <빅토리아컵> 코인샵 : 일요일 23:59까지 이용 가능!!!
- <슈피겔라의 황금 마차> : ~6/26 23시 59분 : 보상 수령, 출석
- <빅토리아컵 기프트샵> 마지막 당첨자 발표  : 6/27
- <레이디 블레어의 드림 익스프레스(캐시 이동)> : ~6/28 10시
- <넥슨 30주년 이벤트> 30만 캐시 응모 : 6/30
*
https://enter.nexon.com/30th/nexoncash/
- <월드 리프> : ~7/4
- 유력 테스트서버 일자 : 7/11 : 보스 림보&헥사스탯 2&보스 연출 스킵 기능&버프 표시 설정 개선 등
- 7/17 23:59 일괄 종료
<골드리치의 비밀 금고>
<스타포스 스테이지>
<정령의 기억>
<반 레온의 검술>
<PC방 기프트 샵(PC방 코인)> + 경험치 50% 이벤트
* <PC방 누적 보상> 이벤트는 7/18까지
- 7월 정식 업데이트 예정 일자 : 7/18
-------------
2추만 보내주시면 감사드리겠습니다"
https://www.inven.co.kr/board/maple/2304/39875,아이템,(공지수정됨)[화에큐]본섭 오면서 바뀐 이벤트 보상 관련 사항들,,2024-06-20 15:26,31723,14,"[수정 사항]
1. 아이템 버닝 조각 개수 관련 공지사항이 금요일 오전에 수정되어 반영합니다
챌린저스 미션 완료 보상 중 솔 에르다 조각의 개수가 잘못 표기되어 있어 이를 수정하였습니다.
(기존) 솔 에르다 조각 200개 -> (변경) 솔 에르다 조각 100개
(2024/6/21(금) 오전 11시 8분 수정)
안녕하세요
6/20(목) 정식 서버 업데이트로 변경된 사항들이며 특히 화에큐의 경우에는 매주 구매하셔야 하는 만큼 꼭 확인하셔서 잊으시는 일 없으시길 바라겠습니다
[이벤트 관련 변경 사항]
1. 레범몬 심화 출석 코인 개수 : 기존 1회 출석 시 코인 1000 개에서 1500개로 증가
: 1주에 최대 3회까지 참여 가능하여 1주 최대 3000개에서 4500개로 증가
: 기간 내 총 21번(7주) 참여 가능하다는 설명 추가되어 총 31500개 획득 가능합니다
+ 쇼케이스 보상 상자는 1000개 동일합니다
2. <잊힌 기억의 서(기본 출석)>의 화에큐 변경 사항
1) 기본 출석 보상(접속 출석) 33회 보상의 화에큐 20개가 카르마 명큐 30개로 교체되었습니다
2) 이 대신 축제 기록 보관소(레범몬 심화 출석 코인샵) 에 화에큐가 추가되었습니다
:
가격 코인 400개 /
메이플 ID당 주간 3개 구매 가능 : 잊지 말고 매주 구매!
3. 코인샵 수에큐 가격 : 기존 100개에서 50개로 하향
4. <아이템 버닝> 마지막 미션 보상 조각 개수 : 100개 -> 200개
공지사항 수정 :
챌린저스 미션 완료 보상 중 솔 에르다 조각의 개수가 잘못 표기되어 있어 이를 수정하였습니다.
(기존) 솔 에르다 조각 200개 -> (변경) 솔 에르다 조각 100개
(2024/6/21(금) 오전 11시 8분 수정)
-----------------
6/20 업데이트 전체 요약 보러 가기 :
https://www.inven.co.kr/board/maple/2304/39854"
https://www.inven.co.kr/board/maple/2304/39864,퀘스트,이색장소/도서관 정상 (이벤트 업적)  위치 공략,,2024-06-20 11:55,55501,21,"수익창출 X
이벤트맵 하단 도서관장 탈레스에게 말을 걸어서 시작
윌
리엔- 리엔 도서관 1층
힐라
커닝시티-도적의 아지트
반레온
엘나스-눈덮인 언덕
호기심 많은 정령 (오르카)
판타스틱테마파크 - 익스트림 스테이션 <2>
정문에서 오른쪽 포탈 타고
판타스틱테마파크 - 익스트림 스테이션 <2>까지 이동
아카이럼
시간의 신전 -
시간의 신전
+
<도서관 정상에 서 본 자>
보상
의자- 업적을 통해 획득 가능 (이벤트 퀘스트 받으면 바로 깨짐)
이색장소- 초록색 묘안석 (진힐라 상징)
숨겨진 정상- 빨간색 장미보석 (반레온 상징)
+ 추가
인벤토리에서 진열장 의자 우클릭시
오너먼트 장착 UI가 뜨고 드래그앤드랍으로 장착 및 위치 변경이 가능합니다"
https://www.inven.co.kr/board/maple/2304/39854,기타,[변경사항 반영]6/20 패치 압축 요약 :이벤트 등,,2024-06-20 02:20,53525,40,"[추가/수정 사항]
1. 연장 : 10시 -> 11시
2.
[메인 이벤트 관련 변경 사항]
1. 레범몬 심화 출석 코인 개수 : 기존 1회 출석 시 코인 1000 개에서 1500개로 증가
: 1주에 최대 3회까지 참여 가능하여 1주 최대 3000개에서 4500개로 증가
: 기간 내 총 21번(7주) 참여 가능하다는 설명 추가되어 총 31500개 획득 가능합니다
+ 쇼케이스 보상 상자는 1000개 동일합니다
2. <잊힌 기억의 서(출석)> 관련 화에큐 변경 사항
1) 기본 출석 보상(접속 출석) 33회 보상의 화에큐 20개가 카르마 명큐 30개로 교체되었습니다
2) 이 대신 축제 기록 보관소(레범몬 심화 출석 코인샵) 에 화에큐가 추가되었습니다
: 가격 코인 400개 / 메이플 ID당 주간 3개 구매 가능 : 매주 잊지 말고 구매!
3. 코인샵 수에큐 가격 : 기존 100개에서 50개로 하향
4. <아이템 버닝> 마지막 미션 보상 조각 개수 : 100개 -> 200개
챌린저스 미션 완료 보상 중 솔 에르다 조각의 개수가 잘못 표기되어 있어 이를 수정하였습니다.
(기존) 솔 에르다 조각 200개 -> (변경) 솔 에르다 조각 100개
(2024/6/21(금) 오전 11시 8분 수정)
-------------------------------------------
-
안녕하세요
이 글은 요청에 따라 오늘의 업데이트(마일스톤 1차)의 전체 내용을 간략히 보실 수 있게 한 것입니다. 필요하신 분들께서 봐주시면 감사합니다
1.
6/20(목) 점검 시간과 관련 사항들 : 시간 지나 삭제
2. 캐시 관련 사항 간략히 보기
3.
점검 이후 이벤트 간략히 보기
4. 점검 이후 변경 사항 간략히 보기
5. 7월 업데이트 예정 사항 간략히 보기
만약 전체 보상 등 처음부터 끝까지 자세히 정리된 글이 필요하시면
https://www.inven.co.kr/board/maple/2304/39826
봐주시면 됩니다
잘못 적힌 부분은 말씀해 주시면 감사히 수정합니다
★ <빅토리아컵> 코인샵은 일요일까지 이용 가능합니다
★ 업데이트 이후 개봉 가능한 마이크의 선물 상자 구성품
[업데이트 이후 캐시 관련 간략히 보기]
1. 커믹염/커믹렌 판매
2. 올스타 초이스 헤쿠성쿠 판매
3. 메포 10% 추가 지급 패키지 판매
4. 뷰티 썸머 어워즈 헤쿠성쿠 판매 : 목록
https://www.inven.co.kr/board/maple/5974/3797401
5. 신규 로얄 스타일 판매
6. 모험가/시그너스/영웅 일러스트 패키지 판매
7. 솔 에르다/부스트 링 등 패키지 판매
8. 프리미엄 성쿠헤쿠 목록 교체
9. 캐시 이동 : 6/21 10시~6/28 10시
[PC방 이벤트 일정 일람]
- 상시 주흔 피버, 보스 솔 에르다 증가 등 혜택 상향 : 6/20 점검 후~
- 코인 드롭, 경험치 50% 증가 이벤트 : 6/20 점검 후~7/17
- 현재 진행 중인 접속 보상 이벤트 : 6/20 23:59까지
- 후속 접속 보상 이벤트 : 6/21 0시부터
[점검 이후 이벤트 간략히 보기]
이벤트 알림이 개편 : 펀치킹 맵, 미니 게임 맵 등 알림이를 통해 이동 가능
1. [~10/16] :
<하이퍼 버닝>&<개화월영 하이퍼 버닝(아란or은월)>&<아이템 버닝>
- 하이퍼 버닝 2개는 각각 메이플 ID당 1회씩 생성 혹은 지정(200 이상)가능
-
테라 블링크와 레벨 달성 보상 수령도 하이퍼 버닝 캐릭터로 각각 가능(메포도 제약 없음)
- <아이템 버닝>은 넥슨 ID당 1회 가능
: 신규 하이퍼 버닝 캐릭터로 200레벨 달성 후 에르다스 퇴치 퀘스트 후 캐릭터 등록하여 장비 수령
- 최종 강화 기준 18성 3카 5앱 수준, 10/31까지 사용 가능
2. [~10/16] : <버닝 월드>
- 메가 버닝 3개, 최대 캐릭터 5개까지 육성 가능
- 7/18부터 사전 리프 시작
- <버닝 월드 스텝업>이 삭제되고 장신구 보상 등이 버닝 월드 하이퍼 버닝 보상으로 이동되었습니다
3. [~8/12] : <개화월영 비급>
- 아란, 은월 육성, 출석 이벤트,
펀치킹 랭킹 이벤트
- 아란, 은월 서로 이벤트가 나누어져 있어 각각 수행, 보상 수령할 수 있습니다
- 단, 230 칭호는 두 직업 통틀어 1회만 수령 가능 : 칭호는 신규 보상 중 유일하게 창고 이동 가능으로 지급
- 이번 이벤트에서 유니크 엠블렘 상자 얻을 수 있는 유일한 이벤트(신규 출석 보상)
- 모든 아란, 은월 유저 대상 치장템 출석 레범몬 일일 1천 마리 : 총 10일
[~8/12 : 기억 속의 한 페이지(여름 메인 이벤트)]
- 전반적으로 메할일 줄어듦
★ 일일 1회 : 접속 후 일일 출석
★ 주간 1일 몰아서 가능 : 심화 출석/펀치킹/미니 게임 참여
- 경험치 잠수, 응모 이벤트는 없습니다
- 딸기 농장은 코인샵 물품으로 이전됨
- 큐브 개수와 위치
수에큐 : 출석 코인샵 200개
블큐 : 펀치킹 코인샵 30개
화에큐 : 심화출석 코인샵 1주 3개 + 펀치킹 코인샵 30개
1. ★
<잊힌 기억의 서 : 기본 탐구> : 일일 출석 : 접속 후 출석 버튼 클릭
-
일일 1회, 1주 최대 5회 : 최대 35회
- 일일 보상 : 3배 경쿠 (30분) 3개 / 전투력&콘텐츠 보약 SP 5개씩
- 보상 전체 보기 :
https://upload3.inven.co.kr/upload/2024/06/18/bbs/i1599413993.jpg
- 메이플 ID 공유 진행 : A 월드에서 출석 후 B 월드에서 보상 수령 가능
2. ★ <잊힌 기억의 서 : 심화 탐구> : 주간 출석 : 접속 후 레범몬 퇴치
-
1회 2천 마리, 주당 최대 3회까지, 하루에 3회 몰아서 하기 가능
- 완료 보상 : 1회 완료 = 코인샵 코인 1500개 : 7주 진행 시 최대 31500개+쇼케 선물 1000개
- 코인샵 코인 외 다른 보상은 없습니다
- 진행 상황 메이플 ID 공유
3. ★ <비밀 기록 탈환> : 주간 펀치킹(보스 코인 병합)
- <심화 탐구> 1회 완료 후 참여 가능
- 보상 : 매주 경험치는 월드당 수령 가능 / 코인은 메이플ID당 수령 가능(단, 수령 시 월드 내 귀속)
- 펀치킹을 마친 후 코인만 받거나, 경험치만 받거나, 둘 다 한 번에 받을 수 있습니다
* 펀치킹 끝나고 각 선택지 고를 때 유의
- 보상을 받은 이후 재도전하여 더 높은 점수를 기록한 경우
1) 경험치는 앞서 경험치를 수령한 캐릭터로만 추가 수령이 가능합니다
2) 코인은 모든 캐릭터로 추가 수령이 가능합니다
4. <아스완 무녀의 축복> = 보약 버프 = <궁극의 콜라보>
- <궁극의 콜라보> 처럼 구매 기능 있습니다
- SP 찍는 건 월드당이므로 <버닝 월드>와 일반 월드 다르게 찍기 가능
5. <정령의 기억>
= 총알 피하기 EXP 미니 게임 : 1주 1일 ~7/17
- 주당 최대 EXP 교환권 3000개 획득 가능
6. <반 레온의 검술> = 레범몬 스킬 = 다크로드 스킬 : ~7/17
- 300마리 퇴치 시 발동, 캐릭터당 최대 30회까지 발동 가능 : 피버 경험치 135배
7. <골드리치의 비밀 금고> : ~7/17
- 각각 황금 금고 1회 / 다이아 금고 1회 / 둘 다 1회씩 응모 보상
- 황금 금고 당첨 보상
https://upload3.inven.co.kr/upload/2024/06/18/bbs/i1977422480.jpg
- 다이아 금고 당첨 보상
https://upload3.inven.co.kr/upload/2024/06/18/bbs/i1656066854.jpg
8. <스타포스 스테이지> 오픈 : ~7/17
----------- 8/13(화)부터 비슷한 볼륨의 가을 이벤트 2달 진행 예정
[<투명 도형 찾기> 매크로 탐지 시스템 사냥에서도 발동]
* <메이플 NOW> 때 공식적으로 공개 됐던 시연 영상의 캡처입니다
[점검 이후 변경&개선&신규 사항 간략히 보기]
1. <V 매트릭스> 개선 : 최초 개방&최대 개방 슬롯 개수 상향 / V코어 500개로 코어 선택 제작 가능
2. <200 이하 성장 동선 개선&길라잡이> 개선
- [메인]으로 분류된 퀘스트들의 동선, 조건, 불편함 개선, 맞는 레벨대에 유의미한 경험치로 상향
3. <에픽 던전> 보너스 보상 선택지 확장
&퀵패스 추가
4. <메이플 스케줄러> 추가 : 일간/주간/보스 현황 등록 가능, 일퀘 일괄 시작, 완료 기능 추가
5. 스킬 매크로 UI 개선 : 스킬 해제 시 우클릭으로도 가능, 위치 변경 시 해제 X
6. 빠른 캐릭터 변경 기능 추가 : 설정 메뉴 / 방향키로 이동 가능
7. 주문의 흔적 피버 타임 금요일부터 일요일까지 3일 진행
8. <6차 전직> 퀘스트 완화 : 동선 개선, 경험치 하향
9. 안개 숲 수련장 전용 버프 시스템(=보스 연모 도핑) 추가
10. 제네시스 무기 해방 퀘스트 UI 추가와 일부 조건 완화 : 루시드 조건 소비 아이템 50개로 변경
11. 플래그 즉시 재도전 가능하도록 개선
12. 캐릭터 UI의 아바타 영역 좌우 확장
13. <루타비스> 관련 개선 : 입장 재료 삭제&카오스 루타비스 입장 조건 삭제
14. 프리셋에 ""선택안함"" 버튼 추가
15. 펫/안드로이드 투명도 조절 가능 : 옵션 -> 이펙트 : 내 거는 50%까지, 남 거는 100%까지 숨길 수 있음
[7월 18일 업데이트 예정 사항 간략히 보기]
1. 신규 보스 <림보> 출시 : 최상위 보스
2. HEXA 스탯 II 개방
3. 익셉셔널 강화 개편
4. 보스 연출 스킵 기능 추가 : ESC 버튼
5. 버프 표시 설정 개선
-------------
4추만 보내주시면 감사드리겠습니다"
https://www.inven.co.kr/board/maple/2304/39832,기타,하버 보상 총정리 (일반 하버가 많이 구림),,2024-06-18 18:29,60188,13,"개인적으로 본섭에서 땡 하이퍼버닝 키우면 보상이 상당히 적게 나오는거 같아서 개화월영 캐릭터로 버닝섭 가면 더 받을 수 있는거 총정리 해봤음
본문에는 개화월영이라 적긴 했는데 정확히는 ""신규 아란 생성 보상"", ""신규 은월 생성 보상""임
본섭 하버 보상
코젬 500개
경코젬 25개
아케인심볼 7렙
선택 심볼 600개
어센틱 100개
피앱 1개
하이퍼 버닝 칭호 2개
하이퍼 버닝 훈장 1개
이플링 1개
본섭 하버 + 개화월영 보상
(하이퍼버닝 +
개화월영
)
코젬 500개 +
300개
경코젬 25개 +
5개
아케인심볼 7렙
선택 심볼 600개 +
600개
어센틱 100개
피앱 1개 +
1개
하이퍼 버닝 칭호 2개
하이퍼 버닝 훈장 1개
성성비 1개
이플링 1개
이벤링 3종 1개
이벤링 명큐 50개
슬롯 확장권 32
딸농 5
3배 경쿠 12
유니크 엠블 1
성장 마약 칭호 1 (참고로 하버 200 칭호가 더 좋아서 의미 없는 보상임)
개화월영 칭호 1
버닝섭 하버 + 개화월영 보상
(하이퍼버닝(
버닝섭 고유
) +
개화월영
)
코젬 1000개 +
300개
경코젬 50개 +
5개
아케인심볼 10렙
선택 심볼 1000개 +
600개
어센틱 100개
피앱 1개 +
1개
하이퍼 버닝 칭호 2개
하이퍼 버닝 훈장 1개
성성비 1개
이플링 1개
이벤링 3종 1개
+ 1개 (버닝섭에서 하나 줌)
이벤링 명큐 50개
+
50개
카검환 100개
서큘 10개
어비스 링
3만 메포
에픽 12프로 보스장신구 6종
슬롯 확장권 32
딸농 5
3배 경쿠 12
유니크 엠블 1
성장 마약 칭호 1
개화월영 칭호 1
템버닝 + 버닝서버 은월 or 아란 하이퍼버닝시 장비 결과물
반지 : 이플링 / 이벤링 / 12% 실블링 / 어비스 링
포켓 : X
펜던트 : 피도미 / X (준정펜)
무기 : 도전자
벨트 : 12% 골클벨
모자 : 도전자
얼장 : 12% 응힘
눈장 : 12% 아쿠아틱
상의 : 도전자
하의 : 도전자
신발 : 도전자
귀고리 : 12% 데아시두스
견장 : 도전자
장갑 : 도전자
엠블 : 유니크 엠블
뱃지 : 웬투스
훈장 : 하이퍼버닝
보조 : X
망토 : 도전자
하트 : X (출석보상 페어리)
빠지는 템이 없이 설계를 했는지 템창은 기본적으로 꽉차고
시드링 구매(어비스랑 스위칭), 보조 구매, 매커 & 하트 작, 성배 끼면 템 세팅 끝남
아무튼 내 의견을 말해주자면
이번 이벤트에서 유니크 엠블을 하버에서 개화월영 보상으로 옮기기도 했고
(참고로 이벤링도 버닝섭 안가면 따로 안줘서 코인으로 사야함)
다른 보상도 정말 많이 넣어둬서
따로 키우고 싶은 직업이 있는게 아닌 이상
하버 두개를 은월 + 아란으로 키우는게 가장 이득이라
아마 이번 하버로 은월 아란 인구수가 펄쩍 뛸 가능성이 굉장히 굉장히 높음..
당장 코인샵에서 주력으로 구매하던 템들을 코인으로 환산해봐도
이벤링 명큡 50 : 3000
이벤링 : 3000
유니크 엠블(카유잠) : 3000
9000에 코젬은 코인주고 사는사람 없으니 안따져도 경코젬은 굳이 따지면 3250이라
12250 코인에 이번 농장 개당 200에 코인샵 판매로 바꼈으니까 5개 하면 1000코인
성성비 뉴비는 다다익선이라(줌서작) 300코인 더해주면
13550 코인 아껴짐
사실상 신규 유저라면 은월 아란 이외의 캐릭터는 상대적으로 깡통 캐릭이 될 가능성이 높아서
어차피 은월 아란으로 본캐가 결정될 가능성이 굉장히 높음
물론 버닝섭+개화월영+템버닝 캐릭터가 템세팅이 필요 없다보니 10월까지 보스 셔틀로만 굴리고
굳이 템갈이를 하지 않고
나머지 1캐릭에 템을 맞추면서 보스 수익을 좀 올리는식으로 육성 하다가
10월 지나면 좀 유기때리고 기초적인 템만 맞춰서 보스 낮춰서 부캐로 보스돌이로 만드는 방법도 있긴 함
문제는 그것마저 은월 아란으로 키우는게 이득이라 굳이 다른 직업으로 할 이유가 적다는거임..
암튼 정말 키우고 싶은 캐릭이 있는게 아니라면 은월 & 아란 둘다 키우는걸 추천한다는게 내 의견임
내 육성 계획 :
버닝월드 : 은월 + 템버닝
본섭 : 아란
버닝월드 목표 : 선 260 및 템버닝으로 보스돌면서 메소 > 메포로 바꿔서 돈 모으기만 하기, 보스 코인 좀 모을 수 있어졌다 싶은 주부터 펀치킹 쳐서 보스코인 2100개 모아서 큐브 털어서 다른캐릭으로 7월 사전리프
본섭 : 미리 템 제작해서 육성, 지난 이벤트 EXP 쿠폰 및 부스트 전달, 지난 이벤트 유잠 하나 남겨가서 무기에 유니크 붙혀주기"
https://www.inven.co.kr/board/maple/2304/39826,기타,(수정)[6/20~]여름 메할일 요약+패치전체정리 최신판,,2024-06-18 11:55,82006,37,"[글 추가/수정 사항]
1. 본섭 들어오면서 바뀐 것 : 메인 이벤트 관련 변경 사항
1. 레범몬 심화 출석 코인 개수 : 기존 1회 출석 시 코인 1000 개에서 1500개로 증가
: 1주에 최대 3회까지 참여 가능하여 1주 최대 3000개에서 4500개로 증가
: 기간 내 총 21번(7주) 참여 가능하다는 설명 추가되어 총 31500개 획득 가능합니다
+ 쇼케이스 보상 상자는 1000개 동일합니다
2. <잊힌 기억의 서(출석)> 관련 화에큐 변경 사항
1) 기본 출석 보상(접속 출석) 33회 보상의 화에큐 20개가 카르마 명큐 30개로 교체되었습니다
2) 이 대신 축제 기록 보관소(레범몬 심화 출석 코인샵) 에 화에큐가 추가되었습니다
: 가격 코인 400개 / 메이플 ID당 주간 3개 구매 가능 : 매주 잊지 말고 구매!
3. 코인샵 수에큐 가격 : 기존 100개에서 50개로 하향
4. <아이템 버닝> 마지막 미션 보상 조각 개수 : 100개 -> 200개
챌린저스 미션 완료 보상 중 솔 에르다 조각의 개수가 잘못 표기되어 있어 이를 수정하였습니다.
(기존) 솔 에르다 조각 200개 -> (변경) 솔 에르다 조각 100개
(2024/6/21(금) 오전 11시 8분 수정)
-----------------------------------
안녕하세요
이 글은 6/20(목) 적용 예정인 <마일스톤> 1차 업데이트 관련 내용을 정리한 것입니다
이번 업데이트는 양도 많고 이미지로 변환할 짬이 도저히 안 나서 텍스트로 작성하였습니다. 다만 저건 시간을 더 들이던 제 개인적인 고집이었던 것 뿐이라 형식이 어떻든 취지에 맞는 내용 전달은 문제가 없게 하였기 때문에 필요에 맞게 잘 봐주시면 감사드리겠습니다
잘못 적힌 부분은 말씀해 주시면 감사히 수정합니다
[들어가기 전에]
1. 이 글의 내용은 6/17(월)까지의 테스트 서버 기준으로 이후 정식 서버 업데이트 시 변동 혹은 변경될 수 있습니다
2.
캐시 업데이트 사항의 경우 여력 상 글에서 생략하였습니다. 이는 공식 릴리즈를 발췌한 글의 링크를 드리며, 업데이트 당일 10시에 공식 공지사항으로 전부 소개되니 그 이후 묶어서 말씀 드리겠습니다
https://www.inven.co.kr/board/maple/2322/31878
3. 글의 윗부분 : 이벤트 관련 요약이 있어 이벤트 관련 사항을 간략히 빠르게 확인하실 수 있습니다
4. 글의 밑부분 : 이벤트와 변경/신규 사항에 대한 자세한 내용들이 포함돼 있습니다. 변경/신규 사항의 경우 각 항목을 이미지와 함께 최대한 짧은 설명으로 써 놓아서 요약이나 다름 없어 따로 위로 빼지 않았습니다
--------------------------------------------------
[6/19(수) 종료되는 사항들 전부 보러 가기]
: 스크롤 압박으로 인해 어제 올린 글 링크를 드립니다.
<빅토리아컵> 메인 보상과  <마일스톤 쇼케이스 보상> 포함 내일 23:59 종료되는 사항들이 정리된 글입니다
https://www.inven.co.kr/board/maple/5974/3789090
[6/20 이후 이벤트 요약]
1. ★ <하이퍼 버닝>&<개화월영 하이퍼 버닝>&<아이템 버닝>&<테라 블링크>&<버닝 월드> : ~10/16
2. ★ <개화월영 비급> : ~8/12
- 아란, 은월 육성, 출석 이벤트, 펀치킹 랭킹 이벤트
<기억 속의 한 페이지(여름 메인 이벤트)> : ~8/12
3. ★
<잊힌 기억의 서 : 기본 탐구> :
일일 출석 : 접속 후 출석 버튼 클릭
-
일일 1회, 1주 최대 5회 : 최대 35회
- 일일 보상 : 3배 경쿠 (30분) 3개 / 전투력&콘텐츠 보약 SP 5개씩
4. ★ <잊힌 기억의 서 : 심화 탐구> : 주간 출석 : 접속 후 레범몬 퇴치
-
1회 2천 마리, 주당 최대 3회까지, 하루에 3회 몰아서 하기 가능
- 완료 보상 : 1회 완료 = 코인샵 코인 1000개 : 8주 진행 시 최대 24000개
5. ★ <비밀 기록 탈환> : 주간 펀치킹(보스 코인 병합)
- <심화 탐구> 1회 완료 후 참여 가능
- 1주 1회 참여 가능
- 점수에 따라 경험치와 코인샵 코인 보상으로 수령
- 펀치킹을 마친 후 코인만 받거나, 경험치만 받거나, 둘 다 한 번에 받을 수 있습니다
- 보상을 받은 이후 재도전하여 더 높은 점수를 기록한 경우 그 차이 만큼
1) 경험치는 앞서 경험치를 수령한 캐릭터로만 추가 수령이 가능합니다
2) 코인은 모든 캐릭터로 추가 수령이 가능합니다
6. <아스완 무녀의 축복> = 보약 버프 = <궁극의 콜라보>
7. <정령의 기억>
= 총알 피하기 EXP 미니 게임 : 1주 1일 ~7/17
- 주당 최대 EXP 교환권 3000개 획득 가능
8. <반 레온의 검술> = 레범몬 스킬 = 다크로드 스킬 : ~7/17
- 300마리 퇴치 시 발동, 캐릭터당 최대 30회까지 발동 가능
9. <골드리치의 비밀 금고> 참여 : ~7/17
10. <스타포스 스테이지> 오픈 : ~7/17
----------- 8/13(화)부터 비슷한 볼륨의 가을 이벤트 2달 진행 예정
[이벤트 참여 가능 기준 분류]
1. [넥슨 ID당 기준]
1) <아이템 버닝>
2) <골드리치의 비밀 금고>
2. [메이플 ID당 기준]
1) <하이퍼 버닝> : 육성&레벨 달성 보상 수령
2) <개화월영 하이퍼 버닝> : 육성&레벨 달성 보상 수령
3) <개화월영 비급> : 은월과 아란 육성 보상, 출석 보상 수령
* 단, 230 레벨 칭호의 경우 은월 아란 통틀어 1회만 수령 가능
4) <잊힌 기억의 서> : 기본&심화 출석/보상 수령/심화 출석 코인 공유
5) <비밀 기록 탈환(펀치킹)> : 코인 수령
* 수령한 코인은 월드 내 귀속
6) <축제 기록 연성소(심화 탐구 코인샵=스탬프 샵)> : 물품 구매 가능 제한
7) <정령의 기억> : EXP 교환권 수령
3. [월드당 기준]
1). <아스완 무녀의 축복(보약)> : 스킬 포인트 찍기, 적용
2) <비밀 기록 탈환(펀치킹)> : 경험치 수령
3) <비밀 기록 연성소(펀치킹 코인샵)> : 물품 구매 가능 제한
4) <반 레온의 검술> : 스킬 발동
-------------------------------------------------------------
[자세한 정리 내용 배치 순서]
1. [PC방 이벤트 관련]
2. [하이퍼 버닝&테라 블링크&아이템 버닝&버닝 월드]
3. [[은월&아란 리마스터 이벤트 : <개화월영 비급>]
4.
[여름 메인 이벤트 : <기억 속의 한 페이지>]
5. [신규 사항&시스템 변경 사항]
6. [다음 달 : 7월 18일 업데이트 예정 사항]
★신규 이벤트 관련★
개편된 <이벤트 알림이>를 통해 각 이벤트 참여와 이벤트 맵, 콘텐츠 맵 이동이 가능합니다 :펀치킹, 미니 게임 맵 등도 가능
[PC방 이벤트 관련]
1.
현재 진행 중인 누적 보상 이벤트 : 6/20 23시 59분까지
2. 상시 혜택 개편 : 6/20 점검 후 적용
- 텔포 재사용 대기 시간 10분으로 감소
- 훈장 스타포스 수치 15에서 50으로 증가
- 상시 주문의 흔적 피버 타임 적용
- 보스 처치 시의 솔 에르다 100% 증가
3.
코인 이벤트와 스페셜 혜택 : 6/20 점검 후~7/17
- 50% 추가 경험치 적용
- 레범몬 퇴치로 코인 획득 가능
* 100 포인트=1코인 / 주간 총 코인 500개까지 획득 가능
** 테섭 기준 2000마리 퇴치 시 코인 23개 획득 확인
- 코인샵 목록
각각 재고 3/10/5/50 . 1주일마다 재입고
4.
후속 누적 보상 이벤트 : 6/21 0시~7/18
- 평일 보상
- 주말 보상
- 누적 보상
[하이퍼 버닝&
테라 블링크&
아이템 버닝&버닝 월드 : ~10/16]
-
6/20 업데이트 이후 시작되는 이벤트 보상의
태성비, 극성비, 초성비만 <하이퍼 버닝> 캐릭터에게 먹일 수 있습니다. 이에 따라 <빅토리아컵> <황금마차> 보상은 사용 불가합니다
1. <하이퍼 버닝&개화월영 하이퍼 버닝>
- <하이퍼 버닝> : 모든 직업 : 신규 생성 혹은 기존의 200레벨 이상 캐릭터에 지정 가능
- <개화월영 하이퍼 버닝> : 은월 혹은 아란 : 위와 동일
: 각각 메이플ID당 1개씩 하여 총 2개의 하이퍼 버닝을 육성할 수 있습니다
* <개화월영 하이퍼 버닝> 의 경우엔 8/12까지만 지정이 가능하며 종료 기간은 10/16으로 동일합니다
-
넥슨 ID당 1회만 진행 가능한 <아이템 버닝> 을 제외하면
, 두 하이퍼 버닝의 레벨 달성 보상과 테라 블링크 혜택은 완전히 동일합니다
버닝 월드에서도 각각 보상을 수령하실 수 있으며 테스트 서버 기준 메포도 따로 제약 없습니다. 본섭 오면서 바뀌는지는 업데이트 후 확인 요망
★ <하이퍼 버닝>과 <개화월영 하이퍼 버닝> 생성 보상
: 이 보상은 캐릭터를 신규 생성한 버닝 캐릭터와 지정된 기존 캐릭터 모두 수령할 수 있으며, 수령했더라도 캐릭터 삭제, 재생성 시 또 수령할 수 있습니다
* 달팽이/블랙셋/기간제 카루타/유니크 이터널 링
★ <하이퍼 버닝>과 <개화월영 하이퍼 버닝> 레벨 달성 보상
- 이 보상은 레벨 지정 시 지정 당시의 레벨 이하의 보상은 수령할 수 없습니다
EX) 215레벨에 지정 시 215레벨 포함, 이하의 보상들은 수령 불가
- 또한 수령했다면 캐릭터를 삭제 후 재생성하고 레벨에 도달하더라도 다시 수령할 수 없습니다
- 좌측 : 일반 월드에서 수령할 때 보상 / 우측 : 버닝 월드에서 수령할 때 보상
2. <테라 블링크>
- 신규 생성된 버닝 캐릭터로 <테라 블링크>에 참여하여 200까지 빠르게 도달할 수 있습니다
- 슈피겔만의 위치가 기존 장소에서 헤네시스 중앙으로 이동된 점 참고 부탁 드립니다
3. <아이템 버닝> : 모든 월드에서 가능
-
넥슨 ID당 1회
,
신규 생성된
버닝 캐릭터로 참여 가능합니다
- 이에 따라 <하이퍼 버닝> 또는 <개화월영 하이퍼 버닝> 중 한 캐릭터로만 참여하실 수 있습니다
- 5차 전직 이후 기쁨의 에르다스 1마리 퇴치 퀘스트를 완료한 후 UI를 통해 <아이템 버닝> 캐릭터로 지정하여 도전자의 장비 보상을 수령할 수 있습니다
지정 후에는 캐릭터를 삭제하더라도 이벤트를 재시작할 수 없습니다
★ 도전자의 장비는 10/31까지 유효하며, 이하 미션을 통해 장비를 업그레이드할 수 있습니다
<각 레벨 업그레이드 미션> : 순차적으로 완료 가능&완료 전에 이후 미션 보스 퇴치 시에는 조건 미리 충족 가능
200 달성 + 카쿰 1인 격파 - 1차 성장 : 추옵/주문서
210 달성 + 카벨 1인 격파 - 2차 성장 : 추옵/에디 잠재
* 이번 패치로 카오스 루타비스 입장 조건과 입장 재료가 삭제되었습니다
220 달성 + 카파풀 1인 격파 - 3차 성장 : 스타포스 17성
225 달성 + 노멀 스우 1인 격파 - 4차 성장 : 유니크 잠재
230 달성 + 노엔슬 1인 격파 - 5차 성장 : 스타포스 18성
260 달성 + 이루시 1인 격파 - 챌린저스 미션 - 5레벨 세르니움 심볼&조각 100개
* 최종 스펙 :  18성 3카 5앱으로 언급됨
4. <버닝 월드> : ~10/16
- 총 3개의 버닝 월드가 오픈됩니다
- 기존의 버닝 월드 혜택, 캐릭터 생성 혜택(인벤토리 늘려주기) 등 동일합니다
- 최대 5개의 캐릭터까지 육성 가능하며, 최대 3개의 메가 버닝 캐릭터를 육성 가능합니다
- 사전 리프는 7월 18일부터 가능합니다
- <버닝 월드 스텝업> 은 삭제되었으며, 이에 포함되던 보상들은 위에서 보신 버닝 캐릭터의 버닝 월드 레벨 달성 보상에 편입되었습니다
* 주스텟 12% 보스 장신구 상자
- 다만 이에 따라 <버닝 월드 스텝업>의 유니크 엠블렘 상자가 삭제되어 이번 이벤트에서는 <개화월영 비급> 신규 대상 이벤트에서만 획득할 수 있게 되었습니다
[은월&아란 리마스터 이벤트 : <개화월영 비급> : ~8/12]
1. <개화월영 비급> : 신규 은월, 아란 보상 : 6/8(토) 이후 생성된 은월 또는 아란
- 메이플ID당 1회씩 은월, 아란 각각 수령 가능
- 특정 레벨 달성 시 보상 지급
- 이 보상들은 당연히 별개의 이벤트인 하버 보상과 같이 받을 수 있습니다
- 단, 230 보상인 칭호는 은월, 아란 통틀어 1회만 수령 가능합니다
* 230레벨 보상은 <예티X핑크빈> 칭호와 옵션이 동일하며, 창고 이동 가능 교환권 형태로 지급됩니다. 별다른 제약이 추가되지 않는다면 버닝 월드에서 리프로 가져올 수 있을 듯
- 신규 보상 목록(은월도 칭호 제외 내용물 동일)
2. <개화월영 비급> : 모든 은월, 아란 보상 : 모든 은월, 아란 참여 가능
- 메이플ID당 1회씩 은월, 아란 각각 수령 가능
- 레범몬 1천 마리를 퇴치하고 일일 1회 출석할 수 있습니다
- 모든 아란, 은월 보상 목록
* 모든 은월, 아란 보상의 칭호는 능력치가 없는 치장용 칭호입니다
3. <개화월영 : 비밀 기록 탈환(펀치킹) 랭킹 이벤트>
- <버닝 월드>의 아란, 은월에 한해 펀치킹 랭킹 이벤트에 참여할 수 있습니다
- <버닝 월드> 통합으로 진행되며, 이벤트 종료 시의 랭킹에 따라 보상이 지급됩니다
- 1등 : 1천만 메포 / 2~4등 : 300만 메포 / 5~10등 : 100만 메포
[여름 메인 이벤트 : <기억 속의 한 페이지>
: ~8/12(월)]
- 이례적으로 수요일이 아닌 월요일에 종료되며, 이에 따라 54일 동안 진행됩니다
- 딸기 농장(하인즈)은 코인샵 품목으로 이동되었습니다
- 잠수 이벤트는 없습니다
- 이벤트 업적을 통해 <빅토리아컵> 처럼 의자와 오너먼트 획득이 가능합니다
1. <잊힌 기억의 서 - 기본 탐구 : 일일 출석>
- 메이플 ID당 일일 최대 1회씩, [탐구 시작] 버튼을 눌러 출석 가능
- 출석 기록과 아이템 보상 기록도 메이플 ID 내 공유됩니다
- 출석 시 3배 경쿠(30분) 3개와, 전투력 보약과 콘텐츠 보약 SP 각각 5개씩을 획득합니다
- 총 35회 출석할 수 있습니다 : 경쿠 총 105개, SP 각각 175개
★ 일일 출석 보상 일람
- 화에큐 20개 -> 카르마 명큐 30개로 변경되었습니다
2. <잊힌 기억의 서 - 심화 탐구 : 주간 출석>
- 메이플 ID당 일일 최대 3회까지, 레범몬 2000마리 퇴치 후 출석 가능
- 하루에 6천 마리 퇴치 시 주간 출석이 전부 완료됩니다
- 출석 보상으로 코인샵 코인인 ""축제 기록""을 1회 1500개씩 획득합니다
- 7주 전부 할 시 총 31500개 획득할 수 있습니다
+ 쇼케이스 보상 선물 상자에서 1000개
- 코인샵 코인 외 다른 보상은 없습니다
- 획득한 축제 기록은 메이플 ID 기준으로 공유됩니다
★ <축제 기록 상점> 목록
- 구매 제한이 기존 월드당에서 메이플 ID당으로 변경되었습니다
★ 코인샵에 화에큐 추가되었습니다 : 개당 400 코인, 1주에 3개 구매 가능
★ 수에큐 가격 50개로 하향되었습니다
3. <아스완 무녀의 축복(보약)> = <궁극의 콜라보>
- 기존의 보약 이벤트와 동일한 방식입니다
- 일일 출석에서 획득한 SP로 월드 내 공유되는 스킬을 찍을 수 있습니다
- <궁극의 콜라보> 에 처음 도입됐던 SP 구매 여부도 동일합니다
- 단계별 옵션의 경우 6레벨 효과를 볼 때, 기존과 동일해 보입니다
4. <비밀 기록 탈환> : 주간 펀치킹 : 경험치+코인샵>
- 보스 코인이 삭제되고, 펀치킹 코인(비밀 기록)이 그 역할을 대신합니다
- <심화 탐구> 를 1회 이상 완료한 후 참여할 수 있습니다
★ 펀치킹 참여는 월드당 가능하나, 보상 수령 조건은 이와 같습니다
-
경험치 수령 : 월드당 가능
- 비밀 기록 수령 : 메이플 ID당 가능
- 비밀 기록 보유 내역 : 월드 내 공유
- 비밀 기록 코인샵 : 월드당 구매 가능
★ 펀치킹을 마친 후 코인만 받거나, 경험치만 받거나, 둘 다 같이 받을 수 있습니다
* 경험치 수령 이후, 그 주에는 점수를 경신하더라도 수령한 캐릭터로만 경험치를 수령할 수 있습니다
* 코인 수령 이후, 그 주에는 수령한 월드 내에서 어떤 캐릭터로든지 점수 경신 시 추가적인 코인을 수령할 수 있습니다
★ 점수에 따라 경험치와 코인을 획득합니다
- ~2000점 : 비밀 기록
- 2001점~ : 상급 비밀 기록
: 1점당 1코인으로써 기존의 보스 코인 1600개를 자력으로 가져가셨다면 무난히 1600개+@의 코인을 획득 가능하십니다
★ 비밀 기록 코인샵
* 카르마 심연의 환생의 불꽃 : 3추 이상의 옵션이 등장하는 환생의 불꽃
5. <정령의 기억> : 주간 미니 게임 : ~7/17>
- 총알 피하기 미니 게임을 통해 EXP 교환권을 획득할 수 있습니다
방어막
- 1주 최대 EXP 교환권 3000개를 획득 가능합니다
- 8인 매칭이라 직접 확인은 못 해보았지만 메이플 ID당 수령 가능이라고 알려주셨습니다
6. <반 레온의 검술> : 레범몬 스킬 = 다크로드 : ~7/17>
- 레범몬 300마리 퇴치 시 반 레온 스킬이 발동합니다
- 캐릭터당 일일 최대 30회까지 발동 가능합니다
- 피버 시 획득하는 경험치는 필드 몬스터 대비 135배입니다
7. <메소샵>
8. <스타포스 스테이지> : ~7/17
- 후원 기능이 추가되었습니다. 후원 시 수수료 10%을 제외한 메소가 무대에 오른 사람에게 무대 위에서 사용 가능한 메소로 전달됩니다
- 무대에 오를 때 20억 메소를 보유하고 있어야 하며, 20억 메소의 예치금이 필요합니다. 무대에 1회 오르면 의자를 수령할 수 있습니다
9. <골드리치의 비밀 금고> : ~7/17>
- 기존과 동일한 방식의 금고 이벤트입니다
- 각각 황금 금고 1회 / 다이아 금고 1회 / 둘 다 1회씩 응모 보상
- 황금 금고 당첨 보상
https://upload3.inven.co.kr/upload/2024/06/18/bbs/i1977422480.jpg
- 다이아 금고 당첨 보상
https://upload3.inven.co.kr/upload/2024/06/18/bbs/i1656066854.jpg
★신규 사항&시스템 변경 사항★
[<에디셔널 잠재능력 메소화> 관련 사항]
1. 주간 보스에서 수에큐 드롭 삭제
2. 캐시샵 에디셔널 큐브 판매 종료
3.  데일리 기프트 완료 보상 변경
- 21일차 : 마일리지 1000 -> 실버 주화 5개
- 27일차 : 실버 주화 5개 -> 마일리지 1000
- 28일차 : 화에큐 -> 실버 주화 7개
4. 패치 후 가격이 포함된 가격 표
[유의 사항 : 매크로 방지 시스템 범위 확장]
- 매크로 탐지 시스템인 <투명 도형 찾기>가 기존 채집에서 사냥으로 범위가 확장되니 사냥 중 뜨시더라도 당황하지 마시고 진행해주셔야 되겠습니다
[솔 야누스 관련 수정 사항]
[변경&개선&신규 사항]
1. <V 매트릭스> 개선
- 최초 개방 시 코어 슬롯 개수 7칸에서 12칸으로 증가
- 최대 장착 코어 슬롯 개수 25칸에서 30칸으로 증가
- 세 개의 선택된 옵션 코어 제작 가능 기능 추가 : 비용 - V코어 500개
2. <200 이하 성장 동선 개선&길라잡이> 개선
- 길라잡이 사냥터 이용 조건인 몬스터 처치 조건 삭제
- 패치 후 ""메인 퀘스트"" 로 분류되는 지역(UI 좌측 참고)들의 지역 퀘스트 난이도 하향, 동선 조정, 경험치 상향 진행
- 이번 개편의 경우 스토리 중요도가 높은 지역의 퀘스트들을 <메인 퀘스트> 로 분류하고 순차적으로 배치하여 빼먹지 않고 경험할 수 있는 데 주요한 목적이 있어 보입니다
이벤트처럼 폭발적인 레벨 업 속도는 당연히 아니지만 기존의 불편한 퀘스트 동선과 조건이 개선되고 경험치가 상향됨에 따라(단적으로 크리티아스 도입부의 몬스터 퇴치 경험치가 기존 3천만에서 8천만 정도로 상향 : 176레벨 총 경험치의 약 47% 정도였음) 기존보다는 확실히 퀘스트가 유의미한 도움이 되지 않을까 싶습니다
3. <에픽 던전> 보너스 보상 선택지 확장
&퀵패스 추가
- 퀵패스 추가 : 1번회 이상 클리어 한 캐릭터로 1만 메포를 소모하여 퀵패스 이용 가능
- 기존 보너스 리워드 삭제 후 새로운 보너스 형식으로 변경
- EXP와 솔 에르다 보너스는 서로 중복하여 선택 가능
* 점검 이전에 개편 전 보너스 보상 수령 시 점검 후의 보너스 리워드는 수령 불가
4. <메이플 스케줄러> 추가
- 화면 좌측의
아이콘을 통해 이용 가능
- 일간/주간/보스 콘텐츠의 현황 등록, 확인, 이동 가능
- 일일 퀘스트 일괄 시작, 완료 기능 추가
- 기존의 퀘스트 알림이는 삭제
5. 스킬 매크로 UI 개선
- 스킬 해제 시 우클릭으로도 가능하도록 변경
- 이미 스킬이 등록되어 있는 위치에 배치할 때 해제되지 않고 서로 변경 가능하도록 개선
6. 빠른 캐릭터 변경 기능 추가
- 설정 메뉴에서 열기 가능
- 방향키를 통해 클릭 시 즉시 캐릭터 교체
7. 주문의 흔적 피버 타임 금/토/일 3일 진행으로 확장
- 금요일 00시~일요일 23시 59분 진행
8. <6차 전직> 퀘스트 완화
- 동선 개선
- 에르다 속의 여신 2와 3 퀘스트는 아케인 스톤 충전 안 해도 완료 가능으로 변경
- 아케인 스톤 충전 경험치 500억에서 100억으로 감소(진행 중인 경우에도 적용)
9. 안개 숲 수련장 전용 버프 시스템(=보스 연모 도핑) 추가
10. 제네시스 무기 해방 퀘스트 UI 추가와 일부 조건 완화
- 퀘스트 조건 : 편린 삭제 후 창세의 알 퇴치로 변경
- 루시드 해방 임무 조건 '도전자의 엘릭서 50개' 에서 '소비 아이템 50개' 소모로 변경
11. 플래그 즉시 재도전 가능하도록 개선
12. 캐릭터 UI의 아바타 영역 좌우 확장
11. <루타비스> 관련 개선
- 입장 재료인 고목나무 열쇠 삭제 + 관련 NPC와 퀘스트 삭제
- <카오스 루타비스> 입장 조건 삭제, 바로 입장 가능
12. 펫/안드로이드 투명도 조절 기능 추가
- 옵션 -> 이펙트에서 설정 가능
- 내 캐릭터의 펫과 안드로이드는 50%까지, 다른 캐릭터의 펫과 안드로이드는 100까지 조절 가능
[다음 달 : 7월 18일 업데이트 예정 사항]
: 유력 테스트 서버 일자 : 7/11(목
1. 신규 보스 <림보> 출시 : 최상위 보스
- 285 이상 캐릭터로 노멀 또는 하드 난이도 도전 가능
- 에테르넬의 새 부위인 신발, 망토, 장갑 모두 획득 가능
- 칠흑 상위 카테고리인 광휘의 보스 장신구 : 근원의 속삭임 드롭
2. HEXA 스탯 II 개방
- 265 이상, 헥사 스탯 I 코어 레벨 20 이상 캐릭터로 개방 가능
- 오픈 비용이 I 보다 비쌀 것
3. 익셉셔널 강화 개편
4. 보스 연출 스킵 기능 추가 : ESC 버튼
5. 버프 표시 설정 개선
- 내 직업/다른 직업/공통/아이템 4가지 분리&즐겨찾기, 편집 기능 제공
+++ 8월 이후 업데이트 예정 내역은 덧글에 첨부합니다
긴 글 읽어 주셔서 감사합니다
-
6추만 보내주시면 감사드리겠습니다"
https://www.inven.co.kr/board/maple/2304/39804,기타,수요일까지 받아야 하는 것들 요약 (여름 추가코인) + 메소샵 착샷,,2024-06-17 13:34,26420,24,"[추가/수정 사항]
1.
-
안녕하세요
우선 이 글은 수요일에 종료되는 사항들을 간략히 모은 것입니다
그리고 <마일스톤 쇼케이스> 보상의 마이크 선물 상자의 경우 이전 글에서 따로 강조 못 드린 여름 이벤트 추가 코인이 들어 있어, 혹시 훈장과 뎀스만 있는 줄 알고 수령 안 하시는 분들이 계실까 우려되어 따로 말씀 드립니다. 더
불어 여름 메소샵의 착샷을 첨부합니다
*여름 이벤트 관련 글 :
https://www.inven.co.kr/board/maple/5974/3778967
*여름 신규/변경 사항 관련 글 :
https://www.inven.co.kr/board/maple/2304/39786
지금 제 여력 상 질문에 대한 답글을 다 못 드리는 경우가 많기 때문에 글 보시고도 진짜 모르겠다, 궁금하다 하시는 부분은 쪽지로 주시면 아는 한에서 드립니다. 웬만한 건 글에 다 있습니다
혹시 수요일 종료되는 사항 중 빠뜨린 거 있으면 쪽지나 덧글로 말씀해 주시고, 유효한 제보는 3천 이니씩 드립니다. 이외 잘못 적힌 부분도 말씀해 주시면 감사히 수정합니다
: 글 공유의 경우 좋지만 웬만하면 글 링크로 부탁 드립니다. 다른 형식이면 제가 잘못 적은 경우 수정/추가한 내용을 보여드리기 힘들어 죄송해서 그렇습니다
★6/19(수) 23:59 종료 사항★
1.
<빅토리아컵 운동회 미션>
-
<스탬프 북>&<컬렉션 북> 출석과 패스 구매
-
<스탬프 북> 출석 보상 수령
- <스탬프 북> 경험치 쿠폰 수령
-
<컬렉션 북> 업적 보상 수령+최종 보상 수령
- <컬렉션 북> EXP 교환권 수령
2. <궁극의 콜라보>
- 월드 내 공유
스킬 효과 적용
-
메달 카드 의자 교환
- 히든 미션 : 슈피겔만의 카드 의자 : 메달 100개 이상 사용 시 가능
* 사용 개수는 이벤트 맵 슈피겔만과 대화 시 알 수 있음
*
https://www.inven.co.kr/board/maple/5974/3663261
3. <빅토리아 응원전>
- 응원전 점수 쌓기
- 누적 응원 포인트 보상 수령
4. <싸워라! 전설의 귀환>&<제 4차 빅토리아컵 응모>
- 게임 참여
- 탈 수령
-
- 경품 응모
*발표일 : 6/27
5. <메이플 장거리 달리기 FEVER>
- 점수 쌓기
- 누적 보상 수령
- 메달샵 이용
6. <유니온 팝 챌린지>
- 참여
- 의자 수령
7. <마법의 종이 비행기> : 참여
8. <스낵 브레이크 타임> : 참여
9. <그림자 허들 경주> : 참여
10. <굿바이! 빅토리아컵> : 참여
* 10일차 이후 미션 수행 시 경쿠를 보상으로 받으실 수 있습니다
11. <이벤트 업적>
- 보상 수령
- 업적 참여
*
https://www.inven.co.kr/board/maple/2304/39646
12. <테라 버닝 부스터를 드려요!> : 수령
* 새 이벤트 아니고 <빅토리아컵> 시작과 동시에 시작된 이벤트입니다
13. <MILESTONE 쇼케이스 보상>
- 수령
* 마이크의 선물 상자 구성품
* 축제 기록=여름 이벤트 코인
: 이에 따라 8주까지 전부 심화 출석 가능할 시, 출석에서 총 24000개+마일스톤 쇼케이스 보상 1000개가 되어 현재로서 총 획득 가능한 코인샵 코인은 25000개 입니다
+ 같이 보기
-
6/20 점검 이후 시작되는
이벤트에서 획득한 태성비, 극성비, 초성비만 하이퍼 버닝 캐릭터가 사용할 수 있습니다
- 현
재 진행 중인 PC방 이벤트는 6/20 23:59 종료
: 이에 따라 버닝 월드에서 보상을 수령할 수 있겠습니다(101레벨 이상)
- 주간 보스 수에큐 드롭, 에큐 판매 :  6/20 점검 이전(시간 아직 미정)까지
- <빅토리아컵> 코인샵은 일요일까지
[여름 메소샵]
오류인지 모를 눈 깜빡깜빡 윌
-------------
4추만 보내주시면 감사드리겠습니다"
https://www.inven.co.kr/board/maple/2304/39786,기타,[6/20 적용]변경 사항 및 신규 편의성 정리 : 인게임,,2024-06-16 21:11,49710,50,"[글 추가&수정 사항]
1.
-
안녕하세요
이 글은 예정엔 없었으나 요청 주신 분들이 계셔 작성하는 글로써 6/20 적용 예정인 테섭의 개선과 변경 사항들을 공식 릴리즈 기반으로 주요 내용들에 제 여력 상 확인 가능한 선에서의 보충 내용을 덧댄 것입니다
여름 이벤트 관련 정보의 경우 링크 참고 부탁 드립니다
https://www.inven.co.kr/board/maple/5974/3778967
잘못 적힌 부분은 말씀해 주시면 감사히 수정합니다. 감사합니다
* 이 글의 내용은 6/15까지의 테스트 서버 기준으로 정식 서버 업데이트 시 변경될 수 있습니다
[일부 스킬 사용 시 솔 야누스가 발동하는 현상 수정]
- 일부 스킬 사용 시 솔 야누스 : 새벽이 발동하는 현상이 수정됩니다. 수정되는 스킬은 아래와 같습니다.
블래스드 해머/다크니스 오라/애로우 플래터 설치 모드/서펜트 스크류/스페셜 몽키 에스코트/소드 오브 소울 라이트/ 브레스-돌아와! / 블랙 매직 아터/어시스턴트 헌팅 유닛/드릴 컨테이너/핀포인트 로켓/이지스 시스템/데몬 프렌지/체인아츠:퓨리/스포트라이트/싸이킥 드레인/얼티메이-B.PM/얼티매이트-무빙 매터/인피니트/리스토어/산등성이 굽이굽이
- 일부 공격 스킬들이 솔 야누스 : 황혼으로 발동되는 현상이 수정됩니다. 수정되는 스킬은 아래와 같습니다. ·
이프리트/엘퀴네스/바하뮤트/피닉스/프리져/레이븐
[매크로 탐지 시스템
<
투명 도형 찾기
>
발동 범위 확대
]
-
사냥 시에도 발동될 수 있습니다
.
[에디셔널 메소화 관련]
■
보스 몬스터 처치 시 더 이상 수상한 에디셔널 큐브가 드롭되지 않습니다
.
■ 캐시샵에서 판매 중이던 에디셔널 큐브 판매가 종료됩니다.
■ 2024
년
7
월부터 데일리 기프트의 완료 보상이 아래와 같이 변경됩니다
.
- 21
일차
:
메이플 실버 주화
5
개 : 기존 마일리지 1000 자리
- 27
일차
:
마일리지
1000 : 기존 메플 실버 주화 5개 자리
- 28
일차
:
메이플 실버 주화
7
개 : 기존 화이트 에디셔널 큐브 자리
※
리부트 월드는 변경되지 않습니다
.
■
메소를 사용하여 에디셔널 잠재능력을 재설정할 수 있는
‘
에디셔널 잠재능력 재설정 시스템
’
이 추가됩니다
.
-
인벤토리
UI
에서
‘
잠재능력 재설정 시스템
’
아이콘을 사용해 이용할 수 있습니다
.
-
에디셔널 잠재능력 재설정 시 기존 옵션과 재설정된 옵션 중 선택하여 적용할 수 있습니다
.
- 가격 표
[에픽 던전 관련]
■
에픽 던전
각
스테이지 시작
시
이펙트가 부드럽게 개선됩니다
.
■
에픽 던전
:
하이마운틴의 일부 스테이지의 난이도가 조정됩니다
.
-
미트라의 힘의 조각에 대한 기상효과 안내와 상호작용 안내가 추가됩니다
.
- 3, 6, 9, 10
스테이지에 등장하는 미트라의 힘의 조각을
NPC/
채집 키로 작동하기 위한 연타 횟수가
9
번에서
6
번으로 감소됩니다
.
-3 / 6 스테이지 보스 체비뎀 비율 감소
■
에픽 던전 퀵패스 추가
-
에픽 던전
:
하이마운틴을
1
회 이상 클리어한 캐릭터만 에픽 던전 퀵패스를 사용할 수 있습니다
.
-
에픽 던전 입장
UI
에서
10,000
메이플포인트를 사용하여 에픽 던전
:
하이마운틴을 즉시 완료할 수 있습니다
.
■
보너스 리워드 개편
-
기존 보너스 리워드
,
스페셜 보너스 리워드가 삭제되고
EXP
보너스
,
솔 에르다 보너스로 변경됩니다
.
-  EXP
보너스
,
솔 에르다 보너스는 각각
1, 2
단계가 존재하며
,
원하는 단계를 선택할 수 있습니다
.
- EXP
보너스와 솔 에르다 보너스는 서로 중복하여 선택할 수 있습니다
.
- EXP
보너스
,
솔 에르다 보너스를 선택하여 추가 보상을 획득한 뒤
,
다음 목요일 오전
0
시가 지나기 전에 선택하지 않은 상위 보너스 단계를 선택하여 추가 보상을 받을 수 있습니다
.
* 6/20 목 자정~점검 이전에 메포 보상 수령할 경우 점검 후에 추가적으로 보너스 리워드 획득 불가함
[200레벨 이하 성장 동선 개편 관련]
: 일단 저는 일부의 퀘스트만 직접 확인하여 몇 레벨까지 얼마나 걸리느냐 하는 건 말씀을 못 드립니다. 다만 우선적으로 혹시 <제로백> 또는 <테라 블링크> 등의 경험치 이벤트 속도를 기대하셨다면 당연히 아닙니다
이번 개편의 경우 밑에서 보실 수 있듯 '스토리 중요도가 높은' 지역의 퀘스트들을 <메인>으로 배치하여 순차적으로 빼먹지 않고 진행할 수 있게 한 데 가장 주요한 목적이 있어 보이며(물론 이전 거 진행 안 해도 이후 지역 퀘스트 진행 가능), 이에 더불어 <메인> 에 해당되는 지역 퀘스트 진행 조건들이 완화, 동선이 개선되고 경험치가 상향되었습니다
단적으로 크리티아스 퀘스트의 경우 대화 퀘스트 경험치는 비슷했지만 몬스터 퇴치 경험치가 기존 3천만에서 8천만 정도로 상향(이는 176 레벨 총 경험치의 약 47% 정도)되었습니다
■
퀘스트 카테고리가 추가됩니다
.
-
직업
:
직업 전용 퀘스트
-
메인
:
스토리 중요도가 높고 성장 과정에서 수행이 권장되는 퀘스트
·
리에나 해협
·
레벤 광산
·
연합 가입
·
아스완
·
헬리시움
·
사자왕의 성
·
루타비스
·
연합 정기 회의
·
시간의 신전
·
크로스 헌터
·
암벽거인 콜로서스
·
파괴된 헤네시스
·
크리티아스
·
황혼의 페리온
·
헤이븐
·
타락한 세계수
·
아케인리버 이후 지역
-
일반
:
직업
,
메인에 속하지 않는 퀘스트
■ 200
레벨 미만 메인 퀘스트의 지급 경험치가 조정됩니다
.
■ 30 ~ 59
레벨 특수 테마던전의 퀘스트 경험치가 캐릭터 레벨에 무관하게 지급되도록 조정됩니다
.
-
리에나 해협
-
요정학원 엘리넬
-
골드비치 리조트
-
비밀의 숲 엘로딘
■
퀘스트 관련
UI
가 개편됩니다
.
-
퀘스트
UI
에 상위 카테고리 탭이 추가됩니다
.
-
직업
/
메인 퀘스트의 경우 별도의 퀘스트 말풍선을 사용하도록 개선됩니다
.
-
직업
/
메인 퀘스트의 경우 퀘스트 이름 앞에 별도의 퀘스트 태그를 사용하도록 개선됩니다
.
-
더 이상 좌측 퀘스트 알림이 아이콘 하단에
NEW
이미지가 등장하지 않도록 개선됩니다
.
■
길라잡이
UI
가 개편됩니다
.
- ‘
레벨별 컨텐츠
’
구성이 메인 퀘스트 개편에 맞춰 변경됩니다
.
- ‘
레벨별 컨텐츠
’
에서 동일한 레벨 구간의 모든 사냥터를 한 눈에 볼 수 있도록 개선됩니다
.
- ‘
레벨별 컨텐츠
’
에서 사냥터 이용 시 해당 몬스터 처치를 요구하는 조건이 삭제됩니다
.
-
길라잡이 최소화
UI
에서 메인 퀘스트 알림 버튼이 추가됩니다
.
■
리에나 해협 관련 지역 퀘스트 대사 및 연출이 일부 수정됩니다
.
■
레벤 광산 지역 퀘스트가 전반적으로 수정됩니다
.
■
연합 관련 퀘스트가 추가되며 관련 대사가 일부 변경됩니다
.
■
아스완 관련 지역 퀘스트가 전반적으로 수정됩니다
.
■
마가티아 지역 관련 퀘스트가 일부 수정됩니다
.
-
퀘스트 요구 레벨이 일괄
85
레벨로 조정됩니다
.
-
퀘스트 완료 조건이 전반적으로 하향 조정됩니다
.
-
퀘스트 지역 자동 이동
,
네비게이션 등의 편의 기능이 추가되었습니다
.
■
헬리시움 관련 지역 퀘스트에 네비게이션 안내 등 편의 요소가 추가됩니다
.
■
사자왕의 성 관련 지역 퀘스트가 전반적으로 수정됩니다
.
-
기존 사자왕의 성 퀘스트가 진행 불가로 변경되고 신규 사자왕의 성 퀘스트가 추가됩니다
.
-
사자왕의 성 퀘스트 중 일부 대사 및 연출이 변경됩니다
.
■
루타비스 지역 관련 퀘스트가 일부 수정됩니다
.
-
일부 퀘스트의 진행
NPC
및 대사
,
연출이 수정됩니다
.
■
시간의 신전 지역 관련 퀘스트가 일부 수정됩니다
.
-
퀘스트 요구 레벨이 일괄
130
레벨로 조정됩니다
.
-
퀘스트 완료 조건이 전반적으로 하향 조정됩니다
.
- [
폐허 너머에
]
퀘스트의 연출이 수정되었습니다
.
■
암벽거인 콜로서스 관련 퀘스트가 일부 수정됩니다
.
-
일부 퀘스트의 진행
NPC
및 대사
,
연출이 수정됩니다
.
■
크리티아스 지역 관련 퀘스트가 일부 수정됩니다
.
-
퀘스트 완료 조건이 전반적으로 하향 조정됩니다
.
-
퀘스트 지역 자동 이동
,
네비게이션 등의 편의 기능이 추가되었습니다
.
■
블랙헤븐
,
히어로즈 오브 메이플 컨텐츠의 요약 보기가 추가됩니다
.
-
헤이븐의
[
구해줘서 고마워
]
퀘스트를 클리어 후 외눈이의
[
말랑이의 위업
]
퀘스트로 블랙헤븐 요약 보기 감상 가능합니다
.
-
버려진 야영지의
[
떠난 자들과 남은 자들
]
퀘스트를 클리어 후 알체토의
[
영웅과 늑대
,
그리고 세계수
]
퀘스트로 히어로즈 오브 메이플 요약 보기 감상 가능합니다
.
[편의성 관련]
■
이벤트 리스트
UI
-
이제 이벤트 별 알림이를 누르면 현재 진행 중인 이벤트 목록을 확인 가능한 이벤트 리스트
UI
를 열 수 있습니다
.
-
이벤트 리스트에 있는 이벤트를 클릭 후
‘
참여하기
’
버튼을 누르면 이벤트에 참여할 수 있습니다
.
-
이벤트 전용
UI
가 있을 경우
,
이벤트 리스트에 있는
UI
를 클릭하여 참여 완료한 이벤트의
UI
를 확인할 수 있습니다
.
■
메이플 스케줄러
UI
가 추가됩니다
.
-
화면 좌측 메이플 스케줄러 알림이 혹은 단축키를 통해 메이플 스케줄러
UI
를 이용할 수 있습니다
.
-
메이플 스케줄러를 이용하여 게임 내 일일
/
주간
/
보스 컨텐츠의 플레이 현황을 확인할 수 있습니다
.
-
플레이 현황을 확인하고 싶은 컨텐츠 목록은 직접 편집할 수 있습니다
.
-
메이플 스케줄러에 등록된 퀘스트를 시작하거나 완료할 수 있고
,
컨텐츠를 이용할 수 있는 필드로 이동할 수 있습니다
.
단
,
선행 조건을 충족하지 못한 컨텐츠는 이용이 제한됩니다
.
■
일일 퀘스트 일괄 시작
/
일괄 완료 기능이 추가됩니다
.
-
메이플 스케줄러에 등록된 일일 퀘스트들을 일괄 시작하거나 일괄 완료할 수 있습니다
.
-
기존 아케인리버 일일
/
주간 퀘스트 일괄 수락 기능과 그란디스 일일 퀘스트 일괄 수락 기능은 삭제됩니다
.
■
기존 일일 퀘스트
/
주간 퀘스트 알림이가 삭제됩니다
.
■
기존 보스
UI
의 클리어 현황 탭이 삭제됩니다
.
■
기존 데일리 퀘스트 단축키가 삭제됩니다
.
■
빠른 캐릭터 변경 기능이 추가됩니다
.
-
하단 설정 메뉴에서 캐릭터 변경 메뉴를 통해 빠른 캐릭터 변경
UI
를 열 수 있습니다
.
-
현재 월드의 모든 캐릭터가
UI
에 출력되며
,
키보드 및 마우스 조작을 통해 변경할 캐릭터를 선택할 수 있습니다
.
-
변경할 캐릭터를 선택 후
Enter
키를 입력하거나 접속 버튼을 클릭하면
2
차 비밀번호 입력 후 접속 캐릭터가 변경됩니다
.
단
, OTP
설정에서
2
차 비밀번호 입력 생략 기능이 설정된 경우에는
2
차 비밀번호 입력 단계가 생략됩니다
.
-
월드 통합 채널 및 해상도가 고정되는 일부 컨텐츠에서는 빠른 캐릭터 변경 기능을 이용할 수 없습니다
.
■
안개 숲 수련장 전용 버프 기능이 추가됩니다
.
-
안개 숲 수련장에서 실제 버프 효과 스킬 혹은 아이템을 소비하지 않고 제한 없이 버프 효과를 사용할 수 있습니다
.
사용할 수 있는 버프 효과는 보스 연습모드 전용 버프 기능이 제공하는 목록과 동일합니다
.
■ V
매트릭스 코어 슬롯 시스템 개선
- 200
레벨에
V
매트릭스 최초 개방 시 장착할 수 있는 코어 슬롯 개수가
7
칸에서
12
칸으로 증가합니다
.
-
레벨 별 확장되는 코어 슬롯의 수는 변경되지 않으며
,
최대로 장착할 수 있는 코어 슬롯 개수가
25
칸에서
30
칸으로 증가합니다
.
※
업데이트 이전 메소를 소모하여 코어 슬롯을 추가 확장한 캐릭터의 경우 코어 확장이 유지됩니다
.
■
강화 코어 선택 제작 기능이 추가됩니다
.
- V
매트릭스 제작모드에서 강화 코어 선택 제작 버튼을 통해 강화 코어 선택 제작
UI
를 열 수 있습니다
.
- UI
중앙 세 개의 슬롯을 클릭하면 현재 직업의 강화 코어 리스트가 출력되며 조합할 코어를 선택할 수 있습니다
.
-
세 개의 코어를 모두 선택하면 제작될 코어가 출력되고
500
개의
V
코어 조각을 소모
하여 선택한 옵션의 코어를 제작할 수 있습니다
.
■ 해방 퀘스트의
‘
검은 마법사의 편린 획득
’
완료 조건이
‘
창세의 알 처치
’
로 변경됩니다
.
: 업데이트 이전에 퀘스트를 진행중이던 편린을 보유한 캐릭터는 업데이트 이후 편린 삭제, 창세의 알 처치한 것으로 처리
■
루시드 해방 임무 조건 중
‘
도전자의 엘릭서
50
개만 사용하여 격파
’
가
‘
소비 아이템
50
개만 사용하여 격파
’
로 변경됩니다
.
■
제네시스 무기 퀘스트
UI
가 추가됩니다
.
- ‘[
제네시스 무기
]
운명의 결전
,
그 후
’
퀘스트 수락 후 화면 좌측 알림이의
“[
제네시스 무기
]
검은 마법사의 흔적을 따라서
”
퀘스트를 통해 제네시스 무기 퀘스트
UI
를 이용할 수 있습니다
.
-
제네시스 무기 퀘스트
UI
를 통해 현재 진행하고 있는 퀘스트의 정보 및 전체 퀘스트의 정보를 확인할 수 있으며
,
우측 하단의 버튼을 통해 퀘스트를 시작하거나 완료할 수 있습니다
.
-
일부 완료된 퀘스트 클릭 시 우측 하단에 지난 기록 열람 버튼이 활성화되며
,
클릭 시 지난 기록을 열람할 수 있습니다
.
■
각 퀘스트 완료 시 다음 퀘스트를 바로 진행 여부를 묻는 메뉴가 출력됩니다
.
■ 6
차 전직 퀘스트가 개선됩니다
.
-
아케인스톤에 힘을 가득 채우기 위해 필요한 경험치가
500
억에서
100
억으로 감소됩니다
.
-
에르다 속의 여신
(2),
에르다 속의 여신
(3)
퀘스트는 아케인스톤을 충전하지 않아도 완료할 수 있게 됩니다
.
-
솔 에르다 깊은 곳에 입장 시
,
현재 진행 중인 심볼 회수 미션을 진행할 수 있는 포탈로 안내하도록 수정됩니다
.
※ 6
차 전직 퀘스트를 이미 진행하고 있는 경우에도 경험치 조정
■
아케인리버 일일 퀘스트를 지역 스토리 퀘스트 모두 완료 후 즉시 수행할 수 있도록 수정됩니다
.
■
파괴된 헤네시스에서 등장하는 헬레나의 이미지가 변경됩니다
.
■
플래그 레이스 퇴장 맵에서 프로그래머 사이먼을 통해 재도전이 즉시 가능하도록 변경됩니다
.
■ '
레헬른
:
아지트
'
맵에서 거짓말 탐지기가 발생되지 않도록 개선됩니다
.
■
캐릭터 정보
UI
개선
-
캐릭터 아바타 영역에서 변경 가능한 배경화면의 범위가 좌우로 확장됩니다
.
■
캐릭터 프리셋 개선
-
캐릭터 프리셋에서 단축키 프리셋을 설정할 수 있게 됩니다
.
-
각 프리셋을 설정할 때
‘
선택안함
’
을 선택하여 해당 프리셋을 제외하고 변경할 수 있게 됩니다
.
■
스킬 매크로
UI
개선
-
스킬 매크로
UI
에서 스킬 등록을 해제할 때 마우스 우클릭으로 좀 더 편하게 해제할 수 있게 됩니다
.
-
스킬 매크로
UI
에서 이미 스킬이 등록되어 있는 위치에 배치할 때 기존에 등록되었던 스킬이 해제되지 않고 서로 위치를 변경할 수 있도록 개선됩니다
.
■
퀘스트
UI
- 어색하게 보이는 부분 들 다수 개선
■
주문의 흔적 피버타임 이벤트의 일정이 변경됩니다
.
-
기존
:
매주 일요일 오전
0
시
~
일요일 오후
11
시
59
분
-
변경
:
매주 금요일 오전
0
시
~
일요일 오후
11
시
59
분
■ 카오스 루타비스 보스
입장 조건 중 노멀 모드 클리어
5
회 조건이 삭제됩니다
.
■
고목나무 열쇠 아이템이 루타비스 보스
입장 조건에서 제외됩니다
.
- 몬스터 드롭 삭제 &
[
루타비스
]
고목나무 열쇠 퀘스트 삭제
-
거대한 뿌리에서 하비스
NPC
가 더 이상 등장하지 않게 변경됩니다
.
■
펫
/
안드로이드 투명도 조절 기능 추가
-
내 캐릭터와 다른 캐릭터의 펫
/
안드로이드 투명도 조절 기능이 추가됩니다
: 옵션 -> 이펙트
-
내 캐릭터의 펫
/
안드로이드는 최대
50%
의 반투명한 상태로
,
다른 캐릭터의 펫
/
안드로이드는 최대
0%
의 투명한 상태로 조절할 수 있습니다
.
: 50% 적용한 상태
이상의 사항에 없는 내용 : 버프 스킬 분류 등은 7월 업데이트 예정이며 MACOS의 경우 6월 예정으로 쇼케이스에서 소개되었었으나 이번 테섭에선 관련 내용이 없었습니다
------------------
6추만 보내주시면 감사드리겠습니다"
https://www.inven.co.kr/board/maple/2304/39782,사냥,유니온 후기 46캐릭 중 43캐릭 후기,,2024-06-16 14:59,57829,33,"※ 과거 제 글을 재 인용하여 작성하는 것이니 양해부탁드립니다.
들어가며
200
이후 육성난이도가 많이 하락했고
, 2023년
여름이벤트로 크게 육성완화가 이뤄진 만큼 더 큰 스펙업을 위해 유니온
250~260
을 준비하는 분이 많으리라 생각됩니다
. 세르니움 이후의 사냥은 6차와 솔야누스의 보급으로 취향에 맞춰 황혼 혹은 새벽을 사용하여 제자리나 뺑뺑이 사냥을 추구할 수 있기에 따로 언급하지는 않겠습니다. 다만 260이전의 사냥은 직업별 격차가 많이 완화가 되었음에도 솔야누스나 6차스킬의 도움을 받을 수 없기에 여전히 피로도나 마릿수와 관련한 격차가 발생합니다. 이와 관련해
필자가 사냥을 하며 느낀 바를 글로 남겨봅니다
.
개인 사업자 치고는 여유 시간이 많기에 필자는
장시간 사냥하는 것을 좋아합니다
. 일반적으로
사냥 빌드를 짜거나 사냥터를 선정할 때 시간 당 경험치를 고려하지만
,
다소 타협하여 빌드를 단순하게 바꾸거나 경험치를 조금 덜 가져가더라도 사냥 빌드가 쉬운 사냥터를 선정합니다
.
물론 여러 스킬을 사용하는 직업의 복잡한 빌드도 수십 시간 이상 반복하면 뇌빼기가 가능하기에 취사선택의 영역이라 봅니다
.
다만 필자는 빌드를 단순하게 바꾸는 것으로 뇌빼기까지 걸리는 시간을 줄여
, 사냥의 피로도 자체를 없애는 것에 초점을 맞추고 있습니다.
250
육성은 캐릭마다 편차가 있지만
60~70
시간 내외의 적지 않은 사냥 시간을 요구합니다
.
앞서 이야기 했듯 장시간 육성에서 필자가 중요하다고 생각하는 것은 사냥 한계치 뿐만 아니라 사냥 피로도도 포함됩니다
.
단순히
‘
사냥이 좋다
’
라고 표현하는 것이 아니라
‘
사냥이 편하다
’
와
‘
사냥 한계치가 높다
’
로 구별하여 설명하는 것이 옳다고 생각합니다
.
실제로 두 가지를 모두 충족하는 경우도 있고 둘 중 하나 만을 충족시키는 경우도 있습니다
.
따라 필자는 사냥 피로도라는 측면이 있기에 사냥 한계치로만 그 캐릭터의 사냥 능력을 평가하는 것은 조금 성급하다고 봅니다
. ‘
빌드가 복잡하고 키입력이 많은 직업으로 장시간 사냥하는 것이 마릿 수가 많다 하여 사냥이 좋은 것인가
?’
에 대해서는 조금 고민해볼 필요가 있다 생각합니다
.
여담으로 사냥 피로도는 자판의 키압이나 키입력 횟수도 중요하겠지만
,
키배치가 차지하는 비중 역시 무시할 수 없다고 생각합니다
.
부자연스러운 손가락 배치보다 관절의 가동 범위를 최소화 시킨 배치를 통해 관련한 문제들을 상당 부분 해결 할 수 있습니다
.
필자의 경우
d
점프
f
주력기 기타 사냥과 관련된 스킬 들을
qwerasdfd
에 배치하는데
,
장시간 사냥에도 달리 피로도를 느끼지 못했습니다
.(
필자 서른여섯
)
키배치 예시
1. 250
캐릭터 육성과 관련하여
46
개의 캐릭 중
250
이상을 육성한
42
개의 캐릭터를 다룹니다
.
과거 제 글을 재 인용 하는 부분이 많습니다
.
그 부분은 참고하시길 바랍니다
.
-
캐릭터들은
1
앜
, 3
카
, 4
앱 혹은
3
카
5
앱
17
성 유닠
15%~ /
에픽
2
줄 이상의 스펙으로 육성하였으며
,
보통 사출기 또한 원킬이 날 정도의 넉넉한 템 세팅을 해주었습니다
.
템세팅에 들어간 금액은 최소
300
억이상
,
코젬은
1000~2000
개 정도만 사용하였고
,
심볼은 따로 옮기지 않았습니다
.
도핑과 관련하여서는 부족한 경험치 쿠폰은 과거 캐쉬샵 에픽 실용팩을 이용하여 충당하였으나 최근에는
2
배 쿠폰을 묶음 상품으로 판매하기에 이를 이용하였습니다
.
최근 아케인 이상부위의 에디 접근성이 높아져 최근에는
3
카
5
앜 세팅을 해주고 있습니다
. 또한 장신구 쪽은 여명 장신구가 저렴하여 생각보다 괜찮다는 말을 덧 붙이고 싶습니다.
포스가 부족하다면 부족할지라도 사냥 가능할 스펙을 맞추어 사냥합니다
.
원킬 컷과 관련한 사항은 캐릭터 개별 설명에 추가하고
,
부가적으로 원킬컷과 관련하여 나제불님님님 블로그의 원킬 컷을 첨부합니다
. https://blog.naver.com/oe135
비교적 추후 패치가 많이 이루어진 오래된 자료이기에 현재 시점과는 다른 부분이 많으니 '대충 이러이러 했었구나' 하고 참고만 하시기 바립니다
.
더불어 같이 활용하면 좋은 스킬 범위 사이트도 첨부합니다
.
이를 이용하여 대략적인 스킬범위를 가늠할 수 있습니다
. https://icepeng.github.io/maple-calc/skill
물론
지속적인 패치로 전반적인 캐릭터들의 기본 스펙과 성능 상향이 이루어졌기에
9/10
둘둘 스펙으로도 주력기 정도는
250
까지 원킬이 나는 경우가 많습니다
.
필자의 셋팅은 최소한의 셋팅이라기보다는 자기만족의 영역이므로 본인의 상황에 맞는 적절한 아이템 셋팅을 추천 합니다
.
덧붙여 비교적 필자의 셋팅과 비슷한 셋팅을 첨부합니다
. (fm
코리아 멍청새님 글
)
https://www.fmkorea.com/6041498307
1.1
모험가
1.1.1
히어로
모험가 리마스터 이후 육성을 진행하였습니다
.
레이징 블로우와 인사이징을 사냥터 맞춰가며 사냥하였습니다
.
상시 강화레블 사용이 불가능하여 과거 여러 스킬을 돌려쓰며 부족한 레블 범위를 보완해야 했던 것에 비해 수월한 육성이 가능했습니다
.
인사이징이 딜레이적인 측면 때문에 레이징 블로우 사냥에 비해 뻑뻑한 느낌이 있긴 하나
, Y
축 부분에서 장점이 있기에 사냥터에 맞게 인사이징과 강화 레이징블로우 중 취사선택하여 사용 하는 것이 좋을 것입니다
.
단순 레이징 블로우만 사용하는 뇌빼기 사냥 시 피로도는 낮은 편입니다
.
물론 마릿수를 더 보완하기 위해서는 빌드에서
5
차 스킬의 적절한 분배가 이루어져야 합니다
.
1.1.2
팔라딘
모험가 리마스터 이후 육성을 진행하였습니다
.
블레스드 해머와 마이티 묠니르
,
생츄어리 를 사냥터에 따라 주기적으로 사용한다면 생각보다 좋은 사냥 능력과 마릿수를 보장합니다
.
문제는 짧은 쿨타임의 사냥기술이 여러 가지라는 점이 피로도 상승의 원인이 됩니다
.
또한 디바인 차지의 다소 부족한
Y
축 범위 때문에 다소 맵 제약을 받는 점도 문제로 작용할 수 있습니다
.
그렇기에 단순히 디바인 차지를 사용하는 사냥만으로도 나쁘지 않은 마릿수를 가질 수는 있는 맵과 지형이 존재하지만 그로 인해 맵 선택의 폭이 좁아진다는 것은 감수해야합니다
.
대부분의 캐릭을 관통하는 말을 덧붙이자면 본인의 스타일에 맞게 경험치냐 피로도냐에 초점을 맞추어 사냥 방식을 결정하시면 될 것 같습니다
.
1.1.3
다크나이트
모험가 리마스터 이후 육성을 진행하였습니다
.
임페일의 범위가 많이 상향이 되었으나 여전히
Y
축 범위가 부족한 것이 사실이라 비홀더 류 스킬 등 짧은 쿨의 여러 스킬에 대한 의존도가 큽니다
.
자연스레 반복되는 짧은 쿨 스킬은 뇌빼기에 익숙해지기까지 시간이 많이 소요되게 됩니다
.
리마스터 이후 전반적인 사냥능력이 많이 개선되었으나 사냥이 편하고 좋은 직업에 비해서는 다소 부족하다 여깁니다
.
전사치고 높은 크리티컬 확률이 다소 장점으로 작용할 수 있습니다
.
1.1.4
비숍
모험가 리마스터 이전에 육성을 진행하였습니다
.
일반적으로 사냥 한계치가 낮다라고 알려져 있던 캐릭입니다
.
여전히 남아있는 신전기준으로 사냥한계치를 고려한 이전 자료를 참고하기보다는 특정사냥터에서 얼마만큼의 사냥을 능력을 보여주느냐를 찾아보는 것이 더 도움이 되리라 생각됩니다
.
필자는 빅뱅을 쓰기위한 제네시스 강요가 없어졌다는 사실을 알고서 육성을 진행 하였습니다
.
의외로 격류나 숨겨진 일리야드 들판이 괜찮았고
,
시계탑
2
층쪽도 나쁘지 않았습니다
.
특히
240
이후에 샐라스 특정사냥터는 한계치가
15500
에 달하는 것에 비해 사냥 피로도가 굉장히 낮아서 수월한 육성이 가능했습니다
.
육성구간에서 아르카나를 제외하면 마릿수가 대체적으로 괜찮은 편이었습니다
.
비숍이 기동성이 떨어지기에 큰 맵에서 피로도가 높거나 효율이 낮은 것이 문제이지 적당한 크기의 맵에서는 괜찮은 수준의 사냥 능력을 보여준다고 생각합니다
.
개편 이후 추가 사냥기와 빅뱅범위의 증가
,
기동성 측면에서의 향상
,
기초 스펙의 상승으로 인한 원킬컷 부담하락 등으로 과거보다 훨씬 우수해진 사냥능력을 통해 수월한 육성을 할 수 있을 것입니다
.
탄탄한 크리티컬 확률과 고유 홀리심볼 낮은 강화코어 강화난이도 등으로 비교적 유니온이 다소 부족하더라도 육성에 큰 어려움이 없을 것입니다
.
1.1.5
불독
모험가 리마스터 이후 육성을 하였습니다
.
초창기보다 리전의 범위가 줄어 들었지만 도트 퍼니셔와 포이즌 노바를 활용하면 여전히 제자리 사냥이 가능합니다
.
필자의 경우 아이템이나 메소 회수를 하지 않았기에 더욱 더 편한 제자리 사냥이 가능했었습니다
.
시계방향 혹은 반시계 방향 빌드에 익숙하여 점플 주력스킬만을 이용한 사냥을 하시던 분들에겐 쿨짧은 몇 가지 스킬을 돌려쓰는것이 오히려 더 힘들 수 있지만 적당한 적응시간 후엔 쉬이 뇌빼기가 가능합니다
.
유니온 육성 단계에서 쿨뚝을 마려하는 것이 과한 투자가 될 수 있지만
2~3
초 쿨뚝이라도 마련할 수 있다면 훨씬 쾌적한 사냥이 가능하리라 생각합니다
.
이미 알려진 사냥빌드가 유튜브에 잘 올라와 있습니다
.
다만 리마스터 초창기보다 리전 범위가 줄어 들었기에 비교적 최근 영상의 빌드를 참고하시기 바랍니다
.
1.1.6
보우마스터
모험가 리마스터 이후 육성을 진행하였습니다
.
일반적으로 폭시 사냥과 언카운터블 에로우 사냥으로 나뉩니다
.
과거 언카운터블 에로우만으로 사냥할 시 다소 끊기는 느낌을 받으 실수 있었으나
,
리마스터 이후 많이 개선이 되었습니다
.
취향 혹은 맵에 맞게 폭시나 언카운터블 에로우 사냥을 취사선택하시면 될 것입니다
.
다만 에로우 레인
,
잔영의시
,
퀴버 풀버스트 등
5
차스킬을 돌려가며 사용하는 것은 양쪽빌드의 기본이 되리라 생각합니다
.
다만 언카운터블 에로우 원킬컷에 간신히 걸친 스펙이라면 부가적인 가이디드 에로우나 마법화살 등의 원킬을 노리기가 힘들기에 마릿수를 크게 보장 받지는 못합니다
.
저장형 순간이동 포탈인 퀴버 플로우를 이용하여 다양한 사냥 빌드를 설계할 수 있으나 마릿수를 보완하기 위해서는 어느 정도의 스펙이 필요한 점 참고하시길 바랍니다
.
1.1.7
신궁
모험가 리마스터 이전에 육성을 진행하였습니다
. 210
구간 격류
1
과 시계탑
2
에서 나쁘지 않은 피로도와 사냥한계치를 보여 주었습니다
.
다만 힘들었던 점은 스플릿 에로우가 가동률이
50%
라
(
현재는
60%),
스킬 쿨 타임동안 차지드 에로우 이볼브 등 여러 가지 보조 스킬을 이용해야 보편적인 사냥 능력을 보여줄 수 있었다는 것입니다
.
추가적으로 지금은
on/off
화가 이루어진 가이디드 에로우 까지 동원했어야 했기에 평범한 마릿수를 뽑기 위해서도 신경 써줘야 할 부분이 많았습니다
. 5
차 이후의 신궁이 버거 웠던 점은 사냥 능력 자체보다 스플릿 에로우가 끝난 시간 동안 쿨 짧은 여러 스킬을 돌려야 하는 피로도에 있었다는 것입니다
.
다만 리마스터 이후 기본기의 범위 상향
,
에로우 스킬의 낮은 원킬컷과 더불어 사냥과 관련된 피로도 부분에서 많은 개선이 이루어졌고
,
심지어 단순히 피어싱 스킬만으로도 나쁘지 않은 마릿수를 자랑하기에 과거에 가졌던 악명은 옛말이 되었습니다
.
손에 익기 전까진 다소 귀찮을 수 있으나 스플릿 에로우와 이볼브만 번갈아 사용하여도 수월한 육성이 가능합니다
.
1.1.8
패스파인더
높은 기본 크리티컬 확률을 가지기에 사냥시 크리티컬 수급부분에서 좀 자유로울 수 있는 캐릭입니다
.
다만 보스까지 생각한다면 크리티컬 리인포스 때문에 결국 크리티컬이 필요해집니다
.
육성 시 블레스트 디스차지를 매크로로 묶어 하나의 버튼으로 사용하는 블디사냥을 주로 하였습니다
.
추가 사출기 개념으로 발동되는 에디셔널 블레스트와 에디셔널 디스차지가 마릿수를 크게 보완해주어 단순히 블디사냥만으로도 사출기 캐릭에 버금가는 사냥능력을 보여줄 수 있습니다
.
다만 에디셔널 블레스트와 에디셔널 디스차지의 원킬컷이 발칸
1
틱에 견줄 정도로 약한 편이라 다소 투자가 필요하다고 볼 수 있습니다
.
1.1.9
나이트로드
모험가 리마스터 이전에 육성을 진행하였습니다
.
사냥자체의 피로도는 낮은 편이었으나
,
리마스터 전 쇼다운 자체가 가지는 다소 긴 스킬 액션 딜레이 때문에 답답한 감이 있었습니다
.
쇼다운의 하단 범위가 부실한 것도 다소 아쉽게 느껴졌으나 이 부분은 리마스터를 통해 극복 되었다 봅니다
.
쇼다운 만으로 사냥하는 스펙이라도 다크플레어와 비전서 포시즌
,
풍마수리검등을 사용하면 어느 정도 마릿수를 확보할 수 있습니다
.
피로도를 줄인 사냥을 원하신다면 사냥에서 사출기 의존도가 낮은 편은 아니기에 마크 원킬 스펙이 전제가 되어야 할 것이고
,
적어도 투 킬 이상의 스펙으로 육성하는 것을 권장합니다
.
1.1.10
섀도어
모험가 리마스터 이후 육성을 진행하였습니다
.
크루얼 스탭
(
구 부메랑스탭
)
의 후딜이 많이 개선되어 크루얼 스탭만으로 사냥할 수도 있지만 메소 익스플로젼이라는 준수한 사출기를 가진 캐릭 특성상 메소 익스플로젼
1~2
킬 스펙을 맞추어 준다면 지형에 구애받지 않는 편한 사냥을 기대할 수 있습니다
.
크루얼 스탭만으로도 적당한 마릿수가 갖춰지지만 편의를 위해 여유가 된다면 메소 익스플로젼
1~2
킬 스펙을 맞춰주고 진행하는 것이 마릿수나 피로도 측면에서 유리할 것입니다
.
1.1.11
듀얼블레이드
모험가 리마스터 이후 육성을 시작하였습니다
. 10
초 쿨의 카르마 퓨리가 다단 히트발동 개념이라 기동과 더불어 넓은 범위를 장악할 수 있고
12
초 쿨의 블레이드 토네이도로 사냥을 보완 할 수 있습니다
.
다만 기본 사냥기인 블레이드 퓨리의 저열한 범위와 이를 보완하기 위한 스킬인 헌티드 엣지 또한
12
초의 쿨을 가지고 있습니다
.
결국 쿨감 모자와 광역스킬들의 적절한 분배가 없다면 사냥터에 따라 블레이드 퓨리로 사냥해야 하는 구간의 범위가 넓어지게 됩니다
.
따라 블레이드 퓨리의 좁은 타격범위에 따른 마릿수 누수가 같이 발생하기에 여유가 된다면 쿨감 모자를 동원해주시는 것도 좋을 것입니다
.
또한 짧은 쿨의 스킬을 돌려쓰는 사냥방식에 익숙하지 않으신 분들은 피로도를 느끼실 수도 있습니다
.
1.1.12
캡틴
모험가 리마스터 이후 육성을 진행하였습니다
.
주력기 퍼실레이드의 원킬컷은 낮은 편이나 범위가 특출나지 않기에 단순 주력기 사냥만으로는 필드 장악력이 부족합니다
.
따라 자연스레 소환수 의존도가 높아지고 결론적으론 소환수 원킬컷을 맞춰야 한다는 결론에 도달하게 됩니다
.
단순 주력기 사냥을 통한 뇌빼기 만으로는 충분한 마릿수를 보장하기 힘들기에
5
차를 포함한 여러 광역기와 소환수를 곁들이게 되면 피로도가 높아지는 부분이 단점으로 작용합니다
.
1.1.13
캐논슈터
저열한
Y
축의 캐논 바주카로 인해 점프하면서 스킬쓰는 타이밍과 몹의 키높이 때문에 초반부 적응이 힘들 수 있습니다
. X
축 범위가 좋다는 것이 특정 사냥터에서는 장점이 될 수 있을 것이나 대부분 마릿수 문제로 주류 사냥터를 따라 이동하게 됩니다
.
이 부분은
5
차 풀메이커와 스폐셜 몽키 에스코트를 사냥보조기로 돌려가며 어느 정도 극복할 수 있습니다
.
비교적 낮은 원킬 컷이 대표적인 특징중 하나이나 캐논 바주카만으로 사냥하기엔
Y
축 범위가 문제가 될 수 있으니
5
차전직 직후부터 적극적인
5
차스킬 활용이 이루어져야 합니다
.
1.1.14
바이퍼
단순히 사냥만 생각한다면 극단적으로 코어강화를
5
차스킬인 서펜트 스크류에만 올인 하셔도 충분합니다
.
서펜트 스크류
1
틱 스펙이 다른 캐릭터들의 일반 사냥기에 크게 못미치지만 사출기 캐릭정도로 필요한 건 아니기에 생각보다 수월하게 맞추리라 생각합니다
.
다만 그 이후는
‘
슈퍼점프를 얼마나 잘 활용 할 수 있느냐
’
의 숙련도가 마릿수 및 피로도와 직결되기에 이는 반드시 숙지하여 익혀 두시길 권장 드립니다
.
4
차 훅봄버의 범위와 원킬컷이 낮기에 서펜트 스크류
1
틱 스펙을 맞추기 힘들다 싶으신 분들은 활용하셔도 좋습니다
.
서펜트 스크류 사냥에 비해 마릿수와 피로도 문제에 관해서는 조금 부족할 수 있지만 이를 이용하여 사냥하는 것도 나쁘지 않다는 점 말씀드립니다
.
1.2
시그너스 기사단
1.2.1
소울마스터
시그너스 리마스터 이후 육성을 진행하였습니다
.
시너지 직업이자 낮은 원킬컷으로 초보유저들에게 많이 추천이 되는 캐릭터 중 하나입니다
.
리마스터 이후 솔루나 타임이 온오프로 전환되어 쉽게 코스믹 오브를 확보할 수 있고
,
이를 이용하여 코스믹 스킬을 동원하여 사냥터 장악에 유리합니다
.
솔라 슬래시와 루나 디바이드가 특출난 범위를 가진 것은 아니지만 사냥에 큰 도움을 주는
5
차 스킬들을 이용하여 사냥하신다면 충분한 마릿수를 확보할 수 있습니다
.
‘
여러 가지 스킬을 동원하여 사냥하면 피로도가 높은 것이 아닌가
’
라는 의문이 생기 실 수 있으나 단순히 솔라 슬래시와 루나 디바이드 만으로도 어느 정도의 마릿수를 확보할 수 있기에 본인의 취사에 따라 추가적으로 사용할 스킬을 배분하여 피로도를 조절 할 수 있습니다
.
1.2.2
플레임위자드
시그너스 리마스터 이전에 육성을 진행하였습니다
.
메소 회수만 포기한다면
,
파이어 블링크를 이용한 오비탈 류 사냥을 통해 높은 마릿수에 비해 낮은 피로도 사냥이 가능합니다
.
실제
50%
이상의 메소만 버릴 자신이 있다면
(
자석펫을 사용함에도
)
추적형 사출기가 주력 사냥스킬이 아님에도 블레이징 익스팅션
,
오비탈
,
블레이징 오비탈만으로도 굉장히 낮은 피로도에 비해 괜찮은 마릿수 사냥이 가능합니다
.
아케인 리버 전 구간에 플위 전용 뇌빼기 사냥터가 다수 존재하고 웹상에 잘 안내된 곳이 많으니 잘 찾아보시고 육성하시길 바랍니다
.
다만 좋은 사냥능력을 위해서 반비탈 스펙이 강제되니 이는 필히 유의하시길 바랍니다
.
1.2.3
윈드브레이커
시그너스 리마스터 이후 육성을 진행하였습니다
.
단순히 페어리턴만으로도 사냥은 가능하나
Y
축 범위는 다소 부족하기에 윔 원킬 스펙이 아니라면 각종
5
차 광역스킬을 동원해야 충분한 마릿수를 확보 할 수 있습니다
.
또한 윔 원킬 스펙이 나오더라도 충분한 윔 사출을 위해
5
차 스킬을 곁들여 사냥하는 경우가 많습니다
.
물론 윔 원킬 스펙에서는 단순히 페어리 턴만으로도 충분한 마릿수를 확보 할 수 있습니다
.
다만 윔의 인식 범위나 속도가 다른 캐릭터들의 사출 스킬과 비교하면 다소 부족하기에 답답함을 느끼실 수도 있습니다
.
1.2.4
나이트 워커
시그너스 리마스터 이후 육성을 진행하였습니다
.
배트스킬의 사출기 치고는 생각보다 할 만한 원킬컷과
2~3
킬만 되어도 필드 원젠에 가깝게 사냥이 가능합니다
.
사출기 의존도가 큰 직업임에도 생각보다 큰 투자 없이 육성이 가능한 점이 장점이라 말할 수 있을 것 같습니다
.
사출기지만 전이식 공격인 배트이기에 몹을 조금씩 흘리는 부분이 신경쓰일 수 있으나 이는
‘
사냥터 지형에 크게 구애받지 않는다
’
는 장점으로 어느 정도는 상쇄되리라 생각합니다
.
가끔 배트
on/off
스킬을 꺼두고 마릿수가 안나오는 걸 이상하게 생각하는 경우도 있으니 사냥전엔 항상
on/off
스킬을 제대로 켜 놓았는지 확인하시고 육성하길 권장 드립니다
.
1.2.5
스트라이커
시그너스 리마스터 이후 육성을 진행하였습니다
.
리마스터가 되었지만 벽력의 후딜은 여전히 존재하는 터라 벽력 후딜 캔슬을 위해 연계 연계스킬을 사용 할 수 있습니다
.
주로 파도를 이용하여 이동과 공격을 겸하여 사용하곤 합니다
.
다소 번거로운
5
차 신뇌합일 버프와 교아탄 사용 그리고 스킬 연계만 해도 자동으로 발동되는
5
차 뇌신창격을 활용하면 준수한 사냥이 가능합니다
.
다만 단순 점프 주력기 사냥에 비해서는 키 입력횟수가 많기에 피로도를 유발 할 수 있으니 본인에게 편한 키셋팅을 추천합니다
.
사냥과 관련하여서도 연계스킬의 의존도가 크기에 단순히 벽력사냥만으로 높은 마릿수를 기대하기는 어렵다는 점 말씀드립니다
.
1.3
레지스탕스
1.3.1
블래스터
필자는 정식으로 캔슬을 사용하지는 않았습니다
.
제대로 캔슬하며 사냥하기 위해선 다소 큰 피로도를 요하기에
,
쇼크웨이브 더킹 점프를 동시에 눌려 스택을 쌓지 않는 약식 캔슬을 이용했습니다
.
버튼
3
개를 눌려야 한다는 불편함은 있지만 정식 캔슬에 비해 피로도가 월등히 낮았기에
(
정식캔슬에 비해 물론 마릿수도 적었지만 다른 캐릭에 비해 그닥 밀리는 마릿수도 아닌
)
어렵지 않게 육성할 수 있었습니다
.
보스를 목표를 하시는게 아니라 유니온 목적으로 육성하신다면 대충 약식으로 캔슬해도 사냥 할 만 하다는 결론에 도달 할 수 있었습니다
.
실제로 쇼크웨이브 충격파의 범위가 상당히 넓은 편이기에 나쁘지 않은 사냥을 기대할 수 있습니다
.
다만 최근에 쇼크웨이브 충격파 데미지와 관련하여 상향이 많이 이루어졌으나 필자와 같이 노스택 약식 캔슬 사냥의 경우 생각보다 데미지가 약하다 느끼실 수 있기에 적절한 투자가 필요합니다
.
1.3.2
데몬슬레이어
과거 블루블러드 버프의 유지가 사냥 피로도에 직결되는 문제였기에 블루블러드
off
상태에서 충분한 원킬 능력을 갖추고 사냥하는 것을 지향했었습니다
.
이는 패치를 통해 블루블러드가
on/off
버프로 바뀌며 자연스레 해결이 되었고
,
최소컷 스펙으로 육성하시는 분들의 부담을 덜어주었다 봅니다
.
사냥 피로도는 단순히 데몬 익스플로젼만 사용하여도 충분한 마릿수가 확보되기에 낮은 편입니다
.
주력기인 데몬 익스플로젼은 타격 판정이 두 번에 걸쳐 나눠진 공격이기에 띄워 올리는 데미지로 원킬이 뜬다면 훨씬 수월한 사냥이 가능합니다
.
물론 폭발 데미지에 원킬이 뜬다 하여도 데몬 익스플로젼의 넓은 범위로 부담스럽지 않게 육성하실 수 있습니다
.
1.3.3
데몬어벤져
쉴드체이싱이 너프되기 전 육성하였습니다
.
스킬이 직관적이라 빌드 자체는 어려움이 없는 경우가 많았습니다
.
육성 시 쉴드 체이싱 원킬 스펙이상을 맞춰 주었고
(
쉴드체이싱은 사출기중에 원킬컷을 맞추기가 비교적 수월한 편입니다
),
사냥하면서 개편전 프렌지를 가동하기에는 사망에 따른 리스크가 존재했다는 점이 프렌지를 사냥에 활용할 수 없게 했었습니다
.
사냥 한계치가 높다기보다는 피로도가 낮은 것이 그 특징이었습니다
.
피로도가 낮은 이유로 사우전드 소드와 쉴드체이싱 문라이트 슬레쉬 라는 비교적 간단한 조건으로 사냥터를 어느 정도 커버 할 수 있었기에 가능했다 생각합니다
.
현재 시점으로는 쉴드체이싱과 관련된 스킬의 버프
,
프렌지 활용의 변화
(
유사 서펜트
)
등을 통해 쉴드체이싱 너프 직후 보다는 사냥이 수월해짐과 동시에 마릿수 또한 과거보다는 개선되었습니다
.
1.3.4
배틀메이지
손이 바쁜 만큼 경험치를 먹는 캐릭입니다
.
피블
,
다크라이트닝
,
배틀스퍼트
,
배틀킹바
,
제네시스
5
차 스킬 등을 얼마나 잘 활용 할 수 있느냐에 마릿수가 결정됩니다
.
텔포에 익숙하지 않으신 분들이라면 다소 불편하실 수 있습니다
.
설치기인 블랙매직 알터
,
그림리퍼등을 사냥터 빌드에 맞게 적재적소에 깔지 않으면 다소 마릿수가 떨어질 수가 있으므로 사냥에 익숙해지기 전 피로도나 육성난이도가 높다고 생각하실 수 있습니다
.
피로도를 줄이고 마릿수를 충분히 확보하기 위해선 넷상의 여타 사냥터 빌드 자료들을 참조하는 편이 추천됩니다
.
1.3.5
와일드헌터
사냥기 프로토타입 발칸이 추가되었지만 기존 와일드발칸
1~2
틱 스펙 이상이라면 와일드발칸이 좋은 선택지가 될 수 있습니다
.
기동사격이 가능하기에 단순히 점프와 발칸만으로도 수월한 사냥이 가능합니다
.
발칸
1
틱 스펙이 이상적이지만
2
틱 스펙으로도 나쁘지 않은 사냥이 가능하기에 와일드 헌터를 목표로 하시는 분들에게
‘
너무 겁먹을 필요까지는 없다
’
정도로 말씀을 하고 싶습니다
.
사출기 사냥이 아님에도 대부분의 사냥터에서 높은 기동성과 무빙샷
,
어시스턴트 헌팅유닛을 통해 수월한 사냥이 가능하고 마릿수 또한 잘 가져갈 수 있다는 점이 장점이 될 수 있을 것 같습니다
.
다만 와일드발칸
2
틱 스펙도 다른 캐릭터들의 주력기 스킬에 비해서는 스펙요구치가 높으니 이점 유의하셔서 템셋팅 하시길 바랍니다
.
1.3.6
제논
폭격이 과거에 비해 딜레이가 많이 줄어들었고
,
자체 범위가 좋은 편이기에 폭격사냥이 나쁘지 않은 편입니다
.
폭격을 주력기로 이용한다면 낮은 원킬 컷과 좋은 기동성으로 수월한 육성이 가능합니다
.
사출기까지 원킬이 뜬다면 좀 더 나은 마릿수를 지향할 수 있겠으나 폭격 원킬 만으로도 나쁘지 않은 사냥능력을 갖추었기에 비교적 육성난이도는 낮다고 보시면 됩니다
.
다만 사출기 원킬을 목표로 하신다면 템셋팅 부분에서 불편함이 있을 수 있다는 점이 있습니다
.
1.3.7
메카닉
사냥은 탱크모드의 호밍미사일을 사용하는 것이 좋습니다
.
다만 호밍미사일의 높은 원킬 컷이 발목을 잡아 스펙요구치가 상당한 편입니다
.
호밍이 유효 킬을 못한다면 사냥능력 차이가 너무 극심해져 반드시 유효킬 스펙을 맞추고 육성하시길 바랍니다
.
로봇마스터리의
(
소환된 로봇당 데미지증가
)
도움을 받지 않고도 원킬 혹은 유효킬이 나는 스펙이 라면 더블점프를 하며 단순히 호밍 미사일을 키다운 하는 것만으로도 지형을 가리지 않는 우월한 사냥능력을 보여줍니다
.
이에 반드시 호밍사냥 스펙을 맞추고 육성하시길 권장 드립니다
.
1.4
영웅
1.4.1
아란(리마스터 관계로 제거)
과거 파이널 블로우로 사냥하셨던 경험에 그렇게 범위가 좁은 스킬로 어떻게 사냥을 하란 말인가 하는 의문이 드실 수 있습니다
.
비교적 최근 패치로 인해 파이널 블로우 선행 없이도 비욘더 사용이 가능해졌고 자연스레
5
차 스킬인 펜릴까지 비욘더 스킬만으로 연계가 가능하기에 이전보다 사냥피로도가 감소했습니다
.
또한 짧은 광역기인 브렌디쉬 마하
,
인스톨 마하의 눈보라 효과
,
아드레날린 부스트 효과를 잘 활용한다면 특출나진 않지만 무난한 정도의 사냥능력을 확보 할 수는 있습니다
.
1.4.2
에반
캐릭 스킬설명을 한번 쯤 읽어보지 않는다면
200
육성에도 어려움을 느끼는 사람들이 많은 직업중 하니입니다
.
에반스킬
,
미르스킬
,
융합스킬이라는 매커니즘 자체는 간단하니 반드시 숙지하고 육성하시기 바랍니다
.
주로 스위프트 오브 윈드와 브레스 오브 어스 두스킬을 번갈아 쓰며 한쪽방향씩을 정리하고 나머지 스킬들로 보조를 해주는 형태로 사냥이 진행됩니다
.
물론 마력 잔해 원킬까지 노린다면 꽤나 많은 투자가 이루어 져야 할 것이나 굳이 마력잔해 원킬이 나지 않는다 하여도 괜찮은 마릿수를 확보할 수 있습니다
.
다만 조작해야 하는 버튼이 많으며 그만큼 피로도가 높아 질 수 있다는 측면은 함께 고려하고 육성하셔야 합니다
.
1.4.3
루미너스
과거 필자는 복층구조의 사냥터에서 윗층에서 아랫층 드랍템들을 포기하는 방식으로 육성을 진행 하였으나
,
최근 라이트 리플렉션의 전이 시스템의 변경으로 반드시 복층구조의 사냥터에서 윗층을 고집할 필요가 없어졌습니다
.
또한 전이 능력이 많이 상향되어 사냥능력이 더 좋아졌기에 이전보다 빌드를 조금 덜 빡빡하게 가져가도 충분한 마릿수를 확보할 수 있게 되었습니다
.
라이트 리플렉션 빌드와 진리의 문 빌드 중 취사선택을 하여 본인의 사냥터에 맞게 사용하시면 낮은 피로도와 높은 마릿수를 동시에 챙기실 수 있습니다
.
또한 빛고정 라이트 리플렉션을 통해 낮은 원킬 컷을 챙기는 방향도 있으니 참조하시길 바랍니다
.
1.4.4
메르세데스
연계 스택으로 인한 최종 데미지는 무시한 채 되도록이면 리프토네이도를 이용한 단순 사냥을 지향했습니다
.
다만 리프토네이도의 적절한 점프 높이에 익숙해지는 것이 힘들어 뇌빼기 사냥을 위해서는 적응 기간이 필요했습니다
.
스높부가 뜨지 않으면서 원활한 사냥이 되는 적절한 점프 높이가 사냥터마다 조금씩 다른 경우가 있기에 마냥 편하게 키우지는 못했습니다
.
다만 이 부분은 최근 패치를 통해 점프 높이의 완화가 이루어져 이전보다는 수월하게 리프토네이도 사냥을 하실 수 있기에 접근선이 좋아졌습니다
.
1.4.5
팬텀
필자는 과거 동아깊
2
에서 떨어지면서 캐논바주카를 사용하는 방식으로 육성을 하였습니다
.
마릿수는 다소 부족했지만 비교적 쉽게 육성을 하였습니다
.
아마 필자가 캐논슈터를 키우게 된다면 어떤 느낌을 받을지는 모르겠으나 같은 사냥터를 이용하게 된다면
,
비슷한 느낌을 받을 것 같습니다
.
사냥터에 따라 보마의 언카운터블 에로우를 사용할 수도 있고 스펙이 되어 사출되는 느와르카르트가
1
킬이 뜬다면 리마스터된 나이트로드의 쇼다운으로도 괜찮은 사냥능력을 보여줄 수 있습니다
.
패스파인더
2
차 스킬을 훔쳐서 패파와 같이 사용하는 방법도 권장되고 있으나 필자는 패파 출시 전에 육성하였기에 이 부분이 설명이 미흡한 점은 고려해주시기 바랍니다
.
1.4.6
은월(리마스터 관계로 제거)
폭류권
1
타 킬이 전제가 되어야 수월해집니다
.
이동속도가
140
으로 의외로 낮은 편이라
‘
기동성이 너무 나쁜 것 아니냐
’
라는 생각을 할 수 있습니다만 폭류권을 사용하며 기동이 가능하기에 생각보다 사냥 피로도는 낮고 이에 불여우령 스킬까지 원킬이 난다면 훨씬 수월한 사냥과 마릿수 확보가 가능합니다
.
최근 패치를 통해 폭류권의 원킬컷이 이전보다는 수월해졌으나 불여우령 스킬의 의존도가 낮은 것은 아니기에 유효킬을 기대할 수 없게 된다면 극한의 마릿수 까지는 힘들 수 있습니다
.
또한 히어로
,
데몬어벤져와 공통된 단점 부분으로 기본 크리티컬 확률이
30%
로 전직업 최하수준이기에 크리티컬 확률을 추가적으로 보완할 수단이 다른 캐릭보다 더 필요합니다
.
1.5
노바
1.5.1
카이저
주력기인 소드 스트라이크의 전방범위가 다소 만족스럽지 않을 수 있으나 상단 범위와 후방 범위가 있기에 무난한 사냥능력을 보유하고 있습니다
.
또한
5
차 스킬 드래곤 블레이즈와 가디언즈 노바의 도움을 받아 비 변신 시에도 적당한 마릿수 확보가 가능합니다
.
변신을 통한 극한의 마릿수와 비 변신을 통한 피로도 낮은 사냥을 취사선택 할 수 있다는 점도 매력적으로 작용합니다
.
1.5.2
카인
빌드를 어떻게 짜느냐에 따라 한계치가 굉장히 높아질 수 있는 캐릭이나 필자는 피로도를 고려하여 타협하였기에 주력기와 샤프트 브레이크
,
스케터링 샷 정도만을 사용하였습니다
.
사출기라고 할 수 있는 드래곤팡의 원 킬 컷이 카인의 높은 기본스펙과 어우러져 다소 낮은 편이라 크지 않은 투자로도 쉬이 사냥을 할 수 있는 장점이 있습니다
.
빌드를 빡빡하게 짜지 않아도 어느 정도의 마릿수를 기대 할 수 있는 편이라 육성하기가 그리 어렵지는 않습니다
.
1.5.3
카데나
쿨짧은 여러 가지 스킬을 돌려 가며 사냥터에 맞게 빌드를 짜서 운용할 수 있습니다
.
다만 여러 스킬을 돌려써야 하는 사냥 매커니즘에 익숙하지 않은 분들은 피로함을 느낄 수 있습니다
.
스킬 버튼 할당문제로 키셋팅에도 어려움이 있을 수 있으며 사냥 스타일에 익숙해 지기까지 시간이 오래 걸릴 수도 있습니다
. ‘
난 복잡하게 여러스킬을 누르기가 싫다
.
단순히 스트로크 사냥만 할 것이다
’
라고 생각하시면 저열한 스트로크의 범위로 인해 만족스럽지 못한 마릿수를 확인 할 수 있을 것 입니다
.
가급적 유튜브에 나와있는 사냥터별 카데나 사냥빌드를 참조하길 바라며 충분히 숙달되신다면 만족스러운 마릿수를 확보할 수 있습니다
.
1.5.4
엔젤릭버스터
리마스터 전에 육성을 하였으나 사냥 측면만 살펴보면 큰 틀에서는 차이가 없다 생각합니다
.
스펙이 부족하다면 프라이멀 로어의 넓은 범위를 이용하여 사냥을 권장하고
, 2
킬 스펙이상이 가능하다면 소울시커를 이용해서 편하게 마릿수를 챙길 수 있습니다
.
사출기 스킬 특성상 원킬컷이 다소 높은 편이나 아케인 리버 지역 몬스터 체력이 세르니움 이상 지역에 비해 많이 낮기에 템셋팅에 어느 정도 신경만 써준다면 육성의 질이 달라 질 것입니다
.
시커 특성상 지형에 구애 받지 않고 단순히 스킬 하나만으로 편하게 사냥 할 수 있기에 여유가 된다면 템에 힘을 주는 것을 추천합니다
.
1.6
레프
1.6.1
아델
출시 직후 키운 캐릭이라 점프키를 누르며 디바이드와 오더를 같이 눌러주는 방법으로 사냥을 하였습니다
.
오더 원 킬 기준으로 사냥이 굉장히 수월하고 피로도도 낮았기에 사냥터 제약이 없다시피 했습니다
.
다만 오더의 인공지능이 일반적인 사출기 급으로 좋은 것은 아닌 점을 유의하고 사냥을 하시는 것이 좋으리라 생각합니다
.
현재는 에테르 수급이 과거와 같지 않아 본인의 경험과는 다소 차이가 있겠지만 피로도와 한계치 면에서 여전히 좋은 성능을 내고 있는 캐릭터입니다
.
1.6.2
칼리
보이드 러쉬를 활용하여 비교적 넓은 맵도 높은 기동성을 이용하여 수월하게 사냥할 수 있습니다
.
단순히 점프 플러리와 보이드 러쉬만 사용하는 식의 뇌빼기 사냥에도 충분한 마릿수가 확보 될 수 있을 정도로 절륜한 기동성을 보여줍니다
.
다만 보이드 러쉬의
Y
축 범위가 특출나게 넓은편은 아니기에 상황에 따라 정교한 컨트롤이 필요 합니다
.
마릿수에 비해 낮은 피로도를 강점으로 뽑을 수 있습니다
.
1.6.3
아크
하이퍼버닝을 통하여 육성하였습니다. 사냥터 장악을 위해서는 레프모드와 스펙터모드를 번갈아 활용하는 것에 익숙해지는 것이 중요합니다. 단순히 주력 스킬 하나만 사용해도 적당한 마릿 수가 나오는 여타 직업들과는 달리 많은 스킬을 사용해야 합니다. 또한 레프모드와 스펙터모드를 오가며 정신력 게이지를 관리하는 것이 중요하기에 뇌빼기 난이도는 다소 높습니다.
물론 사냥터에 따라 정형화된 빌드만 따라가면 쉽게 원젠컷을 낼 수 있을 정도로 맵 장악력이 우수하기에 한계치 사냥만 할 수 있다면 로디드다이스와 더불어 경험치 적인 측면에서 다른 캐릭들보다 우위를 가져갈 수 있습니다. 다만 사냥 시 입력하는 키 종류가 다소 많고 빌드가 복잡하다 여겨질 수 있습니다.
1.7
아니마
1.7.1
라라
용맥 흡수 분출 등의 다소 뇌빼기가 힘들 것 같은 스킬 구조를 가지고 있지만 산꼬마 까지 원킬이 난다면 정기 뿌리기만으로도 나쁘지 않은 마릿수를 보여줄 수 있습니다
.
다소 피로도를 포기하고 마릿수를 늘릴 수도 있지만 정뿌와 무지성 분출만으로도 나쁘지 않은 사냥 능력을 갖추었기에
‘
해볼만하다
’
라고 생각합니다
.
라라와 관련하여 과거 작성했던 글을 링크로 첨부합니다
.
내용 추가 라라의 경우 발현 : 강줄기 흐르는 곳 스킬의 메커니즘이 2022년 8월 개선되어, 이전의 사냥 메타는 유용하지 않습니다.(나린사람님 댓글 반영)
https://www.inven.co.kr/board/maple/2304/28630?name=nicname&keyword=%EC%96%91%EB%B0%95%EC%82%AC
1.7.2
호영
게이지 직업이라 다소 게이지 관리에 불편함이 있을거라 생각하는 경우가 많지만 실제 사냥에서는 게이지 관리보다 지속적으로 사용해야하는 버프들이 발목을 붙잡습니다
.
펫버프에 들어가지 않는 버프들이 사냥능력과 직결되어 있어 마릿수에 영향을 크게 미칩니다
.
사냥 능력 자체는 우월한 편이나 신경써야 할 버프스킬들과 사냥기들이 결국 뇌빼기 난이도를 높이는 원인이 됩니다
.
1.8
제로
태그 시스템이라는 다소 일반적이지 않은 구성에
100
레벨부터의 육성이 특징입니다
.
보통은
200
까지만 육성하기에 대충 아무키나 누르면서 육성하는 경우가 많습니다
.
과거에는 다른 캐릭터들이 거울세계 밖에서 수월하게 육성하는 것에 비해 거울세계라는 던전이 강제화 되는 부분 때문에
200
까지의 육성자체가 피로도가 높다는 평가가 많았습니다
.
다만 최근 패치를 통해 챕터
2
이후 바깥세계의 경험치 감소 패널티가 사라졌기에 링크스킬을 포기한다면
200
까지 육성 자체에 거울세계가 강제되는 점은 줄어들었습니다
.
200
이후 육성을 생각한다면 제로 스킬에 대한 이해도가 높아지고 동윗깊
1
과 같은 특정 사냥터 빌드의 이용 등 스펙이 충분하다면 우수한 기동성을 통해 사냥하기가 수월한 편입니다
.
특정 사냥터에서는 피로도를 줄이면서 한계치를 높게 가져갈 수도 있지만 그 수월한 사냥을 위해서는 검기와 전깃줄의 유효킬을 위한 최소한의 투자가 이루어져야 함은 말할 필요가 없습니다
.
1.9
키네시스
특출 나다 할 정도로 낮은 사냥기 원킬컷과 범위가 특징입니다
. 5
차 스킬인 불릿을 불릿
+
불릿 매크로와 다소 부족하지만 그래도 있어서 감사한 윗점
(
현재는 없는 캐릭이 없는
)
을 이용하여 사냥하기가 수월했습니다
.
다만
PP
관리라는 측면 때문에
PP
에 하이퍼스텟이 강제되고
10
레벨을 투자해 줬음에도 설치기를 포함하여 여러 가지 스킬을 이용해
PP
를 수급해 줘야 했다는 부분이 정형화된 사냥터와 빌드에 익숙해지기 전까진 다소 불편한 점으로 작용합니다
.
높은 사냥 한계치에 비해 게이지 관리라는 측면 때문에 처음 하시는 분들은 뇌빼기가 다소 수월하지는 않을 수 있습니다
.
다만 이 부분을 극복하고 뇌빼기에 익숙해 진다면 생각보다는 피로도가 낮은 사냥을 기대할 수 있습니다
.
※
필자의 알량한 지식으로 여러 파트를 나누어 캐릭터 줄 세우기 식 평점은 하지 않겠습니다
.
※
회수를 신경쓰지 않았기에 아이템은 그대로 있으며
,
전투력이 낮은 이유는 탕윤셋을 제외하고 다 벗겨 놓아 그렇습니다
.
※
경험치 쿠폰은 유니온
, mvp
레드로 수급하며 소진 시 캐쉬샵
2
배쿠폰을 구매합니다
.
※
보스는 관심이 없어
250
캐릭터들로 따로 보스를 돌거나 하지는 않습니다
.
※
캐릭 별 육성 기간은 대부분
9
일
~10
일
(60~70
시간 내외
,
약
100
만마리
, 2023
여름패치 이후 최신 정보 반영
)
정도입니다
.
본인이 해냈다는 성취감에 육성을 하기에 따로 부주를 쓰지는 않습니다
.
※
저렙 구간의 육성 경험은 전문성이 떨어질 것이라 판단하여 따로 언급하지는 않겠습니다
.
※
몬스터파크는 레헬른 이상레벨부터
7
판씩 돌아줍니다
.(
이하 구간은 경험치 측면에서 사냥에 비해 손해
)
※
드메 아이템
,
자석펫 다 사용합니다
.
읽어주셔서 감사하고 수정 사항이나 잘못된 것이 있으면 지적 겸허히 받겠습니다
."
