title,author,datetime,content,url
테라버닝 이후 260까지 빠르게 찍는 방법 없을까요??,땔감,2026-07-01 00:39,"하이퍼는 다른캐릭 키우고 있고
테라버닝으로 하나 더 키우려고 하는데 구간별 효율좋은 사냥터나, 딸농같은 뭔가 방법이 있을까요??",https://www.inven.co.kr/board/maple/2300/358566
보스 배율 200퍼면,,2026-07-01 00:32,대충 10분정도 치면 잡는다고 생각하면대나요?,https://www.inven.co.kr/board/maple/2300/358565
챌린저스 패스 경험치 획득 순서,라이나0,2026-07-01 00:31,"지금 272렙 50퍼에 exp 교환권 2000개, 블루베리 농장 6개, 사우나 2시간 있으면 어떤 순서로 하는게 가장 이득인가요?",https://www.inven.co.kr/board/maple/2300/358564
리레4렙 팔까요 갖고 있을까요 ?,디지디디,2026-07-01 00:24,"본캐 보스돌이하다 반상에서 리레4렙 먹었는데.. 고민중입니다
챌섭 레테 건너오면 줄지,, 아니면 팔고 그 메소로 다른 템 수급하는 게 좋을 지
어떤 게 더 나을까요? 레테 투력은 4100입니다",https://www.inven.co.kr/board/maple/2300/358563
흔적 3000개 넘겨서 300개넘게 날아갔는데 복구해줄까요?,심해구조대,2026-07-01 00:17,이거때문에 한주 밀려서 일단 문의는 넣었는데 복구해줬던 사례라도 있나요..?,https://www.inven.co.kr/board/maple/2300/358562
이지칼로스 2-1 패턴 질문이있습니다 ㅜㅠ,쓰리싸이즈,2026-07-01 00:13,"분명히 영상에서는 수호지대 들어갔다가 이펙트 보면 패턴 파훼된거라는데
저는 이후에 찍기하면서 피가 다시 차거든요? 아무리 영상을 다시봐도 수호지대 들어갔다가 칼로스 이펙트 보이면
4초후에 그로기가 걸린다는데 저는 아무리해도 수호지대있다가 화면공격기 보이고나서 애가 찍기하면서 죽는데
이거 제가 뭐 잘못하는게 있나요? 영상으로 봤을때는 전혀 잘못하고있는게 없는데 말이에요",https://www.inven.co.kr/board/maple/2300/358561
(뉴비) 비숍 진힐라 잡을때 오버러드 마나 켜요?,,2026-07-01 00:12,"오버러드 마나 엔젤레이 쓰니까 마나가 쭉쭉빠지는데
오리진 갈길때만 켜놓는건가용?",https://www.inven.co.kr/board/maple/2300/358560
카에유잠만 파려는데,,2026-06-30 23:54,얼마정도가 적당할까요,https://www.inven.co.kr/board/maple/2300/358559
거탐 및 돌아가는 화살표 룬 찍계 문의,버프프리져,2026-06-30 23:17,요즘 챌섭에서 채집이랑 사냥하고 본섭와서 본캐로 사냥하는데 며칠전에 채집하는데 갑자기 화살표가 돌아가길래 패치 매크로 방지 패치했나 싶었는데 본섭와서 사냥하는데 룬해방 하려는데 뜰 때부터 뭐가 불쾌하길래 찾아봤는데 찍계라고 매크로 의심 받는다는데 한적이 없는데 어떻게 해결 방법이 있을까요 ㅠㅠ,https://www.inven.co.kr/board/maple/2300/358558
챌섭 복귀 유저 질문,찐빵다이스키,2026-06-30 23:05,"옜날에 일리움 키웠고 지금 챌섭에서 보마 키우고 있습니다
일리움한테 인트템이 좀 군대 군대 있는데(레에~레유) 요즘 인트 템이 비싸다는데 이거 팔고 보마 템 맞출 수 있을까요?",https://www.inven.co.kr/board/maple/2300/358557
대적자코인 질문해요,,2026-06-30 23:02,"본섭에서 제네플러스 사서 코인받은다음에
그 코인을 챌섭에서 사용할수있나요??",https://www.inven.co.kr/board/maple/2300/358556
챌섭 템셋팅 질문입니다!,백마충,2026-06-30 22:53,"환산 2.6 챌섭 복귀 유저 입니다
토큰 우선순위를 잘 모르겠어서 질문드립니다!
1. 레전 잠재 사서 이벤링 드메 맞춰주기
2. 유니크 잠재 사서 여명 2개 유니크 맞춰주기",https://www.inven.co.kr/board/maple/2300/358555
미트라 vs 크뎀장갑,돼지색히2,2026-06-30 22:52,오래한다는 기준으로 60미트라 vs 에테 22성 크크주,https://www.inven.co.kr/board/maple/2300/358554
재업) 루컨마 럭170급인데 사는 사람이 있을까요?,,2026-06-30 22:25,이거 잠재때매 애매해서요,https://www.inven.co.kr/board/maple/2300/358553
고민!,달콤한롤리팝,2026-06-30 21:54,"5년전쯤인가 268카이저를 키우다 접었습니다.
그런데 지금 복귀하고 싶은데 보니까 해방도 떠먹여주고 많이 좋아졌는데
지금...제가 현재 카이저를 버리고 새카이저를 챌섭에서  키워야될지 아니면 본섭 카이저에게 280버닝을 부여하고 제네시스 패스를 사서 해방하는게 좋을지 고민이에요...
어떻게 하면 좋을까요...? 정든 캐릭터긴하지만... 성장이 더 좋은? 효율적인? 쪽으로 조언부탁드려요...
268카이저 스펙은 대충 2000만인것 같습니다....",https://www.inven.co.kr/board/maple/2300/358552
쌍드템 가격이 얼마가 정가일까요,메짱롤대남,2026-06-30 21:52,"마이스터 이어링 샀는데 제가 끼다가 나중에 돈모이면 팔고 업글하려고합니다
가횟 8남았고 22성이고 법사매물이에오.",https://www.inven.co.kr/board/maple/2300/358551
그런데요 크오솔 스인미 이런거 언제 강화해요 ?,너희들의왕,2026-06-30 21:50,"코강전부다 하고 올리라는 글들이많은데
코강 전부 다 했다는게 어떤상태를말씀들 하시는건지 종잡을수가없어요
직업 / 강화 / 공용 / 쓸심 까지는 이해했는데요
공용부분에서
쓸만한 스킬들 전부다 마스터를해야 코강전부다했다고 표현하는건가요 ?
아니면 공용코어 [극딜시퀀스 올릴꺼랑 외로 노바,의지,샤워,로프,파운틴 정도] 만 올려둔걸
코강 전부다 했다고 표현하는건가요 ?",https://www.inven.co.kr/board/maple/2300/358550
데카아웃 클리어 질문,Dmmhnd,2026-06-30 21:22,"보스 데카아웃 되고 클리어 인정이 안되면
버스기사 무한증식한다는 건 알겠는데
그럼 데카아웃 된 사람도 보상을
같이 먹으면 문제 없는 거 아닌가요
이것도 어려우면 데카아웃 됐을 때 보상 하나도 못 먹고
도전 기회도 날아간다고 경고 문구라도 보여줘야지
어제부터 검마 10시간 정도 트라이해서 오늘 3인팟으로 깼는데
이런 줄 알았으면 그냥 6인 딜찍이라도 했지
흔적만 들어와도 만족할텐데 아무것도 안 주고
기회만 사라지니까 진짜 거지같네요",https://www.inven.co.kr/board/maple/2300/358549
미트라 있는데 흙칠흑 하나 박아서 2칠흑 박는거 효율,,2026-06-30 21:14,"챌섭 미트라 쓰고있는데 2셋옵이 보공이길래
칠흑중에 싼편인 루컨마 17성 카유잠 발라서 셋옵 받을겸
직작하는거 효율 괜찮나요? 이번챌섭 헥환 4.8정도까지
올리려고 합니다",https://www.inven.co.kr/board/maple/2300/358548
한 계정으로 2개서버 키울떄 장단점알려주세요,,2026-06-30 21:11,장단점 많이 알려주시면 감사합니다.,https://www.inven.co.kr/board/maple/2300/358547
mvp실버인데 오늘 안쓰면 초기화되나요?,,2026-06-30 21:06,"mvp골드까지 이정도 남았는데
이거 오늘 안올리면 내일 다시 실버 처음부터 다시올려야됨?",https://www.inven.co.kr/board/maple/2300/358546
안녕하세요 복귀유저 챌섭 챌린지 질문드립니다,조태조태,2026-06-30 20:58,우선 261 레테 키우고있고 285 찍고 챌린지찍으려고하는데 찍으려면 패스가 필수라는데 문제는 제가 본캐가 270이라 본캐에 버닝비욘드를 했는데 이러면 패스 사도 챌린지 찍기힘든가요? 챌린지찍어야 야누스솔20렙 쿠폰이 생긴다고해서요 ㅠㅠ,https://www.inven.co.kr/board/maple/2300/358545
메포는 보통 어디에 쓰나용 ?,,2026-06-30 20:57,"와이프 이름이 올라와서 살려고
50만 캐시충전해서 메포로 바꿧는데..
55만까지 올라가꼬 ㅠ_ ㅠ 후다닥 더 충전하러갔더니 끝낫네여
메포만 50만 덩그러니 남았는데 보통 뭘하면 좋을까여 ㅋㅋ  ㅠ",https://www.inven.co.kr/board/maple/2300/358544
챌섭 템 업글 부위 추천받아요!,Fifa계정삼,2026-06-30 20:27,"목표는 챌린저이구요 얘가 본캐여서 챌섭 끝나고도 6만까지는 키울 생각입니다.
지금 상황에서 100억이 있다면 17성 21퍼 찐도미 / 트왈마 -> 17성 21% 루컨마 교체 정도만 해도 괜찮으려나요?
찾아보니까
크주주 에테장갑,
컨티3 -> 4렙, 21성 21% 마이링 같은 선택지도 있더라구요. 어떤게 최선일지ㅜㅜ",https://www.inven.co.kr/board/maple/2300/358543
전시즌 유입 뉴비 질문드립니다,돼지색히2,2026-06-30 20:18,제가 앞으로도 쭉 메이플을 길게 할 생각으로 자석펫도 5마리 구비해놨습니다. 돈을 좀 쓰려고 하는데 미트레 에공삼 vs 에테 22성 크크주 장갑 사려고 합니다 크크주말고 크크잡 22성 사고 나중에 크크주 깡통 사서 잠재전승 할 생각도 있어요 엄청 길게 볼거라서 준 종결템 하나는 가져가고싶습니다 도움주세요,https://www.inven.co.kr/board/maple/2300/358542
챌섭 유입 메린이 메소사용후보 골라주십셔,겅달,2026-06-30 20:12,"챌린저 목표입니당 현재 150억 메소있고
직업 윈드브레이커에 여명4셋 챌섭재화로 직작했습니다
아획 1줄 이벤링 3개에 드메올 하프,미카엘라있습니다
매일 5소재정도 사냥하는거같고
1.월초에 자석펫 싸질수도있다해서 자석펫 구매
2.에테 장갑 크주주? 나중에 비싸진다해서 지금사기
3.윈브 쿨뚝 사기..?
어떤게 괜찮을까영",https://www.inven.co.kr/board/maple/2300/358541
투력과 스공 중에 뭘 중점적으로 봐야 하나요?,Hjwoo,2026-06-30 20:11,"저랑은 다른 직업인데 투력이 저보다 몇백만 낮은데 스공은 오히려 몇백만 높은 사람들이 꽤 보이던데
제가 육성에 무언가 문제가 있는 거 아닌가 해서요
그리고 스공이랑 투력 중에 뭘 중점적으로 보아야 하나요?",https://www.inven.co.kr/board/maple/2300/358540
챌까지 생각중인데 블빈마 파풀마 어느게 나음?,만팔,2026-06-30 20:08,20 블빈마로 챌가능함? 아님 21이상 가야하나?,https://www.inven.co.kr/board/maple/2300/358538
하루 사냥 최대 4~5시간이 끝임?,Funnn,2026-06-30 19:08,뭐 일일 메소 제한이 있다는데 그럼 4~5시간 사냥하면 그뒤로는 사냥하면 안되는거임?,https://www.inven.co.kr/board/maple/2300/358537
상위? 중상위? 보스 팟격 어떻게 구하시나요들,,2026-06-30 19:05,"곧 8만 찍히는데 림보 익검 익세 3~4인 구해야되는데 어지럽네요
파티 구하는 채널이 따로 있나요? 라운지 같은",https://www.inven.co.kr/board/maple/2300/358536
안녕하세요 이번에 시즌4 유입뉴비입니다! 질문 있어요!,메아솔,2026-06-30 18:51,"큰맘먹고 3석펫 이번시즌기수 질렀어요 근데
외형이 별로 맘에 안들어서 그러는데 다른 예쁜펫 외형을 덧입힐 수 있나요!?",https://www.inven.co.kr/board/maple/2300/358535
메린이 노말세렌 이지칼로스 가능할꺼같음??,Funnn,2026-06-30 18:45,"메린이 노말 세렌 배율 165퍼, 이지 칼로스 121퍼인데 가능할꺼같음??
검마 솔격 난이도 보다 어려움?? 검마 138퍼로 11시간 트라이 박다가 3페 개딸피 남기고 계속 리트 박아서 못깼는디",https://www.inven.co.kr/board/maple/2300/358534
200 카르마 레전잠재 거공에 발라두되여?,도오너,2026-06-30 18:34,"카르마 레전잠재  에메랄드 달성해서 받았는데
그다음 보상은 제네무기에 지르는거 까진 오케이인데  미트라 레전이구 보조도 레전이라
이러면
페어리에 질러야하나용?
혹 아니면 레전 거공을  깡통 or 18성 사먹는게 훨 났나요..?
2칠흑입니당 지금,,,",https://www.inven.co.kr/board/maple/2300/358533
챌섭 다이아 250물약,,2026-06-30 18:31,"챌섭 다이아 250물약
1렙에 먹여도 250 되는건가요??",https://www.inven.co.kr/board/maple/2300/358532
"전엔 경험치 bm효율표 감사하게 누가 공유해주셨었는데,",,2026-06-30 18:29,"280렙 앵컴이 악몽보다 효율 좋던데,
5단계로 줄면서 메포가 줄었는데
지금도 앵컴이 효율 좋을까요?
혹시 아시는 고수분?!
감사합니다.",https://www.inven.co.kr/board/maple/2300/358531
챌섭 메린이 여명4셋이후 스펙업은 어떤거해야하나요?..,얌히,2026-06-30 17:59,"미트라는 없습니다
스펙업이라는 개념을 안가지고살았는데..
온몸비틀기 메생최초 하드진힐라에서 고근이
드는바람에 60억정도있으면 다음 스펙업은 뭘해야하나요?..",https://www.inven.co.kr/board/maple/2300/358530
형들 작년렌유입 복귀하려는데 템세팅조언좀,갈수있을까,2026-06-30 17:20,"이번에 복귀해서 레드달아놓고 챌섭에 보마 키우고있는데 (현재 이적자까지 깸)
작년여름 챌섭에 렌 키우다가 본섭 리프해놓고 접었는데 현재 템 상황임
하드세렌까지만 돌리려는데 템세팅 조언좀...컨이 좋진않아서 완전 딱컷은 힘들듯한데
지금생각중인게 18아케인 장갑, 견장, 신발, 망토/ 18에테 모자,상,하의? (12로 해도 되는지) 18여명 4셋 나머지 대충둘둘 할까생각중인데 괜찮으려나?
세팅을했을때 어떤보스까지 견적이 되는지 모르겠어서 물어봄 알려줘 메짱형들",https://www.inven.co.kr/board/maple/2300/358529
메린이 엠블 잠재 옵션 질문 드려요!,쯔란만두,2026-06-30 17:17,"이번 챌섭 유입한 메린이 인데 이번에 엠블램을 좀 맞춰보려고 하는데
​
윗잠 방무40 공9공9 랑 공12공12 중에 고민중에 있습니다
​
챗지피티는 방무40이 더 좋다고 하는데 공24 짜리가 전투력은 더 높게 나오는데 혹시 어떤게 더 좋을까요?
마을 방부는 97.7 나오고 가격은 둘 다 비슷 합니다",https://www.inven.co.kr/board/maple/2300/358528
드메링(재획용)과 스탯링(보스용)을 어떻게 세팅 해야하는지 궁금합니다.,Poste,2026-06-30 17:12,"옛날 검마가 짱먹던시절 접었다 요번에 챌섭으로 돌아온 복귀유저입니다.
지금 링이 이렇게 있습니다.
총 5개 이벤3링(레전, 드or메 + 스탯9%) + 이터널플레임링(유닉, 스탯15%) + 실버블라썸(에픽, 스택12%)
소재획 먹으면 메161%/드120%(?) 정도 되는것 같습니다.
보스잡을때, 리레/컨티 + 이터널 + 실버블라썸 + 이벤링1개 끼고 잡고있는데요. (보장 9셋)
이벤링은 잠재가 싹 레전이기도 하고 이벤링 전용 큐브가 좀 넉넉하게 남아있어 아깝다 생각이 드는 상태입니다.
궁금한점은,
1. 이벤링 큐브로 이벤링을 스탯21%만들고, 일반링(Non-이벤링)에 드or메 옵션 달린걸 사느냐?
2. 이벤링 큐브를 그냥 쓰지말고(유통기한 지나 날리고), 스탯 잘뽑힌 일반링을 사느냐?
입니다.",https://www.inven.co.kr/board/maple/2300/358527
환산주스탯 사이트 스펙업순서 보는법,루닐,2026-06-30 16:58,저거 색깔이랑 숫자 무슨뜻이고. 무슨색이 제일 좋다는건지 설명좀 해주실분... 그리고  불꺼진건 뭐고 왜 저기까지만 불이켜져있는건지. 설명좀해주시면 감사합니다 ㅠ,https://www.inven.co.kr/board/maple/2300/358526
찐 메린이 입니다... 살려주세요,키위향발냄새,2026-06-30 16:51,"메린이 진로 상담좀 부탁드립니다.
렌 재밌어서 하다보니 3석펫도 지르고 코디도 지르고 페어리 쌍레도 찍고 템도 사다보니 블랙까지 찍어버렸는데 이래저래 현명하지 못한 현질을 한거 같아서 이후 방향이라도 잘 잡아보려고 합니다.
일단 템 세팅은 밑에처럼 가져가긴 했는데 이후에 어떻게 가야 할까요. 유튜버 분들 하라는데로 하다보니 욕심생겨 현질을 해버리는 바람에...ㄷㄷ
미트라 질러버릴까 하다가 가격 보고 본썹 넘어가서 가격 떨어지면 사야지로 태세전환 하긴 했는데
여기서 드메 100/100을 먼저 만들고 사냥 돌리는게 나을까요? 벨트 자쿰이랑 찐 도미 까지만 사는 정도로 해서...
아직 보스 공부가 안되서 최소컷으로 깨기는 어렵더라구요.. 노말 루시드, 윌, 하드 스우까지 잡았고, 챌썹 목표는 사파~다이아 입니다.
콘텐츠도 질문 있는데요... 주간 보스 다 돌았는데 할게 사냥 말고 없더라구요? 일퀘 몬파 등등 하고 사냥만 1-2재획 정도로 하고 있는데 이게 맞나요..? 뭐 놓치고 있는거 같아서요...",https://www.inven.co.kr/board/maple/2300/358525
마빌 채광을 들어갈 수가 없음ㅠㅠ,강클팍,2026-06-30 16:36,"튜토퀘? 같은거 다 깼는데 채집은 들어가지고
채광은 입장 목록에 뜨질 않음",https://www.inven.co.kr/board/maple/2300/358524
5석펫 질문 있습니다..,안나옴,2026-06-30 16:31,"이번에 이벤트로 받은 자석펫을 포함해서 스카니아에 5석펫을 보유 중인데요.
3석 + 2석으로 5석 효과를 받을 때, 2석펫을 재료로 사용하면 증발하나요?
그리고 나중에 월드 리프가 생기면 그때 다른 월드로 들고 갈 수 있을까요?
찾아봐도 정보가 안 보여서 질문글 올려봅니다. ㅠㅠ",https://www.inven.co.kr/board/maple/2300/358523
뉴비 자석펫 질문이있습니다,Soulranster,2026-06-30 16:15,"2년전에 자석펫 한마리 입양하고 오랫만에 복귀했습니다.
자석펫 세트효과 받으려면 마우스 올려서 보이는 애들 3마리 모여야지만 세트효과 받나요? 최신 자석펫 같이껴도 세트효과 받을수있나요?",https://www.inven.co.kr/board/maple/2300/358522
검마 템세팅좀 봐주실수있을까요,제로투눈나,2026-06-30 15:40,"닉: 무적이없을까 직업:보마
검마 145퍼인데 템세팅 더올릴만한게있을까요? 아직 빡세서;;
심볼은 아케인18렙 어센틱 5렙",https://www.inven.co.kr/board/maple/2300/358521
뉴네임옥션 폰으로도 할 수있나용 .. ?,,2026-06-30 15:31,"와이프 이름이 나와서 구매하려는데..
이거 구매하려고 회사에 노트북도 챙겨왔는데 ;;
마감임박되니까 입찰자가 엄청 붙네요 다들 일할시간일텐데..
혹시 폰같은걸루 간편하게 하는 방법도 잇눈곤가요 ?",https://www.inven.co.kr/board/maple/2300/358520
잠재 주문서 어따써야할지 모르겠음..,Dlucio,2026-06-30 15:28,"지금 제 템이 이런 상황인데
카르마 유니크 잠재, 카르마 레전 잠재, 카르마 에디 유니크 잠재 이렇게 3개 남아 있는거 어디에 써야할 지 감이 안와요
카혼목 -> 데브팬 생각하고 있는데 이게 맞는지 확신도 없어서 조언 좀 부탁드립니당",https://www.inven.co.kr/board/maple/2300/358519
파티로 연습모드 클리어해도 페이즈별 연모 열리나요?,Popnemo,2026-06-30 15:22,림보 연습하려는데 혼자서 밀기엔 택도 없어서..,https://www.inven.co.kr/board/maple/2300/358518
메린이 드메템 질문이요!,유월사,2026-06-30 15:21,"드메템을 하나씩 맞추려고 하는데
마이스터링을 찾아보니 '장착 시 교환 불가'가 있고 '1회 교환 가능 (거래 후 교환 불가)' 이렇게 두개가 있더라구요. 혹시 차이점이 있나요?
필터에 가위 사용 가능 횟수 미부여를 설정해놓고 검색해도 두 종류 모두 떠서 질문드립니다!",https://www.inven.co.kr/board/maple/2300/358517
응애 뉴비 이벤트링 질문있어요,으아아ak,2026-06-30 15:17,"이번 챌섭에서 시작한 뉴비입니다
테네, 어웨이크, 슈프림(레전,레어에디), 이터널플레임(유닉, 레어에디)
이렇게 있는데
테네, 어웨이크 연합코인샵에서 이벤레전줌서 바르면될까요,,
지금 끼고다니는건
4렙리레(3렙컨), 실버블라썸(에픽 준거), 슈프림, 이터널
끼고다니는중이에여
영상 찾아봐도 반지 확실한 설명을 못찾았어요 도와줘",https://www.inven.co.kr/board/maple/2300/358516
조각 안파는 챌썹 메린이 템 진로좀!!,,2026-06-30 15:16,"이번에 아이가 생겨서 현질은 안될것같고. 지금 검마 126%에서 3페를 못가서 6월꺼는 못돌거 같고.
조각을 안팔았더니, 간신이 아케인 심볼만 강화하며 살고있습니다.
일단은 검마를 패고싶고, 챌썹끝나기전엔 챌린져를 달고싶은데, 템적으로 스펙업을 어떻게 해야할지 고민입니다.
일단 샤타때 악세 17성+ 이벤트재화 모이면 놀긍떡작 했던 4여명 프악공 예정이긴합니다!
조언좀!!!!
미리 감사합니다.",https://www.inven.co.kr/board/maple/2300/358515
5석펫 질문,,2026-06-30 14:48,"현재 쁘띠신야, 쁘띠파란버섯 보유중인데
버섯펫 2마리 + 아무 자석펫 1마리 이렇게 구매할까요? 아니면
기수펫 3마리 구매할까요?
한번에 안사고 한마리씩 순차적으로 구매할 예정입니다!",https://www.inven.co.kr/board/maple/2300/358514
"펫 HP, MP 물약충전 스킬 질문이여 급함 !!",깟님,2026-06-30 14:35,"주는 펫 쓰다가 자석펫 3개 사서 끼워놨는데
물약을 자동으로 안먹어서 캐시샵에서 HP 물약충전, MP 물약충전 샀거든요??
3마리 다 사나요??",https://www.inven.co.kr/board/maple/2300/358513
뉴비 제네시스 패스 질문입니다.,니코털샤기,2026-06-30 14:23,"금일 기준 268렙 투력 700만 레테 뉴비입니다.
본섭에 듀블 276키울때 최대 전투력 4000만에 진힐라 깨본적이 없는데,
3주차때 제네 패스 구입해도 장점이 있을까요?
검밑솔을 다 해본적이 없어 괜히 결제했다가 효과도 못볼까봐 문의드립니다!",https://www.inven.co.kr/board/maple/2300/358512
찍계 걸린것 같습니다.,Fccccc,2026-06-30 14:08,"방학때마다 복귀하여 챌린저스 서버에서 하고있는데 챌패스 제네패스만 사서 메제만채우고 남으면
한두캐릭 채집 또는 재획비만 만들고있는데 어제 갑자기 보호모드가 되어서 초본으로 풀고
오늘 사냥을 시작했는데 거의 30분~50분 마다 신박한 거탐만 걸리고있습니다
이건 어떻게 풀어야하나요?",https://www.inven.co.kr/board/maple/2300/358511
[챌섭] 혹시 저자본으로 챌린저 가능한가여,강윤슬,2026-06-30 14:01,"방학시즌때 마다 조금씩 찍먹해온 메린이에요
챌섭기간 끝까지 달리려고 합니다
패스전부구매 + 웰컴패키지 + 몬파5판 + 에픽던전1단계
이정도 현질 할 생각입니다
현재 메이플 유튜버 지ㅁ 챌섭 가이드를 보면서 하는중인데여
생각보다 쉽고 재밌네요
아래는 제 템셋팅입니다. 조언좀 부탁드려요",https://www.inven.co.kr/board/maple/2300/358510
지금 쌍레5줄 가격이 어떤 편인가요?,,2026-06-30 13:59,"시세탭 검색해보면 최근것밖에 안나와서 잘 모르겠는데
지금 템가격 무난무난한 편인가요?
아니면 챌섭거품 덜 빠졌을까요?",https://www.inven.co.kr/board/maple/2300/358509
카엔슬 가능할까요,레알밤판사,2026-06-30 13:35,노말 풀도핑 기준 입장 오리진극딜 리레 끝나기전에 잡혀요 배율은 126퍼? 정도 나오네요,https://www.inven.co.kr/board/maple/2300/358508
제네 해방 조각 이거 오바될까요?,,2026-06-30 13:28,조각이 2399개 있는데 7월1일날 검마솔플하면 정확히 2999개 될텐데 여기서부터 하드스우 진행하면 하드스우 흔적은 못받는지 궁금합니다,https://www.inven.co.kr/board/maple/2300/358507
메린이 헥사 스텟 질문 떡작했는데 궁금해요,안얌체,2026-06-30 13:02,"메인 스탯이 높으면 좋은 걸로 알고 있었는데 검색해보니 어떤 스탯이든 나중에는 뭐가 결국엔 좋다느니 뭐가 하나라도 10이되면 좋은 거라고 하더라고요?
메인스텟5만찍어보자하고 했는데 결국 다 강화할 때까지 이렇게 나와서 메인 스텟이 아니더라도 10에 가까운 9라도 나왔으니 좋은 건지, 아니면 초기화하고 메인 스텟 높아질 때까지 다시 찍어야 할지 궁금합니다.",https://www.inven.co.kr/board/maple/2300/358506
6월에 검마 잡았는데 7월1일 검마흔적,,2026-06-30 12:45,"6월 25일에 검마 잡아서 제네패스 흔적 받았습니다
내일 7월1일 되자마자 검마 잡으면 흔적이랑 보상, 받을수 있나요??",https://www.inven.co.kr/board/maple/2300/358504
메청년 메쌤 형님들 템셋팅 방향 조언 부탁드립니다.,양덕동,2026-06-30 12:40,"안녕하세요
컨트롤이 안되어서 최대한 보스 딜찍누를 하고싶은 메린이입니다.
약 400억 정도 있습니다.
현재 템 상태는 이렇고... 보조, 엠블, 하트 순으로 바꿔야 된다고 보았습니다.
당장의 목표는 검밑솔 수월하게 도는거고
그 다음 목표는 환산 6-7만 정도인데 조언 부탁드립니다.",https://www.inven.co.kr/board/maple/2300/358503
닉네임옥션에 이런닉도 팔릴까요 ?,그냥초보자,2026-06-30 12:29,"여잗, 정잗, 보잗, 묘잗, 흉잗",https://www.inven.co.kr/board/maple/2300/358502
챌섭 이칼 80퍼 나오는데 2인가능한가여?,,2026-06-30 12:27,가능하나여?,https://www.inven.co.kr/board/maple/2300/358501
메뉴비 질문입니다,,2026-06-30 12:26,"1. 전투력? 5천+-가 이것저것 무난하게 할수 있는 전투력인가요?? (메벤자게 돌아다니다 보니 5천정도를 기준으로 잡으시는 것 같아서요)
2. 장비템이 기간제인데 아이템 버닝 최종템 수준은 무자본으로 맞추기에 어렵지 않은 수준인가요?? 이벤트로 뿌리는 것들이랑 메소 모아서 해보려고용.(제네패스랑 챌린저스패스 구매했습니다)",https://www.inven.co.kr/board/maple/2300/358500
템세팅 vs 다조구매,예수믿는부처,2026-06-30 11:26,"다음달에 대략200억 정도를 투자를 한다면 템세팅이 나을까요?
지금 템 비싼건 3배씩 비싸던데(장신구) 이게 맞나 싶기도;;
차라리 싼 다조를 구매하는게 좋을까요....
메짱이분들 답변 좀 ...
본캐로 키울 아이 입니다!",https://www.inven.co.kr/board/maple/2300/358499
메린이 템셋 질문,트아가,2026-06-30 11:13,"지금 챌섭에서 제논 육성 중인 메린이 입니다
보유 메소 83억 정도 있습니다
벨트 도미는 챌섭 보상으로 준거 쓰고 있고 미트라는 챌섭 보상 레잠 발라줄 예정입니다
지금 보장이 4셋이라 하나를 내려야 하는데 어떻게 템 세팅을 해야할까요...",https://www.inven.co.kr/board/maple/2300/358498
경매장 시세탭,잉카이럼,2026-06-30 11:09,원래 경매장 시세 추이가 당일이랑 전일꺼 밖에 안나오나요?? 챌섭전에 얼만지 보고싶은데;;,https://www.inven.co.kr/board/maple/2300/358497
익검 첫트인데 조언듣고싶슴다,한마충,2026-06-30 10:40,"님들이 익검 처음 갔을 때 느낀 익검의 어려운점이랑
하드검마랑 다른 팁같은게 있을까요
특히 4페 색깔이 주기적으로 바뀐다는데 그럴땐 내 캐릭 뚫어져라 보고 있다가 바뀌자마자 다시 채집키로 원상복구 시킬 수 있나요? 아니면 강제로 바뀐다음 잠시동안은 채집키 막힘?",https://www.inven.co.kr/board/maple/2300/358496
메쌤 형님들 템셋팅 조언 부탁드리옵니다,꼬마꼼,2026-06-30 10:14,메쌤님들 70억 정도 있는데 어떻게 업글 하는게 효율이 좋을까요??,https://www.inven.co.kr/board/maple/2300/358495
메이플 슈퍼뉴비 어떻게 강화하는지 궁금합니다.,,2026-06-30 10:11,"안녕하세요 선배님들
인생처음 메이플을 하는 뉴비입니다...
자석펫을 직접 뽑는바람에 150을 써서 MVP가 되버려서(?) 본격 푹먹중입니다.
게임이 생각보다 좀어려운데.. 스펙업을 하는 방법이 궁금합니다.
제가 일단 하면서 느낀바로는...
1. 스타포스 강화
2. 잠재력 강화
3. 에디셔널 강화
이렇게 3개가 큰줄기인것 같기는한데 ;; 이걸 어떤템에 해야하고 어떤템엔 하면 안되고 이런게 넘 어렵습니다 흑흑",https://www.inven.co.kr/board/maple/2300/358494
280에 검마 노세 이칼까지 솔플한 챌섭분들 질문,Keypo,2026-06-30 09:55,"69000점인데
1000점 다들 뭘로 채울 계획이신가요..?",https://www.inven.co.kr/board/maple/2300/358493
5석펫 루나스킬 2캐릭터 사용가능한가요??,,2026-06-30 09:47,"1캐릭에서 루나스킬로 5시간 날먹후
2캐릭에서 월드공유로 5시간 똑같이 날먹가능한가요
90회인가 제한있던데",https://www.inven.co.kr/board/maple/2300/358492
200비약 질문 드려요,Como90,2026-06-30 09:37,이번에 주는 200비약 스카로 가서 쓸 생각인데 이러면 스카에 캐릭 하루에 2개씩 만들어 놔야 하나요?? 비약을 챌섭에 받아버려서요 ㅠ,https://www.inven.co.kr/board/maple/2300/358491
메이플 참고 사이트 질문이 있는데요!,고독한서머너,2026-06-30 09:10,"캐릭터 2~3개 한번에 검색해서
(ex : 레테, 렌, 보마)
이벤링 레전 잠재 주문서나 큐브 누르면 끼고 있는 템중에 어디에 쓰는게
효율이 좋은지 한번에 볼 수 있는 사이트가 있었던 것 같은데
무슨 사이트인지 기억이 안나서요 ㅠㅠ
혹시 아시는 분 있나요..?",https://www.inven.co.kr/board/maple/2300/358490
챌섭 질문있어요,곁에,2026-06-30 08:53,"작년에 렌으로 챌썹 1~2달 하다가 접고
1년만에 복귀해서 보마로 챌썹 진행중인데
55000점까지 했거든요 제네패스, 챌린저스패스 + PLUS 구입
해방이 7월 9일쯤인가 예정이긴 한데,, 해방하면 보스가 얼마나 더 가능할지 가늠이 잘 안가서요..
챌린저인가 하려면 무조건 현질 해야하나요??",https://www.inven.co.kr/board/maple/2300/358489
찐뉴비 앞으로 스펙업 계획..챌가능할까요,Isssinod,2026-06-30 07:26,"안녕하세요 이번에 메이플 처음 시작한 뉴비입니다
공략들 찾아보고 질문하면서 여기까지 왔습니다...(검마 파티해서 들어갔다가 도전기회 날려먹기도 햇네요)
280만 찍으면 다이아 되는 상황입니다
1. 레잠 유에잠 하나씩은 무기에 바를 예정인데, 남은 레잠 하나는 어디에다 사용해야 할까요?
2. 보조무기랑 엠블럼은 어떻게 해결해야 할지.....
3. 다른 부위는 어떤 걸 우선순위로 무얼 바꿔나가야 할지
++과금은 월 10만원정도는 계획 있습니다
이렇게 여쭙습니다!! 답변해주시면 너무 감사드리겠습니다",https://www.inven.co.kr/board/maple/2300/358488
메린이 쿨뚝 질문좀요,묭묭일,2026-06-30 07:09,"지금 저거끼고있고 환산 10.3입니다
불멸의유산? 살까하다가
쿨뚝을 저상태에서 윗잠 쿨2쿨2힘10을 사서 전승시킬지
둘중에 고민입니당 어떤게 좋을까요?
글고 전승만약한다면 템암꺼나 추옵 가횟 상관없이 잠재만보고 사오면되는건가요?",https://www.inven.co.kr/board/maple/2300/358487
이틀차 복귀유저인데 못채운출석 메포로 미는게 좋나요?,,2026-06-30 06:35,혜자면 밀까하는데 메포쓸만한가요?,https://www.inven.co.kr/board/maple/2300/358486
검마 솔격 4페 몇분쯤에 진입해야 깰만함?,Funnn,2026-06-30 05:27,배율 120퍼 정도에 지금 연모로 3페만 겁나게 하고 있는데 생존에만 집중해서 한 10분 언더 되는데 4페는 몇분쯤 진입해야 할만함??,https://www.inven.co.kr/board/maple/2300/358485
렌 어빌 벞지,남탓보단반성,2026-06-30 03:37,어빌 마지막줄 벞지or공인데 벞지는 왜써요?,https://www.inven.co.kr/board/maple/2300/358482
보스 파티플레이 중 죽으면 아무 보상 못받나요?,최적화,2026-06-30 03:26,"챌린저스 서버로 메이플 유입한 뉴비입니다
오늘 밤늦게까지 검은마법사 트라이를 했는데 결국 마지막페이지 피통5퍼에서 아쉽게 죽어버렸습니다
그런데 팀원 한명은 격파 성공했다고 저도 격파처리 되더니 아무 보상도 없이 끝나버렸습니다
이런 경우에는 어떻게 해야 되나요? 어둠의 흔적을 위해 하루종일 공략보고 도전했는데...",https://www.inven.co.kr/board/maple/2300/358481
헥사 2 보통 언제여시나요?,우진뽕,2026-06-30 03:04,"마코 전부다 7렙 찍었는데 헥사코어 2여는건 별로일까요?
환산 주스탯 보니깐 좀 뒤에있는데 7렙부턴 뚱에르다 너무 많이잡아먹고 강화코어도 뚫으라하는거 같은데 헥사 2언제 열지 고민입니다 전투력은 4000만정도 나와요",https://www.inven.co.kr/board/maple/2300/358479
루컨마 170급 띄었는데 추옵값 받을 수 있나요?,,2026-06-30 01:41,검환불 남은거 돌리다가 떳는데 이런거도 추옵값 받을 수 있나요? 받으면 얼마에 팔아야되요?,https://www.inven.co.kr/board/maple/2300/358478
미션 울티마 스토리 퀘,,2026-06-30 00:54,"레테 키우는데
도둑과 상인 퀘스트 하다가 평타로 못잡고 소환수가 다 잡아버려서
퀘스트 실패했는데 재시도 어케하나요ㅜ",https://www.inven.co.kr/board/maple/2300/358477
헥사 2 옵션 질문,깡으로버텨라,2026-06-29 23:48,헥사2 옵션 순서 헥사1이랑 똑같이 해야하나요? 환산 주스텟?사이트에서는 첫번째줄 옵션이 보공에서 크뎀으로 바껴서..그냥 보공이 더 낫겠죠?..,https://www.inven.co.kr/board/maple/2300/358473
챌썹 본케 쌩뉴비 입니다! 선생님들 조언 구합니다!,로아재밌나여,2026-06-29 23:32,"안녕하세요 보마 뉴비입니다
너무 즐겁게 게임하구 있습니다!!
환산 3만까지 찍었고
노말 세렌 솔플가능 까지는 재밌게 트라이 클리어 하고 즐기는 중이네요 ㅎㅎ
너무 재밌어서 돈을 쓸 생각을 하고 있기는 한데
제가 지금 템을 산게 하나도 없습니다!  다들 여명셋을 맞추던데
오래 쓸 생각하고 데브펜던트, 여명의가엔링 이 두개를 레레 12 9 9 를 사서 17성을 바르는게 좋을까요?
아니면 미트라나 보무를 먼저하는게 맞을까요?
아직 주간보스 2마리 남아서 스펙 좀더 올려서 검마 칼로스 도전해보고싶은데
미트라 보무는 지금 가격이 너무 높다고들 해서 여쭤봅니다..",https://www.inven.co.kr/board/maple/2300/358472
렌 데미지가 제대로 안나오는데 왜그럴까?,서울커핏우유,2026-06-29 22:34,"환산 8.4 카링 147퍼 도전
자꾸 딜 조금부족해서 못깨..
https://www.youtube.com/watch?v=2ka9j3Cg8gs
이 분거보는데 좀 이상해서 이분은 3페에 어센트 전부쓸때 전체 15퍼정도 댐지들어가는데
나는 12.5퍼밖에 안까여 극딜 대미지도 별차이안나고
승화분리같은거없이 망혼만 털고 극딜들어가는데 내가 뭐 놓치는거 있을까?
연습모드라 버프도 다 들어간거고 헤카테도 켰고 저분 마약버프 적용된때라고 해도 환산차이가 큰데
렌 온오프도 없잖아?",https://www.inven.co.kr/board/maple/2300/358471
챌린저스 패스 지원 물품 받았는데,메린이1578,2026-06-29 22:20,"명성치 이거 일요일에 어빌 50% 줄여줄때 돌릴까요?
200만 있는데 그냥 지금 돌릴까요?",https://www.inven.co.kr/board/maple/2300/358470
이번에 검마를 잡았는데 지금이라도 제네 패스 늦지 않았나요?,윤민혁짱짱쿠,2026-06-29 22:02,원래는 해방 생각이 없었는데 이번에 5인파티로 검마를 잡아버려서 해방을 해야할지 말지 고민 됩니다 지금 제네 패스 사도 늦지 않았나요?,https://www.inven.co.kr/board/maple/2300/358469
제네패스 플러스,,2026-06-29 22:01,"1. 연모로 잡은것도 소급적용 되나요??
2. 리워드는 순서대로 잡아야 처지인정 되나요??
이번달 검마 2인팟해서 해방 밀린김에 친구 3인팟으로 버스?? 태워주기로 했는데 어케되나요",https://www.inven.co.kr/board/maple/2300/358468
카르마 유니크 에디셔널 잠재를 에스텔라귀걸이에 박았어요...,킹킹티,2026-06-29 21:33,"그냥 유니크잠재인줄 알고... ㅠ
쭈욱 쓰면 댈까요...?",https://www.inven.co.kr/board/maple/2300/358467
복귀한 뉴비인데 V매트릭스가 예전이랑 뭔가 바뀐 느낌이에요!,웃는세상,2026-06-29 21:09,호영키우는데 직업코어랑 강화코어중에서 뭐부터 강화해야하는건가요?,https://www.inven.co.kr/board/maple/2300/358466
18성 칠흑 27퍼 쌍레 에디 2줄 22성 가도될까요?,신호준수,2026-06-29 21:00,"이거랑 비슷한 아이템으로 고근 커포 마깃 있는데
22성 가도될까요? 27퍼라 고민이네요",https://www.inven.co.kr/board/maple/2300/358465
피방보상 리프가능?,고르곤졸프,2026-06-29 20:54,"15시간코디템 챌섭에받고 나중에갖고
리프할수있나요?",https://www.inven.co.kr/board/maple/2300/358464
포뻥 vs 그냥 검마 잡기,Funnn,2026-06-29 20:49,"메린이 검마 솔격 트라이 박으려는데 그냥 하면 124퍼 정도임
근데 하이퍼스탯,보약+피방칭호 합쳐서 보뎀 18퍼, 뎀3퍼, 방무 11퍼, 크뎀 1퍼 줄이는 대신에 다 포스에 투자하면 포뻥 딱 되는데 피방에서 몇시간 동안 검마 트라이해야되나 생각이들어서
포뻥해서 검마 도전하기 vs 지금 124퍼로 트라이 박아보기
뭐가 더 ㄱㅊ을꺼같음??",https://www.inven.co.kr/board/maple/2300/358463
플래닛에서 처음 본메 넘어가는 뉴비 직업질문좀 드립니다!,쥬마이팸,2026-06-29 20:26,"안녕하세요 플래닛 건실하게 하다가 고렙이후 할게없어져서
먼저 간 선발대 친구 들 따라 본메 처음 해보려고 하는데
유튜브에서 직업별 스킬은 다봤는데 제가 감이안와서,,
플래닛에서 썬콜을 처음 키웠는데 딸깍 사냥이 너무 지루하고 재미가없어서
결국 전사를 본캐로해서 170렙정도까지 쭉 재미있게 잘키웠습니다
제가 딸깍 캐릭터보다는 어느정도 타격감이 있는걸 원하는데
친구들은 그냥 무조건 보마/와헌/썬콜/렌 을 하라고 하더라구요 ㅜㅜ
누가봐도 좋아보이는 직업인데 제 가슴이 움직이질않아서,,,,,,,,,,,,
혹시 저에게 맞는 추천할만한 직업군이 있을까요 ?!",https://www.inven.co.kr/board/maple/2300/358461
챌섭 메린이 악세 질문!!,연차쓰고싶다,2026-06-29 20:20,"메쌤들 질문 하나 드려요
챌섭에서 썡으로 시작해서 이벤링 받아 쓰고있는데
보스 잡으려고 레잠옵을 스탯으로 쓰고있거든요
근데 유튜브 드메셋팅에 다 이벤링에 드메옵 달라해서
지금 스탯옵인 이벤링을 드메로 바꾸고
다른 악세를 보스용으로 사는건가요?
보스용 악세 사기 전까지 스펙 다운되는건 감수하고라도
드메셋팅부터 해야하는건가요?",https://www.inven.co.kr/board/maple/2300/358460
챌섭 에메랄드,요쾅,2026-06-29 20:15,본섭에서 하이퍼 버닝이랑 비욘드 다 썼는데 챌섭에서 에메랄드 찍는 거 불가능 할까요?,https://www.inven.co.kr/board/maple/2300/358459
데티해방 목표 칼리 vs 카데나,,2026-06-29 20:13,세렌까지 패턴 완벽숙지는 하고있는데 데티목표로 본캐로 꾸준히 할거면 둘중에 뭐가 더 나을까요 제로 카인 아크 이런거 해보긴했는데 저런애들하곤 격이 틀린애들같아서 고민이네요,https://www.inven.co.kr/board/maple/2300/358458
형들 레잠 어케써야 좋을까?,,2026-06-29 20:09,"여명4셋은 유닉 15~18% 했구.
무보엠은 다 레전이라서
4만점 레잠을 어케써야할지.
이제 돈이 떨어졌는데, 파는게 제일 좋겠지?
챌은 가고는 싶은데...ㅠㅠ 가난이 죄다",https://www.inven.co.kr/board/maple/2300/358457
메린이 검마 솔격 가능함??,Funnn,2026-06-29 19:44,"하드 진 힐라 배율 210퍼 연모 3트 찐모 2트해서 15분쯤에 잡았는데
검마 배율 124퍼 인데 솔격 가능함? 내일 하루종일 트라이 할 생각은 가지고 있음..
원래 2인 트라이 모아볼려 했는데 글 찾아보니까 120퍼 메린이도 가능하다 이런 글을 봐가지고..",https://www.inven.co.kr/board/maple/2300/358456
뉴비 자석펫 질문,,2026-06-29 19:33,"예전에 자석펫 뽑기한적이 있어서 본섭에 칸타빌레 딱 한마리 있는데
지금 와서 세트 맞춰주려니까 다른 애들이 250억씩 하더라고요.. 그럼 두마리 사면 500억인데..
근데 최신 기수 애들이 한마리에 150억씩 하던데 그냥 3석펫 할꺼면 최신 기수로 맞추는게 나은거죠..",https://www.inven.co.kr/board/maple/2300/358455
환산별 평균 잠재 합산,,2026-06-29 19:31,"250부위 제외하고
27에 유닠2줄  -> 37퍼
27에 1.5 줄 -> 39~40퍼
30에 1.5줄 -> 42-43퍼
30에 8 6 -> 44퍼
30에 2.5줄 -> 46-49퍼
30에 8 6 5 / 8 6 6 -> 50퍼
33에 8 6 -> 47퍼
33에 2.5줄 -> 49-52퍼
33에 8 6 5 / 8 6 6 -> 53퍼
36에 8 6 6 -> 56퍼
로 봤을때 별은 각 잠재에 맞는 밸런스라고 가정하고
유챔SSS -> 유에
7-8만급 -> 37퍼
8.5-9만급 39-40퍼
9.5-10만급 43퍼
10.5-11만급 45퍼
11.5만급 48퍼
12만급 50퍼
12.5만급 53퍼
13만급 54-55퍼
14만급 56퍼 이상
으로 보면 될까요?",https://www.inven.co.kr/board/maple/2300/358454
잠재 5줄로 전부위 하면 환산 몇까지 갈까요?,,2026-06-29 18:57,"환산 10~11만 목표로 하고있느느데
6줄은 가성비가 미친 것 같고
5줄로 전부위 할까 싶은데 환산 몇까지 노릴 수 있을까요?
직업은 렌입니다
그리고 보조, 엠블렘은 해방무기 큐브 돌려보고 결정해야겠죠...?",https://www.inven.co.kr/board/maple/2300/358452
뉴비 복귀 본캐 질문드립니다!,Mudcha,2026-06-29 18:29,"지금는 챌섭하고있는데 오래전에 접고 복귀를 했어서
옛날에 열심히 키우던 캐릭을 어찌 해야할지 몰라서 질문드려요 ㅠㅠ
스펙은 사진과 같고 나로 레벨은 263입니다!
템은 이대로 쭉 들고가서 레벨링만 해도 문제 없는 정도인가요!?
무자본으로 즐겼어서 좋은템이 아닌건 알고있지만 다시 무자본으로 즐길때 어디서부터 손봐야하는지 게임이 너무 바뀌어서 어렵네요 ㅠㅠ",https://www.inven.co.kr/board/maple/2300/358451
여장해봤다,어어나,2026-06-29 17:38,루컨마 27퍼 38억이면 괜찮은건가요? 살까말까 고민중인데,https://www.inven.co.kr/board/maple/2300/358449
200만메포 세팅으로 어디까지 갈 수 있나요?,메평수준,2026-06-29 17:28,"400만 메포로
에마3 윗마3 올이탈 띄우겠다고 3000억 큐브질해서 ㅈ망했는데...
결국 못띄웠지만 ㅠㅠㅠㅠㅠㅠㅠㅠㅠㅠㅠㅠㅠ
200만 메포면 어디까지 가능할까요?",https://www.inven.co.kr/board/maple/2300/358448
뉴비 다음 반지 잠재 어떻게 계획해가면 돼요?,어형사제,2026-06-29 17:04,"카오스링 어쩌다가 3줄 갑자기 떠서 그런데
남은 이벤트링 전용 큐브는
어디다가 써서 어떤 옵션 띄우면 될까요?
지금은 테네브리스+이터널링+실블링+시드링 끼고 있어요.",https://www.inven.co.kr/board/maple/2300/358447
챌섭 4여명 이후 템셋팅 방향성 질문드립니다.,철2권,2026-06-29 16:57,"이번 메이플 챌섭 제대로 키워볼려고합니다.
보조무기는 쌍레 보보마 마 4줄쓰고있고 150억으로 할수잇는 스펙업이뭐가있을까요.",https://www.inven.co.kr/board/maple/2300/358446
환산 2.5인데,토티날두사자,2026-06-29 16:51,환산2.5카이저인데 4만갈라면 뭐뭐 바꿔야할까요ㅠ,https://www.inven.co.kr/board/maple/2300/358445
똥블럼 방무 vs 공격력,,2026-06-29 16:39,"엠블럼 레전이고 공 12 방무 35 35 떠있습니다
챌섭에서 이거 끼고 방무 99% 뜨는데 공 21% 랑 비교하면 뭐가 더 좋을까요?
임블럼
공12 방무 35 35
Vs
공 21 + 잡
직업 보마",https://www.inven.co.kr/board/maple/2300/358444
뉴비 해방패스,Mudcha,2026-06-29 16:34,"강원기 디렉터 막바지에 접고
이번 첼섭으로 복귀한 뉴비인데...
어제 시작함 레벨 264이고
해방패스랑 첼섭패스 좋다해서 샀는데
해방에 대해서 1도 몰라서 공부를 하는데
맞는지 확인좀 부탁해유...
해방퀘는 지금 하드반레온 잡고 기운 500개 모으라고해서
이지루시드, 노말스데미, 노말가엔슬을 잡았고 주간보스 1마리 남아서 이지윌 도전중에 있는데
2트에서 자꾸 죽어서 계속 도전중입니다.
투력은 1200만 / 환산은 950만으로 나오네용
레벨업을 치면서 다음주부터 제 스펙으로 무슨 보스부터 돌면되는지와
이대로 레벨업만해도 첼섭끝날때까지 해방 문제없이 할 수 있는건가요...?
제가 접을때만해도 윌 하드스데미 이런애들 최소컷 스펙은 넘사여서 감이 안잡히네요...",https://www.inven.co.kr/board/maple/2300/358443
메린이 아르테리아 3누스 사냥터 알려주세요,꿈이있는메린,2026-06-29 16:23,인기 많은곳도 괜찮아요,https://www.inven.co.kr/board/maple/2300/358442
나워 캔슬 팁이나 알려주실 분 계신가요?,이상형언니,2026-06-29 16:13,"영상보고 따라하는데 이게 맞는건지도 잘 모르겠고 타이밍이나 팁 좀 알고싶어서 글 작성합니다.
자그마한 팁이라도 남겨주시면 감사하겠습니다.",https://www.inven.co.kr/board/maple/2300/358441
복귀뉴비입니다. 4칠흑셋 부위 추천 해주세요,루닐,2026-06-29 16:11,"복귀뉴비입니다. 4칠흑셋 부위 추천 해주세요
저의 먼 미래의 종결목표는 10칠흑 2여명 8에테 입니다.
지금의 목표는 4칠흑 4여명 3보장 3에테 4아케인 입니다.
지금 1부위 남았는데요. 마지막 1칠흑부위 추천좀해주세요.
참고로 챌린져3섭이고 마도서,몽벨 중에서 고민중인데 만약 몽벨살거면 18성 윗잠30퍼 살예정입니다.
둘중고민중인데. 혹시 다른부위있으면 추천해주세요
혹시 모르니 닉네임도 적어둘게요  던타<<<이거입니다.",https://www.inven.co.kr/board/maple/2300/358440
챌섭 레테 시드링 질문입니다.,니코털샤기,2026-06-29 16:11,"어디선가 3레벨은 뭐 받고 4레벨은 뭐 받고 영상이나 글을 본 것 같은데 ㅠ
아무리 찾아봐도 안보이네요...
레테는 3렙을 뭐로, 4렙을 뭐로 받아야 하나요 ..?ㅠ",https://www.inven.co.kr/board/maple/2300/358439
검마 2인격 뉴비기준,,2026-06-29 15:52,"검마 2인격 배율
163.61% 나오는데 가능할까요 둘다 뉴비입니다..",https://www.inven.co.kr/board/maple/2300/358438
검마 최소컷 템맞추기,Solo비터,2026-06-29 15:47,"닉 : 월급루팡두호   직업 보마
오늘 검마 트라이해보고싶은데 배율이 105퍼에요 빡숙이 아니라서 배율을 좀더 높이고싶은데 템 어떻게 맞추는게 좋을까요? 메소는 100억있습니다",https://www.inven.co.kr/board/maple/2300/358437
뉴비 챌린저 찍고싶은데 조언부탁드려요,포포푸,2026-06-29 15:33,"현재 환산 34600 정도 나오고
노말 세렌, 이지칼로스 연모로 깨놨습니다
챌린저달려면 하드 메이린 잡아야되는걸로아는데 어떤템을 바궈야될까요? 찐모는 바라지도않습니다",https://www.inven.co.kr/board/maple/2300/358436
뉴비인데 지금 시작하면 이벤트 많이 늦었나요??,웃는세상,2026-06-29 15:30,ㅠㅠㅠㅠㅠ,https://www.inven.co.kr/board/maple/2300/358435
챌섭 뉴비인데 가엔링 23성 이거 사는건 아닌가요?,히다리쇼타로,2026-06-29 15:19,"경매장 둘러보다가, 23성치고 가엔링 싼 것 같은데 이런건 23성 이라도 잠재가 별로라 사면 안되나요?",https://www.inven.co.kr/board/maple/2300/358434
카데나 vs 제로,길렝,2026-06-29 14:27,"본섭 제로 289
챌섭 카데나 280 입니다
제로를 7만까지 키우다가 제로 특유의 버텝과 플썰터의 길이 ( 조절이안되는) 그게 빡세더라구요.. 선딜레이떄메 보고피하는게 빡세니 예측플레이해야하는거랑 해서  5월에템팔고 챌섭때 복귀해야하지다가  이번에 카데나했습니다
제로로는 유챔 노칼 95퍼 / 익스우  99퍼 클리어
카데나는  검마 144퍼 노세 128퍼 이칼 117퍼 클리어 했습니다
아마 제로 지금하면 저떄보다 못할건데.. 제로의 특유의 선딜레이랑 길이조절이안되는걸 감안해서 카데나를키웟는데 재미는있는데 잘할수있을까  고민이 되더라구요..
연습하면  95~100프로 안쪽으로 한캐릭만 꾸준히 파볼려고하는데  추천가능할까요 형님들
헥환 10만까지 목표로 해볼려고합니다
투표랑 사유도 부탁드립니다
내실같은거 적으면 뭔가 한쪽캐릭에 유리할거같아서 안적을게용",https://www.inven.co.kr/board/maple/2300/358433
노말 세렌 원래 빡센가요?,망고피자,2026-06-29 14:27,"첫 트에 일광건조 존나 당해서 짤패부터 찬찬히 깎아서 세렌 1싸이클 동안 건조 안 당할 정도로 깎았긴했는데 타임오버로 계속 실패함 피 37% 밑으로 도저히 안 내려가요...
진짜 꾸역꾸역 엔젤레이 쑤셔넣고 디바인도 최대한 집어넣으면서 프레이도 에르다 노바랑 쓰까서 총력을 다해서 줘팼는데... 둘째 날 여명인가 가면 노루 2마리가 너무 빡세요...
1페이즈를 15분쯤에 넘어가는데 이게 문제인걸까요
좀 목숨걸고 맞딜을 좀 쳐야할까요... 환산주스탯 기준으로 143%인가 148%길래 지금까지 120~130% 넘으면 다 줘패서 140%이상이면 밥이지 하고 갔는데 한 20번 일광건조 당하고 삐져서 재획5시간 때림... 비숍이라 그런 걸까요... 아니면 이젠 너무 늙어서 그런 걸까요?",https://www.inven.co.kr/board/maple/2300/358432
헥사 스탯2 썬데이 아닐때 돌려두 될까여? [챌섭메린이],강윤슬,2026-06-29 13:56,"이제 곧 환산주스탯에서
헥사코어2 뚫으라고 나오네요
썬데이 아닐때 하면 망하나요?",https://www.inven.co.kr/board/maple/2300/358431
제논 아버 뚝,레알밤판사,2026-06-29 12:01,제논 아이템버닝 뚝은 무조건 쿨이 맞나요??,https://www.inven.co.kr/board/maple/2300/358429
닉네임 문의,루닐,2026-06-29 11:51,"닉네임 받침 깔끔한 두글자닉을 올렸는데요... 그게 새벽3시에 올렸어요. 8시간 체크하고 올릴생각이엿는데
24시간해버렷어요....이러면 새벽3시에 경쟁을하는건데 엄청 싸게팔리겠죠?ㅠㅠㅠㅠㅠㅠㅠㅠ",https://www.inven.co.kr/board/maple/2300/358428
로그인(웹인증) 관련 문제 도움,Nimgiveme,2026-06-29 11:51,"1. 처음 접속할때 넥슨플러그? 인가로 접속하면 접속오류가 거의 무조건 뜨면서 홈페이지로 안내함
2. 홈페이지 로그인 하고 접속하면 한 세네번에 한번 꼴로 웹 인증오류라고 뜨면서 팅김
3.한참 게임하다가 계정내 다른 캐릭터로 교체하면 접속이 안되고 로그인창으로 팅기거나 웹인증 오류가 뜨면서 게임이 꺼짐
이런 오류가 가끔도 아니고 계속 생기니까 미칠거같은데 뭐가 문제일까요.. 재설치는 두번 해봤습니다",https://www.inven.co.kr/board/maple/2300/358427
제논 고수분들 도와주십셔ㅜ,레알밤판사,2026-06-29 11:36,"1. 시퀀스가 이게 맞나요? 극딜하고 준극딜 하면 결국 쿨이 밀려서 6차랑 한 몇십초씩 차이납니다ㅜ
2. 포톤레이 충전됐을때 뒤에 나오는 빤짝이 옅게 하는법 없나요 너무 진해서 보스패턴이 안보입니다...",https://www.inven.co.kr/board/maple/2300/358426
찐뉴비 2주차인데 궁금합니당!,블쏘거거,2026-06-29 11:23,"이제 검밑솔까지 마친상태입니다~!
목표는 챌린저 한번달아보고싶은데
어느정도 장비를올려야할지 궁금합니다~!
뭘하다보니 벌써 mvp가 골드등급인데ㅠ
앞으론 최대한 덜쓰며 진행하고싶네요!
가능할까요?",https://www.inven.co.kr/board/maple/2300/358425
성장 방향 좀 알려주세요,망고피자,2026-06-29 11:08,열심히 해서 렙 280까지 찍고 스샷정도 세팅했는데 앞으로 어느 쪽으로 성장 방향을 잡으면 좋나요? 검마는 파티로는 깼고 솔로는 도전 못 해봤고 세렌 노말 가봤는데 딜 부족하더라구요.... 직업은 비숍이고 검마 밑으로는 솔로로 일단 다 깼습니다.,https://www.inven.co.kr/board/maple/2300/358424
검마 보상 미지급됐는데 ㅠ,명구e,2026-06-29 10:43,"검마 잡고 보상맵으로 이동했는데
보상도 안주고 어둠의 흔적도 안줘서 문의 넣었습니다.
문의 답변 며칠정도 걸리나요?
그리고 당연히 보상 다시 주겠죠?",https://www.inven.co.kr/board/maple/2300/358423
챌섭 유입 뉴비인데요..ㅠ,웃는세상,2026-06-29 10:31,"챌린저스 서버에 자석펫 준다고 다른 분 글에서 봤는데 30일 달팽이 준 거 그게 자석펫인건가요??
지난번 봄에 버섯? 자석펫 줬었다고 하는데 생긴 게 달라서 이것도 자석펫인지 궁금해요!",https://www.inven.co.kr/board/maple/2300/358422
닉네임 <랜충> 올리면 팔릴까요?,,2026-06-29 10:11,ㅈㄱㄴ,https://www.inven.co.kr/board/maple/2300/358420
닉네임 판매,레비1티어,2026-06-29 09:14,함선노틸러스 올리면 팔릴까요?,https://www.inven.co.kr/board/maple/2300/358419
뉴비 현질 고민,Shyose,2026-06-29 09:08,"안녕하세요 메이플 찔끔 맛보고 접었다가 챌섭 진행하고있는데요
계속 해볼마음은 있어서 제네패스 챌섭패스까진 구매했습니다
제가 자석펫은 기간제 밖에 없는 상태입니다
자석펫에 아버 끝날때 쯤 장비값 맞추는거로 현질 하기엔 너무 부담이 되는데 자석펫만 현질하면 아버 대체템은 3달안에 맞출만 할까요",https://www.inven.co.kr/board/maple/2300/358417
뉴비 4여명이후 템 질문ㅜ,1234552,2026-06-29 08:44,"이번에 메이플 첨하는 메린이입니다 ㅜㅜ
이제 템을 어떻게 맞쳐야할까요?
현재 투력 6200 환산 44400 핵환 36200입니다
검밑까지깨서 검마 한시간 트라이하다말았는데
템 부족한거좀 더 사려고합니다
메소는 300억정도 남았아요
직업은 보마고 검마179% 나와요!",https://www.inven.co.kr/board/maple/2300/358416
혹시 졸눈성형 지금은 얻을수 없는건가요??,,2026-06-29 08:29,지금은 얻을수가 없나요??,https://www.inven.co.kr/board/maple/2300/358415
미트라가 압도적으로 지지받는 이유가 뭔지 알 수 있을까요?,,2026-06-29 08:11,"옵션만 놓고보면 공마3에 주스텟30정도던데
가격 차이는 너무 압도적으로 많이 나서
이 정도인가 싶은데
일반 엠블렘은 결국 나중엔 갈아야하는 부위니까 그런걸까요?",https://www.inven.co.kr/board/maple/2300/358414
아이템버닝 보스 난이도 높은거 잡아도 깨지나요?,jyh0103,2026-06-29 07:05,"지금 노말 듄켈 차례인데 하드 듄켈 잡아도 깨지는건가요 ?
퀘스트 내용은 듄켈(노말) 1인 격파 라고 명시 돼있는거 보면 노말을 꼭 깨야할거 같긴한데
하드 잡아도 깨지나요?",https://www.inven.co.kr/board/maple/2300/358413
레전 잠재 하트 말고 어디에 쓸까요?,,2026-06-29 05:03,"직업 레테입니다
원래 하트에 박고 나중에 둘 다 사먹을 생각이었는데요
4여명을 다 윗잠 유니크인걸로 사서 그냥 출석 유잠을 하트에 바르고 돌렷는데 966이 떳습니다
그래서 레전잠재가 하나 남는데 똥블렘에 바를까요 블랙보조에 바를까요
똥블렘 - 마력 9퍼 / 에디 마력 6퍼
블랙보조 - 보공30퍼 뎀6퍼 / 에디 마력 6퍼
아니면 그냥 냅둘까요? 나중에 미트라나 에테 장갑에?",https://www.inven.co.kr/board/maple/2300/358412
이제 템 뭐바꿔야될까요,플위였던것,2026-06-29 03:17,"직업은 키네고 일단 목표는 챌섭 챌찍는거입니다
이지칼로스 검마까지 솔플로 잡았고 풀드메맞췄습니다
자석펫은 아직 기간제쓰고있어요",https://www.inven.co.kr/board/maple/2300/358410
원더블랙인지 저렴한 펫 이거 어떻게 버리나요?,Khg7862,2026-06-29 02:54,"캐시보관함에서 삭제 안 되고, 의류수거함도 안 가져가는데 어떻게 제거 하나요?",https://www.inven.co.kr/board/maple/2300/358409
헥사 떡작,,2026-06-29 02:52,"4 6 10
4 7 9인데
얼마나 망한걸까요?
스텟1은 에디10이라 나중에 바꿔도될거같긴한데
스텟2는 최대한 빨리 돌려야겠죠?
아니면 둘다 바꿀까요?",https://www.inven.co.kr/board/maple/2300/358408
뉴비 복귀유저 자유전직 문의 드립니다,Eluse카이,2026-06-29 02:44,"모험가 나로를 섀도어로 자유전직을 하게 되면 6차스킬 핵사스킬에 투자한 에르다 조각 기운들도 그대로 보존해서 전직을 바꿀 수 있나요?
혹은 이번에 초기화 주문서를 준거 같던데 이걸로 도움을 받을 수 있나요?",https://www.inven.co.kr/board/maple/2300/358407
검마 잡을 수 있는 날짜가 따로 있음?,,2026-06-29 01:45,"그냥 1일~31일 중 아무 때나 가도 되는 거 아니였음?
예를 들면
6월 30일 > 내일 7월 1일
이렇게 못 도는거임?
한자님 메이플 AI에 보니까 돌 수 있는 주차가 따로 나눠져있던데",https://www.inven.co.kr/board/maple/2300/358406
뉴비 수로 질문드립니다.,Asdwqqw2,2026-06-29 01:44,"길드가 필수라고 해서 가입하고 싶은데
수로 필수라는 길드는 수로 점수가 몇점이든 치기만 하면 되나요?",https://www.inven.co.kr/board/maple/2300/358405
검마 6인 가도 되나요?,기민직기요미,2026-06-29 01:41,"검마 완전 처음인데
6인가면 딜찍 될까요?",https://www.inven.co.kr/board/maple/2300/358404
요즘 이지카링 이하,호랑말코습새,2026-06-29 01:01,"이지카링 20분 풀로 팰수 있다는 가정하에
템셋팅 어느정도 수준으로해야 하고 가격은 얼마나 하려나",https://www.inven.co.kr/board/maple/2300/358403
궁성비 19개 캐릭 추천 부탁드립니다,넥아머,2026-06-29 00:51,"이번에 챌섭 유입입니다
챌섭 캐릭터 키우면서
본섭에서 유니온작 조금씩 하고 있는데
메르 은월 루미 엔버 키네  200있습니다
궁성비 1개는 레테줬고
캐릭은 캡틴인데 아마 캡틴만 키울거 같은데
궁성비 19개 캐릭 어디다 쓰는게 좋을까요
캡틴 본캐이신분들 좀 알려주세요",https://www.inven.co.kr/board/maple/2300/358402
스트라이커 메이린 질문,쮸키,2026-06-28 23:33,하드 메이린 깨려면 280렙기준 환산어느정도에 전투력 어느정도 나와야할까요..?,https://www.inven.co.kr/board/maple/2300/358398
본섭 레테 하버줬는데,갑5개혁,2026-06-28 23:29,삭제하면 챌섭에서 다시 하버 가능한가요?,https://www.inven.co.kr/board/maple/2300/358397
메소팔거면 챌섭이 좋나요 본섭이 좋나요?,이제시작한늅,2026-06-28 23:29,"뉴비입니다 . 딱히 공지봐도 이런글 쓰면 안된다는게 안보여서 질문해요
mvp작을 처음으로 해볼건데 할거면 챌섭에서 하는게 좋을까요 아님 본섭에서 하는게 좋을까요?
챌섭은 챌2에요.
100억정도만 팔 예정이에요",https://www.inven.co.kr/board/maple/2300/358396
카이 공략 질문,러브레시피,2026-06-28 23:28,"뉴비입니다.
이지 윌 까지 진짜 어렵게 잡았는데
카이 공략 영상을 10번이상 돌려보고 연습중인데
커다란 벽을 느낍니다.
클리어할 수 있다는 희망이 산산히 부서지는 중입니다.
전투력 2200만대 레테입니다.
팁좀 주세요.
영상보면 1000만으로도 잡던데 이건 패턴 진행도가 너무 빠른데다 정신이 없습니다.",https://www.inven.co.kr/board/maple/2300/358395
챌린버스 월드 우선순위??,음악으로하나,2026-06-28 22:52,"목표는 챌린저입니다(슈퍼x)
제네시스패스, 챌린저스 패스는 사용한상태.
지금 진힐라 도전할려고 하는데 슬슬 템들이 아이템 버닝만으론 보스 배율이 오르지않아 여쭤봅니다.
-얼른 검밑솔 보스들을 잡기위해 체급을 높이려 템을 사야하는지(17성 에픽둘둘정도)
아니면
-재획템부터 맞추고 돈수급해서 템을산다음 천천히 보스를 잡아 챌린저스 등급을 올려야하는지 뭐가 우선일까요?
챌린저스는 9월에 보스를 다 잡더라도 어쨋든 마스터 갈수있으면 늦게 천천히 올라가도 상관없지않나요?",https://www.inven.co.kr/board/maple/2300/358394
장신구 셋옵 질문!!,,2026-06-28 22:49,"장신구 세트효과 질문입니다.
2칠흑
+
2여명
+
5보장
<< 얘네 셋은 20성↑
이미 미트라는 초반에 꼈고 칠흑은 4칠흑부터 가성비가 나온다는데 18거공, 마도서 까지 껴주기엔 과투자 하는거 같아서요, 저 조합은 가성비가 아예 안나올까요?",https://www.inven.co.kr/board/maple/2300/358393
카유잠,재밌을려냐,2026-06-28 22:42,세부위중 어디에 바르는 게 좋을까요? 눈장식이랑 벨트는 한다면 다른 아이템 사서 바를 것 같아요,https://www.inven.co.kr/board/maple/2300/358392
가엔링이랑 데브팬 작 질문있어요,Hjwoo,2026-06-28 22:34,"가엔링이랑 데브팬 윗잠 15퍼 아랫잠 한줄 정도로 임시로 쓸 템 반직작하려는데
작은 둘 다 챌섭코인으로 놀긍떡작하나요?",https://www.inven.co.kr/board/maple/2300/358391
메린이 검마 해방 2인 트라이할려면 배율 몇퍼까지 가능해요??,Funnn,2026-06-28 22:24,직업 썬콜이고 도핑 할수있는거 했을때 검마 97퍼 나오는데 메린이 2인 갈려면 배율 몇퍼정도가 적당한가요??,https://www.inven.co.kr/board/maple/2300/358390
검마 2인으로 가도 되나요 ?,슈붕야호,2026-06-28 22:22,해방 빨리하고 싶은데 2인으로 가도 기운 주나요 ?,https://www.inven.co.kr/board/maple/2300/358389
누가 메이플 접는건 능지순이라 했는데...,워로드짱짱,2026-06-28 22:18,"정말이다...
내가 처음 메이플 접한게...2004년 중2 봄에 친구들과 500원 pc방에 갔을때인가 그럴거고...
일 때문에 출장에 가느라 접속을 안한것이...2026년 3월....
2026년 6월 24일 레테 만들고 게임을 즐기다가
토요일 동전꼽아 정지를 당하고 나니까...
처음에는 열받다가...
진짜 오래간만에 집 대청소를 하고 시계를 보니까...그래도 12시 더라고
그러다가 왜 정지를 먹었을까...진짜 동전인가...
하고 고객센터 문의하고 글 찾아보고 하니까...비정상적인 기록 탐지더라고
그게 반복적인 키 입력, 매크로 탐지 등등
근데 나는 매크로를 쓸줄 모르니까 패스
아 동꼽하네.ㅋㅋㅋ
ㄴ 반복적인 키 입력이긴 하는구나?
ㄴ 재밌는건 겨우 2분 썻는데 정지임ㅋㅋㅋㅋㅋ
나랑 같은 사람이 많더라고 ㅋㅋ
아무튼 점심 먹고 분리수거 해도 책읽고 영화보고 집오니까
18시 30분 넘어서 인벤에 물어봐야겠네...하고 올리고 나서
저녁 먹고, 씻고 하니까 자고 일어났는데...
몸이 개운하더라고....평상시처럼 숙제 하려고 4시에 안일어나도 되고
아주 푹 잤어 그렇게 6시에 일어나서 샤워하고 아침 식사준비도 해보고
침대도 정리하고 했는데 8싴ㅋㅋ와 적응 안되더라고;;;
온종일 메이플에만 신경쓰고
밥하는거 커피타는거 등등 자잘한걸...안하고 메이플에만 쏟아부었거든 내인생을??
28케릭, 2계정 숙제하고 보스돌고한 내 인생이...먼가 좀..한심스럽더라...
아 주말이 이렇게 길었나...아니 내 주말은 이렇게 소중했나...
지금 내 메창인생 22년??중간에 접고 했어도 22년은 메이플을 한거 같은데
2주간 정지라...한번도 이벤트 출석 놓친적 없는데...
강제 놓침이라...먼거 현타가 씨게와요
갓창섭 갓창섭이지만...이런 매크로??탐지는...역시 진짜 신급은 안되나봐요
메이플 인생 탈출 합니다...
인제 2D 말고 3D를 살아가보려 합니다
메창님들 화이팅 하십쇼!!",https://www.inven.co.kr/board/maple/2300/358388
지금 제네패스 검마솔플까지 했으면 어둠의흔적 어디까지인가요?,Fortalice,2026-06-28 22:10,"첫주에 안하고 둘째주에사서 소급적용 받긴 했는데
윌격파 / 흔적 80/1000 이상태가 맞는건가요?",https://www.inven.co.kr/board/maple/2300/358387
챌섭 메린이  데브펜 트왈마 등등 템세팅 및 등급업질문,,2026-06-28 22:10,"현재 에스텔라 / 여명가디언 17성에 카르마혼돈작
잠재 유니크/에픽작
챌샵 코인 1만개보유중  연합토큰5천개
챌샵 스타포스17성강화권 수량1개남았구요
연합토큰샵 카유잠 3개 카에잠4개 남았습니다
검밑솔밑으로 목표를 잡고있으며 완전메린이인데
트왈마랑 데브펜 노작을사서 등급업하고 17성 저거 바르는게나을까여 어떤식으로 스펙업을 해야할까요 ?
보유메소 100억입니다",https://www.inven.co.kr/board/maple/2300/358386
메린이 캡틴 레잠 추천좀...ㅜㅠ,마끼내,2026-06-28 21:57,"제네무기에 레잠 하나 쓸거고
하나 남는걸 페어리하트vs블랙보조vs미트라 쓰라던데
일단 하트랑 보조 똥블렘 세개 장착중이고 셋다 유니크인데 블랙 보조에 레잠발라서 나중에 아스트라 전승 해도 된다고 그러고 ..
현질 하드하게는 아니지만 꾸준히 매달 조금씩 할거고 목표랄건 없고 걍 힘 닿는대로 쭉 하고싶은데 레잠 하나 어디다 바르는게 좋을까요ㅜ ㅠ 메고수님들 제발 도와주세요......",https://www.inven.co.kr/board/maple/2300/358385
몽벨 인트추옵 시세..?,,2026-06-28 21:44,"도적몽벨 추옵 뽑다가 인트추옵 나와서 일단 눌렀는데
담달에 팔고 지금 새로구하는게 나을까여?..
주변에서 윗잠보다 가격 더 받는다해서여",https://www.inven.co.kr/board/maple/2300/358384
지금 드메 현질해서 살만한 가치 있나요??,Dldl53,2026-06-28 21:18,뉴빈데 하루 1시간은 사냥합니다.,https://www.inven.co.kr/board/maple/2300/358383
챌섭 블랙보조 에디 유니크다는게 나을까요??,길인sl,2026-06-28 21:07,"챌섭 블랙보조 윗잠 이벤트 큐브로만 굴렷다가
윗잠 마력 30 떳습니다
그래서 메소까지 써서 에디도 유니크만 띄울까 생각하는데 어떨까요??
이걸 고민하는이유는 챌섭에서는 큐브쓴거 등업천장이 서버옮길때 사라진다고해서요
보조 아랫잠 유니크를 띄운다고쳐도 또 2줄이나1줄 붙이려면
그 스택이 낭비될것같아서 리프시킨후에 하는게 나을까요??",https://www.inven.co.kr/board/maple/2300/358382
드메템 지금 사도 되나요??,Dldl53,2026-06-28 20:54,"첼섭시작해서 지금 3000만정도 됩니다 투력
레테 이번에 본캐로 키우는거라 드메템을 지금 맞추는게 맞는지 모르겠습니다..
지금 반지랑 팬던트 드메 2줄 정도는 작년 말하고 시세 비슷한 것 같은데
사는게 맞을까요??
지금이 저점일지 고점일지 모르겠어요...",https://www.inven.co.kr/board/maple/2300/358381
버닝비욘드 새로 만들기 가능한가요,,2026-06-28 20:37,"직업 잘못고른거같아서 그냥 버리고 새로 하고싶은데
이전보상 못받는건 그러려니하겠는데 아이템버닝 안되나요?",https://www.inven.co.kr/board/maple/2300/358380
뉴비 챌섭 아이템 세팅 도와주세요,,2026-06-28 20:17,"안녕하세요
챌섭 하고 있는 뉴비입니다
아이템버닝 적용 시켜서 하는 중이고 각종 패스는 하나도 구매하지 않았습니다
목표는 챌린저입니다
저번에 마깃안 드랍해서 여기에 물어봤더니 팔고 여명장신구? 그거 맞추라고 하시더라구요
그래서 노작 트와일라이트 마크 사서 스타포스15성까지 직접 올리고 이벤트로 받은 유니크 잠재랑 에픽 에디셔널 잠재 부여해서 윗잠은 주스탯 15%, 아랫잠은 주스탯 6%로 맞췄습니다
직작 해보니 사서 끼는게 더 나을거 같아서 나머지 장비는 사서 맞추려고 하는데
어떤 장비를 어느 정도 가격에 사는것이 좋은지 하나도 모르겠어서요,,
현재 메소는 54억 남았습니다
효율적인 현명한 소비 하고 싶습니다 도와주세요 ㅠㅠ
아 그리고 트와일라이트마크는 메멘토각인해제되면 그냥 다시 팔고 17성으로 새로 맞추는게 나을까요?
혹시라도 참고하시면 도움 되실까봐 장비창이랑 캐릭터정보창 올려둡니다",https://www.inven.co.kr/board/maple/2300/358379
잠재능력 어떤게 좋은건지 알려주십쇼,암살마니아,2026-06-28 19:57,"챌섭 아크고 방무 현재 97%입니다
방무가 너무 높은거 같은데 넘어가도 괜찬을까요?",https://www.inven.co.kr/board/maple/2300/358378
블루베리 농장 마리수 얼마나됨?,Mipurl,2026-06-28 19:45,옛날에 메카베리는 원격으로 하니까 1만 마리 넘어서 개 손해봤는데 블루베리도 마리수 1만 넘음?,https://www.inven.co.kr/board/maple/2300/358377
뉴비 직업 데슬 이랑 캡틴,하이야히,2026-06-28 19:38,"안녕하세요!
이번에 맨땅으로 챌섭 복귀하려는 늅늅입니다!
데슬하고 캡틴 두가지가 엄청 끌리는데 고르질 못하겠어요ㅠㅠ
메고수님들은 둘중에 하나를 추천하자면 어떤걸 추천하시나요?!
(둘다 살짝 나사빠진?거라는건 유튜브에서 보긴했는데 그래도 끌리네요!)",https://www.inven.co.kr/board/maple/2300/358376
잠재 등업 큐브있자나요,참치김빰,2026-06-28 19:32,"메멘토 골큡 으로 등업잘되나요??ㅜㅜ
메소는6억있긴한데.. 보조랑 엠블 등업시키려합니다
그리고 이벤링은 이벤링 전용골큡으로 등업 올리나요??",https://www.inven.co.kr/board/maple/2300/358375
혹시 챌섭 진라벨 경험치 코디템 4부위 다 사는거 어떻게 생각하시나요?,강윤슬,2026-06-28 19:07,"안녕하세요 메이플 시작한지
이제 12일된 뉴비입니다
3개월동안 추가 경험치 100퍼가 좋아보여서
구매하려고 하는데
첨에 패키지로 나왔을때보다
가격이 너무 비싸서요
목표는 챌섭 끝날때까지 쭉 달려서
285찍는겁니당",https://www.inven.co.kr/board/maple/2300/358373
도미 질문드립니다,홍갱이,2026-06-28 18:55,"이 도미 얼마에 팔아야 팔릴까요?
별값, 잠재값, 가횟만 보면요!
힘퍼떴으면 썼을텐데... 왜 하필 럭퍼 ㅠ
그냥 돌리는 건 오바죠..?",https://www.inven.co.kr/board/maple/2300/358371
직업 선택 도와주세요,Icecur,2026-06-28 18:53,"이번에 처음 시작해보려하는 뉴비이고
블래스터와 아크가 가장 멋있고 끌려서 둘중에 고민입니다.
다른건 딱히 끌리지 않습니다.",https://www.inven.co.kr/board/maple/2300/358370
이게 무슨 소리인가요??,Funnn,2026-06-28 18:34,"어떤 분 챌섭 6주 계획? 이런거 보고 있는데
2주차에 하드 검밑솔  + 노멀 메이린 + 하드 검마 2인
3주차에 하드 검마(솔로)
라는데 검마는 월간 보스 아닌가요??",https://www.inven.co.kr/board/maple/2300/358369
야누스 강화 질문,밥버거0121,2026-06-28 18:32,"솔 야누스 20렙 강화권에 대해서 질문이 있습니다
챌린저 달성후 받을 수 있는 20렙 강화권에 사용기한이 있나요?
3석펫과 30누스 달성이 목표입니다
우선 자석펫을 사려고 돈을 모으고있는데 강화권에 사용기한이 있다면 지금부터 천천히 22레벨을 찍은 다음 강화권을 쓰고 기한이 없다면 우선 3석펫을 살때까지 돈을 모은다음 강화를 진행하고싶습니다",https://www.inven.co.kr/board/maple/2300/358368
메린이 드메템 질문,,2026-06-28 18:30,드메템이 지금 이벤링 한개밖에없는데 목걸이나 눈장식 깡통사서 유잠발라서 레전등업 노려서 드메템 만들어도 괜찮나요 20억정도있어요,https://www.inven.co.kr/board/maple/2300/358367
메린이 템 시세,메이플짱,2026-06-28 18:22,둘다 17성이에요 팔려고 하는데,https://www.inven.co.kr/board/maple/2300/358366
레테로 노멀 메이린 잡으려면 투력 얼마나 필요한가요?,아빠가이상해,2026-06-28 18:16,"지금 보니까 포뻥 없는거 고려한 체력이 160조 정도 되는거 같던데
다들 투력 몇 정도에 잡으셨나요?",https://www.inven.co.kr/board/maple/2300/358365
스펙터블래스트 경험치 보상 관련,러브레시피,2026-06-28 18:16,"레벨이 높을수록 보상 효율이 좋아지는 건가요?
즉, 레벨 비례 보상일까요?
경험치 통에 비례한 보상이면 주마다 가장 늦게 수요일마다 하는 것이 이득일까요?",https://www.inven.co.kr/board/maple/2300/358364
얼마정도할까요??,수로넹,2026-06-28 17:59,금액좀알수있을까요?,https://www.inven.co.kr/board/maple/2300/358362
혹시 썬데이메이플 다음주에도 또하나요??,나는노딜,2026-06-28 17:53,"어빌리티 돌리다가 포인트 다썼는데 원하는게 안떠서 망했거든요...
담주 챌린저스 패스 보상으로 명성치 주던데 그거 아껴놨다가 이이벤트 또하면 할까 하는데
다음주 일요일에도 또하나용'??",https://www.inven.co.kr/board/maple/2300/358361
헥사 떡작 574면 마저 할까요 아님 선데이 기다릴까요,,2026-06-28 17:52,"환산 사이트 보면서 헥사코어업 중인데 곧 헥사 2 떡작차례인데 아직 헥사1이 574라 선데이를 기다리고 한방에 1,2 끝낼지 아님 1은 지금 20렙 달리되, 헥사2를 메인 5렙 찍힐때까지만 작을 할까요",https://www.inven.co.kr/board/maple/2300/358360
언더컨하트 살려는데 골라주실분 계실까요?,도루자,2026-06-28 17:33,"지금 보고있는하트가 이정도인데 노관세매물중 유저분들이라면 어떤걸 사실꺼같나요?
1. 480억
2. 530억
3. 500억
4. 550억",https://www.inven.co.kr/board/maple/2300/358359
메이플 친구찾기같은 글 올릴수있는곳 따로 없나요??,,2026-06-28 17:31,"요번에 챌섭열려서 다시 메이플 시작해서 지인들이랑 챌4섭에서 하다가 지인분들 접거나 바빠서 계속혼자하다보니 너무 심심해서 같이할분 찾아볼려고 인벤왔는데 길드/친구찾기 글올릴려면 인벤 10레벨이여야되서 꾸준히 출석이랑 마블하는데도 오래걸려서 혹시 따로 메이플 같이 할사람 찾을수있는 사이트가있을까요?..
계속 혼자하니 너무 심심하기도하고 모르는게 많은데 물어볼 지인도없고.. 메린이 도와주세요..ㅠㅠ",https://www.inven.co.kr/board/maple/2300/358358
뉴비 챌섭 템 구매,Shyose,2026-06-28 17:04,"안녕하세요 뉴비 썬콜입니다
60억 정도 있는데 엠블 보조 유니크 유효 1줄인데 이걸로 보조 하나 사는게 좋을까요?",https://www.inven.co.kr/board/maple/2300/358356
15일 정지인데 이러면 챌린저 힘든가,닝겐0101,2026-06-28 16:34,"한줄로 정리하자면 다른게임 하는게 있어서 창 넘어갔다가 바꿨다가 하다가 까먹고 실수로 오토핫키 켜진채로 사냥 몇분 했는데
비정상적인 기록 감지로 15일 정지먹었음
계산해보니까 일수로는 15일이고
이번주 주간은 다행히 다 끝내놔서 주간퀘 1주정도 통으로 날리는것같은데
일단 코인샵부터 보면
울티마 4000코인 날라가고
카에에잠이랑 카유잠은 다 사지는데
15일 출석을 못해버리니까 큰건 17성 스크롤 하나랑 상급경험치 6000개, ~279 비약 하나 날라감
(확인해보고 굳이 복구해야되면 복구할듯)
솔에르다랑 조각 좀 날라가고
아버랑 제네시스 해방 1주치정도 밀릴거고
심볼 15일치 밀릴거고
애픽던전이랑 스펙터, 몬파 1주치 날아가고
패스 일주일정도 밀려서 찍히고
요정도고
276에서 정지당했는데
타격 많이 크려나
챌린저는 가능하겠지?",https://www.inven.co.kr/board/maple/2300/358354
해방 질문 ㅠ,디디냐냐뿌,2026-06-28 16:26,"이번주에 검마솔플 및 검밑솔 솔플하고
퀘스트진행도가 데미안퀘에 975/1000인데
다음주 7.2에 해방가능한건가요?.....
총3025개가 필요한거같은데 잘 몰라서 물어봐요 !!!",https://www.inven.co.kr/board/maple/2300/358353
보스전에 아바타 나오는거 끄는방법 있나요?,바이즈리,2026-06-28 16:24,"이 알림 못끄나요?
이게 패턴 가려서 너무 거슬려요",https://www.inven.co.kr/board/maple/2300/358352
태블릿으로 넥슨링크 사용하는분들 궁금해요~,그냥빵돌이,2026-06-28 16:18,"온누리 환급해주는김에 갤탭하나살려고하는데
s10fe+
s11
이렇게 둘 고민중입니다.
s10fe+가 화면이 커서 땡기는데, 성능은 좀 딸리는거같아서 고민이네요!
사용하시는 모델 사양따라서 버벅임이는거 있을까요? 휴대폰으로했을땐 그냥저냥 할만했어요.",https://www.inven.co.kr/board/maple/2300/358351
뉴비 사고쳤는데 이럴때 어떻게해요 ? (보스 보상),안녕ㅋㅋㅋㅋ,2026-06-28 15:32,"안녕하세요...
너무 오랜만에 공팟짜서 가가지고 어떻게 보상나누는지 기억이 안나서 이런 일이 생겼습니다..
챌2섭 검마 하드 4인 공팟으로 갔고, 제가 파장이었습니다.
어찌저찌 클리어하고 보상방에서 제가 상자를 깠는데, 창뱃은 안나왔구요, 일반보상들만 드랍됐습니다.
파티원 분들은 왼쪽으로 벽에 붙어서 블링크 준비하신거같았는데,
여러가지 기억들이 섞여가지고 생각을 잘못해서 일반보상들을 다 주워먹어버렸어요...
그리고나서 파티원분들이 블링크안하시냐 물어보시고, 자기들은 괜찮다고 말하고 떠나셨는데 마음이 불편하네요.
금전적인 가치로는 어느정도 나오나요? 퀵으로라도 보내드리려구요 ...
XX키링 님
XX고 님
XXTi 님
죄송합니다 ㅠㅠㅠㅠ",https://www.inven.co.kr/board/maple/2300/358346
8만 초중반 목표 스펙업 가이드 질문드립니다,축구미,2026-06-28 15:07,"안녕하세요 8만 초중반 목표로 스펙업중입니다
21여명 3부위(데브,가엔,에스텔라)를 22성으로 교체하려 했는데
신직업이랑 챌섭영향으로 너무비싸졌더라구요 일단은 헥사강화를 조금씩하는중인데
스펙업 우선순위(가성비)를 어떻게 가져가면 좋을까요??
직작 해볼만한 것도 있으면 추천부탁드립니다",https://www.inven.co.kr/board/maple/2300/358345
닉네임 살까?,,2026-06-28 14:43,치킨 두번 안먹고 닉 살까 고민중,https://www.inven.co.kr/board/maple/2300/358344
(템세팅 조언) 템을 너무 중구난방으로 맞춰서 어디서부터 손봐야 할지 모르겠습니다. 도와주세요,송명호,2026-06-28 14:43,"안녕하세요 현재 챌린저스 서버에서 280레벨 제로 육성하고 있습니다.
템을 아무생각 없이 블빈마, 골클벨 제외하고 직작을 하고 갑자기 크주 장갑이 좋다하여 에테가 좋다고 하여 에테 만들고 칠흑 만들고 싶어져서 칠흑을 만드니 템을 전체로 봤을때 현재 환산이랑도 뭔가 안맞는거 같고 어디서 부터 고쳐야 될지도 잘 모르겠습니다. 도와주세요....
단기로 300억 정도 생각 중입니다. 그 이후는 천천히 할거 같아요
(엠블렘은 200억 무과금 해서 나오는 화에큐 박으면서 그대로 쓸거 같습니다!)
참고로 7월 2일 해방입니다
칠흑이나 에테를
팔고 다른부위를 업그레이드 해야할 지 아니면 기존 템들을 업그레이드 할지 에테를 더 살지 정말 고민됩니다...",https://www.inven.co.kr/board/maple/2300/358343
챌 3만점 보상,애쉬보x,2026-06-28 14:26,"블큐 받은거 어디 쓰는게 좋을까여
전 엠블에 바를려고 하는데 다른 좋은거 있으면 알려주세요",https://www.inven.co.kr/board/maple/2300/358342
보조 구매 질문있습니다,,2026-06-28 14:22,"현재 저의 아이템 상황입니다 보조를 구매하려고 했는데 깡레전 16억 제가 쓰고있는 옵션보다 좋은 것들은 30억이 넘습니다 그래도 구매 가치가 있을까요?
) +페어리 하트에 카유잠 or 카레잠을 발라줄까요 아님 이번 미라클때 그냥 돈써서 유니크만 찍어놓을까요?",https://www.inven.co.kr/board/maple/2300/358341
메린이 템세팅 간단 질문점,,2026-06-28 14:19,"150억메소로 시작하고 추가 과금은 없음
어느정도 수준의 스펙으로 맞춰야함??..
1. 3흙테르 5케인으로 가는게 맞음?
2. 부위별 금액대는 5억 언더수준으로 잡는게 맞음?
욕심은 없습니다 150억 수준에 맞게 템세팅해서 즐길거임
직업은 썬콜이고 내실없는 깡계정 유니온1000따리",https://www.inven.co.kr/board/maple/2300/358340
검마 배율 400퍼 나오는데,Issuemakerr,2026-06-28 14:08,"극싸튀로 깰수있음?? 윈브임
포뻥은 못받고 최소 포스는 맞춤",https://www.inven.co.kr/board/maple/2300/358339
검밑솔 돌이 정도로만 할려는데 스펙을 어느정도 잡아야하나요,안녕용가뤼,2026-06-28 14:08,작년 렌 출시때 챌섭하다 리프한 캐릭인데 검밑솔 정도로만 스펙맞추고 나중에 점차 업글해나가는 식으로 하고싶어서 세팅을 어느정도로 하는게 좋을까요 검밑솔 다도는데 1시간이여도 상관없고 돈은 적게 쓰더라도 쾌적하게까진 아니여도 적당히 깰 수 있는 스펙까진 맞추고 싶습니다,https://www.inven.co.kr/board/maple/2300/358338
작 관련해서 질문해 봅니다,Wjddd,2026-06-28 13:55,현재 이걸 끼고있는데 작이 무슨작이 된지 모르겠더군요 그냥 밀고 놀긍 떡작하는게 좋을까요?,https://www.inven.co.kr/board/maple/2300/358337
보스파티구하는곳 어디서 보면 되나요?,,2026-06-28 13:38,"검마 파티 구해서 트라이좀 해볼까 하는데
검색해보니 '츄츄지지'란곳도 있고 하던데 혹시 제일 활성화 되어있는 곳이 어디인가요?",https://www.inven.co.kr/board/maple/2300/358336
미트라 에디 여기서 멈추는게 나을까여??,데딜,2026-06-28 13:33,"안녕하세여 화에큐 한 40개정도 써서 등업못하고 두 줄만 띄어논 상태입니다.
여기서 화에큐 더 수급해서 돌리는건 별롤까여?? 첼섭코인이랑 마스터보상으로 땡길 순 있습니다.",https://www.inven.co.kr/board/maple/2300/358335
에디는 등업 확률이 더 낮나요??,나발부는꼬맹,2026-06-28 13:32,"에디 레어에서 에픽 가는데 브론즈큐브 한 300~400개 넣었는데 하나도 등업이 안됐어요;, 이게 맞는건가요..;; 잠재랑 확률이 다른가요??",https://www.inven.co.kr/board/maple/2300/358334
토드 관련해서 질문드립니다,Wjddd,2026-06-28 13:28,매커를 데브펜에 토드를 할려하는데 장비전승을 누르니 매커네이터가 뜨질않더군요. 현재 매커네이터는 스타포스1성에 윗잠아랫잠 에픽이고 데브펜은 윗잠만 레어로 발려있는상태입니다. 무슨이유 때문인지 알수있나요?,https://www.inven.co.kr/board/maple/2300/358333
뉴비기준으로 해방하면,돌돌이리,2026-06-28 13:28,제네패스 산 기준으로 몇주정도 걸릴까요? 지금 보스 전투력은 2060만입니다 노말 듄켈까지 잡았어요,https://www.inven.co.kr/board/maple/2300/358332
보마 블랙보조 등업 고민,헤헿입니다,2026-06-28 13:16,"카레잠 한장은 페하에 쓰려고 합니다
챌린저목표인데 지금 템 가격이 미친거같아 천천히 하려고하는데 블랙보조 레전 등업 후 블큐로 두줄 뽑아서
레2줄 에픽1줄 쓰다가 난제 사먹는거 어떤가요 ?
아님 검밑솔은 그냥 넉넉한데 더 존버할까요 ??",https://www.inven.co.kr/board/maple/2300/358331
템 스펙업을 어케 해야하지 모르겠어요,,2026-06-28 12:47,"레테로 복귀해서 열심히 달리고 있는데
지급된 보스장신구를 어떤식으로 바꿔가야할지 모르겠어요
조언 부탁드립니다 ㅠㅠ 항상 여기가 막막해요",https://www.inven.co.kr/board/maple/2300/358327
형들  이거 살만할까?,아잉잉조아,2026-06-28 12:21,지금 스카니아에서 제로 키우고있습니다 에테 쿨뚝 관세 6000원 33억 내고 살만 할까요?,https://www.inven.co.kr/board/maple/2300/358326
시세 전문가님들 도와주세요,메이플유저3,2026-06-28 12:17,제가 쓰기에 오버스펙이라 파려하는데 얼마에 팔지 감도 안옵니다 ㅜㅜ 에디는 전승템으로 값어치가 있을까요? 시세 박사님들 도와주세요,https://www.inven.co.kr/board/maple/2300/358325
챌섭 복귀 메린이 질문 부탁드립니다..,상랑,2026-06-28 11:47,"윗잠 천장찍을거 같아서 마깃안 깡통사서 유잠바르고 돌리다 저렇게 나와서 멈췄고, 메소
천장으로
팬던트 레전
찍고 스펙 다운한 다음 머리 뜨거워서 화에큐 박았더니 저렇게 됐습니다..
다이아 보상 화에큐는 다썼고, 상급 챌린저스 코인 화에큐 20개는 아직 남았고, 메소는 거의 없는 상태입니다
일단 다음 주에 해방은 확정이긴 한데 냅뒀다가 한 달 뒤에 손절해야 하는지, 아니면 최소 2줄은 띄워야 하는지
미칠거 같아서 글 올려봅니다.. ㅜㅜ",https://www.inven.co.kr/board/maple/2300/358323
미라클 챌섭 레전만 만들고 파는게 이득이겠죠?,밍스비,2026-06-28 11:10,두개 쌍레 보내놧는데,https://www.inven.co.kr/board/maple/2300/358322
뉴비 이거 오리진 버그인가요???,주주주132,2026-06-28 10:02,오리진만 사용하면 보스때 소리가 너무 줄어드는데... 몰입이 너무 깨지네요 ㅠㅠ 보스 치는 거는 재밌는데 이거 왜이럴까요?? 저만 이러는 건가요 아니면 원래 이런가요??,https://www.inven.co.kr/board/maple/2300/358321
환산주스텟 솔플여유컷 질문,,2026-06-28 09:32,"환산주스텟에서 솔플여유컷 220퍼 정도인데 첫 극딜(오리진 포함) 9퍼정도 깎는게 맞나요?
여유컷인데 20분 풀로 쳐야 잡을거 같던데 버프가 부족한건가요? 반빨별 이런건 무조건 들어가서 여유컷으로 뜨는건가...",https://www.inven.co.kr/board/maple/2300/358319
챌섭 뉴비 스펙업 고민좀 도와주세요!,밭점례,2026-06-28 09:32,"지금 현재템인데 30억들고 있어요
피도미 버리고 직작을 할까요 아님 돈 더 모아서 미트라를 살까요?",https://www.inven.co.kr/board/maple/2300/358318
메린이 질문 있습니다!,고수가돠고싶,2026-06-28 09:24,지금 챌섭에서 한 200억정도 현질해서 템세팅 하려고 하는데 칠흑 여명이 많이 비싸졌다는 얘기가 많아서 어차피 해야하는 에테르넬 먼저 맞추는거는 별로인가요?? 에테도 지금 비싼 편인가요?,https://www.inven.co.kr/board/maple/2300/358317
메린이 어빌 질문 있워요!!!,무병,2026-06-28 09:15,"안녕하세요 선생님들 챌섭 메린이입니다.
직
업은 아크이고 재보상 쓰는 걸로 알고 있습니다.
보스 : 재사용/보공/상추뎀,
사냥 : 메획/아드/일몹뎀 타겟한다고 했을 때
현재 어빌
프리셋 1 : 레전 재사용 20% / 에픽 공 12 / 에픽 상추뎀 5%
프리셋 2 : 레전 메획 19% / 잡옵 / 잡옵
프리셋 3 : 레전 아드 20% / 유닉 일몹뎀 8% / 잡옵
남은 명성치 43만
이미 아드가 이벤링에 하나 있고 소재비, 쓸심, 민생드랍까지 하면 메소주머니 확정드랍율은 넘치는 상태라서 메획을 가져가고 싶은데 저 상황에서
보스/사냥 뭘 우선 맞춰줘야 할지, 어느 프리셋을 갈아야 할지 모르겠어서...
프리셋1번을 보스로, 2번을 사냥으로 우선적으로 쓰고
3번을 갈아서 메획/아드을 노려야 할까요?
만약 그렇다고 하면 유닉 일몹뎀을 잠그고 계속 돌리면 될까요? 아니면 그냥 다 돌려서 유닉 아드 후 첫줄 메획을 임시로 찾고 쓰다가 나중에 천천히 맞출까요?
프리셋3 일몹뎀 고정하고 돌리다가 아드 나왔는데 명성치 빨리는 게 너무 보여서 무작정 하다가는 이도저도 안 되겠다 싶어서 질문 드립니다.
감사합니다!!",https://www.inven.co.kr/board/maple/2300/358316
스펙업 순서 질문,삼다연,2026-06-28 08:57,"안녕하세요 챌섭 복귀 유저인데요. 스펙업 순서를 알려주시면 감사하겠습니다
직업은 은월입니다. 사실 보조 먼저 살려고 돈 모으고 있었는데 생각을 해보니 마약 하나 끝나기 전에 검마를 한 번 클리어 하는게 해방 일정을 당기는 데 있어 좋은 것 같기도 해서요. 원래대로 보조를 산다 혹은 눈장 벨트를 바꾼다 혹은 여명 별을 누른다 정도를 고를 수 있다고 생각을 하고 있습니다. 무슨 순서로 하는게 맞을까요 아님 그 외 선택지가 있을까요 현재 20억 정도 있습니다",https://www.inven.co.kr/board/maple/2300/358315
17성 주문서 사용처가 궁금해요,너희들의왕,2026-06-28 08:35,"40억 메소가량 들고있는데요 !!
3장의 17성을
가엔링[여명X] 여기엔 무조건 바를거구
트왈마,데브,스텔라,파풀마or블빈마 분자벨 ?
이중에 무엇을바를까요 ?
유튜브보면서 하고있는데도 어렵네요
미라클로 풀리는 템들중에
21% 유니크 3부위 구하 혼자 에디에픽까지 올릴꺼같아요
어느 장신구에 하는게 가장 좋을까 고민입니다.. !",https://www.inven.co.kr/board/maple/2300/358314
파티는 어디서 구하나요?ㅠ스카 검마 2인 팟 구해요..ㅠ,빠악꾸,2026-06-28 08:30,파티 모집하거나 확성기 밖에 없는거죠???,https://www.inven.co.kr/board/maple/2300/358313
미트라 에디,루미참모,2026-06-28 07:48,"아침에 에디 유닠이여서 레전보내볼까 하고 바로 등업되길래
옵션 뽑는다고 한 30만원 가량쓰고 마9 마9 뽑았는데
다음 주 해방인데 제네무기에 쓰는게 낫겟져..?
어차피 더 쓰면 개 손해 일거같아서 ㅠㅠ",https://www.inven.co.kr/board/maple/2300/358312
보공이 없는데,로리슬비,2026-06-28 07:02,보조 이거쓰다가 돈모이는대로 바로 레전보조로 사는게 현명할까요? 보스퍼센트는 높은데 미숙한것도있어서 타임아웃되는경우가있어서요,https://www.inven.co.kr/board/maple/2300/358311
메린이 스펙업 질문드립니다 여명4셋완,Como90,2026-06-28 06:57,,https://www.inven.co.kr/board/maple/2300/358310
메멘토 브론즈 에디셔널 큐브 질문,복희수,2026-06-28 06:46,이거 왜 사용이 안되는지 아시는분 계실까요?,https://www.inven.co.kr/board/maple/2300/358307
지금 미트라 노작 얼마인가요??,소변은앉아서,2026-06-28 05:23,"근무중이라 ㅠㅠㅠ
퇴근하고 미라클이라 궁수 엠블돌려보려는데 너무 비씨더라구요 지금은 좀 싸졌을까요?",https://www.inven.co.kr/board/maple/2300/358306
레테 퀘스트 문의,아아나오네요,2026-06-28 05:00,"다른 캐릭 키우느라 일단 본섭에 레테 250작 했는데
이지 루시드까지ㅜ클리어하려면 템을 사서 맞춰여하나요…?
조언 해주실분 ㅠㅠㅠ",https://www.inven.co.kr/board/maple/2300/358305
에테 상의 쌍레 18성 올올올,메이플유저3,2026-06-28 04:34,"제가 화에큐 쓸 때 없어서 쓰고 있던 18성 에테에 계속 쓰다가 올올올이 떴는데 이런건 오버스펙이라 파려하는데
시세
가 어떻게 될까요",https://www.inven.co.kr/board/maple/2300/358304
레전잠 한장 어따써야될까요?,곰자주,2026-06-28 03:40,"무기는 고정이고 하나를 어따 써야될 지 모르겟습니다
보조나 엠블렘은 유니크 공2줄씩 띄웠고 하트는 유니크24퍼가 떠버려서 쓸 곳이 마땅히 없는데
그냥 파는게 나을까요 아님 미분 거품 빠질때까지 기다렸다가 짬통으로 쓰는게 좋을까요",https://www.inven.co.kr/board/maple/2300/358303
메메 데브펜 25억에 주웠는데 나름 잘 산거 맞죠?,Seub,2026-06-28 03:37,ㅈㄱㄴ,https://www.inven.co.kr/board/maple/2300/358302
템 둘 중에 뭐가 좋을까요,,2026-06-28 03:09,"각각 21, 20억 인데 살만할까요
챌섭입니다",https://www.inven.co.kr/board/maple/2300/358301
메린이 미라클에 메소 다 박았는데 조언좀..,Funnn,2026-06-28 02:32,"블큐 40개, 화에큐 7개, 170억 메소 써서
30억메소 >> 명훈 사서 어빌작 보뎀20 상추7 마21
나머지 다 템에 던져서
가엔링 에픽레어 잡옵 > 에픽 인트15퍼 에픽 마력 21
트왈마 에픽레어 잡옵 > 레전 올15퍼 에픽 마력21 인트10
에스텔라 에픽레어 잡옵 > 유닠 인트15퍼 레전 올10퍼
데브펜 에픽레어 잡옵 > 유닠 인트12퍼 럭9퍼 유닠 인트6퍼 마력11
블랙 보조 레전 마력12퍼 에픽 잡옵 > 레전 보뎀 65퍼 유닠 마력9퍼
똥블렘 유닠레어 잡옵 > 레전 마력 21퍼 유닠 마력9퍼 인트 6퍼
페어리하트 유닠에픽 잡옵 > 유닠 인트12퍼 유닠 인트 13퍼
썬콜인데 뉴비 가지고 있던 전재산 다 박아서 했는데 잘쓴거임...?
뭔가 삘타가지고 계속 눌렀는데 전재산 다 탕진하니까 이게 맞나 싶어서 그럼..
이것들 가지고 챌까지 가는데 괜찮을꺼 같음?? 아님 새로 사는게 나을만한게 있음??",https://www.inven.co.kr/board/maple/2300/358298
심볼 현상금 주화 상점으로 땡기는건 별론가요?,깡으로버텨라,2026-06-28 02:29,현상금 주화 상점에서 심볼 선택권 29개 살수있는데 경치 4배 쿠폰 다 샀고 이외에 혹시 사야하는 중요한 템 있을까요?? 남은 걸로  다 사면 심볼 6종 17>18 가능한데 좀 그렇겠죠...? ? 검마 트라이 가고 싶은데 심볼 업글 해야하는 거 같아서 고민됩니다,https://www.inven.co.kr/board/maple/2300/358297
본메 챌섭 하는데 궁금헌것좀..,키위향발냄새,2026-06-28 02:15,매린이 난생 처음 본메 첼섭 하는데 중간에 겹사 박는 사람이 많더러구요. 본메는 겹사 박아도 괜찮나요??,https://www.inven.co.kr/board/maple/2300/358296
메린이 질문이여,호베니야,2026-06-28 01:57,"이번주 모은 메소
미라클 이벤트에 주스텟 6% 올리려고 돈쓰는것보다
어센틱 심볼 사서 주스텟 올리는게 더 싸게 먹히는데
이벤트에 흔들리지말고 심볼사는게 맞겠죠..?",https://www.inven.co.kr/board/maple/2300/358294
노작 아케인 해적 쌍크뎀 장갑 시세 얼마정도 할까요,개랄스트,2026-06-28 01:50,팔려고 봐도 매물도 없고 시세탭에도 마땅하게 맞는게 없네요 얼마 정도면 적당할까요 진짜 그냥 추옵 140급 정도에 쌍크뎀만 달려있습니다,https://www.inven.co.kr/board/maple/2300/358293
몬파 핸즈가 안 되는데,,2026-06-28 01:44,"챌섭 캐릭 몬파핸즈 돌리려는데
캐릭터정보를 어쩌구 이게 접속종료한지 한시간이 넘었는데도
계속 뜨고있는데 이거 해결법 있나요 ㅜㅜ",https://www.inven.co.kr/board/maple/2300/358292
지금 미라클이던데 보조 레전노려봐도 괜찮나요,,2026-06-28 01:37,"엠블은 이미 미트라 레전해놔서 19억정도 있는걸로 보조 유닠 > 레전 돌려볼려는데 괜찮나요
나머지 여명이나 에디 에픽작은 다 했어요",https://www.inven.co.kr/board/maple/2300/358291
해방하면 무기 렙제 몇인가요??,깟님,2026-06-28 01:31,"이제 퀘스트 받고 하고있는데
나중에 해방하면 17성 주문서 발라지나요??
쓸 곳들을 정해야 해서..",https://www.inven.co.kr/board/maple/2300/358290
뉴비 미라클 하다가 운좋게 과분한 옵션이 떳는데요,,2026-06-28 01:05,"한 30억
한 40억정도 사용 해서 만든거같은데 팔고 제 수준에 맞는 보조를 살까여 아니면 꾸준히 화에큐 돌리면서 제가 쓸까요...? 지금 약간 깃펜 거품잇는거같아서 마15 블랙보조로 살면서 이거 팔고 메소 버는것도 나아보이는뎅",https://www.inven.co.kr/board/maple/2300/358287
어빌리티 재설정 질문 드립니다,,2026-06-28 00:55,"안녕하세요 제 검색 능력 부족으로
어빌리티 세팅 관련 원하는 답변을 찾을 수 없어
선생님들께 문의드립니다
어빌리티 설정 중 첫째 줄을 레전으로 올린 후 둘째 줄 유효가 떠서 잠갔고 셋째 줄을 유니크 유효로 뽑는 중 이였는데요
첫째 줄에서 레전 유효가 떠버렸습니다 이럴 경우 둘째줄을 잠그고 첫째줄이 유효지만 첫째, 셋째 같이 새로 돌려서
세번째를 유니크 유효로 뽑고 난뒤에 첫째줄 유효를 뽑아야 하는지
첫째, 둘째줄 잠근후 셋째줄 유니크 유효를 찾아야 할지 확실하게 몰라서 문의 드립니다.
아래는 참조한 표입니다.
https://maplestory.nexon.com/Guide/OtherProbability/ability/reputevalue
구분
에픽 등급
유니크 등급
레전드리 등급
첫 번째 옵션
에픽
100.00%
유니크
100.00%
레전드리
100.00%
두 번째 옵션 및
세 번째 옵션
레어
100.00%
에픽
30.00%
유니크
15.00%
레어
70.00%
에픽
85.00%",https://www.inven.co.kr/board/maple/2300/358286
블랙보조에 골드 큐브 20개 정도 써도 될까요?,,2026-06-28 00:36,이번 미라클 타임으로 운좋게 레전을 가서 유효 두 줄만 띄워서 쓸려고 하는데 골드 큐브 20개 정도 투자해도 될까요? 그리고 남은 30개랑 앞으로 얻을 수 있는 큐브들은 나중에 해방무기에 쓸려고 합니다,https://www.inven.co.kr/board/maple/2300/358284
루포실 잠재 전승,K단풍,2026-06-28 00:34,교불 루포실 윗잠 공33퍼가 떴는데 교가에 잠재 전승해서 판매할 수 있나요?,https://www.inven.co.kr/board/maple/2300/358283
미라클 엠블 관련 질문,,2026-06-28 00:25,현재 엠블 이 상태인데 미트라사서 미라클로 레전 올려두고 메멘토 먹이는게 괜찮은 선택일까요?? 아니면 계속 써먹다가 추후에 사먹는게 좋을까요,https://www.inven.co.kr/board/maple/2300/358282
메린이 제논 트왈마 질문,메린이1578,2026-06-28 00:17,이거 멈추고 계속 쓰면 되겠죠?,https://www.inven.co.kr/board/maple/2300/358281
"챌섭에서 유잠 바른 아이템들, 옵션은 어떻게 맞추나요?",,2026-06-27 23:23,"블랙보조랑 엠블렘에 유잠 발라뒀는데, 옵션을 뭐로 뽑아야할지는 머르겠어서요.
깡메소 말고, 챌섭 커인 써서 큐브로 돌리는게 좋나요?",https://www.inven.co.kr/board/maple/2300/358279
안녕하세요 어웨이크 이후 거의 6년만에 복귀하는 메린이입니다,슈퍼루커,2026-06-27 23:04,"이번에 복귀해서 챌섭에서 버닝 지정하고 276까지 듀블 열심히 키우고 있었는데,
갑자기 직업 현타가 너무 씨게 와서...
어차피 캐릭 삭제해봤자 보상을 하나도 못받으니 의미는 없고,
카인 키우고 싶은데 테라 버닝 지정해서
듀블로 모으는 재화 카인에 투자하면서 본캐로 키워도 상관 없을까요...
메잘알 형님들 부탁좀 드리겠습니다",https://www.inven.co.kr/board/maple/2300/358278
플라즈마 하트 진지하게 고민중입니다 ㅠㅠ,설화지,2026-06-27 23:03,"본섭 본캐 / 렌(287) / 전투력 1억 / 환산 5만 / 헥사 44000
챌섭 부캐 / 레테(280) / 전투력 4600만 / 환산 38000 / 헥사 29000
챌섭에 다이아까지 찍었는데 고민인게 플라즈마하트를 누구한테 써야할지 고민중입니다..ㅠ
본캐는 지금 노말세렌,검마까지 잡았구요. 똥손이라 이칼은 20분 패치전에 하다가 포기했었는데..
이번에 패치되고 나서 검마도 처음꺠보고 쉬워졌길래 이칼이랑,대적자 천천히 해볼생각입니다
본캐가 페어리하트여서 얘한테 주고 보스들은 더 쉽게 잡을지..
아니면 레테도 본캐급으로 육성 생각중이여서 레테한테 줘서 챌섭 보스들을 더 쉽게 잡을지 생각중입니다..
챌섭 목표는 야누스 20레벨 강화권 때메 9만점 하고싶은데.. 무리일거 같구요.
마스터까지 찍고 생각좀 해봐야할거 같습니다
본캐 렌 vs 챌섭 레테 누구한테 줄지 의견좀 부탁드립니다..!
그리고 플라즈마 하트 업글시키면 혹시 환산 차이 많이 날까요!?",https://www.inven.co.kr/board/maple/2300/358277
150급 파풀마,탈주인간,2026-06-27 22:58,복귀뉴비라 모르는디 혹시 가격대 아시는분?,https://www.inven.co.kr/board/maple/2300/358276
미라클때 칠흑있는거 유니크보내는거 괜찮나요,잘웃지못하는,2026-06-27 22:45,"복귀뉴비인데 챌섭시작할때 노작 쌩칠흑 거공루컨마마깃안커포링고근몽벨미트라를 구매했는데요
미트라는 레레 완성해놓앗고
220억정도 남앗는데 일단 미트라 제외 6부위 에잠발라놧거든요
미라클때 유니크보내고 실버큐브 돌려서 쓰는거 어떻게보십니까?
에디에잠도 발라놓긴햇는데 에디에픽 보내서 에디큐브 쓰는거 괜찮다 보십니까?
급발진이 고질병이라 일단 블랙보조 레레보내고 옵션뽑지도못하고 돈좀 많이 날리긴햇는데
칠흑 유니크보내는거 손해인지 어떨지 의견구합니다",https://www.inven.co.kr/board/maple/2300/358275
자석펫 4마리 이상쓰면 화면에 다 보이나요?,오우비,2026-06-27 22:45,"자석펫 6마리 쓰면
화면에 6마리 다 보이는건가요?",https://www.inven.co.kr/board/maple/2300/358274
안녕하세용,즐겜하는용이,2026-06-27 22:39,"6년만에? 다시 할려고하는데, 챌린저스 서버에서 하루 1~2시간정도씩 플레이한다고하고 무자본이면
본섭왔을때 보스 어디까지 가능할까요?",https://www.inven.co.kr/board/maple/2300/358273
뉴비 템 호구당한건가요ㅠㅠ퓨,집구석현자,2026-06-27 21:53,"챌섭에서 이거 관세포함 88억주고 샀는데
친구가 호구라더라구요ㅠㅠ 진짜 덤탱이 씌인건가요...하...ㅠ
메수라이브도 안들어가서 기댓값도 모르고 샀는데 ㅠ",https://www.inven.co.kr/board/maple/2300/358271
명장 달고 일정시간이상 제작 안하면 떨어진다던데 맞나요?,꽃쑨잉Sz,2026-06-27 21:42,뉴비라서 잘 몰라서요,https://www.inven.co.kr/board/maple/2300/358270
혹시 인벤에 템 판매글 작성해도 되나요?,,2026-06-27 21:37,"제목 그대로 아이템 경매장 판매글 작성해도 되나요?
공지를 어디서 보는지 몰라서 질문 게시판에 먼저 물어봅니다.",https://www.inven.co.kr/board/maple/2300/358268
검마 인원수에따라 어둠의 흔적량 차이나나요?,,2026-06-27 21:16,"솔플딜은 충분한데 초보에 직업이 카데나라 못하겠음솔플...
걍 2~3인가서 찢어버리고 해방하고 솔플하고싶은데 인원수에 따라 흔적량차이남?",https://www.inven.co.kr/board/maple/2300/358267
뎀스 슬롯 어디서안파나요,,2026-06-27 21:03,"저의 쑥쑥 새싹 뎀스가 소비창에서 뒤질라카는데
데일리기프트말고 진짜없나",https://www.inven.co.kr/board/maple/2300/358266
메이플 뉴비 챌린저스 서버 레테 꼭 해야할까용?! ㅠㅠ,강진뿡이,2026-06-27 20:50,"아주 옛날에 했던 사람입니당 ㅠㅠ
요즘에 메이플 영상이많이떠서 다시 챌린저스로 시작해서 복귀하고 싶은데
레테 캐릭터가 요즘에 새로 나와서 레테를 꼭해야하는지?...(예를 들어 이벤템이나 이벤트로 인해서..)
아니면 제가 하고 싶은 직업으로 해서 챌린저스를 하다가 다른서버로 가도 충분한지 여쭤보고싶어서요!",https://www.inven.co.kr/board/maple/2300/358265
블랙보조 템 세팅 질문드립니다,,2026-06-27 20:26,"블랙보조 사용중인데요
환산 목표 10만으로 데티 해방이 목표인데
요거 아스트라로 바꾸는거 괜찮은가요??
아님 해방하려면 좀더 좋은걸로 보조 바꿔서 아스트라로 올려야할까요?
템셋 고수님들 답변 부탁드립니다ㅠㅠ",https://www.inven.co.kr/board/maple/2300/358264
닉네임 옥션 질문입니다!,,2026-06-27 20:12,스카니아에서 닉을 올리고 동일 계정의 챌섭 캐릭으로 접속해서 챌섭에서 구매 후 다시 스카니아 서버에 캐릭 중 하나 선택해서 구매한 닉네임으로 교환 가능한가요?,https://www.inven.co.kr/board/maple/2300/358263
뉴비 100억 어디에 쓰는게 현명할까요?,김짬구씌,2026-06-27 20:05,"직업은 레테입니다.
4여명 (18성 딸깍, 유에 두줄)
17성 골클벨
블랙보조 (어쩌다 뜬 보방마, 에디 에픽한줄)
똥블렘 (유에 한줄 + 잡옵) -> 바꾸고 싶음
하트 (노작인데 레잠 바르고 골큡으로 대충 띄울 예정)
헥환 2.7에 투력 3400만정도 되는데 컨이 고자라 검밑솔 수월할 때 까지는 스펙업 하고 싶습니다.
100억정도 있어서 애완미트라 걍 노작 사서 돌릴지 모르겠네요..
20성 블빈마(아님 마깃안 흙칠흙 직작)를 사고 조각 사먹는게 정배같긴 한데 똥블렘이 참 불쾌해서 그런가
자꾸 미트라에 눈길이 가네요 무슨 스펙업을 해야 좋을까요??",https://www.inven.co.kr/board/maple/2300/358262
카레잠 사용처좀 추천해주세요.,투그레이프,2026-06-27 19:54,"안녕하세요 선배님들.
이전에 질문글 남기고 현재 챌린저스4에서 렌을 키우고있습니다.
현재 이상태인데 카레잠하나 어디다 사용하는게 좋을까요?
제네패스는 구매해서 제네무기 생기면 다른 카레잠하나는 제네무기에 줄생각입니다.
꼭 답변부탁드립니다!!",https://www.inven.co.kr/board/maple/2300/358260
누비 두개만질문좀,,2026-06-27 19:47,"1. 전투복이랑 스라벨이랑 능력치 뭐가더좋음?
2. 프리셋하면 스라벨 능력치용 / 능력치받으면서 따로 코디가능함??",https://www.inven.co.kr/board/maple/2300/358259
이번 챌섭은 레잠 딱 2개 주는건가여?,강윤슬,2026-06-27 19:41,"하나는 무조건 해방무기에 바르고
나머지 하나는 블랙보조나 엠블렘에 바르면 되나여?
또 다른 이벤트로 레잠 뿌리는지도 궁금해요",https://www.inven.co.kr/board/maple/2300/358257
15일 이용 제한을 받았는데 사유가....,워로드짱짱,2026-06-27 18:59,"오랜만에 복귀 유저입니다..
메이플 접속하고 레테 만들고 스토리 보면서 하다가
오늘 6시 접속해서 2시간 사냥해서 레벨업 하고
잠시 crtl에 동전 꼽고 커피타고 (1분 걸렸나?) 오니까
이용제한걸려있는데....
1대1 문의하니까 비정상적인 기록 탐지,
자세히 물어보니까 반복적인 키 입력이라는데...
Ctrl에 동전꼽는거 인제 안되는건가요??",https://www.inven.co.kr/board/maple/2300/358256
대적자 최소컷 질문,,2026-06-27 18:59,"105%래서 해보고 있는데요..
게이지는 거진 풀인 상태였는데 딜이 너무 남는 느낌이라 질문 드립니다
첫 극딜 할 때 첫 검의 소나기 패링하고 10%받고 극딜하고
1페 -> 2페 넘어갈때 피 애매하게 남아서 준극으로 넘어간다음
2페에서 극딜 돌자마자 풀게이지 상태에서 오리진극으로 하는데요 바꿔야 할 부분 같은게 있을까요",https://www.inven.co.kr/board/maple/2300/358255
다들 챌린저스 패스 미션 완료된 걸로 떠요?,아빠가이상해,2026-06-27 18:53,"이번주에 아직 에픽던전도 안 돌았고 주간보스도 하나도 안 돌았는데 전부 다 완료라고 떠있네;;
목요일 초기화니 오늘 3일째인데 일일접속 5회도 완료라고 떠 있음.
다들 이럽니까?",https://www.inven.co.kr/board/maple/2300/358254
메린이 템 어떻게 바꿔야될까요,이묘1,2026-06-27 18:49,"연습모드로 머리박으면서 세렌 밑으로는 잡아놨는데 제가 못하는건지 세렌이 너무 쌔서 안잡혀요
어떤 장비를를 바꿔줘야될까요? 어느장비부터 바꿔야되는 순위도 알려주시면 감사하겠습니다!",https://www.inven.co.kr/board/maple/2300/358253
헥사 선데이 기다리는게 맞겠죠?,,2026-06-27 18:47,"헥사1단계  이렇게 나왔는데
썬데이 존버인가요?    환산따라가려면  2단계 떡작까지 해야되는데 ,....",https://www.inven.co.kr/board/maple/2300/358252
해방 어둠의 흔적 질문,,2026-06-27 18:39,"이번주에 노말 더스크 잡고 나중에 연모로 카오스 더스크 잡으면, 나중에 잡은 카오스 더스크 어둠의 흔적은 안들어옴?",https://www.inven.co.kr/board/maple/2300/358251
도원경 사냥터 질문,꿈이있는메린,2026-06-27 18:38,참혹한 흔적의 겨울2가 더 효율이 좋나요 아니면 빛이 약한 여름4가 더 좋나요??,https://www.inven.co.kr/board/maple/2300/358250
흙테르넬 vs 아버 장비,,2026-06-27 18:12,"흙테르넬 12성 정도만 띄워서 8셋 착용해보려고 하는데요
포도둘둘로 아버셋보다 세질 수 있을까요?",https://www.inven.co.kr/board/maple/2300/358249
챌섭 챌린저 찍고싶어우..,,2026-06-27 18:09,"챌린저 찍고 유챔세렌까지 달리고 싶은데 자세하게 좀 트라이할만한 스펙을 모르겠어용 ㅜㅜ
제네는 깔끔한 5줄 띄운다 치고 보조는 미라클 이후에 사먹을건데 혹시 조언해주실 분 있나요..?",https://www.inven.co.kr/board/maple/2300/358248
와헌 준극딜?,둥드,2026-06-27 18:07,극딜만쓰고 준극딜처럼 인팬트리쿨 안돌리면 딜로스 많이나나요?,https://www.inven.co.kr/board/maple/2300/358247
챌섭 미라클타임 등업 질문,편백민트,2026-06-27 18:04,"지금 블랙보조랑 엠블에 하기엔 조금 아깝고 에스텔라 이어링이랑 파풀마 깡통을 사서 유니크, 에디에픽으로 등업 해볼려고 하는데 괜찮나요? 올릴 메소는 충분해요",https://www.inven.co.kr/board/maple/2300/358246
MVP 유지 기간이 궁금합니다 !,,2026-06-27 17:29,"제가 오눌 60만원을 캐시사용해서 골드가 되었는데
이 등급을 유지하려면 다음주부터 매주 60만원÷13주 금액을 사용해야하는건지
아니면 13주동안은 골드가 유지되는건지 궁금합니다 ^^",https://www.inven.co.kr/board/maple/2300/358245
진힐라를 못잡겟어여,따라리라,2026-06-27 17:23,"챌섭 투력 2200만 찍은 팬텀인데 노말진힐라 패턴은 다 피할수있는데 딜이 안나옴이거
20분치면 중간에 세이람 끝나서 딜 애매하게 안됨 너무 힘든데 방법 잇을까요 가엔이라도 만들어야하나",https://www.inven.co.kr/board/maple/2300/358244
메린이라서 이거 얼마에 팔아야하는지 모르겠어요 도와주세요 ㅠㅠ,무야호아저,2026-06-27 17:13,이거 예전에 사논건데 얼마인지 모르겠어요 ㅠㅠ 도와주세요,https://www.inven.co.kr/board/maple/2300/358243
원래 보스 배율보다 훨씬 느리게 잡아지는게 정상임??,Funnn,2026-06-27 17:01,"메린이 인데 보스 배율에 비해서 잡는시간이 너무 차이남;;
카더랑 하윌 잡았는데 카더는 배율이 한 200퍼 됐는데 4~5분 남기고 잡았고 하윌은 209퍼 정도였는데 이것도 4~5분 남기고 잡았음
근디 패턴 숙지 잘 안됐고 딜 넣는거 잘 모른다도 있다고 생각하는디 하윌은 차피 체력컷 있어서 오래 걸려도 이해하는데 카더는 분명히 눈열리기 전에도 평딜 계속 때리고 눈 열릴때마다 극딜, 준극딜 계속 박았는데도 이렇게 까지 차이나는거면 내가 이상하게 하고 있는거임??
이번주 목표가 검밑솔에 노멀 메이린, 빡세게 해서 가능하면 검마 1~2인이 목표인데 다른 사람들보면 한 100~120퍼 정도면 20분 다 채워서 깰만 하다는데 나는 그럴 엄두가 안남;;;",https://www.inven.co.kr/board/maple/2300/358242
블빈마 어케 하나요?,샤넌짱,2026-06-27 16:48,"1. 17성 스타포스 바른 이후에 잠재는 어떻게 해여하나요?? (미라클 썬데이라서 등급 올라가는거 2배던데 이거 노리나요?)
2. 추옵의 경우 검환불 써야하나요?? 제네무기에 써야해서 원기옥 모아야하는거 아닌가? 싶어서 여쭤봅니다
3. 얘도 주문서 작을 해야하나요?? 만약 해야한다면 30퍼로 지르고 평균 몇 이상이면 쓰면 되나요?
4. 에디잠재가 아랫잠인거 같은데 요거는 어케해야하나유",https://www.inven.co.kr/board/maple/2300/358241
25성 가엔링 얼마에 팔아야 하나요?,,2026-06-27 16:41,"작년 렌으로 유입해서 눈 돌아서 스타포스로 난리치다가 망해서 리프하고 접었다가,
2개월 전에
복귀하고 또 눈 돌아서 다시 스타포스 계속 누른 결과 25성 가엔링 성공했습니다.
챌섭 레테 엠블, 보조 만들어주고 싶어서 반지 팔려고 하는데,
일단 경매장에 인트이탈 1235억짜리 있어서 거기서
윗잠 경매장 걸려있는 인트이탈가격 60억 + 전승가격 40억,
1235억-100억 메소= 1135억메소에 올려놨는데, 이렇게 측청하면 되는거 맞을까요?;",https://www.inven.co.kr/board/maple/2300/358240
200억으로 스펙업 vs 드메 맞추기 뭐가 좋을까요?,,2026-06-27 16:31,"현재 보스컷은 이렇게 나옵니다.....
한부위 정도 맞춰서 세렌 검마를 200%정도로 끌어올리고
나머지 드메 맞출까요.....??",https://www.inven.co.kr/board/maple/2300/358239
"""마븝사"" 닉 얼마 정도 할까 ?",,2026-06-27 16:11,판매중인데 얼마나 하려나,https://www.inven.co.kr/board/maple/2300/358238
챌섭 챌린저 달려면 헥사강화 어느정도 되야함?,Mipurl,2026-06-27 16:01,템은 아버에 여명갈거 같은데 대충 어느정도 헥사강화 해야하지,https://www.inven.co.kr/board/maple/2300/358237
챌섭 미트라 안사고 엠블럼 직작하는 뉴비,너동네북,2026-06-27 15:25,"마일리지 큐브랑 코인샵 큐브 써서 이상태가 되었는데
이러면 미트라 안사고 2차해방까지 엠블럼 이거로 가는게 맞겠죠??
그럼 2차해방하고서 칠흑세트 볼 때는 결국 갈아타는건가여... 이거 언제까지 가나요
또 옵션 언제 어떻게 바꿔줘야 되나요... 윗잠은 건드릴 필요 없는건가요? 에디만 돌려주면 되나요...
요약
1. 미트라 안사고 교불엠블 쓰는게 맞나
2. 언젠간 미트라로 갈아타야 되나? 언제인가?
3. 옵션 뭐뭐 바꿔줘야되나",https://www.inven.co.kr/board/maple/2300/358236
Mvp레드,영동장어,2026-06-27 14:27,현재 엠비피 골드 등급유지 13만원인데 레드까지 갈라면 얼마를 질러야 되나용?,https://www.inven.co.kr/board/maple/2300/358235
아이템버닝 질문이요..,푹먹,2026-06-27 13:59,템창 정리하다가 실수로 아이템버닝 무기를 버린 것 같은데 복구할 수 있는 방법이 있을까요…??,https://www.inven.co.kr/board/maple/2300/358234
mvp 등급별 무슨 혜택이 있는거에요?,러브레시피,2026-06-27 13:54,"MVP 브론즈
MVP 실버
MVP 골드
MVP 레드
MVP 블랙?
5등급이에요?
무슨 혜택 있는지..어디서 봄..",https://www.inven.co.kr/board/maple/2300/358233
엠블럼 옵션 순위,인생짱구,2026-06-27 13:51,"안녕하세요 메린이 엠블렘 좋은걸로 맞춰주고싶은데
예산은 150~200사이정도입니다.
매물을 찾고잇는데 어느게 좋은옵션인지가 궁금합니다.
직업은 렌이고
일단 젤좋은건 공공공인데 이건 엄청 비싼걸알고잇어 패스
그다음이 문제인데 공공뎀 공공방 공공스텟
이렇게 3개가 있더라고요 근데 투력증가는 공공 스텟이 좀 많이 오르는거같은데 공공방이 2순위 옵션이라고 하더라구요
근데 제 예산상에서 방어력이 이탈 공격력은 9퍼인매물이 주로 있고 공공힘이나 공공뎀같은 매물에는 공격력 이탈이 2개는 있는 매물들이 있어보이더라구요 공격력 3퍼만해도 엄청 차이나는거같던데 제예산상에서는 멀 맞춰주는게 좋을까요",https://www.inven.co.kr/board/maple/2300/358232
하버 없이 250비약으로 부캐키우는거 어떤가요?,다락방속먼지,2026-06-27 13:48,하버가 하나뿐이라.. 이미 키네 280까지 챌섭에서 키워놨습니다만 이것저것 키워보고싶은게 많아서요. 이번 챌섭 보상중에 250비약있길래 본섭에 먹이고 일퀘 몬파 딸깍으로 260만들생각인데 비욘드 없이 키울만 할까요? 좀 힘들것 같긴한데.. 추가적으로 하버부를 주진 않겠죠?,https://www.inven.co.kr/board/maple/2300/358231
뉴비 마깃안 먹었는데 팔면 되나요?,,2026-06-27 13:15,"방금 하드 데미안 깼더니 마깃안 떳어요
이거 직작해서 끼는게 낫나요 아니면 옥션에 파는게 낫나요??
현재 아이템버닝 적용 시킨
무과금 유저고
11억 메소 들고 있습니다(챌린저스패스x,제네시스패스x)",https://www.inven.co.kr/board/maple/2300/358228
혹시 검마 20분 되면서 바뀐거 있나요?!,,2026-06-27 13:13,"검마 처음으로 도전하려고 유튜브 보고 공부하려하는데
20분화 되면서 패턴 바뀐게 있나요??
아니면 옛날 공략 영상 그대로일까요?",https://www.inven.co.kr/board/maple/2300/358227
블랙보조 쭉 써도될까요?,극비둘기,2026-06-27 12:58,메이린 잡고 카레잠으로 하트 보조 고민중에 하트는 해봤자 큰 스펙업이 별로 없을것같아 보조2줄이라도 띄우고 보스 잡으려했는데 저렇게 3줄이떴습니다 저기에 에디 유니크나 레전까지 올리고 쭉 써도될까요?,https://www.inven.co.kr/board/maple/2300/358226
보통 해방후에 세팅어떻게되나요??,Mildeok,2026-06-27 12:57,"진힐라하드솔플까지는 되고있고,
해방하면 8000만정도 전투력이 될거같은데
이후에는 어떻게 템세팅 어떻게할까요
챌섭기준에 해방이후는 템세팅가이드가없어서 궁금합니다
본섭은 3에스텔라에 5아케인으로 가시던데,.",https://www.inven.co.kr/board/maple/2300/358225
제네시스 해방 퀘스트 관련 질문입니다 [메린이],강윤슬,2026-06-27 12:39,"혹시 이번주
주간처치 보스를 12마리 제한을 채워서
매그너스를 제네시스 모드로
못잡으면 망한건가요?
제가 실수를 했습니다
이미 카오스 자쿰과, 파풀라투스, 벨룸을 잡아버려서
매그너스를 잡으려면
카엔슬이나 노말메이린을 포기해야 할것 같습니다",https://www.inven.co.kr/board/maple/2300/358223
이벤트링 선택권 하나 더 있는데 뭐 받아야하나요??,나의직업은,2026-06-27 12:34,"첼섭 직업은 렌이고 지금 어웨이크, 이터널링, 테네링 있는데
이벤링 쿠폰을 하나 더 줘서요
뭘 받아야하나요??
딥다크 받으면 되나요?",https://www.inven.co.kr/board/maple/2300/358222
제네 해방 어둠의 흔적 연습모드,모코코아니다,2026-06-27 12:26,패치해서 연습모드로 어둠의 흔적 얻을 수 있다는데 맞나요?,https://www.inven.co.kr/board/maple/2300/358221
자석펫(6석) 질문,Tobiume,2026-06-27 12:15,"본캐가 렌이고 자석펫은 버섯 3석
(펫장비 공격력)
으로 맞췄는데,
예를들어 8기 세트 세 마리를
4,5,6석
으로 추가로 맞춘다 라고 가정했을 때
이때 8기 세 마리의 펫장비를
'마력'
으로 맞춰도 될까요?
혹시 나중에 법사 캐릭 키울때를 대비해서 4,5,6석에 들어가는 펫장비는 마력으로 맞춰놓을까 해서요.
4,5,6석의 펫장비 효과는 적용X
단, 루나 쁘띠 스킬(공/마 +15,+15,+30)은 적용O
이게 맞는지 궁금합니다!",https://www.inven.co.kr/board/maple/2300/358220
ㅈ됐슴다,찬영,2026-06-27 11:36,하버 아버 명의당 1개인줄 모르고 안쓰던 계정에 줬는데 이 계정 탈퇴하면 다시 하버 아버 주나요?,https://www.inven.co.kr/board/maple/2300/358219
제네시스 패스 어둠의 흔적 질문,Como90,2026-06-27 11:33,안녕하세요 챌섭 에서 제네시스 패스 매그너스 까지 잡았는데 어둠의 흔적이 부족해서 다음단계로 못 넘어가고 있습니다 주보 잡을수있는거 다 잡았는데 이러면 검마 버스 받아야 할까요?? 검마 버스는 어디서 구하나요?,https://www.inven.co.kr/board/maple/2300/358217
닉네임 판단커피 이런건 안팔리겠지??,깟님,2026-06-27 11:32,예전에 닉네임 뭐하지 하다가 먹던 커피 이름이라 했는데 ㅋㅋㅋ,https://www.inven.co.kr/board/maple/2300/358216
테라 200찍는데 얼마나 걸려요? 첼섭기준,레알밤판사,2026-06-27 11:30,테라 200찍는데 얼마나 걸려요? 첼섭기준으로 궁금합니다 테라버닝은 예전처럼 사냥해서 올리나요?,https://www.inven.co.kr/board/maple/2300/358214
테토 빌드 흉성 맵옮기는 타이밍을 모르게쏘요,한마충,2026-06-27 11:13,"1. 흉성들어가자마자 극딜하고 첫구슬터트리고 바로 맵 넘어가야하나요, 아니면 노랑게이지 다떨어트린다음 폐허로 넘어갈까요
2.폐허에서 최종댐 받으려고 노랑게이지 끝까지 채우고 다음구슬턴에 환영으로 도망가야하나요?, 아니면 75퍼정도
차면 왼쪽제단풀고 환영으로 도망가야하나요?
3.폐허에서 최종댐 받고 극딜하려면 넘어가는 타이밍을 언제 잡아야할가요",https://www.inven.co.kr/board/maple/2300/358213
"보마 블랙보조 블큐, 메멘토 골큐",,2026-06-27 09:58,"제네패스 플러스 구매할 예정인데요
대적자 큐브로 제네무기 3줄 만들고
이번 미라클때 블랙보조 레전 등업해서 블큐랑 메멘토 골큐 던지는 거 괜찮을까요?
보마입니다",https://www.inven.co.kr/board/maple/2300/358211
메이린 망토 프리즘,아담의죄,2026-06-27 09:56,"메이린 망토에 컬러링프리즘 하고싶은데 라벨아이템이 아니라면서 안되는데
어떻게 하는걸까요?",https://www.inven.co.kr/board/maple/2300/358210
사냥링크 아란말고 다른거 뭐 없을까?,,2026-06-27 09:11,"구슬 먹지도 않는거...
구글링하면 전부다 아란이 들어가있는데
내가 찾은게 과거버전인지..
요즘 트렌드에 맞게 정리된 글이 없는건지
아란이 맞는건지
뭐 없을까?",https://www.inven.co.kr/board/maple/2300/358207
놀긍 60퍼 작 해도 되나요?,르윗,2026-06-27 08:55,"전투력 4000만 되는 마법사 뉴비입니다.
경매장 보면 놀긍 100퍼는 1억 넘는데 60퍼는 5만 메소 정도밖에 안 하더라고요.
이유가 있나요?
주흔 15퍼 작 하려다가 놀긍 1작에 나머지 주흔 15퍼작 해보려고 합니다.
놀긍 100퍼 작 할 돈은 없어서 60퍼로 이노 바르면서 해보려고 하는데 가능한지 여쭤봅니다.",https://www.inven.co.kr/board/maple/2300/358206
메린이 레전 잠재 ㅊㅊ좀,Funnn,2026-06-27 08:30,"페어리 하트에 유잠 발랐고
3만점 채워서 레전 잠재 받았는데 어따 쓰는게 좋음
지금 블랙보조 노잠재 카벨룸때 준 엠블렘 사용중이고 보조나 미트라 살 생각은 있긴한데 지금 당장 어따 쓰는게 좋을꺼 같음??",https://www.inven.co.kr/board/maple/2300/358205
챌섭 코인샵 솔 에르다,John777,2026-06-27 07:30,이번에 강화를 너무 하고 싶은 나머지 챌섭 코인샵에 있는 솔 에르다 5개를 모두 구매를 했는데 손해야? 아니면 어차피 나중에 사야 할 것 중에 하나야? 안 그래도 이번 챌섭 때 호영을 키운 것도 좀 서러운데 이것 마저 잘못된 거면 메이플 접고 다음 챌섭을 기다릴 것 같음...,https://www.inven.co.kr/board/maple/2300/358203
메소 에디 레전 시세는 얼마쯤 할까요?,압둘라와함께,2026-06-27 06:32,메소 에디 레전 시세는 얼마쯤 할까요?,https://www.inven.co.kr/board/maple/2300/358202
바인드 씹힘 질문,크령,2026-06-27 06:25,"챌섭에서 제논 육성중인데 보스 할때마다 에르다 노바가 씹힘니다 ㅠ
일반 극딜 때 패턴이랑 안겹치는거 같은데도 쓰면 계속 헤카테 바인드만 써지고 노바는 써지는데 적용이 안 되네요
혹시 왜 그런지 아시는 분 있나요",https://www.inven.co.kr/board/maple/2300/358201
마라벨 가격 어디까지 떨어질꺼같음?,Funnn,2026-06-27 06:07,"전에 신발 망토에 헤어까지 뽑아서 나머지 무기, 옷, 모자만 사면 되는데 가격 자꾸 떨어져서 그러는데 보통 어디까지 떨어짐? 지금 각각 11억,13억,13억임",https://www.inven.co.kr/board/maple/2300/358200
검은화면 증상 해결법 아시는분 계신가요,카인좋아요,2026-06-27 06:04,"해상도 변경시 검은 화면은 아니고요
그냥 가만히 있는데 시도때도 없이 검은화면이 뜹니다 아예 화면 전체가 검은화면으로 바껴서 조작도 안되구요 결국 본체 강종하고 다시 켜야합니다
소리는 들리고 모니터도 켜져는 있는데 화면이 검은색으로 바뀌네요 그래픽카드 드라이버도 지웠다가 최신 버전으로도 다운로드해보고 지웠다가 안정적이라는 구버전으로도 해보고 다시 지웠다가 최신버전 그래픽 드라이버로 바꿨는데도 그대로네요 메이플만 이러는데 미치겠네요",https://www.inven.co.kr/board/maple/2300/358199
저 뉴빈데 환산주스탯 이랑 하이퍼스탯 양이 달라요,Evastum,2026-06-27 03:54,환산주스탯에서 찍으라는거 찍는데 포인트가 부족해서 왜 부족한지 알고싶습니다.,https://www.inven.co.kr/board/maple/2300/358198
헥사 떡작 질문이요!,실리안골드팜,2026-06-27 02:38,님들 이거 헥사 메인코어 20퍼증가 이벤트 할때까지 기다리는게 좋나요?,https://www.inven.co.kr/board/maple/2300/358197
리사 <<닉네임을 이번에 올려볼까하는데,요루하나비,2026-06-27 02:29,얼마정도가 적당할까요?,https://www.inven.co.kr/board/maple/2300/358196
제가 어비스를 사려고 돈모으는 중인데요,,2026-06-27 02:29,"얼마 전 풀었던 무료 영구자석펫을 이번에 아예 판매하길래 마음이 흔들리네요...
참고로 어비스는
절대
포기할
생각 없습니다.
수중에 가진 돈은 55억뿐이며 현질할 형편이 단 1도 안되고 게임아이템 현거래 능력도
전혀
없어요. 무슨 말을 하는지 모르는 분들을 위해 적자면,
계속 모아서 펫 먼저 사고 어비스 구매를 두번째로
미룰지
펫은 그냥 포기하고 어비스만 사고 끝낼지 고민인것...
https://www.inven.co.kr/board/maple/5974/5659497
참고로 메생 처음으로 영구자석펫을 써봤던 경험담입니다 어차피 형편이 안되어 기존펫으로 돌아갔었네요",https://www.inven.co.kr/board/maple/2300/358195
메린이 600억 메소 정도 스타드 할려는데 질문있어요!,샤샤르베,2026-06-27 02:01,"카데나 진행중인데 보스시간이 너무 오래걸리고 리트가 많아서
뼈대정도만 맞춰주고 싶어서요!!
600억정도 생각하고 있고 자본은
제네시스, 챌린저스 패스는 다해놓은 상태입니다!
자석펫 없고  따로 구매한건 1개도 없어요 ㅠ
제 생각은 보조무기 보보공/공잡옵잡옵  / 미트라 공공럭 / 공공럭  / 심장 럭x3 /럭올스텟 기타  이정도
경매장에 알아보니까 600억정도 되더라구요 다사면 그게 좋을지 아니면  반지나 귀걸이 등 악세를 맞추는게 더
효율이 좋을지 궁금합니다!",https://www.inven.co.kr/board/maple/2300/358194
추옵이 나왔는데 잠재값  이상 받을 수 있는 추옵인가요?,단화,2026-06-27 01:59,아니면 돌리려고 선생님들께 질문 드립니다,https://www.inven.co.kr/board/maple/2300/358193
뉴비 페어리하트작 질문있습니다,괴짜0,2026-06-27 01:13,레테키우면 마력 30퍼로 10번 붙이면 되나요?,https://www.inven.co.kr/board/maple/2300/358192
이번 미라클때 미트라 등업 어캐생각하시나요,,2026-06-27 00:48,"레에 미트라 윗잠 21퍼 아랫잠 15퍼인데
아랫잠 레전간다고 쳐도 21퍼를 뽑을수있을지없을지 모르겠는데
공짜 화에큐를 미트라에 박을지 그냥 하트나 등업시켜줄지 고민이네요..
하트는 유니크 레어입니다 따로 메소를 크게 투자할생각은 없어요",https://www.inven.co.kr/board/maple/2300/358191
환산 사이트 궁금한점 있습니다,갓폽,2026-06-27 00:35,"정말 오랫동안 안하다 메이플 와서 환산 사이트에서 이렇게 투명한게 뭔지를 모르겠네요
추가로 헥사3 안뚫었는데 헥사3 언제 뚫으라는 표시가 없어서 헷갈리네요
도움 부탁 드립니다",https://www.inven.co.kr/board/maple/2300/358190
메이플 부캐는 275 의자 못얻나요?,건우직녀,2026-06-27 00:21,"옛날에 하다 이번에 복귀한 사람인데 본캐에 275 의자를 얻었는데
부캐는 못얻나요? 전구퀘스트에 의자 얻는 퀘스트가 없네요 ㅠㅠ",https://www.inven.co.kr/board/maple/2300/358189
뉴비 익스트림 성장의 비약 질문,늅서율,2026-06-27 00:02,"안녕하세요, 챌섭에서 처음 메이플 시작하는 뉴비입니다.
어디에서 받았는지는 기억이 나지 않지만, 인벤에 익스트림 성장의 비약 3개가 있고,,
해당 비약이 6월 27일, 금일 23시까지 사용이 가능하다고 합니다.
그냥 버리기에는 좋은 아이템 같은데, 어떻게 사용해야 할까요?",https://www.inven.co.kr/board/maple/2300/358188
보조 레에로 챌린저 도전 가능할까요?,,2026-06-26 23:46,에디셔널을 유니크로 올려야할지 교불이라 돈더쓰긴 아깝고 의견을 들어보고 싶어요,https://www.inven.co.kr/board/maple/2300/358187
챌섭 자석펫 더 안뿌리겠죠?,,2026-06-26 23:39,"지금 자석펫 유효기간이 7월이던데..
더 안뿌리겠죠?? 사먹어야겠죠? ㅠ",https://www.inven.co.kr/board/maple/2300/358186
잠재능력이나 스타포스 같은 이름 다른 아이템으로 못옮기나요..?,룰루랄루,2026-06-26 23:35,"제가 스타포스 17성 강화권이랑 유니크 잠재능력 부여 주문서를 같은 이름의 다른 아이템에 각각 사용했는데, 이거 합치는 방법 없나요..? 그냥 코인 3000개 날린건가요..ㅠㅠ",https://www.inven.co.kr/board/maple/2300/358185
민생 드랍률 제가 아는게 맞나요?,월곶사는닝겐,2026-06-26 23:33,24퍼 드랍률을 기본으로 줘서 민생 24 + 쓸심24 + 어빌20 이렇게 하면 67%이상 되는거 맞죠?,https://www.inven.co.kr/board/maple/2300/358184
페어리 하트 관련 질문입니다.,Ausnd,2026-06-26 23:13,"늅늅 질문 좀 하겠습니다.
이번에 페어리하트 2개 주는데 플라즈마 받기 전까지 하나 순백하면서 30퍼 완작하고 쓰면 되나요?",https://www.inven.co.kr/board/maple/2300/358182
사냥 중 튕김 현상,Gmsolluna,2026-06-26 23:13,"대략 한달 정도 전부터 사냥터에서 몹이 멈추고, 튕기는 현상이 계속 발생을 하네요.. 혹시 관련해서 아시는 분 있으실까해서 글 올려봅니다.. 사냥할때만 발생하며, 보스, 마을 등에서는 렉도 거의 없다시피해요..
노트북 스펙은
대략 이렇게 되구요, 인터넷 문제는 아닌것 같은게, 전에 쓰던 노트북으로 켜서 사냥해보면 비슷한 문제가 전혀 안생기거든요
게임 재설치, 포맷, 메이플 호환성 변경, 우선순위 등등 여러가지 방법을 시도해봤지만 별 수가 없었습니다.... 이것 때문에 메이플용 컴퓨터를 사야할까도 고민중입니다. 관련해서 아시는 분 있으시면 제발 도움부탁드립니다..
영상도 있긴한데 닉네임이 같이 있어서 올리진 않았습니다.",https://www.inven.co.kr/board/maple/2300/358181
이거 뭐 골라! 빨리!,다시돌앙,2026-06-26 23:03,뭐 골라??,https://www.inven.co.kr/board/maple/2300/358180
지금 보조 엠블에 대해 고민인데 이거 투표 좀 해주실 수 있으신가여...,댕쌤,2026-06-26 22:58,"돈이 많지 않아서 200억 보조 사는데도 땀 쩔쩔매며 사야 되는데...
현재 블랙보조 레전2줄 에픽1줄, 엠블렘은 똥블렘 유닠1줄 에픽1줄 쓰고 있습니다.
이번 미라클을 통해 무보엠을 좀 스펙업하려 합니다.
미트라랑 보조를 직접 돌려본 적이 많지 않아서 5줄을 만드는데 얼마나 걸리는지 모르겠습니다.
보조 매물 같
은 경우는 인기 있는 직업이라 걱정이 없는 편입니다
.",https://www.inven.co.kr/board/maple/2300/358179
나린 지역 가는법 알려주세요,,2026-06-26 22:58,"업적 퀘스트 중인데 나린 지역을 가야해서요
인터넷 검색해보니 새비지터미널에서 npc드바한테 돈주고 가면 된다는데
패치된건지,, 새비지터미널에 드바가 아예 안보여요..
나린 지역 어떻게 가야하나요 ㅠㅠ",https://www.inven.co.kr/board/maple/2300/358178
메린이 보스도핑질문,도토릐,2026-06-26 22:48,"보스 도핑좀 종류별로 알려주세요 (줄임말 X 못알아들음 ㅠㅠ 풀네임으로 알려주세요ㅠㅠ)
1. 유니온의 힘 (유니온 코인상점구매)
2. 영웅의 메아리 (버프스킬)
3. 길드의축복 뿌리기 (길드가입시 주1회 줌)
4. 익스트림 레드 (몬스터파크에서 구매
5. MVP 슈퍼파워 버프: 경매장 구매
6. 275레벨 인기도 버프?
7. 캐시샵구매: 붕어빵, 미슈라?
8. 길드스킬 (이건근데 하루한번밖에 못쓰나요?)
9. 헤네 자유시장구매: 세이람의영약, 무슨영약이더라?
10. 빨간별 물약, 파란별 물약, ?
-이거랑 다른 물약버프(풀네임), 구매처좀 알려주세요 ㅠ
11. 빠진게 더 있나요?",https://www.inven.co.kr/board/maple/2300/358177
뉴비) 제로 공마 받는거요,응당러,2026-06-26 22:11,"120짜리 생성해놨는데 안오르는데 200 찍어야돼는건가요 ??
맨몸으로 딸농 돌수있나요 ?;ㅁ;
육성 팁좀 가르쳐주세요 !",https://www.inven.co.kr/board/maple/2300/358176
메린이 레테 챌섭 이번 미라클 스펙업 방향 일려주세요!,흑마아니에요,2026-06-26 22:01,"메린이 레테 이번 미라클때 뭘 해야 효율적으로 스펙업 할수있을까요?? ㅠㅠ
메소는 30억정도 있고 블큐도 50개 정도 있습니다 !!
레잠은 아직 한장도 안쓴 상태인데
보조에 바를지 하트에 바를지 미트라를 사서 바를지
메소로 등업을 노릴지.. 아니면 드메템을 살지 갈피를 못잡겠습니다 ㅠㅠ
챌린저까지 찍어보고 싶은데 방향좀 알려주새요 ㅠ",https://www.inven.co.kr/board/maple/2300/358175
와헌 뉴비 스킬코어 질문,피스메이커3,2026-06-26 21:39,환산 주스텟대로 찍고 있는데 파이널어택 강화 하라는건 안보이는데 안해도 되는건가요?? 1렙 열어놓기만 했어요,https://www.inven.co.kr/board/maple/2300/358172
와헌 키우는 뉴비임니다,,2026-06-26 21:26,헥사 강화를 비슷하게 한 친구보다 2000정도 헥환이 떨어지는데 이유가 뭔지 알 수 있을까요...,https://www.inven.co.kr/board/maple/2300/358171
챌섭 플라즈마하트 모듈 질문 !!,홍콩견학,2026-06-26 21:03,이번 챌섭에서 5만점 찍으면 주는 하트 업그레이드 모듈 이거 받고 본섭 리프할때 가지고 본캐에 줄수있나요??!,https://www.inven.co.kr/board/maple/2300/358169
뉴비 메린이 인데요..! 보스 배율 질문 있습니다!,샤샤르베,2026-06-26 19:38,"혹시 배율이 500% 정도인데
2~3분 남기고 깬거면 문제있는걸까요?ㅠㅠ
직업은 카데나 입니다",https://www.inven.co.kr/board/maple/2300/358167
블루베리 농장 질문입니다!,레알밤판사,2026-06-26 19:06,블루베리농장 그냥 270부터 받는족족 쓰면 될까요?,https://www.inven.co.kr/board/maple/2300/358166
챌섭 메린이 듀블 템셋팅 질문있습니다,앙버터,2026-06-26 18:33,"이번 챌섭에서 처음 듀블 키우는데 하다보니 캐릭이 너무 재밌어서 최종목표를 챌린저 달성으로 잡고 있는데 현재 120억메소 보유중입니다. 원래는 보조를 맞추고 싶었는데 가격 거품이 너무 많이 껴있기도 해서 이후에 템셋팅 방향성을 어떻게 정하면 좋을지 조언 구하고 싶습니다.
현재 계획 :  120억메소중 일부 써서 여명4셋 맞추고 미트라 거품빠지면 노작 구매후 3만점 카레잠 바르고 직작, 나머지는 보조 구매를 위해 아껴놓기, 일요일 미라클때 하트에 카유잠 바르고 등업+2줄노리기
여기서 추가로 하면 좋은 스펙업이나 더 좋은 방안이 있다고 생각되시면 알려주시면 감사하겠습니다. 아래는 현재 제 스펙입니다.",https://www.inven.co.kr/board/maple/2300/358165
스펙업 방향성 알려주실분,Woodoll,2026-06-26 18:32,"현재 데브펜 이쁜매물올라와서 하나 구매한거말고는 너무 비싸거나 상태가 하자가있어서 장신구쪽은 구매안했습니다
130억정도 모아놨는데 미라클때 무기 에디유닉>레전 을가야할지
아니면 본섭에 화에큐 유닉>레전 천장 한 170개정도 채워놨는데 본섭리프해서 천장보고 옵저격하는게 나은지
그리고 미라클때 할만한 스펙업이나 직작할거있을까요?
아님 미트라  미라클때 싸게올라온거있으면 주워올까요 에디레전이나 쌍레 레에 이런거
없으면 그냥 데브펜정도 수준의  작 잠재 에디로괜찮은거 사서 샤타때 18달고 끝낼까요 4여명으로
4만이상으로 키워본적이없어서 어떻게 템세팅해야할지 모르겠습니다...",https://www.inven.co.kr/board/maple/2300/358164
메소마켓 질문,,2026-06-26 17:43,"뉴비인데 메소마켓 질문이 있습니다 !
제가 만약에 20억이라는 메소를 판매하려고 메소마켓에 등록하게 되면
20억을 구매하는 사람만 제거를 살 수 잇는건가요?
그럼 10억 , 10억 나눠서 판매하는게 더 판매되기 쉬운 그런거일까요..?",https://www.inven.co.kr/board/maple/2300/358162
뉴비 스펙업 뭐해야할지 모르겠어요,펜토르,2026-06-26 17:39,"레벨 276 / 아케인 심볼 lv 17 / 전투력 3317만 / 헥사환산 25,265
1. 에메랄드 찍고, 받은 레잠을 페하에 써버렸는데 괜찮을까요? 보조에 쓸걸 그랬나 싶긴해요.
2. 60억메소정도 있는데, 미라클 때 여명 3부위(유닉or레전) 사기 vs 교가 보조무기 (레전 보보 두줄) 사기 정도로 고민 중이에요
3. 현재 카오스 더스크까지 잡았고, 이번 주 안에 하드 진 힐라/듄켈이고 많이 세지면 노말 메이린까지 잡고 싶은데 더 스펙업할만한게 있을까요",https://www.inven.co.kr/board/maple/2300/358161
뉴비 챌린저 찍고 싶은데 엠블렘 안 맞추고도 될까요?,나는솨나이,2026-06-26 17:19,"핵환 2.5 와헌이고
지금 검밑솔은 했는데 뉴비가 엠블렘 9/6으로도 될지..?
8주 내로는 찍고 싶은 욕심이 있습니다
어렵다 싶으면 지금 미트라가 비싸도 어쩔 수 없이 사려고 생각중",https://www.inven.co.kr/board/maple/2300/358160
경매장 검색 질문있어요,겸댕근이,2026-06-26 17:09,형님들 경매장에 코디용 한벌옷 검색할라는데 필터하는거에 남 녀 밖에 필터가안되는데 이거 공용 한벌옷 검색하는 방법이있나요????,https://www.inven.co.kr/board/maple/2300/358159
[질문] 챌섭 전사 에테신발 힘39% 가격문의 드려요!,하극,2026-06-26 16:42,"챌섭 신발 2줄직작하다가 나왔는데 이런거 전승으로 팔리나요?
경매장에 1000억에 올리려고 하는데
혹시 문제가되면 글 지울게요!",https://www.inven.co.kr/board/maple/2300/358158
방어구 잠재,홍시집사,2026-06-26 16:02,"직업은 제로고 지금 방어구 깡통을 끼고있는데
1차적인 목표는 4에테 4아케인 18성 레에 두줄 정도에요
저번 이벤트때 에테는 전부 유에로 만들어뒀어요
템 시세를 잘 몰라서 지금 거품이 껴있는거같긴 한데 미라클때 에테 잠재를 사먹을지 돌릴지 잘 모르겠어요.
직작은 해로우니 걍 사먹는게 나을까요? 아니면 유니크 두줄 띄운단 생각으로 돌리다 등업하면 개이득 마인드로 가는게 좋을까요",https://www.inven.co.kr/board/maple/2300/358157
챌섭 메린이 검마는 언제잡아야 되나요,강윤슬,2026-06-26 15:38,"6월 30일까지 못잡으면
7월1일 ~ 7월31일 까지만 잡으면 되나여?
월간보스 초기화 기준을 모르겠어요",https://www.inven.co.kr/board/maple/2300/358155
이벤트링 잠재 옵 등급 유지한채로 옵션 돌리는 법 있을까요?,,2026-06-26 15:28,"어제 출젝으로 받은 블랙 큐브를 돌리다가 레전잠재 2둘을 만들었는데
이거 레전드 등급은 유지한 채로 드랍 두 줄이나, 메획, 드랍 같은 걸로 바꾸는 방법이 있을까요?",https://www.inven.co.kr/board/maple/2300/358154
[메린이] 템 가격이 궁금합니다!!,치즈맛피망,2026-06-26 15:28,아래 템은 팔면 얼마정도가 적당한가요?? 그리고 작이 좀 아쉽다고 하던데 혹시 상의에 어떤 작을 하면 좋은지도 조심히 여쭤봅니다..,https://www.inven.co.kr/board/maple/2300/358153
메린이 챌섭 템세팅 질문,Yssal,2026-06-26 15:14,"메린이 챌섭에서 챌린저 도전 중입니다.
현재 캡틴을 육성 중이고, 최종적으로는
4여명 → 이후 칠흑으로 하나씩 교체
하는 방향을 생각하고 있습니다.
현재 계획
보조
현재 : 깡통
예정 : 보보공 3줄 구매
엠블렘
현재 : 유니크 공9%
예정 : 미트라 엠블렘
장신구
18성 / 9·6·6 / 에픽 2줄 / 프악공작
4여명 (데브팬, 에스텔라, 가엔링, 트왈마) 정도로 맞출 계획입니다.
궁금한 점이 있습니다.
미트라 가격이 내려오면 레전드리 잠재 주문서를 사용해서 직작하는 게 괜찮을까요?
현재는 똥블렘 유니크 공9% 정도에서 일단 멈춰도 될까요? (에디셔널은 생각 없습니다.)
칠흑 세트를 생각 중인데, 거공 27% 깡통을 사서 17성 주문서 + 챌섭 재화로 육성하는 건 비효율일까요?
9/6/6 여명 매물을 구매해서 17성 주문서를 사용하는 방식이 가성비가 괜찮은 편인가요?
혹시 제가 생각하는 방향에서 비효율적인 부분이나 더 좋은 투자 순서가 있다면 조언 부탁드립니다.",https://www.inven.co.kr/board/maple/2300/358152
이번 미라클에 미트라 직작 하는거 괜찮나요?,,2026-06-26 15:05,"이번에 미라클 때 에디셔널만 레전드로 등업 시키려고 합니다.
옵션 뽑을 정도의 메소는 없고 그냥 레전만 올려둘까 해서요
메잘알 분들 의견을 듣고 싶습니다.",https://www.inven.co.kr/board/maple/2300/358151
챌섭에서 생성한 닉은 못파나요?,,2026-06-26 14:46,"뉴네임옥션 공지보니까
캐릭터 생성으로부터 3개월이 지나야 팔 수 있다는 것 같은데..",https://www.inven.co.kr/board/maple/2300/358150
챌섭 뉴비 이번 선데이 질문 몇개만 답장 해주실분!,,2026-06-26 14:42,"현재 제 상태입니다.
트왈마 , 데브펜 , 가엔링에 17성 주문서 사용했고 연합코인 모아서 천천히 유에로 맞춰서 2줄 1.5줄 맞춰줄 생각입니다.
1. 선데이가 미라클 이던데 제가 직접 올릴만한게 있을까요? ( 이터널 플레임링 유니크->레전 ? )
ㄴ 이벤트링 4개중에 3개는 지금 드랍 한줄씩 뽑아 놨습니다!
2. 에스텔라나 분자벨 유니크2줄 같은거 싸게 사와서 에디 레어 달고 마10 달아준다음에 샤타때 18성 달아주고 쓰는건 어떤가요??
3. 여명장신구 놀긍혼 떡작을 한건데 카르마프악마로 다시 작하는게 나을까요?
4. 아니면 다 제쳐두고 메획템 한줄짜리라도 좀 싸게 가져올까요?
ㄴ 2교대라 쉬는날에 사냥 3-4시간정도 합니다!
ㄴ 현재 장신구는 드랍3줄입니다!
고민거리는 이정도 인데 답변 해주시면 감사합니다!",https://www.inven.co.kr/board/maple/2300/358149
드메는 언제 제일 싼가요??,,2026-06-26 14:13,"썬데이떄 제일 싸다는 말도있고
며칠 지나야된다는 말도 있는데
뭐가 정배인가요....?ㅠㅠ",https://www.inven.co.kr/board/maple/2300/358147
레유 미트라 마마인 뎀마마인데,Moonc3906,2026-06-26 14:13,"레유 미트라 마마인 뎀마마인데 에디가 969면 얼마정도 하려나요. 110억정도 쓴거같은데.. 그냥 적당한 가격 맞겠죠?
1. 팔고 쌍레 사서 애완한다.
2. 그냥 쓴다.
목표는 7만정도",https://www.inven.co.kr/board/maple/2300/358146
메린이 미트라 세트악세 추천좀해주세요,ilovetov,2026-06-26 14:06,"4여명 17성 유닉직작했습니다
지금 기본템쓰는게 벨트랑 이벤링 눈장식인데
어떤거사는게 좋을까요? 산다면17성 15퍼? 아니면 직작? 갖가좋을까요",https://www.inven.co.kr/board/maple/2300/358145
갑자기 메소가 생겼는데 챌섭 뉴비 템세팅 질문입니다,Leggiero,2026-06-26 13:59,"예전 닉네임 옮기려고 옥션이용하다가 얘가 팔리는 변수가 생겨가지고...ㅋㅋ (제 기준 비싸게 올렸는데 팔렸어요..)
여튼 메소마켓으로 보니까 150억정도 나오는데 어떻게 쓰는게 좋을지 전혀 모르겠어서 질문올립니다
이벤트 이용해서 지금까지 해놨던것들입니다 (도전자랑 기본 보스장신구 제외하고)
얘네 둘은 코인 더 먹으면 유닠잠재, 에디에픽 주문서 달아주려고하구요, 스타포스는 챌코인샵에서 샀습니다
3만점 레잠은 하트에 썼어요.
150억으로 뭐뭐 해야할까요?? 과금 계획이나 이런건 없습니다!
직업은 에반이고 현재 투력 3300만 정도 나와요!",https://www.inven.co.kr/board/maple/2300/358144
복귀 메린이 미라클 질문,,2026-06-26 13:52,"미트라 8월 넘어서 좀 싸지면 구매해서 레잠 하나는 거기에 바르고
이번 미라클에 블랙보조 유니크-> 레전 보내는건 어떤가요??
아마 메소 주고 돌려야될거같은데..
목표는 챌린저입니당",https://www.inven.co.kr/board/maple/2300/358143
아버 녹은 렌 템세팅 도와주실분 계신지..,Seub,2026-06-26 13:48,"저저번 챌섭에서 키우던 렌인데 아버 녹은 자리 템 어떻게 할지 고민중이라..
혹시 자세한 정보 더 필요하시면 닉네임은 시럽시 입니다
컨 딸려서 하드 진힐라나 검마는 못깨겠고 하드듄켈까지 한 200%? 정도로 적당히 편하게 깰만한 템셋 추천 부탁드립니다",https://www.inven.co.kr/board/maple/2300/358142
미라클데이 때 에디 유니크만 노려도 괜찮을까요?,,2026-06-26 13:47,"보조무기= 레전 / 에픽
미트라 = 레전 / 에픽
두개 다 에디셔널 유니크까지는 노려볼만 한가요?
그럼 메소를 써야할지 화에큐를 써야할지 고민입니다",https://www.inven.co.kr/board/maple/2300/358141
하드 메이린이랑 노말 메이린 차이가 큰가요?,,2026-06-26 13:36,"노말 메이린 114퍼로 깨서 이왕 할거 챌린저 달아보려고 하는데요!!
템펙업을 많이는 못할거 같아서요
노말 메이린처럼 하드메이린도 배율 114퍼 정도면 깰만할까요???!!",https://www.inven.co.kr/board/maple/2300/358140
메포는 어디에 쓰는건가요?,레알밤판사,2026-06-26 13:20,보통 막 현질하면 메포로 바꿔서 쓰던데 첼섭에서 본캐 키우려 하거든요 메포는 어디에다 쓰면 좋을까요? 그리고 현 첼섭에선 메소가 아직 필요없나요? 지금 캐릭생성한지 2일차에요,https://www.inven.co.kr/board/maple/2300/358139
뉴비 챌섭 미라클타임에 뭐해야 되나요?,강윤슬,2026-06-26 13:17,"가지고 있는 큐브는 별로 없어요
미라클타임떄 뭐해야 되는지 알려주세요",https://www.inven.co.kr/board/maple/2300/358138
메린이 미라클 엠블렘 질문 있습니다,,2026-06-26 13:11,"현재 레테 엠블렘 방방마 쓰고 있는데
이번주 미라클 때 블큐 던져볼만 한가요?
방무가 좀 오버 되는 것 같아서 혹여나 럭키 레전을 노리거나 마력을 조금이라도 노려봐야 하나 싶어서요
그래도 어차피 세 줄인데 해방까지 아끼는게 좋을까요?
블큐는 40개정도 있습니다",https://www.inven.co.kr/board/maple/2300/358137
3배경쿠 4배경쿠,Qwqqq,2026-06-26 13:06,출첵하면 주는 경쿠 15개로 4배 교환하는게 이득인가요 아님 3배로 쓰는게 나을까요?,https://www.inven.co.kr/board/maple/2300/358135
6차순서 질문,,2026-06-26 13:06,"환산에는 4차 개방-헤카테-4차강화라고 나오는데
5차 1씩찍고 따라가는게 좋을지 아님 아묻따 환산따라가는게 맞나용",https://www.inven.co.kr/board/maple/2300/358134
레테 칼로스 밑텔 거리 되나요?,춤추는곰탱이,2026-06-26 13:00,"모험가 마법사들은 텔포 거리 늘려주는 온오프 스킬이 있어 칼로스 1,2,3층 텔이 되는거 같던데 레테 텔 생각보다 짧던데 층별로 텔거리 되나요?",https://www.inven.co.kr/board/maple/2300/358133
챌섭 에메랄드 보상 카레잠,,2026-06-26 12:47,이거 달성하면 본섭에서 바로 수령가능한가요???,https://www.inven.co.kr/board/maple/2300/358132
챌섭 초반 아이템 질문있습니다,,2026-06-26 12:41,"공략들 보면서 260렙 찍고 아이템 버닝 따라서 이지윌까지 잡았습니다.
기본으로 주는 장신구 추옵, 엠블렘 보조무기 유니크/에픽 외에는 건드린거 없는 상태로 전투력은 1100만 나옵니다.
다음 보스가 카이인데 얘 잡으려면 다음 템을 뭘로 바꿔야 하나요?
그리고 지금 시작해도 제네패스 사는게 나을까요?",https://www.inven.co.kr/board/maple/2300/358131
레테 칭호 얻으려는데 도와주세요,Dmmhnd,2026-06-26 12:35,"챌섭은 호영 키우고 레테 칭호 얻으려고 본섭에 만들어서 200비약 먹였어요
근데 샤갈 3, 4차 전직퀘는 없고 스킬은 막혀있고 5차 전직 퀘 누르면
시간의 신전 관리인한테 말 걸래서 말 걸면 전직은 개뿔 신전 길뚫시켜요 뭐죠 이거
길라잡이나 신전 문으로 여로 가려하면 퀘 먼저 하라고 막혀서 칭호는 개뿔 200렙 거지 하나 생겼어요
구글링 해봐도 안 나와서 신전 관리인이랑 눈싸움 중이에요
나 칭호 따야 된다고 뭔 길뚫이야 니가 뚫어 신전관리인 이 노망난 할아방탱이야",https://www.inven.co.kr/board/maple/2300/358130
이카돌이 방어구 질문,목표는익슈,2026-06-26 12:07,"에테 > 17성 유에 2줄
아케인 > 18성 레에 2줄
1 방어구 이정도면 무난한가요?
2 조각은 현재 1800개 정도 썼는데 개수 어느 정도 맞춰야 할까요?
3 무보엠  약한편인가요?",https://www.inven.co.kr/board/maple/2300/358127
미라클 관련 질문 !,헤헿입니다,2026-06-26 11:50,"안녕하세여 챌섭에서 보마 키우고 있는 유저입니다
자금이 150억정도 있는데
미라클때 블랙보조 레전 등업하고 큐브로 두쥴만 노려서 쓰다가 나중에 보조 사먹을까요
아님 미라클때 보조 매물 좀 싸게 풀리면 바로 사먹는게 나을까요 ..?
챌섭 끝자락즈음 챌이 목표이구요 현재 중고뉴비라 검밑솔은 완료했습니다.
질문 요약 (150억 보유중)
1. 미라클때 블랙보조 등업후 대충 레전 두줄 사용하기
2. 미라클때 보조 풀리면 사먹기, 사먹는다면 몇줄정도 ..?",https://www.inven.co.kr/board/maple/2300/358126
대장장이,,2026-06-26 11:29,"환산사이트 가보면 대장장이가있던데
이건 해당 아이템의 기댓값만큼 받고 대리강화 해주는거죠?
업체?측에서 기댓값보다 적게 먹으면 버는거고 기댓값보다 많이나오면 업체측에서 지불하는거 맞나요?
전 기댓값[의뢰비?]만 지불하면 되는건가요",https://www.inven.co.kr/board/maple/2300/358124
헥사 떡작 스킵해도 되나요?,곰자주,2026-06-26 11:26,떡작 한번은 했는데 환산주스텟 처럼 말고 스킬 먼저 강화해도 되나요?,https://www.inven.co.kr/board/maple/2300/358123
지금 자석펫 시세 비싼편인가요?,,2026-06-26 11:24,"아니면 살만할까요?
주황버섯 한마리 있는데 3석펫 맞춰야할까 싶어서요",https://www.inven.co.kr/board/maple/2300/358122
메m 하버? 버닝?,,2026-06-26 11:11,"메m 250작 해서 마일리지 하려하는데, 저번에 뭐 이벤트로 30분만에 됐다는데, 이번엔 뭐 하버같은거 안하는건가요?",https://www.inven.co.kr/board/maple/2300/358121
렌 6차 질뭉,참치김빰,2026-06-26 11:08,"혹시 어떤게맞는 순서인가요..?
하나는 환산주스텟 사이트고 하나는 블로그에올라온거애요",https://www.inven.co.kr/board/maple/2300/358120
메린이 블빈마 질문!,오샨,2026-06-26 11:04,"어쩌다 보니 블빈마를 핑크빈에서 먹었습니다..!
1. 이번주에 카유잠 한장을 주는데 이거를 블빈마에 발라서 2줄정도만 뽑아서 쓸까요?아니면 작되어있는 3줄짜리르 살까요?
2. 파풀마가 랩제?가 더 높아서 쎄다고 들었는데 작되어있는 파풀마를 살까요?
블빈마 파풀마 둘다 17~18성 정도만 쓸거같아요
이게 좋다 저게 좋다 말이 너무 많아서 너무 어렵습니다 ㅜㅜ 메고수님들 도와주세요",https://www.inven.co.kr/board/maple/2300/358119
뉴비 세팅 질문 ..!,메린이2232,2026-06-26 10:45,"2주차 뉴비 입니다  . .!
효율충인데
일단 200억~300억 정도는 지를 생각 있어서
보조무기는 완재 사려고 합니다 !
글이나 유튜브 보면  레잠을
하트에 바르라는 분 미트라 사서 바르라는 분 다르던데
뭐가 더 나은건지 모르겠습니다 ㅠ
그리고 여명 3부위 트왈마 / 데브펜 / 에스텔라 사서
17성 발라주고 18성 3개 다 띄워놨고
나머지 보장셋을 하려는데 22성을 꼭 사야하는건지 ..!
목표는 주제 넘지만 챌린저..찍고 싶슴다",https://www.inven.co.kr/board/maple/2300/358118
교불 보조 무기 얻는 법 있을까요?,아랴도,2026-06-26 10:27,"이번에 자전으로 보마로 넘어 왔는데요,
현재 보마 보조무기가 너무 비싸서,
교불 보조 무기를 얻고 싶은데,
블랙 보조무기를 얻을 수 있는 방법이 있을까요?
스카니어 서버입니다.
타 캐릭터로 하이퍼 버닝 선택해서,
하이버 버닝으로 받은 블랙셋을 옮겨주는게 가능한가요?
혹시 다른 방법이 있는지 아시는 분 공유 부탁드립니다.",https://www.inven.co.kr/board/maple/2300/358117
요번 썬데이 챌썹따로 뭐 없나요 ㅠ,춤추는곰탱이,2026-06-26 10:23,"미라클이라니.....
본섭에서 미라클때 유닠에 31억써서 거진천장찍고 레전갓는데 개운빨 미라클을 챌썹에서 우째합니까요 ㅠㅠ
어빌리티야 벌써 다 맞춰놔서 챌썹에서 썬데이로 할게없네요",https://www.inven.co.kr/board/maple/2300/358116
메린이 해방 질문드립니다!!,Soulranster,2026-06-26 10:22,"해방퀘스트로 하드 매그너스를 잡으라고하는데,
보스 주간12개만 잡을수있잖아요
근데, 제가 12개 안에 하드 매그너스가 없는데, 강제로 12개에 안에 매그너스를 넣어서 잡아야되는건가요?",https://www.inven.co.kr/board/maple/2300/358115
보통 보조 시세,정너,2026-06-26 10:22,미라클 당일이 싸나요? 아니면 미라클 지나고 계속 떨어지나요?,https://www.inven.co.kr/board/maple/2300/358114
자석펫이랑 캐시템 서버옮기는거가능함?,,2026-06-26 10:14,"스카니아에서 > 챌
챌에서 > 스카니아
지금 확인을못하네 ㅠㅠ",https://www.inven.co.kr/board/maple/2300/358113
위대한 돼지바소울 시세좀 알려주십쇼,딸깍해보자,2026-06-26 09:54,ㅈㄱㄴ,https://www.inven.co.kr/board/maple/2300/358112
메이린 확률,,2026-06-26 09:33,"세삼스레 궁금한건데 노말 메이린 칠흑상자 드랍률이랑 조각상자 확률 몇이지??
하급 조각상자에서 40개 나온거면 많이 나온건가??",https://www.inven.co.kr/board/maple/2300/358111
예쁘게 생긴 소울 몬스터 누구 있나요,호베니야,2026-06-26 09:03,"무르무르 소울 등록했더니
사냥 중간에 무르무르 얼굴 뜨는거 불쾌한데
다른 소울 몬스터 추천 가능한가요",https://www.inven.co.kr/board/maple/2300/358110
썬콜은 점프하면서 스킬이 안나가나요?,링고즙,2026-06-26 03:41,"렌 말고는 키워본적이 없는데
렌은 평타 스킬 누르고 있으면서 점프 가능해서
온 사방 다 뛰어다녔는데
썬콜은 원래 점프하면서 스킬 안써져요?
그리고 평타 치다가 다른 스킬 쓸 때 딜레이 같은거 때문에
여러번 눌러야 나가는데 원래 그런건가요?",https://www.inven.co.kr/board/maple/2300/358108
하이퍼 스탯 꿀팁 부탁드립니다,Sktpaker359,2026-06-26 02:24,"제가 메이플을 계속 하는 유저는 아니지만 신직업이나 버닝 나왔을 떄만 하는 유저인데
하이퍼 스탯을 레벨 업 할 때마다 재설정을 해야하는 지 아니면 재설정 없이 찍는 꿀팁이 있는지 궁금합니다",https://www.inven.co.kr/board/maple/2300/358107
블빈마 먹었는데 17성 바르면 되나요,Aripsx,2026-06-26 02:23,굳이 파풀마 갈 이유 없는 거죠?,https://www.inven.co.kr/board/maple/2300/358106
자석펫을 옮기고 싶습니다.,갤럭씨,2026-06-26 02:21,"지금 가지고 있는 자석펫이 있는데
이걸 다른 아이디로 옮기고 싶은데 뭐 방법이 있을까요?
지금 아이디 본섭에 가진거라고는 자석펫이 다라서
자석펫만 옮겨진다면 다른 아이디에 다시 키우고 싶은데..
서버는 같다는 전제하에,,",https://www.inven.co.kr/board/maple/2300/358105
챌섭 블빈마 먹었는데 17성 바르면 되나요,Aripsx,2026-06-26 01:43,굳이 파풀마 갈 이유 없는 거죠?,https://www.inven.co.kr/board/maple/2300/358104
메린이 시세 질문,Oril,2026-06-26 00:39,이거 얼마가 적당해보이나요??,https://www.inven.co.kr/board/maple/2300/358103
"유입뉴비 반지질문있읍니다 선생님덜,,",으아아ak,2026-06-26 00:32,"[사용중]
컨티3렙
글로리온:슈프림 : 레전잠재씀
실버블라썸 - 준거
이터널플레임 - 준거
[있는거]
어웨이크링
어비스헌터링
이벤트링 선택권 1개
아직 챌린저 실버안됨
지금 264렙..이고 브론즈임..
1. 이벤트링 선택권 뭐받아요
2. 어웨이크링도 레전박습니까?
3.
리레4렙받으면
리레4 / 컨티3
글로리온
실버블라썸(가엔으로 바꾼다던데)
한개는 이벤링 레전작 쓰면되나용",https://www.inven.co.kr/board/maple/2300/358102
mvp 레드 혈반 부스트링 본섭 챌섭 질문,,2026-06-25 23:52,혹시 본섭 재획도하고 챌섭재획도 하는데 본섭에서 혈반이랑 부스트링 한번 받으면 끝인가요??,https://www.inven.co.kr/board/maple/2300/358099
유입 메린이 채집 질문,레전드메린이,2026-06-25 23:06,"캐릭터 하나로 채집과 제작전부 하기보다는
캐릭터 A로 채집 피로도 500까지하고
캐릭터 B로 제작해서 판매하는게 더 많이 만들고 돈도 이득이죠??",https://www.inven.co.kr/board/maple/2300/358098
뉴네임 수수료같은게 이해가안되는데 질문좀요,,2026-06-25 23:00,"만약
a닉넴을 내부캐릭닉으로바꾸려고하면
뉴네임에 10만메포에올린다치면
보증금5%(5000메포) + 15,000메포(닉변비용) = 이렇게 20,000메포만있으면되는건가요?
올리고 유찰되면 바꿀캐릭접속해서 닉변비용없이 a닉네임을 부캐릭에적용할수있는건가요?
보증금5%(5,000메포)는 못돌려받는걸로압니다.
그리고 닉네임을 3만메포에올려서팔게되면
보증금5%(1,500메포)+닉변15,000메포 = 16500메포가있어야올릴수있구
10만원에 낙찰이된다면
수수료30퍼센트인 3만메포빼고 7만메포받는건가요 아니면
7만메포+보증금5%(1,500메포) = 71,500메포받는건가요?",https://www.inven.co.kr/board/maple/2300/358097
챌섭 유입 메린이 과금 및 템셋팅 및 기타 질문드립니다,Como90,2026-06-25 22:22,"1. 과금으로 50(약200억메소) 할 생각입니다 템 셋팅 우선순위를 뭘로 잡아야 할까요?(드메템 없습니다)
2. 자석펫은 아이스크림 자석펫? 하나 밖에 없습니다 자석펫이 우선잏까요?
3. 본섭도 깡 유니온만 있는 엘슘(유니온4400)이 있는데 이거 버리고 아이템 물량이 많은 스카로 가는게 좋을까요?
4. 챌섭 보상중 200비약 20개 챌섭에서 쓰고 본섭으로 캐릭 다 옮기는게 맞나요? 아님 리프하고 쓰는게 맞나요??
현재 패스는 제네시스 플러스 빼고 다 샀습니다.
아무것도 모르는 메린리라 두서없이 질문드려 죄송합니다 ㅜ",https://www.inven.co.kr/board/maple/2300/358096
전투력 400만 정도가 사라졌어요,,2026-06-25 22:22,"어제까진 5900만이엇는데 오늘 접속해보니 5500만이 되어있습니다...
전투복x
칭호x
아티팩트x
펫 x
이벤트 뭐 끝난것도 없는거 같은데 도저히 이유를 도저히 모르겠습니다 뭐 때문일까요.../ㅠㅠ",https://www.inven.co.kr/board/maple/2300/358095
투력 올리기 위한 질문,,2026-06-25 22:09,"챌3섭 투력 2400만 아버는 현재 무기 18성 장비 19성
(도전자 문장만 있으면 20성가능) 본섭에 메소 들고 올려고 하는데 현재 34억 정도  여명4셋 유에 15퍼 정도 노릴려고 하는데 괜찮을까요. 그리고 옥션에 여명 유에 15퍼가 아에 없더라구여 직업은 레테입니다. 이름은 키라스텔라",https://www.inven.co.kr/board/maple/2300/358094
메린이 첼섭 내실vs신직업,발로란트는첨,2026-06-25 21:15,"스카니아에 본캐는 있고 유니온 필수라는 직업들은 대부분 200을 찍어둔 상태입니다. 현재 메르세데스, 은월, 메카닉 등 260필수 직업들은 아직 육성하지 않은 상태인데 추가적인 보상 같은것들 때문에 이번 첼섭에서 하버로 레테를 키워야 할지, 아니면 260필수 직업들을 키워야 할지 잘 모르겠어서 글 올립니다.",https://www.inven.co.kr/board/maple/2300/358091
뉴네임 유찰대면 메포하나도 못돌려 받나여?,,2026-06-25 21:06,이름변경비 1만5천메포랑 + 보증긍 메포 <--- 싹다 넥슨이 가져가나여?,https://www.inven.co.kr/board/maple/2300/358089
스펙업 어떻게 해야하는지 질문드려요!,,2026-06-25 20:57,"안녕하세요 이번에 챌섭으로 복귀해서 열심히 하고있는 메린이에요
사진은 제 템셋인데 환산은 3.5 헥환은 2.3정도 나옵니다
여기서 이제 스펙업을 어떻게 해야할지 막막해서 질문 드립니다",https://www.inven.co.kr/board/maple/2300/358088
첫해방인데 질문있음,,2026-06-25 20:50,"제네패스사서 메생 처음으로 해방 도전중인데
이제 반레온 잡았거든
어둠의 흔적 << 이게 좀 이해가 안돼서 질문드림
스펙이 충분하다는 조건하에
검마부터잡아서 어둠의흔적 잔뜩 채워놓고 나머지 쭉 미는게 가능함?
보니까 주보는 스우 > 데미안 > 윌 이순서로 쭉쭉 가던데
그럼 걔네 일부러 안잡고 기다렸다가 한번에 쭉 미는게 가능함?",https://www.inven.co.kr/board/maple/2300/358087
17성 140제에 바르기엔 좀 아깝지않나요?,Seub,2026-06-25 20:16,4여명 기준 160인 가엔링이랑 에스텔라는 써줄만 한거같은데 140제 트왈마랑 데브펜엔 좀 써주기 아깝지않은가 싶어서.. 그래도 써주는게 이득이려나요,https://www.inven.co.kr/board/maple/2300/358086
혹시 지금 시세에 에테리온 파는게 맞을까요?,강윤슬,2026-06-25 19:55,아니면 강화하는게 나을까요?,https://www.inven.co.kr/board/maple/2300/358083
팬텀 헥사 프리드 언제찍나요?,기억속의김구,2026-06-25 19:52,"팬텀 헥사 프리드 언제찍나요?
메이플 환산보니까 프리드 1,2,3,4 는 없어지고 왜 5부터 있을까여.. (초기화로 봤어요)
그리고 그냥 어센트1 찍어도 될까요?",https://www.inven.co.kr/board/maple/2300/358082
메린이 헥사 스탯 떡작 망한건가요ㅠㅠ,강윤슬,2026-06-25 19:47,"생각없이 돌렸는데요
결과보고 멘붕왔어여..",https://www.inven.co.kr/board/maple/2300/358081
템셋 자신있는 메창 형님들 질문좀,늑대산타,2026-06-25 18:44,"이번에 챌섭에서 전투력 1억을 목표로 하고 있어서
4여명 7보장을 노리는데요
18성 유니크 2줄 악세사리랑
17성 레전 2줄 악세사리랑
어떤게 더 전투력이 잘오르나요?
찾아봐도 확실한 정보가 없어서 질문드립니다!",https://www.inven.co.kr/board/maple/2300/358080
하드나 카오스 잡으면 노말 자동클리어되나요?,덕대킹,2026-06-25 17:58,"복귀 뉴비입니다.
하드나 카오스 찐모나 연모류 잡으면 아버에서 안잡았던 노말이나 이지 전부다 클리어되는걸로 카운트되나요...?",https://www.inven.co.kr/board/maple/2300/358079
블랙 서큘레이터,,2026-06-25 17:32,"현재 사냥용 어빌이
레전 메획 18퍼
에픽 드랍 9퍼
에픽 일몹뎀 4퍼
입니다
블랙서큘쓰면 높아지거나 낮아지는걸로 알고있는데
레전인 메획은 그렇다 쳐도
에픽 드랍 9퍼가 유니크가 되기도 하나요 ?
아니면 에픽의 범주 안에서 수치만 바뀌나요 ?",https://www.inven.co.kr/board/maple/2300/358077
제네시스 패스 질문드립니당!,핑크테니,2026-06-25 17:20,"안녕하세요!
제가 루나서버 불독이랑 챌린저스 서버 신궁이 있는데요!
제네시스 패스는 챌린저스 서버에 사용하는것이 좋을까용??
루나서버 불독에 사주고싶은데 챌린저스 서버에 살껄 후회할까바 사기 전에 질문드려요!!",https://www.inven.co.kr/board/maple/2300/358076
템 관련 질문있습니다! +와헌,,2026-06-25 17:11,"1. 현재 노작 미트라가 관세포함 40억이 넘어가는데 레전잠재를 쓸곳이 없어서 그냥 살까요?
2. 와헌 드로우백 사용이 최소컷에서는 유의미하게 작용할까요?",https://www.inven.co.kr/board/maple/2300/358075
안녕하십니까 메린이 질문 드립니다,피파4제발,2026-06-25 16:57,챌섭에서 히어로 육성중인데 보조무기 때문에 고민입니다 현제 200억 가량있는데 친구가 보조 그냥 대충하나쓰고 무기 해방후 큐브 돌려서 나오는 옵션보고 보조 사라는데 이렇게 하는게 맞는건가요?,https://www.inven.co.kr/board/maple/2300/358074
헥환6만까지 스펙업 순서 추천 해주세요,,2026-06-25 16:17,"챌섭3시즌 유입 된 보마입니다.
방학때 열심히 하고 이지 대적자 주차한 뒤 열심히 메소 모으다가 슬슬 모아둔 메소로 스펙업 하려고 하는데
어느 순서로 해야할 지 잘 모르겠네요.
뭔가 바꾸자니 되게 다 애매하다고 해야하나? 미트라로 바꾸자기엔 똥블렘 옵션도 나쁘진 않은 거 같고 지금 가격도 너무 비싼 거 같구여
보조를 팔고 3줄 짜리로 사는게 그나마? 나은 거 같아요. 그 뒤 노말칼로스 잡고 플하로 바꾸고 칠흑을 한 부위씩 맞춰볼까요?",https://www.inven.co.kr/board/maple/2300/358073
2주차 메뉴비 질문드려요,Jei재능교육,2026-06-25 16:14,"현재 검밑솔 클 들어갔는데
이벤링에 메획 붙혀서
사용하는게 좋을까요?
재획 하루에 1재정도 하는거같습니다
1재+채집으로 드메템  선데이까지 돈모으면서 존버하는게 베스트일까영?",https://www.inven.co.kr/board/maple/2300/358072
2주차 연합코인 어떻게 써야할까요?,퀀터1123,2026-06-25 16:01,이벤링 받은고 2개 레전이긴한데 드메가 하나도 없어요… 다들 2주차에도 이벤링레잠사라는데 대신 이벤링큐브사서 드메라도 띄워야할까요…? 하루에 2재획정도하고 많으면 3~4재획합니다.,https://www.inven.co.kr/board/maple/2300/358071
헥사2 뭐 찍어야하나요??,,2026-06-25 15:55,헥사스텟1만 나오는데 뭐 찍어야하나요..?,https://www.inven.co.kr/board/maple/2300/358070
카레잠 블랙 보조에 발라도 되나요?,,2026-06-25 15:54,"현재 블랙 보조에 유잠 발라서 유니크 한 줄 쓰고 있습니다
나중에 받는 한 장은 해방 무기에 바르려고 하구요
하트에 바르는게 낫다는 사람도 많아서 하트와 보조중에 고민중이빈다",https://www.inven.co.kr/board/maple/2300/358069
카레잠 하트에 바르고 옵션은 뭘로 띄워요??,각상,2026-06-25 15:37,"챌섭에서 두장주는 카레잠 제네무기랑 페어리하트가 정배라길래
에메찍고 하트에 먼저 바르려고하는데
메멘토 실버 큐브 이거는 유니크까지만 사용가능하다고해서
챌섭 코인샵 메멘토 골드 큐브로 옵션 띄우는건가요??",https://www.inven.co.kr/board/maple/2300/358068
에픽 던전 레벨마다 효율  다름?,맥방,2026-06-25 15:16,블루베리 274에 쓰라는 거 처럼 에픽던전도  몇레벨에 돌면 효율좋다 그런거잇나,https://www.inven.co.kr/board/maple/2300/358067
챌섭 투력 2600만. 보스,겨울엔물냉면,2026-06-25 14:49,"이론상 어디까지 되나요? 어센트등 6차 다 오픈함
하드 윌 치는데 어렵네요... 진힐라도....",https://www.inven.co.kr/board/maple/2300/358066
특수경험치 레벨업시 처리방식,,2026-06-25 14:38,"상급EXP같은 경우는 레벨업에 필요한 양만큼만 소비되고 레벨업후 따로 소비하니깐 손해보는게 없는데
에픽던전류나, 던블같은건 어떻게 처리 되나?
첫 째로 예로들어 에픽던전으로 1000억 경험치를 받고 레벨업을 했다고 치면.
클리어 레벨 당시 고정경험치(레벨업 후, 잔여경험치 합치면
그
대로 1000억) or 레벨업을 하면 보정경험치.(1000억보다 미세하게 더받음) 어느쪽이 맞나?
두번째는, 첫번째 질문에서 전자의 경우라고 치면, 에픽던전 4배로 업할것 같으면, 기본 경험치 먼저 받고 레벨업 후 4배를 따로 수령하면, 바로 4배추가 신청하는 것보다 많이 받음?",https://www.inven.co.kr/board/maple/2300/358065
헥사환산 코어 질문있습니다,방울방울몬,2026-06-25 14:34,"이미 몇개 찍은스킬 효율이 18%고
어센트를 1렙 찍는거 효율이 6%일때
그냥 환산 순서대로 찍는게 낫나요 아니면
어센트 효율이 구려도 1렙은 무조건 찍어주는게 낫나요?",https://www.inven.co.kr/board/maple/2300/358064
챌섭도 채집해야되나요?,ksm0456,2026-06-25 14:11,"949만인데 이지윌에서 막혀가지고
돈벌어서 스펙업좀해야될거같은데
채집해야되나요?? 그리고 반지나이런거 다 스펙업으로 주문서발랏는데
드메템으로 전투력 몇때넘어가야되나요???",https://www.inven.co.kr/board/maple/2300/358062
18에테 vs 22아케인,,2026-06-25 14:00,"현재 키우는 챌섭캐릭을 본캐로 키우고 있는데요
추후에 아버 끝날걸 대비해서 미리 계획 세워두려고합니다.
일단 장갑은 먼저 살거같은데
4에테 5아케인 생각해서 아케인장갑을 사야할지
8에테? 생각해서 전부 에테로 맞춰줄지 모르겠습니다.
목표는 데스티니 해방이긴 한데, 별을 제가 직접 눌러주진 않을 예정이라 18에테 사더라도 추후에 스펙업은 22에테를 구매하는 것입니다. 운이 상당히 안좋아서..
목표가 데스티니 해방이지만 그 이후에도 꾸준히 스펙업 할 예정이에요",https://www.inven.co.kr/board/maple/2300/358061
이벤링 골큐 어디서사요?,곰자주,2026-06-25 13:46,연합토큰샵에서 4000원 주고 레전잠 사면 옵션 못돌리는 거 아닌가요?,https://www.inven.co.kr/board/maple/2300/358060
위대한 돼지바소울,딸깍해보자,2026-06-25 13:39,스카니아에 있는데 시세 얼마할까 이거 간만에 들어왔는데 가지고있길래,https://www.inven.co.kr/board/maple/2300/358058
소마 해방 할만한가요?,단지아,2026-06-25 13:03,"전투력 2천만 노말 듄더까지 돌고있는데
보조랑 무기 (17성 앜) 있는데 장비,장신구만 맞춰서
해방 후 검밑 돌만 한가요? 아니면 그냥 홀딩하는게 나을지 고민이네요",https://www.inven.co.kr/board/maple/2300/358057
이벤링 여명템 잠재 우선순위 질문,,2026-06-25 11:37,"저번주에 4천점으로 이벤링에 레잠 발랐는데
알아보니 이벤링은 드메용이고 일반템으로 스탯맞춘다던데
유니크잠재를 일반에 바르는게 나은지
아니면
이벤링에 레잠을 바르는게 나은지 궁금함",https://www.inven.co.kr/board/maple/2300/358054
뉴네임 질문있습니다,자호형,2026-06-25 11:20,"닉 옮기고싶은데 같은계정이면
a서버 닉네임>b서버캐릭터로 옮길수있나요?",https://www.inven.co.kr/board/maple/2300/358053
160억 드메템 구매! 질문있습니다!,,2026-06-25 11:04,"챌섭에서 하려는데
드드 한개랑 드메 한개 혹은
드메 세개 가능한데
무엇이 더 중요할까요?
이벤링은 두개있습니다 드 하나 메 하나!!
하루에 2시간 사냥은 기본으로 하고있어요",https://www.inven.co.kr/board/maple/2300/358052
메린이 경험치 및 사냥질문입니다,크레디안,2026-06-25 10:56,"15퍼 브아피 3배경쿠빨고 시간당6프로 나오는데 정상적인 사냥속도인가요 아니면 느린건가요?
레벨272입니다 너무 안올라서 제가 잘못한거같아서 질문드립니다
방송인들은 훨씬잘오르는거같은데 제가 무자본이라서 버프를덜빨아서그런가요
사냥이 한방컷이안나서그런가요?",https://www.inven.co.kr/board/maple/2300/358051
블랙 보조에 레잠 바르면,,2026-06-25 10:37,"어떤 큐브로 돌려야되여?
보스잡아서 나오는 실버큐브는 레전드리라 못돌리고..
코인샵에서 파는건 나중에 해방무기에 돌려야 된다고 들었는데
보조는 뭘로 돌려야되나요?",https://www.inven.co.kr/board/maple/2300/358050
헥사스텟 썬데이존버,,2026-06-25 10:35,할필요 없나요? 헥사2만 존버하고 1은 그냥 지금 떡작할까요,https://www.inven.co.kr/board/maple/2300/358049
챌삽 주보 질문,,2026-06-25 10:34,"챌섭 1주차 때 연습모드로만 돌고 정작 찐모는 안 했는데 해방 가능할까요?
그리고 2주차때 최소 뭐부터 잡아야 해방 가능한가요?..",https://www.inven.co.kr/board/maple/2300/358048
메린이 보조장비 이거 더돌리는거에요?,Aspiration,2026-06-25 10:32,이거 보스공격력 나올때까지 더돌려야하는거에요?,https://www.inven.co.kr/board/maple/2300/358047
환산주스탯 헥사 강화 궁금한점있어요,겸댕근이,2026-06-25 10:27,형님들 기운기준으로 헥사 스탯이 젤먼저앞에와있긴한데 불이 안들어오는건 제 스펙에서는 추천 하지않는다 라고 이해하면 될까요 바로 다음 스킬부터 찍으면 된다는 말인가요???,https://www.inven.co.kr/board/maple/2300/358046
지금 메획 한줄짜리는 살만한 가격인가요,Seub,2026-06-25 09:42,"그냥 100/67만 맞춰주려는데 한줄짜리는 사도 될까요 ..
복귀라 시세를 몰라서
그리고 메획은 템만 쳐서 100%죠? 어빌이랑 쓸홀심 재획비 다 빼고",https://www.inven.co.kr/board/maple/2300/358044
뉴비 제네패스 질문,Shyose,2026-06-25 09:25,"이번에 챌섭에 시작한 뉴비입니다
1주차 노말 듄켈까지는 잡았는데요 제네 패스를 할지 말지 고민입니다
진힐라 악명이 높아서 폐사할까봐 걱정이네요
1주일 밀린다 생각하고 이번주에 패스할지 말지 고민이 되네요
목표는 챌린저인데 과금은 패스말고는 안해볼 생각입니다",https://www.inven.co.kr/board/maple/2300/358043
챌섭 플하,아아나오네요,2026-06-25 09:24,"이번에 다이아 찍어서 플하 받게됐는데
기존에 페어리 하트 작한거 싹 다 초기화 시키고 받아서 씌우면 되나요? 그리고 혹시 몇 성까지 올리면 쓰기 충분하려나요..?",https://www.inven.co.kr/board/maple/2300/358042
렌 보조무기,로린이로린이,2026-06-25 09:15,"렌 보조 쌍레
보보보 40 35 30 공보 12 12
145억 관세 3.6 살만한가요?? 비싸긴한데 성수기때 메이플 하고 비수기때는 안할꺼같아서 보조 하나 장만하려 합니다.",https://www.inven.co.kr/board/maple/2300/358041
환산사이트  보스배율 질문입니다.,몽끼,2026-06-25 08:41,환산보면 30분보정자료라고 적혀있는데 20분으로 환산시 배율이 낮아지는건가요 높아지는건가요?,https://www.inven.co.kr/board/maple/2300/358040
메린이 커플 템진로좀 잡아주세요 ㅜㅜ,방랑자돈까스,2026-06-25 08:12,"현재 둘다 패스먄사놓고 더이상 현질 안할예정
1 첫 레잠을 어디에 쓰는게 가장 좋을까요..?
- 하트 or 보조중 고민중인데 둘다 하트는 잠재가 없고 보조는 블랙보조 유니크 1줄입니다 당장 검밑솔이 좀 빡세서 보조박고 두줄 노리는게 나을지 하트에박고 힘두줄 노리는게 나을지 고민됩니다 ㅜㅜ
2. 챌린저스 코인샵 어떻게 써야할까요
- 둘다 16000점 넘게있는데 어떻게 쓰는게 가장 좋을지 모르겠어요 ㅜㅜ 메소는 둘다 심볼에세금내면 남는게 엾어서 미트라 같은건 구경못할거같아요
닉네임도 적어둘게요 ㅜㅜ 제가 알아본 정보외에도 더 좋은 방법을 알고계신 메짱분들의 의견 감사히 받겠습니다
닉네임:헤롱헤롱민톨 , 헤롱헤롱현듀",https://www.inven.co.kr/board/maple/2300/358039
"아 레테 좀 거슬리네,,,다들 괜찮으신가?",음악으로하나,2026-06-25 08:06,"바이퍼 본케유저인데 바이퍼할때는 깔끔했는데 레테 소환수쓰면 뭔가 잔렉 발생하는느낌,프레임 떨어지는 느낌나는데(매끄럽지기않음)그래픽 낮춰도,화면 헤르츠 낮춰도,이펙트 낮춰도 그대로인데 해결방법없나요?ㅠㅠ",https://www.inven.co.kr/board/maple/2300/358038
메린이 고민좀,Funnn,2026-06-25 05:30,"https://www.inven.co.kr/board/maple/2300/358029
아까전에 늅친구따라서 스카니아 헤딩할지 아님 유뇬 7000엔 그전까지 조금 키웠던 렌,윈브 투력 1700만따리 스카니아에 머물지 고민했었는디
여기에 더 추가된게 지금 이노시스에 자석펫 무료로 뿌린거 있고 자석펫 없음 사냥 절대 안할꺼 같아서 챌섭에서 방금 자석펫 한마리 뽑았음..
돈 나가는 속도가 장난이 아니여서 현질 더 이상 안할꺼같은데 지금 자석펫 팔면 200억 정도 생김
그냥 200억 메소로 챌섭에 본캐 키워서 그냥 이노시스로 가는게 좋을까
아님 자석펫 데리고 스카니아 맨땅 헤딩을 박을까..
친구는 돈안쓰고 완전 메린이 수준(노스데미 7트박음)임..",https://www.inven.co.kr/board/maple/2300/358036
찐 메린이 한번도와주실분,,2026-06-25 05:17,"이번 하버,아버 지우고다시할려했는데 명의당 1회로바뀌어서 못만드는데 이건뭐 내가확인안한거라 후회는없음 메이플이 갑자기 너무하고싶어서 챌섭 유니온4000주는거 + 본섭(아무것도없음) 유니온 8000~9000정도 겨울버닝하기전까지 만들고 그때 본캐지정하고 시작할려는데 본섭은 아무것도 없어도 141작은 템없이도 가능한가? 핑크빈모자,피노키오 등등 전투복있는걸로아는데",https://www.inven.co.kr/board/maple/2300/358035
챌1섭 대기열 아직도 걸리나요?,,2026-06-25 04:43,종강하고 이제 시작하려는데 아직 챌1섭 대기열 걸리나용? 어디 챌섭 서버 추천하시는지!,https://www.inven.co.kr/board/maple/2300/358034
메린이 인생최대고민,메획,2026-06-25 04:21,"투력 2500만 레테입니다
미트라관련 질문드림니다
현재 똥블렘 마9퍼 착용중인데
미트라를 사야할지
산다면 노작을 사야할지 아님
공15퍼 유닉 살지 아님 레전 유효 5줄
이런거로 살지 아님은
안사고 똥블렘으로 대충 뻐기다가
미트라 싸지면 살지 고민입니다
어떻게하는게 좋을까요 ㅠ ㅠ (해방 and 검밑솔목표)",https://www.inven.co.kr/board/maple/2300/358033
레잠 하나 어디쓰져?,,2026-06-25 04:02,"하나는 해방 무기에 쓰고
하나는 페하? 보조는 살거같은데",https://www.inven.co.kr/board/maple/2300/358032
드랍 67퍼 질문,Dmmhnd,2026-06-25 03:30,"메소 확정으로 떨어지는 게 드랍 67퍼인데
기본 24퍼+쓸심 24퍼+이벤링 20퍼=68퍼
이렇게 되서 이벤링 1줄만 맞추면 스텟창엔 44퍼라고 뜨는데 68퍼로 적용된다
결론은 이벤링 잠재 1줄만 맞추면 메소 확정 드랍 이거 맞나요?",https://www.inven.co.kr/board/maple/2300/358031
드메템 원래 가격이 얼마정도 인가요?,크령,2026-06-25 03:04,이번 챌섭에서 하프 메획 한줄은 샀는데 다른템도 살까 고민중입니다. 지금 메획 한줄 하프가 15억정도 하던데 원래는 다른템들도 얼마정도 했나요?,https://www.inven.co.kr/board/maple/2300/358030
메린이 서버 옮기는거 추천함??,Funnn,2026-06-25 02:10,"이번에 썬콜 키우는데 아마도 챌린저 목표로 하고 있음
근데 예전에 친구 따라서  이노시스에서 유뇬 7000에 렌 투력 1700만, 윈브 1700만 나머지 유뇬용 잡캐 등이 있음
지금 그 친구는 접었음 ㅇㅇ
근데 또 다른 친구가 메이플 입문을 했는데 말을 들어보니 꽤나 열심히 한다고 해서... 서버가 스카니아라고 하는데
그 친구가 게임 열심히 할꺼 같으면 스카니아에 리프하고 유뇬 다시 키우는게 낫다고 봄?",https://www.inven.co.kr/board/maple/2300/358029
챌섭 레테입니다 보약버프 크확 1레벨 올리는게 맞을까요?,강윤슬,2026-06-25 01:25,"지금 하이퍼스탯 크확 7레벨 (9퍼) 쓰고 있습니다
어떤 유튜버는 보약버프에 크확 1레벨을 찍으라고 하더라고요
챌섭 레테 키우시는 메선생님들은 어떻게 하시고 계신가요?",https://www.inven.co.kr/board/maple/2300/358027
안녕하세요 어제 처음한 뉴비입니다,창궐,2026-06-25 01:17,"안녕하세요 어제 처음한 뉴비입니다
레벨은 130을 찍었는대 아이템진로를 어떻게해야될지 모르겠습니다..
거래소는 터무니없이 비싼대 상점껄로 사서 해야하나요 ?
레벨업도 빠른 컨텐츠를 다하고나니 레벨업 할곳이없는대 어디서 해야할까요ㅠ
근래 공략법들이 다들 이벤트때 200달성해주는거말곤 없는대 지금시점 공략법같은게 있을까요?..
진로좀 정해주세요 !",https://www.inven.co.kr/board/maple/2300/358026
썸머보약은 7월1일까지인가요?,,2026-06-25 01:07,"썸머보약은 7월1일까지인가요?
정보가안나와있어서..",https://www.inven.co.kr/board/maple/2300/358025
챌린저스 패스 캐시샵 구매 불가 뜨는데..,별하새벽,2026-06-25 00:12,안녕하세요 유입 뉴비인데 챌린저스 패스 구매하려는데 규매가 불가능하다고 떠서요.. 구매에 조건이 있나용..??,https://www.inven.co.kr/board/maple/2300/358024
도와주세요 전투력 2100만까지 올렸는데도,카이사조하,2026-06-25 00:07,"아델 직업인데 전투력 2187되나? 그정도 되는데도 하드스우도 못깨고 하드데미안도 못깨고
노말듄켈까지 힘든데 너무 똥손이어서 패턴 피하기가 너무 어렵습니다.....계속 연습만이 답일까요?
아님 전 스펙 더 올려야할까요? 극딜 사이클대로 쿨 돌때마다 하는데...피도 안깎입니다..하드 데미안은 원래 일케 안 깎이나요?
제네시스 패스까지 샀는데 이렇게 보스도 못도는데 괜히 샀나 싶어 후회되네요ㅠ",https://www.inven.co.kr/board/maple/2300/358023
데브 놀긍 63작,전기요금수납,2026-06-24 23:52,대충 쓸려는 깡통 데브 놀긍 첫작에 마 6 인 3 이렇게 떳는데 적정 판매가가 어떻게 될까요?,https://www.inven.co.kr/board/maple/2300/358022
스타포스 17성 강화권은 사면 안되는건가요??,Qwerasqwer,2026-06-24 23:43,"유튜브에서 템세팅 관련해서 검색해봤는데
장신구를 17-18성 유니크/에픽으로 만들라고 하더라구요
샤이닝 스타포스를 이용하라고 들었는데
이게 주문서 17성을 쓰고 18성으로 올리는건지
주문서 없이 17성까지 가라는건지 잘 모르겠어요
주문서를 사면 혹시나 코인이 모자른건가 하늩 생각도 들고요
어떻게 하는게 맞는건가요?",https://www.inven.co.kr/board/maple/2300/358021
"메린이, 메복이 궁금증들 해소해주라",조태조태,2026-06-24 23:42,"1. 지금 270 메카닉 본캐임 유니온 다 200작은 해놨음 근데 메카닉 본캔데 아무것도 안되어있음 다되어있는건 아케인 만렙? 어센틱 5씩인가 찍었고 이럴거면 챌린져스에서 하이퍼버닝으로 메카닉 다시 찍는게 이득임? 전투력 900만 따리 개 약골 메카닉 몇년만에 복귀라 뭐가 뭔지도 모르겠음
2. 지금 레테랑 렌 200만 찍고 챌린져스는 안할까하는데 챌린져스 꼭해야댐? 하이퍼버닝 본캐에 안할거면 은월 같은거에 하버 써서 250작하는게 이득임?
3. 그리고 메이플 여전히 드메템 유효함? 무자본 노가다로 돈벌려면 어케해야댐??/",https://www.inven.co.kr/board/maple/2300/358020
검마 3페 질문입니다,더덕냠냠,2026-06-24 23:40,"이럴때는 어떻게 해야하나요…? 블링크로 피하려고 해도 선이든, 검마 빛 내뿜기? 맞고 데카 엄청 사라지던데ㅠㅠ 어떻게 해야 좋을지 모르겠어요ㅠㅠㅠㅠ",https://www.inven.co.kr/board/maple/2300/358019
드메템 지금은 비싼건가요??,Qwerasqwer,2026-06-24 23:39,"한 6년 7년만에 복귀하니까 정신이 없네요
지금 드메템이 비싸다고들 하는데 원래 가격을 모르겠어서 얼마나 오른건지 파악이 안되네요
지금은 비싼건가요??",https://www.inven.co.kr/board/maple/2300/358018
안녕하세요 시즌4 유입 메린이입니다. 템세팅때문에 고민이 있어요 ㅠㅠ 도와주세요..!!!,메아솔,2026-06-24 23:36,"이번에 시즌4 일리움으로 입문하게된 뉴비메린이입니다..!!
지인이 꼬셔서(해방하고 넘어오면 익스우 돌 정도 템 맞춰준다고함) 하게됬는데
재미도 있고 제대로 해보고싶어서 영상 보고 풀드메 및 3석펫정도는 제가 구매해서 지금 챌섭에서 재밌게 하고 있어요 근데 여기서 좀 고민이 드는게 지인은 mvp레드여서 이것저것 혜택을 받는데 굉장히 부럽더라고요
그래서 저도 mvp작이라는걸 해볼까 했는데
지인이 mvp작 할 돈으로 챌썹에서 템을 사라고 하는데 이것저것 영상을 보니 급하게 챌린저 찍을거 아니면 그냥 천천히 이벤트재화로도 충분히 가능하다고 하더라고요, 지인은 빨리 템사서 보스잡고 물욕템 먹어야 좋은거라고하고 있는 상황인데..
여기서 mvp작(약 120만원가량)할 돈으로 mvp작을 그냥 하는게 나을까요 아니면 메소를 사서 챌섭 템세팅을 하는게 나을까요..?
고인물분들의 조언이 필요합니다.>!!!
요약:풀드멫템 및 3석펫은 마련한상태, 해방하고 넘어가면 익스우템세팅 맞춰준다고함.
여기서 mvp레드작하는게 나을지 그돈으로 챌섭에서 템세팅을 해서 해방빨리하고 물욕템 먹을지
참고로 제 성향은 급하게 할 필요는 없다고 생각하는 주의이긴합니다.",https://www.inven.co.kr/board/maple/2300/358017
급해여ㅠ 가엔링 프악공 vs 놀긍떡작,나다암호,2026-06-24 22:44,"가엔링 프악공이 낫나요 놀긍떡작이 낫나요
이번에 코인 생각보다 괜찮은거 같아서 프악공 3장 바르는것도 괜찮아보이는데 선배님들 알랴쥬세요ㅠㅠ",https://www.inven.co.kr/board/maple/2300/358016
드메 100/100 기준 챌섭에서 1소재 얼마 버나요?,꿈이있는메린,2026-06-24 22:37,챌섭이니까 유부 유행 없어서 좀 적을까요?,https://www.inven.co.kr/board/maple/2300/358014
렌질문,ll쵸코푸딩ll,2026-06-24 22:15,챌섭에서 렌키우는데 앞텔뒷텔 이거 뒷텔만쓰려면 무조건 전제조건이 앞텔을한번 타야 뒷텔이타지는건가요?,https://www.inven.co.kr/board/maple/2300/358013
메이플 뉴비 도와주세요,딸기쉐잌,2026-06-24 21:43,"에픽던전 하이마운틴 선행퀘스트는 깬거같은데 하이마운틴에 어떻게 들어갈까요?
세라자르를 눌러도
안녕하세요? 뭐시기뭐시기 음유시인 세라자르입니다. 이말만 하고 방법을 모르겠어요",https://www.inven.co.kr/board/maple/2300/358012
챌섭은 친구랑 즐길만한 것이 없을까?,,2026-06-24 21:16,친구랑 같이 시작했는데 뭐 다 1인 격파라서 온라인 게임인지 싱글게임인지 모르겠네,https://www.inven.co.kr/board/maple/2300/358011
카레잠 보조 or 하트 뭐가 낫죠?,슈붕야호,2026-06-24 21:07,"메린이인데 카레잠 어디에 써야할지 모르겠어요
하나는 해방무기에 쓰고 하나 남는거 보조에 쓰라는 분들도 계시고 하트가 근본 선택지라고 하시는 분들도 계셔서
일단 보조는 유니크 두줄이고 하트는 그냥 페어리에 에픽만 달아뒀어요",https://www.inven.co.kr/board/maple/2300/358010
메린이 순수 궁금증(new age),,2026-06-24 20:50,"아주 먼 옛날 옛적
6차 오픈하던 new age시절에
유출이 있었음??
이번에 6차 나옴 각자 직업별 스킬있음
뭐 이런형태로
걍 궁금해서 글 써봄",https://www.inven.co.kr/board/maple/2300/358009
여명 잠재 유닠2줄 만들기 vs 레전3줄 사먹기 뭐기 더좋을까요??,,2026-06-24 20:46,"유잠에 메멘토로 천천히 유닠 15퍼로 만들지
레전 3줄 27퍼정도 살지 뭐가 더 좋을까요
하드세렌정도는 잡을예정입니다!
둘다 별은 직접 달 예정입니다",https://www.inven.co.kr/board/maple/2300/358008
선생님들 시드링5렙 적정 환산 몇인가요 ?,,2026-06-24 20:40,"제곧내입니다
적정환산 몇정도 되면 시드링5렙 효율이 나오나요 ??",https://www.inven.co.kr/board/maple/2300/358007
궁수 장갑 30억 어떤거 같나요,,2026-06-24 20:29,예쁘긴한데 크주 에디2줄급이랑 동급같아서 고민중...,https://www.inven.co.kr/board/maple/2300/358006
게더링할때 렉 줄이는 방법 있을까요?,바부팅이박,2026-06-24 20:21,"좋다고 4석 구매했는데 90초마다 렉이 2-3초 정도 생김
형들 도와줘
그래픽 설정은 최하로 바꿔도 안되",https://www.inven.co.kr/board/maple/2300/358005
뉴비 보조 해방 질문,,2026-06-24 20:12,보조무기 해방도 다하면 데스티니 무기 처럼 기존잠재랑 수치 다르게 뜨나요 ?,https://www.inven.co.kr/board/maple/2300/358004
닉변하고 새로 만들면 생성기한 걸릴까요?,니쿠진,2026-06-24 20:03,"A 닉넴 닉변으루 B로 바꾸고
캐릭생성으로 A닉넴 바로 만들수 잇나요? 아니면 삭제처럼 락걸리나욤(",https://www.inven.co.kr/board/maple/2300/358003
챌섭 패스만 다 사고 무과금으로,Cornyx,2026-06-24 20:01,"챌린저 찍을 수 있을까요,,,?
현재 270, 노말 진힐라까지 잡아놓은 상태입니다",https://www.inven.co.kr/board/maple/2300/358002
검밑솔은 어느정도 악세 맞춰야하나용?,,2026-06-24 19:58,"보마가 쉽다고 해서 이번에 보마로 유입했고
현재 전투력 2천에 하스데까지 클리어했습니다.
환산주스텟?보니까 카오스 듄켈 더스크가 길드없이
74?80?퍼 정도씩나오더라고요..
진힐라는 어려운거 같아서 노말딜찍한다 치고
일단은 카듄더 솔격되는선까지는 세팅하려고하는데 악세 어느정도 선으로 맞춰야하나요..?
보장 유에 공9 에디 공6 /엠블 유니크 공9방무15, 에디없어요
보장이 윗옵 메멘토 120개먹고 공9보다 높은게 안떠요..",https://www.inven.co.kr/board/maple/2300/358001
260 이후로 레벨업은 어케하나요,감자맛핫도그,2026-06-24 19:21,사우나랑 선데이메이플 몬파로 어찌저찌 264까지는 찍었는데 그냥 뇌빼고 사냥해야 하나요?,https://www.inven.co.kr/board/maple/2300/358000
뉴비 질문 있습니다!! 링크 관련,샤샤르베,2026-06-24 19:19,"챌섭에서 카데나 본캐로 키우고 있는 메린이인데요!
링크스킬 중 소울 컨트랙트 스킬이 필요하다는걸 알게되어서
엔젤렉버스터를 200레벨 까지 키웠는데 스킬 레벨이 2이던데 마스터가 3이고
올리는 방법은 없는걸까요?? 2로 그냥 사용하면 되나요??
그리고 스퀸스에 등록이 안되는데 왜그러는 걸까요?ㅠㅠ",https://www.inven.co.kr/board/maple/2300/357999
재획하시는분들 경쿠수급 어떻게하시나요?,상어잡을미끼,2026-06-24 19:04,레드 달아도 많이부족한데..,https://www.inven.co.kr/board/maple/2300/357998
님들 저 뉴빈데요 매그너스 어케잡음?,컨택받은셀,2026-06-24 19:01,선행퀘스트 완료해야 한다는데 얘는 스킵 안해줌?,https://www.inven.co.kr/board/maple/2300/357997
전투력 2300만 보마인데 메이린 노멀 가능할까요??,천상의피리,2026-06-24 18:52,"이번에 새로 시작한 뉴비 보마입니다!
레벨은 276레벨이고
전투력은 2321만입니다
현재 도원경 입성했는데 다른 분들은
메이린 격파보상인 코디템 착용중이라
잠깐 공략보고 도전했는데
체력이 너무 높아서 힘들더라고요..
그저 제가 패턴에 미숙한건지
아니면 이 전투력으로는 클리어하기 힘든건지 궁금합니다!",https://www.inven.co.kr/board/maple/2300/357996
지금 교불 드메템 거품 심한 상태인가요?,클로이이쁘당,2026-06-24 18:49,"50~60억 사이에 있는데 챌섭거품 많이 낀건가요?
예전에는 얼마였는지 궁금합니다
무교도 아니라 다시 팔때 가격 많이 떨어질까봐 걱정돼서요..",https://www.inven.co.kr/board/maple/2300/357995
챌섭 템셋팅 질문,Kilost,2026-06-24 18:39,"챌섭에서 비숍키우고 있는 뉴비입니다.
현재 지금 템셋팅에서 300억 메소 정도 더 있는데 템을 뭘 사는게 좋을까요..?",https://www.inven.co.kr/board/maple/2300/357994
챌섭 코인샵블큐 리프되나요?,키아라원툴,2026-06-24 18:26,군돌이라 이번챌섭 외출나가서 최대한하면서 5만점 쌀먹할려는데 챌섭코인샵 블큐 화에큐 들고 리프되나요?,https://www.inven.co.kr/board/maple/2300/357993
무한야누스 하려면 야누스 몇렙돼야 하나요?,푸치니,2026-06-24 18:22,"무한 야누스 제자리사냥 하려고 자석펫 한세트도 샀는데
지금 야누스 20레벨에 5석펫 효과 받고 하니까
대략 7~8분정도 사냥하면 야누스가 꺼지네요.
최대 300초까지 증가라길래 야누스 20렙이면 200초까지 증가될 줄 알았는데 그건 아닌가봐요.
솔야누스 몇레벨 돼야 무한지속 되는지 아시는 분 계신가요?",https://www.inven.co.kr/board/maple/2300/357992
200렙 달성비약 어디다쓰나요,아누나우,2026-06-24 18:13,"본섭에 유니온 9000인데
이거 챌섭에서는 사용못하는건가요??? 무조건 본섭에서만 사용하는건가요??",https://www.inven.co.kr/board/maple/2300/357991
200때 받는 보스장신구 상자 못받는데 어떻게 해야될까요??,아이런앰,2026-06-24 18:03,"모르고 레테 201짜리 하이퍼버닝 지정해서 200떄 받는 보스장신구 상자 못받는데
어떻게 해야될까요?? 같은거 사서 끼면 되는건가요??",https://www.inven.co.kr/board/maple/2300/357990
블루베리 농장은 스펙이 어느정도 되면 간단히 할 수 있나요??,Rnmhdj,2026-06-24 17:51,블루베리 농장은 스펙이 어느정도 되면 간단히 할 수 있나요??,https://www.inven.co.kr/board/maple/2300/357989
닉넴이거 팔릴까요?,영동장어,2026-06-24 17:49,"힙합냥 이거 팔릴라나용,,",https://www.inven.co.kr/board/maple/2300/357988
찐뉴비 앞으로 방향성 궁금합니당ㅠ,블쏘거거,2026-06-24 17:48,"재 274 레테 하고있습니다.
에잠, 유잠, 레잠, 등등 이제 막 깨닫고 게임을 하고 잇습니다.
안타깝게도 공략을 늦게 보는 바람에 제 멋대로 바르고 했었는데, 혹시 이후 셋팅 방법좀 알려주실수 잇을까요ㅡ
챌린저스는 3만점으로 플레티넘?까지 햇어요!
앞으로 열심히 해볼생각이구요!
100-150억 정도 자본금 구해서 해볼생각이기도 합니다.
1. 현재 장비에서 어떤거부터 어떻게 셋팅을 바꿔야할지?
2.드메템 드메템 그러는데 보스장비1개 , 드메템1개 이런식으로 나눠지는건지
공용으로 사용하는건지??
궁금합니다!!
다들 즐거운 메이플되세요!!",https://www.inven.co.kr/board/maple/2300/357987
챌섭 메소사용처 질문좀요ㅜㅜ,레드화이,2026-06-24 17:33,"270랩 렌입니다 흔하게 유튭보면서 진행하고 있으며
데브펜 17성 유닉
블랙보조 유닉 에픽
이거 말고는 아직 안건드렸습니다
30억 메소정도 있는데 뭐 하는게 젤 좋을까요",https://www.inven.co.kr/board/maple/2300/357986
챌린저스 섭 연금술 명장 찍기 팁좀 주심안될까여,러브레시피,2026-06-24 16:51,"지금 겨우겨우 채집10렙 연금술 10렙 만들었습니다...
메소 여유가 없어서 그냥 도구없이 채집캐고 그걸로 연금술 10렙 만들고 한거에요.
메소는 있을때마다 심볼 업그레이드에 투자하다보니...여전히 부족한.
지금 보라색 꽃만 캐고 있는데, 경매장에 싼건 쥬니퍼베리 꽃 오일이 상대적으로 저렴하긴한데
이걸로 뭐를 만들어야 효율이 좋은가요?
카모마일/페츌리 개당 가격 어마어마합니다. 이건 패스해야함...
쥬니퍼베리 씨앗 오일을 팔고~ 효율 좋은걸로 사서 명장찍어보면 어떨까해서요.
그게 낫겠다 싶었어요.",https://www.inven.co.kr/board/maple/2300/357985
직업 뭘로 할까요,놈마속,2026-06-24 16:32,"제가 7월 4일에 복귀하는데 직업은 뭘로 할까요
이번에 제대로 본캐로 할거 같아요
제가 찍먹만 조금 하다가 이번에 제대로 하는 겁니다",https://www.inven.co.kr/board/maple/2300/357984
Mvp 질문좀,기계형디지몬,2026-06-24 16:31,"레드 달라고 하는대 질문좀
150 한번에 지를꺼면 담달 초에 할까요?
지금 달말인대 해버릴까요?
지금 한 20정도 과금한 상태인대 어떤방법이 좋나요??
레드 달아보는게 첨이라 ㅠ",https://www.inven.co.kr/board/maple/2300/357983
메린이 템 값 진단 도와주세요,꿈이있는메린,2026-06-24 16:27,지금 시세로 얼마정도 할까요??,https://www.inven.co.kr/board/maple/2300/357982
챌섭 9보장 vs 7보장 2여명,나다암호,2026-06-24 16:04,"요즘은 뭐가 더 나은가요?
2여명은 데브팬 + 에스텔라(트왈마) 중에 뭐가 더 나은지도 알려주십셔",https://www.inven.co.kr/board/maple/2300/357981
주간던전 경치랑 솔 에르다 보너스 단계 따로 설정하는 건가여?,,2026-06-24 16:04,"블루베리는 270때 쓸려고 해서 오늘까지 270은 못 만들 것 같아서 내일 초기화 되기전에 그냥 하이마운틴 돌려고 하는데
1.보너스 단계 설정 하는거 경험치랑 솔 에르다 각각 따로 설정이 가능 한 건가여?
2.만약 따로 라면 둘 다 1단계 해주는게 메포 효율을 생각했을 때 젤 낫져?",https://www.inven.co.kr/board/maple/2300/357980
챌린저스 샾질문,불능범,2026-06-24 16:01,"매주 경쿠 7개씩 있던데
매주마다 사도 코인안모자르나여",https://www.inven.co.kr/board/maple/2300/357979
디2만 해보고 메이플 처음인데 캐릭? 직업?좀,,2026-06-24 15:58,"디2에서 아마존, 바바, 성기사 같은 밀리계열을 주로 했습니다.
타격감좋고 스피드한 직업 있을까요?",https://www.inven.co.kr/board/maple/2300/357977
방무 질문이 있어요,Qwqqq,2026-06-24 15:51,보스 돌기 위한 적정 방무가 어떻게 되나요? 잠재 몇줄인지나 스탯창 퍼센트라든지..,https://www.inven.co.kr/board/maple/2300/357976
챌섭 메린이 이벤링 질문,,2026-06-24 15:41,"기본으로준 이벤링큐브 다썻는데
레전 2개 드랍 + 올텟6%
이터널플레임링 주스텟 9퍼
밖에 안떳는데
코인으로 큐브사서 21퍼 뽑아야되나요?",https://www.inven.co.kr/board/maple/2300/357975
챌섭 뉴비 아이템 구매 추천,자전한히린이,2026-06-24 15:31,"안녕하세요
이번 챌섭으로 4년만에 복귀했습니다.
현재 템 상태이며 110억메소를 가지고 있는데,
1. 보조를 구매하는게 좋을까요?
2. 아니면 타 아이템을 구매하는게 좋을까요
현 하진힐까지 잡았습니다
본캐로 키울 예정이며 나중에 본섭 넘어가서도 쭉 업그레이드 예정입니다",https://www.inven.co.kr/board/maple/2300/357974
안녕하세요! 복귀 뉴비 직업 고민 선택 부탁드립니다.,라멘국물,2026-06-24 15:20,"안녕하세요! 예전에 리부트 조용하던 시절에 카이저 천천히 키우면서 즐기다가 접고 이번에 버닝으로 복귀하려고 하는데요! 직업 고민 때문에 글을 쓰게 됐습니다!
아란
듀얼블레이드
키네시스
이중에서 고민이 돼서요! 솔플 위주로 하기 때문에 천천히 해방을 목표로 갈 거 같습니다! 현질은 아마 안할 거 같고 한다면 달에 5만원 정도입니다!
이 외에도 직업 추천 해주셔도 좋으니 고수님들 많은 조언 부탁드립니다!!!!",https://www.inven.co.kr/board/maple/2300/357972
지금 환산에 나오는 보스 배율이,갱쥐율,2026-06-24 15:13,20분 기준으로 나오는 배율이 맞을까요??,https://www.inven.co.kr/board/maple/2300/357971
레테 어빌리티 질문요,데사파,2026-06-24 15:07,"레테 어빌리티 돌리다가 2번째줄에 상추뎀8%가 떳는데
자물쇠 잠궈도 되나요? 그리고 서큘레이터? 이건 어떻게 사용하나요?",https://www.inven.co.kr/board/maple/2300/357969
저 완전 메린이 인데 강해지고 싶어요..!  도와주세요…,유채윤,2026-06-24 14:59,"현재 270레벨이고 전투력은 1500정도 입니다..
유튜브를 봐도 이해가 안되고 제 레벨이 1500이면
낮은건가여..? 보스도 잡고 그러고 싶은데..
템 한번 봐주실 수 있으면 봐주시고 피드백좀 해주세요..
사진을 5개 밖에 못 올려서..
혹시나 메린이를 가르쳐 주실 분은.. 옵챗으로 연락주세여 ㅜㅜ
카카오톡 오픈채팅을 시작해 보세요.
링크를 선택하면 카카오톡이 실행됩니다.
https://open.kakao.com/o/sBAa1qAi",https://www.inven.co.kr/board/maple/2300/357968
엔버는 엠블렘을 구매하는 것 밖에 방법이 없나요?,,2026-06-24 14:44,"유니크 잠재는 교불에만 바를 수 있는데 블랙 엠블렘 같은게 안 보이더라구요
엔버는 교불 엠블렘이 미트라 밖에 없나요?",https://www.inven.co.kr/board/maple/2300/357967
썬콜인데 검마 113퍼 잡아질까요?,Soble,2026-06-24 14:15,공략따라하면서 열심히 치면 이론상 잡아지는거 맞죠?,https://www.inven.co.kr/board/maple/2300/357966
제네 플러스 보상 질문입니도,Paradoc,2026-06-24 14:05,7월초 해방기준 검마는 소급적용이고 나머진 23부터 하나씩 해금되는 보스를 처치해야 코인 받는거죠?,https://www.inven.co.kr/board/maple/2300/357965
메린이질문있습니다,ll쵸코푸딩ll,2026-06-24 14:03,"플라즈마하트에 17성 스타포스 발리나요?
그리고 친구가 챌다른서버인데 보스같이갈 수 있나요?보상 이런것도 다 똑같은지?",https://www.inven.co.kr/board/maple/2300/357964
말뚝딜하는 직업 뭐가 있나요?,Kingbandi,2026-06-24 13:49,"신궁이 전에는 말뚝딜하기 좋았는데 지금도 그런지 모르겠어서요
1순위 : 보스잡을 때 컨트롤 필요없는 말뚝딜
2순위 : 시너지 스킬 존재 유무
3순위 : 사냥 난이도
이렇게 보는데 신궁이 그래도 제일 좋을까요?",https://www.inven.co.kr/board/maple/2300/357962
제논 질문 있습니다,매화수목1,2026-06-24 13:47,제껀 아니고 친구껀데 카이 배율 도핑 안 하고 돌려서 184퍼 나옵니다 근데 오리진 극딜 박아도 3퍼 까인다고 합니다 혹시 6차를 잘못 찍어서 그런걸까요? 184퍼면 극딜만 박아도 깨는 배율로 알고 있어서 여쭤봅니다,https://www.inven.co.kr/board/maple/2300/357961
제논 시드링 질문입니다,푹먹,2026-06-24 13:30,"챌섭에서 제논 키우고 있는데 리레 4, 컨티 3을 사용하고 있습니다
근데 제논을 찾아보니까 서브 시드링을 웨펀 쓰는 것 같은데
컨티 3 vs 웨폰 4 하면 무조건 웨폰 4가 맞나요??",https://www.inven.co.kr/board/maple/2300/357960
연합 토큰 어떻게 얻나요?,러브레시피,2026-06-24 13:28,"미션 울티마인지 뭔 씨잘떼기 없는 스토리텔링 영상 따위에 무슨 시간 할애를
1시간이나 강제하고 지랄인지 참. 다 읽지도 않음. 걍 개 빡쳐서 중도 관둠.
앞으로 몇 수시간을 갈아넣어야하는지 미확인 상태.
이딴거 빼라니까는 고정도 아니고 단기 이벤트에 뭔 힘을 이래 주는지. ㅋㅋㅋㅋ
개선 제보를 이딴거넣으라고 힘주는 유저들이 많은가보다. 진짜 개변태 인간들 많나봐요.
온라인 도박장에 이딴 궁금하지도 않는 스토리 읽고싶나봐.
그래서 연합 토큰 어딧나요 ㅠㅠ",https://www.inven.co.kr/board/maple/2300/357959
시퀀스에 등록한 버프스킬들 퀵슬롯에서 빼두 되나요??,나는노딜,2026-06-24 13:19,"메이플 처음 합니다
레테를 하는데 퀵슬롯창이 모자른거 같아서 퀵슬롯에서 시퀀스에 등록한 버프 빼고 다른 액티브스킬 넣고 싶은데
그래두 되나요???",https://www.inven.co.kr/board/maple/2300/357957
5.5 배메 본캐 바꾸려고 합니다.,휘매,2026-06-24 13:08,"배메가 투자효율이 떨어진다 그래서 부캐로 냅두고 본캐를 바꾸려고 합니다. 와헌하려고 챌패스+제네패스까지 다 몰아줬는데 텔포 없는게 별로라서 갈아타려합니다. 재획+보스로 매달 300억이상 벌고있고 손은 똥손입니다. 목표는 우선8만인데 꾸준히 키울생각입니다.
후보1. 276랩 썬콜 6차는 1랩씩 뚫었고 5차랑 아케인심볼등 간단한 내실만 되있는상태
후보2. 챌섭 마스터 찍고 250비약 레테 먹이고 맨땅에서 시작
후보3. 그냥 배메 쭉 키우기
후보 셋다 플레이 스타일이나 디자인같은건 마음에 듭니다.",https://www.inven.co.kr/board/maple/2300/357956
진라벨이라는게 사면좋다는데 캐시템인가요??,기흥공고,2026-06-24 12:42,"아이템인지 캐시템인지 경매장에 검색해도 안나오더라구요
어떤아이템인가요??",https://www.inven.co.kr/board/maple/2300/357955
챌섭 노말 진힐라 잡기 위해 쌍레구매?,,2026-06-24 12:21,"아델이구 투력 2077만, 배율 아래 사진 정도로 나오는데,
지금 엠블렘 유닠 공9퍼만 달아서 쓰고 있고
블랙 보조는 유니크 보공30%+공6% 쓰고 있습니다
어제 진힐라 연모로 3트 정도 했는데 10분 남기고 47%까지밖에 못깎았어요 처음해봐서 익숙해지는데 시간이 필요할 것 같은데 오늘이 마지막 트라이날이라ㅠ
쌍레 보조랑 미트라 원래 미라클 이후에 사려고 했는데.. 이러면 그냥 보스 편하게 잡기 위해 사는게 나을까요? 아니면 그냥 이대로 더 트라이 해볼까요? 노말 진힐라 첫주에 못잡은게 나중에 거슬릴까요..?
고민돼서 조언 부탁드립니다!!!",https://www.inven.co.kr/board/maple/2300/357953
해방퀘,Qwqqq,2026-06-24 12:14,이번주 하스데 노말 검밑솔 잡으면 해방이 많이 밀리나요..??,https://www.inven.co.kr/board/maple/2300/357952
보장9세트 vs 보장7세트 2여명,늅은해방까지,2026-06-24 12:12,뭐가좋을까요?? 도와주세요,https://www.inven.co.kr/board/maple/2300/357951
보마 이벤링 추천좀 해주세용,G1vm,2026-06-24 12:03,"이터널 / 글로리온 / 테네브리스 / 어비스
이렇게 있는데
2티어 반지 카오스랑 크리티컬 중에 뭐 받아야 하나용?
직업은 보마입니다",https://www.inven.co.kr/board/maple/2300/357950
데아시두스 vs 에스텔라,잼민펀치,2026-06-24 12:00,"유튭보니까 가엔링 에스텔라로 2여명 띄우라는 정보가 엄청 많던데 굳이 에스텔라로 맞추는 이유가 뭔가요?
여명은 보통 최소 17성은 쓰니까 실블링, 응축, 메커 처럼 렙제가 낮아서 17성을 못띄우는 템을 우선적으로 바꾸는게 좋을거 같은데....
거기다 18성 에스텔라가 19성 데아시두스랑 체급이 비슷한데 가격은 19성 데아시두스가 훨씬 싸더라구요
이러면 셋옵도 별로 차이 안나는데 굳이 4여명 가겠다고 돈 더주고 에스텔라를 맞추는 이유를 모르겠습니다.
차라리 가엔링 보장으로 쓰고 트왈마 데브펜으로 2여명 쓰는게 낫지 않나요?",https://www.inven.co.kr/board/maple/2300/357949
님들 메이린 최소컷 질문인데요,,2026-06-24 11:58,"하진힐 112퍼로 2분 정도 남기고 잡았는데
메이린도 충분한가요...?
메이린이 쉽다고 듣긴했는데 할만한지 감이 안잡혀요 ㅠㅠ",https://www.inven.co.kr/board/maple/2300/357948
앞으로의 방향,Afresh93,2026-06-24 11:51,"3카룻 5앜셰 4여명 나머지 보장으로
전부위 유닉에픽 18성 둘둘로 해방완료했습니다.
전투력 1억턱걸이 입니다.
소과금(거의 무과금)유저인데
앞으로 에테유니크정도로 직작하는 방향으로가나요?
아니면 아케인을 22레전 방향으로 가야하나요?
아니면 또다른 방향이 있을까요?",https://www.inven.co.kr/board/maple/2300/357947
검밑솔 닼나 버리고 렌 키우려는데 템 이동 질문,,2026-06-24 11:43,"안녕하세요 메쌤님들
챌린저스 시즌1 때 만든 닼나를 현재 유챔A에 검밑솔 주보돌이로 사용 중입니다.
이번 챌섭에서 렌을 새로 키워서 본섭으로 가져오려고 하는데, 현재 닼나에 있는 템을 렌으로 넘길 계획입니다.
템 수준은
* 3카 4앜
* 보장 + 여명 세트
* 전부 17성 15% 둘둘
정도입니다.
3카는 처분하고 흙에테로 넘어갈 생각이고요.
고민인 게,
1. 일단 지금 닼나 템을 정리해두고 렌은 챌섭에서 하나씩 맞추면서 키운다.
2. 본섭 이전 직전까지 닼나 템 그대로 쓰고, 렌은 최소한으로만 육성한 뒤 이전 후에 템을 몰아준다.
둘 중 어떤 선택이 더 효율적일까요?
무과금이고 챌섭은 끝까지남아서 챌린저는 찍어보는게 목표입니다 ! 글작성능력이 부족해서 지피티로 정리햇습니당
답변주시면 감사하겠습니다!",https://www.inven.co.kr/board/maple/2300/357946
복귀유저인데 방학시즌에는 본캐 부캐 사냥비중어떻게둬야해요?,내맘이양마,2026-06-24 11:28,부캐템맞추는건 좀 미뤄도 렙업때문에라도  사냥할때 함선나와서 경험치많이주는거 생각해서  그거다 쓸때까진 본캐부캐  사냥30분씩은 다 해줘야하나요?,https://www.inven.co.kr/board/maple/2300/357945
레테 영메스킬은 어떻게 배우나요?,nonoqhdl,2026-06-24 11:17,"아무리 찾아도 안보이는데.
혹시 배우신분 공유점 부탁드려요",https://www.inven.co.kr/board/maple/2300/357944
에픽던전 1단계 하는게 메포효율 생각했을때 젤 좋져?,,2026-06-24 11:07,지금 266렙 이기도 하고 낼이면 초기화 되니깐 그냥 하이마운틴 돌려는데 메포 효율 생각하면 1단계로 받아야 겠져?,https://www.inven.co.kr/board/maple/2300/357943
닉네임 판매할까 옮길까...,넥프91,2026-06-24 11:04,"진지,피습 작년 12월쯤에 샀는데  진지 이건 100만원해서 옮길까요? 아니면 두 닉네임 얼마정도에 팔릴까요?",https://www.inven.co.kr/board/maple/2300/357942
혹시 요즘도 무릉에서 경쿠수급 되나용??,쮸리,2026-06-24 10:59,"여전히 가능한지 궁금합니다!!
옛날엔 되었던걸로 알아서요!",https://www.inven.co.kr/board/maple/2300/357941
이거 에디 선택하고 팔아야되나요?,,2026-06-24 10:33,선택좀 부탁드립니다.,https://www.inven.co.kr/board/maple/2300/357940
메이플만 쾌적하게 할 수 있는 컴퓨터를 사고 싶습니다,,2026-06-24 10:29,"컴퓨터로 오직 메이플만 합니다.
8년 쓴 데스크탑은 사냥조차 렉걸려서 못하고
회사에서 지원해준 lg 그램으로 메이플 하는데 이 마저도 렉이 심하네요
메이플만 쾌적하게 할 수 있는 데스크탑 하나 맞추고 싶은데 컴알못이라 어디서부터 어떻게 맞춰야 할지 모르겠습니다.
라이젠5, ssd 500기가, 램8기가 두개(가격 여유만 되면 16 두개) 제가 알고있는 지식은 이게 다입니다.
이런 정보 공부할 수 있는 곳이나 이정도 스펙으로 맞추면 된다 정도 알려주실 수 있을까요?",https://www.inven.co.kr/board/maple/2300/357939
제네패스 챌섭패스중 하나만 살수있는데,제로뉴비히히,2026-06-24 10:16,뭐가 더 좋나요? 방금 260찍었어요,https://www.inven.co.kr/board/maple/2300/357937
뉴비 카레잠 어디에 발라야하나요,아다몬린,2026-06-24 09:39,"가이드대로 해서 에메찍고 카라잠 받을수있는데 누군 보조에 바르라하고 하트, 엠블럼 다 다르길래 여쭈어봅니다",https://www.inven.co.kr/board/maple/2300/357935
울티마 작전일지 메이플id 변경,조탁,2026-06-24 09:09,안쓰는 메이플id에 울티마 작전일지 받았는데 이벤트참여하기로한 메이플id 삭제하고 다른 메이플id로 변경가능한가요...?,https://www.inven.co.kr/board/maple/2300/357933
엠블렘 공뎀뎀,휴대용돈까스,2026-06-24 07:47,공6 뎀15가 그냥 공9보다 높은 거 맞죠?,https://www.inven.co.kr/board/maple/2300/357932
메린이 주말반입니다 도와주세요,양덕동,2026-06-24 07:17,"첫날부터 시작을 했는데 플레이는 주말 2일만 가능합니다 3-4시간 정도 플레이가 가능한데 레벨업이 늦어지면 문제가 많이 될까요?
1. 주말만 3-4 시간 가능한데 보스 트라이 하기도 바쁜 시간이라 렙업이 잘 안되고 있습니다..
사우나 현질하고 리조트 사용해서라도 렙업은 중요한거죠?
2. 메린이라 보스들 여유컷 높을 때 도전하려는데 아케인 메소로 최대한 강화하는것도 도움이 될까요? 일퀘를 못하니 심볼 업도 안될 것 같아서요
3.패스는 전부 다 샀는데 주말만 플레이 해도 혜택 다 받아 볼 수 있을까요..",https://www.inven.co.kr/board/maple/2300/357931
메린이 엠블렘 질문,오샨,2026-06-24 06:52,저번 챌섭에서 렌을 키워 본섭 리프를 해놨는데 이번 챌섭 끝나도 계속 메이플 할 예정이라 렌으로 본캐를 바꾸고 싶은데 이 엠블럼도 미트라를 사야하나요? 아니면 들고가도되나요?,https://www.inven.co.kr/board/maple/2300/357930
에픽던전 관련 질문입니다,강윤슬,2026-06-24 06:39,"챌섭 메린이입니다
260레벨때 에픽던전 하이마운틴을 해버려서
지금 274레벨을 찍었는데 이번주 앵컴을 못하게 되었습니다
내일 초기화 되기전에 하이마운틴 보너스 리워드라도 받는게 나을까요?
(1단계 경험치 + 솔 에르다)
경험치는 28퍼 오르고 솔 에르다는 4개 주네요",https://www.inven.co.kr/board/maple/2300/357929
챌섭 메린이 파풀마 대신 블빈마를 사버렸습니다..망한건가요?,강윤슬,2026-06-24 06:23,"어떤 유튜버(지@)를 보고 파풀마가 있는줄 모르고 블빈마를 사버렸습니다..
근데 다른 유튜버 들은 파풀마를 사라고 하더라고요 (물@@아,메@놈)
블빈마는 2억 메소 주고 샀는데 파풀마는 2억 초반대~3억에 거래 되었더라고요
가격차가 별차이가 안나는데
블빈마를 사버려서 너무 후회됩니다..
메린이 망한건가요?ㅠㅠ 파풀마로 다시 살까요?",https://www.inven.co.kr/board/maple/2300/357928
옥토퍼스 지우개,짜짝성,2026-06-24 03:15,이런 희귀템 요즘 팔려 형들?,https://www.inven.co.kr/board/maple/2300/357926
메린이 이러면 5주 제네 해방 가능함??,Funnn,2026-06-24 02:26,"이번주 시간 없어서 그런데
1주차 노말 검밑솔(진힐라x)
2주차 검밑솔 + 노말 진힐라
3주차 검밑솔 +검마 2인
4주차 검밑솔+ 검마 솔격
하면 5주차때 해방 가능함???",https://www.inven.co.kr/board/maple/2300/357925
여명셋 지금 많이 올랐나요? 템셋팅 알려주십쇼 ㅠㅠㅠ,흑발강해린,2026-06-24 01:58,"지금 여명 17성들이 가격이 많이 오른건가요?
뉴비라 아무것도 모르네요
최대한 효율적으로 돈을 쓰고 싶은데, 어떻게 하면 좋죠? 75억 정도 들고있습니다.
일주차에 검밑솔하는게 목표입니다.
평가 시원하게 부탁드립니다.
아래 템을 사려고 했습니다. 가격이 괜찮을까요? -------
에스텔라 이어링 int 9 6 : 5억
if +17성 : 12억
(5억에 사서 17성 주문서 사용)
가디언 엔젤 링 int 9 6 : 5억
if +17성 : 11억
(6억에 사서 17성 주문서 사용)
데이브레이크 펜던트 int 9 6 : 5억
if +17성: 10억
(17성 구매)
트와일라이트 마크 int 9 6 : 5억
if +17성: 10억
(17성 구매)
분노한 자쿰의 벨트 int 9 6 : 5억
if +17성 : 13억
(샤타포스때 17성 붙이기 or 그냥 구매?)
파풀라투스 마크 int 9 6 : 8억
if +17성 : 15억
(샤타포스때 17성 붙이기 or 그냥 구매?)
총합=5+5+10+10+5+8= 43억
------
하프 이어링 메획 : 16억
(16억 구매)
43 + 16 = 59억",https://www.inven.co.kr/board/maple/2300/357924
익몬 퀵패스 질문,,2026-06-24 01:29,매일 몬파 퀵패스로 7번 다했는데도 익몬 경험치가 안들어온거 같아서 익몬 경험치 들어왔는지 확인 방법 있을까요?,https://www.inven.co.kr/board/maple/2300/357921
뉴비 렌 이벤트링이랑 기타 등등 질문 있습니다,,2026-06-24 00:52,"1. 이벤트링 받는 순서가 원정대 -> 어웨이크 인가요? 그리고 잠재는 이벤트 큐브로 어느정도 맞춰야 하나요?
그리고 이벤링 목록 엄청 많은 선택권을 렌한테 써도 되나요?
2. 260까지 랩업 한번 당 VIP부스터 1개씩 쓰는건가요? 아님 그냥 일반몹만 잡나요?
3. 본캐가 4년전에 만든 210짜리 아델인데 렌으로 본캐 갈아타고 패스 다 사서 해방까지 해줘도 될까요?
체급 안좋아서 본캐로는 하지 말라는 말이 많아서 고민됩니다.
그리고 혹시 렌 전용 챌섭 가이드가 있을까요?? 찾아봐도 렌 전용은 안보이네요..",https://www.inven.co.kr/board/maple/2300/357920
선생님들 노말 윌도 못깨면 접는게 맞을까요?,Laksheme,2026-06-24 00:47,"3일째 도전 중인데 너무 못하네요 윌도 어려워서 못하는데, 다른 보스들도 힘들겠죠?",https://www.inven.co.kr/board/maple/2300/357919
요즘 오토 3줄 팔리나요?,어떤팀으로,2026-06-24 00:43,챌2섭인데 레잠 바르고 떳길래.. 팔리나해서요,https://www.inven.co.kr/board/maple/2300/357918
메이플 엠작,,2026-06-24 00:13,"엠작 하려구 하는데 처음하는거라서 캐시로 뭐사는게 가장 효율 좋을까요 현시점으로 ?
알려주시면 감사하겠습니다 ㅠㅠㅠ",https://www.inven.co.kr/board/maple/2300/357917
레테 헥사 스텟,투썸케이크,2026-06-23 23:58,"제가 헥사 스텟에 대해 잘 몰라서 그런데
헥사 스텟 능력치 뭐하면 되나요?",https://www.inven.co.kr/board/maple/2300/357916
메이린 헤어/성형 쿠폰,,2026-06-23 23:35,"메이린 노말 클리어 보상으로 받는 헤어/성형 쿠폰
제로 알파/베타 모두 적용 가능한가요?",https://www.inven.co.kr/board/maple/2300/357915
템셋팅 시기 질문입니다!,Yeongwan12,2026-06-23 23:21,"템셋팅 시기 질문입니다!
지금 보조는 샀고, 엠블은 애완미트라로 계속 돌릴 예정에 있고
장신구를 좀 맞추려고 하는데 일요일에 샤타를 할것같다는 얘기가 많아서 21성정도짜리 살거라
좀 기다리면 확실히 많이 싸질까요?
이번주에 보스를 좀 쌔게, 쉽게 가고싶어서 지금 사야될지.. 고민이네요",https://www.inven.co.kr/board/maple/2300/357914
친구랑 대화하다가 이유없이 채금걸려서 채금 조건 알려달라고 했는데 이거 맞냐??,이히히우히히,2026-06-23 22:41,"친구랑 대화하다가 갑자기 채금당해서
채금 기준을 상세하게 알려달라고 했더니
못 알려주겠다는데 이거 맞음...??",https://www.inven.co.kr/board/maple/2300/357912
검마 아케인포스 충족한데 반감이에요,,2026-06-23 22:34,"현재 아케인포스 1420인데 반감 받고 있어요
아케인포스 어디까지 올려야할까요?",https://www.inven.co.kr/board/maple/2300/357911
뉴비 솔 에르다 / 솔 에르다 조각 선택권 받을라 하는데 [답답함주의],스파이니,2026-06-23 21:39,"사진에서 보는바와 같이 7월2일 까지 써라고 해서 사라질게 두려워서 미리 받아둘려고 하는데
지인한테 솔에르다 랑 솔 에르다 조각 선택권 뭐 받아야 하냐? 물어보니
내 캐릭 스팩에 따라 결정 해라고 해서 주환산 사이트 가서 핵사 강화 순서 올리는거 보고 해라
하는데
쓰벌 내가 아는게 1도 없는데 알아서 해라는데 당장 이거만 봐도
코어 활성화가 안되는데 뭐 어쩌란건지 모르겠어
그래서 내가 코어 활성화 조차 안된다 하니까 다른 지인이
V메트릭스 코어 렙업 다 했냐? 물어보길레
내가 여기 있는거 ""전부"" 강화를 다 했냐 라고 물어보는건지
직업 코어에 있는걸 다 올렸냐? 는건지 강화코어를 다 올렸냐? 는 건지도 모르겠고
진짜 답답해 미치겠다",https://www.inven.co.kr/board/maple/2300/357909
챌섭 보통 리프 언제하나요?,메획,2026-06-23 21:16,"1차 리프기간이 7월 23부터던데
자석펫이 걸리더군요
본케에 자석있어서 굳이
자석 또사고싶진않은데
자석펫이 한달짜리주는지 몰랐어요 ㅠ
이참에 3석펫가야하는것인지
아님 7월에 리프열리자마자
옴겨야되는것인지... 고민입니다
해방할대까진 여기있는게맞겠죠...?",https://www.inven.co.kr/board/maple/2300/357907
레테보조2줄,,2026-06-23 21:16,마력21%랑 보공40%마9%나왔는데 뭘 골라야하나요?,https://www.inven.co.kr/board/maple/2300/357906
6 자석펫 질문,,2026-06-23 21:07,"6마리 할때 3마리 세트 후
아무거나 3마리 넣는걸로 아는데 이때 펫 장비 장착이 되나요?
공마가 있으면 공마까지 적용이 되나요?
적용 된다면 간단하게 펫 장비당 각 공마 45오른다고 치면
45x3=135
에서 추가로 또 4석 5석 6석 이 세트효과로
공마 15 15 30 증가 하니까 60
60 + 135 = 195
공마가 증가하는게 맞나요? ....",https://www.inven.co.kr/board/maple/2300/357905
익스우 2인팟 가려면 배율 몇정도 돼야하나요?,방울방울몬,2026-06-23 21:03,"너무 극최소컷 말고 어느정도 생존 신경쓰면서 했을때
두명 합쳐서 몇퍼정도 나와야할까요?",https://www.inven.co.kr/board/maple/2300/357904
뉴비챌섭 천천히할건데 지금템값 거품이죠?,각님,2026-06-23 21:03,"챌목표로 적당히 하려고 하는데 지금 템값거품이죠?
레전보조같은거 살까말까 고민중이라서요",https://www.inven.co.kr/board/maple/2300/357903
챌섭 장갑 살만한가요???,,2026-06-23 20:14,"아케인 18성 크주주 60억
에테 노작 크주주 50억
어떤서 사는게 좋을까요? 아니면 존버하고있다가 샤타포스 이런거 하는날에 사는게 좋을까요?ㅠㅠ",https://www.inven.co.kr/board/maple/2300/357902
챌섭 패스 질문드려요,,2026-06-23 20:00,"평소 재획 거의 안하는 성격인데, 챌섭 270찍고 나니까 너무 귀찮고 현타오는데
그냥 챌섭패스 사서 블농만 해도 거의 280찍히겠죠?
2만원으로 시간 산다 생각하면 개이득인거 같은데...",https://www.inven.co.kr/board/maple/2300/357901
드메,Achurus,2026-06-23 19:58,대충 드랍 200정도 맞출려면 몇억 필요할까요,https://www.inven.co.kr/board/maple/2300/357900
"환산주스텟에 보스표는 풀도핑, 노블기준인가요?",,2026-06-23 19:57,"하스데까지는 vip쿠폰만쓰고 잡긴했는데
진힐라 연모로 버프 다넣고 연습좀해봤는데 영 모자라 보이더라구요.
저기 표시되는 퍼센트는 어떤기준이지 궁금합니다",https://www.inven.co.kr/board/maple/2300/357899
메이플 입문 뉴비 유튜브 보고 따라오긴 했는데 템세팅 앞으로,Isssinod,2026-06-23 19:45,"안녕하세요
앞으로 뭐 해야하는지 감이 안 잡힙니다
위와 같은 템세팅으로 유튜브 보고 따라왔고 전투력
2200만 정도 나옵니다.
노말 진힐라까지는 한 3시간 패서 잡아서 지금 플래티넘에 와있는 상태인데요
앞으로 장신구를 바꾸라는 걸 들었는데, 한주한주마다 유니크 잠재 발라가면서 바꾸면 되는건지
뭐부터 우선순위를 둬야 하는지.. 사파이어 가려면 뭔가 스펙업을 해야할 것 같은데
좀 친절히 알려주실 분 계신가요??",https://www.inven.co.kr/board/maple/2300/357897
님들 진짜 너무 급해요 유입 뉴비 메린인데 질문좀 봐주세요 ㅜ,Quiety,2026-06-23 19:29,"챌1섭에 첫날부터 호영 키워왔는데 도저히 생각했던거랑 안맞고 재미가 없어서 255찍고 삭제했거든요.. 어차피 금방 올릴 수 있다고 생각해서
그래서 다른캐릭터를 키우려니까 아이템버닝이 안된다는데 이런상황이면 전 어떻게 해야할까요
존버하고 겨울에 시작해야할까요 맨땅에 투자할수잇는 돈도 적어서 너무 고민입니다 멘탈이 나가버렸습니다 ㅜ",https://www.inven.co.kr/board/maple/2300/357895
챌린저 목표인데 보조를 방공공 사면 별로일까요?,,2026-06-23 19:24,"직업은 팬텀입니다.
지금 보조가 비싸긴 해도 하나 사려는데 방무 껴져있을바엔 싸게 2줄 사는게 나을까요?",https://www.inven.co.kr/board/maple/2300/357893
하루2시간사냥이면 메획100맞추는게 좋을까요?,0hyosin0,2026-06-23 19:21,"어디선 3시간이상해야 효율나온다하고 어디선 1시간만넘기면효율나온다하고... 그냥 하프이어링이랑 안경으로 메획2줄짜리 2개사고
이벤링메획한줄뽑아서쓰려구요! 어떻게생각하시나요??",https://www.inven.co.kr/board/maple/2300/357891
드메템 미라클때 싸지나요?,량디슨,2026-06-23 19:04,이번주 일요일에 미라클 큐브 할수도 있다고 들었는데 그러면 드메템 싸지나요? 지금살지 일요일까지 보고 살지 고민 돼서 질문 드립니다!!!!!,https://www.inven.co.kr/board/maple/2300/357890
메린이 인데 챌섭 챌린저 노리고 있는데 템세팅 자본 어느정도 듬?,Funnn,2026-06-23 18:45,"유튜브에서 챌섭 12주 챌 공략, 챌섭 6주 챌 공략 이런거 보다보니까 메이플 열심히 해서 한 6~8주 기준으로 챌 달 생각 중인데 자본이 어느 정도 들어가야 되는거임??
코인샵 이런거 활용해서 무자본~저자본으로도 되는거임? 아님 자본을 꽤나 투자해야하면 어느정도 있어야함??
일단 패스 종류는 다 샀고 한 50억 메소 가까이 보유중임..",https://www.inven.co.kr/board/maple/2300/357888
20분화 되면서 쿨뚝 극딜 표 갖고계신분 있나용,신의돼지고기,2026-06-23 18:44,찾아보는데 안보여서 부탁드립니다..,https://www.inven.co.kr/board/maple/2300/357887
보스 재입장시 스킬 초기화 되는거 아니였나요..??,어쩔수엄네,2026-06-23 18:42,"갑자기 왜 안되지
조건같은게 있나요?",https://www.inven.co.kr/board/maple/2300/357886
야누스 20랩,,2026-06-23 18:37,이거 그냥 챌만찍어도 주는거임? 아니면 슈챌찍어야함?,https://www.inven.co.kr/board/maple/2300/357885
여명에 그냥 잠재발라도되나요?,,2026-06-23 18:26,"여명템에 유잠이랑 에디에잠 템주는거 못기다리겠는데
그냥 에잠에 에디잠 바르고 나중에 메소로 업글시키면 큰일나는건아니죠?",https://www.inven.co.kr/board/maple/2300/357884
장신구vs미트라,배기,2026-06-23 18:21,둘중 뭐 먼저 사는게 낫나요?,https://www.inven.co.kr/board/maple/2300/357883
본캐 배 가르려하는데,AgasaCrusty,2026-06-23 18:11,"시간이없어서 아버템사라진 본캐템정리하고 하려하는데
300억정도 나올것같습니다.
조듬 더 보태서 5줄 보마보조 사기 vs 다른대 더 투자하고 보조다운그레이드 하기 어떤게나을까요?",https://www.inven.co.kr/board/maple/2300/357882
지금 템사기엔 너무 비싼가요?,배기,2026-06-23 18:04,지금 템사기엔 너무 비싼가요?,https://www.inven.co.kr/board/maple/2300/357881
뉴비 레테 vs 렌 vs 보마,스톤천사,2026-06-23 17:22,"안녕하세요
아무것도 모르는 뉴비입니다 이제 메이플 깔고 캐릭 만들어야해요
기본적으로 첫 캐릭으로 보마랑 렌 많이 추천해주시던데요
이번에 레테가 나와서 이거 보고 메이플 시작 하려고 하거든요
신 캐릭이라서 게시판 공략 보면 언급이 없네요
레테는 어떤가요??
그냥 완전 쌩뉴비는
레테 렌 보마
뭐가 나을까요? 선배님들 조언 부탁드립니다.",https://www.inven.co.kr/board/maple/2300/357879
제로는 스토리를 깨야하나용 ?,,2026-06-23 17:03,"와이프랑 같이 시작했는데
와이프는 우측하단에 스토리라는 버튼이 안뜨는데..
저는(제로) 계속 우측하단에 큰 버튼으로 스토리라고 번쩍번쩍 뜨더라고용..
제로는 이걸 다 밀어야하는건가여  ㅠㅠ",https://www.inven.co.kr/board/maple/2300/357878
메린이 500억 정도 템세팅 질문좀용 행님덜,냠냠이느,2026-06-23 16:15,"안녕하세요
첼섭 유입 뉴비인데 렌이고 현제 투력 1800만 자석펫 3개 다 있고 기본 이벤트 템들 끼고 있습니다.
여기서 500억 정도 투자해서 템살려고 하는데 검색해서 찾아보니까 장신구 18둘둘 또는 보조 엠블 투자로 나뉘는거 같은데 어찌하는게 좋을까요.
꾸준히 투자할 계획입니다.",https://www.inven.co.kr/board/maple/2300/357876
챌섭 2인 검밑 투력 아시는분?,딸뚱이,2026-06-23 16:09,"이번에 지인과 같이 챌섭 시작했어요
컨은 둘다 평균정도 되는 것 같아요
일단 검밑솔 부터 같이 해보려고 하는데 레벨 270, 274
투력 2천만(1.6) , 2천 700만(2.0) 정도입니다
계속 사냥과 보스돌면서 스펙업 하고 있는데
투력과 헥환이 얼마나 되야 괜찮게 잡을까요?",https://www.inven.co.kr/board/maple/2300/357875
게임런처 로그인 관려질문,ll쵸코푸딩ll,2026-06-23 16:07,요새 그리고 직전 챌섭이 너무 자주 튕깁니다 그래서 게임런처로 로그인 할려고하는데 제가 구글계정로그인이거든요 구글계정로그인도 게임런처 로그인 할 수 있는 방법 있나요?,https://www.inven.co.kr/board/maple/2300/357874
설렁설렁 찍먹해보려고하는데 제네시스패스 살까요?,궈닝,2026-06-23 15:49,"옛날에 검은마법사 최종일때 좀 했었는데 검은마법사는 못잡아보고 진힐라는 파티로 잡아보긴함
이번에 그냥 무과금으로 설렁설렁 일단 맛만보려고합니다
제네시스패스가 대박혜자 누칼협이라고 들었는데
뉴비가 무과금으로 설렁설렁 해도 이거 제네시스 해방해서 패스 뽕 뽑을수있나요
히어로랑 캡틴중에 하나 키울생각이고 웬만하면 솔플지향이긴합니다",https://www.inven.co.kr/board/maple/2300/357873
복귀메린이. 템셋팅 방향성좀 알려주세요,루닐,2026-06-23 15:37,"키노세이 - 메이플 캐릭터 정보 | 츄츄지지
먼미래지만 최종목표는 10칠흑 2여명 8에테 입니다. 아마 몇년은봐야해요
그 몇년동안 제대로되게 낄것이 필요한데.   18성 18퍼급 4여명, 벨트는 몽벨 이렇게 가고싶습니다
무기는 해방무기 어떻게든 잘띠워보고., 보조,엠블은 쌍레5줄 종결로 관세아깝지만 좀 싸지면 이두개만이라도 사놓으려고요. 자본은지금 800억인가 남은거가탕요",https://www.inven.co.kr/board/maple/2300/357872
헥사 떡작 질문,전구반짝,2026-06-23 15:12,"메인부터 8 10 2
이렇게 인데 딱히 신경 안쓰고 계속 써도 되겠죠?",https://www.inven.co.kr/board/maple/2300/357871
여제의 축복 미하일한테는 적용안되나요?,nonoqhdl,2026-06-23 15:06,"챌섭 레테키우는중인데. 여축때문에
미하일 120찍고 고귀한 정신6랩찍었는데.
레테는 여축 30인데. 미하일은 여축이 0으로 뜨네요",https://www.inven.co.kr/board/maple/2300/357870
제네패 검마흔적도 소급적용되나요?,땅콩크림12,2026-06-23 15:04,6월 마지막주 검마 -> 7월 1일에 패스구매하면 흔적 소급적용이 되나요?,https://www.inven.co.kr/board/maple/2300/357869
챌섭 일일보스 필수인가요?,,2026-06-23 15:03,"길드 가입은 했는데 기보 가는 사람들이 없어요
혼자서 일일보스 매일 도는게 좋나요??
메이플 처음 해보는 무자본 무과금 유저입니다",https://www.inven.co.kr/board/maple/2300/357868
칠흑장신구,,2026-06-23 14:53,방어구 에테18성레에에 아케인18성유에맞췄는데 장신구는 어떤거부터 맞추나요? 미트라 있어요,https://www.inven.co.kr/board/maple/2300/357867
아이템버닝 최대로 땡기면 언제 22성다나요?,,2026-06-23 14:05,현재 챌섭 이적자까지는 잡았는데 노말진힐라에서 막혀있어서 다음주에는 어디까지 뚫을수있는지 계산하는법좀...,https://www.inven.co.kr/board/maple/2300/357865
어센트는 1렙은 찍어주나요?,아무고톰,2026-06-23 13:38,아니면 환산주스텟대로 따라가다가 여나요?환산주스텟 보니 저 뒤에 있어서 여쭤봅니다,https://www.inven.co.kr/board/maple/2300/357864
1500억 템셋팅,,2026-06-23 13:37,"챌섭에서 시작할거고
9.0~9.5만 정도 목표 한다면 1500억으로 장비 어떻게 꾸릴 수 있을까요?",https://www.inven.co.kr/board/maple/2300/357863
안녕하세요 한 3년전에 잠깐 거의 무자본으로했던 유저인데요,이거는뭐우,2026-06-23 13:13,"이번 첼섭에서 주는보상들 포기하고 본캐바꾸는게 좋을지 기존 본캐 메인으로하는게 좋을지 너무 판단이 안서서 질문드려요 ㅠㅠ
가장 효율적인 방법이 뭐가 있을까요??
유니온 7200 메린이입니당
더 보고 판단해야될게 있으면 말씀해주시면 감사하겠습니다!
템은 접을때 다팔아서 없는상태에요",https://www.inven.co.kr/board/maple/2300/357862
선배님들 인생망한 뉴비 제로 육성 궁금합니다..,,2026-06-23 13:13,"안녕하세요. 선배님들
메이플을 인생처음하는 뉴비입니다.
제로로 시작했는데 제로는 아이템버닝이 안되더라고요 ㅠ..
그래서 벨름을 못잡아가지고 스타포스 강화를 해야한다길래 메소도 얻을겸
캐시샵보다보니 자석펫을 3%확률로 주는 혜자 가챠가 있어서 삿는데
알고보니 .. 이거자체가 뽑기가 아니고 무슨 또 다른 펫 두개를 합치는 재료더라고요 흑흑
그래서 망했다 싶어서 또 꺼먼색 펫 뽑는 가챠를 사서 돌렷는데 결국
요상한 펫들만 잔뜩 쌓였습니다 ㅋㅋ
암튼 그래가꼬요.. 그.. 부산물들 팔고나니까
30만원써서 30억정도 생긴 대참사가 일어났는데
혹시 30억정도로 살만한 장비같은게 있을까용 너무 약하네용
다소 요약 :
1. 캐시샵에서 뻘짓해서 돈날림
2. 부산물로 30억정도 생겼는데 경매장에서 사면 플레이가 조금 편해지는 아이템(장비) 있나여 ?",https://www.inven.co.kr/board/maple/2300/357861
피시방보상 이벤트기간 끝나기전에만 수령하면 되는거죠?,거제리불빠따,2026-06-23 13:00,"이거 보면 이벤트기간이 6월19일부터 7월23일까진데
미리 60시간 채워놓고 받기버튼 누르는건 7월23일안에 아무때나 누르기 가능한거죠?",https://www.inven.co.kr/board/maple/2300/357860
메린이 질문,,2026-06-23 12:44,"이번에 챌섭으로 유입된 메린이 입니다.
현재 카인 272 까지 키우고 열심히 하고있는데요
레테도 키우고 싶어서 일단 테라버닝으로 챌섭에서 200을 찍어놨습니다.
260까지 키우는데 많이 오래걸릴까요?
260까지 키운다고 해도 장비를 안줘서
이벤트 링도 하나도 없고 장비도 150짜리 장비끼고 있어서 세팅은 어캐해야 하는지 궁금합니다",https://www.inven.co.kr/board/maple/2300/357859
뉴비 메린이 질문있어요! (달성비약 관련),샤샤르베,2026-06-23 12:43,"궁금한게 있는데요!
챌린저스 달성으로 받는 달성의비약은 1레벨 캐릭터가 사용하면 200레벨이 바로 되는건가요???
월드 내 나의 캐릭터간 이동만 가능하다는데
아래 보면 챌린저스 월드에서는 사용할 수 없다고 하는데 챌린저스에서 달성의 비약을 받은 다음 다른서버로 옮길 수 있는건가요??
옮길 수 있다면 방법이 어떻게되나요?? 유튜브에서 찾아봐도 관련된 글이 없어서 물어봅니다 ㅠㅠ",https://www.inven.co.kr/board/maple/2300/357858
챌섭 뉴비 키보드,마장동자취남,2026-06-23 12:17,"이번 챌섭으로 시작하게된 뉴비인데요,
시작 한 김에 키보드 새로 하나 장만하려고 알아보던중
프리플로우 아콘M1 Pro2 라는 키보드가 가장 추천하시는 분이 많길래 유튜브에 검색해보았더니
다음 사진과 같은 기능이 있다고 하네요
연계나 캔슬이 필요한 직업들이 이 기능을 사용해서 더 수월하게 플레이를 하게된다면
혹시 정지사유에 해당하는지 알고싶습니다",https://www.inven.co.kr/board/maple/2300/357856
뉴비 질문점,윤홍콩게이바,2026-06-23 11:35,"이번 챌섭 뉴비인데
레드달고 메제 다 채웠음 그럼 이제 뭐함?
부캐 키워도 되요?",https://www.inven.co.kr/board/maple/2300/357854
뉴비 사냥중인데,스파이니,2026-06-23 11:34,"현재 레벨은 266이고 몬파 일일 돌고 메이플 로드꺼 보고
자동차 극장3 에서 3배쿠폰 하나씩 써가면서 사냥 하는데 사냥속도가 느리게 느껴지는게
정상인거야? 지금 현재 현질한게 웰컴 패키지랑 챌린저스 exp 패스랑 이게 전부야",https://www.inven.co.kr/board/maple/2300/357853
메린이 주문서 작 조언 부탁합니다.,,2026-06-23 11:13,"챌썹 중 주문서 작 할거 궁금합니다. 리프 이후도 미리 조언좀.
소과금이라 챌썹중엔 아버템 빼고 17성악세만 만들거 같아요.
무기 - 아버 쓰다가 해방하면 해방무기 15%작?
방어구 - 3에테4케인 30%작 (리프이후)
하트 - 30퍼 쓰다가 리프 후 매지컬(맞을까요?)
악세 - 4여명 + 보스장신구 <- 얘가 젤 고민인데, 놀긍떡작 or 프악공?
코인은 옵션뽑느라 큐브사는데 많이 쓸거같긴한데, 놀긍떡작이랑 프악공 두개 수치나 장단점이 뭘까요?
반반 섞는다 하면, 프악공을 4여명에 바를까요, 보장에 바를까요?
샤타 전에 작을 좀 해놓으려고 조언구합니다!
추가로 야누스때문에 챌린저를 찍고싶은데, 17성 악세(레유 15% 18%급), 보조+엠블럼(레전2줄) 정도면 가능할까요? 보스는 일단 진힐라에서 막혀있는데 ㅠㅠ. 도와주십셔
감사합니다.",https://www.inven.co.kr/board/maple/2300/357852
챌섭 조각 판매 강화,승듀,2026-06-23 11:03,"챌섭 챌린저 노리면 조각 총 몇개치정도 강화하면 좋을까요?
사냥으로 들어오는 조각은 전부 모아서 강화할까요 팔아서 여명맞추는게 나을까요?
12주 여유있게 해보려고 합니다",https://www.inven.co.kr/board/maple/2300/357851
검밑솔 주보캐 어센틱9렙 >1렙 낮추고 강화코어 주는게 좀더 쌜까요?,불량쫀디기,2026-06-23 10:57,"인던 시간 줄어들면서 어센틱 스킬 데미지도 줄었잖습니까 형님들
검밑솔 캐릭 어센틱9렙 찍어준거 초기화권 준거로 1렙만 주고
강화코어 1개씩 찍어주는게 딜이 좀더 나올까요
검밑솔 시간 조금이라도 좀 줄여보고 싶어셔 여쭤봅니다",https://www.inven.co.kr/board/maple/2300/357850
집피방 하면 걸리나요??,곤봉찜질,2026-06-23 10:16,"Pc방 가서 하기엔 귀찮고 유튜브 보는것도 힘들어서 검색해보니 집피방이라고 나오던데 싸고 괜찮아서 잘때 잠수 태워 놓으면 딱일것 같은데
해보신분들 이런 프로그램 쓰면 바로 걸려서 정지 먹나요??",https://www.inven.co.kr/board/maple/2300/357847
오디움 간헐적 렉 경험 있으신분?,Poketxx,2026-06-23 10:03,처음에는 괜찮은데 접속 후 40분정도 지난 시점부터는 오디움 전 지역에서만 렉이 생기는데 혹시 같은 현상 겪고 해결하신 분이 있을까요?,https://www.inven.co.kr/board/maple/2300/357846
MVP 레드 유지하려면 결국 12주간 150을 써야하죠?,낭큼,2026-06-23 09:58,아 지금은 챌썹 달린다고 했다가 추후 떨어젔을 때 유지비용이 무서운데 고민이네요,https://www.inven.co.kr/board/maple/2300/357845
챌린이 미래관련 질문,개똥벌,2026-06-23 09:33,"현재 라떼 274로 나름 열심히 달리고있는 챌2 챌린이입니당
저는 미래 생각에 레잠,17성 사용을 고민중인데요
4여명을 올릴때 내 이벤샵17성+에잠을 사용해서 진입할지,
나중에 모자,상의,하의 등등 사라지는 템들이기때문에 이쪽 장비에 투자를해야할지
너무 헷갈립니다. (장비쪽은 나중에 보스로 돈을모아서 갈아타는건가용?)
아, 일단 보장엠블은 유니크 유효1~2줄 상태입니다.
대부분 챌섭 여러번 해본분들은 어떤식으로 루트를 진행하시나요?",https://www.inven.co.kr/board/maple/2300/357844
지금 도적 에테 가격 어떤가요?,호영애호가,2026-06-23 09:15,"본섭 18성 에테 모자 상의 하의 사려고 하는데
시세를 잘 몰라서 질문드립니다
도적 18 에테 모자 레에 윗잠 3줄 아랫잠 1.5~2줄
18 에테 상의/하의 레에 윗잠 2줄 아랫잠 1.5~2줄 급
(하의는 가횟이 1이긴 합니다)
부위당 60억 언저리면 살 만한가요? 언제가 가장 가격이 쌀까요?",https://www.inven.co.kr/board/maple/2300/357843
진 패키지,밥통구,2026-06-23 09:15,"챌섭 열리기 전에 본섭에 진 전투복 패키지 1개 사놨었는데요. 이거 지금 파는게 나은건가요??
사실 소장용으로 가지고 있고 싶었는데 가격이 꽤 나가는거 같아서요. 팔면 챌섭 템 맞추는데 쏠쏠할거 같기도 해서 고민입니다",https://www.inven.co.kr/board/maple/2300/357842
뉴비 가엔링 1.2 주고 샀는데 잘 산건가요?,Como90,2026-06-23 09:07,이제 여기에 여명? 으로 바꾸면 될까요?,https://www.inven.co.kr/board/maple/2300/357841
"챌썹 숙제가 일100마리 , 몬팤 2회가 끝인가요?",춤추는곰탱이,2026-06-23 09:03,"지금 챌썹 첫주차 하스데까지했고 272까지 찍고 챌패스 4만마리도 다 잡은상태인데 수요일까지 그냥 심볼 일일퀘랑 몬팤2회씩이 숙제가 끝일까요?
직장인이라 사냥은 주말에만합니다",https://www.inven.co.kr/board/maple/2300/357840
검마 배율78퍼 2인 빡셀려나요?,,2026-06-23 08:41,시즌3 유입이고 컨트롤 자신은 없는데 2인빡셀려나요?,https://www.inven.co.kr/board/maple/2300/357838
찐뉴비 질문있습니당ㅠ,블쏘거거,2026-06-23 08:22,"이제 272 레테 처음메이플하는 유저입니다
전투력은 1600만정도되구요~
패스는 다구매한상태입니다~!
유튜브보면서 열심히따라가고있는데 궁금점이생겨서요~
챌린저까지는 해보고싶은데
현재보스는 카이까지잡았는데요
현스팩으론 어디까지잡을수있나요?
또한 앞으로 스팩업우선순위가궁금해요!
마지막으로 메소를 외부에서구매하시던데
챌린저스서버도 가능한가요?
구매한다면(40-50투자생각잇음)
우선순위궁금합니당
답변감사합니다!!",https://www.inven.co.kr/board/maple/2300/357837
개초보뉴비 챌린저하고싶습니다 길을알려주세요,,2026-06-23 07:30,"지금 길라잡이 보스컨텐츠 순서 기준
실제로는 노말루시드 / 이지 윌 잡았고
연습모드로 노말루시드 노말 윌까지 싹 다 잡았습니다 + 노말카이
옛날에 마지막으로 잡았던게 카루타가 끝이고
나머지는 영상보면서 패턴보고 다 맞으면서 겨우 깼습니다.
그래서 뭔가 레이드가 재밌게 느껴져서
현재 제네시스패스+스타터팩?만원짜리 구매 했고
챌섭 끝날때까지 챌린저를 찍고 제네시스 해방? 이거 패스끝까지는 해보고싶은데요
1. 제네시스 하드 메이린부터 진힐라 하드, 카오스 더스크랑 하드 듄캘까지 다 잡아야하는건가요?
(초보기준 다 깰수 있을까요??)
2. 추가적으로 구매해야하는 상품이 뭔지 궁금합니다 (사냥은 하지만 초보라 뭔가 다른 사람보다 렙업이 느린느낌)
2-1. 제네시스패스plus는 구매가 왜 안되는건가요?
2-2. 챌린저스패스는 exp랑 프리미엄까지 사야하나요?
2-3. 에픽던전 메포로 구매하는거 경험치가 많이주던데 매주 사면 좋나요? lv1 ,lv2 효율이 나오나요?
3. 장비템이나 메소를 사야한다면 우선순위가 궁금합니다
4. 챌섭도 첨이고 메이플도 너무 오래전에 해서 우선순위가 뭔지 하나도 모르겠습니다.
무조건 레벨만 올려서 점수 뻥튀기 먼저 해야하나요?
밑은 제 현재상태입니다
20일에 시작했고 레벨은 266입니다
영상 막 다 찾아보고 따라가긴 했는데
남들은 다 사파이어 골드 이런것같아서
뭐가 잘못 된건가 싶네요",https://www.inven.co.kr/board/maple/2300/357836
시그 핑빈 길뚫,메획,2026-06-23 07:17,"선행퀘 각각 있는데 직접해야대나요?
계정 두개있는데 둘다 챌섭키우는데
하나는 시그 핑빈 다 뚫려있고
하나는 선행퀘 요구하네요
뭐지 버근가..",https://www.inven.co.kr/board/maple/2300/357835
메린이 심볼,투썸케이크,2026-06-23 03:34,"현재 수중에 있는 돈은 죄다 아케인 심볼 렙업하고 있는데 잘하고 있는 건가요?
하루에 사냥이랑 채집 1시간씩 6천~8천 메소 벌어서 스펙업 목적으로 3레벨정도 업글하고 있어요",https://www.inven.co.kr/board/maple/2300/357833
심볼 선택권 질문입니다,,2026-06-23 03:27,"혹시 심볼 교환권 준거 아케인심볼에 주는게 좋나요?
보스 생각안하고 준거 다 어센틱 교환해버려서 ..",https://www.inven.co.kr/board/maple/2300/357832
카레잠 질문있습니다,마렛트,2026-06-23 03:03,"엔버라서 카레잠 보조에 쓰려는데 더 좋은 사용처가 혹시 있을까요?
보조가 교불이다보니 어차피 못사먹어서 카레잠 바를까했는데 보니까 다들 미트라랑 다른곳에 바르는거 같아 질문드립니다!",https://www.inven.co.kr/board/maple/2300/357830
질문) 경매장에서 파는 페어리로이드 창고 이동 될까요?,아크귀,2026-06-23 02:25,"검색해봐도 모르겠어서 질문 남깁니다ㅠㅠ
창고이동 안된다면 가위 사용 가능한지 궁금해요..",https://www.inven.co.kr/board/maple/2300/357829
듀얼블레이드 세트 가지고계신분 수소문해봅니다,한끌,2026-06-23 01:52,모험가말고 옛날매물이라 사고싶은데 너무탐나네요 지금 메소가있는것도아니지만 혹여나 생기게된다면 파시는분이랑 연락이라도닿고싶습니다 저는 진짜 완전한 듀얼블레이드가 되고싶은데 꿈을 이뤄주실분없나요,https://www.inven.co.kr/board/maple/2300/357828
챌섭 이벤링 메획 두줄,,2026-06-23 01:49,"진심부캐긴 하지만 사냥은 잘 안할것같은데
매획두줄이 의미있을까요..? 돌려야할지 고민입니다",https://www.inven.co.kr/board/maple/2300/357827
메린이 15억 템셋 추천해줄 수 있는 사람?,귀여운늅늅이,2026-06-23 01:36,15억 정도 있는데 이금 템셋에서 뭐 바꾸는게 제일 좋음?,https://www.inven.co.kr/board/maple/2300/357825
금은동 펫 효과랑 이번 파란w 애들 세트 효과랑 같나요? (치치등등),꿈이있는메린,2026-06-23 01:12,금은동 펫 효과랑 이번 파란w 애들 세트 효과랑 같나요? (치치등등),https://www.inven.co.kr/board/maple/2300/357824
하버,Qwqqq,2026-06-23 01:08,저번 찰섭 중간에 준 하버부스터 아버까지 줬었나요??,https://www.inven.co.kr/board/maple/2300/357823
검마 2인 기준 환산 몇이어야하나요?,응애밥,2026-06-23 00:58,핵환 몇이어야 2인 될까요?,https://www.inven.co.kr/board/maple/2300/357822
중고뉴비 챌섭 복귀유저 직업고민 아란 VS 레테,딘대리,2026-06-23 00:46,"처음에 레테이상하다고해서 아란하려고했는데
패치하고나서 어떰
신직업 보상주는것도 무시못할꺼같아서
아란 레테 추천점",https://www.inven.co.kr/board/maple/2300/357821
보조에 메멘토바르고 카르마큐브 발리나용?,Scoo,2026-06-23 00:46,교가보조에 메멘토 바르면 30일 교불되면 그상태에서 카르마큐브나 잠재같은거 발리나용?,https://www.inven.co.kr/board/maple/2300/357820
친구가 이번에 챌섭 처음시작하는데 이새끼가 챌4섭에 생성했습니다,,2026-06-23 00:33,"친구 한명이 이번에 메이플 해보고 싶다해서 챌 1섭에 캐릭터 생성해놓으랬는데
챌4섭에 생성하고
하버주고 5차전직까지 했더라구요.. 일단 계정 탈퇴하라고는 했는데
가장 빨리 다시 계정하고 캐릭터 생성하고
챌섭 시작할수있는 방법 없을까요..?",https://www.inven.co.kr/board/maple/2300/357818
뉴비 질문이 있어요!,샤샤르베,2026-06-23 00:08,"260에서 첼린저스 하면서 천천히 패스만 사서 하려했는데요!
컨이 많이 안좋다보니  템이라도 조금 맞춰서 해주는게 좋다고 생각이 들어서요!!
질문은
1. 악세정도 18포스 레전 잠재  에디 유니크 이상 유효 옵션2개씩 달려있는거 저렴한거 사서 맞춰서 하면
게임의 재미가 많이 감소 되려나요??
2. 그리고 위의 기준 템들 50억이상 템들이 팔때는 다시 잘 팔릴까요??
원래 천천히 하려고 했는데 아재 카데나라 보스가 다른 직업에 비해 너무 힘들거 같아서 조금은 맞춰서 하는게 나을가 싶어 고민입니다!",https://www.inven.co.kr/board/maple/2300/357817
챌섭 이벤링 메획세팅하면 보스용으로 다른반지 맞춰야 하나요?,량디슨,2026-06-22 23:53,안녕하세요 드메 세팅 해보고싶어서 알아봤는데 이번 챌섭에서 레전드리 이벤트링 4개를 얻을수 있잖아요? 이거 4개다 드메세팅 하면 보스용으로 반지를 따로 맞춰야하는거죠? 그럼 9보장 2여명 셋팅 하면 될까요?,https://www.inven.co.kr/board/maple/2300/357816
지금 여명레유18성 사서맞추는건 비추인가요?,0hyosin0,2026-06-22 23:49,"다 가격이 올라서 거품심하다고하길래...직업은 도적인데 보니까
30억에서40억정도면 살수있더라구요 지금사도 괜찮을까요? 아니면 유에 둘둘로맞추고 미라클노리는게 맞을까요?",https://www.inven.co.kr/board/maple/2300/357815
MVP레드 질문입니다.,영월령,2026-06-22 23:39,"MVP레드만드려는데 질문있습니다.
보통 레드작할때 50,50,50 세달에걸쳐지르거나 한번에 150지르는데
혹시 다이아90으로 찍고 , 이후 다음달에 60질러도  레드달수있나요?
그리고 이경우에 세번째달부터 다섯번째달까지
얼마씩질러야 레드를 유지할수있을까요??
메이플이처음이라 도움주시면 감사하겠습니다:)",https://www.inven.co.kr/board/maple/2300/357814
복귀 유저 템셋팅 방향성 질문 있습니다,리수니,2026-06-22 23:06,"이번에 챌섭에서 새로 본캐로 비숍 키우고 있는데 목표는 9만~10만 입니다
미트라 마마방/마마 보조도 보보마/마마 먼저 구매 구매했습니다
매달 30씩만 써서 완재템을 천천히 하나씩 맞춰 나갈려고 하는데 4에테 4아케인 4마이 세팅을 해보고 싶어서 마숄 좋은 매물에 못 구하면 너무 별로일까요? 마숄 인트 27퍼 에디 두줄 하나 밖에 없는것 같던데... 150억 아니면 23성 30퍼 에디 3줄 250억
아니면 3에테5앜을 가는게 더 가성비 일까요? 칠흑도 7셋에서 9셋 까지도 맞춰보고 싶은데 ㅎㅎ
칠흑도 22성에 쌍레 5줄은 챙겨야겠죠? 못해도 레유 5줄
작년에는 렌으로 지인한테 마숄 빌려서 6만 정도 까지 갔다가 접었는데 이번에도 특이하게 템셋팅 해보고
싶어서요. 444 세팅 갈만할까요?",https://www.inven.co.kr/board/maple/2300/357812
코디템 정보좀 알려주실 수 있을까요!,블링크,2026-06-22 23:01,"귀랑 꼬리는 시호세트인것 같은데
의상이랑 헤어 성형 신발 정보좀 알려주시면 감사드립니다 ㅠㅠ",https://www.inven.co.kr/board/maple/2300/357811
드메사려는데 챌섭전에 얼마였나여?,할말잃음요,2026-06-22 23:00,"오랜만에와서 기억이 안나는데 좀 마니비싼거같아서
직업얼장 70억 눈귀목반 50-60억 하는데 원래 얼마였는지 알려주실분..",https://www.inven.co.kr/board/maple/2300/357810
스펙업 사이트,양덕동,2026-06-22 22:57,"고수님들 환산주스탯에서 스펙업 순서보면 심볼 업이 우선순위던데 템셋팅보다는 아케인 심볼 20렙 메소 투자해서 찍는게 더 빠른 스펙업이라고 보면되나요?
환산주스탯처럼 스펙업 방향 알려주는 도움되는 사이트들 있을까요?",https://www.inven.co.kr/board/maple/2300/357809
질문 여러개 있어요!,,2026-06-22 22:49,"1. 닉네임 옥션 2차 패치에 나오나요?
2. 몬파 경험치는 퀘스트로 바뀌면서 서버당 1캐릭만 변경된건가요?",https://www.inven.co.kr/board/maple/2300/357808
선생님들 떡작 이렇게 완성됐으면 어떤가요?,,2026-06-22 22:48,"3 / 0 / 0 으로 스타트해서 좋아했는데 이후 3 / 7 / 10 으로 끝났네요 메인스탯이 잘 떠야 되는걸로 아는데 넘 망했나요?
그리고 540? 조각 들고 시작했는데 어느새보니깐 부족해서 더 구매해서 끝냈네요
1번째 칸보다 넘 많이 드는데  3번째는 얼마정도 더 드나요?",https://www.inven.co.kr/board/maple/2300/357807
안녕하세요 오늘 다시 시작하는 메린이입니다,풀맛프링글스,2026-06-22 22:44,"안녕하세요 제가 3년전에 아크로 200찍고 다시 시작하는 메린이입니다. 오늘 직업 선택하려는데 아크,아델,키네시스,호영 중에서 성능픽으로 암거나 골라주세요 형들",https://www.inven.co.kr/board/maple/2300/357805
안녕하세요! 뉴비 질문 있어요!,샤샤르베,2026-06-22 22:34,"첼섭에서 카데나(아제나) 하는 뉴비인데요!!
전투력은 620만 정도 이고 컨을 못해서도 있겠지만 노말 루시드 1페이즈를 계속 못넘겨서요 ㅠㅠ
부족한 컨트롤을 템으로 조금 매꾸고 싶은데
아주 조금의 과금으로 50~100억 경매장에서 사서 챌린저 보스에 도움될만한 템이 있을까요??
추천좀 부탁드려요 ㅠㅠ",https://www.inven.co.kr/board/maple/2300/357804
챌섭코인과 이벤트코인,Solo비터,2026-06-22 22:32,이벤트 끝날때까지 참여한다면 이벤트 코인 최대 얼마얻는지와 챌섭은 285 다이아에 검밑솔까지 잡는다면 몇코인얻는지 아시는분있나요?,https://www.inven.co.kr/board/maple/2300/357803
이번 코인샵은 데미지스킨 없나요??,Como90,2026-06-22 22:28,찾아봐도 안보여요 ㅜ,https://www.inven.co.kr/board/maple/2300/357802
메린이 장신구 템세팅좀 도와주세요ㅜ ㅠ,마끼내,2026-06-22 22:18,"여명이랑 보장 몇개씩 무슨 종류로 해야하는게 좋을까요? 칠흑은 당장 생각 없어서..
예를들면 2여명(가엔링, 데이브레이크) n보장
이런식으로... 유튜브 아무리 찾아도 이런식으로는 알려주지 않아서 헷갈려요ㅜ ㅠ",https://www.inven.co.kr/board/maple/2300/357801
"길드 25렙,200명 확장 이후에 기보 돌 필요 생겼나요?",,2026-06-22 22:18,"예전엔 25렙,200명 확장 다 하면 기보 돌라고 안 하던데,
지인 길드 보니 기보 계속 돌라고 길마가 시킨다던데 뭐가 바뀐걸까요? 제가 지금 밖이라 길드 포인트 소모처 확인이 어렵네요..",https://www.inven.co.kr/board/maple/2300/357800
