,videoId,text,likeCount,published
0,oHLCAyjxywA,굳굳 1빠 잘보고있습니당,0,2026-08-11T05:06:59Z
1,oHLCAyjxywA,맑음님은 몇채널인지 공개하라 공개하라 !!!,2,2026-08-11T11:49:27Z
2,oHLCAyjxywA,다음 신규 보스 추가되면 수익 어떨지 궁금하네요!,0,2026-08-11T07:09:52Z
3,oHLCAyjxywA,달에 약 240만원정도 벌기 위해 총 큰 거 몇장정도 썼을려나 궁금하다,1,2026-08-11T06:47:48Z
4,oHLCAyjxywA,맑음님 정도 스팩 이면 상위 10위권 되나? 퍼클 에도 여러번 이름 올리니까,0,2026-08-11T07:45:21Z
5,oHLCAyjxywA,보스로만 번거지요? ㄷㄷ,0,2026-08-11T05:14:23Z
6,oHLCAyjxywA,에픽빔 ㅈㄴ 잘뜨네,0,2026-08-11T05:18:34Z
7,oHLCAyjxywA,림보 발드가 칠흑 꿀통이네,0,2026-08-11T08:47:12Z
8,oHLCAyjxywA,@01:34 맑음님 이름은 지훈,1,2026-08-11T14:50:51Z
9,oHLCAyjxywA,내가잡는 림흉발은 노멀인가? 진짜 에픽빔 절대없던데 여긴 무슨 매주뜨네,0,2026-08-11T07:56:06Z
10,oHLCAyjxywA,또 나만 안뜨지 에픽빔…,0,2026-08-11T12:22:17Z
11,oHLCAyjxywA,부거줄,0,2026-08-11T08:11:33Z
12,oHLCAyjxywA,근데 1주차 결정이 196억인데 칠흑이랑 이거저거 합쳐서 204억인건가여..?,0,2026-08-11T05:18:43Z
13,oHLCAyjxywA,1133억을 현실돈으로 치면 230만원이 넘네요 최저시급보다 더 높네요,1,2026-08-11T05:09:42Z
14,oHLCAyjxywA,다음주 벨로나인데 상위권 유저분들은 보스 잡을때 듄더진 라인에서 하나 버려야 할거같긴 한데 말이죠 참,3,2026-08-11T07:09:15Z
15,oHLCAyjxywA,브금이 너무 큰거같은데 나만 그런가..,0,2026-08-11T11:21:59Z
16,oHLCAyjxywA,와 나 노말메이린에서 칠흑상자떳는데 확률 극악이엇구나ㅋㅋㅋ,0,2026-08-11T06:11:53Z
17,6nCTgra84_8,영상 짧아서 공연영상 넣은 맑음은 개추,111,2026-08-09T03:09:34Z
18,6nCTgra84_8,재빠른 정보 ㄷㄷ,1,2026-08-09T03:05:38Z
19,6nCTgra84_8,굿굿,3,2026-08-09T03:05:44Z
20,6nCTgra84_8,오늘은 앞쪽이 피아노 브금 머야!!,0,2026-08-09T22:57:10Z
21,6nCTgra84_8,이번 달 라방도 반응 궁금한 메숭이들은 개추~,2,2026-08-10T06:20:39Z
22,6nCTgra84_8,벨로나 지리네 ㄷㄷ,1,2026-08-09T07:52:00Z
23,6nCTgra84_8,벨로나 기대된다,0,2026-08-09T06:46:11Z
24,6nCTgra84_8,마깃안 대체품도 풀리는데 확률좀 높여다오,4,2026-08-09T06:23:44Z
25,6nCTgra84_8,오홍 여름아부탁해가아니라 잔테제군요,0,2026-08-10T06:02:01Z
26,6nCTgra84_8,노래 뭔가요?,0,2026-08-09T03:52:24Z
27,6nCTgra84_8,라방 어찌될지 벌써부터 예상되넼ㅋㅋㅋㅋㅋㅋㅋㅋㅋㅋㅋㅋㅋㅋㅋㅋㅋ 채팅창부터 김창섭 표정까지 볼만할듯,23,2026-08-09T03:09:54Z
28,6nCTgra84_8,광기의 레프사도 벨로나ㄷㄷㄷ,0,2026-08-09T10:14:05Z
29,6nCTgra84_8,이번 업데이트때 결정석 너프도 같이 올것같은데,0,2026-08-09T23:27:12Z
30,6nCTgra84_8,생각해보니 거공노작값 유지잘될듯 벨로나 가면 더스크빼야하는데 예전 하데미안 빠지고 마깃안 가격 급등한것마냥 거공은 원래비싸니 오르진않겠지만 지금보다 떨어지긴힘든구조가 되겠네,0,2026-08-09T21:07:39Z
31,6nCTgra84_8,차라 차 차라 차차 🤮,0,2026-08-09T04:32:25Z
32,6nCTgra84_8,"뭣 이지카링도 못깼는데 그이상이라고?
허",1,2026-08-09T22:52:10Z
33,6nCTgra84_8,벨로나 소울 기대된다,0,2026-08-11T10:40:31Z
34,6nCTgra84_8,라방일정은 어떻게 아나요?,0,2026-08-11T10:04:09Z
35,6nCTgra84_8,모멘텀 패스 2차 있지않나,0,2026-08-09T17:44:19Z
36,6nCTgra84_8,초창기 카링급이라는... 네....,0,2026-08-09T23:32:38Z
37,6nCTgra84_8,벨로나 너무 무서워서 못들어갈듯,15,2026-08-09T03:20:11Z
38,6nCTgra84_8,이제 카엔슬을 놓아줘야겠다 잘가라,0,2026-08-09T17:20:24Z
39,6nCTgra84_8,벨로나 존ㄴ 매력있다,6,2026-08-09T04:29:27Z
40,6nCTgra84_8,브금 아시는 분? 설명란에 써주면 참 좋을텐데 매번 물어보게 만드네..,0,2026-08-09T10:19:59Z
41,6nCTgra84_8,이쁜 명찰반지 이벤이나 해라 벨로나,0,2026-08-09T03:27:06Z
42,6nCTgra84_8,우효,0,2026-08-09T03:05:48Z
43,6nCTgra84_8,존나 가지무침,4,2026-08-09T03:41:17Z
44,6nCTgra84_8,8.9면 노벨 솔플 널널컷 가능?,0,2026-08-09T03:30:57Z
45,6nCTgra84_8,홀로 싸우고 있는 이데아는 어떻게 되었을까요.?,1,2026-08-09T03:42:03Z
46,6nCTgra84_8,벨로나 무서웡 ㅠ,0,2026-08-09T03:14:14Z
47,6nCTgra84_8,마깃안 대체해봤자 지금 마깃안처럼 공급이 어느정도 풀리지않은 이상 마깃안이 가격 떨어질일은 없지,0,2026-08-09T05:31:31Z
48,6nCTgra84_8,어흐..,0,2026-08-09T03:46:24Z
49,6nCTgra84_8,"나한테는 이세계 이야기..
벨로나 생긴게 
어떤 애니에서 등장하는
누군가와 꼭 닮았는데 그게 누군지...;;
어두컴컴한 벽장에 틀어박혀서
외부와 단절한체 조용히 콩나물이나
재배하고 있을듯하게 생겼는데...
아!! 누구더라!!!!!",1,2026-08-09T06:38:39Z
50,6nCTgra84_8,"드디어 마깃대가 대체되는구나
굶핏혼 딱대",1,2026-08-09T03:07:41Z
51,6nCTgra84_8,노래부르는건 굳이 안넣어도되는데... 다른 정보유튜버로 갈아타야겠다,0,2026-08-11T02:05:15Z
52,6nCTgra84_8,신규보스도 나왔는데 신창섭은 하버를 풀어랏!!!,5,2026-08-09T03:14:06Z
53,6nCTgra84_8,이지는 조각 안주고 노말부터 장신망 조각줄듯,2,2026-08-09T07:45:12Z
54,6nCTgra84_8,"장신망견 주는거면 좋겠다 
장신망견 안 샀는데",0,2026-08-09T05:34:40Z
55,6nCTgra84_8,"글러트니라고 대충 애니나 게임 좋아하는 사람은 느낌올거임

양날도끼에 입모양, 피 장신구를 봤을때
롤 브라이어가 떠오름
피흡이나 체력 억제 등 본인 회복과 유저의 HP에 관여가 있을거라 생각함 (가엔슬이 있어서 후자가 좀더 신박함)

그리고 머리카락은 흑백이라 모드가 있을거같지만 그냥 컨셉인거같고 도끼가 불타는게 있는데 이게 옛날 딜중지(공격반사)타이밍이 생긴거라고 봄
보통 공격반사는 발록이나 핑크빈,아카이럼, 힐라가 나름 이름 날리던 보스일 시절 머리위에 공격반사 표시 뜨는건데 개인적으로 이런게 부족해졌나? 싶음
본인이 메린이라 그란디스상위보스 잘 몰라서 그러는데 공격하면 안된다라는 매커니즘은 루타비스 삐에로가 마지막인것같음

그래서 결론 : HP본인 혹은 유저관여랑 공격중지 정도 예상",0,2026-08-09T08:19:22Z
56,6nCTgra84_8,벨로나 장패드 굿즈 쿠션 존버중.,0,2026-08-10T10:34:51Z
57,6nCTgra84_8,음... 미하일 상향버프에 관한 소식은 없나요??,6,2026-08-09T03:07:06Z
58,6nCTgra84_8,"확실한건 메이플에 꼴잘알 디자이너가 있다는점임
신규로 나오는거 다 꼴잘알임",2,2026-08-09T12:23:38Z
59,6nCTgra84_8,흉성도 이지모드 좀,0,2026-08-09T03:48:52Z
60,6nCTgra84_8,마깃안 루컨마가 1자릿수 억대로 떨어질까?,0,2026-08-09T03:16:00Z
61,9mbc6ESMMvo,맑음님 최고용 영상마다 퀄리티가 너무 좋음 영상미가 에이스,1,2026-08-05T05:28:53Z
62,9mbc6ESMMvo,2:09 풀템 빵빵이요? ㅋㅋㅋㅋㅋ,15,2026-08-05T07:35:04Z
63,9mbc6ESMMvo,덕분에 올 45렙으로 1-1 걍 가만히 있다가 3-1까지 갈 수 있었습니다. 코인 맛있게 파밍 ㄱㅇㄷ,1,2026-08-05T06:58:05Z
64,9mbc6ESMMvo,카오스 1-1을 진입하니 방향이 잡혀서 울티마스쿼드를 더 즐길수가 있게 되었네요. 영상이 도움이 됩니다.,0,2026-08-10T10:53:14Z
65,9mbc6ESMMvo,늘 감사합니다!,1,2026-08-05T05:05:45Z
66,9mbc6ESMMvo,넥슨온까지 깔아가면서 원격으로 장비수급했던 울티마..다음 패치에도 색다르게 내주길,19,2026-08-05T05:58:40Z
67,9mbc6ESMMvo,3-1 이후 스테이지에서 전사 두번째극딜이랑 보스랑 타이밍이 맞으면 뒷스테이지 가도 되나요?,0,2026-08-06T11:45:39Z
68,9mbc6ESMMvo,조아쓰,0,2026-08-05T05:05:54Z
69,9mbc6ESMMvo,"이번 주말에 해야할듯 45/45/45 인ㄷ데 템8다맞추고 다끝내야할듯
3-7 까지 밖에 못깨네... 벌써 다 깨신분도 많으시네요 
전컴퓨터 안켜서",0,2026-08-05T12:27:41Z
70,9mbc6ESMMvo,3-10을 밀고나서야 비로소 방치형게임..,3,2026-08-05T15:43:28Z
71,9mbc6ESMMvo,효율 보고 싶은 사람은 맑음 공략 참고해서 본인 레벨대 맞게 조금씩 조정하면 도움 많이 됨. 본인은 49렙에 스킬 세팅 똑같이하고 3-1 돌면 90퍼대에 전사가 베인 싸버리길래 전사만 방어구 빼둬서 80~90 구간에서 죽이고 보스 만나면 살아나서 베인 갈기도록 해두니까 2분 초반대 클리어 가능. 이런 식으로 자기 레벨 맞춰서 아침에 세팅 조금만 손보고 출근하면 됨.,2,2026-08-05T05:33:16Z
72,9mbc6ESMMvo,53~54 찍기 전까지는 3-4에서 뺑이쳐서 8티어 파밍하다가 찍으면 3-1로 이사하면 되겠네요,1,2026-08-05T08:59:32Z
73,9mbc6ESMMvo,"더 효율 좋게 알려드리자면
궁수랑 법사는 쿨+공마6퍼, 전사는 공격력 위주로 템 뽑으면 뭔가 더 잘 도는 기분입니다",0,2026-08-05T06:36:17Z
74,9mbc6ESMMvo,"창섭이형 의도, 기획 다 좋은데 이런 건 잠재 좀 잘 뜨게해주면 안 되나?",0,2026-08-07T05:39:53Z
75,9mbc6ESMMvo,지금 레벨 49 49 49 인데 오프라인 기준 경험치는 카 1-1 두면 되나요?,0,2026-08-06T10:45:55Z
76,9mbc6ESMMvo,"맑음님 안녕하세요 지금 45레벨에 3-4까지 깬 상태인데 50레벨찍고 편하게 나머지 밀려고합니다 레벨링 어느지역에서 어떻게 하는게 좋을까요??
찾아보니 3-4에서 무기만끼고 극딜끼고 자살런 하라던데 이건 템파밍빌드같아서요..
저는 어차피 렙올리고갈거니까 템파밍은 필요없고 경험치 고효율뺑뺑이로 가고싶은데 어느맵에서 어떤스킬끼고 돌리는게 좋을까요??",0,2026-08-05T07:53:14Z
77,9mbc6ESMMvo,귀찮아서 3-9 멈춰놨더니 어제 한번 보니까 이젠 3-9도 빌드없이 패고있던데 이제야 좀 방치형이 된거 같다고 느낌 ㅋㅋ,0,2026-08-06T01:07:47Z
78,9mbc6ESMMvo,"걍 전사는 무기공퍼 2줄, 궁수 쿨감4초, 법사 쿨감2초마력퍼1줄 띄우고 방어구에 공마 1줄씩 띄워두니까 3-1 렙 51인데도 보스에 딱 맞춰서 데몬베인 써지네요",0,2026-08-05T06:07:02Z
79,9mbc6ESMMvo,울티마 스쿼드 잼있긴함. ㅋㅋ,1,2026-08-05T06:06:33Z
80,9mbc6ESMMvo,헐 아직 41렙에 7단계 아케인 3개정도 만들었는데 ㅜㅜ,1,2026-08-05T12:09:44Z
81,9mbc6ESMMvo,3:40 스킬,8,2026-08-05T08:06:53Z
82,9mbc6ESMMvo,"지금 3지역에서 마지막단계 앞두고 있습니다.
전사 39 궁수39 법사 36인가? 하는데  장비는  전사 5상 4상정도 있고 궁수도  법사도 거의 비슷한데
3지역 마지막 단계  보스머리위에 무슨 타이머같은게  있더라구여  좀 힘들긴한데  차라리 40찍고 가면되나여 ?",1,2026-08-05T05:19:18Z
83,9mbc6ESMMvo,오,0,2026-08-05T05:57:07Z
84,9mbc6ESMMvo,"이미 카오스 3-10까지 다 밀어놓고 진짜 ""방치""중인 메붕이들은 개추 ㅋㅋㅋㅋ",20,2026-08-05T10:50:54Z
85,9mbc6ESMMvo,코인값 너무떨어져서 15분 사냥한 메소로 이벤템 다 살 수 있네요 따흐흐흐흫흐흑~~!!,0,2026-08-07T23:12:24Z
86,9mbc6ESMMvo,후....효과 안읽어보고 만든 내 쿨감4초 활 스테프야....미안하다..... 다시 공마 12퍼로 돌아갈때다,0,2026-08-05T12:21:02Z
87,9mbc6ESMMvo,형님 메m 렌 이벤트 공략좀 올려주세요,0,2026-08-08T17:35:31Z
88,9mbc6ESMMvo,이번엔 렌 메m공략 없나요 ㅠ,0,2026-08-07T01:08:46Z
89,9mbc6ESMMvo,재미는 있는데 방치형으로 만든거 아니냐? 방어구랑 무기때문에 방치를 못하겠더라 ㅋㅋ 이제 다 끝나고나니깐 편하게 메이플하는중,2,2026-08-05T05:12:19Z
90,9mbc6ESMMvo,이제 너무 쎄져서 전사 4초 무기끼고 3-1 뺑이쳐도 보스에서 시간이 남아버림 2분01초 이제 2분 00초나오네,0,2026-08-06T15:43:27Z
91,9mbc6ESMMvo,스펙 좀 남는분들은 데몬 베인 맨앞에 두면 3초정도 더 빨라져요,0,2026-08-05T06:53:58Z
92,9mbc6ESMMvo,빵빵아 옥지얌 빵빵아 옥지얌,0,2026-08-05T10:19:02Z
93,9mbc6ESMMvo,그냥 카오스코인 사서 경험치 바꾸고 방치시켜놨음 나중에 코인샵 개편해주려나,0,2026-08-05T05:33:26Z
94,9mbc6ESMMvo,카오스에서 경험치는 어디서 먹여야할까요?,0,2026-08-05T06:29:40Z
95,9mbc6ESMMvo,전 그냥 다 뚫고나니 현타씨게와서 9에다 두고 방치중,0,2026-08-05T06:30:23Z
96,9mbc6ESMMvo,레벨 개높네 ㄷㄷ .. 43 44렙은 어디가야하지,0,2026-08-05T05:20:47Z
97,9mbc6ESMMvo,지팡이 추옵40에 마력 5 6 6퍼를 쓰는 사람 그것이 바로 나다... 근데 이게 무슨 의미가 있나 ㅠ 진짜 해방무기에나 떠주지,0,2026-08-05T16:14:17Z
98,9mbc6ESMMvo,3-1데몬베인 쿨을 맞추려면 무기에서 2줄공 뽑는거 보단 법사 궁수 2초감소+@가 편하긴 하죠,0,2026-08-05T05:22:19Z
99,9mbc6ESMMvo,장비 3개 공마2줄 뽑는데 2600개 들었다,1,2026-08-07T07:49:01Z
100,9mbc6ESMMvo,"벌써 마무리 단계입니다 코인이고 훈장이고 무기나 장비는 다들좋아서 분해 하는수준이고 초반에 재미잇어는데
코인은 점점 시세는 떨어질테고 오늘이 루나섭 4만 조만간 13일이후 는 개당 만원도 안할겁니다 이젠 코인 신경쓰지말고 다시 원래 대로 메이플  복귀 합니다 ^^",0,2026-08-05T12:32:57Z
101,9mbc6ESMMvo,운빨존망방치형,0,2026-08-05T09:47:47Z
102,9mbc6ESMMvo,스쿼드 계산기 사이트 이제 카오스 1-2 이후로 입력이 안되던데 저만 그런가요,0,2026-08-10T10:28:29Z
103,9mbc6ESMMvo,다음엔 제발 자동 재설정,1,2026-08-05T11:57:08Z
104,9mbc6ESMMvo,코인 복사 가즈아~,0,2026-08-05T05:12:16Z
105,9mbc6ESMMvo,제네시스는 안 나오고 에테르넬만 계속 중복인데 확률이라 어쩔 수 없는 거겠죠..?,0,2026-08-05T07:56:57Z
106,9mbc6ESMMvo,메m공략 가지고와줘 제바루,0,2026-08-05T05:50:39Z
107,9mbc6ESMMvo,귀찮아서 그냥 1 - 1에서 머물러 있는 사람 개추 ㅋㅋ,329,2026-08-05T05:05:55Z
108,9mbc6ESMMvo,허어 내가 51인데 하필 51 빌드가 없노,0,2026-08-05T06:09:57Z
109,9mbc6ESMMvo,이거보고 캐서 팔아줘라 싸게 살줄게,0,2026-08-05T09:32:10Z
110,9mbc6ESMMvo,완찍고 그냥 대충 방치중 ㅋㅋ,0,2026-08-05T07:30:38Z
111,9mbc6ESMMvo,8단계합성 8번했는데 7번이 스태프가 맞냐.... 확률조작아니누,0,2026-08-05T11:55:35Z
112,9mbc6ESMMvo,카오스 들어가니까 이제 할필요가 없어짐,0,2026-08-05T05:47:14Z
113,9mbc6ESMMvo,"오늘 처음으로 컴퓨터 끔..
여태까지 가격이 쏠쏠해서 캐는대로 팔기만 했는데 이제 카오스코인 가격도 거품 다 빠져서 적당히 내꺼 캐면서 진짜 방치형 게임하면 될 듯.",12,2026-08-05T05:26:57Z
114,9mbc6ESMMvo,겨우 2000개 모았는데 차이 엄청나네,0,2026-08-06T02:30:06Z
115,9mbc6ESMMvo,어차피 스쿼드 코인 똥값이라 이젠 대충해도 뭐...,0,2026-08-05T12:15:36Z
116,9mbc6ESMMvo,사실상 코인 가격 보다 전기세가 더 나갈듯 슬슬 개당 5만원 아래로 떨어지는데 ㅋㅋ,12,2026-08-05T05:16:36Z
117,9mbc6ESMMvo,"궁붕이 법붕이 제네시스 무기에 쿨감 넣냐마냐가 체감이 엄청 커집니다. (물론 공마퍼도 있으면 최고)
112초째에서 다섯번째 엘고프레이를 마지막 잡몹에서 쓰면 쾌적하게 조져버릴 수 있습니다.
엘고프레이가 보스방에서 나간다고요? 축하합니다! 당신은 그 지역에서 오버스펙이니 다음 지역으로 갑시다.",25,2026-08-05T05:13:54Z
118,9mbc6ESMMvo,다조 다 사먹어서 이제 끝,0,2026-08-05T07:18:29Z
119,9mbc6ESMMvo,스테이지 클탐 싸움 할 때는 쿨감 공속  필요없나보네,0,2026-08-05T05:42:21Z
120,9mbc6ESMMvo,근데 카오스 살거 크게 없던데,0,2026-08-05T19:05:37Z
121,9mbc6ESMMvo,14초부터 나오는 음악 제목 아시는뷴...ㅠㅠ,0,2026-08-05T13:03:52Z
122,9mbc6ESMMvo,아니 도대체 어떻게 벌써 카오스 가는겨,0,2026-08-05T08:54:17Z
123,9mbc6ESMMvo,첫날부터 달려서 이미 현타온 메붕이는 개추,0,2026-08-05T07:10:12Z
124,9mbc6ESMMvo,궁금한게 울티마 겜끄면 코인안쌓이나요 ?,0,2026-08-05T10:28:03Z
125,9mbc6ESMMvo,동보상이라하면 스블이 나은듯,4,2026-08-05T05:18:23Z
126,9mbc6ESMMvo,3-10 까지 다깼는데 8등급 무기 뒤123져도 안뜨는 사람 개추ㅋㅋㅋㅋ,0,2026-08-05T05:23:06Z
127,9mbc6ESMMvo,카오스 3-3에 뺑뺑이 도는데 아직도 코인 못먹으면 버그 맞죠,0,2026-08-05T10:44:44Z
128,j__MUJTquJw,"우선 지금까지 테스트한 내용입니다 (최종 확정)
 
-------------------------------------------
3-1 풀템 뺑뺑이 : 평균 코인 105개 (레벨 53)
 
3-4 무기만 장착 : 평균 코인 78개 (레벨 50)
3-4 무기만 장착 : 평균 코인 72개 (레벨 52)
 
3-9 풀템 뺑뺑이 : 평균 코인 65개 (레벨 50)
3-9 무기만 장착 : 평균 코인 64개 (레벨 52)
3-8 무기만 장착 : 평균 코인 64개 (레벨 52)
 
1-1 풀템 뺑뺑이 : 평균 코인 33개 (클탐 1:19)
------------------------------------------
 
요약 :
8단계 자연 파밍이 아직 필요함 = 템 빼고 3-4
템 파밍 끝나서 필요 없음 = 템 전부 장착하고 3-1
+ 가능하면 공,마 2줄 세팅하기 (귀찮으면 렙업으로 공마 자연 획득하기)
 
3-1을 할 경우 스킬 세팅은
궁수만 드래곤 버스트 -> 엘리멘탈 고스트로 변경하시면 됩니다
 
이따 영상 올라갈건데
어떤 원리로 코인이 증가되는지 한번 봐두시면 좋을 듯싶습니다",25,2026-08-03T08:13:06Z
129,j__MUJTquJw,뭔가 깨질 듯 안깨져서 스트레스 받고 있었는데 스트레스 받지말고 편하게 하라는 거 보고 바로 구독 눌렀습니다!! 감사합니다 덕분에 끝까지 깰 것 같아요,1,2026-08-03T05:26:26Z
130,j__MUJTquJw,맑음님 진짜 체계적으로 공략 잘 올리시네요,0,2026-08-04T01:31:17Z
131,j__MUJTquJw,멋지구만 ^^  그리고  진행이 복잡한데 다필요없고 렙업이 답이군요,1,2026-08-03T09:50:29Z
132,j__MUJTquJw,맑음님 덕에 메이플이 제미있고 이벤트도 빠짐없이 챙기고 너무좋음,6,2026-08-02T12:00:38Z
133,j__MUJTquJw,다깨니까 이제 방치형ㅋㅋㅋㅋㅋ,70,2026-08-02T11:53:49Z
134,j__MUJTquJw,일반맵은 다조를 주니까 급하게 깼는데 카오스는 급하게 깰필요가 없어 보여서 그냥 냅뒀다가 랩빨로 찍어누르는게 맘편할듯,5,2026-08-02T12:28:12Z
135,j__MUJTquJw,2-3 이후엔 풀방치였다가 공략 올라왔으니 이제 밀어야지 ㅋㅋ 드디어 방치형 게임처럼 됐네,0,2026-08-02T16:33:46Z
136,j__MUJTquJw,다들 엄청 진심이시구나.. 극단적 방치플로 이제 카오스 2-1인데...,0,2026-08-04T06:44:44Z
137,j__MUJTquJw,전사가 눕고 1초후에 헤도 하면 잡몹들 어버버하는 시간 1초 벌수있는데 그 1초가 의외로 전붕이 피 많이 아껴줌,16,2026-08-02T12:09:31Z
138,j__MUJTquJw,경험치 제일 많이 주는 사냥터는 여전히 1-1인가요? 아니면 3-4 에서 방어구뺴고 뺑뺑이인가요?(에테 공 한줄 기준입니다!),0,2026-08-02T12:44:55Z
139,j__MUJTquJw,"안녕하세요 저는 전사 궁수 법사 셋다 46이고 셋다 무기는 공퍼 방어구는 그냥 체력 섞어서 방어력 극추 3줄뜨는거 낀상태로 카오스3-10 까지 깻는데 보스는 맑음님 세팅대로하면 11초면 걍 깨지고 3-8까진 법사헤도,전사인빌 스위칭만 해줘도 쉽게 가고 3-9는 잡몹 잡을때 죽는타이밍 잘맞아 떨어지니까 겨우깨더라구요 한10트정도? 팁은 세마리다 죽고 전사가 맨앞, 뒤에 궁수 법사가 반피이상(부활하고 한대도 안맞은 상태) 에선 따로
스위칭 할 필요가 없고 궁수나 법사중에 하나라도 피가 반피보다 이하일때 헤도스위칭 할수있게 스킬을 미리 하나빼주고 전사죽고 바로 헤도를 넣는게 아닌 법사가 죽기 직전에 헤도로 전사를 부활시키면 궁수,법사 반피
전사 풀피로 진행이되서 보스까지 가기가 엄청쉽더라구요 글로 설명하려니 어렵지만 참고하실 분들은 시도해보셔요!",0,2026-08-03T02:55:47Z
140,j__MUJTquJw,대맑음 메앰도 올려주시면 감사하겠습니다..!,0,2026-08-05T01:15:03Z
141,j__MUJTquJw,0:42 ㄹㅇㅋㅋ 진짜 울티마에서는 레벨만큼 중요한게 없음ㅋㅋㅋㅋ 암만 장비셋 잘해놔봐야 ㅋㅋㅋㅋ 레벨 1개 오르면 별로 안오르는거 같은데 엄청 세짐ㅋㅋㅋㅋㅋㅋㅋ 1렙업 하니까 불과 몇시간전에 못깨던거 깨지곸ㅋㅋㅋㅋㅋㅋㅋ 레벨링을 최대한 빨리 하는게 중요한거같음 인게임도 레벨이 엄청 중요하게 작용하기도 하고,6,2026-08-02T11:22:20Z
142,j__MUJTquJw,저 궁금한게 11:39초에 보면 저건 스태프 착용 시 합쳐진 % 아닌가요? 그러면 기본을 보고 계산하는게 맞지 않나요?,0,2026-08-07T14:25:32Z
143,j__MUJTquJw,"모든 아이템의 합성 최초는 마법사 템이 나옴...
그 다음은 뭐가 됐든 중복으로 나옴..
이 두개가 장비 등업 할때마다 계속 되니까 현타가 옴...
그냥 될대로 되라 식으로 방치함.. 알아서 렙 오르니까 술술 밀림..
막히면 또 방치 함.. 하루 이틀뒤에 또 밀면 쭉쭉 밀림..",1,2026-08-02T16:49:20Z
144,j__MUJTquJw,17:43 3-5도 그렇고 한 마리 땜에 자꾸 조디악 선발동 되면 걍 전사 디바이드를 데몬베인으로 끼고 갔다가 첫 턴에 전사 궁수 극딜로 밀고 2턴에 조디악 정상발동 되게 턴 안 꼬임 (디바이드 다시 바꿔주기 추가),1,2026-08-06T13:01:39Z
145,j__MUJTquJw,3-9 마지막에 다 죽어서 아 안 되는구나... 하고 있었는데 기적 같이 전사가 부활해서 마지막 보스 잡고 3-10까지 클리어했습니다. 진짜 방치형이지만 참여형인 레전드 게임 근데 재밌었다.,0,2026-08-04T15:59:42Z
146,j__MUJTquJw,3-4에서 8티어 템파밍당하면 48렙전까지 1-1도는게 좋나요? 경험치만보고,0,2026-08-02T17:35:07Z
147,j__MUJTquJw,맑음님 무기에 재사용 2줄 총 4초 감소는 어떤가요?,0,2026-08-02T13:03:22Z
148,j__MUJTquJw,그럼 혹시 카오스 2-3정도에서 막힌 경우에는 어디 스테이지에서 방치해두는게 좋나요?,0,2026-08-02T11:23:24Z
149,j__MUJTquJw,"환산울티마 들어가서 보면 궁수,법사 잠재 쿨감2초가 효율1등이라고 나와있는데 공격력%가 더 좋은 옵션인가요?",0,2026-08-04T02:19:37Z
150,j__MUJTquJw,"카오스 3-9에서 계속 실패해서 때려박으면서 겨우 성공했는데 3-10은 극딜 2초컷 ㅋㅋㅋㅋ;;;
당황스럽네 ㅋㅋㅋ;;;
카오스 3-9는 방어구 다 입어도 거진 30%대에서 다 죽는듯해요",1,2026-08-02T19:47:08Z
151,j__MUJTquJw,선생님들 아직 전사렙 42인데 카오스는 2-3까지 깼습니다 카오스 1-1에서 계속 뺑뺑이하면 되나요?ㅠ,0,2026-08-02T15:24:58Z
152,j__MUJTquJw,올 48렙에 8단계 둘둘 하니까 카오스 3-9 컨 해서 깸. 빡세게 안하려면 영상대로 그냥 렙업 해서 오는게 맞는듯. 3-10은 극딜기 다 박고. 폭시로만 스위칭 해도 개껌으로 깨고,0,2026-08-02T11:52:43Z
153,j__MUJTquJw,그럼 레벨업은 어느 스테이지에서 뺑뺑이 도는 게 제일 좋나요?,0,2026-08-02T11:44:26Z
154,j__MUJTquJw,경험치작은 어디서 돌리는게 효율이 좋은가요 렙 40중반대면,0,2026-08-02T11:14:17Z
155,j__MUJTquJw,"이해가 너무 안가는 부분이 있어서 댓글 남깁니다.
3-4 템 파밍할 때 왜 무기만 장착하는 건가요?",0,2026-08-05T11:20:44Z
156,j__MUJTquJw,맑음형님 메m공략만들어주세여ㅠ,0,2026-08-04T08:45:45Z
157,j__MUJTquJw,카오스 모드 1-1에서 탬 나오는거보고 현타와서 이제 대충함ㅋㅌㅌㅌㅋㅋ,1,2026-08-02T17:56:33Z
158,j__MUJTquJw,대 맑 음,1,2026-08-02T11:06:59Z
159,j__MUJTquJw,"3-10까지 뚫었는데 어디다가 방치하는게 코인 제일 잘캘라나.. 아직도 고민되긴함... 풀템 방치냐 무기 방치냐... 근데 무기만 장착하고 3-4 ,3-7에서 하는게 뭔가 더 잘 먹는 느낌이 들기도 하고... 잘 모르겠네...",0,2026-08-03T17:06:11Z
160,j__MUJTquJw,카오스 들어갔고 3배 어차피 안살거니까 평화롭게 방치하고 합성만 해야겠다,0,2026-08-02T11:22:57Z
161,j__MUJTquJw,44 44 43이 최소컷이라 들었는데 시도하다가 안돼서 46 46 45로 편하게 깨고 왔는데 52~55라니 ㄷ,0,2026-08-02T18:45:23Z
162,j__MUJTquJw,3-5에서 궁수가 드래곤 버스트를 너무 뒤에서 써서 몹이 한 마리가 남게 되는데 어쩌죠? 자꾸 조디악 레이를 1웨이브에 써버리네요,1,2026-08-06T13:29:32Z
163,j__MUJTquJw,오호..,0,2026-08-02T11:05:59Z
164,j__MUJTquJw,3-9는 컨으로 38 38 34 깼는데 3-10은 아예 체력이 안 다네. 다시보니 레벨40때 강한 공격력 스킬이 새로 생기긴하네,0,2026-08-02T23:17:45Z
165,j__MUJTquJw,"< 추가 정보 + 3-4 이상 깬 사람들 앞으로 이벤트 끝날 때 까지 어딜 돌면 좋을지 > (pc로 작성. 모바일은 가독성 떨어질 수 있음)
1. 체력 최상옵 735보다 방어력 최하옵 20이 더 좋음  ->  앵간하면 체력 말고 방어력 둘둘
   전사는 무기 포함 방어력 둘둘, 꼭 방방방 싹 다 할 필요는 없음. 알아서 큐브 있는대로
   궁수는 무기 공% 2줄 이상 + @ (공속 + 공%는 확률이 너무 낮음 알아서 타협), 방어구는 무조건 공1줄 이상 + @ ( 방어력, 체력)
   법사는 무기 쿨 2초 이상 + @ (마력%, 방어력, 체력 등등 2초+@), 방어구는 방어력 둘둘
           +전사랑 법사 장갑에 피격2%확률 1초 무적 옵션 괜찮다곤 하는데 무적 + 방방 뽑아본 적이 없음. 알아서 재량껏 세팅


2. 3-4 ~ 3-9 기준, 현재 어딜 돌면 좋을지
  - 첫 번째 : 8단계 장비가 별로 없다. 이제 막 3-4 ~ 3-6 뚫고 살자 시작했다 >  20% 살자
          방법) 궁수 무기를 제외한 모든 장비 해제
                    전사 : 데몬베인 - 디바이드 - x
                    궁수 : x - x - 드버 (아마 어디에 넣든 상관 없을듯)
                    법사 : 프레이 - 플레임 - 조디악
    > 2웨이브 까지 궁으로 밀고 진행도 15%인 3웨이브에서 꾸역꾸역 잡으면서 전사 딸피로 20%진입
       20%에서 아무도 부활 안 하고 전멸하면 성공
       만약에 자꾸 부활한다 or 25%이상 밀린다 하면 윗 단계로.
       다음 날 레벨업해서 단단해지면 템 다 끼고 다음 라운드 민 다음에 다음 단계 살자 세팅 복귀

   - 두 번째 : 8단계 장비 직업별 3부위 이상 먹었고 잠재 세팅도 얼추 했다 > 80~90%에서 죽을 수 있는 라운드 뺑이
            방법) 모든 장비 착용
                      전사 : 데몬베인 - 디바이드 - 아이언바디
                      궁수 : 드버 - 엘고 - 볼텍스
                      법사 : 프레이 - 플레임 - 조디악
      > 마찬가지로 2웨이브 까지 궁으로 밈
        이후 35%쯤 전사가 죽고 법사 죽기 전까지 전사 부활 << 위 방법의 전제 조건
        35% ~ 40%쯤 전사가 죽을 정도의 난이도에서 진행하고 전사가 부활할 때까지 법사가 버텨줘야 함. 앵간하면 버틸 거임
        만약에 전사가 부활할 때 까지 법사가 못 버틴다 하면 방어력 투자를 더 해야 함
        이후에 50%쯤 전사가 한 번 더 죽고 전사가 죽어 있는 동안 드버 + 조디악으로 2웨이브 공짜
        그리고 전사 부활하고 데몬 베인으로 다음 웨이브 공짜 < 잘 됐으면 여기까지가 진행도 80%
        이후 80~90%에서 부활 없이 깔끔하게 전멸 당하면 빌드 성공

        본인 최대 기록 -1 라운드에서 진행
        만약 너무 빨리 죽어서 안 된다 하면 - 2라운드에서 진행 (위 방법대로 진행하고 8~90%에 죽을 수 있게 방어구 일부 해제하면 될 듯. -2에선 안 해봐서 미지수)
        앵간하면 -1라운드가 정배. 근데 정말 가끔 보스방까지 감
        레벨업을 해서 스펙이 올랐다 or 보스방 가는 비율이 현저히 높다면 오버스펙인거니 다음 라운드에서 진행 or 방어구 일부 해제

Q. 맘 편하게 장비 다 빼고 20%런 하면 되지 않나요
A. 20%런 클탐 + 경험치, 코인 수급량보다 8~90%런 클탐 + 경험치 + 코인 수급량이 종합적으로 봤을 때 훨씬 많이 이득입니다
앞서 말했듯 이제 막 8단계 파밍하기 시작했으면 20%런, 하루, 이틀동안 열심히 모아서 8단계 세팅 되면 8~90%런
근데 이미 여기까지 왔으면 장비 파밍 안 하고 렙업만 쳐도 3-10 클리어 + 카오스 코인 최대치 수급은 충분히 되기 때문에 이제는 쉬엄쉬엄 해도 됩니다
드디어 방치겜이 됐노라...

이렇게 제가 카오스 입성 하고서부터 도움이 된 여러 정보들을 모아서 써 봤습니다
이대로 진행하면서 지금까지 큰 오차가 생긴 건 없기 때문에 아마 될 거고
만약 안 되거나, 틀린 정보가 있다거나, 추가 정보가 있다 하면 댓글 ㄱㄱ
근데 확인은 안 할거임


세줄 요약 없음 보셈 걍",63,2026-08-02T18:13:38Z
166,j__MUJTquJw,"3-4 클리어하고 무기만 끼고 스킬 낀다음 48 ~50 까지 3-4에서 죽으면서 파밍으로 렙업 하는거임? 
1-1보다 그게 더 효울 좋나",0,2026-08-02T12:29:47Z
167,j__MUJTquJw,혹시 카오스 3-10 까지깬형님들 코인작은 어디서 하는지 알수있을까요 다 똑같나?,0,2026-08-02T11:47:05Z
168,j__MUJTquJw,사냥시 무기 제외 방어구를 전부 빼주는 이유가 있나요?,0,2026-08-03T06:17:07Z
169,j__MUJTquJw,올티마 스쿼드    에서 템이   에테르넬 이랑   제네시스 무기가 있네  ㅋㅋㅋ,0,2026-08-02T11:15:43Z
170,j__MUJTquJw,머리뜨거워지는 공략법이군요,0,2026-08-02T16:24:54Z
171,j__MUJTquJw,이게 본체다,1,2026-08-02T22:33:45Z
172,j__MUJTquJw,"6:01 길뚫 세팅 
10:20 반복 사냥 세티ㅇ",0,2026-08-04T10:55:45Z
173,j__MUJTquJw,"맑음님 그..3-3하는데 시작 순서 
전사 디바 오라 베인
 궁수 드버 볼텍 차지 
법사 프레이 체인 힐 

맞나요? 1웨이브에 자꾸 궁수,전사 극딜기가 동시에 나가는데😢",1,2026-08-03T15:28:17Z
174,j__MUJTquJw,ㅋㅋㅋ 지금 카오스 1-4 할거 너무많다  챌썹에 주보돌이에 사냥에 ㅋㅋ,0,2026-08-02T11:29:08Z
175,j__MUJTquJw,울티마 논문 지리네 ㄷㄷ,1,2026-08-03T11:04:47Z
176,j__MUJTquJw,3-8까진 공략대로 하고 3-9는 방어력이랑 쿨감 섞어서 하니까 깨지네요 47 47 46이라 48까지 기다리기 싫어서 바꿔서 하니까 깨지네요,0,2026-08-03T11:42:21Z
177,j__MUJTquJw,14:07 여기 그떄로 똑같이 할려고 하는데 3-5에서 맨 초반에1웨이브 드버 2웨이브 조디악 레이를 사용해야하는데 1웨이브때 드버를 몹 한마리가 안맞아서 법사가 앞으로 가다가 조디악을 쓰네요 이거 다른 방법이 있을까요?,1,2026-08-02T13:21:53Z
178,j__MUJTquJw,3-4는 그럼 보스 안잡고 계속 죽는 빌드인건가요 ?,0,2026-08-03T08:15:44Z
179,j__MUJTquJw,"궁수 무기 없는거 카와이 하시네 ㅋㅋ
공략 항상 감사합니다",1,2026-08-02T14:56:28Z
180,j__MUJTquJw,꿀팁 굿,0,2026-08-02T11:06:09Z
181,j__MUJTquJw,방금 올티마 전스테이지 클했습니다. 에테풀이라 진짜 손놓게 되었어요. 해방,0,2026-08-03T15:26:48Z
182,j__MUJTquJw,이거 3-3 첫 입장 극딜에서 1마리 안맞아서 1웨이브에 무조건 극딜 2개 한번에 털리는디?,0,2026-08-02T12:27:38Z
183,j__MUJTquJw,10:25 반복사냥세팅,0,2026-08-06T11:13:26Z
184,j__MUJTquJw,나 이제 노말 3-1 들어갔는데ㅋㅋ머리는 아직도 2레벨ㅋㅋ,0,2026-08-02T14:59:27Z
185,j__MUJTquJw,ㅋㅋ근데 44로 3-9까지 미는 빌드보다 레벨높여서 하는 빌드가 더 복잡하네 ;,0,2026-08-02T15:22:08Z
186,j__MUJTquJw,"48/48/48 8티 1~2추 
3-9에서 극딜 꼬여서 보스랑 싸울때 폭시로만 싸웠는데 어떻게 깨지네여 감사",0,2026-08-03T11:01:46Z
187,j__MUJTquJw,올8단 맞추고나니 이제 진짜 방치형되었음 ㅋㅋㅋㅋㅋ,43,2026-08-02T11:20:43Z
188,j__MUJTquJw,3-9  떡벽이면 개추 ㅋㅋ,9,2026-08-02T12:29:33Z
189,j__MUJTquJw,"뭔가 카오스 전까지는 진짜 개열심히했는데 카오스 들어가고나서 장비가 너무 허벌이라 갑자기 할맛이 뚝떨어짐,,",38,2026-08-02T11:58:41Z
190,j__MUJTquJw,"42렙 제네무기0개 에테방어구6개로 3-7까지 밀었습니다(리트 5회이하) 43렙 제네무기 들면 다깰거같긴하네여
자기 체력상황에 맞게 빌드짜서 도전해보세요 ~",0,2026-08-02T23:06:00Z
191,j__MUJTquJw,3-9 공략 딴사람꺼 보고 바로 깼다,0,2026-08-04T15:32:03Z
192,j__MUJTquJw,"아 47 47 46렙으로 카오스 3-10까지 개껌으로 클 달다~
이제 드디어 방치형이다",0,2026-08-02T17:28:57Z
193,j__MUJTquJw,20:30 10:24,0,2026-08-03T23:25:13Z
194,j__MUJTquJw,데몬->디바 스왑이랑 바디->인빈 스왑 힐->헤도 스왑 이거만해도 3-9까지는 왔음,0,2026-08-03T07:13:15Z
195,j__MUJTquJw,경험치작은 어디가 젤빨라요? 장비말고,0,2026-08-03T03:04:08Z
196,j__MUJTquJw,3ㅡ9 46 46 46 이면 90라 웨이브에 데몬베인 맞추는게 핵심.,0,2026-08-02T23:40:45Z
197,j__MUJTquJw,카오스 코인은 어디서 파밍하는게 효율 좋나요?,0,2026-08-02T14:57:35Z
198,j__MUJTquJw,"제발,,제발,,,제발!!!! 장비 등급이든 옵션이든 아무 의미없다
선발대든 후발대든 템 파밍좀 그만해 !!!!
레벨 is 깡패
닥치고 경험치 올려!!!!!
난 카3-10깸",0,2026-08-02T12:10:06Z
199,j__MUJTquJw,43렙인데 3-3에서 드래곤버스트랑 데몬베인이 1웨이브에서 같이 나가는데 뭐가 문제인거죠? 스킬세팅똑같이했는데요ㅠㅠ,0,2026-08-02T16:34:06Z
200,j__MUJTquJw,3-9때 전사가 영상처럼안죽는데 어떻게하나요?,0,2026-08-04T22:32:10Z
201,j__MUJTquJw,걍 방치하고 주는 것만 먹어야겠네 ㅋㅋㅋㅋ,0,2026-08-02T13:29:28Z
202,j__MUJTquJw,컴을 계속켜놔서 코인이 2000개가넘는건가요?,0,2026-08-02T14:01:31Z
203,j__MUJTquJw,울티마도 끝났겠다 경쿠로 매제 경제 보복 드가자~,0,2026-08-02T14:37:23Z
204,j__MUJTquJw,23분30초부터 나오는 브금 정보를 알수있을까요?,1,2026-08-02T15:32:25Z
205,j__MUJTquJw,이게 방치형이 맞는거임 ? 이정도면 본메보다 더 알피인데 ?,0,2026-08-02T13:35:03Z
206,j__MUJTquJw,코인파밍 어디에 주차시키면 되는지 알려줘요 ㅠ.ㅠ,0,2026-08-03T02:16:43Z
207,j__MUJTquJw,02:51 02:57,0,2026-08-02T12:50:16Z
208,j__MUJTquJw,보상도 생각안하고 걍 하고있었음,0,2026-08-02T11:25:52Z
209,j__MUJTquJw,메이플 렌m 공략 언제나오죠,0,2026-08-04T04:33:19Z
210,j__MUJTquJw,3-4까지 라고 적혀있는 빌드 3-3 절대안됌 3-3 처음 출발할 때 뒤에 무조건 한마리가 드래곤 버스트 안맞게 되어있음 한마리 야발..;;,0,2026-08-05T19:44:23Z
211,j__MUJTquJw,방어력 잠재 필요없는거 아닌가요?,0,2026-08-02T11:52:29Z
212,j__MUJTquJw,"40 이 안됐는데., 40  안된 캐릭 있으면 개추",0,2026-08-02T14:14:56Z
213,j__MUJTquJw,공략대로 48~49일때 3-9 못깨면 그냥 55렙 가야하네... 51~54는 애매해서 안깨짐 ㅋㅋ,0,2026-08-06T22:32:00Z
214,j__MUJTquJw,울티마 스쿼드 서비스 종료. 유니온 스쿼드 서비스 시작,0,2026-08-02T11:59:11Z
215,j__MUJTquJw,아니 왜 48렙임? 나 꾸준히 한거 같은데 난 41렙인데;;;;;,0,2026-08-02T13:02:03Z
216,j__MUJTquJw,카오스 코인 캐는거 방치는 어디서 하고계신가요 다들???,0,2026-08-03T06:40:01Z
217,j__MUJTquJw,2:57,0,2026-08-03T04:59:53Z
218,j__MUJTquJw,여러분들 혹시 이제 메이플 할려는 뉴비는 아니고 280까지 키워본 사람인데 적당히 다이아 까지 받고 할려고 하는데 지금 시작해도 해방가능할까요? 최대 보스 잡아본게 하드루시드 입니다 노말진힐라도 가능해요 해방패스랑 챌섭패스 지를거에요 280레벨까지 레벨업도 할겁니다 ㅠㅠ,0,2026-08-02T22:16:56Z
219,j__MUJTquJw,이미 3-10까지 꺠놓고 그냥 보러왔으면 개추,0,2026-08-04T08:01:15Z
220,j__MUJTquJw,정말 이번 컨텐츠 찬양 받아야할까,2,2026-08-02T11:06:13Z
221,j__MUJTquJw,카오스코인은 어디가 제일 효율 좋아요?,0,2026-08-03T04:13:49Z
222,j__MUJTquJw,2-3이 카오스 2-3이겠죠 사냥?,0,2026-08-02T20:15:05Z
223,j__MUJTquJw,코인 캐는 팁좀 주실분 ..😊,0,2026-08-03T10:27:14Z
224,j__MUJTquJw,222,0,2026-08-02T11:06:09Z
225,j__MUJTquJw,15초전 ㄷㄷㄷㄷㄷㄷㄷㄷㄷㄷㄷ,0,2026-08-02T11:05:46Z
226,j__MUJTquJw,카오스 단계는 방치형이 아니잖아 ㅋㅋㅇㅋ,0,2026-08-08T10:49:07Z
227,j__MUJTquJw,이거 방치형 맞나요...?,0,2026-08-02T12:05:54Z
228,j__MUJTquJw,이거 언제까지임? 나 아직도 3-5인가 그런대,0,2026-08-03T01:22:01Z
229,j__MUJTquJw,1:59,0,2026-08-11T02:59:41Z
230,j__MUJTquJw,3-3 드래곤이랑 데몬 1웨이브떄 같이쓰는데 왜이러죠? 보면 예시 3-4 보여주실때 제가 스펙이 더높은데 같은 43렙에 ..,2,2026-08-02T12:00:54Z
231,j__MUJTquJw,"조디악이 2웨이브에 안써지는데 어쩌나요;;
드래곤 버스트를 근접몹한테 써버리니까 뒷몹이 안잡혀서 조디악이 1웨이브에 나가네요",0,2026-08-03T17:02:32Z
232,j__MUJTquJw,음.. 그냥 방치해도 다먹던데,0,2026-08-02T23:18:34Z
233,j__MUJTquJw,"3-9는 빌드 따라하면 절대 안되네요 궁수 60퍼에서 안누워지고 전사 43퍼쯤에서 누우면 같이 누워버리고 템차이인지 75퍼에서 자연부활하는동안 뒷라인이 안버텨집니다
30분넘게 해보고있는데 3-9공략 7번~12번 저부분이 저대로 절대 안됩니다 빌드가 맑음님 템 상태로만 되는건지 해머 회복 운빨에 따라 다른건지 30퍼에서 한번 누우면 절대로 60퍼까지 안가고 3번째 부활이 50퍼대에서 나옵니다",0,2026-08-04T05:26:47Z
234,j__MUJTquJw,나쁘진 않은데 물다쌤 공략이랑 맑음님 두 빌드 다 사용해본 결과 물다쌤 빌드가 압도적으로 좋습니다,1,2026-08-02T17:16:12Z
235,j__MUJTquJw,이지랄안해도 방치하면 어차피 다깨지않나요,0,2026-08-06T09:54:02Z
236,j__MUJTquJw,6:58 카오스 3-3에서 하니까 1웨이브에 드버랑 데몬베인 무조건 같이쓰는데 뭐죠 이건,1,2026-08-02T14:39:19Z
237,j__MUJTquJw,울티마 스쿼드 1달 기간연장이라는 기분 좋은 꿈을 꾸곤 했습니다.,66,2026-08-02T11:09:25Z
238,j__MUJTquJw,ㅋㅋㅋㅋㅋ 방치하라고 줬드만 개빡공략을 올렸네 ㅋㅋㅋ,0,2026-08-02T14:54:39Z
239,j__MUJTquJw,버그로 팍 식음😢,0,2026-08-02T13:51:00Z
240,j__MUJTquJw,9:40 3-4 클 한사람들은 3-4 반복하면 되나요?,1,2026-08-02T12:09:09Z
241,j__MUJTquJw,"저는 비슷한 시기에 상자깡용 3-9를 뚫어만 놓은 유저입니다.
전사 : 대충 운용법이 똑같음
궁수 : 엘고와 평딜기 2개를 밀고 나감. 드래곤 버스트는 없는 기술입니다.
법사 : 힐할 시간에 플레임 스윕 두방 박는게 전붕이가 덜 맞습니다. 조디악 레이는 없는 기술입니다.
요점은 데몬베인을 시작과 보스에서 적절히 나가도록 조정하는 것으로 35퍼쯤에서 데몬베인을 끼면 대강 보스한테 극딜이 나갑니다. 판마다 대충 3분 30초 정도 걸립니다.
영상에서 3극딜 다 세팅하는 빌드는 데몬베인을 마지막 잡몹에서 낭비하면 어떡하지 하는 두려움에서 생긴 빌드인 것 같은데, 덕분에 궁붕이의 평딜이 살아나지 못하고 클탐이 늘어지고 지루하고 현학적입니다. 막혔다면 2분 5초 컷나는 카오스 사냥터에서 렙업하고 재도전하는게 맘편합니다.",6,2026-08-02T12:17:11Z
242,j__MUJTquJw,"게임 재밌는건 좋은데 방치형답게 좀 해줬으면 좋겠음 
장비밸류가 너무 중요한데 장비를 먹을려면 방치를 할수가없는구조임 ㅋㅋ",1,2026-08-02T12:06:06Z
243,j__MUJTquJw,첫번쨰 웨이브에 전사가 데몬베인 써버리는데 어케해야하나요?,0,2026-08-02T18:37:08Z
244,j__MUJTquJw,메M은 이전 영상 봐야할까요?,0,2026-08-02T11:24:48Z
245,j__MUJTquJw,이제 노말 3-10 깼으면 개추,4,2026-08-02T13:39:40Z
246,j__MUJTquJw,혹시 메이플스토리m 이번 렌 공략 영상은 따로 없을까요...? 처음하는데 진짜 컴메이플이랑 너무 달라서 괴리감 오고 뭐가뭔지 모르겠어요 ㅜㅜ..,0,2026-08-02T16:23:05Z
247,j__MUJTquJw,[ 10:31 ] '잠궈줍니다' > '잠가줍니다' 맞춤법 잘못 되셨어용,0,2026-08-02T15:27:36Z
248,j__MUJTquJw,아니 이거말고 코인수급량 알려달라고,1,2026-08-02T11:37:15Z
249,j__MUJTquJw,"아직 소개된 적 없는 것 같아서 저만의 꿀팁 공유 드리고 갑니다.


궁수
1스킬 엘리멘탈 고스트
2스킬 드래곤 버스트(궁극기)
3스킬 볼텍스 스피어

마법사
1스킬 프레이
2스킬 힐
3스킬 조디악 레이(궁극기)


이렇게 세팅하고 스테이지 들어가면

궁수의 드래곤 버스트는 즉발이고
마법사는 버프 스킬 캐스팅 딜레이 때문에 조디악 레이 발동이 약간 늦춰집니다.

이렇게 되면 첫 웨이브는 궁수 드래곤 버스트 즉발로 인해 바로 밀리고
두 번째 웨이브는 마법사의 캐스팅 딜레이로 세이브(킵)한 조디악 레이로 바로 밀고 들어갈 수 있어요.

웨이브 두 개 먹고 들어가는 셈",5,2026-08-02T16:54:40Z
250,j__MUJTquJw,카오스는 HP보다 방어력이 효율 더 좋지 않나요?,0,2026-08-02T11:24:54Z
251,j__MUJTquJw,아 울티마 온라인 망겜이네 콘텐츠가 없어 콘텐츠가,0,2026-08-02T15:19:48Z
252,j__MUJTquJw,혹시 코인 만 받을꺼면  일반  3지역 10단계만 해도 상관없는거죠? 카오스지역은 코인 안주던데 칭호딸꺼면 카오스도 가고 그게 아니면 안가도 되죠?,1,2026-08-02T11:20:40Z
253,j__MUJTquJw,코인 획득량 스테이지 마다 차이 있나요?,0,2026-08-02T12:19:45Z
254,j__MUJTquJw,누구는 방어력 누구는 체력 뭐가 맞노 도대체,1,2026-08-02T13:57:23Z
255,j__MUJTquJw,3-5 왜 1웨이브 쫄하나가 안죽죠,0,2026-08-03T14:03:08Z
256,j__MUJTquJw,"음 잠재는 무조건 무기 [크뎀, 공/마%, 쿨감] 방어구는 [크확 세 줄]이 고점이 훨씬 높아 보입니다. 최종 옵션은 직업 상관없이 [크뎀 36%, 크확 27%]가 종결 옵션 같습니다. 무기를 먼저 유효옵 세 줄을 띄우고 크뎀이 높다면 방어구는 크확, 공/마%나 쿨감이 높다면 방어구는 공/마로 세팅하는게 좋아 보입니다.",0,2026-08-02T12:16:14Z
257,j__MUJTquJw,솔직히 재밌고 재미없고를 떠나서 방치형인지는 모르겠는.. 신경써줘야될게 너무 많다 다음에 나오면 좀 더 개선해서 나외줬으면,0,2026-08-02T11:43:59Z
258,j__MUJTquJw,나만 진짜 제작자의 의도대로 방치하나,5,2026-08-02T12:30:53Z
259,j__MUJTquJw,걍 레벨 더 높이고 템 8강끼면 공략필요없이 천천히 꺨수있찌않음?,2,2026-08-02T11:27:38Z
260,j__MUJTquJw,카오스코인 모으는용도 이제 방치형됨 ㅋㅋ,0,2026-08-03T20:37:11Z
261,j__MUJTquJw,9렙 장비있나요?,0,2026-08-03T12:50:02Z
262,f3DLA1EU8vw,"아직 확정된건 아니지만
현재까지의 체감을 말씀드려보자면
지금은 2-3 재시작이 나은 거 같습니다
 
* 무기만 장착하고 방어구 전부 빼기 / 보스전에 전멸
종종 보스전 가질때도 있는데 어쩔 수 없음 신경 크게 안 쓰셔도 됩니다
 
스킬 세팅은
디바이드 - 오라 - 데몬 베인
드래곤 버스트 - 볼텍스 스피어 - 차지드 애로우
프레이 - 체인 라이트닝 - 플레임 스윕
 
순으로 배치 순서 지켜서 장착해 주시면 됩니다
 
카오스 난이도부터는
경험치 몇 % 손해 이런거 크게 신경 안 쓰셔도 되니
편하게 템 파밍하면서 레벨링 해주세요!
 
* 8단계가 최고 단계인데
템이 진짜 잘나와서 생각보다 파밍이 쉽습니다
 
현재 제 템세팅 레벨입니다
전사 : 8787
궁수 : 7877
법사 : 8888",49,2026-07-31T07:18:53Z
263,f3DLA1EU8vw,선생님 덕에 편하게 합니다 감사합니다 좋은 하루되세요 ㅎㅎ,0,2026-08-02T22:57:06Z
264,f3DLA1EU8vw,스킬 순서가 중요한 거였굼요… 저 계속 반피 남고 못 깨다가 맑음님 영상 보고 스킬순서 맞추니까 몇초컷 나버리네요.. 감사합니다 3-10클리어!,0,2026-07-31T08:37:05Z
265,f3DLA1EU8vw,좋은 공략 감사합니다 😀,0,2026-08-01T14:15:21Z
266,f3DLA1EU8vw,"방치형을 진심펀치 때리면 우째요   
잘보고 갑니다 추천꾸욱!!",0,2026-08-01T06:27:04Z
267,f3DLA1EU8vw,아직 2-10도 못깬 후발대는 개추,129,2026-07-30T10:55:31Z
268,f3DLA1EU8vw,와 벌써3-10 공략을 ㄷㄷ,3,2026-07-30T10:12:23Z
269,f3DLA1EU8vw,항상 많이배워갑니다,0,2026-07-31T17:41:36Z
270,f3DLA1EU8vw,방치형인데 공략 계속 올라오는게 개웃기네 ㅋㅋㅋㅋ 근데 재밌긴해,0,2026-07-31T11:32:04Z
271,f3DLA1EU8vw,와 3-10 3트째 발리다가 맑음넴 덕분에 한번에 깼네요 ;ㅁ; 언제나 감사합니다 대 맑 음,2,2026-07-30T14:09:25Z
272,f3DLA1EU8vw,항상 잘 보고 있습니다!! 4:35 요기 bgm 무엇인지 알수있나요??,0,2026-08-04T04:12:53Z
273,f3DLA1EU8vw,15:10 아이템 빼서 일찍 죽는 빌드가 있는 갓겜ㅋㅋㅋㅋㅋ,0,2026-08-01T09:21:53Z
274,f3DLA1EU8vw,카오스 2-3까지라고 하셨는데 저는 맑음님꺼 언제까지 되는지 계속 해보다가 2-5부터 간당간당하게 2-7까지 깨졌어요! 역시 믿고있었다구 갓 맑음!!  2-8은 안댐 ㅎ,1,2026-08-01T09:02:07Z
275,f3DLA1EU8vw,캬 공략 보자마자 바로 카오스 들어왔다,0,2026-08-02T08:19:52Z
276,f3DLA1EU8vw,나도 ㅈ빠지게 매일 켜두고 했는데 레전을 못먹었는데 ㅜㅜ 부럽네요,0,2026-07-30T11:27:49Z
277,f3DLA1EU8vw,여태 에스페시아 레어밖에 못봤으면 개추,11,2026-07-31T07:33:00Z
278,f3DLA1EU8vw,방치형 맞냐고!!,32,2026-07-30T10:18:23Z
279,f3DLA1EU8vw,스킬 스위칭할때 굳이 모션끝날때까지 기다리지 말고 스킬 나가는거 보이면 바로 스위칭 하셔도 딜이며 버프효과며 다 들어갑니다,1,2026-07-30T12:48:32Z
280,f3DLA1EU8vw,일단 무기는 %쓰는게 효율이 더 좋더라구요. 깡수치는 기껏해야 25 이정도 오르는데 %로 장착하니 700씩 오릅니다. 이미 클리어한 맵은 사망시 바로 다시 돌 수 있다는건 처음 알았네요 ㄷㄷ 저도 7단계 파밍하러 가야겠습니다. 감사합니다,0,2026-07-31T05:09:58Z
281,f3DLA1EU8vw,"카오스 모드에서는 전사 방어력 효율이 좋다는 얘기가 있는데, 깡체력 올리는 게 더 좋나요??",0,2026-08-01T05:40:09Z
282,f3DLA1EU8vw,뭔가 마지막 3-10은 만렙을 찍어야 깰수있는 메커니즘일것 같다...,0,2026-07-31T16:20:29Z
283,f3DLA1EU8vw,와 3-10 영상 올라온 줄도 모르고 혼자 10트도 넘게하다가 시간 날렸는데 한 번에 완전 널널하게 깨지네요 감사합니다! 맑음님 최고!,1,2026-07-31T09:26:47Z
284,f3DLA1EU8vw,여행때문에 접속 못해서 일요일 밤에 집 오자마자 지금까지 컴터 계속 켜 놓놨음 전사 37 궁수 36 법사 30 ㅋㅋ,0,2026-07-30T12:18:27Z
285,f3DLA1EU8vw,"카오스 1-1이 2분4초 나오고 1-2가 3분35초나와서 멘탈큐어로 효율계산해보니까 1-2가 더 경험치 효율이 좋다고 나오는
빠르게 클리어하는 쪽이 괜찮을까요 효율쪽이 괜찮을까요?",0,2026-08-04T17:26:07Z
286,f3DLA1EU8vw,이거 1카오스코인은 카오스스테이지 몇부터드랍되나요?? 출근할때 켜놓고 1-3 퇴근하고와서 보니 코인하나도없어요ㅠ,0,2026-08-03T13:07:10Z
287,f3DLA1EU8vw,5:58 골드는 딱히 별 필요가 없는 게 어차피 카오스 들어갈 때쯤 되면 이미 유틸리티 다 뚫어놔서 골드 쓸 일도 없음,5,2026-07-30T14:45:05Z
288,f3DLA1EU8vw,공략좀 볼걸 그랬네... 40 3개랑 7단계 장비로도 3-10 못깨고있었는데 시간날리고 있었구만,0,2026-08-02T05:03:00Z
289,f3DLA1EU8vw,마법사 40렙전에도 2-3까지는 가끔 리트나지만 잘 밀리네요,0,2026-07-31T15:00:34Z
290,f3DLA1EU8vw,"10:20 와 이런 빌드는 누가 만드는 거임?
1-3에 막혀서 1-1만 뺑뺑이 돌리고 있었는데 이거 보고 바로 2-3까지 한 번에 다 뚫음ㅋㅋㅋㅋ",1,2026-07-30T17:23:32Z
291,f3DLA1EU8vw,이 영상 보자마자 3-10 깻네 진작에볼걸...,0,2026-07-31T07:01:25Z
292,f3DLA1EU8vw,혹시 영상 ost 뭔지알수있을까욤?,0,2026-07-30T11:39:59Z
293,f3DLA1EU8vw,열받는게 스킬 스위칭 할때마다 문구뜨는거 개빡침 ㅋㅋㅋㅋ,90,2026-07-30T11:08:01Z
294,f3DLA1EU8vw,"3-10 턱 밑까지 왔는데 3-9에서 에페 터뜨려야 할 것을 2-9에서 터뜨린...
자발적으로 후발대로 내려옵니다 흑",0,2026-07-30T13:29:48Z
295,f3DLA1EU8vw,울티마 에스페시아 상자 지금까지 에픽 2번에 올 레어인데 원래 잘 안 뜨는 건가요?,0,2026-07-30T14:25:34Z
296,f3DLA1EU8vw,"10:23 길뚫
8:36 반복사냥",0,2026-07-31T14:30:10Z
297,f3DLA1EU8vw,카오스 2-3 방여구 다빼고 하는 재시작 오프라인일때도 해도 되나요 오프라인이면 템 다끼고 카오스 1-1 해놔야되나요 걍 카오스 2-3 방여구 다빼고 하는 재시작 오프라인도 그렇게 해도 되나요?,0,2026-08-06T10:48:38Z
298,f3DLA1EU8vw,어차피 코인 가격 엄청 싸서 그냥 천천히 달려도 됨 코인샵 기한이 짧아서 경쿠 다는 못 쓰겠지만 최대한 사서 써야지,0,2026-07-31T13:43:39Z
299,f3DLA1EU8vw,"큐브 자동재설정을 넣어달라!!!!
무기바꿀때마다 힘들다",19,2026-07-30T10:55:39Z
300,f3DLA1EU8vw,스펙터 공략은 귀찮아서 안보고 하지도않더니 이건 방치형이랬는데 왜 공략을 만들어서 찾고 스킬 스위칭하고 미친...,0,2026-07-30T16:31:08Z
301,f3DLA1EU8vw,"방치 후 메소 모으는 건 어디서 하면 되려나요
그냥 2단계부터 쭉 돌려서 다시 갱신하고 확인이 제일 낫나",0,2026-08-01T04:31:28Z
302,f3DLA1EU8vw,방치형인데 오프라인 시간도 정해져 있으면서 경험치 빼고 획득을 못하네,1,2026-08-01T03:36:37Z
303,f3DLA1EU8vw,방치하라니까 왜이렇게 집착하는거야 ㅋㅋㅋㅋ,0,2026-07-30T23:09:45Z
304,f3DLA1EU8vw,7:10 출근할때 키고 나가야돼?😢,0,2026-07-30T14:00:55Z
305,f3DLA1EU8vw,어쩐지 올 6티어 장비가지고 가도 못깨더라니 렙40까지 키워야하네...,0,2026-07-30T13:59:23Z
306,f3DLA1EU8vw,3-10 한 틱 부족한데 다죽는경우 즉사패턴 직전에 일부러 전사를 죽이고 헤도로 부활시켜서 무적시간으로 평딜 한 턴 벌 수 있습니다 궁수6렙활 뒤지게 안나와서 이걸로깸,0,2026-07-30T21:43:32Z
307,f3DLA1EU8vw,메 M 공략 올려주시나요??,0,2026-07-30T15:55:53Z
308,f3DLA1EU8vw,이제 슬슬 7렙 장비들끼는데 잠재 뭘로해야될지를모르겟어요ㅠ,0,2026-08-01T11:36:49Z
309,f3DLA1EU8vw,2-3살자 빌드 이거 히트네 ㄷㄷ,0,2026-07-30T16:43:02Z
310,f3DLA1EU8vw,2-3 뺑뺑이 스킬은 어떡게하나요?,1,2026-07-31T10:13:38Z
311,f3DLA1EU8vw,보험의 보험의 보험의 보험의 보험의 보험~,0,2026-07-30T16:52:29Z
312,f3DLA1EU8vw,카오스 2-3에서 방치파밍할때 스킬순서 어떻게하나요?,0,2026-07-30T15:10:45Z
313,f3DLA1EU8vw,효율의민족ㅋㅋㅋㅋㅋㅋㅋㅋㅋㅋ,1,2026-07-30T22:50:50Z
314,f3DLA1EU8vw,ㅇㄷ,0,2026-07-30T10:26:27Z
315,f3DLA1EU8vw,울티마 나오면서 맑음이 ㅋㅋㅋ 이렇게많이쓰는거 첨봄ㅋㅋㅋ,0,2026-07-31T13:22:33Z
316,f3DLA1EU8vw,레전 잠재 공략도 해줘잉,0,2026-07-31T22:31:32Z
317,f3DLA1EU8vw,뭐지.. 엄청 느긋하게 했다고 생각했는데 3-10 못 간 사람이 생각 이상으로 많나보네..,0,2026-07-30T14:28:57Z
318,f3DLA1EU8vw,ㅋㅋㅋ 이게 방치....? 3-1꾸역 올라왔는디 벽느껴지네,0,2026-07-30T11:02:06Z
319,f3DLA1EU8vw,메m 렌공략좀 올려줘여,1,2026-07-31T08:05:22Z
320,f3DLA1EU8vw,37렙 4퍼에서 영상처럼 1-3에서 에스페시아 깠는데 40으로 바로 안가네용..,0,2026-08-01T01:20:45Z
321,f3DLA1EU8vw,"신창섭은 썬데이로 울티마
 2배경험치를 뿌려라🎉🎉🎉🎉🎉🎉🎉",32,2026-07-30T10:55:39Z
322,f3DLA1EU8vw,여행 다녀와서 늦게 시작했는데 원래는 이정도 진도까지 빼야하나...,0,2026-08-01T03:59:30Z
323,f3DLA1EU8vw,6렙장비 다 맞추고 장비창에 개 많이 쌓여있는게 7렙장비는 언제 만드나요,0,2026-07-31T05:27:17Z
324,f3DLA1EU8vw,"스킬 장착 순서를 강조하시는데 
이유가 있나요? 순전한 궁금함잊니다",0,2026-08-03T04:08:24Z
325,f3DLA1EU8vw,써주신 43퍼 50퍼때 전사가 죽어서 부활스위칭 하느라 극딜기 스위칭이 안되는데 어떻게함?,0,2026-07-31T15:27:06Z
326,f3DLA1EU8vw,아니 스킬 제작의도 부터가 스위칭을 강제하는데 스위칭 하는데 딜레이가 3초씩걸리니깐 뭐하자는건지 싶음 이게 미니게임이 아니었다면 게임사 주가가 휴지조각이 될만한 이슈인데,0,2026-07-31T12:28:06Z
327,f3DLA1EU8vw,다 깨면 어디서 어떤 잠재로 코인 파밍하면 좋을지 알려주세요~,0,2026-07-31T17:03:31Z
328,f3DLA1EU8vw,이전영사에서 알려준 사이트에선 2-9가 경험치 제일 좋다고 나오는데 2-7이 맞는건가요,0,2026-07-31T15:27:34Z
329,f3DLA1EU8vw,끝까지가고싶지만 너무 공부해야하고 아~~복잡네,0,2026-07-30T11:10:50Z
330,f3DLA1EU8vw,전사 무기 깡공 두줄이 좋나요? 아니면 공퍼 하나가 좋을까요?,0,2026-08-02T10:50:46Z
331,f3DLA1EU8vw,카오스 2-3 템빼고 죽는거 스킬은 어떻게하나여?,0,2026-07-30T11:31:45Z
332,f3DLA1EU8vw,혹시 15분대 스킬세팅은 어떻게되나여?,0,2026-07-30T16:59:22Z
333,f3DLA1EU8vw,메이플m 렌 260가이드 영상도 올려주시나요?,5,2026-07-31T13:48:39Z
334,f3DLA1EU8vw,08:32 10:17,0,2026-08-02T04:36:44Z
335,f3DLA1EU8vw,카오스 뚫으면 어디서 뺑뺑이 돌려야해요?  똑같이 일반 2-7인가요,0,2026-07-31T15:11:45Z
336,f3DLA1EU8vw,이미 카오스 3-2까지 와버렸다... 그래도 뺑이는 1-1 ㅋㅋㅋㅋ,0,2026-07-30T23:13:18Z
337,f3DLA1EU8vw,10:23 8:36,0,2026-07-31T21:55:05Z
338,f3DLA1EU8vw,카오스고 나발이고 2-7 뺑뺑이만 돌고있는데 ㅋㅋㅋ,0,2026-07-30T10:59:16Z
339,f3DLA1EU8vw,2-3 3분 걸리더라도 방치로 뺑이 돌리고 싶은데 그럴빠에 1분 30초 걸리는 1-1이 맞나? 스킬 스위칭 맵 수동으로 들어가기 진짜 개 지랄맞아서 절대 못함,0,2026-08-02T00:46:55Z
340,f3DLA1EU8vw,극딜 이펙트 중에 스킬 슬롯에서 그냥 빼도 됩니다.,0,2026-07-30T12:47:14Z
341,f3DLA1EU8vw,진작볼걸 ㅠㅠ,0,2026-08-05T15:49:12Z
342,f3DLA1EU8vw,전사 해머 말고 블레이드 끼는 이유가 뭐임? 블레이드 딜 700 이고 해머 1200인데,0,2026-07-31T00:05:48Z
343,f3DLA1EU8vw,1,0,2026-07-30T10:11:01Z
344,f3DLA1EU8vw,14:50 브금 아시는분?,0,2026-08-03T07:51:46Z
345,f3DLA1EU8vw,"방치형이라매... 이런 공략 안봐도 매일 접속만 하면 다 타먹을 수 잇는 거 아니엇어,,,?",9,2026-07-30T11:11:43Z
346,f3DLA1EU8vw,363630 인데 어디 뺑뺑이 돌아야 할까요,0,2026-07-30T10:41:59Z
347,f3DLA1EU8vw,2-6이 2-7보다 효율이 더 좋은거 아니었나요..?,0,2026-07-30T10:43:19Z
348,f3DLA1EU8vw,2-7 너무 돌렸더니 메소 7700만에 큐브 1100개 있네,0,2026-07-31T17:11:13Z
349,f3DLA1EU8vw,ㅅㅂ;; 나 한순간도 안쉬었는데 36렙인데 뭐지...,0,2026-07-30T20:19:37Z
350,f3DLA1EU8vw,메이플m공략은 안올리시나요,0,2026-07-31T04:48:45Z
351,f3DLA1EU8vw,이걸 보고 에스페시아 깟어야됏는데..,0,2026-07-31T04:05:41Z
352,f3DLA1EU8vw,2-3에서 7단계 장비 나오는게 맞나? 켜놓고 잤는데 하나도 안나오네,0,2026-08-01T03:44:09Z
353,f3DLA1EU8vw,이거 신경쓰다 부캐 보돌 덜했다😢,0,2026-07-30T13:59:02Z
354,f3DLA1EU8vw,이번 3-10은 40 안찍곤 깨지 말라수준이더라 어휴,0,2026-07-30T17:07:18Z
355,f3DLA1EU8vw,2-3까지 계속 저 노가다 해야댐??ㄷㄷ,0,2026-07-31T15:45:18Z
356,f3DLA1EU8vw,8일중 7일을 울티마 에페 레어만 떴다 이게 실화냐 ㅡㅡ,0,2026-07-30T15:02:47Z
357,f3DLA1EU8vw,에스페시아 미친거 등업 한번을 안함,0,2026-07-30T12:42:51Z
358,f3DLA1EU8vw,7렙은 왜 합성으로 만들면 안됨?,2,2026-08-03T13:52:37Z
359,f3DLA1EU8vw,3-10은 40렙 찍고 갈 수 있나보네요.. 37렙이라 안깨져서 보러왔는데 ㅜㅜ,3,2026-07-30T10:23:01Z
360,f3DLA1EU8vw,2-10 안꺠집니다 ㅠ,0,2026-07-30T10:43:45Z
361,f3DLA1EU8vw,"이거 아예 안되네,, 하고 담날 퇴근후 접속해보면 깨짐",0,2026-08-01T04:38:02Z
362,f3DLA1EU8vw,극단적 고관여 게임,1,2026-07-30T23:42:06Z
363,f3DLA1EU8vw,아니 이제3-2인데 ㅋㅋㅋㅋ ㅋㅋ,0,2026-07-30T10:46:55Z
364,f3DLA1EU8vw,카오스 고단계 가면 방어력이 좋음.. 참고하셈..,0,2026-07-31T03:48:08Z
365,f3DLA1EU8vw,왤케 다들 달리나 했더니 카오스코인 채굴할려는거였구나,0,2026-07-30T10:54:10Z
366,f3DLA1EU8vw,방치라고 방치,0,2026-07-30T11:03:16Z
367,f3DLA1EU8vw,죄송합니다 1-10 그냥극딜에 녹네요..,0,2026-08-01T07:04:29Z
368,f3DLA1EU8vw,10:21,0,2026-08-02T04:42:35Z
369,f3DLA1EU8vw,9:57,0,2026-08-04T02:25:12Z
370,f3DLA1EU8vw,아직도 1단계 무기 쓰는 나는,0,2026-07-30T13:26:01Z
371,f3DLA1EU8vw,방치만 했는데 2-3까진 깨지네,0,2026-07-30T14:03:45Z
372,f3DLA1EU8vw,지금 3-2인데.......,0,2026-07-31T01:26:57Z
373,f3DLA1EU8vw,카오스 3-10 공략이 아니였네,0,2026-07-31T05:46:51Z
374,f3DLA1EU8vw,38 38 33 인데 2-7보다 3-3이 효율 더 좋던데..,0,2026-07-30T16:06:31Z
375,f3DLA1EU8vw,1.단 좋아요를 눌러,0,2026-07-30T10:14:20Z
376,f3DLA1EU8vw,방치형이라면서요 😂,0,2026-07-30T20:26:09Z
377,f3DLA1EU8vw,벌써 카오스 코인 쌀먹 꿀통 끝남 ㅠ,2,2026-07-30T12:59:39Z
378,f3DLA1EU8vw,2-6 안가고 2-7 가시네,0,2026-07-30T10:25:23Z
379,f3DLA1EU8vw,아직 40도 못찍었는데 ㅋㅋ,0,2026-08-04T13:41:56Z
380,f3DLA1EU8vw,2-4부터는 어떻게 하나요,0,2026-08-01T07:48:52Z
381,f3DLA1EU8vw,메m렌250작좀요,0,2026-07-31T02:54:58Z
382,f3DLA1EU8vw,2-10도 못갔는데 ㅋㅋㅋ,0,2026-07-30T10:15:41Z
383,f3DLA1EU8vw,나만 방치했나 사람들 왜이렇게 빨라,255,2026-07-30T10:20:43Z
384,f3DLA1EU8vw,아직도 1렙 장비끼면 개추 ㅋㅋ,0,2026-07-30T22:44:51Z
385,f3DLA1EU8vw,"지금 37, 37, 31인데
에스페시아 자꾸 까먹고
6번이나 못한게 너무 크다 ㅠㅠ",0,2026-07-30T11:10:36Z
386,f3DLA1EU8vw,에스페시아 지금까지 올 레어라 강제 후발대 안착한 사람은 개추 ㅋㅋ,46,2026-07-30T10:32:12Z
387,f3DLA1EU8vw,나왜 쉬었음 청년됨...,0,2026-08-01T14:47:08Z
388,f3DLA1EU8vw,공격속도 증가 옵션 돌려서 달았는데 공마퍼가 더 좋은건가요?,0,2026-07-30T10:39:37Z
389,f3DLA1EU8vw,경치효율 2-6이 잘나올텐데,0,2026-07-30T23:26:08Z
390,f3DLA1EU8vw,왜카오스 2-3까지밖에 안밀어염?,0,2026-07-31T07:08:42Z
391,f3DLA1EU8vw,2ㅡ6에서 3일째임 ㅋㅋ,0,2026-07-30T23:35:19Z
392,f3DLA1EU8vw,맑음님 전사는 체력보다 방어력이 더 좋습니다,0,2026-07-30T22:12:31Z
393,f3DLA1EU8vw,8:27 1-1 반복세팅,0,2026-08-08T13:06:33Z
394,f3DLA1EU8vw,뭔 진도가 이렇게빨라 하루종일 게임만함..?,0,2026-07-31T03:03:05Z
395,f3DLA1EU8vw,2-6아니였어??? 다들 2-6이라던데??,0,2026-07-30T13:41:09Z
396,f3DLA1EU8vw,"에페타령하는것들은 그냥 천천히해라
나도 에페 올레어에 퇴근하고 몇시간 하는정도인데 카오스왔다",0,2026-07-30T15:44:57Z
397,f3DLA1EU8vw,"공략이건 머건 그냥 40빨리찍는게 장땡이였던게임
버그로꿀빨아서 40찍고 카오스간 애들은  5단계장비 파밍하며 
버그 못써서 장비 합성 존나하는 애들보고 비웃고 있던 게임",0,2026-07-30T16:57:13Z
398,f3DLA1EU8vw,2-7이 경험치가 제일 많이 줘요? 더 올라갈 수록 더주는거 아닌가?,0,2026-07-31T00:30:17Z
399,f3DLA1EU8vw,"나의 빛 맑음쨩
혹시 메M렌260공략 찍어주시나요?",97,2026-07-30T10:10:47Z
400,f3DLA1EU8vw,2-7보다 2-9가 더 좋던데,0,2026-08-01T01:33:58Z
401,f3DLA1EU8vw,레벨>>>>>>>>>>>>템 ㅋㅋ템스탯 관여가 진짜 개낮음,0,2026-07-31T06:20:08Z
402,f3DLA1EU8vw,방치형이라매 아직 마법사도 못열엇다고..,0,2026-07-30T15:49:48Z
403,f3DLA1EU8vw,스위칭 귀찮아 뒤지것네,0,2026-08-04T06:37:58Z
404,f3DLA1EU8vw,궁금한 게 있는데 2-7이 레벨링에 있어서 3지역보다 효율이 더 좋아서 2-7 가는건가요?,0,2026-07-30T10:31:48Z
405,f3DLA1EU8vw,스킬 스위칭 개불편하게 해놨네 그 자랑하던 프리셋 어디갔어,0,2026-07-30T14:29:39Z
406,f3DLA1EU8vw,이제 1-2인데 ㄷㄷ,2,2026-07-30T12:59:34Z
407,f3DLA1EU8vw,ㅅㅂ 재밌질 말던가 ㅋㅋㅋㅋㅋ 이게 어케 극단적 저관여냐고,0,2026-07-30T19:58:53Z
408,f3DLA1EU8vw,메m 250공략 올려주시나용,0,2026-07-30T11:02:06Z
409,f3DLA1EU8vw,"2-6이 경치효율이 더 좋은데 왜 2-7 추천인거지,,,??",0,2026-07-30T15:21:29Z
410,f3DLA1EU8vw,7단계부터 잠재 공략이 어케 되나요?,0,2026-07-31T01:28:04Z
411,f3DLA1EU8vw,1:22  여기 브금 뭐에요 ?!,2,2026-07-30T10:33:52Z
412,f3DLA1EU8vw,근데 왜 6단계 풀셋전에 7단계올리먄 안되는거에요?,0,2026-07-30T11:41:15Z
413,f3DLA1EU8vw,전사 28% 궁수 43% 마법사 50% 이거 수치는 어디서 확인하나요?,0,2026-07-30T10:48:32Z
414,f3DLA1EU8vw,2-6 이랑 2-7이랑 효율 뭐가 더 좋나요,0,2026-07-30T11:18:19Z
415,f3DLA1EU8vw,7단계 안만드는 이유가 뭐죠? 그냥 단계높은게 짱아닌가요?,0,2026-07-31T00:11:23Z
416,f3DLA1EU8vw,2-7보다 2-6이 더 효율 좋지않나?,0,2026-07-30T13:01:04Z
417,f3DLA1EU8vw,하 왜 구라치노 1-3에서 까도 35에서 40도안되구만 법사,1,2026-07-31T18:09:54Z
418,f3DLA1EU8vw,"그래서 카오스 던전 오류난 거 압수했냐고요?

ㄱ-",2,2026-07-30T10:10:44Z
419,f3DLA1EU8vw,"본인도 컴퓨터 계속 켜놓고 할거하면서 아이템 합성만 조지고 전사 궁수 40렙, 카오스 진입 앞두고 있어서 큰 할 말은 없다만

카오스 코인 채굴 빨리하고 상점에서 물건 구입 후에 본캐 성장에 도움주려는건 알겠는데

선착순으로 뭐 주는것도 아니고 가만히 있어도 갈만큼 가고 본캐 성장도 알아서 할 수 있을거 이렇게까지 하는 이유가 뭐임? 순수하게 그냥 궁금증임ㅋㅋㅋ",1,2026-07-30T12:49:32Z
420,f3DLA1EU8vw,카오스 2-3에서 7단계 복사 야르~,1,2026-07-30T10:26:31Z
421,f3DLA1EU8vw,"8:28
9:54",0,2026-08-07T15:01:10Z
422,f3DLA1EU8vw,10:24,0,2026-08-11T02:24:38Z
423,Y55mNGMowDw,"아참 그리고 메이플 포인트샵도
필요한만큼 구매했는지 확인하세요!! (필요하신 분들만)
 
- 메카베리 농장 주 2개
- 블루베리 농장 주 2개
 
* 큰 틀에서 효율을 요약하자면
몬파 유료 횟수를 추가로 도는 정도라 보시면 됩니다",5,2026-07-28T06:35:50Z
424,Y55mNGMowDw,김창섭 잘못한거 없어도 주기적으로 사과하란 말이야,206,2026-07-28T03:14:52Z
425,Y55mNGMowDw,맑음로이드!! 얼른 메M 공략 영상 만들어줘!!,0,2026-07-30T06:43:30Z
426,Y55mNGMowDw,와 정말 감사합니다 보상 못받고 넘어갈뻔했네요ㄷㄷ;;,1,2026-07-28T03:24:59Z
427,Y55mNGMowDw,마일리지샵에서 산 리턴스크롤 팔수있나요?,0,2026-07-28T04:56:51Z
428,Y55mNGMowDw,5분전 핡,0,2026-07-28T03:11:14Z
429,Y55mNGMowDw,"요새 이벤트가 짜단 말이지
사건사고 없어도 뿌리길",1,2026-07-28T03:28:43Z
430,Y55mNGMowDw,굿,0,2026-07-28T03:10:08Z
431,Y55mNGMowDw,이런건 모르겠고 울티마 3-1 5단계 복사 맛있으면 개추,1,2026-07-28T05:46:58Z
432,Y55mNGMowDw,메이린 레테말고 BGM키링은 까먹었나....,0,2026-07-28T06:04:34Z
433,Y55mNGMowDw,점심밥 먹으면서 봐주마,5,2026-07-28T03:08:27Z
434,Y55mNGMowDw,헐 키캡세트 무언데이이~~,0,2026-07-28T03:39:51Z
435,Y55mNGMowDw,레테 키우는중인데 키캡각인가ㅋㅋㅋ,0,2026-07-28T17:59:16Z
436,Y55mNGMowDw,에테리온 6렙은 천장 만들어줬는데 6렙은 커녕 5렙도 뚫기 힘듬...,0,2026-07-28T08:24:30Z
437,Y55mNGMowDw,저거 굿즈들 한정인가...?,1,2026-07-28T03:43:43Z
438,Y55mNGMowDw,장패드 산지 한참 지났는데 언제쯤 올련지 ㅠㅠ 어서와라,0,2026-07-30T03:33:11Z
439,Y55mNGMowDw,4:08 신창섭은 직업별로 키캡 만들어라 사줄테니까,22,2026-07-28T03:54:19Z
440,Y55mNGMowDw,갑자기 4배쿠폰 10개 조각 200개 브앞부스터 20개 메카베리 2장 만큼 화나네요,0,2026-07-28T03:56:33Z
441,Y55mNGMowDw,메카베리 10장만큼 아쉽네,3,2026-07-28T03:09:51Z
442,Y55mNGMowDw,줏댔다 모아놓은 200억 코디에 탕진했는데 절반도 못 사서 200억 벌어서 또 써야된다..스펙업 멈췄다 노적자 솔격 코앞인데 굿즈까지 나왔다고? 굿즈랑 스펙업에 현질까지 하라는 거네,0,2026-07-28T04:37:40Z
443,Y55mNGMowDw,"와 이영상 보고 알았네요.. 낼모레 마일리지 44000가 사라진다는것을..
항상 잘 보고있습니다 감사합니다!",0,2026-07-28T21:37:15Z
444,Y55mNGMowDw,운영자는 사료를 더 챙겨달라,1,2026-07-28T03:08:55Z
445,Y55mNGMowDw,센스가 뒤지게 모자란게 스토어 전용 일러레들 고용해서 옷도 다른거 입히고 포즈도 다양하게 구상해서 팔아야하는데 공식일러 그대로 붙여서 파는건 좀 진짜 팔아달라니깐 팝니다 이런 감다뒤가 쌔게온단말이지,32,2026-07-28T03:50:33Z
446,Y55mNGMowDw,스킬 키캡세트는 ㅈㄴ탐나는데ㅋㅋ,0,2026-07-28T04:32:21Z
447,Y55mNGMowDw,과자 먹으면서 봐주마,1,2026-07-28T03:09:33Z
448,Y55mNGMowDw,빨리 메카베리 좀 소매넣기해줘봐,0,2026-07-28T03:29:28Z
449,Y55mNGMowDw,점심 꺼어억,1,2026-07-28T03:10:11Z
450,Y55mNGMowDw,키캡 너무 비싸네;;,0,2026-07-28T05:47:22Z
451,Y55mNGMowDw,운영자 보상도 접속종료전에 떴으면 좋겠다 ㅅㅂ,0,2026-07-28T03:51:35Z
452,Y55mNGMowDw,배리나 나올때 되지 않았나 언제 나오지,0,2026-07-28T04:56:31Z
453,Y55mNGMowDw,솔에르다기운25개만큼 화가난다,0,2026-07-28T03:52:47Z
454,Y55mNGMowDw,종종 비틱마냥 짤올리는데 아무도 안긁히네 ㅋㅋ,0,2026-07-28T11:19:54Z
455,Y55mNGMowDw,보스코인얻는 현상금미션은 연습모드도 인정되나요? 아님 찐모만 인정되는건가요?,1,2026-07-28T03:11:16Z
456,Y55mNGMowDw,흠.. 또 사과받을거없나,0,2026-07-30T17:36:14Z
457,Y55mNGMowDw,4,0,2026-07-28T03:09:26Z
458,Y55mNGMowDw,점심시간 최고의 선택,2,2026-07-28T03:05:37Z
459,Y55mNGMowDw,내나이 37살... 저 키캡은 사야겠소,0,2026-07-28T03:37:44Z
460,Y55mNGMowDw,챵섭아 왜 전사무기 30렙이되도록 2렙만 끼고있게만든거냐 사과보상 줘라 빡치니까,0,2026-07-28T04:57:13Z
461,Y55mNGMowDw,메m공략 영상 없나요 급함,0,2026-07-30T03:01:11Z
462,Y55mNGMowDw,월말 특 주간 숙제 하느라 검마 놓침,1,2026-07-28T04:04:42Z
463,xLPWWv_-gwI,"울티마 스쿼드 2-10 공략 원본입니다
https://www.inven.co.kr/board/maple/5974/6946634
 
* 2-10 공략은 여러가지를 전부 참고해 봤는데
전체적인 풀은 영상으로 만든 공략이 더 넓은 거 같아서 선택했습니다

---------------------------
 
사냥터 효율 보는 사이트
https://hsptests.com/maplesquad/
 
사용법은 던전 한바퀴 돌고
최신 기록을 넣어주시면 TO3까지 자동으로 계산됩니다

* 계산기를 어떻게 사용할지 잘 모르겠는 분들은
울티마 스쿼드 최고 효율 계산기 영상을 참고해주시면 감사하겠습니다
https://youtu.be/jfmHPZofrFI",21,2026-07-27T06:05:20Z
464,xLPWWv_-gwI,"아니 왜 이렇게 열심히 하냐고 하는데...
사냥보다 재밌는걸 어떡함... 진짜 쥰내 재밌어서 메이플 켜서 사냥은 안 하고 이것만 하고있음",23,2026-07-27T07:30:56Z
465,xLPWWv_-gwI,7:42 와 궁수 안죽은거 레전드,31,2026-07-27T06:14:38Z
466,xLPWWv_-gwI,ㅋㅋㅋㅋ하다보면 방치게임이 아니게 되버려… 귀찮아서 시드링 스위칭도 안하며 살았는데 이리 스킬 스위칭을 하게 될줄이야,9,2026-07-27T06:17:45Z
467,xLPWWv_-gwI,맑음님 감사합니다! 영상보고 2-10 깼어요!!,0,2026-07-27T06:47:37Z
468,xLPWWv_-gwI,맑음님 덕분에 2-10 깼습니다!! 항상 좋은영상 감사드립니다,0,2026-07-28T12:40:36Z
469,xLPWWv_-gwI,31/30/21 인데 못 깨고 있다가 이거 보고 깼습니다ㅠ성불ㅠ,16,2026-07-27T06:23:38Z
470,xLPWWv_-gwI,와 맑음님 덕분에 저 드디어 2-6 깼습니다 그것도 맑음님이랑 완전 똑같이 궁수 피 1 남기고요 ㅋㅋㅋㅋ 감사합니다 ㅋㅋ 드디어 마법사 얻었네용,0,2026-08-02T14:46:03Z
471,xLPWWv_-gwI,방치할려고 했는데  생각보다 ㄱ재밌어서 당황쓰....ㅋㅋㅋㅋㅋㅋㅋ,2,2026-07-27T07:00:26Z
472,xLPWWv_-gwI,방치형이라면서 본메보다 더 빡겜하는게 방치인가 창섭이형!!,2,2026-07-27T08:17:31Z
473,xLPWWv_-gwI,"이제 메이플은 울티마 스쿼드 접속기가 되어버렸...
재획도 안하고 이것만 보게 됨 ㅋㅋㅋㅋ",3,2026-07-27T08:15:24Z
474,xLPWWv_-gwI,방치를 하라고 최소컷 깎지 말고ㅋㅋㅋ,479,2026-07-27T06:17:03Z
475,xLPWWv_-gwI,"약간 데미지 뜨는거 보는 재미도 있고, 무슨 태그 플레이마냥 전사죽고 궁수죽고 실패직전에 살아나는거 도파민도 재밌고 ㅋㅋㅋㅋㅋ 왜 방치형 게임 하는지 알거같음.. 생각보다 보는 맛이 있었음..",3,2026-07-27T09:03:50Z
476,xLPWWv_-gwI,6:59때 궁수 앞으로 전사 새치기해서 들어와서 속 다뒤집어놓은경험있으면 개추 ㅋㅋ,4,2026-07-27T09:28:29Z
477,xLPWWv_-gwI,사람들이 너무 열심히 해서 덩달아 나도 열심히 하게 되는 갓겜...,2,2026-07-27T09:02:03Z
478,xLPWWv_-gwI,ㅠㅠㅠㅠ 덕분에 2-10 클리어했어여 감사해요!!!,0,2026-07-27T06:32:57Z
479,xLPWWv_-gwI,"보스는 돌기 싫고 사냥은 귀찮고 울티마는 너무 재밋음
세르니움 입성 헤헤",7,2026-07-27T09:38:12Z
480,xLPWWv_-gwI,"방치하라고 만들었는데 최적의 효율을 찾아서 방치가 안되게끔 하는 단합력, 어찌보면 도른자들 같고 다른 한편으로는 대단하다라고 생각도 들음",2,2026-07-27T08:41:02Z
481,xLPWWv_-gwI,클리어 영상 공유한거 귀여우시네요,0,2026-07-27T11:51:55Z
482,xLPWWv_-gwI,"2-10 야무지게 깼다
30 30 20 이여서 영상과 힐 쓰는 타이밍이 조금은 달라서 당황했지만 꿀팁 감사여",0,2026-07-27T08:17:11Z
483,xLPWWv_-gwI,방치형 아니였냐고오오오오오,14,2026-07-27T06:16:27Z
484,xLPWWv_-gwI,방치형 게임 아니었냐고 ㅋㅋㅋㅋ,14,2026-07-27T06:12:11Z
485,xLPWWv_-gwI,울티마스쿼드맑음으로 채널 하나 여셔야겠는데요ㅋㅋㅋ,1,2026-07-27T07:34:52Z
486,xLPWWv_-gwI,오늘 2-6깼는데 다들 어제 깬거보고 식겁함 방치만한것도 아니고 개열심히 했는데 ㅋㅋㅋ,2,2026-07-27T15:58:19Z
487,xLPWWv_-gwI,나만 이러던게 아니었구나 ㅋㅋㅋㅋㅋ 권장레벨 무시하고 어떻게든 틈 비집고 최소컷 깎고있었는데 비슷비슷하네 ㅋㅋㅋㅋㅋㅋ,2,2026-07-27T07:59:33Z
488,xLPWWv_-gwI,2-10 영상 감사합니다 바로 깻네요~,0,2026-07-27T09:10:02Z
489,xLPWWv_-gwI,"이게 뭔 소리야 하고 여러번 하니까 깨졌다..
메붕이들 최고야...짜릿해..",0,2026-07-27T15:15:48Z
490,xLPWWv_-gwI,한국인들이 대단한게 방치형 미니게임을 만들었는데 그걸 여러가지 조합을 짜가며 던전을 깨고 선발대로 가며 최소컷을 해버림 그냥 게임에 진심인 나라 1등,3,2026-07-27T08:36:26Z
491,xLPWWv_-gwI,감사합니다! 한 시간 걸렸어요!,0,2026-07-27T16:26:36Z
492,xLPWWv_-gwI,오우 앀ㅋㅋㅋㅋㅋㅋㅋ마지막에 궁수 죽을까봐 내가 다 조마조마했넼ㅋㅋㅋㅋㅋㅋㅋ,0,2026-07-27T06:26:00Z
493,xLPWWv_-gwI,덕분에 2-10깨고 3-1보만튀중입니다 감사합니다,0,2026-07-27T07:16:19Z
494,xLPWWv_-gwI,지금 메이플 게임보다 이게 더 작전을 짜야하고 연구해야하고 죽겠네요 신창섭은 그냥 방치 하면 솔에르다 준다고 하더만 왜 이렇게 까지 열심히 하고싶은건지 ㅠㅠ,1,2026-07-27T07:34:46Z
495,xLPWWv_-gwI,방치형을 최소컷 깎는 사람들ㅋㅋ,16,2026-07-27T06:41:17Z
496,xLPWWv_-gwI,"ㅆㅂ 2-10 한틱 차이로 겨우 깸. 전사 부활 겁나 남았는데 
궁수 캐리 오졌다",2,2026-07-27T08:03:35Z
497,xLPWWv_-gwI,아무도 방치 안하고 최선을 다해 즐기는중인 울티마 스쿼드,1,2026-07-27T11:31:09Z
498,xLPWWv_-gwI,확실한 건 진짜 잘만든 미니게임이긴 한듯 가끔씩 복각해도 좋을정도로,2,2026-07-27T06:26:28Z
499,xLPWWv_-gwI,6단께활이나왓는데 큐브뭘로맞춰야할까요? 일단 공속1단계랑 공격력 끼고잇는데.. 공퍼가 더좋을까요? 공퍼 10퍼까진나오던뎅,0,2026-07-28T22:13:03Z
500,xLPWWv_-gwI,자신들이 사랑하는 게임에 한 없이 끝을 봐야 하는 인간의 자연스러운 모습,0,2026-07-27T09:45:52Z
501,xLPWWv_-gwI,이게 되네.. 덕분에 깼습니다,0,2026-07-27T10:35:01Z
502,xLPWWv_-gwI,"궁금한게  전사 스킬 순서에서
디바이드 먼저 하니까   오라가 쿨 밀림있는데 괜찮나요?
그리고 전사 디바이드가   법사 플레임처럼 범위가좁네요",0,2026-07-27T12:28:37Z
503,xLPWWv_-gwI,이거 보고 2-6 깻네여 ㅋㅋ 근데 마지막 전사는 아이언 바디로 다시 스위칭해서 퓨탱으로 굴리는게 보스에서 좋더라구여,0,2026-07-27T11:12:08Z
504,xLPWWv_-gwI,칼바람이랑 스쿼드가 극강의 도파민 조합임 ㅋㅋ 질릴수가없음,9,2026-07-27T06:26:13Z
505,xLPWWv_-gwI,방치할꺼야..방치하게 해줘!! 솔야누스 시간 다되서 사라지는데도 이거누르고있는 내가싫다 ㅠㅠ,3,2026-07-27T07:58:20Z
506,xLPWWv_-gwI,극적인 영상 넣어둔거 왜케 귀엽지 수염 덥수룩한 사람일수도 있긴한데,0,2026-07-27T19:21:25Z
507,xLPWWv_-gwI,꿀팁 굿,0,2026-07-27T07:05:47Z
508,xLPWWv_-gwI,"방치형은 무슨 하루종일 템깎고 빌드 바꿔보고 딴거 할 시간이 없다
방치 = 이거 정조대임",3,2026-07-27T10:14:00Z
509,xLPWWv_-gwI,다른 공략 다 모르겠고 30 29 18렙 이거보고 깼습니다 감사합니다,0,2026-07-27T14:25:15Z
510,xLPWWv_-gwI,진짜 30분정도했는데 겨우 한번 스턴억까없이 넘어갓어요 ㄳㄳ...........,0,2026-07-27T07:28:58Z
511,xLPWWv_-gwI,경험치 생각하면 2-7이긴한데 3-1에서 5렙 한번씩 주워먹으면 내려가기 쉽지않음ㅋㅋㅋ,2,2026-07-27T10:48:21Z
512,xLPWWv_-gwI,와 이게 진짜 되네 감사합니다,0,2026-07-27T06:30:47Z
513,xLPWWv_-gwI,"메키 그 n차 통수를 당하고도 왜 하나 했더니 이래서였구나ㅋㅋㅋ
메키 하지는 않을 거지만 이번 이벤은 재밌다ㅋㅋ",0,2026-07-27T11:39:00Z
514,xLPWWv_-gwI,5판 실패하고 짜증나-서 안할까 하다가 6번째 깼네요 ㅋㅋㅋㅋ 이런 보스도 귀찮아서 잘 안 깎는데 딜찎누 아니면  안잡고   방치형을 깍고있네요 ㅋㅋㅋㅋㅋ,0,2026-07-27T08:14:38Z
515,xLPWWv_-gwI,3-4 클리어후 귀찮아서 3-1 자동 주차중인데 5단계 2개 먹었네요. 전 레벨보단 템드랍으로 가고있습니다,0,2026-07-27T08:36:20Z
516,xLPWWv_-gwI,ㄹㅇ 이거땜에 메플 일퀘몬파 다하고 마을에 냅두고 울티마보는중임ㅋㅋㅋㅋㅋㅋㅋㅋㅋㅋ,1,2026-07-29T04:54:22Z
517,xLPWWv_-gwI,3-1 보스보고 맵다시 들어가기 한시간 정도해서 5단계 4개 먹음 할만할지도,1,2026-07-27T06:11:48Z
518,xLPWWv_-gwI,스킬순서도 이유가 있었구나..ㄷㄷㄷ,0,2026-07-27T06:11:19Z
519,xLPWWv_-gwI,방치형 이라매!!!!!!!!!!!!!!!,1,2026-07-27T07:52:49Z
520,xLPWWv_-gwI,이거보고 2-10클리어했습니다.. 개추,1,2026-07-27T09:21:29Z
521,xLPWWv_-gwI,"템은 낭만인거같고 진짜 극강의 효율충들은 2-3 이든 2-4든
맑음님 알려준 사이트에서 본인 경험치 효율 제일좋은곳에서 폭렙업 하세요
레벨이 진리고 깡패고 정답임
템 장비 아무리 좋고 공공 4% 뜨고 이난리 쳐도
레벨 1업 더 높은거 앞에서 쪽도 못씀",1,2026-07-27T06:30:49Z
522,xLPWWv_-gwI,"8월 17일까지하는 널널한 이벤트라 지금 못 깨도 하루이틀 뒤면 쉽게 깨집니다. 지금 안 깨진다고 좌절하지 마시고 그냥 마음 편하게 방치해 두세요
물론 저는 20분에 한 번씩 들여다보면서 템 합성하긴 합니다..ㅋㅋㅋㅋㅋㅋㅋㅋㅋㅋㅋㅋㅋㅋㅋ",1,2026-07-27T06:45:09Z
523,xLPWWv_-gwI,아침에 3-1 깨고 방치하는데 5티 은근 드랍 잘되서 개꿀잼,0,2026-07-27T08:57:42Z
524,xLPWWv_-gwI,이미 2-10 깨고 3챕터 하고있으면서 맑음이라 보는 사람이면 개추 ㅋㅋ,1,2026-07-27T09:12:26Z
525,xLPWWv_-gwI,다들 울티마에 진심인 사람들ㅋㅋㅋ,1,2026-07-27T06:31:13Z
526,xLPWWv_-gwI,후반부는 전사템 공격력말고 체력이 좋나요?,0,2026-07-27T06:28:34Z
527,xLPWWv_-gwI,방치겜인데 이렇게까지해서 하고싶진않다 걍 놔두면 언젠간 깨지겠지뭐,2,2026-07-27T06:27:04Z
528,xLPWWv_-gwI,샤갈 방치라면서 뭐 이벤트 끝나기 일주일전까지 템 파밍 합성하다 깨라는거야 뭐야 ㅋㅌㅋㅋㅋㅋㅋㅋㅋ,1,2026-07-27T08:07:06Z
529,xLPWWv_-gwI,난 진짜 이것마저 최소컷 하려는 사람들이 정말 무섭다....,2,2026-07-27T08:21:03Z
530,xLPWWv_-gwI,영상 눌렀다가 2-10공략이라서 뒤로가기.... 아직 1-7도 못깼는걸요ㅠㅠㅋㅋ,0,2026-08-02T05:46:59Z
531,xLPWWv_-gwI,와 씁빡!!!! 전사 30렙인데 28레벨 공략하고 29레벨공략보고 3시간트라이했는데 안되길레 포기하고 침대 누웠는데 이게 떠서 보고 마지막이다 생각하고 따라했는데 성불했습니다... 하... 감삼다...,0,2026-07-27T12:44:44Z
532,xLPWWv_-gwI,3-1 2~3시간 맛만보다가 그냥 3-7 빨리가서 6티어 파밍하는게 더 중요하다 생각해서 걍 레벨링중,0,2026-07-27T06:25:32Z
533,xLPWWv_-gwI,레벨 비슷해서 2-10 도전해봤는데 5트 해서 깼어요 굿,0,2026-07-27T08:28:28Z
534,xLPWWv_-gwI,극단적 저관여(스펙터할때보다 갑절로 열심히함),3,2026-07-27T07:01:05Z
535,xLPWWv_-gwI,이렇게까지 하고 싶지 않으니 걍 냅두고 천천히 해아지,1,2026-07-28T22:33:34Z
536,xLPWWv_-gwI,귀찮은분은 걍 궁수31렙까지 방치하세요 그러면 2-10 걍 딜찍됨 지금 올라오는건 최소컷 깎는것들이라 그럼,1,2026-07-27T13:40:11Z
537,xLPWWv_-gwI,아니 미니게임에 빌드를 짠다고? 다들 쌀조각에 이토록 진심이였구나 ㅋㅋㅋㅋㅋㅋㅋㅋㅋ,1,2026-07-27T11:18:10Z
538,xLPWWv_-gwI,법사템이 4단계 먼저 되는건 무슨 코드인가? 죄다 법사템부터 4단계찍고 시작하네~ 궁수 레벨이 33인데 아직도 3단계인데...ㅜㅜ,2,2026-07-27T15:23:05Z
539,xLPWWv_-gwI,3-1 5단계장비 은근 잘나옴 ;; 잡몹 파밍 시간날 때 하는거 강추합니다,0,2026-07-30T15:10:48Z
540,xLPWWv_-gwI,"공식 메이플 클라 속 방치형 메키, 공식 리부트 밑에 클래식 이렇게 넣어두면 메이플 그냥 개 미친게임될거같은데",0,2026-07-27T09:33:06Z
541,xLPWWv_-gwI,❤,0,2026-07-27T06:05:39Z
542,xLPWWv_-gwI,2-10 핵심은 첫 독은 들어가자장착한 힐로 버티고 2번째 독 때는 몸빵으로 버티면서 전사 죽이고 3번째 독 모션 보이자마자 전사를 살리는게 핵심,0,2026-07-27T07:02:11Z
543,xLPWWv_-gwI,딱 29 28 18에서 2-10 막혀서 스킬 교체 트라이 연구중이었는데 공략이 올라왔네.,0,2026-07-27T10:37:49Z
544,xLPWWv_-gwI,극단적 관여겜 ㄷㄷ,1,2026-07-27T07:18:56Z
545,xLPWWv_-gwI,아니 이거 그냥 솔에르다랑 조각 먹는거 아님?? 이렇게 까지 깎아야해...?,2,2026-07-27T07:05:18Z
546,xLPWWv_-gwI,헤도로 독만 잘 씹으면 바로 깨지네요 굿굿,0,2026-07-27T09:15:03Z
547,xLPWWv_-gwI,방치형 게임 (현생 방치),2,2026-07-27T10:58:07Z
548,xLPWWv_-gwI,이미 3지역 들어가서 그냥 남들 어떻게 하나 구경하러온 메붕이면 개추ㅋㅋ,1,2026-07-27T08:21:05Z
549,xLPWWv_-gwI,"전

전 : 디바이드

궁 : 폭시

법 : 없음



1. 2-9 가서 법사 스킬 장착 준비 후 포탈 눌러 2-10 가자마자 힐 장착



2. 계속 하다가 전사 뻗으면 블헤 장착



3. 다 죽고 전사 간발의 차로 깨어나면 궁수-법사 순서대로 깨어남



4. 계속하다가 헤도 장착 준비하면서 전멸하기 직전에 헤도 장착. 아니면 킵.



5. 전사 깨어나면 계속 딜 후에 전사 죽으면 디바 빼고 아이언 바디로 스위칭



6. 궁수-법사 순으로 깨어나서 태그매치.



7. 4번이랑 한무반복

일케 깸여",0,2026-07-28T02:31:09Z
550,xLPWWv_-gwI,29/28/19 이거 보고 15트 정도 하고 깼습니다..!!!!,0,2026-07-27T12:11:54Z
551,xLPWWv_-gwI,"이게 무슨 방치형임 ㅋㅋㅋㅋㅋ
애초에 스킬 스위칭도 겁나 불편하게 만들어놨는데 왜 다들 쇼컷을 깎고 있냐고 ㅋㅋㅋㅋㅋ
저도 어떻게 비벼서 3-1 자동 돌리고 있긴 한데 ㅋㅋ",1,2026-07-27T06:18:27Z
552,xLPWWv_-gwI,"공략은모르겠고 계속부활하다가 어떻게깻는데 3-1부터 드랍 지린다 
5티어장비 막뜬느거보고 장비합성 존나할동안 걍놔두고 올라가서 장비파밍해도 상관업을듯 켜놓고 큐브만 미리모아놓으면 될거같음",0,2026-07-27T13:36:59Z
553,xLPWWv_-gwI,이거 이벤트 한달도 안하는건데 다들 끝나면 어떡할라고 이렇게 난리냐 ㅋㅋㅌㅋ,2,2026-07-27T07:05:54Z
554,xLPWWv_-gwI,"전사 32 궁수 31 법사 22 에 2-10 그냥 깻습니다 ㅠㅠ
공략법을 알고 햇으면 더빨리 깻을려나 싶네요 ㅠㅠ",0,2026-07-27T07:54:50Z
555,xLPWWv_-gwI,방치형이라고!!!!,1,2026-07-27T07:14:46Z
556,xLPWWv_-gwI,방치형이라고 그냥 기다리면 깰 수 있다고 ㅋㅋㅋㅋ,87,2026-07-27T06:18:38Z
557,xLPWWv_-gwI,전사 궁수 30렙에 위 스펙보다 훨씬 높은데 일단 2-8도 못깸 이거 샹 문제있는데?,1,2026-07-29T22:44:39Z
558,xLPWWv_-gwI,미쵸땅 이거 보고 바로 깸,0,2026-08-10T08:11:59Z
559,xLPWWv_-gwI,2-6 전사 25렙 궁수 24렙으로 깨본 결과 전사를 몬스터 거의 다 잡고 죽일 때보다 몬스터 웨이브 초반에 죽였을 때 궁수 피조절이 원활하게 됐습니다. 체감상으로 30~40퍼 정도 까였던거 같습니다. 다들 최소컷 화이팅 하시길~,0,2026-07-27T10:16:00Z
560,xLPWWv_-gwI,와.... 이렇게까지 해야돼? ㄷㄷㄷㄷ 걍 냅둘래,1,2026-07-27T10:52:08Z
561,xLPWWv_-gwI,어차피 현생이슈로 방치 레벨업만 하면 개추... ㅠㅠ 아이템 얻고싶당,0,2026-07-27T10:51:16Z
562,xLPWWv_-gwI,3:00 왜이렇게 빨리죽나요!!!!,0,2026-07-27T10:42:49Z
563,xLPWWv_-gwI,어떻게든 법사 빨리 열려고 2-6에서 궁수 폭시 스위칭하고 전사 아이언 바디 스위칭하면서 아득바득 깼는데ㅋㅋㅋ,0,2026-07-27T09:06:57Z
564,xLPWWv_-gwI,방치형이라고 이 양반들아...😂😂,3,2026-07-27T13:51:41Z
565,xLPWWv_-gwI,1-7 1분30초 방치 장비 합성만 하면 한달뒤에 마스터 가능?,0,2026-07-27T08:43:18Z
566,xLPWWv_-gwI,"""극 저관여 방치게임""",5,2026-07-27T06:17:33Z
567,xLPWWv_-gwI,이거 전사 체력이 너무 높아지면 택틱이 좀 달라지나봄 비틀다 보니 깨졌다,1,2026-07-27T10:52:31Z
568,xLPWWv_-gwI,극단적 고관여 미니게임ㄷㄷ,2,2026-07-27T10:25:24Z
569,xLPWWv_-gwI,와 20트해도 안됐는데 이렇게 하니깐 3트만에 깼네요,0,2026-07-27T06:47:52Z
570,xLPWWv_-gwI,모동숲도 경제개발 5개년 급으로 해재끼는게 한국인인데 이런거 쯤이야......,0,2026-07-27T08:08:27Z
571,xLPWWv_-gwI,"최소컷 깍는거 존나 재미있으면 개추ㅋㅋㅋㅋ
아니 창섭이형은 이걸 방치하라고 한거임?
진짜 겜알못인 듯ㅋㅋㅋㅋ",1,2026-07-27T07:00:50Z
572,xLPWWv_-gwI,와 한 1시간 했나? 드디어 깼네 ㅋㅋ,0,2026-07-27T11:59:14Z
573,xLPWWv_-gwI,전사 디바이드 개짧던데 오라 -> 디바이드로 오라 딜레이동안 한마리라도 더 땡겨서 때리는게 이득아님?? 난 이렇게 했는데 디바이드 앞이 우선이라고????,0,2026-07-27T14:29:33Z
574,xLPWWv_-gwI,어차피 카오스 초반에서 경쿠만 털어먹고 끝낼건데 하루종일 메키만 보고있음ㅅㅂ,0,2026-07-27T16:08:30Z
575,xLPWWv_-gwI,장비  3티어가 계속 똑같은것만 나오는데 버그 아니냐고~~~~,2,2026-07-27T09:58:51Z
576,xLPWWv_-gwI,3-1 보스를 자동으로 돌릴 수 있다면 무조건 여기 추천함. 장비 드랍은 좀 더디지만 간간이 드랍되는 5티어 장비가 그 단점을 깨는 것 같음. 장비 채우는데 시간이 좀 걸리니 이제야 방치형 게임하는 느낌임,8,2026-07-27T06:14:52Z
577,xLPWWv_-gwI,그냥 방치해두고 이벤트 끝나기 전에 깰게요...,0,2026-07-27T07:01:43Z
578,xLPWWv_-gwI,"폭시 단독 딜인데 평딜은 범위딜이고
차라리 버프가 낫지않나?",0,2026-07-27T07:05:39Z
579,xLPWWv_-gwI,메이플은 이게 맞아,0,2026-07-27T06:42:18Z
580,xLPWWv_-gwI,1-10 여러번 트라이 만에 전사 두번 부활하고 힐 쓰자마자 뺏다 꼇다가 두번째 힐 터져서 깸,0,2026-07-27T14:05:09Z
581,xLPWWv_-gwI,제일놀라운건 아직 법사템도 없는데 4단계 장비 법사만떠서 법사는 4단계 풀셋인게 석 ㅈㄴ나감,50,2026-07-27T11:05:59Z
582,xLPWWv_-gwI,대충하라고 만든 이벤트를 이렇게까지 해야하나..,1,2026-07-27T07:19:41Z
583,xLPWWv_-gwI,난 울티마 모바일로해서 메이플 이벤트도 같이 할수있게 내줬으면 좋겠음,0,2026-07-27T07:21:46Z
584,xLPWWv_-gwI,방치형으로 만들었는데 왜 이렇게까지 하는거야.........,44,2026-07-27T06:13:09Z
585,xLPWWv_-gwI,나는 하루 늦게 시작했는데 이렇게 많이 차이나나,1,2026-07-27T08:00:25Z
586,xLPWWv_-gwI,다들...ㅋㅋㅋㅋ 최소컷도전을 하고있어;;,1,2026-07-27T07:11:55Z
587,xLPWWv_-gwI,덕분에 30/30/21로 뚫었습니다!,0,2026-07-27T10:23:15Z
588,xLPWWv_-gwI,맑음이 귀엽노 ㅋㅋㅋㅋㅋ,0,2026-07-29T22:42:42Z
589,xLPWWv_-gwI,ㄹㅇ 스팩타클때보다 58000배는 재밌음,1,2026-07-27T08:53:05Z
590,xLPWWv_-gwI,"어이 주인장,
3-6 공략이나 올려달라구",0,2026-07-27T08:32:03Z
591,xLPWWv_-gwI,공두줄vs공퍼한줄 뭐가더 좋나요?,0,2026-07-27T08:04:42Z
592,xLPWWv_-gwI,안깨져서 냅두고 있었는데 빌드 따라 하니까 바로 원트 클 했네;;;;,0,2026-07-27T10:10:56Z
593,xLPWWv_-gwI,"이거 알았을때 이미 전사 30렙이었는데 이러면 전사가 늦게죽어서 1틱차이로 부활이 안되더라...
결국 궁수 31렙찍고 잡음",0,2026-07-28T01:54:45Z
594,xLPWWv_-gwI,난..방치할련다.....,3,2026-07-27T06:49:48Z
595,xLPWWv_-gwI,이게어딜봐서 방치형이냐!!,1,2026-07-27T06:51:04Z
596,xLPWWv_-gwI,방치라며 왜 이러는건데 ㅋㅋㅋㅋㅋㅋㅋㅋㅋ,2,2026-07-27T07:51:02Z
597,xLPWWv_-gwI,3-4인데 여기부터가 진짜 벽임,1,2026-07-27T13:08:10Z
598,xLPWWv_-gwI,그냥 숨쉬어서 레벨로 깨야긋다,0,2026-07-27T06:27:56Z
599,xLPWWv_-gwI,"넥슨의 의도: 방치만 하면 자연스럽게 스테이지 클리어
현실: 모든 메붕이들이 최소컷 빌드 깎는 노인",0,2026-07-27T12:57:55Z
600,xLPWWv_-gwI,저도  5단계 신발 만들었음 ㅋㅋ,0,2026-07-27T07:36:04Z
601,xLPWWv_-gwI,잠재는 각각 뭐가야되나요?,0,2026-07-28T09:56:59Z
602,xLPWWv_-gwI,아직 1-7돌고잇는데 뭔데 레벨30은 ㅁㅊ,0,2026-07-27T06:26:56Z
603,xLPWWv_-gwI,10공략 개빡세노;;;,0,2026-07-27T07:21:13Z
604,xLPWWv_-gwI,4레벨 장비만들어도 계속 활만 뜨는데 이거도 확률조작있냐,1,2026-07-27T07:18:04Z
605,xLPWWv_-gwI,선착순 이벤트도 없는데 그냥 방치 해놓으면 이벤트 끝나기 전에는 모든 컨텐츠 다 깨지않을까..,2,2026-07-27T06:47:56Z
606,xLPWWv_-gwI,"그냥 방치형이면 냅두겠는데 창섭이형이 보상 싹다 받으려면 좀 해야한다고 하지 않았음? 그것때문에 다들 최대한 빨리 보상 다 챙기고 신경쓸거 줄이려고 난리인거 같은데
합성 법사템만 주구장창 나와서 전/궁 2928 인데 4티어 장비 1개씩 끼고있고 법사는 13인데 4티어 장비 2개 들고있음 확률 이거 맞음? ㅅㅂ",0,2026-07-27T10:51:19Z
607,xLPWWv_-gwI,"아니 이거 방치겜 아닌가..? 왤케 어렵냐 ㅋㅋㅋㅋㅋㅋㅋ 
글고 맑음찌 이겜 재밌나봐 ㅋㅋㅋㅋ 개인플레이 애정해서 올려둔거봐 ㅋㅋㅋㅋㅋㅋㅋㅋ 귀엽다",3,2026-07-27T08:03:55Z
608,xLPWWv_-gwI,미친사람들같아,2,2026-07-27T08:09:40Z
609,xLPWWv_-gwI,3일연속 에페 레어에 4등급 궁수모자만 6개째인 도태남들 개추ㅋㅋ ㅇㄷㄴㅂㅌ,4,2026-07-27T06:41:32Z
610,xLPWWv_-gwI,장비도 뭣같이 나오고 해서 그냥 31 31 21 찍고 폭시에 엔버링크로 2-10 깼습니다,0,2026-07-27T07:03:28Z
611,xLPWWv_-gwI,에스페시아 3연속 3레어라 한참걸리겟네,1,2026-07-27T06:20:06Z
612,xLPWWv_-gwI,29 28 19 성불합니다... 진짜 감도 안오다가 공략보고 깨달아버렸다...,0,2026-07-28T06:25:50Z
613,xLPWWv_-gwI,31 32렙되니까 오히려 2-10 독이 너무빨리나와서 안깨지는데요...,0,2026-07-27T08:41:46Z
614,xLPWWv_-gwI,방치형이라며 방치형이라며,0,2026-07-27T08:39:50Z
615,xLPWWv_-gwI,이거보고 2-10깼음!,0,2026-07-27T11:02:26Z
616,xLPWWv_-gwI,방치하라고...,2,2026-07-27T06:33:33Z
617,xLPWWv_-gwI,ㅋㅋㅋㅋㅋㅋㅌㅋㅋㅋ  이거 맞아요? ㅋㅋㅋ,0,2026-07-27T07:34:30Z
618,xLPWWv_-gwI,29 29 17로 거의 3단계 장비로도 되요 참고😅,0,2026-07-27T06:24:58Z
619,xLPWWv_-gwI,그냥 렙찍누 해야겠다 너무 어렵다...,0,2026-07-28T13:39:57Z
620,xLPWWv_-gwI,아니 무슨 미니게임을 이렇게까지해야대,1,2026-07-27T06:28:54Z
621,xLPWWv_-gwI,"영상의 2-10 궁수가 받고있는
독 데미지: 1557",0,2026-07-27T09:18:39Z
622,xLPWWv_-gwI,방치하라니까 공략 / 최소컷 영상이 난무하노ㅋㅋㅋㅋ,1,2026-07-27T06:34:58Z
623,xLPWWv_-gwI,빌드 보는데 어이가 없네 ㅋㅋㅋㅋㅋㅋ;,0,2026-07-27T10:06:56Z
624,xLPWWv_-gwI,이게 이런 게임이었어..?,0,2026-07-27T09:14:11Z
625,xLPWWv_-gwI,난 적당히 하고있었는데 어젠가 2-10 최소컷글 올라오고 3-1 보만튀로 5단계 장비들 먹는거보고 따라하고 있어서 너무 스트레스임.. 적당히 손 안타는 컨텐츠를 내야지 남들과 비교되서 안할수도 없고,0,2026-07-27T12:47:35Z
626,xLPWWv_-gwI,1-10 못깨는데 어떻게 깨야되요?,0,2026-07-27T07:39:39Z
627,xLPWWv_-gwI,이렇게 까지 해야하나....? ㅋㅋㅋㅋ,1,2026-07-27T06:57:31Z
628,xLPWWv_-gwI,어차피 미장착으로두나 힐을 껴두나 무슨 차이가 있길래 빼놓는게 더 빠르다는거에요?,0,2026-07-27T06:24:52Z
629,xLPWWv_-gwI,울티마온라인재밌으면 개추 ㅋㅋ,1,2026-07-27T08:39:56Z
630,xLPWWv_-gwI,울티나땜에 6일때 컴터안끄는중,0,2026-07-29T03:09:14Z
631,xLPWWv_-gwI,하는데 계속 법사가 궁수 앞으로감...,0,2026-07-27T11:57:47Z
632,xLPWWv_-gwI,귀찮네 그냥 언젠간 깨겠지...,0,2026-07-28T01:21:37Z
633,xLPWWv_-gwI,난 템 1단계만 나와서 이제 4템 3개정도 합성해서 끼는데 4템 풀셋둘둘하는애들 뭐임,0,2026-07-27T09:44:15Z
634,xLPWWv_-gwI,아니 대충해;; 정신나가겟네,2,2026-07-27T06:51:40Z
635,xLPWWv_-gwI,흠 보스전 좀 귀찮네? 그냥 냅두면 깨질 때까지 방치해야지 ㅋㅋ,0,2026-07-27T07:35:52Z
636,xLPWWv_-gwI,딴건 모르겠고 자신이 2-6 못깨서 법사 해금도 못한 타의적 후발대면 개추 ㅋㅋ,335,2026-07-27T06:06:39Z
637,xLPWWv_-gwI,스펙터할때는 공략봐야 깨는 미니게임이라며 욕하더니 울티마는 알아서 공략부터 찾는 메붕이들,53,2026-07-27T06:27:38Z
638,xLPWWv_-gwI,그냥 방치해서 렙올린다음깰란다,0,2026-07-27T10:55:57Z
639,xLPWWv_-gwI,기본은 방치가 맞지만 핵심구간에선 ㅈㄴ컨트롤해야함 ㅋㅋㅋㅋㅋ 그리고 2-7 4렙장비 도파민이 개쩔어서 경치는 2-4가낫지만 2-7을 하게됨. 3-1은 너무 느려서안함. 참고로 1렙장비 729개합성해야 4렙장비임. 그래서 접속해서 장비나올땐 2-7이고 컴터끄는시간에 2-4돌리는게 효율적임. 3-1에선 5렙 3시간동안 못먹고 개빡쳐서 2-7감 1시간에 4렙장비 2~3개 개꿀임,0,2026-07-27T06:42:26Z
640,xLPWWv_-gwI,걍 방치할게여,0,2026-07-27T15:30:49Z
641,xLPWWv_-gwI,난 왜 궁수 장비 만 4렙 3개지?,0,2026-07-27T10:53:39Z
642,xLPWWv_-gwI,선생님 3-10 이거 막힌건가요 못깨게,0,2026-07-28T12:46:29Z
643,xLPWWv_-gwI,이렇게까지 해야돼? 어?,0,2026-07-27T08:52:10Z
644,xLPWWv_-gwI,나 그렇게 빡세게 안한줄알았는데 2-10 깨고 기분 좋았는데 알고보니 선발대더라.. 지금 3-2 깨고 3-1에서 장비 파밍중임ㅋㅋ 5랩 존나 달어 ㅋㅋ,0,2026-07-27T07:23:26Z
645,xLPWWv_-gwI,왜...방치형인데 이렇게까지 하는 건데...,0,2026-07-27T11:42:21Z
646,xLPWWv_-gwI,내가 보기엔 신창섭이 한전이랑 계약 맺었다. 전기세 폭등이다.,0,2026-07-29T11:11:48Z
647,xLPWWv_-gwI,이렇게까지 해야되는거야…?,0,2026-07-27T12:37:06Z
648,xLPWWv_-gwI,방치겜을 왜이렇게 까지 하시는거죠?,1,2026-07-27T07:38:14Z
649,xLPWWv_-gwI,그냥 궁수 엔버링크 받고가셈 그냥깨짐,0,2026-07-27T23:38:44Z
650,xLPWWv_-gwI,뭔 미니게임이 공략이 개많아,2,2026-07-27T06:33:42Z
651,xLPWWv_-gwI,노트북 켜두면 터질라그래요...,0,2026-07-27T09:28:30Z
652,xLPWWv_-gwI,33 32 21인데도 안깨지네,0,2026-07-28T10:36:07Z
653,xLPWWv_-gwI,대적자 브금 너무큼,0,2026-07-27T16:12:17Z
654,xLPWWv_-gwI,한국인 특,0,2026-07-28T01:39:41Z
655,xLPWWv_-gwI,방치좀 해라 뛰발...,0,2026-07-28T12:15:06Z
656,xLPWWv_-gwI,2-10이미 깨고 보는사람은 개추~,0,2026-07-27T09:20:27Z
657,xLPWWv_-gwI,아니이걸 왜 공략하냐고 ㅋㅋㅋㅋㅋㅋㅋ,1,2026-07-27T06:32:51Z
658,xLPWWv_-gwI,이딴게 방치형?,2,2026-07-27T06:09:03Z
659,xLPWWv_-gwI,안깨지는데 뭐져,0,2026-07-28T15:00:17Z
660,xLPWWv_-gwI,"사이트 막힌거같은데 맞나요,.,",0,2026-07-29T23:10:18Z
661,xLPWWv_-gwI,이렇게까지...?,0,2026-07-27T15:42:13Z
662,xLPWWv_-gwI,굳이 저렇게 해야되나,0,2026-07-27T06:22:25Z
663,xLPWWv_-gwI,"이미 할게 존나 많았는데, 어떤 새끼가 할 거 없다고 반복 요구했는지 ㅆㅂ.....
할게 더 많아졌어.........하..............................................................................

할게 많은 전사 D지기 직전!!! 8:04",0,2026-07-27T13:20:01Z
664,xLPWWv_-gwI,이딴게 극단적 저관여.........??????,1,2026-07-27T07:15:18Z
665,xLPWWv_-gwI,힐스왑은 굳이 할 필요 없음. 스킬 바꾸는 시간 2초가 그냥 기다리는 시간보다 긺; 제대로 연구하고 만드셈,1,2026-07-27T08:25:53Z
666,xLPWWv_-gwI,"뭐가 이렇게 복잡해요..
클리어가 잘 안되니 울지말라고
울티마라고 이름 지었나...",0,2026-07-30T03:49:19Z
667,xLPWWv_-gwI,1등,0,2026-07-27T06:05:36Z
668,xLPWWv_-gwI,이딴게... 극단적 저관여?,1,2026-07-27T06:57:22Z
669,xLPWWv_-gwI,이렇게까지 해야하낰ㅋㅋㅋ 분명 방치형인데 공략이 계속올라와 심지어 템세팅돜ㅋ,0,2026-07-27T12:32:25Z
670,xLPWWv_-gwI,이거 천천히 하면 다 못얻음? 왤케 다들 최소컷 빠르게 하는법이 올라오는거임? 다들 너무 열심히하는 것같아서 좀 걱정이네,1,2026-07-28T10:45:30Z
671,xLPWWv_-gwI,굳이 ㅇㅈㄹ하면서 이벤해야되냐 걍 천천히 할란다,1,2026-07-27T08:58:19Z
672,xLPWWv_-gwI,"와 개하기싫네
그냥 렙빨로 2-10은 안밀리려나",0,2026-07-27T08:38:44Z
673,xLPWWv_-gwI,확률주작임 이거,0,2026-07-27T23:44:46Z
674,xLPWWv_-gwI,진짜 몰라서 그러는데 이거 방치해놓으면 안되는건가요???,2,2026-07-27T06:35:31Z
675,xLPWWv_-gwI,1,0,2026-07-27T06:05:39Z
676,xLPWWv_-gwI,이렇게 까지 하는 이유가 대체 뭔가요 방치만 해도 보상 다 받는 거 아녔어?,0,2026-07-27T14:50:58Z
677,xLPWWv_-gwI,레벨은 같은데 스탯차이가 엄청나네요..😮 저렇게 맞출 정도로 템이 안나오던데..,0,2026-07-27T06:41:51Z
678,xLPWWv_-gwI,ㅁㅊ놈들아 ㅋㅋㅋㅋㅋㅋ최소컷깍으로고만든컨텐츠가아니란말이다 ㅋㅋㅋㅋㅋㅋㅋㅋㅋㅋㅋㅋㅋ,0,2026-07-27T08:37:11Z
679,xLPWWv_-gwI,초반 손해보기 싫어서 이악물고 빡겜하는게 ㅋㅋ,1,2026-07-27T06:11:36Z
680,xLPWWv_-gwI,걍 안할게요,0,2026-07-27T06:06:47Z
681,xLPWWv_-gwI,1,0,2026-07-27T06:05:37Z
682,xLPWWv_-gwI,2-6은 모르겠고 법사 26렙 찍은 인생 후발대면 개추,0,2026-07-27T06:20:22Z
683,xLPWWv_-gwI,누구나 조각400개 솔에르다 10개 다 먹을 수 있게 한다며..  누구나 주진 않을 거 같은데..,0,2026-07-27T06:12:44Z
684,jfmHPZofrFI,"울티마 스쿼드 계산기 사이트 입니다
https://hsptests.com/maplesquad/
 
계산기는 너무 자주 사용할 필요는 없고
하루에 1~2번 사용해서 확인하시면 됩니다
 
레벨은 전사 기준으로 넣어주시면 되고
궁수 레벨업 시간 궁금하면 이후에 잠깐 수정하시면 됩니다!!
 
* 메이플 인벤 : Simetry님 제작",9,2026-07-25T10:25:18Z
685,jfmHPZofrFI,메이플 키우기 흥행의 비결이 조금은 공감되었으면 개추,71,2026-07-25T10:54:36Z
686,jfmHPZofrFI,"ㅅㅂ 진심 메키 존나 이해 못했는데 울티마 하루만에 메키를 이해해버림
심지어 투력에 등수까지 뜬다고? 어떻게 중독이 안되는데 ㅅㅂ;ㅋㅋㅋㅋㅋㅋㅋㅋㅋㅋㅋㅋㅋㅋㅋㅋ",58,2026-07-25T11:42:00Z
687,jfmHPZofrFI,방치형인데 재획보다 더 열심히 하는거같음.. 왜 재밌냐고,191,2026-07-25T10:31:48Z
688,jfmHPZofrFI,김창섭도 생각보다 너무 좋은인기에 주요 컨텐츠로 발전할듯ㅋㅋㅋㅋㅋ,3,2026-07-25T11:05:20Z
689,jfmHPZofrFI,보스 돌고 허겁지겁 인벤토리 열어서 장비 합성 ㅋㅋㅋ,94,2026-07-25T10:37:32Z
690,jfmHPZofrFI,ㅋㅋㅋㅋㅋㅋㅋㅋ창섭이형 다음 나우때 울티마 스쿼드 이정도로 열심히 하실지 몰랐다 방치해놓으라고 만들었는데 효율까지 계산해가면서 할 줄 몰랐다 이럴듯 ㅋㅋㅋ,0,2026-07-25T15:28:19Z
691,jfmHPZofrFI,맑음님 감사합니다,0,2026-07-27T00:08:05Z
692,jfmHPZofrFI,아니 방치형 이벤트아니었냐고ㅋㅋㅋㅋ,6,2026-07-25T10:36:47Z
693,jfmHPZofrFI,그냥 갈수있는 단계중에 한번이라도 죽지 않을수있는 가장 윗단계 가는중,2,2026-07-25T10:42:23Z
694,jfmHPZofrFI,선생님 덕에 2-6 클리어 했습니다🎉,0,2026-07-25T16:54:28Z
695,jfmHPZofrFI,벌써 100칸에 4단계 무기끼고 있는게 개쩌네 메이플 안끄고 24시간 켜놓으신듯 ㄷㄷ,1,2026-07-25T12:19:13Z
696,jfmHPZofrFI,울티마 재밌어서 계속 하는 중 ㅋㅋㅋㅋㅋ,1,2026-07-25T10:27:47Z
697,jfmHPZofrFI,굿잡,0,2026-07-25T11:16:28Z
698,jfmHPZofrFI,원래 오늘안에 법사 못열거같았는데 개뽀록으로 궁수랑 전사 차례대로 버텨가지고 2-6깨고 법사해금함 ㅋㅋ,2,2026-07-25T13:46:59Z
699,jfmHPZofrFI,진짜 세상엔 대단한 사람이 많네..,18,2026-07-25T10:28:16Z
700,jfmHPZofrFI,이걸 다들 재밌다고 느끼다니... 나는 진짜 유행 못따라서 뒤쳐지겠다ㅠㅠ,0,2026-07-26T10:16:12Z
701,jfmHPZofrFI,와😊,0,2026-07-25T10:27:48Z
702,jfmHPZofrFI,*맑음님 쌀숭이만 아니면 호감가집니다.*,0,2026-07-25T11:49:12Z
703,jfmHPZofrFI,"2-1 쳐박는게 좋은거 같음..
1-7이 효율 좋긴한데 금방 궁수 20되면 2-1 효율 좋아 가게되고 
2스테이지부터 드랍 장비가 3단계가 뜨긴함.. 
거의 안뜨지만, 
장비 렙 4단계 뒤지게 안뜸..
전사 궁수 24 되도 장비 3단계 끼고 있을 확률 높음..",0,2026-07-25T11:17:02Z
704,jfmHPZofrFI,역대급 미니게임 너무 재밌습니다,0,2026-07-25T10:34:30Z
705,jfmHPZofrFI,창섭아 이거 내줘라 밸패잡지말고🎉🎉🎉,1,2026-07-25T11:25:24Z
706,jfmHPZofrFI,"아하 그러니까 대다수의 던전을 새로 돌아서 클탐을 갱신한다음 기입해야한다고?😊
귀찮으니까 그냥 최고렙 사냥터 무한반복😂
미니겜이면 미니겜답게 좀 간단하고 쉽게 가자",0,2026-07-25T14:10:27Z
707,jfmHPZofrFI,경치는 20렙까진 그냥 1-7이고 메소생각(접속시간이 길지않은사람)하면 2-1이 킹갓임. 그리고 폭시사냥으로 크리1~2%해놓으면 진짜 빠릅니다. 쏘는속도가빨라서 크리 잘터짐.,0,2026-07-25T11:19:31Z
708,jfmHPZofrFI,아 출장때뮨에 4일 접속 못해서 오늘시작햇는데도 보상 다 받을수있겠죠?,0,2026-07-25T14:17:49Z
709,jfmHPZofrFI,맑음 화이팅,1,2026-07-25T10:29:43Z
710,jfmHPZofrFI,???: 크아아아아악 용사님들 방치형이라고요!,6,2026-07-25T10:41:37Z
711,jfmHPZofrFI,메이플에서 이렇게 많은 유저들이 극찬하고 재밌어 하는 미니게임은 처음봄 ㅋㅋ,6,2026-07-26T04:25:30Z
712,jfmHPZofrFI,경험치 퍼센트는 전사랑궁수 중 뭐로입력해야하나요,0,2026-07-25T15:25:26Z
713,jfmHPZofrFI,지금 사냥 안 하고 마을에서 가끔씩 왔다갔다 점프하면서 이것만 하면 개추 ㅋㅋ,0,2026-07-25T13:29:00Z
714,jfmHPZofrFI,더빙하니까 더보기좋아짐,0,2026-07-25T11:57:06Z
715,jfmHPZofrFI,와 벌써 저런 사이트 나오는게 신기하네,0,2026-07-25T10:29:12Z
716,jfmHPZofrFI,"저 궁금한게 있는데 스킬2칸이 뚫렸을때 궁수는 볼텍스랑 차지드를 쓰는게 좋나요
아님 볼텍스랑 폭시를 쓰는게 좋나요?",0,2026-07-26T03:07:43Z
717,jfmHPZofrFI,"추가로 페이지 제일 아래에
데이터 제보하는것도 있으니
시간 되실때 제보해주면 다른 유저에게 도움이 된답니다",0,2026-07-25T12:44:25Z
718,jfmHPZofrFI,밤새만들었다는 한자한테는 미안하지만 이게 더 편하다,1,2026-07-25T23:58:22Z
719,jfmHPZofrFI,추가 메소 배율은 뭔가요 ??,1,2026-07-26T07:01:35Z
720,jfmHPZofrFI,아 코인 10만대 모을때까지 장비칸 증가를 할줄 몰라서 2단계 2개만들고 분해하고 하루종일 반복함::,0,2026-07-25T17:37:53Z
721,jfmHPZofrFI,"2

감사합니다 맑음님",1,2026-07-25T10:26:53Z
722,jfmHPZofrFI,메이플 IP가 존나 무섭다는걸 다시느꼈다 방치형이고 나중에 사라질꺼아는데도 존나열심히하고있음 재획하면서 원래 유튜브나 딴거보는데 이상하게 쳐다보게됨 이거 나중에 게임안에 롤토체스같은게임이나 영구적으로 누적되는 방치형게임이라던가 창모드 채팅창 옆으로 띄어놓는것처럼 추가로 만들어놓으면 인기 뒤지게많을듯 다만 인게임에 스펙적영향을 미치면 강제성이 되어버리니 경험치 조금더준다던가 명예타이틀같은거 있다던가하면 괜찮을듯,33,2026-07-25T10:38:50Z
723,jfmHPZofrFI,걍 1-7 뺑이 돌다가 2-1 1분 3~40초 나오면 법사 전까지 살면 됨,0,2026-07-25T10:48:28Z
724,jfmHPZofrFI,메소배율이 골드획득량 인가요?,0,2026-07-25T13:56:01Z
725,jfmHPZofrFI,월요일부터 시작해도 안늦나요…?,0,2026-07-26T15:12:25Z
726,jfmHPZofrFI,ㅈㄴ잼슴 울티마 ㅠ,0,2026-07-25T12:25:56Z
727,jfmHPZofrFI,이렇게 까지 안해도 되는 미니게임임 재밌는사람들만 하면될듯,26,2026-07-25T10:40:36Z
728,jfmHPZofrFI,"그냥 메이플로드처럼 닉네임
검색하면 알아서 계산해주면 안되는거임?",0,2026-07-25T11:02:09Z
729,jfmHPZofrFI,김창섭은 울티마 스쿼드를 유지할것,1,2026-07-25T10:37:09Z
730,jfmHPZofrFI,본인의 레벨이 전사 레벨임 궁수 레벨임 합 나누기 2임 그 설명이 없네요 ㅠ,0,2026-07-25T14:39:41Z
731,jfmHPZofrFI,썬데이에 울티마도 넣어달라고,0,2026-07-25T18:44:35Z
732,jfmHPZofrFI,일정 렙 이하 장비 자동 합성 만원에 팔라고 아 ㅋㅋㅋ,1,2026-07-25T10:59:07Z
733,jfmHPZofrFI,전사 4렙 무기에 장갑 ㄷㄷ,0,2026-07-25T12:26:17Z
734,jfmHPZofrFI,합성에서 법사장비만 ㅈㄴ 뜨면 개추 ㅋㅋ,1,2026-07-25T12:29:13Z
735,jfmHPZofrFI,메소 배율이 뭔 뜻이고 뭘 기입해야되는건가요? ㅠㅠ,0,2026-08-01T22:41:43Z
736,jfmHPZofrFI,메소 배율이 어딧어여 닌ㅁ들? ㅠㅠ,1,2026-07-25T12:17:08Z
737,jfmHPZofrFI,이렇게 까지 겜해야됌?? ;; 걍 막히는 사냥터 2단계 밑 사냥터에서 100초이내면 ㄱ 하면되는데,0,2026-07-25T17:02:52Z
738,jfmHPZofrFI,메린이분들은 굳이 이런거 보면서 애쓰지 않아도 됩니다... 결국 다 할 수 있게 돼요,1,2026-07-25T10:30:36Z
739,jfmHPZofrFI,근데 나만 3단계 마법사 탬만 나옴 ?!?!?!,0,2026-07-25T11:12:07Z
740,jfmHPZofrFI,걍 궁수 20렙까지 1-7에 쳐 박아놔,1,2026-07-25T10:36:21Z
741,jfmHPZofrFI,힐링(아님),0,2026-07-25T11:10:15Z
742,jfmHPZofrFI,님들 꿀팁 드리면 궁수 크확 1프로만 챙기고 (아무부위 상관없음) 폭시로 사냥 돌리면 훨쌤 ㅇㅇ,0,2026-07-25T11:04:04Z
743,jfmHPZofrFI,존나 웃긴게 이런거 나올때마다 게임자체에서 정보 나오는게 아니라 외부 사이트에 의지한다는게 아이러니 하네,0,2026-07-25T14:50:05Z
744,jfmHPZofrFI,걍 대충하면 되는데 뭘 이렇게 극한의 효율을...,0,2026-07-25T10:41:06Z
745,jfmHPZofrFI,이거 없어지면 섭섭할 거 같음.....,0,2026-07-25T15:12:37Z
746,jfmHPZofrFI,그게 더 귀찮아요 걍 할ㄹ게요,0,2026-07-25T11:25:28Z
747,jfmHPZofrFI,방치가 안된다 ㅡㅡ! 뭐냐 이거 ㅋㅋ,0,2026-07-25T15:08:00Z
748,jfmHPZofrFI,현재 레벨은 전사+궁수 레벨인가요 아니면 전사 레벨만 입력하는건가요,1,2026-07-25T13:05:19Z
749,jfmHPZofrFI,1,0,2026-07-25T10:25:49Z
750,jfmHPZofrFI,제발 잠재능력 뭐 써야되는지 스킬 뭐 써야되는지 알려주세요 이런건 이제 중요하지않아,0,2026-07-26T03:13:49Z
751,jfmHPZofrFI,걍 대충하자 ㅋㅋㅋㅋ,0,2026-07-25T10:51:28Z
752,jfmHPZofrFI,2,0,2026-07-25T10:27:12Z
753,jfmHPZofrFI,레벨이 전사레벨이냐고 빨리 급하다고,0,2026-07-25T13:21:45Z
754,Kf3X8XakvHk,"참고하시면 좋은 울티마 스쿼드 사냥터 효율 계산기 입니다
https://youtu.be/jfmHPZofrFI
 
* 사용법은 영상 한번 보시면서
고정 댓글 참고해주세요!",0,2026-07-26T15:30:46Z
755,Kf3X8XakvHk,법사템만 주구장창 뜨는 사람 개추 ㅋㅋ,797,2026-07-24T10:21:30Z
756,Kf3X8XakvHk,"신창섭의 디지털 어항....
중독성 미쳤어요오",33,2026-07-24T11:12:28Z
757,Kf3X8XakvHk,나의 작은 메키가 계속 메이플에 존재했음 좋겟어용,5,2026-07-24T11:35:44Z
758,Kf3X8XakvHk,"결론은 모든 직업 부위는 공격력, 마력만 챙기면 되는거였구나..ㄷㄷ",5,2026-07-24T16:37:20Z
759,Kf3X8XakvHk,이거 사우나에 놓고서 저거 보면서 장비합성하는 재미가 있음ㅋㅋㅋㅋㅋㅋㅋ,9,2026-07-24T11:32:37Z
760,Kf3X8XakvHk,신창섭의 주식 포모란 무엇인가 체험학습같음 ㅋㅋㅋ,3,2026-07-24T11:56:26Z
761,Kf3X8XakvHk,대충하고 싶은데 왠지 너무 신경쓰여서 꾸준히 봐주고 있음 😢,0,2026-07-24T09:46:12Z
762,Kf3X8XakvHk,"나름 멍때리며 보는 재미가 있는거같아요
이래서 메키 하는건가? 😅",0,2026-07-24T14:52:07Z
763,Kf3X8XakvHk,대충하라고 방치형 미니게임 만들어줬더니 최적화에 미친 인간들 답게 손해 절대 안보려고 더 열심히 하네 ㅋㅋ,74,2026-07-24T09:32:59Z
764,Kf3X8XakvHk,와 폭시 모르고 그냥 계속 치고 있었네 왜 안깨지나 했네요 핑크빈 피가 안 달고 있어서 머지 했네요 ㅎㅎ 덕분에 깼어요 ㅎㅎ,0,2026-07-26T09:28:08Z
765,Kf3X8XakvHk,나머진 다 잘하고있군 했는데 큐브 나오자마자 내가 이런 손해를 봤구나 생각하게됐어요 감사합니다 ㅠ 공격력 3~5 띄워보겠다고 큐브 메소로도 샀는데...ㅠ,0,2026-07-24T14:54:18Z
766,Kf3X8XakvHk,사냥안하고 얘내들 사냥하는거 보고있음ㅋㅋ,25,2026-07-24T09:19:44Z
767,Kf3X8XakvHk,"슬롯2개인데   궁수 스킬  차지드 + 폭시  넣으면 별론가요?
폭시는 각 스테이지 10단계에서만 넣나요
아직 궁수렙이 15라서  볼텍스를 못넣어서요",0,2026-07-24T13:19:10Z
768,Kf3X8XakvHk,이거 은근 잼씀 마을에서 하루종일 얘네 사냥하는거 보는중 ㅋㅋ,329,2026-07-24T09:11:52Z
769,Kf3X8XakvHk,대 맑 음 에라이 손해본 큐브가 몇개야 습박!! 일단 레벨이 젤 우선이구만,0,2026-07-24T09:52:45Z
770,Kf3X8XakvHk,이게 본메보다 재밋는듯;;,14,2026-07-24T09:40:39Z
771,Kf3X8XakvHk,9:04 ㅈㄴ 듬직하다 ㅋㅋㅋㅋㅋㅋㅋㅋㅋㅋ,1,2026-07-24T16:41:56Z
772,Kf3X8XakvHk,"내가 메이플 접고 나니까 뭔가 재밌어보이는 것들이 계속 나오네...
복귀하기에는 내 전 템셋팅 비슷하게 맞출려면 최소 500만은 질러야한은데 후 ... ㅠㅠㅠ
메이플 하고싶은데 못하겠다",0,2026-07-25T08:16:00Z
773,Kf3X8XakvHk,전사 17 궁수 16인데 그냥 둘다 공격력이 좋다는거죠? 4단계장비 방어력20짜리로 다만들어놨는데 다시 돌려야겠넹,0,2026-07-24T10:49:32Z
774,Kf3X8XakvHk,제목을 이렇게 올려버리면 안볼수가 없잖아 ㅋㅋ 😂,3,2026-07-24T09:06:34Z
775,Kf3X8XakvHk,울티마 스쿼드 << 메이플보다 재밌음,237,2026-07-24T09:19:23Z
776,Kf3X8XakvHk,울티마스쿼드 이거 순수재미 개미친듯. 얼마나 재밌으면 신규 6차 창났는데 울티마가 너무 재밌어서 울티마 이야기만 하는중 ㅋㅋㅋ,0,2026-07-24T16:37:54Z
777,Kf3X8XakvHk,ㅈㄴ 재밌다 ㅋㅋㅋㅋ,0,2026-07-24T11:24:33Z
778,Kf3X8XakvHk,2-1 뚫었는데 1-7에서 놀고있어요 1-7이 효율이 시간대비 경험치나 효율이 좀 많이좋은거같아요,1,2026-07-24T16:01:35Z
779,Kf3X8XakvHk,모자 장갑 신발에서도 공격력 잠재가 나오는거였네 한 번도 안 떠서 무기만 나오는 옵션인줄;,1,2026-07-24T11:27:50Z
780,Kf3X8XakvHk,상시로 했으면 좋겠음 초기화하면서 귀찮은데 재미있어요 키우기하는느낌나고 다음스테이지 밀려고 잠재뽑기하고,0,2026-07-24T11:25:21Z
781,Kf3X8XakvHk,난이도 카오스로 가면 딱히 exp5000 말곤 별 관심이 없어서.. 걍 적당히 놀다가 솔 에르다 받으면 방치 안할까함,0,2026-07-24T10:17:02Z
782,Kf3X8XakvHk,"사냥할 때는 가끔 확인 하는데 사냥 안할 때는 이것만 주구장창  보고 있고 합성도 하고 분해도 하고 그럼 뭔가 키우는 맛이 있어서
""얘들아 할 수 있다 다음 단계 갈 수 있겠지?"" 하고 응원 하게 됨",0,2026-07-24T12:07:17Z
783,Kf3X8XakvHk,아근데 요즘 메이플 진짜 재밌긴 함 ㅋㅋㅋㅋㅋㅋㅋㅋㅋㅋㅋㅋㅋㅋㅋㅋㅋㅋㅋㅋㅋㅋㅋㅋㅋㅋㅋㅋㅋㅋㅋㅋㅋㅋㅋㅋㅋ,0,2026-07-25T02:36:41Z
784,Kf3X8XakvHk,지금 궁수는 3렙장비 다껴놧는데 ㅋㅋ 아직도 젅사는 3렙장비1도안나오고 2렙으로 2-1하는중임 레벨이 존나 깡패임 걍 ㅋㅋ,6,2026-07-24T09:14:37Z
785,Kf3X8XakvHk,"혹시 저만 중복떠서 법사 3등급 다 맞춰주고 전사랑 궁수는 2,3 등급 섞여있는데 4등급 템 놀고 있나요..?",0,2026-07-24T19:02:15Z
786,Kf3X8XakvHk,진짜 진짜 진짜 진짜 진짜!!!!!!!!!!!!!!! 맑음님 제논 루티 타격점 이펙트좀 어떻게 안되나요??? 포톤레이는 상관 없는데 평타 루티 조준점 이펙트 이건 진짜 스킬 이펙트 다 꺼놔도 선명하게 보여서 보스 패턴이 전혀 보이질 않는데 방법이 없나요?,0,2026-07-25T08:08:07Z
787,Kf3X8XakvHk,장비는 무조건 합성하는게 좋나요? 아니면 2단계는 다맞췄으면 파는게 좋나요..?,0,2026-07-24T15:40:13Z
788,Kf3X8XakvHk,"1-4에서 돌리고 있는데 1-5가 효율이 더 좋은가보네요
그리고 방어력 구려서 채력이나 5퍼확률로 무적 둘둘 했는데 돌려야하나 흠...",0,2026-07-24T10:48:25Z
789,Kf3X8XakvHk,방치하라니까 최고효율 찾아서 빨리 끝장보려는 유저들 ㅋㅋㅋㅋ,1,2026-07-24T09:40:14Z
790,Kf3X8XakvHk,당신때문에 내가 레전드 도태당했어요 방어력만 뽑다가 도태당했어요,0,2026-07-24T17:46:57Z
791,Kf3X8XakvHk,컴터 끄고 나중에 접속하면 템은 없이 골드만 파밍했던데 이게 맞나요? 컴터 끄면 원래 템파밍은 안하나여?,0,2026-07-24T13:48:03Z
792,Kf3X8XakvHk,1-7 입장컨은 효율이 어떤지도 구할 수 있나요 ?,0,2026-07-24T15:35:15Z
793,Kf3X8XakvHk,앜 방어력 좋대서 방어력으로 맞췄었는데...,2,2026-07-24T09:16:18Z
794,Kf3X8XakvHk,먼저 달리면 카오스 코인 교환가능한걸 먼저 먹을 수 있어서 이득보는건 더 있을거 같긴 한데요,0,2026-07-24T19:48:09Z
795,Kf3X8XakvHk,이것만큼은 대충하고싶은 맘,2,2026-07-24T09:08:42Z
796,Kf3X8XakvHk,킷타 킷타 킷타!!!!,0,2026-07-24T09:51:51Z
797,Kf3X8XakvHk,혹시 궁수 방어구에는 크확한줄씩 뽑아서 사용중인데 공격력이 더 좋을까요??올3성입니다,1,2026-07-24T12:28:29Z
798,Kf3X8XakvHk,이거 원판인 TBH 부터가 초반엔 이것저것 신경 엄청써줘야해서 ㅋㅋㅋ,0,2026-07-24T10:11:58Z
799,Kf3X8XakvHk,1-7인데 드메 20프로씩 맞추고 전사 17렙 궁수 15렙임...,1,2026-07-24T23:54:19Z
800,Kf3X8XakvHk,"꿀팁 보스직전에 폭시스왑가능
번갈아가면서 죽어서 부활하는 빌드로 몸비틀기가능 < 이과정에서 고의로 장비단계 내려서 죽는타이밀 조절해야할수있음 일반적인 플레이방식 아니긴해서 1스테이지 몸비틀고 에스페시아 할거아니면 비추",0,2026-07-24T15:55:27Z
801,Kf3X8XakvHk,이런거 한번씩 컨텐츠로 내줘도 재밌을거 같은데 30분 사냥하고 나면 이거만 보면서 딴짓하는중,0,2026-07-24T14:08:14Z
802,Kf3X8XakvHk,DS로 나와도 할듯😂너무재밌자나❤,1,2026-07-24T11:37:37Z
803,Kf3X8XakvHk,3렙 아이템 2개 합성할때까지 2렙 전사 아이템이 한개도 안나옴.. ㅅㅂ 확률 버그있음,4,2026-07-24T09:44:48Z
804,Kf3X8XakvHk,방어력 말고 피격시 데미지 무시 이건 어떻게 생각하시는지 얘도 효율 괜찮나 싶어서요,0,2026-07-24T09:19:53Z
805,Kf3X8XakvHk,방어구 5단계 넘어오면서 방어력 확 올랐는데 잠재 방어력 괜찮지 않을까여,0,2026-07-26T19:53:07Z
806,Kf3X8XakvHk,ㄷㄷ,0,2026-07-24T09:05:30Z
807,Kf3X8XakvHk,몬익 에픽던전 처럼 주간메인컨텐츠로 해줘..,0,2026-07-24T16:07:45Z
808,Kf3X8XakvHk,전사 피격시 무적은 별로인가여?,0,2026-07-24T15:51:04Z
809,Kf3X8XakvHk,"전사12렙공388 궁수10렙공373 기준
챗지피티에 이렇게 넣어봤더니 저렇게 결과가 나와서 공유합니다

메이플스토리 미니게임 울티마스쿼드 어느스테이지에서 반복파밍하는게 가장 좋은지 조사중이야.
스테이지 , 입장시골드량-퇴장시골드량, 클리어소요시간 을 적어줄테니 
각 스테이지별 골드수익과 시간당 골드수익
최종적으론 어느지역이 가장 효율좋은지 순위까지 정리해줘.

1-1	102986-103707	00:30
1-2	103707-106437	01:10
1-3	112538-117108	01:14
1-4	117108-123518	01:13
1-5	123518-131768	01:27
1-6	131768-141858	02:04
1-7	141858-153788	02:07

스테이지	입장 → 퇴장 골드	순수익	클리어 시간	시간당 골드
1-1	102,986 → 103,707	721	30초	86,520
1-2	103,707 → 106,437	2,730	70초	140,400
1-3	112,538 → 117,108	4,570	74초	222,324
1-4	117,108 → 123,518	6,410	73초	316,110
1-5	123,518 → 131,768	8,250	87초	341,379
1-6	131,768 → 141,858	10,090	124초	292,935
1-7	141,858 → 153,788	11,930	127초	338,268

순위	스테이지	시간당 골드	스테이지당 순수익
🥇 1	1-5	341,379	8,250
🥈 2	1-7	338,268	11,930
🥉 3	1-4	316,110	6,410
4	1-6	292,935	10,090
5	1-3	222,324	4,570
6	1-2	140,400	2,730
7	1-1	86,520	721

저는 시간당 골드가 얼마 차이 안나서 종종 등장한다는 2단계 장비를 기대하며 1-7에서 돌생각입니다.",0,2026-07-24T10:00:46Z
810,Kf3X8XakvHk,"방어력 5 10 추가해도 피격 데미지 변화 없는 것처럼 공격력 2 4 올려도 평타딜에 아무런 변화 없는 구간도 있음
관상용 어항으로서  훌륭하냐 하면 그럭저럭 동의하지만, 미니 게임으로서 완성도가 있냐고 물으면 절대 아닌 것 같아요....",0,2026-07-24T12:56:37Z
811,Kf3X8XakvHk,ㄱㅅ,0,2026-07-24T09:05:28Z
812,Kf3X8XakvHk,올 방어력 하라그래서 큐브 다 써서 맞췄더니 방어구 싹다 빼도 받는데미지 1늘어남 ㅋㅋㅋㅋ 그냥 체력도 아깝고 올공격력해야함,0,2026-07-24T09:46:35Z
813,Kf3X8XakvHk,아니 어쩐지 전사스킬 탱 스킬 끼우고 못깨던거 딜수킬로 깨지더라니!!!,0,2026-07-24T10:33:25Z
814,Kf3X8XakvHk,광고 볼태니 2배속도 만들어줘~,0,2026-07-24T12:33:16Z
815,Kf3X8XakvHk,난 방어력으로 존버한다,3,2026-07-24T10:21:31Z
816,Kf3X8XakvHk,"방둘둘에서 공둘둘로 바꿨더니 깨지던 2-1이 안깨지고 다시 방둘둘로 바꿨더니 안정적으로 2-1이 돌아져요
맞추신분들은 굳이 다시 공둘둘로 바꿀 필요는 없어보입니다",0,2026-07-24T09:54:46Z
817,Kf3X8XakvHk,저도 방어력으로 해봤는데 피격데미지 안줄어듬 진짜 피격시확률로10퍼무시만통해요,0,2026-07-24T09:22:45Z
818,Kf3X8XakvHk,신발 잠재에도 공격력 붙더라구요?,0,2026-07-24T09:29:46Z
819,Kf3X8XakvHk,"메키 했지만 전액 환불 받은 입장으로써 나쁘진 않은듯?
사냥하면서 뭔가 심심하지도 않고",0,2026-07-24T10:36:21Z
820,Kf3X8XakvHk,"에스페시아 그냥 접속해서 까요..
금붕어머리는 까먹고 안까고 겜꺼서 날려먹거든요..",0,2026-07-24T22:28:30Z
821,Kf3X8XakvHk,내가 손해를 보고 있었다고??!??!!?,0,2026-07-24T09:21:02Z
822,Kf3X8XakvHk,핑콩 깨도 계속 1-7돌아야되는건가,1,2026-07-25T03:08:29Z
823,Kf3X8XakvHk,템도템인대 레벨업이제일중요한거같아유,0,2026-07-24T13:22:54Z
824,Kf3X8XakvHk,에스페시아 늦게쓰는게 이득 맞나요? 에스페시아자체만 보면 그건 맞는데 미리 써서 높은곳에서 겸치 메소 장비 파밍하는게 이득같기도한데..,0,2026-07-24T13:54:54Z
825,Kf3X8XakvHk,중간중간맥락이 다 끊기는거같은데  맞나요이거?,1,2026-07-24T09:17:50Z
826,Kf3X8XakvHk,방어력 잘만 적용 됩니다 근대 효율은 안좋음 이영상보고 설마하고 방어구에 방어력2줄붙어있는거 hp로 바꾸니 들어오는 피격대미지 더 아프게 들어와요,0,2026-07-24T15:25:08Z
827,Kf3X8XakvHk,장비 자동분해같은거 있으면좋겠다 장비가 너무 빨리차,0,2026-07-24T10:40:42Z
828,Kf3X8XakvHk,갓컨텐츠 ㅋㅋㅋㅋ,2,2026-07-24T09:26:41Z
829,Kf3X8XakvHk,아니 이거 방치형 미니게임 아니었냐고..,0,2026-07-24T09:48:03Z
830,Kf3X8XakvHk,효율이고 나발이고 걍 있지도 않은 법사템만 떠서 장비 맞추지도 못하고 경치는 개같이 안오르고 쉬바,0,2026-07-24T11:20:51Z
831,Kf3X8XakvHk,올티마스쿼드 모바일로 아예내주면 개열심히할거같은데ㅋㅋㅋ 메이플 방치형 하나새로 ㄱㄱ,0,2026-07-24T13:48:32Z
832,Kf3X8XakvHk,모든 장비 방어력 띄웠는데 들어오는 데미지 달라지는게 없어서 바로 유기때리고 공격력 둘둘로 바꿈; 아 큐브 환불좀;;;ㅋㅋㅋㅋㅋㅋ,0,2026-07-25T04:59:41Z
833,Kf3X8XakvHk,드랍율이랑 메소 유틸 아직 찍을수없다고 뜨는데 나만 이런가요 ㅠㅠ,0,2026-07-24T09:29:00Z
834,Kf3X8XakvHk,5:59 나는 이 잡옵이 왜 당연하게 잠재능력에 들어가는건지 모르겠음 본메도그렇고 그냥 꽝이라고 대놓고 써버리지. 효율이라도 좀 나오게 설계하던가.. 물론 BM이겠지만 잠재능력이 아니라 잠재폭탄임,0,2026-07-25T23:58:30Z
835,Kf3X8XakvHk,법사템만 나와서 이미 3레벨 풀템을 가지고있다는거임...,0,2026-07-24T09:17:21Z
836,Kf3X8XakvHk,선생님 덕에 2-1 클리어 했습니다😮,2,2026-07-24T09:45:45Z
837,Kf3X8XakvHk,맑음햄 비지엠 초이스 고트,0,2026-07-24T09:34:14Z
838,Kf3X8XakvHk,이거 이벤트 말고 에픽던전 느낌으로다가 NPC하나 만들고 정식 출시 해줘,0,2026-07-25T06:44:43Z
839,Kf3X8XakvHk,아 1렙장비 9개 모이자마자 합성 눌러야한다고,0,2026-07-24T10:12:33Z
840,Kf3X8XakvHk,1빠,0,2026-07-24T09:05:30Z
841,Kf3X8XakvHk,방어력 빼고 싶어도 공이 뒤지게 안뜸 ㅋㅋ,1,2026-07-24T14:35:00Z
842,Kf3X8XakvHk,이미 2스테이지까지 밀어버린 1인..,0,2026-07-24T11:35:31Z
843,Kf3X8XakvHk,조금 더 난이도 어렵게 해서 열심히 하거나 안하거나의 스펙차이가 눈에 어느정도 보이게 해줬으면.. 지금이야 이런 방치형 스타일이 재밌고 신선해서 열심히 하곤있다지만 뭐 별거 안한 유저들이랑 별 차이없으면 성취감이 아예 없을거같아서.. 뭐 그만큼 재밌다는거긴 하지만,0,2026-07-24T09:39:35Z
844,Kf3X8XakvHk,01:38 초반이신 분들을 위해,0,2026-07-26T06:01:27Z
845,Kf3X8XakvHk,그럼 궁수 장갑은 공격력 뽑아야 하나요,0,2026-07-26T04:22:09Z
846,Kf3X8XakvHk,이거 1-2에서 막히더만 골때리네요,0,2026-07-24T14:35:34Z
847,Kf3X8XakvHk,여태까지조합을몇번을햇는더 지금1-9도전중아데다른장비는3렙도잇는데 전사 무기가 1단계임 아직도2단계도햐번도안뜸 버그아님ㅅㅂ?,0,2026-07-25T08:49:50Z
848,Kf3X8XakvHk,아 큐브 다써서 방어력 10으로 다 맞췃는데 맑음아,76,2026-07-24T09:17:38Z
849,Kf3X8XakvHk,제논 제네시스무기를 해적셋으로 받았는데 도적셋이랑 큰차이 안나죠??,0,2026-07-25T10:01:22Z
850,Kf3X8XakvHk,맑음아 방어력좋다해서 큐브60+40만메소 올이탈해줬는데 어케하냐,0,2026-07-24T09:48:25Z
851,Kf3X8XakvHk,그럼 전사 아이언바디 끼는 것도 효율 별로려나,0,2026-07-24T09:16:38Z
852,Kf3X8XakvHk,"스킬 쿨타임 잠재 있는걸로 아는데, 뽑으려고 하니 한번도 못 봤어요",0,2026-07-24T10:19:04Z
853,Kf3X8XakvHk,"무기 방어구 ""올공""",1,2026-07-24T10:00:11Z
854,Kf3X8XakvHk,아... 이걸 이제 봤네...,0,2026-07-24T09:06:17Z
855,Kf3X8XakvHk,첫째. 1분30초 쯤 돌아가는곳에서 짱박혀라. 둘째. 분해하지마라. 무조건 합성해라. 셋째. 궁수 15렙 아니면 1-10 못민다.,0,2026-07-24T11:46:40Z
856,Kf3X8XakvHk,모바일게임도 안하는 내가 방치겜에 빠지될줄이야..,0,2026-07-28T03:15:15Z
857,Kf3X8XakvHk,전사 스킬은 뭐쓰나요?,0,2026-07-24T15:48:42Z
858,Kf3X8XakvHk,전사는 스킬을 아이언바디를 써야하나요 오라블레이드를 써야하나요?,0,2026-07-24T10:27:23Z
859,Kf3X8XakvHk,1-6에서 돌고있었던 사람.,13,2026-07-24T09:17:26Z
860,Kf3X8XakvHk,결론은 레벨이 깡패구나,0,2026-07-25T18:48:58Z
861,Kf3X8XakvHk,"방어력이 의미가 없다?
이거 완전 메키",0,2026-07-24T14:32:32Z
862,Kf3X8XakvHk,전영상 보고 전사 방어력만 뽑아놨으면 개추..,32,2026-07-24T09:32:15Z
863,Kf3X8XakvHk,있지도않은 법사 3티어장비 풀로뜸 개십 ㅋㅋㅋㅋㅋㅋㅋㅋㅋㅋㅋ,0,2026-07-24T21:32:04Z
864,Kf3X8XakvHk,아 방어력 세팅으류 다 해놧는데 ㅠ,0,2026-07-24T09:22:51Z
865,Kf3X8XakvHk,이거 때문에 재획할때 드라마를 못 보겠다,0,2026-07-24T09:52:28Z
866,Kf3X8XakvHk,아니 미니게임을 이렇게 까지 열심히 해야 되냐고..,0,2026-07-24T09:42:31Z
867,Kf3X8XakvHk,저관여 컨텐츠는 재획이고 울티마가 메인인데?,0,2026-07-24T09:29:13Z
868,Kf3X8XakvHk,이거 해보고 메키가 왜 떡상했는지 알거같긴함 ㅋㅋㅋㅋ,0,2026-07-24T10:32:20Z
869,Kf3X8XakvHk,메키가 왜 잘됐는지 이해한사람이면 개추,1,2026-07-26T04:03:23Z
870,Kf3X8XakvHk,얘네 이벤트기간 끝나고 사라지면 진짜 슬플거 같다,2,2026-07-24T10:01:36Z
871,Kf3X8XakvHk,마지막브금 뭐죠?,0,2026-07-24T09:14:09Z
872,Kf3X8XakvHk,아 어제 잠들어서 에스페시아 못썼네...,0,2026-07-24T22:22:34Z
873,Kf3X8XakvHk,오프라인 누적시간 무쓸모 1인 개추,0,2026-07-24T11:53:30Z
874,Kf3X8XakvHk,3티어템 20개 만들어서 전사템이 단 1개? 확률 맞음?,0,2026-07-24T09:11:04Z
875,Kf3X8XakvHk,"어차피 표본 박치기라 크리 1,2퍼 차이 꽤 나던데",0,2026-07-25T00:19:09Z
876,Kf3X8XakvHk,"3렙 18개 합성, 전사 1, 궁수2, 법사 15개, 4렙 합성하니깐 법사뜸. 이게 맞나",0,2026-07-24T14:14:41Z
877,Kf3X8XakvHk,아니 걍 스팩터 블래스트 일주일에 1번하고 끝내고 싶은데 ㅈ갇네,0,2026-07-25T00:04:09Z
878,Kf3X8XakvHk,메m 은 이번에 250작 없나요,0,2026-07-24T11:54:27Z
879,Kf3X8XakvHk,무슨 ai 어쩌고에서 방어력 쓰라길래 방어력 뽑는다고 큐브 조넨 썻는데,0,2026-07-24T10:23:03Z
880,Kf3X8XakvHk,진심 체력 밸류가 사기던데,0,2026-07-24T10:58:58Z
881,Kf3X8XakvHk,그래도 이제 2지역왔다...,0,2026-07-24T09:37:03Z
882,Kf3X8XakvHk,2-2 깨고 2-3 도전 중이면 개추 ㅋㅋ,0,2026-07-24T13:52:45Z
883,Kf3X8XakvHk,1-7이 어느정도까지효율이 있는지 몰곘네용,0,2026-07-24T11:19:49Z
884,Kf3X8XakvHk,방어구에선 공격력이 잘안뜨는거 같은데 기분탓인가,0,2026-07-24T11:29:40Z
885,Kf3X8XakvHk,2-2에서 안뚫리는데 방어력때문이었나,0,2026-07-24T10:40:26Z
886,Kf3X8XakvHk,18 16 찍고 2-1 돌리는중,0,2026-07-24T12:28:50Z
887,Kf3X8XakvHk,이궈궈던,0,2026-07-24T09:17:08Z
888,Kf3X8XakvHk,이미 2-1에서 뺑뺑이돌리고있는ㅋㅋ,0,2026-07-24T09:58:36Z
889,Kf3X8XakvHk,대충해도 어쨋든 다깨질거임...,0,2026-07-24T10:27:51Z
890,Kf3X8XakvHk,내 큐브 돌려줘~!~! ㅠㅠㅠㅠㅠ,0,2026-07-24T12:13:14Z
891,Kf3X8XakvHk,3단계공략점,0,2026-07-29T07:30:21Z
892,Kf3X8XakvHk,이거 할려고 메이플킨다,0,2026-07-24T16:51:27Z
893,Kf3X8XakvHk,마법사템만 나와서 ㅈㄴ빡치는,0,2026-07-24T11:04:42Z
894,Kf3X8XakvHk,화면 키우는거 나와야함 ㅋㅋ,0,2026-07-24T15:34:43Z
895,Kf3X8XakvHk,지금 효율이 중요하지. 재획이 중요하냐,0,2026-07-24T09:31:30Z
896,Kf3X8XakvHk,하 4단계 법사 4추 무기  떳네  하;;;,0,2026-07-24T12:55:50Z
897,Kf3X8XakvHk,"유저들이 꼼수쳐서 편한건 바로바로 패치하고
방어력 버그같이 유저가 불편한건 패치를 미루노 ㅋㅋ",0,2026-07-24T10:27:58Z
898,Kf3X8XakvHk,이벤트 잘 몰리서 그런데 이건 그냥 솔 에르다링 조각 얻으려고 하는건가요? 겸치도안주지않나,0,2026-07-24T11:22:25Z
899,Kf3X8XakvHk,법사 3단계무기 계속떠요 ㅠ,0,2026-08-02T12:39:15Z
900,Kf3X8XakvHk,"한국인들의 남보다 뒤쳐지면 큰일난다, 빨리빨리 문화… 몇 년 전보다 더 심해졌군ㄷㄷ",0,2026-07-24T10:14:32Z
901,Kf3X8XakvHk,원래는 방어력이좋은데 버그터져서 안좋아짐 ㅇㅇ 이건 맑음도 억울하긴함 ㅋㅋ 원래 테섭에선 방어력 좋긴했음 ㅇㅇ,2,2026-07-24T09:31:07Z
902,Kf3X8XakvHk,잠재 능력 어떻게해란소린지모르겠는데 알려주실분 이해가안댐 ㅜㅜ,0,2026-07-25T11:55:51Z
903,Kf3X8XakvHk,"이런 컨텐츠 좀 제대로 만져서
롤체마냥 메이플 내에서 영구 컨텐츠로 자리잡앗으면 좋겟다
걍 누구나 시간만 박으면 고인물 뉴비 상관없이 동일한 스펙과 보상을 얻지만
그 규모가 엄청 크진 않는 수준으로",0,2026-07-25T18:53:08Z
904,Kf3X8XakvHk,전사 16 궁수 14인데 아직 1-9도못깸,2,2026-07-24T11:26:55Z
905,Kf3X8XakvHk,8.3% 인데 법사꺼만 뜨는건 나만그런건가,0,2026-07-24T10:21:22Z
906,Kf3X8XakvHk,아 ㅋㅋ 어차피 계속 보면서 합성해줄건데 아이템칸 왜올림?? 29칸단은 개추 ㅋㅋ,1,2026-07-24T10:04:14Z
907,Kf3X8XakvHk,"경험치는 고려사항에 없나요?
현재 전사16 궁수15 인데 2-1 반복중인데 골드나 장비보다는 경험치가 중요해 보여서요.",0,2026-07-24T09:36:41Z
908,Kf3X8XakvHk,경험치랑 골드랑 비례하나요?,0,2026-07-24T09:29:48Z
909,Kf3X8XakvHk,혹시 1-8은 별로임...?,0,2026-07-24T10:27:10Z
910,Kf3X8XakvHk,에스페시아 2일 까먹어서 많이 뒤쳐짐...,0,2026-07-27T16:22:02Z
911,Kf3X8XakvHk,방치(방치아님),0,2026-07-24T10:08:46Z
912,Kf3X8XakvHk,장비 먼저 올리고 상시 보고있으면 렙제때문에 템을 못낌...,0,2026-07-24T10:22:31Z
913,Kf3X8XakvHk,"크확은 쓰레기죠? 1퍼,2퍼 이딴식으로 뜨던데 의미가 있나",0,2026-07-24T10:01:34Z
914,Kf3X8XakvHk,초반에 공격력 진짜 안 나옴 ㅜㅜ,0,2026-07-26T09:34:34Z
915,Kf3X8XakvHk,메이플 메이플키우기 ㅋㅋㅋ,0,2026-07-24T09:59:00Z
916,Kf3X8XakvHk,처음 나오는 브금 뭐에요?,0,2026-07-24T10:43:56Z
917,Kf3X8XakvHk,귀찮은데 그걸 언제 측정하고잇노,0,2026-07-24T09:07:34Z
918,Kf3X8XakvHk,아 핑크빈 진짜 체력차는거 패고싶네,0,2026-07-25T05:25:43Z
919,Kf3X8XakvHk,뭐야 ㅅㅂㅋㅋㅋㅋㅋㅋㅋㅋ 합성하면 법사템만 ㅈㄴ 나오는게 나만 그런게 아니라고??,0,2026-07-26T06:51:41Z
920,Kf3X8XakvHk,3단계도 법사 4단계도 법사 짜증나네,0,2026-07-24T12:44:28Z
921,Kf3X8XakvHk,마법사 무기만 존나 뜸,0,2026-07-24T10:03:51Z
922,Kf3X8XakvHk,공격력 진짜 안나옴 ㅠ ㅋㅋ,0,2026-07-24T10:02:53Z
923,Kf3X8XakvHk,메키가 왜 매출 1위 하는지 알겠는사람들은 개추,0,2026-07-24T11:29:38Z
924,Kf3X8XakvHk,이거는 그냥 재미로 하는건가요?? 보상 그런거 안주나요.??,0,2026-07-24T09:38:45Z
925,Kf3X8XakvHk,"가방 옆에 공격 버프랑 방어버프 있던데 그건 사용조건이 어떻게 되는거죠?? 
아무리 찾아봐도 모르겠음",0,2026-07-24T09:46:03Z
926,Kf3X8XakvHk,극단적 관여인거같은데 ㅋㅋㅋㅋㅋㅋㅋㅋ,3,2026-07-24T09:17:18Z
927,Kf3X8XakvHk,"1-2, 1-5, 1-7 은 신이야 지금 2-3 까지 밀었습니다",0,2026-07-24T09:41:19Z
928,Kf3X8XakvHk,큐브 돌려서 방어력 맞춘 흑우 없제? 공격력 존버는 승리한다,2,2026-07-24T09:56:07Z
929,Kf3X8XakvHk,김창섭은 ㅈ같은 아일랜드 삭제하고 울티마 스쿼드를 편입하아,0,2026-07-24T11:02:47Z
930,Kf3X8XakvHk,법사템만 뜨는 주작,0,2026-07-24T13:51:17Z
931,Kf3X8XakvHk,이것도 확률조작같음 법사템만 준나게 나오잖아,0,2026-07-24T11:39:40Z
932,Kf3X8XakvHk,이걸 재밌다고 하는 애들은 메키 해보셈 2억배는 재밌음 ㅋㅋㅋ,0,2026-07-24T13:36:04Z
933,Kf3X8XakvHk,크확옵션은 어떤가요...?,0,2026-07-24T09:40:01Z
934,Kf3X8XakvHk,방어력 개 병신옵임 ㄹㅇ,0,2026-07-24T09:29:37Z
935,Kf3X8XakvHk,1-4.... 바보짓하고있었네,0,2026-07-24T09:13:25Z
936,Kf3X8XakvHk,장비드롭 골드획득은 언제 열리나요?,0,2026-07-24T09:19:28Z
937,Kf3X8XakvHk,ㅈ같은 스펙터 생각도 안 나면 개추 ㅋㅋ,0,2026-07-24T15:26:18Z
938,Kf3X8XakvHk,스펙터 같은 ㅈ노잼 하다가 메키하니까 개꿀잼 핫딜있으면 바로샀음,0,2026-07-24T15:36:46Z
939,Kf3X8XakvHk,학교다닐때 공부를 좀 이렇게 효율 따져가면서 하지ㅋㅋㅋㅋㅋㅋㅋㅋ,8,2026-07-24T09:07:02Z
940,Kf3X8XakvHk,대 맑 음,0,2026-07-24T10:28:42Z
941,Kf3X8XakvHk,전사 올방어력 해놨는데 뭐뭣....내 세상이...,0,2026-07-24T09:19:05Z
942,Kf3X8XakvHk,ㅇㄷ,0,2026-07-24T09:06:21Z
943,1-bqJRQ3XTs,메르 유저들 연계 리스크 조금 덜 방법 찾았다고 하더니 바로 막혔네,125,2026-07-24T01:38:05Z
944,1-bqJRQ3XTs,항상좋은 정보 알려주셔서 감사합니다,0,2026-07-24T09:08:04Z
945,1-bqJRQ3XTs,직업 버그 구조는 안고치고 미루면서 이득이 되는 행동은 바로 막네,10,2026-07-24T04:07:45Z
946,1-bqJRQ3XTs,배경에 깔리는 음악이 너무 좋아요!,0,2026-07-24T11:30:28Z
947,1-bqJRQ3XTs,"직업 버그는 년단위 방치
조금이라도 이득보는 버그는 하루컷 ㅋㅋㅋㅋ",66,2026-07-24T02:43:24Z
948,1-bqJRQ3XTs,아따 유저들이 의도하지 않은걸로 이득보는건 절대 두고 못본다니께요,6,2026-07-24T03:12:33Z
949,1-bqJRQ3XTs,ㅋㅋㅋㅋㅋㅋㅋㅋㅋㅋㅋㅋㅋ메르 캔슬 바로 짤라버리네 진짜 경이롭다,42,2026-07-24T01:46:37Z
950,1-bqJRQ3XTs,밸패 할수있는데도 일부러 안하고 미루고 도망치는 것을 매번 스스로 증명해내는 운영진 정말 달콤혀~,0,2026-07-24T08:19:12Z
951,1-bqJRQ3XTs,1:06 컨버지 이제야 깨달아요,90,2026-07-24T01:43:18Z
952,1-bqJRQ3XTs,ㄹㅇ 이따위 패치 하겠다고 울티마 스쿼드 끄게 만든거임?,10,2026-07-24T02:14:26Z
953,1-bqJRQ3XTs,"키입력 그거 빠름으로 해놓으니까 로드오브다이스 두번 눌러져서 선택이 안됨 
보통으로 바꾸니까 되더라
확실히 쓰고 안쓰고가 차이가 있음",0,2026-07-24T05:47:21Z
954,1-bqJRQ3XTs,달달하네요,0,2026-07-24T01:26:04Z
955,1-bqJRQ3XTs,메르 연계 막을 시간에 플위 극딜 설치기 2개만 시퀀스에 넣어줘도 겜잘알 소리 듣겠다,0,2026-07-24T04:03:38Z
956,1-bqJRQ3XTs,"화장실용 1분 동꼽이 막혔다에...놀랐는데
남들은 8분을 하고있었따고?! 어케!?!!",0,2026-07-24T03:28:11Z
957,1-bqJRQ3XTs,6분 동꼽은 개버그 맞는데 1분까진 해주면 안 되나...ㅠㅠㅠ,3,2026-07-24T02:20:33Z
958,1-bqJRQ3XTs,ㅅㅂ 진짜 죽이고 싶다 거다 캔슬 막는 거ㅋㅋㅋㅋㅋ 지들이 줫같은 스킬 냈으면서 캔슬 찾으면 처 막네,35,2026-07-24T01:40:04Z
959,1-bqJRQ3XTs,누가 봐도 비정상적인 메르 이르칼라 중 리레 웨펍 스위칭은 방치해서 멍석말이 당하게 냅두고 너프 연달아 시전하더니 이번 캔슬은 칼같이 막아버리네 개같다 진짜,0,2026-07-24T05:33:04Z
960,1-bqJRQ3XTs,시퀀스를 낸이유가 번거러움없에려고 아닌가? 근데 왜 다시 번거롭게 만들지 신캐들은 딸깍딸깍으로 만들면서 이해가 안되네 ㅋㅋㅋㅋㅋㅋ,2,2026-07-24T02:12:53Z
961,1-bqJRQ3XTs,그렇군,0,2026-07-24T01:35:05Z
962,1-bqJRQ3XTs,컨버지 어찌 그렇게 사셨나요,0,2026-07-24T06:32:28Z
963,1-bqJRQ3XTs,셀레스티얼 클리브 1타 2타 시간차이 크게 없드만 한번만 누르면 두번 다 나가게 해줘라 제발,0,2026-07-24T04:17:34Z
964,1-bqJRQ3XTs,아 전혀 몰랐던 컨버지면 뭐~ ㅋㅋ,1,2026-07-24T04:40:04Z
965,1-bqJRQ3XTs,이게 그 신창섭의 은혜 어쩌구 인가?,0,2026-07-24T08:35:04Z
966,1-bqJRQ3XTs,사냥하면서 보라고 경매장이랑 울티마 스쿼드 만들어놓고 이거키면 거탐뜬것처럼 공격받고있습니다 이거 띄우는거 개빡침,0,2026-07-24T06:42:08Z
967,1-bqJRQ3XTs,맆토거다같은 느낌인데 막았네ㄷㄷ,0,2026-07-24T05:08:07Z
968,1-bqJRQ3XTs,겜안분들이 유저 이득보는 패치는 기가막히게 잘라요,0,2026-07-24T04:03:06Z
969,1-bqJRQ3XTs,샤발 제발 블래스터 신규 스킬 개선좀 해주세요 누를 게 더 늘었어,0,2026-07-24T03:36:19Z
970,1-bqJRQ3XTs,"님들 레테 키보드 매클 이나 마우스 매클 있으면    여전히 임펠 자동됌 저는 8초마다 공속벞 리필 
매클 설정해서 8초마다 임펠 나가서 총 5분 넘긴거 같응",0,2026-07-27T07:56:45Z
971,1-bqJRQ3XTs,이거 수정하려고.. 난 피시방에 게임 켜두지도 못하고 출근한건가..,0,2026-07-24T04:49:57Z
972,1-bqJRQ3XTs,동꼽이 되는걸 처음 알았고 텔포가 버그인 것도 처음 알았다 ㅋㅋ 이왕 해줄거면 대각선텔로 올라가게 좀 해줘,17,2026-07-24T02:01:16Z
973,1-bqJRQ3XTs,레테 동꼽 니네만 알았냐????,5,2026-07-24T01:49:10Z
974,1-bqJRQ3XTs,뭣 컨버지 매크로에 못넣게 바꾸다니 이런!,0,2026-07-24T05:49:05Z
975,1-bqJRQ3XTs,동꼽은 잘고쳤네요,0,2026-07-24T04:40:22Z
976,1-bqJRQ3XTs,동꼽되는지도 몰랐던 메붕이,0,2026-07-24T03:31:25Z
977,1-bqJRQ3XTs,"라 라 버 그 있 는 줄 알 면 좀 딜 압 축 해 달 라 고 ! ! ! !
라 잔 연 기 습 시 위 ! ! !",0,2026-07-24T03:57:35Z
978,1-bqJRQ3XTs,어쩐지 릴스로 레테 동꼽 개많이올라온다햇다,0,2026-07-24T01:42:09Z
979,1-bqJRQ3XTs,"메이플 뭐 키우고 싶은 직업 키우라는 말 이제 의미 없는듯, 내가 신궁 키우고싶어서 키웠는데 어떻게 주변에서 하는말이 보마랑 디게 차별 당하는게 ㄹㅇ 석나가네",1,2026-07-24T06:04:38Z
980,1-bqJRQ3XTs,이것때문에 스쿼드가 튕겼다고?,3,2026-07-24T01:25:52Z
981,1-bqJRQ3XTs,바닥 뚫고 텔포하는 거 버그였어????,0,2026-07-24T04:08:05Z
982,1-bqJRQ3XTs,동꼽은 막아야지 ㅋㅋㅋㅋㅋ,0,2026-07-24T05:58:33Z
983,1-bqJRQ3XTs,컨버지 그립습니다...,0,2026-07-24T08:13:56Z
984,1-bqJRQ3XTs,"저정도 패치는 QA를 하면 다 걸러질 거 같은데
넥슨정도 되는 회사에 QA팀이 없나?",0,2026-07-24T10:53:53Z
985,1-bqJRQ3XTs,이번편은 내직업이없어서 20초컷함..,0,2026-07-24T04:06:46Z
986,1-bqJRQ3XTs,감히 유저가 이득을 보겠다고????? 멈------춰---------라------,1,2026-07-24T04:35:06Z
987,1-bqJRQ3XTs,님들 키보드나 마우스 매크로 있으면 5분이상 자동 됩니다,0,2026-07-27T07:54:33Z
988,1-bqJRQ3XTs,"동꼽으로 징징대는 애들이해안감 사실상 매크로수준인데 ㅋㅋ
그리고 아예막힌게아니라 6분되던게 1분된거라매",0,2026-07-24T04:36:32Z
989,1-bqJRQ3XTs,레테 텔포 바닥 뚫는거 여전한거같은데,0,2026-07-24T03:29:45Z
990,1-bqJRQ3XTs,"패치 제목 : 님들 이득보던거 다 막았습니다 ^ㅡ^ 아, 불편해하는거는 알빠노",0,2026-07-24T08:34:25Z
991,1-bqJRQ3XTs,레테 동꼽이 있었어?,0,2026-07-24T08:11:31Z
992,1-bqJRQ3XTs,동꼽은 패치해야지 ㅋㅋㅋ,1,2026-07-24T02:20:02Z
993,1-bqJRQ3XTs,1:11 버그였어?!,27,2026-07-24T02:11:10Z
994,1-bqJRQ3XTs,패파 신규스킬 쓰면 더 약해지는 버그 없애줘요 ㅎ,0,2026-07-24T07:13:07Z
995,1-bqJRQ3XTs,편의성으로하는직업스킬들은 싹고치고 직업관련버그는고치지도않으면서 진짜누구대가리에서저딴발상이나오는지궁금하네 운영진들이 직업이해도가없어 월급왜받노,0,2026-07-24T06:28:34Z
996,1-bqJRQ3XTs,레테가 텔포 버그가 있었어? 전혀 모르던 사실인데 근데 메르나 엔버 스킬 패치 보면 운영진에 해당 직업들 혐오자라도 있나ㅋㅋ 유독 둘은 좋은걸 못보네,4,2026-07-24T02:32:46Z
997,1-bqJRQ3XTs,동꼽이 뭔지모르는 매린이 그져웃기만 할뿐이내요,0,2026-07-24T03:21:20Z
998,1-bqJRQ3XTs,동꼽이됐었어? 당연히막아야지,0,2026-07-24T04:02:55Z
999,1-bqJRQ3XTs,유저들 이득보는건 귀신같이 빨리 막아버리네요~~~ 밸패나 똑바로 하지,0,2026-07-24T02:40:03Z
1000,1-bqJRQ3XTs,얌마 니네들 확률주작 또 터졌다매 그거나 어케좀 해봐 ㅋㅋㅋㅋㅋ 메키랑 번갈아터지는 꼬라지,1,2026-07-24T03:11:18Z
1001,1-bqJRQ3XTs,근데 딴겜도 그래 꿀빠는건 바로 막고 ㅈ같은건 오래방치 하는건,0,2026-07-27T07:49:29Z
1002,1-bqJRQ3XTs,레테 동꼽사냥 한번도 안해봤으면 개추 ㅋㅋ,0,2026-07-24T06:16:43Z
1003,1-bqJRQ3XTs,레테안해서 나이스요,0,2026-07-24T07:18:50Z
1004,1-bqJRQ3XTs,썬콜 반복키 빠름 설정하고 주썬 썬브 하면 마나 반토막씩 날라가서 옵드 꺼지는 버그나 좀 해결해주세요.. 창섭이형,3,2026-07-24T02:17:36Z
1005,1-bqJRQ3XTs,아크 나이쨔,4,2026-07-24T01:26:54Z
1006,1-bqJRQ3XTs,이거 할바에 플래닛 함,0,2026-07-24T23:18:12Z
1007,1-bqJRQ3XTs,레테 대각 텔포 진짜 개짜증났는데 고쳐줬네 대창섭,0,2026-07-24T01:28:53Z
1008,1-bqJRQ3XTs,오전패치 사료 내놔,0,2026-07-24T04:59:26Z
1009,1-bqJRQ3XTs,카웅 바인드 버그같은건 도데체 누가 알아보고 제보하는걸까 신기하네,0,2026-07-24T04:36:27Z
1010,1-bqJRQ3XTs,1분 30초는 좀 살려주지 너무하네,0,2026-07-24T06:23:27Z
1011,1-bqJRQ3XTs,거다캔슬 막는거보고 절대 안뚫음,0,2026-07-24T19:44:36Z
1012,1-bqJRQ3XTs,레테 대각텔 아랫점 대신 되는게 막힌건가? 그게 진짜 개꿀이였는데.. 아랫점 딜레이 없이 이동되서...,2,2026-07-24T01:48:29Z
1013,1-bqJRQ3XTs,유저 이득보는건 바로고치고 밸패는방치❤,237,2026-07-24T01:48:48Z
1014,1-bqJRQ3XTs,동꼽사냥은 막는게 맞지않음? 왜 욕하는거임,0,2026-07-24T07:33:59Z
1015,1-bqJRQ3XTs,아오 바로막노,0,2026-07-24T07:10:52Z
1016,1-bqJRQ3XTs,😮,0,2026-07-24T01:25:26Z
1017,1-bqJRQ3XTs,동꼽 그거 해봤자 1분 언저리인걸 뭐 라면 한 수저 뜰 시간도 안주겠다는거냐...,0,2026-07-24T01:47:46Z
1018,1-bqJRQ3XTs,어메이징 똥창섭,1,2026-07-24T02:12:25Z
1019,1-bqJRQ3XTs,섀도어 무아지경 꼬락서니나 고쳐라,3,2026-07-24T02:12:07Z
1020,1-bqJRQ3XTs,ㅋㅋㅋ레테유저인데 처음알았네 나도 좀 알려주지…지들만꿀빨네,2,2026-07-24T02:55:10Z
1021,1-bqJRQ3XTs,하... 와헌 신규스킬코어 평타누르면서 커맨드로 나가게 해주라 딜 더 달라고 안할테니 ㅠㅠ,0,2026-07-24T01:54:54Z
1022,1-bqJRQ3XTs,동꼽 내가 20년전 리본돼지 사냥했을때 쓰던방법인데 이제야 막힌다고?ㅋㅋㅋㅋㅋ,1,2026-07-24T02:27:27Z
1023,1-bqJRQ3XTs,메르 진짜 버벅버벅 연계하기 어려운데... 스킬을 왜 저렇게 준거냐고... 안 그래도 손 바쁜데... 라기엔 카데나나 블래보단 낫나 싶기도 하고...,0,2026-07-24T02:16:22Z
1024,1-bqJRQ3XTs,썬콜 필터키 빠름 적용하고 썬브쓰면 mp반토막나면서 오버로드마나가 꺼져요..수정부탁드립니다 창섭이형,0,2026-07-24T02:50:55Z
1025,1-bqJRQ3XTs,동꼽이 됐었어..?,26,2026-07-24T01:35:57Z
1026,1-bqJRQ3XTs,레테 텔포가 버그였구나,23,2026-07-24T01:26:22Z
1027,1-bqJRQ3XTs,ㅅㅂ 스쿼드 손실 어쩌라는겨,3,2026-07-24T01:32:15Z
1028,1-bqJRQ3XTs,여기 영상 브금 뭔지 아시는 분 계신가요 ??,2,2026-07-24T01:50:46Z
1029,1-bqJRQ3XTs,앰 창 섭,0,2026-07-24T20:47:26Z
1030,1-bqJRQ3XTs,다른건 몰라도 레테는 ㄹㅇ 개날먹중이었네 ㅋㅋㅋㅋㅋ,0,2026-07-24T02:10:53Z
1031,1-bqJRQ3XTs,메르는 왜 항상 이러냐 ㅡㅡ,0,2026-07-24T02:05:55Z
1032,1-bqJRQ3XTs,이득보는 버그가 아니라 의도가 아니면 고쳐야지 줫나 찡찡대네 법도 없애 달라해라 ㅋㅋㅋ,0,2026-07-24T04:09:37Z
1033,1-bqJRQ3XTs,동꼽하는놈들은 그거 조차 누르기 싫으면 게임 왜함?ㅋㅋㅋㅋㅋ,0,2026-07-24T02:35:31Z
1034,1-bqJRQ3XTs,😮,0,2026-07-24T01:25:54Z
1035,1-bqJRQ3XTs,레테 동전꼽이 있었어?,0,2026-07-24T16:20:22Z
1036,8AQzaI4T3Ic,"실제 유저 운영법이랑 운영진 의도랑 괴리 안생기게 하기는 개뿔
기존 사이클 부숴놓으려고 아주 발악을 다했구만",22,2026-07-23T04:51:10Z
1037,8AQzaI4T3Ic,고마워요 맑음로이드,6,2026-07-23T04:35:43Z
1038,8AQzaI4T3Ic,"이렇게 조져놓고 9월까지 기다리라니
너무 기대가 됩니다!",1,2026-07-23T09:08:42Z
1039,8AQzaI4T3Ic,렌 5초는 뭐임ㅋㅋㅋㅋ 리듬게임이냨ㅋㅋㅋㅋ,7,2026-07-23T06:31:27Z
1040,8AQzaI4T3Ic,배틀메이지 직업 전원 레드 어카운트 그대로 들어오네 ㅋㅋㅋㅋㅋ,3,2026-07-23T04:51:49Z
1041,8AQzaI4T3Ic,"진짜 저렇게까지 구조 십창내기도 힘들듯 ㅋㅋㅋㅋ
그와중 대부분 상승률 2~3%대로 어캐든 맞춘거보면 그것도 그것대로 참 대단한거같아",39,2026-07-23T05:44:31Z
1042,8AQzaI4T3Ic,혹시 밸패팀에 학창시절 엔버한테 쳐 맞은 사람이 있나요?,11,2026-07-23T05:59:43Z
1043,8AQzaI4T3Ic,"만참은 쿨을 없애야하지 않나? 아니 세상에 스킬이 한번씩 가동이 안되게 해두는 스킬이 어딧지 싶은데..
가동이 제대로 딱딱 맞춰서 일단 되야지 지금 데미지가 그대로 들어오지 않나요?
이거 가동도 제대로 안된다는 얘기가 있는데 이럼 데미지가 아무리 좋아도 그대로 받기 힘들지 않나요?.....
다음에 뭐 데미지 상향을 받아도 받은 그대로 올라가질 않을 것 같아 걱정이네요 
가동부터 제대로 안되면 아무래도 그럴거 같아요....
이 스킬로 구조가 이상해져서 너무 억지로 어렵게 만들고 고점 캐릭 만들려고 하는거 같아요
뉴비 친화적이고 가볍게 할 수 있는게 렌이라고 해서 하려는거엿는데 승화분리에 일필 맞추기 갑자기 5초 생각하며 스킬 아끼기 이럼 그냥 다른 캐릭을 하러 가는게 맞지 않을까요.. 갑자기 캐릭이 비틀어진 기분이네요..",0,2026-07-23T05:17:59Z
1044,8AQzaI4T3Ic,불타버린 민심을 반영한 첫 선곡 유적지브금 감다살,1,2026-07-23T11:19:00Z
1045,8AQzaI4T3Ic,영상 몇개를 찍어내는거야 ㄷㄷ,1,2026-07-23T09:33:42Z
1046,8AQzaI4T3Ic,은월은 그냥 진짜 잊혀진 직업 컨셉에 맞췄나보네 무야호 개별로라고 유저들이 그렇게 말해도 잊혀지네,24,2026-07-23T05:50:58Z
1047,8AQzaI4T3Ic,부티크 티켓은 보통 경매장에 1장당 얼마에 판매되나요?,1,2026-07-23T05:18:49Z
1048,8AQzaI4T3Ic,"제로는 리레4렙 안에 다 들어가게 딜 압축만 해달랬는데 압축이 아니라 그냥 짧게 잘라버렸네

이펙트도 시간의 초월자 컨셉가지고 시계태엽 굴렁쇠라니",10,2026-07-23T06:13:52Z
1049,8AQzaI4T3Ic,제로 굴렁쇠는 진짜 하다 못해 시간의 초월자 후계자란 설정에 맞게 거대한 모래시계 나오고 깨지는 이펙트와 함께 딜이 박히는게 간지나겠다 뉜르 이펙트말고 그닥이네,0,2026-07-23T10:17:36Z
1050,8AQzaI4T3Ic,"챌섭에서 자석펫 사기 싫어……
pc방 가야해…..
pc방 가기는 싫어……
ㅋㅋㅋㅋㅋ",1,2026-07-23T07:00:08Z
1051,8AQzaI4T3Ic,메르는 그냥 신규스킬 안여는게 나은데 다른 헥사코어에서 이번신규스킬에 딜 떼붙일까봐 ㅈㄴ무섭네,1,2026-07-23T09:12:34Z
1052,8AQzaI4T3Ic,아니 난 뭐 본섭 낼때 최소한 신궁 오른쪽 상단에 일러스트 뜨는것처럼 일러스트라도 추가해서 해주는줄 알았네 ㅋㅋㅋ,0,2026-07-23T13:45:33Z
1053,8AQzaI4T3Ic,레테도 스킬조정있나요? 소환수 임펠시 소환수 스킬에 보라색 테두리가 없어졌네요,0,2026-07-23T10:44:45Z
1054,8AQzaI4T3Ic,엔버는 안그래도 낮은 신스킬 데미지를 더 깎았음,1,2026-07-23T09:06:04Z
1055,8AQzaI4T3Ic,부티크..오..시아등 개이쁘네 진짜로,0,2026-07-23T09:41:17Z
1056,8AQzaI4T3Ic,모두 만족할수 없는 아쉬운 스킬코어 밸페,2,2026-07-23T07:07:33Z
1057,8AQzaI4T3Ic,296 섀도어인데 신스킬 안찍기로 마음 먹었다,2,2026-07-23T05:00:40Z
1058,8AQzaI4T3Ic,창섭아 나로 듀블 살려내라,43,2026-07-23T04:46:44Z
1059,8AQzaI4T3Ic,듀블은 뭐 진짜...ㅋㅋ 할 말이 없다,0,2026-07-23T09:42:54Z
1060,8AQzaI4T3Ic,밸패만 하면 신창섭에서 개창섭이 되버리는거 웃기네 ㅋㅋ,3,2026-07-23T07:50:42Z
1061,8AQzaI4T3Ic,호영 시퀀스에만 좀 넣어 달라니까 끝까지 개무시당했네... 도철은 달팽이던지기 하고 있고 금고봉초기화원툴인 스킬이면 그냥 버프로 묶어적용시켜주면 안되냐고 안그래도 누를거많고 수동조정해야되는 똥같은 스킬 많은 직업인데,0,2026-07-23T10:43:08Z
1062,8AQzaI4T3Ic,제논은 신규스킬 풀강 시 점유율 4%인데 잘받은편임?,0,2026-07-23T09:00:48Z
1063,8AQzaI4T3Ic,3:37초 야누스 버그 아직도 안고쳤나요,0,2026-07-23T10:45:25Z
1064,8AQzaI4T3Ic,오예 드디어 엘피네 헤어 나오네,0,2026-07-23T06:22:50Z
1065,8AQzaI4T3Ic,패파 진짜 한숨만 나오네,0,2026-07-23T09:22:59Z
1066,8AQzaI4T3Ic,1,0,2026-07-23T04:35:50Z
1067,8AQzaI4T3Ic,4:04 VIP 사우나 개당 50코인 -> 30코인으로 변경되서 들어왔어용,6,2026-07-23T06:55:54Z
1068,8AQzaI4T3Ic,밸패도 아니고 신규스킬로 성수기떄 민심 처박는건 ㄹㅇ처음보는 초식ㅋㅋㅋㅋㅋㅋ,0,2026-07-23T15:03:06Z
1069,8AQzaI4T3Ic,리프는 창섭이형..,0,2026-07-23T05:14:18Z
1070,8AQzaI4T3Ic,엔버는 그여축때문인가 퍼뎀을 박살내놧네,0,2026-07-23T18:55:58Z
1071,8AQzaI4T3Ic,수치 딸깍만 했지 거의 구조는 비슷한 거 같은데 이거 맞나,0,2026-07-24T01:12:18Z
1072,8AQzaI4T3Ic,안그래도 누를꺼많은데 꼴랑 3퍼로 족쇄채워서 손가락 아작나게 패치하는거 너무 고마워요 ~,3,2026-07-23T07:07:22Z
1073,8AQzaI4T3Ic,렌 어떤새끼가 만들었냐?ㅋㅋ,11,2026-07-23T05:36:48Z
1074,8AQzaI4T3Ic,나이트로드 신규코어 안배우는게 맞나..?,0,2026-07-23T06:16:36Z
1075,8AQzaI4T3Ic,이번 패치로 신창섭의 엔버혐오설이 기정사실화 되었습니다,15,2026-07-23T06:11:59Z
1076,8AQzaI4T3Ic,스킬 이펙트나 고쳐주지... 죄다 너무 대충 만들어놨어,0,2026-07-23T05:34:17Z
1077,8AQzaI4T3Ic,4캐릭하는데 3캐릭이 맛이가있네 어이가없다 ㅋㅋㅋㅋ,0,2026-07-23T07:11:32Z
1078,8AQzaI4T3Ic,창렬하고 섭섭하다,0,2026-07-23T06:48:06Z
1079,8AQzaI4T3Ic,패파 예?,1,2026-07-23T06:33:22Z
1080,8AQzaI4T3Ic,창섭아 다조 3000개 만큼 화난다,0,2026-07-23T06:46:55Z
1081,8AQzaI4T3Ic,메린이라 궁금해서 그러는데 렌 5초쿨뚝 끼면 만참 쿨 없이 쓸 수 있게되는 건가요?,0,2026-07-23T15:10:49Z
1082,8AQzaI4T3Ic,밸런스팀 싹다 집으로 보내라 창섭아,0,2026-07-23T12:01:43Z
1083,8AQzaI4T3Ic,엔버는 걍 개선해주고 4퍼대 코어 받아도 어쩌피 dpm 순위 조또 변화 없는거 아니냐 굳이 고치면서 딜을 깎아내서 서운하게하네,0,2026-07-24T05:21:48Z
1084,8AQzaI4T3Ic,보수적이다 못해 계엄을 때렸네,0,2026-07-23T09:37:39Z
1085,8AQzaI4T3Ic,근데 1레벨 효율 다 올려준다 하지않음??,0,2026-07-23T06:11:48Z
1086,8AQzaI4T3Ic,에픽던전 챌섭하고 본섭 횟수 통합됬던데 1회로 바뀌고 tq,1,2026-07-23T18:32:09Z
1087,8AQzaI4T3Ic,퍼뎀은 무슨 얼드 보는 것 같노ㅋㅋ,0,2026-07-23T06:46:37Z
1088,8AQzaI4T3Ic,음,0,2026-07-23T06:06:50Z
1089,8AQzaI4T3Ic,제로 ^굴렁쇠^,0,2026-07-23T05:05:14Z
1090,8AQzaI4T3Ic,1:57 쿨 10초 감소 말고 쿨 삭제를 하라고 창섭아,5,2026-07-23T07:04:13Z
1091,8AQzaI4T3Ic,렌을 다들 유챔으로 키우다보니 수호단 ㅈㄴ많네,5,2026-07-23T09:26:37Z
1092,8AQzaI4T3Ic,●▅▇█▇▆▅▄▇,0,2026-07-23T11:47:13Z
1093,8AQzaI4T3Ic,여로셋안푸나하,0,2026-07-23T06:32:26Z
1094,8AQzaI4T3Ic,엔버는 진짜 왜 너프 때린거냐????,0,2026-07-23T05:33:38Z
1095,8AQzaI4T3Ic,꼴랑 2~3퍼 따리가 솔에르다 얼마나 쳐먹는건지 참 이게맞나,0,2026-07-23T06:21:00Z
1096,8AQzaI4T3Ic,도적직업은 섭종할때까지 침체기누,0,2026-07-23T07:40:38Z
1097,8AQzaI4T3Ic,팬텀 버프해라,0,2026-07-23T12:23:41Z
1098,8AQzaI4T3Ic,엔버는 밸패마다 패싱하더니 이제는 너프를때려? ㅋㅋㅋ,99,2026-07-23T04:45:43Z
1099,8AQzaI4T3Ic,진짜 근데 2주 테섭 왜한거임?????,0,2026-07-23T14:28:05Z
1100,8AQzaI4T3Ic,"난 이새끼들 도대체 왜2주나 테섭했는지 이해가 안됨
뭐 구조로나 딜로써나 크게 건드린직업도 없는데 테섭만 존내 길었음
2주동안 도대체 뭐한거임?",157,2026-07-23T04:39:06Z
1101,8AQzaI4T3Ic,렌은 쿨만 엄청 감소시키고 딜 감소시킨 건 없던데 많이 좋아졌으려나,17,2026-07-23T04:42:58Z
1102,8AQzaI4T3Ic,"아잉눈은 못참지
...는 제발 남자얼굴4좀 풀어라 좀...",3,2026-07-23T04:45:00Z
1103,8AQzaI4T3Ic,제발 나로좀 살려내!!!! 환산이랑 보스컷 너무다르다고!!,2,2026-07-23T07:06:23Z
1104,8AQzaI4T3Ic,"스킬추가후 메포 2200 달성..
진짜 대단함 2600->2200
이것도 능력이 신창섭",0,2026-07-23T08:22:52Z
1105,8AQzaI4T3Ic,Pc방 vip 사우나 코인 50개 아니고 30개입니다 참고하셔요,20,2026-07-23T04:43:34Z
1106,8AQzaI4T3Ic,만참 쿨타임 없애라니까,11,2026-07-23T04:42:08Z
1107,8AQzaI4T3Ic,9월에도 이럴거같으면 개추 일단 나부터❤,1,2026-07-23T09:54:06Z
1108,8AQzaI4T3Ic,신규스킬을 9랩이나 찍었는데 어제보다 왜 환산이 떨어졌지.....,1,2026-07-23T05:13:50Z
1109,8AQzaI4T3Ic,남자 헤어 디자이너  는 진짜 퇴사시켜라,9,2026-07-23T04:36:55Z
1110,8AQzaI4T3Ic,메르 딜 수치 딸깍은 나중에 또 욕 먹게하고 너프해서 나락보내려고 하... ㅋㅋㅋ,1,2026-07-23T04:42:39Z
1111,8AQzaI4T3Ic,렌 헥사 스킬 오픈하는게 좋은 거죠?,0,2026-07-23T06:47:23Z
1112,8AQzaI4T3Ic,렌 10초 상향은 지리네,11,2026-07-23T04:47:51Z
1113,8AQzaI4T3Ic,"메이플은 왜 피시방을
 이벤을 맨날 금요일부터 시작하는거야...",0,2026-07-23T05:22:14Z
1114,8AQzaI4T3Ic,메르 뎀퍼보다는 연계좀 그만늘려 ㅠㅠ,3,2026-07-23T05:26:25Z
1115,8AQzaI4T3Ic,알지?? 꼬우면 탬팔고 접어~ 그만 징징대고,0,2026-07-23T06:37:20Z
1116,8AQzaI4T3Ic,"렌 설명이 너무 미흡한데 단순 쿨만 감소되어서 좋아보이게 되어있어요
상향아님 렌은 1타를쓰고 234 기다렷다가 234 또는 34 쓰고 다시 1234 바로 씀 
일필이나 엔버에  그렇게 하고도 낮은딜량 뛰어난 유틸로 그냥 인기인데
근데 저기중 새로생긴 문구 하나떄문에 구조박살남 1타가 창룡 쿨 5초안에 쓰면 적용안됨",0,2026-07-23T06:04:22Z
1117,8AQzaI4T3Ic,우리 동네는 1시간에 2000원이라 이젠 걍 자석펫 사는게 효율적이겠다..,1,2026-07-23T04:40:40Z
1118,8AQzaI4T3Ic,아 달시헤어 언제 나오지,0,2026-07-23T05:09:33Z
1119,8AQzaI4T3Ic,? 렌 쿨감소 상향인가요????,4,2026-07-23T04:43:27Z
1120,8AQzaI4T3Ic,렌 쿨 5초 뭔짓거리임? 극딜할때 꾹 누르지 말고 막 한번 쓰고 잠깐 있다가 또 쓰고 ㅇㅈㄹ로 하라는거임?,0,2026-07-23T05:16:24Z
1121,8AQzaI4T3Ic,자막 ai로 달았나? 너무 어색한 부분이 많은데? 검수는 제대로 해줘라,1,2026-07-23T05:32:55Z
1122,8AQzaI4T3Ic,렌은 그냥 승화때 쿨 없애주면 안됨? 극딜때 이펙트 팡팡 터지기만 해도 만족감 오를거같은데,0,2026-07-23T05:11:01Z
1123,8AQzaI4T3Ic,캡틴 이펙트좀 바꿔라,2,2026-07-23T07:47:34Z
1124,8AQzaI4T3Ic,나로 10.5 진작 8만까지 내리길 잘했다 ㅋㅋ,0,2026-07-23T20:59:11Z
1125,1cljEsT6jck,"""방어력 옵션"" 부분 정정드립니다
오늘 마이너 업데이트에도 방어력 관련 수정이 없는걸 봐서는
아예 잡옵으로 봐도 무방할 듯싶습니다
 
따라서 전사도 잠재옵션을
방어력 대신 공격력을 뽑아주셔야 되니
이 점 참고해주시면 감사하겠습니다
 
아래 링크는 본섭 이후 완화된 버전의 추가 공략입니다
https://youtu.be/Kf3X8XakvHk",4,2026-07-24T09:08:44Z
1126,1cljEsT6jck,역시 맑음로이드 ㄷㄷ,4,2026-07-23T01:06:22Z
1127,1cljEsT6jck,5:13 본섭오면서 10만골드로 바뀐듯,56,2026-07-23T01:26:43Z
1128,1cljEsT6jck,루시드부터 이벤트 ㅈㄴ 맘에 드는거 많이 나오네 스펙터는 별로였는데 이런건 너무 좋다 소소하게 재밌네,2,2026-07-23T08:22:08Z
1129,1cljEsT6jck,갑자기 공략영상이 8초전은 못참죠,1,2026-07-23T01:05:56Z
1130,1cljEsT6jck,그래그래 오늘은 빠르네 바로 봐주마,5,2026-07-23T01:06:44Z
1131,1cljEsT6jck,와 이거 재밌는데 좀만 손봐서 정식컨텐츠 해주면 안되냐,4,2026-07-23T06:37:13Z
1132,1cljEsT6jck,10시전에 올렸어야지 어허! 언제나 고맙다,2,2026-07-23T01:24:03Z
1133,1cljEsT6jck,감사합니다 필요한 영상이었어요,0,2026-07-23T02:15:29Z
1134,1cljEsT6jck,1:34 몬컬 추,10,2026-07-23T02:50:57Z
1135,1cljEsT6jck,3분전 핫하다,2,2026-07-23T01:08:31Z
1136,1cljEsT6jck,굿,1,2026-07-23T01:07:49Z
1137,1cljEsT6jck,"오늘 스킬2번째 열엇는데, 궁수는 폭시랑 평타중에 어떤거 하면 될까요? 일반 사냥돌릴때는 평타가 좀더 빨리 미는것 같아보이긴 하는데, 혹시 고수님들 계실까요?",0,2026-07-24T08:42:37Z
1138,1cljEsT6jck,아씨 안보고했다가 30분날림 항상 감사합니다,0,2026-07-23T02:13:31Z
1139,1cljEsT6jck,에스페시아 레어떳으면 개추,34,2026-07-23T04:25:36Z
1140,1cljEsT6jck,초반에 장비 등급이나 추옵 올려봐도 효과 엄~청 미미합니다. 맞아서 깎이는 피 같고 공격해서 깎는 hp도 같음.,0,2026-07-24T14:47:13Z
1141,1cljEsT6jck,영상 자막 말고 목소리 나오는게는 안될까요 ㅜㅁ ㅜ 화면보면서 자막 따라가기 어려웡~ 소리로 반복해서 들어야 알아먹는 타입이라 ㅎㅎ;;,0,2026-07-23T23:47:50Z
1142,1cljEsT6jck,01:26 핵심,1,2026-07-26T05:29:52Z
1143,1cljEsT6jck,걍 태스크바 히어로 개대박치니까 바로 따라서 만든거같은 느낌인데 시스템이 거의 흡사함 ㅋㅋㅋㅋㅋ,0,2026-07-24T02:37:30Z
1144,1cljEsT6jck,창섭아 합성 15번했는데 전사템이 안나온다,7,2026-07-23T06:06:58Z
1145,1cljEsT6jck,"본섭 나오면서 골드는 손보고 나왔네
영입비용, 슬롯확장비용 등등 다 낮아진거같아여",0,2026-07-23T01:30:30Z
1146,1cljEsT6jck,2스테 공략을.. 어서.. 커헉,0,2026-07-24T23:07:25Z
1147,1cljEsT6jck,전사옵션 방어력이 좋나요 아니면  hp가 좋나요?,0,2026-07-23T06:36:11Z
1148,1cljEsT6jck,옳게된 이벤트다 스펙터 블래스트인가 뭔가 너무 힘들었다,0,2026-07-23T12:01:50Z
1149,1cljEsT6jck,본섭 울티마 스쿼드 공략 기다림,0,2026-07-24T07:03:59Z
1150,1cljEsT6jck,미니게임 화면 우측에 포탈모양 눌러도 다음스테이지 도전 가능합니다 굳이 찾아서 누를필요 엄서요,0,2026-07-23T08:31:16Z
1151,1cljEsT6jck,7:22 나머지 200만 골드는 수수료일까요 ㅋㅋㅋ,0,2026-07-23T04:35:03Z
1152,1cljEsT6jck,"8:35 잠재능력 2줄이 뜸? 난 큐브 돌려도 1줄만 뜨던데... 패치 된건가?
아 3단계 장비부터 잠재능력 2줄 뜨네 큐브 아낄걸 ㅋㅋㅋㅋ",0,2026-07-24T03:14:21Z
1153,1cljEsT6jck,마이너 패치로 좀 바뀌었던데 바뀐 내용도 오렬주세요~,0,2026-07-23T10:42:50Z
1154,1cljEsT6jck,고마워요 맑음 누나,11,2026-07-23T02:54:55Z
1155,1cljEsT6jck,뺑뻉이 돌리고..~,0,2026-07-23T01:25:10Z
1156,1cljEsT6jck,이것도 어려우면 유튜브 댓글은 어케 다는거냐 ㅋㅋㅋㅋㅋ,0,2026-07-23T02:50:04Z
1157,1cljEsT6jck,브금 뭔데 신나노,3,2026-07-23T01:40:15Z
1158,1cljEsT6jck,1-3에서 안 넘어가면 개추,348,2026-07-23T02:38:13Z
1159,1cljEsT6jck,진짜 스펙터 솔플로 하느라 힘들었다..,0,2026-07-23T06:39:26Z
1160,1cljEsT6jck,이거 보상은 챌섭이랑 본섭이렁 같이 연동임?,0,2026-07-23T01:24:30Z
1161,1cljEsT6jck,이거 계정 공유인가요 서버공유인가요? 챌린저스에서도 키우고잇고 본섭에서도 키우고잇는데,0,2026-07-23T16:09:05Z
1162,1cljEsT6jck,"메m 자동사냥 생각하면 됨?
게임 꺼도 자동사냥하는 그런거?",0,2026-07-23T06:50:36Z
1163,1cljEsT6jck,스펙터 사라지고 나왔대서 경험치 관련인줄 알았는데 카오스 상점에 파는 경험치 exp 교환권이 전부인거죠? 효율면에선 저게 더 좋은건가,0,2026-07-23T23:47:48Z
1164,1cljEsT6jck,작은 창 계속 켜있어야 사냥되나요? (내리면 사냥보상 오프라인으로 들어오나요?),0,2026-07-23T11:39:11Z
1165,1cljEsT6jck,맵에 있는 포탈키눌러도 다음맵으로 이동됨,0,2026-07-23T13:57:01Z
1166,1cljEsT6jck,경험치 받는 형식은 어케되는건가요?? 본캐로 울티마 스쿼드 돌리고 챌섭캐로 경험치 받을수 있는건가요 아니면 켜놓으면 그 캐릭터한테 경험치가 들어가는건가요,0,2026-07-23T02:13:46Z
1167,1cljEsT6jck,원래 이벤트에서 주던 경험치는 쿠폰으로 대체 된거임?,0,2026-07-23T12:26:38Z
1168,1cljEsT6jck,궁수 무기 잠재에서 마력 뜨게 해놨네 ㅋㅋㅋ 지독하다 지독해,0,2026-07-24T07:39:56Z
1169,1cljEsT6jck,브금 감다살 ㅋㅋ,0,2026-07-23T01:36:34Z
1170,1cljEsT6jck,아무리 비벼도 1-6은 안된다…,1,2026-07-23T05:40:21Z
1171,1cljEsT6jck,바로1-1에서 상자써버린사람 개추😢,0,2026-07-23T04:58:49Z
1172,1cljEsT6jck,저거 완전 메이플 키우기잔아.ㅋㅋ,0,2026-07-23T01:32:35Z
1173,1cljEsT6jck,1-1에서 에스페시아 썼는데 1-3을 못갑니다,0,2026-07-23T09:30:31Z
1174,1cljEsT6jck,전사 4상무기면 1 5까지는 가능..지금 1 6에서 막힘 2단계 방어구전사가 15번동안 1번무기뜸,0,2026-07-23T06:14:58Z
1175,1cljEsT6jck,이거 1-3에서 에스페시아 까는게 속편한듯,0,2026-07-23T09:02:55Z
1176,1cljEsT6jck,1-6에서.안넘어가지면 개춤,1,2026-07-24T09:47:50Z
1177,1cljEsT6jck,ㄱ,0,2026-07-23T01:05:31Z
1178,1cljEsT6jck,1-9 깼습니다,0,2026-07-24T01:07:59Z
1179,1cljEsT6jck,메이플 안에서 메키하기 ㅋㅋㅋ,0,2026-07-23T01:29:27Z
1180,1cljEsT6jck,1-6 깰라면 9렙 잠재 공붙어야함,0,2026-07-23T16:40:07Z
1181,1cljEsT6jck,솔직히 그냥 대충해도 대부분유저는 다 수급가능함ㅋㅋ,0,2026-07-23T22:24:23Z
1182,1cljEsT6jck,메키?,0,2026-07-23T02:33:16Z
1183,1cljEsT6jck,궁수왜 50만원인가요? 10만원이라고 써잇는데,0,2026-07-23T09:40:51Z
1184,1cljEsT6jck,1-3  넘어가는것도 힘드네 ㅋㅋㅋㅋㅋ,0,2026-07-23T11:44:39Z
1185,1cljEsT6jck,공짜 자석펫도 옵티마 보상에 넣어주지,0,2026-07-26T12:03:39Z
1186,1cljEsT6jck,미니게임이라더니 왤케 뭐가 복잡해보이냐... 설명 간단할줄 알았는데 생각보다 너무길어서 보기만해도 물리네,0,2026-07-23T04:27:55Z
1187,1cljEsT6jck,이거게임꺼도 알아서 사냥함?,0,2026-07-23T17:06:09Z
1188,1cljEsT6jck,상자 까도 같은 페이지던데,0,2026-07-23T07:24:57Z
1189,1cljEsT6jck,스펙터 한번도 안 했는데 이건 할만하겠네요... 메이플 안에서 또 메이플 하기ㅋㅋㅋㅋ,0,2026-07-23T01:21:59Z
1190,1cljEsT6jck,바뀐거 찾아보지도 않고 테섭에 있던거 그대로 복붙해서 영상만들었네,0,2026-07-23T09:33:07Z
1191,1cljEsT6jck,메키 모바일 버전?,0,2026-07-23T05:48:35Z
1192,1cljEsT6jck,미니게임 창이 닫쳤는데 울티마스쿼드를 눌러도 다시 열리지 않습니다... 여는방법이 잇을까요?,0,2026-07-23T02:14:23Z
1193,1cljEsT6jck,경험치 많이 주나?,0,2026-07-23T02:53:52Z
1194,1cljEsT6jck,그리고 지금 방어력옵션 아무리 높아봐야 받는데미지 똑같아서 방어력 뽑아도 받는데미지 자체는 똑같음,0,2026-07-23T14:04:58Z
1195,1cljEsT6jck,이것도 경치줌?,0,2026-07-23T06:42:33Z
1196,1cljEsT6jck,메키를 만들어놨네,0,2026-07-23T08:54:43Z
1197,1cljEsT6jck,03:03 에 나오는 브금좀 알려주실분 ㅠㅠ,1,2026-07-23T12:37:18Z
1198,1cljEsT6jck,이게 메키인가요?,0,2026-07-23T02:56:25Z
1199,1cljEsT6jck,이거 애들 생긴거 어케바꿈?,0,2026-07-24T04:47:08Z
1200,1cljEsT6jck,스펙터 블라스트 나름 재밌었는데ㅋㅋㅋㅋ 뭔가 사라지니 아쉽네,0,2026-07-23T03:09:19Z
1201,1cljEsT6jck,8렙에 장비 다 2단계로 꼈는데도 1-6 안깨진다... 10렙 찍어야할듯,0,2026-07-23T09:55:26Z
1202,1cljEsT6jck,옛날 메엠 이네,0,2026-07-23T04:46:02Z
1203,1cljEsT6jck,본섭오면서 싹다 갈아치워져서 영상 다시 만들어야하면 개추 ㅋㅋ,0,2026-07-23T07:02:53Z
1204,1cljEsT6jck,궁수가 왜 50만 골드에요? 10만 골드 필요하다고 나오는데?,1,2026-07-23T07:45:16Z
1205,1cljEsT6jck,아니 이것도 어렵고 성가시면 도데체 어느정도의 난이도를 원하는거임?,0,2026-07-23T02:22:09Z
1206,1cljEsT6jck,메키 망했다고 본메에서 강제로 메키를 시키네,2,2026-07-23T01:11:48Z
1207,1cljEsT6jck,에페1-6에 써요 이제 2단장비2개면 쭉쭉밀림,3,2026-07-23T02:47:24Z
1208,1cljEsT6jck,부정적인 의견 존나 많네 아무것도 안했는데를 원하는거임?,0,2026-07-23T02:31:51Z
1209,1cljEsT6jck,미니게임은 그냥 옛날 드래곤 블래스트급으로 만들면 좋겠음 숙제를 왜케 디테일 + 공략요구 하고 하드하게 만드는거야,9,2026-07-23T01:47:51Z
1210,1cljEsT6jck,안하면 그만이야~~,0,2026-07-23T01:36:33Z
1211,1cljEsT6jck,몇일 빠져도 상관없나요(?),0,2026-07-23T04:27:15Z
1212,1cljEsT6jck,스펙터 없어져서 좋아했는데 말이 딸깍이지 쏟는 시간은 스펙터보다 많이 들겠네,54,2026-07-23T01:14:25Z
1213,1cljEsT6jck,"이건 솔직히 어렵다기 보다는 ㅈㄴ귀찮은데..?
스펙터는 불쾌감은 있었는데 해봤자 10분 딸깍인데 
이건 계속 합성하고 강화하고 이게 더 싫은데 나만 그럼?",1,2026-07-23T08:42:19Z
1214,1cljEsT6jck,이런신경쓰이는것좀 쳐 안만들엇으면좋겟네.,1,2026-07-23T01:22:43Z
1215,S_GT7ITncjw,맑음넴 덕분에 퇴근하고 진짜 쉽게 깼네영 감사합니다,2,2026-07-23T16:00:59Z
1216,S_GT7ITncjw,영상 보고 하니깐 생각보다 금방 찾네요 감사합니다!,0,2026-07-23T20:51:18Z
1217,S_GT7ITncjw,저는 말 그대로 숨은 애들 찾는 건 줄 알았는데 일일이 노가다로 하는 거였군요. 이번 컨텐츠 설명이 부족했음;;,10,2026-07-23T02:52:16Z
1218,S_GT7ITncjw,헤이즐을 깃털로 울때까지 간지럽히고 싶다.,8,2026-07-23T17:10:22Z
1219,S_GT7ITncjw,꿀팁 굿 👍,2,2026-07-22T23:13:32Z
1220,S_GT7ITncjw,👏🏻👏🏻👏🏻,1,2026-07-22T23:11:06Z
1221,S_GT7ITncjw,브금 좋당,0,2026-07-23T07:53:00Z
1222,S_GT7ITncjw,2:04 이야....대사가 맛도리네,6,2026-07-23T00:16:03Z
1223,S_GT7ITncjw,으흐흐흐흐 잘 사용해줄게,0,2026-07-23T01:43:06Z
1224,S_GT7ITncjw,레테 안키웠는데 레테만 가능한 이벤트였어... 두번째 하버 안줄라나,1,2026-07-23T02:05:52Z
1225,S_GT7ITncjw,ㅇㄱㄱㄷ,0,2026-07-22T23:10:51Z
1226,S_GT7ITncjw,헤이즐을 깃털로 문질문질...,3,2026-07-23T00:52:47Z
1227,S_GT7ITncjw,아.. 메린이 드메 펜던트 55억 모아서 힘들게 사놓고 장착하려다 바닥에 버려서 사라졌어요... 접고 싶노,1,2026-07-23T13:24:39Z
1228,S_GT7ITncjw,안드로이드랑 펫 레이어 바꾸는 패치는 안해주나?,0,2026-07-23T16:21:19Z
1229,S_GT7ITncjw,영상안보고 운으로2분컷하고 영상보니 엄청복잡해보이네요 ㅋㅋㅋ,0,2026-07-26T09:32:59Z
1230,S_GT7ITncjw,울티마 공략좀요 ㅠㅠ,0,2026-07-23T00:09:04Z
1231,S_GT7ITncjw,폴드8 사고싶다.,2,2026-07-23T00:17:28Z
1232,S_GT7ITncjw,57년박옥춘띠,0,2026-07-22T23:11:13Z
1233,S_GT7ITncjw,그냥 쟤도 하인이니까 레테 소환수로...,0,2026-07-23T01:48:33Z
1234,S_GT7ITncjw,어흐...,0,2026-07-23T03:43:46Z
1235,S_GT7ITncjw,내 아내임,0,2026-07-22T23:11:53Z
1236,S_GT7ITncjw,메이린.로이드.쳐내라고,0,2026-07-23T05:54:54Z
1237,S_GT7ITncjw,댓글 지랄났네 아주,3,2026-07-23T01:44:37Z
1238,S_GT7ITncjw,솔직히 헤이즐은 플블로 내줬으면 했는데...,3,2026-07-22T23:14:56Z
1239,S_GT7ITncjw,이제 내 부탁도 하나 들어줘야겠지? 으흐흐,38,2026-07-23T00:51:05Z
1240,S_GT7ITncjw,댓글 지랄났네ㅋㅋㅋ,0,2026-07-23T12:07:33Z
1241,S_GT7ITncjw,대맑음,1,2026-07-22T23:10:59Z
1242,S_GT7ITncjw,1. 헤이즐을 들어올린다.,10,2026-07-23T00:27:29Z
1243,S_GT7ITncjw,헤이즐 으럇으럇 마렵구만,7,2026-07-22T23:22:22Z
1244,S_GT7ITncjw,"""노예생겼다고(?) 용도외 사용하지마시오.""",7,2026-07-22T23:13:14Z
1245,S_GT7ITncjw,내 아내임는 레테고 얘는 내 세컨드임,1,2026-07-22T23:31:00Z
1246,6bLaTCHm-8A,몇주간 몬파핸즈 체험해본 결과 드는 생각은 정말 급하거나 솔 에르다 관련 아그들 파밍할 때 하는게 가장 좋다는 생각이,8,2026-07-22T05:10:57Z
1247,6bLaTCHm-8A,깔끔한 정리 아주 고맙소,0,2026-07-22T13:05:45Z
1248,6bLaTCHm-8A,요약) 썬데이몬파 > 모멘텀패스 >> 에픽던전1단계 > 몬파 >= 농장,70,2026-07-22T06:32:23Z
1249,6bLaTCHm-8A,"패스는 사고
농장은 고민해봐야겠네요
에픽던전 1단계 고정
몬파는 스페셜 일요일에만 7판 돌고 있는 정도면 농장은 굳이?인 느낌일까요",0,2026-07-22T09:56:40Z
1250,6bLaTCHm-8A,2:29 여기에 나오는 오른쪽  머리랑 상의는 코디가 뭔가용? 되게 이쁘네요,0,2026-08-07T03:40:52Z
1251,6bLaTCHm-8A,썬데이몬파는 도대체 얼마나 좋은거임 ㅋㅋㅋㅋㅋㅋㅋ,22,2026-07-22T07:04:41Z
1252,6bLaTCHm-8A,"그냥 핸즈 자체는 MVP랑 묶어버리던가 아니면 가격 좀 깎아야할거같던데. 솔직히 화면 전환 안 되는 것도 불편한데 가격 대비 주는 보상도 진짜 애매함 그 자체.
솔직히 핸즈 만원은 살 생각도 안 남.",3,2026-07-22T08:54:17Z
1253,6bLaTCHm-8A,블루베리나 메카베리 농장은 피방 경험치부스트같은것도 아예 안받는거죠?,0,2026-07-22T08:50:22Z
1254,6bLaTCHm-8A,정리 감사합니다,0,2026-07-22T07:55:41Z
1255,6bLaTCHm-8A,창섭이가 경험치 BM 만큼은 기깔나게 잘만들었네 그만큼 보스 수익도 전체적으로 올라가서 부담될 정도도 아니고,13,2026-07-22T06:59:01Z
1256,6bLaTCHm-8A,몬썬은 신이구나..,0,2026-07-22T07:09:16Z
1257,6bLaTCHm-8A,썬데이 몬파가 스페셜 썬데이 기준인가요? 아니면 그냥 일요일?,0,2026-07-24T18:52:24Z
1258,6bLaTCHm-8A,내일이면 283인데 걍 천천히 해도 챌섭 끝나기 전까진 285찍힐듯,8,2026-07-22T07:37:06Z
1259,6bLaTCHm-8A,"Mvp 골드는 1시간
다이아는 2시간
레드는 4시간
블랙은 8시간정도 핸즈 몬파 제공해줬음 좋았을텐데",6,2026-07-22T08:36:23Z
1260,6bLaTCHm-8A,"가격이 비싸다고 느껴지면 본인이 해당 물품의 소비층이 아닌건데 그냥 깜냥에 맞게 플레이하면됨.
뭐 핸즈가 반필수적인 요소도 아니고 진짜 부가적인 요소인데",1,2026-07-22T11:20:02Z
1261,6bLaTCHm-8A,음 그래 바로 봐주마는무슨 편집해서 올려주시면 감사합니다라고 쓰십시오 확고냥,1,2026-07-22T06:22:51Z
1262,6bLaTCHm-8A,몬파M 시간당 만원 감다살이네.. 수동 사냥하면 시급 만원이네 재획 드가자,2,2026-07-23T01:33:25Z
1263,6bLaTCHm-8A,내일 메이플 몇시부터 몇시까지 점검일까요?,0,2026-07-22T06:48:46Z
1264,6bLaTCHm-8A,,2,2026-07-22T05:05:43Z
1265,6bLaTCHm-8A,핸즈로 사냥할시 주간퀘 10000마리 이런건 안깨지는거죠?,0,2026-07-22T05:44:07Z
1266,6bLaTCHm-8A,창섭아 돈좀 그만밝혀라 몬파 핸즈 진짜 혁명이구나...했는데 다신 할일없겠네,1,2026-07-22T10:58:17Z
1267,6bLaTCHm-8A,내가 술 한잔 먹고 신경써야 되는 부분이냐 아이고 두야 다 같이 늙어가는데 게임 방향 좀 틉시다,0,2026-07-24T11:55:19Z
1268,6bLaTCHm-8A,모멘텀패스 혹시 사냥안하고 매주포인트 전부 채워지는걸까요 ? 일이바빠져서 근 한달간 사냥을 거의 못할거같은데 사도 괜찮은건지 모르겠네요 ㅠ,1,2026-07-22T11:14:31Z
1269,6bLaTCHm-8A,bgm 정보 궁금합니다ㅏ,0,2026-07-22T14:30:51Z
1270,6bLaTCHm-8A,요즘 보면 굳이 지금 안해도 285는 돈만 쓰면 언제든 금방 올릴수 있는거 같아서 맘 편하노,1,2026-07-22T05:19:57Z
1271,6bLaTCHm-8A,모멘텀 패스만 사야겠네요,0,2026-07-22T05:58:27Z
1272,6bLaTCHm-8A,오늘 새벽에 하면 안되는것들도 알려주시면 안될까요,0,2026-07-22T08:09:30Z
1273,6bLaTCHm-8A,모멘텀은 넥슨캐시로만 살 수 있어서 고민이네요,0,2026-07-22T06:21:54Z
1274,6bLaTCHm-8A,288도 추가해주셨으면 더 좋았을것같아요,0,2026-07-22T05:51:23Z
1275,6bLaTCHm-8A,*모멘텀패스는 챌섭에서만 구매 가능한거에요?*,0,2026-07-22T05:20:50Z
1276,6bLaTCHm-8A,그니까 에픽던전 1단계 할 돈으로 쌀팔이 해서 모멘텀 사는 게 나을 정도인 거죠?,0,2026-07-25T03:48:55Z
1277,6bLaTCHm-8A,리니지 처럼 정액제 게임 다됏구만😢😢😢,1,2026-07-22T07:24:24Z
1278,6bLaTCHm-8A,이번 영상과 관련 없는 질문이지만 혹시 내일 리프 하나만 하고 본캐는 챌섭에 냅둬도 다음 리프 기간때 리프 가능하죠?,0,2026-07-22T06:09:31Z
1279,6bLaTCHm-8A,몬파 핸즈 쓰려고 골드 계속 달아두고 있었는데 이제 다시 실버 쌀먹이나 해야겠다,7,2026-07-22T05:58:28Z
1280,6bLaTCHm-8A,그러면 블루베리 할바에 그냥 몬파 도는게 더 이득이네,1,2026-07-22T07:17:53Z
1281,6bLaTCHm-8A,"MVP 블랙 6달째인데, 몬파핸즈 1시간만이라도 줬으면 좋겠다.. 글고 핸즈때 프리셋 바꿀수있으면 좋겠어요 보스프리셋으로 하고 겜끄면 핸즈 봉인임..",13,2026-07-22T06:22:17Z
1282,6bLaTCHm-8A,모멘텀만사야겠다,0,2026-07-22T05:25:28Z
1283,6bLaTCHm-8A,"결국
몬파핸즈: 진짜 레벨 급한 사람 아니면 굳이?
모멘텀패스: 285작에 괜찮고, 본캐면 285 이상도 효율 좋다
농장 티켓: 이것도 막 그렇게까지 사야하나?

이 정도 느낌인건가",4,2026-07-22T05:20:57Z
1284,6bLaTCHm-8A,"이러면 챌섭캐에줘야겠네
285 여유롭게찍으려면",0,2026-07-22T10:02:46Z
1285,6bLaTCHm-8A,에픽던전 1단계 계산이 잘못됐음. 에픽던전 1단계부턴 주화4개를 줘서 1억 6천만 메소의 값을 깎아주니 거기까지 반영해야하는데 그게 안돼있는듯,10,2026-07-22T05:34:00Z
1286,6bLaTCHm-8A,핸즈는 필요한사람만 사란거임,2,2026-07-22T05:15:55Z
1287,6bLaTCHm-8A,핸즈는 mvp들은 그냥 쓸수있게 추가해줘야지 저걸 누가 사서해,0,2026-07-22T11:18:44Z
1288,6bLaTCHm-8A,몬파 100%랑 86%는 뭐지 아 일요일이랑 평일 차이인가?,0,2026-07-22T16:09:27Z
1289,6bLaTCHm-8A,"모두가 몬파 핸즈 mvp 보상에 추가됐으면 좋겠다 했지만 어림도 없었고.
MVP 보상은 그냥 줄어든거였고.",10,2026-07-22T05:17:14Z
1290,6bLaTCHm-8A,핸즈 그냥 mvp는 1시간씩 이라도 계속 주면 안되냐...,0,2026-07-22T05:55:28Z
1291,6bLaTCHm-8A,맑음님 이번에도 메M 250작 공략 영상 올리실 계획 있으신가요??,0,2026-07-22T05:18:56Z
1292,6bLaTCHm-8A,8초부터 나오는 bgm 뭔지 아시는분,0,2026-07-22T19:10:39Z
1293,6bLaTCHm-8A,몬파 핸즈는 딱봐도 돈 쓸 사람하란거지,1,2026-07-23T14:10:38Z
1294,6bLaTCHm-8A,에픽던전돈을쓸지 모멘템패스에돈을쓸지 둘중하나만선택하라쿠면 메포가치환산해도 모멘텀패스가좋군요. 모멘텀가고 악몽은 그냥 0단계로 조각타기용으로끝내야지,2,2026-07-22T05:23:58Z
1295,6bLaTCHm-8A,2:04  확인,0,2026-07-24T00:17:56Z
1296,6bLaTCHm-8A,사냥조차 할 시간 없는 무한 사우나유저만 하겠네,0,2026-07-22T13:50:58Z
1297,6bLaTCHm-8A,남은 8주동안 악몽선경 1단계 풀로 할꺼면 그냥 모멘텀 사는게 낫겠네요..,0,2026-07-22T07:21:51Z
1298,6bLaTCHm-8A,패스 선물하기는 안되나요?,0,2026-07-22T08:47:35Z
1299,6bLaTCHm-8A,아 몰라 우선 프라임 모멘텀 구매헀어 ㅋㅋㅋㅋㅋㅋㅋ,0,2026-07-23T11:08:09Z
1300,6bLaTCHm-8A,"mvp 보상 다시 검토좀 해줘요 
그대들이 원하는 넥슨캐시 많이 쓴 사람들인데 옛날 그대로 방치하는게 맞나요
모든게 간소화 되는 시점이면 
mvp보상만 너프인데",6,2026-07-22T05:39:41Z
1301,6bLaTCHm-8A,시간당  만원은 비싸당 ㄷㄷ,0,2026-07-22T08:31:34Z
1302,6bLaTCHm-8A,에라 모르겠고 난 그냥 다 살란다 ㅋㅋㅋㅋ,0,2026-07-22T14:55:09Z
1303,6bLaTCHm-8A,몬스터파크 100% 몬스터파크 86%는 뭐에요???,0,2026-07-23T11:12:56Z
1304,6bLaTCHm-8A,"5000원이면 살만하다 싶은데, 만원은 좀;;",0,2026-07-22T09:00:15Z
1305,6bLaTCHm-8A,MVP보상 너무 안좋은데 심지어 몬파핸즈 빼버린거 너무 아쉽습니다,5,2026-07-22T05:28:58Z
1306,6bLaTCHm-8A,몬파 파크는 해외 여행이나 출장 으로 재획 못할때 이럴때 좋겠네요,0,2026-07-22T08:49:42Z
1307,6bLaTCHm-8A,"288에80퍼인데 탈라하트 가고싶은데
모멘텀살까요 주마다 메카베리 두번살까요 ㅠ",0,2026-07-22T10:18:25Z
1308,6bLaTCHm-8A,시급 만원받으면서 핸즈돌리면 남는게 없다는거임,0,2026-07-23T02:51:54Z
1309,6bLaTCHm-8A,이번엔 좀 지른다는 분들이 지르겠네요,0,2026-07-22T19:41:09Z
1310,6bLaTCHm-8A,지갑전사들 총 출동,0,2026-07-22T19:41:34Z
1311,6bLaTCHm-8A,"핸즈는 부자만 하세요 여러분
투자대비 안좋은거 같습니다.",0,2026-07-26T07:20:14Z
1312,6bLaTCHm-8A,Mvp블랙 혜택좀 늘려주지 메이플 사발럼들..,0,2026-07-22T11:18:15Z
1313,6bLaTCHm-8A,비약 없네....,0,2026-07-22T05:25:12Z
1314,6bLaTCHm-8A,"경험치 BM은 밸런스를 이렇게 잘 맞추는데

직업밸런스는 ? 왜 그러는거야 창섭아",7,2026-07-22T08:18:38Z
1315,6bLaTCHm-8A,"몬파핸즈 너무욕심부리네
그냥 mvp혜택에넣지 ㄹㅇ",0,2026-07-22T09:14:30Z
1316,6bLaTCHm-8A,몬파핸즈 만원은 ㅅㅂ 누가사냐 ㅋㅋㅋㅋ,1,2026-07-22T09:49:09Z
1317,6bLaTCHm-8A,결론: 싹다 거르면 됨,0,2026-07-22T12:21:14Z
1318,6bLaTCHm-8A,모멘텀 패스 한 주에 2000 포인트 다 쌓으면 1에서 20까지 되는거 맞음?,0,2026-07-22T08:48:06Z
1319,6bLaTCHm-8A,사야겠다 느끼면 🎉🎉,5,2026-07-22T05:11:56Z
1320,6bLaTCHm-8A,몬파 이번에 에테리온 강화되면서 경험티가 더 높을건데 반영된건가요?,0,2026-07-22T08:10:20Z
1321,6bLaTCHm-8A,곧 메이플 M 에서 렌 출시 기념으로 메이플쪽이랑 연동 이벤트 하는데 그것도 올려주실수 있나요?,60,2026-07-22T05:09:51Z
1322,6bLaTCHm-8A,어우..요즘 TTS나 더빙없으면 보기힘들던,2,2026-07-25T21:06:47Z
1323,6bLaTCHm-8A,모멘텀은 좀 비싸서 패스 ㅠ😢,1,2026-07-22T07:17:17Z
1324,6bLaTCHm-8A,시간당 만원은 도둑놈의 ㅅ낀가모르겟네,43,2026-07-22T06:46:24Z
1325,6bLaTCHm-8A,"mvp 보상 상향을 왜 하냐 그냥 그대로 냅둬라 그나마 변경은 블랙쪽에만 저런 몬파만 몇시간 주고 끝내는게 나은거지
mvp레드 누가 필수로 달라고 한것도 아니고 그냥 지들이 달아놓고 뭘 또 상향을 해서 mvp를 반필수적 요인으로 만들려고하냐
그리고 몬파도 원래 300원에서 경험치2배되고 600원으로 비싸졋는데 여기서 이득보는거는 꼭 빼고 너프어쩌고 저쩌고",2,2026-07-22T09:02:27Z
1326,6bLaTCHm-8A,"몬파 핸즈는 그냥 메포로도 해주지 뭔,,,,",7,2026-07-22T05:07:23Z
1327,6bLaTCHm-8A,음 그래그래 바로 봐주마 이런댓글 달릴거같은데 이제 지겹,7,2026-07-22T05:06:38Z
1328,qUf4t6p70_A,3:55 ㅋㅋㅋㅋㅋㅋㅋㅋㅋㅋㅋㅋㅋㅋㅋㅋㅋㅋㅋㅋㅋㅋㅋㅋㅋㅋㅋ,7,2026-07-21T08:51:27Z
1329,qUf4t6p70_A,"""미미크리 들어가 있어""",27,2026-07-21T06:27:52Z
1330,qUf4t6p70_A,혹시 사소한 변경점부터 나오는 BGM 뭔지 알 수 있을까요?,0,2026-07-24T10:47:18Z
1331,qUf4t6p70_A,굿,0,2026-07-21T06:05:39Z
1332,qUf4t6p70_A,색상 다 주는게 참 좋다,0,2026-07-21T10:14:22Z
1333,qUf4t6p70_A,맑음님이 광고하는 메소관련 사이트가 제목이 무엇인지요?,0,2026-07-21T15:08:33Z
1334,qUf4t6p70_A,밸패빼고 다잘하는 ...그이름 신창섭🎉🎉,3,2026-07-21T06:15:53Z
1335,qUf4t6p70_A,20억만 더 모으면 자석펫을 살수있다..,2,2026-07-21T06:41:51Z
1336,qUf4t6p70_A,내바스 사소점 딱대라,10,2026-07-21T06:16:06Z
1337,qUf4t6p70_A,ㅇㄱㄱㄷ,0,2026-07-21T06:05:38Z
1338,qUf4t6p70_A,미미크리 안녕 ~,1,2026-07-21T06:30:12Z
1339,qUf4t6p70_A,녹시 ㄱ이쁘네,0,2026-07-21T07:06:01Z
1340,qUf4t6p70_A,이번 부티크품목에는 전투복은 없는거죠?,0,2026-07-21T21:35:53Z
1341,qUf4t6p70_A,체크포인트 세트 너무 예쁘네,0,2026-07-22T03:29:48Z
1342,qUf4t6p70_A,부티크 칭호 메이플 좀 할거면 사는게 좋나요?,0,2026-07-23T08:38:05Z
1343,qUf4t6p70_A,은행강도 모자 좀 탐나네,2,2026-07-21T06:30:40Z
1344,qUf4t6p70_A,쁘띠 명찰 처음에 나왔을때나 가격이 사기 적절했지 갯수 저딴식으로 바뀌고는 절대 안산다ㅋㅋㅋ,0,2026-07-21T06:48:45Z
1345,qUf4t6p70_A,1,0,2026-07-21T06:05:33Z
1346,qUf4t6p70_A,살게 넘 많은데 돈이 없다😢 참아야지😢,0,2026-07-21T07:12:24Z
1347,qUf4t6p70_A,미미크리 사야겠다,0,2026-07-21T06:24:52Z
1348,qUf4t6p70_A,해달인ㄴ형 줜나귀엽네,3,2026-07-21T06:30:22Z
1349,qUf4t6p70_A,블링블레이 헤어나 뽑아야겠다,0,2026-07-21T08:03:53Z
1350,qUf4t6p70_A,수상한 방문객 넌 내꺼야,0,2026-07-22T01:07:55Z
1351,qUf4t6p70_A,"개편후 첫 판매에 100개 까서 360개인가 먹었는데 존나 매움ㅋㅋ
50개에서 멈췄으면 130개였고 빡쳐서 더 지른 50개에서 230으로 기댓값 조금 상회",2,2026-07-21T08:02:44Z
1352,qUf4t6p70_A,내가 바로 스타 240개....?,0,2026-07-21T06:54:54Z
1353,qUf4t6p70_A,이거보고 루미엘이랑 순애코어강화했다,0,2026-07-21T11:03:04Z
1354,qUf4t6p70_A,앜ㅋㅋ 와 귀엽다 배빵빵 아기고양이같음 ㅋㅋㅋㅠㅡㅠ 메린이 인데 사도 괜찮은 것 들 인가요??,2,2026-07-21T06:46:05Z
1355,qUf4t6p70_A,와 칭호빼곤 살만한게 아예없네,0,2026-07-21T11:15:24Z
1356,qUf4t6p70_A,2:27 레테는 무기 이팩트 보이지도않네 ㅋㅋ,27,2026-07-21T06:26:47Z
1357,qUf4t6p70_A,복면은 사야지,0,2026-07-21T07:14:37Z
1358,qUf4t6p70_A,제발 와헌 스킨 좀 내주면 안되나,0,2026-07-21T09:09:34Z
1359,qUf4t6p70_A,그래그래 바로 봐주마,0,2026-07-21T06:05:56Z
1360,qUf4t6p70_A,미미크리말고 마미손 드가자잇,0,2026-07-21T13:45:22Z
1361,qUf4t6p70_A,누가 사자눈에 뷰러했냐,0,2026-07-21T06:49:42Z
1362,qUf4t6p70_A,록시요?,0,2026-07-21T08:00:15Z
1363,qUf4t6p70_A,티켓 개당 얼마쯤 하려나,0,2026-07-21T07:44:49Z
1364,qUf4t6p70_A,전투복 내놓으라고,0,2026-07-21T07:07:25Z
1365,qUf4t6p70_A,9:41 제스티 레몬 소다 캐시무기 낀 남자 코디 상하의 이름 아시는분 계실까여ㅠ,3,2026-07-21T06:48:05Z
1366,qUf4t6p70_A,내바스 웬일,0,2026-07-21T06:24:25Z
1367,qUf4t6p70_A,ㅇㅋ 8월10일날에 30만원간다,0,2026-07-21T16:44:57Z
1368,qUf4t6p70_A,33000원 맛보기 하고 비틱하면 좋은 거고 아니면 경매장에서 보충해서 사야겠다,1,2026-07-21T06:15:54Z
1369,qUf4t6p70_A,녹시 내 아내임,0,2026-07-21T06:26:48Z
1370,qUf4t6p70_A,안되겠다 창섭이햄 26데슬 1엔버 시절을 다시 유저들에게 보여주자,5,2026-07-21T06:26:45Z
1371,qUf4t6p70_A,솔 헤카테 스킨 사면 전직업 공유가 되나요? 사용한 캐릭터만 사용 가능한가요?,0,2026-07-21T06:34:07Z
1372,qUf4t6p70_A,"이번엔 왜 전투복이 없냐...
그냥 은하셋이랑 녹시만 뽑고 남은건  다 팔아야겠네",1,2026-07-21T06:58:48Z
1373,qUf4t6p70_A,개비싸겠지?...,0,2026-07-21T06:13:57Z
1374,qUf4t6p70_A,미미크리는 이제 꺼지시고ㅋㅋ,0,2026-07-21T06:39:53Z
1375,qUf4t6p70_A,"이번 부티크 의상은 별로네,,,",0,2026-07-21T06:51:40Z
1376,qUf4t6p70_A,이번 유입인데요 부티크 티켓 옥션에서 장당 얼마씩했었나영?,1,2026-07-21T06:50:44Z
1377,qUf4t6p70_A,4:12 순간 녹시 하앙이라 봤네;,15,2026-07-21T06:29:33Z
1378,qUf4t6p70_A,6:48 브금 뭔가요?,0,2026-07-21T06:40:53Z
1379,qUf4t6p70_A,루미엘 ㅋㅋㅋㅋ 목소리 내는게 힘겨워 보이는데 ㅋㅋㅋ 성우좀 여러명 쓰지 좀 ㅋㅋㅋㅋ,53,2026-07-21T06:23:52Z
1380,qUf4t6p70_A,솔헤카테 컷신 무조건 30렙을 찍어야 나오는거에요 ??,0,2026-07-21T10:04:48Z
1381,qUf4t6p70_A,부티크 마일리지로 할인받아서 살수있나요?,0,2026-07-21T07:29:22Z
1382,qUf4t6p70_A,고작 도트 두 개 띡 찍는데 130개 ㅋㅋㅋㅋㅋㅋㅋㅋㅋ,0,2026-07-21T07:46:37Z
1383,qUf4t6p70_A,사기엔 좀 부담이라 안살거긴 한데 큐섹녹 ㄹㅇ 개잘뽑았네,35,2026-07-21T06:06:06Z
1384,qUf4t6p70_A,지금 유튜브뮤직이랑 유튜브 렉있나요..? 왜 버퍼링이있지,1,2026-07-21T06:44:10Z
1385,qUf4t6p70_A,일단 녹시 사면 피시방에서는 메이플 못할듯,0,2026-07-21T07:19:56Z
1386,qUf4t6p70_A,성우 개짜치네 일반인같음,0,2026-07-21T15:45:37Z
1387,qUf4t6p70_A,헤카테스킨은 헥환 12만이상은 사지말아라,2,2026-07-21T06:23:53Z
1388,J5bP0Xd7Wyg,맑음님 40마리 버닝0단계인 곳에서 특수물자지원하는게 좋은가요 아니면 38마리 버닝 높은 곳에서 하는게 좋은가요??,0,2026-07-21T06:27:18Z
1389,J5bP0Xd7Wyg,"오늘은 패치노트가 엄청 기네
내일 일어나서 봐야진~",0,2026-07-20T15:43:07Z
1390,J5bP0Xd7Wyg,데슬 급하게 문 닫는 모션이라는 글을 보고 안 까먹게된다..,18,2026-07-20T07:39:51Z
1391,J5bP0Xd7Wyg,안드로이드 해맑네...주인이 죽어서 안되요! 하는데도 웃고있네 저거,1,2026-07-20T09:00:23Z
1392,J5bP0Xd7Wyg,여로셋이 너무 갖고 싶은데 이번엔 부티크에서 못 먹는건가요? 어디서 구해야하지 ㅠㅠ,0,2026-07-21T03:18:18Z
1393,J5bP0Xd7Wyg,"프라임 모멘텀 패스는 284렙 기준 약 43일 가까이 몬파 3000메포 쓴 거랑 동급의 효율입니다. 
대충 50억 메소 정도의 가치이죠. 그래서 가성비란 수식어가 가능합니다",0,2026-07-20T08:03:10Z
1394,J5bP0Xd7Wyg,이번 부티크에 판매되는 옷중 전투복이 없나요???,0,2026-07-20T09:21:46Z
1395,J5bP0Xd7Wyg,울티마 스쿼드 본섭이랑 챌섭 별개인가요??,0,2026-07-20T07:37:34Z
1396,J5bP0Xd7Wyg,보스 바인드 캔슬 때 맑음T1 직업이 뭔가용?,0,2026-07-22T20:36:46Z
1397,J5bP0Xd7Wyg,굿,0,2026-07-20T07:43:10Z
1398,J5bP0Xd7Wyg,물자 룬경 영향 받아서 하루 한 개짜리 물자는 룬경에 맞춰서 까는게 좋을듯,0,2026-07-20T10:02:28Z
1399,J5bP0Xd7Wyg,부띠끄 칭호 언제언제 까야 제일 알차게 까먹으려나,0,2026-07-20T08:46:34Z
1400,J5bP0Xd7Wyg,진짜 보스 정상화 너무 좋다 맵패턴 피하랴 딜하랴 바인드 걸렸으면서 왜 안사라져!? 이랬었는데 너무 좋다 ㅠㅠㅠㅠㅠㅠ,4,2026-07-20T14:13:21Z
1401,J5bP0Xd7Wyg,맑음봇 고마워요!!,3,2026-07-20T08:42:41Z
1402,J5bP0Xd7Wyg,블래스터 120초 아니에요 ㅋㅋ 과열상태일때마다 쓰는거라 7~8초에요,1,2026-07-20T07:42:38Z
1403,J5bP0Xd7Wyg,에스페시아 상자는 바로 받지 말고 12시 전에 받는게 좋은가요?,0,2026-07-23T05:11:30Z
1404,J5bP0Xd7Wyg,금요일 전까지만 시간채우면 피방이벤트 되는건가요,0,2026-07-20T09:10:39Z
1405,J5bP0Xd7Wyg,브금 정리글 없나요 😢,1,2026-07-20T08:00:24Z
1406,J5bP0Xd7Wyg,30분 부티크부터나오는 브금뭐죵,0,2026-07-20T19:22:39Z
1407,J5bP0Xd7Wyg,"자석펫 프리셋 장비기능이 생겨 자석펫을 뺀 나머지 기존 펫들은 이제 완전히 일자리를 완전히 잃게됬다고 한다.


3석 자석펫 이상 소지중인 유저들에 한해서

이제 펫장비 공격력이나 마력이나 유저가 마음대로 등록 후 바꿀수 있기 때문이다


이젠 기존 사용하던 펫들은 캐쉬샵 보관창 피규어로...",0,2026-07-20T14:35:55Z
1408,J5bP0Xd7Wyg,미호로이드 일루와잇!!! 바로 구매,0,2026-07-20T07:45:36Z
1409,J5bP0Xd7Wyg,8:27 이거 지금 나와있는 물자지원 이벤트에서는 VIP 부스터 몬스터가 마리수에 포함되지 않던데 테섭 혹은 새로나오는 이벤트에서는 적용되는 사항인가요?,0,2026-07-20T08:41:42Z
1410,J5bP0Xd7Wyg,17:09 대맑음님 혹시 메M260 초고속 공략루트 저번처럼 해주시나요...😢,30,2026-07-20T08:25:13Z
1411,J5bP0Xd7Wyg,"7:23 오기
특수상자 5일(50개)->(5개)",0,2026-07-20T14:50:53Z
1412,J5bP0Xd7Wyg,비약 또 주는지 아닌지 그건 안 나와있어서 아쉽네 ㅠ,0,2026-07-20T08:39:20Z
1413,J5bP0Xd7Wyg,"칼로스 레전드는 2페 패턴중 왼비 혹은 우주선 공격이 날라와서 뒤지는거임 
이걸 없애야지 패턴중에 ㅅㅂ 다른 패턴이 곂치는건 뭔 경우야",0,2026-07-22T23:37:39Z
1414,J5bP0Xd7Wyg,기운 4배 이벤트 개꿀딱이긴 했음 또 했으면....,0,2026-07-20T09:49:37Z
1415,J5bP0Xd7Wyg,훈련일지 포인트 안쓰면 없어짐?,0,2026-07-20T07:17:56Z
1416,J5bP0Xd7Wyg,"구입할것 : 미호로이드, 섹녹시 헤카테스킨, 모멘텀패스 이상 끝",0,2026-07-20T10:42:58Z
1417,J5bP0Xd7Wyg,블래스트 개꿀이었는데 벌써 끝나..?,0,2026-07-20T10:18:10Z
1418,J5bP0Xd7Wyg,혹시 획경 1022퍼 어떻게 해야 되나요?,0,2026-07-22T12:38:30Z
1419,J5bP0Xd7Wyg,울티마스쿼드 아무리봐도 스팀서 tbh 인기끌때 만든거같은데 ㅋㅋㅋ,0,2026-07-20T17:21:13Z
1420,J5bP0Xd7Wyg,자석펫 비싼데 하나만 주실래요 창섭씨😢,1,2026-07-20T10:06:49Z
1421,J5bP0Xd7Wyg,다 찍어야제,0,2026-07-20T07:33:42Z
1422,J5bP0Xd7Wyg,"새로운 6차스킬 여는조건이 소울 레벨 10, 조가 200개 인가요??",0,2026-07-20T11:25:09Z
1423,J5bP0Xd7Wyg,23일 이후에 하는 pc방 이벤트도 15시간 채우면 30일짜리 자석펫 주나요??,6,2026-07-20T07:27:32Z
1424,J5bP0Xd7Wyg,18:46,0,2026-07-26T05:21:02Z
1425,J5bP0Xd7Wyg,블래스터 120초 무슨일이야,0,2026-07-20T07:36:23Z
1426,J5bP0Xd7Wyg,챌린저스패스에서 얻은아이템들 본섭으로 가져갈수있나요?,1,2026-07-20T15:17:41Z
1427,J5bP0Xd7Wyg,0:08부터 나오는 bgm알려주세요 너무ㅠ좋다구!!,4,2026-07-20T11:31:33Z
1428,J5bP0Xd7Wyg,렌 지렁이는 결국 안바꿔주네…,0,2026-07-20T21:39:05Z
1429,J5bP0Xd7Wyg,메m 260  얼마나 걸리나요?,0,2026-07-20T11:59:02Z
1430,J5bP0Xd7Wyg,물자지원 상자 팁) 룬 적용은 자동인데 룬의 경험 50퍼는 20초만 적용이라 특수물자 지원때 룬 타이밍 맞추기,13,2026-07-20T07:35:35Z
1431,J5bP0Xd7Wyg,아니 근데 염색 진짜 존나 비싸네 ㅋㅋㅋㅋㅋㅋㅋ,0,2026-07-20T14:15:46Z
1432,J5bP0Xd7Wyg,컴플릿갸챠에 천장이 없는게  너무 아니꼽다..  ㅜㄴ,0,2026-07-20T07:31:39Z
1433,J5bP0Xd7Wyg,또 뭐가 이렇게 많아..,0,2026-07-20T07:25:32Z
1434,J5bP0Xd7Wyg,"5석펫 맞추려하는데 페른 vs 위벨 추천좀해주실분
지금 8기 3세트 + 프리렌 사둠
지금 저거 두개중 한개 사고
본섭으로 리프해서 남은 1개 사려고함",0,2026-07-20T08:50:16Z
1435,J5bP0Xd7Wyg,모멘텀 패스 메포로 구매 가능한가요??,0,2026-07-20T12:26:19Z
1436,J5bP0Xd7Wyg,챌섭 유입인데 바인드 맵 패턴 없어지는거 반가우면서도 시원 섭섭한데 정상임?,2,2026-07-20T08:37:26Z
1437,J5bP0Xd7Wyg,16:07 여기부터 바뀌는 노래 이름 뭔가용??,8,2026-07-20T07:27:33Z
1438,J5bP0Xd7Wyg,다조 왤캐비싸냐,0,2026-07-20T10:13:15Z
1439,J5bP0Xd7Wyg,피씨방 누적시간이 23일점검후에 채워도 누적보상 받을수있는 걸까요?,4,2026-07-20T07:14:59Z
1440,J5bP0Xd7Wyg,29:11 혹시 여기 여자 헤어 뭔지 알 수 있을까요 ㅠ,0,2026-07-20T13:54:49Z
1441,J5bP0Xd7Wyg,1:52 여기부터 나오는 노래 뭔가요?,2,2026-07-20T09:03:14Z
1442,J5bP0Xd7Wyg,개같았던 스펙터가 가고 온 것은 메....키....?,0,2026-07-20T09:50:25Z
1443,J5bP0Xd7Wyg,진심.. 맑음님이 운영자였음 하는생각이 영상볼때마다 들긴해,1,2026-07-20T07:24:42Z
1444,J5bP0Xd7Wyg,16:39 안구건조증인가봄,0,2026-07-20T07:36:20Z
1445,J5bP0Xd7Wyg,뎀스하나땜 ㄴ에 메m하는게 맞으려나..얼마나 걸리지..,0,2026-07-20T07:40:26Z
1446,J5bP0Xd7Wyg,자석펫 무료로 1마리 가능 한건 나같은 유입은 못 받아서 슬프긴함....,0,2026-07-20T07:24:05Z
1447,J5bP0Xd7Wyg,너무 좋은데 영상에만 집중해야하는게..ㅠ 목소리좀 기계음 이라도 넣어주시면 안되나요,2,2026-07-20T08:31:11Z
1448,J5bP0Xd7Wyg,부티크 칭호 기간 몇일짜리지,0,2026-07-20T08:08:09Z
1449,J5bP0Xd7Wyg,그래그래 바로 봐주마,0,2026-07-20T07:05:37Z
1450,J5bP0Xd7Wyg,다 창렬이네..,3,2026-07-20T07:08:11Z
1451,J5bP0Xd7Wyg,요즘 부티크 기프트에서 왜 전투복 안줘...,1,2026-07-20T07:15:46Z
1452,J5bP0Xd7Wyg,시발 스펙터블래스트 훈장 못얻었는데 이렇게 끝내야하나...,3,2026-07-20T07:10:41Z
1453,J5bP0Xd7Wyg,"님들 자석펫 지금 너무 비싼데 얼마가 적정가에요?
한달 지나면 싸질려나
지금150억있는데 못사요..",0,2026-07-20T07:48:45Z
1454,J5bP0Xd7Wyg,"ㅠㅠ 피시방 60시간 보상
2시간 차이로 못받아요
세상 무너진다",0,2026-07-20T12:03:52Z
1455,J5bP0Xd7Wyg,창(렬)섭(섭)이,3,2026-07-20T07:14:59Z
1456,J5bP0Xd7Wyg,나 2빠 첨해봄,1,2026-07-20T07:05:54Z
1457,J5bP0Xd7Wyg,뇌빼고 사냥하고싶은데 도핑하는거 신경쓰면서 해야하는게 불쾌하네...도핑영향 안받게 이벤트 내주면 좋겠다,0,2026-07-20T15:51:37Z
1458,J5bP0Xd7Wyg,부티크 보통 한개에ㅜ얼만가요?,5,2026-07-20T07:07:13Z
1459,J5bP0Xd7Wyg,요새 자석펫 왤케 비싸졌어요 예전에 20년도에 물값 비쌀때도  26에 샀던거 같은데,52,2026-07-20T07:06:08Z
1460,J5bP0Xd7Wyg,서민들은 월세내기도 빠듯한데 석펫하나사겠다고 30지르는건 너무 리스크가커서 창섭신 은총한번 안내려주나..,0,2026-07-20T13:59:27Z
1461,J5bP0Xd7Wyg,"22일에 나오는 넥슨 관련 소송

버블파이터 가챠 최소 천장

(5번까지 나올확률 0번)

마영전 피스 확률사기

(피스가모일수록 없는 피스확률이 점차내려감)

서든어택 피스 확률사기

(아바타 특정피스 확률이 2퍼센트지만 무작위라고함)

마비노기 세공 확률사기

(특정 옵션 확률0퍼센트)

메이플 큐브 확률사기

(유명한 보보보 사건)
그리고 큐브확률 과징금 맞은거 법안 개정전애 사기 친거니 소급 적용 하지 말아라 라는 이유로 불복 소송 까지  같은 22에 판결 나옵니다 많관부ㅋㅋㅋㅋ",0,2026-07-20T11:45:51Z
1462,J5bP0Xd7Wyg,물자지원상자 오늘부터 안쓰고 모으면 목요일에 누적갯수 초기화 안되겠죠?,0,2026-07-20T08:48:11Z
1463,J5bP0Xd7Wyg,보스 왜 다 허수아비만듬?,1,2026-07-20T12:45:33Z
1464,J5bP0Xd7Wyg,얘도 로아땡 광고하네? 나도 함 써볼까,0,2026-07-20T11:26:42Z
1465,ozTrqpio2X8,바인드 걸고 맵패턴 때문에 준극딜 극딜 날려버리는걸로 스트레스 받아 클리어 시간에 영향주는걸 정상화 시켜주는 신창섭,28,2026-07-19T05:53:14Z
1466,ozTrqpio2X8,아쉴롬 브금 자주쓰시는데 들을떄마다 너무 좋네요,0,2026-07-19T08:29:36Z
1467,ozTrqpio2X8,"맑음님..ㅠ 혹시 최신버전으로 제논 보스관련 팁좀 받아볼 수 있을까요? ㅠㅠ 
스킬이.. 넘 어려워요 ㅠㅠ 융합 안에서 극딜해야 되는 것도 얼마전에 알음..ㅋㅋ ㅠㅠㅠ 그리고 맬다캔슬이 있다던데 다른영상에서 봤을땐 맬다누르고융합누르면 캔슬 된다던데 따닥 눌렀는데 절대안되구요.. 그리고 어떤 친구는 맬다가 방깎이라고 극딜때 쓰는거라던데.. 스킬설명엔.. 저는 잘 모르겠던데.. 근데 그게 맞다면 맬다쓰면 3초동안 가만히 스킬시전만 하는데.. 아 뭐가 뭔지 모르겠어요 ... ㅠ",1,2026-07-19T11:19:08Z
1468,ozTrqpio2X8,항상 잘 보고 있습니다. 혹시 메m 공략 리뉴얼도 해주실 계획이 있으실까요??,0,2026-07-19T08:35:10Z
1469,ozTrqpio2X8,"유니온 프리셋 문의 넣었을 때 7월에는 힘들 수 있다라고 답변 받았었는데, 빠르게 들어와서 좋긴 하네요",0,2026-07-19T06:30:03Z
1470,ozTrqpio2X8,0:41 이렇게 되면 몬스터파크 셔틀 측에서 반발이 심하지않을까요? 이용객이 많이 줄어들텐데요...,57,2026-07-19T07:02:11Z
1471,ozTrqpio2X8,유니온 프리셋 때문에 부캐 주스탯 제한있었는데 드디어...크확 쓰는 궁수 직업이나 럭 개방 가능해졌네,0,2026-07-19T06:24:37Z
1472,ozTrqpio2X8,뉴비들과 평균나이올라가는 게임에서 난이도완화는 좋아지는데 원기때부터 7년 메이플해온 유저로서 컨트롤요소가 요새는 가파르게 빠지고 있어서 아쉽네.. 검밑솔이야 쉬워지는게 맞지만 20분화도 그렇고 세칼카 패턴 대폭완화에 최근 나온 림보 발드 유피같이 최상위보스도 너무 허수아비처럼 나오는게 아닌가 싶다.. 최소한 고점뽑는데 림발유보단 시간이 걸리는 대적자나 흉성정도의 난이도정도는 해주지 예전 보스가 어려워서 정복감은 있었는데.. 물론 억까패턴은 ㅈ같지만,3,2026-07-19T14:02:31Z
1473,ozTrqpio2X8,필터키 포톤레이 체감 어떠세요? 두번 따닥 둘려서 바로 나가지거나 하진 않으세요?,0,2026-07-19T05:24:08Z
1474,ozTrqpio2X8,필터키를 사용하고 게임 내에서도 설정 키면 안되나요? 아니면 필터키 꺼야되나요?..,0,2026-07-19T11:08:02Z
1475,ozTrqpio2X8,"8:09 왜 사냥하다가 종종 멈추고 튕기나 햇더니 이런 현상이 있었네 게다가 보스바인드 캔슬 진짜 편의성만큼은 goat 밸패는 직업마다 다르니 최대한 안하고 패턴완화와 바인드 캔슬, 필터키 등을 통해서 여러직업 유저들이 지적하는 문제들을 전부 한번에 공통방식으로 해결하려는 듯함 밸패를 통해 직업마다 조절 들가면 아무리 잘해줘도 누군가는 욕하니까 그게 싫은듯",16,2026-07-19T05:52:05Z
1476,ozTrqpio2X8,보통 페이즈 넘어갈 때 무적인데 윌 1페는 넘어가는 와중에도 콩알탄 같은거 맞는 경우가 있던데 왜 그런거임? 걍 버근가,0,2026-07-20T03:17:37Z
1477,ozTrqpio2X8,그린 아이디는 따로 설정을 해야 되나요?,0,2026-07-19T08:53:21Z
1478,ozTrqpio2X8,바인드 패치는 진짜 좋네 ㅋㅋㅋㅋ,9,2026-07-19T05:31:40Z
1479,ozTrqpio2X8,기존에 mvp에게 제공되던 핸즈 시간은 이제 없어지는건가요?,0,2026-07-19T06:28:38Z
1480,ozTrqpio2X8,혹시 인게임 설정 필터키가 외부 프로그램이나 레지스트리의 어느 수치의 설정에 부합하는지 테스트해볼 생각 있으실까요? 떠오르는 실험 방식이 없긴한데..,0,2026-07-20T09:03:50Z
1481,ozTrqpio2X8,0:59 데벤저 / 궁수 / DEX 해적 / 전사 및 STR 해적 / 도적 / 마법사 / 사냥용 별로 필요했었는데 아주 좋군요..!,7,2026-07-19T05:25:52Z
1482,ozTrqpio2X8,6:27 패컨 ㄷㄷ,3,2026-07-19T10:28:53Z
1483,ozTrqpio2X8,그럼 이제 mvp골드 이상 몬파 핸즈 더 안주는건가여? 개꿀이엿는뎅..,0,2026-07-19T05:56:44Z
1484,ozTrqpio2X8,"필터키 같은경우 배메, 루미, 팬텀의경우 텔포가 후다다닥 나가는 경우가 있으니 확인하도 사용하세용~~~",0,2026-07-19T09:19:38Z
1485,ozTrqpio2X8,제논 필터키 추천 하시나요??,0,2026-07-19T22:33:28Z
1486,ozTrqpio2X8,컬프프!!❤❤,0,2026-07-19T08:28:14Z
1487,ozTrqpio2X8,"검마 1페는 딱 2명 바인드로 묶고
사슬 한대 맞아서 파괴 바르고 극딜넣는게 맛있는데
 이젠 못하겠네",0,2026-07-19T06:45:54Z
1488,ozTrqpio2X8,"루시드 저 용용이 바인드로 사라지는 거 개좋다
안 그래도 루시드 저것때매 깨기 힘들었는데",1,2026-07-19T16:35:44Z
1489,ozTrqpio2X8,와 간섭 떄문에 극딜 돌아도 간섭작 끝내고 극딜햇었는데 이제 극딜이 안 밀리겠네 ㄷㄷ,0,2026-07-20T09:13:59Z
1490,ozTrqpio2X8,필터키 헤카테 팩텀같은거 키셋에 놓고 누르면 엄청 여러번 눌려서 몇가지 예외는 둬야하긴 하겠던데. 그 외엔 엄청 편함 ㄷ,0,2026-07-19T08:50:32Z
1491,ozTrqpio2X8,공식 필터키 설정이 딜레이 1ms라 법사 에테폼쓰면 두번 누른 판정 되서 꺼짐 ㅋㅋ,0,2026-07-19T07:02:17Z
1492,ozTrqpio2X8,와씨 듄켈 엘보랑 패턴사라지는거 개고트네 저 불쾌함 GOAT보스 드디어 사라지네,1,2026-07-19T11:54:04Z
1493,ozTrqpio2X8,필터키 기능 만들고 이런거 보면 게임에 관심은 확실히 가지는데 밸패가 그렇게 어려운가,0,2026-07-19T07:29:49Z
1494,ozTrqpio2X8,"밸런스야 모든 온라인게임의 끝나지 않는 숙제와도 같은 것이니 넘어간다 치고,

편의성이나 건의사항 패치는 진짜 신창섭.
그야말로 신을 영접합니다.

평생 디렉터해줘..",0,2026-07-25T02:27:59Z
1495,ozTrqpio2X8,,0,2026-07-19T05:05:48Z
1496,ozTrqpio2X8,더스크 1분 기다리는것도 패치하지..,2,2026-07-19T16:23:57Z
1497,ozTrqpio2X8,가엔슬 바인드시 화염돌이 다 사라지네....흠....,1,2026-07-19T15:02:28Z
1498,ozTrqpio2X8,검밑솔 너프 어마어마하네 ㄷㄷ,1,2026-07-19T06:13:00Z
1499,ozTrqpio2X8,월드공유 펫이 자석펫밖에 안된다니..,2,2026-07-19T06:07:52Z
1500,ozTrqpio2X8,이야 익검 팟격도 개 허벌됐네 부캐들 무조건 보내야되네,0,2026-07-19T15:05:41Z
1501,ozTrqpio2X8,핸즈 살만한가요?,0,2026-07-20T04:53:37Z
1502,ozTrqpio2X8,8:20 세렌 렉 어쩐지 최초 입장 렉 뺐다고 생각했는데 계속 렉나더라,0,2026-07-19T14:50:30Z
1503,ozTrqpio2X8,이제 카데나 유저들도 외부 프로그램 안 써도 되겠네,0,2026-07-19T05:44:00Z
1504,ozTrqpio2X8,이제 보스는 엄청 쉬워지겠다 그만큼 가격은 떨어지겠찌만,0,2026-07-19T05:36:13Z
1505,ozTrqpio2X8,06:32 패턴이 아닌 패컨이라는 오타!,0,2026-07-19T11:06:32Z
1506,ozTrqpio2X8,와 진짜 보스 ㅈ같았는데 감사합니다...... 대 창 섭,1,2026-07-19T05:54:31Z
1507,ozTrqpio2X8,연계직업 필터키 쓰고안쓰고 보스 차이개심하던데 이제서야하네,0,2026-07-19T08:16:09Z
1508,ozTrqpio2X8,헤카테가 ㄹㅇ 개중요해지네,0,2026-07-19T06:26:41Z
1509,ozTrqpio2X8,이제 ㄹㅇ 바인드컷이네,0,2026-07-19T05:18:01Z
1510,ozTrqpio2X8,"그래 뭔 필터키를 따로 미개하게 사용했어야 했냐
공식지원 잘했네, 써야하나 고민하고 있었는데",0,2026-07-19T11:31:52Z
1511,ozTrqpio2X8,필터키 + 바인드 버프... 제로 떡상 각?,0,2026-07-19T05:59:07Z
1512,ozTrqpio2X8,1,0,2026-07-19T05:05:26Z
1513,ozTrqpio2X8,메르 빛을 볼려나?,0,2026-07-19T06:05:05Z
1514,ozTrqpio2X8,자석펫 천장도 만들어라,0,2026-07-19T15:04:38Z
1515,ozTrqpio2X8,코디 프리셋이나 10개로 늘려줫으면 좋겟네,0,2026-07-21T04:33:36Z
1516,ozTrqpio2X8,보스 너무 쉬워지는거 아냐 보상은 점점 늘어나는데 결정석 얼마나 깔려고 밑밥까냐,9,2026-07-19T09:45:38Z
1517,ozTrqpio2X8,몬파핸즈 개당 9900원은...흠 이득인가?,0,2026-07-19T06:25:42Z
1518,ozTrqpio2X8,그제 검마 잡았는데...ㅋㅋㅋㅋㅋㅋㅋ,0,2026-07-19T05:50:28Z
1519,ozTrqpio2X8,자석펫 전용장비 못쓰게됐는데 이거 크리스탈키로 바꿔주는패치 해주면 안될까 창섭이형.. 메소좀 내도되는데 ㅠㅠ,0,2026-07-20T03:21:31Z
1520,ozTrqpio2X8,세렌 암흑 레이저는 보스가 직접 쓰는 건데 왜 안 끊기냐고 씹 ㅋㅋ,0,2026-07-19T23:11:22Z
1521,ozTrqpio2X8,UIㅈㄴ큰거 개선은 또 없네,1,2026-07-19T07:19:54Z
1522,ozTrqpio2X8,"더스크 추가사항
공포때 붙잡는손, 추적형 몹도 사라집니다",27,2026-07-19T05:58:56Z
1523,ozTrqpio2X8,공용 6차 바인드,0,2026-07-19T07:51:00Z
1524,ozTrqpio2X8,앗 이제 5만원충전하면 골드인데..,0,2026-07-19T06:27:49Z
1525,ozTrqpio2X8,소리 괜찮은디,0,2026-07-19T05:14:02Z
1526,ozTrqpio2X8,호영 공식 필터키 레츠고,0,2026-07-19T06:25:00Z
1527,ozTrqpio2X8,2:07 ㅋㅋㅋㅋㅋㅋㅋㅋㅋㅋㅋㅋㅋㅋㅋㅋㅋㅋㅋㅋㅋ,20,2026-07-19T05:39:59Z
1528,ozTrqpio2X8,그래그래 내일봐주마,0,2026-07-19T05:09:21Z
1529,ozTrqpio2X8,메르 체감 많이되나요,0,2026-07-19T06:23:30Z
1530,ozTrqpio2X8,경매장 걍 롤백해주지.. 바뀐거 씹별로인데,1,2026-07-19T07:32:14Z
1531,ozTrqpio2X8,"기존 필터키가 훨씬 좋은데.. 아무래도 실험실에 있는거라 미완성같음
연계직업 키워보면 기존 외부필터키가 훨 나은게 느껴짐",1,2026-07-19T05:15:44Z
1532,ozTrqpio2X8,패턴삭제 미쳤네 ㅋㅋㅋㅋㅋㅋ,1,2026-07-19T05:20:45Z
1533,ozTrqpio2X8,스킬이나 제대로 만들어서 내라..,0,2026-07-19T05:09:19Z
1534,ozTrqpio2X8,던파접고 여기오길잘햇다,0,2026-07-19T05:45:07Z
1535,ozTrqpio2X8,6:04 이제 바인드걸면 독방귀 제거 개이득!,15,2026-07-19T06:48:38Z
1536,ozTrqpio2X8,그린메이플아이디가 머지..,0,2026-07-20T06:44:06Z
1537,ozTrqpio2X8,맵패턴 멈추는건 이해 안감 나는,0,2026-07-19T11:09:15Z
1538,ozTrqpio2X8,일회용 앞치마 구비 패치ㅋㅋㅋ,0,2026-07-21T03:07:27Z
1539,ozTrqpio2X8,너무 딸깍으로만 바뀌는거 같아..,0,2026-07-19T10:29:14Z
1540,ozTrqpio2X8,봐.. 이렇게 다 할 수 있잖아. 왜 일 안 하고 빈둥빈둥 놀았어 원기야,23,2026-07-19T05:35:49Z
1541,ozTrqpio2X8,전부터 사운드가 매번 작아지는 느낌이지,0,2026-07-19T05:11:19Z
1542,ozTrqpio2X8,"보스 그만 쉬워져야 할 것 같은데 
왜 자꾸 쉽게만 만드냐...",0,2026-07-19T18:04:11Z
1543,ozTrqpio2X8,와.. 대박 검은마법사도요??,0,2026-07-19T05:52:13Z
1544,ozTrqpio2X8,"신창섭 편의성은goat
밸런스는joat",9,2026-07-19T05:27:15Z
1545,ozTrqpio2X8,진짜 신창섭 다해주네,0,2026-07-19T05:22:51Z
1546,ozTrqpio2X8,다음 주 목욜부터 적용인가요,1,2026-07-19T05:16:19Z
1547,ozTrqpio2X8,검마 1페는 사슬 일부러 맞고 딜하는경우가 있는데 아쉽네여,3,2026-07-19T06:22:21Z
1548,ozTrqpio2X8,보스 이제..진짜 다 잣밥됫군,0,2026-07-19T21:28:17Z
1549,ozTrqpio2X8,사망,0,2026-07-19T21:26:23Z
1550,ozTrqpio2X8,"프리즘은월래는 캐시로만 구입가능한걸로 아는데
이제 프리즘  메포로도 가능하게 변경됬나봐여?  
언제 패치됬나요? 2:44
그리고  작년시즌2때 해방 하진 챌섭에서 렌으로했을때는  도핑만4억은 쓴거 같은데   이제는 바인드걸면 없어지니  해방 하진 쉬워지겠네여?",1,2026-07-19T05:35:59Z
1551,ozTrqpio2X8,역시 편의성의 악마 신창섭,1,2026-07-19T05:13:37Z
1552,ozTrqpio2X8,개인적으로 정말 개선됬으면 하는게 있는데 제네시스 해방 온오프스킬인 '파괴의 얄다바오스?' 이거 보스맵 입장 할 때마다 다시 켜야되는거 너무 너무 불편해요..,1,2026-07-19T13:23:24Z
1553,ozTrqpio2X8,8:41 여기 브금 아시는 분!?,0,2026-07-19T09:57:33Z
1554,ozTrqpio2X8,공용 코어 바인드도 나오는건가....,1,2026-07-19T05:54:36Z
1555,ozTrqpio2X8,진짜 필터키는 감다살이네 ㅋㅋㅌㅋㅋㅋㅋ,0,2026-07-19T05:40:46Z
1556,ozTrqpio2X8,듄켈이 진짜 혁명이다...,7,2026-07-19T05:20:24Z
1557,ozTrqpio2X8,블래스터 스웨이 더킹 어케 되는거??,0,2026-07-19T05:24:13Z
1558,ozTrqpio2X8,섀도어 같은애들은 필터키 영향가나요?,35,2026-07-19T05:11:42Z
1559,ozTrqpio2X8,근데 트점이 저렇게 나가는거면 필터키 성능이 너무좋아서 못쓸거같은데ㅋㅋㅋㅋㅋㅋ,0,2026-07-19T05:36:07Z
1560,ozTrqpio2X8,드디어 결정 깎는구나 신난다 정상적인 유저라면 게임경제를 위해 당연히 환영하고 박수쳐야지,0,2026-07-19T07:22:29Z
1561,ozTrqpio2X8,그래 편의성 패치라도 잘하자,0,2026-07-19T05:39:51Z
1562,ozTrqpio2X8,"지금 필터키 프로그램으로 쓰고 있는데

필터키 프로그램 << 공식 필터키

이렇게 되는거 맞나요?",0,2026-07-19T10:53:03Z
1563,ozTrqpio2X8,결정석 얼마나 너프쳐때릴려고 별로 의미도없는 바인드캔슬을..,3,2026-07-19T05:16:32Z
1564,ozTrqpio2X8,보스 너무 쉬워지는게 아닌가 싶네 지금도 완화패치 많이해줘서 쉬운데,0,2026-07-19T09:06:00Z
1565,ozTrqpio2X8,월드공유 펫  프리셋은 다른월드도 공유가능한건가요?,1,2026-07-19T05:15:33Z
1566,ozTrqpio2X8,듄켈은 바인드캔슬 보다 30%대 에서 엘보들 개지랄떠는거좀 개선해주면 안되나...,0,2026-07-19T05:28:16Z
1567,ozTrqpio2X8,보스 너무 쉽게만드는것같은데,2,2026-07-19T05:26:33Z
1568,ozTrqpio2X8,레테는 버프임? 너프임?,0,2026-07-19T05:09:30Z
1569,ozTrqpio2X8,"솔직히 바인드걸면 저렇게 패턴 삭제하는게 좋긴한데 바인드걸고 피하면서 때리는것도 하나의 재미이자 컨텐츠였음... 그냥 다 지워버리니까 좀 슬프네 ㅇㅅㅇ
이런 댓 달면 이제 바인드넣고 극딜하다 맞아죽은애들이 와서 욕 ㅈㄴ하겠지?",3,2026-07-19T06:25:56Z
1570,XZBgcl-FPyk,"특수상자 관련해서 룬경 특수코어 내용도 들어가면 좋을 것 같습니다
30분 기준 2회를 룬경에 맞춰 터는게 제일 좋아보이네요",0,2026-07-20T02:16:51Z
1571,XZBgcl-FPyk,"사이드패치 맛집, 가끔 메인매뉴 맛있는날도 있음",11,2026-07-18T05:20:47Z
1572,XZBgcl-FPyk,미호 눈 왜이렇게 깜빡거려 ㅋㅋ,12,2026-07-18T05:35:46Z
1573,XZBgcl-FPyk,뎀스 이쁘네...귀찮은데 해야겠네,6,2026-07-18T05:15:17Z
1574,XZBgcl-FPyk,메m 공략도 올려주시나요?,1,2026-07-18T11:01:59Z
1575,XZBgcl-FPyk,조절 할 수 있는 자동장비 분해 합성 같은거 있음 좋겠는데,1,2026-07-18T09:31:38Z
1576,XZBgcl-FPyk,미호 로이드 으흐흐,12,2026-07-18T05:33:25Z
1577,XZBgcl-FPyk,묵매도 이뿌당,2,2026-07-18T06:31:58Z
1578,XZBgcl-FPyk,"4배 풀도핑이 어떤 도핑 먹어야 하는건가요? 280인데 물자 지원 어느 사냥터가서 받아야 제일 효율 좋을까요,,",0,2026-07-25T06:24:49Z
1579,XZBgcl-FPyk,직업 렌이면 해야하네 ㅠㅠ,1,2026-07-23T10:58:39Z
1580,XZBgcl-FPyk,"열심히 정보를 알려줬지만, 자동으로 템을 먹는 것에만 눈이 가요...
부럽다.",21,2026-07-18T06:01:21Z
1581,XZBgcl-FPyk,드디어 메M 이벤 나오는구나 얼른 유니온 SSS 만들어줘야지..,0,2026-07-19T00:12:05Z
1582,XZBgcl-FPyk,룬의 경험에는 적용안되나요 실질적으로 맞추기가 어려울려나요,0,2026-07-18T08:26:13Z
1583,XZBgcl-FPyk,3:00 특수 상자는 260레벨 이상 캐릭터만 등장하나요?,0,2026-07-18T05:48:08Z
1584,XZBgcl-FPyk,레테 언다잉엠버 퀘스트 맨 끝에 헤이즐이 자기도 레테랑 같이있고 싶다고 울더만 안드로이드로 만들어버리기 ㄷㄷ,0,2026-07-18T14:59:13Z
1585,XZBgcl-FPyk,지금 280렙인데 280 이후로는 아이템 사도 결국에는 시간 싸움이더라고요(280 이후로는 접속 뜸해져서..),0,2026-07-18T11:49:04Z
1586,XZBgcl-FPyk,,1,2026-07-18T05:05:59Z
1587,XZBgcl-FPyk,솔직히 레드 블랙은 몬파 핸즈 넣어줄만 하지 않나?,1,2026-07-18T05:49:58Z
1588,XZBgcl-FPyk,메포샵은 챌섭도 나오는건가요,0,2026-07-18T15:12:12Z
1589,XZBgcl-FPyk,기존 이벤트 남은 횟수는 이전 안되겠죠?,1,2026-07-18T05:18:07Z
1590,XZBgcl-FPyk,김창섭의 역대급 경험치 이벤트도 잊은겐가?,0,2026-07-18T07:36:51Z
1591,XZBgcl-FPyk,상자 꾹꾹 모아서 피방에서 써야겠네,2,2026-07-18T06:19:15Z
1592,XZBgcl-FPyk,메m 공략도 올려주시면 안되나요?? 맨날 120 찍고 더 못올려셔..,0,2026-07-18T22:39:13Z
1593,XZBgcl-FPyk,메m 렌260 공략 올라오나요 !?,0,2026-07-18T08:59:27Z
1594,XZBgcl-FPyk,1등,0,2026-07-18T11:37:29Z
1595,XZBgcl-FPyk,3:05 특수상자 누적 50개라고 잘못나왔네요,2,2026-07-18T05:24:34Z
1596,XZBgcl-FPyk,"창섭아 6석펫 효과 만든거 너쿠 고마운데 9석펫도 만들어주라,",0,2026-07-18T08:32:05Z
1597,XZBgcl-FPyk,자석펫 확률업 이벤트라도 해줭...,0,2026-07-18T10:06:37Z
1598,XZBgcl-FPyk,드디어 스펙터블라스터 아웃 나이스@@@,7,2026-07-18T05:22:53Z
1599,XZBgcl-FPyk,상인단 상자 오늘부터 모아도 쓸 수 있나요,0,2026-07-18T17:47:25Z
1600,XZBgcl-FPyk,ㄱㅊㅅ,0,2026-07-20T09:31:22Z
1601,XZBgcl-FPyk,어흐 미호.... 눈깜빡거리면서 유혹하네,0,2026-07-18T08:04:59Z
1602,XZBgcl-FPyk,상자 경험치는 룬의 경험 특수코어 추가 경험치를 적용 받으므로 룬 해제 후 바로 상자 스폰 시켜서 까시는걸 추천 드립니다,0,2026-07-18T08:11:41Z
1603,XZBgcl-FPyk,헤이즐 로이드는 진짜 감다살이네 ㅋㅋ,8,2026-07-18T07:55:41Z
1604,XZBgcl-FPyk,할로캣도 그렇고 미호도 그렇고 다들 안구건조증이 있나,0,2026-07-18T08:53:07Z
1605,XZBgcl-FPyk,그럼 내일부터 보급 발동 안시키고 40개 모았다가 목욜날 모아서 하는게 좋겠죠!???,0,2026-07-18T13:12:14Z
1606,XZBgcl-FPyk,메M 260 오래걸리나여?,2,2026-07-18T12:14:32Z
1607,XZBgcl-FPyk,아니 렌 의자 너무 이쁜데요ㅠㅠㅠ 하.. 메엠 깔기 귀찮은데.. 해야겠네요ㅜ,0,2026-07-18T09:58:08Z
1608,XZBgcl-FPyk,창섭아 모멘텀패스좀 메포로 사게해줘라 안그러면 쌀먹해서 패스산다,0,2026-07-18T08:24:39Z
1609,XZBgcl-FPyk,과연 남캐 이벤트 안드로이드는 대체 언제 나올것인가,0,2026-07-18T06:16:08Z
1610,XZBgcl-FPyk,메엠 렌 260공략은요?,0,2026-07-18T11:07:34Z
1611,XZBgcl-FPyk,안돼 스펙터 개꿀잼이었는데 이게 끝난다니...,0,2026-07-18T11:13:59Z
1612,XZBgcl-FPyk,축복의룬 고정해주세요 창섭님,0,2026-07-18T07:01:44Z
1613,XZBgcl-FPyk,메M 렌 이벤트는 본섭 렌 출시 뎀스랑 많이 다른가,0,2026-07-18T08:23:49Z
1614,XZBgcl-FPyk,"아 특수상자 랜덤 ㅡㅡ

이번트기간 내내 레어만 뜨다가 끝나겠네

뭔가 나사가 한개씩 빠져있냐",0,2026-07-18T08:12:47Z
1615,XZBgcl-FPyk,이참에 메엠 250 찍고 뎀스킨 섀도어 껴줘야지,0,2026-07-18T07:18:41Z
1616,XZBgcl-FPyk,이이스크림이 녹앗어..,0,2026-07-18T10:34:39Z
1617,XZBgcl-FPyk,미호 진짜 처음보고 너무 귀여워서 갖고 싶었는데 나왔네 ㅋㅋㅋ,0,2026-07-18T06:19:24Z
1618,XZBgcl-FPyk,특수상자 경험치도 추가경험치 받음?,0,2026-07-18T09:17:21Z
1619,XZBgcl-FPyk,추가경험치 1000퍼대는 어떻게 나오는거죠..?,1,2026-07-18T09:02:14Z
1620,XZBgcl-FPyk,특수상자모아서 4배경쿠 들어오면 몰아서 와바박 먹어야되나,0,2026-07-19T19:00:02Z
1621,XZBgcl-FPyk,"님들 본캐가 290렙인데 모멘텀 패스 살만한가요?
레벨 욕심은 크게없고 사냥은 매일 메제 채우고 있어요",0,2026-07-18T08:43:28Z
1622,XZBgcl-FPyk,"물자지원 룬 자동적용이라는게
룬 안까고 지원받아도 룬 효과 적용되서 벋는다는거임?",0,2026-07-19T11:01:57Z
1623,XZBgcl-FPyk,경험치 도핑하면 물자상자 경험치가 늘어나는 구조였나요.............. 경손실 오졌네 하...........,0,2026-07-18T08:25:12Z
1624,XZBgcl-FPyk,이럴줄알고 4배쿠폰 안쓰고 vip부스터도 묵혀놨지 룬마다 까주마,0,2026-07-18T09:40:52Z
1625,XZBgcl-FPyk,시식코너에서 맛나게 드셨으면 제품 좀 사라.,0,2026-07-18T06:58:52Z
1626,XZBgcl-FPyk,"창섭아 자석펫 다오
120을 원더베리에만 박았는데 디진라벨만 7마리 넘게 먹었다 곧 레드단다 이게 맞냐",0,2026-07-18T13:23:53Z
1627,XZBgcl-FPyk,메엠260찍기 어렵나요?,0,2026-07-18T08:34:37Z
1628,XZBgcl-FPyk,스펙터블래스트 적응되니까 바뀌네,0,2026-07-18T06:09:44Z
1629,XZBgcl-FPyk,일반물자 모아두면 목요일 패치 후 변경되는 일반물자로 쓸수있나요?,0,2026-07-19T23:17:27Z
1630,XZBgcl-FPyk,"본캐 제로 282,
챌섭 부캐 아란 현재 281에 마스터이고 챌린저까지 도전 중입니다. (야누스 넘겨주려고)

야누스 때문에라도 챌린저는 꼭 찍을 생각이라 당장의 모든 재화는 아란에 쏟을 생각이었는데요, 모멘텀패스를 어디에 써야할지 정말 고민입니다ㅠㅠ",1,2026-07-18T06:05:47Z
1631,XZBgcl-FPyk,경험치 도핑 1022%는 어떻게 하시는거에요...?,0,2026-07-18T23:25:12Z
1632,XZBgcl-FPyk,에르다조각은 끌리는데,0,2026-07-18T06:16:37Z
1633,XZBgcl-FPyk,역시 패치노트 읽어주는 남자,0,2026-07-18T12:05:05Z
1634,XZBgcl-FPyk,맑음게이야 3분에 특수상자 5개 아님?,0,2026-07-18T06:36:57Z
1635,XZBgcl-FPyk,히히히히히히히잇ㄱ,0,2026-07-18T05:21:13Z
1636,XZBgcl-FPyk,이럴시간에 피방 15시간 켜놔라 얘들아 😅,0,2026-07-19T01:43:25Z
1637,XZBgcl-FPyk,메이플 안에 메이플키우기가 생겼네 ㅋㅋ,0,2026-07-18T06:55:21Z
1638,XZBgcl-FPyk,3:29 미세팁 하나 추가하자면 5차 특수코어에 룬의 경험 든 채로 룬 까고 상자 열면 룬 추가경험치는 이미 반영되서인지 달라지지 않는데 특수코어에 달린 20초간 경험치 50% 추가 효과가 적용되더라구요 그래서 저는 자동사용 끄고 룬깔때만 상자 활성화 시키고 경험치 먹었습니다 일반상자는 284렙 최상층 기준 약 10억 정도 경험치 더 주더라구요 특수상자는 기본 경험치 자체가 훨씬 크니 더 많이 줄 것 같네요,16,2026-07-18T05:41:47Z
1639,XZBgcl-FPyk,물자지원 이름이 좀 이상하지 않음?,0,2026-07-18T22:29:07Z
1640,XZBgcl-FPyk,"메잘알 형들 제네시스 패스 플러스 사고 검마 2인 잡았는데 팅켜서 보상 친구만 깟는데 이럴떈 문의 했는데 주말은 원래 운영 안하는거야? 그러면 나 8월까지 제네시스패스플러스 퀘스트 못꺠는거야 ㅠㅠ

문의 하니깐 결정 값만 준다는데.. 그러면 클리어로 처리 된거냐고 재문의 하니깐 주말이라 그런지 답장이 없어...",0,2026-07-18T07:48:35Z
1641,XZBgcl-FPyk,챌패스는 매주 5렙씩 오르던데 모멘텀 패스는 매주 몇렙씩 오르나요?,0,2026-07-18T21:01:56Z
1642,XZBgcl-FPyk,응 자석펫 끝나서 이제 사냥못해~ 하지만 영상은 잘 봐주마!,0,2026-07-18T22:56:09Z
1643,XZBgcl-FPyk,메m260 얼마나 걸리나요?,0,2026-07-18T14:24:53Z
1644,XZBgcl-FPyk,미리미리 자석펫사라지기 일이주전쯤에 피방 15시간채워놔야함,0,2026-07-18T23:06:35Z
1645,XZBgcl-FPyk,"영상과는 별개지만, 제네패스플러스 구매해얄지 고민인 유저입니다!
챌린저스 보상으로 제네무기 윗잠 40 35 9 / 아랫잠  9 6 (유니크) 입니다.
챌린저만 찍을 목적으로 키우는 중인데 제네플러스 효율 다들 어떻게 보시는지요?",0,2026-07-18T13:52:24Z
1646,XZBgcl-FPyk,모멘텀패스는 근데 메포로 구매안되지않나요? 메포시세랑 아무상관없지않나,0,2026-07-18T13:31:10Z
1647,XZBgcl-FPyk,창섭아 문타포스좀 내줘라,0,2026-07-18T06:35:21Z
1648,XZBgcl-FPyk,아오 22일수요일 아침 비행기로 동남아 가족 여행 가는데 벌써 도태 되는거 같네,0,2026-07-18T11:16:09Z
1649,XZBgcl-FPyk,"제가 뉴비여서 그런데 경험치 도핑은 어떤 걸 해야할까요?
4배경쿠 + 익스트림 골드 + mvp 경쿠 + vip 버프 << 이 정도면 충분한가요?",0,2026-07-18T05:30:35Z
1650,XZBgcl-FPyk,메스크바 히어로 뭔데,0,2026-07-18T13:08:06Z
1651,XZBgcl-FPyk,음 그래그래 바로 봐주마,0,2026-07-18T05:05:32Z
1652,XZBgcl-FPyk,"메엠 렌은 지금나왔나요?
나왔다면 지금부터 키워놔도 되나요??",0,2026-07-18T17:29:21Z
1653,XZBgcl-FPyk,0:42 일반물자지원 상자는 일요일부터 킵하고 목요일에 50개로 시작할수 있나요?,4,2026-07-18T05:49:29Z
1654,XZBgcl-FPyk,미호쨔응 마그네슘 부족한 가봐ㅋㅋㅋㅋㅋ,25,2026-07-18T05:45:43Z
1655,XZBgcl-FPyk,야미,0,2026-07-18T05:07:55Z
1656,XZBgcl-FPyk,아니 수발 또 랜덤이야 아오,0,2026-07-18T06:43:01Z
1657,XZBgcl-FPyk,그래그래 바로 봐주마!!,22,2026-07-18T05:05:31Z
1658,XZBgcl-FPyk,렌뎀지스킨 나올때 브금먼가요,0,2026-07-18T12:06:25Z
1659,XZBgcl-FPyk,"뎀스들좀 성의있게 만들었으면 좋겠음..
그냥 봤을 땐 이쁘긴 한데
가독성이 심하게 떨어지는 뎀스들이 너무 많음

요즘은 데미지를 많이 안보는 시대긴하는데..
기본적으로 데미지는 내가 얼마나 딜을 넣을 수 있는 기준점을 보는 역할인데..
본래의 기능적인 역할을 수행하지 못하는 뎀스들이 대부분이고

가독성 좋은 뎀스들만 선호하게 되는거 같음
가독성 좋으면서 이쁜 뎀스들은 당연히 비싸고",3,2026-07-18T19:12:09Z
1660,XZBgcl-FPyk,그래그래,0,2026-07-18T05:06:06Z
1661,XZBgcl-FPyk,모멘텀 에픽던전보다 효욜 안좋은거 아닌가요..?,1,2026-07-18T12:44:43Z
1662,XZBgcl-FPyk,0:10 물어머원,0,2026-07-18T15:18:11Z
1663,XZBgcl-FPyk,아.. 렌이 본캐인데 260엠작을 또 하게 만드네 ㅈㄴ 악랄하다 데미지스킨을 왤케 이쁘게 내,0,2026-07-18T23:44:11Z
1664,XZBgcl-FPyk,"특수지원상자 레전더리 보상 
솔에르다기운 4
희미한 솔에르다 20 
이렇게 먹었습니다 경험치는 확인못함..",0,2026-07-24T02:32:13Z
1665,XZBgcl-FPyk,5:44 어째 메키 생각나냐,2,2026-07-18T06:59:03Z
1666,XZBgcl-FPyk,패스 메이플 포인트로도 구매가능해요?,0,2026-07-19T05:49:26Z
1667,XZBgcl-FPyk,.,0,2026-07-18T05:05:31Z
1668,XZBgcl-FPyk,맑음 없었으면 바보처럼 경손실 존나보고 있었을듯,1,2026-07-18T05:26:30Z
1669,XZBgcl-FPyk,자석펫 시세는 지금 비수기때랑 비교해서 비싼편인가요,0,2026-07-18T06:21:23Z
1670,XZBgcl-FPyk,혹시 메엠 260 공략도 해주시나요?,23,2026-07-18T05:10:01Z
1671,XZBgcl-FPyk,"스펙터 블래스트가 주던 경험치는
모멘텀패스 현질로 충당해야하나요?",1,2026-07-18T05:39:10Z
1672,XZBgcl-FPyk,11:44 브금 제목좀 알려주세요,0,2026-07-18T15:00:38Z
1673,XZBgcl-FPyk,상자 열때 룬도 영향받나요?,0,2026-07-18T05:35:13Z
1674,XZBgcl-FPyk,13:29 여기서부터 나오는 브금 이름 뭔가요?,0,2026-07-18T05:33:16Z
1675,XZBgcl-FPyk,렌 뎀스 ㅈㄴ맛있네,1,2026-07-18T05:40:57Z
1676,XZBgcl-FPyk,뭔가 복잡하고 어렵게 해놨네,0,2026-07-18T14:18:10Z
1677,XZBgcl-FPyk,음 이러면 앞으로 출석 조각이랑 내일 조각은 본섭 줘야겠다,0,2026-07-18T05:28:15Z
1678,XZBgcl-FPyk,하..  뎀스 미쳤나 260 언제찍누..,1,2026-07-18T07:36:03Z
1679,XZBgcl-FPyk,"신:스펙터내면 고인물들이 좋아하겠지?
메숭이:창섭아 스펙터 30분 해봐라
신:어휴 다음 이벤은 다마고치다
메숭이:믿고 있었다고 창섭짱",94,2026-07-18T05:29:41Z
1680,XZBgcl-FPyk,23일 00시에 스펙터 할수있나요?,0,2026-07-18T07:13:55Z
1681,XZBgcl-FPyk,AI로 제발 말로 하게 좀 해보세요...,0,2026-07-19T07:36:05Z
1682,XZBgcl-FPyk,특수상자 룬 적용 받나요?,1,2026-07-18T05:27:24Z
1683,XZBgcl-FPyk,자석펫좀 줘라 c8,2,2026-07-18T06:01:02Z
1684,XZBgcl-FPyk,"창섭아 오늘자석펫 장례식했다
빨리 하나더 안주면 쌀먹간다😢😢😢",304,2026-07-18T05:20:56Z
1685,XZBgcl-FPyk,스펙터 보상 갓컨텐츠인데 사람 잘못만나서 1시간 걸려도 고트인 컨텐츠인데 이걸 발로 걷어 차버리네,0,2026-07-18T12:00:14Z
1686,XZBgcl-FPyk,경험치 도핑 1000퍼는 어캐하는거임?,0,2026-07-18T05:37:14Z
1687,XZBgcl-FPyk,아니 근데 자석펫 필요했으면 저번 이벤트 출석했어야지 하는데 이번 챌섭부터 시작한 사람은 뭐 어케해야해요??,0,2026-07-18T08:50:53Z
1688,XZBgcl-FPyk,물자 1 지원,0,2026-07-18T05:10:22Z
1689,vtXkiF-GE9I,아무리 보수적이여도 주기마다 눌러줘야하는 엑티브 스킬들이 수두룩한데 2-3% 증가 정도가 목표인건 진짜 개찐따 센스임,14,2026-07-17T05:36:04Z
1690,vtXkiF-GE9I,"이래 조져 놓고 9월까지 기다려라라니
너무한거 아니냐 진짜로",10,2026-07-17T05:34:45Z
1691,vtXkiF-GE9I,다음주에 메이플m 업데이트 하는데 250작도 소개해주실거죠??,0,2026-07-17T22:40:07Z
1692,vtXkiF-GE9I,"메M 렌 나와서 버닝 한다는거 같은데 250작 영상 만들어주심 안될까용
맑음식 정리가 필요해잉😊",0,2026-07-17T21:35:10Z
1693,vtXkiF-GE9I,밸패는 섭종민급이네,24,2026-07-17T05:00:43Z
1694,vtXkiF-GE9I,창섭아 밸패 잘하는건 불가능한거 잘 아니까 자주라도 해야할거아니냐,5,2026-07-17T03:51:43Z
1695,vtXkiF-GE9I,1등!,0,2026-07-17T01:30:53Z
1696,vtXkiF-GE9I,"ㅋㅋ근데 진짜 직업별로 한다고 안나대고 스인미 버젼3냈으먼 이정도로 욕안쳐먹었을거 같은데
다음부터 직업별 스킬 절대 안내고 쌀먹맛좀 봐라 할듯",3,2026-07-17T04:22:30Z
1697,vtXkiF-GE9I,애초부터 창섭햄은 편의성만 고트였었음,5,2026-07-17T15:03:30Z
1698,vtXkiF-GE9I,"썬콜 보상 상자 오리진 드디어 해주네
편의성 하나는 ㅇㅈ",1,2026-07-17T02:30:23Z
1699,vtXkiF-GE9I,브금 맛집이네,0,2026-07-17T10:39:42Z
1700,vtXkiF-GE9I,맑음님 그래서 뉴비는 저거몇까지찍어야해요 ㅠㅠ,0,2026-07-21T14:54:36Z
1701,vtXkiF-GE9I,스인미크오솔 그냥 씹고트,6,2026-07-17T01:58:00Z
1702,vtXkiF-GE9I,렌 하는 뉴비인데 왜 구조가 망한 건가요? 망혼강림에 자동으로 나가는 거 아니에요?,0,2026-07-19T01:19:26Z
1703,vtXkiF-GE9I,"없던 딜이 생겨서 좋긴한데 
잴 의문인건 누군 컷신 이펙트 신경써준거같은데 대충만든직업들은 너무 안타깝다...",0,2026-07-20T03:42:48Z
1704,vtXkiF-GE9I,역대급 밸런스 리워드 너프 반복 게임,3,2026-07-17T04:12:59Z
1705,vtXkiF-GE9I,스킬 변동 내용이 없는 직업 레스트라고 되어있네요,0,2026-07-17T03:59:07Z
1706,vtXkiF-GE9I,,0,2026-07-17T01:30:45Z
1707,vtXkiF-GE9I,5:12 암전효과 ㅋㅋ 또 눈뽕당할뻔,0,2026-07-18T04:06:40Z
1708,vtXkiF-GE9I,"어떤 디렉터가와도 밸런스가 기대안되는이유
애초에 밸패를 잘했던,밸패로 욕  안먹은 디렉터가있긴함?'",0,2026-07-17T03:00:04Z
1709,vtXkiF-GE9I,패파 6차 오리진 쓰고 블디가 더쌔다던데 제발 구조랑 딜좀 개선해주세요,0,2026-07-17T04:00:53Z
1710,vtXkiF-GE9I,"창섭식 6차스킬업데이트수준이 딱,이거임 ㅋㅋ과장광고형 업데이트 ㅋㅋㅋㅋㅋㅋㅋㅋㅋ",1,2026-07-17T08:53:35Z
1711,vtXkiF-GE9I,만참 승화적용은 맘에드네,0,2026-07-17T08:12:54Z
1712,vtXkiF-GE9I,섀도어는 스킬 끄지도 못하게 막고 딜은  딜대로 너프먹었습니다. 강원기때도 안 하던 짓을 하네요 적어도 원기는 신스킬 출시로 약해지거나 구조 박살나게는 안 했던거 같은데... 섀도어 1렙 최종뎀 -1퍼 30렙 찍어야 1.5퍼 상승인가 그럼 ㅋㅋㅋㅋㅋ 김창섭은 ㅈㄴ 고평가된게 맞음,1,2026-07-17T17:55:36Z
1713,vtXkiF-GE9I,어떤 직업은 열고 어떤 직업은 안 열어야 하는지 정리 좀,0,2026-07-17T04:40:50Z
1714,vtXkiF-GE9I,아니 스킬이 딜은 둘째 치더라도 구조적으로 문제는 없어야 되는거 아니냐 왜 불편한 경험만 더 늘려놨음?,0,2026-07-17T05:11:39Z
1715,vtXkiF-GE9I,창섭이형 이번껀 아쉬워...,0,2026-07-17T04:43:18Z
1716,vtXkiF-GE9I,딜 좀 버프된 직업에 5차 코어 안받게 하는거 왤케 아니꼽지??? ㅋㅋㅋㅋㅋ 딜 인플레 진짜 엄청 무서워 하나 보네,0,2026-07-17T05:21:53Z
1717,vtXkiF-GE9I,구리고 약한직업은 항상 구리고 약해야하나 밸패도 자주 안하면서 못하기까지하네 때깔 좋아보이게 다 바꾸면 뭐하나,2,2026-07-17T11:57:20Z
1718,vtXkiF-GE9I,이겜 밸패팀은 겜안분만 모아뒀나 그거 아니면 이해가 안됨,1,2026-07-17T05:50:48Z
1719,vtXkiF-GE9I,ㄷㄷ,0,2026-07-17T01:31:05Z
1720,vtXkiF-GE9I,"주력기 코어  만렙찍었다고 신규코어 개방하면 데미지상승률이 음수로 찍히는 갓겜ㅋㅋㅋㅋㅋㅋ
밸런스는 손때자 진짜",0,2026-07-17T06:54:01Z
1721,vtXkiF-GE9I,스인미크오솔 좋다고 하지마 너프시킬거같단말이야 ㅋㅋㅋ,5,2026-07-17T02:29:30Z
1722,vtXkiF-GE9I,이러고 본섭으로 넘어올 때 한번 더 수정은 안해주나요?,0,2026-07-17T02:04:42Z
1723,vtXkiF-GE9I,하도 징징거리길래 1차 그대로 나왔나 했더니 뭐 이것저것 건들긴했네,0,2026-07-17T14:25:48Z
1724,vtXkiF-GE9I,은월은 걍 할말이 없네 장난하나,2,2026-07-17T01:44:54Z
1725,vtXkiF-GE9I,스킬 안연다 소마 실화냐 변경점이 없네 ㅋㅋ 엘리시온 쳐박아야하는데 따닥 누르라고?,2,2026-07-17T03:33:24Z
1726,vtXkiF-GE9I,심검 터질때 만참도 같이 터지게 해달라고 이게 그렇게 어렵냐?,0,2026-07-17T03:38:34Z
1727,vtXkiF-GE9I,와헌 구조 바꿔달라니까 눈뽕만 없어진거 맞냐 창섭아,0,2026-07-17T08:01:14Z
1728,vtXkiF-GE9I,"렌은 그 좋던 구조 결국 박살이구나
5초 승화분리 강제 너무싫네",0,2026-07-17T03:28:09Z
1729,vtXkiF-GE9I,근데 늘 이딴식이여서 뭐 이제 놀랍지도 않음 ㅋㅋ 딱 1년전 -전투 경험 개선- 생각해보면 그떄도 결정석너프+블하삭제+전투경험 개선 3박자로 시원하게 개미 다털어버림 ㅋㅋㅋ,2,2026-07-17T19:57:15Z
1730,vtXkiF-GE9I,방무 패싱을 멈춰주십쇼 제발...,1,2026-07-17T03:50:59Z
1731,vtXkiF-GE9I,"8:47 신규 기능이 아니라 변경 아닌가?
심상세계에서 추가 공격 원래 100% 발동하던게 50% 확률로 너프된게 아니였나?
내가 틀린건가보네",0,2026-08-08T12:00:29Z
1732,vtXkiF-GE9I,소마 패싱 살려다오,1,2026-07-17T04:35:38Z
1733,vtXkiF-GE9I,렌도 구조를 씹창을 내는구나...,0,2026-07-17T04:41:12Z
1734,vtXkiF-GE9I,신궁슬프네,0,2026-07-17T11:08:20Z
1735,vtXkiF-GE9I,그냥 하드메이린 쉽게 깨는게 보기 싫어서 메이린 이후에 재조정한다고 하는거 같냐..,0,2026-07-17T01:59:40Z
1736,vtXkiF-GE9I,"스커는 연계직업으로 만들어놓고 연계 안되게 바꾸는건 무슨 심보냐,,",0,2026-07-17T08:55:50Z
1737,vtXkiF-GE9I,신창섭은 당장 펫 안드 투명화를 보장하라,0,2026-07-17T06:37:54Z
1738,vtXkiF-GE9I,썬콜 장난하냐 진짜,1,2026-07-17T08:27:13Z
1739,vtXkiF-GE9I,"6차스킬 이따구로 낼거면 1년에 1번 내던가
깜냥에 안 맞게 패치하다가 가랑이 찢어질거 같으니까 부랴부랴 수정하노 ㅋㅋㅋ
근들갑은 역시 ^신창섭^ ㅋㅋㅋ",1,2026-07-17T23:59:31Z
1740,vtXkiF-GE9I,레테는안건들어두되는데왜건듬 ㄷ ㄷ,1,2026-07-17T08:26:23Z
1741,vtXkiF-GE9I,"이제 9월 밸패로 신규 스킬 상향과 동일 수치로 결정 가격 깎을 예정
여기까지가 십창섭의 템플릿임",0,2026-07-18T16:35:06Z
1742,vtXkiF-GE9I,우리 메르좀 제발 살려주십시요....,0,2026-07-17T04:55:25Z
1743,vtXkiF-GE9I,밸패 JOAT,5,2026-07-17T02:27:45Z
1744,vtXkiF-GE9I,메르 연계 좀 그만줘...! 키보드 칸도 없어!!!,0,2026-07-17T03:10:09Z
1745,vtXkiF-GE9I,밸런스 패치는 항상어렵다,0,2026-07-17T03:35:24Z
1746,vtXkiF-GE9I,이거이거 조각 500개만큼 화가나는걸?,1,2026-07-17T04:15:11Z
1747,vtXkiF-GE9I,"아니 분명 1차 테섭에서 온 의견 바탕으로 구조적인 문제/의도치 않았던 문제/불편함 수정했다매?
변경 없는 직업이 수두룩 빽빽한데 대체 뭘 건드렸다는 거임?",40,2026-07-17T02:02:53Z
1748,vtXkiF-GE9I,●▅▇█▇▆▅▄▇,5,2026-07-17T04:40:46Z
1749,vtXkiF-GE9I,지나가던 데슬...패싱이네,0,2026-07-17T14:16:20Z
1750,vtXkiF-GE9I,뭐야 레테.너프네 ㅠ,1,2026-07-17T03:35:23Z
1751,vtXkiF-GE9I,와.. 라라 드디어 순위좀 올라가나 싶었는데.. 반토막은 뭐임 대체..???? 라라 좋은 캐였음? 이해가 안가네.............,0,2026-07-17T06:49:51Z
1752,vtXkiF-GE9I,듀블 방무 또 안줌ㅋㅋㅋㅋㅋㅋㅋ진짜 독하다 독해,8,2026-07-17T03:30:21Z
1753,vtXkiF-GE9I,"퓨어딜러 35등직업 듀얼블레이드  ""범위증가"" ㅋㅋㅋㅋㅋㅋㅋㅋㅋㅋㅋㅋㅋ",40,2026-07-17T06:03:57Z
1754,vtXkiF-GE9I,조각 시세 더 올라 갈텐데 40만원 이상값어치 조각 써야지 스인미 얻는거라고 생각하니까 어지럽네,1,2026-07-17T04:20:56Z
1755,vtXkiF-GE9I,7:00,1,2026-07-17T04:46:32Z
1756,vtXkiF-GE9I,보마 그대로간다고? 미쳤네,0,2026-07-17T03:05:15Z
1757,vtXkiF-GE9I,단 소마 제외.,2,2026-07-17T06:20:17Z
1758,vtXkiF-GE9I,데미지낮추고 만참 쿨좀 삭제하던 브랜디쉬마하처럼 극딜에 증가하고 평소에짧게하던 해달라니까 승화시초기화 이씹ㅋㅋㅋㅋㅋ,4,2026-07-17T09:05:02Z
1759,vtXkiF-GE9I,밸패뭐 제대로 잡겠다고 연무장이니 뭐니 쳐만들어놓고 뭐하는게 하나없네 ㅋㅋ 소마는 왜 패싱하는거임?,1,2026-07-17T07:55:34Z
1760,vtXkiF-GE9I,나로는 조정대상 자체가 아니던데 ㅋㅋㅋㅋ,0,2026-07-17T02:02:54Z
1761,vtXkiF-GE9I,어떻게 사람 쿨타임이 25>15 40 60 120 에라이,0,2026-07-17T21:12:28Z
1762,vtXkiF-GE9I,이런 패싱은 시발 너무한거아니냐??,2,2026-07-17T01:37:10Z
1763,vtXkiF-GE9I,왜 히어로는 맨날 버려짐???,0,2026-07-17T06:48:26Z
1764,vtXkiF-GE9I,아니 그러면 레테 렙당 브금 지속시간 증가하는 그건 그대로인가?? 영상 레테 쪽엔 설명이 추가로 없어서 .. 그리고 저렇게 까버리고 최종댐5퍼 추가랑 확률로 대미지 더주는거넣어도 결국 다른거없지않나요?? 진짜모름;;  그리고 왜아직도 메이플은 직업간 격차를 못줄여 안달이여서 하향 패치를하는거지 ? 상향위주로해도 안되나? 위에있는놈들 적당히 조건부같은거나 좀힘든거 스킬단축같은거해주고 스킬압축하는김에 기존에쓰는것들 몆개 삭제하고 패시브화해서 댐 더올리고 그게안좋은가? 그리고 밑에 직업들 퍼댐딸깍이라도 해주면되잖아,0,2026-07-17T13:06:04Z
1765,vtXkiF-GE9I,안맑음...,0,2026-07-17T01:31:04Z
1766,vtXkiF-GE9I,이정도면 안여는게 이득 아니노,0,2026-07-17T03:11:13Z
1767,vtXkiF-GE9I,리썰 퍼니셔에 스플릿 애로우 적용되나요??,0,2026-07-17T04:56:57Z
1768,vtXkiF-GE9I,.,0,2026-07-17T01:31:09Z
1769,vtXkiF-GE9I,"다해주는 신창섭
밸패 빼고",0,2026-07-17T02:32:29Z
1770,vtXkiF-GE9I,6초부터 나오는 피아노 곡 어디 브금임??,4,2026-07-17T04:51:52Z
1771,vtXkiF-GE9I,둠창섭.,0,2026-07-17T16:43:00Z
1772,vtXkiF-GE9I,"ㅋㅋㅋㅋㅋㅋ
결국 렌은 ㅂㅅ되는건가?",1,2026-07-17T02:05:10Z
1773,vtXkiF-GE9I,근들갑이란 근들갑은 쇼케에서 다떨어놓고 나오는결과물들 하나같이 ㅋㅋ 장난치나,2,2026-07-17T04:23:13Z
1774,vtXkiF-GE9I,캡틴 ㅅㅂ 이거머임? ㅋㅋ,0,2026-07-17T03:08:48Z
1775,vtXkiF-GE9I,"앞으로 메이플에서의 ""역대급""은 걸러듣는걸로",73,2026-07-17T02:02:49Z
1776,vtXkiF-GE9I,아이폰이라 밑에 자막이 짤림 ㅠ,0,2026-07-19T10:10:17Z
1777,vtXkiF-GE9I,응 보마 밸패때 최종뎀 -8%~ 1n% 수고 ㅋㅋㅋㅋㅋㅋㅋㅋㅋㅋㅋㅋㅋㄲㅋㅋ,0,2026-07-17T10:17:19Z
1778,vtXkiF-GE9I,캡틴 이펙트좀 바꾸라고,0,2026-07-17T02:58:38Z
1779,vtXkiF-GE9I,"카인도 사실상 변경점 없음
5차코어 안받게 바꾸고 그거 퍼뎀으로 메꾼거",2,2026-07-17T01:55:36Z
1780,vtXkiF-GE9I,제논부터 나오는 브금 뭐였더라? 많이 들어봤는데...,0,2026-07-17T03:24:08Z
1781,vtXkiF-GE9I,"패파 ㅈㄴ 웃긴점
오리진 버프 시간동안 마테리얼 버스트보다 블디 쓰는게 이득
근데 오리진 버프 끝나고 마테리얼 버스트 스택 찬거 쓰려고 하면 에볼루션 버프 끝나서 스택 삭제",10,2026-07-17T02:23:19Z
1782,vtXkiF-GE9I,나로 패싱 ㅋㅋ 메이플은 XX가 없다,0,2026-07-17T02:43:19Z
1783,vtXkiF-GE9I,팬텀패싱은 ㅋㅋㅋㅋㅋㅋㅋㅋㅋㅋㅋㅋㅋ,9,2026-07-17T01:49:04Z
1784,vtXkiF-GE9I,레테너프냐,0,2026-07-17T04:28:29Z
1785,vtXkiF-GE9I,"솔직히 이제 밸런스 관해서는 ""계속 열심히 고쳐나가겠다"" 같이 귀에 못이박히도록 들었던말은 듣고 싶지 않음. 저 ㅈ같은 말 들은지 몇년임?? 몇년동안 열심히만 할건데?? 애초에 열심히 하기는함?? 밸패 자주 한다는 새끼들이 온갖 핑계대고 데이터수집 해야한다며 계속 존나 늦게하고. 신규 6차는 데미지 상승량을 스인미 수준으로 잡고있고. 몇년동안 열심히 했는데 딱 한번만 좀 좋은 결과 보여주면 안되냐? 9월에 하는 밸패도 하나도 기대가 안돼. 편의성으로 가는 인력들 딱 한번만 밸패에다가 올인 해줘라 제발 ㅠㅠ",0,2026-07-17T05:48:43Z
1786,vtXkiF-GE9I,그냥 스킬 나중에 확실하게 내놓지 왜 굳이 내서 ㅋㅋㅋ,0,2026-07-18T15:24:34Z
1787,vtXkiF-GE9I,이 스킬 하나면 니들 신규 6차 따잇 가능ㅋㅋㅋㅋ 「스파이더 인 미러」 윌의 에르다로 공간을 붕괴시켜 거울 세계로 현실을 연결한 후 거울 속의 거미를 일정 시간 현실에 구현한다. 거울 속의 거미는 공격 반사 상태의 적을 공격해도 피해를 입지 않는다.,116,2026-07-17T01:47:27Z
1788,vtXkiF-GE9I,창섭햄...밸런스는 손때시고 펀의성만 건듭시다,227,2026-07-17T01:44:05Z
1789,vtXkiF-GE9I,ㅎㄷㄷ,0,2026-07-17T01:33:53Z
1790,vtXkiF-GE9I,도대체 좋게 바뀐 직업이 어디 있음?? 내 부캐들 전부 패싱당했는데 도대체 누가 좋게 바뀐 거임 ㅋㅋㅋㅋㅋㅋ,4,2026-07-17T05:16:08Z
1791,vtXkiF-GE9I,"은월 연우격풍 후방이동 시 이펙트가 사라지는 현상을 수정합니다.
뒤에서 딜 3등이라니까요! 창섭이형! 제ㅔㅔㅔ발! 이거 아니잖아!",6,2026-07-17T01:37:19Z
1792,vtXkiF-GE9I,"이번에 처음으로 평딜캐 그중에서도 에반 키워봤는데 평딜캐가 무조건 체급이 극딜캐보다 높아야한다 생각함
진짜 에반하다가 렌하면 보스가 갑자기 재밌어짐",0,2026-07-17T04:49:20Z
1793,vtXkiF-GE9I,"팬텀 진짜 심각한데 패싱당했네ㅋㅋㅋ
60초쿨 준극딜이 지금 30초쿨인 리브 마오팬은 커녕 15초 블랙잭 1딸깍보다 딜량이 낮은데 딜 누수 메커니즘까지달고 꼴에 60초쿨이라고 마우스 스위칭 부담만 배가 되어버림..",7,2026-07-17T03:54:46Z
1794,vtXkiF-GE9I,님들아 아무리 지금 밸런스가 ㅈ박아도 원기시절보단 1억배 나음 진짜로,1,2026-07-17T07:07:25Z
1795,vtXkiF-GE9I,스인미 크오솔 시퀀스 들어가게 패치나해라,0,2026-07-17T03:31:53Z
1796,vtXkiF-GE9I,아니 저딴거 쳐 줄거면 썬브부터 60초로 바꿔달라고,0,2026-07-17T13:51:29Z
1797,vtXkiF-GE9I,아니 신궁 120초는 왜!!!!,3,2026-07-17T01:48:16Z
1798,vtXkiF-GE9I,1:29 와 이건 선넘네..ㄷㄷ,83,2026-07-17T03:08:23Z
1799,vtXkiF-GE9I,아니 근데 밸런스가 어려운건 맞는데 기본적인건 지키자고 퓨딜이 비숍보다 약한게 말이됨? 그럼 직업 존재가치가 없는거잖아 시발 분기마다 dpm 1등 바꿔달라는게 아니라고 시너지를 삭제 안할거면 당연히 딜은 최하위권으로 박아놔야지 이게 어려움?,5,2026-07-17T03:24:01Z
1800,vtXkiF-GE9I,창섭이는 그래도 메악귀들 말을 듣기라도 해주지 원기였으면 나우 나와서 쩝쩝거리다가 유기당했음 ㅇㅇ,2,2026-07-17T02:18:55Z
1801,vtXkiF-GE9I,이딴 스킬 쳐내지 말고 수치 조정 밸패나 해라 창섭아😂,0,2026-07-17T04:30:27Z
1802,vtXkiF-GE9I,그러면 극딜전에 렌은 망혼강림쓰고 바인드 걸고 극딜 올려야 딜 올라가겠네,1,2026-07-17T01:37:37Z
1803,vtXkiF-GE9I,듀블 접어야겠다 희망이 없네 ㅡㅡ,0,2026-07-17T13:43:15Z
1804,vtXkiF-GE9I,레테는 너프아니냐? 지속중 최종뎀 5퍼주고 임프린트 최종뎀 68퍼 줄어드는거 다시 90퍼로 줄어들고 소환수 공격시 50%확률로 본체 30퍼의 데미지로 추가공격하는것도 원래는 소환시 공격시였는데 50퍼로 반토막났네 ㅋㅋㅋ,0,2026-07-19T03:46:09Z
1805,vtXkiF-GE9I,강원기가 편의성은 조트여도 직업이해도는 높았는데 김창섭은 그반대네 편의성은 고트인데 직업이해도가 아예없음,3,2026-07-18T00:52:17Z
1806,vtXkiF-GE9I,아니 팬텀;,0,2026-07-17T01:32:07Z
1807,vtXkiF-GE9I,라라는 팔다리를 꺾어버렸네 ㅋㅋㅋ,5,2026-07-17T03:58:12Z
1808,vtXkiF-GE9I,승화발동시 재사용 초기화라는게 1회만 적용인거임?,1,2026-07-17T01:35:50Z
1809,vtXkiF-GE9I,꼬우면 떠나라,1,2026-07-17T02:37:28Z
1810,vtXkiF-GE9I,에휴 ●▅▇█▇▆▅▄▇,0,2026-07-17T02:42:38Z
1811,vtXkiF-GE9I,"렌 승화분리 강제하네ㅋㅋㅋ 저런 온몸비틀기 싫어하는거로 알고있는데... 난 본캐라 최소컷해야돼서 원래 분리는 하고 있었다만 30만인의 부캐 렌을 저렇게 만들면 다 이상하게 보긴 할 듯
그냥 쿨 없애고 퍼뎀을 낮추던가, 승화때 횟수제한을 걸어놓던가 해서 일필에 망혼강림 터는 플레이라도 하게 해야지... 렌은 보스 칠 때 하는 게 저거밖에 없는데",7,2026-07-17T03:54:21Z
1812,vtXkiF-GE9I,비숍 기존 1분일때 스킬 안쓰고 평타 쓰는게 더 이득이라 2분 극딜기로 바꿔주는 척하면서 패시브 하향을 쳐맥여버리네 ㅋㅋㅋㅋ,6,2026-07-17T03:10:07Z
1813,vtXkiF-GE9I,보마 망함,0,2026-07-17T05:09:54Z
1814,vtXkiF-GE9I,"개방 비용 좀 많은 것 같기도 하고 
그런데 0:38 이런 것도 있었군요",2,2026-07-17T01:40:20Z
1815,vtXkiF-GE9I,"편의성은 씹고트인데 스킬이나 밸런스같은거 보면 그냥 게임을 안하거나 모르는거 같고 그냥 기싸움 걸고 '알려줘' 스탠스 박는건가 흠..
아니면 작년 여름처럼 한탕 땡기고 쳐내기 작전 시작하는건가

렌은 쿨초 왜 붙어 있는겨 걍 쿨초 없애고 딜 만지면 되는거 아닌가",17,2026-07-17T02:05:39Z
1816,vtXkiF-GE9I,캡틴은 뭐가 바뀐거야?,0,2026-07-17T17:00:34Z
1817,vtXkiF-GE9I,섀도어는?...?,0,2026-07-17T01:53:05Z
1818,vtXkiF-GE9I,님들 제네시스패스 포함해서 지금 챌섭시작해도 안늦었을까요,1,2026-07-17T09:26:38Z
1819,vtXkiF-GE9I,연계와 캔슬이 아이덴티티인 직업한테 추가해준 스킬이 연계불가 캔슬불가...ㅋ 얼척이 없네,0,2026-07-17T03:08:40Z
1820,vtXkiF-GE9I,은월은 진짜 잊혀진 영웅이네 슬프다,0,2026-07-17T01:54:58Z
1821,vtXkiF-GE9I,걍 모든 직업들 상향 평준화 시켜주면 어디가 덧나나? 왜 자꾸 너프먹이려고 안달인거임 안그래도 약한 직업들만,2,2026-07-17T07:07:02Z
1822,vtXkiF-GE9I,레테 그래도 1렙은 찍어야되나 1렙으로 모자랄거같은데;,1,2026-07-17T01:48:08Z
1823,vtXkiF-GE9I,"근데 진짜로 이럴거면 스킬 내지 마셈.
열심히 준비한 사람들 입장에선 서운하고 속상할 순 있는데 걍 말이 안됨. 차라리 벨런스 패치를 해서 최종딜 1%씩 늘려주는게 맞았음.
만랩 찍어도 최종뎀 1%오르는 직업도 있는데 이게 맞음?
그리고 벨패가 어렵나? 평딜캐들은 그만큼 숙련도를 요구하고 20분 내내 쳐야 딜로스 안나니까 100%기준 110%정도로 강하게 만들고 극딜 딸깍 직업들은 극딜만 딸깍 넣으면 5~7% 약하게, 평딜까지 다 넣으면 101~102%정도로 나오게 조정, 데슬같은 반반직업은 그대로 100%정도로 맞춰주면 되는거 아님?
이러면 누가 납득못하노? 
지금은 평딜 하루종일 쳐넣는 캐릭이 극딜 딸깍 직업보다 약한게 존나 납득이 안되고 같은 딸깍 직업들끼리 체급차이 존나 나니까 불만 나오는거지;;
스킬 내는걸로 벨패하는 것 보다 이게 기간은 좀 더 오래걸려도 훨신 쉽겠다 진짜

카이저는 ㅆㅂ 윙비트 자동사출 좀 쳐 해줘라 제발. 지속시간도 ㅈ만한 그거 쓸 시간에 기가 한번 더 쓰는게 이득이니까.
아무리 기가 퍼뎀도 늘어난다곤 해도 그럴거면 그냥 기가 마코로 증가시키면 되는데 왜 마코 두개로 나누는지 모르겠네? 60초짜리 설치기 딜 비중 얼마나 된다고 그거 하나 강화 하는게 끝이냐? 그 어마어마한 재화를 내고? 그럴거면 마코에 윙비트 왜넣음? 걍 빼셈. 빼고 설치기 딜이나 늘려주셈.
카이저 뿐만 아니라 모든 직업 무자본으로 최소 이지카링까지 만이라도 키워보면 뭐가 문제인지 훤히 다 보이는데 안고치는건 걍 이 문제가 뒷전이라고 밖에 생각이 안듦.
편의성? 좋지. 근데 유저들은 편의성보다 이런게 훨신 중요함.
RPG특성상 오래하니 UI상 불편한 부분은 오래하면 적응되기 마련인데, 직업에 대해 화가나는 포인트는 절대 익숙해지지 않고 눈에 밟힐 때 마다 짜증나는 요소임. 제발 이제 편의성 그만 따지고 벨패부터 해라.",16,2026-07-17T03:51:16Z
1824,vtXkiF-GE9I,인트로없애면구덕자100만간다,0,2026-07-17T01:49:09Z
1825,vtXkiF-GE9I,미하일 ㄹㅇ 순전 탱커 말고 패링딜러로 리워크 해주면안되냐? 3인격 아무도 안데려감. 순전 탱커라 투자값도 안받고 투자 가치도 없음. 데몬 미하일 메카닉마냥 나사 빠진 애들좀 손봐주지 참,2,2026-07-17T07:13:16Z
1826,vtXkiF-GE9I,수정없는 직업 9개중 5개가 전사 ㅋㅋㅋㅋㅋㅋㅋㅋㅋㅋㅋ 전혐 개레전드,1,2026-07-17T08:07:48Z
1827,vtXkiF-GE9I,아니 렌 걍 쿨삭하고 딜조정을 하라고;; ㅈㄴ 쉬운걸 기싸움하나 ㄹㅇ 머가리 텅텅 빈 스킬 조정이네;,8,2026-07-17T01:56:48Z
1828,vtXkiF-GE9I,형님 나로는 어디있나요,0,2026-07-17T02:52:27Z
1829,vtXkiF-GE9I,"아니 근데 보마는 왜 징징거리는거임
폭시 누르다가 30초쿨 스킬하나 딸깍하는게 그렇게 어려워..? 
다른 직업들 불만은 다 공감이 가는 데 보마는 진짜 양심 뒤진건가",21,2026-07-17T03:33:21Z
1830,vtXkiF-GE9I,불만이 많네... 그럼  밸런스패치 전담 직원으로 강원기 다시 데려오면 맘에 들어?,0,2026-07-17T04:21:25Z
1831,vtXkiF-GE9I,또 초기권 주나요??,0,2026-07-17T03:56:28Z
1832,vtXkiF-GE9I,상향받으신 분들은 축하드립니다 히어로는................. 하........... 걍 기대를 말아야지 보스 2/3 패치랑 공용코어 보고서 느꼇지만 개개의 밸런스를 맞추는 것보다는 그냥 게임에서 캐릭들이 싸우는 난이도를 낮추는 방식을 선택함 어차피 밸런스 패치 잘해도 누군가에게는 욕먹는다 이말이죠 ㅋㅋㅋ 그러니 대충 스킬들을 통해 평준화하고 자기를 밀어주는 수호단들 양성해서 그들과 운영해나가는 방식을 택함 철저히 계산적이고 영업사원으로서 용의주도한 방식임 하지만 언제까지나 게이머들의 바램과 감성을 무시하고 밀고나가기만 하는건 한계가 있음 크라운때만 해도 그 한계가 잘 드러났었지 인구수랑 콘크리트가 엘리넬 풀문파티 때보다 박살난거 보면 그럴때마다 사료뿌리고 사람 끌어모으겟다고 제네패스 신캐같은 자극적인 치트키 가져오고 그게 얼마나 가려나 9월에 또 팔다리 오체분시만 하지 말앗으면 스인미 크오솔 고트다 이야기 많이 나오는데 히어로는 스인미 크오솔마저 구림 ㅠㅠㅠㅠㅠ C8,0,2026-07-17T03:02:53Z
1833,vtXkiF-GE9I,보마 다른건 안바라는데 폭시 사용중에 누룰수 있게는 해줘야 되는거 아닌가....,4,2026-07-17T01:42:06Z
1834,vtXkiF-GE9I,소마는 또 버려졌지..,2,2026-07-17T06:01:56Z
1835,vtXkiF-GE9I,로아마냥 밸패전문 팀이나 디렉터 데려와 ㅅㅂ 창섭이는 편의성 전문디렉터로 남아줘..,36,2026-07-17T01:50:32Z
1836,vtXkiF-GE9I,듀블은 대체 뭘까,2,2026-07-17T01:36:35Z
1837,vtXkiF-GE9I,사실상 게임성 ㅈ박은 한철장사하는 게임같음 ㅋㅋㅋ 이번에 챌섭 들어오고   느꼈다 여름만하고 빨리 꺼지라는것같음,1,2026-07-17T02:58:06Z
1838,vtXkiF-GE9I,그래그래 2달? 기다려주마....😢,7,2026-07-17T01:34:57Z
1839,vtXkiF-GE9I,팬텀은 왜 없어 겜 개같네 진짜,2,2026-07-17T02:07:09Z
1840,vtXkiF-GE9I,보마 패싱? 진짜 써보세요 폭시떼고 다시 누르고 다시 쓰고 ㅋㅋㅋㅋㅋㅋ누르면서 쓸 수 있게 해주던가,0,2026-07-17T05:05:49Z
1841,vtXkiF-GE9I,근데 밸패 원하는 애들은 최소 환산 8만대에 하위권 직업들 맞지? 중상위권 직업으로도 밸패 시위하는 애들 있어서 ㅇㅇ.. 일단 배율 100%인데 보스 안 깨지는 직업들부터 밸패 좀 해줘라,0,2026-07-18T20:18:51Z
1842,vtXkiF-GE9I,다들 커뮤남들이니까 무너진 밸런스가 수요를 만든다는 짤 알지 않나.. 그러면서 뭔 이루어질 수 없는 황밸을 요구하다니,0,2026-07-17T07:17:31Z
1843,vtXkiF-GE9I,메이플. 죽다.,0,2026-07-17T02:04:26Z
1844,vtXkiF-GE9I,ㅈㄴ 웃긴게 원기때 생각 못 하고 욕 ㅈㄴ 하는 거 보면 개웃김 ㅋㅋ 원기때는 사기 당하고도 욕하면서 남았던 거 생각하면 그냥 짐승들임,0,2026-07-17T04:08:23Z
1845,vtXkiF-GE9I,보우마스터는 패치에서도 언급이 1줄도 없는데 맑음님도 언급을 1도 안해주시네요...,0,2026-07-17T02:20:02Z
1846,vtXkiF-GE9I,ㅋㅋ벨런스붕괴네 ㅋㅋ그냥 내비두고 편의성만 건들여라 뭐고 ㅋㅋ신궁은 조져놧네 ㅋㅋ,0,2026-07-17T04:12:56Z
1847,vtXkiF-GE9I,"아니 신스킬가지고 왜케 징징대냐
안열면 되는거아님?
아무리안좋다해도 없는거보단 나은거아닌가
개사기로 내면 결국 또 결정값 너프로 이어질껀데",0,2026-07-17T09:19:00Z
1848,vtXkiF-GE9I,아오 밸패무새들 싹다 로아하러 ㄲㅈ면안됨?,1,2026-07-17T13:08:33Z
1849,PmHlunblL3Y,"밸패 3줄 요약
1. 9월 기대해라
2. 구조 ㅈ될 줄 알아라
3. 기다려라",29,2026-07-16T15:06:01Z
1850,PmHlunblL3Y,"3:34초 오타 있는것 같습니다. ) 1조
언제나 빠르게 올려주셔서 감사합니다.",6,2026-07-16T13:00:27Z
1851,PmHlunblL3Y,ㅇㄴ 바우처 9월에 나오는 줄 알고 메소 다 써버렸는데😂,0,2026-07-16T13:23:01Z
1852,PmHlunblL3Y,3분32초에 안내사항 적으실대 멕댐 얘기하는부분에서 7천억>>1조 라고 잘못표기했어요  10조 인데 오타나신거같습니다,0,2026-07-16T17:18:42Z
1853,PmHlunblL3Y,드디어 헤카테 스킨에 녹색이 추가되었다!,2,2026-07-16T12:03:12Z
1854,PmHlunblL3Y,1빠 히히,0,2026-07-16T11:56:04Z
1855,PmHlunblL3Y,왐마 빠르다,0,2026-07-16T11:55:59Z
1856,PmHlunblL3Y,9월 구조적인 개선… 또 리마스터 한두개하고 스킬들 몇개 건드리고 끝내진 않겠죠,0,2026-07-16T22:36:34Z
1857,PmHlunblL3Y,항상 드는 생각인데 편의성 goat 나머진.. j..,2,2026-07-16T19:13:31Z
1858,PmHlunblL3Y,듣어 나왔구나 캐시샾에 있길래 가지고 싶다 생각했는데,0,2026-07-17T03:18:27Z
1859,PmHlunblL3Y,불루베리농장 미호로이드 나왔구나,3,2026-07-16T13:35:41Z
1860,PmHlunblL3Y,사람 많아서 렉 걸리니까 하기 싫은 사람은 돈 더 쓰지말고 빨리 접어주세요~🙏,5,2026-07-16T13:55:08Z
1861,PmHlunblL3Y,메카베리 280 넘으면 언제쓰던지 효율차이 크게 없나용?,0,2026-07-16T17:05:36Z
1862,PmHlunblL3Y,오 안드로이드..!,1,2026-07-16T18:30:05Z
1863,PmHlunblL3Y,경매장 판매 ui에 엔터키 먹히도록 만들어주면 안될까... 어차피 너무 싸게 팔면 경고메세지 뜨게 만들었잖아,0,2026-07-16T17:04:59Z
1864,PmHlunblL3Y,난 모르겠다 여름에 큰거 온다고 해놓고 9월 기다리라는게 9월이 여름인지를 모르겠다고 섭이형,0,2026-07-16T19:48:18Z
1865,PmHlunblL3Y,"6차 스킬코어 안내면 욕은 겁나 먹을거같고 어그로도 안끌릴거같고, 그렇다고 그걸로 딜은 못퍼주고.. 고민하다가 결국 하는게 ㅈ도 의미 없는 수치에 이펙트도 불완전하게 나온 스킬코어라는게.. 이럴거면 그냥 아예 안내고 다른부분에 더 집중햇어야 하는게 맞다. 레테나 선별 애니메이션이나 퀄리티 개허접한거 보면 없는 인력 최대한 분산하다가 이리된거같은데.. 선택과 집중을 못햇음.. 스킬코어 안내도 레테랑 챌섭 시즌4 때문에 어느정도는 어그로 끌렷을텐데 이건 과욕이라는 생각밖에 안드네",4,2026-07-16T17:24:12Z
1866,PmHlunblL3Y,이번에 챌섭 리프는 언제 열리나요 ㅜ,0,2026-07-18T02:01:38Z
1867,PmHlunblL3Y,"의도는 이해하겠는데, 그럴꺼면 3차코어를 여름이벤트 간판처럼 해놓으면 안되었지.
차라리 저번 3차공용코어처럼 내놨으면 불만이 있어도 큰소리 없을텐데 큰거 오는거처럼 대문짝만하게 쇼케이스에서 공개해놓고 속빈강정으로 그러면 안되지",14,2026-07-16T14:54:24Z
1868,PmHlunblL3Y,명의당 9개의 계정?ㄷㄷ 캐릭 3개 키우는 것도 빡세던데,0,2026-07-16T22:38:50Z
1869,PmHlunblL3Y,5:55 김창섭: 우리는 앞으로 한동안 경험치 장사를 하겠다,47,2026-07-16T12:06:36Z
1870,PmHlunblL3Y,ㅋㅋ 진짜 ㅈㄴ잘하는데 벨런스는 너무 못맞춤 ㅋㅋㅋ 꼬우면 그직업하던지가 너무 심해,4,2026-07-16T15:15:09Z
1871,PmHlunblL3Y,"아무리생각해도 모르겠는게, 지금 20초딜링사이클에서 저게 2~3퍼 차지한다는건 결국 키다운캐릭들은 다른스킬에서 2~3퍼 손해보게 된다는소리아님???
그럼 2~3퍼가 뭔 의미가 있지ㅋㅋㅋㅋ",1,2026-07-16T18:47:13Z
1872,PmHlunblL3Y,진짜 효율 마이너스로 나오는 직업도 있다는 점 차치하고 잘 쳐줘서 2.5~3퍼 효율 나온다고 해도 이걸 공짜로 쓸 수 있는 것도 아닌데다가 키 칸 하나 잡아먹고 딜타임에 신경써야될 스킬 하나가 추가됐다는 사실까지 생각하면 사실상 기회비용 대비 리턴이 거의 없는 수준이란거... 스트리머 아니면 누가 만랩 찍을까싶네 상위0.1퍼 유저들도 ㅈㄴ 고민하면서 찍을듯,0,2026-07-17T02:21:44Z
1873,PmHlunblL3Y,진짜 눌러야 하는 게 너무 늘어나는 직업도 배려 좀... 그리고 코어 간 밸런스 조절한다고 9월 가서 딴 스킬 퍼댐 가져다가 신 스킬 대미지 늘려서 약해지면 진짜.....,0,2026-07-19T13:46:18Z
1874,PmHlunblL3Y,모멘텀패스레벨별 효율점,0,2026-07-16T23:22:58Z
1875,PmHlunblL3Y,"솔직히 계정 2개 돌리는것도 솔까 피곤하긴 함

3개 이상은 그냥 뭐... 도전의 영역?
2계정까지 키우는데도 주보 돌리는데 시간 많이 걸림

일퀘나 주보 돌리는거 시간도 2배
그대신 주보돌이 수입은 2배",0,2026-07-16T16:04:37Z
1876,PmHlunblL3Y,6:57 왼쪽하단 남캐헤어하시는 코디고수분 ㅠㅠ?,1,2026-07-16T15:06:15Z
1877,PmHlunblL3Y,"2022년부터 다시시작해서 6차출시도 보고, 롯데월드 새벽쇼케이스도 가보고, 이것저것 다 참여해봤지만, 결론은 두달전에 접었어요. RPG 근본인 모험하는 느낌은 아예 못느끼겠고, 그냥 매주 숙제하는 느낌, 진짜 딱 숙제. 만 느껴져서 상당히 고레벨+비주류 직업이라 랭킹권에도 속하는데, 그냥 접었어요. 남들 경험치 다 올릴때 나는 안하면 손해야. 이 생각이 나를 붙잡고있었는데, 접은 지금시점에서 돌아보면 진짜 진짜 쓸데없는 짓을 하고있었구나. 싶었네요. 정말 열심히했는데, 너무너무  재미가없어서 접었어요.",0,2026-07-16T23:43:18Z
1878,PmHlunblL3Y,조각 2000개 해도 안올릴것 같은데 ㅋㅋㅋㅋㅋㅋ,2,2026-07-16T12:45:47Z
1879,PmHlunblL3Y,"챌썹끝물에 bm 다 팔았으니 다음 수확을 위해
결정석 너프",0,2026-07-16T17:55:30Z
1880,PmHlunblL3Y,"미호??
케이라 쌀먹 어흐",0,2026-07-16T18:41:33Z
1881,PmHlunblL3Y,자석펫 사야되나....,0,2026-07-16T13:40:50Z
1882,PmHlunblL3Y,몇일에 패치되서 들어오는건가요?,0,2026-07-16T17:18:38Z
1883,PmHlunblL3Y,어센트가 너무 사기였어서 이렇게 나오는건가,1,2026-07-16T13:20:05Z
1884,PmHlunblL3Y,미호로이드 끼얏호우~!!!!!!!!,2,2026-07-16T12:31:08Z
1885,PmHlunblL3Y,다음 계획을 위해서 속도를 낼필요가 있다 하지만 딜은? 2~3퍼?? 신규6차인데.. 그냥 돈벌려고 그리고 여름이니까 뭐는 내긴해야곘고...,7,2026-07-16T12:28:26Z
1886,PmHlunblL3Y,네 보마는 환산12만 이상이 아닐경우 스킬을 안찍는게 더 효율이 좋다네요 ㅋㅋㅋ이게 신규스킬이냐?ㅋㅋㅋㅌ,0,2026-07-16T18:47:20Z
1887,PmHlunblL3Y,데미지는 모르겠고 ㅈ같은 굴렁쇠 들어간 제로좀 바꿔줘…,0,2026-07-16T14:36:21Z
1888,PmHlunblL3Y,근데 그냥 재화 부족한 사람은 안뚫는게 이득인거같은데,0,2026-07-16T16:03:28Z
1889,PmHlunblL3Y,올 댓글없는거 첨본다,0,2026-07-16T11:56:09Z
1890,PmHlunblL3Y,자석펫 110억만 더 모으면 살수있다..,0,2026-07-16T12:19:14Z
1891,PmHlunblL3Y,근데 바인드 걸었다고 패턴 사라지면 겜 넘 쉬워 지는거 아니냐?,0,2026-07-17T00:00:32Z
1892,PmHlunblL3Y,"내생각엔 9월에 마코 딜상승량 깎고 스킬코어에 옮겨줄것 같음
헥사 초기화권 있으니까 그냥 효율보고 다시 찍으라고 해도 큰 문제 없고
마코가 5%씩 주는데 스킬코어가 2%? 라는 말 안나오게 마코를 3퍼로 내리고 스킬코어들을 강하게 만들어버리는 군대식 해결 할것같음",5,2026-07-16T13:01:25Z
1893,PmHlunblL3Y,그래도 딜이 2~3%면 일반 유저기준이면 너무 구린 게 아닌가...,2,2026-07-16T12:31:11Z
1894,PmHlunblL3Y,"오리진 어센틱은 스킬에 특수성이 있어서 쿨이 길고 딜이 구려도 어느정도 이해 했는데
신규 6차는 도무지 점유율 2~3퍼따리일 이유를 모르겠네",52,2026-07-16T12:02:33Z
1895,PmHlunblL3Y,프리즘 캐시판매는 진짜 개빡치긴하네 ㅋㅋㅋㅋ,0,2026-07-17T00:28:14Z
1896,PmHlunblL3Y,2.5~3% 도 안된건 어카냐,1,2026-07-16T12:19:24Z
1897,PmHlunblL3Y,메이플헨즈 한시가나 9900원은 씹 진심,0,2026-07-16T22:42:58Z
1898,PmHlunblL3Y,그래서 보마는 왜 1.2퍼인데요,1,2026-07-16T12:15:09Z
1899,PmHlunblL3Y,쇼케 신규스킬 나온다? 이제 기대도 안함 쇼 그 자체이기 때문에,3,2026-07-16T15:54:57Z
1900,PmHlunblL3Y,3:33 오타당,0,2026-07-16T12:40:21Z
1901,PmHlunblL3Y,그래서 캐시샵 패치는 언제함?,0,2026-07-16T15:16:37Z
1902,PmHlunblL3Y,스킬을 안연다는 유저들도 많던데 이게 맞냐ㅋㅋㅋ,0,2026-07-16T23:18:59Z
1903,PmHlunblL3Y,"영상에서는 
맥뎀 7천억 -> 10조인데
자막은 1조라고 되어있네요",13,2026-07-16T12:02:13Z
1904,PmHlunblL3Y,특수 효과도 없고 딜도닞고 재화는 뒤지게쳐먹고 족쇄도 달렸네,2,2026-07-16T12:35:43Z
1905,PmHlunblL3Y,"쇼케요약 : 
9월까지 bm홈쇼핑 많이 사라.
패스 사준 뉴비들 고맙고 이제 꺼져라.
40만원짜리 스인미 35만원으로 깎아주겠다.",145,2026-07-16T12:20:29Z
1906,PmHlunblL3Y,2차 하버는 없나보네,0,2026-07-21T06:56:41Z
1907,PmHlunblL3Y,근데 존나기괴한게 본인체급에3퍼올려버리던데 밸런스에대한 생각이 전혀없는거아님?,0,2026-07-16T23:19:51Z
1908,PmHlunblL3Y,5:10 제발 사냥 몇마리 이런걸로 해줘 내 레테 201렙이란 말이야...ㅠㅠㅠㅠㅠㅠㅠ,0,2026-07-16T12:48:40Z
1909,PmHlunblL3Y,그렇게 인플래가 무서웠으면 헤카테는 왜 그래 쎄게 만들었고 그렇게 소극적으로 신스킬 점유율 잡을거면 꼴랑 이딴거 낸다고 밸패는 왜 유기함? ㅈㄴ 모순임...,0,2026-07-17T21:17:38Z
1910,PmHlunblL3Y,벨로나 순삭되는거 막을라고하는건가 되게 막는 느낌이네,2,2026-07-16T14:08:03Z
1911,PmHlunblL3Y,qt 겜 이제 렌 단물 다 빨았겠다 꺼지라는거지 ㅇㅇ ㅋㅋㅋ,0,2026-07-16T14:28:54Z
1912,PmHlunblL3Y,이 게임 참 유지비 많이든다,37,2026-07-16T12:27:26Z
1913,PmHlunblL3Y,"어센트도 2%정도나오는데 요구재화 정상화좀하죠? 피통깠다고 그냥깠다기엔 시전시간대비 데미지도 줄었고 세이람 지속시간 비율도 확늘어서 쓸각 재기도 불편해졌는데 이렇게 비싸야될 이유를 모르겠네요 교불에르다,조각으로 총사용량의20%정도 페이백해주시던가 성능 정상화를 좀 시켜주십쇼",0,2026-07-16T12:40:43Z
1914,PmHlunblL3Y,그래그래 오늘은 좀 늦었네 잘봐주마,148,2026-07-16T11:56:06Z
1915,PmHlunblL3Y,"근데 진짜 캐릭간 스킬 이펙트 ㅈㄴ 차이가 심한건 너무 석나감
꼬우면 직변하라는 애들도 있는데 이건 머.. 심히 멍청한 애들이고",3,2026-07-16T15:55:55Z
1916,PmHlunblL3Y,창섭이가 분명 니즈 파악도 잘하고 필요한 업데이트도 잘 해주는데 정작 핵심적인 곳에서 찐빠가 너무 나는듯 신규스킬을 당연히 쎄게 해줘야지 뭔 점유율 2~3퍼따리 스킬을 만들고 앉았으니... 작년에도 렌으로 엄청난 유입 끌여다놓고 갑자기 결정석 칼질해서 다 썰린 엔딩이 올해에도 나올거 같음,0,2026-07-17T03:14:55Z
1917,PmHlunblL3Y,맨날사과해 ㅋㅋㅋㅋ또뭔데,0,2026-07-16T13:26:34Z
1918,PmHlunblL3Y,미미크리 방 빼 !!!,0,2026-07-16T11:56:37Z
1919,PmHlunblL3Y,이번 라방은 실망스럽다,1,2026-07-16T12:38:17Z
1920,PmHlunblL3Y,쌀숭이 천지네 그냥 ㅋㅋㅋㅋㅋ,0,2026-07-16T21:41:34Z
1921,PmHlunblL3Y,솔직히 이번 6차 다른건 모르겠는데 직업 간에 이펙트 격차 겁나 차이나는게 석나감,52,2026-07-16T12:33:45Z
1922,PmHlunblL3Y,"모맨텀 패스가 50000원인데 가성비 적으로나 어떤가요 살만 할까요? 
제네 플러스까지 살 생각은 있었는데 어차피 즐길려면 어느정도의 지출은 하는게 좋으니까요",0,2026-07-16T12:34:15Z
1923,PmHlunblL3Y,"겨울 챌섭때는 변편찮은 이벤트, 스킬코어 추가도 없이 모멘텀패스3연타 익스프레스부스트 exp듀오 이딴것만 ㅈㄴ게 팔아제꼈다는거임 ㅇ.ㅇ",0,2026-07-16T13:14:35Z
1924,PmHlunblL3Y,아니 진짜 이해가 안가네 왜 신캐만 존나 이쁘게 쳐 내는거야 ㅡㅡ 대놓고 신캐만 신경쓴게 티가나네 어이가없다 진짜,0,2026-07-17T01:51:55Z
1925,PmHlunblL3Y,다 그러려니해도 스탯방무0% 듀블은 언제 정상화해주나 싶네ㅋㅋㅋ 바이퍼는 자체방무40%인데도 신6차에 방무줬던데,1,2026-07-16T13:14:02Z
1926,PmHlunblL3Y,사냥 아예안해도 날먹으로 285찍히네 좋다 방학시즌마다 285링크3렙 하나씩 추가가능하네,6,2026-07-16T12:09:29Z
1927,PmHlunblL3Y,"밸패도안해 6차스킬코어도 개ㅂㅅ처럼 내고 모멘텀패스로 또 넥슨캐시구매하라고하고 진짜 적당히해라 니들 rpg겜 운영하고있어; rpg겜에서 제일 중요한건 밸패인데 밸패를 유기, 연무장 낸이유도 모르겠고 이번 오버드라이브패치의 핵심인 6차스킬코어도 개 ㅂㅅ같이나와서 공코나왔을때보다 기대도안되고 이게 뭐하는건지 모르겠다.. 편의성패치 존나잘하는거 알겠는데 신규6차 이따구로 내는건 존나아닌거같다. 5차인 크오솔스인미랑 최종뎀이 비슷한거면 ㅅ발 이게 6차냐? 그냥5차지; 결정석 부담되면 뭐 메이플그린아이디? 그런걸 그냥 3개까지하던가 뭔 10개 ㅇㅈㄹ 어차피 정상적인유저들은 진짜 많나봐야 2개운영이 최대일텐데 이상한데선 관대하고 6차스킬코어는 존나짜치게내고 걍답없다",1,2026-07-16T19:25:44Z
1928,PmHlunblL3Y,4:33 물자 50개 모아둬야되나요?,5,2026-07-16T12:09:53Z
1929,PmHlunblL3Y,07:20 이 노래 뭔가요???!!!,0,2026-07-16T16:36:02Z
1930,PmHlunblL3Y,최종뎀 2퍼 올릴거면 스킬을 왜만드누 ㅋㅋㅋㅋㅋㅋㅋㅋ 병신겜이였네 ㅋㅋㅋㅋㅋㅋㅋㅋ 챌유입인데.. 존나 트렌디하지 못하다.. 지들만의 길을 걷네,6,2026-07-16T15:59:33Z
1931,PmHlunblL3Y,석이 개나가네,0,2026-07-16T13:28:22Z
1932,PmHlunblL3Y,0:19 개창섭이 2.5%? 구라치지마라 왜 내 직업은 1.5%급이냐,2,2026-07-16T17:22:14Z
1933,PmHlunblL3Y,이럼 걍 신규스킬 9월에 뚫는게 낫겠네 지금은 걍 키칸 아까움 ㅋㅋㅋㅋㅋㅋㅋㅋㅋㅋㅋ,3,2026-07-16T12:22:53Z
1934,PmHlunblL3Y,이렇게 만들거면 신규 스킬 코어 왜 만든거임? ㅋㅋㅋ 이래놓고 9월까지 ^기다려^,48,2026-07-16T12:08:58Z
1935,PmHlunblL3Y,애니프사 달고있는 사람 댓글 꼬라지봐라,3,2026-07-16T19:20:45Z
1936,PmHlunblL3Y,흠 '밸런스' 자체가 굉장히 민감한 부분인건 알겠으나 애초 설계한 각 직업별 목적이있었을 텐데 자꾸 언밸런스 되어버리는건 아쉽네... 이 때 마다 다들 살벌해짐 민심도 ㅆ창나고...,12,2026-07-16T13:44:51Z
1937,PmHlunblL3Y,딜이 문제가 아니라 구조가 ㅈ같고 밸런스가 심하게 붕괴된 게임인데 그건 뒷전이고 보여주기식 스킬 출시에 이벤트에 치중된 모습. 신규 잡겠다고 기존 유저 석 제대로 나가게 하네 이러다 벨패 한다고 난도질해서 몇 몇 직업들 또 접겠지?,3,2026-07-16T13:11:37Z
1938,PmHlunblL3Y,신창섭은 메이린로이드를 출시하라!!,8,2026-07-16T12:02:59Z
1939,PmHlunblL3Y,분명 쇼케이스에서 평딜직업은 다소 빈약한 극딜을 보조해주고 극딜직업은 평딜 보조해주도록 설계했다고 말했으면서 보조는 개뿔 30렙 풀강해도 어떤직업은 신규스킬이 스인미보다도 딜 점유율 낮게  나오는데 그럼 뭐 1렙이면ㅋㅋㅋ 이게 보조해주는게 맞음? 내가 봤을때 9월 어쩌고는 다 핑계고 그냥 신규스킬빨로 하드메이린 쌀먹하는거 막을려고 이ㅈㄹ하는거 같은데 의도가 너무 눈에보인다,4,2026-07-16T13:19:15Z
1940,PmHlunblL3Y,모멘텀 패스 5만원 이거 살 가치 있는 건가요 매짱 형님들?,2,2026-07-16T11:57:09Z
1941,PmHlunblL3Y,자석펫 내놓으라고 김창섭!!!,12,2026-07-16T11:56:16Z
1942,PmHlunblL3Y,역대급 거품 디렉터 연예인병 걸린 대창섭,1,2026-07-17T00:14:06Z
1943,PmHlunblL3Y,맥뎀 1조 10조 뭐가 맞는거임?,0,2026-07-16T13:31:01Z
1944,PmHlunblL3Y,경매장 물품 많으면 안 뜨는거 ㅈ같았는데 잘했네,0,2026-07-16T16:21:44Z
1945,PmHlunblL3Y,그래그래 사과 받아주마,0,2026-07-16T12:37:50Z
1946,PmHlunblL3Y,메이린로이드 내줘..😮,0,2026-07-16T17:29:55Z
1947,PmHlunblL3Y,메카베리 하나만 더주지 힝,2,2026-07-16T11:59:44Z
1948,PmHlunblL3Y,미호로이드는 못참지~ 오빠가 곧 이뻐해줄게~ 으흐흐,1,2026-07-16T15:58:56Z
1949,PmHlunblL3Y,신규스킬 점유율 2.5%라도 제발 받고 싶은 직업이면 개추 ㅋㅋ,2,2026-07-17T00:17:00Z
1950,PmHlunblL3Y,근데 또 뭘 잘못함?,0,2026-07-16T12:55:03Z
1951,PmHlunblL3Y,애니프사 화난거 왤케 웃김,1,2026-07-16T17:58:28Z
1952,PmHlunblL3Y,"다들 화났나본데
난 듀블이라 화 안나",0,2026-07-16T12:59:54Z
1953,PmHlunblL3Y,"나는 지금 인플레 잡으면서 가는 게 맞다고 봄
무작정 강해지면 당장은 좋겠지 근데 결국 고스펙은 껌값으로 미친듯이 강해지고 신규보스는 그 파워에 맞춰서 출시될텐데 보스 사이에 간격 커지면 나중에 또 중간에 뭐 만들어라 뭐 만들어라 말 나올게 뻔함 올라가려는 사람들에게 너무 가혹해짐 우리같은 저스펙이야 어차피 1렙 주차 가성비 쌀먹라인 주차니 우리 일 아니라 상관 없어보이겠지 근데 공명지조 만류귀종이라는 거 메이플을 하는 이상 다 연결됨 쌀숭이 빼고",3,2026-07-16T14:52:52Z
1954,PmHlunblL3Y,영구는 아니더라도 챌섭 기간 동안은 자석펫 유지하게 좀 해주지; 버섯펫 어쩌고 하는데 챌섭 시작 뉴비들이 어케 알았겠노 그걸,4,2026-07-16T16:27:03Z
1955,PmHlunblL3Y,응 사료개꿀멍꿀 ㅋ,0,2026-07-16T13:39:15Z
1956,PmHlunblL3Y,인트로없애면구덕자100만간다,1,2026-07-17T00:17:32Z
1957,PmHlunblL3Y,"자석펫 근래에 줬다. Pc방 15시간 가면 준다. 사면 된다. 돈 없으면 ㄲㅈ 이러는데
진짜 뉴비 절단기들이네

나도 이번 뉴비로 유입됐는데 근래 주는거 챌섭 때 시작한 뉴비 입장에서 없는게 당연한거고 그전에는 메이플에 관심 ㅈ도 없었으니까
Pc방 15시간은 싼거 맞는데 이게 돈을 쓰고 끝이 아니라 가서 시간을 채워야 되는게 너무 빡셈.
돈 없으면 ㄲㅈ는 솔직히 자석펫이 적당히 비싸야지 30이면 직장인한테도 적은 돈이 아닌데 이제 한달 된 뉴비한테 패스 다 산거 포함하면 41만원을 쓰라는 건데 뉴비 입장에선 돈이 있든 없든 여기에 쓰는게 맞나 고민되는게 현실임",4,2026-07-16T16:59:40Z
1958,PmHlunblL3Y,자석펫 연장안해주는건 진짜 감다뒤긴하다,4,2026-07-16T15:38:18Z
1959,PmHlunblL3Y,메이플은 유저들이 문제임,1,2026-07-17T01:02:03Z
