created_at,views,likes,category_clean,title_clean,content_clean,matched_term_ids,matched_terms,matched_categories,matched_expressions,match_count,is_matched
2026-08-14,0,0,직업,유뇬작이랑 링크작하려는데,목표는 유뇬 8000++인데 테라/메가 버닝 부스터에 챌섭 2자리 정도 남아서 사냥 힘든애들 거기서 키우려는데 님들은 200작하면서 사냥하는거 누가 제일 힘들었었음??,,,,,0,False
2026-08-14,0,0,직업,부케소마 214 200 짜리두마리인데,부케 소마가 두마리인데 214 200 짜리 히어로키우고싶어서 근대 케릭터창 자리가없는데 1나지워도 지장없죠 ??,,,,,0,False
2026-08-14,0,0,아이템,템 가격좀 책정해주실분 계신가요ㅠㅠ,안녕하세요 메린이 질문드립니다..! 혹시 이 템은 팔려고하면 얼마정도가 적정가일까요?,,,,,0,False
2026-08-14,0,0,기타,컴터 자꾸 팅겨여,8기가램이라 그런가 이거 최적화 방법있나여,,,,,0,False
2026-08-14,0,0,아이템,어떤게 더 좋은가요 직업운 렌입니다,원래눈 왼쪽옵션인데 오른쪽이 떴습니다 어떤게 더 좋을까요,,,,,0,False
2026-08-14,0,0,기타,동전꼽기가 운영정책 위반인지 여부,"메이플 인게임 자체 필터키 기능을 활성화한 상태에서 shift키에 5~10초 쿨타임을 가진 스킬을 등록한 다음, 동꼽으로 키보드 오른쪽 shift키의 눌림 상태를 유지하도록 하고, 그 상태에서 왼쪽 shift키를 2~3번 연타하면 제자리 1분 방지 룰을 무시하고 동꼽이 8분 이상 유지됩니다. 원래 캐릭터가 제자리에서 1분 이상 동일한 스킬을 반복하는 경우 스킬 사용이 중단되지만, 위 방법으로는 스킬의 시전횟수가 100회에 도달할 때까지 유지되는 것으로 보입니다. * *가령 쿨타임이 5초인 경우에는 5×100=500초(8분 20초)간 지속, 7초인 경우에는 7×100=700초(11분 40초)간 지속 위와 같은 플레이가 문제될 수 있을까요? 아니면, 이미 유저들이 널리 사용하고 있는 방법일까요? 첨언해서 위 게임 플레이 방식이 “권장되지 않는 플레이 방식”인지를 고객센터에 문의했을 때 “운영정책과 관련된 내용에 대해서는 명확하게 안내하기 어렵다”는 취지의 답변을 받았습니다. 따라서 일단 대다수 유저가 위 방식을 사용하고 있다면 큰 문제는 없을 것으로 생각되므로 질문 글을 남깁니다. [2026.8.14.18:15 추가] 질문 내용은, 단순히 동꼽이 운영정책 위반인지 가 아니라, 위와 같이 인게임 필터키(스킬반복입력향상)+shift키+짧쿨 스킬을 조합해서 사용했을 때 동꼽이 8분 이상 유지되는 것이 문제될 수 있는가 하는 것입니다. 일반적으로 단순 동꼽은 1분 이상 유지되지 않습니다.",,,,,0,False
2026-08-14,0,0,아이템,쿨뚝 샀는데 괜찮게 산걸까요?,관세 별도 75억주고 일단 샀는데 괜찮게 산건지 모르겠습니다 ㅜ,,,,,0,False
2026-08-14,0,0,몬스터,"하드메이린 환산 오르는거 평딜,준극이랑 오리진이랑 비슷하면",최소컷 깨려고할때 둘중 어떤거 올리는게 이득인가요?,,,,,0,False
2026-08-14,0,0,아이템,이번 마라벨 풀셋 가격?,피스 부위별 선택가능하고 마라벨 확률 올라간다했는데 그럼 풀셋 가격 어느정도 일까요? 저번마라벨은 풀셋얼마였나요?,,,,,0,False
2026-08-14,0,0,아이템,플라즈마 하트 스페어 질문,"이번 챌섭부터 챌린저스 티어 보상으로 플라즈마 하트를 주는데, 그럼 이지 카링 잡았을때 주는 플라즈마 하트 강화권이 남는단 말이죠? 그럼 이걸 이벤트 출석보상으로 주는 페어리하트에 발라서 스페어로 사용가능할까요? 이번에 전례없던 일이라 가능한지 모르겠네요 혹시 해보신분들있나요?",,,,,0,False
2026-08-14,0,0,아이템,해방 질문있습니다,같은 헥환이라도 해방하고 안하고 딜 차이가 있나요?,,,,,0,False
2026-08-14,0,0,아이템,코디정보좀...,옷이 뭔가요 이거,,,,,0,False
2026-08-14,0,0,직업,템환 6.4 헥환 5.3 캐릭 버리려고하는데요,이거 다 벗겨가지고 다른캐릭템이나 맞추고 직변하려고하는데요 이거 유챔은해주고 버리는게낫지싶은데 유챔칼로스 88.24% 유챔세렌 154%나오는데 좀 더 투자해서 칼로스까지깨고 버리는게 효율이 좋은가요 아니면 그냥 세렌에서 멈추는게 효율가성비가 좋은가요?,,,,,0,False
2026-08-14,0,0,기타,메린이 유니온 질문있습니다,"요번 챌섭으로 시작한 메린이 입니다! 슬슬 유니온작을 해야한다던데.. 제가 주캐릭은 렌이고 테라버닝으로 메르세데스, 은월, 레테를 200레벨 까지 찍어놓은 상황입니다 근데 여러 글들을 찾아보니 메르세데스에 250비약을 먹이라고 하더라구요... 이미 테라버닝으로 200레벨을 찍어놨는데 그냥 250비약 먹여도 될까요..?",,,,,0,False
2026-08-14,0,0,아이템,템환 10만으로 가고싶습니다..,환산사이트에서는 순서를 잘 모르겠어서. 메벤형님들꼐 질문드립니다.. 이벤트때마다 22 눌러보는게 나을까요? 아니면 새로 장비를 맞추면서 업그레이드 식으로 사야될지 해서요 첨에 목표는 8만이였어서 이렇게 셋팅하긴했는데 하면할수록 목표가 생겨서 꼬인듯합니다 ㅜ,,,,,0,False
2026-08-14,0,0,기타,챌썹뉴비 지금 시기에 패스 다 지를까요?,형님들 챌썹에 지금 이 시기에 캐릭생성 할라는데 제네 패스든 뭐든 다 질러도 괜찮겠습니까?,,,,,0,False
2026-08-14,0,0,기타,모멘텀 패스 플러스 누구 줄까요?,"본캐 284 아델, 부캐(챌섭) 280 레테입니다! 이번에 새로 나올 모멘텀플러스를 누구 주는 게 좋을까요? 제네패스+플러스를 본캐에 줘서 챌섭은 노해방입니다ㅠㅠ 혹시 챌섭을 주게 된다면, 지금 다이아까지 찍었는데 렙업하고 마스터 노려볼만할까요?",,,,,0,False
2026-08-14,0,0,기타,유니온 크뎀40개찍으려면 유니온 몇렙되야하나요???,복귀유저라 ㅠㅠ 5800인데 크뎀 30개까지밖에 못찍어서 궁금해요 ㅠㅠ,,,,,0,False
2026-08-14,0,0,아이템,챌린저 찍어보고 싶은데 여기서 뭘 더 해야 할까요?,[이미지] 더 뭘 해야 할지 몰라서 질문 드립니다. 285 찍으면 엄청 좋다고 하는데 그건 불가능 할 것 같습니다.,,,,,0,False
2026-08-14,0,0,기타,환산 질문,환산주스텟에 보스 배율에 관해서 궁금한게 있는데요 혹시 보스배율 풀도핑 기준인가요?,,,,,0,False
2026-08-14,0,0,아이템,챌섭 메린이 질문이용,오늘 보스 돌다가 거공 먹어서 총 48억 정도 있는데 어떻게 쓰는게 제일 나을까요? 이제 검마랑 세렌 정도 잡았어요,,,,,0,False
2026-08-14,0,0,기타,mvp작,"형님들 이번에 유입된 메린인데 바로 레드 달아보려는데, 부티크 50셋 사서 팔고 물통 치는게 효율 좋나요??",,,,,0,False
2026-08-13,0,0,아이템,이게 주흔15퍼작보다 좋은건가요?,이거 주흔15퍼작을 새로 해야될까요?? 아니면 그대로 쓰는게 나을까요??,,,,,0,False
2026-08-13,0,0,직업,본캐 추천 부탁드리겠습니다....,"안녕하세여 챌섭 시즌2 유입으로 소소하게 메이플하고 있는 유저입니다... 아직 이적자는 못깼구여 ㅎㅎ 다름이 아니라 원래 렌 본캐로 즐기다가 이번에 레테를 본캐랑 비슷한 스펙으로까지 맞추면서 본캐를 뭐로 해야할지 고민이 좀 되네요. 둘다 애정이 가서 선택을 못하겠습니다. 주관적인 생각 말씀해주셔도 좋고 직업 티어로 말씀해주셔도 좋으니 많은 의견 부탁드리겠습니다!! Q 제목: 직업 추천! (종료) 최대 1개 선택 가능 참가자: 23 명 26.08.14 20:05:59 마감 득표순 답변순 레테 (82.6%, 19표) [이미지] 렌 (17.4%, 4표) [이미지] 투표가 종료되었습니다.",,,,,0,False
2026-08-13,0,0,아이템,경험치 도핑 질문드립니다,"추경(50%or70%), 3배or4배쿠폰, 익스골드, vip(경험치), 고농축or소경축비 이거 외에 또 먹어야되는 경험치 도핑있나요?",,,,,0,False
2026-08-13,0,0,기타,형들 지금 링크캐 키울방법 없음?,저번에 렌 챌섭때 궁성비 안쓰고 접어서 렌만있고 텅텅비어있는데 링크캐 키우려니까 메가버닝이나 테라버닝도 안보이고 30부터 키울만한 이벤 없음?,,,,,0,False
2026-08-13,0,0,기타,메카베리 본캐vs부캐,본캐 297 (300목표) vs 부캐 286 (290목표) Q 제목: 메카베리 누구 줄까요 (D-1) 최대 1개 선택 가능 참가자: 16 명 26.08.16 19:00:00 마감 300을 위한 297 본캐 290을 위한 286 부캐,,,,,0,False
2026-08-13,0,0,기타,어빌리티 질문,직업은 아델입니다 승상님들 이거 그냥 킵하고 계속 써야하나여 아니면 서큘 20개 남겼는데 더 돌려야할까여,,,,,0,False
2026-08-13,0,0,기타,"헥사스킬올리기, 야누스30조각 모으기",헥환 41000정도 되는 레테입니다. 조각은 700개정도 있습니다 사냥은 퇴근하고 많으면 2시간 주말엔 4 시간정도 합니다 까불지 말고 헥사스킬이나 올릴까요??,,,,,0,False
2026-08-13,0,0,아이템,100억 정도 있는디,하메 106% 정도 나옵니다 [이미지] 어떻게 스펙업 하는게 제일 효율이 좋을까요... 리4컨3 일단 쓰는중입니다,,,,,0,False
2026-08-13,0,0,기타,펫 아무거나 사도 되나요?,펫 관련 영상도 보고 있는데 일반 펫이랑 자석펫이랑 많이 다른가요?? 일반 펫은 먹는 범위가 작아서 자석펫이라 불리지 않는건가요?? 디진라벨? 그것만 사도 메생에는 문제 없는지...,,,,,0,False
2026-08-13,0,0,기타,챌섭리프,챌섭에서 키우고 있는 복귀메린이인데..이번에 리프하면 서버 어디로 갈지 고민입니다. 전에 키웠던 곳은 베라이고 자석펫 한마리랑 유니온 8천정도는 되는데..관세를 생각하면 스카니아로 가야될거 같이서요.. 메짱님들은 어케하시나여?? 베라섭으로 갈지 아님 스카니아로 갈지,,,,,0,False
2026-08-13,0,0,몬스터,보마 카링1페 질문 있습니다,"안녕하세요 보마 카링 초행입니다. 환산은 150% 정도 나옵니다. 현재 1페 연습하고 있는데, 질문이 있습니다. 1. 흉수 1극딜이 안나오는 경우 순서는 어떻게 잡는게 좋나요? 2. 흉수 본체 패턴의 경우, 선딜이 짧아 더블점프로는 피하기 힘들던데, 돌진기를 써야되나요? 보스랑 딱 붙어 있으면 패턴을 안맞을 수는 있는데, 거리가 벌어지거나 하는 경우에는 어떻게 피하는지 궁금합니다. 3. 혼돈의 경우 보마는 패턴 거리 밖에서 치는게 나은가요 아니면 딱 붙어서 치는게 나은가요?",,,,,0,False
2026-08-13,0,0,아이템,궁금해서 그런데 왕예인 따려면 얼마써야됨??,진짜 순수 궁금 그래도 여기 상위 50%안에는 들거같은데 ㅋㅋㅋ,,,,,0,False
2026-08-13,0,0,기타,메 m 이거 차이가 뭔가요,하나는 펫 효과 적용되고 하나는 안되네요,,,,,0,False
2026-08-13,0,0,기타,챌섭 리프 질문,제가 오로라가 고향이고 유니온이 8500정도 되는데 이번 챌섭에서 키운 캐릭을 어디로 보낼지 고민입니다. 오로라를 유기하고 도시섭으로 보내서 새로 키우는게 나을까요 아니면 그냥 계속 오로라로 키우는게 나을까요? 챌등급은 현재 다이아고 곧 마스터 찍을것 같습니다.,,,,,0,False
2026-08-12,0,0,기타,제네 검마,제네 검마만 잡으면 바로 다음날 해방이 가능한데 어디서 다른 한분을 찾아야할까요.. 서버가 챌섭이 아니고 엘리 라서 더더욱 못찾는거 같아서요..,,,,,0,False
2026-08-12,0,0,기타,아 하드 메이린.. 개어렵다,배율 100펀데 안 잡힌다 미치겠다 원래 레테 입장극딜 약하게 들어가는건가? 나 4.2퍼 들어감 이거 맞음?,,,,,0,False
2026-08-12,0,0,기타,챌섭 챌린저 질문,"잡은 보스는 사진에 나오는 저 상태고, 현재 281렙 4.55만점, 전투력 딱 5000만입니다! 챌섭 끝나기 전에 챌린저 가능할까요?",,,,,0,False
2026-08-12,0,0,기타,어제 시작한 뉴비 제네패스,지금 262랩에 경험치패스는 구매했는데 제네패스사면 해방 가능할까요? 아이템버닝도 도전문장 부족할거같아서 패스사용 조금 해야할것같아요 계산기 보는데 성장속도에 따른 보스깨지는 시기를 몰라서 해방될지 안될지를 모르겠어요,,,,,0,False
2026-08-12,0,0,퀘스트,10000마리 사냥 보약 마릿수가 다음 주로 이월 되나요?,이번 주 여행 가서 10000마리 사냥을 못할 것 같은데 이거 다음 주로 이월 되나요? 그니까 다음 주에 20000마리 잡으면 마약 50포인트를 받을 수 있는 건가요?,,,,,0,False
2026-08-12,0,0,기타,커믹 질문입니다!,커믹을 적용할때.. 커믹 적용된 헤어를 낀 다음에 > 바꿀 헤어의 헤어쿠폰을 적용하면 커믹 적용되는걸로 알고 있는데 헤어쿠폰 상태가 아니라 이미 헤어로 껴버린거라면.. 보유중인 다른 커믹을 바를 순 없는게 맞나요? 커믹하나값이 너무 비싸서.. [이미지],,,,,0,False
2026-08-12,0,0,기타,풀드메 마췃는데 궁금한게있어요,풀드메 장만했는데 5줄 10줄인데 메획이 124 드랍이 224 24퍼식 왜 더오르는거죠?,,,,,0,False
2026-08-12,0,0,아이템,하드 메이린 잡았는데,이번에 메이플을 제대로 시작해보려고 하는데 이 다음 스펙업은 어떻게 하는게 좋을까여? 일주일에 메제 대 채워서 일주일에 100억정도 벌구 다음 목표를 뭐로 해야할지 모르겠어서 다음 목표도 한번 잡아주실수있나여? 감가는 신경 쓰기는 해도 효율을 더 중요하게 생각해서 어떤거든 상관없어여 [이미지],,,,,0,False
2026-08-12,0,0,아이템,하드 메이린 깨고나서 스펙업 질문,현 상태인데 뭐부터 해야할지 모르겠네요 일단 샤타포스 오면 끼고있던것들 19성(하트제외) 달아줄거같긴한데 바꾸면 뭐부터 바꿔야할까요?,,,,,0,False
2026-08-12,0,0,직업,2분 설치기 직업,접기전에 5석펫 있었는데 루시드스킬이 나왔다고해서 기웃거리는 중입니다 기존에 사냥할때는 제자리에서 스킬 하나만 누르면 어느순간에 스킬이 안나갔었는데 혹시 지금은 평타스킬 안쓰고 2분짜리 설치기만 깔면 자동사냥 되는 직업이 있나요? 인벤에서 찾아보니까 패치해서 막혔다는 내용도 있어보입니다 ㅜㅠ,,,,,0,False
2026-08-12,0,0,직업,메린이 본캐 고민,이번에 처음 시작한 메린이인데 챌섭에서 처음 키운 캐릭이 별로 맘에 안들어서 교체하고 싶은데 겨울까지 기다려야할까요 아니면 본섭에서 250비약 먹이고 이리저리 후딱 키워야할까요? 어느정도 투자는 생각하고 있습니다 챌린저는 달성한 상태입니다,,,,,0,False
2026-08-12,0,0,아이템,선생님들 이거 어떤 거 선택하면 좋을까요?,뉴비인데.. 물어볼 데가 없어서 하염없이 창만 띄워 놓고 여기까지 왔어요..,,,,,0,False
2026-08-12,0,0,아이템,메린이 하드메이린 잡으려면 어떻게 세팅해야 할까요…,[이미지] [이미지] [이미지] 6월에 처음 시작해서 지금까지 매일 몬스터파크 기타 등등 하면서 총 150을 썼는데… 아직 하드 메이린 잡기가 어렵습니다…(약 75퍼) 총 이제 50정도만 더 써서 하고 싶은데… 발컨이라 120퍼 정도로 맞출 수 있을까요…?,,,,,0,False
2026-08-12,0,0,아이템,아이탬 이름이 궁금합니다,마을에서 저런 말풍선 띄우신분들이 좀 잇던데 지금 구할 수있는걸까요?? 아이템 이름이 궁금합니다,,,,,0,False
2026-08-12,0,0,기타,MVP작 할 때 질문,"부티크 티켓 33,000원 10개 묶음을 9개 구매 → 297,000원 17억메소에 9개 판매 → 153억 메소 내 메소 47억메소 보태서 라운지 메소 구매 업자에게 억당 1500원에 200억 판매 → 300,000원 회수 이렇게 해도 되나요?",,,,,0,False
2026-08-12,0,0,아이템,메린이 엠블럼,이정도면 오래 써도 될까요?,,,,,0,False
2026-08-12,0,0,기타,어빌 카오스 서큘레이터 질문이요,1퍼가 부족한데 카오스 서큘레이터 40개 쓸까요??,,,,,0,False
2026-08-12,0,0,기타,메이플 그래픽설정 의견주시면 감사하겠습니다.,"지싱크 모니터 쓰시는분이나 안쓰시는분 전부 의견주시면 감사하겠습니다. 삼성 오디세이모니터 fhd 240hz (지싱크지원) 쓰고있고 컴터사양은 i7 12700k / 3060 ti / 램32기가 입니다. 다른게임은 지싱크쓰고있지만 메이플은 지싱크안쓰는게 낫다?라는것같아서 엔비디아제어판에서 메이플만 지싱크끄기, 수직동기화 응용프로그램제어, 저지연모드 끄기 이렇게 해놓고 인겜설정은 수직동기화,스마트ai보정 끄기로 해놨는데 혹시 지싱크모니터 쓰시는분들은 메이플에 지싱크 적용하시는지. 하신다면 엔비디아 제어판이랑 인게임설정 어떻게하셨는지. 지싱크모니터 안쓰시는분들은 또 어떻게 설정하셨는지 궁금합니다. 잔렉?이라해야하나 메이플이 부드럽지않은것같아서 최적의 설정값을 찾는중이라 고견 여쭙니다.",,,,,0,False
2026-08-12,0,0,아이템,제네 추옵 질문입니다.,입력하는 방법을 몰라서 ㅜㅜ 질문드립니다 뭐가 더 좋을까요?,,,,,0,False
2026-08-11,0,0,아이템,컨티4렙이 점점 비싸지던데 챌 끝나면 싸지나요?,지금 하나 장만할까햇는데 36억에서 41억까지 올라버렷네요 지인분이 챌끝나면 싸질거라 참으라곤하는데 맞나해서 여쭤봅니다,,,,,0,False
2026-08-11,0,0,기타,유니온 제대로 적용되고 있는건가요,[이미지] [이미지] 48캐릭 200성비로 올려놨는데 왜 37밖에 적용 안되었다고 나오죠? 유니온은 42캐릭 높은캐릭순 아닌가요?,,,,,0,False
2026-08-11,0,0,퀘스트,선생님들 카웅 선행퀘 질문있습니다!,이번 챌섭에서 일주일 정도 된 메린이 입니다. 일일보스에 카웅이 있어서 잡기 위해 선행퀘(지구방위본부) 7개 진행했는데 보스 트라이가 잠겨있습니다. 왜 이런지 아시는 분 계신가요?? [이미지],,,,,0,False
2026-08-11,0,0,직업,루미너스 윈브 중에 본캐 추천 부탁드립니다!,둘 중이 본캐 마지막으로 각잡고 키우려는데 어떤 걸 더 추천하시나요?? 체급은 어느정도인지 궁금하고 일단 목표는 익스우입니다만 후에 더 올라갈수도 있어요! 추천부탁드립니다! Q 제목: 본캐 최대 1개 선택 가능 참가자: 9 명 루미 윈브,,,,,0,False
2026-08-11,0,0,몬스터,렌 하세 환산 118.7% 로 1초 남기고 잡게될 것 같은데...,렌 하세 환산 118.7% 로 1초 남기고 잡게될 것 같은데... 이러면 하드 메이린도 118.7% 정도로 해야만 잡을 수 있을 까요? 몬스터의 패턴과 맵 패턴이 하세보단... 암흑없는 메이린이 더 낮아도 될거 같은데....,,,,,0,False
2026-08-11,0,0,기타,하이퍼버닝 캐릭 삭제 고민,"메이플 챌린저스 서버에 하이퍼버닝 캐릭 만들었는데 직업이 마음에 안들어서 삭제하고 다시 만들까 고민 중이에요 레벨은 260이고 레벨업 보상은 250까지 받았어요 아이템버닝, 비욘드, 패스 결제는 안했어요 이 정도면 삭제하고 다시 만들어도 될까요? 메린이라 어느정도 손해인지 감이 안잡히네요",,,,,0,False
2026-08-11,0,0,기타,도시섭이랑 시골섭 차이 심함?,맨 처음에 루나에 키웠는데 친구들이 스카니아에서 같이 하자고해서 스카니아에서 게임했는데 이새기들이 다 접었고 루나에 있는 코디템도 아깝고해서.. 시골로 리프고민중인데 차이가 심한가요??,,,,,0,False
2026-08-11,0,0,기타,첼섭 본섭 차이,첼섭 버프 차이가 심할까요? 유뇬9600인가 그렇습니다,,,,,0,False
2026-08-11,0,0,아이템,리레4렙,44억이던데 지금이 저점일까요? 사려고 돈 모으고 있는데 최대한 빨리사는 게 이득인가요?,,,,,0,False
2026-08-11,0,0,기타,메이플 쌩뉴비 질문드려요...,3일전에 시작했는데요! 어찌저찌 받을거 다 받고 ㄹ 필수라는 패스들은 산 상태에요 레벨은 267입니다 보스는 노말 카이 전까지 다 잡앗어요 1. 레벨은 사냥으로 280까지 계속 올리면 되는건가요? 몬스터 파크랑 일일퀘스트도 매일 하고 있습니다! 2. 챌린저스 월드 보상 받으려고 보스 잡다가 5번 정도를 연습모드 안하고 벨룸까지 보상을 받아버렷는데 이렇게 하면 안된다고 하더라구요..?ㅠ 제네시스 패스를 삿는데 보스를 그럼 뭐 잡아야하는지 궁금합니다... 유튜브 영상을 봐도 뭐가 뭔지 잘 이해가 안되가지고 답답하실 수 있지만 답변해주시면 감사하겠습니다ㅠㅠ,,,,,0,False
2026-08-11,0,0,기타,챌섭 떠날까요?,"요번에 템 다 처분하고 남은게 4석펫 검밑솔 투력인데 본섭까면 그래도 5석펫, 20 야누스인데 그냥 가성비 드메세팅하고 조각만 캐는게 효율적이지 않나 고민드네요",,,,,0,False
2026-08-11,0,0,몬스터,앞으로 뭘 건드리는게 좋을까요 ?,하드세렌까진 잡았구 285전에 하메까지 잡고싶은데.. 뭘 더 올리는게 가장 나을까요 ? 모멘텀패스까진 사놔서 그냥 285 기다려야할까요 ㅠ [이미지] [이미지],,,,,0,False
2026-08-11,0,0,시세,뉴비 진짜 이해안가는데 챌섭매물이요,어비스헤어는 작년? 마라벨로 알고 있는데 챌섭은 이번에 열린거자나요 챌섭 캐릭으로 검색한건데 시세탭에 같은 월드매물이 어떻게 있는건가요?? 지금 챌섭에도 교환가능 어비스 쿠폰 가지고 있는 분이 있을까요 ?? 계속 시세탭보면 같은월드 매물로 몇개씩 풀리던데 이해가 안가요 ㅠ,,,,,0,False
2026-08-11,0,0,아이템,레테 하드 메이린 까지 가야되는데 템상담 좀 해주세요,[이미지] 281렙 레테 입니다. 빨리 억 찍고 하드 메이린 잡아야 되는데 뭘 바꿔야할지 모르겠습니다,,,,,0,False
2026-08-11,0,0,기타,복귀 뉴비 진짜 망했어요,오랫만에 메이플 하고 싶어서 원래 키운던섭에서 키웠는데 아이템버닝이라는걸 이제 알아서 260까지 키우고 몹들이 원킬이 안나요 회생방안좀 알려주세요 간절함...,,,,,0,False
2026-08-10,0,0,기타,메이플 지금 복귀 괜찮음?,버닝 9월16일까지인것같긴한데 괜찮나요? 뭐 챌린저스월드니 뭐니 많이 생겼던데 혹시 스펙이나 챌린저스월드 티어 어디를 목표로 보고 해야 현실적일까요? 현질은 일단 좀 키워보고 해볼 생각입니다,,,,,0,False
2026-08-10,0,0,기타,3일차 뭐해야할지 모르겠어요 메쌤들 좀 도와주세요,3일전에 시작한 완전 쌩 뉴비입니다 버닝받고 버닝비욘드까지 해서 262렙까지 올렸습니다 다른데 찾아보니 아이템버닝 보스들을 깨면서 아이템버닝 템들만 껴도 자연스럽게 스펙업 된다는데 노말스우는 깼는데 루시드에서 딜이 딸려서 아이템버닝 진행이 안됩니다 이거 깰려면 분명 스펙업을 해야할텐데 뭘 어떻게 스펙업을 해야할까요? 도와주세요 마쌤들ㅠㅠ [이미지] [이미지] [이미지] [이미지],,,,,0,False
2026-08-10,0,0,기타,자석펫 스카니아에 있으면 스카니아로 리프해야겠져?,원래 스카니아에 키웠고 이번에 복귀하면서 챌2에 키우고있습니다.. 근데 친구랑 같이 시작하면서 친구가 다른 서버에서 키우고 있어요 친구가 베라오면 템도 좀 싸게 준다고 하긴 했고 스카니아는 조각값도 싸다고 하더라구요 재획도 하루에 2시간 이상씩은 하는 편이라서요.. 스카니아는 유니온 6600입니다... 친구가 가고싶은 곳으로 가라는대 어떻게 해야할까요 선생님들은 어떻게 하실것 같나요??,,,,,0,False
2026-08-10,0,0,시세,데브펜24성 시세,데브펜24성 시세 어케되나요?,,,,,0,False
2026-08-10,0,0,직업,"헥사코어 강화할때 ""최종뎀 효율"" << 이게 뭔가요?",[이미지] 대충 그만큼 쎄지는걸로 알고있었는데 헥사스텟3 떡작이 기운이랑 조각 훨씬더 많이먹는데 왜 스킬코어 하나 강화하는거보다 낮나요?,,,,,0,False
2026-08-10,0,0,기타,캐릭 살려서 주보돌이로 쓰려는데,님들 같으면 어디까지올림? 직업은 12움임,,,,,0,False
2026-08-10,0,0,몬스터,검마 배율 181%인데 이거 잡히는거 맞나요..?,방학이벤트마다 철새마냥 복귀하는 뉴비아닌 뉴비입니다.... 이번챌섭에서 레테 키우는 뉴비인데 해방 1주일 앞당기려고 이번주부터 하루 1~2시간씩(주말은 3시간) 투자해가며 검마랑 싸움중인데 3페에서 계속 좌절하네요.... 130퍼 150퍼에 유튜브 & 공략봐가면서 깨셨다는 뉴비분들도 상당히 많던데 제 손이 문제인가봐요 ㅠㅠ 유튜브에서 레테 에겐빌드도 따라해봤는데 저는 왜 뺨따구 맞고 데카 갈리는게 반복되는지 모르겠습니다.... 혹시 대표적인 팁외에 나만의 비밀 팁같은게 있으시면 제발 부탁좀 드려요 ㅠㅠ,,,,,0,False
2026-08-10,0,0,아이템,제네시스 무기 추옵 궁금해요,"공마 1추는 네이버에 많이떠서 알겠는데 궁금한거 질문드립니다. 1.보공,데미지,스텟,올스텟 1추 2추 수치가 궁금해요 2.보뎀올 많이들어봐서 이게 종결옵션인건알겠는데 보+뎀+주스텟도 보뎀올로 치는건가요?? 그리고 보+뎀+올+주스텟 이렇게도뜰수있나요 3. 데스티니 무기로 각성하면 각 몇씩 오르는지 궁금합니다.",,,,,0,False
2026-08-10,0,0,퀘스트,메잘알 선배님들 질문,"안녕하세요 이번에 제네 패스 구매한 뉴비 친구 해방퀘 흔적 쌓는거 도와주려 하는데 궁금한게 있어서 질문 드립니다. 1. 기사(제네 해방 이미 완료)랑 흔적퀘 진행 중인 뉴비랑 같이 보스 클리어할 경우, 뉴비한테 정상적으로 (흔적 x 3) / 2 만큼 들어올까요? 아니면 기사도 해방퀘 및 제네패스 구매해야 인정될까요? 2. 만약 아니라면, 흔적이 아예 안들어오는건가요? 날씨도 더운데 다들 시원한 물욕템 많이 뜨시길 바랍니다!",,,,,0,False
2026-08-10,0,0,기타,챌섭 쌩뉴비 여러 가지 질문 드립니다 !,"안녕하세요. 최근에 챌섭으로 메이플 시작한 완전 뉴비입니다. 최대한 유튜브에 검색해서 공부하면서 하고 있는데 궁금한 점이 몇가지 있어서요. 1. 5차 스킬을 찍고 있는데 일단 직업 코어 4종은 다 찍었고, 강화 코어를 찍는 중인데 V 포인트가 너무 모자라요. 코어 젬스톤을 직접 파밍하려고 사냥을 뛰어도 젬스톤이 엄청 안 모이는데 옥션에서 구매하는게 답인가요 ? 2. 챌섭은 캐시샵에서 아무 것도 구매할 수 없나요 ? 캐시샵에서 뭘 사려니 챌섭 운영 기간 종료 시 월드에 남아 있는 캐시템들이 전부 삭제된대서 겁나서 아무 것도 못 사는 중입니다 .. 3. 메소 수급은 보통 어떻게 하나요 ? ㅁㄴㅇ 에서 사면 되나요 ? 아니면 로아처럼 캐시를 게임 재화로 환전할 수 있는 기능이 있나요 ? 4. 어빌리티 맞추는 거는 일요일 (썬데이 메이플) 에만 시도해야 하나요 ?",,,,,0,False
2026-08-10,0,0,아이템,오늘 3-10을 깼는데요,이 두 훈장의 착용샷이 보고싶습니다...!!,,,,,0,False
2026-08-10,0,0,기타,메m 넥슨플러그로 하시는 분??,pc로 편하게 하려고 깔았는데 넥슨이랑 연동 안되있는 계정으로만 접속이 되네요.. 설정에 계정 바꾸는 것도 없고 혹시 다른 계정 로그인하는 법 아시는 분 계실까요?,,,,,0,False
2026-08-10,0,0,기타,하드 메이린 배율좀 봐주세요,285찍고 배율 100이라도 나오면 도전해볼려고하는데요 지금 2레벨 부족해서 배율이 안뜨는걸까요? 투력은 1억인데 285만 찍으면 배율이 나올려나요?,,,,,0,False
2026-08-10,0,0,기타,드랍셋,안녕하세요 이번 챌섭 유입으로 들어온 뉴비입니다. 지금 간략하게 드랍셋 맞춰서 하고 있는데 풀 드랍은 아획 몇줄에 메획 몇줄이어야 풀 드메셋이라고 할 수 있나요? 이런 정보는 어디서 찾아봐야하는지 몰라서 질문 게시판에 올립니다 ㅠㅠ,,,,,0,False
2026-08-10,0,0,아이템,문신템,메짱이형들 안녕하세요 보통 문신템 시세의 몇퍼정도 싸게올라오면 살만한가요 ?,,,,,0,False
2026-08-10,0,0,시세,데브펜 24성 시세 어떻게 될까요?,어느 정도에 팔아야 될지 감이 안 잡혀서 질문글 올립니다,,,,,0,False
2026-08-10,0,0,기타,메이플 방송,언제인가요?,,,,,0,False
2026-08-10,0,0,기타,메쌤들 현실적으로 챌 달성 가능한지 상태좀 봐줄수있나요,"[이미지] [이미지] [이미지] [이미지] 패스는 제네패스랑 플러스만 샀고 나머지 3개는 안샀고 지금 레벨은 281에 80퍼고 지금 좀 바빠서 하루 3,4소재정도만하고 보스는 이적자 연습하면 거기까진 매주 돌 수 있을거같네요 글고 스펙은 아직 통찰력 최종뎀 1퍼 덜받고있고 헥사스탯 3차는 아직 안뚫었고 5차 코강도 올스텟이나 공마올려주는 공용코어 레벨도 한 절반정도 덜 올렸고 자석펫빼고 프펫공작 아직 덜됐고 벨트도 아직 챌섭에서 준 골클벨 쓰고있고 곧 분자벨 넘어갈예정입니다 메소는 20억정도있는데 현실적으로 챌 가능할지 궁금합니다 닉넴은 일단렌부터에요",,,,,0,False
2026-08-10,0,0,기타,실수로 어빌리티 잘못돌려버렸어요..,준종결이였는데 못잠구고 돌려버렸네요 처음부터 다시 복구하려고하는데 급하게 명성치 구매하고있습니다.. 혹시 다른 노가다 방법이나 빠른방법있을까요? 캐쉬샵에서 구매가능한가요?,,,,,0,False
2026-08-09,0,0,기타,오늘 썬데이 메이플 솔에르다 주는거 278레벨 25개 받는거 맞지?,이거 3시간 보너스로 받는거 25개 주는거 맞지? 나 왜 한개받음???? 레벨 278이고 3시간 다 채워서 받았고 이거 받기전에 3개 있었는데 받고나니 4개더라 25개짜리 교환권 하나 주는건줄 알았는데 까보니까 1개주길래 혹시 1개 교환권을 25개주나 해서 이것저것 눌러보는데 주는거 없고 더 받는 방법도 안나와 1개 교환권 1개 받았는데 내가 잘못 아는거야 아니면 이상한게 맞는거야 문의해야하나?,,,,,0,False
2026-08-09,0,0,기타,메이플 키패드 + 키보드 정지임?,키패드는 단순 방향키 용으로 사용할건데 그냐 키보드로 사냥 30분만해도 어깨가 말려서 너무아픔;;,,,,,0,False
2026-08-09,0,0,직업,렌 검마 배율대로 안쳐지는데 문제있는건가요?,렌 투력6900따린데 검마 배율이 200퍼가 나오는데 20분 꽉채워서 잡았습니다. 딜은 안끊기고 계속 쳤는데 문제가 뭘까요;;,,,,,0,False
2026-08-09,0,0,기타,챌린저스 포인트 잃어버린 5000점 질문.,284렙에 8.2만점인데 [이미지] 메애기의 이 9.3만점은 어떻게 달성 가능한거죠? 1업해서 2000점 + 하드 메이린 잡아서 4000점 해도 88000점 밖에 안되는데 93000점까지 부족한 5000점은 어디서...?,,,,,0,False
2026-08-09,0,0,기타,284 사냥터 질문,챌섭에서 아르테리아 최하층 통로 5 에서 사냥하고 있었던 메린인데요 284를 찍어서 사냥터를 바꿀까 싶은데 다른 사냥터 효율 더 좋은곳이 있나요?,,,,,0,False
2026-08-09,0,0,기타,챌섭 리프할때 보상 어떻게 하나요?,안녕하세요~ 멍청한 질문인데 좀 확실하게 하고 싶어서 선배님들한테 문의드립니다. 챌 섭에서 본케 키우고 있는데 챌린저 보상 야누스 20레벨 리프 할 때 챌 섭에서 받고 리프 하나요? 아니면 리프하고 보상을 받아야 되나요? 리프는 마지막 날 하려고 합니다. 아니면 본섭에 있는 캐릭터로 미리 받아놓고 창고에 두면 될까요?,,,,,0,False
2026-08-09,0,0,기타,안녕하세요 메린이인데 질문있습니다.,이번에 챌섭에서 인생 첫 메이플을 하고 있는 메린이입니다. 다름이 아니라 이제 일주일차인데 메소버는 방법이 궁금해서 글 남깁니다 ㅠ 찾아보니 채집으로 돈을 벌 수 있다고 해서 진행하고 있습니다! 그런데 드메셋을 먼저 맞추고 본셋을 맞춰야 될 것 같은 기분이 드는데 가격이 비싸서... 혹시 다른 방법 더 없을까요..? 사냥은 하루에 1억씩 모으고 있습니다. 그런데 세금낼꺼 내고 하다보니 돈이 모이지가 않네요 ㅠㅠ,,,,,0,False
2026-08-09,0,0,기타,듀블 하메 잡으신분?,116퍼로 쳤을때 15퍼 남는데 뭐가 문제일까요? 기믹 두번 실수했습니다.,,,,,0,False
2026-08-09,0,0,아이템,첼린저섭 첼린저 찍고싶습니다 스팩업 질문드립니다,"이제 막 메이플 시작한 메린인데 첼린저스 섭 첼린저 찍고 야누스 받고싶습니다,, 스펙업을 어떻게 해야 하드메이린 잡고 첼린저 찍을 수있을까요 ? 훈수 환영입니다!",,,,,0,False
2026-08-09,0,0,기타,월드 리프 관련 질문 드립니다,챌섭 본캐 제외한 부캐들은 지금 리프해도 상관없나요 ?,,,,,0,False
2026-08-09,0,0,기타,284->285되면 하메 배율 얼마정도 오르나요,284->285되면 하메 배율 얼마정도 오르는지 궁금합니다!!,,,,,0,False
2026-08-09,0,0,기타,늅이인데요 지금 챌린저스 시작해도 해방할수있나요..?,한달남은거같은데... 그냥 찍먹만할까요??,,,,,0,False
2026-08-09,0,0,기타,메이플 미리보기 나만 이상함??,아니 미리보기 들어가서 사일런트 나이트 같은 경우에 공중에 떠있는건 보이는데 걷기 모션해도 왜 뒤에 발자국이랑 검은깃털은 안보임?? 옛날 미리보기는 방향키로 움직여서 다볼수있었는데 왜이럼? 카오스 크레센트 이런거 효과 아예 안나옴,,,,,0,False
2026-08-09,0,0,기타,카르시온 유적지 질문있습니다,유적지2가 40마리라서 289기준 가장 경험치를 많이 얻는데 유적지1이 36지만 버닝10단계라면 유적지1이 경험치 더먹지 않나요?,,,,,0,False
2026-08-09,0,0,기타,안녕하세요 이번에 처음 시작한 뉴비인데 리프할 서버 추천해주시면 감사합니다!,안녕하세요 이번에 처음 시작한 뉴비인데 리프할 서버 추천해주시면 감사합니다! 사냥은 하루에 30분~1시간 할 예정입니다! 서버 어디가 좋을까요??,,,,,0,False
2026-08-08,0,0,시세,엠작 질문,"여기 사이트에서 진행중인데요 메이플스토리 MVP작 계산기 | MVP 등급 비용·캐시템 회수율 계산 | 계산기 & 툴 M30%가 마일리지 30% 말하는거 같은데, 이게 무슨 의미인지좀 설명부탁드립니다. 예를 들어 플가 파는데 마일리지 30% 로 부담이 가능한건가요?? 무슨 말인지 ㅠㅠ 그리고 보통 레드작 하면 30만원 정도 깨지는게 정배인가요?",,,,,0,False
2026-08-08,0,0,아이템,성형헤어장비 정보 찾고싶은데 아는분 있을까요,샤레니안 기사에 나오는 NPC들인데 착장을 찾고싶어서... 아니면 찾을수있는 사이트 알려주시면 감사하겠습니다!,,,,,0,False
2026-08-08,0,0,기타,타명의 계정 재화 옮기면 정지 당하나요,어릴때 사용하던 부모님 계정인데 200억 메소가량 지금 쓰는 제 명의 계정에 옮길려고 하는데 레드 어카운트인가 그거 당하고 정지 당할려나요,,,,,0,False
2026-08-08,0,0,아이템,리턴스크롤 질문,방송에 6 6 작 하는더 보면 리턴스크롤 계속 쓰던데 옵션 떠서 선택할때만 리턴쓰는건가요? 아니면 옵션 뜨든 안뜨든 놀긍 지를때마다 리턴 쓰는건가요? 그리고 놀긍은 60퍼 해도 대나여?,,,,,0,False
2026-08-08,0,0,기타,형들 지금 282에 81퍼인데 노사냥으로 285가능한가요?,아티팩트는 싹다 5렙인데 경험치계산기만질줄을모르겟어서 ㅠ 노사냥으로 285가능한가요? 아니면 모멘텀사야되나요?,,,,,0,False
2026-08-08,0,0,아이템,챌섭에 있다가 본섭가면 도전자 사라지나요?,ㅈㄱㄴ... 친구랑 보스 잡고 싶어요,,,,,0,False
2026-08-08,0,0,기타,VIP 부스터 효율 어떤게 좋을까요 ?,소멸의 여로에서 VIP 부스터를 사용하려고 합니다. 숨겨진 여로 버닝 0%에서 VIP 부스터 쓰는게 좋을까요? 아니면 버닝 10단계 +-1 레벨 일반 맵에서 VIP 부스터를 쓰는게 효율이 좋을까요?,,,,,0,False
2026-08-08,0,0,기타,메이플 초고사양겜이네,AMD Ryzen 5 5600 RTX 4070 RAM 32G 윈도우 11 아니 사냥하다 엘보뜨면 렉걸리는게 말이됨???? 어캐해야 렉안걸리죠??,,,,,0,False
2026-08-08,0,0,기타,노적자 노칼 목표 스펙업 방향부탁드립니당..,[이미지] 현재 마약칭호끼고 이정도인뎅 노적자 95% 노칼 115% 나오네요.. 딱코 말고 적당히 덜 힘들게 매주 컷하고싶은데 (2~3분은 남게끔?) 스펙업 진로를 어떻게 잡아야할까요.. 도움부탁드립니다!!,,,,,0,False
2026-08-08,0,0,기타,메린이 보스 보상 질문있습니다,주간이나 월간보스를 2인이서 가게 되면 파티 설정을 분배로 해놨을 때 고가 보상들은 어떻게 되는건가요?,,,,,0,False
2026-08-08,0,0,아이템,갓 2억단 뉴비 다음 스펙업 추천 부탁드립니다.,"여기서 현재 150억 있고 다음 샤타때 올 18달 예정입니다. 주간 수입 40억 정도됩니다. 이후 스펙업 방향이 궁금합니다. 1차목표는 위 스펙업하고 흉성 익세 2인이며, 이후 목표는 흉성 익세 1인이 목표입니다.",,,,,0,False
2026-08-08,0,0,아이템,익스우 솔플가려면 얼마나 더 써야될까요?,이번에 재밌어서 좀더 올려보고싶은데 단기적으로 익스우 솔플? 22아케인 천천히 올릴까요? 조각은 몇개나 박을까요,,,,,0,False
2026-08-08,0,0,기타,모멘텀 패스 가치 있나요?,현재 286 40%고 챌섭 끝날때까지 최대한 하면 88후반 89쯤 찍을 거 같은데 모멘텀 패스 사면 290찍으려나요? 5만원 정도 하던 걸로 기억하는데 그만한 가치가 있는지 궁금합니다,,,,,0,False
2026-08-08,0,0,기타,꼭 챌린저스나 하이퍼버닝으로 키워야 하나요 ?,"안녕하세요. 메이플 진득하게 한 번 해보고 싶은 뉴비입니다. 제목 그대로 챌린저스 서버는 뭔지도 잘 모르겠고, 하이퍼 버닝은 늦은 감이 없지 않나 싶어서요. 예전에 만들어놓은 25레벨 렌 있는데 그냥 이걸로 시작해도 될까요 ? 닉네임도 마음에 들어서 .. 그리고 시작하면 필수로 현질 해야하는 캐시템이나 패스 같은거 있을까요 ?",,,,,0,False
2026-08-08,0,0,아이템,형님들 지금,패스 살만해요 ? 제네시스 패스권 사서 할만한가요 ??,,,,,0,False
2026-08-08,0,0,기타,찐뉴비좀 도와줘!!(렙이 안올라!!),방금 캐릭터 생성한 뉴비인데 겔만 모자안에서 하이퍼 블링크 쭉 진행하다가 사냥2에서 100렙을 찍으라는데 소환된 몬스터 죽어라 잡아도 80에서 렙이 안올라가 ㅠㅠ,,,,,0,False
2026-08-08,0,0,기타,메이플 보호모드 본인인증,메이플 보호모드 하필이면 토요일에 걸려버렸는데 이거 주민등록초본 보내면 다음주 평일에 풀리나요??,,,,,0,False
2026-08-08,0,0,아이템,형들 지금해도,지금해도 늦지 않앗을까? 퇴사 엊그제 하고 뭐할까 하다가 일하면서 못한 메이플 해볼까 하는데 제네시스 패스랑 지금사도 문제 없을까 ?,,,,,0,False
2026-08-08,0,0,기타,285 찍으면 어떤 링크부터 3레벨 찍어줘야 하나요??,이번 챌섭 유입입니다 메생첫 285 찍었는데 링크 뭐부터 3레벨 찍나요??,,,,,0,False
2026-08-08,0,0,기타,마스터라벨 세트 질문입니다,마스터 별의전령세트 5세트 구입후 장착을했는데 외형 세트효과가 나타지않습니다 왜이러는거죠?,,,,,0,False
2026-08-08,0,0,아이템,지난주에 챌섭 시작한 뉴비인데 제네시스 패스 사도 되나요?,"제가 7년정도 메이플을 안하다가 지난주에 다시 시작했는데요 이것저것 찾아보면서 해나가고 있긴 한데 이건 잘 모르겠어서요 제네시스 패스 지금 사도 기한 내에 다 완료할 수 있나요? 유튜브 보니까 제네패스가 좋다고 하시는 분들이 많은데 그게 다 6월기준이라.. 그리고 챌린저스 패스 보상은 이미 샀고, 훈련일지랑 보급일지요 메포 사서 못한만큼 따라붙어도 되나요? 아니면 그냥 아끼는게 낫나요 마지막으로 지난주에 시작했어도 챌린저까지 달성할 수 있는지 궁금합니다",,,,,0,False
2026-08-08,0,0,몬스터,님들 저 메린인데 윌 1페 이거 버근가요?,아니 윌 피통 밑에 시간이 다 되면 경고 뜨면서 눈을 찾아가야하잖아요 그래서 유튜브 공략보고 스페이스 ㅈㄴ 눌러서 눈 찾아서 있었더니만 실패했다면서 윌 피가 다시차요 눈을 때려야해요? 아님 그냥 가만히 있어요? 무슨 노란색 구슬을 본적이 없음 전 진짜 너무 화가 나요 빨리 알려주세요 고수님들 진짜,,,,,0,False
2026-08-07,0,0,기타,이메일 변환 명의이전 질문 잘아시는분만,"이메일 아이디 변환시 메이플 ID 3개 집어 갈 수 있는거 이용한 명의이전 질문입니다. 넥슨 아이디 : xxxxxxx 메이플 ID 1번 : xxxxxx@xxx.xxx 메이플 ID 2번 : xxxxxxxx 메이플 ID 3번 : xxxxxx 메이플 ID 4번 : xxxxxxx 이렇게 있을때 2,3,4번 집고 1번만 주인없게 만들어서 명의이전 가능한가요? 1번 메이플ID가 이메일 형식인거는 상관없는 건가요?",,,,,0,False
2026-08-07,0,0,기타,챌섭 리프질문,"285 환산 6.2 헥환 5.4 레테 옮길까합니다 본섭 유니온 8900, 아티는 32렙, 유챔은 이적자까지 가능한 렌 1개 있습니다. 본섭에 석펫 1개 있고 챌섭에 3개있어서 옮기면 석펫 1개 더 사서 5석으로 다닐 예정입니다. 챌섭패스는 살수있는거 다 샀고 보상도 필요한건 거의 다 산 느낌인데 옮겨도 괜찮을까요?",,,,,0,False
2026-08-07,0,0,기타,솔 에르다기운 관해서 궁금한게 있습니다.,요번 주말 에르다데이일때 25개를 꽉채운상태에서 개속 재획을해서 기운을먹으면 기운이 인벤에 들어오는건가요 아니면 사라지는건가요? 꽉채운상태에서 어떻게 되는지 궁금해서 질문드립니다,,,,,0,False
2026-08-07,0,0,아이템,스타포스,파괴 확률 2퍼센트라고 적혀있는데 했다 하면 터지는데 원래 이런건가요 ㅠㅠ,,,,,0,False
2026-08-07,0,0,시세,커포링 극추옵….?,커포링 인트 186급인데 추옵값 받을 수 있는건가요…?,,,,,0,False
2026-08-07,0,0,기타,사냥용 어빌리티 질문드립니다!,화질 안좋은점 죄송 ㅠㅠ 아이템 드롭 19퍼 메소 획득량 14퍼 이렇게 떴는데 2개 잠그고 돌리나요??,,,,,0,False
2026-08-07,0,0,기타,진짜 초보 메린이 질문있습니다,"일단 메이플 자체를 처음 해보고, 직업 렌 선택하고 그 하이퍼 뭐시기 모자들어갔다가 나오는걸로 200레벨은 되었습니다. 근데 그 이후로 뭘 해야할지 뭐부터 건드려야할지 너무 막막하네요...",,,,,0,False
2026-08-07,0,0,퀘스트,뉴비가 모험미션 질문드리겠습니다!,[이미지] [이미지] [이미지] 모험미션 중 보스전리품 2세트 효과 활성하기를 받았습니다 그런데 세트 아이템을 착용했는데도 퀘스트가 완료가 안되네요 ㅜ 어떻게 해야 될까요 (팁과노하우 게시판에 해당 글을 올린 걸 댓글로 알게 되어 즉시 삭제했습니다 죄송합니다ㅜ),,,,,0,False
2026-08-07,0,0,아이템,스펙 얼마대부터 다조 그만팔고 사먹어야하나요?,지금 환산 57500 헥환 48000에 조각 3000개정도 썻다 나와잇는데 뚱에르다 남아돌아서 그냥 부스터로 바꿔먹는중인데 손해같아서.. 어느스팩대부터 다조 안팔고 사먹어야할까요?,,,,,0,False
2026-08-07,0,0,몬스터,카링 3페 질문점요!,햄들 석상 피 >>>> 카링 피 1칸 맞죠? 석상마다 거의 2극 써야 석상 하나 죽이던데 석상 하나 죽이고 다른석상가서 또 극딜쓰고(카링은 극딜쓸때 쳐맞아서 자동으로 피까임) 아니면 석상 피를 다 균등하게 깎아야 좀 더 편한가요? 석상 잡는 순서같은거라도 있는지 조언좀 부탁드림다,,,,,0,False
2026-08-07,0,0,아이템,월드 간 캐시 이동이 있었나요?,혹시 지난 주년 이벤트 때 월드 간 캐시이동권이 있었나요?,,,,,0,False
2026-08-07,0,0,기타,궁금해서 그러는데 유챔나온게 왜 다들 별로라는거야?,본섭에 본캐만 사냥하는것도 재미 없고 유챔 없으면 챌섭 285 링크만 보고 키우기엔 좀 별로인거 같고 그나마 유챔 있어서 챌섭 키우는 맛도 있는거같은데 템값도 어느 정도 유지되는거 같고 챌섭 뉴비만 하는게 아니라 유챔 이라도 있어서 다들 하는거 같은데 순수 궁금해서,,,,,0,False
2026-08-07,0,0,아이템,메린이)첫 285완료 mvp작 및 템 방향성 질문드려요,이제 285찍고 이지카링까지 잡아보았습니다.. 한달에 100억정도 투자할려고하는데 이제는 어떤방향으로 해야할지 모르겠네요... 현재 120억정도 있습니다 1) MVP 현재 다이아 레드작까지 50만 남아있는데 이번달은 레드작하는게 맞을까요? 2) 어떤템을 우선적으로 맞춰야하는지 궁금합니다.. [이미지] [이미지],,,,,0,False
2026-08-07,0,0,기타,펜던트 토드 질문있습니다..,18고근 하나만드려는데 140제 데브펜이 160제 고근 토드가되나요? 복귀유저라 10단위씩으로기억하는데 혹시나해서요,,,,,0,False
2026-08-07,0,0,직업,렌 스펙업 고민,284 렌 키우고 있습니다. 스펙업 해서 메이린 잡고싶은데 뭐가 제일 가성비 스펙업일까요? 1. 38억주고 컨티4렙산다 (현 3렙끼고있음) 2. 38억치만큼 밀린 심볼세금 낸다.. ( 지금 차례대로 6 6 6 5 5 렙임) 둘중 뭐가 더 스펙업 클까요?,,,,,0,False
2026-08-06,0,0,기타,보스 질문있습니다!,보스 파티로 가는 이유가 따로 있을까요??,,,,,0,False
2026-08-06,0,0,몬스터,익스우 처음 도전할때 몇퍼로 도전하는게 정배인가요?,70퍼 부터 2인 트라이파면 사람 있을려나요,,,,,0,False
2026-08-06,0,0,기타,필터키 수치 질문 있습니다.,보니까 필터키 말씀하실 때 0 / 180 / 1 이런 식으로 말씀하시던데 각각 뜻하는게 DelayBeforeAcceptance / AutoRepeatDelay / AutoRepeatRate 맞을까요?,,,,,0,False
2026-08-06,0,0,아이템,연합토큰 어디에 쓸까요,유잠1개 에에잠3개 남았는데 트와일에 바르면 될까요,,,,,0,False
2026-08-06,0,0,기타,오리진가속,오리진 가속이 뭔가요? 복귀유저인데 정확히 설명되있는 글이 없어서 여쭤봐요,,,,,0,False
2026-08-06,0,0,기타,메소 버는법...?,안녕하세요 예전 우루스처럼 돈 버는법없나요? 이제 보스사냥 하는법밖에없나요? 스펙낮은 260~70대 기준으로 보스 추천 및 메소버는법점요 ㅠㅠ 시간상 오래사냥을 못해요;;,,,,,0,False
2026-08-06,0,0,아이템,제네시스 무기 1추랑 2추보공중에서 어떤거 골라야하나요?,투력은 오른쪽이 더높게나오는데 골라도될지 모르겟습니다,,,,,0,False
2026-08-06,0,0,기타,메이플 디스코드 라운지에 대해,"경매장으로 수수료작해주는게 당연한 일반적인건지 아니면 ㅁㄴㅇ처럼 경매장은 잘안해주고 마빌거래하는지 궁금합니다. 그리고 레벨290이상,유니온9000이상이면되려나요",,,,,0,False
2026-08-06,0,0,시세,챌섭인데 이거 얼마인가요??,보스잡다가나왔는데 이거 얼마인가요?? 경매장에도 없어서,,,,,0,False
2026-08-06,0,0,기타,보스깨고 튕기면 제네플러스 퀘스트 안깨지나요?,.,,,,,0,False
2026-08-06,0,0,기타,저도 유튜브보면서 재획하고싶은데,퇴근하고 한 두시간씩 그러고싶은데 완전 쌩 뉴비 입니다 좀 알려주실수있나요,,,,,0,False
2026-08-06,0,0,기타,안녕하세요 이번챌린져로 유입된 유저입니다,다른게아니라 혹시 데미지스킨 xx억 이렇게 글씨가 억 으로 나오는거 어떤 스킨 인가요?? 설정 창에 는없던대 따로 데미지 스킨을 구해야하는건가요??,,,,,0,False
2026-08-06,0,0,아이템,심볼 5렙되는거 머에여?,강화 안했는데 왜 5렙이 되는거에요?,,,,,0,False
2026-08-06,0,0,아이템,제네패스 지금써도 괜찮은가요??,제네패스 안쓰고 있는데 지금해도 괜찮나여??,,,,,0,False
2026-08-06,0,0,기타,계정판매를 했었는데,5월에 계정판매를 했었는데 사간 사람이 제 계정으로 사기를 치고 다녀서 지금까지 경찰서에서 연락이 4번정도 왔었는데 오늘 또 연락 받고나서 경찰분이 비밀번호를 바꾸던가 조치를 해야한다던데 제가 비밀번호 바꿔도 되는건가요 이거? 그 전에 경찰분들은 별말씀 없이 넘어가셨는데,,,,,0,False
2026-08-06,0,0,기타,수로랑 플래그 돌아도 오프접하면 안되는 이유가 궁금해서 질문을 합니다아,길드 컨탠츠인 수로 랑 플래그 를 다 참여 했는데도 며칠동안 계속오프라인 접속으로 들어가면 추방사유 라는데 왜 그런건지 설명해줄수 있나요? 제가 쫒겨난거 아니고 몇몇길드에서 그런공지나 설명이 적혀있어서 궁금해서 물어봅니다!! 저처럼 궁금한 사람 있을수 있으니 글삭제 안해요!!,,,,,0,False
2026-08-06,0,0,몬스터,보마 하드메이린 연모배율 103.6퍼에 어센트 2번봤는데 3.8퍼 남으면 최종뎀 얼마나 올려야할까요???,제목과 같습니다. 연모로 쳤는데 어센트 2번 오리진1번 행불1번 5차초기화 1번봤네요;; 중간에 해달패턴 실수해서 밀린것도 있긴한데 직장인이라 될때까지 트라이는 좀 피곤해서 최종뎀 얼마나 올리면 깰 수있을까요???,,,,,0,False
2026-08-06,0,0,퀘스트,하드메이린.... 왜 안될까요,배율도 어느정도 되는거 같은데 메린이라 손 문제일까요 에반이나 호영 카드가 잘 안뜨기도 하는데 미치겠네요. 도움 부탁드립니다 [이미지] [이미지] [이미지] [이미지] [이미지],,,,,0,False
2026-08-06,0,0,아이템,복귀 유저인게 템관련 문의여,이번에 복귀해서 보스 돌다가 컨티4렙을 먹었는데 이걸 팔지 써야될지가 고민됩니다. 현재 레테 키우는중인데 아직 본캐를 안정해서 고민중입니다.,,,,,0,False
2026-08-06,0,0,아이템,택배 배송중,다조 택배 받으려고 하는데 배송중이라 못받는다고 뜨는데 이거 왜이런지 아시는 메잘알분 !!,,,,,0,False
2026-08-06,0,0,아이템,스펙업 순서,스펙업 순서에 카르시온 심볼 업글이 1번인데 굳이 왜 저게 먼저 뜨는건가요? 아직 284라 1업 더 해야하긴 하는데 다른 심볼도 있는데 굳이 저걸 먼저 스펙업 하라는 이유가 뭐죠? 어센틱 심볼 업글은 하나도 안했습니다,,,,,0,False
2026-08-06,0,0,기타,환산주스탯 헥사스탯 어캐하나요?,"왼쪽이 현재 오른쪽이 최적화 결과인데 지금 3 뚫으려고 하는데 새로 뚫는 3은 오른쪽 3(주스탯 공 크뎀)이랑 똑같이 만들고 1,2를 오른쪽 걸로 바꾸면 되는거임?",,,,,0,False
2026-08-05,0,0,기타,레테 스공이 내려갔습니다,오늘 갑자기 스공이 내려갔습니다 원래 어제까지는 연모 풀버프 키면 스공이 8천만 언저리였는데 오늘은 5000만 정도 나와요 원래 1극딜로 오리진 안쓰고 검마 1페가 넘어갔는데 오늘부터 갑자기 안넘어갑니다... 전투력은 그대로에요 혹시 짐작가시는거 있는분 있을까요??,,,,,0,False
2026-08-05,0,0,기타,울티마 40렙부터 경험치 올리기 빡센게 맞는거죠?,"40/40/37레벨인데, 오프라인으로 15시간 돌리고 나니 전사랑 궁수는 경험치가 10%밖에 안올랐네요. 마법사는 100%넘게 오른거보면 사이클은 잘 돈거 같은데, 40레벨과 편차가 어마무지한게 제대로 키우고 있는게 맞겠죠? 3-1에 주차해놓고 있습니다. 클리어하는데 1:50정도 걸려요.",,,,,0,False
2026-08-05,0,0,아이템,라벨용 컬프는 무한염색 안되는거임??,패치노트엔 컬프프만 된다고 써있긴 한데 혹시 궁금해서,,,,,0,False
2026-08-05,0,0,기타,물거래할때 성명이랑 캐릭명을 같이 기재해달라는 이유가 뭘까요?,입금시에 메모로 성명이랑 캐릭명을 둘다 기재해달라고 하는데 이거 3자사기 방지용인건지 3자 사기를 유도하는 것인지 의도를 모르겠음여,,,,,0,False
2026-08-05,0,0,직업,챌섭 3만점 찍는데 얼마나걸려요??,완전 뉴비입니다 ㅠ 본섭에 렌 키워놨는데 보니까 유니온 키우고 하려면 챌섭에서 키우고 200렙 물약을 얻는게 이득일거같더라구요 지금 시작해서 무 소과금으로 3만점찍고 200렙 물약 얻는거 가능한가요?? 기간이 50일도 채 안남았는데 챌섭을 키워야하나 말아야하나 고민이라서요 ㅠ,,,,,0,False
2026-08-05,0,0,아이템,코디템 질문있습니다,[이미지] 현재 저 상태로 코디템 착장한 상태인데 인게임모습에는 머리띠같은 장식?이 있네요 어디서 딸려온건지 아시는분 있나요?,,,,,0,False
2026-08-05,0,0,기타,피시방에서 접속만 시켜놓고 집에서 보상수령가능한가요?,출근하면서 피시방에 5시간 켜놓고 자동종료하게 두고 집와서 피시방 접속보상 수령가능한가요? 접속보상도 피시방에서 수령해야하는지요?,,,,,0,False
2026-08-05,0,0,아이템,헥환8만목표(노흉~노카 보스 솔격 )입니다.,"[이미지] [이미지] [이미지] [이미지] 이번에 레테 본캐로 키우고 잇어요. 조각은 6481개 먹였고, 솔격위주로 하고싶어서 목표는 일단 헥환8만이고 앞으로 계속 스펙업 예정입니다. 본섭에는 유니온 8800정도되고 유챔은 이번 레테가 첫 유챔등록이에요. 컨트롤이 좋지않아 조금 넉넉하게 클리어하는게 목표입니다. 많은 조언 부탁드립니다!",,,,,0,False
2026-08-05,0,0,아이템,환호지선 여우 이펙트 펫 투명도로 조절이 안됩니다..,다른 글들 찾아보니까 펫 투명도로 조절한다는데 저는 투명도로 조절이 안됩니다. 치장 이펙트세팅에서 특수이펙트를 끄면 아예 없어지긴 하는데 펫 투명도로 조절하는건 없어진건가요??,,,,,0,False
2026-08-05,0,0,기타,9만~데티 해방 사이 괜찮은 라인,지금 딱 9만인데 데티 해방까지 거쳐가는 환산 중에 개꿀 라인이 어디인가요? 9.3인 것 같은데 다른 거 있으면 추천 부탁 드려요 거기까지 빠르게 올리고 그 이후에 천천히 하려구요,,,,,0,False
2026-08-05,0,0,직업,2인팟 짤때 선호하는 직업있음?,다음엔 그런캐릭을 하나 키워볼까해서,,,,,0,False
2026-08-05,0,0,기타,18살 본섭에서 길드가입이 현실적으로 가능할지가 궁금합니다.,"이번 첼섭 복귀하고 , 열심히 키웠습니다. (방학을 맞이하여) 성인길드만 보여서 미성년자는 본섭길드 아무곳이나 들어가기 힘들까요? 대부분 조건이 성인인지라.. 성인조건이 없는곳도 당연하다고 여겨 표기하지 않는 부분도 있어보여서요. 혹시 민짜인데 길드 들어가신분들은 조언 부탁드리겠습니다.. 잘못한것도 없는데 챌섭 닫히면 노블 압수당해서 접힐거 같아요 ㅜㅜ 도와주세요 . 과거의 민짜 형님들. 답변 부탁드리겠습니다.",,,,,0,False
2026-08-05,0,0,기타,250 달성의 비약 질문드려요,"미리 유니온 작 해야한대서 별 생각없이 메르까지 200 달성의 비약 먹여뒀는데 찾아보니 메르는 250 먹여야 한다고 하더라구요... 이미 우선 순위인 메르, 은월, 데벤 다 200 먹여놨는데 이러면 후순위인 와헌이나 블래 250 먹이는 게 나을까요?? 아니면 하나 손해봤다 생각하고 메르한테 250 먹이는 게 나을까요? 제발 조언 부탁드려요 ㅜㅜ",,,,,0,False
2026-08-05,0,0,기타,겨울에도 재네패스 하나요?,이번 챌섭 하버 보상 다 받아놓고 직업 맘에 안들어서 삭제하고 다시 만들어서 아케인포스 딸리고 아무것도못함 청년 되버림. 이번 여름 버리고 겨울에 시작하려는데 저번 겨울챌섭에 은월 재네패스 없이 해방한거 생각하니까 어지러운데 재네패스 나옴?,,,,,0,False
2026-08-04,0,0,몬스터,메이플 보스 파티 궁금한점,이번에 유입된 뉴비인데 검마 파티플로 하다 데카아웃한 상태에서 팀원이 잡아버렸는데 잡은거로 횟수 치는건가요?,,,,,0,False
2026-08-04,0,0,시세,챌섭 시작전에 자석펫 얼마였어요??,챌섭시작전에 자석펫이랑 메포 얼마였나요?? 하나 사야되는데 챌섭 끝나고 사야되나 고민이네요ㅠㅠ,,,,,0,False
2026-08-04,0,0,아이템,이거 코디템 뭔지 아시는분,한벌옷 뭔지 궁금햐요,,,,,0,False
2026-08-04,0,0,직업,지금 시작해도 괜찮을까요? + 직업 고민,"이번 챌섭 지금 시작하면 늦은걸까요?? 그리고 직업도 고민중인데 저번 패치 이후로 하면 안되는 직업이나 그런거 궁금해요 기본적으로 텔슝좍이라 비숍 , 불독 이런 류로 하고 싶은데 둘중에는 뭐가 더 낫나요?",,,,,0,False
2026-08-04,0,0,아이템,주간결정,왜 안팔릴까용 캐릭터마다 갯수제한있나용??,,,,,0,False
2026-08-04,0,0,아이템,"연마석 10개쓰고 리컨4렙인데, 다음 도전 몇개할지 냉철한 판단 좀여","1개 > 5개 > 2개 > 2개 실패 처박았는데 어질어질한데 다음 몇개 처박을까요 뭔가 한게 아깝기도한데, 쨌든 독립시행이니까 10개박는게 맞는거같기도하고 우선 AI는 10개 처박으라는데 ㅅㅂ 추천좀요",,,,,0,False
2026-08-04,0,0,기타,메이플 및 배경화면 글자 깨짐,일단 제가 한것은 렉이 걸려서 이것따라 했고요 전체화면 최적화 사용 중지도 켜져있어요 다른것은 손을 댄게 없는데 갑자기 저렇게 글자가 번지네요 모니터 2개다 그러면 모르겠는데 하나만그러니깐 무슨 해결 방법이 있나 질문드려요 메인모니터는 배경화면에 있는 글자까지 저러고 서브모니터는 또 깔끔하게 잘나와요,,,,,0,False
2026-08-04,0,0,기타,모멘텀 패스 경혐치량 질문,요번에 모멘텀 2번 나온다는데 이거 다 사면 283에서 285는 가겠죠?,,,,,0,False
2026-08-04,0,0,아이템,부캐 레테 노멀 진힐라돌이까지만 키워려하는데요 시드링 질문점,부캐에 투자할여력이 없어서 걍 노말진힐라돌이정도만 키우려하는데. 시드링 걍 리레3짜리 착용해도 되나요? 아니면 3짜리 찰꺼면 컨티착용하는게 좋은가요? 무기만 해방해둔 상태입니다.,,,,,0,False
2026-08-04,0,0,기타,챌섭 종료후 리프 고민,"이번 여름 유입 중고신입 유저입니다 n년전 메이플 했을땐 오로라서버였고 그때만해도 인구가 나쁘지 않았던걸로 기억하는데 지금 돌아와보니 시골이됫더라구요 내실은 유니온 8000+ , 270, 260 불독과 아델 대충 세팅하면 주보돌이 될 정도 자석펫 1개 D라벨 2개 각 프펫작 완료 이정도가 있는데, 새로시작하는것 처럼 도시서버에(엘리시움) 갈지, 기존 오로라로 갈지 고민입니다 엘리시움 가면 어느정도는 친구 도움을 받을수는 있습니다",,,,,0,False
2026-08-04,0,0,기타,챌섭 285,사냥아예안하고 현재 282 40퍼인데 끝날때까지 285찍을수잇을까요? 에던4배 몬파일퀘하면서 + 패스도 살 예정입니다,,,,,0,False
2026-08-04,0,0,기타,"메이플 캐릭변경, 캐시샵 튕김현상 제발 도와주세요","약 1년전쯤에는 문제 없었는데, 언제부턴가 캐릭터를 변경하거나 캐시샵에 들어갔다 나오면 아래 셋 중 한가지 현상이 발생합니다. 1. 월드선택창으로 튕김+검은 화면+조작불가(작업관리자로 꺼야함) 2. '현재 접속중인 아이디입니다' 문구와 함께 게임 종료버튼만 남음 3. '게임 서버와 연결이 끊어졌습니다' 문구와 함께 월드선택창으로 튕김 인터넷 문제라기엔 인터넷을 바꾸지도 않았는데도 갑자기 발생했습니다... 혹시 저와 같은 현상이 발생한 후 문제 해결하신 분이 계시다면 조언 부탁드려요... ---------------------------------------------------------------------------------------------- 추가: 게임런처로 실행해도 캐릭변경, 캐시샵 사용 시 로그인 화면으로 튕깁니다... 추가2: 컴퓨터 사양 확인요청주셔서 추가합니다. [이미지] [이미지] [이미지] [이미지]",,,,,0,False
2026-08-03,0,0,기타,카르시온 넘어왔는데 왜 사냥 메소가 줄었을까요?,"메획 100퍼, 원젠컷 남, 1석펫, 소재획 한 타임. 아르테시아에선 딱 저 기준으로 오차범위 감안해서 5890~5900 정도 나옴. 근데 카르시온에서는 똑같이 40마리 젠되는 곳 원젠컷을 내는데 오히려 아르테시아보다 메소가 적음. 거의 100만 메소정도 적게 나옴. 엄청 큰 돈은 아니니까 신경 안 쓰고 넘어가면 되는 거 아니냐 할 수 있긴 한데, 그래도 신경 쓰임. 회수도 야누스 재설치 할 때마다 해서 중간에 드랍된 메소가 사라지는 것도 아닐텐데 뭐가 문제일까.. :<",,,,,0,False
2026-08-03,0,0,기타,검마 둘이서 파티로 가려면,지금 레테로 5000만 찍었는데 이 전투력이면 파티클하는 팀원한테 민폐 끼치지 않을까요? 해방을 빨리 끝내고 싶어서 검마 파티 도전해보려는데,,,,,0,False
2026-08-03,0,0,아이템,대학생 유저 메이플 질문,"제 진로가 하필이면 교수에요 더욱이 아직 스펙도 좋은 것도 아니고 토익도 없고.. 새내기이기도 하고.. 학점은 3.93이고 4학점을 꾸준히 얻는게 목표에요 문제는 개강이 9월 1일인데 그 때 전에 아버대체하고 여러 이벤트를 참여하며 노세이칼이나 하세이칼까지 할 스펙의 장비를 사거나 얻을려고 하는데 또 문제는 무자본으로 할 예정이라 사냥을 많이 해야 해요.. 직업은 렌이고 284렙이고 검밑솔, 노세는 거든히 잡아용 전투력은 7600만이고 환산 4.6만에 헥환 3.9만이에용 챌린저가 목표지만 개강까지 안 되면 일단 최대한 아버대체 템을 맞출려고 해요 렌은 본캐로 갈거 같아요 다음 종강 때는 쉬엄쉬엄하고 싶어요 더욱이 매일 메이플을 해야하는 그런거 보다는 하고 싶을 때 하는 마인드로 하고 싶어서 더더욱 아버 기간에 집착하는 기분이에요.. 조언 부탁해요",,,,,0,False
2026-08-03,0,0,아이템,이 펫의 사망날을 11월 27일로 밎추고 싶습니다.,이번 달에 프리미엄 생명의 물을 쓸건데 27날 써야하나요 28일날 써야하나요?,,,,,0,False
2026-08-03,0,0,기타,챌섭에서 테라버닝 주는게 최대 4개맞죠?,이번 챌섭유입입니다. 테라버닝이 기본 3개에 웰컴메이플패키지에서 1개해서 총 4개 하버부 캐릭 1개랑 테라버닝 4개랑 하면 총 5캐릭이라 월드리프 5캐릭에 딱맞긴한데 지난 챌섭때는 하버를 2개 줬다고 하길래 .. 이번에도 줄지 안줄지 몰라서 테라버닝을 4개 다 키울지 고민이네요,,,,,0,False
2026-08-03,0,0,직업,익스우 솔플 스펙업 질문,[이미지] [이미지] [이미지] [이미지] 돈을 좀 투자해서 익스우 솔플까지 스펙업 좀 하려고 합니다 스펙업 방향 어떻게 하면 될까요 ?,,,,,0,False
2026-08-03,0,0,기타,챌섭 지금부터 시작하면,레테로 챌까지 가능할까요 100억메소 + 패스 전부 구매 가정하고 가능할까요? 남은 이벤트 기간 매일 1-2시간 가능하고 20일정도는 5-6시간 가능합니다,,,,,0,False
2026-08-03,0,0,아이템,자석펫 사려는데,30만원이라 들었는데 어둠의 경로로 메소 사서 살때 30이란거임? 그냥 캐시 질러서 해보려니까 40넘는데,,,,,0,False
2026-08-03,0,0,기타,솔 에르다 기운 어떻게 처리해야할까요,"하루에 4~6소재 정도 하고, 다조 드랍되는거 안팔고 다 헥사강화에 쓰고있는데 항상 기운이 남아요. 계속 풀로 차서 부스터로 바꾸고 있는데 옥션에서 다조 사서 헥사 강화하는게 맞을까요? 아니면 굳이 그럴필요까진 없을까요?",,,,,0,False
2026-08-03,0,0,기타,길드 분위기 알아보는 법...,"본론부터 말하면 타길드 분위기를 알고 싶습니다 길드닉 때문에 되게 맘에 드는 길드가 하나 있는데, 어디서 주워들은 얘기론 갤길이다 뭐다 하면서 안에선 되게 좀 거친 표현이 난무한다거나 하는 얘길 들었어요. 막상 그 얘길 해준 사람은 지금 연락이 안 닿아서 재확인할 방법도 없고⋯. 자주 길드 옮겨다녀서 좋을 것도 없는 느낌이라 한 번 들 때에 제대로 알고 들어가고 싶은데 그 길드가 어떤 느낌인지 모르니까 뭔가 들기 무섭네여 보통 이럴 때 여러분들은 어케하시나여",,,,,0,False
2026-08-03,0,0,기타,챌린저스 패스 vs 제네패스 플러스,"웰컴패키지, 제네패스 두 개 구매했고, 현재 280렙 60퍼센트입니다. 캐시 만원이 생겨서 조금 더 충전해서 패스 하나 더 구매할 생각인데 챌린저스 패스 1단계가 280레벨 찍고 나서 구매해도 효율이 좋은가요? 많이 별로라면 1만원 더해서 제네패스 플러스 사는게 나을것같아서 고민입니다. 답변 부탁드립니다!",,,,,0,False
2026-08-03,0,0,아이템,솔 에르다 1개완성될때 이펙트 못끄나요,잘모이는와중에 완성될때마다 조금씩 렉걸리며 끊기는게 살짝 불편하달까요 좀 그러네요,,,,,0,False
2026-08-03,0,0,기타,2석펫 vs 스펙업,환산 7.1 헥환 5.9인 상태인데 2석펫을 맞출까요 아님 조각 사서 헥사강화랑 심볼세금 내서 스펙업 하는게 나은가요?,,,,,0,False
2026-08-03,0,0,기타,선생님들 장비 프리셋 어떻게 해두셨나요?,"지금 1번프리셋ㅡ보스 보상 드랍세팅 2번 프리셋ㅡ보스세팅 3번 프리셋ㅡ사냥세팅 아획, 메획+정펜 이렇게 되어있는데 선배님들께서는 어떻게 해두셨나요?",,,,,0,False
2026-08-03,0,0,기타,본의명의 한계정 업데이트는 언제부터 들어온건가요?,제 명의로 투클라 키우고 있는 유저입니다. 저번 출첵 이벤트때는 계정 두개 다 받았던거같은데 이번 출첵이벤트는 한 계정만 받아진다고 뜨네요 이번에 새로 들어온건가요?,,,,,0,False
2026-08-03,0,0,기타,울티마 궁수 법사 쿨4초면 전사도 4초해?,궁수 법사 재사용대기시간감소 2초짜리 2개 끼면 전사로 4초로 맞춰줘야해? 아니면 그냥 방방방으로 가는거야?,,,,,0,False
2026-08-03,0,0,아이템,mvp블랙 경뿌,복귀 한달지났고 어쩌다보니 mvp블랙인데 경뿌가 교불에다가 mvp추겸 쿠폰이랑 중복사용도 안되는데 원래 이랬나요...? 접기전(한 3~4년전?)에는 경뿌 팔고 그랬던거 같은데,,,,,0,False
2026-08-03,0,0,아이템,"월비, 목비, 금비 표창들 드랍몹",월비 표창 목비 표창 금비 표창 드랍몹이 어떻게 되나요? 검색하면 옛날자료만 나와서 현재랑 몹 레벨정보와 드랍템 정보가 안맞아요,,,,,0,False
2026-08-03,0,0,기타,본섭에서 키웠던뉴비인데,본캐가 너무 재미없고 애정이 너무안가서 삭제하고싶은생각밖에안들어요.. 다른직업이 너무 키우고싶어서 버닝비욘드까지 끝났고 해방까지한 캐릭터 삭제하고 200억정도 들고 챌섭 시작하려고하는데 괜찮을까요? 심볼은 메소로 최대한뚫어줄생각인데..,,,,,0,False
2026-08-03,0,0,기타,형님들 리프 언제 해야하나요?,챌섭 1석펫 본섭 4석펫 챌섭 레테 본캐라 재획은 챌섭에서만 하는데 지금 챌도 달았고 본섭에서 편하게 재획하고 싶은데 메이린 포기하고 넘어갈만 할까요? 형님들은 어떻게 하실거 같나요? 본섭 유니온 8900입니다 그리고 혹시 챌섭에서 패스류 다 구매했는데 본섭으로 리프하면 없어지나요?,,,,,0,False
2026-08-03,0,0,기타,챌섭말고 레벨업 빠르게 할만한 방법 있음?,"새로 키우고싶진 않고 기존에 있던 캐릭터 마저 키우고싶은데 방법을 모르겠우.... 사우나, 상급경쿠 말곤 닥사가 답이려나",,,,,0,False
2026-08-02,0,0,아이템,1억 플마단 되려면 뭐부터 해야 하나요?,메짱 고인물 형님들 지금 7200만인데 1억 플마단이 되려면 어떻게 해야 하나요? 예를 들면 어떤 템을 올려야 한다. 아니면 뭘 더 해야 한다 같은 걸 알려주실 수 있나요? [이미지] [이미지],,,,,0,False
2026-08-02,0,0,기타,리프 질문있습니다,"복귀유저 입니다 본섭에 유챔X , 링크3레벨 1개 유니온 9000 , 자석펫 6개 뿐입니다 현재 챌섭에서 챌린저 달고 풀드메로 카르시온 사냥하고 있습니다 보스는 이지카링까지 잡고 있습니다 질문 )) 8월17일부터 자석펫이 끝이납니다 PC방 이벤트를 해서 1달짜리 자석펫을 받은후 1달간 챌섭에 더 있을까요? 아니면 본섭으로 리프 한 후에 사냥하면서 스펙업 하는게 나을까요?",,,,,0,False
2026-08-02,0,0,기타,울티마스쿼드 43렙 어디서 자동사냥해요?,"세 직업 다 43렙 + 6렙,7렙 장비둘둘 했는데 어디서 뺑뺑이 돌리는게 경험치 효율 제일 좋나요?",,,,,0,False
2026-08-02,0,0,기타,유니온 질문있ㅅ브니다,위에 레벨은 상위 42개캐릭 밑에 왼쪽 캐릭터 효과는 그 42개안에 안들어도 전부 적용 맞을까요?,,,,,0,False
2026-08-02,0,0,기타,메이플 좀 켜두면 생기는 잔렉? 프레임드랍? 해결방법 있을까요..,전부터 계속 이러길래 이것저것 설정 건드리고 찾아보다가 해결이 안되서 인벤 예전 글 보고 윈도우 클린설치까지 했는데도 여전히 해결이 안되네요.. 클린설치 이후에는 캐시사이즈 제외 다른 설정은 안건드렸습니당.. 지싱크도 사용 안하고 있구요.. 주보 돌다가 이러니까 미치겟어요ㅠㅠㅜ 프로세서 AMD Ryzen 5 7500F 6-Core Processor 3.70 GHz 설치된 RAM 32.0GB(31.6GB 사용 가능) 저장소 932 GB SSD CT1000T500SSD8 그래픽 카드 NVIDIA GeForce RTX 4060 (8 GB),,,,,0,False
2026-08-02,0,0,기타,레테유입 이제뭐함?,레테유입 메린이 너무 급하게 성장해서 할게없음 접속 일과 1. 일퀘+몬파+일보 2. 메제 (약 4~5시간) 3. 채집 (약 1시간 30분) 4. 목요일한정 주보 하스우~이카링 솔플 메제에 채집다하고 할게없는데 뭐해요 ? 지금 고민인게 메제무시하고 그냥 사냥할지 시련의동굴가서 최상결팔지 고민임 자석펫살려고 돈모으고있는데 조언좀,,,,,0,False
2026-08-02,0,0,기타,뉴빈데 지금 시작해도 괜찮나요?,요즘 자주 보이길래 하고싶다 생각이 들긴하는데 이벤트 기간이 좀 많이 지나서 고민이네요 지금 해도 괜찮을까요,,,,,0,False
2026-08-02,0,0,퀘스트,제네시스 해방퀘스트 질문,순서대로 하다가 방금 진힐라 제네시스 모드로 잡았습니다. 무기 받고 더 이상 퀘스트가 없네요 ? 끝인건가요 ? 원래 검은마법사 까지 잡는거 아닌지 ..,,,,,0,False
2026-08-02,0,0,아이템,메획 1줄 마이스터링,스타포스 없는거 사도 괜찮을까요?? 순수 광부용이긴한데...,,,,,0,False
2026-08-02,0,0,기타,핵사 스텟 망하면 환산주스텟에 개수가 적게 들어가여?,쓴거보다 적게 표시되는 느낌인데,,,,,0,False
2026-08-02,0,0,아이템,레테 어빌 수칙 20 7 10 인데 카오스 서큘 계속 돌려야하나요..?,재사용 20% 상추뎀 7% 보공 10%인데 여기서 상추뎀 1%를 위해서 더 돌리는게 맞을까요? 서큘은 울티마로 사서 쓰는데 30개 더 살수 있는 상황입니다,,,,,0,False
2026-08-02,0,0,기타,울티마 카오스 지역 사냥 질문,현재 전부 41렙이고 카오스 2-10까지 밀어놨는데 3지역은 안 밀려서 어디서 뻉뺑이 돌리는 것이 좋을까요? 2-3에 무기만 넣고 돌려도 꾸역꾸역 보스전을 가서 뭔가 시간 낭비가 되는 것 같은데... 사냥용 스킬셋이랑 어느 지역 뺑뺑이 돌리는 것이 좋을지 궁금하네요.(템파밍도 하고 싶습니다) 그리고 컴 꺼두고 오프라인으로 사냥할 때는 1-1 풀템으로 하는게 제일 좋을까요?,,,,,0,False
2026-08-02,0,0,아이템,스펙업 질문 하드 메이린 깨고싶습니다,95억정도 있습니다 하드 메이린 깨려고 시도 중인데 스펙업 더 해서 편하게 깨고싶어서 질문드립니다..! 어디를 스펙업 하는게 제일 좋을까요? [이미지],,,,,0,False
2026-08-02,0,0,아이템,내부 드랍 24라는 게 이거 맞나요?,메소 확정 드랍 67을 맞출 때 내부 드랍 24 쓸심 24 템이든 소재비든 어빌이든 20 이러면 바로 확정드랍 된다는 뜻인가요?,,,,,0,False
2026-08-02,0,0,아이템,선생님들 이런 추옵도 팔릴까요?,앱솔 170급인데 혹시 값어치가 있는지 여쭙고 싶습니다 다른건 볼품없고 앱솔이라 가치가 많이 떨어지는건 아는데 이 아이템에 붙기에는 너무 과분한 느낌이라서요 판매 기록도 없고 고확 답변도 없어서 여기에 질문 남겨봅니다 감사합니다!,,,,,0,False
2026-08-02,0,0,몬스터,챌섭 사냥터 질문,1. 다른사람이랑 겹사해도 상관없나요? 2. vip 부스터 몹 저만 잡을수 있는건가요? 감사합니다,,,,,0,False
2026-08-02,0,0,아이템,제네 밑잠 15% 챌린저만할거면 둬도되나요?,궁금해요..,,,,,0,False
2026-08-02,0,0,시세,시세 측정 가능할까요?,"추옵을 돌리다 고추옵이 떴는데 경매장 검색해보니 시세가 너무 뒤죽박죽이라 어느 정도가 맞는 시세인지 파악을 잘 못하겠습니다. 노칼 유챔부캐로 키우는 캐릭인데 이걸 그냥 쓰는게 맞을지, 팔고 새로 만드는게 맞을지, 팔면 얼마정도인지 알려주실 수 있을까요?",,,,,0,False
2026-08-02,0,0,아이템,"스펙 업 질문, 훈수 환영",[이미지] [이미지] 현재 하메 103퍼 나와서 3시간 박아보고 템 사서 다시 하려고함. 템환 5.4 헥환 4.6인데.어떤 부위 바꿀지 아니면 그냥 메소로 장신구 돌려서 주스텟으로 바꾸는게 나을지 추천 부탁합니다.,,,,,0,False
2026-08-02,0,0,아이템,부티크 전투복 질문!,"부티크 보면 전투복 옵션 달린것들이 있던데 1. 옵션의 기간은 얼마나 인가요? 2. 매 부티크마다 전투복을 얻을 수 있는건지 3. 옵션은 어떻게 되있는지 (올스탯, HP 둘다 있나요?)",,,,,0,False
2026-08-02,0,0,아이템,메린이 추옵고르는것좀 도와주세여,"깡 1추가 좋다고 들었던거 같은데, 전투력 떨어져도 더 좋은건가요? 폰카 ㅈㅅ요ㅜ",,,,,0,False
2026-08-02,0,0,기타,챌린저스 서버 저번주에 알아서 이제 시작하는데 제네시스 무기 해방 될까요??ㅜㅜ,"[이미지] 메이플 저번주에 처음시작한 메린이에요,, 제네시스 무기 해방 하고싶은데 할 수 있을까요?? 할 수만 있으면 패스 살수있어요 환산 주스탯 돌려보니까 캡처한거 같이 하면 6주에 된다는데 파티하면 같이 잡아주시는 분들이 있나요?? 파티해주시는 분들은 어디서 구할 수 있나요?? 질문이 많아서 죄송합니다 ㅠㅠ",,,,,0,False
2026-08-02,0,0,기타,아델 어빌,보공 20 재사용 7 상추뎀 7 인데 더 돌려야할까요? 최대가 8퍼? 인 걸로 알고있는데 돌릴 가치있나요?,,,,,0,False
2026-08-01,0,0,기타,환산 특정 시점으로 돌아가서 보기,제 캐릭터인데 혹시 예를 들어 7월 21일날 보스컷을 다시 보고 싶다 해서 돌아가거나 기준이 되는 헥사환산별 보스컷을 볼수있나요?,,,,,0,False
2026-08-01,0,0,기타,하드메이린 오리진 초기화 질문점..,오리진 -> 초기화 -> 오리진 vs 오리진 -> 2분뒤 극딜 -> 초기화 - > 오리진 뭐가 낫나요? 오리진 초기화 오리진 하면 리레에 안들어가긴합니다,,,,,0,False
2026-08-01,0,0,기타,5석펫 효과도 사용횟수 제한이있나요??,4석펫 모으는 것만 사용횟수 제한이 있는거 아닌가요? 5석펫 야누스 무한 유지가 잘되다가 안되네요 ㅠㅠ,,,,,0,False
2026-08-01,0,0,몬스터,진힐라 노말이랑 하드 차이 큰가요?,노말 해보고 우선 피하면서 극딜때만 넣어서 클리어 했는데 하드는 어느정도인지,,,,,0,False
2026-08-01,0,0,기타,챌린저스 달성 기준,보스 잡고 챌린저스 달성 기준이 보스 처치 즉시인가요 보상방 상자깔때인가요?,,,,,0,False
2026-08-01,0,0,직업,팔라딘 파티배율 시너지 잘 아시는분,위 사진이 팔라딘이 받는 시너지인데 팔라딘은 본인도 팔라딘 시너지를 받는 건가요? 저렇게 시너지 받으면 팔라딘 솔플 배율이 86%였다가 시너지 받은 기준 솔플 배율이 100%가 찍히는데 팔라딘은 솔플로는 시너지를 못받고 2인부터 시너지를 받는건가요? 아니면 저 시너지는 허상인가요? 왜 솔플로는 85%인 배율이 파티로가면 본인 시너지를 받고 배율이 오르는건가요?,,,,,0,False
2026-08-01,0,0,기타,mvp 유지,지금 mvp 다이아 인데 9월 10일에 실버로 내려옵니다 10만원만 더 지르면 레드 다는데 9월 9일에 10만원 지르면 레드로 3개월 유지가 가능 한건가요??,,,,,0,False
2026-08-01,0,0,직업,레테 헥사 스텟 두 번째꺼 열었는데요 초기화 해야할까요??,메인 스탯이 올라야 좋은 것 같던데 초기화 해야하나요 ㅠㅠ?,,,,,0,False
2026-08-01,0,0,시세,이정도면 살만 한가요?,챌섭이고 기본으로 주는 아쿠아틱이랑 골클벨 끼고 있습니다. [이미지] [이미지] 두개 각각 골클벨은 53억이고 파풀라투스 마크 는 50억인데 이정도 가격이면 살만 한가요? 교불 조각만 쓰고 주운 조각 다팔아서 딱 103억 있는데 살만한가요?,,,,,0,False
2026-08-01,0,0,기타,넥슨온으로 원격하는데,피씨 모니터 끄면 원격도 아무것도 안보이나요??...,,,,,0,False
2026-08-01,0,0,기타,챌린저스 패스 지금 사도 되나요??,지금 막 시작해서 챌린저스 패스 5레벨인데 지금 사도 괜찮나요?? 프리미엄까지 사는거 추천하시나요?,,,,,0,False
2026-08-01,0,0,기타,넥슨 캐시 사용처 질문,넥슨 캐시 카드? 이게 10만원있는데 이걸로 뭐 해보는게 제일 좋나요? 넥슨에만 사용할수 있어서 캐시충전만 가능해요,,,,,0,False
2026-08-01,0,0,기타,혹시 제네패스 플러스 검마 파티로 가서 데카아웃하고 죽어도 미션 깨지나요??,제목처럼 2인으로 가서 저는 데카아웃하고 파티원이 깨면 미션 깨지나요??,,,,,0,False
2026-08-01,0,0,기타,울티마 전사 궁수 39렙인데 에스페시아 어떻게 할까요,전사는 경치 70퍼대 궁수는 60퍼대여서 빠르게 에스페시아 써서 카오스 진입이 이득인가요? 아니면 그냥 생 렙업 후 에스페시아를 카오스에서 쓰는게 이득인가요?,,,,,0,False
2026-08-01,0,0,기타,경매장 낱개로 구매가 안돼요...,부티크 하나만 사서 돌려보고 싶은데 낱개로 구매가 안떠요 ㅠㅠ 자꾸 16억 다 쓰래요 ㅠㅠ 이거 낱개로 못 사나요? 제가 거지라 ㅠㅠㅠㅠㅠㅠㅠ,,,,,0,False
2026-08-01,0,0,기타,울티마 3-10 깨려면 법사도 40 찍어야대요?,"전사 40, 궁수 40 찍고 스킬배워서 밀 수 있을 줄 알았는데 택도 없네요. 40/40/36인데 법사 40찍어야 밀리려나요",,,,,0,False
2026-08-01,0,0,시세,캐시는 뭐 팔아야 됨?,챌섭 충분히했고 겜도 재밋어서 100장정도 더 투자하려는디 어둠의 경로는 안해봐서 좀 꺼려지고.. 메포로 사서 바꾸려다가 캐시 사다 파는게 더 낫다고 들어서 주로 하는 품목이 있는거임?,,,,,0,False
2026-07-31,0,0,기타,하드메이린 285찍으면 배율도 오르죠?,283에 95% 찍히는데 템 사긴 싫고 레벨로 떼울라는데 배율 오르죠?,,,,,0,False
2026-07-31,0,0,아이템,주흔 15% 작하려는데,금토일 피버타임때 확률 오르는거랑 별개로 pc방에서 하면 확률 더 오르는건가요?,,,,,0,False
2026-07-31,0,0,시세,죽맹 24성은 가격이 어떻게될까요??,전에 25성은 판매된적이 있다고 들었는데 죽맹 24성 별값만 받는다하면 얼마정도 될까요??,,,,,0,False
2026-07-31,0,0,기타,챌섭에서 본캐를 바꾸고 싶어요 ㅠㅠ,4주차 중반쯤에 복귀해서 지금 레테로 아버랑 다 해서 280 찍었는데 뭔가 텔포가 너무 답답해요... 보마 살짝 해봤는데 너무 재밌어서 바꾸고 싶은데 챌섭 종료 할때까지 레테를 계속 하고 본섭가서 보마를 해야할지 아니면 지금이라도 레테는 보스만 돌리고 보마를 키워야할지... 뭐가 좋을지 알려주세요 평일 하루 1시간~1시간반 게임 가능하고 일요일에 3~4시간 가능해요,,,,,0,False
2026-07-31,0,0,기타,진힐라 질문드립니다.,"안녕하세요. 해방까지 했는데 계속 그림처럼 재단 풀 때 스페이스바 누르라고 뜨네요 ㅠㅠ 캐릭터는 히어로 입니다 ㅠㅠ 어떻게 해결하는지 알려주시면 감사하겠습니다. 답변해주신 분 선착순으로 5,000이니 드리겠습니다! [이미지]",,,,,0,False
2026-07-31,0,0,기타,5차 스킬코어 슬롯 강화 기능 없어졌나요?,굉장히 올만에 복귀한 유저인데 코잼좀 아껴볼려고 슬롯 강화로 5렙이라도 더 올리고싶었는데 아무리 찾아봐도 슬롯 강화가 안보이네요 제가 못 찾는건지 없어진건지 명확히 알고싶어요,,,,,0,False
2026-07-31,0,0,기타,검마 흔적만 먹으러가는 6인팟도 나오나요?,그리고 6인팟으로 간다고하면 헤딩으로 괜찮을까요? 연습을 해보고싶은데 1페 바인드컷이 안되서(30퍼나 남아버림) 연습을 못했는데요..,,,,,0,False
2026-07-31,0,0,퀘스트,안녕하세요. 뉴비입니다. 검마 해방에 관해서 질문 드립니다.,검마 하드를 4인팟으로 깼는데 어둠의 흔적 숫자가 안 올라갔습니다. 혹시 이유가 무엇인지 알려주실 분 계실까요?,,,,,0,False
2026-07-31,0,0,기타,시퀸스질문,패파를 하고있는데요 시퀸스를 검색했는데 v매트릭스에서 왼쪽 아래에있는 쓸만한 어드밴스드 블레스 쓸만한 컴뱃 오더스 는 왜 시퀸스에 안 넣나요? 내용으로보면 공격력도 늘려주고 좋아보이는데,,,,,0,False
2026-07-31,0,0,아이템,하이퍼버닝 비약 사용 질문,260 하이퍼버닝 적용해서 260 찍고 나면 성장 비약 사용할 수 있나요? 버닝효과 받고 있으면 사용 안된다던데 버닝 마약 버프나 아이템 버닝은 버닝효과로 안 치는건가요,,,,,0,False
2026-07-31,0,0,퀘스트,제네시스 패스 도전보스 질문,내일(8월1일) 검마 잡고 해방인데 도전 보스 잡는거 연습모드로 클리어 처리 돼나요? 세렌을 이미 잡아 버렸는디...,,,,,0,False
2026-07-31,0,0,기타,메이플m 인벤토리 질문이요!,인벤토리 확장할려면 파란다이아 사는수밖에 없나요? 이벤트나 다른 재화로는 불가능한가요?,,,,,0,False
2026-07-31,0,0,기타,프리스타일쿠폰 질문이요!!,이번에 나온 상반기 best 헤어쿠폰에 남자머리 페르가 있는데 제가 여캐거든요 헤어쿠폰에 프리스타일쓰면 남자머리 할 수 있나요?,,,,,0,False
2026-07-31,0,0,기타,울티마 카오스 2-3 뻉뻉이 해도됨?,가끔7단계떨어지는거 얻고싶은데 지금 정지당하는분들 막뜨길래 혹시나 손으로 카오스2-3 60%쯤 재입장 할려는데 이런건 문제없겠죠?,,,,,0,False
2026-07-31,0,0,기타,버섯자섹펫에 뜨는 s.d펫도 합성가능한가요?,ㅈㄱㄴ,,,,,0,False
2026-07-31,0,0,기타,뉴비 부캐 유니온 질문,현재 챌섭에서 본캐 키우고있는데 나중에 주는 그냥 하이퍼버닝은 유니온캐릭용 ( 예시: 은월 크뎀 ) 이런거 키우고 부캐는 다음 챌섭에서 키우는게 효율적으로 맞는거겠죠? 빨리 부캐를 키우고싶은데... 챌린저스에서 혜택? 다받으면서 하는게 좋아보이더라구여.. 주기가 반년이나 되지만,,,,,0,False
2026-07-31,0,0,기타,메m 어제부터 갑자기 약해졌어요,[이미지] [이미지] [이미지] 메m 마일리지캐는데 어제부터 갑자기 약해졌어요. 템이랑 스킬 다 빠져있길래 들고있는거 중에 젤 쎈 템끼고 스킬은 추천스킬 눌렀어요. 그래도 자꾸 미니던전 자동사냥 돌리면 스치면 죽어버리는데 이유 아시는분?? 캐릭은 저번에 칼리출시 이벤트할때 250찍어놓은 캐릭입니다.,,,,,0,False
2026-07-31,0,0,기타,투력 6600만 메린이 검마 잡고 싶습니다.,우선 메린이고 검마 이번에 처음 도전해봅니다. 3페가 너무 어려워 아직 못 깨고 있어서 그냥 스펙업을 조금 더 해서 딜찍누로 깨려고 하는데 어떤 스펙업이 가장 효율적일까요? 검마 배율은 192%고 닉네임은 총옘 입니다.,,,,,0,False
2026-07-31,0,0,기타,펫물약설정질문,안녕하세요 본캐 아델 이번챌섭에 렌 키우고 있는데 펫물약을 둘다 50%해놓고있습니다 질문은 아델같은경우 50%밑으로 체력이내려가면 빠딱빠닥 물약이 빨아지는게보이는데 렌은 50%밑이어도 빠딱빠딱먹어지지않습니다 먹긴 먹는거같은데 느낌상 피흡중엔 안먹어지는느낌?제가 잘못알고있는지 알려주시면 감사하겠습니다,,,,,0,False
2026-07-31,0,0,아이템,이 골때리는 코디를 저도 하고싶습니다,이 복면과 죄수복.. 가지고싶은데 템이름이 뭔지아시는분..,,,,,0,False
2026-07-31,0,0,아이템,핑크빈 후디는 못얻나요?,이번에 유입인데 쓰고싶은데 이벤트때 얻을수있는것처럼 보이는데 이벤트가 기간이 정해져있나요?,,,,,0,False
2026-07-31,0,0,몬스터,흉성 보스 웰케 공략이 이해가 안가네요ㅠㅠ,첨에 환영방이고 보라색 수치 다 차면 정수눌러서 마법수치 감소 0으로 만듬 0으로 만들고 현실방 가야 최종뎀 100프로 현실방에서는 보라색 수치가 다 차면 석상 2개 생김 어두운 석상은 최종뎀 감소지만 환영수치도 감소 오른쪽은 반대고 근데 왜 마법수치 0으로 만들고 현실방 넘어가는건가요?? 어치피 제한시간있어서 알아서 넘어가지지 않나? 일단 1분남았을때 포식수치 증가는 뭐 딱히 신경안써도 될거같고 흉성이 안아줘요 하면 포식 수치가 증가해서 그런건가요?현실방 가서 최종뎀 받고 극딜받을려고 그러나?,,,,,0,False
2026-07-31,0,0,아이템,챌섭 유입 뉴비 질문 하나만 드립니다.,챌섭유입 뉴비인데 아이템버닝있으니까 현질한다고 하면 자석펫 3마리 먼저 맞추면 되는건가요? 사냥은 평일 2시간정도 주말은 6시간 이상하는거같습니다,,,,,0,False
2026-07-31,0,0,아이템,이거 돌리다가 떳는데 어케해야하나요?,환산에 돌려보라는데 환산을 어케 돌리는지 모르겠는데,,,,,0,False
2026-07-31,0,0,퀘스트,(제네 해방) 하드 검마 파티격 흔적 획득량,"이번 챌섭 유입된 메린이입니다. 하드 검은마법사 클리어 시, 어둠의 흔적이 600개, 제네패스 시에 1800개 나온다고 알고 있는데 제네시스 패스 다인 파티시에도 어둠의 흔적이 1인당 1800개 나오는지 궁금합니다.",,,,,0,False
2026-07-31,0,0,퀘스트,메M 마일리지 받는 퀘스트 탭 어딨나요..?,메M 업데이트 있길래 업데이트 하고 들어오니까 본메 마일리지 700인가? 주는 탭이 어디로 갔는데 도저히 못찾겠네요.. 메고수형님들 제발 알려주세요 ㅜㅜㅜ,,,,,0,False
2026-07-31,0,0,기타,안녕하세요 뉴비 검마 질문드려요,검마를 한달에 한번 잡을수 있다고 해서 8월 되기전에 꼭 잡고싶은데 제가 늦게시작하는 바람에 현재 심볼이 올 19렙 아케인포스가 1390인데요 땡길수있는거 다 땡기고 했는데도 포스가 모자라서 검마배율이 142% 나오는데 하이퍼스탯을 아케인포스 찍고 가도 되나요?,,,,,0,False
2026-07-31,0,0,시세,마라벨 신발은 단종되면,가격이 오르나요 내려가나요? 남자 거 사려고 하는데,,,,,0,False
2026-07-31,0,0,직업,렌 돌진기 질문,얘는 원래 한번 앞으로 가면 무조건 뒤로 한번 해야 앞으로 가나요? 매번 할때마다 햇갈려 죽겠네 내가 모르는 뭔가가 있는건가 ㅠㅠ,,,,,0,False
2026-07-31,0,0,몬스터,노칼 최소컷 배율 질문,본섭에서 렌으로 노칼 108퍼 나와서 쳐봤는데 1페 14분 30초에 3극 + 준극으로 안 넘어가지고 17% 정도 남습니다 근데 유튜브에서 102% 나오는 사람은 14분 30초에 딱 넘어가지더라고요 아직 제 렌은 헥사스탯3 안 뚫었고 유튜브 올린 분이 헥환이 1000 정도 더 높았습니다 무슨 차이로 이렇게 크게 차이나는 걸까요 일필에 망혼강림을 안 맞추긴 하는데 이것때문일까요?,,,,,0,False
2026-07-30,0,0,몬스터,검마 극딜 질문,검마 연모로 클리어 1번 해보고 질문드림 1페 극딜로 넘어가고 2페도 사선땅개 녹스 피하면서 어찌넘어가고 3페에서는 파괴인가 창조 저주 신경 못쓰고 그냥 밀격 맵패턴 다피하면서 넘어가는데요 4페는 파운틴으로 버티면서 깡딜해서 겨우 클리어했어요 극딜할때 무적쓰고 하시나요? 의지쓰고 하시나요? 의지를 일단 올려두긴 했는데 3페에서는 저주 신경쓸 틈이 없음.. 직업은 렌입니다.,,,,,0,False
2026-07-30,0,0,시세,마라벨 신발은 단종되면,가격 올라가나요 떨어지나요? 남자 신발인데 하나 사줘야 하는데,,,,,0,False
2026-07-30,0,0,몬스터,검마 아케인포스 질문,현재 아케인 포스 1230입니다 검마 모집 파티 있길래 들어갔는데 1350이었나? 포스가 딸린다고 안받아 주시더라구요 아케인포스 부족하면 데미지가 거의 안들어가나요? 하루 남았는데 100 넘게 채울방법이 있을까요..,,,,,0,False
2026-07-30,0,0,직업,유니온 계정 버리고 새로 키우는게 맞을까요 조언 부탁드립니다!,이번에 복귀한 유저인데요 예전에 유니온만 열심히 해서 9000정도 찍어놓고 직업 밸런스 모르는 상태에서 히어로가 끌려서 히어로로 복귀했습니다. 근데 생각보다 조작감도 너무 불편하고 지금 챌섭이 두달정도 남은 걸로 알고 있는데 이 계정을 버리고 다른 계정에서 새로 시작해도 안 늦었을까요?? 유니온 9000이 예전에는 찍기 되게 힘들었는데 직업 때문에 이걸 버리는게 맞나 싶기도 하고 이번 여름에 꼭 메이플 제대로 해보고 싶기도 해서 너무 고민됩니다 ㅠㅠ 조언 부탁드려요,,,,,0,False
2026-07-30,0,0,기타,첼섭 테라버닝 딸기농장,연합토큰 딸농 쿠폰 테라버닝 캐릭 몇랩 때 들어가야 끝났을때 200되나욤..?,,,,,0,False
2026-07-30,0,0,시세,메소값이 떨어진 이유가 무엇인가요?,메소값이 떨어진 이유가 무엇인가요?,,,,,0,False
2026-07-30,0,0,기타,뉴비 챌린저스 서버 부캐(?) 질문,이번에 완전히 새로 시작했고 하이퍼버닝 받아서 키우고 있어요 테라버닝을 3갠가 더 주던데 이걸로 유니온 캐릭터 챌린저스 서버에 키워놓고 같이 월드리프 하면 되나요? 재미있어 보이는 직업으로 병행해서 같이 키울까 하다가 하이퍼버닝 이벤트 시즌에 또 하면 기다렸다가 그걸 이용해서 부캐를 키우는게 좋을 것 같아서요 보통 어떻게들 하시나요?,,,,,0,False
2026-07-30,0,0,몬스터,뉴비 익스우 트라이 파티는 어떻게 구해야하나요?,보스구인 찾아봐도 다들 빡숙분들밖에 없으신거같아서 뉴비는 어떻게 구해야할지 모르겠습니다.. 그리고 파티로 보스를 잡아본적이 없는데 유튜브 방송인분들보니 서로 극딜타임 잡고 하시던데 팁도 좀 알려주시면 감사하겠습니다 배율은 73.99입니다,,,,,0,False
2026-07-30,0,0,기타,지금 복귀타이밍 너무 늦지 않았나..,"현재 대학생이고 6년 만에 복귀입니다. 이번 방학, 자격증 따고 남는 시간 동안 메이플 하려고 하는데 너무 늦었나요? 다음 방학에 시작하는게 좋을까요. 그리고 요번에 시작한다면 시간이 애매한데 제네패스 사고 시작하는게 맞을까요. 8월 초중반 부터 시작할 수 있을거 같은데",,,,,0,False
2026-07-30,0,0,아이템,울티마스쿼드 옵션이 너무 헷갈려요.. 한번만 봐주세요,지금 현재 모니터인데 공퍼센트랑 마퍼센트는 1퍼당 공격력이 몇인가요..?? 지금 이렇게 떴는데 비포를 고를지 에프터를 고를지 모르겠네요 .. [이미지],,,,,0,False
2026-07-30,0,0,기타,검정색 피부 만들고싶은데 새까만색!!,"스킨프리즘 하나만사서 채도명도 다 내리면 되는건가요 !? 아니면 다른 방법이 있나요?? 친구가 두개사야한다고해서 돈이 더 들어갈까 해서요 ,,,!!!",,,,,0,False
2026-07-30,0,0,기타,키바인드 변경 해도 되나,우측 컨트롤 시프트 따로 쓰고싶어서 깃에서 키바인드 프로그램으로 딴키 인풋으로 바꿔서 되는 거 확인했는데 혹시 이렇게 쓰면 문제되나?,,,,,0,False
2026-07-30,0,0,기타,지금 노버닝 276인데,사냥 5분만하면 잠이오는데 279까지 올리는 좋은방법 없나요? 챌린저스 패스는 구매했습니다,,,,,0,False
2026-07-30,0,0,기타,다음 스펙업은 어떤쪽으로,견실하게 조각이 젤 나을까요?? 18몽벨 18마깃 생각중이긴 합니다,,,,,0,False
2026-07-30,0,0,기타,지금 284인데 챌섭기간 동안 290가능함?,284 50%고 몬파는 매일 2판 일요일만 7판 재획은 매일 2소재 / 경타포스때는 메제 악몽선경은 기본할건데 만약에 1단계 다 돌리면 290찍어지면 1단계는 할 생각있음 모멘텀은 안샀음 지금 최하층4에서 포탈사냥중인데 카르시온 자리 맘에 안들어서 어서 탈라하트 가고싶음,,,,,0,False
2026-07-30,0,0,기타,뉴비) 레벨별로 사냥터는 어디 가야 하나요?,카르시온 첫시작인데 자기렙보다 플마1잡으면 추가경험치 들어간대서요. 285가 바로 289짜리 잡으면 손해고 286짜리 잡아야 하는건지.. 이런거 나와있는 사이트라도 감사합니다,,,,,0,False
2026-07-30,0,0,기타,뉴비입니다 메이플을 시작하고 해방퀘를 진행하는도중인데,제네패스를 살까 말까 고민다가 메이플을 오래할거같에서 제네 패스를 구매하려고하는데요 해방퀘 진행중이긴한데 오늘 구매해도 상관 없을까요??,,,,,0,False
2026-07-30,0,0,기타,헥사떡작 이거 밀어도 될까요 ㅠㅠ,여기서 3번째가 공주크 488떳는데 밀면 조각 너무 손해인가여 ㅠㅠ 속상하네요 [이미지] [이미지],,,,,0,False
2026-07-30,0,0,아이템,여기서 스팩업을 어떤 방향으로 잡아야 할까요?,목표가 첼섭 끝나기 전에 첼린저스 월드 첼린저 달고 싶은데 이 뒤로 스팩업들이 너무 돈이 많이 들거나 아예 바꿔야 하는거 같은데 이정도로 스팩 만들어본게 처음이라 이후로 뭘 할지 모르겠어요 조금이라도 알려주시면 감사하겠습니다 [이미지] 그리고 손이 안좋아서 카링 넉넉컷까지는 올려야 될거 같아요....,,,,,0,False
2026-07-30,0,0,아이템,트왈마 24퍼,렌으로 복귀한 뉴비인데 힘 15퍼 뽑을려다가 인 24떠서 걍 한달 기다렸다가 팔까요? 무자본입니다,,,,,0,False
2026-07-30,0,0,기타,메m 250작 질문!,메m 이번에 렌으로 250작하려는데 깜빢하고 사전예약 못햇는데 그럼 250찍기 어려울까요 ?,,,,,0,False
2026-07-29,0,0,기타,카이저 바이퍼 둘중,있던 부캐 이적자까지 돌수있게 스펙업할건데 어떤 캐릭터가 이적자 잡기 더 편하고 체급도 좋을까요?? 아시는분 알려주시면 감사하겠습니다,,,,,0,False
2026-07-29,0,0,기타,9만 본캐 스펙업 vs 부캐 스펙업 선택 도와주십셔,현재 템환/헥환 9.6 / 9.3 이 본캐입니다. 이번 챌섭 칼리 키우는데 너무 재미있어서 익스우/노흉 솔격까지 올려볼까라는 생각이 있습니다. 근데 본캐도 언젠간 데티해방도 시켜주고싶긴 해서... 언젠간 둘다 올리겠지만 순서가 좀 모호해서 질문드립니다. 결론적으로 고민되는것은 닼나 스펙업 더 해서 하드림보/흉성 나중에 벨로나 까지 돌수있을 정도의 스펙업 vs 부캐 익스우 라인까지 만들기 중 어느것을 먼저하는게 좀더 효율적일지 질문드립니다! 감사합니다,,,,,0,False
2026-07-29,0,0,기타,솔야누스,챌린저서버 졸업하면 사라지나용 아직 3만점이라 끝날때까진 할생각이긴한데용,,,,,0,False
2026-07-29,0,0,기타,메린이 질문이 있습니다,"챌섭 이지카링만 잡으면 9만점으로 곧 졸업을 앞두고 있습니다 하지만 아직 아이템버닝 마지막 단계 못함 + 리레 살 돈 없음 .. 하지만 본섭 넘어가면 5석펫이 있습니다 이걸 바로 넘어가야할까요 아니면 챌섭에서 버텨야할까요 ?.. 본섭 유니온 9000넘습니다 ,,",,,,,0,False
2026-07-29,0,0,직업,챌섭에서 레테 200 테라버닝했는데,챌섭은 뚱성비? 그걸 못쓰잖아요 근데 지금 레테캐릭에 이벤트로 주는 데미지스킨이랑을 적용시켜놔서 이걸 사전리프하고 본섭에서 뚱성비 먹여서 이벤트 진행해도 상관없나요?,,,,,0,False
2026-07-29,0,0,기타,"대화창에 명성치, 아직 쓸 수 없습니다 지우는법",어케 해야 하나요 ㅠㅠ,,,,,0,False
2026-07-29,0,0,기타,보스돌이 재화투자 질문,"카이저 바이퍼 전투력 둘다 7천만 정도되는 주보돌이가 있는데, 조각사용을 거의 안했습니다, 조각보단 템사는게 나을거같아서 안샀는데, 얘네들도 좀 더 키워서 이적자나 칼로스돌이로 만들고싶습니다 여기서 질문인데 주보돌이에 조각을 사서 먹이는게 아깝다고 느껴지는데 이적자나 이칼까지 하려면 어쩔 수 없이 조각을 사서 먹이는게 좋을까요?? 사실 체급좋은 직업이였으면 망설임없이 투자했을거같기도 한데,, 위에 두직업은 좀 투자하기 거시기하네요,, 이벤트로 주는 조각들은 이번챌섭 진심부캐에 다 투자중이라 무료재화 조각은 여유가 없습니다ㅠ 이적자돌이 많으신 분들의 고견이 듣고싶습니다",,,,,0,False
2026-07-29,0,0,아이템,하프이어링 가위가 안써지는데 왜이럼?,[이미지] 경매장에서 저렇게 판매되는거 구매한 뒤에 하나도 안건드렸는데 실버가위 왜 안써짐?,,,,,0,False
2026-07-29,0,0,기타,울티마 후발대 질문있습니다.,전사 궁수 마법사 각각 35 35 27 인데 2-6이 클경 효율 제일 좋다고 계산기에 떠있으면 걍 여기 무한 잠수 태우나요? 레벨은 몇까지 잠수 태우다가 다음 맵 각을 봐야 할까요? 템은 현재 5545 5445 5454입니다. 3-4에서 막혀서 못깨고 있네요.,,,,,0,False
2026-07-29,0,0,기타,챌섭 월드리프 질문이요,스카니아서버로 캐릭터 1개 옮겨뒀는데 그럼 나머지 4캐릭 모두 스카니아로만 갈 수 있나요 ? 아니면 다른서버로 보낼 수 있나요 ?,,,,,0,False
2026-07-29,0,0,직업,챌섭 헥환템환 8000 떨어졌어요,챌섭이고 23일에 템환 51000 헥환 43000이었는데 오늘 보니까 헥환 46000 헥환 39000이 되었네요ㅜ 어떤 영향일까요,,,,,0,False
2026-07-29,0,0,기타,사우나 어디에 쓰는게낫나요?,몇년만에 복귀해서 모르는게 많아 질문드립니다 현재 챌섭 280까지 키워놨는데 사우나 10시간정도 모여있더라구요 이거 280캐릭에 박는게 날까요? 아니면 본섭에 유니온 올리는게날까요? 현재 유니온은 9500정도긴한데 200캐릭에 박아서 1~2업씩 더하는게날까요? 280캐릭에 박으면 7퍼정도 먹네요,,,,,0,False
2026-07-29,0,0,퀘스트,재네패스샀는데 검마 필수인가요?,검마 배율 146퍼 나오는데 도저히 못깨겠어요ㅜㅜ머리 박치기하기엔 시간도 부족하고 검밑솔까지는 다 되는데 검마 안잡아도 패스기간까지 해방가능한가요?? 지금 윌 해방퀘 진행중이예요!,,,,,0,False
2026-07-29,0,0,아이템,프악공마 뜻,스펙업 순서 보는데 프악공마 뜻이 뭔가요,,,,,0,False
2026-07-29,0,0,아이템,챌섭 하메 템진로 조언 받고싶습니다,지금 기준 하메가 97퍼가 나오는데 한 3퍼만 더 올려서 무한트라이 박으려 합니다 일단 다음주에 스펙업 되는게 좀 있을거같아서 다음주는 확정클 될거같긴한데 지금 템 상황에서 어느걸 올려야 스펙업이 될까요 100억정도 보유중이긴한데 최대한 클컷만 맞추는 선에서 스펙업 하고싶습니다,,,,,0,False
2026-07-29,0,0,아이템,칠요의 뱃지,맞춰주는게 좋나요?,,,,,0,False
2026-07-28,0,0,기타,메이플 폴더속 잡파일? 지워도 되는걸까요,확장자가 무슨 $$$인데 처음보는 파일이네요. 지워도 될까요? [이미지],,,,,0,False
2026-07-28,0,0,기타,야누스 교환권 질문 있어요,야누스 22렙때 교환권 먹이면 30렙 된다고 들었는데 본캐 야누스 레벨이 20인 상황이에요 20렙인 상태에서 교환권 먹여도 손해나 그런건 없나요??,,,,,0,False
2026-07-28,0,0,기타,메이플 결혼 하는 방법 있나요?,메결 가능한 방법이 있는지 궁금합니다 능력치 이런거 상관없고 단순 결혼만여!,,,,,0,False
2026-07-28,0,0,아이템,님들 울티마 아이템 분해 질문좀...,일단 저는 울티마 후후후발대여서 초반 맵 1지역 밀고 있습니다. 근데 울티마 스쿼드 팁중에 '아이템 분해하지 말고 무조건 합성해라 소량의 골드는 큰 의미 없다. '고 하던데 저는 아이템 합성했더니 지금 다섯번째 2단계 법사템 나옵니다...😑 법사캐릭 해제하려면 2-6이나 클리어 해야 되던데 혹시 지금 마법사 2단계 템 싹 분해하면 손해인가요?? 알려주시면 감사하겠습니다.,,,,,0,False
2026-07-28,0,0,기타,링크 어떻게들 쓰시나요 선생님들 ?,리프할 서버에 챌섭 20캐릭 200물약으로 만들어 놓고 있는데 보스용 사냥용 이렇게 나뉘어서 하시더라구요 보스용 먼저 만드는게 정배 같긴 한데 12자리 어떻게 채워서 쓰세요 보스용 ?,,,,,0,False
2026-07-28,0,0,기타,블링크헤어 ai 일러스트 대체 헤어 알려주실분,이게 콜라보헤어라 그런지 ai 일러스트가 적용이 안되서 일러용으로 느낌만 낼 헤어 좀 알고싶습니다,,,,,0,False
2026-07-28,0,0,기타,울티마 파밍,"2-2 보스까지 1분 26초, 2-7 보만튀 1분 50촌데 어디서 파밍하는게 더 나을까요?",,,,,0,False
2026-07-28,0,0,기타,메린이 제네 패스 질문,"안녕하세요 형님들! 이번에 스펙업 알아보니 제네패스가 굉장히 좋고, 해방이 종결무기라는 이야기를 보고 일단 패스를 구매는 했는데... 현재 스펙으로 보스를 노멀 진힐라 (스킬하고 버프 다시 공부해서 오늘 아침에 깼습니다)까지 현재 가능한 상황입니다. 어둠의 흔적을 일단 300까지 모으고 반레온 하는 상황인데, 이거 패스 끝나기 전까지 혼자서 해방 충분히 가능한 상황인가요?? 아니면 고수분들께 부탁드려서 검마라도 파티 좀 껴달라고 해서 들어가야 하는 상황인지.. 여쭤봅니다. 현재 280렙에 헥사 20,297 정도 나옵옵니다. 하드윌까지 일단 솔 가능하다 해서 도핑 최대로 하고 들어가고 있습니다.",,,,,0,False
2026-07-28,0,0,시세,메소마켓 생성 3일제한 관련,챌섭에 생성한지 한달된 캐릭을 스카니아로 리프보내면 스카니아에서 메소마켓 이용 바로 가능할까요?,,,,,0,False
2026-07-28,0,0,기타,챌섭 챌린저 가능할까요?,"안녕하세요 메이플을 20년만에 다시 해보는데요 하루에 1~2시간 정도 하고, 패스 3종은 구매했구요 이대로 이번 시즌 챌린저 가능할까요? 플레이시간을 늘리거나 과금을 해야 할까요? 혹은 과금을 했을때 그만큼 챌린저 보상이 좋은가요? 너무 오랜만인지 정말 하나도 모르겟어요 ㅎ 아 직업은 히어로 입니다!",,,,,0,False
2026-07-28,0,0,직업,복귀를 해볼까 하는데요! 조언 좀 부탁드리겠습니다ㅎㅎ,"작년엔가 렌 나와서 챌섭에서 하다가 280?인가 찍고 본섭으로 옮겨두고 복귀를 하려고하는데요! 렌 컨셉이나 컨트롤이 그나마 쉬워서.. 렌을 계속 해보고싶은데 렌은 이제 아이템버닝 아이템이나 그런게 다 사라졌을거란 말이죠? 이런 경우에 복귀를 하려면 챌섭에서 뭘 키우면 좋을까요? 그냥 신캐릭 찍먹하면서 돈 벌면서 넘어와서 렌한테 돈 몰아주고 템 맞춰주고 키우는게 나을까요?? 아마 하루에 한 두어시간 정도 게임 할 수있을거 같고, 현질은 달에 정말 소소하게? 5~10? 정도 할거같아요",,,,,0,False
2026-07-28,0,0,몬스터,하발 배율 질문드립니다,하발가보려하는데 하발110~115정도면 많이 빡빡할까요??,,,,,0,False
2026-07-28,0,0,아이템,챌섭 챌린저 목표 질문드립니다,"현재 챌섭에서 챌린저 목표로 하고 있습니다. - 조각 1600개 사용, 헥사 3단계 해방 - 심볼 55555 지금 하메 배율로는 82.74% 나오는데, 110%목표로 스펙업을 하려고 합니다. 지금 최우선 스펙업 요소가 무엇일 지 알려주시면 감사하겠습니다.",,,,,0,False
2026-07-28,0,0,아이템,"챌린저스 리레링, 컨티링 리프하면 없어지나요?",앞에 챌린저스가 붙어있어서 리프하면 없어지나 싶어서 물어바요 ~,,,,,0,False
2026-07-28,0,0,직업,보마 메이린 배율 질문있습니다 !,"안녕하세요 헥사환산 4.4 보우마스터 유저입니다 메이린 배율 91.84퍼 나오고 20분 꽉 채워서 해 본 결과 <어센트 초기화 1회 바인드 1회 5차 이하 스킬 초기화 1회 > 20퍼 남기고 못깼습니다 배율 몇 퍼쯤 나와야 클각이 보일까요 ,, ?!?",,,,,0,False
2026-07-28,0,0,기타,누비 챌린저 달수 있을까요?,a잉잉 이번주 제네 해방하고 모든재화 털어서 레유 윗1줄 아래2줄 맞췄는데 하메 70%정도밖에 안나오더라구요.. 매일 일퀘 + 몬파2판 정도만 하는데 챌린저 가능할까요? 제네 패스 플러스는 지를까하고있어요..,,,,,0,False
2026-07-28,0,0,아이템,템환 8만목표인데 교체부위 추천좀 부탁드립니다,[이미지] [이미지] [이미지] [이미지] 익스우 솔격 목표이고 본캐로 키우려합니다. 헥사강화 신망견 부위교체예정이에요. 메고수님들 많은 의견 기다립니다~~~,,,,,0,False
2026-07-28,0,0,기타,화면깨짐 현상 이거 어케 고치나요,"사우나 넣어두고 잠깐 나갔다 왔는데 개박살났는데 어카나요 OTP인증 화면부터 서버선택, 캐선창도 이상황인데 방법좀여 재설치한 상황이예요 [이미지]",,,,,0,False
2026-07-28,0,0,아이템,복귀 뉴비 질문...,이번에 레테로 다시 복귀해서 저과금으로 실버등급 뉴비입니다... 한 30~40 만원 더 현질 생각이 있는데 스공이 6500만 가량이고 검마 잡다가 현타 씨게와서 멍때리는중인데 자석펫 을 사야하나요? 아니면 스펙업 아이템을 사야하나요? 자석펫이 없어서 디진라벨? 펫 3개 샀는데 사냥할때 너무 정신이 없어서 고민중입니다. 사냥도 해야하고 보스도 해야하는데 둘중 어느거를 고를까요..?,,,,,0,False
2026-07-28,0,0,퀘스트,울티마 3-1 뺑뺑이가 나을까요,어제 2-10 이어서 3-1 뚫었고 3-2 못 뚫은 상태고 32 31 20 정도 됐습니다 5렙 장비가 궁수 모자밖에 없고 전사 법사는 아직도 무기가 3레벨인데 장비 파밍을 위해서도 경치 좀 손해보더라도 3-1 뺑뺑이가 나을까요?,,,,,0,False
2026-07-28,0,0,기타,메이플 창모드 검은화면 어떻게 없애나요,아래에 갑자기 검은화면이 보입니다,,,,,0,False
2026-07-28,0,0,기타,메이플 파티플 질문,"안녕하세요 요번 챌섭 유입입니다. 해방하려고 검마 잡으려는데 시간상 솔플은 엄두가 안나서 2~3인플 해보려는데 메이플은 공방 파티 문화가 어떤식으로 형성되있는지 알고 싶습니다. 보상분배 과정이나 파티모집, 공팟 용어 기타 등등이요. 본진이 로아라 로유법 가능하시면 더 이해가 수월 할 것 같습니다. 알려주시는 분들께 사례는 따로 못 하지만 미리 깊은 감사의 말씀을 전합니다. 글 읽어주셔서 감사합니다.",,,,,0,False
2026-07-28,0,0,기타,울티마 스테이지 밀고싶은데 스킬 어케 가져가야되나요?,35 35 27 렙이고 스테이지 밀고싶은데 조합 어케 가져가야될지 모르겟어용 (질문글 삭제 안해여),,,,,0,False
2026-07-28,0,0,기타,보통 하세이칼돌이 ~ 노적자돌이 캐릭터들은 조각 몇개정도 투자하시나요 ?,지금 챌섭에 키우고 있는 캐릭터가 딱 하드 메이린 110%대 배율이 나오는데 조각이 2300개정도 들어가서 교불 조각을 더 투자해줘야 할 지 본캐에 조각을 줄 지 고민되네요 ㅠㅡㅠ,,,,,0,False
2026-07-28,0,0,기타,엠작 목요일에 해야되나요?,근데 목요일에 하려다가 지금 같은 시세 회수율 안나올까봐 걱정인데 걍 지금할까요,,,,,0,False
2026-07-28,0,0,기타,본캐 / 챌섭 부캐 투자우선권 질문입니다.,"현재 본캐 렌 환산 44,267 / 챌섭 부캐 레테 환산 42,309 입니다. 두 캐릭의 환산 차이는 있지만 숙련도 및 피로도 부분으로 비교했을때 클리어 시간 및 난이도는 비슷합니다. 본캐 렌 현재 리레3렙 , 어센트(4렙) , 추가코어(화중군자) 오픈x 상태 -> 리레4렙 어센트10렙 추가코어오픈 부캐 레테 현재 우측상단 헥사코어 각각 19렙(환산헥사코어순서기준) 을 찍으라고 되어있음 (리4,어센트10렙임) 주보돌이를 하여 두 캐릭중에 하나를 먼저 나와있는 목표에 도달하고싶은데 우선순위를 모르겠습니다. 고민을 하다하다 정리가 안되어 여쭈어봅니다. 효율적으로 보았을때 우선순위를 어느캐릭에 두어야할까요??",,,,,0,False
2026-07-28,0,0,몬스터,뉴비 환산주스탯 보스 배율,안녕하세요 이번에 새로 메이플을 시작한 뉴비입니다. 환산주스탯 기준으로 보스 배율이 100%를 충족하는데도 고인물분들은 쉽게 깨는 보스를 저는 패턴도 익숙해지고 딜 사이클을 똑같이 굴려도 딜이 모자란 경우가 종종 있습니다. 이런 차이가 나는 이유가 무엇인지 궁금합니다.,,,,,0,False
2026-07-28,0,0,몬스터,보스 외곽선 설정 프리셋 있음?,보스 돌때만 외곽선 설정 되게하고 사냥할때는 외곽선 설정 없이 하고싶은데요 프리셋에 설정도 넣을수 있음? 지금은 방법을 몰라서 보스돌때만 설정만지고 보스 돌고나면 설정 끄는식으로 하고있는데 프리셋 설정하는 방법좀 알려주세요,,,,,0,False
2026-07-28,0,0,아이템,환호지선 사신 분들 질문,지금 제가 무기 코디템 무기를 작은초식동물(근육토끼) 끼고 있는데 프리셋을 작은초식동물끼고 원본무기를 환영지선을 끼면 여우 이펙트는 그대로 출력이 될까요? 혹시 전신바뀌는 무기 있는 분들 환영지선 여우 이펙트 출력 되는지 알려주실 수 있으실까요?,,,,,0,False
2026-07-28,0,0,기타,5석펫가는게 맞을까요 풀드메 가는게 맞을까요....ㅠ,하루에 6소재정도 하구있는데 5석펫 너무 마려워서 메제 채운다 생각하면 5석펫갈까요 아니면 일단 풀드메 할까요 ㅠㅠ 지금 드메는 100 100이에용,,,,,0,False
2026-07-28,0,0,기타,안녕하세요...메이플 시작 3주차인데..,"일단 대학교 동기에게 꼬드겨져서 이번에 메이플 시작하게 되었는데... 생각보다 보스 잡는 게 너무 재밌어서 요즘 시간 가는줄 모르고 하고 있습니다... 근데 현재 하드 뎀까지 똥꼬쇼로 깨고 노말 진힐라 들어갔다가 현타와서 열심히 스펙업 하고 있는 상황입니다. 일단 친구가 말한 어센틱포스 열심히 올리고 있고, 좀 가능하면 장비도 옥션으로 구할 수 있을까 하여 열심히 공부하고 사냥해보고 있는데, 메소가 너무 안벌려서 원래 이런건지 선생님들에게 여쭙고자 합니다. 일단 현재는 280렙 찍고 매일 피로도 500찍으며 열심히 쥬니퍼 채집 노가다 하고 일일보스들 다 돌면서 모아서 하루 대충 2억 정도 벌고 있는 상황입니다. 근데 옥션의 템들은 이미 가격들이 몇십억이라 제가 저걸 사려면 챌섭이 끝날때쯤에 살 수 있을거 같고... 스펙업을 해야 좀 보스를 잡으면서 메소를 더 벌거 같은데 현재 할 수 있는게 생각보다 없는거 같아서 살짝 막막하네요. 일단 퀘스트와 몬파, 에던 등등 친구가 말한 숙제들을 열심히 하고 있는데, 제가 여기서 더 스펙업이나 메소를 벌려면 그냥 사냥 하는거 말고 더 할 수 있는게 없는걸까요? 아님 역시 자본주의가 답인걸까요...? 보스 연습하고 잡으면서 스펙업하다가 한순간 할수 있는게 적어지고 막히다 보니까 답답해서 고수분들께 질문 남깁니다... 좋은 조언 부탁드립니다...",,,,,0,False
2026-07-28,0,0,기타,친구가 챌섭을 이제 시작하는데 챌린저 서버 닫힐때까지 달성 가능할까요 ..?,패스만 살 예정이고 다음달 검마같은건 제가 버스태울 예정인데 가능할까요 ..?,,,,,0,False
2026-07-28,0,0,기타,패치포인트비니얻을려면,땡땡이 디스트로이트 세트(남) 밖에없나요? 여캐여도 이거사야하나;;,,,,,0,False
2026-07-27,0,0,직업,오리진 패치이후 무조건 선오리진이 좋나요?,직업 무관하게 오리진을 쓰는게 오히려 쿨밀림이 없는거면 그냥 시퀀스 박고 바로 오리진쓴다음 각 직업싸이클 굴리는게 더 좋은건가요? 후오리진 쓰는 직업도 있는거 같은데 이게 쓰던게 익숙해서 후오리진을 하시는건지 진짜로 좋은건지 잘모르겠네요. (진짜모름),,,,,0,False
2026-07-27,0,0,직업,보마 검마 3페 사선 피하는 법 질문입니다.,"안녕하세요 연습모드 박으면서, 2페 4페는 잘 넘어가는거 같은데, 3페에서 사선땅개가 나올 때 계속 데카가 갈립니다. 지금 검마를 오른쪽에 주차하고 첫번째 방법으로 오른쪽 벽에서 블링크를 써서 버티는 방법은 블링크 중에 밀격을 맞고 데카가 갈리고, 두번째 방법으로 왼쪽으로 점프 + 리트리트 샷으로 땅개를 피하려고 하면, 점프를 할 때 밀격을 맞아서 왼쪽 벽 끝으로 날라갑니다. 이 사선땅개만 피하는 방법만 알면 나머지는 피할 수 있을 것 같은데, 어떤 방법으로 피해야 되나요? 유튜브 클리어 영상들은 더블점프, 텔포로 피하시던데 이거 이해가 안갑니다. 질문 글을 찾아보면 리트리트 샷으로 피해야된다고 하던데, 어떻게 피해야 되나요?",,,,,0,False
2026-07-27,0,0,기타,5석펫 사냥 팁이 있나요,주력기 꾹 누르고 1분 안에 자리를 이동해야 사냥이 되잖아요 3석펫 땐 야누스 남은 쿨 보고 이동할 시간을 쟀었는데 5석펫 하니까 노쿨이라 그게 안되네요.. 체감상 3석펫때보다 화면을 더 많이 보는 것 같아서 오히려 더 피로합니다 1분 재는 팁이 있을까요..,,,,,0,False
2026-07-27,0,0,기타,하루 평균 6소재 하는데,30분&20분 유뷰&유행 다 쓰면서 사냥중인데 유니온 전투력 작 해주는거 체감 많이 될까요?,,,,,0,False
2026-07-27,0,0,기타,챌섭 검마 기운먹자 시세가 어떻게되나요?,시세가 궁금합니다 또 검마먹자 기사는 디코에서 구하면되나요?,,,,,0,False
2026-07-27,0,0,몬스터,검마 가고 싶은데 될까요?,투력 3400 레테인데 아케인 포스 1190이에요 파티 같은곳 들어가서 할려했는데 1320 이상은 되야 된다네요 아케인 포스 이번달 내로 올릴수있을까요? 일퀘당 얼마나 오르는지 몰라서 4일밖에 안남았는데 될지 몰겟네여 고수님들 알려주시면 감사하겠습니다,,,,,0,False
2026-07-27,0,0,아이템,프펫공작할건데,d라벨펫에 할건데 나중에 자석펫장비에 옮겨지나요?,,,,,0,False
2026-07-27,0,0,기타,메제 채우고 계속 사냥하실때 재획비 드시나요?,메제 채우고 계속 사냥하실때 재획비 드시나요? 어차피 다조 하나만 먹으면 멘징이긴한데 먹는게 맞나? 라는 생각이 드네요 현재 사냥드랍 소재비 안먹고 142%입니다,,,,,0,False
2026-07-27,0,0,기타,메포 1만원 때문에 현질했습니다..,악몽선경 1단계 받고 싶어서 1만 캐쉬 했는데 이걸 캐쉬샵에서 메포로 바꾸고 1단계 적용하면 되는건가요? 원래 이렇게 하는건지 궁금합니다. 더 좋은 방법이 있다면 말씀 부탁드립니다!,,,,,0,False
2026-07-27,0,0,아이템,드메 vs 스펙업,지금 하드메이린이 98%좀 안 되게 나오는데 템을 사서 메이린을 잡을까 드메를 사서 천천히 할까 고민중인데 어떻게하는게 나을까 평일엔 평균적으로 3소재는 허는듯 주말엔 메제 거의 채우고 조언 plz,,,,,0,False
2026-07-27,0,0,기타,안녕하세요 컴퓨터 질문있어요,CPU : I7-7700Q 그래픽 : GTX1050 메모리 : 8GB SSD : 256GB HDD : 500GB 노트북 이정도 사면 메이플 돌아갈까요?,,,,,0,False
2026-07-27,0,0,기타,200억 챌린저 가능한가요 고수분들의견이 궁금합니다,안녕하세요 이번 챌섭으로 복귀한 유저입니다 현재 상태가 레벨만 조금만 올리면 마스터이고 본섭 본캐에 제네시스 패스를 써서 챌섭캐릭은 해방은 어려울것 같은데 200억 정도 투자하면 챌린저 가능한가요?,,,,,0,False
2026-07-27,0,0,기타,챌린저 달성 목표 모멘텀패스vs다조 헥사,현재 레벨은 281 70퍼고요 챌린저 달성이 목표입니다 템환산은 53200정도인데 헥사환산이 43000정도더라구요 그래서 모멘텀으로 285를 찍고 하메포뻥을 받고할지 아니면 패스값만큼 다조를 사서 헥사를 올릴지 고민입니다,,,,,0,False
2026-07-27,0,0,기타,챌섭 리프 시기 질문,본섭엔 유니온 9천 + 5석펫있고 챌섭엔 자석펫 피시방꺼만있는데 챌린저땃으면 넘어가도되나? 자석펫1마리 감질맛남 하드메이린때문에 그냥있는게 이득인가...?,,,,,0,False
2026-07-27,0,0,아이템,렌으로 버닝템 받았다가 레테로 갈아타면서 삭제했는데...,이거 복구는 못하죠? 만약에 버닝기간 끝난셈치고 비슷한 템을 산다면 얼마나 드나요?,,,,,0,False
2026-07-27,0,0,기타,그 메린이인데 챌섭유저 월드리프 언제하나요 ??,지금 보니까 월드리프가 8월19일까지라고 본거같은... 이거 혹시 선발대가있고 후발대가있고 그런건가요 ?? 리프를 1차 2차 나눠서하는건가요 ?? 아니면 8월19일전에 꼭 리프해야하는거에요 ??,,,,,0,False
2026-07-27,0,0,기타,울티마 스쿼드 장비 착용한거 원래 안보이는 거임?,ㅇ,,,,,0,False
2026-07-27,0,0,기타,피씨방 누적시간 초기화 당일 목요일은 누적시간 적용 안됨?,저번주 목요일 패치끝나고 피씨방에서 켜놨었는데 누적시간에 집계가 안되있네,,,,,0,False
2026-07-27,0,0,기타,뉴비 질문있습니다,예전 소마하다가 이번에 렌으로해봤는데 .재밌어서 조금더 해볼려고합니다 현재 스우1인 지원 상자까지 받고 250인데 지금이라도 그 제네시스? 패스 사면 패스 기간안에 가능할까요?그리고 260까지 아무것도 강화 안하고 렙업만하면될까요?,,,,,0,False
2026-07-27,0,0,기타,올티마 전사 28때 망치와 디바이드 쓰고 자동돌리면 됨?,제목 그대로 전사 28됬을때 망치하고 디바이드 끼고 돌리면 됨?? 그리고 28 27 15면 2-4 자동이 맞죠??,,,,,0,False
2026-07-27,0,0,기타,쌤들 환산 읽는법좀 알려주세요!,이러면 보통 말할때 환산 5.6이라고 하나요??,,,,,0,False
2026-07-27,0,0,아이템,작을 새로 해주는게 나을까요?,[이미지] [이미지] [이미지] 이 템들 주흔 15퍼 작으로 바꿔주는게 나을까요..? 템환 6.5 헥환 5.4인데 제가 헥사가 많이 부족해서 이건 두고 헥사에 중점적으로 투자할까 했는데 환산에서 이걸 먼저 하라고 하더라고요 30퍼작을 밀고 15퍼작을 하는게 차이가 많이 큰가요??,,,,,0,False
2026-07-27,0,0,기타,복귀유저 질문드립니다!,이전에 엘리시움서버에서 250레벨까지 했던 사람인데 다시 시작하려는데 뭐부터 해야하나요...? 챌섭은 또 몬가요ㅠ,,,,,0,False
2026-07-27,0,0,기타,챌섭에서 엔버링크 사용 ㄱㄴ?,챌섭시작한 보마 인데 다른 챌섭영상보니까 엔버링크쓰는걸 봤는데 챌섭에선 링크스킬 사용못하는거 아님? 사용할수있는 방법이 따로 있는거임?,,,,,0,False
2026-07-26,0,0,기타,복귀뉴비 두가지 질문드려요,"이번에 복귀해가지고 챌린저스서버에 캐릭 5개 만들었습니다. 하이퍼버닝해서 지금 260까지 했고, 나머지 4개 캐릭은 200을 만들었는데 여기 질문게시판을 보니 몇몇분들이 200레벨로 바로 업할 수 있는 아이템을 받았다는데 그건 어떻게 받는건지 두번째는, 하이퍼버닝으로 260까지는 쉬웠는데 200까지 만들었던 캐릭들은 이후에 레벨업을 어떻게 해야되나요? 200찍고 소멸의 여로에서 사냥하는데 경험치도 되게 안오르는데 그냥 노가다처럼 사냥하는것 말고는 없나요?",,,,,0,False
2026-07-26,0,0,기타,울티마 전사 24렙엔 어디가요?,2-1은 89초 나오는데 계속 도는게 맞나요?,,,,,0,False
2026-07-26,0,0,기타,울티마 전사 사냥스킬 알려주실분,"전사 디바배우면 오라 , 해머 , 디바 중에 사냥스킬 2개 멀로 사냥하시나요?",,,,,0,False
2026-07-26,0,0,몬스터,하드메이린 최소컷,최소컷까진 아닌데 자꾸 3~4퍼차이로 안깨지네요… 혹시 5차초기화 뜨면 언제 써야할까요??,,,,,0,False
2026-07-26,0,0,아이템,딸농 추경,딸농도 메카나 블루베리농장처럼 추경없어도 된다고 나와있는데 그럼 정펜이나 혈반이런것도 적용안되는거?,,,,,0,False
2026-07-26,0,0,기타,챌섭 관련 질문,제가 본섭에서 준비해놓은 아이템이 있는데 이런 경우에는 보통 챌섭에서 280까지만 달리고 조기 리프하는 편인가요? 아니면 그냥 본섭에서 키우는게 효율적인가요?,,,,,0,False
2026-07-26,0,0,기타,버닝 비욘드 캐릭을 리프시키면 다른 캐릭터에게 가능할까요?,"기존에 270까지 키운 캐릭을 다른 서버로 리프 시키고, 테라 버닝 200만든 후에 260까지 올린 캐릭터에게 버닝 비욘드 효과를 주고싶은데 가능할까요? 아이템 버닝 플러스는 포기하구 버닝 비욘드라도..",,,,,0,False
2026-07-26,0,0,퀘스트,울티마 2-6깨고 전사 스킬 뭐끼나요?,디바이드 새로 배웠는데 어떻게 껴야함? 파밍용,,,,,0,False
2026-07-26,0,0,직업,뉴비입니다!! 질문있습니다,예전 소마하다가 이번에 렌으로해봤는데 .재밌어서 조금더 해볼려고합니다 현재 스우1인 지원 상자까지 받고 250인데 지금이라도 그 제네시스? 패스 사면 패스 기간안에 가능할까요?그리고 260까지 아무것도 강화 안하고 렙업만하면될까요?,,,,,0,False
2026-07-26,0,0,기타,250물약 사용처 질문,"챌섭 끝나면 스카니아로 갈 예정이라 스카니아에 200물약 먹이면서 링크+유니온 키우고 있는데용 250물약은 어디다 쓰면 좋을까요? 검색해본 결과와 제 생각으론 1. 은월,메르에 먹이기 2. 유챔용 부캐릭 만들어서 일퀘,몬파 경험치 먹이며 키우기 (보마나 렌 할 예정)",,,,,0,False
2026-07-26,0,0,아이템,메쌤들 반지 질문있습니다!,지금 반지 한부위가 이거라서 마이링을 하나 맞출까 고민중인데요 24퍼는 11억 27퍼는 27억 30퍼는 36억 하더라구요 현재 메소는 30억정도 있는데 어떻게 하는게 좋을까요?? 아 직업은 렌이예요!,,,,,0,False
2026-07-26,0,0,기타,현재 챌린저스 서버 282렙인데..,일퀘만하고 보스만 잡고 재획은 안하는 기준에서 모멘텀 패스사고 꾸준히 하면 285 찍히나요?,,,,,0,False
2026-07-26,0,0,기타,경매장 관련 질문,"이번에 챌섭,본섭 경매장이 통합되었다고 들었는데 그러면 본섭에서 미리 구매하고 보관중인 아이템을 챌섭에서 받는 게 가능한가요?",,,,,0,False
2026-07-26,0,0,직업,스킬 이펙트 문의,제가 점부한 사진에 캐릭터 주변의 이펙트 어떤 직업 어떤 스킬인지 아시는 분 계실까요? 저는 라라인데 무슨 스킬을 서봐도 저 이펙트가 안나와요.. 근데 진짜 진짜 가~~~끔 한 1~2주에 한 번씩 사냥 때 저 이펙트 잠깐 떴다가 몇초 뒤에 사라지거든요ㅠㅠ 아시는 분 꼭 댓글 부탁드리겠씁니다 [이미지],,,,,0,False
2026-07-26,0,0,아이템,내 뒤에 나 + [마라벨]환호지선 질문,환호지선에 그 여우도 크게 나타나나요?,,,,,0,False
2026-07-26,0,0,기타,..이벤트핑크빈이거잡으라고만든거맞음?,계속 피충해서 못잡는데[ 적정레벨이 몇인가요?,,,,,0,False
2026-07-26,0,0,기타,챌섭 오늘기준 어디까지 가능해요?,이제 만점 조금 넘었구요 오늘 챌패스사서 280렙 찍었어요 제네패스등등안샀는데 어디까지 될지 간보고 살려고하는데 얼마나 갈수잇을까요 야누스20달달해보이는데 챌은 어렵겟죠?,,,,,0,False
2026-07-26,0,0,기타,현재 적용중인 프리셋과 동일합니다 어케 나오게 해요?,이 프리셋 변경버튼을 단축키에 올려놓고 틱마냥 여러번 눌러서 확인하는 습관이 있는데 현재 적용중인 프리셋과 동일합니다 문구가 채팅창에 뜨잖아요? 근데 챌섭캐릭터에는 뜨는데 어느순간부터 본섭캐릭에는 안떠요...제가 뭘 건든걸까요...?,,,,,0,False
2026-07-26,0,0,아이템,템 가격이 이상해요,[이미지] 둘다 38%이고 첫번째는 230억 아래껀 83억에 팔려있는데 원래 이렇게 차이가 심한가요?,,,,,0,False
2026-07-26,0,0,기타,울티마 2-6 깨고 어디서,사냥하나요? 다시 2-1인가요??,,,,,0,False
2026-07-26,0,0,기타,키보드 꾹이 안먹히는데 필터키 문제인가요,"원래 외부 필터키만 쓸데도 잘 됐고 인겜 필터키 나왔을때 인겜, 외부 같이 써도 잘 됐는데 오늘 어느순간부터 외부꺼가 켜져있으면 간헐적?으로 꾹이 아예 안먹히고 한번만 입력되는데 왜 이런지 아시는분있나요",,,,,0,False
2026-07-26,0,0,아이템,플라즈마 하트 변환 질문이요!,"지금 페어리하트에 30%작 해두었는데 2회 복구 못한 상태입니다. 이대로 변환하고 순백2장 성공 시키고 다시 바르면 되는건가요? 아니면 현재 옵션 그대로 전승되고, 거기에 추가로 하트10작을 할 수 있게 되는 건지 궁금합니다!",,,,,0,False
2026-07-25,0,0,기타,만약 하버 하나를 더 주면,지금까지 하버 준거로 참고해보면 지금 챌린저스패스를 새 하버 케릭한테 먹여줄수있나요?,,,,,0,False
2026-07-25,0,0,직업,렌인데 하드 메이린 최소컷 질문,환산주스탯 기준 영끌해서 100.8% 최소컷 뜨는데 직업은 렌이고 어제 93%대에서 시도했다가 피 맛 봤는데 (기믹 다 성공하고 실수 없었는데 23퍼 타임아웃) 100.8은 클리어 될까요..?,,,,,0,False
2026-07-25,0,0,아이템,헤어 정보 찾고싶습니다,해당 사진의 헤어 정보좀 알수있을까요...? ㅠㅠㅠㅠ 부탁드립니다,,,,,0,False
2026-07-25,0,0,기타,1분 동꼽은 제재 위험 없나요?,동꼽이란거 처음으로 알아서 렌으로 속사기 동꼽 해보고 있는데 에르다 땜시 1분마다 움직여야 하는데 이런건 안 위험하죠? 막 3분 넘어가거나 그러면 위험함?,,,,,0,False
2026-07-25,0,0,기타,헥사스탯 그냥 바로바로 강화해도 되나요?,"일요일에 가끔씩 메인스탯 확률증가였나? 이벤트했던 기억이 있는데 떡작만 할거면 굳이 안기다리고 환산주스탯 순서에서 1,2,3 올때마다 바로바로 해도 상관없을까요?",,,,,0,False
2026-07-25,0,0,기타,닉옮기기문의드려요,챌 3시즌에는 닉익스프레스도 있었다던데 이게 그.. 같은 넥슨 계정 메이플 id 여러개 중에 다른 아이디거도 옮길수있나요?,,,,,0,False
2026-07-25,0,0,몬스터,이적자 이지카링 초행,배율은 충분할거같은데 개똥손이라 .. 대가리박으면 얼마나걸릴까 ? 아델임,,,,,0,False
2026-07-25,0,0,기타,리프 관련,"아예 새아이디로 시작했는데요, 챌섭본캐는 챌섭에 놔두고 나중에 부캐하려고 하는걸 미리 리프해서 몬파나 이런거 매일 먹이려고 하는데 하나라도 옮기면 본캐의 기존 챌섭 패스나 결계등이 사라지나요?",,,,,0,False
2026-07-25,0,0,아이템,그레이 트레이닝 팬츠,이거 무슨 코디템인가요 검색해도 정보가 1도 안뜨는데,,,,,0,False
2026-07-25,0,0,기타,넥슨온 조이스틱이랑 단축키 버튼이 없어요,어디서 설정하나요,,,,,0,False
2026-07-25,0,0,기타,메짱형님들 환산주스탯 헥사코어순서 어떻게보는건가요?,제가 망혼이 9렙인가밖에안되는데 헥사코어 뚫고나면 선참 8찍을때까지 계속 선참만 찍고 그 후엔 망혼 14레벨 찍을때까지 계속찍으란 얘긴가요?..,,,,,0,False
2026-07-25,0,0,기타,제네패스 질문있습니다,이제 갓 시작한 뉴비인데 제네패스 이거 하나만 사서 찍먹해봐도 될까요? 그리고 지금 사도 다깰수있을까요,,,,,0,False
2026-07-25,0,0,기타,울티마 스킬컨 하는법 뭔가요?,전사 스킬 바꿨다 꼈다 하면 마나때문에 더 못밀던데 방법이 뭐에요?,,,,,0,False
2026-07-25,0,0,기타,딱 5만원만 지른다면 뭐 살까요?,"와이프 한테 현질 5만원 허락 받았는데 챌린저스 패스랑 제네 패스는 이미 샀고 챌린저스플러스, 제네플러스 or 모멘텀 패스 둘중 하나 고민중입니다; 해방은 30일 예정입니다 렙은 281 일단은 본캐인데 유챔만 하고 다음 챌섭나오면 본캐를 바꿀수도있습니다",,,,,0,False
2026-07-25,0,0,시세,공 51 22 앜블 시세 질문드립니다!,공 51 22 앜블 얼마정도면 살만할까요 경매장에 500억 짜리 있긴한데 노관세입니다. [이미지],,,,,0,False
2026-07-25,0,0,아이템,아버 22성,21에서 22성으로 올리면 공격력 총 몇 오르는 지 알 수 있나요?,,,,,0,False
2026-07-25,0,0,기타,피시방 혜택에 자석펫이 있나요???,"피시방가서 자석펫 쓰라던데 안간지 꽤 오래되서 무슨혜택이 있는지 기억이 안나서 피시방가면 파엘,pc방 훈장주는거처럼 자석펫도 쓸수있나요?",,,,,0,False
2026-07-25,0,0,기타,챌삽에서 리프하면 환산이 오르나요?,이번에 챌섭첨해보는데요.. 본섭리프하면 환산이오르나요? 유뇬 9500 유뇬아티팩트 풀강 뭐이정도면요. 오른다면 대략적으로 얼마정도오르나요?,,,,,0,False
2026-07-25,0,0,퀘스트,올티마 스쿼드 효율,"1-7이 1분 29초이고, 2-1이 2분 40초이면 1-7 뺑뻉이가 좋은가요?",,,,,0,False
2026-07-25,0,0,아이템,아버 대체 준비 질문,아이템 버닝이 11월에 끝나고 아직 3달 넘게 기간이 남았는데 지금이 장비 맞추기 저렴한 시기겠죠? 하드 메이린은 8주차 정도부터는 배율이 맞춰져서 더 이상 다른 스펙업 투자는 안 해도 괜찮은데 지금부터 천천히 아버 대체 장비 준비해가는 방향 괜찮을까요?,,,,,0,False
2026-07-25,0,0,기타,패치오류 도와주세요.,패치할때마다 이게 뜨고 패치하고나면 항상 파일손실됫다고 재설치하게만들어요 도와주세요 ㅠ 다시시도 누르면 되긴하는데 이거때문에 손실됫다고 그러는거같아서 ..,,,,,0,False
2026-07-25,0,0,기타,모멘텀 패스 첨사보는데 포인트가 왜 꽉 안차죠?,주간미션 다해서 2000/2000인데 포인트는 560/720 이고 2렙까지만 열려있음 원래 이런거임?,,,,,0,False
2026-07-25,0,0,기타,ssd 추가설치 질문,기존께 요량이 딸려서 추가로 하나박으려고 키오시아 사타 하나삿습니다 이거그냥 저장용도로 추가하고 여기다 게임설치하면 되는부분이죠? 엔비디아같은 성능상향프로그램도 같이 설치해줘야하는건지 궁금합니다,,,,,0,False
2026-07-25,0,0,기타,넥슨온 접속오류 질문,넥슨온으로 장비합성만할려고하는데 현재 네트워크가 불안정하여 리모트 플레이 연결이 원활하지않습니다. 네트워크 연결을 확인하고 다시 시도해주세요. 라고 뜨면서 폰으로 접속이안되는데 5G 데이터무제한 사용하고잇는데 해결방법 아시는분 계실까요?,,,,,0,False
2026-07-25,0,0,시세,아케인 신발 추옵 전승용으로 팔리나요?,전사 신발 200급인데 시세탭에도 없어서 질문해봅니다.,,,,,0,False
2026-07-25,0,0,기타,이번에 바인드 패치로 배율 올라갔나요?,스펙업 한게 없는데 배율이 한 1~2퍼 정도 올라갔어요,,,,,0,False
2026-07-25,0,0,아이템,부티크 관련 질문입니다,제가 챌섭에 부티크 티켓 80개 있어서 본섭 캐릭에게 헤카테 스킨 교환권 만들어서 넘겨줄려고 하는데 챌섭에는 마지막 주차까지 있을 계획인데 티켓 만료일자는 8월 30일? 정도 되있더라구요 티켓 만료 전에 헤카테 스킨 만들어주면 헤카테 스킨 교환권 기간 리프전까지 살아있을까요?,,,,,0,False
2026-07-25,0,0,기타,이거 버근가요?,깼는디.. 왜 안될까요..,,,,,0,False
2026-07-24,0,0,기타,메이플 렉 걸리지 않는 사양,안녕하세요. 노트북으로 플레이하다 렉이 너무 걸려서 데스크탑 하나 맞추려고 하는데 어느 정도 스펙의 컴퓨터 사용하시나요?,,,,,0,False
2026-07-24,0,0,기타,특수물자 이러면 날린거임???,"실수로 안끄고 일퀘하다가 지역옮기는 찰나에 떠서, 바로 다시 가보니까 상자없고 다시뜨지도 않는데 인벤에 솔에르다기운도 없어요ㅠㅜ",,,,,0,False
2026-07-24,0,0,기타,챌섭에서 전투력 1억이면 리프해서 본섭가면 전투력 얼마쯤 오르나요?,보통 오른다고 들은거같은데 천만쯤 오르나요?,,,,,0,False
2026-07-24,0,0,아이템,전투력 2억 뉴비 엔버 도와주세요,이번에 챌린저스로 들어온 유입인데 285 찍었더니 찬란한 영웅의 증거? 주던데 이거 챌섭에서 써도 본섭리프하면 남아있는건가요,,,,,0,False
2026-07-24,0,0,직업,데티 해방컷 평균값,데티 해방컷 사이트에 평균값을 줄세운것이 쉽고 어렵고를 떠나서 직업 절대적인 성능순위라고 이해하면 되나요?,,,,,0,False
2026-07-24,0,0,기타,선생님들 헥사코어순서요,음.. 지금까지 정xx 블로그 보고 올리고있었는데 환산주스탯 싸이트에서 헥사코어순서랑 많이 차이나는데;; 그냥 닥 환산주스탯싸이트 따라가면되나요;?,,,,,0,False
2026-07-24,0,0,기타,전투력 질문좀요,주환산스탯 사이트에서 보면 6500만으로 나오는데 인게임에서 보스셋팅 풀로 다해도 6000천만 나오는데... 이유 아시는분?ㅠ,,,,,0,False
2026-07-24,0,0,기타,몬파 메이플포인트로 할때 질문,메포로 몬파 들어왔는데 중간에 나가거나 죽으면 포인트 그냥 없어지는건가요??,,,,,0,False
2026-07-24,0,0,아이템,작년 챌섭 렌 키우던 메린이입니다 ! 템 세팅 질문이 있습니다!,"[이미지] [이미지] 닉네임은 heezook 입니다 285 렌이며 작년에 키우고 아이템 대충 맞춰주고 주보만 돌리려 했는데 이지카링, 하드세렌을 여유있게 솔플 돌리고 싶습니다 ㅠ 현재 헥환이 모자라는거로 보아서 이벤트 다조들은 먹이려고 생각중인데, 제가 메소가 150억 정도 있는데 템 이렇게 떠오는게 제일 좋은 방향일까요 ? 훈수 부탁드립니다 !",,,,,0,False
2026-07-24,0,0,기타,뉴비 질문있습니다,렌으로 시작한 뉴비입니다 보니까 패스도 있던 필수로 사야한다면 뭘 사면될까요?,,,,,0,False
2026-07-24,0,0,기타,검마 질문있습니다!!!,어제 해방하고 검마 잡으려는데 하이퍼스탯에서 아케인포스 찍어야 하나요?? 아케인 포스 전부 만렙이긴 합니다 그리고 배율 215 나오는데 혼자 잡을 수 있을까요..??,,,,,0,False
2026-07-24,0,0,직업,보스 피통 조금남았을때 어떻게하는게 좋나요?,레테 카링120퍼 배율로 1페 극딜돌리고 다음 극딜 올때즘이면 흉수체력이 궁도혼 전부 10퍼남는데 이게 극딜쓰기도 애매하고 평딜넣자니 극딜이 늘어지고 어떻게하는게 좋나요? 피통이 애매하게 남아서 시간이 부족하네요.,,,,,0,False
2026-07-24,0,0,시세,챌섭 리프 한캐릭만 가능??,챌섭 리프 한캐릭만 가능한가요? 캐릭슬롯20개 넘겨주고싶은데 한캐릭만 미리 옮길수있나요?,,,,,0,False
2026-07-24,0,0,기타,울티마 스쿼드 궁수 15렙 질문,1-9 운빨로 깨긴 했는데 반복 돌리면 못 깰때가 훨씬 많음 그럼 1-9 반복 보다 1-8 반복이 더 좋나?,,,,,0,False
2026-07-24,0,0,아이템,마라벨 헤어쿠폰,마라벨 헤어쿠폰 경매장에서 사면 혹시 창고나 캐시샵 보관함에 넣어둘 수 있나요?? 나중에 남캐 키울 때 은율 해주고 싶어서요,,,,,0,False
2026-07-24,0,0,기타,메이플은 쩔? 버스? 같은거 없나요??,"뉴비인데 하드 데미안, 하드 스우까진 어떻게 몸 비틀어서 깼는데 하드 루시드, 하드 윌 이상은 도저히 할 엄두가 안 나서 버스? 쩔?을 메소 주고 받고 싶은데 그런 시스템이 혹시 없나요...?? 있다면 어떻게 구하면 되는지 알려주시면 감사하겠습니다 ㅠㅠ",,,,,0,False
2026-07-24,0,0,시세,메이플 뉴비 추옵도 가격을 받을수있나여?,추옵 인트135급인데 이런템도 가격받을수있나여 첼섭입니다,,,,,0,False
2026-07-24,0,0,몬스터,검마 쩔받을때 받는 사람 배율은 왜 필요하나요?,왜죵?? 배율은 113퍼 나오고 패턴은 모릅니다 보통 가격이랑 상자 같이 먹어도 되나요?,,,,,0,False
2026-07-24,0,0,몬스터,하드 카링 2인 파티배율 145% 빌드 궁금합니다,아는분과 함께 하드 카링 2인을 가보려 하는데 각자 노말 카링 솔플만 계속 했어서 파티격은 처음입니다 그래서 아래 내용이 궁금한데 답변 주시면 감사하겠습니다 터빌은 하지 않을 생각입니다! 1. 오리진은 함께 or 따로 2. 1페 순서 3. 3페 위치 및 잡는 순서 ex) 한명 궁기 나머지 한명은 혼돈 도올 왔다갔다 극딜땐 도올 먼저 잡기 등등..,,,,,0,False
2026-07-24,0,0,기타,초보인데 메이플 좋은직업이있을까요,안녕하세여 예전에 소마? 고거 재밌어서 해보다가 접은 초보인데 요즘은 어떤 직업이 그나마 조금쉽고 괜찮은가요? 그리고 지금 시작해도 괜찮을까요?,,,,,0,False
2026-07-24,0,0,기타,"모멘텀패스 1차, 2차 각각 다른 캐릭터에 지정 가능한가요?","보니까 1차, 2차 나눠져있던데 각 회차별 명의 내 1개 캐릭터로만 참여가능하다는데 제가 이해하는거에 확신이 안서가지고... 1차에 챌섭, 2차에 본섭 주는거 가능할까요?",,,,,0,False
2026-07-24,0,0,기타,모멘텀 패스 질문,본섭 본케가 284 47퍼입니다. 챌섭은 지금 281 60퍼입니다. 본케에 쓰는게 나을지 챌섭에 쓰는게 나을지 고민입니다. 285가 지금부터 해도 할만하면 본케가 맞는거 같기도 하고.. 조언 부탁드립니다,,,,,0,False
2026-07-24,0,0,기타,윈10 프리징? 해결방법 아시는분..ㅠㅜ,"윈도우11 쓰다가 메이플 렉이 많이 심해서 클린설치로 다시 10으로 돌아와 게임중입니당.. 전보다는 평소에 좀 오래켜두면 생기는 잔렉이나 프레임드랍은 없어졌는데 극딜때 등 종종 프리징? 같은 현상이 나타나요ㅠㅠ 메이플 말고도 로아같은데서도 이 현상이 나타나여.. 윈도우 설치하고 윈도우 절전이랑 그래픽 GPU로 쓰게 설정, 엔비디아 캐시사이즈 무제한, 지싱크 끄기 말고는 딱히 건드린 설정은 없는거 같아요! 혹시 해결방법 있을까요..? 프로세서 AMD Ryzen 5 7500F 6-Core Processor 3.70 GHz 설치된 RAM 32.0GB(31.6GB 사용 가능) 저장소 932 GB SSD CT1000T500SSD8 그래픽 카드 NVIDIA GeForce RTX 4060 (8 GB)",,,,,0,False
2026-07-24,0,0,직업,저 지금 방금 막 헥사 떡작했는데..,주스텟 마력 보뎀 이렇게 맞추고 돌렸는데 5510이 붙었는데.. 이거 혹시 초기화하고 다시 돌려야하나요?,,,,,0,False
2026-07-24,0,0,아이템,첼섭 구 마라벨 헤어 질문,저기 사진이 첼섭인데 마라벨 헤어 선택권은 1회 교환 가능하고 그 다음부터는 소비에서 다시 교환 가능한거 아닌가요? 첼섭에서 어비스 헤어 선택권을 얻는 방법은 경매장만 가능할텐데 그러면 1회 교환 가능이 사라져서 못 팔지 않나요? 어비스 헤어 쿠폰을 어캐 다시 파는지 따로 방법이 있나여?,,,,,0,False
2026-07-24,0,0,아이템,남는 카유잠 카에에잠,사용처 추천해주실 수 있나요ㅠㅠ,,,,,0,False
2026-07-24,0,0,기타,챌섭 레테 이지칼로스 104퍼,2트만에 클리어했는데 컨트롤 중간은가는건가요? 이번유입입니다,,,,,0,False
2026-07-23,0,0,아이템,추옵 질문,2추 보공12퍼 인트55 vs 1추 뎀6퍼 럭55 뭐가 더 좋나요?? 전투력은 오히려 떨어지는데,,,,,0,False
2026-07-23,0,0,기타,님들 피시방 이벤트 12시땡하면 바로 시작인가여?,23일까지 하는거 끝나고 담 이벤트 시작인강,,,,,0,False
2026-07-23,0,0,기타,"맵 제일위에 이거어떻게 없애나요,.?",,,,,,0,False
2026-07-23,0,0,기타,형님들 가엔슬 딜이 정말 안들어가는데 이유가 뭘까요?,듀블인데 극딜 파컷쓰고 오리진 박고 블토 카퓨 계속 때려도 딜이 정말 안들어가서 카오스 가엔슬 깨지지가 않는데 뭐가 문제일까요? ㅠㅠ,,,,,0,False
2026-07-23,0,0,아이템,메린이 추옵 질문,이거 무조건 1추임??,,,,,0,False
2026-07-23,0,0,아이템,제가 실수로 도전자 무기에 공3퍼 소울을 발라버렸습니다..,그래서 경매장에서 사서라도 바를려고 하는데 위대한 소울이 검색해도 경매장에 하나도 안나오는데 매물이 없는건가여?,,,,,0,False
2026-07-23,0,0,기타,오프라인 상태 길드가입신청,오프라인인줄 모르고 길드 가입신청 넣었는데 이러면 가입 신청 안 가나요? 답변 미리 감사드립니다. 좋은 밤 보내세요,,,,,0,False
2026-07-23,0,0,기타,보스 잡고 상자 부실때 드랍퍼 어떻게 맞추나요?,지금 메획 아획 템으로 100퍼 맞췄는데 아획만 다 맞추면 되나요?,,,,,0,False
2026-07-23,0,0,기타,발드 3페만가면 팅기는데 해결방안 잇을까요?,"컴퓨터가 오래되긴햇지만, 오늘패치하구 갑자기 그동안 한번도 안팅기던 발드가 3페만가면 팅기더라구요 해결방안이 있읆까요?",,,,,0,False
2026-07-23,0,0,아이템,"주니어발록,유니콘티엘 이런 썩다리펫 수요가 있나여?","주니어발록,유니콘티엘 이런 썩다리펫 수요가 있나여? 궁금합니다..",,,,,0,False
2026-07-23,0,0,시세,드드 드메 템 맞출라고 하는데,"무교 위주로 맞추려고 합니다 혹시 아이템 시세가 전체적으로 올랐다고 들었는데, 자석펫 드랍셋팅은 가격 변동이 크지 않다고 들었습니다. 혹시 챌섭 전과 비교하면 몇퍼센트 정도 올랐을까요? 미분 노작은 거의 6배 오른것 같던데, 드랍셋은 50퍼 상승 이하면 바로 맞출려고 합니다",,,,,0,False
2026-07-23,0,0,아이템,글로리 이펙트 vs 별무리 이펙트 추천좀,둘중 뭐가 더 이쁨요?,,,,,0,False
2026-07-23,0,0,직업,핵사환산과 환산,이번에 메이플 입문해서 지금 키우는 캐릭이 본캐가 될거 같은 메린이 입니다 지금 환산이 50608 핵사 환산이 42922입니다 핵환과 일반 환산 차이 어느정도가 적당한가요? 그냥 핵환이 환산 따라올때까지 계속 강화하는게 맞나요? 어느정도 차이나도 괜찮은거면 다조를 팔고 탬을 맞추려고 합니다. 만약 차이나도 괜찮다면 비율? 혹은 단순 수치 차이가 어느정도 차이나는건 괜찮은 건가요?,,,,,0,False
2026-07-23,0,0,기타,블레이헤어 염색질문입니다,이거 캐시샵에있는건데 혹시 헤어 비율 어떤건지 아시는분계실까여 ㅠㅠ,,,,,0,False
2026-07-23,0,0,기타,환산주스탯에서 추옵 기준에대해 질문이있습니다ㅠ,"제가 지금 주스탯 사이트 기준으로 무기 추옵이 2추+6% 나오고 1추 기준으로 눌러서 보면 1추+10%가 나오는데 1,2추 기준은 알겠는데 뒤에 6%나 10%의 기준은 뭘 두고하는 말인가요?? 주스텟이나 보공 방무가 어느정도 수치로 떠야지 저 %에 해당하는지를 모르겠습니다ㅠㅠㅠ",,,,,0,False
2026-07-23,0,0,기타,안녕하세요! 갑자기 환산이 5000정도 떨어졌는데 무슨 문제인가요?,챌섭은 환산이 맞는 것 같은데 본캐는 갑자기 헥환이 5000 떨어졌더라고요... 버프도 다 확인해보고 했는데 빠진 건 없구 전투력은 그대로입니다 환산만 이상한 건가 싶어서 보스 배율도 봤는데 많이 내려갔습니다ㅠㅠ 캐릭터는 비숍입니다!,,,,,0,False
2026-07-23,0,0,직업,렌 오늘 들어오고 5초던데 쿨뚝 효율 좋은거 있나요?,지금 그냥 깡 스텟인데 5초에서 쿨감 효과받나요?,,,,,0,False
2026-07-23,0,0,기타,세렌잡고 검마잡으면 제네페스플러스 안열리나요?,검마가1번 세렌이2번인데 세렌부터잡으면 세렌보상못받아요....?,,,,,0,False
2026-07-23,0,0,몬스터,검마 입장제한 있나요?,찐모 몇번 하다보니까 아예 연습모드도 안들어가지네요,,,,,0,False
2026-07-23,0,0,아이템,울티마 3렙 장비 레벨 아시는분?,ㅈㄱㄴ,,,,,0,False
2026-07-23,0,0,기타,이거 그린아이디 옐로아이디,이거 그린아이디 한번 지정하면 옐로아이디 싹다 없어지는거임? 아니면 일정 기간마다 그린아이디 다시 재설정할수 있나?,,,,,0,False
2026-07-23,0,0,아이템,헤어나 성형도 프리스타일 되나요??,이번 챌섭 루미 키우는데 여캐는 어센트 일러가 별로라 남캐로 만들었는데 캐릭터 코디는 여캐처럼 하고싶은데,,,,,0,False
2026-07-23,0,0,기타,메키 챌섭에서 하고 보상은 본섭에서 수령되나요,메키 키우는건 챌섭에서 키우고 보상들은 본섭에서 수령 될까요,,,,,0,False
2026-07-23,0,0,기타,미니게임 자동사냥스테이지,전사 레벨 6찍어서 1-5까지 밀었는데 그래도 반복사냥은 1-2에서 해야하나요? 아니면 최대민곳에서 반복사냥하나요?,,,,,0,False
2026-07-23,0,0,퀘스트,검마 도전하려고하는데요,보마인데 오리진 말고 어센트 등 추가 스킬 찍고 가는게 낫나요?,,,,,0,False
2026-07-23,0,0,기타,핸즈 옥션 그린아이디등록? 어케하나요..,회사 점심시간인데 옥션보려니까 그린id등록하라는데 이거 모바일에서는 안되는건가요???,,,,,0,False
2026-07-23,0,0,기타,넥슨링크 pc조작 오류 왜이럴까요,"원격플레이좀 하려고 하니 연결후 1분정도면 pc에서 조작이 발생하여 종료한다고 알림이 뜨네요 저는 회사에 있고 집에는 아무도 없는데 말이죠 pc절전모드,화면보호기,모니터끄기 이런건 전부 안해놨습니다 왜 이럴까요...",,,,,0,False
2026-07-23,0,0,몬스터,메이린 스페(혼돈)스킬 2개 까는거 가능한가요?,게이지 다 차서 기존에 들고있던 스포트라이트 쓰고 신규 혼돈 스킬 얻으면 사용한 스포트라이트 바로 사라지나요?,,,,,0,False
2026-07-23,0,0,기타,스인미 크오솔 쓰는 이유?,저 잘 몰라서 그런데 다들 스인미 크오솔 쓰시는이유가 뭐에요 딜도 약하고 효과읽어보니 뭐 증가 시켜주는것도 없는거같던데….저는 안쓰고 있거든요 혹시 쓰시는 이유가 뭘까요?,,,,,0,False
2026-07-23,0,0,직업,메고수님께 자석펫 위치 질문,챌섭 자석펫 1개인데 보통 몇번칸에 배치 하시나요?,,,,,0,False
2026-07-23,0,0,아이템,신규유입 챌섭 모멘텀패스,"현재 282렌을 키우고있는 신규 유입 유저입니다 다른 캐릭터가 없어서 본계가 될 캐릭을 키우고 있는건데, 모민텀 패스를 안사도 285를 넘겨 본캐가 될거라 그냥 구매를 하려고 합니다. 혹시 이번 패스도 재화별로 써야하는 타이밍이 있을까요?",,,,,0,False
2026-07-23,0,0,기타,카르시온에는 최상층 4처럼 포탈로 야누스 설치하는 맵은 없나요?,아까 해방하고 285 지역가봤는디 최상층4처럼 편한자리는 못찾았어요.. 혹시 있나요?,,,,,0,False
2026-07-23,0,0,아이템,월드자석펫 스킬 월드리프 문의,"챌섭에 자석펫 4~6개 있어서 자석펫 스킬을 배운 상태에서 실제 착용하지 않는 자석펫을 캐시보관함에 넣어도 스킬은 그대로 유지가 되는데, 그러면 만약 착용하지 않는 자석펫을 월드리프시킨다면 스킬이 유지 되는지 궁금하네요.",,,,,0,False
2026-07-23,0,0,아이템,추옵 시세좀 알려주세요,,,,,,0,False
2026-07-23,0,0,기타,자석펫 없이 할만한 사냥터 없을까요ㅠ,현재 281레벨 90펀데 자석펫 없어진 후로 메소 회수만 몇십초씩 걸리니 너무 힘듭니다.. 회수다니느라 몹도 새고 메소는 드럽게 안먹어지니 짜증만 나네요.. 조금 괜찮은 사냥터 있을까요,,,,,0,False
2026-07-22,0,0,퀘스트,"검마2인 스펙, 챌2 구하는 법 알려주실분","제 환산 올려놨습니다 본캐도 검마 못했는데 챌썹은 하고 싶네요 본캐도 3페에서 데카아웃해서 안하고 노세, 이칼 돌아요 챌2 280레테에요 검마 120정도 나오는데 2인 하면 검마환산 올라가나요? 또 검마2인 깐부는 어떻게 구해요?",,,,,0,False
2026-07-22,0,0,기타,12시 넘으면 점검 전이라도 숙제들 초기화 되나요?,"점검이 4시부터 10시까지라던데, 내일 메이플 못할거같아서 12시지나서 일퀘나 일간보스 숙제들만 해두려고 하는데 뭐 새로운 이벤트 시작하는데 첫날부터 못하는건 아쉽지만 그래도 일퀘들은 할 수 잇죵? 몬파들이랑?",,,,,0,False
2026-07-22,0,0,직업,형님 누님들 알려주세요 ㅠㅠ,헥사코어 스킬을 올릴려고 보니깐 활성화가 하나도 없는데 이거 어떻게 보면되요? 처음에는 활성화가 되어있는 스킬이 있어서 강화를 하고 올렸는데 다 활성화된 스킬 다~올리고 새로고침을 해도 ..... 사이트에 스킬 들이 비활성화가 되어 있는데 이거 무시하고 그냥 비활성화 된 스킬 강화 하면 되나요?? 사이트에 보이는 거 순서대로? 알려주세요 어떻게 하면 활성화가 되는지... 헥사 코어 강화를 어떻게 하면 되는지 ㅠㅠ,,,,,0,False
2026-07-22,0,0,기타,컴퓨터 질문,다음달에 월급 받으면 컴퓨터 적당하게 구입하려고 하는데 조립pc는 아는게 없어서 다 되어있는걸로 살려고 합니다. 게임은 메이플이랑 롤정도만 할건데 이정도면 괜찮을까요? 원래는 노트북으로 하고있었습니다. 어떤게 가장 괜찮을까요? [이미지] [이미지] [이미지],,,,,0,False
2026-07-22,0,0,기타,템환감소 헥환증가 질문,보공-10퍼 공7.5퍼 방무-30퍼를 넣엇을때 사진과 같이 나오는데 헥환이 많이 올라서 매우 좋은건 알겟는데 템환은 조금 내려가고 헥환은 많이 올라가는게 어떤 이유인지 궁금해서 질문드려요 포인트는 템환 내려가고 헥환 올라가는거보단 저 차이가 큰 이유가 궁금해요,,,,,0,False
2026-07-22,0,0,직업,렌 보공,11.5이상급으로 렌 하려고하는데 무보엠 보공 몇줄 챙겨가는게 좋을까요?,,,,,0,False
2026-07-22,0,0,기타,챌린저스 260버닝 하나 더 주나요??,만약 준다면 주기전에 200짜리 하나 키워놓고 추후에 버닝 받아도 아이템 소급적용되나요?,,,,,0,False
2026-07-22,0,0,기타,안녕하세요 질문하나드려요,이 아저씨 왜생긴거고 어떻게 없애나요??,,,,,0,False
2026-07-22,0,0,아이템,데티무기 아직도 전투복끼면 코디로 못쓰죠?,데티무기가 제일 이뻐서 전투복끼고 무기만 데티무기로 외형 빼고 싶은데 옛날부터 이건 안되는거 같던데 지금은 혹시 가능한 방법이 있나 여쭤봅니다. 마라벨 무기를 프리셋으로 빼서 마라벨 무기 있는 프리셋 없는 프리셋으로 나눠서 써보려고했는데 프리셋으로 무기를 빼면 마라벨 세트효과랑 공/마가 적용이 안되는거 같네요 ㅠ,,,,,0,False
2026-07-22,0,0,기타,커뽀라 vs 커좀피,뭘 더 잘 쓸까요? ㅠ_ㅠ,,,,,0,False
2026-07-22,0,0,아이템,2소재도 드메세팅하나요?,ㅈㄱㄴ,,,,,0,False
2026-07-22,0,0,아이템,이제 하드진힐라 잡고 다이아 찍은 뉴비 진로 좀 부탁드려요,현재 상황은 딱 제목대로 입니다! 오늘 하듄 하트진힐라까지 잡고 챌린저스 다이아몬드 찍었습니다! 일단 머리속으로는 담주에 벨트 맞추고 천천히 프악공작 및 하트작하는건데 그 이후로는 해방 존버인가요? 닉네임 유l생 입니다!,,,,,0,False
2026-07-22,0,0,아이템,드메 질문좀용,장비기준 메80/드53인데 메획한줄짜리만 살까요 아니면 드메를 한번에 지를까요..? 평소에 현생땜시 평균3소재에서 4소재정도만 합니다.,,,,,0,False
2026-07-22,0,0,몬스터,좀비머쉬맘이 없어요,채널 거의 다 돌았는데 한마리도 없음 챌섭에다 평일 낮이라 누가 잡았을리는 없는데,,,,,0,False
2026-07-22,0,0,기타,캐릭터 삭제,하이퍼 버닝이 명의당 1개 만들수있는걸로 아는데 만약에 지금 키우던거 삭제 하면 다른계정에 만들면 버닝 아이템같은거 전부 다시 받을수 있나여,,,,,0,False
2026-07-22,0,0,아이템,이거 추옵 얼마정도하나여,,,,,,0,False
2026-07-22,0,0,기타,이번달에 바로 150만원 질러서 MPV 레드 달성했는데요,mvp레드 등급을 유지하려면 3달지나고 또 한번에 150 질러야 하나요?? 레드달고 3개월안에 메포 현질하는거는 카운팅 안되는걸까요?? 메이플 핸즈시간 그거 메포였던거 같은데 상품나오면 매주 5만원씩은 꾸준히 지를예정이긴 합니다,,,,,0,False
2026-07-22,0,0,기타,몬파 핸즈 몬스터 원킬컷 안나는데 상관있나요?,ㅈㄱㄴ 획득 메소랑 경험치랑 아이템 차이 많이 나는지 궁금해요 아는 사람 있나요?,,,,,0,False
2026-07-22,0,0,기타,지금부터 시작하는 3만점 하려면,275렙까지 사냥할 시간이 있다고 한다면 3만점 찍는데 메소 최소로 얼마나 들까요?,,,,,0,False
2026-07-22,0,0,기타,메이플 목요일 보스,다른 게임들은 패치당일에 새벽에 게임 안하고 대기탔다가 패치후에 컨텐츠를 하면 이점이 있는 경우가 있는데 메이플도 혹시 그런게 있을까요 보스 바로 돌아도 되나요 ?,,,,,0,False
2026-07-22,0,0,기타,PC방 자석펫 질문,안녕하세요 이번 챌섭 유입입니다. 24일부터 새로운 피시방 이벤트가 열리는데 15시간 자석펫 이벤트는 미정인거죠? 항상 15시간 접속시 자석펫인줄알고 24일 이벤트부터 가려했는데....,,,,,0,False
2026-07-22,0,0,시세,챌섭 1 정령의 펜던트 90일 교환권 얼마정도에 올려야 하나요..?,이번에 챌섭에서 제대로 해볼라구 시작한 메린이 입니다 몬파 상자 까다가 정령의펜던트 90일 교환권이 나왔는데 올라와있는건 200억 정도 되는데 시세는 또 20억 정도고 얼마에 올려야되나요..?,,,,,0,False
2026-07-21,0,0,기타,옛날에는 메포로 헤어나 성형 살 수 있었는데,이제는 못사나요 ..? 캐시잔액이 부족하다고 나오네요 메포 충분히 있는데 ..,,,,,0,False
2026-07-21,0,0,아이템,메린이 드메탬사야할까요?,재획비 빨고 첼섭에서 장비아이템60나오고요 드랍률도 장비로20나옵니다 사냥중에는 메소 138 드랍98나오는데 메소100퍼부터 맞출까요? 하루에 메소 제한 1억에서 1억5천사이 볼거많으면 매제체웁니다!,,,,,0,False
2026-07-21,0,0,기타,285렙 주차 질문,"햄님들 지금 챌섭 282렙 60% 레테인데 평일에 보통 2소재, 주말엔 5~6소재 하고 있슴다. 모멘토 패스 없이 지금처럼 하면 285렙 주차 가능할까요? 아직 본캐가 없긴 한데 레테가 키우다 보니 안땡겨서 285렙 주차 후 유챔까지만 템 맞추고 겨울 챌섭 때 본캐 다시 정해보려구요. 챌패스가 다음주가 끝이여서 사냥 + 주간 할 일 정도로 주차가 가능할까요?",,,,,0,False
2026-07-21,0,0,아이템,무기 이펙트 프리즘 이제 안파나요???,어떤 분이 테섭에서 환호지선 여우 색 바꾼거 보고 이번에 냅다 질렀는데 그냥 프리즘으로는 안바뀌고 이펙트 프리즘이 따로 있더라고요 근데 캐시샵 검색해도 뒤져도 안나옴;; 경매장에 있는거 보면 파는건 맞는데 어디서 살 수 있나요???,,,,,0,False
2026-07-21,0,0,몬스터,카링 초행길 배율 몇퍼때 도전하나요?,유튭 공략보는데 엄두가 안남,,,,,0,False
2026-07-21,0,0,시세,현재 마피로 나오는 블랙라벨 코디템 사고싶은데,목요일에 얄스 나오면 더 저렴해질까요??,,,,,0,False
2026-07-21,0,0,몬스터,281 보마 노말 세렌 배율 158%,281 보마 노말 세렌 배율 158%인데 시간 다 쓰고 피가 15~20% 정도 남는데 뭐가 문제일까요 1페는 2극으로 잡아서 16분에 2페로 넘어갑니다,,,,,0,False
2026-07-21,0,0,아이템,벨룸과 칠요,카벨룸 칭호랑 칠요 칭호랑 뭐가더좋아요?,,,,,0,False
2026-07-21,0,0,아이템,부티크 티켓은 어느 타이밍에 사는게 좋을까요?,"이번 부티크 기프트 시즌이 시작하면 루나 쁘띠 말풍선/명찰 세트를 사볼까 싶은데, 부티크 티켓을 옥션에서 그나마 싸게 살 수 있으려면 목요일 패치 직후에 사는게 좋을까요, 아니면 어느 정도 시세를 보면서 사 모으는게 좋을까요? 넥슨 캐시로 부티크 기프트를 직접 사서 모으기엔 너무 비쌀 것도 같아 고민인데... 맨날 보기만 했지 구입은 처음이라 티켓 모으기 관련 조언 좀 부탁드립니다!",,,,,0,False
2026-07-21,0,0,몬스터,검마 데카,안녕하세요 형님들 검마 처음해보는 메린인데 2페에 한번죽었는데 데카 3까이는데 이거 가능한건가요? 계속 데카 3개씩 까이는데 맞는건지.. 계속 리트하고있어서 왜 그런지 알려주시면 감사하겠습니다 ㅜㅜ,,,,,0,False
2026-07-21,0,0,기타,pc방 접속보상 이벤트 23일까지도 포함인가요??,"자석펫 얻으려고 pc방 접속 보상 받으려고 하는데 오늘(21일) 제외하고 이때까지 4시간 채웠는데 오늘(21일) 5시간 ,내일(22일) 5시간, 23일에 업데이트 전에 1시간 이렇게 해서 채울 수 있나요 아님 그냥 23일 12시땡치면 이벤트 종료인가요??",,,,,0,False
2026-07-21,0,0,기타,스펙터블래스트 챌섭끝날때까지있으려나요?,스펙터블래스트 챌섭끝날때까지있으려나요? 이게 다음주에끝나는데 상급exp3000개가 상시 일주일에1번급인데 챌섭3번째인데도 기억이않나네요 ㄷㄷ 똑같은 다른 3000개짜리 이벤트가 이전챌섭내내있었는지 궁굼하네요,,,,,0,False
2026-07-21,0,0,직업,렌 코어 강화 관련 질문,이번에 첼린저스 서버로 처음 시작한 메이플 뉴비입니다. 정심심님 렌 코어 강화 순서 보고 강화하는 중입니다. 그런데 강화 코어 2개가 비추천 이던데 나머지 강화 다 하면 강화 하면 되나요? 안되면 이유 좀 알려 주실 수 있나요?,,,,,0,False
2026-07-21,0,0,기타,솔 헤카테 스킬 질문입니다 !,헤카테 스킬에 바인드 외에 극딜기? 등 스킬이 있는거 같은데 적정 레벨까지 올려야 해금이 되는 시스템일까요? 그리고 이게 딜 점유율이 그렇게 높나요?! 아직 3렙이고 바인드만 쓰니까 잘 모르겠어서 질문 드려봅니다!,,,,,0,False
2026-07-21,0,0,기타,테라버닝 캐릭터 250 찍으려면 얼마나 걸릴까요?,210 레테인데 비약 먹일걸 하고 후회중입니다...,,,,,0,False
2026-07-21,0,0,기타,메린이 비욘드버닝 도와주세요ㅠㅠ,그저께 복귀한 메린이 입니다ㅠㅠ 복귀해서 비욘드버닝 이라고 있길래 원래 키우던 263짜리 캐릭에 버닝을 주고 렙업 해서 265가 됐슴니다. 근데ㅜ어제자로 첼린저스 서버를 시작하게 되서 첼린저스 섭 캐릭을 260을 찍었어요 혹시 지금 265짜리 캐릭 삭제하면 첼섭 캐릭에 비욘드 버닝 줄수있나요..?ㅠㅠ 아님 이미 렙업을 해서 안되나요..?,,,,,0,False
2026-07-21,0,0,기타,1000만원,핵환6.7에서 1000만원정도쓰면 얼마나 올라갈까요?,,,,,0,False
2026-07-21,0,0,기타,뉴비 260찍고 받는 에르다솔 교환권 쓰면,조각으로 다 받으면 당장에 뭐 만들수있는 코어 없는거죠? 제가 처음이라 모르겠음요,,,,,0,False
2026-07-21,0,0,기타,하세노칼 유챔컷 질문,둘다 몇퍼는 나와야 1~2극남는 컷인가요? 직업은 대충 중위권이상,,,,,0,False
2026-07-21,0,0,기타,챌섭 리프 관련 질문글,챌섭 1차 리프가 23일 이라고 들었습니다. 1차 2차 3차 언제가도 원하는 서버에 갈 수 있나요? 선착순 그런게 있을까요 챌섭을 처음 해봐서 질문 글 남겨봅니다. 글삭 안합니다.,,,,,0,False
2026-07-21,0,0,직업,챌린저까지 진짜 코앞인데 가고싶어요,현재 하드메이린만 잡으면 챌인데 스펙업을 어떻게 해야 할지 잘 모르겠습니다 ㅠㅠ 배율은 91퍼나 오고 10퍼? 정도만 더 올리면 될거같은데 어느 부위를 해야 할지... 조각은 600개에 기운 21개 정도 모았습니다 ( 챌상점까지 다 털었어요 ) 조언 부탁드립니다ㅠㅠ,,,,,0,False
2026-07-21,0,0,기타,형님들 메이플 id관련좀 알려주십숑,지금 넥슨 Id한개당 메이플 id3개 만들어 지는걸로 알아요 제가 지금 제 명의 넥슨 Id2개로 메이플id 2개(넥슨id당 메이플 id 1개만 하는중) 키우고 있는데 동생이 키우다가 버린 넥슨ID 2개를(똑같이 넥슨 id당 메이플 id한개) 지금 제가 살고 있는 집에서 같이 접속하면 향후 정책에 걸려서 ㅈ될가능성이 있나유? 아님 제 명의id만 vpn이나 피시방에서 굴리면 위험 막을 수 있나욥? 그리고 그린메이플id? 라는 것도 지정가능하다는데 이게 정확히 뭐구 어케해요? 이제 재미붙인 뉴비라 잘 좀 알려주심 감사하겠슴다.,,,,,0,False
2026-07-21,0,0,직업,안녕하세요 메린이 입니다,안녕하세요 이번에 저번주 일요일날 챌린저스 서버로 직업 렌 선택해서 240까지 찍고 보상까지 받았는데 직업이 마음에 안들어서 삭제하고 다시 생성하면 하이퍼버닝 이나 다른 보상 및 장비 는 다시 못받는거죠?,,,,,0,False
2026-07-21,0,0,기타,창팝ai노래어캐만듬? 어플뭐씀,창팝 만드는건 아니고 친구 엽사 쓰고 친구꺼 만들게,,,,,0,False
2026-07-21,0,0,아이템,오랜만에 해볼까하는데 아이템버닝망했어요 샤갈!,쌩계정에 잘못받았는데 본계버릴생각하는게 맞을까요 유뇬9천 노아버vs쌩계정 아버 많이투자안하고 적당히할거면 걍후자하는게 낫겠죠?,,,,,0,False
2026-07-21,0,0,기타,모멘텀 패스,현재 챌섭 281 285 챌린저 목표로 하고 있습니다! 모멘텀패스 살까말까해서... 질문드려요! 모멘텀패스 + 악몽선경 0단계 vs 악몽선경 1단계,,,,,0,False
2026-07-21,0,0,기타,메린이 100억으로 뭘해야될까요?,렙 283에 하드메이린은 딱 80퍼라 당장 템을 맞춰도 못깨는상황이고.. 사냥은 2~3시간 또는 일주일에 3번은 메제를 채우고있습니다 석펫은 없지만 pc방 펫 끼고있고 업글해도 큰변화도 없어서.. 드메는 100/100인데 이럴 때는 어떻게하는게 좋을까요?,,,,,0,False
2026-07-21,0,0,몬스터,선생님들 혹시 노말흉성 많이 어렵나요?,배율 60퍼라 처음이기도 해서 3인팟 한번 구해보려고하는데 많이 어려울까요...? 제가 손이 좋지 않아서 이지칼로스 배율 130퍼 할때도 렌으로 거의 10시간 도전해서 깼었던터라 흉성 어려우면 시간 많이 걸릴거같아서 그냥 안하려 하는데 난이도가 어떤지 궁금합니다... 이지카링은 지금 190퍼인데 아직도 14분 걸리는 똥손입니다,,,,,0,False
2026-07-21,0,0,기타,서버이동 질문입니다 선배님들 도와주세요,"루나서버에서 285 2개 있는 메청년?입니다 제가 친구들 따라서 스카니아 서버를 키울거 같은데 둘다 유니온은 8000이상입니다 근데 같은명의에 계정이 두개라 루나서버에서 일궈 놓은것들로 주보를 잡고 새로 키우는 스카니아에 지원해주려합니다 이럴때 문제가 없을까요? 요약 1. 본인명의 게정 2개임 (루나,스카) 2. 루나에서 번 메소를 스카 본인명의 계정으로 옮기면 레드어카운트인가 그거에 안걸릴까요? 조금 위험 있을까요? 3. 이 정도 내실이면 옮기면 많이 손해일까요 ? 선배님들 의견 여쭙고 싶습니다 친절하게 알려주신 형님들께 소소한 사례 하고싶습니다 도움주세요 글삭 안하겠습니다",,,,,0,False
2026-07-21,0,0,시세,시세 알아보는 법 있나요?,보스 잡고 나온 장비들 옥션에 팔때 일일이 검색해서 시세 알아보면서 올리는 중인데 혹시 시세 바로 알아볼 수 있는 다른 방법 있나요?,,,,,0,False
2026-07-21,0,0,몬스터,이지카링 많이 어렵나요?,하드세렌 잡고 이제 이지카링 차례인데 많이 어렵나요? 배율은 138퍼 나오고 하드세렌은 158때 클리어했는데,,,,,0,False
2026-07-21,0,0,몬스터,검마 보스 도중에 변환하는 아이콘 한가운데 있는거,이거 어떻게 못하나요 시야 ㅈㄴ같이 거슬리는데,,,,,0,False
2026-07-20,0,0,퀘스트,해방퀘 보스보상에 기운 드랍되나요?,해방 진힐라 보스 잡으면 기운 드랍되나요? 다담주로 밀릴까봐 혹시 몰라 질문함,,,,,0,False
2026-07-20,0,0,기타,렌으로 이적자 배율 150프로인데 못잡으면 손이 문제겠죠?,슬프네요,,,,,0,False
2026-07-20,0,0,아이템,"250,200레벨 달성비약 어디다가 써야하나요??",이번 챌섭유입 메린이 보우마스터입니다. 서버는 크로아 갈거고 본섭에 아예 캐릭이 없습니다.. 250 비약은 친구들이 은월or엔버에다가 쓰라고합니다. 혹시 200레벨 달성비약 20개 너무 많아서 걱정이 됍니다. 본캐는 보우마스터로 할려고합니다!,,,,,0,False
2026-07-20,0,0,퀘스트,울티마 스쿼드인가 스펙터 대체이벤트 겸치주나요?,스펙터가 ㅈ같은 이벤트였지만 경험치는 괜찮았는데 울티마 스쿼드인가 대체이벤은 다조 보상은 알겠는데 주간 경험치는 없나요?,,,,,0,False
2026-07-20,0,0,아이템,메제일때 소재비 먹나요?,메제 다 채우긴했지만 경험치 떄문에 사냥 좀 하려고 하는데 소재비 먹어서 조각이라도 더 챙기는게 좋을까요?,,,,,0,False
2026-07-20,0,0,아이템,이 의자 이름 아시는분?,제곧내입니다,,,,,0,False
2026-07-20,0,0,기타,블서큘 원래 같은 수치가 나오는건가요??,[이미지] 원래 이런건가여?,,,,,0,False
2026-07-20,0,0,기타,환산주스탯 인게임 전투력이랑 전투력이 다른데.. 어디가 잘못된건가요?,적용중인 프리셋 .....................LIVE.......BOSS 장비 2 2 하이퍼 2 2 어빌 1 1 유니온 0 0 링크 0 0 인게임 전투력 8701만 전투력 9059만 이렇게나오는데 뭐가 잘못된건가요? 챌섭입니다.,,,,,0,False
2026-07-20,0,0,몬스터,님들 배율 65퍼면 익스 스우 2인 할만한가요?,예전에 익스스우 최소컷으론 힘들거라고들었는데 65퍼로 한 명 구해서 2인가면 할만한가용?,,,,,0,False
2026-07-20,0,0,아이템,뉴비면 이노센트50퍼랑 순백10퍼 팔아도 되나요,페어리하트에 30퍼작 해놨는데 플하로 바꾸면 이벤샵에서 확률 100퍼짜리 사서 써야할테니까 상관없나요,,,,,0,False
2026-07-20,0,0,아이템,제네시스 패스 구매 후 미활성화로 인한 흔적 복구 해보신 분 있으실까요?,"챌린저스 월드 오픈 날 복귀하면서 제네시스 패스를 비롯하여 모든 패스를 구매하였습니다. 제가 확인을 잘 하지 않은 결과이지만, 기억상 모든 패스 활성화 시켰는데 제네시스 패스가 활성화 안되어 있는 것을 금일 알았는데, 문의하면 어둠의 흔적 소급 받을 수 있을까요? 혹시 같은 경험 해보신 분 중에 문의해보신 분 계시다면 댓글 부탁드립니다.",,,,,0,False
2026-07-20,0,0,기타,복귀한지 하루차인데 패스 구매해도 상관없을까요?,"전에할때 현질은 잘 안해도 서버비정도는 찔끔찔끔 질렀는데 지금 챌섭 시작하고 한달좀 넘은거같은데 제네패스, 챌패스 사도 괜춘할까용ㅠ 그리고 챌린저스 프리미엄 패스는 구매불가가 뜨는데 EXP패스 사야 뚫리는 구조인가요 아니면 이젠 못사는건가요?",,,,,0,False
2026-07-20,0,0,기타,메이린만 잡으면 챌인데 템 방향을 못잡겠어요,알려줘잉,,,,,0,False
2026-07-20,0,0,기타,경매장 물품수령 질문드려요,지금 챌섭에서 리프하기전에 템 매물 구매할만한거 구매좀 하고싶은데 스카니아서버에 경매장에서 템 사고 수령안하구 냅뒀다가 챌섭캐릭 리프하고 챌섭캐릭으로 물건 수령 할수있나요??,,,,,0,False
2026-07-20,0,0,기타,프리미엄 PC방 누적 접속시간 23일에도 채워지는거임?,보상만 23일까지고 누적은 22일까지란건가,,,,,0,False
2026-07-20,0,0,기타,이번에 나올 부티크 커뽀라,코디하려는데 이번주에 나오면 커스텀 스킨쿠폰 130개+스킨프리즘 90개 해야 커뽀라가 되는거맞음?? 그럼 220개에 예전꺼찾아보니까 장당 4500만이라는데 그럼 대충 100억 현금 22만원 일케계산한게맞는거임??..,,,,,0,False
2026-07-20,0,0,기타,"초대형 검, 몽둥이, 도끼 지금 살수있나여?",너무 취저인데 이번 챌섭열리며 복귀한유저라 진 이벤트를 몬했어여.. 지금 구할수있나여?,,,,,0,False
2026-07-20,0,0,기타,이번 유입 월드리프 질문합니다!,챌린저스 월드리프 진행 중에 혹시 기존 월드 캐릭터들도 리프하는 이벤트 진행해왔는지 궁금합니다! 예를들어서 스카니아 > 엘리시움 이렇게도 리프 이벤트 진행했는지 궁금합니다. 만약 안한다면 이런 월드 이벤트는 언제정도에 진행하나요??,,,,,0,False
2026-07-20,0,0,아이템,해방 / 보스도전 질문이요,280 레테 키우고 있습니다 첼섭이구요 전투력 4500이고 이번주에 처음으로 하드진힐라 컷했습니다 ㅠㅠ 노말메이린은 잡아야 다이아등급되고 검마는 이번달안에 잡아야 이번달안에 해방이 가능하더라구요 1. 노말메이린은 전투력 몇정도부터 도전할 수 있을까요..? 2. 검마는 전투력 몇정도부터 도전할 수 있을까요? 3. 해방퀘는 보스들 1인으로 잡아야하던데 스데까진 ..? 윌도 뭐.. 할거같은데 루시드 3페를 할 수가 있을지... 진힐라는 지금도 허덕였는데 패널티가지고 잡을수있을지 걱정되는데 이런건 어떻게할수있을까요? 제네패스 사긴했어요.. 4. 혹은 아이템 조언도 주시면 감사합니다.. 아이디 은유여 입니다 지금12억정도 모았어요..,,,,,0,False
2026-07-20,0,0,직업,유챔등록하고 보스잡고 템팔면 되나요?,"겨울 챌썹 패파로 들어와서, 가위로 하나씩 짜르고 팔고있는데 유챔이라는게 되나 봤더니, 잡을 보스가 있어서. 잡을만큼 잡고 유기해도 괜찮죠? 패파하다 아델하니 너무 좋은데",,,,,0,False
2026-07-20,0,0,기타,챌섭 진투복 구입할가요?,선배님들 진투복 구입할가요? 혹시 진투복 처럼 나오는 전투복 조만간 나오나요?,,,,,0,False
2026-07-20,0,0,기타,울티마 성장의비약(200~269) 챌섭안되겠죠?,울티마 성장의비약(200~269) 챌섭안되겠죠? 패스에있는 279비약은 된다고 공홈이벤트페이지에써있던데 울티마 성장의비약은 챌섭안되겠죠?..,,,,,0,False
2026-07-20,0,0,아이템,렌 다음 스펙업할 거 추천점,한 100억정도로 스펙업할 거 없을까? 아님 더 모을까?,,,,,0,False
2026-07-20,0,0,기타,복귀유저 챌섭 질문드려요,이번에 복귀하려고 정보좀 알아보는중인데 지금 챌섭시작해서 과금을 어떻게할지가 고민인데 템값으로 대략 천장정도 사용할건데 챌섭에서 꼭 끝내고 가야할게 있을까요? 이번주말에 시작해서 266에 챌점수8000점 정도입니다. 제네패스 구매했구요. 리프시기를 어떻게 잡고 가는게 좋을지 도움 부탁드려요,,,,,0,False
2026-07-20,0,0,아이템,챌섭 솔 에르다 조각 파는게 맞나요?,어떤 유튜브 보면 팔지 말고 헥사 올리라고 하고 어디서는 팔아버리라고 하는데 어떻게 하는게 맞을까요?,,,,,0,False
2026-07-20,0,0,아이템,프펫공작,악세는 놀긍떡작을 하고 프펫공작을 하는게 낫다는데 프펫공작은 어떻게 하면되나요? 무슨 세트 효과?있는 D라벨펫에 하라는데 레테랑 슈피겔만 모자 펫 버리고 D라벨 펫을 2마리 사고 펫장비를 2개 사서 프펫마작을 하면 되나요!?,,,,,0,False
2026-07-20,0,0,아이템,보통 시세 거품 몇월쯤 빠지나요?,스펙업이 하고싶은데 도저히 이가격엔 못사겠네,,,,,0,False
2026-07-19,0,0,기타,이번에 복귀 유전데 캐샵 통합,"제가 소마에 내바스 이펙트가 있는데, 이번 부티크에도 내바스가 있더라구요. 근데 이번에 복귀를 한 유전데, 캐샵 전직업 통합됐다고 들었습니다. 그러면 나중에 챌섭에서 레테 원래 월드에다가 리프하면 내바스 이펙트 옮길 수 있는거죠? 전직업 통합됐으니까. 새로 사면 호구맞죠?",,,,,0,False
2026-07-19,0,0,기타,290 찍을꺼면 챌섭에 남는게 맞나요??,원래 285에 챌린저 찍고 본섭으로 넘어와서 본캐급으로 꾸준히 키울 생각이었는데 챌섭이 경험치 더 줘서 챌섭에 남는게 더 좋다는 얘기를 들어서 질문드립니다. 본섭에 풀드메 4석펫 갖고 있는데 만약 챌섭이 경험치 더 주는게 차이가 크면 풀드메를 챌섭으로 옮길 예정입니다.,,,,,0,False
2026-07-19,0,0,기타,레테 정펜 없이 황금딸기농장 보내도 되죠?,285찍어야되는 본캐한테 정펜 주는 게 맞겠죠?,,,,,0,False
2026-07-19,0,0,기타,솔헤카테 10렙 질문입니다.,환산주스탯 에서 다른 스펙업보면 다른 스킬 올리라고 되있는데 제가 지금 솔헤카테9렙인데 10렙되면 방무20퍼 보공20퍼 증가인데 그러면 무조건 솔헤카테 10렙 올려야되는거 아닌가요?,,,,,0,False
2026-07-19,0,0,기타,신규유저 지금 시작해도 되나요?,여름방학이나 겨울방학에 큰 이벤트 할때 시작하거나 복귀하면 좋다그래서 하려고 하는데요 옛날에 하던 계정이 있긴한데 너무 오래되어서 그냥 깔끔하게 새로 계정만들어서 하려고 합니다 그런데 보니까 이미 이벤트가 시작한지 한달은 더 된것 같더라구요 시작하기 너무 늦었으면 다음 기회를 노리고 아직 괜찮다면 지금이라도 하려고 하는데 어떤가요? 아직 늦지 않았나요?,,,,,0,False
2026-07-19,0,0,기타,렌에서 레테로 본캐를 바꾸려는데,본섭 렌을 재획용을 쓰고 있습니다. 오늘 290을 찍어서 탈라하트를 갔는데 스펙업을 멈춰서 포스가 150이 부족한데 그냥 카르시온에서 사냥할까요 아니면 투자해서라도 탈라하트 사냥터를 가는게 맞을까요?,,,,,0,False
2026-07-19,0,0,기타,챌린저스서버 테라버닝 부캐 200이후에 딸기농장 구매해서 레벨업 해도 되나요?,본캐 280 찍었고 부캐 보마 키우고 싶어서 테라버닝으로 200까지 레벨업 했는데 200이후에도 딸기농장 티켓 구매해서 레벨업 해줘도 괜찮을까요?? 티켓 하나당 연합토큰인가 200개 들던데 그냥 구매해서 사용해도 될지 궁금하네요...,,,,,0,False
2026-07-19,0,0,아이템,보마 재획준비물좀 알려주실분,안녕하세요 챌섭 복귀유저인데 본섭가면 보마본캐로 키울생각으로 재획할려고 합니다. 준비물좀 알려주실수있나요? 야누스 몇렙?원킬컷 사출기로 사냥 아르테리아 서쪽외곽에서 재획할겁니다. 자석펫 5마리 어쩌다 보니 얻었고요.(3석펫.황혼1개.이벤트자석펫 무한) 본섭가면 5마리 포스도 딸리고 일단 머부터 해야할지 몰르겠네요 해방하고 갈껍니다. 일단 제생각은 포스.야누스.보마설치기 렙 올려야하고 여기서 부족한거좀 알려주시겠나요? 있는 준비물 풀드메.자석5.이정도 있습니다. 본섭,,,,,0,False
2026-07-19,0,0,기타,메이플용 PC 견적 뽑아봤는데용,"5600 + RTX3050 조합입니다 용도는 메이플, 서든, 넷플릭스 등 고화질 영상 시청용이라 고성능 게임이나 작업은 절대 할 일도 없고 예산은 OS 제외 100 정도로 보고 있어서 향후 확장성은 고려하지 않았고 7~8년 쓰다가 중고로 던질 예정입니당 딱 100 정도 나왔는데 어떤가요? (한 가지 고민은 여기서 신품으로 램 16기가 박고 중고로 램 16기가 추가로 박을까 고민 중입니다) [이미지] 지금 쓰고 있는 PC는 한 8년 정도 쓴 거 같은데 보스나 사냥에는 큰 문제가 없었지만 사람들이 좀 몰리면 렉 좀 걸리고 오래 쓰기도 해서 이번에 보내줄 예정입니다 ㅠ [이미지]",,,,,0,False
2026-07-19,0,0,기타,오는 목요일부터 바뀌는 보급상자지원에서,기존에 쌓아두던 보급상자들은 사라지고 10개부터 시작하나요? 아니면 쌓아둔 개수만큼 남아있나요?,,,,,0,False
2026-07-19,0,0,기타,메제 다 채워도 재획비 쓰나용?,다조 때문이라도 먹어야되는게 맞죠?,,,,,0,False
2026-07-19,0,0,시세,혹시 이거 시세가 어떻게 될까요?,지인이 만들었는데 판매하고 싶다네요 시세가 어떻게 될까요?,,,,,0,False
2026-07-19,0,0,기타,집에 PC 켜놓고 PC방 왔는데 도움 부탁드립니다.. ㅠㅠ 형님들,집에 PC 켜놓고 타지역 PC방 왔는데 강제 종료 하는 방법 있을까요.. 메린이 도움 부탁드립니다..!,,,,,0,False
2026-07-19,0,0,아이템,이전 첼섭에서 본서버 넘어온 불독...,검밑솔이라도 하고싶은데 템다사라진상태라 다시 맞춰야 하는데 메소 얼마정도 들까요!,,,,,0,False
2026-07-19,0,0,기타,담주에리프해도됨?,바로리프하고싶은데 도전자업글못하는거 진짜임? 혹시제네패스 + 도 안되는건 아니겠지?,,,,,0,False
2026-07-19,0,0,기타,컴고수 선생님들 게임이 계속 멈춥니다,"컴고수님들 메린이 게임 멈춤 질문드립니다 ​ 우선 컴퓨터 사양은 램32gb 4070ti super 9800x3d 입니다 게임 처음 시작할때부터 사냥,보스 첫 진입할때 항상 게임이 짧게는 1초 길게는 5~10초 멈춤이 있습니다 설정은 게임내 설정 메모리 맵 입출력 체크 해제,해상도 여러번 바꿔봐도 증상 똑같네요 뭐땜에 그런지 도통 알수가 없네요 잘 아시는분 계실까요 ㅜㅜ",,,,,0,False
2026-07-19,0,0,기타,다른계정이 같은명의여도 하버주나요???,ㅈㄱㄴ,,,,,0,False
2026-07-19,0,0,기타,피방이랑 집이랑 추가 경험치가 차이가 안나는데 왜 그런지를 모르겠음,집에서도 추경 600퍼 대 나왔고 피방도 지금 640퍼인데 그럴수가 있나 도핑이 바뀐것도 아니고 똑같이 시퀀스에 있는거 쓰는데 [이미지] [이미지],,,,,0,False
2026-07-19,0,0,시세,mvp작하려는데 챌섭이좋아요본섭이좋아요 ?,지금 뭐사야지 mvp작 괜찮은건가요 ?,,,,,0,False
2026-07-19,0,0,아이템,챌섭 방무 질문,챌섭 방무 70퍼 추가인데 이거 본썹오면 유니온으로 40퍼 채워서 -30퍼밖에안돼는거죠? 방무,,,,,0,False
2026-07-19,0,0,아이템,3석펫이 맞추고 싶습니다...,주에 50억 정도 벌리는 메린이 입니다.... 본캐 2억단에 지금 챌섭에서 키우는 부캐 1억5천만 정도 인데 3석펫에 돈을 투자하는게 맞을까요...? 현재 석펫은 버섯펫 하나에 원래 본캐가 쓰던 자석펫 하나가 있어서 버섯 두마리만 사면 되는 상황입니다. 메짱 메벤 형님들이라면 어떻게 하셨을까요? 어차피 게임이니까 제 마음이 시키는대로 가야 할까요 ㅠㅠ,,,,,0,False
2026-07-19,0,0,기타,자석펫 얼마나 걸릴까요?,"이번에 챌섭 시작한 메린이입니다. 이번달에 60질러서 드메 좀 맞추고 오늘 피시방 자석펫 얻었습니다. 메획 186%, 아획 130%, 하루 4시간 사냥하고 있습니다 피시방 자석펫 한달동안 자석펫 살 수 있을까요? 메소는 자석펫 살 때까지 모을려고 합니다.",,,,,0,False
2026-07-19,0,0,기타,지금 시작해도 안늦었을까요 챌섭?,지금 해도 해방 가능한가여....?,,,,,0,False
2026-07-19,0,0,기타,이거 챌섭 오버방무 아님?,380보스 기준으로 환산 최적화 돌리면 하이퍼 1개 더 찍어야 한다고 나오는데 이미 스탯창 방무가 97.57임 1개 더 찍는게 진짜 나은거 맞음??,,,,,0,False
2026-07-19,0,0,아이템,경험치 BM 280작 250작 무난할까요?,"챌섭 282 > 285 악선, 몬파2판, 익몬, 일퀘, 사냥 본섭 283 > 285 모멘텀 패스 예정 278 > 280 앵컴, 몬파2판, 일퀘, 익몬 276 > 280 하마, 익몬 (280작 > 279비약 + 블루베리 + 상급exp 리프) 241 > 250 모라, 에페 몬파5판 232 > 250 레헬, 알카 몬파2판 206 > 250 여로, 츄츄 사우나, 딸농 이렇게 진행 중인데 더 괜찮은 팁 댓글 달아주세요! 이거만 하고 행메 해야겠다",,,,,0,False
2026-07-19,0,0,기타,서버 질문입니다.,현재 오로라에 유니온 4200이 있습니다. 이번에 챌섭하고 다이아까지 찍었는데 그냥 오로라 4200 포기하고 스카니아로 가는게 맞을까요? 아님 오로라에 정착하는게 나을까요? 본캐는 현재 챌섭에서 키우고 있는 스커 생각중입니다.,,,,,0,False
2026-07-19,0,0,몬스터,이적자 극딜 타이밍 질문,최종뎀 20퍼 안채웠으면 무조건 채우고 하는게 이득인가요? 아니면 쿨 안밀리게 바로바로 쓰는게 이득인가요?,,,,,0,False
2026-07-19,0,0,퀘스트,일퀘 질문드려요,"요새 문브릿지, 미궁, 리멘은 일퀘 안해도되나요??",,,,,0,False
2026-07-18,0,0,기타,mvp 질문해요!,"이미지 첨부했습니다 mvp 레드를 유지하고싶은데 이미지 내용대로하면 이번주, 다음주, 다다음주 안에 616,570 캐시를 사용하면 계속 유지하는거라고 해석하면 될지 여쭤봅니다. 그리고 mvp 사용하시는 다른분들은 어떤아이템을 보통 판매해서 메소로 환산 하시는지 궁금해요 부탁드립니다 ㅠㅠ",,,,,0,False
2026-07-18,0,0,기타,내일 이벤트 의문인 부분 있음,챌 찍을정도로 헥사는 다 했고 다조 쌀팔이 중이라 기운 항상 25 찍을라해서 부스터로 변환하는데 저같은 분들 내일 기운 3배이벤트 잘 활용하는 방법 있나요?,,,,,0,False
2026-07-18,0,0,기타,메이플 팅김현상 - NGS hacking Detedcted,사진처럼 NGS hacking Detedcted 라고 뜨며 자주 팅기는데 어떻게 해결해야하나요?,,,,,0,False
2026-07-18,0,0,아이템,컬프프 외곽선도 같이 염색되는게,컬프프에만 생긴 기능임? 컬프에도 추가됨?,,,,,0,False
2026-07-18,0,0,기타,헥사떡작 도와주세요,1 보주공 2 크공주 환산주스탯보고 열었었는데 세번째는 뭘로 열어야하는지 이해가 잘 안되네요 주크보로 열면되나요?,,,,,0,False
2026-07-18,0,0,아이템,이거 무슨 아이템인가요?,루시드 돌다가 먹었는데 인벤에도 없고 루시드 드랍리스트에 이런건 없는데 뭔가여??,,,,,0,False
2026-07-18,0,0,기타,기반없는사람이 챌섭 2케릭은 힘들겠죠?,본케로 할 챌섭케 챌린저 달고나니 더 달릴 의욕이 없어가지고 부캐로 이쁘고 귀여운 레테를 하나 키워볼까 싶은데 한정 보상도 따고싶구요 현실적으로 장비 새로 다 맞춰야하고 해방도 엄청 오래걸리고 다음 챌섭까진 한케릭 쭉 하는게 낫겠죠?,,,,,0,False
2026-07-18,0,0,몬스터,하드림보 클각 몇분안에 쳐야하나요?,하드림보 1페 몇분안에 넘어가면 가능하죠? 20분으로 바뀌고나서 각을 모르겠네요,,,,,0,False
2026-07-18,0,0,기타,보스 꿀팁 있을까요,"하드 루시드, 윌까지는 어떻게 깼는데 그 이후 보스를 못 깨고 있어서요,,,,,,,,,,, 솔직히 루시드랑 윌도 어떻게 깼는지 모르겠어요 메이플에 재능이 없는 걸까요ㅕㅠㅠ",,,,,0,False
2026-07-18,0,0,기타,솔에르다 드랍률 상향이면 조각도 포함인가요?,이번에 일요일에 하는이벤트와 더불어 피시방에서도 조각까지 포함해서 드랍률이 오르는건가요?,,,,,0,False
2026-07-18,0,0,기타,달콤한 정령 오늘까진데,석펫 없이 살아야하는 건가요? 사거나 뽑거나 둘 중 하나인가요?,,,,,0,False
2026-07-18,0,0,기타,해외에서 메이플 하시는 분들 pc방,해외에서 메이플 하시는 분들 혹시 챌섭 자석펫 어떻게 유지하시고 계신가요? 달콤한정령 때문에 pc방 대리라도 맡겨야하나 고민중인데 해외에 계시는 메고수님들 계시면 댓글 부탁드리겠습니다,,,,,0,False
2026-07-18,0,0,기타,PC방 최대시간도 12시 기준으로 초기화되나요?,하루에5시간이니깐 대충 피시방 10시간 켜두고온다고하면 오후7시부터 오전5시까지 켜두면되나요?,,,,,0,False
2026-07-18,0,0,기타,혹시 나중에 이벤트로 버닝캐 한마리 더 줄수도있나요?,"260까지 찍는 버닝캐 한마리 이미 했는데 부캐를 또 키우고싶어서 키우려니깐 친구가 원랜 버닝캐 두마리씩 해줬다면서 기다려보라는데, 진짜로 더 줄수도있나요? 아니라면 빨리 키우고싶어서 고민중입니다",,,,,0,False
2026-07-18,0,0,기타,메소제한 다채우면 솔에르다기운 드롭 안되나요?,ㅈㄱㄴ,,,,,0,False
2026-07-18,0,0,기타,이 머리 이름 머에요?,지금할수잇슴??,,,,,0,False
2026-07-18,0,0,퀘스트,해방퀘 질문좀요,검마 월간으로아는데 지금 하드스우해방퀘중인데 지금 검마잡으면 마지막 검마 해방퀘 깨려면 다음달되야되나요?,,,,,0,False
2026-07-18,0,0,기타,형들 챌섭 챌린저 기준,280찍고 하메 이칼 이적 노칼 이카 하면 찍혀?? 안해도 되는거 잇낭?,,,,,0,False
2026-07-18,0,0,기타,이번주 썬데이 메이플 질문,3시간까지만 보상 주는건가요? 아니면 24시간 돌릴수있는건가요?,,,,,0,False
2026-07-18,0,0,기타,환산 이랑 인겜 투력 차이,챌섭인데 환산이 인겜보다 한 300만 정도 투력 더 나오는데 뭘까요..? 프리셋 자체는 동일함 ㅠ,,,,,0,False
2026-07-18,0,0,아이템,메이린 스펙업 질문입니다,[이미지] [이미지] 285 찍으면 90% 정도 나오는데 다음은 어디 스펙업을 해야 좋을까요? 모자는 임시로 낀거라 도전자 세트라고 봐도 무방합니다,,,,,0,False
2026-07-18,0,0,아이템,1추 vs 2추 보공12% 뭐가 좋나요?,이미 2추보공을 집어버렷지만 궁금합니다,,,,,0,False
2026-07-18,0,0,기타,트레져헌터도 on/off 가능한가요?,매일 챌섭 심볼퀘 하는데 세르니움에서 트레져헌터가 나왔네요 [이미지],,,,,0,False
2026-07-18,0,0,기타,캐릭터 발쪽에 양쪽으로 불꽃튀는 이펙트 어떻게끄나요?,영상이 없긴한데 발쪾에 캐릭터양쪽으로 주기적으로 불꽃튀는 이펙트 끄고싶은데 도저히 못찾겟습니다... 도와주세요 행님들,,,,,0,False
2026-07-18,0,0,아이템,카링 안잡아도 플라즈마하트 업글이 될까요?,카링 못잡는데 하트 업그레이드 모듈 플라즈마 사용할수 있나요?,,,,,0,False
2026-07-18,0,0,기타,9계정인가 10계정입니다,안녕하세요 그린메이플?그거보고 어케해야되나해서요 어렸을때만들어논계정이많은데 캐릭은 아이디하나에만있어요 나머지는 빈아이디인데 이거 문제생겨요??,,,,,0,False
2026-07-18,0,0,기타,혹시 이 코디 정보 알 수 있을까요?,"혹시 이 코디 정보 알 수 있을까요? 머리, 의상이 궁금합니다!",,,,,0,False
2026-07-18,0,0,아이템,아델 아이템 버닝 주스텟 이랑 쿨 중에 뭐 골라야하나요?,아델 아이템 버닝 주스텟 이랑 쿨 중에 뭐 골라야하나요?,,,,,0,False
2026-07-18,0,0,아이템,어샌틱 심볼 선택권 뭐 받음?,기간이 ... 있는지 모르고 처음에 받아둔 860개 ... 내일 사라지는데 뭐 받는게 나을까요,,,,,0,False
2026-07-18,0,0,몬스터,렌 카칼 질문드립니다.,안녕하세요 헥환 9.67 2초뚝 렌입니다. 현재 카칼 배율이 108퍼가 나오는데요. 1페 2극 2-1 2극 2-2 3극 2-3 2극 2-4 2극 2-4 까지 어센트 2개를 가져가서 마지막에 다 터는데도 카칼 체력이 3퍼가 남네요 2-4 기믹끝나고 바로 극딜하고 이후에 낙인 2스택일때 극딜하고 있는데도 딜이 부족합니다. 제가 마스터리 코어가 전부 29렙 강화코어 10렙 어세트 9렙 오리진 13렙 헤카테 17렙 화중군자 15렙으로 헥사강화가 좀 부족하긴한데 혹시 렌 카칼 최소컷 기준이 어떻게 될까요? 배율이 낮아도 헥환이 잘되어있으면 딜이 더 쌘건가요?,,,,,0,False
2026-07-18,0,0,아이템,펫장비 뭐 사야되는건가요?..,메린이 D라벨 펫 3개 샀는데 펫장비 껴주려고 그러는데 펫마다 정해진 펫장비가있는건가요..??,,,,,0,False
2026-07-17,0,0,몬스터,진짜 급해서 그러는데 흉성 2정수빌드 설명 좀,항상 환상>현실로 넘어가는 첫 극딜 때 최종데미지가 130이 아니라 120일 때 극딜이 도는데 원래 그런건가요? 공략 영상을 봐도 다 정상적으로 넘어가면 130극딜이라는데 왜 120에 극딜이 도는지 모르겠어요 걍 기다렸다가 한 번 더 풀고 130극딜을 하는건가,,,,,0,False
2026-07-17,0,0,기타,렌 어빌 질문입니다.,보15 공21 상7퍼 vs 보18 공18 상8퍼 어떤게 나아요?,,,,,0,False
2026-07-17,0,0,아이템,헥사 코어 순서 변경,3개까지 열고 다 바꿀려하니까 3억인데 0.98퍼 정도면 해야하는거임?,,,,,0,False
2026-07-17,0,0,아이템,피방 석펫 기간,피방 석펫 시간채우고 받자마자 쿨도나요 아니면 까고나서 쿨도나요?,,,,,0,False
2026-07-17,0,0,기타,6월말 유입 뉴비 현실적인 조언 부탁드립니다,안녕하세요 6월말쯤 유입한 뉴비인데요 제 기억에 전에는 챌섭경매장이 본섭이랑 통합이아니였어서 템값이 너무비쌋었던 기억이있어서 이번 버닝을 본섭에 하이퍼버닝받고 비욘드버닝받고 키웠는데 챌섭이 경매장통합이더라구요.. 정말 땅을치고 후회했는데 그래도 안접고 오늘까지 버티면서 매일매일하고있습니다 제 질문은 챌섭3만점보상인 유니인온비약20개가 저처럼 유니온1500따리에게는 절실하거든요 그래서 제가 챌섭에 레테를 1렙부터 손수키워서 지금238레벨인데 챌섭끝나기전까지 3만점이 현실적으로 가능할까요?... 혼자 계산해본결과 메이플보스자체도 저번주 본캐로 진힐라노말 첫클할정도로 메이플의 짬밥이없습니다. 과금도 소소해서 3만점목표로 레테에게 해준다면 250~300억정도 해줄거에요 그냥 챌섭 끝나기전까지 몬파+일퀘정도랑 이벤트좀 소소하게 챙기면서 즐기다가 리프할까요? 아니면 정말 3만점 가능할까요? 거짓없이 메근육없는 제 상태로 가능한지 조언부탁드립니다..,,,,,0,False
2026-07-17,0,0,아이템,하드 세렌 노란색 빔 상자는 무슨 템이에요? 하드세렌 첨잡아봄,ㅈㄱㄴ ㅈㄱㄴ 노란색 빔 상자 먹었는데 아무것도 없길래 울면서 질문중,,,,,0,False
2026-07-17,0,0,아이템,캐쉬템 질문,엘리시움에 있는 캐시탬 스카니아로 옮길수있나요??,,,,,0,False
2026-07-17,0,0,시세,메린이 템 판매 시세 질문,[이미지] [이미지] 템 이렇게 3개 처분하려 하는데 얼마에 올려야 하는질 몰라서 질문 남김미다 메짱님들 도와주세요 서버는 스카니아입니다,,,,,0,False
2026-07-17,0,0,기타,보스 파티플 질문,"처음으로 보스 파티플을 가게 됐는데 알아야 할 매너나 미리 정해둬야 할 규칙이 있을까요? 일단 생각나는 건 리트여부, 분배방식이 있는데 리트는 하기로 했고 분배방식은 어떤 식으로 정하는지 궁금합니다. 매너나 규칙 이외에도 파티격시 알아두면 좋은 팁 알려주시면 감사하겠습니다.",,,,,0,False
2026-07-17,0,0,기타,매제 다 채우면 뭐해야하나요??,주간 메할일도 다 끝내고 하루 매제도 다 채우면 보통 뭐하시나요??,,,,,0,False
2026-07-17,0,0,기타,리프 질문드려요 결정석,"챌섭에서 키운게 281에 이지카링돌이로 하고있습니다 원래목적이 이캐릭키우고 넘어오면 6번째 유챔을 노리는김에 결정석자리를 채울라했는데 본섭부캐들도 겸사겸사키우다보니 결정석90개가꽉찼습니다 본섭- 유니온 9500주차 이카돌이5개 , 이칼돌이3개 해서 깔끔하게 수익이떨어지는데 챌섭캐릭넘어와봤자 주에6억씩만 이득보는구조입니다 6번째유챔도안열렸고 본섭보스돌이들이 캐릭터가겹쳐서 유챔6번째가 열리게되어도 들어갈수가없긴한데 결정석이90개 한도라면평생5개유챔입니다 지금처럼 이카돌이주차에 이칼돌이주차할거면 챌섭캐릭이 문제가되는데 챌섭캐릭은 다른서버로 리프해서 결정석캐는게 낫나요? 월드당 결정석인거죠? 그렇게되면 천천히 챌섭열릴때마다 유니온물약으로 키우고 그쪽으로 보내면서 늘리는게낫겠죠? 메이플아뒤하나더해서 하려고했는데 그쪽은 MVP가 별도더라구요 그래서 월드를 2개돌리려하는데 스카니아 / 크로아 이렇게 별도로 결정석인거겠죠?",,,,,0,False
2026-07-17,0,0,기타,넥슨플러그 갑자기 로그인됐는데,무조건 해킹인거죠? 원격로그인해제하긴 했는데 로그인ip위치 확인할수있나요 이거 새벽에 로그인해서 빼가면 막지도못할텐데.. ㅜ 플러그 13:57분 로그인이 제가 안한 로그인인데 플러그로그인 갑자기 되신적있으신가요,,,,,0,False
2026-07-17,0,0,직업,복귀 렌 유저 전투력 천만이 안되는데...,제가 하이퍼버닝 복귀했습니다. 적당히 템 점점 맞추는 중 입니다. 근데 전투력이 400만...이던데 뭐가 제일 시급할까요...? 무지해서 죄송.... 목표는 노말 윌 입니다 [이미지] [이미지] [이미지] [이미지],,,,,0,False
2026-07-17,0,0,기타,챌섭 자석펫,본섭에 자석펫 다 있으신 분들은 챌섭때마다 자석팻 하나씩 더 사시나요?,,,,,0,False
2026-07-17,0,0,아이템,달콤한 정령 30일 상자까고 캐시보관함 이동 가능한가요,ㅈㄱㄴ,,,,,0,False
2026-07-17,0,0,기타,지피방? 원격피시방? 질문있습니다,"안녕하세요. 챌섭 유입뉴비입니다 이번달은 간신히 피시방 15시간 채워서 자석펫 받을 수 있는데 직장다니면서 피시방 60시간 채우는건 솔직히 힘들거같아서 이것저것 찾다보니 지피방, 원격피시방을 알게 되었네요 근데 이거 사용하면 정지사유라는 이야기를 봤습니다. 아직까지 운영되는거 보면 사용하는 사람도 많을거 같은데 출근하기전에 켜놓고 퇴근하고 와서 제가 게임하고 하는 방법도 정지되나요? 지피방이랑 원격피시방이랑 차이가 원격피시방이 더 안전하다! 정도로만 알고있습니다. 어떤 방식이 나은지 알려주시면 감사하겠습니다.",,,,,0,False
2026-07-17,0,0,기타,진짜 메이플 고수만 오셈,챌섭 리프 8000 유니온 크로아 vs 스카니아 에서 새인생 살기 고민중임.. 복귀하고 크로아에서 경뿌 고확을 한번도 못 봤고 템도 사려고 보니까 해외 매물만 잔득있어서 이거 진짜 ㅈ 됐다 싶었음 이때 이미 20비약 크로아로 받아버린 뒤라.. 길게 보고 큰 결심 해서 스카니아로 가야하나 진짜 고민 많이 됨.. Q 제목: 5인의 용사들과 스카니아 개척하기 vs 8000 유니온 크로아 최대 1개 선택 가능 참가자: 48 명 크로아 스카니아,,,,,0,False
2026-07-17,0,0,기타,시퀀스 화면 표시,영상보다가 발견했는데 시퀀스를 누르면 화면에 이렇게 따다다닥하고 눌리는것같은 표시 되는건 어떻게할수잇나요,,,,,0,False
2026-07-17,0,0,아이템,[챌섭]다조 660때 사면 흑우에요?,일욜날 강화하는 사람 많아져서 더 비싸지려나요?,,,,,0,False
2026-07-17,0,0,기타,부티끄 티켓 가격 보통 얼마나 하나요?,헤카테 스킨이 갖고싶은데 저번 부티끄땐 티켓 한장당 얼마정도였나요?,,,,,0,False
2026-07-17,0,0,기타,헥사스텟 질문,17살메린이 입니다. 헥사 떡작을 했는데 866이 나왔는데 이거를 계속 써야하는지 아니면 초기화 하고 다시해야하는지 궁금합니다,,,,,0,False
2026-07-17,0,0,기타,몬스터파크 핸즈로 솔 애르다 타임 참여 가능한가요?,"재곧내입니다. 보상으로 중첩되는 다조를 3시간에 한 번은 받아야 하는 걸로 아는데, 몬파 핸즈로 받아지나요??",,,,,0,False
2026-07-17,0,0,기타,블랙서큘레이터 돌렸는데 수치가 똑같을수있나요??,원래 이렇게도 뜨는건가요???,,,,,0,False
2026-07-17,0,0,아이템,무기 2추옵+18%인데 더돌려야하나요?,1추옵 뽑으려고 계속 돌려도 절대안나오는데… 직업은 은월이고 무보엠에 보공 하나도 없어요 그리고 타오르는 환불은 무기에 하는거 아니죠?,,,,,0,False
2026-07-17,0,0,아이템,챌린저 목표인데 똥블렘,윗 18 아래 6퍼인데 이거 21퍼 6퍼로 바꾸는건 돈낭비죠? 그리고 이 엠블로 챌 갈수잇나요,,,,,0,False
2026-07-16,0,0,기타,아니 보스배율 웰케 떨어짐?,"투력은 그대론데 헥환 떨어진듯,,,저 노칼 230퍼였는데 오늘보니 180퍼인데 뭔 패치가 있엇나요? ㅠㅠ",,,,,0,False
2026-07-16,0,0,시세,메린이 도와주세ㅐ요,210억에 올라와 있는 매물인데 현재 가격 오른 거 생각해도 이 정도면 괜찮은 가격인가요 ?,,,,,0,False
2026-07-16,0,0,아이템,메린이 스펙업 방향성 조언 부탁드립니다 ㅠㅠ,안녕하세요 친구도없고 같이 메이플하는 사람도 없어서 조언좀 구하려고하는데 챌린저스로 입문한 뉴비입니다. 현재 5만점 다이아몬드는 찍었고 현질해서 60억메소정도 모아놨습니다. 뭐부터 업글해야지 검은마법사를 잡을까요 조언 부탁드립니다. [이미지],,,,,0,False
2026-07-16,0,0,기타,복귀뉴비 챌섭 키우는데 리프할 서버 추천부탁드려요,에오스서버 유니온 8500에 이래저래 키우다 접고 본섭도 루나서버 유니온 8400정도에 이래저래 키우다 접고 이번에 복귀해서 챌린저도 해보려고 하는중인데 서버는 루나서버로 돌아가서 하는게 나을까요? 예전에는 뭐 3대장서버 있고 비매너도 많고 이래저래 루나나 크로아 가려했던거같은데 경매장도 서버별 달랐고하던시절 지금은 검색해보니 다들 스카니아 말밖에 없어서 질문드려요,,,,,0,False
2026-07-16,0,0,기타,본캐렌인데 레테로 바꾸는거 어때연,이제 익스우 조금씩 노크하고 있는수준인데 레테 재사용뽕맛이 넘 재밌음,,,,,0,False
2026-07-16,0,0,시세,복귀 템 시세좀..,팔고 챌섭에서 쓰려는데 ㅠ [이미지] [이미지],,,,,0,False
2026-07-16,0,0,기타,제네 패스 지금사도 될까요?,저번주에 메이플 시작해서 이번주에 제네패스 살까하는데 충분할까요? 노말 진힐라 까지 연모로 잡아봤어요,,,,,0,False
2026-07-16,0,0,몬스터,메이린 tab스킬 계속 들고 있을 수 있나요 ??,오리진초기화 나오면 오리진 극딜 한번 쓰고 다음 극딜에 쓰고 싶은데 그게 가능한지요 ?? 그리고 5차 초기화는 가장 쓰기 좋은 타이밍이 언제일까요 고수님들 도움 부탁드립니다 ㅜㅜ,,,,,0,False
2026-07-16,0,0,기타,피시방 넥슨플러그 질문,피시방에 메이플 켜두고 집와서 컴퓨터 켰더니 넥슨플러그도 같이 켜졌는데 이거 혹시 피시방에 켜둔 메이플 튕기나요? 갔다와야하나,,,,,0,False
2026-07-16,0,0,시세,자석펫 질문!,지금 기간제 자석펫 끝날때 돼서 비싸진걸로아는데 기다렸다 사는게 맞을까요? 시세 다시 싸지는데 오래걸리면 지금이라도 사려고하는데.. 가격 금방 돌아오는지 궁금해요,,,,,0,False
2026-07-16,0,0,기타,헥환 7만 후반대인 분들은 거의 다 상위보스 3인격 가시나요?,"헥환이 7만 8천이상 되면 하적자 하드카링 노말발드 노말림보 익세 익검이 전부 배율 40% 나오는데 이 스펙대분들은 어느정도 팟격을 가시는지, 아니면 아래단계 1인격을 가시는지 궁금해요 Q 제목: 상위보스 배율 40퍼? 최대 1개 선택 가능 참가자: 55 명 (무기명) 상위보스 3인격 웬만하면 간다 귀찮아서 아랫단계 솔격한다",,,,,0,False
2026-07-16,0,0,아이템,남캐 헤어 종류 잘 아시는 분 계실까요..,빨간색으로 표시한 캐릭터 헤어가 너무 이쁜데 이름을 모르겠네요 코디 고수님들 부탁합니다..,,,,,0,False
2026-07-16,0,0,기타,유니온9천인데 채집이낫나요 검밑솔 보스돌이가낫나요,템은 거의 챌섭기준템들이고 채집은 하루에 6캐릭도하긴해요 보스돌이까지 하는 투자가치가 있을까요?,,,,,0,False
2026-07-16,0,0,직업,메린이 렌 신규스킬 질문좀용,신규스킬 말이 많던데 1렙도 안올리는게 낫나요? 망혼 모아쓰기같은건 잘 못하고 그냥 쿨마다 예인이랑 같이 씁니다,,,,,0,False
2026-07-16,0,0,기타,제네패스 오늘 기준 7/16 사도 안늦나요?,이제 플레이 한지 2주째고 재밌어서 쭉하려고 하는데 오늘 제네패스 사도 문제 없나여??,,,,,0,False
2026-07-16,0,0,아이템,마이링 옥션에 얼마에 올려야하나요?,얼마에 올려야 적당한지 모르겠어요 [이미지],,,,,0,False
2026-07-16,0,0,기타,285찍으면 사냥 안해도 될까요?,본섭에 본캐 있고 이번에 챌섭에서 챌린저 찍었습니다. 챌섭 버프와 메이린 보상 등이 맛있어서 부캐는 챌섭 마지막주 까지 하드메이린 이지카링 까진 잡을 생각이에요. 문제는 챌섭에서 구매한 3석펫인데 본캐에는 2석펫이라 밤길3에서 회수가 너무 쉽지않더라구요. 챌섭부캐를 285달성한 뒤 챌섭에 아무 캐릭터 하나 만들어서 거기 3석펫을 넣고 본섭으로 먼저 리프시켜서 본섭 5석펫으로 재획할까 생각중입니다. 3석펫을 다 옮기게 된다면 챌섭캐릭은 더이상 사냥은 못한다고 봐야할듯 해서 285이후로 레벨업이 필요할까? 라는 생각이 들어서 질문글 쓰게 되었습니다.,,,,,0,False
2026-07-16,0,0,기타,메린이 질문좀;;,"찐 메린이라 진짜 몰라서 물어보는건데, 보스딜은 전부 체력 퍼센트로 들어오고, 나중에 높은 단계 보스는 데카마저 게이지 형식이라고 하는데, 그러면 방어력하고, 체력, 내성? 이건 어디에 관여하는거임? 옵션으로 막 방어력 6% 막 이런거나 어빌에 방어력의 ~만큼 ~~증가 이런 옵션은 왜있는거임?",,,,,0,False
2026-07-16,0,0,기타,메카베리가 블루베리보다 좋은건가요?,메카베리 1만메포 블루베리 7500메포네요 악몽선경 4배랑 비교해서 효율 어떤가요?,,,,,0,False
2026-07-16,0,0,아이템,시세 한번만 봐주세요 선생님들..,시질알 선생님들 얼마까지 봐야할까요,,,,,0,False
2026-07-16,0,0,아이템,도대체 뭘 가져가야하겠습니까,이거 둘중에 뭘 가져가야됩니까...,,,,,0,False
2026-07-16,0,0,기타,몬파 핸즈도 사냥으로 취급하나요?,이번 주 썬데이에 몬파 핸즈 보상으로 솔 에르다 수령하거나 몬파 핸즈 돌리는 건 아무 영향없겠죠? [이미지],,,,,0,False
2026-07-16,0,0,기타,몬파 핸즈도 사냥으로 취급하나요?,이번 주 썬데이에 몬파 핸즈 보상으로 솔 에르다 수령하거나 몬파 핸즈 돌리는 건 아무 영향없겠죠? [이미지],,,,,0,False
2026-07-16,0,0,기타,헥사스탯3 떡작,지금 헥사스탯2까진 떡작완료했고 현재 스킬 헥사강화 진행률은 아래와 같습니다. 지금 시점에선 스킬을 먼저 올려야할까요? 아니면 헥사스택3떡작을 바로 할까요? 솔 에르다와 다조는 딱 헥사스탯3 떡작할 수 있을정도만 있습니다,,,,,0,False
2026-07-16,0,0,아이템,해방 추옵 질문,왼쪽이 정배인가요? [이미지],,,,,0,False
2026-07-16,0,0,퀘스트,해방퀘 질문좀요,검마 월간으로아는데 지금 하드스우해방퀘중인데 지금 검마잡으면 마지막 검마 해방퀘 깨려면 다음달되야되나요?,,,,,0,False
2026-07-16,0,0,기타,혹시 메랜 이랑 메이플 동시에켜도 약관위배 안될가요,사정이있어서 좀 같이키고할라는데 정지당하려나요,,,,,0,False
2026-07-16,0,0,시세,엄거래 메포로 월드이동해도 되려나요?,스카니아랑 챌섭에 각각 캐릭터있는데 스카니아가 엄거래기준 챌섭보다 저렴하더라구요 스카니아에서 메소사서 메포로 바꾼다음에 챌섭에서 메포를 메소로 바꾸면 큰 차이없을까요?,,,,,0,False
2026-07-16,0,0,기타,메m 꼭 해야돼요?,퍼즐놀이 없어져서 이제 안해도되지않나,,,,,0,False
2026-07-16,0,0,직업,레테 헥사코어,안녕하세요 형님들 다름이 아니라 환산주스텟에서 실제 헥사 강화랑 헥사코어 순서 강화가 다른데 왜그런거죠..ㅠ 펠스톰이 9개 찍었는데 강화순서 보면 18라고 나오네요.. 다른스킬도 마찬가지로 더 높은데 왜 그럴까요 혼돈이 와서 찍질 못하고 있어요 ㅠ,,,,,0,False
2026-07-16,0,0,아이템,복귀유저인데 템바꿀 순서 추천좀요,복귀해서 어거지로 대충 맞추고 잇는데 이제 메소모아서 하나씩 바꿔갈려하는데 우선순위 추천좀해주세요 달에3~4백억 모일거같아요,,,,,0,False
2026-07-16,0,0,기타,햄들 요새 비피작 뭘로해야됨?,꿀팁 전수점 ㄳㄳ,,,,,0,False
2026-07-16,0,0,기타,선생님들 유니온 챔피언 케릭터요,보통 챌섭 한번 할때 하나씩 만드시는 편인가요?,,,,,0,False
2026-07-16,0,0,퀘스트,아티펙트 강화 왜 안되나요?,[이미지] 활성화 된거같은데 왜 강화가 안되나요?,,,,,0,False
2026-07-16,0,0,아이템,보 70 vs 보 65 방무 30 뭐가 좋나요?,"뉴비라 잘 모르겠어서 질문드려요 환산사이트 기준 방무 111,475 종합 62089 입니다 직업은 렌입니다",,,,,0,False
2026-07-16,0,0,아이템,제네시스 무기 잘못 받았는데 어떻게 변경하나요 ㅠㅠ,스태프 받아야하는데 완드를 받아서....,,,,,0,False
2026-07-15,0,0,몬스터,이거 하드메이린 클각 나올까요?,지금 배율95퍼에 입장극딜 하면 오리진바인드 끝날때까지 4.5퍼정도 까는데 이거 클리어각이 보이긴 할까요?,,,,,0,False
2026-07-15,0,0,기타,1석펫 > 2석펫 / (현재 1버섯) 버섯 or 빨강이 뭐할까,"3~5석펫 가는 건 너무 부담이 크고 현재 본섭 버섯 1개, 챌섭 피방펫 1개 쓰는데 1석펫 > 2석펫 체감 크다고 나쁘지않대서 한마리 더 입양하려는데 본캐도 해봤자 9~10만 목표고 사냥도 하루에 1~2시간 할까말까여서 3~5석펫 갈 일 없을 거 같은데요 노관세 기준 동일기수 버섯이 174억, 빨강이가 168억임 님들이라면 뭐 삼? 펫 생긴 거는 이쁘든 말든 상관없음",,,,,0,False
2026-07-15,0,0,몬스터,하드메이린 렙업당 배율 몇정도 오르나요?,지금 281에 배율 94.43퍼인데 랩업당 배율 몇정도 오르나요? 90후반쯤 트라이 해보려하는데,,,,,0,False
2026-07-15,0,0,기타,피씨방 누적 접속시간,제가 지금 20시간인데 내일부터 5시간씩 계속 가면 60시간 되여? 이벤트에는 23일이라고 적혀있는데 23일이 목요일이라 목요일도 시간누적이 되나여?,,,,,0,False
2026-07-15,0,0,기타,헥사 코어 3 때문에 벽에 막힌거 같습니다,이번 유입 메린이 보마로 281렙 찍고 검밑솔 보스들 다 돌면서 행메중이었는데 헥사 코어 2 까지 뚫는데 좀 부담이 되었었습니다 근데 이번에 3까지 뚫으려는데 생각보다 어마무시하게 솔 에르다와 조각이 필요하더라고요... 이건 자연 사냥으로 얻긴 좀 힘든 양 같은데 여기서 현질을 하라고 만든 시스템인가요 아니면 사냥 꾸준히 하면 충분히 가능한 양일까요...? 뉴비라서 진짜 몰라서 여쭤봅니다,,,,,0,False
2026-07-15,0,0,기타,챌패스 늦게사면 뭐가손해인가오,제네패스는 해방늦는건알겠는데 챌패스가 출첵류가있나요? 늦게 사서 한방에 블루배리먹어됴되는거아닌가요??,,,,,0,False
2026-07-15,0,0,기타,(뉴비살려주세요 ㅜㅡㅠ) 웹 인증정보가 일치하지 않습니다. 떠서 보스 보상 못받은....,한번 읽어보고 ㅠㅠㅠㅠ도움 주실 수 있는 분들은 댓글 한번씩 남겨주세요ㅜ [이미지],,,,,0,False
2026-07-15,0,0,아이템,거래소에 언리미티드 훈장 파는거 가위계속되나요?,부캐에 훈장외형 주고싶은데 구매이후 교불되고 가위로 다시옮길수있는건가요?,,,,,0,False
2026-07-15,0,0,기타,게토 아닌 피시방에서 하면 찍계되나요?,어제 오늘 피카 피시방에서 1.5시간보상만 받고 와서 오늘 30분 사냥하는데 10분마다 3번 거탐이왔습니다ㅠㅠ 클릭 거탐 2번 비올 1번 부스터쓰느라 룬도 바로쓰는데 이거 찍계된건가요? 찍계 되서 계속 오면 메접하고 복귀하는게 차라리 나을까요?,,,,,0,False
2026-07-15,0,0,기타,메린이 버닝 캐릭터 생성 질문 드립니다 !,280까지 해주는 버닝 말고 200까지 해주는 버닝캐릭터는 삭제 후 재생성 가능할까요 ?,,,,,0,False
2026-07-15,0,0,아이템,디라벨 펫장비 마일리지,디라벨 루나드림 펫장비는 전액마일리지로 구매가 안되나요..?,,,,,0,False
2026-07-15,0,0,기타,환산 링크에서 번호 매겨서 있는순이 중요도인가요,칼로스 너무 빡세서 생존링크 2개 넣으려고하는데 뭘뺴야할지 모르겠어서 환산주스탯 링크최적화에서 링크마다 각각 번호가 적혀있는데 11번 12번이 가장 중요도 떨어지는건가요?,,,,,0,False
2026-07-15,0,0,시세,추옵 잘알 형님들 몽벨좀 봐줘요,이거 추옵값못받죠?,,,,,0,False
2026-07-15,0,0,기타,이지카링이 짜증나는 이유가 뭔가요??,이번에 트라이하고있는데 글들 보면 카링은 진짜 극혐이다 최소컷진짜힘들다 이런말 많이 봤는데요 어떤점 때문에 그런지 궁금합니다 일단 페이즈별로 다 깨보면서 제가 느꼈던점은 1. 게이지 관리는 텔직업이라 그런지 안어려웠다 2. 1페를 3마리로 나눠서 잡아야 하니 극딜낭비가 생겨 최소컷이 힘들다? 저는 다음 극딜 돌아올때 되면 피가 준극으로는 안죽고 극딜로는 남아버리는 피인 상황이 와서 애매하더라고요 3. 2페가 가시+도올장판 깔리면 서있을 곳이 너무 좁다 4. 단추구멍이랑 강제텔장판이 잘 안보인다 5. 나쁜도올 만나면 짜증난다 이정도인데 메고수분들이 외치는 짜증나는점은 뭔가요??,,,,,0,False
2026-07-15,0,0,아이템,자석펫 질문이요~,본섭에 아델레랑 카이 2개 맞췄는데 쁘띠 스노우가 196억대가 넘어가더라구요 단종된 자석펫들은 가격이 점점 비싸지나요??? 돈 더 쓰면서 쁘띠 스노우 맞출 가치가 있을 까요~~?,,,,,0,False
2026-07-15,0,0,직업,메이플 한번도 안해본 뉴비 오늘부터 시작해도되나요?,유튜브 알고리즘에 자주 떠서 해보려고하는데 지금 무슨 이벤트 중이더라구요 이벤트가 시작한지 좀 되서 오늘부터 하루 2~3시간씩 하면 다 못누리고 망하려나요? 다음 겨울 이벤트를 기다려야할까요?,,,,,0,False
2026-07-15,0,0,아이템,루나 익스텐션 궁금합니다.,"몇년만에 복귀해서 새로운게 많이 생겼더라구요 루나익스텐션 써보고 싶어서 질문남깁니다. 현재 제가 갖고있는 자석펫은 황혼, 신야 2마리가 있습니다 루나익스텐션을 쓰려면 보유중인 자석펫 2마리 제외하고 동일기수 자석펫3마리 더 사면되는건가요? 맞게 이해한건지 알고싶네요",,,,,0,False
2026-07-15,0,0,퀘스트,해방날짜 이거 맞나요??,"오늘 상태로 보스들 다 돌고 (이번주는 끝, 내일 목욜 초기화부터 다시) [윌 격파 미션중, 흔적 265/1000 개] 검마빼고 하드로 다 가능 저 위에 표들이 제 상태로 체크한게 맞나요?? 예상해방7.23일 목욜 그니까 내일 목욜 1주랑, 그다음주(7.23) 초기화 1주 총 2번 보스들 돌려야 해방되는거죠?",,,,,0,False
2026-07-15,0,0,기타,밑에 메린이 컴퓨터 질문한 사람입니다!,"제가 너무 당황해서 게시글에 영상 첨부를 하지 않고 올렸네요.. 죄송합니다.. 이전 글 링크 : 메이플스토리 인벤 : 메린이 컴퓨터 질문 드려도 되나요..? - 메이플스토리 인벤 질문과 답변 게시판 ​ ​ ​ ​ ​ 우선 1번 영상부터 간단하게 설명드리면, 3번째 슬라임 수정 배치에서​ 모션이 전부 보이는데 수정만 설치가 되지 않았습니다. 그리고 몇 초 후 이펙트와 함께 수정이 나타나는 상황입니다. 2번 영상은 데벤 실드체이싱 사용하는데, 처음 실드체이싱 사용할 때 실드체이싱 이펙트가 반박자 느리게 나갑니다. 보통 이러한 상황에서 컴퓨터 문제라면, 캐릭터의 모션이나 보스의 모션, 게임 전체적으로 같이 멈추는 걸로 알고 있는데 제가 지금 겪는 상황에서는 제 캐릭터는 정상적으로 움직이며 시간 또한 정상적으로 카운트 되고 있음을 알 수 있습니다. + 사냥할 때도 마찬가지로 탈라하트 원킬 or 투킬 나는 스펙인데 이미 피가 전부 깎인 몹들이 시간이 더 지나서 죽습니다. 피가 깎이고, 몹들이 죽는 애니메이션이 나오는 사이에 제 캐릭터는 정상적으로 움직임이 가능하구요! 이러한 경우에는 컴퓨터에 문제가 생겼다기 보다는 저희집 네트워크에 문제가 생긴게 맞을까요??",,,,,0,False
2026-07-15,0,0,기타,리프 관련해서 질문 드립니다. ㅠㅠ,첼섭에 지금 200레벨 캐릭터 3개랑 본캐로 키우고 있는 282짜리 캐릭터가 있는데 얘네들 전부 리프? 때 옮길 수 있는 건가요? 또 옛날에 오로라에서 조금 키웠던 렌 캐릭터가 있는데 얘도 리프해서 베라 서버로 이전 가능한가요? 베라 서버로 아예 이주하고 싶은데 뚱성비를 오로라섭에 있는 렌한테 있어서 옮길 수가 없어요. ㅠㅠ 1. 첼섭 2에 있는 캐릭터들 전부 리프가 가능한지 2. 오로라섭에 있는 캐릭터를 리프 때 같이 다른 섭으로 이전 가능한지 이 두 가지가 궁금합니다. ㅠㅠ,,,,,0,False
2026-07-15,0,0,몬스터,뉴비 보스컷,"직업 보마입니다 노말 메린이까진 다 잡았고 노말 세렌, 하드 검마 여기 위로 쭉 한번도 안해봤는데 현실적으로 어디까지 될까요? 그리고 저 S랑 F가 포스 부족이라 나오던데 어센틱심볼도 지금 강화해야할까요? (보스목적) 전부 5렙상태",,,,,0,False
2026-07-15,0,0,직업,헥사스탯 3 찍는법 질문,이러면 어떻게 찍어야 하나요? 2 무시하고 3번째 추천해준걸로 찍으면 될까요??,,,,,0,False
2026-07-15,0,0,아이템,플라즈마 하트 본캐 vs 부캐 고민,"안녕하세요 이번 챌섭에서 플라즈마 하트를 받을 수 있을 것 같은데, 본캐를 줘야되나요 하니면 챌섭캐가 그대로 들어야 되나요? 본캐는 환산 5만 정도에요!",,,,,0,False
2026-07-15,0,0,기타,하루시3페 7퍼정도 남는데,헥사스텟2렙 떡작해주면 깰수있을까요??,,,,,0,False
2026-07-15,0,0,기타,본메 쌩뉴비 지금시작해도 안늦나요?,기존유저 발톱이라도 따라갈수있나요??,,,,,0,False
2026-07-14,0,0,퀘스트,몬파랑 일퀘 추가경험치 질문,몬파나 일퀘도 정펜같은 추가경험치효과 받나요???,,,,,0,False
2026-07-14,0,0,기타,챌섭 질문있습니다!,"혹시 에메랄드랑, 챌린저스 각각 찍는데 소요되는 시간이 얼마나 될까요? 군인이라 8월에 휴가 14일 쓰는데 그안에 최소 에메랄드는 찍고 싶어서요! 에메 찍기 쉬운거 같으면 챌린저스 까지 노려보려고합니다! 레테 하버 키웁니다 과금은 20정도 하고 하루에 메이플 4시간 이상은 할 것 같습니다",,,,,0,False
2026-07-14,0,0,몬스터,이지카링 처음 도전인데 알려주세요,281 칼리 환산기준 165퍼 나오는데욥 계속 3페가서 때리다 패턴 못 피해서 죽고 게이지 관리 하다 죽고 하는데 유튜브에서 다른사람들 잡는거 봣는데 3페에서 혹은 2페에서 도올 게이지 1000 터트리고 하던데 이유가 뭔가요? 3페 팁이 있다면 좀알려주세요 유튜브 영상봐도 잘안되네요 ㅠㅠ,,,,,0,False
2026-07-14,0,0,기타,방무는 어떤 위치의 옵션임?,공 마 보 를 제외한 옵션은 취급도 안하던데 챌섭 한정 방무를 쳐주는거임?,,,,,0,False
2026-07-14,0,0,직업,와이프가 시작한다해서 보마로 하버 만들어줬는데 텔포직업을 원합니다 ㅠ,하버랑 비욘드는 캐삭하고 재지정 하면 그만이긴 하지만 아버를 못받으니 이거 뭐..... 어떻게해야할지 모르겠네요 ㅠ 1:1문의글도 남기긴 했지만 ㅠ 아버 종결 아이템으로 가장 싸게 맞춘다면 장비만 100억 밑으로 맞출 수 있을까요? 레테로 진행하려 합니다 ㅠ,,,,,0,False
2026-07-14,0,0,아이템,피방 vip부스터 vs 사우나,뭐가 효율 더 좋나요?,,,,,0,False
2026-07-14,0,0,몬스터,초보 보스 공략하려면 환산주스탯 몇퍼정도부터 트라이하면 좋을까요?,"안녕하세요. 복귀뉴비인데 보스 처음 연습할 때, 환산주스탯으로 몇퍼정도에서 패턴 연습 시작하면 좋을까요? 남은 보스들은 하드 듄캘, 카오스 더스크, 하드 진힐라, 검마 ... 입니다. 카엔슬 150%에서도 타임아웃나고, 하드루시드 120%에서도 3페에서 0.5줄 남기고 무한 트라이 하고.. 직업(렌)은 좋다고 하니 손이 찐빠인건지..ㅠㅠ 대충 제 수준이 어느정도냐 하면.. 1. 카이 잡는데 3시간(1페 2.5시간, 2페 0.5시간) 걸림. 2. 지금도 노말 힐라 400%에서 한 두번씩 실카아웃 함. 3. 더스크 파란 구슬 맞기 전에 의지 써본 경험 없음 ㅠㅠ. 명령이 눈->뇌->손까지 가는데 지연시간 좀 걸림. 입니다. 진힐라는 200%인데, 아직도 손이 안가고.. 참 그렇습니다. 기존에 게임하신 분들 보면 120~130%정도에서 넉넉하게 하시는거같은데, 찐빠 좀 있다고 가정하고 200%면 타임아웃 스트레스 크게 없이 도전할만 할까요?",,,,,0,False
2026-07-14,0,0,기타,제가 메이플을 22년하면서 단 한번도 정지를 당해본일이 없어서 몰라갖고 물어보는건데요,"[이미지] [이미지] 게임이 정지되든 채금이든, 며칠이든 몇달이든 1~3년이든 한번 당하게되면 그 내역이 총 며칠간, 혹은 총 몇달동안 있는건지 궁금합니다",,,,,0,False
2026-07-14,0,0,아이템,챌섭 마스터 보상 250레벨 달성의 비약 질문,본섭에 주려고 하는데 누구 주는게 가장 좋음? 일단 메르는 이미 250이고 그럼 은월이 가장 1순위인가?,,,,,0,False
2026-07-14,0,0,기타,헥사스탯 질문,지금 헥사스탯3 19/20 인데 이게 지금 제 스탯에 적용이 되고 있는건가요 20/20 이 되어야 적용이 되는건가요?,,,,,0,False
2026-07-14,0,0,아이템,성향 올 100 뭐로 찍더라???,친구랑 챌섭 하는데 왜 넌 성향이 전부 100이냐고 물어보는데 ㅅㅂ 뭔가를 했나 먹었나?? 기억이 안나네;; 아는 사람 답변 좀,,,,,0,False
2026-07-14,0,0,시세,ㄹㅇㄸ 에서 메소사면 정지 먹나요..?,ㄹㅇㄸ 에서 메소사면 정지 먹나요..? 메이플에 오랜만에 접속해서 메소를 좀 사고 싶은데 메소마켓이랑 물통거래 시세가 상당히 차이나네요. 몇 주 전에 메이플 인벤에서 물통샀다가 정지먹었다는 글을 몇 개 봐서 질문드립니다.,,,,,0,False
2026-07-14,0,0,기타,헤카테:스틱스 바인드 질문,"보마 키우는 중입니다. 오리진,에르다노바, 스틱스 이렇게 3개가 다 바인드잖아요? 전엔 막 눌렀는데 무슨 저항이 있어서 뭐라뭐라 하는데 잘 이해가 안되서.. 노바는 풀강화했습니다. 보스 잡을때 저 3개 스킬 쓰는 타이밍, 순서좀 알려주세요 메이플 어렵네요 ㅠㅠ",,,,,0,False
2026-07-14,0,0,아이템,메이린 배율 96퍼에서 5퍼 끌어올리고 싶은데,[이미지] [이미지] [이미지] [이미지] 현재 이런 상태이고 배율 96.00퍼센트입니다 101퍼 + 렙업 2퍼로 103퍼 트라이하고싶은데 여기서 5퍼는 어떻게 올리는게 좋을까요? 도움 부탁드려요 닉네임 MyReina 입니다,,,,,0,False
2026-07-14,0,0,기타,라운지 챌섭으로 가입하고 스카 섭 거래 할수도 있나요?,메이풀 완전 처음이라 챌섭 가입해 키우고 이번에 거래해보려고 첼섭캐릭으로 라운지 가입했는데 스카 캐릭 만들고 스카섭캐릭우로 거래 가능해요? 스카섭에서 사서 첼섭으로 옮기려는데 라운지 닉(첼섭캐)이랑 다른 캐인데 되는지 안되는지요ㅜ,,,,,0,False
2026-07-14,0,0,기타,환산 사이트 보스 효율컷 관련 질문,직업은 레테 입니다!! 일퀘 끝나고 접속했을때는 하드 메이린이 96퍼 였는데 방금 전에 확인하니 90퍼로 되어있네요!! 오늘만 그런게 아니라 평소에도 종종이러는데 뭐땜에 그런걸까요??,,,,,0,False
2026-07-13,0,0,아이템,"레테 기본 헤어,성형 캐시샵에 안파나요??",하 ㅅ ㅂ...뷰티룸 저장 실수로 날려버렸는데 캐시샵에 안파나요? 이제 못하나요? ㅠㅠㅠㅠ,,,,,0,False
2026-07-13,0,0,기타,레떼 헥사 질문,이대로 써도대나여 ? [이미지] [이미지],,,,,0,False
2026-07-13,0,0,기타,컴알못 질문드려도 될까요... (부품 교체),"CPU : 라이젠5 2600 M/B : A320M RAM : 8GB x 2 GPU : 1660 6GB 복귀 유저인데 하루에 2소재 정도 하는데 주말에 사냥터 10명 풀로 차거나 보스할 때 버벅거림이 심하네요.. 예전에 메이플 할 때는 괜찮았는데 ㅠㅠ CPU 2600에서 5600으로 변경하면 의미있는 투자가 될까요.. 타게임은 안 하고 가끔 늦게 업무 처리할 거 있음 여러 창 띄우고 작업하는 정도? 업체에 문의하니 교체, bios업뎃까지 21만원이고, 오래된 부품 교체 시 CPU 고정핀 파손 시 책임없는걸로 답변왔네요",,,,,0,False
2026-07-13,0,0,직업,재획 보다 주보돌이 선호하시는 메린이분 계신가요?,사냥 하는것보다 주보돌이 선호하시는 메린이 분들 계신가요?? 혹시 그렇다면 몇캐릭을 어디보스까지 돌리시는지 궁금합니다!,,,,,0,False
2026-07-13,0,0,몬스터,270 드메 62/63 사냥,30분에 대충 3000만원? 정도 벌리는거 같은데 이게 정상인가요? 먼가 놓치고 있는것만같은 느낌이들어서잉,,,,,0,False
2026-07-13,0,0,아이템,복귀뉴비 5석펫 개오바겠죠?,이번 챌섭으로 복귀했어요 20만원 정도 현질해서 드/메 80/100 정도 맞추고 메제까지 사냥한지 한 2주 정도 된거같은데 일단은 챌섭 공짜석펫 + 피방석펫으로 2석펫 끼고 사냥중입니다 근데 여기서 3석펫 더맞추려면 100만원이라.. 뉘집 개이름도 아니고.. 진지하게 사고싶어진거면 대가리 깨진거겠죠? 스펙업에는 현금쓰진 않고 재획하면서 번거 투자한거라 그렇게 많이는 안썼고 하드세렌정도 잡는 배율까지 왔네요,,,,,0,False
2026-07-13,0,0,몬스터,천천히 챌 가려하는 뉴비 검마 질문,검마 배율 150이라 머리박다가 도저히 내 능력으로 못하겠는데 3가지 중에 뭘 선택해야 할까요 1. 2주 뒤에 검밑솔로 해방하고 검마 솔플하기 2. 2인격 구해서 같이 깨고 다음주에 해방하기 3. 그냥 계속 머리박아서 깰때까지 트라이하기,,,,,0,False
2026-07-13,0,0,아이템,코디충의 희대의 자석펫 고민입니다.,"현재 쁘띠 네즈코, 칸타빌레, 마주르카, 초록버섯 소유 중이라 5석이나 6석을 가려고 하는데요. 5기는 제가 가장 기다렸던 기수이기도 하고 외형도 그만큼 맘에 들어서 애정하고 있습니다. 하지만 4석 이상이 가능해진 지금 고민에 빠졌습니다. 귀칼 나머지 2마리를 사서 6석을 갈지 아니면 최애를 따라 쁘띠 타임만 마저 사서 5석으로 지낼지 현재 템환 7.6만에 헥환 6.6만 (사냥을 그닥 많이 안하긴 했었습니다.)인데 미래를 보고 6석을 가는게 맞을지.. 한정인건 덤이고요. 혹은 펫도 코디인 나에게 최애펫을 세워둬야 할지.. 가격은 두 경우가 차이가 별로 안 나다보니 이런 고민이 생기네요 Q 제목: 자석펫 (종료) 최대 1개 선택 가능 참가자: 5 명 (무기명) 26.08.01 19:15:59 마감 득표순 답변순 최애 낀 5석 (80%, 4표) 한정이지만 취향 아닌 6석 (20%, 1표) 투표가 종료되었습니다.",,,,,0,False
2026-07-13,0,0,직업,챌린저 못달거같은데 본섭생성하는게나아요?,챌섭에서 블래만들고 아버비욘드 다해버려서 레테하고싶으면 본섭에서만들고 제네패스만하는게낫나여? 그래도 시간없어서 해방못하려나요?,,,,,0,False
2026-07-13,0,0,기타,형들 제네스킬 이거 언제 쓰는거여?,창조는 언제 쓰는거? 10초 안에 스킬끄면 뭐 1500퍼 데미지 준다고는 적혀있는데 언제 써야하나 해서ㅠㅠ 그냥 무적기 처럼 활용하는건지 딜 사이클안에 넣어야하는건지 모르겠어 파괴도 온오프던데 보스 들어가기전에 키고 들어가는건가...?,,,,,0,False
2026-07-13,0,0,아이템,뉴비 챌섭 자석펫 팔기 vs 쓰기,"이번에 복귀한 뉴비 질문있어요 본섭에 자석펫 카이 한개 있고 재획은 하루 2~4소재정도 하고있어요 무료 자석펫이 끝나니 이번기수 한마리를 구할지, 아니면 리프할때를 대비해 카이랑 같은 기수를 구매할지 그것도 아니라면 그냥 일반펫으로 버티고 스펙업을 할지 고민입니다. 누비에게 슨배님들의 따땃한 조언 부탁드려오",,,,,0,False
2026-07-13,0,0,시세,메이플 옥션 메포머임?,오랜만에 들어왔는데 다른 서버 아이템 구매하려면 10메포씩 드나봐요?? 펫이 다른 서버꺼가 싸서 그런데 메포도 이럴때 쓰려고 충전해야함? 스카니아 기준 1400만원인데 다른 서버꺼 메포 10원 주고 사면 10만원임,,,,,0,False
2026-07-13,0,0,아이템,메린이 케릭터생성제한,궁성비 받아서 유니온케 만들려고 보니 케릭생성칸이없더라구요 웰컴 패키지 에있길래 챌섭 챌린지 도전하는김에 샀더니 본섭에서 케릭을 하루에 3케릭만 만들수있다는걸 몰랐습니다 이경우 챌린저 도전하는케릭 외 다른케 에다가 케릭터슬롯 확장권 주고 먼저 리프시켜놓고 사용하면될까요?? 궁성비 아직안받앗는데 혹시 유효기간? 얼마나될까요??,,,,,0,False
2026-07-13,0,0,기타,원래 명의이전을 해도 하버맥스 갱신이 안되나요?,"동생이랑 급식때 만든 어머니 명의로 된 계정을 2개 만들어서 각각 하나씩 쓰고 있었습니다 처음에 동생이 하버맥스를 만들고 명의이전을 진행했습니다 다음에 제가 하버맥스를 만드려고 하니 이미 동생이 생성했던 탓인지 하버맥스 생성이 안되더라구요 그래서 문의를 남겼는데 일주일 기다려서 명의당 하나라는 매크로답변만 받았습니다 제가 궁금한게 동생이 어머니 명의로 하버맥스를 생성한 것은 맞는데 그 이후로 본인 명의로 이전을 진행했는데도 생성이 안 되는 것이 맞는 건가요? 현재를 기준으로 했을때 결국 어머니 명의에 하버맥스 캐릭이 0개 아닌가요? 만약에 생성이 안 된다고 한다면, 제가 제 명의로 다시 명의이전을 진행한다면 하버맥스 생성이 가능할까요? 동일 문제를 겪으신 분들의 조언 부탁드리겠습니다 ㅜㅜ",,,,,0,False
2026-07-13,0,0,아이템,이런건 요즘 얼마 하나요?,데브 27퍼에 추옵이 인트 148급 나오는데 추옵 가격 받을 수 있는건가요?,,,,,0,False
2026-07-13,0,0,기타,이번주 목요일,이번 라방할 때 다음 이벤트도 알려주나요?? 250비약으로 본섭에서 캐릭 키우려고 하는데 혹시나 부스터 주면 부스터로 키우는게 더 나을 거 같아서요 목요일까지 기다려보고 하는게 좋을까요??,,,,,0,False
2026-07-13,0,0,기타,드메 셋 질문좀,지금 드메셋을 100/160 맞춘 상태임 285찍고 정팬버리고 쌍드 사서 풀드메 할려하는디 그리드? 그거는 따로 +20퍼라는대 다들 많이씀??? 필수면 쌍드를 한부위 더 구해야하나요???,,,,,0,False
2026-07-13,0,0,기타,하드 메이린 잡고 싶은데 어딜 스펙업 해야할까요?,안녕하세요. 슬슬 하드 메이린 트라이 각이 보이는데 어디를 올려야 가성비 있게 스펙업 할 수 있을지 질문 드려요. 현재 배율은 레벨업이 가까워 94.08% 나오고 목표는 100퍼정도로 만들고 싶습니다. 챌린저가 너무 달고 싶은데 어제 헥사3에 조각이 많이 들어가 메소가 없어(다시 건실하게 모으는 중) 메잘알 형님들의 가르침 부탁드립니다. 아래에 환산사이트 남겨보아요. [이미지],,,,,0,False
2026-07-13,0,0,직업,재업 / 듀블 279 이배율로 검마 원래 어려운게 맞음 ?,"비슷한 배율 나오는 렌으로는 클했고 챌섭 레테로도 클해봐서 패턴은 알고있음 근데 듀블 자체가 윗점 거지같고 텔슝좍이 아니라서 그런가 2,3페 데카 갈리는데 그냥 머리박치기가 답임 ?",,,,,0,False
2026-07-13,0,0,아이템,솔 에르다 어따 써?,조각은 부족하고 에르다는 넘치는데 걍 부스터로 사용하면 됨? 그 외 사용처는 스킬강화말곤 없지??,,,,,0,False
2026-07-13,0,0,아이템,스펙업 진로 봐주실분!!,스펙업 진로 봐주실 메짱형님 계십니까? 9~10만 목표입니다!! [이미지] [이미지] [이미지] [이미지],,,,,0,False
2026-07-13,0,0,아이템,[메린이]100억 스펙업 궁금합니다.,"[이미지] [이미지] [이미지] 현재 100억정도 모았는데 여기서 어떤걸 우선적으로 스펙업해줘야할까요? 레벨 282, 헥사환산 41,800 입니다!!",,,,,0,False
2026-07-13,0,0,몬스터,원래 세렌 정신병자가만든 보스맞나요?,제가 트라이하다가 정신병걸릴거같은데 하드듄캘이랑 두마리 개초딩패턴으로 돈뽑아처먹을려고만든 보스같은데 제가 똥손인거임? 내가 똥손이라서 그러면 과감하게 남은거 팔아재끼고 접을꼐요 배율 170퍼입니다,,,,,0,False
2026-07-12,0,0,기타,오늘 헥사 스탯 먼저 올려도 되나요??,환산주스탯에 헥사코어 순서보면 아직 헥사스텟2는 좀 뒷 순위인데 오늘 떡작하기 좋은날이래서 미리 열어서 떡작해도 괜찮을까요? 재료는 다 있습니다.,,,,,0,False
2026-07-12,0,0,기타,자석펫 4~5석펫 질문,다음주면 이벤트 자석펫이 끝나서 하나만 사려고 하는데 합니다 근데 4석펫은 3개 작용한 세트 예시:) 블러드3셋 + 블러드 2셋 이렇게 착용 가능한가요?,,,,,0,False
2026-07-12,0,0,기타,몬파핸즈 챌섭 본섭 누구줄까요,본섭 297풀드랍 야누스30 챌섭 283 풀드랍 야누스30인데 누구해주는게 좋을까요 그리고 본섭이나 챌섭에서 따로했을때 수령은 다른서버에서 가능한가요?,,,,,0,False
2026-07-12,0,0,아이템,몬컬 보상 렙제...언제 생긴건가요?,제곧내입니다. 항상 제 시간에 받다가 시간을 놓쳤는데 사정이 있어서 렙낮은 캐릭터로 접속하고 나서야 알았네요...혹시 이것도 4월 16일날 패치된건가요? 몬컬 보상 수령 횟수에 대해 물었더니 어떤 분이 4월 16일날 패치됐었다고 하셨거든요,,,,,0,False
2026-07-12,0,0,기타,메애기 환산 검색관련질문(추적),제가찾고싶은사람이잇는데 메이플공홈 랭킹검색에선 검색이된달말이죠? 근데 메애기나 환산으로검색하면 안뜨는데 왜이런거죠? 정지일까싶어서 메이플 공지 1년까지 정지캐릭터명뒤져봤는데 안나오는데,,,,,0,False
2026-07-12,0,0,기타,부캐 생성 질문,하버 본섭에 써서 없으면 챌섭에 만들이유 없는거죠? 내실 없어서 힘들거 같은데,,,,,0,False
2026-07-12,0,0,아이템,제네시스 패스 질문좀요,사려고 하는데요 뉴비입니다 4주정도 걸린다는데 보스 뭐뭐 잡아야 할까요 일주일에 일요일만 쉬어서 하는데요 사도 무기 받을수 있을까요??,,,,,0,False
2026-07-12,0,0,기타,뉴비 몇가지 질문좀 드려여,1. 7월16일 해방인에 해방전 검마 잡았는데 이러면 제네시스 패스 플러스 다음달부터 적용되나요? 2.아케인 심볼 다 만렙 찍었는데 아케인 일퀘 해야하나요? 3. 사냥 평일에는 30분~1시간 주말에는 2시간~4시간 정도 하는데 8월 끝나기 전에 285 찍을 수 있을까요? (지금 281렙),,,,,0,False
2026-07-12,0,0,기타,첼린저찍고 싶은데 메소앞으로 얼마나 더들어갈까요?,패스류는 다샀고 막바지에찍기만하면됩니다,,,,,0,False
2026-07-12,0,0,기타,챌섭 리프할때 한캐릭만 먼저 보낼수 있나요?,챌섭에 자석펫을 받았는데 본섭으로 먼저 옮겨주고 싶어요,,,,,0,False
2026-07-12,0,0,기타,자석펫 밥 자동으로 먹나요?,패치된 건지 몰라서요 ㅠ,,,,,0,False
2026-07-12,0,0,퀘스트,매그너스 파풀 길뚫 스킵방법 없나요 ㅠ,길뚫 한 적 없고 뭐 1시간이 걸린다해서 이거 꼭 다 완료해야 잡을 수 있나요,,,,,0,False
2026-07-12,0,0,기타,메린이 헥사 2 떡작 8 10 2 떴는데 잘뜬거맞죠?,메인스탯이 높을수록 좋다고 들었는데 잘뜬거 맞죠?,,,,,0,False
2026-07-12,0,0,아이템,드랍템 사도 될까요?,"안녕하세요, 한 달에 10만원정도 과금하고 하루에 4시간정도 사냥하는 유저입니다. 현재 메획5줄 드랍1줄 쓰고 있는데 남는 장신구 부위에 드랍 1줄씩 맞출지 고민입니다. 챌섭 시세가 비싸다고 해서 드랍템을 살지 스펙업을 할지 조언 부탁드립니다.",,,,,0,False
2026-07-12,0,0,아이템,자석펫 질문,1. 다들 5석펫 5석펫 하시는데 말그대로 자석펫이 5마리라는 건가여?? 2. 5석펫하면 뭐가 좋은건가여?? 3. 본섭에 완전 예전에 얻은 자석펫 한마리 있는데 사냥 안할거라면 한 마리만 있어도 상관없나여??,,,,,0,False
2026-07-12,0,0,기타,레테 2차 헥사스탯 질문,두번째 헥사스탯은 어떻게 설정해야하나요? 지금 첫번째 헥사스탯은 메인 보공 서브 주스탯 마력 이렇게 입니다,,,,,0,False
2026-07-12,0,0,기타,뉴비 어빌리티 질문이있어요,둘째줄 셋째줄 먼저 뽑고 첫째줄을 뽑으라고 유튜브에 나와서요 직업 렌이고 종결이 보공20 상추뎀8 공21 이라해서 도전해보고싶은데 지금 이상태이면 첫번째줄을 잠구고 돌려도 되는게 맞나요..?,,,,,0,False
2026-07-12,0,0,기타,사고싶은 닉이있는데ㅜㅜ 본캐가 안뜨시는 분일때 어떻게 연락을 취할수있는 방법 없나요?ㅜㅜ,엘리시움에 원하는 닉이있는데 그닉은 접속 안하신지 1년정도 됐던데ㅜㅜ,,,,,0,False
2026-07-12,0,0,기타,레테 질문있습니다,레테 스킬이 초기화되던데 이거 연타해도 댐지들어가나요? 지금 초기화되면 공격모션끝나고 다시쓰고하는중인뎀,,,,,0,False
2026-07-12,0,0,기타,이거 어캐한거에요? 일루전링?,거대한 몸 거대한 머리 2개 동시 장착한 것마냥 몸도 크고 머리도 큰데 아래 닉네임 표시 없는거 보면 안드로이드 같고 근데 일루전링 2개 장착해도 효과는 1개만 적용이라 저렇게 어떻게 키운건지 아시는 분,,,,,0,False
2026-07-12,0,0,기타,헥사2 옵션선택 질문,헥사 1에서 고른 조합 순서만 바꿔서 선택하는게 맞나요? 아니면 1은 보주마 2는 크주마 이런식으러 골라도 되나요?,,,,,0,False
2026-07-12,0,0,기타,헥사 떡작 환산에 이렇게 나오는데,헥사2스탯 떡작 하려는데 환산보니까 이렇게 나오는데 1스탯 이대로 능력치 바꾸고 돌리는게 맞음 ?,,,,,0,False
2026-07-12,0,0,기타,사냥 관련 질문,안녕하세요 사냥하는도중에 주력기 꾹 누르면서 방향키 이동하면 주력키가 풀리는데 주력키 누른 상태에서 방향키 눌러도 주력기 계속 써지게 어떻게 하나요?? 속사기 아니고 쿨타임 있는 직업 입니다,,,,,0,False
2026-07-12,0,0,퀘스트,버닝 비욘드 270 본캐 선택 하고 렙업 했는데 이전 보상 못받나요?,[이미지],,,,,0,False
2026-07-12,0,0,아이템,뉴비 골클벨좀 봐주..,레테 장비로 쓸건데 괜찮게 발린건가요? 뉴비라 이걸 안고 가야할지 아니면 이노센트 다시 발라야할지 가늠이 안가요 [이미지],,,,,0,False
2026-07-12,0,0,아이템,패스 선물 질문,"이번에 나온 챌섭 패스나 제네시스 패스 보면 넥슨캐시로만 구매 가능하고 넥슨캐시로 구매시에도 타인과 교환불가인데, 그럼 이 패스를 선물하는것도 불가능한건가요?",,,,,0,False
2026-07-12,0,0,아이템,"[챌섭] 사냥용 어빌 첫째 아획,메획중에 뭐가 정배인가요?",지금 뽑을건데 알려주세요 메선생님들,,,,,0,False
2026-07-12,0,0,아이템,무과금인데 매일 몬파7판?,이번에 메이플 시작해서 재밌게 즐기고 있는 메린이입니당 레벨은 282고 정말정말 조금씩만 과금하면서 거의 무과금처럼 게임하고싶은데 몬파 매일 7판씩 돌아주는거 효율이나 의견이 어떤가 궁금해요! 매일 3-4소재씩 하고 모인 돈으로 메포 바꾸고 그걸로 매일 7판씩 몬파하고있는데 이젠 교불 조각 다 썼고 솔 에르다만 점점 꽉 차고있어서 무과금주제에 몬파 7판은 과분하고 그 돈으로 조각 사서 솔 에르다 소모해줘야 되나 생각듭니다ㅠ 몬파를 안하면 레벨업이 너무 더딜까 고민되긴하는데 어떤지 의견한번씩 부탁드립니다!,,,,,0,False
2026-07-11,0,0,아이템,헥환5만 다음 아이템 변경 어떻게 가면 좋을까요?,"투력1.3억이고 현재 연습해서 검마, 이칼, 노세렌까지 잡고있습니다 제가 플탐이 길지 않아서 결정석 말고는 메소수급이 거의 없습니다 일주일에 10억 정도씩 버는데 현재 50억 모았는데 다음 아이템을 아떤걸 목표로 하면 좋을지 고수님들 의견 여쭤봅니다! 감사 합니다 [이미지] [이미지] [이미지]",,,,,0,False
2026-07-11,0,0,아이템,제네패스 플러스,"제네패스 플러스 첼섭에서 열고 월드리프해서도 유지 가능한가요? ( 세렌, 칼로스 등등 잡고 큐프 구매 )",,,,,0,False
2026-07-11,0,0,기타,제네플러스 질문,이거 시간이 지날수록 한마리씩 오픈되는데 지금 잡아도 오픈 안된건 보상 못받는거?,,,,,0,False
2026-07-11,0,0,아이템,메소제한 관련 질문이 있습니다,오늘 분명 오전에 2소잰가 3소재한거같은데 2소재 했다치고 오후에 소재 한판하고 나서 메제 수치를 보니 4천만 정도였던거같습니다 그래서 한번 더 소재하면서 전분으로 30분 획득메소 확인해봣는데 이미지와같이 4549만 메소 얻었고 메제수치는 8500만이었습니다 [이미지] 그럼 금일 필드 획득메소가 최소 1.6 은 찍혀있어야 되는거아닌가요? 제가 모르는 다른 시스템이 적용되있는건지;;,,,,,0,False
2026-07-11,0,0,아이템,캐시템 중에 전투복이라고 있잖아요,메소샵 숲속의 마법사 세트<- 이것도 전투복인가요??,,,,,0,False
2026-07-11,0,0,아이템,자섯펫 무한 교환 임?,"어디선가 타인과 1회 교환 , 구매 후 수령시 교불 이런 단어 본거같은데 자섯펫 장착만 안하면 무한 교환 임?",,,,,0,False
2026-07-11,0,0,기타,pc방에서도하시는분들 부드럽게느껴지나요?,집160헤르츠인가지원이고 pc방보다사양더좋은데 pc방은 보통144헤르츠인데도 점프이동기만써도 더부드럽게느껴지던데 이건 pc방ip 집ip차이라서 어떻게못하는거겠죠? 예를들어 넥슨게임이pc방에 계약을하는거니까 더 빠른회선?이라던가 아니면 pc방자체 회선이라던가 저처럼 느끼시는분계신지도 궁굼하네요 다른사람들은 안느껴진다해서요,,,,,0,False
2026-07-11,0,0,기타,시그너스 기사단 코디 무슨 방법으로도 못구하나요??,윈브 키우고있는 메린이중 메린이 인데 지금 캐시샵에서 파는 기사단장 이리나 세트 남자 윈브한테 안어울려서 4년전에 시그너스 리마스터때 준 윈브 코디 구하고싶은데 아예 못구하는 한정판 상품인가요??,,,,,0,False
2026-07-11,0,0,기타,카엔슬 죽는거 보자마자 팅겼는데,잡은걸로 치나요 안잡은걸로 치나오? 카엔슬 죽는 순간 아들이 전원을 눌러버림.. 밖이라 확인 못하는데 너무 궁금하네요 ㅋㅋ,,,,,0,False
2026-07-11,0,0,아이템,스펙터블래스트 보상질문이요,제가 이번에 복귀해서 이번주 스펙터 처음해봤는데 담주하면 이벤트 끝이더라구요..? 그럼 케이라로이드? 는 못받는거죠? 클리어횟수 아니고 경치수령횟수기준인거죠..?,,,,,0,False
2026-07-11,0,0,기타,280레벨 달성했는데 블루베리는 그냥 다 쓰면 되나요??,지난주에 280레벨을 달성했습니다 이번주에 새로 블루베리 쿠폰을 받았는데 앞으로 받는 족족 다 쓰는게 나을까요?? 270렙때 효율이 가장 좋다고 들었는데 이미 지나간지라 그냥 쓰면 괜찮은것인지 궁금합니다,,,,,0,False
2026-07-11,0,0,기타,헥사스탯 최적화 어떻게 해야할지 모르겠습니다,지금 헥사스탯 2까지 떡작 했습니다. 원래 2에서 크공주로 하라고 했는데 바뀌더라고요 그래서 안 바꾸면 3에서 부스탯이 겹쳐서 주스탯을 넣지 못하는데 어떻게 해야하나요?,,,,,0,False
2026-07-11,0,0,몬스터,메린이 보스 질문,형들 겁나 메린이라 아는거 하나 없어서 물어보는데 검밑솔이라고 하면 보통 스데미 루시드 카엔슬 더스크 등 하드보스 다 잡고 남은 아래보스는 뭘잡나요..? 그냥 결정석 가격보고 잡나요??,,,,,0,False
2026-07-11,0,0,기타,이번주 수요일에 끝난 게 있나요?,본캐 수로 치는데 저번주보다 수로 점수가 거의 4천점 가량 줄었길래 뭐 종료된 마약 같은 게 있나 해서 여쭤봅니다,,,,,0,False
2026-07-11,0,0,기타,내일 헥사스탯 메인스탯 확률 업 이벤트,5레벨 부터 확률 업인거면 오늘 5레벨 까지는 미리 올려놔도 되는건가요?,,,,,0,False
2026-07-11,0,0,아이템,뉴비 아이템 질문,이상태에서 뭐 해야되나용 270 윈브입니다잉~ 돈 그냥 아케인에 다 박나요잉~,,,,,0,False
2026-07-11,0,0,기타,근데 제네시스 패스 PLUS 보상 다 받으려면,어차피 자동으로 챌린저 등급 되는 거죠? 이쪽 보스가 더 높던데,,,,,0,False
2026-07-11,0,0,기타,컴고수님들 메린이 게임 멈춤 질문드립니다,"​ 우선 컴퓨터 사양은 램32gb 4070ti super 9800x3d 입니다 게임 처음 시작할때부터 사냥,보스 첫 진입할때 항상 게임이 짧게는 1초 길게는 5~10초 멈춤이 있습니다 설정은 게임내 설정 메모리 맵 입출력 체크 해제,해상도 여러번 바꿔봐도 증상 똑같네요 뭐땜에 그런지 도통 알수가 없네요 잘 아시는분 계실까요 ㅜㅜ ​",,,,,0,False
2026-07-11,0,0,아이템,복귀 메린이 본섭에 있는친구가 많이아파요..,챌섭하는동안 주보돌이로 쓸려고 하는데 효율적으로 손 봐줄게 있을까요..,,,,,0,False
2026-07-11,0,0,기타,메린이 헥사스텟 질문드립니다,"제가 지금 헥사 1만 주/보/마 이렇게 열려있는데 2를 열려고하니 1에있는 보공을 크뎀으로 바꾸라고 되어있는 거 같은데 그럼 애초에 초기화하고 다시 돌리라는 말인가요,,? 아니면 저 4/10/6 상태에서 제가 원하는 걸로 순서만 바꿀 수 있는건가요?",,,,,0,False
2026-07-11,0,0,아이템,메짱만,둘중에 뭘 파는게 더 수요가 많을까요? 또 각 시세는 어느정도 될까요?,,,,,0,False
2026-07-11,0,0,기타,캐시샵 들어가는게 엄청 오래걸리는데 해결법 아시는분 계신가요,일단 ssd에 깔려있고 인텔 13세대 3070 컴퓨터라 사양 딸리는것도 없습니다 다른건 다 괜찮은데 캐시샵만 들어가려고 누르면 검은화면으로 엄청 오래 대기하다가 캐시샵이 켜지더라구요 이거 해결 방법 아시는 분 계신가요..? 이거 때문에 너무 답답하네요 ㅜㅜ 캐시템 많이 가지고 있는거도 아니고 그냥 보관함은 아예 비어있구요..ㅜㅜ 옥션 개편 전에도 옥션 들어갈 때는 바로 들어가졌는데 캐시샵만 계속 이럽니다 ㅜ,,,,,0,False
2026-07-11,0,0,직업,어빌이 조금 꼬였는데 조언 부탁드립니다,(상추뎀 7%) 정옵이 재감-상추-보공입니다 위에 2개를 고정하고 보공을 뽑아야 할까요? 아님 2번 3번 슬롯에서 원래 공략처럼 상추 보공을 먼저 뽑는식으로 처음부터 진행할까요? 2번 3번은 이렇습니다 [이미지] [이미지] 명예는 보스샵에서 영끌하면 60만 추가할 수 있슴니다,,,,,0,False
2026-07-11,0,0,기타,메이플이 재밌는데 할게없어요,"매주 목요일만 되면 주간콘텐츠랑 주보돌이를 다 돌아버려서 바로 금요일만 되도 할게없어요 그래서 케릭터를 하나 더 키우고싶은데 방법이 없겠죠? 하버 하나 더 주는거 기다리는수밖에 없을까요.. 다른건 돈,시간이 너무 드니..",,,,,0,False
2026-07-11,0,0,기타,이거 위치어디임?..,설명이 없냐..,,,,,0,False
2026-07-11,0,0,아이템,솔에르다 기운 다차면 헥사부스터로 빼면 되죠?,지금 메획템 산다고 조각 다 팔면서 돈 모으고 있는데 기운 25개 다 차기전에 2~3개 헥사 부스터로 바꾸면 되죠??,,,,,0,False
2026-07-11,0,0,기타,뉴비 잘 하고 있나 함 봐주세요,닉 빠방러버 유투브 보면서 하고 있는데 손 봐야될 곳들 우선순위 좀 알려주여,,,,,0,False
2026-07-11,0,0,몬스터,이지 카링 최소컷 질문!,이지 카링 129퍼 찍혀서 솔플 해보려하는데 페이지당 몇분 정도로 넘겨야 깰만한가요? 직업은 엔버입니다!,,,,,0,False
2026-07-11,0,0,기타,메린이 겨울챌섭 전 유니온 8000 질문있습니다!,"안녕하세요 이번에 챌섭으로 시작한 뉴비입니다! 나중에 본섭으로 리프하면 챌섭버프가 빠져서 많이 약해질 거 같아 준비중인데요! 현재 기준 뚱성비 20캐릭 4000 + 챌섭 5캐릭 1000 = 리프 시, 유니온 5000으로 계산됩니다! 허나 겨울 챌섭 이전에 8000 달성을 목표로 두고 있고, 42캐릭을 완성하고 싶어서 하루 챌섭 할 일을 마친 뒤, 리프 예정 본섭에서 이벤트를 활용해서 유니온을 키우고 있는데요! 겨울 챌섭 이전에 달성하려면 이렇게 하는 게 맞는 거겠죠?",,,,,0,False
2026-07-10,0,0,기타,뉴비 챌섭..보스,현재 보스가 좀 어려운거같은데...연모 좀 하다가 어느정도 익숙해졌을때 찐모로 돌리나요 님들?,,,,,0,False
2026-07-10,0,0,기타,스펙한번만 봐주세요 ㅠㅠ,"전투력 3300만이고, 노말진힐라까지는 잡았습니다. 하드루시드 3페에서 계속 딜이 부족한데 .... 배율128%인데 왜 안잡힐까요 ㅠㅠ 제가 놓치고있는게 있나싶어서 질문드립니다. 도핑은 길드, 세이렌(빨간색), VIP, 275렙, 반빨별, 몬파빨간색, 우뿌, 붕뿌 이렇게합니다. 혹시 부족한 스펙부분이 있다면 조언해주시면 감사할 것 같습니다. 닉네임은 평온한고라니 입니다.",,,,,0,False
2026-07-10,0,0,기타,뉴비) 헥사 떡작 질문,"이번에 헥사코어 3번째를 뚫고 떡작을 하려 하는데, 뭘로 뚫어야 할지 모르겠어서 환산에서 보면 자꾸 이렇게 기존 스텟을 바꿔버립니다... 3번째만 뭘로 열어야 할지 보고 싶은데, 방법이 없을까요? [이미지]",,,,,0,False
2026-07-10,0,0,아이템,뉴비 100억 메소 살 예정인데,[이미지] 투력 3300만 정도 되는데 메소 효율적으로 쓰기 위해 뭘부터 해야할 지 뉴비는 감도 안 옴 훈수 부탁드립니다...,,,,,0,False
2026-07-10,0,0,아이템,환산 10~11만대에서 200억으로 환산 350,가성비 좋은 편인거죠?,,,,,0,False
2026-07-10,0,0,기타,유니온 패시브 우선수위 질문좀,200렙 메르세데스 있음 은월 아예 없음 250비약 은월주는게 나은지 아니면 또 다른 좋은 방안이 있는지 궁금함 유니온 8천도 아니고 4~5천따리임 알려주면 고맙겟음,,,,,0,False
2026-07-10,0,0,기타,라이젠2600 ---->>> 라이젠5600 효과 많으려나??,가게에서 낮에 서브컴두고 메이플 하는데 라이젠2600 램16gb 지포스1060임 ssd250gb 설정같은건 다 했고 램정리 프로그램도 쓰면서 램 사용률은 50% 유지중인데 사냥터나 보스에서 잔렉이 심할때가 많아서 cpu 라이젠5600 16만원정도에 업글하면 유의미하겠지???,,,,,0,False
2026-07-10,0,0,아이템,메린이 지금 약간 막막한데..,"[이미지] [이미지] (이터널플레임 링 첫째줄에 메획 20%입니다) 이렇게 열심히 키우는 거 처음입니다 직업은 렌, 278렙(경험치 51%), 전투력은 2600만 나옵니다 챌린저스 티어 점수는 29000점입니다 직전 챌섭 세기말부터 열심히 출석체크 하고 사냥해서 무료 석펫 1마리 있습니다(제일 뿌듯) 제네시스 패스 plus만 빼고 챌섭 2주차 때부터 패스류는 다 샀어요 사냥은 주에 4만마리만 잡아와서 거의 안한 편이라 어제부터는 좀 달리는 중입니다 다들 벌써 해방하고 챌린저 찍는데 저는 이정도 밖에 안되니 숨이 턱 막히네요 해방 미션은 이제 스우? 쪽 진행중입니다 마음 같아선 챌린저 등급 찍어보고 싶어요.. 앞으로 뭘 더 해야할지 대충이라도 조언 부탁드립니다..",,,,,0,False
2026-07-10,0,0,시세,뉴네임옥션 B급 감성 닉네임 좀 봐주세요,후아잉 << 올릴만한 값어치 할 것 같나요?? 아잉눈 좋아하는분들이면 사갈거 같긴 한데..,,,,,0,False
2026-07-10,0,0,아이템,[레테] 오늘 인생 첫 해방한 뉴비인데 추옵좀 봐주세여,이거인데 후자가 투력이 올라가지고,,,,,0,False
2026-07-10,0,0,아이템,챌섭에서 유니온의 힘은 찐모에선 못써요?,이건 그냥 연모용 버프인셈인가유,,,,,0,False
2026-07-10,0,0,아이템,"[챌섭]님들 마슈르, 달붕어빵 이거 보스할때 필수인가용?",개당 1400만원인데 넘아까버라 ㅋ큐ㅠ,,,,,0,False
2026-07-10,0,0,기타,환산 8만,8만 메소 비용 어느정도 될까요? 템은 어느정도로 맞춰야 되는지 대충이라도 알려주시면 감사하겠습니다!! 메린메린..끄응,,,,,0,False
2026-07-10,0,0,기타,캐릭터 피격판정 기준 질문,피격판정 기준이 캐릭터 머리라고 들었는데요 스킬을 쓰면서 머리가 움직이면 그대로 캐릭터 머리가 기준인가요? 아니면 기준이 바뀌나요? 렌의 경우 평딜이 스킬을 쓰면서 머리가 회전(빙글빙글?)하는 구조라 세렌 1페 기둥과 기둥사이에서 평딜하면 머리가 움직이면서 기둥에 맞는것같은데 그냥 무조건 머리가 기준인게 맞죠?,,,,,0,False
2026-07-10,0,0,기타,어빌은 무조건 첫줄 열고 돌림?,지금 재사용 20 상추 7 쓰고있어서 보공 띄워야되는데 재사용 20이 너무 아깝다.. 재사용 15~16 이런거 쓰니다 20 되니까 채감 심하던데 재사용 상추 잠그고 돌리는건 좀 에바 겠지?,,,,,0,False
2026-07-10,0,0,기타,챌섭뉴비 과금 질문,"메이플 현질해서 못참고 거의 원더베리에 박았는데 30만원 무과금, 2만원 자석펫 등 이득과 손해를 둘다 경험해보니까 너무 고민이 됩니다. 2640원주고 메소 사먹자니 자석펫으로 메소샵보다 이득 본거 생각이 나고 그렇다고 원더베리 한번 더 해보자니 원더베리 30만원 무과금이 생각이 나서 저점이 높은 메소 사먹기가 맞는거 같은데 메소값이 너무 비싸서 어떻게 해야될지 고민입니다 mvp레드를 달려고 60만원 지른거라 일단 이번주 손해 안보려면 메포로 바꿔놓든 원더베리를 해서 템을 맞추던지 해야될 것 같은데 안그럼 덜 손해보면서 메소 사먹을 수 있는 방법이 있는지 궁금합니다",,,,,0,False
2026-07-10,0,0,기타,메이플 접속이안됨 아시는분ㅠㅠ,문의 넣었는데 답변도안오고 전날 잘되다가 갑자기 이럼 이 컴퓨터로 다른 계정들어간적도 없음 비번 틀리거나 한적도 없고 피방이나 다른 컴퓨터론 다 들어가짐 인터넷 문제도 아닌게 다른 넥슨 게임 잘됨..,,,,,0,False
2026-07-10,0,0,기타,메린이 선데이 질문드립니다~~,이번 선데이때 헥사스탯을 가면될까요? 아니면 환산주스탯 보고 순차적으로 가면될까요? 환산에서는 스킬강화 더 하고 스탯인데 조각이 부족해서요!,,,,,0,False
2026-07-10,0,0,기타,테섭은 원래 레드pc인가용?,otp 되어있는데도 레드로 떠서용,,,,,0,False
2026-07-10,0,0,아이템,마라벨 여우 무기? 이펙트 어캐끄나요,사냥터에서 제가 아니라 다른유저 여우가 제 캐릭터보다도 앞에 서있어서 가리는데 너무 거슬립니다 이거 어떻게 지우나요??,,,,,0,False
2026-07-10,0,0,기타,챌린저스 서버 다음주에 시작 챌린저 가능?,챌린저스 서버 다음주에 시작해도 챌린저 달성 가능한가요??? 많이 늦게 시작하는 느낌이라서 여쭤봅니다!,,,,,0,False
2026-07-10,0,0,기타,[챌린저스]이번주 썬데이 뭐해야돼요?,주흔작 할거있나요?,,,,,0,False
2026-07-10,0,0,직업,헥사스탯 썬데이때 갈아 엎어야 할까요?,썬데이 20퍼가 어느정도인지 몰라서 질문드립니다. 1핵사 메인 5렙 2핵사 메인 7렙 3핵사 이번에 찍을 생각인데 2핵사는 그냥 둔다 치고 1핵사는 초기화 할법한가요?,,,,,0,False
2026-07-10,0,0,직업,극딜버프 시퀀스 지속시간 짧은거를 앞으로넣는건가요 아니면 긴거를 앞으로하나요,제발알려주세연,,,,,0,False
2026-07-10,0,0,몬스터,팔라딘 외 다른 직업분들,안녕하세요. 팔라딘 본캐로 키우고있는 팔붕이입니다.. 현재 헥환 7.6만 익스우 139퍼 배율로 30초 남기고 클리어 하고있는데 혹시 다른 쓰앵님들은 몇배율에 몇 분만에 클리어하고 계실까요..? 대부분 도핑은 다 하고있어서 마일빼고 유챔 4444로 맞춰서 입장하고있고 그대로 환산에 검색해보니 135퍼인데.. 30초 남기고 깨는데 정상인가요..? 혹시 참고할만한 익스우 강의 영상같은거 아시는분 있으십니까? 1페 3어센트로 쉴드찰때마다 까고있고 3.5극으로 1페가 넘어갑니다... 초뚝 사용중입니다.,,,,,0,False
2026-07-10,0,0,기타,다음 목표 추천 부탁드립니다.,지금 헥환 5만직전이고 다음 목표를 잡아야 쭉달릴것 같아 다음 목표로 적당한게 있으면 추천 부탁드립니다. 렌때 찍먹하고 이번에 처음으로 이적자랑 검마 잡아봤습니다.,,,,,0,False
2026-07-10,0,0,기타,하림1페 몇분이 마지노선인가요?,1페 몇분안에넘겨야지 클각보이나요?,,,,,0,False
2026-07-10,0,0,기타,지금 엠작 뭘 사는게 나을까요?,깡메포는 물통대비 너무 비싼데 마땅한 녀석 없을까요?,,,,,0,False
2026-07-10,0,0,기타,메이플 글씨체 관련 질문입니다..일정부분만 글씨가 깨져요 ㅠㅠ,이미지 처럼 메이플에 있는 전체 글씨가 다 깨지는건 아니고 대표적으로 제 닉네임 부분이랑 저런 텍스트로 되어 있는 부분들이 글씨가 깨져서 게임하는데 상당히 불편하네요 ㅠㅠ 채팅창도 글씨가 저렇게 깨졌는데 저건 글씨 크기를 확대하니까 해결이 됐는데 다른 부분들은 어떻게해야 폰트를 정상적으로 되돌릴 수 있을까요? 검색해보니 윈도우 폰트 자체를 바꿔보라그래서 바꿔봤는데 저 부분은 변하지가 않네요...혹시 아시는 분들은 부탁드립니다..ㅠㅠ [이미지],,,,,0,False
2026-07-10,0,0,기타,챌섭 메린이 에메랄드까지 목표잡았는데...,"... 보스를 하드 보스 잡은 건 데미안까지 (데미안-스우-파풀 요정도) 가엔슬은 카오스까지 잡아본 적이 있어서 가능할 것 같은데... 더스크나 듄겔은 노말 솔격했고, 노말 루시드 / 노말 윌까지 솔격을 해봤는데 나머지 보스들은 엄두가 안나요 ㅠㅠ 가능하긴 할까요!? ㅠㅠ",,,,,0,False
2026-07-10,0,0,기타,이거둘중 뭐골라야할까요??,오른쪽 고르는게맞을까요?,,,,,0,False
2026-07-09,0,0,아이템,주흔작 하는 방법 질문,플라즈마 하트에 주흔 30작 하려고 하는데 몇 번 붙으면 순백 쓰나요?,,,,,0,False
2026-07-09,0,0,기타,해방퀘로 보스 잡은것도 어둠의 흔적 들어오나요?,예를들면 지금 스우 잡는 단계인데 스우 해방퀘인걸로 잡아도 어둠의흔적 들어오는건가요?,,,,,0,False
2026-07-09,0,0,기타,고스트파크 잡몹겁나아프내...,귀신은 피하기 쉬운데 잡몹이나 불 이런거에 계속 죽네[요ㅕ.. 10분채워보고싶은데 고인물분들 아알려주세[요ㅕ,,,,,0,False
2026-07-09,0,0,아이템,안녕하세요 유입메린이입니다. 아케인셰이드 디키오샀는데,안녕하세요 유입메린이입니다. 아케인셰이드 디키오샀는데 엄청 싸게 올라와있더라고요 100만메소에 샀는데 이거 사용해도 될까요 ?? 강화시켜서 쓸까하는데 [이미지],,,,,0,False
2026-07-09,0,0,시세,블랙빈 마크,블랙빈 마크 인트 15 노리다가 힘 966 떴는데 별 안달고 얼마정도에 팔리나요?,,,,,0,False
2026-07-09,0,0,기타,유챔세렌 117퍼 못깨먼..,제 컨이 문제인거겠죠 15퍼정도가 계속 남네요 팁같은게 있으면 조언좀 부탁드려요,,,,,0,False
2026-07-09,0,0,퀘스트,챌섭 메린이 주간퀘 질문 있어요,"이번에 새로 시작한 메린이 인데요 지금 헤이븐, 타락한 세계수, 크리티아스 주간퀘 다 해야하는건지 궁금합니다!!",,,,,0,False
2026-07-09,0,0,아이템,챌섭 다이아 달성 보상으로 받은 하트 업그레이드 모듈:플라즈마 본섭으로 옮길수 있나요?,본섭 본캐주려고하는데 본섭이전할때 가져갈수 있는지요? 가져갈수 있다면 본캐에 조건없이 먹일수 있나요?,,,,,0,False
2026-07-09,0,0,퀘스트,유니온이랑 아티팩트 미션 미리 준비하려는데,아티팩트는 본섭 넘어갈때 최소 몇렙은 되어야 하려나요?? 그리고 200 빠르게 찍는 팁점 알려주시면 ㅠㅠ 스페셜 퀘도 왠만하면 다 깨놓으려하고 있고 본섭 올때쯤 레테 285는 찍을 생각입니다 해방은 다담주 예정입니다...,,,,,0,False
2026-07-09,0,0,기타,환산주스탯에서 헥사 볼 때 기운? 조각?,제목 그대로 입니다 환산주스탯 보고 헥사 따라 찍을 때 조각 기준으로 보나요?? 기운 기준으로 보나요?? 그리고 기운은 좀 어디서 확확 얻을 수 없을까요...,,,,,0,False
2026-07-09,0,0,기타,저혹시 길스 대해 여쭤볼게있어서 ㅠㅠ,습관화가 안되었나봐요 ㅠㅠ 까먹어서 .. 제가 저번주 수로를 안쳐서 .. (메이플 조금하다접다가 이번에 제대로 하는중) 길스를 이번주 못쓴다고하셧는데 이번주 수로쳐도 안된다하셔서 이번주 해방이라 필요해서그런데 혹시 다른방법이있을까요 ㅠㅠ? 그럼 이번주내내 길스를못사용하나요? 질문: 길드 나가도 다른길드들어가면 이번주내내 길스못쓰나요? ㅠㅠ,,,,,0,False
2026-07-09,0,0,몬스터,메이린 계속 5퍼정도 남는데 어캐 하면 잡을까요,Youtube Loading 4.6보마 96퍼센트 나옵니다. 애초에 개똥손이라 이런 짓 할 생각 없었는데 보우마스터라는 직업이 저에게 뭔지 모를 용기를 줘서 시도했다가 지금 계속 묶여있습니다 ㅠㅠ 괜히 건드렸나봐!!! 이거 제가 뭔가 치명적인 실수를 하고 있는건가요..? 누구 알려주실 분 없나요 ㅠㅠ,,,,,0,False
2026-07-09,0,0,시세,메린이 몽벨 시세질문,2주차 메린이입니다. 몽환의 벨트 떳는데 시세 질문합니다. 도와주세요 ㅠㅠ,,,,,0,False
2026-07-09,0,0,퀘스트,이번 챌린저스 뉴비 입니다. 훼방퀘 흔적 질문 드립니다.,제가 해방 스우퀘 829흔적(제네시스 패스 샀음) 이었는데 스우퀘는 연모로 완료하고 찐모로 하드스우를 잡았는데 흔적이 879가 되었습니다. 재네시스 패스면 흔적×3 이라서 50이 아니라 150을 줘야 하는거 아닌가요? 궁금해서 올려봅니다.,,,,,0,False
2026-07-09,0,0,몬스터,레테 이지칼로스 패턴 질문,1. 텔-텔-찍 무조건 반복인가여? 아닌 경우도 있나요? 2. 텔-텔-찍 반복이 맞으면 칼로스를 어떻게 유도하는게 좋나요? 레테입니다. 찍기때문에 계속 죽음,,,,,0,False
2026-07-09,0,0,아이템,메소 다 파먹고도 재획 빨아도 이득인가영?,"처음 메이플 챌섭에서 시작한 뉴비입니다 다이아 티어에 아드, 메드는 어빌밖에 없는데 메소 다 먹고도 재획 빠는게 이득인가요?",,,,,0,False
2026-07-09,0,0,아이템,챌린저 찍고싶은데 스펙업방향 조언부탁드려요,어제 해방하고 스펙이 이렇게 되는데 앞으로 하드메이린까지 하려면 어떻게 스펙업을 하는게 좋을까요? ㅠ0ㅠ,,,,,0,False
2026-07-09,0,0,아이템,유챔 직업군별로 만들어야하나요??,유챔을 잘 몰라서 그런데 전사 도적 해적 궁수 마법사로 구성을 해야하는건가용?,,,,,0,False
2026-07-09,0,0,기타,형님들 제네해방 흔적 질문좀...ㅠ,"궁금한게, 제네시스 모드로 즉 해방퀘로 클리어 시에도 어둠의 흔적 주는거야? 연모로 해방퀘 클리어 가능하니까 혹시몰라서 돌다리 두들길겸 연모로 클리어하고, 흔적은 찐모로 클리어 할까 했는데 안전하게 그렇게 하는게 나을까?",,,,,0,False
2026-07-09,0,0,아이템,이거 가격 괜찮은지 좀 봐주세요,선생님들 이거 155억 괜찮아보이나요?,,,,,0,False
2026-07-09,0,0,시세,안녕하세요 아케인단검 시세 질문드립니다,방금 막 첫 해방한 메린이입니다 끼고있던 무기를 판매하려고 하는데 얼마가 적정가격일까요?,,,,,0,False
2026-07-09,0,0,기타,렉 끊김현상 도와주실분..,챌섭하고 있는 복귀 유저입니다 사냥할 때 리젠시 스킬 쓰면 가끔 끊김 같은게 생기고 엘몹이나 검마 2페 들어가도 같은 현상이 생기는데 설정을 잘못한 걸까요? 해상도는 2560 1440쓰는 중입니다혹시 해결방법이 있으면 알려주시면 감사하겠습니다. 메모리 32기가 3060ti에 인텔11세대 i5-11600입니다 메이플하는데 렉 땜에 스트레스 받을 줄 몰랐습니다..도와주십셔 ㅠㅠ,,,,,0,False
2026-07-09,0,0,기타,거탐횟수랑 룬 화살표 회전 여부,작년 여름유입 렌입니다 일주일에 평균 22시간 정도 사냥중이고요 추천글에서 회전 화살표 나온게 찍계라던데 원래 나오는게 아닌가요? 하루평균 거탐 2~3번 나오고 룬은 절반정도는 회전화살표로 나옵니다,,,,,0,False
2026-07-09,0,0,아이템,목 긴 공룡 모자 이름 아시는분...,아니 무슨 공룡?? 모자인데 목이 엄청 긴 공룡 모자였어요... 더블클릭 하려는데 사라져서 여기 올립니다 ㅠ [이미지],,,,,0,False
2026-07-08,0,0,직업,복귀유저인데 버닝비욘드 어디다가 줘야할까요?,지금 첼섭에 레테 260찍고 버닝 비욘드를 레테에게 해야 할지 본캐 (전투력 683만) 렙261 캐마에 할지 고민중인데 어디다가 효율이 좋을까요? 맘은 정을 많이 준 본캐인 캐마에게 주고 싶은데 왠지 효율이 안나올까봐 걱정인데 어떻게 해야할까요;;,,,,,0,False
2026-07-08,0,0,기타,뉴비 질문있습니다.,"이번에 챌섭으로 복귀한 뉴비입니다. 본캐 280 찍고 부캐 하나 만들려고 합니다. 근데 제가 예전에 유니온 때문에 메르를 키워봤는데, 스킬 구조 때문에 직접 사냥하는 걸 정말 싫어했거든요. 이번 마스터 보상 250 물약을 부캐한테 주는 게 좋을까요? 아니면 메르한테 줘버리는 게 좋을까요?",,,,,0,False
2026-07-08,0,0,기타,키보드 mds(일명 꾹보드) 기능 사용하면 정지인가요??,이번에 키보드 사는데 mds 기능 있어서 써보려 하는데 정지 당하는지 궁금합니다!,,,,,0,False
2026-07-08,0,0,몬스터,이적자 2인 괜찮음?,아침에 8시간 트라이 박다가 자꾸 1퍼 언더로 피까고 시간오버 돼서 못깼는데 조금더박으면 솔플 가능할꺼 같긴한데 너무 피곤해서 이번주는 더이상안할꺼 같은디 2인으로 하는거 괜찮음? 그냥 적당한 배율 구해서 갈 생각인데,,,,,0,False
2026-07-08,0,0,기타,"제 귀에 이상한게있어요 ,,","이거 어떻게 없어지나요 코디 템 다빼도 있는데,,, [이미지]",,,,,0,False
2026-07-08,0,0,아이템,챌썹 D라벨에 프펫작 해도 되나요?,본썹에 펫장비 작된게 없긴한데... 그냥 멀티펫은 펫장비 마일리지로 살 수 있어서 사실상 공짜더라고요. 그래도 나중에 본썹에서 후회 안하려면 좀 더 투자해서 d라벨이 합리적인 선택인걸까요?,,,,,0,False
2026-07-08,0,0,시세,헥사스탯 조각 이벤트때,조각 가격 많이오르나요ㅠㅠ? 미리사두고 진행해야하는지 용돈미리받고 사둬야 할정도인가여?,,,,,0,False
2026-07-08,0,0,기타,챌섭 챌린저 메소 얼마나 들었어??,"다른건 딱히 안 땡기는데 야누스20 부캐주고싶어서 고민중.. 조각 약 3천개 정도 하던데 대강 200억이라 치고 그것보다 싸게 들 것 같으면 챌섭 챌린저 할까싶어서 근데 중요한게 제네패스를 본섭에 써버려서 도전자 무기 끼고 챌섭 해야할듯,, 직업은 레테 일단 일퀘만 하고있고 270인데 레테때문에 인트템 많이 올랐대서 얼마나 들지 모르겠네",,,,,0,False
2026-07-08,0,0,기타,챌 유입 뉴비 템은 이렇게 맞췄는데 다조?는 언제부터 써야하나요..,템은 그리고 언제 더 맞춰야 하는걸까요.. 아이템환산 7만대 입니다.,,,,,0,False
2026-07-08,0,0,기타,너무 궁금해서 질문,이번 챌섭 유입이 패스류만 구입하고 이외의 현질이나 본섭에서 가져오는거 일절 없이 현시점 6.9만을 찍을 수 있나요??? 유튜브 댓글에서 본건데 된다면 제가 뭘 놓치고 있는건가 싶어서요 본인 말로는 직장인이라 플탐 많은거 아니고 손이 좋아서 그렇다는데 최소컷으로 다 깨면 가능한가,,,,,0,False
2026-07-08,0,0,기타,어센트 스킬 질문있습니다,어센트 레벨7 ~ 9까지가 효율이 좋다고 들었는데 보스 20분 패치 이후로 너프 당한 지금도 7~9렙이 효율이 좋나요? 아니면 좀 달라진 부분이 있을까요?,,,,,0,False
2026-07-08,0,0,기타,뉴비 재획 경쿠 질문,매제까지 요즘 열심히하는 뉴비인데 경쿠가 이제 슬슬 부족해지려고하고있어요 매제까지 하시는분들은 경쿠없으면 그냥 추경이랑 재획비만 빨고 하는건가요?,,,,,0,False
2026-07-08,0,0,퀘스트,울티마 보급일지 메포써야하나요?,"주에 5개씩만 출첵이 가능한건가요?? 좌 상단에 보급품패스 3개라고 되어있는데, '지난주 기준으로 참여하지 못한 횟수만큼 사용 가능합니다' 라는데, 지난주도 지난주 매일 접속했거든용..",,,,,0,False
2026-07-08,0,0,기타,챌섭 패스 질문,챌섭 패스에서 주는 보상들을 추후에 리프해서 본섭 캐릭한테 줄 수 있나요? 아니면 챌섭에서만 사용가능 한지 궁금합니다. '월드 내 나의 캐릭터 간 이동만 가능' 이라고 적혀 있긴 한데 이게 리프해서도 사용가능 한지 해서..,,,,,0,False
2026-07-08,0,0,기타,환산 스탯 기준 100% 넘으면 잡을만 한건가요?,"[이미지] 메린이 질문좀 드립니다. 저번주에 160%쯤 노말 진힐라 잡는데에도 진땀을 뺐습니다.. 100%라는게 포뻥, 렙뻥, 헥사 다 포함해서 빡숙기준 20분 팼을때 아슬아슬하게 잡는다는건지 궁금합니다. 하드윌, 하드 듄켈, 노말 메이린까지 트라이 해봄직 한지 여쭤봅니다.",,,,,0,False
2026-07-08,0,0,기타,닉네임 항우 << 이거 팔릴까요?,ㅇㅇ,,,,,0,False
2026-07-08,0,0,기타,환산사이트 관리자님이 올린부분에서 질문,이 직업조건 어디서 보나요??,,,,,0,False
2026-07-08,0,0,기타,메린이 주간보스 12마리 질문,같은서버 본캐 12마리 잡고 부캔 12마리 잡고 24개 결정석 팔수있나요??? 누구는 잡을수있는데 결정석은 주에 12개밖에 못판다고해서요 쉽게 설명해주실분..,,,,,0,False
2026-07-08,0,0,아이템,검마솔격가능스펙 캐릭당 얼마정도면 될까요?,이번에 20분화 되면서 검밑솔 접근이 되게 쉬워졌는데 예전에 키우다가 해방도 못한 캐릭들 이번기회에 해방시켜줄겸 세팅좀 시키고싶습니다! 항상 새 캐릭 키울때마다 벗길수있는거 다벗기고 시작해서 가진게 얼마없는데 캐릭당 몇메소정도로 세팅하면 될까요? 러프하게 알려주시면 감사하겠습니다! 검마 배율 120급은 나왔으면 좋겠어요,,,,,0,False
2026-07-08,0,0,기타,형님들 선생님들 주보돌이 vs재획 질문드려요,주 4일 플레이하는데요 하루 본캐이칼돌이+2일 2소재사냥 +1일 1재획 vs 하루 본캐이칼돌이 +부캐2마리 2일동안 하스데돌이 +하루 1재획 총 4일 어느게 더 메소 더 많이 벌릴까요 ? 직장인이고 플레이시간이 적어서 고민입니다 ㅠ,,,,,0,False
2026-07-08,0,0,아이템,자석펫 4마리면 루팅범위 늘어나나요?,직전 버섯자석펫 한마리(영구) 여름시즌 자석펫 한마리(기간제) 피방 자석펫 한마리(기간제) 이렇게 세마리 갖고있는데 지금 280찍고 아르테리아?? 여기서 재획하는데 2층에서 1층탬이 애매한게 안주워지더라구요 혹시 자석펫 4마리로 만들면(세트는없어서 게더링은 없어요) 루팅범위 늘어나서 1층까지 주울수있나요?,,,,,0,False
2026-07-08,0,0,기타,메이린 보너스 스킬주는거 어케써야함?,극딜주기 맞추자고 아끼면 한번 날리게 되고 안아끼면 극딜주기에 안맞음 그냥 받을때마다 바로바로 써주는게 나은가? 아니면 애초에 고정딜인건가 님들은 어케함?,,,,,0,False
2026-07-08,0,0,아이템,얼마 정도에 올리면 팔릴까요?,[이미지] 매짱형님들 한번 봐주세요 ㅜ,,,,,0,False
2026-07-08,0,0,기타,뉴비 서버 어디로가나요?,챌린저 몇으로 가는게 좋을가여?,,,,,0,False
2026-07-08,0,0,아이템,아버 단계 업글,다음주에 아버 한단계 성장하면 배율 얼마나 오를지 보고싶은데.. 추가 스펙에 주스텟 마력 얼마 넣어서 올려야 하는지는 정보가 따로 없죠 ?? 단계별 능력치를 찾기가 어려워서 질문해봅니다 !,,,,,0,False
2026-07-08,0,0,시세,안녕하세요 이번에 시작한 메린이 입니다,이번에 메이플 시작해서 채집이 뉴비가 하기 좋다해서 시작했는데 2일전만해도 영롱한 보라 물약?이 1700~2000하던데 하루만에 1000까지 떨어지고 하더라고요;; 혹시 급격하게 내려가는 이유가 있을까요? 채집이 풀 드메 급이라고 들었는데 드 80 메 20 인데 비슷한거 같더라고요 날렵한 갈퀴사서 보라색 약초만 캐는데 제가 잘못 하고 있는걸까요? ※생각해보니까 사냥은 뉴비 자석펫 있는걸 생각 못 했었네여ㅠㅠ,,,,,0,False
2026-07-08,0,0,기타,신규 유저 입니다만.,궁금한점 몇가지 질문좀 할게요. 1.뉴비 지금 시작 해도 괜찮을가요? 3.과금부담이 큰가요? 쌀먹X 소과금 유저 3.서버가 챌린저 서버 하고 본서버가 분리되어있나요? 챌린저서버는 뉴비를 위한 서버인가요? 4.솔플러 인데 겜하는데 지장 있을가요? 5.아이온2유저인데 비슷한 파티인던개념(기믹) 인가요? 6.신캐로 뉴비 시작하면 좋을가요? 7.본캐릭 하나만 키워도되는지? 부캐릭 필수인지요?,,,,,0,False
2026-07-08,0,0,직업,레테 극딜 순서 질문,"공략글 보면 바인드 > 시퀀스 > 이딕트 > 오버로드 > 이딕트 > 오리진 > 이딕트 순서로 쓰라고 나와있는거같은데요 오리진 쓸때 바인드가 날라가는게 너무 아쉬워서 스킬을 천천히 다 읽어봤는데 시퀀스 > 이딕트 > 오리진 > 이딕트 > 오버로드 > 이딕트 하고 바인드 걸고 평딜하면 바인드 손해가 없는거 같은데 왜 선 오리진이 아니라 선 바인드인지 스킬을 아무리 읽어도 이유를 모르겠습니다.. 질문1. 혹시 다른 이유가 있을까요? 질문2. 레테는 바인드 > 시퀀스 순서로 써야하나요? 아니면 시퀀스 > 바인드가 맞는 순서인가요? 시퀀스 > 바인드를 쓰면 루시드가 도망갈꺼같고, 바인드 > 시퀀스를 쓰면 바인드가 너무 아까운데 뭐가 정답이나요? 질문3. 시퀀스에서 다른 분들이 펠템페스트 먼저 넣고 체인커맨드를 뒤에 넣던데 펠 템페스트가 20초니깐 더 뒤에 넣는게 맞는거 아닌가요? 아무리 찾아봐도 위 내용에 대한 답을 못찾겠습니다.. 혹시 알려주실 수 있나요?",,,,,0,False
2026-07-08,0,0,아이템,상급 EXP 교환권 효율,몇렙에 써야 효율이 제일 좋은가요?? 그리고 VIP 부스터는 그냥 막 써도 되나요???,,,,,0,False
2026-07-08,0,0,퀘스트,검밑솔...,이번에 유입된 메린이라 처음부터 너무 쫄아서 보스를 천천히 했거든요 현재는 노말 진힐라까지 깼습니다. 생존에 우선 집중하다보니 겨우 깼는데 배율로보면 검밑솔은 다 갈 수 있는 수준이 맞나요? 메린이 기준으로는 200퍼면 충분하다고 볼 수 있을까요.,,,,,0,False
2026-07-08,0,0,기타,챌섭 자석펫,무료 끝나면 피방 밖에 얻을방법 없나요,,,,,0,False
2026-07-08,0,0,기타,냐옹눈은 가장 최근에 언제 나왔었나요??,우연히 마을에서 봤는데 너무 맘에들어서 하고싶어요,,,,,0,False
2026-07-08,0,0,기타,메린입니다. 질문있어요 도와주세요!,사냥하다가 캐릭 머리위에 방향키 <- -> 게이지 나오는게 뭔가요?? 그거나올때마다 자꾸 죽어요 ㅠㅠ,,,,,0,False
2026-07-07,0,0,아이템,이번 첼섭 유입 렌입니다! 경매장 질문입니다,"안녕하세요 이번 첼섭 렌 시작했는데, 이거 살만한가요? 목표는 노칼 노적작 ~ 익스우 솔플 사이 생각중입니다!",,,,,0,False
2026-07-07,0,0,기타,스카니아 VS 크로아,"예전에 진짜 맛만보고 이번에 복귀한 중고 메린이인데요 이번에 메포로 관세 내는게 10손해 라는 것을 느끼고 본섭 크로아(유니온1000따리) 버리고 스카니아 갈까 고민중 200렙 비약 20개 주니깐 걍 스카니아에서 다시 시작하는거 ㅇㄸ? [이미지] [이미지] Q 제목: 어디섭으로 갈까? (종료) 최대 1개 선택 가능 참가자: 9 명 (무기명) 26.07.07 23:55:59 마감 득표순 답변순 유니온 얼마 없네 걍 스카니아 가셈 (55.6%, 5표) 어짜피 니는 큰 관세 낼 메소도 없음 걍 크로아 짜지셈 (44.4%, 4표) 투표가 종료되었습니다.",,,,,0,False
2026-07-07,0,0,기타,형님들 질문좀요.,루나에 유니온9000 템없음 자석펫 4마리 정도 있는데 몇년만에 복귀하는데 챌섭 하는게 좋나여? 아님 루나에 키우는게 좋나여? 빡세게 안하고 천천히 하려구요,,,,,0,False
2026-07-07,0,0,아이템,템먼저 사는게 나음 드메먼저 사는게 나음,지금 20/100이라 챌섭효과랑 재획비빨고 어빌하면 99 / 194대요,,,,,0,False
2026-07-07,0,0,시세,메린이 트왈마용돈벌이 로 얼마에 팔아야하나요 ?,잔잔바리 용돈 으로 쓰고싶은데 얼마가 적정할까요 ?,,,,,0,False
2026-07-07,0,0,기타,블루베리 농장 효율,278이랑 280 차이 많이나ㅏ나요? 이 악물고 280가서 쓰는게 이득???,,,,,0,False
2026-07-07,0,0,기타,제네시스 패스 질문,8월 초부터 10월 말까지 개인 사정 때문에 주말밖에 메이플 못할거 같은데 제네시스 패스 사면 뽕 뽑을수 있나요,,,,,0,False
2026-07-07,0,0,몬스터,뉴비 하드세렌 질문드립니다,"방학마다 간간히 찍어먹다가 이번에 푹 찍어먹는중인 뉴비입니다. 메생 최초로 하드세렌 머리박는중인데, 2페 극딜 밀리는게 정상인가싶어서요.. 지금은 3번째 극딜 돌기 직전에 1페 끝나서 사실상 2페이즈 시작하자마자 극딜 넣고있습니다. 근데 이러니 권능 몇초남기고 다시 극딜이 돌아서 꽤 한참동안 딜넣기가 애매해지더라구요.. 직업은 팬텀에 현재 배율은 117퍼 나오고있습니다. 그냥 포기하고 스펙업을 하는게 맞는지, 아니면 잘 깎는다면 클각이 보이는지, 그 과정에서 팁들도 여쭤봅니다!",,,,,0,False
2026-07-07,0,0,기타,형님들 질문 있습니다.,"지금 챌섭아닌 (제네패스 없음) 캐릭터가 투력 2700만 정도인데, 템이 아케인 13성 유/레 들고 있거든요 일단 해방 하루시드까지 잡아놨고 흔적 모으고 진힐라만 잡으면 끝나는 상황인데 진힐라는 몸 비비면 어떻게 깨질거 같은데 무기를 구매할 필요가 있을까요?",,,,,0,False
2026-07-07,0,0,기타,이거 왜 안나가져요?,몬스터 파크 클리어 떴는데 포탈로 안나가져요 npc 눌러서 나가기하면 보상 안받아지나요? [이미지],,,,,0,False
2026-07-07,0,0,몬스터,챌섭 뉴비 세렌 질문 드려요,1. 공략 영상 봤을때는 자정 빼고는 그냥 모든 패턴 싹다 피해야해 라고 이해했는데 맞나요? 2. 세렌 등뒤나 엎드리면 본체패턴은 어지간하면 안맞는거 같은데 맞나요? 3. 첫트라이에 빡센 보스고 그뒤부턴 쉽다고 들었는데 어떤 포인트인지 꿀팁좀 주세요 ex) 진힐라는 실이 생각 보다 안중요(?)하고 본체 위주로 회피해라 같은? 저는 투력 5처만 레테 입니다,,,,,0,False
2026-07-07,0,0,아이템,재획 질문이요..,[이미지] 해당아이템들을 사용하고 재획하니까 아래 문구가 뜨는데..제가 뭐 잘못하고있나요? 연금술은 배웠습니당,,,,,0,False
2026-07-07,0,0,기타,챌섭 사냥,접었다 복귀해서 본섭에 3석펫은 있는데 템이 없습니다 근데 곧 챌섭 자석펫이 끝나는데 챌섭에 자석펫을 또 사서라도 사냥을 해야하는지 본섭을 해야하는지 고민입니다 앞으로 어떻게 해야할지 메짱이 님들의 의견이 궁금합니다,,,,,0,False
2026-07-07,0,0,직업,루미너스 직업의 '강화된 스킬을 사용해 주세요' 라는 이펙트 아직도 나오나요?,사냥은 쉬워서 하버는 안주고 공격대 sss 만들려고 키우려했는데 화면에 뜨는게 신경쓰여서 다른 법사직업 우선순위로 250작했거든요. 아직도 그러나해서요.,,,,,0,False
2026-07-07,0,0,기타,챌섭 무자본 현실적 목표,챌섭 오늘부터하면 티어 어디로 목표 잡아야할까요? 챌린저패스만 샀고 현질은 더 안할듯 싶음,,,,,0,False
2026-07-07,0,0,기타,해외 사는분들 저같은 경우 있을까요? ㅠ,혹시 최근들에 해외 사시는분들 핑 심하게 올라가나요? 전엔 잘 안그러다가 대략 2주 전 부터 핑이 너무 올라가고 너무 자주 팅기네요 ㅜ 혹시 해외 사시는 분들 중에서 저같은 경우 있을까요,,,,,0,False
2026-07-07,0,0,직업,시그너스 150찍어서 버프받는거,"챌썹 보상으로 200렙 찍는 물약, 테라버닝x로 만들어서 먹여도 가능한가요?",,,,,0,False
2026-07-07,0,0,몬스터,보스 파티로 하기 시작 해야하는 시점이언젠가요,친구 4명서 하고있는데 현재 하세라인정도? 솔플하고있습니다 2인 3인 4인으로라도 파티컷되면 무조건 가기시작해야하는 보스 있을까요?,,,,,0,False
2026-07-07,0,0,아이템,챌섭 프펫 가격,핸즈옥션이 안돼서 지금 챌섭 프펫가격이 얼마임 ? 알려줄 용사님,,,,,0,False
2026-07-07,0,0,아이템,챌섭 프펫 가격,핸즈옥션이 안돼서 지금 챌섭 프펫가격이 얼마임 ? 알려줄 용사님,,,,,0,False
2026-07-07,0,0,직업,쿨 120촌데 시퀀스 쓰면 왜 140초대?,이거 뭐에요?,,,,,0,False
2026-07-07,0,0,기타,성형 이름을 찾습니다,차차 얼굴인거 같으면서도 아닌거같은데 혹시 이 성형 이름을 아시는분 계실까요? 계속 찾아봐도 도저히 모르겠습니다..,,,,,0,False
2026-07-07,0,0,기타,아이템 벗었다 꼇는데 전투력 100만이 날라갔어요,제네시스 퀘스트 때문에 장비뺏다가 다시꼇는데 전투력 100만이 내려갔어요 환산에서도 보스 퍼센트도 내려갔는데 뭐때문일까요?,,,,,0,False
2026-07-07,0,0,아이템,이벤트링 뭐 받을까요,1티어 링은 다 있는데 뭐가 더 좋은건지 모르겠음;;,,,,,0,False
2026-07-06,0,0,기타,폴로프리토는 추가경험치 효과 영향 안받나요?,고정경험친가여,,,,,0,False
2026-07-06,0,0,직업,어센트 언제쯤 여는게 좋을까요,이상태에요,,,,,0,False
2026-07-06,0,0,아이템,챌섭 인트 118급 데아이어링 얼마정도 할까요?,주웠는데 비싼건가용 [이미지],,,,,0,False
2026-07-06,0,0,직업,본캐 바꿀만한가요?,[이미지] [이미지] [이미지] 본캐 5.3 보마구 템은 사진과 같아요. 보이듯이 무보엠 바꿀게 많기도 한데 보마가 지금 템값이 디지게 비싸서 이럴바엔 그냥 보마 놔두고 노칼돌이로 쓰고 렌에 투자해서 하드메이린 잡고 빨리 챌 다는게 맞지 않나 싶습니다. 렌이 재밌기도 하구여.,,,,,0,False
2026-07-06,0,0,아이템,알쏭달쏭 표정 얼굴장식 이제 안나오나요?,구매하고싶은 표정얼굴장식이있는데 다시 나오는거면 기다리려구요,,,,,0,False
2026-07-06,0,0,직업,이거 뭔스킬이에요???,2번째줄 맨 오른쪽이요 ㅜㅜ,,,,,0,False
2026-07-06,0,0,기타,형님들 조언좀 부탁드립니다,현재 유뇬 6000에 하버를 본캐에다가 키우고있는데 이미 하버보상 다먹었고 제네시스 패스까지 지르고 이제와서 챌섭가자니 머리아픈상황입니다 새로운 명의로 챌섭처음부터 키우는게 나으려나요?,,,,,0,False
2026-07-06,0,0,기타,챌섭 5만점부터는 돈 써야하나요?,검밑솔 280 까지 5만점 채웠는데 이제부터 검윗 상위보스 가려니 템도 몇십억 몇백억 되는거 사야할 것 같고 막막하네요.. 아직 해방 전입니다 야누스 교환권 얻으려면 현금 무조건 써야겠죠?,,,,,0,False
2026-07-06,0,0,기타,질문받아요,본캐도 할거없고 부캐도 3주차에챌찍고 메자타임와서 심심한김에 질문받아봐요 메린이들환영 겜관련 아무거나,,,,,0,False
2026-07-06,0,0,몬스터,메린이 이적자 120퍼 가능한가요,이칼 170퍼인데 1~2분 남기고 깨는 수준인데 이번주 초기화전까지 120퍼면 가능할까요?? 가능하면 한 몇시간정도 트라이 박으면 가능할까요,,,,,0,False
2026-07-06,0,0,아이템,챌섭에서 200레테로 카벨룸 어떻게 잡아야 할까요,[이미지] 지금 이게 현재 상태인데 얼티링 끼면 깨지는걸 아는데 얼티가 최소 1억이라 살 돈이 없습니다... 그래서 찾아보다가 아케인 4셋 맞추면 뭐 할만하다해서 4셋 맞췄는데 안깨져서 벳지랑 성배도 사서 40만 만들었는데 끝까지 때려도 10~15퍼정도 남더라구요. 여기서 최대한 싸게 잡을 정도로 세팅을 할 수 있을까요??,,,,,0,False
2026-07-06,0,0,아이템,자석펫 언제가 젤싼가요...,4석펫 맞추고싶은데 넘넘비싸요.... 지금 거의 26~28만원이던데 젤 쌀때가언제인가요 존버하고싶은데ㅜㅜ,,,,,0,False
2026-07-06,0,0,아이템,챌린저스월드 뉴비 탬세팅 질문,현재 복귀 후 챌린저스 월드에서 즐기고 있는 복?귀 뉴비입니다. 탬세팅 뭐 하나라도 해보자 하는 마음으로 20억 메소정도 들고 있는데요.. 현재 탬상황은 아이템버닝 이후로 아무것도 없는 바닐라 상태 입니다. 20억 가지고 뭐먼저 해주는게 좋을까요?? 직업은 렌 입니다.,,,,,0,False
2026-07-06,0,0,시세,템값,이거 225억인데 살만한가요,,,,,0,False
2026-07-06,0,0,기타,챌린저티어 전투력,챌린저티어 까지 올릴려면 전투력 어느정도여야 하나요???,,,,,0,False
2026-07-06,0,0,기타,작년 챌섭에서 버닝 1번 더 줬나요?,제목 그대로 작년에 챌섭에서 버닝 1번 더 줬나요?? 조건 없이?,,,,,0,False
2026-07-06,0,0,아이템,형님들 주에 30억버는 메린인데요,템부터 사는게 좋을까요 아니면 조각이 우선일까요 하드메이린까진 가고싶습니다 조각은 1500개정도 썼어요,,,,,0,False
2026-07-06,0,0,기타,님들 물자 지원은 축룬때만 킴?,물자 지원 이거 축룬 뜰때만 키고 아닐땐 닫음? 아니면 걍 룬 뜨면 킴? 그것도 아니면 걍 풀로 돌림?,,,,,0,False
2026-07-06,0,0,기타,하드루시드 생각보다 쉽네,배율 100퍼만 넘겨도 깬다길래 해봤더니 진짜네 ㄷㄷ,,,,,0,False
2026-07-06,0,0,기타,메린이 하이퍼버닝 질문있습니다!,"완전 쌩초보 메이플 처음 해보는 메린입니다. 이번에 보마로 하이퍼버닝 260까지 찍고 키웠는데 너무 제스타일이 아니고 재미없어서 다른걸로 하려니 명의당 1개라해서 꾸역꾸역 키우고있는중입니다 ㅠㅠ 하이버퍼닝 이벤트가 여름, 겨울에 있다고 하던데 겨울에 새시즌 하면 다른캐릭으로 본캐로 다시 키울수 있나요??? 여름에 이미 하이퍼버닝으로 한번 키웠으면 다시는 못키우는건 아니죠?",,,,,0,False
2026-07-06,0,0,직업,형님들. 렌이 체급이 좋나요? 레테가 체급이 좋나요?,둘다 해봤는데 둘다 너무 마음에 듭니다. 뭘 본캐로 정해야할지 모르겠어서 그냥 체급 더 좋은걸로 하려고하는데 형님들 생각에는 둘중에 어느게 체급이 더 좋다고 생각하시나요?,,,,,0,False
2026-07-06,0,0,기타,님들 조각 파는게 좋음?,지금 헥사 떡작 2까지 했고 이제 환산주스탯기준 헥사코어 순서로 따라가면 스킬 하나씩 올릴때마다 최종뎀 10퍼 미만으로 오르는 편인데 지금 진라벨 3부위+마라벨무기(마라벨2부위있음) 살려고 생각중인데 지금부터 팔고 이거 사도 됨?? 아니면 이거 헥사코어 최종뎀 효율 몇퍼미만으로 떨어졌을때부터 조각 파는게 좋음?,,,,,0,False
2026-07-06,0,0,기타,마네킹 오류,마네킹 오류로 갤럭시헤어 날라가고 모자에서 받았던 헤어가 연속 두개가 저장되어있어서 6월 25일에 문의 남겼더니 확인절차가 길어진다며 아직도 처리중이고 답변 못받았는데 이거 언제쯤 답변 주나요?? 헤어쿠폰 구매 기간도 슬슬 얼마 안남았는데...,,,,,0,False
2026-07-06,0,0,기타,외부채팅창하면 깜빡깜빡,외부채팅창 키면 메이플 창이 깜빡깜빡 거리면서 멈추고 외부채팅창을 다시 안쪽으로 넣으면 팅겨요 1대1문의 넣어도 매크로만 오던데 혹시 이거 해결하신 분 있으신가요?,,,,,0,False
2026-07-06,0,0,아이템,챌섭 프펫 가격,핸즈옥션이 안돼서 지금 챌섭 프펫공가격이 얼마임 ? 알려줄 용사님,,,,,0,False
2026-07-06,0,0,시세,루타비스 뚝 이거 얼마정도 할까요?,이거 스카니아 돌다가 발견했는데 가위하면 얼마정도 나올까요?,,,,,0,False
2026-07-06,0,0,기타,요즘은 경뿌 고확으로 안하고 다르게 하나요?,챌섭1 하고있는 몇년만의 복귀유저인데요 옛날엔 사냥할때 할상 마빌경뿌 고확으로 보고 가서 했는데 사냥하려니까 경뿌 뿌린다는 사람이 잘 안보이네요 뭐가 바뀐건가요?,,,,,0,False
2026-07-06,0,0,직업,형님들 주보돌이? 그거 같은캐릭으로 만들어도 할수있나요?,ㅈㄱㄴ,,,,,0,False
2026-07-06,0,0,기타,5석펫,지금 12누스에 5석펫인데 20찍으면 몇분에 한번씩 설치하러가야되나요? 첨에 야누스 설치하자마자 루나익스머시기 그거써야댐? 어떻게 돌려야되나요?..,,,,,0,False
2026-07-05,0,0,아이템,템진로상담! 노말 흉성 솔플하고싶어요,안녕하세요 헥환 7.4 에반입니다. 노말흉성 목표로 헥환 8.2~8.5까지 올리고싶은데 템을 어떻게 갈아엎어야할지 모르겠습니다.. 현재 익스우 10~30초남기고 클리어하고있어요. 조각은 천천히 2만개까지 채울예정입니다. [이미지] [이미지] [이미지],,,,,0,False
2026-07-05,0,0,아이템,자석펫 확률,원래 이렇게 잘뜨나요? 확률이 어느정도인지 궁금합니다..,,,,,0,False
2026-07-05,0,0,기타,하누와 닉네임 팔리까요...?,한번도 닉네임 이벤트에 경매된적이 없어서요.. 한번이라도 팔렸으면 좋겠어요! 혹시 관심 있는사람은 잘 부탁드립니다...! ㅎㅎ,,,,,0,False
2026-07-05,0,0,기타,[챌섭]헥사스탯 3코어 떡작 관련 질문입니다,메린이 크뎀으로 해야되는줄 모르고 첫줄에 보공 박아버렸는데 환산주스탯에서 3코어 뚫으려고 최적화 보니까 전에 해둔거 싹 바꿔야 되더라고요 지금이라도 바꾸는게 맞을까요? [이미지],,,,,0,False
2026-07-05,0,0,몬스터,메린이 횐산주스텟 보스 커트라인 질문,루시드랑 윌이랑 원래 이리 차이가 많이 나나요?,,,,,0,False
2026-07-05,0,0,기타,뉴비 질문 솔 야누스 스킬 3번 쓸수있다매,저번에 사냥할때는 3회 잘 설치하면서 사냥했는데 키세팅 한번 바꾼게 잘못된건지 먼지 계속 한개씩만 깔리고 쿨 60초 도는데 왜이런가여,,,,,0,False
2026-07-05,0,0,기타,환산주스탯 질문,[이미지] 환산주스탯에서 헥사코어 순서 보면 본인 스펙 추천구간 보기가 있는데 저걸 클릭했을 때 저렇게 비활성화 된 것처럼 보이는 건 현재 헥사코어 올리는 것 보다 다른 스펙업에 더 투자하는 게 좋다는 뜻인가요?,,,,,0,False
2026-07-05,0,0,기타,하드세렌 배율 300퍼,보스 20분으로바뀌고 몇바퀴컷 나올까요? 빡숙은 아니에요,,,,,0,False
2026-07-05,0,0,몬스터,재획 vs 사우나,재획이랑 사우나 둘중 경험치 뭐가 더 잘오르나요?,,,,,0,False
2026-07-05,0,0,아이템,시드링 질문좀요~~,리웨 스왑 이제 안하나요?? 리레랑 컨티 박아놓고 끝??,,,,,0,False
2026-07-05,0,0,몬스터,재획당 경험치,262인데 버닝 비욘드인데요 4배랑 몬스터파크 골드만 쓰고 재획하면 어느정도 오를까요?,,,,,0,False
2026-07-05,0,0,기타,부캐 검밑 시간대비 어떤가요,"부캐 두마리 있는데 검밑 라인 이 정도 배율이면 형님들은 매주 잡으시나요? 30분일때는 버프30분안에 하드스,뎀 노멀 돌이였는데 20분으로 바뀌고나서 잡을만한가해서 여쭈어봅니다 [이미지] [이미지]",,,,,0,False
2026-07-05,0,0,퀘스트,제네패스 해방 날짜 메린이 질문드립니다!,"이번에 새로 시작한 메린이입니다! 보우마스터로 시작했고 제네패스까지 구매한 상태입니다 현재 잡을수 있는 보스는 하드 스우, 데미안 노말 루시드 하드 윌 카오스 더스크 노말 진힐라 노말 듄켈 이정도 입니다!!! 혹시 해방 예상 날짜가 8월 13일 정도인데 많이 늦은 편인가요...?",,,,,0,False
2026-07-05,0,0,몬스터,카가엔슬,헥환 3만 1천에 전투력 5천만인데도 20분안에 안 깨집니다ㅠ.. 이거 무조건 웨이브 기믹 다 성공해야하나요? 웨이브 기믹 2번 실패하긴 했는데... 성공해도 딜이 그렇게 많이 까이진 않더라고요. 웨이브 기믹을 다 성공해야지 시간안에 깰 수 있을까요?,,,,,0,False
2026-07-05,0,0,아이템,여기서 스펙업 더뭐해야되나요,해방 2주남앗는데 뭐 더 해야되죠 돈이나 모을까요,,,,,0,False
2026-07-05,0,0,기타,피방시간 채우기,형들 피방 시간 채우려 하는데 여기 화면 잠금 없어서 걍 안전모드 키고 가려 하거든 겜방 시간 끝나면 걍 꺼지니까 가도 되겠지? 내가 걱정하는건 컴 안전모드상태에서 겜이 꺼져도 되는것인가에 대한 문제임 이번에 메이플 시작한 뉴비라 잘 모름,,,,,0,False
2026-07-05,0,0,시세,이런거 얼마할까요?,뉴빈데 갑자기 이런게 떠서 궁금해요.. 팔린 시세가 없어서 경매장은 둘러보고 질문 드리는거에요!,,,,,0,False
2026-07-05,0,0,아이템,플라즈마 하트 잘못받았을때,본캐에 받으려다가 옆에있는 훈장누르다가 잘못눌러서 부캐로 모듈을 받았는데 복구가 될까요 ㅠㅠ,,,,,0,False
2026-07-05,0,0,아이템,컬프 사용할만한 코디템 있을까요?,새로 시작한 뉴비입니다 재밌어서 웰컴 패키지 구매했는데 컬프를 받았는데 쓸만한 템 추천 할만한게 있을까요? 메소는 준비할 수있습니다,,,,,0,False
2026-07-05,0,0,아이템,"메린이 하드듄켈,진힐라에 막혔습니다 장비 고민..","280렙 레테 4천만 챌섭 메린이 입니다 이번에 시작해서 보스들 막 20~30번씩 트라이 해보면서 겨우겨우 잡아가고 있는데 하드 듄켈, 하드 진힐라는 도저히 답이 안보입니다.. 아이템이라도 더 좋은거 끼고 도전해야 하나 싶은데 어떤 아이템을 먼저 사야 할지도 모르겠고.. 지금 상황에서 어느걸 먼저 바꿔야 할까요? 현재 44억 있고 부족하다면 50억정도 땡길수 있습니다.",,,,,0,False
2026-07-05,0,0,기타,여기서 더 먹는 도핑있나요?,있다 검마솔격갈라는데 세이람/알레리아?/콜렉터/vip레드/mvp레드/붉은별 이정도 먹을라는데 더 도핑할게 있나요?,,,,,0,False
2026-07-05,0,0,기타,하버 계정삭제해도 다른계정으로 못만들죠?!?,기존 아이디가 제가 만든적이없는데 하버가 및 계정이 도용되어서 계정도용삭제를 했는데 그러고 일주일 지나 다시 계정을 만들어서 메이플하려고하니 이전에 하버가 만들어져있어서 못만든다고 하더라구요 그러면 이번 이벤트는 못즐기는거죠?,,,,,0,False
2026-07-05,0,0,아이템,메쌤들 채집 만들어서 파는거랑 씨앗만 파는거,계산이랑 판단 어떻게 해야하나요? 씨앗 거래가 기준으로 어떤 기준잡고 해야하나요 ?,,,,,0,False
2026-07-05,0,0,기타,겨울에 제네패스 나오나요?,하버때마다 내기에는 문제가있다라고 겨울 쇼케때 언급했던것 같은데 저번 챌섭 유기(미해방)된걸 복구해서 키울지 겨울까지 기다릴지 고민입니다.,,,,,0,False
2026-07-05,0,0,기타,챌썹에서 (하이퍼버닝 선택x) 아케인지역 경험치 5000배? 적용 되나요?,밖이라.. 들어가서 확인할 수 없어서 글 적어봅니다...,,,,,0,False
2026-07-05,0,0,기타,인게임 전투력이랑 환산주스탯 전투력이랑 왜 차이가 나는건가요,87만 정도 차이나네요,,,,,0,False
2026-07-05,0,0,직업,하이버버닝 삭제하고 다시만들라하는데 뉴비 질문드립니다,제가 아버나 이런건안받구 하이퍼버닝에 200렙 보상과 스타트보상을받았는데 혹시 삭제하고 다시만들면 이템들이 영향이 좀클까해서 글올려봅니다 괜찮을까요..? 사진첨부합니다,,,,,0,False
2026-07-05,0,0,아이템,복귀유저 질문있습니다,"더키 펫, 쁘띠 레온, 아기 호랑이 토끼 찹살떡 임팩티브 데미지 혹시 이것들 모루하면 팔리나요?",,,,,0,False
2026-07-05,0,0,기타,mapleaudit 써보신분 있나요,api 키복사하는거 보안에는 문제없나요,,,,,0,False
2026-07-05,0,0,기타,자석펫 다른종류 3개 효율 어떤가요?,피시방까지하면 기간제 자석펫 여러개이고 영구자석펫도 하나받았고 자석펫 하나만 살예정인데 순수 자석펫 개수 늘어나면 효율이 어느정도 수준인가요? 아시는 메잘알 형님 알려주시면 감사합니다. [이미지],,,,,0,False
2026-07-05,0,0,시세,추옵 154급 골클벨 시세 질문,덱스 154급인데 혹시 추옵 값만 보면 어느정도 하는지 알 수 있을까요 ?,,,,,0,False
2026-07-05,0,0,기타,하이퍼버닝 계정 탈퇴 후 재가입 해도 불가 재참여 방법 질문,하이퍼버닝 아무생각 없이 만들었다가 직업 맘에 안들어서 다시 만들려고 삭제했다가 아버도 날리고 하이퍼버닝도 안 되고 해서 알아보니 명의당 1번 참여라고해서 넥슨 계정 3개있던거 다 명도탈퇴로 7일 뒤에 다시 가입하고 새로 생성하는데도 이게 어떻게된 일인지 하이퍼버닝은 안만들어짐.. 테라버닝만 3개 만들어지고 ㅠ ㅠ 쩝.. 하이퍼버닝 재참여 방법 없음..? 하.. 테라버닝으로 200만 찍고 하려니 막막한데 ; 대체 이렇게까지 하버 아버 빡세게 통제하는 이유가 뭐지..?,,,,,0,False
2026-07-05,0,0,기타,복귀유저 챌섭 질문드립니다,몇년안하다가 요즘에 할게없어서 챌섭한번 해볼려고하는데요 직업은 아직고민중이구요 평일에 2시간정도 주말에는 5시간쯤 한다고하면 지금시작해도 챌섭 점수 다 채울수있나요? 본섭 넘기기전까지 과금은 딱히 필요없겠죠? 챌섭 한번도 안해봤습니다 본섭에 270까지 하던거있는데 템도없고 어디서부터 해야될지 기억도안나서 처음부터 한다는마인드로 해보려고 하거든요,,,,,0,False
2026-07-04,0,0,아이템,제네패스 소울,제네패스 위소울 캐릭 내 이동 가능일까요?,,,,,0,False
2026-07-04,0,0,직업,본캐바꾸고싶은데 어떻게할까요,이번 챌섭 보마로시작해서 본캐로 키우고있었는데 레테 잠깐해보니 재밌고 좋더라구요 그래서 본캐 레테로바꾸고싶은데 보마한테 받을거 다받아가지고 다음 챌섭까지 기다리는게좋을까요? 아니면 250달성비약 먹이고 키우는게 좋을까요?,,,,,0,False
2026-07-04,0,0,아이템,pc방 경험치 버프랑 추가경험치 쿠폰이랑 중첩 되나요?,제목 그대로 pc방 경험치 버프 받고있는 상태에서 추가경험치 쿠폰 쓰면 같이 중첩 적용 되나요?,,,,,0,False
2026-07-04,0,0,직업,지금 첼섭 시작해도 첼린저도 할수있나요?,옛날옛날에 해서 진힐라까지만 해봤는데요 지금 시작해서 첼섭 끝나기전에 첼린저가능한가요?,,,,,0,False
2026-07-04,0,0,기타,수줍은 마음 지금 시세로 사도 되나요?,경매장에서 8억 정도 하던데 지금 마스터피스에서 나오는 레드블랙라벨 중에 얘만 비싼거 같아서... 그냥 사도 괜찮을까요,,,,,0,False
2026-07-04,0,0,기타,보스팟 용병 관련,담주에 내내 메이플 못켜서 보스파티 못갈거 같은데 용병 내가 구해야하나요 아니면 말씀만 드리고 알아서 구하시게 놔두면 될까요?,,,,,0,False
2026-07-04,0,0,기타,뉴비) 아이디 생성관련,"넥슨아이디로 직업추천보고 보마,렌 중에 추천해줘서 챌섭에서 보마했는데요 260까지 하이퍼버닝다받고 이제 비욘드까지설정했습니다. 근데 플레이해보니 너무 지루해서 본캐를 아델로해서 키우려고하는데 캐삭하고 다시 아델 키우면 하이퍼버닝,싹다안된다고하더라고요 그럼 제명의로 새로 아이디파서 새로키우면 하이퍼버닝 싹다 받으수있나요?ㅠ 그리고 본캐로 오랫동안할건데 직업추천부탁드립니다.",,,,,0,False
2026-07-04,0,0,직업,형님들 챌섭캐릭 삭제하고싶습니다,인생 최초 해방 해볼려고 패스다사고 호영 278 레벨까지 찍었는데요 분명 시작할때는 누구보다 멋져보이고 가슴이 시킨다고 생각했는데 보스패다보니까 정내미가 뚝 떨어져서 삭제하고싶습니다 아 계정을 하나 더 만들어서 다른직업이랑 두개를 키워봐야겠다 했는데 이세1끼 삭제하면 패스랑 아버 이런거 다 명의당 1회로 바뀌었다고해서 질문남기는데요 그러면 하이퍼버닝 보상도 이미 호영련이 다처먹고 비욘드 보상도 처먹고 삭제해봤자 다시 돌아오는건 하이퍼버닝 260레벨 밖에 없는게 아니겠습니까? 그냥 이악물고 키우고 다음챌섭 기다리는 방법밖에없나요? 제 좌우명이 후회하지말자인데 캐릭 선택창 볼때마다 후회가 존1나게 되서 형님들께 이럴땐 어떻게 지혜롭게 헤쳐나가야하는지 여쭙니다,,,,,0,False
2026-07-04,0,0,아이템,본섭에 탬을 챌섭으론 못 옮기죠?,본섭에 경매장에 등록하고 챌섭에서 관세 내고 재구매가 안되겠죠? 그냥 본섭에서 탬 판매하고 메포 바꿔서 챌섭 가서 메포로 메소 바꾸고 그 메소로 탬을 구매하는게 맞죠?,,,,,0,False
2026-07-04,0,0,기타,어센트 스킬 질문드려욤,작년에 챌썹에서 렌 키울때는 어센트 스킬9렙?이 효율적이라고 해서 그렇게 찍었었는데 요즘도 똑같은가요? 어센트 레벨 올리는게 효율 좋은지.. 아니면 1렙만 찍고 헥사코어 추천순서대로 찍는게 좋은가요?,,,,,0,False
2026-07-04,0,0,기타,"이번주 해방하신 분들 해방 전에 듄켈, 더스크 잡음?",해방하면 제네시스 버프 없어진다고 들었는데 그래도 해방하고 잡는게 나아요?,,,,,0,False
2026-07-04,0,0,기타,유니온캐들 몇렙에 황딸농쓰는게 젤 좋음?,여축할려고 미하일키우다가 사람들이 102렙에 황딸농 2개쓰면 된다는데 1개쓰니까 192렙되서 황딸농 1개 더쓰기는 아까운거 같아서 그냥 사냥으로 때우려고 하는디 혹시 황딸농 몇렙에 써야 딱 200렙 되는지 암?,,,,,0,False
2026-07-04,0,0,기타,형들 바보짓 했는데 질문 좀요,챌린저스서버에 테라버닝으로 200까지 키운 캐릭에 하이퍼맥스 지정하니까 하이퍼블링크가 안나오네요.. 아이템버닝 1단계도 이미 받았는데 이거 그냥 키워야겠죠 아이템 버닝은 삭제하면 또 못 받는거로 알고 있어서요.. 아오 멍청이짓했네요,,,,,0,False
2026-07-04,0,0,아이템,아이템 실수로 버렸을시 복구,"아이템을 실수로 버린거 같은데 혹시 다른 사람이 안먹었다면 복구 가능한가요... 마을에서 버린거같아서 아마 누가 먹었을꺼 같긴한데, 이럴 경우는 복구가 안되죠? ㅠㅠ",,,,,0,False
2026-07-04,0,0,퀘스트,제네시스 패스 플러스 질문입니다,챌섭 열리자마자 제네패스사서 6월달에 5인 클리어 .7월1일에 5인갔다가 데카아웃 당하고 나머지인원은 깨서 저는 7월달 검마 끝인데 ㅠ 해방이 23일인데 패스 플러스 첫보스가 검마더라고요 7월 검마 더이상 못잡는데 이러면 8월까지 기다려야되나요?,,,,,0,False
2026-07-04,0,0,기타,어제부터 전투력이 200만 정도 널뛰기하는데 원인을 모르겠습니다..,목요일에 섬머 보약이 빠진것은 알고있고 섬머 보약 빠진이후 전투력이 4410만인 상태로 종료 목요일 저녁 접속하니 4170만쯤인것을 확인 금요일로 날짜 넘어가고 조금 있으니 다시 4410만 금요일 저녁에 종료할때 4460만이었는데 지금 또 확인하니까 또 줄어있어요 이거 원인이 뭔지 알수있을까요..,,,,,0,False
2026-07-04,0,0,아이템,티르노그 이벤트 템 이제 못구하나요?,아예 재탕이나 이런 것도 안하는지 너무 갖고픈데 재탕한 적 없었나요..ㅠㅠ,,,,,0,False
2026-07-04,0,0,기타,오늘 뭐 보약같은거 빠진거있나요,투력이 내려갔는데 뭐지 건든건 없는데 ..,,,,,0,False
2026-07-04,0,0,기타,세렌 보호막 왜 안까지죠...,극딜 1번에 10퍼정도 까는데 왜 보호막은 거의 안까이죠...? 제가 뭔가 잘못했나요,,,,,0,False
2026-07-04,0,0,기타,복귀유저 챌섭 궁성비? 200찍어주는거 질문좀요,본섭에 유니온이 8천은넘어서 챌섭에 저거 궁성비써도 상관은없죠? 그리고 리프를 안해바서 그런데 지금 챌섭에 키운 본캐급 1개만따로 넘어갈수도있는건가요?,,,,,0,False
2026-07-04,0,0,기타,뉴비 지금부터 챌섭하면 늦는거는 없을까요..,친구랑 2인해방하면서 챌린저까지 보려는데 지금 시작하면 많이 늦었을까요 아직 3주차 이긴한데 걱정이네요...,,,,,0,False
2026-07-04,0,0,아이템,출석 이벤트 카유잠은 하트에 바르는게 나을까요?,페어리하트에 바르고 옵션 뽑는게 좋은 선택일지 궁금합니다,,,,,0,False
2026-07-04,0,0,기타,5석펫 이런 조합도 가능한가요?,주벗+초벗+파벗+파벗+파벗 이렇게도 되나요?,,,,,0,False
2026-07-04,0,0,기타,보스 잡으러 가는 길 질문입니다,보스 잡으러 가는 길에 트로피 위에 서 있는 사람들이 많은데 뭔가요? 그리고 경뿌 뿌린다고 해서 갔는데 아무 일도 안일어났어요 경뿌를 누군가 뿌리면 제가 그걸 주워서 쓰는건가요? 감사합니다,,,,,0,False
2026-07-03,0,0,시세,형들뉴비인데 이거시세 얼마정도 할가요,시세좀 알려주시면 감사하겠습니다 (챌섭),,,,,0,False
2026-07-03,0,0,직업,복귀는 무조건 챌섭이야?,한 4년전에 하이퍼버닝으로 키우던 255짜리있는데 이거 버리고 챌섭에서 본캐로 키우는게 맞음?? 원래 키우던거 자석펫도있고 헤어코디랑 닉이 맘에 드는데,,,,,0,False
2026-07-03,0,0,기타,환산주스탯 질문,"하드 메이린 잡을 스펙 만들려고 환산주스탯 내실메이커, 아이템메이커 이거저거 만져보고 있습니다. 여러 유튜버 영상을 참고해서 만들어봤는데 하드메이린 배율이 80퍼센트가 나오고 있습니다. 뭘 잘못해서 이렇게 낮게 나온걸까요?",,,,,0,False
2026-07-03,0,0,기타,검마 결정석이 없습니다.,6월달에 챌섭에서 검마를 잡았습니다. 나간 후 결정석을 팔려고 하는데 없더라구요. 그래서 블빵에서 져서 그냥 안먹고 나갔나보다 했는데 게임을 끌려고 하니 검마 결정석이 하루 남았다고 뜨네요. 아무리 찾아봐도 없는데 이거 버그인가요??,,,,,0,False
2026-07-03,0,0,몬스터,팔라딘 225 이후 사냥터 어디가 좋을까요??,테라버닝으로 키우고 레벨업 하고 있는데 어디서 사냥해야 할까요? 그리고 약하더라도 원킬컷 나는곳으로 가는게 좋나요?? 레벨업 좀 빨리 할수있는 방법 있을까요?? 260찍고싶은데 오래 걸리네요..,,,,,0,False
2026-07-03,0,0,몬스터,검마 3페는 극딜을 언제 넣나요?,렌이라 맞으면 끊키는데 타이밍을 모루개소요,,,,,0,False
2026-07-03,0,0,기타,밖이라 못보는데 챌섭 보상표 스샷 좀 찍어줄사람??,검색해도 못찾아서 올려유 플라즈마 하트 받으려면 보스 어디까지 잡아야 되는지 좀 볼려구 해여,,,,,0,False
2026-07-03,0,0,기타,검마 2인 vs 세렌 솔플,검마는 76퍼정도고 세렌은 1126퍼정도인데 둘다 처음이면 뭐가 더 할만할까요,,,,,0,False
2026-07-03,0,0,기타,검마 2인 이정도면 갈만할까요?,전 지금 76퍼정도 나와요 포뻥을 못받긴 하는데... 저랑 비슷한 사람 1분 델꼬가면 가능할까요? 아 그리고 지금 유저들 첼섭에서 아케인 심볼 만렙인지 아직 찍고있는지 궁금해요! 만약 만렙이면 어떻게 찍은건가요,,,,,0,False
2026-07-03,0,0,아이템,뉴비 챌섭 일반펫 스킬 자동사용 되는걸로 제일 싼거 하나만 사면 될까요?,시작하면 주는 그냥 달팽이는 스킬 등록이 안되길래 제일 싼 랑랑? 이거 사면 될까요? 아니면 렌인데 챌섭에 레테 새로 만들어서 레테 생성 시 주는 펫상자를 렌한테 줄까요?,,,,,0,False
2026-07-03,0,0,기타,챌섭 직업 바꾸고 싶은데 하버 1개더 줄 가능성 있을까요?,"챌섭에 하이퍼버닝,솔야누스30,아이템버닝 등 보상 다 받고 268까지 키운 케릭이 있는데 직업을 바꾸고 싶은 상황입니다. 기존 케릭 삭제하면 하이퍼버닝 1+4 , 1+1 레벨업 혜택 제외하곤 대부분의 혜택이 다 사라진다고 해서 삭제하기가 애매하네요. ~260 , ~280 하이퍼버닝 하나 더 줄 가능성 있을까요? 예전에 2개 줬다고 본거 같아서요",,,,,0,False
2026-07-03,0,0,기타,레테닉 질문,"레테에 닉변할려고 혼혈공주랑 명계여왕샀는데 어떤걸 해야할지 모르겠어요 다른 하나고르면 나머지는 어떻게 해야 할까요? Q 제목: 레테닉 (종료) 최대 1개 선택 가능 참가자: 10 명 26.07.04 19:55:59 마감 득표순 답변순 혼혈공주 (50%, 5표) 명계여왕 (50%, 5표) 투표가 종료되었습니다.",,,,,0,False
2026-07-03,0,0,기타,노트북 15-fc1061AU 이거 장만해서 메이플해보려 하는데,괜찮은 선택지인가요? 어떤가욥??,,,,,0,False
2026-07-03,0,0,기타,레테 만들면 주는 펫 기간이 어떻게 되나요?,"챌섭에 테라버닝이 3케릭인데 4케릭으로 착각해서 레테를 테라버닝으로 적용시키지 못했네요. 원래 쁘띠 펠 자석펫 받아서 레테 200찍는동안만 쓰려했는데 똥이되버렸습니다. 이거 펫 상자 언제까든 9/16일까지인가요? 지금 버섯 자석펫 하나 있는데, 언제까든 살아있는 기간 변함없으면 그냥 쓰려구요.",,,,,0,False
2026-07-03,0,0,기타,mvp작 하려는.뉴비인대요,잘팔리는 캐시템이 어떤건지를 몰라서요... 알려주시면 감사하겠습니자,,,,,0,False
2026-07-03,0,0,아이템,진짜 메린이입니다 60억보유중인데 어떤아이템을 업글할까요? 챌린저스서버,알려주세요 선배님들 [이미지],,,,,0,False
2026-07-03,0,0,퀘스트,메린이 챌섭 질문 드립니다 !,이번에 메이플 시작한 뉴비인데요 혹시 챌섭이벤트가 9월까지던데 그때까지 레벨업 하면서 천천히 즐겨도 챌섭 이벤트랑 아버 깰 거 다 깨나요 ?? 다른분들은 되게 빨리빨리 하시려고 하셔서 여쭤봅니다 !,,,,,0,False
2026-07-03,0,0,시세,자석펫 사려고 하는데 질문이 있습니다 ㅠ,1) 현재 스카니아가 154억 정도 / 챌섭이 134억 정도 20억차이가 나는데 메포로 바꿔서 챌섭에서 사는 게 나을가요? 2) 자석펫 가격이 지금 가격에서 현상유지될 지 떨어질 지 전문가님들의 조언을 구합니다. 지금 자석펫 가격이 상당히 비싼 거 같아서요 ㅠ,,,,,0,False
2026-07-03,0,0,기타,헥사3 떡작 질문,안녕하세요 환산에서 헥사찍는걸 보며 올릴때 저번시즌에는 기운을 기준으로 해서 헥사3까지 찍었는데 이번에도 똑같이 기운기준으로 하는게 맞을까요? 헥사2까지는 찍은 상태인데 기운기준이면 바로 헥사3이고 조각 기준이면 다른것부터 찍는데 뭐가 맞는지 궁금해서 질문드립니다 !,,,,,0,False
2026-07-03,0,0,기타,이 헤어 이름 아시는 코잘알님 계시는가요..뉴비임다,도저히 모루겟어요,,,,,0,False
2026-07-03,0,0,아이템,메이플 옥션 시스템 하나 궁금한게 있는데,메이플 옥션 궁금한게 있는데 본섭에 있는 캐릭터 아이템 올려서 챌섭에 있는 캐릭터로 구매가 가능한가요?,,,,,0,False
2026-07-03,0,0,기타,스타포스 10성이하 1+1강화,스타포스 10성이하에서 강화시 1+1하는거 없어졌나요? 나무위키에도 안나오네요,,,,,0,False
2026-07-03,0,0,아이템,하이퍼블링크가 안보여요 ㅠㅠ 왜이럴까요 ㅠ,저는 200이라 모자퀘하고 모자가 끝났는데 친구는 이스킬을받았다고 하더라구여 왜이럴까요 ㅠㅠ,,,,,0,False
2026-07-03,0,0,아이템,하이퍼블링크가 안보여요 ㅠㅠ 뉴비도와주세요,하이퍼버닝으로 만들었는데 궁수 저는 안보여요 ㅠㅠ 왜이런가요,,,,,0,False
2026-07-03,0,0,퀘스트,검마 해방퀘 주간보스 잡고 제네시스 연습모드 해도 인정되나요??,주간보스로 실수로 다 잡아버린경우 해방퀘때 스우나 데미안잡을때 제네시스 연습모드로 클리어해도 인정 될까여?!,,,,,0,False
2026-07-03,0,0,기타,안녕하세요 여러분들 메린이 궁굼해서 질문드려요,요번 2026년 하퍼버닝 삭제해도 다시 재생선 가능한가요 ?,,,,,0,False
2026-07-03,0,0,몬스터,이지윌 전투력 1166만이면잡나요?,너무어려워서.. 아이템버닝받아야되는데 이지윌잡을수있나요? 잡아주실분 ㅠㅠ 이지윌 다음은 못잡겠죠?,,,,,0,False
2026-07-03,0,0,기타,스펙 질문,"유챔 세렌, 하드 메이린, 이지 벨로나 세마리 모두 비슷한 스펙이라고 봐도 괜찮을까요?",,,,,0,False
2026-07-03,0,0,기타,헥사 스탯 초기화 해야 하나요?,"첨부 이미지처럼 핵사 환산 메인 스탯이 보공 -> 공/마 로 변경 됐습니다. 2차 최적 헥사 메인 스탯 이 기존 1차 메인 스탯 과 겹치는 일이 발생 했는데, 이럴 때는 2차 메인 스탯을 다른 스탯으로 변경해서 찍어주면 되나요? 아니면 초기화해야 하나요?",,,,,0,False
2026-07-03,0,0,기타,챌시즌2 하다가 이번에 복귀 질문,현재 챌 시즌2에 했던 본캐로 주보로 메소땡겨오고 해서 나름 빠르게 달성해보자는 목표로 다이야찍고 어둠의흔적 3000정도 남아있는상태 (이번주 보스 다 돎) 빨리해방하고싶은 마음이 가득합니다. 다른분들 이번주에 해방하는 소리많이 들리니 깜짝놀라면서도 따라가고 싶어 급해지는데 검밑솔로 3000이면 3주가걸리고 검마를 잡으면 1800 +1410 해서 다음주 해방 할 수 있는건가요?? 두서가 길어서 죄송합니다.,,,,,0,False
2026-07-03,0,0,기타,메이플 뉴비 궁성비 질문,유니온을 건드려보려고 하는데 그냥 유튜브에서 추천하는 직업마다 궁성비 하나씩 다 주기만 하면 되는건가요??,,,,,0,False
2026-07-03,0,0,아이템,에스텔라 이어링 이거 살만한가요?,145억이던데 살만한가요?,,,,,0,False
2026-07-03,0,0,아이템,다음 스펙업 진로(?) 추천부탁드립니당,다음 스펙업 추천 부탁드립니다..! 현재 이지 세렌까지는 겨우겨우 잡았는데 칼로스는 어려워서 손 못대구 있어요 135%나와용 일단 1차목표는 해방하는거거든욤 해방하고나서 어떻게 스펙업을 하는게 좋을까요? 챌썹 끝나기전엔 최대한 챌린저 하는쪽으로 가보고싶어용,,,,,0,False
2026-07-03,0,0,기타,5년로아 접은 쌩뉴비 메이플 시작 질문,"살짝 유튜브나 글 몇개 검색해서 본 지식을 기본으로 질문좀ㅠ 1)메이플은 엔컨가기 힘들죠? (로아는 귀속템 즉 시간으로 꾸준히 몇달키우면 엔컨 가기 엄청쉬움. 한달에 30~40 현질에 보석이라는 100%회수가능한거 현질하면 반년안엔 무조건감) 2)메이플 무슨 재미로해요? (까는 말 절대아님 로아접었고 메이플 해볼려고 하는데, 꾸준히 일퀘,보스잡고,사냥하면서 스펙업하면서 그 위에 보스 갈려고 하는건가요?) 3)쌀먹할 건 아닌데 메소가 좀 벌리나요? 왜냐면 스펙업을해야되는데 메소가 안벌리면 결국 현금박치기 아니면 답이없으니깐요. 메획?+아이템드랍률% 풀셋은 맞추고 할 생각 4)레테 괜찮나요? (금손호소인은 아니고 로아에 2년에 한번하는 더퍼스트라는 레이드축제가있는데 거기서 직업30위권안에 드는 정도. 로아 좀 하드하게 했었음.) 5)현질은 많이못해요. 로아 정리하고 몇백이 끝임. 메획템 자석펫정도 현질하면 즐기면서 성장하는 맛좀 볼 수 있나요? (메이플 명성 익히들어서 엔컨은 포기했습니다. 제 자금으론..) 6)마지막으로 메이플은 회수는 어느정도 가능한가요? 로아는 보석빼고는 전부 귀속이라 (ex- 몇백만원 박은 팔찌 , 메이플로 치면 코강같은거에 몇백쓰고 등등 로아는 다 귀속) 지인도없고 그냥 유튜브 요즘 잘 되있어서 보고 할려고하는데, 제대로 된 답변이 있을 지는 모르겠지만 조금만 시간내주시면 참고해서 열심히 해볼게요.",,,,,0,False
2026-07-03,0,0,기타,지금 상태로 듄슬윌 중 뭐가 제일 쉬움?,"똥손이라서 다 힘들거 같긴한데 그나마 뭐가 제일 쉬움? 일단 얘네 중 하나 잡으면 에메랄드 되니까 스펙업 하고 나머지도 잡을 예정이긴한데 직업은 렌임 Q 제목: 뭐부터 잡음? (종료) 최대 1개 선택 가능 참가자: 21 명 26.07.04 08:40:59 마감 득표순 답변순 하윌 (81%, 17표) 카슬 (14.3%, 3표) 하듄 (4.8%, 1표) 투표가 종료되었습니다.",,,,,0,False
2026-07-03,0,0,시세,챌섭밖에 캐릭 없을 때 무통거래방법,아예 새로운 계정이라 챌섭밖에 없을 때 무통 거래 어찌해야함?,,,,,0,False
2026-07-03,0,0,아이템,챌섭입문 뉴비 오늘 주흔작 하트말고 더 할거있나요,하트 30퍼작 끝냈는데 주문의흔적이 조금 많이남아서 질문드립니다!! [이미지],,,,,0,False
2026-07-03,0,0,기타,아케인 만렙 찍으면 일퀘 빼나요??,어떻게들 하세요?,,,,,0,False
2026-07-03,0,0,기타,부캐 닉 옮기기 아직도 가능한가요?,뉴네임 옥션에 비싼가격에 올려놓고 유찰되면 본캐로 들고오는거 아직도 가능한가요?,,,,,0,False
2026-07-02,0,0,기타,20누스 5석펫 질문,10누스 5석펫인데 야누스 지속70 게더링 쿨타임 90초라 4~5분마다 한번씩 다시 설치하러가야하는 번거로움이 있는데 20누스 80초 지속에 게더링 90초면 거의 무한 제자리 가능할까유?,,,,,0,False
2026-07-02,0,0,기타,뉴비 질문요,메소샵에서 코디템 사면 교불로 수령되나요?,,,,,0,False
2026-07-02,0,0,기타,아 보스잡다가 이렇게 오류 뜨면서 팅겼는데 해결방법 아는분 ㅠ,이 오류 해결방법 아시는분 ㅠ,,,,,0,False
2026-07-02,0,0,기타,1년전 렌 처음 나올때 했었는데 뒤에 짐짝 없애는 방법 좀 알려주세요 ㅠ,"형님들 안녕하세요 1년전 렌 첨 나왔을때 시작했었는데 쉬다가 이번에 복귀 하니 캐릭뒤에 짐짝이 너무 거슬리네요.. 치장, 설치 어디에도 안보이는데 이거 없애는거 아시는분 있나요?",,,,,0,False
2026-07-02,0,0,기타,그래픽카드 변경 후 보스전 렉 심합니다,안녕하세요 원래 그래픽카드 RXT 1050 Ti 사용하다가 스팀게임때문에 그래픽카드를 RXT 5060 으로 변경을 했는데 그래픽카드를 바꾸고 나서 메이플 보스전 렉이 너무 심할때가 많습니다. 특히 파티격할때 엄청 심합니다. 심할때는 칼로스에서 간섭을 못맞추겠다는 생각이 들정도입니다. 제미나이가 하라는데로 NVIDIA 제어판에서 설정도 바꿔보기도 하고 했는데 별로 바뀌는게 없네요.. 설명이 힘들긴 한데 무슨느낌이냐면 집에서 하실때는 렉이 없는데 피시방에서 메이플하면 특유의 끊기는 느낌 아실까요? 그런 느낌에 렉까지 동반된 느낌입니다. AMD 라이젠 5600 사용 중이고 RAM 은 8기가 2개 박았습니다. 혹시 그래픽카드를 바꿧다는 이유로 메이플 렉이 걸릴수 있을까요? 너무 스트레스가 심해서 답변 부탁드리겠습니다 ㅠ,,,,,0,False
2026-07-02,0,0,기타,카벨룸 칭호,카벨룸 칭호때문에 가엔슬 한번 안잡을만 할까요? 메이린 105 이지카링 135라 좀만 끌어오면 둘 다 할만할거 같은데.. 현재 진힐라 칭호 끼고있습니다,,,,,0,False
2026-07-02,0,0,아이템,아케인심볼19렙이면 교환권은 어센틱 받아야겟죠?,지금 아케인은 6개 전부 19렙에 55~60퍼 사이인데 이정도면 그냥 일퀘 주퀘로 20찍고 심볼교환권은 어센틱 레벨 올리는게 좋겟죠?,,,,,0,False
2026-07-02,0,0,기타,명의분리 관련 아시는 분 계신가요..?,오래된 계정이라 가족끼리 동일 명의 내 다른 메이플 계정을 사용하고 있습니다. 메이플에 문의를 하니 멤버스 전환이 가능한 계정이라고 답변을 받았는데 이 경우 이벤트 도중에 제 명의의 넥슨 아이디로 연동을 하면 출석 보상 같은걸 받을 수 있나요?? 현재 동일 명의로 인해 이벤트 보상이 가족이 사용하는 계정에서만 수령이 되는 상황입니다.(가족이 사용하는 계정에서 출석보상 중 경쿠만 수령 제가 사용하는 계정은 수령 불가),,,,,0,False
2026-07-02,0,0,직업,렌 코강 궁금한게 있어요,"5차 코강에 매화검 본초 : 천, 자 강화하는 분들 계시던데 이건 왜 하는건가요..? 주력기가 아닌데 왜하는거지? 싶어서..",,,,,0,False
2026-07-02,0,0,퀘스트,챌섭 유니온 아티팩트 스페셜 미션 질문,스페셜 미션 챌섭에서 미리 하나씩 깨고 있는데 나중에 본섭으로 리프해도 다 완료처리 되나요?,,,,,0,False
2026-07-02,0,0,기타,환산 주스텟 사이트 질문,보마 키우고 있어서 지금도 전투 크확 110인데 보약 최적화 돌리면 자꾸 크확에 포인트 주라는데 주는게 맞나요?? 설정에 크확 110으로 똑바로 들어가 있는데?,,,,,0,False
2026-07-02,0,0,기타,넥슨캐시 결제취소 질문드립니다.,"제가 넥슨캐시를 A 결제수단으로 충전해야한다는걸 실수로 B 결제수단으로 충전하였습니다. 바로 취소문의는 접수해놓은 상태인데요, 취소가 완료되지 않은 상태에서 동일금액을 A결제수단으로 다시 충전후에 사용하였는데, 이러한 경우에도 먼저 결제후 취소요청한 금액이 결제취소 되는거겠죠? 먼저 잘못 결제한 금액은 사용하지않고 그대로 남아있습니다. 먼저 충전한 캐시가 우선차감되어 결제취소가 안될까봐 질문드립니다..",,,,,0,False
2026-07-02,0,0,몬스터,사냥터별 경험치효율 질문,"현재 280렙인데, 284렙 40마리 맵이 282렙 40마리 맵보다 경치효율이 더 좋다고하는데 왜 그런건가요?? 렙차 많이날수록 별로인걸로 알고있었는데",,,,,0,False
2026-07-02,0,0,아이템,d라벨vs멀티펫,1석펫+멀티펫(프펫작) 할 예정인데 혹시 둘 차이가 어떻게 되나요?,,,,,0,False
2026-07-02,0,0,아이템,메린이 다음 스펙업 조언 구합니다,이번에 메이플 시작한 메린이 입니다. 챌까지 달아보고 싶은데 이제 뭘 바꿔야할까요? [이미지],,,,,0,False
2026-07-02,0,0,아이템,안녕하세요 선생님들 메린이 스펙업 방향이 궁금합니다,[이미지] [이미지] 챌섭만 간간히 하던 메린이인데 이번챌섭이 역대급으로 재밌어서 챌 달아 보고 싶어져서 질문드립니다 하메까지 잡아보고 싶고 다음주에 제네 해방합니더! 메소는 200억정도는 더쓸수 있어서 스펙업 순서좀 알려주세용,,,,,0,False
2026-07-02,0,0,아이템,헤어랑 코디템 뭔지 알려주세요,머리에 리본은 반짝이는 마음인 것 까지는 알아냈는데 그 외에 헤어랑 옷은 못찾겠어요.. 아시는 분 계실까요 [이미지],,,,,0,False
2026-07-02,0,0,아이템,보보인 vs 이탈 마방마 뭐써야되나요,전투력은 떨어지길래 잘 모르겠어서..ㅠㅠ,,,,,0,False
2026-07-02,0,0,아이템,예전에 하던캐릭인데,이정도 캐릭 노해방인데 하세유챔하려면 대략 메소얼마정도 들어가나쇼?????캐슈입니다,,,,,0,False
2026-07-02,0,0,기타,탈라하트랑 카르시온 차이 많이 나나요?,290레벨찍고 탈라하트 가야되는데 심볼업을 별로 못해서 아직 못가고 카르시온 사냥 중입니다. 돈 들어가는 곳이 많아서 탈라하트랑 카르시온 비슷하면 세금을 좀 천천히 내야되나 싶어서 올려봅니다. 사냥은 주4일이상 메제채우고 야누스는 아직 14랩이라 2개 깔 수 있습니다.,,,,,0,False
2026-07-02,0,0,기타,"레테 어빌리티 1,2 풀인데 3뽑을때 어케해요??","면성치생기면 1,2 잠구고 돌려요 아니묜 2만잠구고 보공노려요??",,,,,0,False
2026-07-02,0,0,퀘스트,검마 솔플 환산 2.8 포뻥,[이미지] [이미지] 이거 포뻥하면 배율 100% 언저리되서 솔플 가능함????,,,,,0,False
2026-07-02,0,0,직업,패파 현역으로 하고있는사람 존재합니까?///,패파를 7년?인가 전에 했다가 4년전에 잠깐했다가 바뀌었길래 다시 이번에 하려는데 또 바뀌었더라... 진짜 유튜브 영상도 1년전꺼랑 좀 다르고.. 혹시 패파 지금도 하는 메이플유저있나요?ㅠㅠㅠㅠㅠㅠㅠㅠㅠㅠㅠㅠ진짜 혹시 대화가능한 패파 현역있나요...,,,,,0,False
2026-07-02,0,0,아이템,현 챌섭 헥5.3인데 익스우2인 맞추기vs본섭까지존버,템은사주고싶고 관세는내기싫고 담주전에 흉성익스우까지만 쪼금올려줄까싶은데 고수님들 의견은 어찌되시는지,,,,,0,False
2026-07-02,0,0,몬스터,챌섭 검마 안잡았는데 클리어 판정,본섭에서 잡고 챌섭은 하지도 않았는데 왜이러죠.. 6월달은 안이랬는데,,,,,0,False
2026-07-02,0,0,기타,지금 280이면 아래 조건으로 285 확정으로 가능한가요?,팁게인가 어디서 본거같은데 언제 기준으로 280이면 무조건 285 된다는 글을 봤었는데요 지금 280인데 앵컴 4배 / 몬파2회 / 스펙터블라스트 몰빵 이정도면 285 가능할까요?,,,,,0,False
2026-07-02,0,0,아이템,제네패스 플러스,"이번에 7월 1일에 검마 잡았고, 7월 9일에 해방인데 7월 9일 해방하고 제네패스 플러스 사면 검마 클리어한걸로 나오나요?",,,,,0,False
2026-07-02,0,0,기타,이벤트 출첵창이 안열려요 ㅜㅠ,노트북으로 하는데 작전일지 출첵 이벤트 창을 눌러도 아무것도 안떠요 ㅜ 찾아보니까 증상 있는 분들은 간간히 있는데 해결방법이 없어서 혹시 이런 분들 계실까요?,,,,,0,False
2026-07-02,0,0,아이템,응얘 메린이..현질 30만원에 조언 부탁드립니다..,"1. 메고수님들, 현질 30만원 하면 메포로 바꾸는게 가장 좋나요? (찾아보니까 다른 거래 사이트들은 위험하다는거 같은데..) 2. 현재 아이템 착용 상태인데.. 어떻게 메소를 쓰는게 현명할까요?? 하루에 사냥은 2시간 정도 할 수 있고 좋아합니다!! 레테 키우는중입니다! [이미지] [이미지] 고수님들 조언 부탁드립니다 ㅠㅠㅠㅠ",,,,,0,False
2026-07-02,0,0,기타,보스 들어가기 전에 허수치는거 일필?,허수 쳐서 일필 발동시키고 7초??뒤에 들어가는거 같던데 왜 그렇게 하는건가요?? 들어가자마자 오리진 극딜 박고 시작하지 않나... 그럼 일필을 못받고 갈기는건데 이유를 알 수 있을까요?,,,,,0,False
2026-07-02,0,0,기타,"제네 해방 7/7, 7/8 다음주 쯤 해도 안되나용??",최소컷이 오늘 가능하다는거지 결국 해방하고 제일 쌔지는 마지막 날 하고 나머지 보스 트라이 해도 되는거 맞지요 형님들?;,,,,,0,False
2026-07-02,0,0,몬스터,돈 투자해서 하드 메이린 잡을만 한가요?,"본섭 매주 주간보스로 70억정도 벌리는데 챌섭캐 진심으로 키울 생각입니다. 본섭 주보돌아서 챌섭에 투자해서 하드 메이린을 잡을만큼 스펙업 한다고 가정한다면, 하드메이린 잡는 만큼 효율의 보상이 나올까요? 아니면 그냥 챌섭은 천천히 즐기고 본섭가서 제대로 투자해주는게 맞을까요? 지금 280렙 마스터까지는 찍었고, 드메 100/160 까지느 맞춰서 재획 꾸준히 하고 있어요",,,,,0,False
2026-07-02,0,0,몬스터,이지카링은 잡았는데 유챔세렌을 못잡아요,듀블 렙285 헥사5.2입니다. 이지카링을 30초남기고 간신히깼는데 유챔세렌은 계속 트라이하고 시간다써도 2페 1/3 피가 남아요. 오리진걸고 극딜꽂아도 피가 안깎이는 느낌인데 찾아보면 다들 유챔세렌이 더 수월하다 는 의견인듯한데 전 왜 유챔세렌이 더 빡셀까요? 배율은 이지카링159 유챔세렌143 이네요,,,,,0,False
2026-07-02,0,0,기타,카유잠 잘못샀는데 방법 없나요,딱히 쓸 템도 없는데 문의하면 1번만 복구해준다거나...,,,,,0,False
2026-07-02,0,0,아이템,원본 초롱나비 로이드 얼마인가요?,10년만에 복귀해서 챌섭에서 노는중인데 메소 모으려고 옛날캐릭 다 뒤지다가 발견함 경매장에 있는건 다 생긴게 달라서요 안드로이드 가격 판별 기준을 몰라서 믈어봄..ㅠ,,,,,0,False
2026-07-02,0,0,기타,어빌리티 설정,재보상은 뽑았는데 수치들은 블서큘로 계속 돌리면서 3줄 최대옵 노리는 거 밖에 없나요? 하락할 수도 있다해서 엄청 많이 들어갈 거 같은데 이게 맞는지 궁금합니다,,,,,0,False
2026-07-02,0,0,시세,닉넴 냉면 살 수 있을까여.. ?,ㅠ______ ㅠ.. 이뿐 닉네임하나 사서 오래 하려고했는데 메포 충전하다보면 마감되있고.. 또 잔뜩 충전해놓자니 맘에드는거 안나오면 돈날리는것 같고.. 냉면 올라왔던데 100만 안으로 될까여 허허..,,,,,0,False
2026-07-02,0,0,아이템,전투력 1100만 렌 이지윌잡을수있나요?,너무어려워서.. 아이템버닝받아야되는데 이지윌잡을수있나요? 잡아주실분 ㅠㅠ 이지윌 다음은 못잡겠죠?,,,,,0,False
2026-07-01,0,0,아이템,하이퍼버닝 동일넥슨 다른메이플아이디,260찍으면 삭제해도 보상만못받는ㄱ 아니라 하버도 못하나요 아 오랜만에 들어와서 옛날 리부트용 메이플아이디에 하버 260찍었네여 하…,,,,,0,False
2026-07-01,0,0,아이템,챌섭 보상인 리스트레인트링을 실수로 버려버렸습니다,안녕하세요 이번에 시작한 메린이인데요 보스전을 준비하다가 리스트레인트링을 끼지 않은것을 확인하고 끼니까 준비시간같은게 있더라고요 그래서 나갔다가 다시들어오려고 포탈 클릭을 연타하다가 4레벨 리레링을 땅바닥에 버려버렸습니다.. 이리저리 찾아보다가 일단 문의를 넣어놓기는 했습니다만.. 기간제아이템은 복구가 어려울거라는 이야기를 봤습니다. 혹시 복구가 어려울까요? 그렇다면 그냥 하나를 새로 사야하는걸까요?,,,,,0,False
2026-07-01,0,0,아이템,형들경매에 얼마에 올려야될까요ㅠㅠ,시세 봐도 메린이라 모르겠습니다ㅜㅜ,,,,,0,False
2026-07-01,0,0,기타,메린이 검마 솔로 첫격파입니다,찐모드구요! 데카가 갈려나갓어요 다음부터가문젠데 이젠 딜찍누로 깨는건가… 근데 보상이 진짜 하나도없네요..? 팔수있는 템이하나도 안떳어요. 아 3페 꿀팁있으면 알려주세요 진짜 너무어려웠어요,,,,,0,False
2026-07-01,0,0,기타,보마 검마 깨주실분 구함,130퍼 보마 검마 깨주세요,,,,,0,False
2026-07-01,0,0,아이템,렌 1년 정말 열심히 키웠는데 템 방향성 도와주세요 ㅠㅠ,[이미지] 현재 저의 템상태인데 160억정도를 모았는데 어떻게해야 좀 더 강해지는데 돈을 쓸 수 있을까용?,,,,,0,False
2026-07-01,0,0,기타,챌섭에서 퍼레이드 영구 자석펫 어떻게 수령하나요?,기존 마스코트 퍼레이드 출석 완료해서 본섭에서는 현재 수령가능한 상태이고 제네시스 패스 탭에 마스코트 출석 보상이 떠있습니다. 근데 챌섭 캐릭 (60레벨) 로 접속하면 제네시스 패스 탭에 보상이 없네요.. 뭐 우측 상단 얘기하던데 대체 어떻게 수령하나요 ㅠ ㅠ,,,,,0,False
2026-07-01,0,0,기타,쁘띠 마스코트 대행진!에서 어떻게 하면 의자를 받을 수 있나요??,쁘띠 마스코트 대행진!에서 어떻게 하면 의자를 받을 수 있나요?? 그리고 어떻게 하면 펫의 친밀도를 높일수 있나요??,,,,,0,False
2026-07-01,0,0,아이템,메린이 제네패스 어둠의 흔적 관련해서 질문,"주간 보스 12개 다 돌고 오늘 제네패스 샀는데 어둠의 흔적이 100개 밖에 안들어왔네요 노말 스우,데미안 이지 루시드,윌 이렇게잡았는데 계산하면 150개가 들어와야 하는거 아닌가요? 왜 100개만 들어온거죵",,,,,0,False
2026-07-01,0,0,몬스터,검마 연습중인데 2페 권능 때 암흑 걸리면 무적 필수임?,"녹화본 장면 따온건데 이런 경우에 어떻게 피함? 일단 해당 플레이 경우엔 어찌저찌 피하긴 했는데 [이미지] 영상에서는 왼쪽인게 약 1초 정도 보이긴 했는데 그 중 0.6초 정도는 사우론 눈에 가려져서 제대로 인지하기 어려웠던 상황 그나마 보인게 0.4초 였는데 플레이 당시엔 못 봤었음 [이미지] 결국 권능 패턴이 진행 될 때 감각적으로 왼쪽으로 빠르게 텔포해서 우여곡절 끝에 피하긴 했었음 [이미지] 질문하고 싶은 것은 이거임 이런 억까가 걸렸을 때, 죽는 경우인데 좀 억울하게 죽을 수 있는 느낌이 드는데 무적이 필수인 상황인거죠?",,,,,0,False
2026-07-01,0,0,시세,가엔링 인트 36% 떴는데 이거 시세가 어떻게 되나요?,형들 나 이번에 메이플 유입되서 첼섭1에서 하고있는 유전데... 가엔링 맞쳐보려고 돌리다가 인트 36퍼가 떳어요 이거 팔고 내 템 맞춰주고 싶은데 얼마에 팔아야 할까요..? 시세에도 없어서 도저히 모르겠어요 의견좀만 달아주세요..,,,,,0,False
2026-07-01,0,0,기타,레테 헥사스텟3 질문 있어요,"헥사1 : 보마주 3 9 8 헥사2 : 크마주 7 7 6 이렇게 해버렸는데 환산 주스텟에서는 크마주,마주크,주크마 이런식으로 세 스텟을 순서 바꿔가며 찍는걸 추천해주는데 메인 스텟에는 마력,주스텟이 들어가는데 2~3번째 칸에는 두개가 안들어가요.. 어떻게 찍는게 좋을까여 형님들 ㅜㅜ",,,,,0,False
2026-07-01,0,0,기타,복귀유전데 뭐부터해야해용?,챌섭일단 키우면되나요?,,,,,0,False
2026-07-01,0,0,아이템,소울인챈터 사라지나요?,아버로 무기 업글되면 발랐던 인챈터 사라지나요?,,,,,0,False
2026-07-01,0,0,기타,"저장하지 않은 기본 성형,헤어 복구받을 수 있을까요?","처음에 가지고 있는 기본 성형, 헤어 뷰티룸에 저장하지않고 실수로 다른 헤어랑 성형으로 변경후 기본 성형+헤어가 사라져 버렸는데요 혹시 이거 문의넣으면 복구 될까요? 당황스럽네요 ㅠㅜ",,,,,0,False
2026-07-01,0,0,기타,메이플 브금 관련 질문,영상 만들거나 커스텀 게임 제작할때 브금 몇개 깔려고 하는데 사용해도 괜찮겠죠? 출처는 표기할겁니다.,,,,,0,False
2026-07-01,0,0,기타,헥사 초기화권 질문,헥사 초기화 하는게 좋은지 아닌지는 환산에서 헥사코어 초기화 후 랑 비교해보는거 말고는 없나요? 초기화 햇을때 더 쎈지 약한지 알수 있는지 궁금합니다,,,,,0,False
2026-07-01,0,0,기타,뉴비 현실적 목표 질문,2주후에 한국 가는데 그때 챌섭 시작해도 안늦나요? 현질은 안하고 시작했다가 맘에 들면 현질하려고요 목표는 챌린저입니다. 혹시 챌린저가 불가능하다면 현실적으로 가능한 목표가 어딘가요? 감사합니다.,,,,,0,False
2026-07-01,0,0,기타,환산 직업마다 배율 다름?,동일템 다른직업이면 당연히 환산이 다른거고 동일 환산 다른직업일때는 배율이 같음?,,,,,0,False
2026-07-01,0,0,아이템,캐시 잘 못 수령했는데 ㅜㅜ,캐시샵 솔에르다 3세트 (3만원어치)를 챌섭에서 구매했어야했는데 모르고 본섭 캐릭터로 구매 후 수령해버렸습니다 ㅜㅜ 사용하지않은 상태인데 고객센터에 문의하면 회수 후 챌섭에서 재구매가 가능할까요??,,,,,0,False
2026-07-01,0,0,기타,아니 자꾸 접속중인 아이디라고 팅기는데 왜이러지,자주 그러는건 아닌데 뭐 한 몇십분마다 한번씩 현재 접속중인 아이디라고 튕기는데 왜이러지 또 바로 로그인하면 바로 로그인 되던데 껏다 키니까 미치겠네 보스전하다 몇번 튕기는거야,,,,,0,False
2026-07-01,0,0,퀘스트,오늘 검마 솔격으로 잡아야 되는건가요?,마약 버프가 오늘 까지라 오늘 검마 꼭 잡아야 된다고 하던데 제네 해방하는 달에는 검마 솔격으로 돌아야 되는건가요? 혹시 파티플로 먼저 깨고 나중에 연모로 솔격 해도 퀘스트 완료 되는걸까요?,,,,,0,False
2026-07-01,0,0,기타,오래된 캐릭터 정리된적 있나요?,초등학생때 메이플 가이드북에 나오는 메테옹 보고 던파에 있던 레테의 강물 섞어서 카스티아 서버에 레테옹<으로 아이디 썼었는데 이번에 신캐가 레테로 나왔길래 검색해보니까 닉넴 먹혔더라구여 서버통합되서 카스티아 사라진건 알았었는데 카스티아에 키웠던 캐릭터들이 다 사라진거 같아서 오래되고 접속안한 캐릭터들 삭제된적 있을까요?,,,,,0,False
2026-07-01,0,0,아이템,이카돌이 도시는분들 스펙 조언,"렙 280, 포스 300, 헥사스탯 2, 조각 2500, 헥환 4.7~8 이렇게 목표로 하나씩 만들려고 합니다 다들 비슷한지 궁금하네요! 무보엠 아델은 무난해보이는데 보마는 손좀 봐줘야할까요? [이미지] [이미지]",,,,,0,False
2026-07-01,0,0,기타,챌린저스 패스 물품들 본섭리프할때 가져갈수있나요?,챌린저스 패스 중에서도 2만원 과금하면 열수있는 EXP패스 있자나요 블루베리 농장 같은거요 제가 어디서 돌아다니다가 본섭에 리프할때 가져갈수있다는 댓글같은거 본적이 있는데 그게 진짜 맞나요? 오피셜인지 그냥 떠도는 소문같은건지 잘 몰라서요 소문같은거 믿고 블루베리 안쓰고 아껴놨다가 막상 리프할때 되서 못갖고 간다고 뜨면 그동안 블루베리 안쓰고 레벨업했던 시간이 아까울까봐요... 정확히 아시는분 계시면 알려주시면 감사하겠습니다,,,,,0,False
2026-07-01,0,0,기타,메이플 일반 택배가 12시간이 지났는데도 도착 안할 수 있나요?,상대방이 어제 오후 9시에서10시사이에 일반택배를 보냈다고 하고 기다리고 있었는데 아직까지 택배가 오지 않았는데 혹시 12시간보다 더 지나서 올 수도 있나요?,,,,,0,False
2026-07-01,0,0,직업,환산주스텟 헥사스킬 순서,[이미지] 현 강화랑 초기화 후랑 차이점이 뭔가요? 현재 헥사 초기화 해놓은 상태에서 마코1이랑 어센트 하나만 찍은 상황인데 마코 순서가 저렇게 다른 이유 궁금합니다! 초기화하면 현강화랑 초기화랑 완전 동일할줄 알았는데...,,,,,0,False
2026-07-01,0,0,아이템,안녕하세요. 챌섭 뉴비 질문드립니다. 과금관련,안녕하세요 챌섭부터 시작한 쌩 뉴비입니다. 챌섭에서 패스권은 다 사서 진행중인데요. 혹시 검마를 잡기 위해서는 챌섭에 현질을 어느정도 해야할지 가늠이 안가서 질문드립니다. 본섭가서는 3000억 정도 박아볼생각인데 챌섭에서는 미리 사면 호구라길래 관세때문에.. 근데 검마는 깨야겠고.. 해서 어느정도가 적정선인지.. 궁금하여 질문드립니다. 또한 템을 어느정도 템을 사야할지 ... 본섭가면 어차피 다 갈아끼워야할거같아서 지금 266인데 노말스우도 못깨고있어서요ㅠㅠㅠ,,,,,0,False
2026-07-02,1953,0,몬스터,돈 투자해서 하드 메이린 잡을만 한가요?,"본섭 매주 주간보스로 70억정도 벌리는데 챌섭캐 진심으로 키울 생각입니다. 본섭 주보돌아서 챌섭에 투자해서 하드 메이린을 잡을만큼 스펙업 한다고 가정한다면, 하드메이린 잡는 만큼 효율의 보상이 나올까요? 아니면 그냥 챌섭은 천천히 즐기고 본섭가서 제대로 투자해주는게 맞을까요? 지금 280렙 마스터까지는 찍었고, 드메 100/160 까지느 맞춰서 재획 꾸준히 하고 있어요",,,,,0,False
2026-07-02,1017,0,몬스터,이지카링은 잡았는데 유챔세렌을 못잡아요,듀블 렙285 헥사5.2입니다. 이지카링을 30초남기고 간신히깼는데 유챔세렌은 계속 트라이하고 시간다써도 2페 1/3 피가 남아요. 오리진걸고 극딜꽂아도 피가 안깎이는 느낌인데 찾아보면 다들 유챔세렌이 더 수월하다 는 의견인듯한데 전 왜 유챔세렌이 더 빡셀까요? 배율은 이지카링159 유챔세렌143 이네요,,,,,0,False
2026-07-02,609,0,기타,카유잠 잘못샀는데 방법 없나요,딱히 쓸 템도 없는데 문의하면 1번만 복구해준다거나...,,,,,0,False
2026-07-02,579,0,아이템,원본 초롱나비 로이드 얼마인가요?,10년만에 복귀해서 챌섭에서 노는중인데 메소 모으려고 옛날캐릭 다 뒤지다가 발견함 경매장에 있는건 다 생긴게 달라서요 안드로이드 가격 판별 기준을 몰라서 믈어봄..ㅠ,,,,,0,False
2026-07-02,550,0,기타,어빌리티 설정,재보상은 뽑았는데 수치들은 블서큘로 계속 돌리면서 3줄 최대옵 노리는 거 밖에 없나요? 하락할 수도 있다해서 엄청 많이 들어갈 거 같은데 이게 맞는지 궁금합니다,,,,,0,False
2026-07-02,1406,0,시세,닉넴 냉면 살 수 있을까여.. ?,ㅠ______ ㅠ.. 이뿐 닉네임하나 사서 오래 하려고했는데 메포 충전하다보면 마감되있고.. 또 잔뜩 충전해놓자니 맘에드는거 안나오면 돈날리는것 같고.. 냉면 올라왔던데 100만 안으로 될까여 허허..,,,,,0,False
2026-07-02,639,0,아이템,전투력 1100만 렌 이지윌잡을수있나요?,너무어려워서.. 아이템버닝받아야되는데 이지윌잡을수있나요? 잡아주실분 ㅠㅠ 이지윌 다음은 못잡겠죠?,,,,,0,False
2026-07-01,692,0,아이템,하이퍼버닝 동일넥슨 다른메이플아이디,260찍으면 삭제해도 보상만못받는ㄱ 아니라 하버도 못하나요 아 오랜만에 들어와서 옛날 리부트용 메이플아이디에 하버 260찍었네여 하…,,,,,0,False
2026-07-01,839,0,아이템,챌섭 보상인 리스트레인트링을 실수로 버려버렸습니다,안녕하세요 이번에 시작한 메린이인데요 보스전을 준비하다가 리스트레인트링을 끼지 않은것을 확인하고 끼니까 준비시간같은게 있더라고요 그래서 나갔다가 다시들어오려고 포탈 클릭을 연타하다가 4레벨 리레링을 땅바닥에 버려버렸습니다.. 이리저리 찾아보다가 일단 문의를 넣어놓기는 했습니다만.. 기간제아이템은 복구가 어려울거라는 이야기를 봤습니다. 혹시 복구가 어려울까요? 그렇다면 그냥 하나를 새로 사야하는걸까요?,,,,,0,False
2026-07-01,689,0,아이템,형들경매에 얼마에 올려야될까요ㅠㅠ,시세 봐도 메린이라 모르겠습니다ㅜㅜ,,,,,0,False
2026-07-01,660,0,기타,메린이 검마 솔로 첫격파입니다,찐모드구요! 데카가 갈려나갓어요 다음부터가문젠데 이젠 딜찍누로 깨는건가… 근데 보상이 진짜 하나도없네요..? 팔수있는 템이하나도 안떳어요. 아 3페 꿀팁있으면 알려주세요 진짜 너무어려웠어요,,,,,0,False
2026-07-01,733,0,기타,보마 검마 깨주실분 구함,130퍼 보마 검마 깨주세요,,,,,0,False
2026-07-01,832,0,아이템,렌 1년 정말 열심히 키웠는데 템 방향성 도와주세요 ㅠㅠ,현재 저의 템상태인데 160억정도를 모았는데 어떻게해야 좀 더 강해지는데 돈을 쓸 수 있을까용?,,,,,0,False
2026-07-01,765,0,기타,챌섭에서 퍼레이드 영구 자석펫 어떻게 수령하나요?,기존 마스코트 퍼레이드 출석 완료해서 본섭에서는 현재 수령가능한 상태이고 제네시스 패스 탭에 마스코트 출석 보상이 떠있습니다. 근데 챌섭 캐릭 (60레벨) 로 접속하면 제네시스 패스 탭에 보상이 없네요.. 뭐 우측 상단 얘기하던데 대체 어떻게 수령하나요 ㅠ ㅠ,,,,,0,False
2026-07-01,671,0,기타,쁘띠 마스코트 대행진!에서 어떻게 하면 의자를 받을 수 있나요??,쁘띠 마스코트 대행진!에서 어떻게 하면 의자를 받을 수 있나요?? 그리고 어떻게 하면 펫의 친밀도를 높일수 있나요??,,,,,0,False
2026-07-01,831,0,아이템,메린이 제네패스 어둠의 흔적 관련해서 질문,"주간 보스 12개 다 돌고 오늘 제네패스 샀는데 어둠의 흔적이 100개 밖에 안들어왔네요 노말 스우,데미안 이지 루시드,윌 이렇게잡았는데 계산하면 150개가 들어와야 하는거 아닌가요? 왜 100개만 들어온거죵",,,,,0,False
2026-07-01,738,0,몬스터,검마 연습중인데 2페 권능 때 암흑 걸리면 무적 필수임?,"녹화본 장면 따온건데 이런 경우에 어떻게 피함? 일단 해당 플레이 경우엔 어찌저찌 피하긴 했는데 영상에서는 왼쪽인게 약 1초 정도 보이긴 했는데 그 중 0.6초 정도는 사우론 눈에 가려져서 제대로 인지하기 어려웠던 상황 그나마 보인게 0.4초 였는데 플레이 당시엔 못 봤었음 결국 권능 패턴이 진행 될 때 감각적으로 왼쪽으로 빠르게 텔포해서 우여곡절 끝에 피하긴 했었음 질문하고 싶은 것은 이거임 이런 억까가 걸렸을 때, 죽는 경우인데 좀 억울하게 죽을 수 있는 느낌이 드는데 무적이 필수인 상황인거죠?",,,,,0,False
2026-07-01,890,0,시세,가엔링 인트 36% 떴는데 이거 시세가 어떻게 되나요?,형들 나 이번에 메이플 유입되서 첼섭1에서 하고있는 유전데... 가엔링 맞쳐보려고 돌리다가 인트 36퍼가 떳어요 이거 팔고 내 템 맞춰주고 싶은데 얼마에 팔아야 할까요..? 시세에도 없어서 도저히 모르겠어요 의견좀만 달아주세요..,,,,,0,False
2026-07-01,4970,0,기타,레테 헥사스텟3 질문 있어요,"헥사1 : 보마주 3 9 8 헥사2 : 크마주 7 7 6 이렇게 해버렸는데 환산 주스텟에서는 크마주,마주크,주크마 이런식으로 세 스텟을 순서 바꿔가며 찍는걸 추천해주는데 메인 스텟에는 마력,주스텟이 들어가는데 2~3번째 칸에는 두개가 안들어가요.. 어떻게 찍는게 좋을까여 형님들 ㅜㅜ",,,,,0,False
2026-07-01,486,0,기타,복귀유전데 뭐부터해야해용?,챌섭일단 키우면되나요?,,,,,0,False
2026-07-01,553,0,아이템,소울인챈터 사라지나요?,아버로 무기 업글되면 발랐던 인챈터 사라지나요?,,,,,0,False
2026-07-01,726,0,기타,"저장하지 않은 기본 성형,헤어 복구받을 수 있을까요?","처음에 가지고 있는 기본 성형, 헤어 뷰티룸에 저장하지않고 실수로 다른 헤어랑 성형으로 변경후 기본 성형+헤어가 사라져 버렸는데요 혹시 이거 문의넣으면 복구 될까요? 당황스럽네요 ㅠㅜ",,,,,0,False
2026-07-01,486,0,기타,메이플 브금 관련 질문,영상 만들거나 커스텀 게임 제작할때 브금 몇개 깔려고 하는데 사용해도 괜찮겠죠? 출처는 표기할겁니다.,,,,,0,False
2026-07-01,703,0,기타,헥사 초기화권 질문,헥사 초기화 하는게 좋은지 아닌지는 환산에서 헥사코어 초기화 후 랑 비교해보는거 말고는 없나요? 초기화 햇을때 더 쎈지 약한지 알수 있는지 궁금합니다,,,,,0,False
2026-07-01,751,0,기타,뉴비 현실적 목표 질문,2주후에 한국 가는데 그때 챌섭 시작해도 안늦나요? 현질은 안하고 시작했다가 맘에 들면 현질하려고요 목표는 챌린저입니다. 혹시 챌린저가 불가능하다면 현실적으로 가능한 목표가 어딘가요? 감사합니다.,,,,,0,False
2026-07-01,812,0,기타,환산 직업마다 배율 다름?,동일템 다른직업이면 당연히 환산이 다른거고 동일 환산 다른직업일때는 배율이 같음?,,,,,0,False
2026-07-01,780,0,아이템,캐시 잘 못 수령했는데 ㅜㅜ,캐시샵 솔에르다 3세트 (3만원어치)를 챌섭에서 구매했어야했는데 모르고 본섭 캐릭터로 구매 후 수령해버렸습니다 ㅜㅜ 사용하지않은 상태인데 고객센터에 문의하면 회수 후 챌섭에서 재구매가 가능할까요??,,,,,0,False
2026-07-01,1230,0,기타,아니 자꾸 접속중인 아이디라고 팅기는데 왜이러지,자주 그러는건 아닌데 뭐 한 몇십분마다 한번씩 현재 접속중인 아이디라고 튕기는데 왜이러지 또 바로 로그인하면 바로 로그인 되던데 껏다 키니까 미치겠네 보스전하다 몇번 튕기는거야,,,,,0,False
2026-07-01,1032,0,퀘스트,오늘 검마 솔격으로 잡아야 되는건가요?,마약 버프가 오늘 까지라 오늘 검마 꼭 잡아야 된다고 하던데 제네 해방하는 달에는 검마 솔격으로 돌아야 되는건가요? 혹시 파티플로 먼저 깨고 나중에 연모로 솔격 해도 퀘스트 완료 되는걸까요?,,,,,0,False
2026-07-01,879,0,기타,오래된 캐릭터 정리된적 있나요?,초등학생때 메이플 가이드북에 나오는 메테옹 보고 던파에 있던 레테의 강물 섞어서 카스티아 서버에 레테옹<으로 아이디 썼었는데 이번에 신캐가 레테로 나왔길래 검색해보니까 닉넴 먹혔더라구여 서버통합되서 카스티아 사라진건 알았었는데 카스티아에 키웠던 캐릭터들이 다 사라진거 같아서 오래되고 접속안한 캐릭터들 삭제된적 있을까요?,,,,,0,False
2026-07-01,2844,0,아이템,이카돌이 도시는분들 스펙 조언,"렙 280, 포스 300, 헥사스탯 2, 조각 2500, 헥환 4.7~8 이렇게 목표로 하나씩 만들려고 합니다 다들 비슷한지 궁금하네요! 무보엠 아델은 무난해보이는데 보마는 손좀 봐줘야할까요?",,,,,0,False
2026-07-01,1691,0,기타,챌린저스 패스 물품들 본섭리프할때 가져갈수있나요?,챌린저스 패스 중에서도 2만원 과금하면 열수있는 EXP패스 있자나요 블루베리 농장 같은거요 제가 어디서 돌아다니다가 본섭에 리프할때 가져갈수있다는 댓글같은거 본적이 있는데 그게 진짜 맞나요? 오피셜인지 그냥 떠도는 소문같은건지 잘 몰라서요 소문같은거 믿고 블루베리 안쓰고 아껴놨다가 막상 리프할때 되서 못갖고 간다고 뜨면 그동안 블루베리 안쓰고 레벨업했던 시간이 아까울까봐요... 정확히 아시는분 계시면 알려주시면 감사하겠습니다,,,,,0,False
2026-07-01,774,0,기타,메이플 일반 택배가 12시간이 지났는데도 도착 안할 수 있나요?,상대방이 어제 오후 9시에서10시사이에 일반택배를 보냈다고 하고 기다리고 있었는데 아직까지 택배가 오지 않았는데 혹시 12시간보다 더 지나서 올 수도 있나요?,,,,,0,False
2026-07-01,1057,0,직업,환산주스텟 헥사스킬 순서,현 강화랑 초기화 후랑 차이점이 뭔가요? 현재 헥사 초기화 해놓은 상태에서 마코1이랑 어센트 하나만 찍은 상황인데 마코 순서가 저렇게 다른 이유 궁금합니다! 초기화하면 현강화랑 초기화랑 완전 동일할줄 알았는데...,,,,,0,False
2026-07-01,797,0,아이템,안녕하세요. 챌섭 뉴비 질문드립니다. 과금관련,안녕하세요 챌섭부터 시작한 쌩 뉴비입니다. 챌섭에서 패스권은 다 사서 진행중인데요. 혹시 검마를 잡기 위해서는 챌섭에 현질을 어느정도 해야할지 가늠이 안가서 질문드립니다. 본섭가서는 3000억 정도 박아볼생각인데 챌섭에서는 미리 사면 호구라길래 관세때문에.. 근데 검마는 깨야겠고.. 해서 어느정도가 적정선인지.. 궁금하여 질문드립니다. 또한 템을 어느정도 템을 사야할지 ... 본섭가면 어차피 다 갈아끼워야할거같아서 지금 266인데 노말스우도 못깨고있어서요ㅠㅠㅠ,,,,,0,False
2026-07-01,628,0,기타,보스 프리셋 설정,입장시 자동으로 프리셋 변경기능은 없나요??,,,,,0,False
2026-07-01,783,0,아이템,형님들 가방/지갑 선택권 뭐뭐 사야하나요?,가방/지갑 선택권에서 뭐뭐 사야 하나요? 전부 다 사면 될까요??,,,,,0,False
2026-07-01,990,0,퀘스트,일퀘 깨고나서 도원경심볼만 안합쳐짐,현 280렙인데 퀵패스X 도원경심볼 제외하고는 전부 자동으로 합쳐지는데 도원경심볼만 안합쳐지고 소비창에 덩그러니 있어서 맨날 18개씩 따로잇어서 직접합쳐줘야하는데 이거 버그인가요 저만이런가요,,,,,0,False
2026-07-01,696,0,기타,혹세 이 코디아이템 목록을 알수있을까요?,이거 코디 아이템 어떤건지 알수있을까요?,,,,,0,False
2026-07-01,7062,0,기타,왜 오늘 검마를잡으라는거에여??,월간한번아니에요? 천천히잡으려햇는데 트라이도안해봣고 파티격이라도 해야되는이유가먼가여??,,,,,0,False
2026-07-01,1476,0,기타,헥사초기화 후 자전이렇게 해도 될까?,솔에르다 받는걸로 최대 소지한도 다 채우고 안쓴 조각이랑 에르다 버리고 자전하는건 가능할까? 일부는 추출하고,,,,,0,False
2026-07-01,744,0,아이템,팻장비를 어쩌지,본캐는 호영이라 공격력인데 챌섭에서3누스 있는김에 3석팻 기수 맞출려고 하는데 레테라서 마력이면 본섭가면 팻장비 손해보는거 아님? 우짜면좋을까,,,,,0,False
2026-07-01,976,0,기타,테라버닝 이후 260까지 빠르게 찍는 방법 없을까요??,"하이퍼는 다른캐릭 키우고 있고 테라버닝으로 하나 더 키우려고 하는데 구간별 효율좋은 사냥터나, 딸농같은 뭔가 방법이 있을까요??",,,,,0,False
2026-07-01,906,0,아이템,보스 배율 200퍼면,대충 10분정도 치면 잡는다고 생각하면대나요?,,,,,0,False
2026-07-01,1074,0,아이템,챌린저스 패스 경험치 획득 순서,"지금 272렙 50퍼에 exp 교환권 2000개, 블루베리 농장 6개, 사우나 2시간 있으면 어떤 순서로 하는게 가장 이득인가요?",,,,,0,False
2026-07-01,794,0,아이템,리레4렙 팔까요 갖고 있을까요 ?,"본캐 보스돌이하다 반상에서 리레4렙 먹었는데.. 고민중입니다 챌섭 레테 건너오면 줄지,, 아니면 팔고 그 메소로 다른 템 수급하는 게 좋을 지 어떤 게 더 나을까요? 레테 투력은 4100입니다",,,,,0,False
2026-07-01,793,0,퀘스트,흔적 3000개 넘겨서 300개넘게 날아갔는데 복구해줄까요?,이거때문에 한주 밀려서 일단 문의는 넣었는데 복구해줬던 사례라도 있나요..?,,,,,0,False
2026-07-01,600,0,몬스터,이지칼로스 2-1 패턴 질문이있습니다 ㅜㅠ,분명히 영상에서는 수호지대 들어갔다가 이펙트 보면 패턴 파훼된거라는데 저는 이후에 찍기하면서 피가 다시 차거든요? 아무리 영상을 다시봐도 수호지대 들어갔다가 칼로스 이펙트 보이면 4초후에 그로기가 걸린다는데 저는 아무리해도 수호지대있다가 화면공격기 보이고나서 애가 찍기하면서 죽는데 이거 제가 뭐 잘못하는게 있나요? 영상으로 봤을때는 전혀 잘못하고있는게 없는데 말이에요,,,,,0,False
2026-07-01,611,0,직업,(뉴비) 비숍 진힐라 잡을때 오버러드 마나 켜요?,오버러드 마나 엔젤레이 쓰니까 마나가 쭉쭉빠지는데 오리진 갈길때만 켜놓는건가용?,,,,,0,False
2026-06-30,655,0,시세,카에유잠만 파려는데,얼마정도가 적당할까요,,,,,0,False
2026-06-30,1023,0,기타,거탐 및 돌아가는 화살표 룬 찍계 문의,요즘 챌섭에서 채집이랑 사냥하고 본섭와서 본캐로 사냥하는데 며칠전에 채집하는데 갑자기 화살표가 돌아가길래 패치 매크로 방지 패치했나 싶었는데 본섭와서 사냥하는데 룬해방 하려는데 뜰 때부터 뭐가 불쾌하길래 찾아봤는데 찍계라고 매크로 의심 받는다는데 한적이 없는데 어떻게 해결 방법이 있을까요 ㅠㅠ,,,,,0,False
2026-06-30,631,0,기타,고민!,5년전쯤인가 268카이저를 키우다 접었습니다. 그런데 지금 복귀하고 싶은데 보니까 해방도 떠먹여주고 많이 좋아졌는데 지금...제가 현재 카이저를 버리고 새카이저를 챌섭에서 키워야될지 아니면 본섭 카이저에게 280버닝을 부여하고 제네시스 패스를 사서 해방하는게 좋을지 고민이에요... 어떻게 하면 좋을까요...? 정든 캐릭터긴하지만... 성장이 더 좋은? 효율적인? 쪽으로 조언부탁드려요... 268카이저 스펙은 대충 2000만인것 같습니다....,,,,,0,False
2026-06-30,564,0,시세,쌍드템 가격이 얼마가 정가일까요,마이스터 이어링 샀는데 제가 끼다가 나중에 돈모이면 팔고 업글하려고합니다 가횟 8남았고 22성이고 법사매물이에오.,,,,,0,False
2026-06-30,2391,0,기타,그런데요 크오솔 스인미 이런거 언제 강화해요 ?,"코강전부다 하고 올리라는 글들이많은데 코강 전부 다 했다는게 어떤상태를말씀들 하시는건지 종잡을수가없어요 직업 / 강화 / 공용 / 쓸심 까지는 이해했는데요 공용부분에서 쓸만한 스킬들 전부다 마스터를해야 코강전부다했다고 표현하는건가요 ? 아니면 공용코어 [극딜시퀀스 올릴꺼랑 외로 노바,의지,샤워,로프,파운틴 정도] 만 올려둔걸 코강 전부다 했다고 표현하는건가요 ?",,,,,0,False
2026-06-30,774,0,기타,데카아웃 클리어 질문,보스 데카아웃 되고 클리어 인정이 안되면 버스기사 무한증식한다는 건 알겠는데 그럼 데카아웃 된 사람도 보상을 같이 먹으면 문제 없는 거 아닌가요 이것도 어려우면 데카아웃 됐을 때 보상 하나도 못 먹고 도전 기회도 날아간다고 경고 문구라도 보여줘야지 어제부터 검마 10시간 정도 트라이해서 오늘 3인팟으로 깼는데 이런 줄 알았으면 그냥 6인 딜찍이라도 했지 흔적만 들어와도 만족할텐데 아무것도 안 주고 기회만 사라지니까 진짜 거지같네요,,,,,0,False
2026-06-30,646,0,기타,한 계정으로 2개서버 키울떄 장단점알려주세요,장단점 많이 알려주시면 감사합니다.,,,,,0,False
2026-06-30,681,0,기타,mvp실버인데 오늘 안쓰면 초기화되나요?,mvp골드까지 이정도 남았는데 이거 오늘 안올리면 내일 다시 실버 처음부터 다시올려야됨?,,,,,0,False
2026-06-30,512,0,기타,안녕하세요 복귀유저 챌섭 챌린지 질문드립니다,우선 261 레테 키우고있고 285 찍고 챌린지찍으려고하는데 찍으려면 패스가 필수라는데 문제는 제가 본캐가 270이라 본캐에 버닝비욘드를 했는데 이러면 패스 사도 챌린지 찍기힘든가요? 챌린지찍어야 야누스솔20렙 쿠폰이 생긴다고해서요 ㅠㅠ,,,,,0,False
2026-06-30,646,0,시세,메포는 보통 어디에 쓰나용 ?,와이프 이름이 올라와서 살려고 50만 캐시충전해서 메포로 바꿧는데.. 55만까지 올라가꼬 ㅠ_ ㅠ 후다닥 더 충전하러갔더니 끝낫네여 메포만 50만 덩그러니 남았는데 보통 뭘하면 좋을까여 ㅋㅋ ㅠ,,,,,0,False
2026-06-30,2390,0,기타,하루 사냥 최대 4~5시간이 끝임?,뭐 일일 메소 제한이 있다는데 그럼 4~5시간 사냥하면 그뒤로는 사냥하면 안되는거임?,,,,,0,False
2026-06-30,624,0,기타,상위? 중상위? 보스 팟격 어떻게 구하시나요들,곧 8만 찍히는데 림보 익검 익세 3~4인 구해야되는데 어지럽네요 파티 구하는 채널이 따로 있나요? 라운지 같은,,,,,0,False
2026-06-30,670,0,기타,안녕하세요 이번에 시즌4 유입뉴비입니다! 질문 있어요!,큰맘먹고 3석펫 이번시즌기수 질렀어요 근데 외형이 별로 맘에 안들어서 그러는데 다른 예쁜펫 외형을 덧입힐 수 있나요!?,,,,,0,False
2026-06-30,776,0,몬스터,메린이 노말세렌 이지칼로스 가능할꺼같음??,"메린이 노말 세렌 배율 165퍼, 이지 칼로스 121퍼인데 가능할꺼같음?? 검마 솔격 난이도 보다 어려움?? 검마 138퍼로 11시간 트라이 박다가 3페 개딸피 남기고 계속 리트 박아서 못깼는디",,,,,0,False
2026-06-30,1087,0,기타,챌섭 다이아 250물약,챌섭 다이아 250물약 1렙에 먹여도 250 되는건가요??,,,,,0,False
2026-06-30,780,0,기타,"전엔 경험치 bm효율표 감사하게 누가 공유해주셨었는데,","280렙 앵컴이 악몽보다 효율 좋던데, 5단계로 줄면서 메포가 줄었는데 지금도 앵컴이 효율 좋을까요? 혹시 아시는 고수분?! 감사합니다.",,,,,0,False
2026-06-30,1302,0,기타,환산주스탯 사이트 스펙업순서 보는법,저거 색깔이랑 숫자 무슨뜻이고. 무슨색이 제일 좋다는건지 설명좀 해주실분... 그리고 불꺼진건 뭐고 왜 저기까지만 불이켜져있는건지. 설명좀해주시면 감사합니다 ㅠ,,,,,0,False
2026-06-30,627,0,퀘스트,마빌 채광을 들어갈 수가 없음ㅠㅠ,튜토퀘? 같은거 다 깼는데 채집은 들어가지고 채광은 입장 목록에 뜨질 않음,,,,,0,False
2026-06-30,726,0,아이템,5석펫 질문 있습니다..,"이번에 이벤트로 받은 자석펫을 포함해서 스카니아에 5석펫을 보유 중인데요. 3석 + 2석으로 5석 효과를 받을 때, 2석펫을 재료로 사용하면 증발하나요? 그리고 나중에 월드 리프가 생기면 그때 다른 월드로 들고 갈 수 있을까요? 찾아봐도 정보가 안 보여서 질문글 올려봅니다. ㅠㅠ",,,,,0,False
2026-06-30,798,0,아이템,뉴비 자석펫 질문이있습니다,2년전에 자석펫 한마리 입양하고 오랫만에 복귀했습니다. 자석펫 세트효과 받으려면 마우스 올려서 보이는 애들 3마리 모여야지만 세트효과 받나요? 최신 자석펫 같이껴도 세트효과 받을수있나요?,,,,,0,False
2026-06-30,712,0,시세,뉴네임옥션 폰으로도 할 수있나용 .. ?,와이프 이름이 나와서 구매하려는데.. 이거 구매하려고 회사에 노트북도 챙겨왔는데 ;; 마감임박되니까 입찰자가 엄청 붙네요 다들 일할시간일텐데.. 혹시 폰같은걸루 간편하게 하는 방법도 잇눈곤가요 ?,,,,,0,False
2026-06-30,712,0,기타,파티로 연습모드 클리어해도 페이즈별 연모 열리나요?,림보 연습하려는데 혼자서 밀기엔 택도 없어서..,,,,,0,False
2026-06-30,702,0,아이템,5석펫 질문,"현재 쁘띠신야, 쁘띠파란버섯 보유중인데 버섯펫 2마리 + 아무 자석펫 1마리 이렇게 구매할까요? 아니면 기수펫 3마리 구매할까요? 한번에 안사고 한마리씩 순차적으로 구매할 예정입니다!",,,,,0,False
2026-06-30,765,0,기타,"펫 HP, MP 물약충전 스킬 질문이여 급함 !!","주는 펫 쓰다가 자석펫 3개 사서 끼워놨는데 물약을 자동으로 안먹어서 캐시샵에서 HP 물약충전, MP 물약충전 샀거든요?? 3마리 다 사나요??",,,,,0,False
2026-06-30,678,0,아이템,뉴비 제네시스 패스 질문입니다.,"금일 기준 268렙 투력 700만 레테 뉴비입니다. 본섭에 듀블 276키울때 최대 전투력 4000만에 진힐라 깨본적이 없는데, 3주차때 제네 패스 구입해도 장점이 있을까요? 검밑솔을 다 해본적이 없어 괜히 결제했다가 효과도 못볼까봐 문의드립니다!",,,,,0,False
2026-06-30,1020,0,기타,찍계 걸린것 같습니다.,방학때마다 복귀하여 챌린저스 서버에서 하고있는데 챌패스 제네패스만 사서 메제만채우고 남으면 한두캐릭 채집 또는 재획비만 만들고있는데 어제 갑자기 보호모드가 되어서 초본으로 풀고 오늘 사냥을 시작했는데 거의 30분~50분 마다 신박한 거탐만 걸리고있습니다 이건 어떻게 풀어야하나요?,,,,,0,False
2026-06-30,636,0,아이템,지금 쌍레5줄 가격이 어떤 편인가요?,시세탭 검색해보면 최근것밖에 안나와서 잘 모르겠는데 지금 템가격 무난무난한 편인가요? 아니면 챌섭거품 덜 빠졌을까요?,,,,,0,False
2026-06-30,556,0,기타,카엔슬 가능할까요,노말 풀도핑 기준 입장 오리진극딜 리레 끝나기전에 잡혀요 배율은 126퍼? 정도 나오네요,,,,,0,False
2026-06-30,760,0,퀘스트,제네 해방 조각 이거 오바될까요?,조각이 2399개 있는데 7월1일날 검마솔플하면 정확히 2999개 될텐데 여기서부터 하드스우 진행하면 하드스우 흔적은 못받는지 궁금합니다,,,,,0,False
2026-06-30,679,0,기타,메린이 헥사 스텟 질문 떡작했는데 궁금해요,"메인 스탯이 높으면 좋은 걸로 알고 있었는데 검색해보니 어떤 스탯이든 나중에는 뭐가 결국엔 좋다느니 뭐가 하나라도 10이되면 좋은 거라고 하더라고요? 메인스텟5만찍어보자하고 했는데 결국 다 강화할 때까지 이렇게 나와서 메인 스텟이 아니더라도 10에 가까운 9라도 나왔으니 좋은 건지, 아니면 초기화하고 메인 스텟 높아질 때까지 다시 찍어야 할지 궁금합니다.",,,,,0,False
2026-06-30,2163,0,퀘스트,6월에 검마 잡았는데 7월1일 검마흔적,"6월 25일에 검마 잡아서 제네패스 흔적 받았습니다 내일 7월1일 되자마자 검마 잡으면 흔적이랑 보상, 받을수 있나요??",,,,,0,False
2026-06-30,757,0,기타,닉네임옥션에 이런닉도 팔릴까요 ?,"여잗, 정잗, 보잗, 묘잗, 흉잗",,,,,0,False
2026-06-30,678,0,기타,챌섭 이칼 80퍼 나오는데 2인가능한가여?,가능하나여?,,,,,0,False
2026-06-30,526,0,아이템,메뉴비 질문입니다,1. 전투력? 5천+-가 이것저것 무난하게 할수 있는 전투력인가요?? (메벤자게 돌아다니다 보니 5천정도를 기준으로 잡으시는 것 같아서요) 2. 장비템이 기간제인데 아이템 버닝 최종템 수준은 무자본으로 맞추기에 어렵지 않은 수준인가요?? 이벤트로 뿌리는 것들이랑 메소 모아서 해보려고용.(제네패스랑 챌린저스패스 구매했습니다),,,,,0,False
2026-06-30,624,0,시세,경매장 시세탭,원래 경매장 시세 추이가 당일이랑 전일꺼 밖에 안나오나요?? 챌섭전에 얼만지 보고싶은데;;,,,,,0,False
2026-06-30,1267,0,퀘스트,280에 검마 노세 이칼까지 솔플한 챌섭분들 질문,69000점인데 1000점 다들 뭘로 채울 계획이신가요..?,,,,,0,False
2026-06-30,911,0,기타,5석펫 루나스킬 2캐릭터 사용가능한가요??,1캐릭에서 루나스킬로 5시간 날먹후 2캐릭에서 월드공유로 5시간 똑같이 날먹가능한가요 90회인가 제한있던데,,,,,0,False
2026-06-30,740,0,기타,200비약 질문 드려요,이번에 주는 200비약 스카로 가서 쓸 생각인데 이러면 스카에 캐릭 하루에 2개씩 만들어 놔야 하나요?? 비약을 챌섭에 받아버려서요 ㅠ,,,,,0,False
2026-06-30,579,0,기타,챌섭 질문있어요,"작년에 렌으로 챌썹 1~2달 하다가 접고 1년만에 복귀해서 보마로 챌썹 진행중인데 55000점까지 했거든요 제네패스, 챌린저스패스 + PLUS 구입 해방이 7월 9일쯤인가 예정이긴 한데,, 해방하면 보스가 얼마나 더 가능할지 가늠이 잘 안가서요.. 챌린저인가 하려면 무조건 현질 해야하나요??",,,,,0,False
2026-06-30,691,0,기타,이틀차 복귀유저인데 못채운출석 메포로 미는게 좋나요?,혜자면 밀까하는데 메포쓸만한가요?,,,,,0,False
2026-06-30,1943,0,몬스터,검마 솔격 4페 몇분쯤에 진입해야 깰만함?,배율 120퍼 정도에 지금 연모로 3페만 겁나게 하고 있는데 생존에만 집중해서 한 10분 언더 되는데 4페는 몇분쯤 진입해야 할만함??,,,,,0,False
2026-06-30,1295,0,직업,렌 어빌 벞지,어빌 마지막줄 벞지or공인데 벞지는 왜써요?,,,,,0,False
2026-06-30,1011,1,기타,보스 파티플레이 중 죽으면 아무 보상 못받나요?,챌린저스 서버로 메이플 유입한 뉴비입니다 오늘 밤늦게까지 검은마법사 트라이를 했는데 결국 마지막페이지 피통5퍼에서 아쉽게 죽어버렸습니다 그런데 팀원 한명은 격파 성공했다고 저도 격파처리 되더니 아무 보상도 없이 끝나버렸습니다 이런 경우에는 어떻게 해야 되나요? 어둠의 흔적을 위해 하루종일 공략보고 도전했는데...,,,,,0,False
2026-06-30,1144,0,기타,헥사 2 보통 언제여시나요?,마코 전부다 7렙 찍었는데 헥사코어 2여는건 별로일까요? 환산 주스탯 보니깐 좀 뒤에있는데 7렙부턴 뚱에르다 너무 많이잡아먹고 강화코어도 뚫으라하는거 같은데 헥사 2언제 열지 고민입니다 전투력은 4000만정도 나와요,,,,,0,False
2026-06-30,857,0,퀘스트,미션 울티마 스토리 퀘,레테 키우는데 도둑과 상인 퀘스트 하다가 평타로 못잡고 소환수가 다 잡아버려서 퀘스트 실패했는데 재시도 어케하나요ㅜ,,,,,0,False
2026-06-29,739,0,기타,헥사 2 옵션 질문,헥사2 옵션 순서 헥사1이랑 똑같이 해야하나요? 환산 주스텟?사이트에서는 첫번째줄 옵션이 보공에서 크뎀으로 바껴서..그냥 보공이 더 낫겠죠?..,,,,,0,False
2026-06-29,1904,0,직업,렌 데미지가 제대로 안나오는데 왜그럴까?,환산 8.4 카링 147퍼 도전 자꾸 딜 조금부족해서 못깨.. 이 분거보는데 좀 이상해서 이분은 3페에 어센트 전부쓸때 전체 15퍼정도 댐지들어가는데 나는 12.5퍼밖에 안까여 극딜 대미지도 별차이안나고 승화분리같은거없이 망혼만 털고 극딜들어가는데 내가 뭐 놓치는거 있을까? 연습모드라 버프도 다 들어간거고 헤카테도 켰고 저분 마약버프 적용된때라고 해도 환산차이가 큰데 렌 온오프도 없잖아?,,,,,0,False
2026-06-29,926,0,기타,챌린저스 패스 지원 물품 받았는데,명성치 이거 일요일에 어빌 50% 줄여줄때 돌릴까요? 200만 있는데 그냥 지금 돌릴까요?,,,,,0,False
2026-06-29,1962,0,퀘스트,이번에 검마를 잡았는데 지금이라도 제네 패스 늦지 않았나요?,원래는 해방 생각이 없었는데 이번에 5인파티로 검마를 잡아버려서 해방을 해야할지 말지 고민 됩니다 지금 제네 패스 사도 늦지 않았나요?,,,,,0,False
2026-06-29,7640,0,퀘스트,제네패스 플러스,1. 연모로 잡은것도 소급적용 되나요?? 2. 리워드는 순서대로 잡아야 처지인정 되나요?? 이번달 검마 2인팟해서 해방 밀린김에 친구 3인팟으로 버스?? 태워주기로 했는데 어케되나요,,,,,0,False
2026-06-29,625,0,직업,복귀한 뉴비인데 V매트릭스가 예전이랑 뭔가 바뀐 느낌이에요!,호영키우는데 직업코어랑 강화코어중에서 뭐부터 강화해야하는건가요?,,,,,0,False
2026-06-29,748,0,기타,피방보상 리프가능?,15시간코디템 챌섭에받고 나중에갖고 리프할수있나요?,,,,,0,False
2026-06-29,2351,0,몬스터,포뻥 vs 그냥 검마 잡기,"메린이 검마 솔격 트라이 박으려는데 그냥 하면 124퍼 정도임 근데 하이퍼스탯,보약+피방칭호 합쳐서 보뎀 18퍼, 뎀3퍼, 방무 11퍼, 크뎀 1퍼 줄이는 대신에 다 포스에 투자하면 포뻥 딱 되는데 피방에서 몇시간 동안 검마 트라이해야되나 생각이들어서 포뻥해서 검마 도전하기 vs 지금 124퍼로 트라이 박아보기 뭐가 더 ㄱㅊ을꺼같음??",,,,,0,False
2026-06-29,985,0,기타,챌섭 에메랄드,본섭에서 하이퍼 버닝이랑 비욘드 다 썼는데 챌섭에서 에메랄드 찍는 거 불가능 할까요?,,,,,0,False
2026-06-29,1075,0,몬스터,메린이 검마 솔격 가능함??,하드 진 힐라 배율 210퍼 연모 3트 찐모 2트해서 15분쯤에 잡았는데 검마 배율 124퍼 인데 솔격 가능함? 내일 하루종일 트라이 할 생각은 가지고 있음.. 원래 2인 트라이 모아볼려 했는데 글 찾아보니까 120퍼 메린이도 가능하다 이런 글을 봐가지고..,,,,,0,False
2026-06-29,732,0,아이템,뉴비 자석펫 질문,예전에 자석펫 뽑기한적이 있어서 본섭에 칸타빌레 딱 한마리 있는데 지금 와서 세트 맞춰주려니까 다른 애들이 250억씩 하더라고요.. 그럼 두마리 사면 500억인데.. 근데 최신 기수 애들이 한마리에 150억씩 하던데 그냥 3석펫 할꺼면 최신 기수로 맞추는게 나은거죠..,,,,,0,False
2026-06-29,787,0,아이템,환산 2.5인데,환산2.5카이저인데 4만갈라면 뭐뭐 바꿔야할까요ㅠ,,,,,0,False
2026-06-29,828,0,퀘스트,뉴비 해방패스,"강원기 디렉터 막바지에 접고 이번 첼섭으로 복귀한 뉴비인데... 어제 시작함 레벨 264이고 해방패스랑 첼섭패스 좋다해서 샀는데 해방에 대해서 1도 몰라서 공부를 하는데 맞는지 확인좀 부탁해유... 해방퀘는 지금 하드반레온 잡고 기운 500개 모으라고해서 이지루시드, 노말스데미, 노말가엔슬을 잡았고 주간보스 1마리 남아서 이지윌 도전중에 있는데 2트에서 자꾸 죽어서 계속 도전중입니다. 투력은 1200만 / 환산은 950만으로 나오네용 레벨업을 치면서 다음주부터 제 스펙으로 무슨 보스부터 돌면되는지와 이대로 레벨업만해도 첼섭끝날때까지 해방 문제없이 할 수 있는건가요...? 제가 접을때만해도 윌 하드스데미 이런애들 최소컷 스펙은 넘사여서 감이 안잡히네요...",,,,,0,False
2026-06-29,702,0,기타,메린이 아르테리아 3누스 사냥터 알려주세요,인기 많은곳도 괜찮아요,,,,,0,False
2026-06-29,930,0,아이템,챌섭 레테 시드링 질문입니다.,"어디선가 3레벨은 뭐 받고 4레벨은 뭐 받고 영상이나 글을 본 것 같은데 ㅠ 아무리 찾아봐도 안보이네요... 레테는 3렙을 뭐로, 4렙을 뭐로 받아야 하나요 ..?ㅠ",,,,,0,False
2026-06-29,3451,0,기타,검마 2인격 뉴비기준,검마 2인격 배율 163.61% 나오는데 가능할까요 둘다 뉴비입니다..,,,,,0,False
2026-06-29,875,0,아이템,검마 최소컷 템맞추기,닉 : 월급루팡두호 직업 보마 오늘 검마 트라이해보고싶은데 배율이 105퍼에요 빡숙이 아니라서 배율을 좀더 높이고싶은데 템 어떻게 맞추는게 좋을까요? 메소는 100억있습니다,,,,,0,False
2026-06-29,698,0,아이템,뉴비 챌린저 찍고싶은데 조언부탁드려요,"현재 환산 34600 정도 나오고 노말 세렌, 이지칼로스 연모로 깨놨습니다 챌린저달려면 하드 메이린 잡아야되는걸로아는데 어떤템을 바궈야될까요? 찐모는 바라지도않습니다",,,,,0,False
2026-06-29,720,0,기타,뉴비인데 지금 시작하면 이벤트 많이 늦었나요??,ㅠㅠㅠㅠㅠ,,,,,0,False
2026-06-29,988,0,기타,헥사 스탯2 썬데이 아닐때 돌려두 될까여? [챌섭메린이],이제 곧 환산주스탯에서 헥사코어2 뚫으라고 나오네요 썬데이 아닐때 하면 망하나요?,,,,,0,False
2026-06-29,671,0,시세,닉네임 문의,닉네임 받침 깔끔한 두글자닉을 올렸는데요... 그게 새벽3시에 올렸어요. 8시간 체크하고 올릴생각이엿는데 24시간해버렷어요....이러면 새벽3시에 경쟁을하는건데 엄청 싸게팔리겠죠?ㅠㅠㅠㅠㅠㅠㅠㅠ,,,,,0,False
2026-06-29,918,0,기타,로그인(웹인증) 관련 문제 도움,1. 처음 접속할때 넥슨플러그? 인가로 접속하면 접속오류가 거의 무조건 뜨면서 홈페이지로 안내함 2. 홈페이지 로그인 하고 접속하면 한 세네번에 한번 꼴로 웹 인증오류라고 뜨면서 팅김 3.한참 게임하다가 계정내 다른 캐릭터로 교체하면 접속이 안되고 로그인창으로 팅기거나 웹인증 오류가 뜨면서 게임이 꺼짐 이런 오류가 가끔도 아니고 계속 생기니까 미칠거같은데 뭐가 문제일까요.. 재설치는 두번 해봤습니다,,,,,0,False
2026-06-29,871,0,아이템,찐뉴비 2주차인데 궁금합니당!,이제 검밑솔까지 마친상태입니다~! 목표는 챌린저 한번달아보고싶은데 어느정도 장비를올려야할지 궁금합니다~! 뭘하다보니 벌써 mvp가 골드등급인데ㅠ 앞으론 최대한 덜쓰며 진행하고싶네요! 가능할까요?,,,,,0,False
2026-06-29,713,1,직업,성장 방향 좀 알려주세요,열심히 해서 렙 280까지 찍고 스샷정도 세팅했는데 앞으로 어느 쪽으로 성장 방향을 잡으면 좋나요? 검마는 파티로는 깼고 솔로는 도전 못 해봤고 세렌 노말 가봤는데 딜 부족하더라구요.... 직업은 비숍이고 검마 밑으로는 솔로로 일단 다 깼습니다.,,,,,0,False
2026-06-29,3632,0,아이템,검마 보상 미지급됐는데 ㅠ,검마 잡고 보상맵으로 이동했는데 보상도 안주고 어둠의 흔적도 안줘서 문의 넣었습니다. 문의 답변 며칠정도 걸리나요? 그리고 당연히 보상 다시 주겠죠?,,,,,0,False
2026-06-29,892,0,아이템,챌섭 유입 뉴비인데요..ㅠ,챌린저스 서버에 자석펫 준다고 다른 분 글에서 봤는데 30일 달팽이 준 거 그게 자석펫인건가요?? 지난번 봄에 버섯? 자석펫 줬었다고 하는데 생긴 게 달라서 이것도 자석펫인지 궁금해요!,,,,,0,False
2026-06-29,784,0,직업,닉네임 <랜충> 올리면 팔릴까요?,ㅈㄱㄴ,,,,,0,False
2026-06-29,1157,0,기타,닉네임 판매,함선노틸러스 올리면 팔릴까요?,,,,,0,False
2026-06-29,909,0,아이템,뉴비 현질 고민,안녕하세요 메이플 찔끔 맛보고 접었다가 챌섭 진행하고있는데요 계속 해볼마음은 있어서 제네패스 챌섭패스까진 구매했습니다 제가 자석펫은 기간제 밖에 없는 상태입니다 자석펫에 아버 끝날때 쯤 장비값 맞추는거로 현질 하기엔 너무 부담이 되는데 자석펫만 현질하면 아버 대체템은 3달안에 맞출만 할까요,,,,,0,False
2026-06-29,720,0,아이템,혹시 졸눈성형 지금은 얻을수 없는건가요??,지금은 얻을수가 없나요??,,,,,0,False
2026-06-29,938,0,퀘스트,아이템버닝 보스 난이도 높은거 잡아도 깨지나요?,지금 노말 듄켈 차례인데 하드 듄켈 잡아도 깨지는건가요 ? 퀘스트 내용은 듄켈(노말) 1인 격파 라고 명시 돼있는거 보면 노말을 꼭 깨야할거 같긴한데 하드 잡아도 깨지나요?,,,,,0,False
2026-06-29,869,0,아이템,원더블랙인지 저렴한 펫 이거 어떻게 버리나요?,"캐시보관함에서 삭제 안 되고, 의류수거함도 안 가져가는데 어떻게 제거 하나요?",,,,,0,False
2026-06-29,1671,0,몬스터,검마 잡을 수 있는 날짜가 따로 있음?,그냥 1일~31일 중 아무 때나 가도 되는 거 아니였음? 예를 들면 6월 30일 > 내일 7월 1일 이렇게 못 도는거임? 한자님 메이플 AI에 보니까 돌 수 있는 주차가 따로 나눠져있던데,,,,,0,False
2026-06-29,604,0,기타,뉴비 수로 질문드립니다.,길드가 필수라고 해서 가입하고 싶은데 수로 필수라는 길드는 수로 점수가 몇점이든 치기만 하면 되나요?,,,,,0,False
2026-06-29,2267,0,기타,검마 6인 가도 되나요?,검마 완전 처음인데 6인가면 딜찍 될까요?,,,,,0,False
2026-06-28,645,0,기타,스트라이커 메이린 질문,하드 메이린 깨려면 280렙기준 환산어느정도에 전투력 어느정도 나와야할까요..?,,,,,0,False
2026-06-28,829,0,직업,본섭 레테 하버줬는데,삭제하면 챌섭에서 다시 하버 가능한가요?,,,,,0,False
2026-06-28,665,0,시세,메소팔거면 챌섭이 좋나요 본섭이 좋나요?,뉴비입니다 . 딱히 공지봐도 이런글 쓰면 안된다는게 안보여서 질문해요 mvp작을 처음으로 해볼건데 할거면 챌섭에서 하는게 좋을까요 아님 본섭에서 하는게 좋을까요? 챌섭은 챌2에요. 100억정도만 팔 예정이에요,,,,,0,False
2026-06-28,1218,0,기타,카이 공략 질문,뉴비입니다. 이지 윌 까지 진짜 어렵게 잡았는데 카이 공략 영상을 10번이상 돌려보고 연습중인데 커다란 벽을 느낍니다. 클리어할 수 있다는 희망이 산산히 부서지는 중입니다. 전투력 2200만대 레테입니다. 팁좀 주세요. 영상보면 1000만으로도 잡던데 이건 패턴 진행도가 너무 빠른데다 정신이 없습니다.,,,,,0,False
2026-06-28,668,0,아이템,카유잠,세부위중 어디에 바르는 게 좋을까요? 눈장식이랑 벨트는 한다면 다른 아이템 사서 바를 것 같아요,,,,,0,False
2026-06-28,830,0,기타,검마 2인으로 가도 되나요 ?,해방 빨리하고 싶은데 2인으로 가도 기운 주나요 ?,,,,,0,False
2026-06-28,2043,0,기타,누가 메이플 접는건 능지순이라 했는데...,"정말이다... 내가 처음 메이플 접한게...2004년 중2 봄에 친구들과 500원 pc방에 갔을때인가 그럴거고... 일 때문에 출장에 가느라 접속을 안한것이...2026년 3월.... 2026년 6월 24일 레테 만들고 게임을 즐기다가 토요일 동전꼽아 정지를 당하고 나니까... 처음에는 열받다가... 진짜 오래간만에 집 대청소를 하고 시계를 보니까...그래도 12시 더라고 그러다가 왜 정지를 먹었을까...진짜 동전인가... 하고 고객센터 문의하고 글 찾아보고 하니까...비정상적인 기록 탐지더라고 그게 반복적인 키 입력, 매크로 탐지 등등 근데 나는 매크로를 쓸줄 모르니까 패스 아 동꼽하네.ㅋㅋㅋ ㄴ 반복적인 키 입력이긴 하는구나? ㄴ 재밌는건 겨우 2분 썻는데 정지임ㅋㅋㅋㅋㅋ 나랑 같은 사람이 많더라고 ㅋㅋ 아무튼 점심 먹고 분리수거 해도 책읽고 영화보고 집오니까 18시 30분 넘어서 인벤에 물어봐야겠네...하고 올리고 나서 저녁 먹고, 씻고 하니까 자고 일어났는데... 몸이 개운하더라고....평상시처럼 숙제 하려고 4시에 안일어나도 되고 아주 푹 잤어 그렇게 6시에 일어나서 샤워하고 아침 식사준비도 해보고 침대도 정리하고 했는데 8싴ㅋㅋ와 적응 안되더라고;;; 온종일 메이플에만 신경쓰고 밥하는거 커피타는거 등등 자잘한걸...안하고 메이플에만 쏟아부었거든 내인생을?? 28케릭, 2계정 숙제하고 보스돌고한 내 인생이...먼가 좀..한심스럽더라... 아 주말이 이렇게 길었나...아니 내 주말은 이렇게 소중했나... 지금 내 메창인생 22년??중간에 접고 했어도 22년은 메이플을 한거 같은데 2주간 정지라...한번도 이벤트 출석 놓친적 없는데... 강제 놓침이라...먼거 현타가 씨게와요 갓창섭 갓창섭이지만...이런 매크로??탐지는...역시 진짜 신급은 안되나봐요 메이플 인생 탈출 합니다... 인제 2D 말고 3D를 살아가보려 합니다 메창님들 화이팅 하십쇼!!",,,,,0,False
2026-06-28,873,0,퀘스트,지금 제네패스 검마솔플까지 했으면 어둠의흔적 어디까지인가요?,첫주에 안하고 둘째주에사서 소급적용 받긴 했는데 윌격파 / 흔적 80/1000 이상태가 맞는건가요?,,,,,0,False
2026-06-28,695,0,시세,지금 드메 현질해서 살만한 가치 있나요??,뉴빈데 하루 1시간은 사냥합니다.,,,,,0,False
2026-06-28,682,0,기타,버닝비욘드 새로 만들기 가능한가요,직업 잘못고른거같아서 그냥 버리고 새로 하고싶은데 이전보상 못받는건 그러려니하겠는데 아이템버닝 안되나요?,,,,,0,False
2026-06-28,694,0,기타,블루베리 농장 마리수 얼마나됨?,옛날에 메카베리는 원격으로 하니까 1만 마리 넘어서 개 손해봤는데 블루베리도 마리수 1만 넘음?,,,,,0,False
2026-06-28,763,0,아이템,혹시 챌섭 진라벨 경험치 코디템 4부위 다 사는거 어떻게 생각하시나요?,안녕하세요 메이플 시작한지 이제 12일된 뉴비입니다 3개월동안 추가 경험치 100퍼가 좋아보여서 구매하려고 하는데 첨에 패키지로 나왔을때보다 가격이 너무 비싸서요 목표는 챌섭 끝날때까지 쭉 달려서 285찍는겁니당,,,,,0,False
2026-06-28,846,0,기타,이게 무슨 소리인가요??,어떤 분 챌섭 6주 계획? 이런거 보고 있는데 2주차에 하드 검밑솔 + 노멀 메이린 + 하드 검마 2인 3주차에 하드 검마(솔로) 라는데 검마는 월간 보스 아닌가요??,,,,,0,False
2026-06-28,767,0,아이템,야누스 강화 질문,솔 야누스 20렙 강화권에 대해서 질문이 있습니다 챌린저 달성후 받을 수 있는 20렙 강화권에 사용기한이 있나요? 3석펫과 30누스 달성이 목표입니다 우선 자석펫을 사려고 돈을 모으고있는데 강화권에 사용기한이 있다면 지금부터 천천히 22레벨을 찍은 다음 강화권을 쓰고 기한이 없다면 우선 3석펫을 살때까지 돈을 모은다음 강화를 진행하고싶습니다,,,,,0,False
2026-06-28,871,0,몬스터,레테로 노멀 메이린 잡으려면 투력 얼마나 필요한가요?,지금 보니까 포뻥 없는거 고려한 체력이 160조 정도 되는거 같던데 다들 투력 몇 정도에 잡으셨나요?,,,,,0,False
2026-06-28,1899,0,기타,스펙터블래스트 경험치 보상 관련,"레벨이 높을수록 보상 효율이 좋아지는 건가요? 즉, 레벨 비례 보상일까요? 경험치 통에 비례한 보상이면 주마다 가장 늦게 수요일마다 하는 것이 이득일까요?",,,,,0,False
2026-06-28,622,0,아이템,얼마정도할까요??,금액좀알수있을까요?,,,,,0,False
2026-06-28,763,0,기타,혹시 썬데이메이플 다음주에도 또하나요??,어빌리티 돌리다가 포인트 다썼는데 원하는게 안떠서 망했거든요... 담주 챌린저스 패스 보상으로 명성치 주던데 그거 아껴놨다가 이이벤트 또하면 할까 하는데 다음주 일요일에도 또하나용'??,,,,,0,False
2026-06-28,868,0,기타,헥사 떡작 574면 마저 할까요 아님 선데이 기다릴까요,"환산 사이트 보면서 헥사코어업 중인데 곧 헥사 2 떡작차례인데 아직 헥사1이 574라 선데이를 기다리고 한방에 1,2 끝낼지 아님 1은 지금 20렙 달리되, 헥사2를 메인 5렙 찍힐때까지만 작을 할까요",,,,,0,False
2026-06-28,532,0,시세,언더컨하트 살려는데 골라주실분 계실까요?,지금 보고있는하트가 이정도인데 노관세매물중 유저분들이라면 어떤걸 사실꺼같나요? 1. 480억 2. 530억 3. 500억 4. 550억,,,,,0,False
2026-06-28,612,0,기타,메이플 친구찾기같은 글 올릴수있는곳 따로 없나요??,요번에 챌섭열려서 다시 메이플 시작해서 지인들이랑 챌4섭에서 하다가 지인분들 접거나 바빠서 계속혼자하다보니 너무 심심해서 같이할분 찾아볼려고 인벤왔는데 길드/친구찾기 글올릴려면 인벤 10레벨이여야되서 꾸준히 출석이랑 마블하는데도 오래걸려서 혹시 따로 메이플 같이 할사람 찾을수있는 사이트가있을까요?.. 계속 혼자하니 너무 심심하기도하고 모르는게 많은데 물어볼 지인도없고.. 메린이 도와주세요..ㅠㅠ,,,,,0,False
2026-06-28,523,0,퀘스트,해방 질문 ㅠ,이번주에 검마솔플 및 검밑솔 솔플하고 퀘스트진행도가 데미안퀘에 975/1000인데 다음주 7.2에 해방가능한건가요?..... 총3025개가 필요한거같은데 잘 몰라서 물어봐요 !!!,,,,,0,False
2026-06-28,589,0,기타,보스전에 아바타 나오는거 끄는방법 있나요?,이 알림 못끄나요? 이게 패턴 가려서 너무 거슬려요,,,,,0,False
2026-06-28,533,0,기타,태블릿으로 넥슨링크 사용하는분들 궁금해요~,"온누리 환급해주는김에 갤탭하나살려고하는데 s10fe+ s11 이렇게 둘 고민중입니다. s10fe+가 화면이 커서 땡기는데, 성능은 좀 딸리는거같아서 고민이네요! 사용하시는 모델 사양따라서 버벅임이는거 있을까요? 휴대폰으로했을땐 그냥저냥 할만했어요.",,,,,0,False
2026-06-28,1416,0,아이템,뉴비 사고쳤는데 이럴때 어떻게해요 ? (보스 보상),"안녕하세요... 너무 오랜만에 공팟짜서 가가지고 어떻게 보상나누는지 기억이 안나서 이런 일이 생겼습니다.. 챌2섭 검마 하드 4인 공팟으로 갔고, 제가 파장이었습니다. 어찌저찌 클리어하고 보상방에서 제가 상자를 깠는데, 창뱃은 안나왔구요, 일반보상들만 드랍됐습니다. 파티원 분들은 왼쪽으로 벽에 붙어서 블링크 준비하신거같았는데, 여러가지 기억들이 섞여가지고 생각을 잘못해서 일반보상들을 다 주워먹어버렸어요... 그리고나서 파티원분들이 블링크안하시냐 물어보시고, 자기들은 괜찮다고 말하고 떠나셨는데 마음이 불편하네요. 금전적인 가치로는 어느정도 나오나요? 퀵으로라도 보내드리려구요 ... XX키링 님 XX고 님 XXTi 님 죄송합니다 ㅠㅠㅠㅠ",,,,,0,False
2026-06-28,708,0,기타,닉네임 살까?,치킨 두번 안먹고 닉 살까 고민중,,,,,0,False
2026-06-28,2383,0,기타,검마 배율 400퍼 나오는데,극싸튀로 깰수있음?? 윈브임 포뻥은 못받고 최소 포스는 맞춤,,,,,0,False
2026-06-28,965,0,아이템,검밑솔 돌이 정도로만 할려는데 스펙을 어느정도 잡아야하나요,작년 렌 출시때 챌섭하다 리프한 캐릭인데 검밑솔 정도로만 스펙맞추고 나중에 점차 업글해나가는 식으로 하고싶어서 세팅을 어느정도로 하는게 좋을까요 검밑솔 다도는데 1시간이여도 상관없고 돈은 적게 쓰더라도 쾌적하게까진 아니여도 적당히 깰 수 있는 스펙까진 맞추고 싶습니다,,,,,0,False
2026-06-28,614,0,아이템,작 관련해서 질문해 봅니다,현재 이걸 끼고있는데 작이 무슨작이 된지 모르겠더군요 그냥 밀고 놀긍 떡작하는게 좋을까요?,,,,,0,False
2026-06-28,619,0,기타,보스파티구하는곳 어디서 보면 되나요?,검마 파티 구해서 트라이좀 해볼까 하는데 검색해보니 '츄츄지지'란곳도 있고 하던데 혹시 제일 활성화 되어있는 곳이 어디인가요?,,,,,0,False
2026-06-28,619,0,기타,뉴비기준으로 해방하면,제네패스 산 기준으로 몇주정도 걸릴까요? 지금 보스 전투력은 2060만입니다 노말 듄켈까지 잡았어요,,,,,0,False
2026-06-28,619,0,아이템,템 스펙업을 어케 해야하지 모르겠어요,레테로 복귀해서 열심히 달리고 있는데 지급된 보스장신구를 어떤식으로 바꿔가야할지 모르겠어요 조언 부탁드립니다 ㅠㅠ 항상 여기가 막막해요,,,,,0,False
2026-06-28,668,0,기타,뉴비 이거 오리진 버그인가요???,오리진만 사용하면 보스때 소리가 너무 줄어드는데... 몰입이 너무 깨지네요 ㅠㅠ 보스 치는 거는 재밌는데 이거 왜이럴까요?? 저만 이러는 건가요 아니면 원래 이런가요??,,,,,0,False
2026-06-28,1737,0,기타,환산주스텟 솔플여유컷 질문,환산주스텟에서 솔플여유컷 220퍼 정도인데 첫 극딜(오리진 포함) 9퍼정도 깎는게 맞나요? 여유컷인데 20분 풀로 쳐야 잡을거 같던데 버프가 부족한건가요? 반빨별 이런건 무조건 들어가서 여유컷으로 뜨는건가...,,,,,0,False
2026-06-28,573,0,기타,파티는 어디서 구하나요?ㅠ스카 검마 2인 팟 구해요..ㅠ,파티 모집하거나 확성기 밖에 없는거죠???,,,,,0,False
2026-06-28,708,0,퀘스트,레테 퀘스트 문의,다른 캐릭 키우느라 일단 본섭에 레테 250작 했는데 이지 루시드까지ㅜ클리어하려면 템을 사서 맞춰여하나요…? 조언 해주실분 ㅠㅠㅠ,,,,,0,False
2026-06-28,1045,0,아이템,메메 데브펜 25억에 주웠는데 나름 잘 산거 맞죠?,ㅈㄱㄴ,,,,,0,False
2026-06-28,622,0,아이템,템 둘 중에 뭐가 좋을까요,"각각 21, 20억 인데 살만할까요 챌섭입니다",,,,,0,False
2026-06-28,2600,0,기타,심볼 현상금 주화 상점으로 땡기는건 별론가요?,현상금 주화 상점에서 심볼 선택권 29개 살수있는데 경치 4배 쿠폰 다 샀고 이외에 혹시 사야하는 중요한 템 있을까요?? 남은 걸로 다 사면 심볼 6종 17>18 가능한데 좀 그렇겠죠...? ? 검마 트라이 가고 싶은데 심볼 업글 해야하는 거 같아서 고민됩니다,,,,,0,False
2026-06-28,717,0,기타,본메 챌섭 하는데 궁금헌것좀..,매린이 난생 처음 본메 첼섭 하는데 중간에 겹사 박는 사람이 많더러구요. 본메는 겹사 박아도 괜찮나요??,,,,,0,False
2026-06-28,971,0,기타,몬파 핸즈가 안 되는데,챌섭 캐릭 몬파핸즈 돌리려는데 캐릭터정보를 어쩌구 이게 접속종료한지 한시간이 넘었는데도 계속 뜨고있는데 이거 해결법 있나요 ㅜㅜ,,,,,0,False
2026-06-27,823,0,기타,자석펫 4마리 이상쓰면 화면에 다 보이나요?,자석펫 6마리 쓰면 화면에 6마리 다 보이는건가요?,,,,,0,False
2026-06-27,557,0,기타,안녕하세용,"6년만에? 다시 할려고하는데, 챌린저스 서버에서 하루 1~2시간정도씩 플레이한다고하고 무자본이면 본섭왔을때 보스 어디까지 가능할까요?",,,,,0,False
2026-06-27,2832,0,시세,뉴비 템 호구당한건가요ㅠㅠ퓨,챌섭에서 이거 관세포함 88억주고 샀는데 친구가 호구라더라구요ㅠㅠ 진짜 덤탱이 씌인건가요...하...ㅠ 메수라이브도 안들어가서 기댓값도 모르고 샀는데 ㅠ,,,,,0,False
2026-06-27,701,0,기타,명장 달고 일정시간이상 제작 안하면 떨어진다던데 맞나요?,뉴비라서 잘 몰라서요,,,,,0,False
2026-06-27,538,0,기타,혹시 인벤에 템 판매글 작성해도 되나요?,제목 그대로 아이템 경매장 판매글 작성해도 되나요? 공지를 어디서 보는지 몰라서 질문 게시판에 먼저 물어봅니다.,,,,,0,False
2026-06-27,641,0,기타,뎀스 슬롯 어디서안파나요,저의 쑥쑥 새싹 뎀스가 소비창에서 뒤질라카는데 데일리기프트말고 진짜없나,,,,,0,False
2026-06-27,1045,0,직업,메이플 뉴비 챌린저스 서버 레테 꼭 해야할까용?! ㅠㅠ,아주 옛날에 했던 사람입니당 ㅠㅠ 요즘에 메이플 영상이많이떠서 다시 챌린저스로 시작해서 복귀하고 싶은데 레테 캐릭터가 요즘에 새로 나와서 레테를 꼭해야하는지?...(예를 들어 이벤템이나 이벤트로 인해서..) 아니면 제가 하고 싶은 직업으로 해서 챌린저스를 하다가 다른서버로 가도 충분한지 여쭤보고싶어서요!,,,,,0,False
2026-06-27,623,0,기타,닉네임 옥션 질문입니다!,스카니아에서 닉을 올리고 동일 계정의 챌섭 캐릭으로 접속해서 챌섭에서 구매 후 다시 스카니아 서버에 캐릭 중 하나 선택해서 구매한 닉네임으로 교환 가능한가요?,,,,,0,False
2026-06-27,619,0,아이템,누비 두개만질문좀,1. 전투복이랑 스라벨이랑 능력치 뭐가더좋음? 2. 프리셋하면 스라벨 능력치용 / 능력치받으면서 따로 코디가능함??,,,,,0,False
2026-06-27,1719,0,기타,15일 이용 제한을 받았는데 사유가....,"오랜만에 복귀 유저입니다.. 메이플 접속하고 레테 만들고 스토리 보면서 하다가 오늘 6시 접속해서 2시간 사냥해서 레벨업 하고 잠시 crtl에 동전 꼽고 커피타고 (1분 걸렸나?) 오니까 이용제한걸려있는데.... 1대1 문의하니까 비정상적인 기록 탐지, 자세히 물어보니까 반복적인 키 입력이라는데... Ctrl에 동전꼽는거 인제 안되는건가요??",,,,,0,False
2026-06-27,633,0,아이템,메린이 템 어떻게 바꿔야될까요,연습모드로 머리박으면서 세렌 밑으로는 잡아놨는데 제가 못하는건지 세렌이 너무 쌔서 안잡혀요 어떤 장비를를 바꿔줘야될까요? 어느장비부터 바꿔야되는 순위도 알려주시면 감사하겠습니다!,,,,,0,False
2026-06-27,930,0,직업,헥사 선데이 기다리는게 맞겠죠?,"헥사1단계 이렇게 나왔는데 썬데이 존버인가요? 환산따라가려면 2단계 떡작까지 해야되는데 ,....",,,,,0,False
2026-06-27,881,0,퀘스트,해방 어둠의 흔적 질문,"이번주에 노말 더스크 잡고 나중에 연모로 카오스 더스크 잡으면, 나중에 잡은 카오스 더스크 어둠의 흔적은 안들어옴?",,,,,0,False
2026-06-27,596,0,기타,도원경 사냥터 질문,참혹한 흔적의 겨울2가 더 효율이 좋나요 아니면 빛이 약한 여름4가 더 좋나요??,,,,,0,False
2026-06-27,924,0,아이템,흙테르넬 vs 아버 장비,흙테르넬 12성 정도만 띄워서 8셋 착용해보려고 하는데요 포도둘둘로 아버셋보다 세질 수 있을까요?,,,,,0,False
2026-06-27,711,0,직업,와헌 준극딜?,극딜만쓰고 준극딜처럼 인팬트리쿨 안돌리면 딜로스 많이나나요?,,,,,0,False
2026-06-27,700,0,기타,MVP 유지 기간이 궁금합니다 !,제가 오눌 60만원을 캐시사용해서 골드가 되었는데 이 등급을 유지하려면 다음주부터 매주 60만원÷13주 금액을 사용해야하는건지 아니면 13주동안은 골드가 유지되는건지 궁금합니다 ^^,,,,,0,False
2026-06-27,683,0,몬스터,진힐라를 못잡겟어여,챌섭 투력 2200만 찍은 팬텀인데 노말진힐라 패턴은 다 피할수있는데 딜이 안나옴이거 20분치면 중간에 세이람 끝나서 딜 애매하게 안됨 너무 힘든데 방법 잇을까요 가엔이라도 만들어야하나,,,,,0,False
2026-06-27,761,0,아이템,메린이라서 이거 얼마에 팔아야하는지 모르겠어요 도와주세요 ㅠㅠ,이거 예전에 사논건데 얼마인지 모르겠어요 ㅠㅠ 도와주세요,,,,,0,False
2026-06-27,793,0,몬스터,원래 보스 배율보다 훨씬 느리게 잡아지는게 정상임??,"메린이 인데 보스 배율에 비해서 잡는시간이 너무 차이남;; 카더랑 하윌 잡았는데 카더는 배율이 한 200퍼 됐는데 4~5분 남기고 잡았고 하윌은 209퍼 정도였는데 이것도 4~5분 남기고 잡았음 근디 패턴 숙지 잘 안됐고 딜 넣는거 잘 모른다도 있다고 생각하는디 하윌은 차피 체력컷 있어서 오래 걸려도 이해하는데 카더는 분명히 눈열리기 전에도 평딜 계속 때리고 눈 열릴때마다 극딜, 준극딜 계속 박았는데도 이렇게 까지 차이나는거면 내가 이상하게 하고 있는거임?? 이번주 목표가 검밑솔에 노멀 메이린, 빡세게 해서 가능하면 검마 1~2인이 목표인데 다른 사람들보면 한 100~120퍼 정도면 20분 다 채워서 깰만 하다는데 나는 그럴 엄두가 안남;;;",,,,,0,False
2026-06-27,889,0,아이템,200억으로 스펙업 vs 드메 맞추기 뭐가 좋을까요?,현재 보스컷은 이렇게 나옵니다..... 한부위 정도 맞춰서 세렌 검마를 200%정도로 끌어올리고 나머지 드메 맞출까요.....??,,,,,0,False
2026-06-27,681,0,시세,"""마븝사"" 닉 얼마 정도 할까 ?",판매중인데 얼마나 하려나,,,,,0,False
2026-06-27,800,0,기타,Mvp레드,현재 엠비피 골드 등급유지 13만원인데 레드까지 갈라면 얼마를 질러야 되나용?,,,,,0,False
2026-06-27,604,0,아이템,아이템버닝 질문이요..,템창 정리하다가 실수로 아이템버닝 무기를 버린 것 같은데 복구할 수 있는 방법이 있을까요…??,,,,,0,False
2026-06-27,2116,0,기타,mvp 등급별 무슨 혜택이 있는거에요?,MVP 브론즈 MVP 실버 MVP 골드 MVP 레드 MVP 블랙? 5등급이에요? 무슨 혜택 있는지..어디서 봄..,,,,,0,False
2026-06-27,1200,0,몬스터,혹시 검마 20분 되면서 바뀐거 있나요?!,검마 처음으로 도전하려고 유튜브 보고 공부하려하는데 20분화 되면서 패턴 바뀐게 있나요?? 아니면 옛날 공략 영상 그대로일까요?,,,,,0,False
2026-06-27,792,0,퀘스트,제네시스 해방 퀘스트 관련 질문입니다 [메린이],"혹시 이번주 주간처치 보스를 12마리 제한을 채워서 매그너스를 제네시스 모드로 못잡으면 망한건가요? 제가 실수를 했습니다 이미 카오스 자쿰과, 파풀라투스, 벨룸을 잡아버려서 매그너스를 잡으려면 카엔슬이나 노말메이린을 포기해야 할것 같습니다",,,,,0,False
2026-06-27,5845,0,기타,제네 해방 어둠의 흔적 연습모드,패치해서 연습모드로 어둠의 흔적 얻을 수 있다는데 맞나요?,,,,,0,False
2026-06-27,782,0,아이템,자석펫(6석) 질문,"본캐가 렌이고 자석펫은 버섯 3석 (펫장비 공격력) 으로 맞췄는데, 예를들어 8기 세트 세 마리를 4,5,6석 으로 추가로 맞춘다 라고 가정했을 때 이때 8기 세 마리의 펫장비를 '마력' 으로 맞춰도 될까요? 혹시 나중에 법사 캐릭 키울때를 대비해서 4,5,6석에 들어가는 펫장비는 마력으로 맞춰놓을까 해서요. 4,5,6석의 펫장비 효과는 적용X 단, 루나 쁘띠 스킬(공/마 +15,+15,+30)은 적용O 이게 맞는지 궁금합니다!",,,,,0,False
2026-06-27,806,0,기타,ㅈ됐슴다,하버 아버 명의당 1개인줄 모르고 안쓰던 계정에 줬는데 이 계정 탈퇴하면 다시 하버 아버 주나요?,,,,,0,False
2026-06-27,1077,0,기타,제네시스 패스 어둠의 흔적 질문,안녕하세요 챌섭 에서 제네시스 패스 매그너스 까지 잡았는데 어둠의 흔적이 부족해서 다음단계로 못 넘어가고 있습니다 주보 잡을수있는거 다 잡았는데 이러면 검마 버스 받아야 할까요?? 검마 버스는 어디서 구하나요?,,,,,0,False
2026-06-27,608,0,기타,닉네임 판단커피 이런건 안팔리겠지??,예전에 닉네임 뭐하지 하다가 먹던 커피 이름이라 했는데 ㅋㅋㅋ,,,,,0,False
2026-06-27,722,0,기타,테라 200찍는데 얼마나 걸려요? 첼섭기준,테라 200찍는데 얼마나 걸려요? 첼섭기준으로 궁금합니다 테라버닝은 예전처럼 사냥해서 올리나요?,,,,,0,False
2026-06-27,648,0,몬스터,테토 빌드 흉성 맵옮기는 타이밍을 모르게쏘요,"1. 흉성들어가자마자 극딜하고 첫구슬터트리고 바로 맵 넘어가야하나요, 아니면 노랑게이지 다떨어트린다음 폐허로 넘어갈까요 2.폐허에서 최종댐 받으려고 노랑게이지 끝까지 채우고 다음구슬턴에 환영으로 도망가야하나요?, 아니면 75퍼정도 차면 왼쪽제단풀고 환영으로 도망가야하나요? 3.폐허에서 최종댐 받고 극딜하려면 넘어가는 타이밍을 언제 잡아야할가요",,,,,0,False
2026-06-27,855,0,기타,메이린 망토 프리즘,메이린 망토에 컬러링프리즘 하고싶은데 라벨아이템이 아니라면서 안되는데 어떻게 하는걸까요?,,,,,0,False
2026-06-27,1111,0,아이템,놀긍 60퍼 작 해도 되나요?,전투력 4000만 되는 마법사 뉴비입니다. 경매장 보면 놀긍 100퍼는 1억 넘는데 60퍼는 5만 메소 정도밖에 안 하더라고요. 이유가 있나요? 주흔 15퍼 작 하려다가 놀긍 1작에 나머지 주흔 15퍼작 해보려고 합니다. 놀긍 100퍼 작 할 돈은 없어서 60퍼로 이노 바르면서 해보려고 하는데 가능한지 여쭤봅니다.,,,,,0,False
2026-06-27,860,0,시세,마라벨 가격 어디까지 떨어질꺼같음?,"전에 신발 망토에 헤어까지 뽑아서 나머지 무기, 옷, 모자만 사면 되는데 가격 자꾸 떨어져서 그러는데 보통 어디까지 떨어짐? 지금 각각 11억,13억,13억임",,,,,0,False
2026-06-27,666,0,기타,검은화면 증상 해결법 아시는분 계신가요,해상도 변경시 검은 화면은 아니고요 그냥 가만히 있는데 시도때도 없이 검은화면이 뜹니다 아예 화면 전체가 검은화면으로 바껴서 조작도 안되구요 결국 본체 강종하고 다시 켜야합니다 소리는 들리고 모니터도 켜져는 있는데 화면이 검은색으로 바뀌네요 그래픽카드 드라이버도 지웠다가 최신 버전으로도 다운로드해보고 지웠다가 안정적이라는 구버전으로도 해보고 다시 지웠다가 최신버전 그래픽 드라이버로 바꿨는데도 그대로네요 메이플만 이러는데 미치겠네요,,,,,0,False
2026-06-27,751,0,기타,저 뉴빈데 환산주스탯 이랑 하이퍼스탯 양이 달라요,환산주스탯에서 찍으라는거 찍는데 포인트가 부족해서 왜 부족한지 알고싶습니다.,,,,,0,False
2026-06-27,898,0,기타,헥사 떡작 질문이요!,님들 이거 헥사 메인코어 20퍼증가 이벤트 할때까지 기다리는게 좋나요?,,,,,0,False
2026-06-27,2839,0,시세,리사 <<닉네임을 이번에 올려볼까하는데,얼마정도가 적당할까요?,,,,,0,False
2026-06-27,992,0,아이템,제가 어비스를 사려고 돈모으는 중인데요,"얼마 전 풀었던 무료 영구자석펫을 이번에 아예 판매하길래 마음이 흔들리네요... 참고로 어비스는 절대 포기할 생각 없습니다. 수중에 가진 돈은 55억뿐이며 현질할 형편이 단 1도 안되고 게임아이템 현거래 능력도 전혀 없어요. 무슨 말을 하는지 모르는 분들을 위해 적자면, 계속 모아서 펫 먼저 사고 어비스 구매를 두번째로 미룰지 펫은 그냥 포기하고 어비스만 사고 끝낼지 고민인것... 참고로 메생 처음으로 영구자석펫을 써봤던 경험담입니다 어차피 형편이 안되어 기존펫으로 돌아갔었네요",,,,,0,False
2026-06-27,927,0,아이템,뉴비 페어리하트작 질문있습니다,레테키우면 마력 30퍼로 10번 붙이면 되나요?,,,,,0,False
2026-06-27,666,0,기타,환산 사이트 궁금한점 있습니다,정말 오랫동안 안하다 메이플 와서 환산 사이트에서 이렇게 투명한게 뭔지를 모르겠네요 추가로 헥사3 안뚫었는데 헥사3 언제 뚫으라는 표시가 없어서 헷갈리네요 도움 부탁 드립니다,,,,,0,False
2026-06-27,1021,0,아이템,메이플 부캐는 275 의자 못얻나요?,옛날에 하다 이번에 복귀한 사람인데 본캐에 275 의자를 얻었는데 부캐는 못얻나요? 전구퀘스트에 의자 얻는 퀘스트가 없네요 ㅠㅠ,,,,,0,False
2026-06-27,911,0,기타,뉴비 익스트림 성장의 비약 질문,"안녕하세요, 챌섭에서 처음 메이플 시작하는 뉴비입니다. 어디에서 받았는지는 기억이 나지 않지만, 인벤에 익스트림 성장의 비약 3개가 있고,, 해당 비약이 6월 27일, 금일 23시까지 사용이 가능하다고 합니다. 그냥 버리기에는 좋은 아이템 같은데, 어떻게 사용해야 할까요?",,,,,0,False
2026-06-26,1830,0,아이템,챌섭 자석펫 더 안뿌리겠죠?,지금 자석펫 유효기간이 7월이던데.. 더 안뿌리겠죠?? 사먹어야겠죠? ㅠ,,,,,0,False
2026-06-26,903,0,기타,민생 드랍률 제가 아는게 맞나요?,24퍼 드랍률을 기본으로 줘서 민생 24 + 쓸심24 + 어빌20 이렇게 하면 67%이상 되는거 맞죠?,,,,,0,False
2026-06-26,963,0,아이템,페어리 하트 관련 질문입니다.,늅늅 질문 좀 하겠습니다. 이번에 페어리하트 2개 주는데 플라즈마 받기 전까지 하나 순백하면서 30퍼 완작하고 쓰면 되나요?,,,,,0,False
2026-06-26,833,0,기타,사냥 중 튕김 현상,"대략 한달 정도 전부터 사냥터에서 몹이 멈추고, 튕기는 현상이 계속 발생을 하네요.. 혹시 관련해서 아시는 분 있으실까해서 글 올려봅니다.. 사냥할때만 발생하며, 보스, 마을 등에서는 렉도 거의 없다시피해요.. 노트북 스펙은 대략 이렇게 되구요, 인터넷 문제는 아닌것 같은게, 전에 쓰던 노트북으로 켜서 사냥해보면 비슷한 문제가 전혀 안생기거든요 게임 재설치, 포맷, 메이플 호환성 변경, 우선순위 등등 여러가지 방법을 시도해봤지만 별 수가 없었습니다.... 이것 때문에 메이플용 컴퓨터를 사야할까도 고민중입니다. 관련해서 아시는 분 있으시면 제발 도움부탁드립니다.. 영상도 있긴한데 닉네임이 같이 있어서 올리진 않았습니다.",,,,,0,False
2026-06-26,745,0,아이템,이거 뭐 골라! 빨리!,뭐 골라??,,,,,0,False
2026-06-26,560,0,기타,나린 지역 가는법 알려주세요,"업적 퀘스트 중인데 나린 지역을 가야해서요 인터넷 검색해보니 새비지터미널에서 npc드바한테 돈주고 가면 된다는데 패치된건지,, 새비지터미널에 드바가 아예 안보여요.. 나린 지역 어떻게 가야하나요 ㅠㅠ",,,,,0,False
2026-06-26,570,0,직업,와헌 뉴비 스킬코어 질문,환산 주스텟대로 찍고 있는데 파이널어택 강화 하라는건 안보이는데 안해도 되는건가요?? 1렙 열어놓기만 했어요,,,,,0,False
2026-06-26,555,0,기타,와헌 키우는 뉴비임니다,헥사 강화를 비슷하게 한 친구보다 2000정도 헥환이 떨어지는데 이유가 뭔지 알 수 있을까요...,,,,,0,False
2026-06-26,2588,0,기타,챌섭 플라즈마하트 모듈 질문 !!,이번 챌섭에서 5만점 찍으면 주는 하트 업그레이드 모듈 이거 받고 본섭 리프할때 가지고 본캐에 줄수있나요??!,,,,,0,False
2026-06-26,991,0,아이템,블루베리 농장 질문입니다!,블루베리농장 그냥 270부터 받는족족 쓰면 될까요?,,,,,0,False
2026-06-26,793,0,기타,메소마켓 질문,"뉴비인데 메소마켓 질문이 있습니다 ! 제가 만약에 20억이라는 메소를 판매하려고 메소마켓에 등록하게 되면 20억을 구매하는 사람만 제거를 살 수 잇는건가요? 그럼 10억 , 10억 나눠서 판매하는게 더 판매되기 쉬운 그런거일까요..?",,,,,0,False
2026-06-26,596,0,기타,경매장 검색 질문있어요,형님들 경매장에 코디용 한벌옷 검색할라는데 필터하는거에 남 녀 밖에 필터가안되는데 이거 공용 한벌옷 검색하는 방법이있나요????,,,,,0,False
2026-06-26,1518,0,기타,챌섭 메린이 검마는 언제잡아야 되나요,6월 30일까지 못잡으면 7월1일 ~ 7월31일 까지만 잡으면 되나여? 월간보스 초기화 기준을 모르겠어요,,,,,0,False
2026-06-26,780,0,아이템,템 가격이 궁금합니다!!,아래 템은 팔면 얼마정도가 적당한가요?? 그리고 작이 좀 아쉽다고 하던데 혹시 상의에 어떤 작을 하면 좋은지도 조심히 여쭤봅니다..,,,,,0,False
2026-06-26,853,0,기타,챌섭에서 생성한 닉은 못파나요?,뉴네임옥션 공지보니까 캐릭터 생성으로부터 3개월이 지나야 팔 수 있다는 것 같은데..,,,,,0,False
2026-06-26,1346,0,시세,드메는 언제 제일 싼가요??,썬데이떄 제일 싸다는 말도있고 며칠 지나야된다는 말도 있는데 뭐가 정배인가요....?ㅠㅠ,,,,,0,False
2026-06-26,3669,0,몬스터,하드 메이린이랑 노말 메이린 차이가 큰가요?,노말 메이린 114퍼로 깨서 이왕 할거 챌린저 달아보려고 하는데요!! 템펙업을 많이는 못할거 같아서요 노말 메이린처럼 하드메이린도 배율 114퍼 정도면 깰만할까요???!!,,,,,0,False
2026-06-26,648,0,기타,메포는 어디에 쓰는건가요?,보통 막 현질하면 메포로 바꿔서 쓰던데 첼섭에서 본캐 키우려 하거든요 메포는 어디에다 쓰면 좋을까요? 그리고 현 첼섭에선 메소가 아직 필요없나요? 지금 캐릭생성한지 2일차에요,,,,,0,False
2026-06-26,776,0,아이템,3배경쿠 4배경쿠,출첵하면 주는 경쿠 15개로 4배 교환하는게 이득인가요 아님 3배로 쓰는게 나을까요?,,,,,0,False
2026-06-26,741,0,직업,레테 칼로스 밑텔 거리 되나요?,"모험가 마법사들은 텔포 거리 늘려주는 온오프 스킬이 있어 칼로스 1,2,3층 텔이 되는거 같던데 레테 텔 생각보다 짧던데 층별로 텔거리 되나요?",,,,,0,False
2026-06-26,1413,0,퀘스트,레테 칭호 얻으려는데 도와주세요,"챌섭은 호영 키우고 레테 칭호 얻으려고 본섭에 만들어서 200비약 먹였어요 근데 샤갈 3, 4차 전직퀘는 없고 스킬은 막혀있고 5차 전직 퀘 누르면 시간의 신전 관리인한테 말 걸래서 말 걸면 전직은 개뿔 신전 길뚫시켜요 뭐죠 이거 길라잡이나 신전 문으로 여로 가려하면 퀘 먼저 하라고 막혀서 칭호는 개뿔 200렙 거지 하나 생겼어요 구글링 해봐도 안 나와서 신전 관리인이랑 눈싸움 중이에요 나 칭호 따야 된다고 뭔 길뚫이야 니가 뚫어 신전관리인 이 노망난 할아방탱이야",,,,,0,False
2026-06-26,714,0,아이템,대장장이,환산사이트 가보면 대장장이가있던데 이건 해당 아이템의 기댓값만큼 받고 대리강화 해주는거죠? 업체?측에서 기댓값보다 적게 먹으면 버는거고 기댓값보다 많이나오면 업체측에서 지불하는거 맞나요? 전 기댓값[의뢰비?]만 지불하면 되는건가요,,,,,0,False
2026-06-26,958,0,기타,헥사 떡작 스킵해도 되나요?,떡작 한번은 했는데 환산주스텟 처럼 말고 스킬 먼저 강화해도 되나요?,,,,,0,False
2026-06-26,1303,0,시세,지금 자석펫 시세 비싼편인가요?,아니면 살만할까요? 주황버섯 한마리 있는데 3석펫 맞춰야할까 싶어서요,,,,,0,False
2026-06-26,872,0,기타,메m 하버? 버닝?,"메m 250작 해서 마일리지 하려하는데, 저번에 뭐 이벤트로 30분만에 됐다는데, 이번엔 뭐 하버같은거 안하는건가요?",,,,,0,False
2026-06-26,857,0,아이템,자석펫이랑 캐시템 서버옮기는거가능함?,스카니아에서 > 챌 챌에서 > 스카니아 지금 확인을못하네 ㅠㅠ,,,,,0,False
2026-06-26,877,0,시세,위대한 돼지바소울 시세좀 알려주십쇼,ㅈㄱㄴ,,,,,0,False
2026-06-26,1119,0,몬스터,예쁘게 생긴 소울 몬스터 누구 있나요,무르무르 소울 등록했더니 사냥 중간에 무르무르 얼굴 뜨는거 불쾌한데 다른 소울 몬스터 추천 가능한가요,,,,,0,False
2026-06-26,1050,0,기타,하이퍼 스탯 꿀팁 부탁드립니다,제가 메이플을 계속 하는 유저는 아니지만 신직업이나 버닝 나왔을 떄만 하는 유저인데 하이퍼 스탯을 레벨 업 할 때마다 재설정을 해야하는 지 아니면 재설정 없이 찍는 꿀팁이 있는지 궁금합니다,,,,,0,False
2026-06-26,1422,0,아이템,자석펫을 옮기고 싶습니다.,"지금 가지고 있는 자석펫이 있는데 이걸 다른 아이디로 옮기고 싶은데 뭐 방법이 있을까요? 지금 아이디 본섭에 가진거라고는 자석펫이 다라서 자석펫만 옮겨진다면 다른 아이디에 다시 키우고 싶은데.. 서버는 같다는 전제하에,,",,,,,0,False
2026-06-26,727,0,시세,메린이 시세 질문,이거 얼마가 적당해보이나요??,,,,,0,False
2026-06-25,1682,0,아이템,mvp 레드 혈반 부스트링 본섭 챌섭 질문,혹시 본섭 재획도하고 챌섭재획도 하는데 본섭에서 혈반이랑 부스트링 한번 받으면 끝인가요??,,,,,0,False
2026-06-25,960,0,기타,뉴네임 수수료같은게 이해가안되는데 질문좀요,"만약 a닉넴을 내부캐릭닉으로바꾸려고하면 뉴네임에 10만메포에올린다치면 보증금5%(5000메포) + 15,000메포(닉변비용) = 이렇게 20,000메포만있으면되는건가요? 올리고 유찰되면 바꿀캐릭접속해서 닉변비용없이 a닉네임을 부캐릭에적용할수있는건가요? 보증금5%(5,000메포)는 못돌려받는걸로압니다. 그리고 닉네임을 3만메포에올려서팔게되면 보증금5%(1,500메포)+닉변15,000메포 = 16500메포가있어야올릴수있구 10만원에 낙찰이된다면 수수료30퍼센트인 3만메포빼고 7만메포받는건가요 아니면 7만메포+보증금5%(1,500메포) = 71,500메포받는건가요?",,,,,0,False
2026-06-25,3890,0,기타,전투력 400만 정도가 사라졌어요,어제까진 5900만이엇는데 오늘 접속해보니 5500만이 되어있습니다... 전투복x 칭호x 아티팩트x 펫 x 이벤트 뭐 끝난것도 없는거 같은데 도저히 이유를 도저히 모르겠습니다 뭐 때문일까요.../ㅠㅠ,,,,,0,False
2026-06-25,939,0,기타,뉴네임 유찰대면 메포하나도 못돌려 받나여?,이름변경비 1만5천메포랑 + 보증긍 메포 <--- 싹다 넥슨이 가져가나여?,,,,,0,False
2026-06-25,862,0,퀘스트,첫해방인데 질문있음,제네패스사서 메생 처음으로 해방 도전중인데 이제 반레온 잡았거든 어둠의 흔적 << 이게 좀 이해가 안돼서 질문드림 스펙이 충분하다는 조건하에 검마부터잡아서 어둠의흔적 잔뜩 채워놓고 나머지 쭉 미는게 가능함? 보니까 주보는 스우 > 데미안 > 윌 이순서로 쭉쭉 가던데 그럼 걔네 일부러 안잡고 기다렸다가 한번에 쭉 미는게 가능함?,,,,,0,False
2026-06-25,725,0,기타,팬텀 헥사 프리드 언제찍나요?,"팬텀 헥사 프리드 언제찍나요? 메이플 환산보니까 프리드 1,2,3,4 는 없어지고 왜 5부터 있을까여.. (초기화로 봤어요) 그리고 그냥 어센트1 찍어도 될까요?",,,,,0,False
2026-06-25,986,0,기타,메린이 헥사 스탯 떡작 망한건가요ㅠㅠ,생각없이 돌렸는데요 결과보고 멘붕왔어여..,,,,,0,False
2026-06-25,903,0,기타,하드나 카오스 잡으면 노말 자동클리어되나요?,복귀 뉴비입니다. 하드나 카오스 찐모나 연모류 잡으면 아버에서 안잡았던 노말이나 이지 전부다 클리어되는걸로 카운트되나요...?,,,,,0,False
2026-06-25,842,0,기타,제네시스 패스 질문드립니당!,안녕하세요! 제가 루나서버 불독이랑 챌린저스 서버 신궁이 있는데요! 제네시스 패스는 챌린저스 서버에 사용하는것이 좋을까용?? 루나서버 불독에 사주고싶은데 챌린저스 서버에 살껄 후회할까바 사기 전에 질문드려요!!,,,,,0,False
2026-06-25,989,0,기타,헥사2 뭐 찍어야하나요??,헥사스텟1만 나오는데 뭐 찍어야하나요..?,,,,,0,False
2026-06-25,750,0,기타,헥사환산 코어 질문있습니다,이미 몇개 찍은스킬 효율이 18%고 어센트를 1렙 찍는거 효율이 6%일때 그냥 환산 순서대로 찍는게 낫나요 아니면 어센트 효율이 구려도 1렙은 무조건 찍어주는게 낫나요?,,,,,0,False
2026-06-25,1039,0,시세,위대한 돼지바소울,스카니아에 있는데 시세 얼마할까 이거 간만에 들어왔는데 가지고있길래,,,,,0,False
2026-06-25,736,0,기타,뉴네임 질문있습니다,닉 옮기고싶은데 같은계정이면 a서버 닉네임>b서버캐릭터로 옮길수있나요?,,,,,0,False
2026-06-25,745,0,기타,메린이 경험치 및 사냥질문입니다,15퍼 브아피 3배경쿠빨고 시간당6프로 나오는데 정상적인 사냥속도인가요 아니면 느린건가요? 레벨272입니다 너무 안올라서 제가 잘못한거같아서 질문드립니다 방송인들은 훨씬잘오르는거같은데 제가 무자본이라서 버프를덜빨아서그런가요 사냥이 한방컷이안나서그런가요?,,,,,0,False
2026-06-25,3140,0,기타,헥사스텟 썬데이존버,할필요 없나요? 헥사2만 존버하고 1은 그냥 지금 떡작할까요,,,,,0,False
2026-06-25,744,0,기타,챌삽 주보 질문,챌섭 1주차 때 연습모드로만 돌고 정작 찐모는 안 했는데 해방 가능할까요? 그리고 2주차때 최소 뭐부터 잡아야 해방 가능한가요?..,,,,,0,False
2026-06-25,729,0,기타,환산주스탯 헥사 강화 궁금한점있어요,형님들 기운기준으로 헥사 스탯이 젤먼저앞에와있긴한데 불이 안들어오는건 제 스펙에서는 추천 하지않는다 라고 이해하면 될까요 바로 다음 스킬부터 찍으면 된다는 말인가요???,,,,,0,False
2026-06-25,1148,0,아이템,지금 메획 한줄짜리는 살만한 가격인가요,그냥 100/67만 맞춰주려는데 한줄짜리는 사도 될까요 .. 복귀라 시세를 몰라서 그리고 메획은 템만 쳐서 100%죠? 어빌이랑 쓸홀심 재획비 다 빼고,,,,,0,False
2026-06-25,890,0,기타,뉴비 제네패스 질문,이번에 챌섭에 시작한 뉴비입니다 1주차 노말 듄켈까지는 잡았는데요 제네 패스를 할지 말지 고민입니다 진힐라 악명이 높아서 폐사할까봐 걱정이네요 1주일 밀린다 생각하고 이번주에 패스할지 말지 고민이 되네요 목표는 챌린저인데 과금은 패스말고는 안해볼 생각입니다,,,,,0,False
2026-06-25,1153,0,아이템,챌섭 플하,이번에 다이아 찍어서 플하 받게됐는데 기존에 페어리 하트 작한거 싹 다 초기화 시키고 받아서 씌우면 되나요? 그리고 혹시 몇 성까지 올리면 쓰기 충분하려나요..?,,,,,0,False
2026-06-25,888,0,기타,환산사이트 보스배율 질문입니다.,환산보면 30분보정자료라고 적혀있는데 20분으로 환산시 배율이 낮아지는건가요 높아지는건가요?,,,,,0,False
2026-06-25,1530,0,기타,"아 레테 좀 거슬리네,,,다들 괜찮으신가?","바이퍼 본케유저인데 바이퍼할때는 깔끔했는데 레테 소환수쓰면 뭔가 잔렉 발생하는느낌,프레임 떨어지는 느낌나는데(매끄럽지기않음)그래픽 낮춰도,화면 헤르츠 낮춰도,이펙트 낮춰도 그대로인데 해결방법없나요?ㅠㅠ",,,,,0,False
2026-06-25,776,0,기타,메린이 고민좀,"아까전에 늅친구따라서 스카니아 헤딩할지 아님 유뇬 7000엔 그전까지 조금 키웠던 렌,윈브 투력 1700만따리 스카니아에 머물지 고민했었는디 여기에 더 추가된게 지금 이노시스에 자석펫 무료로 뿌린거 있고 자석펫 없음 사냥 절대 안할꺼 같아서 챌섭에서 방금 자석펫 한마리 뽑았음.. 돈 나가는 속도가 장난이 아니여서 현질 더 이상 안할꺼같은데 지금 자석펫 팔면 200억 정도 생김 그냥 200억 메소로 챌섭에 본캐 키워서 그냥 이노시스로 가는게 좋을까 아님 자석펫 데리고 스카니아 맨땅 헤딩을 박을까.. 친구는 돈안쓰고 완전 메린이 수준(노스데미 7트박음)임..",,,,,0,False
2026-06-25,855,0,기타,찐 메린이 한번도와주실분,"이번 하버,아버 지우고다시할려했는데 명의당 1회로바뀌어서 못만드는데 이건뭐 내가확인안한거라 후회는없음 메이플이 갑자기 너무하고싶어서 챌섭 유니온4000주는거 + 본섭(아무것도없음) 유니온 8000~9000정도 겨울버닝하기전까지 만들고 그때 본캐지정하고 시작할려는데 본섭은 아무것도 없어도 141작은 템없이도 가능한가? 핑크빈모자,피노키오 등등 전투복있는걸로아는데",,,,,0,False
2026-06-25,799,0,기타,챌1섭 대기열 아직도 걸리나요?,종강하고 이제 시작하려는데 아직 챌1섭 대기열 걸리나용? 어디 챌섭 서버 추천하시는지!,,,,,0,False
2026-06-25,1530,0,기타,챌섭 레테입니다 보약버프 크확 1레벨 올리는게 맞을까요?,지금 하이퍼스탯 크확 7레벨 (9퍼) 쓰고 있습니다 어떤 유튜버는 보약버프에 크확 1레벨을 찍으라고 하더라고요 챌섭 레테 키우시는 메선생님들은 어떻게 하시고 계신가요?,,,,,0,False
2026-06-25,746,0,아이템,안녕하세요 어제 처음한 뉴비입니다,안녕하세요 어제 처음한 뉴비입니다 레벨은 130을 찍었는대 아이템진로를 어떻게해야될지 모르겠습니다.. 거래소는 터무니없이 비싼대 상점껄로 사서 해야하나요 ? 레벨업도 빠른 컨텐츠를 다하고나니 레벨업 할곳이없는대 어디서 해야할까요ㅠ 근래 공략법들이 다들 이벤트때 200달성해주는거말곤 없는대 지금시점 공략법같은게 있을까요?.. 진로좀 정해주세요 !,,,,,0,False
2026-06-25,970,0,기타,썸머보약은 7월1일까지인가요?,썸머보약은 7월1일까지인가요? 정보가안나와있어서..,,,,,0,False
2026-06-25,1075,0,아이템,챌린저스 패스 캐시샵 구매 불가 뜨는데..,안녕하세요 유입 뉴비인데 챌린저스 패스 구매하려는데 규매가 불가능하다고 떠서요.. 구매에 조건이 있나용..??,,,,,0,False
2026-06-25,2910,0,직업,도와주세요 전투력 2100만까지 올렸는데도,아델 직업인데 전투력 2187되나? 그정도 되는데도 하드스우도 못깨고 하드데미안도 못깨고 노말듄켈까지 힘든데 너무 똥손이어서 패턴 피하기가 너무 어렵습니다.....계속 연습만이 답일까요? 아님 전 스펙 더 올려야할까요? 극딜 사이클대로 쿨 돌때마다 하는데...피도 안깎입니다..하드 데미안은 원래 일케 안 깎이나요? 제네시스 패스까지 샀는데 이렇게 보스도 못도는데 괜히 샀나 싶어 후회되네요ㅠ,,,,,0,False
2026-06-24,742,0,몬스터,검마 3페 질문입니다,"이럴때는 어떻게 해야하나요…? 블링크로 피하려고 해도 선이든, 검마 빛 내뿜기? 맞고 데카 엄청 사라지던데ㅠㅠ 어떻게 해야 좋을지 모르겠어요ㅠㅠㅠㅠ",,,,,0,False
2026-06-24,1169,0,기타,드메 100/100 기준 챌섭에서 1소재 얼마 버나요?,챌섭이니까 유부 유행 없어서 좀 적을까요?,,,,,0,False
2026-06-24,666,0,아이템,렌질문,챌섭에서 렌키우는데 앞텔뒷텔 이거 뒷텔만쓰려면 무조건 전제조건이 앞텔을한번 타야 뒷텔이타지는건가요?,,,,,0,False
2026-06-24,839,0,기타,챌섭은 친구랑 즐길만한 것이 없을까?,친구랑 같이 시작했는데 뭐 다 1인 격파라서 온라인 게임인지 싱글게임인지 모르겠네,,,,,0,False
2026-06-24,1082,0,아이템,선생님들 시드링5렙 적정 환산 몇인가요 ?,제곧내입니다 적정환산 몇정도 되면 시드링5렙 효율이 나오나요 ??,,,,,0,False
2026-06-24,704,0,기타,게더링할때 렉 줄이는 방법 있을까요?,좋다고 4석 구매했는데 90초마다 렉이 2-3초 정도 생김 형들 도와줘 그래픽 설정은 최하로 바꿔도 안되,,,,,0,False
2026-06-24,699,0,기타,닉변하고 새로 만들면 생성기한 걸릴까요?,A 닉넴 닉변으루 B로 바꾸고 캐릭생성으로 A닉넴 바로 만들수 잇나요? 아니면 삭제처럼 락걸리나욤(,,,,,0,False
2026-06-24,919,0,직업,챌섭 패스만 다 사고 무과금으로,"챌린저 찍을 수 있을까요,,,? 현재 270, 노말 진힐라까지 잡아놓은 상태입니다",,,,,0,False
2026-06-24,725,0,기타,260 이후로 레벨업은 어케하나요,사우나랑 선데이메이플 몬파로 어찌저찌 264까지는 찍었는데 그냥 뇌빼고 사냥해야 하나요?,,,,,0,False
2026-06-24,1967,0,아이템,재획하시는분들 경쿠수급 어떻게하시나요?,레드 달아도 많이부족한데..,,,,,0,False
2026-06-24,686,0,몬스터,님들 저 뉴빈데요 매그너스 어케잡음?,선행퀘스트 완료해야 한다는데 얘는 스킵 안해줌?,,,,,0,False
2026-06-24,1309,0,기타,전투력 2300만 보마인데 메이린 노멀 가능할까요??,이번에 새로 시작한 뉴비 보마입니다! 레벨은 276레벨이고 전투력은 2321만입니다 현재 도원경 입성했는데 다른 분들은 메이린 격파보상인 코디템 착용중이라 잠깐 공략보고 도전했는데 체력이 너무 높아서 힘들더라고요.. 그저 제가 패턴에 미숙한건지 아니면 이 전투력으로는 클리어하기 힘든건지 궁금합니다!,,,,,0,False
2026-06-24,3837,0,기타,무한야누스 하려면 야누스 몇렙돼야 하나요?,무한 야누스 제자리사냥 하려고 자석펫 한세트도 샀는데 지금 야누스 20레벨에 5석펫 효과 받고 하니까 대략 7~8분정도 사냥하면 야누스가 꺼지네요. 최대 300초까지 증가라길래 야누스 20렙이면 200초까지 증가될 줄 알았는데 그건 아닌가봐요. 솔야누스 몇레벨 돼야 무한지속 되는지 아시는 분 계신가요?,,,,,0,False
2026-06-24,8793,0,기타,200렙 달성비약 어디다쓰나요,본섭에 유니온 9000인데 이거 챌섭에서는 사용못하는건가요??? 무조건 본섭에서만 사용하는건가요??,,,,,0,False
2026-06-24,605,0,아이템,200때 받는 보스장신구 상자 못받는데 어떻게 해야될까요??,모르고 레테 201짜리 하이퍼버닝 지정해서 200떄 받는 보스장신구 상자 못받는데 어떻게 해야될까요?? 같은거 사서 끼면 되는건가요??,,,,,0,False
2026-06-24,810,0,기타,블루베리 농장은 스펙이 어느정도 되면 간단히 할 수 있나요??,블루베리 농장은 스펙이 어느정도 되면 간단히 할 수 있나요??,,,,,0,False
2026-06-24,863,0,기타,닉넴이거 팔릴까요?,"힙합냥 이거 팔릴라나용,,",,,,,0,False
2026-06-24,3449,0,기타,챌린저스 섭 연금술 명장 찍기 팁좀 주심안될까여,"지금 겨우겨우 채집10렙 연금술 10렙 만들었습니다... 메소 여유가 없어서 그냥 도구없이 채집캐고 그걸로 연금술 10렙 만들고 한거에요. 메소는 있을때마다 심볼 업그레이드에 투자하다보니...여전히 부족한. 지금 보라색 꽃만 캐고 있는데, 경매장에 싼건 쥬니퍼베리 꽃 오일이 상대적으로 저렴하긴한데 이걸로 뭐를 만들어야 효율이 좋은가요? 카모마일/페츌리 개당 가격 어마어마합니다. 이건 패스해야함... 쥬니퍼베리 씨앗 오일을 팔고~ 효율 좋은걸로 사서 명장찍어보면 어떨까해서요. 그게 낫겠다 싶었어요.",,,,,0,False
2026-06-24,731,0,직업,직업 뭘로 할까요,제가 7월 4일에 복귀하는데 직업은 뭘로 할까요 이번에 제대로 본캐로 할거 같아요 제가 찍먹만 조금 하다가 이번에 제대로 하는 겁니다,,,,,0,False
2026-06-24,815,0,기타,Mvp 질문좀,레드 달라고 하는대 질문좀 150 한번에 지를꺼면 담달 초에 할까요? 지금 달말인대 해버릴까요? 지금 한 20정도 과금한 상태인대 어떤방법이 좋나요?? 레드 달아보는게 첨이라 ㅠ,,,,,0,False
2026-06-24,771,0,아이템,메린이 템 값 진단 도와주세요,지금 시세로 얼마정도 할까요??,,,,,0,False
2026-06-24,771,0,기타,주간던전 경치랑 솔 에르다 보너스 단계 따로 설정하는 건가여?,블루베리는 270때 쓸려고 해서 오늘까지 270은 못 만들 것 같아서 내일 초기화 되기전에 그냥 하이마운틴 돌려고 하는데 1.보너스 단계 설정 하는거 경험치랑 솔 에르다 각각 따로 설정이 가능 한 건가여? 2.만약 따로 라면 둘 다 1단계 해주는게 메포 효율을 생각했을 때 젤 낫져?,,,,,0,False
2026-06-24,761,0,직업,디2만 해보고 메이플 처음인데 캐릭? 직업?좀,"디2에서 아마존, 바바, 성기사 같은 밀리계열을 주로 했습니다. 타격감좋고 스피드한 직업 있을까요?",,,,,0,False
2026-06-24,938,0,기타,지금 환산에 나오는 보스 배율이,20분 기준으로 나오는 배율이 맞을까요??,,,,,0,False
2026-06-24,30437,0,기타,레테 어빌리티 질문요,레테 어빌리티 돌리다가 2번째줄에 상추뎀8%가 떳는데 자물쇠 잠궈도 되나요? 그리고 서큘레이터? 이건 어떻게 사용하나요?,,,,,0,False
2026-06-24,717,0,아이템,저 완전 메린이 인데 강해지고 싶어요..! 도와주세요…,현재 270레벨이고 전투력은 1500정도 입니다.. 유튜브를 봐도 이해가 안되고 제 레벨이 1500이면 낮은건가여..? 보스도 잡고 그러고 싶은데.. 템 한번 봐주실 수 있으면 봐주시고 피드백좀 해주세요.. 사진을 5개 밖에 못 올려서.. 혹시나 메린이를 가르쳐 주실 분은.. 옵챗으로 연락주세여 ㅜㅜ 카카오톡 오픈채팅을 시작해 보세요. 링크를 선택하면 카카오톡이 실행됩니다.,,,,,0,False
2026-06-24,757,0,직업,말뚝딜하는 직업 뭐가 있나요?,신궁이 전에는 말뚝딜하기 좋았는데 지금도 그런지 모르겠어서요 1순위 : 보스잡을 때 컨트롤 필요없는 말뚝딜 2순위 : 시너지 스킬 존재 유무 3순위 : 사냥 난이도 이렇게 보는데 신궁이 그래도 제일 좋을까요?,,,,,0,False
2026-06-24,10858,0,기타,연합 토큰 어떻게 얻나요?,미션 울티마인지 뭔 씨잘떼기 없는 스토리텔링 영상 따위에 무슨 시간 할애를 1시간이나 강제하고 지랄인지 참. 다 읽지도 않음. 걍 개 빡쳐서 중도 관둠. 앞으로 몇 수시간을 갈아넣어야하는지 미확인 상태. 이딴거 빼라니까는 고정도 아니고 단기 이벤트에 뭔 힘을 이래 주는지. ㅋㅋㅋㅋ 개선 제보를 이딴거넣으라고 힘주는 유저들이 많은가보다. 진짜 개변태 인간들 많나봐요. 온라인 도박장에 이딴 궁금하지도 않는 스토리 읽고싶나봐. 그래서 연합 토큰 어딧나요 ㅠㅠ,,,,,0,False
2026-06-24,638,0,기타,시퀀스에 등록한 버프스킬들 퀵슬롯에서 빼두 되나요??,메이플 처음 합니다 레테를 하는데 퀵슬롯창이 모자른거 같아서 퀵슬롯에서 시퀀스에 등록한 버프 빼고 다른 액티브스킬 넣고 싶은데 그래두 되나요???,,,,,0,False
2026-06-24,845,0,아이템,진라벨이라는게 사면좋다는데 캐시템인가요??,아이템인지 캐시템인지 경매장에 검색해도 안나오더라구요 어떤아이템인가요??,,,,,0,False
2026-06-24,622,0,퀘스트,해방퀘,이번주 하스데 노말 검밑솔 잡으면 해방이 많이 밀리나요..??,,,,,0,False
2026-06-24,847,0,몬스터,님들 메이린 최소컷 질문인데요,하진힐 112퍼로 2분 정도 남기고 잡았는데 메이린도 충분한가요...? 메이린이 쉽다고 듣긴했는데 할만한지 감이 안잡혀요 ㅠㅠ,,,,,0,False
2026-06-24,634,0,기타,복귀유저인데 방학시즌에는 본캐 부캐 사냥비중어떻게둬야해요?,부캐템맞추는건 좀 미뤄도 렙업때문에라도 사냥할때 함선나와서 경험치많이주는거 생각해서 그거다 쓸때까진 본캐부캐 사냥30분씩은 다 해줘야하나요?,,,,,0,False
2026-06-24,780,0,퀘스트,레테 영메스킬은 어떻게 배우나요?,아무리 찾아도 안보이는데. 혹시 배우신분 공유점 부탁드려요,,,,,0,False
2026-06-24,835,0,시세,닉네임 판매할까 옮길까...,"진지,피습 작년 12월쯤에 샀는데 진지 이건 100만원해서 옮길까요? 아니면 두 닉네임 얼마정도에 팔릴까요?",,,,,0,False
2026-06-24,868,0,기타,혹시 요즘도 무릉에서 경쿠수급 되나용??,여전히 가능한지 궁금합니다!! 옛날엔 되었던걸로 알아서요!,,,,,0,False
2026-06-24,908,0,기타,메이플만 쾌적하게 할 수 있는 컴퓨터를 사고 싶습니다,"컴퓨터로 오직 메이플만 합니다. 8년 쓴 데스크탑은 사냥조차 렉걸려서 못하고 회사에서 지원해준 lg 그램으로 메이플 하는데 이 마저도 렉이 심하네요 메이플만 쾌적하게 할 수 있는 데스크탑 하나 맞추고 싶은데 컴알못이라 어디서부터 어떻게 맞춰야 할지 모르겠습니다. 라이젠5, ssd 500기가, 램8기가 두개(가격 여유만 되면 16 두개) 제가 알고있는 지식은 이게 다입니다. 이런 정보 공부할 수 있는 곳이나 이정도 스펙으로 맞추면 된다 정도 알려주실 수 있을까요?",,,,,0,False
2026-06-24,756,0,기타,제네패스 챌섭패스중 하나만 살수있는데,뭐가 더 좋나요? 방금 260찍었어요,,,,,0,False
2026-06-24,826,0,기타,울티마 작전일지 메이플id 변경,안쓰는 메이플id에 울티마 작전일지 받았는데 이벤트참여하기로한 메이플id 삭제하고 다른 메이플id로 변경가능한가요...?,,,,,0,False
2026-06-24,869,0,기타,메린이 주말반입니다 도와주세요,첫날부터 시작을 했는데 플레이는 주말 2일만 가능합니다 3-4시간 정도 플레이가 가능한데 레벨업이 늦어지면 문제가 많이 될까요? 1. 주말만 3-4 시간 가능한데 보스 트라이 하기도 바쁜 시간이라 렙업이 잘 안되고 있습니다.. 사우나 현질하고 리조트 사용해서라도 렙업은 중요한거죠? 2. 메린이라 보스들 여유컷 높을 때 도전하려는데 아케인 메소로 최대한 강화하는것도 도움이 될까요? 일퀘를 못하니 심볼 업도 안될 것 같아서요 3.패스는 전부 다 샀는데 주말만 플레이 해도 혜택 다 받아 볼 수 있을까요..,,,,,0,False
2026-06-24,865,0,기타,옥토퍼스 지우개,이런 희귀템 요즘 팔려 형들?,,,,,0,False
2026-06-24,4374,0,기타,메린이 이러면 5주 제네 해방 가능함??,이번주 시간 없어서 그런데 1주차 노말 검밑솔(진힐라x) 2주차 검밑솔 + 노말 진힐라 3주차 검밑솔 +검마 2인 4주차 검밑솔+ 검마 솔격 하면 5주차때 해방 가능함???,,,,,0,False
2026-06-24,823,0,기타,익몬 퀵패스 질문,매일 몬파 퀵패스로 7번 다했는데도 익몬 경험치가 안들어온거 같아서 익몬 경험치 들어왔는지 확인 방법 있을까요?,,,,,0,False
2026-06-24,1634,0,기타,선생님들 노말 윌도 못깨면 접는게 맞을까요?,"3일째 도전 중인데 너무 못하네요 윌도 어려워서 못하는데, 다른 보스들도 힘들겠죠?",,,,,0,False
2026-06-24,997,0,기타,메이플 엠작,엠작 하려구 하는데 처음하는거라서 캐시로 뭐사는게 가장 효율 좋을까요 현시점으로 ? 알려주시면 감사하겠습니다 ㅠㅠㅠ,,,,,0,False
2026-06-23,3258,0,직업,레테 헥사 스텟,제가 헥사 스텟에 대해 잘 몰라서 그런데 헥사 스텟 능력치 뭐하면 되나요?,,,,,0,False
2026-06-23,836,0,기타,친구랑 대화하다가 이유없이 채금걸려서 채금 조건 알려달라고 했는데 이거 맞냐??,친구랑 대화하다가 갑자기 채금당해서 채금 기준을 상세하게 알려달라고 했더니 못 알려주겠다는데 이거 맞음...??,,,,,0,False
2026-06-23,3299,0,몬스터,검마 아케인포스 충족한데 반감이에요,현재 아케인포스 1420인데 반감 받고 있어요 아케인포스 어디까지 올려야할까요?,,,,,0,False
2026-06-23,9161,0,기타,뉴비 솔 에르다 / 솔 에르다 조각 선택권 받을라 하는데 [답답함주의],"사진에서 보는바와 같이 7월2일 까지 써라고 해서 사라질게 두려워서 미리 받아둘려고 하는데 지인한테 솔에르다 랑 솔 에르다 조각 선택권 뭐 받아야 하냐? 물어보니 내 캐릭 스팩에 따라 결정 해라고 해서 주환산 사이트 가서 핵사 강화 순서 올리는거 보고 해라 하는데 쓰벌 내가 아는게 1도 없는데 알아서 해라는데 당장 이거만 봐도 코어 활성화가 안되는데 뭐 어쩌란건지 모르겠어 그래서 내가 코어 활성화 조차 안된다 하니까 다른 지인이 V메트릭스 코어 렙업 다 했냐? 물어보길레 내가 여기 있는거 ""전부"" 강화를 다 했냐 라고 물어보는건지 직업 코어에 있는걸 다 올렸냐? 는건지 강화코어를 다 올렸냐? 는 건지도 모르겠고 진짜 답답해 미치겠다",,,,,0,False
2026-06-23,3571,0,기타,챌섭 보통 리프 언제하나요?,1차 리프기간이 7월 23부터던데 자석펫이 걸리더군요 본케에 자석있어서 굳이 자석 또사고싶진않은데 자석펫이 한달짜리주는지 몰랐어요 ㅠ 이참에 3석펫가야하는것인지 아님 7월에 리프열리자마자 옴겨야되는것인지... 고민입니다 해방할대까진 여기있는게맞겠죠...?,,,,,0,False
2026-06-23,1255,0,기타,6 자석펫 질문,6마리 할때 3마리 세트 후 아무거나 3마리 넣는걸로 아는데 이때 펫 장비 장착이 되나요? 공마가 있으면 공마까지 적용이 되나요? 적용 된다면 간단하게 펫 장비당 각 공마 45오른다고 치면 45x3=135 에서 추가로 또 4석 5석 6석 이 세트효과로 공마 15 15 30 증가 하니까 60 60 + 135 = 195 공마가 증가하는게 맞나요? ....,,,,,0,False
2026-06-23,723,0,몬스터,익스우 2인팟 가려면 배율 몇정도 돼야하나요?,너무 극최소컷 말고 어느정도 생존 신경쓰면서 했을때 두명 합쳐서 몇퍼정도 나와야할까요?,,,,,0,False
2026-06-23,740,0,기타,챌섭 패스 질문드려요,"평소 재획 거의 안하는 성격인데, 챌섭 270찍고 나니까 너무 귀찮고 현타오는데 그냥 챌섭패스 사서 블농만 해도 거의 280찍히겠죠? 2만원으로 시간 산다 생각하면 개이득인거 같은데...",,,,,0,False
2026-06-23,653,0,아이템,드메,대충 드랍 200정도 맞출려면 몇억 필요할까요,,,,,0,False
2026-06-23,829,0,기타,"환산주스텟에 보스표는 풀도핑, 노블기준인가요?",하스데까지는 vip쿠폰만쓰고 잡긴했는데 진힐라 연모로 버프 다넣고 연습좀해봤는데 영 모자라 보이더라구요. 저기 표시되는 퍼센트는 어떤기준이지 궁금합니다,,,,,0,False
2026-06-23,730,0,기타,님들 진짜 너무 급해요 유입 뉴비 메린인데 질문좀 봐주세요 ㅜ,챌1섭에 첫날부터 호영 키워왔는데 도저히 생각했던거랑 안맞고 재미가 없어서 255찍고 삭제했거든요.. 어차피 금방 올릴 수 있다고 생각해서 그래서 다른캐릭터를 키우려니까 아이템버닝이 안된다는데 이런상황이면 전 어떻게 해야할까요 존버하고 겨울에 시작해야할까요 맨땅에 투자할수잇는 돈도 적어서 너무 고민입니다 멘탈이 나가버렸습니다 ㅜ,,,,,0,False
