term,ngram_n,document_frequency,title_document_frequency,weighted_frequency,아이템,퀘스트,몬스터,직업,시세,기타,dominant_category,category_purity,category_confidence,score,example_1,example_2,example_3
챌섭,1,703,303,1274,390,8,8,43,22,232,아이템,0.5547652916073968,0.32950152784120884,11.8341346726664,헥환 8만 목표 과금 어느정도 해야할까요?,유뇬작이랑 링크작하려는데,뉴비 아버 템 대체질문
잠재,1,196,82,324,178,1,0,1,2,14,아이템,0.9081632653061225,0.7934673959887694,11.01807214589846,제네 추옵 윗잠 밑잠 중 우선 순위 부탁드립니다.,에테 18성 직작 vs 완작사기,초저자본 메린이 첫 제네시스 잠재 질문
미트라,1,263,68,467,233,1,2,3,4,20,아이템,0.8859315589353612,0.7224330193606485,10.901879547805171,헥환 8만 목표 과금 어느정도 해야할까요?,칠흑 보통 얼마정도 하나요?,환산 7~8만 목푠데 다음 메소를 어디다 써야 해야할까요?
스펙업,1,227,107,431,184,1,4,7,2,29,아이템,0.8105726872246696,0.6025752387261201,10.461305260932168,메고수 형님들 해방무기 질문입니다!!,100억 정도 있는디,챌섭 챌린저 목표 템셋팅 관련 질문입니다.
제네무기,1,158,67,247,141,0,1,2,0,14,아이템,0.8924050632911392,0.7971626187454844,10.320555260539727,제네무기 에디 고민 유니크 15 vs 레전 등업,제네무기 추옵이랑 에디 건드려야할까요 ?,메고수 형님들 해방무기 질문입니다!!
보조,1,253,69,437,221,0,1,7,11,13,아이템,0.8735177865612648,0.6374231978806215,10.31161998900216,헥환 8만 목표 과금 어느정도 해야할까요?,유챔 하드 세렌급 보조 스펙 질문 있습니다!,레테 보조 질문드립니다..
에디,1,229,51,392,201,0,2,1,8,17,아이템,0.8777292576419214,0.6864467323495286,10.02106238302919,헥환 8만 목표 과금 어느정도 해야할까요?,제네무기 에디 고민 유니크 15 vs 레전 등업,하메 도전 메린이 인데 템셋 질문있슴다
큐브,1,170,39,262,158,1,0,2,0,9,아이템,0.9294117647058824,0.8348739146801413,9.937453884328223,헥환 8만 목표 과금 어느정도 해야할까요?,제네무기 어디를 건드려야 될까요?,코인샵 코인 어디에 쓸까요?
윗잠,1,244,41,377,220,0,1,2,11,10,아이템,0.9016393442622951,0.6908346565679416,9.865871354335114,헥환 8만 목표 과금 어느정도 해야할까요?,제네 추옵 윗잠 밑잠 중 우선 순위 부탁드립니다.,메린이 해방무기 윗잠 질문
템세팅,1,95,67,177,86,0,0,1,0,8,아이템,0.9052631578947369,0.8418400963255994,9.524283054234537,선생님들 헥사환산 몇을 목표로 잡아야할까요?,메린이 익스우 템세팅 질문,100억으로 템세팅 질문
레전,1,177,25,273,162,0,0,1,2,12,아이템,0.9152542372881356,0.8249541183147523,9.349795522638079,제네무기 에디 고민 유니크 15 vs 레전 등업,템 가성비 셋팅 질문,핵환 4.4 도미먹었는디
무기,1,173,47,258,151,2,0,6,2,12,아이템,0.8728323699421965,0.6669187862135137,9.293553411008961,헥환 8만 목표 과금 어느정도 해야할까요?,유챔 하드 세렌급 보조 스펙 질문 있습니다!,제네무기 추옵이랑 에디 건드려야할까요 ?
시세,1,90,45,159,42,0,0,0,42,6,시세,0.4666666666666667,0.8374110234421043,8.90409247703717,뉴비 루컨마 시세 문의 드립니다..!!!,데브펜24성 시세,문신템
코인,1,116,42,189,96,0,1,0,0,19,아이템,0.8275862068965517,0.7387657925530182,8.81173526334002,메고수 형님들 해방무기 질문입니다!!,해방무기 제네플러스 코인 어떤거 할까요??,제네플러스 보스 연모6인으로 패도되나여?
메이플,1,204,70,325,59,2,4,14,7,118,기타,0.5784313725490197,0.4476999827539213,8.780370055937022,동전꼽기가 운영정책 위반인지 여부,제네패스 지금 사도 되나요?,메이플 늦은 유입 뉴비 현시점 제네패스 질러도 될까요?
에테,1,125,32,219,113,0,0,0,4,8,아이템,0.904,0.7561827332370453,8.701280248625796,헥환 8만 목표 과금 어느정도 해야할까요?,템 가성비 셋팅 질문,뉴비 아버 템 대체질문
18성,1,183,17,274,161,0,1,1,2,18,아이템,0.8797814207650273,0.764801246540448,8.59181721611849,헥환 8만 목표 과금 어느정도 해야할까요?,템 가성비 셋팅 질문,하메 도전 메린이 인데 템셋 질문있슴다
대적자,1,122,42,187,105,1,4,1,0,11,아이템,0.860655737704918,0.65466272164469,8.47357815027106,헥환 8만 목표 과금 어느정도 해야할까요?,제네무기 에디 고민 유니크 15 vs 레전 등업,대적자의 큐브질문
레테,1,201,82,371,85,5,6,38,6,61,직업,0.1890547263681592,0.3714967618689156,8.4656901837105,메린이 유니온 질문있습니다,본캐 추천 부탁드리겠습니다....,레테 보조 질문드립니다..
해방무기,1,79,33,123,71,0,0,0,0,8,아이템,0.8987341772151899,0.8598280286067423,8.385786369823268,메고수 형님들 해방무기 질문입니다!!,메린이 해방무기 질문,해방무기 제네플러스 코인 어떤거 할까요??
목표,1,206,34,289,147,0,2,17,0,40,아이템,0.7135922330097088,0.49714335674602533,8.24972417516872,헥환 8만 목표 과금 어느정도 해야할까요?,유뇬작이랑 링크작하려는데,제네무기 추옵이랑 에디 건드려야할까요 ?
메소,1,231,24,341,164,1,2,2,5,57,아이템,0.70995670995671,0.5312833064247008,8.197303118445328,제네 추옵 윗잠 밑잠 중 우선 순위 부탁드립니다.,초저자본 메린이 첫 제네시스 잠재 질문,에테 스타포스 할만한지 아니면 사먹는게 나은지 궁금합니다.
본캐,1,189,39,310,75,2,1,40,1,70,직업,0.21164021164021163,0.46954681956872873,8.121976493732522,모멘텀 패스 플러스 누구 줄까요?,본캐 추천 부탁드리겠습니다....,메카베리 본캐vs부캐
추옵,1,127,40,199,109,0,1,0,11,6,아이템,0.8582677165354331,0.5662249331037297,8.032807043240064,제네무기 추옵이랑 에디 건드려야할까요 ?,메고수 형님들 해방무기 질문입니다!!,제네 추옵 윗잠 밑잠 중 우선 순위 부탁드립니다.
사용처,1,53,44,100,49,0,0,1,0,3,아이템,0.9245283018867925,0.84595050530673,7.886268668215494,화에큐 사용처 질문,에디 레전 천장 사용처가 고민입니다....,챌섭 블큐 화에큐 사용처 및 챌 달성 질문
하트,1,96,19,143,83,0,0,0,0,13,아이템,0.8645833333333334,0.8152536188230071,7.883731578933509,플라즈마 하트 스페어 질문,무보 잇는상태에서 유챔 템셋팅질문점여,챌섭 챌린저 목표 템셋팅 관련 질문입니다.
옵션,1,100,24,153,86,1,0,1,0,12,아이템,0.86,0.7349917754911272,7.869723581630066,에디 레전 천장 사용처가 고민입니다....,메린이 에디 레전 천장 어떻게 하는게 좋을까요,챌섭 아케인셰이드 장갑 극추옵 질문드립니다
챌린저,1,148,45,223,93,1,1,6,0,47,아이템,0.6283783783783784,0.45584557997301733,7.826219000265006,메린이 하드메이린 목표 템셋 봐주시면 감사하겠습니다!,챌린저 찍어보고 싶은데 여기서 뭘 더 해야 할까요?,챌섭 챌린저 질문
검마,1,138,67,271,36,17,30,8,0,47,몬스터,0.21739130434782608,0.3965663174905304,7.807356777273394,챌섭 메린이 질문이용,제네 검마,챌린저 하고 싶은데 여기서 무보엠 바꿔주면 되나요?
블큐,1,85,15,121,79,0,0,0,0,6,아이템,0.9294117647058824,0.900993488910431,7.755453880240375,해방무기 제네플러스 코인 어떤거 할까요??,챌섭 스펙업 어떻게 할까요? 미트라? 보장?,챌섭 블큐 화에큐 사용처 및 챌 달성 질문
유니크,1,161,12,217,140,0,0,2,4,15,아이템,0.8695652173913043,0.7152796904542151,7.720837886714188,제네무기 에디 고민 유니크 15 vs 레전 등업,하메 도전 메린이 인데 템셋 질문있슴다,코인샵 코인 어디에 쓸까요?
칠흑,1,89,18,134,82,0,1,1,0,5,아이템,0.9213483146067416,0.817764752426299,7.702445640126649,헥환 8만 목표 과금 어느정도 해야할까요?,선생님들 헥사환산 몇을 목표로 잡아야할까요?,칠흑 보통 얼마정도 하나요?
해방,1,148,39,217,82,18,4,8,0,36,퀘스트,0.12162162162162163,0.4535363848914399,7.6613233582080325,헥환 8만 목표 과금 어느정도 해야할까요?,해방 질문있습니다,화에큐 사용처 질문
보조무기,1,88,31,154,74,0,0,2,2,10,아이템,0.8409090909090909,0.6723396949016693,7.655607252319712,챌섭 챌린저 목표 템셋팅 관련 질문입니다.,아스트라 보조무기 질문있습니다.,렌] 아스트라 보조무기 전승해도 될까요?
배율,1,114,29,179,32,4,35,8,0,35,몬스터,0.30701754385964913,0.5922970951666091,7.632252055333586,하메 도전 메린이 인데 템셋 질문있슴다,메린이 하드메이린 목표 템셋 봐주시면 감사하겠습니다!,선생님들 헥사환산 몇을 목표로 잡아야할까요?
가격,1,119,28,169,86,0,1,0,23,9,시세,0.19327731092436976,0.5754106018248113,7.580688371462533,이번 마라벨 풀셋 가격?,레테 보조 질문드립니다..,챌린저 하고 싶은데 여기서 무보엠 바꿔주면 되나요?
아랫잠,1,104,12,156,99,0,0,0,3,2,아이템,0.9519230769230769,0.8213125887153131,7.4993566987430915,제네무기 윗잠 아랫잠 뭐돌릴까요...,제네무기 어디를 건드려야 될까요?,윗잠 아랫잠중 어느거 돌려야하나요
제네,1,107,47,168,80,6,0,2,0,19,아이템,0.7476635514018691,0.4677363092667004,7.426578820534603,헥환 8만 목표 과금 어느정도 해야할까요?,제네무기 추옵이랑 에디 건드려야할까요 ?,제네 추옵 윗잠 밑잠 중 우선 순위 부탁드립니다.
장갑,1,84,20,129,76,0,0,0,3,5,아이템,0.9047619047619048,0.7459811261347897,7.420748629832413,헥환 8만 목표 과금 어느정도 해야할까요?,에테 장갑은 크주 vs 쌍크 어느게 가성비 좋나요,에디 레전 천장 사용처가 고민입니다....
장신구,1,107,12,137,96,0,0,2,1,8,아이템,0.897196261682243,0.7807752579484764,7.376825954559113,헥환 8만 목표 과금 어느정도 해야할까요?,유챔 하드 세렌급 보조 스펙 질문 있습니다!,챌섭 챌린저 목표 템셋팅 관련 질문입니다.
대적자 코인,2,46,24,81,44,0,0,0,0,2,아이템,0.9565217391304348,0.9382930923104487,7.33458994454853,윗잠 아랫잠중 어느거 돌려야하나요,남은 대적자 코인 어디에 터는게 정배일까요,뉴비) 첫 해방 무기 세팅 방법 좀 알 수 잇을까요?!
템셋,1,55,38,98,47,0,0,3,0,5,아이템,0.8545454545454545,0.6913624711287603,7.145574221840334,출석 보돌만 하다가 제대로 복귀해보려하는데 템셋 질문좀여,하메 도전 메린이 인데 템셋 질문있슴다,메린이 하드메이린 목표 템셋 봐주시면 감사하겠습니다!
패스,1,133,41,227,58,8,0,5,0,62,기타,0.46616541353383456,0.3689605019012911,7.111607370185316,챌썹뉴비 지금 시기에 패스 다 지를까요?,모멘텀 패스 플러스 누구 줄까요?,메린이 해방무기 윗잠 질문
메이린,1,119,48,203,70,1,13,4,1,30,몬스터,0.1092436974789916,0.36344021081147876,7.074283844873308,칠흑 보통 얼마정도 하나요?,아 하드 메이린.. 개어렵다,챌섭 챌린저 목표 템셋팅 관련 질문입니다.
방어구,1,66,15,95,61,0,1,0,0,4,아이템,0.9242424242424242,0.8328328521102097,7.058292117843081,헥환 8만 목표 과금 어느정도 해야할까요?,유챔 하드 세렌급 보조 스펙 질문 있습니다!,"익스우, 노흉 목표 템 진로 질문좀요"
화에큐,1,91,12,138,80,0,0,0,2,9,아이템,0.8791208791208791,0.75864226008286,7.035656047116886,화에큐 사용처 질문,해방무기 제네플러스 코인 어떤거 할까요??,제네무기 어디를 건드려야 될까요?
환산,1,150,39,232,82,3,4,9,1,51,아이템,0.5466666666666666,0.31998303257220506,6.975926841902729,템 가성비 셋팅 질문,"하드메이린 환산 오르는거 평딜,준극이랑 오리진이랑 비슷하면",제네무기 추옵이랑 에디 건드려야할까요 ?
엠블렘,1,84,14,122,74,0,0,4,0,6,아이템,0.8809523809523809,0.7325930940453158,6.975357462310372,유챔 하드 세렌급 보조 스펙 질문 있습니다!,챌섭 챌린저 목표 템셋팅 관련 질문입니다.,코인샵 코인 어디에 쓸까요?
17성,1,124,13,182,102,0,3,3,2,14,아이템,0.8225806451612904,0.6078547665216124,6.954753897414077,템 가성비 셋팅 질문,선생님들 헥사환산 몇을 목표로 잡아야할까요?,핵환 4.4 도미먹었는디
드메템,1,58,25,106,51,0,1,0,1,5,아이템,0.8793103448275862,0.7192636219812153,6.931246221263323,형님들 드메템 vs 보스용장비 뭐 먼저맞추는게좋을까요?,메린이 챌린저 달았는데 이제 세팅 뭐부터할까요?,선생님들 메린이 진로 추천 부탁드리겠습니다
하나,1,188,18,242,121,2,2,15,2,46,아이템,0.6436170212765957,0.4036527367945938,6.928393613222444,에테 장갑은 크주 vs 쌍크 어느게 가성비 좋나요,보통 22성 도전자셋은 환산 몇만까지 끼나요?,메 m 이거 차이가 뭔가요
이벤링,1,72,15,113,62,0,1,0,0,9,아이템,0.8611111111111112,0.7609402402193808,6.919758436288797,보스방 드랍율이랑 일반 맵 드랍율이 다른가요?,이벤링 큐브 질문,본섭 깡통캐릭 유챔하는거 별로일까요?
직업,1,161,18,200,67,2,14,40,0,38,직업,0.2484472049689441,0.44296836448160337,6.912995511863535,템 가성비 셋팅 질문,하메 도전 메린이 인데 템셋 질문있슴다,뉴비 아버 템 대체질문
템셋팅,1,49,36,95,40,0,0,0,1,8,아이템,0.8163265306122449,0.6921650624243049,6.895421340448866,헥환 8만 목표 과금 어느정도 해야할까요?,메린이 하드메이린 목표 템셋 봐주시면 감사하겠습니다!,챌섭 챌린저 목표 템셋팅 관련 질문입니다.
보스,1,176,42,253,58,11,15,14,2,76,기타,0.4318181818181818,0.24928730673564434,6.881518122710701,헥환 8만 목표 과금 어느정도 해야할까요?,선생님들 헥사환산 몇을 목표로 잡아야할까요?,환산 질문
카레잠,1,54,27,95,47,0,0,0,2,5,아이템,0.8703703703703703,0.7050258616228919,6.831449796257128,카레잠 카에유잠 제네무기에 쓰는거 괜찮죠?,메쌤 도와줘요,카레잠 카에유잠 팔고싶어요
세팅,1,48,20,79,42,0,0,0,0,6,아이템,0.875,0.8287131132142378,6.808701753504891,선생님들 헥사환산 몇을 목표로 잡아야할까요?,템 세팅 방향성 질문드립니다,뉴비) 첫 해방 무기 세팅 방법 좀 알 수 잇을까요?!
직작,1,58,13,78,54,0,0,1,0,3,아이템,0.9310344827586207,0.8581916149956261,6.787782545500021,에테 18성 직작 vs 완작사기,칠흑 보통 얼마정도 하나요?,에테 스타포스 할만한지 아니면 사먹는게 나은지 궁금합니다.
자석펫,1,105,41,220,60,0,0,1,7,37,아이템,0.5714285714285714,0.3712400255378753,6.78253538558045,헥환 8만 목표 과금 어느정도 해야할까요?,펫 아무거나 사도 되나요?,챌섭리프
여명,1,101,14,131,82,1,1,2,1,14,아이템,0.8118811881188119,0.615819104867788,6.772197102377253,헥환 8만 목표 과금 어느정도 해야할까요?,하메 도전 메린이 인데 템셋 질문있슴다,선생님들 헥사환산 몇을 목표로 잡아야할까요?
본섭,1,187,29,284,82,5,5,19,4,72,기타,0.3850267379679144,0.2772731736392473,6.756451792057349,선생님들 헥사환산 몇을 목표로 잡아야할까요?,제네시스 코인 투자처 질문,메린이 본캐 고민
미라클,1,59,19,95,50,0,0,0,1,8,아이템,0.847457627118644,0.737575355103432,6.753966356748243,칠흑 33퍼사서 미라클때 에디레전 보내는거 어떤가요?,뉴비 보조무기 질문,챌섭 템세팅 진로 질문드려요
아케인,1,103,17,160,81,0,2,2,4,14,아이템,0.7864077669902912,0.5465803679455943,6.705659900224928,템 가성비 셋팅 질문,18에테 22아케인 질문있습니다,선생님들 헥사환산 몇을 목표로 잡아야할까요?
하드,1,122,36,191,68,7,15,5,0,27,몬스터,0.12295081967213115,0.33365203002584287,6.68500092506227,유챔 하드 세렌급 보조 스펙 질문 있습니다!,칠흑 보통 얼마정도 하나요?,아 하드 메이린.. 개어렵다
유입,1,56,33,93,42,0,0,2,1,11,아이템,0.75,0.5730251656011057,6.543964159118478,본캐 추천 부탁드리겠습니다....,메린이 익스우 템세팅 질문,메이플 늦은 유입 뉴비 현시점 제네패스 질러도 될까요?
레잠,1,64,17,115,53,0,1,0,1,9,아이템,0.828125,0.6735018380943688,6.521675648386869,챌섭 챌린저 목표 템셋팅 관련 질문입니다.,메이플 늦은 유입 뉴비 현시점 제네패스 질러도 될까요?,챌린저 하고 싶은데 여기서 무보엠 바꿔주면 되나요?
방향성,1,43,25,75,38,0,0,2,0,3,아이템,0.8837209302325582,0.7377849040042593,6.501892830272606,헥환 5만목표 방향성 궁금해요,챌섭 챌린저 목표 템셋팅 관련 질문입니다.,살짝 과부화 오는데 방향성 한번만 잡아주실분..?
등업,1,47,11,77,44,0,0,0,0,3,아이템,0.9361702127659575,0.9102099709817099,6.4537140631208265,제네무기 에디 고민 유니크 15 vs 레전 등업,에디 레전 천장 사용처가 고민입니다....,메린이 에디 레전 천장 어떻게 하는게 좋을까요
나을까요,1,131,12,170,96,1,2,9,1,22,아이템,0.732824427480916,0.4866552215983916,6.4223831290076525,제네무기 추옵이랑 에디 건드려야할까요 ?,18에테 22아케인 질문있습니다,템환 10만으로 가고싶습니다..
얼마,1,56,16,77,30,0,1,1,19,5,시세,0.3392857142857143,0.7098242190708578,6.394314532230365,제네패스 지금 사도 되나요?,뉴비 루컨마 시세 문의 드립니다..!!!,"미라클때 만든 레전잡, 유니크3줄 칠흑 언제팔아야 할까요"
챌린저스,1,86,28,137,39,2,0,5,0,40,기타,0.46511627906976744,0.41963576159795846,6.372261018432288,플라즈마 하트 스페어 질문,챌섭 챌린저 목표 템셋팅 관련 질문입니다.,메이플 늦은 유입 뉴비 현시점 제네패스 질러도 될까요?
아이템,1,93,25,134,63,1,2,4,3,20,아이템,0.6774193548387096,0.41752620305525645,6.367557956024005,챌섭 챌린저 목표 템셋팅 관련 질문입니다.,아이탬 이름이 궁금합니다,"안녕하세요 메쌤, 메형님들 뉴비 질문 몇 가지만 해도 될까요?"
제네시스,1,80,33,136,48,7,0,3,0,22,퀘스트,0.0875,0.4040507449168477,6.3486771319540125,제네시스 코인 투자처 질문,초저자본 메린이 첫 제네시스 잠재 질문,챌섭 챌린저 목표 템셋팅 관련 질문입니다.
하드메이린,1,79,33,128,48,2,11,4,0,14,몬스터,0.13924050632911392,0.40414711313259255,6.331164785894172,"하드메이린 환산 오르는거 평딜,준극이랑 오리진이랑 비슷하면",메린이 하드메이린 목표 템셋 봐주시면 감사하겠습니다!,하드메이린 목표 템셋 좀 봐주세요 ㅠㅠ
고민입니다,1,98,14,118,70,0,1,7,0,20,아이템,0.7142857142857143,0.5091986560674819,6.284502735327424,에디 레전 천장 사용처가 고민입니다....,챌섭리프,챌섭 리프 질문
순서,1,75,28,126,52,0,3,6,0,14,아이템,0.6933333333333334,0.4365319278308789,6.252930023905864,선생님들 헥사환산 몇을 목표로 잡아야할까요?,템환 10만으로 가고싶습니다..,보마 카링1페 질문 있습니다
전투력,1,115,21,166,69,1,3,10,0,32,아이템,0.6,0.36400588525868216,6.248275612802856,제네무기 추옵 질문,챌섭 챌린저 질문,챌섭 챌린저 목표 템셋팅 관련 질문입니다.
플러스,1,58,25,95,45,2,0,1,0,10,아이템,0.7758620689655172,0.5475913635924231,6.239146023806776,모멘텀 패스 플러스 누구 줄까요?,메린이 해방무기 윗잠 질문,메린이 에디 레전 천장 어떻게 하는게 좋을까요
헥사,1,79,30,130,25,1,0,12,0,41,기타,0.5189873417721519,0.39980137612225897,6.226578040723834,유챔 하드 세렌급 보조 스펙 질문 있습니다!,데티목표입니다 조각 템펙업 고민입니다,챌섭 뉴비 하드메이린 잡고싶은데 스펙업 질문
대적자 큐브,2,34,11,51,34,0,0,0,0,0,아이템,1.0,1.0,6.20576047358119,헥환 8만 목표 과금 어느정도 해야할까요?,제네무기 어디를 건드려야 될까요?,대적자 큐브 질문
구매,1,78,12,116,59,0,0,2,1,16,아이템,0.7564102564102564,0.604945991739226,6.204457664678544,MVP작 할 때 질문,"안녕하세요 메쌤, 메형님들 뉴비 질문 몇 가지만 해도 될까요?",챌섭 블큐 화에큐 사용처 및 챌 달성 질문
미라클때,1,43,11,62,41,0,0,1,0,1,아이템,0.9534883720930233,0.8717960618111791,6.181790893683339,"미라클때 만든 레전잡, 유니크3줄 칠흑 언제팔아야 할까요",대적자코인 사용처 질문,칠흑 33퍼사서 미라클때 에디레전 보내는거 어떤가요?
제네패스,1,87,33,140,48,6,1,2,0,30,퀘스트,0.06896551724137931,0.33692005624412313,6.1591559083619565,메고수 형님들 해방무기 질문입니다!!,제네패스 지금 사도 되나요?,어제 시작한 뉴비 제네패스
어디다,1,44,16,65,37,0,0,1,0,6,아이템,0.8409090909090909,0.7361205725484904,6.113044233424739,환산 7~8만 목푠데 다음 메소를 어디다 써야 해야할까요?,메린이 에디 레전 천장 어떻게 하는게 좋을까요,"익스우, 노흉 목표 템 진로 질문좀요"
여기서,1,85,9,99,70,2,0,2,0,11,아이템,0.8235294117647058,0.6183340552588814,6.094080769043046,헥환 8만 목표 과금 어느정도 해야할까요?,하메 도전 메린이 인데 템셋 질문있슴다,제네무기 추옵이랑 에디 건드려야할까요 ?
이제,1,109,12,129,72,1,2,5,0,29,아이템,0.6605504587155964,0.4532645329898505,6.043711990662371,화에큐 사용처 질문,챌섭 메린이 질문이용,제네패스 지금 사도 되나요?
다음,1,101,22,145,60,2,2,10,0,27,아이템,0.594059405940594,0.341044398481994,6.018235432191125,동전꼽기가 운영정책 위반인지 여부,템 가성비 셋팅 질문,뉴비 아버 템 대체질문
사서,1,194,3,245,162,2,2,1,6,21,아이템,0.8350515463917526,0.610637000579413,6.012490548280308,mvp작,칠흑 보통 얼마정도 하나요?,챌섭에서 리프할때 템
유니온,1,83,18,124,20,3,0,10,0,50,기타,0.6024096385542169,0.43748565487547203,5.997691623655134,선생님들 헥사환산 몇을 목표로 잡아야할까요?,메린이 유니온 질문있습니다,유니온 크뎀40개찍으려면 유니온 몇렙되야하나요???
쓰는게,1,70,13,94,53,0,1,3,1,12,아이템,0.7571428571428571,0.5476269015453014,5.910013268285354,화에큐 사용처 질문,챌섭 메린이 질문이용,이게 주흔15퍼작보다 좋은건가요?
도미,1,47,9,67,43,0,0,0,1,3,아이템,0.9148936170212766,0.8029050023326441,5.900305841802482,핵환 4.4 도미먹었는디,요즘 도미 작 어떻게 하나요?,와헌 템셋팅 질문 드립니다.
제네 무기,2,28,13,42,27,0,0,0,0,1,아이템,0.9642857142857143,0.9491390994950946,5.879813795532668,헥환 8만 목표 과금 어느정도 해야할까요?,보통 22성 도전자셋은 환산 몇만까지 끼나요?,제네 무기 추옵 질문드립니다
있는데,1,229,7,250,133,4,4,13,8,67,아이템,0.5807860262008734,0.33141313252115867,5.878541615167872,헥환 8만 목표 과금 어느정도 해야할까요?,챌섭 메린이 질문이용,메린이 익스우 템세팅 질문
먼저,1,106,10,143,77,3,2,4,1,19,아이템,0.7264150943396226,0.455246666458191,5.84595512329735,님들 링크 3렙 찬란한영웅의 증거 질문 있습니다,아케인 쌍크 장갑을 만들었는데,대적자코인 사용처 질문
이벤트,1,111,11,145,67,1,0,7,0,36,아이템,0.6036036036036037,0.4181563126475533,5.839973111410663,플라즈마 하트 스페어 질문,제네 추옵 윗잠 밑잠 중 우선 순위 부탁드립니다.,챌섭 챌린저 목표 템셋팅 관련 질문입니다.
하드 메이린,2,67,25,103,45,1,5,1,0,15,아이템,0.6716417910447762,0.3995314984838702,5.838689181338759,칠흑 보통 얼마정도 하나요?,아 하드 메이린.. 개어렵다,챌섭 챌린저 목표 템셋팅 관련 질문입니다.
울티마,1,45,39,93,9,5,0,1,0,30,퀘스트,0.1111111111111111,0.44296805910485065,5.819245146114464,"안녕하세요 메쌤, 메형님들 뉴비 질문 몇 가지만 해도 될까요?",울티마 궁수 템 잠재,울티마 40렙부터 경험치 올리기 빡센게 맞는거죠?
이렇게,1,159,8,174,95,0,5,5,5,49,아이템,0.5974842767295597,0.37673626417154266,5.79644709095053,템 가성비 셋팅 질문,템환 10만으로 가고싶습니다..,뉴비 하드메이린 찐모
진로,1,43,34,81,29,0,1,2,0,11,아이템,0.6744186046511628,0.4790471297922125,5.78338710904222,챌섭 유입 메린이 템 진로 고민입니다 !!,"익스우, 노흉 목표 템 진로 질문좀요",살짝 과부화 오는데 방향성 한번만 잡아주실분..?
부캐,1,72,21,115,31,1,0,7,0,33,기타,0.4583333333333333,0.398254773246058,5.781124297112667,헥환 8만 목표 과금 어느정도 해야할까요?,모멘텀 패스 플러스 누구 줄까요?,메카베리 본캐vs부캐
서버,1,58,17,103,11,0,0,5,3,39,기타,0.6724137931034483,0.5177491517164046,5.777476946849799,챌섭리프,제네 검마,챌섭 챌린저 목표 템셋팅 관련 질문입니다.
에픽,1,70,7,106,60,1,0,1,1,7,아이템,0.8571428571428571,0.666748257097408,5.768514014170577,미트라의 분노 잠재 스크롤 안됌,챌섭 파풀마 사려는데 고민이에요!,하드 메이린 잡고 싶은데 스펙업 방향을 알려주세요!
대적자코인,1,34,13,55,29,0,0,0,0,5,아이템,0.8529411764705882,0.8003497843385803,5.734274537108741,메린이 해방무기 질문,제네무기 윗잠 아랫잠 뭐돌릴까요...,환산 7~8만 목푠데 다음 메소를 어디다 써야 해야할까요?
리프,1,35,18,68,6,0,0,1,1,27,기타,0.7714285714285715,0.6993027680616134,5.734258779739542,챌섭 리프 질문,챌섭 리프할때 보상 어떻게 하나요?,월드 리프 관련 질문 드립니다
제논,1,36,21,78,14,0,0,14,2,6,직업,0.3888888888888889,0.6462942568411916,5.7285838520871435,제논 5에테,뉴비 제논 진로 방향 알려주실분,선생님들 제논 추옵 어떤가요
마깃안,1,34,11,57,33,0,0,0,1,0,아이템,0.9705882352941176,0.8415140410135761,5.71399752363341,칠흑 상자에서 마깃안 먹었는데 팔까요 쓸까요,스펙업 질문!,샤타 시세질문
선생님들,1,54,35,93,34,1,1,2,2,14,아이템,0.6296296296296297,0.37210924020710345,5.704845682932057,선생님들 헥사환산 몇을 목표로 잡아야할까요?,에테 스타포스 할만한지 아니면 사먹는게 나은지 궁금합니다.,선생님들 이거 어떤 거 선택하면 좋을까요?
깡통,1,54,9,77,45,0,0,1,1,7,아이템,0.8333333333333334,0.6825900432416231,5.70019516078305,깡통 200레벨에서 (노하버) 부스터,세트효과 어떻게 가져가는게 좋을까요,안녕하세요 선생님들 템 진로 고견좀 여쭙습니다
엠블,1,74,11,102,59,1,0,4,3,7,아이템,0.7972972972972973,0.5123013147395059,5.698392632693146,헥환 8만 목표 과금 어느정도 해야할까요?,보마 300억이면 보조 엠블 몇줄가능?,환산 7~8만 목푠데 다음 메소를 어디다 써야 해야할까요?
블랙보조,1,37,8,56,34,0,0,0,0,3,아이템,0.918918918918919,0.886790860081741,5.6937350741811334,코인샵 코인 어디에 쓸까요?,마도서 먹었는데 어쩌죠?,뉴비 보조무기 질문
보마,1,66,22,110,34,0,3,11,0,18,직업,0.16666666666666666,0.3882871032660824,5.664092985250695,보마 카링1페 질문 있습니다,보마 노말 칼로스 템셋 질문,보마 300억이면 보조 엠블 몇줄가능?
노말,1,76,15,119,27,5,15,6,0,23,몬스터,0.19736842105263158,0.4211961175763168,5.654144334105754,메린이 익스우 템세팅 질문,칠흑 보통 얼마정도 하나요?,보마 노말 칼로스 템셋 질문
보상,1,92,19,130,38,3,3,9,0,39,기타,0.42391304347826086,0.3096441489986818,5.635487742882393,플라즈마 하트 스페어 질문,뉴비 아버 템 대체질문,100억으로 템세팅 질문
캐릭터,1,72,11,114,26,0,0,7,0,39,기타,0.5416666666666666,0.4927898369257547,5.589659588466014,동전꼽기가 운영정책 위반인지 여부,챌섭 챌린저 목표 템셋팅 관련 질문입니다.,챌섭에서 리프할때 템
헥환,1,94,12,131,63,0,5,9,1,16,아이템,0.6702127659574468,0.37976905280933815,5.559100533792092,헥환 8만 목표 과금 어느정도 해야할까요?,템환 6.4 헥환 5.3 캐릭 버리려고하는데요,헥환 5만목표 방향성 궁금해요
있는,1,180,6,216,104,3,4,4,6,59,아이템,0.5777777777777777,0.3489923296355934,5.553288447322611,동전꼽기가 운영정책 위반인지 여부,선생님들 헥사환산 몇을 목표로 잡아야할까요?,메고수 형님들 해방무기 질문입니다!!
스펙,1,82,14,104,52,3,0,6,0,21,아이템,0.6341463414634146,0.379369832337629,5.523530119108177,유챔 하드 세렌급 보조 스펙 질문 있습니다!,18에테 22아케인 질문있습니다,메린이 익스우 템세팅 질문
주문서,1,62,7,98,53,0,0,1,3,5,아이템,0.8548387096774194,0.635021285424029,5.500012675412022,요놈 에테장비에 바를수있나요?,120억에 샀는데 ㄱㅊ은가요??,뉴비) 첫 해방 무기 세팅 방법 좀 알 수 잇을까요?!
파풀마,1,36,6,58,34,0,0,0,0,2,아이템,0.9444444444444444,0.9215674807041246,5.494601591141139,챌섭 챌린저 목표 템셋팅 관련 질문입니다.,챌섭 스펙업 어떻게 할까요? 미트라? 보장?,헥환 4.5 이후 템셋팅 질문.
루컨마,1,38,10,60,36,0,0,0,2,0,아이템,0.9473684210526315,0.7433399237852433,5.490660240352928,헥환 8만 목표 과금 어느정도 해야할까요?,뉴비 루컨마 시세 문의 드립니다..!!!,지금의 조건으로 어느정도 맞춰야할까요 진로상담 부탁드립니다
카르마,1,35,9,55,33,0,0,0,1,1,아이템,0.9428571428571428,0.8115712668626088,5.488088237957271,미트라의 분노 잠재 스크롤 안됌,뉴비) 첫 해방 무기 세팅 방법 좀 알 수 잇을까요?!,제네플 큐브 및 카르마 큐브 사용처 질문드립니다!
사는게,1,70,7,87,60,0,1,0,5,4,아이템,0.8571428571428571,0.5807248793921869,5.470792353010409,하메 도전 메린이 인데 템셋 질문있슴다,에테 장갑은 크주 vs 쌍크 어느게 가성비 좋나요,에테 18성 직작 vs 완작사기
21퍼,1,55,6,68,50,0,0,1,2,2,아이템,0.9090909090909091,0.7152437022761026,5.467548134748003,핵환 4.4 도미먹었는디,에테 18성 직작 vs 완작사기,환산 7~8만 목푠데 다음 메소를 어디다 써야 해야할까요?
블빈마,1,46,8,66,41,0,1,0,1,3,아이템,0.8913043478260869,0.706748022914246,5.451386708078758,챌섭 챌린저 목표 템셋팅 관련 질문입니다.,4여명 5칠흑으로 7~8만 될까요?,챌섭 메린이 템세팅 질문있습니다
마도서,1,35,6,49,33,0,0,0,0,2,아이템,0.9428571428571428,0.9193823451427399,5.446708727849074,무보 잇는상태에서 유챔 템셋팅질문점여,마도서 먹었는데 어쩌죠?,메고수 형님들 템 진로좀 봐주십쇼
사냥,1,108,13,140,47,2,5,10,1,43,기타,0.39814814814814814,0.293926255600514,5.438093008384266,헥환 8만 목표 과금 어느정도 해야할까요?,유뇬작이랑 링크작하려는데,"헥사스킬올리기, 야누스30조각 모으기"
이후,1,61,17,90,39,0,3,3,0,16,아이템,0.639344262295082,0.4093764409757868,5.430200713791457,헥환 8만 목표 과금 어느정도 해야할까요?,헥환 4.5 이후 템셋팅 질문.,갓 2억단 뉴비 다음 스펙업 추천 부탁드립니다.
부위,1,49,4,60,46,0,0,1,0,2,아이템,0.9387755102040817,0.8601960878901994,5.395378256122707,챌섭 스펙업 뭐부터해야할까요?,메린이 많이 성장했지만 다시 막막해짐..,진로 고민 도와주세요
or,1,52,8,64,42,0,2,0,0,8,아이템,0.8076923076923077,0.6316931519949555,5.374290442897513,제네시스 코인 투자처 질문,챌섭 챌린저 목표 템셋팅 관련 질문입니다.,제네플 큐브 및 카르마 큐브 사용처 질문드립니다!
챌섭 유입,2,29,16,47,25,0,0,0,1,3,아이템,0.8620689655172413,0.7031255777727409,5.358112027904814,챌섭 유입 메린이 템 진로 고민입니다 !!,메이플 챌섭 뉴비 아이템 추가 스펙업 질문합니다!,드랍셋
메멘토,1,34,9,51,31,0,0,0,1,2,아이템,0.9117647058823529,0.7728997439925499,5.328712122541387,"익스우, 노흉 목표 템 진로 질문좀요",여명셋 질문 있습니다!,헥환 7만 중반 ~ 8만 목표 레테 템세팅 조언 부탁드립니다.
장비,1,68,13,95,46,1,0,6,2,13,아이템,0.6764705882352942,0.4042264941797211,5.3264567840561,선생님들 헥사환산 몇을 목표로 잡아야할까요?,템환 10만으로 가고싶습니다..,에테 스타포스 할만한지 아니면 사먹는게 나은지 궁금합니다.
가엔링,1,53,9,79,44,0,0,0,4,5,아이템,0.8301886792452831,0.578230020050017,5.322167725430884,칠흑 아랫급에 별누르는건 요새 별로임?,별 누르기vs언컨 구매,[뉴비] 메짱이형님들 템진로 조언 부탁드립니다
흔적,1,25,12,52,4,11,0,0,0,10,퀘스트,0.44,0.843711525438804,5.314638893337184,메잘알 선배님들 질문,검마 흔적만 먹으러가는 6인팟도 나오나요?,안녕하세요. 뉴비입니다. 검마 해방에 관해서 질문 드립니다.
스펙업 순서,2,19,12,35,19,0,0,0,0,0,아이템,1.0,1.0,5.30090274460772,헥환 7만 중반 ~ 8만 목표 레테 템세팅 조언 부탁드립니다.,스펙업 순서,챌섭 메린이 스펙업 순서 질문 있어요!!
무보엠,1,42,14,63,34,0,0,5,0,3,아이템,0.8095238095238095,0.5550741746046138,5.300358152441257,하메 도전 메린이 인데 템셋 질문있슴다,챌린저 하고 싶은데 여기서 무보엠 바꿔주면 되나요?,챌섭 뉴비 하드메이린 잡고싶은데 스펙업 질문
코인샵,1,47,8,63,39,0,0,0,2,6,아이템,0.8297872340425532,0.648799151948658,5.295094084478701,코인샵 코인 어디에 쓸까요?,챌섭에서 리프할때 템,뉴비) 첫 해방 무기 세팅 방법 좀 알 수 잇을까요?!
아스트라,1,24,11,48,22,0,0,0,0,2,아이템,0.9166666666666666,0.8837590539486351,5.291910193663462,아스트라 보조무기 질문있습니다.,렌] 아스트라 보조무기 전승해도 될까요?,아스트라 전승 하는법?
22성,1,52,6,75,46,0,0,1,2,3,아이템,0.8846153846153846,0.682968081539611,5.291286412035431,헥환 8만 목표 과금 어느정도 해야할까요?,선생님들 헥사환산 몇을 목표로 잡아야할까요?,보통 22성 도전자셋은 환산 몇만까지 끼나요?
인데,1,62,11,74,35,0,10,2,2,13,몬스터,0.16129032258064516,0.46128729178611455,5.283814384905815,유뇬작이랑 링크작하려는데,하메 도전 메린이 인데 템셋 질문있슴다,유입된 메린인 인데 이 이상 어떻게 스팩업을 해야할지 알려주세요!
1추,1,32,5,43,31,0,0,0,0,1,아이템,0.96875,0.9554091601708267,5.256118040466115,제네무기 추옵이랑 에디 건드려야할까요 ?,메고수 형님들 해방무기 질문입니다!!,제네무기 어디를 건드려야 될까요?
아버,1,55,16,87,34,1,0,9,0,11,직업,0.16363636363636364,0.41151531582098316,5.2556048817293926,뉴비 아버 템 대체질문,챌린저 찍고싶은 메린인데 향후 템셋팅 어떻게 해야하나요?,메쌤 도와줘요
맞을까요,1,81,8,104,55,0,2,3,3,18,아이템,0.6790123456790124,0.4353024383622488,5.247095979249484,18에테 22아케인 질문있습니다,메린이 에디 레전 천장 어떻게 하는게 좋을까요,미트라 갈아타기 질문점요
스타포스,1,45,12,66,35,0,0,0,3,7,아이템,0.7777777777777778,0.5488223237641248,5.24642094216171,뉴비 아버 템 대체질문,크주잡 에테 스타포스 어디까지 올려야할까요?,에테 스타포스 할만한지 아니면 사먹는게 나은지 궁금합니다.
드메,1,54,20,89,37,0,3,0,5,9,아이템,0.6851851851851852,0.36828148297742846,5.2456203498657015,"익스우, 노흉 목표 템 진로 질문좀요",이벤링 큐브 질문,드메 100/100기준이 템잠재기준인가요?
거공,1,33,6,46,30,0,0,0,0,3,아이템,0.9090909090909091,0.8736041961254287,5.231997322551183,헥환 8만 목표 과금 어느정도 해야할까요?,챌섭 메린이 질문이용,메고수 형님들 템 진로좀 봐주십쇼
효율,1,79,13,108,44,2,2,4,0,27,아이템,0.5569620253164557,0.33223826518546845,5.229936108530406,하메 도전 메린이 인데 템셋 질문있슴다,템환 6.4 헥환 5.3 캐릭 버리려고하는데요,mvp작
아직,1,118,6,137,75,2,4,8,0,29,아이템,0.635593220338983,0.3796081980956293,5.221159622867949,본캐 추천 부탁드리겠습니다....,챌섭 챌린저 목표 템셋팅 관련 질문입니다.,챌린저 하고 싶은데 여기서 무보엠 바꿔주면 되나요?
썬콜,1,38,10,58,16,0,1,15,1,5,직업,0.39473684210526316,0.6568748181959486,5.218337837269167,솔 에르다 3개의 가치가 어느정도인가요?,하버 본캐 썬콜VS키네VS제논 (투표),본섭에 유니온 만들려는데 고민상담좀 해주십쇼..
방무,1,52,8,88,41,0,1,3,0,7,아이템,0.7884615384615384,0.5747768456591981,5.186825807888593,챌린저 하고 싶은데 여기서 무보엠 바꿔주면 되나요?,미트라 고민,급함 제네무기 윗잠 방무 버려도됨??
캐릭,1,77,11,99,26,2,1,14,3,31,직업,0.18181818181818182,0.35994539162708233,5.170861372966028,템환 6.4 헥환 5.3 캐릭 버리려고하는데요,챌섭 리프 질문,메린이 본캐 고민
뉴비입니다,1,80,14,97,47,1,4,6,4,18,아이템,0.5875,0.29322135776458974,5.149973318200447,에테 18성 직작 vs 완작사기,안녕하세요 챌섭유입 뉴비입니다.,3일차 뭐해야할지 모르겠어요 메쌤들 좀 도와주세요
괜찮을까요,1,69,7,82,48,0,0,5,1,15,아이템,0.6956521739130435,0.4856820701283394,5.124744782317375,에테 스타포스 할만한지 아니면 사먹는게 나은지 궁금합니다.,아스트라 보조무기 질문있습니다.,렌] 아스트라 보조무기 전승해도 될까요?
환산주스탯,1,42,16,64,15,0,2,2,0,23,기타,0.5476190476190477,0.4729855151791224,5.124579078780463,챌섭 블큐 화에큐 사용처 및 챌 달성 질문,별 누르기vs언컨 구매,대적자 코인 남는거 어디다 쓸까요..?
조각,1,79,11,110,38,2,0,5,2,32,기타,0.4050632911392405,0.33606093498035433,5.10956782445913,헥환 8만 목표 과금 어느정도 해야할까요?,"헥사스킬올리기, 야누스30조각 모으기",하드메이린 목표 템셋 좀 봐주세요 ㅠㅠ
쓸까요,1,21,12,35,19,0,0,0,0,2,아이템,0.9047619047619048,0.8678310276848225,5.10810008271541,크주잡 에테 스타포스 어디까지 올려야할까요?,코인샵 코인 어디에 쓸까요?,어빌 카오스 서큘레이터 질문이요
플라즈마,1,28,10,45,23,0,0,0,0,5,아이템,0.8214285714285714,0.7607289911698115,5.096978229033713,플라즈마 하트 스페어 질문,챌섭 챌린저 목표 템셋팅 관련 질문입니다.,챌섭 뉴비 하드메이린 잡고싶은데 스펙업 질문
많이,1,137,8,158,69,4,7,11,3,43,아이템,0.5036496350364964,0.24492609058647566,5.088721639952613,제네패스 지금 사도 되나요?,레테 보조 질문드립니다..,펫 아무거나 사도 되나요?
트왈마,1,39,4,48,35,0,0,0,0,4,아이템,0.8974358974358975,0.8581097010571871,5.081917200721528,챌섭 챌린저 목표 템셋팅 관련 질문입니다.,전투력 1억5천 메린이 다음 스펙업을 도통 못잡겠어요 ㅠㅠ,10억있는데 카유잠 어디에 쓸지 추천부탁드립니다
질문이요,1,26,26,53,18,0,0,1,0,7,아이템,0.6923076923076923,0.5502847724706396,5.0807475563378945,어빌 카오스 서큘레이터 질문이요,보스 코인 질문이요,챌섭 진로 질문이요
돌리는게,1,37,5,45,32,0,0,0,0,5,아이템,0.8648648648648649,0.815615835347072,5.077269819024393,메린이 해방무기 윗잠 질문,무기 윗잠 돌릴까요,메린이 해방무기 에디 돌리는게 좋을까여
남은,1,54,8,71,42,1,2,1,0,8,아이템,0.7777777777777778,0.5241213641233716,5.0668168586609905,남은 대적자 코인 어디에 터는게 정배일까요,복귀 중고뉴비 대적자 코인 뭐에 써야할까요?,제네무기 고민중인데여..
기준,1,72,11,92,32,1,3,4,1,31,기타,0.4305555555555556,0.3454641459679771,5.038007613941967,대장장이 고견 나눠주실 메짱엉아들?,챌섭 블큐 화에큐 사용처 및 챌 달성 질문,메소 버는법...?
하는게,1,89,5,97,62,1,3,1,2,20,아이템,0.6966292134831461,0.4546027261011466,5.03189458902602,100억 정도 있는디,하드 메이린 잡았는데,메린이 에디 레전 천장 어떻게 하는게 좋을까요
보공,1,69,8,108,46,0,0,6,2,15,아이템,0.6666666666666666,0.42739953428359373,5.030844458419998,레테 보조 질문드립니다..,챌린저 하고 싶은데 여기서 무보엠 바꿔주면 되나요?,제네무기 옵션 방향성좀 알려주세요...
세렌,1,46,15,72,19,1,8,5,0,13,몬스터,0.17391304347826086,0.42534602474573335,5.026205061479093,템환 6.4 헥환 5.3 캐릭 버리려고하는데요,챌섭 메린이 질문이용,챌린저 하고 싶은데 여기서 무보엠 바꿔주면 되나요?
차이,1,64,17,97,34,0,5,4,1,20,아이템,0.53125,0.2838891888228568,5.003346077891212,해방 질문있습니다,메 m 이거 차이가 뭔가요,도시섭이랑 시골섭 차이 심함?
4여명,1,37,6,55,34,0,1,1,0,1,아이템,0.918918918918919,0.7314028394421189,4.98740189188742,마도서 먹었는데 어쩌죠?,4여명 5칠흑으로 7~8만 될까요?,무보 이런데 해방하고 정옵띄우면 하드메이린 가능한가요??
똥블렘,1,30,7,47,27,0,0,1,0,2,아이템,0.9,0.7831494311972083,4.971616670090256,템세팅 조언 부탁드립니다,에디 레전천장 사용처 추천부탁드려요 + 도전자 대체셋 질문,똥블렘 언제까지 써야하나요? 투자를 좀 해서...
천장,1,30,9,55,26,0,0,0,1,3,아이템,0.8666666666666667,0.7112467690661064,4.967836240722695,에디 레전 천장 사용처가 고민입니다....,제네무기 vs 미트라 에디,메린이 에디 레전 천장 어떻게 하는게 좋을까요
쌍레,1,48,10,68,37,0,0,0,5,6,아이템,0.7708333333333334,0.4820460734137117,4.958536047646418,에테 스타포스 할만한지 아니면 사먹는게 나은지 궁금합니다.,[질문] 복귀 유저 아버 이후 에테르넬 17성 풀셋 질문,보마 보조 윗잠 돌리기 vs 그냥쓰다 팔기
데브펜,1,44,9,65,36,0,0,0,4,4,아이템,0.8181818181818182,0.5401556704053745,4.956384034965727,데브펜 24성 시세 어떻게 될까요?,안녕하세요 선생님들 템 진로 고견좀 여쭙습니다,펜던트 토드 질문있습니다..
했는데,1,104,8,120,45,5,8,2,1,43,기타,0.41346153846153844,0.2833497737232881,4.9548204407451575,화에큐 사용처 질문,대적자 3페 연습모드 여는 방법,초저자본 메린이 첫 제네시스 잠재 질문
윗잠 아랫잠,2,20,7,27,20,0,0,0,0,0,아이템,1.0,1.0,4.943794367196958,제네무기 윗잠 아랫잠 뭐돌릴까요...,제네무기 질문입니다 메짱선생님들,제네무기 뭐돌리는게 정배인가요?
어떤게,1,44,7,52,35,0,0,2,1,6,아이템,0.7954545454545454,0.5926071117435583,4.922256566089045,어떤게 더 좋은가요 직업운 렌입니다,직업 고민,미트라 고민
경매장,1,55,8,73,35,0,0,1,8,11,시세,0.14545454545454545,0.47254551893773994,4.9173685799671745,레테 보조 질문드립니다..,대장장이 고견 나눠주실 메짱엉아들?,챌섭 아케인셰이드 장갑 극추옵 질문드립니다
레에,1,36,3,46,34,0,0,0,0,2,아이템,0.9444444444444444,0.9215674807041246,4.912157191848834,헥환 8만 목표 과금 어느정도 해야할까요?,유챔 하드 세렌급 보조 스펙 질문 있습니다!,뉴비 아버 템 대체질문
유챔,1,39,12,76,17,0,1,9,0,12,직업,0.23076923076923078,0.5025834626284171,4.903993780183091,유챔 하드 세렌급 보조 스펙 질문 있습니다!,무보 잇는상태에서 유챔 템셋팅질문점여,미트라 고민
스킬,1,55,15,97,3,3,7,12,0,30,직업,0.21818181818181817,0.3164308919128609,4.853381276914481,동전꼽기가 운영정책 위반인지 여부,2분 설치기 직업,"안녕하세요 메쌤, 메형님들 뉴비 질문 몇 가지만 해도 될까요?"
한번,1,77,12,94,38,1,3,8,1,26,아이템,0.4935064935064935,0.25863291893990625,4.851482446525046,하드 메이린 잡았는데,에디 레전 천장 질문입니다,살짝 과부화 오는데 방향성 한번만 잡아주실분..?
제네시스 무기,2,19,11,31,17,0,0,0,0,2,아이템,0.8947368421052632,0.8545434825220493,4.848673138333877,챌섭 챌린저 목표 템셋팅 관련 질문입니다.,레테 제네시스무기,제네시스 무기 추옵 궁금해요
마이링,1,34,4,45,30,0,0,0,0,4,아이템,0.8823529411764706,0.8382856019472291,4.845703980561267,칠흑 아랫급에 별누르는건 요새 별로임?,보스방 드랍율이랑 일반 맵 드랍율이 다른가요?,"익스우, 노흉 목표 템 진로 질문좀요"
감사하겠습니다,1,93,5,102,61,0,5,4,3,20,아이템,0.6559139784946236,0.3831776140349641,4.831053649038911,메린이 하드메이린 목표 템셋 봐주시면 감사하겠습니다!,선생님들 헥사환산 몇을 목표로 잡아야할까요?,메이플 그래픽설정 의견주시면 감사하겠습니다.
재화,1,32,5,42,29,0,0,1,0,2,아이템,0.90625,0.7950394138954053,4.825045948899571,메고수 형님들 해방무기 질문입니다!!,챌섭 챌린저 목표 템셋팅 관련 질문입니다.,챌섭 블큐 화에큐 사용처 및 챌 달성 질문
경험치,1,39,16,68,10,3,2,0,0,24,기타,0.6153846153846154,0.40934478656516654,4.808891728011221,경험치 도핑 질문드립니다,카르시온 유적지 질문있습니다,울티마 40렙부터 경험치 올리기 빡센게 맞는거죠?
좋나요,1,53,21,81,28,1,4,5,1,14,아이템,0.5283018867924528,0.2493909458284175,4.80267113766927,하메 도전 메린이 인데 템셋 질문있슴다,에테 장갑은 크주 vs 쌍크 어느게 가성비 좋나요,mvp작
얼마정,1,23,10,37,12,0,0,0,8,3,시세,0.34782608695652173,0.7526444309682687,4.788440079430845,칠흑 보통 얼마정도 하나요?,284->285되면 하메 배율 얼마정도 오르나요,스펙업 순서
앞으,1,51,7,65,38,0,1,5,0,7,아이템,0.7450980392156863,0.49034115917523363,4.7811320395901165,앞으로 뭘 건드리는게 좋을까요 ?,챌섭 블큐 화에큐 사용처 및 챌 달성 질문,복귀 중고뉴비 대적자 코인 뭐에 써야할까요?
다른,1,151,4,178,80,1,5,17,3,45,아이템,0.5298013245033113,0.28268329684497145,4.777717999368574,제네 검마,커믹 질문입니다!,챌린저 하고 싶은데 여기서 무보엠 바꿔주면 되나요?
가능할까요,1,47,13,70,16,1,1,3,2,24,기타,0.5106382978723404,0.3757115412653109,4.771034643984729,보통 22성 도전자셋은 환산 몇만까지 끼나요?,챌섭 챌린저 질문,어제 시작한 뉴비 제네패스
에디 레전,2,27,9,41,23,0,0,0,1,3,아이템,0.8518518518518519,0.6854310603791175,4.747867589203413,에디 레전 천장 사용처가 고민입니다....,메린이 에디 레전 천장 어떻게 하는게 좋을까요,에디 레전 천장 질문입니다
챌섭 챌린저,2,24,14,40,17,0,0,0,0,7,아이템,0.7083333333333334,0.6266629548938101,4.74492624436308,챌섭 챌린저 질문,챌섭 챌린저 목표 템셋팅 관련 질문입니다.,챌섭에서 챌린저 찍은 뉴비인데
투력,1,66,9,85,40,1,4,2,2,17,아이템,0.6060606060606061,0.33035599809395516,4.728877699119312,챌린저 찍고싶은 메린인데 향후 템셋팅 어떻게 해야하나요?,메린이 부캐 주보돌이 수입 질문입니다.,여명셋 질문 있습니다!
모르겠습니다,1,71,5,81,50,0,3,3,2,13,아이템,0.704225352112676,0.4372295362948487,4.725246538374097,쿨뚝 샀는데 괜찮게 산걸까요?,안녕하세요 챌섭유입 뉴비입니다.,와헌 템셋팅 질문 드립니다.
2줄,1,65,3,94,53,0,1,0,3,8,아이템,0.8153846153846154,0.5910138438238917,4.719013219273574,템 가성비 셋팅 질문,하메 도전 메린이 인데 템셋 질문있슴다,섀도어 뚝
익스우,1,40,13,67,26,0,5,2,0,7,몬스터,0.125,0.4161499022201064,4.711297726400682,제네무기 추옵이랑 에디 건드려야할까요 ?,메린이 익스우 템세팅 질문,에디 레전 천장 사용처가 고민입니다....
메포,1,44,9,69,12,1,0,1,8,22,시세,0.18181818181818182,0.46382270910081025,4.710736482564728,"안녕하세요 메쌤, 메형님들 뉴비 질문 몇 가지만 해도 될까요?",에테리온 효과 다 받는 기준이면 몬파 매일 3천포인트 씀??,지난주에 챌섭 시작한 뉴비인데 제네시스 패스 사도 되나요?
아란,1,27,9,42,13,1,0,11,0,2,직업,0.4074074074074074,0.6688476741236087,4.701152108533404,제네시스 코인 투자처 질문,아란 / 보공공 보보보 뭘 선택해야 할까요?,헥환 4.5 이후 템셋팅 질문.
나중,1,97,3,108,71,4,0,2,3,17,아이템,0.7319587628865979,0.4446929260641906,4.689330102994243,제네패스 지금 사도 되나요?,미트라 고민,어려운 직업 위주로 하시는 분 있나요
2추,1,27,4,34,25,0,0,0,0,2,아이템,0.9259259259259259,0.896260920018858,4.684804942634029,제네무기 추옵이랑 에디 건드려야할까요 ?,메고수 형님들 해방무기 질문입니다!!,제네시스 무기 추옵 궁금해요
잡고,1,85,8,103,48,4,5,6,1,21,아이템,0.5647058823529412,0.2657345630774449,4.677210519093231,메린이 하드메이린 목표 템셋 봐주시면 감사하겠습니다!,메고수 형님들 해방무기 질문입니다!!,칠흑 보통 얼마정도 하나요?
떡작,1,31,13,47,9,1,0,2,0,19,기타,0.6129032258064516,0.50238628189902,4.66462291813947,헥사 스탯 질문입니다,"헥사코어 강화할때 ""최종뎀 효율"" << 이게 뭔가요?",뉴비 여기서 과금 더 안하고 첼은 많이 힘들까용
어디,1,44,12,59,25,1,1,0,0,17,아이템,0.5681818181818182,0.38392776367351883,4.660952071958134,챌섭리프,제네무기 어디를 건드려야 될까요?,챌섭 리프 질문
에디셔널,1,33,9,47,25,0,0,1,1,6,아이템,0.7575757575757576,0.5620688488809017,4.65674911287325,미트라의 분노 잠재 스크롤 안됌,제내무기 에디셔널,에디 레전 천장 관련 질문
제네시스 패스,2,34,13,56,15,4,0,2,0,13,퀘스트,0.11764705882352941,0.4575949082504516,4.642569705347898,제네시스 코인 투자처 질문,메린이 에디 레전 천장 어떻게 하는게 좋을까요,"안녕하세요 메쌤, 메형님들 뉴비 질문 몇 가지만 해도 될까요?"
도전자,1,38,5,46,33,1,0,1,0,3,아이템,0.868421052631579,0.6472285136969277,4.6392774696563475,에테 18성 직작 vs 완작사기,챌섭 뉴비 하드메이린 잡고싶은데 스펙업 질문,에테르넬 장비 추옵 질문
유잠,1,43,2,53,38,0,0,0,0,5,아이템,0.8837209302325582,0.8400731272115359,4.629069025928582,핵환 4.4 도미먹었는디,챌섭 챌린저 목표 템셋팅 관련 질문입니다.,"안녕하세요 메쌤, 메형님들 뉴비 질문 몇 가지만 해도 될까요?"
가능한가요,1,40,17,59,12,0,4,3,1,20,기타,0.5,0.3336562935796761,4.623555122813987,챌섭에서 리프할때 템,이메일 변환 명의이전 질문 잘아시는분만,챌섭 3만점 찍는데 얼마나걸려요??
블랙,1,42,4,52,37,1,1,0,0,3,아이템,0.8809523809523809,0.6507121936731602,4.603197098272957,챌린저 하고 싶은데 여기서 무보엠 바꿔주면 되나요?,메린이 에디 레전 천장 어떻게 하는게 좋을까요,메린이 렌 키우는데 보조무기 궁금한게 있습니다
해도,1,50,13,65,20,4,1,5,1,19,퀘스트,0.08,0.30382062315637454,4.592525355393292,제네 추옵 윗잠 밑잠 중 우선 순위 부탁드립니다.,하드 메이린 잡았는데,MVP작 할 때 질문
3줄,1,54,3,66,44,0,0,1,2,7,아이템,0.8148148148148148,0.61849525512357,4.591619412491169,템 가성비 셋팅 질문,하드메이린 목표 템셋 좀 봐주세요 ㅠㅠ,챌섭 챌린저 목표 템셋팅 관련 질문입니다.
훈수,1,14,9,27,14,0,0,0,0,0,아이템,1.0,1.0,4.578705008343453,18에테 22아케인 질문있습니다,마도서 먹었는데 어쩌죠?,첼린저섭 첼린저 찍고싶습니다 스팩업 질문드립니다
아님,1,78,4,87,52,1,1,6,1,17,아이템,0.6666666666666666,0.4132673288435029,4.5783885888324205,섀도어 뚝,챌섭리프,크주잡 에테 스타포스 어디까지 올려야할까요?
템을,1,65,2,80,53,1,0,0,1,10,아이템,0.8153846153846154,0.6405068759283564,4.569218985256042,챌린저 찍고싶은 메린인데 향후 템셋팅 어떻게 해야하나요?,챌섭 유입 메린이 템 진로 고민입니다 !!,지금의 조건으로 어느정도 맞춰야할까요 진로상담 부탁드립니다
이미지,1,430,0,772,323,7,4,17,9,70,아이템,0.7511627906976744,0.49892781225063665,4.546329064187549,유챔 하드 세렌급 보조 스펙 질문 있습니다!,메린이 하드메이린 목표 템셋 봐주시면 감사하겠습니다!,헥환 5만목표 방향성 궁금해요
사용,1,36,8,50,25,1,0,0,0,10,아이템,0.6944444444444444,0.5151247531662518,4.5386449753034395,동전꼽기가 운영정책 위반인지 여부,제네패스 코인 사용 질문,아흐... 펫장비 이전 줌서에 대한 글은 많은데...
설정,1,24,10,43,3,0,2,0,0,19,기타,0.7916666666666666,0.6333598971706204,4.5198612436338745,메m 넥슨플러그로 하시는 분??,메린이 보스 보상 질문있습니다,안녕하세요 이번챌린져로 유입된 유저입니다
메획,1,42,7,67,29,1,1,0,0,11,아이템,0.6904761904761905,0.4798509964252609,4.5191385218687685,풀드메 마췃는데 궁금한게있어요,보스방 드랍율이랑 일반 맵 드랍율이 다른가요?,드랍셋
어디서,1,33,6,41,8,0,1,0,1,23,기타,0.696969696969697,0.6168276643948304,4.514954667925035,제네 검마,드랍셋,챌린저스 포인트 잃어버린 5000점 질문.
하는,1,80,7,98,44,1,3,9,4,19,아이템,0.55,0.2650184488758843,4.513490438251985,동전꼽기가 운영정책 위반인지 여부,해방무기 제네플러스 코인 어떤거 할까요??,보마 카링1페 질문 있습니다
카유잠,1,22,6,28,19,0,0,0,0,3,아이템,0.8636363636363636,0.8140358845410866,4.504170577218036,핵환 4.4 도미먹었는디,10억있는데 카유잠 어디에 쓸지 추천부탁드립니다,메짱님들 골클벨 잠재 33%인데 팔리나요? 조언 구합니다
제로,1,27,6,49,8,0,0,12,1,6,직업,0.4444444444444444,0.7060324342003993,4.5017552823694675,챌섭 실수로 나워 리프시켰는데 버닝없이 정축 여축30 가능할까요?,대적자큐브 사용처 질문,제로<>렌 직변 해보신분 궁금합니다.
닉네임,1,48,11,68,26,0,0,1,4,17,아이템,0.5416666666666666,0.324842537520338,4.499869636237116,뉴비 아버 템 대체질문,보마 노말 칼로스 템셋 질문,챌섭 유입 메린이 템 진로 고민입니다 !!
봐주세요,1,21,19,40,15,0,0,0,1,5,아이템,0.7142857142857143,0.5272557983448775,4.4817498138713585,하드메이린 목표 템셋 좀 봐주세요 ㅠㅠ,레테 하드메이린 잡고싶은데 템좀 봐주세요 ㅠㅠ,하드 메이린 배율좀 봐주세요
템진,1,12,11,23,12,0,0,0,0,0,아이템,1.0,1.0,4.4770472718792265,[뉴비] 메짱이형님들 템진로 조언 부탁드립니다,7만 목표 템진로 질문,챌섭 하메 템진로 조언 받고싶습니다
진힐라,1,36,10,57,9,3,8,2,0,14,몬스터,0.2222222222222222,0.4404841799350581,4.471622158908893,챌린저 찍고싶은 메린인데 향후 템셋팅 어떻게 해야하나요?,뉴비 검마까지 방향성 조언좀....,제네시스 해방퀘스트 질문
질문좀,1,17,13,31,6,0,0,0,0,11,기타,0.6470588235294118,0.7262167466699825,4.469804181701158,레테 무기 잠재 질문좀 드립니다!,챌섭 복귀 유전데 질문좀 받아주세요,님들 울티마 아이템 분해 질문좀...
아시는분,1,30,11,41,10,0,1,2,0,17,기타,0.5666666666666667,0.48978888437281476,4.464844023830166,에테모자 에디에픽->레전 기대값 얼마인지 아시는분??,코디템 질문있습니다,이거 코디템 뭔지 아시는분
싶습니다,1,46,7,55,29,0,0,3,1,13,아이템,0.6304347826086957,0.42790918557295804,4.463640302360699,헥환 8만 목표 과금 어느정도 해야할까요?,메린이 에디 레전 천장 어떻게 하는게 좋을까요,메린이 하드 메이린 배율 105인데 못잡겠습니다..
에르다,1,25,10,46,7,0,0,2,0,16,기타,0.64,0.5888260111039422,4.450197449240685,솔 에르다 3개의 가치가 어느정도인가요?,솔 에르다 기운 어떻게 처리해야할까요,솔 에르다 1개완성될때 이펙트 못끄나요
패턴,1,28,4,38,2,0,17,5,0,4,몬스터,0.6071428571428571,0.7814380424572397,4.4474775600224365,보마 카링1페 질문 있습니다,렌 하세 환산 118.7% 로 1초 남기고 잡게될 것 같은데...,이번 이벤으로 시작한 늅늅이 장비좀 봐주실수 있을까요?
없나요,1,34,12,48,7,3,1,1,0,22,기타,0.6470588235294118,0.41305680635751235,4.4448651271546415,챌섭 쌩뉴비 여러 가지 질문 드립니다 !,메이플m 인벤토리 질문이요!,지금 노버닝 276인데
사면,1,46,7,56,29,0,0,2,6,9,시세,0.13043478260869565,0.4214690273461698,4.443508384935476,챌섭 쌩뉴비 여러 가지 질문 드립니다 !,모멘텀 패스 가치 있나요?,뉴비 검마까지 방향성 조언좀....
중에,1,49,7,59,32,0,1,6,0,10,아이템,0.6530612244897959,0.397910600772025,4.440092542288625,해방무기 제네플러스 코인 어떤거 할까요??,직업 고민,루미너스 윈브 중에 본캐 추천 부탁드립니다!
극딜,1,38,4,60,1,0,16,10,0,11,몬스터,0.42105263157894735,0.6221531238773201,4.406128122869549,배율20퍼차이나는데 딜이 똑같은데 뭐가문제일까요,메린이 플라즈마 하트 갖고싶어요,하드메이린 오리진 초기화 질문점..
에스텔라,1,38,4,53,33,0,1,1,1,2,아이템,0.868421052631579,0.6209091283543924,4.40274915476992,챌섭 챌린저 목표 템셋팅 관련 질문입니다.,살짝 과부화 오는데 방향성 한번만 잡아주실분..?,도미 너무 비싼데 대체할만한거있나요?
플라즈마 하트,2,20,8,33,16,0,0,0,0,4,아이템,0.8,0.7343719051785197,4.380479096085086,플라즈마 하트 스페어 질문,챌섭 챌린저 목표 템셋팅 관련 질문입니다.,4여명 5칠흑으로 7~8만 될까요?
모멘텀,1,19,8,32,6,0,0,0,0,13,기타,0.6842105263157895,0.7581504219042069,4.369374106337783,모멘텀 패스 플러스 누구 줄까요?,모멘텀 패스 가치 있나요?,무자본 하드메이린 방향 추천 부탁드립니다.
고근,1,28,2,37,27,0,0,0,0,1,아이템,0.9642857142857143,0.9491390994950946,4.363246893904502,메고수 형님들 템 진로좀 봐주십쇼,4여명 5칠흑으로 7~8만 될까요?,뉴비 칠흑셋 순서 질문있습니다!
달성,1,27,8,38,14,0,0,0,0,13,기타,0.48148148148148145,0.5732853337698738,4.349099516004152,챌섭 블큐 화에큐 사용처 및 챌 달성 질문,메쌤들 현실적으로 챌 달성 가능한지 상태좀 봐줄수있나요,챌린저스 포인트 잃어버린 5000점 질문.
돌릴까요,1,19,7,30,16,0,0,0,0,3,아이템,0.8421052631578947,0.7866082155986158,4.345537964948268,무기 윗잠 돌릴까요,제네패스 코인 사용 질문,제네플 잠재 더이상 건들지말고 환불 돌릴까요 ?
인트,1,29,5,38,21,0,0,0,7,1,시세,0.2413793103448276,0.6596492491537792,4.339514488498393,뉴비 루컨마 시세 문의 드립니다..!!!,챌섭 아케인셰이드 장갑 극추옵 질문드립니다,미트라 고민
하버,1,27,9,48,3,0,0,7,0,17,직업,0.25925925925925924,0.5375498272181143,4.331285427831219,깡통 200레벨에서 (노하버) 부스터,하버 본캐 썬콜VS키네VS제논 (투표),겨울에도 재네패스 하나요?
유에,1,32,3,45,26,0,0,0,0,6,아이템,0.8125,0.7496902743541257,4.331064480422852,헥환 8만 목표 과금 어느정도 해야할까요?,유챔 하드 세렌급 보조 스펙 질문 있습니다!,템 가성비 셋팅 질문
우선순위,1,27,6,35,21,0,0,1,0,5,아이템,0.7777777777777778,0.6399186086324603,4.327298890145237,선생님들 헥사환산 몇을 목표로 잡아야할까요?,챌린저 하고 싶은데 여기서 무보엠 바꿔주면 되나요?,챌썹 코인 사용처?
써야할까요,1,23,10,36,20,0,2,0,0,1,아이템,0.8695652173913043,0.5820695152045204,4.322408436756222,메린이 해방무기 질문,복귀 중고뉴비 대적자 코인 뭐에 써야할까요?,대적자 큐브 에디에 써야할까요
최소컷,1,26,10,37,10,2,7,1,0,6,몬스터,0.2692307692307692,0.5219772106584725,4.31233853980243,"하드메이린 환산 오르는거 평딜,준극이랑 오리진이랑 비슷하면",챌섭 블큐 화에큐 사용처 및 챌 달성 질문,배율20퍼차이나는데 딜이 똑같은데 뭐가문제일까요
제네패스 플러스,2,22,13,40,17,1,0,0,0,4,아이템,0.7727272727272727,0.5337361396535723,4.308202633779762,메쌤들 현실적으로 챌 달성 가능한지 상태좀 봐줄수있나요,메린이 방향성이 잘못된걸까요? 현실조언 부탁드립니다,챌린저스 패스 vs 제네패스 플러스
버닝,1,41,9,66,12,1,1,6,0,21,기타,0.5121951219512195,0.3557830677330666,4.283976440017024,유뇬작이랑 링크작하려는데,"안녕하세요 메쌤, 메형님들 뉴비 질문 몇 가지만 해도 될까요?",챌섭 실수로 나워 리프시켰는데 버닝없이 정축 여축30 가능할까요?
제네무기 윗잠,2,19,4,23,18,0,0,0,0,1,아이템,0.9473684210526315,0.925600658007985,4.276918696158514,제네무기 윗잠 아랫잠 뭐돌릴까요...,레테 보조 질문드립니다..,급함 제네무기 윗잠 방무 버려도됨??
퀘스트,1,19,4,25,3,12,0,0,0,4,퀘스트,0.631578947368421,0.925246532541356,4.276132154139683,뉴비가 모험미션 질문드리겠습니다!,보스깨고 튕기면 제네플러스 퀘스트 안깨지나요?,285찍고 링크스킬 추출해서 키네캐릭으로 배우려고하는데요.
해야할지,1,52,4,59,37,1,0,5,0,9,아이템,0.7115384615384616,0.4512322675365174,4.2719005718571035,유입된 메린인 인데 이 이상 어떻게 스팩업을 해야할지 알려주세요!,본캐 추천 부탁드리겠습니다....,윗잠 아랫잠중 어느거 돌려야하나요
쿨뚝,1,22,8,36,19,0,0,2,0,1,아이템,0.8636363636363636,0.6416347248519375,4.270146128060944,쿨뚝 샀는데 괜찮게 산걸까요?,지금 에테 쿨뚝 사둘만함니까?,에디 레전천장 사용처 추천부탁드려요 + 도전자 대체셋 질문
사도,1,32,17,58,17,1,0,0,3,11,시세,0.09375,0.3075537543450129,4.26809707282118,제네패스 지금 사도 되나요?,레테 보조 질문드립니다..,펫 아무거나 사도 되나요?
강화권,1,30,4,42,25,0,0,0,1,4,아이템,0.8333333333333334,0.6756326213769875,4.266180731287262,플라즈마 하트 스페어 질문,뉴비 아버 템 대체질문,챌섭 챌린저 목표 템셋팅 관련 질문입니다.
컴퓨터,1,15,5,28,0,0,0,0,0,15,기타,1.0,1.0,4.262932351444194,"메이플 캐릭변경, 캐시샵 튕김현상 제발 도와주세요",안녕하세요 컴퓨터 질문있어요,메이플 렉 걸리지 않는 사양
펫장비,1,15,5,53,15,0,0,0,0,0,아이템,1.0,1.0,4.262932351444194,챌섭 뉴비 하드메이린 잡고싶은데 스펙업 질문,무자본 하드메이린 방향 추천 부탁드립니다.,아흐... 펫장비 이전 줌서에 대한 글은 많은데...
상태,1,68,4,77,39,1,2,4,0,22,아이템,0.5735294117647058,0.350917286776139,4.240844103096083,동전꼽기가 운영정책 위반인지 여부,해방무기 제네플러스 코인 어떤거 할까요??,에디 레전 천장 사용처가 고민입니다....
팔고,1,65,3,76,48,0,0,2,7,8,아이템,0.7384615384615385,0.42763632714580757,4.234428711144487,핵환 4.4 도미먹었는디,mvp작,뉴비 루컨마 시세 문의 드립니다..!!!
야누스,1,23,5,43,8,0,0,0,0,15,기타,0.6521739130434783,0.7306621480025433,4.228307242934356,헥환 8만 목표 과금 어느정도 해야할까요?,챌섭 리프할때 보상 어떻게 하나요?,첼린저섭 첼린저 찍고싶습니다 스팩업 질문드립니다
몬파,1,27,8,48,3,2,0,0,1,21,기타,0.7777777777777778,0.5263417385442472,4.219331340522558,에테리온 효과 다 받는 기준이면 몬파 매일 3천포인트 씀??,유료 경험치 주는것들 효율 궁금해요,지금 284인데 챌섭기간 동안 290가능함?
2인,1,19,9,30,1,1,8,1,0,8,몬스터,0.42105263157894735,0.6632925461584838,4.212380533075957,안녕하세요 챌섭유입 뉴비입니다.,지금의 조건으로 어느정도 맞춰야할까요 진로상담 부탁드립니다,익스우 처음 도전할때 몇퍼로 도전하는게 정배인가요?
어빌리티,1,17,11,31,4,0,0,1,0,12,기타,0.7058823529411765,0.6691970092285622,4.210602000734534,어빌리티 질문,챌섭 쌩뉴비 여러 가지 질문 드립니다 !,실수로 어빌리티 잘못돌려버렸어요..
제일,1,51,5,61,31,0,0,5,1,14,아이템,0.6078431372549019,0.38565246931447644,4.209021375485799,유뇬작이랑 링크작하려는데,챌섭 메린이 질문이용,100억 정도 있는디
챌린저 목표,2,24,9,34,18,0,0,2,0,4,아이템,0.75,0.5462431539289575,4.2076341429220045,챌섭 챌린저 목표 템셋팅 관련 질문입니다.,메린이 내 캐릭이 왜 약한지 모르겠어요,블랙보조12/60 아랫잠 고민
이게,1,65,5,70,32,1,2,9,2,19,직업,0.13846153846153847,0.30518582646409403,4.203814823091346,이게 주흔15퍼작보다 좋은건가요?,"헥사코어 강화할때 ""최종뎀 효율"" << 이게 뭔가요?",카링 168배율인데 할만한가요
블큐 화에큐,2,20,4,25,18,0,0,0,0,2,아이템,0.9,0.861505235373519,4.201895154097632,해방무기 제네플러스 코인 어떤거 할까요??,챌섭 스펙업 어떻게 할까요? 미트라? 보장?,챌섭 블큐 화에큐 사용처 및 챌 달성 질문
처음,1,74,6,87,30,1,6,8,3,26,몬스터,0.08108108108108109,0.22691258260010436,4.1947658378956,초저자본 메린이 첫 제네시스 잠재 질문,메린이 본캐 고민,메린이 하드메이린 잡으려면 어떻게 세팅해야 할까요…
레전 잠재,2,15,6,25,14,0,0,0,0,1,아이템,0.9333333333333333,0.9063347413281794,4.185502122003514,뉴비) 첫 해방 무기 세팅 방법 좀 알 수 잇을까요?!,"메린이 오늘 첫 해방했는데, 잠재 돌리고 남은 블랙큐브는 어디에 쓰는게 좋나요?",뉴비 반지 질문
에픽던전,1,24,6,39,3,6,0,2,0,13,퀘스트,0.25,0.6371197797075405,4.17299275134257,에픽던전 본캐랑 285작 누구 위주로 해야할까요?,유료 경험치 주는것들 효율 궁금해요,MVP 레드 달아주는게 좋을까요?
최대,1,72,2,75,38,0,1,15,2,16,직업,0.20833333333333334,0.46202862753899104,4.170089341244548,핵환 4.4 도미먹었는디,본캐 추천 부탁드리겠습니다....,메카베리 본캐vs부캐
하루,1,71,3,79,31,0,4,3,1,32,기타,0.4507042253521127,0.37614282171898294,4.166466123781533,챌섭 챌린저 목표 템셋팅 관련 질문입니다.,자석펫 스카니아에 있으면 스카니아로 리프해야겠져?,검마 배율 181%인데 이거 잡히는거 맞나요..?
무기 윗잠,2,16,5,22,15,0,0,0,0,1,아이템,0.9375,0.9120297749808449,4.16453889398677,무기 윗잠 돌릴까요,제네패스 plus 코인들 어따 쓸가요,챌섭 메린이 제네 무기 윗잠 아랫잠 뭐 돌려야 하는지 알려주세요..!
살까요,1,22,6,31,19,0,0,0,1,2,아이템,0.8636363636363636,0.6759474278389851,4.161303068900581,코인샵 코인 어디에 쓸까요?,챌린저 하고 싶은데 여기서 무보엠 바꿔주면 되나요?,제네시스 패스 플러스 살까요?
질문있어요,1,16,15,31,11,0,0,0,0,5,아이템,0.6875,0.6032634140699606,4.160319418886526,스펙업 질문있어요,뉴비 칠흑 질문있어요,메린이 100억 모았습니다..드메템 질문있어요!
에디에픽,1,20,3,27,19,0,0,0,0,1,아이템,0.95,0.9292393314190733,4.158189585255464,요놈 에테장비에 바를수있나요?,에테모자 에디에픽->레전 기대값 얼마인지 아시는분??,"방어구, 장신구 템셋 훈수 부탁드립니다 (글삭X)"
레드,1,21,5,39,7,0,0,0,0,14,기타,0.6666666666666666,0.7431724270758143,4.142269112346287,mvp작,에테리온 효과 다 받는 기준이면 몬파 매일 3천포인트 씀??,타명의 계정 재화 옮기면 정지 당하나요
악세,1,21,4,29,18,0,0,0,0,3,아이템,0.8571428571428571,0.8057118021740804,4.13823526220894,챌린저 하고 싶은데 여기서 무보엠 바꿔주면 되나요?,챌린저스섭 진로가 궁그미합니다!,스펙업 방향 추
업글,1,17,7,27,14,0,0,0,0,3,아이템,0.8235294117647058,0.7633382011909197,4.138095839885397,스펙업 순서,템사기 vs 6차업글 도 환산 사이트보고 하면 되나요?,플하 업글 모듈 사서 리프 되나요?
이지카링,1,25,8,38,9,1,6,1,0,8,몬스터,0.24,0.5309700078877844,4.138003317232111,칠흑 보통 얼마정도 하나요?,뉴비 칠흑 질문있어요,메린이 플라즈마 하트 갖고싶어요
어빌,1,26,13,42,10,0,0,4,0,12,직업,0.15384615384615385,0.40116535869428205,4.1370861607841265,어빌 카오스 서큘레이터 질문이요,레테 어빌 수칙 20 7 10 인데 카오스 서큘 계속 돌려야하나요..?,아델 어빌
다음 스펙업,2,14,9,24,12,0,0,0,0,2,아이템,0.8571428571428571,0.8057118021740804,4.133910836119672,하드 메이린 잡았는데,갓 2억단 뉴비 다음 스펙업 추천 부탁드립니다.,전투력 1억5천 메린이 다음 스펙업을 도통 못잡겠어요 ㅠㅠ
2개,1,58,4,67,34,0,2,3,1,18,아이템,0.5862068965517241,0.36591059668148895,4.12935292726626,챌섭 챌린저 목표 템셋팅 관련 질문입니다.,메쌤 도와줘요,솔 에르다 3개의 가치가 어느정도인가요?
27퍼,1,23,5,37,20,0,0,0,1,2,아이템,0.8695652173913043,0.6870799287485437,4.121828336264139,메린이 익스우 템세팅 질문,여명셋 질문 있습니다!,메고수 형님들 템 진로좀 봐주십쇼
해야할까요,1,33,10,46,21,1,0,4,0,7,아이템,0.6363636363636364,0.35884245825701644,4.119408022618575,헥환 8만 목표 과금 어느정도 해야할까요?,헥환 5만목표 방향성 궁금해요,환산 7~8만 목푠데 다음 메소를 어디다 써야 해야할까요?
할지,1,58,2,72,42,0,0,5,0,11,아이템,0.7241379310344828,0.5196236706106562,4.119264601652433,챌린저 찍어보고 싶은데 여기서 뭘 더 해야 할까요?,챌린저 하고 싶은데 여기서 무보엠 바꿔주면 되나요?,챌섭 유입 메린이 템 진로 고민입니다 !!
어느정,1,56,9,72,26,1,4,5,3,17,아이템,0.4642857142857143,0.20465337553122115,4.117440271628612,헥환 8만 목표 과금 어느정도 해야할까요?,이번 마라벨 풀셋 가격?,무보 잇는상태에서 유챔 템셋팅질문점여
사려고,1,32,4,37,26,0,0,0,2,4,아이템,0.8125,0.5880039538326804,4.11668675161787,레테 보조 질문드립니다..,"안녕하세요 메쌤, 메형님들 뉴비 질문 몇 가지만 해도 될까요?",리레4렙
해방퀘,1,14,7,26,2,8,0,1,0,3,퀘스트,0.5714285714285714,0.8690788174583263,4.109562124722158,메잘알 선배님들 질문,모험가 자전,뉴비입니다 메이플을 시작하고 해방퀘를 진행하는도중인데
맞추고,1,44,3,50,31,0,0,3,0,10,아이템,0.7045454545454546,0.5235083717508272,4.105709500582074,하메 도전 메린이 인데 템셋 질문있슴다,템환 6.4 헥환 5.3 캐릭 버리려고하는데요,에테 스타포스 할만한지 아니면 사먹는게 나은지 궁금합니다.
메짱,1,16,6,23,14,0,0,0,0,2,아이템,0.875,0.8287131132142378,4.102870497776388,메짱이 선생님들 아버 이후에 질문있습니다. 17에테 VS 18아케인(+27여명),챌섭 템세팅 진로 질문드려요,1억 플마단 되려면 뭐부터 해야 하나요?
괜찮나요,1,28,10,40,17,0,0,1,1,9,아이템,0.6071428571428571,0.41647240238320243,4.100420356103495,메이플 지금 복귀 괜찮음?,뉴비 칠흑 질문있어요,메린이 챌린저 달았는데 이제 세팅 뭐부터할까요?
해야,1,50,7,62,27,1,2,6,0,14,직업,0.12,0.28425261830805243,4.099736392486679,제네무기 추옵이랑 에디 건드려야할까요 ?,챌린저 찍어보고 싶은데 여기서 뭘 더 해야 할까요?,"안녕하세요 메쌤, 메형님들 뉴비 질문 몇 가지만 해도 될까요?"
가성비,1,37,2,42,30,0,0,1,0,6,아이템,0.8108108108108109,0.6934250952232838,4.095104252087395,템 가성비 셋팅 질문,에테 장갑은 크주 vs 쌍크 어느게 가성비 좋나요,제네시스 코인 투자처 질문
대적자큐브,1,15,7,24,13,0,0,0,0,2,아이템,0.8666666666666667,0.8179360577586001,4.092373650256518,대적자큐브 사용처 질문,선배님들 대적자큐브 어디다 쓸까요,대적자큐브 위아래?
형들,1,29,21,50,14,0,2,1,2,10,기타,0.3448275862068966,0.2477696349667845,4.089671682467971,형들 지금 링크캐 키울방법 없음?,형들 지금 282에 81퍼인데 노사냥으로 285가능한가요?,형들 익스우 135퍼
18에테,1,17,5,27,15,0,0,0,0,2,아이템,0.8823529411764706,0.8382856019472291,4.084695468442493,18에테 22아케인 질문있습니다,에테 모상하 잠재 질문!,진로 고민 도와주세요
좋은,1,55,4,64,35,1,1,6,0,12,아이템,0.6363636363636364,0.3669634145812145,4.079646113120003,초저자본 메린이 첫 제네시스 잠재 질문,챌섭 챌린저 목표 템셋팅 관련 질문입니다.,"안녕하세요 메쌤, 메형님들 뉴비 질문 몇 가지만 해도 될까요?"
에테르넬,1,32,4,41,27,0,1,1,1,2,아이템,0.84375,0.5726663329499296,4.0769260315409666,요놈 에테장비에 바를수있나요?,챌섭 아케인셰이드 장갑 극추옵 질문드립니다,챌섭에서 챌린저 찍은 뉴비인데
마력,1,55,1,79,46,0,0,3,0,6,아이템,0.8363636363636363,0.6722341576918773,4.065535720379122,뉴비 쌍레보조 150억,챌린저 하고 싶은데 여기서 무보엠 바꿔주면 되나요?,미트라 고민
이상,1,52,3,74,38,1,2,0,2,9,아이템,0.7307692307692307,0.44481647193031887,4.061010602934645,동전꼽기가 운영정책 위반인지 여부,유입된 메린인 인데 이 이상 어떻게 스팩업을 해야할지 알려주세요!,메린이 에디 레전 천장 어떻게 하는게 좋을까요
제네플러스,1,27,4,31,22,0,1,0,0,4,아이템,0.8148148148148148,0.6424485243129184,4.057749059473633,해방무기 제네플러스 코인 어떤거 할까요??,제네플러스 보스 연모6인으로 패도되나여?,하드메이린 목표 템셋 좀 봐주세요 ㅠㅠ
해방 무기,2,13,5,18,13,0,0,0,0,0,아이템,1.0,1.0,4.0576241176674115,뉴비) 첫 해방 무기 세팅 방법 좀 알 수 잇을까요?!,해방 무기 제네패스 코인 질문,제네플 코인 질문 드려요
다시,1,114,2,127,44,1,4,13,5,47,기타,0.41228070175438597,0.28627306067484065,4.057409678726722,뉴비 루컨마 시세 문의 드립니다..!!!,하이퍼버닝 캐릭 삭제 고민,챌섭에서 챌린저 찍은 뉴비인데
8만,1,14,8,27,12,0,0,0,0,2,아이템,0.8571428571428571,0.8057118021740804,4.056629558352693,헥환 8만 목표 과금 어느정도 해야할까요?,환산 7~8만 목푠데 다음 메소를 어디다 써야 해야할까요?,챌섭 유입 메린이 템 진로 고민입니다 !!
레전 천장,2,13,7,23,12,0,0,0,0,1,아이템,0.9230769230769231,0.892403539927027,4.054840728648392,에디 레전 천장 사용처가 고민입니다....,메린이 에디 레전 천장 어떻게 하는게 좋을까요,에디 레전 천장 질문입니다
제네무기 추옵,2,10,9,19,10,0,0,0,0,0,아이템,1.0,1.0,4.054302645710297,제네무기 추옵이랑 에디 건드려야할까요 ?,제네무기 추옵 질문,추옵날라갔는데 복구해주나요?
템환,1,28,6,38,21,0,0,3,0,4,아이템,0.75,0.5180724112119276,4.047964653829998,제네무기 에디 고민 유니크 15 vs 레전 등업,템환 6.4 헥환 5.3 캐릭 버리려고하는데요,템환 10만으로 가고싶습니다..
돌리다,1,56,3,62,42,1,0,1,6,6,아이템,0.75,0.41331538864835504,4.045268345302916,제네무기 에디 고민 유니크 15 vs 레전 등업,화에큐 사용처 질문,뉴비 루컨마 시세 문의 드립니다..!!!
모자,1,28,3,33,24,0,0,0,1,3,아이템,0.8571428571428571,0.6945343492868443,4.039528245039865,제논 5에테,아버 에테로 바꾸려는데,에테 모상하 잠재 질문!
시작한,1,56,7,65,29,3,1,5,3,15,아이템,0.5178571428571429,0.23032751604856128,4.038696416597488,메린이 유니온 질문있습니다,어제 시작한 뉴비 제네패스,메린이 본캐 고민
계획,1,26,4,34,19,0,0,0,0,7,아이템,0.7307692307692307,0.6522973512787581,4.037529277254393,헥환 4.5 이후 템셋팅 질문.,챌섭 호영 템셋 질문,[질문] 복귀 유저 아버 이후 에테르넬 17성 풀셋 질문
5석펫,1,17,10,31,5,0,0,1,0,11,기타,0.6470588235294118,0.6241806004626457,4.0357756423037126,2분 설치기 직업,챌섭 떠날까요?,5석펫 효과도 사용횟수 제한이있나요??
스펙업 방향성,2,11,7,18,11,0,0,0,0,0,아이템,1.0,1.0,4.035072084217691,챌섭 챌린저 목표 템셋팅 관련 질문입니다.,메고수 형님들 뉴비 스펙업 도움,챌섭 스펙업 방향성 알려주세요..!
조언좀,1,26,12,40,16,0,1,2,0,7,아이템,0.6153846153846154,0.38323798224357464,4.033475798629723,메고수님들 템세팅 조언좀 부탁드립니다,카링 3페 질문점요!,하드 메이린 목표 템셋팅 조언좀 부탁드립니다
아래,1,44,2,48,32,0,1,0,0,11,아이템,0.7272727272727273,0.5885402862646061,4.020020688398943,초저자본 메린이 첫 제네시스 잠재 질문,챌섭 블큐 화에큐 사용처 및 챌 달성 질문,메린이 하드 메이린 배율 105인데 못잡겠습니다..
강화,1,37,5,57,16,1,0,8,1,11,직업,0.21621621621621623,0.4371903728125765,4.019023827625307,유챔 하드 세렌급 보조 스펙 질문 있습니다!,에테 스타포스 할만한지 아니면 사먹는게 나은지 궁금합니다.,챌섭 쌩뉴비 여러 가지 질문 드립니다 !
프악공,1,14,4,25,14,0,0,0,0,0,아이템,1.0,1.0,4.015581799830816,챌섭 챌린저 목표 템셋팅 관련 질문입니다.,프악공 프펫공 질문드립니다,메린이 챌린저 달았는데 이제 세팅 뭐부터할까요?
링크,1,24,6,37,7,0,0,2,0,15,기타,0.625,0.5731159853832667,4.0098480791663365,님들 링크 3렙 찬란한영웅의 증거 질문 있습니다,285 찍으면 어떤 링크부터 3레벨 찍어줘야 하나요??,궁금해서 그러는데 유챔나온게 왜 다들 별로라는거야?
일퀘,1,24,5,39,4,5,0,1,0,14,퀘스트,0.20833333333333334,0.6111162946819856,3.986796846607286,메린이 레벨업질문드립니다,누비 챌린저 달수 있을까요?,카루타 11성 9퍼 공10 둘둘
카링,1,21,7,36,9,0,6,3,0,3,몬스터,0.2857142857142857,0.5885028467305246,3.9866140306372997,플라즈마 하트 스페어 질문,보마 카링1페 질문 있습니다,카링 168배율인데 할만한가요
뉴비인데,1,39,10,51,21,2,2,3,0,11,아이템,0.5384615384615384,0.2570276979488376,3.9863763869943716,선생님들 이거 어떤 거 선택하면 좋을까요?,"안녕하세요 메쌤, 메형님들 뉴비 질문 몇 가지만 해도 될까요?",챌섭에서 챌린저 찍은 뉴비인데
첼섭,1,35,9,51,18,1,0,3,0,13,기타,0.37142857142857144,0.3154783078020886,3.985192942941564,첼섭 본섭 차이,여명으로 카링 될까요?,성장 방향 조언 부탁드려요
보장,1,27,2,33,23,0,0,0,0,4,아이템,0.8518518518518519,0.7989627140935871,3.9851024624779394,하메 도전 메린이 인데 템셋 질문있슴다,와헌 템셋팅 질문 드립니다.,챌섭 스펙업 어떻게 할까요? 미트라? 보장?
헥사 떡작,2,10,8,18,0,0,0,0,0,10,기타,1.0,1.0,3.9785096009796463,헥사스텟 질문,헥사 떡작 질문드려요,헥사 떡작 질문
21성,1,23,2,32,21,0,0,0,0,2,아이템,0.9130434782608695,0.8788941261058951,3.9696227875640697,선생님들 헥사환산 몇을 목표로 잡아야할까요?,여명셋 질문 있습니다!,메고수 형님들 템 진로좀 봐주십쇼
VS,1,13,6,21,12,0,0,0,0,1,아이템,0.9230769230769231,0.892403539927027,3.9548091289846914,메짱이 선생님들 아버 이후에 질문있습니다. 17에테 VS 18아케인(+27여명),메린이 70억 메소 어캐쓸까요?,해방무기 추옵 VS 에디
하이퍼버닝,1,24,8,47,6,0,0,5,0,13,직업,0.20833333333333334,0.48013229979086797,3.952437056471607,100억으로 템세팅 질문,하이퍼버닝 캐릭 삭제 고민,꼭 챌린저스나 하이퍼버닝으로 키워야 하나요 ?
천천히,1,100,1,115,72,3,3,7,0,15,아이템,0.72,0.4177765592349392,3.951915945345843,헥환 8만 목표 과금 어느정도 해야할까요?,템 가성비 셋팅 질문,제네 추옵 윗잠 밑잠 중 우선 순위 부탁드립니다.
하메,1,30,10,51,20,2,2,0,0,6,아이템,0.6666666666666666,0.33488748405709434,3.940781217950016,하메 도전 메린이 인데 템셋 질문있슴다,메린이 하드메이린 목표 템셋 봐주시면 감사하겠습니다!,100억 정도 있는디
보고,1,60,4,68,30,1,3,3,1,22,기타,0.36666666666666664,0.2887717400134237,3.9280040445060203,펫 아무거나 사도 되나요?,대장장이 고견 나눠주실 메짱엉아들?,챌섭 스펙업 어떻게 할까요? 미트라? 보장?
업그레이드,1,20,5,35,15,0,0,0,0,5,아이템,0.75,0.6746376658839944,3.919521283359615,제네무기 추옵이랑 에디 건드려야할까요 ?,템환 10만으로 가고싶습니다..,챌섭 챌린저 목표 템셋팅 관련 질문입니다.
캡틴,1,19,6,31,8,0,0,6,0,5,직업,0.3157894736842105,0.6434724242395459,3.898776782331474,직업 고민,본캐 데티해방까지 본캐만 쭉 투자해도되나요?,4여명 깨고 4흙칠흑 vs 4여명 유지 2흙칠흑
없이,1,35,4,41,11,0,2,2,0,20,기타,0.5714285714285714,0.4666070351612618,3.89659472730162,100억으로 템세팅 질문,솔 에르다 3개의 가치가 어느정도인가요?,계정판매를 했었는데
투표,1,38,2,42,22,0,0,10,0,6,직업,0.2631578947368421,0.5989735615022157,3.8943095426220955,본캐 추천 부탁드리겠습니다....,하버 본캐 썬콜VS키네VS제논 (투표),대적자 코인 남는거 어디다 쓸까요..?
이런,1,57,4,66,31,1,5,3,0,17,몬스터,0.08771929824561403,0.29165357826835203,3.8884922832253155,대장장이 고견 나눠주실 메짱엉아들?,챌섭 스펙업 어떻게 할까요? 미트라? 보장?,드랍셋
써도,1,26,5,34,20,0,4,0,0,2,몬스터,0.15384615384615385,0.5301002614164277,3.876846353589284,메린이 엠블럼,[뉴비] 이 스펙으로 크크올 장갑 사서 껴도 괜찮을까요?,레테 보조무기 옵션 질문합니다..
살지,1,29,2,37,27,0,0,1,1,0,아이템,0.9310344827586207,0.7143320504670195,3.8762561018244335,챌섭 챌린저 찍었는데 미래 고민되네여,제네시스 패스 플러스 살까요?,찐뉴비 아란 60억 모았음.. 템셋 추천좀 해주십쇼
정보,1,20,3,24,17,0,0,0,0,3,아이템,0.85,0.796607598952032,3.8723215337197465,드랍셋,성형헤어장비 정보 찾고싶은데 아는분 있을까요,챌섭 호영 템셋 질문
없습니다,1,36,2,41,25,0,0,0,0,11,아이템,0.6944444444444444,0.6110206702182834,3.8672692558110895,챌섭 실수로 나워 리프시켰는데 버닝없이 정축 여축30 가능할까요?,스펙업 하고싶은데 당장 바꿧으면 부위좀 진단부탁드립니다,렌] 아스트라 보조무기 전승해도 될까요?
15퍼,1,46,1,55,39,0,1,0,1,5,아이템,0.8478260869565217,0.6620734377089518,3.8649550631692735,하메 도전 메린이 인데 템셋 질문있슴다,메린이 익스우 템세팅 질문,메린이 에디 레전 천장 어떻게 하는게 좋을까요
1줄,1,19,4,26,17,0,0,1,0,1,아이템,0.8947368421052632,0.7381885200714947,3.860660801099003,제네무기 에디 고민 유니크 15 vs 레전 등업,형들 이거 얼마에 팔릴까요? 법사에테뚝,메획 1줄 마이스터링
파티,1,16,7,26,1,0,5,0,0,10,몬스터,0.3125,0.6760672873903583,3.855511048801398,메린이 보스 보상 질문있습니다,보스 질문있습니다!,메이플 보스 파티 궁금한점
둘중,1,31,7,39,19,0,2,5,0,5,직업,0.16129032258064516,0.36920008176198765,3.852774629103509,"하드메이린 환산 오르는거 평딜,준극이랑 오리진이랑 비슷하면",에테 장갑은 크주 vs 쌍크 어느게 가성비 좋나요,엠블럼 어떤 잠재가 더 좋나요?
아델,1,27,8,43,13,0,0,5,2,7,직업,0.18518518518518517,0.39186588736952366,3.8475940296198794,선생님들 헥사환산 몇을 목표로 잡아야할까요?,모멘텀 패스 플러스 누구 줄까요?,님들 링크 3렙 찬란한영웅의 증거 질문 있습니다
이유,1,39,7,50,12,1,2,6,2,16,직업,0.15384615384615385,0.28330445900058915,3.8435752696487864,보스 질문있습니다!,수로랑 플래그 돌아도 오프접하면 안되는 이유가 궁금해서 질문을 합니다아,선생님들 세트효과 질문입니다
남은 대적자,2,13,5,20,12,0,0,0,0,1,아이템,0.9230769230769231,0.892403539927027,3.839331121983544,남은 대적자 코인 어디에 터는게 정배일까요,복귀 중고뉴비 대적자 코인 뭐에 써야할까요?,제네무기 뭐돌리는게 정배인가요?
제네 플러스,2,13,5,19,12,0,0,0,0,1,아이템,0.9230769230769231,0.892403539927027,3.839331121983544,챌섭 블큐 화에큐 사용처 및 챌 달성 질문,제네무기 옵션 방향성좀 알려주세요...,제네 플러스 코인 뭐돌릴까요?
메린이입니다,1,42,7,49,23,2,0,3,3,11,아이템,0.5476190476190477,0.25716993429360346,3.8391196764574973,메린이 익스우 템세팅 질문,안녕하세요 메린이인데 질문있습니다.,[뉴비] 메짱이형님들 템진로 조언 부탁드립니다
피시방,1,13,5,27,2,0,0,0,0,11,기타,0.8461538461538461,0.8883626185690553,3.831132852003693,피시방에서 접속만 시켜놓고 집에서 보상수령가능한가요?,피시방 혜택에 자석펫이 있나요???,님들 피시방 이벤트 12시땡하면 바로 시작인가여?
보조 윗잠,2,16,6,22,15,0,0,0,1,0,아이템,0.9375,0.7070458361466957,3.8298998070660173,급함 제네무기 윗잠 방무 버려도됨??,아델 보조 윗잠 이렇게 떴는데 얼마정도 할까요,아스트라 보조 질문입니다
어둠,1,17,7,30,5,4,0,0,1,7,퀘스트,0.23529411764705882,0.6294471662584333,3.823888426765284,자석펫 사려는데,캐시는 뭐 팔아야 됨?,안녕하세요. 뉴비입니다. 검마 해방에 관해서 질문 드립니다.
계정,1,19,5,35,2,0,0,2,0,15,기타,0.7894736842105263,0.660301793931903,3.8236931071953277,메m 넥슨플러그로 하시는 분??,타명의 계정 재화 옮기면 정지 당하나요,계정판매를 했었는데
같이,1,49,3,55,19,1,3,2,0,24,기타,0.4897959183673469,0.38023399864013974,3.822549526162869,동전꼽기가 운영정책 위반인지 여부,선생님들 헥사환산 몇을 목표로 잡아야할까요?,도시섭이랑 시골섭 차이 심함?
무조건,1,50,4,55,24,0,4,7,0,15,직업,0.14,0.30960933584016026,3.817664702964824,제네무기 에디 고민 유니크 15 vs 레전 등업,메린이 렌 키우는데 보조무기 궁금한게 있습니다,메짱이 선생님들 아버 이후에 질문있습니다. 17에테 VS 18아케인(+27여명)
카데나,1,17,5,30,4,0,0,7,0,6,직업,0.4117647058823529,0.7166804064649105,3.814487079496002,어려운 직업 위주로 하시는 분 있나요,메선생님들 미트라질문드립니다.,카룻을 갈까요 에테를 갈까요?
샤타,1,25,4,34,21,0,0,0,2,2,아이템,0.84,0.5781345098477236,3.81214784926907,크주잡 에테 스타포스 어디까지 올려야할까요?,환산 7~8만 목푠데 다음 메소를 어디다 써야 해야할까요?,뉴비 50억으로 뭐해야 할 까요 ?
갑자기,1,28,4,36,10,0,0,1,1,16,기타,0.5714285714285714,0.5267568131635727,3.8116490746937357,메린이 한 100억정도 생기면,레테 스공이 내려갔습니다,메이플 및 배경화면 글자 깨짐
카오스,1,23,8,39,7,3,1,1,0,11,퀘스트,0.13043478260869565,0.4446933509137412,3.808878561943786,어빌 카오스 서큘레이터 질문이요,메이플 미리보기 나만 이상함??,카오스 3-5를 못 깨고있는데요
좋을지,1,56,2,69,38,0,1,4,2,11,아이템,0.6785714285714286,0.4169778581221513,3.8085353817821113,메린이 에디 레전 천장 어떻게 하는게 좋을까요,챌섭 블큐 화에큐 사용처 및 챌 달성 질문,대적자코인 사용처 질문
2칠흑,1,12,4,17,12,0,0,0,0,0,아이템,1.0,1.0,3.8033873792731616,첼섭뉴비 2칠흑 맞추고싶은데 고근갈까요?,챌섭 하메 템진로 질문 있습니다!,챌섭뉴비 템 가이드 부탁드립니다ㅠ
주스텟,1,22,6,34,15,0,0,1,0,6,아이템,0.6818181818181818,0.530719741124819,3.8007091693698305,섀도어 뚝,"익스우, 노흉 목표 템 진로 질문좀요",22성 에테 뚝배기 공6리턴 완작 질문드립니다
쓰면,1,31,5,39,20,0,0,2,1,8,아이템,0.6451612903225806,0.4259423069460104,3.7991847447331963,초저자본 메린이 첫 제네시스 잠재 질문,에디 레전천장 사용처 추천부탁드려요 + 도전자 대체셋 질문,첼린저스 서버 제네무기 잠재 질문
낫나요,1,32,4,40,25,1,0,2,1,3,아이템,0.78125,0.46482072327176444,3.7973507877194805,무기 윗잠 돌릴까요,제네무기 vs 미트라 에디,카에유잠 사기 vs 에디 메소 등업
요즘,1,30,9,44,13,0,0,3,2,12,기타,0.4,0.30707646882108824,3.7945093417175118,요즘 도미 작 어떻게 하나요?,요즘 화에큐 레전 에디 천장 얼마임?,뉴빈데 지금 시작해도 괜찮나요?
환산주스텟,1,19,7,28,5,0,0,5,0,9,직업,0.2631578947368421,0.5597436083056584,3.7937388881907985,환산 질문,핵사 스텟 망하면 환산주스텟에 개수가 적게 들어가여?,제네 잠재 옵이 이러면 에디셔널 돌리는게 날까요..??
예전,1,35,3,39,15,0,1,8,0,11,직업,0.22857142857142856,0.4951934250764733,3.793202975453823,선생님들 헥사환산 몇을 목표로 잡아야할까요?,이번 레테복귀유저 본섭캐릭 버릴까용?,꼭 챌린저스나 하이퍼버닝으로 키워야 하나요 ?
3페,1,15,6,25,0,0,8,3,0,4,몬스터,0.5333333333333333,0.7255882220031205,3.788659466944568,대적자 3페 연습모드 여는 방법,형들 익스우 135퍼,카링 3페 질문점요!
이미지 이미지,2,176,0,303,129,4,2,7,4,30,아이템,0.7329545454545454,0.4631782559751845,3.7868148691868964,유챔 하드 세렌급 보조 스펙 질문 있습니다!,메린이 하드메이린 목표 템셋 봐주시면 감사하겠습니다!,헥환 5만목표 방향성 궁금해요
스팩업,1,11,7,21,10,0,0,0,0,1,아이템,0.9090909090909091,0.8736041961254287,3.7800639943294225,유입된 메린인 인데 이 이상 어떻게 스팩업을 해야할지 알려주세요!,첼린저섭 첼린저 찍고싶습니다 스팩업 질문드립니다,여명으로 카링 될까요?
어제,1,31,5,38,13,3,0,1,0,14,퀘스트,0.0967741935483871,0.418134219387271,3.7783814015725343,어제 시작한 뉴비 제네패스,5테르넬..? 6테르넬..? 본캐세팅 추천 부탁드림다,추옵날라갔는데 복구해주나요?
반지,1,27,5,35,21,0,1,0,2,3,아이템,0.7777777777777778,0.4748206980094772,3.778016625004684,"이터널 플레임 링, 테네브리스 원정대 반지, 어웨이크 링 3개 있는데",4여명 5칠흑으로 7~8만 될까요?,챌린저스서버 질문드립니다.
1개,1,83,1,91,47,0,1,13,0,22,직업,0.1566265060240964,0.4112442866354101,3.7766161940539815,핵환 4.4 도미먹었는디,본캐 추천 부탁드리겠습니다....,메카베리 본캐vs부캐
문제,1,32,3,42,8,0,0,4,0,20,기타,0.625,0.5235816972695339,3.771370664160702,동전꼽기가 운영정책 위반인지 여부,펫 아무거나 사도 되나요?,렌 검마 배율대로 안쳐지는데 문제있는건가요?
검환불,1,16,2,19,16,0,0,0,0,0,아이템,1.0,1.0,3.7669942429158048,챌섭에서 리프할때 템,챌섭 아케인셰이드 장갑 극추옵 질문드립니다,무기 추옵 질문
다음주,1,34,5,43,20,1,1,0,0,12,아이템,0.5882352941176471,0.37819867143480107,3.7669247402010537,뉴비 50억으로 뭐해야 할 까요 ?,메린이 에디 레전 천장 어떻게 하는게 좋을까요,메이플 보호모드 본인인증
검밑솔,1,36,5,49,19,3,2,0,0,12,퀘스트,0.08333333333333333,0.35559331912424663,3.7630503418253642,챌린저 하고 싶은데 여기서 무보엠 바꿔주면 되나요?,챌섭 떠날까요?,대학생 유저 메이플 질문
새로,1,54,4,66,14,3,1,8,3,25,직업,0.14814814814814814,0.2635077550243595,3.754007494244925,템환 10만으로 가고싶습니다..,모멘텀 패스 플러스 누구 줄까요?,이게 주흔15퍼작보다 좋은건가요?
바로,1,52,4,61,22,1,4,1,3,21,기타,0.40384615384615385,0.2749601055812017,3.7530193656545596,mvp작,제네 검마,아케인 쌍크 장갑을 만들었는데
하다,1,47,5,52,23,2,2,6,1,13,직업,0.1276595744680851,0.2580257662399039,3.743934580853994,출석 보돌만 하다가 제대로 복귀해보려하는데 템셋 질문좀여,선생님들 헥사환산 몇을 목표로 잡아야할까요?,형들 지금해도
챌썹,1,26,10,38,13,2,0,3,0,8,퀘스트,0.07692307692307693,0.32112342891726553,3.7432436165657417,챌썹뉴비 지금 시기에 패스 다 지를까요?,레테 하드메이린 잡고싶은데 템좀 봐주세요 ㅠㅠ,메쌤들 제네무기 잠재 선택 도와주세요
매물,1,38,2,47,30,0,0,0,3,5,아이템,0.7894736842105263,0.5368718854489503,3.7430605442084826,레테 보조 질문드립니다..,챌섭 챌린저 목표 템셋팅 관련 질문입니다.,대장장이 고견 나눠주실 메짱엉아들?
레유,1,34,1,42,30,0,0,0,1,3,아이템,0.8823529411764706,0.7397265603055523,3.7357686934907,유챔 하드 세렌급 보조 스펙 질문 있습니다!,뉴비 아버 템 대체질문,챌섭 스펙업 어떻게 할까요? 미트라? 보장?
분들,1,33,4,45,10,0,1,4,0,18,기타,0.5454545454545454,0.42812917212004165,3.733842307363063,지난주에 챌섭 시작한 뉴비인데 제네시스 패스 사도 되나요?,메린이 방향성이 잘못된걸까요? 현실조언 부탁드립니다,챌섭 템세팅 진로 질문드려요
보조 엠블,2,21,4,28,18,0,0,2,0,1,아이템,0.8571428571428571,0.6291096660425135,3.733507782308125,보마 300억이면 보조 엠블 몇줄가능?,스펙업 하고싶은데 당장 바꿧으면 부위좀 진단부탁드립니다,챌섭 아케인 쌍크 장갑 팔아야되나요 ? 메린이 템세팅 방향성 한번 잡아주시면 감사하겠습니다.
두줄,1,29,1,34,27,0,0,1,0,1,아이템,0.9310344827586207,0.8174548390272102,3.733467068294817,챌섭 블큐 화에큐 사용처 및 챌 달성 질문,메이린 배율관련 질문드립니다 저 진짜 정리 잘해놨어요 함만 봐주세요 ㅠㅠ,대적자 코인 어디에 쓸지 질문합니다..
어둠 흔적,2,14,6,26,4,4,0,0,0,6,퀘스트,0.2857142857142857,0.7408630013000576,3.733225792718743,안녕하세요. 뉴비입니다. 검마 해방에 관해서 질문 드립니다.,(제네 해방) 하드 검마 파티격 흔적 획득량,메린이 제네 패스 질문
바르고,1,35,1,42,33,0,1,0,1,0,아이템,0.9428571428571428,0.7225481813847312,3.7281891922287524,화에큐 사용처 질문,챌섭 스펙업 어떻게 할까요? 미트라? 보장?,메린이 많이 성장했지만 다시 막막해짐..
전사,1,24,11,40,4,2,0,3,4,11,시세,0.16666666666666666,0.3243327942801424,3.720353831432732,울티마 40렙부터 경험치 올리기 빡센게 맞는거죠?,울티마 궁수 법사 쿨4초면 전사도 4초해?,울티마 전사 궁수 39렙인데 에스페시아 어떻게 할까요
밑잠,1,22,3,34,19,0,0,0,1,2,아이템,0.8636363636363636,0.6759474278389851,3.720192348489703,제네 추옵 윗잠 밑잠 중 우선 순위 부탁드립니다.,제네시스 코인 투자처 질문,제네 플러스 코인 뭐돌릴까요?
사고,1,39,2,48,29,0,0,1,2,7,아이템,0.7435897435897436,0.5165620457408712,3.7191211751215536,챌섭 스펙업 어떻게 할까요? 미트라? 보장?,이지 대적자가 안잡혀서 다음 템세팅 조언좀요..,햄들 스펙업 조언좀 부탁드림다...
유닠,1,25,1,37,23,0,0,0,0,2,아이템,0.92,0.8882482197482863,3.7156935881314035,메린이 익스우 템세팅 질문,마도서 먹었는데 어쩌죠?,헥환 4.5 이후 템셋팅 질문.
하드세렌,1,14,7,26,6,0,4,0,0,4,몬스터,0.2857142857142857,0.6866237834126309,3.708396432630738,메이플 대장장이 컨텐츠질문!,세렌 정오작 질문,챌섭 유입 메린이 다음주 하드메이린 잡게 해주세요
도움,1,29,9,40,16,1,1,1,1,9,아이템,0.5517241379310345,0.2891253849439845,3.7066617300336335,하드메이린.... 왜 안될까요,챌섭 종료후 리프 고민,제네 방향성 도움 바랍니다
블랙큐브,1,13,4,22,12,0,0,0,0,1,아이템,0.9230769230769231,0.892403539927027,3.702749628891813,"메린이 오늘 첫 해방했는데, 잠재 돌리고 남은 블랙큐브는 어디에 쓰는게 좋나요?",대적자 코인 남는거 어디다 쓸까요..?,해방 코인 사용처 질문 드려요
샤타포스,1,18,3,26,15,0,0,0,0,3,아이템,0.8333333333333334,0.7755747962842271,3.7011827555375807,하드 메이린 깨고나서 스펙업 질문,헥환 7만 중반 ~ 8만 목표 레테 템세팅 조언 부탁드립니다.,스팩업 질문드립니다.
모멘텀 패스,2,11,8,22,3,0,0,0,0,8,기타,0.7272727272727273,0.7941631774162051,3.6985561869136445,모멘텀 패스 플러스 누구 줄까요?,모멘텀 패스 가치 있나요?,모멘텀 패스 경혐치량 질문
목표인데,1,20,7,27,15,0,1,1,0,3,아이템,0.75,0.4937511946837917,3.692399371135728,챌섭 챌린저 목표 템셋팅 관련 질문입니다.,방어구/장신구 템셋 훈수부탁드립니다.,메선생님들 미트라질문드립니다.
스카니아,1,31,3,60,6,0,0,1,6,18,시세,0.1935483870967742,0.5044964021740789,3.691353344604301,챌섭리프,도시섭이랑 시골섭 차이 심함?,자석펫 스카니아에 있으면 스카니아로 리프해야겠져?
재획,1,28,7,45,14,0,3,2,0,9,몬스터,0.10714285714285714,0.34865384134738475,3.6871685419302946,챌섭 챌린저 목표 템셋팅 관련 질문입니다.,자석펫 스카니아에 있으면 스카니아로 리프해야겠져?,제네플 큐브 및 카르마 큐브 사용처 질문드립니다!
기간,1,33,3,37,20,0,0,1,0,12,아이템,0.6060606060606061,0.47682063232839844,3.686832967650795,챌섭 쌩뉴비 여러 가지 질문 드립니다 !,진로 고민 도와주세요,챌섭 3만점 찍는데 얼마나걸려요??
7만,1,11,6,25,10,0,0,0,0,1,아이템,0.9090909090909091,0.8736041961254287,3.6868110471760644,렌] 아스트라 보조무기 전승해도 될까요?,헥환 7만 중반 ~ 8만 목표 레테 템세팅 조언 부탁드립니다.,환산 7.8 헥환 7만 진로질문드립니다!
셋팅,1,11,6,18,10,0,0,0,0,1,아이템,0.9090909090909091,0.8736041961254287,3.6868110471760644,템 가성비 셋팅 질문,메린이 템셋 조언 부탁드립니다.,렌 템셋 부탁드립니다 고수님들.
이정도면,1,22,5,27,17,0,0,1,1,3,아이템,0.7727272727272727,0.5289681233780076,3.685508591459854,뉴비 루컨마 시세 문의 드립니다..!!!,데티목표입니다 조각 템펙업 고민입니다,메린이 엠블럼
일리움,1,15,4,26,7,0,0,7,0,1,직업,0.4666666666666667,0.7915620649924825,3.682808026176938,제네패스 플러스 재화 사용처 추천 부탁드립니다.,선생님들 챌섭 일리움 검마 잡는데 3페이지 꿀팁 있나요?,이카돌이 제네무기 우선순위
나오는데,1,48,3,53,19,2,1,3,1,22,기타,0.4583333333333333,0.33373211907423217,3.674687303215003,템환 6.4 헥환 5.3 캐릭 버리려고하는데요,미트라 고민,렌 검마 배율대로 안쳐지는데 문제있는건가요?
챌린저스 패스,2,17,8,30,5,1,0,0,0,11,기타,0.6470588235294118,0.5308806551763651,3.6707536852116167,"안녕하세요 메쌤, 메형님들 뉴비 질문 몇 가지만 해도 될까요?",지난주에 챌섭 시작한 뉴비인데 제네시스 패스 사도 되나요?,챌린저스 패스 vs 제네패스 플러스
마라벨,1,11,8,24,7,0,0,0,4,0,시세,0.36363636363636365,0.7802896445088833,3.669956758715246,이번 마라벨 풀셋 가격?,뉴비 진짜 이해안가는데 챌섭매물이요,마라벨 신발은 단종되면
30퍼,1,22,1,24,21,0,0,0,0,1,아이템,0.9545454545454546,0.9355440670065306,3.6654384239437787,미트라 고민,안녕하세요 선생님들 템 진로 고견좀 여쭙습니다,마깃안 % 선택
와헌,1,13,7,21,5,0,0,5,0,3,직업,0.38461538461538464,0.7103998791036381,3.664862671062301,직업 고민,와헌 템셋팅 질문 드립니다.,챌섭 뉴비 질문입니다.
언제,1,20,10,32,7,0,3,1,1,8,몬스터,0.15,0.3973967764423838,3.657445868087027,메린이 에디 레전 천장 어떻게 하는게 좋을까요,"미라클때 만든 레전잡, 유니크3줄 칠흑 언제팔아야 할까요",형님들 리프 언제 해야하나요?
큐브 사용처,2,8,8,16,8,0,0,0,0,0,아이템,1.0,1.0,3.645563330311318,제네플 큐브 및 카르마 큐브 사용처 질문드립니다!,남은 대적자 큐브 사용처,큐브 사용처 질문
바르는게,1,13,5,19,11,0,0,0,0,2,아이템,0.8461538461538461,0.7917278586445688,3.6350790857663946,뉴비 템 순서 질문드립니다,챌섭 복귀유저 렌 스펙업 훈수 부탁드립니다.,프악공 대신에 놀긍혼 1장 바르는게 낫지 않나
22아케인,1,12,3,15,12,0,0,0,0,0,아이템,1.0,1.0,3.6316818067036416,18에테 22아케인 질문있습니다,익스우 솔플가려면 얼마나 더 써야될까요?,햄들 스펙업 조언좀 부탁드림다...
이벤트링,1,18,5,29,16,1,0,0,0,1,아이템,0.8888888888888888,0.6035355914060581,3.6297286132549194,"이터널 플레임 링, 테네브리스 원정대 반지, 어웨이크 링 3개 있는데",성님들 하드 메이린 목표하는 메린이 봐주십시오.,챌섭 레테 레유잠 받았는데 이거 어디다 발라야할까요...?
없어서,1,76,1,78,48,0,1,1,6,20,아이템,0.631578947368421,0.38318458352343243,3.628836185944598,선생님들 이거 어떤 거 선택하면 좋을까요?,챌린저 하고 싶은데 여기서 무보엠 바꿔주면 되나요?,챌섭에서 리프할때 템
다이아,1,14,4,19,12,0,0,0,0,2,아이템,0.8571428571428571,0.8057118021740804,3.6254917242749705,메린이)첫 285완료 mvp작 및 템 방향성 질문드려요,mvp 유지,뉴비 내일 이면 제네무기 얻는데 에디셔널 문의
유저,1,20,11,33,11,0,0,2,0,7,아이템,0.55,0.36312196132559565,3.6219027361081357,동전꼽기가 운영정책 위반인지 여부,[질문] 복귀 유저 아버 이후 에테르넬 17성 풀셋 질문,아흐... 펫장비 이전 줌서에 대한 글은 많은데...
잡아야,1,19,4,26,8,4,0,1,0,6,퀘스트,0.21052631578947367,0.6303155023502547,3.621065885930929,챌린저 찍고싶은 메린인데 향후 템셋팅 어떻게 해야하나요?,레테 하드 메이린 까지 가야되는데 템상담 좀 해주세요,님들 282렙 86000점인데 챌 하려면
기본,1,28,4,37,15,0,0,0,1,12,기타,0.42857142857142855,0.4500602248025412,3.620170983659226,마도서 먹었는데 어쩌죠?,아흐... 펫장비 이전 줌서에 대한 글은 많은데...,챌섭에서 테라버닝 주는게 최대 4개맞죠?
드랍,1,32,2,45,24,1,0,0,0,7,아이템,0.75,0.5556656777991339,3.616066628795281,풀드메 마췃는데 궁금한게있어요,챌섭 블큐 화에큐 사용처 및 챌 달성 질문,드랍셋
테라버닝,1,17,5,31,1,0,1,1,0,14,기타,0.8235294117647058,0.6272102107325096,3.615683094586539,메린이 유니온 질문있습니다,형들 지금 링크캐 키울방법 없음?,챌섭에서 테라버닝 주는게 최대 4개맞죠?
가장,1,47,2,54,31,0,2,4,0,10,아이템,0.6595744680851063,0.40411043023425597,3.613538366521711,뉴비 50억으로 뭐해야 할 까요 ?,메린이 에디 레전 천장 어떻게 하는게 좋을까요,챌섭 스펙업 어떻게 할까요? 미트라? 보장?
100억,1,20,6,28,15,0,0,1,1,3,아이템,0.75,0.49770983063943336,3.610853021568079,100억 정도 있는디,메이플 챌섭 뉴비 아이템 추가 스펙업 질문합니다!,지금 시작하면 챌 가능할까요
이정,1,36,4,41,22,1,4,0,1,8,몬스터,0.1111111111111111,0.34583111225517477,3.603047189443229,챌섭 챌린저 목표 템셋팅 관련 질문입니다.,마도서 먹었는데 어쩌죠?,제네무기 정옵 기댓값이 얼만가요...?
30억,1,14,2,18,14,0,0,0,0,0,아이템,1.0,1.0,3.60057936988052,메린이 본캐 템 질문드립니다!!,뉴비 템 순서 질문드립니다,30억 있는데 템 어떻게 보강해야할까요??
심볼,1,32,4,48,18,0,1,1,0,12,아이템,0.5625,0.3879213656120892,3.5979995416967867,챌섭 챌린저 목표 템셋팅 관련 질문입니다.,메이플 늦은 유입 뉴비 현시점 제네패스 질러도 될까요?,메이플 처음하는데 도와주실분..
챌린저스 서버,2,23,6,37,7,0,0,4,0,12,직업,0.17391304347826086,0.4293555323164386,3.597199028933102,챌섭 챌린저 목표 템셋팅 관련 질문입니다.,하이퍼버닝 캐릭 삭제 고민,헥환 7만 중반 ~ 8만 목표 레테 템세팅 조언 부탁드립니다.
분자벨,1,25,2,30,21,0,1,0,0,3,아이템,0.84,0.6604363985047328,3.5964321852089456,메쌤들 현실적으로 챌 달성 가능한지 상태좀 봐줄수있나요,[뉴비] 메짱이형님들 템진로 조언 부탁드립니다,챌섭 4여명5보장 18성 유에 장신구들 하나씩 19성 올리는거 비추인가요??
골클벨,1,21,4,34,18,0,0,0,2,1,아이템,0.8571428571428571,0.5646723057668182,3.5858336317734225,챌섭 스펙업 어떻게 할까요? 미트라? 보장?,메쌤들 현실적으로 챌 달성 가능한지 상태좀 봐줄수있나요,10억있는데 카유잠 어디에 쓸지 추천부탁드립니다
레벨,1,60,2,67,26,3,0,6,0,25,기타,0.4166666666666667,0.30953103055728126,3.5787851569375815,깡통 200레벨에서 (노하버) 부스터,"안녕하세요 메쌤, 메형님들 뉴비 질문 몇 가지만 해도 될까요?",하이퍼버닝 캐릭 삭제 고민
블랙 보조,2,22,2,26,20,0,1,0,0,1,아이템,0.9090909090909091,0.7167561090623983,3.578493953037134,챌린저 하고 싶은데 여기서 무보엠 바꿔주면 되나요?,진짜 찐 뉴비 템세팅,블랙보조12/60 아랫잠 고민
잡을,1,27,4,32,12,1,5,2,0,7,몬스터,0.18518518518518517,0.4444301999594201,3.568535146520056,안녕하세요 챌섭유입 뉴비입니다.,렌 하세 환산 118.7% 로 1초 남기고 잡게될 것 같은데...,뉴비) 첫 해방 무기 세팅 방법 좀 알 수 잇을까요?!
쓸지,1,15,3,20,13,0,0,0,0,2,아이템,0.8666666666666667,0.8179360577586001,3.568313935420103,챌린저 하고 싶은데 여기서 무보엠 바꿔주면 되나요?,10억있는데 카유잠 어디에 쓸지 추천부탁드립니다,18성 주문서 어디에 쓰나요?
당장,1,26,1,30,22,0,0,0,0,4,아이템,0.8461538461538461,0.7917278586445688,3.5666017175453613,스펙업 하고싶은데 당장 바꿧으면 부위좀 진단부탁드립니다,전투력 1억5천 메린이 다음 스펙업을 도통 못잡겠어요 ㅠㅠ,4여명 5칠흑으로 7~8만 될까요?
현질,1,49,2,56,28,1,0,3,0,17,아이템,0.5714285714285714,0.3713168277335565,3.566357598038592,"안녕하세요 메쌤, 메형님들 뉴비 질문 몇 가지만 해도 될까요?",챌섭 스펙업 어떻게 할까요? 미트라? 보장?,메이플 지금 복귀 괜찮음?
샤타때,1,32,1,33,27,0,1,0,0,4,아이템,0.84375,0.6880034599386364,3.5647137800066493,핵환 4.4 도미먹었는디,칠흑 아랫급에 별누르는건 요새 별로임?,와헌 템셋팅 질문 드립니다.
일단,1,154,0,176,108,3,5,8,3,27,아이템,0.7012987012987013,0.41245957364040237,3.561817045165528,동전꼽기가 운영정책 위반인지 여부,쿨뚝 샀는데 괜찮게 산걸까요?,100억 정도 있는디
헥사스탯,1,16,11,31,3,0,0,2,1,10,기타,0.625,0.4404574952092515,3.56174329864773,메쌤들 현실적으로 챌 달성 가능한지 상태좀 봐줄수있나요,환산주스탯 헥사스탯 어캐하나요?,헥사스탯 그냥 바로바로 강화해도 되나요?
없을까요,1,21,4,25,6,0,0,2,0,13,기타,0.6190476190476191,0.5536262121168152,3.560518775772001,안녕하세요 메린이인데 질문있습니다.,보공 과다 질문,솔 에르다 기운 어떻게 처리해야할까요
제네플,1,10,4,16,10,0,0,0,0,0,아이템,1.0,1.0,3.555674341424833,챌섭 스펙업 뭐부터해야할까요?,제네플 큐브 및 카르마 큐브 사용처 질문드립니다!,제네플 잠재 더이상 건들지말고 환불 돌릴까요 ?
받을,1,29,5,39,13,1,0,2,4,9,시세,0.13793103448275862,0.35971688191673684,3.5552759791516713,뉴비 아버 템 대체질문,10000마리 사냥 보약 마릿수가 다음 주로 이월 되나요?,님들 링크 3렙 찬란한영웅의 증거 질문 있습니다
과금,1,29,4,37,16,1,0,0,0,12,기타,0.41379310344827586,0.40923355825912094,3.553665803997707,헥환 8만 목표 과금 어느정도 해야할까요?,선생님들 헥사환산 몇을 목표로 잡아야할까요?,마도서 먹었는데 어쩌죠?
부탁드려요,1,24,7,31,14,1,0,1,0,8,아이템,0.5833333333333334,0.356953579227971,3.5463405475873855,메린이 익스우 템세팅 질문,성장 방향 조언 부탁드려요,250 달성의 비약 질문드려요
열심히,1,63,2,77,36,0,4,8,2,13,직업,0.12698412698412698,0.2825973734600059,3.5461143815498217,초저자본 메린이 첫 제네시스 잠재 질문,챌섭 챌린저 목표 템셋팅 관련 질문입니다.,안녕하세요 챌섭유입 뉴비입니다.
게임,1,40,2,53,9,2,0,3,1,25,기타,0.625,0.4344285902001976,3.54124905258865,제네무기 에디 고민 유니크 15 vs 레전 등업,동전꼽기가 운영정책 위반인지 여부,챌섭 챌린저 목표 템셋팅 관련 질문입니다.
유튜브,1,57,2,63,29,0,6,8,0,14,몬스터,0.10526315789473684,0.31077570127329807,3.53824159437328,메이플 쌩뉴비 질문드려요...,검마 배율 181%인데 이거 잡히는거 맞나요..?,챌섭 쌩뉴비 여러 가지 질문 드립니다 !
초기화,1,25,5,43,2,1,1,6,0,15,직업,0.24,0.412110053323779,3.536922030732049,아흐... 펫장비 이전 줌서에 대한 글은 많은데...,하드메이린 오리진 초기화 질문점..,레테 헥사 스텟 두 번째꺼 열었는데요 초기화 해야할까요??
복구,1,15,5,26,11,0,0,0,0,4,아이템,0.7333333333333333,0.6552562386784936,3.528122684896191,추옵날라갔는데 복구해주나요?,울티마 스쿼드 코인샵 본섭 실수,렌으로 버닝템 받았다가 레테로 갈아타면서 삭제했는데...
가는게,1,35,3,40,22,1,1,1,0,10,아이템,0.6285714285714286,0.38889106565903586,3.523521194302757,18에테 22아케인 질문있습니다,에테 레전23% vs 유닠24%,환산 7~8만대 미트라 옵션 추천 좀 해주십쇼
놀긍,1,11,3,22,11,0,0,0,0,0,아이템,1.0,1.0,3.5183502727411278,아케인 쌍크 장갑을 만들었는데,리턴스크롤 질문,놀긍 파풀마 너무 잘붙었는데요
사야할까요,1,11,3,15,11,0,0,0,0,0,아이템,1.0,1.0,3.5183502727411278,대적자 큐브,미트라 잡레전 사야할까요,9000만 캡틴 스펙업 어떻게 해야할까요
잡으면,1,27,2,30,8,6,1,2,0,10,퀘스트,0.2222222222222222,0.5880901771420951,3.5179728995966024,제네 검마,10000마리 사냥 보약 마릿수가 다음 주로 이월 되나요?,챌섭 뉴비 하드메이린 잡고싶은데 스펙업 질문
에디 에픽,2,15,2,21,14,0,0,0,0,1,아이템,0.9333333333333333,0.9063347413281794,3.513745457540088,에디 에픽 -> 유닠 등업 메소 vs 화에큐,미라클 어디에 질러야 할까요?,4여명 깨고 4흙칠흑 vs 4여명 유지 2흙칠흑
쓰고,1,68,1,78,46,0,5,2,3,12,아이템,0.6764705882352942,0.37260413585829877,3.510135987258588,칠흑 보통 얼마정도 하나요?,메린이 에디 레전 천장 어떻게 하는게 좋을까요,메고수 형님들 템 진로좀 봐주십쇼
신발,1,17,3,22,10,0,0,0,5,2,시세,0.29411764705882354,0.7067544193348547,3.492398081954762,4아케인3에테 질문!!,[질문] 복귀 유저 아버 이후 에테르넬 17성 풀셋 질문,복귀 유저 방어구 세팅 질문있습니다
거품,1,14,4,20,13,0,0,1,0,0,아이템,0.9285714285714286,0.7393708570001353,3.492292978262936,유챔캐릭 미트라 꼭 껴야하나요?,챌섭 기간중에 한부위 추천 부탁드립니다,레테 쿨뚝 질문
이적자,1,19,5,25,8,0,4,2,0,5,몬스터,0.21052631578947367,0.514210431959432,3.487243110070392,본캐 추천 부탁드리겠습니다....,챌린저 찍고싶은 메린인데 향후 템셋팅 어떻게 해야하나요?,메쌤들 현실적으로 챌 달성 가능한지 상태좀 봐줄수있나요
미션,1,11,5,18,5,4,0,0,0,2,퀘스트,0.36363636363636365,0.8212005399393753,3.4790513710844535,혹시 제네패스 플러스 검마 파티로 가서 데카아웃하고 죽어도 미션 깨지나요??,제네패스 잠재 위 아래 추천좀 부탁드립니다..,제네패스 플러스 코인 어디다 써야할까요?
이걸,1,50,1,51,35,0,0,3,2,10,아이템,0.7,0.4626818846436433,3.4734495314715685,플라즈마 하트 스페어 질문,"이터널 플레임 링, 테네브리스 원정대 반지, 어웨이크 링 3개 있는데",꼭 챌린저스나 하이퍼버닝으로 키워야 하나요 ?
에디 유니크,2,19,3,24,16,0,0,0,1,2,아이템,0.8421052631578947,0.6372294569782532,3.472254488310951,제네무기 vs 미트라 에디,잠재 좀더 돌려야될까요?,성장 방향 조언 부탁드려요
노작,1,37,2,44,30,1,0,0,5,1,시세,0.13513513513513514,0.4340978574936983,3.4679893729563047,에테 장갑은 크주 vs 쌍크 어느게 가성비 좋나요,챌섭 파풀마 사려는데 고민이에요!,메린이 많이 성장했지만 다시 막막해짐..
이런거,1,26,6,33,11,0,0,2,2,11,기타,0.4230769230769231,0.32807805914793475,3.4661891673566556,메이플 미리보기 나만 이상함??,이런거 둘둘하면 10만찍나요?,마깃안 170급
맞는,1,24,5,29,14,0,0,4,1,5,직업,0.16666666666666666,0.40040111929827127,3.4653704297030274,제네시스 코인 투자처 질문,메이플 늦은 유입 뉴비 현시점 제네패스 질러도 될까요?,챌섭 블큐 화에큐 사용처 및 챌 달성 질문
추가,1,42,2,47,25,2,0,0,0,15,아이템,0.5952380952380952,0.38562567257403274,3.4646394349250955,동전꼽기가 운영정책 위반인지 여부,"익스우, 노흉 목표 템 진로 질문좀요",챌섭 스펙업 뭐부터해야할까요?
써서,1,36,2,39,25,0,0,2,2,7,아이템,0.6944444444444444,0.4407389748012556,3.458506551714665,메고수 형님들 해방무기 질문입니다!!,메린이 하드메이린 잡으려면 어떻게 세팅해야 할까요…,메린이 많이 성장했지만 다시 막막해짐..
일반,1,22,4,36,14,0,0,1,0,7,아이템,0.6363636363636364,0.48762925747737884,3.458298574626958,펫 아무거나 사도 되나요?,보스방 드랍율이랑 일반 맵 드랍율이 다른가요?,VIP 부스터 효율 어떤게 좋을까요 ?
솔플,1,27,5,39,12,1,4,4,0,6,몬스터,0.14814814814814814,0.34947481749565795,3.4569207649477915,메린이 익스우 템세팅 질문,에디 레전 천장 사용처가 고민입니다....,안녕하세요 챌섭유입 뉴비입니다.
남기고,1,16,2,22,4,0,9,1,0,2,몬스터,0.5625,0.8350795389594295,3.45636702927638,렌 하세 환산 118.7% 로 1초 남기고 잡게될 것 같은데...,메린이 플라즈마 하트 갖고싶어요,이번 챌섭 유입 메린이 제네시스 무기 잠재능력 질문 있습니다
무기 잠재,2,9,7,17,8,0,0,0,0,1,아이템,0.8888888888888888,0.8468447891548733,3.4526878037838284,진짜 찐 뉴비 템세팅,레테 무기 잠재 질문좀 드립니다!,메린이 무기 잠재 뭐가 더 좋은거에요 ?
다들,1,38,4,44,18,3,4,2,1,10,퀘스트,0.07894736842105263,0.2695743459456131,3.4484458633436224,챌섭 챌린저 목표 템셋팅 관련 질문입니다.,메이플 늦은 유입 뉴비 현시점 제네패스 질러도 될까요?,메잘알 선배님들 질문
궁수,1,20,8,30,9,1,0,1,0,9,기타,0.45,0.3650785796860135,3.4477600594046804,울티마 궁수 템 잠재,울티마스쿼드 궁수 잠재질문좀..,울티마 40렙부터 경험치 올리기 빡센게 맞는거죠?
효과,1,24,5,31,11,1,0,1,0,11,기타,0.4583333333333333,0.39237287125366854,3.445504083559268,메 m 이거 차이가 뭔가요,메이플 미리보기 나만 이상함??,에테리온 효과 다 받는 기준이면 몬파 매일 3천포인트 씀??
스탯,1,17,6,30,5,0,0,2,0,10,기타,0.5882352941176471,0.5052959656049052,3.445391311544018,헥사 스탯 질문입니다,레테 헥사 스텟 두 번째꺼 열었는데요 초기화 해야할까요??,잠재 질문
써야할지,1,25,1,27,22,0,0,1,0,2,아이템,0.88,0.7463653947459841,3.436496659669688,뉴비 아버 템 대체질문,챌섭 파풀마 사려는데 고민이에요!,메린이 많이 성장했지만 다시 막막해짐..
어떤가요,1,20,9,30,10,0,0,1,2,7,시세,0.1,0.3346777042333896,3.4351961657592267,헥환 7만 중반 ~ 8만 목표 레테 템세팅 조언 부탁드립니다.,선생님들 제논 추옵 어떤가요,칠흑 33퍼사서 미라클때 에디레전 보내는거 어떤가요?
헤어,1,14,11,40,6,0,0,0,1,7,기타,0.5,0.4532912881442932,3.434727368342992,커믹 질문입니다!,블링크헤어 ai 일러스트 대체 헤어 알려주실분,헤어 정보 찾고싶습니다
팔리나요,1,10,5,16,5,0,0,0,5,0,시세,0.5,0.8614004750488236,3.4313342465233845,에테르넬 장비 추옵 질문,오토스틸 12퍼 팔리나요?,마깃안 170급
친구,1,33,4,47,11,2,1,2,1,16,기타,0.48484848484848486,0.3123503300348,3.431138639295253,자석펫 스카니아에 있으면 스카니아로 리프해야겠져?,메잘알 선배님들 질문,챌섭에 있다가 본섭가면 도전자 사라지나요?
키우고,1,97,0,106,39,1,1,23,1,32,직업,0.23711340206185566,0.49614923549766715,3.4298977939973216,챌섭리프,직업 고민,제네시스 코인 투자처 질문
남는,1,17,4,21,14,0,1,0,0,2,아이템,0.8235294117647058,0.5995633698697012,3.4278114555378623,지금 복귀타이밍 너무 늦지 않았나..,에디큐브vs추옵,1억 2천만 아란 엠블렘 조언 구합니다
질문합니다,1,17,10,27,13,1,0,1,1,1,아이템,0.7647058823529411,0.3789203921637491,3.4263513120309126,메이플 챌섭 뉴비 아이템 추가 스펙업 질문합니다!,솔 에르다 3개의 가치가 어느정도인가요?,조각 사용처 질문합니다 ! (스펙업 관련)
둘둘,1,20,1,27,18,0,0,0,0,2,아이템,0.9,0.861505235373519,3.4229480018693086,유챔 하드 세렌급 보조 스펙 질문 있습니다!,템 가성비 셋팅 질문,질문드립니다.
맞추기,1,12,3,15,11,0,0,0,0,1,아이템,0.9166666666666666,0.8837590539486351,3.420606742219261,"안녕하세요 메쌤, 메형님들 뉴비 질문 몇 가지만 해도 될까요?",메린이 도움 부탁드립니다 보마 300억 템세팅,2석펫 vs 쌍레 보조 맞추기 고민됩니다
사냥터,1,12,8,23,1,0,3,0,0,8,몬스터,0.25,0.6063611411362902,3.418079721721018,284 사냥터 질문,챌섭 사냥터 질문,뉴비) 레벨별로 사냥터는 어디 가야 하나요?
17성 주문서,2,18,1,22,17,0,0,0,0,1,아이템,0.9444444444444444,0.9215674807041246,3.4172366814025694,챌섭 복귀유저 렌 스펙업 훈수 부탁드립니다.,쀼부캐 골클벨 17성 깡통을 사야하나요 15or18퍼 사야하나요?,모험가 22성 나오면 18둘둘로 하드 메이린 가능할까요?
심환불,1,18,1,21,17,0,0,0,0,1,아이템,0.9444444444444444,0.9215674807041246,3.4172366814025694,제네시스 코인 투자처 질문,추옵날라갔는데 복구해주나요?,해방 무기 제네패스 코인 질문
페어리하트,1,18,1,20,17,0,0,0,0,1,아이템,0.9444444444444444,0.9215674807041246,3.4172366814025694,플라즈마 하트 스페어 질문,메린이 질문(주문서작),플라즈마 하트 변환 질문이요!
5줄,1,31,1,35,26,0,0,1,1,3,아이템,0.8387096774193549,0.6320184057412116,3.416153512759902,풀드메 마췃는데 궁금한게있어요,똥블렘 언제까지 써야하나요? 투자를 좀 해서...,하드메이린 최소컷 세팅
확률,1,18,4,27,14,0,1,0,0,3,아이템,0.7777777777777778,0.5645808458317895,3.415563297519382,이번 마라벨 풀셋 가격?,메고수 형님들 해방무기 질문입니다!!,스타포스
보보보,1,17,2,23,16,0,0,1,0,0,아이템,0.9411764705882353,0.7773587990501039,3.415187056461911,헥환 8만 목표 과금 어느정도 해야할까요?,렌 보보보 괜찮아요??,아란 / 보공공 보보보 뭘 선택해야 할까요?
챌섭 레테,2,23,5,28,10,0,0,4,1,8,직업,0.17391304347826086,0.39744502473301424,3.414200123635281,미트라 고민,형님들 리프 언제 해야하나요?,챌섭 링크3렙 관련
뭔가요,1,17,7,26,4,0,1,4,0,8,직업,0.23529411764705882,0.45414861647873384,3.41250835282859,코디정보좀...,메 m 이거 차이가 뭔가요,"헥사코어 강화할때 ""최종뎀 효율"" << 이게 뭔가요?"
육성,1,16,3,21,6,0,0,6,0,4,직업,0.375,0.699933835181516,3.409653891003836,본캐 데티해방까지 본캐만 쭉 투자해도되나요?,챌린저스 서버 캐릭터 육성 질문,[사전월드리프] 여러 서버로 이동 불가 관련 문구 문제
고민중입니다,1,28,3,33,18,0,0,3,0,7,아이템,0.6428571428571429,0.4298469629425465,3.4085512608946007,템 세팅 방향성 질문드립니다,세트효과 어떻게 가져가는게 좋을까요,복귀 유저인게 템관련 문의여
핸즈,1,8,7,20,1,0,0,0,0,7,기타,0.875,0.9101351408269566,3.40760907540624,핸즈 옥션 그린아이디등록? 어케하나요..,형님들 몬스터파크 핸즈 템셋팅 질문,몬파 핸즈 몬스터 원킬컷 안나는데 상관있나요?
추천좀,1,16,9,25,11,0,1,3,0,1,직업,0.1875,0.42104469610567924,3.4036349474781233,찐뉴비 아란 60억 모았음.. 템셋 추천좀 해주십쇼,드메부터 맞출지 스펙을 올릴지 추천좀 해주세요,템환 8만목표인데 교체부위 추천좀 부탁드립니다
시퀀스,1,11,4,23,0,0,0,7,0,4,직업,0.6363636363636364,0.8471587152859228,3.403110588114527,오리진 패치이후 무조건 선오리진이 좋나요?,메잘알 형들 나로 질문이요ㅜㅜ,피방이랑 집이랑 추가 경험치가 차이가 안나는데 왜 그런지를 모르겠음
먹었는데,1,14,7,21,11,0,0,0,1,2,아이템,0.7857142857142857,0.5470270481957311,3.401463707042225,마도서 먹었는데 어쩌죠?,칠흑 상자에서 마깃안 먹었는데 팔까요 쓸까요,샤타 시세질문
발라서,1,40,0,43,37,0,0,1,0,2,아이템,0.925,0.8319059956132017,3.401457467068665,플라즈마 하트 스페어 질문,전투력 1억5천 메린이 다음 스펙업을 도통 못잡겠어요 ㅠㅠ,진짜 찐 뉴비 템세팅
카루타,1,10,3,17,10,0,0,0,0,0,아이템,1.0,1.0,3.395151881369298,18에테 22아케인 질문있습니다,레테 카루타 템셋팅 질문드립니다 도와주세요,4초 덱9퍼 카루타 쿨뚝 18성 얼마에 팔수있을까요??
바꾸고,1,26,3,34,16,0,0,0,1,9,아이템,0.6153846153846154,0.45407441519166425,3.392745945837545,챌린저 하고 싶은데 여기서 무보엠 바꿔주면 되나요?,보스방 드랍율이랑 일반 맵 드랍율이 다른가요?,솔 에르다 기운 어떻게 처리해야할까요
나왔는데,1,23,3,26,14,0,0,1,4,4,시세,0.17391304347826086,0.5049795461681141,3.386030350631124,챌섭 아케인 쌍크 장갑 팔아야되나요 ? 메린이 템세팅 방향성 한번 잡아주시면 감사하겠습니다.,에테상의 주문서첫작,메짱이분들 도와주세요
상태인데,1,43,0,43,38,0,0,1,0,4,아이템,0.8837209302325582,0.7856134826512223,3.37855001561672,하드 메이린 깨고나서 스펙업 질문,메이플 챌섭 뉴비 아이템 추가 스펙업 질문합니다!,코디템 질문있습니다
미트라 에디,2,8,5,15,8,0,0,0,0,0,아이템,1.0,1.0,3.3782939600750543,제네무기 vs 미트라 에디,카에유잠 사기 vs 에디 메소 등업,미트라 에디 직작 질문
1페,1,20,1,22,0,0,13,2,0,5,몬스터,0.65,0.8365569567525376,3.3770729439683125,보마 카링1페 질문 있습니다,형들 익스우 135퍼,님들 저 메린인데 윌 1페 이거 버근가요?
코인 사용처,2,7,7,14,7,0,0,0,0,0,아이템,1.0,1.0,3.3766646792589796,챌썹 코인 사용처?,해방 코인 사용처 질문 드려요,대적자 코인 사용처 질문
같은,1,50,2,56,24,2,1,3,1,19,기타,0.38,0.28624389158331426,3.362042949293545,동전꼽기가 운영정책 위반인지 여부,해방 질문있습니다,선생님들 헥사환산 몇을 목표로 잡아야할까요?
이지칼로스,1,11,4,15,4,0,5,0,0,2,몬스터,0.45454545454545453,0.8240379058444159,3.3605139932658865,형님들 드메템 vs 보스용장비 뭐 먼저맞추는게좋을까요?,챌섭 레테 이지칼로스 104퍼,선생님들 혹시 노말흉성 많이 어렵나요?
투자,1,35,2,40,23,0,0,5,0,7,아이템,0.6571428571428571,0.4104181926352988,3.360031024315513,메린이 본캐 고민,와헌 템셋팅 질문 드립니다.,[뉴비] 이 스펙으로 크크올 장갑 사서 껴도 괜찮을까요?
마스터,1,27,2,31,19,0,0,2,0,6,아이템,0.7037037037037037,0.5156594792599309,3.3575227967523964,모멘텀 패스 플러스 누구 줄까요?,챌섭 리프 질문,챌섭 스펙업 어떻게 할까요? 미트라? 보장?
해방하고,1,28,3,32,18,0,3,0,0,7,몬스터,0.10714285714285714,0.4078080442519733,3.3560136215259004,해방 질문있습니다,"메린이 오늘 첫 해방했는데, 잠재 돌리고 남은 블랙큐브는 어디에 쓰는게 좋나요?",무보 이런데 해방하고 정옵띄우면 하드메이린 가능한가요??
실수,1,22,7,31,7,2,2,1,0,10,퀘스트,0.09090909090909091,0.3175126003252842,3.3540690946903955,챌섭 실수로 나워 리프시켰는데 버닝없이 정축 여축30 가능할까요?,실수로 어빌리티 잘못돌려버렸어요..,울티마 스쿼드 코인샵 본섭 실수
어떤걸,1,28,2,30,21,0,0,2,1,4,아이템,0.75,0.4980151722515819,3.353383064883196,미트라 갈아타기 질문점요,챌섭 유입 스펙업 질문있습니다.,챌섭 뉴비 앞으로 진로 설정 부탁드립니다
이탈,1,17,1,19,16,0,0,0,0,1,아이템,0.9411764705882353,0.9170719641712765,3.3466398782172293,복귀 중고뉴비 대적자 코인 뭐에 써야할까요?,제네플 큐브 및 카르마 큐브 사용처 질문드립니다!,선배님들 대적자큐브 어디다 쓸까요
3개,1,34,2,37,21,0,0,2,1,10,아이템,0.6176470588235294,0.41299251805896575,3.339701626943415,챌섭 유입 메린이 템 진로 고민입니다 !!,챌섭 뉴비 하드메이린 잡고싶은데 스펙업 질문,제논 5에테
하나씩,1,42,1,45,29,1,0,2,0,10,아이템,0.6904761904761905,0.47003932703886814,3.3394293115749334,님들 링크 3렙 찬란한영웅의 증거 질문 있습니다,지금의 조건으로 어느정도 맞춰야할까요 진로상담 부탁드립니다,챌섭 4여명5보장 18성 유에 장신구들 하나씩 19성 올리는거 비추인가요??
엠블럼,1,13,5,21,11,0,0,1,0,1,아이템,0.8461538461538461,0.6459437130859271,3.339310453270254,메린이 엠블럼,엠블럼 어떤 잠재가 더 좋나요?,메린이 내 캐릭이 왜 약한지 모르겠어요
파는게,1,16,5,22,12,0,0,0,1,3,아이템,0.75,0.5320203935717732,3.3368510254891226,다음 스펙업을 뭐 하는게 나으려나요??,캐시는 뭐 팔아야 됨?,챌섭 에테 장갑 어떻게 해야할지 모르겠어요....
거의,1,48,2,52,19,1,5,3,2,18,몬스터,0.10416666666666667,0.2867906898489508,3.32924971386946,하메 도전 메린이 인데 템셋 질문있슴다,배율20퍼차이나는데 딜이 똑같은데 뭐가문제일까요,챌섭 리프질문
제대,1,28,4,34,11,0,4,4,2,7,몬스터,0.14285714285714285,0.3323268904488052,3.3262419498531415,출석 보돌만 하다가 제대로 복귀해보려하는데 템셋 질문좀여,하드 메이린 잡았는데,유니온 제대로 적용되고 있는건가요
17성 강화권,2,13,2,17,12,0,0,0,0,1,아이템,0.9230769230769231,0.892403539927027,3.320077784539794,챌섭 챌린저 목표 템셋팅 관련 질문입니다.,전투력 1억5천 메린이 다음 스펙업을 도통 못잡겠어요 ㅠㅠ,메린이 많이 성장했지만 다시 막막해짐..
돌려서,1,23,1,24,20,0,0,1,0,2,아이템,0.8695652173913043,0.7279032494131813,3.3166338672715634,님들 이거 팔아야되나요?,제네무기 옵션 방향성좀 알려주세요...,제네 플러스 코인 뭐돌릴까요?
따로,1,39,3,49,19,0,2,1,3,14,기타,0.358974358974359,0.2686546394623759,3.313117782293403,제네패스 지금 사도 되나요?,선생님들 제논 추옵 어떤가요,보스 질문있습니다!
1단계,1,12,2,15,1,0,0,0,0,11,기타,0.9166666666666666,0.9408813856336873,3.3095082792035195,에테리온 효과 다 받는 기준이면 몬파 매일 3천포인트 씀??,지금 284인데 챌섭기간 동안 290가능함?,메포 1만원 때문에 현질했습니다..
바르면,1,10,4,15,9,0,0,0,0,1,아이템,0.9,0.861505235373519,3.309453200922808,연합토큰 어디에 쓸까요,플라즈마 하트 변환 질문이요!,뉴비 해방이후 스펙업 방향성 검토 부탁드리겠습니다
받았는데,1,19,4,23,9,0,0,1,0,9,기타,0.47368421052631576,0.48945585371220024,3.3082049288633106,남은 대적자 코인 어디에 터는게 정배일까요,오늘 썬데이 메이플 솔에르다 주는거 278레벨 25개 받는거 맞지?,챌섭 레테 레유잠 받았는데 이거 어디다 발라야할까요...?
카에유잠,1,13,8,25,9,0,0,0,2,2,시세,0.15384615384615385,0.5110262905672563,3.308118429409366,화에큐 사용처 질문,카에유잠 사기 vs 에디 메소 등업,카레잠 카에유잠 제네무기에 쓰는거 괜찮죠?
제네 패스,2,17,5,23,6,2,0,0,0,9,퀘스트,0.11764705882352941,0.4879639660356562,3.3062760557083664,메린이 해방무기 윗잠 질문,메잘알 선배님들 질문,4만 메린이 템세팅 질문 드립니다
바꿔야할까요,1,11,2,13,11,0,0,0,0,0,아이템,1.0,1.0,3.3038913442830604,헥환 8만 목표 과금 어느정도 해야할까요?,하드 메이린 깨고나서 스펙업 질문,전투력 1억5천 메린이 다음 스펙업을 도통 못잡겠어요 ㅠㅠ
예정인데,1,21,2,23,16,0,0,1,0,4,아이템,0.7619047619047619,0.6067537311117602,3.301717937239965,하드메이린 목표 템셋 좀 봐주세요 ㅠㅠ,솔 에르다 3개의 가치가 어느정도인가요?,메린이 방향성이 잘못된걸까요? 현실조언 부탁드립니다
어따,1,10,6,17,8,0,0,0,0,2,아이템,0.8,0.7343719051785197,3.293331081015643,제네패스 plus 코인들 어따 쓸가요,"해방 후에 남는 블큐, 에디큡은 어따 쓰나요",제네패스 플러스 코인 사용처
6차,1,13,4,18,2,0,0,5,0,6,직업,0.38461538461538464,0.6820525770650747,3.2911688358733415,"안녕하세요 메쌤, 메형님들 뉴비 질문 몇 가지만 해도 될까요?",솔 에르다 3개의 가치가 어느정도인가요?,챌섭 사냥 질문
관련해서,1,12,7,21,8,0,0,0,0,4,아이템,0.6666666666666666,0.5802430494260673,3.290894101013286,이번 이벤으로 시작한 늅늅이 장비좀 봐주실수 있을까요?,메린이 템세팅 관련해서 질문 있습니다..!,전승주문서 관련해서 질문있습니다!
제네 해방,2,11,6,17,3,3,0,1,0,4,퀘스트,0.2727272727272727,0.6703744521201828,3.2869028558607503,메잘알 선배님들 질문,(제네 해방) 하드 검마 파티격 흔적 획득량,자전 질문
전에,1,40,3,44,14,1,3,2,4,16,시세,0.1,0.249579453904883,3.2851464282590883,챌섭리프,챌섭 챌린저 질문,여명으로 카링 될까요?
드려요,1,14,10,24,8,0,2,0,1,3,몬스터,0.14285714285714285,0.41035261345066515,3.2833970940099615,검마 배율 181%인데 이거 잡히는거 맞나요..?,해방 코인 사용처 질문 드려요,9만~데티 해방 사이 괜찮은 라인
알려주시면,1,63,1,65,37,1,3,3,3,16,아이템,0.5873015873015873,0.3058469141185353,3.2800905973361334,챌린저 찍고싶은 메린인데 향후 템셋팅 어떻게 해야하나요?,여명셋 질문 있습니다!,헥환 4.5 이후 템셋팅 질문.
이미지 이미지 이미지,3,81,0,126,63,3,1,4,0,10,아이템,0.7777777777777778,0.4866898179494939,3.2757123177349117,유챔 하드 세렌급 보조 스펙 질문 있습니다!,헥환 5만목표 방향성 궁금해요,하드메이린 목표 템셋 좀 봐주세요 ㅠㅠ
운좋게,1,16,1,17,15,0,0,0,0,1,아이템,0.9375,0.9120297749808449,3.271830453022815,복귀 중고뉴비 대적자 코인 뭐에 써야할까요?,성장 방향 조언 부탁드려요,미라클 대비 미트라 질문
프악공작,1,16,1,20,15,0,0,0,0,1,아이템,0.9375,0.9120297749808449,3.271830453022815,핵환 4.4 도미먹었는디,하드메이린 목표 템셋 좀 봐주세요 ㅠㅠ,요즘 도미 작 어떻게 하나요?
연모,1,26,2,30,6,6,6,0,0,8,퀘스트,0.23076923076923078,0.4912692746002019,3.26743878175514,제네패스 지금 사도 되나요?,제네플러스 보스 연모6인으로 패도되나여?,뉴비 하드메이린 찐모
메린이인데,1,20,7,28,12,0,1,3,1,3,직업,0.15,0.32150684550088776,3.266629049499755,유입된 메린인 인데 이 이상 어떻게 스팩업을 해야할지 알려주세요!,메린이 본캐 고민,안녕하세요 메린이인데 질문있습니다.
잠재능력,1,14,6,21,8,0,0,0,0,6,기타,0.42857142857142855,0.520412122970911,3.260475838017386,미트라의 분노 잠재 스크롤 안됌,이번 챌섭 유입 메린이 제네시스 무기 잠재능력 질문 있습니다,챌섭 뉴비입니다! 이번에 미라클 타임 때 뭐 할까요??
트라,1,28,1,31,9,0,8,3,0,8,몬스터,0.2857142857142857,0.6007909350419568,3.2556128167918845,해방 무기 제네패스 코인 질문,레테 하드 메이린 스펙 업 질문 있습니다!,뉴비 검마까지 방향성 조언좀....
템은,1,30,2,33,20,0,0,4,0,6,아이템,0.6666666666666666,0.4254318641388073,3.2540994209347103,템 가격좀 책정해주실분 계신가요ㅠㅠ,챌섭 유입 메린이 템 진로 고민입니다 !!,챌섭 블큐 화에큐 사용처 및 챌 달성 질문
어느,1,31,2,36,21,0,0,2,2,6,아이템,0.6774193548387096,0.40954764871126137,3.247587858307353,유챔 하드 세렌급 보조 스펙 질문 있습니다!,선생님들 헥사환산 몇을 목표로 잡아야할까요?,"안녕하세요 메쌤, 메형님들 뉴비 질문 몇 가지만 해도 될까요?"
고민됩니다,1,22,2,24,17,0,0,2,0,3,아이템,0.7727272727272727,0.5572760707134665,3.246065630895634,대적자큐브 사용처 질문,메린이 본캐 템 질문드립니다!!,복귀 유저인게 템관련 문의여
에테장갑,1,13,4,18,12,0,0,0,1,0,아이템,0.9230769230769231,0.6587965388496576,3.245665176080488,별 누르기vs언컨 구매,복귀유저 템세팅 질문드립니다.,아케인뚝 그정도로 별로에요?
있음,1,18,6,27,5,1,3,1,0,8,몬스터,0.16666666666666666,0.39059661049189104,3.2424006392169695,메린이 한 100억정도 생기면,챌섭말고 레벨업 빠르게 할만한 방법 있음?,스펙업 순서 방향 훈수좀 부탁해
찍고,1,53,1,57,23,2,0,8,0,20,직업,0.1509433962264151,0.3435040910829571,3.2368170520885347,레테 하드 메이린 까지 가야되는데 템상담 좀 해주세요,챌섭 쌩뉴비 여러 가지 질문 드립니다 !,첼린저섭 첼린저 찍고싶습니다 스팩업 질문드립니다
까지,1,65,1,71,29,1,6,5,1,23,몬스터,0.09230769230769231,0.27828777609966515,3.234623459922895,선생님들 헥사환산 몇을 목표로 잡아야할까요?,메린이 유니온 질문있습니다,보마 노말 칼로스 템셋 질문
크뎀,1,23,3,31,14,0,1,0,0,8,아이템,0.6086956521739131,0.4370722899555522,3.2332468585569174,유니온 크뎀40개찍으려면 유니온 몇렙되야하나요???,제논 5에테,챌섭 호영 템셋 질문
에테 장갑,2,14,4,19,12,0,0,0,1,1,아이템,0.8571428571428571,0.6103185517189672,3.233182934106302,에테 장갑은 크주 vs 쌍크 어느게 가성비 좋나요,안녕하세요 선생님들 템 진로 고견좀 여쭙습니다,레잠 1장 사용처
얼마정도,1,13,2,15,7,0,0,0,6,0,시세,0.46153846153846156,0.8419514629167877,3.2315634605431027,템 가격좀 책정해주실분 계신가요ㅠㅠ,챌섭 아케인셰이드 장갑 극추옵 질문드립니다,루컨마 가격 질문있습니다 선배님들
팔아야,1,13,2,15,7,0,0,0,6,0,시세,0.46153846153846156,0.8419514629167877,3.2315634605431027,뉴비 루컨마 시세 문의 드립니다..!!!,데브펜 24성 시세 어떻게 될까요?,캐시는 뭐 팔아야 됨?
법사,1,18,10,32,10,1,0,2,2,3,시세,0.1111111111111111,0.2762284985067839,3.230501801800086,환산 7~8만대 미트라 옵션 추천 좀 해주십쇼,법사 본캐 추천점요,울티마 궁수 법사 쿨4초면 전사도 4초해?
미리,1,34,3,39,14,2,0,3,1,14,기타,0.4117647058823529,0.2799849669128982,3.2217066433918196,챌섭 리프할때 보상 어떻게 하나요?,지금 에테 쿨뚝 사둘만함니까?,250 달성의 비약 질문드려요
도전,1,19,5,26,14,1,0,2,0,2,아이템,0.7368421052631579,0.39860699978865965,3.2210071472020445,하메 도전 메린이 인데 템셋 질문있슴다,안녕하세요 선생님들 템 진로 고견좀 여쭙습니다,"연마석 10개쓰고 리컨4렙인데, 다음 도전 몇개할지 냉철한 판단 좀여"
메쌤들,1,15,10,25,10,0,1,2,0,2,아이템,0.6666666666666666,0.3506882155006673,3.219434205806575,3일차 뭐해야할지 모르겠어요 메쌤들 좀 도와주세요,메쌤들 제네무기 잠재 선택 도와주세요,메쌤들 현실적으로 챌 달성 가능한지 상태좀 봐줄수있나요
블루베리,1,14,5,26,3,1,0,0,0,10,기타,0.7142857142857143,0.545317020657721,3.2171202316736927,경험치 BM 280작 250작 무난할까요?,메카베리가 블루베리보다 좋은건가요?,280레벨 달성했는데 블루베리는 그냥 다 쓰면 되나요??
맞추는게,1,24,1,27,20,0,0,0,1,3,아이템,0.8333333333333334,0.6545460804118916,3.2166214298760734,레테 하드메이린 잡고싶은데 템좀 봐주세요 ㅠㅠ,제네무기 옵션 방향성좀 알려주세요...,형님들 드메템 vs 보스용장비 뭐 먼저맞추는게좋을까요?
아시,1,19,3,24,4,1,0,1,0,13,기타,0.6842105263157895,0.5159467343763461,3.21503673785202,선생님들 카웅 선행퀘 질문있습니다!,메m 넥슨플러그로 하시는 분??,택배 배송중
솔격,1,15,6,28,3,2,4,0,0,6,몬스터,0.26666666666666666,0.46421692313910995,3.214799009854046,본캐를 올릴가요 버린 부캐를 살릴까요,헥환8만목표(노흉~노카 보스 솔격 )입니다.,이칼적 1인 vs 노칼적 2인 차이가 뭔가요
상의,1,14,3,17,13,0,0,0,1,0,아이템,0.9285714285714286,0.6765536501642689,3.2142019954670724,4여명 5칠흑으로 7~8만 될까요?,스펙업 질문있어요,카룻을 갈까요 에테를 갈까요?
구매해서,1,17,1,20,15,0,0,0,0,2,아이템,0.8823529411764706,0.8382856019472291,3.2091022236030766,챌섭에서 챌린저 찍은 뉴비인데,[뉴비] 메짱이형님들 템진로 조언 부탁드립니다,무자본 하드메이린 방향 추천 부탁드립니다.
어센트,1,16,5,27,3,1,2,6,0,4,직업,0.375,0.4719429387005397,3.2059979913278256,보마 하드메이린 연모배율 103.6퍼에 어센트 2번봤는데 3.8퍼 남으면 최종뎀 얼마나 올려야할까요???,보마 메이린 배율 질문있습니다 !,본캐 / 챌섭 부캐 투자우선권 질문입니다.
이러면,1,30,4,34,14,2,2,1,1,10,퀘스트,0.06666666666666667,0.257831864828602,3.202454999068451,렌 하세 환산 118.7% 로 1초 남기고 잡게될 것 같은데...,형들 익스우 135퍼,해방 코인 사용처 질문 드려요
참가자,1,59,0,59,34,0,0,15,1,9,직업,0.2542372881355932,0.5635430247851734,3.2008419406647346,핵환 4.4 도미먹었는디,본캐 추천 부탁드리겠습니다....,메카베리 본캐vs부캐
한번 봐주세요,2,7,5,12,7,0,0,0,0,0,아이템,1.0,1.0,3.197199263583145,울티마스쿼드 옵션이 너무 헷갈려요.. 한번만 봐주세요,안녕하세요 쌩뉴비입니다 오늘 제네시스 해방했는데 한번만 봐주세요 ㅠㅠㅠㅠ,시세 한번만 봐주세요 선생님들..
정옵,1,27,1,31,22,0,1,1,0,3,아이템,0.8148148148148148,0.5885551702584306,3.1970601777063594,제네 플러스 코인 뭐돌릴까요?,성장 방향 조언 부탁드려요,무보 이런데 해방하고 정옵띄우면 하드메이린 가능한가요??
4렙,1,14,3,20,12,0,0,1,0,1,아이템,0.8571428571428571,0.6655814889712522,3.193166735189106,[뉴비] 메짱이형님들 템진로 조언 부탁드립니다,챌섭 호영 템셋 질문,제논 리레 3렙 4렙 차이 큰가요??
월드,1,16,3,23,8,0,0,0,0,8,기타,0.5,0.5913081818747175,3.191777245574979,메이플 쌩뉴비 질문드려요...,챌섭 쌩뉴비 여러 가지 질문 드립니다 !,월드 리프 관련 질문 드립니다
어느정도,1,25,3,29,16,0,0,1,2,6,아이템,0.64,0.3837522300815688,3.191694256761317,와헌 템셋팅 질문 드립니다.,에테 모상하 잠재 질문!,선생님들 제논 추옵 어떤가요
노말 진힐라,2,13,5,20,3,1,4,0,0,5,몬스터,0.3076923076923077,0.5723430312024685,3.18998850232671,이번 이벤으로 시작한 늅늅이 장비좀 봐주실수 있을까요?,안녕하세요...메이플 시작 3주차인데..,제네 패스 지금사도 될까요?
싶어요,1,17,3,20,11,0,0,0,0,6,아이템,0.6470588235294118,0.5589150076758824,3.189885856489818,챌섭 유입 메린이 템 진로 고민입니다 !!,챌섭에 있다가 본섭가면 도전자 사라지나요?,복귀뉴비
12성,1,10,2,14,10,0,0,0,0,0,아이템,1.0,1.0,3.1882024368890085,10억있는데 카유잠 어디에 쓸지 추천부탁드립니다,현재 템셋 스펙업 조언좀 부탁드림다,미라클때 에테장갑 만들어볼까요?
4칠흑,1,10,2,12,10,0,0,0,0,0,아이템,1.0,1.0,3.1882024368890085,메고수 형님들 템 진로좀 봐주십쇼,현재 템셋 스펙업 조언좀 부탁드림다,4여명 깨고 4흙칠흑 vs 4여명 유지 2흙칠흑
골드큐브,1,10,2,15,10,0,0,0,0,0,아이템,1.0,1.0,3.1882024368890085,"익스우, 노흉 목표 템 진로 질문좀요",챌썹 코인 사용처?,메멘토 골드큐브 사용하면 등급업도 가능한가요?
윗잠 레전,2,13,1,19,13,0,0,0,0,0,아이템,1.0,1.0,3.187833873822921,잠재 좀더 돌려야될까요?,똥블렘 언제까지 써야하나요? 투자를 좀 해서...,챌섭 뉴비 방향성 조언 부탁드려요 메짱형님들
플하,1,16,3,25,13,0,0,0,1,2,아이템,0.8125,0.5880039538326804,3.1851497676301728,플하 터짐 ㅠㅠ,스펙업 질문!,카레잠 사용처 추천좀요
에디 레전 천장,3,8,6,14,7,0,0,0,0,1,아이템,0.875,0.8287131132142378,3.181874006860211,에디 레전 천장 사용처가 고민입니다....,메린이 에디 레전 천장 어떻게 하는게 좋을까요,에디 레전 천장 질문입니다
흉성,1,10,4,16,4,0,4,0,0,2,몬스터,0.4,0.7893155036035293,3.1811116124383614,에디 레전 천장 사용처가 고민입니다....,갓 2억단 뉴비 다음 스펙업 추천 부탁드립니다.,본섭 깡통캐릭 유챔하는거 별로일까요?
하이퍼,1,15,2,18,2,0,0,1,0,12,기타,0.8,0.7250927001648185,3.1796811481369267,메이플 처음하는데 도와주실분..,꼭 챌린저스나 하이퍼버닝으로 키워야 하나요 ?,찐뉴비좀 도와줘!!(렙이 안올라!!)
에메랄드,1,15,5,23,10,0,0,1,0,4,아이템,0.6666666666666666,0.4909218254154925,3.1778494415189678,뉴비 검마까지 방향성 조언좀....,챌섭 뉴비 진로 부탁드립니다 ㅠ,뉴비 템 조언좀
유지,1,12,4,20,5,0,0,0,0,7,기타,0.5833333333333334,0.6694831167905168,3.174845508155337,성장 방향 조언 부탁드려요,5석펫 효과도 사용횟수 제한이있나요??,mvp 유지
이전,1,20,4,39,10,1,0,0,0,9,기타,0.45,0.4058420440022466,3.1733463650100577,본캐를 올릴가요 버린 부캐를 살릴까요,아흐... 펫장비 이전 줌서에 대한 글은 많은데...,"뉴비 챌섭이후 본섭 준비 질문,평가해주세요"
이름,1,12,7,22,7,0,0,0,2,3,시세,0.16666666666666666,0.522918466646077,3.1715142806861323,챌섭 챌린저 목표 템셋팅 관련 질문입니다.,아이탬 이름이 궁금합니다,이 의자 이름 아시는분?
시작해,1,14,6,20,2,0,0,3,0,9,직업,0.21428571428571427,0.4778592673226971,3.1692225813618564,늅이인데요 지금 챌린저스 시작해도 해방할수있나요..?,꼭 챌린저스나 하이퍼버닝으로 키워야 하나요 ?,지금 시작해도 괜찮을까요? + 직업 고민
타이밍,1,12,4,19,4,0,4,1,0,3,몬스터,0.3333333333333333,0.6665000443372718,3.169172618095272,미트라 교체 타이밍 궁금합니다,환산 7.8 헥환 7만 진로질문드립니다!,선생님들 챌섭 일리움 검마 잡는데 3페이지 꿀팁 있나요?
사이트,1,23,5,33,8,0,1,3,1,10,기타,0.43478260869565216,0.29595085781798575,3.1662323030079516,대장장이 고견 나눠주실 메짱엉아들?,안녕하세요 챌섭유입 뉴비입니다.,헥사 스탯 질문입니다
레테 보조,2,9,9,19,6,0,0,0,2,1,시세,0.2222222222222222,0.6253523836424432,3.163873994473029,레테 보조 질문드립니다..,레테 보조 뭐가더 나은지 봐주세용,레테 보조 190억~220억 대 사이선에서 뭐가 더 좋은 매물일지 질문드립니다
에테 18성,2,10,3,13,9,0,0,0,0,1,아이템,0.9,0.861505235373519,3.1600465010286003,에테 18성 직작 vs 완작사기,에테 이 정도 되는 옵션 작된 장비 18성 달면 얼마 정도 할까요?,22성 에테 뚝배기 공6리턴 완작 질문드립니다
초반,1,10,3,14,9,0,0,0,0,1,아이템,0.9,0.861505235373519,3.1600465010286003,선생님들 헥사환산 몇을 목표로 잡아야할까요?,"익스우, 노흉 목표 템 진로 질문좀요",에디 레전천장 사용처 추천부탁드려요 + 도전자 대체셋 질문
나오,1,31,2,35,14,0,4,2,1,10,몬스터,0.12903225806451613,0.37067298392818915,3.1580209043553507,메린이 하드메이린 목표 템셋 봐주시면 감사하겠습니다!,챌섭 챌린저 질문,메고수 형님들 템 진로좀 봐주십쇼
패스 플러스,2,15,7,24,10,1,0,0,0,4,아이템,0.6666666666666666,0.40239919742077257,3.1569545574345756,모멘텀 패스 플러스 누구 줄까요?,메린이 해방무기 윗잠 질문,메린이 에디 레전 천장 어떻게 하는게 좋을까요
1억,1,16,5,23,11,0,0,2,0,3,아이템,0.6875,0.44887833583414344,3.1557616210744235,여명셋 질문 있습니다!,스펙업 순서,메린이 많이 성장했지만 다시 막막해짐..
제네무기 에디,2,9,4,13,8,0,0,0,0,1,아이템,0.8888888888888888,0.8468447891548733,3.1528830204882845,제네무기 에디 고민 유니크 15 vs 레전 등업,제네무기 vs 미트라 에디,혹시 미라클때 올릴만한게 있을까여
사기,1,21,1,27,16,0,0,0,0,5,아이템,0.7619047619047619,0.6886412869139298,3.152530043251123,카에유잠 사기 vs 에디 메소 등업,챌섭 유입 메린이 템 진로 고민입니다 !!,챌섭 4여명5보장 18성 유에 장신구들 하나씩 19성 올리는거 비추인가요??
꾸준히,1,49,1,52,29,0,2,6,0,12,아이템,0.5918367346938775,0.3342153550783818,3.152420879476187,직업 고민,챌섭 유입 메린이 템 진로 고민입니다 !!,칠흑 33퍼사서 미라클때 에디레전 보내는거 어떤가요?
클리어,1,35,2,43,10,4,4,5,0,12,퀘스트,0.11428571428571428,0.3226759204120617,3.1510031215605414,선생님들 헥사환산 몇을 목표로 잡아야할까요?,대적자 3페 연습모드 여는 방법,선생님들 메린이 진로 추천 부탁드리겠습니다
잡았는데,1,15,5,21,4,3,5,0,0,3,몬스터,0.3333333333333333,0.4760521169972495,3.1461551609826324,하드 메이린 잡았는데,렌 무보엠 옵션 고민이있습니다!,뉴비 몇가지 질문좀 드려여
계신가요,1,16,7,25,6,1,0,3,0,6,직업,0.1875,0.3666779930654997,3.1438129853497587,템 가격좀 책정해주실분 계신가요ㅠㅠ,선생님들 카웅 선행퀘 질문있습니다!,제로<>렌 직변 해보신분 궁금합니다.
옥션,1,18,5,26,8,0,0,0,2,8,시세,0.1111111111111111,0.3883822634548026,3.142712176022667,챌섭 쌩뉴비 여러 가지 질문 드립니다 !,메린이 렌 키우는데 보조무기 궁금한게 있습니다,에테 이 정도 되는 옵션 작된 장비 18성 달면 얼마 정도 할까요?
남는데,1,15,3,19,10,0,3,0,0,2,몬스터,0.2,0.6003656634546009,3.141258502630564,듀블 하메 잡으신분?,미트라 잡레전 사야할까요,하드 메이린 목표입니다.
최대 1개,2,52,0,52,30,0,0,13,0,9,직업,0.25,0.5806635627182849,3.137847880553447,핵환 4.4 도미먹었는디,본캐 추천 부탁드리겠습니다....,메카베리 본캐vs부캐
제목,1,71,0,72,38,0,1,15,2,15,직업,0.2112676056338028,0.46656600240628604,3.136006566895891,핵환 4.4 도미먹었는디,본캐 추천 부탁드리겠습니다....,메카베리 본캐vs부캐
월드리프,1,9,4,15,2,0,0,0,0,7,기타,0.7777777777777778,0.8350899041900842,3.1328154016873366,챌섭에서 리프할때 템,"안녕하세요 메쌤, 메형님들 뉴비 질문 몇 가지만 해도 될까요?",챌섭에서 테라버닝 주는게 최대 4개맞죠?
교체,1,14,3,25,10,0,0,0,0,4,아이템,0.7142857142857143,0.6334194966998262,3.1315074260898204,챌섭 챌린저 목표 템셋팅 관련 질문입니다.,미트라 교체 타이밍 궁금합니다,[질문] 복귀 유저 아버 이후 에테르넬 17성 풀셋 질문
모르겠어서,1,44,0,45,35,0,0,2,0,7,아이템,0.7954545454545454,0.6446520750546331,3.1303176814166958,뉴비 아버 템 대체질문,템환 10만으로 가고싶습니다..,유입된 메린인 인데 이 이상 어떻게 스팩업을 해야할지 알려주세요!
시간,1,49,1,56,14,2,6,3,0,24,몬스터,0.12244897959183673,0.3246220331008591,3.129754232453748,"안녕하세요 메쌤, 메형님들 뉴비 질문 몇 가지만 해도 될까요?",헥환 4.5 이후 템셋팅 질문.,님들 저 메린인데 윌 1페 이거 버근가요?
있고,1,83,0,87,52,1,0,4,2,24,아이템,0.6265060240963856,0.41091224306147284,3.1257468341252372,챌섭 아케인 쌍크 장갑 팔아야되나요 ? 메린이 템세팅 방향성 한번 잡아주시면 감사하겠습니다.,님들 링크 3렙 찬란한영웅의 증거 질문 있습니다,메쌤 도와줘요
써야,1,23,2,26,17,0,2,0,0,4,아이템,0.7391304347826086,0.47618178594940297,3.1187946008627367,유챔 하드 세렌급 보조 스펙 질문 있습니다!,메고수 형님들 해방무기 질문입니다!!,환산 7~8만 목푠데 다음 메소를 어디다 써야 해야할까요?
쓰나요,1,13,7,20,10,1,0,0,0,2,아이템,0.7692307692307693,0.45542979015719837,3.1185399235964018,18성 주문서 어디에 쓰나요?,메린이 미트라 옵션 질문있어요!!!!!!!!!!!!,"해방 후에 남는 블큐, 에디큡은 어따 쓰나요"
나머지,1,87,0,88,58,1,3,5,2,18,아이템,0.6666666666666666,0.392371174334141,3.1170573591322515,제논 5에테,아케인 쌍크 장갑을 만들었는데,메쌤들 현실적으로 챌 달성 가능한지 상태좀 봐줄수있나요
썬데,1,13,6,20,3,0,0,2,0,8,기타,0.6153846153846154,0.48756553601876507,3.1087649318373574,챌섭 쌩뉴비 여러 가지 질문 드립니다 !,오늘 썬데이 메이플 솔에르다 주는거 278레벨 25개 받는거 맞지?,챌섭 데브펜 에디 썬데이 하다가 질문
시드링,1,11,4,17,10,0,0,1,0,0,아이템,0.9090909090909091,0.6857527143266959,3.1057444406881842,4여명 5칠흑으로 7~8만 될까요?,부캐 레테 노멀 진힐라돌이까지만 키워려하는데요 시드링 질문점,이번챌섭 유입 렌 하메 120퍼 만들고싶어요
적용,1,15,2,19,6,0,0,0,0,9,기타,0.6,0.6845671842631943,3.1049847454922417,유니온 제대로 적용되고 있는건가요,에디 레전 천장 관련 질문,유니온 질문있ㅅ브니다
조건,1,13,5,18,5,0,0,3,0,5,직업,0.23076923076923078,0.5291241654611579,3.1023055463416243,지금의 조건으로 어느정도 맞춰야할까요 진로상담 부탁드립니다,헥환 7만 중반 ~ 8만 목표 레테 템세팅 조언 부탁드립니다.,18살 본섭에서 길드가입이 현실적으로 가능할지가 궁금합니다.
말고,1,42,1,44,25,1,1,2,0,13,아이템,0.5952380952380952,0.3649948217070361,3.1008039267482497,"헥사스킬올리기, 야누스30조각 모으기",에테 스타포스 할만한지 아니면 사먹는게 나은지 궁금합니다.,대장장이 고견 나눠주실 메짱엉아들?
유니크 잠재,2,12,1,14,12,0,0,0,0,0,아이템,1.0,1.0,3.098315582082589,챌섭 뉴비 한번만 도와주십쇼 선생님들ㅠ,제네시스무기 잠재 질문드립니다(찐늅입니다ㅠㅠ),챌 유입 제논 템셋팅 및 템업글 직작 조언 부탁드림다!
핵환,1,12,3,17,11,0,0,1,0,0,아이템,0.9166666666666666,0.7059193731369212,3.0976781755623186,핵환 4.4 도미먹었는디,18아케인에서 스팩업 질문 있습니다,질문드립니다.
우선,1,40,1,45,25,1,1,2,0,11,아이템,0.625,0.38109489163509,3.0976492173471404,제네 추옵 윗잠 밑잠 중 우선 순위 부탁드립니다.,헥환 7만 중반 ~ 8만 목표 레테 템세팅 조언 부탁드립니다.,뉴비 제논 진로 방향 알려주실분
앞으로,1,11,2,13,10,0,0,0,0,1,아이템,0.9090909090909091,0.8736041961254287,3.0950923430956125,완전 첫 캐릭으로 키우는 메린이인데…첫 해방후 어떻게해야할지에 대해서,투력 1억2천만 입니다. 700~800억정도 투자 예정인데 도와주세요!,앞으로의 제네무기 이벤트 재화를 어디에 사용해야할까요
2페,1,11,2,13,0,0,8,1,0,2,몬스터,0.7272727272727273,0.8735625812713568,3.0950235976175318,대적자 3페 연습모드 여는 방법,형들 익스우 135퍼,보마 검마 3페 사선 피하는 법 질문입니다.
안하고,1,27,2,29,10,3,1,2,0,11,퀘스트,0.1111111111111111,0.39563169625589245,3.0916345657913857,해방 질문있습니다,에테 스타포스 할만한지 아니면 사먹는게 나은지 궁금합니다.,메이플 쌩뉴비 질문드려요...
칼로스,1,29,2,36,12,1,4,2,0,10,몬스터,0.13793103448275862,0.3662128035506261,3.0891277536992305,칠흑 보통 얼마정도 하나요?,보마 노말 칼로스 템셋 질문,챌린저 하고 싶은데 여기서 무보엠 바꿔주면 되나요?
메제,1,24,2,29,14,0,0,1,0,9,아이템,0.5833333333333334,0.44298191101541373,3.087811584754119,하드 메이린 잡았는데,챌린저 하고 싶은데 여기서 무보엠 바꿔주면 되나요?,[뉴비] 메짱이형님들 템진로 조언 부탁드립니다
쓰는,1,19,4,25,9,0,0,2,0,8,기타,0.42105263157894735,0.38919888143857273,3.0855258820141556,타명의 계정 재화 옮기면 정지 당하나요,메린이 내 캐릭이 왜 약한지 모르겠어요,오리진 패치이후 무조건 선오리진이 좋나요?
선택권,1,10,4,18,8,0,0,0,0,2,아이템,0.8,0.7343719051785197,3.0834308408656828,첼섭 구 마라벨 헤어 질문,어샌틱 심볼 선택권 뭐 받음?,궁금한 게 많은 메린이 질문드립니다 !..
이지,1,30,3,40,16,2,2,2,0,8,퀘스트,0.06666666666666667,0.26744129263531874,3.081239982267884,플라즈마 하트 스페어 질문,뉴비) 첫 해방 무기 세팅 방법 좀 알 수 잇을까요?!,제네무기 옵션 방향성좀 알려주세요...
오리진,1,20,4,35,0,1,4,6,0,9,직업,0.3,0.3646233308895458,3.0803051489042947,"하드메이린 환산 오르는거 평딜,준극이랑 오리진이랑 비슷하면",오리진가속,레테 스공이 내려갔습니다
몽벨,1,16,3,25,14,0,0,0,2,0,아이템,0.875,0.529699816803824,3.068205846891732,데티목표입니다 조각 템펙업 고민입니다,헥환 7만 중반 ~ 8만 목표 레테 템세팅 조언 부탁드립니다.,4여명 5칠흑으로 7~8만 될까요?
기운,1,18,4,29,6,2,0,2,0,8,퀘스트,0.1111111111111111,0.40402230490212426,3.0650554532212637,데티목표입니다 조각 템펙업 고민입니다,"헥사코어 강화할때 ""최종뎀 효율"" << 이게 뭔가요?",솔 에르다기운 관해서 궁금한게 있습니다.
선배님들,1,15,7,27,10,1,0,0,2,2,시세,0.13333333333333333,0.36147204247238546,3.064823038410057,메잘알 선배님들 질문,선배님들 대적자큐브 어디다 쓸까요,루컨마 가격 질문있습니다 선배님들
부탁드리겠습니다,1,17,5,24,10,0,0,2,0,5,아이템,0.5882352941176471,0.37879950776104043,3.063711153085524,본캐 추천 부탁드리겠습니다....,복귀메린이 유챔 세렌정도 잡을템셋 조언 부탁드립니다!,메린이 많이 성장했지만 다시 막막해짐..
2여명,1,9,2,14,9,0,0,0,0,0,아이템,1.0,1.0,3.061479576654224,챌섭 뉴비.. 가고 있는 방향이 제대로 된 건지 모르겠어요,4여명 가는게 맞을까요?,장문)챌섭에서 본캐 레테하고 있는 유저인데 템셋팅 고민입니다.
300억,1,9,2,11,9,0,0,0,0,0,아이템,1.0,1.0,3.061479576654224,햄들 스펙업 조언좀 부탁드림다...,메린이 도움 부탁드립니다 보마 300억 템세팅,목표환산 9만 이상 22앜 27퍼 레에 vs 33퍼 18성에테 직작 뭐가 더 좋아보이시나요?
데브팬,1,9,2,12,9,0,0,0,0,0,아이템,1.0,1.0,3.061479576654224,고수님들 스펙업 순서 훈수 좀 부탁드리겠습니다,이번 챌섭 유입 템세팅 질문드려봅니다,22가엔링(데브팬)vs어센틱심볼올만렙
돌리는게 나을까요,2,9,2,11,9,0,0,0,0,0,아이템,1.0,1.0,3.061479576654224,메린이 해방무기 윗잠 질문,"메린이 오늘 첫 해방했는데, 잠재 돌리고 남은 블랙큐브는 어디에 쓰는게 좋나요?",대적자 코인 어디에 쓸지 질문합니다..
순위,1,9,2,11,9,0,0,0,0,0,아이템,1.0,1.0,3.061479576654224,제네 추옵 윗잠 밑잠 중 우선 순위 부탁드립니다.,드랍템 먼저 맞출까요 스펙업을 먼저 할까요,5석펫인데 스펙업 순서 추천 좀…
크크잡,1,9,2,14,9,0,0,0,0,0,아이템,1.0,1.0,3.061479576654224,에테 이 정도 되는 옵션 작된 장비 18성 달면 얼마 정도 할까요?,햄들 스펙업 조언좀 부탁드림다...,챌섭 기간중에 한부위 추천 부탁드립니다
다조,1,22,3,30,8,1,0,4,0,9,직업,0.18181818181818182,0.3786017059145977,3.060157754811787,스펙 얼마대부터 다조 그만팔고 사먹어야하나요?,조각 사용처 질문합니다 ! (스펙업 관련),챌썹 코인 사용처?
어떤거,1,16,3,19,14,0,1,0,1,0,아이템,0.875,0.5249010277906441,3.0585806430795213,"하드메이린 환산 오르는거 평딜,준극이랑 오리진이랑 비슷하면",해방무기 제네플러스 코인 어떤거 할까요??,제네무기 뭐돌리는게 정배인가요?
작년,1,19,2,24,7,0,0,1,4,7,시세,0.21052631578947367,0.5338174793660979,3.0546563783330467,메린이 익스우 템세팅 질문,뉴비 진짜 이해안가는데 챌섭매물이요,4만 메린이 템세팅 질문 드립니다
키네,1,11,3,16,1,0,0,5,0,5,직업,0.45454545454545453,0.7356333955310784,3.05328311527269,하버 본캐 썬콜VS키네VS제논 (투표),대적자 큐브 사용처 질문있습니다 !,챌섭 링크3렙 관련
상황,1,31,2,34,20,1,3,1,0,6,아이템,0.6451612903225806,0.3241642832583063,3.0508651854697506,메린이 에디 레전 천장 어떻게 하는게 좋을까요,"안녕하세요 메쌤, 메형님들 뉴비 질문 몇 가지만 해도 될까요?",챌섭 스펙업 어떻게 할까요? 미트라? 보장?
해야하나요,1,21,3,25,7,0,2,1,0,11,기타,0.5238095238095238,0.39383214687570883,3.0501025860381454,챌린저 찍고싶은 메린인데 향후 템셋팅 어떻게 해야하나요?,카오스 3-5를 못 깨고있는데요,형님들 리프 언제 해야하나요?
대해,1,14,5,19,9,0,0,1,0,4,아이템,0.6428571428571429,0.46463982602945486,3.0491623100280734,에테 스타포스 할만한지 아니면 사먹는게 나은지 궁금합니다.,메이플 디스코드 라운지에 대해,이번 챌섭 유입 메린이 제네시스 무기 잠재능력 질문 있습니다
매일,1,26,2,35,15,1,0,0,0,10,아이템,0.5769230769230769,0.3892875035758343,3.04399208480202,메린이 하드메이린 잡으려면 어떻게 세팅해야 할까요…,메이플 쌩뉴비 질문드려요...,[뉴비] 메짱이형님들 템진로 조언 부탁드립니다
떳는데,1,15,4,20,12,0,0,0,2,1,시세,0.13333333333333333,0.4803537564661765,3.043075538618134,메린이 해방무기 에디 돌리는게 좋을까여,첼린저스 서버 제네무기 잠재 질문,이거 돌리다가 떳는데 어케해야하나요?
고수님들,1,20,3,23,14,0,3,3,0,0,몬스터,0.15,0.4110993444217553,3.0414155994940053,메린이 에디 레전 천장 어떻게 하는게 좋을까요,헥환 7만 중반 ~ 8만 목표 레테 템세팅 조언 부탁드립니다.,뉴비 제논 진로 방향 알려주실분
자꾸,1,23,4,27,5,1,2,2,1,12,기타,0.5217391304347826,0.29072793796076524,3.0412892732879753,컴터 자꾸 팅겨여,레테 제네시스무기,친구가 자꾸 보스에서 이상한 물약이뜬다고하는데 뭔지좀 알려주실분 도저히 모르겟음
대충,1,54,0,58,41,0,2,3,0,8,아이템,0.7592592592592593,0.5174446644073998,3.0404531802168617,데티목표입니다 조각 템펙업 고민입니다,칠흑 아랫급에 별누르는건 요새 별로임?,챌섭 유입 메린이 템 진로 고민입니다 !!
하는지,1,19,2,23,15,0,0,1,1,2,아이템,0.7894736842105263,0.522808187201244,3.032730950448236,챌린저 하고 싶은데 여기서 무보엠 바꿔주면 되나요?,"안녕하세요 메쌤, 메형님들 뉴비 질문 몇 가지만 해도 될까요?",레테 제네시스무기
여쭤봅니다,1,37,1,39,24,1,1,1,1,9,아이템,0.6486486486486487,0.37891159677702774,3.0294694240867126,헥환 8만 목표 과금 어느정도 해야할까요?,제네시스 코인 투자처 질문,컨티4렙이 점점 비싸지던데 챌 끝나면 싸지나요?
모아서,1,53,0,54,37,0,1,2,0,13,아이템,0.6981132075471698,0.5179859847876469,3.0276109381130416,초저자본 메린이 첫 제네시스 잠재 질문,메이플 챌섭 뉴비 아이템 추가 스펙업 질문합니다!,별 누르기vs언컨 구매
돈을,1,28,1,31,20,0,0,3,0,5,아이템,0.7142857142857143,0.4880226357018324,3.02626998842941,메린이 한 100억정도 생기면,"안녕하세요 메쌤, 메형님들 뉴비 질문 몇 가지만 해도 될까요?",안녕하세요 메린이인데 질문있습니다.
가면,1,18,3,22,11,0,0,3,0,4,직업,0.16666666666666666,0.45022449527143,3.0229905858032873,뉴비 제논 진로 방향 알려주실분,챌섭 종료후 리프 고민,울티마 카오스 코인 캐기 좋은 라운드는?
리프하면,1,11,3,15,4,0,0,0,0,7,기타,0.6363636363636364,0.7168706900161935,3.0202762302398614,챌섭리프,메린이 에디 레전 천장 어떻게 하는게 좋을까요,형님들 리프 언제 해야하나요?
레어,1,20,1,23,16,0,0,1,0,3,아이템,0.8,0.6419770196314614,3.0192780829515504,무자본 하드메이린 방향 추천 부탁드립니다.,얼굴장식 토드,유챔캐릭 미트라 꼭 껴야하나요?
생각인데,1,24,1,25,19,0,1,1,0,3,아이템,0.7916666666666666,0.5526521389109769,3.018528285365533,18에테 22아케인 질문있습니다,"익스우, 노흉 목표 템 진로 질문좀요",메고수 형님들 템 진로좀 봐주십쇼
썼는데,1,13,1,14,12,0,0,0,0,1,아이템,0.9230769230769231,0.892403539927027,3.0163340537608914,메린이 하드메이린 잡으려면 어떻게 세팅해야 할까요…,메린이 질문(주문서작),울티마 앱솔랩스 아처후드
대체,1,13,3,18,9,0,0,0,0,4,아이템,0.6923076923076923,0.6086293144322896,3.0054105275285443,에테 18성 직작 vs 완작사기,에디 레전천장 사용처 추천부탁드려요 + 도전자 대체셋 질문,메린이 내 캐릭이 왜 약한지 모르겠어요
기댓값,1,15,2,18,13,0,0,0,1,1,아이템,0.8666666666666667,0.6291784890132721,3.002892614391546,대장장이 고견 나눠주실 메짱엉아들?,메린이 에디 레전 천장 어떻게 하는게 좋을까요,챌섭 4여명5보장 18성 유에 장신구들 하나씩 19성 올리는거 비추인가요??
시세좀,1,7,6,13,4,0,0,0,3,0,시세,0.42857142857142855,0.8233613127774465,3.0024957625589836,추옵 시세좀 알려주세요,복귀 템 시세좀..,아케인 해적 장갑 크크올 올이탈 시세좀 알려주실분...
100억정도,1,11,1,12,11,0,0,0,0,0,아이템,1.0,1.0,3.001628461264564,하드 메이린 잡았는데,메린이 한 100억정도 생기면,메고수님들 템세팅 조언좀 부탁드립니다
본섭 유니온,2,15,2,19,4,0,0,1,0,10,기타,0.6666666666666666,0.6276699874175247,3.000112152747094,선생님들 헥사환산 몇을 목표로 잡아야할까요?,스펙업 하고싶은데 당장 바꿧으면 부위좀 진단부탁드립니다,챌섭 리프질문
만약,1,38,1,39,18,1,0,2,1,16,기타,0.42105263157894735,0.35292345835199035,2.9935987688195786,메이플 늦은 유입 뉴비 현시점 제네패스 질러도 될까요?,"익스우, 노흉 목표 템 진로 질문좀요",메잘알 선배님들 질문
완전,1,19,2,23,8,0,0,4,0,7,직업,0.21052631578947367,0.502773668356966,2.9928314372416196,3일차 뭐해야할지 모르겠어요 메쌤들 좀 도와주세요,챌섭 쌩뉴비 여러 가지 질문 드립니다 !,대적자큐브 사용처 질문
보마 보조,2,6,5,11,6,0,0,0,0,0,아이템,1.0,1.0,2.9918910298063635,보마 보조 윗잠 돌리기 vs 그냥쓰다 팔기,챌섭 하드메이린 최소컷만큼 템셋 질문이요,보마 보조 질문
이카돌,1,6,5,11,6,0,0,0,0,0,아이템,1.0,1.0,2.9918910298063635,이카돌이 제네무기 우선순위,이카돌이 방어구 세팅 괜춚?,21퍼 장신구 드랍1줄 계륵 조언좀
팔기,1,6,5,12,6,0,0,0,0,0,아이템,1.0,1.0,2.9918910298063635,보마 보조 윗잠 돌리기 vs 그냥쓰다 팔기,뉴비 챌섭 자석펫 팔기 vs 쓰기,템 진로 찐 최종 확인 제발 부탁드립니다
헥사코어,1,14,3,20,0,0,0,4,0,10,직업,0.2857142857142857,0.5588710460382296,2.9885869899606186,"헥사코어 강화할때 ""최종뎀 효율"" << 이게 뭔가요?",아란 헥사코어 필요조건이 뭔가요??,본캐 / 챌섭 부캐 투자우선권 질문입니다.
레벨업,1,22,3,33,6,2,1,1,0,12,퀘스트,0.09090909090909091,0.34509406390622227,2.9857790056070916,하이퍼버닝 캐릭 삭제 고민,챌섭말고 레벨업 빠르게 할만한 방법 있음?,메이린 배율관련 질문드립니다 저 진짜 정리 잘해놨어요 함만 봐주세요 ㅠㅠ
제네무기 잠재,2,10,6,16,8,0,0,1,0,1,아이템,0.8,0.5702332172459849,2.9816545363533815,메쌤들 제네무기 잠재 선택 도와주세요,챌섭 템세팅 진로 질문드려요,첼린저스 서버 제네무기 잠재 질문
현실적,1,13,5,21,5,0,1,0,0,7,기타,0.5384615384615384,0.46921764187785087,2.980766468893005,선생님들 헥사환산 몇을 목표로 잡아야할까요?,복귀 중고뉴비 대적자 코인 뭐에 써야할까요?,메쌤들 현실적으로 챌 달성 가능한지 상태좀 봐줄수있나요
궁금해서,1,16,4,22,7,1,0,0,0,8,기타,0.5,0.41879074540336225,2.980295974193535,궁금해서 그런데 왕예인 따려면 얼마써야됨??,레테 제네시스무기,안녕하세요 메린이인데 질문있습니다.
진로좀,1,8,4,12,7,0,0,0,0,1,아이템,0.875,0.8287131132142378,2.9790774760112977,챌린저 찍고싶은 메린인데 향후 템셋팅 어떻게 해야하나요?,메고수 형님들 템 진로좀 봐주십쇼,메린이 제네무기 상담
두개,1,31,1,34,21,0,0,3,1,6,아이템,0.6774193548387096,0.42301551648938573,2.978667053181449,본의명의 한계정 업데이트는 언제부터 들어온건가요?,선생님들 메린이 진로 추천 부탁드리겠습니다,30억 있는데 템 어떻게 보강해야할까요??
쓰기,1,17,3,20,13,0,1,0,1,2,아이템,0.7647058823529411,0.45509669911011996,2.9774505713665156,하드 메이린 잡았는데,에디 레전천장 사용처 추천부탁드려요 + 도전자 대체셋 질문,햄들 스펙업 조언좀 부탁드림다...
부티크,1,9,4,18,3,0,0,0,0,6,기타,0.6666666666666666,0.7431724270758142,2.9758963933432088,mvp작,MVP작 할 때 질문,부티크 전투복 질문!
해방했는데,1,7,6,14,6,0,0,0,0,1,아이템,0.8571428571428571,0.8057118021740804,2.9734326358893033,"메린이 오늘 첫 해방했는데, 잠재 돌리고 남은 블랙큐브는 어디에 쓰는게 좋나요?",메생 첫 해방했는데 이거 어디부터 건들까요?,메린이 첫 해방했는데 무지 에디 어떻게 할까요
카르시온,1,8,3,13,1,0,0,0,0,7,기타,0.875,0.9101351408269566,2.9712386965139217,카르시온 유적지 질문있습니다,스펙업 순서,카르시온 넘어왔는데 왜 사냥 메소가 줄었을까요?
전부,1,72,0,78,46,2,2,2,1,19,아이템,0.6388888888888888,0.38361969162557497,2.968182084446887,메이플 그래픽설정 의견주시면 감사하겠습니다.,챌섭 뉴비 하드메이린 잡고싶은데 스펙업 질문,챌섭 챌린저 찍었는데 미래 고민되네여
돌려야할까요,1,10,2,12,9,0,0,0,0,1,아이템,0.9,0.861505235373519,2.9674277638497504,헥환 8만 목표 과금 어느정도 해야할까요?,챌린저 하고 싶은데 여기서 무보엠 바꿔주면 되나요?,대적자 코인 사용처 질문
상태입니다,1,53,0,58,40,1,0,5,0,7,아이템,0.7547169811320755,0.4871868689624725,2.9661823472755886,하메 도전 메린이 인데 템셋 질문있슴다,에디 레전 천장 사용처가 고민입니다....,메린이 본캐 고민
키우,1,27,2,30,16,0,1,4,1,5,직업,0.14814814814814814,0.3379691096580892,2.963899113553548,검마 배율 181%인데 이거 잡히는거 맞나요..?,본캐를 올릴가요 버린 부캐를 살릴까요,궁금해서 그러는데 유챔나온게 왜 다들 별로라는거야?
세트,1,22,2,27,14,1,0,0,0,7,아이템,0.6363636363636364,0.42179551698114687,2.96366305796988,메쌤 도와줘요,마스터라벨 세트 질문입니다,뉴비가 모험미션 질문드리겠습니다!
노말 세렌,2,11,3,15,3,0,4,1,0,3,몬스터,0.36363636363636365,0.684155832819382,2.962725066869317,챌섭 블큐 화에큐 사용처 및 챌 달성 질문,복귀유저 템세팅 질문드립니다.,메린이 하드 메이린까지 진로 상담 부탁드립니다.
이펙트,1,14,8,35,6,0,1,2,0,5,직업,0.14285714285714285,0.3176143297706588,2.96009209787589,환호지선 여우 이펙트 펫 투명도로 조절이 안됩니다..,솔 에르다 1개완성될때 이펙트 못끄나요,환호지선 사신 분들 질문
뭘까요,1,11,6,17,4,0,0,1,0,6,기타,0.5454545454545454,0.502852047875729,2.9572582853078138,챌섭 스펙업 어떻게 할까요? 미트라? 보장?,렌 검마 배율대로 안쳐지는데 문제있는건가요?,물거래할때 성명이랑 캐릭명을 같이 기재해달라는 이유가 뭘까요?
살까,1,14,1,16,12,0,0,0,0,2,아이템,0.8571428571428571,0.8057118021740804,2.9533982163497785,500억 템세팅 알려주세용,뉴비입니다 메이플을 시작하고 해방퀘를 진행하는도중인데,뉴비 아이템 셋팅 질문 두개만 부탁드립니다.
유닉,1,14,1,19,12,0,0,0,0,2,아이템,0.8571428571428571,0.8057118021740804,2.9533982163497785,메이린 배율관련 질문드립니다 저 진짜 정리 잘해놨어요 함만 봐주세요 ㅠㅠ,챌섭 복귀유저 렌 스펙업 훈수 부탁드립니다.,제네무기 밑잠 유닉->레전 보낼때 메소? 큐브?
있으면,1,32,1,34,15,0,1,2,0,14,기타,0.4375,0.3981269909336104,2.9525547009017696,보마 카링1페 질문 있습니다,자석펫 스카니아에 있으면 스카니아로 리프해야겠져?,메고수 형님들 템 진로좀 봐주십쇼
어센틱,1,16,1,19,8,0,5,0,0,3,몬스터,0.3125,0.7234549269335678,2.9491446148687457,스펙업 순서,메이린 배율관련 질문드립니다 저 진짜 정리 잘해놨어요 함만 봐주세요 ㅠㅠ,챌섭 메소 어디다 써야하나요?
남는거,1,7,3,10,7,0,0,0,0,0,아이템,1.0,1.0,2.944256966732598,이벤링 큐브 질문,대적자큐브 위아래?,대적자 코인 남는거 어디다 쓸까요..?
보너스,1,7,3,10,0,0,0,0,0,7,기타,1.0,1.0,2.944256966732598,오늘 썬데이 메이플 솔에르다 주는거 278레벨 25개 받는거 맞지?,유료 경험치 주는것들 효율 궁금해요,에픽 던전 질문드립니다!
해결방법,1,7,3,12,0,0,0,0,0,7,기타,1.0,1.0,2.944256966732598,메이플 좀 켜두면 생기는 잔렉? 프레임드랍? 해결방법 있을까요..,넥슨온 접속오류 질문,윈10 프리징? 해결방법 아시는분..ㅠㅜ
보면,1,42,1,43,20,1,2,6,1,12,직업,0.14285714285714285,0.29549035246791994,2.942913414846029,복귀 중고뉴비 대적자 코인 뭐에 써야할까요?,리턴스크롤 질문,루컨마 추옵 가격 좀 알려주세요
찍었는데,1,19,1,20,3,0,0,2,0,14,기타,0.7368421052631579,0.6247754537746028,2.9397690157617777,모멘텀 패스 플러스 누구 줄까요?,님들 링크 3렙 찬란한영웅의 증거 질문 있습니다,메쌤 도와줘요
레테입니다,1,16,1,17,7,0,5,0,0,4,몬스터,0.3125,0.716282576493009,2.9368714197029395,모멘텀 패스 플러스 누구 줄까요?,"헥사스킬올리기, 야누스30조각 모으기",챌섭 블큐 화에큐 사용처 및 챌 달성 질문
좋은가요,1,17,3,21,9,2,0,2,0,4,퀘스트,0.11764705882352941,0.43078448797579016,2.9277023951955687,어떤게 더 좋은가요 직업운 렌입니다,템환 6.4 헥환 5.3 캐릭 버리려고하는데요,아버 에테로 바꾸려는데
써야하나요,1,12,7,20,7,0,0,1,0,4,아이템,0.5833333333333334,0.4029973338174107,2.921775641585,똥블렘 언제까지 써야하나요? 투자를 좀 해서...,이 펫의 사망날을 11월 27일로 밎추고 싶습니다.,챌섭 메소 어디다 써야하나요?
골큐,1,8,2,13,8,0,0,0,0,0,아이템,1.0,1.0,2.921393953823769,진짜 찐 뉴비 템세팅,챌린저스 스트라이커 템셋팅,카인 해방큐브 윗잠 질문이요
맞춰야,1,27,1,29,17,0,0,2,0,8,아이템,0.6296296296296297,0.4504542230176607,2.9191239453404636,챌섭 유입 메린이 템 진로 고민입니다 !!,안녕하세요 메린이인데 질문있습니다.,헥환 7만 중반 ~ 8만 목표 레테 템세팅 조언 부탁드립니다.
요번,1,15,1,16,5,0,0,0,0,10,기타,0.6666666666666666,0.7431724270758142,2.9190575739354836,메린이 유니온 질문있습니다,챌섭 떠날까요?,솔 에르다기운 관해서 궁금한게 있습니다.
눈장,1,12,1,16,11,0,0,0,0,1,아이템,0.9166666666666666,0.8837590539486351,2.9182400148691063,챌섭 챌린저 목표 템셋팅 관련 질문입니다.,헥환 4.5 이후 템셋팅 질문.,메린이 챌린저 이후 진로봐주실분..
사와서,1,12,1,14,11,0,0,0,0,1,아이템,0.9166666666666666,0.8837590539486351,2.9182400148691063,칠흑 아랫급에 별누르는건 요새 별로임?,메고수 형님들 템 진로좀 봐주십쇼,에디 레전천장 사용처 추천부탁드려요 + 도전자 대체셋 질문
비약,1,18,4,27,5,1,0,3,0,9,직업,0.16666666666666666,0.3366802881550568,2.918044244823185,250 달성의 비약 질문드려요,285찍고 링크스킬 추출해서 키네캐릭으로 배우려고하는데요.,본섭 유니온 질문있습니다
깨고,1,14,2,17,1,4,1,1,0,7,퀘스트,0.2857142857142857,0.620567605976447,2.9174911447877294,제네패스 지금 사도 되나요?,렌 본캐 변경 어떤가요??,투력 6600만 메린이 검마 잡고 싶습니다.
어케,1,13,6,20,8,0,1,0,0,4,아이템,0.6153846153846154,0.39517903921010816,2.915692496035488,선생님들이라면 이 예전 미해방 본캐 어케 처리하실건가요?,다음 스펙업을 뭐 하는게 나으려나요??,이거 돌리다가 떳는데 어케해야하나요?
9퍼,1,16,1,20,14,0,0,1,0,1,아이템,0.875,0.6989743401243504,2.9072538815348103,미트라 고민,제네 플러스 코인 뭐돌릴까요?,해방 코인 사용처 질문 드려요
돌렸는데,1,16,1,17,14,0,0,1,0,1,아이템,0.875,0.6989743401243504,2.9072538815348103,제네무기 어디를 건드려야 될까요?,대적자코인 사용처 질문,제네무기 옵션 방향성좀 알려주세요...
20성,1,14,2,19,12,0,0,0,1,1,아이템,0.8571428571428571,0.6103185517189672,2.8990398781275957,아스트라 보조 질문입니다,메린이 템셋 조언 부탁드립니다.,20성 블빈마 이 가격이면 괜찮게 산건가요?
미트라 노작,2,10,1,11,10,0,0,0,0,0,아이템,1.0,1.0,2.8965235770838342,뉴비 보조 vs 미트라 둘중 뭘 사는게 좋을까요,레전 천장 어디다 써야할까요,공짜 큐브 사용처 및 템 순서 질문!
피도미,1,10,1,11,10,0,0,0,0,0,아이템,1.0,1.0,2.8965235770838342,첼섭뉴비 2칠흑 맞추고싶은데 고근갈까요?,챌섭 복귀유저 렌 스펙업 훈수 부탁드립니다.,템 방향성 고민이 너무 됩니다
솔에르다,1,11,4,16,3,0,0,1,0,7,기타,0.6363636363636364,0.5718592831419756,2.8959130177714916,오늘 썬데이 메이플 솔에르다 주는거 278레벨 25개 받는거 맞지?,조각 사용처 질문합니다 ! (스펙업 관련),솔에르다 드랍률 상향이면 조각도 포함인가요?
쌩뉴비,1,6,6,12,1,0,0,0,0,5,기타,0.8333333333333334,0.8785546643518372,2.894740063479718,메이플 쌩뉴비 질문드려요...,챌섭 쌩뉴비 여러 가지 질문 드립니다 !,쌩뉴비 해방이후 템세팅 진로(자본 80억)
되는데,1,31,2,34,18,1,2,2,2,6,아이템,0.5806451612903226,0.2562167110247488,2.894314457447952,챌섭리프,챌섭 리프 질문,레테 하드 메이린 까지 가야되는데 템상담 좀 해주세요
하고싶은데,1,16,2,19,10,0,0,0,0,6,아이템,0.625,0.5353035705453745,2.8917398556862524,스펙업 하고싶은데 당장 바꿧으면 부위좀 진단부탁드립니다,18아케인에서 스팩업 질문,챌린저스 서버 저번주에 알아서 이제 시작하는데 제네시스 무기 해방 될까요??ㅜㅜ
스우,1,19,2,23,7,3,2,1,0,6,퀘스트,0.15789473684210525,0.45042069706979376,2.8885684856072826,안녕하세요 챌섭유입 뉴비입니다.,"안녕하세요 메쌤, 메형님들 뉴비 질문 몇 가지만 해도 될까요?",헥환 7만 중반 ~ 8만 목표 레테 템세팅 조언 부탁드립니다.
노리는게,1,21,0,27,19,0,0,0,0,2,아이템,0.9047619047619048,0.8678310276848225,2.8867725011368393,"안녕하세요 메쌤, 메형님들 뉴비 질문 몇 가지만 해도 될까요?",대적자코인 사용처 질문,대적자 큐브 질문
미트라 잠재,2,6,4,11,6,0,0,0,0,0,아이템,1.0,1.0,2.885456619479287,선생님들 메린이 질문 하나 잇습니다,뉴비 미트라 잠재 뭐 선택해야할까요,보공 비율이 너무 높은거 같아 고민입니다..
올려야,1,14,2,16,8,0,0,0,3,3,시세,0.21428571428571427,0.6017344093242123,2.88358593512026,1억 플마단 되려면 뭐부터 해야 하나요?,이번 이벤으로 시작한 늅늅이 장비좀 봐주실수 있을까요?,여기서 스팩업을 어떤 방향으로 잡아야 할까요?
의견,1,43,0,44,33,0,0,5,0,5,아이템,0.7674418604651163,0.5225923163538754,2.8808890301149646,본캐 추천 부탁드리겠습니다....,와헌 템셋팅 질문 드립니다.,뉴비) 첫 해방 무기 세팅 방법 좀 알 수 잇을까요?!
주스탯,1,29,1,42,17,0,0,1,1,10,아이템,0.5862068965517241,0.4022158525921545,2.8804714130315565,아케인 쌍크 장갑을 만들었는데,스펙업 질문있어요,잠재 좀더 돌려야될까요?
유입된,1,18,2,21,9,3,1,1,1,3,퀘스트,0.16666666666666666,0.4705475706833584,2.8785071903941133,유입된 메린인 인데 이 이상 어떻게 스팩업을 해야할지 알려주세요!,mvp작,에테 18성 직작 vs 완작사기
각각,1,26,1,27,9,0,0,1,4,12,시세,0.15384615384615385,0.4454851072811473,2.877373168833386,보스방 드랍율이랑 일반 맵 드랍율이 다른가요?,실례합니다.. 커스텀 스킨은 어디서 구하나용.. ?,필터키 수치 질문 있습니다.
유저입니다,1,33,1,34,18,0,0,4,0,11,직업,0.12121212121212122,0.3508467901710225,2.8770649557377093,본캐 추천 부탁드리겠습니다....,챌섭 블큐 화에큐 사용처 및 챌 달성 질문,안녕하세요 이번챌린져로 유입된 유저입니다
되는건가요,1,24,2,28,8,2,0,2,0,12,퀘스트,0.08333333333333333,0.34426922601220133,2.8765780481530854,메이플 쌩뉴비 질문드려요...,님들 링크 3렙 찬란한영웅의 증거 질문 있습니다,메린이 보스 보상 질문있습니다
120퍼,1,9,2,11,3,0,5,0,0,1,몬스터,0.5555555555555556,0.8789323758353598,2.8761565472671764,메린이 익스우 템세팅 질문,챌섭 챌린저 목표 템셋팅 관련 질문입니다.,메린이 하드메이린 잡으려면 어떻게 세팅해야 할까요…
지금부터,1,11,3,14,5,0,0,0,0,6,기타,0.5454545454545454,0.6345293401550158,2.875423374868888,챌섭 지금부터 시작하면,메린이 챌린저 달았는데 이제 세팅 뭐부터할까요?,렌 스펙업 도움 부탁드려도 될까요?
찐모,1,15,1,18,3,1,7,0,0,4,몬스터,0.4666666666666667,0.716865531358606,2.87500493634365,뉴비 하드메이린 찐모,하드메이린 진로,아이템 뭐부터 맞출까요?
상황입니다,1,33,0,34,25,0,0,1,0,7,아이템,0.7575757575757576,0.629559008889948,2.8732062807410745,18에테 22아케인 질문있습니다,메린이 유니온 질문있습니다,챌섭 챌린저 목표 템셋팅 관련 질문입니다.
계실까요,1,18,5,24,4,1,1,3,1,8,직업,0.16666666666666666,0.26925612834898405,2.8730608234132022,메m 넥슨플러그로 하시는 분??,안녕하세요. 뉴비입니다. 검마 해방에 관해서 질문 드립니다.,스킬 이펙트 문의
무자본,1,12,5,18,8,0,0,2,0,2,직업,0.16666666666666666,0.45691068861009043,2.8727955351097343,무자본 하드메이린 방향 추천 부탁드립니다.,대학생 유저 메이플 질문,이거 무자본 캐릭인데요
공략,1,10,2,13,5,0,4,0,0,1,몬스터,0.4,0.8002437013758281,2.869770677860252,이번 이벤으로 시작한 늅늅이 장비좀 봐주실수 있을까요?,흉성 보스 웰케 공략이 이해가 안가네요ㅠㅠ,모험가 22성 나오면 18둘둘로 하드 메이린 가능할까요?
플라즈마하트,1,12,3,16,8,0,0,0,0,4,아이템,0.6666666666666666,0.5802430494260673,2.869469966385266,플라즈마하트 잠재질문좀,썜들 메린이 챌린저 찍을 수 있게 진로부탁드립니다..,카링 안잡아도 플라즈마하트 업글이 될까요?
캐시샵,1,12,4,23,7,0,0,0,0,5,기타,0.4166666666666667,0.508225190951846,2.868182328184053,챌섭 쌩뉴비 여러 가지 질문 드립니다 !,"메이플 캐릭변경, 캐시샵 튕김현상 제발 도와주세요",전승주문서 관련해서 질문있습니다!
아이템버닝,1,25,2,33,12,1,0,2,0,10,기타,0.4,0.3236979196553253,2.8670714554496484,제네패스 지금 사도 되나요?,100억으로 템세팅 질문,어제 시작한 뉴비 제네패스
교환권,1,14,5,25,8,0,0,0,1,5,아이템,0.5714285714285714,0.3729744700312818,2.8583286704686133,오늘 썬데이 메이플 솔에르다 주는거 278레벨 25개 받는거 맞지?,"이터널 플레임 링, 테네브리스 원정대 반지, 어웨이크 링 3개 있는데",야누스 교환권 질문 있어요
만들고,1,25,1,28,13,0,1,0,0,11,기타,0.44,0.4499387107570012,2.853188428511528,환산주스탯 헥사스탯 어캐하나요?,본섭에 유니온 만들려는데 고민상담좀 해주십쇼..,제네 무기 대적자코인 어디다가 지르는게 나을가요??
직접,1,28,0,29,24,0,0,0,1,3,아이템,0.8571428571428571,0.6945343492868443,2.852999224061217,대장장이 고견 나눠주실 메짱엉아들?,칠흑 아랫급에 별누르는건 요새 별로임?,메린이 에디 레전 천장 어떻게 하는게 좋을까요
같아서,1,63,0,68,39,1,0,6,1,16,아이템,0.6190476190476191,0.3717009739287812,2.8523719879501974,템 가성비 셋팅 질문,칠흑 보통 얼마정도 하나요?,챌린저 하고 싶은데 여기서 무보엠 바꿔주면 되나요?
고민중인데,1,18,2,20,12,0,0,3,0,3,직업,0.16666666666666666,0.45691068861009043,2.8518138253612384,칠흑 보통 얼마정도 하나요?,지금 시작해도 괜찮을까요? + 직업 고민,드메 vs 스펙업
샀는데,1,24,2,28,15,1,0,2,3,3,시세,0.125,0.3316792253477067,2.84963692740367,쿨뚝 샀는데 괜찮게 산걸까요?,크주잡 에테 스타포스 어디까지 올려야할까요?,120억에 샀는데 ㄱㅊ은가요??
사용하면,1,17,2,20,11,0,0,1,0,5,아이템,0.6470588235294118,0.4821035824834467,2.8478554661773767,아흐... 펫장비 이전 줌서에 대한 글은 많은데...,"메린이 레잠 2개, 에유잠 1개 사용처 질문",화에큐 어디에 쓰면 좋을지 도와주세요 ㅠ
여러,1,12,2,15,5,0,0,0,0,7,기타,0.5833333333333334,0.6694831167905168,2.84673150966656,선생님들 헥사환산 몇을 목표로 잡아야할까요?,메린이 유니온 질문있습니다,챌섭 쌩뉴비 여러 가지 질문 드립니다 !
컨티,1,14,1,19,13,0,0,1,0,0,아이템,0.9285714285714286,0.7393708570001353,2.8448918484389156,메린이 하드메이린 목표 템셋 봐주시면 감사하겠습니다!,아버 이후 템세팅 질문...,데벤져 컨티 3렙
대장장,1,8,3,13,7,0,0,0,0,1,아이템,0.875,0.8287131132142378,2.844585731485071,크주잡 에테 스타포스 어디까지 올려야할까요?,대장장이 고견 나눠주실 메짱엉아들?,칠흑 아랫급에 별누르는건 요새 별로임?
세트효,1,8,3,14,7,0,0,0,0,1,아이템,0.875,0.8287131132142378,2.844585731485071,아버 에테로 바꾸려는데,세트효과 어떻게 가져가는게 좋을까요,선생님들 세트효과 질문입니다
프펫공,1,8,3,15,7,0,0,0,0,1,아이템,0.875,0.8287131132142378,2.844585731485071,챌섭 챌린저 목표 템셋팅 관련 질문입니다.,프악공 프펫공 질문드립니다,아흐... 펫장비 이전 줌서에 대한 글은 많은데...
가능한지,1,9,3,13,3,0,0,0,0,6,기타,0.6666666666666666,0.7431724270758142,2.8415482601735036,플라즈마 하트 스페어 질문,메쌤들 현실적으로 챌 달성 가능한지 상태좀 봐줄수있나요,챌섭자석펫 본섭리프시키는방법 가능한지?
체급,1,9,3,18,2,0,0,4,0,3,직업,0.4444444444444444,0.7429934829121467,2.841256562995967,루미너스 윈브 중에 본캐 추천 부탁드립니다!,체급 좋고 극딜쎈 직업 뭐 있음?,카이저 바이퍼 둘중
없음,1,16,2,19,0,1,4,0,0,11,몬스터,0.25,0.508344453603455,2.8409624365290997,형들 지금 링크캐 키울방법 없음?,님들 저 메린인데 윌 1페 이거 버근가요?,성장 방향 조언 부탁드려요
가지고,1,25,1,29,17,0,1,0,1,6,아이템,0.68,0.44325451104239527,2.840035264768754,챌섭 챌린저 목표 템셋팅 관련 질문입니다.,아스트라 보조무기 질문있습니다.,뉴비 진짜 이해안가는데 챌섭매물이요
목표입니다,1,21,1,22,17,0,2,0,0,2,아이템,0.8095238095238095,0.5181822755096877,2.8342995470769825,여명으로 카링 될까요?,갓 2억단 뉴비 다음 스펙업 추천 부탁드립니다.,"메린이 오늘 첫 해방했는데, 잠재 돌리고 남은 블랙큐브는 어디에 쓰는게 좋나요?"
캐시,1,12,5,19,5,0,0,0,1,6,기타,0.5,0.4363178398963914,2.8321897215190996,챌섭 쌩뉴비 여러 가지 질문 드립니다 !,월드 간 캐시 이동이 있었나요?,자석펫 사려는데
사려는데,1,10,4,14,9,0,0,0,1,0,아이템,0.9,0.591520282894871,2.8294639168732423,메린이 본캐 템 질문드립니다!!,챌섭 파풀마 사려는데 고민이에요!,자석펫 사려는데
궁금한게,1,16,5,22,8,1,0,1,0,6,퀘스트,0.0625,0.2988617901145982,2.8290147536534653,환산 질문,메잘알 선배님들 질문,메린이 렌 키우는데 보조무기 궁금한게 있습니다
아스트라 보조무기,2,8,5,14,6,0,0,0,0,2,아이템,0.75,0.6746376658839944,2.8287091559850426,아스트라 보조무기 질문있습니다.,렌] 아스트라 보조무기 전승해도 될까요?,대적자 코인 쓸 곳 질문드립니다.
끼면,1,9,2,12,8,0,0,0,0,1,아이템,0.8888888888888888,0.8468447891548733,2.827038801623961,울티마 궁수 법사 쿨4초면 전사도 4초해?,안녕하세요 템셋 질문있습니다,이번챌섭 유입 렌 하메 120퍼 만들고싶어요
한부위,1,9,2,12,8,0,0,0,0,1,아이템,0.8888888888888888,0.8468447891548733,2.827038801623961,챌섭 기간중에 한부위 추천 부탁드립니다,메쌤들 반지 질문있습니다!,챌섭뉴비 템 가이드 부탁드립니다ㅠ
수치,1,15,4,23,6,0,1,1,0,7,기타,0.4666666666666667,0.37279863645327505,2.8219808486936744,제네시스 무기 추옵 궁금해요,필터키 수치 질문 있습니다.,흉성 보스 웰케 공략이 이해가 안가네요ㅠㅠ
나워,1,8,5,21,1,0,0,3,0,4,직업,0.375,0.6694732189401628,2.8199856460263053,챌섭 실수로 나워 리프시켰는데 버닝없이 정축 여축30 가능할까요?,"나로, 나워 본캐 튜표해주세요",레테 계속 밀까요? 나워 부캐 시작할까요?
챌패스,1,8,3,14,2,0,0,0,0,6,기타,0.75,0.8127514184750242,2.819757119070474,메린이 방향성이 잘못된걸까요? 현실조언 부탁드립니다,285렙 주차 질문,복귀한지 하루차인데 패스 구매해도 상관없을까요?
예정입니다,1,55,0,58,35,1,1,2,1,15,아이템,0.6363636363636364,0.3995305297461358,2.816801292074534,헥환 8만 목표 과금 어느정도 해야할까요?,뉴비 아버 템 대체질문,환산 7~8만 목푠데 다음 메소를 어디다 써야 해야할까요?
누구,1,14,4,22,3,0,2,1,0,8,몬스터,0.14285714285714285,0.40265441088636306,2.816236761903847,모멘텀 패스 플러스 누구 줄까요?,메카베리 본캐vs부캐,에픽던전 본캐랑 285작 누구 위주로 해야할까요?
건가요,1,23,2,25,7,1,0,4,1,10,직업,0.17391304347826086,0.3328077899891805,2.8158820132932654,10000마리 사냥 보약 마릿수가 다음 주로 이월 되나요?,이메일 변환 명의이전 질문 잘아시는분만,메린이 많이 성장했지만 다시 막막해짐..
큰가요,1,11,6,18,5,0,2,2,0,2,몬스터,0.18181818181818182,0.4308460129279047,2.8155673958136633,챌섭>본섭 리프 (유챔x) 헥환 상승 큰가요?,배율20퍼차이나는데 딜이 똑같은데 뭐가문제일까요,"보조무기 보공40,35 차이가 큰가요??"
이런데,1,14,3,17,11,0,1,1,0,1,아이템,0.7857142857142857,0.4683639244481337,2.81507141484594,해방무기 제네플러스 코인 어떤거 할까요??,제네시스 패스 플러스 살까요?,뉴비 칠흑 질문있어요
변경,1,11,6,21,5,0,0,1,0,5,기타,0.45454545454545453,0.4301776659352474,2.8142522466050037,8-9만 세팅 가능할까요?,렌 본캐 변경 어떤가요??,키바인드 변경 해도 되나
받은,1,20,1,21,17,1,0,1,0,1,아이템,0.85,0.5297110915066285,2.8128427600469696,챌섭 챌린저 목표 템셋팅 관련 질문입니다.,뉴비) 첫 해방 무기 세팅 방법 좀 알 수 잇을까요?!,아흐... 펫장비 이전 줌서에 대한 글은 많은데...
팔아서,1,11,1,12,10,0,0,0,0,1,아이템,0.9090909090909091,0.8736041961254287,2.8119318401174005,1억 2천만 아란 엠블렘 조언 구합니다,저 거공 먹었는데 사용해도 되나요?,9000만 캡틴 스펙업 어떻게 해야할까요
받는,1,16,6,24,7,1,1,1,0,6,퀘스트,0.0625,0.2532884117507393,2.81185715387536,메이플 늦은 유입 뉴비 현시점 제네패스 질러도 될까요?,오늘 썬데이 메이플 솔에르다 주는거 278레벨 25개 받는거 맞지?,에테리온 효과 다 받는 기준이면 몬파 매일 3천포인트 씀??
mvp,1,6,5,15,1,0,0,0,0,5,기타,0.8333333333333334,0.8785546643518372,2.810215424637583,mvp 유지,mvp 레드만 유지하고 블랙으로 가긴 싫은데 질문있습니다,mvp 질문해요!
알려주실분,1,11,10,21,6,1,0,1,1,2,퀘스트,0.09090909090909091,0.31520334334803185,2.8095836919806225,뉴비 제논 진로 방향 알려주실분,친구가 자꾸 보스에서 이상한 물약이뜬다고하는데 뭔지좀 알려주실분 도저히 모르겟음,메린이) 시그너스 광휘 쌍레 4줄 시세 챌섭전에 얼마정도였나요?
메고수님들,1,13,3,17,9,0,0,1,0,3,아이템,0.6923076923076923,0.5021477837558866,2.806470529101899,메고수님들 템세팅 조언좀 부탁드립니다,[질문] 복귀 유저 아버 이후 에테르넬 17성 풀셋 질문,템환 8만목표인데 교체부위 추천좀 부탁드립니다
끼고,1,34,0,35,27,0,0,0,2,5,아이템,0.7941176470588235,0.5786017487970433,2.806239333724683,챌섭 챌린저 찍었는데 미래 고민되네여,제논 5에테,[뉴비] 이 스펙으로 크크올 장갑 사서 껴도 괜찮을까요?
나로,1,7,3,12,1,0,0,5,0,1,직업,0.7142857142857143,0.9035138722341549,2.8022169897987776,나로 제네패스플러스로 받는 코인으로 보조 윗잠 돌릴까요?,"나로, 나워 본캐 튜표해주세요",메잘알 형들 나로 질문이요ㅜㅜ
올리는게,1,20,2,22,12,0,2,0,0,6,몬스터,0.1,0.38439021220880565,2.8019693569882853,"하드메이린 환산 오르는거 평딜,준극이랑 오리진이랑 비슷하면",데티목표입니다 조각 템펙업 고민입니다,카에유잠 사기 vs 에디 메소 등업
복귀뉴비,1,7,7,14,3,0,0,0,0,4,기타,0.5714285714285714,0.6585992089000233,2.8002666828697973,복귀뉴비,복귀뉴비 두가지 질문드려요,복귀뉴비 아크 템세팅 질문입니다...
성형,1,7,7,20,3,0,0,0,0,4,기타,0.5714285714285714,0.6585992089000233,2.8002666828697973,헤어나 성형도 프리스타일 되나요??,옛날에는 메포로 헤어나 성형 살 수 있었는데,"레테 기본 헤어,성형 캐시샵에 안파나요??"
챌섭뉴비,1,8,8,16,5,0,0,0,0,3,아이템,0.625,0.5353035705453745,2.7985231988381263,챌섭뉴비 이제 당분간 템 건들지말고 헥사찍으면됨?,챌섭뉴비 챌린저달고싶은데 뭐해야할까요,챌섭뉴비 템 가이드 부탁드립니다ㅠ
넥슨,1,10,1,14,1,0,0,0,0,9,기타,0.9,0.9286808687121832,2.793234804447685,메m 넥슨플러그로 하시는 분??,이메일 변환 명의이전 질문 잘아시는분만,넥슨 캐시 사용처 질문
스카,1,8,2,13,1,0,0,0,0,7,기타,0.875,0.9101351408269566,2.7901286256990923,서버이동 질문입니다 선배님들 도와주세요,라운지 챌섭으로 가입하고 스카 섭 거래 할수도 있나요?,챌섭 리프관련 질문
없는데,1,33,1,34,10,1,3,3,0,16,기타,0.48484848484848486,0.3073033653904173,2.7843251554875126,18살 본섭에서 길드가입이 현실적으로 가능할지가 궁금합니다.,메이플 및 배경화면 글자 깨짐,챌섭 환산 차이
헥환 7만,2,7,4,14,6,0,0,0,0,1,아이템,0.8571428571428571,0.8057118021740804,2.7839211021292605,렌] 아스트라 보조무기 전승해도 될까요?,헥환 7만 중반 ~ 8만 목표 레테 템세팅 조언 부탁드립니다.,환산 7.8 헥환 7만 진로질문드립니다!
교불,1,15,2,18,11,0,0,0,1,3,아이템,0.7333333333333333,0.5103099700324824,2.783794829748401,메이플 늦은 유입 뉴비 현시점 제네패스 질러도 될까요?,메린이 렌 키우는데 보조무기 궁금한게 있습니다,이정도면 살만 한가요?
듀블,1,14,4,22,7,0,2,2,0,3,몬스터,0.14285714285714285,0.3864084127916166,2.783618194769172,듀블 하메 잡으신분?,템 진로상담 해주실분,챌섭에서 유니온캐릭 뭐뭐 키워야하나요?
답변순,1,35,0,35,21,0,0,8,0,6,직업,0.22857142857142856,0.5526004105228842,2.781886487481743,본캐 추천 부탁드리겠습니다....,대적자 코인 남는거 어디다 쓸까요..?,남은 대적자 큐브 사용처
득표순,1,35,0,35,21,0,0,8,0,6,직업,0.22857142857142856,0.5526004105228842,2.781886487481743,본캐 추천 부탁드리겠습니다....,대적자 코인 남는거 어디다 쓸까요..?,남은 대적자 큐브 사용처
득표순 답변순,2,35,0,35,21,0,0,8,0,6,직업,0.22857142857142856,0.5526004105228842,2.781886487481743,본캐 추천 부탁드리겠습니다....,대적자 코인 남는거 어디다 쓸까요..?,남은 대적자 큐브 사용처
종료되었습니다,1,35,0,35,21,0,0,8,0,6,직업,0.22857142857142856,0.5526004105228842,2.781886487481743,본캐 추천 부탁드리겠습니다....,대적자 코인 남는거 어디다 쓸까요..?,남은 대적자 큐브 사용처
투표 종료되었습니다,2,35,0,35,21,0,0,8,0,6,직업,0.22857142857142856,0.5526004105228842,2.781886487481743,본캐 추천 부탁드리겠습니다....,대적자 코인 남는거 어디다 쓸까요..?,남은 대적자 큐브 사용처
80억,1,9,1,10,9,0,0,0,0,0,아이템,1.0,1.0,2.7813942025565006,메이플 챌섭 뉴비 아이템 추가 스펙업 질문합니다!,메린이 챌섭 미라클 타임 문의,뉴비 보조 vs 미트라 둘중 뭘 사는게 좋을까요
이벤트 재화,2,9,1,11,9,0,0,0,0,0,아이템,1.0,1.0,2.7813942025565006,챌섭 챌린저 목표 템셋팅 관련 질문입니다.,챌섭 블큐 화에큐 사용처 및 챌 달성 질문,전투력 1억5천 메린이 다음 스펙업을 도통 못잡겠어요 ㅠㅠ
잠재 에디,2,9,1,10,9,0,0,0,0,0,아이템,1.0,1.0,2.7813942025565006,제네 무기 대적자 코인 질문,해방무기 잠재 에디 뭐돌리나요,이번 챌섭 유입 메린이 제네시스 무기 잠재능력 질문 있습니다
접속,1,9,1,10,0,0,0,0,0,9,기타,1.0,1.0,2.7813942025565006,메m 넥슨플러그로 하시는 분??,수로랑 플래그 돌아도 오프접하면 안되는 이유가 궁금해서 질문을 합니다아,피시방에서 접속만 시켜놓고 집에서 보상수령가능한가요?
페어리 하트,2,9,1,10,9,0,0,0,0,0,아이템,1.0,1.0,2.7813942025565006,하트 업그레이드 모듈 질문있습니다,챌섭 뉴비.. 가고 있는 방향이 제대로 된 건지 모르겠어요,뉴비 챌섭 레잠 사용처 및 미래 템세팅 조언 부탁드립니다
스텟,1,14,4,22,6,0,0,2,0,6,직업,0.14285714285714285,0.3843422015416294,2.779469674624145,제네시스 무기 추옵 궁금해요,질문드립니다.,22성 에테 뚝배기 공6리턴 완작 질문드립니다
리레,1,15,2,20,9,0,0,3,0,3,직업,0.2,0.5075135350649752,2.7786404565675724,아버 이후 템세팅 질문...,챌섭 호영 템셋 질문,제논 리레 3렙 4렙 차이 큰가요??
렌입니다,1,16,2,18,13,0,2,0,0,1,아이템,0.8125,0.4751434701448758,2.7784284797552945,어떤게 더 좋은가요 직업운 렌입니다,메이플 챌섭 뉴비 아이템 추가 스펙업 질문합니다!,메린이 많이 성장했지만 다시 막막해짐..
바꾸는게,1,19,0,21,17,0,0,0,0,2,아이템,0.8947368421052632,0.8545434825220493,2.7778578816502573,아버 에테로 바꾸려는데,레테 하드 메이린 스펙 업 질문 있습니다!,18아케인에서 스팩업 질문 있습니다
여기,1,24,1,25,16,0,1,0,1,6,아이템,0.6666666666666666,0.42834941090375084,2.776869969871193,궁금해서 그런데 왕예인 따려면 얼마써야됨??,챌섭 블큐 화에큐 사용처 및 챌 달성 질문,메린이 렌 키우는데 보조무기 궁금한게 있습니다
만들어서,1,23,2,28,13,1,0,2,0,7,아이템,0.5652173913043478,0.3143401685093117,2.7768646519422386,챌섭 실수로 나워 리프시켰는데 버닝없이 정축 여축30 가능할까요?,이메일 변환 명의이전 질문 잘아시는분만,겨울에도 재네패스 하나요?
화면,1,10,2,16,0,0,0,1,0,9,기타,0.9,0.7396889178885825,2.7732402237205904,"메이플 캐릭변경, 캐시샵 튕김현상 제발 도와주세요",5석펫 사냥 팁이 있나요,시퀀스 화면 표시
부터,1,18,2,20,12,0,1,1,0,4,아이템,0.6666666666666666,0.4162835586930606,2.772288696135462,4여명 5칠흑으로 7~8만 될까요?,익스우 처음 도전할때 몇퍼로 도전하는게 정배인가요?,이번 챌섭이 본캐인데 진로상담 요청합니다!
달고,1,15,1,16,11,0,0,0,0,4,아이템,0.7333333333333333,0.6552562386784936,2.771836099096508,메린이 하드메이린 목표 템셋 봐주시면 감사하겠습니다!,이제 뭘 더 올리지... 레벨은 너무 오래 걸리는데ㅇㅅㅇ,리프 질문있습니다
맞추면,1,15,5,23,9,1,1,0,0,4,퀘스트,0.06666666666666667,0.2990542384174276,2.7688901696151755,안녕하세요 챌섭유입 뉴비입니다.,하드 메이린 배율 좀 올려서 도전하고 싶은데,챌섭 유입 뉴비 질문 하나만 드립니다.
불독,1,11,3,18,3,0,0,3,0,5,직업,0.2727272727272727,0.5732514826331738,2.7676248915064052,어려운 직업 위주로 하시는 분 있나요,지금 시작해도 괜찮을까요? + 직업 고민,챌섭 종료후 리프 고민
딜이,1,12,2,16,0,0,5,3,0,4,몬스터,0.4166666666666667,0.6230112475171752,2.7674896573572942,3일차 뭐해야할지 모르겠어요 메쌤들 좀 도와주세요,배율20퍼차이나는데 딜이 똑같은데 뭐가문제일까요,뉴비 환산주스탯 보스 배율
추천부탁드립니다,1,9,3,13,6,0,0,3,0,0,직업,0.3333333333333333,0.6961648147281727,2.7649210734382113,루미너스 윈브 중에 본캐 추천 부탁드립니다!,10억있는데 카유잠 어디에 쓸지 추천부탁드립니다,부캐 방어구 질문
아케인 장갑,2,7,2,9,7,0,0,0,0,0,아이템,1.0,1.0,2.764791551056764,챌섭에서 챌린저 찍은 뉴비인데,아케인 장갑 팔고 그냥 18에테풀셋 맞출까요,복귀 유저 방어구 세팅 질문있습니다
추천해주세요,1,7,2,9,7,0,0,0,0,0,아이템,1.0,1.0,2.764791551056764,메린이 한 100억정도 생기면,형들 마깃안 에디 3줄 어떻게 처리할까요,대적자코인 어디에쓸까요?
한장,1,7,2,9,7,0,0,0,0,0,아이템,1.0,1.0,2.764791551056764,전투력 1억5천 메린이 다음 스펙업을 도통 못잡겠어요 ㅠㅠ,챌섭 레잠으로 스펙업 하고싶은데 도와주세요!,레전드리잠재 한장 남는거 어따써야할까요
등등,1,21,2,24,11,0,1,1,0,8,기타,0.38095238095238093,0.3443419418086158,2.7624880011837827,챌린저 하고 싶은데 여기서 무보엠 바꿔주면 되나요?,메린이 하드메이린 잡으려면 어떻게 세팅해야 할까요…,본섭에 유니온 만들려는데 고민상담좀 해주십쇼..
목요일,1,14,4,22,4,1,0,0,1,8,기타,0.5714285714285714,0.3751511497302252,2.7610159644365564,메린이 에디 레전 천장 어떻게 하는게 좋을까요,챌린저 찍고싶은 메린인데 향후 템셋팅 어떻게 해야하나요?,엠작 목요일에 해야되나요?
나올까요,1,11,2,13,5,0,4,0,1,1,몬스터,0.36363636363636365,0.6710222907203067,2.7604380412074367,4여명 5칠흑으로 7~8만 될까요?,챌섭 하메 템진로 질문 있습니다!,익스우 템세팅 질문이요!
밖에,1,25,1,27,15,0,0,1,1,8,아이템,0.6,0.4013678641766824,2.7576107489876662,챌섭 실수로 나워 리프시켰는데 버닝없이 정축 여축30 가능할까요?,챌린저스 포인트 잃어버린 5000점 질문.,성님들 하드 메이린 목표하는 메린이 봐주십시오.
검마 2인,2,6,3,9,0,0,0,0,0,6,기타,1.0,1.0,2.7551914291197175,검마 2인 vs 세렌 솔플,검마 2인 이정도면 갈만할까요?,이후 방향성 및 조언 부탁드립니다
괜찮게,1,6,3,10,6,0,0,0,0,0,아이템,1.0,1.0,2.7551914291197175,쿨뚝 샀는데 괜찮게 산걸까요?,보통 22성 도전자셋은 환산 몇만까지 끼나요?,지금 법사 에테 쿨뚝 45억이면 괜찮게 맞춘건가요
아스트라 보조,2,6,3,9,6,0,0,0,0,0,아이템,1.0,1.0,2.7551914291197175,아스트라 보조 질문입니다,대적자큐브어디다던질까요? ?,법사 아스트라 보조 질문
챌섭 챌린저 목표,3,6,3,10,6,0,0,0,0,0,아이템,1.0,1.0,2.7551914291197175,챌섭 챌린저 목표 템셋팅 관련 질문입니다.,챌섭 챌린저 목표 질문드립니다,메린이 템세팅 질문이용
해방무기 옵션,2,6,3,9,6,0,0,0,0,0,아이템,1.0,1.0,2.7551914291197175,"메린이 남은 대적자 큐브, 코인 어떻게 쓰는게 좋을까요?",대적자 코인 쓸 곳 질문드립니다.,제네시스 해방무기 옵션 질문 드립니다.
레테 제네무기,2,5,5,10,5,0,0,0,0,0,아이템,1.0,1.0,2.754880067898575,레테 제네무기,레테 제네무기 피드백 해주실분,챌섭 레테 제네무기 큐브 한번봐주세요 ㅠㅠ
마지막,1,23,1,25,11,3,1,2,0,6,퀘스트,0.13043478260869565,0.43509866008333986,2.7546084079215096,메고수 형님들 해방무기 질문입니다!!,메린이 에디 레전 천장 어떻게 하는게 좋을까요,루미너스 윈브 중에 본캐 추천 부탁드립니다!
돌려야,1,13,2,15,12,1,0,0,0,0,아이템,0.9230769230769231,0.5697026886649237,2.753923735087581,제네 추옵 윗잠 밑잠 중 우선 순위 부탁드립니다.,레테 제네시스무기,챌섭 메린이 제네 무기 윗잠 아랫잠 뭐 돌려야 하는지 알려주세요..!
일요일,1,16,1,17,4,0,0,0,1,11,기타,0.6875,0.6090714758245103,2.753413741031171,챌섭 쌩뉴비 여러 가지 질문 드립니다 !,에테리온 효과 다 받는 기준이면 몬파 매일 3천포인트 씀??,유료 경험치 주는것들 효율 궁금해요
생각하시나요,1,14,2,16,10,0,0,1,0,3,아이템,0.7142857142857143,0.5284571395682968,2.7516656222381,칠흑 33퍼사서 미라클때 에디레전 보내는거 어떤가요?,성장 방향 조언 부탁드려요,본섭 깡통캐릭 유챔하는거 별로일까요?
챌린저까지,1,14,2,16,10,0,0,1,0,3,아이템,0.7142857142857143,0.5284571395682968,2.7516656222381,유입된 메린인 인데 이 이상 어떻게 스팩업을 해야할지 알려주세요!,지난주에 챌섭 시작한 뉴비인데 제네시스 패스 사도 되나요?,챌섭 템세팅 진로 질문드려요
150억,1,12,1,14,10,0,0,0,0,2,아이템,0.8333333333333334,0.775574796284227,2.75064552924027,뉴비 쌍레보조 150억,갓 2억단 뉴비 다음 스펙업 추천 부탁드립니다.,블랙보조12/60 아랫잠 고민
있는거,1,24,1,25,15,0,1,1,0,7,아이템,0.625,0.41474273058087335,2.750417071378849,보스방 드랍율이랑 일반 맵 드랍율이 다른가요?,이메일 변환 명의이전 질문 잘아시는분만,지금 에테 쿨뚝 사둘만함니까?
농장,1,7,4,12,2,0,0,0,0,5,기타,0.7142857142857143,0.7834128302331012,2.7495420952093643,블루베리 농장 효율,챌린저스 패스 물품들 본섭리프할때 가져갈수있나요?,챌린저스 패스 경험치 획득 순서
블루베리 농장,2,7,4,12,2,0,0,0,0,5,기타,0.7142857142857143,0.7834128302331012,2.7495420952093643,블루베리 농장 효율,챌린저스 패스 물품들 본섭리프할때 가져갈수있나요?,챌린저스 패스 경험치 획득 순서
쓰다,1,36,0,36,28,0,0,0,3,5,아이템,0.7777777777777778,0.5196805515899017,2.7437208626165157,플하 터짐 ㅠㅠ,칠흑 33퍼사서 미라클때 에디레전 보내는거 어떤가요?,아스트라 보조 질문입니다
페어리,1,14,1,15,13,0,0,0,1,0,아이템,0.9285714285714286,0.6765536501642689,2.7421488601050346,하트 업그레이드 모듈 질문있습니다,챌섭 뉴비.. 가고 있는 방향이 제대로 된 건지 모르겠어요,뉴비 챌섭 레잠 사용처 및 미래 템세팅 조언 부탁드립니다
없어요,1,19,3,22,10,0,1,2,0,6,아이템,0.5263157894736842,0.2915223791378859,2.7390750628151745,마도서 먹었는데 어쩌죠?,뉴비) 첫 해방 무기 세팅 방법 좀 알 수 잇을까요?!,이번 레테복귀유저 본섭캐릭 버릴까용?
풀드메,1,14,3,24,7,0,0,1,0,6,기타,0.42857142857142855,0.42840509747864525,2.7384644172892143,풀드메 마췃는데 궁금한게있어요,지금의 조건으로 어느정도 맞춰야할까요 진로상담 부탁드립니다,리프 질문있습니다
참고,1,20,1,22,14,0,0,2,0,4,아이템,0.7,0.48355301380033283,2.727966984866466,메고수 형님들 해방무기 질문입니다!!,이벤링 주스텟 21% vs 아획 또는 메획 1줄,제네패스 플러스 재화 사용처 추천 부탁드립니다.
클각,1,7,3,10,1,0,5,1,0,0,몬스터,0.7142857142857143,0.8525711422010648,2.727222745896626,보마 메이린 배율 질문있습니다 !,하드림보 클각 몇분안에 쳐야하나요?,이거 하드메이린 클각 나올까요?
중입니다,1,25,1,29,15,0,0,3,0,7,아이템,0.6,0.3858484318858336,2.7270716204708476,2분 설치기 직업,"익스우, 노흉 목표 템 진로 질문좀요",챌섭 쌩뉴비 여러 가지 질문 드립니다 !
어디까지,1,14,6,24,3,1,2,2,1,5,몬스터,0.14285714285714285,0.2713387144731936,2.7263457702351133,크주잡 에테 스타포스 어디까지 올려야할까요?,저 혹시 추천직업이나 서버있나요?,메짱 친구들아 뉴비 템 견적 어디까지 됨..?
벨트,1,31,0,34,24,0,0,1,1,5,아이템,0.7741935483870968,0.570997531205522,2.7223312735543557,챌섭 챌린저 목표 템셋팅 관련 질문입니다.,와헌 템셋팅 질문 드립니다.,살짝 과부화 오는데 방향성 한번만 잡아주실분..?
아획,1,11,3,18,6,0,0,0,0,5,기타,0.45454545454545453,0.5466277260364153,2.7207890408646063,드랍셋,선생님들 장비 프리셋 어떻게 해두셨나요?,이벤링 주스텟 21% vs 아획 또는 메획 1줄
하의,1,18,0,20,16,0,0,0,0,2,아이템,0.8888888888888888,0.8468447891548733,2.7189608928290174,4여명 5칠흑으로 7~8만 될까요?,스펙업 질문있어요,[질문] 복귀 유저 아버 이후 에테르넬 17성 풀셋 질문
주는,1,34,1,38,18,1,1,3,1,10,아이템,0.5294117647058824,0.2648960774557622,2.7161505000236925,플라즈마 하트 스페어 질문,메고수 형님들 해방무기 질문입니다!!,모멘텀 패스 플러스 누구 줄까요?
출석,1,12,2,16,6,0,0,0,0,6,기타,0.5,0.5913081818747175,2.7134309400155385,출석 보돌만 하다가 제대로 복귀해보려하는데 템셋 질문좀여,뉴비 아버 템 대체질문,미트라 잡레전 사야할까요
PC방,1,6,4,11,1,0,0,0,0,5,기타,0.8333333333333334,0.8785546643518372,2.7102439956538493,리프 질문있습니다,PC방 자석펫 질문,프리미엄 PC방 누적 접속시간 23일에도 채워지는거임?
200렙,1,13,2,19,0,1,0,5,0,7,직업,0.38461538461538464,0.5441898660383176,2.7091634322048432,님들 링크 3렙 찬란한영웅의 증거 질문 있습니다,챌섭 3만점 찍는데 얼마나걸려요??,링크3렙 질문있습니다
살만한가요,1,10,3,15,7,0,0,0,2,1,시세,0.2,0.5953981029387816,2.7083094353628065,문신템,이정도면 살만 한가요?,아케인 장갑 괜찮나요
추후,1,15,1,17,12,0,0,1,0,2,아이템,0.8,0.6161372813071356,2.7063288164974613,제네무기 옵션 방향성좀 알려주세요...,22성 에테 뚝배기 공6리턴 완작 질문드립니다,링크3렙 질문있습니다
아무것,1,20,1,22,10,0,0,1,0,9,기타,0.45,0.4717245152703062,2.706216664405861,솔 에르다 3개의 가치가 어느정도인가요?,진짜 찐 뉴비 템세팅,넥슨온으로 원격하는데
있어서,1,62,0,65,38,3,1,6,1,13,아이템,0.6129032258064516,0.3060407890450282,2.705551473588127,120억에 샀는데 ㄱㅊ은가요??,선생님들 카웅 선행퀘 질문있습니다!,메잘알 선배님들 질문
것이,1,18,1,22,11,0,0,0,0,7,아이템,0.6111111111111112,0.52064055202682,2.704244699077743,동전꼽기가 운영정책 위반인지 여부,챌섭 챌린저 목표 템셋팅 관련 질문입니다.,헥환 7만 중반 ~ 8만 목표 레테 템세팅 조언 부탁드립니다.
정배인가요,1,14,3,18,10,0,1,0,2,1,시세,0.14285714285714285,0.40977928845486516,2.7027559790143303,엠작 질문,제네무기 뭐돌리는게 정배인가요?,익스우 처음 도전할때 몇퍼로 도전하는게 정배인가요?
빠르게,1,16,3,19,8,1,2,0,0,5,몬스터,0.125,0.34702884895427666,2.7018123065012967,9만~데티 해방 사이 괜찮은 라인,챌섭말고 레벨업 빠르게 할만한 방법 있음?,울티마 카오스코인 질문
아크,1,12,1,14,5,0,0,5,0,2,직업,0.4166666666666667,0.7437641839522239,2.7013658713083526,어려운 직업 위주로 하시는 분 있나요,메짱님들 골클벨 잠재 33%인데 팔리나요? 조언 구합니다,쿨뚝 띄우려는데 질문좀요!!
최종뎀,1,12,2,18,5,0,3,1,0,3,몬스터,0.25,0.5818036547793515,2.6972242251977976,"헥사코어 강화할때 ""최종뎀 효율"" << 이게 뭔가요?",메쌤들 현실적으로 챌 달성 가능한지 상태좀 봐줄수있나요,제네무기 고민중인데여..
레전 등업,2,10,1,11,9,0,0,0,0,1,아이템,0.9,0.861505235373519,2.6959469015621953,제네무기 에디 고민 유니크 15 vs 레전 등업,잠재 좀더 돌려야될까요?,메린이 챌섭 미라클 타임 문의
사먹는게,1,10,1,11,9,0,0,0,0,1,아이템,0.9,0.861505235373519,2.6959469015621953,에테 스타포스 할만한지 아니면 사먹는게 나은지 궁금합니다.,햄들 스펙업 조언좀 부탁드림다...,챌린저 목표) 진로 설정 질문입니다.
효율적인,1,10,1,11,9,0,0,0,0,1,아이템,0.9,0.861505235373519,2.6959469015621953,챌섭 스펙업 어떻게 할까요? 미트라? 보장?,메이플 챌섭 뉴비 아이템 추가 스펙업 질문합니다!,"에디 레전 천장 60개 남았는데, 진로 조언 부탁드립니다!"
복귀해서,1,41,0,41,28,1,0,3,0,9,아이템,0.6829268292682927,0.43864699449749844,2.6885935813839903,챌섭 블큐 화에큐 사용처 및 챌 달성 질문,[뉴비] 메짱이형님들 템진로 조언 부탁드립니다,대적자큐브 사용처 질문
타임,1,10,4,14,6,0,0,0,0,4,아이템,0.6,0.5090213057352097,2.6827941687330417,카르시온 넘어왔는데 왜 사냥 메소가 줄었을까요?,메린이 챌섭 미라클 타임 문의,미라클 타임.. 엠블 vs 하트
맞추,1,13,3,18,8,0,0,1,0,4,아이템,0.6153846153846154,0.43549639762963643,2.681945397214136,선생님들 헥사환산 몇을 목표로 잡아야할까요?,챌섭 쌩뉴비 여러 가지 질문 드립니다 !,메획 100 맞추는 거 필수인가요?
버리고,1,19,2,22,10,0,0,2,0,7,기타,0.3684210526315789,0.34574373618822835,2.6801003004921014,본캐를 올릴가요 버린 부캐를 살릴까요,겨울에도 재네패스 하나요?,뉴비 템 순서 질문드립니다
연습모드,1,12,4,20,3,2,2,1,0,4,퀘스트,0.16666666666666666,0.40817544811149237,2.6779183635747894,대적자 3페 연습모드 여는 방법,메이플 쌩뉴비 질문드려요...,제네시스 패스 도전보스 질문
닉넴,1,10,2,12,3,0,0,0,3,4,시세,0.3,0.6796737102624907,2.6775699081186377,메쌤들 현실적으로 챌 달성 가능한지 상태좀 봐줄수있나요,이번 이벤으로 시작한 늅늅이 장비좀 봐주실수 있을까요?,미라클 어디에 질러야 할까요?
이미,1,59,0,63,25,3,0,5,1,25,기타,0.423728813559322,0.3078646374778683,2.677424233290044,동전꼽기가 운영정책 위반인지 여부,메린이 유니온 질문있습니다,커믹 질문입니다!
되는,1,28,1,30,12,0,3,2,1,10,몬스터,0.10714285714285714,0.3164081197743672,2.677248510751973,"헥사스킬올리기, 야누스30조각 모으기",2분 설치기 직업,메린이 많이 성장했지만 다시 막막해짐..
사용하고,1,18,1,22,12,0,0,1,0,5,아이템,0.6666666666666666,0.5038487023080904,2.674382763244807,동전꼽기가 운영정책 위반인지 여부,칠흑 보통 얼마정도 하나요?,보공 과다 질문
3렙,1,9,5,20,3,0,0,2,0,4,직업,0.2222222222222222,0.5105196862509922,2.6738378777709775,메린이 하드메이린 목표 템셋 봐주시면 감사하겠습니다!,님들 링크 3렙 찬란한영웅의 증거 질문 있습니다,제논 리레 3렙 4렙 차이 큰가요??
남았는데,1,19,2,21,12,0,1,1,1,4,아이템,0.631578947368421,0.34245073467693893,2.6735421615964112,놀긍 파풀마 너무 잘붙었는데요,제네 무기 대적자 코인 질문,연합토큰 어디에 쓸까요
레테 본캐,2,11,1,12,5,0,0,5,0,1,직업,0.45454545454545453,0.7804168738734975,2.6720749807671855,본캐 추천 부탁드리겠습니다....,5테르넬..? 6테르넬..? 본캐세팅 추천 부탁드림다,헥환 7만 중반 ~ 8만 목표 레테 템세팅 조언 부탁드립니다.
본섭가면,1,8,2,11,7,0,0,0,0,1,아이템,0.875,0.8287131132142378,2.671195716111158,미트라 고민,챌섭에 있다가 본섭가면 도전자 사라지나요?,메린이 렌 방무 질문드립니다.
작을,1,8,2,10,7,0,0,0,0,1,아이템,0.875,0.8287131132142378,2.671195716111158,메짱님들 골클벨 잠재 33%인데 팔리나요? 조언 구합니다,에테 윗잠 33% 숄더 리턴작 할까요?,작을 새로 해주는게 나을까요?
크뎀 장갑,2,8,2,11,7,0,0,0,0,1,아이템,0.875,0.8287131132142378,2.671195716111158,제논 5에테,챌섭 호영 템셋 질문,크뎀 장갑 고민입니다 ㅠㅠ
길드,1,9,1,14,1,0,0,0,0,8,기타,0.8888888888888888,0.9204749346234885,2.6707989246584227,수로랑 플래그 돌아도 오프접하면 안되는 이유가 궁금해서 질문을 합니다아,18살 본섭에서 길드가입이 현실적으로 가능할지가 궁금합니다.,길드 분위기 알아보는 법...
캐릭터들,1,9,1,12,1,0,0,0,0,8,기타,0.8888888888888888,0.9204749346234885,2.6707989246584227,본캐를 올릴가요 버린 부캐를 살릴까요,보통 하세이칼돌이 ~ 노적자돌이 캐릭터들은 조각 몇개정도 투자하시나요 ?,아직도 본캐를 못정한 유저 조언부탁드립니다
70억,1,11,2,14,10,0,0,0,1,0,아이템,0.9090909090909091,0.6167117051816743,2.6707199044754204,챌섭 스펙업 어떻게 할까요? 미트라? 보장?,레테 하드 메이린 스펙 업 질문 있습니다!,미라클때 에테장갑 만들어볼까요?
포인트,1,10,2,13,1,0,0,1,0,8,기타,0.8,0.6746248470769661,2.6695215091628333,챌섭 쌩뉴비 여러 가지 질문 드립니다 !,챌린저스 포인트 잃어버린 5000점 질문.,모험가 자전
사우나,1,11,3,16,3,0,1,0,0,7,기타,0.6363636363636364,0.5171349282185486,2.668906044241411,챌섭말고 레벨업 빠르게 할만한 방법 있음?,사우나 어디에 쓰는게낫나요?,화면깨짐 현상 이거 어케 고치나요
마법사,1,12,3,16,5,0,0,3,1,3,직업,0.25,0.4691503699097897,2.667743334856654,울티마 40렙부터 경험치 올리기 빡센게 맞는거죠?,울티마 후발대 질문있습니다.,님들 울티마 아이템 분해 질문좀...
260까지,1,12,1,13,1,0,0,1,0,10,기타,0.8333333333333334,0.7215818051140593,2.667001866307381,복귀 뉴비 진짜 망했어요,뉴비 질문있습니다,복귀뉴비 두가지 질문드려요
돌려야하나요,1,9,3,12,8,0,0,1,0,0,아이템,0.8888888888888888,0.6358028818644074,2.666524986714036,윗잠 아랫잠중 어느거 돌려야하나요,첼린저스 서버 제네무기 잠재 질문,레테 어빌 수칙 20 7 10 인데 카오스 서큘 계속 돌려야하나요..?
레벨링,1,7,3,11,0,0,0,4,0,3,직업,0.5714285714285714,0.8085404761848526,2.6624039483125714,모험가 자전,본섭 깡통케릭들 유챔용으로 살릴만한가요?,레테 계속 밀까요? 나워 부캐 시작할까요?
가고,1,13,2,15,10,0,1,0,0,2,아이템,0.7692307692307693,0.5167871654575388,2.661087482485288,선생님들 헥사환산 몇을 목표로 잡아야할까요?,전투력 1억5천 메린이 다음 스펙업을 도통 못잡겠어요 ㅠㅠ,챌린저스섭 진로가 궁그미합니다!
둘다,1,45,0,49,29,0,1,4,1,10,아이템,0.6444444444444445,0.3894181716934423,2.6597919645898527,헥환 8만 목표 과금 어느정도 해야할까요?,18에테 22아케인 질문있습니다,본캐 추천 부탁드리겠습니다....
뭔지,1,14,3,18,5,0,1,1,0,7,기타,0.5,0.38704553705429234,2.6591720059580464,메이플 쌩뉴비 질문드려요...,메이플 대장장이 컨텐츠질문!,꼭 챌린저스나 하이퍼버닝으로 키워야 하나요 ?
가이드,1,7,3,10,6,0,0,0,0,1,아이템,0.8571428571428571,0.8057118021740804,2.658239776731156,챌섭뉴비 템 가이드 부탁드립니다ㅠ,메린이 노적자 템셋 가이드 해주실 (글삭안함!),3주늦은뉴비 템진로 훈수 제발 부탁드립니다
어디부터,1,7,3,10,6,0,0,0,0,1,아이템,0.8571428571428571,0.8057118021740804,2.658239776731156,진로 고민 도와주세요,제네 방향성 도움 바랍니다,메생 첫 해방했는데 이거 어디부터 건들까요?
팔까요,1,7,3,10,6,0,0,0,0,1,아이템,0.8571428571428571,0.8057118021740804,2.658239776731156,마도서 먹었는데 어쩌죠?,님들 이거 팔아야되나요?,칠흑 상자에서 마깃안 먹었는데 팔까요 쓸까요
몬파 핸즈,2,5,4,13,0,0,0,0,0,5,기타,1.0,1.0,2.656877155149585,몬파 핸즈 몬스터 원킬컷 안나는데 상관있나요?,몬스터파크 핸즈로 솔 애르다 타임 참여 가능한가요?,몬파 핸즈도 사냥으로 취급하나요?
챌린저 목표인데,2,5,4,9,5,0,0,0,0,0,아이템,1.0,1.0,2.656877155149585,이번챌섭 유입 렌 하메 120퍼 만들고싶어요,챌린저 목표인데 똥블렘,챌린저 목표인데 미트라 안 사도 될까요?
플러스 코인,2,5,4,9,5,0,0,0,0,0,아이템,1.0,1.0,2.656877155149585,제네 플러스 코인 뭐돌릴까요?,제네시스 패스 플러스 뭐 사야되나요?,제네패스 플러스 코인 어디다 써야할까요?
화에큐 사용처,2,5,4,9,5,0,0,0,0,0,아이템,1.0,1.0,2.656877155149585,화에큐 사용처 질문,챌섭 블큐 화에큐 사용처 및 챌 달성 질문,제네플 큐브 및 카르마 큐브 사용처 질문드립니다!
토드,1,6,5,13,5,0,0,0,0,1,아이템,0.8333333333333334,0.775574796284227,2.65616315287652,펜던트 토드 질문있습니다..,얼굴장식 토드,메린이 토드(장비전승) 간단 질문이용
삭제,1,8,3,12,3,0,0,0,0,5,기타,0.625,0.7068639942687087,2.655047928840205,하이퍼버닝 캐릭 삭제 고민,울티마 스테이지 밀고싶은데 스킬 어케 가져가야되나요?,제네패스 플러스 재화 사용처 추천 부탁드립니다.
4에테,1,8,1,9,8,0,0,0,0,0,아이템,1.0,1.0,2.654124583587505,템 가성비 셋팅 질문,5초 뚝질문,흙에테 12성 → 17성 직작 or 경매장 구매
보조 엠블렘,2,8,1,9,8,0,0,0,0,0,아이템,1.0,1.0,2.654124583587505,챌섭 챌린저 목표 템셋팅 관련 질문입니다.,잠재 좀더 돌려야될까요?,렌인데 보조랑 엠블렘 중 뭘 먼저 바꿔야할까요?
최적화,1,8,1,9,0,0,0,0,0,8,기타,1.0,1.0,2.654124583587505,컴터 자꾸 팅겨여,환산주스탯 헥사스탯 어캐하나요?,메이플 및 배경화면 글자 깨짐
카룻,1,8,1,11,8,0,0,0,0,0,아이템,1.0,1.0,2.654124583587505,복귀메린이 유챔 세렌정도 잡을템셋 조언 부탁드립니다!,템세팅 조언 부탁드립니다,8-9만 세팅 가능할까요?
이동,1,7,5,12,3,0,0,0,0,4,기타,0.5714285714285714,0.6585992089000233,2.6514360846373703,월드 간 캐시 이동이 있었나요?,챌섭 이동 질문,[사전월드리프] 여러 서버로 이동 불가 관련 문구 문제
가위,1,10,2,14,9,0,0,1,0,0,아이템,0.9,0.6626165528623411,2.6503790727238594,챌섭에서 챌린저 찍은 뉴비인데,하프이어링 가위가 안써지는데 왜이럼?,도미펜 직작하는거 어떻게 생각하시나요?
칼리,1,12,2,15,4,0,1,4,0,3,직업,0.3333333333333333,0.5533233246926362,2.648660779273636,어려운 직업 위주로 하시는 분 있나요,[뉴비] 메짱이형님들 템진로 조언 부탁드립니다,렌 본캐 변경 어떤가요??
프리셋,1,11,4,28,2,0,1,1,0,7,기타,0.6363636363636364,0.43716582245500696,2.647760686073964,선생님들 장비 프리셋 어떻게 해두셨나요?,보스 외곽선 설정 프리셋 있음?,환호지선 사신 분들 질문
엔버,1,11,3,15,4,0,0,1,0,6,기타,0.5454545454545454,0.502852047875729,2.6437799562665667,무보 잇는상태에서 유챔 템셋팅질문점여,님들 링크 3렙 찬란한영웅의 증거 질문 있습니다,본캐 데티해방까지 본캐만 쭉 투자해도되나요?
찍으면,1,14,2,16,4,0,0,2,0,8,기타,0.5714285714285714,0.4678577039595843,2.642569083398534,챌린저 찍어보고 싶은데 여기서 뭘 더 해야 할까요?,님들 링크 3렙 찬란한영웅의 증거 질문 있습니다,하드 메이린 배율좀 봐주세요
조금씩,1,23,0,23,17,0,0,0,0,6,아이템,0.7391304347826086,0.6619682808851963,2.6409123304919944,뉴비) 첫 해방 무기 세팅 방법 좀 알 수 잇을까요?!,아버 이후 템세팅 질문...,잠재 좀더 돌려야될까요?
위한,1,10,4,15,7,0,0,1,0,2,아이템,0.7,0.48355301380033283,2.6375156926566623,메카베리 본캐vs부캐,하드 메이린 잡고 싶은데 스펙업 방향을 알려주세요!,뉴비 검마까지 방향성 조언좀....
잡옵,1,11,1,21,9,0,0,0,0,2,아이템,0.8181818181818182,0.7567054870526022,2.6364885939983593,아스트라 전승 하는법?,잠재 질문,레테 보조무기 옵션 질문합니다..
보조 시세,2,6,5,11,4,0,0,0,2,0,시세,0.3333333333333333,0.7565438560021889,2.6276939031172146,아델 보조 시세 질문,챌섭뉴비 블큐 화에큐 어디다 써야할까요,메린이 시그너스 보조 시세 질문드려요
좀더,1,15,1,16,12,0,0,0,1,2,아이템,0.8,0.5684861177643534,2.626533790092797,익스우 솔플가려면 얼마나 더 써야될까요?,안녕하세요 선생님들 템 진로 고견좀 여쭙습니다,잠재 좀더 돌려야될까요?
리프할때,1,7,3,12,2,0,0,0,0,5,기타,0.7142857142857143,0.7834128302331012,2.625412824987054,챌섭에서 리프할때 템,챌섭 리프할때 보상 어떻게 하나요?,뉴비 챌섭 자석펫 팔기 vs 쓰기
보스 배율,2,8,4,13,1,0,2,0,0,5,몬스터,0.25,0.6106318028363579,2.6238106411036295,환산 질문,뉴비 환산주스탯 보스 배율,안녕하세요! 갑자기 환산이 5000정도 떨어졌는데 무슨 문제인가요?
데미지,1,19,2,27,12,1,1,1,0,4,아이템,0.631578947368421,0.31670522575341997,2.622268992458216,제네시스 무기 추옵 궁금해요,안녕하세요 이번챌린져로 유입된 유저입니다,해방무기 윗잠 멈추나요?
검마 솔격,2,8,5,15,0,2,4,0,0,2,몬스터,0.5,0.5512913868506832,2.620359161257059,검마 솔격 문의용,오늘 검마 솔격으로 잡아야 되는건가요?,메린이 노말세렌 이지칼로스 가능할꺼같음??
마음,1,22,1,23,12,0,0,3,0,7,직업,0.13636363636363635,0.38320298470934977,2.619441972255682,하이퍼버닝 캐릭 삭제 고민,꼭 챌린저스나 하이퍼버닝으로 키워야 하나요 ?,본캐 데티해방까지 본캐만 쭉 투자해도되나요?
떠서,1,21,1,22,13,0,0,1,1,6,아이템,0.6190476190476191,0.4002643365727091,2.61415815410154,챌섭 블큐 화에큐 사용처 및 챌 달성 질문,5테르넬..? 6테르넬..? 본캐세팅 추천 부탁드림다,아케인 쌍크 장갑을 만들었는데
어디다 쓰는게,2,9,2,11,7,0,0,0,0,2,아이템,0.7777777777777778,0.7075235986705076,2.6137743119924415,메린이 에디 레전 천장 어떻게 하는게 좋을까요,템 방향성 고민이 너무 됩니다,대적자코인 조언부탁드려용
올리기,1,9,2,11,7,0,0,0,0,2,아이템,0.7777777777777778,0.7075235986705076,2.6137743119924415,"안녕하세요 메쌤, 메형님들 뉴비 질문 몇 가지만 해도 될까요?",울티마 40렙부터 경험치 올리기 빡센게 맞는거죠?,이제 뭘 더 올리지... 레벨은 너무 오래 걸리는데ㅇㅅㅇ
카인,1,8,2,13,2,0,0,4,0,2,직업,0.5,0.7892817609838471,2.613598459112678,님들 링크 3렙 찬란한영웅의 증거 질문 있습니다,어려운 직업 위주로 하시는 분 있나요,카인 해방큐브 윗잠 질문이요
나을지,1,24,0,31,20,0,0,2,0,2,아이템,0.8333333333333334,0.6238557094790959,2.613494943158231,데티목표입니다 조각 템펙업 고민입니다,챌섭 메린이 제네 무기 윗잠 아랫잠 뭐 돌려야 하는지 알려주세요..!,8-9만 세팅 가능할까요?
코디템,1,10,6,17,6,0,0,0,1,3,시세,0.1,0.37540527659425066,2.6117033681622757,도시섭이랑 시골섭 차이 심함?,코디템 질문있습니다,이거 코디템 뭔지 아시는분
가는,1,15,1,18,8,0,0,0,0,7,기타,0.4666666666666667,0.5586893576807475,2.6101284670863687,헥환 7만 중반 ~ 8만 목표 레테 템세팅 조언 부탁드립니다.,보스 질문있습니다!,본섭 깡통캐릭 유챔하는거 별로일까요?
키우기,1,7,2,9,0,0,0,5,0,2,직업,0.7142857142857143,0.8878696569961022,2.6097830385796272,뉴비 검마까지 방향성 조언좀....,250물약 사용처 질문,아직도 본캐를 못정한 유저 조언부탁드립니다
공짜,1,14,1,16,11,0,0,1,0,2,아이템,0.7857142857142857,0.5953611934593595,2.609351557387832,님들 링크 3렙 찬란한영웅의 증거 질문 있습니다,뉴비 검마까지 방향성 조언좀....,미트라 에디 직작 질문
그런데,1,28,1,30,12,1,0,4,2,9,직업,0.14285714285714285,0.2826740604531338,2.608641777989741,궁금해서 그런데 왕예인 따려면 얼마써야됨??,안녕하세요 메린이인데 질문있습니다.,뉴비가 모험미션 질문드리겠습니다!
맞죠,1,13,2,15,5,0,2,0,0,6,몬스터,0.15384615384615385,0.4855671570265847,2.6063143570721152,카링 3페 질문점요!,대적자 코인 어디에 쓸지 질문합니다..,올티마 전사 28때 망치와 디바이드 쓰고 자동돌리면 됨?
노칼,1,17,4,23,7,1,1,1,1,6,퀘스트,0.058823529411764705,0.21580650999840753,2.605433183325231,제네시스 코인 투자처 질문,노적자 노칼 목표 스펙업 방향부탁드립니당..,메린이 플라즈마 하트 갖고싶어요
맞출까요,1,8,3,11,6,0,0,0,0,2,아이템,0.75,0.6746376658839944,2.6049194788176715,아케인 장갑 팔고 그냥 18에테풀셋 맞출까요,2석펫 vs 스펙업,드랍템 먼저 맞출까요 스펙업을 먼저 할까요
괜찮,1,19,1,20,13,0,0,1,1,4,아이템,0.6842105263157895,0.43941373691858887,2.6043868984016325,대장장이 고견 나눠주실 메짱엉아들?,"익스우, 노흉 목표 템 진로 질문좀요",9만~데티 해방 사이 괜찮은 라인
한가요,1,10,6,17,5,0,2,1,2,0,몬스터,0.2,0.3697348835677045,2.6009360802812047,이정도면 살만 한가요?,유니크 3줄보조,에디 3줄만 보고 팔만 한가요?
맞춰서,1,16,1,17,9,0,3,1,0,3,몬스터,0.1875,0.5194001291245672,2.5999697692188706,드랍셋,에테 모상하 잠재 질문!,선생님들 메린이 진로 추천 부탁드리겠습니다
비싸서,1,23,0,23,18,0,0,1,0,4,아이템,0.782608695652174,0.6344765692860665,2.597227260816777,환산 7~8만 목푠데 다음 메소를 어디다 써야 해야할까요?,커믹 질문입니다!,안녕하세요 메린이인데 질문있습니다.
없으면,1,12,1,13,9,0,0,0,0,3,아이템,0.75,0.6746376658839944,2.5942779872753983,궁금해서 그러는데 유챔나온게 왜 다들 별로라는거야?,"보조무기 보공40,35 차이가 큰가요??",챌섭 뉴비 카레잠이랑 블큐 어디다 쓰는게 좋을까요?
9만,1,8,4,14,4,0,0,0,0,4,기타,0.5,0.5913081818747175,2.592331365570563,9만~데티 해방 사이 괜찮은 라인,[질문] 복귀 유저 아버 이후 에테르넬 17성 풀셋 질문,8-9만 세팅 가능할까요?
주에,1,14,1,15,10,2,0,0,0,2,퀘스트,0.14285714285714285,0.5843556088381597,2.591350969502765,헥환 5만목표 방향성 궁금해요,10000마리 사냥 보약 마릿수가 다음 주로 이월 되나요?,레테 하드메이린 잡고싶은데 템좀 봐주세요 ㅠㅠ
맞겠죠,1,17,1,18,11,0,0,1,0,5,아이템,0.6470588235294118,0.4821035824834467,2.5873139065657815,울티마 40렙부터 경험치 올리기 빡센게 맞는거죠?,제네무기 유니크 에디 공이탈 +@질문,메짱 성님들 챌섭 제네 진로점영
220억,1,6,2,9,6,0,0,0,0,0,아이템,1.0,1.0,2.5872503897741614,뉴비 템셋팅좀 도와주소.... 220억 있는데,복귀유저 아델 보조 가격 질문,레테 보조 190억~220억 대 사이선에서 뭐가 더 좋은 매물일지 질문드립니다
도와주시면,1,6,2,8,6,0,0,0,0,0,아이템,1.0,1.0,2.5872503897741614,메린이 하드메이린 목표 템셋 봐주시면 감사하겠습니다!,챌섭 유입 메린이 템세팅 질문 있습니다 !!,메뉴비 30만원으로 드메 세팅 맞추는 법
레잠 하나,2,6,2,10,6,0,0,0,0,0,아이템,1.0,1.0,2.5872503897741614,미트라 고민,챌섭 레잠 하나 남는데 어디에 쓰면좋을까요?,찐뉴비 앞으로 스펙업 계획..챌가능할까요
발라야,1,6,2,8,6,0,0,0,0,0,아이템,1.0,1.0,2.5872503897741614,템 방향성 고민이 너무 됩니다,궁금한 게 많은 메린이 질문드립니다 !..,투력 5000만 다음 업그레이드
방마마,1,6,2,9,6,0,0,0,0,0,아이템,1.0,1.0,2.5872503897741614,8-9만 세팅 가능할까요?,미라클 대비 미트라 질문,썬콜 대적자 코인 어디에 쓸까요?
방어구 장신구,2,6,2,8,6,0,0,0,0,0,아이템,1.0,1.0,2.5872503897741614,헥환 8만 목표 과금 어느정도 해야할까요?,이번 레테복귀유저 본섭캐릭 버릴까용?,방어구/장신구 템셋 훈수부탁드립니다.
코인 윗잠,2,6,2,8,6,0,0,0,0,0,아이템,1.0,1.0,2.5872503897741614,제네무기 옵션 방향성좀 알려주세요...,햄들 스펙업 조언좀 부탁드림다...,대적자 코인 윗잠 vs 추옵
해방무기 윗잠,2,6,2,8,6,0,0,0,0,0,아이템,1.0,1.0,2.5872503897741614,메린이 해방무기 윗잠 질문,해방무기 윗잠 멈추나요?,메린이 무기 윗잠 먼저 아랫잠 먼저
힘들어요,1,5,4,9,0,0,4,0,0,1,몬스터,0.8,0.946950982526678,2.5864047938355847,노말 진힐라 258퍼 인데 너무 힘들어요...,마법사 아닌데 텔 쓰는 직업 누구 있나요??,
몇개,1,12,1,13,5,0,0,0,0,7,기타,0.5833333333333334,0.6694831167905168,2.5862927773879325,"연마석 10개쓰고 리컨4렙인데, 다음 도전 몇개할지 냉철한 판단 좀여",미라클 타임.. 엠블 vs 하트,본섭 깡통케릭들 유챔용으로 살릴만한가요?
카레잠 카에유잠,2,8,5,13,7,0,0,0,1,0,아이템,0.875,0.529699816803824,2.583887825918138,카레잠 카에유잠 제네무기에 쓰는거 괜찮죠?,카레잠 카에유잠 팔고싶어요,챌3 카레잠 카에유잠 구매하고싶은데
카블큐,1,8,5,18,7,0,0,0,1,0,아이템,0.875,0.529699816803824,2.583887825918138,제네플 큐브 및 카르마 큐브 사용처 질문드립니다!,진짜 찐 뉴비 템세팅,카레잠+카에유잠 카블큐 카화에큐 시세가 어떻게되나요?
그대,1,40,0,42,23,0,1,2,0,14,아이템,0.575,0.3906426774749561,2.5821259009189426,이게 주흔15퍼작보다 좋은건가요?,챌섭 실수로 나워 리프시켰는데 버닝없이 정축 여축30 가능할까요?,챌섭 아케인 쌍크 장갑 팔아야되나요 ? 메린이 템세팅 방향성 한번 잡아주시면 감사하겠습니다.
모르고,1,21,1,22,13,0,0,0,2,6,아이템,0.6190476190476191,0.38110814470753696,2.5783953957009063,뉴비 템 순서 질문드립니다,미라클 타임.. 엠블 vs 하트,안녕하세요...메이플 시작 3주차인데..
나은지,1,10,2,15,7,0,0,0,0,3,아이템,0.7,0.6172570398196363,2.5780714177144346,에테 스타포스 할만한지 아니면 사먹는게 나은지 궁금합니다.,레테 보조 뭐가더 나은지 봐주세용,"에테 17을 직작하는거보다 사와서 샤타포스때 18,19++ 로 점진적 성장하는건 별론가요?"
없고,1,43,0,44,22,4,0,4,1,12,퀘스트,0.09302325581395349,0.3619599969465977,2.5769574511283304,직업 고민,챌섭 아케인셰이드 장갑 극추옵 질문드립니다,메m 넥슨플러그로 하시는 분??
보보공,1,14,0,14,13,0,0,0,0,1,아이템,0.9285714285714286,0.8998512948437399,2.572446340532942,미라클 어디에 질러야 할까요?,형님들 이번 챌섭유입 메린이 제네 윗잠 질문드립니다!,나로 제네패스플러스로 받는 코인으로 보조 윗잠 돌릴까요?
선택지,1,14,0,14,13,0,0,0,0,1,아이템,0.9285714285714286,0.8998512948437399,2.572446340532942,챌섭 유입 메린이 템 진로 고민입니다 !!,똥블렘 언제까지 써야하나요? 투자를 좀 해서...,큐브 사용처 질문
추옵 2추,2,14,0,14,13,0,0,0,0,1,아이템,0.9285714285714286,0.8998512948437399,2.572446340532942,메고수 형님들 해방무기 질문입니다!!,제네패스 코인 사용 질문,제네 플러스 코인 뭐돌릴까요?
없는,1,31,0,32,21,0,0,1,1,8,아이템,0.6774193548387096,0.48418111400603914,2.571889886534012,에디 레전 천장 사용처가 고민입니다....,메린이 하드 메이린 배율 105인데 못잡겠습니다..,챌섭 호영 템셋 질문
최대한,1,31,0,31,21,0,0,1,1,8,아이템,0.6774193548387096,0.48418111400603914,2.571889886534012,리레4렙,챌섭 쌩뉴비 여러 가지 질문 드립니다 !,모멘텀 패스 가치 있나요?
평균,1,11,2,14,7,0,0,0,2,2,시세,0.18181818181818182,0.5568095322924672,2.571764769219221,지금의 조건으로 어느정도 맞춰야할까요 진로상담 부탁드립니다,데브펜 깡통 추옵 156이면 값 받을 수 있을까요,하루 평균 6소재 하는데
200억,1,20,1,23,13,0,0,0,2,5,아이템,0.65,0.3979889774592489,2.570631275215981,MVP작 할 때 질문,타명의 계정 재화 옮기면 정지 당하나요,렌 무보엠 옵션 고민이있습니다!
나름,1,9,1,11,8,0,0,0,0,1,아이템,0.8888888888888888,0.8468447891548733,2.5684016947885238,뉴비) 첫 해방 무기 세팅 방법 좀 알 수 잇을까요?!,복귀 중고뉴비 대적자 코인 뭐에 써야할까요?,이번 이벤으로 시작한 늅늅이 장비좀 봐주실수 있을까요?
에디레전,1,9,1,11,8,0,0,0,0,1,아이템,0.8888888888888888,0.8468447891548733,2.5684016947885238,칠흑 33퍼사서 미라클때 에디레전 보내는거 어떤가요?,제네패스 코인 사용 질문,미트라 에디 직작 질문
최종,1,9,1,11,8,0,0,0,0,1,아이템,0.8888888888888888,0.8468447891548733,2.5684016947885238,뉴비 아버 템 대체질문,4여명 5칠흑으로 7~8만 될까요?,아흐... 펫장비 이전 줌서에 대한 글은 많은데...
끝나면,1,17,1,18,12,0,0,2,0,3,아이템,0.7058823529411765,0.4704862670389508,2.5670335144516616,컨티4렙이 점점 비싸지던데 챌 끝나면 싸지나요?,챌섭 호영 템셋 질문,다음 스펙업을 뭐 하는게 나으려나요??
도저히,1,24,1,28,7,3,2,2,3,7,퀘스트,0.125,0.3197339406139796,2.565709426513482,뉴비 콜 280억으로 세팅좀 해주실분 ㅠㅠ 메이린 잡고싶어요,친구가 자꾸 보스에서 이상한 물약이뜬다고하는데 뭔지좀 알려주실분 도저히 모르겟음,선생님들 메린이 진로 추천 부탁드리겠습니다
본케,1,10,1,13,3,0,0,0,0,7,기타,0.7,0.7714776754991928,2.565563426680539,챌섭 리프할때 보상 어떻게 하나요?,성장 방향 조언 부탁드려요,18아케인에서 스팩업 질문 있습니다
3부위,1,12,0,13,12,0,0,0,0,0,아이템,1.0,1.0,2.5649493574615367,뉴비 해방이후 스펙업 방향성 검토 부탁드리겠습니다,챌섭 200제 강화권 사용처 질문드립니다,일주일에 10시간 정도 사냥하면 드메템 굳이인가요
돈으,1,12,0,15,12,0,0,0,0,0,아이템,1.0,1.0,2.5649493574615367,선생님들 메린이 진로 추천 부탁드리겠습니다,미트라를 믿기 vs 똥블렘을 믿기,챌섭 뉴비 방향성 조언 부탁드려요 메짱형님들
애완,1,12,0,13,12,0,0,0,0,0,아이템,1.0,1.0,2.5649493574615367,에디 레전천장 사용처 추천부탁드려요 + 도전자 대체셋 질문,미트라를 믿기 vs 똥블렘을 믿기,환산 7.8 헥환 7만 진로질문드립니다!
바꿀,1,16,1,17,12,0,0,2,0,2,아이템,0.75,0.49878016789360424,2.5646852679112015,커믹 질문입니다!,미트라 교체 타이밍 궁금합니다,보공 과다 질문
돌리고,1,13,1,14,9,0,0,0,0,4,아이템,0.6923076923076923,0.6086293144322896,2.564021509485898,제네무기 추옵 질문,메린이 해방무기 에디 돌리는게 좋을까여,에테리온 효과 다 받는 기준이면 몬파 매일 3천포인트 씀??
아닌가요,1,18,2,22,9,1,0,1,0,7,기타,0.3888888888888889,0.3090203897524173,2.562327584223508,유니온 제대로 적용되고 있는건가요,선생님들 세트효과 질문입니다,메짱이 선생님들 아버 이후에 질문있습니다. 17에테 VS 18아케인(+27여명)
최근,1,10,3,13,6,0,0,0,0,4,아이템,0.6,0.5090213057352097,2.561678262596626,선생님들 헥사환산 몇을 목표로 잡아야할까요?,챌섭 쌩뉴비 여러 가지 질문 드립니다 !,안녕하세여 최근에 해방했는데요
데브,1,14,2,18,10,0,0,1,1,2,아이템,0.7142857142857143,0.4220974609233592,2.560187389880058,칠흑 아랫급에 별누르는건 요새 별로임?,살짝 과부화 오는데 방향성 한번만 잡아주실분..?,별 누르기vs언컨 구매
차이 큰가요,2,7,5,12,4,0,2,1,0,0,몬스터,0.2857142857142857,0.6007359842804637,2.5589359550662696,"보조무기 보공40,35 차이가 큰가요??",제논 리레 3렙 4렙 차이 큰가요??,진힐라 노말이랑 하드 차이 큰가요?
부분,1,19,1,23,10,0,1,0,0,8,기타,0.42105263157894735,0.41291861994077184,2.556448259385748,스펙업 질문,18아케인에서 스팩업 질문 있습니다,18살 본섭에서 길드가입이 현실적으로 가능할지가 궁금합니다.
석펫,1,11,2,20,7,0,0,0,0,4,아이템,0.6363636363636364,0.5474170344175885,2.556248873004217,챌섭 리프질문,메린이 많이 성장했지만 다시 막막해짐..,메린이 서버 고민입니다
해보고,1,20,1,21,2,0,3,5,0,10,직업,0.25,0.3899955046325198,2.555932825101357,복귀뉴비,꼭 챌린저스나 하이퍼버닝으로 키워야 하나요 ?,진짜 초보 메린이 질문있습니다
공격력,1,12,2,22,9,0,0,0,1,2,아이템,0.75,0.49699882087667574,2.5526186341530104,루나 크리스탈 키 평소 시세가 10억 쯤 될까요?,시퀸스질문,울티마스쿼드 옵션이 너무 헷갈려요.. 한번만 봐주세요
키우는게,1,14,1,16,0,0,0,4,0,10,직업,0.2857142857142857,0.5588710460382296,2.5496687574093695,챌섭 리프 질문,챌섭 뉴비 질문입니다.,뉴비 부캐 유니온 질문
같아,1,16,1,18,10,0,0,3,0,3,직업,0.1875,0.4894448664727297,2.548710870505559,18에테 22아케인 질문있습니다,[질문] 복귀 유저 아버 이후 에테르넬 17성 풀셋 질문,대적자 큐브 사용처 질문있습니다 !
챌섭 자석펫,2,9,4,14,3,0,0,1,0,5,기타,0.5555555555555556,0.48824436599788523,2.5406901648943054,메고수님께 자석펫 위치 질문,월드자석펫 스킬 월드리프 문의,해외에서 메이플 하시는 분들 pc방
놀긍떡작,1,12,1,15,11,0,0,0,1,0,아이템,0.9166666666666666,0.6389764500892916,2.5390331369890298,프악공 프펫공 질문드립니다,데브펜 깡통 추옵 156이면 값 받을 수 있을까요,여명 놀긍작 질문있습니다.
주차,1,10,2,15,6,0,2,0,0,2,몬스터,0.2,0.592164553438232,2.538071454600036,제네플 큐브 및 카르마 큐브 사용처 질문드립니다!,에테 모상하 잠재 질문!,메린이 템셋 조언 부탁드립니다.
200억으로,1,5,3,9,5,0,0,0,0,0,아이템,1.0,1.0,2.536931283830261,레테 쿨뚝 질문,목표환산 9만 이상 22앜 27퍼 레에 vs 33퍼 18성에테 직작 뭐가 더 좋아보이시나요?,챌섭 3일차 뉴비입니다. 200억으로 드메탬 부터 살까요?
걸릴까요,1,5,3,8,0,0,0,0,0,5,기타,1.0,1.0,2.536931283830261,테라버닝 캐릭터 250 찍으려면 얼마나 걸릴까요?,자석펫 얼마나 걸릴까요?,282레테 키우고있는데 부캐 키워도됨?
남은 대적자 큐브,3,5,3,10,5,0,0,0,0,0,아이템,1.0,1.0,2.536931283830261,제네무기 뭐돌리는게 정배인가요?,남은 대적자 큐브 사용처,"메린이 남은 대적자 큐브, 코인 어떻게 쓰는게 좋을까요?"
제네 잠재,2,5,3,8,5,0,0,0,0,0,아이템,1.0,1.0,2.536931283830261,제네 잠재 질문있습니디,제네 잠재 옵이 이러면 에디셔널 돌리는게 날까요..??,드랍템 먼저 맞출까요 스펙업을 먼저 할까요
제네시스무기,1,5,3,9,5,0,0,0,0,0,아이템,1.0,1.0,2.536931283830261,레테 제네시스무기,제네시스무기 잠재 질문드립니다(찐늅입니다ㅠㅠ),첫해방 메린이 제네시스무기 도와주세요ㅜㅜ
그럼,1,40,0,42,23,2,0,0,0,15,아이템,0.575,0.36606886288477847,2.5364975852017158,이번 마라벨 풀셋 가격?,플라즈마 하트 스페어 질문,화에큐 사용처 질문
주간보스,1,10,2,14,3,3,2,0,0,2,퀘스트,0.3,0.591133255026795,2.536427460545784,뉴비 해방이후 스펙업 방향성 검토 부탁드리겠습니다,본섭 7만 중후반 주차 후 챌섭 갈아타는 게 맞을까요?,메린이 주간보스 12마리 질문
쿠폰,1,11,2,15,5,0,0,0,2,4,시세,0.18181818181818182,0.5353773194868519,2.5363599180305685,뉴비 진짜 이해안가는데 챌섭매물이요,실례합니다.. 커스텀 스킨은 어디서 구하나용.. ?,mvp블랙 경뿌
크주,1,13,1,17,11,0,0,0,1,1,아이템,0.8461538461538461,0.5894373867604403,2.5334311709177575,에테 장갑은 크주 vs 쌍크 어느게 가성비 좋나요,아버 에테로 바꾸려는데,세트효과 어떻게 가져가는게 좋을까요
뒤에,1,16,2,19,6,0,2,3,0,5,직업,0.1875,0.3445929947989395,2.532537035236263,메이플 미리보기 나만 이상함??,하프이어링 가위가 안써지는데 왜이럼?,스킬 이펙트 문의
도전자셋,1,11,1,13,10,0,0,1,0,0,아이템,0.9090909090909091,0.6857527143266959,2.5300016629885014,보통 22성 도전자셋은 환산 몇만까지 끼나요?,챌섭 스펙업 뭐부터해야할까요?,선생님들 세트효과 질문입니다
해야하는지,1,10,3,14,8,1,0,0,0,1,퀘스트,0.1,0.48964873541164106,2.5287918533061142,와헌 템셋팅 질문 드립니다.,형들 템세팅 이렇게 하러는데 어때?,하드메이린 템셋 질문좀요!
후에,1,14,2,16,8,0,0,1,0,5,아이템,0.5714285714285714,0.4037004509894725,2.5270674426623385,루미너스 윈브 중에 본캐 추천 부탁드립니다!,"익스우, 노흉 목표 템 진로 질문좀요",이번 챌섭이 본캐인데 진로상담 요청합니다!
렌으,1,18,2,20,6,0,2,3,1,6,직업,0.16666666666666666,0.28907581954418726,2.5232873043316904,제로<>렌 직변 해보신분 궁금합니다.,노칼 최소컷 배율 질문,트왈마 24퍼
잡기,1,13,2,16,6,2,2,0,0,3,퀘스트,0.15384615384615385,0.43805639845645494,2.5229603521110993,메린이 하드메이린 잡으려면 어떻게 세팅해야 할까요…,선생님들 카웅 선행퀘 질문있습니다!,메린이 플라즈마 하트 갖고싶어요
걸로,1,17,1,18,5,2,0,1,0,9,퀘스트,0.11764705882352941,0.4450450924695534,2.522620758460294,모멘텀 패스 가치 있나요?,환산주스탯 헥사스탯 어캐하나요?,아델 어빌
대신,1,10,2,12,9,0,1,0,0,0,아이템,0.9,0.5822731658820247,2.522303581644579,에테르넬 장비 추옵 질문,프악공 대신에 놀긍혼 1장 바르는게 낫지 않나,챌린저 목표인데 미트라 안 사도 될까요?
구합니다,1,9,4,13,7,0,0,0,1,1,아이템,0.7777777777777778,0.4774290828276949,2.522226608633755,"레테 추옵, 잠재 이상태면 대적자코인 어디에 쓰는게 좋을까요?",메짱님들 골클벨 잠재 33%인데 팔리나요? 조언 구합니다,이번챌섭 유입 렌 하메 120퍼 만들고싶어요
사는게 나을까요,2,13,1,16,11,0,1,0,0,1,아이템,0.8461538461538461,0.5819029978502052,2.5214219808244556,에테 18성 직작 vs 완작사기,별 누르기vs언컨 구매,30억 있는데 템 어떻게 보강해야할까요??
신규,1,8,4,12,2,0,1,3,0,2,직업,0.375,0.5477574822752883,2.5213848035846023,챌섭 뉴비 한번만 도와주십쇼 선생님들ㅠ,[사전월드리프] 여러 서버로 이동 불가 관련 문구 문제,신규 6차 스킬 질문잇는데여
모르겠네요,1,30,0,31,23,0,1,2,1,3,아이템,0.7666666666666667,0.4676962088565061,2.5200250006423004,플라즈마 하트 스페어 질문,환산 7~8만 목푠데 다음 메소를 어디다 써야 해야할까요?,하드 메이린 깨고나서 스펙업 질문
바꿔야,1,15,1,16,11,0,1,0,0,3,아이템,0.7333333333333333,0.5046529639959048,2.519640950301525,메린이 템셋 조언 부탁드립니다.,소과금 익스우 솔플 목표로 템세팅 질문이여,여기서 스팩업을 어떤 방향으로 잡아야 할까요?
인벤,1,17,1,19,3,0,0,1,2,11,기타,0.6470588235294118,0.44297671570200564,2.5190099852066954,2분 설치기 직업,챌섭에서 리프할때 템,솔 에르다기운 관해서 궁금한게 있습니다.
여명셋,1,7,4,13,5,0,0,0,0,2,아이템,0.7142857142857143,0.6334194966998262,2.5182927862669064,여명셋 질문 있습니다!,메린이 악세사리 주문작 질문 좀 드립니다.,선배님들 드메템관련해서 답변좀 부탁드려요 미리 감사드려요
헥사스텟,1,6,4,11,2,0,0,0,0,4,기타,0.6666666666666666,0.7431724270758142,2.5149242092998416,선생님들 레테 하드메이린 템세팅부탁드립니다,헥사스텟 질문,챌린저 목표) 진로 설정 질문입니다.
코디,1,12,5,20,6,0,0,1,1,4,시세,0.08333333333333333,0.2751855941201792,2.514462629634203,이 골때리는 코디를 저도 하고싶습니다,모험가 자전,헤어나 성형도 프리스타일 되나요??
공21퍼,1,7,1,9,7,0,0,0,0,0,아이템,1.0,1.0,2.511849254206217,미트라 교체 타이밍 궁금합니다,대적자 큐브 어디에 던질까요??,메린이 미트라 옵션 질문있어요!!!!!!!!!!!!
공공공,1,7,1,10,7,0,0,0,0,0,아이템,1.0,1.0,2.511849254206217,렌 보보보 괜찮아요??,렌 제네무기 공공공 vs 보공공,안녕하세여 최근에 해방했는데요
교가,1,7,1,10,7,0,0,0,0,0,아이템,1.0,1.0,2.511849254206217,뉴비 보조무기 질문,대적자 코인 쓸 곳 질문드립니다.,챌섭 하드메이린 최소컷만큼 템셋 질문이요
렉이,1,7,1,10,0,0,0,0,0,7,기타,1.0,1.0,2.511849254206217,메이플 및 배경화면 글자 깨짐,메이플 렉 걸리지 않는 사양,윈10 프리징? 해결방법 아시는분..ㅠㅜ
메소 등업,2,7,1,11,7,0,0,0,0,0,아이템,1.0,1.0,2.511849254206217,메린이 에디 레전 천장 어떻게 하는게 좋을까요,카에유잠 사기 vs 에디 메소 등업,"에디 레전 천장 60개 남았는데, 진로 조언 부탁드립니다!"
미트라 윗잠,2,7,1,8,7,0,0,0,0,0,아이템,1.0,1.0,2.511849254206217,헥환 8만 목표 과금 어느정도 해야할까요?,챌섭뉴비 템 가이드 부탁드립니다ㅠ,추후 어떻게 스펙업할지 궁금해요
보스장신구,1,7,1,9,7,0,0,0,0,0,아이템,1.0,1.0,2.511849254206217,전투력 2천만 뉴비입니다. 템세팅 질문있습니다.ㅠㅠ,뉴비 아이템 셋팅 질문 두개만 부탁드립니다.,샤타포스 관련 질문드려요
얻는,1,7,1,9,7,0,0,0,0,0,아이템,1.0,1.0,2.511849254206217,햄들 스펙업 조언좀 부탁드림다...,제네시스 무기 잠재 질문입니다.,첼섭 구 마라벨 헤어 질문
장신구 여명,2,7,1,8,7,0,0,0,0,0,아이템,1.0,1.0,2.511849254206217,템세팅 조언 부탁드립니다,뉴비 아이템 셋팅 질문 두개만 부탁드립니다.,챌섭뉴비 블큐 화에큐 어디다 써야할까요
제네패스플러스,1,7,1,8,7,0,0,0,0,0,아이템,1.0,1.0,2.511849254206217,렌 무보엠 옵션 고민이있습니다!,나로 제네패스플러스로 받는 코인으로 보조 윗잠 돌릴까요?,제네패스 플러스 사는거 굳이일까요??
직작하,1,7,1,8,7,0,0,0,0,0,아이템,1.0,1.0,2.511849254206217,에디 레전 천장 사용처가 고민입니다....,챌 유입 제논 템셋팅 및 템업글 직작 조언 부탁드림다!,뉴비 보조는 그냥 사는 게 낫나요??
환불,1,7,1,8,7,0,0,0,0,0,아이템,1.0,1.0,2.511849254206217,제네플 잠재 더이상 건들지말고 환불 돌릴까요 ?,대적자큐브 질문합니다!,카루타 11성 9퍼 공10 둘둘
해방인데,1,10,3,13,7,1,0,0,0,2,퀘스트,0.1,0.47810749916569,2.50919972832923,카레잠 카에유잠 제네무기에 쓰는거 괜찮죠?,제네시스 패스 도전보스 질문,"형들 제네무기랑, 제 매생 진로좀 봐주세요"
챌섭유입,1,9,4,13,7,0,1,0,0,1,아이템,0.7777777777777778,0.4696885080455926,2.509012110619291,안녕하세요 챌섭유입 뉴비입니다.,챌섭 유입 뉴비 질문 하나만 드립니다.,형님들 이번 챌섭유입 메린이 제네 윗잠 질문드립니다!
메이린 배율,2,10,4,15,7,1,0,1,0,1,퀘스트,0.1,0.41024905284661484,2.507193186112691,메린이 하드 메이린 배율 105인데 못잡겠습니다..,하드 메이린 배율 좀 올려서 도전하고 싶은데,메린이 질문!!
결정석,1,8,3,16,1,0,2,0,0,5,몬스터,0.25,0.6106318028363579,2.5053575719001464,보조격 분배 질문,검마 결정석이 없어요,일보 챙겨잡는게 좋나요?
노멀,1,8,3,11,1,0,2,0,0,5,몬스터,0.25,0.6106318028363579,2.5053575719001464,부캐 레테 노멀 진힐라돌이까지만 키워려하는데요 시드링 질문점,메린이 제네 패스 질문,노칼 딜배율 200% 목표 / 18에테 교체 순서 및 칠흑·엠블 문의
미래,1,9,2,11,8,0,0,1,0,0,아이템,0.8888888888888888,0.6358028818644074,2.5039885571300027,챌섭 챌린저 찍었는데 미래 고민되네여,에테 윗잠 33% 숄더 리턴작 할까요?,코디충의 희대의 자석펫 고민입니다.
아이템 버닝,2,13,2,16,8,0,0,2,0,3,직업,0.15384615384615385,0.4261710200070567,2.5021083614451882,"안녕하세요 메쌤, 메형님들 뉴비 질문 몇 가지만 해도 될까요?",살짝 과부화 오는데 방향성 한번만 잡아주실분..?,[뉴비] 메짱이형님들 템진로 조언 부탁드립니다
4셋,1,16,0,18,15,0,0,1,0,0,아이템,0.9375,0.7659894122068611,2.5017123840632363,칠흑 보통 얼마정도 하나요?,뉴비 50억으로 뭐해야 할 까요 ?,30억 있는데 템 어떻게 보강해야할까요??
복귀한,1,26,1,27,13,1,0,3,1,8,직업,0.11538461538461539,0.2564800414868144,2.5011409251729018,아델 보조 윗잠 이렇게 떴는데 얼마정도 할까요,4만 메린이 템세팅 질문 드립니다,데브펜 18성 쌍레
중인데,1,22,1,23,12,0,0,2,1,7,아이템,0.5454545454545454,0.31993273387838334,2.499623874367031,챌섭 쌩뉴비 여러 가지 질문 드립니다 !,전투력 1억5천 메린이 다음 스펙업을 도통 못잡겠어요 ㅠㅠ,스펙업 질문 하드 메이린 깨고싶습니다
키웠는데,1,10,3,13,3,0,0,2,0,5,직업,0.2,0.4724440777696962,2.4995856404254324,도시섭이랑 시골섭 차이 심함?,복귀 뉴비 진짜 망했어요,6월말 유입 뉴비 현실적인 조언 부탁드립니다
받아서,1,20,0,20,16,0,0,1,0,3,아이템,0.8,0.6419770196314614,2.499517939247109,제네무기 어디를 건드려야 될까요?,메린이 에디 레전 천장 어떻게 하는게 좋을까요,보스방 드랍율이랑 일반 맵 드랍율이 다른가요?
있을,1,20,1,21,13,0,2,1,0,4,아이템,0.65,0.3582928628227333,2.4976377999922748,템 가성비 셋팅 질문,메린이 한 100억정도 생기면,렌 하세 환산 118.7% 로 1초 남기고 잡게될 것 같은데...
자본,1,14,1,17,8,0,0,3,0,3,직업,0.21428571428571427,0.5269674105733286,2.4974875954079545,칠흑 아랫급에 별누르는건 요새 별로임?,4여명 5칠흑으로 7~8만 될까요?,챌섭 유입 질문 한개 해도 되겠습니까
좋게,1,13,0,13,12,0,0,0,0,1,아이템,0.9230769230769231,0.892403539927027,2.4970807163171407,챌섭 호영 템셋 질문,"메린이 오늘 첫 해방했는데, 잠재 돌리고 남은 블랙큐브는 어디에 쓰는게 좋나요?",메린이 템셋 조언 부탁드립니다.
남은 대적자 코인,3,7,2,9,6,0,0,0,0,1,아이템,0.8571428571428571,0.8057118021740804,2.49620836714719,남은 대적자 코인 어디에 터는게 정배일까요,복귀 중고뉴비 대적자 코인 뭐에 써야할까요?,해방무기 추옵 VS 에디
안사고,1,7,2,11,6,0,0,0,0,1,아이템,0.8571428571428571,0.8057118021740804,2.49620836714719,제네패스 지금 사도 되나요?,"메린이 오늘 첫 해방했는데, 잠재 돌리고 남은 블랙큐브는 어디에 쓰는게 좋나요?",선생님들 도미 안사고 바로 고근 가도 되나요?
엄청,1,27,1,31,13,0,1,3,2,8,직업,0.1111111111111111,0.24030425133033254,2.4961848379008553,챌린저 찍어보고 싶은데 여기서 뭘 더 해야 할까요?,챌섭 쌩뉴비 여러 가지 질문 드립니다 !,뉴비 제논 진로 방향 알려주실분
전승,1,8,4,14,7,0,0,0,1,0,아이템,0.875,0.529699816803824,2.491967841412316,아스트라 전승 하는법?,전승주문서 관련해서 질문있습니다!,5줄 보조 아스트라 전승 시켜도 되나요?
생각입니다,1,38,0,41,26,1,3,2,0,6,아이템,0.6842105263157895,0.35971408241237324,2.4906981810141677,와헌 템셋팅 질문 드립니다.,"익스우, 노흉 목표 템 진로 질문좀요",메이플 지금 복귀 괜찮음?
관세,1,16,1,21,12,0,0,0,2,2,시세,0.125,0.45491831957593415,2.489629673626296,유챔 하드 세렌급 보조 스펙 질문 있습니다!,쿨뚝 샀는데 괜찮게 산걸까요?,챌섭리프
영상,1,29,0,33,8,0,5,2,0,14,몬스터,0.1724137931034483,0.4631487466050013,2.4882288429675974,펫 아무거나 사도 되나요?,메이플 쌩뉴비 질문드려요...,배율20퍼차이나는데 딜이 똑같은데 뭐가문제일까요
플위,1,9,2,12,1,0,0,3,0,5,직업,0.3333333333333333,0.625408625680012,2.4880776556184836,본캐 데티해방까지 본캐만 쭉 투자해도되나요?,자전 질문,히어로 플위
앱솔,1,14,1,17,12,0,1,1,0,0,아이템,0.8571428571428571,0.5208518946962136,2.4874851389463064,복귀메린이 유챔 세렌정도 잡을템셋 조언 부탁드립니다!,템세팅 조언 부탁드립니다,선생님들 이런 추옵도 팔릴까요?
보공공,1,12,3,17,8,0,0,1,1,2,아이템,0.6666666666666666,0.36881297259639423,2.4855465846791276,아란 / 보공공 보보보 뭘 선택해야 할까요?,2추13퍼 보공공/공공X,렌 제네무기 공공공 vs 보공공
보니,1,19,0,20,14,0,0,0,0,5,아이템,0.7368421052631579,0.6593150736496712,2.4854318590634685,메린이 방향성이 잘못된걸까요? 현실조언 부탁드립니다,제네 무기 관련 질문!,제네무기 추옵 질문 있습니다
코어,1,11,4,25,2,0,1,2,0,6,직업,0.18181818181818182,0.3484447544693545,2.484305535548869,챌섭 쌩뉴비 여러 가지 질문 드립니다 !,질문드립니다.,형님 누님들 알려주세요 ㅠㅠ
되면,1,21,1,23,10,0,2,1,0,8,몬스터,0.09523809523809523,0.33051350287685577,2.4839400903410285,칠흑 아랫급에 별누르는건 요새 별로임?,메린이 보스 보상 질문있습니다,님들 저 메린인데 윌 1페 이거 버근가요?
성장,1,9,3,15,4,0,0,2,0,3,직업,0.2222222222222222,0.5235507857662806,2.4835426589683327,템 가성비 셋팅 질문,성장 방향 조언 부탁드려요,하이퍼버닝 비약 사용 질문
이런건,1,13,2,15,6,0,0,0,1,6,기타,0.46153846153846156,0.415437412686539,2.483277065444654,울티마 카오스 2-3 뻉뻉이 해도됨?,울티마 스쿼드 코인샵 본섭 실수,1분 동꼽은 제재 위험 없나요?
메이린 잡고,2,8,3,11,4,0,0,0,0,4,기타,0.5,0.5913081818747175,2.4752994419119525,하드 메이린 잡고 챌달고싶은데 뭘 건드려야할지 막막합니다.. ㅠㅠ,하드 메이린 잡고 싶은데 스펙업 방향을 알려주세요!,렌 스펙업 도움 부탁드려도 될까요?
주보,1,18,1,19,9,1,0,0,0,8,기타,0.4444444444444444,0.3905306111506314,2.472862524346981,제네플 큐브 및 카르마 큐브 사용처 질문드립니다!,하드 메이린 잡고 싶은데 스펙업 방향을 알려주세요!,무자본 하드메이린 방향 추천 부탁드립니다.
기존,1,42,0,44,19,0,2,2,2,17,기타,0.40476190476190477,0.314912931512289,2.472825335065491,2분 설치기 직업,챌섭에서 챌린저 찍은 뉴비인데,헥환 7만 중반 ~ 8만 목표 레테 템세팅 조언 부탁드립니다.
있었는데,1,14,1,15,6,0,0,3,0,5,직업,0.21428571428571427,0.5095136866945124,2.468940516682383,2분 설치기 직업,오늘 썬데이 메이플 솔에르다 주는거 278레벨 25개 받는거 맞지?,18성 주문서 어디에 쓰나요?
도핑,1,10,1,11,2,0,4,1,0,3,몬스터,0.4,0.7027724893807329,2.4660603309505125,경험치 도핑 질문드립니다,뉴비 하드메이린 찐모,메린이 제네 패스 질문
한데,1,36,0,37,22,0,2,1,1,10,아이템,0.6111111111111112,0.3655748872796469,2.4654894107675975,렌] 아스트라 보조무기 전승해도 될까요?,"이터널 플레임 링, 테네브리스 원정대 반지, 어웨이크 링 3개 있는데",지난주에 챌섭 시작한 뉴비인데 제네시스 패스 사도 되나요?
2차,1,7,2,11,2,0,0,0,0,5,기타,0.7142857142857143,0.7834128302331012,2.4653823625373543,아스트라 보조 질문입니다,그 메린이인데 챌섭유저 월드리프 언제하나요 ??,"모멘텀패스 1차, 2차 각각 다른 캐릭터에 지정 가능한가요?"
280까지,1,10,1,11,2,0,0,4,0,4,직업,0.4,0.7018336909916849,2.4647007051165097,메이플 쌩뉴비 질문드려요...,사우나 어디에 쓰는게낫나요?,레테 유입 질문하나만 받아주십쇼~
있는데요,1,14,2,16,8,0,1,0,0,5,아이템,0.5714285714285714,0.36881961784650363,2.464271838552929,환산 질문,뉴비 칠흑 질문있어요,메짱이 선생님들 아버 이후에 질문있습니다. 17에테 VS 18아케인(+27여명)
렌이,1,9,1,11,4,0,0,4,0,1,직업,0.4444444444444444,0.7709191522662809,2.4628121316548532,대적자 코인 사용에 대해 질문합니다,대적자 코인 쓸 곳 질문드립니다.,레테 윗잠 올이탈 보조(보방마) 쭉가져갈만 한가요?
오류,1,5,4,12,1,0,0,0,0,4,기타,0.8,0.8526665699072489,2.4611537428479555,넥슨링크 pc조작 오류 왜이럴까요,마네킹 오류,전투력 오류?
울티마 스쿼드,2,5,4,10,1,0,0,0,0,4,기타,0.8,0.8526665699072489,2.4611537428479555,님들 울티마 아이템 분해 질문좀...,울티마 스쿼드 질문,울티마 스쿼드 코인샵 본섭 실수
하는거,1,20,1,21,13,1,1,1,0,4,아이템,0.65,0.3342751051787562,2.4534737901498116,제네무기 고민중인데여..,궁금해서 그러는데 유챔나온게 왜 다들 별로라는거야?,보조무기 추천
확인,1,11,1,15,5,0,0,0,0,6,기타,0.5454545454545454,0.6345293401550158,2.453124894090642,노칼 딜배율 200% 목표 / 18에테 교체 순서 및 칠흑·엠블 문의,제네시스 패스 구매 후 미활성화로 인한 흔적 복구 해보신 분 있으실까요?,선생님들 리레 4랑 3이랑 차이 큰가요?
나옵니다,1,32,0,32,22,0,3,1,0,6,아이템,0.6875,0.40268338408881726,2.4522465294049707,100억 정도 있는디,보마 카링1페 질문 있습니다,제네무기 어디를 건드려야 될까요?
키우고있는데,1,12,1,13,8,0,0,0,0,4,아이템,0.6666666666666666,0.5802430494260673,2.4480458317572458,100억으로 템세팅 질문,선생님들이라면 이 예전 미해방 본캐 어케 처리하실건가요?,챌린저스섭 진로가 궁그미합니다!
모두,1,24,0,26,16,0,0,1,0,7,아이템,0.6666666666666666,0.5209972243114651,2.4479505975139055,메린이 많이 성장했지만 다시 막막해짐..,[질문] 복귀 유저 아버 이후 에테르넬 17성 풀셋 질문,이번 챌섭 유입 메린이 제네시스 무기 잠재능력 질문 있습니다
좋음,1,8,2,11,6,0,0,0,0,2,아이템,0.75,0.6746376658839944,2.446138175979525,템 가성비 셋팅 질문,22성 에테 뚝배기 공6리턴 완작 질문드립니다,이벤링 잠재 질문
드랍템,1,6,3,11,5,0,0,0,0,1,아이템,0.8333333333333334,0.775574796284227,2.4460242302416453,"월비, 목비, 금비 표창들 드랍몹",드랍템 먼저 맞출까요 스펙업을 먼저 할까요,챌섭 보조무기 질문입니다
메선생님들,1,6,3,9,5,0,0,0,0,1,아이템,0.8333333333333334,0.775574796284227,2.4460242302416453,메선생님들 미트라질문드립니다.,"메린이 남은 대적자 큐브, 코인 어떻게 쓰는게 좋을까요?",메선생님들 질문 있습니다.
미라클 타임,2,6,3,9,5,0,0,0,0,1,아이템,0.8333333333333334,0.775574796284227,2.4460242302416453,메린이 챌섭 미라클 타임 문의,미라클 타임.. 엠블 vs 하트,챌섭 뉴비입니다! 이번에 미라클 타임 때 뭐 할까요??
사는거,1,6,3,9,5,0,0,0,0,1,아이템,0.8333333333333334,0.775574796284227,2.4460242302416453,메린이 챌린저 달았는데 이제 세팅 뭐부터할까요?,챌린저스 패스 지금 사도 되나요??,제네패스 플러스 사는거 굳이일까요??
올이탈,1,6,3,9,5,0,0,0,0,1,아이템,0.8333333333333334,0.775574796284227,2.4460242302416453,보공 과다 질문,레테 윗잠 올이탈 보조(보방마) 쭉가져갈만 한가요?,아케인 해적 장갑 크크올 올이탈 시세좀 알려주실분...
미분,1,8,2,10,6,0,0,0,2,0,시세,0.25,0.6744449701201086,2.4458567058597533,햄들 스펙업 조언좀 부탁드림다...,드드 드메 템 맞출라고 하는데,눈장 질문
위해,1,17,1,19,12,1,0,1,0,3,아이템,0.7058823529411765,0.4001783616822315,2.444296734498576,에테 18성 직작 vs 완작사기,선생님들 카웅 선행퀘 질문있습니다!,잠재 좀더 돌려야될까요?
하는데요,1,23,1,25,14,0,2,3,1,3,아이템,0.6086956521739131,0.27334994093822074,2.4441388951830576,챌섭 챌린저 목표 템셋팅 관련 질문입니다.,4여명 5칠흑으로 7~8만 될까요?,스펙업 질문
제네시스 패스 플러스,3,7,4,12,5,1,0,0,0,1,퀘스트,0.14285714285714285,0.5843556088381597,2.4426494900298534,메린이 에디 레전 천장 어떻게 하는게 좋을까요,제네시스 패스 플러스 살까요?,제네시스 패스 플러스 뭐 사야되나요?
가치,1,10,3,14,7,0,0,0,1,2,아이템,0.7,0.4345479292237738,2.435254050409263,솔 에르다 3개의 가치가 어느정도인가요?,모멘텀 패스 가치 있나요?,복귀뉴비라서 아이템 가격 질문 드립니다
진로상담,1,6,6,12,4,0,0,0,0,2,아이템,0.6666666666666666,0.5802430494260673,2.43505975738391,지금의 조건으로 어느정도 맞춰야할까요 진로상담 부탁드립니다,이번 챌섭이 본캐인데 진로상담 요청합니다!,복귀쌩뉴비 템 진로상담(사실상 황무지에서 재건) 질문
블래스터,1,6,2,9,1,0,0,4,0,1,직업,0.6666666666666666,0.8822330593140968,2.4349041081781047,챌섭 유입 블래스터 챌린저 템세팅 질문드려요,블래스터 매그팡도 안됨,복귀유저 직업 네개중에 뭐가 괜춘할까요?
시작하면,1,11,3,14,3,0,1,1,0,6,기타,0.5454545454545454,0.3820829535578401,2.431325968300545,꼭 챌린저스나 하이퍼버닝으로 키워야 하나요 ?,지금 시작해도 괜찮을까요? + 직업 고민,지금 시작하면 챌 가능할까요
한달,1,13,1,14,8,0,0,0,0,5,아이템,0.6153846153846154,0.5251357085151203,2.430939636890711,챌섭 스펙업 어떻게 할까요? 미트라? 보장?,챌섭 아케인 쌍크 장갑 팔아야되나요 ? 메린이 템세팅 방향성 한번 잡아주시면 감사하겠습니다.,여명셋 질문 있습니다!
리프할,1,6,2,9,1,0,0,0,0,5,기타,0.8333333333333334,0.8785546643518372,2.4301456437781797,안녕하세요 이번에 처음 시작한 뉴비인데 리프할 서버 추천해주시면 감사합니다!,복귀뉴비라서 아이템 가격 질문 드립니다,링크 어떻게들 쓰시나요 선생님들 ?
퇴근하고,1,6,2,8,1,0,0,0,0,5,기타,0.8333333333333334,0.8785546643518372,2.4301456437781797,"헥사스킬올리기, 야누스30조각 모으기",저도 유튜브보면서 재획하고싶은데,지피방? 원격피시방? 질문있습니다
헥사2,1,6,2,8,1,0,0,0,0,5,기타,0.8333333333333334,0.8785546643518372,2.4301456437781797,헥사2 옵션선택 질문,템세팅 조언 좀 부탁 드립니다..,레테 헥사스텟3 질문 있어요
판매,1,10,4,16,5,0,0,0,1,4,시세,0.1,0.3655394161309014,2.427706732070447,MVP작 할 때 질문,메쌤 도와줘요,안녕하세요 선생님들 템 진로 고견좀 여쭙습니다
부탁드림다,1,7,5,12,6,0,1,0,0,0,몬스터,0.14285714285714285,0.5183300630449865,2.4272018797217907,대장장이 고견 나눠주실 메짱엉아들?,5테르넬..? 6테르넬..? 본캐세팅 추천 부탁드림다,카링 3페 질문점요!
18성 주문서,2,8,1,14,7,0,0,0,0,1,아이템,0.875,0.8287131132142378,2.4268162150553745,헥환 7만 중반 ~ 8만 목표 레테 템세팅 조언 부탁드립니다.,18성 주문서 어디에 쓰나요?,4아케인3에테 질문!!
상급,1,8,1,9,7,0,0,0,0,1,아이템,0.875,0.8287131132142378,2.4268162150553745,하트 업그레이드 모듈 질문있습니다,큐브 어디다 써야할 지 추천 부탁드려요,플하 업글 모듈 사서 리프 되나요?
여명 보장,2,8,1,9,7,0,0,0,0,1,아이템,0.875,0.8287131132142378,2.4268162150553745,하메 도전 메린이 인데 템셋 질문있슴다,"익스우, 노흉 목표 템 진로 질문좀요",헥환 7만 중반 ~ 8만 목표 레테 템세팅 조언 부탁드립니다.
유니크 레전,2,8,1,9,7,0,0,0,0,1,아이템,0.875,0.8287131132142378,2.4268162150553745,뉴비 보조무기 질문,메린이 챌섭 미라클 타임 문의,제네무기vs미트라 미라클때 등업 머할까요
이터널,1,8,1,10,7,0,0,0,0,1,아이템,0.875,0.8287131132142378,2.4268162150553745,"이터널 플레임 링, 테네브리스 원정대 반지, 어웨이크 링 3개 있는데",이벤링 레잠 관련,뉴비 아이템 셋팅 질문 두개만 부탁드립니다.
하프이어링,1,8,1,9,7,0,0,0,0,1,아이템,0.875,0.8287131132142378,2.4268162150553745,하프이어링 가위가 안써지는데 왜이럼?,드메템 맞추는게 이득일까요?,드메템 효율
생각하고,1,28,0,30,19,0,0,2,1,6,아이템,0.6785714285714286,0.44123398528962815,2.426530594350276,유챔 하드 세렌급 보조 스펙 질문 있습니다!,메린이 본캐 고민,메린이 에디 레전 천장 어떻게 하는게 좋을까요
모상하,1,11,1,12,10,0,0,0,1,0,아이템,0.9090909090909091,0.6167117051816743,2.4263839339664393,뉴비 아버 템 대체질문,18에테 22아케인 질문있습니다,에테 모상하 잠재 질문!
완작,1,11,1,16,10,0,0,0,1,0,아이템,0.9090909090909091,0.6167117051816743,2.4263839339664393,아흐... 펫장비 이전 줌서에 대한 글은 많은데...,22성 에테 뚝배기 공6리턴 완작 질문드립니다,메린이 도움 부탁드립니다 보마 300억 템세팅
주흔,1,12,1,16,10,0,0,0,1,1,아이템,0.8333333333333334,0.5661916734555994,2.426278033197745,주흔 15% 작하려는데,작을 새로 해주는게 나을까요?,전투력 2천만 뉴비입니다. 템세팅 질문있습니다.ㅠㅠ
메짱형님들,1,10,5,16,6,0,0,1,1,2,시세,0.1,0.3156246688608257,2.425242736501789,챌섭 뉴비 방향성 조언 부탁드려요 메짱형님들,검마 결정석이 없어요,메짱형님들 환산주스탯 헥사코어순서 어떻게보는건가요?
링크3렙,1,6,3,10,0,0,0,3,0,3,직업,0.5,0.7600351533379034,2.4246168847129996,챌섭>본섭 리프 (유챔x) 헥환 상승 큰가요?,챌섭 환산 차이,챌섭 링크3렙 관련
리프해서,1,9,1,11,3,0,0,0,0,6,기타,0.6666666666666666,0.7431724270758142,2.424224841362507,대적자큐브 사용처 질문,리프 관련,챌섭에서 전투력 1억이면 리프해서 본섭가면 전투력 얼마쯤 오르나요?
아이디,1,9,1,13,3,0,0,0,0,6,기타,0.6666666666666666,0.7431724270758142,2.424224841362507,이메일 변환 명의이전 질문 잘아시는분만,해방 / 보스도전 질문이요,메린이 하드메이린킬 위한 스펙업 조언부탁드려요
가는게 맞을까요,2,9,2,11,6,0,0,0,0,3,아이템,0.6666666666666666,0.5802430494260673,2.4189409109838484,18에테 22아케인 질문있습니다,5석펫가는게 맞을까요 풀드메 가는게 맞을까요....ㅠ,렌에서 레테로 본캐를 바꾸려는데
알려주시면 감사하겠습니다,2,41,0,41,23,0,3,0,3,12,아이템,0.5609756097560976,0.2934532048301485,2.41725037318245,헥환 4.5 이후 템셋팅 질문.,성형헤어장비 정보 찾고싶은데 아는분 있을까요,잠재 좀더 돌려야될까요?
공6,1,12,0,13,11,0,0,0,0,1,아이템,0.9166666666666666,0.8837590539486351,2.415873287518952,유챔 하드 세렌급 보조 스펙 질문 있습니다!,22성 에테 뚝배기 공6리턴 완작 질문드립니다,미라클 어디에 질러야 할까요?
띄워서,1,12,0,12,11,0,0,0,0,1,아이템,0.9166666666666666,0.8837590539486351,2.415873287518952,화에큐 사용처 질문,챌섭 파풀마 사려는데 고민이에요!,메린이 내 캐릭이 왜 약한지 모르겠어요
상하,1,12,0,13,11,0,0,0,0,1,아이템,0.9166666666666666,0.8837590539486351,2.415873287518952,에테 18성 직작 vs 완작사기,제논 5에테,아버 에테로 바꾸려는데
찐뉴비,1,5,5,10,3,0,0,2,0,0,직업,0.4,0.7533915283800685,2.415191686378235,찐뉴비 아란 60억 모았음.. 템셋 추천좀 해주십쇼,찐뉴비 지금이라도 시작해볼까하는데 추천좀요!,찐뉴비 앞으로 스펙업 계획..챌가능할까요
시작,1,11,4,15,2,0,1,1,1,6,기타,0.5454545454545454,0.31075449226357904,2.4148669273124166,챌린저 찍고싶은 메린인데 향후 템셋팅 어떻게 해야하나요?,안녕하세요...메이플 시작 3주차인데..,지금 챌섭시작하기엔 늦음?
등급,1,16,2,24,6,1,0,1,1,7,기타,0.4375,0.2814144325614714,2.4135403951241425,엠작 질문,메린이 많이 성장했지만 다시 막막해짐..,챌섭 뉴비 방향성 조언 부탁드려요 메짱형님들
메m,1,6,5,14,0,0,0,1,0,5,기타,0.8333333333333334,0.6121991411650903,2.411762074356678,메m 넥슨플러그로 하시는 분??,메m 어제부터 갑자기 약해졌어요,메m 250작 질문!
루나,1,11,2,22,4,0,0,0,1,6,기타,0.5454545454545454,0.4594083014308887,2.4108632274361783,도시섭이랑 시골섭 차이 심함?,루나 크리스탈 키 평소 시세가 10억 쯤 될까요?,메린이 서버 고민입니다
고견,1,15,2,18,8,0,0,1,1,5,아이템,0.5333333333333333,0.30731755317425485,2.4096403503762542,대장장이 고견 나눠주실 메짱엉아들?,메이플 늦은 유입 뉴비 현시점 제네패스 질러도 될까요?,메이플 그래픽설정 의견주시면 감사하겠습니다.
재획비,1,10,2,13,6,0,0,0,0,4,아이템,0.6,0.5090213057352097,2.4055327021312145,친구가 자꾸 보스에서 이상한 물약이뜬다고하는데 뭔지좀 알려주실분 도저히 모르겟음,메제 채우고 계속 사냥하실때 재획비 드시나요?,드메템 맞추는게 이득일까요?
무기 해방,2,7,3,11,5,0,0,0,0,2,아이템,0.7142857142857143,0.6334194966998262,2.4046033663776587,챌린저스 서버 저번주에 알아서 이제 시작하는데 제네시스 무기 해방 될까요??ㅜㅜ,챌섭 뉴비입니다! 이번에 미라클 타임 때 뭐 할까요??,메린이 제네시스 무기 질문해봅니다
주흔작,1,7,3,10,5,0,0,0,0,2,아이템,0.7142857142857143,0.6334194966998262,2.4046033663776587,하드 메이린 잡고 챌달고싶은데 뭘 건드려야할지 막막합니다.. ㅠㅠ,아케인 쌍크 장갑을 만들었는데,주흔작? 이번 유입입니다
예산,1,15,0,16,12,0,0,0,0,3,아이템,0.8,0.7343719051785197,2.404349992233743,[질문] 복귀 유저 아버 이후 에테르넬 17성 풀셋 질문,미트라 vs 에테 장갑 고민 추천 부탁드립니다.,메린이 템 방향 조언 부탁드립니다 젭알
한줄,1,15,0,16,12,0,0,0,0,3,아이템,0.8,0.7343719051785197,2.404349992233743,님들 이거 팔아야되나요?,제네 방향성 도움 바랍니다,보조무기 추천
섀도어,1,7,2,15,2,0,0,3,0,2,직업,0.42857142857142855,0.7374814937598231,2.401887077032322,섀도어 뚝,어려운 직업 위주로 하시는 분 있나요,검마 솔격 문의용
아니고,1,21,0,21,6,0,0,2,0,13,기타,0.6190476190476191,0.5536262121168152,2.401162289151674,제네 검마,놀긍 파풀마 너무 잘붙었는데요,수로랑 플래그 돌아도 오프접하면 안되는 이유가 궁금해서 질문을 합니다아
손이,1,11,1,13,4,0,3,1,0,3,몬스터,0.2727272727272727,0.5998200568790162,2.4010327078149745,검마 배율 181%인데 이거 잡히는거 맞나요..?,블랙보조12/60 아랫잠 고민,여기서 스팩업을 어떤 방향으로 잡아야 할까요?
1초,1,9,1,11,3,0,3,0,0,3,몬스터,0.3333333333333333,0.725183014242492,2.399207017081508,렌 하세 환산 118.7% 로 1초 남기고 잡게될 것 같은데...,[질문] 복귀 유저 아버 이후 에테르넬 17성 풀셋 질문,형들 이거 얼마에 팔릴까요? 법사에테뚝
노말세렌,1,9,1,11,3,0,3,0,0,3,몬스터,0.3333333333333333,0.725183014242492,2.399207017081508,대적자 큐브,챌섭 뉴비 2가지 질문 (대적자+헥사순서),이번 모멘텀 패스 및 경험치 BM류 관련 질문입니다
시그너스,1,7,4,12,1,0,0,1,2,3,시세,0.2857142857142857,0.5560784916420449,2.399053793764887,무자본 하드메이린 방향 추천 부탁드립니다.,메린이) 시그너스 광휘 쌍레 4줄 시세 챌섭전에 얼마정도였나요?,4주차 뉴비 앞으로 진로방향좀 가르쳐주세요!
보조 가격,2,5,4,10,3,0,0,0,2,0,시세,0.4,0.8055743630341347,2.3985946385345778,복귀유저 아델 보조 가격 질문,레테 보조 가격 질문,템셋계획좀 봐주실수 있을까요??
3에테,1,10,0,11,10,0,0,0,0,0,아이템,1.0,1.0,2.3978952727983707,챌섭에서 챌린저 찍은 뉴비인데,18아케인에서 스팩업 질문 있습니다,메짱이 선생님들 아버 이후에 질문있습니다. 17에테 VS 18아케인(+27여명)
깡통 사서,2,10,0,10,10,0,0,0,0,0,아이템,1.0,1.0,2.3978952727983707,미라클때 에테장갑 만들어볼까요?,템 방향성 고민이 너무 됩니다,메린이 렌 보조 윗잠 두줄 매물 사도 되나요?
에잠,1,10,0,11,10,0,0,0,0,0,아이템,1.0,1.0,2.3978952727983707,핵환 4.4 도미먹었는디,"뉴비 챌섭이후 본섭 준비 질문,평가해주세요",혹시 미라클때 올릴만한게 있을까여
운이,1,10,0,10,10,0,0,0,0,0,아이템,1.0,1.0,2.3978952727983707,"메린이 오늘 첫 해방했는데, 잠재 돌리고 남은 블랙큐브는 어디에 쓰는게 좋나요?",메린이 템셋 조언 부탁드립니다.,미트라 판매 vs 들고가기 (메고수님들 도와주세요ㅠㅠ)
윗잠 3줄,2,10,0,13,10,0,0,0,0,0,아이템,1.0,1.0,2.3978952727983707,제네패스 plus 코인들 어따 쓸가요,"레테 추옵, 잠재 이상태면 대적자코인 어디에 쓰는게 좋을까요?",대적자 코인 사용처 질문
고민인데,1,12,1,13,9,0,0,1,0,2,아이템,0.75,0.5462431539289575,2.3953746287533084,유챔 하드 세렌급 보조 스펙 질문 있습니다!,메린이 해방무기 윗잠 질문,조각 사용처 질문합니다 ! (스펙업 관련)
레전잠재,1,10,2,16,9,1,0,0,0,0,퀘스트,0.1,0.5017609522220732,2.393958963749586,챌섭뉴비 템 가이드 부탁드립니다ㅠ,뉴비 해방이후 스펙업 방향성 검토 부탁드리겠습니다,챌섭 다이아 찍었는데요 하트질문
투자해서,1,12,2,16,6,0,2,3,0,1,직업,0.25,0.4030628309893734,2.3924429848071314,템환 6.4 헥환 5.3 캐릭 버리려고하는데요,보통 22성 도전자셋은 환산 몇만까지 끼나요?,본캐를 올릴가요 버린 부캐를 살릴까요
아니,1,8,3,11,1,0,1,0,0,6,기타,0.75,0.5379338328703592,2.392274985802354,메이플 미리보기 나만 이상함??,메이플 초고사양겜이네,님들 저 메린인데 윌 1페 이거 버근가요?
이어링,1,9,2,12,8,0,0,0,1,0,아이템,0.8888888888888888,0.5627845249519323,2.3922164529258074,챌섭 챌린저 목표 템셋팅 관련 질문입니다.,혹시 에스텔라 이어링 18성 hp 33퍼도 팔리나요?,3주늦은뉴비 템진로 훈수 제발 부탁드립니다
다름,1,12,3,15,5,1,0,2,0,4,직업,0.16666666666666666,0.3158615819103014,2.389395283581958,본캐 추천 부탁드리겠습니다....,헥환 4.5 이후 템셋팅 질문.,안녕하세요 메린이인데 질문있습니다.
빨리,1,19,1,23,9,0,2,3,0,5,직업,0.15789473684210525,0.3204927912750255,2.3892186359098133,레테 하드 메이린 까지 가야되는데 템상담 좀 해주세요,님들 저 메린인데 윌 1페 이거 버근가요?,제네 플러스 코인 뭐돌릴까요?
머리,1,13,1,21,6,2,1,0,0,4,퀘스트,0.15384615384615385,0.4983949947701458,2.3883171603474946,카링 168배율인데 할만한가요,아버 이후 템세팅 질문...,재네패스샀는데 검마 필수인가요?
좋고,1,10,1,11,6,0,0,3,0,1,직업,0.3,0.6486412179418282,2.3876640789603565,템 가성비 셋팅 질문,본캐 추천 부탁드리겠습니다....,체급 좋고 극딜쎈 직업 뭐 있음?
공21,1,17,0,23,14,0,0,1,0,2,아이템,0.8235294117647058,0.6518850479925119,2.387280945004253,유챔 하드 세렌급 보조 스펙 질문 있습니다!,미트라 갈아타기 질문점요,대적자코인 사용처 궁금해요
생각중인데,1,15,1,17,8,0,0,3,1,3,직업,0.2,0.4255801796121519,2.3872283406466326,다음 스펙업을 뭐 하는게 나으려나요??,하드메이린 스펙 질문,썬콜 몇만까지 괜찮나요?
258퍼,1,4,4,8,0,0,4,0,0,0,몬스터,1.0,1.0,2.386525030628171,노말 진힐라 258퍼 인데 너무 힘들어요...,,
258퍼 인데,2,4,4,8,0,0,4,0,0,0,몬스터,1.0,1.0,2.386525030628171,노말 진힐라 258퍼 인데 너무 힘들어요...,,
노말 진힐라 258퍼,3,4,4,8,0,0,4,0,0,0,몬스터,1.0,1.0,2.386525030628171,노말 진힐라 258퍼 인데 너무 힘들어요...,,
대적자 코인 사용처,3,4,4,8,4,0,0,0,0,0,아이템,1.0,1.0,2.386525030628171,대적자 코인 사용처 질문,대적자 코인 사용처 추천부탁드립니다,대적자 코인 사용처 관련 질문드립니다
대적자 큐브 사용처,3,4,4,8,4,0,0,0,0,0,아이템,1.0,1.0,2.386525030628171,남은 대적자 큐브 사용처,대적자 큐브 사용처 질문있습니다 !,대적자 큐브 사용처
어디다 써야할까요,2,4,4,9,4,0,0,0,0,0,아이템,1.0,1.0,2.386525030628171,대적자 코인 어디다 써야할까요?,제네패스 플러스 코인 어디다 써야할까요?,레전 천장 어디다 써야할까요
울티마 카오스,2,4,4,8,0,0,0,0,0,4,기타,1.0,1.0,2.386525030628171,울티마 카오스 코인 캐기 좋은 라운드는?,울티마 카오스 지역 사냥 질문,울티마 카오스 진입 이후에도 아래단계에서 오토돌리는게 겸치 더 잘 오르나요?
진힐라 258퍼,2,4,4,8,0,0,4,0,0,0,몬스터,1.0,1.0,2.386525030628171,노말 진힐라 258퍼 인데 너무 힘들어요...,,
진힐라 258퍼 인데,3,4,4,8,0,0,4,0,0,0,몬스터,1.0,1.0,2.386525030628171,노말 진힐라 258퍼 인데 너무 힘들어요...,,
해방무기 잠재,2,4,4,8,4,0,0,0,0,0,아이템,1.0,1.0,2.386525030628171,해방무기 잠재 에디 뭐돌리나요,해방무기 잠재 질문,해방무기 잠재 어떻게 돌려야하나요
아티팩트,1,8,2,11,3,2,0,1,0,2,퀘스트,0.25,0.6337437759124235,2.3864045945238845,미트라 고민,챌섭>본섭 리프 (유챔x) 헥환 상승 큰가요?,지금의 조건으로 어느정도 맞춰야할까요 진로상담 부탁드립니다
이대,1,14,2,19,7,1,0,1,0,5,퀘스트,0.07142857142857142,0.3250905124618153,2.3855467811972093,제네플 잠재 더이상 건들지말고 환불 돌릴까요 ?,이번 챌섭 유입 메린이 제네시스 무기 잠재능력 질문 있습니다,레테 보조무기 옵션 질문합니다..
물약,1,10,2,16,2,0,0,3,1,4,직업,0.3,0.49540882245312406,2.3838330259451865,챌섭 3만점 찍는데 얼마나걸려요??,펫물약설정질문,뉴비 유니온에 대해 궁금해요!
나음,1,5,2,9,5,0,0,0,0,0,아이템,1.0,1.0,2.382294160597472,레테 제네무기,템먼저 사는게 나음 드메먼저 사는게 나음,엠블렘 방마마 vs 마마인
던질까요,1,5,2,7,5,0,0,0,0,0,아이템,1.0,1.0,2.382294160597472,대적자큐브 위아래?,남은 대적자 큐브 사용처,대적자 큐브 어디에 던질까요??
사야하나요,1,5,2,11,5,0,0,0,0,0,아이템,1.0,1.0,2.382294160597472,복귀 뉴비 질문...,쀼부캐 골클벨 17성 깡통을 사야하나요 15or18퍼 사야하나요?,법사 선배님들 템진로 도와주시면 감사하겠습니다
에스텔라 이어링,2,5,2,7,5,0,0,0,0,0,아이템,1.0,1.0,2.382294160597472,혹시 에스텔라 이어링 18성 hp 33퍼도 팔리나요?,메린이 헥환6만까지 스펙업 계획 좀 봐주세요,에스텔라 이어링 이거 살만한가요?
에테 아케인,2,5,2,8,5,0,0,0,0,0,아이템,1.0,1.0,2.382294160597472,선생님들 헥사환산 몇을 목표로 잡아야할까요?,헥환 7만 중반 ~ 8만 목표 레테 템세팅 조언 부탁드립니다.,칠흑 에테 아케인 노작사서 직작하려는데 효율 쓰레기인가요
여우,1,5,2,9,5,0,0,0,0,0,아이템,1.0,1.0,2.382294160597472,환호지선 여우 이펙트 펫 투명도로 조절이 안됩니다..,환호지선 사신 분들 질문,내 뒤에 나 + [마라벨]환호지선 질문
이벤링 드메,2,5,2,7,5,0,0,0,0,0,아이템,1.0,1.0,2.382294160597472,이벤링 드메 질문,챌섭 뉴비 3석 vs 장비 뭐 먼저?,이벤링 드메
준비,1,5,2,7,5,0,0,0,0,0,아이템,1.0,1.0,2.382294160597472,헥환 7만 중반 ~ 8만 목표 레테 템세팅 조언 부탁드립니다.,메린이 템 방향 조언 부탁드립니다 젭알,"뉴비 챌섭이후 본섭 준비 질문,평가해주세요"
추옵 잠재,2,5,2,7,5,0,0,0,0,0,아이템,1.0,1.0,2.382294160597472,"레테 추옵, 잠재 이상태면 대적자코인 어디에 쓰는게 좋을까요?",메린이 템셋 조언 부탁드립니다.,제네 무기 관련 질문!
템세팅 방향성,2,5,2,7,5,0,0,0,0,0,아이템,1.0,1.0,2.382294160597472,챌섭 아케인 쌍크 장갑 팔아야되나요 ? 메린이 템세팅 방향성 한번 잡아주시면 감사하겠습니다.,헥환 7만 중반 ~ 8만 목표 레테 템세팅 조언 부탁드립니다.,본캐를 올릴가요 버린 부캐를 살릴까요
현상,1,5,2,10,0,0,0,0,0,5,기타,1.0,1.0,2.382294160597472,"메이플 캐릭변경, 캐시샵 튕김현상 제발 도와주세요",화면깨짐 현상 이거 어케 고치나요,윈10 프리징? 해결방법 아시는분..ㅠㅜ
흙칠흑,1,5,2,7,5,0,0,0,0,0,아이템,1.0,1.0,2.382294160597472,"방어구, 장신구 템셋 훈수 부탁드립니다 (글삭X)",흙칠흑 18성인데 잠재질문드려요,4여명 깨고 4흙칠흑 vs 4여명 유지 2흙칠흑
60억,1,15,1,18,11,0,0,1,2,1,시세,0.13333333333333333,0.42193863603461745,2.3811303349670396,찐뉴비 아란 60억 모았음.. 템셋 추천좀 해주십쇼,아스트라 보조 질문입니다,노칼 딜배율 200% 목표 / 18에테 교체 순서 및 칠흑·엠블 문의
하려면,1,12,3,15,4,1,0,2,0,5,직업,0.16666666666666666,0.31107124101859085,2.380696786649791,챌섭 3만점 찍는데 얼마나걸려요??,유니온 250작 템셋팅 어떻게 해야할까요?,님들 282렙 86000점인데 챌 하려면
맞췄는데,1,11,2,13,7,0,0,1,0,3,아이템,0.6363636363636364,0.43961536046891414,2.3781663642750916,누비 챌린저 달수 있을까요?,보스 잡고 상자 부실때 드랍퍼 어떻게 맞추나요?,제네패스 플러스 코인 어디다 써야할까요?
생각보다,1,15,1,17,7,0,0,3,1,4,직업,0.2,0.4197736709039981,2.3775049576012206,뉴비 검마까지 방향성 조언좀....,카룻을 갈까요 에테를 갈까요?,유니온 계정 버리고 새로 키우는게 맞을까요 조언 부탁드립니다!
얼마 팔아야,2,7,1,8,3,0,0,0,4,0,시세,0.5714285714285714,0.8923192304086843,2.376610323811068,뉴비 루컨마 시세 문의 드립니다..!!!,에테 크뎀장감 추옵 197 템 판매 질문,본캐 옮길려고 하는데 템을 팔아야할지 고민됩니다.
메린인데,1,6,3,9,2,0,2,0,0,2,몬스터,0.3333333333333333,0.725183014242492,2.376604727251917,mvp작,챌린저 찍고싶은 메린인데 향후 템셋팅 어떻게 해야하나요?,첼린저섭 첼린저 찍고싶습니다 스팩업 질문드립니다
버프,1,17,1,21,2,2,1,2,0,10,퀘스트,0.11764705882352941,0.36097631767643745,2.3758615759706956,첼섭 본섭 차이,메린이 제네 패스 질문,선생님들 사전 리프 질문있습니다
오랜만,1,12,1,13,8,0,0,0,2,2,시세,0.16666666666666666,0.5329364378840242,2.3747604259191255,챌섭 블큐 화에큐 사용처 및 챌 달성 질문,복귀 뉴비인데 챌린저스에서 장신구 직작 해도 되나요?,드메템 효율
고민이에요,1,9,1,10,7,0,0,0,0,2,아이템,0.7777777777777778,0.7075235986705076,2.3746481190352813,챌섭 유입 메린이 템 진로 고민입니다 !!,챌섭 4여명5보장 18성 유에 장신구들 하나씩 19성 올리는거 비추인가요??,챌섭 파풀마 사려는데 고민이에요!
생각중입니다,1,16,0,16,12,0,0,0,0,4,아이템,0.75,0.6746376658839944,2.372302890720844,템 세팅 방향성 질문드립니다,500억 템세팅 알려주세용,에테 27 vs 30
가도,1,11,3,15,2,0,1,2,0,6,직업,0.18181818181818182,0.3484447544693545,2.3721504848317982,안녕하세요 뉴비 검마 질문드려요,저 거공 먹었는데 사용해도 되나요?,선생님들 도미 안사고 바로 고근 가도 되나요?
사는게 맞을까요,2,11,1,13,9,0,0,0,2,0,시세,0.18181818181818182,0.5800292501828623,2.371330383489694,미트라 갈아타기 질문점요,해방 코인 사용처 질문 드려요,18아케인에서 스팩업 질문
사진,1,28,0,29,18,0,0,4,0,6,직업,0.14285714285714285,0.4072347370425582,2.3692878309277594,챌섭 챌린저 질문,"안녕하세요 메쌤, 메형님들 뉴비 질문 몇 가지만 해도 될까요?",스펙업 질문!
할만한가요,1,7,3,11,4,0,2,1,0,0,몬스터,0.2857142857142857,0.6007359842804637,2.356489036808659,카링 168배율인데 할만한가요,형님들 지금,님들 배율 65퍼면 익스 스우 2인 할만한가요?
소과금,1,9,3,13,6,0,0,1,0,2,아이템,0.6666666666666666,0.44523006002294196,2.355871914230336,챌섭 3만점 찍는데 얼마나걸려요??,스펙업 순서 방향 훈수좀 부탁해,소과금 익스우 솔플 목표로 템세팅 질문이여
듄켈,1,9,2,13,2,2,0,2,0,3,퀘스트,0.2222222222222222,0.5389755378023218,2.3557710889761294,뉴비 검마까지 방향성 조언좀....,이번 이벤으로 시작한 늅늅이 장비좀 봐주실수 있을까요?,환산 스탯 기준 100% 넘으면 잡을만 한건가요?
굳이,1,19,1,23,10,1,0,1,0,7,기타,0.3684210526315789,0.29987072420273625,2.3519063330440617,대적자 3페 연습모드 여는 방법,선생님들 세트효과 질문입니다,스펙업 순서
팔라딘,1,6,4,16,3,0,2,1,0,0,몬스터,0.3333333333333333,0.6300461239272506,2.35171368917122,스탯뚝에서 3초뚝으로 넘어가려는데 고민입니다..,팔라딘 무보엠 순서 질문드립니다,팔라딘 파티배율 시너지 잘 아시는분
스쿼드,1,6,5,12,1,1,0,0,0,4,퀘스트,0.16666666666666666,0.5718030563407354,2.351331732444036,님들 울티마 아이템 분해 질문좀...,울티마 스쿼드 질문,울티마 스쿼드 코인샵 본섭 실수
찍은,1,9,2,11,4,0,1,3,0,1,직업,0.3333333333333333,0.5359450109946964,2.3511321410121053,챌섭에서 챌린저 찍은 뉴비인데,뉴비 검마까지 방향성 조언좀....,이제 하드진힐라 잡고 다이아 찍은 뉴비 진로 좀 부탁드려요
4부위,1,6,1,7,6,0,0,0,0,0,아이템,1.0,1.0,2.3505507890875155,4여명 5칠흑으로 7~8만 될까요?,스펙업 질문!,에디에픽2줄 이거 가능한걸까요.. ?!?
로그인,1,6,1,8,0,0,0,0,0,6,기타,1.0,1.0,2.3505507890875155,"메이플 캐릭변경, 캐시샵 튕김현상 제발 도와주세요",넥슨플러그 갑자기 로그인됐는데,메이플 보호모드 해제 시간 및 보상수령 가능한지 궁금합니다.
명성치,1,6,1,8,0,0,0,0,0,6,기타,1.0,1.0,2.3505507890875155,실수로 어빌리티 잘못돌려버렸어요..,"대화창에 명성치, 아직 쓸 수 없습니다 지우는법",플위 어빌 질문
무기 보조,2,6,1,7,6,0,0,0,0,0,아이템,1.0,1.0,2.3505507890875155,헥환 8만 목표 과금 어느정도 해야할까요?,무기 윗잠 돌릴까요,메린이 렌 방무 질문드립니다.
뽑기,1,6,1,8,6,0,0,0,0,0,아이템,1.0,1.0,2.3505507890875155,환산 7~8만 목푠데 다음 메소를 어디다 써야 해야할까요?,복귀 중고뉴비 대적자 코인 뭐에 써야할까요?,챌섭뉴비 레테 템 진로 잘 짠걸까요??
스택,1,6,1,9,6,0,0,0,0,0,아이템,1.0,1.0,2.3505507890875155,에디 레전 천장 사용처가 고민입니다....,에디천장 질문있습니다.,화에큡
써야할,1,6,1,10,6,0,0,0,0,0,아이템,1.0,1.0,2.3505507890875155,환산 7~8만 목푠데 다음 메소를 어디다 써야 해야할까요?,큐브 어디다 써야할 지 추천 부탁드려요,챌섭 뉴비.. 가고 있는 방향이 제대로 된 건지 모르겠어요
에디 2줄,2,6,1,8,6,0,0,0,0,0,아이템,1.0,1.0,2.3505507890875155,하메 도전 메린이 인데 템셋 질문있슴다,챌섭 메린이 하메를 위한 템셋팅 조언 부탁드립니다!,레테 보조무기 질문드립니다
에디큡,1,6,1,7,6,0,0,0,0,0,아이템,1.0,1.0,2.3505507890875155,제네무기 에디 고민 유니크 15 vs 레전 등업,쌤들!! 이거 윗잠 vs 추옵 중에서 뭐 돌릴까요?,미라클 에디 고민
엠블렘 윗잠,2,6,1,7,6,0,0,0,0,0,아이템,1.0,1.0,2.3505507890875155,급함 제네무기 윗잠 방무 버려도됨??,이지 대적자가 안잡혀서 다음 템세팅 조언좀요..,잠재 좀더 돌려야될까요?
여기서 스펙업,2,6,1,7,6,0,0,0,0,0,아이템,1.0,1.0,2.3505507890875155,메고수 형님들 뉴비 스펙업 도움,템셋이나 스펙업가이드 알려주세요..,여기서 스펙업 더뭐해야되나요
위아래,1,6,1,7,6,0,0,0,0,0,아이템,1.0,1.0,2.3505507890875155,대적자큐브 위아래?,제네 잠재 질문있습니디,제네시스무기 잠재 질문드립니다(찐늅입니다ㅠㅠ)
추옵 윗잠,2,6,1,8,6,0,0,0,0,0,아이템,1.0,1.0,2.3505507890875155,제네 추옵 윗잠 밑잠 중 우선 순위 부탁드립니다.,제네무기 질문입니다 메짱선생님들,쌤들!! 이거 윗잠 vs 추옵 중에서 뭐 돌릴까요?
큐브 어디다,2,6,1,7,6,0,0,0,0,0,아이템,1.0,1.0,2.3505507890875155,메린이 에디 레전 천장 어떻게 하는게 좋을까요,남은 대적자 큐브 사용처,큐브 어디다 써야할 지 추천 부탁드려요
pc방,1,5,3,11,1,0,0,0,0,4,기타,0.8,0.8526665699072489,2.3500438898521017,피시방 혜택에 자석펫이 있나요???,pc방 접속보상 이벤트 23일까지도 포함인가요??,메린이 100억으로 뭘해야될까요?
챌린저스서버,1,5,3,8,1,0,0,0,0,4,기타,0.8,0.8526665699072489,2.3500438898521017,챌린저스서버 질문드립니다.,복귀뉴비 두가지 질문드려요,챌린저스서버 테라버닝 부캐 200이후에 딸기농장 구매해서 레벨업 해도 되나요?
헥사떡작,1,5,3,8,1,0,0,0,0,4,기타,0.8,0.8526665699072489,2.3500438898521017,하드 메이린 잡고 챌달고싶은데 뭘 건드려야할지 막막합니다.. ㅠㅠ,헥사떡작 이거 밀어도 될까요 ㅠㅠ,메린이 하메잡는데 뭘 더 해야 빠르게 쌔질까요
챌섭 본캐,2,8,2,10,1,0,0,1,0,6,기타,0.75,0.608615403724267,2.3496996572339275,월드 리프 관련 질문 드립니다,에테리온 효과 다 받는 기준이면 몬파 매일 3천포인트 씀??,챌섭에서 본캐를 바꾸고 싶어요 ㅠㅠ
뭘로,1,14,2,19,9,1,0,2,0,2,직업,0.14285714285714285,0.3042605680153185,2.3480468470723026,레테 하드메이린 잡고싶은데 템좀 봐주세요 ㅠㅠ,놀긍 파풀마 너무 잘붙었는데요,스펙업 방향 추
무기명,1,20,0,20,14,0,0,1,0,5,아이템,0.7,0.5422852033604333,2.3477609534998356,별 누르기vs언컨 구매,조각 사용처 질문합니다 ! (스펙업 관련),대적자 코인 남는거 어디다 쓸까요..?
올리면,1,10,3,13,4,0,1,2,0,3,직업,0.2,0.38247891469949646,2.34686294409769,메이플 쌩뉴비 질문드려요...,보마 하드메이린 연모배율 103.6퍼에 어센트 2번봤는데 3.8퍼 남으면 최종뎀 얼마나 올려야할까요???,이런거 21성 샤타때 올리면 처분할때 잘 팔려요??
노말 메이린,2,7,2,10,1,0,3,1,0,2,몬스터,0.42857142857142855,0.6956069797973597,2.343999925828309,칠흑 상자에서 마깃안 먹었는데 팔까요 쓸까요,뉴비 검마까지 방향성 조언좀....,챌섭 메린이 보스 현상금 코인 이벤트질문 있어요
샤타포스때,1,10,1,12,7,0,0,0,0,3,아이템,0.7,0.6172570398196363,2.342211573021193,메고수 형님들 템 진로좀 봐주십쇼,7만 목표 템진로 질문,아이템 뭐부터 맞출까요?
메소마켓,1,6,3,13,1,0,0,0,2,3,시세,0.3333333333333333,0.6994751482017738,2.3411896811637445,메소마켓 생성 3일제한 관련,MVP 레드 달아주는게 좋을까요?,ㄹㅇㄸ 에서 메소사면 정지 먹나요..?
골드,1,15,1,20,9,0,1,0,0,5,아이템,0.6,0.39663616999701656,2.3387596813362888,메린이 에디 레전 천장 어떻게 하는게 좋을까요,미라클 어디에 질러야 할까요?,님들 울티마 아이템 분해 질문좀...
해방하면,1,10,3,14,5,0,0,1,0,4,기타,0.4,0.37653775966613057,2.3367773822531706,메린이 진로 상담(1억 목표),레전드리잠재 한장 남는거 어따써야할까요,메린이 해방하면 챌린저 달수 있나염?
팔면,1,11,1,13,7,0,0,0,2,2,시세,0.18181818181818182,0.5568095322924672,2.336481900448522,시세 측정 가능할까요?,데브펜 깡통 추옵 156이면 값 받을 수 있을까요,에디 3줄만 보고 팔만 한가요?
싶어서,1,35,0,36,19,1,1,1,1,12,아이템,0.5428571428571428,0.30312792862471555,2.334891805728875,칠흑 보통 얼마정도 하나요?,초저자본 메린이 첫 제네시스 잠재 질문,안녕하세요 챌섭유입 뉴비입니다.
복귀유저인데,1,8,4,12,3,0,0,1,0,4,기타,0.5,0.43286419354657485,2.3342171138451375,오리진가속,보마 재획준비물좀 알려주실분,복귀유저인데 템바꿀 순서 추천좀요
히어,1,9,2,12,4,0,0,2,0,3,직업,0.2222222222222222,0.5235507857662806,2.332159807309482,메쌤 도와줘요,큐브 사용처 질문,진힐라 질문드립니다.
망토,1,13,1,16,9,0,0,0,1,3,아이템,0.6923076923076923,0.46022796032504637,2.3274820777137677,4아케인3에테 질문!!,[질문] 복귀 유저 아버 이후 에테르넬 17성 풀셋 질문,복귀 유저 방어구 세팅 질문있습니다
같고,1,31,0,33,18,0,0,5,3,5,직업,0.16129032258064516,0.34304463971715493,2.3273190134652335,제네 추옵 윗잠 밑잠 중 우선 순위 부탁드립니다.,챌섭 블큐 화에큐 사용처 및 챌 달성 질문,뉴비) 첫 해방 무기 세팅 방법 좀 알 수 잇을까요?!
얼마인가요,1,7,4,12,6,0,0,0,1,0,시세,0.14285714285714285,0.5088019395024438,2.326166087665339,챌섭인데 이거 얼마인가요??,4초 덱9퍼 카루타 쿨뚝 18성 얼마에 팔수있을까요??,에테 아케인 거품
모으고,1,14,0,14,11,0,0,0,0,3,아이템,0.7857142857142857,0.7170564205538621,2.3249374924923636,뉴비 50억으로 뭐해야 할 까요 ?,리레4렙,안녕하세요 메린이인데 질문있습니다.
있다면,1,25,0,26,17,0,1,2,0,5,아이템,0.68,0.42653710791588434,2.3238978063299602,동전꼽기가 운영정책 위반인지 여부,스펙업 질문,안녕하세요 선생님들 템 진로 고견좀 여쭙습니다
챌섭 시작한,2,11,1,12,7,0,0,0,0,4,아이템,0.6363636363636364,0.5474170344175885,2.3223855059767207,메린이 유니온 질문있습니다,지난주에 챌섭 시작한 뉴비인데 제네시스 패스 사도 되나요?,뉴비 해방무기 및 보조 질문드립니다!!!!!
바꾸면,1,17,0,18,14,0,0,0,1,2,아이템,0.8235294117647058,0.6058325697892929,2.320726553814397,하드 메이린 깨고나서 스펙업 질문,환산주스탯 헥사스탯 어캐하나요?,챌섭 유입 284 아란 100억 템셋팅 질문
맞출,1,22,0,23,17,0,1,2,0,2,아이템,0.7727272727272727,0.47866615945520247,2.3181745951309782,메린이 하드메이린 잡으려면 어떻게 세팅해야 할까요…,4여명 5칠흑으로 7~8만 될까요?,내부 드랍 24라는 게 이거 맞나요?
챌섭 본섭,2,7,3,10,1,0,0,2,0,4,직업,0.2857142857142857,0.5745252312747173,2.317903440738421,챌섭>본섭 리프 (유챔x) 헥환 상승 큰가요?,챌섭 환산 차이,챌섭>본섭 리프시 챌섭에서 쌓은 큐브천장 사라지죠?
보스 잡고,2,9,2,11,2,0,0,0,1,6,기타,0.6666666666666666,0.5137889521987412,2.3172169802606217,챌섭에 있다가 본섭가면 도전자 사라지나요?,본섭에 유니온 만들려는데 고민상담좀 해주십쇼..,챌린저스 달성 기준
해주실분,1,6,4,10,3,1,0,0,0,2,퀘스트,0.16666666666666666,0.6059669652332755,2.3169740052487082,뉴비 콜 280억으로 세팅좀 해주실분 ㅠㅠ 메이린 잡고싶어요,레테 제네무기 피드백 해주실분,템 진로상담 해주실분
많은,1,15,1,17,9,0,0,2,0,4,직업,0.13333333333333333,0.3826359050834887,2.315315311348466,본캐 추천 부탁드리겠습니다....,메린이 익스우 템세팅 질문,"안녕하세요 메쌤, 메형님들 뉴비 질문 몇 가지만 해도 될까요?"
검마 배율,2,9,2,11,2,1,3,1,0,2,몬스터,0.3333333333333333,0.5109495622289086,2.3128706130592223,검마 배율 181%인데 이거 잡히는거 맞나요..?,렌 검마 배율대로 안쳐지는데 문제있는건가요?,투력 6600만 메린이 검마 잡고 싶습니다.
깨려면,1,6,2,8,2,2,0,0,0,2,퀘스트,0.3333333333333333,0.7874252086762499,2.3122582839198946,전투력 1억5천 메린이 다음 스펙업을 도통 못잡겠어요 ㅠㅠ,울티마 3-10 깨려면 법사도 40 찍어야대요?,유챔 sss 노칼 깨려면 템셋 어느정도?
어찌저찌,1,11,0,11,2,0,6,0,0,3,몬스터,0.5454545454545454,0.8593516393880606,2.3101576265048056,메이플 쌩뉴비 질문드려요...,챌섭 뉴비 질문입니다.,안녕하세요 쌩뉴비입니다 오늘 제네시스 해방했는데 한번만 봐주세요 ㅠㅠㅠㅠ
20분,1,13,1,14,0,0,3,3,0,7,몬스터,0.23076923076923078,0.4479090891800025,2.3078468203520526,렌 검마 배율대로 안쳐지는데 문제있는건가요?,진짜 진지해요 바이퍼 질문하나만 할게요 ㅜㅜ,보마 메이린 배율 질문있습니다 !
된다고,1,16,0,16,6,3,0,0,0,7,퀘스트,0.1875,0.6276935950982845,2.3058016068336475,라벨용 컬프는 무한염색 안되는거임??,메린이 방향성이 잘못된걸까요? 현실조언 부탁드립니다,챌섭 뉴비 질문입니다.
사는,1,11,2,14,8,0,0,1,1,1,아이템,0.7272727272727273,0.3951714101586012,2.304747372907097,챌섭 쌩뉴비 여러 가지 질문 드립니다 !,챌 유입 제논 템셋팅 및 템업글 직작 조언 부탁드림다!,레테 9만원 정도 현질해서 장신구 산다 치면
1차,1,10,1,14,5,0,0,0,0,5,기타,0.5,0.5913081818747175,2.3046308336032646,아스트라 보조무기 질문있습니다.,아스트라 전승 하는법?,제네패스 플러스 재화 사용처 추천 부탁드립니다.
챌린저 달성,2,10,1,12,5,0,0,0,0,5,기타,0.5,0.5913081818747175,2.3046308336032646,챌린저스 서버 캐릭터 육성 질문,챌린저스서버 질문드립니다.,챌린저 달성 목표 모멘텀패스vs다조 헥사
해방이후,1,5,4,9,4,0,0,0,0,1,아이템,0.8,0.7343719051785197,2.3040065467010353,쌩뉴비 해방이후 템세팅 진로(자본 80억),뉴비 해방이후 스펙업 방향성 검토 부탁드리겠습니다,이번에 첫챌섭 시작한 뉴비 해방이후에 템세팅이 궁금해요 ㅇㅅㅠ
궁성비,1,7,3,14,1,0,0,1,0,5,기타,0.7142857142857143,0.5644333035939294,2.30304682654746,형들 지금 링크캐 키울방법 없음?,메린이 서버 고민입니다,레테 계속 밀까요? 나워 부캐 시작할까요?
감사드리겠습니다,1,9,0,9,9,0,0,0,0,0,아이템,1.0,1.0,2.302585092994046,복귀 중고뉴비 대적자 코인 뭐에 써야할까요?,완전 첫 캐릭으로 키우는 메린이인데…첫 해방후 어떻게해야할지에 대해서,제네패스 플러스 재화를 어디에 투자해야할까요?
견장,1,9,0,10,9,0,0,0,0,0,아이템,1.0,1.0,2.302585092994046,제네플 큐브 및 카르마 큐브 사용처 질문드립니다!,안녕하세요 선생님들 템 진로 고견좀 여쭙습니다,복귀 유저 방어구 세팅 질문있습니다
노리기,1,9,0,12,9,0,0,0,0,0,아이템,1.0,1.0,2.302585092994046,복귀 중고뉴비 대적자 코인 뭐에 써야할까요?,보마 보조 윗잠 돌리기 vs 그냥쓰다 팔기,카레잠 사용처 추천좀요
돈모아서,1,9,0,9,9,0,0,0,0,0,아이템,1.0,1.0,2.302585092994046,메린이 렌 키우는데 보조무기 궁금한게 있습니다,진로 고민 도와주세요,18성 에테구간에서 21% vs 24% 10억차이 체감큼?
돌릴지,1,9,0,11,9,0,0,0,0,0,아이템,1.0,1.0,2.302585092994046,제네플 큐브 및 카르마 큐브 사용처 질문드립니다!,제네 플러스 코인 뭐돌릴까요?,레태 해방무기 대적자 큐브 질문
모아둔,1,9,0,9,9,0,0,0,0,0,아이템,1.0,1.0,2.302585092994046,뉴비) 첫 해방 무기 세팅 방법 좀 알 수 잇을까요?!,이번 챌섭 유입 메린이 제네시스 무기 잠재능력 질문 있습니다,팔라딘 무보엠 순서 질문드립니다
장신망견,1,9,0,11,9,0,0,0,0,0,아이템,1.0,1.0,2.302585092994046,메짱이 선생님들 아버 이후에 질문있습니다. 17에테 VS 18아케인(+27여명),환산 7.8 헥환 7만 진로질문드립니다!,유챔 sss 노칼 깨려면 템셋 어느정도?
배메,1,6,2,14,1,0,0,3,0,2,직업,0.5,0.7792859641935431,2.3017291521897194,법사 본캐 추천점요,템세팅 질문(무자본),복귀뉴비 200레벨비약 질문이 있습니다
챌섭 리프,2,6,5,13,0,0,0,0,1,5,기타,0.8333333333333334,0.5378879856371345,2.30059663453736,챌섭 리프 질문,챌섭 리프 시기 질문,챌섭 리프 한캐릭만 가능??
상자,1,10,4,17,5,0,1,0,1,3,몬스터,0.1,0.29332215803189365,2.2993162062550985,마도서 먹었는데 어쩌죠?,칠흑 상자에서 마깃안 먹었는데 팔까요 쓸까요,검마 쩔받을때 받는 사람 배율은 왜 필요하나요?
할까,1,14,2,16,7,0,1,2,1,3,직업,0.14285714285714285,0.2762447193463533,2.297610203698717,챌섭 복귀유저 렌 스펙업 훈수 부탁드립니다.,드메 vs 스펙업,복귀유저 직업추천좀 해주세용
뭐뭐,1,6,2,10,5,0,0,0,0,1,아이템,0.8333333333333334,0.775574796284227,2.2969282918797718,챌섭에서 유니온캐릭 뭐뭐 키워야하나요?,제네시스 패스 질문좀요,형님들 가방/지갑 선택권 뭐뭐 사야하나요?
바꾸려는데,1,6,2,8,5,0,0,0,0,1,아이템,0.8333333333333334,0.775574796284227,2.2969282918797718,18에테 22아케인 질문있습니다,아버 에테로 바꾸려는데,눈장 질문
쓰는거,1,6,2,9,5,0,0,0,0,1,아이템,0.8333333333333334,0.775574796284227,2.2969282918797718,카레잠 카에유잠 제네무기에 쓰는거 괜찮죠?,뉴비 미트라 질문,형들 제네스킬 이거 언제 쓰는거여?
좋을까,1,6,2,11,5,0,0,0,0,1,아이템,0.8333333333333334,0.775574796284227,2.2969282918797718,전투력 2천만 뉴비입니다. 템세팅 질문있습니다.ㅠㅠ,자석펫 밎추기 vs 드메풀 맞추기,챌섭 칠흑(커포링)떳는데 파는게 좋을까 쓰는게 좋을까
챌린지,1,6,2,9,5,0,0,0,0,1,아이템,0.8333333333333334,0.775574796284227,2.2969282918797718,첫 챌린지 도전중입니다..여기서 피도미를 바꾸면될까요..?,메린이 케릭터생성제한,해방무기 이대로 괜찮을까요??
프펫공작,1,6,2,10,5,0,0,0,0,1,아이템,0.8333333333333334,0.775574796284227,2.2969282918797718,메쌤들 현실적으로 챌 달성 가능한지 상태좀 봐줄수있나요,복귀유저 템세팅 질문드립니다.,프펫공작
피방,1,9,3,14,5,0,1,0,0,3,몬스터,0.1111111111111111,0.4087230846837363,2.296361833272174,피방이랑 집이랑 추가 경험치가 차이가 안나는데 왜 그런지를 모르겠음,늅이 고민있어요,뉴비 자석펫 질문
20개,1,14,1,17,8,0,0,1,0,5,아이템,0.5714285714285714,0.4037004509894725,2.2958737951705657,어빌리티 질문,본섭에 유니온 만들려는데 고민상담좀 해주십쇼..,드랍템 먼저 맞출까요 스펙업을 먼저 할까요
메쌤,1,6,4,12,3,0,0,0,0,3,기타,0.5,0.5913081818747175,2.295825363510976,"안녕하세요 메쌤, 메형님들 뉴비 질문 몇 가지만 해도 될까요?",메쌤 도와줘요,"매쌤들께 스타포스 여쭤봐요(마이링,데브펜)"
알고,1,31,0,35,18,1,0,2,1,9,아이템,0.5806451612903226,0.32452801287967886,2.295232144250541,커믹 질문입니다!,메린이 에디 레전 천장 어떻게 하는게 좋을까요,"안녕하세요 메쌤, 메형님들 뉴비 질문 몇 가지만 해도 될까요?"
능력치,1,8,2,11,4,0,0,2,0,2,직업,0.25,0.5707208543046036,2.294347203455187,"울티마 스쿼트, 직업별로 가장 좋은 능력치는?",메이플 결혼 하는 방법 있나요?,프펫공작 하드메이린 기준 필수인가여?
했었는데,1,7,2,10,3,0,0,0,0,4,기타,0.5714285714285714,0.6585992089000233,2.2928405396781084,여명으로 카링 될까요?,계정판매를 했었는데,"뉴비 챌섭이후 본섭 준비 질문,평가해주세요"
넘어가,1,12,1,13,8,0,2,1,0,1,몬스터,0.16666666666666666,0.47928895363735285,2.2916520077286293,칠흑 보통 얼마정도 하나요?,아버 이후 템세팅 질문...,스탯뚝에서 3초뚝으로 넘어가려는데 고민입니다..
위주,1,10,2,12,5,0,1,3,1,0,직업,0.3,0.4375518618994291,2.291603174631046,에픽던전 본캐랑 285작 누구 위주로 해야할까요?,어려운 직업 위주로 하시는 분 있나요,이번 유입 앞으로 템세팅 관해서 여쭤봅니다
아니라,1,34,0,34,19,1,1,4,0,9,아이템,0.5588235294117647,0.2884389329352623,2.290424431279437,동전꼽기가 운영정책 위반인지 여부,본캐 추천 부탁드리겠습니다....,커믹 질문입니다!
시세탭,1,7,1,8,4,0,0,0,3,0,시세,0.42857142857142855,0.8233613127774465,2.290004376824249,뉴비 진짜 이해안가는데 챌섭매물이요,선생님들 제논 추옵 어떤가요,루컨마 가격 질문있습니다 선배님들
썬데이,1,9,1,10,4,0,0,0,0,5,기타,0.5555555555555556,0.6439430315406046,2.286226808630098,메린이 오늘 해방했어요!,챌섭 뉴비 방향성 조언 부탁드려요 메짱형님들,고수 형님들 미라클 질문 있습니다.
부스터,1,14,2,20,5,1,1,1,0,6,퀘스트,0.07142857142857142,0.268283084715865,2.2832769549981857,유뇬작이랑 링크작하려는데,깡통 200레벨에서 (노하버) 부스터,VIP 부스터 효율 어떤게 좋을까요 ?
모듈,1,6,4,13,4,0,0,0,0,2,아이템,0.6666666666666666,0.5802430494260673,2.27986138367629,하트 업그레이드 모듈 질문있습니다,플하 업글 모듈 사서 리프 되나요?,카링 안잡아도 플라즈마하트 업글이 될까요?
챌섭 레잠,2,6,4,10,4,0,0,0,0,2,아이템,0.6666666666666666,0.5802430494260673,2.27986138367629,챌섭 레잠 하나 남는데 어디에 쓰면좋을까요?,뉴비 챌섭 레잠 사용처 및 미래 템세팅 조언 부탁드립니다,"다음 미라클 언제인가요 ㅠㅠ,.."
250물약,1,4,3,8,0,0,0,0,0,4,기타,1.0,1.0,2.2787843232080887,본섭에 유니온 만들려는데 고민상담좀 해주십쇼..,250물약 사용처 질문,250물약 어디에 쓰는게 좋을지 질문
걸려요,1,4,3,8,0,0,0,0,0,4,기타,1.0,1.0,2.2787843232080887,울티마 40렙부터 경험치 올리기 빡센게 맞는거죠?,아스트라 보조무기 얻는데 얼마나 걸려요?,테라 200찍는데 얼마나 걸려요? 첼섭기준
넥슨플러그,1,4,3,8,0,0,0,0,0,4,기타,1.0,1.0,2.2787843232080887,메m 넥슨플러그로 하시는 분??,넥슨플러그 갑자기 로그인됐는데,피시방 넥슨플러그 질문
뉴네임,1,4,3,8,0,0,0,0,0,4,기타,1.0,1.0,2.2787843232080887,부캐 닉 옮기기 아직도 가능한가요?,뉴네임 수수료같은게 이해가안되는데 질문좀요,뉴네임 유찰대면 메포하나도 못돌려 받나여?
블큐 사용처,2,4,3,7,4,0,0,0,0,0,아이템,1.0,1.0,2.2787843232080887,남는 블큐 사용처가 어떻게 될까요,카르마 블큐 사용처 질문,블큐 사용처
쌍크,1,4,3,11,4,0,0,0,0,0,아이템,1.0,1.0,2.2787843232080887,에테 장갑은 크주 vs 쌍크 어느게 가성비 좋나요,챌섭 아케인 쌍크 장갑 팔아야되나요 ? 메린이 템세팅 방향성 한번 잡아주시면 감사하겠습니다.,아케인 쌍크 장갑을 만들었는데
이후 템셋팅,2,4,3,9,4,0,0,0,0,0,아이템,1.0,1.0,2.2787843232080887,헥환 4.5 이후 템셋팅 질문.,환산 6만 이후 템셋팅 도와주세요,챌섭 4여명 이후 템셋팅 방향성 질문드립니다.
제네 무기 잠재,3,4,3,8,4,0,0,0,0,0,아이템,1.0,1.0,2.2787843232080887,진짜 찐 뉴비 템세팅,제네 무기 잠재 이걸로 종결하면 되나요?,와헌 제네 무기 잠재
팅기는데,1,4,3,7,0,0,0,0,0,4,기타,1.0,1.0,2.2787843232080887,발드 3페만가면 팅기는데 해결방안 잇을까요?,메이플 팅김현상 - NGS hacking Detedcted,아니 자꾸 접속중인 아이디라고 팅기는데 왜이러지
환호지선,1,4,3,8,4,0,0,0,0,0,아이템,1.0,1.0,2.2787843232080887,환호지선 여우 이펙트 펫 투명도로 조절이 안됩니다..,환호지선 사신 분들 질문,내 뒤에 나 + [마라벨]환호지선 질문
20억,1,18,0,20,14,0,0,0,3,1,시세,0.16666666666666666,0.546906476427741,2.277385863159427,챌섭 챌린저 목표 템셋팅 관련 질문입니다.,레테 하드 메이린 스펙 업 질문 있습니다!,무자본 하드메이린 방향 추천 부탁드립니다.
18성으로,1,12,0,13,10,0,0,0,0,2,아이템,0.8333333333333334,0.775574796284227,2.2771297164270634,메린이 익스우 템세팅 질문,환산 7~8만 목푠데 다음 메소를 어디다 써야 해야할까요?,아버 에테로 바꾸려는데
우선적,1,12,0,12,10,0,0,0,0,2,아이템,0.8333333333333334,0.775574796284227,2.2771297164270634,챌섭 스펙업 뭐부터해야할까요?,메린이)첫 285완료 mvp작 및 템 방향성 질문드려요,이거 무자본 캐릭인데요
아무,1,11,1,14,3,0,1,0,0,7,기타,0.6363636363636364,0.5171349282185486,2.2769376900596834,챌섭 쌩뉴비 여러 가지 질문 드립니다 !,해방무기 윗옵,넥슨링크 pc조작 오류 왜이럴까요
패파,1,6,2,11,0,0,0,3,0,3,직업,0.5,0.7600351533379034,2.2768258182448586,시퀸스질문,유챔등록하고 보스잡고 템팔면 되나요?,패파 신규 6차 점샷 되나요?
키우는데,1,11,2,14,6,1,0,1,0,3,퀘스트,0.09090909090909091,0.3778612826185718,2.276151982633128,메린이 렌 키우는데 보조무기 궁금한게 있습니다,9만 본캐 스펙업 vs 부캐 스펙업 선택 도와주십셔,헤어나 성형도 프리스타일 되나요??
있는지,1,26,0,26,13,0,2,0,0,11,기타,0.4230769230769231,0.38048595701318133,2.2749282550626555,에디 레전 천장 사용처가 고민입니다....,모멘텀 패스 가치 있나요?,지난주에 챌섭 시작한 뉴비인데 제네시스 패스 사도 되나요?
24퍼,1,10,1,12,8,0,0,1,0,1,아이템,0.8,0.5702332172459849,2.2741087676365987,미트라 고민,트왈마 24퍼,미트라 질문
오르나요,1,8,5,15,1,0,1,0,1,5,기타,0.625,0.3460350379400311,2.273651019361102,"미라클때 만든 레전잡, 유니크3줄 칠흑 언제팔아야 할까요",284->285되면 하메 배율 얼마정도 오르나요,울티마 카오스 진입 이후에도 아래단계에서 오토돌리는게 겸치 더 잘 오르나요?
언컨,1,6,2,9,4,0,0,0,2,0,시세,0.3333333333333333,0.7565438560021889,2.272309388048536,4여명 5칠흑으로 7~8만 될까요?,스펙업 질문,스펙업 질문!
2셋,1,7,1,8,6,0,0,0,0,1,아이템,0.8571428571428571,0.8057118021740804,2.2678379218011644,저 거공 먹었는데 사용해도 되나요?,반지 뭐 사야할까요?,자석펫 4~5석펫 질문
마스터 보상,2,7,1,8,6,0,0,0,0,1,아이템,0.8571428571428571,0.8057118021740804,2.2678379218011644,복귀 유저 방어구 세팅 질문있습니다,챌섭 스펙업 방향성 알려주세요..!,뉴비 해방이후 스펙업 방향성 검토 부탁드리겠습니다
사먹기,1,7,1,8,6,0,0,0,0,1,아이템,0.8571428571428571,0.8057118021740804,2.2678379218011644,핵환 4.4 도미먹었는디,보마 보조 윗잠 돌리기 vs 그냥쓰다 팔기,챌섭뉴비 과금 질문
오르고,1,7,1,9,6,0,0,0,0,1,아이템,0.8571428571428571,0.8057118021740804,2.2678379218011644,제네무기 고민중인데여..,22성 에테 뚝배기 공6리턴 완작 질문드립니다,헥환은 오르고 전투력은 떨어지는데 괜찮나요
올려,1,7,1,8,6,0,0,0,0,1,아이템,0.8571428571428571,0.8057118021740804,2.2678379218011644,아스트라 보조무기 질문있습니다.,이번 이벤으로 시작한 늅늅이 장비좀 봐주실수 있을까요?,렌 스펙업 도움 부탁드려도 될까요?
파방,1,7,1,9,6,0,0,0,0,1,아이템,0.8571428571428571,0.8057118021740804,2.2678379218011644,플하 터짐 ㅠㅠ,스펙업 질문!,챌섭 복귀유저 렌 스펙업 훈수 부탁드립니다.
해방큐브,1,7,1,9,6,0,0,0,0,1,아이템,0.8571428571428571,0.8057118021740804,2.2678379218011644,에디천장 질문있습니다.,아버 하버 다 놓친 후발대인데..,대적자 코인 어디에 쓸까요?
측정,1,5,2,7,2,0,0,0,3,0,시세,0.6,0.9031246928490066,2.2669014213315233,시세 측정 가능할까요?,전사 뚝 2초주 / 에디 레전 메린이 도와주세요 ㅠㅠ,레테 쌍레 보조 가격 측정 도와주세요
방금,1,15,2,17,6,1,1,1,1,5,퀘스트,0.06666666666666667,0.22915709501743708,2.2655754341504575,제네패스 지금 사도 되나요?,요즘 도미 작 어떻게 하나요?,찐뉴비좀 도와줘!!(렙이 안올라!!)
9월,1,8,1,13,3,0,0,0,0,5,기타,0.625,0.7068639942687087,2.265114844014471,"안녕하세요 메쌤, 메형님들 뉴비 질문 몇 가지만 해도 될까요?",대학생 유저 메이플 질문,이번 미라클 지나고 9월 16일 전에 미라클 한 번 더 할려나요?
일주일,1,15,1,17,8,1,0,0,0,6,퀘스트,0.06666666666666667,0.35205891055709804,2.264112110750478,챌섭 챌린저 목표 템셋팅 관련 질문입니다.,하드 메이린 잡았는데,선생님들 카웅 선행퀘 질문있습니다!
안되나요,1,7,3,11,2,1,0,0,0,4,퀘스트,0.14285714285714285,0.5378700583046775,2.2639423165465065,메린이 비욘드버닝 도와주세요ㅠㅠ,메소제한 다채우면 솔에르다기운 드롭 안되나요?,아티펙트 강화 왜 안되나요?
한마리,1,17,1,22,9,0,1,0,1,6,아이템,0.5294117647058824,0.29651414449863017,2.2633297130958177,챌섭리프,무자본 하드메이린 방향 추천 부탁드립니다.,메린이 챌린저 달았는데 이제 세팅 뭐부터할까요?
제네시스 해방,2,8,2,12,6,1,0,0,0,1,퀘스트,0.125,0.5489625325847657,2.2625648886963434,초저자본 메린이 첫 제네시스 잠재 질문,메린이 내 캐릭이 왜 약한지 모르겠어요,제네시스 해방은 했는데..
해방한,1,9,2,11,7,0,0,0,1,1,아이템,0.7777777777777778,0.4774290828276949,2.261559481515985,렌 제네무기 공공공 vs 보공공,아스트라 보조 질문입니다,제네패스 잠재 위 아래 추천좀 부탁드립니다..
맞음,1,9,1,11,1,0,0,3,0,5,직업,0.3333333333333333,0.625408625680012,2.2604510641258573,아 하드 메이린.. 개어렵다,자전 질문,이거 챌섭 오버방무 아님?
잡으려면,1,8,2,10,4,2,1,1,0,0,퀘스트,0.25,0.5465539866865549,2.2590467329840735,메린이 하드메이린 잡으려면 어떻게 세팅해야 할까요…,메린이 많이 성장했지만 다시 막막해짐..,부캐 육성
찾아보니,1,17,0,17,9,0,0,0,0,8,기타,0.47058823529411764,0.5625685370940848,2.2582019846969343,메린이 유니온 질문있습니다,3일차 뭐해야할지 모르겠어요 메쌤들 좀 도와주세요,안녕하세요 메린이인데 질문있습니다.
모르겠음,1,7,2,9,5,0,0,0,0,2,아이템,0.7142857142857143,0.6334194966998262,2.2580322119035356,복귀유저 아델 보조 가격 질문,피방이랑 집이랑 추가 경험치가 차이가 안나는데 왜 그런지를 모르겠음,이벤트링 뭐 받을까요
별로일까요,1,7,2,9,5,0,0,0,0,2,아이템,0.7142857142857143,0.6334194966998262,2.2580322119035356,제논 5에테,본섭 깡통캐릭 유챔하는거 별로일까요?,제네패스 플러스 재화 사용처 추천 부탁드립니다.
좋은지,1,23,0,25,14,0,0,2,0,7,아이템,0.6086956521739131,0.420510679166082,2.2572297024869643,선생님들 헥사환산 몇을 목표로 잡아야할까요?,챌섭 블큐 화에큐 사용처 및 챌 달성 질문,복귀유저 템세팅 질문드립니다.
아닌,1,16,1,18,6,0,1,2,0,7,기타,0.4375,0.3189913345341921,2.257033897730702,메이플 늦은 유입 뉴비 현시점 제네패스 질러도 될까요?,아흐... 펫장비 이전 줌서에 대한 글은 많은데...,제로 온갖거 질문
은월,1,17,0,19,1,0,0,3,0,13,기타,0.7647058823529411,0.5605140285012316,2.255232837890365,메린이 유니온 질문있습니다,본섭 깡통캐릭 유챔하는거 별로일까요?,250 달성의 비약 질문드려요
인게임,1,6,2,10,2,0,0,0,0,4,기타,0.6666666666666666,0.7431724270758142,2.2550117706977355,동전꼽기가 운영정책 위반인지 여부,제네 잠재 옵이 이러면 에디셔널 돌리는게 날까요..??,전투력 질문좀요
잘못,1,11,2,13,4,0,0,2,1,4,직업,0.18181818181818182,0.3641629983762905,2.253523161263326,오늘 썬데이 메이플 솔에르다 주는거 278레벨 25개 받는거 맞지?,메린이 방향성이 잘못된걸까요? 현실조언 부탁드립니다,[사전월드리프] 여러 서버로 이동 불가 관련 문구 문제
사냥할,1,8,2,12,2,0,0,2,0,4,직업,0.25,0.5406346522178842,2.250400379020356,울티마 카오스 지역 사냥 질문,지금부터 시작하는 3만점 하려면,레테 계속 밀까요? 나워 부캐 시작할까요?
윈브,1,8,2,12,2,0,0,2,0,4,직업,0.25,0.5406346522178842,2.250400379020356,루미너스 윈브 중에 본캐 추천 부탁드립니다!,템셋이나 스펙업가이드 알려주세요..,챌린저목표 8600만 윈브 뭘 더 해야할까요?
가서,1,16,1,18,6,1,2,1,0,6,몬스터,0.125,0.3131228201295878,2.2469918029923077,본캐 추천 부탁드리겠습니다....,10000마리 사냥 보약 마릿수가 다음 주로 이월 되나요?,울티마 카오스 지역 사냥 질문
박고,1,13,1,15,6,0,0,2,0,5,직업,0.15384615384615385,0.40916802792484525,2.246096786663533,"뉴비 챌섭이후 본섭 준비 질문,평가해주세요",오리진 패치이후 무조건 선오리진이 좋나요?,형님들 가엔슬 딜이 정말 안들어가는데 이유가 뭘까요?
질문글,1,14,1,15,8,0,0,0,1,5,아이템,0.5714285714285714,0.3729744700312818,2.2456187892231827,메린이 익스우 템세팅 질문,대장장이 고견 나눠주실 메짱엉아들?,메이플 챌섭 뉴비 아이템 추가 스펙업 질문합니다!
기대값,1,8,2,13,5,0,0,0,0,3,아이템,0.625,0.5353035705453745,2.2426132841376507,에테모자 에디에픽->레전 기대값 얼마인지 아시는분??,메이플 대장장이 컨텐츠질문!,아스트라 보조 질문입니다
쁘띠,1,8,2,14,5,0,0,0,0,3,아이템,0.625,0.5353035705453745,2.2426132841376507,부티크 티켓은 어느 타이밍에 사는게 좋을까요?,자석펫 질문이요~,코디충의 희대의 자석펫 고민입니다.
하드 세렌,2,8,2,10,5,0,0,0,0,3,아이템,0.625,0.5353035705453745,2.2426132841376507,챌린저 하고 싶은데 여기서 무보엠 바꿔주면 되나요?,메린이 하드 메이린까지 진로 상담 부탁드립니다.,메고수 형님들 뉴비 스펙업 도움
깼는데,1,8,1,9,0,3,1,0,0,4,퀘스트,0.375,0.6895134469995934,2.242089586991643,3일차 뭐해야할지 모르겠어요 메쌤들 좀 도와주세요,안녕하세요. 뉴비입니다. 검마 해방에 관해서 질문 드립니다.,메이플은 쩔? 버스? 같은거 없나요??
2시간,1,13,0,13,5,0,0,0,0,8,기타,0.6153846153846154,0.6983345360782836,2.241001102788062,"헥사스킬올리기, 야누스30조각 모으기",자석펫 스카니아에 있으면 스카니아로 리프해야겠져?,복귀뉴비
제네 윗잠,2,7,4,11,5,0,0,1,0,1,아이템,0.7142857142857143,0.4533359719444472,2.240652509391768,제네 윗잠 둘중에 뭐가 더 좋나요?,형님들 이번 챌섭유입 메린이 제네 윗잠 질문드립니다!,제네 윗잠 봐주삼요
최소,1,22,0,23,16,1,1,0,0,4,아이템,0.7272727272727273,0.42886695971788263,2.2401020437638453,보마 노말 칼로스 템셋 질문,드메부터 맞출지 스펙을 올릴지 추천좀 해주세요,메이린 배율관련 질문드립니다 저 진짜 정리 잘해놨어요 함만 봐주세요 ㅠㅠ
가능할지,1,7,1,8,2,0,0,0,0,5,기타,0.7142857142857143,0.7834128302331012,2.239832093781407,메쌤들 현실적으로 챌 달성 가능한지 상태좀 봐줄수있나요,18살 본섭에서 길드가입이 현실적으로 가능할지가 궁금합니다.,[사전월드리프] 여러 서버로 이동 불가 관련 문구 문제
순수,1,7,1,8,2,0,0,0,0,5,기타,0.7142857142857143,0.7834128302331012,2.239832093781407,궁금해서 그런데 왕예인 따려면 얼마써야됨??,궁금해서 그러는데 유챔나온게 왜 다들 별로라는거야?,메획 1줄 마이스터링
받고,1,32,0,38,9,1,4,4,2,12,몬스터,0.125,0.28068671380824545,2.2389653893500943,제네패스 지금 사도 되나요?,메이플 쌩뉴비 질문드려요...,챌섭 리프할때 보상 어떻게 하나요?
헥사강화,1,14,1,16,8,0,1,0,0,5,아이템,0.5714285714285714,0.36881961784650363,2.2388231682293194,이번 챌섭이 본캐인데 진로상담 요청합니다!,솔 에르다 기운 어떻게 처리해야할까요,2석펫 vs 스펙업
하드 메이린 잡고,3,7,3,10,4,0,0,0,0,3,기타,0.42857142857142855,0.520412122970911,2.2382419926809023,하드 메이린 잡고 챌달고싶은데 뭘 건드려야할지 막막합니다.. ㅠㅠ,하드 메이린 잡고 싶은데 스펙업 방향을 알려주세요!,렌 스펙업 도움 부탁드려도 될까요?
상담,1,5,4,10,2,0,0,0,0,3,기타,0.6,0.6845671842631943,2.237844034091771,메린이 하드 메이린까지 진로 상담 부탁드립니다.,썜들 메린이 챌린저 찍을 수 있게 진로부탁드립니다..,메린이 제네무기 상담
보니까,1,37,0,38,17,1,3,2,2,12,몬스터,0.08108108108108109,0.2295275778648385,2.2362562501215213,마도서 먹었는데 어쩌죠?,지난주에 챌섭 시작한 뉴비인데 제네시스 패스 사도 되나요?,챌섭 파풀마 사려는데 고민이에요!
메이린까지,1,10,2,13,6,0,0,1,0,3,아이템,0.6,0.4020636453112021,2.2350313653273304,메린이 하드 메이린까지 진로 상담 부탁드립니다.,카레잠을 팔아서 보조를 사야할까요??,챌린저목표 8600만 윈브 뭘 더 해야할까요?
않은,1,10,2,12,6,0,0,1,0,3,아이템,0.6,0.4020636453112021,2.2350313653273304,뉴비 제네시스 무기 작 질문드립니다.,제네패스 플러스 블큐 vs 화에큐,제네시스 패스 구매 후 미활성화로 인한 흔적 복구 해보신 분 있으실까요?
있을까여,1,5,3,8,1,0,0,0,2,2,시세,0.4,0.7614721826125159,2.234366942833231,혹시 미라클때 올릴만한게 있을까여,검마 결정석이 없어요,닉넴 냉면 살 수 있을까여.. ?
현질해서,1,10,2,12,6,0,0,2,1,1,직업,0.2,0.4015014727206226,2.2341352053157113,초저자본 메린이 첫 제네시스 잠재 질문,챌섭 스펙업 뭐부터해야할까요?,뉴비 검마까지 방향성 조언좀....
피가,1,9,0,13,0,0,7,0,0,2,몬스터,0.7777777777777778,0.9398285565951432,2.2333101586900668,님들 저 메린인데 윌 1페 이거 버근가요?,281 보마 노말 세렌 배율 158%,"노말 세렌 여명 잘 넘기는 법 있나요,...?"
달리고,1,10,0,10,9,0,0,0,0,1,아이템,0.9,0.861505235373519,2.23184730209579,챌섭 관련 질문,제네패스 플러스 코인 어디다 써야할까요?,챌섭 메린이 하메를 위한 템셋팅 조언 부탁드립니다!
레레,1,10,0,11,9,0,0,0,0,1,아이템,0.9,0.861505235373519,2.23184730209579,에디 레전 천장 사용처가 고민입니다....,본캐를 올릴가요 버린 부캐를 살릴까요,똥블렘 언제까지 써야하나요? 투자를 좀 해서...
쓰다 나중,2,10,0,10,9,0,0,0,0,1,아이템,0.9,0.861505235373519,2.23184730209579,플하 터짐 ㅠㅠ,보마 보조 윗잠 돌리기 vs 그냥쓰다 팔기,20성 블빈마 이 가격이면 괜찮게 산건가요?
직작해서,1,10,0,11,9,0,0,0,0,1,아이템,0.9,0.861505235373519,2.23184730209579,에테르넬 장비 추옵 질문,세트효과 어떻게 가져가는게 좋을까요,메린이 내 캐릭이 왜 약한지 모르겠어요
비욘드,1,9,2,12,0,1,0,3,0,5,직업,0.3333333333333333,0.4575603286532674,2.2311455889566987,하이퍼버닝 캐릭 삭제 고민,버닝 비욘드 캐릭을 리프시키면 다른 캐릭터에게 가능할까요?,메린이 비욘드버닝 도와주세요ㅠㅠ
모험,1,5,2,9,2,0,0,3,0,0,직업,0.6,0.8729961032414778,2.2310138397869963,모험가 자전,모험가 22성 나오면 18둘둘로 하드 메이린 가능할까요?,뉴비 아이템 셋팅 질문 두개만 부탁드립니다.
주보돌,1,5,4,11,0,0,0,2,0,3,직업,0.4,0.6786134652697577,2.2299348841008504,메린이 부캐 주보돌이 수입 질문입니다.,챌섭 종료후 리프 고민,재획 보다 주보돌이 선호하시는 메린이분 계신가요?
찍을,1,13,1,15,3,1,0,3,0,6,직업,0.23076923076923078,0.3985702875659091,2.2292048688124346,뉴비 아버 템 대체질문,첼린저섭 첼린저 찍고싶습니다 스팩업 질문드립니다,모멘텀 패스 가치 있나요?
아예,1,34,0,34,17,2,1,0,2,12,퀘스트,0.058823529411764705,0.2539684441082316,2.2291471384645485,메잘알 선배님들 질문,메이플 미리보기 나만 이상함??,성장 방향 조언 부탁드려요
했습니다,1,24,0,24,17,1,0,3,0,3,아이템,0.7083333333333334,0.3850364764998977,2.229130215383077,초저자본 메린이 첫 제네시스 잠재 질문,무기 윗잠 돌릴까요,전투력 1억5천 메린이 다음 스펙업을 도통 못잡겠어요 ㅠㅠ
무과금,1,8,3,12,3,0,0,1,0,4,기타,0.5,0.43286419354657485,2.2288378700114615,챌썹 무과금은 여명이 가성비인가요?,챌섭뉴비 과금 질문,유효 2줄로 인정인가요?
카엔슬,1,5,2,8,0,0,3,0,0,2,몬스터,0.6,0.870027477744758,2.2274777701940778,뭔가 잘못됏음은 알겟는데,초보 보스 공략하려면 환산주스탯 몇퍼정도부터 트라이하면 좋을까요?,카엔슬 죽는거 보자마자 팅겼는데
이후에,1,12,1,14,6,0,0,2,0,4,직업,0.16666666666666666,0.437422469515577,2.226794217667874,헥환 7만 중반 ~ 8만 목표 레테 템세팅 조언 부탁드립니다.,메이플 좀 켜두면 생기는 잔렉? 프레임드랍? 해결방법 있을까요..,울티마 카오스 진입 이후에도 아래단계에서 오토돌리는게 겸치 더 잘 오르나요?
질문점요,1,4,4,8,2,0,2,0,0,0,몬스터,0.5,0.865891750398633,2.2264986833844747,미트라 갈아타기 질문점요,카링 3페 질문점요!,풀드메 세팅 질문점요
그런지,1,13,1,15,2,0,1,2,0,8,기타,0.6153846153846154,0.39644178140030506,2.2258122067847577,메린이 플라즈마 하트 갖고싶어요,블링크헤어 ai 일러스트 대체 헤어 알려주실분,검마 데카
마일리지,1,10,3,17,6,1,1,0,1,1,퀘스트,0.1,0.31058780871341934,2.2248223322265153,엠작 질문,메M 마일리지 받는 퀘스트 탭 어딨나요..?,일보 챙겨잡는게 좋나요?
시작해서,1,22,0,22,12,0,0,4,1,5,직업,0.18181818181818182,0.4186929395374158,2.2241517530495454,메린이 하드메이린 잡으려면 어떻게 세팅해야 할까요…,챌섭 스펙업 뭐부터해야할까요?,챌섭 3만점 찍는데 얼마나걸려요??
추천좀해주세요,1,5,3,8,3,0,0,2,0,0,직업,0.4,0.7533915283800685,2.2241169105751752,복귀유저인데 템바꿀 순서 추천좀요,(수정) 조건에 맞는 본캐 추천좀해주세요!,조건에 맞는 본캐 추천좀해주세요!
치면,1,11,1,13,5,0,2,1,0,3,몬스터,0.18181818181818182,0.48118810197462675,2.2229881816867394,다음 스펙업을 뭐 하는게 나으려나요??,이번챌섭 유입 렌 하메 120퍼 만들고싶어요,레전 잠재를 어디 주는게 좋을까요?
날까요,1,8,1,9,6,0,0,0,0,2,아이템,0.75,0.6746376658839944,2.222348498812154,도전자 vs 17에테 7셋,형님들 드메템 vs 보스용장비 뭐 먼저맞추는게좋을까요?,제네 잠재 옵이 이러면 에디셔널 돌리는게 날까요..??
상위,1,8,1,9,6,0,0,0,0,2,아이템,0.75,0.6746376658839944,2.222348498812154,궁금해서 그런데 왕예인 따려면 얼마써야됨??,칠흑 아랫급에 별누르는건 요새 별로임?,챌섭 아케인 쌍크 장갑 팔아야되나요 ? 메린이 템세팅 방향성 한번 잡아주시면 감사하겠습니다.
상점,1,8,1,10,6,0,0,0,0,2,아이템,0.75,0.6746376658839944,2.222348498812154,메린이 에디 레전 천장 어떻게 하는게 좋을까요,하트 업그레이드 모듈 질문있습니다,미라클 타임.. 엠블 vs 하트
에디 레어,2,8,1,9,6,0,0,0,0,2,아이템,0.75,0.6746376658839944,2.222348498812154,얼굴장식 토드,윗잠 유니크에서 레전 VS 에디 레어에서 에픽,메린이 템 셋팅 질문!!
유효,1,8,1,16,6,0,0,0,0,2,아이템,0.75,0.6746376658839944,2.222348498812154,"레테 추옵, 잠재 이상태면 대적자코인 어디에 쓰는게 좋을까요?",법사 선배님들 템진로 도와주시면 감사하겠습니다,유효 2줄로 인정인가요?
챌섭 보마,2,8,1,10,6,0,0,0,0,2,아이템,0.75,0.6746376658839944,2.222348498812154,"안녕하세요 메쌤, 메형님들 뉴비 질문 몇 가지만 해도 될까요?",챌섭 보마 무보엠 적당한지,이번 모멘텀 패스 및 경험치 BM류 관련 질문입니다
바인드,1,6,3,19,0,0,0,2,0,4,직업,0.3333333333333333,0.61294895204801,2.2219915641451538,보마 메이린 배율 질문있습니다 !,이번에 바인드 패치로 배율 올라갔나요?,솔 헤카테 스킬 질문입니다 !
뭐로,1,10,1,12,8,0,0,2,0,0,직업,0.2,0.533936208036167,2.2215411961596656,본캐 추천 부탁드리겠습니다....,하드 메이린 잡았는데,챌린저스 스트라이커 템셋팅
키보드,1,6,3,14,0,0,0,1,0,5,기타,0.8333333333333334,0.6121991411650903,2.220958627886113,동전꼽기가 운영정책 위반인지 여부,메이플 키패드 + 키보드 정지임?,키보드 꾹이 안먹히는데 필터키 문제인가요
필터키,1,6,3,14,0,0,0,1,0,5,기타,0.8333333333333334,0.6121991411650903,2.220958627886113,동전꼽기가 운영정책 위반인지 여부,필터키 수치 질문 있습니다.,키보드 꾹이 안먹히는데 필터키 문제인가요
좋다고,1,22,0,22,14,0,1,1,0,6,아이템,0.6363636363636364,0.41518180203238136,2.2186471773803613,챌린저 찍어보고 싶은데 여기서 뭘 더 해야 할까요?,지난주에 챌섭 시작한 뉴비인데 제네시스 패스 사도 되나요?,메린이 추옵고르는것좀 도와주세여
이것,1,15,1,18,7,0,1,1,0,6,기타,0.4,0.32488526565091286,2.2186080442893674,친구가 자꾸 보스에서 이상한 물약이뜬다고하는데 뭔지좀 알려주실분 도저히 모르겟음,템사기 vs 6차업글 도 환산 사이트보고 하면 되나요?,친구계정 레잠 쓰는것도 정지되나요?
10억,1,12,1,16,8,0,0,0,1,3,아이템,0.6666666666666666,0.4311384034017507,2.217059207688221,메린이 하드 메이린 배율 105인데 못잡겠습니다..,루나 크리스탈 키 평소 시세가 10억 쯤 될까요?,에테장갑 17>18 파방하시나여?
구매할,1,14,0,15,10,0,0,0,0,4,아이템,0.7142857142857143,0.6334194966998262,2.2116909982611173,"익스우, 노흉 목표 템 진로 질문좀요",챌섭 쌩뉴비 여러 가지 질문 드립니다 !,메린이 많이 성장했지만 다시 막막해짐..
아케인포스,1,6,2,12,1,0,2,0,0,3,몬스터,0.3333333333333333,0.7074314100553213,2.2087762905891384,겨울에도 재네패스 하나요?,선생님들이라면 이 예전 미해방 본캐 어케 처리하실건가요?,안녕하세요 뉴비 검마 질문드려요
담주,1,12,1,13,8,0,1,0,0,3,아이템,0.6666666666666666,0.42559626992942706,2.2084735684405805,챌섭 유입 메린이 템 진로 고민입니다 !!,이제 뭘 더 올리지... 레벨은 너무 오래 걸리는데ㅇㅅㅇ,이제 하드진힐라 잡고 다이아 찍은 뉴비 진로 좀 부탁드려요
장신구들,1,12,1,14,8,0,1,0,0,3,아이템,0.6666666666666666,0.42559626992942706,2.2084735684405805,"익스우, 노흉 목표 템 진로 질문좀요",메쌤 도와줘요,챌섭 챌린저 찍었는데 미래 고민되네여
엘리시움,1,6,1,10,1,0,0,0,0,5,기타,0.8333333333333334,0.8785546643518372,2.2078190743181216,챌섭 종료후 리프 고민,챌섭 이동 질문,이번 유입 월드리프 질문합니다!
크로아,1,6,1,13,1,0,0,0,0,5,기타,0.8333333333333334,0.8785546643518372,2.2078190743181216,님들 리프 질문 285렙 링크 관련,"250,200레벨 달성비약 어디다가 써야하나요??",리프 질문드려요 결정석
하이퍼 버닝,2,6,1,7,1,0,0,0,0,5,기타,0.8333333333333334,0.8785546643518372,2.2078190743181216,메이플 처음하는데 도와주실분..,꼭 챌린저스나 하이퍼버닝으로 키워야 하나요 ?,캐릭터 삭제
12시,1,5,2,7,1,0,0,0,0,4,기타,0.8,0.8526665699072489,2.2067983755120935,12시 넘으면 점검 전이라도 숙제들 초기화 되나요?,해방무기 작 하는 거 질문,PC방 최대시간도 12시 기준으로 초기화되나요?
모멘텀패스,1,5,2,8,1,0,0,0,0,4,기타,0.8,0.8526665699072489,2.2067983755120935,유료 경험치 주는것들 효율 궁금해요,"모멘텀패스 1차, 2차 각각 다른 캐릭터에 지정 가능한가요?",경험치 bm 문의드려요
오래,1,14,1,15,6,0,2,0,2,4,몬스터,0.14285714285714285,0.34778014692438725,2.2044112893129237,선생님들 헥사환산 몇을 목표로 잡아야할까요?,메린이 엠블럼,이제 뭘 더 올리지... 레벨은 너무 오래 걸리는데ㅇㅅㅇ
끝나고,1,11,1,12,8,0,0,0,1,2,아이템,0.7272727272727273,0.4675984964903108,2.2025927083871997,챌섭 시작전에 자석펫 얼마였어요??,미트라 vs 에테 장갑 고민 추천 부탁드립니다.,4여명 깨고 4흙칠흑 vs 4여명 유지 2흙칠흑
500억,1,8,1,9,5,0,0,0,2,1,시세,0.25,0.6584803091793863,2.2009066799944077,500억 템세팅 알려주세용,공 51 22 앜블 시세 질문드립니다!,뉴비 템세팅 고견 주실 수 있을까요?
에디셔널 큐브,2,5,3,8,4,0,0,0,0,1,아이템,0.8,0.7343719051785197,2.199991172021839,"에디 레전 천장 60개 남았는데, 진로 조언 부탁드립니다!",에디셔널 큐브가 종류가 또있나요.?,이번에 첫챌섭 시작한 뉴비 해방이후에 템세팅이 궁금해요 ㅇㅅㅠ
이벤링 잠재,2,5,3,8,4,0,0,0,0,1,아이템,0.8,0.7343719051785197,2.199991172021839,이벤링 잠재 질문,이벤링 잠재가 아쉬울때,메린이인데 이벤링 잠재 두개중 골라주세요 ㅜㅜ
찍고싶은데,1,5,3,8,4,0,0,0,0,1,아이템,0.8,0.7343719051785197,2.199991172021839,"메린이 질문드립니다 자석펫,드메,스펙업",챌린저 찍고싶은데 스펙업방향 조언부탁드려요,"다음 미라클 언제인가요 ㅠㅠ,.."
프펫,1,5,3,8,4,0,0,0,0,1,아이템,0.8,0.7343719051785197,2.199991172021839,챌썹 코인 사용처?,챌섭 메소 어디다 써야하나요?,챌섭 프펫 가격
카이저,1,7,2,9,2,0,0,2,0,3,직업,0.2857142857142857,0.5910816473994608,2.199504547885753,직업 고민,카이저 바이퍼 둘중,보스돌이 재화투자 질문
같은거,1,10,2,12,3,1,0,1,0,5,퀘스트,0.1,0.379543869338897,2.1991325630107816,꼭 챌린저스나 하이퍼버닝으로 키워야 하나요 ?,메이플은 쩔? 버스? 같은거 없나요??,챌섭 보상 250 레테 딸깍 했는데 템 세팅 추천 좀 부탁합니다
5만,1,9,1,10,6,0,0,0,0,3,아이템,0.6666666666666666,0.5802430494260673,2.1976394281519345,본섭 깡통캐릭 유챔하는거 별로일까요?,본캐 데티해방까지 본캐만 쭉 투자해도되나요?,4여명 깨고 4흙칠흑 vs 4여명 유지 2흙칠흑
있게,1,9,1,10,6,0,0,0,0,3,아이템,0.6666666666666666,0.5802430494260673,2.1976394281519345,하드 메이린 잡고 싶은데 스펙업 방향을 알려주세요!,[질문] 복귀 유저 아버 이후 에테르넬 17성 풀셋 질문,썜들 메린이 챌린저 찍을 수 있게 진로부탁드립니다..
3줄을,1,8,0,8,8,0,0,0,0,0,아이템,1.0,1.0,2.1972245773362196,메린이 에디 레전 천장 어떻게 하는게 좋을까요,챌섭 블큐 화에큐 사용처 및 챌 달성 질문,제네무기 옵션 방향성좀 알려주세요...
나왔습니다,1,8,0,8,8,0,0,0,0,0,아이템,1.0,1.0,2.1972245773362196,형들 이거 얼마에 팔릴까요? 법사에테뚝,궁수 미트라 옵션,마깃안 vs 미트라
다른부위,1,8,0,8,8,0,0,0,0,0,아이템,1.0,1.0,2.1972245773362196,첼섭뉴비 2칠흑 맞추고싶은데 고근갈까요?,에테 27 vs 30,해방무기 질문입니다
목표 하드,2,8,0,8,8,0,0,0,0,0,아이템,1.0,1.0,2.1972245773362196,제네 플러스 어떻게 하는게 좋을까요,챌섭 뉴비 방향성 조언 부탁드려요 메짱형님들,렌 스펙업 도움 부탁드려도 될까요?
뽑는게,1,8,0,9,8,0,0,0,0,0,아이템,1.0,1.0,2.1972245773362196,제네무기 옵션 방향성좀 알려주세요...,대적자 큐브 어디에 던질까요??,안녕하세요 쌩뉴비입니다 오늘 제네시스 해방했는데 한번만 봐주세요 ㅠㅠㅠㅠ
유니크 에픽,2,8,0,8,8,0,0,0,0,0,아이템,1.0,1.0,2.1972245773362196,메린이 내 캐릭이 왜 약한지 모르겠어요,제네시스무기 잠재 질문드립니다(찐늅입니다ㅠㅠ),법사 에테 상의 깡통 쌍레 팔릴까요?
챌섭 복귀해서,2,8,0,8,8,0,0,0,0,0,아이템,1.0,1.0,2.1972245773362196,본캐를 올릴가요 버린 부캐를 살릴까요,복귀유저 템세팅 질문드립니다.,"메린이 레잠 2개, 에유잠 1개 사용처 질문"
추옵 1추,2,8,0,8,8,0,0,0,0,0,아이템,1.0,1.0,2.1972245773362196,제네무기 어디를 건드려야 될까요?,제네패스 plus 코인들 어따 쓸가요,해방 코인 사용처 질문 드려요
판다,1,8,0,10,8,0,0,0,0,0,아이템,1.0,1.0,2.1972245773362196,메린이 에디 레전 천장 어떻게 하는게 좋을까요,형들 마깃안 에디 3줄 어떻게 처리할까요,미트라 판매 vs 들고가기 (메고수님들 도와주세요ㅠㅠ)
후자,1,8,0,9,8,0,0,0,0,0,아이템,1.0,1.0,2.1972245773362196,22성 에테 뚝배기 공6리턴 완작 질문드립니다,무기 추옵 질문,뉴비 레테 미트라 구매 질문
올려야할까요,1,7,2,9,3,0,2,1,0,1,몬스터,0.2857142857142857,0.5885028467305246,2.195939624735086,크주잡 에테 스타포스 어디까지 올려야할까요?,보마 하드메이린 연모배율 103.6퍼에 어센트 2번봤는데 3.8퍼 남으면 최종뎀 얼마나 올려야할까요???,이제 뭘 더 올리지... 레벨은 너무 오래 걸리는데ㅇㅅㅇ
추천좀요,1,6,4,10,5,0,0,1,0,0,아이템,0.8333333333333334,0.5217836261121718,2.195520318690279,"연마석 10개쓰고 리컨4렙인데, 다음 도전 몇개할지 냉철한 판단 좀여",5초 뚝질문,카레잠 사용처 추천좀요
채집,1,12,2,17,3,1,0,1,1,6,퀘스트,0.08333333333333333,0.287349367455681,2.1951333148733156,안녕하세요 메린이인데 질문있습니다.,레테유입 이제뭐함?,안녕하세요...메이플 시작 3주차인데..
상황인데,1,18,0,18,13,0,0,2,0,3,아이템,0.7222222222222222,0.49046375101447015,2.194289782760815,무기 윗잠 돌릴까요,"안녕하세요 메쌤, 메형님들 뉴비 질문 몇 가지만 해도 될까요?",메린이 하드 메이린 배율 105인데 못잡겠습니다..
불가,1,6,3,10,3,0,0,0,0,3,기타,0.5,0.5913081818747175,2.192179331894651,[사전월드리프] 여러 서버로 이동 불가 관련 문구 문제,뉴비 해방이후 스펙업 방향성 검토 부탁드리겠습니다,하이퍼버닝 계정 탈퇴 후 재가입 해도 불가 재참여 방법 질문
조언부탁드려요,1,6,3,9,3,0,0,0,0,3,기타,0.5,0.5913081818747175,2.192179331894651,대적자코인 조언부탁드려용,챌린저 찍고싶은데 스펙업방향 조언부탁드려요,메린이 하드메이린킬 위한 스펙업 조언부탁드려요
키우고 있는데,2,15,0,15,6,0,0,4,0,5,직업,0.26666666666666666,0.5807228376127582,2.191347156275999,챌섭 리프할때 보상 어떻게 하나요?,펫물약설정질문,자전 질문
있나,1,11,1,12,4,0,0,0,1,6,기타,0.5454545454545454,0.4594083014308887,2.190300747090365,대적자 3페 연습모드 여는 방법,메이플 및 배경화면 글자 깨짐,루컨마 추옵 가격 좀 알려주세요
어느게,1,8,2,11,6,0,0,1,0,1,아이템,0.75,0.49878016789360424,2.1892636602976747,에테 장갑은 크주 vs 쌍크 어느게 가성비 좋나요,레테 무기 잠재 질문좀 드립니다!,제네 윗잠 봐주삼요
40억,1,13,0,14,12,0,0,0,1,0,아이템,0.9230769230769231,0.6587965388496576,2.188829582095805,갓 2억단 뉴비 다음 스펙업 추천 부탁드립니다.,메린이 본캐 템 질문드립니다!!,미라클때 에테장갑 만들어볼까요?
250작,1,6,3,10,2,1,0,0,0,3,퀘스트,0.16666666666666666,0.5883895096919539,2.1881585816034708,유니온 250작 템셋팅 어떻게 해야할까요?,메m 250작 질문!,경험치 BM 280작 250작 무난할까요?
하던데,1,25,0,26,15,2,1,1,0,6,퀘스트,0.08,0.34301091759971575,2.187829610578344,아케인뚝 그정도로 별로에요?,님들 울티마 아이템 분해 질문좀...,보마 검마 3페 사선 피하는 법 질문입니다.
몬스터,1,6,2,9,0,0,2,0,0,4,몬스터,0.3333333333333333,0.6905281159169785,2.1869097634151906,렌 하세 환산 118.7% 로 1초 남기고 잡게될 것 같은데...,메이플 쌩뉴비 질문드려요...,찐뉴비좀 도와줘!!(렙이 안올라!!)
보다,1,12,1,13,5,0,2,2,0,3,몬스터,0.16666666666666666,0.4110056456609097,2.1858703891788505,에테 레전23% vs 유닠24%,어려운 직업 위주로 하시는 분 있나요,대학생 유저 메이플 질문
결국,1,25,0,25,11,0,2,4,0,8,직업,0.16,0.34059329928558857,2.183891193648586,미트라 교체 타이밍 궁금합니다,뉴비 검마까지 방향성 조언좀....,미트라 vs 에테 장갑 고민 추천 부탁드립니다.
체력,1,10,0,11,1,0,6,1,0,2,몬스터,0.6,0.8204813828738674,2.1826618511053435,캡틴 하드메이린 환산 118퍼인데 안잡혀요,데벤져 컨티 3렙,렌 카칼 질문드립니다.
무기 에디,2,11,0,11,9,0,0,0,0,2,아이템,0.8181818181818182,0.7567054870526022,2.1826245732480394,헥환 8만 목표 과금 어느정도 해야할까요?,에디 레전 천장 사용처가 고민입니다....,잠재 좀더 돌려야될까요?
메르,1,9,1,17,2,0,0,1,0,6,기타,0.6666666666666666,0.5687415079186993,2.1816442677174064,250 달성의 비약 질문드려요,본섭에 유니온 만들려는데 고민상담좀 해주십쇼..,291 메르 vs 281 레테 조언 부탁드립니당ㅠ
익스우 솔플,2,8,3,12,5,0,0,1,0,2,아이템,0.625,0.40076372634145574,2.178905198601242,메린이 익스우 템세팅 질문,익스우 솔플가려면 얼마나 더 써야될까요?,본섭 깡통캐릭 유챔하는거 별로일까요?
저도,1,8,3,12,5,0,0,1,0,2,아이템,0.625,0.40076372634145574,2.178905198601242,저도 유튜브보면서 재획하고싶은데,미트라를 믿기 vs 똥블렘을 믿기,이 골때리는 코디를 저도 하고싶습니다
어차피,1,24,0,24,13,0,0,1,1,9,기타,0.375,0.3536617544709105,2.1786345482575435,메제 채우고 계속 사냥하실때 재획비 드시나요?,울티마 스쿼드 코인샵 본섭 실수,챌섭뉴비 레테 템 진로 잘 짠걸까요??
챌섭캐릭,1,12,1,15,6,0,0,1,0,5,기타,0.4166666666666667,0.40603299787061986,2.1781669731124187,복귀메린이 유챔 세렌정도 잡을템셋 조언 부탁드립니다!,대적자큐브 사용처 질문,1억 2천만 아란 엠블렘 조언 구합니다
몰라서,1,35,0,35,18,2,2,4,1,8,직업,0.11428571428571428,0.21524186944228177,2.177421126975612,챌린저 찍어보고 싶은데 여기서 뭘 더 해야 할까요?,어제 시작한 뉴비 제네패스,제네 추옵 질문입니다.
헥사 스탯,2,6,4,11,1,0,0,1,0,4,기타,0.6666666666666666,0.5090067107332761,2.1770867011619988,헥사 스탯 질문입니다,복귀뉴비 아크 템세팅 질문입니다...,오늘 헥사 스탯 먼저 올려도 되나요??
제네시스 무기 해방,3,6,3,10,4,0,0,0,0,2,아이템,0.6666666666666666,0.5802430494260673,2.176936052852353,챌린저스 서버 저번주에 알아서 이제 시작하는데 제네시스 무기 해방 될까요??ㅜㅜ,챌섭 뉴비입니다! 이번에 미라클 타임 때 뭐 할까요??,카르마 블랙큐브 화이트큐브 사용처
풀셋,1,6,3,10,4,0,0,0,0,2,아이템,0.6666666666666666,0.5802430494260673,2.176936052852353,이번 마라벨 풀셋 가격?,[질문] 복귀 유저 아버 이후 에테르넬 17성 풀셋 질문,부캐 방어구 질문
19성,1,9,1,12,8,0,0,0,1,0,아이템,0.8888888888888888,0.5627845249519323,2.17335990877316,하드 메이린 깨고나서 스펙업 질문,챌섭 4여명5보장 18성 유에 장신구들 하나씩 19성 올리는거 비추인가요??,데이브 유니크19성요즘시세얼마하나요?
잡아,1,7,1,10,1,2,0,0,0,4,퀘스트,0.2857142857142857,0.727575956840206,2.169705189386832,찐뉴비좀 도와줘!!(렙이 안올라!!),제네시스 패스 도전보스 질문,보조무기 질문 드려요 !
포스,1,11,0,13,3,0,4,0,0,4,몬스터,0.36363636363636365,0.7461335976003787,2.1694894940477125,안녕하세요 뉴비 검마 질문드려요,검마 아케인포스 질문,검마 가고 싶은데 될까요?
키우고 있는,2,21,0,21,12,0,0,0,1,8,아이템,0.5714285714285714,0.40282401571627824,2.168094293584805,챌섭리프,"안녕하세요 메쌤, 메형님들 뉴비 질문 몇 가지만 해도 될까요?",본캐를 올릴가요 버린 부캐를 살릴까요
부탁합니다,1,7,2,9,6,0,0,1,0,0,아이템,0.8571428571428571,0.5669729146698427,2.1661767376069863,"스펙 업 질문, 훈수 환영",메고수 형님들 뉴비 스펙업 도움,복귀메린이 직업추천
살짝,1,10,1,11,5,0,0,2,0,3,직업,0.2,0.49525919498820814,2.1655267560673694,템 가성비 셋팅 질문,대장장이 고견 나눠주실 메짱엉아들?,살짝 과부화 오는데 방향성 한번만 잡아주실분..?
160억,1,5,1,6,5,0,0,0,0,0,아이템,1.0,1.0,2.164345376529158,보조무기 추천,뉴비 레테 미트라 구매 질문,22가엔링(데브팬)vs어센틱심볼올만렙
18아케인,1,5,1,6,5,0,0,0,0,0,아이템,1.0,1.0,2.164345376529158,메짱이 선생님들 아버 이후에 질문있습니다. 17에테 VS 18아케인(+27여명),18아케인에서 스팩업 질문,유챔 sss 노칼 깨려면 템셋 어느정도?
200만,1,5,1,6,0,0,0,0,0,5,기타,1.0,1.0,2.164345376529158,하이퍼버닝 계정 탈퇴 후 재가입 해도 불가 재참여 방법 질문,어제부터 전투력이 200만 정도 널뛰기하는데 원인을 모르겠습니다..,챌린저스 패스 지원 물품 받았는데
30퍼 깡통,2,5,1,7,5,0,0,0,0,0,아이템,1.0,1.0,2.164345376529158,안녕하세요 선생님들 템 진로 고견좀 여쭙습니다,햄들 스펙업 조언좀 부탁드림다...,힘 여명 30퍼 깡통 35억 즈음이면 비쌀까요?
7보장,1,5,1,6,5,0,0,0,0,0,아이템,1.0,1.0,2.164345376529158,메린이입니다. 훈수를 부탁합니다.,챌섭 뉴비.. 가고 있는 방향이 제대로 된 건지 모르겠어요,4여명 가는게 맞을까요?
건드려야,1,5,1,6,5,0,0,0,0,0,아이템,1.0,1.0,2.164345376529158,제네무기 어디를 건드려야 될까요?,스펙업 질문,제네 방향성 도움 바랍니다
교체해야,1,5,1,6,5,0,0,0,0,0,아이템,1.0,1.0,2.164345376529158,메린이 많이 성장했지만 다시 막막해짐..,챌섭 복귀유저 렌 스펙업 훈수 부탁드립니다.,형님들 템 뭐 부터 교체해야 하는지 추천 부탁드립니다.
등급업,1,5,1,7,5,0,0,0,0,0,아이템,1.0,1.0,2.164345376529158,뉴비 보조무기 질문,메멘토 골드큐브 사용하면 등급업도 가능한가요?,미트라를 믿기 vs 똥블렘을 믿기
마이스터링,1,5,1,7,5,0,0,0,0,0,아이템,1.0,1.0,2.164345376529158,메획 1줄 마이스터링,뉴비 아이템 셋팅 질문 두개만 부탁드립니다.,이벤링 아드템으로 끼고싶은데 도와주세요 ㅠ
메이린 목표,2,5,1,6,5,0,0,0,0,0,아이템,1.0,1.0,2.164345376529158,잠재 좀더 돌려야될까요?,하드 메이린 목표 템셋팅 조언좀 부탁드립니다,마도서vs노작잡레전고근
모았는데,1,5,1,7,5,0,0,0,0,0,아이템,1.0,1.0,2.164345376529158,메린이 보조 바꿀려고 45억 모았는데 어떻게 할까요 ㅜㅜ,[메린이]100억 스펙업 궁금합니다.,헥환5만 다음 아이템 변경 어떻게 가면 좋을까요?
미트라 가격,2,5,1,7,5,0,0,0,0,0,아이템,1.0,1.0,2.164345376529158,챌린저 하고 싶은데 여기서 무보엠 바꿔주면 되나요?,뉴비 칠흑셋 순서 질문있습니다!,18칠흑 22여명보장 뭐가야할까요?
바꿀려고,1,5,1,6,5,0,0,0,0,0,아이템,1.0,1.0,2.164345376529158,메린이 보조 바꿀려고 45억 모았는데 어떻게 할까요 ㅜㅜ,템잘알 메고수분들 도와주세요,본캐 옮길려고 하는데 템을 팔아야할지 고민됩니다.
발라,1,5,1,6,5,0,0,0,0,0,아이템,1.0,1.0,2.164345376529158,메린이 렌 키우는데 보조무기 궁금한게 있습니다,얼굴장식 토드,카레잠 질문있어요
블랙보조무기,1,5,1,6,5,0,0,0,0,0,아이템,1.0,1.0,2.164345376529158,해방무기 옵션 질문입니다.,엠블렘 / 블랙보조무기 직작 해버렸는데 이럼안돼요?,카레잠 어디에 바르는게 좋을까요?
사양,1,5,1,6,0,0,0,0,0,5,기타,1.0,1.0,2.164345376529158,"메이플 캐릭변경, 캐시샵 튕김현상 제발 도와주세요",메이플 렉 걸리지 않는 사양,컴고수 선생님들 게임이 계속 멈춥니다
생기면,1,5,1,7,5,0,0,0,0,0,아이템,1.0,1.0,2.164345376529158,메린이 한 100억정도 생기면,플하 터짐 ㅠㅠ,추후 어떻게 스펙업할지 궁금해요
에디 메소,2,5,1,6,5,0,0,0,0,0,아이템,1.0,1.0,2.164345376529158,카에유잠 사기 vs 에디 메소 등업,메고수 형님들 뉴비 스펙업 도움,자석펫 vs 스펙업
우선 순위,2,5,1,6,5,0,0,0,0,0,아이템,1.0,1.0,2.164345376529158,제네 추옵 윗잠 밑잠 중 우선 순위 부탁드립니다.,드랍템 먼저 맞출까요 스펙업을 먼저 할까요,5석펫인데 스펙업 순서 추천 좀…
이벤링 큐브,2,5,1,7,5,0,0,0,0,0,아이템,1.0,1.0,2.164345376529158,이벤링 큐브 질문,이벤링 주스텟 21% vs 아획 또는 메획 1줄,코인 4500개 남았는데 이벤링레전주문서 사야되나요
잠재 유니크,2,5,1,6,5,0,0,0,0,0,아이템,1.0,1.0,2.164345376529158,미라클 어디에 질러야 할까요?,뉴비 레테 레전 똥블렘 그냥 쓰면될까요?,도전자풀셋 vs 에테르넬12성
잡레전,1,5,1,7,5,0,0,0,0,0,아이템,1.0,1.0,2.164345376529158,챌섭 스펙업 어떻게 할까요? 미트라? 보장?,"메린이 오늘 첫 해방했는데, 잠재 돌리고 남은 블랙큐브는 어디에 쓰는게 좋나요?",메린이 챌섭 미라클 타임 문의
저렴한,1,5,1,7,5,0,0,0,0,0,아이템,1.0,1.0,2.164345376529158,"익스우, 노흉 목표 템 진로 질문좀요",에디 레전천장 사용처 추천부탁드려요 + 도전자 대체셋 질문,아버 대체 준비 질문
전부위,1,5,1,7,5,0,0,0,0,0,아이템,1.0,1.0,2.164345376529158,복귀메린이 유챔 세렌정도 잡을템셋 조언 부탁드립니다!,"방어구, 장신구 템셋 훈수 부탁드립니다 (글삭X)","다음 스펙업 질문,,"
제네플러스 코인,2,5,1,6,5,0,0,0,0,0,아이템,1.0,1.0,2.164345376529158,해방무기 제네플러스 코인 어떤거 할까요??,제네 플러스 코인 뭐돌릴까요?,제네 무기 관련 질문!
칠흑 2셋,2,5,1,6,5,0,0,0,0,0,아이템,1.0,1.0,2.164345376529158,저 거공 먹었는데 사용해도 되나요?,반지 뭐 사야할까요?,뉴비 카레잠 소모처 질문
카르마 블큐,2,5,1,7,5,0,0,0,0,0,아이템,1.0,1.0,2.164345376529158,스펙업 질문있어요,"메린이 오늘 첫 해방했는데, 잠재 돌리고 남은 블랙큐브는 어디에 쓰는게 좋나요?",미라클 어디에 질러야 할까요?
판단,1,5,1,7,5,0,0,0,0,0,아이템,1.0,1.0,2.164345376529158,"연마석 10개쓰고 리컨4렙인데, 다음 도전 몇개할지 냉철한 판단 좀여",메짱님들 골클벨 잠재 33%인데 팔리나요? 조언 구합니다,"에테 17을 직작하는거보다 사와서 샤타포스때 18,19++ 로 점진적 성장하는건 별론가요?"
핑크빈,1,5,1,6,5,0,0,0,0,0,아이템,1.0,1.0,2.164345376529158,챌섭 파풀마 사려는데 고민이에요!,핑크빈 후디는 못얻나요?,메린이 하드메이린킬 위한 스펙업 조언부탁드려요
하드 메이린 목표,3,5,1,6,5,0,0,0,0,0,아이템,1.0,1.0,2.164345376529158,잠재 좀더 돌려야될까요?,하드 메이린 목표 템셋팅 조언좀 부탁드립니다,마도서vs노작잡레전고근
현명할까요,1,5,1,6,5,0,0,0,0,0,아이템,1.0,1.0,2.164345376529158,재네 무기 대적자 코인 어따 쓸까요,카르마 블큐 사용처 질문,응얘 메린이..현질 30만원에 조언 부탁드립니다..
알려주실,1,13,2,15,7,1,1,2,1,1,직업,0.15384615384615385,0.23292731415093265,2.163077007255373,메린이 내 캐릭이 왜 약한지 모르겠어요,1억 플마단 되려면 뭐부터 해야 하나요?,시세 측정 가능할까요?
가지,1,7,2,10,1,0,0,1,0,5,기타,0.7142857142857143,0.5644333035939294,2.1626659899841587,"안녕하세요 메쌤, 메형님들 뉴비 질문 몇 가지만 해도 될까요?",챌섭 쌩뉴비 여러 가지 질문 드립니다 !,블랙보조12/60 아랫잠 고민
혜택,1,7,2,11,1,0,0,1,0,5,기타,0.7142857142857143,0.5644333035939294,2.1626659899841587,뉴비 부캐 유니온 질문,피시방 혜택에 자석펫이 있나요???,꼬님키
뉴비라,1,14,0,14,11,0,0,1,0,2,아이템,0.7857142857142857,0.5953611934593595,2.1601591003891403,메짱 친구들아 뉴비 템 견적 어디까지 됨..?,보공 비율이 너무 높은거 같아 고민입니다..,형님들 메이플 id관련좀 알려주십숑
봐도,1,17,1,20,8,1,1,0,1,6,퀘스트,0.058823529411764705,0.2359315678293425,2.157570476720862,메이플 쌩뉴비 질문드려요...,이런거 21성 샤타때 올리면 처분할때 잘 팔려요??,보40 마9 9 로 봐도 될까요 잠재가 애매해요...
않아서,1,17,0,18,15,1,1,0,0,0,아이템,0.8823529411764706,0.4914764683056105,2.1554607307786253,메린이 하드 메이린 배율 105인데 못잡겠습니다..,환산 7~8만대 미트라 옵션 추천 좀 해주십쇼,환산 7.8 헥환 7만 진로질문드립니다!
예정,1,23,0,26,15,1,0,1,1,5,아이템,0.6521739130434783,0.3563341169033373,2.1552514177281243,선생님들 헥사환산 몇을 목표로 잡아야할까요?,마도서 먹었는데 어쩌죠?,에테리온 효과 다 받는 기준이면 몬파 매일 3천포인트 씀??
키우다,1,14,0,15,4,0,0,4,0,6,직업,0.2857142857142857,0.5910816473994608,2.1543644876050725,모멘텀 패스 구매고민,285렙 주차 질문,형님들 메이플 id관련좀 알려주십숑
마크,1,7,1,10,5,0,0,0,2,0,시세,0.2857142857142857,0.7131393188283923,2.151573860175222,이정도면 살만 한가요?,여명 놀긍작 질문있습니다.,하드 스우에서 루컨마 떳는데
나오고,1,17,0,19,7,0,3,1,0,6,몬스터,0.17647058823529413,0.4887277612123611,2.1514883381020966,안녕하세요 챌섭유입 뉴비입니다.,하드 메이린 잡고 챌달고싶은데 뭘 건드려야할지 막막합니다.. ㅠㅠ,18아케인에서 스팩업 질문 있습니다
들고,1,13,1,14,7,0,1,0,0,5,기타,0.38461538461538464,0.34963125048652344,2.1512001087354635,본섭에서 키웠던뉴비인데,뉴비 스펙업 진로 고민있어요,이번 모멘텀 패스 및 경험치 BM류 관련 질문입니다
지금이라,1,12,2,14,2,1,0,2,1,6,직업,0.16666666666666666,0.26092862578399556,2.150081791399308,뉴비 보조무기 질문,챌섭에서 본캐를 바꾸고 싶어요 ㅠㅠ,뉴비 질문있습니다
하더라고요,1,17,0,17,13,0,0,1,1,2,아이템,0.7647058823529411,0.48705171191860175,2.149066135330335,여명셋 질문 있습니다!,"뉴비 챌섭이후 본섭 준비 질문,평가해주세요",작을 새로 해주는게 나을까요?
사용하는게,1,10,1,11,7,0,0,1,0,2,아이템,0.7,0.48355301380033283,2.1485731411632214,"익스우, 노흉 목표 템 진로 질문좀요",잠재 질문,카데나에 대한 질문입니다
높은거,1,5,3,9,4,1,0,0,0,0,퀘스트,0.2,0.693806118902279,2.1485348658931556,챌섭 유입 메린이 템 진로 고민입니다 !!,보공 비율이 너무 높은거 같아 고민입니다..,추옵 높은거 돈 더내고 사는거 ㄱㅊ?
늦게,1,13,0,13,6,0,0,0,0,7,기타,0.5384615384615384,0.6279720442301868,2.148155777867205,메린이 해방무기 질문,메이플 늦은 유입 뉴비 현시점 제네패스 질러도 될까요?,챌섭 스펙업 뭐부터해야할까요?
가량,1,12,0,12,9,0,0,0,0,3,아이템,0.75,0.6746376658839944,2.1476804025450194,미트라 갈아타기 질문점요,레테 하드 메이린 스펙 업 질문 있습니다!,제네무기vs미트라 미라클때 등업 머할까요
무료,1,12,0,12,9,0,0,0,0,3,아이템,0.75,0.6746376658839944,2.1476804025450194,메짱이 선생님들 아버 이후에 질문있습니다. 17에테 VS 18아케인(+27여명),뉴비 챌섭 자석펫 팔기 vs 쓰기,챌섭에서 석펫 사서 재획 vs 본섭에서 풀드메템으로 재획
상태이고,1,12,0,12,9,0,0,0,0,3,아이템,0.75,0.6746376658839944,2.1476804025450194,메이플 챌섭 뉴비 아이템 추가 스펙업 질문합니다!,메린이 템셋 조언 부탁드립니다.,챌섭 진로 질문이요
가횟,1,12,0,12,9,0,0,0,3,0,시세,0.25,0.6744449701201086,2.147433275107137,18에테 22아케인 질문있습니다,카에유잠 사기 vs 에디 메소 등업,복귀메린이 유챔 세렌정도 잡을템셋 조언 부탁드립니다!
사용해,1,9,2,11,4,0,0,1,0,4,기타,0.4444444444444444,0.40274109305214645,2.1472316038563846,이번 챌섭 유입 메린이 제네시스 무기 잠재능력 질문 있습니다,저 거공 먹었는데 사용해도 되나요?,뉴비 제네시스 무기 작 질문드립니다.
마저,1,11,1,12,5,0,0,1,0,5,기타,0.45454545454545453,0.4301776659352474,2.146430993368081,제네무기 옵션 방향성좀 알려주세요...,챌섭말고 레벨업 빠르게 할만한 방법 있음?,대적자큐브 계획 질문
메소 모아서,2,16,0,16,11,0,0,1,0,4,아이템,0.6875,0.5147440967949969,2.145796593934983,초저자본 메린이 첫 제네시스 잠재 질문,성장 방향 조언 부탁드려요,메린이 챌린저 달았는데 이제 세팅 뭐부터할까요?
들었는데,1,23,0,23,9,0,2,0,3,9,시세,0.13043478260869565,0.34798673020690396,2.141987195596127,뉴비 아버 템 대체질문,메린이 한 100억정도 생기면,메린이 에디 레전 천장 어떻게 하는게 좋을까요
호영,1,9,1,11,2,2,0,2,0,3,퀘스트,0.2222222222222222,0.5389755378023218,2.140248819359825,챌섭 호영 템셋 질문,하드메이린.... 왜 안될까요,메린이 내 캐릭이 왜 약한지 모르겠어요
5퍼,1,4,2,6,4,0,0,0,0,0,아이템,1.0,1.0,2.139882392968636,마도서,보조무기 보공 5퍼,메이린 배율 96퍼에서 5퍼 끌어올리고 싶은데
60개,1,4,2,9,4,0,0,0,0,0,아이템,1.0,1.0,2.139882392968636,"에디 레전 천장 60개 남았는데, 진로 조언 부탁드립니다!",레테 블큡 60개 어디써야 좋을까요? 무보엠,챌섭 카블큐 사용처 질문
골라야하나요,1,4,2,7,4,0,0,0,0,0,아이템,1.0,1.0,2.139882392968636,제네시스 무기 1추랑 2추보공중에서 어떤거 골라야하나요?,렌 스텟뚝vs2초뚝,아델 아이템 버닝 주스텟 이랑 쿨 중에 뭐 골라야하나요?
노려,1,4,2,6,4,0,0,0,0,0,아이템,1.0,1.0,2.139882392968636,"에디 레전 천장 60개 남았는데, 진로 조언 부탁드립니다!",복귀 뉴비인데 챌린저스에서 장신구 직작 해도 되나요?,이거 아랫잠 노려도 되나요?
레전천장,1,4,2,8,4,0,0,0,0,0,아이템,1.0,1.0,2.139882392968636,에디 레전천장 사용처 추천부탁드려요 + 도전자 대체셋 질문,챌섭 부캐 에디 레전 천장 사용처 질문,"에테 17을 직작하는거보다 사와서 샤타포스때 18,19++ 로 점진적 성장하는건 별론가요?"
리프할 서버,2,4,2,7,0,0,0,0,0,4,기타,1.0,1.0,2.139882392968636,안녕하세요 이번에 처음 시작한 뉴비인데 리프할 서버 추천해주시면 감사합니다!,링크 어떻게들 쓰시나요 선생님들 ?,복귀뉴비 챌섭 키우는데 리프할 서버 추천부탁드려요
링크 3렙,2,4,2,9,0,0,0,0,0,4,기타,1.0,1.0,2.139882392968636,님들 링크 3렙 찬란한영웅의 증거 질문 있습니다,님들 리프 질문 285렙 링크 관련,챌섭 링크3렙 관련
마스코트,1,4,2,10,0,0,0,0,0,4,기타,1.0,1.0,2.139882392968636,챌섭에서 퍼레이드 영구 자석펫 어떻게 수령하나요?,쁘띠 마스코트 대행진!에서 어떻게 하면 의자를 받을 수 있나요??,
메카베리,1,4,2,9,0,0,0,0,0,4,기타,1.0,1.0,2.139882392968636,메카베리 본캐vs부캐,유료 경험치 주는것들 효율 궁금해요,메카베리가 블루베리보다 좋은건가요?
명장,1,4,2,6,0,0,0,0,0,4,기타,1.0,1.0,2.139882392968636,챌린저스서버 질문드립니다.,썜들 메린이 챌린저 찍을 수 있게 진로부탁드립니다..,명장 달고 일정시간이상 제작 안하면 떨어진다던데 맞나요?
무기 대적자,2,4,2,6,4,0,0,0,0,0,아이템,1.0,1.0,2.139882392968636,제네 무기 대적자 코인 질문,챌섭뉴비 레테 템 진로 잘 짠걸까요??,재네 무기 대적자 코인 어따 쓸까요
방어구 세팅,2,4,2,6,4,0,0,0,0,0,아이템,1.0,1.0,2.139882392968636,복귀 유저 방어구 세팅 질문있습니다,이번 챌섭 유입 템세팅 질문드려봅니다,이카돌이 방어구 세팅 괜춚?
보조 잠재,2,4,2,6,4,0,0,0,0,0,아이템,1.0,1.0,2.139882392968636,레테 잠재 질문이요..!,뉴비 챌린저까지 템세팅 질문!,보조 잠재
서버 어디,2,4,2,6,0,0,0,0,0,4,기타,1.0,1.0,2.139882392968636,챌섭리프,안녕하세요 이번에 처음 시작한 뉴비인데 리프할 서버 추천해주시면 감사합니다!,무소과금 서버는 어디가 괜찮나요?
세팅좀,1,4,2,6,4,0,0,0,0,0,아이템,1.0,1.0,2.139882392968636,뉴비 콜 280억으로 세팅좀 해주실분 ㅠㅠ 메이린 잡고싶어요,햄들 스펙업 조언좀 부탁드림다...,하드메이린 세팅좀 도와주세요...
수로,1,4,2,10,0,0,0,0,0,4,기타,1.0,1.0,2.139882392968636,수로랑 플래그 돌아도 오프접하면 안되는 이유가 궁금해서 질문을 합니다아,이번주 수요일에 끝난 게 있나요?,저혹시 길스 대해 여쭤볼게있어서 ㅠㅠ
수요,1,4,2,8,4,0,0,0,0,0,아이템,1.0,1.0,2.139882392968636,법사 4초뚝 수요가 있나요?,"주니어발록,유니콘티엘 이런 썩다리펫 수요가 있나여?",챌섭 챌린저 목표 겸
스타포스 17성,2,4,2,6,4,0,0,0,0,0,아이템,1.0,1.0,2.139882392968636,안녕하세요 템셋 질문있습니다,스타포스 17성 강화권 질문,잠재능력이나 스타포스 같은 이름 다른 아이템으로 못옮기나요..?
아케인셰이드,1,4,2,7,4,0,0,0,0,0,아이템,1.0,1.0,2.139882392968636,챌섭 아케인셰이드 장갑 극추옵 질문드립니다,안녕하세요 유입메린이입니다. 아케인셰이드 디키오샀는데,잠재전승권 질문이요
안늦나요,1,4,2,6,0,0,0,0,0,4,기타,1.0,1.0,2.139882392968636,제네패스 오늘 기준 7/16 사도 안늦나요?,본메 쌩뉴비 지금시작해도 안늦나요?,뉴비 현실적 목표 질문
에디 등업,2,4,2,6,4,0,0,0,0,0,아이템,1.0,1.0,2.139882392968636,메린이 오늘 해방했어요!,"미트라 에디, 제네 에디 등업 질문",챌섭뉴비 레테 템 진로 잘 짠걸까요??
오래된,1,4,2,6,0,0,0,0,0,4,기타,1.0,1.0,2.139882392968636,컴알못 질문드려도 될까요... (부품 교체),명의분리 관련 아시는 분 계신가요..?,오래된 캐릭터 정리된적 있나요?
제네 무기 윗잠,3,4,2,6,4,0,0,0,0,0,아이템,1.0,1.0,2.139882392968636,챌섭 메린이 제네 무기 윗잠 아랫잠 뭐 돌려야 하는지 알려주세요..!,렌 해방무기좀 봐주셈 큐브,제네 무기 윗잠 질문
해결법,1,4,2,6,0,0,0,0,0,4,기타,1.0,1.0,2.139882392968636,점프 한번만 눌렀는데 두번 눌리는 버그,캐시샵 들어가는게 엄청 오래걸리는데 해결법 아시는분 계신가요,몬파 핸즈가 안 되는데
해방무기 에디,2,4,2,6,4,0,0,0,0,0,아이템,1.0,1.0,2.139882392968636,메린이 해방무기 에디 돌리는게 좋을까여,미라클 에디 고민,메고수 형님들 뉴비 스펙업 도움
해야될까요,1,4,2,7,4,0,0,0,0,0,아이템,1.0,1.0,2.139882392968636,이게 주흔15퍼작보다 좋은건가요?,뉴비 템 순서 질문드립니다,뉴비 잠재 어떻게 해야될까요
재밌어서,1,19,0,19,11,0,0,1,0,7,아이템,0.5789473684210527,0.42784348858714344,2.1387184101722125,익스우 솔플가려면 얼마나 더 써야될까요?,챌섭 뉴비 앞으로 진로 설정 부탁드립니다,메린이 템셋 조언 부탁드립니다.
헥사 강화,2,9,1,11,5,0,0,2,0,2,직업,0.2222222222222222,0.5372645524184839,2.1378693569461924,유챔 하드 세렌급 보조 스펙 질문 있습니다!,스펙업 질문,하드 메이린 89% 스펙업 도와주세요ㅜㅜ
구매하,1,9,1,11,7,0,0,1,0,1,아이템,0.7777777777777778,0.5372486966868566,2.13784730642618,해방 무기 제네패스 코인 질문,렌이냐 제논이냐 그것이 문제로다..,렌 스펙업 도움 부탁드려도 될까요?
다른거,1,9,1,11,7,0,0,1,0,1,아이템,0.7777777777777778,0.5372486966868566,2.13784730642618,유료 경험치 주는것들 효율 궁금해요,뉴비 이번 미라클때 조언좀가능할까요?,스펙업 추천해주세요
노적자,1,5,3,9,2,0,0,0,0,3,기타,0.6,0.6845671842631943,2.1368155947355767,메린이 익스우 템세팅 질문,노적자 노칼 목표 스펙업 방향부탁드립니당..,이번 챌섭이 본캐인데 진로상담 요청합니다!
얻는데,1,5,3,8,2,0,0,0,0,3,기타,0.6,0.6845671842631943,2.1368155947355767,카르시온 유적지 질문있습니다,메짱이분들 도와주세요,뉴비 내일 이면 제네무기 얻는데 에디셔널 문의
사서 17성,2,15,0,16,13,0,1,1,0,0,아이템,0.8666666666666667,0.5407838610341665,2.135979978256198,메짱이 선생님들 아버 이후에 질문있습니다. 17에테 VS 18아케인(+27여명),뉴비 템 순서 질문드립니다,챌섭 복귀유저 렌 스펙업 훈수 부탁드립니다.
하드메이린 목표,2,7,4,12,3,0,0,1,0,3,직업,0.14285714285714285,0.3843422015416294,2.13428270380673,메린이 하드메이린 목표 템셋 봐주시면 감사하겠습니다!,하드메이린 목표 템셋 좀 봐주세요 ㅠㅠ,하드메이린 목표 - 템셋 어캐해야할까요 ...?
올려서,1,12,1,14,9,1,0,1,0,1,퀘스트,0.08333333333333333,0.37619354847747566,2.131940957604647,크주잡 에테 스타포스 어디까지 올려야할까요?,챌섭 블큐 화에큐 사용처 및 챌 달성 질문,지금 에테 쿨뚝 사둘만함니까?
맞출지,1,8,1,10,7,0,0,1,0,0,아이템,0.875,0.6043591856185434,2.129084577727302,아버 이후 템세팅 질문...,드메부터 맞출지 스펙을 올릴지 추천좀 해주세요,메린이 템 방향 조언 부탁드립니다 젭알
대비,1,8,1,9,6,0,0,2,0,0,직업,0.25,0.6043529668950975,2.1290763250939144,살짝 과부화 오는데 방향성 한번만 잡아주실분..?,메린이 챌린저 달았는데 이제 세팅 뭐부터할까요?,미라클 대비 미트라 질문
목표 챌린저,2,9,0,9,8,0,0,0,0,1,아이템,0.8888888888888888,0.8468447891548733,2.1262586402908714,"메린이 오늘 첫 해방했는데, 잠재 돌리고 남은 블랙큐브는 어디에 쓰는게 좋나요?",이번 메이플 챌린저스 유입 뉴비입니다. 도와주세요,4주차 뉴비 앞으로 진로방향좀 가르쳐주세요!
바를,1,9,0,9,8,0,0,0,0,1,아이템,0.8888888888888888,0.8468447891548733,2.1262586402908714,챌섭 챌린저 목표 템셋팅 관련 질문입니다.,커믹 질문입니다!,18성 주문서 어디에 쓰나요?
보는게,1,9,0,9,8,0,0,0,0,1,아이템,0.8888888888888888,0.8468447891548733,2.1262586402908714,제네시스 코인 투자처 질문,메린이 해방무기 에디 돌리는게 좋을까여,드메 vs 스펙업
생각하고 있는데,2,9,0,9,8,0,0,0,0,1,아이템,0.8888888888888888,0.8468447891548733,2.1262586402908714,복귀유저 템세팅 질문드립니다.,에디 레전천장 사용처 추천부탁드려요 + 도전자 대체셋 질문,챌섭 메린이 템세팅 질문있습니다
만들었는데,1,13,1,14,9,1,0,0,1,2,퀘스트,0.07692307692307693,0.3335607928217751,2.125585134079703,하이퍼버닝 캐릭 삭제 고민,아케인 쌍크 장갑을 만들었는데,"미라클때 만든 레전잡, 유니크3줄 칠흑 언제팔아야 할까요"
사라지나요,1,6,3,11,4,0,1,0,0,1,몬스터,0.16666666666666666,0.5424174339141842,2.124827647022594,챌섭에 있다가 본섭가면 도전자 사라지나요?,에디천장 질문있습니다.,리프 관련
얻을,1,10,1,11,6,1,0,0,0,3,퀘스트,0.1,0.4670977984316899,2.1247416815225884,부티크 전투복 질문!,대적자 코인 쓸 곳 질문드립니다.,뉴비 해방이후 스펙업 방향성 검토 부탁드리겠습니다
돌리면,1,10,0,10,3,0,0,0,0,7,기타,0.7,0.7714776754991928,2.1239089719736803,메m 어제부터 갑자기 약해졌어요,지금 284인데 챌섭기간 동안 290가능함?,올티마 전사 28때 망치와 디바이드 쓰고 자동돌리면 됨?
유전데,1,5,2,8,2,0,0,0,2,1,시세,0.4,0.7829026778820505,2.1236993192160023,챌섭 복귀 유전데 질문좀 받아주세요,데브펜 18성 쌍레,이번에 복귀 유전데 캐샵 통합
라는,1,13,1,14,5,1,0,1,0,6,퀘스트,0.07692307692307693,0.33167114815716986,2.122573197444044,크주잡 에테 스타포스 어디까지 올려야할까요?,헥환 4.5 이후 템셋팅 질문.,메짱이 선생님들 아버 이후에 질문있습니다. 17에테 VS 18아케인(+27여명)
가능함,1,5,3,11,1,2,1,0,0,1,퀘스트,0.4,0.6706158518381005,2.1191188088954087,제논 해방 후에 4해적에테+5도적에테 이런식으로 가능함?,검마 솔플 환산 2.8 포뻥,메린이 검마 솔격 가능함??
나올,1,9,1,10,4,0,0,2,0,3,직업,0.2222222222222222,0.5235507857662806,2.118797661415367,모멘텀 패스 플러스 누구 줄까요?,미라클 어디에 질러야 할까요?,보마 검마 3페 사선 피하는 법 질문입니다.
정지,1,6,3,12,0,0,0,0,1,5,기타,0.8333333333333334,0.5378879856371345,2.11858789848681,타명의 계정 재화 옮기면 정지 당하나요,친구계정 레잠 쓰는것도 정지되나요?,제가 메이플을 22년하면서 단 한번도 정지를 당해본일이 없어서 몰라갖고 물어보는건데요
겨울,1,10,1,14,2,0,0,2,0,6,직업,0.2,0.4618070397787734,2.117079277933172,겨울에도 재네패스 하나요?,이번 챌섭 유입 메린이 제네시스 무기 잠재능력 질문 있습니다,285렙 주차 질문
이건,1,26,0,28,14,0,2,1,1,8,아이템,0.5384615384615384,0.28405905950576943,2.116024593222981,지난주에 챌섭 시작한 뉴비인데 제네시스 패스 사도 되나요?,제네무기 유니크 에디 공이탈 +@질문,메짱 성님들 챌섭 제네 진로점영
매그너스,1,5,2,10,0,3,1,0,0,1,퀘스트,0.6,0.7747929666547277,2.114039460365511,매그너스 파풀 길뚫 스킵방법 없나요 ㅠ,제네시스 해방 퀘스트 관련 질문입니다 [메린이],제네시스 패스 어둠의 흔적 질문
정도면,1,19,0,19,11,0,3,0,2,3,몬스터,0.15789473684210525,0.41089868098477234,2.1133373566704194,헥환 8만 목표 과금 어느정도 해야할까요?,하이퍼버닝 캐릭 삭제 고민,무보 이런데 해방하고 정옵띄우면 하드메이린 가능한가요??
주는거,1,8,1,12,4,0,0,0,0,4,기타,0.5,0.5913081818747175,2.111765082788812,오늘 썬데이 메이플 솔에르다 주는거 278레벨 25개 받는거 맞지?,"모멘텀패스 1차, 2차 각각 다른 캐릭터에 지정 가능한가요?",아버 끝나고 방어구
헥사환산,1,10,2,12,6,0,1,1,0,2,몬스터,0.1,0.3239208374899819,2.110463820166849,선생님들 헥사환산 몇을 목표로 잡아야할까요?,안녕하세요 챌섭유입 뉴비입니다.,보마 메이린 배율 질문있습니다 !
매주,1,18,0,20,6,0,2,0,0,10,기타,0.5555555555555556,0.43342132125817284,2.1103108059404123,메쌤들 현실적으로 챌 달성 가능한지 상태좀 봐줄수있나요,에테리온 효과 다 받는 기준이면 몬파 매일 3천포인트 씀??,노적자 노칼 목표 스펙업 방향부탁드립니당..
데카,1,9,1,14,0,0,3,3,0,3,몬스터,0.3333333333333333,0.5171117613871103,2.109842928876195,검마 배율 181%인데 이거 잡히는거 맞나요..?,보마 검마 3페 사선 피하는 법 질문입니다.,선생님들 챌섭 일리움 검마 잡는데 3페이지 꿀팁 있나요?
얼마임,1,7,1,8,3,0,0,0,2,2,시세,0.2857142857142857,0.6783589393122773,2.107892325000941,요즘 화에큐 레전 에디 천장 얼마임?,님들 지금 크크장갑 사면 바보임?,챌섭 프펫 가격
나오나요,1,8,3,11,4,0,0,1,0,3,직업,0.125,0.35460128307766053,2.1070989505408892,검마 흔적만 먹으러가는 6인팟도 나오나요?,레테 쿨뚝 질문,챌섭 진투복 구입할가요?
모르,1,8,1,9,5,0,0,2,0,1,직업,0.25,0.5870556136051882,2.106121659795041,아흐... 펫장비 이전 줌서에 대한 글은 많은데...,렌 돌진기 질문,유니온 계정 버리고 새로 키우는게 맞을까요 조언 부탁드립니다!
사람들,1,12,0,12,3,0,0,4,0,5,직업,0.3333333333333333,0.641714119948521,2.1054567885487456,제로<>렌 직변 해보신분 궁금합니다.,이번 미라클 지나고 9월 16일 전에 미라클 한 번 더 할려나요?,샤타만 한달에 한번인가?
있는건가요,1,15,1,16,4,1,2,1,2,5,몬스터,0.13333333333333333,0.2571162710903445,2.1051243786591884,유니온 제대로 적용되고 있는건가요,뉴비 진짜 이해안가는데 챌섭매물이요,커포링 극추옵….?
적당히,1,19,0,20,13,1,0,1,0,4,아이템,0.6842105263157895,0.4008206302809533,2.0982417857964473,노적자 노칼 목표 스펙업 방향부탁드립니당..,뉴비 여기서 과금 더 안하고 첼은 많이 힘들까용,본섭에 유니온 만들려는데 고민상담좀 해주십쇼..
뉴빈데,1,5,2,7,1,0,0,0,2,2,시세,0.4,0.7614721826125159,2.0981724473463403,뉴빈데 지금 시작해도 괜찮나요?,뉴비 자석펫 질문,이런거 얼마할까요?
전까지,1,17,0,17,11,0,0,0,1,5,아이템,0.6470588235294118,0.4499126690550719,2.095393315026314,뉴비 아버 템 대체질문,제네무기 vs 미트라 에디,메이플 쌩뉴비 질문드려요...
사야할지,1,11,0,13,10,0,0,1,0,0,아이템,0.9090909090909091,0.6857527143266959,2.094469064864289,뉴비 50억으로 뭐해야 할 까요 ?,메린이 템세팅 관련해서 질문 있습니다..!,크뎀 장갑 고민입니다 ㅠㅠ
한부위씩,1,11,0,13,10,0,0,1,0,0,아이템,0.9090909090909091,0.6857527143266959,2.094469064864289,챌섭 아케인 쌍크 장갑 팔아야되나요 ? 메린이 템세팅 방향성 한번 잡아주시면 감사하겠습니다.,하버 본캐 썬콜VS키네VS제논 (투표),8-9만 세팅 가능할까요?
보스코인샵,1,9,1,10,6,1,0,0,0,2,퀘스트,0.1111111111111111,0.504732214346583,2.0926267286917954,미라클 대비 미트라 질문,카루타 11성 9퍼 공10 둘둘,이카돌이 제네무기 우선순위
라라,1,6,1,13,1,0,0,3,0,2,직업,0.5,0.7792859641935431,2.091151013573737,에테리온 효과 다 받는 기준이면 몬파 매일 3천포인트 씀??,이번 레테복귀유저 본섭캐릭 버릴까용?,법사 본캐 추천점요
키우려고,1,6,1,7,1,0,0,3,0,2,직업,0.5,0.7792859641935431,2.091151013573737,유챔 세렌 질문,부캐 육성,이번주 목요일
똑같,1,18,0,19,7,0,1,1,0,9,기타,0.5,0.41922748247099323,2.0894143598459243,배율20퍼차이나는데 딜이 똑같은데 뭐가문제일까요,환산주스탯 헥사스탯 어캐하나요?,카르시온 넘어왔는데 왜 사냥 메소가 줄었을까요?
잡는,1,9,0,10,3,0,4,0,0,2,몬스터,0.4444444444444444,0.8141991001969039,2.0886739019183014,선생님들 헥사환산 몇을 목표로 잡아야할까요?,카링 3페 질문점요!,이번 이벤으로 시작한 늅늅이 장비좀 봐주실수 있을까요?
혹은,1,19,0,21,13,0,1,2,0,3,아이템,0.6842105263157895,0.39439127751750824,2.0886114760106893,카오스 3-5를 못 깨고있는데요,챌섭 챌린저 가능할까요?,대적자코인 어디 쓰는게 나을까요
별로,1,16,0,16,8,0,0,3,0,5,직업,0.1875,0.4743526307445851,2.088577773634973,메린이 본캐 고민,제네무기 고민중인데여..,유챔 세렌 질문
이고,1,13,0,13,11,0,1,0,0,1,아이템,0.8461538461538461,0.5819029978502052,2.087366350608467,챌섭 챌린저 목표 템셋팅 관련 질문입니다.,4여명 깨고 4흙칠흑 vs 4여명 유지 2흙칠흑,챌섭 부캐 에디 레전 천장 사용처 질문
18성 유에,2,6,1,8,5,0,0,0,0,1,아이템,0.8333333333333334,0.775574796284227,2.0867893692448973,챌섭 4여명5보장 18성 유에 장신구들 하나씩 19성 올리는거 비추인가요??,유에 여명 보장도 21성 달만함??,"""자석펫 장착 vs 팔고 템셋팅"""
괜찮은지,1,6,1,7,5,0,0,0,0,1,아이템,0.8333333333333334,0.775574796284227,2.0867893692448973,레테 보조 질문드립니다..,헥환 7만 중반 ~ 8만 목표 레테 템세팅 조언 부탁드립니다.,메린이 챌섭 무보엠 세팅 질문있습니다
되겠죠,1,6,1,7,5,0,0,0,0,1,아이템,0.8333333333333334,0.775574796284227,2.0867893692448973,헥환 8만 목표 과금 어느정도 해야할까요?,하트 유니크 21퍼면 당분간 안건드려도 되겠죠?,뉴비 첫 해방 무기
바른,1,6,1,7,5,0,0,0,0,1,아이템,0.8333333333333334,0.775574796284227,2.0867893692448973,미트라 vs 에테 장갑 고민 추천 부탁드립니다.,궁금한 게 많은 메린이 질문드립니다 !..,해방 후 큐브 사용 순서 질문
여명4셋,1,6,1,7,5,0,0,0,0,1,아이템,0.8333333333333334,0.775574796284227,2.0867893692448973,챌린저목표 8600만 윈브 뭘 더 해야할까요?,챌섭레테 여명4셋 이후 뭐맞추는게 좋나요,메린이 스타포스 질문
여명장신구,1,6,1,7,5,0,0,0,0,1,아이템,0.8333333333333334,0.775574796284227,2.0867893692448973,모험가 22성 나오면 18둘둘로 하드 메이린 가능할까요?,뉴비 아이템 셋팅 질문 두개만 부탁드립니다.,해방했으면 15퍼 여명장신구 프악작 해주면 되나요?
질러서,1,6,1,7,5,0,0,0,0,1,아이템,0.8333333333333334,0.775574796284227,2.0867893692448973,자석펫 사려는데,이번달에 바로 150만원 질러서 MPV 레드 달성했는데요,이번 챌섭 유입 템세팅 질문드려봅니다
키우려는데,1,6,2,9,0,0,0,2,0,4,직업,0.3333333333333333,0.61294895204801,2.0865514024360197,유뇬작이랑 링크작하려는데,루미너스 윈브 중에 본캐 추천 부탁드립니다!,유니온 캐릭 키우려는데
18성 에테,2,7,2,9,6,0,0,0,1,0,시세,0.14285714285714285,0.5088019395024438,2.085761427277208,템 가성비 셋팅 질문,챌섭 유입 스펙업 질문있습니다.,18성 에테구간에서 21% vs 24% 10억차이 체감큼?
크뎀장갑,1,7,2,9,6,0,0,0,1,0,시세,0.14285714285714285,0.5088019395024438,2.085761427277208,메린이 도움 부탁드립니다 보마 300억 템세팅,챌섭 200제 강화권 사용처 질문드립니다,크뎀장갑 질문
키워야,1,5,1,7,0,0,0,4,0,1,직업,0.8,0.9268423379713244,2.0851761527444346,꼭 챌린저스나 하이퍼버닝으로 키워야 하나요 ?,챌섭에서 285렙 2개 키우려고 하는 메린이 입니다! 질문 있습니다,본섭 유기캐 본캐로 키우기.
키우던,1,8,1,9,4,0,0,2,0,2,직업,0.25,0.5707208543046036,2.084444416681708,에테리온 효과 다 받는 기준이면 몬파 매일 3천포인트 씀??,작년 챌섭 렌 키우던 메린이입니다 ! 템 세팅 질문이 있습니다!,메린이 비욘드버닝 도와주세요ㅠㅠ
건지,1,7,1,8,3,0,0,0,0,4,기타,0.5714285714285714,0.6585992089000233,2.0830755929512725,에디 레전 천장 사용처가 고민입니다....,플라즈마 하트 변환 질문이요!,노칼 딜배율 200% 목표 / 18에테 교체 순서 및 칠흑·엠블 문의
요약,1,12,0,12,10,0,0,1,0,1,아이템,0.8333333333333334,0.6238557094790959,2.0825538293193273,챌섭 챌린저 목표 템셋팅 관련 질문입니다.,헥환 4.5 이후 템셋팅 질문.,잠재 좀더 돌려야될까요?
올리고,1,19,0,19,9,0,0,2,0,8,기타,0.42105263157894735,0.38919888143857273,2.080833961755318,하드메이린 목표 템셋 좀 봐주세요 ㅠㅠ,스펙업 순서,9만~데티 해방 사이 괜찮은 라인
환산사이트,1,9,2,11,5,0,0,1,0,3,아이템,0.5555555555555556,0.3591177353905033,2.0804555945832828,미트라 고민,헥환 4.5 이후 템셋팅 질문.,템사기 vs 6차업글 도 환산 사이트보고 하면 되나요?
18성 유니크,2,7,0,7,7,0,0,0,0,0,아이템,1.0,1.0,2.0794415416798357,하메 도전 메린이 인데 템셋 질문있슴다,4여명 깨고 4흙칠흑 vs 4여명 유지 2흙칠흑,첫해방 뉴비 렌 템진단 부탁드려요 하드메이린 잡고싶어요
30개,1,7,0,7,7,0,0,0,0,0,아이템,1.0,1.0,2.0794415416798357,에디천장 질문있습니다.,레테 어빌 수칙 20 7 10 인데 카오스 서큘 계속 돌려야하나요..?,큐브 어디다 써야할 지 추천 부탁드려요
5보장,1,7,0,7,7,0,0,0,0,0,아이템,1.0,1.0,2.0794415416798357,4여명 5칠흑으로 7~8만 될까요?,챌섭뉴비 템 가이드 부탁드립니다ㅠ,"다음 스펙업 질문,,"
남았고,1,7,0,7,7,0,0,0,0,0,아이템,1.0,1.0,2.0794415416798357,챌섭 스펙업 어떻게 할까요? 미트라? 보장?,제네 플러스 어떻게 하는게 좋을까요,에테 27 vs 30
달아줄,1,7,0,7,7,0,0,0,0,0,아이템,1.0,1.0,2.0794415416798357,챌린저 하고 싶은데 여기서 무보엠 바꿔주면 되나요?,"익스우, 노흉 목표 템 진로 질문좀요",챌섭 블큐 화에큐 사용처 및 챌 달성 질문
레전등업,1,7,0,8,7,0,0,0,0,0,아이템,1.0,1.0,2.0794415416798357,미라클 대비 미트라 질문,미라클때 에테장갑 만들어볼까요?,뉴비 이번 미라클때 조언좀가능할까요?
명의,1,7,0,13,0,0,0,0,0,7,기타,1.0,1.0,2.0794415416798357,타명의 계정 재화 옮기면 정지 당하나요,본의명의 한계정 업데이트는 언제부터 들어온건가요?,"모멘텀패스 1차, 2차 각각 다른 캐릭터에 지정 가능한가요?"
받은거,1,7,0,7,7,0,0,0,0,0,아이템,1.0,1.0,2.0794415416798357,이벤링 큐브 질문,메린이 렌 키우는데 보조무기 궁금한게 있습니다,30억 있는데 템 어떻게 보강해야할까요??
별은,1,7,0,7,7,0,0,0,0,0,아이템,1.0,1.0,2.0794415416798357,27퍼 골클벨 분자벨 뭐살까요,템셋계획좀 봐주실수 있을까요??,흙테르넬 질문
사용해서,1,7,0,7,7,0,0,0,0,0,아이템,1.0,1.0,2.0794415416798357,이벤링 큐브 질문,제네무기 옵션 방향성좀 알려주세요...,화에큐 어디에 쓰면 좋을지 도와주세요 ㅠ
상의 하의,2,7,0,7,7,0,0,0,0,0,아이템,1.0,1.0,2.0794415416798357,4여명 5칠흑으로 7~8만 될까요?,카룻을 갈까요 에테를 갈까요?,렌 템셋고민
생각한,1,7,0,7,7,0,0,0,0,0,아이템,1.0,1.0,2.0794415416798357,템 가성비 셋팅 질문,안녕하세요 선생님들 템 진로 고견좀 여쭙습니다,선생님들 메린이 진로 추천 부탁드리겠습니다
어떨까요,1,7,0,7,7,0,0,0,0,0,아이템,1.0,1.0,2.0794415416798357,메린이 한 100억정도 생기면,에디 레전천장 사용처 추천부탁드려요 + 도전자 대체셋 질문,레테 윗잠 올이탈 보조(보방마) 쭉가져갈만 한가요?
에디 21퍼,2,7,0,7,7,0,0,0,0,0,아이템,1.0,1.0,2.0794415416798357,환산 7~8만 목푠데 다음 메소를 어디다 써야 해야할까요?,레테 윗잠 올이탈 보조(보방마) 쭉가져갈만 한가요?,챌섭 메린이 하메를 위한 템셋팅 조언 부탁드립니다!
에디큐브,1,7,0,7,7,0,0,0,0,0,아이템,1.0,1.0,2.0794415416798357,해방무기 추옵 VS 에디,에디셔널에 뜨는 공격력수치 패치됫나요??,카루타 11성 9퍼 공10 둘둘
윗잠 이탈,2,7,0,7,7,0,0,0,0,0,아이템,1.0,1.0,2.0794415416798357,복귀 중고뉴비 대적자 코인 뭐에 써야할까요?,제네플 큐브 및 카르마 큐브 사용처 질문드립니다!,대적자 큐브 어디에 던질까요??
장기적,1,7,0,7,7,0,0,0,0,0,아이템,1.0,1.0,2.0794415416798357,선생님들 헥사환산 몇을 목표로 잡아야할까요?,에테 27 vs 30,1억 2천만 아란 엠블렘 조언 구합니다
커포,1,7,0,9,7,0,0,0,0,0,아이템,1.0,1.0,2.0794415416798357,스펙업 질문있어요,안녕하세요 선생님들 템 진로 고견좀 여쭙습니다,18칠흑 22여명보장 뭐가야할까요?
큐브들,1,7,0,7,7,0,0,0,0,0,아이템,1.0,1.0,2.0794415416798357,뉴비 레테 미트라 구매 질문,제네무기 질문드립니다,렌 제네해방 윗잠 아랫잠 이대로 가면 되나요?
크주주,1,7,0,8,7,0,0,0,0,0,아이템,1.0,1.0,2.0794415416798357,헥환 8만 목표 과금 어느정도 해야할까요?,챌섭 기간중에 한부위 추천 부탁드립니다,뉴비 챌린저까지 템세팅 질문!
50개,1,10,0,10,8,0,0,0,0,2,아이템,0.8,0.7343719051785197,2.079421096350938,챌섭 블큐 화에큐 사용처 및 챌 달성 질문,보스 코인 질문이요,무기 추옵 질문
질문점,1,5,5,10,3,0,0,0,0,2,아이템,0.6,0.5090213057352097,2.078586358602106,부캐 레테 노멀 진힐라돌이까지만 키워려하는데요 시드링 질문점,하드메이린 오리진 초기화 질문점..,뉴비 에디 질문점
3번,1,7,1,8,0,0,0,1,0,6,기타,0.8571428571428571,0.6545018725454543,2.0779296473180446,동전꼽기가 운영정책 위반인지 여부,이메일 변환 명의이전 질문 잘아시는분만,선생님들 장비 프리셋 어떻게 해두셨나요?
벨로나,1,9,1,10,5,1,0,0,0,3,퀘스트,0.1111111111111111,0.492477875441112,2.075584655097876,메고수 형님들 해방무기 질문입니다!!,메린이 에디 레전 천장 어떻게 하는게 좋을까요,메린이 하드 메이린까지 진로 상담 부탁드립니다.
맞춘,1,13,0,13,10,0,0,1,0,2,아이템,0.7692307692307693,0.5722074591240006,2.074572809338488,헥환 7만 중반 ~ 8만 목표 레테 템세팅 조언 부탁드립니다.,메린이 많이 성장했지만 다시 막막해짐..,[질문] 복귀 유저 아버 이후 에테르넬 17성 풀셋 질문
완료,1,9,0,9,3,4,0,1,0,1,퀘스트,0.4444444444444444,0.8006054395276411,2.073023621710169,메잘알 선배님들 질문,뉴비가 모험미션 질문드리겠습니다!,챌섭 종료후 리프 고민
구매한,1,12,0,12,7,2,0,0,0,3,퀘스트,0.16666666666666666,0.6151554944098494,2.071396023793507,메잘알 선배님들 질문,무자본 하드메이린 방향 추천 부탁드립니다.,하프이어링 가위가 안써지는데 왜이럼?
의미,1,9,1,10,3,0,0,1,0,5,기타,0.5555555555555556,0.48824436599788523,2.0696971257869463,대적자 3페 연습모드 여는 방법,아흐... 펫장비 이전 줌서에 대한 글은 많은데...,님들 울티마 아이템 분해 질문좀...
주보돌이,1,9,1,11,3,0,0,1,0,5,기타,0.5555555555555556,0.48824436599788523,2.0696971257869463,캐릭 살려서 주보돌이로 쓰려는데,보스돌이 재화투자 질문,본캐 / 챌섭 부캐 투자우선권 질문입니다.
1번,1,13,1,16,6,0,1,1,0,5,기타,0.38461538461538464,0.29802896672958756,2.0689503546719723,이메일 변환 명의이전 질문 잘아시는분만,스펙업 질문!,메짱이 선생님들 아버 이후에 질문있습니다. 17에테 VS 18아케인(+27여명)
더스크,1,10,1,14,1,2,2,1,0,4,퀘스트,0.2,0.42742428362069657,2.0672840460046746,뉴비 검마까지 방향성 조언좀....,저 거공 먹었는데 사용해도 되나요?,챌섭 메린이 보스 현상금 코인 이벤트질문 있어요
하더라구요,1,16,0,16,10,0,0,1,0,5,아이템,0.625,0.45836502219260233,2.0659296206904605,메린이 유니온 질문있습니다,메이플 쌩뉴비 질문드려요...,자석펫 스카니아에 있으면 스카니아로 리프해야겠져?
4만,1,5,2,7,4,0,0,0,0,1,아이템,0.8,0.7343719051785197,2.06589203100555,본캐 데티해방까지 본캐만 쭉 투자해도되나요?,4만 메린이 템세팅 질문 드립니다,똥블렘 vs 미트라 고민좀용 ㅠㅠㅠㅠㅠ
골라,1,5,2,8,4,0,0,0,0,1,아이템,0.8,0.7343719051785197,2.06589203100555,유챔 하드 세렌급 보조 스펙 질문 있습니다!,에디천장 질문있습니다.,은월인데 뚝배기 잠재 뭐 골라?
리레4렙,1,5,2,8,4,0,0,0,0,1,아이템,0.8,0.7343719051785197,2.06589203100555,무보 잇는상태에서 유챔 템셋팅질문점여,리레4렙,본캐 / 챌섭 부캐 투자우선권 질문입니다.
5차,1,11,1,12,0,2,1,4,0,4,직업,0.36363636363636365,0.37637739161414463,2.0656867760550495,챌섭 쌩뉴비 여러 가지 질문 드립니다 !,메쌤들 현실적으로 챌 달성 가능한지 상태좀 봐줄수있나요,285찍고 링크스킬 추출해서 키네캐릭으로 배우려고하는데요.
보스 보상,2,4,3,7,1,0,0,0,0,3,기타,0.75,0.8127514184750242,2.0654347571470555,메린이 보스 보상 질문있습니다,선생님들 장비 프리셋 어떻게 해두셨나요?,(뉴비살려주세요 ㅜㅡㅠ) 웹 인증정보가 일치하지 않습니다. 떠서 보스 보상 못받은....
안해,1,8,1,10,3,0,0,2,0,3,직업,0.25,0.5552705120361406,2.0639408500619236,헥환 8만 목표 과금 어느정도 해야할까요?,복귀한지 하루차인데 패스 구매해도 상관없을까요?,렌 신규 6차 개방하는게 좋나요?
접고,1,13,0,14,3,1,0,5,0,4,직업,0.38461538461538464,0.5620853613371656,2.0612164111607734,대적자큐브 사용처 질문,뉴비 검마까지 방향성 조언좀....,복귀 유저 방어구 세팅 질문있습니다
2주차,1,7,2,9,5,0,0,0,1,1,시세,0.14285714285714285,0.4908465479001586,2.0609399697782504,메짱 성님들 챌섭 제네 진로점영,메린이 지금 약간 막막한데..,메린이 몽벨 시세질문
비용,1,7,2,10,5,0,0,0,1,1,시세,0.14285714285714285,0.4908465479001586,2.0609399697782504,엠작 질문,메짱이 선생님들 아버 이후에 질문있습니다. 17에테 VS 18아케인(+27여명),제네시스무기 잠재 질문드립니다(찐늅입니다ㅠㅠ)
3만점,1,7,3,11,4,0,0,1,0,2,직업,0.14285714285714285,0.3993067806407594,2.0599593687488595,챌섭 3만점 찍는데 얼마나걸려요??,지금부터 시작하는 3만점 하려면,6월말 유입 뉴비 현실적인 조언 부탁드립니다
좋은건가요,1,7,3,10,4,0,0,1,0,2,직업,0.14285714285714285,0.3993067806407594,2.0599593687488595,이게 주흔15퍼작보다 좋은건가요?,메린이 추옵고르는것좀 도와주세여,오리진 패치이후 무조건 선오리진이 좋나요?
구매해,1,6,2,10,3,0,0,0,0,3,기타,0.5,0.5913081818747175,2.0585563569030874,챌린저스 패스 vs 제네패스 플러스,뉴비입니다 메이플을 시작하고 해방퀘를 진행하는도중인데,크뎀 장갑 고민입니다 ㅠㅠ
챌섭 부캐,2,6,2,10,3,0,0,0,0,3,기타,0.5,0.5913081818747175,2.0585563569030874,본캐 / 챌섭 부캐 투자우선권 질문입니다.,챌섭 부캐 에디 레전 천장 사용처 질문,아스트라 보조 전승 질문이 있습니다.
프리미엄,1,6,2,10,3,0,0,0,0,3,기타,0.5,0.5913081818747175,2.0585563569030874,"안녕하세요 메쌤, 메형님들 뉴비 질문 몇 가지만 해도 될까요?",이 펫의 사망날을 11월 27일로 밎추고 싶습니다.,챌섭 266레벨 40퍼인데 EXP 패스 블농이랑 EXP쿠폰 언제 사용하나요?
채우고,1,10,1,12,3,1,2,0,0,4,몬스터,0.2,0.41975076021814306,2.0561707752772747,챌린저 하고 싶은데 여기서 무보엠 바꿔주면 되나요?,님들 282렙 86000점인데 챌 하려면,메제 채우고 계속 사냥하실때 재획비 드시나요?
18퍼,1,14,0,15,12,0,2,0,0,0,몬스터,0.14285714285714285,0.5183300630449865,2.0558570162842535,와헌 템셋팅 질문 드립니다.,템세팅 조언 부탁드립니다,이지 대적자가 안잡혀서 다음 템세팅 조언좀요..
에디 천장,2,9,1,10,7,0,0,0,1,1,아이템,0.7777777777777778,0.4774290828276949,2.054656342832659,제네무기 vs 미트라 에디,요즘 화에큐 레전 에디 천장 얼마임?,대적자 큐브 질문
감이,1,20,0,20,14,1,1,0,1,3,아이템,0.7,0.3493379390475772,2.0540448157509146,메린이 하드메이린 목표 템셋 봐주시면 감사하겠습니다!,챌섭 챌린저 목표 템셋팅 관련 질문입니다.,하이퍼버닝 캐릭 삭제 고민
사야되나요,1,5,3,8,4,0,1,0,0,0,몬스터,0.2,0.6174687789950676,2.051703573025661,제네시스 패스 플러스 뭐 사야되나요?,레테 쿨뚝 질문,코인 4500개 남았는데 이벤링레전주문서 사야되나요
레전3줄,1,7,1,8,5,0,0,0,0,2,아이템,0.7142857142857143,0.6334194966998262,2.0514517722956764,[질문] 복귀 유저 아버 이후 에테르넬 17성 풀셋 질문,레테 카루타 템셋팅 질문드립니다 도와주세요,챌섭 하드메이린 최소컷만큼 템셋 질문이요
많은데,1,7,1,8,5,0,0,0,0,2,아이템,0.7142857142857143,0.6334194966998262,2.0514517722956764,지난주에 챌섭 시작한 뉴비인데 제네시스 패스 사도 되나요?,아흐... 펫장비 이전 줌서에 대한 글은 많은데...,메고수 형님들 뉴비 스펙업 도움
안녕하십니까,1,7,1,8,5,0,0,0,0,2,아이템,0.7142857142857143,0.6334194966998262,2.0514517722956764,메이플 대장장이 컨텐츠질문!,대적자 코인 쓸 곳 질문드립니다.,아직도 본캐를 못정한 유저 조언부탁드립니다
에유잠,1,7,1,9,5,0,0,0,0,2,아이템,0.7142857142857143,0.6334194966998262,2.0514517722956764,"메린이 레잠 2개, 에유잠 1개 사용처 질문",카레잠 질문있어요,제네시스 해방무기 옵션 질문 드립니다.
잡다,1,7,1,8,5,0,0,0,0,2,아이템,0.7142857142857143,0.6334194966998262,2.0514517722956764,메이플 쌩뉴비 질문드려요...,칠흑 상자에서 마깃안 먹었는데 팔까요 쓸까요,복귀 뉴비 질문...
하루 사냥,2,7,1,8,5,0,0,0,0,2,아이템,0.7142857142857143,0.6334194966998262,2.0514517722956764,2석펫 vs 쌍레 보조 맞추기 고민됩니다,"""자석펫 장착 vs 팔고 템셋팅""",아이템 뭐부터 맞출까요?
할수,1,7,1,8,5,0,0,0,0,2,아이템,0.7142857142857143,0.6334194966998262,2.0514517722956764,에테 27 vs 30,안녕하세요...메이플 시작 3주차인데..,프악공 대신에 놀긍혼 1장 바르는게 낫지 않나
해주시면,1,7,1,8,5,0,0,0,0,2,아이템,0.7142857142857143,0.6334194966998262,2.0514517722956764,메린이 에디 레전 천장 어떻게 하는게 좋을까요,진짜 찐 뉴비 템세팅,메린이 진로 상담(1억 목표)
확정,1,7,1,10,5,0,0,0,0,2,아이템,0.7142857142857143,0.6334194966998262,2.0514517722956764,아흐... 펫장비 이전 줌서에 대한 글은 많은데...,쌤들!! 이거 윗잠 vs 추옵 중에서 뭐 돌릴까요?,내부 드랍 24라는 게 이거 맞나요?
되는지,1,19,0,21,9,0,0,1,1,8,기타,0.42105263157894735,0.3689461307946867,2.0504980523892526,솔 에르다기운 관해서 궁금한게 있습니다.,복귀뉴비라서 아이템 가격 질문 드립니다,메짱 친구들아 뉴비 템 견적 어디까지 됨..?
직업 레테입니다,2,8,0,8,4,0,4,0,0,0,몬스터,0.5,0.865891750398633,2.0498916063123875,선생님들 메린이 질문 하나 잇습니다,노말 진힐라 258퍼 인데 너무 힘들어요...,레전 잠재 하트 말고 어디에 쓸까요?
30일,1,6,1,7,3,0,2,0,0,1,몬스터,0.3333333333333333,0.7438484321981297,2.04950215417617,딱 5만원만 지른다면 뭐 살까요?,부티크 관련 질문입니다,달콤한 정령 30일 상자까고 캐시보관함 이동 가능한가요
200레벨,1,6,1,8,2,0,0,0,0,4,기타,0.6666666666666666,0.7431724270758142,2.048707661989327,메린이 유니온 질문있습니다,카레잠 질문있어요,"250,200레벨 달성비약 어디다가 써야하나요??"
기록,1,6,1,9,2,0,0,0,0,4,기타,0.6666666666666666,0.7431724270758142,2.048707661989327,선생님들 이런 추옵도 팔릴까요?,추가옵션 기록 보는법,아케인22성 장갑 시세좀 알려주실분
않는,1,6,1,8,2,0,0,0,0,4,기타,0.6666666666666666,0.7431724270758142,2.048707661989327,동전꼽기가 운영정책 위반인지 여부,18살 본섭에서 길드가입이 현실적으로 가능할지가 궁금합니다.,메린이 제네시스 무기 질문해봅니다
유입입니다,1,6,1,7,2,0,0,0,0,4,기타,0.6666666666666666,0.7431724270758142,2.048707661989327,285 찍으면 어떤 링크부터 3레벨 찍어줘야 하나요??,챌섭 유입 스펙업 질문있습니다.,메이플 파티플 질문
이럴,1,6,1,7,2,0,0,0,0,4,기타,0.6666666666666666,0.7431724270758142,2.048707661989327,길드 분위기 알아보는 법...,메린이 100억으로 뭘해야될까요?,아이템 실수로 버렸을시 복구
정리,1,6,1,8,2,0,0,0,0,4,기타,0.6666666666666666,0.7431724270758142,2.048707661989327,본섭에 유니온 만들려는데 고민상담좀 해주십쇼..,메이린 배율관련 질문드립니다 저 진짜 정리 잘해놨어요 함만 봐주세요 ㅠㅠ,카룻을 갈까요 에테를 갈까요?
챌린저 가능할까요,2,6,1,8,2,0,0,0,0,4,기타,0.6666666666666666,0.7431724270758142,2.048707661989327,챌섭 챌린저 질문,챌린저 목표 템셋 질문 드립니다,챌섭뉴비 챌린저달고싶은데 뭐해야할까요
달에,1,16,0,16,9,2,0,2,0,3,퀘스트,0.125,0.44612365030387796,2.048588411598116,이 펫의 사망날을 11월 27일로 밎추고 싶습니다.,복귀를 해볼까 하는데요! 조언 좀 부탁드리겠습니다ㅎㅎ,템진로 고민과 조언이 필요합니다 .
옛날,1,20,0,21,8,0,1,3,0,8,직업,0.15,0.3455993289733459,2.0483536746224664,메이플 미리보기 나만 이상함??,본섭 유니온 질문있습니다,복귀 유저 방어구 세팅 질문있습니다
같나요,1,8,2,10,3,1,0,0,1,3,퀘스트,0.125,0.4007056176225462,2.0460064612047475,자석펫 스카니아에 있으면 스카니아로 리프해야겠져?,형님들 리프 언제 해야하나요?,이번 미라클 지나고 9월 16일 전에 미라클 한 번 더 할려나요?
기타,1,6,2,8,4,0,0,0,0,2,아이템,0.6666666666666666,0.5802430494260673,2.044242222782751,메린이 하드메이린 잡으려면 어떻게 세팅해야 할까요…,메이플 파티플 질문,메린이입니다. 훈수를 부탁합니다.
미라클타임,1,6,2,9,4,0,0,0,0,2,아이템,0.6666666666666666,0.5802430494260673,2.044242222782751,햄들 스펙업 조언좀 부탁드림다...,메린이 챌섭 미라클 타임 문의,미라클 타임.. 엠블 vs 하트
제네 패스 플러스,3,6,2,8,4,0,0,0,0,2,아이템,0.6666666666666666,0.5802430494260673,2.044242222782751,메린이 해방무기 윗잠 질문,4만 메린이 템세팅 질문 드립니다,님들 제네 패스 플러스 산 사람이랑 안 산사람 같이 파티해서
제네해방,1,6,2,8,4,0,0,0,0,2,아이템,0.6666666666666666,0.5802430494260673,2.044242222782751,뉴비 50억으로 뭐해야 할 까요 ?,형님들 해방후 투력이 떨어졌어요 문제가 뭘까요,렌 제네해방 윗잠 아랫잠 이대로 가면 되나요?
검마까지,1,7,1,11,4,0,0,2,0,1,직업,0.2857142857142857,0.6272322554596513,2.043681063648313,뉴비 검마까지 방향성 조언좀....,제네 플러스 어떻게 하는게 좋을까요,대적자 코인 쓸 곳 질문드립니다.
갈지,1,12,0,19,6,0,0,0,0,6,기타,0.5,0.5913081818747175,2.0408124493114213,챌섭리프,와헌 템셋팅 질문 드립니다.,유료 경험치 주는것들 효율 궁금해요
만렙,1,10,1,11,4,0,1,0,0,5,기타,0.5,0.4089215345052931,2.0404872214778584,헥환 8만 목표 과금 어느정도 해야할까요?,메린이 하드메이린 목표 템셋 봐주시면 감사하겠습니다!,메이플 늦은 유입 뉴비 현시점 제네패스 질러도 될까요?
있다,1,10,1,12,4,0,1,0,0,5,기타,0.5,0.4089215345052931,2.0404872214778584,챌섭에 있다가 본섭가면 도전자 사라지나요?,잠재 질문,이지카링돌이 세팅하려면...
200제,1,5,3,8,4,0,0,0,1,0,시세,0.2,0.6084202162288086,2.0402257820479486,다음 스펙업을 뭐 하는게 나으려나요??,챌섭 200제 강화권 사용처 질문드립니다,메린이 카르마 200제 20성 스타포스 강화권 얼마에 팔아야할까요
비싼건가요,1,5,3,9,4,0,0,0,1,0,시세,0.2,0.6084202162288086,2.0402257820479486,여명 18 21퍼 가격차이가 보통 얼마나 나나요?,챌섭 템맞추려는데 궁금한게 생겼습니다,미트라 이정도면 비싼건가요?
평딜,1,8,1,9,0,0,2,4,0,2,직업,0.5,0.536955091375009,2.0396351459441955,"하드메이린 환산 오르는거 평딜,준극이랑 오리진이랑 비슷하면",291 메르 vs 281 레테 조언 부탁드립니당ㅠ,블래스터 매그팡도 안됨
하시,1,7,3,11,3,0,0,1,0,3,직업,0.14285714285714285,0.3843422015416294,2.0379295856154425,메m 넥슨플러그로 하시는 분??,어려운 직업 위주로 하시는 분 있나요,지난주에 챌섭 시작한 뉴비인데 제네시스 패스 사도 되나요?
검색,1,8,1,9,5,0,0,0,0,3,아이템,0.625,0.5353035705453745,2.0374434749270756,챌섭 챌린저 목표 템셋팅 관련 질문입니다.,헥환 4.5 이후 템셋팅 질문.,뉴비 아이템 셋팅 질문 두개만 부탁드립니다.
메획템,1,8,1,11,5,0,0,0,0,3,아이템,0.625,0.5353035705453745,2.0374434749270756,"메린이 오늘 첫 해방했는데, 잠재 돌리고 남은 블랙큐브는 어디에 쓰는게 좋나요?",이번주에 하드 세렌을 하고 싶은데,솔에르다 기운 다차면 헥사부스터로 빼면 되죠?
적게,1,8,1,10,5,0,0,0,0,3,아이템,0.625,0.5353035705453745,2.0374434749270756,복귀뉴비라서 아이템 가격 질문 드립니다,성님들 하드 메이린 목표하는 메린이 봐주십시오.,유니온 250작 템셋팅 어떻게 해야할까요?
해야할지 모르겠습니다,2,8,1,9,5,0,0,0,0,3,아이템,0.625,0.5353035705453745,2.0374434749270756,진짜 찐 뉴비 템세팅,질문드립니다.,챌섭 메소 어디다 써야하나요?
시기,1,6,3,11,1,0,0,0,1,4,시세,0.16666666666666666,0.4779926870380207,2.0360763918143876,챌썹뉴비 지금 시기에 패스 다 지를까요?,어제 시작한 뉴비 제네패스,메린이 많이 성장했지만 다시 막막해짐..
것도,1,21,0,22,9,1,0,3,0,8,직업,0.14285714285714285,0.31686732736581197,2.0352464071641143,챌섭 쌩뉴비 여러 가지 질문 드립니다 !,메m 넥슨플러그로 하시는 분??,카르시온 넘어왔는데 왜 사냥 메소가 줄었을까요?
저번주,1,13,1,15,4,1,1,1,0,6,퀘스트,0.07692307692307693,0.2764664923375622,2.0345815615368035,뉴비 하드메이린 찐모,챌섭 파풀마 사려는데 고민이에요!,챌린저스 서버 저번주에 알아서 이제 시작하는데 제네시스 무기 해방 될까요??ㅜㅜ
하지,1,18,0,19,12,0,2,1,0,3,몬스터,0.1111111111111111,0.38164077811386876,2.034078481142163,챌섭 아케인셰이드 장갑 극추옵 질문드립니다,미트라 교체 타이밍 궁금합니다,미라클 대비 미트라 질문
저렇게,1,14,0,15,5,0,0,3,0,6,직업,0.21428571428571427,0.5012133261564665,2.0326805248976685,메이플 및 배경화면 글자 깨짐,팔라딘 파티배율 시너지 잘 아시는분,하프이어링 가위가 안써지는데 왜이럼?
보면서,1,11,0,11,5,0,0,0,0,6,기타,0.5454545454545454,0.6345293401550158,2.0308264133123957,4여명 5칠흑으로 7~8만 될까요?,메린이 하드 메이린까지 진로 상담 부탁드립니다.,부티크 티켓은 어느 타이밍에 사는게 좋을까요?
조언부탁드립니다,1,10,1,11,6,0,0,1,0,3,아이템,0.6,0.4020636453112021,2.0305552026080016,제로<>렌 직변 해보신분 궁금합니다.,미트라 에디 직작 질문,렌 무보엠 옵션 고민이있습니다!
만들기,1,7,2,9,3,0,1,0,0,3,몬스터,0.14285714285714285,0.46797051921461763,2.029316244362493,무자본 하드메이린 방향 추천 부탁드립니다.,챌섭 진로 질문드려요,챌린저스서버 질문드립니다.
하기,1,11,1,12,3,0,1,2,2,3,시세,0.18181818181818182,0.35120860421050326,2.027913101751906,하드 메이린 잡고 싶은데 스펙업 방향을 알려주세요!,메린이 질문(주문서작),메짱이 선생님들 아버 이후에 질문있습니다. 17에테 VS 18아케인(+27여명)
텔포,1,7,0,9,0,0,0,6,0,1,직업,0.8571428571428571,0.9500091541798708,2.0274650209287914,법사 본캐 추천점요,챌섭에서 본캐를 바꾸고 싶어요 ㅠㅠ,보마 검마 3페 사선 피하는 법 질문입니다.
비숍,1,5,2,9,1,0,0,2,0,2,직업,0.4,0.7018336909916849,2.027134232178767,메쌤 도와줘요,지금 시작해도 괜찮을까요? + 직업 고민,"메린이 남은 대적자 큐브, 코인 어떻게 쓰는게 좋을까요?"
유챔용,1,5,2,9,1,0,0,2,0,2,직업,0.4,0.7018336909916849,2.027134232178767,본섭 깡통케릭들 유챔용으로 살릴만한가요?,250물약 사용처 질문,챌섭에서 285렙 2개 키우려고 하는 메린이 입니다! 질문 있습니다
당연히,1,12,0,12,8,0,0,0,0,4,아이템,0.6666666666666666,0.5802430494260673,2.0266216971292255,보통 22성 도전자셋은 환산 몇만까지 끼나요?,복귀 중고뉴비 대적자 코인 뭐에 써야할까요?,에테리온 효과 다 받는 기준이면 몬파 매일 3천포인트 씀??
대략,1,12,0,15,8,0,0,0,0,4,아이템,0.6666666666666666,0.5802430494260673,2.0266216971292255,레테 하드메이린 잡고싶은데 템좀 봐주세요 ㅠㅠ,보조 옵션 질문,이번챌섭 유입 렌 하메 120퍼 만들고싶어요
맘에,1,15,0,15,3,0,0,3,0,9,직업,0.2,0.46180703977877346,2.026494856290673,메린이 본캐 고민,겨울에도 재네패스 하나요?,길드 분위기 알아보는 법...
포뻥,1,7,2,10,0,1,2,0,0,4,몬스터,0.2857142857142857,0.4651058978515778,2.0253562038917385,검마 솔격 문의용,환산 스탯 기준 100% 넘으면 잡을만 한건가요?,검마 2인 이정도면 갈만할까요?
아마,1,17,0,19,10,0,0,3,1,3,직업,0.17647058823529413,0.40076723302087075,2.02436902485494,다음 스펙업을 뭐 하는게 나으려나요??,계륵같은 에디인데 어케해야할까요,복귀를 해볼까 하는데요! 조언 좀 부탁드리겠습니다ㅎㅎ
같아서요,1,24,0,24,11,0,1,3,2,7,직업,0.125,0.25571079845675626,2.020988566089199,제네 검마,메이플 늦은 유입 뉴비 현시점 제네패스 질러도 될까요?,어려운 직업 위주로 하시는 분 있나요
들어서,1,16,0,17,10,0,0,0,1,5,아이템,0.625,0.4264539761063524,2.020724219893282,챌섭 블큐 화에큐 사용처 및 챌 달성 질문,꼭 챌린저스나 하이퍼버닝으로 키워야 하나요 ?,챌섭 메린이 템세팅 질문있습니다
처음 시작한,2,7,1,9,3,0,0,2,0,2,직업,0.2857142857142857,0.6086206091699567,2.0203062387221533,메린이 본캐 고민,안녕하세요 이번에 처음 시작한 뉴비인데 리프할 서버 추천해주시면 감사합니다!,썜들 메린이 챌린저 찍을 수 있게 진로부탁드립니다..
1시간,1,10,0,10,4,0,0,0,0,6,기타,0.6,0.6845671842631943,2.019707843927988,안녕하세요 이번에 처음 시작한 뉴비인데 리프할 서버 추천해주시면 감사합니다!,레테유입 이제뭐함?,이벤링 주스텟 21% vs 아획 또는 메획 1줄
본섭 본캐,2,10,0,12,4,0,0,0,0,6,기타,0.6,0.6845671842631943,2.019707843927988,님들 링크 3렙 찬란한영웅의 증거 질문 있습니다,궁금해서 그러는데 유챔나온게 왜 다들 별로라는거야?,200억 챌린저 가능한가요 고수분들의견이 궁금합니다
했고,1,10,0,10,4,0,0,0,0,6,기타,0.6,0.6845671842631943,2.019707843927988,자석펫 스카니아에 있으면 스카니아로 리프해야겠져?,챌섭 블큐 화에큐 사용처 및 챌 달성 질문,복귀뉴비 두가지 질문드려요
소울,1,5,3,11,3,0,1,0,0,1,몬스터,0.2,0.592164553438232,2.019606032311544,제가 실수로 도전자 무기에 공3퍼 소울을 발라버렸습니다..,제네패스 소울,제네 해방 에디 관련 질문
보약,1,8,1,10,4,1,0,0,0,3,퀘스트,0.125,0.5207745133117562,2.0181625109370276,10000마리 사냥 보약 마릿수가 다음 주로 이월 되나요?,환산 7~8만대 미트라 옵션 추천 좀 해주십쇼,형님들 해방후 투력이 떨어졌어요 문제가 뭘까요
많아서,1,17,0,17,9,0,0,3,1,4,직업,0.17647058823529413,0.3956139698959577,2.0169216017563123,크주잡 에테 스타포스 어디까지 올려야할까요?,조각 사용처 질문합니다 ! (스펙업 관련),챌린저스 서버 저번주에 알아서 이제 시작하는데 제네시스 무기 해방 될까요??ㅜㅜ
생각하면,1,13,0,13,8,0,0,0,0,5,아이템,0.6153846153846154,0.5251357085151203,2.012460285107394,챌섭리프,메짱이 선생님들 아버 이후에 질문있습니다. 17에테 VS 18아케인(+27여명),챌섭 뉴비 질문입니다.
12퍼,1,6,2,8,5,0,0,0,1,0,시세,0.16666666666666666,0.5541697941840315,2.010513202888932,오토스틸 12퍼 팔리나요?,해방무기 추옵 VS 에디,제네무기 공1추 vs 공2추 보공 12퍼
알려줄,1,6,2,8,5,0,0,0,1,0,시세,0.16666666666666666,0.5541697941840315,2.010513202888932,요즘 화에큐 레전 에디 천장 얼마임?,템셋 계획 알려줄 분!!! 2만 이니 드려요!!!!,"뉴비 악세 뭐 사야되는지 알려줄 선생님,,"
나와서,1,21,0,21,9,1,1,4,2,4,직업,0.19047619047619047,0.30015955751921847,2.009424194215734,뉴비 루컨마 시세 문의 드립니다..!!!,대적자 큐브 질문,"월비, 목비, 금비 표창들 드랍몹"
노흉,1,7,2,12,5,0,0,1,0,1,아이템,0.7142857142857143,0.4533359719444472,2.0090855080394387,"익스우, 노흉 목표 템 진로 질문좀요",살짝 과부화 오는데 방향성 한번만 잡아주실분..?,지금의 조건으로 어느정도 맞춰야할까요 진로상담 부탁드립니다
리레링,1,7,2,12,5,0,0,1,0,1,아이템,0.7142857142857143,0.4533359719444472,2.0090855080394387,제논 리레 3렙 4렙 차이 큰가요??,챌린저스서버 질문드립니다.,"챌린저스 리레링, 컨티링 리프하면 없어지나요?"
2초,1,8,0,9,7,0,0,0,0,1,아이템,0.875,0.8287131132142378,2.009046698625678,[질문] 복귀 유저 아버 이후 에테르넬 17성 풀셋 질문,형들 이거 얼마에 팔릴까요? 법사에테뚝,"방어구, 장신구 템셋 훈수 부탁드립니다 (글삭X)"
결계,1,8,0,8,7,0,0,0,0,1,아이템,0.875,0.8287131132142378,2.009046698625678,하드 메이린 잡고 챌달고싶은데 뭘 건드려야할지 막막합니다.. ㅠㅠ,챌섭 뉴비 하드메이린 잡고싶은데 스펙업 질문,뉴비 콜 280억으로 세팅좀 해주실분 ㅠㅠ 메이린 잡고싶어요
공공뎀,1,8,0,8,7,0,0,0,0,1,아이템,0.875,0.8287131132142378,2.009046698625678,급함 제네무기 윗잠 방무 버려도됨??,나로 제네패스플러스로 받는 코인으로 보조 윗잠 돌릴까요?,형님들 해방후 투력이 떨어졌어요 문제가 뭘까요
눈장식,1,8,0,9,7,0,0,0,0,1,아이템,0.875,0.8287131132142378,2.009046698625678,보스방 드랍율이랑 일반 맵 드랍율이 다른가요?,복귀뉴비 템진단좀 부탁드립니다,템세팅 진로 질문드립니다
답변해주시면,1,8,0,8,7,0,0,0,0,1,아이템,0.875,0.8287131132142378,2.009046698625678,메이플 쌩뉴비 질문드려요...,아케인 파이렛햇 봐주세요!!!,미라클때 메소로는 등업이 2배가 아닌가요?
아케인 18성,2,8,0,9,7,0,0,0,0,1,아이템,0.875,0.8287131132142378,2.009046698625678,4여명 5칠흑으로 7~8만 될까요?,세트효과 어떻게 가져가는게 좋을까요,8-9만 세팅 가능할까요?
얼장,1,8,0,10,7,0,0,0,0,1,아이템,0.875,0.8287131132142378,2.009046698625678,챌섭 챌린저 목표 템셋팅 관련 질문입니다.,얼굴장식 토드,드메템 맞추는중입니다.
에디에잠,1,8,0,8,7,0,0,0,0,1,아이템,0.875,0.8287131132142378,2.009046698625678,"안녕하세요 메쌤, 메형님들 뉴비 질문 몇 가지만 해도 될까요?",챌섭 스펙업 어떻게 할까요? 미트라? 보장?,뉴비 미트라 질문
장신구 18성,2,8,0,10,7,0,0,0,0,1,아이템,0.875,0.8287131132142378,2.009046698625678,챌섭 스펙업 어떻게 할까요? 미트라? 보장?,스펙업 순서,10억있는데 카유잠 어디에 쓸지 추천부탁드립니다
중이고,1,8,0,8,7,0,0,0,0,1,아이템,0.875,0.8287131132142378,2.009046698625678,18성 주문서 어디에 쓰나요?,메린이 내 캐릭이 왜 약한지 모르겠어요,8-9만 세팅 가능할까요?
챌섭 키우,2,8,0,8,7,0,0,0,0,1,아이템,0.875,0.8287131132142378,2.009046698625678,궁금해서 그러는데 유챔나온게 왜 다들 별로라는거야?,4여명 깨고 4흙칠흑 vs 4여명 유지 2흙칠흑,화에큐 어디에 던질까요
하이퍼스탯,1,7,2,9,2,0,1,0,0,4,몬스터,0.14285714285714285,0.45329036485960517,2.009022460998019,환산 7~8만대 미트라 옵션 추천 좀 해주십쇼,안녕하세요 뉴비 검마 질문드려요,검마 질문있습니다!!!
50억,1,12,0,12,10,0,0,0,1,1,아이템,0.8333333333333334,0.5661916734555994,2.0086011632457743,초저자본 메린이 첫 제네시스 잠재 질문,뉴비 50억으로 뭐해야 할 까요 ?,마도서 먹었는데 어쩌죠?
처음부터,1,10,1,11,4,1,0,1,0,4,퀘스트,0.1,0.3867810481814271,2.0084220011552683,실수로 어빌리티 잘못돌려버렸어요..,미라클 대비 미트라 질문,챌섭 뉴비 질문입니다.
종류,1,5,3,8,3,0,0,0,1,1,시세,0.2,0.582921737585396,2.0078818379676733,에디셔널 큐브가 종류가 또있나요.?,남캐 헤어 종류 잘 아시는 분 계실까요..,보스 물약 종류
이벤,1,6,3,9,4,0,0,1,0,1,직업,0.16666666666666666,0.45691068861009043,2.0070339211257133,형들 지금 링크캐 키울방법 없음?,이번 이벤으로 시작한 늅늅이 장비좀 봐주실수 있을까요?,이벤 블큐 남는거 보통 어디에 쓰시나요?
단계,1,5,2,8,2,0,0,0,0,3,기타,0.6,0.6845671842631943,2.006567283102167,메린이 질문이 있습니다,제네무기 잠재 업글 질문합니다,메린이 질문좀;;
보스전,1,5,2,8,2,0,0,0,0,3,기타,0.6,0.6845671842631943,2.006567283102167,울티마 카오스 지역 사냥 질문,그래픽카드 변경 후 보스전 렉 심합니다,챌섭 보상인 리스트레인트링을 실수로 버려버렸습니다
사냥용,1,5,2,7,2,0,0,0,0,3,기타,0.6,0.6845671842631943,2.006567283102167,사냥용 어빌리티 질문드립니다!,울티마 카오스 지역 사냥 질문,링크 어떻게들 쓰시나요 선생님들 ?
티켓,1,5,2,13,2,0,0,0,0,3,기타,0.6,0.6845671842631943,2.006567283102167,MVP작 할 때 질문,부티크 관련 질문입니다,부티크 티켓은 어느 타이밍에 사는게 좋을까요?
키울,1,13,0,13,9,0,2,0,0,2,몬스터,0.15384615384615385,0.5205519248478917,2.0064118511652094,미트라를 믿기 vs 똥블렘을 믿기,마라벨 헤어쿠폰,제네무기 질문드립니다
그나마,1,17,0,18,10,0,2,1,0,4,몬스터,0.11764705882352941,0.3879836740962253,2.0058944060143418,미트라 고민,"미라클때 만든 레전잡, 유니크3줄 칠흑 언제팔아야 할까요",안녕하세요 선생님들 템 진로 고견좀 여쭙습니다
메잘알,1,8,2,10,2,1,0,2,0,3,직업,0.25,0.373030165692577,2.005581012235971,메잘알 선배님들 질문,진짜 찐 뉴비 템세팅,메잘알 형들 나로 질문이요ㅜㅜ
스킬코어,1,4,3,7,0,0,0,2,0,2,직업,0.5,0.7600351533379034,2.0053702578607795,"헥사코어 강화할때 ""최종뎀 효율"" << 이게 뭔가요?",5차 스킬코어 슬롯 강화 기능 없어졌나요?,신규6차 스킬코어 솔에르다 몇개들어가는지아시는분
돈이,1,14,0,14,10,0,1,0,0,3,아이템,0.7142857142857143,0.4808349473959289,2.005087688547363,안녕하세요 메린이인데 질문있습니다.,이번 레테복귀유저 본섭캐릭 버릴까용?,이번 챌섭이 본캐인데 진로상담 요청합니다!
스펙업 하는게,2,14,0,14,10,0,1,0,0,3,아이템,0.7142857142857143,0.4808349473959289,2.005087688547363,100억 정도 있는디,2석펫 vs 스펙업,리프 질문있습니다
경쿠,1,5,1,8,1,0,0,0,0,4,기타,0.8,0.8526665699072489,2.004905162414444,뉴비 재획 경쿠 질문,메이플 새 계정 판 메린이인데여 유니온 질문입니당,명의분리 관련 아시는 분 계신가요..?
100억으로,1,5,4,10,3,0,0,0,0,2,아이템,0.6,0.5090213057352097,2.004642116920938,100억으로 템세팅 질문,메린이 100억으로 뭘해야될까요?,100억으로 할것
메고수,1,5,4,10,3,0,0,0,0,2,아이템,0.6,0.5090213057352097,2.004642116920938,메고수 형님들 해방무기 질문입니다!!,메고수 형님들 템 진로좀 봐주십쇼,챌섭 템세팅 진로 질문드려요
뭐해야,1,5,4,10,3,0,0,0,0,2,아이템,0.6,0.5090213057352097,2.004642116920938,뉴비 50억으로 뭐해야 할 까요 ?,뉴비 템셋팅좀 도와주소.... 220억 있는데,메린이인데 70억으로 뭐해야 하나요??
메인,1,12,0,18,1,0,0,2,0,9,기타,0.75,0.5615972457956399,2.0027089261086157,레테 헥사 스텟 두 번째꺼 열었는데요 초기화 해야할까요??,메청소년 진로 도움!!!!,제네무기 추옵 뭐 고를지 추천 부탁드립니더
비슷한,1,21,0,23,9,0,0,2,2,8,시세,0.09523809523809523,0.29476258533147837,2.0010830591397846,뉴비 아버 템 대체질문,본캐 추천 부탁드리겠습니다....,여명으로 카링 될까요?
여름,1,12,0,13,5,0,0,3,0,4,직업,0.25,0.5603268317573955,2.0010796522730634,조각 사용처 질문합니다 ! (스펙업 관련),뉴비 검마까지 방향성 조언좀....,18아케인에서 스팩업 질문 있습니다
누가,1,7,2,9,2,0,1,2,0,2,직업,0.2857142857142857,0.4467400579804965,1.9999673444399249,유뇬작이랑 링크작하려는데,5석펫인데 스펙업 순서 추천 좀…,좀비머쉬맘이 없어요
누비,1,4,4,8,3,0,0,0,0,1,아이템,0.75,0.6746376658839944,1.998282353432444,누비 챌린저 달수 있을까요?,챌섭 누비 검환불 질문좀용,누비 템 관련 질문
챌뉴비,1,4,4,8,3,0,0,0,0,1,아이템,0.75,0.6746376658839944,1.998282353432444,챌뉴비 칠흑방향성 질문드려요,챌뉴비 똥블렘 뽀록등업으로 인한 고민 도와주세요,챌뉴비 방어구 질문드려요!
아무거나,1,7,1,8,2,0,0,2,0,3,직업,0.2857142857142857,0.5910816473994608,1.9982786247007673,펫 아무거나 사도 되나요?,카레잠 질문있어요,레테 9만원 정도 현질해서 장신구 산다 치면
MVP,1,7,2,13,2,0,0,0,1,4,시세,0.14285714285714285,0.443856101347153,1.9959805749731836,엠작 질문,메린이)첫 285완료 mvp작 및 템 방향성 질문드려요,챌섭 뉴비 질문입니다.
이번달,1,9,1,10,2,1,2,0,0,4,몬스터,0.2222222222222222,0.43385326507498345,1.994055579398134,메린이)첫 285완료 mvp작 및 템 방향성 질문드려요,검마 가고 싶은데 될까요?,해방무기 작 하는 거 질문
템값,1,11,1,12,4,0,0,1,1,5,기타,0.45454545454545453,0.3283521271630437,1.9936097757369586,궁금해서 그러는데 유챔나온게 왜 다들 별로라는거야?,템 진로상담 해주실분,복귀유저 챌섭 질문드려요
중에서,1,10,1,11,5,0,0,1,0,4,기타,0.4,0.37653775966613057,1.993587037809554,유챔 하드 세렌급 보조 스펙 질문 있습니다!,쌤들!! 이거 윗잠 vs 추옵 중에서 뭐 돌릴까요?,이지카링돌이 세팅하려면...
점점,1,6,1,7,4,0,0,2,0,0,직업,0.3333333333333333,0.6961648147281728,1.9934607718408932,컨티4렙이 점점 비싸지던데 챌 끝나면 싸지나요?,블래스터 매그팡도 안됨,복귀 렌 유저 전투력 천만이 안되는데...
팔아야할까요,1,4,2,6,2,0,0,0,2,0,시세,0.5,0.8614004750488234,1.9915890514102161,"미라클때 만든 레전잡, 유니크3줄 칠흑 언제팔아야 할까요",메린이 카르마 200제 20성 스타포스 강화권 얼마에 팔아야할까요,에테르넬 이런 템은 얼마정도에 팔아야할까요?
망한건가요,1,5,2,8,3,1,0,0,0,1,퀘스트,0.2,0.6708598507220218,1.9902398327759183,메린이 질문(주문서작),챌섭 사파이어보상 유니크에잠 잘못 썼는데 혹시 복구해줄까요...?,제네시스 해방 퀘스트 관련 질문입니다 [메린이]
요새,1,5,2,7,3,1,0,0,0,1,퀘스트,0.2,0.6708598507220218,1.9902398327759183,대장장이 고견 나눠주실 메짱엉아들?,칠흑 아랫급에 별누르는건 요새 별로임?,이번 유입 앞으로 템세팅 관해서 여쭤봅니다
그런,1,12,0,13,4,0,0,3,0,5,직업,0.25,0.5503046314058164,1.9882264340969966,컴터 자꾸 팅겨여,제논 리레 3렙 4렙 차이 큰가요??,모험가 22성 나오면 18둘둘로 하드 메이린 가능할까요?
노트북,1,7,1,9,0,0,0,0,1,6,기타,0.8571428571428571,0.5827723352644704,1.9878427549561462,안녕하세요 컴퓨터 질문있어요,메이플 렉 걸리지 않는 사양,컴퓨터 질문
주고,1,20,0,25,9,0,0,2,2,7,시세,0.1,0.30523511090989036,1.9869087908347909,본섭에 유니온 만들려는데 고민상담좀 해주십쇼..,메린이 도움 부탁드립니다 보마 300억 템세팅,메이플은 쩔? 버스? 같은거 없나요??
잡고싶은데,1,8,2,10,4,0,1,1,0,2,몬스터,0.125,0.3600468279999094,1.9866162901180653,레테 하드메이린 잡고싶은데 템좀 봐주세요 ㅠㅠ,앞으로 뭘 건드리는게 좋을까요 ?,챌섭 뉴비 하드메이린 잡고싶은데 스펙업 질문
주시면,1,17,0,17,12,0,1,1,1,2,아이템,0.7058823529411765,0.37327507478962824,1.9846377459973423,와헌 템셋팅 질문 드립니다.,[뉴비] 메짱이형님들 템진로 조언 부탁드립니다,복귀뉴비
해보려고,1,15,0,16,9,0,0,3,1,2,직업,0.2,0.4315495782616191,1.9845491080076398,보통 22성 도전자셋은 환산 몇만까지 끼나요?,챌섭 뉴비 앞으로 진로 설정 부탁드립니다,"뉴비 블큐, 화에큐 사용처 질문점여"
제한,1,8,1,9,2,1,0,0,0,5,퀘스트,0.125,0.49533989842509946,1.9844091926146494,칠흑 33퍼사서 미라클때 에디레전 보내는거 어떤가요?,5석펫 효과도 사용횟수 제한이있나요??,[사전월드리프] 여러 서버로 이동 불가 관련 문구 문제
285찍고,1,11,1,13,3,1,0,2,0,5,직업,0.18181818181818182,0.3220002836641015,1.9840768386229972,하드 메이린 배율좀 봐주세요,본캐를 올릴가요 버린 부캐를 살릴까요,메린이)첫 285완료 mvp작 및 템 방향성 질문드려요
고민되네요,1,14,0,14,9,0,0,1,0,4,아이템,0.6428571428571429,0.46463982602945486,1.9831590877106855,미트라 51퍼 팔고 방어구부터 살까요?,지금 시작하면 챌 가능할까요,미트라 에디 직작 질문
악몽선경,1,9,1,12,0,1,0,1,0,7,기타,0.7777777777777778,0.4260048605067603,1.9831408259154473,에픽던전 본캐랑 285작 누구 위주로 해야할까요?,에테리온 효과 다 받는 기준이면 몬파 매일 3천포인트 씀??,지금 284인데 챌섭기간 동안 290가능함?
무교,1,6,2,8,4,0,0,0,1,1,시세,0.16666666666666666,0.5329364378840242,1.9830451982072281,드드 드메 템 맞출라고 하는데,챌섭 챌린저 목표 겸,다음 스펙업 뭐가좋을까요?
포함,1,12,0,12,9,0,0,1,0,2,아이템,0.75,0.5462431539289575,1.98301769207469,무자본 하드메이린 방향 추천 부탁드립니다.,대적자 큐브 어디에 던질까요??,챌섭뉴비 템 가이드 부탁드립니다ㅠ
어떤식,1,13,0,13,9,0,0,1,0,3,아이템,0.6923076923076923,0.5021477837558866,1.9821270594431446,메린이 방향성이 잘못된걸까요? 현실조언 부탁드립니다,5초 뚝질문,메고수 형님들의 도움이 필요합니다
템이,1,13,0,15,9,0,0,1,0,3,아이템,0.6923076923076923,0.5021477837558866,1.9821270594431446,뉴비 템 순서 질문드립니다,메m 어제부터 갑자기 약해졌어요,도미펜 직작하는거 어떻게 생각하시나요?
슬슬,1,15,0,15,7,0,1,0,0,7,기타,0.4666666666666667,0.42942727291255867,1.981606968069663,18에테 22아케인 질문있습니다,메린이 유니온 질문있습니다,챌섭 챌린저 목표 템셋팅 관련 질문입니다.
맞을지,1,12,0,14,9,0,0,0,2,1,시세,0.16666666666666666,0.5433457511020353,1.979301846315079,스펙업 질문,시세 측정 가능할까요?,미트라 엠블 잡레 관세 합해서 70억 사도될까요?
mvp작,1,5,3,9,2,0,0,0,1,2,시세,0.2,0.5594745390773943,1.9781398722611094,mvp작,메린이)첫 285완료 mvp작 및 템 방향성 질문드려요,mvp작하려는데 챌섭이좋아요본섭이좋아요 ?
3시간,1,12,0,13,8,0,2,0,0,2,몬스터,0.16666666666666666,0.5424174339141842,1.9781113030278294,선생님들 헥사환산 몇을 목표로 잡아야할까요?,검마 배율 181%인데 이거 잡히는거 맞나요..?,오늘 썬데이 메이플 솔에르다 주는거 278레벨 25개 받는거 맞지?
중간,1,11,0,11,3,0,3,1,0,4,몬스터,0.2727272727272727,0.5916337446431748,1.9775306380454005,보마 하드메이린 연모배율 103.6퍼에 어센트 2번봤는데 3.8퍼 남으면 최종뎀 얼마나 올려야할까요???,카르시온 넘어왔는데 왜 사냥 메소가 줄었을까요?,몬파 메이플포인트로 할때 질문
안되는데,1,7,1,8,1,0,0,2,0,4,직업,0.2857142857142857,0.5745252312747173,1.9774850139531353,챌린저스 포인트 잃어버린 5000점 질문.,mvp블랙 경뿌,블래스터 매그팡도 안됨
패치,1,7,1,8,1,0,0,2,0,4,직업,0.2857142857142857,0.5745252312747173,1.9774850139531353,지금 시작해도 괜찮을까요? + 직업 고민,이번에 바인드 패치로 배율 올라갔나요?,부티크 티켓은 어느 타이밍에 사는게 좋을까요?
고민이네요,1,19,0,19,10,0,0,2,2,5,시세,0.10526315789473684,0.3201211147196012,1.97736471418279,미트라 고민,챌섭 시작전에 자석펫 얼마였어요??,유료 경험치 주는것들 효율 궁금해요
그러면,1,17,0,17,6,0,2,1,0,8,몬스터,0.11764705882352941,0.36821054903243533,1.9773185648894784,아버 에테로 바꾸려는데,메이플 및 배경화면 글자 깨짐,카레잠 질문있어요
파티플,1,5,2,8,0,2,1,0,0,2,퀘스트,0.4,0.6597105081013269,1.9769593258660272,메이플 보스 파티 궁금한점,메이플 파티플 질문,보스 파티플 질문
꿀팁,1,5,3,9,0,0,0,1,0,4,기타,0.8,0.5580920017665955,1.9763861711836954,선생님들 챌섭 일리움 검마 잡는데 3페이지 꿀팁 있나요?,보스 꿀팁 있을까요,햄들 요새 비피작 뭘로해야됨?
더이상,1,9,1,11,5,1,0,1,0,2,퀘스트,0.1111111111111111,0.42078475398223386,1.9758812389034246,템 세팅 방향성 질문드립니다,챌섭>본섭 리프 (유챔x) 헥환 상승 큰가요?,제네플 잠재 더이상 건들지말고 환불 돌릴까요 ?
즐기고,1,16,0,17,8,0,2,1,0,5,몬스터,0.125,0.39454097219145545,1.97551604562298,안녕하세요 선생님들 템 진로 고견좀 여쭙습니다,뉴비 검마까지 방향성 조언좀....,에디 레전천장 사용처 추천부탁드려요 + 도전자 대체셋 질문
잡는데,1,7,1,8,1,0,1,3,0,2,직업,0.42857142857142855,0.5704880136346157,1.9724145728939566,검마 결정석이 없어요,진짜 진지해요 바이퍼 질문하나만 할게요 ㅜㅜ,선생님들 챌섭 일리움 검마 잡는데 3페이지 꿀팁 있나요?
나옴,1,7,0,8,1,0,0,0,0,6,기타,0.8571428571428571,0.8967047662373373,1.9720433416080305,메쌤 도와줘요,겨울에도 재네패스 하나요?,카르시온 넘어왔는데 왜 사냥 메소가 줄었을까요?
동일,1,7,0,8,1,0,0,0,0,6,기타,0.8571428571428571,0.8967047662373373,1.9720433416080305,에테 이 정도 되는 옵션 작된 장비 18성 달면 얼마 정도 할까요?,[사전월드리프] 여러 서버로 이동 불가 관련 문구 문제,원래 명의이전을 해도 하버맥스 갱신이 안되나요?
한번씩,1,7,0,7,1,0,0,0,0,6,기타,0.8571428571428571,0.8967047662373373,1.9720433416080305,뉴비 아이템 셋팅 질문 두개만 부탁드립니다.,(뉴비살려주세요 ㅜㅡㅠ) 웹 인증정보가 일치하지 않습니다. 떠서 보스 보상 못받은....,점프 한번만 눌렀는데 두번 눌리는 버그
몬스터파크,1,6,2,8,3,0,1,0,0,2,몬스터,0.16666666666666666,0.5227929170186514,1.969923284050919,메린이 하드메이린 잡으려면 어떻게 세팅해야 할까요…,형님들 몬스터파크 핸즈 템셋팅 질문,몬스터파크 핸즈로 솔 애르다 타임 참여 가능한가요?
몇정,1,4,2,7,1,0,2,0,0,1,몬스터,0.5,0.8407027060383057,1.9694436556705466,깡통 200레벨에서 (노하버) 부스터,하드메이린 렙업당 배율 몇정도 오르나요?,선생님들 시드링5렙 적정 환산 몇인가요 ?
어웨이크,1,6,2,9,5,0,0,1,0,0,아이템,0.8333333333333334,0.5217836261121718,1.9686176399053266,"이터널 플레임 링, 테네브리스 원정대 반지, 어웨이크 링 3개 있는데","뉴비 악세 뭐 사야되는지 알려줄 선생님,,",응애 뉴비 이벤트링 질문있어요
보뎀,1,10,1,14,7,0,1,1,0,1,아이템,0.7,0.3592320776160527,1.9685238797717703,레테 해방무기 추옵 질문이요,저 지금 방금 막 헥사 떡작했는데..,레테 제네무기 1추 보공 8% vs 2추 보공 12% 뎀 6% 인트 55 닥전인가요?
바꾸려고,1,7,1,10,6,0,0,1,0,0,아이템,0.8571428571428571,0.5669729146698427,1.9679998735373936,뉴비 콜 280억으로 세팅좀 해주실분 ㅠㅠ 메이린 잡고싶어요,보공 과다 질문,소과금 익스우 솔플 목표로 템세팅 질문이여
찍어보고,1,7,1,8,6,0,0,1,0,0,아이템,0.8571428571428571,0.5669729146698427,1.9679998735373936,챌린저 찍어보고 싶은데 여기서 뭘 더 해야 할까요?,챌섭 유입 메린이 템 진로 고민입니다 !!,메린이 많이 성장했지만 다시 막막해짐..
챌까지,1,6,1,7,3,0,0,2,0,1,직업,0.3333333333333333,0.6733120774840683,1.966602512059923,챌섭 지금부터 시작하면,메린이 다음 스펙업 조언 구합니다,본섭 유기캐 본캐로 키우기.
나은,1,9,0,9,7,0,0,0,0,2,아이템,0.7777777777777778,0.7075235986705076,1.9658591921171291,에디 레전 천장 사용처가 고민입니다....,메고수 형님들 템 진로좀 봐주십쇼,큐브 사용처 질문
두고,1,9,0,9,7,0,0,0,0,2,아이템,0.7777777777777778,0.7075235986705076,1.9658591921171291,스펙업 질문,피시방에서 접속만 시켜놓고 집에서 보상수령가능한가요?,1억 2천만 아란 엠블렘 조언 구합니다
띄우고,1,9,0,10,7,0,0,0,0,2,아이템,0.7777777777777778,0.7075235986705076,1.9658591921171291,에테모자 에디에픽->레전 기대값 얼마인지 아시는분??,똥블렘 언제까지 써야하나요? 투자를 좀 해서...,메린 제네 직작 질문이요!! 드디어 제네 해방이네요...ㅠ
생각해서,1,9,0,10,7,0,0,0,0,2,아이템,0.7777777777777778,0.7075235986705076,1.9658591921171291,하드 메이린 잡았는데,22도미 > 고근 질문,플래닛 여기에 질문해도될까요? 뉴비 썬콜 템세팅 질문좀요 ㅠ
올릴,1,9,0,9,7,0,0,0,0,2,아이템,0.7777777777777778,0.7075235986705076,1.9658591921171291,메린이 익스우 템세팅 질문,환산 7~8만 목푠데 다음 메소를 어디다 써야 해야할까요?,카에유잠 사기 vs 에디 메소 등업
읽어주셔서,1,9,0,10,7,0,0,0,0,2,아이템,0.7777777777777778,0.7075235986705076,1.9658591921171291,안녕하세요 선생님들 템 진로 고견좀 여쭙습니다,4만 메린이 템세팅 질문 드립니다,챌섭 뉴비 방향성 조언 부탁드려요 메짱형님들
포함해서,1,9,0,9,7,0,0,0,0,2,아이템,0.7777777777777778,0.7075235986705076,1.9658591921171291,8만대 목표 템세팅 질문,드랍템 먼저 맞출까요 스펙업을 먼저 할까요,솔에르다 드랍률 상향이면 조각도 포함인가요?
잡아서,1,12,0,12,8,2,1,0,0,1,퀘스트,0.16666666666666666,0.5326725626688373,1.9656137524081807,챌섭 스펙업 어떻게 할까요? 미트라? 보장?,챌섭 블큐 화에큐 사용처 및 챌 달성 질문,챌린저스 포인트 잃어버린 5000점 질문.
옮기면,1,7,1,9,1,0,0,1,0,5,기타,0.7142857142857143,0.5644333035939294,1.96481031344389,타명의 계정 재화 옮기면 정지 당하나요,챌섭 리프질문,[사전월드리프] 여러 서버로 이동 불가 관련 문구 문제
나서,1,17,0,17,9,1,0,0,0,7,기타,0.4117647058823529,0.3592516295630681,1.9643712609817157,챌린저스 패스 vs 제네패스 플러스,에테 27 vs 30,4여명 깨고 4흙칠흑 vs 4여명 유지 2흙칠흑
뜨는데,1,9,1,10,4,1,0,1,0,3,퀘스트,0.1111111111111111,0.41223319888054244,1.963988616012081,택배 배송중,현재 적용중인 프리셋과 동일합니다 어케 나오게 해요?,렌인데 하드 메이린 최소컷 질문
이해,1,11,1,12,2,1,1,1,2,4,시세,0.18181818181818182,0.3082838847624754,1.9634910719584076,메이플 쌩뉴비 질문드려요...,뉴비 진짜 이해안가는데 챌섭매물이요,흉성 보스 웰케 공략이 이해가 안가네요ㅠㅠ
메린이라,1,15,0,15,7,2,1,0,1,4,퀘스트,0.13333333333333333,0.4158933983909523,1.962845034136256,하이퍼버닝 캐릭 삭제 고민,하드메이린.... 왜 안될까요,이번 챌섭 유입 메린이 제네시스 무기 잠재능력 질문 있습니다
8만 목표,2,3,3,7,3,0,0,0,0,0,아이템,1.0,1.0,1.9628379778217324,헥환 8만 목표 과금 어느정도 해야할까요?,헥환 7만 중반 ~ 8만 목표 레테 템세팅 조언 부탁드립니다.,헥환 5만에서 7~8만 목표로 하고 있는데 뭐부터 하면 좋을까요?
넥슨온,1,3,3,7,0,0,0,0,0,3,기타,1.0,1.0,1.9628379778217324,넥슨온으로 원격하는데,넥슨온 조이스틱이랑 단축키 버튼이 없어요,넥슨온 접속오류 질문
대적자코인 사용처,2,3,3,6,3,0,0,0,0,0,아이템,1.0,1.0,1.9628379778217324,대적자코인 사용처 질문,대적자코인 사용처 궁금해요,대적자코인 사용처 질문드립니다
더돌려야하나요,1,3,3,6,3,0,0,0,0,0,아이템,1.0,1.0,1.9628379778217324,무기 2추옵+18%인데 더돌려야하나요?,하드세렌 목표인데 이정도 보조는 더돌려야하나요?,
돼요,1,3,3,6,3,0,0,0,0,0,아이템,1.0,1.0,1.9628379778217324,사냥할 때 컨티뉴어스 링 계속 끼면 돼요?,뉴비 다음 반지 잠재 어떻게 계획해가면 돼요?,
메뉴비,1,3,3,6,3,0,0,0,0,0,아이템,1.0,1.0,1.9628379778217324,메뉴비 30만원으로 드메 세팅 맞추는 법,메뉴비 질문입니다,2주차 메뉴비 질문드려요
메수라이브 잠재능력,2,3,3,6,0,0,0,0,0,3,기타,1.0,1.0,1.9628379778217324,메수라이브 잠재능력 설정 질문,메수라이브 잠재능력 설정 도와주세요,
메수라이브 잠재능력 설정,3,3,3,6,0,0,0,0,0,3,기타,1.0,1.0,1.9628379778217324,메수라이브 잠재능력 설정 질문,메수라이브 잠재능력 설정 도와주세요,
메획 1줄,2,3,3,8,3,0,0,0,0,0,아이템,1.0,1.0,1.9628379778217324,메획 1줄 마이스터링,이벤링 주스텟 21% vs 아획 또는 메획 1줄,
미트라 옵션,2,3,3,6,3,0,0,0,0,0,아이템,1.0,1.0,1.9628379778217324,환산 7~8만대 미트라 옵션 추천 좀 해주십쇼,궁수 미트라 옵션,메린이 미트라 옵션 질문있어요!!!!!!!!!!!!
미트라 직작,2,3,3,6,3,0,0,0,0,0,아이템,1.0,1.0,1.9628379778217324,미트라 직작 손해일까요?,미트라 직작 질문,이번 미라클에 미트라 직작 하는거 괜찮나요?
블큐 화에큐 사용처,3,3,3,6,3,0,0,0,0,0,아이템,1.0,1.0,1.9628379778217324,챌섭 블큐 화에큐 사용처 및 챌 달성 질문,"뉴비 블큐, 화에큐 사용처 질문점여",블큐 화에큐 사용처 질문
스펙업 조언좀,2,3,3,6,3,0,0,0,0,0,아이템,1.0,1.0,1.9628379778217324,현재 템셋 스펙업 조언좀 부탁드림다,햄들 스펙업 조언좀 부탁드림다...,샤타 및 스펙업 조언좀
시세질문,1,3,3,6,0,0,0,0,3,0,시세,1.0,1.0,1.9628379778217324,샤타 시세질문,극추 루컨마 시세질문,메린이 몽벨 시세질문
신규 6차,2,3,3,6,0,0,0,3,0,0,직업,1.0,1.0,1.9628379778217324,신규 6차 스킬 질문잇는데여,렌 신규 6차 개방하는게 좋나요?,패파 신규 6차 점샷 되나요?
에메랄드 카레잠,2,3,3,6,3,0,0,0,0,0,아이템,1.0,1.0,1.9628379778217324,챌섭 에메랄드 카레잠 어디다 쓰는게 좋은가요?,에메랄드 카레잠을 하트에 발랐는데 에디는 뭘 발라야 하나요,
에테뚝,1,3,3,6,3,0,0,0,0,0,아이템,1.0,1.0,1.9628379778217324,에테뚝 작을 어떻게 해야 할까요?,님들아 진짜 급함 블큐 뭐골라야 하나요 ㅠ 에테뚝,전사 에테뚝 올이탈 쿨쿨힘 깡통 시세가 어떻게 되나요?
울티마 전사,2,3,3,6,0,0,0,0,0,3,기타,1.0,1.0,1.9628379778217324,울티마 전사 궁수 39렙인데 에스페시아 어떻게 할까요,울티마 전사 24렙엔 어디가요?,울티마 전사 사냥스킬 알려주실분
윗잠 돌릴까요,2,3,3,6,3,0,0,0,0,0,아이템,1.0,1.0,1.9628379778217324,무기 윗잠 돌릴까요,레테인데 해방 무기 윗잠 돌릴까요 말까요?,나로 제네패스플러스로 받는 코인으로 보조 윗잠 돌릴까요?
잠재능력 설정,2,3,3,6,0,0,0,0,0,3,기타,1.0,1.0,1.9628379778217324,메수라이브 잠재능력 설정 질문,메수라이브 잠재능력 설정 도와주세요,
제논 보조,2,3,3,8,3,0,0,0,0,0,아이템,1.0,1.0,1.9628379778217324,제논 보조 질문드려요,제논 보조에 카블큐 써도 될까요,
질문이용,1,3,3,6,3,0,0,0,0,0,아이템,1.0,1.0,1.9628379778217324,챌섭 메린이 질문이용,메린이 템세팅 질문이용,메린이 토드(장비전승) 간단 질문이용
질문좀여,1,3,3,6,3,0,0,0,0,0,아이템,1.0,1.0,1.9628379778217324,출석 보돌만 하다가 제대로 복귀해보려하는데 템셋 질문좀여,스펙업 순서 질문좀여,제네 무기 질문좀여!
챌섭 스펙업,2,3,3,6,3,0,0,0,0,0,아이템,1.0,1.0,1.9628379778217324,챌섭 스펙업 어떻게 할까요? 미트라? 보장?,챌섭 스펙업 뭐부터해야할까요?,챌섭 스펙업 방향성 알려주세요..!
챌섭 프펫,2,3,3,6,3,0,0,0,0,0,아이템,1.0,1.0,1.9628379778217324,챌섭 프펫 가격,,
챌섭 프펫 가격,3,3,3,6,3,0,0,0,0,0,아이템,1.0,1.0,1.9628379778217324,챌섭 프펫 가격,,
챌섭 하메,2,3,3,6,3,0,0,0,0,0,아이템,1.0,1.0,1.9628379778217324,챌섭 하메 템진로 조언 받고싶습니다,챌섭 하메 템진로 질문 있습니다!,챌섭 하메 포기해야 될까요?
코인 사용,2,3,3,6,3,0,0,0,0,0,아이템,1.0,1.0,1.9628379778217324,제네패스 코인 사용 질문,대적자 코인 사용에 대해 질문합니다,대적자 코인 사용 질문
크크올,1,3,3,6,3,0,0,0,0,0,아이템,1.0,1.0,1.9628379778217324,[뉴비] 이 스펙으로 크크올 장갑 사서 껴도 괜찮을까요?,아케인 해적 장갑 크크올 올이탈 시세좀 알려주실분...,크크올 크덱올 장갑
팔아야되나요,1,3,3,6,3,0,0,0,0,0,아이템,1.0,1.0,1.9628379778217324,챌섭 아케인 쌍크 장갑 팔아야되나요 ? 메린이 템세팅 방향성 한번 잡아주시면 감사하겠습니다.,님들 이거 팔아야되나요?,이거 에디 선택하고 팔아야되나요?
프펫 가격,2,3,3,6,3,0,0,0,0,0,아이템,1.0,1.0,1.9628379778217324,챌섭 프펫 가격,,
현실적 목표,2,3,3,6,0,0,0,0,0,3,기타,1.0,1.0,1.9628379778217324,챌섭 무자본 현실적 목표,뉴비 현실적 목표 질문,
훈수좀,1,3,3,7,3,0,0,0,0,0,아이템,1.0,1.0,1.9628379778217324,스펙업 순서 방향 훈수좀 부탁해,메선생님들 보조캐 하진힐 스펙업 훈수좀 부탁드립니다,무자본 메제유저 스펙업 훈수좀 부탁드립니다. (스펙상세첨부
해봤는데,1,10,0,10,5,0,0,3,0,2,직업,0.3,0.6352485615735708,1.9605773978238004,레테 하드 메이린 스펙 업 질문 있습니다!,법사 본캐 추천점요,챌섭에서 본캐를 바꾸고 싶어요 ㅠㅠ
레테인데,1,9,1,10,5,0,1,0,0,3,몬스터,0.1111111111111111,0.4087230846837363,1.959107110373427,뉴비 쌍레보조 150억,레테인데 해방 무기 윗잠 돌릴까요 말까요?,제네시스무기 잠재 질문드립니다(찐늅입니다ㅠㅠ)
나오면,1,12,1,13,6,0,1,0,1,4,몬스터,0.08333333333333333,0.2639787964824279,1.9581026002817519,제네패스 지금 사도 되나요?,하드 메이린 배율좀 봐주세요,챌섭 호영 템셋 질문
펜던트,1,6,2,8,3,0,0,0,1,2,시세,0.16666666666666666,0.5132701756097754,1.9576044258400027,펜던트 토드 질문있습니다..,챌섭 1 정령의 펜던트 90일 교환권 얼마정도에 올려야 하나요..?,레전 잠재 2장 질문있습니다
가능합니다,1,11,0,11,6,2,0,1,0,2,퀘스트,0.18181818181818182,0.5735847302812567,1.9551055801403758,챌린저 찍고싶은 메린인데 향후 템셋팅 어떻게 해야하나요?,하드메이린 최소컷 세팅,쌤들!! 이거 윗잠 vs 추옵 중에서 뭐 돌릴까요?
추옵값,1,5,1,7,3,0,0,0,2,0,시세,0.4,0.8055743630341347,1.9539432623062545,커포링 극추옵….?,극추 루컨마 시세질문,마깃안 전승용으로 팔수있을까요
해야 할지,2,9,0,10,6,0,0,3,0,0,직업,0.3333333333333333,0.6961648147281727,1.952781908827049,챌린저 찍어보고 싶은데 여기서 뭘 더 해야 할까요?,메린이 많이 성장했지만 다시 막막해짐..,다음 스펙업을 뭐 하는게 나으려나요??
그렇게,1,15,0,16,5,0,1,3,0,6,직업,0.2,0.40570952333064303,1.9487271855658,뉴비 검마까지 방향성 조언좀....,챌린저스섭 진로가 궁그미합니다!,렌 본캐 변경 어떤가요??
헥사스킬,1,4,2,6,2,0,0,2,0,0,직업,0.5,0.8208693031281162,1.948223080830463,챌섭 뉴비 앞으로 진로 설정 부탁드립니다,챌린저목표 8600만 윈브 뭘 더 해야할까요?,환산주스텟 헥사스킬 순서
15퍼 에디,2,6,0,6,6,0,0,0,0,0,아이템,1.0,1.0,1.9459101490553132,하메 도전 메린이 인데 템셋 질문있슴다,템세팅 조언 부탁드립니다,얼굴장식 토드
17성에,1,6,0,8,6,0,0,0,0,0,아이템,1.0,1.0,1.9459101490553132,30억 있는데 템 어떻게 보강해야할까요??,메린이입니다. 훈수를 부탁합니다.,템세팅 질문(무자본)
18성 강화권,2,6,0,8,6,0,0,0,0,0,아이템,1.0,1.0,1.9459101490553132,제논 5에테,아케인 쌍크 장갑을 만들었는데,챌 유입 제논 템셋팅 및 템업글 직작 조언 부탁드림다!
18성을,1,6,0,8,6,0,0,0,0,0,아이템,1.0,1.0,1.9459101490553132,에테 18성 직작 vs 완작사기,챌섭 유입 스펙업 질문있습니다.,메린이 도움 부탁드립니다 보마 300억 템세팅
1추가,1,6,0,6,6,0,0,0,0,0,아이템,1.0,1.0,1.9459101490553132,제네 무기 추옵 질문드립니다,메린이 추옵고르는것좀 도와주세여,해방무기 추옵 질문있습니다
가엔링 에스텔라,2,6,0,6,6,0,0,0,0,0,아이템,1.0,1.0,1.9459101490553132,스펙업 질문있어요,이제 뭘 더 올리지... 레벨은 너무 오래 걸리는데ㅇㅅㅇ,소과금 메린이 스펙업 방향 조언 부탁드림다ㅜㅜ
계단식,1,6,0,7,6,0,0,0,0,0,아이템,1.0,1.0,1.9459101490553132,헥환 7만 중반 ~ 8만 목표 레테 템세팅 조언 부탁드립니다.,[뉴비] 메짱이형님들 템진로 조언 부탁드립니다,에테 27 vs 30
그래픽,1,6,0,7,0,0,0,0,0,6,기타,1.0,1.0,1.9459101490553132,메이플 좀 켜두면 생기는 잔렉? 프레임드랍? 해결방법 있을까요..,안녕하세요 컴퓨터 질문있어요,윈10 프리징? 해결방법 아시는분..ㅠㅜ
끼고있는데,1,6,0,6,6,0,0,0,0,0,아이템,1.0,1.0,1.9459101490553132,도미 너무 비싼데 대체할만한거있나요?,4칠흑 부위추천 부탁드립니다,4여명 가는게 맞을까요?
다른템,1,6,0,6,6,0,0,0,0,0,아이템,1.0,1.0,1.9459101490553132,레테 무기 잠재 질문좀 드립니다!,미라클 대비 미트라 질문,"형들 제네무기랑, 제 매생 진로좀 봐주세요"
도전자 장비,2,6,0,6,6,0,0,0,0,0,아이템,1.0,1.0,1.9459101490553132,크뎀 장갑 고민입니다 ㅠㅠ,챌섭뉴비 템 가이드 부탁드립니다ㅠ,뉴비 주보캐 템 질문좀 받아주실분
레전 2줄,2,6,0,7,6,0,0,0,0,0,아이템,1.0,1.0,1.9459101490553132,템 가성비 셋팅 질문,고수님들 스펙업 순서 훈수 좀 부탁드리겠습니다,뉴비 레테 미트라 구매 질문
마깃,1,6,0,6,6,0,0,0,0,0,아이템,1.0,1.0,1.9459101490553132,18칠흑 22여명보장 뭐가야할까요?,마깃안 % 선택,챌섭 유입 질문 한개 해도 되겠습니까
미카엘라,1,6,0,6,6,0,0,0,0,0,아이템,1.0,1.0,1.9459101490553132,"메린이 오늘 첫 해방했는데, 잠재 돌리고 남은 블랙큐브는 어디에 쓰는게 좋나요?",카레잠을 팔아서 보조를 사야할까요??,형님들 뉴비 드메템 사려는데 같이봐줄수있을까
바를지,1,6,0,8,6,0,0,0,0,0,아이템,1.0,1.0,1.9459101490553132,레잠 1장 사용처,챌섭 266레벨 40퍼인데 EXP 패스 블농이랑 EXP쿠폰 언제 사용하나요?,템 진로 찐 최종 확인 제발 부탁드립니다
비싸더라구요,1,6,0,6,6,0,0,0,0,0,아이템,1.0,1.0,1.9459101490553132,도미 너무 비싼데 대체할만한거있나요?,뉴비 칠흑 질문있어요,챌섭 하드메이린 최소컷만큼 템셋 질문이요
사서 17성 주문서,3,6,0,7,6,0,0,0,0,0,아이템,1.0,1.0,1.9459101490553132,챌섭 복귀유저 렌 스펙업 훈수 부탁드립니다.,모험가 22성 나오면 18둘둘로 하드 메이린 가능할까요?,데브펜 가엔링 966 깡통 사려는데 괜찮을까요?
생길때마다,1,6,0,6,6,0,0,0,0,0,아이템,1.0,1.0,1.9459101490553132,해방무기 훈수 부탁드립니다,"형들 제네무기랑, 제 매생 진로좀 봐주세요",하드메이린 템셋 질문좀요!
수중,1,6,0,6,6,0,0,0,0,0,아이템,1.0,1.0,1.9459101490553132,메린이 하드 메이린 배율 105인데 못잡겠습니다..,"""자석펫 장착 vs 팔고 템셋팅""",블큐가많이남아서 에테 한부위 직작하려는데 부위추천가능할까여
싸지면,1,6,0,8,6,0,0,0,0,0,아이템,1.0,1.0,1.9459101490553132,4칠흑 4여명 할 생각인데 조언좀 부탁해!!,챌섭 스펙업 방향성 알려주세요..!,하드메이린 템셋 질문좀요!
쓰고 있는데,2,6,0,6,6,0,0,0,0,0,아이템,1.0,1.0,1.9459101490553132,칠흑 보통 얼마정도 하나요?,흙에테 12성 → 17성 직작 or 경매장 구매,썬콜 대적자 코인 어디에 쓸까요?
쓰고있습니다,1,6,0,6,6,0,0,0,0,0,아이템,1.0,1.0,1.9459101490553132,얼굴장식 토드,메린이 챌섭 무보엠 세팅 질문있습니다,240억 정도 써서 보조를 살지 아님 칠흑 4셋을 할지 고민입니다
쓰는게 맞을까요,2,6,0,7,6,0,0,0,0,0,아이템,1.0,1.0,1.9459101490553132,레테인데 해방 무기 윗잠 돌릴까요 말까요?,챌섭 뉴비 보조무기 질문 드려요,대적자코인 사용처 질문드립니다
쓴다,1,6,0,7,6,0,0,0,0,0,아이템,1.0,1.0,1.9459101490553132,메린이 에디 레전 천장 어떻게 하는게 좋을까요,이번챌섭 유입 렌 하메 120퍼 만들고싶어요,도미 쓸까요 팔까요
아랫잠 2줄,2,6,0,7,6,0,0,0,0,0,아이템,1.0,1.0,1.9459101490553132,챌섭 블큐 화에큐 사용처 및 챌 달성 질문,제네패스 plus 코인들 어따 쓸가요,제네 잠재 질문있습니디
아랫잠 레전,2,6,0,6,6,0,0,0,0,0,아이템,1.0,1.0,1.9459101490553132,제네플 코인 질문 드려요,햄들 스펙업 조언좀 부탁드림다...,제네패스 플러스 재화를 어디에 투자해야할까요?
애완 미트라,2,6,0,7,6,0,0,0,0,0,아이템,1.0,1.0,1.9459101490553132,미트라를 믿기 vs 똥블렘을 믿기,환산 7.8 헥환 7만 진로질문드립니다!,미라클 타임.. 엠블 vs 하트
어쩌다,1,6,0,6,6,0,0,0,0,0,아이템,1.0,1.0,1.9459101490553132,5테르넬..? 6테르넬..? 본캐세팅 추천 부탁드림다,챌섭 뉴비 방향성 조언 부탁드려요 메짱형님들,보마 재획준비물좀 알려주실분
에공삼,1,6,0,6,6,0,0,0,0,0,아이템,1.0,1.0,1.9459101490553132,제네플 큐브 및 카르마 큐브 사용처 질문드립니다!,남은 대적자 큐브 사용처,대적자 코인 사용처 질문
에에잠,1,6,0,7,6,0,0,0,0,0,아이템,1.0,1.0,1.9459101490553132,뉴비 주보캐 템 질문좀 받아주실분,템 진로 찐 최종 확인 제발 부탁드립니다,4여명 5칠흑 2보장 계획완료인데 마지막 템세팅 질문있습니다.
에픽 2줄,2,6,0,6,6,0,0,0,0,0,아이템,1.0,1.0,1.9459101490553132,챌린저 목표 스펙업 뭐해야될까요?,하드 메이린까지 스펙업 질문,칠흑에 메획붙은거 사도 괜찮나요?
운이 좋게,2,6,0,6,6,0,0,0,0,0,아이템,1.0,1.0,1.9459101490553132,"메린이 오늘 첫 해방했는데, 잠재 돌리고 남은 블랙큐브는 어디에 쓰는게 좋나요?",메린이 템셋 조언 부탁드립니다.,"""자석펫 장착 vs 팔고 템셋팅"""
유니크 15퍼,2,6,0,6,6,0,0,0,0,0,아이템,1.0,1.0,1.9459101490553132,하메 도전 메린이 인데 템셋 질문있슴다,제네패스 플러스 코인 사용처,뉴비 주보캐 템 질문좀 받아주실분
유니크잠재,1,6,0,7,6,0,0,0,0,0,아이템,1.0,1.0,1.9459101490553132,챌섭 파풀마 사려는데 고민이에요!,챌섭 다이아 찍었는데요 하트질문,챌섭) 남는 이벤링 유니크인데 이벤 레전주문서 바르나요?
이미지 챌섭,2,6,0,6,6,0,0,0,0,0,아이템,1.0,1.0,1.9459101490553132,하드 메이린 잡고 싶은데 스펙업 방향을 알려주세요!,메린이 도움 부탁드립니다 보마 300억 템세팅,해방무기 작 하는 거 질문
있더라고요,1,6,0,6,6,0,0,0,0,0,아이템,1.0,1.0,1.9459101490553132,에테 장갑은 크주 vs 쌍크 어느게 가성비 좋나요,무기 이펙트 프리즘 이제 안파나요???,데브펜 가엔링 966 깡통 사려는데 괜찮을까요?
저격,1,6,0,11,6,0,0,0,0,0,아이템,1.0,1.0,1.9459101490553132,제네패스 plus 코인들 어따 쓸가요,챌섭 스펙업 방향성 알려주세요..!,뉴비 해방이후 스펙업 방향성 검토 부탁드리겠습니다
제네시스 플러스,2,6,0,6,6,0,0,0,0,0,아이템,1.0,1.0,1.9459101490553132,대적자 코인 쓸 곳 질문드립니다.,렌 해방무기좀 봐주셈 큐브,제네패스 플러스 코인 어디다 써야할까요?
제목 본캐,2,6,0,6,0,0,0,6,0,0,직업,1.0,1.0,1.9459101490553132,루미너스 윈브 중에 본캐 추천 부탁드립니다!,렌 본캐 변경 어떤가요??,"나로, 나워 본캐 튜표해주세요"
착용하고,1,6,0,6,6,0,0,0,0,0,아이템,1.0,1.0,1.9459101490553132,복귀 뉴비인데 챌린저스에서 장신구 직작 해도 되나요?,뉴비 주보캐 템 질문좀 받아주실분,챌섭 뉴비 세트템 셋팅 질문 드립니다.ㅜㅜ
창뱃,1,6,0,8,6,0,0,0,0,0,아이템,1.0,1.0,1.9459101490553132,8-9만 세팅 가능할까요?,환산 7.8 헥환 7만 진로질문드립니다!,자석펫 vs 스펙업
첫작,1,6,0,6,6,0,0,0,0,0,아이템,1.0,1.0,1.9459101490553132,놀긍 파풀마 너무 잘붙었는데요,22성 에테 뚝배기 공6리턴 완작 질문드립니다,에테 윗잠 33% 숄더 리턴작 할까요?
투자하는게,1,6,0,6,6,0,0,0,0,0,아이템,1.0,1.0,1.9459101490553132,잠재 좀더 돌려야될까요?,첫해방 메린이 제네시스무기 도와주세요ㅜㅜ,제네패스 플러스 재화를 어디에 투자해야할까요?
하드메이린까지,1,6,0,6,6,0,0,0,0,0,아이템,1.0,1.0,1.9459101490553132,챌섭 보마 무보엠 적당한지,이번 유입 메린이 제네무기 에디 미라클때 돌려야할까요,아델 보조 시세 질문
도와주실,1,5,3,8,4,0,0,1,0,0,직업,0.2,0.533936208036167,1.945745376783458,메붕이 도와주실 분,렌 템셋 부탁드립니다 고수님들.,렌 템셋팅 도와주실 고수형님들 모십니다
되고,1,13,0,13,5,0,0,0,1,7,기타,0.5384615384615384,0.47452984070219645,1.9456843919207756,18에테 22아케인 질문있습니다,22성 에테 뚝배기 공6리턴 완작 질문드립니다,이제 뭘 더 올리지... 레벨은 너무 오래 걸리는데ㅇㅅㅇ
컨트롤,1,10,0,10,4,0,0,3,0,3,직업,0.3,0.6223977603929657,1.9451699601224781,메이플 챌섭 뉴비 아이템 추가 스펙업 질문합니다!,뉴비 검마까지 방향성 조언좀....,헥환8만목표(노흉~노카 보스 솔격 )입니다.
않나,1,11,1,12,5,0,1,1,0,4,몬스터,0.09090909090909091,0.2958175342859755,1.944781395759227,챌섭 떠날까요?,꼭 챌린저스나 하이퍼버닝으로 키워야 하나요 ?,얼굴장식 토드
150급,1,4,1,5,4,0,0,0,0,0,아이템,1.0,1.0,1.9441111178210946,지금 법사 에테 쿨뚝 45억이면 괜찮게 맞춘건가요,240억 정도 써서 보조를 살지 아님 칠흑 4셋을 할지 고민입니다,에테 아케인 거품
18성 21퍼,2,4,1,5,4,0,0,0,0,0,아이템,1.0,1.0,1.9441111178210946,선생님들 도미 안사고 바로 고근 가도 되나요?,챌섭 컨티4렙vs 도미 18성 21퍼 뭐 먼저살까요?,챌섭 템진로 선택 질문드립니다!
18칠흑,1,4,1,6,4,0,0,0,0,0,아이템,1.0,1.0,1.9441111178210946,18칠흑 22여명보장 뭐가야할까요?,루컨마 직작질문좀!!,뉴비 챌섭 장신구 스펙업 질문있습니다
20성 블빈마,2,4,1,5,4,0,0,0,0,0,아이템,1.0,1.0,1.9441111178210946,20성 블빈마 이 가격이면 괜찮게 산건가요?,뉴비 아이템 셋팅 질문 두개만 부탁드립니다.,스펙업 방향성 질문드립니다.
2추 보공,2,4,1,5,4,0,0,0,0,0,아이템,1.0,1.0,1.9441111178210946,레테 제네무기 1추 보공 8% vs 2추 보공 12% 뎀 6% 인트 55 닥전인가요?,썬콜 대적자 코인 어디에 쓸까요?,제네 패스 플러스 코인 어디에 쓰는 게 좋을까요?
3석,1,4,1,7,4,0,0,0,0,0,아이템,1.0,1.0,1.9441111178210946,챌섭 챌린저 목표 겸,챌섭 뉴비 3석 vs 장비 뭐 먼저?,5석펫 질문 있습니다..
5칠흑,1,4,1,6,4,0,0,0,0,0,아이템,1.0,1.0,1.9441111178210946,4여명 5칠흑으로 7~8만 될까요?,스펙업 방향성 여쭤보고 싶습니다,4여명 5칠흑 2보장 계획완료인데 마지막 템세팅 질문있습니다.
거탐,1,4,1,5,0,0,0,0,0,4,기타,1.0,1.0,1.9441111178210946,게토 아닌 피시방에서 하면 찍계되나요?,거탐횟수랑 룬 화살표 회전 여부,거탐 및 돌아가는 화살표 룬 찍계 문의
골드 큐브,2,4,1,6,4,0,0,0,0,0,아이템,1.0,1.0,1.9441111178210946,큐브가 부족해요,미트라 직작 질문,블랙보조에 골드 큐브 20개 정도 써도 될까요?
공9퍼,1,4,1,5,4,0,0,0,0,0,아이템,1.0,1.0,1.9441111178210946,제네무기 보40 35 공9퍼 기댓값 큐브몇개정도인가요?,전투력 1억 아델 하드메이린 목표,엠블렘 질문
과분한,1,4,1,5,4,0,0,0,0,0,아이템,1.0,1.0,1.9441111178210946,선생님들 이런 추옵도 팔릴까요?,형들 마깃안 에디 3줄 어떻게 처리할까요,뉴비 미라클 하다가 운좋게 과분한 옵션이 떳는데요
데브펜 18성,2,4,1,5,4,0,0,0,0,0,아이템,1.0,1.0,1.9441111178210946,데브펜 18성 쌍레,메린이 토드(장비전승) 간단 질문이용,하드 메이린 89% 스펙업 도와주세요ㅜㅜ
도와주시면 감사하겠습니다,2,4,1,5,4,0,0,0,0,0,아이템,1.0,1.0,1.9441111178210946,메린이 하드메이린 목표 템셋 봐주시면 감사하겠습니다!,챌섭 유입 메린이 템세팅 질문 있습니다 !!,메뉴비 30만원으로 드메 세팅 맞추는 법
돌리다 떳는데,2,4,1,5,4,0,0,0,0,0,아이템,1.0,1.0,1.9441111178210946,이거 돌리다가 떳는데 어케해야하나요?,형들 메린이 이거 미트라가야해?,미트라 가격좀 봐주세요
두번,1,4,1,5,0,0,0,0,0,4,기타,1.0,1.0,1.9441111178210946,듀블 하메 잡으신분?,점프 한번만 눌렀는데 두번 눌리는 버그,로그인(웹인증) 관련 문제 도움
레유 미트라,2,4,1,6,4,0,0,0,0,0,아이템,1.0,1.0,1.9441111178210946,지금의 조건으로 어느정도 맞춰야할까요 진로상담 부탁드립니다,에디천장 질문있습니다.,에디 레전천장 사용처 추천부탁드려요 + 도전자 대체셋 질문
레유잠,1,4,1,7,4,0,0,0,0,0,아이템,1.0,1.0,1.9441111178210946,챌섭 복귀유저 렌 스펙업 훈수 부탁드립니다.,챌섭 레테 레유잠 받았는데 이거 어디다 발라야할까요...?,이번 제네시스 패스 플러스로 고민이 있습니다.
레전잠,1,4,1,5,4,0,0,0,0,0,아이템,1.0,1.0,1.9441111178210946,낼 해방인데 대적자코인 맞는 사용법은 뭘까요,레전잠 한장 어따써야될까요?,이벤링 골큐 어디서사요?
레테 무기,2,4,1,5,4,0,0,0,0,0,아이템,1.0,1.0,1.9441111178210946,레테 무기 잠재 질문좀 드립니다!,제네패스 플러스 재화 사용처 추천 부탁드립니다.,"메린이 남은 대적자 큐브, 코인 어떻게 쓰는게 좋을까요?"
맞춰야할까요,1,4,1,5,4,0,0,0,0,0,아이템,1.0,1.0,1.9441111178210946,지금의 조건으로 어느정도 맞춰야할까요 진로상담 부탁드립니다,"복귀 템셋팅 질문 익스우, 노적자 널널컷정도",챌린저 목표 스펙업 뭐해야될까요?
먼저 살까요,2,4,1,5,4,0,0,0,0,0,아이템,1.0,1.0,1.9441111178210946,메린이 100억 모았습니다..드메템 질문있어요!,미트라vs컨티4렙 뭐 먼저 살까요?,이번챌섭 유입 렌 하메 120퍼 만들고싶어요
메짱분들,1,4,1,5,4,0,0,0,0,0,아이템,1.0,1.0,1.9441111178210946,챌섭 메린이 스펙업 순서 질문 있어요!!,메짱분들 질문..,아란 제네무기
몇가지,1,4,1,5,0,0,0,0,0,4,기타,1.0,1.0,1.9441111178210946,챌섭 쌩뉴비 여러 가지 질문 드립니다 !,환산주스텟,뉴비 몇가지 질문좀 드려여
목표환산,1,4,1,5,4,0,0,0,0,0,아이템,1.0,1.0,1.9441111178210946,아스트라 보조 질문입니다,챌뉴비 칠흑방향성 질문드려요,목표환산 9만 이상 22앜 27퍼 레에 vs 33퍼 18성에테 직작 뭐가 더 좋아보이시나요?
보조 구매,2,4,1,5,4,0,0,0,0,0,아이템,1.0,1.0,1.9441111178210946,레테 보조 190억~220억 대 사이선에서 뭐가 더 좋은 매물일지 질문드립니다,뉴비 보조 vs 미트라 둘중 뭘 사는게 좋을까요,보조 구매 질문있습니다
보조 레에,2,4,1,5,4,0,0,0,0,0,아이템,1.0,1.0,1.9441111178210946,"""자석펫 장착 vs 팔고 템셋팅""",복귀늅 템 질문,메린이 보조 바꿀려고 45억 모았는데 어떻게 할까요 ㅜㅜ
보조무기 윗잠,2,4,1,5,4,0,0,0,0,0,아이템,1.0,1.0,1.9441111178210946,잠재 좀더 돌려야될까요?,레테 보조무기 질문드립니다,뉴비 보조무기 질문 하나만 받아주십셔
복귀했는데,1,4,1,5,4,0,0,0,0,0,아이템,1.0,1.0,1.9441111178210946,뉴비 50억으로 뭐해야 할 까요 ?,진짜 찐 뉴비 템세팅,스펙업 질문!
봐주실,1,4,1,5,4,0,0,0,0,0,아이템,1.0,1.0,1.9441111178210946,템환 9.2인데 데티해방까지 템셋 좀 봐주실 형님,템 진로상담 해주실분,스펙업 진로 봐주실분!!
블빈마 파풀마,2,4,1,5,4,0,0,0,0,0,아이템,1.0,1.0,1.9441111178210946,뉴비 아이템 셋팅 질문 두개만 부탁드립니다.,챌섭 템 셋만 더 세팅하려 하는데 어떤 부위를 직작해야 할까요?,챌까지 생각중인데 블빈마 파풀마 어느게 나음?
살지 고민입니다,2,4,1,5,4,0,0,0,0,0,아이템,1.0,1.0,1.9441111178210946,고민있습니다!,챌뉴비 똥블렘 뽀록등업으로 인한 고민 도와주세요,루컨마 깡통을 살지 고민입니다.
선택하면,1,4,1,5,4,0,0,0,0,0,아이템,1.0,1.0,1.9441111178210946,선생님들 이거 어떤 거 선택하면 좋을까요?,레테 제네무기 1추 보공 8% vs 2추 보공 12% 뎀 6% 인트 55 닥전인가요?,제네무기 잠재 골라주세요 ㅠ
아랫잠중,1,4,1,5,4,0,0,0,0,0,아이템,1.0,1.0,1.9441111178210946,윗잠 아랫잠중 어느거 돌려야하나요,제네무기 질문,해방무기 잠재 어떻게 돌려야하나요
아이템들,1,4,1,5,4,0,0,0,0,0,아이템,1.0,1.0,1.9441111178210946,챌섭 복귀유저 렌 스펙업 훈수 부탁드립니다.,모험가 22성 나오면 18둘둘로 하드 메이린 가능할까요?,메멘토 수에큐 에픽 1.5줄짜리인거 2줄 뽑는데 쓰는건 비추인가요?
어디 먼저,2,4,1,6,4,0,0,0,0,0,아이템,1.0,1.0,1.9441111178210946,해방무기 잠재 질문,부캐 제네 플러스 어디다가,챌섭 유입 질문드립니다.
에디에픽2줄,1,4,1,7,4,0,0,0,0,0,아이템,1.0,1.0,1.9441111178210946,부캐 방어구 질문,에디에픽2줄 이거 가능한걸까요.. ?!?,렌 템셋고민
에픽던전 1단계,2,4,1,5,0,0,0,0,0,4,기타,1.0,1.0,1.9441111178210946,MVP 레드 달아주는게 좋을까요?,경험치 bm 문의드려요,내 상황에서 레드 유지를 할까 말까 고민중인데
여쭤보고,1,4,1,5,4,0,0,0,0,0,아이템,1.0,1.0,1.9441111178210946,템셋이나 스펙업가이드 알려주세요..,스펙업 방향성 여쭤보고 싶습니다,유니크 잠재 질문있습니다
위험,1,4,1,5,0,0,0,0,0,4,기타,1.0,1.0,1.9441111178210946,친구계정 레잠 쓰는것도 정지되나요?,1분 동꼽은 제재 위험 없나요?,형님들 메이플 id관련좀 알려주십숑
윗잠 돌리는게,2,4,1,5,4,0,0,0,0,0,아이템,1.0,1.0,1.9441111178210946,메린이 해방무기 윗잠 질문,이거 윗잠 돌리는게 낫나요 ?,제네무기 잠재 관련 질문
윗잠 아랫잠중,2,4,1,5,4,0,0,0,0,0,아이템,1.0,1.0,1.9441111178210946,윗잠 아랫잠중 어느거 돌려야하나요,제네무기 질문,해방무기 잠재 어떻게 돌려야하나요
유니크 에디,2,4,1,5,4,0,0,0,0,0,아이템,1.0,1.0,1.9441111178210946,뉴비) 첫 해방 무기 세팅 방법 좀 알 수 잇을까요?!,제네무기 유니크 에디 공이탈 +@질문,미라클 어디에 질러야 할까요?
유에잠,1,4,1,5,4,0,0,0,0,0,아이템,1.0,1.0,1.9441111178210946,챌섭 챌린저 목표 템셋팅 관련 질문입니다.,뉴비 챌린저까지 템세팅 질문!,챌섭 사파이어 보상 카레잠 유에잠 깡통 미트라에 쓰는거 어때요??
이볼빙,1,4,1,6,4,0,0,0,0,0,아이템,1.0,1.0,1.9441111178210946,챌린저 하고 싶은데 여기서 무보엠 바꿔주면 되나요?,30억 있는데 템 어떻게 보강해야할까요??,챌섭 복귀 메린이 보조무기 질문
잇습니다,1,4,1,5,4,0,0,0,0,0,아이템,1.0,1.0,1.9441111178210946,선생님들 메린이 질문 하나 잇습니다,챌섭 카블큐 사용처 질문,메린이 템질문좀용..(살짝비틱주의)
잔렉,1,4,1,5,0,0,0,0,0,4,기타,1.0,1.0,1.9441111178210946,메이플 그래픽설정 의견주시면 감사하겠습니다.,메이플 좀 켜두면 생기는 잔렉? 프레임드랍? 해결방법 있을까요..,라이젠2600 ---->>> 라이젠5600 효과 많으려나??
장갑 크주,2,4,1,6,4,0,0,0,0,0,아이템,1.0,1.0,1.9441111178210946,에테 장갑은 크주 vs 쌍크 어느게 가성비 좋나요,아버 에테로 바꾸려는데,메짱이 선생님들 아버 이후에 질문있습니다. 17에테 VS 18아케인(+27여명)
제네플 코인,2,4,1,5,4,0,0,0,0,0,아이템,1.0,1.0,1.9441111178210946,제네플 잠재 더이상 건들지말고 환불 돌릴까요 ?,제네플 코인 질문 드려요,렌 스펙업 도움 부탁드려도 될까요?
주문서작,1,4,1,6,4,0,0,0,0,0,아이템,1.0,1.0,1.9441111178210946,메린이 질문(주문서작),주흔작? 이번 유입입니다,메린이 메획 + 주스텟 18 or 21퍼 어떰??
중인데요,1,4,1,5,4,0,0,0,0,0,아이템,1.0,1.0,1.9441111178210946,이번 이벤으로 시작한 늅늅이 장비좀 봐주실수 있을까요?,아이템 순서 맞추는 법좀 알려주세요..,5석펫 질문 있습니다..
증상,1,4,1,5,0,0,0,0,0,4,기타,1.0,1.0,1.9441111178210946,컴고수 선생님들 게임이 계속 멈춥니다,컴고수님들 메린이 게임 멈춤 질문드립니다,이벤트 출첵창이 안열려요 ㅜㅠ
집에서,1,4,1,5,0,0,0,0,0,4,기타,1.0,1.0,1.9441111178210946,피시방에서 접속만 시켜놓고 집에서 보상수령가능한가요?,형님들 메이플 id관련좀 알려주십숑,피방이랑 집이랑 추가 경험치가 차이가 안나는데 왜 그런지를 모르겠음
챌섭 보상,2,4,1,6,4,0,0,0,0,0,아이템,1.0,1.0,1.9441111178210946,미라클 대비 미트라 질문,메린이 오늘 해방했어요!,챌섭 보상 250 레테 딸깍 했는데 템 세팅 추천 좀 부탁합니다
챌섭 초반,2,4,1,5,4,0,0,0,0,0,아이템,1.0,1.0,1.9441111178210946,"익스우, 노흉 목표 템 진로 질문좀요",챌린저스 스트라이커 템셋팅,챌섭 유입 메린이 다음주 하드메이린 잡게 해주세요
카르마 큐브,2,4,1,5,4,0,0,0,0,0,아이템,1.0,1.0,1.9441111178210946,제네플 큐브 및 카르마 큐브 사용처 질문드립니다!,햄들 스펙업 조언좀 부탁드림다...,아이템 질문 하나만 드려도 될까요?
탈라하트,1,4,1,8,0,0,0,0,0,4,기타,1.0,1.0,1.9441111178210946,지금 284인데 챌섭기간 동안 290가능함?,렌에서 레테로 본캐를 바꾸려는데,밑에 메린이 컴퓨터 질문한 사람입니다!
템셋팅 방향성,2,4,1,5,4,0,0,0,0,0,아이템,1.0,1.0,1.9441111178210946,템진로 고민과 조언이 필요합니다 .,메린이 스펙업 방향성 질문드립니다,챌섭 4여명 이후 템셋팅 방향성 질문드립니다.
한개,1,4,1,6,4,0,0,0,0,0,아이템,1.0,1.0,1.9441111178210946,챌섭 유입 질문 한개 해도 되겠습니까,뉴비 챌섭 자석펫 팔기 vs 쓰기,"유입뉴비 반지질문있읍니다 선생님덜,,"
해결방법 아시는분,2,4,1,5,0,0,0,0,0,4,기타,1.0,1.0,1.9441111178210946,넥슨온 접속오류 질문,윈10 프리징? 해결방법 아시는분..ㅠㅜ,아 보스잡다가 이렇게 오류 뜨면서 팅겼는데 해결방법 아는분 ㅠ
해제,1,4,1,7,0,0,0,0,0,4,기타,1.0,1.0,1.9441111178210946,컴고수 선생님들 게임이 계속 멈춥니다,유챔 관련 질문이 있습니다,메이플 보호모드 해제 시간 및 보상수령 가능한지 궁금합니다.
효율적인 스펙업,2,4,1,5,4,0,0,0,0,0,아이템,1.0,1.0,1.9441111178210946,챌섭 스펙업 어떻게 할까요? 미트라? 보장?,메이플 챌섭 뉴비 아이템 추가 스펙업 질문합니다!,헥환 5만에서 7~8만 목표로 하고 있는데 뭐부터 하면 좋을까요?
이번챌섭,1,9,1,10,4,0,1,0,0,4,몬스터,0.1111111111111111,0.39748013579198066,1.943471573939843,검마 배율 181%인데 이거 잡히는거 맞나요..?,메이플 대장장이 컨텐츠질문!,대적자큐브 사용처 질문
나은가요,1,8,1,10,6,0,1,0,0,1,몬스터,0.125,0.46439137479374104,1.9433385739167857,보마 카링1페 질문 있습니다,2석펫 vs 스펙업,2추 보공12퍼 vs 1추 뭐가 좋나요?
박아서,1,8,1,9,6,0,1,0,0,1,몬스터,0.125,0.46439137479374104,1.9433385739167857,메린이 에디 레전 천장 어떻게 하는게 좋을까요,사우나 어디에 쓰는게낫나요?,1억 2천만 아란 엠블렘 조언 구합니다
선데,1,5,4,9,1,0,0,1,0,3,직업,0.2,0.4618070397787734,1.9419208646125319,메린이 선데이 질문드립니다~~,코인 4500개 남았는데 이벤링레전주문서 사야되나요,헥사 떡작 574면 마저 할까요 아님 선데이 기다릴까요
해야되나요,1,6,1,7,2,0,0,2,0,2,직업,0.3333333333333333,0.6519120102008447,1.9414515395403698,엠작 목요일에 해야되나요?,복귀뉴비 두가지 질문드려요,부캐 육성
맞는지,1,21,0,25,9,1,1,0,2,8,시세,0.09523809523809523,0.256157953939079,1.9414187818747066,챌섭 스펙업 어떻게 할까요? 미트라? 보장?,잠재 좀더 돌려야될까요?,"에디 레전 천장 60개 남았는데, 진로 조언 부탁드립니다!"
mvp 레드,2,4,2,7,1,0,0,0,0,3,기타,0.75,0.8127514184750242,1.939537421611812,mvp 레드만 유지하고 블랙으로 가긴 싫은데 질문있습니다,mvp 질문해요!,챌섭 재획 vs 본섭 재획
경뿌,1,4,2,10,1,0,0,0,0,3,기타,0.75,0.8127514184750242,1.939537421611812,mvp블랙 경뿌,진짜 메이플 고수만 오셈,요즘은 경뿌 고확으로 안하고 다르게 하나요?
만들면,1,4,2,6,1,0,0,0,0,3,기타,0.75,0.8127514184750242,1.939537421611812,캐릭터 삭제,자석펫 4마리면 루팅범위 늘어나나요?,레테 만들면 주는 펫 기간이 어떻게 되나요?
보스배율,1,4,2,6,1,0,0,0,0,3,기타,0.75,0.8127514184750242,1.939537421611812,환산 질문,아니 보스배율 웰케 떨어짐?,챌린저 목표) 진로 설정 질문입니다.
어제부터,1,4,2,7,1,0,0,0,0,3,기타,0.75,0.8127514184750242,1.939537421611812,메m 어제부터 갑자기 약해졌어요,메린이 지금 약간 막막한데..,어제부터 전투력이 200만 정도 널뛰기하는데 원인을 모르겠습니다..
이득일까요,1,4,2,7,1,0,0,0,0,3,기타,0.75,0.8127514184750242,1.939537421611812,드메템 맞추는게 이득일까요?,어빌리티 질문드립니다.,메소마켓 쓰는게 더 이득일까요?
풀도핑,1,4,2,6,1,0,0,0,0,3,기타,0.75,0.8127514184750242,1.939537421611812,환산 질문,선생님들 드메 100/100이 가성비라고 배웠는데 풀도핑 기준이 맞나요?,카엔슬 가능할까요
필요,1,9,1,10,6,1,1,0,0,1,퀘스트,0.1111111111111111,0.39463464488204925,1.9395143579796879,대적자 큐브 사용처 질문있습니다 !,렌 해방무기좀 봐주셈 큐브,일보 챙겨잡는게 좋나요?
계획입니다,1,10,0,10,7,0,0,0,0,3,아이템,0.7,0.6172570398196363,1.9390065053416963,제네시스 코인 투자처 질문,"안녕하세요 메쌤, 메형님들 뉴비 질문 몇 가지만 해도 될까요?",챌린저스섭 진로가 궁그미합니다!
끝나기,1,10,0,10,7,0,0,0,0,3,아이템,0.7,0.6172570398196363,1.9390065053416963,챌섭 챌린저 질문,제네무기 vs 미트라 에디,[뉴비] 메짱이형님들 템진로 조언 부탁드립니다
사용하,1,10,0,12,7,0,0,0,0,3,아이템,0.7,0.6172570398196363,1.9390065053416963,헥환 7만 중반 ~ 8만 목표 레테 템세팅 조언 부탁드립니다.,대적자 큐브 사용처 질문있습니다 !,잠재 질문
좋을,1,10,0,11,7,0,0,0,0,3,아이템,0.7,0.6172570398196363,1.9390065053416963,챌린저 찍고싶은 메린인데 향후 템셋팅 어떻게 해야하나요?,환산 7~8만대 미트라 옵션 추천 좀 해주십쇼,길드 분위기 알아보는 법...
관해서,1,4,3,7,1,1,0,0,0,2,퀘스트,0.25,0.6995000070391078,1.9363969866663775,환산 질문,솔 에르다기운 관해서 궁금한게 있습니다.,안녕하세요. 뉴비입니다. 검마 해방에 관해서 질문 드립니다.
추가경험치,1,4,3,8,1,1,0,0,0,2,퀘스트,0.25,0.6995000070391078,1.9363969866663775,뉴비) 레벨별로 사냥터는 어디 가야 하나요?,몬파랑 일퀘 추가경험치 질문,폴로프리토는 추가경험치 효과 영향 안받나요?
3표,1,9,0,11,5,0,0,3,0,1,직업,0.3333333333333333,0.6807611060054842,1.9350477337862069,8만대 목표 템세팅 질문,291 메르 vs 281 레테 조언 부탁드립니당ㅠ,복귀유저 직업추천좀 해주세용
4표,1,9,0,11,5,0,0,3,0,1,직업,0.3333333333333333,0.6807611060054842,1.9350477337862069,본캐 추천 부탁드리겠습니다....,"나로, 나워 본캐 튜표해주세요",22가엔링(데브팬)vs어센틱심볼올만렙
주실,1,7,2,9,4,0,0,1,0,2,직업,0.14285714285714285,0.3993067806407594,1.934395782226006,카룻을 갈까요 에테를 갈까요?,뉴비 템세팅 고견 주실 수 있을까요?,렌 코어 강화 관련 질문
하드 메이린까지,2,7,2,10,4,0,0,1,0,2,직업,0.14285714285714285,0.3993067806407594,1.934395782226006,메린이 하드 메이린까지 진로 상담 부탁드립니다.,챌린저목표 8600만 윈브 뭘 더 해야할까요?,템 업그레이드 질문!!!
충분히,1,12,0,12,7,0,0,0,0,5,기타,0.4166666666666667,0.508225190951846,1.9342606172196206,챌섭 챌린저 목표 템셋팅 관련 질문입니다.,4여명 5칠흑으로 7~8만 될까요?,유료 경험치 주는것들 효율 궁금해요
팔려고,1,8,0,8,3,0,0,0,3,2,시세,0.375,0.7598222882177916,1.933362391708098,검마 결정석이 없어요,에테 크뎀장감 추옵 197 템 판매 질문,이거 얼마 정도에 팔릴까요..?
만들어,1,11,1,14,5,0,0,1,1,4,시세,0.09090909090909091,0.2879345958191604,1.9329505695290323,하이퍼버닝 캐릭 삭제 고민,안녕하세요 선생님들 템 진로 고견좀 여쭙습니다,루나 크리스탈 키 평소 시세가 10억 쯤 될까요?
가지고 있는,2,13,0,13,9,0,0,0,1,3,아이템,0.6923076923076923,0.46022796032504637,1.926812650802476,챌섭 챌린저 목표 템셋팅 관련 질문입니다.,아스트라 보조무기 질문있습니다.,뉴비 진짜 이해안가는데 챌섭매물이요
유튜브 보고,2,5,2,8,4,0,1,0,0,0,몬스터,0.2,0.6174687789950676,1.9266432135743365,챌섭 메린이 스펙업 순서 질문 있어요!!,챌 유입 제논 템셋팅 및 템업글 직작 조언 부탁드림다!,유튜브 보고 맞췄는데 챌린저가는거 도와주세요..
가능해요,1,6,2,8,1,0,1,0,0,4,몬스터,0.16666666666666666,0.4875164862717574,1.9242888044510476,넥슨 캐시 사용처 질문,챌섭에서 본캐를 바꾸고 싶어요 ㅠㅠ,챌섭 오늘기준 어디까지 가능해요?
본메,1,5,3,11,1,1,0,1,0,2,퀘스트,0.2,0.5167458976773721,1.9239400587194688,메M 마일리지 받는 퀘스트 탭 어딨나요..?,렌 템셋 부탁드립니다 고수님들.,본메 쌩뉴비 지금시작해도 안늦나요?
남깁니다,1,11,0,11,7,0,0,0,0,4,아이템,0.6363636363636364,0.5474170344175885,1.9225934394097464,동전꼽기가 운영정책 위반인지 여부,메이플 챌섭 뉴비 아이템 추가 스펙업 질문합니다!,메린이 하드 메이린 배율 105인데 못잡겠습니다..
때는,1,11,0,11,6,0,0,0,0,5,기타,0.45454545454545453,0.5466277260364153,1.921612760587191,대학생 유저 메이플 질문,이벤링 주스텟 21% vs 아획 또는 메획 1줄,울티마 카오스 지역 사냥 질문
메이린 최소컷,2,5,4,9,2,0,1,1,0,1,몬스터,0.2,0.4457171196393957,1.9205463939892848,렌인데 하드 메이린 최소컷 질문,유효 2줄로 인정인가요?,챌썹 랩 276 썬콜 메이플 처음하는 메린이 메이린 최소컷 질문 ㅠ
될지,1,17,0,18,10,0,1,1,2,3,시세,0.11764705882352941,0.32875298279334264,1.9202950473430829,헥환 8만 목표 과금 어느정도 해야할까요?,유챔 하드 세렌급 보조 스펙 질문 있습니다!,칠흑 보통 얼마정도 하나요?
빼고,1,13,0,13,9,0,1,0,0,3,아이템,0.6923076923076923,0.4546107250634888,1.9194005478578828,챌섭 레테 레유잠 받았는데 이거 어디다 발라야할까요...?,템 방향성 고민이 너무 됩니다,데티무기 아직도 전투복끼면 코디로 못쓰죠?
그것,1,6,1,7,1,0,0,2,0,3,직업,0.3333333333333333,0.6318303677736595,1.9178500793136728,펫 아무거나 사도 되나요?,뉴비 제논 진로 방향 알려주실분,렌이냐 제논이냐 그것이 문제로다..
않습니다,1,6,1,7,1,0,0,2,0,3,직업,0.3333333333333333,0.6318303677736595,1.9178500793136728,동전꼽기가 운영정책 위반인지 여부,블랙보조12/60 아랫잠 고민,모험가 22성 나오면 18둘둘로 하드 메이린 가능할까요?
본섭가서,1,14,0,14,9,0,2,0,1,2,몬스터,0.14285714285714285,0.4162632039344891,1.9176559271142268,제네패스 지금 사도 되나요?,지금의 조건으로 어느정도 맞춰야할까요 진로상담 부탁드립니다,챌섭에서 본캐를 바꾸고 싶어요 ㅠㅠ
할거,1,10,1,13,6,0,1,1,0,2,몬스터,0.1,0.3239208374899819,1.9173839599911542,제네 추옵 윗잠 밑잠 중 우선 순위 부탁드립니다.,챌섭 뉴비 방향성 조언 부탁드려요 메짱형님들,"메린이 남은 대적자 큐브, 코인 어떻게 쓰는게 좋을까요?"
안쓰고,1,10,0,12,2,0,0,3,0,5,직업,0.3,0.5981953006297418,1.9161524781943144,형들 지금 링크캐 키울방법 없음?,2분 설치기 직업,제네패스 지금써도 괜찮은가요??
유챔세렌,1,4,3,13,0,0,2,1,0,1,몬스터,0.5,0.681705559930944,1.916122133111258,템환 6.4 헥환 5.3 캐릭 버리려고하는데요,유챔세렌 117퍼 못깨먼..,이지카링은 잡았는데 유챔세렌을 못잡아요
에테모자,1,5,2,7,4,0,0,0,1,0,시세,0.2,0.6084202162288086,1.9158650444544072,에테모자 에디에픽->레전 기대값 얼마인지 아시는분??,메린이 템셋 조언 부탁드립니다.,"뉴비 챌섭이후 본섭 준비 질문,평가해주세요"
자전,1,4,2,6,1,0,0,2,0,1,직업,0.5,0.7892817609838471,1.9144262681946247,모험가 자전,자전 질문,아직도 본캐를 못정한 유저 조언부탁드립니다
골라주세요,1,4,4,8,3,0,0,1,0,0,직업,0.25,0.6043529668950975,1.9144142567288598,무보엠 보고 본캐점 골라주세요,제네무기 잠재 골라주세요 ㅠ,엔버 제네 윗잠 골라주세요
주는게,1,7,2,9,3,0,0,1,0,3,직업,0.14285714285714285,0.3843422015416294,1.9137088112968084,챌섭 스펙업 어떻게 할까요? 미트라? 보장?,에픽던전 본캐랑 285작 누구 위주로 해야할까요?,챌섭에서 테라버닝 주는게 최대 4개맞죠?
30분,1,12,0,12,4,0,1,0,0,7,기타,0.5833333333333334,0.4920123673985341,1.9134680815417682,안녕하세요 이번에 처음 시작한 뉴비인데 리프할 서버 추천해주시면 감사합니다!,레테유입 이제뭐함?,하루 평균 6소재 하는데
만드는게,1,8,1,9,5,0,0,0,1,2,시세,0.125,0.44051076303573605,1.911647514547771,시세 측정 가능할까요?,챌섭 복귀 유전데 질문좀 받아주세요,제네 잠재 옵이 이러면 에디셔널 돌리는게 날까요..??
1.5줄,1,12,0,12,9,0,1,0,0,2,아이템,0.75,0.490454508431609,1.9114701668636531,마깃안 % 선택,챌섭 진로 질문드려요,4여명 깨고 4흙칠흑 vs 4여명 유지 2흙칠흑
2소재,1,7,1,8,4,0,0,0,0,3,기타,0.42857142857142855,0.520412122970911,1.909523028585287,지금 284인데 챌섭기간 동안 290가능함?,"""자석펫 장착 vs 팔고 템셋팅""",285렙 주차 질문
쓰는건가요,1,7,1,8,4,0,0,0,0,3,기타,0.42857142857142855,0.520412122970911,1.909523028585287,리턴스크롤 질문,메린이 많이 성장했지만 다시 막막해짐..,챌섭 복귀 메린이 보조무기 질문
유저인데,1,7,1,8,4,0,0,0,0,3,기타,0.42857142857142855,0.520412122970911,1.909523028585287,5차 스킬코어 슬롯 강화 기능 없어졌나요?,윗잠재 어떤 걸 선택해야 할까요?,요즘 교가 보조무기 에픽은 어떻게 올리나요?
조합,1,7,1,8,4,0,0,0,0,3,기타,0.42857142857142855,0.520412122970911,1.909523028585287,헥환 7만 중반 ~ 8만 목표 레테 템세팅 조언 부탁드립니다.,메짱 친구들아 뉴비 템 견적 어디까지 됨..?,울티마 스테이지 밀고싶은데 스킬 어케 가져가야되나요?
데미안,1,12,0,12,4,2,0,2,0,4,퀘스트,0.16666666666666666,0.4888736460378863,1.9094427508731457,뉴비 검마까지 방향성 조언좀....,햄들 스펙업 조언좀 부탁드림다...,메이플은 쩔? 버스? 같은거 없나요??
목표 스펙업,2,4,3,7,3,0,0,0,0,1,아이템,0.75,0.6746376658839944,1.9080690300351157,노적자 노칼 목표 스펙업 방향부탁드립니당..,챌섭 챌린저 목표 질문드립니다,챌린저 목표 스펙업 뭐해야될까요?
무기 추옵,2,4,3,8,3,0,0,0,0,1,아이템,0.75,0.6746376658839944,1.9080690300351157,제네 무기 추옵 질문드립니다,제네시스 무기 추옵 궁금해요,무기 추옵 질문
스펙업 진로,2,4,3,8,3,0,0,0,0,1,아이템,0.75,0.6746376658839944,1.9080690300351157,노적자 노칼 목표 스펙업 방향부탁드립니당..,뉴비 스펙업 진로 고민있어요,스펙업 진로 봐주실분!!
시즌4,1,4,3,9,3,0,0,0,0,1,아이템,0.75,0.6746376658839944,1.9080690300351157,안녕하세요 쌩뉴비입니다 오늘 제네시스 해방했는데 한번만 봐주세요 ㅠㅠㅠㅠ,안녕하세요 시즌4 복귀 유저 본섭 카데나 세팅 조언 주실 분,안녕하세요 이번에 시즌4 유입뉴비입니다! 질문 있어요!
챌섭 에메랄드,2,4,3,8,3,0,0,0,0,1,아이템,0.75,0.6746376658839944,1.9080690300351157,챌섭 에메랄드 카레잠 어디다 쓰는게 좋은가요?,보조무기 잠재 질문,챌섭 에메랄드
챌섭 템세팅,2,4,3,8,3,0,0,0,0,1,아이템,0.75,0.6746376658839944,1.9080690300351157,챌섭 템세팅 진로 질문드려요,챌섭 템세팅과 챌린저스펙업 고민입니다,메린이 챌섭 템세팅 질문
카레잠 하트,2,4,3,7,3,0,0,0,0,1,아이템,0.75,0.6746376658839944,1.9080690300351157,에메랄드 카레잠을 하트에 발랐는데 에디는 뭘 발라야 하나요,블랙보조 쭉 써도될까요?,카레잠 하트에 바르고 옵션은 뭘로 띄워요??
해방무기 추옵,2,4,3,7,3,0,0,0,0,1,아이템,0.75,0.6746376658839944,1.9080690300351157,해방무기 추옵 VS 에디,레테 해방무기 추옵 질문이요,해방무기 추옵 질문있습니다
해방후,1,4,3,7,3,0,0,0,0,1,아이템,0.75,0.6746376658839944,1.9080690300351157,완전 첫 캐릭으로 키우는 메린이인데…첫 해방후 어떻게해야할지에 대해서,형님들 해방후 투력이 떨어졌어요 문제가 뭘까요,보통 해방후에 세팅어떻게되나요??
가격좀,1,4,3,7,3,0,0,0,1,0,시세,0.25,0.6744449701201086,1.9078494739921699,템 가격좀 책정해주실분 계신가요ㅠㅠ,미트라 가격좀 봐조새요,전사 장비 시세 질문드립니다.
알려주십쇼,1,4,3,7,3,0,0,0,1,0,시세,0.25,0.6744449701201086,1.9078494739921699,해방무기 추옵 VS 에디,잠재능력 어떤게 좋은건지 알려주십쇼,위대한 돼지바소울 시세좀 알려주십쇼
맞추려고,1,15,0,16,10,0,0,2,2,1,시세,0.13333333333333333,0.37619064038087385,1.9078053245859767,복귀 유저 방어구 세팅 질문있습니다,복귀 뉴비인데 챌린저스에서 장신구 직작 해도 되나요?,메이플 렉 걸리지 않는 사양
노세,1,5,2,7,1,2,1,1,0,0,퀘스트,0.4,0.6009078741782667,1.9069167401546987,대학생 유저 메이플 질문,"검마2인 스펙, 챌2 구하는 법 알려주실분",하드 세렌2인 or 노세 1인
돌리기,1,7,1,9,6,0,1,0,0,0,몬스터,0.14285714285714285,0.5183300630449865,1.906908118249214,무자본 하드메이린 방향 추천 부탁드립니다.,챌섭 진로 질문드려요,보마 보조 윗잠 돌리기 vs 그냥쓰다 팔기
싶은,1,15,0,15,8,0,2,2,0,3,몬스터,0.13333333333333333,0.3751817626451744,1.9064067230699169,꼭 챌린저스나 하이퍼버닝으로 키워야 하나요 ?,챌 유입 제논 템셋팅 및 템업글 직작 조언 부탁드림다!,뉴비 해방이후 스펙업 방향성 검토 부탁드리겠습니다
크게,1,15,0,16,10,0,2,3,0,0,직업,0.2,0.3749923780433987,1.9061441802643924,대장장이 고견 나눠주실 메짱엉아들?,메린이 내 캐릭이 왜 약한지 모르겠어요,노칼 최소컷 배율 질문
해요,1,10,1,12,6,0,0,1,1,2,시세,0.1,0.3156246688608257,1.905368935974247,카에유잠 사기 vs 에디 메소 등업,헥환 4.5 이후 템셋팅 질문.,대학생 유저 메이플 질문
어비스,1,6,1,12,3,0,0,1,2,0,시세,0.3333333333333333,0.6211125148927422,1.905253650540391,뉴비 진짜 이해안가는데 챌섭매물이요,291 메르 vs 281 레테 조언 부탁드립니당ㅠ,첼섭 구 마라벨 헤어 질문
와서,1,13,0,13,5,0,1,3,0,4,직업,0.23076923076923078,0.44359040054607585,1.904858913761674,살짝 과부화 오는데 방향성 한번만 잡아주실분..?,뉴비 반지 질문,"노말 세렌 여명 잘 넘기는 법 있나요,...?"
딸농,1,8,1,12,3,0,0,1,0,4,기타,0.5,0.43286419354657485,1.9015000405171245,첼섭 테라버닝 딸기농장,카레잠 질문있어요,딸농 추경
목표 템셋,2,4,4,8,2,0,0,0,0,2,기타,0.5,0.5913081818747175,1.8988484037437094,메린이 하드메이린 목표 템셋 봐주시면 감사하겠습니다!,하드메이린 목표 템셋 좀 봐주세요 ㅠㅠ,챌린저 목표 템셋 질문 드립니다
의자,1,4,4,12,2,0,0,0,0,2,기타,0.5,0.5913081818747175,1.8988484037437094,이 의자 이름 아시는분?,쁘띠 마스코트 대행진!에서 어떻게 하면 의자를 받을 수 있나요??,메이플 부캐는 275 의자 못얻나요?
템세팅 진로,2,4,4,9,2,0,0,0,0,2,기타,0.5,0.5913081818747175,1.8988484037437094,챌섭 템세팅 진로 질문드려요,쌩뉴비 해방이후 템세팅 진로(자본 80억),템세팅 진로 질문드립니다
1분,1,7,1,12,0,1,0,0,0,6,퀘스트,0.14285714285714285,0.5107815728492061,1.897427783514887,동전꼽기가 운영정책 위반인지 여부,울티마 파밍,5석펫 사냥 팁이 있나요
결과,1,7,2,9,3,0,0,1,1,2,시세,0.14285714285714285,0.37235356695170213,1.8971357734853396,아흐... 펫장비 이전 줌서에 대한 글은 많은데...,보마 메이린 배율 질문있습니다 !,[사전월드리프] 여러 서버로 이동 불가 관련 문구 문제
감사하겠습니다 이미지,2,10,0,10,9,0,1,0,0,0,아이템,0.9,0.5822731658820247,1.8970626723721098,메이플 챌섭 뉴비 아이템 추가 스펙업 질문합니다!,메린이 하드 메이린 배율 105인데 못잡겠습니다..,[뉴비] 메짱이형님들 템진로 조언 부탁드립니다
가려면,1,5,2,7,3,0,1,0,0,1,몬스터,0.2,0.592164553438232,1.896502159183091,검마 둘이서 파티로 가려면,이번챌섭 유입 렌 하메 120퍼 만들고싶어요,"복귀 템셋팅 질문 익스우, 노적자 널널컷정도"
나요,1,5,2,8,3,0,1,0,0,1,몬스터,0.2,0.592164553438232,1.896502159183091,님들 저 메린인데 윌 1페 이거 버근가요?,직작 처음인데 ㄱㅊ나요?,미트라 잡레전 사야할까요
엠작,1,4,4,9,0,0,0,0,1,3,시세,0.25,0.5887941297185854,1.8958484795442523,엠작 질문,엠작 목요일에 해야되나요?,지금 엠작 뭘 사는게 나을까요?
삭제하고,1,6,1,9,0,0,0,2,0,4,직업,0.3333333333333333,0.61294895204801,1.8956592159971655,하이퍼버닝 캐릭 삭제 고민,겨울에도 재네패스 하나요?,본섭에서 키웠던뉴비인데
35억,1,7,1,9,6,0,0,0,1,0,시세,0.14285714285714285,0.5088019395024438,1.894941513242054,지금 에테 쿨뚝 사둘만함니까?,힘 여명 30퍼 깡통 35억 즈음이면 비쌀까요?,뉴비 아이템 셋팅 질문 두개만 부탁드립니다.
되네요,1,14,0,14,8,0,0,2,0,4,직업,0.14285714285714285,0.3993067806407594,1.8946965043589472,본캐 추천 부탁드리겠습니다....,메m 넥슨플러그로 하시는 분??,메이플 처음하는데 도와주실분..
잠재값,1,4,1,5,1,0,0,0,3,0,시세,0.75,0.9490967105229614,1.8946302923181064,에테 210급 상의,여명 18 21퍼 가격차이가 보통 얼마나 나나요?,도미 질문드립니다
내실,1,13,0,14,8,0,0,1,0,4,아이템,0.6153846153846154,0.43549639762963643,1.8941786449003957,헥환 7만 중반 ~ 8만 목표 레테 템세팅 조언 부탁드립니다.,챌섭 종료후 리프 고민,어제 막 챌찍은 메린이 진로질문있습니다
앵컴,1,9,0,10,1,0,0,1,0,7,기타,0.7777777777777778,0.6446596701131957,1.8934844197255747,에픽던전 본캐랑 285작 누구 위주로 해야할까요?,에테리온 효과 다 받는 기준이면 몬파 매일 3천포인트 씀??,경험치 BM 280작 250작 무난할까요?
뽑고,1,9,0,9,4,0,0,0,0,5,기타,0.5555555555555556,0.6439430315406046,1.8926593590784182,"레테 추옵, 잠재 이상태면 대적자코인 어디에 쓰는게 좋을까요?",하드메이린 진로,제네 잠재 질문있습니디
안되서,1,9,0,9,4,0,0,0,0,5,기타,0.5555555555555556,0.6439430315406046,1.8926593590784182,4여명 5칠흑으로 7~8만 될까요?,유니온 250작 템셋팅 어떻게 해야할까요?,메이플 좀 켜두면 생기는 잔렉? 프레임드랍? 해결방법 있을까요..
딱히,1,16,0,17,3,0,1,3,1,8,직업,0.1875,0.335355993309285,1.8916742096546546,직업 고민,에디 레전천장 사용처 추천부탁드려요 + 도전자 대체셋 질문,제로 온갖거 질문
찾아보니까,1,16,0,16,10,0,1,2,0,3,아이템,0.625,0.333753980915757,1.8894047882093112,2분 설치기 직업,환호지선 여우 이펙트 펫 투명도로 조절이 안됩니다..,챌섭 메린이 스펙업 순서 질문 있어요!!
키운,1,10,0,10,0,0,0,3,0,7,직업,0.3,0.575804652988849,1.889307264127819,챌섭 리프 질문,메린이 본캐 고민,[사전월드리프] 여러 서버로 이동 불가 관련 문구 문제
시즌,1,12,0,13,8,0,0,1,0,3,아이템,0.6666666666666666,0.4727291282340763,1.8887378155894416,헥환 8만 목표 과금 어느정도 해야할까요?,레테 제네시스무기,뉴비 챌린저스 서버 부캐(?) 질문
맨땅,1,9,0,9,2,0,0,3,0,4,직업,0.3333333333333333,0.6383853558943581,1.8862608485310466,솔 에르다 3개의 가치가 어느정도인가요?,진짜 찐 뉴비 템세팅,꼬님키
보스들,1,15,0,17,5,1,1,0,0,8,기타,0.5333333333333333,0.360637978572276,1.8862447572203127,챌섭 아케인 쌍크 장갑 팔아야되나요 ? 메린이 템세팅 방향성 한번 잡아주시면 감사하겠습니다.,3일차 뭐해야할지 모르겠어요 메쌤들 좀 도와주세요,해방 / 보스도전 질문이요
메생,1,8,1,9,6,1,1,0,0,0,퀘스트,0.125,0.4211663531283536,1.8859762776026823,초저자본 메린이 첫 제네시스 잠재 질문,무자본 하드메이린 방향 추천 부탁드립니다.,메생 첫 해방했는데 이거 어디부터 건들까요?
살만,1,5,2,8,3,0,0,0,1,1,시세,0.2,0.582921737585396,1.8854926060662467,이정도면 살만 한가요?,966고근 살만 한가요?,뉴비 메획템 어떻게 구해야할까요?
겨우겨우,1,7,0,7,3,0,3,0,0,1,몬스터,0.42857142857142855,0.8132902934462278,1.8853155816584528,안녕하세요 챌섭유입 뉴비입니다.,챌섭 유입 메린이 다음주 하드메이린 잡게 해주세요,"노말 세렌 여명 잘 넘기는 법 있나요,...?"
맞춰주고,1,12,0,12,8,0,0,1,2,1,시세,0.16666666666666666,0.4697785477474998,1.88495377082785,복귀를 해볼까 하는데요! 조언 좀 부탁드리겠습니다ㅎㅎ,2석펫 vs 쌍레 보조 맞추기 고민됩니다,작년 챌섭 렌 키우던 메린이입니다 ! 템 세팅 질문이 있습니다!
모은,1,7,1,8,5,0,1,0,0,1,몬스터,0.14285714285714285,0.5003809574744702,1.884365394528729,에테 스타포스 할만한지 아니면 사먹는게 나은지 궁금합니다.,안녕하세요 챌섭유입 뉴비입니다.,챌섭 블큐 화에큐 사용처 및 챌 달성 질문
헤카테,1,7,2,12,1,0,1,1,0,4,몬스터,0.14285714285714285,0.36219454710312665,1.88309198736316,부티크 관련 질문입니다,솔 헤카테 스킬 질문입니다 !,렌 카칼 질문드립니다.
생각이고,1,10,0,10,8,0,0,1,0,1,아이템,0.8,0.5702332172459849,1.882627404412562,대장장이 고견 나눠주실 메짱엉아들?,"익스우, 노흉 목표 템 진로 질문좀요",제네플 큐브 및 카르마 큐브 사용처 질문드립니다!
질문이있습니다,1,4,3,7,2,0,1,0,0,1,몬스터,0.25,0.6519580501384789,1.8822280536264835,환산주스탯에서 추옵 기준에대해 질문이있습니다ㅠ,도박성공한 뉴비 질문있습니다,이지칼로스 2-1 패턴 질문이있습니다 ㅜㅠ
합쳐서,1,9,0,9,6,0,2,0,0,1,몬스터,0.2222222222222222,0.6342448921609503,1.881493963495733,헥환 7~9만 템셋 비용 얼마나 될까요? (궁수),"""자석펫""이라는 존재가 메이플에서 아주 처음 나왔을때가 언제인가요?",미트라 질문
잡는게,1,10,0,10,4,0,2,0,0,4,몬스터,0.2,0.5688526450026719,1.8809721705845637,보마 카링1페 질문 있습니다,메린이 부캐 주보돌이 수입 질문입니다.,여명으로 카링 될까요?
하드메이린 최소컷,2,6,2,8,3,1,1,0,0,1,퀘스트,0.16666666666666666,0.4539273406480809,1.8808370393975287,챌섭 블큐 화에큐 사용처 및 챌 달성 질문,배율20퍼차이나는데 딜이 똑같은데 뭐가문제일까요,하드메이린 최소컷 세팅
어려운,1,4,1,6,1,0,0,3,0,0,직업,0.75,0.9321921190659583,1.878198090221215,어려운 직업 위주로 하시는 분 있나요,대적자 코인 어디다 써야할까요?,블래스터 매그팡도 안됨
170억,1,7,0,8,6,0,0,0,0,1,아이템,0.8571428571428571,0.8057118021740804,1.8774360668711723,미트라 고민,뉴비 콜 280억으로 세팅좀 해주실분 ㅠㅠ 메이린 잡고싶어요,이번 챌섭 유입 템세팅 질문드려봅니다
18성 레에,2,7,0,7,6,0,0,0,0,1,아이템,0.8571428571428571,0.8057118021740804,1.8774360668711723,헥환 8만 목표 과금 어느정도 해야할까요?,메짱 친구들아 뉴비 템 견적 어디까지 됨..?,챌섭 하메 템진로 질문 있습니다!
검색해,1,7,0,7,6,0,0,0,0,1,아이템,0.8571428571428571,0.8057118021740804,1.8774360668711723,그레이 트레이닝 팬츠,제가 실수로 도전자 무기에 공3퍼 소울을 발라버렸습니다..,무기 이펙트 프리즘 이제 안파나요???
노리고,1,7,0,7,6,0,0,0,0,1,아이템,0.8571428571428571,0.8057118021740804,1.8774360668711723,카레잠 사용처 추천좀요,아란 제네무기,블큐가많이남아서 에테 한부위 직작하려는데 부위추천가능할까여
노릴지,1,7,0,9,6,0,0,0,0,1,아이템,0.8571428571428571,0.8057118021740804,1.8774360668711723,제네플 큐브 및 카르마 큐브 사용처 질문드립니다!,대적자코인 사용처 궁금해요,제네 플러스 코인 뭐돌릴까요?
다만,1,7,0,7,6,0,0,0,0,1,아이템,0.8571428571428571,0.8057118021740804,1.8774360668711723,[질문] 복귀 유저 아버 이후 에테르넬 17성 풀셋 질문,아흐... 펫장비 이전 줌서에 대한 글은 많은데...,이지카링돌이 세팅하려면...
맞춰,1,7,0,7,6,0,0,0,0,1,아이템,0.8571428571428571,0.8057118021740804,1.8774360668711723,템사기 vs 6차업글 도 환산 사이트보고 하면 되나요?,카룻을 갈까요 에테를 갈까요?,5석펫인데 스펙업 순서 추천 좀…
목표 하드메이린,2,7,0,7,6,0,0,0,0,1,아이템,0.8571428571428571,0.8057118021740804,1.8774360668711723,챌섭 챌린저 목표 템셋팅 관련 질문입니다.,무자본 하드메이린 방향 추천 부탁드립니다.,챌섭뉴비 템 가이드 부탁드립니다ㅠ
미트라 레전,2,7,0,8,6,0,0,0,0,1,아이템,0.8571428571428571,0.8057118021740804,1.8774360668711723,이지 대적자가 안잡혀서 다음 템세팅 조언좀요..,"에디 레전 천장 60개 남았는데, 진로 조언 부탁드립니다!",마깃안 vs 미트라
상하모,1,7,0,7,6,0,0,0,0,1,아이템,0.8571428571428571,0.8057118021740804,1.8774360668711723,에테 모상하 잠재 질문!,챌섭 유입 질문 한개 해도 되겠습니까,유챔 sss 노칼 깨려면 템셋 어느정도?
선택일까요,1,7,0,7,6,0,0,0,0,1,아이템,0.8571428571428571,0.8057118021740804,1.8774360668711723,메이플 늦은 유입 뉴비 현시점 제네패스 질러도 될까요?,챌섭 메린이 템세팅 질문있습니다,마도서vs노작잡레전고근
쓰고있는데,1,7,0,7,6,0,0,0,0,1,아이템,0.8571428571428571,0.8057118021740804,1.8774360668711723,솔 에르다 기운 어떻게 처리해야할까요,똥블렘 vs 미트라 고민좀용 ㅠㅠㅠㅠㅠ,2석펫 vs 쌍레 보조 맞추기 고민됩니다
유잠 발라서,2,7,0,7,6,0,0,0,0,1,아이템,0.8571428571428571,0.8057118021740804,1.8774360668711723,플하 터짐 ㅠㅠ,4만 복귀 카이저 메린이,카르마 블랙큐브 화이트큐브 사용처
있는 상태입니다,2,7,0,7,6,0,0,0,0,1,아이템,0.8571428571428571,0.8057118021740804,1.8774360668711723,메린이 템셋 조언 부탁드립니다.,챌섭 복귀유저 렌 스펙업 훈수 부탁드립니다.,"""자석펫 장착 vs 팔고 템셋팅"""
활용해서,1,7,0,7,6,0,0,0,0,1,아이템,0.8571428571428571,0.8057118021740804,1.8774360668711723,에디천장 질문있습니다.,에테상의 주문서첫작,"에디 레전 천장 60개 남았는데, 진로 조언 부탁드립니다!"
33퍼,1,5,1,7,4,0,0,0,0,1,아이템,0.8,0.7343719051785197,1.8768899070775982,형들 마깃안 에디 3줄 어떻게 처리할까요,메린이 스펙업 질문,목표환산 9만 이상 22앜 27퍼 레에 vs 33퍼 18성에테 직작 뭐가 더 좋아보이시나요?
65억,1,5,1,6,4,0,0,0,0,1,아이템,0.8,0.7343719051785197,1.8768899070775982,카레잠 사용처 추천좀요,핵환 5만 마깃안 질문,[뉴비] 장갑 VS 엠블렘
공짜 큐브,2,5,1,6,4,0,0,0,0,1,아이템,0.8,0.7343719051785197,1.8768899070775982,미트라 에디 직작 질문,제네무기 질문있어요,대적자코인 조언부탁드려용
나으려나요,1,5,1,7,4,0,0,0,0,1,아이템,0.8,0.7343719051785197,1.8768899070775982,[뉴비] 이 스펙으로 크크올 장갑 사서 껴도 괜찮을까요?,다음 스펙업을 뭐 하는게 나으려나요??,형님들 엠블렘 방무vs데미지 뭐가 더 좋나요?
데브펜 가엔링,2,5,1,7,4,0,0,0,0,1,아이템,0.8,0.7343719051785197,1.8768899070775982,스펙업 질문!,햄들 스펙업 조언좀 부탁드림다...,데브펜 가엔링 966 깡통 사려는데 괜찮을까요?
떨어지는데,1,5,1,6,4,0,0,0,0,1,아이템,0.8,0.7343719051785197,1.8768899070775982,아버 에테로 바꾸려는데,헥환은 오르고 전투력은 떨어지는데 괜찮나요,추옵 질문
비싸,1,5,1,10,4,0,0,0,0,1,아이템,0.8,0.7343719051785197,1.8768899070775982,블랙보조12/60 아랫잠 고민,드메 지금 비싸도 사는게 맞나요?,뉴비템세팅 상담신청! (feat. 이게 좋데! 하고 사려고 하면 비쌈주의ㅠ)
비싼데,1,5,1,6,4,0,0,0,0,1,아이템,0.8,0.7343719051785197,1.8768899070775982,도미 너무 비싼데 대체할만한거있나요?,"뉴비 챌린저 도전, 템셋팅 어떻게 하는게 효율적일까요",지금 엠작 뭘 사는게 나을까요?
셋옵,1,5,1,6,4,0,0,0,0,1,아이템,0.8,0.7343719051785197,1.8768899070775982,노칼 딜배율 200% 목표 / 18에테 교체 순서 및 칠흑·엠블 문의,장문)챌섭에서 본캐 레테하고 있는 유저인데 템셋팅 고민입니다.,미트라 있는데 흙칠흑 하나 박아서 2칠흑 박는거 효율
스펙업할,1,5,1,7,4,0,0,0,0,1,아이템,0.8,0.7343719051785197,1.8768899070775982,메린이 방향성이 잘못된걸까요? 현실조언 부탁드립니다,렌 다음 스펙업할 거 추천점,메린이 노적자 템셋 가이드 해주실 (글삭안함!)
쓰는게 나을까요,2,5,1,6,4,0,0,0,0,1,아이템,0.8,0.7343719051785197,1.8768899070775982,이게 주흔15퍼작보다 좋은건가요?,대적자코인 어디 쓰는게 나을까요,280레벨 달성했는데 블루베리는 그냥 다 쓰면 되나요??
안하면,1,5,1,6,4,0,0,0,0,1,아이템,0.8,0.7343719051785197,1.8768899070775982,헥환 8만 목표 과금 어느정도 해야할까요?,템셋계획좀 봐주실수 있을까요??,무과금인데 매일 몬파7판?
에디셔널 잠재,2,5,1,6,4,0,0,0,0,1,아이템,0.8,0.7343719051785197,1.8768899070775982,블랙보조12/60 아랫잠 고민,대적자 코인 어디다 써야할까요?,메린이 잠재부여스크롤이 안발려요
올릴지,1,5,1,6,4,0,0,0,0,1,아이템,0.8,0.7343719051785197,1.8768899070775982,메린이 질문!!,드메부터 맞출지 스펙을 올릴지 추천좀 해주세요,챌섭 뉴비 방향성 조언 부탁드려요 메짱형님들
장착,1,5,1,6,4,0,0,0,0,1,아이템,0.8,0.7343719051785197,1.8768899070775982,"""자석펫 장착 vs 팔고 템셋팅""",남는 블큐 사용처가 어떻게 될까요,자섯펫 무한 교환 임?
적정,1,5,1,6,4,0,0,0,0,1,아이템,0.8,0.7343719051785197,1.8768899070775982,선생님들 헥사환산 몇을 목표로 잡아야할까요?,솔 헤카테 스킬 질문입니다 !,데브 놀긍 63작
챌섭 방무,2,5,1,7,4,0,0,0,0,1,아이템,0.8,0.7343719051785197,1.8768899070775982,레테 잠재 질문이요..!,챌섭 방무 질문,유효 2줄로 인정인가요?
할지 모르겠습니다,2,5,1,6,4,0,0,0,0,1,아이템,0.8,0.7343719051785197,1.8768899070775982,형님들 템 뭐 부터 교체해야 하는지 추천 부탁드립니다.,자석펫 팔기 vs 쓰기,템 진로 질문..
해주는게,1,5,1,6,4,0,0,0,0,1,아이템,0.8,0.7343719051785197,1.8768899070775982,프악공 프펫공 질문드립니다,뉴비 이번 미라클때 조언좀가능할까요?,작을 새로 해주는게 나을까요?
시작했는데,1,8,1,9,3,0,0,0,1,4,시세,0.125,0.414270345084256,1.876824845363454,레테 제네시스무기,4여명 5칠흑으로 7~8만 될까요?,어제 시작했는데 메포로 스킵권? 같은거 해야하나요 ?
렙업,1,8,1,11,1,1,0,1,0,5,퀘스트,0.125,0.41423663060578597,1.876780104150389,유료 경험치 주는것들 효율 궁금해요,울티마 전사 궁수 39렙인데 에스페시아 어떻게 할까요,메린이 비욘드버닝 도와주세요ㅠㅠ
찍는,1,8,1,9,1,1,0,1,0,5,퀘스트,0.125,0.41423663060578597,1.876780104150389,챌섭 쌩뉴비 여러 가지 질문 드립니다 !,뉴비 아이템 셋팅 질문 두개만 부탁드립니다.,혹시 나중에 이벤트로 버닝캐 한마리 더 줄수도있나요?
궁금하네요,1,8,0,8,3,0,0,0,0,5,기타,0.625,0.7068639942687087,1.8751817591887374,레테 보조 질문드립니다..,울티마 카오스 지역 사냥 질문,월드자석펫 스킬 월드리프 문의
알아서,1,7,1,8,1,0,1,0,0,5,기타,0.7142857142857143,0.49242705636523604,1.8743758942440991,복귀 뉴비 진짜 망했어요,챌린저스 서버 저번주에 알아서 이제 시작하는데 제네시스 무기 해방 될까요??ㅜㅜ,흉성 보스 웰케 공략이 이해가 안가네요ㅠㅠ
주나요,1,7,1,9,1,0,1,0,0,5,기타,0.7142857142857143,0.49242705636523604,1.8743758942440991,보스 코인 질문이요,챌린저스 260버닝 하나 더 주나요??,마네킹 오류
해주십쇼,1,4,4,9,2,0,0,1,0,1,직업,0.25,0.5707208543046036,1.8742823174638004,찐뉴비 아란 60억 모았음.. 템셋 추천좀 해주십쇼,환산 7~8만대 미트라 옵션 추천 좀 해주십쇼,본섭에 유니온 만들려는데 고민상담좀 해주십쇼..
하드 메이린 배율,3,4,2,6,3,1,0,0,0,0,퀘스트,0.25,0.7513183925402815,1.8738076963395414,메린이 하드 메이린 배율 105인데 못잡겠습니다..,하드 메이린 배율 좀 올려서 도전하고 싶은데,미트라를 믿기 vs 똥블렘을 믿기
거래,1,7,1,9,5,0,0,0,1,1,시세,0.14285714285714285,0.4908465479001586,1.8723908947394632,형님들 엠블렘 방무vs데미지 뭐가 더 좋나요?,라운지 챌섭으로 가입하고 스카 섭 거래 할수도 있나요?,메쌤들 채집 만들어서 파는거랑 씨앗만 파는거
어떰,1,4,3,7,2,0,0,0,1,1,시세,0.25,0.643253964703226,1.8723106869076247,메쌤 도와줘요,썬콜 보조 2줄 20억후반인데 어떰?,메린이 메획 + 주스텟 18 or 21퍼 어떰??
미트라 사서,2,13,0,14,11,1,0,0,1,0,아이템,0.8461538461538461,0.4185907526421412,1.8718711617423343,메린이 에디 레전 천장 어떻게 하는게 좋을까요,뉴비 여기서 과금 더 안하고 첼은 많이 힘들까용,미트라를 믿기 vs 똥블렘을 믿기
잡았고,1,12,0,12,7,2,2,0,0,1,퀘스트,0.16666666666666666,0.45906389181086316,1.8712124958978014,성장 방향 조언 부탁드려요,님들 282렙 86000점인데 챌 하려면,해방무기 작 하는 거 질문
가엔슬,1,6,1,8,3,0,0,0,0,3,기타,0.5,0.5913081818747175,1.8702253512935183,형님들 가엔슬 딜이 정말 안들어가는데 이유가 뭘까요?,챌섭 메린이 에메랄드까지 목표잡았는데...,템 진로 찐 최종 확인 제발 부탁드립니다
문구,1,6,1,13,3,0,0,0,0,3,기타,0.5,0.5913081818747175,1.8702253512935183,챌섭에서 리프할때 템,"메이플 캐릭변경, 캐시샵 튕김현상 제발 도와주세요",[사전월드리프] 여러 서버로 이동 불가 관련 문구 문제
버섯,1,6,1,9,3,0,0,0,0,3,기타,0.5,0.5913081818747175,1.8702253512935183,메린이 챌린저 이후 진로봐주실분..,3석펫이 맞추고 싶습니다...,1석펫 > 2석펫 / (현재 1버섯) 버섯 or 빨강이 뭐할까
부캐 레테,2,6,1,9,3,0,0,0,0,3,기타,0.5,0.5913081818747175,1.8702253512935183,부캐 레테 노멀 진힐라돌이까지만 키워려하는데요 시드링 질문점,본캐 / 챌섭 부캐 투자우선권 질문입니다.,대적자 코인 쓸 곳 질문드립니다.
상위보스,1,6,1,9,3,0,0,0,0,3,기타,0.5,0.5913081818747175,1.8702253512935183,전투력 1억5천 메린이 다음 스펙업을 도통 못잡겠어요 ㅠㅠ,2석펫 vs 쌍레 보조 맞추기 고민됩니다,이번 모멘텀 패스 및 경험치 BM류 관련 질문입니다
효율적일까요,1,6,1,7,3,0,0,0,0,3,기타,0.5,0.5913081818747175,1.8702253512935183,환산 7.8 헥환 7만 진로질문드립니다!,에디 에픽 -> 유닠 등업 메소 vs 화에큐,투력 6600만 메린이 검마 잡고 싶습니다.
루시드,1,16,0,18,8,1,2,1,0,4,몬스터,0.125,0.32005834795675925,1.870003463181947,3일차 뭐해야할지 모르겠어요 메쌤들 좀 도와주세요,헥환 4.5 이후 템셋팅 질문.,이번 이벤으로 시작한 늅늅이 장비좀 봐주실수 있을까요?
잇을까요,1,5,2,7,2,0,1,0,0,2,몬스터,0.2,0.5688526450026719,1.868734247513882,뉴비) 첫 해방 무기 세팅 방법 좀 알 수 잇을까요?!,챌섭자석펫 본섭리프시키는방법 가능한지?,발드 3페만가면 팅기는데 해결방안 잇을까요?
제외하고,1,14,0,14,9,1,0,0,0,4,퀘스트,0.07142857142857142,0.3800108818694469,1.8685693730848971,템 방향성 고민이 너무 됩니다,"""자석펫 장착 vs 팔고 템셋팅""",282캡띤 템 진로를 모르겠습니다
되서,1,12,0,12,3,0,0,2,0,7,기타,0.5833333333333334,0.45430795682743946,1.8651131297078707,메린이 비욘드버닝 도와주세요ㅠㅠ,게토 아닌 피시방에서 하면 찍계되나요?,메이플 한번도 안해본 뉴비 오늘부터 시작해도되나요?
가야,1,7,1,8,4,0,1,0,0,2,몬스터,0.14285714285714285,0.4836333544408258,1.8633316674338283,헥환 7만 중반 ~ 8만 목표 레테 템세팅 조언 부탁드립니다.,다음 스펙업을 뭐 하는게 나으려나요??,흉성 보스 웰케 공략이 이해가 안가네요ㅠㅠ
데티,1,6,2,10,3,0,0,1,0,2,직업,0.16666666666666666,0.437422469515577,1.8594859222621571,9만~데티 해방 사이 괜찮은 라인,보조격 분배 질문,템환 8만에서 이후 스펙업 질문
고민중,1,14,0,16,8,1,0,0,0,5,퀘스트,0.07142857142857142,0.37302255415773317,1.8591070019523597,안녕하세요 선생님들 템 진로 고견좀 여쭙습니다,아케인 장갑 팔고 그냥 18에테풀셋 맞출까요,스펙업 순서 방향 훈수좀 부탁해
사용할,1,8,1,9,5,0,0,1,0,2,아이템,0.625,0.40076372634145574,1.858900720940249,잠재 질문,하이퍼버닝 비약 사용 질문,카데나에 대한 질문입니다
사이,1,8,1,9,5,0,0,1,0,2,아이템,0.625,0.40076372634145574,1.858900720940249,9만~데티 해방 사이 괜찮은 라인,블래스터 매그팡도 안됨,22가엔링(데브팬)vs어센틱심볼올만렙
돌리,1,8,1,10,3,1,0,0,1,3,퀘스트,0.125,0.4007056176225462,1.8588236070505597,울티마 카오스 지역 사냥 질문,대적자 큐브 사용처,몬파 핸즈도 사냥으로 취급하나요?
캐시템,1,5,2,7,2,0,0,0,1,2,시세,0.2,0.5594745390773943,1.8575635440222553,엠작 질문,캐시템 중에 전투복이라고 있잖아요,캐시샵 들어가는게 엄청 오래걸리는데 해결법 아시는분 계신가요
6만,1,6,1,7,4,0,0,0,0,2,아이템,0.6666666666666666,0.5802430494260673,1.857220773389252,미트라 갈아타기 질문점요,성장 방향 조언 부탁드려요,본섭 깡통캐릭 유챔하는거 별로일까요?
보기,1,6,1,7,4,0,0,0,0,2,아이템,0.6666666666666666,0.5802430494260673,1.857220773389252,뉴비 칠흑셋 순서 질문있습니다!,환산 특정 시점으로 돌아가서 보기,에디에픽2줄 이거 가능한걸까요.. ?!?
보스용,1,6,1,10,4,0,0,0,0,2,아이템,0.6666666666666666,0.5802430494260673,1.857220773389252,링크 어떻게들 쓰시나요 선생님들 ?,250물약 어디에 쓰는게 좋을지 질문,메린이 메획 + 주스텟 18 or 21퍼 어떰??
생기,1,6,1,7,4,0,0,0,0,2,아이템,0.6666666666666666,0.5802430494260673,1.857220773389252,메린이 에디 레전 천장 어떻게 하는게 좋을까요,제네무기 옵션 방향성좀 알려주세요...,메이플 좀 켜두면 생기는 잔렉? 프레임드랍? 해결방법 있을까요..
여쭤봐요,1,6,1,7,4,0,0,0,0,2,아이템,0.6666666666666666,0.5802430494260673,1.857220773389252,오리진가속,레테 무기 잠재 질문좀 드립니다!,"매쌤들께 스타포스 여쭤봐요(마이링,데브펜)"
외형,1,6,1,8,4,0,0,0,0,2,아이템,0.6666666666666666,0.5802430494260673,1.857220773389252,마스터라벨 세트 질문입니다,제네무기 외형 바꿀 수 있음?,데티무기 아직도 전투복끼면 코디로 못쓰죠?
이런식,1,6,1,7,4,0,0,0,0,2,아이템,0.6666666666666666,0.5802430494260673,1.857220773389252,제논 해방 후에 4해적에테+5도적에테 이런식으로 가능함?,이벤링 잠재 질문,풀드메 세팅 질문점요
하세유챔,1,6,1,7,4,0,0,0,0,2,아이템,0.6666666666666666,0.5802430494260673,1.857220773389252,복귀유저 템세팅 질문드립니다.,본섭 깡통캐릭 유챔하는거 별로일까요?,본캐 데티해방까지 본캐만 쭉 투자해도되나요?
향후,1,6,1,7,4,0,0,0,0,2,아이템,0.6666666666666666,0.5802430494260673,1.857220773389252,챌린저 찍고싶은 메린인데 향후 템셋팅 어떻게 해야하나요?,챌린저스 서버 캐릭터 육성 질문,7만 목표 템진로 질문
도전해봤는데,1,7,0,7,1,0,4,1,0,1,몬스터,0.5714285714285714,0.7860558860938219,1.8569994026526413,뉴비 검마까지 방향성 조언좀....,메린이 플라즈마 하트 갖고싶어요,노말 진힐라 258퍼 인데 너무 힘들어요...
샀고,1,13,0,13,2,0,0,1,2,8,시세,0.15384615384615385,0.40638080641397295,1.8557597876985066,메쌤들 현실적으로 챌 달성 가능한지 상태좀 봐줄수있나요,지난주에 챌섭 시작한 뉴비인데 제네시스 패스 사도 되나요?,챌섭 리프질문
티어,1,12,0,13,7,0,0,2,0,3,직업,0.16666666666666666,0.44695424729361266,1.8556821834359964,플라즈마 하트 스페어 질문,본캐 추천 부탁드리겠습니다....,"안녕하세요 메쌤, 메형님들 뉴비 질문 몇 가지만 해도 될까요?"
내가,1,14,0,16,2,1,2,4,0,5,직업,0.2857142857142857,0.3699966309414094,1.8550098259651169,오늘 썬데이 메이플 솔에르다 주는거 278레벨 25개 받는거 맞지?,똥블렘 언제까지 써야하나요? 투자를 좀 해서...,렌 돌진기 질문
1표,1,11,0,14,8,0,0,2,0,1,직업,0.18181818181818182,0.4924295798138069,1.85427409360982,대적자 코인 남는거 어디다 쓸까요..?,남은 대적자 큐브 사용처,복귀메린이 직업추천
285렙,1,5,3,10,1,0,0,1,0,3,직업,0.2,0.4618070397787734,1.8542520050690388,님들 링크 3렙 찬란한영웅의 증거 질문 있습니다,님들 리프 질문 285렙 링크 관련,285렙 주차 질문
받아야,1,7,0,7,2,0,0,0,0,5,기타,0.7142857142857143,0.7834128302331012,1.8542513625757595,챌섭 리프할때 보상 어떻게 하나요?,몬스터파크 핸즈로 솔 애르다 타임 참여 가능한가요?,챌섭 레테 시드링 질문입니다.
인터넷,1,7,0,9,2,0,0,0,0,5,기타,0.7142857142857143,0.7834128302331012,1.8542513625757595,뉴비) 첫 해방 무기 세팅 방법 좀 알 수 잇을까요?!,"메이플 캐릭변경, 캐시샵 튕김현상 제발 도와주세요",메린이 컴퓨터 질문 드려도 되나요..?
제목 그대,2,7,0,7,2,0,0,0,0,5,기타,0.7142857142857143,0.7834128302331012,1.8542513625757595,꼭 챌린저스나 하이퍼버닝으로 키워야 하나요 ?,올티마 전사 28때 망치와 디바이드 쓰고 자동돌리면 됨?,챌린저목표 8600만 윈브 뭘 더 해야할까요?
키웠던,1,7,0,7,2,0,0,0,0,5,기타,0.7142857142857143,0.7834128302331012,1.8542513625757595,챌섭리프,리프 관련해서 질문 드립니다. ㅠㅠ,본섭 아케인 크크잡 장갑 팔기 vs 쓰기
주말,1,14,0,17,8,0,1,0,0,5,아이템,0.5714285714285714,0.36881961784650363,1.8534161206909372,선생님들 헥사환산 몇을 목표로 잡아야할까요?,검마 배율 181%인데 이거 잡히는거 맞나요..?,지금의 조건으로 어느정도 맞춰야할까요 진로상담 부탁드립니다
템들,1,14,0,14,8,0,1,0,0,5,아이템,0.5714285714285714,0.36881961784650363,1.8534161206909372,3일차 뭐해야할지 모르겠어요 메쌤들 좀 도와주세요,스펙업 질문!,무보 이런데 해방하고 정옵띄우면 하드메이린 가능한가요??
찍는게,1,10,0,10,2,0,1,0,0,7,기타,0.7,0.5449610951283188,1.8523274533327947,여명셋 질문 있습니다!,챌섭 266레벨 40퍼인데 EXP 패스 블농이랑 EXP쿠폰 언제 사용하나요?,이거 챌섭 오버방무 아님?
이번에,1,8,0,9,2,0,0,3,0,3,직업,0.375,0.6843647493617577,1.8504638122482078,칠흑 아랫급에 별누르는건 요새 별로임?,스팩업 질문드립니다.,뉴비 검마까지 방향성 조언좀....
플레,1,12,0,16,3,0,2,1,0,6,몬스터,0.16666666666666666,0.44258836259235684,1.850083046856378,동전꼽기가 운영정책 위반인지 여부,선생님들 헥사환산 몇을 목표로 잡아야할까요?,"익스우, 노흉 목표 템 진로 질문좀요"
쓰려고,1,12,0,12,10,0,1,0,1,0,아이템,0.8333333333333334,0.441078626874087,1.8481468490261215,아케인 쌍크 장갑을 만들었는데,템 방향성 고민이 너무 됩니다,챌섭 하드메이린 최소컷만큼 템셋 질문이요
하고있는데,1,8,0,8,3,0,3,1,0,1,몬스터,0.375,0.6820577935317107,1.8479293622239035,보스 외곽선 설정 프리셋 있음?,팔라딘 외 다른 직업분들,이번에 첫챌섭 시작한 뉴비 해방이후에 템세팅이 궁금해요 ㅇㅅㅠ
일단 목표,2,7,0,7,4,0,0,3,0,0,직업,0.42857142857142855,0.7746167566522005,1.8451059021718608,루미너스 윈브 중에 본캐 추천 부탁드립니다!,살짝 과부화 오는데 방향성 한번만 잡아주실분..?,"뉴비 챌섭이후 본섭 준비 질문,평가해주세요"
아닌데,1,9,1,10,3,0,1,1,0,4,몬스터,0.1111111111111111,0.3256581478859365,1.843588943550866,제네무기 에디 스톱하나요?,하드메이린 최소컷,드메 vs 스펙업
다른데,1,7,1,8,2,0,0,1,0,4,기타,0.5714285714285714,0.4678577039595843,1.8435186394858663,3일차 뭐해야할지 모르겠어요 메쌤들 좀 도와주세요,챌섭 이동 질문,환산주스탯 인게임 전투력이랑 전투력이 다른데.. 어디가 잘못된건가요?
있다고,1,16,0,16,6,1,2,0,1,6,몬스터,0.125,0.3011997360352004,1.843288227708678,안녕하세요 메린이인데 질문있습니다.,렌 제네무기 공공공 vs 보공공,죽맹 24성은 가격이 어떻게될까요??
1100만,1,3,2,5,3,0,0,0,0,0,아이템,1.0,1.0,1.843194367371176,전투력 1100만 렌 이지윌잡을수있나요?,챌섭 초반 아이템 질문있습니다,
17에테,1,3,2,7,3,0,0,0,0,0,아이템,1.0,1.0,1.843194367371176,도전자 vs 17에테 7셋,메짱이 선생님들 아버 이후에 질문있습니다. 17에테 VS 18아케인(+27여명),챌섭뉴비 레테 템 진로 잘 짠걸까요??
1년,1,3,2,5,3,0,0,0,0,0,아이템,1.0,1.0,1.843194367371176,모멘텀 패스 구매고민,렌 1년 정말 열심히 키웠는데 템 방향성 도와주세요 ㅠㅠ,
24성,1,3,2,6,0,0,0,0,3,0,시세,1.0,1.0,1.843194367371176,데브펜 24성 시세 어떻게 될까요?,죽맹 24성은 가격이 어떻게될까요??,법사 에테장갑 24성 시세가 얼마할까요?
VS 에디,2,3,2,5,3,0,0,0,0,0,아이템,1.0,1.0,1.843194367371176,해방무기 추옵 VS 에디,윗잠 유니크에서 레전 VS 에디 레어에서 에픽,에디에픽 토드 비용 1억 메소 사용할만 한가?
가격 얼마정,2,3,2,5,3,0,0,0,0,0,아이템,1.0,1.0,1.843194367371176,보조무기 시세 질문,이정도 윗잠이면 가격 얼마정도 하려나요?,드메템 원래 가격이 얼마정도 인가요?
가져갈수있나요,1,3,2,5,0,0,0,0,0,3,기타,1.0,1.0,1.843194367371176,플하 업글 모듈 사서 리프 되나요?,챌린저스 패스 물품들 본섭리프할때 가져갈수있나요?,
검마 솔로,2,3,2,5,0,0,0,0,0,3,기타,1.0,1.0,1.843194367371176,메린이 검마 솔로 첫격파입니다,이게 무슨 소리인가요??,
검은화면,1,3,2,8,0,0,0,0,0,3,기타,1.0,1.0,1.843194367371176,메이플 창모드 검은화면 어떻게 없애나요,캐시샵 들어가는게 엄청 오래걸리는데 해결법 아시는분 계신가요,검은화면 증상 해결법 아시는분 계신가요
권능,1,3,2,7,0,0,3,0,0,0,몬스터,1.0,1.0,1.843194367371176,뉴비 하드세렌 질문드립니다,검마 연습중인데 2페 권능 때 암흑 걸리면 무적 필수임?,
남는 블큐,2,3,2,5,3,0,0,0,0,0,아이템,1.0,1.0,1.843194367371176,"해방 후에 남는 블큐, 에디큡은 어따 쓰나요",남는 블큐 사용처가 어떻게 될까요,미트라 직작 질문
다른계정,1,3,2,5,0,0,0,0,0,3,기타,1.0,1.0,1.843194367371176,캐릭터 삭제,다른계정이 같은명의여도 하버주나요???,하버 계정삭제해도 다른계정으로 못만들죠?!?
대적자 코인 윗잠,3,3,2,5,3,0,0,0,0,0,아이템,1.0,1.0,1.843194367371176,대적자 코인 윗잠 vs 추옵,선생님들 제네시스 상황 이런데 대적자 코인 윗잠 아랫잠 추천 부탁드립니다,렌 해방무기좀 봐주셈 큐브
딸기농장,1,3,2,6,0,0,0,0,0,3,기타,1.0,1.0,1.843194367371176,첼섭 테라버닝 딸기농장,챌린저스서버 테라버닝 부캐 200이후에 딸기농장 구매해서 레벨업 해도 되나요?,뉴비 유니온에 대해 궁금해요!
뚝배기,1,3,2,6,3,0,0,0,0,0,아이템,1.0,1.0,1.843194367371176,22성 에테 뚝배기 공6리턴 완작 질문드립니다,은월인데 뚝배기 잠재 뭐 골라?,전사 에테뚝 올이탈 쿨쿨힘 깡통 시세가 어떻게 되나요?
렙제,1,3,2,5,3,0,0,0,0,0,아이템,1.0,1.0,1.843194367371176,몬컬 보상 렙제...언제 생긴건가요?,해방하면 무기 렙제 몇인가요??,데아시두스 vs 에스텔라
루미너스,1,3,2,5,0,0,0,3,0,0,직업,1.0,1.0,1.843194367371176,루미너스 윈브 중에 본캐 추천 부탁드립니다!,챌섭>본섭 리프 (유챔x) 헥환 상승 큰가요?,루미너스 직업의 '강화된 스킬을 사용해 주세요' 라는 이펙트 아직도 나오나요?
마마인,1,3,2,6,3,0,0,0,0,0,아이템,1.0,1.0,1.843194367371176,엠블렘 방마마 vs 마마인,챌섭 육성중에 레전 큐브 질문 드려요!,레유 미트라 마마인 뎀마마인데
메린,1,3,2,5,3,0,0,0,0,0,아이템,1.0,1.0,1.843194367371176,내일 미라클 어디할까요? 메린,아스트라 사는곳 어딘가용?,메린 제네 직작 질문이요!! 드디어 제네 해방이네요...ㅠ
메멘토 골드큐브,2,3,2,5,3,0,0,0,0,0,아이템,1.0,1.0,1.843194367371176,"익스우, 노흉 목표 템 진로 질문좀요",메멘토 골드큐브 사용하면 등급업도 가능한가요?,챌섭 메멘토 골드큐브 가지고 리프가능한가요??
메이플 처음하,2,3,2,5,3,0,0,0,0,0,아이템,1.0,1.0,1.843194367371176,챌섭 뉴비 3석 vs 장비 뭐 먼저?,챌썹 랩 276 썬콜 메이플 처음하는 메린이 메이린 최소컷 질문 ㅠ,
무기 대적자 코인,3,3,2,5,3,0,0,0,0,0,아이템,1.0,1.0,1.843194367371176,제네 무기 대적자 코인 질문,재네 무기 대적자 코인 어따 쓸까요,레테 블큡 60개 어디써야 좋을까요? 무보엠
뭐에,1,3,2,5,3,0,0,0,0,0,아이템,1.0,1.0,1.843194367371176,복귀 중고뉴비 대적자 코인 뭐에 써야할까요?,제네시스 무기 뭐에 돈을 더써야할까요?..,투력 5000만 다음 업그레이드
발랐는데,1,3,2,5,3,0,0,0,0,0,아이템,1.0,1.0,1.843194367371176,에메랄드 카레잠을 하트에 발랐는데 에디는 뭘 발라야 하나요,이벤링 여명템 잠재 우선순위 질문,
방어구 장신구 템셋,3,3,2,5,3,0,0,0,0,0,아이템,1.0,1.0,1.843194367371176,방어구/장신구 템셋 훈수부탁드립니다.,"방어구, 장신구 템셋 훈수 부탁드립니다 (글삭X)","복귀 템셋팅 질문 익스우, 노적자 널널컷정도"
보상인,1,3,2,5,3,0,0,0,0,0,아이템,1.0,1.0,1.843194367371176,3주늦은뉴비 템진로 훈수 제발 부탁드립니다,챌섭 보상인 리스트레인트링을 실수로 버려버렸습니다,
보호모드,1,3,2,8,0,0,0,0,0,3,기타,1.0,1.0,1.843194367371176,메이플 보호모드 본인인증,메이플 보호모드 해제 시간 및 보상수령 가능한지 궁금합니다.,찍계 걸린것 같습니다.
본섭리프할때,1,3,2,5,0,0,0,0,0,3,기타,1.0,1.0,1.843194367371176,챌섭 링크3렙 관련,챌린저스 패스 물품들 본섭리프할때 가져갈수있나요?,
봐주실수,1,3,2,5,3,0,0,0,0,0,아이템,1.0,1.0,1.843194367371176,이번 이벤으로 시작한 늅늅이 장비좀 봐주실수 있을까요?,뉴비 렌 해방 잠재 질문합니다!,템셋계획좀 봐주실수 있을까요??
블랙보조 에디,2,3,2,5,3,0,0,0,0,0,아이템,1.0,1.0,1.843194367371176,미라클때 블랙보조 에디 올리는게 좋을까요??,메고수 형님들 뉴비 스펙업 도움,챌섭 블랙보조 에디 유니크다는게 나을까요??
사용할까요,1,3,2,5,3,0,0,0,0,0,아이템,1.0,1.0,1.843194367371176,도미 쓸까요 팔까요,대적자큐브 어디부터 사용할까요,메멘토 브로즌 에디셔널 큐브는 어디에 사용할까요?
세렌 배율,2,3,2,6,0,0,3,0,0,0,몬스터,1.0,1.0,1.843194367371176,281 보마 노말 세렌 배율 158%,세렌 배율 몇퍼정도 떠야 클각 나올까요,메린이 노말세렌 이지칼로스 가능할꺼같음??
스타포스 17성 강화권,3,3,2,5,3,0,0,0,0,0,아이템,1.0,1.0,1.843194367371176,스타포스 17성 강화권 질문,잠재능력이나 스타포스 같은 이름 다른 아이템으로 못옮기나요..?,스타포스 17성 강화권은 사면 안되는건가요??
스펙업 도움,2,3,2,5,3,0,0,0,0,0,아이템,1.0,1.0,1.843194367371176,렌 스펙업 도움 부탁드려도 될까요?,메고수 형님들 뉴비 스펙업 도움,뉴비 보조 vs 미트라 둘중 뭘 사는게 좋을까요
스펙업 하고싶은데,2,3,2,6,3,0,0,0,0,0,아이템,1.0,1.0,1.843194367371176,스펙업 하고싶은데 당장 바꿧으면 부위좀 진단부탁드립니다,보통 시세 거품 몇월쯤 빠지나요?,챌섭 레잠으로 스펙업 하고싶은데 도와주세요!
시작하는데,1,3,2,5,0,0,0,0,0,3,기타,1.0,1.0,1.843194367371176,챌린저스 서버 저번주에 알아서 이제 시작하는데 제네시스 무기 해방 될까요??ㅜㅜ,친구가 챌섭을 이제 시작하는데 챌린저 서버 닫힐때까지 달성 가능할까요 ..?,12시 넘으면 점검 전이라도 숙제들 초기화 되나요?
쌍크 장갑,2,3,2,7,3,0,0,0,0,0,아이템,1.0,1.0,1.843194367371176,챌섭 아케인 쌍크 장갑 팔아야되나요 ? 메린이 템세팅 방향성 한번 잡아주시면 감사하겠습니다.,아케인 쌍크 장갑을 만들었는데,헥환 7만 중반 ~ 8만 목표 레테 템세팅 조언 부탁드립니다.
썬데 메이플,2,3,2,5,0,0,0,0,0,3,기타,1.0,1.0,1.843194367371176,챌섭 쌩뉴비 여러 가지 질문 드립니다 !,오늘 썬데이 메이플 솔에르다 주는거 278레벨 25개 받는거 맞지?,이번주 썬데이 메이플 질문
아스트라 전승,2,3,2,5,3,0,0,0,0,0,아이템,1.0,1.0,1.843194367371176,아스트라 전승 하는법?,5줄 보조 아스트라 전승 시켜도 되나요?,메린이 캡틴 레잠 추천좀...ㅜㅠ
어디 쓰는게,2,3,2,6,3,0,0,0,0,0,아이템,1.0,1.0,1.843194367371176,대적자코인 어디 쓰는게 나을까요,울티마 보상 카르마 17성 어디 쓰는게 좋나요?,챌 3만점 보상
어디다 쓸까요,2,3,2,5,3,0,0,0,0,0,아이템,1.0,1.0,1.843194367371176,선배님들 대적자큐브 어디다 쓸까요,대적자 코인 남는거 어디다 쓸까요..?,공짜 큐브 사용처 및 템 순서 질문!
어빌리티 설정,2,3,2,5,0,0,0,0,0,3,기타,1.0,1.0,1.843194367371176,어빌리티 설정,어빌리티 재설정 질문 드립니다,
얼굴장식,1,3,2,6,3,0,0,0,0,0,아이템,1.0,1.0,1.843194367371176,얼굴장식 토드,이벤링 아드템으로 끼고싶은데 도와주세요 ㅠ,알쏭달쏭 표정 얼굴장식 이제 안나오나요?
없애나요,1,3,2,5,0,0,0,0,0,3,기타,1.0,1.0,1.843194367371176,메이플 창모드 검은화면 어떻게 없애나요,"맵 제일위에 이거어떻게 없애나요,.?",안녕하세요 질문하나드려요
에테 쿨뚝,2,3,2,5,3,0,0,0,0,0,아이템,1.0,1.0,1.843194367371176,지금 에테 쿨뚝 사둘만함니까?,지금 법사 에테 쿨뚝 45억이면 괜찮게 맞춘건가요,형들 이거 살만할까?
열심히 키웠는데,2,3,2,5,3,0,0,0,0,0,아이템,1.0,1.0,1.843194367371176,추후 어떻게 스펙업할지 궁금해요,렌 1년 정말 열심히 키웠는데 템 방향성 도와주세요 ㅠㅠ,
이유 뭘까요,2,3,2,5,0,0,0,0,0,3,기타,1.0,1.0,1.843194367371176,물거래할때 성명이랑 캐릭명을 같이 기재해달라는 이유가 뭘까요?,형님들 가엔슬 딜이 정말 안들어가는데 이유가 뭘까요?,스인미 크오솔 쓰는 이유?
인한,1,3,2,5,3,0,0,0,0,0,아이템,1.0,1.0,1.843194367371176,아흐... 펫장비 이전 줌서에 대한 글은 많은데...,제네시스 패스 구매 후 미활성화로 인한 흔적 복구 해보신 분 있으실까요?,챌뉴비 똥블렘 뽀록등업으로 인한 고민 도와주세요
장신구 템셋,2,3,2,5,3,0,0,0,0,0,아이템,1.0,1.0,1.843194367371176,방어구/장신구 템셋 훈수부탁드립니다.,"방어구, 장신구 템셋 훈수 부탁드립니다 (글삭X)","복귀 템셋팅 질문 익스우, 노적자 널널컷정도"
전투력 1100만,2,3,2,5,3,0,0,0,0,0,아이템,1.0,1.0,1.843194367371176,전투력 1100만 렌 이지윌잡을수있나요?,챌섭 초반 아이템 질문있습니다,
접속중인,1,3,2,7,0,0,0,0,0,3,기타,1.0,1.0,1.843194367371176,"메이플 캐릭변경, 캐시샵 튕김현상 제발 도와주세요",아니 자꾸 접속중인 아이디라고 팅기는데 왜이러지,
제네패스 코인,2,3,2,6,3,0,0,0,0,0,아이템,1.0,1.0,1.843194367371176,해방 무기 제네패스 코인 질문,제네패스 코인 사용 질문,햄들 스펙업 조언좀 부탁드림다...
직업마다,1,3,2,5,0,0,0,0,0,3,기타,1.0,1.0,1.843194367371176,메이플 뉴비 궁성비 질문,환산 직업마다 배율 다름?,
찍계,1,3,2,5,0,0,0,0,0,3,기타,1.0,1.0,1.843194367371176,게토 아닌 피시방에서 하면 찍계되나요?,거탐 및 돌아가는 화살표 룬 찍계 문의,찍계 걸린것 같습니다.
챌린저 도전,2,3,2,5,3,0,0,0,0,0,아이템,1.0,1.0,1.843194367371176,"뉴비 챌린저 도전, 템셋팅 어떻게 하는게 효율적일까요",보조 레에로 챌린저 도전 가능할까요?,메린이 챌섭 템세팅 질문
챌린저 찍고싶은데,2,3,2,5,3,0,0,0,0,0,아이템,1.0,1.0,1.843194367371176,"메린이 질문드립니다 자석펫,드메,스펙업",챌린저 찍고싶은데 스펙업방향 조언부탁드려요,뉴비 챌린저 찍고싶은데 조언부탁드려요
처리할까요,1,3,2,5,3,0,0,0,0,0,아이템,1.0,1.0,1.843194367371176,형들 마깃안 에디 3줄 어떻게 처리할까요,메린이 제네무기 상담,
처음하,1,3,2,5,3,0,0,0,0,0,아이템,1.0,1.0,1.843194367371176,챌섭 뉴비 3석 vs 장비 뭐 먼저?,챌썹 랩 276 썬콜 메이플 처음하는 메린이 메이린 최소컷 질문 ㅠ,
파는거,1,3,2,7,3,0,0,0,0,0,아이템,1.0,1.0,1.843194367371176,거래소에 언리미티드 훈장 파는거 가위계속되나요?,메쌤들 채집 만들어서 파는거랑 씨앗만 파는거,분자벨 가격 질문이요!
팔아,1,3,2,5,3,0,0,0,0,0,아이템,1.0,1.0,1.843194367371176,드메템 맞추는게 이득일까요?,뉴비면 이노센트50퍼랑 순백10퍼 팔아도 되나요,챌섭뉴비 마도서 팔아도 되나여
하드메이린 잡고싶은데,2,3,2,5,3,0,0,0,0,0,아이템,1.0,1.0,1.843194367371176,레테 하드메이린 잡고싶은데 템좀 봐주세요 ㅠㅠ,챌섭 뉴비 하드메이린 잡고싶은데 스펙업 질문,하드메이린 템셋 질문좀요!
해외,1,3,2,9,0,0,0,0,0,3,기타,1.0,1.0,1.843194367371176,해외에서 메이플 하시는 분들 pc방,진짜 메이플 고수만 오셈,해외 사는분들 저같은 경우 있을까요? ㅠ
해주실,1,3,2,5,3,0,0,0,0,0,아이템,1.0,1.0,1.843194367371176,메린이 노적자 템셋 가이드 해주실 (글삭안함!),메선생님들 보조캐 하진힐 스펙업 훈수좀 부탁드립니다,지금 보조 엠블에 대해 고민인데 이거 투표 좀 해주실 수 있으신가여...
흙테르넬,1,3,2,6,3,0,0,0,0,0,아이템,1.0,1.0,1.843194367371176,챌섭 레잠 하나 남는데 어디에 쓰면좋을까요?,흙테르넬 질문,흙테르넬 vs 아버 장비
궁금한점,1,5,2,7,1,0,1,0,0,3,몬스터,0.2,0.5473066694941109,1.8430698216946715,메이플 보스 파티 궁금한점,mvp 레드만 유지하고 블랙으로 가긴 싫은데 질문있습니다,신규 유저 입니다만.
20퍼,1,9,1,10,2,0,1,2,1,3,직업,0.2222222222222222,0.3252638748643558,1.8430406292026413,배율20퍼차이나는데 딜이 똑같은데 뭐가문제일까요,보마 메이린 배율 질문있습니다 !,보공 20퍼 달려있는 보조 사도 괜찮을까요?
소마,1,5,1,6,1,0,0,2,0,2,직업,0.4,0.7018336909916849,1.8416779403597026,부케소마 214 200 짜리두마리인데,챌린저 찍고싶은 메린인데 향후 템셋팅 어떻게 해야하나요?,초보인데 메이플 좋은직업이있을까요
이것저것,1,13,0,14,8,0,1,0,0,4,아이템,0.6153846153846154,0.39517903921010816,1.840978734776505,오늘 썬데이 메이플 솔에르다 주는거 278레벨 25개 받는거 맞지?,지난주에 챌섭 시작한 뉴비인데 제네시스 패스 사도 되나요?,메린이 내 캐릭이 왜 약한지 모르겠어요
느낌,1,11,0,13,5,0,2,1,0,3,몬스터,0.18181818181818182,0.48118810197462675,1.8403070820918084,아흐... 펫장비 이전 줌서에 대한 글은 많은데...,메린이 내 캐릭이 왜 약한지 모르겠어요,자전 질문
포기하고,1,11,0,11,5,0,2,1,0,3,몬스터,0.18181818181818182,0.48118810197462675,1.8403070820918084,초저자본 메린이 첫 제네시스 잠재 질문,형님들 리프 언제 해야하나요?,자전 질문
게이지,1,7,0,8,0,0,3,0,0,4,몬스터,0.42857142857142855,0.7699545436806943,1.8402585025073066,챌섭 뉴비 2가지 질문 (대적자+헥사순서),메이린 스페(혼돈)스킬 2개 까는거 가능한가요?,메린이 질문좀;;
제외,1,11,0,12,7,0,0,2,0,2,직업,0.18181818181818182,0.48088455908301,1.8399299442168713,진로 고민 도와주세요,메이플 좀 켜두면 생기는 잔렉? 프레임드랍? 해결방법 있을까요..,유챔 세렌 질문
22성으로,1,8,0,9,6,0,0,0,0,2,아이템,0.75,0.6746376658839944,1.8397775188066363,와헌 템셋팅 질문 드립니다.,[질문] 복귀 유저 아버 이후 에테르넬 17성 풀셋 질문,8-9만 세팅 가능할까요?
5개,1,8,0,8,6,0,0,0,0,2,아이템,0.75,0.6746376658839944,1.8397775188066363,놀긍 파풀마 너무 잘붙었는데요,"연마석 10개쓰고 리컨4렙인데, 다음 도전 몇개할지 냉철한 판단 좀여",메린이 질문!!
가능하고,1,8,0,8,6,0,0,0,0,2,아이템,0.75,0.6746376658839944,1.8397775188066363,챌린저 하고 싶은데 여기서 무보엠 바꿔주면 되나요?,챌섭 지금부터 시작하면,챌섭에서 본캐를 바꾸고 싶어요 ㅠㅠ
아무래,1,8,0,8,6,0,0,0,0,2,아이템,0.75,0.6746376658839944,1.8397775188066363,드메부터 맞출지 스펙을 올릴지 추천좀 해주세요,잠재 질문,대적자 코인 어디다 써야할까요?
육성중인데,1,8,0,8,6,0,0,0,0,2,아이템,0.75,0.6746376658839944,1.8397775188066363,메이플 처음하는데 도와주실분..,솔 에르다 3개의 가치가 어느정도인가요?,메짱 친구들아 뉴비 템 견적 어디까지 됨..?
자석펫 하나,2,8,0,8,6,0,0,0,0,2,아이템,0.75,0.6746376658839944,1.8397775188066363,2석펫 vs 쌍레 보조 맞추기 고민됩니다,3석펫이 맞추고 싶습니다...,뉴비 자석펫 질문
왔는데,1,7,1,9,3,1,0,1,0,2,퀘스트,0.14285714285714285,0.4638542644778471,1.8384906212476355,헥환 4.5 이후 템셋팅 질문.,화면깨짐 현상 이거 어케 고치나요,제네시스패스 너무 어려워요
어캐,1,6,1,7,5,0,1,0,0,0,몬스터,0.16666666666666666,0.5635727371758273,1.8376285655821836,아버 이후 템세팅 질문...,메린이 70억 메소 어캐쓸까요?,카루타 11성 9퍼 공10 둘둘
모든,1,13,0,14,9,0,1,1,0,2,아이템,0.6923076923076923,0.39245027081839323,1.8373780466640162,챌섭 블큐 화에큐 사용처 및 챌 달성 질문,아흐... 펫장비 이전 줌서에 대한 글은 많은데...,[사전월드리프] 여러 서버로 이동 불가 관련 문구 문제
커포링,1,6,2,10,4,0,0,1,1,0,시세,0.16666666666666666,0.42000417394049083,1.8369531762542357,살짝 과부화 오는데 방향성 한번만 잡아주실분..?,커포링 극추옵….?,햄들 스펙업 조언좀 부탁드림다...
마약,1,6,0,6,2,3,0,0,0,1,퀘스트,0.5,0.8874970057776295,1.8364497899271022,10000마리 사냥 보약 마릿수가 다음 주로 이월 되나요?,하이퍼버닝 비약 사용 질문,이번주 수요일에 끝난 게 있나요?
2번,1,15,0,16,6,1,2,1,0,5,몬스터,0.13333333333333333,0.3245074586173945,1.8361572211425305,이메일 변환 명의이전 질문 잘아시는분만,스펙업 질문!,제네패스 코인 사용 질문
할때,1,9,1,10,1,1,1,1,0,5,퀘스트,0.1111111111111111,0.3198515319309964,1.8355136995740948,4아케인3에테 질문!!,몬파 메이플포인트로 할때 질문,선생님들 혹시 노말흉성 많이 어렵나요?
순서대,1,10,0,10,4,2,0,2,0,2,퀘스트,0.2,0.5302542804623162,1.8346947526500301,"안녕하세요 메쌤, 메형님들 뉴비 질문 몇 가지만 해도 될까요?",별 누르기vs언컨 구매,[뉴비] 메짱이형님들 템진로 조언 부탁드립니다
스킨,1,5,2,12,1,0,0,0,1,3,시세,0.2,0.5378406627405963,1.8317944153881345,실례합니다.. 커스텀 스킨은 어디서 구하나용.. ?,안녕하세요 이번챌린져로 유입된 유저입니다,부티크 관련 질문입니다
없을,1,7,1,9,3,0,0,0,1,3,시세,0.14285714285714285,0.45848695130260436,1.831749680449473,동전꼽기가 운영정책 위반인지 여부,선생님들 메린이 진로 추천 부탁드리겠습니다,대적자 큐브 사용처 질문있습니다 !
자체,1,12,0,13,5,0,0,2,0,5,직업,0.16666666666666666,0.42828875337632033,1.831744160121066,동전꼽기가 운영정책 위반인지 여부,진짜 초보 메린이 질문있습니다,아흐... 펫장비 이전 줌서에 대한 글은 많은데...
이득인가요,1,8,0,10,5,0,2,0,0,1,몬스터,0.25,0.6670052095525671,1.8313924084882078,"하드메이린 환산 오르는거 평딜,준극이랑 오리진이랑 비슷하면",리레4렙,울티마 전사 궁수 39렙인데 에스페시아 어떻게 할까요
쉽고,1,6,0,6,1,0,0,4,0,1,직업,0.6666666666666666,0.8822330593140968,1.8313282065033663,자전 질문,데티 해방컷 평균값,메린이 하메잡는데 뭘 더 해야 빠르게 쌔질까요
찍었고,1,13,0,13,4,0,2,2,0,5,몬스터,0.15384615384615385,0.38764186929732936,1.8310332230250677,챌섭 챌린저 찍었는데 미래 고민되네여,챌섭 쌩뉴비 여러 가지 질문 드립니다 !,메린이 많이 성장했지만 다시 막막해짐..
헥사 스텟,2,3,3,8,0,0,0,2,0,1,직업,0.6666666666666666,0.8636590603278556,1.829030390661539,레테 헥사 스텟 두 번째꺼 열었는데요 초기화 해야할까요??,메린이 헥사 스텟 질문 떡작했는데 궁금해요,레테 헥사 스텟
되는걸까요,1,4,1,5,1,2,0,0,0,1,퀘스트,0.5,0.8810720637194207,1.8285065562497982,메이플 폴더속 잡파일? 지워도 되는걸까요,선생님들 드메 100/100이 가성비라고 배웠는데 풀도핑 기준이 맞나요?,오늘 검마 솔격으로 잡아야 되는건가요?
수준,1,16,0,17,10,1,1,1,0,3,아이템,0.625,0.2903322974163496,1.827893341653358,헥환 4.5 이후 템셋팅 질문.,챌섭 유입 284 아란 100억 템셋팅 질문,챌섭 복귀유저 렌 스펙업 훈수 부탁드립니다.
5시간,1,6,0,8,1,0,0,0,0,5,기타,0.8333333333333334,0.8785546643518372,1.8277492934587187,피시방에서 접속만 시켜놓고 집에서 보상수령가능한가요?,레테유입 이제뭐함?,pc방 접속보상 이벤트 23일까지도 포함인가요??
몰라서요,1,6,0,6,1,0,0,0,0,5,기타,0.8333333333333334,0.8785546643518372,1.8277492934587187,메린이 챌섭 미라클 타임 문의,자석펫 밥 자동으로 먹나요?,mvp작 하려는.뉴비인대요
수령,1,6,0,8,1,0,0,0,0,5,기타,0.8333333333333334,0.8785546643518372,1.8277492934587187,메키 챌섭에서 하고 보상은 본섭에서 수령되나요,경매장 물품수령 질문드려요,몬파핸즈 챌섭 본섭 누구줄까요
아시는분 계실까요,2,6,0,6,1,0,0,0,0,5,기타,0.8333333333333334,0.8785546643518372,1.8277492934587187,넥슨온 접속오류 질문,컴고수 선생님들 게임이 계속 멈춥니다,컴고수님들 메린이 게임 멈춤 질문드립니다
뭐가더,1,5,2,8,4,0,0,1,0,0,직업,0.2,0.533936208036167,1.8271436355667952,미라클 대비 미트라 질문,레테 보조 뭐가더 나은지 봐주세용,해방 잠재 둘중 뭐가 좋아요?
찍어서,1,13,0,13,7,0,0,1,0,5,기타,0.38461538461538464,0.38445463549833453,1.8268275766658502,284 사냥터 질문,에테 27 vs 30,챌린저스서버 질문드립니다.
가격차이,1,6,1,7,5,0,0,0,1,0,시세,0.16666666666666666,0.5541697941840315,1.8265775180476282,에테 장갑은 크주 vs 쌍크 어느게 가성비 좋나요,미트라 고민,챌섭 유입 스펙업 질문있습니다.
윗잠 유니크,2,6,1,8,5,0,0,0,1,0,시세,0.16666666666666666,0.5541697941840315,1.8265775180476282,잠재 좀더 돌려야될까요?,윗잠 유니크에서 레전 VS 에디 레어에서 에픽,남는 블큐 사용처가 어떻게 될까요
이정도,1,14,0,14,10,0,1,1,1,1,아이템,0.7142857142857143,0.34841940165219965,1.8257937159071806,뉴비 아버 템 대체질문,뉴비 하드메이린 찐모,칠흑 보통 얼마정도 하나요?
핵사,1,7,1,9,2,1,0,1,0,3,퀘스트,0.14285714285714285,0.4534840973948684,1.8254664730209484,메린이 한 100억정도 생기면,뉴비 여기서 과금 더 안하고 첼은 많이 힘들까용,질문드립니다.
2줄로,1,7,1,9,5,0,0,1,0,1,아이템,0.7142857142857143,0.4533359719444472,1.8252804386198638,1억 2천만 아란 엠블렘 조언 구합니다,메 뉴비 마법사(레테) 엠블럼 질문 있습니다!,제네무기 질문드립니다
무한,1,7,1,9,2,0,1,0,0,4,몬스터,0.14285714285714285,0.45329036485960517,1.8252231595588402,5석펫 효과도 사용횟수 제한이있나요??,울티마 후발대 질문있습니다.,보마 재획준비물좀 알려주실분
해야하,1,7,1,8,2,0,1,0,0,4,몬스터,0.14285714285714285,0.45329036485960517,1.8252231595588402,꼭 챌린저스나 하이퍼버닝으로 키워야 하나요 ?,대학생 유저 메이플 질문,노칼 딜배율 200% 목표 / 18에테 교체 순서 및 칠흑·엠블 문의
자동,1,8,1,9,0,1,1,0,0,6,퀘스트,0.125,0.3745100300092745,1.8240604305176074,카링 3페 질문점요!,올티마 전사 28때 망치와 디바이드 쓰고 자동돌리면 됨?,자석펫 밥 자동으로 먹나요?
6소재,1,5,1,6,2,0,0,0,0,3,기타,0.6,0.6845671842631943,1.8229925983563935,솔 에르다 기운 어떻게 처리해야할까요,챌섭 유입 질문 한개 해도 되겠습니까,하루 평균 6소재 하는데
갖고,1,5,1,6,2,0,0,0,0,3,기타,0.6,0.6845671842631943,1.8229925983563935,하드메이린 목표 - 템셋 어캐해야할까요 ...?,290 찍을꺼면 챌섭에 남는게 맞나요??,내일 해방인데 질문 있습니다
개수,1,5,1,6,2,0,0,0,0,3,기타,0.6,0.6845671842631943,1.8229925983563935,핵사 스텟 망하면 환산주스텟에 개수가 적게 들어가여?,챌섭 메린이 보스 현상금 코인 이벤트질문 있어요,챌뉴비 방어구 질문드려요!
만든,1,5,1,6,2,0,0,0,0,3,기타,0.6,0.6845671842631943,1.8229925983563935,"미라클때 만든 레전잡, 유니크3줄 칠흑 언제팔아야 할까요",헥사 코어 3 때문에 벽에 막힌거 같습니다,원래 명의이전을 해도 하버맥스 갱신이 안되나요?
이라,1,5,1,6,2,0,0,0,0,3,기타,0.6,0.6845671842631943,1.8229925983563935,궁금해서 그러는데 유챔나온게 왜 다들 별로라는거야?,"""자석펫""이라는 존재가 메이플에서 아주 처음 나왔을때가 언제인가요?",혹시 코잘알분들 있을까요?
주면,1,5,1,6,2,0,0,0,0,3,기타,0.6,0.6845671842631943,1.8229925983563935,보조격 분배 질문,만약 하버 하나를 더 주면,챌섭 레잠 하나 남는데 어디에 쓰면좋을까요?
질러야,1,5,1,7,2,0,0,0,0,3,기타,0.6,0.6845671842631943,1.8229925983563935,메이플 늦은 유입 뉴비 현시점 제네패스 질러도 될까요?,미라클 어디에 질러야 할까요?,해방무기 윗옵
첫줄,1,5,1,7,2,0,0,0,0,3,기타,0.6,0.6845671842631943,1.8229925983563935,"보조무기 보공40,35 차이가 큰가요??",어빌 23유효에 1줄 뽑기는 별론가요?,어빌은 무조건 첫줄 열고 돌림?
글들,1,9,0,9,6,0,0,0,0,3,아이템,0.6666666666666666,0.5802430494260673,1.8193220444579579,메린이 유니온 질문있습니다,환호지선 여우 이펙트 펫 투명도로 조절이 안됩니다..,메린이 방향성이 잘못된걸까요? 현실조언 부탁드립니다
돈은,1,9,0,10,6,0,0,0,0,3,아이템,0.6666666666666666,0.5802430494260673,1.8193220444579579,스팩업 질문드립니다.,카르시온 넘어왔는데 왜 사냥 메소가 줄었을까요?,챌섭 진로 질문이요
또한,1,9,0,10,6,0,0,0,0,3,아이템,0.6666666666666666,0.5802430494260673,1.8193220444579579,4여명 깨고 4흙칠흑 vs 4여명 유지 2흙칠흑,[사전월드리프] 여러 서버로 이동 불가 관련 문구 문제,뉴비 해방이후 스펙업 방향성 검토 부탁드리겠습니다
뽑았는데,1,9,0,9,6,0,0,0,0,3,아이템,0.6666666666666666,0.5802430494260673,1.8193220444579579,메린이 제네무기 상담,뉴비 템세팅 고견 주실 수 있을까요?,제네무기 잠재 업글 질문합니다
사냥 하루,2,9,0,9,6,0,0,0,0,3,아이템,0.6666666666666666,0.5802430494260673,1.8193220444579579,안녕하세요 메린이인데 질문있습니다.,안녕하세요 이번에 처음 시작한 뉴비인데 리프할 서버 추천해주시면 감사합니다!,메짱이 선생님들 아버 이후에 질문있습니다. 17에테 VS 18아케인(+27여명)
쓰면서,1,9,0,10,6,0,0,0,0,3,아이템,0.6666666666666666,0.5802430494260673,1.8193220444579579,첼린저스 서버 제네무기 잠재 질문,하루 평균 6소재 하는데,드랍템 먼저 맞출까요 스펙업을 먼저 할까요
예정이고,1,9,0,10,6,0,0,0,0,3,아이템,0.6666666666666666,0.5802430494260673,1.8193220444579579,메린이 템셋 조언 부탁드립니다.,메린이 도움 부탁드립니다 보마 300억 템세팅,친구가 챌섭을 이제 시작하는데 챌린저 서버 닫힐때까지 달성 가능할까요 ..?
잡았습니다,1,14,0,14,5,1,1,3,0,4,직업,0.21428571428571427,0.3432154536807261,1.8187474397318433,에디 레전 천장 사용처가 고민입니다....,칠흑 보통 얼마정도 하나요?,"안녕하세요 메쌤, 메형님들 뉴비 질문 몇 가지만 해도 될까요?"
늦지,1,4,2,7,1,1,0,0,0,2,퀘스트,0.25,0.6995000070391078,1.8183650709565298,형들 지금해도,지금 복귀타이밍 너무 늦지 않았나..,신규유저 지금 시작해도 되나요?
어케하나요,1,4,2,6,1,1,0,0,0,2,퀘스트,0.25,0.6995000070391078,1.8183650709565298,핸즈 옥션 그린아이디등록? 어케하나요..,소멸의 여로 세트 효과 누리면서 코디는 기본 아이템 보이게 하는 법,미션 울티마 스토리 퀘
있던,1,14,0,14,6,0,0,1,1,6,기타,0.42857142857142855,0.34071771249398863,1.8153654354703206,뉴비 50억으로 뭐해야 할 까요 ?,보스방 드랍율이랑 일반 맵 드랍율이 다른가요?,아흐... 펫장비 이전 줌서에 대한 글은 많은데...
250비약,1,6,0,10,0,0,0,4,0,2,직업,0.6666666666666666,0.8636590603278556,1.8132565399354312,메린이 유니온 질문있습니다,메린이 본캐 고민,부캐 육성
먹이고,1,6,0,6,0,0,0,4,0,2,직업,0.6666666666666666,0.8636590603278556,1.8132565399354312,메린이 본캐 고민,에테리온 효과 다 받는 기준이면 몬파 매일 3천포인트 씀??,뉴비인데 고민이 있어요 ㅠㅠㅠ
사냥하고,1,11,0,11,4,0,0,0,1,6,기타,0.5454545454545454,0.4594083014308887,1.813246696490713,챌린저 하고 싶은데 여기서 무보엠 바꿔주면 되나요?,284 사냥터 질문,유료 경험치 주는것들 효율 궁금해요
2석펫,1,4,3,9,2,0,0,0,0,2,기타,0.5,0.5913081818747175,1.8131240691244361,2석펫 vs 스펙업,2석펫 vs 쌍레 보조 맞추기 고민됩니다,1석펫 > 2석펫 / (현재 1버섯) 버섯 or 빨강이 뭐할까
별론가요,1,4,3,7,2,0,0,0,0,2,기타,0.5,0.5913081818747175,1.8131240691244361,"에테 17을 직작하는거보다 사와서 샤타포스때 18,19++ 로 점진적 성장하는건 별론가요?",어빌 23유효에 1줄 뽑기는 별론가요?,다음 스펙업 뭐가좋을까요?
상관없,1,6,1,7,4,0,1,0,0,1,몬스터,0.16666666666666666,0.5424174339141842,1.812765258194663,이메일 변환 명의이전 질문 잘아시는분만,카룻을 갈까요 에테를 갈까요?,장비에 유효옵은 옵션 등급과 상관없이 부르나요?
있던데,1,10,0,10,8,0,0,0,1,1,아이템,0.8,0.5107949029423877,1.8113639779667123,지금 에테 쿨뚝 사둘만함니까?,메린이 마도서 질문있습니다!,루컨마 추옵 가격 좀 알려주세요
값어치,1,6,0,6,3,0,0,0,3,0,시세,0.5,0.8614004750488236,1.8110590379269436,울티마 보급일지 메포로 뚫는거 어떻게생각하는지요,선생님들 이런 추옵도 팔릴까요?,법사 에테모자 에디3줄 시세 질문드립니다
안잡혀요,1,5,2,7,2,0,1,2,0,0,직업,0.4,0.5200993541307358,1.8106619074368207,첫해방 뉴비 렌 템진단 부탁드려요 하드메이린 잡고싶어요,캡틴 하드메이린 환산 118퍼인데 안잡혀요,제논인데 하루시가 안잡혀요
어둠의흔적,1,4,1,5,0,2,0,0,0,2,퀘스트,0.5,0.8623435255391511,1.8103013766013984,해방퀘로 보스 잡은것도 어둠의 흔적 들어오나요?,챌시즌2 하다가 이번에 복귀 질문,지금 제네패스 검마솔플까지 했으면 어둠의흔적 어디까지인가요?
메수라이브,1,4,3,7,0,0,0,0,1,3,시세,0.25,0.5887941297185854,1.8102595778038753,메수라이브 잠재능력 설정 질문,메수라이브 잠재능력 설정 도와주세요,뉴비 템 호구당한건가요ㅠㅠ퓨
처럼,1,11,0,13,3,1,0,0,0,7,기타,0.6363636363636364,0.45638412363289776,1.8094892967305285,메이플 디스코드 라운지에 대해,아흐... 펫장비 이전 줌서에 대한 글은 많은데...,챌섭 종료후 리프 고민
자석펫 한마리,2,10,0,11,6,0,0,0,0,4,아이템,0.6,0.5090213057352097,1.8092375277872421,챌섭리프,메린이 챌린저 달았는데 이제 세팅 뭐부터할까요?,메린이 챌린저 이후 진로봐주실분..
효율적,1,14,0,14,9,1,0,1,0,3,퀘스트,0.07142857142857142,0.33585589340375793,1.8087824103878094,안녕하세요 선생님들 템 진로 고견좀 여쭙습니다,뉴비 검마까지 방향성 조언좀....,뉴비 부캐 유니온 질문
검마 잡고,2,5,1,7,3,1,0,0,0,1,퀘스트,0.2,0.6708598507220218,1.8081588963692035,제네시스 패스 도전보스 질문,투력 6600만 메린이 검마 잡고 싶습니다.,레테 보조 190억~220억 대 사이선에서 뭐가 더 좋은 매물일지 질문드립니다
인데요,1,5,1,6,3,1,0,0,0,1,퀘스트,0.2,0.6708598507220218,1.8081588963692035,미트라 vs 에테 장갑 고민 추천 부탁드립니다.,뉴비 해방이후 스펙업 방향성 검토 부탁드리겠습니다,챌섭 메린이 주간퀘 질문 있어요
라운지,1,5,2,10,0,0,0,0,1,4,시세,0.2,0.5178175860168869,1.8079439860100905,MVP작 할 때 질문,메이플 디스코드 라운지에 대해,보조무기 매물을 더 찾고 싶습니다
렌을,1,10,0,11,6,0,0,2,0,2,직업,0.2,0.5075135350649752,1.8074297897059326,제네시스 코인 투자처 질문,복귀를 해볼까 하는데요! 조언 좀 부탁드리겠습니다ㅎㅎ,본캐 키우는건 챌섭시즌이 무조건인가요
모르겠어서요,1,10,0,10,6,0,0,2,0,2,직업,0.2,0.5075135350649752,1.8074297897059326,지난주에 챌섭 시작한 뉴비인데 제네시스 패스 사도 되나요?,스펙업 질문!,소과금 익스우 솔플 목표로 템세팅 질문이여
해방까지,1,10,0,10,6,0,0,2,0,2,직업,0.2,0.5075135350649752,1.8074297897059326,진짜 찐 뉴비 템세팅,9만~데티 해방 사이 괜찮은 라인,챌린저 목표 템셋 질문 드립니다
공12,1,11,0,11,9,0,0,1,1,0,아이템,0.8181818181818182,0.45460175058155006,1.80727478140668,미라클때 에테장갑 만들어볼까요?,제네무기 보40 35 공9퍼 기댓값 큐브몇개정도인가요?,4여명 깨고 4흙칠흑 vs 4여명 유지 2흙칠흑
그렇다면,1,11,0,11,9,0,0,1,1,0,아이템,0.8181818181818182,0.45460175058155006,1.80727478140668,제네시스 코인 투자처 질문,아흐... 펫장비 이전 줌서에 대한 글은 많은데...,뉴비 스펙업 아이템 질문
바꾸,1,11,0,11,8,1,0,0,0,2,퀘스트,0.09090909090909091,0.4541509545461334,1.8067146883736278,선생님들 헥사환산 몇을 목표로 잡아야할까요?,챌섭 챌린저 목표 템셋팅 관련 질문입니다.,메m 넥슨플러그로 하시는 분??
높은,1,7,0,7,2,0,0,3,0,2,직업,0.42857142857142855,0.7374814937598231,1.8064955980120552,18아케인에서 스팩업 질문 있습니다,메린이 질문좀;;,안녕하세요 뉴비입니다 하버 렌 280까지 키웠는데 레테
자주,1,9,0,10,2,0,0,1,0,6,기타,0.6666666666666666,0.5687415079186993,1.806080405447299,헥환 8만 목표 과금 어느정도 해야할까요?,선생님들 헥사환산 몇을 목표로 잡아야할까요?,길드 분위기 알아보는 법...
템도,1,9,0,9,2,0,0,1,0,6,기타,0.6666666666666666,0.5687415079186993,1.806080405447299,자석펫 스카니아에 있으면 스카니아로 리프해야겠져?,진짜 메이플 고수만 오셈,안녕하세요 뉴비입니다 하버 렌 280까지 키웠는데 레테
줘서,1,11,0,11,4,0,1,0,0,6,기타,0.5454545454545454,0.4536078387123731,1.8060398923001697,모멘텀 패스 플러스 누구 줄까요?,님들 링크 3렙 찬란한영웅의 증거 질문 있습니다,성님들 하드 메이린 목표하는 메린이 봐주십시오.
하니,1,11,0,11,4,0,1,0,0,6,기타,0.5454545454545454,0.4536078387123731,1.8060398923001697,템 방향성 고민이 너무 됩니다,넥슨링크 pc조작 오류 왜이럴까요,레테 블큡 60개 어디써야 좋을까요? 무보엠
하니까,1,11,0,12,4,0,1,0,0,6,기타,0.5454545454545454,0.4536078387123731,1.8060398923001697,챌섭 기간중에 한부위 추천 부탁드립니다,5석펫 사냥 팁이 있나요,5석펫인데 스펙업 순서 추천 좀…
기억,1,12,0,12,6,0,0,1,0,5,기타,0.4166666666666667,0.40603299787061986,1.8032017172289823,아흐... 펫장비 이전 줌서에 대한 글은 많은데...,헥사스탯 그냥 바로바로 강화해도 되나요?,피시방 혜택에 자석펫이 있나요???
사도 괜찮을까요,2,6,1,7,4,0,0,0,1,1,시세,0.16666666666666666,0.5329364378840242,1.8016224768446492,메획 1줄 마이스터링,보공 20퍼 달려있는 보조 사도 괜찮을까요?,힘 여명 30퍼 깡통 35억 즈음이면 비쌀까요?
이벤트때,1,6,1,7,4,0,0,0,1,1,시세,0.16666666666666666,0.5329364378840242,1.8016224768446492,본의명의 한계정 업데이트는 언제부터 들어온건가요?,핑크빈 후디는 못얻나요?,헥사스탯 조각 이벤트때
화에큐 레전,2,6,1,7,4,0,0,0,1,1,시세,0.16666666666666666,0.5329364378840242,1.8016224768446492,요즘 화에큐 레전 에디 천장 얼마임?,"메린이 오늘 첫 해방했는데, 잠재 돌리고 남은 블랙큐브는 어디에 쓰는게 좋나요?","에디 레전 천장 60개 남았는데, 진로 조언 부탁드립니다!"
싸게,1,12,0,13,7,0,0,1,0,4,아이템,0.5833333333333334,0.4029973338174107,1.7993085549476082,자석펫 스카니아에 있으면 스카니아로 리프해야겠져?,부티크 티켓은 어느 타이밍에 사는게 좋을까요?,이번 메이플 챌린저스 유입 뉴비입니다. 도와주세요
지금까지,1,12,0,12,7,0,0,1,0,4,아이템,0.5833333333333334,0.4029973338174107,1.7993085549476082,메린이 하드메이린 잡으려면 어떻게 세팅해야 할까요…,챌섭 파풀마 사려는데 고민이에요!,제네패스 코인 사용 질문
구매하려고,1,9,0,9,8,0,0,0,1,0,아이템,0.8888888888888888,0.5627845249519323,1.7992221753580504,챌섭 메린이 템세팅 질문있습니다,뉴비 레테 미트라 구매 질문,챌뉴비 방어구 질문드려요!
글을,1,17,0,20,5,1,1,2,2,6,시세,0.11764705882352941,0.2447038017590597,1.7988283577751862,동전꼽기가 운영정책 위반인지 여부,뉴비가 모험미션 질문드리겠습니다!,메린이 방향성이 잘못된걸까요? 현실조언 부탁드립니다
아주,1,8,1,9,4,0,0,1,0,3,직업,0.125,0.35460128307766053,1.7976402831877978,22성 에테 뚝배기 공6리턴 완작 질문드립니다,"""자석펫""이라는 존재가 메이플에서 아주 처음 나왔을때가 언제인가요?",카레잠을 팔아서 보조를 사야할까요??
추천해주시면,1,8,1,11,4,0,0,1,0,3,직업,0.125,0.35460128307766053,1.7976402831877978,안녕하세요 이번에 처음 시작한 뉴비인데 리프할 서버 추천해주시면 감사합니다!,본캐를 올릴가요 버린 부캐를 살릴까요,선생님들이라면 이 예전 미해방 본캐 어케 처리하실건가요?
갈까요,1,5,2,11,3,0,0,0,0,2,아이템,0.6,0.5090213057352097,1.7974663224350815,카룻을 갈까요 에테를 갈까요?,메린이 100억 모았습니다..드메템 질문있어요!,챌섭 리프 질문있습니다
메린입니다,1,5,2,7,3,0,0,0,0,2,아이템,0.6,0.5090213057352097,1.7974663224350815,챌린저 찍고싶은 메린인데 향후 템셋팅 어떻게 해야하나요?,이거 이가격에 사도 되나요?,여명 맞추고 보조까지 했는데 뭐하는게 좋을까요 메린입니다
시작한 뉴비인데,2,5,2,8,3,0,0,0,0,2,아이템,0.6,0.5090213057352097,1.7974663224350815,안녕하세요 이번에 처음 시작한 뉴비인데 리프할 서버 추천해주시면 감사합니다!,지난주에 챌섭 시작한 뉴비인데 제네시스 패스 사도 되나요?,뉴비 해방무기 및 보조 질문드립니다!!!!!
알수있을까요,1,5,2,8,3,0,0,0,0,2,아이템,0.6,0.5090213057352097,1.7974663224350815,완전 첫 캐릭으로 키우는 메린이인데…첫 해방후 어떻게해야할지에 대해서,헤어 정보 찾고싶습니다,제네무기 추옵 혹시 뭐골라야하는지 알수있을까요
좋아요,1,5,2,7,3,0,0,0,0,2,아이템,0.6,0.5090213057352097,1.7974663224350815,해방 잠재 둘중 뭐가 좋아요?,22성 쌍레 쓰기전 템셋 어디가 좋아요?,잠재로 드메 몇%씩 맞추면 되나요?
챌섭 코인샵,2,5,2,8,3,0,0,0,0,2,아이템,0.6,0.5090213057352097,1.7974663224350815,챌섭에서 리프할때 템,챌섭 코인샵 물품 리프,제네시스 해방은 했는데..
크확,1,5,2,12,3,0,0,0,0,2,아이템,0.6,0.5090213057352097,1.7974663224350815,제네무기 옵션 방향성좀 알려주세요...,뉴비 미트라 잠재 뭐 선택해야할까요,환산 보조에 있는 크확 못읽나요?
필요합니다,1,5,2,7,3,0,0,0,0,2,아이템,0.6,0.5090213057352097,1.7974663224350815,유니온 250작 템셋팅 어떻게 해야할까요?,메고수 형님들의 도움이 필요합니다,템진로 고민과 조언이 필요합니다 .
대부분,1,10,0,10,3,0,1,3,0,3,직업,0.3,0.49909948370091795,1.7973417827104545,[뉴비] 메짱이형님들 템진로 조언 부탁드립니다,18살 본섭에서 길드가입이 현실적으로 가능할지가 궁금합니다.,루컨마 추옵 가격 좀 알려주세요
형님,1,5,2,7,3,0,0,1,0,1,직업,0.2,0.5075135350649752,1.7956703458034715,템환 9.2인데 데티해방까지 템셋 좀 봐주실 형님,챌섭 뉴비 한번만 도와주십쇼 선생님들ㅠ,템 진로상담 해주실분
거리,1,5,2,9,1,0,1,2,0,1,직업,0.4,0.5072373890878926,1.7953414153291332,보마 카링1페 질문 있습니다,대적자큐브 질문합니다!,챌섭 뉴비 2가지 질문 (대적자+헥사순서)
편인가요,1,7,1,9,3,1,0,0,1,2,퀘스트,0.14285714285714285,0.42808824180280375,1.7935711925565203,챌섭 관련 질문,렌 보조무기 시세 적정한가요?,선생님들 유니온 챔피언 케릭터요
훨씬,1,8,1,9,3,0,1,1,0,3,몬스터,0.125,0.3512936663587069,1.7932508697643679,메린이 방향성이 잘못된걸까요? 현실조언 부탁드립니다,울티마 스쿼드 궁수 15렙 질문,선생님들 챌섭 일리움 검마 잡는데 3페이지 꿀팁 있나요?
5표,1,10,0,11,5,0,0,2,0,3,직업,0.2,0.49525919498820814,1.7927374776352607,남은 대적자 큐브 사용처,27퍼 골클벨 분자벨 뭐살까요,이번주 썬데이는?
건들지말고,1,4,2,6,3,0,0,0,0,1,아이템,0.75,0.6746376658839944,1.7917638279136263,챌섭뉴비 이제 당분간 템 건들지말고 헥사찍으면됨?,제네플 잠재 더이상 건들지말고 환불 돌릴까요 ?,제네무기 유니크 에디 공이탈 +@질문
데티해방까지,1,4,2,7,3,0,0,0,0,1,아이템,0.75,0.6746376658839944,1.7917638279136263,템환 9.2인데 데티해방까지 템셋 좀 봐주실 형님,본캐 데티해방까지 본캐만 쭉 투자해도되나요?,스탯뚝에서 3초뚝으로 넘어가려는데 고민입니다..
될까,1,4,2,7,3,0,0,0,0,1,아이템,0.75,0.6746376658839944,1.7917638279136263,메짱 친구들아 뉴비 템 견적 어디까지 됨..?,뉴비 해방이후 스펙업 방향성 검토 부탁드리겠습니다,샤타 때 이렇게 템 맞추면 될까?
메소 어디다,2,4,2,6,3,0,0,0,0,1,아이템,0.75,0.6746376658839944,1.7917638279136263,환산 7~8만 목푠데 다음 메소를 어디다 써야 해야할까요?,챌섭 메소 어디다 써야하나요?,뉴비 스펙업 진로 고민있어요
몇인가요,1,4,2,6,3,0,0,0,0,1,아이템,0.75,0.6746376658839944,1.7917638279136263,울티마스쿼드 옵션이 너무 헷갈려요.. 한번만 봐주세요,..이벤트핑크빈이거잡으라고만든거맞음?,해방하면 무기 렙제 몇인가요??
브론즈,1,4,2,7,3,0,0,0,0,1,아이템,0.75,0.6746376658839944,1.7917638279136263,"뉴비 챌섭이후 본섭 준비 질문,평가해주세요","에디에픽, 브론즈 큐브",메멘토 브론즈 에디셔널 큐브 질문
서큘,1,4,2,8,3,0,0,0,0,1,아이템,0.75,0.6746376658839944,1.7917638279136263,어빌리티 질문,레테 어빌 수칙 20 7 10 인데 카오스 서큘 계속 돌려야하나요..?,어빌 23유효에 1줄 뽑기는 별론가요?
업그레이드 모듈,2,4,2,7,3,0,0,0,0,1,아이템,0.75,0.6746376658839944,1.7917638279136263,하트 업그레이드 모듈 질문있습니다,카링 안잡아도 플라즈마하트 업글이 될까요?,챌섭 다이아 달성 보상으로 받은 하트 업그레이드 모듈:플라즈마 본섭으로 옮길수 있나요?
올리나요,1,4,2,6,3,0,0,0,0,1,아이템,0.75,0.6746376658839944,1.7917638279136263,요즘 교가 보조무기 에픽은 어떻게 올리나요?,도미에 크확빠지면 하이퍼스탯으로 올리나요?,잠재 등업 큐브있자나요
하트 업그레이드,2,4,2,7,3,0,0,0,0,1,아이템,0.75,0.6746376658839944,1.7917638279136263,하트 업그레이드 모듈 질문있습니다,카링 안잡아도 플라즈마하트 업글이 될까요?,챌섭 다이아 달성 보상으로 받은 하트 업그레이드 모듈:플라즈마 본섭으로 옮길수 있나요?
하트 업그레이드 모듈,3,4,2,7,3,0,0,0,0,1,아이템,0.75,0.6746376658839944,1.7917638279136263,하트 업그레이드 모듈 질문있습니다,카링 안잡아도 플라즈마하트 업글이 될까요?,챌섭 다이아 달성 보상으로 받은 하트 업그레이드 모듈:플라즈마 본섭으로 옮길수 있나요?
10성,1,5,0,5,5,0,0,0,0,0,아이템,1.0,1.0,1.791759469228055,메린이 토드(장비전승) 간단 질문이용,템세팅 질문(무자본),템 진로 찐 최종 확인 제발 부탁드립니다
18성 27퍼,2,5,0,5,5,0,0,0,0,0,아이템,1.0,1.0,1.791759469228055,메고수 형님들 템 진로좀 봐주십쇼,챌섭 유입 질문 한개 해도 되겠습니까,22가엔링(데브팬)vs어센틱심볼올만렙
18성에,1,5,0,5,5,0,0,0,0,0,아이템,1.0,1.0,1.791759469228055,18성 주문서 어디에 쓰나요?,메이린 배율관련 질문드립니다 저 진짜 정리 잘해놨어요 함만 봐주세요 ㅠㅠ,챌섭 메린이 하메를 위한 템셋팅 조언 부탁드립니다!
200까지,1,5,0,5,0,0,0,0,0,5,기타,1.0,1.0,1.791759469228055,복귀뉴비 두가지 질문드려요,챌린저스서버 테라버닝 부캐 200이후에 딸기농장 구매해서 레벨업 해도 되나요?,메린이 버닝 캐릭터 생성 질문 드립니다 !
4여명 5보장,2,5,0,5,5,0,0,0,0,0,아이템,1.0,1.0,1.791759469228055,4여명 5칠흑으로 7~8만 될까요?,"다음 스펙업 질문,,",챌섭 템맞추려는데 궁금한게 생겼습니다
5분,1,5,0,6,0,0,5,0,0,0,몬스터,1.0,1.0,1.791759469228055,노말 진힐라 258퍼 인데 너무 힘들어요...,원래 보스 배율보다 훨씬 느리게 잡아지는게 정상임??,
5셋,1,5,0,5,5,0,0,0,0,0,아이템,1.0,1.0,1.791759469228055,환산 7.8 헥환 7만 진로질문드립니다!,레테 카루타 템셋팅 질문드립니다 도와주세요,저 거공 먹었는데 사용해도 되나요?
6퍼,1,5,0,6,5,0,0,0,0,0,아이템,1.0,1.0,1.791759469228055,썬콜 대적자 코인 어디에 쓸까요?,뉴비 보조무기 질문,템세팅 질문(무자본)
7만정도,1,5,0,5,5,0,0,0,0,0,아이템,1.0,1.0,1.791759469228055,템 가성비 셋팅 질문,뉴비 아버 템 대체질문,18에테 22아케인 질문있습니다
8에테,1,5,0,5,5,0,0,0,0,0,아이템,1.0,1.0,1.791759469228055,템 가성비 셋팅 질문,"방어구, 장신구 템셋 훈수 부탁드립니다 (글삭X)",나중에 아버 사라질때
RAM,1,5,0,5,0,0,0,0,0,5,기타,1.0,1.0,1.791759469228055,메이플 초고사양겜이네,메이플 좀 켜두면 생기는 잔렉? 프레임드랍? 해결방법 있을까요..,윈10 프리징? 해결방법 아시는분..ㅠㅜ
가려고,1,5,0,5,5,0,0,0,0,0,아이템,1.0,1.0,1.791759469228055,뉴비 아버 템 대체질문,다음 스펙업을 뭐 하는게 나으려나요??,코디충의 희대의 자석펫 고민입니다.
가엔,1,5,0,5,5,0,0,0,0,0,아이템,1.0,1.0,1.791759469228055,18아케인에서 스팩업 질문 있습니다,메린이 하드메이린킬 위한 스펙업 조언부탁드려요,템세팅 업글 순서 및 코인샵
값이,1,5,0,5,5,0,0,0,0,0,아이템,1.0,1.0,1.791759469228055,미트라 에디 직작 질문,4에테 2아케인 2앱솔,메이플 뉴비 몽벨 먹었는데 질문있어요!
같으면,1,5,0,5,0,0,0,0,0,5,기타,1.0,1.0,1.791759469228055,캐릭 살려서 주보돌이로 쓰려는데,챌섭 질문있습니다!,챌섭 챌린저 메소 얼마나 들었어??
계단식 스펙업,2,5,0,5,5,0,0,0,0,0,아이템,1.0,1.0,1.791759469228055,헥환 7만 중반 ~ 8만 목표 레테 템세팅 조언 부탁드립니다.,[뉴비] 메짱이형님들 템진로 조언 부탁드립니다,에테 27 vs 30
공15퍼,1,5,0,5,5,0,0,0,0,0,아이템,1.0,1.0,1.791759469228055,급함 제네무기 윗잠 방무 버려도됨??,선생님들이라면 이 예전 미해방 본캐 어케 처리하실건가요?,복귀 유저 해방전 아케인 무기좀
공6퍼,1,5,0,5,5,0,0,0,0,0,아이템,1.0,1.0,1.791759469228055,메선생님들 미트라질문드립니다.,미트라 판매 vs 들고가기 (메고수님들 도와주세요ㅠㅠ),전투력 1억 아델 하드메이린 목표
구매하지,1,5,0,5,5,0,0,0,0,0,아이템,1.0,1.0,1.791759469228055,미라클 타임.. 엠블 vs 하트,마일리지 가위 구매,본섭 7만 중후반 주차 후 챌섭 갈아타는 게 맞을까요?
그다음,1,5,0,5,5,0,0,0,0,0,아이템,1.0,1.0,1.791759469228055,스펙업 질문,제네패스 잠재 위 아래 추천좀 부탁드립니다..,다음아이템 뭐바꿀지 추천해주는사이트 이런건없어??
나머지 부위,2,5,0,5,5,0,0,0,0,0,아이템,1.0,1.0,1.791759469228055,"방어구, 장신구 템셋 훈수 부탁드립니다 (글삭X)",챌섭뉴비 레테 템 진로 잘 짠걸까요??,레전 잠재 2장 질문있습니다
남았습니다,1,5,0,5,5,0,0,0,0,0,아이템,1.0,1.0,1.791759469228055,메린이 에디 레전 천장 어떻게 하는게 좋을까요,혹시 미라클때 올릴만한게 있을까여,대적자 코인 어디에 써야 하나요?
노작 사서,2,5,0,6,5,0,0,0,0,0,아이템,1.0,1.0,1.791759469228055,챌섭 파풀마 사려는데 고민이에요!,챌뉴비 똥블렘 뽀록등업으로 인한 고민 도와주세요,칠흑 2셋 사용중인데 다음 3셋으로 거공 좋을까요?
다른곳,1,5,0,5,5,0,0,0,0,0,아이템,1.0,1.0,1.791759469228055,[뉴비] 이 스펙으로 크크올 장갑 사서 껴도 괜찮을까요?,메린이 70억 메소 어캐쓸까요?,제네무기 질문
달기,1,5,0,7,5,0,0,0,0,0,아이템,1.0,1.0,1.791759469228055,메짱이 선생님들 아버 이후에 질문있습니다. 17에테 VS 18아케인(+27여명),햄들 스펙업 조언좀 부탁드림다...,미라클때 에테장갑 만들어볼까요?
대비해서,1,5,0,5,5,0,0,0,0,0,아이템,1.0,1.0,1.791759469228055,메린이 많이 성장했지만 다시 막막해짐..,챌섭 유입 질문 한개 해도 되겠습니까,이렇게 템셋해도 괜찮을까요?
데벤,1,5,0,5,0,0,0,0,0,5,기타,1.0,1.0,1.791759469228055,250 달성의 비약 질문드려요,밑에 메린이 컴퓨터 질문한 사람입니다!,필터키 질문드립니다.
돌린다,1,5,0,5,5,0,0,0,0,0,아이템,1.0,1.0,1.791759469228055,메린이 에디 레전 천장 어떻게 하는게 좋을까요,이지 대적자가 안잡혀서 다음 템세팅 조언좀요..,똥블렘 언제까지 써야하나요? 투자를 좀 해서...
등업하고,1,5,0,5,5,0,0,0,0,0,아이템,1.0,1.0,1.791759469228055,제네패스 코인 사용 질문,화에큐 어디에 던질까요,아이템 질문 하나만 드려도 될까요?
등을,1,5,0,5,5,0,0,0,0,0,아이템,1.0,1.0,1.791759469228055,챌섭 호영 템셋 질문,뉴비 제네시스 무기 작 질문드립니다.,공짜 큐브 사용처 및 템 순서 질문!
똥블,1,5,0,7,5,0,0,0,0,0,아이템,1.0,1.0,1.791759469228055,에디 레전천장 사용처 추천부탁드려요 + 도전자 대체셋 질문,미트라를 믿기 vs 똥블렘을 믿기,미트라 질문
띄우는게,1,5,0,5,5,0,0,0,0,0,아이템,1.0,1.0,1.791759469228055,잠재 좀더 돌려야될까요?,화에큐 어디에 던질까요,이번에 첫챌섭 시작한 뉴비 해방이후에 템세팅이 궁금해요 ㅇㅅㅠ
띄우면,1,5,0,5,5,0,0,0,0,0,아이템,1.0,1.0,1.791759469228055,메린이 질문!!,유튜브 보고 맞췄는데 챌린저가는거 도와주세요..,에메랄드 카레잠을 하트에 발랐는데 에디는 뭘 발라야 하나요
마12,1,5,0,5,5,0,0,0,0,0,아이템,1.0,1.0,1.791759469228055,레테 무기 잠재 질문좀 드립니다!,레테 보조무기 옵션 질문합니다..,레테 보조무기 질문드립니다
마21,1,5,0,7,5,0,0,0,0,0,아이템,1.0,1.0,1.791759469228055,챌섭 뉴비 하드메이린 잡고싶은데 스펙업 질문,12.0 목표 제네무기 잠재옵 질문,장문)챌섭에서 본캐 레테하고 있는 유저인데 템셋팅 고민입니다.
목표 하드 메이린,3,5,0,5,5,0,0,0,0,0,아이템,1.0,1.0,1.791759469228055,챌섭 뉴비 방향성 조언 부탁드려요 메짱형님들,렌 스펙업 도움 부탁드려도 될까요?,미트라 고민
미라클이라,1,5,0,5,5,0,0,0,0,0,아이템,1.0,1.0,1.791759469228055,미트라 vs 에테 장갑 고민 추천 부탁드립니다.,화에큐 어디에 쓰면 좋을지 도와주세요 ㅠ,드메부터 맞출지 스펙을 올릴지 추천좀 해주세요
바꾸기,1,5,0,6,5,0,0,0,0,0,아이템,1.0,1.0,1.791759469228055,18에테 22아케인 질문있습니다,챌섭 유입 질문 한개 해도 되겠습니까,렌 스펙업 도움 부탁드려도 될까요?
바르기,1,5,0,10,5,0,0,0,0,0,아이템,1.0,1.0,1.791759469228055,10억있는데 카유잠 어디에 쓸지 추천부탁드립니다,뉴비 보조 vs 미트라 둘중 뭘 사는게 좋을까요,메린이 도움!!
별을,1,5,0,6,5,0,0,0,0,0,아이템,1.0,1.0,1.791759469228055,칠흑 아랫급에 별누르는건 요새 별로임?,스펙업 질문!,뉴비 18에테 질문있습니다
보조 레유,2,5,0,5,5,0,0,0,0,0,아이템,1.0,1.0,1.791759469228055,챌섭 스펙업 어떻게 할까요? 미트라? 보장?,챌섭 하드메이린 최소컷만큼 템셋 질문이요,챌섭 레잠 하나 남는데 어디에 쓰면좋을까요?
보조 유니크,2,5,0,5,5,0,0,0,0,0,아이템,1.0,1.0,1.791759469228055,해방무기 윗옵,이럴 때 보조랑 엠블 뭐 먼저인지 알려주세요,뉴비 챌섭 템 구매
부위당,1,5,0,5,5,0,0,0,0,0,아이템,1.0,1.0,1.791759469228055,칠흑 보통 얼마정도 하나요?,메짱 친구들아 뉴비 템 견적 어디까지 됨..?,캐릭터 부캐릭을 본캐로 할 생각인뎁쇼
붙은,1,5,0,5,5,0,0,0,0,0,아이템,1.0,1.0,1.791759469228055,남은 대적자 큐브 사용처,에테 이 정도 되는 옵션 작된 장비 18성 달면 얼마 정도 할까요?,뉴비 아이템 셋팅 질문 두개만 부탁드립니다.
블랙 보조무기,2,5,0,5,5,0,0,0,0,0,아이템,1.0,1.0,1.791759469228055,메린이 렌 키우는데 보조무기 궁금한게 있습니다,메린이 챌섭 미라클 타임 문의,미라클 어디에 질러야 할까요?
뽑는다,1,5,0,6,5,0,0,0,0,0,아이템,1.0,1.0,1.791759469228055,메린이 에디 레전 천장 어떻게 하는게 좋을까요,미라클 타임.. 엠블 vs 하트,해방무기 작 하는 거 질문
사서 샤타때,2,5,0,5,5,0,0,0,0,0,아이템,1.0,1.0,1.791759469228055,여명셋 질문 있습니다!,지금 에테 쿨뚝 사둘만함니까?,마깃안 % 선택
산다면,1,5,0,5,5,0,0,0,0,0,아이템,1.0,1.0,1.791759469228055,렌으로 버닝템 받았다가 레테로 갈아타면서 삭제했는데...,챌뉴비 칠흑방향성 질문드려요,챌섭 챌린저 목표 겸
생각중인건,1,5,0,5,5,0,0,0,0,0,아이템,1.0,1.0,1.791759469228055,투력 1억2천만 입니다. 700~800억정도 투자 예정인데 도와주세요!,메린이 스펙업 방향성 질문드립니다,템셋 방향좀 잡아주실분 계신가요??
세렌 칼로스,2,5,0,5,5,0,0,0,0,0,아이템,1.0,1.0,1.791759469228055,챌린저 하고 싶은데 여기서 무보엠 바꿔주면 되나요?,챌린저 찍고싶은 메린인데 향후 템셋팅 어떻게 해야하나요?,챌섭 진로 질문이요
수익,1,5,0,6,5,0,0,0,0,0,아이템,1.0,1.0,1.791759469228055,"익스우, 노흉 목표 템 진로 질문좀요",8-9만 세팅 가능할까요?,메린이 노적자 템셋 가이드 해주실 (글삭안함!)
써야할지 고민입니다,2,5,0,5,5,0,0,0,0,0,아이템,1.0,1.0,1.791759469228055,큐브 사용처 질문,제네패스 플러스 코인 어디다 써야할까요?,화에큐 스택 사용처 질문
아랫잠 유니크,2,5,0,5,5,0,0,0,0,0,아이템,1.0,1.0,1.791759469228055,제네무기 고민중인데여..,4여명 깨고 4흙칠흑 vs 4여명 유지 2흙칠흑,보마 보조 시세 질문
아케인장갑,1,5,0,5,5,0,0,0,0,0,아이템,1.0,1.0,1.791759469228055,선생님들 세트효과 질문입니다,"뉴비 챌섭이후 본섭 준비 질문,평가해주세요",카레잠 사용처 미트라vs아케인장갑
어느걸,1,5,0,5,5,0,0,0,0,0,아이템,1.0,1.0,1.791759469228055,에테 장갑은 크주 vs 쌍크 어느게 가성비 좋나요,메짱분들 질문..,챌섭 하메 템진로 조언 받고싶습니다
어떤걸 먼저,2,5,0,5,5,0,0,0,0,0,아이템,1.0,1.0,1.791759469228055,챌섭 뉴비 앞으로 진로 설정 부탁드립니다,챌섭 컨티4렙vs 도미 18성 21퍼 뭐 먼저살까요?,스펙업 진로상담 부탁드립니다.
엠블램,1,5,0,6,5,0,0,0,0,0,아이템,1.0,1.0,1.791759469228055,챌섭 보마 무보엠 적당한지,메린이 템 방향 조언 부탁드립니다 젭알,챌린저 목표) 진로 설정 질문입니다.
오로라,1,5,0,10,0,0,0,0,0,5,기타,1.0,1.0,1.791759469228055,챌섭 리프 질문,챌섭 종료후 리프 고민,서버 질문입니다.
올려야할지,1,5,0,5,5,0,0,0,0,0,아이템,1.0,1.0,1.791759469228055,메린이 하드메이린 목표 템셋 봐주시면 감사하겠습니다!,질문드립니다.,챌섭 에테 장갑 어떻게 해야할지 모르겠어요....
완성,1,5,0,5,5,0,0,0,0,0,아이템,1.0,1.0,1.791759469228055,무기 윗잠 돌릴까요,메고수 형님들 뉴비 스펙업 도움,챌섭 보조무기 질문입니다
윗잠 마력,2,5,0,5,5,0,0,0,0,0,아이템,1.0,1.0,1.791759469228055,제네무기 고민중인데여..,이지 대적자가 안잡혀서 다음 템세팅 조언좀요..,대적자코인 어디 쓰는게 나을까요
이벤트 받은,2,5,0,5,5,0,0,0,0,0,아이템,1.0,1.0,1.791759469228055,챌섭 챌린저 목표 템셋팅 관련 질문입니다.,안녕하세요 오늘 검마잡고 제네작하는중인데 작관련 질문 좀 드릴께요!,템세팅 진로 질문드립니다
있는데 이걸,2,5,0,5,5,0,0,0,0,0,아이템,1.0,1.0,1.791759469228055,"이터널 플레임 링, 테네브리스 원정대 반지, 어웨이크 링 3개 있는데",뉴비 템셋팅좀 도와주소.... 220억 있는데,큐브 어디다 써야할 지 추천 부탁드려요
적은,1,5,0,5,5,0,0,0,0,0,아이템,1.0,1.0,1.791759469228055,초저자본 메린이 첫 제네시스 잠재 질문,"방어구, 장신구 템셋 훈수 부탁드립니다 (글삭X)",메린이 템셋 조언 부탁드립니다.
짬통,1,5,0,5,5,0,0,0,0,0,아이템,1.0,1.0,1.791759469228055,이벤 블큐 남는거 보통 어디에 쓰시나요?,챌린저 목표) 진로 설정 질문입니다.,루컨마 직작질문좀!!
챙기는게,1,5,0,6,5,0,0,0,0,0,아이템,1.0,1.0,1.791759469228055,에테 모상하 잠재 질문!,환산 7~8만대 미트라 옵션 추천 좀 해주십쇼,메제일때 소재비 먹나요?
칠흑 미트라,2,5,0,5,5,0,0,0,0,0,아이템,1.0,1.0,1.791759469228055,헥환 4.5 이후 템셋팅 질문.,아이템 뭐부터 맞출까요?,선생님들 도미 안사고 바로 고근 가도 되나요?
컨티 4렙,2,5,0,5,5,0,0,0,0,0,아이템,1.0,1.0,1.791759469228055,메린이 스펙업 방향성 질문드립니다,템세팅 진로 질문드립니다,이렇게 템셋해도 괜찮을까요?
플러스 패스,2,5,0,5,5,0,0,0,0,0,아이템,1.0,1.0,1.791759469228055,대적자 코인 쓸 곳 질문드립니다.,제네패스 플러스 코인 어디다 써야할까요?,뉴비 제네시스 무기 작 질문드립니다.
해결,1,5,0,6,0,0,0,0,0,5,기타,1.0,1.0,1.791759469228055,메이플 및 배경화면 글자 깨짐,메이플 좀 켜두면 생기는 잔렉? 프레임드랍? 해결방법 있을까요..,캐시샵 들어가는게 엄청 오래걸리는데 해결법 아시는분 계신가요
해방해서,1,5,0,5,5,0,0,0,0,0,아이템,1.0,1.0,1.791759469228055,제네무기 추옵 질문,템 방향성 고민이 너무 됩니다,뉴비 해방이후 스펙업 방향성 검토 부탁드리겠습니다
드드,1,4,2,7,3,0,0,0,1,0,시세,0.25,0.6744449701201086,1.791557654777457,드드 드메 템 맞출라고 하는데,칠흑 드드 거공 사도 되나요..? (메린이),메뉴비 30만원으로 드메 세팅 맞추는 법
보40,1,4,2,8,3,0,0,0,1,0,시세,0.25,0.6744449701201086,1.791557654777457,레테 무기 잠재 질문좀 드립니다!,보40 마9 9 로 봐도 될까요 잠재가 애매해요...,제네무기 보40 35 공9퍼 기댓값 큐브몇개정도인가요?
쌍레 보조,2,4,2,6,3,0,0,0,1,0,시세,0.25,0.6744449701201086,1.791557654777457,2석펫 vs 쌍레 보조 맞추기 고민됩니다,레테 쌍레 보조 가격 측정 도와주세요,엠블렘 / 블랙보조무기 직작 해버렸는데 이럼안돼요?
추옵 가격,2,4,2,7,3,0,0,0,1,0,시세,0.25,0.6744449701201086,1.791557654777457,루컨마 추옵 가격 좀 알려주세요,메이플 뉴비 추옵도 가격을 받을수있나여?,제네무기 질문드립니다
노말 칼로스,2,6,1,8,3,0,1,0,0,2,몬스터,0.16666666666666666,0.5227929170186514,1.7897010463575351,칠흑 보통 얼마정도 하나요?,보마 노말 칼로스 템셋 질문,안녕하세요 챌섭유입 뉴비입니다.
생긴,1,6,1,7,3,0,1,0,0,2,몬스터,0.16666666666666666,0.5227929170186514,1.7897010463575351,하트 업그레이드 모듈 질문있습니다,본섭 유니온 질문있습니다,컬프프 외곽선도 같이 염색되는게
잡음,1,6,1,7,3,0,1,0,0,2,몬스터,0.16666666666666666,0.5227929170186514,1.7897010463575351,무자본 하드메이린 방향 추천 부탁드립니다.,이번 이벤으로 시작한 늅늅이 장비좀 봐주실수 있을까요?,이번 모멘텀 패스 및 경험치 BM류 관련 질문입니다
그걸,1,11,0,11,7,0,0,1,0,3,아이템,0.6363636363636364,0.43961536046891414,1.7886548911830769,추옵날라갔는데 복구해주나요?,카레잠 사용처 추천좀요,뉴비 챌린저스 서버 부캐(?) 질문
못해서,1,11,0,11,7,0,0,1,0,3,아이템,0.6363636363636364,0.43961536046891414,1.7886548911830769,칠흑 아랫급에 별누르는건 요새 별로임?,"안녕하세요 메쌤, 메형님들 뉴비 질문 몇 가지만 해도 될까요?",솔 에르다 3개의 가치가 어느정도인가요?
하려는데,1,11,0,11,7,0,0,1,0,3,아이템,0.6363636363636364,0.43961536046891414,1.7886548911830769,여명셋 질문 있습니다!,어제 막 챌찍은 메린이 진로질문있습니다,익스우 솔플 템셋하려면 다 갈아엎어야하져?
삭제하면,1,7,0,7,1,0,0,3,0,3,직업,0.42857142857142855,0.720217809829601,1.7885461872485882,링크3렙 질문있습니다,메린이 비욘드버닝 도와주세요ㅠㅠ,첼섭 버닝 삭제
좋은거,1,6,1,7,5,0,0,1,0,0,아이템,0.8333333333333334,0.5217836261121718,1.788514851589213,메린이 한 100억정도 생기면,렌 오늘 들어오고 5초던데 쿨뚝 효율 좋은거 있나요?,챌섭 스펙업 방향성 알려주세요..!
에픽2줄,1,9,0,12,8,0,1,0,0,0,아이템,0.8888888888888888,0.5533780578595232,1.7883925799056906,템세팅 조언 부탁드립니다,칠흑 33퍼사서 미라클때 에디레전 보내는거 어떤가요?,무보 이런데 해방하고 정옵띄우면 하드메이린 가능한가요??
280렙,1,10,0,10,3,0,2,1,0,4,몬스터,0.2,0.49131542457649807,1.7880091034216399,챌린저스 패스 vs 제네패스 플러스,모험가 자전,안녕하세요...메이플 시작 3주차인데..
뉴비인데요,1,7,1,8,3,1,1,0,0,2,퀘스트,0.14285714285714285,0.4232577752376758,1.787504490636978,에디에픽2줄 이거 가능한걸까요.. ?!?,뉴비 보조 vs 미트라 둘중 뭘 사는게 좋을까요,6월말 유입 뉴비 현실적인 조언 부탁드립니다
추천하시나요,1,9,0,10,6,0,0,2,0,1,직업,0.2222222222222222,0.5517160740344907,1.786479150315532,루미너스 윈브 중에 본캐 추천 부탁드립니다!,제네 플러스 코인 뭐돌릴까요?,드메부터 맞출지 스펙을 올릴지 추천좀 해주세요
여로,1,5,1,9,2,1,0,0,0,2,퀘스트,0.2,0.649382796269935,1.784917014616784,VIP 부스터 효율 어떤게 좋을까요 ?,복귀뉴비 두가지 질문드려요,경험치 BM 280작 250작 무난할까요?
130퍼,1,6,0,6,1,0,3,0,0,2,몬스터,0.5,0.8326288999355179,1.783065587918299,검마 배율 181%인데 이거 잡히는거 맞나요..?,선생님들 혹시 노말흉성 많이 어렵나요?,세렌 딜 충분할까요?
8월,1,11,0,11,6,1,0,0,0,4,퀘스트,0.09090909090909091,0.434686230613378,1.7825306774052319,안녕하세요 뉴비 검마 질문드려요,지금 복귀타이밍 너무 늦지 않았나..,제네패스 플러스 재화 사용처 추천 부탁드립니다.
주간,1,11,0,11,6,1,0,0,0,4,퀘스트,0.09090909090909091,0.434686230613378,1.7825306774052319,헥환 7만 중반 ~ 8만 목표 레테 템세팅 조언 부탁드립니다.,갓 2억단 뉴비 다음 스펙업 추천 부탁드립니다.,285렙 주차 질문
챌섭때,1,10,0,12,4,0,0,2,0,4,직업,0.2,0.48358268535421767,1.7787379540081953,형들 지금 링크캐 키울방법 없음?,챌섭에서 테라버닝 주는게 최대 4개맞죠?,본섭 깡통케릭들 유챔용으로 살릴만한가요?
렌이고,1,10,0,10,7,0,0,1,0,2,아이템,0.7,0.48355301380033283,1.778702379368797,뉴비 아버 템 대체질문,메린이 유니온 질문있습니다,챌섭 스펙업 어떻게 할까요? 미트라? 보장?
좋을까여,1,6,1,7,3,0,0,0,1,2,시세,0.16666666666666666,0.5132701756097754,1.7785092026910805,하드 메이린 잡았는데,메린이 해방무기 에디 돌리는게 좋을까여,레테 헥사스텟3 질문 있어요
빌드,1,3,2,5,1,0,2,0,0,0,몬스터,0.6666666666666666,0.9281264577257948,1.7769559132297614,"뉴비 챌섭이후 본섭 준비 질문,평가해주세요",하드 카링 2인 파티배율 145% 빌드 궁금합니다,테토 빌드 흉성 맵옮기는 타이밍을 모르게쏘요
올립니다,1,13,0,13,8,0,0,1,1,3,아이템,0.6153846153846154,0.3457509432694633,1.7757569453359623,메린이 익스우 템세팅 질문,드랍셋,데브펜 24성 시세 어떻게 될까요?
검마 잡았는데,2,3,2,5,0,2,0,0,0,1,퀘스트,0.6666666666666666,0.9260842736191771,1.775073842108535,뉴비 몇가지 질문좀 드려여,6월에 검마 잡았는데 7월1일 검마흔적,이번에 검마를 잡았는데 지금이라도 제네 패스 늦지 않았나요?
스페셜,1,3,2,6,0,2,0,0,0,1,퀘스트,0.6666666666666666,0.9260842736191771,1.775073842108535,챌섭 스페셜 코인샵 머사야됨?,유니온이랑 아티팩트 미션 미리 준비하려는데,챌섭 유니온 아티팩트 스페셜 미션 질문
위대한,1,3,2,5,1,0,0,0,2,0,시세,0.6666666666666666,0.925540190405538,1.7745724165511547,제가 실수로 도전자 무기에 공3퍼 소울을 발라버렸습니다..,위대한 돼지바소울 시세좀 알려주십쇼,위대한 돼지바소울
285를,1,8,0,8,1,2,0,1,0,4,퀘스트,0.25,0.6145434569129967,1.773757282353309,님들 링크 3렙 찬란한영웅의 증거 질문 있습니다,285찍고 링크스킬 추출해서 키네캐릭으로 배우려고하는데요.,챌섭 링크3렙 관련
찍는데,1,6,1,7,1,0,0,1,0,4,기타,0.6666666666666666,0.5090067107332761,1.7734984573262291,챌섭 3만점 찍는데 얼마나걸려요??,지금부터 시작하는 3만점 하려면,챌섭 질문있습니다!
위해서,1,10,0,10,7,1,0,0,0,2,퀘스트,0.1,0.47810749916569,1.7721734924686148,챌섭 챌린저 목표 템셋팅 관련 질문입니다.,메린이 부캐 주보돌이 수입 질문입니다.,레테 어빌 수칙 20 7 10 인데 카오스 서큘 계속 돌려야하나요..?
2표,1,6,0,8,3,0,0,3,0,0,직업,0.5,0.8208693031281162,1.7716240285301386,카레잠 사용처 추천좀요,복귀메린이 직업추천,복귀유저 직업추천좀 해주세용
가능하면,1,7,0,7,4,0,2,0,0,1,몬스터,0.2857142857142857,0.7033341584290763,1.770991904199842,제네플 큐브 및 카르마 큐브 사용처 질문드립니다!,안녕하세요...메이플 시작 3주차인데..,메린이 이적자 120퍼 가능한가요
5.3,1,4,1,5,2,0,0,2,0,0,직업,0.5,0.8208693031281162,1.7699861281552598,템환 6.4 헥환 5.3 캐릭 버리려고하는데요,메고수 형님들 템 진로좀 봐주십쇼,메린이 스펙업 방향성 질문드립니다
sss,1,4,1,6,2,0,0,2,0,0,직업,0.5,0.8208693031281162,1.7699861281552598,챌섭>본섭 리프 (유챔x) 헥환 상승 큰가요?,유챔 sss 노칼 깨려면 템셋 어느정도?,챌섭 챌린저 목표 겸
사실,1,9,0,9,5,0,0,2,0,2,직업,0.2222222222222222,0.5372645524184839,1.7698412211934824,챌섭 챌린저 목표 템셋팅 관련 질문입니다.,뉴비 50억으로 뭐해야 할 까요 ?,미트라를 믿기 vs 똥블렘을 믿기
정도입니다,1,9,0,10,5,0,0,2,0,2,직업,0.2222222222222222,0.5372645524184839,1.7698412211934824,미트라 갈아타기 질문점요,모험가 22성 나오면 18둘둘로 하드 메이린 가능할까요?,복귀유저 챌섭 질문드려요
생겨서,1,9,0,9,7,0,0,1,0,1,아이템,0.7777777777777778,0.5372486966868566,1.7698229666078409,템환 10만으로 가고싶습니다..,칠흑 아랫급에 별누르는건 요새 별로임?,뉴비 검마까지 방향성 조언좀....
4시간,1,8,0,8,1,0,2,0,0,5,몬스터,0.25,0.6106318028363579,1.769459891115695,챌섭에서 본캐를 바꾸고 싶어요 ㅠㅠ,2석펫 vs 쌍레 보조 맞추기 고민됩니다,pc방 접속보상 이벤트 23일까지도 포함인가요??
그러는데,1,6,2,8,2,0,1,0,1,2,몬스터,0.16666666666666666,0.3675793535664908,1.7691351077809996,궁금해서 그러는데 유챔나온게 왜 다들 별로라는거야?,펫장비 뭐 사야되는건가요?..,진짜 급해서 그러는데 흉성 2정수빌드 설명 좀
그때,1,9,0,9,5,0,0,0,0,4,기타,0.4444444444444444,0.5364930970622126,1.7689530503918522,내일 제네무기랑 메소를 어떻게 써야할까요??,메린이 서버 고민입니다,이번 챌섭 유입 템세팅 질문드려봅니다
지난,1,9,0,9,5,0,0,0,0,4,기타,0.4444444444444444,0.5364930970622126,1.7689530503918522,헥환 4.5 이후 템셋팅 질문.,스팩업 질문드립니다.,월드 간 캐시 이동이 있었나요?
설명,1,6,1,7,2,0,1,0,0,3,몬스터,0.16666666666666666,0.5045388375533789,1.768247475911954,수로랑 플래그 돌아도 오프접하면 안되는 이유가 궁금해서 질문을 합니다아,아흐... 펫장비 이전 줌서에 대한 글은 많은데...,진짜 급해서 그러는데 흉성 2정수빌드 설명 좀
아르테리아,1,6,1,7,2,0,1,0,0,3,몬스터,0.16666666666666666,0.5045388375533789,1.768247475911954,284 사냥터 질문,자석펫x 사냥터 추천좀,보마 재획준비물좀 알려주실분
무보,1,4,2,6,2,0,1,0,0,1,몬스터,0.25,0.6519580501384789,1.7674979727070648,레테 보조 질문드립니다..,무보 잇는상태에서 유챔 템셋팅질문점여,무보 이런데 해방하고 정옵띄우면 하드메이린 가능한가요??
경치,1,5,1,6,1,1,0,0,0,3,퀘스트,0.2,0.6292382256548088,1.7631171104802772,울티마 전사 궁수 39렙인데 에스페시아 어떻게 할까요,울티마 3-1 뺑뺑이가 나을까요,챌섭 보조무기 질문입니다
1석펫,1,4,1,6,1,0,0,0,0,3,기타,0.75,0.8127514184750242,1.762095093251627,카르시온 넘어왔는데 왜 사냥 메소가 줄었을까요?,형님들 리프 언제 해야하나요?,1석펫 > 2석펫 / (현재 1버섯) 버섯 or 빨강이 뭐할까
가입하고,1,4,1,5,1,0,0,0,0,3,기타,0.75,0.8127514184750242,1.762095093251627,라운지 챌섭으로 가입하고 스카 섭 거래 할수도 있나요?,3주늦은뉴비 템진로 훈수 제발 부탁드립니다,하이퍼버닝 계정 탈퇴 후 재가입 해도 불가 재참여 방법 질문
건드려야할지,1,4,1,5,1,0,0,0,0,3,기타,0.75,0.8127514184750242,1.762095093251627,하드 메이린 잡고 챌달고싶은데 뭘 건드려야할지 막막합니다.. ㅠㅠ,진짜 초보 메린이 질문있습니다,대적자코인 조언부탁드려용
나왔을때,1,4,1,5,1,0,0,0,0,3,기타,0.75,0.8127514184750242,1.762095093251627,키보드 꾹이 안먹히는데 필터키 문제인가요,"""자석펫""이라는 존재가 메이플에서 아주 처음 나왔을때가 언제인가요?",복귀뉴비 200레벨비약 질문이 있습니다
다음 목표,2,4,1,8,1,0,0,0,0,3,기타,0.75,0.8127514184750242,1.762095093251627,하드 메이린 잡았는데,성장 방향 조언 부탁드려요,다음 목표 추천 부탁드립니다.
밖이라,1,4,1,5,1,0,0,0,0,3,기타,0.75,0.8127514184750242,1.762095093251627,이번 유입 메린이 제네무기 에디 미라클때 돌려야할까요,카엔슬 죽는거 보자마자 팅겼는데,챌썹에서 (하이퍼버닝 선택x) 아케인지역 경험치 5000배? 적용 되나요?
본캐 스펙업,2,4,1,5,1,0,0,0,0,3,기타,0.75,0.8127514184750242,1.762095093251627,본섭 깡통캐릭 유챔하는거 별로일까요?,이번 챌섭이 본캐인데 진로상담 요청합니다!,9만 본캐 스펙업 vs 부캐 스펙업 선택 도와주십셔
상관없을까요,1,4,1,5,1,0,0,0,0,3,기타,0.75,0.8127514184750242,1.762095093251627,헥사스탯 그냥 바로바로 강화해도 되나요?,복귀한지 하루차인데 패스 구매해도 상관없을까요?,헥사 떡작 질문드려요
시작하고,1,4,1,5,1,0,0,0,0,3,기타,0.75,0.8127514184750242,1.762095093251627,뉴비입니다 메이플을 시작하고 해방퀘를 진행하는도중인데,복귀한지 하루차인데 패스 구매해도 상관없을까요?,큐브가 부족해요
전엔,1,4,1,5,1,0,0,0,0,3,기타,0.75,0.8127514184750242,1.762095093251627,복귀 뉴비인데 챌린저스에서 장신구 직작 해도 되나요?,헤카테:스틱스 바인드 질문,해외 사는분들 저같은 경우 있을까요? ㅠ
팟격,1,4,1,5,1,0,0,0,0,3,기타,0.75,0.8127514184750242,1.762095093251627,18아케인에서 스팩업 질문 있습니다,검마 솔격 문의용,헥환 7만 후반대인 분들은 거의 다 상위보스 3인격 가시나요?
헤어쿠폰,1,4,1,8,1,0,0,0,0,3,기타,0.75,0.8127514184750242,1.762095093251627,커믹 질문입니다!,프리스타일쿠폰 질문이요!!,마라벨 헤어쿠폰
기다렸다,1,14,0,14,10,1,1,0,1,1,아이템,0.7142857142857143,0.30136689859878224,1.762083445729096,선생님들이라면 이 예전 미해방 본캐 어케 처리하실건가요?,햄들 스펙업 조언좀 부탁드림다...,뉴비 챌린저스 서버 부캐(?) 질문
사실상,1,7,1,8,5,0,1,1,0,0,몬스터,0.14285714285714285,0.40255569543751213,1.7615042387836983,복귀메린이 유챔 세렌정도 잡을템셋 조언 부탁드립니다!,미트라 교체 타이밍 궁금합니다,복귀쌩뉴비 템 진로상담(사실상 황무지에서 재건) 질문
못하고,1,11,0,11,5,0,2,3,0,1,직업,0.2727272727272727,0.4152371217072874,1.758366067378634,솔 에르다 3개의 가치가 어느정도인가요?,1억 2천만 아란 엠블렘 조언 구합니다,선생님들 챌섭 일리움 검마 잡는데 3페이지 꿀팁 있나요?
얼마쯤,1,4,2,7,2,0,0,0,1,1,시세,0.25,0.643253964703226,1.7581851131221689,아케인 파이렛햇 봐주세요!!!,챌섭에서 전투력 1억이면 리프해서 본섭가면 전투력 얼마쯤 오르나요?,캐릭터 부캐릭을 본캐로 할 생각인뎁쇼
질문해요,1,4,2,6,2,0,0,0,1,1,시세,0.25,0.643253964703226,1.7581851131221689,mvp 질문해요!,해방무기 이대로 괜찮을까요??,대적자코인 질문해요
타임아웃,1,4,1,6,0,0,3,1,0,0,몬스터,0.75,0.8086832178248775,1.7581405761948885,렌인데 하드 메이린 최소컷 질문,"노말 세렌 여명 잘 넘기는 법 있나요,...?",환산4만4천 하드세렌 23%남기고 타임아웃... 여유컷은???
혼돈,1,4,1,6,0,0,3,1,0,0,몬스터,0.75,0.8086832178248775,1.7581405761948885,보마 카링1페 질문 있습니다,하드 카링 2인 파티배율 145% 빌드 궁금합니다,메이린 스페(혼돈)스킬 2개 까는거 가능한가요?
렌은,1,9,0,10,3,0,1,3,0,2,직업,0.3333333333333333,0.5267688959722558,1.7577576501563468,제네시스 코인 투자처 질문,대학생 유저 메이플 질문,펫물약설정질문
되나,1,7,1,8,4,0,0,1,0,2,직업,0.14285714285714285,0.3993067806407594,1.757423846679097,키바인드 변경 해도 되나,보조 무기 질문...,유챔등록하고 보스잡고 템팔면 되나요?
안녕하세여,1,7,1,8,4,0,0,1,0,2,직업,0.14285714285714285,0.3993067806407594,1.757423846679097,본캐 추천 부탁드리겠습니다....,챌섭 유입 메린이 템 진로 고민입니다 !!,안녕하세여 최근에 해방했는데요
적당할까요,1,5,0,5,1,0,0,0,4,0,시세,0.8,0.9613304308237887,1.757116185856832,복귀뉴비라서 아이템 가격 질문 드립니다,카레잠 + 카유에잠 사면 얼마정도 되나요?,카에유잠만 파려는데
아무리,1,12,0,13,5,1,1,3,0,2,직업,0.25,0.36994069453633566,1.7569142521056929,에테모자 에디에픽->레전 기대값 얼마인지 아시는분??,아버 이후 템세팅 질문...,뉴비 검마까지 방향성 조언좀....
상태고,1,12,0,12,8,1,0,1,0,2,퀘스트,0.08333333333333333,0.369343650258039,1.7561485579366962,챌섭 챌린저 질문,챌섭 챌린저 목표 템셋팅 관련 질문입니다.,대적자코인 사용처 질문
하라고,1,12,0,12,8,1,0,1,0,2,퀘스트,0.08333333333333333,0.369343650258039,1.7561485579366962,작을 새로 해주는게 나을까요?,챌섭 복귀 메린이 보조무기 질문,헥사 코어 3 때문에 벽에 막힌거 같습니다
사야,1,12,0,12,8,0,0,1,1,2,아이템,0.6666666666666666,0.36881297259639423,1.7554679772730688,아버 이후 템세팅 질문...,이번 유입 앞으로 템세팅 관해서 여쭤봅니다,복귀한지 하루차인데 패스 구매해도 상관없을까요?
보마 검마,2,4,3,9,1,0,0,1,0,2,직업,0.25,0.5406346522178842,1.7553870466326302,보마 검마 3페 사선 피하는 법 질문입니다.,보마 검마 깨주실분 구함,검마 템세팅좀 봐주실수있을까요
진득하게,1,6,0,6,2,0,0,3,0,1,직업,0.5,0.799537319195021,1.750868966512691,꼭 챌린저스나 하이퍼버닝으로 키워야 하나요 ?,메짱 친구들아 뉴비 템 견적 어디까지 됨..?,복귀유저 직업추천좀 해주세용
까요,1,5,1,6,4,0,1,0,0,0,몬스터,0.2,0.6174687789950676,1.7503805367491188,뉴비 50억으로 뭐해야 할 까요 ?,렌 하세 환산 118.7% 로 1초 남기고 잡게될 것 같은데...,제네 무기 관련 질문!
마9,1,5,1,8,4,0,1,0,0,0,몬스터,0.2,0.6174687789950676,1.7503805367491188,레테 무기 잠재 질문좀 드립니다!,보40 마9 9 로 봐도 될까요 잠재가 애매해요...,검마 제네패스로 120배율인데
줌서,1,5,1,6,4,0,1,0,0,0,몬스터,0.2,0.6174687789950676,1.7503805367491188,아흐... 펫장비 이전 줌서에 대한 글은 많은데...,뉴비 템 순서 질문드립니다,렌 템셋고민
메이린 잡을,2,3,2,5,0,0,2,0,0,1,몬스터,0.6666666666666666,0.8992468221458344,1.7503405224134037,환산주스탯 질문,돈 투자해서 하드 메이린 잡을만 한가요?,
보스 파티,2,3,2,5,0,0,2,0,0,1,몬스터,0.6666666666666666,0.8992468221458344,1.7503405224134037,보스 질문있습니다!,메이플 보스 파티 궁금한점,보스 파티로 하기 시작 해야하는 시점이언젠가요
연습중인데,1,3,2,5,0,0,2,0,0,1,몬스터,0.6666666666666666,0.8992468221458344,1.7503405224134037,검마 연습중인데 2페 권능 때 암흑 걸리면 무적 필수임?,카이 공략 질문,
하드 메이린 잡을,3,3,2,5,0,0,2,0,0,1,몬스터,0.6666666666666666,0.8992468221458344,1.7503405224134037,환산주스탯 질문,돈 투자해서 하드 메이린 잡을만 한가요?,
하드세렌 배율,2,3,2,5,0,0,2,0,0,1,몬스터,0.6666666666666666,0.8992468221458344,1.7503405224134037,환산4만4천 하드세렌 23%남기고 타임아웃... 여유컷은???,하드세렌 배율 110퍼 질문,하드세렌 배율 300퍼
남아서,1,13,0,13,7,1,2,2,0,1,몬스터,0.15384615384615385,0.326186273845751,1.7499408032138888,유뇬작이랑 링크작하려는데,보공 과다 질문,제네 플러스 코인 뭐돌릴까요?
안나오네요,1,8,0,8,4,0,0,0,0,4,기타,0.5,0.5913081818747175,1.748230723665672,무보엠 어떻게 해야할지 진로 좀 부탁드립니다..,환산주스탯 스펙업순서 질문드려용!!,챌섭 메린이 하메를 위한 템셋팅 조언 부탁드립니다!
유튜버,1,8,0,9,4,0,0,0,0,4,기타,0.5,0.5913081818747175,1.748230723665672,챌섭 유입 메린이 다음주 하드메이린 잡게 해주세요,메린이 컴퓨터 질문 드려도 되나요..?,환산주스탯 질문
오히려,1,9,0,9,2,0,1,3,0,3,직업,0.3333333333333333,0.5179017071054395,1.7475489217055997,뉴비 검마까지 방향성 조언좀....,카르시온 넘어왔는데 왜 사냥 메소가 줄었을까요?,오리진 패치이후 무조건 선오리진이 좋나요?
손해,1,12,0,14,7,0,0,2,1,2,직업,0.16666666666666666,0.3626308133423441,1.7475395145698684,솔 에르다 3개의 가치가 어느정도인가요?,선생님들 메린이 진로 추천 부탁드리겠습니다,템진로 고민과 조언이 필요합니다 .
회수,1,10,0,11,4,0,0,1,0,5,기타,0.5,0.457375399257183,1.7473167902857185,MVP작 할 때 질문,뉴비 검마까지 방향성 조언좀....,에디 레전천장 사용처 추천부탁드려요 + 도전자 대체셋 질문
뉴네임옥션,1,3,2,5,0,0,0,0,2,1,시세,0.6666666666666666,0.8957381007822361,1.7471068946863741,뉴네임옥션 B급 감성 닉네임 좀 봐주세요,뉴네임옥션 폰으로도 할 수있나용 .. ?,챌섭에서 생성한 닉은 못파나요?
댓글,1,17,0,17,9,1,1,2,1,3,직업,0.11764705882352941,0.20716225702465577,1.744573847451128,대장장이 고견 나눠주실 메짱엉아들?,뉴비가 모험미션 질문드리겠습니다!,조각 사용처 질문합니다 ! (스펙업 관련)
1표 투표,2,8,0,8,5,0,0,2,0,1,직업,0.25,0.5870556136051882,1.7435587999063673,대적자 코인 남는거 어디다 쓸까요..?,남은 대적자 큐브 사용처,복귀메린이 직업추천
1표 투표 종료되었습니다,3,8,0,8,5,0,0,2,0,1,직업,0.25,0.5870556136051882,1.7435587999063673,대적자 코인 남는거 어디다 쓸까요..?,남은 대적자 큐브 사용처,복귀메린이 직업추천
복귀했습니다,1,8,0,8,5,0,0,2,0,1,직업,0.25,0.5870556136051882,1.7435587999063673,선생님들 헥사환산 몇을 목표로 잡아야할까요?,유니온 계정 버리고 새로 키우는게 맞을까요 조언 부탁드립니다!,"메린이 남은 대적자 큐브, 코인 어떻게 쓰는게 좋을까요?"
바이퍼,1,5,2,8,1,0,0,1,0,3,직업,0.2,0.4618070397787734,1.7412271873926244,본캐를 올릴가요 버린 부캐를 살릴까요,진짜 진지해요 바이퍼 질문하나만 할게요 ㅜㅜ,카이저 바이퍼 둘중
에르다 조각,2,5,2,8,1,0,0,1,0,3,직업,0.2,0.4618070397787734,1.7412271873926244,썜들 메린이 챌린저 찍을 수 있게 진로부탁드립니다..,챌섭 솔 에르다 조각 파는게 맞나요?,헥사 코어 3 때문에 벽에 막힌거 같습니다
코강,1,5,2,9,1,0,0,1,0,3,직업,0.2,0.4618070397787734,1.7412271873926244,메쌤들 현실적으로 챌 달성 가능한지 상태좀 봐줄수있나요,메이린 배율관련 질문드립니다 저 진짜 정리 잘해놨어요 함만 봐주세요 ㅠㅠ,V메트릭스 코강 버그 관련
환산 사이트,2,5,2,8,1,0,0,1,0,3,직업,0.2,0.4618070397787734,1.7412271873926244,헥사 스탯 질문입니다,환산 사이트 보스 효율컷 관련 질문,"섀도어 템환 7만 후반, 헥환 7만 초반 템세팅 질문"
가격 많이,2,5,1,6,4,0,0,0,1,0,시세,0.2,0.6084202162288086,1.7405884292554252,도미 너무 비싼데 대체할만한거있나요?,크뎀장갑 질문,지금 장신구(여명) 가격이 많이 오른건가요..?
비싼편인가요,1,5,1,6,4,0,0,0,1,0,시세,0.2,0.6084202162288086,1.7405884292554252,렌 템셋 부탁드립니다 고수님들.,아케인22성 장갑 시세좀 알려주실분,미트라 이정도면 비싼건가요?
사려고하는데,1,5,1,6,4,0,0,0,1,0,시세,0.2,0.6084202162288086,1.7405884292554252,무보 잇는상태에서 유챔 템셋팅질문점여,챌섭 유입 스펙업 질문있습니다.,자석펫 질문!
팔아야할지,1,5,1,6,4,0,0,0,1,0,시세,0.2,0.6084202162288086,1.7405884292554252,챌섭 에테 장갑 어떻게 해야할지 모르겠어요....,법사 에테장갑 24성 시세가 얼마할까요?,뉴비 챌섭 레잠 사용처 및 미래 템세팅 조언 부탁드립니다
진행,1,11,0,11,3,1,2,0,0,5,몬스터,0.18181818181818182,0.4008967446042268,1.7405488181667026,3일차 뭐해야할지 모르겠어요 메쌤들 좀 도와주세요,메잘알 선배님들 질문,메이플 처음하는데 도와주실분..
하면서,1,14,0,14,9,1,0,1,1,2,퀘스트,0.07142857142857142,0.2854248797120301,1.7404975520029737,메린이 하드메이린 잡으려면 어떻게 세팅해야 할까요…,챌섭 유입 메린이 템 진로 고민입니다 !!,4여명 5칠흑으로 7~8만 될까요?
올렸는데,1,4,1,5,1,0,0,2,0,1,직업,0.5,0.7892817609838471,1.7392812822216017,형님 누님들 알려주세요 ㅠㅠ,안녕하세요 멍청한 메린이입니다..,갑자기 메소가 생겼는데 챌섭 뉴비 템세팅 질문입니다
직업별,1,4,1,5,1,0,0,2,0,1,직업,0.5,0.7892817609838471,1.7392812822216017,"울티마 스쿼트, 직업별로 가장 좋은 능력치는?",제논 해방 후에 4해적에테+5도적에테 이런식으로 가능함?,플래닛에서 처음 본메 넘어가는 뉴비 직업질문좀 드립니다!
잡아주실분,1,5,2,7,3,0,1,1,0,0,몬스터,0.2,0.45990316530466385,1.7389593928715334,살짝 과부화 오는데 방향성 한번만 잡아주실분..?,템셋 방향좀 잡아주실분 계신가요??,이지윌 전투력 1166만이면잡나요?
고수분들,1,7,1,8,3,0,0,1,0,3,직업,0.14285714285714285,0.3843422015416294,1.7386294632542671,메린이 익스우 템세팅 질문,"이터널 플레임 링, 테네브리스 원정대 반지, 어웨이크 링 3개 있는데",뉴비 콜 280억으로 세팅좀 해주실분 ㅠㅠ 메이린 잡고싶어요
드랍률,1,4,2,8,1,0,1,0,0,2,몬스터,0.25,0.6238125233884629,1.7373839141404714,메린이 드메탬사야할까요?,솔에르다 드랍률 상향이면 조각도 포함인가요?,민생 드랍률 제가 아는게 맞나요?
엄두,1,7,0,7,2,0,2,0,0,3,몬스터,0.2857142857142857,0.6706890177376077,1.7370500733559306,뉴비 콜 280억으로 세팅좀 해주실분 ㅠㅠ 메이린 잡고싶어요,챌섭 뉴비 한번만 도와주십쇼 선생님들ㅠ,메이플 파티플 질문
한다고,1,7,0,7,2,0,2,0,0,3,몬스터,0.2857142857142857,0.6706890177376077,1.7370500733559306,250 달성의 비약 질문드려요,이거 챌섭 오버방무 아님?,챌섭 챌린저 목표 겸
동안,1,7,1,8,3,0,1,1,0,2,몬스터,0.14285714285714285,0.381310053092336,1.734821313343767,지금 복귀타이밍 너무 늦지 않았나..,지금 284인데 챌섭기간 동안 290가능함?,240억 정도 써서 보조를 살지 아님 칠흑 4셋을 할지 고민입니다
1인,1,5,2,7,0,1,1,0,0,3,퀘스트,0.2,0.4563577242661534,1.7347362511301403,이칼적 1인 vs 노칼적 2인 차이가 뭔가요,메이플 뉴비 ai한태 챌썹 물어봤는데 맞나요?,하드 세렌2인 or 노세 1인
안되네요,1,10,0,10,4,1,0,0,0,5,퀘스트,0.1,0.4465325900106783,1.7343168297676945,메 m 이거 차이가 뭔가요,뉴비가 모험미션 질문드리겠습니다!,메이플 좀 켜두면 생기는 잔렉? 프레임드랍? 해결방법 있을까요..
챌섭에서,1,11,0,11,7,0,1,0,0,3,아이템,0.6363636363636364,0.39332124292221105,1.731136610914142,하트 업그레이드 모듈 질문있습니다,선생님들이라면 이 예전 미해방 본캐 어케 처리하실건가요?,형님들 리프 언제 해야하나요?
3석펫,1,7,0,8,2,0,0,0,2,3,시세,0.2857142857142857,0.6622106652999905,1.728234954224039,루나 크리스탈 키 평소 시세가 10억 쯤 될까요?,5석펫 사냥 팁이 있나요,챌섭자석펫 본섭리프시키는방법 가능한지?
하고있,1,7,0,7,2,0,0,0,2,3,시세,0.2857142857142857,0.6622106652999905,1.728234954224039,자석펫 밎추기 vs 드메풀 맞추기,본캐 육성 관련 질문,요즘은 경뿌 고확으로 안하고 다르게 하나요?
렌인데,1,5,2,7,3,0,0,1,1,0,시세,0.2,0.45044466760420887,1.727692930951624,렌인데 보조랑 엠블렘 중 뭘 먼저 바꿔야할까요?,렌인데 하드 메이린 최소컷 질문,뉴비 쌍레 데브펜 시세 질문
해적,1,5,2,9,3,0,0,1,1,0,시세,0.2,0.45044466760420887,1.727692930951624,유챔 세렌 질문,아케인 해적 장갑 크크올 올이탈 시세좀 알려주실분...,잠재전승 질문드립니다.
17성을,1,6,0,7,5,0,0,0,0,1,아이템,0.8333333333333334,0.775574796284227,1.7275545082481487,장문)챌섭에서 본캐 레테하고 있는 유저인데 템셋팅 고민입니다.,18성 앱솔(크뎀 장갑) vs 흙케인,챌썹 본케 쌩뉴비 입니다! 선생님들 조언 구합니다!
22성을,1,6,0,6,5,0,0,0,0,1,아이템,0.8333333333333334,0.775574796284227,1.7275545082481487,에테 스타포스 할만한지 아니면 사먹는게 나은지 궁금합니다.,메이플 대장장이 컨텐츠질문!,이지 대적자가 안잡혀서 다음 템세팅 조언좀요..
2마리,1,6,0,6,5,0,0,0,0,1,아이템,0.8333333333333334,0.775574796284227,1.7275545082481487,무자본 하드메이린 방향 추천 부탁드립니다.,프악공 프펫공 질문드립니다,프펫공작
40퍼,1,6,0,7,5,0,0,0,0,1,아이템,0.8333333333333334,0.775574796284227,1.7275545082481487,미트라 고민,뉴비 미트라 잠재 뭐 선택해야할까요,챌섭 방무 질문
50억정도,1,6,0,6,5,0,0,0,0,1,아이템,0.8333333333333334,0.775574796284227,1.7275545082481487,챌섭 스펙업 뭐부터해야할까요?,하드 메이린 잡고 싶은데 스펙업 방향을 알려주세요!,환산 5.6 나워 스펙업 순서 질문
가격대,1,6,0,6,5,0,0,0,0,1,아이템,0.8333333333333334,0.775574796284227,1.7275545082481487,환산 7~8만대 미트라 옵션 추천 좀 해주십쇼,보조가격 봐주실수있나영,4주차 뉴비 앞으로 진로방향좀 가르쳐주세요!
것들,1,6,0,7,5,0,0,0,0,1,아이템,0.8333333333333334,0.775574796284227,1.7275545082481487,고수 형님들 미라클 질문 있습니다.,메린이 챌린저 목표로 방향성 질문 드립니다.,어제 시작했는데 메포로 스킵권? 같은거 해야하나요 ?
구매하고,1,6,0,6,5,0,0,0,0,1,아이템,0.8333333333333334,0.775574796284227,1.7275545082481487,헥환은 오르고 전투력은 떨어지는데 괜찮나요,경매장 관련 질문,모험가 22성 나오면 18둘둘로 하드 메이린 가능할까요?
다른 부위,2,6,0,6,5,0,0,0,0,1,아이템,0.8333333333333334,0.775574796284227,1.7275545082481487,진로 고민 도와주세요,뉴비 미트라 질문,노칼 딜배율 200% 목표 / 18에테 교체 순서 및 칠흑·엠블 문의
답변해주시면 감사하겠습니다,2,6,0,6,5,0,0,0,0,1,아이템,0.8333333333333334,0.775574796284227,1.7275545082481487,메이플 쌩뉴비 질문드려요...,아케인 파이렛햇 봐주세요!!!,미라클때 메소로는 등업이 2배가 아닌가요?
메소 없어서,2,6,0,6,5,0,0,0,0,1,아이템,0.8333333333333334,0.775574796284227,1.7275545082481487,메이플 처음하는데 도와주실분..,카르마 에디 유니크 천장 어디에 쓸까요,메짱 성님들 챌섭 제네 진로점영
목표 익스우,2,6,0,6,5,0,0,0,0,1,아이템,0.8333333333333334,0.775574796284227,1.7275545082481487,제네무기 추옵이랑 에디 건드려야할까요 ?,"익스우, 노흉 목표 템 진로 질문좀요",성장 방향 조언 부탁드려요
목표 챌섭,2,6,0,6,5,0,0,0,0,1,아이템,0.8333333333333334,0.775574796284227,1.7275545082481487,메린이 70억 메소 어캐쓸까요?,메청소년 진로 도움!!!!,뉴비 아이템 셋팅 질문 두개만 부탁드립니다.
박는게,1,6,0,6,5,0,0,0,0,1,아이템,0.8333333333333334,0.775574796284227,1.7275545082481487,사우나 어디에 쓰는게낫나요?,제네패스 윗잠 아랫잠 우선순위 질문,메쌤들 질문점
샀습니다,1,6,0,6,5,0,0,0,0,1,아이템,0.8333333333333334,0.775574796284227,1.7275545082481487,120억에 샀는데 ㄱㅊ은가요??,챌섭 유입 질문 한개 해도 되겠습니까,다음 스펙업 뭐가좋을까요?
생각이에요,1,6,0,6,5,0,0,0,0,1,아이템,0.8333333333333334,0.775574796284227,1.7275545082481487,챌섭 아케인 쌍크 장갑 팔아야되나요 ? 메린이 템세팅 방향성 한번 잡아주시면 감사하겠습니다.,카룻을 갈까요 에테를 갈까요?,데브펜 18성 쌍레
시키고,1,6,0,6,5,0,0,0,0,1,아이템,0.8333333333333334,0.775574796284227,1.7275545082481487,메린이 에디 레전 천장 어떻게 하는게 좋을까요,버닝 비욘드 캐릭을 리프시키면 다른 캐릭터에게 가능할까요?,플라즈마 하트 변환 질문이요!
쓰던,1,6,0,6,5,0,0,0,0,1,아이템,0.8333333333333334,0.775574796284227,1.7275545082481487,플하 터짐 ㅠㅠ,데브펜 18성 쌍레,프펫공작 하드메이린 기준 필수인가여?
있는 메린이입니다,2,6,0,6,5,0,0,0,0,1,아이템,0.8333333333333334,0.775574796284227,1.7275545082481487,안녕하세요 메린이인데 질문있습니다.,안녕하세요 선생님들 템 진로 고견좀 여쭙습니다,메린이 챌섭 미라클 타임 문의
전부 18성,2,6,0,6,5,0,0,0,0,1,아이템,0.8333333333333334,0.775574796284227,1.7275545082481487,챌섭 뉴비 하드메이린 잡고싶은데 스펙업 질문,아버 하버 다 놓친 후발대인데..,환산 5.6 나워 스펙업 순서 질문
전자,1,6,0,7,5,0,0,0,0,1,아이템,0.8333333333333334,0.775574796284227,1.7275545082481487,22성 에테 뚝배기 공6리턴 완작 질문드립니다,레테 제네무기,제네무기 공1추 vs 공2추 보공 12퍼
조언해주시면,1,6,0,6,5,0,0,0,0,1,아이템,0.8333333333333334,0.775574796284227,1.7275545082481487,복귀 중고뉴비 대적자 코인 뭐에 써야할까요?,챌린저스 서버 캐릭터 육성 질문,보공 비율이 너무 높은거 같아 고민입니다..
천장까지,1,6,0,6,5,0,0,0,0,1,아이템,0.8333333333333334,0.775574796284227,1.7275545082481487,메린이 에디 레전 천장 어떻게 하는게 좋을까요,대적자코인 사용처 질문,에디 레전 천장 관련 질문
패스 전부,2,6,0,6,5,0,0,0,0,1,아이템,0.8333333333333334,0.775574796284227,1.7275545082481487,뉴비) 첫 해방 무기 세팅 방법 좀 알 수 잇을까요?!,챌섭 지금부터 시작하면,메린이 첫 해방했는데 무지 에디 어떻게 할까요
필요한,1,6,0,6,5,0,0,0,0,1,아이템,0.8333333333333334,0.775574796284227,1.7275545082481487,보공 과다 질문,소과금 익스우 솔플 목표로 템세팅 질문이여,챌섭 챌린저 목표 겸
해놓고,1,6,0,6,5,0,0,0,0,1,아이템,0.8333333333333334,0.775574796284227,1.7275545082481487,뉴비 50억으로 뭐해야 할 까요 ?,메이플 그래픽설정 의견주시면 감사하겠습니다.,쀼부캐 골클벨 17성 깡통을 사야하나요 15or18퍼 사야하나요?
했을,1,6,0,7,5,0,0,0,0,1,아이템,0.8333333333333334,0.775574796284227,1.7275545082481487,혹시 미라클때 올릴만한게 있을까여,아이템 드롭율,챌섭 챌린저 목표 겸
좋아해서,1,5,0,5,0,0,0,4,0,1,직업,0.8,0.9268423379713244,1.7262190023848223,본섭에 유니온 만들려는데 고민상담좀 해주십쇼..,저 혹시 추천직업이나 서버있나요?,블래스터 매그팡도 안됨
받으면,1,12,0,12,5,0,1,2,2,2,시세,0.16666666666666666,0.345803811635993,1.7259593109625135,팔라딘 파티배율 시너지 잘 아시는분,보조무기 추천,컴퓨터 질문
다름 아니라,2,8,0,8,4,0,0,2,0,2,직업,0.25,0.5707208543046036,1.7256132326063092,본캐 추천 부탁드리겠습니다....,헥환 4.5 이후 템셋팅 질문.,안녕하세요 메린이인데 질문있습니다.
만큼,1,10,0,10,6,1,2,0,0,1,몬스터,0.2,0.4388738514016222,1.7251344032145675,메잘알 선배님들 질문,챌린저스 서버 캐릭터 육성 질문,질문) 제네패스 플러스
챌섭 패스,2,4,3,8,0,0,0,1,0,3,직업,0.25,0.5135616622643238,1.7245402940883583,챌섭 패스 질문,챌린저 노릴 수 있을까요,챌섭 패스만 다 사고 무과금으로
100퍼,1,7,0,8,3,0,0,0,0,4,기타,0.5714285714285714,0.6585992089000233,1.7244800479920102,카르시온 넘어왔는데 왜 사냥 메소가 줄었을까요?,챌린저스서버 질문드립니다.,하메 질문
없지,1,7,0,7,3,0,0,0,0,4,기타,0.5714285714285714,0.6585992089000233,1.7244800479920102,꼭 챌린저스나 하이퍼버닝으로 키워야 하나요 ?,뉴비 내일 이면 제네무기 얻는데 에디셔널 문의,메린이 챌린저 이후 진로봐주실분..
미트라 엠블,2,3,3,8,2,0,0,0,1,0,시세,0.3333333333333333,0.7565438560021889,1.7239054951352624,미트라 엠블 잡레 관세 합해서 70억 사도될까요?,미트라 엠블 질문,
썬콜 보조,2,3,3,6,2,0,0,0,1,0,시세,0.3333333333333333,0.7565438560021889,1.7239054951352624,썬콜 보조 2줄 20억후반인데 어떰?,썬콜 보조 윗잠 질문드립니다,
아델 보조,2,3,3,7,2,0,0,0,1,0,시세,0.3333333333333333,0.7565438560021889,1.7239054951352624,복귀유저 아델 보조 가격 질문,아델 보조 윗잠 이렇게 떴는데 얼마정도 할까요,아델 보조 시세 질문
남으면,1,5,1,6,3,0,1,0,0,1,몬스터,0.2,0.592164553438232,1.7229969949538246,스펙업 질문!,보마 하드메이린 연모배율 103.6퍼에 어센트 2번봤는데 3.8퍼 남으면 최종뎀 얼마나 올려야할까요???,"레테 추옵, 잠재 이상태면 대적자코인 어디에 쓰는게 좋을까요?"
박았는데,1,5,1,6,3,0,1,0,0,1,몬스터,0.2,0.592164553438232,1.7229969949538246,제네패스 코인 사용 질문,해방무기 옵션 질문입니다.,챌섭뉴비 과금 질문
충분할까요,1,5,1,6,3,0,1,0,0,1,몬스터,0.2,0.592164553438232,1.7229969949538246,보공 비율이 너무 높은거 같아 고민입니다..,제네 패스 지금사도 될까요?,하드메이린 템셋 질문좀요!
차이 많이,2,7,1,8,2,0,1,1,0,3,몬스터,0.14285714285714285,0.3715065702332978,1.722508877789718,도전자 vs 17에테 7셋,제논 리레 3렙 4렙 차이 큰가요??,작을 새로 해주는게 나을까요?
재밌게,1,11,0,11,7,1,0,1,0,2,퀘스트,0.09090909090909091,0.3850338299325961,1.7208398870904253,본캐를 올릴가요 버린 부캐를 살릴까요,안녕하세요 선생님들 템 진로 고견좀 여쭙습니다,[질문] 복귀 유저 아버 이후 에테르넬 17성 풀셋 질문
명의당,1,7,0,7,0,0,0,1,0,6,기타,0.8571428571428571,0.6545018725454543,1.7202199622790473,캐릭터 삭제,원래 명의이전을 해도 하버맥스 갱신이 안되나요?,메린이 하이퍼버닝 질문있습니다!
풀로,1,7,0,7,0,0,0,1,0,6,기타,0.8571428571428571,0.6545018725454543,1.7202199622790473,솔 에르다 기운 어떻게 처리해야할까요,전투력 질문좀요,컴알못 질문드려도 될까요... (부품 교체)
모르겠는데,1,10,0,10,7,0,0,0,1,2,아이템,0.7,0.4345479292237738,1.7199478490441893,메이플 및 배경화면 글자 깨짐,메짱 친구들아 뉴비 템 견적 어디까지 됨..?,이거 돌리다가 떳는데 어케해야하나요?
5렙,1,7,1,9,3,1,1,1,0,1,퀘스트,0.14285714285714285,0.36919573957687224,1.719606648659248,울티마 공2줄 4렙 장비 vs 공1줄 5렙 장비,울티마 3-1 뺑뺑이가 나을까요,8일만 더 일퀘하면 심볼 만렙인데
보조나,1,8,0,8,7,1,0,0,0,0,퀘스트,0.125,0.5642326745543267,1.7184852386015674,하드 메이린 배율 좀 올려서 도전하고 싶은데,챌섭 보마 무보엠 적당한지,메짱 성님들 챌섭 제네 진로점영
죄송합니다,1,9,0,9,5,1,0,0,0,3,퀘스트,0.1111111111111111,0.492477875441112,1.7182786538070647,뉴비가 모험미션 질문드리겠습니다!,챌린저스 서버 저번주에 알아서 이제 시작하는데 제네시스 무기 해방 될까요??ㅜㅜ,이번 유입 메린이 제네무기 에디 미라클때 돌려야할까요
레테 헥사,2,3,2,5,0,0,0,2,0,1,직업,0.6666666666666666,0.8636590603278556,1.717542941348281,레테 헥사 스텟 두 번째꺼 열었는데요 초기화 해야할까요??,챌섭 뉴비 2가지 질문 (대적자+헥사순서),레테 헥사 스텟
할수있나요,1,3,2,5,0,0,0,2,0,1,직업,0.6666666666666666,0.8636590603278556,1.717542941348281,경매장 물품수령 질문드려요,형님들 주보돌이? 그거 같은캐릭으로 만들어도 할수있나요?,지금 첼섭 시작해도 첼린저도 할수있나요?
항상,1,11,0,11,3,0,1,1,0,6,기타,0.5454545454545454,0.3820829535578401,1.7171735609272585,솔 에르다 기운 어떻게 처리해야할까요,패치오류 도와주세요.,PC방 자석펫 질문
도적,1,4,2,8,3,0,0,1,0,0,직업,0.25,0.6043529668950975,1.716563332982906,유챔 세렌 질문,유챔 직업군별로 만들어야하나요??,미트라 도적 시세 질문입니다
보조 무기,2,4,2,7,3,0,0,1,0,0,직업,0.25,0.6043529668950975,1.716563332982906,보조 무기 질문...,무보엠 에디천장 어디쓰는게 제일 낫나요??,교불 보조 무기 얻는 법 있을까요?
공10,1,7,1,11,5,0,1,0,1,0,몬스터,0.14285714285714285,0.36536749374838845,1.7147986604446506,데이브 유니크19성요즘시세얼마하나요?,얼굴장식 토드,카루타 11성 9퍼 공10 둘둘
여쭙습니다,1,5,1,6,3,0,0,0,1,1,시세,0.2,0.582921737585396,1.7129946720752267,안녕하세요 선생님들 템 진로 고견좀 여쭙습니다,[사전월드리프] 여러 서버로 이동 불가 관련 문구 문제,법사 에테모자 에디3줄 시세 질문드립니다
나오네요,1,12,0,12,3,0,1,2,0,6,직업,0.16666666666666666,0.335682464993348,1.7129789401786648,메린이 익스우 템세팅 질문,보스방 드랍율이랑 일반 맵 드랍율이 다른가요?,노적자 노칼 목표 스펙업 방향부탁드립니당..
단순,1,6,0,6,0,0,0,3,0,3,직업,0.5,0.7600351533379034,1.7124351337871755,동전꼽기가 운영정책 위반인지 여부,메이플 키패드 + 키보드 정지임?,메이플 결혼 하는 방법 있나요?
키우면,1,6,0,6,0,0,0,3,0,3,직업,0.5,0.7600351533379034,1.7124351337871755,님들 링크 3렙 찬란한영웅의 증거 질문 있습니다,복귀를 해볼까 하는데요! 조언 좀 부탁드리겠습니다ㅎㅎ,유챔 질문
스크롤,1,6,1,8,4,0,0,1,0,1,직업,0.16666666666666666,0.45691068861009043,1.7122712843712418,미트라의 분노 잠재 스크롤 안됌,메린이 질문(주문서작),모험가 자전
약간,1,6,1,7,4,0,0,1,0,1,직업,0.16666666666666666,0.45691068861009043,1.7122712843712418,형님들 드메템 vs 보스용장비 뭐 먼저맞추는게좋을까요?,렌이냐 제논이냐 그것이 문제로다..,뉴비 레테 레전 똥블렘 그냥 쓰면될까요?
할지 고민입니다,2,6,1,7,4,0,0,1,0,1,직업,0.16666666666666666,0.45691068861009043,1.7122712843712418,성장 방향 조언 부탁드려요,메린이 챌섭 무보엠 세팅 질문있습니다,240억 정도 써서 보조를 살지 아님 칠흑 4셋을 할지 고민입니다
행님들,1,6,1,7,4,0,0,1,0,1,직업,0.16666666666666666,0.45691068861009043,1.7122712843712418,메린이 해방무기 에디 돌리는게 좋을까여,레전 잠재 2장 질문있습니다,캐릭터 발쪽에 양쪽으로 불꽃튀는 이펙트 어떻게끄나요?
주시면 감사하겠습니다,2,10,0,10,7,0,1,0,0,2,아이템,0.7,0.42812602653353676,1.7122483239925441,와헌 템셋팅 질문 드립니다.,[뉴비] 메짱이형님들 템진로 조언 부탁드립니다,복귀뉴비
안들어서,1,9,0,9,1,0,0,2,0,6,직업,0.2222222222222222,0.48631125952137483,1.7111790748615612,메린이 본캐 고민,하이퍼버닝 캐릭 삭제 고민,겨울에도 재네패스 하나요?
점프,1,4,1,9,0,0,0,2,0,2,직업,0.5,0.7600351533379034,1.7108519546800867,보마 검마 3페 사선 피하는 법 질문입니다.,점프 한번만 눌렀는데 두번 눌리는 버그,마법사 아닌데 텔 쓰는 직업 누구 있나요??
챌린저 찍을,2,4,1,6,0,0,0,2,0,2,직업,0.5,0.7600351533379034,1.7108519546800867,챌섭 사냥 질문,썜들 메린이 챌린저 찍을 수 있게 진로부탁드립니다..,레잠 어따 쓰는 게 좋을까요?
테라,1,4,1,6,0,0,0,2,0,2,직업,0.5,0.7600351533379034,1.7108519546800867,유뇬작이랑 링크작하려는데,버닝 비욘드 캐릭을 리프시키면 다른 캐릭터에게 가능할까요?,안녕하세요 어웨이크 이후 거의 6년만에 복귀하는 메린이입니다
도와주실분,1,3,3,6,1,0,0,0,0,2,기타,0.6666666666666666,0.7431724270758142,1.7107825208780463,메이플 처음하는데 도와주실분..,렉 끊김현상 도와주실분..,아버 녹은 렌 템세팅 도와주실분 계신지..
스펙터블래스트,1,3,3,7,1,0,0,0,0,2,기타,0.6666666666666666,0.7431724270758142,1.7107825208780463,스펙터블래스트 챌섭끝날때까지있으려나요?,스펙터블래스트 보상질문이요,스펙터블래스트 경험치 보상 관련
울티마스쿼드,1,3,3,6,1,0,0,0,0,2,기타,0.6666666666666666,0.7431724270758142,1.7107825208780463,울티마스쿼드 궁수 잠재질문좀..,울티마스쿼드 43렙 어디서 자동사냥해요?,울티마스쿼드 옵션이 너무 헷갈려요.. 한번만 봐주세요
질문이여,1,3,3,6,1,0,0,0,0,2,기타,0.6666666666666666,0.7431724270758142,1.7107825208780463,소과금 익스우 솔플 목표로 템세팅 질문이여,"펫 HP, MP 물약충전 스킬 질문이여 급함 !!",메린이 질문이여
챌섭 리프할때,2,3,3,6,1,0,0,0,0,2,기타,0.6666666666666666,0.7431724270758142,1.7107825208780463,챌섭에서 리프할때 템,챌섭 리프할때 보상 어떻게 하나요?,챌섭 리프할때 한캐릭만 먼저 보낼수 있나요?
택배,1,3,3,9,1,0,0,0,0,2,기타,0.6666666666666666,0.7431724270758142,1.7107825208780463,택배 배송중,메이플 일반 택배가 12시간이 지났는데도 도착 안할 수 있나요?,
하드메이린 목표 템셋,3,3,3,6,1,0,0,0,0,2,기타,0.6666666666666666,0.7431724270758142,1.7107825208780463,메린이 하드메이린 목표 템셋 봐주시면 감사하겠습니다!,하드메이린 목표 템셋 좀 봐주세요 ㅠㅠ,하드메이린 목표 - 템셋 어캐해야할까요 ...?
챌섭 검마,2,4,2,6,0,0,1,0,0,3,몬스터,0.25,0.5979965555555169,1.7097623466288887,챌섭 검마 기운먹자 시세가 어떻게되나요?,검마 팁좀,검마 결정석이 없습니다.
같던데,1,10,0,10,3,0,1,3,1,2,직업,0.3,0.4254506946885667,1.7090407412004338,레테 헥사 스텟 두 번째꺼 열었는데요 초기화 해야할까요??,드드 드메 템 맞출라고 하는데,데티무기 아직도 전투복끼면 코디로 못쓰죠?
까진,1,8,0,8,3,0,0,2,0,3,직업,0.25,0.5552705120361406,1.7086392967260475,아버 하버 다 놓친 후발대인데..,mvp 레드만 유지하고 블랙으로 가긴 싫은데 질문있습니다,285찍으면 사냥 안해도 될까요?
했던,1,8,0,8,3,0,0,2,0,3,직업,0.25,0.5552705120361406,1.7086392967260475,메린이 서버 고민입니다,복귀유저 질문드립니다!,복귀유저 직업 네개중에 뭐가 괜춘할까요?
주세요,1,5,2,7,1,0,1,1,0,2,몬스터,0.2,0.4323800445347752,1.706175307925771,세렌 여명 팁 좀 주세요 . . .,안녕하세요 시즌4 복귀 유저 본섭 카데나 세팅 조언 주실 분,챌섭 뉴비 세렌 질문 드려요
검마 3페,2,3,3,6,0,0,2,1,0,0,몬스터,0.6666666666666666,0.7380797011212323,1.7057844229209003,보마 검마 3페 사선 피하는 법 질문입니다.,검마 3페 질문,검마 3페 질문입니다
이칼,1,7,1,9,1,1,1,1,0,3,퀘스트,0.14285714285714285,0.35622821357573464,1.7033204134018196,"검마2인 스펙, 챌2 구하는 법 알려주실분",형들 챌섭 챌린저 기준,헥환5만 다음 아이템 변경 어떻게 가면 좋을까요?
맞나,1,11,0,11,5,0,0,2,1,3,직업,0.18181818181818182,0.37074535312717666,1.7030871215758612,유니온 계정 버리고 새로 키우는게 맞을까요 조언 부탁드립니다!,자전 질문,메제 채우고 계속 사냥하실때 재획비 드시나요?
키네시스,1,9,0,14,3,1,0,3,0,2,직업,0.3333333333333333,0.4789280589156383,1.7026788510348845,285찍고 링크스킬 추출해서 키네캐릭으로 배우려고하는데요.,메린이 템셋 조언 부탁드립니다.,메린이 제네시스 무기 질문해봅니다
메청년,1,4,2,6,2,0,0,0,0,2,기타,0.5,0.5913081818747175,1.7026061800903198,서버이동 질문입니다 선배님들 도와주세요,메청년 되고싶은데 도와주세요,잠재 21퍼 27퍼 관련 문의
서큘레이터,1,4,2,7,2,0,0,0,0,2,기타,0.5,0.5913081818747175,1.7026061800903198,어빌 카오스 서큘레이터 질문이요,코인 4500개 남았는데 이벤링레전주문서 사야되나요,블랙 서큘레이터
안나는데,1,4,2,6,2,0,0,0,0,2,기타,0.5,0.5913081818747175,1.7026061800903198,몬파 핸즈 몬스터 원킬컷 안나는데 상관있나요?,피방이랑 집이랑 추가 경험치가 차이가 안나는데 왜 그런지를 모르겠음,데아시두스 vs 에스텔라
영구,1,4,2,6,2,0,0,0,0,2,기타,0.5,0.5913081818747175,1.7026061800903198,자석펫 밎추기 vs 드메풀 맞추기,자석펫 4마리면 루팅범위 늘어나나요?,챌섭에서 퍼레이드 영구 자석펫 어떻게 수령하나요?
원킬,1,4,2,8,2,0,0,0,0,2,기타,0.5,0.5913081818747175,1.7026061800903198,복귀 뉴비 진짜 망했어요,밑에 메린이 컴퓨터 질문한 사람입니다!,[챌섭]혹시 무교 드메템 맞추면 원킬이 안뜨나요?
할려는데,1,4,2,6,2,0,0,0,0,2,기타,0.5,0.5913081818747175,1.7026061800903198,울티마 카오스 2-3 뻉뻉이 해도됨?,메린이 템셋팅질문,검밑솔 돌이 정도로만 할려는데 스펙을 어느정도 잡아야하나요
할만한,1,4,2,6,2,0,0,0,0,2,기타,0.5,0.5913081818747175,1.7026061800903198,챌섭말고 레벨업 빠르게 할만한 방법 있음?,해방무기 추옵 질문있습니다,자석펫 없이 할만한 사냥터 없을까요ㅠ
헤어 성형,2,4,2,7,2,0,0,0,0,2,기타,0.5,0.5913081818747175,1.7026061800903198,"레테 기본 헤어,성형 캐시샵에 안파나요??","저장하지 않은 기본 성형,헤어 복구받을 수 있을까요?",메이린 헤어/성형 쿠폰
이벤트링 잠재,2,4,1,5,3,1,0,0,0,0,퀘스트,0.25,0.7513183925402815,1.7023787788910647,성님들 하드 메이린 목표하는 메린이 봐주십시오.,사냥할 때 컨티뉴어스 링 계속 끼면 돼요?,이벤트링 잠재 옵 등급 유지한채로 옵션 돌리는 법 있을까요?
그게,1,13,0,13,4,0,1,1,1,6,기타,0.46153846153846156,0.28999268036867903,1.7021823191384977,지난주에 챌섭 시작한 뉴비인데 제네시스 패스 사도 되나요?,5석펫 사냥 팁이 있나요,여명 놀긍작 질문있습니다.
레전드,1,8,0,8,6,1,0,0,0,1,퀘스트,0.125,0.5489625325847657,1.7017092729841008,초저자본 메린이 첫 제네시스 잠재 질문,챌린저 하고 싶은데 여기서 무보엠 바꿔주면 되나요?,아케인 파이렛햇 봐주세요!!!
해야할,1,8,0,8,6,1,0,0,0,1,퀘스트,0.125,0.5489625325847657,1.7017092729841008,이후 스펙업 질문,뉴비 해방이후 스펙업 방향성 검토 부탁드리겠습니다,뉴비 100억 메소 살 예정인데
하이마운틴,1,7,0,10,0,2,0,1,0,4,퀘스트,0.2857142857142857,0.6361085957367535,1.7010960903372327,에픽던전 본캐랑 285작 누구 위주로 해야할까요?,에픽던전 앵글러랑 악몽선경 어떻게 여나요,에픽 던전 질문드립니다!
이용해서,1,9,0,10,7,0,0,0,1,1,아이템,0.7777777777777778,0.4774290828276949,1.7009530910374577,루나 크리스탈 키 평소 시세가 10억 쯤 될까요?,복귀 유저 방어구 세팅 질문있습니다,뉴비 챌린저스 서버 부캐(?) 질문
차라리,1,9,0,9,7,0,0,0,1,1,아이템,0.7777777777777778,0.4774290828276949,1.7009530910374577,메린이) 시그너스 광휘 쌍레 4줄 시세 챌섭전에 얼마정도였나요?,도미펜 직작하는거 어떻게 생각하시나요?,메린이 보조 바꿀려고 45억 모았는데 어떻게 할까요 ㅜㅜ
거기,1,7,0,7,5,0,0,0,0,2,아이템,0.7142857142857143,0.6334194966998262,1.698300178213694,대장장이 고견 나눠주실 메짱엉아들?,플라즈마 하트 변환 질문이요!,카레잠을 팔아서 보조를 사야할까요??
구매했습니다,1,7,0,7,5,0,0,0,0,2,아이템,0.7142857142857143,0.6334194966998262,1.698300178213694,지금 노버닝 276인데,이번챌섭 유입 렌 하메 120퍼 만들고싶어요,메린이 하드 메이린 템셋 질문있습니다
급하게,1,7,0,8,5,0,0,0,0,2,아이템,0.7142857142857143,0.6334194966998262,1.698300178213694,실수로 어빌리티 잘못돌려버렸어요..,레테유입 이제뭐함?,챌섭 복귀유저 렌 스펙업 훈수 부탁드립니다.
돌려,1,7,0,7,5,0,0,0,0,2,아이템,0.7142857142857143,0.6334194966998262,1.698300178213694,울티마 카오스 지역 사냥 질문,뉴비 내일 이면 제네무기 얻는데 에디셔널 문의,무기 2추옵+18%인데 더돌려야하나요?
목표 일단,2,7,0,7,5,0,0,0,0,2,아이템,0.7142857142857143,0.6334194966998262,1.698300178213694,헥환8만목표(노흉~노카 보스 솔격 )입니다.,이렇게 템셋해도 괜찮을까요?,뉴비 본캐 레테 보조와 템셋팅..
얘네,1,7,0,8,5,0,0,0,0,2,아이템,0.7142857142857143,0.6334194966998262,1.698300178213694,익스우 솔플 템셋하려면 다 갈아엎어야하져?,카르마 블랙큐브 화이트큐브 사용처,환산 8~9만대 목표로 하고 있습니다.
예정이라,1,7,0,7,5,0,0,0,0,2,아이템,0.7142857142857143,0.6334194966998262,1.698300178213694,대학생 유저 메이플 질문,250물약 사용처 질문,아버 하버 다 놓친 후발대인데..
이야기,1,7,0,7,5,0,0,0,0,2,아이템,0.7142857142857143,0.6334194966998262,1.698300178213694,크주잡 에테 스타포스 어디까지 올려야할까요?,메린이 제네 패스 질문,챌 유입 제논 템셋팅 및 템업글 직작 조언 부탁드림다!
임시,1,7,0,7,5,0,0,0,0,2,아이템,0.7142857142857143,0.6334194966998262,1.698300178213694,메이린 스펙업 질문입니다,챌섭 유입 질문드립니다.,불독 템 셋팅 나름대로 생각해봤는데 어떤가요?
있으니,1,7,0,7,5,0,0,0,0,2,아이템,0.7142857142857143,0.6334194966998262,1.698300178213694,수로랑 플래그 돌아도 오프접하면 안되는 이유가 궁금해서 질문을 합니다아,에디 에픽 -> 유닠 등업 메소 vs 화에큐,템 방향성 고민이 너무 됩니다
챌린저스 월드,2,7,0,7,5,0,0,0,0,2,아이템,0.7142857142857143,0.6334194966998262,1.698300178213694,메이플 쌩뉴비 질문드려요...,[사전월드리프] 여러 서버로 이동 불가 관련 문구 문제,제네시스 패스 구매 후 미활성화로 인한 흔적 복구 해보신 분 있으실까요?
하나 사서,2,7,0,8,5,0,0,0,0,2,아이템,0.7142857142857143,0.6334194966998262,1.698300178213694,경매장 낱개로 구매가 안돼요...,미라클 타임.. 엠블 vs 하트,7만 목표 템진로 질문
해주고,1,7,0,7,5,0,0,0,0,2,아이템,0.7142857142857143,0.6334194966998262,1.698300178213694,하드메이린 진로,미트라를 믿기 vs 똥블렘을 믿기,본섭 깡통케릭들 유챔용으로 살릴만한가요?
효율적일지,1,7,0,7,5,0,0,0,0,2,아이템,0.7142857142857143,0.6334194966998262,1.698300178213694,헥환 7만 중반 ~ 8만 목표 레테 템세팅 조언 부탁드립니다.,환산 7~8만대 미트라 옵션 추천 좀 해주십쇼,블랙보조12/60 아랫잠 고민
없네요,1,12,0,12,4,1,0,0,1,6,퀘스트,0.08333333333333333,0.32416793059087184,1.6982118413701146,아흐... 펫장비 이전 줌서에 대한 글은 많은데...,제네시스 해방퀘스트 질문,울티마 3-10 깨려면 법사도 40 찍어야대요?
4개,1,11,0,12,6,0,0,1,0,4,아이템,0.5454545454545454,0.3665276679816245,1.6978468446434136,챌섭 챌린저 목표 템셋팅 관련 질문입니다.,챌섭에서 테라버닝 주는게 최대 4개맞죠?,챌섭 링크3렙 관련
친구들,1,11,0,11,6,0,0,1,0,4,아이템,0.5454545454545454,0.3665276679816245,1.6978468446434136,대장장이 고견 나눠주실 메짱엉아들?,도시섭이랑 시골섭 차이 심함?,챌섭 에테 장갑 어떻게 해야할지 모르겠어요....
패스류,1,11,0,11,6,0,0,1,0,4,아이템,0.5454545454545454,0.3665276679816245,1.6978468446434136,메린이 해방무기 질문,챌섭 블큐 화에큐 사용처 및 챌 달성 질문,무자본 하드메이린 방향 추천 부탁드립니다.
다르게,1,5,1,6,2,0,1,0,0,2,몬스터,0.2,0.5688526450026719,1.6977694843335367,제논 5에테,복귀뉴비 200레벨비약 질문이 있습니다,대적자 패턴 질문점요
것은,1,6,0,6,3,0,2,0,0,1,몬스터,0.3333333333333333,0.7438484321981297,1.6966861813142684,아흐... 펫장비 이전 줌서에 대한 글은 많은데...,"""자석펫 장착 vs 팔고 템셋팅""",원래 명의이전을 해도 하버맥스 갱신이 안되나요?
위에,1,14,0,14,6,1,0,2,1,4,직업,0.14285714285714285,0.2529610028946562,1.69654064793105,챌섭 뉴비 하드메이린 잡고싶은데 스펙업 질문,유니온 질문있ㅅ브니다,무보엠 어떻게 해야할지 진로 좀 부탁드립니다..
가능한데,1,6,0,7,2,0,0,0,0,4,기타,0.6666666666666666,0.7431724270758142,1.6960284587001049,제네 검마,이번주에 하드 세렌을 하고 싶은데,본캐 육성 관련 질문
기다리고,1,6,0,6,2,0,0,0,0,4,기타,0.6666666666666666,0.7431724270758142,1.6960284587001049,스팩업 질문드립니다.,레테 보조 190억~220억 대 사이선에서 뭐가 더 좋은 매물일지 질문드립니다,제네 해방 에디 관련 질문
나머진,1,6,0,6,2,0,0,0,0,4,기타,0.6666666666666666,0.7431724270758142,1.6960284587001049,어제 막 챌찍은 메린이 진로질문있습니다,경험치 bm 문의드려요,메린이 본캐 정하는루트 이중에 뭐가좋을까요?
뜨네요,1,6,0,6,2,0,0,0,0,4,기타,0.6666666666666666,0.7431724270758142,1.6960284587001049,챌섭 뉴비 하드메이린 잡고싶은데 스펙업 질문,본의명의 한계정 업데이트는 언제부터 들어온건가요?,진힐라 질문드립니다.
방식,1,6,0,8,2,0,0,0,0,4,기타,0.6666666666666666,0.7431724270758142,1.6960284587001049,동전꼽기가 운영정책 위반인지 여부,[사전월드리프] 여러 서버로 이동 불가 관련 문구 문제,노칼 딜배율 200% 목표 / 18에테 교체 순서 및 칠흑·엠블 문의
수도,1,6,0,6,2,0,0,0,0,4,기타,0.6666666666666666,0.7431724270758142,1.6960284587001049,렌 제네무기 공공공 vs 보공공,챌 유입 제논 템셋팅 및 템업글 직작 조언 부탁드림다!,어빌리티 설정
라고,1,12,0,12,4,1,1,0,0,6,퀘스트,0.08333333333333333,0.3213904321208244,1.6946497699120655,초저자본 메린이 첫 제네시스 잠재 질문,"뉴비 챌섭이후 본섭 준비 질문,평가해주세요",넥슨온 접속오류 질문
채워서,1,13,0,13,6,1,1,1,0,4,퀘스트,0.07692307692307693,0.28421396494752377,1.6945571384945175,하드 메이린 잡았는데,오늘 썬데이 메이플 솔에르다 주는거 278레벨 25개 받는거 맞지?,에디 레전천장 사용처 추천부탁드려요 + 도전자 대체셋 질문
챌섭 키우고,2,8,0,9,2,0,0,2,0,4,직업,0.25,0.5406346522178842,1.6925601612744872,챌섭리프,챌섭 3만점 찍는데 얼마나걸려요??,보조무기 추천
구매하는게,1,9,0,10,7,0,1,0,0,1,아이템,0.7777777777777778,0.4696885080455926,1.6920414249852207,챌섭 쌩뉴비 여러 가지 질문 드립니다 !,챌섭 유입 스펙업 질문있습니다.,레테 보조 190억~220억 대 사이선에서 뭐가 더 좋은 매물일지 질문드립니다
10퍼,1,7,0,7,4,0,0,2,0,1,직업,0.2857142857142857,0.6272322554596513,1.691867174982087,제네무기 추옵 어느정도 사용하나요?,캡틴 하드메이린 환산 118퍼인데 안잡혀요,하드 메이린 목표입니다.
되는건지,1,7,0,7,4,0,0,2,0,1,직업,0.2857142857142857,0.6272322554596513,1.691867174982087,뉴비 검마까지 방향성 조언좀....,제로 온갖거 질문,챌섭 링크3렙 관련
컨이,1,7,0,7,4,0,0,2,0,1,직업,0.2857142857142857,0.6272322554596513,1.691867174982087,뉴비 제논 진로 방향 알려주실분,블래스터 매그팡도 안됨,뉴비 카레잠 소모처 질문
공략 영상,2,5,0,5,1,0,3,0,0,1,몬스터,0.6,0.887846557386603,1.6912834728235153,모험가 22성 나오면 18둘둘로 하드 메이린 가능할까요?,진짜 급해서 그러는데 흉성 2정수빌드 설명 좀,챌섭 뉴비 세렌 질문 드려요
구해서,1,5,0,5,1,0,3,0,0,1,몬스터,0.6,0.887846557386603,1.6912834728235153,님들 배율 65퍼면 익스 스우 2인 할만한가요?,천천히 챌 가려하는 뉴비 검마 질문,이적자 2인 괜찮음?
인생,1,6,1,8,3,0,0,1,0,2,직업,0.16666666666666666,0.437422469515577,1.6893672599859824,안녕하세요 메린이인데 질문있습니다.,"메린이 오늘 첫 해방했는데, 잠재 돌리고 남은 블랙큐브는 어디에 쓰는게 좋나요?",쌩뉴비 해방이후 템세팅 진로(자본 80억)
첼린저스,1,6,1,8,3,0,0,1,0,2,직업,0.16666666666666666,0.437422469515577,1.6893672599859824,첼린저섭 첼린저 찍고싶습니다 스팩업 질문드립니다,첼린저스 서버 제네무기 잠재 질문,여기서 스팩업을 어떤 방향으로 잡아야 할까요?
접었다,1,12,0,12,7,0,0,1,1,3,아이템,0.5833333333333334,0.31619778569369417,1.6879903323536691,이런거 둘둘하면 10만찍나요?,[질문] 복귀 유저 아버 이후 에테르넬 17성 풀셋 질문,햄들 스펙업 조언좀 부탁드림다...
돌면서,1,8,0,9,5,0,0,0,0,3,아이템,0.625,0.5353035705453745,1.6867033694371745,안녕하세요...메이플 시작 3주차인데..,드랍템 먼저 맞출까요 스펙업을 먼저 할까요,챌 유입 제논 템셋팅 및 템업글 직작 조언 부탁드림다!
메린이인데요,1,8,0,8,5,0,0,0,0,3,아이템,0.625,0.5353035705453745,1.6867033694371745,검마 결정석이 없어요,첫해방 메린이 제네시스무기 도와주세요ㅜㅜ,스카니아 VS 크로아
아는데,1,8,0,8,5,0,0,0,0,3,아이템,0.625,0.5353035705453745,1.6867033694371745,에테 장갑은 크주 vs 쌍크 어느게 가성비 좋나요,선생님들 이런 추옵도 팔릴까요?,캐릭터 삭제
여유,1,8,0,8,5,0,0,0,0,3,아이템,0.625,0.5353035705453745,1.6867033694371745,챌린저 하고 싶은데 여기서 무보엠 바꿔주면 되나요?,헥환 4.5 이후 템셋팅 질문.,보스돌이 재화투자 질문
진행하고,1,8,0,8,5,0,0,0,0,3,아이템,0.625,0.5353035705453745,1.6867033694371745,메린이 익스우 템세팅 질문,안녕하세요 메린이인데 질문있습니다.,챌섭 유입 질문 한개 해도 되겠습니까
편하게,1,8,0,8,5,0,0,0,0,3,아이템,0.625,0.5353035705453745,1.6867033694371745,메m 넥슨플러그로 하시는 분??,복귀뉴비,형님들 리프 언제 해야하나요?
못한,1,8,0,8,5,1,0,0,0,2,퀘스트,0.125,0.534497139890348,1.685817414809604,형들 지금해도,이번 미라클 지나고 9월 16일 전에 미라클 한 번 더 할려나요?,[사전월드리프] 여러 서버로 이동 불가 관련 문구 문제
올려봅니다,1,8,0,8,5,1,0,0,0,2,퀘스트,0.125,0.534497139890348,1.685817414809604,레테 제네시스무기,이번 챌린저스 뉴비 입니다. 훼방퀘 흔적 질문 드립니다.,챌섭 엠블렘 질문..
먹나요,1,3,3,7,1,0,0,0,1,1,시세,0.3333333333333333,0.7175167340768345,1.68560353659518,메제일때 소재비 먹나요?,ㄹㅇㄸ 에서 메소사면 정지 먹나요..?,자석펫 밥 자동으로 먹나요?
정령,1,3,3,6,1,0,0,0,1,1,시세,0.3333333333333333,0.7175167340768345,1.68560353659518,챌섭 1 정령의 펜던트 90일 교환권 얼마정도에 올려야 하나요..?,달콤한 정령 오늘까진데,달콤한 정령 30일 상자까고 캐시보관함 이동 가능한가요
메이플 시작한,2,11,0,11,7,1,1,0,0,2,퀘스트,0.09090909090909091,0.356639579554763,1.6855613563006138,챌린저 찍고싶은 메린인데 향후 템셋팅 어떻게 해야하나요?,챌섭 쌩뉴비 여러 가지 질문 드립니다 !,첼린저섭 첼린저 찍고싶습니다 스팩업 질문드립니다
평일,1,11,0,11,6,0,1,0,0,4,몬스터,0.09090909090909091,0.3539063162109495,1.6821654041712817,선생님들 헥사환산 몇을 목표로 잡아야할까요?,메이플 보호모드 본인인증,이벤링 주스텟 21% vs 아획 또는 메획 1줄
길게,1,10,0,11,6,0,0,1,0,3,아이템,0.6,0.4020636453112021,1.6810008936270915,유입된 메린인 인데 이 이상 어떻게 스팩업을 해야할지 알려주세요!,뉴비 칠흑 질문있어요,291 메르 vs 281 레테 조언 부탁드립니당ㅠ
스공,1,4,2,10,2,0,0,1,0,1,직업,0.25,0.5707208543046036,1.6805789501975377,레테 스공이 내려갔습니다,레테 무보엠 어떻게 하면 좋을까요??,복귀 뉴비 질문...
없을까,1,4,2,7,2,0,0,1,0,1,직업,0.25,0.5707208543046036,1.6805789501975377,형들 지금해도,렌 다음 스펙업할 거 추천점,사냥링크 아란말고 다른거 뭐 없을까?
첼린저,1,4,2,8,2,0,0,1,0,1,직업,0.25,0.5707208543046036,1.6805789501975377,첼린저섭 첼린저 찍고싶습니다 스팩업 질문드립니다,여기서 스팩업을 어떤 방향으로 잡아야 할까요?,울티마 스쿼드 코인샵 본섭 실수
18성 윗잠,2,8,0,12,7,0,0,0,1,0,아이템,0.875,0.529699816803824,1.6805470167140375,챌섭 뉴비 하드메이린 잡고싶은데 스펙업 질문,템세팅 조언 부탁드립니다,메린이 토드(장비전승) 간단 질문이용
계산,1,8,0,8,7,0,0,0,1,0,아이템,0.875,0.529699816803824,1.6805470167140375,엠작 질문,챌섭 266레벨 40퍼인데 EXP 패스 블농이랑 EXP쿠폰 언제 사용하나요?,챌섭 보조무기 질문입니다
관세포함,1,8,0,8,7,0,0,0,1,0,아이템,0.875,0.529699816803824,1.6805470167140375,핵환 4.4 도미먹었는디,챌섭 스펙업 어떻게 할까요? 미트라? 보장?,형들 템세팅 이렇게 하러는데 어때?
끝나서,1,6,0,6,2,0,2,0,0,2,몬스터,0.3333333333333333,0.725183014242492,1.678525568196151,챌섭 챌린저 목표 템셋팅 관련 질문입니다.,다음아이템 뭐바꿀지 추천해주는사이트 이런건없어??,지금 챌섭시작하기엔 늦음?
넘어가면,1,6,0,6,2,0,2,0,0,2,몬스터,0.3333333333333333,0.725183014242492,1.678525568196151,카르시온 넘어왔는데 왜 사냥 메소가 줄었을까요?,메린이 질문이 있습니다,하드림보 클각 몇분안에 쳐야하나요?
마스터까지,1,6,0,6,2,0,2,0,0,2,몬스터,0.3333333333333333,0.725183014242492,1.678525568196151,메린이 진로 도와주시면 감사하겄슴다,미트라 도적 시세 질문입니다,챌섭 리프관련 질문
했을때,1,6,0,6,2,0,2,0,0,2,몬스터,0.3333333333333333,0.725183014242492,1.678525568196151,챌섭 챌린저 가능할까요?,원래 명의이전을 해도 하버맥스 갱신이 안되나요?,도전자풀셋 vs 에테르넬12성
유뇬,1,8,0,9,1,0,0,2,0,5,직업,0.25,0.5267505242741904,1.677306887698105,유뇬작이랑 링크작하려는데,메린이 렌 방무 질문드립니다.,챌섭 환산 차이
몇렙,1,4,1,6,2,1,0,0,0,1,퀘스트,0.25,0.7244838099970347,1.6762940737588574,보마 재획준비물좀 알려주실분,유니온이랑 아티팩트 미션 미리 준비하려는데,상급 EXP 교환권 효율
바랍니다,1,4,1,5,2,1,0,0,0,1,퀘스트,0.25,0.7244838099970347,1.6762940737588574,"안녕하세요 메쌤, 메형님들 뉴비 질문 몇 가지만 해도 될까요?",메잘알 선배님들 질문,제네 방향성 도움 바랍니다
했으면,1,4,1,5,2,1,0,0,0,1,퀘스트,0.25,0.7244838099970347,1.6762940737588574,메린이 템셋 조언 부탁드립니다.,챌린저서버 질문있습니다,3주늦은뉴비 템진로 훈수 제발 부탁드립니다
100억 메소,2,3,1,4,3,0,0,0,0,0,아이템,1.0,1.0,1.6745661694708114,메이플 챌섭 뉴비 아이템 추가 스펙업 질문합니다!,스펙업 조언 부탁드립니다.,뉴비 100억 메소 살 예정인데
17성은,1,3,1,4,3,0,0,0,0,0,아이템,1.0,1.0,1.6745661694708114,챌섭 챌린저 목표 템셋팅 관련 질문입니다.,아버에서 에테르넬로 바로 가면 200제 17성은 어디에 쓰나요?,데아시두스 vs 에스텔라
18성인데,1,3,1,4,3,0,0,0,0,0,아이템,1.0,1.0,1.6745661694708114,흙칠흑 18성인데 잠재질문드려요,"매쌤들께 스타포스 여쭤봐요(마이링,데브펜)",안녕하세요 시즌4 복귀 유저 본섭 카데나 세팅 조언 주실 분
1차 2차,2,3,1,5,0,0,0,0,0,3,기타,1.0,1.0,1.6745661694708114,그 메린이인데 챌섭유저 월드리프 언제하나요 ??,"모멘텀패스 1차, 2차 각각 다른 캐릭터에 지정 가능한가요?",챌섭 리프 관련 질문글
1추 보공,2,3,1,4,3,0,0,0,0,0,아이템,1.0,1.0,1.6745661694708114,제네무기 추옵 어느정도 사용하나요?,오늘 대적자샵 심환불 VS 화큡,레테 제네무기 1추 보공 8% vs 2추 보공 12% 뎀 6% 인트 55 닥전인가요?
22성 에테,2,3,1,5,3,0,0,0,0,0,아이템,1.0,1.0,1.6745661694708114,선생님들 헥사환산 몇을 목표로 잡아야할까요?,안녕하세요 선생님들 템 진로 고견좀 여쭙습니다,22성 에테 뚝배기 공6리턴 완작 질문드립니다
23성,1,3,1,5,3,0,0,0,0,0,아이템,1.0,1.0,1.6745661694708114,대장장이 고견 나눠주실 메짱엉아들?,22성 에테 뚝배기 공6리턴 완작 질문드립니다,챌섭 뉴비인데 가엔링 23성 이거 사는건 아닌가요?
27퍼 레에,2,3,1,4,3,0,0,0,0,0,아이템,1.0,1.0,1.6745661694708114,메고수 형님들 템 진로좀 봐주십쇼,목표환산 9만 이상 22앜 27퍼 레에 vs 33퍼 18성에테 직작 뭐가 더 좋아보이시나요?,챌섭 유입 질문드립니다.
2년만에,1,3,1,5,3,0,0,0,0,0,아이템,1.0,1.0,1.6745661694708114,복귀유저 아델 보조 가격 질문,데브펜 18성 쌍레,2년만에 복귀했는데 템세팅 조언 부탁드립니다.
2장,1,3,1,5,3,0,0,0,0,0,아이템,1.0,1.0,1.6745661694708114,전투력 1억5천 메린이 다음 스펙업을 도통 못잡겠어요 ㅠㅠ,레전 잠재 2장 질문있습니다,3주늦은뉴비 템진로 훈수 제발 부탁드립니다
2줄은,1,3,1,4,3,0,0,0,0,0,아이템,1.0,1.0,1.6745661694708114,장신구 에디 에픽 2줄은 어떻게 만드는게 제일 좋나요?,메멘토 브로즌 에디셔널 큐브는 어디에 사용할까요?,챌섭 복귀 메린이 질문 부탁드립니다..
4셋을,1,3,1,4,3,0,0,0,0,0,아이템,1.0,1.0,1.6745661694708114,저 거공 먹었는데 사용해도 되나요?,챌섭뉴비 템 가이드 부탁드립니다ㅠ,240억 정도 써서 보조를 살지 아님 칠흑 4셋을 할지 고민입니다
4주차,1,3,1,5,0,0,0,0,0,3,기타,1.0,1.0,1.6745661694708114,챌섭에서 본캐를 바꾸고 싶어요 ㅠㅠ,4주차 뉴비 앞으로 진로방향좀 가르쳐주세요!,메린이 이러면 5주 제네 해방 가능함??
4초,1,3,1,5,3,0,0,0,0,0,아이템,1.0,1.0,1.6745661694708114,4초 덱9퍼 카루타 쿨뚝 18성 얼마에 팔수있을까요??,레테 쿨뚝 질문,불독 템 셋팅 나름대로 생각해봤는데 어떤가요?
4초뚝,1,3,1,4,3,0,0,0,0,0,아이템,1.0,1.0,1.6745661694708114,법사 4초뚝 수요가 있나요?,레테 쿨뚝 질문,형들 템세팅 이렇게 하러는데 어때?
5줄로,1,3,1,5,3,0,0,0,0,0,아이템,1.0,1.0,1.6745661694708114,챌섭 복귀 메린이 보조무기 질문,스펙업 진로상담 부탁드립니다.,잠재 5줄로 전부위 하면 환산 몇까지 갈까요?
60퍼,1,3,1,4,3,0,0,0,0,0,아이템,1.0,1.0,1.6745661694708114,리턴스크롤 질문,아케인심볼19렙이면 교환권은 어센틱 받아야겟죠?,놀긍 60퍼 작 해도 되나요?
가고싶습니다,1,3,1,4,3,0,0,0,0,0,아이템,1.0,1.0,1.6745661694708114,템환 10만으로 가고싶습니다..,스펙업 방향 추,형님들 주에 30억버는 메린인데요
가긴,1,3,1,4,0,0,0,0,0,3,기타,1.0,1.0,1.6745661694708114,[질문] 복귀 유저 아버 이후 에테르넬 17성 풀셋 질문,mvp 레드만 유지하고 블랙으로 가긴 싫은데 질문있습니다,메린이 급해요
가능한가여,1,3,1,4,0,0,0,0,0,3,기타,1.0,1.0,1.6745661694708114,지금 시작해도 안늦었을까요 챌섭?,메이플 새 계정 판 메린이인데여 유니온 질문입니당,혹시 저자본으로 챌린저 가능한가여
건드려야할까요,1,3,1,4,3,0,0,0,0,0,아이템,1.0,1.0,1.6745661694708114,제네무기 추옵이랑 에디 건드려야할까요 ?,챌섭 유입 메린이 템세팅 질문 있습니다 !!,챌섭 메이린 제가 템셋 뭐 잘못한건가요? 아님 좀 빡센건가요?
검마 파티,2,3,1,4,0,0,0,0,0,3,기타,1.0,1.0,1.6745661694708114,검마 둘이서 파티로 가려면,혹시 제네패스 플러스 검마 파티로 가서 데카아웃하고 죽어도 미션 깨지나요??,보스파티구하는곳 어디서 보면 되나요?
검마 해방퀘,2,3,1,4,0,3,0,0,0,0,퀘스트,1.0,1.0,1.6745661694708114,해방퀘 질문좀요,검마 해방퀘 주간보스 잡고 제네시스 연습모드 해도 인정되나요??,
검마잡고,1,3,1,4,3,0,0,0,0,0,아이템,1.0,1.0,1.6745661694708114,뉴비 대적자 코인 사용처 질문,안녕하세요 오늘 검마잡고 제네작하는중인데 작관련 질문 좀 드릴께요!,무기를 사는게 맞을까요?
골클벨 분자벨,2,3,1,4,3,0,0,0,0,0,아이템,1.0,1.0,1.6745661694708114,27퍼 골클벨 분자벨 뭐살까요,투력 5000만 다음 업그레이드,챌섭 템 셋만 더 세팅하려 하는데 어떤 부위를 직작해야 할까요?
공1줄,1,3,1,4,3,0,0,0,0,0,아이템,1.0,1.0,1.6745661694708114,4여명 깨고 4흙칠흑 vs 4여명 유지 2흙칠흑,울티마 공2줄 4렙 장비 vs 공1줄 5렙 장비,2석펫 vs 쌍레 보조 맞추기 고민됩니다
교가 보조무기,2,3,1,4,3,0,0,0,0,0,아이템,1.0,1.0,1.6745661694708114,뉴비 보조무기 질문,요즘 교가 보조무기 에픽은 어떻게 올리나요?,뉴비 스펙업 뭐해야할지 모르겠어요
귀고리,1,3,1,8,3,0,0,0,0,0,아이템,1.0,1.0,1.6745661694708114,풀드메 세팅 질문점요,귀고리 구매하려 하는데 질문 있습니다,이번 챌섭복귀유저입니다. 드메템 관련 질문드립니다.
기타 등등,2,3,1,4,3,0,0,0,0,0,아이템,1.0,1.0,1.6745661694708114,메린이 하드메이린 잡으려면 어떻게 세팅해야 할까요…,메린이입니다. 훈수를 부탁합니다.,뉴비 렌 이벤트링이랑 기타 등등 질문 있습니다
낫죠,1,3,1,4,3,0,0,0,0,0,아이템,1.0,1.0,1.6745661694708114,마깃안 % 선택,제네무기 질문입니다,카레잠 보조 or 하트 뭐가 낫죠?
낫지,1,3,1,4,3,0,0,0,0,0,아이템,1.0,1.0,1.6745661694708114,메린이 토드(장비전승) 간단 질문이용,프악공 대신에 놀긍혼 1장 바르는게 낫지 않나,데아시두스 vs 에스텔라
노작사서,1,3,1,5,3,0,0,0,0,0,아이템,1.0,1.0,1.6745661694708114,칠흑 에테 아케인 노작사서 직작하려는데 효율 쓰레기인가요,아버 끝나고 방어구,메린이 여명 살려고하는데 완작사나요?
달았는데 이제,2,3,1,4,3,0,0,0,0,0,아이템,1.0,1.0,1.6745661694708114,진로 고민 도와주세요,메린이 챌린저 달았는데 이제 세팅 뭐부터할까요?,유튜브 보고 맞췄는데 챌린저가는거 도와주세요..
데아시두스,1,3,1,6,3,0,0,0,0,0,아이템,1.0,1.0,1.6745661694708114,모험가 22성 나오면 18둘둘로 하드 메이린 가능할까요?,에스텔라 마이링 오글링 메짱의 선택은 뭘까요?,데아시두스 vs 에스텔라
도미 18성,2,3,1,4,3,0,0,0,0,0,아이템,1.0,1.0,1.6745661694708114,챌섭 컨티4렙vs 도미 18성 21퍼 뭐 먼저살까요?,템세팅 질문,
도미펜,1,3,1,5,3,0,0,0,0,0,아이템,1.0,1.0,1.6745661694708114,도미펜 직작하는거 어떻게 생각하시나요?,챌섭 누비 검환불 질문좀용,3주늦은뉴비 템진로 훈수 제발 부탁드립니다
돌리는게 낫나요,2,3,1,4,3,0,0,0,0,0,아이템,1.0,1.0,1.6745661694708114,무기 윗잠 돌릴까요,이거 윗잠 돌리는게 낫나요 ?,제네무기 추옵 잠재 뭐부터하나요
돌아,1,3,1,4,0,0,0,0,0,3,기타,1.0,1.0,1.6745661694708114,수로랑 플래그 돌아도 오프접하면 안되는 이유가 궁금해서 질문을 합니다아,윈10 프리징? 해결방법 아시는분..ㅠㅜ,메이플 목요일 보스
동일합니다,1,3,1,5,0,0,0,0,0,3,기타,1.0,1.0,1.6745661694708114,현재 적용중인 프리셋과 동일합니다 어케 나오게 해요?,메이플 보호모드 해제 시간 및 보상수령 가능한지 궁금합니다.,이후 방향성 및 조언 부탁드립니다
되는걸,1,3,1,4,3,0,0,0,0,0,아이템,1.0,1.0,1.6745661694708114,아카이럼 도미 아획적용 되나요???,메린이입니다. 훈수를 부탁합니다.,뉴비 챌섭 일반펫 스킬 자동사용 되는걸로 제일 싼거 하나만 사면 될까요?
드메셋,1,3,1,4,0,0,0,0,0,3,기타,1.0,1.0,1.6745661694708114,안녕하세요 메린이인데 질문있습니다.,드메 셋 질문좀,드메셋 질문
디라벨,1,3,1,7,3,0,0,0,0,0,아이템,1.0,1.0,1.6745661694708114,디라벨 펫장비 마일리지,챌섭 메린이 메소로 어떤스펙업 먼저하나요??,
레드 유지,2,3,1,4,0,0,0,0,0,3,기타,1.0,1.0,1.6745661694708114,성장 방향 조언 부탁드려요,mvp 레드만 유지하고 블랙으로 가긴 싫은데 질문있습니다,내 상황에서 레드 유지를 할까 말까 고민중인데
레어 에픽,2,3,1,4,3,0,0,0,0,0,아이템,1.0,1.0,1.6745661694708114,무자본 하드메이린 방향 추천 부탁드립니다.,윗잠 유니크에서 레전 VS 에디 레어에서 에픽,에디는 등업 확률이 더 낮나요??
레잠 2개,2,3,1,4,3,0,0,0,0,0,아이템,1.0,1.0,1.6745661694708114,"메린이 레잠 2개, 에유잠 1개 사용처 질문",챌섭 266레벨 40퍼인데 EXP 패스 블농이랑 EXP쿠폰 언제 사용하나요?,선생님들 복귀 뉴비 템진로 조언 부탁드립니다.
맞추려고하는데,1,3,1,5,3,0,0,0,0,0,아이템,1.0,1.0,1.6745661694708114,챌섭에서 챌린저 찍은 뉴비인데,마도서vs노작잡레전고근,템 처음부터 맞추려고하는데 어떻게해야되나요?
메멘토 18성,2,3,1,4,3,0,0,0,0,0,아이템,1.0,1.0,1.6745661694708114,헥환 7만 중반 ~ 8만 목표 레테 템세팅 조언 부탁드립니다.,메멘토 18성 200제로 아케인 방어구 만들어서 쓰면 되나요?,스펙업 순서 질문좀여
메이플 챌섭,2,3,1,4,3,0,0,0,0,0,아이템,1.0,1.0,1.6745661694708114,메이플 챌섭 뉴비 아이템 추가 스펙업 질문합니다!,메소 다 파먹고도 재획 빨아도 이득인가영?,챌섭 4여명 이후 템셋팅 방향성 질문드립니다.
메인스탯,1,3,1,4,0,0,0,0,0,3,기타,1.0,1.0,1.6745661694708114,헥사스탯 그냥 바로바로 강화해도 되나요?,메린이 헥사 2 떡작 8 10 2 떴는데 잘뜬거맞죠?,내일 헥사스탯 메인스탯 확률 업 이벤트
메짱이분들,1,3,1,4,3,0,0,0,0,0,아이템,1.0,1.0,1.6745661694708114,마도서 먹었는데 어쩌죠?,메짱이분들 도와주세요,템세팅 vs 다조구매
모듈 플라즈마,2,3,1,4,3,0,0,0,0,0,아이템,1.0,1.0,1.6745661694708114,하트 업그레이드 모듈 질문있습니다,카링 안잡아도 플라즈마하트 업글이 될까요?,챌섭 다이아 달성 보상으로 받은 하트 업그레이드 모듈:플라즈마 본섭으로 옮길수 있나요?
목표인데 미트라,2,3,1,4,3,0,0,0,0,0,아이템,1.0,1.0,1.6745661694708114,챌린저 목표인데 미트라 안 사도 될까요?,미트라 엠블 질문,
못잡겠습니다,1,3,1,4,3,0,0,0,0,0,아이템,1.0,1.0,1.6745661694708114,메린이 하드 메이린 배율 105인데 못잡겠습니다..,스펙업 진로상담 부탁드립니다.,메린이 레테 챌섭 이번 미라클 스펙업 방향 일려주세요!
뭐하는게,1,3,1,4,3,0,0,0,0,0,아이템,1.0,1.0,1.6745661694708114,챌유입뉴비 다음 스펙업 뭐할까요?,여명 맞추고 보조까지 했는데 뭐하는게 좋을까요 메린입니다,해방무기
미라클때 블랙보조,2,3,1,5,3,0,0,0,0,0,아이템,1.0,1.0,1.6745661694708114,미라클때 블랙보조 에디 올리는게 좋을까요??,"보마 블랙보조 블큐, 메멘토 골큐",미라클 관련 질문 !
미트라 구매,2,3,1,5,3,0,0,0,0,0,아이템,1.0,1.0,1.6745661694708114,안녕하세요 선생님들 템 진로 고견좀 여쭙습니다,뉴비 레테 미트라 구매 질문,이번주에 하드 세렌을 하고 싶은데
방공공,1,3,1,4,3,0,0,0,0,0,아이템,1.0,1.0,1.6745661694708114,챌섭 메이린 제가 템셋 뭐 잘못한건가요? 아님 좀 빡센건가요?,제발 도와주세요..,챌린저 목표인데 보조를 방공공 사면 별로일까요?
뱃지,1,3,1,4,3,0,0,0,0,0,아이템,1.0,1.0,1.6745661694708114,4여명 5칠흑으로 7~8만 될까요?,칠요의 뱃지,4여명 가는게 맞을까요?
보공12,1,3,1,4,3,0,0,0,0,0,아이템,1.0,1.0,1.6745661694708114,뉴비 쌍레보조 150억,무기 추옵 질문,1추 vs 2추 보공12% 뭐가 좋나요?
보방마,1,3,1,5,3,0,0,0,0,0,아이템,1.0,1.0,1.6745661694708114,레테 윗잠 올이탈 보조(보방마) 쭉가져갈만 한가요?,챌린저 목표) 진로 설정 질문입니다.,뉴비 100억 어디에 쓰는게 현명할까요?
보상 받은,2,3,1,4,3,0,0,0,0,0,아이템,1.0,1.0,1.6745661694708114,보조무기 추천,보조무기 잠재 질문,챌섭 다이아 달성 보상으로 받은 하트 업그레이드 모듈:플라즈마 본섭으로 옮길수 있나요?
보조 레잠,2,3,1,4,3,0,0,0,0,0,아이템,1.0,1.0,1.6745661694708114,메린이 진로 도와주시면 감사하겄슴다,뉴비 카레잠 질문 있어요,블랙 보조에 레잠 바르면
보조 살지,2,3,1,5,3,0,0,0,0,0,아이템,1.0,1.0,1.6745661694708114,챌섭 뉴비 방향성 조언 부탁드려요 메짱형님들,240억 정도 써서 보조를 살지 아님 칠흑 4셋을 할지 고민입니다,템셋 가이드좀
보조까지,1,3,1,4,3,0,0,0,0,0,아이템,1.0,1.0,1.6745661694708114,메이린 배율관련 질문드립니다 저 진짜 정리 잘해놨어요 함만 봐주세요 ㅠㅠ,보공 비율이 너무 높은거 같아 고민입니다..,여명 맞추고 보조까지 했는데 뭐하는게 좋을까요 메린입니다
블서큘,1,3,1,4,0,0,0,0,0,3,기타,1.0,1.0,1.6745661694708114,블서큘 원래 같은 수치가 나오는건가요??,어빌리티 설정,
빼면,1,3,1,4,3,0,0,0,0,0,아이템,1.0,1.0,1.6745661694708114,미라클 타임.. 엠블 vs 하트,데티무기 아직도 전투복끼면 코디로 못쓰죠?,솔에르다 기운 다차면 헥사부스터로 빼면 되죠?
뽑는데,1,3,1,4,3,0,0,0,0,0,아이템,1.0,1.0,1.6745661694708114,"""자석펫 장착 vs 팔고 템셋팅""",메린이 제네무기 상담,메멘토 수에큐 에픽 1.5줄짜리인거 2줄 뽑는데 쓰는건 비추인가요?
사고싶어요,1,3,1,4,3,0,0,0,0,0,아이템,1.0,1.0,1.6745661694708114,5초 뚝질문,템사기 vs 6차업글 도 환산 사이트보고 하면 되나요?,챌섭뉴비 칠흑이 사고싶어요
사야되는지,1,3,1,4,3,0,0,0,0,0,아이템,1.0,1.0,1.6745661694708114,"뉴비 악세 뭐 사야되는지 알려줄 선생님,,",에메랄드 카레잠을 하트에 발랐는데 에디는 뭘 발라야 하나요,
사용중인데,1,3,1,4,3,0,0,0,0,0,아이템,1.0,1.0,1.6745661694708114,메선생님들 미트라질문드립니다.,스펙업 질문 !,칠흑 2셋 사용중인데 다음 3셋으로 거공 좋을까요?
살지 아님,2,3,1,5,3,0,0,0,0,0,아이템,1.0,1.0,1.6745661694708114,이번 챌섭 유입 템세팅 질문드려봅니다,240억 정도 써서 보조를 살지 아님 칠흑 4셋을 할지 고민입니다,메린이 인생최대고민
생성한,1,3,1,4,0,0,0,0,0,3,기타,1.0,1.0,1.6745661694708114,찐뉴비좀 도와줘!!(렙이 안올라!!),원래 명의이전을 해도 하버맥스 갱신이 안되나요?,챌섭에서 생성한 닉은 못파나요?
시너지,1,3,1,11,0,0,0,3,0,0,직업,1.0,1.0,1.6745661694708114,팔라딘 파티배율 시너지 잘 아시는분,제로랑 2인 파티하기 좋은 직업,말뚝딜하는 직업 뭐가 있나요?
싼거,1,3,1,4,3,0,0,0,0,0,아이템,1.0,1.0,1.6745661694708114,불독 템 셋팅 나름대로 생각해봤는데 어떤가요?,뉴비 챌섭 일반펫 스킬 자동사용 되는걸로 제일 싼거 하나만 사면 될까요?,템 작 질문입니다
쓰면 좋을지,2,3,1,4,3,0,0,0,0,0,아이템,1.0,1.0,1.6745661694708114,에디 레전천장 사용처 추천부탁드려요 + 도전자 대체셋 질문,화에큐 어디에 쓰면 좋을지 도와주세요 ㅠ,챌섭 에메랄드 카레잠 어디다 쓰는게 좋은가요?
아는게,1,3,1,4,0,0,0,0,0,3,기타,1.0,1.0,1.6745661694708114,컴퓨터 질문,민생 드랍률 제가 아는게 맞나요?,뉴비 솔 에르다 / 솔 에르다 조각 선택권 받을라 하는데 [답답함주의]
어떻게들,1,3,1,4,0,0,0,0,0,3,기타,1.0,1.0,1.6745661694708114,뉴비 챌린저스 서버 부캐(?) 질문,링크 어떻게들 쓰시나요 선생님들 ?,아케인 만렙 찍으면 일퀘 빼나요??
얼마였는지,1,3,1,4,3,0,0,0,0,0,아이템,1.0,1.0,1.6745661694708114,한달전 악세 시세 얼마였는지 아시는분?,챌섭 열리기 전,지금 교불 드메템 거품 심한 상태인가요?
업그레이드 모듈 플라즈마,3,3,1,4,3,0,0,0,0,0,아이템,1.0,1.0,1.6745661694708114,하트 업그레이드 모듈 질문있습니다,카링 안잡아도 플라즈마하트 업글이 될까요?,챌섭 다이아 달성 보상으로 받은 하트 업그레이드 모듈:플라즈마 본섭으로 옮길수 있나요?
에디 메소 등업,3,3,1,4,3,0,0,0,0,0,아이템,1.0,1.0,1.6745661694708114,카에유잠 사기 vs 에디 메소 등업,메고수 형님들 뉴비 스펙업 도움,자석펫 vs 스펙업
에마삼,1,3,1,6,3,0,0,0,0,0,아이템,1.0,1.0,1.6745661694708114,레태 해방무기 대적자 큐브 질문,"메린이 남은 대적자 큐브, 코인 어떻게 쓰는게 좋을까요?",대적자 코인 1추+@ vs 에마삼 뭐가 좋을까요
에메랄드 보상,2,3,1,4,3,0,0,0,0,0,아이템,1.0,1.0,1.6745661694708114,메린이 여기서 막힘..도와주세여,보조무기 잠재 질문,챌섭 에메랄드 보상 카레잠
에테상,1,3,1,4,3,0,0,0,0,0,아이템,1.0,1.0,1.6745661694708114,에테상의 주문서첫작,"뉴비 챌섭이후 본섭 준비 질문,평가해주세요",5초 카룻뚝 +에테상하의
여쭤보고 싶습니다,2,3,1,4,3,0,0,0,0,0,아이템,1.0,1.0,1.6745661694708114,스펙업 방향성 여쭤보고 싶습니다,유니크 잠재 질문있습니다,단계적 스펙업은 어떻게 하는 건가요??
연락,1,3,1,5,0,0,0,0,0,3,기타,1.0,1.0,1.6745661694708114,계정판매를 했었는데,길드 분위기 알아보는 법...,사고싶은 닉이있는데ㅜㅜ 본캐가 안뜨시는 분일때 어떻게 연락을 취할수있는 방법 없나요?ㅜㅜ
오프라인,1,3,1,4,0,0,0,0,0,3,기타,1.0,1.0,1.6745661694708114,울티마 40렙부터 경험치 올리기 빡센게 맞는거죠?,울티마 카오스 지역 사냥 질문,오프라인 상태 길드가입신청
윗잠 돌리기,2,3,1,4,3,0,0,0,0,0,아이템,1.0,1.0,1.6745661694708114,무자본 하드메이린 방향 추천 부탁드립니다.,보마 보조 윗잠 돌리기 vs 그냥쓰다 팔기,햄들 스펙업 조언좀 부탁드림다...
윗잠 방무,2,3,1,4,3,0,0,0,0,0,아이템,1.0,1.0,1.6745661694708114,급함 제네무기 윗잠 방무 버려도됨??,보조무기 추천,썬콜 대적자 코인 어디에 쓸까요?
윗잠먼저,1,3,1,4,3,0,0,0,0,0,아이템,1.0,1.0,1.6745661694708114,메린이 챌섭 미라클 타임 문의,제네무기 큐브순서한번만 봐주실분,제네무기 윗잠먼저 해야 할까요 아랫잠먼저 해야할까요
유니크 마력,2,3,1,5,3,0,0,0,0,0,아이템,1.0,1.0,1.6745661694708114,잠재 좀더 돌려야될까요?,레테 보조무기 질문드립니다,가엔링 잠재 유니크 마력 21% / 에디 유니크 잡옵 17성 얼마에팔리나요..
유니크인데,1,3,1,4,3,0,0,0,0,0,아이템,1.0,1.0,1.6745661694708114,챌섭) 남는 이벤링 유니크인데 이벤 레전주문서 바르나요?,코인 4500개 남았는데 이벤링레전주문서 사야되나요,메린이 캡틴 레잠 추천좀...ㅜㅠ
유닠2줄,1,3,1,4,3,0,0,0,0,0,아이템,1.0,1.0,1.6745661694708114,환산 6만 이후 템셋팅 도와주세요,환산별 평균 잠재 합산,여명 잠재 유닠2줄 만들기 vs 레전3줄 사먹기 뭐기 더좋을까요??
유입 뉴비입니다,2,3,1,4,3,0,0,0,0,0,아이템,1.0,1.0,1.6745661694708114,챌섭 뉴비 앞으로 진로 설정 부탁드립니다,고수 형님들 미라클 질문 있습니다.,이번 메이플 챌린저스 유입 뉴비입니다. 도와주세요
이벤링 레잠,2,3,1,5,3,0,0,0,0,0,아이템,1.0,1.0,1.6745661694708114,이벤링 레잠 관련,"뉴비 악세 뭐 사야되는지 알려줄 선생님,,",이벤링 여명템 잠재 우선순위 질문
있으실까요,1,3,1,4,3,0,0,0,0,0,아이템,1.0,1.0,1.6745661694708114,템환 9.2인데 데티해방까지 템셋 좀 봐주실 형님,환호지선 사신 분들 질문,제네시스 패스 구매 후 미활성화로 인한 흔적 복구 해보신 분 있으실까요?
작은,1,3,1,4,3,0,0,0,0,0,아이템,1.0,1.0,1.6745661694708114,무자본 메제유저 스펙업 훈수좀 부탁드립니다. (스펙상세첨부,18에테랑 22아케인 레에 작은 보통 뭘로하나요?,가엔링이랑 데브팬 작 질문있어요
잠재 주문서,2,3,1,4,3,0,0,0,0,0,아이템,1.0,1.0,1.6745661694708114,뉴비) 첫 해방 무기 세팅 방법 좀 알 수 잇을까요?!,잠재 주문서 어따써야할지 모르겠음..,메린이 챌섭 템세팅 질문
잡쌍레,1,3,1,4,3,0,0,0,0,0,아이템,1.0,1.0,1.6745661694708114,제네플 큐브 및 카르마 큐브 사용처 질문드립니다!,잡쌍레 보조 vs 제네무기,뉴비 본캐 레테 보조와 템셋팅..
잡아주시면,1,3,1,4,3,0,0,0,0,0,아이템,1.0,1.0,1.6745661694708114,챌섭 아케인 쌍크 장갑 팔아야되나요 ? 메린이 템세팅 방향성 한번 잡아주시면 감사하겠습니다.,챌섭 호영 템셋 질문,"방어구, 장신구 템셋 훈수 부탁드립니다 (글삭X)"
제네 에디,2,3,1,5,3,0,0,0,0,0,아이템,1.0,1.0,1.6745661694708114,메린이 70억 메소 어캐쓸까요?,"미트라 에디, 제네 에디 등업 질문",고수님들 스펙업 순서 훈수 좀 부탁드리겠습니다
제네무기 유니크,2,3,1,4,3,0,0,0,0,0,아이템,1.0,1.0,1.6745661694708114,제네무기 유니크 에디 공이탈 +@질문,제네무기vs미트라 미라클때 등업 머할까요,챌섭 뉴비 한번만 도와주십쇼 선생님들ㅠ
주기,1,3,1,4,0,0,0,0,0,3,기타,1.0,1.0,1.6745661694708114,뉴비 부캐 유니온 질문,챌섭에서 하버맥스 하나 더 주기도 하나요?,메이플 뉴비 궁성비 질문
죽으면,1,3,1,4,0,0,0,0,0,3,기타,1.0,1.0,1.6745661694708114,세렌 정오작 질문,몬파 메이플포인트로 할때 질문,보스 파티플레이 중 죽으면 아무 보상 못받나요?
준극,1,3,1,4,0,0,3,0,0,0,몬스터,1.0,1.0,1.6745661694708114,"하드메이린 환산 오르는거 평딜,준극이랑 오리진이랑 비슷하면",노칼 최소컷 배율 질문,대적자 최소컷 질문
직작해,1,3,1,4,3,0,0,0,0,0,아이템,1.0,1.0,1.6745661694708114,익스우 솔플 템셋하려면 다 갈아엎어야하져?,챌 유입 제논 템셋팅 및 템업글 직작 조언 부탁드림다!,아케인 직작해도 될까요
챌린저 서버,2,3,1,4,0,0,0,0,0,3,기타,1.0,1.0,1.6745661694708114,친구가 챌섭을 이제 시작하는데 챌린저 서버 닫힐때까지 달성 가능할까요 ..?,챌린저서버 질문있습니다,신규 유저 입니다만.
칠흑 4셋을,2,3,1,4,3,0,0,0,0,0,아이템,1.0,1.0,1.6745661694708114,저 거공 먹었는데 사용해도 되나요?,챌섭뉴비 템 가이드 부탁드립니다ㅠ,240억 정도 써서 보조를 살지 아님 칠흑 4셋을 할지 고민입니다
카르마 에디,2,3,1,4,3,0,0,0,0,0,아이템,1.0,1.0,1.6745661694708114,카르마 에디 유니크 천장 어디에 쓸까요,장문)챌섭에서 본캐 레테하고 있는 유저인데 템셋팅 고민입니다.,잠재 주문서 어따써야할지 모르겠음..
카르마 유니크,2,3,1,4,3,0,0,0,0,0,아이템,1.0,1.0,1.6745661694708114,장문)챌섭에서 본캐 레테하고 있는 유저인데 템셋팅 고민입니다.,잠재 주문서 어따써야할지 모르겠음..,카르마 유니크 에디셔널 잠재를 에스텔라귀걸이에 박았어요...
캐시보관함,1,3,1,4,3,0,0,0,0,0,아이템,1.0,1.0,1.6745661694708114,월드자석펫 스킬 월드리프 문의,달콤한 정령 30일 상자까고 캐시보관함 이동 가능한가요,원더블랙인지 저렴한 펫 이거 어떻게 버리나요?
켜놓고,1,3,1,5,0,0,0,0,0,3,기타,1.0,1.0,1.6745661694708114,피시방에서 접속만 시켜놓고 집에서 보상수령가능한가요?,집에 PC 켜놓고 PC방 왔는데 도움 부탁드립니다.. ㅠㅠ 형님들,지피방? 원격피시방? 질문있습니다
퀵패스,1,3,1,5,0,0,0,0,0,3,기타,1.0,1.0,1.6745661694708114,에테리온 효과 다 받는 기준이면 몬파 매일 3천포인트 씀??,에픽 던전 질문드립니다!,익몬 퀵패스 질문
타오르,1,3,1,5,3,0,0,0,0,0,아이템,1.0,1.0,1.6745661694708114,카루타 11성 9퍼 공10 둘둘,무기 2추옵+18%인데 더돌려야하나요?,타오르는 환생을 불꽃 구매해도 ㄱㅊ 나요?
표시,1,3,1,5,0,0,0,0,0,3,기타,1.0,1.0,1.6745661694708114,시퀀스 화면 표시,이거 어캐한거에요? 일루전링?,환산 사이트 궁금한점 있습니다
플라즈마하트 업글,2,3,1,4,3,0,0,0,0,0,아이템,1.0,1.0,1.6745661694708114,카링 안잡아도 플라즈마하트 업글이 될까요?,챌섭 메린이 메소로 어떤스펙업 먼저하나요??,
하트 바르고,2,3,1,4,3,0,0,0,0,0,아이템,1.0,1.0,1.6745661694708114,뉴비 챌섭 레잠 사용처 및 미래 템세팅 조언 부탁드립니다,레전 잠재 하트 말고 어디에 쓸까요?,카레잠 하트에 바르고 옵션은 뭘로 띄워요??
하트 유니크,2,3,1,4,3,0,0,0,0,0,아이템,1.0,1.0,1.6745661694708114,하트 유니크 21퍼면 당분간 안건드려도 되겠죠?,이번 유입 뉴비 레잠 질문,이번 미라클때 미트라 등업 어캐생각하시나요
현시점,1,3,1,4,0,0,0,0,0,3,기타,1.0,1.0,1.6745661694708114,메이플 늦은 유입 뉴비 현시점 제네패스 질러도 될까요?,너무 궁금해서 질문,메이플 엠작
1주차,1,5,1,6,1,0,1,0,0,3,몬스터,0.2,0.5473066694941109,1.6744530180961545,렌 해방무기좀 봐주셈 큐브,1주차 메이린 고민이 있어여,챌삽 주보 질문
밑에,1,5,1,6,1,0,1,0,0,3,몬스터,0.2,0.5473066694941109,1.6744530180961545,님들 저 메린인데 윌 1페 이거 버근가요?,유니온 질문있ㅅ브니다,밑에 메린이 컴퓨터 질문한 사람입니다!
주려고,1,7,0,7,3,0,0,2,0,2,직업,0.2857142857142857,0.6086206091699567,1.6725162597551657,부캐 육성,뉴비 유니온에 대해 궁금해요!,뉴비인데 고민이 있어요 ㅠㅠㅠ
안에,1,11,0,12,5,1,1,0,0,4,퀘스트,0.09090909090909091,0.34452462089820685,1.6705090856368223,헥환 8만 목표 과금 어느정도 해야할까요?,궁금해서 그런데 왕예인 따려면 얼마써야됨??,시세의 달인 계시나요?
두번째,1,14,0,14,7,0,1,1,1,4,아이템,0.5,0.23301071650035937,1.6695274593899891,챌섭 블큐 화에큐 사용처 및 챌 달성 질문,메린이 템세팅 관련해서 질문 있습니다..!,보마 검마 3페 사선 피하는 법 질문입니다.
공마,1,6,1,11,2,0,0,1,0,3,직업,0.16666666666666666,0.41952867340286965,1.6683371216997345,제네시스 무기 추옵 궁금해요,헥사스탯 3 열려고 하는데 질문이 있습니다,헥사 떡작 질문드려요
찍기,1,6,1,8,2,0,0,1,0,3,직업,0.16666666666666666,0.41952867340286965,1.6683371216997345,무자본 하드메이린 방향 추천 부탁드립니다.,메린이 질문!!,유니온 계정 버리고 새로 키우는게 맞을까요 조언 부탁드립니다!
나나요,1,5,2,7,2,0,1,0,1,1,몬스터,0.2,0.4005740186284485,1.668289653031544,선생님들 리레 4랑 3이랑 차이 큰가요?,에디에픽 토드 비용 1억 메소 사용할만 한가?,여명 18 21퍼 가격차이가 보통 얼마나 나나요?
닉은,1,6,1,7,3,0,1,1,0,1,몬스터,0.16666666666666666,0.4169351991729952,1.66528907525098,이제 뭘 더 올리지... 레벨은 너무 오래 걸리는데ㅇㅅㅇ,챌섭 진로 질문드려요,레테인데 해방 무기 윗잠 돌릴까요 말까요?
이지 카링,2,6,1,9,3,0,1,1,0,1,몬스터,0.16666666666666666,0.4169351991729952,1.66528907525098,플라즈마 하트 스페어 질문,여명으로 카링 될까요?,메린이 하드 메이린까지 진로 상담 부탁드립니다.
질문좀용,1,3,3,6,2,0,0,1,0,0,직업,0.3333333333333333,0.6961648147281728,1.6646483574967101,드메 질문좀용,메린이 렌 신규스킬 질문좀용,챌섭 누비 검환불 질문좀용
스우 데미안,2,5,0,5,3,2,0,0,0,0,퀘스트,0.4,0.8580032000354849,1.664547413759804,햄들 스펙업 조언좀 부탁드림다...,제네패스 해방 날짜 메린이 질문드립니다!,메린이 제네패스 어둠의 흔적 관련해서 질문
이상태,1,5,0,5,3,2,0,0,0,0,퀘스트,0.4,0.8580032000354849,1.664547413759804,똥블렘 언제까지 써야하나요? 투자를 좀 해서...,님들 282렙 86000점인데 챌 하려면,뉴비 아이템 질문
챌섭 유입된,2,5,0,5,3,2,0,0,0,0,퀘스트,0.4,0.8580032000354849,1.664547413759804,에테 18성 직작 vs 완작사기,제네 플러스 코인 뭐돌릴까요?,(제네 해방) 하드 검마 파티격 흔적 획득량
재미,1,9,0,10,6,0,0,1,0,2,아이템,0.6666666666666666,0.44523006002294196,1.6638825960778583,전투력 1억5천 메린이 다음 스펙업을 도통 못잡겠어요 ㅠㅠ,궁금해서 그러는데 유챔나온게 왜 다들 별로라는거야?,메린이 제네시스 무기 질문해봅니다
혹시나,1,9,0,9,6,0,0,1,0,2,아이템,0.6666666666666666,0.44523006002294196,1.6638825960778583,뉴비 제논 진로 방향 알려주실분,4여명 5칠흑으로 7~8만 될까요?,메린이 템셋 조언 부탁드립니다.
어렵네요,1,11,0,11,7,0,0,1,1,2,아이템,0.6363636363636364,0.338307893503842,1.6627850920157339,계륵같은 에디인데 어케해야할까요,카룻을 갈까요 에테를 갈까요?,복귀뉴비 템진단좀 부탁드립니다
ex,1,6,0,6,1,0,2,0,0,3,몬스터,0.3333333333333333,0.7074314100553213,1.6612540548212371,님들 리프 질문 285렙 링크 관련,하드 카링 2인 파티배율 145% 빌드 궁금합니다,챌섭 뉴비 세렌 질문 드려요
돌았는데,1,4,1,5,1,2,1,0,0,0,퀘스트,0.5,0.7085408020606268,1.6607965842685173,좀비머쉬맘이 없어요,킹오루 얻을라고 카오스루타비스 각 1번씩 돌았는데 굳이 얻을 필요 없나요?,찐 메린이 입니다... 살려주세요
1개만,1,5,0,5,1,0,0,0,0,4,기타,0.8,0.8526665699072489,1.6597664349767867,보스 코인 질문이요,챌섭뉴비 레테 템 진로 잘 짠걸까요??,형님들 메이플 id관련좀 알려주십숑
1은,1,5,0,5,1,0,0,0,0,4,기타,0.8,0.8526665699072489,1.6597664349767867,제네플 잠재 더이상 건들지말고 환불 돌릴까요 ?,헥사 떡작 질문드려요,헥사2 옵션선택 질문
281렙,1,5,0,5,1,0,0,0,0,4,기타,0.8,0.8526665699072489,1.6597664349767867,챌섭 챌린저 질문,레테 하드 메이린 까지 가야되는데 템상담 좀 해주세요,아버 하버 다 놓친 후발대인데..
4석펫,1,5,0,5,1,0,0,0,0,4,기타,0.8,0.8526665699072489,1.6597664349767867,챌섭 떠날까요?,형님들 리프 언제 해야하나요?,5석펫 효과도 사용횟수 제한이있나요??
끝나기전까지,1,5,0,5,1,0,0,0,0,4,기타,0.8,0.8526665699072489,1.6597664349767867,6월말 유입 뉴비 현실적인 조언 부탁드립니다,템셋계획좀 봐주실수 있을까요??,아스트라 보조무기 얻는데 얼마나 걸려요?
된다는데,1,5,0,5,1,0,0,0,0,4,기타,0.8,0.8526665699072489,1.6597664349767867,3일차 뭐해야할지 모르겠어요 메쌤들 좀 도와주세요,챌린저스 서버 저번주에 알아서 이제 시작하는데 제네시스 무기 해방 될까요??ㅜㅜ,주흔작? 이번 유입입니다
딜찍누,1,5,0,5,1,0,0,0,0,4,기타,0.8,0.8526665699072489,1.6597664349767867,투력 6600만 메린이 검마 잡고 싶습니다.,형님들 템셋 조언좀 해주십쇼,메린이 검마 솔로 첫격파입니다
몇년만,1,5,0,5,1,0,0,0,0,4,기타,0.8,0.8526665699072489,1.6597664349767867,사우나 어디에 쓰는게낫나요?,루나 익스텐션 궁금합니다.,형님들 질문좀요.
새벽,1,5,0,5,1,0,0,0,0,4,기타,0.8,0.8526665699072489,1.6597664349767867,이번 유입 앞으로 템세팅 관해서 여쭤봅니다,메이플 목요일 보스,넥슨플러그 갑자기 로그인됐는데
여전히,1,5,0,5,1,0,0,0,0,4,기타,0.8,0.8526665699072489,1.6597664349767867,대장장이 고견 나눠주실 메짱엉아들?,메이플 좀 켜두면 생기는 잔렉? 프레임드랍? 해결방법 있을까요..,"메린이, 메복이 궁금증들 해소해주라"
적혀있는데,1,5,0,5,1,0,0,0,0,4,기타,0.8,0.8526665699072489,1.6597664349767867,스타포스,피씨방 누적 접속시간,환산 링크에서 번호 매겨서 있는순이 중요도인가요
케릭,1,5,0,6,1,0,0,0,0,4,기타,0.8,0.8526665699072489,1.6597664349767867,본섭 깡통케릭들 유챔용으로 살릴만한가요?,4주차 뉴비 앞으로 진로방향좀 가르쳐주세요!,뉴비 유니온에 대해 궁금해요!
하여,1,5,0,5,1,0,0,0,0,4,기타,0.8,0.8526665699072489,1.6597664349767867,레테 보조 질문드립니다..,본캐 / 챌섭 부캐 투자우선권 질문입니다.,안녕하세요...메이플 시작 3주차인데..
6차스킬,1,5,0,5,0,0,4,1,0,0,몬스터,0.8,0.8493047823354687,1.6567546776191515,노말 진힐라 258퍼 인데 너무 힘들어요...,뉴비 복귀유저 자유전직 문의 드립니다,
정도인데,1,8,0,8,3,1,0,0,0,4,퀘스트,0.125,0.5077388757537479,1.656420457005708,이번 챌섭 유입 메린이 제네시스 무기 잠재능력 질문 있습니다,아스트라 보조 질문입니다,형님들 질문 있습니다.
4년전에,1,5,0,5,1,0,0,3,0,1,직업,0.6,0.8489086029502967,1.656399748536704,제로<>렌 직변 해보신분 궁금합니다.,시그너스 기사단 코디 무슨 방법으로도 못구하나요??,복귀는 무조건 챌섭이야?
버닝 비욘드,2,4,2,7,0,1,0,1,0,2,퀘스트,0.25,0.5479884749640008,1.6562566410469175,버닝 비욘드 캐릭을 리프시키면 다른 캐릭터에게 가능할까요?,버닝 비욘드 270 본캐 선택 하고 렙업 했는데 이전 보상 못받나요?,복귀유저인데 버닝비욘드 어디다가 줘야할까요?
하드 듄켈,2,5,1,6,2,1,0,1,0,1,퀘스트,0.2,0.5302542804623162,1.6559993884162838,이번 이벤으로 시작한 늅늅이 장비좀 봐주실수 있을까요?,환산 스탯 기준 100% 넘으면 잡을만 한건가요?,"메린이 하드듄켈,진힐라에 막혔습니다 장비 고민.."
전부다,1,7,0,8,2,0,0,2,0,3,직업,0.2857142857142857,0.5910816473994608,1.6542806369034138,제네무기 고민중인데여..,링크3렙 방법 알려주세용,아버 끝나고 방어구
팬텀,1,5,1,7,0,0,1,0,0,4,몬스터,0.2,0.5273332893287218,1.652838371588845,필터키 질문드립니다.,복귀뉴비 200레벨비약 질문이 있습니다,뉴비 하드세렌 질문드립니다
200비약,1,4,1,6,1,1,0,0,0,2,퀘스트,0.25,0.6995000070391078,1.652008429210879,스카니아? 엘리시움?,200비약 질문 드려요,레테 칭호 얻으려는데 도와주세요
하드 스우,2,4,1,5,1,1,0,0,0,2,퀘스트,0.25,0.6995000070391078,1.652008429210879,메린이 템 셋팅 질문!!,하드 스우에서 루컨마 떳는데,제네패스 해방 날짜 메린이 질문드립니다!
였는데,1,7,0,7,3,0,2,1,0,1,몬스터,0.2857142857142857,0.5885028467305246,1.6515994042840647,제로<>렌 직변 해보신분 궁금합니다.,에디에픽2줄 이거 가능한걸까요.. ?!?,이번 모멘텀 패스 및 경험치 BM류 관련 질문입니다
카이,1,6,1,9,2,0,1,1,0,2,몬스터,0.16666666666666666,0.40524238458454703,1.6515467979722145,메이플 쌩뉴비 질문드려요...,자석펫 질문이요~,초보 보스 공략하려면 환산주스탯 몇퍼정도부터 트라이하면 좋을까요?
부족해서,1,10,0,11,5,0,0,1,0,4,기타,0.4,0.37653775966613057,1.650396693365937,하드 메이린 배율좀 봐주세요,하드 메이린 잡고 싶은데 스펙업 방향을 알려주세요!,작을 새로 해주는게 나을까요?
3표 투표,2,6,0,6,4,0,0,2,0,0,직업,0.3333333333333333,0.6961648147281728,1.6502921637250383,8만대 목표 템세팅 질문,291 메르 vs 281 레테 조언 부탁드립니당ㅠ,도미 쓸까요 팔까요
3표 투표 종료되었습니다,3,6,0,6,4,0,0,2,0,0,직업,0.3333333333333333,0.6961648147281728,1.6502921637250383,8만대 목표 템세팅 질문,291 메르 vs 281 레테 조언 부탁드립니당ㅠ,도미 쓸까요 팔까요
경우에,1,9,0,10,3,0,1,0,0,5,기타,0.5555555555555556,0.43342132125817284,1.650287283154449,동전꼽기가 운영정책 위반인지 여부,보마 카링1페 질문 있습니다,소과금 익스우 솔플 목표로 템세팅 질문이여
간신히,1,5,0,5,2,2,0,0,0,1,퀘스트,0.4,0.8402326606919903,1.648627147688806,이번 이벤으로 시작한 늅늅이 장비좀 봐주실수 있을까요?,보스 윌을 클리어하지를 못하겠습니다..,복귀쌩뉴비 템 진로상담(사실상 황무지에서 재건) 질문
검은마법사,1,5,0,5,2,2,0,0,0,1,퀘스트,0.4,0.8402326606919903,1.648627147688806,제네시스 해방퀘스트 질문,(제네 해방) 하드 검마 파티격 흔적 획득량,메린이 스펙업 방향성 조언 부탁드립니다 ㅠㅠ
격파,1,5,0,5,2,2,0,0,0,1,퀘스트,0.4,0.8402326606919903,1.648627147688806,형님들 템 뭐 부터 교체해야 하는지 추천 부탁드립니다.,해방날짜 이거 맞나요??,템셋계획좀 봐주실수 있을까요??
해방하,1,5,0,5,2,2,0,0,0,1,퀘스트,0.4,0.8402326606919903,1.648627147688806,뉴비템세팅 상담신청! (feat. 이게 좋데! 하고 사려고 하면 비쌈주의ㅠ),챌시즌2 하다가 이번에 복귀 질문,오늘 검마 솔격으로 잡아야 되는건가요?
안할,1,4,2,6,1,0,0,1,0,2,직업,0.25,0.5406346522178842,1.6483884831392042,챌섭 메린이 해방했는데 잠재 어떻게 할까요?,메이플 일반 택배가 12시간이 지났는데도 도착 안할 수 있나요?,안녕하세요! 복귀 뉴비 직업 고민 선택 부탁드립니다.
재설정,1,4,2,7,1,0,0,1,0,2,직업,0.25,0.5406346522178842,1.6483884831392042,레테 메이플 뉴비 어빌리티 재설정 질문,챌섭 사파이어보상 유니크에잠 잘못 썼는데 혹시 복구해줄까요...?,어빌리티 재설정 질문 드립니다
칭호,1,3,2,10,1,1,0,0,0,1,퀘스트,0.3333333333333333,0.7874252086762499,1.6472860383646561,벨룸과 칠요,카벨룸 칭호,레테 칭호 얻으려는데 도와주세요
가야할지,1,8,0,8,6,0,0,1,0,1,아이템,0.75,0.49878016789360424,1.6465783104599665,메린이 익스우 템세팅 질문,챌린저 찍고싶은 메린인데 향후 템셋팅 어떻게 해야하나요?,[뉴비] 메짱이형님들 템진로 조언 부탁드립니다
이상태인데,1,8,0,8,6,0,0,1,0,1,아이템,0.75,0.49878016789360424,1.6465783104599665,데티목표입니다 조각 템펙업 고민입니다,챌섭 유입 질문 한개 해도 되겠습니까,메짱 성님들 챌섭 제네 진로점영
있을까,1,8,0,8,6,0,0,1,0,1,아이템,0.75,0.49878016789360424,1.6465783104599665,메린이 에디 레전 천장 어떻게 하는게 좋을까요,메린이 하드 메이린 배율 105인데 못잡겠습니다..,안녕하세요...메이플 시작 3주차인데..
얘는,1,5,1,6,2,0,1,2,0,0,직업,0.4,0.5200993541307358,1.6450100044889089,뉴비 검마까지 방향성 조언좀....,렌 돌진기 질문,챌섭 복귀유저 렌 스펙업 훈수 부탁드립니다.
짜리,1,9,0,9,6,0,0,2,1,0,직업,0.2222222222222222,0.4286718759412273,1.6448192821610546,부케소마 214 200 짜리두마리인데,뉴비 루컨마 시세 문의 드립니다..!!!,미트라 교체 타이밍 궁금합니다
되었습니다,1,8,0,9,2,1,0,0,0,5,퀘스트,0.125,0.49533989842509946,1.6427987881455373,챌섭 블큐 화에큐 사용처 및 챌 달성 질문,제네무기 옵션 방향성좀 알려주세요...,진짜 초보 메린이 질문있습니다
준극딜,1,5,1,7,0,0,2,3,0,0,직업,0.6,0.5156450732396937,1.640189703362764,메잘알 형들 나로 질문이요ㅜㅜ,세렌 딜 충분할까요?,제논 고수분들 도와주십셔ㅜ
키워서,1,10,0,10,1,0,0,2,1,6,직업,0.2,0.365708185902045,1.6374126014982762,본섭 깡통캐릭 유챔하는거 별로일까요?,루나 크리스탈 키 평소 시세가 10억 쯤 될까요?,보스돌이 재화투자 질문
메카닉,1,5,0,8,0,0,0,3,0,2,직업,0.6,0.8261146446834995,1.6359791032538427,복귀뉴비 200레벨비약 질문이 있습니다,200렙 만드는 물약 어디에 쓰는게 효율적인가요?,지난주에 시작한 뉴비 질문 드려봅니디
메이린 노말,2,4,1,5,3,0,1,0,0,0,몬스터,0.25,0.6827633538461116,1.635739472437069,챌썹 랩 276 썬콜 메이플 처음하는 메린이 메이린 최소컷 질문 ㅠ,하드 메이린이랑 노말 메이린 차이가 큰가요?,메이린 헤어/성형 쿠폰
오르는거,1,4,1,5,3,0,1,0,0,0,몬스터,0.25,0.6827633538461116,1.635739472437069,"하드메이린 환산 오르는거 평딜,준극이랑 오리진이랑 비슷하면",스펙업 질문!,주흔 15% 작하려는데
싶어서요,1,12,0,12,6,0,0,1,1,4,시세,0.08333333333333333,0.2751855941201792,1.635393235141381,꼭 챌린저스나 하이퍼버닝으로 키워야 하나요 ?,얼굴장식 토드,루컨마 추옵 가격 좀 알려주세요
맞는건지,1,8,0,8,3,0,2,2,0,1,몬스터,0.25,0.4868325536918419,1.6334525146776446,챌섭 챌린저 목표 템셋팅 관련 질문입니다.,챌섭 뉴비 질문입니다.,일보 챙겨잡는게 좋나요?
받았습니다,1,5,0,5,1,2,0,0,0,2,퀘스트,0.4,0.8231832940769283,1.633352965650367,동전꼽기가 운영정책 위반인지 여부,뉴비가 모험미션 질문드리겠습니다!,메린이 도움!!
가야할까요,1,5,1,6,3,0,0,0,0,2,아이템,0.6,0.5090213057352097,1.6330216430759972,미트라 무조건 가야할까요?,스펙업 질문 !,챌섭 템맞추려는데 궁금한게 생겼습니다
가져가는게,1,5,1,6,3,0,0,0,0,2,아이템,0.6,0.5090213057352097,1.6330216430759972,세트효과 어떻게 가져가는게 좋을까요,메린이 방향성이 잘못된걸까요? 현실조언 부탁드립니다,이벤링 잠재 질문
궁금한,1,5,1,6,3,0,0,0,0,2,아이템,0.6,0.5090213057352097,1.6330216430759972,에테 스타포스 할만한지 아니면 사먹는게 나은지 궁금합니다.,챌섭 쌩뉴비 여러 가지 질문 드립니다 !,수로랑 플래그 돌아도 오프접하면 안되는 이유가 궁금해서 질문을 합니다아
달면,1,5,1,6,3,0,0,0,0,2,아이템,0.6,0.5090213057352097,1.6330216430759972,에테 이 정도 되는 옵션 작된 장비 18성 달면 얼마 정도 할까요?,하드메이린 진로,"매쌤들께 스타포스 여쭤봐요(마이링,데브펜)"
되나여,1,5,1,6,3,0,0,0,0,2,아이템,0.6,0.5090213057352097,1.6330216430759972,복귀 메린이인데 블랙보조 질문드립니다,챌섭뉴비 마도서 팔아도 되나여,피씨방 누적 접속시간
바꾸는거,1,5,1,6,3,0,0,0,0,2,아이템,0.6,0.5090213057352097,1.6330216430759972,레테 하드 메이린 스펙 업 질문 있습니다!,본캐렌인데 레테로 바꾸는거 어때연,챌섭 거공 vs 드메템 고민 중입니다
시점,1,5,1,6,3,0,0,0,0,2,아이템,0.6,0.5090213057352097,1.6330216430759972,칠흑 아랫급에 별누르는건 요새 별로임?,환산 특정 시점으로 돌아가서 보기,렌 템셋고민
얻을수,1,5,1,7,3,0,0,0,0,2,아이템,0.6,0.5090213057352097,1.6330216430759972,세렌 여명 팁 좀 주세요 . . .,대적자 큐브,제네무기 질문
이지 대적자,2,5,1,7,3,0,0,0,0,2,아이템,0.6,0.5090213057352097,1.6330216430759972,이지 대적자가 안잡혀서 다음 템세팅 조언좀요..,메린이 하드 메이린까지 진로 상담 부탁드립니다.,이번 메이플 챌린저스 유입 뉴비입니다. 도와주세요
접은,1,5,1,6,3,0,0,0,0,2,아이템,0.6,0.5090213057352097,1.6330216430759972,선생님들이라면 이 예전 미해방 본캐 어케 처리하실건가요?,초보인데 메이플 좋은직업이있을까요,모멘텀 패스 구매고민
줄까요,1,5,1,7,3,0,0,0,0,2,아이템,0.6,0.5090213057352097,1.6330216430759972,모멘텀 패스 플러스 누구 줄까요?,메카베리 본캐vs부캐,챌섭 부캐 에디 레전 천장 사용처 질문
하메 배율,2,5,1,7,3,0,0,0,0,2,아이템,0.6,0.5090213057352097,1.6330216430759972,메린이 하드메이린 목표 템셋 봐주시면 감사하겠습니다!,284->285되면 하메 배율 얼마정도 오르나요,제네 잠재 질문있습니디
괜찮은가요,1,5,1,6,3,0,0,1,0,1,직업,0.2,0.5075135350649752,1.631389974836503,120억에 샀는데 ㄱㅊ은가요??,제네패스 지금써도 괜찮은가요??,초보인데 메이플 좋은직업이있을까요
산다,1,5,1,8,3,0,0,1,0,1,직업,0.2,0.5075135350649752,1.631389974836503,선생님들 메린이 진로 추천 부탁드리겠습니다,레테 9만원 정도 현질해서 장신구 산다 치면,뉴비 해방이후 스펙업 방향성 검토 부탁드리겠습니다
이중,1,5,1,6,3,0,0,1,0,1,직업,0.2,0.5075135350649752,1.631389974836503,챌섭 유입 메린이 템 진로 고민입니다 !!,메린이 본캐 정하는루트 이중에 뭐가좋을까요?,뉴비 듀블 레잠 질문입니다!
좋은건지,1,5,1,7,3,0,0,1,0,1,직업,0.2,0.5075135350649752,1.631389974836503,본캐 데티해방까지 본캐만 쭉 투자해도되나요?,오리진 패치이후 무조건 선오리진이 좋나요?,안녕하세요 챌섭유입 메린이 해방무기 추옵질문입니다!
하시나요,1,5,1,7,1,0,1,2,0,1,직업,0.4,0.5072373890878926,1.63109113720213,검마 극딜 질문,뉴비 챌린저스 서버 부캐(?) 질문,메고수님께 자석펫 위치 질문
아니라면,1,7,0,7,4,1,0,0,0,2,퀘스트,0.14285714285714285,0.5679926414696079,1.6302745178600997,메잘알 선배님들 질문,노칼 딜배율 200% 목표 / 18에테 교체 순서 및 칠흑·엠블 문의,혹시 나중에 이벤트로 버닝캐 한마리 더 줄수도있나요?
넘게,1,10,0,10,7,0,1,1,0,1,아이템,0.7,0.3592320776160527,1.6296480867757204,잠재 좀더 돌려야될까요?,울티마 40렙부터 경험치 올리기 빡센게 맞는거죠?,메린이 챌린저 달았는데 이제 세팅 뭐부터할까요?
들어갈,1,4,1,5,0,1,0,0,0,3,퀘스트,0.25,0.6761818942309646,1.6293419280324202,캐시샵 들어가는게 엄청 오래걸리는데 해결법 아시는분 계신가요,어빌리티 설정,마빌 채광을 들어갈 수가 없음ㅠㅠ
스토리,1,4,1,5,0,1,0,0,0,3,퀘스트,0.25,0.6761818942309646,1.6293419280324202,메이플 뉴비 ai한태 챌썹 물어봤는데 맞나요?,미션 울티마 스토리 퀘,15일 이용 제한을 받았는데 사유가....
생각중,1,7,0,7,6,0,0,1,0,0,아이템,0.8571428571428571,0.5669729146698427,1.6292142867258017,메린이 챌섭 미라클 타임 문의,메고수 형님들 뉴비 스펙업 도움,템 진로상담 해주실분
여명 4셋,2,7,0,7,6,0,0,1,0,0,아이템,0.8571428571428571,0.5669729146698427,1.6292142867258017,칠흑 보통 얼마정도 하나요?,뉴비 50억으로 뭐해야 할 까요 ?,30억 있는데 템 어떻게 보강해야할까요??
같긴한데,1,10,0,10,4,1,1,0,0,4,퀘스트,0.1,0.3581381016406273,1.6283364668657065,스펙업 질문!,[질문] 복귀 유저 아버 이후 에테르넬 17성 풀셋 질문,미트라 vs 에테 장갑 고민 추천 부탁드립니다.
얘도,1,6,0,6,3,0,0,2,0,1,직업,0.3333333333333333,0.6733120774840683,1.6280574770565395,뉴비 검마까지 방향성 조언좀....,레테 쿨뚝 질문,리프 관련해서 질문 드립니다. ㅠㅠ
있긴한데,1,11,0,11,7,0,1,0,1,2,아이템,0.6363636363636364,0.3102100171340294,1.6278747920975998,보마 하드메이린 연모배율 103.6퍼에 어센트 2번봤는데 3.8퍼 남으면 최종뎀 얼마나 올려야할까요???,복귀뉴비라서 아이템 가격 질문 드립니다,똥블렘 vs 미트라 고민좀용 ㅠㅠㅠㅠㅠ
350억,1,4,1,5,3,0,0,0,0,1,아이템,0.75,0.6746376658839944,1.6278408522835204,안녕하세요 선생님들 템 진로 고견좀 여쭙습니다,메린이 방향성이 잘못된걸까요? 현실조언 부탁드립니다,챌섭 유입 질문드립니다.
5줄 보조,2,4,1,5,3,0,0,0,0,1,아이템,0.75,0.6746376658839944,1.6278408522835204,5줄 보조 아스트라 전승 시켜도 되나요?,다음 스펙업 뭐가좋을까요?,템세팅 질문
교환,1,4,1,11,3,0,0,0,0,1,아이템,0.75,0.6746376658839944,1.6278408522835204,첼섭 구 마라벨 헤어 질문,자섯펫 무한 교환 임?,메린이 드메템 질문이요!
노릴,1,4,1,5,3,0,0,0,0,1,아이템,0.75,0.6746376658839944,1.6278408522835204,렌 해방무기좀 봐주셈 큐브,템세팅 진로 질문드립니다,챌린저 노릴 수 있을까요
다른 아이템,2,4,1,6,3,0,0,0,0,1,아이템,0.75,0.6746376658839944,1.6278408522835204,에디 레전 천장 관련 질문,챌린저스 서버 캐릭터 육성 질문,카유잠
달았는데,1,4,1,5,3,0,0,0,0,1,아이템,0.75,0.6746376658839944,1.6278408522835204,진로 고민 도와주세요,메린이 챌린저 달았는데 이제 세팅 뭐부터할까요?,mvp 레드만 유지하고 블랙으로 가긴 싫은데 질문있습니다
도와줘요,1,4,1,5,3,0,0,0,0,1,아이템,0.75,0.6746376658839944,1.6278408522835204,메쌤 도와줘요,이거 윗잠 돌리는게 낫나요 ?,"매쌤들께 스타포스 여쭤봐요(마이링,데브펜)"
된걸,1,4,1,5,3,0,0,0,0,1,아이템,0.75,0.6746376658839944,1.6278408522835204,18성 주문서 어디에 쓰나요?,뉴비 주보캐 템 질문좀 받아주실분,겨울에 제네패스 나오나요?
맞추고싶은데,1,4,1,5,3,0,0,0,0,1,아이템,0.75,0.6746376658839944,1.6278408522835204,하드메이린 목표 템셋 좀 봐주세요 ㅠㅠ,첼섭뉴비 2칠흑 맞추고싶은데 고근갈까요?,제논 보조 질문드려요
메고수분들,1,4,1,5,3,0,0,0,0,1,아이템,0.75,0.6746376658839944,1.6278408522835204,이지카링이 짜증나는 이유가 뭔가요??,잠재 더 돌리는게 나을까요?,템잘알 메고수분들 도와주세요
받음,1,4,1,5,3,0,0,0,0,1,아이템,0.75,0.6746376658839944,1.6278408522835204,어샌틱 심볼 선택권 뭐 받음?,메린이 레전 잠재 질문,특수경험치 레벨업시 처리방식
보공40,1,4,1,5,3,0,0,0,0,1,아이템,0.75,0.6746376658839944,1.6278408522835204,"보조무기 보공40,35 차이가 큰가요??",챌섭뉴비 챌린저달고싶은데 뭐해야할까요,2석펫 vs 쌍레 보조 맞추기 고민됩니다
본섭 챌섭,2,4,1,6,3,0,0,0,0,1,아이템,0.75,0.6746376658839944,1.6278408522835204,울티마 스쿼드 코인샵 본섭 실수,챌섭 보조무기 질문입니다,본섭 7만 중후반 주차 후 챌섭 갈아타는 게 맞을까요?
사파이어,1,4,1,5,3,0,0,0,0,1,아이템,0.75,0.6746376658839944,1.6278408522835204,메쌤 도와줘요,이거 엠블렘 윗잠 옵션 돌려야하죠?,챌섭 사파이어 보상 카레잠 유에잠 깡통 미트라에 쓰는거 어때요??
세팅해야,1,4,1,5,3,0,0,0,0,1,아이템,0.75,0.6746376658839944,1.6278408522835204,칠흑 보통 얼마정도 하나요?,메린이 하드메이린 잡으려면 어떻게 세팅해야 할까요…,불독 템 셋팅 나름대로 생각해봤는데 어떤가요?
시스템,1,4,1,5,3,0,0,0,0,1,아이템,0.75,0.6746376658839944,1.6278408522835204,메이플은 쩔? 버스? 같은거 없나요??,챌섭 복귀 메린이 보조무기 질문,메소제한 관련 질문이 있습니다
안드로이드,1,4,1,5,3,0,0,0,0,1,아이템,0.75,0.6746376658839944,1.6278408522835204,이번 코인샵에서 안드로이드 안 팜?,이거 어캐한거에요? 일루전링?,원본 초롱나비 로이드 얼마인가요?
안잡혀서,1,4,1,5,3,0,0,0,0,1,아이템,0.75,0.6746376658839944,1.6278408522835204,템 세팅 방향성 질문드립니다,이지 대적자가 안잡혀서 다음 템세팅 조언좀요..,복귀뉴비 200레벨비약 질문이 있습니다
알려줘,1,4,1,5,3,0,0,0,0,1,아이템,0.75,0.6746376658839944,1.6278408522835204,아델 제네 무기 뭐 건드릴지 알려줘,형들 템세팅 이렇게 하러는데 어때?,250물약 어디에 쓰는게 좋을지 질문
어디다 써야,2,4,1,6,3,0,0,0,0,1,아이템,0.75,0.6746376658839944,1.6278408522835204,환산 7~8만 목푠데 다음 메소를 어디다 써야 해야할까요?,쌩뉴비 해방이후 템세팅 진로(자본 80억),뉴비 챌린저까지 템세팅 질문!
언제까지,1,4,1,5,3,0,0,0,0,1,아이템,0.75,0.6746376658839944,1.6278408522835204,똥블렘 언제까지 써야하나요? 투자를 좀 해서...,메린이 미트라 옵션 질문있어요!!!!!!!!!!!!,울티마 장비
없는건가요,1,4,1,5,3,0,0,0,0,1,아이템,0.75,0.6746376658839944,1.6278408522835204,챌섭 뉴비 2가지 질문 (대적자+헥사순서),챌뉴비 방어구 질문드려요!,혹시 졸눈성형 지금은 얻을수 없는건가요??
에다,1,4,1,5,3,0,0,0,0,1,아이템,0.75,0.6746376658839944,1.6278408522835204,챌섭뉴비 챌린저달고싶은데 뭐해야할까요,메린이 토드(장비전승) 간단 질문이용,메린이 케릭터생성제한
연합토큰,1,4,1,5,3,0,0,0,0,1,아이템,0.75,0.6746376658839944,1.6278408522835204,연합토큰 어디에 쓸까요,첼섭 테라버닝 딸기농장,템 진로 찐 최종 확인 제발 부탁드립니다
익스우 노흉,2,4,1,6,3,0,0,0,0,1,아이템,0.75,0.6746376658839944,1.6278408522835204,"익스우, 노흉 목표 템 진로 질문좀요",지금의 조건으로 어느정도 맞춰야할까요 진로상담 부탁드립니다,18아케인에서 스팩업 질문 있습니다
익스트림,1,4,1,6,3,0,0,0,0,1,아이템,0.75,0.6746376658839944,1.6278408522835204,헥환 7만 중반 ~ 8만 목표 레테 템세팅 조언 부탁드립니다.,이번 메이플 챌린저스 유입 뉴비입니다. 도와주세요,뉴비 익스트림 성장의 비약 질문
정도로,1,4,1,6,3,0,0,0,0,1,아이템,0.75,0.6746376658839944,1.6278408522835204,지피방? 원격피시방? 질문있습니다,챌섭 하메 포기해야 될까요?,메린이 템셋팅질문
주화,1,4,1,6,3,0,0,0,0,1,아이템,0.75,0.6746376658839944,1.6278408522835204,메린이 에디 레전 천장 어떻게 하는게 좋을까요,하트 업그레이드 모듈 질문있습니다,제가 23일에 해방을 하게 되는데
챌린저 찍고,2,4,1,5,3,0,0,0,0,1,아이템,0.75,0.6746376658839944,1.6278408522835204,290 찍을꺼면 챌섭에 남는게 맞나요??,챌섭 챌린저 찍고싶어우..,뉴비 챌린저 찍고 싶은데 엠블렘 안 맞추고도 될까요?
챌섭 아델,2,4,1,5,3,0,0,0,0,1,아이템,0.75,0.6746376658839944,1.6278408522835204,선생님들 헥사환산 몇을 목표로 잡아야할까요?,님들 링크 3렙 찬란한영웅의 증거 질문 있습니다,챌섭 레잠 하나 남는데 어디에 쓰면좋을까요?
판매하는게,1,4,1,5,3,0,0,0,0,1,아이템,0.75,0.6746376658839944,1.6278408522835204,메짱님들 골클벨 잠재 33%인데 팔리나요? 조언 구합니다,거공 아랫잠 돌리다 떴는데 아랫잠 기준으로 판매하는게 나을까요?,메소마켓 질문
프악마,1,4,1,5,3,0,0,0,0,1,아이템,0.75,0.6746376658839944,1.6278408522835204,챌린저 하고 싶은데 여기서 무보엠 바꿔주면 되나요?,챌섭 하메 템진로 질문 있습니다!,이번유입 템셋팅질문..!
프펫작,1,4,1,5,3,0,0,0,0,1,아이템,0.75,0.6746376658839944,1.6278408522835204,챌섭 종료후 리프 고민,챌썹 D라벨에 프펫작 해도 되나요?,장문)챌섭에서 본캐 레테하고 있는 유저인데 템셋팅 고민입니다.
하드진힐라,1,4,1,5,3,0,0,0,0,1,아이템,0.75,0.6746376658839944,1.6278408522835204,이제 하드진힐라 잡고 다이아 찍은 뉴비 진로 좀 부탁드려요,해방 / 보스도전 질문이요,유챔 관련 질문이 있습니다
해주시면 감사하겠습니다,2,4,1,5,3,0,0,0,0,1,아이템,0.75,0.6746376658839944,1.6278408522835204,진짜 찐 뉴비 템세팅,메린이 진로 상담(1억 목표),무자본 메제유저 스펙업 훈수좀 부탁드립니다. (스펙상세첨부
27퍼는,1,4,1,5,3,0,0,0,1,0,시세,0.25,0.6744449701201086,1.6276535412950568,헥환 8만 목표 과금 어느정도 해야할까요?,윗잠 27퍼는 21성이 마지노선인가요??,메쌤들 반지 질문있습니다!
경매장 시세,2,4,1,5,3,0,0,0,1,0,시세,0.25,0.6744449701201086,1.6276535412950568,에테 크뎀장감 추옵 197 템 판매 질문,지금 경매장 시세 왜이래여?,장문)챌섭에서 본캐 레테하고 있는 유저인데 템셋팅 고민입니다.
공2줄,1,4,1,5,3,0,0,0,1,0,시세,0.25,0.6744449701201086,1.6276535412950568,제네 플러스 코인 뭐돌릴까요?,4만 메린이 템세팅 질문 드립니다,메린이) 시그너스 광휘 쌍레 4줄 시세 챌섭전에 얼마정도였나요?
남캐,1,4,1,5,3,0,0,0,1,0,시세,0.25,0.6744449701201086,1.6276535412950568,마라벨 헤어쿠폰,헤어나 성형도 프리스타일 되나요??,남캐 헤어 종류 잘 아시는 분 계실까요..
되려나요,1,4,1,6,3,0,0,0,1,0,시세,0.25,0.6744449701201086,1.6276535412950568,챌섭 레테 레유잠 받았는데 이거 어디다 발라야할까요...?,이번 유입 앞으로 템세팅 관해서 여쭤봅니다,챌섭뉴비 마도서 팔아도 되나여
스타포스 강화권,2,4,1,5,3,0,0,0,1,0,시세,0.25,0.6744449701201086,1.6276535412950568,뉴비 아버 템 대체질문,하드 메이린 목표 템셋팅 조언좀 부탁드립니다,메린이 카르마 200제 20성 스타포스 강화권 얼마에 팔아야할까요
쌍크뎀,1,4,1,6,3,0,0,0,1,0,시세,0.25,0.6744449701201086,1.6276535412950568,렌 템셋고민,챌섭 유입 메린이 템 진단좀 부탁드려요,스펙업 진로상담 부탁드립니다.
잡레,1,4,1,5,3,0,0,0,1,0,시세,0.25,0.6744449701201086,1.6276535412950568,메린이 본캐 템 질문드립니다!!,카레잠 사용처 추천좀요,미트라 엠블 잡레 관세 합해서 70억 사도될까요?
와이프,1,4,1,5,0,0,0,1,2,1,시세,0.5,0.6733727084076748,1.6266112433368787,딱 5만원만 지른다면 뭐 살까요?,와이프가 시작한다해서 보마로 하버 만들어줬는데 텔포직업을 원합니다 ㅠ,메포는 보통 어디에 쓰나용 ?
원하,1,7,0,7,1,0,0,1,0,5,기타,0.7142857142857143,0.5644333035939294,1.6265738003403194,아흐... 펫장비 이전 줌서에 대한 글은 많은데...,링크3렙 방법 알려주세용,챌섭 리프 관련 질문글
보이게,1,3,2,6,2,0,1,0,0,0,몬스터,0.3333333333333333,0.7635000897868343,1.625236716176828,혹시 미라클때 올릴만한게 있을까여,메쌤들 혹시 대적자 3페 분신 잘 보이게 하는 설정 있나요 ?,소멸의 여로 세트 효과 누리면서 코디는 기본 아이템 보이게 하는 법
이지윌잡을수있나요,1,3,2,7,2,0,1,0,0,0,몬스터,0.3333333333333333,0.7635000897868343,1.625236716176828,이지윌 전투력 1166만이면잡나요?,전투력 1100만 렌 이지윌잡을수있나요?,
조언좀 부탁드림다,2,3,2,5,2,0,1,0,0,0,몬스터,0.3333333333333333,0.7635000897868343,1.625236716176828,카링 3페 질문점요!,현재 템셋 스펙업 조언좀 부탁드림다,햄들 스펙업 조언좀 부탁드림다...
시작한 뉴비입니다,2,9,0,9,5,0,1,0,0,3,몬스터,0.1111111111111111,0.4087230846837363,1.62185238747468,뉴비 환산주스탯 보스 배율,뉴비 질문있습니다,카르마 블랙큐브 화이트큐브 사용처
던전,1,3,2,5,0,1,0,0,0,2,퀘스트,0.3333333333333333,0.7579999278321935,1.6201677824096166,메이플 보호모드 해제 시간 및 보상수령 가능한지 궁금합니다.,에픽 던전 질문드립니다!,에픽 던전 레벨마다 효율 다름?
에픽 던전,2,3,2,5,0,1,0,0,0,2,퀘스트,0.3333333333333333,0.7579999278321935,1.6201677824096166,메이플 보호모드 해제 시간 및 보상수령 가능한지 궁금합니다.,에픽 던전 질문드립니다!,에픽 던전 레벨마다 효율 다름?
솔로,1,4,2,7,0,0,0,1,0,3,직업,0.25,0.5135616622643238,1.6194219758758837,메린이 검마 솔로 첫격파입니다,성장 방향 좀 알려주세요,이게 무슨 소리인가요??
슬롯,1,4,2,9,0,0,0,1,0,3,직업,0.25,0.5135616622643238,1.6194219758758837,5차 스킬코어 슬롯 강화 기능 없어졌나요?,유챔 관련 질문이 있습니다,어빌이 조금 꼬였는데 조언 부탁드립니다
지원,1,4,2,7,0,0,0,1,0,3,직업,0.25,0.5135616622643238,1.6194219758758837,뉴비 질문있습니다,뉴비입니다!! 질문있습니다,님들 물자 지원은 축룬때만 킴?
팁좀,1,4,2,6,0,0,0,1,0,3,직업,0.25,0.5135616622643238,1.6194219758758837,검마 팁좀,카이 공략 질문,뉴비) 제로 공마 받는거요
법사 에테,2,3,2,5,2,0,0,0,1,0,시세,0.3333333333333333,0.7565438560021889,1.6188258707118401,지금 법사 에테 쿨뚝 45억이면 괜찮게 맞춘건가요,법사 에테 상의 깡통 쌍레 팔릴까요?,법사 에테장갑 24성 시세가 얼마할까요?
에테 상의,2,3,2,5,2,0,0,0,1,0,시세,0.3333333333333333,0.7565438560021889,1.6188258707118401,스펙업 질문있어요,법사 에테 상의 깡통 쌍레 팔릴까요?,에테 상의 쌍레 18성 올올올
전승용,1,3,2,5,2,0,0,0,1,0,시세,0.3333333333333333,0.7565438560021889,1.6188258707118401,마깃안 170급,아케인 신발 추옵 전승용으로 팔리나요?,마깃안 전승용으로 팔수있을까요
챌섭 미트라,2,3,2,5,2,0,0,0,1,0,시세,0.3333333333333333,0.7565438560021889,1.6188258707118401,챌섭 미트라 사면 너무 바가지 인가요?,미트라 있는데 흙칠흑 하나 박아서 2칠흑 박는거 효율,챌섭 미트라 안사고 엠블럼 직작하는 뉴비
팔수있을까요,1,3,2,5,2,0,0,0,1,0,시세,0.3333333333333333,0.7565438560021889,1.6188258707118401,샤타 시세질문,4초 덱9퍼 카루타 쿨뚝 18성 얼마에 팔수있을까요??,마깃안 전승용으로 팔수있을까요
외에,1,11,0,11,6,0,1,1,0,3,몬스터,0.09090909090909091,0.30200006945064445,1.6176743153011723,경험치 도핑 질문드립니다,스펙업 질문,챌섭 진로 질문드려요
이적자까지,1,11,0,11,6,0,1,1,0,3,몬스터,0.09090909090909091,0.30200006945064445,1.6176743153011723,레테 하드메이린 잡고싶은데 템좀 봐주세요 ㅠㅠ,챌섭 스펙업 뭐부터해야할까요?,[뉴비] 메짱이형님들 템진로 조언 부탁드립니다
찾아봐,1,11,0,11,6,0,1,1,0,3,몬스터,0.09090909090909091,0.30200006945064445,1.6176743153011723,5차 스킬코어 슬롯 강화 기능 없어졌나요?,뉴비 익스우 트라이 파티는 어떻게 구해야하나요?,제네시스무기 잠재 질문드립니다(찐늅입니다ㅠㅠ)
살만할까요,1,5,0,5,3,0,0,0,2,0,시세,0.4,0.8055743630341347,1.6175774811809123,카에유잠 사기 vs 에디 메소 등업,공 51 22 앜블 시세 질문드립니다!,레테 보조 가격 질문
물론,1,9,0,9,4,0,0,1,0,4,기타,0.4444444444444444,0.40274109305214645,1.6149653650960232,메린이 부캐 주보돌이 수입 질문입니다.,챌썹 무과금은 여명이 가성비인가요?,보공 과다 질문
치고,1,9,0,9,4,0,0,1,0,4,기타,0.4444444444444444,0.40274109305214645,1.6149653650960232,대장장이 고견 나눠주실 메짱엉아들?,계정판매를 했었는데,메청소년 진로 도움!!!!
2-1,1,3,1,4,1,0,2,0,0,0,몬스터,0.6666666666666666,0.9281264577257948,1.6143876682846043,렌 카칼 질문드립니다.,뉴비 해방이후 스펙업 방향성 검토 부탁드리겠습니다,이지칼로스 2-1 패턴 질문이있습니다 ㅜㅠ
몇퍼정,1,3,1,4,1,0,2,0,0,0,몬스터,0.6666666666666666,0.9281264577257948,1.6143876682846043,문신템,세렌 배율 몇퍼정도 떠야 클각 나올까요,익스우 2인팟 가려면 배율 몇정도 돼야하나요?
템펙업,1,3,1,4,1,0,2,0,0,0,몬스터,0.6666666666666666,0.9281264577257948,1.6143876682846043,데티목표입니다 조각 템펙업 고민입니다,챌섭 진로 질문드려요,하드 메이린이랑 노말 메이린 차이가 큰가요?
7월,1,11,0,13,3,1,1,1,0,5,퀘스트,0.09090909090909091,0.298764937301218,1.613654814605646,"안녕하세요 메쌤, 메형님들 뉴비 질문 몇 가지만 해도 될까요?",환산 특정 시점으로 돌아가서 보기,챌린저 노릴 수 있을까요
검마잡으면,1,3,1,4,0,2,0,0,0,1,퀘스트,0.6666666666666666,0.9260842736191771,1.6126777820762177,세렌잡고 검마잡으면 제네페스플러스 안열리나요?,해방퀘 질문좀요,
이지윌,1,5,1,7,3,1,1,0,0,0,퀘스트,0.2,0.4893888087133158,1.611775890996468,이지윌 전투력 1166만이면잡나요?,전투력 1100만 렌 이지윌잡을수있나요?,뉴비 해방패스
나온,1,9,0,9,5,0,0,0,1,3,시세,0.1111111111111111,0.3995385182742371,1.6112782646246167,선생님들 메린이 질문 하나 잇습니다,프리스타일쿠폰 질문이요!!,메린이 제네시스 무기 질문해봅니다
10억정도,1,4,0,5,4,0,0,0,0,0,아이템,1.0,1.0,1.6094379124341003,18성 에테구간에서 21% vs 24% 10억차이 체감큼?,챌섭 유입 메린이 다음주 하드메이린 잡게 해주세요,다음주 하드메이린을 위한 칠흑 고민
10초,1,4,0,4,0,0,0,0,0,4,기타,1.0,1.0,1.6094379124341003,동전꼽기가 운영정책 위반인지 여부,컴고수 선생님들 게임이 계속 멈춥니다,형들 제네스킬 이거 언제 쓰는거여?
15퍼가,1,4,0,4,4,0,0,0,0,0,아이템,1.0,1.0,1.6094379124341003,메쌤들) 에디교불천장 어디에 쓰는게 노칼유챔 절약할수있을까요?,사냥할 때 컨티뉴어스 링 계속 끼면 돼요?,투력 올리기 위한 질문
18성 15퍼,2,4,0,4,4,0,0,0,0,0,아이템,1.0,1.0,1.6094379124341003,템세팅 조언 부탁드립니다,4칠흑 부위추천 부탁드립니다,샤타포스 관련 질문드려요
1추는,1,4,0,4,4,0,0,0,0,0,아이템,1.0,1.0,1.6094379124341003,제네시스 무기 추옵 궁금해요,해방무기 훈수 부탁드립니다,챌섭 메린이 하메를 위한 템셋팅 조언 부탁드립니다!
1티어,1,4,0,4,4,0,0,0,0,0,아이템,1.0,1.0,1.6094379124341003,"이터널 플레임 링, 테네브리스 원정대 반지, 어웨이크 링 3개 있는데",코인 4500개 남았는데 이벤링레전주문서 사야되나요,이벤트링 뭐 받을까요
2.5줄,1,4,0,5,4,0,0,0,0,0,아이템,1.0,1.0,1.6094379124341003,대적자 코인 어디에 쓸지 질문합니다..,240억 정도 써서 보조를 살지 아님 칠흑 4셋을 할지 고민입니다,장문)챌섭에서 본캐 레테하고 있는 유저인데 템셋팅 고민입니다.
22로,1,4,0,5,4,0,0,0,0,0,아이템,1.0,1.0,1.6094379124341003,에테 스타포스 할만한지 아니면 사먹는게 나은지 궁금합니다.,카룻을 갈까요 에테를 갈까요?,형들 마깃안 에디 3줄 어떻게 처리할까요
280억,1,4,0,4,4,0,0,0,0,0,아이템,1.0,1.0,1.6094379124341003,뉴비 콜 280억으로 세팅좀 해주실분 ㅠㅠ 메이린 잡고싶어요,메린이 도움 부탁드립니다 보마 300억 템세팅,이번 메이플 챌린저스 유입 뉴비입니다. 도와주세요
2만원,1,4,0,5,0,0,0,0,0,4,기타,1.0,1.0,1.6094379124341003,챌섭뉴비 과금 질문,챌린저 노릴 수 있을까요,챌린저스 패스 물품들 본섭리프할때 가져갈수있나요?
2부위,1,4,0,5,4,0,0,0,0,0,아이템,1.0,1.0,1.6094379124341003,아버 에테로 바꾸려는데,에디에픽2줄 이거 가능한걸까요.. ?!?,22가엔링(데브팬)vs어센틱심볼올만렙
2줄을,1,4,0,4,4,0,0,0,0,0,아이템,1.0,1.0,1.6094379124341003,잠재 좀더 돌려야될까요?,템잘알 메고수분들 도와주세요,해방이랑 미트라 잠재 뭐부터 돌려야 할까요?
362퍼길래,1,4,0,4,0,0,4,0,0,0,몬스터,1.0,1.0,1.6094379124341003,노말 진힐라 258퍼 인데 너무 힘들어요...,,
362퍼길래 도전해봤는데,2,4,0,4,0,0,4,0,0,0,몬스터,1.0,1.0,1.6094379124341003,노말 진힐라 258퍼 인데 너무 힘들어요...,,
362퍼길래 도전해봤는데 어찌저찌,3,4,0,4,0,0,4,0,0,0,몬스터,1.0,1.0,1.6094379124341003,노말 진힐라 258퍼 인데 너무 힘들어요...,,
3여명,1,4,0,4,4,0,0,0,0,0,아이템,1.0,1.0,1.6094379124341003,챌섭뉴비 템 가이드 부탁드립니다ㅠ,스펙업 방향성 여쭤보고 싶습니다,소과금 메린이 스펙업 방향 조언 부탁드림다ㅜㅜ
3초,1,4,0,4,4,0,0,0,0,0,아이템,1.0,1.0,1.6094379124341003,섀도어 뚝,혹시 3초뚝은 어떻게 맞추면 됨?,이카돌이 방어구 세팅 괜춚?
5아케인,1,4,0,4,4,0,0,0,0,0,아이템,1.0,1.0,1.6094379124341003,크뎀 장갑 고민입니다 ㅠㅠ,챌뉴비 방어구 질문드려요!,뉴비 스펙업 순서
5줄을,1,4,0,4,4,0,0,0,0,0,아이템,1.0,1.0,1.6094379124341003,챌섭 보조무기 질문입니다,장비에 유효옵은 옵션 등급과 상관없이 부르나요?,보조한번만 부탁드립니다
66.7,1,4,0,4,4,0,0,0,0,0,아이템,1.0,1.0,1.6094379124341003,8만대 목표 템세팅 질문,27퍼 골클벨 분자벨 뭐살까요,제네패스 플러스 코인 사용처
6차스킬 어센틱,2,4,0,4,0,0,4,0,0,0,몬스터,1.0,1.0,1.6094379124341003,노말 진힐라 258퍼 인데 너무 힘들어요...,,
AMD,1,4,0,4,0,0,0,0,0,4,기타,1.0,1.0,1.6094379124341003,메이플 초고사양겜이네,메이플 좀 켜두면 생기는 잔렉? 프레임드랍? 해결방법 있을까요..,윈10 프리징? 해결방법 아시는분..ㅠㅜ
가디언,1,4,0,4,4,0,0,0,0,0,아이템,1.0,1.0,1.6094379124341003,챌섭 뉴비.. 가고 있는 방향이 제대로 된 건지 모르겠어요,메린이 템셋 질문,여명셋 지금 많이 올랐나요? 템셋팅 알려주십쇼 ㅠㅠㅠ
가라고,1,4,0,4,4,0,0,0,0,0,아이템,1.0,1.0,1.6094379124341003,여명으로 카링 될까요?,쀼부캐 골클벨 17성 깡통을 사야하나요 15or18퍼 사야하나요?,챌섭 챌린저 목표 겸
가보고,1,4,0,4,4,0,0,0,0,0,아이템,1.0,1.0,1.6094379124341003,18아케인에서 스팩업 질문,"복귀 템셋팅 질문 익스우, 노적자 널널컷정도",이번 메이플 챌린저스 유입 뉴비입니다. 도와주세요
가엔링 데브펜,2,4,0,4,4,0,0,0,0,0,아이템,1.0,1.0,1.6094379124341003,8-9만 세팅 가능할까요?,여명 놀긍작 질문있습니다.,장문)챌섭에서 본캐 레테하고 있는 유저인데 템셋팅 고민입니다.
계획중인데,1,4,0,4,4,0,0,0,0,0,아이템,1.0,1.0,1.6094379124341003,제네무기 추옵이랑 에디 건드려야할까요 ?,아스트라 보조 질문입니다,4칠흑 4여명 할 생각인데 조언좀 부탁해!!
고르는게,1,4,0,4,4,0,0,0,0,0,아이템,1.0,1.0,1.6094379124341003,제네무기 추옵 질문,궁수 미트라 옵션,와헌 제네 무기 잠재
고민이고,1,4,0,4,4,0,0,0,0,0,아이템,1.0,1.0,1.6094379124341003,다음 스펙업을 뭐 하는게 나으려나요??,이번 챌섭 유입 템세팅 질문드려봅니다,메린이 스펙업 방향성 질문드립니다
고민입니다 챌섭,2,4,0,4,4,0,0,0,0,0,아이템,1.0,1.0,1.6094379124341003,4여명 깨고 4흙칠흑 vs 4여명 유지 2흙칠흑,뉴비 자석펫 질문,드랍템 사도 될까요?
고민하고,1,4,0,4,4,0,0,0,0,0,아이템,1.0,1.0,1.6094379124341003,아버 이후 템세팅 질문...,제네시스 무기 잠재 질문입니다.,메린이 보조 바꿀려고 45억 모았는데 어떻게 할까요 ㅜㅜ
공공보,1,4,0,4,4,0,0,0,0,0,아이템,1.0,1.0,1.6094379124341003,렌 보보보 괜찮아요??,보조무기 보공 5퍼,형님들 이거 미트라 잠재 뭐써야하나요
극딜 6차스킬,2,4,0,4,0,0,4,0,0,0,몬스터,1.0,1.0,1.6094379124341003,노말 진힐라 258퍼 인데 너무 힘들어요...,,
극딜 6차스킬 어센틱,3,4,0,4,0,0,4,0,0,0,몬스터,1.0,1.0,1.6094379124341003,노말 진힐라 258퍼 인데 너무 힘들어요...,,
글로리온,1,4,0,5,4,0,0,0,0,0,아이템,1.0,1.0,1.6094379124341003,뉴비 아이템 셋팅 질문 두개만 부탁드립니다.,"뉴비 악세 뭐 사야되는지 알려줄 선생님,,","유입뉴비 반지질문있읍니다 선생님덜,,"
급으,1,4,0,4,4,0,0,0,0,0,아이템,1.0,1.0,1.6094379124341003,무보 잇는상태에서 유챔 템셋팅질문점여,챌섭 하메 템진로 질문 있습니다!,챌섭 유입 질문드립니다.
까지 써도,2,4,0,4,0,0,4,0,0,0,몬스터,1.0,1.0,1.6094379124341003,노말 진힐라 258퍼 인데 너무 힘들어요...,,
까지 써도 체력,3,4,0,4,0,0,4,0,0,0,몬스터,1.0,1.0,1.6094379124341003,노말 진힐라 258퍼 인데 너무 힘들어요...,,
깡통 사서 17성,3,4,0,4,4,0,0,0,0,0,아이템,1.0,1.0,1.6094379124341003,미트라 낀 상태에서 2칠흑 고민,데브펜 가엔링 966 깡통 사려는데 괜찮을까요?,루컨마 깡통을 살지 고민입니다.
깨긴했는데,1,4,0,4,0,0,4,0,0,0,몬스터,1.0,1.0,1.6094379124341003,노말 진힐라 258퍼 인데 너무 힘들어요...,,
깨긴했는데 진힐라,2,4,0,4,0,0,4,0,0,0,몬스터,1.0,1.0,1.6094379124341003,노말 진힐라 258퍼 인데 너무 힘들어요...,,
깨긴했는데 진힐라 입장후,3,4,0,4,0,0,4,0,0,0,몬스터,1.0,1.0,1.6094379124341003,노말 진힐라 258퍼 인데 너무 힘들어요...,,
끼고 있고,2,4,0,4,4,0,0,0,0,0,아이템,1.0,1.0,1.6094379124341003,형님들 이번 챌섭유입 메린이 제네 윗잠 질문드립니다!,챌섭 메린이 스펙업 질문 있습니다!,마도서vs노작잡레전고근
나머지 하나,2,4,0,4,4,0,0,0,0,0,아이템,1.0,1.0,1.6094379124341003,"이터널 플레임 링, 테네브리스 원정대 반지, 어웨이크 링 3개 있는데",7만 목표 템진로 질문,유입 메린이 레전잠재 질문있습니다
노려보는게,1,4,0,4,4,0,0,0,0,0,아이템,1.0,1.0,1.6094379124341003,제네플 코인 질문 드려요,혹시 미라클때 올릴만한게 있을까여,저도 대적자 코인 소모처좀 부탁드립니다 :)
노려볼까요,1,4,0,5,4,0,0,0,0,0,아이템,1.0,1.0,1.6094379124341003,본캐를 올릴가요 버린 부캐를 살릴까요,대적자 큐브 어디에 던질까요??,내일 제네무기랑 메소를 어떻게 써야할까요??
다른 장신구,2,4,0,4,4,0,0,0,0,0,아이템,1.0,1.0,1.6094379124341003,챌섭 스펙업 어떻게 할까요? 미트라? 보장?,10억있는데 카유잠 어디에 쓸지 추천부탁드립니다,메린이 챌린저 달았는데 이제 세팅 뭐부터할까요?
닪아요,1,4,0,4,0,0,4,0,0,0,몬스터,1.0,1.0,1.6094379124341003,노말 진힐라 258퍼 인데 너무 힘들어요...,,
달린,1,4,0,5,4,0,0,0,0,0,아이템,1.0,1.0,1.6094379124341003,핵환 5만 마깃안 질문,템잘알 메고수분들 도와주세요,메린이 메획 + 주스텟 18 or 21퍼 어떰??
달성해서,1,4,0,4,4,0,0,0,0,0,아이템,1.0,1.0,1.6094379124341003,챌섭 블큐 화에큐 사용처 및 챌 달성 질문,뉴비 템 조언좀,뉴비 레잠 질문드려요!
달아줄 생각입니다,2,4,0,4,4,0,0,0,0,0,아이템,1.0,1.0,1.6094379124341003,"익스우, 노흉 목표 템 진로 질문좀요",챌섭 블큐 화에큐 사용처 및 챌 달성 질문,"방어구, 장신구 템셋 훈수 부탁드립니다 (글삭X)"
던지고,1,4,0,4,4,0,0,0,0,0,아이템,1.0,1.0,1.6094379124341003,메린이 템셋 조언 부탁드립니다.,복귀뉴비 템진단좀 부탁드립니다,루컨마 직작질문좀!!
던지는게,1,4,0,5,4,0,0,0,0,0,아이템,1.0,1.0,1.6094379124341003,챌섭 블큐 화에큐 사용처 및 챌 달성 질문,이벤트 블큐 제네무기vs방패,제네무기 옵 질문 !
데미만,1,4,0,4,0,0,4,0,0,0,몬스터,1.0,1.0,1.6094379124341003,노말 진힐라 258퍼 인데 너무 힘들어요...,,
데미만 362퍼길래,2,4,0,4,0,0,4,0,0,0,몬스터,1.0,1.0,1.6094379124341003,노말 진힐라 258퍼 인데 너무 힘들어요...,,
데미만 362퍼길래 도전해봤는데,3,4,0,4,0,0,4,0,0,0,몬스터,1.0,1.0,1.6094379124341003,노말 진힐라 258퍼 인데 너무 힘들어요...,,
뎀9,1,4,0,4,4,0,0,0,0,0,아이템,1.0,1.0,1.6094379124341003,유챔 하드 세렌급 보조 스펙 질문 있습니다!,하드 메이린 잡고 싶은데 스펙업 방향을 알려주세요!,레테 무기 잠재 질문좀 드립니다!
도전해봤는데 어찌저찌,2,4,0,4,0,0,4,0,0,0,몬스터,1.0,1.0,1.6094379124341003,노말 진힐라 258퍼 인데 너무 힘들어요...,,
도전해봤는데 어찌저찌 찐모,3,4,0,4,0,0,4,0,0,0,몬스터,1.0,1.0,1.6094379124341003,노말 진힐라 258퍼 인데 너무 힘들어요...,,
돌려볼까요,1,4,0,4,4,0,0,0,0,0,아이템,1.0,1.0,1.6094379124341003,미트라 에디 직작 질문,나로 제네패스플러스로 받는 코인으로 보조 윗잠 돌릴까요?,카인 해방큐브 윗잠 질문이요
돌렸습니다,1,4,0,4,4,0,0,0,0,0,아이템,1.0,1.0,1.6094379124341003,뉴비 보조무기 질문,렌 제네해방 윗잠 아랫잠 이대로 가면 되나요?,큐브 복구 가능할까요?
돌리는게 맞을까요,2,4,0,4,4,0,0,0,0,0,아이템,1.0,1.0,1.6094379124341003,제네 플러스 어떻게 하는게 좋을까요,레테 어빌 수칙 20 7 10 인데 카오스 서큘 계속 돌려야하나요..?,혹시 미라클때 올릴만한게 있을까여
떠버려서,1,4,0,4,4,0,0,0,0,0,아이템,1.0,1.0,1.6094379124341003,에디천장 질문있습니다.,메붕이 도와주실 분,메쌤들) 에디교불천장 어디에 쓰는게 노칼유챔 절약할수있을까요?
떴어요,1,4,0,4,4,0,0,0,0,0,아이템,1.0,1.0,1.6094379124341003,칠흑 상자에서 마깃안 먹었는데 팔까요 쓸까요,잠재옵션 어떤걸 뽑아야하나요? 뉴비 도와주세요..ㅠ,트왈마 돌리는중에 럭 966뜸 팔아야함?
띄운다,1,4,0,4,4,0,0,0,0,0,아이템,1.0,1.0,1.6094379124341003,메린이 에디 레전 천장 어떻게 하는게 좋을까요,똥블렘 언제까지 써야하나요? 투자를 좀 해서...,챌섭 보조무기 질문입니다
레전 유니크,2,4,0,4,4,0,0,0,0,0,아이템,1.0,1.0,1.6094379124341003,챌섭 뉴비 한번만 도와주십쇼 선생님들ㅠ,제네시스무기 잠재 질문드립니다(찐늅입니다ㅠㅠ),챌섭 200제 강화권 사용처 질문드립니다
마마뎀,1,4,0,5,4,0,0,0,0,0,아이템,1.0,1.0,1.6094379124341003,8-9만 세팅 가능할까요?,형님들 엠블렘 방무vs데미지 뭐가 더 좋나요?,챌섭 챌린저 목표 겸
마마방,1,4,0,6,4,0,0,0,0,0,아이템,1.0,1.0,1.6094379124341003,형님들 엠블렘 방무vs데미지 뭐가 더 좋나요?,챌섭 챌린저 목표 겸,루컨마 직작질문좀!!
맞춰보려고,1,4,0,4,4,0,0,0,0,0,아이템,1.0,1.0,1.6094379124341003,뉴비 칠흑셋 순서 질문있습니다!,뉴비 반지 질문,챌섭 소과금유저 칠흑 세팅 질문
맞췄습니다,1,4,0,4,4,0,0,0,0,0,아이템,1.0,1.0,1.6094379124341003,복귀 중고뉴비 대적자 코인 뭐에 써야할까요?,챌섭 드메템 질문,메멘토 브로즌 에디셔널 큐브는 어디에 사용할까요?
매지컬작,1,4,0,4,4,0,0,0,0,0,아이템,1.0,1.0,1.6094379124341003,챌섭 블큐 화에큐 사용처 및 챌 달성 질문,챌섭 4여명5보장 18성 유에 장신구들 하나씩 19성 올리는거 비추인가요??,챌섭 렌 하드메이린 100퍼인데 가성비스팩섭 있을까요..
먼저 맞추는게,2,4,0,5,4,0,0,0,0,0,아이템,1.0,1.0,1.6094379124341003,제네무기 옵션 방향성좀 알려주세요...,형님들 드메템 vs 보스용장비 뭐 먼저맞추는게좋을까요?,5석펫인데 스펙업 순서 추천 좀…
메멘토 큐브,2,4,0,4,4,0,0,0,0,0,아이템,1.0,1.0,1.6094379124341003,메짱이 선생님들 아버 이후에 질문있습니다. 17에테 VS 18아케인(+27여명),1억 2천만 아란 엠블렘 조언 구합니다,메멘토 실버.에디 큐브 어디에 사용하고 계실까요?
메모리,1,4,0,4,0,0,0,0,0,4,기타,1.0,1.0,1.6094379124341003,안녕하세요 컴퓨터 질문있어요,컴고수 선생님들 게임이 계속 멈춥니다,컴고수님들 메린이 게임 멈춤 질문드립니다
모니터,1,4,0,4,0,0,0,0,0,4,기타,1.0,1.0,1.6094379124341003,메이플 그래픽설정 의견주시면 감사하겠습니다.,메이플 및 배경화면 글자 깨짐,넥슨온으로 원격하는데
모으면서,1,4,0,4,4,0,0,0,0,0,아이템,1.0,1.0,1.6094379124341003,챌린저 목표) 진로 설정 질문입니다.,뉴비템세팅 상담신청! (feat. 이게 좋데! 하고 사려고 하면 비쌈주의ㅠ),템 진로 찐 최종 확인 제발 부탁드립니다
모이면,1,4,0,4,4,0,0,0,0,0,아이템,1.0,1.0,1.6094379124341003,스펙업 조언 부탁드립니다.,아버 끝나고 방어구,뉴비 18에테 질문있습니다
모자 상의,2,4,0,4,4,0,0,0,0,0,아이템,1.0,1.0,1.6094379124341003,4여명 5칠흑으로 7~8만 될까요?,렌 템셋고민,아버 끝나고 방어구
모자 상의 하의,3,4,0,4,4,0,0,0,0,0,아이템,1.0,1.0,1.6094379124341003,4여명 5칠흑으로 7~8만 될까요?,렌 템셋고민,아버 끝나고 방어구
무기 에디 레전,3,4,0,4,4,0,0,0,0,0,아이템,1.0,1.0,1.6094379124341003,메린이 질문!!,뉴비 템 순서 질문드립니다,레테 무보엠 어떻게 하면 좋을까요??
미트라 깡통,2,4,0,4,4,0,0,0,0,0,아이템,1.0,1.0,1.6094379124341003,미라클 타임.. 엠블 vs 하트,메린이 렌 보조 윗잠 두줄 매물 사도 되나요?,뉴비 미트라 질문
발라주고,1,4,0,4,4,0,0,0,0,0,아이템,1.0,1.0,1.6094379124341003,메린이 아이템 시세 문의,챌섭 다이아 찍었는데요 하트질문,챌섭 템 셋만 더 세팅하려 하는데 어떤 부위를 직작해야 할까요?
방향키,1,4,0,5,0,0,0,0,0,4,기타,1.0,1.0,1.6094379124341003,메이플 키패드 + 키보드 정지임?,메이플 미리보기 나만 이상함??,사냥 관련 질문
버섯펫,1,4,0,4,4,0,0,0,0,0,아이템,1.0,1.0,1.6094379124341003,3석펫이 맞추고 싶습니다...,챌섭 챌린저 목표 겸,돈좀쓴것 같은데 안쎼져서 고민입니다 ㅠ
벨트 도미,2,4,0,4,4,0,0,0,0,0,아이템,1.0,1.0,1.6094379124341003,와헌 템셋팅 질문 드립니다.,"""자석펫 장착 vs 팔고 템셋팅""",템세팅 진로 질문드립니다
별로인가요,1,4,0,4,4,0,0,0,0,0,아이템,1.0,1.0,1.6094379124341003,헥환 8만 목표 과금 어느정도 해야할까요?,챌섭 4여명5보장 18성 유에 장신구들 하나씩 19성 올리는거 비추인가요??,미트라 2칠흑 부위 질문
보35,1,4,0,4,4,0,0,0,0,0,아이템,1.0,1.0,1.6094379124341003,하드 메이린 잡고 싶은데 스펙업 방향을 알려주세요!,아스트라 보조 질문입니다,메린이 도움 부탁드립니다 보마 300억 템세팅
보조 매물,2,4,0,4,4,0,0,0,0,0,아이템,1.0,1.0,1.6094379124341003,챌섭 하드메이린 최소컷만큼 템셋 질문이요,보조 무기 질문...,지금 보조 엠블에 대해 고민인데 이거 투표 좀 해주실 수 있으신가여...
보조 사는게,2,4,0,4,4,0,0,0,0,0,아이템,1.0,1.0,1.6094379124341003,30억 있는데 템 어떻게 보강해야할까요??,해방무기 윗옵,아델 보조 시세 질문
보조 에디,2,4,0,5,4,0,0,0,0,0,아이템,1.0,1.0,1.6094379124341003,메린이 질문!!,고수님들 스펙업 순서 훈수 좀 부탁드리겠습니다,자석펫 vs 스펙업
보조 팔고,2,4,0,4,4,0,0,0,0,0,아이템,1.0,1.0,1.6094379124341003,대적자 코인 쓸 곳 질문드립니다.,레테 보조무기 질문드립니다,240억 정도 써서 보조를 살지 아님 칠흑 4셋을 할지 고민입니다
보조무기 쌍레,2,4,0,4,4,0,0,0,0,0,아이템,1.0,1.0,1.6094379124341003,스펙업 조언 부탁드립니다.,장비에 유효옵은 옵션 등급과 상관없이 부르나요?,메린이 헥환6만까지 스펙업 계획 좀 봐주세요
보조무기 유니크,2,4,0,4,4,0,0,0,0,0,아이템,1.0,1.0,1.6094379124341003,뉴비 보조무기 질문,전투력 1억 아델 하드메이린 목표,레전드리잠재 한장 남는거 어따써야할까요
본섭 캐릭터,2,4,0,4,4,0,0,0,0,0,아이템,1.0,1.0,1.6094379124341003,무자본 하드메이린 방향 추천 부탁드립니다.,이번 제네시스 패스 플러스로 고민이 있습니다.,캐시 잘 못 수령했는데 ㅜㅜ
본섭에서,1,4,0,4,0,0,0,0,0,4,기타,1.0,1.0,1.6094379124341003,내일 해방인데 질문 있습니다,챌섭에서 퍼레이드 영구 자석펫 어떻게 수령하나요?,200렙 달성비약 어디다쓰나요
본캐 키울,2,4,0,4,4,0,0,0,0,0,아이템,1.0,1.0,1.6094379124341003,제네무기 질문드립니다,챌섭 챌린저 목표 겸,템세팅 vs 다조구매
부족한데,1,4,0,4,0,0,0,0,0,4,기타,1.0,1.0,1.6094379124341003,어빌 카오스 서큘레이터 질문이요,렌에서 레테로 본캐를 바꾸려는데,스펙한번만 봐주세요 ㅠㅠ
블랙보조 레전,2,4,0,4,4,0,0,0,0,0,아이템,1.0,1.0,1.6094379124341003,코인샵 코인 어디에 쓸까요?,보마 블랙보조 등업 고민,"보마 블랙보조 블큐, 메멘토 골큐"
비싼거같아서,1,4,0,4,4,0,0,0,0,0,아이템,1.0,1.0,1.6094379124341003,18칠흑 22여명보장 뭐가야할까요?,5초 뚝질문,템 진로상담 해주실분
뽑으려고,1,4,0,4,4,0,0,0,0,0,아이템,1.0,1.0,1.6094379124341003,대적자 큐브 에디에 써야할까요,무기 2추옵+18%인데 더돌려야하나요?,메린이 템 이거 어떡하나요??
사냥 평일,2,4,0,4,4,0,0,0,0,0,아이템,1.0,1.0,1.6094379124341003,이벤링 주스텟 21% vs 아획 또는 메획 1줄,챌섭 유입 질문 한개 해도 되겠습니까,챌섭 유입 뉴비 질문 하나만 드립니다.
사는게 나을지,2,4,0,4,4,0,0,0,0,0,아이템,1.0,1.0,1.6094379124341003,챌린저스 서버 캐릭터 육성 질문,챌섭 하메 템진로 질문 있습니다!,제네시스 패스 플러스 뭐 사야되나요?
사려고 했는데,2,4,0,4,4,0,0,0,0,0,아이템,1.0,1.0,1.6094379124341003,"메린이 레잠 2개, 에유잠 1개 사용처 질문",투력 5000만 다음 업그레이드,돈좀쓴것 같은데 안쎼져서 고민입니다 ㅠ
사먹고,1,4,0,4,4,0,0,0,0,0,아이템,1.0,1.0,1.6094379124341003,메린이 도움 부탁드립니다 보마 300억 템세팅,챌섭 보조무기 질문입니다,챌섭 하메 포기해야 될까요?
사서 천천히,2,4,0,5,4,0,0,0,0,0,아이템,1.0,1.0,1.6094379124341003,드메 vs 스펙업,아버 끝나고 방어구,불독 템 셋팅 나름대로 생각해봤는데 어떤가요?
살때,1,4,0,4,4,0,0,0,0,0,아이템,1.0,1.0,1.6094379124341003,자석펫 사려는데,에테 27 vs 30,이번 유입 앞으로 템세팅 관해서 여쭤봅니다
상하의,1,4,0,4,4,0,0,0,0,0,아이템,1.0,1.0,1.6094379124341003,에테 27 vs 30,카루타 11성 9퍼 공10 둘둘,뉴비 주보캐 템 질문좀 받아주실분
스킬 까지,2,4,0,4,0,0,4,0,0,0,몬스터,1.0,1.0,1.6094379124341003,노말 진힐라 258퍼 인데 너무 힘들어요...,,
스킬 까지 써도,3,4,0,4,0,0,4,0,0,0,몬스터,1.0,1.0,1.6094379124341003,노말 진힐라 258퍼 인데 너무 힘들어요...,,
스펙업 할려면,2,4,0,4,4,0,0,0,0,0,아이템,1.0,1.0,1.6094379124341003,복귀유저 템세팅 질문드립니다.,단계적 스펙업은 어떻게 하는 건가요??,챌썹 랩 276 썬콜 메이플 처음하는 메린이 메이린 최소컷 질문 ㅠ
스펙입니다,1,4,0,4,4,0,0,0,0,0,아이템,1.0,1.0,1.6094379124341003,"해방 후에 남는 블큐, 에디큡은 어따 쓰나요","다음 스펙업 질문,,",뉴비 보조무기 질문
실버큐브,1,4,0,4,4,0,0,0,0,0,아이템,1.0,1.0,1.6094379124341003,플라즈마하트 잠재질문좀,템셋계획좀 봐주실수 있을까요??,미라클때 칠흑있는거 유니크보내는거 괜찮나요
써도 체력,2,4,0,4,0,0,4,0,0,0,몬스터,1.0,1.0,1.6094379124341003,노말 진힐라 258퍼 인데 너무 힘들어요...,,
쓰는게 제일,2,4,0,4,4,0,0,0,0,0,아이템,1.0,1.0,1.6094379124341003,챌섭 메린이 질문이용,템 방향성 고민이 너무 됩니다,무보엠 에디천장 어디쓰는게 제일 낫나요??
아케인 에테,2,4,0,4,4,0,0,0,0,0,아이템,1.0,1.0,1.6094379124341003,18아케인에서 스팩업 질문 있습니다,지금 경매장 시세 왜이래여?,환산 8~9만대 목표로 하고 있습니다.
안떠요,1,4,0,4,0,0,0,0,0,4,기타,1.0,1.0,1.6094379124341003,경매장 낱개로 구매가 안돼요...,현재 적용중인 프리셋과 동일합니다 어케 나오게 해요?,이벤트 출첵창이 안열려요 ㅜㅠ
안썼습니다,1,4,0,4,4,0,0,0,0,0,아이템,1.0,1.0,1.6094379124341003,미트라 vs 에테 장갑 고민 추천 부탁드립니다.,30억 있는데 템 어떻게 보강해야할까요??,제네패스 윗잠 아랫잠 우선순위 질문
알수,1,4,0,4,0,0,0,0,0,4,기타,1.0,1.0,1.6094379124341003,컴고수 선생님들 게임이 계속 멈춥니다,컴고수님들 메린이 게임 멈춤 질문드립니다,헥사 초기화권 질문
애매해서,1,4,0,4,4,0,0,0,0,0,아이템,1.0,1.0,1.6094379124341003,보40 마9 9 로 봐도 될까요 잠재가 애매해요...,메린이 도움!!,카르마 블큐 사용처 질문
어느부위,1,4,0,5,4,0,0,0,0,0,아이템,1.0,1.0,1.6094379124341003,챌섭뉴비 템 가이드 부탁드립니다ㅠ,챌섭 유입 템세팅 조언 질문드려요!,블큐가많이남아서 에테 한부위 직작하려는데 부위추천가능할까여
어디선,1,4,0,4,4,0,0,0,0,0,아이템,1.0,1.0,1.6094379124341003,에디에픽2줄 이거 가능한걸까요.. ?!?,자섯펫 무한 교환 임?,제네 무기 2추 보뎀 vs 깡 1추
어떤건지,1,4,0,4,0,0,0,0,0,4,기타,1.0,1.0,1.6094379124341003,전투력 및 스펙업 고민,블레이헤어 염색질문입니다,mvp작 하려는.뉴비인대요
어찌저찌 찐모,2,4,0,4,0,0,4,0,0,0,몬스터,1.0,1.0,1.6094379124341003,노말 진힐라 258퍼 인데 너무 힘들어요...,,
어찌저찌 찐모 깨긴했는데,3,4,0,4,0,0,4,0,0,0,몬스터,1.0,1.0,1.6094379124341003,노말 진힐라 258퍼 인데 너무 힘들어요...,,
얼추,1,4,0,4,4,0,0,0,0,0,아이템,1.0,1.0,1.6094379124341003,렌 스펙업 도움 부탁드려도 될까요?,대적자 코인 쓸 곳 질문드립니다.,뉴비 레테 레전 똥블렘 그냥 쓰면될까요?
에디 두줄,2,4,0,4,4,0,0,0,0,0,아이템,1.0,1.0,1.6094379124341003,한달전 악세 시세 얼마였는지 아시는분?,목표환산 9만 이상 22앜 27퍼 레에 vs 33퍼 18성에테 직작 뭐가 더 좋아보이시나요?,요즘도 22앱솔 쓰나요?
에디유잠,1,4,0,4,4,0,0,0,0,0,아이템,1.0,1.0,1.6094379124341003,템셋계획좀 봐주실수 있을까요??,선생님들 복귀 뉴비 템진로 조언 부탁드립니다.,낼 해방인데 대적자코인 맞는 사용법은 뭘까요
에픽 1.5줄,2,4,0,4,4,0,0,0,0,0,아이템,1.0,1.0,1.6094379124341003,4여명 깨고 4흙칠흑 vs 4여명 유지 2흙칠흑,흙에테 12성 → 17성 직작 or 경매장 구매,챌린저 목표) 진로 설정 질문입니다.
여명 21성,2,4,0,4,4,0,0,0,0,0,아이템,1.0,1.0,1.6094379124341003,여명셋 질문 있습니다!,4칠흑 4여명 할 생각인데 조언좀 부탁해!!,장문)챌섭에서 본캐 레테하고 있는 유저인데 템셋팅 고민입니다.
여명 22성,2,4,0,4,4,0,0,0,0,0,아이템,1.0,1.0,1.6094379124341003,헥환 8만 목표 과금 어느정도 해야할까요?,익스우 템세팅 질문이요!,이렇게 템셋해도 괜찮을까요?
여명 장신구,2,4,0,4,4,0,0,0,0,0,아이템,1.0,1.0,1.6094379124341003,챌섭 유입 메린이 템 진로 고민입니다 !!,메린이 많이 성장했지만 다시 막막해짐..,메멘토 실버.에디 큐브 어디에 사용하고 계실까요?
올탯,1,4,0,4,4,0,0,0,0,0,아이템,1.0,1.0,1.6094379124341003,데브펜 18성 쌍레,마도서,무기 추옵 질문
옮길,1,4,0,6,0,0,0,0,0,4,기타,1.0,1.0,1.6094379124341003,[사전월드리프] 여러 서버로 이동 불가 관련 문구 문제,이번에 복귀 유전데 캐샵 통합,290 찍을꺼면 챌섭에 남는게 맞나요??
윈도우,1,4,0,5,0,0,0,0,0,4,기타,1.0,1.0,1.6094379124341003,메이플 초고사양겜이네,메이플 좀 켜두면 생기는 잔렉? 프레임드랍? 해결방법 있을까요..,윈10 프리징? 해결방법 아시는분..ㅠㅜ
윗잠 15퍼,2,4,0,5,4,0,0,0,0,0,아이템,1.0,1.0,1.6094379124341003,챌섭 뉴비 하드메이린 잡고싶은데 스펙업 질문,챌섭 블큐 화에큐 사용처 및 챌 달성 질문,무자본 하드메이린 방향 추천 부탁드립니다.
윗잠 21퍼,2,4,0,4,4,0,0,0,0,0,아이템,1.0,1.0,1.6094379124341003,칠흑에 메획붙은거 사도 괜찮나요?,미트라 엠블 질문,이번 미라클때 미트라 등업 어캐생각하시나요
윗잠 21퍼 아랫잠,3,4,0,4,4,0,0,0,0,0,아이템,1.0,1.0,1.6094379124341003,칠흑에 메획붙은거 사도 괜찮나요?,미트라 엠블 질문,이번 미라클때 미트라 등업 어캐생각하시나요
윗잠 2줄,2,4,0,4,4,0,0,0,0,0,아이템,1.0,1.0,1.6094379124341003,메린이 템 이것도 2줄인가요?,하드 메이린까지 스펙업 질문,장문)챌섭에서 본캐 레테하고 있는 유저인데 템셋팅 고민입니다.
윗잠 보보공,2,4,0,4,4,0,0,0,0,0,아이템,1.0,1.0,1.6094379124341003,제네패스 플러스 사는거 굳이일까요??,보조 무기 질문...,제네시스 해방무기 옵션 질문 드립니다.
윗잠3줄,1,4,0,4,4,0,0,0,0,0,아이템,1.0,1.0,1.6094379124341003,큐브 사용처 질문,이벤 블큐 남는거 보통 어디에 쓰시나요?,무보엠 큐브 우선순위 질문드려요
유닠 2줄,2,4,0,7,4,0,0,0,0,0,아이템,1.0,1.0,1.6094379124341003,헥환 4.5 이후 템셋팅 질문.,하드 메이린까지 스펙업 질문,무보엠 큐브
유튜브 보면,2,4,0,4,4,0,0,0,0,0,아이템,1.0,1.0,1.6094379124341003,챌섭 솔 에르다 조각 파는게 맞나요?,메린이 템셋 질문,뉴비 세팅 질문 ..!
이것들,1,4,0,4,4,0,0,0,0,0,아이템,1.0,1.0,1.6094379124341003,챌린저스 스트라이커 템셋팅,챌섭 육성중에 레전 큐브 질문 드려요!,복귀유저 질문있습니다
이렇게 있는데,2,4,0,4,4,0,0,0,0,0,아이템,1.0,1.0,1.6094379124341003,해방이랑 미트라 잠재 뭐부터 돌려야 할까요?,메린이 하드메이린킬 위한 스펙업 조언부탁드려요,응애 뉴비 이벤트링 질문있어요
이미 미트라,2,4,0,4,4,0,0,0,0,0,아이템,1.0,1.0,1.6094379124341003,안녕하세요 템셋 질문있습니다,미트라 2칠흑 부위 질문,장신구 셋옵 질문!!
입장후,1,4,0,4,0,0,4,0,0,0,몬스터,1.0,1.0,1.6094379124341003,노말 진힐라 258퍼 인데 너무 힘들어요...,,
입장후 극딜,2,4,0,4,0,0,4,0,0,0,몬스터,1.0,1.0,1.6094379124341003,노말 진힐라 258퍼 인데 너무 힘들어요...,,
입장후 극딜 6차스킬,3,4,0,4,0,0,4,0,0,0,몬스터,1.0,1.0,1.6094379124341003,노말 진힐라 258퍼 인데 너무 힘들어요...,,
있고 보조,2,4,0,4,4,0,0,0,0,0,아이템,1.0,1.0,1.6094379124341003,메린이 템셋 조언 부탁드립니다.,형님들 이번 챌섭유입 메린이 제네 윗잠 질문드립니다!,카레잠을 팔아서 보조를 사야할까요??
작이,1,4,0,4,4,0,0,0,0,0,아이템,1.0,1.0,1.6094379124341003,아흐... 펫장비 이전 줌서에 대한 글은 많은데...,뉴비 주보캐 템 질문좀 받아주실분,작 관련해서 질문해 봅니다
잠구고,1,4,0,4,0,0,0,0,0,4,기타,1.0,1.0,1.6094379124341003,뉴비 어빌리티 질문이있어요,혹시 어빌 안잠구고 돌렸을 때 복구 문의 해보신 분 계실까요??,플위 어빌 질문
잠재 블큐,2,4,0,4,4,0,0,0,0,0,아이템,1.0,1.0,1.6094379124341003,"메린이 오늘 첫 해방했는데, 잠재 돌리고 남은 블랙큐브는 어디에 쓰는게 좋나요?",선생님들 메린이 질문 하나 잇습니다,제네 무기 잠재 이걸로 종결하면 되나요?
잡으려고,1,4,0,4,4,0,0,0,0,0,아이템,1.0,1.0,1.6094379124341003,요즘 도미 작 어떻게 하나요?,전투력 2천만 뉴비입니다. 템세팅 질문있습니다.ㅠㅠ,미트라 고민
장갑 아케인,2,4,0,4,4,0,0,0,0,0,아이템,1.0,1.0,1.6094379124341003,헥환 7만 중반 ~ 8만 목표 레테 템세팅 조언 부탁드립니다.,크뎀 장갑 고민입니다 ㅠㅠ,렌 템셋고민
장비템,1,4,0,4,4,0,0,0,0,0,아이템,1.0,1.0,1.6094379124341003,울티마 카오스코인 질문,메린이 잠재부여스크롤이 안발려요,복귀 유저 본캐 템 질문 입니다(장비템먼저 vs 리레링 4렙 먼저)
장신견망,1,4,0,6,4,0,0,0,0,0,아이템,1.0,1.0,1.6094379124341003,18에테 22아케인 질문있습니다,챌섭 유입 질문 한개 해도 되겠습니까,챌뉴비 방어구 질문드려요!
저게,1,4,0,4,4,0,0,0,0,0,아이템,1.0,1.0,1.6094379124341003,스펙업 순서,이거 아랫잠 노려도 되나요?,메린이인데 이벤링 잠재 두개중 골라주세요 ㅜㅜ
저처럼,1,4,0,4,0,0,0,0,0,4,기타,1.0,1.0,1.6094379124341003,수로랑 플래그 돌아도 오프접하면 안되는 이유가 궁금해서 질문을 합니다아,[사전월드리프] 여러 서버로 이동 불가 관련 문구 문제,6월말 유입 뉴비 현실적인 조언 부탁드립니다
적어,1,4,0,4,4,0,0,0,0,0,아이템,1.0,1.0,1.6094379124341003,"에디에픽, 브론즈 큐브",자석펫 팔기 vs 쓰기,챌섭 육성중에 레전 큐브 질문 드려요!
접속하면,1,4,0,5,0,0,0,0,0,4,기타,1.0,1.0,1.6094379124341003,형님들 메이플 id관련좀 알려주십숑,챌섭에서 퍼레이드 영구 자석펫 어떻게 수령하나요?,로그인(웹인증) 관련 문제 도움
제곧내입니다,1,4,0,4,4,0,0,0,0,0,아이템,1.0,1.0,1.6094379124341003,이 의자 이름 아시는분?,"""자석펫""이라는 존재가 메이플에서 아주 처음 나왔을때가 언제인가요?",몬컬 보상 렙제...언제 생긴건가요?
주는걸,1,4,0,4,4,0,0,0,0,0,아이템,1.0,1.0,1.6094379124341003,제네 추옵 윗잠 밑잠 중 우선 순위 부탁드립니다.,챌섭 에메랄드 카레잠 어디다 쓰는게 좋은가요?,메린이 아이템 시세 문의
지나서,1,4,0,4,0,0,0,0,0,4,기타,1.0,1.0,1.6094379124341003,뉴빈데 지금 시작해도 괜찮나요?,밑에 메린이 컴퓨터 질문한 사람입니다!,메이플 일반 택배가 12시간이 지났는데도 도착 안할 수 있나요?
직작하는게,1,4,0,4,4,0,0,0,0,0,아이템,1.0,1.0,1.6094379124341003,뉴비 보조무기 질문,스펙업 질문!,챌섭 하드메이린 최소컷만큼 템셋 질문이요
진힐라 입장후,2,4,0,4,0,0,4,0,0,0,몬스터,1.0,1.0,1.6094379124341003,노말 진힐라 258퍼 인데 너무 힘들어요...,,
진힐라 입장후 극딜,3,4,0,4,0,0,4,0,0,0,몬스터,1.0,1.0,1.6094379124341003,노말 진힐라 258퍼 인데 너무 힘들어요...,,
찐모 깨긴했는데,2,4,0,4,0,0,4,0,0,0,몬스터,1.0,1.0,1.6094379124341003,노말 진힐라 258퍼 인데 너무 힘들어요...,,
찐모 깨긴했는데 진힐라,3,4,0,4,0,0,4,0,0,0,몬스터,1.0,1.0,1.6094379124341003,노말 진힐라 258퍼 인데 너무 힘들어요...,,
챌섭 끝나기전까지,2,4,0,4,0,0,0,0,0,4,기타,1.0,1.0,1.6094379124341003,6월말 유입 뉴비 현실적인 조언 부탁드립니다,아스트라 보조무기 얻는데 얼마나 걸려요?,안녕하세요 멍청한 메린이입니다..
챌섭 썬콜,2,4,0,4,4,0,0,0,0,0,아이템,1.0,1.0,1.6094379124341003,이번 챌섭 유입 메린이 제네시스 무기 잠재능력 질문 있습니다,썬콜 대적자 코인 어디에 쓸까요?,챌섭 육성중에 레전 큐브 질문 드려요!
챌섭 아란,2,4,0,4,4,0,0,0,0,0,아이템,1.0,1.0,1.6094379124341003,제네시스 코인 투자처 질문,미라클 어디에 질러야 할까요?,블큐천장 어디에 쓸까요
챌섭 유입입니다,2,4,0,4,0,0,0,0,0,4,기타,1.0,1.0,1.6094379124341003,285 찍으면 어떤 링크부터 3레벨 찍어줘야 하나요??,메이플 파티플 질문,PC방 자석펫 질문
최종목표,1,4,0,4,4,0,0,0,0,0,아이템,1.0,1.0,1.6094379124341003,유입된 메린인 인데 이 이상 어떻게 스팩업을 해야할지 알려주세요!,뉴비 칠흑 질문있어요,메린이 도움 부탁드립니다 보마 300억 템세팅
칠흑 18성,2,4,0,4,4,0,0,0,0,0,아이템,1.0,1.0,1.6094379124341003,헥환 8만 목표 과금 어느정도 해야할까요?,템 세팅 방향성 질문드립니다,8-9만 세팅 가능할까요?
코인샵 큐브,2,4,0,4,4,0,0,0,0,0,아이템,1.0,1.0,1.6094379124341003,이벤링 큐브 질문,복귀 뉴비인데 챌린저스에서 장신구 직작 해도 되나요?,유입 메린이 레전잠재 질문있습니다
템셋입니다,1,4,0,4,4,0,0,0,0,0,아이템,1.0,1.0,1.6094379124341003,와헌 템셋팅 질문 드립니다.,헥환 7만 중반 ~ 8만 목표 레테 템세팅 조언 부탁드립니다.,메멘토 18성 200제로 아케인 방어구 만들어서 쓰면 되나요?
트와일라이트,1,4,0,4,4,0,0,0,0,0,아이템,1.0,1.0,1.6094379124341003,하드 스우에서 루컨마 떳는데,3주늦은뉴비 템진로 훈수 제발 부탁드립니다,뉴비 챌섭 아이템 세팅 도와주세요
트와일라이트 마크,2,4,0,4,4,0,0,0,0,0,아이템,1.0,1.0,1.6094379124341003,하드 스우에서 루컨마 떳는데,3주늦은뉴비 템진로 훈수 제발 부탁드립니다,뉴비 챌섭 아이템 세팅 도와주세요
팔고 메소,2,4,0,4,4,0,0,0,0,0,아이템,1.0,1.0,1.6094379124341003,챌섭 복귀유저 렌 스펙업 훈수 부탁드립니다.,레테 보조무기 질문드립니다,240억 정도 써서 보조를 살지 아님 칠흑 4셋을 할지 고민입니다
페하,1,4,0,4,4,0,0,0,0,0,아이템,1.0,1.0,1.6094379124341003,플하 터짐 ㅠㅠ,보마 블랙보조 등업 고민,뉴비 스펙업 뭐해야할지 모르겠어요
필요할까요,1,4,0,4,4,0,0,0,0,0,아이템,1.0,1.0,1.6094379124341003,이번챌섭 유입 렌 하메 120퍼 만들고싶어요,전투력 1억 아델 하드메이린 목표,안녕하세요 뉴빕니다
하드 데미만,2,4,0,4,0,0,4,0,0,0,몬스터,1.0,1.0,1.6094379124341003,노말 진힐라 258퍼 인데 너무 힘들어요...,,
하드 데미만 362퍼길래,3,4,0,4,0,0,4,0,0,0,몬스터,1.0,1.0,1.6094379124341003,노말 진힐라 258퍼 인데 너무 힘들어요...,,
하려고합니다,1,4,0,4,4,0,0,0,0,0,아이템,1.0,1.0,1.6094379124341003,소과금 익스우 솔플 목표로 템세팅 질문이여,챌섭 부캐 에디 레전 천장 사용처 질문,메쌤들) 에디교불천장 어디에 쓰는게 노칼유챔 절약할수있을까요?
하트 플라즈마,2,4,0,4,4,0,0,0,0,0,아이템,1.0,1.0,1.6094379124341003,챌섭 뉴비 하드메이린 잡고싶은데 스펙업 질문,챌섭 블큐 화에큐 사용처 및 챌 달성 질문,4여명 5칠흑으로 7~8만 될까요?
할려면,1,4,0,4,4,0,0,0,0,0,아이템,1.0,1.0,1.6094379124341003,복귀유저 템세팅 질문드립니다.,단계적 스펙업은 어떻게 하는 건가요??,챌썹 랩 276 썬콜 메이플 처음하는 메린이 메이린 최소컷 질문 ㅠ
현제,1,4,0,4,4,0,0,0,0,0,아이템,1.0,1.0,1.6094379124341003,제네플 코인 질문 드려요,뉴비 내일 이면 제네무기 얻는데 에디셔널 문의,챌섭 거공 vs 드메템 고민 중입니다
힘퍼,1,4,0,5,4,0,0,0,0,0,아이템,1.0,1.0,1.6094379124341003,초저자본 메린이 첫 제네시스 잠재 질문,뉴비 아이템 셋팅 질문 두개만 부탁드립니다.,"뉴비 악세 뭐 사야되는지 알려줄 선생님,,"
끝까지,1,8,0,8,6,0,1,0,0,1,몬스터,0.125,0.46439137479374104,1.6087983597679913,챌섭 4여명5보장 18성 유에 장신구들 하나씩 19성 올리는거 비추인가요??,해방무기 추옵 VS 에디,메린이 도움 부탁드립니다 보마 300억 템세팅
해당,1,8,0,11,3,1,2,0,0,2,몬스터,0.25,0.46333134020662065,1.6076337927441677,뉴비가 모험미션 질문드리겠습니다!,스펙업 질문!,[사전월드리프] 여러 서버로 이동 불가 관련 문구 문제
3페에서,1,7,0,7,1,1,3,1,0,1,몬스터,0.42857142857142855,0.5462034627306965,1.6076198561457102,검마 배율 181%인데 이거 잡히는거 맞나요..?,챌섭 복귀유저 렌 스펙업 훈수 부탁드립니다.,보마 검마 3페 사선 피하는 법 질문입니다.
마다,1,6,0,6,2,0,0,2,0,2,직업,0.3333333333333333,0.6519120102008447,1.607236172998094,레테 제네시스무기,뉴비 검마까지 방향성 조언좀....,선생님들 챌섭 일리움 검마 잡는데 3페이지 꿀팁 있나요?
분명,1,6,0,6,2,0,0,2,0,2,직업,0.3333333333333333,0.6519120102008447,1.607236172998094,3일차 뭐해야할지 모르겠어요 메쌤들 좀 도와주세요,뉴비 보조무기 질문,검마 결정석이 없어요
애정,1,6,0,6,2,0,0,2,0,2,직업,0.3333333333333333,0.6519120102008447,1.607236172998094,본캐 추천 부탁드리겠습니다....,미트라 교체 타이밍 궁금합니다,본섭에서 키웠던뉴비인데
즐기다,1,6,0,6,2,0,0,2,0,2,직업,0.3333333333333333,0.6519120102008447,1.607236172998094,본캐 추천 부탁드리겠습니다....,[뉴비] 메짱이형님들 템진로 조언 부탁드립니다,모험가 22성 나오면 18둘둘로 하드 메이린 가능할까요?
돌림,1,3,2,5,1,0,0,0,0,2,기타,0.6666666666666666,0.7431724270758142,1.6065027994714414,어빌은 무조건 첫줄 열고 돌림?,님들 물자 지원은 축룬때만 킴?,여러분이라면 뭐부터 돌림?
드려,1,3,2,5,1,0,0,0,0,2,기타,0.6666666666666666,0.7431724270758142,1.6065027994714414,밑에 메린이 컴퓨터 질문한 사람입니다!,메린이 컴퓨터 질문 드려도 되나요..?,아이템 질문 하나만 드려도 될까요?
뭐가좋을까요,1,3,2,5,1,0,0,0,0,2,기타,0.6666666666666666,0.7431724270758142,1.6065027994714414,메린이 본캐 정하는루트 이중에 뭐가좋을까요?,다음 스펙업 뭐가좋을까요?,보장9세트 vs 보장7세트 2여명
변환,1,3,2,5,1,0,0,0,0,2,기타,0.6666666666666666,0.7431724270758142,1.6065027994714414,이메일 변환 명의이전 질문 잘아시는분만,플라즈마 하트 변환 질문이요!,최근 메이플에서만 렉이 유ㅜ독 심합니다 살려주십셔
언제인가요,1,3,2,5,1,0,0,0,0,2,기타,0.6666666666666666,0.7431724270758142,1.6065027994714414,메이플 방송,"""자석펫""이라는 존재가 메이플에서 아주 처음 나왔을때가 언제인가요?","다음 미라클 언제인가요 ㅠㅠ,.."
왜이럴까요,1,3,2,6,1,0,0,0,0,2,기타,0.6666666666666666,0.7431724270758142,1.6065027994714414,넥슨링크 pc조작 오류 왜이럴까요,하이퍼블링크가 안보여요 ㅠㅠ 왜이럴까요 ㅠ,뉴비 이거 오리진 버그인가요???
조각 파는게,2,3,2,6,1,0,0,0,0,2,기타,0.6666666666666666,0.7431724270758142,1.6065027994714414,챌린저스서버 질문드립니다.,챌섭 솔 에르다 조각 파는게 맞나요?,님들 조각 파는게 좋음?
피씨방,1,3,2,6,1,0,0,0,0,2,기타,0.6666666666666666,0.7431724270758142,1.6065027994714414,피씨방 누적시간 초기화 당일 목요일은 누적시간 적용 안됨?,뉴비 자석펫 질문,피씨방 누적 접속시간
현상금,1,3,2,7,1,0,0,0,0,2,기타,0.6666666666666666,0.7431724270758142,1.6065027994714414,메린이 에디 레전 천장 어떻게 하는게 좋을까요,챌섭 메린이 보스 현상금 코인 이벤트질문 있어요,심볼 현상금 주화 상점으로 땡기는건 별론가요?
도중,1,4,1,5,2,0,1,0,0,1,몬스터,0.25,0.6519580501384789,1.6057950057241368,안녕하세요 템셋 질문있습니다,메린이 제네무기 관련 질문입니다!!,검마 보스 도중에 변환하는 아이콘 한가운데 있는거
모은 메소,2,4,1,5,2,0,1,0,0,1,몬스터,0.25,0.6519580501384789,1.6057950057241368,안녕하세요 챌섭유입 뉴비입니다.,챌섭 블큐 화에큐 사용처 및 챌 달성 질문,늅이 꾸준히 모은 메소로 여명 샤타했는데... 다터져서 돈쓰고 싶어요
보스컷,1,4,1,7,2,0,1,0,0,1,몬스터,0.25,0.6519580501384789,1.6057950057241368,메이린 배율관련 질문드립니다 저 진짜 정리 잘해놨어요 함만 봐주세요 ㅠㅠ,환산 특정 시점으로 돌아가서 보기,뉴비 보스컷
썬콜인데,1,4,1,5,2,0,1,0,0,1,몬스터,0.25,0.6519580501384789,1.6057950057241368,제네무기 질문입니다 메짱선생님들,하메 질문,메린이 미라클에 메소 다 박았는데 조언좀..
유지하고,1,4,1,5,2,0,1,0,0,1,몬스터,0.25,0.6519580501384789,1.6057950057241368,mvp 레드만 유지하고 블랙으로 가긴 싫은데 질문있습니다,챌섭뉴비 템 가이드 부탁드립니다ㅠ,메쌤들 잠재 질문...
수정,1,5,1,8,2,0,0,1,0,2,직업,0.2,0.48358268535421767,1.6054926628725568,제네패스 플러스 재화 사용처 추천 부탁드립니다.,제네시스 해방무기 옵션 질문 드립니다.,밑에 메린이 컴퓨터 질문한 사람입니다!
어디서부터,1,5,1,6,2,0,0,1,0,2,직업,0.2,0.48358268535421767,1.6054926628725568,하드 메이린 89% 스펙업 도와주세요ㅜㅜ,복귀유저 챌섭 질문드립니다,뉴비 복귀 본캐 질문드립니다!
해볼까,1,5,1,6,2,0,0,1,0,2,직업,0.2,0.48358268535421767,1.6054926628725568,형들 지금해도,본섭 깡통캐릭 유챔하는거 별로일까요?,복귀를 해볼까 하는데요! 조언 좀 부탁드리겠습니다ㅎㅎ
챌섭캐,1,5,0,5,2,0,2,0,0,1,몬스터,0.4,0.7893155036035293,1.6030114985090949,플라즈마 하트 본캐 vs 부캐 고민,뉴비 이 캐릭터 버려야하는지 고민입니다..,본섭 7만 중후반 주차 후 챌섭 갈아타는 게 맞을까요?
무적,1,3,2,7,0,0,2,1,0,0,몬스터,0.6666666666666666,0.7380797011212323,1.6018093575744161,제논 어센트 질문,검마 연습중인데 2페 권능 때 암흑 걸리면 무적 필수임?,
그런건가요,1,6,0,6,0,0,3,2,0,1,몬스터,0.5,0.6460571009716567,1.6015396093526566,제로 온갖거 질문,흉성 보스 웰케 공략이 이해가 안가네요ㅠㅠ,그 메린이인데 챌섭유저 월드리프 언제하나요 ??
아란입니다,1,6,0,6,5,1,0,0,0,0,퀘스트,0.16666666666666666,0.644472718191143,1.5999980760863615,보스 윌을 클리어하지를 못하겠습니다..,해방무기 윗옵,"뉴비 챌린저 도전, 템셋팅 어떻게 하는게 효율적일까요"
큐브 돌리다,2,6,0,6,5,1,0,0,0,0,퀘스트,0.16666666666666666,0.644472718191143,1.5999980760863615,이벤링 주스텟 21% vs 아획 또는 메획 1줄,제네 무기 관련 질문!,렌 스텟뚝vs2초뚝
패스권,1,6,0,6,5,1,0,0,0,0,퀘스트,0.16666666666666666,0.644472718191143,1.5999980760863615,형님들 지금,메린이 제네시스 무기 질문해봅니다,마스터 블큐만 남은 메린이한테 훈수 부탁드립니다
2천만,1,4,2,6,2,0,1,1,0,0,몬스터,0.25,0.4951740337875512,1.5997482946629367,1억 2천만 아란 엠블렘 조언 구합니다,전투력 2천만 뉴비입니다. 템세팅 질문있습니다.ㅠㅠ,일보 챙겨잡는게 좋나요?
파티격,1,5,1,6,2,1,1,0,0,1,퀘스트,0.2,0.47785967813363883,1.5992993807637055,스펙업 질문,메린이 방향성이 잘못된걸까요? 현실조언 부탁드립니다,(제네 해방) 하드 검마 파티격 흔적 획득량
처음이라,1,9,0,9,4,0,0,0,1,4,시세,0.1111111111111111,0.3883822634548026,1.5984341516041805,여기서 스팩업을 어떤 방향으로 잡아야 할까요?,부티크 티켓은 어느 타이밍에 사는게 좋을까요?,뉴비 260찍고 받는 에르다솔 교환권 쓰면
200억정도,1,8,0,8,6,0,0,0,1,1,시세,0.125,0.45491831957593415,1.5983911448944772,지금의 조건으로 어느정도 맞춰야할까요 진로상담 부탁드립니다,본섭에서 키웠던뉴비인데,미라클 대비 미트라 질문
공9,1,8,0,11,6,0,0,0,1,1,시세,0.125,0.45491831957593415,1.5983911448944772,유챔 하드 세렌급 보조 스펙 질문 있습니다!,하드 메이린 잡고 싶은데 스펙업 방향을 알려주세요!,미트라 vs 에테 장갑 고민 추천 부탁드립니다.
돌릴,1,8,0,8,6,0,0,0,1,1,시세,0.125,0.45491831957593415,1.5983911448944772,잠재 좀더 돌려야될까요?,아델 어빌,[뉴비] 장갑 VS 엠블렘
이용,1,4,1,5,2,0,0,0,1,1,시세,0.25,0.643253964703226,1.597334151091567,메소마켓 생성 3일제한 관련,챌 유입 제논 템셋팅 및 템업글 직작 조언 부탁드림다!,무자본 메제유저 스펙업 훈수좀 부탁드립니다. (스펙상세첨부
프펫마,1,4,1,5,2,0,0,0,1,1,시세,0.25,0.643253964703226,1.597334151091567,챌린저 하고 싶은데 여기서 무보엠 바꿔주면 되나요?,챌섭 뉴비 하드메이린 잡고싶은데 스펙업 질문,루나 크리스탈 키 평소 시세가 10억 쯤 될까요?
100만,1,5,0,5,2,0,0,0,2,1,시세,0.4,0.7829026778820505,1.5972663779036103,선생님들 헥사환산 몇을 목표로 잡아야할까요?,10억있는데 카유잠 어디에 쓸지 추천부탁드립니다,카르시온 넘어왔는데 왜 사냥 메소가 줄었을까요?
의견좀,1,5,0,5,2,0,0,0,2,1,시세,0.4,0.7829026778820505,1.5972663779036103,스펙업 질문!,레테 카루타 템셋팅 질문드립니다 도와주세요,가엔링 인트 36% 떴는데 이거 시세가 어떻게 되나요?
날짜,1,4,2,7,0,1,1,0,0,2,퀘스트,0.25,0.4922149372123866,1.5965822353327923,챌린저 노릴 수 있을까요,제네패스 해방 날짜 메린이 질문드립니다!,어제부터 전투력이 200만 정도 널뛰기하는데 원인을 모르겠습니다..
하드세렌까지,1,8,0,8,5,1,0,1,0,1,퀘스트,0.125,0.45108414456540996,1.5941788731110114,칠흑 보통 얼마정도 하나요?,헥환 4.5 이후 템셋팅 질문.,렌 본캐 변경 어떤가요??
이득,1,8,0,9,5,0,1,0,0,2,몬스터,0.125,0.4499314467251613,1.5929125050985928,에디 레전 천장 사용처가 고민입니다....,안녕하세요 챌섭유입 뉴비입니다.,메짱이 선생님들 아버 이후에 질문있습니다. 17에테 VS 18아케인(+27여명)
있긴,1,8,0,8,5,0,1,0,0,2,몬스터,0.125,0.4499314467251613,1.5929125050985928,챌섭 아케인셰이드 장갑 극추옵 질문드립니다,지난주에 챌섭 시작한 뉴비인데 제네시스 패스 사도 되나요?,에테 이 정도 되는 옵션 작된 장비 18성 달면 얼마 정도 할까요?
있으시면,1,8,0,8,5,0,1,0,0,2,몬스터,0.125,0.4499314467251613,1.5929125050985928,검마 배율 181%인데 이거 잡히는거 맞나요..?,4여명 5칠흑으로 7~8만 될까요?,울티마 스쿼드 코인샵 본섭 실수
전혀,1,8,0,8,5,0,1,0,0,2,몬스터,0.125,0.4499314467251613,1.5929125050985928,챌섭 챌린저 목표 템셋팅 관련 질문입니다.,울티마 카오스코인 질문,챌섭 메린이 하메를 위한 템셋팅 조언 부탁드립니다!
만드,1,3,1,4,1,0,0,2,0,0,직업,0.6666666666666666,0.9016235286276995,1.5921972140548273,제로<>렌 직변 해보신분 궁금합니다.,5석펫인데 스펙업 순서 추천 좀…,200렙 만드는 물약 어디에 쓰는게 효율적인가요?
보스잡을때,1,3,1,4,1,0,0,2,0,0,직업,0.6666666666666666,0.9016235286276995,1.5921972140548273,썬콜 보스잡을때 머리위에 뜨는거 뭐에용?,제로랑 2인 파티하기 좋은 직업,드메링(재획용)과 스탯링(보스용)을 어떻게 세팅 해야하는지 궁금합니다.
제논인데,1,3,1,4,1,0,0,2,0,0,직업,0.6666666666666666,0.9016235286276995,1.5921972140548273,템셋 질문이에요!,하드 듄켈 팁 없을까요...,제논인데 하루시가 안잡혀요
하는게 나을까요,2,11,0,12,6,0,1,0,1,3,몬스터,0.09090909090909091,0.2805757758480917,1.5910556304811756,스팩업 질문드립니다.,이지 대적자가 안잡혀서 다음 템세팅 조언좀요..,루나 크리스탈 키 평소 시세가 10억 쯤 될까요?
노멀 메이린,2,3,1,4,0,0,2,0,0,1,몬스터,0.6666666666666666,0.8992468221458344,1.5902072379201806,이게 무슨 소리인가요??,레테로 노멀 메이린 잡으려면 투력 얼마나 필요한가요?,원래 보스 배율보다 훨씬 느리게 잡아지는게 정상임??
익스,1,3,1,4,0,0,2,0,0,1,몬스터,0.6666666666666666,0.8992468221458344,1.5902072379201806,안녕하세요 챌섭유입 뉴비입니다.,메린이 챌린저 이후 진로봐주실분..,님들 배율 65퍼면 익스 스우 2인 할만한가요?
아는분,1,3,2,5,1,0,1,0,0,1,몬스터,0.3333333333333333,0.725183014242492,1.5899238072680941,성형헤어장비 정보 찾고싶은데 아는분 있을까요,하드 카링 2인 파티배율 145% 빌드 궁금합니다,아 보스잡다가 이렇게 오류 뜨면서 팅겼는데 해결방법 아는분 ㅠ
햄들,1,3,2,5,1,0,1,0,0,1,몬스터,0.3333333333333333,0.725183014242492,1.5899238072680941,카링 3페 질문점요!,햄들 스펙업 조언좀 부탁드림다...,햄들 요새 비피작 뭘로해야됨?
신궁,1,6,0,9,1,0,0,2,0,3,직업,0.3333333333333333,0.6318303677736595,1.5876976370937141,에테리온 효과 다 받는 기준이면 몬파 매일 3천포인트 씀??,선생님들이라면 이 예전 미해방 본캐 어케 처리하실건가요?,복귀뉴비 200레벨비약 질문이 있습니다
알았는데,1,6,0,6,1,0,0,2,0,3,직업,0.3333333333333333,0.6318303677736595,1.5876976370937141,오늘 썬데이 메이플 솔에르다 주는거 278레벨 25개 받는거 맞지?,울티마 3-10 깨려면 법사도 40 찍어야대요?,제네시스 패스 구매 후 미활성화로 인한 흔적 복구 해보신 분 있으실까요?
재사용,1,6,0,10,1,0,0,2,0,3,직업,0.3333333333333333,0.6318303677736595,1.5876976370937141,레테 어빌 수칙 20 7 10 인데 카오스 서큘 계속 돌려야하나요..?,아델 어빌,레테 메이플 뉴비 어빌리티 재설정 질문
수가,1,5,1,6,1,1,1,0,0,2,퀘스트,0.2,0.4668612566442007,1.5873971894138132,해방 / 보스도전 질문이요,리프 관련해서 질문 드립니다. ㅠㅠ,대적자 패턴 질문점요
당일,1,3,1,4,0,0,0,0,2,1,시세,0.6666666666666666,0.8957381007822361,1.58726944487339,피씨방 누적시간 초기화 당일 목요일은 누적시간 적용 안됨?,경매장 시세탭,보통 보조 시세
올려야되나요,1,3,1,4,0,0,0,0,2,1,시세,0.6666666666666666,0.8957381007822361,1.58726944487339,데이브 유니크19성요즘시세얼마하나요?,챌섭 1 정령의 펜던트 90일 교환권 얼마정도에 올려야 하나요..?,메이플렌무교얼마에 올려야되나요?
알고 있는데,2,10,0,10,4,1,0,1,1,3,퀘스트,0.1,0.3213859782319674,1.5842725953722427,커믹 질문입니다!,메린이 에디 레전 천장 어떻게 하는게 좋을까요,"안녕하세요 메쌤, 메형님들 뉴비 질문 몇 가지만 해도 될까요?"
남아요,1,5,0,5,1,0,2,0,0,2,몬스터,0.4,0.7683307209464463,1.5842116569913343,본섭에 유니온 만들려는데 고민상담좀 해주십쇼..,솔 에르다 기운 어떻게 처리해야할까요,메짱이분들 도와주세요
연습,1,5,0,6,1,0,2,0,0,2,몬스터,0.4,0.7683307209464463,1.5842116569913343,챌섭 챌린저 목표 템셋팅 관련 질문입니다.,메린이 플라즈마 하트 갖고싶어요,검마 흔적만 먹으러가는 6인팟도 나오나요?
되게,1,8,0,9,4,1,0,1,0,2,퀘스트,0.125,0.44127106873870836,1.5833981074181651,길드 분위기 알아보는 법...,유니온 계정 버리고 새로 키우는게 맞을까요 조언 부탁드립니다!,드메 vs 스펙업
질문요,1,3,3,6,0,0,0,1,0,2,직업,0.3333333333333333,0.61294895204801,1.5829787296837992,어빌 맞추는데 질문요 ㅠㅠ,뉴비 질문요,레테 어빌리티 질문요
고수,1,3,2,5,1,0,0,0,1,1,시세,0.3333333333333333,0.7175167340768345,1.5828585850580796,고수 형님들 미라클 질문 있습니다.,진짜 메이플 고수만 오셈,뉴비입니다 질문있습니다 (모르고 자게에 써서 다시 작성했습니다)
레전드리,1,8,0,12,5,0,0,0,1,2,시세,0.125,0.44051076303573605,1.582562826229735,"메린이 오늘 첫 해방했는데, 잠재 돌리고 남은 블랙큐브는 어디에 쓰는게 좋나요?",에디천장 질문있습니다.,렌 보조무기 시세 적정한가요?
다른 캐릭터,2,5,1,7,1,0,0,1,0,3,직업,0.2,0.4618070397787734,1.5819276539614817,이후 스펙업 질문,"모멘텀패스 1차, 2차 각각 다른 캐릭터에 지정 가능한가요?",신규유입 챌섭 모멘텀패스
안되,1,5,1,6,1,0,0,1,0,3,직업,0.2,0.4618070397787734,1.5819276539614817,수로랑 플래그 돌아도 오프접하면 안되는 이유가 궁금해서 질문을 합니다아,지금 시작해도 괜찮을까요? + 직업 고민,울티마 스쿼드 코인샵 본섭 실수
2분,1,5,1,6,0,1,2,1,0,1,몬스터,0.4,0.46108659653712786,1.581148009961928,2분 설치기 직업,올티마 스쿼드 효율,메린이 이적자 120퍼 가능한가요
가능할,1,7,0,7,4,0,0,0,0,3,기타,0.42857142857142855,0.520412122970911,1.5808040644896717,성장 방향 조언 부탁드려요,블랙보조12/60 아랫잠 고민,챌섭 유입 메린이 다음주 하드메이린 잡게 해주세요
된다,1,7,0,7,4,0,0,0,0,3,기타,0.42857142857142855,0.520412122970911,1.5808040644896717,아흐... 펫장비 이전 줌서에 대한 글은 많은데...,내부 드랍 24라는 게 이거 맞나요?,챌섭 보조무기 질문입니다
목표 챌린저입니다,2,7,0,7,4,0,0,0,0,3,기타,0.42857142857142855,0.520412122970911,1.5808040644896717,메린이 템 방향 조언 부탁드립니다 젭알,보조 살지말지 고민,챌섭 뉴비 템세팅 봐줄수 있나요
실버,1,7,0,7,4,0,0,0,0,3,기타,0.42857142857142855,0.520412122970911,1.5808040644896717,mvp 유지,카루타 11성 9퍼 공10 둘둘,메멘토 실버.에디 큐브 어디에 사용하고 계실까요?
여러가지,1,7,0,7,4,0,0,0,0,3,기타,0.42857142857142855,0.520412122970911,1.5808040644896717,유료 경험치 주는것들 효율 궁금해요,챌 유입 제논 템셋팅 및 템업글 직작 조언 부탁드림다!,의상살때 라벨은 어떤건가용 ?
챌린저입니다,1,7,0,7,4,0,0,0,0,3,기타,0.42857142857142855,0.520412122970911,1.5808040644896717,메린이 템 방향 조언 부탁드립니다 젭알,보조 살지말지 고민,챌섭 뉴비 템세팅 봐줄수 있나요
나와요,1,10,0,10,5,0,1,1,0,3,몬스터,0.1,0.31681875984789526,1.5787967396857405,레테 스공이 내려갔습니다,240억 정도 써서 보조를 살지 아님 칠흑 4셋을 할지 고민입니다,미트라 이런거 사올까요?
사용중입니다,1,7,0,8,6,0,1,0,0,0,몬스터,0.14285714285714285,0.5183300630449865,1.5786393035385544,18에테 22아케인 질문있습니다,"다음 스펙업 질문,,",템세팅 진로 질문드립니다
유튭,1,7,0,7,6,0,1,0,0,0,몬스터,0.14285714285714285,0.5183300630449865,1.5786393035385544,메이린 배율관련 질문드립니다 저 진짜 정리 잘해놨어요 함만 봐주세요 ㅠㅠ,챌섭 뉴비 한번만 도와주십쇼 선생님들ㅠ,제네시스무기 잠재 질문드립니다(찐늅입니다ㅠㅠ)
10렙,1,4,1,7,1,0,1,0,0,2,몬스터,0.25,0.6238125233884629,1.5784359899883185,솔헤카테 10렙 질문입니다.,렌 카칼 질문드립니다.,캐릭터 부캐릭을 본캐로 할 생각인뎁쇼
10시간,1,4,1,5,1,0,1,0,0,2,몬스터,0.25,0.6238125233884629,1.5784359899883185,선생님들 혹시 노말흉성 많이 어렵나요?,PC방 최대시간도 12시 기준으로 초기화되나요?,일주일에 10시간 정도 사냥하면 드메템 굳이인가요
2인으로,1,4,1,6,1,0,1,0,0,2,몬스터,0.25,0.6238125233884629,1.5784359899883185,혹시 제네패스 플러스 검마 파티로 가서 데카아웃하고 죽어도 미션 깨지나요??,이적자 2인 괜찮음?,챌 뉴비 템세팅 질문!
몇퍼,1,4,1,5,1,0,1,0,0,2,몬스터,0.25,0.6238125233884629,1.5784359899883185,익스우 처음 도전할때 몇퍼로 도전하는게 정배인가요?,하메 질문,하세노칼 유챔컷 질문
익검,1,4,1,7,1,0,1,0,0,2,몬스터,0.25,0.6238125233884629,1.5784359899883185,스펙업 질문,헥환 7만 후반대인 분들은 거의 다 상위보스 3인격 가시나요?,상위? 중상위? 보스 팟격 어떻게 구하시나요들
헥사스탯3,1,4,1,6,1,0,1,0,0,2,몬스터,0.25,0.6238125233884629,1.5784359899883185,노칼 최소컷 배율 질문,고수님들 스펙업 순서 훈수 좀 부탁드리겠습니다,헥사스탯3 떡작
떨어지나요,1,5,0,5,1,0,0,0,2,2,시세,0.4,0.7614721826125159,1.5780672314888926,레테 보조 질문드립니다..,"미라클때 만든 레전잡, 유니크3줄 칠흑 언제팔아야 할까요",마라벨 신발은 단종되면
끝날때까지,1,8,0,8,4,0,1,0,0,3,몬스터,0.125,0.43634481489070964,1.577986064403655,챌섭 챌린저 목표 템셋팅 관련 질문입니다.,모멘텀 패스 가치 있나요?,챌섭 285
않고,1,10,0,10,3,0,1,2,1,3,직업,0.2,0.31411600472742707,1.5755562778222896,챌섭말고 레벨업 빠르게 할만한 방법 있음?,이번 이벤으로 시작한 늅늅이 장비좀 봐주실수 있을까요?,이번 메이플 챌린저스 유입 뉴비입니다. 도와주세요
시작한지,1,8,0,8,3,0,0,1,0,4,기타,0.5,0.43286419354657485,1.574162211022788,제네패스 지금 사도 되나요?,메린이 플라즈마 하트 갖고싶어요,챌린저스 서버 캐릭터 육성 질문
상관없나요,1,6,0,6,2,0,2,1,0,1,몬스터,0.3333333333333333,0.6166035022820655,1.5728825810445177,월드 리프 관련 질문 드립니다,챌섭 사냥터 질문,챌섭에서 레테 200 테라버닝했는데
모르겠고,1,8,0,8,3,0,0,2,1,2,직업,0.25,0.43081459927621135,1.571910501570583,살짝 과부화 오는데 방향성 한번만 잡아주실분..?,꼭 챌린저스나 하이퍼버닝으로 키워야 하나요 ?,진짜 찐 뉴비 템세팅
듣고,1,5,0,5,3,0,0,2,0,0,직업,0.4,0.7533915283800685,1.5708279371196199,뉴비 아이템 셋팅 질문 두개만 부탁드립니다.,챌섭 챌린저 목표 겸,메린이 스펙업 질문
듣고 싶습니다,2,5,0,5,3,0,0,2,0,0,직업,0.4,0.7533915283800685,1.5708279371196199,뉴비 아이템 셋팅 질문 두개만 부탁드립니다.,챌섭 챌린저 목표 겸,메린이 스펙업 질문
매번,1,5,0,5,3,0,0,2,0,0,직업,0.4,0.7533915283800685,1.5708279371196199,무자본 하드메이린 방향 추천 부탁드립니다.,렌 돌진기 질문,체급 좋고 극딜쎈 직업 뭐 있음?
안해서,1,5,0,5,3,0,0,2,0,0,직업,0.4,0.7533915283800685,1.5708279371196199,미트라 vs 에테 장갑 고민 추천 부탁드립니다.,복귀유저 직업 네개중에 뭐가 괜춘할까요?,챌섭 사파이어보상 유니크에잠 잘못 썼는데 혹시 복구해줄까요...?
정도까지,1,5,0,5,3,0,0,2,0,0,직업,0.4,0.7533915283800685,1.5708279371196199,헥환 7만 중반 ~ 8만 목표 레테 템세팅 조언 부탁드립니다.,블래스터 매그팡도 안됨,꼬님키
했다,1,5,0,5,3,0,0,2,0,0,직업,0.4,0.7533915283800685,1.5708279371196199,스타포스,미라클 에디 고민,"메린이 남은 대적자 큐브, 코인 어떻게 쓰는게 좋을까요?"
없는거,1,10,0,10,4,0,1,1,0,4,몬스터,0.1,0.31002143154205375,1.5706470989796226,메획 1줄 마이스터링,미라클 대비 미트라 질문,안녕하세요...메이플 시작 3주차인데..
보이긴,1,4,0,4,1,0,3,0,0,0,몬스터,0.75,0.9509081705917662,1.5699327867139208,헥환 8만 목표 과금 어느정도 해야할까요?,이거 하드메이린 클각 나올까요?,검마 연습중인데 2페 권능 때 암흑 걸리면 무적 필수임?
눌렀는데,1,4,1,6,1,0,0,0,1,2,시세,0.25,0.6148204117197335,1.5696951578543854,점프 한번만 눌렀는데 두번 눌리는 버그,헤카테:스틱스 바인드 질문,몽벨 인트추옵 시세..?
평소,1,4,1,5,1,0,0,0,1,2,시세,0.25,0.6148204117197335,1.5696951578543854,루나 크리스탈 키 평소 시세가 10억 쯤 될까요?,윈10 프리징? 해결방법 아시는분..ㅠㅜ,드메 질문좀용
도와주십쇼,1,5,1,7,3,0,0,1,1,0,시세,0.2,0.45044466760420887,1.5696316051202706,메린이 에디 레전 천장 어떻게 하는게 좋을까요,아델 보조 윗잠 이렇게 떴는데 얼마정도 할까요,챌섭 뉴비 한번만 도와주십쇼 선생님들ㅠ
17성 유니크,2,7,0,7,6,0,0,0,1,0,시세,0.14285714285714285,0.5088019395024438,1.568732715584244,메짱이 선생님들 아버 이후에 질문있습니다. 17에테 VS 18아케인(+27여명),아버 대체 아케인 직작 or 완제구매,컨티4레벨 질문
예정이에요,1,7,0,7,6,0,0,0,1,0,시세,0.14285714285714285,0.5088019395024438,1.568732715584244,챌섭 챌린저 목표 겸,메린이 노적자 템셋 가이드 해주실 (글삭안함!),템세팅 조언 좀 부탁 드립니다..
팬던트,1,7,0,9,6,0,0,0,1,0,시세,0.14285714285714285,0.5088019395024438,1.568732715584244,드메 vs 스펙업,풀드메 세팅 질문점요,하드 메이린까지 스펙업 질문
다른서버,1,6,0,6,0,0,0,1,0,5,기타,0.8333333333333334,0.6121991411650903,1.5685973355457044,챌섭 월드리프 질문이요,리프 질문드려요 결정석,몬파핸즈 챌섭 본섭 누구줄까요
맘에 안들어서,2,6,0,6,0,0,0,1,0,5,기타,0.8333333333333334,0.6121991411650903,1.5685973355457044,메린이 본캐 고민,겨울에도 재네패스 하나요?,지금 284인데 챌섭기간 동안 290가능함?
잠그고,1,6,0,6,0,0,0,1,0,5,기타,0.8333333333333334,0.6121991411650903,1.5685973355457044,사냥용 어빌리티 질문드립니다!,어빌리티 질문드립니다.,레테 메이플 뉴비 어빌리티 재설정 질문
시세탭에,1,4,0,4,1,0,0,0,3,0,시세,0.75,0.9490967105229614,1.5684750704581234,챌섭 아케인셰이드 장갑 극추옵 질문드립니다,아케인 신발 추옵 전승용으로 팔리나요?,전사 장비 시세 질문드립니다.
챌섭 캐릭,2,9,0,10,2,0,0,1,1,5,기타,0.5555555555555556,0.3611353696337924,1.5670650058328555,뉴비 진짜 이해안가는데 챌섭매물이요,본섭 깡통캐릭 유챔하는거 별로일까요?,드메부터 맞출지 스펙을 올릴지 추천좀 해주세요
안됨,1,4,2,6,0,0,1,1,0,2,몬스터,0.25,0.46341319977819995,1.5657660699216314,피씨방 누적시간 초기화 당일 목요일은 누적시간 적용 안됨?,블래스터 매그팡도 안됨,챌섭 리프관련 질문
만들려고,1,9,0,9,5,0,0,1,0,3,아이템,0.5555555555555556,0.3591177353905033,1.5647421185669996,뉴비 루컨마 시세 문의 드립니다..!!!,메린이 케릭터생성제한,안녕하세요 시즌4 복귀 유저 본섭 카데나 세팅 조언 주실 분
봤는데,1,9,0,9,5,0,0,1,0,3,아이템,0.5555555555555556,0.3591177353905033,1.5647421185669996,뉴비 보조무기 질문,메짱 친구들아 뉴비 템 견적 어디까지 됨..?,에테 크뎀장감 추옵 197 템 판매 질문
절대,1,9,0,9,5,0,0,1,0,3,아이템,0.5555555555555556,0.3591177353905033,1.5647421185669996,뉴비 50억으로 뭐해야 할 까요 ?,복귀메린이 직업추천,아직도 본캐를 못정한 유저 조언부탁드립니다
알려주세용,1,3,2,5,2,0,0,1,0,0,직업,0.3333333333333333,0.6961648147281728,1.5631807163200713,500억 템세팅 알려주세용,링크3렙 방법 알려주세용,안녕하세요 선생님들 메린이 스펙업 방향이 궁금합니다
주보캐,1,3,2,6,2,0,0,1,0,0,직업,0.3333333333333333,0.6961648147281728,1.5631807163200713,뉴비 주보캐 템 질문좀 받아주실분,유챔 및 주보캐 레벨링 질문입니다!,자석펫 밎추기 vs 드메풀 맞추기
되어있는데,1,6,0,6,3,1,0,0,0,2,퀘스트,0.16666666666666666,0.6059669652332755,1.5625337083474962,선생님들 장비 프리셋 어떻게 해두셨나요?,뉴비 스펙업 진로 고민있어요,300억 템셋팅 도와주세요
아니지,1,6,0,6,3,1,0,0,0,2,퀘스트,0.16666666666666666,0.6059669652332755,1.5625337083474962,윗잠재 어떤 걸 선택해야 할까요?,해방무기 훈수 부탁드립니다,노칼 딜배율 200% 목표 / 18에테 교체 순서 및 칠흑·엠블 문의
적당한,1,9,0,9,7,0,1,0,1,0,아이템,0.7777777777777778,0.35584122671068247,1.560969898545389,아케인 장갑 팔고 그냥 18에테풀셋 맞출까요,렌 보조무기 시세 적정한가요?,챌 유입 제논 템셋팅 및 템업글 직작 조언 부탁드림다!
쉽게,1,10,0,11,4,1,1,0,1,3,퀘스트,0.1,0.30135910185393494,1.560261419274342,메린이 하드 메이린 배율 105인데 못잡겠습니다..,보스 윌을 클리어하지를 못하겠습니다..,뉴비 환산주스탯 보스 배율
미트라 거품,2,4,1,5,3,0,0,1,0,0,직업,0.25,0.6043529668950975,1.5595202199250089,유챔캐릭 미트라 꼭 껴야하나요?,챌섭 기간중에 한부위 추천 부탁드립니다,챌섭 챌린저 목표 겸
방향좀,1,4,1,5,3,0,0,1,0,0,직업,0.25,0.6043529668950975,1.5595202199250089,뉴비 제논 진로 방향 알려주실분,스펙업 방향 추,템셋 방향좀 잡아주실분 계신가요??
부탁드립니당,1,4,1,5,3,0,0,1,0,0,직업,0.25,0.6043529668950975,1.5595202199250089,291 메르 vs 281 레테 조언 부탁드립니당ㅠ,메린이 템세팅 질문이용,메린이 질문있습니다
생겼습니다,1,4,1,5,3,0,0,1,0,0,직업,0.25,0.6043529668950975,1.5595202199250089,미트라를 믿기 vs 똥블렘을 믿기,레테 계속 밀까요? 나워 부캐 시작할까요?,챌섭 템맞추려는데 궁금한게 생겼습니다
어떤거부터,1,4,1,6,3,0,0,1,0,0,직업,0.25,0.6043529668950975,1.5595202199250089,찐뉴비 아란 60억 모았음.. 템셋 추천좀 해주십쇼,해방무기 잠재 어떻게 돌려야하나요,오늘가입한 뉴비입니다..100억있는데.. 어떤거부터 스펙업할까요..?
어떤게 나을까요,2,4,1,5,3,0,0,1,0,0,직업,0.25,0.6043529668950975,1.5595202199250089,직업 고민,제네 잠재 둘 중에 어떤게 나을까요,질문이요!!
어떻게해야할지,1,4,1,5,3,0,0,1,0,0,직업,0.25,0.6043529668950975,1.5595202199250089,뉴비 질문드립니다,완전 첫 캐릭으로 키우는 메린이인데…첫 해방후 어떻게해야할지에 대해서,첼섭유입 뉴비 템세팅 고민이 큽니다
존재,1,4,1,5,3,0,0,1,0,0,직업,0.25,0.6043529668950975,1.5595202199250089,아흐... 펫장비 이전 줌서에 대한 글은 많은데...,제네시스무기 잠재 질문드립니다(찐늅입니다ㅠㅠ),"""자석펫""이라는 존재가 메이플에서 아주 처음 나왔을때가 언제인가요?"
탬을,1,4,1,6,3,0,0,1,0,0,직업,0.25,0.6043529668950975,1.5595202199250089,18아케인에서 스팩업 질문,핵사환산과 환산,본섭에 탬을 챌섭으론 못 옮기죠?
되는거,1,11,0,11,2,1,1,1,1,5,퀘스트,0.09090909090909091,0.2549398562433265,1.5592041969315196,하드메이린.... 왜 안될까요,대적자 코인 사용처 관련 질문드립니다,형들 챌섭 챌린저 기준
버근가요,1,3,2,5,0,0,1,0,0,2,몬스터,0.3333333333333333,0.6905281159169785,1.5579859505703906,보스방 드랍율이랑 일반 맵 드랍율이 다른가요?,님들 저 메린인데 윌 1페 이거 버근가요?,이거 버근가요?
드는데,1,7,0,7,1,0,2,2,0,2,몬스터,0.2857142857142857,0.49720142150951857,1.5566714160744974,안녕하세요 메린이인데 질문있습니다.,이번 챌섭이 본캐인데 진로상담 요청합니다!,메린이 하메잡는데 뭘 더 해야 빠르게 쌔질까요
같아서 고민입니다,2,4,0,4,1,0,0,3,0,0,직업,0.75,0.9321921190659583,1.5548716252655683,레테랑 키네 본캐 고민중입니다!,스펙업 진로상담 부탁드립니다.,본섭 유기캐 본캐로 키우기.
아까워서,1,4,0,4,1,0,0,3,0,0,직업,0.75,0.9321921190659583,1.5548716252655683,291 메르 vs 281 레테 조언 부탁드립니당ㅠ,블큐가많이남아서 에테 한부위 직작하려는데 부위추천가능할까여,안녕하세요 뉴비입니다 하버 렌 280까지 키웠는데 레테
100개,1,5,0,5,4,0,0,0,0,1,아이템,0.8,0.7343719051785197,1.5537886421333573,미라클 에디 고민,"미트라 에디, 제네 에디 등업 질문",울티마 스쿼드 코인샵 본섭 실수
10만,1,5,0,5,4,0,0,0,0,1,아이템,0.8,0.7343719051785197,1.5537886421333573,스펙업 방향 추,에테 27 vs 30,1석펫 > 2석펫 / (현재 1버섯) 버섯 or 빨강이 뭐할까
300억정도,1,5,0,5,4,0,0,0,0,1,아이템,0.8,0.7343719051785197,1.5537886421333573,복귀뉴비 아크 템세팅 질문입니다...,6월말 유입 뉴비 현실적인 조언 부탁드립니다,메린이 진로 도와주시면 감사하겄슴다
30에,1,5,0,8,4,0,0,0,0,1,아이템,0.8,0.7343719051785197,1.5537886421333573,대적자 코인 어디다 써야할까요?,대적자 코인 쓸 곳 질문드립니다.,메린이 템 셋팅 질문!!
30퍼작,1,5,0,5,4,0,0,0,0,1,아이템,0.8,0.7343719051785197,1.5537886421333573,챌섭뉴비 챌린저달고싶은데 뭐해야할까요,뉴비면 이노센트50퍼랑 순백10퍼 팔아도 되나요,법사 에테 상의 깡통 쌍레 팔릴까요?
3카,1,5,0,5,4,0,0,0,0,1,아이템,0.8,0.7343719051785197,1.5537886421333573,아버 이후 템세팅 질문...,5초 뚝질문,챌섭 보상 250 레테 딸깍 했는데 템 세팅 추천 좀 부탁합니다
4아케인,1,5,0,5,4,0,0,0,0,1,아이템,0.8,0.7343719051785197,1.5537886421333573,4아케인3에테 질문!!,메짱이 선생님들 아버 이후에 질문있습니다. 17에테 VS 18아케인(+27여명),환산 6만 이후 템셋팅 도와주세요
6개,1,5,0,5,4,0,0,0,0,1,아이템,0.8,0.7343719051785197,1.5537886421333573,리프 질문있습니다,월드자석펫 스킬 월드리프 문의,챌섭 뉴비.. 가고 있는 방향이 제대로 된 건지 모르겠어요
D라벨,1,5,0,9,4,0,0,0,0,1,아이템,0.8,0.7343719051785197,1.5537886421333573,아흐... 펫장비 이전 줌서에 대한 글은 많은데...,챌섭 종료후 리프 고민,프펫공작
가엔링 트왈마,2,5,0,5,4,0,0,0,0,1,아이템,0.8,0.7343719051785197,1.5537886421333573,챌섭 뉴비 세트템 셋팅 질문 드립니다.ㅜㅜ,4여명 가는게 맞을까요?,여명셋 17~18 파방
같기,1,5,0,5,4,0,0,0,0,1,아이템,0.8,0.7343719051785197,1.5537886421333573,챌섭 블큐 화에큐 사용처 및 챌 달성 질문,모멘텀 패스 질문,자석펫 팔기 vs 쓰기
끝나기 전까지,2,5,0,5,4,0,0,0,0,1,아이템,0.8,0.7343719051785197,1.5537886421333573,제네무기 vs 미트라 에디,[뉴비] 메짱이형님들 템진로 조언 부탁드립니다,메린이 제네 패스 질문
끼고있습니다,1,5,0,5,4,0,0,0,0,1,아이템,0.8,0.7343719051785197,1.5537886421333573,지금의 조건으로 어느정도 맞춰야할까요 진로상담 부탁드립니다,아이템 뭐부터 맞출까요?,미트라 질문
노리는게 나을까요,2,5,0,5,4,0,0,0,0,1,아이템,0.8,0.7343719051785197,1.5537886421333573,"안녕하세요 메쌤, 메형님들 뉴비 질문 몇 가지만 해도 될까요?",대적자 코인 어디에 쓸지 질문합니다..,제네 잠재 옵이 이러면 에디셔널 돌리는게 날까요..??
대적자 화에큐,2,5,0,5,4,0,0,0,0,1,아이템,0.8,0.7343719051785197,1.5537886421333573,에디천장 질문있습니다.,에디 레전천장 사용처 추천부탁드려요 + 도전자 대체셋 질문,메린이 오늘 해방했어요!
던져서,1,5,0,5,4,0,0,0,0,1,아이템,0.8,0.7343719051785197,1.5537886421333573,챌섭 스펙업 어떻게 할까요? 미트라? 보장?,무보엠 큐브 우선순위 질문드려요,제로 무기 잠재 어디에서 스탑해야 되나요
던질,1,5,0,5,4,0,0,0,0,1,아이템,0.8,0.7343719051785197,1.5537886421333573,메이플용 PC 견적 뽑아봤는데용,복귀뉴비 템진단좀 부탁드립니다,챌린저 목표인데 미트라 안 사도 될까요?
레전더리,1,5,0,7,4,0,0,0,0,1,아이템,0.8,0.7343719051785197,1.5537886421333573,"에디 레전 천장 60개 남았는데, 진로 조언 부탁드립니다!",제네무기 에디 스톱하나요?,제네시스무기 잠재 질문드립니다(찐늅입니다ㅠㅠ)
마이링 18성,2,5,0,5,4,0,0,0,0,1,아이템,0.8,0.7343719051785197,1.5537886421333573,4여명 5칠흑으로 7~8만 될까요?,스펙업 질문,마이링 질문 드립니다
매커,1,5,0,5,4,0,0,0,0,1,아이템,0.8,0.7343719051785197,1.5537886421333573,아버 하버 다 놓친 후발대인데..,모험가 22성 나오면 18둘둘로 하드 메이린 가능할까요?,2년만에 복귀했는데 템세팅 조언 부탁드립니다.
메멘토 골드,2,5,0,5,4,0,0,0,0,1,아이템,0.8,0.7343719051785197,1.5537886421333573,미라클 어디에 질러야 할까요?,메수라이브 잠재능력 설정 질문,큐브가 부족해요
메소정,1,5,0,5,4,0,0,0,0,1,아이템,0.8,0.7343719051785197,1.5537886421333573,카르시온 넘어왔는데 왜 사냥 메소가 줄었을까요?,챌린저스 서버 캐릭터 육성 질문,8만대 목표 템세팅 질문
방안,1,5,0,5,4,0,0,0,0,1,아이템,0.8,0.7343719051785197,1.5537886421333573,메고수 형님들 템 진로좀 봐주십쇼,[뉴비] 장갑 VS 엠블렘,메린이 여기서 막힘..도와주세여
복귀유저입니다,1,5,0,5,4,0,0,0,0,1,아이템,0.8,0.7343719051785197,1.5537886421333573,미라클 타임.. 엠블 vs 하트,챌린저스서버 질문드립니다.,템 진로상담 해주실분
부위부터,1,5,0,5,4,0,0,0,0,1,아이템,0.8,0.7343719051785197,1.5537886421333573,스펙업 하고싶은데 당장 바꿧으면 부위좀 진단부탁드립니다,노칼 딜배율 200% 목표 / 18에테 교체 순서 및 칠흑·엠블 문의,템진로 고민과 조언이 필요합니다 .
블랙보조 유니크,2,5,0,5,4,0,0,0,0,1,아이템,0.8,0.7343719051785197,1.5537886421333573,제논 보조 질문드려요,복귀 메린이인데 블랙보조 질문드립니다,메린이 급해요
생각하는데,1,5,0,5,4,0,0,0,0,1,아이템,0.8,0.7343719051785197,1.5537886421333573,에테 윗잠 33% 숄더 리턴작 할까요?,뉴비 스펙업 아이템 질문,스펙업 방향성 여쭤보고 싶습니다
안떠서,1,5,0,5,4,0,0,0,0,1,아이템,0.8,0.7343719051785197,1.5537886421333573,챌섭 파풀마 사려는데 고민이에요!,잠재 좀더 돌려야될까요?,루컨마 가격 질문있습니다 선배님들
완제품,1,5,0,7,4,0,0,0,0,1,아이템,0.8,0.7343719051785197,1.5537886421333573,[질문] 복귀 유저 아버 이후 에테르넬 17성 풀셋 질문,챌 유입 제논 템셋팅 및 템업글 직작 조언 부탁드림다!,템진로 고민과 조언이 필요합니다 .
일부,1,5,0,5,4,0,0,0,0,1,아이템,0.8,0.7343719051785197,1.5537886421333573,제네패스 플러스 재화 사용처 추천 부탁드립니다.,모험가 22성 나오면 18둘둘로 하드 메이린 가능할까요?,템셋계획좀 봐주실수 있을까요??
있는 큐브,2,5,0,5,4,0,0,0,0,1,아이템,0.8,0.7343719051785197,1.5537886421333573,메린이 많이 성장했지만 다시 막막해짐..,무보엠 어떻게 해야할지 진로 좀 부탁드립니다..,챌섭 진로 질문이요
있으신가요,1,5,0,5,4,0,0,0,0,1,아이템,0.8,0.7343719051785197,1.5537886421333573,미라클 어디에 질러야 할까요?,제네패스 플러스 재화를 어디에 투자해야할까요?,템 진로상담 해주실분
재밌게 즐기고,2,5,0,5,4,0,0,0,0,1,아이템,0.8,0.7343719051785197,1.5537886421333573,안녕하세요 선생님들 템 진로 고견좀 여쭙습니다,[질문] 복귀 유저 아버 이후 에테르넬 17성 풀셋 질문,햄들 스펙업 조언좀 부탁드림다...
저의,1,5,0,5,4,0,0,0,0,1,아이템,0.8,0.7343719051785197,1.5537886421333573,렌 1년 정말 열심히 키웠는데 템 방향성 도와주세요 ㅠㅠ,복귀뉴비입니다. 4칠흑셋 부위 추천 해주세요,보조 구매 질문있습니다
즐기고 있는,2,5,0,5,4,0,0,0,0,1,아이템,0.8,0.7343719051785197,1.5537886421333573,안녕하세요 선생님들 템 진로 고견좀 여쭙습니다,아직도 본캐를 못정한 유저 조언부탁드립니다,무과금인데 매일 몬파7판?
질렀는데,1,5,0,5,4,0,0,0,0,1,아이템,0.8,0.7343719051785197,1.5537886421333573,보40 마9 9 로 봐도 될까요 잠재가 애매해요...,미라클 어디에 질러야 할까요?,무기 이펙트 프리즘 이제 안파나요???
찾아보다,1,5,0,5,4,0,0,0,0,1,아이템,0.8,0.7343719051785197,1.5537886421333573,메이플 좀 켜두면 생기는 잔렉? 프레임드랍? 해결방법 있을까요..,챌섭에서 200레테로 카벨룸 어떻게 잡아야 할까요,뉴비 18에테 질문있습니다
최종 목표,2,5,0,5,4,0,0,0,0,1,아이템,0.8,0.7343719051785197,1.5537886421333573,뉴비 아버 템 대체질문,메린이 챌린저 이후 진로봐주실분..,템진로 고민과 조언이 필요합니다 .
칼로스까지,1,5,0,5,4,0,0,0,0,1,아이템,0.8,0.7343719051785197,1.5537886421333573,메린이 익스우 템세팅 질문,제네무기 옵션 방향성좀 알려주세요...,메린이 많이 성장했지만 다시 막막해짐..
클릭,1,5,0,5,4,0,0,0,0,1,아이템,0.8,0.7343719051785197,1.5537886421333573,게토 아닌 피시방에서 하면 찍계되나요?,환산 8~9만대 목표로 하고 있습니다.,스타포스 파괴방지 질문이요
털어서,1,5,0,5,4,0,0,0,0,1,아이템,0.8,0.7343719051785197,1.5537886421333573,챌린저 하고 싶은데 여기서 무보엠 바꿔주면 되나요?,누비 챌린저 달수 있을까요?,해방무기 질문입니다
하고있습니다,1,5,0,5,4,0,0,0,0,1,아이템,0.8,0.7343719051785197,1.5537886421333573,18아케인에서 스팩업 질문,소과금 익스우 솔플 목표로 템세팅 질문이여,리프 질문드려요 결정석
하는게 맞을까요,2,5,0,5,4,0,0,0,0,1,아이템,0.8,0.7343719051785197,1.5537886421333573,챌섭 메린이 스펙업 순서 질문 있어요!!,챌섭 솔 에르다 조각 파는게 맞나요?,메린이 드메템 질문있어요
본체,1,4,0,4,0,0,3,0,0,1,몬스터,0.75,0.9304969986794055,1.5535075297574392,보마 카링1페 질문 있습니다,메쌤들 혹시 대적자 3페 분신 잘 보이게 하는 설정 있나요 ?,챌섭 뉴비 세렌 질문 드려요
영상에서,1,4,0,4,0,0,3,0,0,1,몬스터,0.75,0.9304969986794055,1.5535075297574392,배율20퍼차이나는데 딜이 똑같은데 뭐가문제일까요,검마 연습중인데 2페 권능 때 암흑 걸리면 무적 필수임?,이지칼로스 2-1 패턴 질문이있습니다 ㅜㅠ
의지,1,4,0,4,0,0,3,0,0,1,몬스터,0.75,0.9304969986794055,1.5535075297574392,검마 극딜 질문,초보 보스 공략하려면 환산주스탯 몇퍼정도부터 트라이하면 좋을까요?,검마 3페 질문
뜨면서,1,4,1,7,0,0,1,0,0,3,몬스터,0.25,0.5979965555555169,1.5533414349476473,님들 저 메린인데 윌 1페 이거 버근가요?,넥슨온 접속오류 질문,아 보스잡다가 이렇게 오류 뜨면서 팅겼는데 해결방법 아는분 ㅠ
몇분,1,4,1,5,0,0,1,0,0,3,몬스터,0.25,0.5979965555555169,1.5533414349476473,이지 카링 최소컷 질문!,하림1페 몇분이 마지노선인가요?,5석펫
진입,1,4,1,6,0,0,1,0,0,3,몬스터,0.25,0.5979965555555169,1.5533414349476473,형들 익스우 135퍼,울티마 카오스 진입 이후에도 아래단계에서 오토돌리는게 겸치 더 잘 오르나요?,울티마 전사 궁수 39렙인데 에스페시아 어떻게 할까요
급함,1,3,3,6,2,0,0,0,0,1,아이템,0.6666666666666666,0.5802430494260673,1.550880535801155,급함 제네무기 윗잠 방무 버려도됨??,님들아 진짜 급함 블큐 뭐골라야 하나요 ㅠ 에테뚝,"펫 HP, MP 물약충전 스킬 질문이여 급함 !!"
아버 이후,2,3,3,7,2,0,0,0,0,1,아이템,0.6666666666666666,0.5802430494260673,1.550880535801155,아버 이후 템세팅 질문...,[질문] 복귀 유저 아버 이후 에테르넬 17성 풀셋 질문,메짱이 선생님들 아버 이후에 질문있습니다. 17에테 VS 18아케인(+27여명)
잠재 어디,2,3,3,6,2,0,0,0,0,1,아이템,0.6666666666666666,0.5802430494260673,1.550880535801155,레전 잠재를 어디 주는게 좋을까요?,제로 무기 잠재 어디에서 스탑해야 되나요,해방무기 잠재 어디 먼저 돌리는게 나을까요?
챌섭 다이아,2,3,3,7,2,0,0,0,0,1,아이템,0.6666666666666666,0.5802430494260673,1.550880535801155,챌섭 다이아 달성 보상으로 받은 하트 업그레이드 모듈:플라즈마 본섭으로 옮길수 있나요?,챌섭 다이아 찍었는데요 하트질문,챌섭 다이아 250물약
추천부탁드려요,1,3,3,6,2,0,0,0,0,1,아이템,0.6666666666666666,0.5802430494260673,1.550880535801155,에디 레전천장 사용처 추천부탁드려요 + 도전자 대체셋 질문,복귀뉴비 챌섭 키우는데 리프할 서버 추천부탁드려요,100억으로 할거 추천부탁드려요!
것을,1,6,0,7,3,0,0,0,0,3,기타,0.5,0.5913081818747175,1.5482713706923854,메린이 방향성이 잘못된걸까요? 현실조언 부탁드립니다,메린이 하드 메이린까지 진로 상담 부탁드립니다.,윗잠재 어떤 걸 선택해야 할까요?
구매했는데,1,6,0,6,3,0,0,0,0,3,기타,0.5,0.5913081818747175,1.5482713706923854,어제 시작한 뉴비 제네패스,형님들 리프 언제 해야하나요?,챌섭 266레벨 40퍼인데 EXP 패스 블농이랑 EXP쿠폰 언제 사용하나요?
끝내고,1,6,0,6,3,0,0,0,0,3,기타,0.5,0.5913081818747175,1.5482713706923854,검마 둘이서 파티로 가려면,복귀유저 챌섭 질문드려요,카르마 블랙큐브 화이트큐브 사용처
마리,1,6,0,10,3,0,0,0,0,3,기타,0.5,0.5913081818747175,1.5482713706923854,메린이 챌린저 이후 진로봐주실분..,챌섭 챌린저 목표인데...,자석펫 질문
만들었습니다,1,6,0,6,3,0,0,0,0,3,기타,0.5,0.5913081818747175,1.5482713706923854,메고수 형님들 해방무기 질문입니다!!,메이린 배율관련 질문드립니다 저 진짜 정리 잘해놨어요 함만 봐주세요 ㅠㅠ,복귀뉴비 두가지 질문드려요
문의하면,1,6,0,6,3,0,0,0,0,3,기타,0.5,0.5913081818747175,1.5482713706923854,검마 결정석이 없어요,제네시스 패스 구매 후 미활성화로 인한 흔적 복구 해보신 분 있으실까요?,카유잠 잘못샀는데 방법 없나요
본캐 키우고,2,6,0,6,3,0,0,0,0,3,기타,0.5,0.5913081818747175,1.5482713706923854,헥환8만목표(노흉~노카 보스 솔격 )입니다.,유니온 캐릭 키우려는데,리프 관련해서 질문 드립니다. ㅠㅠ
부족한,1,6,0,6,3,0,0,0,0,3,기타,0.5,0.5913081818747175,1.5482713706923854,챌린저스 포인트 잃어버린 5000점 질문.,4여명 5칠흑으로 7~8만 될까요?,미트라를 믿기 vs 똥블렘을 믿기
솔직히,1,6,0,6,3,0,0,0,0,3,기타,0.5,0.5913081818747175,1.5482713706923854,대장장이 고견 나눠주실 메짱엉아들?,유료 경험치 주는것들 효율 궁금해요,스펙업 순서 방향 훈수좀 부탁해
없어,1,6,0,6,3,0,0,0,0,3,기타,0.5,0.5913081818747175,1.5482713706923854,이지카링돌이 세팅하려면...,이번 모멘텀 패스 및 경험치 BM류 관련 질문입니다,하드 메이린 잡고 싶은데 어딜 스펙업 해야할까요?
챌섭 기간,2,6,0,6,3,0,0,0,0,3,기타,0.5,0.5913081818747175,1.5482713706923854,메린이 도움 부탁드립니다 보마 300억 템세팅,챌섭 챌린저 목표 겸,내 상황에서 레드 유지를 할까 말까 고민중인데
환산 주스탯,2,6,0,6,3,0,0,0,0,3,기타,0.5,0.5913081818747175,1.5482713706923854,챌린저스 서버 저번주에 알아서 이제 시작하는데 제네시스 무기 해방 될까요??ㅜㅜ,뉴비 해방이후 스펙업 방향성 검토 부탁드리겠습니다,헥사 떡작 질문
사냥할때,1,8,0,8,1,0,1,2,0,4,직업,0.25,0.4089885162751467,1.5479320985721232,2분 설치기 직업,복귀 뉴비 질문...,보스 외곽선 설정 프리셋 있음?
놓고,1,5,0,5,2,0,0,2,0,1,직업,0.4,0.7266992766289789,1.5469148897046028,선생님들 이거 어떤 거 선택하면 좋을까요?,메린이 템셋 조언 부탁드립니다.,링크 어떻게들 쓰시나요 선생님들 ?
마코,1,5,0,5,2,0,0,2,0,1,직업,0.4,0.7266992766289789,1.5469148897046028,유챔 sss 노칼 깨려면 템셋 어느정도?,챌섭 메이린 제가 템셋 뭐 잘못한건가요? 아님 좀 빡센건가요?,환산주스텟 헥사스킬 순서
처음에,1,5,0,5,2,0,0,2,0,1,직업,0.4,0.7266992766289789,1.5469148897046028,뉴비 콜 280억으로 세팅좀 해주실분 ㅠㅠ 메이린 잡고싶어요,하버 본캐 썬콜VS키네VS제논 (투표),형님 누님들 알려주세요 ㅠㅠ
키워,1,5,0,6,2,0,0,2,0,1,직업,0.4,0.7266992766289789,1.5469148897046028,본캐를 올릴가요 버린 부캐를 살릴까요,본섭 깡통케릭들 유챔용으로 살릴만한가요?,뉴비인데 고민이 있어요 ㅠㅠㅠ
2억,1,4,1,6,2,0,0,0,0,2,기타,0.5,0.5913081818747175,1.5468399641311552,안녕하세요...메이플 시작 3주차인데..,전투력 2억 뉴비 엔버 도와주세요,남은 대적자 코인 어따 쓸지 고민임..
거면,1,4,1,5,2,0,0,0,0,2,기타,0.5,0.5913081818747175,1.5468399641311552,아버 끝나고 방어구,유니크 잠재 질문있습니다,일요일에 메소가 빨려나가는 거면
달성 목표,2,4,1,5,2,0,0,0,0,2,기타,0.5,0.5913081818747175,1.5468399641311552,챌린저 달성 목표 모멘텀패스vs다조 헥사,챌뉴비 방어구 질문드려요!,메린이 겨울챌섭 전 유니온 8000 질문있습니다!
도와줘,1,4,1,5,2,0,0,0,0,2,기타,0.5,0.5913081818747175,1.5468399641311552,찐뉴비좀 도와줘!!(렙이 안올라!!),스펙업 이제 뭐할까?,응애 뉴비 이벤트링 질문있어요
되나용,1,4,1,5,2,0,0,0,0,2,기타,0.5,0.5913081818747175,1.5468399641311552,자석펫 안쓸거면,제네 해방 에디 관련 질문,Mvp레드
말까,1,4,1,5,2,0,0,0,0,2,기타,0.5,0.5913081818747175,1.5468399641311552,뉴비입니다 메이플을 시작하고 해방퀘를 진행하는도중인데,프펫공작 하드메이린 기준 필수인가여?,컨티4레벨 질문
메린이에요,1,4,1,5,2,0,0,0,0,2,기타,0.5,0.5913081818747175,1.5468399641311552,챌린저스 서버 저번주에 알아서 이제 시작하는데 제네시스 무기 해방 될까요??ㅜㅜ,아무것도 모르는 메린이에요 템셋팅 질문하려고 합니다,혹시 저자본으로 챌린저 가능한가여
몇까지,1,4,1,7,2,0,0,0,0,2,기타,0.5,0.5913081818747175,1.5468399641311552,보통 22성 도전자셋은 환산 몇만까지 끼나요?,울티마 후발대 질문있습니다.,잠재로 드메 몇%씩 맞추면 되나요?
소재비,1,4,1,6,2,0,0,0,0,2,기타,0.5,0.5913081818747175,1.5468399641311552,메제 채우고 계속 사냥하실때 재획비 드시나요?,메제일때 소재비 먹나요?,챌섭 거공 vs 드메템 고민 중입니다
손해일까요,1,4,1,6,2,0,0,0,0,2,기타,0.5,0.5913081818747175,1.5468399641311552,이번 레테복귀유저 본섭캐릭 버릴까용?,챌섭 뉴비입니다! 이번에 미라클 타임 때 뭐 할까요??,서버이동 질문입니다 선배님들 도와주세요
수요일,1,4,1,5,2,0,0,0,0,2,기타,0.5,0.5913081818747175,1.5468399641311552,메린이 하드 메이린 템셋 질문있습니다,메이플 보호모드 해제 시간 및 보상수령 가능한지 궁금합니다.,이번주 수요일에 끝난 게 있나요?
수입,1,4,1,5,2,0,0,0,0,2,기타,0.5,0.5913081818747175,1.5468399641311552,메린이 부캐 주보돌이 수입 질문입니다.,헥환 7만 중반 ~ 8만 목표 레테 템세팅 조언 부탁드립니다.,갓 2억단 뉴비 다음 스펙업 추천 부탁드립니다.
스펙업 해야할까요,2,4,1,5,2,0,0,0,0,2,기타,0.5,0.5913081818747175,1.5468399641311552,3일차 뭐해야할지 모르겠어요 메쌤들 좀 도와주세요,[뉴비] 메짱이형님들 템진로 조언 부탁드립니다,하드 메이린 잡고 싶은데 어딜 스펙업 해야할까요?
쓰는게 좋을지,2,4,1,5,2,0,0,0,0,2,기타,0.5,0.5913081818747175,1.5468399641311552,대적자코인 조언부탁드려용,뉴비 자석펫 질문,250물약 어디에 쓰는게 좋을지 질문
연합코인,1,4,1,5,2,0,0,0,0,2,기타,0.5,0.5913081818747175,1.5468399641311552,유니온 캐릭 키우려는데,챌섭) 남는 이벤링 유니크인데 이벤 레전주문서 바르나요?,챌섭 뉴비 이번 선데이 질문 몇개만 답장 해주실분!
열리면,1,4,1,5,2,0,0,0,0,2,기타,0.5,0.5913081818747175,1.5468399641311552,아직도 본캐를 못정한 유저 조언부탁드립니다,다음주 제네플 세렌 열리면,필터키 질문드립니다.
잠재 돌리다,2,4,1,5,2,0,0,0,0,2,기타,0.5,0.5913081818747175,1.5468399641311552,챌섭 템세팅 진로 질문드려요,메짱이분들 도와주세요,잠재옵션 어떤걸 뽑아야하나요? 뉴비 도와주세요..ㅠ
찍으려면,1,4,1,5,2,0,0,0,0,2,기타,0.5,0.5913081818747175,1.5468399641311552,챌섭 유입 블래스터 챌린저 템세팅 질문드려요,테라버닝 캐릭터 250 찍으려면 얼마나 걸릴까요?,템잘알 메고수분들 도와주세요
추경,1,4,1,5,2,0,0,0,0,2,기타,0.5,0.5913081818747175,1.5468399641311552,경험치 도핑 질문드립니다,딸농 추경,피방이랑 집이랑 추가 경험치가 차이가 안나는데 왜 그런지를 모르겠음
포탈,1,4,1,5,2,0,0,0,0,2,기타,0.5,0.5913081818747175,1.5468399641311552,카르시온에는 최상층 4처럼 포탈로 야누스 설치하는 맵은 없나요?,이거 왜 안나가져요?,챌섭 보상인 리스트레인트링을 실수로 버려버렸습니다
해버렸는데,1,4,1,5,2,0,0,0,0,2,기타,0.5,0.5913081818747175,1.5468399641311552,메짱님들 골클벨 잠재 33%인데 팔리나요? 조언 구합니다,엠블렘 / 블랙보조무기 직작 해버렸는데 이럼안돼요?,레테 헥사스텟3 질문 있어요
힘든,1,4,1,5,2,0,0,0,0,2,기타,0.5,0.5913081818747175,1.5468399641311552,18에테 22아케인 질문있습니다,1억 2천만 아란 엠블렘 조언 구합니다,헥사 코어 3 때문에 벽에 막힌거 같습니다
커스텀,1,4,1,6,0,0,0,0,1,3,시세,0.25,0.5887941297185854,1.544396165757396,실례합니다.. 커스텀 스킨은 어디서 구하나용.. ?,이번에 나올 부티크 커뽀라,메이플 브금 관련 질문
하겠습니다,1,7,0,7,4,0,1,0,0,2,몬스터,0.14285714285714285,0.4836333544408258,1.5425644149230284,안녕하세요 챌섭유입 뉴비입니다.,"안녕하세요 메쌤, 메형님들 뉴비 질문 몇 가지만 해도 될까요?",아흐... 펫장비 이전 줌서에 대한 글은 많은데...
내용,1,10,0,11,3,1,1,2,0,3,직업,0.2,0.28617645724083907,1.542058223401182,동전꼽기가 운영정책 위반인지 여부,2분 설치기 직업,하드 카링 2인 파티배율 145% 빌드 궁금합니다
되어,1,9,0,9,4,1,0,1,1,2,퀘스트,0.1111111111111111,0.3387656946251848,1.541310965727885,120억에 샀는데 ㄱㅊ은가요??,챌섭 블큐 화에큐 사용처 및 챌 달성 질문,뉴비가 모험미션 질문드리겠습니다!
멈추고,1,8,0,8,5,0,0,1,0,2,아이템,0.625,0.40076372634145574,1.5388962432792566,템사기 vs 6차업글 도 환산 사이트보고 하면 되나요?,챌섭 뉴비 한번만 도와주십쇼 선생님들ㅠ,무보엠 큐브 우선순위 질문드려요
고민되는데,1,6,0,6,4,0,0,0,0,2,아이템,0.6666666666666666,0.5802430494260673,1.5375054939261508,레테 카루타 템셋팅 질문드립니다 도와주세요,챌섭 보조무기 질문입니다,제네무기 잠재VS에디
금액,1,6,0,7,4,0,0,0,0,2,아이템,0.6666666666666666,0.5802430494260673,1.5375054939261508,메린이 템셋 조언 부탁드립니다.,챌섭 뉴비 한번만 도와주십쇼 선생님들ㅠ,레테 쿨뚝 질문
돌리면서,1,6,0,6,4,0,0,0,0,2,아이템,0.6666666666666666,0.5802430494260673,1.5375054939261508,첼린저스 서버 제네무기 잠재 질문,챌 유입 제논 템셋팅 및 템업글 직작 조언 부탁드림다!,이카돌이 방어구 세팅 괜춚?
마을,1,6,0,6,4,0,0,0,0,2,아이템,0.6666666666666666,0.5802430494260673,1.5375054939261508,아이탬 이름이 궁금합니다,냐옹눈은 가장 최근에 언제 나왔었나요??,아이템 실수로 버렸을시 복구
목표 환산,2,6,0,6,4,0,0,0,0,2,아이템,0.6666666666666666,0.5802430494260673,1.5375054939261508,선생님들 헥사환산 몇을 목표로 잡아야할까요?,이후 스펙업 질문,앞으로의 제네무기 이벤트 재화를 어디에 사용해야할까요
사용해야,1,6,0,7,4,0,0,0,0,2,아이템,0.6666666666666666,0.5802430494260673,1.5375054939261508,mvp 레드만 유지하고 블랙으로 가긴 싫은데 질문있습니다,해방무기 작 하는 거 질문,메린이 해방무기 재화 사용 질문
생각하,1,6,0,6,4,0,0,0,0,2,아이템,0.6666666666666666,0.5802430494260673,1.5375054939261508,"익스우, 노흉 목표 템 진로 질문좀요",챌린저스서버 질문드립니다.,챌섭 복귀유저 렌 스펙업 훈수 부탁드립니다.
세트효과,1,6,0,6,4,0,0,0,0,2,아이템,0.6666666666666666,0.5802430494260673,1.5375054939261508,마스터라벨 세트 질문입니다,제논 이럼 족된건가요,데티무기 아직도 전투복끼면 코디로 못쓰죠?
아드,1,6,0,12,4,0,0,0,0,2,아이템,0.6666666666666666,0.5802430494260673,1.5375054939261508,보스방 드랍율이랑 일반 맵 드랍율이 다른가요?,드메템 맞추는중입니다.,이벤링 아드템으로 끼고싶은데 도와주세요 ㅠ
찾아봤는데,1,6,0,6,4,0,0,0,0,2,아이템,0.6666666666666666,0.5802430494260673,1.5375054939261508,여명으로 카링 될까요?,레테 무기 잠재 질문좀 드립니다!,메린이 컴퓨터 질문 드려도 되나요..?
트왈마 데브펜,2,6,0,6,4,0,0,0,0,2,아이템,0.6666666666666666,0.5802430494260673,1.5375054939261508,무과금 챌뉴비 65억 정도 생겼는데 어디에 써야해?,뉴비 샤타포스 질문 있습니다 도와주세요,챌섭 메린이 데브펜 트왈마 등등 템세팅 및 등급업질문
패키지,1,6,0,7,4,0,0,0,0,2,아이템,0.6666666666666666,0.5802430494260673,1.5375054939261508,"안녕하세요 메쌤, 메형님들 뉴비 질문 몇 가지만 해도 될까요?",챌섭 블큐 화에큐 사용처 및 챌 달성 질문,지금 챌섭시작하기엔 늦음?
복귀한 뉴비인데,2,4,1,5,2,1,0,1,0,0,퀘스트,0.25,0.579288026157442,1.5351557049472073,트왈마 24퍼,복귀뉴비 아크 템세팅 질문입니다...,복귀한 뉴비인데 V매트릭스가 예전이랑 뭔가 바뀐 느낌이에요!
1렙,1,4,0,4,0,0,0,3,0,1,직업,0.75,0.9047785111286712,1.5328113753001311,모험가 자전,제논 어센트 질문,와헌 뉴비 스킬코어 질문
인가,1,4,0,4,0,0,0,3,0,1,직업,0.75,0.9047785111286712,1.5328113753001311,복귀를 해볼까 하는데요! 조언 좀 부탁드리겠습니다ㅎㅎ,패파 현역으로 하고있는사람 존재합니까?///,노말 세렌 원래 빡센가요?
3마리,1,7,0,8,4,0,0,0,1,2,시세,0.14285714285714285,0.4741152345158842,1.5326682279377215,프악공 프펫공 질문드립니다,챌섭 유입 뉴비 질문 하나만 드립니다.,이거 얼마 정도에 팔릴까요..?
최대 2개,2,7,0,7,4,0,0,2,1,0,직업,0.2857142857142857,0.4729103131901926,1.531415446208172,하버 본캐 썬콜VS키네VS제논 (투표),조각 사용처 질문합니다 ! (스펙업 관련),미트라 판매 vs 들고가기 (메고수님들 도와주세요ㅠㅠ)
모드,1,5,0,5,0,2,0,1,0,2,퀘스트,0.4,0.7080007168357563,1.530163228919386,제네시스 해방퀘스트 질문,메이플 보호모드 해제 시간 및 보상수령 가능한지 궁금합니다.,형님들 제네해방 흔적 질문좀...ㅠ
딸깍,1,4,1,6,2,0,0,1,0,1,직업,0.25,0.5707208543046036,1.526827937923514,챌섭 보상 250 레테 딸깍 했는데 템 세팅 추천 좀 부탁합니다,플래닛에서 처음 본메 넘어가는 뉴비 직업질문좀 드립니다!,뉴비 100억 어디에 쓰는게 현명할까요?
멈추는게,1,4,1,5,2,0,0,1,0,1,직업,0.25,0.5707208543046036,1.526827937923514,템환 6.4 헥환 5.3 캐릭 버리려고하는데요,흙칠흑 18성인데 잠재질문드려요,메린이 컴퓨터 질문 드려도 되나요..?
물어봤는데,1,4,1,5,2,0,0,1,0,1,직업,0.25,0.5707208543046036,1.526827937923514,제네 잠재 옵이 이러면 에디셔널 돌리는게 날까요..??,카데나에 대한 질문입니다,메이플 뉴비 ai한태 챌썹 물어봤는데 맞나요?
보스돌,1,4,1,5,2,0,0,1,0,1,직업,0.25,0.5707208543046036,1.526827937923514,보스돌이 재화투자 질문,챌섭 보조무기 질문입니다,뉴비 유챔용 직업 키워보려는데 라라 vs 일리움 vs 배메 세개중 추천좀여
봐야,1,4,1,5,2,0,0,1,0,1,직업,0.25,0.5707208543046036,1.526827937923514,스펙업 방향 추,레테인데 해방 무기 윗잠 돌릴까요 말까요?,울티마 후발대 질문있습니다.
살려고하는데,1,4,1,5,2,0,0,1,0,1,직업,0.25,0.5707208543046036,1.526827937923514,뉴비 검마까지 방향성 조언좀....,5초 뚝질문,챌섭 오늘기준 어디까지 가능해요?
어떻게하는게,1,4,1,6,2,0,0,1,0,1,직업,0.25,0.5707208543046036,1.526827937923514,드메 vs 스펙업,보스 피통 조금남았을때 어떻게하는게 좋나요?,메린이 100억으로 뭘해야될까요?
여러분이라면,1,4,1,5,2,0,0,1,0,1,직업,0.25,0.5707208543046036,1.526827937923514,블랙보조12/60 아랫잠 고민,자전 질문,본섭 7만 중후반 주차 후 챌섭 갈아타는 게 맞을까요?
효율적인가요,1,4,1,5,2,0,0,1,0,1,직업,0.25,0.5707208543046036,1.526827937923514,챌섭 관련 질문,챌섭 266레벨 40퍼인데 EXP 패스 블농이랑 EXP쿠폰 언제 사용하나요?,어빌 23유효에 1줄 뽑기는 별론가요?
보이는데,1,7,0,7,3,0,1,0,0,3,몬스터,0.14285714285714285,0.46797051921461763,1.5262794398080968,메이플 미리보기 나만 이상함??,핑크빈 후디는 못얻나요?,밑에 메린이 컴퓨터 질문한 사람입니다!
함께,1,7,0,10,3,0,1,0,0,3,몬스터,0.14285714285714285,0.46797051921461763,1.5262794398080968,"메이플 캐릭변경, 캐시샵 튕김현상 제발 도와주세요",미트라를 믿기 vs 똥블렘을 믿기,[사전월드리프] 여러 서버로 이동 불가 관련 문구 문제
혼자,1,7,0,7,3,0,1,0,0,3,몬스터,0.14285714285714285,0.46797051921461763,1.5262794398080968,템 세팅 방향성 질문드립니다,메이플 대장장이 컨텐츠질문!,루컨마 추옵 가격 좀 알려주세요
따라,1,7,0,7,2,0,0,1,0,4,기타,0.5714285714285714,0.4678577039595843,1.526162143444171,보조격 분배 질문,챌뉴비 방어구 질문드려요!,코디충의 희대의 자석펫 고민입니다.
루미,1,5,0,5,1,0,0,2,0,2,직업,0.4,0.7018336909916849,1.5246383154428416,루미너스 윈브 중에 본캐 추천 부탁드립니다!,헤어나 성형도 프리스타일 되나요??,복귀뉴비 200레벨비약 질문이 있습니다
맞는거,1,5,0,5,1,0,0,2,0,2,직업,0.4,0.7018336909916849,1.5246383154428416,모멘텀 패스 질문,아란 키우시는 형님들 보스 패턴 피할때 거리 조절 어떻게 하시나요?,챌섭뉴비 과금 질문
뽑아야,1,5,0,5,1,0,0,2,0,2,직업,0.4,0.7018336909916849,1.5246383154428416,제네무기 잠재 업글 질문합니다,어빌리티 질문드립니다.,레테 메이플 뉴비 어빌리티 재설정 질문
상추뎀,1,5,0,8,1,0,0,2,0,2,직업,0.4,0.7018336909916849,1.5246383154428416,레테 어빌 수칙 20 7 10 인데 카오스 서큘 계속 돌려야하나요..?,아델 어빌,레테 메이플 뉴비 어빌리티 재설정 질문
소소하게,1,5,0,5,1,0,0,2,0,2,직업,0.4,0.7018336909916849,1.5246383154428416,본캐 추천 부탁드리겠습니다....,메이플 대장장이 컨텐츠질문!,복귀를 해볼까 하는데요! 조언 좀 부탁드리겠습니다ㅎㅎ
제외한,1,5,0,5,1,0,0,2,0,2,직업,0.4,0.7018336909916849,1.5246383154428416,챌섭 블큐 화에큐 사용처 및 챌 달성 질문,월드 리프 관련 질문 드립니다,방무는 어떤 위치의 옵션임?
선생님들이라면,1,3,1,4,2,1,0,0,0,0,퀘스트,0.3333333333333333,0.8192273143421167,1.523208257587275,선생님들이라면 이 예전 미해방 본캐 어케 처리하실건가요?,"챌썹 몬파, 에픽던전 메포 어디까지 쓰나요?",이번 챌섭복귀유저입니다. 드메템 관련 질문드립니다.
하려나요,1,3,1,4,2,1,0,0,0,0,퀘스트,0.3333333333333333,0.8192273143421167,1.523208257587275,유니온이랑 아티팩트 미션 미리 준비하려는데,이정도 윗잠이면 가격 얼마정도 하려나요?,레유 미트라 마마인 뎀마마인데
쓰시나요,1,3,2,5,1,0,0,1,0,1,직업,0.3333333333333333,0.6519120102008447,1.5223974562974967,링크 어떻게들 쓰시나요 선생님들 ?,이벤 블큐 남는거 보통 어디에 쓰시나요?,아란 키우시는 형님들 보스 패턴 피할때 거리 조절 어떻게 하시나요?
작년 챌섭,2,3,2,6,1,0,0,1,0,1,직업,0.3333333333333333,0.6519120102008447,1.5223974562974967,작년 챌섭 렌 키우던 메린이입니다 ! 템 세팅 질문이 있습니다!,유챔 미리 등록해두면 좋은가요??,작년 챌섭에서 버닝 1번 더 줬나요?
처음인데,1,3,2,5,1,0,0,1,0,1,직업,0.3333333333333333,0.6519120102008447,1.5223974562974967,직작 처음인데 ㄱㅊ나요?,검마 6인 가도 되나요?,디2만 해보고 메이플 처음인데 캐릭? 직업?좀
하는법,1,3,2,5,1,0,0,1,0,1,직업,0.3333333333333333,0.6519120102008447,1.5223974562974967,아스트라 전승 하는법?,울티마 스킬컨 하는법 뭔가요?,제논 고수분들 도와주십셔ㅜ
헥사 코어,2,3,2,6,1,0,0,1,0,1,직업,0.3333333333333333,0.6519120102008447,1.5223974562974967,형님 누님들 알려주세요 ㅠㅠ,헥사 코어 순서 변경,헥사 코어 3 때문에 벽에 막힌거 같습니다
안되면,1,7,0,7,3,1,0,1,0,2,퀘스트,0.14285714285714285,0.4638542644778471,1.5219996842602084,뉴비 여기서 과금 더 안하고 첼은 많이 힘들까용,선생님들이라면 이 예전 미해방 본캐 어케 처리하실건가요?,챌섭자석펫 본섭리프시키는방법 가능한지?
안잡히네요,1,7,0,7,3,1,0,1,0,2,퀘스트,0.14285714285714285,0.4638542644778471,1.5219996842602084,하이퍼버닝 캐릭 삭제 고민,살짝 과부화 오는데 방향성 한번만 잡아주실분..?,힘 여명 30퍼 깡통 35억 즈음이면 비쌀까요?
남은거,1,6,0,6,5,0,1,0,0,0,몬스터,0.16666666666666666,0.5635727371758273,1.521286029028319,본캐를 올릴가요 버린 부캐를 살릴까요,2추13퍼 보공공/공공X,레테 제네무기 1추 보공 8% vs 2추 보공 12% 뎀 6% 인트 55 닥전인가요?
보공30,1,6,0,7,5,0,1,0,0,0,몬스터,0.16666666666666666,0.5635727371758273,1.521286029028319,유챔 하드 세렌급 보조 스펙 질문 있습니다!,뉴비 쌍레보조 150억,전투력 2천만 뉴비입니다. 템세팅 질문있습니다.ㅠㅠ
옵션이라,1,6,0,6,5,0,1,0,0,0,몬스터,0.16666666666666666,0.5635727371758273,1.521286029028319,형들 마깃안 에디 3줄 어떻게 처리할까요,뉴비 아이템 셋팅 질문 두개만 부탁드립니다.,검마 제네패스로 120배율인데
직업 렌입니다,2,6,0,6,5,0,1,0,0,0,몬스터,0.16666666666666666,0.5635727371758273,1.521286029028319,메린이 많이 성장했지만 다시 막막해짐..,메린이 무기 잠재 뭐가 더 좋은거에요 ?,검마 극딜 질문
맞는건가요,1,5,0,5,4,1,0,0,0,0,퀘스트,0.2,0.693806118902279,1.5174465762897897,첼섭뉴비 2칠흑 맞추고싶은데 고근갈까요?,지금 제네패스 검마솔플까지 했으면 어둠의흔적 어디까지인가요?,에디는 등업 확률이 더 낮나요??
몰라,1,5,0,5,4,1,0,0,0,0,퀘스트,0.2,0.693806118902279,1.5174465762897897,이번 챌섭 유입 메린이 제네시스 무기 잠재능력 질문 있습니다,챌섭 유입 블래스터 챌린저 템세팅 질문드려요,해방퀘 보스보상에 기운 드랍되나요?
안돼서,1,5,0,5,4,1,0,0,0,0,퀘스트,0.2,0.693806118902279,1.5174465762897897,이지카링돌이 세팅하려면...,챌섭 프펫 가격,첫해방인데 질문있음
이런 상황,2,5,0,5,4,1,0,0,0,0,퀘스트,0.2,0.693806118902279,1.5174465762897897,챌섭 스펙업 어떻게 할까요? 미트라? 보장?,[뉴비] 메짱이형님들 템진로 조언 부탁드립니다,"챌썹 몬파, 에픽던전 메포 어디까지 쓰나요?"
하셔서,1,5,0,5,4,1,0,0,0,0,퀘스트,0.2,0.693806118902279,1.5174465762897897,여명으로 카링 될까요?,챌섭 유입 메린이 다음주 하드메이린 잡게 해주세요,뉴비 보조 vs 미트라 둘중 뭘 사는게 좋을까요
이칼까지,1,5,1,6,1,1,1,1,0,1,퀘스트,0.2,0.4019409119157556,1.5171421654359685,챌섭 스펙업 어떻게 할까요? 미트라? 보장?,챌섭 진로 질문드려요,보스돌이 재화투자 질문
바꿔서,1,7,0,7,3,0,0,0,1,3,시세,0.14285714285714285,0.45848695130260436,1.5164191772683056,챌섭 유입 질문 한개 해도 되겠습니까,키바인드 변경 해도 되나,헥사2 옵션선택 질문
깨야,1,4,0,4,1,2,0,0,0,1,퀘스트,0.5,0.8810720637194207,1.5137343476853447,대적자 3페 연습모드 여는 방법,에픽던전 앵글러랑 악몽선경 어떻게 여나요,메선생님들 보조캐 하진힐 스펙업 훈수좀 부탁드립니다
새로 시작한,2,4,0,4,1,2,0,0,0,1,퀘스트,0.5,0.8810720637194207,1.5137343476853447,챌섭 메린이 주간퀘 질문 있어요,제네패스 해방 날짜 메린이 질문드립니다!,컬프 사용할만한 코디템 있을까요?
11억,1,6,0,6,5,0,0,0,1,0,시세,0.16666666666666666,0.5541697941840315,1.512137387928957,메쌤들 반지 질문있습니다!,카레잠을 팔아서 보조를 사야할까요??,데브펜 가엔링 966 깡통 사려는데 괜찮을까요?
떴습니다,1,6,0,6,5,0,0,0,1,0,시세,0.16666666666666666,0.5541697941840315,1.512137387928957,어떤게 더 좋은가요 직업운 렌입니다,보공 과다 질문,메짱님들 골클벨 잠재 33%인데 팔리나요? 조언 구합니다
비싼,1,6,0,6,5,0,0,0,1,0,시세,0.16666666666666666,0.5541697941840315,1.512137387928957,미트라를 믿기 vs 똥블렘을 믿기,레테 보조 190억~220억 대 사이선에서 뭐가 더 좋은 매물일지 질문드립니다,공짜 큐브 사용처 및 템 순서 질문!
뽑아서,1,6,0,6,5,0,0,0,1,0,시세,0.16666666666666666,0.5541697941840315,1.512137387928957,"이터널 플레임 링, 테네브리스 원정대 반지, 어웨이크 링 3개 있는데",제네 플러스 코인 뭐돌릴까요?,뉴비 카레잠 소모처 질문
애완미트라,1,6,0,6,5,0,0,0,1,0,시세,0.16666666666666666,0.5541697941840315,1.512137387928957,챌섭 부캐 에디 레전 천장 사용처 질문,메린이 챌섭 무보엠 세팅 질문있습니다,해방무기 옵션 질문입니다.
윗잠 보공,2,6,0,6,5,0,0,0,1,0,시세,0.16666666666666666,0.5541697941840315,1.512137387928957,제네 플러스 코인 뭐돌릴까요?,제네무기 잠재 관련 질문,렌 보조무기 시세 적정한가요?
챌섭 끝나고,2,6,0,6,5,0,0,0,1,0,시세,0.16666666666666666,0.5541697941840315,1.512137387928957,챌섭 시작전에 자석펫 얼마였어요??,4여명 깨고 4흙칠흑 vs 4여명 유지 2흙칠흑,메린이 도움 부탁드립니다 보마 300억 템세팅
팔지,1,6,0,6,5,0,0,0,1,0,시세,0.16666666666666666,0.5541697941840315,1.512137387928957,복귀 유저인게 템관련 문의여,형들 마깃안 에디 3줄 어떻게 처리할까요,첼섭 구 마라벨 헤어 질문
160제,1,7,0,7,5,0,0,1,0,1,아이템,0.7142857142857143,0.4533359719444472,1.511063597039462,펜던트 토드 질문있습니다..,얼굴장식 토드,안녕하세요 템셋 질문있습니다
상관,1,7,0,7,5,0,0,1,0,1,아이템,0.7142857142857143,0.4533359719444472,1.511063597039462,보공 과다 질문,울티마 카오스코인 질문,뉴비입니다 메이플을 시작하고 해방퀘를 진행하는도중인데
어려워서,1,7,0,7,5,0,0,1,0,1,아이템,0.7142857142857143,0.4533359719444472,1.511063597039462,뉴비 칠흑 질문있어요,메쌤들) 에디교불천장 어디에 쓰는게 노칼유챔 절약할수있을까요?,선생님들 챌섭 일리움 검마 잡는데 3페이지 꿀팁 있나요?
직업 렌이고,2,7,0,7,5,0,0,1,0,1,아이템,0.7142857142857143,0.4533359719444472,1.511063597039462,뉴비 아버 템 대체질문,챌섭 스펙업 어떻게 할까요? 미트라? 보장?,대학생 유저 메이플 질문
해서요,1,7,0,7,5,0,0,1,0,1,아이템,0.7142857142857143,0.4533359719444472,1.511063597039462,템환 10만으로 가고싶습니다..,검정색 피부 만들고싶은데 새까만색!!,챌린저 목표로 도전 중인데 템세팅 하나 여쭙니다 ..!
20정도,1,5,0,5,2,0,0,0,0,3,기타,0.6,0.6845671842631943,1.50916960197721,4주차 뉴비 앞으로 진로방향좀 가르쳐주세요!,챌섭 질문있습니다!,챌 뉴비 템세팅 질문!
고객센터,1,5,0,5,2,0,0,0,0,3,기타,0.6,0.6845671842631943,1.50916960197721,동전꼽기가 운영정책 위반인지 여부,메소로 잠재 돌리다가 옵션 잘못눌렀는데,캐시 잘 못 수령했는데 ㅜㅜ
곳이,1,5,0,5,2,0,0,0,0,3,기타,0.6,0.6845671842631943,1.50916960197721,이지카링이 짜증나는 이유가 뭔가요??,플래닛 여기에 질문해도될까요? 뉴비 썬콜 템세팅 질문좀요 ㅠ,탈라하트랑 카르시온 차이 많이 나나요?
깔끔하게,1,5,0,5,2,0,0,0,0,3,기타,0.6,0.6845671842631943,1.50916960197721,대적자큐브 위아래?,메이플 및 배경화면 글자 깨짐,신규유저 지금 시작해도 되나요?
때까지,1,5,0,6,2,0,0,0,0,3,기타,0.6,0.6845671842631943,1.50916960197721,동전꼽기가 운영정책 위반인지 여부,챌섭뉴비 레테 템 진로 잘 짠걸까요??,자석펫 얼마나 걸릴까요?
막막하네요,1,5,0,5,2,0,0,0,0,3,기타,0.6,0.6845671842631943,1.50916960197721,진짜 초보 메린이 질문있습니다,메린이 많이 성장했지만 다시 막막해짐..,안녕하세요...메이플 시작 3주차인데..
막상,1,5,0,5,2,0,0,0,0,3,기타,0.6,0.6845671842631943,1.50916960197721,길드 분위기 알아보는 법...,템 진로상담 해주실분,챌섭 보조무기 질문입니다
보마 키우고,2,5,0,5,2,0,0,0,0,3,기타,0.6,0.6845671842631943,1.50916960197721,"안녕하세요 메쌤, 메형님들 뉴비 질문 몇 가지만 해도 될까요?",챌린저스서버 테라버닝 부캐 200이후에 딸기농장 구매해서 레벨업 해도 되나요?,환산 주스텟 사이트 질문
본캐급,1,5,0,5,2,0,0,0,0,3,기타,0.6,0.6845671842631943,1.50916960197721,290 찍을꺼면 챌섭에 남는게 맞나요??,칠흑에 메획붙은거 사도 괜찮나요?,돈좀쓴것 같은데 안쎼져서 고민입니다 ㅠ
사냥하는데,1,5,0,6,2,0,0,0,0,3,기타,0.6,0.6845671842631943,1.50916960197721,복귀뉴비 두가지 질문드려요,드메템 효율,메린이 드메템 질문있어요
쓰는데,1,5,0,5,2,0,0,0,0,3,기타,0.6,0.6845671842631943,1.50916960197721,레테 어빌 수칙 20 7 10 인데 카오스 서큘 계속 돌려야하나요..?,피방이랑 집이랑 추가 경험치가 차이가 안나는데 왜 그런지를 모르겠음,카레잠을 팔아서 보조를 사야할까요??
익세,1,5,0,6,2,0,0,0,0,3,기타,0.6,0.6845671842631943,1.50916960197721,갓 2억단 뉴비 다음 스펙업 추천 부탁드립니다.,보조격 분배 질문,헥환 7만 후반대인 분들은 거의 다 상위보스 3인격 가시나요?
있는게,1,5,0,7,2,0,0,0,0,3,기타,0.6,0.6845671842631943,1.50916960197721,울티마 40렙부터 경험치 올리기 빡센게 맞는거죠?,유료 경험치 주는것들 효율 궁금해요,안녕하세요...메이플 시작 3주차인데..
있지,1,5,0,5,2,0,0,0,0,3,기타,0.6,0.6845671842631943,1.50916960197721,메이플 쌩뉴비 질문드려요...,챌섭 복귀유저 렌 스펙업 훈수 부탁드립니다.,본캐 / 챌섭 부캐 투자우선권 질문입니다.
적어서,1,5,0,5,2,0,0,0,0,3,기타,0.6,0.6845671842631943,1.50916960197721,메린이 챌섭 무보엠 세팅 질문있습니다,이벤링 잠재가 아쉬울때,메이플 보호모드 해제 시간 및 보상수령 가능한지 궁금합니다.
점수,1,5,0,5,2,0,0,0,0,3,기타,0.6,0.6845671842631943,1.50916960197721,이번 메이플 챌린저스 유입 뉴비입니다. 도와주세요,이번주 수요일에 끝난 게 있나요?,메린이 지금 약간 막막한데..
하긴,1,5,0,5,2,0,0,0,0,3,기타,0.6,0.6845671842631943,1.50916960197721,자석펫 스카니아에 있으면 스카니아로 리프해야겠져?,이번 미라클 지나고 9월 16일 전에 미라클 한 번 더 할려나요?,282레테 키우고있는데 부캐 키워도됨?
하나라,1,5,0,5,2,0,0,0,0,3,기타,0.6,0.6845671842631943,1.50916960197721,리프 관련,원래 명의이전을 해도 하버맥스 갱신이 안되나요?,챌린저스월드 뉴비 탬세팅 질문
하루 2시간,2,5,0,5,2,0,0,0,0,3,기타,0.6,0.6845671842631943,1.50916960197721,자석펫 스카니아에 있으면 스카니아로 리프해야겠져?,복귀뉴비,5석펫인데 스펙업 순서 추천 좀…
한시간,1,5,0,5,2,0,0,0,0,3,기타,0.6,0.6845671842631943,1.50916960197721,메이린 배율관련 질문드립니다 저 진짜 정리 잘해놨어요 함만 봐주세요 ㅠㅠ,챌린저 노릴 수 있을까요,메린이 아이템 진로 및 재획관련궁금합니당~!
힘들거,1,5,0,5,2,0,0,0,0,3,기타,0.6,0.6845671842631943,1.50916960197721,칠흑 보통 얼마정도 하나요?,[질문] 복귀 유저 아버 이후 에테르넬 17성 풀셋 질문,부캐 생성 질문
282렙,1,5,1,7,0,1,1,1,0,2,퀘스트,0.2,0.39413102096440955,1.5086905147500973,님들 282렙 86000점인데 챌 하려면,285렙 주차 질문,유챔 미리 등록해두면 좋은가요??
좋다해서,1,7,0,7,5,1,0,0,1,0,퀘스트,0.14285714285714285,0.44695372776882986,1.5044278452055004,복귀뉴비 아크 템세팅 질문입니다...,뉴비템세팅 상담신청! (feat. 이게 좋데! 하고 사려고 하면 비쌈주의ㅠ),무기 질문 드립니다
될거,1,8,0,8,5,0,1,1,0,1,몬스터,0.125,0.3692473401743296,1.5042719541416423,렌 하세 환산 118.7% 로 1초 남기고 잡게될 것 같은데...,[질문] 복귀 유저 아버 이후 에테르넬 17성 풀셋 질문,보조무기 추천
뚱성비,1,5,0,7,0,0,0,2,0,3,직업,0.4,0.6786134652697577,1.5038357857854037,챌섭에서 레테 200 테라버닝했는데,질문 있습니다.,리프 관련해서 질문 드립니다. ㅠㅠ
찍어야,1,5,0,5,0,0,0,2,0,3,직업,0.4,0.6786134652697577,1.5038357857854037,검마 질문있습니다!!!,링크3렙 방법 알려주세용,이거 챌섭 오버방무 아님?
70억정도,1,4,0,4,2,0,2,0,0,0,몬스터,0.5,0.865891750398633,1.5015184617947925,미트라 이런거 사올까요?,메린이 템 이거 어떡하나요??,돈 투자해서 하드 메이린 잡을만 한가요?
봤을때,1,4,0,4,2,0,2,0,0,0,몬스터,0.5,0.865891750398633,1.5015184617947925,챌섭 뉴비 세렌 질문 드려요,이지칼로스 2-1 패턴 질문이있습니다 ㅜㅠ,환산별 평균 잠재 합산
키울 생각입니다,2,4,0,4,2,0,2,0,0,0,몬스터,0.5,0.865891750398633,1.5015184617947925,챌 뉴비 템세팅 질문!,돈 투자해서 하드 메이린 잡을만 한가요?,챌섭 템 업글 부위 추천받아요!
가끔,1,7,0,7,2,0,0,0,1,4,시세,0.14285714285714285,0.443856101347153,1.5012071786745804,이거 얼마 정도에 팔릴까요..?,프펫공작 하드메이린 기준 필수인가여?,이번 모멘텀 패스 및 경험치 BM류 관련 질문입니다
따라서,1,7,0,7,2,0,0,0,1,4,시세,0.14285714285714285,0.443856101347153,1.5012071786745804,동전꼽기가 운영정책 위반인지 여부,메짱 친구들아 뉴비 템 견적 어디까지 됨..?,서버이동 질문입니다 선배님들 도와주세요
올리,1,7,0,9,2,0,0,0,1,4,시세,0.14285714285714285,0.443856101347153,1.5012071786745804,스펙업 질문,"에디 레전 천장 60개 남았는데, 진로 조언 부탁드립니다!",지금 노버닝 276인데
정확히,1,7,0,7,1,1,0,1,0,4,퀘스트,0.14285714285714285,0.44356747238257105,1.5009070851450388,제네시스 코인 투자처 질문,뉴비 제논 진로 방향 알려주실분,오리진가속
2주,1,6,0,6,4,0,1,0,0,1,몬스터,0.16666666666666666,0.5424174339141842,1.500702869366732,레테 하드 메이린 스펙 업 질문 있습니다!,챌섭 복귀유저 렌 스펙업 훈수 부탁드립니다.,카레잠을 팔아서 보조를 사야할까요??
40개,1,6,0,7,4,0,1,0,0,1,몬스터,0.16666666666666666,0.5424174339141842,1.500702869366732,어빌 카오스 서큘레이터 질문이요,잠재 좀더 돌려야될까요?,렌 제네해방 윗잠 아랫잠 이대로 가면 되나요?
목표이고,1,6,0,6,4,0,1,0,0,1,몬스터,0.16666666666666666,0.5424174339141842,1.500702869366732,챌섭 진로 질문드려요,템환 8만목표인데 교체부위 추천좀 부탁드립니다,22도미 > 고근 질문
될까여,1,4,1,5,0,1,0,0,2,1,시세,0.5,0.5418389516490184,1.498753123895239,검마 해방퀘 주간보스 잡고 제네시스 연습모드 해도 인정되나요??,닉넴 냉면 살 수 있을까여.. ?,헥사 스탯2 썬데이 아닐때 돌려두 될까여? [챌섭메린이]
23일에,1,4,1,5,1,0,0,1,0,2,직업,0.25,0.5406346522178842,1.497582477938612,챌섭 헥환템환 8000 떨어졌어요,pc방 접속보상 이벤트 23일까지도 포함인가요??,내일 해방인데 질문 있습니다
400만,1,4,1,5,1,0,0,1,0,2,직업,0.25,0.5406346522178842,1.497582477938612,240억 정도 써서 보조를 살지 아님 칠흑 4셋을 할지 고민입니다,복귀 렌 유저 전투력 천만이 안되는데...,200만메포 세팅으로 어디까지 갈 수 있나요?
다른가요,1,4,1,5,1,0,0,1,0,2,직업,0.25,0.5406346522178842,1.497582477938612,펫 아무거나 사도 되나요?,보스방 드랍율이랑 일반 맵 드랍율이 다른가요?,저 혹시 추천직업이나 서버있나요?
닼나,1,4,1,9,1,0,0,1,0,2,직업,0.25,0.5406346522178842,1.497582477938612,헥환 8만 목표 과금 어느정도 해야할까요?,모험가 자전,9만 본캐 스펙업 vs 부캐 스펙업 선택 도와주십셔
본섭 리프,2,4,1,5,1,0,0,1,0,2,직업,0.25,0.5406346522178842,1.497582477938612,챌섭>본섭 리프 (유챔x) 헥환 상승 큰가요?,리프 질문있습니다,챌패스 본섭리프
넘어가서,1,5,0,5,3,1,0,0,0,1,퀘스트,0.2,0.6708598507220218,1.4968894796420784,뉴비 여기서 과금 더 안하고 첼은 많이 힘들까용,아버 대체 아케인 직작 or 완제구매,뉴비 유니온에 대해 궁금해요!
되어야,1,5,0,5,3,1,0,0,0,1,퀘스트,0.2,0.6708598507220218,1.4968894796420784,아흐... 펫장비 이전 줌서에 대한 글은 많은데...,전투력 2천만 뉴비입니다. 템세팅 질문있습니다.ㅠㅠ,헥사스탯 질문
상태라,1,5,0,5,3,1,0,0,0,1,퀘스트,0.2,0.6708598507220218,1.4968894796420784,뉴비 여기서 과금 더 안하고 첼은 많이 힘들까용,아직도 본캐를 못정한 유저 조언부탁드립니다,챌섭 챌린저 목표 겸
예상,1,5,0,5,3,1,0,0,0,1,퀘스트,0.2,0.6708598507220218,1.4968894796420784,대장장이 고견 나눠주실 메짱엉아들?,[질문] 복귀 유저 아버 이후 에테르넬 17성 풀셋 질문,제네패스 해방 날짜 메린이 질문드립니다!
한거,1,5,0,5,3,1,0,0,0,1,퀘스트,0.2,0.6708598507220218,1.4968894796420784,보스 윌을 클리어하지를 못하겠습니다..,챌섭 프악공작 기준,렌 해방무기좀 봐주셈 큐브
7월1일,1,3,1,5,1,1,0,0,0,1,퀘스트,0.3333333333333333,0.7874252086762499,1.4965808924542767,메선생님들 보조캐 하진힐 스펙업 훈수좀 부탁드립니다,6월에 검마 잡았는데 7월1일 검마흔적,챌섭 메린이 검마는 언제잡아야 되나요
구하,1,3,1,4,1,1,0,0,0,1,퀘스트,0.3333333333333333,0.7874252086762499,1.4965808924542767,"검마2인 스펙, 챌2 구하는 법 알려주실분",상위? 중상위? 보스 팟격 어떻게 구하시나요들,17성 주문서 사용처가 궁금해요
목록,1,3,1,4,1,1,0,0,0,1,퀘스트,0.3333333333333333,0.7874252086762499,1.4965808924542767,혹세 이 코디아이템 목록을 알수있을까요?,마빌 채광을 들어갈 수가 없음ㅠㅠ,뉴비 렌 이벤트링이랑 기타 등등 질문 있습니다
미는게,1,3,1,5,1,1,0,0,0,1,퀘스트,0.3333333333333333,0.7874252086762499,1.4965808924542767,이번유입 스펙업 순서좀 알려주실수있을까요,이틀차 복귀유저인데 못채운출석 메포로 미는게 좋나요?,첫해방인데 질문있음
스펙터,1,3,1,5,1,1,0,0,0,1,퀘스트,0.3333333333333333,0.7874252086762499,1.4965808924542767,울티마 스쿼드인가 스펙터 대체이벤트 겸치주나요?,스펙터블래스트 보상질문이요,15일 정지인데 이러면 챌린저 힘든가
잡기 위해,2,3,1,5,1,1,0,0,0,1,퀘스트,0.3333333333333333,0.7874252086762499,1.4965808924542767,선생님들 카웅 선행퀘 질문있습니다!,챌린저스서버 질문드립니다.,챌섭 노말 진힐라 잡기 위해 쌍레구매?
추가 경험치,2,3,1,4,1,1,0,0,0,1,퀘스트,0.3333333333333333,0.7874252086762499,1.4965808924542767,피방이랑 집이랑 추가 경험치가 차이가 안나는데 왜 그런지를 모르겠음,"챌썹 몬파, 에픽던전 메포 어디까지 쓰나요?",혹시 챌섭 진라벨 경험치 코디템 4부위 다 사는거 어떻게 생각하시나요?
클리어해,1,3,1,4,1,1,0,0,0,1,퀘스트,0.3333333333333333,0.7874252086762499,1.4965808924542767,하트 업그레이드 모듈 질문있습니다,검마 해방퀘 주간보스 잡고 제네시스 연습모드 해도 인정되나요??,파티로 연습모드 클리어해도 페이즈별 연모 열리나요?
패스 사도,2,3,1,4,1,1,0,0,0,1,퀘스트,0.3333333333333333,0.7874252086762499,1.4965808924542767,지난주에 챌섭 시작한 뉴비인데 제네시스 패스 사도 되나요?,안녕하세요 복귀유저 챌섭 챌린지 질문드립니다,이번에 검마를 잡았는데 지금이라도 제네 패스 늦지 않았나요?
30억정도,1,6,0,6,4,0,0,0,1,1,시세,0.16666666666666666,0.5329364378840242,1.4914782861676112,메쌤들 반지 질문있습니다!,메린이 템세팅 질문,미트라 이런거 사올까요?
기간제,1,6,0,7,4,0,0,0,1,1,시세,0.16666666666666666,0.5329364378840242,1.4914782861676112,뉴비 자석펫 질문,자석펫 질문!,컨티4레벨 질문
복귀하면서,1,6,0,6,4,0,0,0,1,1,시세,0.16666666666666666,0.5329364378840242,1.4914782861676112,자석펫 스카니아에 있으면 스카니아로 리프해야겠져?,루나 크리스탈 키 평소 시세가 10억 쯤 될까요?,형님들 드메템 vs 보스용장비 뭐 먼저맞추는게좋을까요?
사야될지,1,6,0,6,4,0,0,0,1,1,시세,0.16666666666666666,0.5329364378840242,1.4914782861676112,템환 10만으로 가고싶습니다..,유료 경험치 주는것들 효율 궁금해요,메린이 렌 보조 윗잠 두줄 매물 사도 되나요?
장비들,1,6,0,6,4,0,0,0,1,1,시세,0.16666666666666666,0.5329364378840242,1.4914782861676112,하드메이린 목표 템셋 좀 봐주세요 ㅠㅠ,레테인데 해방 무기 윗잠 돌릴까요 말까요?,1억 2천만 아란 엠블렘 조언 구합니다
전체적,1,6,0,6,4,0,0,0,1,1,시세,0.16666666666666666,0.5329364378840242,1.4914782861676112,메이린 배율관련 질문드립니다 저 진짜 정리 잘해놨어요 함만 봐주세요 ㅠㅠ,드드 드메 템 맞출라고 하는데,쌩뉴비 해방이후 템세팅 진로(자본 80억)
누르면,1,7,0,7,0,1,0,1,0,5,퀘스트,0.14285714285714285,0.43407527248175687,1.4910378477471975,2분 설치기 직업,패치오류 도와주세요.,시퀀스 화면 표시
같음,1,8,0,9,4,0,0,1,0,3,직업,0.125,0.35460128307766053,1.4881816158347068,법사 본캐 추천점요,나중에 아버 사라질때,마깃안 55억에 샀어요
다음 챌섭,2,8,0,8,4,0,0,1,0,3,직업,0.125,0.35460128307766053,1.4881816158347068,뉴비 아버 템 대체질문,보통 22성 도전자셋은 환산 몇만까지 끼나요?,뉴비 부캐 유니온 질문
이젠,1,8,0,8,4,0,0,1,0,3,직업,0.125,0.35460128307766053,1.4881816158347068,미트라 교체 타이밍 궁금합니다,소과금 익스우 솔플 목표로 템세팅 질문이여,복귀한지 하루차인데 패스 구매해도 상관없을까요?
있는 유저입니다,2,8,0,8,4,0,0,1,0,3,직업,0.125,0.35460128307766053,1.4881816158347068,본캐 추천 부탁드리겠습니다....,본의명의 한계정 업데이트는 언제부터 들어온건가요?,데벤져 컨티 3렙
하는건가요,1,8,0,8,4,0,0,1,0,3,직업,0.125,0.35460128307766053,1.4881816158347068,"뉴비 챌섭이후 본섭 준비 질문,평가해주세요",선생님들 드메 100/100이 가성비라고 배웠는데 풀도핑 기준이 맞나요?,뉴비 재획 경쿠 질문
넘으면,1,3,2,5,0,0,0,1,0,2,직업,0.3333333333333333,0.61294895204801,1.4864892116360666,12시 넘으면 점검 전이라도 숙제들 초기화 되나요?,환산 스탯 기준 100% 넘으면 잡을만 한건가요?,노말 세렌 원래 빡센가요?
도와주십셔,1,3,2,5,0,0,0,1,0,2,직업,0.3333333333333333,0.61294895204801,1.4864892116360666,9만 본캐 스펙업 vs 부캐 스펙업 선택 도와주십셔,렉 끊김현상 도와주실분..,제논 고수분들 도와주십셔ㅜ
무소과금,1,3,2,5,0,0,0,1,0,2,직업,0.3333333333333333,0.61294895204801,1.4864892116360666,렌이냐 제논이냐 그것이 문제로다..,무소과금 서버는 어디가 괜찮나요?,
버닝비욘드,1,3,2,5,0,0,0,1,0,2,직업,0.3333333333333333,0.61294895204801,1.4864892116360666,복귀유저인데 버닝비욘드 어디다가 줘야할까요?,안녕하세요 복귀유저 챌섭 챌린지 질문드립니다,버닝비욘드 새로 만들기 가능한가요
스인미,1,3,2,6,0,0,0,1,0,2,직업,0.3333333333333333,0.61294895204801,1.4864892116360666,제로 온갖거 질문,스인미 크오솔 쓰는 이유?,그런데요 크오솔 스인미 이런거 언제 강화해요 ?
언제부터,1,3,2,5,0,0,0,1,0,2,직업,0.3333333333333333,0.61294895204801,1.4864892116360666,살짝 과부화 오는데 방향성 한번만 잡아주실분..?,본의명의 한계정 업데이트는 언제부터 들어온건가요?,챌 유입 뉴비 템은 이렇게 맞췄는데 다조?는 언제부터 써야하나요..
헥사스텟3,1,3,2,5,0,0,0,1,0,2,직업,0.3333333333333333,0.61294895204801,1.4864892116360666,"헥사코어 강화할때 ""최종뎀 효율"" << 이게 뭔가요?",레테 헥사스텟3 질문 있어요,
없더라구요,1,7,0,8,3,1,0,0,1,2,퀘스트,0.14285714285714285,0.42808824180280375,1.4848130075946342,285찍고 링크스킬 추출해서 키네캐릭으로 배우려고하는데요.,검마 결정석이 없어요,뉴비 아이템 셋팅 질문 두개만 부탁드립니다.
걸려서,1,8,0,8,3,0,1,1,0,3,몬스터,0.125,0.3512936663587069,1.4845478274610602,메이플 및 배경화면 글자 깨짐,렌 본캐 변경 어떤가요??,20성 블빈마 이 가격이면 괜찮게 산건가요?
본적,1,6,0,6,3,0,1,0,0,2,몬스터,0.16666666666666666,0.5227929170186514,1.4816090960680697,님들 저 메린인데 윌 1페 이거 버근가요?,이번 이벤으로 시작한 늅늅이 장비좀 봐주실수 있을까요?,제네시스 무기 해방 관련 질문입니다!
있긴 한데,2,6,0,6,3,0,1,0,0,2,몬스터,0.16666666666666666,0.5227929170186514,1.4816090960680697,지난주에 챌섭 시작한 뉴비인데 제네시스 패스 사도 되나요?,에테 이 정도 되는 옵션 작된 장비 18성 달면 얼마 정도 할까요?,카르시온 넘어왔는데 왜 사냥 메소가 줄었을까요?
챌섭이고,1,5,0,5,2,0,0,1,2,0,시세,0.4,0.6537810172806391,1.4815888988710952,스펙업 하고싶은데 당장 바꿧으면 부위좀 진단부탁드립니다,님들 이거 팔아야되나요?,아델 보조 윗잠 이렇게 떴는데 얼마정도 할까요
1퍼,1,4,0,4,1,0,2,0,0,1,몬스터,0.5,0.8407027060383057,1.481248360309045,메쌤들 현실적으로 챌 달성 가능한지 상태좀 봐줄수있나요,챌섭 유입 284 아란 100억 템셋팅 질문,이적자 2인 괜찮음?
3인,1,4,0,5,1,0,2,0,0,1,몬스터,0.5,0.8407027060383057,1.481248360309045,8일만 더 일퀘하면 심볼 만렙인데,스펙업 방향성 질문드립니다.,보스 파티로 하기 시작 해야하는 시점이언젠가요
트라이하고,1,4,0,4,1,0,2,0,0,1,몬스터,0.5,0.8407027060383057,1.481248360309045,챌섭 아케인 쌍크 장갑 팔아야되나요 ? 메린이 템세팅 방향성 한번 잡아주시면 감사하겠습니다.,이후 방향성 및 조언 부탁드립니다,이지카링은 잡았는데 유챔세렌을 못잡아요
90억,1,6,0,6,5,0,0,1,0,0,아이템,0.8333333333333334,0.5217836261121718,1.4806271013589356,뉴비 레테 미트라 구매 질문,쌩뉴비 해방이후 템세팅 진로(자본 80억),챌섭 거공 vs 드메템 고민 중입니다
나을까요 이미지,2,6,0,6,5,0,0,1,0,0,아이템,0.8333333333333334,0.5217836261121718,1.4806271013589356,메쌤들 제네무기 잠재 선택 도와주세요,"메린이 오늘 첫 해방했는데, 잠재 돌리고 남은 블랙큐브는 어디에 쓰는게 좋나요?",질문) 제네패스 플러스
들어와서,1,6,0,6,5,0,0,1,0,0,아이템,0.8333333333333334,0.5217836261121718,1.4806271013589356,유챔등록하고 보스잡고 템팔면 되나요?,보조한번만 부탁드립니다,제논 보조에 카블큐 써도 될까요
레전2줄,1,6,0,6,5,0,0,1,0,0,아이템,0.8333333333333334,0.5217836261121718,1.4806271013589356,렌 템셋고민,무보엠 큐브 우선순위 질문드려요,챌다신 아란 탬세팅이 궁금합니다
이렇습니다,1,6,0,6,5,0,0,1,0,0,아이템,0.8333333333333334,0.5217836261121718,1.4806271013589356,미트라를 믿기 vs 똥블렘을 믿기,메린이 템셋 조언 부탁드립니다.,챌섭 레테 레유잠 받았는데 이거 어디다 발라야할까요...?
검색해보니,1,8,0,8,1,0,1,0,1,5,기타,0.625,0.3460350379400311,1.4787706336587636,메린이 많이 성장했지만 다시 막막해짐..,시세 측정 가능할까요?,복귀뉴비 챌섭 키우는데 리프할 서버 추천부탁드려요
받을수,1,5,0,5,2,1,0,0,0,2,퀘스트,0.2,0.649382796269935,1.477648621799252,챌섭 종료후 리프 고민,캐릭터 삭제,제네시스 패스 질문좀요
잡은,1,5,0,5,2,1,0,0,0,2,퀘스트,0.2,0.649382796269935,1.477648621799252,챌섭 챌린저 질문,메린이 많이 성장했지만 다시 막막해짐..,챌섭 메린이 에메랄드까지 목표잡았는데...
출첵,1,5,0,5,2,1,0,0,0,2,퀘스트,0.2,0.649382796269935,1.477648621799252,얼굴장식 토드,본의명의 한계정 업데이트는 언제부터 들어온건가요?,챌섭 템셋 질문입니다 !
안보여서,1,4,0,4,1,0,0,0,2,1,시세,0.5,0.8355280852183368,1.4770842448439807,요즘 화에큐 레전 에디 천장 얼마임?,레테 무기 잠재 질문좀 드립니다!,메린이 컴퓨터 질문 드려도 되나요..?
유입되서,1,4,0,4,1,0,0,0,2,1,시세,0.5,0.8355280852183368,1.4770842448439807,이번 이벤으로 시작한 늅늅이 장비좀 봐주실수 있을까요?,어제 막 챌찍은 메린이 진로질문있습니다,가엔링 인트 36% 떴는데 이거 시세가 어떻게 되나요?
검마 잡기,2,3,1,4,2,0,1,0,0,0,몬스터,0.3333333333333333,0.7635000897868343,1.4765487951078855,안녕하세요. 챌섭 뉴비 질문드립니다. 과금관련,포뻥 vs 그냥 검마 잡기,
되면서,1,3,1,5,2,0,1,0,0,0,몬스터,0.3333333333333333,0.7635000897868343,1.4765487951078855,대적자 큐브 사용처 질문있습니다 !,검마솔격가능스펙 캐릭당 얼마정도면 될까요?,혹시 검마 20분 되면서 바뀐거 있나요?!
분명히,1,5,0,5,1,0,2,1,0,1,몬스터,0.4,0.6475223011415941,1.4759818419174233,보스방 드랍율이랑 일반 맵 드랍율이 다른가요?,제로<>렌 직변 해보신분 궁금합니다.,메이린 배율관련 질문드립니다 저 진짜 정리 잘해놨어요 함만 봐주세요 ㅠㅠ
이외,1,8,0,8,3,0,0,1,1,3,시세,0.125,0.3426517477835037,1.4750537095166727,메린이 익스우 템세팅 질문,메이플 챌섭 뉴비 아이템 추가 스펙업 질문합니다!,챌섭 복귀유저 렌 스펙업 훈수 부탁드립니다.
싶네요,1,6,0,6,4,1,0,1,0,0,퀘스트,0.16666666666666666,0.513631944019707,1.472695880901136,에테 스타포스 할만한지 아니면 사먹는게 나은지 궁금합니다.,방어구/장신구 템셋 훈수부탁드립니다.,제네시스무기 잠재 질문드립니다(찐늅입니다ㅠㅠ)
3개가,1,6,0,6,3,0,0,0,1,2,시세,0.16666666666666666,0.5132701756097754,1.472343896490889,솔 에르다 3개의 가치가 어느정도인가요?,헤카테:스틱스 바인드 질문,메린이 악세사리 주문작 질문 좀 드립니다.
5억,1,6,0,10,3,0,0,0,1,2,시세,0.16666666666666666,0.5132701756097754,1.472343896490889,메린이 템 셋팅 질문!!,흙테르넬 질문,여명 18 21퍼 가격차이가 보통 얼마나 나나요?
안되고,1,6,0,6,3,0,0,0,1,2,시세,0.16666666666666666,0.5132701756097754,1.472343896490889,4여명 5칠흑으로 7~8만 될까요?,메이플 슈퍼뉴비 어떻게 강화하는지 궁금합니다.,로그인(웹인증) 관련 문제 도움
늦은,1,3,1,4,0,1,0,0,0,2,퀘스트,0.3333333333333333,0.7579999278321935,1.4719436025399597,메이플 늦은 유입 뉴비 현시점 제네패스 질러도 될까요?,꼭 챌린저스나 하이퍼버닝으로 키워야 하나요 ?,제네패스 해방 날짜 메린이 질문드립니다!
링크스킬,1,3,1,4,0,1,0,0,0,2,퀘스트,0.3333333333333333,0.7579999278321935,1.4719436025399597,285찍고 링크스킬 추출해서 키네캐릭으로 배우려고하는데요.,챌섭에서 엔버링크 사용 ㄱㄴ?,뉴비 질문 있습니다!! 링크 관련
못잡으면,1,3,1,4,0,1,0,0,0,2,퀘스트,0.3333333333333333,0.7579999278321935,1.4719436025399597,렌으로 이적자 배율 150프로인데 못잡으면 손이 문제겠죠?,제네시스 해방 퀘스트 관련 질문입니다 [메린이],챌섭 메린이 검마는 언제잡아야 되나요
버그인가요,1,3,1,4,0,1,0,0,0,2,퀘스트,0.3333333333333333,0.7579999278321935,1.4719436025399597,검마 결정석이 없습니다.,일퀘 깨고나서 도원경심볼만 안합쳐짐,뉴비 이거 오리진 버그인가요???
버스,1,3,1,6,0,1,0,0,0,2,퀘스트,0.3333333333333333,0.7579999278321935,1.4719436025399597,메이플은 쩔? 버스? 같은거 없나요??,제네패스 플러스,제네시스 패스 어둠의 흔적 질문
분배,1,3,1,4,0,1,0,0,0,2,퀘스트,0.3333333333333333,0.7579999278321935,1.4719436025399597,메린이 보스 보상 질문있습니다,보조격 분배 질문,"챌썹 몬파, 에픽던전 메포 어디까지 쓰나요?"
업데이트,1,3,1,5,0,1,0,0,0,2,퀘스트,0.3333333333333333,0.7579999278321935,1.4719436025399597,본의명의 한계정 업데이트는 언제부터 들어온건가요?,메M 마일리지 받는 퀘스트 탭 어딨나요..?,pc방 접속보상 이벤트 23일까지도 포함인가요??
이지 벨로나,2,3,1,4,0,1,0,0,0,2,퀘스트,0.3333333333333333,0.7579999278321935,1.4719436025399597,메린이 하드 메이린까지 진로 상담 부탁드립니다.,이지 벨로나 아스트라흔적 몇 개 일까요?,스펙 질문
할것,1,3,1,4,0,1,0,0,0,2,퀘스트,0.3333333333333333,0.7579999278321935,1.4719436025399597,100억으로 할것,18앜->18에테 옆그레이드임?,제네시스 해방 퀘스트 관련 질문입니다 [메린이]
시작하,1,4,1,5,0,0,0,1,0,3,직업,0.25,0.5135616622643238,1.4712660275579243,지금부터 시작하는 3만점 하려면,레테 계속 밀까요? 나워 부캐 시작할까요?,챌린저스 서버 다음주에 시작 챌린저 가능?
전사 궁수,2,4,1,5,0,0,0,1,0,3,직업,0.25,0.5135616622643238,1.4712660275579243,울티마 40렙부터 경험치 올리기 빡센게 맞는거죠?,울티마 전사 궁수 39렙인데 에스페시아 어떻게 할까요,유챔 세렌 질문
챌린저서버,1,4,1,5,0,0,0,1,0,3,직업,0.25,0.5135616622643238,1.4712660275579243,뉴비 검마까지 방향성 조언좀....,솔야누스,챌린저서버 질문있습니다
환산 차이,2,4,1,5,0,0,0,1,0,3,직업,0.25,0.5135616622643238,1.4712660275579243,챌섭 환산 차이,본캐 / 챌섭 부캐 투자우선권 질문입니다.,핵사환산과 환산
22성은,1,3,1,4,2,0,0,0,1,0,시세,0.3333333333333333,0.7565438560021889,1.4707244582265369,뉴비 쌍레 데브펜 시세 질문,지금 아케인 22성은 좀 뒤쳐졌을까,잠재에 맞는 별 갯수 좀 정해주십사 (얘는 몇 성급인가)
가격이면,1,3,1,4,2,0,0,0,1,0,시세,0.3333333333333333,0.7565438560021889,1.4707244582265369,에테 이 정도 되는 옵션 작된 장비 18성 달면 얼마 정도 할까요?,이정도면 살만 한가요?,20성 블빈마 이 가격이면 괜찮게 산건가요?
나을까여,1,3,1,4,2,0,0,0,1,0,시세,0.3333333333333333,0.7565438560021889,1.4707244582265369,이지 대적자가 안잡혀서 다음 템세팅 조언좀요..,몽벨 인트추옵 시세..?,미트라 에디 여기서 멈추는게 나을까여??
바지,1,3,1,5,2,0,0,0,1,0,시세,0.3333333333333333,0.7565438560021889,1.4707244582265369,에테 전사 바지 극추 나왔는데 얼마정도하나요?,"에테 17을 직작하는거보다 사와서 샤타포스때 18,19++ 로 점진적 성장하는건 별론가요?",에테 아케인 거품
얼마인지,1,3,1,4,2,0,0,0,1,0,시세,0.3333333333333333,0.7565438560021889,1.4707244582265369,에테모자 에디에픽->레전 기대값 얼마인지 아시는분??,요즘 화에큐 레전 에디 천장 얼마임?,메린이라서 이거 얼마에 팔아야하는지 모르겠어요 도와주세요 ㅠㅠ
질문해봅니다,1,3,1,4,2,0,0,0,1,0,시세,0.3333333333333333,0.7565438560021889,1.4707244582265369,메린이 제네시스 무기 질문해봅니다,아케인 신발 추옵 전승용으로 팔리나요?,아버 단계 업글
카화에큐,1,3,1,5,2,0,0,0,1,0,시세,0.3333333333333333,0.7565438560021889,1.4707244582265369,카레잠+카에유잠 카블큐 카화에큐 시세가 어떻게되나요?,제네무기vs미트라 미라클때 등업 머할까요,공짜 큐브 사용처 및 템 순서 질문!
한번 도와주십쇼,2,3,1,4,2,0,0,0,1,0,시세,0.3333333333333333,0.7565438560021889,1.4707244582265369,아델 보조 윗잠 이렇게 떴는데 얼마정도 할까요,챌섭 뉴비 한번만 도와주십쇼 선생님들ㅠ,렌 템셋팅 도와주실 고수형님들 모십니다
된다면,1,6,0,6,1,0,0,1,0,4,기타,0.6666666666666666,0.5090067107332761,1.4681957367042286,모멘텀 패스 플러스 누구 줄까요?,헥환 7만 중반 ~ 8만 목표 레테 템세팅 조언 부탁드립니다.,285찍으면 사냥 안해도 될까요?
게시판,1,7,0,7,1,1,0,0,1,4,퀘스트,0.14285714285714285,0.4107508446327751,1.466786955644654,드랍셋,뉴비가 모험미션 질문드리겠습니다!,미라클 타임.. 엠블 vs 하트
들어,1,8,0,8,2,0,0,1,1,4,시세,0.125,0.3344134577018144,1.466003022795316,엠작 질문,환산 특정 시점으로 돌아가서 보기,검마 결정석이 없어요
2표 투표,2,4,0,4,2,0,0,2,0,0,직업,0.5,0.8208693031281162,1.4652880450209251,복귀유저 직업추천좀 해주세용,22가엔링(데브팬)vs어센틱심볼올만렙,목표환산 9만 이상 22앜 27퍼 레에 vs 33퍼 18성에테 직작 뭐가 더 좋아보이시나요?
2표 투표 종료되었습니다,3,4,0,4,2,0,0,2,0,0,직업,0.5,0.8208693031281162,1.4652880450209251,복귀유저 직업추천좀 해주세용,22가엔링(데브팬)vs어센틱심볼올만렙,목표환산 9만 이상 22앜 27퍼 레에 vs 33퍼 18성에테 직작 뭐가 더 좋아보이시나요?
버리는게,1,4,0,4,2,0,0,2,0,0,직업,0.5,0.8208693031281162,1.4652880450209251,템환 6.4 헥환 5.3 캐릭 버리려고하는데요,메린이 에디 레전 천장 어떻게 하는게 좋을까요,첼섭뉴비 2칠흑 맞추고싶은데 고근갈까요?
본썹,1,4,0,5,2,0,0,2,0,0,직업,0.5,0.8208693031281162,1.4652880450209251,챌썹 D라벨에 프펫작 해도 되나요?,본섭 유기캐 본캐로 키우기.,찐 메린이 입니다... 살려주세요
비해,1,4,0,4,2,0,0,2,0,0,직업,0.5,0.8208693031281162,1.4652880450209251,뉴비 검마까지 방향성 조언좀....,제논 리레 3렙 4렙 차이 큰가요??,친구가 자꾸 보스에서 이상한 물약이뜬다고하는데 뭔지좀 알려주실분 도저히 모르겟음
셋다,1,4,0,4,2,0,0,2,0,0,직업,0.5,0.8208693031281162,1.4652880450209251,하버 본캐 썬콜VS키네VS제논 (투표),고수님들 잠재 이거 뭐가더 효율이 좋을까요?,메린이 캡틴 레잠 추천좀...ㅜㅠ
셋중,1,4,0,4,2,0,0,2,0,0,직업,0.5,0.8208693031281162,1.4652880450209251,하버 본캐 썬콜VS키네VS제논 (투표),안녕하세요 선생님들 템 진로 고견좀 여쭙습니다,뉴비 유챔용 직업 키워보려는데 라라 vs 일리움 vs 배메 세개중 추천좀여
아니라서,1,4,0,4,2,0,0,2,0,0,직업,0.5,0.8208693031281162,1.4652880450209251,복귀유저 아델 보조 가격 질문,레테 9만원 정도 현질해서 장신구 산다 치면,재업 / 듀블 279 이배율로 검마 원래 어려운게 맞음 ?
하려고하는데,1,4,0,4,2,0,0,2,0,0,직업,0.5,0.8208693031281162,1.4652880450209251,렌 보공,형님들. 렌이 체급이 좋나요? 레테가 체급이 좋나요?,뉴비 본캐 레테 보조와 템셋팅..
이지대적자,1,5,0,5,0,0,1,3,0,1,직업,0.6,0.634960106153062,1.4647276260049273,뉴비 제논 진로 방향 알려주실분,진짜 진지해요 바이퍼 질문하나만 할게요 ㅜㅜ,히어로vs 아델vs 제논 본캐고민입니다
가는데,1,6,0,6,2,0,1,0,0,3,몬스터,0.16666666666666666,0.5045388375533789,1.4638486968215014,초보 보스 공략하려면 환산주스탯 몇퍼정도부터 트라이하면 좋을까요?,여명셋 17~18 파방,뉴비 현실적 목표 질문
눌러서,1,6,0,6,2,0,1,0,0,3,몬스터,0.16666666666666666,0.5045388375533789,1.4638486968215014,님들 저 메린인데 윌 1페 이거 버근가요?,형들 마깃안 에디 3줄 어떻게 처리할까요,현재 적용중인 프리셋과 동일합니다 어케 나오게 해요?
됐는데,1,6,0,6,2,0,1,0,0,3,몬스터,0.16666666666666666,0.5045388375533789,1.4638486968215014,"메린이 남은 대적자 큐브, 코인 어떻게 쓰는게 좋을까요?",키보드 꾹이 안먹히는데 필터키 문제인가요,보스 파티플 질문
자리,1,6,0,6,2,0,1,0,0,3,몬스터,0.16666666666666666,0.5045388375533789,1.4638486968215014,지금 284인데 챌섭기간 동안 290가능함?,5석펫 사냥 팁이 있나요,드메템 맞추는중입니다.
조각사서,1,6,0,6,2,0,1,0,0,3,몬스터,0.16666666666666666,0.5045388375533789,1.4638486968215014,데티목표입니다 조각 템펙업 고민입니다,이번 챌섭이 본캐인데 진로상담 요청합니다!,챌섭 진로 질문드려요
느낌인데,1,4,0,4,0,0,2,0,0,2,몬스터,0.5,0.8169377479325994,1.4621242480276793,챌섭 리프질문,핵사 스텟 망하면 환산주스텟에 개수가 적게 들어가여?,이지카링은 잡았는데 유챔세렌을 못잡아요
죽는,1,4,0,4,0,0,2,0,0,2,몬스터,0.5,0.8169377479325994,1.4621242480276793,밑에 메린이 컴퓨터 질문한 사람입니다!,카엔슬 죽는거 보자마자 팅겼는데,검마 연습중인데 2페 권능 때 암흑 걸리면 무적 필수임?
다른분들,1,5,0,5,1,1,0,0,0,3,퀘스트,0.2,0.6292382256548088,1.459601509222659,메린이 방향성이 잘못된걸까요? 현실조언 부탁드립니다,mvp 질문해요!,메멘토 실버.에디 큐브 어디에 사용하고 계실까요?
숫자,1,5,0,7,1,1,0,0,0,3,퀘스트,0.2,0.6292382256548088,1.459601509222659,안녕하세요. 뉴비입니다. 검마 해방에 관해서 질문 드립니다.,환산주스텟,템 진로 찐 최종 확인 제발 부탁드립니다
18앜,1,3,1,5,1,0,0,0,0,2,기타,0.6666666666666666,0.7431724270758142,1.4595287869677418,세트효과 어떻게 가져가는게 좋을까요,챌섭뉴비 레테 템 진로 잘 짠걸까요??,18앜->18에테 옆그레이드임?
280레벨,1,3,1,4,1,0,0,0,0,2,기타,0.6666666666666666,0.7431724270758142,1.4595287869677418,챌린저스 패스 vs 제네패스 플러스,280레벨 달성했는데 블루베리는 그냥 다 쓰면 되나요??,(템세팅 조언) 템을 너무 중구난방으로 맞춰서 어디서부터 손봐야 할지 모르겠습니다. 도와주세요
280작,1,3,1,5,1,0,0,0,0,2,기타,0.6666666666666666,0.7431724270758142,1.4595287869677418,경험치 BM 280작 250작 무난할까요?,형들 레벨링 어떻게 나눠야할까,
5000만,1,3,1,4,1,0,0,0,0,2,기타,0.6666666666666666,0.7431724270758142,1.4595287869677418,레테 스공이 내려갔습니다,검마 둘이서 파티로 가려면,투력 5000만 다음 업그레이드
5석펫인데,1,3,1,4,1,0,0,0,0,2,기타,0.6666666666666666,0.7431724270758142,1.4595287869677418,5석펫인데 스펙업 순서 추천 좀…,5석펫,20누스 5석펫 질문
PLUS,1,3,1,4,1,0,0,0,0,2,기타,0.6666666666666666,0.7431724270758142,1.4595287869677418,근데 제네시스 패스 PLUS 보상 다 받으려면,법사 선배님들 템진로 도와주시면 감사하겠습니다,챌섭 질문있어요
VIP,1,3,1,7,1,0,0,0,0,2,기타,0.6666666666666666,0.7431724270758142,1.4595287869677418,VIP 부스터 효율 어떤게 좋을까요 ?,스펙한번만 봐주세요 ㅠㅠ,상급 EXP 교환권 효율
강화해,1,3,1,4,1,0,0,0,0,2,기타,0.6666666666666666,0.7431724270758142,1.4595287869677418,에테 스타포스 할만한지 아니면 사먹는게 나은지 궁금합니다.,헥사스탯 그냥 바로바로 강화해도 되나요?,헥사 떡작 스킵해도 되나요?
고민임,1,3,1,4,1,0,0,0,0,2,기타,0.6666666666666666,0.7431724270758142,1.4595287869677418,레테유입 이제뭐함?,메고수 형님들 뉴비 스펙업 도움,남은 대적자 코인 어따 쓸지 고민임..
고확,1,3,1,5,1,0,0,0,0,2,기타,0.6666666666666666,0.7431724270758142,1.4595287869677418,선생님들 이런 추옵도 팔릴까요?,진짜 메이플 고수만 오셈,요즘은 경뿌 고확으로 안하고 다르게 하나요?
데티 해방,2,3,1,4,1,0,0,0,0,2,기타,0.6666666666666666,0.7431724270758142,1.4595287869677418,9만~데티 해방 사이 괜찮은 라인,보조격 분배 질문,블랙보조 템 세팅 질문드립니다
도통,1,3,1,4,1,0,0,0,0,2,기타,0.6666666666666666,0.7431724270758142,1.4595287869677418,전투력 1억5천 메린이 다음 스펙업을 도통 못잡겠어요 ㅠㅠ,컴고수 선생님들 게임이 계속 멈춥니다,컴고수님들 메린이 게임 멈춤 질문드립니다
드랍율,1,3,1,7,1,0,0,0,0,2,기타,0.6666666666666666,0.7431724270758142,1.4595287869677418,보스방 드랍율이랑 일반 맵 드랍율이 다른가요?,아이템 드롭율,드메셋 질문
드롭,1,3,1,4,1,0,0,0,0,2,기타,0.6666666666666666,0.7431724270758142,1.4595287869677418,사냥용 어빌리티 질문드립니다!,메소제한 다채우면 솔에르다기운 드롭 안되나요?,이벤링 드메
먹는,1,3,1,4,1,0,0,0,0,2,기타,0.6666666666666666,0.7431724270758142,1.4595287869677418,펫 아무거나 사도 되나요?,템진로 고민과 조언이 필요합니다 .,여기서 더 먹는 도핑있나요?
메제 채우고,2,3,1,5,1,0,0,0,0,2,기타,0.6666666666666666,0.7431724270758142,1.4595287869677418,챌린저 하고 싶은데 여기서 무보엠 바꿔주면 되나요?,메제 채우고 계속 사냥하실때 재획비 드시나요?,메린이 서버 고민입니다
몬파 매일,2,3,1,4,1,0,0,0,0,2,기타,0.6666666666666666,0.7431724270758142,1.4595287869677418,에테리온 효과 다 받는 기준이면 몬파 매일 3천포인트 씀??,지금 284인데 챌섭기간 동안 290가능함?,무과금인데 매일 몬파7판?
몬파7판,1,3,1,4,1,0,0,0,0,2,기타,0.6666666666666666,0.7431724270758142,1.4595287869677418,무과금인데 매일 몬파7판?,형들 레벨링 어떻게 나눠야할까,
미트라 분노,2,3,1,5,1,0,0,0,0,2,기타,0.6666666666666666,0.7431724270758142,1.4595287869677418,미트라의 분노 잠재 스크롤 안됌,썜들 메린이 챌린저 찍을 수 있게 진로부탁드립니다..,노칼 딜배율 200% 목표 / 18에테 교체 순서 및 칠흑·엠블 문의
받으려면,1,3,1,4,1,0,0,0,0,2,기타,0.6666666666666666,0.7431724270758142,1.4595287869677418,근데 제네시스 패스 PLUS 보상 다 받으려면,밖이라 못보는데 챌섭 보상표 스샷 좀 찍어줄사람??,뉴비 자석펫 질문이있습니다
방법으로,1,3,1,4,1,0,0,0,0,2,기타,0.6666666666666666,0.7431724270758142,1.4595287869677418,동전꼽기가 운영정책 위반인지 여부,챌섭 챌린저 목표 겸,시그너스 기사단 코디 무슨 방법으로도 못구하나요??
본서버,1,3,1,5,1,0,0,0,0,2,기타,0.6666666666666666,0.7431724270758142,1.4595287869677418,이전 첼섭에서 본서버 넘어온 불독...,뉴비 유니온에 대해 궁금해요!,신규 유저 입니다만.
본캐인데,1,3,1,4,1,0,0,0,0,2,기타,0.6666666666666666,0.7431724270758142,1.4595287869677418,이번 챌섭이 본캐인데 진로상담 요청합니다!,딱 5만원만 지른다면 뭐 살까요?,아버 끝나고 방어구
부캐릭,1,3,1,4,1,0,0,0,0,2,기타,0.6666666666666666,0.7431724270758142,1.4595287869677418,250물약 사용처 질문,캐릭터 부캐릭을 본캐로 할 생각인뎁쇼,신규 유저 입니다만.
분노,1,3,1,5,1,0,0,0,0,2,기타,0.6666666666666666,0.7431724270758142,1.4595287869677418,미트라의 분노 잠재 스크롤 안됌,썜들 메린이 챌린저 찍을 수 있게 진로부탁드립니다..,노칼 딜배율 200% 목표 / 18에테 교체 순서 및 칠흑·엠블 문의
분위기,1,3,1,5,1,0,0,0,0,2,기타,0.6666666666666666,0.7431724270758142,1.4595287869677418,길드 분위기 알아보는 법...,샤타만 한달에 한번인가?,이지카링돌이 세팅하려면...
사냥하면,1,3,1,5,1,0,0,0,0,2,기타,0.6666666666666666,0.7431724270758142,1.4595287869677418,일주일에 10시간 정도 사냥하면 드메템 굳이인가요,하루 사냥 최대 4~5시간이 끝임?,무한야누스 하려면 야누스 몇렙돼야 하나요?
소멸,1,3,1,6,1,0,0,0,0,2,기타,0.6666666666666666,0.7431724270758142,1.4595287869677418,VIP 부스터 효율 어떤게 좋을까요 ?,복귀뉴비 두가지 질문드려요,소멸의 여로 세트 효과 누리면서 코디는 기본 아이템 보이게 하는 법
소멸 여로,2,3,1,6,1,0,0,0,0,2,기타,0.6666666666666666,0.7431724270758142,1.4595287869677418,VIP 부스터 효율 어떤게 좋을까요 ?,복귀뉴비 두가지 질문드려요,소멸의 여로 세트 효과 누리면서 코디는 기본 아이템 보이게 하는 법
솔야누스,1,3,1,4,1,0,0,0,0,2,기타,0.6666666666666666,0.7431724270758142,1.4595287869677418,스펙업 순서,솔야누스,무한야누스 하려면 야누스 몇렙돼야 하나요?
아직 본캐,2,3,1,4,1,0,0,0,0,2,기타,0.6666666666666666,0.7431724270758142,1.4595287869677418,복귀 유저인게 템관련 문의여,285렙 주차 질문,아직도 본캐를 못정한 유저 조언부탁드립니다
안되는건가요,1,3,1,4,1,0,0,0,0,2,기타,0.6666666666666666,0.7431724270758142,1.4595287869677418,핸즈 옥션 그린아이디등록? 어케하나요..,15일 이용 제한을 받았는데 사유가....,스타포스 17성 강화권은 사면 안되는건가요??
약한지,1,3,1,4,1,0,0,0,0,2,기타,0.6666666666666666,0.7431724270758142,1.4595287869677418,메린이 내 캐릭이 왜 약한지 모르겠어요,헥사 초기화권 질문,
없어졌나요,1,3,1,4,1,0,0,0,0,2,기타,0.6666666666666666,0.7431724270758142,1.4595287869677418,5차 스킬코어 슬롯 강화 기능 없어졌나요?,이제 비포/애프터 큐브밖에 없나요?,스타포스 10성이하 1+1강화
없어지나요,1,3,1,4,1,0,0,0,0,2,기타,0.6666666666666666,0.7431724270758142,1.4595287869677418,형님들 리프 언제 해야하나요?,"챌린저스 리레링, 컨티링 리프하면 없어지나요?","제 귀에 이상한게있어요 ,,"
여러분들,1,3,1,4,1,0,0,0,0,2,기타,0.6666666666666666,0.7431724270758142,1.4595287869677418,길드 분위기 알아보는 법...,"""자석펫 장착 vs 팔고 템셋팅""",안녕하세요 여러분들 메린이 궁굼해서 질문드려요
윌도,1,3,1,5,1,0,0,0,0,2,기타,0.6666666666666666,0.7431724270758142,1.4595287869677418,해방 / 보스도전 질문이요,보스 꿀팁 있을까요,선생님들 노말 윌도 못깨면 접는게 맞을까요?
유입뉴비입니다,1,3,1,4,1,0,0,0,0,2,기타,0.6666666666666666,0.7431724270758142,1.4595287869677418,메린이 제네무기 및 템진단좀 부탁드립니다.,지피방? 원격피시방? 질문있습니다,안녕하세요 이번에 시즌4 유입뉴비입니다! 질문 있어요!
잡아야할까요,1,3,1,4,1,0,0,0,0,2,기타,0.6666666666666666,0.7431724270758142,1.4595287869677418,선생님들 헥사환산 몇을 목표로 잡아야할까요?,노적자 노칼 목표 스펙업 방향부탁드립니당..,챌섭 무자본 현실적 목표
재네패스,1,3,1,6,1,0,0,0,0,2,기타,0.6666666666666666,0.7431724270758142,1.4595287869677418,제네패스 지금 사도 되나요?,제네무기 고민중인데여..,겨울에도 재네패스 하나요?
제일 좋나요,2,3,1,4,1,0,0,0,0,2,기타,0.6666666666666666,0.7431724270758142,1.4595287869677418,울티마스쿼드 43렙 어디서 자동사냥해요?,넥슨 캐시 사용처 질문,장신구 에디 에픽 2줄은 어떻게 만드는게 제일 좋나요?
챌섭기간,1,3,1,4,1,0,0,0,0,2,기타,0.6666666666666666,0.7431724270758142,1.4595287869677418,지금 284인데 챌섭기간 동안 290가능함?,챌섭 챌린저 목표 겸,혹시 저자본으로 챌린저 가능한가여
펫의,1,3,1,4,1,0,0,0,0,2,기타,0.6666666666666666,0.7431724270758142,1.4595287869677418,이 펫의 사망날을 11월 27일로 밎추고 싶습니다.,쁘띠 마스코트 대행진!에서 어떻게 하면 의자를 받을 수 있나요??,
획득,1,3,1,4,1,0,0,0,0,2,기타,0.6666666666666666,0.7431724270758142,1.4595287869677418,챌린저스서버 질문드립니다.,몬파 핸즈 몬스터 원킬컷 안나는데 상관있나요?,챌린저스 패스 경험치 획득 순서
2까지,1,4,0,4,1,0,0,0,0,3,기타,0.75,0.8127514184750242,1.4587554293561986,질문드립니다.,헥사 떡작 질문드려요,헥사스탯 최적화 어떻게 해야할지 모르겠습니다
3개는,1,4,0,4,1,0,0,0,0,3,기타,0.75,0.8127514184750242,1.4587554293561986,메쌤들 현실적으로 챌 달성 가능한지 상태좀 봐줄수있나요,[사전월드리프] 여러 서버로 이동 불가 관련 문구 문제,아케인 직작해도 될까요
5만점,1,4,0,4,1,0,0,0,0,3,기타,0.75,0.8127514184750242,1.4587554293561986,메린이 스펙업 방향성 조언 부탁드립니다 ㅠㅠ,챌섭 5만점부터는 돈 써야하나요?,챌섭 플라즈마하트 모듈 질문 !!
가게,1,4,0,4,1,0,0,0,0,3,기타,0.75,0.8127514184750242,1.4587554293561986,헥환 7만 중반 ~ 8만 목표 레테 템세팅 조언 부탁드립니다.,메린이 보스 보상 질문있습니다,보스 파티플 질문
넘어갈,1,4,0,4,1,0,0,0,0,3,기타,0.75,0.8127514184750242,1.4587554293561986,형님들 리프 언제 해야하나요?,울티마 공2줄 4렙 장비 vs 공1줄 5렙 장비,노칼 딜배율 200% 목표 / 18에테 교체 순서 및 칠흑·엠블 문의
다른캐릭,1,4,0,4,1,0,0,0,0,3,기타,0.75,0.8127514184750242,1.4587554293561986,뉴비 대적자 코인 사용처 질문,메린이 하이퍼버닝 질문있습니다!,챌섭에서 하버맥스 하나 더 주기도 하나요?
되던데,1,4,0,4,1,0,0,0,0,3,기타,0.75,0.8127514184750242,1.4587554293561986,님들 울티마 아이템 분해 질문좀...,뉴비 유니온에 대해 궁금해요!,아니 자꾸 접속중인 아이디라고 팅기는데 왜이러지
들어가는데,1,4,0,4,1,0,0,0,0,3,기타,0.75,0.8127514184750242,1.4587554293561986,메린이 컴퓨터 질문 드려도 되나요..?,이번 챌섭복귀유저입니다. 드메템 관련 질문드립니다.,레테 헥사스텟3 질문 있어요
몬파2판,1,4,0,8,1,0,0,0,0,3,기타,0.75,0.8127514184750242,1.4587554293561986,누비 챌린저 달수 있을까요?,경험치 BM 280작 250작 무난할까요?,형들 레벨링 어떻게 나눠야할까
바꿔,1,4,0,4,1,0,0,0,0,3,기타,0.75,0.8127514184750242,1.4587554293561986,계정판매를 했었는데,5줄 보조 아스트라 전승 시켜도 되나요?,일요일에 메소가 빨려나가는 거면
별도,1,4,0,4,1,0,0,0,0,3,기타,0.75,0.8127514184750242,1.4587554293561986,쿨뚝 샀는데 괜찮게 산걸까요?,[사전월드리프] 여러 서버로 이동 불가 관련 문구 문제,리프 질문드려요 결정석
섞어서,1,4,0,4,1,0,0,0,0,3,기타,0.75,0.8127514184750242,1.4587554293561986,에디 레전 천장 관련 질문,에테 27 vs 30,오래된 캐릭터 정리된적 있나요?
심해서,1,4,0,4,1,0,0,0,0,3,기타,0.75,0.8127514184750242,1.4587554293561986,윈10 프리징? 해결방법 아시는분..ㅠㅜ,메린이 챌린저 이후 진로봐주실분..,아이템 질문 하나만 드려도 될까요?
쓰고있고,1,4,0,4,1,0,0,0,0,3,기타,0.75,0.8127514184750242,1.4587554293561986,메이플 그래픽설정 의견주시면 감사하겠습니다.,메쌤들 현실적으로 챌 달성 가능한지 상태좀 봐줄수있나요,메린이 템 셋팅 질문!!
쓸심,1,4,0,4,1,0,0,0,0,3,기타,0.75,0.8127514184750242,1.4587554293561986,내부 드랍 24라는 게 이거 맞나요?,잠재로 드메 몇%씩 맞추면 되나요?,그런데요 크오솔 스인미 이런거 언제 강화해요 ?
유튜브나,1,4,0,4,1,0,0,0,0,3,기타,0.75,0.8127514184750242,1.4587554293561986,뉴비는 챌섭에서 방어구나 장신구 어떻게 맞춰야 하나요?,메린이 템진단 한번부탁드립니다.,5년로아 접은 쌩뉴비 메이플 시작 질문
유행,1,4,0,5,1,0,0,0,0,3,기타,0.75,0.8127514184750242,1.4587554293561986,보스방 드랍율이랑 일반 맵 드랍율이 다른가요?,하루 평균 6소재 하는데,드랍템 먼저 맞출까요 스펙업을 먼저 할까요
있는 캐릭터,2,4,0,5,1,0,0,0,0,3,기타,0.75,0.8127514184750242,1.4587554293561986,챌섭 리프할때 보상 어떻게 하나요?,보통 하세이칼돌이 ~ 노적자돌이 캐릭터들은 조각 몇개정도 투자하시나요 ?,리프 관련해서 질문 드립니다. ㅠㅠ
있어서요,1,4,0,4,1,0,0,0,0,3,기타,0.75,0.8127514184750242,1.4587554293561986,챌섭 쌩뉴비 여러 가지 질문 드립니다 !,보스 꿀팁 있을까요,챌섭 뉴비.. 가고 있는 방향이 제대로 된 건지 모르겠어요
전직업,1,4,0,5,1,0,0,0,0,3,기타,0.75,0.8127514184750242,1.4587554293561986,이번에 복귀 유전데 캐샵 통합,전사 에테뚝 올이탈 쿨쿨힘 깡통 시세가 어떻게 되나요?,혹시 코잘알분들 있을까요?
창고,1,4,0,5,1,0,0,0,0,3,기타,0.75,0.8127514184750242,1.4587554293561986,챌섭 리프할때 보상 어떻게 하나요?,메린이 하드 메이린 템셋 질문있습니다,최근 메이플에서만 렉이 유ㅜ독 심합니다 살려주십셔
챌섭 키우고 있는,3,4,0,4,1,0,0,0,0,3,기타,0.75,0.8127514184750242,1.4587554293561986,챌섭리프,보조무기 추천,보통 하세이칼돌이 ~ 노적자돌이 캐릭터들은 조각 몇개정도 투자하시나요 ?
체감,1,4,0,4,1,0,0,0,0,3,기타,0.75,0.8127514184750242,1.4587554293561986,하루 평균 6소재 하는데,이번 모멘텀 패스 및 경험치 BM류 관련 질문입니다,1석펫 > 2석펫 / (현재 1버섯) 버섯 or 빨강이 뭐할까
출석 보상,2,4,0,4,1,0,0,0,0,3,기타,0.75,0.8127514184750242,1.4587554293561986,뉴비 아버 템 대체질문,명의분리 관련 아시는 분 계신가요..?,챌섭에서 퍼레이드 영구 자석펫 어떻게 수령하나요?
하려니,1,4,0,4,1,0,0,0,0,3,기타,0.75,0.8127514184750242,1.4587554293561986,메린이 템 방향 조언 부탁드립니다 젭알,메린이 하이퍼버닝 질문있습니다!,하이퍼버닝 계정 탈퇴 후 재가입 해도 불가 재참여 방법 질문
견적,1,3,2,5,2,0,0,0,0,1,아이템,0.6666666666666666,0.5802430494260673,1.456347543889789,메짱 친구들아 뉴비 템 견적 어디까지 됨..?,메이플용 PC 견적 뽑아봤는데용,형들 작년렌유입 복귀하려는데 템세팅조언좀
뜨는,1,3,2,5,2,0,0,0,0,1,아이템,0.6666666666666666,0.5802430494260673,1.456347543889789,버섯자섹펫에 뜨는 s.d펫도 합성가능한가요?,에디셔널에 뜨는 공격력수치 패치됫나요??,챌섭 육성중에 레전 큐브 질문 드려요!
맞추나요,1,3,2,5,2,0,0,0,0,1,아이템,0.6666666666666666,0.5802430494260673,1.456347543889789,보스 잡고 상자 부실때 드랍퍼 어떻게 맞추나요?,이카돌이 방어구 세팅 괜춚?,"챌섭에서 유잠 바른 아이템들, 옵션은 어떻게 맞추나요?"
메소제한,1,3,2,5,2,0,0,0,0,1,아이템,0.6666666666666666,0.5802430494260673,1.456347543889789,이벤링 아드템으로 끼고싶은데 도와주세요 ㅠ,메소제한 다채우면 솔에르다기운 드롭 안되나요?,메소제한 관련 질문이 있습니다
뭐할까,1,3,2,5,2,0,0,0,0,1,아이템,0.6666666666666666,0.5802430494260673,1.456347543889789,형들 지금해도,1석펫 > 2석펫 / (현재 1버섯) 버섯 or 빨강이 뭐할까,스펙업 이제 뭐할까?
뭐해야할까요,1,3,2,5,2,0,0,0,0,1,아이템,0.6666666666666666,0.5802430494260673,1.456347543889789,진로 고민 도와주세요,챌섭뉴비 챌린저달고싶은데 뭐해야할까요,메린이 스펙업 뭐해야할까요..
블빈마 먹었는데,2,3,2,5,2,0,0,0,0,1,아이템,0.6666666666666666,0.5802430494260673,1.456347543889789,뉴비 챌린저하고 싶은데 바닥부터 진로상담 부탁드립니다,블빈마 먹었는데 17성 바르면 되나요,챌섭 블빈마 먹었는데 17성 바르면 되나요
사용하나요,1,3,2,5,2,0,0,0,0,1,아이템,0.6666666666666666,0.5802430494260673,1.456347543889789,제네무기 추옵 어느정도 사용하나요?,챌섭 266레벨 40퍼인데 EXP 패스 블농이랑 EXP쿠폰 언제 사용하나요?,레테 어빌리티 질문요
스트라이커,1,3,2,5,2,0,0,0,0,1,아이템,0.6666666666666666,0.5802430494260673,1.456347543889789,챌린저스 스트라이커 템셋팅,2년만에 복귀했는데 템세팅 조언 부탁드립니다.,스트라이커 메이린 질문
쌤들,1,3,2,5,2,0,0,0,0,1,아이템,0.6666666666666666,0.5802430494260673,1.456347543889789,쌤들!! 이거 윗잠 vs 추옵 중에서 뭐 돌릴까요?,쌤들 환산 읽는법좀 알려주세요!,이번 유입 뉴비 레잠 질문
쓰는게 좋나요,2,3,2,5,2,0,0,0,0,1,아이템,0.6666666666666666,0.5802430494260673,1.456347543889789,"메린이 오늘 첫 해방했는데, 잠재 돌리고 남은 블랙큐브는 어디에 쓰는게 좋나요?",해방 못하면 레잠이랑 에디셔널 유니크 주문서 어디에 쓰나요??,울티마 보상 카르마 17성 어디 쓰는게 좋나요?
안보여요,1,3,2,6,2,0,0,0,0,1,아이템,0.6666666666666666,0.5802430494260673,1.456347543889789,하이퍼블링크가 안보여요 ㅠㅠ 왜이럴까요 ㅠ,하이퍼블링크가 안보여요 ㅠㅠ 뉴비도와주세요,나린 지역 가는법 알려주세요
윗옵,1,3,2,5,2,0,0,0,0,1,아이템,0.6666666666666666,0.5802430494260673,1.456347543889789,제네무기 윗옵 이거 어떻게해요..?,해방무기 윗옵,검밑솔은 어느정도 악세 맞춰야하나용?
이름 아시는분,2,3,2,5,2,0,0,0,0,1,아이템,0.6666666666666666,0.5802430494260673,1.456347543889789,이 의자 이름 아시는분?,목 긴 공룡 모자 이름 아시는분...,성형 이름을 찾습니다
이후 스펙업,2,3,2,5,2,0,0,0,0,1,아이템,0.6666666666666666,0.5802430494260673,1.456347543889789,갓 2억단 뉴비 다음 스펙업 추천 부탁드립니다.,템환 8만에서 이후 스펙업 질문,이후 스펙업 질문
챌섭 뉴비인데,2,3,2,5,2,0,0,0,0,1,아이템,0.6666666666666666,0.5802430494260673,1.456347543889789,챌섭 뉴비인데 보스 연모로 좀 하다가 가는게 나을까요?,무기를 사는게 맞을까요?,챌섭 뉴비인데 가엔링 23성 이거 사는건 아닌가요?
첫해방,1,3,2,5,2,0,0,0,0,1,아이템,0.6666666666666666,0.5802430494260673,1.456347543889789,성장 방향 조언 부탁드려요,첫해방 뉴비 렌 템진단 부탁드려요 하드메이린 잡고싶어요,첫해방 메린이 제네시스무기 도와주세요ㅜㅜ
카벨룸,1,3,2,6,2,0,0,0,0,1,아이템,0.6666666666666666,0.5802430494260673,1.456347543889789,벨룸과 칠요,챌섭에서 200레테로 카벨룸 어떻게 잡아야 할까요,카벨룸 칭호
하이퍼블링크,1,3,2,5,2,0,0,0,0,1,아이템,0.6666666666666666,0.5802430494260673,1.456347543889789,형들 바보짓 했는데 질문 좀요,하이퍼블링크가 안보여요 ㅠㅠ 왜이럴까요 ㅠ,하이퍼블링크가 안보여요 ㅠㅠ 뉴비도와주세요
구슬,1,4,0,4,0,0,3,1,0,0,몬스터,0.75,0.8086832178248775,1.455481671175331,님들 저 메린인데 윌 1페 이거 버근가요?,"노말 세렌 여명 잘 넘기는 법 있나요,...?",초보 보스 공략하려면 환산주스탯 몇퍼정도부터 트라이하면 좋을까요?
극딜하고,1,4,0,5,0,0,3,1,0,0,몬스터,0.75,0.8086832178248775,1.455481671175331,렌 카칼 질문드립니다.,제논 고수분들 도와주십셔ㅜ,대적자 최소컷 질문
피하면서,1,4,0,4,0,0,3,1,0,0,몬스터,0.75,0.8086832178248775,1.455481671175331,진힐라 노말이랑 하드 차이 큰가요?,검마 극딜 질문,291 메르 vs 281 레테 조언 부탁드립니당ㅠ
감사드립니다,1,7,0,7,4,0,0,1,0,2,직업,0.14285714285714285,0.3993067806407594,1.454888324609334,안녕하세요 선생님들 템 진로 고견좀 여쭙습니다,"방어구, 장신구 템셋 훈수 부탁드립니다 (글삭X)",8만대 목표 템세팅 질문
말이,1,7,0,7,4,0,0,1,0,2,직업,0.14285714285714285,0.3993067806407594,1.454888324609334,챌린저 찍고싶은 메린인데 향후 템셋팅 어떻게 해야하나요?,선생님들 사전 리프 질문있습니다,메린이 렌 신규스킬 질문좀용
모으,1,7,0,7,4,0,0,1,0,2,직업,0.14285714285714285,0.3993067806407594,1.454888324609334,챌섭 스펙업 어떻게 할까요? 미트라? 보장?,5석펫 효과도 사용횟수 제한이있나요??,템 진로상담 해주실분
식으,1,7,0,7,4,0,0,1,0,2,직업,0.14285714285714285,0.3993067806407594,1.454888324609334,템환 10만으로 가고싶습니다..,필터키 수치 질문 있습니다.,자전 질문
쓸만한,1,7,0,8,4,0,0,1,0,2,직업,0.14285714285714285,0.3993067806407594,1.454888324609334,시퀸스질문,유챔 세렌 질문,카르마 블랙큐브 화이트큐브 사용처
욕심,1,7,0,7,4,0,0,1,0,2,직업,0.14285714285714285,0.3993067806407594,1.454888324609334,뉴비 검마까지 방향성 조언좀....,챌린저스섭 진로가 궁그미합니다!,메린이 진로 상담(1억 목표)
첫번째,1,7,0,7,4,0,0,1,0,2,직업,0.14285714285714285,0.3993067806407594,1.454888324609334,메린이 템세팅 관련해서 질문 있습니다..!,보마 검마 3페 사선 피하는 법 질문입니다.,템 가격이 이상해요
키우고있습니다,1,7,0,7,4,0,0,1,0,2,직업,0.14285714285714285,0.3993067806407594,1.454888324609334,자석펫 스카니아에 있으면 스카니아로 리프해야겠져?,레테 잠재 질문이요..!,아직도 본캐를 못정한 유저 조언부탁드립니다
리프하고,1,6,0,6,2,0,0,0,1,3,시세,0.16666666666666666,0.4950036961151936,1.4545714325728802,챌섭 리프할때 보상 어떻게 하나요?,경매장 물품수령 질문드려요,루컨마 깡통을 살지 고민입니다.
보고싶은데,1,6,0,6,2,0,0,0,1,3,시세,0.16666666666666666,0.4950036961151936,1.4545714325728802,레테 쿨뚝 질문,메수라이브 잠재능력 설정 질문,아버 단계 업글
새로운,1,6,0,6,2,0,0,0,1,3,시세,0.16666666666666666,0.4950036961151936,1.4545714325728802,여명셋 질문 있습니다!,복귀 메린이 입니다 놀장? 도미도 쓰이나요?,12시 넘으면 점검 전이라도 숙제들 초기화 되나요?
올리려고,1,6,0,6,2,0,0,0,1,3,시세,0.16666666666666666,0.4950036961151936,1.4545714325728802,보스방 드랍율이랑 일반 맵 드랍율이 다른가요?,유에 여명 보장도 21성 달만함??,"에디에픽, 브론즈 큐브"
하세,1,4,1,6,2,0,1,1,0,0,몬스터,0.25,0.4951740337875512,1.4533922310818956,렌 하세 환산 118.7% 로 1초 남기고 잡게될 것 같은데...,본캐 키우는건 챌섭시즌이 무조건인가요,하세유챔 방어구 질문
알겠는데,1,7,0,7,2,1,0,2,0,2,직업,0.2857142857142857,0.39637176520968304,1.4518367281029083,제네시스 무기 추옵 궁금해요,환산주스탯에서 추옵 기준에대해 질문이있습니다ㅠ,울티마 스쿼드인가 스펙터 대체이벤트 겸치주나요?
괜히,1,6,0,6,3,0,1,2,0,0,직업,0.3333333333333333,0.4921696005249725,1.4518139848866782,제로<>렌 직변 해보신분 궁금합니다.,미라클 에디 고민,메이린 계속 5퍼정도 남는데 어캐 하면 잡을까요
감사하겠습니다 이미지 이미지,3,5,0,5,4,0,1,0,0,0,몬스터,0.2,0.6174687789950676,1.4490575004725763,메이플 챌섭 뉴비 아이템 추가 스펙업 질문합니다!,템환 8만에서 이후 스펙업 질문,형님들 템 뭐 부터 교체해야 하는지 추천 부탁드립니다.
넉넉하게,1,5,0,5,4,0,1,0,0,0,몬스터,0.2,0.6174687789950676,1.4490575004725763,헥환8만목표(노흉~노카 보스 솔격 )입니다.,모험가 22성 나오면 18둘둘로 하드 메이린 가능할까요?,보조무기 질문 드려요 !
못하나요,1,5,0,5,4,0,1,0,0,0,몬스터,0.2,0.6174687789950676,1.4490575004725763,검마 보스 도중에 변환하는 아이콘 한가운데 있는거,마일리지 가위 구매,"레테 기본 헤어,성형 캐시샵에 안파나요??"
무엇,1,5,0,5,4,0,1,0,0,0,몬스터,0.2,0.6174687789950676,1.4490575004725763,스펙업 질문!,대적자 코인 남는거 어디다 쓸까요..?,뭔가 잘못됏음은 알겟는데
블빈마 18성,2,5,0,5,4,0,1,0,0,0,몬스터,0.2,0.6174687789950676,1.4490575004725763,무보 이런데 해방하고 정옵띄우면 하드메이린 가능한가요??,챌섭 하메 템진로 질문 있습니다!,고수님들 스펙업 순서 훈수 좀 부탁드리겠습니다
깼습니다,1,6,0,6,2,1,0,1,0,2,퀘스트,0.16666666666666666,0.4888736460378863,1.4486071692430553,유입된 메린인 인데 이 이상 어떻게 스팩업을 해야할지 알려주세요!,30억 있는데 템 어떻게 보강해야할까요??,메린이 제네 패스 질문
중인,1,6,0,7,2,1,0,1,0,2,퀘스트,0.16666666666666666,0.4888736460378863,1.4486071692430553,메잘알 선배님들 질문,헥환 7만 중반 ~ 8만 목표 레테 템세팅 조언 부탁드립니다.,[질문] 복귀 유저 아버 이후 에테르넬 17성 풀셋 질문
들어가서,1,6,0,6,1,0,1,0,0,4,몬스터,0.16666666666666666,0.4875164862717574,1.4472867137616556,메이플 미리보기 나만 이상함??,보통 하세이칼돌이 ~ 노적자돌이 캐릭터들은 조각 몇개정도 투자하시나요 ?,검마 가고 싶은데 될까요?
싹다,1,6,0,6,1,0,1,0,0,4,몬스터,0.16666666666666666,0.4875164862717574,1.4472867137616556,형들 지금 282에 81퍼인데 노사냥으로 285가능한가요?,이거 그린아이디 옐로아이디,4만 복귀 카이저 메린이
2인격,1,3,1,5,1,0,1,0,0,1,몬스터,0.3333333333333333,0.725183014242492,1.444466555898079,천천히 챌 가려하는 뉴비 검마 질문,스펙업 방향성 여쭤보고 싶습니다,검마 2인격 뉴비기준
막힘,1,3,1,4,1,0,1,0,0,1,몬스터,0.3333333333333333,0.725183014242492,1.444466555898079,메이플 보호모드 해제 시간 및 보상수령 가능한지 궁금합니다.,메린이 여기서 막힘..도와주세여,익검 첫트인데 조언듣고싶슴다
원킬컷,1,3,1,4,1,0,1,0,0,1,몬스터,0.3333333333333333,0.725183014242492,1.444466555898079,몬파 핸즈 몬스터 원킬컷 안나는데 상관있나요?,보마 재획준비물좀 알려주실분,팔라딘 225 이후 사냥터 어디가 좋을까요??
이유 뭔가요,2,3,1,4,1,0,1,0,0,1,몬스터,0.3333333333333333,0.725183014242492,1.444466555898079,이지카링이 짜증나는 이유가 뭔가요??,이지카링 처음 도전인데 알려주세요,데아시두스 vs 에스텔라
카드,1,5,0,6,0,1,0,0,0,4,퀘스트,0.2,0.6103058645634121,1.4426403905924816,하드메이린.... 왜 안될까요,메이플 좀 켜두면 생기는 잔렉? 프레임드랍? 해결방법 있을까요..,넥슨 캐시 사용처 질문
21퍼 아랫잠,2,5,0,5,4,0,0,0,1,0,시세,0.2,0.6084202162288086,1.4409510764629017,칠흑에 메획붙은거 사도 괜찮나요?,뉴비입니다 질문있습니다 (모르고 자게에 써서 다시 작성했습니다),미트라 엠블 질문
25억,1,5,0,6,4,0,0,0,1,0,시세,0.2,0.6084202162288086,1.4409510764629017,뉴비 아이템 셋팅 질문 두개만 부탁드립니다.,선배님들 헤어 추천 부탁드립니다..,복귀 유저 해방전 아케인 무기좀
감가,1,5,0,5,4,0,0,0,1,0,시세,0.2,0.6084202162288086,1.4409510764629017,하드 메이린 잡았는데,챌섭 보조무기 질문입니다,챌섭 챌린저 목표 겸
레잠 바르고,2,5,0,5,4,0,0,0,1,0,시세,0.2,0.6084202162288086,1.4409510764629017,메린이 렌 보조 윗잠 두줄 매물 사도 되나요?,메린이 진로 도와주시면 감사하겄슴다,뉴비 레잠 질문드려요!
밀고,1,5,0,5,4,0,0,0,1,0,시세,0.2,0.6084202162288086,1.4409510764629017,루나 크리스탈 키 평소 시세가 10억 쯤 될까요?,님들 울티마 아이템 분해 질문좀...,작을 새로 해주는게 나을까요?
세줄,1,5,0,5,4,0,0,0,1,0,시세,0.2,0.6084202162288086,1.4409510764629017,대적자코인 사용처 질문,메이린 배율관련 질문드립니다 저 진짜 정리 잘해놨어요 함만 봐주세요 ㅠㅠ,제네패스 윗잠 아랫잠 우선순위 질문
유입해서,1,5,0,5,4,0,0,0,1,0,시세,0.2,0.6084202162288086,1.4409510764629017,에디 레전천장 사용처 추천부탁드려요 + 도전자 대체셋 질문,메린이 템셋 조언 부탁드립니다.,챌섭 뉴비 한번만 도와주십쇼 선생님들ㅠ
최저가,1,5,0,5,4,0,0,0,1,0,시세,0.2,0.6084202162288086,1.4409510764629017,복귀뉴비라서 아이템 가격 질문 드립니다,풀드메 세팅 질문점요,데브펜 가엔링 966 깡통 사려는데 괜찮을까요?
어느정도인지,1,6,0,6,2,0,1,2,0,1,직업,0.3333333333333333,0.48063662426134646,1.4405929171065763,레테 보조 질문드립니다..,루미너스 윈브 중에 본캐 추천 부탁드립니다!,진힐라 노말이랑 하드 차이 큰가요?
3페가,1,4,0,4,1,0,0,2,0,1,직업,0.5,0.7892817609838471,1.4398689510771268,투력 6600만 메린이 검마 잡고 싶습니다.,메잘알 형들 나로 질문이요ㅜㅜ,선생님들 챌섭 일리움 검마 잡는데 3페이지 꿀팁 있나요?
드네요,1,4,0,4,1,0,0,2,0,1,직업,0.5,0.7892817609838471,1.4398689510771268,메제 채우고 계속 사냥하실때 재획비 드시나요?,카데나에 대한 질문입니다,레테 계속 밀까요? 나워 부캐 시작할까요?
밑으,1,4,0,4,1,0,0,2,0,1,직업,0.5,0.7892817609838471,1.4398689510771268,무보엠 어떻게 해야할지 진로 좀 부탁드립니다..,펫물약설정질문,와이프가 시작한다해서 보마로 하버 만들어줬는데 텔포직업을 원합니다 ㅠ
이던데,1,4,0,4,1,0,0,2,0,1,직업,0.5,0.7892817609838471,1.4398689510771268,챌섭 뉴비 방향성 조언 부탁드려요 메짱형님들,렌 코어 강화 관련 질문,복귀 렌 유저 전투력 천만이 안되는데...
잘못해서,1,4,0,4,1,0,0,2,0,1,직업,0.5,0.7892817609838471,1.4398689510771268,뉴비 검마까지 방향성 조언좀....,제논 리레 3렙 4렙 차이 큰가요??,환산주스탯 질문
챌섭 제로,2,4,0,4,1,0,0,2,0,1,직업,0.5,0.7892817609838471,1.4398689510771268,해방무기 작 하는 거 질문,챌린저 노릴 수 있을까요,본섭 유기캐 본캐로 키우기.
키우는중입니다,1,4,0,4,1,0,0,2,0,1,직업,0.5,0.7892817609838471,1.4398689510771268,이후 방향성 및 조언 부탁드립니다,응얘 메린이..현질 30만원에 조언 부탁드립니다..,본섭 유기캐 본캐로 키우기.
키울까,1,4,0,4,1,0,0,2,0,1,직업,0.5,0.7892817609838471,1.4398689510771268,뉴비 챌린저스 서버 부캐(?) 질문,메린이 렌 보조 윗잠 두줄 매물 사도 되나요?,뉴비인데 고민이 있어요 ㅠㅠㅠ
다른건,1,7,0,7,3,0,0,1,0,3,직업,0.14285714285714285,0.3843422015416294,1.4393293408930918,선생님들 이런 추옵도 팔릴까요?,제네무기 추옵 어느정도 사용하나요?,캐시샵 들어가는게 엄청 오래걸리는데 해결법 아시는분 계신가요
안됩니다,1,3,1,5,1,0,0,0,1,1,시세,0.3333333333333333,0.7175167340768345,1.4380477091925314,3일차 뭐해야할지 모르겠어요 메쌤들 좀 도와주세요,환호지선 여우 이펙트 펫 투명도로 조절이 안됩니다..,뉴비입니다 질문있습니다 (모르고 자게에 써서 다시 작성했습니다)
찾고,1,3,1,4,1,0,0,0,1,1,시세,0.3333333333333333,0.7175167340768345,1.4380477091925314,카레잠 사용처 추천좀요,보조무기 매물을 더 찾고 싶습니다,메린이 어빌 질문 있워요!!!
챌섭인데,1,3,1,4,1,0,0,0,1,1,시세,0.3333333333333333,0.7175167340768345,1.4380477091925314,챌섭인데 이거 얼마인가요??,환산 이랑 인겜 투력 차이,엔버 제네 윗잠 골라주세요
합해서,1,3,1,4,1,0,0,0,1,1,시세,0.3333333333333333,0.7175167340768345,1.4380477091925314,레테 보조 질문드립니다..,미트라 엠블 잡레 관세 합해서 70억 사도될까요?,본섭 7만 중후반 주차 후 챌섭 갈아타는 게 맞을까요?
들었습니다,1,6,0,6,1,0,0,0,1,4,시세,0.16666666666666666,0.4779926870380207,1.4380204849684088,드드 드메 템 맞출라고 하는데,챌섭 유입 블래스터 챌린저 템세팅 질문드려요,챌섭 리프 관련 질문글
싶어,1,7,0,7,4,0,0,1,1,1,시세,0.14285714285714285,0.38259583503058436,1.4375136073580592,안녕하세요 선생님들 템 진로 고견좀 여쭙습니다,렌 템셋 부탁드립니다 고수님들.,챌섭 미트라 사면 너무 바가지 인가요?
벌고,1,7,0,8,3,0,1,1,0,2,몬스터,0.14285714285714285,0.381310053092336,1.4361767531700913,챌섭 챌린저 목표 템셋팅 관련 질문입니다.,선생님들 메린이 진로 추천 부탁드리겠습니다,안녕하세요...메이플 시작 3주차인데..
문제일까요,1,8,0,8,0,1,1,2,0,4,직업,0.25,0.300762665723549,1.4290338492045795,듀블 하메 잡으신분?,하드메이린.... 왜 안될까요,캡틴 하드메이린 환산 118퍼인데 안잡혀요
메짱님들,1,4,1,5,1,0,0,1,1,1,시세,0.25,0.4692580681651431,1.428200472634099,챌섭리프,제로<>렌 직변 해보신분 궁금합니다.,메짱님들 골클벨 잠재 33%인데 팔리나요? 조언 구합니다
능력,1,5,0,7,3,0,1,0,0,1,몬스터,0.2,0.592164553438232,1.426387957596105,아흐... 펫장비 이전 줌서에 대한 글은 많은데...,미트라 vs 에테 장갑 고민 추천 부탁드립니다.,천천히 챌 가려하는 뉴비 검마 질문
보마입니다,1,5,0,5,3,0,1,0,0,1,몬스터,0.2,0.592164553438232,1.426387957596105,뉴비 보스컷,"보마 블랙보조 블큐, 메멘토 골큐",헥환6만까지 스펙업 순서 추천 해주세요
첨에,1,5,0,5,3,0,1,0,0,1,몬스터,0.2,0.592164553438232,1.426387957596105,템환 10만으로 가고싶습니다..,흉성 보스 웰케 공략이 이해가 안가네요ㅠㅠ,챌섭 유입 메린이 다음주 하드메이린 잡게 해주세요
키우고있,1,5,0,5,3,0,1,0,0,1,몬스터,0.2,0.592164553438232,1.426387957596105,[뉴비] 메짱이형님들 템진로 조언 부탁드립니다,첼린저스 서버 제네무기 잠재 질문,신규유입 챌섭 모멘텀패스
투자하면,1,5,0,5,3,0,1,0,0,1,몬스터,0.2,0.592164553438232,1.426387957596105,200억 챌린저 가능한가요 고수분들의견이 궁금합니다,뉴비 레테 레전 똥블렘 그냥 쓰면될까요?,쌩뉴비 해방이후 템세팅 진로(자본 80억)
낮나요,1,3,1,4,2,0,0,1,0,0,직업,0.3333333333333333,0.6961648147281728,1.4201701082952625,초저자본 메린이 첫 제네시스 잠재 질문,"헥사코어 강화할때 ""최종뎀 효율"" << 이게 뭔가요?",에디는 등업 확률이 더 낮나요??
모았습니다,1,3,1,4,2,0,0,1,0,0,직업,0.3333333333333333,0.6961648147281728,1.4201701082952625,메린이 100억 모았습니다..드메템 질문있어요!,챌린저까지 진짜 코앞인데 가고싶어요,뉴비 해방이후 스펙업 방향성 검토 부탁드리겠습니다
윗잠재,1,3,1,4,2,0,0,1,0,0,직업,0.3333333333333333,0.6961648147281728,1.4201701082952625,메쌤들 제네무기 잠재 선택 도와주세요,윗잠재 어떤 걸 선택해야 할까요?,제네시스 무기 잠재 질문입니다.
유챔 sss,2,3,1,5,2,0,0,1,0,0,직업,0.3333333333333333,0.6961648147281728,1.4201701082952625,챌섭>본섭 리프 (유챔x) 헥환 상승 큰가요?,유챔 sss 노칼 깨려면 템셋 어느정도?,챌섭 챌린저 목표 겸
찍었는데요,1,3,1,4,2,0,0,1,0,0,직업,0.3333333333333333,0.6961648147281728,1.4201701082952625,챌섭 에메랄드 카레잠 어디다 쓰는게 좋은가요?,챌섭 다이아 찍었는데요 하트질문,형님들 챌섭캐릭 삭제하고싶습니다
하게,1,3,1,4,2,0,0,1,0,0,직업,0.3333333333333333,0.6961648147281728,1.4201701082952625,제가 23일에 해방을 하게 되는데,템 작 질문입니다,뉴비 복귀유저 자유전직 문의 드립니다
해주면,1,3,1,4,2,0,0,1,0,0,직업,0.3333333333333333,0.6961648147281728,1.4201701082952625,챌섭 사냥 질문,해방했으면 15퍼 여명장신구 프악작 해주면 되나요?,메린이 템셋팅질문
가늠,1,5,0,5,3,0,0,0,1,1,시세,0.2,0.582921737585396,1.41810750618278,요즘 화에큐 레전 에디 천장 얼마임?,뉴비 골클벨좀 봐주..,안녕하세요. 챌섭 뉴비 질문드립니다. 과금관련
감도,1,5,0,5,3,0,0,0,1,1,시세,0.2,0.582921737585396,1.41810750618278,메짱 친구들아 뉴비 템 견적 어디까지 됨..?,드랍템 먼저 맞출까요 스펙업을 먼저 할까요,점프 한번만 눌렀는데 두번 눌리는 버그
구매하기,1,5,0,5,3,0,0,0,1,1,시세,0.2,0.582921737585396,1.41810750618278,메린이 챌린저 이후 진로봐주실분..,챌섭 미트라 사면 너무 바가지 인가요?,스펙업 순서 질문좀여
끝날때,1,5,0,5,3,0,0,0,1,1,시세,0.2,0.582921737585396,1.41810750618278,챌섭 유입 질문 한개 해도 되겠습니까,자석펫 질문!,뉴비 유니온에 대해 궁금해요!
돌다,1,5,0,5,3,0,0,0,1,1,시세,0.2,0.582921737585396,1.41810750618278,챌섭 메린이 질문이용,복귀 유저인게 템관련 문의여,메이플 좀 켜두면 생기는 잔렉? 프레임드랍? 해결방법 있을까요..
신발 망토,2,5,0,5,3,0,0,0,1,1,시세,0.2,0.582921737585396,1.41810750618278,[질문] 복귀 유저 아버 이후 에테르넬 17성 풀셋 질문,메멘토 18성 200제로 아케인 방어구 만들어서 쓰면 되나요?,렌 템셋고민
하네요,1,5,0,5,3,0,0,0,1,1,시세,0.2,0.582921737585396,1.41810750618278,루나 크리스탈 키 평소 시세가 10억 쯤 될까요?,뉴비 스펙업 아이템 질문,렌 제네해방 윗잠 아랫잠 이대로 가면 되나요?
상당히,1,5,0,5,1,0,1,0,2,1,시세,0.4,0.5826531037066014,1.417866842534737,검마 배율 181%인데 이거 잡히는거 맞나요..?,ㄹㅇㄸ 에서 메소사면 정지 먹나요..?,메이플 글씨체 관련 질문입니다..일정부분만 글씨가 깨져요 ㅠㅠ
남아있습니다,1,6,0,7,4,0,0,1,0,1,직업,0.16666666666666666,0.45691068861009043,1.41750864761677,제네패스 코인 사용 질문,뉴비 해방이후 스펙업 방향성 검토 부탁드리겠습니다,레테 메이플 뉴비 어빌리티 재설정 질문
성능,1,6,0,6,4,0,0,1,0,1,직업,0.16666666666666666,0.45691068861009043,1.41750864761677,나중에 아버 사라질때,뉴비 유챔용 직업 키워보려는데 라라 vs 일리움 vs 배메 세개중 추천좀여,무기 질문 드립니다
알고있는데,1,6,0,6,4,0,0,1,0,1,직업,0.16666666666666666,0.45691068861009043,1.41750864761677,메린이 챌린저 달았는데 이제 세팅 뭐부터할까요?,아델 어빌,제네시스무기 잠재 질문드립니다(찐늅입니다ㅠㅠ)
어느 부위,2,6,0,6,4,0,0,1,0,1,직업,0.16666666666666666,0.45691068861009043,1.41750864761677,챌섭 유입 284 아란 100억 템셋팅 질문,282캡띤 템 진로를 모르겠습니다,챌린저까지 진짜 코앞인데 가고싶어요
유저인데요,1,6,0,6,4,0,0,1,0,1,직업,0.16666666666666666,0.45691068861009043,1.41750864761677,유니온 계정 버리고 새로 키우는게 맞을까요 조언 부탁드립니다!,드랍템 먼저 맞출까요 스펙업을 먼저 할까요,안녕하세요 시즌4 복귀 유저 본섭 카데나 세팅 조언 주실 분
있어,1,6,0,6,4,0,0,1,0,1,직업,0.16666666666666666,0.45691068861009043,1.41750864761677,본섭 깡통캐릭 유챔하는거 별로일까요?,자석펫 질문,잠재전승 질문드립니다.
준거,1,6,0,7,4,0,0,1,0,1,직업,0.16666666666666666,0.45691068861009043,1.41750864761677,만약 하버 하나를 더 주면,뉴비 챌린저까지 템세팅 질문!,응애 뉴비 이벤트링 질문있어요
하다보니,1,6,0,7,4,0,0,1,0,1,직업,0.16666666666666666,0.45691068861009043,1.41750864761677,안녕하세요 메린이인데 질문있습니다.,뉴비 검마까지 방향성 조언좀....,챌섭 보조무기 질문입니다
하드메이린 잡고,2,6,0,6,4,0,0,1,0,1,직업,0.16666666666666666,0.45691068861009043,1.41750864761677,메린이 하드메이린 목표 템셋 봐주시면 감사하겠습니다!,5테르넬..? 6테르넬..? 본캐세팅 추천 부탁드림다,첼린저섭 첼린저 찍고싶습니다 스팩업 질문드립니다
올린,1,7,0,7,2,1,1,1,0,2,퀘스트,0.14285714285714285,0.36259607419269774,1.4167194406030776,뉴비가 모험미션 질문드리겠습니다!,조각 사용처 질문합니다 ! (스펙업 관련),내일 제네무기랑 메소를 어떻게 써야할까요??
렙은,1,4,0,4,0,0,0,2,0,2,직업,0.5,0.7600351533379034,1.4163336514993936,하드 메이린 잡고 챌달고싶은데 뭘 건드려야할지 막막합니다.. ㅠㅠ,챌섭>본섭 리프 (유챔x) 헥환 상승 큰가요?,자전 질문
블래,1,4,0,4,0,0,0,2,0,2,직업,0.5,0.7600351533379034,1.4163336514993936,어려운 직업 위주로 하시는 분 있나요,250 달성의 비약 질문드려요,복귀뉴비 200레벨비약 질문이 있습니다
손에,1,4,0,4,0,0,0,2,0,2,직업,0.5,0.7600351533379034,1.4163336514993936,자전 질문,복귀 뉴비 템셋 질문,복귀뉴비 200레벨비약 질문이 있습니다
헥사 초기화,2,4,0,4,0,0,0,2,0,2,직업,0.5,0.7600351533379034,1.4163336514993936,헥사 초기화권 질문,환산주스텟 헥사스킬 순서,
선택해야,1,3,2,5,1,0,1,1,0,0,몬스터,0.3333333333333333,0.536304250100777,1.4158536701770752,아란 / 보공공 보보보 뭘 선택해야 할까요?,윗잠재 어떤 걸 선택해야 할까요?,천천히 챌 가려하는 뉴비 검마 질문
구해야하나요,1,3,1,4,0,0,1,0,0,2,몬스터,0.3333333333333333,0.6905281159169785,1.4154505957269012,뉴비 익스우 트라이 파티는 어떻게 구해야하나요?,드메 셋 질문좀,보스팟 용병 관련
바로바,1,3,1,5,0,0,1,0,0,2,몬스터,0.3333333333333333,0.6905281159169785,1.4154505957269012,헥사스탯 그냥 바로바로 강화해도 되나요?,이적자 극딜 타이밍 질문,메이린 보너스 스킬주는거 어케써야함?
여유컷,1,3,1,4,0,0,1,0,0,2,몬스터,0.3333333333333333,0.6905281159169785,1.4154505957269012,환산4만4천 하드세렌 23%남기고 타임아웃... 여유컷은???,환산주스텟 솔플여유컷 질문,메린이 주말반입니다 도와주세요
일필,1,3,1,6,0,0,1,0,0,2,몬스터,0.3333333333333333,0.6905281159169785,1.4154505957269012,배율20퍼차이나는데 딜이 똑같은데 뭐가문제일까요,노칼 최소컷 배율 질문,보스 들어가기 전에 허수치는거 일필?
하드루시드,1,3,1,4,0,0,1,0,0,2,몬스터,0.3333333333333333,0.6905281159169785,1.4154505957269012,초보 보스 공략하려면 환산주스탯 몇퍼정도부터 트라이하면 좋을까요?,스펙한번만 봐주세요 ㅠㅠ,하드루시드 생각보다 쉽네
기다리는게,1,4,1,5,0,0,0,1,1,2,시세,0.25,0.45394318693876323,1.413313557203942,님들 지금 크크장갑 사면 바보임?,하이퍼 버닝 없이 챌린저스,헥사 선데이 기다리는게 맞겠죠?
진힐라까지,1,5,0,5,1,1,0,3,0,0,직업,0.6,0.5773571918667756,1.4131223424411343,뉴비 검마까지 방향성 조언좀....,검밑솔...,지금 첼섭 시작해도 첼린저도 할수있나요?
넣어서,1,6,0,6,2,1,2,1,0,0,몬스터,0.3333333333333333,0.45215580455809773,1.4128823590495931,진힐라 노말이랑 하드 차이 큰가요?,메 뉴비 마법사(레테) 엠블럼 질문 있습니다!,"노말 세렌 여명 잘 넘기는 법 있나요,...?"
분이,1,7,0,7,4,0,1,0,1,1,몬스터,0.14285714285714285,0.3563569544655172,1.4102324982309709,뉴비 진짜 이해안가는데 챌섭매물이요,"메이플 캐릭변경, 캐시샵 튕김현상 제발 도와주세요",노칼 최소컷 배율 질문
메생 처음,2,4,0,4,3,1,0,0,0,0,퀘스트,0.25,0.7513183925402815,1.4093191088487373,초저자본 메린이 첫 제네시스 잠재 질문,무자본 하드메이린 방향 추천 부탁드립니다.,제가 어비스를 사려고 돈모으는 중인데요
부족하다면,1,4,0,4,3,1,0,0,0,0,퀘스트,0.25,0.7513183925402815,1.4093191088487373,"익스우, 노흉 목표 템 진로 질문좀요",이렇게 템셋해도 괜찮을까요?,"챌썹 몬파, 에픽던전 메포 어디까지 쓰나요?"
블랙 큐브,2,4,0,4,3,1,0,0,0,0,퀘스트,0.25,0.7513183925402815,1.4093191088487373,메린이 에디 레전 천장 어떻게 하는게 좋을까요,어제 해방한 와헌 메린이입니다 해방큐브했는데,이번 제네시스 패스 플러스로 고민이 있습니다.
자쿰,1,4,0,4,3,1,0,0,0,0,퀘스트,0.25,0.7513183925402815,1.4093191088487373,메린이 아이템 구매 질문입니다,찐 메린이 입니다... 살려주세요,제네시스 해방 퀘스트 관련 질문입니다 [메린이]
잡지,1,4,0,4,3,1,0,0,0,0,퀘스트,0.25,0.7513183925402815,1.4093191088487373,하트 업그레이드 모듈 질문있습니다,제네시스패스 너무 어려워요,챌섭 유입 질문드립니다.
남아,1,5,0,5,2,0,1,0,0,2,몬스터,0.2,0.5688526450026719,1.4055032912535088,챌섭 쌩뉴비 여러 가지 질문 드립니다 !,메린이 도움 부탁드립니다 보마 300억 템세팅,"노말 세렌 여명 잘 넘기는 법 있나요,...?"
애초,1,5,0,6,2,0,1,0,0,2,몬스터,0.2,0.5688526450026719,1.4055032912535088,아흐... 펫장비 이전 줌서에 대한 글은 많은데...,하드메이린 스펙 질문,메린이 헥사스텟 질문드립니다
이때,1,5,0,5,2,0,1,0,0,2,몬스터,0.2,0.5688526450026719,1.4055032912535088,제네플 큐브 및 카르마 큐브 사용처 질문드립니다!,"노말 세렌 여명 잘 넘기는 법 있나요,...?",진짜 메이플 고수만 오셈
하드스우,1,5,0,6,0,2,0,3,0,0,퀘스트,0.4,0.568701457363334,1.4053678453113019,하버 본캐 썬콜VS키네VS제논 (투표),진짜 진지해요 바이퍼 질문하나만 할게요 ㅜㅜ,이번 챌린저스 뉴비 입니다. 훼방퀘 흔적 질문 드립니다.
겨우,1,6,0,6,2,1,1,0,0,2,퀘스트,0.16666666666666666,0.4439915331641014,1.4049388897669834,메린이 플라즈마 하트 갖고싶어요,검마 극딜 질문,이번 모멘텀 패스 및 경험치 BM류 관련 질문입니다
글이,1,6,0,6,3,0,0,1,0,2,직업,0.16666666666666666,0.437422469515577,1.3985474859552565,메린이 에디 레전 천장 어떻게 하는게 좋을까요,오리진가속,메린이 챌린저 이후 진로봐주실분..
맞게,1,6,0,6,3,0,0,1,0,2,직업,0.16666666666666666,0.437422469515577,1.3985474859552565,루나 익스텐션 궁금합니다.,메수라이브 잠재능력 설정 질문,뉴비 듀블 레잠 질문입니다!
보는,1,6,0,6,3,0,0,1,0,2,직업,0.16666666666666666,0.437422469515577,1.3985474859552565,와헌 템셋팅 질문 드립니다.,선생님들 메린이 진로 추천 부탁드리겠습니다,5석펫 사냥 팁이 있나요
있는건,1,6,0,6,3,0,0,1,0,2,직업,0.16666666666666666,0.437422469515577,1.3985474859552565,메린이 방향성이 잘못된걸까요? 현실조언 부탁드립니다,렌 돌진기 질문,템셋 방향좀 잡아주실분 계신가요??
전체,1,6,0,6,3,0,0,1,0,2,직업,0.16666666666666666,0.437422469515577,1.3985474859552565,이번유입 템셋팅질문..!,플래닛 여기에 질문해도될까요? 뉴비 썬콜 템세팅 질문좀요 ㅠ,메이플 글씨체 관련 질문입니다..일정부분만 글씨가 깨져요 ㅠㅠ
한다면,1,6,0,6,3,0,0,1,0,2,직업,0.16666666666666666,0.437422469515577,1.3985474859552565,진로 고민 도와주세요,지금부터 시작하는 3만점 하려면,원래 명의이전을 해도 하버맥스 갱신이 안되나요?
위치,1,3,2,5,0,0,1,1,0,1,몬스터,0.3333333333333333,0.5171117613871103,1.3981659266306425,하드 카링 2인 파티배율 145% 빌드 궁금합니다,메고수님께 자석펫 위치 질문,방무는 어떤 위치의 옵션임?
찾아보면,1,5,0,5,1,0,2,2,0,0,몬스터,0.4,0.559542656107389,1.397162660872743,여명보장은 추옵 얼만큼 써야되는건가요?,보마 검마 3페 사선 피하는 법 질문입니다.,캡틴
30만원,1,5,0,6,2,0,0,0,1,2,시세,0.2,0.5594745390773943,1.397101636205989,"안녕하세요 메쌤, 메형님들 뉴비 질문 몇 가지만 해도 될까요?",엠작 질문,챌섭뉴비 과금 질문
계산기,1,5,0,6,2,0,0,0,1,2,시세,0.2,0.5594745390773943,1.397101636205989,어제 시작한 뉴비 제네패스,칠흑 아랫급에 별누르는건 요새 별로임?,엠작 질문
메이플 시작해서,2,5,0,5,2,0,0,0,1,2,시세,0.2,0.5594745390773943,1.397101636205989,제네 패스 지금사도 될까요?,메린이 하드 메이린 템셋 질문있습니다,무과금인데 매일 몬파7판?
부담,1,5,0,5,2,0,0,0,1,2,시세,0.2,0.5594745390773943,1.397101636205989,엠작 질문,1석펫 > 2석펫 / (현재 1버섯) 버섯 or 빨강이 뭐할까,헥사 코어 3 때문에 벽에 막힌거 같습니다
살려고,1,5,0,5,2,0,0,0,1,2,시세,0.2,0.5594745390773943,1.397101636205989,컴퓨터 질문,챌섭 스펙업 방향성 알려주세요..!,님들 조각 파는게 좋음?
있을거,1,5,0,5,2,0,0,0,1,2,시세,0.2,0.5594745390773943,1.397101636205989,지금 복귀타이밍 너무 늦지 않았나..,안녕하세요...메이플 시작 3주차인데..,프악공 대신에 놀긍혼 1장 바르는게 낫지 않나
본인,1,5,0,6,0,0,0,1,0,4,기타,0.8,0.5580920017665955,1.3958630490468964,본섭에 유니온 만들려는데 고민상담좀 해주십쇼..,팔라딘 파티배율 시너지 잘 아시는분,원래 명의이전을 해도 하버맥스 갱신이 안되나요?
주로,1,4,1,6,1,1,0,1,1,0,퀘스트,0.25,0.4344732298268604,1.3943876771615666,10000마리 사냥 보약 마릿수가 다음 주로 이월 되나요?,캐시는 뭐 팔아야 됨?,엠블럼 옵션 순위
횟수,1,6,0,7,4,0,1,1,0,0,몬스터,0.16666666666666666,0.4293228279522005,1.3906668985943142,뉴비 검마까지 방향성 조언좀....,아흐... 펫장비 이전 줌서에 대한 글은 많은데...,메이플 보스 파티 궁금한점
한캐릭,1,3,2,7,0,0,0,1,1,1,시세,0.3333333333333333,0.5075824330429978,1.3893837244662932,챌섭 리프 한캐릭만 가능??,챌섭 리프할때 한캐릭만 먼저 보낼수 있나요?,카데나 vs 제로
1도,1,4,0,4,2,1,0,0,0,1,퀘스트,0.25,0.7244838099970347,1.3877248115940155,그레이 트레이닝 팬츠,뉴비 해방패스,제가 어비스를 사려고 돈모으는 중인데요
1마리,1,4,0,4,2,1,0,0,0,1,퀘스트,0.25,0.7244838099970347,1.3877248115940155,메린이 서버 고민입니다,메린이 지금 약간 막막한데..,5석펫 질문
감이 안잡히네요,2,4,0,4,2,1,0,0,0,1,퀘스트,0.25,0.7244838099970347,1.3877248115940155,하이퍼버닝 캐릭 삭제 고민,힘 여명 30퍼 깡통 35억 즈음이면 비쌀까요?,메짱형님들 템세팅 봐주세요~!
노말 루시드,2,4,0,4,2,1,0,0,0,1,퀘스트,0.25,0.7244838099970347,1.3877248115940155,헥환 4.5 이후 템셋팅 질문.,챌섭 메린이 에메랄드까지 목표잡았는데...,제네패스 해방 날짜 메린이 질문드립니다!
이카,1,4,0,4,2,1,0,0,0,1,퀘스트,0.25,0.7244838099970347,1.3877248115940155,제네시스 코인 투자처 질문,이지 벨로나 아스트라흔적 몇 개 일까요?,형들 챌섭 챌린저 기준
했거든요,1,4,0,4,2,1,0,0,0,1,퀘스트,0.25,0.7244838099970347,1.3877248115940155,에테 윗잠 33% 숄더 리턴작 할까요?,아버 끝나고 방어구,검밑솔...
깨는,1,5,0,5,0,0,2,2,0,1,몬스터,0.4,0.5489148451632663,1.3876414204245946,진짜 진지해요 바이퍼 질문하나만 할게요 ㅜㅜ,친구계정 레잠 쓰는것도 정지되나요?,뉴비 환산주스탯 보스 배율
이럴때,1,4,1,5,1,0,1,0,1,1,몬스터,0.25,0.42706959182721443,1.3871909296878495,서버이동 질문입니다 선배님들 도와주세요,메이플 옥션 메포머임?,뉴비 사고쳤는데 이럴때 어떻게해요 ? (보스 보상)
6월,1,6,0,6,0,1,1,0,0,4,퀘스트,0.16666666666666666,0.4253700721171912,1.386821044746273,마네킹 오류,6월에 검마 잡았는데 7월1일 검마흔적,검마 잡을 수 있는 날짜가 따로 있음?
1000개,1,3,0,3,3,0,0,0,0,0,아이템,1.0,1.0,1.3862943611198906,울티마 앱솔랩스 아처후드,스펙업 방향성 여쭤보고 싶습니다,메린이 헥환6만까지 스펙업 계획 좀 봐주세요
10년만에,1,3,0,3,3,0,0,0,0,0,아이템,1.0,1.0,1.3862943611198906,뉴비 50억으로 뭐해야 할 까요 ?,원본 초롱나비 로이드 얼마인가요?,
120급,1,3,0,3,3,0,0,0,0,0,아이템,1.0,1.0,1.3862943611198906,여명보장은 추옵 얼만큼 써야되는건가요?,메이린 배율관련 질문드립니다 저 진짜 정리 잘해놨어요 함만 봐주세요 ㅠㅠ,챌섭 누비 검환불 질문좀용
1500개,1,3,0,3,3,0,0,0,0,0,아이템,1.0,1.0,1.3862943611198906,대적자코인 사용처 질문,제네패스 코인 사용 질문,메린이 헥환6만까지 스펙업 계획 좀 봐주세요
150억정도,1,3,0,3,3,0,0,0,0,0,아이템,1.0,1.0,1.3862943611198906,메린이 템진단 한번부탁드립니다.,갑자기 메소가 생겼는데 챌섭 뉴비 템세팅 질문입니다,미라클 관련 질문 !
15성,1,3,0,3,3,0,0,0,0,0,아이템,1.0,1.0,1.3862943611198906,도미 너무 비싼데 대체할만한거있나요?,쀼부캐 골클벨 17성 깡통을 사야하나요 15or18퍼 사야하나요?,보마 스팩업 질문 (하드 메이린)
15시간,1,3,0,4,0,0,0,0,0,3,기타,1.0,1.0,1.3862943611198906,울티마 40렙부터 경험치 올리기 빡센게 맞는거죠?,PC방 자석펫 질문,지피방? 원격피시방? 질문있습니다
15퍼 아랫잠,2,3,0,4,3,0,0,0,0,0,아이템,1.0,1.0,1.3862943611198906,챌섭 뉴비 하드메이린 잡고싶은데 스펙업 질문,챌섭 블큐 화에큐 사용처 및 챌 달성 질문,가엔링이랑 데브팬 작 질문있어요
17성 스타포스,2,3,0,3,3,0,0,0,0,0,아이템,1.0,1.0,1.3862943611198906,여명셋 하나만 사야한다면 뭐를 살까요?,블빈마 어케 하나요?,메린이질문있습니다
17성으로,1,3,0,4,3,0,0,0,0,0,아이템,1.0,1.0,1.3862943611198906,환산주스탯 스펙업 질문,챌섭뉴비 칠흑이 사고싶어요,뉴비 챌섭 아이템 세팅 도와주세요
17퍼,1,3,0,3,3,0,0,0,0,0,아이템,1.0,1.0,1.3862943611198906,제네 플러스 코인 뭐돌릴까요?,"방어구, 장신구 템셋 훈수 부탁드립니다 (글삭X)",흙테르넬 질문
18도미,1,3,0,3,3,0,0,0,0,0,아이템,1.0,1.0,1.3862943611198906,메린이 스펙업 방향성 질문드립니다,뉴비 챌린저까지 템세팅 질문!,메린이 하드메이린킬 위한 스펙업 조언부탁드려요
18성 스타포스,2,3,0,3,3,0,0,0,0,0,아이템,1.0,1.0,1.3862943611198906,뉴비 아버 템 대체질문,에테 장갑을 만들었었는데 방어구 템셋을,샤타 때 이렇게 템 맞추면 될까?
18성 아케인,2,3,0,3,3,0,0,0,0,0,아이템,1.0,1.0,1.3862943611198906,템 가성비 셋팅 질문,다음 스펙업을 뭐 하는게 나으려나요??,챌섭 유입 메린이 템 진단좀 부탁드려요
18성에서,1,3,0,4,3,0,0,0,0,0,아이템,1.0,1.0,1.3862943611198906,에테 스타포스 할만한지 아니면 사먹는게 나은지 궁금합니다.,메린이 토드(장비전승) 간단 질문이용,스타포스 파괴방지 질문이요
18억,1,3,0,3,3,0,0,0,0,0,아이템,1.0,1.0,1.3862943611198906,메린이 도움!!,메린이 여기서 막힘..도와주세여,뉴비 챌섭 레잠 사용처 및 미래 템세팅 조언 부탁드립니다
18여명,1,3,0,5,3,0,0,0,0,0,아이템,1.0,1.0,1.3862943611198906,진로 고민 도와주세요,렌 스펙업 도움 부탁드려도 될까요?,형들 작년렌유입 복귀하려는데 템세팅조언좀
19렙,1,3,0,3,0,0,0,0,0,3,기타,1.0,1.0,1.3862943611198906,안녕하세요 뉴비 검마 질문드려요,본캐 / 챌섭 부캐 투자우선권 질문입니다.,메초보)) 아케인심볼관련 질문입니다.
1만,1,3,0,4,0,0,0,0,0,3,기타,1.0,1.0,1.3862943611198906,메포 1만원 때문에 현질했습니다..,메린이 헥사스텟 질문드립니다,블루베리 농장 마리수 얼마나됨?
1번만,1,3,0,3,0,0,0,0,0,3,기타,1.0,1.0,1.3862943611198906,이메일 변환 명의이전 질문 잘아시는분만,카유잠 잘못샀는데 방법 없나요,
1차목표는,1,3,0,3,3,0,0,0,0,0,아이템,1.0,1.0,1.3862943611198906,갓 2억단 뉴비 다음 스펙업 추천 부탁드립니다.,18아케인에서 스팩업 질문,다음 스펙업 진로(?) 추천부탁드립니당
1추옵,1,3,0,3,3,0,0,0,0,0,아이템,1.0,1.0,1.3862943611198906,메린 제네 직작 질문이요!! 드디어 제네 해방이네요...ㅠ,무기 2추옵+18%인데 더돌려야하나요?,해방무기 이대로 괜찮을까요??
1회 교환,2,3,0,4,3,0,0,0,0,0,아이템,1.0,1.0,1.3862943611198906,첼섭 구 마라벨 헤어 질문,자섯펫 무한 교환 임?,메린이 드메템 질문이요!
200억이,1,3,0,3,3,0,0,0,0,0,아이템,1.0,1.0,1.3862943611198906,스펙업 질문!,챌섭 하드메이린 최소컷만큼 템셋 질문이요,법사 선배님들 템진로 도와주시면 감사하겠습니다
21퍼를,1,3,0,3,3,0,0,0,0,0,아이템,1.0,1.0,1.3862943611198906,헥환 8만 목표 과금 어느정도 해야할까요?,뉴비 카레잠 소모처 질문,이번 미라클때 미트라 등업 어캐생각하시나요
22성 레에,2,3,0,3,3,0,0,0,0,0,아이템,1.0,1.0,1.3862943611198906,헥환 8만 목표 과금 어느정도 해야할까요?,메짱 친구들아 뉴비 템 견적 어디까지 됨..?,본섭 7만 중후반 주차 후 챌섭 갈아타는 게 맞을까요?
22에테,1,3,0,3,3,0,0,0,0,0,아이템,1.0,1.0,1.3862943611198906,선생님들 헥사환산 몇을 목표로 잡아야할까요?,18아케인에서 스팩업 질문,템 셋팅 질문드립니다!!
230억,1,3,0,4,3,0,0,0,0,0,아이템,1.0,1.0,1.3862943611198906,템 가격이 이상해요,이카돌이 방어구 세팅 괜춚?,메린이 헥환6만까지 스펙업 계획 좀 봐주세요
24퍼는,1,3,0,4,3,0,0,0,0,0,아이템,1.0,1.0,1.3862943611198906,메쌤들 반지 질문있습니다!,아이템 드롭율,루컨마 직작질문좀!!
2500개,1,3,0,3,3,0,0,0,0,0,아이템,1.0,1.0,1.3862943611198906,메린이 스펙업 뭐해야할까요..,대적자 코인 어디에 써야 하나요?,여러분이라면 뭐부터 돌림?
2개는,1,3,0,4,3,0,0,0,0,0,아이템,1.0,1.0,1.3862943611198906,이벤링 잠재 질문,이벤링 아드템으로 끼고싶은데 도와주세요 ㅠ,엠블럼 옵션 순위
2줄이,1,3,0,3,3,0,0,0,0,0,아이템,1.0,1.0,1.3862943611198906,메짱 친구들아 뉴비 템 견적 어디까지 됨..?,챌섭 하드메이린 최소컷만큼 템셋 질문이요,잠재옵션 어떤걸 뽑아야하나요? 뉴비 도와주세요..ㅠ
30퍼로,1,3,0,3,3,0,0,0,0,0,아이템,1.0,1.0,1.3862943611198906,헥환 8만 목표 과금 어느정도 해야할까요?,블빈마 어케 하나요?,뉴비 페어리하트작 질문있습니다
36억,1,3,0,3,3,0,0,0,0,0,아이템,1.0,1.0,1.3862943611198906,메쌤들 반지 질문있습니다!,미트라 이정도면 비싼건가요?,
3만점으로,1,3,0,3,3,0,0,0,0,0,아이템,1.0,1.0,1.3862943611198906,메린이 레전 잠재 질문,찐뉴비 앞으로 방향성 궁금합니당ㅠ,
3세트,1,3,0,3,3,0,0,0,0,0,아이템,1.0,1.0,1.3862943611198906,소멸의 여로 세트 효과 누리면서 코디는 기본 아이템 보이게 하는 법,캐시 잘 못 수령했는데 ㅜㅜ,
3장,1,3,0,3,3,0,0,0,0,0,아이템,1.0,1.0,1.3862943611198906,아버 끝나고 방어구,뉴비 챌섭 레잠 사용처 및 미래 템세팅 조언 부탁드립니다,급해여ㅠ 가엔링 프악공 vs 놀긍떡작
3주,1,3,0,3,3,0,0,0,0,0,아이템,1.0,1.0,1.3862943611198906,챌섭 거공 vs 드메템 고민 중입니다,챌섭 육성중에 레전 큐브 질문 드려요!,챌섭 챌린저 진로 상담부탁드립니다!
3줄 요약,2,3,0,3,3,0,0,0,0,0,아이템,1.0,1.0,1.3862943611198906,챌섭 챌린저 목표 템셋팅 관련 질문입니다.,"에디 레전 천장 60개 남았는데, 진로 조언 부탁드립니다!",장문)챌섭에서 본캐 레테하고 있는 유저인데 템셋팅 고민입니다.
3줄 저격,2,3,0,3,3,0,0,0,0,0,아이템,1.0,1.0,1.3862943611198906,제네패스 plus 코인들 어따 쓸가요,챌섭 스펙업 방향성 알려주세요..!,다음주 제네플 세렌 열리면
4000개,1,3,0,3,3,0,0,0,0,0,아이템,1.0,1.0,1.3862943611198906,제네 무기 대적자 코인 질문,메린 제네 직작 질문이요!! 드디어 제네 해방이네요...ㅠ,해방무기 작 하는 거 질문
40개정도,1,3,0,3,3,0,0,0,0,0,아이템,1.0,1.0,1.3862943611198906,제네무기vs미트라 미라클때 등업 머할까요,미트라 에디 여기서 멈추는게 나을까여??,메린이 미라클 엠블렘 질문 있습니다
40억으로,1,3,0,4,3,0,0,0,0,0,아이템,1.0,1.0,1.3862943611198906,뉴비 내일 이면 제네무기 얻는데 에디셔널 문의,하드세렌 목표인데 이정도 보조는 더돌려야하나요?,
4렙을,1,3,0,3,3,0,0,0,0,0,아이템,1.0,1.0,1.3862943611198906,뉴비 해방이후 스펙업 방향성 검토 부탁드리겠습니다,메린이 레테 템셋팅 훈수 부탁드립니다..,챌섭 레테 시드링 질문입니다.
4여명을,1,3,0,3,3,0,0,0,0,0,아이템,1.0,1.0,1.3862943611198906,4여명 가는게 맞을까요?,장문)챌섭에서 본캐 레테하고 있는 유저인데 템셋팅 고민입니다.,레전 잠재 하트 말고 어디에 쓸까요?
50억 메소,2,3,0,3,3,0,0,0,0,0,아이템,1.0,1.0,1.3862943611198906,초저자본 메린이 첫 제네시스 잠재 질문,뉴비 50억으로 뭐해야 할 까요 ?,해방무기 남은 큐브 질문
50억에,1,3,0,3,3,0,0,0,0,0,아이템,1.0,1.0,1.3862943611198906,다음아이템 뭐바꿀지 추천해주는사이트 이런건없어??,미트라 질문,선생님들 복귀 뉴비 템진로 조언 부탁드립니다.
5앱,1,3,0,3,3,0,0,0,0,0,아이템,1.0,1.0,1.3862943611198906,헥환 7만 중반 ~ 8만 목표 레테 템세팅 조언 부탁드립니다.,챌섭 보상 250 레테 딸깍 했는데 템 세팅 추천 좀 부탁합니다,템세팅 질문(무자본)
6.5,1,3,0,3,3,0,0,0,0,0,아이템,1.0,1.0,1.3862943611198906,뉴비 내일 이면 제네무기 얻는데 에디셔널 문의,작을 새로 해주는게 나을까요?,300억 템셋팅 도와주세요
60만원,1,3,0,3,0,0,0,0,0,3,기타,1.0,1.0,1.3862943611198906,mvp 레드만 유지하고 블랙으로 가긴 싫은데 질문있습니다,챌섭뉴비 과금 질문,MVP 유지 기간이 궁금합니다 !
7퍼,1,3,0,3,3,0,0,0,0,0,아이템,1.0,1.0,1.3862943611198906,메고수 형님들 해방무기 질문입니다!!,얼굴장식 토드,22성 에테 뚝배기 공6리턴 완작 질문드립니다
7회,1,3,0,3,0,0,0,0,0,3,기타,1.0,1.0,1.3862943611198906,MVP 레드 달아주는게 좋을까요?,경험치 bm 문의드려요,내 상황에서 레드 유지를 할까 말까 고민중인데
AMD Ryzen,2,3,0,3,0,0,0,0,0,3,기타,1.0,1.0,1.3862943611198906,메이플 초고사양겜이네,메이플 좀 켜두면 생기는 잔렉? 프레임드랍? 해결방법 있을까요..,윈10 프리징? 해결방법 아시는분..ㅠㅜ
EXP패스,1,3,0,3,0,0,0,0,0,3,기타,1.0,1.0,1.3862943611198906,복귀한지 하루차인데 패스 구매해도 상관없을까요?,챌린저스 패스 물품들 본섭리프할때 가져갈수있나요?,
NVIDIA,1,3,0,3,0,0,0,0,0,3,기타,1.0,1.0,1.3862943611198906,메이플 좀 켜두면 생기는 잔렉? 프레임드랍? 해결방법 있을까요..,윈10 프리징? 해결방법 아시는분..ㅠㅜ,그래픽카드 변경 후 보스전 렉 심합니다
Q1,1,3,0,3,3,0,0,0,0,0,아이템,1.0,1.0,1.3862943611198906,헥환 7만 중반 ~ 8만 목표 레테 템세팅 조언 부탁드립니다.,에디에픽 토드 비용 1억 메소 사용할만 한가?,템 진로 찐 최종 확인 제발 부탁드립니다
Q2,1,3,0,3,3,0,0,0,0,0,아이템,1.0,1.0,1.3862943611198906,헥환 7만 중반 ~ 8만 목표 레테 템세팅 조언 부탁드립니다.,에디에픽 토드 비용 1억 메소 사용할만 한가?,템 진로 찐 최종 확인 제발 부탁드립니다
RTX,1,3,0,3,0,0,0,0,0,3,기타,1.0,1.0,1.3862943611198906,메이플 초고사양겜이네,메이플 좀 켜두면 생기는 잔렉? 프레임드랍? 해결방법 있을까요..,윈10 프리징? 해결방법 아시는분..ㅠㅜ
Ryzen,1,3,0,3,0,0,0,0,0,3,기타,1.0,1.0,1.3862943611198906,메이플 초고사양겜이네,메이플 좀 켜두면 생기는 잔렉? 프레임드랍? 해결방법 있을까요..,윈10 프리징? 해결방법 아시는분..ㅠㅜ
SSD,1,3,0,3,0,0,0,0,0,3,기타,1.0,1.0,1.3862943611198906,메이플 좀 켜두면 생기는 잔렉? 프레임드랍? 해결방법 있을까요..,안녕하세요 컴퓨터 질문있어요,윈10 프리징? 해결방법 아시는분..ㅠㅜ
mvp레드,1,3,0,3,0,0,0,0,0,3,기타,1.0,1.0,1.3862943611198906,mvp 레드만 유지하고 블랙으로 가긴 싫은데 질문있습니다,이번달에 바로 150만원 질러서 MPV 레드 달성했는데요,여기서 더 먹는 도핑있나요?
or 18성,2,3,0,3,3,0,0,0,0,0,아이템,1.0,1.0,1.3862943611198906,첫해방 뉴비 렌 템진단 부탁드려요 하드메이린 잡고싶어요,장문)챌섭에서 본캐 레테하고 있는 유저인데 템셋팅 고민입니다.,200 카르마 레전잠재 거공에 발라두되여?
가격 거품,2,3,0,3,3,0,0,0,0,0,아이템,1.0,1.0,1.3862943611198906,챌섭 챌린저 목표 겸,무자본 메제유저 스펙업 훈수좀 부탁드립니다. (스펙상세첨부,챌섭 메린이 듀블 템셋팅 질문있습니다
가격 차이,2,3,0,3,3,0,0,0,0,0,아이템,1.0,1.0,1.3862943611198906,"보조무기 보공40,35 차이가 큰가요??",칠흑 드드 거공 사도 되나요..? (메린이),미트라가 압도적으로 지지받는 이유가 뭔지 알 수 있을까요?
가격차,1,3,0,3,3,0,0,0,0,0,아이템,1.0,1.0,1.3862943611198906,레테 보조 뭐가더 나은지 봐주세용,분자벨 가격 질문이요!,챌섭 메린이 파풀마 대신 블빈마를 사버렸습니다..망한건가요?
가려져서,1,3,0,3,0,0,3,0,0,0,몬스터,1.0,1.0,1.3862943611198906,메쌤들 혹시 대적자 3페 분신 잘 보이게 하는 설정 있나요 ?,검마 연습중인데 2페 권능 때 암흑 걸리면 무적 필수임?,
가버려서,1,3,0,3,3,0,0,0,0,0,아이템,1.0,1.0,1.3862943611198906,미라클 어디에 질러야 할까요?,메린이 진로 도와주시면 감사하겄슴다,에테르넬 이런 템은 얼마정도에 팔아야할까요?
가야하는지,1,3,0,3,3,0,0,0,0,0,아이템,1.0,1.0,1.3862943611198906,와헌 템셋팅 질문 드립니다.,9000만 캡틴 스펙업 어떻게 해야할까요,에스텔라 마이링 오글링 메짱의 선택은 뭘까요?
가엔링 18성,2,3,0,3,3,0,0,0,0,0,아이템,1.0,1.0,1.3862943611198906,햄들 스펙업 조언좀 부탁드림다...,장문)챌섭에서 본캐 레테하고 있는 유저인데 템셋팅 고민입니다.,샤타 및 스펙업 조언좀
가정한다면,1,3,0,3,0,0,3,0,0,0,몬스터,1.0,1.0,1.3862943611198906,검마 제네패스로 120배율인데,돈 투자해서 하드 메이린 잡을만 한가요?,
가지고 있던,2,3,0,3,3,0,0,0,0,0,아이템,1.0,1.0,1.3862943611198906,화에큐 어디에 쓰면 좋을지 도와주세요 ㅠ,이거 아랫잠 노려도 되나요?,메린이 미라클에 메소 다 박았는데 조언좀..
갈피,1,3,0,3,3,0,0,0,0,0,아이템,1.0,1.0,1.3862943611198906,챌섭 유입 블래스터 챌린저 템세팅 질문드려요,이번에 첫챌섭 시작한 뉴비 해방이후에 템세팅이 궁금해요 ㅇㅅㅠ,메린이 레테 챌섭 이번 미라클 스펙업 방향 일려주세요!
감사드리겠습니다 이미지,2,3,0,3,3,0,0,0,0,0,아이템,1.0,1.0,1.3862943611198906,4만 복귀 카이저 메린이,다음주 하드메이린을 위한 칠흑 고민,챌섭 유입 메린이 템 진단좀 부탁드려요
같은 현상,2,3,0,3,0,0,0,0,0,3,기타,1.0,1.0,1.3862943611198906,"메이플 캐릭변경, 캐시샵 튕김현상 제발 도와주세요",윈10 프리징? 해결방법 아시는분..ㅠㅜ,렉 끊김현상 도와주실분..
같은건,1,3,0,3,3,0,0,0,0,0,아이템,1.0,1.0,1.3862943611198906,카르마 블랙큐브 화이트큐브 사용처,메쌤들 질문점,메린이 커플 템진로좀 잡아주세요 ㅜㅜ
거기다,1,3,0,3,3,0,0,0,0,0,아이템,1.0,1.0,1.3862943611198906,뉴비 스펙업 진로 고민있어요,제네시스 해방은 했는데..,데아시두스 vs 에스텔라
거는,1,3,0,3,0,0,0,0,0,3,기타,1.0,1.0,1.3862943611198906,챌섭 쌩뉴비 여러 가지 질문 드립니다 !,1석펫 > 2석펫 / (현재 1버섯) 버섯 or 빨강이 뭐할까,뉴비 이거 오리진 버그인가요???
게임 처음,2,3,0,3,0,0,0,0,0,3,기타,1.0,1.0,1.3862943611198906,컴고수 선생님들 게임이 계속 멈춥니다,컴고수님들 메린이 게임 멈춤 질문드립니다,뉴비 질문있슴다
견장 신발,2,3,0,3,3,0,0,0,0,0,아이템,1.0,1.0,1.3862943611198906,렌 템셋고민,메린이 헥환6만까지 스펙업 계획 좀 봐주세요,형들 작년렌유입 복귀하려는데 템세팅조언좀
겸사겸사,1,3,0,3,3,0,0,0,0,0,아이템,1.0,1.0,1.3862943611198906,미라클 타임.. 엠블 vs 하트,메린이 메획 + 주스텟 18 or 21퍼 어떰??,
계시면,1,3,0,3,0,0,0,0,0,3,기타,1.0,1.0,1.3862943611198906,해외에서 메이플 하시는 분들 pc방,챌린저스 패스 물품들 본섭리프할때 가져갈수있나요?,
계획대,1,3,0,3,3,0,0,0,0,0,아이템,1.0,1.0,1.3862943611198906,스펙업 질문,메린이 여기서 막힘..도와주세여,뉴비 챌섭 레잠 사용처 및 미래 템세팅 조언 부탁드립니다
고근 거공,2,3,0,3,3,0,0,0,0,0,아이템,1.0,1.0,1.3862943611198906,메고수 형님들 템 진로좀 봐주십쇼,4여명 5칠흑으로 7~8만 될까요?,마도서vs노작잡레전고근
고려중입니다,1,3,0,3,3,0,0,0,0,0,아이템,1.0,1.0,1.3862943611198906,환산 7.8 헥환 7만 진로질문드립니다!,헥환 7~9만 템셋 비용 얼마나 될까요? (궁수),이번 챌섭복귀유저입니다. 드메템 관련 질문드립니다.
고민되서,1,3,0,3,3,0,0,0,0,0,아이템,1.0,1.0,1.3862943611198906,앞으로의 제네무기 이벤트 재화를 어디에 사용해야할까요,뉴비 챌섭 레잠 사용처 및 미래 템세팅 조언 부탁드립니다,뉴비 18에테 질문있습니다
고민중인데 둘다,2,3,0,3,3,0,0,0,0,0,아이템,1.0,1.0,1.3862943611198906,카레잠 어디에 바르는게 좋을까요?,메린이 커플 템진로좀 잡아주세요 ㅜㅜ,
골라야,1,3,0,4,3,0,0,0,0,0,아이템,1.0,1.0,1.3862943611198906,메짱분들 질문..,해방무기 추옵 질문있습니다,윗잠재 어떤 걸 선택해야 할까요?
곳에,1,3,0,3,3,0,0,0,0,0,아이템,1.0,1.0,1.3862943611198906,뉴비) 첫 해방 무기 세팅 방법 좀 알 수 잇을까요?!,성님들 하드 메이린 목표하는 메린이 봐주십시오.,챌섭 뉴비.. 가고 있는 방향이 제대로 된 건지 모르겠어요
공15,1,3,0,3,3,0,0,0,0,0,아이템,1.0,1.0,1.3862943611198906,유챔 하드 세렌급 보조 스펙 질문 있습니다!,대적자 큐브 질문,챌섭 메이린 제가 템셋 뭐 잘못한건가요? 아님 좀 빡센건가요?
공18퍼,1,3,0,3,3,0,0,0,0,0,아이템,1.0,1.0,1.3862943611198906,환산 7.8 헥환 7만 진로질문드립니다!,복귀 유저 해방전 아케인 무기좀,보조 살지말지 고민
공24,1,3,0,3,3,0,0,0,0,0,아이템,1.0,1.0,1.3862943611198906,궁수 미트라 옵션,챌섭 메이린 제가 템셋 뭐 잘못한건가요? 아님 좀 빡센건가요?,메린이 엠블 잠재 옵션 질문 드려요!
공30,1,3,0,4,3,0,0,0,0,0,아이템,1.0,1.0,1.3862943611198906,미트라 갈아타기 질문점요,환산 7.8 헥환 7만 진로질문드립니다!,뉴비 대적자 코인 사용처 질문
공6 쓰고,2,3,0,3,3,0,0,0,0,0,아이템,1.0,1.0,1.3862943611198906,미라클 어디에 질러야 할까요?,요즘 교가 보조무기 에픽은 어떻게 올리나요?,챌섭 노말 진힐라 잡기 위해 쌍레구매?
공두줄,1,3,0,3,3,0,0,0,0,0,아이템,1.0,1.0,1.3862943611198906,메린이 제네무기 상담,아란 제네무기,복귀늅 템 질문
공지,1,3,0,3,0,0,0,0,0,3,기타,1.0,1.0,1.3862943611198906,[사전월드리프] 여러 서버로 이동 불가 관련 문구 문제,메애기 환산 검색관련질문(추적),혹시 인벤에 템 판매글 작성해도 되나요?
괜찮다,1,3,0,3,3,0,0,0,0,0,아이템,1.0,1.0,1.3862943611198906,익스우 솔플 템셋하려면 다 갈아엎어야하져?,보마 보조 질문,미라클때 칠흑있는거 유니크보내는거 괜찮나요
괜찮은거,1,3,0,3,3,0,0,0,0,0,아이템,1.0,1.0,1.3862943611198906,여명셋 질문 있습니다!,해방무기 훈수 부탁드립니다,급해여ㅠ 가엔링 프악공 vs 놀긍떡작
괜찮을까요 목표,2,3,0,3,3,0,0,0,0,0,아이템,1.0,1.0,1.3862943611198906,이렇게 템셋해도 괜찮을까요?,템세팅 질문,
괜찮을까요 목표 일단,3,3,0,3,3,0,0,0,0,0,아이템,1.0,1.0,1.3862943611198906,이렇게 템셋해도 괜찮을까요?,템세팅 질문,
교체할,1,3,0,3,3,0,0,0,0,0,아이템,1.0,1.0,1.3862943611198906,환산 7.8 헥환 7만 진로질문드립니다!,메린이입니다. 훈수를 부탁합니다.,2년만에 복귀했는데 템세팅 조언 부탁드립니다.
구매할지,1,3,0,3,3,0,0,0,0,0,아이템,1.0,1.0,1.3862943611198906,8만대 목표 템세팅 질문,뉴비 내일 이면 제네무기 얻는데 에디셔널 문의,뉴비 챌섭 자석펫 팔기 vs 쓰기
구하고싶습니다,1,3,0,3,3,0,0,0,0,0,아이템,1.0,1.0,1.3862943611198906,본캐 옮길려고 하는데 템을 팔아야할지 고민됩니다.,챌섭 메린이 메소로 어떤스펙업 먼저하나요??,
귀걸이,1,3,0,3,3,0,0,0,0,0,아이템,1.0,1.0,1.3862943611198906,스펙업 방향성 여쭤보고 싶습니다,이후 템셋진로고민입니다,챌섭 템 셋만 더 세팅하려 하는데 어떤 부위를 직작해야 할까요?
그동안,1,3,0,3,0,0,0,0,0,3,기타,1.0,1.0,1.3862943611198906,발드 3페만가면 팅기는데 해결방안 잇을까요?,챌린저스 패스 물품들 본섭리프할때 가져갈수있나요?,
그외,1,3,0,3,3,0,0,0,0,0,아이템,1.0,1.0,1.3862943611198906,"방어구, 장신구 템셋 훈수 부탁드립니다 (글삭X)",템셋이나 스펙업가이드 알려주세요..,낼 해방인데 대적자코인 맞는 사용법은 뭘까요
글삭,1,3,0,3,0,0,0,0,0,3,기타,1.0,1.0,1.3862943611198906,챌섭 리프 관련 질문글,서버이동 질문입니다 선배님들 도와주세요,아직도 본캐를 못정한 유저 조언부탁드립니다
기간동안,1,3,0,3,3,0,0,0,0,0,아이템,1.0,1.0,1.3862943611198906,챌섭 하드메이린 최소컷만큼 템셋 질문이요,챌섭 챌린저 목표 겸,챌섭 소과금유저 칠흑 세팅 질문
기수,1,3,0,4,3,0,0,0,0,0,아이템,1.0,1.0,1.3862943611198906,뉴비 챌섭 자석펫 팔기 vs 쓰기,팻장비를 어쩌지,뉴비 자석펫 질문
깡미트라,1,3,0,3,3,0,0,0,0,0,아이템,1.0,1.0,1.3862943611198906,카레잠 사용처 추천좀요,내일 제네무기랑 메소를 어떻게 써야할까요??,카레잠을 팔아서 보조를 사야할까요??
깡미트라 사서,2,3,0,3,3,0,0,0,0,0,아이템,1.0,1.0,1.3862943611198906,카레잠 사용처 추천좀요,내일 제네무기랑 메소를 어떻게 써야할까요??,카레잠을 팔아서 보조를 사야할까요??
깡통사서,1,3,0,3,3,0,0,0,0,0,아이템,1.0,1.0,1.3862943611198906,챌섭 템진로 선택 질문드립니다!,메린이 드메템 질문,챌섭 복귀 메린이 질문 부탁드립니다..
끝에,1,3,0,3,0,0,3,0,0,0,몬스터,1.0,1.0,1.3862943611198906,검마 3페 질문,검마 연습중인데 2페 권능 때 암흑 걸리면 무적 필수임?,
끼고있,1,3,0,3,3,0,0,0,0,0,아이템,1.0,1.0,1.3862943611198906,챌섭 에테 장갑 어떻게 해야할지 모르겠어요....,챌섭 부캐 에디 레전 천장 사용처 질문,240억 정도 써서 보조를 살지 아님 칠흑 4셋을 할지 고민입니다
끼는게,1,3,0,4,3,0,0,0,0,0,아이템,1.0,1.0,1.3862943611198906,5초 카룻뚝 +에테상하의,뉴비 챌섭 아이템 세팅 도와주세요,뉴비 마깃안 먹었는데 팔면 되나요?
나머지 방어구,2,3,0,3,3,0,0,0,0,0,아이템,1.0,1.0,1.3862943611198906,뉴비 주보캐 템 질문좀 받아주실분,단계적 스펙업은 어떻게 하는 건가요??,아이템 순서 맞추는 법좀 알려주세요..
나머지 보장,2,3,0,3,3,0,0,0,0,0,아이템,1.0,1.0,1.3862943611198906,메린이 챌린저 달았는데 이제 세팅 뭐부터할까요?,이번유입 템셋팅질문..!,앞으로의 방향
나머지 아케인,2,3,0,3,3,0,0,0,0,0,아이템,1.0,1.0,1.3862943611198906,4여명 5칠흑으로 7~8만 될까요?,불독 템 셋팅 나름대로 생각해봤는데 어떤가요?,템 진로 질문..
나중 연모,2,3,0,3,0,3,0,0,0,0,퀘스트,1.0,1.0,1.3862943611198906,오늘 검마 솔격으로 잡아야 되는건가요?,해방 어둠의 흔적 질문,
남았어요,1,3,0,3,3,0,0,0,0,0,아이템,1.0,1.0,1.3862943611198906,챌섭 하드메이린 최소컷만큼 템셋 질문이요,첫해방 메린이 제네시스무기 도와주세요ㅜㅜ,제네패스 플러스 코인 사용처
남은 코인,2,3,0,3,3,0,0,0,0,0,아이템,1.0,1.0,1.3862943611198906,남은 대적자 코인 어디에 터는게 정배일까요,챌썹 코인 사용처?,렌 스펙업 도움 부탁드려도 될까요?
노가다,1,3,0,3,0,0,0,0,0,3,기타,1.0,1.0,1.3862943611198906,실수로 어빌리티 잘못돌려버렸어요..,안녕하세요...메이플 시작 3주차인데..,"메린이, 메복이 궁금증들 해소해주라"
노리는게 맞을까요,2,3,0,6,3,0,0,0,0,0,아이템,1.0,1.0,1.3862943611198906,대적자 큐브 질문,아란 제네무기,해방이랑 미트라 잠재 뭐부터 돌려야 할까요?
노린다,1,3,0,5,3,0,0,0,0,0,아이템,1.0,1.0,1.3862943611198906,메짱 성님들 챌섭 제네 진로점영,제네패스 플러스 재화를 어디에 투자해야할까요?,해방무기 작 하는 거 질문
노적자까지,1,3,0,3,3,0,0,0,0,0,아이템,1.0,1.0,1.3862943611198906,똥블렘 언제까지 써야하나요? 투자를 좀 해서...,선생님들이라면 이 예전 미해방 본캐 어케 처리하실건가요?,이렇게 템셋해도 괜찮을까요?
노칼까지,1,3,0,3,3,0,0,0,0,0,아이템,1.0,1.0,1.3862943611198906,유챔 sss 노칼 깨려면 템셋 어느정도?,하세유챔 방어구 질문,대적자의 큐브 어디부터 사용하는게 나을까요 ㅠ
놓은,1,3,0,5,3,0,0,0,0,0,아이템,1.0,1.0,1.3862943611198906,메린이 템셋 조언 부탁드립니다.,메짱 성님들 챌섭 제네 진로점영,챌섭 복귀유저 렌 스펙업 훈수 부탁드립니다.
눈장식 벨트,2,3,0,3,3,0,0,0,0,0,아이템,1.0,1.0,1.3862943611198906,템세팅 진로 질문드립니다,하드 메이린까지 스펙업 질문,카유잠
다른 이유,2,3,0,3,0,0,0,3,0,0,직업,1.0,1.0,1.3862943611198906,레테 극딜 순서 질문,환산주스텟 헥사스킬 순서,
다시 복귀한,2,3,0,3,3,0,0,0,0,0,아이템,1.0,1.0,1.3862943611198906,챌섭 유입 템세팅 조언 질문드려요!,안녕하세요 시즌4 복귀 유저 본섭 카데나 세팅 조언 주실 분,헥환 5만에서 7~8만 목표로 하고 있는데 뭐부터 하면 좋을까요?
다이아까지,1,3,0,3,0,0,0,0,0,3,기타,1.0,1.0,1.3862943611198906,모멘텀 패스 플러스 누구 줄까요?,서버 질문입니다.,플라즈마 하트 진지하게 고민중입니다 ㅠㅠ
다이아까지 찍었는데,2,3,0,3,0,0,0,0,0,3,기타,1.0,1.0,1.3862943611198906,모멘텀 패스 플러스 누구 줄까요?,서버 질문입니다.,플라즈마 하트 진지하게 고민중입니다 ㅠㅠ
다이아몬드,1,3,0,3,3,0,0,0,0,0,아이템,1.0,1.0,1.3862943611198906,이제 하드진힐라 잡고 다이아 찍은 뉴비 진로 좀 부탁드려요,메린이 스펙업 방향성 조언 부탁드립니다 ㅠㅠ,챌섭 칠흑(커포링)떳는데 파는게 좋을까 쓰는게 좋을까
달리고 있는,2,3,0,3,3,0,0,0,0,0,아이템,1.0,1.0,1.3862943611198906,제네패스 플러스 코인 어디다 써야할까요?,챌섭 메린이 하메를 위한 템셋팅 조언 부탁드립니다!,뉴비 듀블 레잠 질문입니다!
대략적인,1,3,0,3,3,0,0,0,0,0,아이템,1.0,1.0,1.3862943611198906,칠흑 보통 얼마정도 하나요?,챌섭 뉴비 한번만 도와주십쇼 선생님들ㅠ,공짜 큐브 사용처 및 템 순서 질문!
대적자 코인샵,2,3,0,3,3,0,0,0,0,0,아이템,1.0,1.0,1.3862943611198906,레테 제네무기 피드백 해주실분,메린이 첫 해방했는데 무지 에디 어떻게 할까요,뉴비 해방이후 스펙업 방향성 검토 부탁드리겠습니다
대적자 큐브 어디다,3,3,0,3,3,0,0,0,0,0,아이템,1.0,1.0,1.3862943611198906,남은 대적자 큐브 사용처,재네 무기 대적자 코인 어따 쓸까요,잡쌍레 보조 vs 제네무기
대적자코인 2500개,2,3,0,3,3,0,0,0,0,0,아이템,1.0,1.0,1.3862943611198906,메린이 스펙업 뭐해야할까요..,대적자 코인 어디에 써야 하나요?,여러분이라면 뭐부터 돌림?
대적자화에큐,1,3,0,3,3,0,0,0,0,0,아이템,1.0,1.0,1.3862943611198906,제네무기vs미트라 미라클때 등업 머할까요,"미트라 에디, 제네 에디 등업 질문",대적자 코인 쓸 곳 질문드립니다.
데스티니,1,3,0,4,3,0,0,0,0,0,아이템,1.0,1.0,1.3862943611198906,제네시스 무기 추옵 궁금해요,18에테 vs 22아케인,뉴비 보조 해방 질문
데이브레이크,1,3,0,3,3,0,0,0,0,0,아이템,1.0,1.0,1.3862943611198906,3주늦은뉴비 템진로 훈수 제발 부탁드립니다,뉴비 장신구 질문드려요!(여명or파풀마),여명셋 지금 많이 올랐나요? 템셋팅 알려주십쇼 ㅠㅠㅠ
뎀9퍼,1,3,0,3,3,0,0,0,0,0,아이템,1.0,1.0,1.3862943611198906,대적자코인 사용처 궁금해요,메선생님들 미트라질문드립니다.,다음주 제네플 세렌 열리면
돌려보기,1,3,0,3,3,0,0,0,0,0,아이템,1.0,1.0,1.3862943611198906,선배님들 대적자큐브 어디다 쓸까요,100억으로 할거 추천부탁드려요!,스펙업 방향 질문입니다!
돌려보는게,1,3,0,3,3,0,0,0,0,0,아이템,1.0,1.0,1.3862943611198906,제네패스 플러스 사는거 굳이일까요??,챌섭뉴비 블큐 화에큐 어디다 써야할까요,스펙업 방향 질문입니다!
돌려야할지,1,3,0,3,3,0,0,0,0,0,아이템,1.0,1.0,1.3862943611198906,법사 4초뚝 수요가 있나요?,햄들 스펙업 조언좀 부탁드림다...,제네패스 잠재 위 아래 추천좀 부탁드립니다..
돌릴지 고민입니다,2,3,0,3,3,0,0,0,0,0,아이템,1.0,1.0,1.3862943611198906,제네플 큐브 및 카르마 큐브 사용처 질문드립니다!,제네 플러스 코인 뭐돌릴까요?,뉴비 내일 이면 제네무기 얻는데 에디셔널 문의
동생,1,3,0,6,0,0,0,0,0,3,기타,1.0,1.0,1.3862943611198906,형님들 해방후 투력이 떨어졌어요 문제가 뭘까요,형님들 메이플 id관련좀 알려주십숑,원래 명의이전을 해도 하버맥스 갱신이 안되나요?
될것같습니다,1,3,0,3,3,0,0,0,0,0,아이템,1.0,1.0,1.3862943611198906,이번챌섭 유입 렌 하메 120퍼 만들고싶어요,제네시스 무기 해방 관련 질문입니다!,
드메템 먼저,2,3,0,3,3,0,0,0,0,0,아이템,1.0,1.0,1.3862943611198906,형님들 드메템 vs 보스용장비 뭐 먼저맞추는게좋을까요?,선생님들 메린이 진로 추천 부탁드리겠습니다,진투복vs드메템
드메템 하나,2,3,0,3,3,0,0,0,0,0,아이템,1.0,1.0,1.3862943611198906,드메템 맞추는게 이득일까요?,보조한번만 부탁드립니다,메린이인데 이벤링 잠재 두개중 골라주세요 ㅜㅜ
등업 노리는게,2,3,0,3,3,0,0,0,0,0,아이템,1.0,1.0,1.3862943611198906,대적자 큐브 질문,"해방 후에 남는 블큐, 에디큡은 어따 쓰나요",장신구 에디 에픽 2줄은 어떻게 만드는게 제일 좋나요?
등업 먼저,2,3,0,3,3,0,0,0,0,0,아이템,1.0,1.0,1.3862943611198906,뉴비 이번 미라클때 조언좀가능할까요?,메린이 오늘 해방했어요!,제가 23일에 해방을 하게 되는데
등업 시키고,2,3,0,3,3,0,0,0,0,0,아이템,1.0,1.0,1.3862943611198906,메린이 에디 레전 천장 어떻게 하는게 좋을까요,썬콜 대적자 코인 어디에 쓸까요?,해방이랑 미트라 잠재 뭐부터 돌려야 할까요?
딜은,1,3,0,3,0,0,0,3,0,0,직업,1.0,1.0,1.3862943611198906,렌 검마 배율대로 안쳐지는데 문제있는건가요?,법사 본캐 추천점요,하드 듄켈 팁 없을까요...
딜을,1,3,0,3,0,0,3,0,0,0,몬스터,1.0,1.0,1.3862943611198906,뉴비 하드메이린 찐모,안녕하세요 챌섭유입 뉴비입니다.,세렌 딜 충분할까요?
따로 없고,2,3,0,3,3,0,0,0,0,0,아이템,1.0,1.0,1.3862943611198906,4만 메린이 템세팅 질문 드립니다,이벤링 잠재 질문,칠흑에 메획붙은거 사도 괜찮나요?
떠서요,1,3,0,3,3,0,0,0,0,0,아이템,1.0,1.0,1.3862943611198906,에디셔널에 뜨는 공격력수치 패치됫나요??,메이플 페어리하트 주문서 질문,챌린저스 패스 캐시샵 구매 불가 뜨는데..
떨어지면,1,3,0,3,3,0,0,0,0,0,아이템,1.0,1.0,1.3862943611198906,헥환 7~9만 템셋 비용 얼마나 될까요? (궁수),카레잠 사용처 미트라vs아케인장갑,찐 메린이 입니다... 살려주세요
똑같네요,1,3,0,3,0,0,0,0,0,3,기타,1.0,1.0,1.3862943611198906,컴고수 선생님들 게임이 계속 멈춥니다,점프 한번만 눌렀는데 두번 눌리는 버그,컴고수님들 메린이 게임 멈춤 질문드립니다
똥블렘 유니크,2,3,0,3,3,0,0,0,0,0,아이템,1.0,1.0,1.3862943611198906,똥블렘 vs 미트라 고민좀용 ㅠㅠㅠㅠㅠ,복귀늅 템 질문,메린이 챌섭 템세팅 질문
띄우려고,1,3,0,3,3,0,0,0,0,0,아이템,1.0,1.0,1.3862943611198906,에테모자 에디에픽->레전 기대값 얼마인지 아시는분??,메쌤들) 에디교불천장 어디에 쓰는게 노칼유챔 절약할수있을까요?,아이템 질문 하나만 드려도 될까요?
띄운,1,3,0,3,3,0,0,0,0,0,아이템,1.0,1.0,1.3862943611198906,보조 옵션 질문,미트라 낀 상태에서 2칠흑 고민,제네무기 옵 질문 !
라는 이야기,2,3,0,3,3,0,0,0,0,0,아이템,1.0,1.0,1.3862943611198906,크주잡 에테 스타포스 어디까지 올려야할까요?,챌 유입 제논 템셋팅 및 템업글 직작 조언 부탁드림다!,엠블렘 / 블랙보조무기 직작 해버렸는데 이럼안돼요?
레알밤제논,1,3,0,3,3,0,0,0,0,0,아이템,1.0,1.0,1.3862943611198906,메린이 한 100억정도 생기면,이제 뭘 더 올리지... 레벨은 너무 오래 걸리는데ㅇㅅㅇ,미라클때 에테장갑 만들어볼까요?
레에 에테,2,3,0,3,3,0,0,0,0,0,아이템,1.0,1.0,1.3862943611198906,스펙업 순서 질문좀여,템세팅 질문,
레전 21퍼,2,3,0,3,3,0,0,0,0,0,아이템,1.0,1.0,1.3862943611198906,핵환 4.4 도미먹었는디,에테 18성 직작 vs 완작사기,해방무기 훈수 부탁드립니다
레전 3줄,2,3,0,5,3,0,0,0,0,0,아이템,1.0,1.0,1.3862943611198906,템 가성비 셋팅 질문,메린이 헥환6만까지 스펙업 계획 좀 봐주세요,여명 잠재 유닠2줄 만들기 vs 레전3줄 사먹기 뭐기 더좋을까요??
레전 가버려서,2,3,0,3,3,0,0,0,0,0,아이템,1.0,1.0,1.3862943611198906,미라클 어디에 질러야 할까요?,메린이 진로 도와주시면 감사하겄슴다,에테르넬 이런 템은 얼마정도에 팔아야할까요?
레전 등업해서,2,3,0,3,3,0,0,0,0,0,아이템,1.0,1.0,1.3862943611198906,템셋계획좀 봐주실수 있을까요??,제네 해방하고 옵션 떴는데..한번만 봐주세요 ㅠ,"보마 블랙보조 블큐, 메멘토 골큐"
레전 마력,2,3,0,3,3,0,0,0,0,0,아이템,1.0,1.0,1.3862943611198906,잠재 좀더 돌려야될까요?,법사 선배님들 템진로 도와주시면 감사하겠습니다,메린이 미라클에 메소 다 박았는데 조언좀..
레전 미트라,2,3,0,3,3,0,0,0,0,0,아이템,1.0,1.0,1.3862943611198906,제네무기vs미트라 미라클때 등업 머할까요,[뉴비] 장갑 VS 엠블렘,남는 블큐 사용처가 어떻게 될까요
레전 보조,2,3,0,3,3,0,0,0,0,0,아이템,1.0,1.0,1.3862943611198906,30억 있는데 템 어떻게 보강해야할까요??,챌섭 뉴비 방향성 조언 부탁드려요 메짱형님들,뉴비 보조 vs 미트라 둘중 뭘 사는게 좋을까요
레전 사서,2,3,0,3,3,0,0,0,0,0,아이템,1.0,1.0,1.3862943611198906,레잠 1장 사용처,챌섭뉴비 블큐 화에큐 어디다 써야할까요,하드메이린+본캐급 스펙업 어느정도로 해야할까요ㅠ?(사진있음)
레전보내고,1,3,0,3,3,0,0,0,0,0,아이템,1.0,1.0,1.3862943611198906,흙칠흑 18성인데 잠재질문드려요,메린 제네 직작 질문이요!! 드디어 제네 해방이네요...ㅠ,뉴비 해방이후 스펙업 방향성 검토 부탁드리겠습니다
레전이고,1,3,0,3,3,0,0,0,0,0,아이템,1.0,1.0,1.3862943611198906,챌섭 레테 레유잠 받았는데 이거 어디다 발라야할까요...?,블랙큐브 사용처 쫌 여쭤봐도 될까용,똥블럼 방무 vs 공격력
레전이라,1,3,0,3,3,0,0,0,0,0,아이템,1.0,1.0,1.3862943611198906,레잠 1장 사용처,챌섭뉴비 템 가이드 부탁드립니다ㅠ,200 카르마 레전잠재 거공에 발라두되여?
레전인,1,3,0,3,3,0,0,0,0,0,아이템,1.0,1.0,1.3862943611198906,챌뉴비 똥블렘 뽀록등업으로 인한 고민 도와주세요,챌섭 육성중에 레전 큐브 질문 드려요!,블랙 서큘레이터
레전잠재 주문서,2,3,0,4,3,0,0,0,0,0,아이템,1.0,1.0,1.3862943611198906,챌섭뉴비 템 가이드 부탁드립니다ㅠ,메린이 레전 잠재 질문,
레테이고,1,3,0,3,3,0,0,0,0,0,아이템,1.0,1.0,1.3862943611198906,이번 챌섭 유입 메린이 제네시스 무기 잠재능력 질문 있습니다,"뉴비 챌섭이후 본섭 준비 질문,평가해주세요",챌섭 하메 포기해야 될까요?
루나서버,1,3,0,6,0,0,0,0,0,3,기타,1.0,1.0,1.3862943611198906,서버이동 질문입니다 선배님들 도와주세요,복귀뉴비 챌섭 키우는데 리프할 서버 추천부탁드려요,제네시스 패스 질문드립니당!
루컨마 마도서,2,3,0,3,3,0,0,0,0,0,아이템,1.0,1.0,1.3862943611198906,현재 템셋 스펙업 조언좀 부탁드림다,4여명 깨고 4흙칠흑 vs 4여명 유지 2흙칠흑,여명 이후에 뭐해요??
리레4,1,3,0,3,3,0,0,0,0,0,아이템,1.0,1.0,1.3862943611198906,"뉴비 챌섭이후 본섭 준비 질문,평가해주세요",이벤링 잠재 질문,"유입뉴비 반지질문있읍니다 선생님덜,,"
리조트,1,3,0,3,0,0,0,0,0,3,기타,1.0,1.0,1.3862943611198906,형들 레벨링 어떻게 나눠야할까,메린이 주말반입니다 도와주세요,
링이,1,3,0,3,3,0,0,0,0,0,아이템,1.0,1.0,1.3862943611198906,뉴비 아이템 셋팅 질문 두개만 부탁드립니다.,카인 1티어랑 딥다크 중에,드메링(재획용)과 스탯링(보스용)을 어떻게 세팅 해야하는지 궁금합니다.
마도서 거공,2,3,0,3,3,0,0,0,0,0,아이템,1.0,1.0,1.3862943611198906,현재 템셋 스펙업 조언좀 부탁드림다,마도서vs노작잡레전고근,챌섭 유입 메린이 템 진단좀 부탁드려요
마력 21퍼,2,3,0,3,3,0,0,0,0,0,아이템,1.0,1.0,1.3862943611198906,미트라 고민,법사 선배님들 템진로 도와주시면 감사하겠습니다,메린이 미라클에 메소 다 박았는데 조언좀..
마력9,1,3,0,4,3,0,0,0,0,0,아이템,1.0,1.0,1.3862943611198906,뉴비 쌍레보조 150억,질문이요!!,제네무기 윗잠먼저 해야 할까요 아랫잠먼저 해야할까요
마마마,1,3,0,3,3,0,0,0,0,0,아이템,1.0,1.0,1.3862943611198906,선생님들 제네시스 상황 이런데 대적자 코인 윗잠 아랫잠 추천 부탁드립니다,레테 보조무기 질문드립니다,썬콜 대적자 코인 어디에 쓸까요?
마스터보상,1,3,0,3,3,0,0,0,0,0,아이템,1.0,1.0,1.3862943611198906,혹시 뉴비스펙업좀 도와주실수있을까요 80억보유중입니,카레잠 사용처 미트라vs아케인장갑,미트라 에디 여기서 멈추는게 나을까여??
마인드,1,3,0,3,3,0,0,0,0,0,아이템,1.0,1.0,1.3862943611198906,대학생 유저 메이플 질문,레테 보조 190억~220억 대 사이선에서 뭐가 더 좋은 매물일지 질문드립니다,방어구 잠재
많아져서,1,3,0,3,3,0,0,0,0,0,아이템,1.0,1.0,1.3862943611198906,에디 레전천장 사용처 추천부탁드려요 + 도전자 대체셋 질문,"""자석펫""이라는 존재가 메이플에서 아주 처음 나왔을때가 언제인가요?",[챌섭]다조 660때 사면 흑우에요?
많지,1,3,0,4,3,0,0,0,0,0,아이템,1.0,1.0,1.3862943611198906,무보엠 어떻게 해야할지 진로 좀 부탁드립니다..,보조 살지말지 고민,지금 보조 엠블에 대해 고민인데 이거 투표 좀 해주실 수 있으신가여...
말고 없나요,2,3,0,3,0,0,0,0,0,3,기타,1.0,1.0,1.3862943611198906,복귀뉴비 두가지 질문드려요,헥사 초기화권 질문,
말인가요,1,3,0,3,0,0,0,0,0,3,기타,1.0,1.0,1.3862943611198906,환산주스탯에서 추옵 기준에대해 질문이있습니다ㅠ,메린이 헥사스텟 질문드립니다,환산주스탯 헥사 강화 궁금한점있어요
망토 신발,2,3,0,3,3,0,0,0,0,0,아이템,1.0,1.0,1.3862943611198906,복귀 유저 방어구 세팅 질문있습니다,아버 대체 아케인 직작 or 완제구매,챌섭 200제 강화권 사용처 질문드립니다
맞추거나,1,3,0,3,3,0,0,0,0,0,아이템,1.0,1.0,1.3862943611198906,챌섭뉴비 마도서 팔아도 되나여,템 셋팅 질문드립니다!!,스펙업 이제 뭐할까?
맞추는거,1,3,0,3,3,0,0,0,0,0,아이템,1.0,1.0,1.3862943611198906,카루타 11성 9퍼 공10 둘둘,뉴비 현질 고민,메린이 질문 있습니다!
맞추려고합니다,1,3,0,3,3,0,0,0,0,0,아이템,1.0,1.0,1.3862943611198906,챌섭 유입 스펙업 질문있습니다.,도미펜 직작하는거 어떻게 생각하시나요?,이번 챌섭복귀유저입니다. 드메템 관련 질문드립니다.
맞춰놓,1,3,0,3,3,0,0,0,0,0,아이템,1.0,1.0,1.3862943611198906,메린이 템셋 조언 부탁드립니다.,1억 2천만 아란 엠블렘 조언 구합니다,이번 챌섭복귀유저입니다. 드메템 관련 질문드립니다.
맞춰볼까,1,3,0,3,3,0,0,0,0,0,아이템,1.0,1.0,1.3862943611198906,미트라 2칠흑 부위 질문,뉴비 본캐 레테 보조와 템셋팅..,메린이 헥환6만까지 스펙업 계획 좀 봐주세요
맞춰야 하는,2,3,0,3,3,0,0,0,0,0,아이템,1.0,1.0,1.3862943611198906,도미펜 직작하는거 어떻게 생각하시나요?,메린이 메획 + 주스텟 18 or 21퍼 어떰??,
맞춰야할지,1,3,0,3,3,0,0,0,0,0,아이템,1.0,1.0,1.3862943611198906,챌섭 메린이 하메를 위한 템셋팅 조언 부탁드립니다!,메린이입니다. 훈수를 부탁합니다.,메짱형님들 템세팅 봐주세요~!
맞춰주는게,1,3,0,3,3,0,0,0,0,0,아이템,1.0,1.0,1.3862943611198906,칠요의 뱃지,익스우 배율 150퍼가 최종목표인데,엠블럼 옵션 순위
맞췄고,1,3,0,3,3,0,0,0,0,0,아이템,1.0,1.0,1.3862943611198906,질문드립니다.,복귀뉴비 아크 템세팅 질문입니다...,챌섭레테 여명4셋 이후 뭐맞추는게 좋나요
매물들,1,3,0,3,3,0,0,0,0,0,아이템,1.0,1.0,1.3862943611198906,환산 7.8 헥환 7만 진로질문드립니다!,메린이 질문)세트효과 차이,엠블럼 옵션 순위
먹어서,1,3,0,3,3,0,0,0,0,0,아이템,1.0,1.0,1.3862943611198906,챌섭 메린이 질문이용,8-9만 세팅 가능할까요?,메제일때 소재비 먹나요?
먼저 하는게,2,3,0,3,3,0,0,0,0,0,아이템,1.0,1.0,1.3862943611198906,드랍템 먼저 맞출까요 스펙업을 먼저 할까요,챌섭 메린이 메소로 어떤스펙업 먼저하나요??,
먼저 해야할지,2,3,0,3,3,0,0,0,0,0,아이템,1.0,1.0,1.3862943611198906,챌섭 뉴비 앞으로 진로 설정 부탁드립니다,질문드립니다.,부캐 제네 플러스 어디다가
멈춰,1,3,0,3,3,0,0,0,0,0,아이템,1.0,1.0,1.3862943611198906,해방무기 윗잠 멈추나요?,해방무기 이대로 괜찮을까요??,메린이 챌섭 템세팅 질문
메이린 잡기,2,3,0,3,3,0,0,0,0,0,아이템,1.0,1.0,1.3862943611198906,메린이 하드메이린 잡으려면 어떻게 세팅해야 할까요…,메린이 도움!!,똥블렘 에디 질문
메제까지,1,3,0,3,3,0,0,0,0,0,아이템,1.0,1.0,1.3862943611198906,템사기 vs 6차업글 도 환산 사이트보고 하면 되나요?,복귀뉴비 5석펫 개오바겠죠?,메린이 해방하면 챌린저 달수 있나염?
몇부위,1,3,0,3,3,0,0,0,0,0,아이템,1.0,1.0,1.3862943611198906,챌섭 유입 질문드립니다.,템세팅 진로좀 부탁드립니다,장신구 에디 에픽 2줄은 어떻게 만드는게 제일 좋나요?
몇성,1,3,0,3,3,0,0,0,0,0,아이템,1.0,1.0,1.3862943611198906,와헌 템셋팅 질문 드립니다.,헥환 4.5 이후 템셋팅 질문.,헥환 7~9만 템셋 비용 얼마나 될까요? (궁수)
몇억정,1,3,0,3,3,0,0,0,0,0,아이템,1.0,1.0,1.3862943611198906,헥환 8만 목표 과금 어느정도 해야할까요?,메린이 메획 + 주스텟 18 or 21퍼 어떰??,
모르겠어서 이렇게,2,3,0,3,3,0,0,0,0,0,아이템,1.0,1.0,1.3862943611198906,뉴비 루컨마 시세 문의 드립니다..!!!,챌린저스섭 진로가 궁그미합니다!,에테 크뎀장감 추옵 197 템 판매 질문
모아놨는데,1,3,0,3,3,0,0,0,0,0,아이템,1.0,1.0,1.3862943611198906,뉴비 보조 vs 미트라 둘중 뭘 사는게 좋을까요,주흔작? 이번 유입입니다,스펙업 방향성 알려주실분
모아둔 메소,2,3,0,3,3,0,0,0,0,0,아이템,1.0,1.0,1.3862943611198906,이번 챌섭 유입 메린이 제네시스 무기 잠재능력 질문 있습니다,2년만에 복귀했는데 템세팅 조언 부탁드립니다.,헥환6만까지 스펙업 순서 추천 해주세요
모았고,1,3,0,3,3,0,0,0,0,0,아이템,1.0,1.0,1.3862943611198906,복귀유저 템세팅 질문드립니다.,제네무기vs미트라 미라클때 등업 머할까요,"뉴비 챌린저 도전, 템셋팅 어떻게 하는게 효율적일까요"
모으고 있는데,2,3,0,3,3,0,0,0,0,0,아이템,1.0,1.0,1.3862943611198906,리레4렙,뉴비 스펙업 아이템 질문,솔에르다 기운 다차면 헥사부스터로 빼면 되죠?
모자나,1,3,0,3,3,0,0,0,0,0,아이템,1.0,1.0,1.3862943611198906,에디 레전 천장 사용처가 고민입니다....,제네플 큐브 및 카르마 큐브 사용처 질문드립니다!,이벤 블큐 남는거 보통 어디에 쓰시나요?
목걸,1,3,0,3,3,0,0,0,0,0,아이템,1.0,1.0,1.3862943611198906,헥환 4.5 이후 템셋팅 질문.,이벤링 아드템으로 끼고싶은데 도와주세요 ㅠ,스펙업 방향성 여쭤보고 싶습니다
목표 달리고,2,3,0,3,3,0,0,0,0,0,아이템,1.0,1.0,1.3862943611198906,챌섭 메린이 하메를 위한 템셋팅 조언 부탁드립니다!,템셋 방향좀 잡아주실분 계신가요??,챌 뉴비 템세팅 질문!
몬파 7회,2,3,0,3,0,0,0,0,0,3,기타,1.0,1.0,1.3862943611198906,MVP 레드 달아주는게 좋을까요?,경험치 bm 문의드려요,내 상황에서 레드 유지를 할까 말까 고민중인데
못하는데,1,3,0,3,0,0,0,0,0,3,기타,1.0,1.0,1.3862943611198906,카엔슬 죽는거 보자마자 팅겼는데,헥사스탯 최적화 어떻게 해야할지 모르겠습니다,선생님들 노말 윌도 못깨면 접는게 맞을까요?
못해,1,3,0,3,3,0,0,0,0,0,아이템,1.0,1.0,1.3862943611198906,5석펫인데 스펙업 순서 추천 좀…,챌섭 유입 템세팅 조언 질문드려요!,챌섭 유입 질문드립니다.
몽벨 18성,2,3,0,3,3,0,0,0,0,0,아이템,1.0,1.0,1.3862943611198906,헥환 7만 중반 ~ 8만 목표 레테 템세팅 조언 부탁드립니다.,현재 템셋 스펙업 조언좀 부탁드림다,스펙업 순서 질문좀여
무기 상태입니다,2,3,0,3,3,0,0,0,0,0,아이템,1.0,1.0,1.3862943611198906,제네 플러스 어떻게 하는게 좋을까요,블랙큐브 사용처 쫌 여쭤봐도 될까용,제네패스 플러스 블큐 vs 화에큐
무료 자석펫,2,3,0,3,3,0,0,0,0,0,아이템,1.0,1.0,1.3862943611198906,뉴비 챌섭 자석펫 팔기 vs 쓰기,챌섭에서 석펫 사서 재획 vs 본섭에서 풀드메템으로 재획,환산 8~9만대 목표로 하고 있습니다.
무슨템,1,3,0,3,3,0,0,0,0,0,아이템,1.0,1.0,1.3862943611198906,하메 도전 메린이 인데 템셋 질문있슴다,투력 1억2천만 입니다. 700~800억정도 투자 예정인데 도와주세요!,챌섭 챌린저목표 아이템 조언주시면감사하겠습니다
뭐땜,1,3,0,3,0,0,0,0,0,3,기타,1.0,1.0,1.3862943611198906,컴고수 선생님들 게임이 계속 멈춥니다,환산 사이트 보스 효율컷 관련 질문,컴고수님들 메린이 게임 멈춤 질문드립니다
뭐지,1,3,0,3,0,0,0,0,0,3,기타,1.0,1.0,1.3862943611198906,에디셔널 큐브가 종류가 또있나요.?,하이퍼버닝 계정 탈퇴 후 재가입 해도 불가 재참여 방법 질문,오늘 뭐 보약같은거 빠진거있나요
미라클 타임때,2,3,0,3,3,0,0,0,0,0,아이템,1.0,1.0,1.3862943611198906,미라클 타임.. 엠블 vs 하트,뉴비 해방이후 스펙업 방향성 검토 부탁드리겠습니다,엠블렘 질문
미라클때 에디,2,3,0,3,3,0,0,0,0,0,아이템,1.0,1.0,1.3862943611198906,에디 레전천장 사용처 추천부탁드려요 + 도전자 대체셋 질문,미라클때 블랙보조 에디 올리는게 좋을까요??,아이템 질문 하나만 드려도 될까요?
미카엘라 새안경,2,3,0,3,3,0,0,0,0,0,아이템,1.0,1.0,1.3862943611198906,형님들 뉴비 드메템 사려는데 같이봐줄수있을까,[챌섭]혹시 무교 드메템 맞추면 원킬이 안뜨나요?,혹시 무교 드메템 맞추면 원킬이 안뜨나요?
미트라 살지,2,3,0,3,3,0,0,0,0,0,아이템,1.0,1.0,1.3862943611198906,챌섭 챌린저 찍었는데 미래 고민되네여,챌뉴비 똥블렘 뽀록등업으로 인한 고민 도와주세요,메짱형님들 템세팅 봐주세요~!
미트라까지,1,3,0,4,3,0,0,0,0,0,아이템,1.0,1.0,1.3862943611198906,"에테 17을 직작하는거보다 사와서 샤타포스때 18,19++ 로 점진적 성장하는건 별론가요?",뉴비 해방이후 스펙업 방향성 검토 부탁드리겠습니다,레전 천장 어디다 써야할까요
바라보고,1,3,0,3,0,0,0,0,0,3,기타,1.0,1.0,1.3862943611198906,유니온 250작 템셋팅 어떻게 해야할까요?,경험치 bm 문의드려요,남은 대적자 코인 어따 쓸지 고민임..
바라볼,1,3,0,3,3,0,0,0,0,0,아이템,1.0,1.0,1.3862943611198906,하세유챔 방어구 질문,본섭 7만 중후반 주차 후 챌섭 갈아타는 게 맞을까요?,똥블렘 에디 질문
바르고 블큐,2,3,0,4,3,0,0,0,0,0,아이템,1.0,1.0,1.3862943611198906,챌섭 스펙업 어떻게 할까요? 미트라? 보장?,카레잠 사용처 추천좀요,미라클 타임.. 엠블 vs 하트
바를까요,1,3,0,5,3,0,0,0,0,0,아이템,1.0,1.0,1.3862943611198906,챌섭뉴비 템 가이드 부탁드립니다ㅠ,이벤링 레잠 관련,레전 잠재 하트 말고 어디에 쓸까요?
바를려고,1,3,0,3,3,0,0,0,0,0,아이템,1.0,1.0,1.3862943611198906,18성 주문서 어디에 쓰나요?,제가 실수로 도전자 무기에 공3퍼 소울을 발라버렸습니다..,챌 3만점 보상
받은 레잠,2,3,0,3,3,0,0,0,0,0,아이템,1.0,1.0,1.3862943611198906,템 진로상담 해주실분,보조무기 잠재 질문,뉴비 스펙업 뭐해야할지 모르겠어요
방무30,1,3,0,3,3,0,0,0,0,0,아이템,1.0,1.0,1.3862943611198906,뉴비 쌍레보조 150억,제네시스 해방은 했는데..,레테 블큡 60개 어디써야 좋을까요? 무보엠
방무포함,1,3,0,3,3,0,0,0,0,0,아이템,1.0,1.0,1.3862943611198906,챌섭 뉴비 보조무기 질문 드려요,챌섭 스펙업 방향성 알려주세요..!,하드 메이린까지 스펙업 질문
별만,1,3,0,3,3,0,0,0,0,0,아이템,1.0,1.0,1.3862943611198906,[뉴비] 메짱이형님들 템진로 조언 부탁드립니다,메고수 형님들 뉴비 스펙업 도움,챌섭 200제 강화권 사용처 질문드립니다
별이,1,3,0,3,3,0,0,0,0,0,아이템,1.0,1.0,1.3862943611198906,에테 스타포스 할만한지 아니면 사먹는게 나은지 궁금합니다.,메짱님들 골클벨 잠재 33%인데 팔리나요? 조언 구합니다,에테뚝 작을 어떻게 해야 할까요?
보30,1,3,0,3,3,0,0,0,0,0,아이템,1.0,1.0,1.3862943611198906,대적자코인 사용처 궁금해요,미라클때 에테장갑 만들어볼까요?,제네무기 보40 35 공9퍼 기댓값 큐브몇개정도인가요?
보공 마력,2,3,0,3,3,0,0,0,0,0,아이템,1.0,1.0,1.3862943611198906,형들,보공 과다 질문,제네시스무기 잠재 질문드립니다(찐늅입니다ㅠㅠ)
보공뎀,1,3,0,3,3,0,0,0,0,0,아이템,1.0,1.0,1.3862943611198906,보마 보조 윗잠 돌리기 vs 그냥쓰다 팔기,제네패스 플러스 코인 사용처,뉴비 보조무기 질문 하나만 받아주십셔
보마마,1,3,0,4,3,0,0,0,0,0,아이템,1.0,1.0,1.3862943611198906,미라클때 블랙보조 에디 올리는게 좋을까요??,레테 보조 뭐가더 나은지 봐주세용,제네 잠재 옵이 이러면 에디셔널 돌리는게 날까요..??
보보,1,3,0,3,3,0,0,0,0,0,아이템,1.0,1.0,1.3862943611198906,제논 공공올 vs 보보힘 뭐가 좋나요?,메린이 챌섭 아델 보조무기 질문,뉴비 스펙업 뭐해야할지 모르겠어요
보보공 아랫잠,2,3,0,3,3,0,0,0,0,0,아이템,1.0,1.0,1.3862943611198906,제네패스 플러스 사는거 굳이일까요??,보마 보조 시세 질문,
보보뎀,1,3,0,3,3,0,0,0,0,0,아이템,1.0,1.0,1.3862943611198906,복귀늅 템 질문,제네무기 잠재VS에디,보조무기 질문 드려요 !
보상들,1,3,0,3,0,0,0,0,0,3,기타,1.0,1.0,1.3862943611198906,메린이 보스 보상 질문있습니다,메키 챌섭에서 하고 보상은 본섭에서 수령되나요,챌섭 패스 질문
보스 노말,2,3,0,3,0,0,0,0,0,3,기타,1.0,1.0,1.3862943611198906,"안녕하세요 메쌤, 메형님들 뉴비 질문 몇 가지만 해도 될까요?",메이플 쌩뉴비 질문드려요...,챌섭 메린이 보스 현상금 코인 이벤트질문 있어요
보유중인데,1,3,0,3,3,0,0,0,0,0,아이템,1.0,1.0,1.3862943611198906,환산 8~9만대 목표로 하고 있습니다.,챌섭 육성중에 레전 큐브 질문 드려요!,5석펫 질문
보장셋,1,3,0,3,3,0,0,0,0,0,아이템,1.0,1.0,1.3862943611198906,유챔 sss 노칼 깨려면 템셋 어느정도?,템셋 질문이에요!,뉴비 세팅 질문 ..!
보조 둘다,2,3,0,3,3,0,0,0,0,0,아이템,1.0,1.0,1.3862943611198906,헥환 8만 목표 과금 어느정도 해야할까요?,메린이 렌 방무 질문드립니다.,대적자큐브어디다던질까요? ?
보조 사고,2,3,0,4,3,0,0,0,0,0,아이템,1.0,1.0,1.3862943611198906,카레잠을 팔아서 보조를 사야할까요??,템셋계획좀 봐주실수 있을까요??,뉴비 카레잠 질문 있어요
보조 아랫잠,2,3,0,3,3,0,0,0,0,0,아이템,1.0,1.0,1.3862943611198906,제네패스 plus 코인들 어따 쓸가요,이번유입 스펙업 순서좀 알려주실수있을까요,챌섭 블랙보조 에디 유니크다는게 나을까요??
보조중,1,3,0,3,3,0,0,0,0,0,아이템,1.0,1.0,1.3862943611198906,메린이 질문!!,카레잠 블랙 보조에 발라도 되나요?,메린이 커플 템진로좀 잡아주세요 ㅜㅜ
복귀유저인데요,1,3,0,3,0,0,0,0,0,3,기타,1.0,1.0,1.3862943611198906,본섭 유니온 질문있습니다,이후 스펙업 질문,요즘은 경뿌 고확으로 안하고 다르게 하나요?
복귀해서 열심히,2,3,0,3,3,0,0,0,0,0,아이템,1.0,1.0,1.3862943611198906,뉴비 듀블 레잠 질문입니다!,템 스펙업을 어케 해야하지 모르겠어요,스펙업 어떻게 해야하는지 질문드려요!
본섭 리프할때,2,3,0,3,0,0,0,0,0,3,기타,1.0,1.0,1.3862943611198906,챌린저스 패스 물품들 본섭리프할때 가져갈수있나요?,챌섭 플라즈마하트 모듈 질문 !!,
본캐이고,1,3,0,3,3,0,0,0,0,0,아이템,1.0,1.0,1.3862943611198906,템 방향성 고민이 너무 됩니다,대적자큐브 어디쓸지 추천좀 해주세요..,아버 끝나고 방어구
볼까,1,3,0,3,3,0,0,0,0,0,아이템,1.0,1.0,1.3862943611198906,에디 레전 천장 사용처가 고민입니다....,미트라를 믿기 vs 똥블렘을 믿기,메선생님들 보조캐 하진힐 스펙업 훈수좀 부탁드립니다
비싸게,1,3,0,3,3,0,0,0,0,0,아이템,1.0,1.0,1.3862943611198906,아흐... 펫장비 이전 줌서에 대한 글은 많은데...,지금 경매장 시세 왜이래여?,갑자기 메소가 생겼는데 챌섭 뉴비 템세팅 질문입니다
비정상적인,1,3,0,3,0,0,0,0,0,3,기타,1.0,1.0,1.3862943611198906,누가 메이플 접는건 능지순이라 했는데...,15일 정지인데 이러면 챌린저 힘든가,15일 이용 제한을 받았는데 사유가....
비정상적인 기록,2,3,0,3,0,0,0,0,0,3,기타,1.0,1.0,1.3862943611198906,누가 메이플 접는건 능지순이라 했는데...,15일 정지인데 이러면 챌린저 힘든가,15일 이용 제한을 받았는데 사유가....
뽑은,1,3,0,4,3,0,0,0,0,0,아이템,1.0,1.0,1.3862943611198906,대적자 큐브,제네패스 플러스 대적자 코인은 어떻게 쓰나요?,자석펫 팔기 vs 쓰기
사느냐,1,3,0,5,3,0,0,0,0,0,아이템,1.0,1.0,1.3862943611198906,챌섭 뉴비.. 가고 있는 방향이 제대로 된 건지 모르겠어요,지금 장신구(여명) 가격이 많이 오른건가요..?,드메링(재획용)과 스탯링(보스용)을 어떻게 세팅 해야하는지 궁금합니다.
사례,1,3,0,3,0,0,0,0,0,3,기타,1.0,1.0,1.3862943611198906,메이플 파티플 질문,[사전월드리프] 여러 서버로 이동 불가 관련 문구 문제,서버이동 질문입니다 선배님들 도와주세요
사먹어라,1,3,0,3,3,0,0,0,0,0,아이템,1.0,1.0,1.3862943611198906,핵환 4.4 도미먹었는디,칠흑 에테 아케인 노작사서 직작하려는데 효율 쓰레기인가요,익스우 솔플 템셋하려면 다 갈아엎어야하져?
사먹을지,1,3,0,3,3,0,0,0,0,0,아이템,1.0,1.0,1.3862943611198906,메린이 챌섭 무보엠 세팅 질문있습니다,챌린저 목표) 진로 설정 질문입니다.,방어구 잠재
사서 돌리는게,2,3,0,3,3,0,0,0,0,0,아이템,1.0,1.0,1.3862943611198906,"메린이 오늘 첫 해방했는데, 잠재 돌리고 남은 블랙큐브는 어디에 쓰는게 좋나요?",대적자 코인 어디에 쓸지 질문합니다..,질문) 제네패스 플러스
사서 돌리는게 나을까요,3,3,0,3,3,0,0,0,0,0,아이템,1.0,1.0,1.3862943611198906,"메린이 오늘 첫 해방했는데, 잠재 돌리고 남은 블랙큐브는 어디에 쓰는게 좋나요?",대적자 코인 어디에 쓸지 질문합니다..,질문) 제네패스 플러스
사야 할지,2,3,0,3,3,0,0,0,0,0,아이템,1.0,1.0,1.3862943611198906,이번 유입 앞으로 템세팅 관해서 여쭤봅니다,제가 23일에 해방을 하게 되는데,"메린이 하드듄켈,진힐라에 막혔습니다 장비 고민.."
사용했습니다,1,3,0,3,3,0,0,0,0,0,아이템,1.0,1.0,1.3862943611198906,이번 챌섭 유입 메린이 제네시스 무기 잠재능력 질문 있습니다,메이린 배율관련 질문드립니다 저 진짜 정리 잘해놨어요 함만 봐주세요 ㅠㅠ,제네시스무기 잠재 질문드립니다(찐늅입니다ㅠㅠ)
살까말까,1,3,0,3,3,0,0,0,0,0,아이템,1.0,1.0,1.3862943611198906,보마 보조 질문,여장해봤다,뉴비챌섭 천천히할건데 지금템값 거품이죠?
상의 하의 에테,3,3,0,3,3,0,0,0,0,0,아이템,1.0,1.0,1.3862943611198906,아버 끝나고 방어구,지금 아케인 22성은 좀 뒤쳐졌을까,템 진로 질문..
상태인데 여기서,2,3,0,3,3,0,0,0,0,0,아이템,1.0,1.0,1.3862943611198906,챌린저 목표 템셋 질문 드립니다,이번 메이플 챌린저스 유입 뉴비입니다. 도와주세요,템세팅 조언 좀 부탁 드립니다..
상황이고,1,3,0,3,3,0,0,0,0,0,아이템,1.0,1.0,1.3862943611198906,챌린저 찍고싶은 메린인데 향후 템셋팅 어떻게 해야하나요?,템잘알 메고수분들 도와주세요,메린이 질문있습니다
새안경,1,3,0,3,3,0,0,0,0,0,아이템,1.0,1.0,1.3862943611198906,형님들 뉴비 드메템 사려는데 같이봐줄수있을까,[챌섭]혹시 무교 드메템 맞추면 원킬이 안뜨나요?,혹시 무교 드메템 맞추면 원킬이 안뜨나요?
세가지,1,3,0,3,3,0,0,0,0,0,아이템,1.0,1.0,1.3862943611198906,안녕하세요 선생님들 템 진로 고견좀 여쭙습니다,제네패스 플러스 재화를 어디에 투자해야할까요?,뉴비 듀블 레잠 질문입니다!
세가지 중에,2,3,0,3,3,0,0,0,0,0,아이템,1.0,1.0,1.3862943611198906,안녕하세요 선생님들 템 진로 고견좀 여쭙습니다,제네패스 플러스 재화를 어디에 투자해야할까요?,뉴비 듀블 레잠 질문입니다!
세개,1,3,0,3,3,0,0,0,0,0,아이템,1.0,1.0,1.3862943611198906,메선생님들 보조캐 하진힐 스펙업 훈수좀 부탁드립니다,메린이 캡틴 레잠 추천좀...ㅜㅠ,160억 드메템 구매! 질문있습니다!
소중한,1,3,0,3,3,0,0,0,0,0,아이템,1.0,1.0,1.3862943611198906,메린이 챌섭 미라클 타임 문의,"에디 레전 천장 60개 남았는데, 진로 조언 부탁드립니다!",보마 보조 좀 골라주세여ㅠㅠ
쉽지,1,3,0,3,3,0,0,0,0,0,아이템,1.0,1.0,1.3862943611198906,메린이 하드 메이린 배율 105인데 못잡겠습니다..,여명으로 카링 될까요?,복귀유저 탬 조언 부탁드립니다.
스펙업 할지,2,3,0,3,3,0,0,0,0,0,아이템,1.0,1.0,1.3862943611198906,뉴비 챌섭 자석펫 팔기 vs 쓰기,드랍템 사도 될까요?,자석펫 팔기 vs 쓰기
스펙업하는게,1,3,0,3,3,0,0,0,0,0,아이템,1.0,1.0,1.3862943611198906,메짱이 선생님들 아버 이후에 질문있습니다. 17에테 VS 18아케인(+27여명),환산 5.6 나워 스펙업 순서 질문,뉴비 챌섭 장신구 스펙업 질문있습니다
시작하게,1,3,0,3,0,0,0,0,0,3,기타,1.0,1.0,1.3862943611198906,안녕하세요...메이플 시작 3주차인데..,메린이 비욘드버닝 도와주세요ㅠㅠ,뉴비 질문있슴다
시작하려는데,1,3,0,3,0,0,0,0,0,3,기타,1.0,1.0,1.3862943611198906,겨울에도 재네패스 하나요?,복귀유저 질문드립니다!,챌1섭 대기열 아직도 걸리나요?
신망견,1,3,0,5,3,0,0,0,0,0,아이템,1.0,1.0,1.3862943611198906,메짱이 선생님들 아버 이후에 질문있습니다. 17에테 VS 18아케인(+27여명),템환 8만목표인데 교체부위 추천좀 부탁드립니다,템셋계획좀 봐주실수 있을까요??
실버블라썸,1,3,0,5,3,0,0,0,0,0,아이템,1.0,1.0,1.3862943611198906,드메링(재획용)과 스탯링(보스용)을 어떻게 세팅 해야하는지 궁금합니다.,응애 뉴비 이벤트링 질문있어요,"유입뉴비 반지질문있읍니다 선생님덜,,"
싸더라고요,1,3,0,3,3,0,0,0,0,0,아이템,1.0,1.0,1.3862943611198906,레테 하드 메이린 스펙 업 질문 있습니다!,메린이 메획 + 주스텟 18 or 21퍼 어떰??,
쌍레 5줄,2,3,0,3,3,0,0,0,0,0,아이템,1.0,1.0,1.3862943611198906,템 셋팅 질문드립니다!!,메린이 헥환6만까지 스펙업 계획 좀 봐주세요,잠재에 맞는 별 갯수 좀 정해주십사 (얘는 몇 성급인가)
써도 괜찮을까요,2,3,0,3,3,0,0,0,0,0,아이템,1.0,1.0,1.3862943611198906,[뉴비] 이 스펙으로 크크올 장갑 사서 껴도 괜찮을까요?,보조무기 질문 드려요 !,템셋 질문이에요!
써야 효율,2,3,0,3,3,0,0,0,0,0,아이템,1.0,1.0,1.3862943611198906,"메린이 오늘 첫 해방했는데, 잠재 돌리고 남은 블랙큐브는 어디에 쓰는게 좋나요?",뉴비 챌린저까지 템세팅 질문!,상급 EXP 교환권 효율
써야될지,1,3,0,3,3,0,0,0,0,0,아이템,1.0,1.0,1.3862943611198906,복귀 유저인게 템관련 문의여,뉴비 해방무기 옵션 질문입니다,보조한번만 부탁드립니다
쓰고 있고,2,3,0,3,3,0,0,0,0,0,아이템,1.0,1.0,1.3862943611198906,마깃안 vs 미트라,메린이 템셋 질문,챌섭 노말 진힐라 잡기 위해 쌍레구매?
쓰는 중입니다,2,3,0,3,3,0,0,0,0,0,아이템,1.0,1.0,1.3862943611198906,메린이 내 캐릭이 왜 약한지 모르겠어요,해방무기 윗옵,뉴비 장신구 질문드려요!(여명or파풀마)
쓰는게 가장,2,3,0,4,3,0,0,0,0,0,아이템,1.0,1.0,1.3862943611198906,메린이 에디 레전 천장 어떻게 하는게 좋을까요,울티마 보상 카르마 17성 어디 쓰는게 좋나요?,메린이 커플 템진로좀 잡아주세요 ㅜㅜ
쓴다고,1,3,0,3,3,0,0,0,0,0,아이템,1.0,1.0,1.3862943611198906,완전 첫 캐릭으로 키우는 메린이인데…첫 해방후 어떻게해야할지에 대해서,썬콜 대적자 코인 어디에 쓸까요?,늅이 꾸준히 모은 메소로 여명 샤타했는데... 다터져서 돈쓰고 싶어요
쓴다면,1,3,0,3,3,0,0,0,0,0,아이템,1.0,1.0,1.3862943611198906,제네무기 유니크 에디 공이탈 +@질문,뉴비 해방이후 스펙업 방향성 검토 부탁드리겠습니다,장신구 에디 에픽 2줄은 어떻게 만드는게 제일 좋나요?
쓸까,1,3,0,3,3,0,0,0,0,0,아이템,1.0,1.0,1.3862943611198906,메이린 잡다 마도서 썻는데,챌섭 칠흑(커포링)떳는데 파는게 좋을까 쓰는게 좋을까,레전 천장 어디다 써야할까요
쓸까요 아님,2,3,0,3,3,0,0,0,0,0,아이템,1.0,1.0,1.3862943611198906,크주잡 에테 스타포스 어디까지 올려야할까요?,거공 아랫잠 돌리다 떴는데 아랫잠 기준으로 판매하는게 나을까요?,도미 쓸까요 팔까요
쓸지 고민입니다,2,3,0,3,3,0,0,0,0,0,아이템,1.0,1.0,1.3862943611198906,18성 주문서 어디에 쓰나요?,챌섭 에테 장갑 어떻게 해야할지 모르겠어요....,메린이 챌섭 무보엠 세팅 질문있습니다
아껴놨다,1,3,0,3,0,0,0,0,0,3,기타,1.0,1.0,1.3862943611198906,챌린저스 패스 물품들 본섭리프할때 가져갈수있나요?,혹시 썬데이메이플 다음주에도 또하나요??,
아란 키우고,2,3,0,3,3,0,0,0,0,0,아이템,1.0,1.0,1.3862943611198906,본캐를 올릴가요 버린 부캐를 살릴까요,미라클 어디에 질러야 할까요?,뉴비 보조무기 질문 하나만 받아주십셔
아랫잠 공15퍼,2,3,0,3,3,0,0,0,0,0,아이템,1.0,1.0,1.3862943611198906,급함 제네무기 윗잠 방무 버려도됨??,선생님들이라면 이 예전 미해방 본캐 어케 처리하실건가요?,복귀 유저 해방전 아케인 무기좀
아랫잠 중에,2,3,0,3,3,0,0,0,0,0,아이템,1.0,1.0,1.3862943611198906,제네패스 잠재 위 아래 추천좀 부탁드립니다..,렌 해방무기좀 봐주셈 큐브,제네 무기 질문좀여!
아랫잠 추옵,2,3,0,3,3,0,0,0,0,0,아이템,1.0,1.0,1.3862943611198906,제네무기 옵션 방향성좀 알려주세요...,대적자 큐브,대적자코인 사용처 질문드립니다
아랫잠 한줄,2,3,0,3,3,0,0,0,0,0,아이템,1.0,1.0,1.3862943611198906,님들 이거 팔아야되나요?,이거 아랫잠 노려도 되나요?,가엔링이랑 데브팬 작 질문있어요
아버 끝날때,2,3,0,3,3,0,0,0,0,0,아이템,1.0,1.0,1.3862943611198906,챌섭 유입 질문 한개 해도 되겠습니까,챌뉴비 방어구 질문드려요!,뉴비 현질 고민
아케인 망토,2,3,0,3,3,0,0,0,0,0,아이템,1.0,1.0,1.3862943611198906,복귀 유저 방어구 세팅 질문있습니다,아버 대체 아케인 직작 or 완제구매,메린이 헥환6만까지 스펙업 계획 좀 봐주세요
아케인 칠흑,2,3,0,3,3,0,0,0,0,0,아이템,1.0,1.0,1.3862943611198906,선생님들 헥사환산 몇을 목표로 잡아야할까요?,헥환 7만 중반 ~ 8만 목표 레테 템세팅 조언 부탁드립니다.,챌 유입 제논 템셋팅 및 템업글 직작 조언 부탁드림다!
안먹고,1,3,0,3,0,0,0,0,0,3,기타,1.0,1.0,1.3862943611198906,메제 채우고 계속 사냥하실때 재획비 드시나요?,검마 결정석이 없습니다.,닉네임 살까?
안보이고,1,3,0,3,0,0,0,0,0,3,기타,1.0,1.0,1.3862943611198906,형들 지금 링크캐 키울방법 없음?,메수라이브 잠재능력 설정 도와주세요,
안좋다고,1,3,0,3,3,0,0,0,0,0,아이템,1.0,1.0,1.3862943611198906,첼린저스 서버 제네무기 잠재 질문,썬콜 보조 윗잠 질문드립니다,
않아,1,3,0,3,3,0,0,0,0,0,아이템,1.0,1.0,1.3862943611198906,4만 메린이 템세팅 질문 드립니다,챌섭 복귀유저 렌 스펙업 훈수 부탁드립니다.,스펙업 방향성 여쭤보고 싶습니다
않은것,1,3,0,3,3,0,0,0,0,0,아이템,1.0,1.0,1.3862943611198906,템 셋팅 질문드립니다!!,챌섭 보상인 리스트레인트링을 실수로 버려버렸습니다,
알려줄 용사님,2,3,0,3,3,0,0,0,0,0,아이템,1.0,1.0,1.3862943611198906,챌섭 프펫 가격,,
앞에,1,3,0,3,3,0,0,0,0,0,아이템,1.0,1.0,1.3862943611198906,"챌린저스 리레링, 컨티링 리프하면 없어지나요?",마라벨 여우 무기? 이펙트 어캐끄나요,템 진로 찐 최종 확인 제발 부탁드립니다
앞으 템은,2,3,0,3,3,0,0,0,0,0,아이템,1.0,1.0,1.3862943611198906,템 진로상담 해주실분,하드 메이린 잡고싶은 뉴비 템셋 조언 부탁드립니다.,챌섭 템맞추려는데 궁금한게 생겼습니다
야금야금,1,3,0,3,3,0,0,0,0,0,아이템,1.0,1.0,1.3862943611198906,챌뉴비 칠흑방향성 질문드려요,챌섭 266레벨 40퍼인데 EXP 패스 블농이랑 EXP쿠폰 언제 사용하나요?,미트라 직작 손해일까요?
야누스 20렙,2,3,0,3,3,0,0,0,0,0,아이템,1.0,1.0,1.3862943611198906,헥환 8만 목표 과금 어느정도 해야할까요?,5석펫인데 스펙업 순서 추천 좀…,야누스 강화 질문
얘를,1,3,0,3,3,0,0,0,0,0,아이템,1.0,1.0,1.3862943611198906,이번 레테복귀유저 본섭캐릭 버릴까용?,똥블렘 언제까지 써야하나요? 투자를 좀 해서...,본섭 아케인 크크잡 장갑 팔기 vs 쓰기
어디다 던질까요,2,3,0,3,3,0,0,0,0,0,아이템,1.0,1.0,1.3862943611198906,대적자큐브 위아래?,남은 대적자 큐브 사용처,대적자큐브어디다던질까요? ?
어디다 써야할지,2,3,0,3,3,0,0,0,0,0,아이템,1.0,1.0,1.3862943611198906,레잠 1장 사용처,뉴비 스펙업 진로 고민있어요,화에큐 스택 사용처 질문
어떨지,1,3,0,3,3,0,0,0,0,0,아이템,1.0,1.0,1.3862943611198906,뉴비 자석펫 질문,장문)챌섭에서 본캐 레테하고 있는 유저인데 템셋팅 고민입니다.,미라클때 칠흑있는거 유니크보내는거 괜찮나요
언저리,1,3,0,3,3,0,0,0,0,0,아이템,1.0,1.0,1.3862943611198906,미라클때 에테장갑 만들어볼까요?,에테 27 vs 30,에테장갑 17>18 파방하시나여?
얻은,1,3,0,3,3,0,0,0,0,0,아이템,1.0,1.0,1.3862943611198906,[뉴비] 메짱이형님들 템진로 조언 부탁드립니다,자석펫 질문,3주늦은뉴비 템진로 훈수 제발 부탁드립니다
얼마임 알려줄,2,3,0,3,3,0,0,0,0,0,아이템,1.0,1.0,1.3862943611198906,챌섭 프펫 가격,,
얼마임 알려줄 용사님,3,3,0,3,3,0,0,0,0,0,아이템,1.0,1.0,1.3862943611198906,챌섭 프펫 가격,,
없는 상태입니다,2,3,0,3,3,0,0,0,0,0,아이템,1.0,1.0,1.3862943611198906,헥환 7~9만 템셋 비용 얼마나 될까요? (궁수),뉴비 현질 고민,챌섭 복귀 메린이 질문 부탁드립니다..
없는거죠,1,3,0,3,0,0,0,0,0,3,기타,1.0,1.0,1.3862943611198906,뉴비 260찍고 받는 에르다솔 교환권 쓰면,부캐 생성 질문,파티는 어디서 구하나요?ㅠ스카 검마 2인 팟 구해요..ㅠ
없어서 화에큐,2,3,0,3,3,0,0,0,0,0,아이템,1.0,1.0,1.3862943611198906,에디천장 질문있습니다.,큐브 사용처 질문,메짱 성님들 챌섭 제네 진로점영
에디 돌릴까요,2,3,0,3,3,0,0,0,0,0,아이템,1.0,1.0,1.3862943611198906,제네패스 코인 사용 질문,나로 제네패스플러스로 받는 코인으로 보조 윗잠 돌릴까요?,제네무기 윗옵 이거 어떻게해요..?
에디 에픽 1.5줄,3,3,0,3,3,0,0,0,0,0,아이템,1.0,1.0,1.3862943611198906,4여명 깨고 4흙칠흑 vs 4여명 유지 2흙칠흑,챌린저 목표) 진로 설정 질문입니다.,에디에픽 토드 비용 1억 메소 사용할만 한가?
에디 큐브,2,3,0,3,3,0,0,0,0,0,아이템,1.0,1.0,1.3862943611198906,제네 무기 대적자코인 어디다가 지르는게 나을가요??,하드메이린 스펙 질문,무보엠 큐브 우선순위 질문드려요
에디 화에큐,2,3,0,3,3,0,0,0,0,0,아이템,1.0,1.0,1.3862943611198906,"에디 레전 천장 60개 남았는데, 진로 조언 부탁드립니다!","미트라 에디, 제네 에디 등업 질문",제네 해방하고 옵션 떴는데..한번만 봐주세요 ㅠ
에디에픽 2줄,2,3,0,4,3,0,0,0,0,0,아이템,1.0,1.0,1.3862943611198906,에디에픽2줄 이거 가능한걸까요.. ?!?,4여명 5칠흑 2보장 계획완료인데 마지막 템세팅 질문있습니다.,챌섭 챌린저 무보엠 질문
에큐,1,3,0,3,3,0,0,0,0,0,아이템,1.0,1.0,1.3862943611198906,챌섭 진로 질문이요,미라클 어디에 질러야 할까요?,메붕이 도와주실 분
에테 17성,2,3,0,3,3,0,0,0,0,0,아이템,1.0,1.0,1.3862943611198906,복귀 유저 방어구 세팅 질문있습니다,아버 대체 아케인 직작 or 완제구매,이카돌이 방어구 질문
에테 아케인 칠흑,3,3,0,3,3,0,0,0,0,0,아이템,1.0,1.0,1.3862943611198906,선생님들 헥사환산 몇을 목표로 잡아야할까요?,헥환 7만 중반 ~ 8만 목표 레테 템세팅 조언 부탁드립니다.,챌 유입 제논 템셋팅 및 템업글 직작 조언 부탁드림다!
에테르넬 장갑,2,3,0,3,3,0,0,0,0,0,아이템,1.0,1.0,1.3862943611198906,챌섭에서 챌린저 찍은 뉴비인데,스펙업 순서 방향 훈수좀 부탁해,[뉴비] 장갑 VS 엠블렘
에테크뎀장갑,1,3,0,3,3,0,0,0,0,0,아이템,1.0,1.0,1.3862943611198906,뉴비템세팅 상담신청! (feat. 이게 좋데! 하고 사려고 하면 비쌈주의ㅠ),이번에 첫챌섭 시작한 뉴비 해방이후에 템세팅이 궁금해요 ㅇㅅㅠ,
에픽1줄,1,3,0,4,3,0,0,0,0,0,아이템,1.0,1.0,1.3862943611198906,메린이 템셋 조언 부탁드립니다.,보마 블랙보조 등업 고민,지금 보조 엠블에 대해 고민인데 이거 투표 좀 해주실 수 있으신가여...
에픽에디,1,3,0,3,3,0,0,0,0,0,아이템,1.0,1.0,1.3862943611198906,메린이 아이템 시세 문의,아케인 직작해도 될까요,템세팅 업글 순서 및 코인샵
엠블렘 미트라,2,3,0,3,3,0,0,0,0,0,아이템,1.0,1.0,1.3862943611198906,보공 비율이 너무 높은거 같아 고민입니다..,무자본 메제유저 스펙업 훈수좀 부탁드립니다. (스펙상세첨부,엔버는 엠블렘을 구매하는 것 밖에 방법이 없나요?
엠블렘 에디,2,3,0,3,3,0,0,0,0,0,아이템,1.0,1.0,1.3862943611198906,화에큐 어디에 쓰면 좋을지 도와주세요 ㅠ,큐브 사용처 질문,똥블렘 에디 질문
여기서 이제,2,3,0,3,3,0,0,0,0,0,아이템,1.0,1.0,1.3862943611198906,대적자코인 사용처 궁금해요,법사 선배님들 템진로 도와주시면 감사하겠습니다,스펙업 어떻게 해야하는지 질문드려요!
여명 3부위,2,3,0,3,3,0,0,0,0,0,아이템,1.0,1.0,1.3862943611198906,누비 템 관련 질문,뉴비 스펙업 뭐해야할지 모르겠어요,뉴비 세팅 질문 ..!
여쭤보려고,1,3,0,3,3,0,0,0,0,0,아이템,1.0,1.0,1.3862943611198906,메이플 챌섭 뉴비 아이템 추가 스펙업 질문합니다!,스펙업 조언 부탁드립니다.,챌뉴비 똥블렘 뽀록등업으로 인한 고민 도와주세요
연습해서,1,3,0,3,3,0,0,0,0,0,아이템,1.0,1.0,1.3862943611198906,헥환5만 다음 아이템 변경 어떻게 가면 좋을까요?,챌썹 랩 276 썬콜 메이플 처음하는 메린이 메이린 최소컷 질문 ㅠ,
연합토큰샵,1,3,0,3,3,0,0,0,0,0,아이템,1.0,1.0,1.3862943611198906,뉴비 미트라 질문,챌섭 메린이 데브펜 트왈마 등등 템세팅 및 등급업질문,이벤링 골큐 어디서사요?
열심히 달리고,2,3,0,3,3,0,0,0,0,0,아이템,1.0,1.0,1.3862943611198906,제네패스 플러스 코인 어디다 써야할까요?,뉴비 듀블 레잠 질문입니다!,템 스펙업을 어케 해야하지 모르겠어요
열심히 메소,2,3,0,3,3,0,0,0,0,0,아이템,1.0,1.0,1.3862943611198906,초저자본 메린이 첫 제네시스 잠재 질문,챌뉴비 똥블렘 뽀록등업으로 인한 고민 도와주세요,헥환6만까지 스펙업 순서 추천 해주세요
오늘까지,1,3,0,3,0,0,0,0,0,3,기타,1.0,1.0,1.3862943611198906,메린이 템 셋팅 질문!!,6월말 유입 뉴비 현실적인 조언 부탁드립니다,주간던전 경치랑 솔 에르다 보너스 단계 따로 설정하는 건가여?
오르는데,1,3,0,3,3,0,0,0,0,0,아이템,1.0,1.0,1.3862943611198906,제네무기 추옵 질문,선생님들 메린이 질문 하나 잇습니다,미트라 잡레전 사야할까요
올려줄,1,3,0,3,3,0,0,0,0,0,아이템,1.0,1.0,1.3862943611198906,제네시스 코인 투자처 질문,메선생님들 보조캐 하진힐 스펙업 훈수좀 부탁드립니다,형님들 템셋 조언좀 해주십쇼
올릴까,1,3,0,3,3,0,0,0,0,0,아이템,1.0,1.0,1.3862943611198906,현재 템셋 스펙업 조언좀 부탁드림다,메린이입니다. 훈수를 부탁합니다.,메린이 챌린저 목표로 방향성 질문 드립니다.
올스탯,1,3,0,3,3,0,0,0,0,0,아이템,1.0,1.0,1.3862943611198906,에테 이 정도 되는 옵션 작된 장비 18성 달면 얼마 정도 할까요?,18칠흑 22여명보장 뭐가야할까요?,부티크 전투복 질문!
올스텟,1,3,0,3,3,0,0,0,0,0,아이템,1.0,1.0,1.3862943611198906,제네시스 무기 추옵 궁금해요,제네무기 고민중인데여..,템 업그레이드 질문!!!
완제,1,3,0,3,3,0,0,0,0,0,아이템,1.0,1.0,1.3862943611198906,메린이 템 방향 조언 부탁드립니다 젭알,환산 6만 이후 템셋팅 도와주세요,누비 템 관련 질문
용사님,1,3,0,3,3,0,0,0,0,0,아이템,1.0,1.0,1.3862943611198906,챌섭 프펫 가격,,
우선 컴퓨터,2,3,0,3,0,0,0,0,0,3,기타,1.0,1.0,1.3862943611198906,컴고수 선생님들 게임이 계속 멈춥니다,메린이 컴퓨터 질문 드려도 되나요..?,컴고수님들 메린이 게임 멈춤 질문드립니다
우측,1,3,0,3,0,0,0,0,0,3,기타,1.0,1.0,1.3862943611198906,키바인드 변경 해도 되나,챌섭에서 퍼레이드 영구 자석펫 어떻게 수령하나요?,
웰컴패키지,1,3,0,3,0,0,0,0,0,3,기타,1.0,1.0,1.3862943611198906,챌린저스 패스 vs 제네패스 플러스,복귀뉴비 200레벨비약 질문이 있습니다,혹시 저자본으로 챌린저 가능한가여
윗잠 15퍼 아랫잠,3,3,0,4,3,0,0,0,0,0,아이템,1.0,1.0,1.3862943611198906,챌섭 뉴비 하드메이린 잡고싶은데 스펙업 질문,챌섭 블큐 화에큐 사용처 및 챌 달성 질문,가엔링이랑 데브팬 작 질문있어요
윗잠 3줄을,2,3,0,3,3,0,0,0,0,0,아이템,1.0,1.0,1.3862943611198906,해방무기 작 하는 거 질문,큐브 복구 가능할까요?,
윗잠 보공뎀,2,3,0,3,3,0,0,0,0,0,아이템,1.0,1.0,1.3862943611198906,보마 보조 윗잠 돌리기 vs 그냥쓰다 팔기,제네패스 플러스 코인 사용처,뉴비 보조무기 질문 하나만 받아주십셔
윗잠 보보보,2,3,0,3,3,0,0,0,0,0,아이템,1.0,1.0,1.3862943611198906,급함 제네무기 윗잠 방무 버려도됨??,레테 보조무기 질문드립니다,해방무기 옵션 질문입니다.
윗잠 정옵,2,3,0,4,3,0,0,0,0,0,아이템,1.0,1.0,1.3862943611198906,잡쌍레 보조 vs 제네무기,챌린저 목표) 진로 설정 질문입니다.,아스트라 보조 전승 질문이 있습니다.
윗잠2줄,1,3,0,6,3,0,0,0,0,0,아이템,1.0,1.0,1.3862943611198906,큐브 사용처 질문,챌섭 메린이 해방했는데 잠재 어떻게 할까요?,메린이 헥환6만까지 스펙업 계획 좀 봐주세요
윗줄,1,3,0,4,3,0,0,0,0,0,아이템,1.0,1.0,1.3862943611198906,제네플 코인 질문 드려요,제네패스 윗잠 아랫잠 우선순위 질문,메린이 해방무기 재화 사용 질문
유기,1,3,0,3,0,0,0,0,0,3,기타,1.0,1.0,1.3862943611198906,겨울에 제네패스 나오나요?,형들 레벨링 어떻게 나눠야할까,
유기하고,1,3,0,3,0,0,0,0,0,3,기타,1.0,1.0,1.3862943611198906,챌섭 리프 질문,뉴비 이 캐릭터 버려야하는지 고민입니다..,스카니아? 엘리시움?
유니크까지,1,3,0,3,3,0,0,0,0,0,아이템,1.0,1.0,1.3862943611198906,챌섭레테 여명4셋 이후 뭐맞추는게 좋나요,미라클데이 때 에디 유니크만 노려도 괜찮을까요?,카레잠 하트에 바르고 옵션은 뭘로 띄워요??
유닠 마력,2,3,0,3,3,0,0,0,0,0,아이템,1.0,1.0,1.3862943611198906,챌섭 부캐 에디 레전 천장 사용처 질문,뉴비 보조 vs 미트라 둘중 뭘 사는게 좋을까요,해방무기 옵션 질문입니다.
유에 둘둘,2,3,0,4,3,0,0,0,0,0,아이템,1.0,1.0,1.3862943611198906,유챔 하드 세렌급 보조 스펙 질문 있습니다!,템 가성비 셋팅 질문,챌섭뉴비 블큐 화에큐 어디다 써야할까요
유잠 에에잠,2,3,0,3,3,0,0,0,0,0,아이템,1.0,1.0,1.3862943611198906,뉴비 주보캐 템 질문좀 받아주실분,소과금 메린이 스펙업 방향 조언 부탁드림다ㅜㅜ,샤타 때 이렇게 템 맞추면 될까?
유저들,1,3,0,3,0,0,0,0,0,3,기타,1.0,1.0,1.3862943611198906,동전꼽기가 운영정책 위반인지 여부,검마 2인 이정도면 갈만할까요?,연합 토큰 어떻게 얻나요?
육성중이고,1,3,0,3,3,0,0,0,0,0,아이템,1.0,1.0,1.3862943611198906,"방어구, 장신구 템셋 훈수 부탁드립니다 (글삭X)",메쌤들 질문점,스펙업 진로상담 부탁드립니다.
이노,1,3,0,3,3,0,0,0,0,0,아이템,1.0,1.0,1.3862943611198906,여명 놀긍작 질문있습니다.,챌섭 다이아 찍었는데요 하트질문,놀긍 60퍼 작 해도 되나요?
이라고,1,3,0,3,0,0,0,0,0,3,기타,1.0,1.0,1.3862943611198906,메린이 비욘드버닝 도와주세요ㅠㅠ,챌섭 리프 관련 질문글,챌섭 패스 질문
이런 상태인데,2,3,0,3,3,0,0,0,0,0,아이템,1.0,1.0,1.3862943611198906,메짱이 선생님들 대적자코인 어디에 써야할지 모르겠습니다,제네 패스 플러스 코인 어디에 쓰는 게 좋을까요?,메린이 질문있습니다
이렇게 세가지,2,3,0,3,3,0,0,0,0,0,아이템,1.0,1.0,1.3862943611198906,안녕하세요 선생님들 템 진로 고견좀 여쭙습니다,제네패스 플러스 재화를 어디에 투자해야할까요?,뉴비 듀블 레잠 질문입니다!
이렇게 세가지 중에,3,3,0,3,3,0,0,0,0,0,아이템,1.0,1.0,1.3862943611198906,안녕하세요 선생님들 템 진로 고견좀 여쭙습니다,제네패스 플러스 재화를 어디에 투자해야할까요?,뉴비 듀블 레잠 질문입니다!
이미지 목표,2,3,0,3,3,0,0,0,0,0,아이템,1.0,1.0,1.3862943611198906,"메린이 오늘 첫 해방했는데, 잠재 돌리고 남은 블랙큐브는 어디에 쓰는게 좋나요?",소과금 메린이 스펙업 방향 조언 부탁드림다ㅜㅜ,방향성 고민중인데 조언 부탁드립니다.
이벤트 큐브,2,3,0,3,3,0,0,0,0,0,아이템,1.0,1.0,1.3862943611198906,챌섭 스펙업 어떻게 할까요? 미트라? 보장?,아이템 질문 하나만 드려도 될까요?,뉴비 렌 이벤트링이랑 기타 등등 질문 있습니다
이제 여기서,2,3,0,3,3,0,0,0,0,0,아이템,1.0,1.0,1.3862943611198906,"방어구, 장신구 템셋 훈수 부탁드립니다 (글삭X)",챌섭 메린이 하메를 위한 템셋팅 조언 부탁드립니다!,챌섭 유입 질문드립니다.
이터널플레임,1,3,0,3,3,0,0,0,0,0,아이템,1.0,1.0,1.3862943611198906,메린이 지금 약간 막막한데..,응애 뉴비 이벤트링 질문있어요,"유입뉴비 반지질문있읍니다 선생님덜,,"
이후 칠흑,2,3,0,3,3,0,0,0,0,0,아이템,1.0,1.0,1.3862943611198906,저 거공 먹었는데 사용해도 되나요?,챌섭뉴비 템 가이드 부탁드립니다ㅠ,메린이 챌섭 템세팅 질문
일단 메소,2,3,0,3,3,0,0,0,0,0,아이템,1.0,1.0,1.3862943611198906,제네 무기 대적자코인 어디다가 지르는게 나을가요??,뉴비 아이템 셋팅 질문 두개만 부탁드립니다.,메짱형님들 템세팅 봐주세요~!
일단 보조,2,3,0,3,3,0,0,0,0,0,아이템,1.0,1.0,1.3862943611198906,챌섭 뉴비 방향성 조언 부탁드려요 메짱형님들,보조 무기 질문...,카레잠 보조 or 하트 뭐가 낫죠?
일단 이렇게,2,3,0,3,3,0,0,0,0,0,아이템,1.0,1.0,1.3862943611198906,복귀늅 템 질문,4칠흑 4여명 할 생각인데 조언좀 부탁해!!,3주늦은뉴비 템진로 훈수 제발 부탁드립니다
입니당,1,3,0,3,3,0,0,0,0,0,아이템,1.0,1.0,1.3862943611198906,챌섭 유입 템세팅 조언 질문드려요!,제네 무기 질문좀여!,뉴비 카레잠 소모처 질문
있고요,1,3,0,3,3,0,0,0,0,0,아이템,1.0,1.0,1.3862943611198906,챌섭 챌린저 목표 템셋팅 관련 질문입니다.,미라클 어디에 질러야 할까요?,챌 유입 제논 템셋팅 및 템업글 직작 조언 부탁드림다!
있는데 22성,2,3,0,3,3,0,0,0,0,0,아이템,1.0,1.0,1.3862943611198906,선생님들 도미 안사고 바로 고근 가도 되나요?,이번 챌섭 유입 템세팅 질문드려봅니다,18성 칠흑 27퍼 쌍레 에디 2줄 22성 가도될까요?
있는데 미트라,2,3,0,3,3,0,0,0,0,0,아이템,1.0,1.0,1.3862943611198906,미트라 vs 에테 장갑 고민 추천 부탁드립니다.,똥블렘 vs 미트라 고민좀용 ㅠㅠㅠㅠㅠ,똥블렘 에디 질문
있어야,1,3,0,3,3,0,0,0,0,0,아이템,1.0,1.0,1.3862943611198906,챌 유입 제논 템셋팅 및 템업글 직작 조언 부탁드림다!,이번 모멘텀 패스 및 경험치 BM류 관련 질문입니다,메린이 해방하면 챌린저 달수 있나염?
작된거,1,3,0,4,3,0,0,0,0,0,아이템,1.0,1.0,1.3862943611198906,핵환 4.4 도미먹었는디,뉴비 템 순서 질문드립니다,챌섭레테 여명4셋 이후 뭐맞추는게 좋나요
잠재유니크,1,3,0,3,3,0,0,0,0,0,아이템,1.0,1.0,1.3862943611198906,장신구 부분직작 된걸로 사도 되나요,챌섭 메린이 메소로 어떤스펙업 먼저하나요??,
잡아버려서,1,3,0,3,0,3,0,0,0,0,퀘스트,1.0,1.0,1.3862943611198906,미션 울티마 스토리 퀘,이번에 검마를 잡았는데 지금이라도 제네 패스 늦지 않았나요?,제네시스 해방 퀘스트 관련 질문입니다 [메린이]
잡유,1,3,0,3,3,0,0,0,0,0,아이템,1.0,1.0,1.3862943611198906,카레잠 사용처 추천좀요,템 진로 찐 최종 확인 제발 부탁드립니다,뉴비 챌섭 레잠 사용처 및 미래 템세팅 조언 부탁드립니다
장갑 에테,2,3,0,3,3,0,0,0,0,0,아이템,1.0,1.0,1.3862943611198906,헥환 8만 목표 과금 어느정도 해야할까요?,아케인뚝 그정도로 별로에요?,햄들 스펙업 조언좀 부탁드림다...
장갑 크뎀,2,3,0,4,3,0,0,0,0,0,아이템,1.0,1.0,1.3862943611198906,메멘토 18성 200제로 아케인 방어구 만들어서 쓰면 되나요?,안녕하세요 시즌4 복귀 유저 본섭 카데나 세팅 조언 주실 분,18성 앱솔(크뎀 장갑) vs 흙케인
장신구 17성,2,3,0,4,3,0,0,0,0,0,아이템,1.0,1.0,1.3862943611198906,메린이 많이 성장했지만 다시 막막해짐..,뉴비 질문드립니다,챌섭 메린이 스펙업 질문 있습니다!
장신구 추옵,2,3,0,3,3,0,0,0,0,0,아이템,1.0,1.0,1.3862943611198906,챌섭 누비 검환불 질문좀용,타오르는 환생을 불꽃 구매해도 ㄱㅊ 나요?,챌섭 초반 아이템 질문있습니다
장신구쪽,1,3,0,3,3,0,0,0,0,0,아이템,1.0,1.0,1.3862943611198906,레테 카루타 템셋팅 질문드립니다 도와주세요,환산 8~9만대 목표로 하고 있습니다.,스펙업 방향성 알려주실분
재구매,1,3,0,3,3,0,0,0,0,0,아이템,1.0,1.0,1.3862943611198906,본섭에 탬을 챌섭으론 못 옮기죠?,캐시 잘 못 수령했는데 ㅜㅜ,
재보상,1,3,0,3,0,0,0,0,0,3,기타,1.0,1.0,1.3862943611198906,어빌리티 설정,메린이 어빌 질문 있워요!!!,
재설치,1,3,0,3,0,0,0,0,0,3,기타,1.0,1.0,1.3862943611198906,카르시온 넘어왔는데 왜 사냥 메소가 줄었을까요?,로그인(웹인증) 관련 문제 도움,사냥 중 튕김 현상
저녁,1,3,0,4,0,0,0,0,0,3,기타,1.0,1.0,1.3862943611198906,"안녕하세요 메쌤, 메형님들 뉴비 질문 몇 가지만 해도 될까요?",어제부터 전투력이 200만 정도 널뛰기하는데 원인을 모르겠습니다..,누가 메이플 접는건 능지순이라 했는데...
전용,1,3,0,4,3,0,0,0,0,0,아이템,1.0,1.0,1.3862943611198906,드메링(재획용)과 스탯링(보스용)을 어떻게 세팅 해야하는지 궁금합니다.,뉴비 다음 반지 잠재 어떻게 계획해가면 돼요?,뉴비 렌 이벤트링이랑 기타 등등 질문 있습니다
정도씩,1,3,0,3,3,0,0,0,0,0,아이템,1.0,1.0,1.3862943611198906,메린이 스펙업 방향성 질문드립니다,헥환5만 다음 아이템 변경 어떻게 가면 좋을까요?,무자본 메제유저 스펙업 훈수좀 부탁드립니다. (스펙상세첨부
정도에요,1,3,0,3,3,0,0,0,0,0,아이템,1.0,1.0,1.3862943611198906,메린이 템세팅 질문이용,플라즈마 하트 본캐 vs 부캐 고민,방어구 잠재
정옵 3줄,2,3,0,3,3,0,0,0,0,0,아이템,1.0,1.0,1.3862943611198906,제네플 코인 질문 드려요,18에테랑 22아케인 레에 작은 보통 뭘로하나요?,샤타 및 스펙업 조언좀
제네 무기 에디,3,3,0,3,3,0,0,0,0,0,아이템,1.0,1.0,1.3862943611198906,헥환 8만 목표 과금 어느정도 해야할까요?,챌섭 부캐 에디 레전 천장 사용처 질문,메린이 헥환6만까지 스펙업 계획 좀 봐주세요
제네시스 플러스 패스,3,3,0,3,3,0,0,0,0,0,아이템,1.0,1.0,1.3862943611198906,대적자 코인 쓸 곳 질문드립니다.,제네패스 플러스 코인 어디다 써야할까요?,메린이 하드 메이린 템셋 질문있습니다
제네플러스 큐브,2,3,0,3,3,0,0,0,0,0,아이템,1.0,1.0,1.3862943611198906,해방무기 잠재 에디 뭐돌리나요,제네무기 잠재 관련 질문,템세팅 조언 좀 부탁 드립니다..
제목 미트라,2,3,0,3,3,0,0,0,0,0,아이템,1.0,1.0,1.3862943611198906,카에유잠 사기 vs 에디 메소 등업,미트라 판매 vs 들고가기 (메고수님들 도와주세요ㅠㅠ),미트라 잠재 고민중입니다.
제일 나을까요,2,3,0,3,3,0,0,0,0,0,아이템,1.0,1.0,1.3862943611198906,챌섭 메린이 질문이용,무보엠 에디천장 어디쓰는게 제일 낫나요??,썬콜 대적자 코인 어디에 쓸까요?
조언해주실,1,3,0,3,3,0,0,0,0,0,아이템,1.0,1.0,1.3862943611198906,메린이 보조 바꿀려고 45억 모았는데 어떻게 할까요 ㅜㅜ,쌩뉴비 해방이후 템세팅 진로(자본 80억),챌섭 챌린저 찍고싶어우..
좋다고 들었는데,2,3,0,3,0,0,0,0,0,3,기타,1.0,1.0,1.3862943611198906,메린이 헥사 2 떡작 8 10 2 떴는데 잘뜬거맞죠?,280레벨 달성했는데 블루베리는 그냥 다 쓰면 되나요??,어센트 스킬 질문있습니다
좋을지 알려주시면,2,3,0,3,3,0,0,0,0,0,아이템,1.0,1.0,1.3862943611198906,잠재 좀더 돌려야될까요?,하드메이린 스펙 질문,제네패스 플러스 코인 어디다 써야할까요?
주문서 다른,2,3,0,3,3,0,0,0,0,0,아이템,1.0,1.0,1.3862943611198906,뉴비) 첫 해방 무기 세팅 방법 좀 알 수 잇을까요?!,아흐... 펫장비 이전 줌서에 대한 글은 많은데...,펫 장비 능력치 이전
주제,1,3,0,3,3,0,0,0,0,0,아이템,1.0,1.0,1.3862943611198906,"""자석펫""이라는 존재가 메이플에서 아주 처음 나왔을때가 언제인가요?",템 진로 찐 최종 확인 제발 부탁드립니다,뉴비 세팅 질문 ..!
주흔 15퍼,2,3,0,5,3,0,0,0,0,0,아이템,1.0,1.0,1.3862943611198906,작을 새로 해주는게 나을까요?,에테뚝 작을 어떻게 해야 할까요?,놀긍 60퍼 작 해도 되나요?
줘서 챌섭,2,3,0,3,0,0,0,0,0,3,기타,1.0,1.0,1.3862943611198906,모멘텀 패스 플러스 누구 줄까요?,290 찍을꺼면 챌섭에 남는게 맞나요??,플라즈마 하트 진지하게 고민중입니다 ㅠㅠ
증가량,1,3,0,5,3,0,0,0,0,0,아이템,1.0,1.0,1.3862943611198906,제네 윗잠 둘중에 뭐가 더 좋나요?,제네무기 추옵 질문 있습니다,에스텔라 마이링 오글링 메짱의 선택은 뭘까요?
지싱크,1,3,0,4,0,0,0,0,0,3,기타,1.0,1.0,1.3862943611198906,메이플 그래픽설정 의견주시면 감사하겠습니다.,메이플 좀 켜두면 생기는 잔렉? 프레임드랍? 해결방법 있을까요..,윈10 프리징? 해결방법 아시는분..ㅠㅜ
직업 맘에,2,3,0,3,0,0,0,0,0,3,기타,1.0,1.0,1.3862943611198906,겨울에도 재네패스 하나요?,하이퍼버닝 계정 탈퇴 후 재가입 해도 불가 재참여 방법 질문,하이퍼 버닝 없이 챌린저스
직업 보마,2,3,0,3,3,0,0,0,0,0,아이템,1.0,1.0,1.3862943611198906,검마 템세팅좀 봐주실수있을까요,똥블럼 방무 vs 공격력,검마 최소컷 템맞추기
직업인데,1,3,0,3,0,0,0,3,0,0,직업,1.0,1.0,1.3862943611198906,투력과 스공 중에 뭘 중점적으로 봐야 하나요?,플래닛에서 처음 본메 넘어가는 뉴비 직업질문좀 드립니다!,도와주세요 전투력 2100만까지 올렸는데도
직작하려고,1,3,0,3,3,0,0,0,0,0,아이템,1.0,1.0,1.3862943611198906,챌섭뉴비 레테 템 진로 잘 짠걸까요??,메린이 아이템 시세 문의,여명셋 하나만 사야한다면 뭐를 살까요?
질문남깁니다,1,3,0,3,3,0,0,0,0,0,아이템,1.0,1.0,1.3862943611198906,전투력 2천만 뉴비입니다. 템세팅 질문있습니다.ㅠㅠ,레테 윗잠 올이탈 보조(보방마) 쭉가져갈만 한가요?,루나 익스텐션 궁금합니다.
채우면서,1,3,0,3,3,0,0,0,0,0,아이템,1.0,1.0,1.3862943611198906,"뉴비 챌섭이후 본섭 준비 질문,평가해주세요",드메템 맞추는게 이득일까요?,메린이 제네무기 및 템진단좀 부탁드립니다.
챌린저등급,1,3,0,3,0,0,0,0,0,3,기타,1.0,1.0,1.3862943611198906,메이플 대장장이 컨텐츠질문!,메린이 방향성이 잘못된걸까요? 현실조언 부탁드립니다,메린이 아이템 진로 및 재획관련궁금합니당~!
챌린저스 코인샵,2,3,0,3,3,0,0,0,0,0,아이템,1.0,1.0,1.3862943611198906,보스 물약 종류,vip버프 어느 코인샵에서 사시나요?,메린이 커플 템진로좀 잡아주세요 ㅜㅜ
챌린져,1,3,0,3,3,0,0,0,0,0,아이템,1.0,1.0,1.3862943611198906,메린이 많이 성장했지만 다시 막막해짐..,파풀마 비싸면 블빈마 써도 되나요?,조각 안파는 챌썹 메린이 템 진로좀!!
챌섭 복귀한,2,3,0,3,0,0,0,0,0,3,기타,1.0,1.0,1.3862943611198906,200억 챌린저 가능한가요 고수분들의견이 궁금합니다,뉴비 질문있습니다.,데미지 스킨 얻는법
챌섭부터,1,3,0,3,3,0,0,0,0,0,아이템,1.0,1.0,1.3862943611198906,플라즈마 하트 스페어 질문,안녕하세요. 챌섭 뉴비 질문드립니다. 과금관련,
챌섭패스,1,3,0,3,0,0,0,0,0,3,기타,1.0,1.0,1.3862943611198906,챌섭 리프질문,뉴비 챌린저하고 싶은데 바닥부터 진로상담 부탁드립니다,챌섭 패스 질문드려요
챌섭하면서,1,3,0,3,3,0,0,0,0,0,아이템,1.0,1.0,1.3862943611198906,미라클 타임.. 엠블 vs 하트,메짱 친구들아 뉴비 템 견적 어디까지 됨..?,헥환 5만에서 7~8만 목표로 하고 있는데 뭐부터 하면 좋을까요?
첨부,1,3,0,3,0,0,0,0,0,3,기타,1.0,1.0,1.3862943611198906,"안녕하세요 메쌤, 메형님들 뉴비 질문 몇 가지만 해도 될까요?",밑에 메린이 컴퓨터 질문한 사람입니다!,헥사 스탯 초기화 해야 하나요?
첫날부터,1,3,0,3,0,0,0,0,0,3,기타,1.0,1.0,1.3862943611198906,12시 넘으면 점검 전이라도 숙제들 초기화 되나요?,메린이 주말반입니다 도와주세요,님들 진짜 너무 급해요 유입 뉴비 메린인데 질문좀 봐주세요 ㅜ
최적,1,3,0,3,0,0,0,0,0,3,기타,1.0,1.0,1.3862943611198906,메이플 그래픽설정 의견주시면 감사하겠습니다.,헥사스탯 3 열려고 하는데 질문이 있습니다,헥사 스탯 초기화 해야 하나요?
추옵 2추 보공,3,3,0,3,3,0,0,0,0,0,아이템,1.0,1.0,1.3862943611198906,썬콜 대적자 코인 어디에 쓸까요?,제네 패스 플러스 코인 어디에 쓰는 게 좋을까요?,무기 질문 드립니다
추옵 먼저,2,3,0,3,3,0,0,0,0,0,아이템,1.0,1.0,1.3862943611198906,제네무기 옵션 방향성좀 알려주세요...,제네무기 질문드립니다,무보엠 큐브
추옵 윗잠 아랫잠,3,3,0,3,3,0,0,0,0,0,아이템,1.0,1.0,1.3862943611198906,제네무기 질문입니다 메짱선생님들,제네 방향성 도움 바랍니다,제네 무기 질문좀여!
추옵중,1,3,0,3,3,0,0,0,0,0,아이템,1.0,1.0,1.3862943611198906,메린이 오늘 해방했어요!,레태 해방무기 대적자 큐브 질문,제네무기 추옵 질문 있습니다
칠흑 여명,2,3,0,3,3,0,0,0,0,0,아이템,1.0,1.0,1.3862943611198906,선생님들 헥사환산 몇을 목표로 잡아야할까요?,익스우 솔플 템셋하려면 다 갈아엎어야하져?,메린이 질문 있습니다!
칠흙,1,3,0,3,3,0,0,0,0,0,아이템,1.0,1.0,1.3862943611198906,해방무기 윗옵,환산 5.6 나워 스펙업 순서 질문,복귀유저 탬 조언 부탁드립니다.
카레잠 바르고,2,3,0,4,3,0,0,0,0,0,아이템,1.0,1.0,1.3862943611198906,카레잠 사용처 추천좀요,내일 제네무기랑 메소를 어떻게 써야할까요??,챌섭 메린이 듀블 템셋팅 질문있습니다
카르마 레전,2,3,0,3,3,0,0,0,0,0,아이템,1.0,1.0,1.3862943611198906,뉴비) 첫 해방 무기 세팅 방법 좀 알 수 잇을까요?!,쌩뉴비 해방이후 템세팅 진로(자본 80억),잠재 주문서 어따써야할지 모르겠음..
카르마 레전 잠재,3,3,0,3,3,0,0,0,0,0,아이템,1.0,1.0,1.3862943611198906,뉴비) 첫 해방 무기 세팅 방법 좀 알 수 잇을까요?!,쌩뉴비 해방이후 템세팅 진로(자본 80억),잠재 주문서 어따써야할지 모르겠음..
캐릭터 구매,2,3,0,3,3,0,0,0,0,0,아이템,1.0,1.0,1.3862943611198906,메이플 옥션 시스템 하나 궁금한게 있는데,캐시 잘 못 수령했는데 ㅜㅜ,
캐쉬샵,1,3,0,3,0,0,0,0,0,3,기타,1.0,1.0,1.3862943611198906,실수로 어빌리티 잘못돌려버렸어요..,메포 1만원 때문에 현질했습니다..,mvp 레드만 유지하고 블랙으로 가긴 싫은데 질문있습니다
컨티4,1,3,0,3,3,0,0,0,0,0,아이템,1.0,1.0,1.3862943611198906,레테 하드 메이린 스펙 업 질문 있습니다!,"뉴비 챌섭이후 본섭 준비 질문,평가해주세요",챌섭 메이린 제가 템셋 뭐 잘못한건가요? 아님 좀 빡센건가요?
컴퓨터 문제,2,3,0,3,0,0,0,0,0,3,기타,1.0,1.0,1.3862943611198906,밑에 메린이 컴퓨터 질문한 사람입니다!,메린이 컴퓨터 질문 드려도 되나요..?,점프 한번만 눌렀는데 두번 눌리는 버그
컴퓨터 사양,2,3,0,3,0,0,0,0,0,3,기타,1.0,1.0,1.3862943611198906,"메이플 캐릭변경, 캐시샵 튕김현상 제발 도와주세요",컴고수 선생님들 게임이 계속 멈춥니다,컴고수님들 메린이 게임 멈춤 질문드립니다
퀘스트 완료,2,3,0,3,0,3,0,0,0,0,퀘스트,1.0,1.0,1.3862943611198906,뉴비가 모험미션 질문드리겠습니다!,오늘 검마 솔격으로 잡아야 되는건가요?,
큐브 돌려서,2,3,0,3,3,0,0,0,0,0,아이템,1.0,1.0,1.3862943611198906,제네 무기 대적자코인 어디다가 지르는게 나을가요??,"뉴비 챌섭이후 본섭 준비 질문,평가해주세요",안녕하십니까 메린이 질문 드립니다
큐브 사서,2,3,0,3,3,0,0,0,0,0,아이템,1.0,1.0,1.3862943611198906,메린이 에디 레전 천장 어떻게 하는게 좋을까요,법사 선배님들 템진로 도와주시면 감사하겠습니다,코인 4500개 남았는데 이벤링레전주문서 사야되나요
큐브로,1,3,0,3,3,0,0,0,0,0,아이템,1.0,1.0,1.3862943611198906,미라클때 메소로는 등업이 2배가 아닌가요?,이번유입 스펙업 순서좀 알려주실수있을까요,챌섭 블랙보조 에디 유니크다는게 나을까요??
큐브사서,1,3,0,3,3,0,0,0,0,0,아이템,1.0,1.0,1.3862943611198906,무보엠 에디천장 어디쓰는게 제일 낫나요??,제네무기 추옵 잠재 뭐부터하나요,챌섭 메린이 이벤링 질문
크인인,1,3,0,3,3,0,0,0,0,0,아이템,1.0,1.0,1.3862943611198906,챌섭 유입 메린이 템 진단좀 부탁드려요,템세팅 질문,
크크주,1,3,0,4,3,0,0,0,0,0,아이템,1.0,1.0,1.3862943611198906,햄들 스펙업 조언좀 부탁드림다...,미트라 vs 크뎀장갑,전시즌 유입 뉴비 질문드립니다
키고,1,3,0,3,0,0,0,0,0,3,기타,1.0,1.0,1.3862943611198906,형들 제네스킬 이거 언제 쓰는거여?,님들 물자 지원은 축룬때만 킴?,피방시간 채우기
키울까하는데,1,3,0,3,0,0,0,3,0,0,직업,1.0,1.0,1.3862943611198906,복귀 유저 질문있습니다!,본섭 유기캐 본캐로 키우기.,
타임때,1,3,0,3,3,0,0,0,0,0,아이템,1.0,1.0,1.3862943611198906,미라클 타임.. 엠블 vs 하트,뉴비 해방이후 스펙업 방향성 검토 부탁드리겠습니다,엠블렘 질문
탭에,1,3,0,5,0,0,0,0,0,3,기타,1.0,1.0,1.3862943611198906,최근 메이플에서만 렉이 유ㅜ독 심합니다 살려주십셔,챌섭에서 퍼레이드 영구 자석펫 어떻게 수령하나요?,
템부터,1,3,0,3,3,0,0,0,0,0,아이템,1.0,1.0,1.3862943611198906,팔라딘 무보엠 순서 질문드립니다,뉴비 스펙업 아이템 질문,형님들 주에 30억버는 메린인데요
템을 사야할지,2,3,0,3,3,0,0,0,0,0,아이템,1.0,1.0,1.3862943611198906,메린이 템세팅 관련해서 질문 있습니다..!,안녕하세요. 챌섭 뉴비 질문드립니다. 과금관련,
투력 1억,2,3,0,3,3,0,0,0,0,0,아이템,1.0,1.0,1.3862943611198906,여명셋 질문 있습니다!,챌섭 보마 무보엠 적당한지,템잘알 메고수분들 도와주세요
트와일,1,3,0,5,3,0,0,0,0,0,아이템,1.0,1.0,1.3862943611198906,연합토큰 어디에 쓸까요,템 진로 찐 최종 확인 제발 부탁드립니다,뉴비 챌섭 레잠 사용처 및 미래 템세팅 조언 부탁드립니다
팔까,1,3,0,3,3,0,0,0,0,0,아이템,1.0,1.0,1.3862943611198906,메이린 잡다 마도서 썻는데,챌섭 칠흑(커포링)떳는데 파는게 좋을까 쓰는게 좋을까,컨티4레벨 질문
프악마작,1,3,0,4,3,0,0,0,0,0,아이템,1.0,1.0,1.3862943611198906,챌섭뉴비 레테 템 진로 잘 짠걸까요??,"다음 스펙업 질문,,",장문)챌섭에서 본캐 레테하고 있는 유저인데 템셋팅 고민입니다.
플하 18성,2,3,0,3,3,0,0,0,0,0,아이템,1.0,1.0,1.3862943611198906,스펙업 질문!,메린이 하드메이린킬 위한 스펙업 조언부탁드려요,샤타 및 스펙업 조언좀
필터,1,3,0,3,3,0,0,0,0,0,아이템,1.0,1.0,1.3862943611198906,에디 3줄만 보고 팔만 한가요?,복귀 유저 해방전 아케인 무기좀,메린이 드메템 질문이요!
하나 없어요,2,3,0,3,3,0,0,0,0,0,아이템,1.0,1.0,1.3862943611198906,이번 레테복귀유저 본섭캐릭 버릴까용?,무기 2추옵+18%인데 더돌려야하나요?,2주차 연합코인 어떻게 써야할까요?
하나 해방무기,2,3,0,3,3,0,0,0,0,0,아이템,1.0,1.0,1.3862943611198906,챌섭 복귀유저 렌 스펙업 훈수 부탁드립니다.,뉴비 보조 vs 미트라 둘중 뭘 사는게 좋을까요,카레잠 보조 or 하트 뭐가 낫죠?
하드 메이린 잡기,3,3,0,3,3,0,0,0,0,0,아이템,1.0,1.0,1.3862943611198906,메린이 하드메이린 잡으려면 어떻게 세팅해야 할까요…,메린이 도움!!,똥블렘 에디 질문
하라고 하더라고요,2,3,0,3,3,0,0,0,0,0,아이템,1.0,1.0,1.3862943611198906,작을 새로 해주는게 나을까요?,메린이 악세사리 주문작 질문 좀 드립니다.,"섀도어 템환 7만 후반, 헥환 7만 초반 템세팅 질문"
하메잡고,1,3,0,3,0,0,0,0,0,3,기타,1.0,1.0,1.3862943611198906,어제 막 챌찍은 메린이 진로질문있습니다,미트라 무조건 가야할까요?,메린이 챌린저 이후 진로봐주실분..
하면되나요,1,3,0,3,3,0,0,0,0,0,아이템,1.0,1.0,1.3862943611198906,프펫공작,엠블렘 / 블랙보조무기 직작 해버렸는데 이럼안돼요?,템 처음부터 맞추려고하는데 어떻게해야되나요?
하버 아버,2,3,0,4,0,0,0,0,0,3,기타,1.0,1.0,1.3862943611198906,하이퍼버닝 계정 탈퇴 후 재가입 해도 불가 재참여 방법 질문,ㅈ됐슴다,찐 메린이 한번도와주실분
하의 에테,2,3,0,3,3,0,0,0,0,0,아이템,1.0,1.0,1.3862943611198906,아버 끝나고 방어구,지금 아케인 22성은 좀 뒤쳐졌을까,템 진로 질문..
한다,1,3,0,4,3,0,0,0,0,0,아이템,1.0,1.0,1.3862943611198906,1억 플마단 되려면 뭐부터 해야 하나요?,선생님들 메린이 진로 추천 부탁드리겠습니다,메린이 챌섭 미라클 타임 문의
한지,1,3,0,4,0,0,0,0,0,3,기타,1.0,1.0,1.3862943611198906,제네패스 오늘 기준 7/16 사도 안늦나요?,챌섭 패스 질문,환산 스탯 기준 100% 넘으면 잡을만 한건가요?
해방무기 큐브,2,3,0,3,3,0,0,0,0,0,아이템,1.0,1.0,1.3862943611198906,해방무기 윗옵,해방무기질문,잠재 5줄로 전부위 하면 환산 몇까지 갈까요?
해방큐브 하다,2,3,0,3,3,0,0,0,0,0,아이템,1.0,1.0,1.3862943611198906,에디천장 질문있습니다.,큐브 복구 가능할까요?,
해방했습니다,1,3,0,3,3,0,0,0,0,0,아이템,1.0,1.0,1.3862943611198906,메린이 첫 해방했는데 무지 에디 어떻게 할까요,쌩뉴비 해방이후 템세팅 진로(자본 80억),챌섭 메린이 해방했는데 잠재 어떻게 할까요?
해본적,1,3,0,3,3,0,0,0,0,0,아이템,1.0,1.0,1.3862943611198906,이번 모멘텀 패스 및 경험치 BM류 관련 질문입니다,해방 무기 큐브 더 써야할까요?,뉴비 제네시스 패스 질문입니다.
해상,1,3,0,3,0,0,0,0,0,3,기타,1.0,1.0,1.3862943611198906,컴고수 선생님들 게임이 계속 멈춥니다,컴고수님들 메린이 게임 멈춤 질문드립니다,검은화면 증상 해결법 아시는분 계신가요
해야한다면,1,3,0,3,3,0,0,0,0,0,아이템,1.0,1.0,1.3862943611198906,메린이 하드 메이린 템셋 질문있습니다,챌 뉴비 템세팅 질문!,블빈마 어케 하나요?
해야할지 모르겠네요,2,3,0,3,3,0,0,0,0,0,아이템,1.0,1.0,1.3862943611198906,하드 메이린 깨고나서 스펙업 질문,메린이)첫 285완료 mvp작 및 템 방향성 질문드려요,부캐 제네 플러스 어디다가
핸즈옥션,1,3,0,3,3,0,0,0,0,0,아이템,1.0,1.0,1.3862943611198906,챌섭 프펫 가격,,
핸즈옥션 안돼서,2,3,0,3,3,0,0,0,0,0,아이템,1.0,1.0,1.3862943611198906,챌섭 프펫 가격,,
현질할,1,3,0,3,3,0,0,0,0,0,아이템,1.0,1.0,1.3862943611198906,헥환 5만에서 7~8만 목표로 하고 있는데 뭐부터 하면 좋을까요?,소과금 메린이 스펙업 방향 조언 부탁드림다ㅜㅜ,제가 어비스를 사려고 돈모으는 중인데요
혹여나,1,3,0,3,3,0,0,0,0,0,아이템,1.0,1.0,1.3862943611198906,"에테 17을 직작하는거보다 사와서 샤타포스때 18,19++ 로 점진적 성장하는건 별론가요?",이렇게 템셋해도 괜찮을까요?,메린이 미라클 엠블렘 질문 있습니다
화에큐 40개,2,3,0,3,3,0,0,0,0,0,아이템,1.0,1.0,1.3862943611198906,잠재 좀더 돌려야될까요?,렌 제네해방 윗잠 아랫잠 이대로 가면 되나요?,해방무기 남은 큐브 질문
화에큐 돌리다,2,3,0,3,3,0,0,0,0,0,아이템,1.0,1.0,1.3862943611198906,형들 마깃안 에디 3줄 어떻게 처리할까요,뉴비 제네무기 뭐먼저 돌릴까요?,
확실한,1,3,0,3,3,0,0,0,0,0,아이템,1.0,1.0,1.3862943611198906,뉴비 해방이후 스펙업 방향성 검토 부탁드리겠습니다,응애 뉴비 이벤트링 질문있어요,템셋 자신있는 메창 형님들 질문좀
환산사이트에서,1,3,0,3,3,0,0,0,0,0,아이템,1.0,1.0,1.3862943611198906,헥환 5만목표 방향성 궁금해요,템환 10만으로 가고싶습니다..,렌 제네무기 공공공 vs 보공공
효율 좋나요,2,3,0,3,0,0,0,0,0,3,기타,1.0,1.0,1.3862943611198906,mvp작,어센트 스킬 질문있습니다,도원경 사냥터 질문
후순위,1,3,0,3,3,0,0,0,0,0,아이템,1.0,1.0,1.3862943611198906,"뉴비 챌섭이후 본섭 준비 질문,평가해주세요",형들 템세팅 이렇게 하러는데 어때?,스펙업 방향성 여쭤보고 싶습니다
뜨면,1,5,0,5,1,0,1,0,0,3,몬스터,0.2,0.5473066694941109,1.3862006884328988,챌섭 하드메이린 최소컷만큼 템셋 질문이요,하드메이린 최소컷,님들 물자 지원은 축룬때만 킴?
바빠서,1,5,0,5,1,0,1,0,0,3,몬스터,0.2,0.5473066694941109,1.3862006884328988,메쌤들 현실적으로 챌 달성 가능한지 상태좀 봐줄수있나요,"노말 세렌 여명 잘 넘기는 법 있나요,...?",선생님들 드메 100/100이 가성비라고 배웠는데 풀도핑 기준이 맞나요?
박으면,1,5,0,5,1,0,1,0,0,3,몬스터,0.2,0.5473066694941109,1.3862006884328988,챌섭 링크3렙 관련,사우나 어디에 쓰는게낫나요?,하메 질문
생김,1,5,0,5,1,0,1,0,0,3,몬스터,0.2,0.5473066694941109,1.3862006884328988,흉성 보스 웰케 공략이 이해가 안가네요ㅠㅠ,자석펫 vs 스펙업,무과금 챌뉴비 65억 정도 생겼는데 어디에 써야해?
검밑솔까지,1,5,0,5,3,1,0,1,0,0,퀘스트,0.2,0.5444878731136336,1.3836753858796258,드메부터 맞출지 스펙을 올릴지 추천좀 해주세요,재네패스샀는데 검마 필수인가요?,뉴비 스펙업 진로 고민있어요
가르쳐주세요,1,3,1,4,1,0,0,1,0,1,직업,0.3333333333333333,0.6519120102008447,1.383117983612428,4주차 뉴비 앞으로 진로방향좀 가르쳐주세요!,도박성공한 뉴비 질문있습니다,뉴비) 제로 공마 받는거요
데티해방,1,3,1,4,1,0,0,1,0,1,직업,0.3333333333333333,0.6519120102008447,1.383117983612428,헥환 7만 중반 ~ 8만 목표 레테 템세팅 조언 부탁드립니다.,9만 본캐 스펙업 vs 부캐 스펙업 선택 도와주십셔,데티해방 목표 칼리 vs 카데나
두가지,1,3,1,4,1,0,0,1,0,1,직업,0.3333333333333333,0.6519120102008447,1.383117983612428,메린이 챌섭 미라클 타임 문의,복귀뉴비 두가지 질문드려요,뉴비 직업 데슬 이랑 캡틴
맞지,1,3,1,5,1,0,0,1,0,1,직업,0.3333333333333333,0.6519120102008447,1.383117983612428,오늘 썬데이 메이플 솔에르다 주는거 278레벨 25개 받는거 맞지?,형들,본캐 바꿀만한가요?
벽에,1,3,1,4,1,0,0,1,0,1,직업,0.3333333333333333,0.6519120102008447,1.383117983612428,뉴비 검마까지 방향성 조언좀....,헥사 코어 3 때문에 벽에 막힌거 같습니다,뉴비 사고쳤는데 이럴때 어떻게해요 ? (보스 보상)
보스잡고,1,3,1,4,1,0,0,1,0,1,직업,0.3333333333333333,0.6519120102008447,1.383117983612428,유챔등록하고 보스잡고 템팔면 되나요?,5년로아 접은 쌩뉴비 메이플 시작 질문,안녕하세요 시즌4 유입 메린이입니다. 템세팅때문에 고민이 있어요 ㅠㅠ 도와주세요..!!!
본캐 육성,2,3,1,4,1,0,0,1,0,1,직업,0.3333333333333333,0.6519120102008447,1.383117983612428,꼬님키,본캐 육성 관련 질문,메린이 질문있습니다
비율,1,3,1,5,1,0,0,1,0,1,직업,0.3333333333333333,0.6519120102008447,1.383117983612428,보공 비율이 너무 높은거 같아 고민입니다..,핵사환산과 환산,블레이헤어 염색질문입니다
서버 레테,2,3,1,4,1,0,0,1,0,1,직업,0.3333333333333333,0.6519120102008447,1.383117983612428,헥환 7만 중반 ~ 8만 목표 레테 템세팅 조언 부탁드립니다.,[사전월드리프] 여러 서버로 이동 불가 관련 문구 문제,메이플 뉴비 챌린저스 서버 레테 꼭 해야할까용?! ㅠㅠ
스탯뚝,1,3,1,5,1,0,0,1,0,1,직업,0.3333333333333333,0.6519120102008447,1.383117983612428,스탯뚝에서 3초뚝으로 넘어가려는데 고민입니다..,잠재 질문,메잘알 형들 나로 질문이요ㅜㅜ
아버 22성,2,3,1,4,1,0,0,1,0,1,직업,0.3333333333333333,0.6519120102008447,1.383117983612428,하드메이린 진로,아버 22성,챌린저 목표 질문 좀 드립니다 !
안나오는데,1,3,1,4,1,0,0,1,0,1,직업,0.3333333333333333,0.6519120102008447,1.383117983612428,제가 실수로 도전자 무기에 공3퍼 소울을 발라버렸습니다..,메애기 환산 검색관련질문(추적),렌 데미지가 제대로 안나오는데 왜그럴까?
언제쯤,1,3,1,4,1,0,0,1,0,1,직업,0.3333333333333333,0.6519120102008447,1.383117983612428,미트라 교체 타이밍 궁금합니다,어센트 언제쯤 여는게 좋을까요,마네킹 오류
여쭙니다,1,3,1,5,1,0,0,1,0,1,직업,0.3333333333333333,0.6519120102008447,1.383117983612428,메이플 그래픽설정 의견주시면 감사하겠습니다.,챌린저 목표로 도전 중인데 템세팅 하나 여쭙니다 ..!,형님들 챌섭캐릭 삭제하고싶습니다
오늘부터,1,3,1,5,1,0,0,1,0,1,직업,0.3333333333333333,0.6519120102008447,1.383117983612428,레테 스공이 내려갔습니다,이번주에 하드 세렌을 하고 싶은데,메이플 한번도 안해본 뉴비 오늘부터 시작해도되나요?
이하,1,3,1,4,1,0,0,1,0,1,직업,0.3333333333333333,0.6519120102008447,1.383117983612428,보마 메이린 배율 질문있습니다 !,챌섭 템셋 질문입니다 !,요즘 이지카링 이하
증거,1,3,1,6,1,0,0,1,0,1,직업,0.3333333333333333,0.6519120102008447,1.383117983612428,님들 링크 3렙 찬란한영웅의 증거 질문 있습니다,전투력 2억 뉴비 엔버 도와주세요,링크3렙 방법 알려주세용
진지하게,1,3,1,4,1,0,0,1,0,1,직업,0.3333333333333333,0.6519120102008447,1.383117983612428,뉴비인데 고민이 있어요 ㅠㅠㅠ,복귀뉴비 5석펫 개오바겠죠?,플라즈마 하트 진지하게 고민중입니다 ㅠㅠ
첼린저스 서버,2,3,1,4,1,0,0,1,0,1,직업,0.3333333333333333,0.6519120102008447,1.383117983612428,첼린저스 서버 제네무기 잠재 질문,렌 코어 강화 관련 질문,메린이 비욘드버닝 도와주세요ㅠㅠ
할게요,1,3,1,4,1,0,0,1,0,1,직업,0.3333333333333333,0.6519120102008447,1.383117983612428,진짜 진지해요 바이퍼 질문하나만 할게요 ㅜㅜ,챌섭 유입 메린이 다음주 하드메이린 잡게 해주세요,신규 유저 입니다만.
말씀,1,6,0,6,2,0,0,1,0,3,직업,0.16666666666666666,0.41952867340286965,1.3811376262248345,뉴비 제논 진로 방향 알려주실분,메이플 파티플 질문,메포 1만원 때문에 현질했습니다..
보는데,1,6,0,6,2,0,0,1,0,3,직업,0.16666666666666666,0.41952867340286965,1.3811376262248345,어제 시작한 뉴비 제네패스,아케인뚝 그정도로 별로에요?,프악공마 뜻
보여서,1,6,0,6,2,0,0,1,0,3,직업,0.16666666666666666,0.41952867340286965,1.3811376262248345,18살 본섭에서 길드가입이 현실적으로 가능할지가 궁금합니다.,블랙보조12/60 아랫잠 고민,레테 계속 밀까요? 나워 부캐 시작할까요?
보이,1,6,0,6,2,0,0,1,0,3,직업,0.16666666666666666,0.41952867340286965,1.3811376262248345,뉴비 챌린저스 서버 부캐(?) 질문,형님 누님들 알려주세요 ㅠㅠ,드메템에서 수치 말씀하실 때
사냥해서,1,6,0,6,2,0,0,1,0,3,직업,0.16666666666666666,0.41952867340286965,1.3811376262248345,챌섭 뉴비 질문입니다.,챌섭 사냥 질문,하드 메이린 89% 스펙업 도와주세요ㅜㅜ
투자하,1,6,0,7,2,0,0,1,0,3,직업,0.16666666666666666,0.41952867340286965,1.3811376262248345,블랙보조12/60 아랫잠 고민,"에디 레전 천장 60개 남았는데, 진로 조언 부탁드립니다!",노칼 딜배율 200% 목표 / 18에테 교체 순서 및 칠흑·엠블 문의
있네요,1,6,0,7,3,0,1,1,0,1,몬스터,0.16666666666666666,0.4169351991729952,1.3786142923122215,안녕하세요 챌섭유입 뉴비입니다.,코디템 질문있습니다,렌 본캐 변경 어떤가요??
검색해서,1,5,0,5,1,0,0,0,1,3,시세,0.2,0.5378406627405963,1.3777202848147054,챌섭 쌩뉴비 여러 가지 질문 드립니다 !,"뉴비 챌섭이후 본섭 준비 질문,평가해주세요",시세 알아보는 법 있나요?
예시,1,5,0,5,1,0,0,0,1,3,시세,0.2,0.5378406627405963,1.3777202848147054,메이플 대장장이 컨텐츠질문!,뉴비 부캐 유니온 질문,에디에픽2줄 이거 가능한걸까요.. ?!?
카오스 더스크,2,4,0,5,1,2,1,0,0,0,퀘스트,0.5,0.7085408020606268,1.3748951708884691,저 거공 먹었는데 사용해도 되나요?,초보 보스 공략하려면 환산주스탯 몇퍼정도부터 트라이하면 좋을까요?,제네패스 해방 날짜 메린이 질문드립니다!
고수님들 의견,2,5,0,5,4,0,0,1,0,0,직업,0.2,0.533936208036167,1.374222362970289,헥환 7만 중반 ~ 8만 목표 레테 템세팅 조언 부탁드립니다.,대적자코인 어디 쓰는게 나을까요,메린이 스펙업 질문
구매하면,1,5,0,5,4,0,0,1,0,0,직업,0.2,0.533936208036167,1.374222362970289,메린이 에디 레전 천장 어떻게 하는게 좋을까요,이지카링돌이 세팅하려면...,챌린저 목표) 진로 설정 질문입니다.
나올때까지,1,5,0,5,4,0,0,1,0,0,직업,0.2,0.533936208036167,1.374222362970289,이번 유입 앞으로 템세팅 관해서 여쭤봅니다,챌섭 메린이 하메를 위한 템셋팅 조언 부탁드립니다!,"에디10,10 or 에디 주스탯4+공10 어떤게 나은가요?"
띄웠는데,1,5,0,5,4,0,0,1,0,0,직업,0.2,0.533936208036167,1.374222362970289,챌섭 뉴비 한번만 도와주십쇼 선생님들ㅠ,제네무기 질문있어요,제네무기 질문
매달,1,5,0,5,4,0,0,1,0,0,직업,0.2,0.533936208036167,1.374222362970289,드랍템 먼저 맞출까요 스펙업을 먼저 할까요,템세팅 조언 부탁드립니다..,챌섭 소과금유저 칠흑 세팅 질문
미트라 보조,2,5,0,6,4,0,0,1,0,0,직업,0.2,0.533936208036167,1.374222362970289,이벤 블큐 남는거 보통 어디에 쓰시나요?,첼섭유입 뉴비 템세팅 고민이 큽니다,챌섭 뉴비 카레잠이랑 블큐 어디다 쓰는게 좋을까요?
바꿔야할지,1,5,0,5,4,0,0,1,0,0,직업,0.2,0.533936208036167,1.374222362970289,헥환 8만 목표 과금 어느정도 해야할까요?,챌섭 챌린저 목표 템셋팅 관련 질문입니다.,레테 하드 메이린 까지 가야되는데 템상담 좀 해주세요
솔플까지,1,5,0,5,4,0,0,1,0,0,직업,0.2,0.533936208036167,1.374222362970289,익스우 솔플 스펙업 질문,렌 스펙업 도움 부탁드려도 될까요?,이지카링돌이 세팅하려면...
안좋아서,1,5,0,5,4,0,0,1,0,0,직업,0.2,0.533936208036167,1.374222362970289,환산 7.8 헥환 7만 진로질문드립니다!,여기서 스팩업을 어떤 방향으로 잡아야 할까요?,291 메르 vs 281 레테 조언 부탁드립니당ㅠ
엠블 미트라,2,5,0,5,4,0,0,1,0,0,직업,0.2,0.533936208036167,1.374222362970289,헥환 8만 목표 과금 어느정도 해야할까요?,메린이입니다. 훈수를 부탁합니다.,컨티4레벨 질문
요거,1,5,0,5,4,0,0,1,0,0,직업,0.2,0.533936208036167,1.374222362970289,메린이 해방무기 에디 돌리는게 좋을까여,렌 템셋고민,유챔 및 주보캐 레벨링 질문입니다!
큐브 많이,2,5,0,5,4,0,0,1,0,0,직업,0.2,0.533936208036167,1.374222362970289,챌섭 스펙업 어떻게 할까요? 미트라? 보장?,메짱이분들 도와주세요,"울티마 스쿼트, 직업별로 가장 좋은 능력치는?"
해야할지 고민입니다,2,5,0,5,4,0,0,1,0,0,직업,0.2,0.533936208036167,1.374222362970289,윗잠 아랫잠중 어느거 돌려야하나요,살짝 과부화 오는데 방향성 한번만 잡아주실분..?,환산 8~9만대 목표로 하고 있습니다.
효율적인지,1,5,0,6,4,0,0,1,0,0,직업,0.2,0.533936208036167,1.374222362970289,제로 온갖거 질문,2석펫 vs 쌍레 보조 맞추기 고민됩니다,챌 유입 제논 템셋팅 및 템업글 직작 조언 부탁드림다!
후회,1,5,0,5,4,0,0,1,0,0,직업,0.2,0.533936208036167,1.374222362970289,챌섭 뉴비 한번만 도와주십쇼 선생님들ㅠ,해방무기 옵션 질문입니다.,챌썹 D라벨에 프펫작 해도 되나요?
285는,1,5,0,5,2,1,0,1,0,1,퀘스트,0.2,0.5302542804623162,1.3709237986725595,모멘텀 패스 경혐치량 질문,챌섭 사냥 질문,챌섭 하드메이린 최소컷만큼 템셋 질문이요
나중 본섭,2,5,0,5,2,1,0,1,0,1,퀘스트,0.2,0.5302542804623162,1.3709237986725595,메린이 도움 부탁드립니다 보마 300억 템세팅,레테 9만원 정도 현질해서 장신구 산다 치면,메린이 겨울챌섭 전 유니온 8000 질문있습니다!
돌고,1,5,0,5,2,1,0,1,0,1,퀘스트,0.2,0.5302542804623162,1.3709237986725595,유챔 미리 등록해두면 좋은가요??,해방날짜 이거 맞나요??,메린이 제네패스 어둠의 흔적 관련해서 질문
어쩌다보니,1,6,0,6,3,0,0,1,1,1,시세,0.16666666666666666,0.4076933363556062,1.3696223749859544,대적자큐브 사용처 질문,뉴비 검마까지 방향성 조언좀....,mvp블랙 경뿌
있는데 챌섭,2,6,0,6,3,0,0,1,1,1,시세,0.16666666666666666,0.4076933363556062,1.3696223749859544,뉴비 진짜 이해안가는데 챌섭매물이요,챌섭 사냥 질문,내일 해방인데 질문 있습니다
높게,1,5,0,5,2,0,0,2,1,0,직업,0.4,0.5273301713732368,1.3683041485978524,뉴비 검마까지 방향성 조언좀....,1억 2천만 아란 엠블렘 조언 구합니다,링크3렙 방법 알려주세용
검마 잡으면,2,4,0,4,1,1,0,0,0,2,퀘스트,0.25,0.6995000070391078,1.3676198717553802,제네 검마,레테 보조 190억~220억 대 사이선에서 뭐가 더 좋은 매물일지 질문드립니다,챌시즌2 하다가 이번에 복귀 질문
넣었는데,1,4,0,4,1,1,0,0,0,2,퀘스트,0.25,0.6995000070391078,1.3676198717553802,오프라인 상태 길드가입신청,메이플 접속이안됨 아시는분ㅠㅠ,흔적 3000개 넘겨서 300개넘게 날아갔는데 복구해줄까요?
알게,1,4,0,4,1,1,0,0,0,2,퀘스트,0.25,0.6995000070391078,1.3676198717553802,뉴비가 모험미션 질문드리겠습니다!,메린이 제네시스 무기 질문해봅니다,[사전월드리프] 여러 서버로 이동 불가 관련 문구 문제
저기,1,4,0,4,1,1,0,0,0,2,퀘스트,0.25,0.6995000070391078,1.3676198717553802,첼섭 구 마라벨 헤어 질문,미궁 리멘 문브릿지 일퀘 해야하는지 질문입니다.,블랙보조 쭉 써도될까요?
챌섭 이벤트,2,4,0,4,1,1,0,0,0,2,퀘스트,0.25,0.6995000070391078,1.3676198717553802,"안녕하세요 메쌤, 메형님들 뉴비 질문 몇 가지만 해도 될까요?",카르마 블랙큐브 화이트큐브 사용처,내일 해방인데 질문 있습니다
기믹,1,6,0,8,2,0,1,1,0,2,몬스터,0.16666666666666666,0.40524238458454703,1.3672377090228798,듀블 하메 잡으신분?,렌인데 하드 메이린 최소컷 질문,신규 유저 입니다만.
실제,1,6,0,6,2,0,1,1,0,2,몬스터,0.16666666666666666,0.40524238458454703,1.3672377090228798,[사전월드리프] 여러 서버로 이동 불가 관련 문구 문제,월드자석펫 스킬 월드리프 문의,일보 챙겨잡는게 좋나요?
잡을만큼,1,4,0,4,1,0,2,1,0,0,몬스터,0.5,0.6981745315950236,1.3665532365395254,"복귀 템셋팅 질문 익스우, 노적자 널널컷정도",유챔등록하고 보스잡고 템팔면 되나요?,돈 투자해서 하드 메이린 잡을만 한가요?
진심,1,4,0,4,1,0,2,1,0,0,몬스터,0.5,0.6981745315950236,1.3665532365395254,보통 22성 도전자셋은 환산 몇만까지 끼나요?,레테 계속 밀까요? 나워 부캐 시작할까요?,돈 투자해서 하드 메이린 잡을만 한가요?
클까요,1,5,0,5,2,0,1,2,0,0,직업,0.4,0.5200993541307358,1.3618262059655983,안녕하세요 챌섭유입 뉴비입니다.,챌섭>본섭 리프 (유챔x) 헥환 상승 큰가요?,렌 스펙업 고민
갔는데,1,5,0,5,1,1,0,1,0,2,퀘스트,0.2,0.5167458976773721,1.358821912288119,님들 이거 팔아야되나요?,메M 마일리지 받는 퀘스트 탭 어딨나요..?,렌에서 레테로 본캐를 바꾸려는데
됐습니다,1,5,0,5,1,1,0,1,0,2,퀘스트,0.2,0.5167458976773721,1.358821912288119,메린이 방향성이 잘못된걸까요? 현실조언 부탁드립니다,울티마 3-1 뺑뺑이가 나을까요,헥사 스탯 초기화 해야 하나요?
밀려서,1,5,0,5,1,1,0,1,0,2,퀘스트,0.2,0.5167458976773721,1.358821912288119,울티마 카오스 지역 사냥 질문,돈좀쓴것 같은데 안쎼져서 고민입니다 ㅠ,흔적 3000개 넘겨서 300개넘게 날아갔는데 복구해줄까요?
활성화,1,5,0,9,1,1,0,1,0,2,퀘스트,0.2,0.5167458976773721,1.358821912288119,형님 누님들 알려주세요 ㅠㅠ,제네시스 패스 구매 후 미활성화로 인한 흔적 복구 해보신 분 있으실까요?,아티펙트 강화 왜 안되나요?
어렵습니다,1,6,0,6,3,1,0,1,1,0,퀘스트,0.16666666666666666,0.39646351304425076,1.3586962614091223,메린이 하드메이린 잡으려면 어떻게 세팅해야 할까요…,챌섭 메린이 제네 무기 윗잠 아랫잠 뭐 돌려야 하는지 알려주세요..!,제네시스패스 너무 어려워요
3번째,1,6,0,6,1,0,1,1,0,3,몬스터,0.16666666666666666,0.3941875213600334,1.3564818237503802,밑에 메린이 컴퓨터 질문한 사람입니다!,헥사스탯 3 찍는법 질문,뉴비 하드세렌 질문드립니다
걸까요,1,6,0,7,1,0,1,1,0,3,몬스터,0.16666666666666666,0.3941875213600334,1.3564818237503802,노칼 최소컷 배율 질문,아이템 드롭율,보스 꿀팁 있을까요
몇번,1,6,0,6,1,0,1,1,0,3,몬스터,0.16666666666666666,0.3941875213600334,1.3564818237503802,메린이 플라즈마 하트 갖고싶어요,이번 이벤으로 시작한 늅늅이 장비좀 봐주실수 있을까요?,291 메르 vs 281 레테 조언 부탁드립니당ㅠ
검마 처음,2,4,0,4,3,0,1,0,0,0,몬스터,0.25,0.6827633538461116,1.3541515696673454,레테 카루타 템셋팅 질문드립니다 도와주세요,해방무기 추옵 질문있습니다,자석펫 vs 스펙업
경험,1,4,0,5,3,0,1,0,0,0,몬스터,0.25,0.6827633538461116,1.3541515696673454,헥환 4.5 이후 템셋팅 질문.,제네시스 패스 구매 후 미활성화로 인한 흔적 복구 해보신 분 있으실까요?,이번 모멘텀 패스 및 경험치 BM류 관련 질문입니다
궁금한건,1,4,0,4,3,0,1,0,0,0,몬스터,0.25,0.6827633538461116,1.3541515696673454,이번챌섭 유입 렌 하메 120퍼 만들고싶어요,일보 챙겨잡는게 좋나요?,챌섭 266레벨 40퍼인데 EXP 패스 블농이랑 EXP쿠폰 언제 사용하나요?
노말 대적자,2,4,0,4,3,0,1,0,0,0,몬스터,0.25,0.6827633538461116,1.3541515696673454,안녕하세요 챌섭유입 뉴비입니다.,메이플 챌섭 뉴비 아이템 추가 스펙업 질문합니다!,이번 챌섭 유입 템세팅 질문드려봅니다
도전할,1,4,0,5,3,0,1,0,0,0,몬스터,0.25,0.6827633538461116,1.3541515696673454,제네플 큐브 및 카르마 큐브 사용처 질문드립니다!,챌섭 뉴비 한번만 도와주십쇼 선생님들ㅠ,해방 / 보스도전 질문이요
맞출까,1,4,0,4,3,0,1,0,0,0,몬스터,0.25,0.6827633538461116,1.3541515696673454,"""자석펫 장착 vs 팔고 템셋팅""",메쌤들 반지 질문있습니다!,1주차 메이린 고민이 있어여
모아서 미트라,2,4,0,4,3,0,1,0,0,0,몬스터,0.25,0.6827633538461116,1.3541515696673454,"메린이 오늘 첫 해방했는데, 잠재 돌리고 남은 블랙큐브는 어디에 쓰는게 좋나요?",1주차 메이린 고민이 있어여,메린이 도움!!
오를까요,1,4,0,4,3,0,1,0,0,0,몬스터,0.25,0.6827633538461116,1.3541515696673454,1억 2천만 아란 엠블렘 조언 구합니다,재획당 경험치,제네시스 무기 해방 관련 질문입니다!
하메까지,1,4,0,4,3,0,1,0,0,0,몬스터,0.25,0.6827633538461116,1.3541515696673454,선생님들 헥사환산 몇을 목표로 잡아야할까요?,앞으로 뭘 건드리는게 좋을까요 ?,챌섭 챌린저 목표 겸
10만원,1,5,0,5,3,0,0,0,0,2,아이템,0.6,0.5090213057352097,1.3519016069089729,mvp 유지,메린이 템 셋팅 질문!!,챌섭 메린이 스펙업 질문 있습니다!
4레벨,1,5,0,6,3,0,0,0,0,2,아이템,0.6,0.5090213057352097,1.3519016069089729,경험치 bm 문의드려요,컨티4레벨 질문,소과금 메린이 템셋팅 순서 좀 알려주시면 감사합니다.
4앜,1,5,0,5,3,0,0,0,0,2,아이템,0.6,0.5090213057352097,1.3519016069089729,세트효과 어떻게 가져가는게 좋을까요,에테 장갑을 만들었었는데 방어구 템셋을,복귀 유저 본캐 템 질문 입니다(장비템먼저 vs 리레링 4렙 먼저)
5표 투표,2,5,0,5,3,0,0,0,0,2,아이템,0.6,0.5090213057352097,1.3519016069089729,27퍼 골클벨 분자벨 뭐살까요,이번주 썬데이는?,드랍템 먼저 맞출까요 스펙업을 먼저 할까요
5표 투표 종료되었습니다,3,5,0,5,3,0,0,0,0,2,아이템,0.6,0.5090213057352097,1.3519016069089729,27퍼 골클벨 분자벨 뭐살까요,이번주 썬데이는?,드랍템 먼저 맞출까요 스펙업을 먼저 할까요
가성비 있게,2,5,0,5,3,0,0,0,0,2,아이템,0.6,0.5090213057352097,1.3519016069089729,하드 메이린 잡고 싶은데 스펙업 방향을 알려주세요!,[질문] 복귀 유저 아버 이후 에테르넬 17성 풀셋 질문,메린이 도움 부탁드립니다 보마 300억 템세팅
간단하게,1,5,0,5,3,0,0,0,0,2,아이템,0.6,0.5090213057352097,1.3519016069089729,"뉴비 챌섭이후 본섭 준비 질문,평가해주세요",4여명 깨고 4흙칠흑 vs 4여명 유지 2흙칠흑,챌섭 유입 템세팅 조언 질문드려요!
귀걸,1,5,0,5,3,0,0,0,0,2,아이템,0.6,0.5090213057352097,1.3519016069089729,보스방 드랍율이랑 일반 맵 드랍율이 다른가요?,이벤링 아드템으로 끼고싶은데 도와주세요 ㅠ,4여명 가는게 맞을까요?
금일,1,5,0,5,3,0,0,0,0,2,아이템,0.6,0.5090213057352097,1.3519016069089729,[사전월드리프] 여러 서버로 이동 불가 관련 문구 문제,제네시스 패스 구매 후 미활성화로 인한 흔적 복구 해보신 분 있으실까요?,메소제한 관련 질문이 있습니다
깡으,1,5,0,6,3,0,0,0,0,2,아이템,0.6,0.5090213057352097,1.3519016069089729,메짱 친구들아 뉴비 템 견적 어디까지 됨..?,뉴비 아이템 셋팅 질문 두개만 부탁드립니다.,어빌리티 질문드립니다.
끝나기 전에,2,5,0,5,3,0,0,0,0,2,아이템,0.6,0.5090213057352097,1.3519016069089729,챌섭 챌린저 질문,여명으로 카링 될까요?,여기서 스팩업을 어떤 방향으로 잡아야 할까요?
남겨봅니다,1,5,0,5,3,0,0,0,0,2,아이템,0.6,0.5090213057352097,1.3519016069089729,메이플 대장장이 컨텐츠질문!,메린이 본캐 템 질문드립니다!!,선생님들 이런 추옵도 팔릴까요?
낫겠죠,1,5,0,5,3,0,0,0,0,2,아이템,0.6,0.5090213057352097,1.3519016069089729,챌섭 4여명5보장 18성 유에 장신구들 하나씩 19성 올리는거 비추인가요??,챌섭 복귀유저 렌 스펙업 훈수 부탁드립니다.,오랜만에 해볼까하는데 아이템버닝망했어요 샤갈!
돌리나요,1,5,0,6,3,0,0,0,0,2,아이템,0.6,0.5090213057352097,1.3519016069089729,사냥용 어빌리티 질문드립니다!,해방무기 잠재 에디 뭐돌리나요,이거 무자본 캐릭인데요
되었는데,1,5,0,5,3,0,0,0,0,2,아이템,0.6,0.5090213057352097,1.3519016069089729,제네 무기 관련 질문!,안녕하세요...메이플 시작 3주차인데..,챌섭뉴비 마도서 팔아도 되나여
먹고,1,5,0,6,3,0,0,0,0,2,아이템,0.6,0.5090213057352097,1.3519016069089729,도미 쓸까요 팔까요,챌섭 거공 vs 드메템 고민 중입니다,메소 다 파먹고도 재획 빨아도 이득인가영?
먹으면,1,5,0,5,3,0,0,0,0,2,아이템,0.6,0.5090213057352097,1.3519016069089729,메제 채우고 계속 사냥하실때 재획비 드시나요?,데카아웃 클리어 질문,드메링(재획용)과 스탯링(보스용)을 어떻게 세팅 해야하는지 궁금합니다.
문의드립니다,1,5,0,5,3,0,0,0,0,2,아이템,0.6,0.5090213057352097,1.3519016069089729,챌섭 리프할때 보상 어떻게 하나요?,환산 5.6 나워 스펙업 순서 질문,메린이 스펙업 방향성 질문드립니다
방무없,1,5,0,6,3,0,0,0,0,2,아이템,0.6,0.5090213057352097,1.3519016069089729,환산 7~8만 목푠데 다음 메소를 어디다 써야 해야할까요?,챌섭 스펙업 방향성 알려주세요..!,다음 스펙업 뭐가좋을까요?
보보마,1,5,0,6,3,0,0,0,0,2,아이템,0.6,0.5090213057352097,1.3519016069089729,레테 보조 질문드립니다..,첼린저스 서버 제네무기 잠재 질문,레테 보조 뭐가더 나은지 봐주세용
보스때,1,5,0,6,3,0,0,0,0,2,아이템,0.6,0.5090213057352097,1.3519016069089729,이벤링 잠재 질문,"비숍,캡틴 키우고잇는데 스인미크오솔 언제 써야하나요??",챌섭 메린이 메소로 어떤스펙업 먼저하나요??
보유,1,5,0,5,3,0,0,0,0,2,아이템,0.6,0.5090213057352097,1.3519016069089729,"안녕하세요 메쌤, 메형님들 뉴비 질문 몇 가지만 해도 될까요?",노칼 딜배율 200% 목표 / 18에테 교체 순서 및 칠흑·엠블 문의,메린이 하메잡는데 뭘 더 해야 빠르게 쌔질까요
본섭 있는,2,5,0,5,3,0,0,0,0,2,아이템,0.6,0.5090213057352097,1.3519016069089729,챌섭 리프할때 보상 어떻게 하나요?,이번 모멘텀 패스 및 경험치 BM류 관련 질문입니다,복귀 뉴비 템셋 질문
사냥하면서,1,5,0,5,3,0,0,0,0,2,아이템,0.6,0.5090213057352097,1.3519016069089729,리프 질문있습니다,9000만 캡틴 스펙업 어떻게 해야할까요,주흔작? 이번 유입입니다
사는데,1,5,0,5,3,0,0,0,0,2,아이템,0.6,0.5090213057352097,1.3519016069089729,4주차 뉴비 앞으로 진로방향좀 가르쳐주세요!,챌섭뉴비 마도서 팔아도 되나여,환산 8~9만대 목표로 하고 있습니다.
쌍메,1,5,0,5,3,0,0,0,0,2,아이템,0.6,0.5090213057352097,1.3519016069089729,보스방 드랍율이랑 일반 맵 드랍율이 다른가요?,메린이 100억 모았습니다..드메템 질문있어요!,메린이 챌린저 이후 진로봐주실분..
않네요,1,5,0,5,3,0,0,0,0,2,아이템,0.6,0.5090213057352097,1.3519016069089729,대장장이 고견 나눠주실 메짱엉아들?,안녕하세요 메린이인데 질문있습니다.,챌섭 복귀유저 렌 스펙업 훈수 부탁드립니다.
않았습니다,1,5,0,5,3,0,0,0,0,2,아이템,0.6,0.5090213057352097,1.3519016069089729,메린이 내 캐릭이 왜 약한지 모르겠어요,밑에 메린이 컴퓨터 질문한 사람입니다!,제네 오늘 해방하고 검환불 큐브 결과가 이런데
요번 챌섭,2,5,0,5,3,0,0,0,0,2,아이템,0.6,0.5090213057352097,1.3519016069089729,메린이 유니온 질문있습니다,메이플 파티플 질문,뉴비 아이템 셋팅 질문 두개만 부탁드립니다.
우선일까요,1,5,0,5,3,0,0,0,0,2,아이템,0.6,0.5090213057352097,1.3519016069089729,완전 첫 캐릭으로 키우는 메린이인데…첫 해방후 어떻게해야할지에 대해서,대적자큐브 계획 질문,"복귀유저 템세팅 방향성 질문합니다,.."
유입한,1,5,0,5,3,0,0,0,0,2,아이템,0.6,0.5090213057352097,1.3519016069089729,6월말 유입 뉴비 현실적인 조언 부탁드립니다,도전자에 에테장갑,보조무기 시세 질문
이후로,1,5,0,5,3,0,0,0,0,2,아이템,0.6,0.5090213057352097,1.3519016069089729,미트라 교체 타이밍 궁금합니다,스펙업 방향 추,mvp 레드만 유지하고 블랙으로 가긴 싫은데 질문있습니다
있으니까,1,5,0,5,3,0,0,0,0,2,아이템,0.6,0.5090213057352097,1.3519016069089729,제논 5에테,유료 경험치 주는것들 효율 궁금해요,챌섭 챌린저 목표 겸
있을지,1,5,0,5,3,0,0,0,0,2,아이템,0.6,0.5090213057352097,1.3519016069089729,메이플 챌섭 뉴비 아이템 추가 스펙업 질문합니다!,"에디 레전 천장 60개 남았는데, 진로 조언 부탁드립니다!",아버 하버 다 놓친 후발대인데..
정도밖,1,5,0,5,3,0,0,0,0,2,아이템,0.6,0.5090213057352097,1.3519016069089729,메린이 하드 메이린 배율 105인데 못잡겠습니다..,메획 100 맞추는 거 필수인가요?,누비 챌린저 달수 있을까요?
조각 사서,2,5,0,7,3,0,0,0,0,2,아이템,0.6,0.5090213057352097,1.3519016069089729,2석펫 vs 스펙업,템사기 vs 6차업글 도 환산 사이트보고 하면 되나요?,보스돌이 재화투자 질문
좋은건,1,5,0,5,3,0,0,0,0,2,아이템,0.6,0.5090213057352097,1.3519016069089729,에테 장갑은 크주 vs 쌍크 어느게 가성비 좋나요,템환감소 헥환증가 질문,안녕하세요 쌩뉴비입니다 오늘 제네시스 해방했는데 한번만 봐주세요 ㅠㅠㅠㅠ
주말에,1,5,0,5,3,0,0,0,0,2,아이템,0.6,0.5090213057352097,1.3519016069089729,챌린저 하고 싶은데 여기서 무보엠 바꿔주면 되나요?,일주일에 10시간 정도 사냥하면 드메템 굳이인가요,뉴비 몇가지 질문좀 드려여
줄지,1,5,0,5,3,0,0,0,0,2,아이템,0.6,0.5090213057352097,1.3519016069089729,챌섭에서 테라버닝 주는게 최대 4개맞죠?,모멘텀 패스 구매고민,이번 모멘텀 패스 및 경험치 BM류 관련 질문입니다
직업 레테,2,5,0,5,3,0,0,0,0,2,아이템,0.6,0.5090213057352097,1.3519016069089729,챌섭 뉴비 하드메이린 잡고싶은데 스펙업 질문,환산 7~8만대 미트라 옵션 추천 좀 해주십쇼,레테 블큡 60개 어디써야 좋을까요? 무보엠
찐도미,1,5,0,6,3,0,0,0,0,2,아이템,0.6,0.5090213057352097,1.3519016069089729,첫해방 뉴비 렌 템진단 부탁드려요 하드메이린 잡고싶어요,4주차 뉴비 앞으로 진로방향좀 가르쳐주세요!,스펙업 방향 질문입니다!
찾아보면서,1,5,0,5,3,0,0,0,0,2,아이템,0.6,0.5090213057352097,1.3519016069089729,메이플 처음하는데 도와주실분..,지난주에 챌섭 시작한 뉴비인데 제네시스 패스 사도 되나요?,챌린저스서버 질문드립니다.
챌섭 끝날때까지,2,5,0,5,3,0,0,0,0,2,아이템,0.6,0.5090213057352097,1.3519016069089729,모멘텀 패스 가치 있나요?,뉴비 질문있슴다,템세팅 질문
처음 메이플,2,5,0,5,3,0,0,0,0,2,아이템,0.6,0.5090213057352097,1.3519016069089729,레테 제네시스무기,무기 추옵 질문,메소 다 파먹고도 재획 빨아도 이득인가영?
하는게 제일,2,5,0,5,3,0,0,0,0,2,아이템,0.6,0.5090213057352097,1.3519016069089729,100억 정도 있는디,울티마 카오스 지역 사냥 질문,스펙업 질문 하드 메이린 깨고싶습니다
하트 18성,2,5,0,5,3,0,0,0,0,2,아이템,0.6,0.5090213057352097,1.3519016069089729,헥환 4.5 이후 템셋팅 질문.,이제 뭘 더 올리지... 레벨은 너무 오래 걸리는데ㅇㅅㅇ,블랙보조12/60 아랫잠 고민
해방이라,1,5,0,5,3,0,0,0,0,2,아이템,0.6,0.5090213057352097,1.3519016069089729,메린이 하드 메이린까지 진로 상담 부탁드립니다.,제네 무기 잠재 이걸로 종결하면 되나요?,레테 보조 190억~220억 대 사이선에서 뭐가 더 좋은 매물일지 질문드립니다
효율 좋은지,2,5,0,5,3,0,0,0,0,2,아이템,0.6,0.5090213057352097,1.3519016069089729,복귀유저 템세팅 질문드립니다.,템진로 고민과 조언이 필요합니다 .,챌섭 챌린저 목표 겸
7표,1,5,0,5,3,0,0,1,0,1,직업,0.2,0.5075135350649752,1.3505508257210646,에디큐브vs추옵,복귀메린이 직업추천,대적자 코인 1추+@ vs 에마삼 뭐가 좋을까요
같더라구요,1,5,0,5,3,0,0,1,0,1,직업,0.2,0.5075135350649752,1.3505508257210646,신규유저 지금 시작해도 되나요?,에테 장갑을 만들었었는데 방어구 템셋을,뉴비인데 고민이 있어요 ㅠㅠㅠ
나쁘지,1,5,0,5,3,0,0,1,0,1,직업,0.2,0.5075135350649752,1.3505508257210646,챌섭 종료후 리프 고민,메린이 도움!!,스펙업 방향성 여쭤보고 싶습니다
레테 키우고,2,5,0,5,3,0,0,1,0,1,직업,0.2,0.5075135350649752,1.3505508257210646,해방 / 보스도전 질문이요,4주차 뉴비 앞으로 진로방향좀 가르쳐주세요!,해방무기 잠재 어떻게 돌려야하나요
보조무기 엠블렘,2,5,0,5,3,0,0,1,0,1,직업,0.2,0.5075135350649752,1.3505508257210646,뉴비 검마까지 방향성 조언좀....,챌섭 레테 레유잠 받았는데 이거 어디다 발라야할까요...?,카르마 블랙큐브 화이트큐브 사용처
있으며,1,5,0,6,3,0,0,1,0,1,직업,0.2,0.5075135350649752,1.3505508257210646,무자본 하드메이린 방향 추천 부탁드립니다.,노칼 딜배율 200% 목표 / 18에테 교체 순서 및 칠흑·엠블 문의,스펙업 조언 부탁드립니다.
재미있게,1,5,0,5,3,0,0,1,0,1,직업,0.2,0.5075135350649752,1.3505508257210646,챌섭 블큐 화에큐 사용처 및 챌 달성 질문,미라클 대비 미트라 질문,스펙업 방향성 질문드립니다.
좋은걸,1,5,0,5,3,0,0,1,0,1,직업,0.2,0.5075135350649752,1.3505508257210646,형님들. 렌이 체급이 좋나요? 레테가 체급이 좋나요?,챌섭 하메 포기해야 될까요?,블랙보조 템 세팅 질문드립니다
질문1,1,5,0,5,3,0,0,1,0,1,직업,0.2,0.5075135350649752,1.3505508257210646,님들 링크 3렙 찬란한영웅의 증거 질문 있습니다,챌섭 복귀유저 렌 스펙업 훈수 부탁드립니다.,해방무기 훈수 부탁드립니다
질문2,1,5,0,5,3,0,0,1,0,1,직업,0.2,0.5075135350649752,1.3505508257210646,님들 링크 3렙 찬란한영웅의 증거 질문 있습니다,챌섭 복귀유저 렌 스펙업 훈수 부탁드립니다.,해방무기 훈수 부탁드립니다
6차 스킬,2,3,1,4,0,0,0,1,0,2,직업,0.3333333333333333,0.61294895204801,1.3504948740914977,"안녕하세요 메쌤, 메형님들 뉴비 질문 몇 가지만 해도 될까요?",신규 6차 스킬 질문잇는데여,환산주스탯 환산 뭘 봐야하는 건가요?
겨울챌섭,1,3,1,4,0,0,0,1,0,2,직업,0.3333333333333333,0.61294895204801,1.3504948740914977,겨울에도 재네패스 하나요?,본캐 키우는건 챌섭시즌이 무조건인가요,메린이 겨울챌섭 전 유니온 8000 질문있습니다!
기준이면,1,3,1,4,0,0,0,1,0,2,직업,0.3333333333333333,0.61294895204801,1.3504948740914977,에테리온 효과 다 받는 기준이면 몬파 매일 3천포인트 씀??,모험가 자전,헥사3 떡작 질문
데슬,1,3,1,4,0,0,0,1,0,2,직업,0.3333333333333333,0.61294895204801,1.3504948740914977,필터키 질문드립니다.,복귀뉴비 200레벨비약 질문이 있습니다,뉴비 직업 데슬 이랑 캡틴
듄켈 더스크,2,3,1,4,0,0,0,1,0,2,직업,0.3333333333333333,0.61294895204801,1.3504948740914977,뉴비 검마까지 방향성 조언좀....,"이번주 해방하신 분들 해방 전에 듄켈, 더스크 잡음?",검밑솔은 어느정도 악세 맞춰야하나용?
본캐 챌섭,2,3,1,4,0,0,0,1,0,2,직업,0.3333333333333333,0.61294895204801,1.3504948740914977,본캐 / 챌섭 부캐 투자우선권 질문입니다.,유챔 미리 등록해두면 좋은가요??,메소마켓 쓰는게 더 이득일까요?
새로 키우는게,2,3,1,4,0,0,0,1,0,2,직업,0.3333333333333333,0.61294895204801,1.3504948740914977,챌섭 리프 질문,챌섭 뉴비 질문입니다.,유니온 계정 버리고 새로 키우는게 맞을까요 조언 부탁드립니다!
잡을때,1,3,1,5,0,0,0,1,0,2,직업,0.3333333333333333,0.61294895204801,1.3504948740914977,메린이 부캐 주보돌이 수입 질문입니다.,헤카테:스틱스 바인드 질문,(뉴비) 비숍 진힐라 잡을때 오버러드 마나 켜요?
챌섭 버닝,2,3,1,5,0,0,0,1,0,2,직업,0.3333333333333333,0.61294895204801,1.3504948740914977,복귀뉴비 200레벨비약 질문이 있습니다,작년 챌섭에서 버닝 1번 더 줬나요?,안녕하세요 어웨이크 이후 거의 6년만에 복귀하는 메린이입니다
키우시,1,3,1,4,0,0,0,1,0,2,직업,0.3333333333333333,0.61294895204801,1.3504948740914977,아직도 본캐를 못정한 유저 조언부탁드립니다,아란 키우시는 형님들 보스 패턴 피할때 거리 조절 어떻게 하시나요?,챌섭 레테입니다 보약버프 크확 1레벨 올리는게 맞을까요?
패시브,1,3,1,4,0,0,0,1,0,2,직업,0.3333333333333333,0.61294895204801,1.3504948740914977,진짜 진지해요 바이퍼 질문하나만 할게요 ㅜㅜ,어빌리티 질문드립니다.,유니온 패시브 우선수위 질문좀
신경,1,5,0,6,1,0,1,2,0,1,직업,0.4,0.5072373890878926,1.350303432136401,하드 메이린 잡았는데,카르시온 넘어왔는데 왜 사냥 메소가 줄었을까요?,검마 극딜 질문
있는 뉴비입니다,2,6,0,6,4,0,1,0,1,0,몬스터,0.16666666666666666,0.3872829317822866,1.3497639682831806,안녕하세요 챌섭유입 뉴비입니다.,선배님들 헤어 추천 부탁드립니다..,챌 뉴비 템세팅 질문!
예를,1,7,0,7,3,0,1,1,1,1,몬스터,0.14285714285714285,0.29752777437633016,1.349066577760761,엠작 질문,1억 플마단 되려면 뭐부터 해야 하나요?,환산 특정 시점으로 돌아가서 보기
처리,1,4,0,4,0,1,0,0,0,3,퀘스트,0.25,0.6761818942309646,1.3488553443554596,제네시스 패스 도전보스 질문,노칼 딜배율 200% 목표 / 18에테 교체 순서 및 칠흑·엠블 문의,메이플 보호모드 해제 시간 및 보상수령 가능한지 궁금합니다.
130억,1,4,0,4,3,0,0,0,0,1,아이템,0.75,0.6746376658839944,1.347612674531925,미트라 고민,보조무기 보공 5퍼,뉴비 챌린저까지 템세팅 질문!
18성 둘둘,2,4,0,4,3,0,0,0,0,1,아이템,0.75,0.6746376658839944,1.347612674531925,질문드립니다.,하드메이린 진로,하드메이린 세팅좀 도와주세요...
18성은,1,4,0,4,3,0,0,0,0,1,아이템,0.75,0.6746376658839944,1.347612674531925,챌섭 유입 스펙업 질문있습니다.,다음 스펙업을 뭐 하는게 나으려나요??,뉴비 템세팅 고견 주실 수 있을까요?
1줄을,1,4,0,4,3,0,0,0,0,1,아이템,0.75,0.6746376658839944,1.347612674531925,환산 7~8만대 미트라 옵션 추천 좀 해주십쇼,레잠 1장 사용처,"""자석펫 장착 vs 팔고 템셋팅"""
20렙,1,4,0,5,3,0,0,0,0,1,아이템,0.75,0.6746376658839944,1.347612674531925,헥환 8만 목표 과금 어느정도 해야할까요?,5석펫인데 스펙업 순서 추천 좀…,야누스 강화 질문
3000억,1,4,0,4,3,0,0,0,0,1,아이템,0.75,0.6746376658839944,1.347612674531925,메청년 되고싶은데 도와주세요,안녕하세요. 챌섭 뉴비 질문드립니다. 과금관련,200만메포 세팅으로 어디까지 갈 수 있나요?
3까지,1,4,0,4,3,0,0,0,0,1,아이템,0.75,0.6746376658839944,1.347612674531925,9000만 캡틴 스펙업 어떻게 해야할까요,복귀뉴비 아크 템세팅 질문입니다...,헥사 코어 3 때문에 벽에 막힌거 같습니다
5앜,1,4,0,4,3,0,0,0,0,1,아이템,0.75,0.6746376658839944,1.347612674531925,템 가성비 셋팅 질문,세트효과 어떻게 가져가는게 좋을까요,템세팅 질문(무자본)
6표,1,4,0,4,3,0,0,0,0,1,아이템,0.75,0.6746376658839944,1.347612674531925,대적자 코인 남는거 어디다 쓸까요..?,8만대 목표 템세팅 질문,에디큐브vs추옵
가고싶은데,1,4,0,4,3,0,0,0,0,1,아이템,0.75,0.6746376658839944,1.347612674531925,메린이 챌린저 달았는데 이제 세팅 뭐부터할까요?,렌 스펙업 도움 부탁드려도 될까요?,아이템 질문 하나만 드려도 될까요?
가야하나,1,4,0,4,3,0,0,0,0,1,아이템,0.75,0.6746376658839944,1.347612674531925,진짜 메이플 고수만 오셈,하드메이린 템셋팅 질문이요!,이번 아이템 버닝은 어느정도로 바꿔야 나중에 동급됨?
감사,1,4,0,4,3,0,0,0,0,1,아이템,0.75,0.6746376658839944,1.347612674531925,메이플 파티플 질문,헥환5만 다음 아이템 변경 어떻게 가면 좋을까요?,이카돌이 방어구 세팅 괜춚?
같구요,1,4,0,4,3,0,0,0,0,1,아이템,0.75,0.6746376658839944,1.347612674531925,뉴비) 첫 해방 무기 세팅 방법 좀 알 수 잇을까요?!,본캐를 올릴가요 버린 부캐를 살릴까요,240억 정도 써서 보조를 살지 아님 칠흑 4셋을 할지 고민입니다
것으,1,4,0,5,3,0,0,0,0,1,아이템,0.75,0.6746376658839944,1.347612674531925,동전꼽기가 운영정책 위반인지 여부,챌 유입 제논 템셋팅 및 템업글 직작 조언 부탁드림다!,에테뚝 작을 어떻게 해야 할까요?
것입니다,1,4,0,4,3,0,0,0,0,1,아이템,0.75,0.6746376658839944,1.347612674531925,동전꼽기가 운영정책 위반인지 여부,뉴비) 첫 해방 무기 세팅 방법 좀 알 수 잇을까요?!,아버 대체 아케인 직작 or 완제구매
고민중인데요,1,4,0,4,3,0,0,0,0,1,아이템,0.75,0.6746376658839944,1.347612674531925,본섭 깡통캐릭 유챔하는거 별로일까요?,메쌤들 반지 질문있습니다!,프펫공작 하드메이린 기준 필수인가여?
구입하고,1,4,0,4,3,0,0,0,0,1,아이템,0.75,0.6746376658839944,1.347612674531925,스펙업 스타포스 vs 잠재 우선순위,챌섭 메린이 스펙업 질문 있습니다!,너무 궁금해서 질문
길게보고,1,4,0,4,3,0,0,0,0,1,아이템,0.75,0.6746376658839944,1.347612674531925,미트라 교체 타이밍 궁금합니다,지금 아케인 22성은 좀 뒤쳐졌을까,요즘도 22앱솔 쓰나요?
나오더라구요,1,4,0,4,3,0,0,0,0,1,아이템,0.75,0.6746376658839944,1.347612674531925,형님들 해방후 투력이 떨어졌어요 문제가 뭘까요,240억 정도 써서 보조를 살지 아님 칠흑 4셋을 할지 고민입니다,챌섭 유입 질문드립니다.
나중 미트라,2,4,0,4,3,0,0,0,0,1,아이템,0.75,0.6746376658839944,1.347612674531925,메린이 렌 보조 윗잠 두줄 매물 사도 되나요?,노칼 딜배율 200% 목표 / 18에테 교체 순서 및 칠흑·엠블 문의,형들 메린이 이거 미트라가야해?
노말세렌까지,1,4,0,4,3,0,0,0,0,1,아이템,0.75,0.6746376658839944,1.347612674531925,에테리온 효과 다 받는 기준이면 몬파 매일 3천포인트 씀??,첫해방 메린이 제네시스무기 도와주세요ㅜㅜ,카레잠을 팔아서 보조를 사야할까요??
달아,1,4,0,4,3,0,0,0,0,1,아이템,0.75,0.6746376658839944,1.347612674531925,챌섭 스펙업 어떻게 할까요? 미트라? 보장?,이번 챌섭이 본캐인데 진로상담 요청합니다!,안녕하세요 선생님들 메린이 스펙업 방향이 궁금합니다
달아주고,1,4,0,4,3,0,0,0,0,1,아이템,0.75,0.6746376658839944,1.347612674531925,샤타포스 관련 질문드려요,메짱형님들 메린이 템진로 조언 해주시면 감사하겠습니다.,메린이 템셋팅질문
대로,1,4,0,5,3,0,0,0,0,1,아이템,0.75,0.6746376658839944,1.347612674531925,아흐... 펫장비 이전 줌서에 대한 글은 많은데...,챌린저 목표) 진로 설정 질문입니다.,챌섭 뉴비.. 가고 있는 방향이 제대로 된 건지 모르겠어요
돈도,1,4,0,4,3,0,0,0,0,1,아이템,0.75,0.6746376658839944,1.347612674531925,똥블렘 언제까지 써야하나요? 투자를 좀 해서...,레테 보조무기 옵션 질문합니다..,유입 메린이 채집 질문
되는거죠,1,4,0,4,3,0,0,0,0,1,아이템,0.75,0.6746376658839944,1.347612674531925,요놈 에테장비에 바를수있나요?,에디 레전 천장 질문입니다,챌섭자석펫 본섭리프시키는방법 가능한지?
들어서요,1,4,0,4,3,0,0,0,0,1,아이템,0.75,0.6746376658839944,1.347612674531925,보공 과다 질문,챌섭 뉴비 보조무기 질문 드려요,헥사 떡작 질문드려요
등업해서,1,4,0,4,3,0,0,0,0,1,아이템,0.75,0.6746376658839944,1.347612674531925,썜들 메린이 챌린저 찍을 수 있게 진로부탁드립니다..,템셋계획좀 봐주실수 있을까요??,제네 해방하고 옵션 떴는데..한번만 봐주세요 ㅠ
띄울,1,4,0,4,3,0,0,0,0,1,아이템,0.75,0.6746376658839944,1.347612674531925,메린이 에디 레전 천장 어떻게 하는게 좋을까요,제네무기 질문,소과금 메린이 템셋팅 순서 좀 알려주시면 감사합니다.
만들지,1,4,0,4,3,0,0,0,0,1,아이템,0.75,0.6746376658839944,1.347612674531925,챌섭 266레벨 40퍼인데 EXP 패스 블농이랑 EXP쿠폰 언제 사용하나요?,잡쌍레 보조 vs 제네무기,유챔들 경험치 어떻게 주시나요?
많아,1,4,0,4,3,0,0,0,0,1,아이템,0.75,0.6746376658839944,1.347612674531925,첼린저스 서버 제네무기 잠재 질문,사우나 어디에 쓰는게낫나요?,챌섭 레테 레유잠 받았는데 이거 어디다 발라야할까요...?
많으면,1,4,0,4,3,0,0,0,0,1,아이템,0.75,0.6746376658839944,1.347612674531925,"헥사스킬올리기, 야누스30조각 모으기",보공 과다 질문,해방무기 옵션 질문입니다.
맞는 선택일까요,2,4,0,4,3,0,0,0,0,1,아이템,0.75,0.6746376658839944,1.347612674531925,메이플 늦은 유입 뉴비 현시점 제네패스 질러도 될까요?,챌섭 메린이 템세팅 질문있습니다,메짱형님들 메린이 템진로 조언 해주시면 감사하겠습니다.
매일 메제,2,4,0,5,3,0,0,0,0,1,아이템,0.75,0.6746376658839944,1.347612674531925,[뉴비] 메짱이형님들 템진로 조언 부탁드립니다,메린이 서버 고민입니다,드메템 맞추는게 이득일까요?
모르겠지,1,4,0,4,3,0,0,0,0,1,아이템,0.75,0.6746376658839944,1.347612674531925,"뉴비 챌섭이후 본섭 준비 질문,평가해주세요",챌섭 뉴비.. 가고 있는 방향이 제대로 된 건지 모르겠어요,장문)챌섭에서 본캐 레테하고 있는 유저인데 템셋팅 고민입니다.
모이,1,4,0,4,3,0,0,0,0,1,아이템,0.75,0.6746376658839944,1.347612674531925,메청소년 진로 도움!!!!,아버 끝나고 방어구,뉴비 챌린저까지 템세팅 질문!
모이는데,1,4,0,4,3,0,0,0,0,1,아이템,0.75,0.6746376658839944,1.347612674531925,챌섭 쌩뉴비 여러 가지 질문 드립니다 !,렌 스펙업 도움 부탁드려도 될까요?,템셋계획좀 봐주실수 있을까요??
미트라나,1,4,0,4,3,0,0,0,0,1,아이템,0.75,0.6746376658839944,1.347612674531925,보조 살지말지 고민,메이플 뉴비 몽벨 먹었는데 질문있어요!,챌썹 본케 쌩뉴비 입니다! 선생님들 조언 구합니다!
바꿀까요,1,4,0,4,3,0,0,0,0,1,아이템,0.75,0.6746376658839944,1.347612674531925,스펙업 하고싶은데 당장 바꿧으면 부위좀 진단부탁드립니다,템셋 질문이에요!,이벤링 드메
보스돌이,1,4,0,4,3,0,0,0,0,1,아이템,0.75,0.6746376658839944,1.347612674531925,템 가성비 셋팅 질문,챌린저스섭 진로가 궁그미합니다!,뉴비 이 캐릭터 버려야하는지 고민입니다..
보조 미트라,2,4,0,4,3,0,0,0,0,1,아이템,0.75,0.6746376658839944,1.347612674531925,레잠 1장 사용처,뉴비 챌린저까지 템세팅 질문!,메소마켓 쓰는게 더 이득일까요?
부여,1,4,0,4,3,0,0,0,0,1,아이템,0.75,0.6746376658839944,1.347612674531925,메린이 질문(주문서작),님들 리프 질문 285렙 링크 관련,메린이 잠재부여스크롤이 안발려요
빡세서,1,4,0,4,3,0,0,0,0,1,아이템,0.75,0.6746376658839944,1.347612674531925,환산 링크에서 번호 매겨서 있는순이 중요도인가요,주흔작? 이번 유입입니다,검마 템세팅좀 봐주실수있을까요
뽑아,1,4,0,4,3,0,0,0,0,1,아이템,0.75,0.6746376658839944,1.347612674531925,에디 레전 천장 사용처가 고민입니다....,미라클때 에테장갑 만들어볼까요?,본섭에 교불에디 레전천장 있는데요....
사거나,1,4,0,4,3,0,0,0,0,1,아이템,0.75,0.6746376658839944,1.347612674531925,챌섭 챌린저 찍었는데 미래 고민되네여,대학생 유저 메이플 질문,달콤한 정령 오늘까진데
사라지고,1,4,0,4,3,0,0,0,0,1,아이템,0.75,0.6746376658839944,1.347612674531925,5석펫인데 스펙업 순서 추천 좀…,오는 목요일부터 바뀌는 보급상자지원에서,"메린이 질문드립니다 자석펫,드메,스펙업"
살까하는데,1,4,0,4,3,0,0,0,0,1,아이템,0.75,0.6746376658839944,1.347612674531925,"보조무기 보공40,35 차이가 큰가요??",240억 정도 써서 보조를 살지 아님 칠흑 4셋을 할지 고민입니다,제네 패스 지금사도 될까요?
상태 이런데,2,4,0,4,3,0,0,0,0,1,아이템,0.75,0.6746376658839944,1.347612674531925,제네시스 패스 플러스 살까요?,미트라 에디 직작 질문,챌섭유입 메린이 해방무기 및 보조 알려주실분!!
생각하고있는데,1,4,0,4,3,0,0,0,0,1,아이템,0.75,0.6746376658839944,1.347612674531925,플라즈마하트 잠재질문좀,렌 무보엠 옵션 고민이있습니다!,뉴비 템셋 순서고민입니다
선택하,1,4,0,4,3,0,0,0,0,1,아이템,0.75,0.6746376658839944,1.347612674531925,22성 에테 뚝배기 공6리턴 완작 질문드립니다,대적자 코인 쓸 곳 질문드립니다.,[사전월드리프] 여러 서버로 이동 불가 관련 문구 문제
세마리,1,4,0,4,3,0,0,0,0,1,아이템,0.75,0.6746376658839944,1.347612674531925,자석펫 4마리면 루팅범위 늘어나나요?,스펙 질문,챌섭 메린이 메소로 어떤스펙업 먼저하나요??
스탯창,1,4,0,4,3,0,0,0,0,1,아이템,0.75,0.6746376658839944,1.347612674531925,이거 챌섭 오버방무 아님?,템잘알 메고수분들 도와주세요,선생님들 드메 100/100이 가성비라고 배웠는데 풀도핑 기준이 맞나요?
스펙업 해야,2,4,0,4,3,0,0,0,0,1,아이템,0.75,0.6746376658839944,1.347612674531925,안녕하세요...메이플 시작 3주차인데..,스펙업 조언 부탁드립니다.,메이린 스펙업 질문입니다
쓰고 있는,2,4,0,4,3,0,0,0,0,1,아이템,0.75,0.6746376658839944,1.347612674531925,메린이 에디 레전 천장 어떻게 하는게 좋을까요,메고수 형님들 템 진로좀 봐주십쇼,메이플용 PC 견적 뽑아봤는데용
쓸려고,1,4,0,5,3,0,0,0,0,1,아이템,0.75,0.6746376658839944,1.347612674531925,제네패스 플러스 재화 사용처 추천 부탁드립니다.,복귀 메린이 본섭에 있는친구가 많이아파요..,블랙보조에 골드 큐브 20개 정도 써도 될까요?
아이템메이커,1,4,0,4,3,0,0,0,0,1,아이템,0.75,0.6746376658839944,1.347612674531925,제네 잠재 질문있습니디,레테 보조무기 질문드립니다,돈좀쓴것 같은데 안쎼져서 고민입니다 ㅠ
안뜨는데,1,4,0,4,3,0,0,0,0,1,아이템,0.75,0.6746376658839944,1.347612674531925,울티마 앱솔랩스 아처후드,그레이 트레이닝 팬츠,메애기 환산 검색관련질문(추적)
안팔고,1,4,0,4,3,0,0,0,0,1,아이템,0.75,0.6746376658839944,1.347612674531925,스펙 얼마대부터 다조 그만팔고 사먹어야하나요?,솔 에르다 기운 어떻게 처리해야할까요,데브펜 18성 쌍레
애매하네요,1,4,0,4,3,0,0,0,0,1,아이템,0.75,0.6746376658839944,1.347612674531925,카룻을 갈까요 에테를 갈까요?,제네무기vs미트라 미라클때 등업 머할까요,레전 잠재 2장 질문있습니다
어디에다,1,4,0,4,3,0,0,0,0,1,아이템,0.75,0.6746376658839944,1.347612674531925,챌섭 챌린저 목표 템셋팅 관련 질문입니다.,챌섭 266레벨 40퍼인데 EXP 패스 블농이랑 EXP쿠폰 언제 사용하나요?,찐뉴비 앞으로 스펙업 계획..챌가능할까요
어떻게해야,1,4,0,4,3,0,0,0,0,1,아이템,0.75,0.6746376658839944,1.347612674531925,메이플 글씨체 관련 질문입니다..일정부분만 글씨가 깨져요 ㅠㅠ,템세팅 질문,렌 1년 정말 열심히 키웠는데 템 방향성 도와주세요 ㅠㅠ
어센틱 심볼,2,4,0,4,3,0,0,0,0,1,아이템,0.75,0.6746376658839944,1.347612674531925,스펙업 순서,메이린 배율관련 질문드립니다 저 진짜 정리 잘해놨어요 함만 봐주세요 ㅠㅠ,샤타포스 관련 질문드려요
엠블렘 유니크,2,4,0,4,3,0,0,0,0,1,아이템,0.75,0.6746376658839944,1.347612674531925,블랙보조12/60 아랫잠 고민,"""자석펫 장착 vs 팔고 템셋팅""",레전드리잠재 한장 남는거 어따써야할까요
여기저기,1,4,0,4,3,0,0,0,0,1,아이템,0.75,0.6746376658839944,1.347612674531925,챌린저 찍고싶은 메린인데 향후 템셋팅 어떻게 해야하나요?,챌섭 뉴비 한번만 도와주십쇼 선생님들ㅠ,메린이 서버 고민입니다
여튼,1,4,0,4,3,0,0,0,0,1,아이템,0.75,0.6746376658839944,1.347612674531925,드랍템 먼저 맞출까요 스펙업을 먼저 할까요,울티마 스쿼드 코인샵 본섭 실수,에디에픽2줄 이거 가능한걸까요.. ?!?
오르,1,4,0,6,3,0,0,0,0,1,아이템,0.75,0.6746376658839944,1.347612674531925,아버 22성,뉴비 해방이후 스펙업 방향성 검토 부탁드리겠습니다,챌섭 거공 vs 드메템 고민 중입니다
위와,1,4,0,5,3,0,0,0,0,1,아이템,0.75,0.6746376658839944,1.347612674531925,동전꼽기가 운영정책 위반인지 여부,큐브 사용처 질문,보조한번만 부탁드립니다
위와 같은,2,4,0,4,3,0,0,0,0,1,아이템,0.75,0.6746376658839944,1.347612674531925,동전꼽기가 운영정책 위반인지 여부,큐브 사용처 질문,보조한번만 부탁드립니다
유입이라,1,4,0,4,3,0,0,0,0,1,아이템,0.75,0.6746376658839944,1.347612674531925,메린이 챌린저 이후 진로봐주실분..,힘 여명 30퍼 깡통 35억 즈음이면 비쌀까요?,뉴비 대적자 코인 사용처 질문
이렇고,1,4,0,4,3,0,0,0,0,1,아이템,0.75,0.6746376658839944,1.347612674531925,챌섭 메린이 템세팅 질문있습니다,대적자 코인 사용에 대해 질문합니다,루컨마 깡통을 살지 고민입니다.
이벤링 하나,2,4,0,4,3,0,0,0,0,1,아이템,0.75,0.6746376658839944,1.347612674531925,이벤링 레잠 관련,궁금한 게 많은 메린이 질문드립니다 !..,형님들 뉴비 드메템 사려는데 같이봐줄수있을까
이지카링까지,1,4,0,4,3,0,0,0,0,1,아이템,0.75,0.6746376658839944,1.347612674531925,메린이)첫 285완료 mvp작 및 템 방향성 질문드려요,메린이 챌린저 달았는데 이제 세팅 뭐부터할까요?,리프 질문있습니다
일반 엠블렘,2,4,0,5,3,0,0,0,0,1,아이템,0.75,0.6746376658839944,1.347612674531925,큐브 사용처 질문,블랙보조12/60 아랫잠 고민,똥블렘 에디 질문
잡았어요,1,4,0,4,3,0,0,0,0,1,아이템,0.75,0.6746376658839944,1.347612674531925,챌섭 메린이 질문이용,메린이 한 100억정도 생기면,메린이 드메템 질문있어요
장신구 방어구,2,4,0,4,3,0,0,0,0,1,아이템,0.75,0.6746376658839944,1.347612674531925,헥환 7만 중반 ~ 8만 목표 레테 템세팅 조언 부탁드립니다.,챌섭 뉴비 앞으로 진로 설정 부탁드립니다,노칼 딜배율 200% 목표 / 18에테 교체 순서 및 칠흑·엠블 문의
저한텐,1,4,0,4,3,0,0,0,0,1,아이템,0.75,0.6746376658839944,1.347612674531925,카오스 3-5를 못 깨고있는데요,형들 마깃안 에디 3줄 어떻게 처리할까요,파풀마 비싸면 블빈마 써도 되나요?
적이,1,4,0,4,3,0,0,0,0,1,아이템,0.75,0.6746376658839944,1.347612674531925,이지카링돌이 세팅하려면...,불독 템 셋팅 나름대로 생각해봤는데 어떤가요?,챌섭 메린이 에메랄드까지 목표잡았는데...
정도인,1,4,0,4,3,0,0,0,0,1,아이템,0.75,0.6746376658839944,1.347612674531925,현재 템셋 스펙업 조언좀 부탁드림다,챌섭 뉴비.. 가고 있는 방향이 제대로 된 건지 모르겠어요,내 상황에서 레드 유지를 할까 말까 고민중인데
조금이라,1,4,0,4,3,0,0,0,0,1,아이템,0.75,0.6746376658839944,1.347612674531925,메린이 하드 메이린 배율 105인데 못잡겠습니다..,여기서 스팩업을 어떤 방향으로 잡아야 할까요?,첼섭 부캐만 옮기려는데
좋겠죠,1,4,0,4,3,0,0,0,0,1,아이템,0.75,0.6746376658839944,1.347612674531925,메린이 챌린저 달았는데 이제 세팅 뭐부터할까요?,내일 제네무기랑 메소를 어떻게 써야할까요??,제네무기 윗잠 선택 질문이요ㅠㅠ
좋아보이는데,1,4,0,4,3,0,0,0,0,1,아이템,0.75,0.6746376658839944,1.347612674531925,시퀸스질문,레테 보조무기 옵션 질문합니다..,레테 잠재 질문이요..!
좋은 방안,2,4,0,4,3,0,0,0,0,1,아이템,0.75,0.6746376658839944,1.347612674531925,[뉴비] 장갑 VS 엠블렘,메린이 여기서 막힘..도와주세여,유니온 패시브 우선수위 질문좀
죄다,1,4,0,4,3,0,0,0,0,1,아이템,0.75,0.6746376658839944,1.347612674531925,챌린저스섭 진로가 궁그미합니다!,무보엠 어떻게 해야할지 진로 좀 부탁드립니다..,메린이 하드 메이린까지 진로 상담 부탁드립니다.
주간 보스,2,4,0,4,3,0,0,0,0,1,아이템,0.75,0.6746376658839944,1.347612674531925,노칼 딜배율 200% 목표 / 18에테 교체 순서 및 칠흑·엠블 문의,메린이 제네패스 어둠의 흔적 관련해서 질문,찐 메린이 입니다... 살려주세요
주는데,1,4,0,4,3,0,0,0,0,1,아이템,0.75,0.6746376658839944,1.347612674531925,플라즈마 하트 스페어 질문,챌린저서버 질문있습니다,페어리 하트 관련 질문입니다.
주마다,1,4,0,4,3,0,0,0,0,1,아이템,0.75,0.6746376658839944,1.347612674531925,제네무기vs미트라 미라클때 등업 머할까요,드랍템 먼저 맞출까요 스펙업을 먼저 할까요,복귀뉴비 템진단좀 부탁드립니다
지를,1,4,0,4,3,0,0,0,0,1,아이템,0.75,0.6746376658839944,1.347612674531925,윗잠재 어떤 걸 선택해야 할까요?,메린이 악세사리 주문작 질문 좀 드립니다.,챌린저 노릴 수 있을까요
차근차근,1,4,0,4,3,0,0,0,0,1,아이템,0.75,0.6746376658839944,1.347612674531925,헥환 7만 중반 ~ 8만 목표 레테 템세팅 조언 부탁드립니다.,노칼 딜배율 200% 목표 / 18에테 교체 순서 및 칠흑·엠블 문의,선배님들 드메템관련해서 답변좀 부탁드려요 미리 감사드려요
찾아보고,1,4,0,4,3,0,0,0,0,1,아이템,0.75,0.6746376658839944,1.347612674531925,챌섭 뉴비 한번만 도와주십쇼 선생님들ㅠ,장문)챌섭에서 본캐 레테하고 있는 유저인데 템셋팅 고민입니다.,찐뉴비 앞으로 스펙업 계획..챌가능할까요
챌린저 달고,2,4,0,4,3,0,0,0,0,1,아이템,0.75,0.6746376658839944,1.347612674531925,메린이 하드메이린 목표 템셋 봐주시면 감사하겠습니다!,리프 질문있습니다,템 진로상담 해주실분
챌섭 끝나면,2,4,0,4,3,0,0,0,0,1,아이템,0.75,0.6746376658839944,1.347612674531925,챌섭 호영 템셋 질문,250물약 사용처 질문,챌섭 뉴비.. 가고 있는 방향이 제대로 된 건지 모르겠어요
챌섭보상,1,4,0,4,3,0,0,0,0,1,아이템,0.75,0.6746376658839944,1.347612674531925,메쌤 도와줘요,30억 있는데 템 어떻게 보강해야할까요??,챌섭 뉴비 한번만 도와주십쇼 선생님들ㅠ
최우선,1,4,0,4,3,0,0,0,0,1,아이템,0.75,0.6746376658839944,1.347612674531925,메린이 방향성이 잘못된걸까요? 현실조언 부탁드립니다,제네 방향성 도움 바랍니다,챌섭 챌린저 목표 질문드립니다
코인샵 있는,2,4,0,4,3,0,0,0,0,1,아이템,0.75,0.6746376658839944,1.347612674531925,챌섭에서 리프할때 템,제네시스 해방은 했는데..,보스 물약 종류
큐브나,1,4,0,4,3,0,0,0,0,1,아이템,0.75,0.6746376658839944,1.347612674531925,뉴비) 첫 해방 무기 세팅 방법 좀 알 수 잇을까요?!,1억 2천만 아란 엠블렘 조언 구합니다,해방무기 질문입니다
키우고 있는 유저입니다,3,4,0,4,3,0,0,0,0,1,아이템,0.75,0.6746376658839944,1.347612674531925,본의명의 한계정 업데이트는 언제부터 들어온건가요?,데벤져 컨티 3렙,챌섭 266레벨 40퍼인데 EXP 패스 블농이랑 EXP쿠폰 언제 사용하나요?
템에,1,4,0,5,3,0,0,0,0,1,아이템,0.75,0.6746376658839944,1.347612674531925,친구계정 레잠 쓰는것도 정지되나요?,돈좀쓴것 같은데 안쎼져서 고민입니다 ㅠ,잠재에 맞는 별 갯수 좀 정해주십사 (얘는 몇 성급인가)
통해,1,4,0,5,3,0,0,0,0,1,아이템,0.75,0.6746376658839944,1.347612674531925,[사전월드리프] 여러 서버로 이동 불가 관련 문구 문제,제네시스 무기 해방 관련 질문입니다!,지금 보조 엠블에 대해 고민인데 이거 투표 좀 해주실 수 있으신가여...
펫은,1,4,0,4,3,0,0,0,0,1,아이템,0.75,0.6746376658839944,1.347612674531925,펫 아무거나 사도 되나요?,메린이 많이 성장했지만 다시 막막해짐..,장문)챌섭에서 본캐 레테하고 있는 유저인데 템셋팅 고민입니다.
풀강,1,4,0,4,3,0,0,0,0,1,아이템,0.75,0.6746376658839944,1.347612674531925,챌섭 뉴비 하드메이린 잡고싶은데 스펙업 질문,챌삽에서 리프하면 환산이 오르나요?,뉴비 해방이후 스펙업 방향성 검토 부탁드리겠습니다
플레임링,1,4,0,5,3,0,0,0,0,1,아이템,0.75,0.6746376658839944,1.347612674531925,이벤링 레잠 관련,뉴비 아이템 셋팅 질문 두개만 부탁드립니다.,3주늦은뉴비 템진로 훈수 제발 부탁드립니다
하고있고,1,4,0,4,3,0,0,0,0,1,아이템,0.75,0.6746376658839944,1.347612674531925,9000만 캡틴 스펙업 어떻게 해야할까요,"다음 스펙업 질문,,",챌섭 챌린저 메소 얼마나 들었어??
하나하나,1,4,0,4,3,0,0,0,0,1,아이템,0.75,0.6746376658839944,1.347612674531925,드랍템 먼저 맞출까요 스펙업을 먼저 할까요,다음아이템 뭐바꿀지 추천해주는사이트 이런건없어??,4주차 뉴비 앞으로 진로방향좀 가르쳐주세요!
하려,1,4,0,4,3,0,0,0,0,1,아이템,0.75,0.6746376658839944,1.347612674531925,에디 레전 천장 사용처가 고민입니다....,8-9만 세팅 가능할까요?,뉴비) 헥사 떡작 질문
하프,1,4,0,5,3,0,0,0,0,1,아이템,0.75,0.6746376658839944,1.347612674531925,메린이 챌린저 이후 진로봐주실분..,챌섭 유입 메린이 메소사용후보 골라주십셔,드메템 원래 가격이 얼마정도 인가요?
할건데,1,4,0,4,3,0,0,0,0,1,아이템,0.75,0.6746376658839944,1.347612674531925,프펫공작할건데,에테장갑 17>18 파방하시나여?,컴퓨터 질문
해방입니다,1,4,0,4,3,0,0,0,0,1,아이템,0.75,0.6746376658839944,1.347612674531925,마스터 블큐만 남은 메린이한테 훈수 부탁드립니다,다음 스펙업 뭐가좋을까요?,무기를 사는게 맞을까요?
120억,1,4,0,5,3,0,0,0,1,0,시세,0.25,0.6744449701201086,1.3474576085979435,미라클 어디에 질러야 할까요?,보공 20퍼 달려있는 보조 사도 괜찮을까요?,미트라 도적 시세 질문입니다
18성이,1,4,0,5,3,0,0,0,1,0,시세,0.25,0.6744449701201086,1.3474576085979435,언컨 27퍼 가격 질문,"뉴비 악세 뭐 사야되는지 알려줄 선생님,,",크크잡 18성 에테 vs 크크잡 12성 에테 왜 12성이 더 쌤?
35억정도,1,4,0,4,3,0,0,0,1,0,시세,0.25,0.6744449701201086,1.3474576085979435,미라클 타임.. 엠블 vs 하트,뉴비 스펙업 진로 고민있어요,챌섭 메린이 하메를 위한 템셋팅 조언 부탁드립니다!
60억정도,1,4,0,4,3,0,0,0,1,0,시세,0.25,0.6744449701201086,1.3474576085979435,뉴비 아이템 셋팅 질문 두개만 부탁드립니다.,선배님들 헤어 추천 부탁드립니다..,챌섭 메린이 메소로 어떤스펙업 먼저하나요??
계곡,1,4,0,4,3,0,0,0,1,0,시세,0.25,0.6744449701201086,1.3474576085979435,헥환 8만 목표 과금 어느정도 해야할까요?,모험가 22성 나오면 18둘둘로 하드 메이린 가능할까요?,한달전 악세 시세 얼마였는지 아시는분?
공공방,1,4,0,5,3,0,0,0,1,0,시세,0.25,0.6744449701201086,1.3474576085979435,안녕하세요 선생님들 템 진로 고견좀 여쭙습니다,메린이 템세팅 관련해서 질문 있습니다..!,미트라
두는게,1,4,0,4,3,0,0,0,1,0,시세,0.25,0.6744449701201086,1.3474576085979435,챌섭 블큐 화에큐 사용처 및 챌 달성 질문,이런거 21성 샤타때 올리면 처분할때 잘 팔려요??,루나 크리스탈 키 평소 시세가 10억 쯤 될까요?
매물 없고,2,4,0,4,3,0,0,0,1,0,시세,0.25,0.6744449701201086,1.3474576085979435,카룻을 갈까요 에테를 갈까요?,챌섭 하드메이린 최소컷만큼 템셋 질문이요,에테 장갑을 만들었었는데 방어구 템셋을
모르는데,1,4,0,4,3,0,0,0,1,0,시세,0.25,0.6744449701201086,1.3474576085979435,메린이 해방 윗잠 선택 부탁드립니다,챌섭 챌린저 목표 겸,메린이 시그너스 보조 시세 질문드려요
쓰고싶은데,1,4,0,4,3,0,0,0,1,0,시세,0.25,0.6744449701201086,1.3474576085979435,핑크빈 후디는 못얻나요?,4에테 2아케인 2앱솔,캐시아이템 질문드립니다.
아랫잠 에픽,2,4,0,8,3,0,0,0,1,0,시세,0.25,0.6744449701201086,1.3474576085979435,메린이 토드(장비전승) 간단 질문이용,루컨마 힘180급 가격 어느정도 될까요?,칠흑에 메획붙은거 사도 괜찮나요?
아쿠아틱,1,4,0,5,3,0,0,0,1,0,시세,0.25,0.6744449701201086,1.3474576085979435,챌섭 챌린저 목표 템셋팅 관련 질문입니다.,이정도면 살만 한가요?,투력 5000만 다음 업그레이드
않을까,1,4,0,4,3,0,0,0,1,0,시세,0.25,0.6744449701201086,1.3474576085979435,윗잠 27퍼는 21성이 마지노선인가요??,헥환 7~9만 템셋 비용 얼마나 될까요? (궁수),뉴비 해방이후 스펙업 방향성 검토 부탁드리겠습니다
어떤템,1,4,0,4,3,0,0,0,1,0,시세,0.25,0.6744449701201086,1.3474576085979435,메린이)첫 285완료 mvp작 및 템 방향성 질문드려요,형님들 렌 전투력1억 찍고싶은데 템셋팅 가성비훈수좀 부탁드립니다,메이플 슈퍼뉴비 어떻게 강화하는지 궁금합니다.
유입된 뉴비입니다,2,4,0,4,3,0,0,0,1,0,시세,0.25,0.6744449701201086,1.3474576085979435,에테 18성 직작 vs 완작사기,메짱이 선생님들 아버 이후에 질문있습니다. 17에테 VS 18아케인(+27여명),제네무기 잠재 업글 질문합니다
제네시스패스,1,3,1,4,0,1,0,1,0,1,퀘스트,0.3333333333333333,0.6005193673575421,1.3400877930798827,뉴비 검마까지 방향성 조언좀....,제네시스패스 너무 어려워요,챌린버스 월드 우선순위??
30초남기고,1,3,0,3,1,0,2,0,0,0,몬스터,0.6666666666666666,0.9281264577257948,1.3364754179356693,템진로상담! 노말 흉성 솔플하고싶어요,이지카링은 잡았는데 유챔세렌을 못잡아요,
경우엔,1,3,0,3,1,0,2,0,0,0,몬스터,0.6666666666666666,0.9281264577257948,1.3364754179356693,챌섭뉴비 템 가이드 부탁드립니다ㅠ,검마 연습중인데 2페 권능 때 암흑 걸리면 무적 필수임?,
낮아,1,3,0,3,1,0,2,0,0,0,몬스터,0.6666666666666666,0.9281264577257948,1.3364754179356693,에테 스타포스 할만한지 아니면 사먹는게 나은지 궁금합니다.,렌 하세 환산 118.7% 로 1초 남기고 잡게될 것 같은데...,렌 카칼 질문드립니다.
눈에,1,3,0,3,1,0,2,0,0,0,몬스터,0.6666666666666666,0.9281264577257948,1.3364754179356693,레테 보조무기 옵션 질문합니다..,검마 연습중인데 2페 권능 때 암흑 걸리면 무적 필수임?,
매주 주간보스,2,3,0,3,1,0,2,0,0,0,몬스터,0.6666666666666666,0.9281264577257948,1.3364754179356693,본섭 7만 중후반 주차 후 챌섭 갈아타는 게 맞을까요?,돈 투자해서 하드 메이린 잡을만 한가요?,
벌리는데,1,3,0,3,1,0,2,0,0,0,몬스터,0.6666666666666666,0.9281264577257948,1.3364754179356693,메린이 스펙업 방향성 질문드립니다,돈 투자해서 하드 메이린 잡을만 한가요?,
안남,1,3,0,3,1,0,2,0,0,0,몬스터,0.6666666666666666,0.9281264577257948,1.3364754179356693,에디천장 질문있습니다.,카링 초행길 배율 몇퍼때 도전하나요?,원래 보스 배율보다 훨씬 느리게 잡아지는게 정상임??
억까,1,3,0,3,1,0,2,0,0,0,몬스터,0.6666666666666666,0.9281264577257948,1.3364754179356693,아이템 질문 하나만 드려도 될까요?,검마 연습중인데 2페 권능 때 암흑 걸리면 무적 필수임?,
언더,1,3,0,3,1,0,2,0,0,0,몬스터,0.6666666666666666,0.9281264577257948,1.3364754179356693,메린이 하메잡는데 뭘 더 해야 빠르게 쌔질까요,이적자 2인 괜찮음?,검마 솔격 4페 몇분쯤에 진입해야 깰만함?
자정,1,3,0,3,1,0,2,0,0,0,몬스터,0.6666666666666666,0.9281264577257948,1.3364754179356693,이번 챌섭 유입 템세팅 질문드려봅니다,하드세렌 배율 110퍼 질문,챌섭 뉴비 세렌 질문 드려요
챌섭 천천히,2,3,0,3,1,0,2,0,0,0,몬스터,0.6666666666666666,0.9281264577257948,1.3364754179356693,아이템 질문 하나만 드려도 될까요?,돈 투자해서 하드 메이린 잡을만 한가요?,
투자해주는게,1,3,0,3,1,0,2,0,0,0,몬스터,0.6666666666666666,0.9281264577257948,1.3364754179356693,대적자 큐브 질문,돈 투자해서 하드 메이린 잡을만 한가요?,
힐라,1,3,0,3,1,0,2,0,0,0,몬스터,0.6666666666666666,0.9281264577257948,1.3364754179356693,초보 보스 공략하려면 환산주스탯 몇퍼정도부터 트라이하면 좋을까요?,메린이 검마 솔격 가능함??,뉴비 스펙업 뭐해야할지 모르겠어요
2페이즈에서,1,3,0,4,0,2,0,0,0,1,퀘스트,0.6666666666666666,0.9260842736191771,1.3350598837799827,보스 윌을 클리어하지를 못하겠습니다..,제네시스패스 너무 어려워요,최근 메이플에서만 렉이 유ㅜ독 심합니다 살려주십셔
막혀서,1,3,0,3,0,2,0,0,0,1,퀘스트,0.6666666666666666,0.9260842736191771,1.3350598837799827,울티마 후발대 질문있습니다.,제네시스패스 너무 어려워요,레테 칭호 얻으려는데 도와주세요
반레온,1,3,0,3,0,2,0,0,0,1,퀘스트,0.6666666666666666,0.9260842736191771,1.3350598837799827,메린이 제네 패스 질문,제네시스패스 너무 어려워요,첫해방인데 질문있음
제네시스 모드,2,3,0,3,0,2,0,0,0,1,퀘스트,0.6666666666666666,0.9260842736191771,1.3350598837799827,제네시스 해방퀘스트 질문,형님들 제네해방 흔적 질문좀...ㅠ,제네시스 해방 퀘스트 관련 질문입니다 [메린이]
달아주세요,1,3,0,3,1,0,0,0,2,0,시세,0.6666666666666666,0.925540190405538,1.3346827540344588,경험치 BM 280작 250작 무난할까요?,가엔링 인트 36% 떴는데 이거 시세가 어떻게 되나요?,
떳어요,1,3,0,3,1,0,0,0,2,0,시세,0.6666666666666666,0.925540190405538,1.3346827540344588,가엔링 인트 36% 떴는데 이거 시세가 어떻게 되나요?,뉴비 마깃안 먹었는데 팔면 되나요?,
별값,1,3,0,3,1,0,0,0,2,0,시세,0.6666666666666666,0.925540190405538,1.3346827540344588,죽맹 24성은 가격이 어떻게될까요??,에테 210급 상의,도미 질문드립니다
허허,1,3,0,3,1,0,0,0,2,0,시세,0.6666666666666666,0.925540190405538,1.3346827540344588,첼섭 버닝 삭제,닉넴 냉면 살 수 있을까여.. ?,
간간히,1,4,0,4,2,0,1,0,0,1,몬스터,0.25,0.6519580501384789,1.32936195782179,이번 이벤으로 시작한 늅늅이 장비좀 봐주실수 있을까요?,뉴비 하드세렌 질문드립니다,안녕하세요 선생님들 메린이 스펙업 방향이 궁금합니다
남습니다,1,4,0,4,2,0,1,0,0,1,몬스터,0.25,0.6519580501384789,1.32936195782179,대적자 큐브 사용처 질문있습니다 !,미라클 타임.. 엠블 vs 하트,노칼 최소컷 배율 질문
두마리,1,4,0,4,2,0,1,0,0,1,몬스터,0.25,0.6519580501384789,1.32936195782179,3석펫이 맞추고 싶습니다...,원래 세렌 정신병자가만든 보스맞나요?,부캐 검밑 시간대비 어떤가요
버티면서,1,4,0,4,2,0,1,0,0,1,몬스터,0.25,0.6519580501384789,1.32936195782179,검마 극딜 질문,늅이 고민있어요,6월말 유입 뉴비 현실적인 조언 부탁드립니다
끝나기전,1,5,0,5,2,0,0,1,0,2,직업,0.2,0.48358268535421767,1.3291116624331027,챌섭 유입 스펙업 질문있습니다.,뉴비 아이템 셋팅 질문 두개만 부탁드립니다.,메이플 새 계정 판 메린이인데여 유니온 질문입니당
다음달,1,5,0,5,2,0,0,1,0,2,직업,0.2,0.48358268535421767,1.3291116624331027,렌인데 보조랑 엠블렘 중 뭘 먼저 바꿔야할까요?,친구가 챌섭을 이제 시작하는데 챌린저 서버 닫힐때까지 달성 가능할까요 ..?,컴퓨터 질문
되더라구요,1,5,0,5,2,0,0,1,0,2,직업,0.2,0.48358268535421767,1.3291116624331027,제네무기 추옵이랑 에디 건드려야할까요 ?,MVP 레드 달아주는게 좋을까요?,240억 정도 써서 보조를 살지 아님 칠흑 4셋을 할지 고민입니다
되어있,1,5,0,5,2,0,0,1,0,2,직업,0.2,0.48358268535421767,1.3291116624331027,형님 누님들 알려주세요 ㅠㅠ,챌섭 200제 강화권 사용처 질문드립니다,메린이 헥사스텟 질문드립니다
될거같은데,1,5,0,5,2,0,0,1,0,2,직업,0.2,0.48358268535421767,1.3291116624331027,이번 챌섭이 본캐인데 진로상담 요청합니다!,유료 경험치 주는것들 효율 궁금해요,챌린저까지 진짜 코앞인데 가고싶어요
딸려서,1,5,0,5,2,0,0,1,0,2,직업,0.2,0.48358268535421767,1.3291116624331027,3일차 뭐해야할지 모르겠어요 메쌤들 좀 도와주세요,ssd 추가설치 질문,메잘알 형들 나로 질문이요ㅜㅜ
렌한테,1,5,0,5,2,0,0,1,0,2,직업,0.2,0.48358268535421767,1.3291116624331027,본섭에 유니온 만들려는데 고민상담좀 해주십쇼..,복귀를 해볼까 하는데요! 조언 좀 부탁드리겠습니다ㅎㅎ,리프 관련해서 질문 드립니다. ㅠㅠ
있구요,1,5,0,5,2,0,0,1,0,2,직업,0.2,0.48358268535421767,1.3291116624331027,메이플 좀 켜두면 생기는 잔렉? 프레임드랍? 해결방법 있을까요..,미라클 어디에 질러야 할까요?,메린이 서버 고민입니다
조금더,1,5,0,5,2,0,0,1,0,2,직업,0.2,0.48358268535421767,1.3291116624331027,스펙업 순서,뉴비 질문있습니다,뉴비입니다!! 질문있습니다
종결,1,5,0,5,2,0,0,1,0,2,직업,0.2,0.48358268535421767,1.3291116624331027,카룻을 갈까요 에테를 갈까요?,1억 2천만 아란 엠블렘 조언 구합니다,노칼 딜배율 200% 목표 / 18에테 교체 순서 및 칠흑·엠블 문의
지식,1,5,0,6,2,0,0,1,0,2,직업,0.2,0.48358268535421767,1.3291116624331027,다음아이템 뭐바꿀지 추천해주는사이트 이런건없어??,복귀유저 직업 네개중에 뭐가 괜춘할까요?,선생님들 드메 100/100이 가성비라고 배웠는데 풀도핑 기준이 맞나요?
하라는데,1,5,0,5,2,0,0,1,0,2,직업,0.2,0.48358268535421767,1.3291116624331027,헥사 스탯 질문입니다,프펫공작,헥사 떡작 질문
느낌이에요,1,3,1,4,0,0,1,2,0,0,직업,0.6666666666666666,0.5866861557381534,1.3285054789834034,렌이냐 제논이냐 그것이 문제로다..,세렌 배율 몇퍼정도 떠야 클각 나올까요,복귀한 뉴비인데 V매트릭스가 예전이랑 뭔가 바뀐 느낌이에요!
있길래,1,5,0,6,2,1,1,0,0,1,퀘스트,0.2,0.47785967813363883,1.3239845362431364,메M 마일리지 받는 퀘스트 탭 어딨나요..?,검마 아케인포스 질문,메린이 비욘드버닝 도와주세요ㅠㅠ
17성 유에,2,3,1,4,2,0,0,0,0,1,아이템,0.6666666666666666,0.5802430494260673,1.3231107750551419,템 가성비 셋팅 질문,17성 유에 풀 칠흑 에테 환산,이카돌이 방어구 질문
22성 쌍레,2,3,1,4,2,0,0,0,0,1,아이템,0.6666666666666666,0.5802430494260673,1.3231107750551419,22성 쌍레 쓰기전 템셋 어디가 좋아요?,뉴비 18에테 질문있습니다,잠재에 맞는 별 갯수 좀 정해주십사 (얘는 몇 성급인가)
6석,1,3,1,5,2,0,0,0,0,1,아이템,0.6666666666666666,0.5802430494260673,1.3231107750551419,코디충의 희대의 자석펫 고민입니다.,자석펫(6석) 질문,6 자석펫 질문
가는게 나을까요,2,3,1,5,2,0,0,0,0,1,아이템,0.6666666666666666,0.5802430494260673,1.3231107750551419,뉴비 에디 질문점,플래닛 여기에 질문해도될까요? 뉴비 썬콜 템세팅 질문좀요 ㅠ,챌섭 뉴비인데 보스 연모로 좀 하다가 가는게 나을까요?
가능성,1,3,1,6,2,0,0,0,0,1,아이템,0.6666666666666666,0.5802430494260673,1.3231107750551419,템 가성비 셋팅 질문,초저자본 메린이 첫 제네시스 잠재 질문,챌섭 직업 바꾸고 싶은데 하버 1개더 줄 가능성 있을까요?
감사하게,1,3,1,4,2,0,0,0,0,1,아이템,0.6666666666666666,0.5802430494260673,1.3231107750551419,대적자큐브 위아래?,잠재 더 돌리는게 나을까요?,"전엔 경험치 bm효율표 감사하게 누가 공유해주셨었는데,"
껴도,1,3,1,4,2,0,0,0,0,1,아이템,0.6666666666666666,0.5802430494260673,1.3231107750551419,3일차 뭐해야할지 모르겠어요 메쌤들 좀 도와주세요,[뉴비] 이 스펙으로 크크올 장갑 사서 껴도 괜찮을까요?,보조무기 추천
남는게,1,3,1,5,2,0,0,0,0,1,아이템,0.6666666666666666,0.5802430494260673,1.3231107750551419,미트라 51퍼 팔고 방어구부터 살까요?,290 찍을꺼면 챌섭에 남는게 맞나요??,메린이 커플 템진로좀 잡아주세요 ㅜㅜ
노카,1,3,1,5,2,0,0,0,0,1,아이템,0.6666666666666666,0.5802430494260673,1.3231107750551419,보스 코인 질문이요,헥환8만목표(노흉~노카 보스 솔격 )입니다.,본섭 7만 중후반 주차 후 챌섭 갈아타는 게 맞을까요?
뉴비입니다 메이플,2,3,1,4,2,0,0,0,0,1,아이템,0.6666666666666666,0.5802430494260673,1.3231107750551419,챌섭 뉴비 앞으로 진로 설정 부탁드립니다,뉴비입니다 메이플을 시작하고 해방퀘를 진행하는도중인데,챌린저스 뉴비 1200억 세팅 질문 드립니다.
답변좀,1,3,1,4,2,0,0,0,0,1,아이템,0.6666666666666666,0.5802430494260673,1.3231107750551419,4주차 뉴비 앞으로 진로방향좀 가르쳐주세요!,플래닛 여기에 질문해도될까요? 뉴비 썬콜 템세팅 질문좀요 ㅠ,선배님들 드메템관련해서 답변좀 부탁드려요 미리 감사드려요
도전 중인데,2,3,1,4,2,0,0,0,0,1,아이템,0.6666666666666666,0.5802430494260673,1.3231107750551419,메린이 하메잡는데 뭘 더 해야 빠르게 쌔질까요,챌린저 목표로 도전 중인데 템세팅 하나 여쭙니다 ..!,선생님들 노말 윌도 못깨면 접는게 맞을까요?
레잠 사용처,2,3,1,4,2,0,0,0,0,1,아이템,0.6666666666666666,0.5802430494260673,1.3231107750551419,메린이 급해요,뉴비 챌섭 레잠 사용처 및 미래 템세팅 조언 부탁드립니다,뉴비 듀블 레잠 질문입니다!
맞추고 싶습니다,2,3,1,4,2,0,0,0,0,1,아이템,0.6666666666666666,0.5802430494260673,1.3231107750551419,챌섭 템세팅 진로 질문드려요,3석펫이 맞추고 싶습니다...,검밑솔 돌이 정도로만 할려는데 스펙을 어느정도 잡아야하나요
메이플 챌린저스,2,3,1,4,2,0,0,0,0,1,아이템,0.6666666666666666,0.5802430494260673,1.3231107750551419,하이퍼버닝 캐릭 삭제 고민,챌린저스 서버 캐릭터 육성 질문,이번 메이플 챌린저스 유입 뉴비입니다. 도와주세요
모으기,1,3,1,4,2,0,0,0,0,1,아이템,0.6666666666666666,0.5802430494260673,1.3231107750551419,"헥사스킬올리기, 야누스30조각 모으기",부티크 티켓은 어느 타이밍에 사는게 좋을까요?,샤타포스 관련 질문드려요
목푠데,1,3,1,4,2,0,0,0,0,1,아이템,0.6666666666666666,0.5802430494260673,1.3231107750551419,환산 7~8만 목푠데 다음 메소를 어디다 써야 해야할까요?,화에큐랑 제네패스화에큐 공유가능?,뉴비 챌린저하고 싶은데 바닥부터 진로상담 부탁드립니다
문의드려요,1,3,1,4,2,0,0,0,0,1,아이템,0.6666666666666666,0.5802430494260673,1.3231107750551419,보40 마9 9 로 봐도 될까요 잠재가 애매해요...,경험치 bm 문의드려요,안녕하세요 오늘 검마잡고 제네작하는중인데 작관련 질문 좀 드릴께요!
방송,1,3,1,4,2,0,0,0,0,1,아이템,0.6666666666666666,0.5802430494260673,1.3231107750551419,메이플 방송,리턴스크롤 질문,메린이 악세사리 주문작 질문 좀 드립니다.
버린,1,3,1,4,2,0,0,0,0,1,아이템,0.6666666666666666,0.5802430494260673,1.3231107750551419,본캐를 올릴가요 버린 부캐를 살릴까요,형님들 메이플 id관련좀 알려주십숑,아이템버닝 질문이요..
본섭 캐릭,2,3,1,4,2,0,0,0,0,1,아이템,0.6666666666666666,0.5802430494260673,1.3231107750551419,챌섭 대적자 코인 본섭 캐릭도 사용 가능한가요?,이번주 목요일,챌섭 유입 메린이 과금 및 템셋팅 및 기타 질문드립니다
본섭캐릭,1,3,1,4,2,0,0,0,0,1,아이템,0.6666666666666666,0.5802430494260673,1.3231107750551419,대적자큐브 사용처 질문,이번 레테복귀유저 본섭캐릭 버릴까용?,챌섭 환산 차이
부티크 티켓,2,3,1,5,2,0,0,0,0,1,아이템,0.6666666666666666,0.5802430494260673,1.3231107750551419,MVP작 할 때 질문,부티크 관련 질문입니다,부티크 티켓은 어느 타이밍에 사는게 좋을까요?
비포,1,3,1,5,2,0,0,0,0,1,아이템,0.6666666666666666,0.5802430494260673,1.3231107750551419,울티마스쿼드 옵션이 너무 헷갈려요.. 한번만 봐주세요,이제 비포/애프터 큐브밖에 없나요?,메소로 잠재 돌리다가 옵션 잘못눌렀는데
사고싶,1,3,1,4,2,0,0,0,0,1,아이템,0.6666666666666666,0.5802430494260673,1.3231107750551419,메린이 질문)세트효과 차이,사고싶은 닉이있는데ㅜㅜ 본캐가 안뜨시는 분일때 어떻게 연락을 취할수있는 방법 없나요?ㅜㅜ,아이템 질문 하나만 드려도 될까요?
선택하고,1,3,1,5,2,0,0,0,0,1,아이템,0.6666666666666666,0.5802430494260673,1.3231107750551419,진짜 초보 메린이 질문있습니다,뉴비 레테 미트라 구매 질문,이거 에디 선택하고 팔아야되나요?
순서좀,1,3,1,4,2,0,0,0,0,1,아이템,0.6666666666666666,0.5802430494260673,1.3231107750551419,헤카테:스틱스 바인드 질문,이번유입 스펙업 순서좀 알려주실수있을까요,안녕하세요 선생님들 메린이 스펙업 방향이 궁금합니다
스샷,1,3,1,4,2,0,0,0,0,1,아이템,0.6666666666666666,0.5802430494260673,1.3231107750551419,챌린저 찍고싶은 메린인데 향후 템셋팅 어떻게 해야하나요?,메이린 배율관련 질문드립니다 저 진짜 정리 잘해놨어요 함만 봐주세요 ㅠㅠ,밖이라 못보는데 챌섭 보상표 스샷 좀 찍어줄사람??
썻는데,1,3,1,4,2,0,0,0,0,1,아이템,0.6666666666666666,0.5802430494260673,1.3231107750551419,메린이 첫 해방했는데 무지 에디 어떻게 할까요,메이린 잡다 마도서 썻는데,누가 메이플 접는건 능지순이라 했는데...
쓰는건,1,3,1,4,2,0,0,0,0,1,아이템,0.6666666666666666,0.5802430494260673,1.3231107750551419,레테 윗잠 올이탈 보조(보방마) 쭉가져갈만 한가요?,메멘토 수에큐 에픽 1.5줄짜리인거 2줄 뽑는데 쓰는건 비추인가요?,챌섭 뉴비 이번 선데이 질문 몇개만 답장 해주실분!
씨앗,1,3,1,5,2,0,0,0,0,1,아이템,0.6666666666666666,0.5802430494260673,1.3231107750551419,복귀쌩뉴비 템 진로상담(사실상 황무지에서 재건) 질문,메쌤들 채집 만들어서 파는거랑 씨앗만 파는거,챌린저스 섭 연금술 명장 찍기 팁좀 주심안될까여
안녕하세용,1,3,1,4,2,0,0,0,0,1,아이템,0.6666666666666666,0.5802430494260673,1.3231107750551419,이번 이벤으로 시작한 늅늅이 장비좀 봐주실수 있을까요?,이번에 첫챌섭 시작한 뉴비 해방이후에 템세팅이 궁금해요 ㅇㅅㅠ,안녕하세용
어느정도인가요,1,3,1,4,2,0,0,0,0,1,아이템,0.6666666666666666,0.5802430494260673,1.3231107750551419,솔 에르다 3개의 가치가 어느정도인가요?,무기 질문 드립니다,뉴비 질문있슴다
열고,1,3,1,4,2,0,0,0,0,1,아이템,0.6666666666666666,0.5802430494260673,1.3231107750551419,헥사 코어 순서 변경,제네패스 플러스,어빌은 무조건 첫줄 열고 돌림?
윗잠 먼저,2,3,1,4,2,0,0,0,0,1,아이템,0.6666666666666666,0.5802430494260673,1.3231107750551419,카데나 해방무기 질문,메린이 무기 윗잠 먼저 아랫잠 먼저,대적자큐브 계획 질문
유니크 주문서,2,3,1,5,2,0,0,0,0,1,아이템,0.6666666666666666,0.5802430494260673,1.3231107750551419,해방 못하면 레잠이랑 에디셔널 유니크 주문서 어디에 쓰나요??,장문)챌섭에서 본캐 레테하고 있는 유저인데 템셋팅 고민입니다.,챌섭 소과금유저 칠흑 세팅 질문
유닉 레전,2,3,1,4,2,0,0,0,0,1,아이템,0.6666666666666666,0.5802430494260673,1.3231107750551419,제네무기 밑잠 유닉->레전 보낼때 메소? 큐브?,뉴비 해방이후 스펙업 방향성 검토 부탁드리겠습니다,스펙업 방향성 알려주실분
이럼,1,3,1,4,2,0,0,0,0,1,아이템,0.6666666666666666,0.5802430494260673,1.3231107750551419,형들,제논 이럼 족된건가요,메이플 접속이안됨 아시는분ㅠㅠ
있나여,1,3,1,5,2,0,0,0,0,1,아이템,0.6666666666666666,0.5802430494260673,1.3231107750551419,첼섭 구 마라벨 헤어 질문,"주니어발록,유니콘티엘 이런 썩다리펫 수요가 있나여?",캐릭터 삭제
전투력 1억,2,3,1,4,2,0,0,0,0,1,아이템,0.6666666666666666,0.5802430494260673,1.3231107750551419,전투력 1억 아델 하드메이린 목표,복귀 유저 본캐 템 질문 입니다(장비템먼저 vs 리레링 4렙 먼저),플라즈마 하트 진지하게 고민중입니다 ㅠㅠ
전투복,1,3,1,6,2,0,0,0,0,1,아이템,0.6666666666666666,0.5802430494260673,1.3231107750551419,부티크 전투복 질문!,챌섭 진투복 구입할가요?,누비 두개만질문좀
주화 상점,2,3,1,5,2,0,0,0,0,1,아이템,0.6666666666666666,0.5802430494260673,1.3231107750551419,메린이 에디 레전 천장 어떻게 하는게 좋을까요,하트 업그레이드 모듈 질문있습니다,심볼 현상금 주화 상점으로 땡기는건 별론가요?
챌린저스월드,1,3,1,4,2,0,0,0,0,1,아이템,0.6666666666666666,0.5802430494260673,1.3231107750551419,메이플 지금 복귀 괜찮음?,선배님들 드메템관련해서 답변좀 부탁드려요 미리 감사드려요,챌린저스월드 뉴비 탬세팅 질문
챌섭 하드메이린,2,3,1,4,2,0,0,0,0,1,아이템,0.6666666666666666,0.5802430494260673,1.3231107750551419,챌섭 하드메이린 최소컷만큼 템셋 질문이요,282캡띤 템 진로를 모르겠습니다,챌섭 보조무기 질문입니다
초중반,1,3,1,5,2,0,0,0,0,1,아이템,0.6666666666666666,0.5802430494260673,1.3231107750551419,지금 복귀타이밍 너무 늦지 않았나..,마깃안 27/30 차이 있을까요?,8만 초중반 목표 스펙업 가이드 질문드립니다
친구 챌섭,2,3,1,4,2,0,0,0,0,1,아이템,0.6666666666666666,0.5802430494260673,1.3231107750551419,친구가 챌섭을 이제 시작하는데 챌린저 서버 닫힐때까지 달성 가능할까요 ..?,템 방향성 고민이 너무 됩니다,성향 올 100 뭐로 찍더라???
카에에잠,1,3,1,4,2,0,0,0,0,1,아이템,0.6666666666666666,0.5802430494260673,1.3231107750551419,핵환 4.4 도미먹었는디,남는 카유잠 카에에잠,15일 정지인데 이러면 챌린저 힘든가
토큰,1,3,1,5,2,0,0,0,0,1,아이템,0.6666666666666666,0.5802430494260673,1.3231107750551419,성님들 하드 메이린 목표하는 메린이 봐주십시오.,챌섭 템셋팅 질문입니다!,연합 토큰 어떻게 얻나요?
플러스 보상,2,3,1,4,2,0,0,0,0,1,아이템,0.6666666666666666,0.5802430494260673,1.3231107750551419,메린이 에디 레전 천장 어떻게 하는게 좋을까요,메짱형님들 메린이 템진로 조언 해주시면 감사하겠습니다.,제네 플러스 보상 질문입니도
하고싶습니다,1,3,1,4,2,0,0,0,0,1,아이템,0.6666666666666666,0.5802430494260673,1.3231107750551419,이 골때리는 코디를 저도 하고싶습니다,챌섭 하메 템진로 조언 받고싶습니다,서버이동 질문입니다 선배님들 도와주세요
하시 분들,2,3,1,5,2,0,0,0,0,1,아이템,0.6666666666666666,0.5802430494260673,1.3231107750551419,지난주에 챌섭 시작한 뉴비인데 제네시스 패스 사도 되나요?,해외에서 메이플 하시는 분들 pc방,카레잠 보조 or 하트 뭐가 낫죠?
환산 6만,2,3,1,4,2,0,0,0,0,1,아이템,0.6666666666666666,0.5802430494260673,1.3231107750551419,미트라 갈아타기 질문점요,성장 방향 조언 부탁드려요,환산 6만 이후 템셋팅 도와주세요
환산주스탯 사이트,2,3,1,4,2,0,0,0,0,1,아이템,0.6666666666666666,0.5802430494260673,1.3231107750551419,챌섭 블큐 화에큐 사용처 및 챌 달성 질문,추옵질문,환산주스탯 사이트 스펙업순서 보는법
흙에테,1,3,1,5,2,0,0,0,0,1,아이템,0.6666666666666666,0.5802430494260673,1.3231107750551419,흙에테 12성 → 17성 직작 or 경매장 구매,메린이 템 이거 어떡하나요??,검밑솔 닼나 버리고 렌 키우려는데 템 이동 질문
같더라고요,1,4,0,4,2,0,0,0,1,1,시세,0.25,0.643253964703226,1.3223576152755094,[질문] 복귀 유저 아버 이후 에테르넬 17성 풀셋 질문,챌섭 메린이 하메를 위한 템셋팅 조언 부탁드립니다!,안녕하세요 이번에 시작한 메린이 입니다
괜찮다고,1,4,0,4,2,0,0,0,1,1,시세,0.25,0.643253964703226,1.3223576152755094,레테 보조 질문드립니다..,챌섭 미트라 사면 너무 바가지 인가요?,챌섭 챌린저 무보엠 질문
금방,1,4,0,4,2,0,0,0,1,1,시세,0.25,0.643253964703226,1.3223576152755094,렌인데 보조랑 엠블렘 중 뭘 먼저 바꿔야할까요?,자석펫 질문!,블큐천장 어디에 쓸까요
나중에,1,4,0,4,2,0,0,0,1,1,시세,0.25,0.643253964703226,1.3223576152755094,화에큐 어디에 쓰면 좋을지 도와주세요 ㅠ,유니크 3줄보조,챌섭 유입 템세팅 조언 질문드려요!
낫다고,1,4,0,4,2,0,0,0,1,1,시세,0.25,0.643253964703226,1.3223576152755094,렌 제네무기 공공공 vs 보공공,캐시는 뭐 팔아야 됨?,해방무기 윗옵
되는데요,1,4,0,4,2,0,0,0,1,1,시세,0.25,0.643253964703226,1.3223576152755094,[사전월드리프] 여러 서버로 이동 불가 관련 문구 문제,보조무기 어떤게 좋을까요?,보스 물약 종류
않나요,1,4,0,4,2,0,0,0,1,1,시세,0.25,0.643253964703226,1.3223576152755094,카르시온 유적지 질문있습니다,언컨 27퍼 가격 질문,첼섭 구 마라벨 헤어 질문
얘기,1,4,0,4,2,0,0,0,1,1,시세,0.25,0.643253964703226,1.3223576152755094,방어구/장신구 템셋 훈수부탁드립니다.,290 찍을꺼면 챌섭에 남는게 맞나요??,메린이 질문 있습니다!
지인,1,4,0,8,2,0,0,0,1,1,시세,0.25,0.643253964703226,1.3223576152755094,혹시 이거 시세가 어떻게 될까요?,메린이 악세사리 주문작 질문 좀 드립니다.,안녕하세요 시즌4 유입 메린이입니다. 템세팅때문에 고민이 있어요 ㅠㅠ 도와주세요..!!!
질문글 올립니다,2,4,0,4,2,0,0,0,1,1,시세,0.25,0.643253964703226,1.3223576152755094,메린이 익스우 템세팅 질문,데브펜 24성 시세 어떻게 될까요?,"에디 레전 천장 60개 남았는데, 진로 조언 부탁드립니다!"
하고싶어서,1,4,0,4,2,0,0,0,1,1,시세,0.25,0.643253964703226,1.3223576152755094,헥환8만목표(노흉~노카 보스 솔격 )입니다.,뉴비입니다 질문있습니다 (모르고 자게에 써서 다시 작성했습니다),안녕하세요 멍청한 메린이입니다..
맞으면,1,4,0,4,1,0,2,0,1,0,몬스터,0.5,0.6415488990114967,1.3209855165917794,유니크 3줄보조,챌뉴비 방어구 질문드려요!,레테 이지칼로스 패턴 질문
시작한 메린이입니다,2,5,0,5,1,1,0,0,1,2,퀘스트,0.2,0.4727451631743207,1.319402545938703,메린이 제네시스 무기 질문해봅니다,mvp 레드만 유지하고 블랙으로 가긴 싫은데 질문있습니다,이거 얼마 정도에 팔릴까요..?
95퍼,1,3,0,3,1,0,0,2,0,0,직업,0.6666666666666666,0.9016235286276995,1.3181049873547444,돈좀쓴것 같은데 안쎼져서 고민입니다 ㅠ,제논 방무 원래 이렇게 높아요??,카데나 vs 제로
Ex,1,3,0,3,1,0,0,2,0,0,직업,0.6666666666666666,0.9016235286276995,1.3181049873547444,헥환 4.5 이후 템셋팅 질문.,(수정) 조건에 맞는 본캐 추천좀해주세요!,조건에 맞는 본캐 추천좀해주세요!
강화하,1,3,0,3,1,0,0,2,0,0,직업,0.6666666666666666,0.9016235286276995,1.3181049873547444,렌 코어 강화 관련 질문,[챌섭]다조 660때 사면 흑우에요?,렌 코강 궁금한게 있어요
궁금하고,1,3,0,3,1,0,0,2,0,0,직업,0.6666666666666666,0.9016235286276995,1.3181049873547444,루미너스 윈브 중에 본캐 추천 부탁드립니다!,유챔 세렌 질문,뉴비 챌린저까지 템세팅 질문!
듭니다,1,3,0,4,1,0,0,2,0,0,직업,0.6666666666666666,0.9016235286276995,1.3181049873547444,뉴비 해방이후 스펙업 방향성 검토 부탁드리겠습니다,형님들. 렌이 체급이 좋나요? 레테가 체급이 좋나요?,5.5 배메 본캐 바꾸려고 합니다.
레테 280까지,2,3,0,3,1,0,0,2,0,0,직업,0.6666666666666666,0.9016235286276995,1.3181049873547444,레테 유입 질문하나만 받아주십쇼~,200렙 만드는 물약 어디에 쓰는게 효율적인가요?,메선생님들 보조캐 하진힐 스펙업 훈수좀 부탁드립니다
밸패,1,3,0,3,1,0,0,2,0,0,직업,0.6666666666666666,0.9016235286276995,1.3181049873547444,이지카링돌이 세팅하려면...,본섭 유기캐 본캐로 키우기.,
본캐 하나,2,3,0,3,1,0,0,2,0,0,직업,0.6666666666666666,0.9016235286276995,1.3181049873547444,보통 22성 도전자셋은 환산 몇만까지 끼나요?,(수정) 조건에 맞는 본캐 추천좀해주세요!,조건에 맞는 본캐 추천좀해주세요!
시즌2,1,3,0,3,1,0,0,2,0,0,직업,0.6666666666666666,0.9016235286276995,1.3181049873547444,본캐 추천 부탁드리겠습니다....,렌 본캐 변경 어떤가요??,보조무기 추천
아까운데,1,3,0,3,1,0,0,2,0,0,직업,0.6666666666666666,0.9016235286276995,1.3181049873547444,모험가 자전,레테 극딜 순서 질문,잠재에 맞는 별 갯수 좀 정해주십사 (얘는 몇 성급인가)
정해,1,3,0,3,1,0,0,2,0,0,직업,0.6666666666666666,0.9016235286276995,1.3181049873547444,와헌 템셋팅 질문 드립니다.,(수정) 조건에 맞는 본캐 추천좀해주세요!,조건에 맞는 본캐 추천좀해주세요!
좋으니,1,3,0,3,1,0,0,2,0,0,직업,0.6666666666666666,0.9016235286276995,1.3181049873547444,본캐 추천 부탁드리겠습니다....,엠블렘 / 블랙보조무기 직작 해버렸는데 이럼안돼요?,안녕하세요! 복귀 뉴비 직업 고민 선택 부탁드립니다.
차이점,1,3,0,3,1,0,0,2,0,0,직업,0.6666666666666666,0.9016235286276995,1.3181049873547444,환산주스텟 헥사스킬 순서,메린이 드메템 질문이요!,
컨셉,1,3,0,3,1,0,0,2,0,0,직업,0.6666666666666666,0.9016235286276995,1.3181049873547444,렌이냐 제논이냐 그것이 문제로다..,이지카링돌이 세팅하려면...,이번에 챌섭 시작해보려는 뉴비입니다.
해놓,1,3,0,3,1,0,0,2,0,0,직업,0.6666666666666666,0.9016235286276995,1.3181049873547444,도미 쓸까요 팔까요,환산주스텟 헥사스킬 순서,
해봤고,1,3,0,3,1,0,0,2,0,0,직업,0.6666666666666666,0.9016235286276995,1.3181049873547444,형님들 템 뭐 부터 교체해야 하는지 추천 부탁드립니다.,찐뉴비 지금이라도 시작해볼까하는데 추천좀요!,성장 방향 좀 알려주세요
했음,1,3,0,3,1,0,0,2,0,0,직업,0.6666666666666666,0.9016235286276995,1.3181049873547444,자전 질문,제네패스 플러스 재화 사용처 추천 부탁드립니다.,뉴비인데 고민이 있어요 ㅠㅠㅠ
1페는,1,3,0,3,0,0,2,0,0,1,몬스터,0.6666666666666666,0.8992468221458344,1.3164575799578209,챌섭 뉴비 2가지 질문 (대적자+헥사순서),281 보마 노말 세렌 배율 158%,메쌤들 혹시 대적자 3페 분신 잘 보이게 하는 설정 있나요 ?
세이람,1,3,0,3,0,0,2,0,0,1,몬스터,0.6666666666666666,0.8992468221458344,1.3164575799578209,뉴비 하드메이린 찐모,여기서 더 먹는 도핑있나요?,진힐라를 못잡겟어여
쉽다고,1,3,0,3,0,0,2,0,0,1,몬스터,0.6666666666666666,0.8992468221458344,1.3164575799578209,챌섭 뉴비 세렌 질문 드려요,검밑솔은 어느정도 악세 맞춰야하나용?,님들 메이린 최소컷 질문인데요
아케인 포스,2,3,0,4,0,0,2,0,0,1,몬스터,0.6666666666666666,0.8992468221458344,1.3164575799578209,검마 아케인포스 질문,검마 가고 싶은데 될까요?,검마 질문있습니다!!!
팁같은게,1,3,0,3,0,0,2,0,0,1,몬스터,0.6666666666666666,0.8992468221458344,1.3164575799578209,검마 배율 181%인데 이거 잡히는거 맞나요..?,유챔세렌 117퍼 못깨먼..,익검 첫트인데 조언듣고싶슴다
해보려하는데,1,3,0,3,0,0,2,0,0,1,몬스터,0.6666666666666666,0.8992468221458344,1.3164575799578209,뉴비 유니온에 대해 궁금해요!,하드메이린 렙업당 배율 몇정도 오르나요?,이지 카링 최소컷 질문!
했었음,1,3,0,3,0,0,2,0,0,1,몬스터,0.6666666666666666,0.8992468221458344,1.3164575799578209,5년로아 접은 쌩뉴비 메이플 시작 질문,검마 연습중인데 2페 권능 때 암흑 걸리면 무적 필수임?,
정상적,1,5,0,7,1,1,1,0,0,2,퀘스트,0.2,0.4668612566442007,1.3141312733180055,메잘알 선배님들 질문,아흐... 펫장비 이전 줌서에 대한 글은 많은데...,진짜 급해서 그러는데 흉성 2정수빌드 설명 좀
남자,1,3,0,3,0,0,0,0,2,1,시세,0.6666666666666666,0.8957381007822361,1.3140255196372723,마라벨 신발은 단종되면,시그너스 기사단 코디 무슨 방법으로도 못구하나요??,
들어왔는데,1,3,0,3,0,0,0,0,2,1,시세,0.6666666666666666,0.8957381007822361,1.3140255196372723,몬파 메이플포인트로 할때 질문,메이플 옥션 메포머임?,위대한 돼지바소울
하려고했는데,1,3,0,3,0,0,0,0,2,1,시세,0.6666666666666666,0.8957381007822361,1.3140255196372723,리프 질문드려요 결정석,닉넴 냉면 살 수 있을까여.. ?,
메이플 처음,2,5,0,5,1,0,0,1,0,3,직업,0.2,0.4618070397787734,1.3096033028539247,블래스터 매그팡도 안됨,메린이 하이퍼버닝 질문있습니다!,뉴비 질문있슴다
아직까지,1,5,0,5,1,0,0,1,0,3,직업,0.2,0.4618070397787734,1.3096033028539247,뉴비 제논 진로 방향 알려주실분,렌 템셋고민,지피방? 원격피시방? 질문있습니다
여러번,1,5,0,5,1,0,0,1,0,3,직업,0.2,0.4618070397787734,1.3096033028539247,메린이 하드 메이린 배율 105인데 못잡겠습니다..,현재 적용중인 프리셋과 동일합니다 어케 나오게 해요?,컴고수 선생님들 게임이 계속 멈춥니다
주던데,1,5,0,5,1,0,0,1,0,3,직업,0.2,0.4618070397787734,1.3096033028539247,뉴비 챌린저스 서버 부캐(?) 질문,전투력 2억 뉴비 엔버 도와주세요,뉴비 유니온에 대해 궁금해요!
찍었습니다,1,5,0,5,1,0,0,1,0,3,직업,0.2,0.4618070397787734,1.3096033028539247,뉴비 검마까지 방향성 조언좀....,메린이 챌린저 이후 진로봐주실분..,이제 하드진힐라 잡고 다이아 찍은 뉴비 진로 좀 부탁드려요
챌섭 처음,2,5,0,5,1,0,0,1,0,3,직업,0.2,0.4618070397787734,1.3096033028539247,메린이 본캐 고민,메린이 하드 메이린까지 진로 상담 부탁드립니다.,챌섭 리프 관련 질문글
트라이해서,1,5,0,5,1,0,0,1,0,3,직업,0.2,0.4618070397787734,1.3096033028539247,뉴비 제논 진로 방향 알려주실분,메린이 플라즈마 하트 갖고싶어요,챌섭 뉴비 한번만 도와주십쇼 선생님들ㅠ
패스까지,1,5,0,5,1,0,0,1,0,3,직업,0.2,0.4618070397787734,1.3096033028539247,메린이 방향성이 잘못된걸까요? 현실조언 부탁드립니다,메린이 템 셋팅 질문!!,챌섭 266레벨 40퍼인데 EXP 패스 블농이랑 EXP쿠폰 언제 사용하나요?
하드 데미안,2,5,0,5,1,0,0,1,0,3,직업,0.2,0.4618070397787734,1.3096033028539247,메이플은 쩔? 버스? 같은거 없나요??,메린이 템 셋팅 질문!!,이후 방향성 및 조언 부탁드립니다
사용한,1,5,0,5,3,0,1,1,0,0,몬스터,0.2,0.45990316530466385,1.307897660295321,아흐... 펫장비 이전 줌서에 대한 글은 많은데...,메이린 스페(혼돈)스킬 2개 까는거 가능한가요?,꼬님키
직전,1,5,0,5,3,0,1,1,0,0,몬스터,0.2,0.45990316530466385,1.307897660295321,뉴비 보조무기 질문,꼬님키,메린이 지금 약간 막막한데..
못하겠습니다,1,4,1,5,0,1,1,1,1,0,퀘스트,0.25,0.3443908030291476,1.3068225534326976,본캐 추천 부탁드리겠습니다....,시세 측정 가능할까요?,보스 윌을 클리어하지를 못하겠습니다..
281에,1,4,0,4,1,0,1,0,0,2,몬스터,0.25,0.6238125233884629,1.306712718913338,메쌤들 현실적으로 챌 달성 가능한지 상태좀 봐줄수있나요,리프 질문드려요 결정석,하드메이린 렙업당 배율 몇정도 오르나요?
노해방,1,4,0,4,1,0,1,0,0,2,몬스터,0.25,0.6238125233884629,1.306712718913338,에테리온 효과 다 받는 기준이면 몬파 매일 3천포인트 씀??,검마 팁좀,메린이 드메템 사야되나요?
들면,1,4,0,4,1,0,1,0,0,2,몬스터,0.25,0.6238125233884629,1.306712718913338,1억 플마단 되려면 뭐부터 해야 하나요?,뉴비 현실적 목표 질문,검마 잡을 수 있는 날짜가 따로 있음?
들어갔다,1,4,0,5,1,0,1,0,0,2,몬스터,0.25,0.6238125233884629,1.306712718913338,"메이플 캐릭변경, 캐시샵 튕김현상 제발 도와주세요",안녕하세요...메이플 시작 3주차인데..,이지칼로스 2-1 패턴 질문이있습니다 ㅜㅠ
반빨별,1,4,0,4,1,0,1,0,0,2,몬스터,0.25,0.6238125233884629,1.306712718913338,뉴비 하드메이린 찐모,스펙한번만 봐주세요 ㅠㅠ,보스 물약 종류
받으려고,1,4,0,4,1,0,1,0,0,2,몬스터,0.25,0.6238125233884629,1.306712718913338,메이플 쌩뉴비 질문드려요...,택배 배송중,pc방 접속보상 이벤트 23일까지도 포함인가요??
빡세게,1,4,0,4,1,0,1,0,0,2,몬스터,0.25,0.6238125233884629,1.306712718913338,레테 제네무기 질문입니다.,형님들 질문좀요.,하이퍼버닝 계정 탈퇴 후 재가입 해도 불가 재참여 방법 질문
심볼 만렙,2,4,0,4,1,0,1,0,0,2,몬스터,0.25,0.6238125233884629,1.306712718913338,메이플 늦은 유입 뉴비 현시점 제네패스 질러도 될까요?,8일만 더 일퀘하면 심볼 만렙인데,9만초반 데티까지 템진로 상담
아침,1,4,0,4,1,0,1,0,0,2,몬스터,0.25,0.6238125233884629,1.306712718913338,메린이 제네 패스 질문,이적자 2인 괜찮음?,누가 메이플 접는건 능지순이라 했는데...
같긴,1,4,0,4,1,0,0,0,1,2,시세,0.25,0.6148204117197335,1.2994765961970909,본섭 깡통캐릭 유챔하는거 별로일까요?,링크 어떻게들 쓰시나요 선생님들 ?,뉴네임옥션 B급 감성 닉네임 좀 봐주세요
만드려고,1,4,0,4,1,0,0,0,1,2,시세,0.25,0.6148204117197335,1.2994765961970909,루나 크리스탈 키 평소 시세가 10억 쯤 될까요?,팔라딘 무보엠 순서 질문드립니다,원래 명의이전을 해도 하버맥스 갱신이 안되나요?
옮길수있나요,1,4,0,4,1,0,0,0,1,2,시세,0.25,0.6148204117197335,1.2994765961970909,닉옮기기문의드려요,챌섭 리프 한캐릭만 가능??,캐쉬템 질문
챌섭에,1,4,0,4,1,0,0,0,1,2,시세,0.25,0.6148204117197335,1.2994765961970909,뉴비 진짜 이해안가는데 챌섭매물이요,부티크 관련 질문입니다,아직도 본캐를 못정한 유저 조언부탁드립니다
떨어져서,1,5,0,5,3,0,0,1,1,0,시세,0.2,0.45044466760420887,1.2994239838855899,제네무기 고민중인데여..,뉴비 칠흑셋 순서 질문있습니다!,레테 잠재 질문이요..!
크지,1,5,0,5,3,0,0,1,1,0,시세,0.2,0.45044466760420887,1.2994239838855899,환산 7.8 헥환 7만 진로질문드립니다!,드드 드메 템 맞출라고 하는데,꼬님키
확실히,1,5,0,5,3,0,0,1,1,0,시세,0.2,0.45044466760420887,1.2994239838855899,선생님들이라면 이 예전 미해방 본캐 어케 처리하실건가요?,뉴비인데 고민이 있어요 ㅠㅠㅠ,템세팅 진로좀 부탁드립니다
안잡아,1,3,1,4,1,1,1,0,0,0,퀘스트,0.3333333333333333,0.5486358401342919,1.2966465933594464,재네패스샀는데 검마 필수인가요?,카링 안잡아도 플라즈마하트 업글이 될까요?,8일만 더 일퀘하면 심볼 만렙인데
어려울까요,1,5,0,5,2,0,1,1,0,1,몬스터,0.2,0.4457171196393957,1.295188669469498,메m 250작 질문!,복귀유저 직업추천좀 해주세용,선생님들 혹시 노말흉성 많이 어렵나요?
망혼,1,3,0,4,0,0,0,2,0,1,직업,0.6666666666666666,0.8636590603278556,1.29179002319125,메짱형님들 환산주스탯 헥사코어순서 어떻게보는건가요?,메린이 렌 신규스킬 질문좀용,렌 데미지가 제대로 안나오는데 왜그럴까?
무시하고,1,3,0,3,0,0,0,2,0,1,직업,0.6666666666666666,0.8636590603278556,1.29179002319125,동전꼽기가 운영정책 위반인지 여부,형님 누님들 알려주세요 ㅠㅠ,헥사스탯 3 찍는법 질문
받으며,1,3,0,3,0,0,0,2,0,1,직업,0.6666666666666666,0.8636590603278556,1.29179002319125,노칼 딜배율 200% 목표 / 18에테 교체 순서 및 칠흑·엠블 문의,꼬님키,뉴비인데 고민이 있어요 ㅠㅠㅠ
쓸때,1,3,0,3,0,0,0,2,0,1,직업,0.6666666666666666,0.8636590603278556,1.29179002319125,제로 온갖거 질문,메린이 본캐 정하는루트 이중에 뭐가좋을까요?,레테 극딜 순서 질문
애매하고,1,3,0,3,0,0,0,2,0,1,직업,0.6666666666666666,0.8636590603278556,1.29179002319125,제네패스 지금 사도 되나요?,제로<>렌 직변 해보신분 궁금합니다.,보스 피통 조금남았을때 어떻게하는게 좋나요?
없는게,1,3,0,3,0,0,0,2,0,1,직업,0.6666666666666666,0.8636590603278556,1.29179002319125,커믹 질문입니다!,형님들 챌섭캐릭 삭제하고싶습니다,5.5 배메 본캐 바꾸려고 합니다.
윗점,1,3,0,5,0,0,0,2,0,1,직업,0.6666666666666666,0.8636590603278556,1.29179002319125,아란 키우시는 형님들 보스 패턴 피할때 거리 조절 어떻게 하시나요?,윙즈같은 스킬 질문좀,재업 / 듀블 279 이배율로 검마 원래 어려운게 맞음 ?
저번챌섭때,1,3,0,3,0,0,0,2,0,1,직업,0.6666666666666666,0.8636590603278556,1.29179002319125,뉴비 이 캐릭터 버려야하는지 고민입니다..,본섭 유기캐 본캐로 키우기.,
주차하고,1,3,0,3,0,0,0,2,0,1,직업,0.6666666666666666,0.8636590603278556,1.29179002319125,렌이냐 제논이냐 그것이 문제로다..,보마 검마 3페 사선 피하는 법 질문입니다.,어제 막 챌찍은 메린이 진로질문있습니다
캐릭 본캐,2,3,0,3,0,0,0,2,0,1,직업,0.6666666666666666,0.8636590603278556,1.29179002319125,제로<>렌 직변 해보신분 궁금합니다.,핵사환산과 환산,뉴비 챌린저하고 싶은데 바닥부터 진로상담 부탁드립니다
키우기엔,1,3,0,3,0,0,0,2,0,1,직업,0.6666666666666666,0.8636590603278556,1.29179002319125,궁금해서 그러는데 유챔나온게 왜 다들 별로라는거야?,본섭 유기캐 본캐로 키우기.,
키우면서,1,3,0,3,0,0,0,2,0,1,직업,0.6666666666666666,0.8636590603278556,1.29179002319125,200렙 만드는 물약 어디에 쓰는게 효율적인가요?,궁성비 19개 캐릭 추천 부탁드립니다,안녕하세요! 복귀 뉴비 직업 고민 선택 부탁드립니다.
할만할까요,1,3,0,3,0,0,0,2,0,1,직업,0.6666666666666666,0.8636590603278556,1.29179002319125,저 혹시 추천직업이나 서버있나요?,복귀 유저 질문있습니다!,검마 2인 vs 세렌 솔플
해볼려고합니다,1,3,0,3,0,0,0,2,0,1,직업,0.6666666666666666,0.8636590603278556,1.29179002319125,뉴비 질문있습니다,뉴비입니다!! 질문있습니다,카데나 vs 제로
히어로,1,3,0,4,0,0,0,2,0,1,직업,0.6666666666666666,0.8636590603278556,1.29179002319125,유니온 계정 버리고 새로 키우는게 맞을까요 조언 부탁드립니다!,복귀유저 직업추천좀 해주세용,지금 챌섭시작하기엔 늦음?
17성 21퍼,2,4,0,5,3,0,0,1,0,0,직업,0.25,0.6043529668950975,1.2910532449235506,복귀 유저 방어구 세팅 질문있습니다,데벤져 컨티 3렙,챌린저 목표 질문 좀 드립니다 !
1회,1,4,0,7,3,0,0,1,0,0,직업,0.25,0.6043529668950975,1.2910532449235506,보마 메이린 배율 질문있습니다 !,첼섭 구 마라벨 헤어 질문,자섯펫 무한 교환 임?
33.3,1,4,0,4,3,0,0,1,0,0,직업,0.25,0.6043529668950975,1.2910532449235506,8만대 목표 템세팅 질문,27퍼 골클벨 분자벨 뭐살까요,복귀유저 직업추천좀 해주세용
가장 좋을지,2,4,0,4,3,0,0,1,0,0,직업,0.25,0.6043529668950975,1.2910532449235506,메린이 에디 레전 천장 어떻게 하는게 좋을까요,에디 레전천장 사용처 추천부탁드려요 + 도전자 대체셋 질문,안녕하세요 뉴비입니다 하버 렌 280까지 키웠는데 레테
고민이라,1,4,0,4,3,0,0,1,0,0,직업,0.25,0.6043529668950975,1.2910532449235506,챌섭 뉴비 앞으로 진로 설정 부탁드립니다,무보엠 보고 본캐점 골라주세요,"메린이 질문드립니다 자석펫,드메,스펙업"
나을까요 아님,2,4,0,4,3,0,0,1,0,0,직업,0.25,0.6043529668950975,1.2910532449235506,별 누르기vs언컨 구매,플하 터짐 ㅠㅠ,조각 사용처 질문합니다 ! (스펙업 관련)
남고,1,4,0,4,3,0,0,1,0,0,직업,0.25,0.6043529668950975,1.2910532449235506,챌섭 유입 284 아란 100억 템셋팅 질문,캡틴 하드메이린 환산 118퍼인데 안잡혀요,뉴비 보조 vs 미트라 둘중 뭘 사는게 좋을까요
목표 노말,2,4,0,4,3,0,0,1,0,0,직업,0.25,0.6043529668950975,1.2910532449235506,이번 챌섭 유입 메린이 제네시스 무기 잠재능력 질문 있습니다,이번 챌섭 유입 템세팅 질문드려봅니다,복귀 렌 유저 전투력 천만이 안되는데...
바르려고,1,4,0,4,3,0,0,1,0,0,직업,0.25,0.6043529668950975,1.2910532449235506,미트라 고민,레테 9만원 정도 현질해서 장신구 산다 치면,제네 해방 에디 관련 질문
보상까지,1,4,0,4,3,0,0,1,0,0,직업,0.25,0.6043529668950975,1.2910532449235506,메린이 에디 레전 천장 어떻게 하는게 좋을까요,남은 대적자 코인 어디에 터는게 정배일까요,제네무기 옵션 방향성좀 알려주세요...
싶기,1,4,0,5,3,0,0,1,0,0,직업,0.25,0.6043529668950975,1.2910532449235506,햄들 스펙업 조언좀 부탁드림다...,유니온 계정 버리고 새로 키우는게 맞을까요 조언 부탁드립니다!,챌섭 하메 포기해야 될까요?
아님 다른,2,4,0,4,3,0,0,1,0,0,직업,0.25,0.6043529668950975,1.2910532449235506,메린이 한 100억정도 생기면,챌섭 유입 질문 한개 해도 되겠습니까,레테 메이플 뉴비 어빌리티 재설정 질문
에디 공21,2,4,0,4,3,0,0,1,0,0,직업,0.25,0.6043529668950975,1.2910532449235506,미트라 갈아타기 질문점요,291 메르 vs 281 레테 조언 부탁드립니당ㅠ,뉴비 대적자 코인 사용처 질문
할거같은데,1,4,0,4,3,0,0,1,0,0,직업,0.25,0.6043529668950975,1.2910532449235506,뉴비 검마까지 방향성 조언좀....,레테 윗잠 올이탈 보조(보방마) 쭉가져갈만 한가요?,해방 / 보스도전 질문이요
해야하나,1,4,0,4,3,0,0,1,0,0,직업,0.25,0.6043529668950975,1.2910532449235506,291 메르 vs 281 레테 조언 부탁드립니당ㅠ,레전 천장 어디다 써야할까요,안녕하세요 시즌4 복귀 유저 본섭 카데나 세팅 조언 주실 분
했어요,1,4,0,4,3,0,0,1,0,0,직업,0.25,0.6043529668950975,1.2910532449235506,질문드립니다.,챌섭 챌린저 목표 겸,지금 미라클이던데 보조 레전노려봐도 괜찮나요
예를 들어,2,5,0,5,2,0,0,1,1,1,시세,0.2,0.43631468388282185,1.286765217819173,엠작 질문,환산 특정 시점으로 돌아가서 보기,챌뉴비 방어구 질문드려요!
있는걸,1,5,0,5,2,0,0,1,1,1,시세,0.2,0.43631468388282185,1.286765217819173,안녕하세요 이번에 시작한 메린이 입니다,화에큐 스택 사용처 질문,플래닛에서 처음 본메 넘어가는 뉴비 직업질문좀 드립니다!
복귀하,1,3,1,4,1,0,1,1,0,0,몬스터,0.3333333333333333,0.536304250100777,1.2863215616164927,검마 배율 181%인데 이거 잡히는거 맞나요..?,뉴비 스펙업 순서,안녕하세요 어웨이크 이후 거의 6년만에 복귀하는 메린이입니다
않았는데,1,4,0,4,0,0,1,0,0,3,몬스터,0.25,0.5979965555555169,1.285938120225077,"메이플 캐릭변경, 캐시샵 튕김현상 제발 도와주세요",챌섭 검마 안잡았는데 클리어 판정,메이플 일반 택배가 12시간이 지났는데도 도착 안할 수 있나요?
증가,1,4,0,4,0,0,1,0,0,3,몬스터,0.25,0.5979965555555169,1.285938120225077,흉성 보스 웰케 공략이 이해가 안가네요ㅠㅠ,스인미 크오솔 쓰는 이유?,메린이 질문좀;;
쿨타임,1,4,0,6,0,0,1,0,0,3,몬스터,0.25,0.5979965555555169,1.285938120225077,동전꼽기가 운영정책 위반인지 여부,검마 3페 질문,사냥 관련 질문
하드 검마,2,3,1,5,0,1,1,0,0,1,퀘스트,0.3333333333333333,0.5341874327119547,1.284549186223358,(제네 해방) 하드 검마 파티격 흔적 획득량,뉴비 보스컷,이게 무슨 소리인가요??
23일,1,5,0,5,1,0,1,1,0,2,몬스터,0.2,0.4323800445347752,1.2832402541642434,pc방 접속보상 이벤트 23일까지도 포함인가요??,챌섭 리프 관련 질문글,이번 챌섭 유입 템세팅 질문드려봅니다
넘어가는데,1,5,0,5,1,0,1,1,0,2,몬스터,0.2,0.4323800445347752,1.2832402541642434,하드세렌 배율 110퍼 질문,메수라이브 잠재능력 설정 도와주세요,노말 세렌 원래 빡센가요?
적당한가요,1,6,0,6,3,0,1,1,1,0,몬스터,0.16666666666666666,0.31878125831645765,1.2831149174709657,아케인 파이렛햇 봐주세요!!!,핵사환산과 환산,보조가격 봐주실수있나영
3렙까지,1,4,0,4,2,0,0,0,0,2,기타,0.5,0.5913081818747175,1.2805558591378745,하드 메이린 잡고 챌달고싶은데 뭘 건드려야할지 막막합니다.. ㅠㅠ,선생님들 레테 하드메이린 템세팅부탁드립니다,챌섭 템세팅과 챌린저스펙업 고민입니다
3석펫에,1,4,0,4,2,0,0,0,0,2,기타,0.5,0.5913081818747175,1.2805558591378745,3석펫이 맞추고 싶습니다...,펫장비 공격력 주문서랑 프리미엄 펫장비 공격력 주문서,뉴비 오늘 퇴근하고 챌섭해보려는데
4배,1,4,0,4,2,0,0,0,0,2,기타,0.5,0.5913081818747175,1.2805558591378745,무자본 메제유저 스펙업 훈수좀 부탁드립니다. (스펙상세첨부,지금 280이면 아래 조건으로 285 확정으로 가능한가요?,심볼 현상금 주화 상점으로 땡기는건 별론가요?
9일에,1,4,0,4,2,0,0,0,0,2,기타,0.5,0.5913081818747175,1.2805558591378745,mvp 유지,"다음 미라클 언제인가요 ㅠㅠ,..",제네패스 플러스
가기,1,4,0,4,2,0,0,0,0,2,기타,0.5,0.5913081818747175,1.2805558591378745,미트라 교체 타이밍 궁금합니다,유료 경험치 주는것들 효율 궁금해요,메린이 도움 부탁드립니다 보마 300억 템세팅
거죠,1,4,0,5,2,0,0,0,0,2,기타,0.5,0.5913081818747175,1.2805558591378745,선생님들 사전 리프 질문있습니다,근데 제네시스 패스 PLUS 보상 다 받으려면,블빈마 먹었는데 17성 바르면 되나요
걱정이네요,1,4,0,4,2,0,0,0,0,2,기타,0.5,0.5913081818747175,1.2805558591378745,미라클 에디 고민,제네 잠재 질문있습니디,뉴비 지금부터 챌섭하면 늦는거는 없을까요..
굉장히,1,4,0,4,2,0,0,0,0,2,기타,0.5,0.5913081818747175,1.2805558591378745,보공 과다 질문,5차 스킬코어 슬롯 강화 기능 없어졌나요?,메린이 제네 패스 질문
구할,1,4,0,4,2,0,0,0,0,2,기타,0.5,0.5913081818747175,1.2805558591378745,아이탬 이름이 궁금합니다,챌린저스 서버 저번주에 알아서 이제 시작하는데 제네시스 무기 해방 될까요??ㅜㅜ,에디 에픽 -> 유닠 등업 메소 vs 화에큐
궁금함,1,4,0,4,2,0,0,0,0,2,기타,0.5,0.5913081818747175,1.2805558591378745,이벤링 아드템으로 끼고싶은데 도와주세요 ㅠ,윙즈같은 스킬 질문좀,유니온 패시브 우선수위 질문좀
그건,1,4,0,4,2,0,0,0,0,2,기타,0.5,0.5913081818747175,1.2805558591378745,챌린저 찍어보고 싶은데 여기서 뭘 더 해야 할까요?,복귀뉴비 두가지 질문드려요,카레잠을 팔아서 보조를 사야할까요??
그러고,1,4,0,4,2,0,0,0,0,2,기타,0.5,0.5913081818747175,1.2805558591378745,검마 솔격 문의용,하버 계정삭제해도 다른계정으로 못만들죠?!?,메린이 캡틴 레잠 추천좀...ㅜㅠ
기회,1,4,0,5,2,0,0,0,0,2,기타,0.5,0.5913081818747175,1.2805558591378745,헥환 4.5 이후 템셋팅 질문.,챌섭 보조무기 질문입니다,신규유저 지금 시작해도 되나요?
나눠서,1,4,0,4,2,0,0,0,0,2,기타,0.5,0.5913081818747175,1.2805558591378745,데티무기 아직도 전투복끼면 코디로 못쓰죠?,이지카링이 짜증나는 이유가 뭔가요??,이번에 첫챌섭 시작한 뉴비 해방이후에 템세팅이 궁금해요 ㅇㅅㅠ
넘어서,1,4,0,4,2,0,0,0,0,2,기타,0.5,0.5913081818747175,1.2805558591378745,직작 처음인데 ㄱㅊ나요?,누가 메이플 접는건 능지순이라 했는데...,블루베리 농장 마리수 얼마나됨?
뉴비라서,1,4,0,4,2,0,0,0,0,2,기타,0.5,0.5913081818747175,1.2805558591378745,헥사 코어 3 때문에 벽에 막힌거 같습니다,챌섭 사파이어보상 유니크에잠 잘못 썼는데 혹시 복구해줄까요...?,아이템 순서 맞추는 법좀 알려주세요..
돈주고,1,4,0,4,2,0,0,0,0,2,기타,0.5,0.5913081818747175,1.2805558591378745,유료 경험치 주는것들 효율 궁금해요,메린이 토드(장비전승) 간단 질문이용,무보엠 큐브 우선순위 질문드려요
돌려보고,1,4,0,4,2,0,0,0,0,2,기타,0.5,0.5913081818747175,1.2805558591378745,초저자본 메린이 첫 제네시스 잠재 질문,경매장 낱개로 구매가 안돼요...,잠재 5줄로 전부위 하면 환산 몇까지 갈까요?
되어서,1,4,0,4,2,0,0,0,0,2,기타,0.5,0.5913081818747175,1.2805558591378745,썜들 메린이 챌린저 찍을 수 있게 진로부탁드립니다..,4만 복귀 카이저 메린이,환산 8~9만대 목표로 하고 있습니다.
되지,1,4,0,4,2,0,0,0,0,2,기타,0.5,0.5913081818747175,1.2805558591378745,뉴비 부캐 유니온 질문,메린이 질문)세트효과 차이,밑에 메린이 컴퓨터 질문한 사람입니다!
드는,1,4,0,4,2,0,0,0,0,2,기타,0.5,0.5913081818747175,1.2805558591378745,메짱이 선생님들 아버 이후에 질문있습니다. 17에테 VS 18아케인(+27여명),길드 분위기 알아보는 법...,5년로아 접은 쌩뉴비 메이플 시작 질문
떠도,1,4,0,4,2,0,0,0,0,2,기타,0.5,0.5913081818747175,1.2805558591378745,제네무기 에디 고민 유니크 15 vs 레전 등업,제네무기 고민중인데여..,챌린저스 패스 물품들 본섭리프할때 가져갈수있나요?
떨어지,1,4,0,4,2,0,0,0,0,2,기타,0.5,0.5913081818747175,1.2805558591378745,챌린저 하고 싶은데 여기서 무보엠 바꿔주면 되나요?,전투력 오류?,"아 레테 좀 거슬리네,,,다들 괜찮으신가?"
레잠 에유잠,2,4,0,4,2,0,0,0,0,2,기타,0.5,0.5913081818747175,1.2805558591378745,제네시스 해방무기 옵션 질문 드립니다.,해방 후 큐브 사용 순서 질문,"다음 미라클 언제인가요 ㅠㅠ,.."
먼저하는게,1,4,0,4,2,0,0,0,0,2,기타,0.5,0.5913081818747175,1.2805558591378745,9만 본캐 스펙업 vs 부캐 스펙업 선택 도와주십셔,템세팅 질문,챌썹 본케 쌩뉴비 입니다! 선생님들 조언 구합니다!
메소모아서,1,4,0,4,2,0,0,0,0,2,기타,0.5,0.5913081818747175,1.2805558591378745,어제 막 챌찍은 메린이 진로질문있습니다,이거 아랫잠 노려도 되나요?,복귀유저인데 템바꿀 순서 추천좀요
목표 잡고,2,4,0,4,2,0,0,0,0,2,기타,0.5,0.5913081818747175,1.2805558591378745,메린이 하드 메이린까지 진로 상담 부탁드립니다.,이지카링돌이 세팅하려면...,노칼 딜배율 200% 목표 / 18에테 교체 순서 및 칠흑·엠블 문의
문제인지,1,4,0,5,2,0,0,0,0,2,기타,0.5,0.5913081818747175,1.2805558591378745,배율20퍼차이나는데 딜이 똑같은데 뭐가문제일까요,메린이 내 캐릭이 왜 약한지 모르겠어요,메린이 컴퓨터 질문 드려도 되나요..?
밀어서,1,4,0,4,2,0,0,0,0,2,기타,0.5,0.5913081818747175,1.2805558591378745,본캐 데티해방까지 본캐만 쭉 투자해도되나요?,지금 시작하면 챌 가능할까요,챌섭 유입 질문드립니다.
받아,1,4,0,4,2,0,0,0,0,2,기타,0.5,0.5913081818747175,1.2805558591378745,미트라를 믿기 vs 똥블렘을 믿기,챌린저스 260버닝 하나 더 주나요??,챌섭 메린이 악세 질문!!
보스 트라,2,4,0,4,2,0,0,0,0,2,기타,0.5,0.5913081818747175,1.2805558591378745,18아케인에서 스팩업 질문 있습니다,이번 모멘텀 패스 및 경험치 BM류 관련 질문입니다,"제네 해방 7/7, 7/8 다음주 쯤 해도 안되나용??"
보스세팅,1,4,0,4,2,0,0,0,0,2,기타,0.5,0.5913081818747175,1.2805558591378745,선생님들 장비 프리셋 어떻게 해두셨나요?,환산 보조에 있는 크확 못읽나요?,메린이 아이템 진로 및 재획관련궁금합니당~!
본거,1,4,0,4,2,0,0,0,0,2,기타,0.5,0.5913081818747175,1.2805558591378745,챌섭뉴비 과금 질문,메짱형님들 샤타포스 결과 괜찮습니까,잠재 21퍼 27퍼 관련 문의
봤습니다,1,4,0,4,2,0,0,0,0,2,기타,0.5,0.5913081818747175,1.2805558591378745,이번 챌섭이 본캐인데 진로상담 요청합니다!,지피방? 원격피시방? 질문있습니다,챌섭 보상인 리스트레인트링을 실수로 버려버렸습니다
부위씩,1,4,0,5,2,0,0,0,0,2,기타,0.5,0.5913081818747175,1.2805558591378745,템 가성비 셋팅 질문,[질문] 복귀 유저 아버 이후 에테르넬 17성 풀셋 질문,노칼 딜배율 200% 목표 / 18에테 교체 순서 및 칠흑·엠블 문의
불가능,1,4,0,4,2,0,0,0,0,2,기타,0.5,0.5913081818747175,1.2805558591378745,챌린저 찍어보고 싶은데 여기서 뭘 더 해야 할까요?,노칼 딜배율 200% 목표 / 18에테 교체 순서 및 칠흑·엠블 문의,챌섭 뉴비 스펙업 뭐해야 하나요?
붙여서,1,4,0,4,2,0,0,0,0,2,기타,0.5,0.5913081818747175,1.2805558591378745,핵환 4.4 도미먹었는디,[질문] 복귀 유저 아버 이후 에테르넬 17성 풀셋 질문,보조격 분배 질문
비수기,1,4,0,5,2,0,0,0,0,2,기타,0.5,0.5913081818747175,1.2805558591378745,레테 보조 질문드립니다..,본섭 깡통케릭들 유챔용으로 살릴만한가요?,메청년 되고싶은데 도와주세요
사냥 많이,2,4,0,4,2,0,0,0,0,2,기타,0.5,0.5913081818747175,1.2805558591378745,대학생 유저 메이플 질문,메린이 서버 고민입니다,"""자석펫 장착 vs 팔고 템셋팅"""
사라져,1,4,0,4,2,0,0,0,0,2,기타,0.5,0.5913081818747175,1.2805558591378745,이번 모멘텀 패스 및 경험치 BM류 관련 질문입니다,에스텔라 마이링 오글링 메짱의 선택은 뭘까요?,"저장하지 않은 기본 성형,헤어 복구받을 수 있을까요?"
삭제해,1,4,0,4,2,0,0,0,0,2,기타,0.5,0.5913081818747175,1.2805558591378745,[사전월드리프] 여러 서버로 이동 불가 관련 문구 문제,안녕하세요 여러분들 메린이 궁굼해서 질문드려요,하이퍼버닝 동일넥슨 다른메이플아이디
샤타때 18성,2,4,0,4,2,0,0,0,0,2,기타,0.5,0.5913081818747175,1.2805558591378745,와헌 템셋팅 질문 드립니다.,챌섭뉴비 챌린저달고싶은데 뭐해야할까요,하드메이린 스펙 질문
숙련,1,4,0,4,2,0,0,0,0,2,기타,0.5,0.5913081818747175,1.2805558591378745,본캐 / 챌섭 부캐 투자우선권 질문입니다.,챌섭 유입 질문드립니다.,챌 뉴비 템세팅 질문!
싶고,1,4,0,4,2,0,0,0,0,2,기타,0.5,0.5913081818747175,1.2805558591378745,챌섭 템세팅 진로 질문드려요,카르마 에디 유니크 천장 어디에 쓸까요,뉴비 템세팅 고견 주실 수 있을까요?
아직 해방,2,4,0,4,2,0,0,0,0,2,기타,0.5,0.5913081818747175,1.2805558591378745,이번 미라클 지나고 9월 16일 전에 미라클 한 번 더 할려나요?,저 거공 먹었는데 사용해도 되나요?,레테 보조 190억~220억 대 사이선에서 뭐가 더 좋은 매물일지 질문드립니다
아케인 심볼,2,4,0,4,2,0,0,0,0,2,기타,0.5,0.5913081818747175,1.2805558591378745,메이플 처음하는데 도와주실분..,검마 2인 이정도면 갈만할까요?,조각 안파는 챌썹 메린이 템 진로좀!!
안보이네요,1,4,0,4,2,0,0,0,0,2,기타,0.5,0.5913081818747175,1.2805558591378745,5차 스킬코어 슬롯 강화 기능 없어졌나요?,요즘은 경뿌 고확으로 안하고 다르게 하나요?,챌섭 레테 시드링 질문입니다.
알고 싶습니다,2,4,0,4,2,0,0,0,0,2,기타,0.5,0.5913081818747175,1.2805558591378745,길드 분위기 알아보는 법...,메린이 템 방향 조언 부탁드립니다 젭알,메이플 파티플 질문
여쭈어봅니다,1,4,0,4,2,0,0,0,0,2,기타,0.5,0.5913081818747175,1.2805558591378745,본캐 / 챌섭 부캐 투자우선권 질문입니다.,에디에픽2줄 이거 가능한걸까요.. ?!?,부캐 검밑 시간대비 어떤가요
예를들어,1,4,0,4,2,0,0,0,0,2,기타,0.5,0.5913081818747175,1.2805558591378745,"큐브 관련 궁금한게있습니다,",장비에 유효옵은 옵션 등급과 상관없이 부르나요?,pc방에서도하시는분들 부드럽게느껴지나요?
오른다고,1,4,0,4,2,0,0,0,0,2,기타,0.5,0.5913081818747175,1.2805558591378745,챌섭에서 전투력 1억이면 리프해서 본섭가면 전투력 얼마쯤 오르나요?,드메 vs 스펙업,메린이 진로 상담(1억 목표)
유니크 21퍼,2,4,0,4,2,0,0,0,0,2,기타,0.5,0.5913081818747175,1.2805558591378745,4여명 깨고 4흙칠흑 vs 4여명 유지 2흙칠흑,21퍼 장신구 드랍1줄 계륵 조언좀,메수라이브 잠재능력 설정 도와주세요
이게 맞는지,2,4,0,4,2,0,0,0,0,2,기타,0.5,0.5913081818747175,1.2805558591378745,어빌리티 설정,잠재 주문서 어따써야할지 모르겠음..,자석펫(6석) 질문
이제 슬슬,2,4,0,4,2,0,0,0,0,2,기타,0.5,0.5913081818747175,1.2805558591378745,챌섭 챌린저 목표 템셋팅 관련 질문입니다.,[질문] 복귀 유저 아버 이후 에테르넬 17성 풀셋 질문,자석펫 밎추기 vs 드메풀 맞추기
재획 하루,2,4,0,4,2,0,0,0,0,2,기타,0.5,0.5913081818747175,1.2805558591378745,자석펫 스카니아에 있으면 스카니아로 리프해야겠져?,하드 메이린 잡을라면 스펙 어떤걸 올려야 할까요?,뉴비 챌섭 자석펫 팔기 vs 쓰기
저걸,1,4,0,4,2,0,0,0,0,2,기타,0.5,0.5913081818747175,1.2805558591378745,스펙업 순서,안녕하세요...메이플 시작 3주차인데..,에디에픽2줄 이거 가능한걸까요.. ?!?
정신,1,4,0,4,2,0,0,0,0,2,기타,0.5,0.5913081818747175,1.2805558591378745,복귀 뉴비 질문...,챌섭 뉴비 2가지 질문 (대적자+헥사순서),카이 공략 질문
제일 효율,2,4,0,4,2,0,0,0,0,2,기타,0.5,0.5913081818747175,1.2805558591378745,100억 정도 있는디,유료 경험치 주는것들 효율 궁금해요,챌섭 챌린저 목표 겸
존버하고,1,4,0,4,2,0,0,0,0,2,기타,0.5,0.5913081818747175,1.2805558591378745,챌섭 보조무기 질문입니다,뉴비 해방무기 옵션 질문입니다,헥사스텟 썬데이존버
좀만,1,4,0,4,2,0,0,0,0,2,기타,0.5,0.5913081818747175,1.2805558591378745,제네무기 유니크 에디 공이탈 +@질문,"에테 17을 직작하는거보다 사와서 샤타포스때 18,19++ 로 점진적 성장하는건 별론가요?",메소로 잠재 돌리다가 옵션 잘못눌렀는데
좋다,1,4,0,5,2,0,0,0,0,2,기타,0.5,0.5913081818747175,1.2805558591378745,챌 유입 제논 템셋팅 및 템업글 직작 조언 부탁드림다!,290 찍을꺼면 챌섭에 남는게 맞나요??,환산주스탯 질문
주말엔,1,4,0,4,2,0,0,0,0,2,기타,0.5,0.5913081818747175,1.2805558591378745,"헥사스킬올리기, 야누스30조각 모으기",드메 vs 스펙업,285렙 주차 질문
중이라,1,4,0,4,2,0,0,0,0,2,기타,0.5,0.5913081818747175,1.2805558591378745,챌섭 스펙업 어떻게 할까요? 미트라? 보장?,블랙보조12/60 아랫잠 고민,내일 이벤트 의문인 부분 있음
즐기,1,4,0,4,2,0,0,0,0,2,기타,0.5,0.5913081818747175,1.2805558591378745,드메템 효율,아버 대체 아케인 직작 or 완제구매,이후 방향성 및 조언 부탁드립니다
지르고,1,4,0,5,2,0,0,0,0,2,기타,0.5,0.5913081818747175,1.2805558591378745,형님들 조언좀 부탁드립니다,무과금 챌뉴비 65억 정도 생겼는데 어디에 써야해?,찐 메린이 입니다... 살려주세요
챌섭 시작한 뉴비입니다,3,4,0,4,2,0,0,0,0,2,기타,0.5,0.5913081818747175,1.2805558591378745,메린이 겨울챌섭 전 유니온 8000 질문있습니다!,메소 다 파먹고도 재획 빨아도 이득인가영?,응애 뉴비 이벤트링 질문있어요
첫째줄,1,4,0,5,2,0,0,0,0,2,기타,0.5,0.5913081818747175,1.2805558591378745,뉴비 어빌리티 질문이있어요,메린이 지금 약간 막막한데..,뉴비 서큘 질문
추가적,1,4,0,4,2,0,0,0,0,2,기타,0.5,0.5913081818747175,1.2805558591378745,메린이 하드 메이린까지 진로 상담 부탁드립니다.,이지카링돌이 세팅하려면...,아이템 드롭율
추천해주시면 감사하겠습니다,2,4,0,4,2,0,0,0,0,2,기타,0.5,0.5913081818747175,1.2805558591378745,선생님들이라면 이 예전 미해방 본캐 어케 처리하실건가요?,어제 막 챌찍은 메린이 진로질문있습니다,복귀뉴비 템진단좀 부탁드립니다
컨텐츠,1,4,0,4,2,0,0,0,0,2,기타,0.5,0.5913081818747175,1.2805558591378745,이번 이벤으로 시작한 늅늅이 장비좀 봐주실수 있을까요?,메이플 목요일 보스,유챔 관련 질문이 있습니다
키우고 있고,2,4,0,4,2,0,0,0,0,2,기타,0.5,0.5913081818747175,1.2805558591378745,메쌤 도와줘요,잠재 더 돌리는게 나을까요?,보조한번만 부탁드립니다
투자할,1,4,0,4,2,0,0,0,0,2,기타,0.5,0.5913081818747175,1.2805558591378745,대적자 코인 사용에 대해 질문합니다,템 방향성 고민이 너무 됩니다,4주차 뉴비 앞으로 진로방향좀 가르쳐주세요!
필수,1,4,0,4,2,0,0,0,0,2,기타,0.5,0.5913081818747175,1.2805558591378745,꼭 챌린저스나 하이퍼버닝으로 키워야 하나요 ?,뉴비 질문있습니다,무자본 메제유저 스펙업 훈수좀 부탁드립니다. (스펙상세첨부
하거든요,1,4,0,4,2,0,0,0,0,2,기타,0.5,0.5913081818747175,1.2805558591378745,이지 대적자가 안잡혀서 다음 템세팅 조언좀요..,지금 22데브나 가엔링 구매하는거 비추하나요?,복귀유저 챌섭 질문드립니다
하는중,1,4,0,4,2,0,0,0,0,2,기타,0.5,0.5913081818747175,1.2805558591378745,잠재 좀더 돌려야될까요?,형님들 메이플 id관련좀 알려주십숑,챌섭 스펙업 방향성 알려주세요..!
해야될지,1,4,0,4,2,0,0,0,0,2,기타,0.5,0.5913081818747175,1.2805558591378745,챌섭 뉴비 한번만 도와주십쇼 선생님들ㅠ,챌섭뉴비 과금 질문,전사 뚝 2초주 / 에디 레전 메린이 도와주세요 ㅠㅠ
해주,1,4,0,5,2,0,0,0,0,2,기타,0.5,0.5913081818747175,1.2805558591378745,아흐... 펫장비 이전 줌서에 대한 글은 많은데...,메린이 버닝 캐릭터 생성 질문 드립니다 !,드메 지금 비싸도 사는게 맞나요?
헤딩,1,4,0,4,2,0,0,0,0,2,기타,0.5,0.5913081818747175,1.2805558591378745,진짜 찐 뉴비 템세팅,이번 이벤으로 시작한 늅늅이 장비좀 봐주실수 있을까요?,검마 흔적만 먹으러가는 6인팟도 나오나요?
헷갈리네요,1,4,0,4,2,0,0,0,0,2,기타,0.5,0.5913081818747175,1.2805558591378745,챌린저 찍고싶은 메린인데 향후 템셋팅 어떻게 해야하나요?,mvp 레드만 유지하고 블랙으로 가긴 싫은데 질문있습니다,카레잠은
현생,1,4,0,4,2,0,0,0,0,2,기타,0.5,0.5913081818747175,1.2805558591378745,메린이 서버 고민입니다,선생님들 드메 100/100이 가성비라고 배웠는데 풀도핑 기준이 맞나요?,메선생님들 보조캐 하진힐 스펙업 훈수좀 부탁드립니다
현질 안하고,2,4,0,4,2,0,0,0,0,2,기타,0.5,0.5913081818747175,1.2805558591378745,챌섭 스펙업 어떻게 할까요? 미트라? 보장?,환산 5.6 나워 스펙업 순서 질문,뉴비 현실적 목표 질문
현질하면,1,4,0,5,2,0,0,0,0,2,기타,0.5,0.5913081818747175,1.2805558591378745,선생님들 메린이 진로 추천 부탁드리겠습니다,5년로아 접은 쌩뉴비 메이플 시작 질문,뉴비 현질 고민
다른 서버,2,4,0,5,0,0,0,0,1,3,시세,0.25,0.5887941297185854,1.2785327537109166,자석펫 스카니아에 있으면 스카니아로 리프해야겠져?,[사전월드리프] 여러 서버로 이동 불가 관련 문구 문제,버닝 비욘드 캐릭을 리프시키면 다른 캐릭터에게 가능할까요?
퍼센트,1,4,0,4,0,0,0,0,1,3,시세,0.25,0.5887941297185854,1.2785327537109166,보공 20퍼 달려있는 보조 사도 괜찮을까요?,메린이 질문좀;;,아이템 벗었다 꼇는데 전투력 100만이 날라갔어요
상승,1,3,1,4,1,0,0,1,1,0,시세,0.3333333333333333,0.5268070889748762,1.2783697492527692,챌섭>본섭 리프 (유챔x) 헥환 상승 큰가요?,메이린 배율관련 질문드립니다 저 진짜 정리 잘해놨어요 함만 봐주세요 ㅠㅠ,드드 드메 템 맞출라고 하는데
나니,1,5,0,5,1,0,0,1,1,2,시세,0.2,0.42304422376823075,1.2748764815335074,울티마 40렙부터 경험치 올리기 빡센게 맞는거죠?,부캐 육성,템 진로상담 해주실분
이지 칼로스,2,5,0,5,0,0,1,1,0,3,몬스터,0.2,0.419817943602629,1.2719861225149576,메린이 하드 메이린까지 진로 상담 부탁드립니다.,블래스터 매그팡도 안됨,노칼 딜배율 200% 목표 / 18에테 교체 순서 및 칠흑·엠블 문의
공부,1,4,0,4,2,1,0,1,0,0,퀘스트,0.25,0.579288026157442,1.2708830119755021,제로 온갖거 질문,메린이 해방하면 챌린저 달수 있나염?,찐 메린이 입니다... 살려주세요
보우마스터,1,4,0,4,2,1,0,1,0,0,퀘스트,0.25,0.579288026157442,1.2708830119755021,보마 메이린 배율 질문있습니다 !,모멘텀 패스 구매고민,"250,200레벨 달성비약 어디다가 써야하나요??"
하면서 천천히,2,4,0,4,2,1,0,1,0,0,퀘스트,0.25,0.579288026157442,1.2708830119755021,4여명 5칠흑으로 7~8만 될까요?,카르마 블랙큐브 화이트큐브 사용처,꼬님키
117퍼,1,3,1,4,0,0,1,1,0,1,몬스터,0.3333333333333333,0.5171117613871103,1.2702520154625645,유챔세렌 117퍼 못깨먼..,뉴비 하드세렌 질문드립니다,카데나 vs 제로
좋지,1,5,0,5,3,0,1,0,1,0,몬스터,0.2,0.4119951876906242,1.2649778740245603,언컨 27퍼 가격 질문,뉴비 이번 미라클때 조언좀가능할까요?,도미펜 직작하는거 어떻게 생각하시나요?
26.07.30,1,4,0,4,2,0,0,1,0,1,직업,0.25,0.5707208543046036,1.2639888463843538,27퍼 골클벨 분자벨 뭐살까요,이번주 썬데이는?,드랍템 먼저 맞출까요 스펙업을 먼저 할까요
9개,1,4,0,5,2,0,0,1,0,1,직업,0.25,0.5707208543046036,1.2639888463843538,MVP작 할 때 질문,고수님들 스펙업 순서 훈수 좀 부탁드리겠습니다,레테 헥사코어
OR,1,4,0,4,2,0,0,1,0,1,직업,0.25,0.5707208543046036,1.2639888463843538,제로<>렌 직변 해보신분 궁금합니다.,메이플 보호모드 해제 시간 및 보상수령 가능한지 궁금합니다.,챌섭 육성중에 레전 큐브 질문 드려요!
그만큼,1,4,0,4,2,0,0,1,0,1,직업,0.25,0.5707208543046036,1.2639888463843538,"헥사코어 강화할때 ""최종뎀 효율"" << 이게 뭔가요?",챌섭 챌린저 가능할까요?,레테 쿨뚝 질문
길이,1,4,0,4,2,0,0,1,0,1,직업,0.25,0.5707208543046036,1.2639888463843538,메린이 익스우 템세팅 질문,에디 레전 천장 사용처가 고민입니다....,템 세팅 방향성 질문드립니다
나왔,1,4,0,5,2,0,0,1,0,1,직업,0.25,0.5707208543046036,1.2639888463843538,이벤링 주스텟 21% vs 아획 또는 메획 1줄,291 메르 vs 281 레테 조언 부탁드립니당ㅠ,하이퍼 스탯 꿀팁 부탁드립니다
높은데,1,4,0,4,2,0,0,1,0,1,직업,0.25,0.5707208543046036,1.2639888463843538,챌섭 환산 차이,제네 윗잠 둘중에 뭐가 더 좋나요?,레테 헥사코어
둘중 하나,2,4,0,4,2,0,0,1,0,1,직업,0.25,0.5707208543046036,1.2639888463843538,에테 장갑은 크주 vs 쌍크 어느게 가성비 좋나요,형들,딱 5만원만 지른다면 뭐 살까요?
비슷하게,1,4,0,4,2,0,0,1,0,1,직업,0.25,0.5707208543046036,1.2639888463843538,레테 계속 밀까요? 나워 부캐 시작할까요?,나중에 아버 사라질때,단계적 스펙업은 어떻게 하는 건가요??
사냥하,1,4,0,4,2,0,0,1,0,1,직업,0.25,0.5707208543046036,1.2639888463843538,레테 계속 밀까요? 나워 부캐 시작할까요?,드랍템 사도 될까요?,선배님들 드메템관련해서 답변좀 부탁드려요 미리 감사드려요
생각했는데,1,4,0,4,2,0,0,1,0,1,직업,0.25,0.5707208543046036,1.2639888463843538,메린이 방향성이 잘못된걸까요? 현실조언 부탁드립니다,메이린 배율관련 질문드립니다 저 진짜 정리 잘해놨어요 함만 봐주세요 ㅠㅠ,챌섭 유입 질문드립니다.
세렌까지,1,4,0,4,2,0,0,1,0,1,직업,0.25,0.5707208543046036,1.2639888463843538,"안녕하세요 메쌤, 메형님들 뉴비 질문 몇 가지만 해도 될까요?",챌 뉴비 템세팅 질문!,다음 스펙업 진로(?) 추천부탁드립니당
스펙업하고,1,4,0,4,2,0,0,1,0,1,직업,0.25,0.5707208543046036,1.2639888463843538,갓 2억단 뉴비 다음 스펙업 추천 부탁드립니다.,챌 유입 제논 템셋팅 및 템업글 직작 조언 부탁드림다!,꼬님키
아니더라,1,4,0,4,2,0,0,1,0,1,직업,0.25,0.5707208543046036,1.2639888463843538,레태 해방무기 대적자 큐브 질문,유챔 세렌 질문,템 방향성 고민이 너무 됩니다
약한,1,4,0,4,2,0,0,1,0,1,직업,0.25,0.5707208543046036,1.2639888463843538,에디 레전천장 사용처 추천부탁드려요 + 도전자 대체셋 질문,제논 리레 3렙 4렙 차이 큰가요??,본섭 7만 중후반 주차 후 챌섭 갈아타는 게 맞을까요?
영웅,1,4,0,4,2,0,0,1,0,1,직업,0.25,0.5707208543046036,1.2639888463843538,님들 링크 3렙 찬란한영웅의 증거 질문 있습니다,전투력 2억 뉴비 엔버 도와주세요,링크3렙 방법 알려주세용
용도,1,4,0,4,2,0,0,1,0,1,직업,0.25,0.5707208543046036,1.2639888463843538,20성 블빈마 이 가격이면 괜찮게 산건가요?,메이플용 PC 견적 뽑아봤는데용,유챔 미리 등록해두면 좋은가요??
유튜브 영상,2,4,0,4,2,0,0,1,0,1,직업,0.25,0.5707208543046036,1.2639888463843538,메이플 쌩뉴비 질문드려요...,메린이 제네시스 무기 질문해봅니다,이지카링돌이 세팅하려면...
이벤트 주는,2,4,0,4,2,0,0,1,0,1,직업,0.25,0.5707208543046036,1.2639888463843538,첼린저스 서버 제네무기 잠재 질문,챌섭에서 레테 200 테라버닝했는데,보스돌이 재화투자 질문
점이,1,4,0,4,2,0,0,1,0,1,직업,0.25,0.5707208543046036,1.2639888463843538,에테 스타포스 할만한지 아니면 사먹는게 나은지 궁금합니다.,챌섭 쌩뉴비 여러 가지 질문 드립니다 !,유챔 미리 등록해두면 좋은가요??
하는중인데,1,4,0,4,2,0,0,1,0,1,직업,0.25,0.5707208543046036,1.2639888463843538,템사기 vs 6차업글 도 환산 사이트보고 하면 되나요?,선생님들 챌섭 일리움 검마 잡는데 3페이지 꿀팁 있나요?,복귀뉴비 챌섭 키우는데 리프할 서버 추천부탁드려요
해볼려고,1,4,0,4,2,0,0,1,0,1,직업,0.25,0.5707208543046036,1.2639888463843538,진짜 찐 뉴비 템세팅,형님들 챌섭캐릭 삭제하고싶습니다,5년로아 접은 쌩뉴비 메이플 시작 질문
했지,1,4,0,4,2,0,0,1,0,1,직업,0.25,0.5707208543046036,1.2639888463843538,대장장이 고견 나눠주실 메짱엉아들?,부티크 티켓은 어느 타이밍에 사는게 좋을까요?,와이프가 시작한다해서 보마로 하버 만들어줬는데 텔포직업을 원합니다 ㅠ
확신,1,4,0,4,2,0,0,1,0,1,직업,0.25,0.5707208543046036,1.2639888463843538,"모멘텀패스 1차, 2차 각각 다른 캐릭터에 지정 가능한가요?",템셋계획좀 봐주실수 있을까요??,챌섭에서 285렙 2개 키우려고 하는 메린이 입니다! 질문 있습니다
복귀하고,1,5,0,5,0,0,0,1,1,3,시세,0.2,0.41055717526767627,1.263689587836718,18살 본섭에서 길드가입이 현실적으로 가능할지가 궁금합니다.,진짜 메이플 고수만 오셈,고민!
회사,1,5,0,5,0,0,0,1,1,3,시세,0.2,0.41055717526767627,1.263689587836718,제로<>렌 직변 해보신분 궁금합니다.,핸즈 옥션 그린아이디등록? 어케하나요..,넥슨링크 pc조작 오류 왜이럴까요
12개,1,3,0,3,2,1,0,0,0,0,퀘스트,0.3333333333333333,0.8192273143421167,1.2609922837338796,메린이 제네패스 어둠의 흔적 관련해서 질문,메린이 해방 질문드립니다!!,
7개,1,3,0,3,2,1,0,0,0,0,퀘스트,0.3333333333333333,0.8192273143421167,1.2609922837338796,선생님들 카웅 선행퀘 질문있습니다!,혹시 미라클때 올릴만한게 있을까여,메린이 미라클에 메소 다 박았는데 조언좀..
구매해야,1,3,0,3,2,1,0,0,0,0,퀘스트,0.3333333333333333,0.8192273143421167,1.2609922837338796,메잘알 선배님들 질문,루컨마 가격 질문있습니다 선배님들,템진로 고민과 조언이 필요합니다 .
나오는지,1,3,0,3,2,1,0,0,0,0,퀘스트,0.3333333333333333,0.8192273143421167,1.2609922837338796,(제네 해방) 하드 검마 파티격 흔적 획득량,메이플 페어리하트 주문서 질문,메린이 해방하면 챌린저 달수 있나염?
나온다고,1,3,0,3,2,1,0,0,0,0,퀘스트,0.3333333333333333,0.8192273143421167,1.2609922837338796,(제네 해방) 하드 검마 파티격 흔적 획득량,제네시스무기 잠재 질문드립니다(찐늅입니다ㅠㅠ),아버 대체 아케인 직작 or 완제구매
다음 주에,2,3,0,3,2,1,0,0,0,0,퀘스트,0.3333333333333333,0.8192273143421167,1.2609922837338796,10000마리 사냥 보약 마릿수가 다음 주로 이월 되나요?,4만 복귀 카이저 메린이,챌섭 복귀 메린이 질문 부탁드립니다..
맨날,1,3,0,3,2,1,0,0,0,0,퀘스트,0.3333333333333333,0.8192273143421167,1.2609922837338796,칠흑 아랫급에 별누르는건 요새 별로임?,부티크 티켓은 어느 타이밍에 사는게 좋을까요?,일퀘 깨고나서 도원경심볼만 안합쳐짐
못했는데,1,3,0,3,2,1,0,0,0,0,퀘스트,0.3333333333333333,0.8192273143421167,1.2609922837338796,드메부터 맞출지 스펙을 올릴지 추천좀 해주세요,해방무기 질문,"검마2인 스펙, 챌2 구하는 법 알려주실분"
물욕템,1,3,0,4,2,1,0,0,0,0,퀘스트,0.3333333333333333,0.8192273143421167,1.2609922837338796,메잘알 선배님들 질문,드랍템 먼저 맞출까요 스펙업을 먼저 할까요,안녕하세요 시즌4 유입 메린이입니다. 템세팅때문에 고민이 있어요 ㅠㅠ 도와주세요..!!!
본섭 넘어가서,2,3,0,3,2,1,0,0,0,0,퀘스트,0.3333333333333333,0.8192273143421167,1.2609922837338796,뉴비 여기서 과금 더 안하고 첼은 많이 힘들까용,아버 대체 아케인 직작 or 완제구매,챌섭 뉴비 아이템 구매 추천
부족하고,1,3,0,3,2,1,0,0,0,0,퀘스트,0.3333333333333333,0.8192273143421167,1.2609922837338796,재네패스샀는데 검마 필수인가요?,챌섭 하드메이린 최소컷만큼 템셋 질문이요,솔 에르다 어따 써?
일단 본섭,2,3,0,3,2,1,0,0,0,0,퀘스트,0.3333333333333333,0.8192273143421167,1.2609922837338796,모멘텀 패스 구매고민,본섭 7만 중후반 주차 후 챌섭 갈아타는 게 맞을까요?,레테 퀘스트 문의
있는데 제네시스,2,3,0,3,2,1,0,0,0,0,퀘스트,0.3333333333333333,0.8192273143421167,1.2609922837338796,(제네 해방) 하드 검마 파티격 흔적 획득량,제네시스 무기 해방 관련 질문입니다!,
잡고 나중,2,3,0,3,2,1,0,0,0,0,퀘스트,0.3333333333333333,0.8192273143421167,1.2609922837338796,챌린저스섭 진로가 궁그미합니다!,렌 스펙업 도움 부탁드려도 될까요?,해방 어둠의 흔적 질문
직업 아란입니다,2,3,0,3,2,1,0,0,0,0,퀘스트,0.3333333333333333,0.8192273143421167,1.2609922837338796,보스 윌을 클리어하지를 못하겠습니다..,안녕하세요 뉴빕니다,챌섭 뉴비 270억으로 어느부위부터 바꿔야할까요?...
칼로스 대적자,2,3,0,3,2,1,0,0,0,0,퀘스트,0.3333333333333333,0.8192273143421167,1.2609922837338796,칠흑 보통 얼마정도 하나요?,챌린저 하고 싶은데 여기서 무보엠 바꿔주면 되나요?,님들 282렙 86000점인데 챌 하려면
하느라,1,3,0,3,2,1,0,0,0,0,퀘스트,0.3333333333333333,0.8192273143421167,1.2609922837338796,뉴비 여기서 과금 더 안하고 첼은 많이 힘들까용,스펙업 방향성 질문드립니다.,레전드리잠재 한장 남는거 어따써야할까요
하는거 아닌가요,2,3,0,3,2,1,0,0,0,0,퀘스트,0.3333333333333333,0.8192273143421167,1.2609922837338796,이번 챌린저스 뉴비 입니다. 훼방퀘 흔적 질문 드립니다.,메린이 제네패스 어둠의 흔적 관련해서 질문,
못잡는데,1,4,0,4,1,1,0,1,0,1,퀘스트,0.25,0.5632037245575907,1.2579396695805896,진짜 진지해요 바이퍼 질문하나만 할게요 ㅜㅜ,..이벤트핑크빈이거잡으라고만든거맞음?,카링 안잡아도 플라즈마하트 업글이 될까요?
시작했고,1,4,0,4,1,1,0,1,0,1,퀘스트,0.25,0.5632037245575907,1.2579396695805896,챌섭 호영 템셋 질문,뉴비 챌린저스 서버 부캐(?) 질문,챌섭에서 285렙 2개 키우려고 하는 메린이 입니다! 질문 있습니다
전직,1,4,0,5,1,1,0,1,0,1,퀘스트,0.25,0.5632037245575907,1.2579396695805896,챌섭 보상 250 레테 딸깍 했는데 템 세팅 추천 좀 부탁합니다,메린이 컴퓨터 질문 드려도 되나요..?,뉴비 복귀유저 자유전직 문의 드립니다
현타,1,4,0,4,1,1,0,1,0,1,퀘스트,0.25,0.5632037245575907,1.2579396695805896,복귀 뉴비 질문...,제네시스패스 너무 어려워요,누가 메이플 접는건 능지순이라 했는데...
환산주스탯 기준,2,4,0,4,1,0,1,2,0,0,직업,0.5,0.5513897461722361,1.2484327372255561,뉴비 환산주스탯 보스 배율,렌인데 하드 메이린 최소컷 질문,잠재 21퍼 27퍼 관련 문의
눌러,1,4,0,4,0,1,0,1,0,2,퀘스트,0.25,0.5479884749640008,1.245695669809054,블래스터 매그팡도 안됨,사냥 관련 질문,이벤트 출첵창이 안열려요 ㅜㅠ
당하고,1,4,0,4,0,1,0,1,0,2,퀘스트,0.25,0.5479884749640008,1.245695669809054,타명의 계정 재화 옮기면 정지 당하나요,제네시스 패스 플러스 질문입니다,노말 세렌 원래 빡센가요?
같은게,1,5,0,5,1,0,1,0,1,2,몬스터,0.2,0.3897689953559498,1.2450658787342919,보조무기 매물을 더 찾고 싶습니다,렉 끊김현상 도와주실분..,대적자 최소컷 질문
가나요,1,4,0,4,1,0,0,1,0,2,직업,0.25,0.5406346522178842,1.2397779092445937,렌 돌진기 질문,오프라인 상태 길드가입신청,에픽잠재 상태에서 유잠 바르면 어떻게 되나요??
고민인게,1,4,0,4,1,0,0,1,0,2,직업,0.25,0.5406346522178842,1.2397779092445937,레테유입 이제뭐함?,291 메르 vs 281 레테 조언 부탁드립니당ㅠ,챌섭 챌린저 목표 겸
그렇다고,1,4,0,4,1,0,0,1,0,2,직업,0.25,0.5406346522178842,1.2397779092445937,다음 스펙업을 뭐 하는게 나으려나요??,유챔 미리 등록해두면 좋은가요??,챌섭뉴비 과금 질문
기분,1,4,0,4,1,0,0,1,0,2,직업,0.25,0.5406346522178842,1.2397779092445937,안녕하세요 메린이인데 질문있습니다.,보조격 분배 질문,레테 계속 밀까요? 나워 부캐 시작할까요?
드리겠습니다,1,4,0,4,1,0,0,1,0,2,직업,0.25,0.5406346522178842,1.2397779092445937,"안녕하세요 메쌤, 메형님들 뉴비 질문 몇 가지만 해도 될까요?",진힐라 질문드립니다.,플래닛 여기에 질문해도될까요? 뉴비 썬콜 템세팅 질문좀요 ㅠ
아무리 찾아봐,2,4,0,4,1,0,0,1,0,2,직업,0.25,0.5406346522178842,1.2397779092445937,5차 스킬코어 슬롯 강화 기능 없어졌나요?,레테 극딜 순서 질문,검마 결정석이 없습니다.
알고싶습니다,1,4,0,4,1,0,0,1,0,2,직업,0.25,0.5406346522178842,1.2397779092445937,4만 메린이 템세팅 질문 드립니다,유챔 세렌 질문,블링크헤어 ai 일러스트 대체 헤어 알려주실분
예전에,1,4,0,4,1,0,0,1,0,2,직업,0.25,0.5406346522178842,1.2397779092445937,유니온 계정 버리고 새로 키우는게 맞을까요 조언 부탁드립니다!,복귀뉴비 챌섭 키우는데 리프할 서버 추천부탁드려요,이지카링 솔플하면 플라즈마로 업글 가능한가요?
챌린저스패스,1,4,0,4,1,0,0,1,0,2,직업,0.25,0.5406346522178842,1.2397779092445937,뉴비 검마까지 방향성 조언좀....,만약 하버 하나를 더 주면,메뉴비 질문입니다
25일에,1,3,0,3,1,1,0,0,0,1,퀘스트,0.3333333333333333,0.7874252086762499,1.2389487438557145,제네패스 플러스 재화 사용처 추천 부탁드립니다.,마네킹 오류,6월에 검마 잡았는데 7월1일 검마흔적
구매한 상태입니다,2,3,0,3,1,1,0,0,0,1,퀘스트,0.3333333333333333,0.7874252086762499,1.2389487438557145,무자본 하드메이린 방향 추천 부탁드립니다.,제네패스 해방 날짜 메린이 질문드립니다!,소과금 메린이 템셋팅 순서 좀 알려주시면 감사합니다.
기사,1,3,0,4,1,1,0,0,0,1,퀘스트,0.3333333333333333,0.7874252086762499,1.2389487438557145,메잘알 선배님들 질문,성형헤어장비 정보 찾고싶은데 아는분 있을까요,챌섭 검마 기운먹자 시세가 어떻게되나요?
다음주부터,1,3,0,3,1,1,0,0,0,1,퀘스트,0.3333333333333333,0.7874252086762499,1.2389487438557145,완전 첫 캐릭으로 키우는 메린이인데…첫 해방후 어떻게해야할지에 대해서,뉴비 해방패스,MVP 유지 기간이 궁금합니다 !
말지,1,3,0,4,1,1,0,0,0,1,퀘스트,0.3333333333333333,0.7874252086762499,1.2389487438557145,제네시스 패스 플러스 살까요?,이번에 검마를 잡았는데 지금이라도 제네 패스 늦지 않았나요?,뉴비 제네패스 질문
보스 하드,2,3,0,3,1,1,0,0,0,1,퀘스트,0.3333333333333333,0.7874252086762499,1.2389487438557145,챌린저 하고 싶은데 여기서 무보엠 바꿔주면 되나요?,챌섭 메린이 에메랄드까지 목표잡았는데...,제네패스 해방 날짜 메린이 질문드립니다!
않음,1,3,0,3,1,1,0,0,0,1,퀘스트,0.3333333333333333,0.7874252086762499,1.2389487438557145,제네무기 바꾸고 싶은데 어떻게함?,마빌 채광을 들어갈 수가 없음ㅠㅠ,연합 토큰 어떻게 얻나요?
올라갈까요,1,3,0,3,1,1,0,0,0,1,퀘스트,0.3333333333333333,0.7874252086762499,1.2389487438557145,레테 하드메이린 잡고싶은데 템좀 봐주세요 ㅠㅠ,하드 메이린 배율 좀 올려서 도전하고 싶은데,1000만원
이번달 검마,2,3,0,3,1,1,0,0,0,1,퀘스트,0.3333333333333333,0.7874252086762499,1.2389487438557145,해방무기 작 하는 거 질문,대적자코인,제네패스 플러스
추가 현질,2,3,0,3,1,1,0,0,0,1,퀘스트,0.3333333333333333,0.7874252086762499,1.2389487438557145,형님들 템 뭐 부터 교체해야 하는지 추천 부탁드립니다.,"챌썹 몬파, 에픽던전 메포 어디까지 쓰나요?",안녕하세요 멍청한 메린이입니다..
한주,1,3,0,3,1,1,0,0,0,1,퀘스트,0.3333333333333333,0.7874252086762499,1.2389487438557145,챌섭 메린이 보스 현상금 코인 이벤트질문 있어요,미트라 잠재 고민중입니다.,흔적 3000개 넘겨서 300개넘게 날아갔는데 복구해줄까요?
난이도,1,4,0,4,0,0,1,2,0,1,직업,0.5,0.536955091375009,1.236816896883778,본캐 / 챌섭 부캐 투자우선권 질문입니다.,선생님들 혹시 노말흉성 많이 어렵나요?,복귀유저 직업 네개중에 뭐가 괜춘할까요?
10분,1,3,0,3,2,0,1,0,0,0,몬스터,0.3333333333333333,0.7635000897868343,1.2223651151529544,5석펫인데 스펙업 순서 추천 좀…,검마 솔격 4페 몇분쯤에 진입해야 깰만함?,챌섭 노말 진힐라 잡기 위해 쌍레구매?
2줄인데,1,3,0,3,2,0,1,0,0,0,몬스터,0.3333333333333333,0.7635000897868343,1.2223651151529544,무보 이런데 해방하고 정옵띄우면 하드메이린 가능한가요??,대적자 코인 사용처 질문,레테 제네무기 피드백 해주실분
2초뚝,1,3,0,3,2,0,1,0,0,0,몬스터,0.3333333333333333,0.7635000897868343,1.2223651151529544,에테 모상하 잠재 질문!,메린이 템셋 조언 부탁드립니다.,렌 카칼 질문드립니다.
3가지,1,3,0,3,2,0,1,0,0,0,몬스터,0.3333333333333333,0.7635000897868343,1.2223651151529544,모험가 22성 나오면 18둘둘로 하드 메이린 가능할까요?,천천히 챌 가려하는 뉴비 검마 질문,제네패스 플러스 대적자 코인은 어떻게 쓰나요?
3만,1,3,0,3,2,0,1,0,0,0,몬스터,0.3333333333333333,0.7635000897868343,1.2223651151529544,해방 후 큐브 사용 순서 질문,카가엔슬,선생님들 복귀 뉴비 템진로 조언 부탁드립니다.
4주,1,3,0,3,2,0,1,0,0,0,몬스터,0.3333333333333333,0.7635000897868343,1.2223651151529544,챌린저스 서버 캐릭터 육성 질문,240억 정도 써서 보조를 살지 아님 칠흑 4셋을 할지 고민입니다,메린이 하메 잡기까지 메소 얼마나 써야할까요?
70퍼,1,3,0,3,2,0,1,0,0,0,몬스터,0.3333333333333333,0.7635000897868343,1.2223651151529544,익스우 처음 도전할때 몇퍼로 도전하는게 정배인가요?,챌섭 방무 질문,메린이 하드메이린킬 위한 스펙업 조언부탁드려요
97퍼,1,3,0,3,2,0,1,0,0,0,몬스터,0.3333333333333333,0.7635000897868343,1.2223651151529544,챌섭 보마 무보엠 적당한지,제 보조무기 윗잠이,메린이 검마 해방 2인 트라이할려면 배율 몇퍼까지 가능해요??
거진,1,3,0,3,2,0,1,0,0,0,몬스터,0.3333333333333333,0.7635000897868343,1.2223651151529544,똥블렘 언제까지 써야하나요? 투자를 좀 해서...,"섀도어 템환 7만 후반, 헥환 7만 초반 템세팅 질문",대적자 최소컷 질문
걸린다는데,1,3,0,3,2,0,1,0,0,0,몬스터,0.3333333333333333,0.7635000897868343,1.2223651151529544,제네시스 패스 질문좀요,크크올 크덱올 장갑,이지칼로스 2-1 패턴 질문이있습니다 ㅜㅠ
나오고있습니다,1,3,0,3,2,0,1,0,0,0,몬스터,0.3333333333333333,0.7635000897868343,1.2223651151529544,레테 하드메이린 잡고싶은데 템좀 봐주세요 ㅠㅠ,뉴비 하드세렌 질문드립니다,메린이 하드메이린킬 위한 스펙업 조언부탁드려요
나오긴,1,3,0,3,2,0,1,0,0,0,몬스터,0.3333333333333333,0.7635000897868343,1.2223651151529544,렌 해방무기좀 봐주셈 큐브,세렌 딜 충분할까요?,제 보조무기 윗잠이
나오던데,1,3,0,3,2,0,1,0,0,0,몬스터,0.3333333333333333,0.7635000897868343,1.2223651151529544,이제 뭘 더 올리지... 레벨은 너무 오래 걸리는데ㅇㅅㅇ,이번 유입 앞으로 템세팅 관해서 여쭤봅니다,뉴비 보스컷
너무어려워서,1,3,0,3,2,0,1,0,0,0,몬스터,0.3333333333333333,0.7635000897868343,1.2223651151529544,이지윌 전투력 1166만이면잡나요?,전투력 1100만 렌 이지윌잡을수있나요?,
너무어려워서 아이템버닝받아야되는데,2,3,0,3,2,0,1,0,0,0,몬스터,0.3333333333333333,0.7635000897868343,1.2223651151529544,이지윌 전투력 1166만이면잡나요?,전투력 1100만 렌 이지윌잡을수있나요?,
너무어려워서 아이템버닝받아야되는데 이지윌잡을수있나요,3,3,0,3,2,0,1,0,0,0,몬스터,0.3333333333333333,0.7635000897868343,1.2223651151529544,이지윌 전투력 1166만이면잡나요?,전투력 1100만 렌 이지윌잡을수있나요?,
널널하게,1,3,0,3,2,0,1,0,0,0,몬스터,0.3333333333333333,0.7635000897868343,1.2223651151529544,선생님들 헥사환산 몇을 목표로 잡아야할까요?,메이플 챌섭 뉴비 아이템 추가 스펙업 질문합니다!,형들 익스우 135퍼
다음 못잡겠죠,2,3,0,3,2,0,1,0,0,0,몬스터,0.3333333333333333,0.7635000897868343,1.2223651151529544,이지윌 전투력 1166만이면잡나요?,전투력 1100만 렌 이지윌잡을수있나요?,
대적자까지,1,3,0,4,2,0,1,0,0,0,몬스터,0.3333333333333333,0.7635000897868343,1.2223651151529544,안녕하세요 챌섭유입 뉴비입니다.,메린이 드메템 질문있어요,이번 제네시스 패스 플러스로 고민이 있습니다.
도전하려고,1,3,0,3,2,0,1,0,0,0,몬스터,0.3333333333333333,0.7635000897868343,1.2223651151529544,이지 대적자가 안잡혀서 다음 템세팅 조언좀요..,크뎀 장갑 고민입니다 ㅠㅠ,혹시 검마 20분 되면서 바뀐거 있나요?!
드메템 사서,2,3,0,3,2,0,1,0,0,0,몬스터,0.3333333333333333,0.7635000897868343,1.2223651151529544,드메 vs 스펙업,자석펫 팔기 vs 쓰기,메린이 드메템 사야되나요?
말씀해주시면,1,3,0,3,2,0,1,0,0,0,몬스터,0.3333333333333333,0.7635000897868343,1.2223651151529544,챌섭 스펙업 뭐부터해야할까요?,헥환 4.5 이후 템셋팅 질문.,메린이 하메 잡기까지 메소 얼마나 써야할까요?
머가,1,3,0,3,2,0,1,0,0,0,몬스터,0.3333333333333333,0.7635000897868343,1.2223651151529544,핵환 4.4 도미먹었는디,뉴비 렌 해방 잠재 질문합니다!,검마 제네패스로 120배율인데
모르겟습니다,1,3,0,3,2,0,1,0,0,0,몬스터,0.3333333333333333,0.7635000897868343,1.2223651151529544,제네시스 무기 1추랑 2추보공중에서 어떤거 골라야하나요?,뭔가 잘못됏음은 알겟는데,레전잠 한장 어따써야될까요?
못잡겠죠,1,3,0,3,2,0,1,0,0,0,몬스터,0.3333333333333333,0.7635000897868343,1.2223651151529544,이지윌 전투력 1166만이면잡나요?,전투력 1100만 렌 이지윌잡을수있나요?,
본섭 가서,2,3,0,3,2,0,1,0,0,0,몬스터,0.3333333333333333,0.7635000897868343,1.2223651151529544,메린이 도움 부탁드립니다 보마 300억 템세팅,메린이 드메템 사야되나요?,아이템 순서 맞추는 법좀 알려주세요..
사지,1,3,0,3,2,0,1,0,0,0,몬스터,0.3333333333333333,0.7635000897868343,1.2223651151529544,뉴비 50억으로 뭐해야 할 까요 ?,4만 메린이 템세팅 질문 드립니다,메린이 드메템 사야되나요?
쉬울까요,1,3,0,3,2,0,1,0,0,0,몬스터,0.3333333333333333,0.7635000897868343,1.2223651151529544,환산 7~8만 목푠데 다음 메소를 어디다 써야 해야할까요?,검마 제네패스로 120배율인데,아케인 직작해도 될까요
아이템버닝받아야되는데,1,3,0,3,2,0,1,0,0,0,몬스터,0.3333333333333333,0.7635000897868343,1.2223651151529544,이지윌 전투력 1166만이면잡나요?,전투력 1100만 렌 이지윌잡을수있나요?,
아이템버닝받아야되는데 이지윌잡을수있나요,2,3,0,3,2,0,1,0,0,0,몬스터,0.3333333333333333,0.7635000897868343,1.2223651151529544,이지윌 전투력 1166만이면잡나요?,전투력 1100만 렌 이지윌잡을수있나요?,
아이템버닝받아야되는데 이지윌잡을수있나요 잡아주실분,3,3,0,3,2,0,1,0,0,0,몬스터,0.3333333333333333,0.7635000897868343,1.2223651151529544,이지윌 전투력 1166만이면잡나요?,전투력 1100만 렌 이지윌잡을수있나요?,
않을,1,3,0,3,2,0,1,0,0,0,몬스터,0.3333333333333333,0.7635000897868343,1.2223651151529544,렌 제네무기 공공공 vs 보공공,하드 카링 2인 파티배율 145% 빌드 궁금합니다,18에테 vs 22아케인
어떤지,1,3,0,3,2,0,1,0,0,0,몬스터,0.3333333333333333,0.7635000897868343,1.2223651151529544,"뉴비 챌섭이후 본섭 준비 질문,평가해주세요",선생님들 혹시 노말흉성 많이 어렵나요?,무과금인데 매일 몬파7판?
어센틱심볼,1,3,0,3,2,0,1,0,0,0,몬스터,0.3333333333333333,0.7635000897868343,1.2223651151529544,챌린저스섭 진로가 궁그미합니다!,뉴비 보스컷,이번유입 스펙업 순서좀 알려주실수있을까요
에디 15퍼,2,3,0,3,2,0,1,0,0,0,몬스터,0.3333333333333333,0.7635000897868343,1.2223651151529544,무보 이런데 해방하고 정옵띄우면 하드메이린 가능한가요??,대적자 코인 쓸 곳 질문드립니다.,보공 비율이 너무 높은거 같아 고민입니다..
이지윌 다음,2,3,0,3,2,0,1,0,0,0,몬스터,0.3333333333333333,0.7635000897868343,1.2223651151529544,이지윌 전투력 1166만이면잡나요?,전투력 1100만 렌 이지윌잡을수있나요?,
이지윌 다음 못잡겠죠,3,3,0,3,2,0,1,0,0,0,몬스터,0.3333333333333333,0.7635000897868343,1.2223651151529544,이지윌 전투력 1166만이면잡나요?,전투력 1100만 렌 이지윌잡을수있나요?,
이지윌잡을수있나요 잡아주실분,2,3,0,3,2,0,1,0,0,0,몬스터,0.3333333333333333,0.7635000897868343,1.2223651151529544,이지윌 전투력 1166만이면잡나요?,전투력 1100만 렌 이지윌잡을수있나요?,
이지윌잡을수있나요 잡아주실분 이지윌,3,3,0,3,2,0,1,0,0,0,몬스터,0.3333333333333333,0.7635000897868343,1.2223651151529544,이지윌 전투력 1166만이면잡나요?,전투력 1100만 렌 이지윌잡을수있나요?,
있을 까요,2,3,0,3,2,0,1,0,0,0,몬스터,0.3333333333333333,0.7635000897868343,1.2223651151529544,렌 하세 환산 118.7% 로 1초 남기고 잡게될 것 같은데...,제네 무기 관련 질문!,자석펫 질문이요~
잡아주실분 이지윌,2,3,0,3,2,0,1,0,0,0,몬스터,0.3333333333333333,0.7635000897868343,1.2223651151529544,이지윌 전투력 1166만이면잡나요?,전투력 1100만 렌 이지윌잡을수있나요?,
잡아주실분 이지윌 다음,3,3,0,3,2,0,1,0,0,0,몬스터,0.3333333333333333,0.7635000897868343,1.2223651151529544,이지윌 전투력 1166만이면잡나요?,전투력 1100만 렌 이지윌잡을수있나요?,
정옵 에디,2,3,0,3,2,0,1,0,0,0,몬스터,0.3333333333333333,0.7635000897868343,1.2223651151529544,무보 이런데 해방하고 정옵띄우면 하드메이린 가능한가요??,대적자 코인 사용처 관련 질문드립니다,챌섭 메린이 하메를 위한 템셋팅 조언 부탁드립니다!
제논이에요,1,3,0,3,2,0,1,0,0,0,몬스터,0.3333333333333333,0.7635000897868343,1.2223651151529544,세렌 딜 충분할까요?,미트라 이정도면 비싼건가요?,
주말 3시간,2,3,0,3,2,0,1,0,0,0,몬스터,0.3333333333333333,0.7635000897868343,1.2223651151529544,검마 배율 181%인데 이거 잡히는거 맞나요..?,이벤링 주스텟 21% vs 아획 또는 메획 1줄,
찾아서,1,3,0,3,2,0,1,0,0,0,몬스터,0.3333333333333333,0.7635000897868343,1.2223651151529544,님들 저 메린인데 윌 1페 이거 버근가요?,18성 주문서 어디에 쓰나요?,선생님들 보조무기 일반/이볼빙 차이가 궁금합니다.
치는건가요,1,3,0,3,2,0,1,0,0,0,몬스터,0.3333333333333333,0.7635000897868343,1.2223651151529544,제네시스 무기 추옵 궁금해요,메이플 보스 파티 궁금한점,하이퍼버닝 비약 사용 질문
한다는데,1,3,0,3,2,0,1,0,0,0,몬스터,0.3333333333333333,0.7635000897868343,1.2223651151529544,메린이 많이 성장했지만 다시 막막해짐..,템잘알 메고수분들 도와주세요,님들 저 뉴빈데요 매그너스 어케잡음?
힘드네요,1,3,0,3,2,0,1,0,0,0,몬스터,0.3333333333333333,0.7635000897868343,1.2223651151529544,거공 아랫잠 돌리다 떴는데 아랫잠 기준으로 판매하는게 나을까요?,"노말 세렌 여명 잘 넘기는 법 있나요,...?",무기를 사는게 맞을까요?
283에,1,3,0,3,0,1,0,0,0,2,퀘스트,0.3333333333333333,0.7579999278321935,1.2185526934014723,뉴비 여기서 과금 더 안하고 첼은 많이 힘들까용,하드메이린 285찍으면 배율도 오르죠?,메린이 100억으로 뭘해야될까요?
285를 찍고,2,3,0,3,0,1,0,0,0,2,퀘스트,0.3333333333333333,0.7579999278321935,1.2185526934014723,285찍고 링크스킬 추출해서 키네캐릭으로 배우려고하는데요.,챌린저 달성 목표 모멘텀패스vs다조 헥사,하드 메이린 잡을라면 스펙 어떤걸 올려야 할까요?
라는데,1,3,0,3,0,1,0,0,0,2,퀘스트,0.3333333333333333,0.7579999278321935,1.2185526934014723,수로랑 플래그 돌아도 오프접하면 안되는 이유가 궁금해서 질문을 합니다아,울티마 보급일지 메포써야하나요?,이게 무슨 소리인가요??
상단,1,3,0,3,0,1,0,0,0,2,퀘스트,0.3333333333333333,0.7579999278321935,1.2185526934014723,울티마 보급일지 메포써야하나요?,챌섭에서 퍼레이드 영구 자석펫 어떻게 수령하나요?,
아닌지,1,3,0,3,0,1,0,0,0,2,퀘스트,0.3333333333333333,0.7579999278321935,1.2185526934014723,제네시스 해방퀘스트 질문,헥사 초기화권 질문,
있는 건가요,2,3,0,3,0,1,0,0,0,2,퀘스트,0.3333333333333333,0.7579999278321935,1.2185526934014723,10000마리 사냥 보약 마릿수가 다음 주로 이월 되나요?,리프 관련해서 질문 드립니다. ㅠㅠ,일리움이 초반에 키네보다 체급이 구린가요?
해봤자,1,3,0,3,0,1,0,0,0,2,퀘스트,0.3333333333333333,0.7579999278321935,1.2185526934014723,제네시스패스 너무 어려워요,1석펫 > 2석펫 / (현재 1버섯) 버섯 or 빨강이 뭐할까,블랙보조 쭉 써도될까요?
걸로 알고,2,4,0,4,0,0,0,1,0,3,직업,0.25,0.5135616622643238,1.21799176102749,유니온 계정 버리고 새로 키우는게 맞을까요 조언 부탁드립니다!,밑에 메린이 컴퓨터 질문한 사람입니다!,메린이 헥사 스텟 질문 떡작했는데 궁금해요
그런게,1,4,0,4,0,0,0,1,0,3,직업,0.25,0.5135616622643238,1.21799176102749,복귀를 해볼까 하는데요! 조언 좀 부탁드리겠습니다ㅎㅎ,메이플 목요일 보스,챌섭 리프 관련 질문글
넣고,1,4,0,4,0,0,0,1,0,3,직업,0.25,0.5135616622643238,1.21799176102749,울티마 카오스 지역 사냥 질문,285찍으면 사냥 안해도 될까요?,레테 극딜 순서 질문
노바,1,4,0,5,0,0,0,1,0,3,직업,0.25,0.5135616622643238,1.21799176102749,헤카테:스틱스 바인드 질문,그런데요 크오솔 스인미 이런거 언제 강화해요 ?,노말 세렌 원래 빡센가요?
되기전,1,4,0,4,0,0,0,1,0,3,직업,0.25,0.5135616622643238,1.21799176102749,안녕하세요 뉴비 검마 질문드려요,복귀유저 직업추천좀 해주세용,주간던전 경치랑 솔 에르다 보너스 단계 따로 설정하는 건가여?
먹여,1,4,0,4,0,0,0,1,0,3,직업,0.25,0.5135616622643238,1.21799176102749,메린이 유니온 질문있습니다,야누스 교환권 질문 있어요,시그너스 150찍어서 버프받는거
있다는데,1,4,0,4,0,0,0,1,0,3,직업,0.25,0.5135616622643238,1.21799176102749,자전 질문,유챔 관련 질문이 있습니다,하루 사냥 최대 4~5시간이 끝임?
잠깐,1,4,0,4,0,0,0,1,0,3,직업,0.25,0.5135616622643238,1.21799176102749,화면깨짐 현상 이거 어케 고치나요,스킬 이펙트 문의,복귀뉴비 200레벨비약 질문이 있습니다
키우고싶은데,1,4,0,4,0,0,0,1,0,3,직업,0.25,0.5135616622643238,1.21799176102749,챌섭말고 레벨업 빠르게 할만한 방법 있음?,뉴비 부캐 유니온 질문,메이플이 재밌는데 할게없어요
키운 캐릭,2,4,0,4,0,0,0,1,0,3,직업,0.25,0.5135616622643238,1.21799176102749,챌섭 리프 질문,메린이 본캐 고민,버닝 비욘드 캐릭을 리프시키면 다른 캐릭터에게 가능할까요?
패스 사면,2,4,0,4,0,0,0,1,0,3,직업,0.25,0.5135616622643238,1.21799176102749,모멘텀 패스 가치 있나요?,뉴비 질문있습니다,뉴비입니다!! 질문있습니다
13억,1,3,0,3,2,0,0,0,1,0,시세,0.3333333333333333,0.7565438560021889,1.2175434213178118,유챔 하드 세렌급 보조 스펙 질문 있습니다!,마라벨 가격 어디까지 떨어질꺼같음?,여명셋 지금 많이 올랐나요? 템셋팅 알려주십쇼 ㅠㅠㅠ
18-21,1,3,0,4,2,0,0,0,1,0,시세,0.3333333333333333,0.7565438560021889,1.2175434213178118,여명 18 21퍼 가격차이가 보통 얼마나 나나요?,챌섭 메린이 메소로 어떤스펙업 먼저하나요??,
3줄은,1,3,0,3,2,0,0,0,1,0,시세,0.3333333333333333,0.7565438560021889,1.2175434213178118,제네무기 고민중인데여..,법사 에테모자 에디3줄 시세 질문드립니다,해방 무기 큐브 더 써야할까요?
경로,1,3,0,3,2,0,0,0,1,0,시세,0.3333333333333333,0.7565438560021889,1.2175434213178118,자석펫 사려는데,미라클 대비 미트라 질문,캐시는 뭐 팔아야 됨?
괜찮은건가요,1,3,0,3,2,0,0,0,1,0,시세,0.3333333333333333,0.7565438560021889,1.2175434213178118,복귀유저 아델 보조 가격 질문,mvp작하려는데 챌섭이좋아요본섭이좋아요 ?,여장해봤다
교환가능,1,3,0,4,2,0,0,0,1,0,시세,0.3333333333333333,0.7565438560021889,1.2175434213178118,뉴비 진짜 이해안가는데 챌섭매물이요,전승주문서 관련해서 질문있습니다!,요즘 교가 보조무기 에픽은 어떻게 올리나요?
구매하려는데,1,3,0,3,2,0,0,0,1,0,시세,0.3333333333333333,0.7565438560021889,1.2175434213178118,보조무기 어떤게 좋을까요?,뉴네임옥션 폰으로도 할 수있나용 .. ?,챌린저스 패스 캐시샵 구매 불가 뜨는데..
기본 주는,2,3,0,3,2,0,0,0,1,0,시세,0.3333333333333333,0.7565438560021889,1.2175434213178118,이정도면 살만 한가요?,해방무기 윗옵,챌섭 초반 아이템 질문있습니다
끝냈는데,1,3,0,3,2,0,0,0,1,0,시세,0.3333333333333333,0.7565438560021889,1.2175434213178118,지금 법사 에테 쿨뚝 45억이면 괜찮게 맞춘건가요,선배님들 헤어 추천 부탁드립니다..,챌섭입문 뉴비 오늘 주흔작 하트말고 더 할거있나요
돌릴 예정,2,3,0,3,2,0,0,0,1,0,시세,0.3333333333333333,0.7565438560021889,1.2175434213178118,잠재 좀더 돌려야될까요?,[뉴비] 장갑 VS 엠블렘,템셋팅 시기 질문입니다!
마이스터,1,3,0,3,2,0,0,0,1,0,시세,0.3333333333333333,0.7565438560021889,1.2175434213178118,[챌섭]혹시 무교 드메템 맞추면 원킬이 안뜨나요?,혹시 무교 드메템 맞추면 원킬이 안뜨나요?,쌍드템 가격이 얼마가 정가일까요
맞출려고,1,3,0,3,2,0,0,0,1,0,시세,0.3333333333333333,0.7565438560021889,1.2175434213178118,대학생 유저 메이플 질문,드드 드메 템 맞출라고 하는데,팻장비를 어쩌지
바꾸면서,1,3,0,3,2,0,0,0,1,0,시세,0.3333333333333333,0.7565438560021889,1.2175434213178118,템 가성비 셋팅 질문,이거 얼마 정도에 팔릴까요..?,에스텔라 마이링 오글링 메짱의 선택은 뭘까요?
비싼건,1,3,0,3,2,0,0,0,1,0,시세,0.3333333333333333,0.7565438560021889,1.2175434213178118,놀긍 파풀마 너무 잘붙었는데요,뉴비입니다 질문있습니다 (모르고 자게에 써서 다시 작성했습니다),템세팅 vs 다조구매
사이인데,1,3,0,3,2,0,0,0,1,0,시세,0.3333333333333333,0.7565438560021889,1.2175434213178118,챌섭 266레벨 40퍼인데 EXP 패스 블농이랑 EXP쿠폰 언제 사용하나요?,챌섭 여명가격 내려갈까요?,아케인심볼19렙이면 교환권은 어센틱 받아야겟죠?
얼마 팔아야할지,2,3,0,3,2,0,0,0,1,0,시세,0.3333333333333333,0.7565438560021889,1.2175434213178118,챌섭 에테 장갑 어떻게 해야할지 모르겠어요....,법사 에테장갑 24성 시세가 얼마할까요?,에테르넬 이런 템은 얼마정도에 팔아야할까요?
엠블 보조,2,3,0,3,2,0,0,0,1,0,시세,0.3333333333333333,0.7565438560021889,1.2175434213178118,챌섭 아케인 쌍크 장갑 팔아야되나요 ? 메린이 템세팅 방향성 한번 잡아주시면 감사하겠습니다.,뉴비 챌섭 템 구매,25성 가엔링 얼마에 팔아야 하나요?
오른,1,3,0,3,2,0,0,0,1,0,시세,0.3333333333333333,0.7565438560021889,1.2175434213178118,챌섭 프악공작 기준,메린이 도와주세ㅐ요,본섭 7만 중후반 주차 후 챌섭 갈아타는 게 맞을까요?
올라,1,3,0,4,2,0,0,0,1,0,시세,0.3333333333333333,0.7565438560021889,1.2175434213178118,복귀뉴비라서 아이템 가격 질문 드립니다,메린이 도와주세ㅐ요,환산 6만 이후 템셋팅 도와주세요
적정가,1,3,0,3,2,0,0,0,1,0,시세,0.3333333333333333,0.7565438560021889,1.2175434213178118,아케인22성 장갑 시세좀 알려주실분,에테 아케인 거품,챌섭 여명가격 내려갈까요?
제로 키우고,2,3,0,3,2,0,0,0,1,0,시세,0.3333333333333333,0.7565438560021889,1.2175434213178118,해방무기 작 하는 거 질문,선배님들 헤어 추천 부탁드립니다..,스펙업 방향성 질문드립니다.
진행중인데요,1,3,0,3,2,0,0,0,1,0,시세,0.3333333333333333,0.7565438560021889,1.2175434213178118,엠작 질문,안녕하세요. 챌섭 뉴비 질문드립니다. 과금관련,
챌섭 제대,2,3,0,3,2,0,0,0,1,0,시세,0.3333333333333333,0.7565438560021889,1.2175434213178118,챌섭 1 정령의 펜던트 90일 교환권 얼마정도에 올려야 하나요..?,챌섭 하메 포기해야 될까요?,챌섭 4여명 이후 템셋팅 방향성 질문드립니다.
크주 장갑,2,3,0,3,2,0,0,0,1,0,시세,0.3333333333333333,0.7565438560021889,1.2175434213178118,님들 지금 크크장갑 사면 바보임?,템 진로 질문..,(템세팅 조언) 템을 너무 중구난방으로 맞춰서 어디서부터 손봐야 할지 모르겠습니다. 도와주세요
판매하고,1,3,0,3,2,0,0,0,1,0,시세,0.3333333333333333,0.7565438560021889,1.2175434213178118,미트라 판매 vs 들고가기 (메고수님들 도와주세요ㅠㅠ),혹시 이거 시세가 어떻게 될까요?,본섭에 탬을 챌섭으론 못 옮기죠?
팔고 다시,2,3,0,3,2,0,0,0,1,0,시세,0.3333333333333333,0.7565438560021889,1.2175434213178118,뉴비 루컨마 시세 문의 드립니다..!!!,챌섭 4여명5보장 18성 유에 장신구들 하나씩 19성 올리는거 비추인가요??,루컨마 힘180급 가격 어느정도 될까요?
팔때,1,3,0,3,2,0,0,0,1,0,시세,0.3333333333333333,0.7565438560021889,1.2175434213178118,시세 알아보는 법 있나요?,환산 8~9만대 목표로 하고 있습니다.,지금 교불 드메템 거품 심한 상태인가요?
하필,1,3,0,3,2,0,0,0,1,0,시세,0.3333333333333333,0.7565438560021889,1.2175434213178118,대적자 큐브 질문,형님들 이번 챌섭유입 메린이 제네 윗잠 질문드립니다!,도미 질문드립니다
한마리 있는데,2,3,0,3,2,0,0,0,1,0,시세,0.3333333333333333,0.7565438560021889,1.2175434213178118,자석펫 질문,뉴비 자석펫 질문,지금 자석펫 시세 비싼편인가요?
난이,1,3,1,4,0,1,1,1,0,0,퀘스트,0.3333333333333333,0.4508635397958461,1.214783500130396,메린이 노말세렌 이지칼로스 가능할꺼같음??,아이템버닝 보스 난이도 높은거 잡아도 깨지나요?,말뚝딜하는 직업 뭐가 있나요?
깨서,1,4,0,4,1,1,1,0,0,1,퀘스트,0.25,0.5044560315882669,1.2106642874141555,친구계정 레잠 쓰는것도 정지되나요?,이번 메이플 챌린저스 유입 뉴비입니다. 도와주세요,제네시스 패스 플러스 질문입니다
넘어갈때,1,4,0,5,1,1,1,0,0,1,퀘스트,0.25,0.5044560315882669,1.2106642874141555,메짱이 선생님들 아버 이후에 질문있습니다. 17에테 VS 18아케인(+27여명),세렌 정오작 질문,유니온이랑 아티팩트 미션 미리 준비하려는데
얻으면,1,4,0,4,1,1,1,0,0,1,퀘스트,0.25,0.5044560315882669,1.2106642874141555,님들 링크 3렙 찬란한영웅의 증거 질문 있습니다,큐브 어디다 써야할 지 추천 부탁드려요,메이린 스페(혼돈)스킬 2개 까는거 가능한가요?
중이에요,1,4,0,4,1,1,1,0,0,1,퀘스트,0.25,0.5044560315882669,1.2106642874141555,하이퍼버닝 캐릭 삭제 고민,8일만 더 일퀘하면 심볼 만렙인데,뉴비 스펙업 뭐해야할지 모르겠어요
트라이,1,4,0,4,1,1,1,0,0,1,퀘스트,0.25,0.5044560315882669,1.2106642874141555,선생님들 카웅 선행퀘 질문있습니다!,10억있는데 카유잠 어디에 쓸지 추천부탁드립니다,보마 하드메이린 연모배율 103.6퍼에 어센트 2번봤는데 3.8퍼 남으면 최종뎀 얼마나 올려야할까요???
1000억,1,3,0,5,1,0,0,0,0,2,기타,0.6666666666666666,0.7431724270758142,1.2082750530574375,보통 22성 도전자셋은 환산 몇만까지 끼나요?,[질문] 복귀 유저 아버 이후 에테르넬 17성 풀셋 질문,특수경험치 레벨업시 처리방식
100억이,1,3,0,3,1,0,0,0,0,2,기타,0.6666666666666666,0.7431724270758142,1.2082750530574375,메수라이브 잠재능력 설정 도와주세요,챌섭 템 업글 부위 추천받아요!,
279비약,1,3,0,3,1,0,0,0,0,2,기타,0.6666666666666666,0.7431724270758142,1.2082750530574375,경험치 BM 280작 250작 무난할까요?,형들 레벨링 어떻게 나눠야할까,
279비약 블루베리,2,3,0,3,1,0,0,0,0,2,기타,0.6666666666666666,0.7431724270758142,1.2082750530574375,경험치 BM 280작 250작 무난할까요?,형들 레벨링 어떻게 나눠야할까,
280작 279비약,2,3,0,3,1,0,0,0,0,2,기타,0.6666666666666666,0.7431724270758142,1.2082750530574375,경험치 BM 280작 250작 무난할까요?,형들 레벨링 어떻게 나눠야할까,
280작 279비약 블루베리,3,3,0,3,1,0,0,0,0,2,기타,0.6666666666666666,0.7431724270758142,1.2082750530574375,경험치 BM 280작 250작 무난할까요?,형들 레벨링 어떻게 나눠야할까,
285가,1,3,0,3,1,0,0,0,0,2,기타,0.6666666666666666,0.7431724270758142,1.2082750530574375,뉴비) 레벨별로 사냥터는 어디 가야 하나요?,모멘텀 패스 질문,진투복vs드메템
290까지,1,3,0,3,1,0,0,0,0,2,기타,0.6666666666666666,0.7431724270758142,1.2082750530574375,에테리온 효과 다 받는 기준이면 몬파 매일 3천포인트 씀??,챌섭 뉴비 질문입니다.,이번 모멘텀 패스 및 경험치 BM류 관련 질문입니다
30분 1시간,2,3,0,3,1,0,0,0,0,2,기타,0.6666666666666666,0.7431724270758142,1.2082750530574375,안녕하세요 이번에 처음 시작한 뉴비인데 리프할 서버 추천해주시면 감사합니다!,챌섭 하드메이린 최소컷만큼 템셋 질문이요,뉴비 몇가지 질문좀 드려여
3분,1,3,0,3,1,0,0,0,0,2,기타,0.6666666666666666,0.7431724270758142,1.2082750530574375,1분 동꼽은 제재 위험 없나요?,방향성 고민중인데 조언 부탁드립니다.,뉴비 메린이 인데요..! 보스 배율 질문 있습니다!
4개중에,1,3,0,3,1,0,0,0,0,2,기타,0.6666666666666666,0.7431724270758142,1.2082750530574375,이벤링 아드템으로 끼고싶은데 도와주세요 ㅠ,250물약 어디에 쓰는게 좋을지 질문,챌섭 뉴비 이번 선데이 질문 몇개만 답장 해주실분!
4석,1,3,0,3,1,0,0,0,0,2,기타,0.6666666666666666,0.7431724270758142,1.2082750530574375,코디충의 희대의 자석펫 고민입니다.,게더링할때 렉 줄이는 방법 있을까요?,6 자석펫 질문
가장 효율,2,3,0,3,1,0,0,0,0,2,기타,0.6666666666666666,0.7431724270758142,1.2082750530574375,메쌤 도와줘요,투력 1억2천만 입니다. 700~800억정도 투자 예정인데 도와주세요!,메이플 엠작
간다고,1,3,0,3,1,0,0,0,0,2,기타,0.6666666666666666,0.7431724270758142,1.2082750530574375,선생님들 보조무기 일반/이볼빙 차이가 궁금합니다.,챌린저스 패스 물품들 본섭리프할때 가져갈수있나요?,
갈지 고민입니다,2,3,0,3,1,0,0,0,0,2,기타,0.6666666666666666,0.7431724270758142,1.2082750530574375,챌섭리프,챌섭 종료후 리프 고민,4여명 깨고 4흙칠흑 vs 4여명 유지 2흙칠흑
갖고 있는,2,3,0,3,1,0,0,0,0,2,기타,0.6666666666666666,0.7431724270758142,1.2082750530574375,하드메이린 목표 - 템셋 어캐해야할까요 ...?,내일 해방인데 질문 있습니다,장문)챌섭에서 본캐 레테하고 있는 유저인데 템셋팅 고민입니다.
검색해보니까,1,3,0,3,1,0,0,0,0,2,기타,0.6666666666666666,0.7431724270758142,1.2082750530574375,에디에픽2줄 이거 가능한걸까요.. ?!?,오래된 캐릭터 정리된적 있나요?,
겨울 챌섭,2,3,0,4,1,0,0,0,0,2,기타,0.6666666666666666,0.7431724270758142,1.2082750530574375,이번 챌섭 유입 메린이 제네시스 무기 잠재능력 질문 있습니다,285렙 주차 질문,메린이 겨울챌섭 전 유니온 8000 질문있습니다!
공용,1,3,0,3,1,0,0,0,0,2,기타,0.6666666666666666,0.7431724270758142,1.2082750530574375,그런데요 크오솔 스인미 이런거 언제 강화해요 ?,경매장 검색 질문있어요,찐뉴비 앞으로 방향성 궁금합니당ㅠ
관심,1,3,0,3,1,0,0,0,0,2,기타,0.6666666666666666,0.7431724270758142,1.2082750530574375,"안녕하세요 메쌤, 메형님들 뉴비 질문 몇 가지만 해도 될까요?",템진로 고민과 조언이 필요합니다 .,하누와 닉네임 팔리까요...?
기억하는데,1,3,0,3,1,0,0,0,0,2,기타,0.6666666666666666,0.7431724270758142,1.2082750530574375,모멘텀 패스 가치 있나요?,챌섭 종료후 리프 고민,챌섭>본섭 리프시 챌섭에서 쌓은 큐브천장 사라지죠?
나왔길래,1,3,0,3,1,0,0,0,0,2,기타,0.6666666666666666,0.7431724270758142,1.2082750530574375,메린이 아이템 시세 문의,오래된 캐릭터 정리된적 있나요?,
나을,1,3,0,3,1,0,0,0,0,2,기타,0.6666666666666666,0.7431724270758142,1.2082750530574375,렌 스펙업 도움 부탁드려도 될까요?,이번주 목요일,남은 대적자 코인 어따 쓸지 고민임..
나을지 고민입니다,2,3,0,3,1,0,0,0,0,2,기타,0.6666666666666666,0.7431724270758142,1.2082750530574375,블랙보조12/60 아랫잠 고민,대적자코인 어디 쓰는게 나을까요,모멘텀 패스 질문
넘겨,1,3,0,3,1,0,0,0,0,2,기타,0.6666666666666666,0.7431724270758142,1.2082750530574375,챌섭자석펫 본섭리프시키는방법 가능한지?,신규유입 챌섭 모멘텀패스,하드루시드 생각보다 쉽네
노리,1,3,0,3,1,0,0,0,0,2,기타,0.6666666666666666,0.7431724270758142,1.2082750530574375,챌섭 컨티4렙vs 도미 18성 21퍼 뭐 먼저살까요?,어빌리티 설정,
높아서,1,3,0,3,1,0,0,0,0,2,기타,0.6666666666666666,0.7431724270758142,1.2082750530574375,메린이 블빈마 질문!,뉴비 제네패스 질문,전투력 2300만 보마인데 메이린 노멀 가능할까요??
높을수록,1,3,0,3,1,0,0,0,0,2,기타,0.6666666666666666,0.7431724270758142,1.2082750530574375,메린이 헥사 2 떡작 8 10 2 떴는데 잘뜬거맞죠?,법사 선배님들 템진로 도와주시면 감사하겠습니다,스펙터블래스트 경험치 보상 관련
누르면서,1,3,0,3,1,0,0,0,0,2,기타,0.6666666666666666,0.7431724270758142,1.2082750530574375,282레테 키우고있는데 부캐 키워도됨?,사냥 관련 질문,뉴비 18에테 질문있습니다
다하면,1,3,0,3,1,0,0,0,0,2,기타,0.6666666666666666,0.7431724270758142,1.2082750530574375,뉴비 오늘 퇴근하고 챌섭해보려는데,뉴비 보조 해방 질문,
달성했습니다,1,3,0,3,1,0,0,0,0,2,기타,0.6666666666666666,0.7431724270758142,1.2082750530574375,챌섭 스펙업 어떻게 할까요? 미트라? 보장?,메이플 대장장이 컨텐츠질문!,280레벨 달성했는데 블루베리는 그냥 다 쓰면 되나요??
데브펜 17성,2,3,0,3,1,0,0,0,0,2,기타,0.6666666666666666,0.7431724270758142,1.2082750530574375,뉴비 챌린저하고 싶은데 바닥부터 진로상담 부탁드립니다,무과금 챌뉴비 65억 정도 생겼는데 어디에 써야해?,챌섭 메소사용처 질문좀요ㅜㅜ
도는게,1,3,0,3,1,0,0,0,0,2,기타,0.6666666666666666,0.7431724270758142,1.2082750530574375,에테리온 효과 다 받는 기준이면 몬파 매일 3천포인트 씀??,울티마 전사 24렙엔 어디가요?,챌섭 266레벨 40퍼인데 EXP 패스 블농이랑 EXP쿠폰 언제 사용하나요?
도전했는데,1,3,0,3,1,0,0,0,0,2,기타,0.6666666666666666,0.7431724270758142,1.2082750530574375,미트라 판매 vs 들고가기 (메고수님들 도와주세요ㅠㅠ),보스 파티플레이 중 죽으면 아무 보상 못받나요?,전투력 2300만 보마인데 메이린 노멀 가능할까요??
돈을 모아서,2,3,0,3,1,0,0,0,0,2,기타,0.6666666666666666,0.7431724270758142,1.2082750530574375,이번 챌섭이 본캐인데 진로상담 요청합니다!,4여명 깨고 4흙칠흑 vs 4여명 유지 2흙칠흑,4주차 뉴비 앞으로 진로방향좀 가르쳐주세요!
돌아다니다,1,3,0,3,1,0,0,0,0,2,기타,0.6666666666666666,0.7431724270758142,1.2082750530574375,챌린저스 패스 물품들 본섭리프할때 가져갈수있나요?,메뉴비 질문입니다,
동일한,1,3,0,3,1,0,0,0,0,2,기타,0.6666666666666666,0.7431724270758142,1.2082750530574375,동전꼽기가 운영정책 위반인지 여부,[사전월드리프] 여러 서버로 이동 불가 관련 문구 문제,지금 경매장 시세 왜이래여?
들어가,1,3,0,3,1,0,0,0,0,2,기타,0.6666666666666666,0.7431724270758142,1.2082750530574375,렉 끊김현상 도와주실분..,탈라하트랑 카르시온 차이 많이 나나요?,자석펫(6석) 질문
들어가면,1,3,0,3,1,0,0,0,0,2,기타,0.6666666666666666,0.7431724270758142,1.2082750530574375,수로랑 플래그 돌아도 오프접하면 안되는 이유가 궁금해서 질문을 합니다아,검마 팁좀,환산주스탯 스펙업 질문
등록,1,3,0,5,1,0,0,0,0,2,기타,0.6666666666666666,0.7431724270758142,1.2082750530574375,메이플 보호모드 해제 시간 및 보상수령 가능한지 궁금합니다.,뉴비 챌섭 일반펫 스킬 자동사용 되는걸로 제일 싼거 하나만 사면 될까요?,뉴비 질문 있습니다!! 링크 관련
떠버렸습니다,1,3,0,3,1,0,0,0,0,2,기타,0.6666666666666666,0.7431724270758142,1.2082750530574375,1억 2천만 아란 엠블렘 조언 구합니다,미트라 무조건 가야할까요?,어빌리티 재설정 질문 드립니다
떠있습니다,1,3,0,3,1,0,0,0,0,2,기타,0.6666666666666666,0.7431724270758142,1.2082750530574375,챌섭에서 퍼레이드 영구 자석펫 어떻게 수령하나요?,똥블럼 방무 vs 공격력,
뜨고,1,3,0,3,1,0,0,0,0,2,기타,0.6666666666666666,0.7431724270758142,1.2082750530574375,미트라의 분노 잠재 스크롤 안됌,패치오류 도와주세요.,뉴비 메획템 어떻게 구해야할까요?
렙뻥,1,3,0,3,1,0,0,0,0,2,기타,0.6666666666666666,0.7431724270758142,1.2082750530574375,메이린 배율관련 질문드립니다 저 진짜 정리 잘해놨어요 함만 봐주세요 ㅠㅠ,검마 솔격 문의용,환산 스탯 기준 100% 넘으면 잡을만 한건가요?
림보,1,3,0,3,1,0,0,0,0,2,기타,0.6666666666666666,0.7431724270758142,1.2082750530574375,스펙업 방향성 질문드립니다.,상위? 중상위? 보스 팟격 어떻게 구하시나요들,파티로 연습모드 클리어해도 페이즈별 연모 열리나요?
마주크,1,3,0,3,1,0,0,0,0,2,기타,0.6666666666666666,0.7431724270758142,1.2082750530574375,메린이 하메잡는데 뭘 더 해야 빠르게 쌔질까요,레테 헥사스텟3 질문 있어요,
맞춰줘야,1,3,0,3,1,0,0,0,0,2,기타,0.6666666666666666,0.7431724270758142,1.2082750530574375,챌린저 하고 싶은데 여기서 무보엠 바꿔주면 되나요?,유니온 250작 템셋팅 어떻게 해야할까요?,메린이 어빌 질문 있워요!!!
매우,1,3,0,3,1,0,0,0,0,2,기타,0.6666666666666666,0.7431724270758142,1.2082750530574375,템환감소 헥환증가 질문,최근 메이플에서만 렉이 유ㅜ독 심합니다 살려주십셔,스펙업 방향성 질문드립니다.
모션,1,3,0,4,1,0,0,0,0,2,기타,0.6666666666666666,0.7431724270758142,1.2082750530574375,제네무기 바꾸고 싶은데 어떻게함?,밑에 메린이 컴퓨터 질문한 사람입니다!,메린이 컴퓨터 질문 드려도 되나요..?
몬파2판 일퀘,2,3,0,3,1,0,0,0,0,2,기타,0.6666666666666666,0.7431724270758142,1.2082750530574375,경험치 BM 280작 250작 무난할까요?,형들 레벨링 어떻게 나눠야할까,
못했습니다,1,3,0,3,1,0,0,0,0,2,기타,0.6666666666666666,0.7431724270758142,1.2082750530574375,[사전월드리프] 여러 서버로 이동 불가 관련 문구 문제,아직도 본캐를 못정한 유저 조언부탁드립니다,무자본 메제유저 스펙업 훈수좀 부탁드립니다. (스펙상세첨부
물어보니,1,3,0,3,1,0,0,0,0,2,기타,0.6666666666666666,0.7431724270758142,1.2082750530574375,챌섭 복귀 메린이 보조무기 질문,윙즈같은 스킬 질문좀,뉴비 솔 에르다 / 솔 에르다 조각 선택권 받을라 하는데 [답답함주의]
미리 감사드립니다,2,3,0,3,1,0,0,0,0,2,기타,0.6666666666666666,0.7431724270758142,1.2082750530574375,오프라인 상태 길드가입신청,뉴비 질문있슴다,잠재에 맞는 별 갯수 좀 정해주십사 (얘는 몇 성급인가)
믿고,1,3,0,3,1,0,0,0,0,2,기타,0.6666666666666666,0.7431724270758142,1.2082750530574375,뉴비 해방이후 스펙업 방향성 검토 부탁드리겠습니다,챌린저스 패스 물품들 본섭리프할때 가져갈수있나요?,
바꿔봐,1,3,0,3,1,0,0,0,0,2,기타,0.6666666666666666,0.7431724270758142,1.2082750530574375,메린이 내 캐릭이 왜 약한지 모르겠어요,컴고수 선생님들 게임이 계속 멈춥니다,컴고수님들 메린이 게임 멈춤 질문드립니다
바꿔주는게,1,3,0,3,1,0,0,0,0,2,기타,0.6666666666666666,0.7431724270758142,1.2082750530574375,작을 새로 해주는게 나을까요?,282캡띤 템 진로를 모르겠습니다,메린이 템셋팅 업그레이드 질문(170억메소)
바꿨는데,1,3,0,3,1,0,0,0,0,2,기타,0.6666666666666666,0.7431724270758142,1.2082750530574375,보스방 드랍율이랑 일반 맵 드랍율이 다른가요?,전투력 오류?,검은화면 증상 해결법 아시는분 계신가요
박는,1,3,0,3,1,0,0,0,0,2,기타,0.6666666666666666,0.7431724270758142,1.2082750530574375,챌섭 뉴비 2가지 질문 (대적자+헥사순서),렌 해방무기좀 봐주셈 큐브,본메 챌섭 하는데 궁금헌것좀..
밖에 없나요,2,3,0,3,1,0,0,0,0,2,기타,0.6666666666666666,0.7431724270758142,1.2082750530574375,어빌리티 설정,엔버는 엠블렘을 구매하는 것 밖에 방법이 없나요?,
발생,1,3,0,3,1,0,0,0,0,2,기타,0.6666666666666666,0.7431724270758142,1.2082750530574375,아흐... 펫장비 이전 줌서에 대한 글은 많은데...,헥사 스탯 초기화 해야 하나요?,사냥 중 튕김 현상
방법일까요,1,3,0,3,1,0,0,0,0,2,기타,0.6666666666666666,0.7431724270758142,1.2082750530574375,동전꼽기가 운영정책 위반인지 여부,아버 대체 아케인 직작 or 완제구매,하드 메이린 잡을라면 스펙 어떤걸 올려야 할까요?
방어력,1,3,0,4,1,0,0,0,0,2,기타,0.6666666666666666,0.7431724270758142,1.2082750530574375,메린이 질문좀;;,환산주스탯 환산 뭘 봐야하는 건가요?,엠블럼 옵션 순위
번째,1,3,0,8,1,0,0,0,0,2,기타,0.6666666666666666,0.7431724270758142,1.2082750530574375,선생님들 메린이 질문 하나 잇습니다,[사전월드리프] 여러 서버로 이동 불가 관련 문구 문제,어빌리티 재설정 질문 드립니다
보마주,1,3,0,3,1,0,0,0,0,2,기타,0.6666666666666666,0.7431724270758142,1.2082750530574375,메린이 하메잡는데 뭘 더 해야 빠르게 쌔질까요,레테 헥사스텟3 질문 있어요,
보스 어디까지,2,3,0,3,1,0,0,0,0,2,기타,0.6666666666666666,0.7431724270758142,1.2082750530574375,메짱 친구들아 뉴비 템 견적 어디까지 됨..?,밖이라 못보는데 챌섭 보상표 스샷 좀 찍어줄사람??,안녕하세용
본캐 키우고 있는,3,3,0,3,1,0,0,0,0,2,기타,0.6666666666666666,0.7431724270758142,1.2082750530574375,리프 관련해서 질문 드립니다. ㅠㅠ,선생님들 복귀 뉴비 템진로 조언 부탁드립니다.,뉴비 질문 있습니다!! 링크 관련
본캐입니다,1,3,0,3,1,0,0,0,0,2,기타,0.6666666666666666,0.7431724270758142,1.2082750530574375,스펙업 하고싶은데 당장 바꿧으면 부위좀 진단부탁드립니다,9만 본캐 스펙업 vs 부캐 스펙업 선택 도와주십셔,메린이 챌린저 이후 진로봐주실분..
부캐 키우고,2,3,0,3,1,0,0,0,0,2,기타,0.6666666666666666,0.7431724270758142,1.2082750530574375,메린이 진로 상담(1억 목표),추후 어떻게 스펙업할지 궁금해요,마법사 아닌데 텔 쓰는 직업 누구 있나요??
뷰티룸,1,3,0,3,1,0,0,0,0,2,기타,0.6666666666666666,0.7431724270758142,1.2082750530574375,"레테 기본 헤어,성형 캐시샵에 안파나요??","저장하지 않은 기본 성형,헤어 복구받을 수 있을까요?",
비교해보는거,1,3,0,3,1,0,0,0,0,2,기타,0.6666666666666666,0.7431724270758142,1.2082750530574375,레테 무기 잠재 질문좀 드립니다!,헥사 초기화권 질문,
비싸다,1,3,0,3,1,0,0,0,0,2,기타,0.6666666666666666,0.7431724270758142,1.2082750530574375,보마 보조 질문,무소과금 서버는 어디가 괜찮나요?,
뺑뺑,1,3,0,3,1,0,0,0,0,2,기타,0.6666666666666666,0.7431724270758142,1.2082750530574375,울티마스쿼드 43렙 어디서 자동사냥해요?,울티마 카오스 지역 사냥 질문,울티마 카오스코인 질문
살고,1,3,0,3,1,0,0,0,0,2,기타,0.6666666666666666,0.7431724270758142,1.2082750530574375,하트 업그레이드 모듈 질문있습니다,메획 100 맞추는 거 필수인가요?,형님들 메이플 id관련좀 알려주십숑
소리,1,3,0,3,1,0,0,0,0,2,기타,0.6666666666666666,0.7431724270758142,1.2082750530574375,보40 마9 9 로 봐도 될까요 잠재가 애매해요...,뉴비 이거 오리진 버그인가요???,검은화면 증상 해결법 아시는분 계신가요
스우까지,1,3,0,3,1,0,0,0,0,2,기타,0.6666666666666666,0.7431724270758142,1.2082750530574375,메린이 챌린저 이후 진로봐주실분..,유챔 관련 질문이 있습니다,찐 메린이 입니다... 살려주세요
시작했는데요,1,3,0,3,1,0,0,0,0,2,기타,0.6666666666666666,0.7431724270758142,1.2082750530574375,메이플 쌩뉴비 질문드려요...,지난주에 챌섭 시작한 뉴비인데 제네시스 패스 사도 되나요?,리프 관련
시작했다,1,3,0,3,1,0,0,0,0,2,기타,0.6666666666666666,0.7431724270758142,1.2082750530574375,이번 모멘텀 패스 및 경험치 BM류 관련 질문입니다,뉴비 현실적 목표 질문,
신캐,1,3,0,3,1,0,0,0,0,2,기타,0.6666666666666666,0.7431724270758142,1.2082750530574375,이번 모멘텀 패스 및 경험치 BM류 관련 질문입니다,오래된 캐릭터 정리된적 있나요?,
심볼업,1,3,0,3,1,0,0,0,0,2,기타,0.6666666666666666,0.7431724270758142,1.2082750530574375,챌섭 메소 어디다 써야하나요?,복귀쌩뉴비 템 진로상담(사실상 황무지에서 재건) 질문,탈라하트랑 카르시온 차이 많이 나나요?
쓰는게 효율,2,3,0,3,1,0,0,0,0,2,기타,0.6666666666666666,0.7431724270758142,1.2082750530574375,VIP 부스터 효율 어떤게 좋을까요 ?,드메템 맞추는게 이득일까요?,메이플 참고 사이트 질문이 있는데요!
악선,1,3,0,3,1,0,0,0,0,2,기타,0.6666666666666666,0.7431724270758142,1.2082750530574375,경험치 BM 280작 250작 무난할까요?,형들 레벨링 어떻게 나눠야할까,
안나서,1,3,0,3,1,0,0,0,0,2,기타,0.6666666666666666,0.7431724270758142,1.2082750530574375,메이플 파티플 질문,피시방 혜택에 자석펫이 있나요???,뉴비 사고쳤는데 이럴때 어떻게해요 ? (보스 보상)
안될,1,3,0,3,1,0,0,0,0,2,기타,0.6666666666666666,0.7431724270758142,1.2082750530574375,미트라 vs 에테 장갑 고민 추천 부탁드립니다.,해방 못하면 레잠이랑 에디셔널 유니크 주문서 어디에 쓰나요??,메린이 주말반입니다 도와주세요
알고있습니다,1,3,0,3,1,0,0,0,0,2,기타,0.6666666666666666,0.7431724270758142,1.2082750530574375,메린이 챌린저 이후 진로봐주실분..,지피방? 원격피시방? 질문있습니다,"뉴비 악세 뭐 사야되는지 알려줄 선생님,,"
알아보니,1,3,0,3,1,0,0,0,0,2,기타,0.6666666666666666,0.7431724270758142,1.2082750530574375,메린이 제네 패스 질문,하이퍼버닝 계정 탈퇴 후 재가입 해도 불가 재참여 방법 질문,이벤링 여명템 잠재 우선순위 질문
앵컴 몬파2판,2,3,0,3,1,0,0,0,0,2,기타,0.6666666666666666,0.7431724270758142,1.2082750530574375,경험치 BM 280작 250작 무난할까요?,형들 레벨링 어떻게 나눠야할까,
앵컴 몬파2판 일퀘,3,3,0,3,1,0,0,0,0,2,기타,0.6666666666666666,0.7431724270758142,1.2082750530574375,경험치 BM 280작 250작 무난할까요?,형들 레벨링 어떻게 나눠야할까,
얘네들,1,3,0,3,1,0,0,0,0,2,기타,0.6666666666666666,0.7431724270758142,1.2082750530574375,보스돌이 재화투자 질문,리프 관련해서 질문 드립니다. ㅠㅠ,장비에 유효옵은 옵션 등급과 상관없이 부르나요?
언젠간,1,3,0,4,1,0,0,0,0,2,기타,0.6666666666666666,0.7431724270758142,1.2082750530574375,에테리온 효과 다 받는 기준이면 몬파 매일 3천포인트 씀??,9만 본캐 스펙업 vs 부캐 스펙업 선택 도와주십셔,챌섭 미트라 안사고 엠블럼 직작하는 뉴비
엄청 많이,2,3,0,3,1,0,0,0,0,2,기타,0.6666666666666666,0.7431724270758142,1.2082750530574375,이번에 첫챌섭 시작한 뉴비 해방이후에 템세팅이 궁금해요 ㅇㅅㅠ,어빌리티 설정,
없는지,1,3,0,3,1,0,0,0,0,2,기타,0.6666666666666666,0.7431724270758142,1.2082750530574375,펫 아무거나 사도 되나요?,렌 해방무기좀 봐주셈 큐브,데미지 스킨 얻는법
없다고,1,3,0,3,1,0,0,0,0,2,기타,0.6666666666666666,0.7431724270758142,1.2082750530574375,[사전월드리프] 여러 서버로 이동 불가 관련 문구 문제,250물약 어디에 쓰는게 좋을지 질문,안녕하세요 시즌4 유입 메린이입니다. 템세팅때문에 고민이 있어요 ㅠㅠ 도와주세요..!!!
에던,1,3,0,3,1,0,0,0,0,2,기타,0.6666666666666666,0.7431724270758142,1.2082750530574375,에테리온 효과 다 받는 기준이면 몬파 매일 3천포인트 씀??,안녕하세요...메이플 시작 3주차인데..,챌섭 266레벨 40퍼인데 EXP 패스 블농이랑 EXP쿠폰 언제 사용하나요?
엘슘,1,3,0,3,1,0,0,0,0,2,기타,0.6666666666666666,0.7431724270758142,1.2082750530574375,무소과금 서버는 어디가 괜찮나요?,챌섭 유입 메린이 과금 및 템셋팅 및 기타 질문드립니다,
오후,1,3,0,3,1,0,0,0,0,2,기타,0.6666666666666666,0.7431724270758142,1.2082750530574375,메소제한 관련 질문이 있습니다,메이플 일반 택배가 12시간이 지났는데도 도착 안할 수 있나요?,
완료해서,1,3,0,3,1,0,0,0,0,2,기타,0.6666666666666666,0.7431724270758142,1.2082750530574375,"뉴비 챌섭이후 본섭 준비 질문,평가해주세요",챌섭에서 퍼레이드 영구 자석펫 어떻게 수령하나요?,
왔습니다,1,3,0,3,1,0,0,0,0,2,기타,0.6666666666666666,0.7431724270758142,1.2082750530574375,"안녕하세요 메쌤, 메형님들 뉴비 질문 몇 가지만 해도 될까요?",챌섭 뉴비 질문입니다.,찐뉴비 앞으로 스펙업 계획..챌가능할까요
유니온4400,1,3,0,3,1,0,0,0,0,2,기타,0.6666666666666666,0.7431724270758142,1.2082750530574375,무소과금 서버는 어디가 괜찮나요?,챌섭 유입 메린이 과금 및 템셋팅 및 기타 질문드립니다,
유입되어서,1,3,0,3,1,0,0,0,0,2,기타,0.6666666666666666,0.7431724270758142,1.2082750530574375,메이플 늦은 유입 뉴비 현시점 제네패스 질러도 될까요?,메린이 방향성이 잘못된걸까요? 현실조언 부탁드립니다,스펙업 방향성 질문드립니다.
유튜브 보면서,2,3,0,3,1,0,0,0,0,2,기타,0.6666666666666666,0.7431724270758142,1.2082750530574375,메린이 하드 메이린까지 진로 상담 부탁드립니다.,챌뉴비 방어구 질문드려요!,뉴비 질문있슴다
이런 경우에,2,3,0,3,1,0,0,0,0,2,기타,0.6666666666666666,0.7431724270758142,1.2082750530574375,챌섭 관련 질문,카르마 블랙큐브 화이트큐브 사용처,보스 파티플레이 중 죽으면 아무 보상 못받나요?
이번엔,1,3,0,4,1,0,0,0,0,2,기타,0.6666666666666666,0.7431724270758142,1.2082750530574375,복귀뉴비 200레벨비약 질문이 있습니다,무자본 메제유저 스펙업 훈수좀 부탁드립니다. (스펙상세첨부,메m 하버? 버닝?
이벤트 기간,2,3,0,3,1,0,0,0,0,2,기타,0.6666666666666666,0.7431724270758142,1.2082750530574375,챌섭 지금부터 시작하면,뉴빈데 지금 시작해도 괜찮나요?,핑크빈 후디는 못얻나요?
일단 해방,2,3,0,3,1,0,0,0,0,2,기타,0.6666666666666666,0.7431724270758142,1.2082750530574375,이번 미라클 지나고 9월 16일 전에 미라클 한 번 더 할려나요?,복귀늅 템 질문,형님들 질문 있습니다.
일퀘 몬파,2,3,0,3,1,0,0,0,0,2,기타,0.6666666666666666,0.7431724270758142,1.2082750530574375,250물약 사용처 질문,찐 메린이 입니다... 살려주세요,하버 없이 250비약으로 부캐키우는거 어떤가요?
있는 메소,2,3,0,3,1,0,0,0,0,2,기타,0.6666666666666666,0.7431724270758142,1.2082750530574375,챌섭 챌린저 목표 템셋팅 관련 질문입니다.,하드메이린 목표 - 템셋 어캐해야할까요 ...?,내일 해방인데 질문 있습니다
있는 분들,2,3,0,3,1,0,0,0,0,2,기타,0.6666666666666666,0.7431724270758142,1.2082750530574375,환호지선 사신 분들 질문,(뉴비살려주세요 ㅜㅡㅠ) 웹 인증정보가 일치하지 않습니다. 떠서 보스 보상 못받은....,이벤트 출첵창이 안열려요 ㅜㅠ
있었던,1,3,0,3,1,0,0,0,0,2,기타,0.6666666666666666,0.7431724270758142,1.2082750530574375,284 사냥터 질문,아흐... 펫장비 이전 줌서에 대한 글은 많은데...,메이플 참고 사이트 질문이 있는데요!
있었습니다,1,3,0,3,1,0,0,0,0,2,기타,0.6666666666666666,0.7431724270758142,1.2082750530574375,무기 추옵 질문,[사전월드리프] 여러 서버로 이동 불가 관련 문구 문제,원래 명의이전을 해도 하버맥스 갱신이 안되나요?
전부터,1,3,0,3,1,0,0,0,0,2,기타,0.6666666666666666,0.7431724270758142,1.2082750530574375,메이플 좀 켜두면 생기는 잔렉? 프레임드랍? 해결방법 있을까요..,드랍템 먼저 맞출까요 스펙업을 먼저 할까요,사냥 중 튕김 현상
제미나이,1,3,0,3,1,0,0,0,0,2,기타,0.6666666666666666,0.7431724270758142,1.2082750530574375,윙즈같은 스킬 질문좀,복귀 유저 해방전 아케인 무기좀,그래픽카드 변경 후 보스전 렉 심합니다
조언좀 부탁드려요,2,3,0,3,1,0,0,0,0,2,기타,0.6666666666666666,0.7431724270758142,1.2082750530574375,챌섭 에메랄드 카레잠 어디다 쓰는게 좋은가요?,유챔세렌 117퍼 못깨먼..,혹시 저자본으로 챌린저 가능한가여
주크마,1,3,0,3,1,0,0,0,0,2,기타,0.6666666666666666,0.7431724270758142,1.2082750530574375,메린이 하메잡는데 뭘 더 해야 빠르게 쌔질까요,레테 헥사스텟3 질문 있어요,
준다고,1,3,0,3,1,0,0,0,0,2,기타,0.6666666666666666,0.7431724270758142,1.2082750530574375,자석펫 스카니아에 있으면 스카니아로 리프해야겠져?,형들 제네스킬 이거 언제 쓰는거여?,챌섭 유입 뉴비인데요..ㅠ
줄까,1,3,0,5,1,0,0,0,0,2,기타,0.6666666666666666,0.7431724270758142,1.2082750530574375,프펫공작 하드메이린 기준 필수인가여?,형들 레벨링 어떻게 나눠야할까,
중고,1,3,0,4,1,0,0,0,0,2,기타,0.6666666666666666,0.7431724270758142,1.2082750530574375,본캐를 올릴가요 버린 부캐를 살릴까요,메이플용 PC 견적 뽑아봤는데용,스카니아 VS 크로아
중이며,1,3,0,3,1,0,0,0,0,2,기타,0.6666666666666666,0.7431724270758142,1.2082750530574375,[사전월드리프] 여러 서버로 이동 불가 관련 문구 문제,노칼 딜배율 200% 목표 / 18에테 교체 순서 및 칠흑·엠블 문의,스펙업 조언 부탁드립니다.
진행하고 있는데,2,3,0,3,1,0,0,0,0,2,기타,0.6666666666666666,0.7431724270758142,1.2082750530574375,메린이 익스우 템세팅 질문,울티마 스쿼드 질문,환산 5.6 나워 스펙업 순서 질문
채웠는데,1,3,0,3,1,0,0,0,0,2,기타,0.6666666666666666,0.7431724270758142,1.2082750530574375,에디 레전 천장 질문입니다,pc방 접속보상 이벤트 23일까지도 포함인가요??,챌섭 5만점부터는 돈 써야하나요?
챌린져스,1,3,0,5,1,0,0,0,0,2,기타,0.6666666666666666,0.7431724270758142,1.2082750530574375,복귀뉴비,메린이 많이 성장했지만 다시 막막해짐..,"메린이, 메복이 궁금증들 해소해주라"
챌섭엔,1,3,0,3,1,0,0,0,0,2,기타,0.6666666666666666,0.7431724270758142,1.2082750530574375,복귀뉴비라서 아이템 가격 질문 드립니다,챌섭 리프 시기 질문,메린이 진로 상담(1억 목표)
챌패스 제네패스,2,3,0,3,1,0,0,0,0,2,기타,0.6666666666666666,0.7431724270758142,1.2082750530574375,메린이 방향성이 잘못된걸까요? 현실조언 부탁드립니다,메린이 여기서 막힘..도와주세여,찍계 걸린것 같습니다.
처분하고,1,3,0,3,1,0,0,0,0,2,기타,0.6666666666666666,0.7431724270758142,1.2082750530574375,챌섭 떠날까요?,뉴비 보조무기 질문,검밑솔 닼나 버리고 렌 키우려는데 템 이동 질문
캐릭터 챌섭,2,3,0,3,1,0,0,0,0,2,기타,0.6666666666666666,0.7431724270758142,1.2082750530574375,선생님들 사전 리프 질문있습니다,메이플 새 계정 판 메린이인데여 유니온 질문입니당,이번 챌섭복귀유저입니다. 드메템 관련 질문드립니다.
커서,1,3,0,3,1,0,0,0,0,2,기타,0.6666666666666666,0.7431724270758142,1.2082750530574375,잠재 질문,템 작 질문입니다,태블릿으로 넥슨링크 사용하는분들 궁금해요~
크마주,1,3,0,6,1,0,0,0,0,2,기타,0.6666666666666666,0.7431724270758142,1.2082750530574375,메린이 하메잡는데 뭘 더 해야 빠르게 쌔질까요,레테 헥사스텟3 질문 있어요,
키웠습니다,1,3,0,3,1,0,0,0,0,2,기타,0.6666666666666666,0.7431724270758142,1.2082750530574375,18살 본섭에서 길드가입이 현실적으로 가능할지가 궁금합니다.,메선생님들 보조캐 하진힐 스펙업 훈수좀 부탁드립니다,이후 방향성 및 조언 부탁드립니다
파티원,1,3,0,3,1,0,0,0,0,2,기타,0.6666666666666666,0.7431724270758142,1.2082750530574375,혹시 제네패스 플러스 검마 파티로 가서 데카아웃하고 죽어도 미션 깨지나요??,메린이 컴퓨터 질문 드려도 되나요..?,뉴비 사고쳤는데 이럴때 어떻게해요 ? (보스 보상)
플러스까지,1,3,0,3,1,0,0,0,0,2,기타,0.6666666666666666,0.7431724270758142,1.2082750530574375,메이플 늦은 유입 뉴비 현시점 제네패스 질러도 될까요?,완전 첫 캐릭으로 키우는 메린이인데…첫 해방후 어떻게해야할지에 대해서,챌린저 노릴 수 있을까요
피로,1,3,0,3,1,0,0,0,0,2,기타,0.6666666666666666,0.7431724270758142,1.2082750530574375,본캐 / 챌섭 부캐 투자우선권 질문입니다.,안녕하세요...메이플 시작 3주차인데..,유입 메린이 채집 질문
하긴 했는데,2,3,0,3,1,0,0,0,0,2,기타,0.6666666666666666,0.7431724270758142,1.2082750530574375,이번 미라클 지나고 9월 16일 전에 미라클 한 번 더 할려나요?,282레테 키우고있는데 부캐 키워도됨?,찐 메린이 입니다... 살려주세요
하나 있는데,2,3,0,3,1,0,0,0,0,2,기타,0.6666666666666666,0.7431724270758142,1.2082750530574375,길드 분위기 알아보는 법...,2석펫 vs 쌍레 보조 맞추기 고민됩니다,레테 만들면 주는 펫 기간이 어떻게 되나요?
하는게 좋은지,2,3,0,3,1,0,0,0,0,2,기타,0.6666666666666666,0.7431724270758142,1.2082750530574375,메린이 템 방향 조언 부탁드립니다 젭알,헥사 초기화권 질문,
하던,1,3,0,3,1,0,0,0,0,2,기타,0.6666666666666666,0.7431724270758142,1.2082750530574375,모멘텀 패스 가치 있나요?,신규유저 지금 시작해도 되나요?,안녕하세요 선생님들 메린이 스펙업 방향이 궁금합니다
하드 루시드,2,3,0,3,1,0,0,0,0,2,기타,0.6666666666666666,0.7431724270758142,1.2082750530574375,이번 이벤으로 시작한 늅늅이 장비좀 봐주실수 있을까요?,메이플은 쩔? 버스? 같은거 없나요??,보스 꿀팁 있을까요
하마,1,3,0,3,1,0,0,0,0,2,기타,0.6666666666666666,0.7431724270758142,1.2082750530574375,경험치 BM 280작 250작 무난할까요?,형들 레벨링 어떻게 나눠야할까,
한정,1,3,0,3,1,0,0,0,0,2,기타,0.6666666666666666,0.7431724270758142,1.2082750530574375,기반없는사람이 챌섭 2케릭은 힘들겠죠?,챌섭 챌린저 목표 겸,방무는 어떤 위치의 옵션임?
한줄씩,1,3,0,3,1,0,0,0,0,2,기타,0.6666666666666666,0.7431724270758142,1.2082750530574375,챌섭뉴비 챌린저달고싶은데 뭐해야할까요,메린이 챌린저 목표로 방향성 질문 드립니다.,챌섭 뉴비 이번 선데이 질문 몇개만 답장 해주실분!
할지 모르겠어서,2,3,0,3,1,0,0,0,0,2,기타,0.6666666666666666,0.7431724270758142,1.2082750530574375,챌린저 하고 싶은데 여기서 무보엠 바꿔주면 되나요?,뉴비) 헥사 떡작 질문,메린이 어빌 질문 있워요!!!
현금,1,3,0,3,1,0,0,0,0,2,기타,0.6666666666666666,0.7431724270758142,1.2082750530574375,메린이 챌섭 무보엠 세팅 질문있습니다,이번에 나올 부티크 커뽀라,챌섭 5만점부터는 돈 써야하나요?
혼자서,1,3,0,3,1,0,0,0,0,2,기타,0.6666666666666666,0.7431724270758142,1.2082750530574375,메린이 제네 패스 질문,법사 선배님들 템진로 도와주시면 감사하겠습니다,파티로 연습모드 클리어해도 페이즈별 연모 열리나요?
확인해보니,1,3,0,3,1,0,0,0,0,2,기타,0.6666666666666666,0.7431724270758142,1.2082750530574375,mvp 레드만 유지하고 블랙으로 가긴 싫은데 질문있습니다,형님들 해방후 투력이 떨어졌어요 문제가 뭘까요,아이템 드롭율
환산에서,1,3,0,3,1,0,0,0,0,2,기타,0.6666666666666666,0.7431724270758142,1.2082750530574375,쀼부캐 골클벨 17성 깡통을 사야하나요 15or18퍼 사야하나요?,메린이 선데이 질문드립니다~~,아이템 벗었다 꼇는데 전투력 100만이 날라갔어요
효율 제일,2,3,0,3,1,0,0,0,0,2,기타,0.6666666666666666,0.7431724270758142,1.2082750530574375,울티마스쿼드 43렙 어디서 자동사냥해요?,울티마 후발대 질문있습니다.,상급 EXP 교환권 효율
4페는,1,3,0,3,0,0,2,1,0,0,몬스터,0.6666666666666666,0.7380797011212323,1.2047450444206547,검마 극딜 질문,보마 검마 3페 사선 피하는 법 질문입니다.,검마 솔격 4페 몇분쯤에 진입해야 깰만함?
극딜 준극딜,2,3,0,4,0,0,2,1,0,0,몬스터,0.6666666666666666,0.7380797011212323,1.2047450444206547,메잘알 형들 나로 질문이요ㅜㅜ,세렌 딜 충분할까요?,원래 보스 배율보다 훨씬 느리게 잡아지는게 정상임??
맞고,1,3,0,3,0,0,2,1,0,0,몬스터,0.6666666666666666,0.7380797011212323,1.2047450444206547,검마 배율 181%인데 이거 잡히는거 맞나요..?,보마 검마 3페 사선 피하는 법 질문입니다.,검마 3페 질문입니다
맞고 데카,2,3,0,3,0,0,2,1,0,0,몬스터,0.6666666666666666,0.7380797011212323,1.2047450444206547,검마 배율 181%인데 이거 잡히는거 맞나요..?,보마 검마 3페 사선 피하는 법 질문입니다.,검마 3페 질문입니다
애매하게,1,3,0,3,0,0,2,1,0,0,몬스터,0.6666666666666666,0.7380797011212323,1.2047450444206547,보스 피통 조금남았을때 어떻게하는게 좋나요?,대적자 최소컷 질문,진힐라를 못잡겟어여
잡는거,1,3,0,3,0,2,1,0,0,0,퀘스트,0.6666666666666666,0.737362137012175,1.2042476668815905,제네시스 해방퀘스트 질문,제네시스 패스 도전보스 질문,이지카링 처음 도전인데 알려주세요
이왕,1,4,0,4,2,0,1,1,0,0,몬스터,0.25,0.4951740337875512,1.2031948878323546,메린이 많이 성장했지만 다시 막막해짐..,제로<>렌 직변 해보신분 궁금합니다.,미트라 도적 시세 질문입니다
잡아보고,1,4,0,4,2,0,1,1,0,0,몬스터,0.25,0.4951740337875512,1.2031948878323546,보마 노말 칼로스 템셋 질문,안녕하세요 챌섭유입 뉴비입니다.,뉴비 검마까지 방향성 조언좀....
1일,1,4,0,8,0,1,1,0,0,2,퀘스트,0.25,0.4922149372123866,1.2008136467250428,mvp 레드만 유지하고 블랙으로 가긴 싫은데 질문있습니다,"챌썹 몬파, 에픽던전 메포 어디까지 쓰나요?",형님들 선생님들 주보돌이 vs재획 질문드려요
강제,1,4,0,4,0,1,1,0,0,2,퀘스트,0.25,0.4922149372123866,1.2008136467250428,집에 PC 켜놓고 PC방 왔는데 도움 부탁드립니다.. ㅠㅠ 형님들,익검 첫트인데 조언듣고싶슴다,누가 메이플 접는건 능지순이라 했는데...
이런게,1,3,0,3,0,0,0,1,2,0,시세,0.6666666666666666,0.7306395557927087,1.1995879286632323,본계해라 부계해라,이런거 얼마할까요?,메이플 슈퍼뉴비 어떻게 강화하는지 궁금합니다.
105퍼,1,3,0,3,1,0,1,0,0,1,몬스터,0.3333333333333333,0.725183014242492,1.1958057422720914,스팩업 질문드립니다.,챌섭 뉴비 스펙업 뭐해야 하나요?,메린이 하메 잡기까지 메소 얼마나 써야할까요?
1주일,1,3,0,3,1,0,1,0,0,1,몬스터,0.3333333333333333,0.725183014242492,1.1958057422720914,검마 배율 181%인데 이거 잡히는거 맞나요..?,템 진로 질문..,뉴비 제네패스 질문
2-2,1,3,0,3,1,0,1,0,0,1,몬스터,0.3333333333333333,0.725183014242492,1.1958057422720914,울티마 파밍,렌 카칼 질문드립니다.,뉴비 해방이후 스펙업 방향성 검토 부탁드리겠습니다
가정하고,1,3,0,3,1,0,1,0,0,1,몬스터,0.3333333333333333,0.725183014242492,1.1958057422720914,챌섭 지금부터 시작하면,초보 보스 공략하려면 환산주스탯 몇퍼정도부터 트라이하면 좋을까요?,환산별 평균 잠재 합산
고인물분들,1,3,0,3,1,0,1,0,0,1,몬스터,0.3333333333333333,0.725183014242492,1.1958057422720914,뉴비 환산주스탯 보스 배율,고스트파크 잡몹겁나아프내...,안녕하세요 시즌4 유입 메린이입니다. 템세팅때문에 고민이 있어요 ㅠㅠ 도와주세요..!!!
과정,1,3,0,3,1,0,1,0,0,1,몬스터,0.3333333333333333,0.725183014242492,1.1958057422720914,헥환 4.5 이후 템셋팅 질문.,친구계정 레잠 쓰는것도 정지되나요?,뉴비 하드세렌 질문드립니다
궁금한데,1,3,0,3,1,0,1,0,0,1,몬스터,0.3333333333333333,0.725183014242492,1.1958057422720914,하드 카링 2인 파티배율 145% 빌드 궁금합니다,추가옵션 기록 보는법,하드 메이린까지 스펙업 질문
그러나,1,3,0,3,1,0,1,0,0,1,몬스터,0.3333333333333333,0.725183014242492,1.1958057422720914,흉성 보스 웰케 공략이 이해가 안가네요ㅠㅠ,1억 2천만 아란 엠블렘 조언 구합니다,[사전월드리프] 여러 서버로 이동 불가 관련 문구 문제
내로,1,3,0,3,1,0,1,0,0,1,몬스터,0.3333333333333333,0.725183014242492,1.1958057422720914,복귀뉴비,검마 가고 싶은데 될까요?,뉴비 챌린저 찍고 싶은데 엠블렘 안 맞추고도 될까요?
노말 카링,2,3,0,3,1,0,1,0,0,1,몬스터,0.3333333333333333,0.725183014242492,1.1958057422720914,메린이 방향성이 잘못된걸까요? 현실조언 부탁드립니다,하드 카링 2인 파티배율 145% 빌드 궁금합니다,스펙업 방향성 질문드립니다.
놓치고,1,3,0,3,1,0,1,0,0,1,몬스터,0.3333333333333333,0.725183014242492,1.1958057422720914,270 드메 62/63 사냥,너무 궁금해서 질문,찐 메린이 입니다... 살려주세요
대충이라,1,3,0,3,1,0,1,0,0,1,몬스터,0.3333333333333333,0.725183014242492,1.1958057422720914,메린이 지금 약간 막막한데..,환산 8만,메린이 하메 잡기까지 메소 얼마나 써야할까요?
안전하게,1,3,0,3,1,0,1,0,0,1,몬스터,0.3333333333333333,0.725183014242492,1.1958057422720914,챌섭 보조무기 질문입니다,메린이 하메 잡기까지 메소 얼마나 써야할까요?,형님들 제네해방 흔적 질문좀...ㅠ
없겠죠,1,3,0,3,1,0,1,0,0,1,몬스터,0.3333333333333333,0.725183014242492,1.1958057422720914,아랫잠 더돌려도 될까요??,8일만 더 일퀘하면 심볼 만렙인데,메이플이 재밌는데 할게없어요
영상 보고,2,3,0,3,1,0,1,0,0,1,몬스터,0.3333333333333333,0.725183014242492,1.1958057422720914,펫 아무거나 사도 되나요?,뭔가 잘못됏음은 알겟는데,안녕하세요 시즌4 유입 메린이입니다. 템세팅때문에 고민이 있어요 ㅠㅠ 도와주세요..!!!
영상 봐도,2,3,0,3,1,0,1,0,0,1,몬스터,0.3333333333333333,0.725183014242492,1.1958057422720914,메이플 쌩뉴비 질문드려요...,이지카링돌이 세팅하려면...,진짜 급해서 그러는데 흉성 2정수빌드 설명 좀
오르는지,1,3,0,3,1,0,1,0,0,1,몬스터,0.3333333333333333,0.725183014242492,1.1958057422720914,제네시스 무기 추옵 궁금해요,284->285되면 하메 배율 얼마정도 오르나요,검마 가고 싶은데 될까요?
직장인이라,1,3,0,3,1,0,1,0,0,1,몬스터,0.3333333333333333,0.725183014242492,1.1958057422720914,보마 하드메이린 연모배율 103.6퍼에 어센트 2번봤는데 3.8퍼 남으면 최종뎀 얼마나 올려야할까요???,헥환 7~9만 템셋 비용 얼마나 될까요? (궁수),너무 궁금해서 질문
치는게,1,3,0,4,1,0,1,0,0,1,몬스터,0.3333333333333333,0.725183014242492,1.1958057422720914,mvp작,보마 카링1페 질문 있습니다,미트라 판매 vs 들고가기 (메고수님들 도와주세요ㅠㅠ)
클리어하고,1,3,0,3,1,0,1,0,0,1,몬스터,0.3333333333333333,0.725183014242492,1.1958057422720914,팔라딘 외 다른 직업분들,형님들 제네해방 흔적 질문좀...ㅠ,뉴비 사고쳤는데 이럴때 어떻게해요 ? (보스 보상)
하급,1,3,0,3,1,0,1,0,0,1,몬스터,0.3333333333333333,0.725183014242492,1.1958057422720914,챌섭 메린이 보스 현상금 코인 이벤트질문 있어요,vip버프 어느 코인샵에서 사시나요?,메이린 확률
하는건,1,3,0,3,1,0,1,0,0,1,몬스터,0.3333333333333333,0.725183014242492,1.1958057422720914,챌섭 4여명5보장 18성 유에 장신구들 하나씩 19성 올리는거 비추인가요??,진짜 급해서 그러는데 흉성 2정수빌드 설명 좀,챌섭에서 하버맥스 하나 더 주기도 하나요?
하드검마,1,3,0,3,1,0,1,0,0,1,몬스터,0.3333333333333333,0.725183014242492,1.1958057422720914,템세팅 진로좀 부탁드립니다,이후 방향성 및 조언 부탁드립니다,익검 첫트인데 조언듣고싶슴다
하드메이린 배율,2,3,0,3,1,0,1,0,0,1,몬스터,0.3333333333333333,0.725183014242492,1.1958057422720914,챌섭 뉴비 스펙업 뭐해야 하나요?,환산주스탯 질문,하드 메이린이랑 노말 메이린 차이가 큰가요?
하루종일,1,3,0,3,1,0,1,0,0,1,몬스터,0.3333333333333333,0.725183014242492,1.1958057422720914,재획할시간이 없으면 드메템 팔아요?,보스 파티플레이 중 죽으면 아무 보상 못받나요?,메린이 검마 솔격 가능함??
힘듭니다,1,3,0,3,1,0,1,0,0,1,몬스터,0.3333333333333333,0.725183014242492,1.1958057422720914,아버 이후 템세팅 질문...,자석펫 없이 할만한 사냥터 없을까요ㅠ,"노말 세렌 여명 잘 넘기는 법 있나요,...?"
4.3,1,4,0,4,2,0,0,1,1,0,시세,0.25,0.48564239969340073,1.1955246011930671,제네패스 플러스 재화 사용처 추천 부탁드립니다.,꼬님키,메린이 스펙업 방향성 질문드립니다
공공,1,4,0,4,2,0,0,1,1,0,시세,0.25,0.48564239969340073,1.1955246011930671,무보엠 옵션 질문,메린이 챌섭 아델 보조무기 질문,미트라
아쉬워서,1,4,0,4,2,0,0,1,1,0,시세,0.25,0.48564239969340073,1.1955246011930671,보조무기 매물을 더 찾고 싶습니다,챌린저 목표) 진로 설정 질문입니다.,챌섭 메린이 해방했는데 잠재 어떻게 할까요?
같긴 한데,2,3,0,3,1,0,0,0,1,1,시세,0.3333333333333333,0.7175167340768345,1.190491881789883,링크 어떻게들 쓰시나요 선생님들 ?,뉴네임옥션 B급 감성 닉네임 좀 봐주세요,귀고리 구매하려 하는데 질문 있습니다
공9 에디,2,3,0,3,1,0,0,0,1,1,시세,0.3333333333333333,0.7175167340768345,1.190491881789883,아스트라 보조 질문입니다,보공 20퍼 달려있는 보조 사도 괜찮을까요?,검밑솔은 어느정도 악세 맞춰야하나용?
교불 조각,2,3,0,3,1,0,0,0,1,1,시세,0.3333333333333333,0.7175167340768345,1.190491881789883,이정도면 살만 한가요?,보통 하세이칼돌이 ~ 노적자돌이 캐릭터들은 조각 몇개정도 투자하시나요 ?,무과금인데 매일 몬파7판?
기다리면,1,3,0,3,1,0,0,0,1,1,시세,0.3333333333333333,0.7175167340768345,1.190491881789883,챌섭 스펙업 어떻게 할까요? 미트라? 보장?,데미지 스킨 얻는법,템셋팅 시기 질문입니다!
노리다,1,3,0,3,1,0,0,0,1,1,시세,0.3333333333333333,0.7175167340768345,1.190491881789883,미트라 무조건 가야할까요?,크크올 크덱올 장갑,블랙빈 마크
담달,1,3,0,3,1,0,0,0,1,1,시세,0.3333333333333333,0.7175167340768345,1.190491881789883,챌섭 유입 템세팅 조언 질문드려요!,몽벨 인트추옵 시세..?,Mvp 질문좀
메포 메소,2,3,0,3,1,0,0,0,1,1,시세,0.3333333333333333,0.7175167340768345,1.190491881789883,메획 100 맞추는 거 필수인가요?,엄거래 메포로 월드이동해도 되려나요?,본섭에 탬을 챌섭으론 못 옮기죠?
메포 바꿔서,2,3,0,3,1,0,0,0,1,1,시세,0.3333333333333333,0.7175167340768345,1.190491881789883,본섭에 탬을 챌섭으론 못 옮기죠?,자석펫 사려고 하는데 질문이 있습니다 ㅠ,메포는 어디에 쓰는건가요?
사려면,1,3,0,3,1,0,0,0,1,1,시세,0.3333333333333333,0.7175167340768345,1.190491881789883,렌인데 보조랑 엠블렘 중 뭘 먼저 바꿔야할까요?,안녕하세요...메이플 시작 3주차인데..,보공 20퍼 달려있는 보조 사도 괜찮을까요?
선생님들께,1,3,0,3,1,0,0,0,1,1,시세,0.3333333333333333,0.7175167340768345,1.190491881789883,이번 모멘텀 패스 및 경험치 BM류 관련 질문입니다,어빌리티 재설정 질문 드립니다,추옵이 나왔는데 잠재값 이상 받을 수 있는 추옵인가요?
싸서,1,3,0,3,1,0,0,0,1,1,시세,0.3333333333333333,0.7175167340768345,1.190491881789883,이칼적 1인 vs 노칼적 2인 차이가 뭔가요,제네무기 질문드립니다,메이플 옥션 메포머임?
얼마일까요,1,3,0,3,1,0,0,0,1,1,시세,0.3333333333333333,0.7175167340768345,1.190491881789883,메쌤 도와줘요,에디 3줄만 보고 팔만 한가요?,법사 에테장갑 24성 시세가 얼마할까요?
여러개,1,3,0,3,1,0,0,0,1,1,시세,0.3333333333333333,0.7175167340768345,1.190491881789883,메린이 마도서 질문있습니다!,닉옮기기문의드려요,뉴비입니다 질문있습니다 (모르고 자게에 써서 다시 작성했습니다)
이렇게 3개가,2,3,0,3,1,0,0,0,1,1,시세,0.3333333333333333,0.7175167340768345,1.190491881789883,헤카테:스틱스 바인드 질문,메이플 슈퍼뉴비 어떻게 강화하는지 궁금합니다.,엠블럼 옵션 순위
이미 샀고,2,3,0,3,1,0,0,0,1,1,시세,0.3333333333333333,0.7175167340768345,1.190491881789883,지난주에 챌섭 시작한 뉴비인데 제네시스 패스 사도 되나요?,딱 5만원만 지른다면 뭐 살까요?,여명 18 21퍼 가격차이가 보통 얼마나 나나요?
준비해야,1,3,0,3,1,0,0,0,1,1,시세,0.3333333333333333,0.7175167340768345,1.190491881789883,카레잠 + 카유에잠 사면 얼마정도 되나요?,해방무기 남은 큐브 질문,메린이 템세팅 진로 질문드립니다 도와주세요
2개를,1,4,0,4,1,0,1,1,0,1,몬스터,0.25,0.4787674515359125,1.1899922000877268,형님들 메이플 id관련좀 알려주십숑,뉴비 아이템 셋팅 질문 두개만 부탁드립니다.,렌 카칼 질문드립니다.
그런걸까요,1,4,0,4,1,0,1,1,0,1,몬스터,0.25,0.4787674515359125,1.1899922000877268,"노말 세렌 여명 잘 넘기는 법 있나요,...?",환산 사이트 보스 효율컷 관련 질문,미트라가 압도적으로 지지받는 이유가 뭔지 알 수 있을까요?
블링크,1,4,0,5,1,0,1,1,0,1,몬스터,0.25,0.4787674515359125,1.1899922000877268,찐뉴비좀 도와줘!!(렙이 안올라!!),보마 검마 3페 사선 피하는 법 질문입니다.,뉴비 사고쳤는데 이럴때 어떻게해요 ? (보스 보상)
돼서,1,5,0,5,1,0,1,1,1,1,몬스터,0.2,0.3277320416626804,1.1894882291233029,뉴비 검마까지 방향성 조언좀....,메린이 플라즈마 하트 갖고싶어요,대적자 코인 어디에 쓸까요?
평타,1,4,0,5,1,1,0,2,0,0,직업,0.5,0.4766341863757126,1.1882755211746765,미트라 직작 손해일까요?,제논인데 하루시가 안잡혀요,미션 울티마 스토리 퀘
맞추면서,1,4,0,4,1,0,0,1,1,1,시세,0.25,0.4692580681651431,1.1823398190273333,템환 10만으로 가고싶습니다..,본캐 추천 부탁드리겠습니다....,이거 얼마 정도에 팔릴까요..?
할거면,1,4,0,4,1,0,0,1,1,1,시세,0.25,0.4692580681651431,1.1823398190273333,헥사스탯 그냥 바로바로 강화해도 되나요?,장문)챌섭에서 본캐 레테하고 있는 유저인데 템셋팅 고민입니다.,데티해방 목표 칼리 vs 카데나
극딜때,1,4,0,4,0,0,1,1,0,2,몬스터,0.25,0.46341319977819995,1.1776363426397665,배율20퍼차이나는데 딜이 똑같은데 뭐가문제일까요,진힐라 노말이랑 하드 차이 큰가요?,제로 온갖거 질문
넘어가고,1,4,0,4,0,0,1,1,0,2,몬스터,0.25,0.46341319977819995,1.1776363426397665,모험가 자전,검마 극딜 질문,어제부터 전투력이 200만 정도 널뛰기하는데 원인을 모르겠습니다..
스트레스,1,4,0,4,0,0,1,1,0,2,몬스터,0.25,0.46341319977819995,1.1776363426397665,렌이냐 제논이냐 그것이 문제로다..,초보 보스 공략하려면 환산주스탯 몇퍼정도부터 트라이하면 좋을까요?,렉 끊김현상 도와주실분..
오리진 극딜,2,4,0,4,0,0,1,1,0,2,몬스터,0.25,0.46341319977819995,1.1776363426397665,메이린 tab스킬 계속 들고 있을 수 있나요 ??,검마 팁좀,보스 들어가기 전에 허수치는거 일필?
11표,1,3,0,3,2,0,0,1,0,0,직업,0.3333333333333333,0.6961648147281728,1.175691859093815,291 메르 vs 281 레테 조언 부탁드립니당ㅠ,자석펫 밎추기 vs 드메풀 맞추기,낼 해방인데 대적자코인 맞는 사용법은 뭘까요
15퍼정도,1,3,0,3,2,0,0,1,0,0,직업,0.3333333333333333,0.6961648147281728,1.175691859093815,이번챌섭 유입 렌 하메 120퍼 만들고싶어요,챌섭에서 200레테로 카벨룸 어떻게 잡아야 할까요,렌 데미지가 제대로 안나오는데 왜그럴까?
2개가,1,3,0,3,2,0,0,1,0,0,직업,0.3333333333333333,0.6961648147281728,1.175691859093815,챌섭 챌린저 목표 템셋팅 관련 질문입니다.,렌 코어 강화 관련 질문,이벤링 아드템으로 끼고싶은데 도와주세요 ㅠ
4천만,1,3,0,3,2,0,0,1,0,0,직업,0.3333333333333333,0.6961648147281728,1.175691859093815,유챔 미리 등록해두면 좋은가요??,메소제한 관련 질문이 있습니다,"메린이 하드듄켈,진힐라에 막혔습니다 장비 고민.."
5마리,1,3,0,4,2,0,0,1,0,0,직업,0.3333333333333333,0.6961648147281728,1.175691859093815,챌섭>본섭 리프 (유챔x) 헥환 상승 큰가요?,보마 재획준비물좀 알려주실분,전시즌 유입 뉴비 질문드립니다
남겨주시면,1,3,0,3,2,0,0,1,0,0,직업,0.3333333333333333,0.6961648147281728,1.175691859093815,메이플 챌섭 뉴비 아이템 추가 스펙업 질문합니다!,챌뉴비 똥블렘 뽀록등업으로 인한 고민 도와주세요,나워 캔슬 팁이나 알려주실 분 계신가요?
남겨주시면 감사하겠습니다,2,3,0,3,2,0,0,1,0,0,직업,0.3333333333333333,0.6961648147281728,1.175691859093815,메이플 챌섭 뉴비 아이템 추가 스펙업 질문합니다!,챌뉴비 똥블렘 뽀록등업으로 인한 고민 도와주세요,나워 캔슬 팁이나 알려주실 분 계신가요?
뉴비이고,1,3,0,3,2,0,0,1,0,0,직업,0.3333333333333333,0.6961648147281728,1.175691859093815,챌섭 뉴비 방향성 조언 부탁드려요 메짱형님들,아버 끝나고 방어구,직업 선택 도와주세요
뉴비입니다 본섭,2,3,0,3,2,0,0,1,0,0,직업,0.3333333333333333,0.6961648147281728,1.175691859093815,챌섭 3만점 찍는데 얼마나걸려요??,"메린이 남은 대적자 큐브, 코인 어떻게 쓰는게 좋을까요?",뉴비 제네시스 패스 질문입니다.
돌리는데,1,3,0,3,2,0,0,1,0,0,직업,0.3333333333333333,0.6961648147281728,1.175691859093815,흙칠흑 18성인데 잠재질문드려요,2추 보공12퍼 vs 1추 뭐가 좋나요?,제논인데 하루시가 안잡혀요
되는대,1,3,0,3,2,0,0,1,0,0,직업,0.3333333333333333,0.6961648147281728,1.175691859093815,뉴비 제논 진로 방향 알려주실분,하드 메이린 잡고 싶은데 스펙업 방향을 알려주세요!,챌뉴비 칠흑방향성 질문드려요
되니,1,3,0,3,2,0,0,1,0,0,직업,0.3333333333333333,0.6961648147281728,1.175691859093815,뉴비인데 고민이 있어요 ㅠㅠㅠ,메린이 메획 + 주스텟 18 or 21퍼 어떰??,
똥블렘 레전,2,3,0,3,2,0,0,1,0,0,직업,0.3333333333333333,0.6961648147281728,1.175691859093815,유챔캐릭 미트라 꼭 껴야하나요?,똥블렘 vs 미트라 고민좀용 ㅠㅠㅠㅠㅠ,챌뉴비 똥블렘 뽀록등업으로 인한 고민 도와주세요
띄우기,1,3,0,3,2,0,0,1,0,0,직업,0.3333333333333333,0.6961648147281728,1.175691859093815,초저자본 메린이 첫 제네시스 잠재 질문,다음주 제네플 세렌 열리면,레테 메이플 뉴비 어빌리티 재설정 질문
모아야,1,3,0,3,2,0,0,1,0,0,직업,0.3333333333333333,0.6961648147281728,1.175691859093815,메짱이 선생님들 아버 이후에 질문있습니다. 17에테 VS 18아케인(+27여명),챌다신 아란 탬세팅이 궁금합니다,챌섭 육성중에 레전 큐브 질문 드려요!
박으면서,1,3,0,3,2,0,0,1,0,0,직업,0.3333333333333333,0.6961648147281728,1.175691859093815,보마 검마 3페 사선 피하는 법 질문입니다.,제네 해방하고 옵션 떴는데..한번만 봐주세요 ㅠ,(템세팅 조언) 템을 너무 중구난방으로 맞춰서 어디서부터 손봐야 할지 모르겠습니다. 도와주세요
보보방,1,3,0,3,2,0,0,1,0,0,직업,0.3333333333333333,0.6961648147281728,1.175691859093815,메쌤들 제네무기 잠재 선택 도와주세요,대적자코인 사용처 질문,보마 보조 질문
복귀해서 챌섭,2,3,0,3,2,0,0,1,0,0,직업,0.3333333333333333,0.6961648147281728,1.175691859093815,원본 초롱나비 로이드 얼마인가요?,안녕하세요 어웨이크 이후 거의 6년만에 복귀하는 메린이입니다,
본섭에,1,3,0,3,2,0,0,1,0,0,직업,0.3333333333333333,0.6961648147281728,1.175691859093815,헥환8만목표(노흉~노카 보스 솔격 )입니다.,레테 계속 밀까요? 나워 부캐 시작할까요?,일주일에 10시간 정도 사냥하면 드메템 굳이인가요
생기는거,1,3,0,3,2,0,0,1,0,0,직업,0.3333333333333333,0.6961648147281728,1.175691859093815,메린이 챌린저 달았는데 이제 세팅 뭐부터할까요?,제로 온갖거 질문,제네무기 잠재 질문입니다
스펙업일까요,1,3,0,3,2,0,0,1,0,0,직업,0.3333333333333333,0.6961648147281728,1.175691859093815,무자본 하드메이린 방향 추천 부탁드립니다.,렌 스펙업 고민,데벤져 컨티 3렙
싶은게,1,3,0,3,2,0,0,1,0,0,직업,0.3333333333333333,0.6961648147281728,1.175691859093815,미라클 대비 미트라 질문,메고수 형님들 뉴비 스펙업 도움,챌섭에서 285렙 2개 키우려고 하는 메린이 입니다! 질문 있습니다
썼습니다,1,3,0,3,2,0,0,1,0,0,직업,0.3333333333333333,0.6961648147281728,1.175691859093815,성님들 하드 메이린 목표하는 메린이 봐주십시오.,제네 플러스 어떻게 하는게 좋을까요,무보엠 보고 본캐점 골라주세요
씁니다,1,3,0,3,2,0,0,1,0,0,직업,0.3333333333333333,0.6961648147281728,1.175691859093815,메린이 렌 신규스킬 질문좀용,챌뉴비 똥블렘 뽀록등업으로 인한 고민 도와주세요,뉴비 듀블 레잠 질문입니다!
안가서,1,3,0,3,2,0,0,1,0,0,직업,0.3333333333333333,0.6961648147281728,1.175691859093815,본캐 키우는건 챌섭시즌이 무조건인가요,안녕하세요. 챌섭 뉴비 질문드립니다. 과금관련,
안녕하세여 챌섭,2,3,0,3,2,0,0,1,0,0,직업,0.3333333333333333,0.6961648147281728,1.175691859093815,본캐 추천 부탁드리겠습니다....,챌섭 유입 메린이 템 진로 고민입니다 !!,미라클 관련 질문 !
않은 상태인데,2,3,0,3,2,0,0,1,0,0,직업,0.3333333333333333,0.6961648147281728,1.175691859093815,뉴비 제네시스 무기 작 질문드립니다.,제네패스 플러스 블큐 vs 화에큐,메린이 첼섭 내실vs신직업
않은데,1,3,0,3,2,0,0,1,0,0,직업,0.3333333333333333,0.6961648147281728,1.175691859093815,무보엠 어떻게 해야할지 진로 좀 부탁드립니다..,진짜 진지해요 바이퍼 질문하나만 할게요 ㅜㅜ,챌패스 본섭으로 수출
역대급,1,3,0,3,2,0,0,1,0,0,직업,0.3333333333333333,0.6961648147281728,1.175691859093815,뉴비 검마까지 방향성 조언좀....,챌섭 메린이 템세팅 질문있습니다,안녕하세요 선생님들 메린이 스펙업 방향이 궁금합니다
열심히 키우고,2,3,0,3,2,0,0,1,0,0,직업,0.3333333333333333,0.6961648147281728,1.175691859093815,복귀유저 템세팅 질문드립니다.,뉴비 본캐 레테 보조와 템셋팅..,안녕하세요 어웨이크 이후 거의 6년만에 복귀하는 메린이입니다
의견 듣고,2,3,0,3,2,0,0,1,0,0,직업,0.3333333333333333,0.6961648147281728,1.175691859093815,챌섭 챌린저 목표 겸,메린이 스펙업 질문,이번 미라클에 미트라 직작 하는거 괜찮나요?
의견 듣고 싶습니다,3,3,0,3,2,0,0,1,0,0,직업,0.3333333333333333,0.6961648147281728,1.175691859093815,챌섭 챌린저 목표 겸,메린이 스펙업 질문,이번 미라클에 미트라 직작 하는거 괜찮나요?
이게 맞나,2,3,0,3,2,0,0,1,0,0,직업,0.3333333333333333,0.6961648147281728,1.175691859093815,자전 질문,템세팅 vs 다조구매,메린이 미라클에 메소 다 박았는데 조언좀..
이렇게 나왔는데,2,3,0,3,2,0,0,1,0,0,직업,0.3333333333333333,0.6961648147281728,1.175691859093815,에테상의 주문서첫작,메짱이분들 도와주세요,헥사 선데이 기다리는게 맞겠죠?
이리저리,1,3,0,3,2,0,0,1,0,0,직업,0.3333333333333333,0.6961648147281728,1.175691859093815,메린이 본캐 고민,챌섭 보상인 리스트레인트링을 실수로 버려버렸습니다,
익스우 솔플까지,2,3,0,3,2,0,0,1,0,0,직업,0.3333333333333333,0.6961648147281728,1.175691859093815,익스우 솔플 스펙업 질문,렌 스펙업 도움 부탁드려도 될까요?,지금 아케인 22성은 좀 뒤쳐졌을까
정하면,1,3,0,3,2,0,0,1,0,0,직업,0.3333333333333333,0.6961648147281728,1.175691859093815,스펙업 순서 질문좀여,레테 9만원 정도 현질해서 장신구 산다 치면,챌섭 메린이 듀블 템셋팅 질문있습니다
차례대,1,3,0,3,2,0,0,1,0,0,직업,0.3333333333333333,0.6961648147281728,1.175691859093815,렌 스펙업 고민,대적자 큐브 사용처 질문있습니다 !,보마 보조 좀 골라주세여ㅠㅠ
챌섭 하다,2,3,0,3,2,0,0,1,0,0,직업,0.3333333333333333,0.6961648147281728,1.175691859093815,복귀를 해볼까 하는데요! 조언 좀 부탁드리겠습니다ㅎㅎ,템 방향성 고민이 너무 됩니다,대적자 코인 어디에 쓸까요?
키우는중인데,1,3,0,3,2,0,0,1,0,0,직업,0.3333333333333333,0.6961648147281728,1.175691859093815,복귀 유저인게 템관련 문의여,잠재옵션 어떤걸 뽑아야하나요? 뉴비 도와주세요..ㅠ,유챔 국룰 직업 중에서요
팬텀입니다,1,3,0,3,2,0,0,1,0,0,직업,0.3333333333333333,0.6961648147281728,1.175691859093815,뉴비 검마까지 방향성 조언좀....,컨티4레벨 질문,챌린저 목표인데 보조를 방공공 사면 별로일까요?
하진,1,3,0,3,2,0,0,1,0,0,직업,0.3333333333333333,0.6961648147281728,1.175691859093815,지금의 조건으로 어느정도 맞춰야할까요 진로상담 부탁드립니다,뉴비 검마까지 방향성 조언좀....,메린이 제네시스 무기 질문해봅니다
해야할지 몰라서,2,3,0,3,2,0,0,1,0,0,직업,0.3333333333333333,0.6961648147281728,1.175691859093815,잠재옵션 어떤걸 뽑아야하나요? 뉴비 도와주세요..ㅠ,안녕하세요 오늘 검마잡고 제네작하는중인데 작관련 질문 좀 드릴께요!,뉴비 복귀 본캐 질문드립니다!
헷갈려서,1,3,0,3,2,0,0,1,0,0,직업,0.3333333333333333,0.6961648147281728,1.175691859093815,제로 온갖거 질문,챌섭 유입 메린이 다음주 하드메이린 잡게 해주세요,뉴비 반지 질문
후보,1,3,0,3,2,0,0,1,0,0,직업,0.3333333333333333,0.6961648147281728,1.175691859093815,해방무기 작 하는 거 질문,에스텔라 마이링 오글링 메짱의 선택은 뭘까요?,5.5 배메 본캐 바꾸려고 합니다.
1칸,1,3,0,3,0,0,1,0,0,2,몬스터,0.3333333333333333,0.6905281159169785,1.17178479720517,카링 3페 질문점요!,챌섭 뉴비 2가지 질문 (대적자+헥사순서),뉴비 챌린저하고 싶은데 바닥부터 진로상담 부탁드립니다
20분으로,1,3,0,3,0,0,1,0,0,2,몬스터,0.3333333333333333,0.6905281159169785,1.17178479720517,하드림보 클각 몇분안에 쳐야하나요?,부캐 검밑 시간대비 어떤가요,환산사이트 보스배율 질문입니다.
가능하다,1,3,0,3,0,0,1,0,0,2,몬스터,0.3333333333333333,0.6905281159169785,1.17178479720517,메린이 제네 패스 질문,[사전월드리프] 여러 서버로 이동 불가 관련 문구 문제,메린이 검마 솔격 가능함??
강화코어,1,3,0,3,0,0,1,0,0,2,몬스터,0.3333333333333333,0.6905281159169785,1.17178479720517,렌 카칼 질문드립니다.,헥사 2 보통 언제여시나요?,뉴비 솔 에르다 / 솔 에르다 조각 선택권 받을라 하는데 [답답함주의]
공략보고,1,3,0,3,0,0,1,0,0,2,몬스터,0.3333333333333333,0.6905281159169785,1.17178479720517,님들 저 메린인데 윌 1페 이거 버근가요?,보스 파티플레이 중 죽으면 아무 보상 못받나요?,전투력 2300만 보마인데 메이린 노멀 가능할까요??
기준 보스,2,3,0,3,0,0,1,0,0,2,몬스터,0.3333333333333333,0.6905281159169785,1.17178479720517,메소 버는법...?,챌린저스 달성 기준,뉴비 환산주스탯 보스 배율
리트,1,3,0,3,0,0,1,0,0,2,몬스터,0.3333333333333333,0.6905281159169785,1.17178479720517,보스 파티플 질문,메린이 노말세렌 이지칼로스 가능할꺼같음??,메린이 600억 메소 정도 스타드 할려는데 질문있어요!
박을까,1,3,0,3,0,0,1,0,0,2,몬스터,0.3333333333333333,0.6905281159169785,1.17178479720517,메이플용 PC 견적 뽑아봤는데용,1주차 메이린 고민이 있어여,메린이 고민좀
반복,1,3,0,5,0,0,1,0,0,2,몬스터,0.3333333333333333,0.6905281159169785,1.17178479720517,울티마 스쿼드 궁수 15렙 질문,메린이 컴퓨터 질문 드려도 되나요..?,레테 이지칼로스 패턴 질문
얼굴,1,3,0,3,0,0,1,0,0,2,몬스터,0.3333333333333333,0.6905281159169785,1.17178479720517,혹시 코잘알분들 있을까요?,예쁘게 생긴 소울 몬스터 누구 있나요,
종종,1,3,0,3,0,0,1,0,0,2,몬스터,0.3333333333333333,0.6905281159169785,1.17178479720517,뉴비 환산주스탯 보스 배율,윈10 프리징? 해결방법 아시는분..ㅠㅜ,데미지 스킨 얻는법
클리어 했는데,2,3,0,3,0,0,1,0,0,2,몬스터,0.3333333333333333,0.6905281159169785,1.17178479720517,대적자 3페 연습모드 여는 방법,메린이 하드 메이린까지 진로 상담 부탁드립니다.,진힐라 노말이랑 하드 차이 큰가요?
클리어했는데,1,3,0,3,0,0,1,0,0,2,몬스터,0.3333333333333333,0.6905281159169785,1.17178479720517,챌섭 레테 이지칼로스 104퍼,이지카링 많이 어렵나요?,일리움이 초반에 키네보다 체급이 구린가요?
거기서,1,4,0,4,0,0,0,1,1,2,시세,0.25,0.45394318693876323,1.170015643792253,유뇬작이랑 링크작하려는데,250물약 어디에 쓰는게 좋을지 질문,5년로아 접은 쌩뉴비 메이플 시작 질문
보나요,1,4,0,5,0,0,0,1,1,2,시세,0.25,0.45394318693876323,1.170015643792253,헥사 스탯 질문입니다,챌섭 미트라 사면 너무 바가지 인가요?,환산주스탯에서 헥사 볼 때 기운? 조각?
6마리,1,3,0,4,0,0,0,0,1,2,시세,0.3333333333333333,0.6823186011116962,1.1660943951641234,이거 얼마 정도에 팔릴까요..?,자석펫 4마리 이상쓰면 화면에 다 보이나요?,6 자석펫 질문
많고,1,3,0,3,0,0,0,0,1,2,시세,0.3333333333333333,0.6823186011116962,1.1660943951641234,"안녕하세요 메쌤, 메형님들 뉴비 질문 몇 가지만 해도 될까요?",복귀뉴비 챌섭 키우는데 리프할 서버 추천부탁드려요,뉴비입니다 질문있습니다 (모르고 자게에 써서 다시 작성했습니다)
모르겠네,1,3,0,3,0,0,0,0,1,2,시세,0.3333333333333333,0.6823186011116962,1.1660943951641234,님들 지금 크크장갑 사면 바보임?,챌섭 챌린저 메소 얼마나 들었어??,챌섭은 친구랑 즐길만한 것이 없을까?
모르니까,1,3,0,3,0,0,0,0,1,2,시세,0.3333333333333333,0.6823186011116962,1.1660943951641234,루나 크리스탈 키 평소 시세가 10억 쯤 될까요?,길드 분위기 알아보는 법...,누가 메이플 접는건 능지순이라 했는데...
보고 있는데,2,3,0,3,0,0,0,0,1,2,시세,0.3333333333333333,0.6823186011116962,1.1660943951641234,펫 아무거나 사도 되나요?,챌섭 미트라 사면 너무 바가지 인가요?,이게 무슨 소리인가요??
보고있는데,1,3,0,3,0,0,0,0,1,2,시세,0.3333333333333333,0.6823186011116962,1.1660943951641234,레테 보조 질문드립니다..,메린이) 시그너스 광휘 쌍레 4줄 시세 챌섭전에 얼마정도였나요?,환산주스텟
이러한,1,3,0,4,0,0,0,0,1,2,시세,0.3333333333333333,0.6823186011116962,1.1660943951641234,카레잠 카에유잠을 살려합니다,밑에 메린이 컴퓨터 질문한 사람입니다!,넥슨캐시 결제취소 질문드립니다.
접속해서,1,3,0,3,0,0,0,0,1,2,시세,0.3333333333333333,0.6823186011116962,1.1660943951641234,ㄹㅇㄸ 에서 메소사면 정지 먹나요..?,닉네임 옥션 질문입니다!,15일 이용 제한을 받았는데 사유가....
1개씩,1,3,0,3,1,0,0,1,0,1,직업,0.3333333333333333,0.6519120102008447,1.145018152403827,님들 링크 3렙 찬란한영웅의 증거 질문 있습니다,링크3렙 방법 알려주세용,뉴비 렌 이벤트링이랑 기타 등등 질문 있습니다
5개를,1,3,0,3,1,0,0,1,0,1,직업,0.3333333333333333,0.6519120102008447,1.145018152403827,솔 에르다 3개의 가치가 어느정도인가요?,유챔 세렌 질문,챌섭 코인샵 솔 에르다
갈까,1,3,0,4,1,0,0,1,0,1,직업,0.3333333333333333,0.6519120102008447,1.145018152403827,자전 질문,미트라 낀 상태에서 2칠흑 고민,스카니아 VS 크로아
건실하게,1,3,0,3,1,0,0,1,0,1,직업,0.3333333333333333,0.6519120102008447,1.145018152403827,이번 모멘텀 패스 및 경험치 BM류 관련 질문입니다,하드 메이린 잡고 싶은데 어딜 스펙업 해야할까요?,플래닛에서 처음 본메 넘어가는 뉴비 직업질문좀 드립니다!
겨울까지,1,3,0,3,1,0,0,1,0,1,직업,0.3333333333333333,0.6519120102008447,1.145018152403827,메린이 본캐 고민,선생님들이라면 이 예전 미해방 본캐 어케 처리하실건가요?,겨울에 제네패스 나오나요?
고정,1,3,0,3,1,0,0,1,0,1,직업,0.3333333333333333,0.6519120102008447,1.145018152403827,레테 카루타 템셋팅 질문드립니다 도와주세요,유챔 및 주보캐 레벨링 질문입니다!,연합 토큰 어떻게 얻나요?
공략글,1,3,0,3,1,0,0,1,0,1,직업,0.3333333333333333,0.6519120102008447,1.145018152403827,메린이 템진단 한번부탁드립니다.,레테 극딜 순서 질문,V메트릭스 코강 버그 관련
그런거,1,3,0,3,1,0,0,1,0,1,직업,0.3333333333333333,0.6519120102008447,1.145018152403827,지금 시작해도 괜찮을까요? + 직업 고민,대학생 유저 메이플 질문,지금 챌섭시작하기엔 늦음?
나와야,1,3,0,3,1,0,0,1,0,1,직업,0.3333333333333333,0.6519120102008447,1.145018152403827,보마 메이린 배율 질문있습니다 !,하세노칼 유챔컷 질문,무자본 메제유저 스펙업 훈수좀 부탁드립니다. (스펙상세첨부
남은 걸로,2,3,0,3,1,0,0,1,0,1,직업,0.3333333333333333,0.6519120102008447,1.145018152403827,유니온 계정 버리고 새로 키우는게 맞을까요 조언 부탁드립니다!,제네패스 플러스 대적자 코인은 어떻게 쓰나요?,심볼 현상금 주화 상점으로 땡기는건 별론가요?
놔두고,1,3,0,3,1,0,0,1,0,1,직업,0.3333333333333333,0.6519120102008447,1.145018152403827,이번 유입 메린이 제네무기 에디 미라클때 돌려야할까요,리프 관련,본캐 바꿀만한가요?
다른직업,1,3,0,3,1,0,0,1,0,1,직업,0.3333333333333333,0.6519120102008447,1.145018152403827,본섭에서 키웠던뉴비인데,루컨마 직작질문좀!!,형님들 챌섭캐릭 삭제하고싶습니다
다해서,1,3,0,3,1,0,0,1,0,1,직업,0.3333333333333333,0.6519120102008447,1.145018152403827,모멘텀 패스 첨사보는데 포인트가 왜 꽉 안차죠?,아이템 드롭율,노말 세렌 원래 빡센가요?
때려,1,3,0,3,1,0,0,1,0,1,직업,0.3333333333333333,0.6519120102008447,1.145018152403827,뉴비 검마까지 방향성 조언좀....,형님들 가엔슬 딜이 정말 안들어가는데 이유가 뭘까요?,챌섭에서 200레테로 카벨룸 어떻게 잡아야 할까요
때부터,1,3,0,3,1,0,0,1,0,1,직업,0.3333333333333333,0.6519120102008447,1.145018152403827,291 메르 vs 281 레테 조언 부탁드립니당ㅠ,메린이 지금 약간 막막한데..,거탐 및 돌아가는 화살표 룬 찍계 문의
렌에,1,3,0,3,1,0,0,1,0,1,직업,0.3333333333333333,0.6519120102008447,1.145018152403827,메린이 급해요,본캐 바꿀만한가요?,복귀 유저 본캐 템 질문 입니다(장비템먼저 vs 리레링 4렙 먼저)
마음 안들어서,2,3,0,3,1,0,0,1,0,1,직업,0.3333333333333333,0.6519120102008447,1.145018152403827,하이퍼버닝 캐릭 삭제 고민,안녕하세요 메린이 입니다,타오르는 환생을 불꽃 구매해도 ㄱㅊ 나요?
마찬가지,1,3,0,3,1,0,0,1,0,1,직업,0.3333333333333333,0.6519120102008447,1.145018152403827,챌섭 스펙업 방향성 알려주세요..!,레테 헥사코어,밑에 메린이 컴퓨터 질문한 사람입니다!
말이죠,1,3,0,3,1,0,0,1,0,1,직업,0.3333333333333333,0.6519120102008447,1.145018152403827,플라즈마 하트 스페어 질문,복귀를 해볼까 하는데요! 조언 좀 부탁드리겠습니다ㅎㅎ,넥슨링크 pc조작 오류 왜이럴까요
맞는데,1,3,0,3,1,0,0,1,0,1,직업,0.3333333333333333,0.6519120102008447,1.145018152403827,무기 이펙트 프리즘 이제 안파나요???,원래 명의이전을 해도 하버맥스 갱신이 안되나요?,레테랑 키네 본캐 고민중입니다!
맞아서,1,3,0,3,1,0,0,1,0,1,직업,0.3333333333333333,0.6519120102008447,1.145018152403827,보마 검마 3페 사선 피하는 법 질문입니다.,5석펫인데 스펙업 순서 추천 좀…,복귀 뉴비 템셋 질문
몇줄,1,3,0,3,1,0,0,1,0,1,직업,0.3333333333333333,0.6519120102008447,1.145018152403827,챌린저 하고 싶은데 여기서 무보엠 바꿔주면 되나요?,드랍셋,렌 보공
몰라서 그런데,2,3,0,3,1,0,0,1,0,1,직업,0.3333333333333333,0.6519120102008447,1.145018152403827,스인미 크오솔 쓰는 이유?,유챔 직업군별로 만들어야하나요??,레테 헥사 스텟
박아,1,3,0,4,1,0,0,1,0,1,직업,0.3333333333333333,0.6519120102008447,1.145018152403827,장신구 에디 에픽 2줄은 어떻게 만드는게 제일 좋나요?,본메 챌섭 하는데 궁금헌것좀..,제논 질문 있습니다
받았던,1,3,0,3,1,0,0,1,0,1,직업,0.3333333333333333,0.6519120102008447,1.145018152403827,챌린저스 뉴비 1200억 세팅 질문 드립니다.,안녕하세요 뉴비입니다 하버 렌 280까지 키웠는데 레테,마네킹 오류
상관 없을까요,2,3,0,3,1,0,0,1,0,1,직업,0.3333333333333333,0.6519120102008447,1.145018152403827,보공 과다 질문,뉴비입니다 메이플을 시작하고 해방퀘를 진행하는도중인데,안녕하세요 어웨이크 이후 거의 6년만에 복귀하는 메린이입니다
선택해서,1,3,0,3,1,0,0,1,0,1,직업,0.3333333333333333,0.6519120102008447,1.145018152403827,안녕하세요 메린이 입니다,닉네임 옥션 질문입니다!,교불 보조 무기 얻는 법 있을까요?
스펙인데,1,3,0,3,1,0,0,1,0,1,직업,0.3333333333333333,0.6519120102008447,1.145018152403827,챌섭 뉴비 하드메이린 잡고싶은데 스펙업 질문,밑에 메린이 컴퓨터 질문한 사람입니다!,하드 듄켈 팁 없을까요...
시절,1,3,0,3,1,0,0,1,0,1,직업,0.3333333333333333,0.6519120102008447,1.145018152403827,메짱 친구들아 뉴비 템 견적 어디까지 됨..?,검마 솔격 문의용,안녕하세요! 복귀 뉴비 직업 고민 선택 부탁드립니다.
싶음,1,3,0,4,1,0,0,1,0,1,직업,0.3333333333333333,0.6519120102008447,1.145018152403827,뉴비인데 고민이 있어요 ㅠㅠㅠ,챌섭 무자본 현실적 목표,뉴비 100억 어디에 쓰는게 현명할까요?
쓰니까,1,3,0,3,1,0,0,1,0,1,직업,0.3333333333333333,0.6519120102008447,1.145018152403827,솔 헤카테 스킬 질문입니다 !,(뉴비) 비숍 진힐라 잡을때 오버러드 마나 켜요?,데아시두스 vs 에스텔라
얻는거,1,3,0,3,1,0,0,1,0,1,직업,0.3333333333333333,0.6519120102008447,1.145018152403827,님들 링크 3렙 찬란한영웅의 증거 질문 있습니다,챌섭 3만점 찍는데 얼마나걸려요??,아이템 질문 하나만 드려도 될까요?
없긴,1,3,0,3,1,0,0,1,0,1,직업,0.3333333333333333,0.6519120102008447,1.145018152403827,환산 7~8만 목푠데 다음 메소를 어디다 써야 해야할까요?,285렙 주차 질문,유챔 미리 등록해두면 좋은가요??
연습하면,1,3,0,3,1,0,0,1,0,1,직업,0.3333333333333333,0.6519120102008447,1.145018152403827,메쌤들 현실적으로 챌 달성 가능한지 상태좀 봐줄수있나요,제네패스 잠재 위 아래 추천좀 부탁드립니다..,카데나 vs 제로
영웅 증거,2,3,0,3,1,0,0,1,0,1,직업,0.3333333333333333,0.6519120102008447,1.145018152403827,님들 링크 3렙 찬란한영웅의 증거 질문 있습니다,전투력 2억 뉴비 엔버 도와주세요,링크3렙 방법 알려주세용
오르는건가요,1,3,0,3,1,0,0,1,0,1,직업,0.3333333333333333,0.6519120102008447,1.145018152403827,팔라딘 파티배율 시너지 잘 아시는분,주흔 15% 작하려는데,솔에르다 드랍률 상향이면 조각도 포함인가요?
유니크 보공,2,3,0,4,1,0,0,1,0,1,직업,0.3333333333333333,0.6519120102008447,1.145018152403827,잠재 좀더 돌려야될까요?,어빌리티 질문드립니다.,레테 메이플 뉴비 어빌리티 재설정 질문
접속하고,1,3,0,3,1,0,0,1,0,1,직업,0.3333333333333333,0.6519120102008447,1.145018152403827,저 혹시 추천직업이나 서버있나요?,몬컬 보상 렙제...언제 생긴건가요?,15일 이용 제한을 받았는데 사유가....
좋아서,1,3,0,3,1,0,0,1,0,1,직업,0.3333333333333333,0.6519120102008447,1.145018152403827,미트라 판매 vs 들고가기 (메고수님들 도와주세요ㅠㅠ),291 메르 vs 281 레테 조언 부탁드립니당ㅠ,너무 궁금해서 질문
주고싶은데,1,3,0,3,1,0,0,1,0,1,직업,0.3333333333333333,0.6519120102008447,1.145018152403827,버닝 비욘드 캐릭을 리프시키면 다른 캐릭터에게 가능할까요?,본캐 키우는건 챌섭시즌이 무조건인가요,거래소에 언리미티드 훈장 파는거 가위계속되나요?
직업들,1,3,0,6,1,0,0,1,0,1,직업,0.3333333333333333,0.6519120102008447,1.145018152403827,챌 유입 제논 템셋팅 및 템업글 직작 조언 부탁드림다!,아직도 본캐를 못정한 유저 조언부탁드립니다,메린이 첼섭 내실vs신직업
질문3,1,3,0,3,1,0,0,1,0,1,직업,0.3333333333333333,0.6519120102008447,1.145018152403827,님들 링크 3렙 찬란한영웅의 증거 질문 있습니다,챌섭 복귀유저 렌 스펙업 훈수 부탁드립니다.,레테 극딜 순서 질문
쪽으,1,3,0,3,1,0,0,1,0,1,직업,0.3333333333333333,0.6519120102008447,1.145018152403827,헥환 7만 중반 ~ 8만 목표 레테 템세팅 조언 부탁드립니다.,고민!,성장 방향 좀 알려주세요
찍고 본섭,2,3,0,3,1,0,0,1,0,1,직업,0.3333333333333333,0.6519120102008447,1.145018152403827,복귀를 해볼까 하는데요! 조언 좀 부탁드리겠습니다ㅎㅎ,290 찍을꺼면 챌섭에 남는게 맞나요??,미트라 도적 시세 질문입니다
찬란한,1,3,0,3,1,0,0,1,0,1,직업,0.3333333333333333,0.6519120102008447,1.145018152403827,님들 링크 3렙 찬란한영웅의 증거 질문 있습니다,전투력 2억 뉴비 엔버 도와주세요,링크3렙 방법 알려주세용
찬란한 영웅,2,3,0,3,1,0,0,1,0,1,직업,0.3333333333333333,0.6519120102008447,1.145018152403827,님들 링크 3렙 찬란한영웅의 증거 질문 있습니다,전투력 2억 뉴비 엔버 도와주세요,링크3렙 방법 알려주세용
찬란한 영웅 증거,3,3,0,3,1,0,0,1,0,1,직업,0.3333333333333333,0.6519120102008447,1.145018152403827,님들 링크 3렙 찬란한영웅의 증거 질문 있습니다,전투력 2억 뉴비 엔버 도와주세요,링크3렙 방법 알려주세용
챌섭 제논,2,3,0,3,1,0,0,1,0,1,직업,0.3333333333333333,0.6519120102008447,1.145018152403827,메린이 템셋 질문,바인드 씹힘 질문,제논 시드링 질문입니다
챌섭 카데나,2,3,0,3,1,0,0,1,0,1,직업,0.3333333333333333,0.6519120102008447,1.145018152403827,메선생님들 미트라질문드립니다.,카데나 vs 제로,뉴비 질문 있습니다!! 링크 관련
챌섭까지,1,3,0,3,1,0,0,1,0,1,직업,0.3333333333333333,0.6519120102008447,1.145018152403827,헥환 4.5 이후 템셋팅 질문.,이번 챌섭이 본캐인데 진로상담 요청합니다!,본캐바꾸고싶은데 어떻게할까요
추천해주시,1,3,0,3,1,0,0,1,0,1,직업,0.3333333333333333,0.6519120102008447,1.145018152403827,복귀뉴비,저 혹시 추천직업이나 서버있나요?,4만 복귀 카이저 메린이
쿨감,1,3,0,4,1,0,0,1,0,1,직업,0.3333333333333333,0.6519120102008447,1.145018152403827,섀도어 뚝,[질문] 복귀 유저 아버 이후 에테르넬 17성 풀셋 질문,렌 오늘 들어오고 5초던데 쿨뚝 효율 좋은거 있나요?
클리어 했습니다,2,3,0,3,1,0,0,1,0,1,직업,0.3333333333333333,0.6519120102008447,1.145018152403827,챌린저 목표) 진로 설정 질문입니다.,이후 방향성 및 조언 부탁드립니다,카데나 vs 제로
키네시스 키우고,2,3,0,3,1,0,0,1,0,1,직업,0.3333333333333333,0.6519120102008447,1.145018152403827,메린이 제네시스 무기 질문해봅니다,링크3렙 질문있습니다,뉴비 질문있슴다
키우려고하는데,1,3,0,3,1,0,0,1,0,1,직업,0.3333333333333333,0.6519120102008447,1.145018152403827,뉴비 제논 진로 방향 알려주실분,이지카링돌이 세팅하려면...,뉴비) 아이디 생성관련
템환 헥환,2,3,0,3,1,0,0,1,0,1,직업,0.3333333333333333,0.6519120102008447,1.145018152403827,조각 사용처 질문합니다 ! (스펙업 관련),9만 본캐 스펙업 vs 부캐 스펙업 선택 도와주십셔,"섀도어 템환 7만 후반, 헥환 7만 초반 템세팅 질문"
하고싶,1,3,0,3,1,0,0,1,0,1,직업,0.3333333333333333,0.6519120102008447,1.145018152403827,레태 해방무기 대적자 큐브 질문,히어로 플위,메청년 메쌤 형님들 템셋팅 방향 조언 부탁드립니다.
할려고,1,3,0,3,1,0,0,1,0,1,직업,0.3333333333333333,0.6519120102008447,1.145018152403827,뉴비 검마까지 방향성 조언좀....,챌섭 뉴비 카레잠이랑 블큐 어디다 쓰는게 좋을까요?,본캐 육성 관련 질문
해보고싶은데,1,3,0,3,1,0,0,1,0,1,직업,0.3333333333333333,0.6519120102008447,1.145018152403827,18아케인에서 스팩업 질문 있습니다,검마 흔적만 먹으러가는 6인팟도 나오나요?,복귀를 해볼까 하는데요! 조언 좀 부탁드리겠습니다ㅎㅎ
해줘서,1,3,0,3,1,0,0,1,0,1,직업,0.3333333333333333,0.6519120102008447,1.145018152403827,본섭 깡통케릭들 유챔용으로 살릴만한가요?,부캐 육성,뉴비 해방이후 스펙업 방향성 검토 부탁드리겠습니다
힘들고,1,3,0,3,1,0,0,1,0,1,직업,0.3333333333333333,0.6519120102008447,1.145018152403827,291 메르 vs 281 레테 조언 부탁드립니당ㅠ,챌섭 메이린 제가 템셋 뭐 잘못한건가요? 아님 좀 빡센건가요?,마법사 아닌데 텔 쓰는 직업 누구 있나요??
없었는데,1,4,0,4,0,1,1,1,0,1,퀘스트,0.25,0.42059278368723585,1.1431779420982662,"메이플 캐릭변경, 캐시샵 튕김현상 제발 도와주세요",렌인데 하드 메이린 최소컷 질문,메이린 계속 5퍼정도 남는데 어캐 하면 잡을까요
있는거임,1,4,0,4,0,0,1,0,1,2,몬스터,0.25,0.4148097944668657,1.1385242610490354,님들 링크 3렙 찬란한영웅의 증거 질문 있습니다,캐시는 뭐 팔아야 됨?,챌섭에서 엔버링크 사용 ㄱㄴ?
그때까지,1,3,0,3,1,1,0,1,0,0,퀘스트,0.3333333333333333,0.6188403072364582,1.1220945947377465,솔 에르다 3개의 가치가 어느정도인가요?,복귀유저 직업 네개중에 뭐가 괜춘할까요?,메린이 챌섭 질문 드립니다 !
노말 진힐라까지,2,3,0,3,1,1,0,1,0,0,퀘스트,0.3333333333333333,0.6188403072364582,1.1220945947377465,검밑솔...,챌섭 패스만 다 사고 무과금으로,메이플 입문 뉴비 유튜브 보고 따라오긴 했는데 템세팅 앞으로
하드메이린 잡으면,2,3,0,3,1,1,0,1,0,0,퀘스트,0.3333333333333333,0.6188403072364582,1.1220945947377465,챌섭 뉴비 하드메이린 잡고싶은데 스펙업 질문,님들 282렙 86000점인데 챌 하려면,챌린저까지 진짜 코앞인데 가고싶어요
3번은,1,3,0,3,0,0,0,1,0,2,직업,0.3333333333333333,0.61294895204801,1.1180110184991965,메린이 100억으로 뭘해야될까요?,어빌이 조금 꼬였는데 조언 부탁드립니다,최근 메이플에서만 렉이 유ㅜ독 심합니다 살려주십셔
5만원,1,3,0,3,0,0,0,1,0,2,직업,0.3333333333333333,0.61294895204801,1.1180110184991965,모멘텀 패스 가치 있나요?,딱 5만원만 지른다면 뭐 살까요?,안녕하세요! 복귀 뉴비 직업 고민 선택 부탁드립니다.
7렙,1,3,0,3,0,0,0,1,0,2,직업,0.3333333333333333,0.61294895204801,1.1180110184991965,울티마스쿼드 43렙 어디서 자동사냥해요?,헥사스탯 썬데이때 갈아 엎어야 할까요?,헥사 2 보통 언제여시나요?
강화하는게,1,3,0,3,0,0,0,1,0,2,직업,0.3333333333333333,0.61294895204801,1.1180110184991965,솔 에르다 기운 어떻게 처리해야할까요,핵사환산과 환산,혹시 지금 시세에 에테리온 파는게 맞을까요?
까먹어서,1,3,0,3,0,0,0,1,0,2,직업,0.3333333333333333,0.61294895204801,1.1180110184991965,메린이 서버 고민입니다,복귀유저 직업 네개중에 뭐가 괜춘할까요?,저혹시 길스 대해 여쭤볼게있어서 ㅠㅠ
꾸역꾸역,1,3,0,3,0,0,0,1,0,2,직업,0.3333333333333333,0.61294895204801,1.1180110184991965,울티마 카오스 지역 사냥 질문,메린이 하이퍼버닝 질문있습니다!,노말 세렌 원래 빡센가요?
나가,1,3,0,3,0,0,0,1,0,2,직업,0.3333333333333333,0.61294895204801,1.1180110184991965,블래스터 매그팡도 안됨,저혹시 길스 대해 여쭤볼게있어서 ㅠㅠ,메린이 고민좀
나가거나,1,3,0,3,0,0,0,1,0,2,직업,0.3333333333333333,0.61294895204801,1.1180110184991965,몬파 메이플포인트로 할때 질문,블래스터 매그팡도 안됨,점프 한번만 눌렀는데 두번 눌리는 버그
누르고,1,3,0,3,0,0,0,1,0,2,직업,0.3333333333333333,0.61294895204801,1.1180110184991965,5석펫 사냥 팁이 있나요,최근 메이플에서만 렉이 유ㅜ독 심합니다 살려주십셔,썬콜은 점프하면서 스킬이 안나가나요?
다른 분들,2,3,0,5,0,0,0,1,0,2,직업,0.3333333333333333,0.61294895204801,1.1180110184991965,메린이 방향성이 잘못된걸까요? 현실조언 부탁드립니다,레테 극딜 순서 질문,전투력 2300만 보마인데 메이린 노멀 가능할까요??
다음 챌섭때,2,3,0,5,0,0,0,1,0,2,직업,0.3333333333333333,0.61294895204801,1.1180110184991965,본섭 깡통케릭들 유챔용으로 살릴만한가요?,뉴비인데 고민이 있어요 ㅠㅠㅠ,본캐 육성 관련 질문
더블점프,1,3,0,4,0,0,0,1,0,2,직업,0.3333333333333333,0.61294895204801,1.1180110184991965,보마 검마 3페 사선 피하는 법 질문입니다.,아직도 본캐를 못정한 유저 조언부탁드립니다,마법사 아닌데 텔 쓰는 직업 누구 있나요??
딜찍,1,3,0,3,0,0,0,1,0,2,직업,0.3333333333333333,0.61294895204801,1.1180110184991965,메린이 플라즈마 하트 갖고싶어요,291 메르 vs 281 레테 조언 부탁드립니당ㅠ,검마 6인 가도 되나요?
때마다,1,3,0,3,0,0,0,1,0,2,직업,0.3333333333333333,0.61294895204801,1.1180110184991965,카르시온 넘어왔는데 왜 사냥 메소가 줄었을까요?,레테 계속 밀까요? 나워 부캐 시작할까요?,하이퍼 스탯 꿀팁 부탁드립니다
맞춰놔서,1,3,0,3,0,0,0,1,0,2,직업,0.3333333333333333,0.61294895204801,1.1180110184991965,모험가 자전,유챔들 경험치 어떻게 주시나요?,요번 썬데이 챌썹따로 뭐 없나요 ㅠ
매크로,1,3,0,3,0,0,0,1,0,2,직업,0.3333333333333333,0.61294895204801,1.1180110184991965,블래스터 매그팡도 안됨,외부채팅창하면 깜빡깜빡,누가 메이플 접는건 능지순이라 했는데...
메르세데스,1,3,0,4,0,0,0,1,0,2,직업,0.3333333333333333,0.61294895204801,1.1180110184991965,메린이 유니온 질문있습니다,유니온 패시브 우선수위 질문좀,메린이 첼섭 내실vs신직업
메인 스탯,2,3,0,6,0,0,0,1,0,2,직업,0.3333333333333333,0.61294895204801,1.1180110184991965,레테 헥사 스텟 두 번째꺼 열었는데요 초기화 해야할까요??,헥사 스탯 초기화 해야 하나요?,메린이 헥사 스텟 질문 떡작했는데 궁금해요
못받고,1,3,0,3,0,0,0,1,0,2,직업,0.3333333333333333,0.61294895204801,1.1180110184991965,팔라딘 파티배율 시너지 잘 아시는분,보스 들어가기 전에 허수치는거 일필?,검마 배율 400퍼 나오는데
뭐에요,1,3,0,3,0,0,0,1,0,2,직업,0.3333333333333333,0.61294895204801,1.1180110184991965,울티마 스킬컨 하는법 뭔가요?,스인미 크오솔 쓰는 이유?,쿨 120촌데 시퀀스 쓰면 왜 140초대?
미리 유니온,2,3,0,3,0,0,0,1,0,2,직업,0.3333333333333333,0.61294895204801,1.1180110184991965,250 달성의 비약 질문드려요,메이플 새 계정 판 메린이인데여 유니온 질문입니당,지난주에 시작한 뉴비 질문 드려봅니디
사냥 보스,2,3,0,3,0,0,0,1,0,2,직업,0.3333333333333333,0.61294895204801,1.1180110184991965,법사 본캐 추천점요,컴고수 선생님들 게임이 계속 멈춥니다,컴고수님들 메린이 게임 멈춤 질문드립니다
삭제하고 다시,2,3,0,4,0,0,0,1,0,2,직업,0.3333333333333333,0.61294895204801,1.1180110184991965,하이퍼버닝 캐릭 삭제 고민,겨울에도 재네패스 하나요?,안녕하세요 메린이 입니다
상추,1,3,0,4,0,0,0,1,0,2,직업,0.3333333333333333,0.61294895204801,1.1180110184991965,어빌리티 질문드립니다.,어빌이 조금 꼬였는데 조언 부탁드립니다,어빌은 무조건 첫줄 열고 돌림?
스킬 강화,2,3,0,3,0,0,0,1,0,2,직업,0.3333333333333333,0.61294895204801,1.1180110184991965,형님 누님들 알려주세요 ㅠㅠ,하드 메이린 잡을라면 스펙 어떤걸 올려야 할까요?,환산주스탯 환산 뭘 봐야하는 건가요?
쓰게,1,3,0,3,0,0,0,1,0,2,직업,0.3333333333333333,0.61294895204801,1.1180110184991965,윈10 프리징? 해결방법 아시는분..ㅠㅜ,285찍으면 사냥 안해도 될까요?,안녕하세요! 복귀 뉴비 직업 고민 선택 부탁드립니다.
안들어서 삭제하고,2,3,0,3,0,0,0,1,0,2,직업,0.3333333333333333,0.61294895204801,1.1180110184991965,하이퍼버닝 캐릭 삭제 고민,겨울에도 재네패스 하나요?,안녕하세요 메린이 입니다
안들어서 삭제하고 다시,3,3,0,3,0,0,0,1,0,2,직업,0.3333333333333333,0.61294895204801,1.1180110184991965,하이퍼버닝 캐릭 삭제 고민,겨울에도 재네패스 하나요?,안녕하세요 메린이 입니다
어렵게,1,3,0,3,0,0,0,1,0,2,직업,0.3333333333333333,0.61294895204801,1.1180110184991965,뉴비 검마까지 방향성 조언좀....,울티마 스쿼드 코인샵 본섭 실수,카이 공략 질문
저랑,1,3,0,3,0,0,0,1,0,2,직업,0.3333333333333333,0.61294895204801,1.1180110184991965,점프 한번만 눌렀는데 두번 눌리는 버그,검마 2인 이정도면 갈만할까요?,투력과 스공 중에 뭘 중점적으로 봐야 하나요?
제네시스 패스 사면,3,3,0,3,0,0,0,1,0,2,직업,0.3333333333333333,0.61294895204801,1.1180110184991965,뉴비 질문있습니다,뉴비입니다!! 질문있습니다,제네시스 패스 질문
제네시스 패스까지,2,3,0,3,0,0,0,1,0,2,직업,0.3333333333333333,0.61294895204801,1.1180110184991965,메린이 템 셋팅 질문!!,형님들 조언좀 부탁드립니다,도와주세요 전투력 2100만까지 올렸는데도
제자리,1,3,0,4,0,0,0,1,0,2,직업,0.3333333333333333,0.61294895204801,1.1180110184991965,동전꼽기가 운영정책 위반인지 여부,2분 설치기 직업,20누스 5석펫 질문
주력기,1,3,0,4,0,0,0,1,0,2,직업,0.3333333333333333,0.61294895204801,1.1180110184991965,5석펫 사냥 팁이 있나요,사냥 관련 질문,렌 코강 궁금한게 있어요
찍히는데,1,3,0,3,0,0,0,1,0,2,직업,0.3333333333333333,0.61294895204801,1.1180110184991965,팔라딘 파티배율 시너지 잘 아시는분,하드메이린 285찍으면 배율도 오르죠?,상위? 중상위? 보스 팟격 어떻게 구하시나요들
초기화하고,1,3,0,3,0,0,0,1,0,2,직업,0.3333333333333333,0.61294895204801,1.1180110184991965,저 지금 방금 막 헥사 떡작했는데..,메린이 헥사스텟 질문드립니다,메린이 헥사 스텟 질문 떡작했는데 궁금해요
키우고싶어서,1,3,0,4,0,0,0,1,0,2,직업,0.3333333333333333,0.61294895204801,1.1180110184991965,본섭에서 키웠던뉴비인데,혹시 나중에 이벤트로 버닝캐 한마리 더 줄수도있나요?,뉴비 유챔용 직업 키워보려는데 라라 vs 일리움 vs 배메 세개중 추천좀여
키우던거,1,3,0,4,0,0,0,1,0,2,직업,0.3333333333333333,0.61294895204801,1.1180110184991965,본섭 유니온 질문있습니다,캐릭터 삭제,복귀는 무조건 챌섭이야?
키울지,1,3,0,5,0,0,0,1,0,2,직업,0.3333333333333333,0.61294895204801,1.1180110184991965,챌섭에서 테라버닝 주는게 최대 4개맞죠?,챌섭에서 285렙 2개 키우려고 하는 메린이 입니다! 질문 있습니다,겨울에 제네패스 나오나요?
필수라,1,3,0,3,0,0,0,1,0,2,직업,0.3333333333333333,0.61294895204801,1.1180110184991965,메이플 쌩뉴비 질문드려요...,뉴비 수로 질문드립니다.,메린이 첼섭 내실vs신직업
하길래,1,3,0,3,0,0,0,1,0,2,직업,0.3333333333333333,0.61294895204801,1.1180110184991965,챌섭에서 테라버닝 주는게 최대 4개맞죠?,신규 6차 스킬 질문잇는데여,250물약 어디에 쓰는게 좋을지 질문
하나 없는데,2,3,0,3,0,0,0,1,0,2,직업,0.3333333333333333,0.61294895204801,1.1180110184991965,챌섭 환산 차이,형님 누님들 알려주세요 ㅠㅠ,뉴비 메획템 어떻게 구해야할까요?
헥사코어 순서,2,3,0,3,0,0,0,1,0,2,직업,0.3333333333333333,0.61294895204801,1.1180110184991965,레테 헥사코어,님들 조각 파는게 좋음?,환산주스탯 질문
효율 좋은가요,2,3,0,3,0,0,0,1,0,2,직업,0.3333333333333333,0.61294895204801,1.1180110184991965,템환 6.4 헥환 5.3 캐릭 버리려고하는데요,챌린저스 패스 vs 제네패스 플러스,챌린저스 섭 연금술 명장 찍기 팁좀 주심안될까여
다른 캐릭,2,3,0,3,0,1,0,1,0,1,퀘스트,0.3333333333333333,0.6005193673575421,1.1093954869154676,유챔 미리 등록해두면 좋은가요??,유챔 관련 질문이 있습니다,레테 퀘스트 문의
안보이는데,1,3,0,3,0,1,0,1,0,1,퀘스트,0.3333333333333333,0.6005193673575421,1.1093954869154676,1년전 렌 처음 나올때 했었는데 뒤에 짐짝 없애는 방법 좀 알려주세요 ㅠ,와헌 뉴비 스킬코어 질문,레테 영메스킬은 어떻게 배우나요?
없는것,1,3,0,3,0,0,0,2,1,0,직업,0.6666666666666666,0.595903379670859,1.1061959280649438,보조무기 매물을 더 찾고 싶습니다,본섭 유기캐 본캐로 키우기.,
기다려야할까요,1,3,0,3,0,0,1,2,0,0,직업,0.6666666666666666,0.5866861557381534,1.0998070352833993,메린이 본캐 고민,앞으로 뭘 건드리는게 좋을까요 ?,메이플 한번도 안해본 뉴비 오늘부터 시작해도되나요?
쳤는데,1,3,0,3,0,0,1,2,0,0,직업,0.6666666666666666,0.5866861557381534,1.0998070352833993,렌 검마 배율대로 안쳐지는데 문제있는건가요?,보마 하드메이린 연모배율 103.6퍼에 어센트 2번봤는데 3.8퍼 남으면 최종뎀 얼마나 올려야할까요???,제논인데 하루시가 안잡혀요
쿨이,1,3,0,3,0,0,1,2,0,0,직업,0.6666666666666666,0.5866861557381534,1.0998070352833993,검마 3페 질문,제논 아버 뚝,제논 고수분들 도와주십셔ㅜ
103퍼,1,3,0,3,2,0,0,0,0,1,아이템,0.6666666666666666,0.5802430494260673,1.095341014309129,배율20퍼차이나는데 딜이 똑같은데 뭐가문제일까요,"스펙 업 질문, 훈수 환영",메이린 배율 96퍼에서 5퍼 끌어올리고 싶은데
10개,1,3,0,3,2,0,0,0,0,1,아이템,0.6666666666666666,0.5802430494260673,1.095341014309129,MVP작 할 때 질문,성님들 하드 메이린 목표하는 메린이 봐주십시오.,"연마석 10개쓰고 리컨4렙인데, 다음 도전 몇개할지 냉철한 판단 좀여"
140제,1,3,0,3,2,0,0,0,0,1,아이템,0.6666666666666666,0.5802430494260673,1.095341014309129,펜던트 토드 질문있습니다..,에디에픽2줄 이거 가능한걸까요.. ?!?,17성 140제에 바르기엔 좀 아깝지않나요?
16억,1,3,0,4,2,0,0,0,0,1,아이템,0.6666666666666666,0.5802430494260673,1.095341014309129,경매장 낱개로 구매가 안돼요...,보조 구매 질문있습니다,여명셋 지금 많이 올랐나요? 템셋팅 알려주십쇼 ㅠㅠㅠ
1부위씩,1,3,0,4,2,0,0,0,0,1,아이템,0.6666666666666666,0.5802430494260673,1.095341014309129,18아케인에서 스팩업 질문,노칼 딜배율 200% 목표 / 18에테 교체 순서 및 칠흑·엠블 문의,풀드메 세팅 질문점요
20만원,1,3,0,3,2,0,0,0,0,1,아이템,0.6666666666666666,0.5802430494260673,1.095341014309129,챌린저스 서버 캐릭터 육성 질문,MVP 레드 달아주는게 좋을까요?,복귀뉴비 5석펫 개오바겠죠?
2시간정도,1,3,0,3,2,0,0,0,0,1,아이템,0.6666666666666666,0.5802430494260673,1.095341014309129,챌섭 유입 뉴비 질문 하나만 드립니다.,메뉴비 30만원으로 드메 세팅 맞추는 법,복귀유저 챌섭 질문드립니다
300개,1,3,0,3,2,0,0,0,0,1,아이템,0.6666666666666666,0.5802430494260673,1.095341014309129,하드메이린 목표 템셋 좀 봐주세요 ㅠㅠ,안녕하세요 쌩뉴비입니다 오늘 제네시스 해방했는데 한번만 봐주세요 ㅠㅠㅠㅠ,챌섭 메이린 제가 템셋 뭐 잘못한건가요? 아님 좀 빡센건가요?
3300만,1,3,0,3,2,0,0,0,0,1,아이템,0.6666666666666666,0.5802430494260673,1.095341014309129,환산주스텟 추가스펙 시뮬 질문있습니다,뉴비 100억 메소 살 예정인데,갑자기 메소가 생겼는데 챌섭 뉴비 템세팅 질문입니다
3줄이,1,3,0,3,2,0,0,0,0,1,아이템,0.6666666666666666,0.5802430494260673,1.095341014309129,제네 플러스 코인 뭐돌릴까요?,1억 2천만 아란 엠블렘 조언 구합니다,미트라 무조건 가야할까요?
3페를,1,3,0,3,2,0,0,0,0,1,아이템,0.6666666666666666,0.5802430494260673,1.095341014309129,대적자 3페 연습모드 여는 방법,해방 / 보스도전 질문이요,조각 안파는 챌썹 메린이 템 진로좀!!
4.8,1,3,0,3,2,0,0,0,0,1,아이템,0.6666666666666666,0.5802430494260673,1.095341014309129,보공 과다 질문,챌섭 컨티4렙vs 도미 18성 21퍼 뭐 먼저살까요?,지금 상태로 듄슬윌 중 뭐가 제일 쉬움?
5석,1,3,0,3,2,0,0,0,0,1,아이템,0.6666666666666666,0.5802430494260673,1.095341014309129,코디충의 희대의 자석펫 고민입니다.,5석펫 질문 있습니다..,6 자석펫 질문
6년,1,3,0,3,2,0,0,0,0,1,아이템,0.6666666666666666,0.5802430494260673,1.095341014309129,지금 복귀타이밍 너무 늦지 않았나..,복귀 뉴비인데 챌린저스에서 장신구 직작 해도 되나요?,드메템 지금은 비싼건가요??
80개,1,3,0,3,2,0,0,0,0,1,아이템,0.6666666666666666,0.5802430494260673,1.095341014309129,보스 코인 질문이요,부티크 관련 질문입니다,블큐가많이남아서 에테 한부위 직작하려는데 부위추천가능할까여
966이,1,3,0,3,2,0,0,0,0,1,아이템,0.6666666666666666,0.5802430494260673,1.095341014309129,에디천장 질문있습니다.,뉴비 질문있슴다,레전 잠재 하트 말고 어디에 쓸까요?
exp,1,3,0,3,2,0,0,0,0,1,아이템,0.6666666666666666,0.5802430494260673,1.095341014309129,"안녕하세요 메쌤, 메형님들 뉴비 질문 몇 가지만 해도 될까요?",챌섭 메린이 스펙업 질문 있습니다!,챌린저스 패스 경험치 획득 순서
int,1,3,0,15,2,0,0,0,0,1,아이템,0.6666666666666666,0.5802430494260673,1.095341014309129,메린이 템 셋팅 질문!!,챌섭 누비 검환불 질문좀용,여명셋 지금 많이 올랐나요? 템셋팅 알려주십쇼 ㅠㅠㅠ
가야하나요,1,3,0,3,2,0,0,0,0,1,아이템,0.6666666666666666,0.5802430494260673,1.095341014309129,첼섭뉴비 2칠흑 맞추고싶은데 고근갈까요?,나린 지역 가는법 알려주세요,앞으로의 방향
가엔링 17성,2,3,0,3,2,0,0,0,0,1,아이템,0.6666666666666666,0.5802430494260673,1.095341014309129,데벤져 컨티 3렙,템 업그레이드 질문!!!,챌섭 뉴비 이번 선데이 질문 몇개만 답장 해주실분!
가정하,1,3,0,3,2,0,0,0,0,1,아이템,0.6666666666666666,0.5802430494260673,1.095341014309129,도전자 vs 17에테 7셋,카룻을 갈까요 에테를 갈까요?,요즘 이지카링 이하
가져와서,1,3,0,3,2,0,0,0,0,1,아이템,0.6666666666666666,0.5802430494260673,1.095341014309129,챌섭 환산 차이,챌섭 챌린저 목표 겸,본섭 7만 중후반 주차 후 챌섭 갈아타는 게 맞을까요?
간다,1,3,0,4,2,0,0,0,0,1,아이템,0.6666666666666666,0.5802430494260673,1.095341014309129,뉴비 내일 이면 제네무기 얻는데 에디셔널 문의,헥환 7만 후반대인 분들은 거의 다 상위보스 3인격 가시나요?,챌섭 챌린저 목표인데...
감사할,1,3,0,3,2,0,0,0,0,1,아이템,0.6666666666666666,0.5802430494260673,1.095341014309129,메린이 에디 레전 천장 어떻게 하는게 좋을까요,챌섭 호영 템셋 질문,스펙한번만 봐주세요 ㅠㅠ
같아서 고민됩니다,2,3,0,3,2,0,0,0,0,1,아이템,0.6666666666666666,0.5802430494260673,1.095341014309129,드메부터 맞출지 스펙을 올릴지 추천좀 해주세요,아버 대체 아케인 직작 or 완제구매,심볼 현상금 주화 상점으로 땡기는건 별론가요?
같은걸,1,3,0,3,2,0,0,0,0,1,아이템,0.6666666666666666,0.5802430494260673,1.095341014309129,챌 유입 제논 템셋팅 및 템업글 직작 조언 부탁드림다!,3주늦은뉴비 템진로 훈수 제발 부탁드립니다,명의분리 관련 아시는 분 계신가요..?
거공 18성,2,3,0,3,2,0,0,0,0,1,아이템,0.6666666666666666,0.5802430494260673,1.095341014309129,스펙업 질문,챌섭 하메 템진로 질문 있습니다!,복귀 뉴비 템셋 질문
건드리고,1,3,0,3,2,0,0,0,0,1,아이템,0.6666666666666666,0.5802430494260673,1.095341014309129,환산 7~8만 목푠데 다음 메소를 어디다 써야 해야할까요?,메이플 좀 켜두면 생기는 잔렉? 프레임드랍? 해결방법 있을까요..,템세팅 진로좀 부탁드립니다
것만,1,3,0,3,2,0,0,0,0,1,아이템,0.6666666666666666,0.5802430494260673,1.095341014309129,챌섭 호영 템셋 질문,5석펫 효과도 사용횟수 제한이있나요??,템사기 vs 6차업글 도 환산 사이트보고 하면 되나요?
결정,1,3,0,3,2,0,0,0,0,1,아이템,0.6666666666666666,0.5802430494260673,1.095341014309129,장문)챌섭에서 본캐 레테하고 있는 유저인데 템셋팅 고민입니다.,챌섭 유입 메린이 템 진단좀 부탁드려요,뉴비 솔 에르다 / 솔 에르다 조각 선택권 받을라 하는데 [답답함주의]
고려해,1,3,0,3,2,0,0,0,0,1,아이템,0.6666666666666666,0.5802430494260673,1.095341014309129,메이린 배율관련 질문드립니다 저 진짜 정리 잘해놨어요 함만 봐주세요 ㅠㅠ,노칼 딜배율 200% 목표 / 18에테 교체 순서 및 칠흑·엠블 문의,"에테 17을 직작하는거보다 사와서 샤타포스때 18,19++ 로 점진적 성장하는건 별론가요?"
고민이됩니다,1,3,0,3,2,0,0,0,0,1,아이템,0.6666666666666666,0.5802430494260673,1.095341014309129,데티목표입니다 조각 템펙업 고민입니다,에테장갑 17>18 파방하시나여?,대적자코인 조언부탁드려용
고민입니당,1,3,0,3,2,0,0,0,0,1,아이템,0.6666666666666666,0.5802430494260673,1.095341014309129,메린이 급해요,돈좀쓴것 같은데 안쎼져서 고민입니다 ㅠ,메린이 쿨뚝 질문좀요
고민했는데,1,3,0,4,2,0,0,0,0,1,아이템,0.6666666666666666,0.5802430494260673,1.095341014309129,챌린저 하고 싶은데 여기서 무보엠 바꿔주면 되나요?,유챔 질문,레전 천장 어디다 써야할까요
공18,1,3,0,3,2,0,0,0,0,1,아이템,0.6666666666666666,0.5802430494260673,1.095341014309129,미트라 갈아타기 질문점요,메린이 도움 부탁드립니다 보마 300억 템세팅,렌 어빌 질문입니다.
괜찮은데,1,3,0,3,2,0,0,0,0,1,아이템,0.6666666666666666,0.5802430494260673,1.095341014309129,아스트라 보조 질문입니다,아버 대체 준비 질문,캐시샵 들어가는게 엄청 오래걸리는데 해결법 아시는분 계신가요
구입,1,3,0,4,2,0,0,0,0,1,아이템,0.6666666666666666,0.5802430494260673,1.095341014309129,부티크 티켓은 어느 타이밍에 사는게 좋을까요?,뉴비 레잠 질문드려요!,챌섭 질문있어요
궁금한 점이,2,3,0,3,2,0,0,0,0,1,아이템,0.6666666666666666,0.5802430494260673,1.095341014309129,에테 스타포스 할만한지 아니면 사먹는게 나은지 궁금합니다.,챌섭 쌩뉴비 여러 가지 질문 드립니다 !,메린이 챌섭 템세팅 질문
그돈,1,3,0,3,2,0,0,0,0,1,아이템,0.6666666666666666,0.5802430494260673,1.095341014309129,이번 챌섭이 본캐인데 진로상담 요청합니다!,보조 살지말지 고민,안녕하세요 시즌4 유입 메린이입니다. 템세팅때문에 고민이 있어요 ㅠㅠ 도와주세요..!!!
글고,1,3,0,3,2,0,0,0,0,1,아이템,0.6666666666666666,0.5802430494260673,1.095341014309129,메쌤들 현실적으로 챌 달성 가능한지 상태좀 봐줄수있나요,챌린저스 스트라이커 템셋팅,메린이 쿨뚝 질문좀요
글에,1,3,0,3,2,0,0,0,0,1,아이템,0.6666666666666666,0.5802430494260673,1.095341014309129,여명보장은 추옵 얼만큼 써야되는건가요?,"방어구, 장신구 템셋 훈수 부탁드립니다 (글삭X)",뉴비는 챌섭에서 방어구나 장신구 어떻게 맞춰야 하나요?
기다려서,1,3,0,3,2,0,0,0,0,1,아이템,0.6666666666666666,0.5802430494260673,1.095341014309129,미트라 에디 직작 질문,원래 명의이전을 해도 하버맥스 갱신이 안되나요?,제네패스 플러스 대적자 코인은 어떻게 쓰나요?
끝나,1,3,0,3,2,0,0,0,0,1,아이템,0.6666666666666666,0.5802430494260673,1.095341014309129,챌섭 200제 강화권 사용처 질문드립니다,형님들 질문 있습니다.,메린이 엠블렘 질문
끼지,1,3,0,3,2,0,0,0,0,1,아이템,0.6666666666666666,0.5802430494260673,1.095341014309129,메소로 잠재 돌리다가 옵션 잘못눌렀는데,챌섭 보상인 리스트레인트링을 실수로 버려버렸습니다,
나갔다,1,3,0,3,2,0,0,0,0,1,아이템,0.6666666666666666,0.5802430494260673,1.095341014309129,화면깨짐 현상 이거 어케 고치나요,챌섭 보상인 리스트레인트링을 실수로 버려버렸습니다,
나온다는데,1,3,0,3,2,0,0,0,0,1,아이템,0.6666666666666666,0.5802430494260673,1.095341014309129,모멘텀 패스 경혐치량 질문,챌섭 하메 포기해야 될까요?,장신구 셋옵 질문!!
나을까,1,3,0,3,2,0,0,0,0,1,아이템,0.6666666666666666,0.5802430494260673,1.095341014309129,카르마 에디 유니크 천장 어디에 쓸까요,드메 vs 스펙업,형님들 제네해방 흔적 질문좀...ㅠ
날리고,1,3,0,3,2,0,0,0,0,1,아이템,0.6666666666666666,0.5802430494260673,1.095341014309129,"메린이 남은 대적자 큐브, 코인 어떻게 쓰는게 좋을까요?",하이퍼버닝 계정 탈퇴 후 재가입 해도 불가 재참여 방법 질문,드메링(재획용)과 스탯링(보스용)을 어떻게 세팅 해야하는지 궁금합니다.
낫다,1,3,0,3,2,0,0,0,0,1,아이템,0.6666666666666666,0.5802430494260673,1.095341014309129,메이플 그래픽설정 의견주시면 감사하겠습니다.,제네무기 추옵 뭐 고를지 추천 부탁드립니더,카레잠 블랙 보조에 발라도 되나요?
낮다고,1,3,0,3,2,0,0,0,0,1,아이템,0.6666666666666666,0.5802430494260673,1.095341014309129,잠재옵션 어떤걸 뽑아야하나요? 뉴비 도와주세요..ㅠ,아직도 본캐를 못정한 유저 조언부탁드립니다,"에테 17을 직작하는거보다 사와서 샤타포스때 18,19++ 로 점진적 성장하는건 별론가요?"
내고,1,3,0,3,2,0,0,0,0,1,아이템,0.6666666666666666,0.5802430494260673,1.095341014309129,안녕하세요 메린이인데 질문있습니다.,본섭에 탬을 챌섭으론 못 옮기죠?,형들 이거 살만할까?
노리는데,1,3,0,3,2,0,0,0,0,1,아이템,0.6666666666666666,0.5802430494260673,1.095341014309129,챌섭 메린이 하메를 위한 템셋팅 조언 부탁드립니다!,메린이 해방무기 재화 사용 질문,메린이 급해요
노말 메이린까지,2,3,0,3,2,0,0,0,0,1,아이템,0.6666666666666666,0.5802430494260673,1.095341014309129,카레잠을 팔아서 보조를 사야할까요??,환산 스탯 기준 100% 넘으면 잡을만 한건가요?,뉴비 스펙업 뭐해야할지 모르겠어요
노말스우,1,3,0,3,2,0,0,0,0,1,아이템,0.6666666666666666,0.5802430494260673,1.095341014309129,3일차 뭐해야할지 모르겠어요 메쌤들 좀 도와주세요,안녕하세요. 챌섭 뉴비 질문드립니다. 과금관련,
님들이라면,1,3,0,3,2,0,0,0,0,1,아이템,0.6666666666666666,0.5802430494260673,1.095341014309129,놀긍 파풀마 너무 잘붙었는데요,무보엠 어떻게 해야할지 진로 좀 부탁드립니다..,1석펫 > 2석펫 / (현재 1버섯) 버섯 or 빨강이 뭐할까
다다음주,1,3,0,3,2,0,0,0,0,1,아이템,0.6666666666666666,0.5802430494260673,1.095341014309129,미라클 타임.. 엠블 vs 하트,모험가 22성 나오면 18둘둘로 하드 메이린 가능할까요?,mvp 질문해요!
다른 스펙업,2,3,0,3,2,0,0,0,0,1,아이템,0.6666666666666666,0.5802430494260673,1.095341014309129,이번 유입 메린이 제네무기 에디 미라클때 돌려야할까요,아버 대체 준비 질문,환산주스탯 질문
다른 좋은,2,3,0,3,2,0,0,0,0,1,아이템,0.6666666666666666,0.5802430494260673,1.095341014309129,형님들 뉴비 드메템 사려는데 같이봐줄수있을까,메린이 여기서 막힘..도와주세여,유니온 패시브 우선수위 질문좀
다른걸,1,3,0,3,2,0,0,0,0,1,아이템,0.6666666666666666,0.5802430494260673,1.095341014309129,챌섭 뉴비 한번만 도와주십쇼 선생님들ㅠ,데브펜 가엔링 966 깡통 사려는데 괜찮을까요?,메린이 하이퍼버닝 질문있습니다!
단기,1,3,0,3,2,0,0,0,0,1,아이템,0.6666666666666666,0.5802430494260673,1.095341014309129,헥환 7만 중반 ~ 8만 목표 레테 템세팅 조언 부탁드립니다.,(템세팅 조언) 템을 너무 중구난방으로 맞춰서 어디서부터 손봐야 할지 모르겠습니다. 도와주세요,연합 토큰 어떻게 얻나요?
달성할,1,3,0,3,2,0,0,0,0,1,아이템,0.6666666666666666,0.5802430494260673,1.095341014309129,챌섭 블큐 화에큐 사용처 및 챌 달성 질문,지난주에 챌섭 시작한 뉴비인데 제네시스 패스 사도 되나요?,아버 하버 다 놓친 후발대인데..
대강,1,3,0,3,2,0,0,0,0,1,아이템,0.6666666666666666,0.5802430494260673,1.095341014309129,헥환 7~9만 템셋 비용 얼마나 될까요? (궁수),챌섭 챌린저 메소 얼마나 들었어??,잠재에 맞는 별 갯수 좀 정해주십사 (얘는 몇 성급인가)
데브 가엔링,2,3,0,3,2,0,0,0,0,1,아이템,0.6666666666666666,0.5802430494260673,1.095341014309129,별 누르기vs언컨 구매,"뉴비 악세 뭐 사야되는지 알려줄 선생님,,",여명셋 17~18 파방
도움 부탁드려요,2,3,0,3,2,0,0,0,0,1,아이템,0.6666666666666666,0.5802430494260673,1.095341014309129,복귀유저 챌섭 질문드려요,메이린 배율 96퍼에서 5퍼 끌어올리고 싶은데,메청년 되고싶은데 도와주세요
돌려야되나요,1,3,0,4,2,0,0,0,0,1,아이템,0.6666666666666666,0.5802430494260673,1.095341014309129,제네무기 어디를 건드려야 될까요?,5석펫,블랙 보조에 레잠 바르면
되는 건가요,2,3,0,3,2,0,0,0,0,1,아이템,0.6666666666666666,0.5802430494260673,1.095341014309129,메린이 많이 성장했지만 다시 막막해짐..,울티마 스쿼드 질문,아이템 순서 맞추는 법좀 알려주세요..
되는 상황입니다,2,3,0,3,2,0,0,0,0,1,아이템,0.6666666666666666,0.5802430494260673,1.095341014309129,3석펫이 맞추고 싶습니다...,명의분리 관련 아시는 분 계신가요..?,찐뉴비 앞으로 스펙업 계획..챌가능할까요
되어 있는,2,3,0,3,2,0,0,0,0,1,아이템,0.6666666666666666,0.5802430494260673,1.095341014309129,아흐... 펫장비 이전 줌서에 대한 글은 많은데...,미트라 고민,메이플 글씨체 관련 질문입니다..일정부분만 글씨가 깨져요 ㅠㅠ
듣고싶습니다,1,3,0,3,2,0,0,0,0,1,아이템,0.6666666666666666,0.5802430494260673,1.095341014309129,보스돌이 재화투자 질문,대적자코인 어디 쓰는게 나을까요,이번 모멘텀 패스 및 경험치 BM류 관련 질문입니다
들어온,1,3,0,3,2,0,0,0,0,1,아이템,0.6666666666666666,0.5802430494260673,1.095341014309129,드랍셋,안녕하세요 템셋 질문있습니다,전투력 2억 뉴비 엔버 도와주세요
등업시키는게,1,3,0,3,2,0,0,0,0,1,아이템,0.6666666666666666,0.5802430494260673,1.095341014309129,메린이 에디 레전 천장 어떻게 하는게 좋을까요,이번 유입 메린이 제네무기 에디 미라클때 돌려야할까요,대적자큐브 계획 질문
떨어지더라,1,3,0,3,2,0,0,0,0,1,아이템,0.6666666666666666,0.5802430494260673,1.095341014309129,잠재 질문,엔버 제네 윗잠 골라주세요,템잘알 메고수분들 도와주세요
레전 메획,2,3,0,3,2,0,0,0,0,1,아이템,0.6666666666666666,0.5802430494260673,1.095341014309129,"뉴비 악세 뭐 사야되는지 알려줄 선생님,,",메린이 어빌 질문 있워요!!!,블랙 서큘레이터
마10,1,3,0,4,2,0,0,0,0,1,아이템,0.6666666666666666,0.5802430494260673,1.095341014309129,에디에픽2줄 이거 가능한걸까요.. ?!?,도전자풀셋 vs 에테르넬12성,챌섭 뉴비 이번 선데이 질문 몇개만 답장 해주실분!
마도서 사기,2,3,0,3,2,0,0,0,0,1,아이템,0.6666666666666666,0.5802430494260673,1.095341014309129,햄들 스펙업 조언좀 부탁드림다...,복귀 뉴비 템셋 질문,복귀유저 탬 조언 부탁드립니다.
마력 15퍼,2,3,0,3,2,0,0,0,0,1,아이템,0.6666666666666666,0.5802430494260673,1.095341014309129,챌린저스서버 질문드립니다.,무보엠 에디천장 어디쓰는게 제일 낫나요??,해방무기 옵션 질문입니다.
막막해서,1,3,0,3,2,0,0,0,0,1,아이템,0.6666666666666666,0.5802430494260673,1.095341014309129,[뉴비] 메짱이형님들 템진로 조언 부탁드립니다,안녕하세요 멍청한 메린이입니다..,스펙업 어떻게 해야하는지 질문드려요!
많습니다,1,3,0,3,2,0,0,0,0,1,아이템,0.6666666666666666,0.5802430494260673,1.095341014309129,크뎀 장갑 고민입니다 ㅠㅠ,안녕하세요 시즌4 복귀 유저 본섭 카데나 세팅 조언 주실 분,그래픽카드 변경 후 보스전 렉 심합니다
많이 날까요,2,3,0,3,2,0,0,0,0,1,아이템,0.6666666666666666,0.5802430494260673,1.095341014309129,도전자 vs 17에테 7셋,분자벨 가격 질문이요!,플라즈마 하트 진지하게 고민중입니다 ㅠㅠ
말을,1,3,0,3,2,0,0,0,0,1,아이템,0.6666666666666666,0.5802430494260673,1.095341014309129,챌섭 드메템 질문,제가 어비스를 사려고 돈모으는 중인데요,메린이 서버 옮기는거 추천함??
맞을까요 아님,2,3,0,3,2,0,0,0,0,1,아이템,0.6666666666666666,0.5802430494260673,1.095341014309129,서버 질문입니다.,루컨마 깡통을 살지 고민입니다.,스펙업 순서 질문
맞을까요 이미지,2,3,0,3,2,0,0,0,0,1,아이템,0.6666666666666666,0.5802430494260673,1.095341014309129,챌섭 메린이 스펙업 순서 질문 있어요!!,제네 플러스 어떻게 하는게 좋을까요,[챌섭]헥사스탯 3코어 떡작 관련 질문입니다
맞춰야하,1,3,0,3,2,0,0,0,0,1,아이템,0.6666666666666666,0.5802430494260673,1.095341014309129,전투력 및 스펙업 고민,이번 챌섭복귀유저입니다. 드메템 관련 질문드립니다.,뉴비 샤타포스 질문 있습니다 도와주세요
맞춰주면,1,3,0,4,2,0,0,0,0,1,아이템,0.6666666666666666,0.5802430494260673,1.095341014309129,울티마 스쿼드 질문,하드 메이린까지 스펙업 질문,아이템 순서 맞추는 법좀 알려주세요..
매물 없어서,2,3,0,3,2,0,0,0,0,1,아이템,0.6666666666666666,0.5802430494260673,1.095341014309129,보조 무기 질문...,"뉴비 챌린저 도전, 템셋팅 어떻게 하는게 효율적일까요",안녕하세요 멍청한 메린이입니다..
먹이려고,1,3,0,3,2,0,0,0,0,1,아이템,0.6666666666666666,0.5802430494260673,1.095341014309129,미라클 타임.. 엠블 vs 하트,리프 관련,작년 챌섭 렌 키우던 메린이입니다 ! 템 세팅 질문이 있습니다!
먼저할지,1,3,0,4,2,0,0,0,0,1,아이템,0.6666666666666666,0.5802430494260673,1.095341014309129,와헌 템셋팅 질문 드립니다.,이번 챌섭이 본캐인데 진로상담 요청합니다!,선생님들 도미 안사고 바로 고근 가도 되나요?
메소 주고,2,3,0,3,2,0,0,0,0,1,아이템,0.6666666666666666,0.5802430494260673,1.095341014309129,메이플은 쩔? 버스? 같은거 없나요??,복귀 메린이 미라클 질문,챌섭 메린이 파풀마 대신 블빈마를 사버렸습니다..망한건가요?
메이플 시작한지,2,3,0,3,2,0,0,0,0,1,아이템,0.6666666666666666,0.5802430494260673,1.095341014309129,제네시스무기 잠재 질문드립니다(찐늅입니다ㅠㅠ),메린이 템 셋팅 질문!!,혹시 챌섭 진라벨 경험치 코디템 4부위 다 사는거 어떻게 생각하시나요?
몇으,1,3,0,3,2,0,0,0,0,1,아이템,0.6666666666666666,0.5802430494260673,1.095341014309129,챌섭 데브펜 에디 썬데이 하다가 질문,뉴비 서버 어디로가나요?,잠재 21퍼 27퍼 관련 문의
모르겠네요 이미지,2,3,0,3,2,0,0,0,0,1,아이템,0.6666666666666666,0.5802430494260673,1.095341014309129,울티마스쿼드 옵션이 너무 헷갈려요.. 한번만 봐주세요,"복귀유저 템세팅 방향성 질문합니다,..",메이플 뉴비 ai한태 챌썹 물어봤는데 맞나요?
몰라서 여쭤봅니다,2,3,0,3,2,0,0,0,0,1,아이템,0.6666666666666666,0.5802430494260673,1.095341014309129,대적자 코인 어디에 쓸까요?,헥사 코어 3 때문에 벽에 막힌거 같습니다,형님들 템셋 조언좀 해주십쇼
무기 방어구,2,3,0,3,2,0,0,0,0,1,아이템,0.6666666666666666,0.5802430494260673,1.095341014309129,렌 템셋 부탁드립니다 고수님들.,챌섭 보상 250 레테 딸깍 했는데 템 세팅 추천 좀 부탁합니다,뉴비 이 캐릭터 버려야하는지 고민입니다..
무난하게,1,3,0,3,2,0,0,0,0,1,아이템,0.6666666666666666,0.5802430494260673,1.095341014309129,드메부터 맞출지 스펙을 올릴지 추천좀 해주세요,일리움이 초반에 키네보다 체급이 구린가요?,메뉴비 질문입니다
바꿀까,1,3,0,3,2,0,0,0,0,1,아이템,0.6666666666666666,0.5802430494260673,1.095341014309129,284 사냥터 질문,미트라를 믿기 vs 똥블렘을 믿기,본섭 7만 중후반 주차 후 챌섭 갈아타는 게 맞을까요?
바꿀지,1,3,0,3,2,0,0,0,0,1,아이템,0.6666666666666666,0.5802430494260673,1.095341014309129,챌섭 아케인 쌍크 장갑 팔아야되나요 ? 메린이 템세팅 방향성 한번 잡아주시면 감사하겠습니다.,이번 챌섭이 본캐인데 진로상담 요청합니다!,"스펙 업 질문, 훈수 환영"
바람,1,3,0,3,2,0,0,0,0,1,아이템,0.6666666666666666,0.5802430494260673,1.095341014309129,안녕하세요 뉴비 검마 질문드려요,찐 메린이 입니다... 살려주세요,찐뉴비 앞으로 방향성 궁금합니당ㅠ
받는게,1,3,0,3,2,0,0,0,0,1,아이템,0.6666666666666666,0.5802430494260673,1.095341014309129,어샌틱 심볼 선택권 뭐 받음?,루컨마 깡통을 살지 고민입니다.,에픽던전 관련 질문입니다
번에,1,3,0,3,2,0,0,0,0,1,아이템,0.6666666666666666,0.5802430494260673,1.095341014309129,메린이 에디 레전 천장 어떻게 하는게 좋을까요,렌 스펙업 도움 부탁드려도 될까요?,노칼 딜배율 200% 목표 / 18에테 교체 순서 및 칠흑·엠블 문의
벌써,1,3,0,3,2,0,0,0,0,1,아이템,0.6666666666666666,0.5802430494260673,1.095341014309129,메린이 지금 약간 막막한데..,찐뉴비 2주차인데 궁금합니당!,요번 썬데이 챌썹따로 뭐 없나요 ㅠ
보내고,1,3,0,3,2,0,0,0,0,1,아이템,0.6666666666666666,0.5802430494260673,1.095341014309129,칠흑 33퍼사서 미라클때 에디레전 보내는거 어떤가요?,뉴비 아이템 셋팅 질문 두개만 부탁드립니다.,메이플 보호모드 해제 시간 및 보상수령 가능한지 궁금합니다.
보내줄,1,3,0,3,2,0,0,0,0,1,아이템,0.6666666666666666,0.5802430494260673,1.095341014309129,카레잠 질문있어요,메이플용 PC 견적 뽑아봤는데용,잠재에 맞는 별 갯수 좀 정해주십사 (얘는 몇 성급인가)
보보공인데,1,3,0,3,2,0,0,0,0,1,아이템,0.6666666666666666,0.5802430494260673,1.095341014309129,보조 무기 질문...,와헌 제네 무기 잠재,헥사 떡작 질문드려요
보상 받을,2,3,0,3,2,0,0,0,0,1,아이템,0.6666666666666666,0.5802430494260673,1.095341014309129,뉴비 아버 템 대체질문,메이플 보호모드 해제 시간 및 보상수령 가능한지 궁금합니다.,이번 제네시스 패스 플러스로 고민이 있습니다.
보스 사냥,2,3,0,3,2,0,0,0,0,1,아이템,0.6666666666666666,0.5802430494260673,1.095341014309129,메린이 메획 + 주스텟 18 or 21퍼 어떰??,메린이 어빌 질문 있워요!!!,
보우마스터입니다,1,3,0,3,2,0,0,0,0,1,아이템,0.6666666666666666,0.5802430494260673,1.095341014309129,블랙보조12/60 아랫잠 고민,7만 목표 템진로 질문,"250,200레벨 달성비약 어디다가 써야하나요??"
보유중,1,3,0,3,2,0,0,0,0,1,아이템,0.6666666666666666,0.5802430494260673,1.095341014309129,본섭에 유니온 만들려는데 고민상담좀 해주십쇼..,챌섭뉴비 템 가이드 부탁드립니다ㅠ,미라클 관련 질문 !
보유중인,1,3,0,4,2,0,0,0,0,1,아이템,0.6666666666666666,0.5802430494260673,1.095341014309129,커믹 질문입니다!,루나 익스텐션 궁금합니다.,공짜 큐브 사용처 및 템 순서 질문!
보이더라구요,1,3,0,4,2,0,0,0,0,1,아이템,0.6666666666666666,0.5802430494260673,1.095341014309129,선배님들 드메템관련해서 답변좀 부탁드려요 미리 감사드려요,엔버는 엠블렘을 구매하는 것 밖에 방법이 없나요?,"환산주스텟에 보스표는 풀도핑, 노블기준인가요?"
보조 사서,2,3,0,3,2,0,0,0,0,1,아이템,0.6666666666666666,0.5802430494260673,1.095341014309129,레테 보조 190억~220억 대 사이선에서 뭐가 더 좋은 매물일지 질문드립니다,하드 메이린 잡을라면 스펙 어떤걸 올려야 할까요?,아스트라 보조 전승 질문이 있습니다.
보조 쌍레,2,3,0,3,2,0,0,0,0,1,아이템,0.6666666666666666,0.5802430494260673,1.095341014309129,대적자큐브 계획 질문,챌섭 유입 메린이 템 진단좀 부탁드려요,렌 보조무기
본섭 렌을,2,3,0,3,2,0,0,0,0,1,아이템,0.6666666666666666,0.5802430494260673,1.095341014309129,제네시스 코인 투자처 질문,렌에서 레테로 본캐를 바꾸려는데,메선생님들 보조캐 하진힐 스펙업 훈수좀 부탁드립니다
본섭 부캐,2,3,0,3,2,0,0,0,0,1,아이템,0.6666666666666666,0.5802430494260673,1.095341014309129,챌섭 부캐 에디 레전 천장 사용처 질문,남은 대적자 코인 어따 쓸지 고민임..,템 진로 질문..
본섭 유챔,2,3,0,3,2,0,0,0,0,1,아이템,0.6666666666666666,0.5802430494260673,1.095341014309129,미트라 고민,성장 방향 조언 부탁드려요,이번 모멘텀 패스 및 경험치 BM류 관련 질문입니다
본캐에,1,3,0,3,2,0,0,0,0,1,아이템,0.6666666666666666,0.5802430494260673,1.095341014309129,하트 업그레이드 모듈 질문있습니다,대적자 코인 사용에 대해 질문합니다,285찍으면 사냥 안해도 될까요?
부위들,1,3,0,3,2,0,0,0,0,1,아이템,0.6666666666666666,0.5802430494260673,1.095341014309129,형들 템세팅 이렇게 하러는데 어때?,레테 보조 질문,드메셋 질문
부위별,1,3,0,3,2,0,0,0,0,1,아이템,0.6666666666666666,0.5802430494260673,1.095341014309129,이번 마라벨 풀셋 가격?,선생님들 헥사환산 몇을 목표로 잡아야할까요?,메린이 템세팅 간단 질문점
블큐나,1,3,0,3,2,0,0,0,0,1,아이템,0.6666666666666666,0.5802430494260673,1.095341014309129,뉴비) 첫 해방 무기 세팅 방법 좀 알 수 잇을까요?!,"큐브 관련 궁금한게있습니다,",메쌤들 질문점
블큐나 화에큐,2,3,0,3,2,0,0,0,0,1,아이템,0.6666666666666666,0.5802430494260673,1.095341014309129,뉴비) 첫 해방 무기 세팅 방법 좀 알 수 잇을까요?!,"큐브 관련 궁금한게있습니다,",메쌤들 질문점
비교했을때,1,3,0,3,2,0,0,0,0,1,아이템,0.6666666666666666,0.5802430494260673,1.095341014309129,아버 에테로 바꾸려는데,메짱이 선생님들 아버 이후에 질문있습니다. 17에테 VS 18아케인(+27여명),본캐 / 챌섭 부캐 투자우선권 질문입니다.
비싸고,1,3,0,3,2,0,0,0,0,1,아이템,0.6666666666666666,0.5802430494260673,1.095341014309129,레테 보조 질문드립니다..,대장장이 고견 나눠주실 메짱엉아들?,이번 유입 앞으로 템세팅 관해서 여쭤봅니다
비싼거,1,3,0,3,2,0,0,0,0,1,아이템,0.6666666666666666,0.5802430494260673,1.095341014309129,"메린이 레잠 2개, 에유잠 1개 사용처 질문",환산 8~9만대 목표로 하고 있습니다.,수줍은 마음 지금 시세로 사도 되나요?
빠진,1,3,0,3,2,0,0,0,0,1,아이템,0.6666666666666666,0.5802430494260673,1.095341014309129,환산 7~8만대 미트라 옵션 추천 좀 해주십쇼,30억 있는데 템 어떻게 보강해야할까요??,안녕하세요! 갑자기 환산이 5000정도 떨어졌는데 무슨 문제인가요?
뽑는,1,3,0,3,2,0,0,0,0,1,아이템,0.6666666666666666,0.5802430494260673,1.095341014309129,챌섭 스펙업 어떻게 할까요? 미트라? 보장?,코인 4500개 남았는데 이벤링레전주문서 사야되나요,어빌리티 재설정 질문 드립니다
뽑을,1,3,0,3,2,0,0,0,0,1,아이템,0.6666666666666666,0.5802430494260673,1.095341014309129,법사 선배님들 템진로 도와주시면 감사하겠습니다,다음 스펙업 뭐가좋을까요?,이번 미라클에 미트라 직작 하는거 괜찮나요?
사냥 열심히,2,3,0,3,2,0,0,0,0,1,아이템,0.6666666666666666,0.5802430494260673,1.095341014309129,드메템 맞추는게 이득일까요?,이후 방향성 및 조언 부탁드립니다,형님들 템셋 조언좀 해주십쇼
사든,1,3,0,3,2,0,0,0,0,1,아이템,0.6666666666666666,0.5802430494260673,1.095341014309129,메획 100 맞추는 거 필수인가요?,메린이 챌섭 아델 보조무기 질문,샤타 때 이렇게 템 맞추면 될까?
사람인데,1,3,0,3,2,0,0,0,0,1,아이템,0.6666666666666666,0.5802430494260673,1.095341014309129,무자본 하드메이린 방향 추천 부탁드립니다.,복귀유저 질문드립니다!,메이플 부캐는 275 의자 못얻나요?
사먹,1,3,0,3,2,0,0,0,0,1,아이템,0.6666666666666666,0.5802430494260673,1.095341014309129,메린이 도움 부탁드립니다 보마 300억 템세팅,챌섭뉴비 과금 질문,레전 잠재 하트 말고 어디에 쓸까요?
사야하,1,3,0,3,2,0,0,0,0,1,아이템,0.6666666666666666,0.5802430494260673,1.095341014309129,챌섭 호영 템셋 질문,챌섭에서 석펫 사서 재획 vs 본섭에서 풀드메템으로 재획,심볼 현상금 주화 상점으로 땡기는건 별론가요?
사야하는지,1,3,0,3,2,0,0,0,0,1,아이템,0.6666666666666666,0.5802430494260673,1.095341014309129,이벤링 아드템으로 끼고싶은데 도와주세요 ㅠ,이번에 첫챌섭 시작한 뉴비 해방이후에 템세팅이 궁금해요 ㅇㅅㅠ,챌린버스 월드 우선순위??
사용하고 있는,2,3,0,3,2,0,0,0,0,1,아이템,0.6666666666666666,0.5802430494260673,1.095341014309129,동전꼽기가 운영정책 위반인지 여부,보공 과다 질문,전승주문서 관련해서 질문있습니다!
상태구요,1,3,0,3,2,0,0,0,0,1,아이템,0.6666666666666666,0.5802430494260673,1.095341014309129,메린이 템셋 조언 부탁드립니다.,뉴비 아이템 셋팅 질문 두개만 부탁드립니다.,어제 시작했는데 메포로 스킵권? 같은거 해야하나요 ?
상태인데요,1,3,0,3,2,0,0,0,0,1,아이템,0.6666666666666666,0.5802430494260673,1.095341014309129,이번 챌섭복귀유저입니다. 드메템 관련 질문드립니다.,넥슨캐시 결제취소 질문드립니다.,메이플 입문 뉴비 유튜브 보고 따라오긴 했는데 템세팅 앞으로
상태입니다 자석펫,2,3,0,3,2,0,0,0,0,1,아이템,0.6666666666666666,0.5802430494260673,1.095341014309129,"""자석펫 장착 vs 팔고 템셋팅""",뉴비 현질 고민,메린이 600억 메소 정도 스타드 할려는데 질문있어요!
생각으로,1,3,0,3,2,0,0,0,0,1,아이템,0.6666666666666666,0.5802430494260673,1.095341014309129,성장 방향 조언 부탁드려요,메짱이 선생님들 아버 이후에 질문있습니다. 17에테 VS 18아케인(+27여명),뉴비 아이템 셋팅 질문 두개만 부탁드립니다.
생각하고 있는,2,3,0,3,2,0,0,0,0,1,아이템,0.6666666666666666,0.5802430494260673,1.095341014309129,메린이 에디 레전 천장 어떻게 하는게 좋을까요,썜들 메린이 챌린저 찍을 수 있게 진로부탁드립니다..,메린이입니다. 훈수를 부탁합니다.
생긴게,1,3,0,3,2,0,0,0,0,1,아이템,0.6666666666666666,0.5802430494260673,1.095341014309129,밑에 메린이 컴퓨터 질문한 사람입니다!,원본 초롱나비 로이드 얼마인가요?,
선택하는게,1,3,0,3,2,0,0,0,0,1,아이템,0.6666666666666666,0.5802430494260673,1.095341014309129,무기 추옵 질문,헥사2 옵션선택 질문,엔버 제네 윗잠 골라주세요
세팅하면,1,3,0,3,2,0,0,0,0,1,아이템,0.6666666666666666,0.5802430494260673,1.095341014309129,챌섭 종료후 리프 고민,메뉴비 30만원으로 드메 세팅 맞추는 법,검마솔격가능스펙 캐릭당 얼마정도면 될까요?
손을,1,3,0,3,2,0,0,0,0,1,아이템,0.6666666666666666,0.5802430494260673,1.095341014309129,진짜 찐 뉴비 템세팅,메이플 및 배경화면 글자 깨짐,챌섭 뉴비 한번만 도와주십쇼 선생님들ㅠ
손해인지,1,3,0,3,2,0,0,0,0,1,아이템,0.6666666666666666,0.5802430494260673,1.095341014309129,에테 스타포스 할만한지 아니면 사먹는게 나은지 궁금합니다.,하이퍼버닝 캐릭 삭제 고민,미라클때 칠흑있는거 유니크보내는거 괜찮나요
수급,1,3,0,3,2,0,0,0,0,1,아이템,0.6666666666666666,0.5802430494260673,1.095341014309129,챌섭 쌩뉴비 여러 가지 질문 드립니다 !,챌섭 진로 질문이요,대적자 코인 어디다 써야할까요?
순차적,1,3,0,3,2,0,0,0,0,1,아이템,0.6666666666666666,0.5802430494260673,1.095341014309129,메린이 진로 도와주시면 감사하겄슴다,메린이 선데이 질문드립니다~~,5석펫 질문
스타포스나,1,3,0,3,2,0,0,0,0,1,아이템,0.6666666666666666,0.5802430494260673,1.095341014309129,잠재 질문,템셋이나 스펙업가이드 알려주세요..,템 진로 질문..
스팩,1,3,0,3,2,0,0,0,0,1,아이템,0.6666666666666666,0.5802430494260673,1.095341014309129,여기서 스팩업을 어떤 방향으로 잡아야 할까요?,챌 뉴비 템세팅 질문!,뉴비 솔 에르다 / 솔 에르다 조각 선택권 받을라 하는데 [답답함주의]
스펙까지,1,3,0,3,2,0,0,0,0,1,아이템,0.6666666666666666,0.5802430494260673,1.095341014309129,메린이 방향성이 잘못된걸까요? 현실조언 부탁드립니다,이번 챌섭 유입 메린이 제네시스 무기 잠재능력 질문 있습니다,본섭 7만 중후반 주차 후 챌섭 갈아타는 게 맞을까요?
스펙업 해야할지,2,3,0,3,2,0,0,0,0,1,아이템,0.6666666666666666,0.5802430494260673,1.095341014309129,[뉴비] 메짱이형님들 템진로 조언 부탁드립니다,메고수 형님들의 도움이 필요합니다,본섭 아케인 크크잡 장갑 팔기 vs 쓰기
스펙업이나,1,3,0,3,2,0,0,0,0,1,아이템,0.6666666666666666,0.5802430494260673,1.095341014309129,안녕하세요...메이플 시작 3주차인데..,챌섭 메린이 듀블 템셋팅 질문있습니다,스펙업 방향성 알려주실분
스펙업하,1,3,0,3,2,0,0,0,0,1,아이템,0.6666666666666666,0.5802430494260673,1.095341014309129,선생님들 세트효과 질문입니다,이후 스펙업 질문,뉴비 아이템 셋팅 질문 두개만 부탁드립니다.
스펙이라고,1,3,0,3,2,0,0,0,0,1,아이템,0.6666666666666666,0.5802430494260673,1.095341014309129,뉴비 아버 템 대체질문,메이린 배율관련 질문드립니다 저 진짜 정리 잘해놨어요 함만 봐주세요 ㅠㅠ,스펙 질문
신견망,1,3,0,3,2,0,0,0,0,1,아이템,0.6666666666666666,0.5802430494260673,1.095341014309129,메린이 익스우 템세팅 질문,8-9만 세팅 가능할까요?,챌섭 유입 메린이 템 진단좀 부탁드려요
심한가요,1,3,0,3,2,0,0,0,0,1,아이템,0.6666666666666666,0.5802430494260673,1.095341014309129,도시섭이랑 시골섭 차이 심함?,템 가격이 이상해요,메린이 질문)세트효과 차이
싶은데요,1,3,0,3,2,0,0,0,0,1,아이템,0.6666666666666666,0.5802430494260673,1.095341014309129,헥사스탯 3 열려고 하는데 질문이 있습니다,스펙업 스타포스 vs 잠재 우선순위,챌섭 챌린저 목표 겸
쌍크잡,1,3,0,6,2,0,0,0,0,1,아이템,0.6666666666666666,0.5802430494260673,1.095341014309129,[질문] 복귀 유저 아버 이후 에테르넬 17성 풀셋 질문,부캐 방어구 질문,템 진로 질문..
써버려서,1,3,0,3,2,0,0,0,0,1,아이템,0.6666666666666666,0.5802430494260673,1.095341014309129,뉴비) 첫 해방 무기 세팅 방법 좀 알 수 잇을까요?!,챌섭 챌린저 메소 얼마나 들었어??,큐브가 부족해요
썼고,1,3,0,3,2,0,0,0,0,1,아이템,0.6666666666666666,0.5802430494260673,1.095341014309129,메고수 형님들의 도움이 필요합니다,무과금인데 매일 몬파7판?,대적자 코인 어디에 써야 하나요?
쓰고싶어서,1,3,0,3,2,0,0,0,0,1,아이템,0.6666666666666666,0.5802430494260673,1.095341014309129,아스트라 보조무기 질문있습니다.,키바인드 변경 해도 되나,제네무기 질문드립니다
쓰라던데,1,3,0,3,2,0,0,0,0,1,아이템,0.6666666666666666,0.5802430494260673,1.095341014309129,피시방 혜택에 자석펫이 있나요???,레전드리잠재 한장 남는거 어따써야할까요,메린이 캡틴 레잠 추천좀...ㅜㅠ
아까,1,3,0,3,2,0,0,0,0,1,아이템,0.6666666666666666,0.5802430494260673,1.095341014309129,미라클 타임.. 엠블 vs 하트,이번 유입 앞으로 템세팅 관해서 여쭤봅니다,카르시온에는 최상층 4처럼 포탈로 야누스 설치하는 맵은 없나요?
아는,1,3,0,3,2,0,0,0,0,1,아이템,0.6666666666666666,0.5802430494260673,1.095341014309129,무기 추옵 질문,몬파 핸즈 몬스터 원킬컷 안나는데 상관있나요?,성향 올 100 뭐로 찍더라???
아닙니다,1,3,0,3,2,0,0,0,0,1,아이템,0.6666666666666666,0.5802430494260673,1.095341014309129,메이플 늦은 유입 뉴비 현시점 제네패스 질러도 될까요?,미트라를 믿기 vs 똥블렘을 믿기,챌섭 복귀유저 렌 스펙업 훈수 부탁드립니다.
아델입니다,1,3,0,3,2,0,0,0,0,1,아이템,0.6666666666666666,0.5802430494260673,1.095341014309129,어빌리티 질문,제네패스 코인 사용 질문,300억 템셋팅 도와주세요
아래 같이,2,3,0,3,2,0,0,0,0,1,아이템,0.6666666666666666,0.5802430494260673,1.095341014309129,이벤링 주스텟 21% vs 아획 또는 메획 1줄,노칼 딜배율 200% 목표 / 18에테 교체 순서 및 칠흑·엠블 문의,
아무튼,1,3,0,4,2,0,0,0,0,1,아이템,0.6666666666666666,0.5802430494260673,1.095341014309129,1억 2천만 아란 엠블렘 조언 구합니다,플라즈마 하트가 터져버렸어요..,누가 메이플 접는건 능지순이라 했는데...
안되더라구요,1,3,0,3,2,0,0,0,0,1,아이템,0.6666666666666666,0.5802430494260673,1.095341014309129,제네시스 해방무기 옵션 질문 드립니다.,뉴비 주보캐 템 질문좀 받아주실분,원래 명의이전을 해도 하버맥스 갱신이 안되나요?
안되어,1,3,0,3,2,0,0,0,0,1,아이템,0.6666666666666666,0.5802430494260673,1.095341014309129,본캐 / 챌섭 부캐 투자우선권 질문입니다.,제네시스 패스 구매 후 미활성화로 인한 흔적 복구 해보신 분 있으실까요?,제가 어비스를 사려고 돈모으는 중인데요
안된다,1,3,0,3,2,0,0,0,0,1,아이템,0.6666666666666666,0.5802430494260673,1.095341014309129,챌섭에서 리프할때 템,챌패스 본섭으로 수출,뉴비 솔 에르다 / 솔 에르다 조각 선택권 받을라 하는데 [답답함주의]
안사,1,3,0,3,2,0,0,0,0,1,아이템,0.6666666666666666,0.5802430494260673,1.095341014309129,제네패스 지금 사도 되나요?,신규유입 챌섭 모멘텀패스,제네무기 질문
안써서,1,3,0,3,2,0,0,0,0,1,아이템,0.6666666666666666,0.5802430494260673,1.095341014309129,챌섭뉴비 챌린저달고싶은데 뭐해야할까요,메린 제네 직작 질문이요!! 드디어 제네 해방이네요...ㅠ,메이플 뉴비 몽벨 먹었는데 질문있어요!
안하나요,1,3,0,3,2,0,0,0,0,1,아이템,0.6666666666666666,0.5802430494260673,1.095341014309129,샤타만 한달에 한번인가?,이번 모멘텀 패스 및 경험치 BM류 관련 질문입니다,시드링 질문좀요~~
안하다,1,3,0,3,2,0,0,0,0,1,아이템,0.6666666666666666,0.5802430494260673,1.095341014309129,지난주에 챌섭 시작한 뉴비인데 제네시스 패스 사도 되나요?,드랍템 먼저 맞출까요 스펙업을 먼저 할까요,환산 사이트 궁금한점 있습니다
안합니다,1,3,0,3,2,0,0,0,0,1,아이템,0.6666666666666666,0.5802430494260673,1.095341014309129,얼굴장식 토드,메짱이분들 도와주세요,챌섭 리프 관련 질문글
않지,1,3,0,3,2,0,0,0,0,1,아이템,0.6666666666666666,0.5802430494260673,1.095341014309129,미트라 vs 에테 장갑 고민 추천 부탁드립니다.,이지카링돌이 세팅하려면...,뉴비 익스트림 성장의 비약 질문
어깨,1,3,0,3,2,0,0,0,0,1,아이템,0.6666666666666666,0.5802430494260673,1.095341014309129,메이플 키패드 + 키보드 정지임?,메멘토 18성 200제로 아케인 방어구 만들어서 쓰면 되나요?,챌섭 200제 강화권 사용처 질문드립니다
어느것,1,3,0,3,2,0,0,0,0,1,아이템,0.6666666666666666,0.5802430494260673,1.095341014309129,9만 본캐 스펙업 vs 부캐 스펙업 선택 도와주십셔,챌섭 메린이 하메를 위한 템셋팅 조언 부탁드립니다!,이벤트 블큐 제네무기vs방패
어느정 수준,2,3,0,3,2,0,0,0,0,1,아이템,0.6666666666666666,0.5802430494260673,1.095341014309129,챌섭 유입 284 아란 100억 템셋팅 질문,챌린저 목표 스펙업 뭐해야될까요?,메린이 템세팅 간단 질문점
어느쪽,1,3,0,3,2,0,0,0,0,1,아이템,0.6666666666666666,0.5802430494260673,1.095341014309129,22가엔링(데브팬)vs어센틱심볼올만렙,템세팅 질문(무자본),특수경험치 레벨업시 처리방식
어짜피,1,3,0,3,2,0,0,0,0,1,아이템,0.6666666666666666,0.5802430494260673,1.095341014309129,챌섭 보조무기 질문입니다,스카니아 VS 크로아,미트라 도적 시세 질문입니다
어쩔,1,3,0,3,2,0,0,0,0,1,아이템,0.6666666666666666,0.5802430494260673,1.095341014309129,보스돌이 재화투자 질문,제네패스 플러스 대적자 코인은 어떻게 쓰나요?,뉴비 챌린저 찍고 싶은데 엠블렘 안 맞추고도 될까요?
얻고,1,3,0,3,2,0,0,0,0,1,아이템,0.6666666666666666,0.5802430494260673,1.095341014309129,친구계정 레잠 쓰는것도 정지되나요?,챌섭 보상 250 레테 딸깍 했는데 템 세팅 추천 좀 부탁합니다,교불 보조 무기 얻는 법 있을까요?
없어서 그런데,2,3,0,3,2,0,0,0,0,1,아이템,0.6666666666666666,0.5802430494260673,1.095341014309129,제네시스 무기 해방 관련 질문입니다!,메린이 이러면 5주 제네 해방 가능함??,
없어져서,1,3,0,3,2,0,0,0,0,1,아이템,0.6666666666666666,0.5802430494260673,1.095341014309129,뉴비 주보캐 템 질문좀 받아주실분,메m 꼭 해야돼요?,템세팅 질문(무자본)
에메,1,3,0,3,2,0,0,0,0,1,아이템,0.6666666666666666,0.5802430494260673,1.095341014309129,챌섭 질문있습니다!,메린이 챌린저 목표로 방향성 질문 드립니다.,뉴비 해방무기 옵션 질문입니다
여명 하트,2,3,0,3,2,0,0,0,0,1,아이템,0.6666666666666666,0.5802430494260673,1.095341014309129,뉴비템세팅 상담신청! (feat. 이게 좋데! 하고 사려고 하면 비쌈주의ㅠ),메린이 템셋팅 업그레이드 질문(170억메소),
여쭙고,1,3,0,3,2,0,0,0,0,1,아이템,0.6666666666666666,0.5802430494260673,1.095341014309129,선생님들 이런 추옵도 팔릴까요?,챌린저스 서버 캐릭터 육성 질문,서버이동 질문입니다 선배님들 도와주세요
여쭙고 싶습니다,2,3,0,3,2,0,0,0,0,1,아이템,0.6666666666666666,0.5802430494260673,1.095341014309129,선생님들 이런 추옵도 팔릴까요?,챌린저스 서버 캐릭터 육성 질문,서버이동 질문입니다 선배님들 도와주세요
여태,1,3,0,3,2,0,0,0,0,1,아이템,0.6666666666666666,0.5802430494260673,1.095341014309129,이번 챌섭이 본캐인데 진로상담 요청합니다!,소과금 익스우 솔플 목표로 템세팅 질문이여,드랍템 먼저 맞출까요 스펙업을 먼저 할까요
열심히 모아서,2,3,0,3,2,0,0,0,0,1,아이템,0.6666666666666666,0.5802430494260673,1.095341014309129,"메린이 오늘 첫 해방했는데, 잠재 돌리고 남은 블랙큐브는 어디에 쓰는게 좋나요?",챌린저스서버 질문드립니다.,메린이 도움!!
오면,1,3,0,3,2,0,0,0,0,1,아이템,0.6666666666666666,0.5802430494260673,1.095341014309129,하드 메이린 깨고나서 스펙업 질문,4여명 깨고 4흙칠흑 vs 4여명 유지 2흙칠흑,게토 아닌 피시방에서 하면 찍계되나요?
오픈,1,3,0,3,2,0,0,0,0,1,아이템,0.6666666666666666,0.5802430494260673,1.095341014309129,제네시스 패스 구매 후 미활성화로 인한 흔적 복구 해보신 분 있으실까요?,챌린저 목표) 진로 설정 질문입니다.,제네플러스 질문
올라가,1,3,0,3,2,0,0,0,0,1,아이템,0.6666666666666666,0.5802430494260673,1.095341014309129,이번 이벤으로 시작한 늅늅이 장비좀 봐주실수 있을까요?,플라즈마 하트 작 질문입니다.,챌린버스 월드 우선순위??
올리는게 나을까요,2,3,0,3,2,0,0,0,0,1,아이템,0.6666666666666666,0.5802430494260673,1.095341014309129,스팩업 질문드립니다.,"에디에픽, 브론즈 큐브",드메 지금 비싸도 사는게 맞나요?
올리라,1,3,0,3,2,0,0,0,0,1,아이템,0.6666666666666666,0.5802430494260673,1.095341014309129,다음아이템 뭐바꿀지 추천해주는사이트 이런건없어??,뉴비 챌섭 장신구 스펙업 질문있습니다,그런데요 크오솔 스인미 이런거 언제 강화해요 ?
올릴까요,1,3,0,3,2,0,0,0,0,1,아이템,0.6666666666666666,0.5802430494260673,1.095341014309129,"헥사스킬올리기, 야누스30조각 모으기",크주잡 에테 스타포스 어디까지 올려야할까요?,익스우 솔플가려면 얼마나 더 써야될까요?
올릴지 고민입니다,2,3,0,3,2,0,0,0,0,1,아이템,0.6666666666666666,0.5802430494260673,1.095341014309129,메린이 질문!!,챌린저 달성 목표 모멘텀패스vs다조 헥사,블큐천장 어디에 쓸까요
완성하고,1,3,0,3,2,0,0,0,0,1,아이템,0.6666666666666666,0.5802430494260673,1.095341014309129,챌섭 블큐 화에큐 사용처 및 챌 달성 질문,제네패스 윗잠 아랫잠 우선순위 질문,메린이 겨울챌섭 전 유니온 8000 질문있습니다!
웰컴,1,3,0,3,2,0,0,0,0,1,아이템,0.6666666666666666,0.5802430494260673,1.095341014309129,"안녕하세요 메쌤, 메형님들 뉴비 질문 몇 가지만 해도 될까요?",메린이 케릭터생성제한,컬프 사용할만한 코디템 있을까요?
웰컴 패키지,2,3,0,3,2,0,0,0,0,1,아이템,0.6666666666666666,0.5802430494260673,1.095341014309129,"안녕하세요 메쌤, 메형님들 뉴비 질문 몇 가지만 해도 될까요?",메린이 케릭터생성제한,컬프 사용할만한 코디템 있을까요?
위해서 챌섭,2,3,0,3,2,0,0,0,0,1,아이템,0.6666666666666666,0.5802430494260673,1.095341014309129,이번 미라클 지나고 9월 16일 전에 미라클 한 번 더 할려나요?,안녕하세요. 챌섭 뉴비 질문드립니다. 과금관련,
윗잠 공공뎀,2,3,0,3,2,0,0,0,0,1,아이템,0.6666666666666666,0.5802430494260673,1.095341014309129,급함 제네무기 윗잠 방무 버려도됨??,형님들 해방후 투력이 떨어졌어요 문제가 뭘까요,해방이랑 미트라 잠재 뭐부터 돌려야 할까요?
유니크 2줄,2,3,0,3,2,0,0,0,0,1,아이템,0.6666666666666666,0.5802430494260673,1.095341014309129,블랙보조12/60 아랫잠 고민,흙에테 12성 → 17성 직작 or 경매장 구매,템셋 자신있는 메창 형님들 질문좀
유니크2줄,1,3,0,3,2,0,0,0,0,1,아이템,0.6666666666666666,0.5802430494260673,1.095341014309129,메린이 템셋 조언 부탁드립니다.,카레잠 사용처 미트라vs아케인장갑,챌섭 뉴비 이번 선데이 질문 몇개만 답장 해주실분!
육성하고,1,3,0,3,2,0,0,0,0,1,아이템,0.6666666666666666,0.5802430494260673,1.095341014309129,[사전월드리프] 여러 서버로 이동 불가 관련 문구 문제,제네패스 플러스 재화를 어디에 투자해야할까요?,(템세팅 조언) 템을 너무 중구난방으로 맞춰서 어디서부터 손봐야 할지 모르겠습니다. 도와주세요
의견 주시면,2,3,0,3,2,0,0,0,0,1,아이템,0.6666666666666666,0.5802430494260673,1.095341014309129,와헌 템셋팅 질문 드립니다.,복귀뉴비,제네패스 플러스 재화를 어디에 투자해야할까요?
이래저래,1,3,0,5,2,0,0,0,0,1,아이템,0.6666666666666666,0.5802430494260673,1.095341014309129,챌섭 뉴비 한번만 도와주십쇼 선생님들ㅠ,복귀뉴비 챌섭 키우는데 리프할 서버 추천부탁드려요,찐 메린이 입니다... 살려주세요
이렇게 되어있는데,2,3,0,3,2,0,0,0,0,1,아이템,0.6666666666666666,0.5802430494260673,1.095341014309129,선생님들 장비 프리셋 어떻게 해두셨나요?,뉴비 스펙업 진로 고민있어요,300억 템셋팅 도와주세요
이렇게 해도,2,3,0,3,2,0,0,0,0,1,아이템,0.6666666666666666,0.5802430494260673,1.095341014309129,MVP작 할 때 질문,4여명 5칠흑으로 7~8만 될까요?,메린이 챌린저 목표로 방향성 질문 드립니다.
이렇게까지,1,3,0,3,2,0,0,0,0,1,아이템,0.6666666666666666,0.5802430494260673,1.095341014309129,챌섭 뉴비 한번만 도와주십쇼 선생님들ㅠ,하이퍼버닝 계정 탈퇴 후 재가입 해도 불가 재참여 방법 질문,템 처음부터 맞추려고하는데 어떻게해야되나요?
이야기 봤습니다,2,3,0,3,2,0,0,0,0,1,아이템,0.6666666666666666,0.5802430494260673,1.095341014309129,지피방? 원격피시방? 질문있습니다,챌섭 보상인 리스트레인트링을 실수로 버려버렸습니다,
이적자돌,1,3,0,3,2,0,0,0,0,1,아이템,0.6666666666666666,0.5802430494260673,1.095341014309129,보스돌이 재화투자 질문,뉴비 스펙업 진로 고민있어요,안녕하세요 시즌4 복귀 유저 본섭 카데나 세팅 조언 주실 분
이제 스펙업,2,3,0,3,2,0,0,0,0,1,아이템,0.6666666666666666,0.5802430494260673,1.095341014309129,챌섭 메린이 스펙업 순서 질문 있어요!!,챌섭 메소 어디다 써야하나요?,스펙업 어떻게 해야하는지 질문드려요!
이지칼로스까지,1,3,0,3,2,0,0,0,0,1,아이템,0.6666666666666666,0.5802430494260673,1.095341014309129,해방 무기 제네패스 코인 질문,챌섭 뉴비 2가지 질문 (대적자+헥사순서),챌린저 목표) 진로 설정 질문입니다.
이터널 플레임링,2,3,0,4,2,0,0,0,0,1,아이템,0.6666666666666666,0.5802430494260673,1.095341014309129,이벤링 레잠 관련,뉴비 아이템 셋팅 질문 두개만 부탁드립니다.,챌섭 뉴비 이번 선데이 질문 몇개만 답장 해주실분!
인기,1,3,0,3,2,0,0,0,0,1,아이템,0.6666666666666666,0.5802430494260673,1.095341014309129,메린이 아르테리아 3누스 사냥터 알려주세요,지금 보조 엠블에 대해 고민인데 이거 투표 좀 해주실 수 있으신가여...,메린이 보스도핑질문
인트템,1,3,0,3,2,0,0,0,0,1,아이템,0.6666666666666666,0.5802430494260673,1.095341014309129,이번유입 템셋팅질문..!,챌섭 챌린저 메소 얼마나 들었어??,챌섭 복귀 유저 질문
일이,1,3,0,3,2,0,0,0,0,1,아이템,0.6666666666666666,0.5802430494260673,1.095341014309129,챌 유입 제논 템셋팅 및 템업글 직작 조언 부탁드림다!,헥사 스탯 초기화 해야 하나요?,뉴비 사고쳤는데 이럴때 어떻게해요 ? (보스 보상)
있기,1,3,0,4,2,0,0,0,0,1,아이템,0.6666666666666666,0.5802430494260673,1.095341014309129,에디 레전 천장 사용처가 고민입니다....,"""자석펫 장착 vs 팔고 템셋팅""",챌썹 본케 쌩뉴비 입니다! 선생님들 조언 구합니다!
있다면 알려주시면,2,3,0,3,2,0,0,0,0,1,아이템,0.6666666666666666,0.5802430494260673,1.095341014309129,안녕하세요 선생님들 템 진로 고견좀 여쭙습니다,점프 한번만 눌렀는데 두번 눌리는 버그,템 진로 찐 최종 확인 제발 부탁드립니다
있더라구요,1,3,0,3,2,0,0,0,0,1,아이템,0.6666666666666666,0.5802430494260673,1.095341014309129,이번에 복귀 유전데 캐샵 통합,챌섭 템 업글 부위 추천받아요!,메린이 드메템 질문이요!
작년 여름,2,3,0,3,2,0,0,0,0,1,아이템,0.6666666666666666,0.5802430494260673,1.095341014309129,메린이 서버 고민입니다,헥환 5만에서 7~8만 목표로 하고 있는데 뭐부터 하면 좋을까요?,메린이 해방하면 챌린저 달수 있나염?
장점,1,3,0,5,2,0,0,0,0,1,아이템,0.6666666666666666,0.5802430494260673,1.095341014309129,MVP 레드 달아주는게 좋을까요?,챌섭 보조무기 질문입니다,뉴비 제네시스 패스 질문입니다.
재료,1,3,0,3,2,0,0,0,0,1,아이템,0.6666666666666666,0.5802430494260673,1.095341014309129,오늘 헥사 스탯 먼저 올려도 되나요??,챌섭 뉴비.. 가고 있는 방향이 제대로 된 건지 모르겠어요,5석펫 질문 있습니다..
재미없어서,1,3,0,3,2,0,0,0,0,1,아이템,0.6666666666666666,0.5802430494260673,1.095341014309129,템세팅 질문(무자본),메린이 하이퍼버닝 질문있습니다!,엠블렘 / 블랙보조무기 직작 해버렸는데 이럼안돼요?
적용되나요,1,3,0,3,2,0,0,0,0,1,아이템,0.6666666666666666,0.5802430494260673,1.095341014309129,제논 해방 후에 4해적에테+5도적에테 이런식으로 가능함?,뉴비 몇가지 질문좀 드려여,본섭에 교불에디 레전천장 있는데요....
전체적인,1,3,0,3,2,0,0,0,0,1,아이템,0.6666666666666666,0.5802430494260673,1.095341014309129,메린이 부캐 주보돌이 수입 질문입니다.,헥환 7만 중반 ~ 8만 목표 레테 템세팅 조언 부탁드립니다.,메이린 배율관련 질문드립니다 저 진짜 정리 잘해놨어요 함만 봐주세요 ㅠㅠ
접어서,1,3,0,3,2,0,0,0,0,1,아이템,0.6666666666666666,0.5802430494260673,1.095341014309129,형들 지금 링크캐 키울방법 없음?,데브펜 18성 쌍레,템 방향성 고민이 너무 됩니다
정확하게,1,3,0,3,2,0,0,0,0,1,아이템,0.6666666666666666,0.5802430494260673,1.095341014309129,메이플 대장장이 컨텐츠질문!,챌섭 유입 메린이 다음주 하드메이린 잡게 해주세요,챌린저 목표) 진로 설정 질문입니다.
제일 좋은,2,3,0,3,2,0,0,0,0,1,아이템,0.6666666666666666,0.5802430494260673,1.095341014309129,작년 챌섭 렌 키우던 메린이입니다 ! 템 세팅 질문이 있습니다!,하드 메이린 잡을라면 스펙 어떤걸 올려야 할까요?,4여명 5칠흑 2보장 계획완료인데 마지막 템세팅 질문있습니다.
좋은게,1,3,0,3,2,0,0,0,0,1,아이템,0.6666666666666666,0.5802430494260673,1.095341014309129,안녕하세요 선생님들 템 진로 고견좀 여쭙습니다,유료 경험치 주는것들 효율 궁금해요,"메린이 레잠 2개, 에유잠 1개 사용처 질문"
좋을까용,1,3,0,3,2,0,0,0,0,1,아이템,0.6666666666666666,0.5802430494260673,1.095341014309129,핵환 4.4 도미먹었는디,챌섭 누비 검환불 질문좀용,제네시스 패스 질문드립니당!
주보수익,1,3,0,3,2,0,0,0,0,1,아이템,0.6666666666666666,0.5802430494260673,1.095341014309129,이번 레테복귀유저 본섭캐릭 버릴까용?,본캐 데티해방까지 본캐만 쭉 투자해도되나요?,에스텔라 마이링 오글링 메짱의 선택은 뭘까요?
지는,1,3,0,3,2,0,0,0,0,1,아이템,0.6666666666666666,0.5802430494260673,1.095341014309129,제네플 큐브 및 카르마 큐브 사용처 질문드립니다!,5년로아 접은 쌩뉴비 메이플 시작 질문,잠재에 맞는 별 갯수 좀 정해주십사 (얘는 몇 성급인가)
지른,1,3,0,3,2,0,0,0,0,1,아이템,0.6666666666666666,0.5802430494260673,1.095341014309129,제네시스 해방무기 옵션 질문 드립니다.,챌섭 다이아 찍었는데요 하트질문,챌린저 노릴 수 있을까요
찍으려고,1,3,0,3,2,0,0,0,0,1,아이템,0.6666666666666666,0.5802430494260673,1.095341014309129,챌섭에서 챌린저 찍은 뉴비인데,썜들 메린이 챌린저 찍을 수 있게 진로부탁드립니다..,18성 앱솔(크뎀 장갑) vs 흙케인
차이 심한가요,2,3,0,3,2,0,0,0,0,1,아이템,0.6666666666666666,0.5802430494260673,1.095341014309129,도시섭이랑 시골섭 차이 심함?,템 가격이 이상해요,메린이 질문)세트효과 차이
채우고있습니다,1,3,0,3,2,0,0,0,0,1,아이템,0.6666666666666666,0.5802430494260673,1.095341014309129,지금의 조건으로 어느정도 맞춰야할까요 진로상담 부탁드립니다,메린이 100억으로 뭘해야될까요?,이번유입 스펙업 순서좀 알려주실수있을까요
챌린저인데,1,3,0,3,2,0,0,0,0,1,아이템,0.6666666666666666,0.5802430494260673,1.095341014309129,챌섭 뉴비 하드메이린 잡고싶은데 스펙업 질문,소과금 메린이 스펙업 방향 조언 부탁드림다ㅜㅜ,뉴비 제네패스 질문
챌섭 끝나기전,2,3,0,3,2,0,0,0,0,1,아이템,0.6666666666666666,0.5802430494260673,1.095341014309129,챌섭 유입 스펙업 질문있습니다.,뉴비 아이템 셋팅 질문 두개만 부탁드립니다.,메이플 새 계정 판 메린이인데여 유니온 질문입니당
챌섭 렌을,2,3,0,3,2,0,0,0,0,1,아이템,0.6666666666666666,0.5802430494260673,1.095341014309129,헥환 5만에서 7~8만 목표로 하고 있는데 뭐부터 하면 좋을까요?,검밑솔 닼나 버리고 렌 키우려는데 템 이동 질문,메린이 엠블렘 질문
챌섭 메이플,2,3,0,3,2,0,0,0,0,1,아이템,0.6666666666666666,0.5802430494260673,1.095341014309129,챌섭 쌩뉴비 여러 가지 질문 드립니다 !,챌섭 뉴비 3석 vs 장비 뭐 먼저?,아이템 순서 맞추는 법좀 알려주세요..
챌섭 목표,2,3,0,3,2,0,0,0,0,1,아이템,0.6666666666666666,0.5802430494260673,1.095341014309129,똥블렘 언제까지 써야하나요? 투자를 좀 해서...,메고수 형님들 뉴비 스펙업 도움,플라즈마 하트 진지하게 고민중입니다 ㅠㅠ
챌섭 보마 키우고,3,3,0,3,2,0,0,0,0,1,아이템,0.6666666666666666,0.5802430494260673,1.095341014309129,"안녕하세요 메쌤, 메형님들 뉴비 질문 몇 가지만 해도 될까요?",챌섭 복귀 유저 질문,미라클 관련 질문 !
챌섭 있는,2,3,0,3,2,0,0,0,0,1,아이템,0.6666666666666666,0.5802430494260673,1.095341014309129,선생님들 사전 리프 질문있습니다,이번 챌섭복귀유저입니다. 드메템 관련 질문드립니다.,메이플 옥션 시스템 하나 궁금한게 있는데
챌섭 캐릭터,2,3,0,4,2,0,0,0,0,1,아이템,0.6666666666666666,0.5802430494260673,1.095341014309129,미트라 교체 타이밍 궁금합니다,이번 제네시스 패스 플러스로 고민이 있습니다.,궁성비 19개 캐릭 추천 부탁드립니다
챌섭 코인샵 있는,3,3,0,3,2,0,0,0,0,1,아이템,0.6666666666666666,0.5802430494260673,1.095341014309129,챌섭에서 리프할때 템,제네시스 해방은 했는데..,챌섭 코인샵 솔 에르다
챌섭입니다,1,3,0,3,2,0,0,0,0,1,아이템,0.6666666666666666,0.5802430494260673,1.095341014309129,환산주스탯 인게임 전투력이랑 전투력이 다른데.. 어디가 잘못된건가요?,유입 메린이 레전잠재 질문있습니다,템 둘 중에 뭐가 좋을까요
챌섭코인샵,1,3,0,3,2,0,0,0,0,1,아이템,0.6666666666666666,0.5802430494260673,1.095341014309129,공짜 큐브 사용처 및 템 순서 질문!,해방했으면 15퍼 여명장신구 프악작 해주면 되나요?,챌섭 코인샵블큐 리프되나요?
챌은,1,3,0,3,2,0,0,0,0,1,아이템,0.6666666666666666,0.5802430494260673,1.095341014309129,챌섭 하드메이린 최소컷만큼 템셋 질문이요,챌섭 오늘기준 어디까지 가능해요?,형들 레잠 어케써야 좋을까?
첨부합니다,1,3,0,3,2,0,0,0,0,1,아이템,0.6666666666666666,0.5802430494260673,1.095341014309129,미라클 대비 미트라 질문,노칼 딜배율 200% 목표 / 18에테 교체 순서 및 칠흑·엠블 문의,컨티4레벨 질문
쳐서,1,3,0,3,2,0,0,0,0,1,아이템,0.6666666666666666,0.5802430494260673,1.095341014309129,이번 모멘텀 패스 및 경험치 BM류 관련 질문입니다,보스 들어가기 전에 허수치는거 일필?,지금 메획 한줄짜리는 살만한 가격인가요
총합,1,3,0,3,2,0,0,0,0,1,아이템,0.6666666666666666,0.5802430494260673,1.095341014309129,에디에픽2줄 이거 가능한걸까요.. ?!?,드메템에서 수치 말씀하실 때,여명셋 지금 많이 올랐나요? 템셋팅 알려주십쇼 ㅠㅠㅠ
최신,1,3,0,4,2,0,0,0,0,1,아이템,0.6666666666666666,0.5802430494260673,1.095341014309129,뉴비 자석펫 질문이있습니다,뉴비 자석펫 질문,검은화면 증상 해결법 아시는분 계신가요
추천하,1,3,0,3,2,0,0,0,0,1,아이템,0.6666666666666666,0.5802430494260673,1.095341014309129,메린이 하드 메이린 템셋 질문있습니다,메린이 헥환6만까지 스펙업 계획 좀 봐주세요,메이플 뉴비 궁성비 질문
칠흑 22성,2,3,0,3,2,0,0,0,0,1,아이템,0.6666666666666666,0.5802430494260673,1.095341014309129,8-9만 세팅 가능할까요?,22성 쌍레 쓰기전 템셋 어디가 좋아요?,9만초반 데티까지 템진로 상담
카레잠 하나,2,3,0,3,2,0,0,0,0,1,아이템,0.6666666666666666,0.5802430494260673,1.095341014309129,메린이인데 70억으로 뭐해야 하나요??,챌뉴비 똥블렘 뽀록등업으로 인한 고민 도와주세요,카레잠 카에유잠 미트라 vs 팔기 뭐가 낳나요
카르마 화에큐,2,3,0,3,2,0,0,0,0,1,아이템,0.6666666666666666,0.5802430494260673,1.095341014309129,에디 레전 천장 관련 질문,이거 아랫잠 노려도 되나요?,뉴비 본캐 레테 보조와 템셋팅..
카오스 가엔슬,2,3,0,3,2,0,0,0,0,1,아이템,0.6666666666666666,0.5802430494260673,1.095341014309129,형님들 가엔슬 딜이 정말 안들어가는데 이유가 뭘까요?,템 진로 찐 최종 확인 제발 부탁드립니다,보스 물약 종류
캐릭터정보,1,3,0,3,2,0,0,0,0,1,아이템,0.6666666666666666,0.5802430494260673,1.095341014309129,챌섭 레테 레유잠 받았는데 이거 어디다 발라야할까요...?,4여명 가는게 맞을까요?,몬파 핸즈가 안 되는데
키웠고,1,3,0,3,2,0,0,0,0,1,아이템,0.6666666666666666,0.5802430494260673,1.095341014309129,자석펫 스카니아에 있으면 스카니아로 리프해야겠져?,메린이 해방하면 챌린저 달수 있나염?,챌섭 복귀 유저 질문
킵하고,1,3,0,3,2,0,0,0,0,1,아이템,0.6666666666666666,0.5802430494260673,1.095341014309129,어빌리티 질문,안녕하세요 쌩뉴비입니다 오늘 제네시스 해방했는데 한번만 봐주세요 ㅠㅠㅠㅠ,해방무기 옵션 질문입니다.
템으,1,3,0,3,2,0,0,0,0,1,아이템,0.6666666666666666,0.5802430494260673,1.095341014309129,메린이 템세팅 관련해서 질문 있습니다..!,보스 잡고 상자 부실때 드랍퍼 어떻게 맞추나요?,아이템 질문 하나만 드려도 될까요?
템을 어느정,2,3,0,3,2,0,0,0,0,1,아이템,0.6666666666666666,0.5802430494260673,1.095341014309129,유챔들 경험치 어떻게 주시나요?,안녕하세요. 챌섭 뉴비 질문드립니다. 과금관련,
파는,1,3,0,3,2,0,0,0,0,1,아이템,0.6666666666666666,0.5802430494260673,1.095341014309129,시그너스 기사단 코디 무슨 방법으로도 못구하나요??,챌섭) 남는 이벤링 유니크인데 이벤 레전주문서 바르나요?,펫장비 공격력 주문서랑 프리미엄 펫장비 공격력 주문서
파는게 나을까요,2,3,0,3,2,0,0,0,0,1,아이템,0.6666666666666666,0.5802430494260673,1.095341014309129,챌린저스서버 질문드립니다.,하드 스우에서 루컨마 떳는데,레전잠 한장 어따써야될까요?
패스 지른,2,3,0,3,2,0,0,0,0,1,아이템,0.6666666666666666,0.5802430494260673,1.095341014309129,제네시스 해방무기 옵션 질문 드립니다.,챌섭 다이아 찍었는데요 하트질문,챌린저 노릴 수 있을까요
풀리면,1,3,0,4,2,0,0,0,0,1,아이템,0.6666666666666666,0.5802430494260673,1.095341014309129,챌섭뉴비 블큐 화에큐 어디다 써야할까요,메이플 보호모드 해제 시간 및 보상수령 가능한지 궁금합니다.,미라클 관련 질문 !
플라즈마하트 17성,2,3,0,3,2,0,0,0,0,1,아이템,0.6666666666666666,0.5802430494260673,1.095341014309129,썜들 메린이 챌린저 찍을 수 있게 진로부탁드립니다..,플라즈마 하트가 터져버렸어요..,메린이질문있습니다
플탐,1,3,0,3,2,0,0,0,0,1,아이템,0.6666666666666666,0.5802430494260673,1.095341014309129,챌섭 스펙업 어떻게 할까요? 미트라? 보장?,헥환5만 다음 아이템 변경 어떻게 가면 좋을까요?,너무 궁금해서 질문
하드윌,1,3,0,3,2,0,0,0,0,1,아이템,0.6666666666666666,0.5802430494260673,1.095341014309129,환산 스탯 기준 100% 넘으면 잡을만 한건가요?,미트라 이정도면 비싼건가요?,
하루 30분,2,3,0,3,2,0,0,0,0,1,아이템,0.6666666666666666,0.5802430494260673,1.095341014309129,안녕하세요 이번에 처음 시작한 뉴비인데 리프할 서버 추천해주시면 감사합니다!,챌섭 하드메이린 최소컷만큼 템셋 질문이요,메린이 하드 메이린 템셋 질문있습니다
한게,1,3,0,3,2,0,0,0,0,1,아이템,0.6666666666666666,0.5802430494260673,1.095341014309129,"연마석 10개쓰고 리컨4렙인데, 다음 도전 몇개할지 냉철한 판단 좀여",이번에 바인드 패치로 배율 올라갔나요?,챌섭 뉴비 카레잠이랑 블큐 어디다 쓰는게 좋을까요?
한번더,1,3,0,4,2,0,0,0,0,1,아이템,0.6666666666666666,0.5802430494260673,1.095341014309129,점프 한번만 눌렀는데 두번 눌리는 버그,큐브 복구 가능할까요?,
해놨는데,1,3,0,3,2,0,0,0,0,1,아이템,0.6666666666666666,0.5802430494260673,1.095341014309129,메이플 그래픽설정 의견주시면 감사하겠습니다.,뉴비면 이노센트50퍼랑 순백10퍼 팔아도 되나요,메린이 엠블렘 질문
해버려서,1,3,0,3,2,0,0,0,0,1,아이템,0.6666666666666666,0.5802430494260673,1.095341014309129,제네 플러스 어떻게 하는게 좋을까요,아스트라 보조 전승 질문이 있습니다.,에픽던전 관련 질문입니다
해보니,1,3,0,3,2,0,0,0,0,1,아이템,0.6666666666666666,0.5802430494260673,1.095341014309129,챌섭에서 하버맥스 하나 더 주기도 하나요?,뉴비 챌섭 아이템 세팅 도와주세요,스펙업 순서 질문
현질 계획,2,3,0,3,2,0,0,0,0,1,아이템,0.6666666666666666,0.5802430494260673,1.095341014309129,챌섭 호영 템셋 질문,템셋 계획 알려줄 분!!! 2만 이니 드려요!!!!,챌린저 노릴 수 있을까요
현질해야하나요,1,3,0,3,2,0,0,0,0,1,아이템,0.6666666666666666,0.5802430494260673,1.095341014309129,메이플 처음하는데 도와주실분..,챌썹 랩 276 썬콜 메이플 처음하는 메린이 메이린 최소컷 질문 ㅠ,
확인하고,1,3,0,3,2,0,0,0,0,1,아이템,0.6666666666666666,0.5802430494260673,1.095341014309129,넥슨온 접속오류 질문,챌섭 보상인 리스트레인트링을 실수로 버려버렸습니다,
환산 5만,2,3,0,3,2,0,0,0,0,1,아이템,0.6666666666666666,0.5802430494260673,1.095341014309129,4여명 깨고 4흙칠흑 vs 4여명 유지 2흙칠흑,플라즈마 하트 본캐 vs 부캐 고민,플라즈마 하트 진지하게 고민중입니다 ㅠㅠ
효과 받고,2,3,0,3,2,0,0,0,0,1,아이템,0.6666666666666666,0.5802430494260673,1.095341014309129,저 거공 먹었는데 사용해도 되나요?,하드 메이린까지 스펙업 질문,무한야누스 하려면 야누스 몇렙돼야 하나요?
효율적이라고,1,3,0,3,2,0,0,0,0,1,아이템,0.6666666666666666,0.5802430494260673,1.095341014309129,레잠 1장 사용처,남는 블큐 사용처가 어떻게 될까요,어센트 스킬 질문드려욤
잔뜩,1,3,0,3,0,1,0,0,2,0,시세,0.6666666666666666,0.5783124435265753,1.0940028202731236,닉넴 냉면 살 수 있을까여.. ?,첫해방인데 질문있음,
150을,1,3,0,3,1,1,0,0,1,0,퀘스트,0.3333333333333333,0.5567794737670846,1.07907730299525,메린이 하드메이린 잡으려면 어떻게 세팅해야 할까요…,이번 챌린저스 뉴비 입니다. 훼방퀘 흔적 질문 드립니다.,메이플 슈퍼뉴비 어떻게 강화하는지 궁금합니다.
파풀라투스,1,3,0,3,1,1,0,0,1,0,퀘스트,0.3333333333333333,0.5567794737670846,1.07907730299525,이정도면 살만 한가요?,제네시스 해방 퀘스트 관련 질문입니다 [메린이],여명셋 지금 많이 올랐나요? 템셋팅 알려주십쇼 ㅠㅠㅠ
무엇인지,1,3,0,3,1,1,1,0,0,0,퀘스트,0.3333333333333333,0.5486358401342919,1.0734325663031665,안녕하세요. 뉴비입니다. 검마 해방에 관해서 질문 드립니다.,뉴비 환산주스탯 보스 배율,완전 첫 캐릭으로 키우는 메린이인데…첫 해방후 어떻게해야할지에 대해서
받나요,1,3,0,3,1,1,1,0,0,0,퀘스트,0.3333333333333333,0.5486358401342919,1.0734325663031665,제네플러스 보스 연모6인으로 패도되나여?,몬파랑 일퀘 추가경험치 질문,뉴비 자석펫 질문이있습니다
올라가나요,1,3,0,3,0,1,0,0,1,1,퀘스트,0.3333333333333333,0.5419047699107097,1.0687669439555394,마라벨 신발은 단종되면,"검마2인 스펙, 챌2 구하는 법 알려주실분",해외 사는분들 저같은 경우 있을까요? ㅠ
많던데,1,3,0,3,1,0,1,1,0,0,몬스터,0.3333333333333333,0.536304250100777,1.0648849594396146,검마 배율 181%인데 이거 잡히는거 맞나요..?,메린이 렌 신규스킬 질문좀용,데아시두스 vs 에스텔라
썬콜 처음,2,3,0,3,1,0,1,1,0,0,몬스터,0.3333333333333333,0.536304250100777,1.0648849594396146,검마 3페 질문,뉴비 레잠 질문드려요!,플래닛에서 처음 본메 넘어가는 뉴비 직업질문좀 드립니다!
어떻게든,1,3,0,3,1,0,1,1,0,0,몬스터,0.3333333333333333,0.536304250100777,1.0648849594396146,초저자본 메린이 첫 제네시스 잠재 질문,"노말 세렌 여명 잘 넘기는 법 있나요,...?",이번에 챌섭 시작해보려는 뉴비입니다.
영상들,1,3,0,3,1,0,1,1,0,0,몬스터,0.3333333333333333,0.536304250100777,1.0648849594396146,뭔가 잘못됏음은 알겟는데,보마 검마 3페 사선 피하는 법 질문입니다.,챌섭 메이린 제가 템셋 뭐 잘못한건가요? 아님 좀 빡센건가요?
잡을려면,1,3,0,3,1,0,1,1,0,0,몬스터,0.3333333333333333,0.536304250100777,1.0648849594396146,뉴비 검마까지 방향성 조언좀....,캐릭터 부캐릭을 본캐로 할 생각인뎁쇼,환산4만4천 하드세렌 23%남기고 타임아웃... 여유컷은???
최초,1,3,0,3,1,0,1,1,0,0,몬스터,0.3333333333333333,0.536304250100777,1.0648849594396146,메린이 질문!!,뉴비 하드세렌 질문드립니다,형님들 챌섭캐릭 삭제하고싶습니다
잡을수,1,3,0,3,0,1,1,0,0,1,퀘스트,0.3333333333333333,0.5341874327119547,1.063417693434792,챌섭 사냥터 질문,안녕하세요 뉴비 검마 질문드려요,제네패스 해방 날짜 메린이 질문드립니다!
돌리려고,1,3,0,3,1,0,0,1,1,0,시세,0.3333333333333333,0.5268070889748762,1.058302028981873,챌섭 메린이 제네 무기 윗잠 아랫잠 뭐 돌려야 하는지 알려주세요..!,레테 9만원 정도 현질해서 장신구 산다 치면,추옵이 나왔는데 잠재값 이상 받을 수 있는 추옵인가요?
생각해,1,3,0,3,1,0,0,1,1,0,시세,0.3333333333333333,0.5268070889748762,1.058302028981873,아버 이후 템세팅 질문...,블래스터 매그팡도 안됨,메린이 도와주세ㅐ요
쓰던게,1,3,0,3,1,0,0,1,1,0,시세,0.3333333333333333,0.5268070889748762,1.058302028981873,루나 크리스탈 키 평소 시세가 10억 쯤 될까요?,오리진 패치이후 무조건 선오리진이 좋나요?,와헌 제네 무기 잠재
주변,1,3,0,4,1,0,0,1,1,0,시세,0.3333333333333333,0.5268070889748762,1.058302028981873,스킬 이펙트 문의,메린이 악세사리 주문작 질문 좀 드립니다.,몽벨 인트추옵 시세..?
참고하겠습니다,1,3,0,3,1,0,0,1,1,0,시세,0.3333333333333333,0.5268070889748762,1.058302028981873,대적자 코인 쓸 곳 질문드립니다.,복귀유저 직업추천좀 해주세용,법사 에테모자 에디3줄 시세 질문드립니다
다음 극딜,2,3,0,3,0,0,1,1,0,1,몬스터,0.3333333333333333,0.5171117613871103,1.051581739999808,보스 피통 조금남았을때 어떻게하는게 좋나요?,메이린 tab스킬 계속 들고 있을 수 있나요 ??,이지카링이 짜증나는 이유가 뭔가요??
도는데,1,3,0,3,0,0,1,1,0,1,몬스터,0.3333333333333333,0.5171117613871103,1.051581739999808,렌이냐 제논이냐 그것이 문제로다..,진짜 급해서 그러는데 흉성 2정수빌드 설명 좀,뉴비 질문 솔 야누스 스킬 3번 쓸수있다매
보스 치는,2,3,0,3,0,0,1,1,0,1,몬스터,0.3333333333333333,0.5171117613871103,1.051581739999808,뭔가 잘못됏음은 알겟는데,부캐 육성,뉴비 이거 오리진 버그인가요???
사이클,1,3,0,3,0,0,1,1,0,1,몬스터,0.3333333333333333,0.5171117613871103,1.051581739999808,울티마 40렙부터 경험치 올리기 빡센게 맞는거죠?,제로 온갖거 질문,뉴비 환산주스탯 보스 배율
안남았는데,1,3,0,3,0,0,1,1,0,1,몬스터,0.3333333333333333,0.5171117613871103,1.051581739999808,챌섭 3만점 찍는데 얼마나걸려요??,검마 가고 싶은데 될까요?,마네킹 오류
치는,1,3,0,3,0,0,1,1,0,1,몬스터,0.3333333333333333,0.5171117613871103,1.051581739999808,뭔가 잘못됏음은 알겟는데,부캐 육성,뉴비 이거 오리진 버그인가요???
피하기,1,3,0,3,0,0,1,1,0,1,몬스터,0.3333333333333333,0.5171117613871103,1.051581739999808,보마 카링1페 질문 있습니다,고스트파크 잡몹겁나아프내...,도와주세요 전투력 2100만까지 올렸는데도
이해하면,1,3,0,3,0,0,0,1,1,1,시세,0.3333333333333333,0.5075824330429978,1.0449765129254562,데티 해방컷 평균값,뉴비입니다 질문있습니다 (모르고 자게에 써서 다시 작성했습니다),환산주스탯 헥사 강화 궁금한점있어요
챌섭 새로,2,3,0,3,0,0,0,1,1,1,시세,0.3333333333333333,0.5075824330429978,1.0449765129254562,메잘알 형들 나로 질문이요ㅜㅜ,아직도 본캐를 못정한 유저 조언부탁드립니다,선배님들 헤어 추천 부탁드립니다..
말하고,1,3,0,3,1,0,1,0,1,0,몬스터,0.3333333333333333,0.4722649924937756,1.0204963285841695,안녕하세요 챌섭유입 뉴비입니다.,드메템 지금 사도 되나요??,뉴비 사고쳤는데 이럴때 어떻게해요 ? (보스 보상)
모릅니다,1,3,0,3,1,0,1,0,1,0,몬스터,0.3333333333333333,0.4722649924937756,1.0204963285841695,헥환 4.5 이후 템셋팅 질문.,아델 보조 윗잠 이렇게 떴는데 얼마정도 할까요,검마 쩔받을때 받는 사람 배율은 왜 필요하나요?
보라색,1,3,0,4,0,0,1,0,1,1,몬스터,0.3333333333333333,0.45731847082431265,1.0101361892298033,흉성 보스 웰케 공략이 이해가 안가네요ㅠㅠ,안녕하세요 이번에 시작한 메린이 입니다,챌린저스 섭 연금술 명장 찍기 팁좀 주심안될까여
뚫었고,1,3,0,3,0,1,1,1,0,0,퀘스트,0.3333333333333333,0.4508635397958461,1.0056619719867126,노칼 최소컷 배율 질문,울티마 3-1 뺑뺑이가 나을까요,5.5 배메 본캐 바꾸려고 합니다.
가능한건가요,1,3,0,3,0,1,1,0,1,0,퀘스트,0.3333333333333333,0.41699966735954497,0.982189324284649,엠작 질문,검마 데카,울티마 보급일지 메포써야하나요?
